1FL16	r4rk1/ppp2pp1/2bp2qp/4p2N/8/7P/PPP2PP1/R1BQ1RK1 b - - 0 16	g6g2	500	0y1314191b
1MdEd	4r1k1/ppR2ppp/8/1P1p4/P2b4/6B1/5PPP/4Q1K1 b - - 0 30	e8e1	500	0p13141b
6tqoP	5r1k/1p6/2p5/8/3p3P/2P1q3/PPB5/1K3RR1 w - - 0 39	f1f8	500	0p13141b1f
83YHW	r4rk1/p1p1qpp1/1p5p/2p1P3/2B2pQn/P2P4/1PP2P1P/R5RK w - - 1 20	g4g7	500	0y1314191b
8obMO	2k4r/pp3ppp/2p1bn2/4p3/BPPrP3/1Nb2P2/P5PP/1RBR3K b - - 6 18	d4d1	500	060t1314191b
9AEYW	rn1Rq1k1/1p3p1p/p4p1B/2p4b/1PB5/P4P2/2P3P1/6K1 w - - 2 28	d8e8	500	0t0y1314191b1f
A7PrR	4r2k/2p2rpp/3p2q1/8/QP2n3/5pPP/Pb3P2/2B2RK1 w - - 0 29	a4e8 f7f8 e8f8	500	0t0y1315191o
BhqD5	r3k2r/ppp2pb1/3p1q1p/3P2p1/2B2P2/6B1/PPPQ2PP/2KR3R b kq - 0 18	f6b2	500	1314191b1k
BvghY	3R4/5pkp/p3p1p1/Pp2q3/5b2/3B1Q2/5PP1/7K b - - 2 34	e5e1 d3f1 e1f1	500	0p13151o
CECOn	8/8/2Q4p/p3ppp1/P4nPk/5P1P/7K/5q2 w - - 1 45	c6h6 f4h5 h6h5	500	0p13151o
CH6Pa	k2r4/p4Rpp/8/qb1p4/8/5B2/P1Q3PP/4R2K b - - 0 29	a5e1	500	061314191b
CuXtO	1k1n1b1r/ppp2p1p/8/4r3/4pN2/P3B3/1P4PP/2KR3R w - - 0 19	d1d8	500	1314191b1k
DalOe	8/R4p1p/4b1k1/4P3/5P1K/2r5/5B1P/8 b - - 8 40	c3h3	500	0p1113141b1d
Ge8hs	3k4/ppb4p/4QN2/P3P2q/3P2n1/2P5/1P3PPP/R4RK1 b - - 0 24	h5h2	500	0y1314191b
JOzMy	r2q1rk1/ppp2ppp/2b1p3/8/3PQ1P1/2nB1P2/PPP4P/2KR3R w - - 0 16	e4h7	500	0y1314191b
JdCLP	5kr1/p1Q5/3p1b2/2pR1P2/Np2P3/1P6/P1P5/1K6 b - - 0 33	g8g1 d5d1 g1d1	500	0p13151o
K8NSh	6k1/1q4pp/3pp3/5p2/3P4/4P3/P2Q1PPP/6K1 b - - 0 26	b7b1 d2c1 b1c1	500	060p13151i1o
KJXwm	7k/1BP3pp/QP6/8/4r1pP/P5b1/5r2/1K2R3 b - - 0 38	e4e1	500	0p13141b
Lam9h	4k3/1b3p2/4pQ2/1n2P3/1R5P/2r3P1/5P2/6K1 b - - 0 39	c3c1 g1h2 c1h1	500	0p13151d1o
Lug3S	5k2/2N2pp1/7p/8/1pnP4/7P/r4PP1/4R1K1 w - - 0 33	e1e8	500	0p1113141b
MBBxP	4r2k/1p4p1/5r1p/4b3/1P4Q1/7P/6P1/2BB3K b - - 0 34	f6f1	500	0p13141b1f
N3SrZ	1k3b1r/ppp2pp1/6b1/7p/1n6/1P3B1P/PBPr1PPN/1R2R1K1 w - - 0 18	e1e8 d2d8 e8d8	500	1315191k1o
O31O0	r4rk1/p4pp1/b1p4p/8/1bq5/4RN2/P1P2PPP/RQ1N2K1 b - - 9 18	c4f1	500	1314191b
OuoUH	2r3k1/pb5p/1p3R2/8/3p2P1/8/PP5P/K1Q5 b - - 0 34	c8c1	500	060p13141b
R6pd3	4r3/p1rk1p1p/1pq2bpP/2P2bP1/1B1P4/P3Q3/1K1R4/4R3 w - - 0 35	e3e8	500	1314191b
RxeBV	1k1r1r2/1pR5/p3N2p/4B1pb/2P5/7P/1PP2PP1/2K5 b - - 2 29	d8d1	500	0p13141b1d
THs7q	rn3rk1/pp3p1p/2pbp3/3p2q1/6Q1/2BPP3/PPP1NP2/R3KB2 w Q - 6 15	g4g5	500	0t0y1314191b
TjFHq	r1b3k1/6pp/1p2p1q1/1p1pP3/P1pPp3/B1P1P3/2Q3PP/5RK1 w - - 0 23	f1f8	500	0p13141b
UlUIx	2kr3r/1pp1ppNQ/p4p1p/3q4/8/4B3/PPP2PPP/R2R2K1 b - - 2 17	d5d1 a1d1 d8d1	500	061315191o
WXHu0	r3r1k1/ppp2pp1/5q1p/3p1Pn1/6PR/P2PP2R/1P4P1/2KN3Q w - - 1 26	h4h6 g7h6 h3h6	500	01191n1o
XUY2L	5k2/1p3pRp/p1pb3r/3p4/3P1P1r/1BP1B3/PP3P1P/6RK b - - 0 27	h4h2	500	0y1314191b
YiRUZ	6k1/5ppp/R3b3/1P2P3/8/1p3P2/2p2KPP/2r5 w - - 0 29	a6a8 e6c8 a8c8	500	060p13151o
aF2uK	R7/5r2/8/7p/8/4K3/8/4kq2 w - - 0 55	a8a1	500	0p13141b1j
auO4t	2kr3r/pp2bpp1/n3p3/q1p1P3/3PQ2p/1PP1BB1R/P3K1P1/R7 w - - 2 22	e4b7	500	1314191b1k
dyGKX	8/ppRB2p1/8/8/6PP/1k4r1/8/K7 b - - 4 47	g3g1 c7c1 g1c1	500	0p13151o
gCZ5R	8/1P1k4/3P4/3r4/R4Bp1/6Pp/5P1P/6K1 b - - 0 50	d5d1	500	0p13141b
hvITl	r1bqr1k1/ppp2pp1/4pn1B/4b3/6Q1/3B2NP/PP3PP1/R4RK1 w - - 2 21	g4g7	500	0y1314191b
i9iGI	r4rk1/p1p2ppp/1p6/2b1p3/4P2q/1PNP1QNP/1PP5/R4R1K b - - 0 18	h4h3	500	0y1314191b
iLoP8	2r2rk1/p2b1pp1/7p/4P3/8/3P4/PP3RPP/RNB4K b - - 0 22	c8c1 f2f1 c1f1	500	060t1315191o
jSqbi	rn3rk1/p1pp2pp/1p1bpn2/5p1q/2PP4/2NBPP2/PP2QP1P/R1B3RK b - - 6 12	h5h2	500	0y13141b1c
kVsUl	4r1k1/1Qp2pp1/7p/4q3/8/1PN5/1P3PPP/3R2K1 b - - 0 23	e5e1 d1e1 e8e1	500	060p13151n1o
l6lXe	5rk1/pp1b2pp/4p3/4B3/3Pp3/2P5/P1P3PP/5R1K b - - 1 23	f8f1	500	060p0t13141b
lKf81	8/Q6p/8/6pk/1P4b1/8/4p1PK/2q5 w - - 0 70	a7h7	500	0p13141b
lQ7TS	2kr2n1/ppp2p2/5q2/n3p3/4P1r1/2PR2Pb/PP1Q3P/3R2KB w - - 0 26	d3d8 f6d8 d2d8	500	1315191k1o
lsEYW	2k4N/ppp3pp/5n2/1PB5/4p1b1/P2r4/R4PPP/1N2K2R b K - 0 16	d3d1	500	1314191b1d
lxNkr	2r2r1k/pp4pp/8/n2BP3/2pB4/P1P2Q2/3q2PP/5RK1 w - - 0 26	f3f8 c8f8 f1f8	500	061315191o
pYTEb	1nn1k3/4P2p/1pq2rp1/8/8/1B3p2/PPP2P1P/2KRR3 w - - 0 30	d1d8	500	1314191b1f
q9ICH	rn3rk1/ppp3p1/4N2b/3p3Q/3P4/8/PPP3PP/5R1K b - - 0 18	f8f1	500	060t1314191b
qG53V	r3kb1r/ppp2pp1/3q4/3p4/6B1/4P3/PPPB1PP1/R2Q1RK1 b kq - 0 13	d6h2	500	1314191b
vOYQc	Q7/ppk4p/5b2/2q1p3/3pR3/1B1P4/PP3PPP/RNB3K1 b - - 2 21	c5c1 b3d1 c1d1 e4e1 d1e1	500	0t0y10131619
wajVO	3r2k1/1qp2pp1/p4r1p/2P1Q1N1/2p5/8/5PPP/4RBK1 w - - 0 27	e5e8 d8e8 e1e8	500	1315191n1o
woomd	5rk1/5p2/4p1pB/4P3/2qPB2Q/5P2/5P1P/5R1K b - - 0 24	c4f1	500	0p0t13141b
yeLWP	2kr1b1r/1pp3pp/p7/Q1pPB3/4qp2/7P/PP1R4/2K4R w - - 0 24	a5c7	500	1314191b1k
yoL7Q	r1b2rk1/pp3pp1/2p1pq1p/8/3PQ3/P1PB4/2P3PP/R1B3K1 w - - 0 15	e4h7	500	1314191b
zuyRa	r4rk1/pB4pp/8/8/2pb2b1/P7/1PP3PP/RN3R1K b - - 0 20	f8f1	500	060t1314191b
0tGFO	r3rnk1/ppb2ppp/2pq1p2/8/3P2P1/2PBB3/PPQN1PP1/R4RK1 b - - 0 14	d6h2	501	1314191b
12ZaZ	7k/6p1/8/2Np1p2/3P3P/1prbPP2/1P1N2R1/K1R5 b - - 0 33	c3c1 d2b1 c1b1	501	0p13151d1o
2K7EP	3rkbnr/ppp3pp/8/5p2/4p3/2P1PbPP/PP3P2/RNB1KBR1 b Qk - 1 13	d8d1	501	1314191b1d
3WKaE	r4rk1/1bp1qpp1/p2bn2p/1p1pN3/1P1P4/P2QP3/1B1n1PPP/1BR2RK1 w - - 0 18	d3h7	501	1314191b
3d94R	2r3k1/p4p1p/4p1pB/4Pb2/8/2R3R1/P4PPK/3r1q2 w - - 0 30	c3c8 d1d8 c8d8	501	1315191f1o
3wWl6	2q2rk1/1Q3pbp/4p1p1/4P3/3P4/1R3N2/5PPP/2R3K1 b - - 0 28	c8c1 f3e1 c1e1	501	1315191o
52Hu6	8/kp1R1p2/8/3Rqp1p/2P5/pP6/P5PP/6K1 b - - 6 33	e5e1	501	0p1113141b1j
B3kSB	3q2k1/4bp1p/1p2p1p1/p1p1P3/2PrN3/R3B3/1P3PPP/1BR3K1 b - - 3 23	d4d1 c1d1 d8d1	501	061315191o
BidRr	5r1k/1b4pp/p5n1/1p3p2/3B4/1Q4P1/5P1P/RBr1R1K1 b - - 2 30	c1e1	501	0t1314191b1f
ELu6j	7k/7p/2p5/1qPp1n2/1p1PpP2/pP2P1r1/P6Q/B1K4R w - - 12 44	h2h7	501	0p0y1113141b
EVToA	6k1/2R2p1p/6p1/1p6/rPn5/p3P3/4K2P/B7 w - - 2 38	c7c8	501	0p13141b1f
I5Hoi	r2qk2r/p4pbp/2pp2p1/8/4P3/5Q2/PPP3PP/RN3RK1 w kq - 0 13	f3f7	501	041314191b
Imtvf	4rrk1/pp2b1pp/2p5/3qP1Nb/1Pn3p1/2P4P/P1Q2P2/RNB1R1K1 w - - 0 19	c2h7	501	0y1314191b
JZWfO	r7/4Qq1k/r1p4p/p2pBp2/P2P3P/2P1P1P1/5P2/5K2 w - - 0 37	e7f7	501	0p0t13141b
Ov8vR	r1b2rk1/pppp1ppp/3b1n2/4q3/3BP3/2PB4/PP3PPP/RN1Q1RK1 b - - 7 10	e5h2	501	0y13141b1c
P4SIY	r1bk1b1r/pppN2pp/3p4/6q1/3nQ3/8/PPP2KPP/RN2R3 w - - 0 16	e4e8	501	1314191b
QAtga	5r1k/2pq3p/1p1p1Rn1/r2Pp2N/2P1P3/4P3/6PP/5RK1 w - - 1 32	f6f8 g6f8 f1f8	501	0y1315191o
RChlD	6k1/p1q2rpp/2p2b2/2Bp4/3P4/2Pp3P/PP3PP1/R3R1K1 w - - 0 22	e1e8 f7f8 e8f8	501	0p0y13151d1o
VsPC6	4r2k/2b2Bpp/p4q2/8/1P1p4/P5P1/2P2P1P/4R1K1 w - - 0 32	e1e8	501	060p13141b
YHpx3	r4rk1/pp1qbppp/3p4/2pn4/4P3/1P4Q1/PBP2PPP/R4RK1 w - - 0 15	g3g7	501	0y1314191b
ZV01n	r1bq1rk1/5p1p/p4p2/1pp5/4Nb2/2Q5/PPP2PPP/1K1R1B1R b - - 3 15	d8d1	501	0t1314191b1k
cvwqS	r4rk1/5pp1/p2ppb1p/qpp5/4P3/P2P1Q2/1PP2PPP/R2NR1K1 b - - 0 17	a5e1	501	0t0y1314191b
f0C98	8/7k/7p/2pN1p1P/2P3n1/rP6/6R1/6K1 b - - 0 43	a3a1	501	0p1113141b
f7eLy	r3r1k1/pppn2pp/3N2n1/3P1p2/2PP1p1q/3B1Q1P/PP4P1/R1B2K1R b - - 0 14	e8e1	501	1314191b
hBOU0	7k/2R3pp/8/1p1B4/8/4b1P1/2K1b2P/5r2 w - - 4 35	c7c8 f1f8 c8f8	501	060p13151o
i9wmz	5rk1/r1pbqppp/4p3/p7/1p1PQ2P/3B4/PPP2PP1/2KR3R w - - 0 17	e4h7	501	0y1314191b
iHvHT	6k1/1R3ppp/1pp2n2/8/8/1PP4P/P5PK/2r5 w - - 2 30	b7b8 f6e8 b8e8	501	060p13151o
iJctZ	r1b1nrk1/p6p/1ppqp1p1/3pnp2/3P1P1Q/2NBP2R/PPP3PP/R5K1 w - - 0 15	h4h7	501	0y1314191b
j9cqU	8/8/8/p7/Pn6/1PkP4/8/1K3Q1r b - - 2 39	h1f1	501	0p0t1113141b
jBx9M	2kr3r/ppp2p1p/2n2N2/8/5b2/5P2/PPP2PPP/1K1R1B1R b - - 2 13	d8d1	501	060t1314191b
jPe5y	r5k1/1bq2p1p/5bpB/1pp2p2/6P1/1B1P4/1PP1Q1P1/4R1K1 w - - 0 24	e2e8 a8e8 e1e8	501	0y1315191f1n1o
n4M31	b1r3k1/4nppp/p7/4p3/8/4bP2/PP1RN1PP/3R3K w - - 8 22	d2d8 c8d8 d1d8	501	061315191o
nwrfu	rn1qkbnr/pp2p3/2p1Ppp1/3p3p/3P2QP/3P4/PP3PP1/RNB1K1NR w KQkq - 0 9	g4g6	501	1314191b
o8kJS	3r2k1/1p1q1pp1/pQ5p/4b3/8/P3B2P/1P3PP1/2R3K1 b - - 3 31	d7d1 c1d1 d8d1	501	0p13151f1n1o
oyDBV	4r1k1/2R2p2/5Kpp/2P5/1N6/5PP1/1n5P/8 b - - 10 47	e8e6	501	0p13141b
pRFfI	2r2rk1/pb2bpp1/5n1p/q1pp4/8/P2BP3/1PQ1NPPP/R1B1R1K1 b - - 7 18	a5e1	501	0t0y1314191b
pmRf0	r2q1rk1/pp1n1ppp/2n1p3/3p2N1/1P1P4/2PQ4/P2NbPPP/R4RK1 w - - 0 13	d3h7	501	0y1314191b
rcVDY	8/8/8/N5KP/6p1/7k/8/8 b - - 0 62	g4g3 g5f4 g3g2 h5h6 g2g1q	501	000g0p0z101h
tSQHs	1k1r2nr/ppp2pp1/1q6/3p2Q1/4PP2/2P3P1/PP3bB1/RNB2K2 w - - 0 18	g5d8	501	0t1314191b1k
tfnxr	3r2k1/p4pp1/bpr1p2p/8/4PQ2/8/2P2PPP/3R2K1 b - - 0 27	d8d1	501	060p13141b
ukcei	3r1r1k/p6p/Bp3p1n/7P/2P2R1Q/3q4/PP3PP1/K6R b - - 8 30	d3d1 h1d1 d8d1	501	061315191n1o
vWBJF	4r1k1/pp1Q2pp/2n2p2/1q6/8/5N1P/PP3PP1/3R2K1 w - - 1 25	d7e8	501	0p0t13141b
veb0b	k7/1Rp3n1/P1N1p1p1/4P3/P5r1/1KP5/8/7q w - - 0 48	b7b8	501	030p13141b
x5o2l	rn3r1k/p3b1pp/1pp2n2/4q3/6B1/1QN5/PP3PPP/R1B1R1K1 b - - 1 16	e5e1	501	0t0y13141b1c
yuAKS	r2qkbnr/1p2p3/p1n1Ppp1/3p4/8/3B3P/PP3PP1/RNB1K2R w KQkq - 0 14	d3g6	501	1314191b
1Gkol	r4rk1/ppqbnppp/3bp3/8/2pPQ3/2P2N1P/PPB2PP1/R1B2RK1 w - - 1 14	e4h7	502	0y1314191b
1Wahv	r2q1rk1/ppp2ppp/2np4/3n2b1/4Q3/2PB1N2/PP3PPP/R4RK1 w - - 0 14	e4h7	502	0y1314191b
39AOm	2k3r1/7p/p1prpP2/8/5P2/2P2R2/PP5P/R1B4K b - - 0 25	d6d1 f3f1 d1f1	502	0p13151o
8JCHS	5brk/pp3Q1p/2p2p2/8/3rN2R/2R2bB1/PP3P2/5K2 b - - 0 36	d4d1	502	111314191b1f
9pzuX	4r3/pp1k1ppp/3b1n2/2pp4/3P4/NBPn3P/PP3PP1/R1B2K2 b - - 2 18	e8e1	502	1314191b
AAS5Y	4r2k/ppp2Qpp/1bn5/6q1/3P4/1BP5/P4PPP/6K1 w - - 0 20	f7e8	502	060p13141b
B4S4m	3r2k1/p3pp1p/2p3p1/8/Q7/2P2P2/Pr4PP/RN2qR1K b - - 2 24	e1f1	502	0t0y1314191b
BEHLs	rn2r1k1/1b1p1p1p/p4qpB/1ppP4/8/2P2NP1/P1P2PBP/R3R1K1 w - - 0 16	e1e8	502	0t0y1314191b1f
CGVfM	8/ppp2pkp/1b2q3/5p2/3P2N1/1PPQ4/1P4PP/4R2K b - - 0 23	e6e1 d3f1 e1f1	502	0p0t13151o
CyEcP	1r2r2k/2pq1ppn/p3b2p/P3pN2/3bP1Q1/B1pP3P/2B2PP1/R3R1K1 w - - 9 23	g4g7	502	0y111314191b
D8LNd	rnQr3k/p4pp1/1p2p2q/8/8/3B2P1/PP3P1P/R4RK1 w - - 1 19	c8d8	502	0t1314191b
DvhiP	r2r2k1/1b3ppp/1p3n2/p2p1N2/1q4Q1/3BP2P/P4PP1/R4RK1 w - - 2 19	g4g7	502	0y1314191b
Ehzqe	2r2k2/b2p1pq1/p1b5/1p2pP1Q/8/8/PP3PPP/1B1R1RK1 b - - 2 25	g7g2	502	0y1314191b
GQQCC	3r2k1/5ppp/p4n2/1p3P2/2pR4/2P1P1K1/PP2q1P1/5R2 w - - 0 29	d4d8 f6e8 d8e8	502	060p0t13151o
J2otk	2r4k/4b1pp/p1qp4/6P1/Np3Q1P/1P1R4/P1P5/2K1R3 b - - 0 26	c6c2	502	1314191b1k
KfH9Q	1rr3k1/2R2ppp/p3p3/3p4/8/3nP3/PP1B1PPP/2R3K1 w - - 2 20	c7c8 b8c8 c1c8	502	060p13151o
MnVdN	r4rk1/1p1b1ppp/1q3b2/3N3P/p3p3/P7/1PPQBPP1/1K1R3R b - - 0 20	b6b2	502	1314191b1k
O4lIE	5r1k/6p1/p6p/1p2P1r1/4B3/2q4P/P5P1/R4R1K w - - 0 31	f1f8	502	0p13141b1f
PLUIq	r1rk1qQ1/pR5p/4pp2/3p2p1/6P1/6P1/5P1K/8 w - - 5 47	g8f8	502	0p0t13141b
PLzO2	r4r2/pb4kp/2qpp1p1/2p2P2/8/2N5/PPPQ1PPP/1R3RK1 b - - 0 18	c6g2	502	0y1314191b
QDpeo	rn3rk1/p1pp2pp/1p1bp3/4Npq1/1P1Pb3/P3P2P/2P1BPP1/R1BQ1RK1 b - - 0 11	g5g2	502	0y1314191b
SR4MA	8/4p3/7p/P4k2/2R5/1P1P1p2/2Pr1P1P/5K2 b - - 0 39	d2d1	502	0p13141b1m
WQxkO	r5k1/p1p2prp/3p4/2pP1p2/7q/4R3/PPP1QPP1/R5K1 w - - 0 20	e3e8 a8e8 e2e8	502	0p0y13151o
cwMpM	r1q2rk1/1b2bp1p/p1n1p1p1/1p1n4/1P6/P1Q1PN2/1B1NBPPP/2RR2K1 w - - 2 19	c3g7	502	1314191b
d7sv6	2b3r1/2p3rk/1p1p3p/3P1p2/2P1p3/P4qPP/3Q1P2/R1B3K1 w - - 4 34	d2h6	502	111314191b
glZ7X	1R6/2p2kpp/2b5/2Bp1P2/8/2r3P1/7P/6K1 w - - 0 38	b8f8	502	0p13141b1d
gpMds	2bqr1k1/1p3ppp/r7/2PpR3/1P1P4/6P1/1B3P1P/4R1K1 w - - 0 26	e5e8 d8e8 e1e8	502	060s1315191o
irn2C	r4rk1/ppp2ppp/2np1q2/4p3/2P1P1nN/1PNP2P1/1P1B1P1P/R2QK2R b KQ - 0 12	f6f2	502	041314191b
nyXYG	4R3/p4pk1/2p3p1/7p/1N1r4/1P6/P1P2PPP/6K1 b - - 0 24	d4d1 e8e1 d1e1	502	060p13151o
oHWtu	2r3k1/R3pp1p/1p1p2p1/3P4/2r5/8/5PPP/1QR3K1 b - - 0 27	c4c1 b1c1 c8c1	502	060p0s13151j1o
pBtgn	r2qk2r/1p3pp1/p1n3p1/2b1p3/3pn1P1/1B1P1Q1P/PPPB1P2/R3K2R w KQkq - 0 15	f3f7	502	041314191b
qTuKK	r1b3k1/5pbp/4p1p1/1p4N1/1B6/2P5/1P1R1PPP/6K1 b - - 0 20	a8a1 d2d1 a1d1	502	060p13151o
r2oNp	8/p5k1/2pp4/4p3/5rp1/1B6/PPP2rPP/3Q3K b - - 0 29	f2f1 d1f1 f4f1	502	060p0s13151o
rlsWn	4r1k1/1r4pb/2pBp3/p1P4P/3P4/Pp3R2/5R2/2K5 w - - 0 40	f3f8 e8f8 f2f8	502	0p13151d1o
rxK8d	5rk1/pp4pp/2p1p3/3p4/8/2P3R1/PP3rPP/4Q2K b - - 0 24	f2f1 e1f1 f8f1	502	060p0s13151j1o
sImkc	5k2/pp1q2p1/3rpn2/2p5/2B5/6QP/PPP3P1/1K2R3 b - - 11 33	d6d1 e1d1 d7d1	502	0p13151k1o
sOPpP	3k2nr/p1p2ppp/8/3Bp2b/3rP3/PN6/1P3P1P/R1B1K1R1 b Q - 2 15	d4d1	502	1314191b1d
tkrd6	r4rk1/1b2q3/p2pPp2/1p4p1/2p3P1/7Q/PPP1Bn2/2KR3R w - - 0 26	h3h8	502	1314191b
uTh2A	6k1/2r4p/8/R3p3/P2nPp2/8/6PP/2R4K b - - 0 47	c7c1	502	060p0t13141b
ve8ti	r5k1/p4ppp/2Q5/4r3/6bq/3P4/PPP3PP/R1B1R1K1 b - - 5 18	e5e1	502	0t0y1314191b
yziuQ	4r1k1/pp2rppp/8/8/2P5/N7/PP3RPP/2B1R2K b - - 0 29	e7e1 f2f1 e1f1	502	060p0s0t13151o
zEDqp	4r3/2k1q1pp/p1n5/1p1Q1p2/3P4/PB6/1P3PPP/3R2K1 b - - 0 24	e7e1 d1e1 e8e1	502	060p13151n1o
0bS3x	4r2k/pp4pp/2b3q1/4r3/1P1p1Q2/8/P1P1N1PP/R4R1K w - - 3 23	f4f8 e8f8 f1f8	503	061315191n1o
4MVjx	6k1/4rppp/5p2/3p4/2bP4/R3P1P1/3K1P1P/7r w - - 0 30	a3a8 e7e8 a8e8	503	060p13151o
5YJPq	6k1/5ppp/8/1r6/1p1P4/1p1R4/1Pr2PPP/R5K1 w - - 4 28	a1a8 b5b8 a8b8 c2c8 b8c8	503	060p1013161m
7iUK0	r1b1kbr1/ppp1pp1p/2n3q1/4P3/7Q/4BN2/PP1N1PPP/R3R1K1 b q - 7 13	g6g2	503	0y111314191b
7wF7q	5qk1/5p1p/6b1/p3Q3/6P1/1P5P/5P2/K3R3 b - - 3 37	f8a3	503	0p1113141b
99qR0	7k/p5p1/1p1b3p/2p1n2q/P2pB3/1P1P3b/2P2Q1P/5R1K w - - 3 37	f2f8 d6f8 f1f8	503	0y1315191f1n1o
9B8aT	1r4k1/5p1p/4p1p1/8/p7/P1P5/3R1PPP/1R4K1 b - - 0 25	b8b1 d2d1 b1d1	503	060p0t1113151m1o
BORbd	r5k1/5ppp/1Pn2q1b/p1Pp4/3P4/5NP1/1P2Q2P/4R1K1 w - - 5 26	e2e8 a8e8 e1e8	503	061315191n1o
C07Xx	1q1r1rk1/3nnpp1/p1p1p2p/1p6/3P4/3QPN1P/PP3PP1/1BR2RK1 w - - 6 19	d3h7	503	1314191b
CtpU4	r3k2r/1p2bppp/p4n2/5p2/3q1B2/2N2P2/PPP1QP1K/4R3 w kq - 0 17	e2e7	503	1314191b
EDJzi	2k3rr/1ppnpp2/p5q1/4N3/P2PP2p/2P5/1P2QPPB/R4R1K b - - 0 25	g6g2	503	0y1314191b
Eeafd	r1q1k2r/1p2ppbp/p1N2np1/2p5/5P2/2NP2P1/PPP3bP/R1B1QRK1 w kq - 0 13	e1e7	503	1314191b
F2mx3	8/8/8/8/2R5/4bp1k/8/r3BK2 w - - 10 64	c4h4	503	0p1113141b1d
FSGvV	5k2/1p2b1p1/p4n2/6q1/2B5/1PP5/P2R2P1/2K4R w - - 0 30	h1h8 f6g8 h8g8	503	0p13151d1o
HAlXK	8/1p3Q1B/p1b1p2k/4qp2/2P5/1P4P1/P4P1P/6K1 b - - 0 29	e5e1	503	0p1113141b
IL0k8	5rk1/2np2pp/6p1/4P3/3Np3/8/PPP1R1PP/1K6 b - - 1 30	f8f1 e2e1 f1e1	503	060p13151o
Q77yu	5r1k/p5p1/1p1q3p/2p4N/5PQ1/1P5P/1P4PK/8 w - - 3 42	g4g7	503	0p111213141b
R0jVw	r1bqk2r/1p1p4/p2Bp1np/3nP3/3P4/2P5/P1QKBP1P/R7 w kq - 0 19	c2g6	503	1314191b
S8AV5	3r2k1/5ppp/7q/1B2p3/4Pn1P/1bP1N3/1P1R1PP1/2K5 w - - 1 27	d2d8	503	060t1314191b
SrSea	6k1/p1B4p/5p2/2N5/2P3pK/1P1P1bP1/P5r1/R7 b - - 1 29	g2h2	503	0p13141b
T6yaG	r2q1rk1/5ppp/p2p4/1pp1b3/3n4/3Q3P/PPB2PP1/RN2R1K1 w - - 0 17	d3h7	503	0y1314191b
UboSa	r2r2k1/1Q3ppp/4pR2/p7/P7/2P5/6PP/3R3K b - - 0 25	d8d1 f6f1 d1f1	503	060p0t13151j1o
UdHlZ	2k5/Qp4p1/2p3P1/3p2B1/1qnP2P1/1P5P/P1P5/2K1R3 b - - 0 28	b4e1	503	0p13141b
VmVQV	1rb1k2r/q4pbp/p1p1p1p1/Q1ppPnB1/N7/3P1N2/PPP2PPP/R4RK1 w k - 11 14	a5d8	503	1314191b
W468o	r5rk/pR4pp/4Qp2/2p1B3/8/2q5/P1P2PPP/4R1K1 b - - 0 27	c3e1	503	0t1314191b
XWjoM	2r3k1/5ppp/pq2p3/1p6/1P1Pn3/P4P1P/2Q3P1/2B4K w - - 0 30	c2c8 b6d8 c8d8	503	060p0t13151o
YAwga	r1b2rk1/ppq1bpp1/1n2p2p/2pnP1N1/3P4/P5P1/1PQN1PBP/R1BR2K1 w - - 1 16	c2h7	503	1314191b
Zlfqw	r4r1k/pp3ppp/2nbbN2/8/4Q3/5N2/PP2B1qP/2RK1R2 w - - 2 19	e4h7	503	0y1314191b
aomlj	2b4k/5p1p/3p1qr1/2p4Q/pp2P2R/1P1P3P/P1P3B1/7K w - - 0 38	h5h7	503	0p0y1113141b
d3yls	3r4/2nqkpQ1/8/P1p1P1N1/1p6/8/5PPP/R5K1 b - - 0 31	d7d1 a1d1 d8d1	503	060p13151n1o
dA2Pb	3r2k1/P1p2ppp/1nB5/1P6/1p1r4/8/5PPP/R2R2K1 b - - 0 30	d4d1 a1d1 d8d1	503	060p13151o
dDT4O	5k2/p4pb1/2N4p/4P3/8/5BP1/r1bp1P1P/1R4K1 w - - 4 30	b1b8	503	0p13141b
fA3Oc	5rk1/R4ppp/1R6/2nB4/P7/r7/5PPP/6K1 b - - 0 29	a3a1 b6b1 a1b1	503	060p13151o
fJ50F	r1b3k1/pp3pp1/7p/3n4/3n4/6B1/PPB2PPP/4R1K1 w - - 0 19	e1e8	503	1314191b1f
h9BEx	r4rk1/pb3ppp/5B2/3qp3/8/2QB4/PP3PPP/R4RK1 b - - 0 15	d5g2	503	0y1314191b
ihxbI	5q1k/4Q2r/6p1/3PP3/p1P5/1P5p/P5PP/6K1 w - - 0 38	e7f8	503	0p0t1113141b
j08U5	3rr1k1/1b3pbp/p5p1/1pN2q2/3p4/2P2P2/P3Q1PP/R1B1R1K1 w - - 0 22	e2e8 d8e8 e1e8	503	010y191o
kwej1	2kr4/ppp3pp/8/8/4p3/4BbR1/PPP2P1P/3R2K1 b - - 0 25	d8d1	503	0p13141b1f
o6gzP	r3r1k1/pp3pp1/2ppbB2/q7/2n1PP2/2PQ1N1P/2P5/2K1RBR1 b - - 0 20	a5a1	503	111314191b
p949O	8/1qp2ppk/7p/8/5P2/5KP1/P3Q2P/8 w - - 6 44	e2e4 b7e4 f3e4	503	0g0p1i1o
r4uFA	2b1rrk1/5p1p/pp4p1/3pq3/3N3Q/P1P3R1/1P3PPP/R5K1 b - - 1 24	e5e1 a1e1 e8e1	503	061315191n1o
s9icx	5rk1/p1p3p1/2QBP3/3p1q2/3Pp1p1/6P1/PP3P2/2R2KR1 b - - 0 26	f5f2	503	0p13141b
wpOzc	1k1r3r/p1p3p1/Bpb2nq1/8/1P1Q3p/B3pP1P/P1P3P1/3RR2K w - - 1 23	d4d8 h8d8 d1d8	503	1315191f1k1o
yI59i	4r3/1p4k1/5r2/p1qP2p1/P1P1p3/1PQp3R/5PK1/7R b - - 1 39	c5f2	503	0p13141b1s
zfdgs	6k1/r5pp/4r3/3R4/4n3/pPb3P1/K6P/5R2 w - - 0 38	d5d8 e6e8 d8e8	503	0p13151o
0Dg5M	3r4/1q2bk1p/p4p2/1p6/8/1P1R1P2/1PP3PP/3Q2K1 w - - 1 27	d3d8 e7d8 d1d8	504	010p1o
34SAU	4r1k1/3qn3/1p1r2pp/2p1R1P1/p1P1Q2P/7N/PP6/1K2R3 b - - 0 36	d6d1 e1d1 d7d1	504	111315191k1o
3Bpx5	2r3k1/p4p1p/1p2p1p1/2q1P3/4N1PP/8/PP5R/K2Q4 b - - 0 25	c5c1 d1c1 c8c1	504	060p13151o
3zKuZ	r2qk1nQ/ppp4p/4p3/8/8/8/PPb2PPP/R1B1KB1R b KQq - 0 12	d8d1	504	1314191b
7I0sy	1k6/p5pp/Bp6/3rpp2/1P2b3/P3b2P/5PP1/2R3K1 w - - 0 26	c1c8	504	0p13141b1d
7imUY	6rk/p4pRp/1p2p3/2pr4/5P2/P2P3q/1PP2PR1/5K2 w - - 1 30	g7g8	504	0p13141b1j
83dSl	4rk2/5B2/p4bp1/1p1P4/2P5/1P3Q2/P5PP/7K b - - 0 34	e8e1 f3f1 e1f1	504	060p13151o
8S1JM	r3r1k1/p2N2p1/bp1n1p1p/2pP4/8/P7/1B3PPP/R2BR1K1 b - - 1 21	e8e1	504	060t1314191b
9CwAR	8/8/R7/5pp1/6pk/5r2/6K1/8 w - - 0 70	a6h6	504	0p13141b1m
9FAeN	r2qk2r/1pp2ppp/p2p4/2bBp3/P2nP3/5Q1P/1PPP1PP1/R1B2RK1 w kq - 1 11	f3f7	504	041314191b
BXVSd	8/pR2pkb1/1p4p1/1N1pq2p/PP4r1/1Q6/5PPP/4B2K b - - 2 28	e5e1	504	0t0y1314191b
CSzWS	6k1/p4ppp/2p5/5p2/3p1q2/2NP3P/PPP2PP1/4RK2 w - - 0 23	e1e8	504	060p13141b
D9bw4	r1b2rk1/pp3p1p/3q2p1/2pP4/PnPNP1n1/2N5/1P2B1PP/R1BQ1RK1 b - - 0 13	d6h2	504	0y1314191b
DLyBj	1Q1q2k1/p4ppp/8/2p5/2P5/3pP3/5KPP/1r6 w - - 0 34	b8d8	504	060p0t13141b
Dvgc2	6k1/p4pnp/3R4/1P3p2/R3p3/8/1r3PPP/6K1 b - - 0 34	b2b1 d6d1 b1d1	504	060p13151o
Exl9A	8/p1Q5/k1q5/3p3p/1P1P4/8/P3r3/K7 w - - 0 43	c7c6	504	0p0t1113141b
Lf4zR	2k4r/ppp3Bp/2p5/5bb1/5P2/2N5/PPp3PP/2K2B1R b - - 0 15	g5f4	504	1314191b
QpP7Z	r1b2rk1/1p3p2/p4Pp1/2p1p3/P7/3q2Q1/BP4PP/1RB2R1K b - - 0 23	d3f1	504	0t0y1314191b
U2tlQ	3r2k1/R3bppp/4p3/1P1q4/8/4BQ2/5PPP/6K1 b - - 0 27	d5d1 f3d1 d8d1	504	060p13151o
W4034	8/q7/2p5/2p1pP2/2P1P3/5P2/1P3kPQ/7K b - - 0 45	a7a1 h2g1 a1g1	504	0p13151i1o
WNtvH	2k5/1p5R/p2K4/1pnP4/4p3/4P3/3r4/8 w - - 6 48	h7h8	504	0p13141b
ZhJRi	R6N/2p4k/1b6/1q1p1b2/8/2Q1P3/5PPP/6K1 b - - 4 30	b5b1 c3c1 b1c1	504	060p13151o
ZuycI	4r1k1/p1Q2ppp/8/8/2pP2b1/6B1/P3rPPP/3R2K1 b - - 0 21	e2e1 d1e1 e8e1	504	060p13151o
aPEIq	3q1rk1/3nbppp/1p1p4/1P3b2/3Qn3/5N2/4BPPP/BN3RK1 w - - 0 16	d4g7	504	0y1314191b
bqEBn	1k4r1/pppr2q1/5p2/5Q2/2NP3p/4PP2/PP4P1/4RR1K b - - 0 27	g7g2	504	0y111314191b
c3krl	4r2k/1bp2Q1p/3p2p1/p7/2N5/1P6/P5RP/7K b - - 0 29	e8e1 f7f1 e1f1	504	0p13151g1o
cHQI0	r2q1rk1/4bppp/bp2p3/p1pnP1N1/P2P4/2P3P1/2Q2PBP/R1B2RK1 w - - 3 17	c2h7	504	0y1314191b
cSELM	rq2r1k1/6pp/8/p2P4/1bPQ1p2/1P3R1P/PB5K/1b6 w - - 0 30	d4g7	504	1314191b
dGNDT	r6k/1p2Q1p1/3p3p/pPpP4/P3P3/3q4/6PP/5R1K b - - 3 28	d3f1	504	0p0t13141b
dIHP2	4R3/1p3r1k/pbp3p1/7p/8/1P5P/PBP3K1/8 w - - 10 36	e8h8	504	0p13141b1d
f82AT	r3r1k1/ppp2ppp/2nb1n2/8/2P5/BN3Q1P/PP3PP1/RN2R1K1 b - - 0 18	e8e1	504	0y1314191b
gndf9	6k1/r4ppp/p3p3/n1P5/3r1P2/P4B2/7P/1R3R1K w - - 0 27	b1b8 d4d8 b8d8	504	060p13151o
hGLxI	8/p7/2PB1k2/1P3p1p/3p1K1P/3P2P1/P1r5/8 b - - 4 43	c2f2	504	0p13141b
iPmZ5	r1b2rk1/ppp3pp/2n5/3p3Q/1q1Pp2N/8/PPP2PPP/R1B1R1K1 b - - 5 14	b4e1	504	0t0y1314191b
jPjRp	R7/P5kp/6p1/8/1r3P2/4p3/6PP/6K1 b - - 0 39	b4b1	504	0p1113141b1m
l7UiH	7k/pp3QNp/2p3pq/5p2/3P4/2P2P1P/P7/6RK b - - 0 34	h6h3	504	0p13141b
ormdU	3r1k2/1p3pp1/8/2n2Q2/2N1p3/PpP5/5PPP/6K1 b - - 0 30	d8d1	504	060p13141b
u1TM6	1qN2k1r/1b3pp1/1n6/4p3/1b2P2P/PN3P2/1PP5/2KR3R w - - 0 22	d1d8	504	1314191b
v9Cl7	3r4/p3kppp/2p1p3/2n1P3/2N2P2/1P6/P4RPP/7K b - - 3 26	d8d1 f2f1 d1f1	504	060p13151o
vRTXo	r1b3k1/pp4pp/7r/1Q2p3/1PP5/3PpNqP/P3B1P1/5R1K w - - 7 28	b5e8	504	1314191b
wnVWG	5rk1/p7/1p2pqp1/3p4/PP1Pp1Q1/4b3/1B1N2PP/5R1K b - - 1 25	f6f1 d2f1 f8f1	504	061315191o
xEyUJ	r2q1rk1/p2n1ppp/2p1p3/6b1/1p1PQ3/3B4/PPP2PPP/1K1RR3 w - - 0 16	e4h7	504	0y1314191b
ymgFQ	6k1/1r3p2/1PR3p1/3pB2n/4p2P/3rP3/8/1K6 w - - 7 53	c6c8 g8h7 c8h8	504	0p13151d1o
zq8ND	2r2r2/1b1p1ppk/p6p/1p3P2/3bPR2/P2P2RQ/BP4PP/7K b - - 0 25	c8c1 f4f1 c1f1	504	061315191o
0857U	r2qk2r/ppp2p2/3p3p/2b1p3/2B1P1n1/2NP1QBb/PPP2P2/R3R1K1 w kq - 2 15	f3f7	505	041314191b
0oRWD	rn2kb1r/p4ppp/2p5/1p2n1B1/2p1P3/P1N2P1P/1P3P2/3RKB1R w Kkq - 0 12	d1d8	505	1314191b1d
3750W	3r4/7p/Rpk2p2/1R2bn2/1PP5/8/5PP1/7K b - - 6 35	d8d1	505	0p13141b1f
8kfk6	6k1/1p4pp/8/3pQ3/8/P4P1P/r1r3PK/8 w - - 5 40	e5e8	505	0p13141b1j
9jlec	2r1rbk1/4nppp/3p4/q2Pp3/pp2Q1P1/2PBBP2/PP5P/2KR3R w - - 0 22	e4h7	505	0y1314191b
AoSYc	3Q4/R2b2kp/3P1pp1/4p3/6q1/8/PP3PPP/3R2K1 b - - 0 36	g4d1	505	060p0t13141b
DkqPS	3r2k1/3r1ppp/1pp5/7b/4P3/2N1Q2P/PPP3R1/2K5 b - - 0 25	d7d1 c3d1 d8d1	505	0p13151d1k1n1o
ECnTL	1k1r4/2p3pp/R7/8/5b2/1P5P/5PP1/3R2K1 b - - 2 35	d8d1	505	0p0t13141b1f
EVZnP	7k/p5pp/4n3/2n1P3/1R6/2p3P1/P1K3P1/8 w - - 1 41	b4b8 e6d8 b8d8	505	060p13151o
EoxIl	7r/pb2qrk1/1p4p1/3pN1p1/3p4/7Q/PPP3P1/2K4R w - - 0 25	h3h8	505	1314191b
Etzyx	r2q1k1r/1b2ppbp/n5p1/1Bp5/8/2n1PQ1P/PP1N2P1/R1B2RK1 w - - 0 16	f3f7	505	13141b1c
KqKCJ	r1bq1rk1/ppp2ppp/8/8/1n1PQ2P/3BP3/P4PP1/R3K1NR w KQ - 3 14	e4h7	505	0y1314191b
LaCCV	8/5pk1/1R1b2p1/6P1/P2P4/8/4rPP1/6K1 b - - 0 33	e2e1	505	0p1113141b1f
RDSJK	2kr3r/pp1qb1Rp/2n5/7Q/8/N1P5/P4PPP/R1B3K1 b - - 0 21	d7d1 h5d1 d8d1	505	061315191o
SCOkT	5k2/5pp1/pb4p1/1B6/2P1R3/r5PK/8/8 w - - 0 37	e4e8	505	0p13141b1d
WDuVT	r4rk1/pppq1ppp/1n2p3/4n1N1/2PP4/P1PQ4/6PP/R1B2RK1 w - - 0 15	d3h7	505	0y1314191b
XjdJq	2b1r1k1/2q2pp1/p2p3p/3P4/1p6/8/1PB2PPP/1R2R1K1 w - - 0 25	e1e8	505	0p13141b1f
Y41OW	1br1r1k1/2q2ppp/p3pn2/8/2PP4/2NB1Q2/PP3PPP/2R2RK1 b - - 0 18	c7h2	505	0y1314191b
YE3fg	5k2/1b2rB2/p5Rp/1p2N3/2pn4/8/5KPP/8 w - - 4 37	g6g8	505	0p1113141b1d
YWdZr	1brq1rk1/pb3ppp/1p2p3/4N1N1/1n1P1P2/3Q2B1/PP4PP/R4RK1 w - - 5 18	d3h7	505	0y1314191b
Yelcb	1k2r3/pPp5/3p2R1/1Q6/8/2N4r/PPP5/1K2R3 b - - 0 33	e8e1 c3d1 e1d1	505	060p13151o
YrTGx	4r1k1/3r1p2/p5p1/PpBqb2p/1P2p2Q/4P2P/2R2PP1/2R3K1 b - - 1 33	d5d1 c1d1 d7d1	505	0y1315191f1n1o
c71SY	8/8/4p1k1/3p4/3P1P1Q/4P1p1/1r6/1qN1K1R1 b - - 2 41	b1c1	505	0p0t13141b
cPRO0	RR3rk1/6p1/3p2q1/B2Pp2p/3n1p2/7P/P4PP1/6K1 w - - 0 31	b8f8 g8h7 f8h8	505	0p13151o
dnO2w	3r1rk1/1p5p/4p1p1/6N1/p4n2/P7/QP3RPP/7K b - - 0 27	d8d1 f2f1 d1f1	505	0p13151o
eshIJ	r3k2r/1b1n1ppp/pp2P3/2p3q1/P1B5/2N5/1P3PPP/R2QR1K1 b kq - 0 14	g5g2	505	0y1314191b
fVVVp	3r3k/pp4pp/2Q5/4R3/2p4B/2P5/PP3PPP/6K1 b - - 0 25	d8d1 e5e1 d1e1	505	060p13151o
ggV4f	r4rk1/p1b1nppp/1pnqp3/2Pp4/1P1P4/P3BB1P/1N3PP1/R2Q1RK1 b - - 0 16	d6h2	505	1314191b
itxtY	6k1/1q3r1p/p3rppB/1p2p3/8/P1P4R/1P3PPP/3R2K1 w - - 0 31	d1d8 e6e8 d8e8 f7f8 e8f8	505	0p0y1013161d
kB5FR	r4rk1/p2R1pp1/1p5p/q1p1NP2/2P1nB2/1P6/PQ4PP/4R1K1 b - - 5 26	a5e1	505	0t0y1314191b
kTcaP	1r2r1k1/p3qpbp/6p1/5B2/1P1p4/P7/2Q2PPP/1RBR2K1 b - - 0 19	e7e1 d1e1 e8e1	505	061315191n1o
kiIuu	r1bq1rk1/1pp2ppp/2nbp3/8/p3Q3/1P1B1N2/PBPP1PPP/2KR3R w - - 2 13	e4h7	505	0y1314191b
l5HFD	rn2kb1r/1bp2ppp/p3pn2/1p1q4/3P4/3BP3/PPQ1NPPP/RNB2RK1 b kq - 5 9	d5g2	505	0y13141b1c
m3q3c	r3nb1k/1p4pp/p7/2p1p3/3P2P1/1P1Pq3/PBP3KP/R4R2 w - - 0 22	f1f8	505	061314191b
mirCf	3r4/1b3Qpk/3bp3/3qN3/3P4/6PP/1P4PK/2R2R2 b - - 4 33	d5g2	505	111314191b
oUtPP	r1b2r1k/1p5P/p1p1p3/3pn3/3n2R1/2NB4/PPP2P2/2K3R1 w - - 0 27	g4g8 f8g8 h7g8q	505	000y1315191h1o
qhkzn	rn1qkbnr/1pp2pp1/p3p2p/3pN3/3P4/3bPQ2/PPP2PPP/RNB1K2R w KQkq - 0 7	f3f7	505	0413141b1c
yEXoG	rn2k2r/ppp1ppb1/2q2n2/6Np/8/2N3Pb/PP1PPPB1/R1BQ1RK1 b kq - 0 9	c6g2	505	0y13141b1c
zA0RX	r4rk1/pp3ppp/1q1pbb2/2p5/1nP1Q3/1P1BPN2/P2B1PPP/2R1K2R w K - 9 15	e4h7	505	0y1314191b
zckK0	2kr3r/1qp2pb1/p1Np3p/3P4/2p1P1bP/4B3/PPPQ4/1K3R1R b - - 1 24	b7b2	505	1314191b1k
zmpw6	r4rk1/2pq1ppp/2bp4/1p6/p3PNnP/1PQP4/PBP5/1K1R3R w - - 0 17	c3g7	505	0y1314191b
4ATYJ	r4rk1/pb3pbp/1p4p1/2pq4/3N4/P2PB2P/1P2BPP1/1R1Q1RK1 b - - 0 15	d5g2	506	0y1314191b
4q0Je	6k1/1b4p1/1qp1N2p/1p6/1Pp1PP2/2Q4P/3r2PK/8 w - - 0 34	c3g7	506	0p13141b
51wpX	3k4/p3q3/4r1P1/2p5/1p1p4/7Q/PPP5/1K4R1 b - - 2 38	e6e1 g1e1 e7e1	506	060p13151o
5IYMu	6k1/5pp1/p3p2p/4P3/5nQ1/7P/PP1q2P1/K1R5 b - - 0 31	d2c1	506	0p13141b
6rTMz	6k1/1R4p1/6P1/5Pb1/8/r7/8/3K4 w - - 1 51	b7b8 g5d8 b8d8	506	0p13151o
6yKhS	7k/1p3pb1/3p3p/2pP2pP/2P2n2/1P2QP2/2BK4/q7 w - - 0 44	e3e8 g7f8 e8f8	506	0p13151o
9p1Uo	r1b2rk1/5pp1/2p2q1p/pp1pb3/1P6/2PQP3/P1BN1PPP/R3K2R w KQ - 0 16	d3h7	506	1314191b
C0sod	2r2rk1/1b1n1ppp/p1q2b2/1p2pN2/1P6/P1N1B3/B5PP/2RQ1R1K b - - 0 22	c6g2	506	0y1314191b
CgsRD	6k1/p2r1ppp/1p2p3/4B3/4n3/P5P1/5PKP/2R5 w - - 0 26	c1c8 d7d8 c8d8	506	0p13151o
IQ0tO	4r1k1/p1p2p1p/3p2p1/2p3B1/Q4Pn1/2P5/P1P3PP/4R2K b - - 0 28	e8e1	506	0p0y13141b
InUzL	1k5r/pp3Q1p/q1nRB1p1/8/5pP1/P7/1PP4P/5R1K b - - 0 28	a6f1	506	0t1314191b
JhGSi	2kN1b1r/pb1n1Rpp/1pq5/2p1P3/3P4/2PB4/PP4PP/R1BQ2K1 b - - 0 14	c6g2	506	0y1314191b
LM1Pf	8/p4ppk/1p1q3p/8/4b3/2Q3RP/PP2r1PK/8 w - - 2 35	c3g7	506	0p13141b
N4POC	r2q1b1r/pp1n1kpb/2p1pn1p/7P/2BP2P1/2N5/PPP1Q3/R1B1K2R w KQ - 0 14	e2e6	506	13141b1c
NS4FK	3r2k1/4Qppp/4p2b/4P3/p4P2/6P1/6KP/q4B2 w - - 0 37	e7d8	506	060p0t13141b
NZQTP	1nb1q2k/b2r3p/p4p2/1p1P1Np1/1P6/P1N3P1/6BP/4R2K w - - 0 36	e1e8	506	0y1314191b
ORLMt	8/1r4pp/3R1p2/kP2p3/2K1P3/8/6PP/8 w - - 3 38	d6a6	506	0p13141b1m
Phumo	r3k2r/1pp2pp1/pbnp3p/4p3/1PP1P1n1/P1NP3q/4BP1N/R1BQ2RK b kq - 7 18	h3h2	506	0y1314191b
QuTCi	5k1r/ppN1npp1/4p1p1/4n3/6P1/8/PPP2PK1/3R4 w - - 0 19	d1d8	506	060p13141b
RKVW4	2r5/6bk/1B2p3/1R1n4/P2PRp2/8/6PP/7K b - - 0 38	c8c1 e4e1 c1e1	506	060p13151o
SiKvE	8/rr3p1p/2p1kp2/4pN2/1b4P1/1R5P/1PP2P2/2KR4 b - - 1 26	a7a1	506	0p13141b1f
T6eDM	5Q2/pp4R1/1kp5/2r3P1/8/8/3p3r/3K2R1 b - - 0 37	c5c1	506	0p13141b1j
UJ8dA	1R3r1k/8/6Kp/8/3N4/6P1/1p1n3P/8 w - - 4 50	b8f8	506	0p0t13141b
ZCdWk	4kr2/5p2/2q1b3/8/1pp4Q/4b2P/PP4P1/3R3K w - - 0 36	h4d8	506	0p13141b
cmCdG	r1bq1rk1/5ppn/4p2P/3p4/p2Q1P1b/2N4P/PPP5/2KR1B1R w - - 0 17	d4g7	506	0y1314191b
evmm4	2r3k1/1p3ppp/p3p3/3bN3/3P2P1/r7/3K1P2/2R1R3 w - - 0 27	c1c8	506	0p0t13141b
gH4DX	2Q1r1k1/pp3ppp/1b6/8/8/1q4PB/6PP/5R1K w - - 2 34	c8e8	506	0p0t13141b
hGwa7	4r2k/6pp/5p2/p1BB4/2P5/5bP1/2q2P1P/1N2R1K1 w - - 0 28	e1e8	506	06111314191b
iRAKU	r1br2k1/5ppp/p7/4P3/5q2/3Q4/P4PPP/2R1R1K1 w - - 3 24	d3d8	506	060t1314191b
kR1wg	5k2/2r4p/R1p2K2/8/8/8/P7/1b6 w - - 8 43	a6a8 c7c8 a8c8	506	0p13151o
mRP8m	6k1/5p1p/8/p1Pn2p1/2B5/P5P1/7P/5K2 b - - 2 35	d5e3 f1e2 e3c4	506	0g0p0s1o
pNqxQ	r2qr1k1/pp3pb1/2pp1np1/3Pp3/2P1P1PR/2N4Q/PP3P2/2K4R w - - 2 19	h4h8 g7h8 h3h8	506	0y1315191n1o
q6zib	5rk1/1p4p1/p6p/5p2/8/P4Q2/1P3PPP/2q1R1K1 b - - 0 31	c1e1	506	0p13141b
rxm4f	1rb4k/2q4p/2p2p2/3pp3/8/Q3P2P/4BPP1/5RK1 w - - 1 23	a3f8	506	0p1113141b
tcktd	1br2rk1/1pq2ppp/p1n1pn2/2Np4/P2P4/1P1BPQ1P/1B3PP1/2R2RK1 b - - 0 16	c7h2	506	1314191b
viAEB	r3k2r/ppqnnpp1/2p1p1p1/8/2PP4/3B4/PP2NPPP/R2Q1RK1 b kq - 0 15	c7h2	506	0y1314191b
vyMfH	r4rk1/p1qpb1pp/1p2p3/5p2/2PQb1n1/1P2P1P1/PB2BP1P/R4RK1 w - - 0 15	d4g7	506	0y1314191b
wKFfu	3r2k1/1p4p1/7p/3rpQ2/2n1N3/2P5/5PPP/2R3K1 b - - 0 34	d5d1 c1d1 d8d1	506	060p13151o
x1Oks	4r3/p1p5/1p3k2/4rp1p/1PP5/4RKPP/P7/4R3 w - - 0 30	e3e5 e8e5 e1e5	506	010p1m1o
0rPox	4qk1r/1pQR1ppp/p1p5/8/8/8/PPP2PPP/1K6 b - - 0 24	e8e1 d7d1 e1d1	507	0p13151k1o
2mIIM	r3brk1/p4pp1/2p4p/2Np1N2/1P3bQ1/5P2/P4KP1/7q w - - 0 26	g4g7	507	0y111314191b
2zwXO	2k1r3/1pp5/p5Qp/5Np1/1Pb2b2/P1P4P/6P1/4R2K b - - 0 29	e8e1	507	0p13141b1f
4NhWz	2br2k1/5p1p/5qpP/8/8/4QP2/3r2P1/4R1K1 w - - 12 42	e3e8 d8e8 e1e8	507	0p13151n1o
5RVGR	6k1/4rppp/1b2p3/2p5/8/3P2P1/1P3P1P/R5K1 w - - 0 30	a1a8 b6d8 a8d8 e7e8 d8e8	507	060p101316
5aCUj	r2q1rk1/3n1p2/p2p3p/3P2p1/2P1Q3/6B1/P1B2PPP/b4RK1 w - - 0 22	e4h7	507	1314191b
5k74D	r2qk2r/pp1n1p1p/2p5/3pNp1Q/1b1Pn3/1PN1P3/PB3PPP/R3K2R w KQkq - 6 13	h5f7	507	041314191b
7OeqH	5rk1/pp5p/6p1/5q2/2R5/1P2Pn1Q/P4P2/5R1K b - - 0 28	f5h3	507	0p0t13141b
7sOZA	5q1k/pp5p/2n3B1/3p2bQ/8/2P5/P5PP/6K1 w - - 0 26	h5h7	507	0p1113141b
8WMQG	4R3/pkp2ppp/1pn2q2/2PQ1p2/5B2/3P4/P1P2PPP/R5K1 b - - 0 20	f6a1 f4c1 a1c1 e8e1 c1e1	507	0p0t0y101316
D35MA	r4rk1/pb3pbp/4pnp1/1ppq4/2P5/1P1P3N/1P3PPP/RNBQ1RK1 b - - 0 15	d5g2	507	0y1314191b
D9f5U	8/p1b2pkp/5qp1/3QP3/8/2P5/PP2R1PP/7K b - - 0 37	f6f1	507	0p1113141b
DF5lu	6k1/1pR2pp1/p6p/8/r3Bn2/7P/6P1/6K1 w - - 0 36	c7c8	507	0p13141b1f
F35pA	8/6k1/2p2ppp/2N5/1R1p1b1P/r2P4/2P1RP2/3K4 b - - 5 42	a3a1 b4b1 a1b1	507	0p13151f1o
G3dim	r5k1/3n2b1/pp1Rpqpp/8/6P1/5N2/PPP1QP2/1K5R b - - 0 24	f6b2	507	1314191b1k
GAaDw	2r1r1k1/1pq2ppp/1p1p2b1/pPn5/P1PQP3/5PP1/4N1BP/B1R3K1 w - - 1 25	d4g7	507	0y1314191b
Keed0	3r1rk1/5p2/pp2p2p/2p3p1/P1P1NnQN/5PR1/1Pn3PP/3R3K b - - 0 27	d8d1	507	1314191b
L3eeH	k4b1r/pp1r1pp1/1q2p1p1/3pP1B1/6P1/2R2Q1P/PPP2P2/1KR5 w - - 14 23	c3c8	507	061314191b
LJgjy	7k/2R4p/7P/p5P1/8/2pp4/2r5/3K4 w - - 0 40	c7c8	507	0p13141b1m
Lh4s8	r1b2k2/ppp2pp1/4p2p/3q4/P4Q2/2Pn4/2P3PP/R4RK1 w - - 0 17	f4f7	507	1314191b
NlC9E	2k5/pp3p2/2p1pppb/8/6P1/2Q2P2/PPP5/1K1R3r b - - 2 27	h1d1	507	060p0t13141b
No3Bc	8/1R3p1p/K1k1p3/4P1p1/2r2n2/1R6/P6P/8 b - - 0 32	c4a4	507	0p13141b
NsW48	k1r2R2/pp4p1/4P1p1/4B3/1q6/3K1N2/P4P2/8 w - - 3 28	f8c8	507	060p0t13141b
ORTRA	6k1/1p1qp2p/4NRp1/p1P5/1n6/4P3/2P3PP/2B3K1 w - - 0 26	f6f8	507	0p13141b
PpGd6	r6r/ppp2kp1/7p/1Q2p3/1b1n4/3P4/PPP1NqPP/R1BK1R2 b - - 0 16	f2f1	507	0t1314191b
PsdBj	8/8/7p/p2K2pP/P3Pk2/8/8/8 w - - 2 48	e4e5 g5g4 e5e6 g4g3 e6e7 g3g2 e7e8q	507	000g0p1e1h1l1w
QJWch	2r3k1/1p3ppp/pb3q2/2nr2B1/3N4/2P3P1/PP2RP1P/4R1K1 w - - 0 23	e2e8 c8e8 e1e8	507	061315191o
RPaPJ	r4rk1/pbppb1pp/1p2pnq1/4Pp2/2P2B2/3BP2P/PP1N1PP1/R2Q1RK1 b - - 0 12	g6g2	507	0y1314191b
RSAY3	7k/2q2r1p/p3QPp1/1p6/3p4/P5NP/1P4PK/8 w - - 0 32	e6e8 f7f8 e8f8	507	0p13151o
SK2SK	2r4k/p4pp1/1p3N1p/3p2n1/1P4Q1/P5P1/1q3P1P/5RK1 w - - 0 23	g4c8	507	0p0t13141b
T7eTq	r1b3rk/pq1nRp1p/1p3p2/2p2B2/3P1B2/2P1Q3/PP3PPP/R5K1 b - - 0 18	b7g2	507	0y1314191b
U96qE	r2q1rk1/ppp2ppp/2n1pn2/1B2P3/5Qb1/2P5/PP3PPP/RNB1K2R b KQ - 0 10	d8d1	507	13141b1c
UPm6G	2r1brk1/p1q3pp/1p2p2n/3pN3/3P2P1/P1PQP3/2B4P/1RR3K1 w - - 1 23	d3h7	507	0y1314191b
WTDNr	6k1/1p4pp/p2r1pq1/3r4/8/N5B1/PQ3PPP/R5K1 b - - 0 29	d5d1 a1d1 d6d1	507	061315191o
YLOtj	8/5pPP/5P1K/5k2/3r3B/8/8/8 b - - 2 64	d4h4	507	0p0t1113141b
bkFHx	6k1/5ppp/2p1p3/2n5/3r3P/5BP1/5P2/1R4K1 w - - 0 31	b1b8 d4d8 b8d8	507	060p1113151o
dudps	r2q1rk1/bp3pp1/2p1Nn1p/p2p4/N4PQ1/1P1bP3/PB1P2PP/2R2RK1 w - - 3 17	g4g7	507	0y111314191b
fO9gn	r4rk1/pp4pp/2p1p3/3p4/5p2/2P1q3/PP4QP/3K1RR1 w - - 0 23	g2g7	507	0p0y13141b
gLsPo	6k1/2R3p1/5bPp/4p3/1p2P3/1P4qP/2P1K1B1/r4R2 w - - 0 38	c7c8 f6d8 c8d8	507	0p13151o
hrrS0	r4rk1/ppp2pp1/8/2p1pNqp/4Pn2/1B1P1P2/PPPQ1PRP/R6K b - - 0 19	g5g2	507	0y1314191b
iTIyl	rn2k2r/pb3ppp/2p1p3/qp1nN1B1/PbpP4/2N1PQ2/1P3PPP/2R1KB1R w Kkq - 8 11	f3f7	507	041314191b
jkzqn	r3kbnr/p4pp1/2n1p3/1B1pPbBp/1P1P3P/qpP2N2/P2K1PP1/R6R w kq - 1 15	b5c6	507	0a0t1314191b
kjUIh	2rq1rk1/1p3pp1/p1npbb1p/8/8/2RQ1N1P/PP3PP1/1B2R1K1 w - - 2 19	d3h7	507	1314191b
lMPje	8/p7/1b1p4/3B3p/2P4P/3rk1PK/3r4/3Q3R b - - 14 79	d2d1 h1d1 d3d1	507	0g0p11121o
lPknR	k4q2/1p6/pP1Q4/P1p1p2p/6pP/2P1b1P1/6KN/8 w - - 0 41	d6f8	507	0p0t13141b
oJ5A7	6r1/p2R4/1b2pk1N/8/8/1P4r1/P6P/3R3K b - - 0 35	g3g1 d1g1 g8g1	507	0p13151d1o
oRTyw	4r2k/p1pb1Rpp/2p5/3p4/3P4/3q2PP/PP3QK1/R1Br4 w - - 1 26	f7f8 e8f8 f2f8	507	0y1315191o
oSn1j	3rk3/1p3p2/4qBrp/1b2P1p1/8/5P2/PP4PP/2KR3R w - - 0 24	d1d8	507	1314191b1d
pJNaN	r4rk1/1b3pp1/p2bpq1p/2p3N1/2P5/4P3/P1QN1PPP/2R2RK1 w - - 0 17	c2h7	507	1314191b
pwJQq	1r3r1k/6pp/2p1p3/p1pnP1q1/4p3/PP1P1Q1P/2P3P1/R4RK1 w - - 0 20	f3f8 b8f8 f1f8	507	061315191o
t5VTG	r3r1k1/pp1n2pp/1b6/3P1q2/1BP1p3/P7/1P2BPPP/2RQ1K1R b - - 4 18	f5f2	507	1314191b
uARfz	2r3k1/p4pp1/1p5p/2np2q1/8/2PB4/PP2QPPP/4R1K1 w - - 2 25	e2e8 c8e8 e1e8	507	0p0y13151f1n1o
ulv09	5k2/7P/5K2/2p1p3/2P1r3/8/8/8 w - - 0 52	h7h8q	507	000p1113141b1h
yd7AE	3k4/7R/5p2/5N2/8/3P1bP1/3r1P1P/5K2 b - - 0 42	d2d1	507	0p13141b1f
z1hQU	4r1k1/1p3ppp/p2bq3/8/8/P1N4P/1PQ2PP1/3R2K1 b - - 2 21	e6e1 d1e1 e8e1	507	0p13151f1n1o
zH2jM	rn1q2k1/5p1p/p3p1pB/4b3/P7/8/6PP/3Q1RK1 w - - 0 24	d1d8	507	0t1314191b
0tcBo	5rk1/pp3rp1/2p5/4P3/4p1Q1/4b3/PPP3PP/R4R1K b - - 1 23	f7f1 a1f1 f8f1	508	060p13151o
2Hybq	rnb1kb1r/pp1p1ppp/3Pp3/3n4/2Q5/5PB1/PqP1P1PP/RN2KBNR w KQkq - 0 10	c4c8	508	0t13141b1c
3THwu	1k2q3/ppp4Q/8/2b2N2/6P1/P7/1PP5/2K5 b - - 0 33	e8e1	508	0p13141b
3UPHO	b7/p3k2p/5npR/2p5/1p2rN2/6Q1/PPPN1PP1/2K5 b - - 0 27	e4e1	508	061314191b
3UZO4	3rnrk1/1bp2pp1/1p2p2p/p1n1P1q1/2PN4/1PB5/P1B1QPPP/3RR1K1 b - - 0 18	g5g2	508	0y1314191b
4EUxq	8/8/8/p7/P7/6k1/4p2p/5R1K b - - 0 52	e2f1q	508	000p13141b1h
77Z2y	2b2k1r/2q1n3/3n2r1/p2p2Pp/1ppP1P1P/2P1QPN1/PP2RK2/4R3 w - - 0 29	e3e7 c7e7 e2e7	508	01191o
83y0i	7k/5p1p/3p4/1R2bN2/6KP/P7/3r4/8 w - - 7 50	b5b8	508	0p13141b
8z2XK	r1r3k1/1p4pp/3R1p2/qNn5/P1b3Q1/R7/1B3PPP/6K1 b - - 3 34	a5e1	508	1314191b
8zpdl	k7/1p3p2/p7/PPQ5/2B1pp2/7P/5PPK/r2r4 b - - 0 37	d1h1	508	0p13141b
DlA1Q	r5k1/1p3ppp/8/1b6/1p6/Rn5P/5PP1/6K1 w - - 0 26	a3a8 b5e8 a8e8	508	060p0t13151o
FEyhE	r4rk1/pp1q1ppp/2p1b3/3n4/3PQP2/b2B1N2/1PP2BPP/2K1R2R w - - 0 16	e4h7	508	0y1314191b
FZkLP	8/4k3/5pK1/3p1P1P/3P4/8/2n5/8 w - - 1 45	h5h6 c2d4 h6h7	508	000g0p0z1o
IChbS	7k/5r2/4pN1p/8/8/1P4RP/1P4PK/4r3 w - - 0 35	g3g8	508	030p13141b
K3fRI	rn5r/2q2pk1/2p1p3/pb4N1/2pP2Q1/2P1P3/3B1P1P/R4R1K b - - 4 23	c7h2	508	0y1314191b
LTR3z	rnbqkb1r/pppnp2p/8/3p1PPp/8/8/PPPPBP1P/RNB1K1NR w KQkq - 0 7	e2h5	508	0a13141b1c
M4nsO	rnbq1k1r/pppp1npp/8/2bQ4/8/8/PPPP2PP/RNB2R1K w - - 0 10	d5f7	508	13141b1c
MP8EB	7k/5p1p/p2pr3/4pN2/2N1PbP1/3P1P1P/r7/1R5K w - - 8 39	b1b8 e6e8 b8e8	508	0p13151o
N7AJ6	4r1k1/5ppp/7q/1BP5/8/6B1/b4PPP/4R1K1 w - - 0 30	e1e8	508	060p13141b
O3z2P	Q7/pp1kpp1p/3p2p1/3P4/1q2n1b1/8/PP1B1PPP/1R2KB1R b K - 2 17	b4d2	508	1314191b
TIWs0	r4k2/ppp1b2r/2np4/3B4/4P2P/5NR1/PPP2PP1/2K5 w - - 0 22	g3g8	508	1314191b1d
TZzAW	6k1/8/R1p3Kp/3b4/3B2Pr/2P5/8/8 w - - 0 39	a6a8	508	0p13141b
UIO6g	6k1/rN2R1p1/8/6Np/p6P/Pnrb4/8/3K3R w - - 0 34	e7e8	508	111314191b
Uk4Bh	r3kb1r/pp4p1/2ppp3/4q2p/4P1n1/2N4P/PPPBQPP1/R4RK1 b kq - 0 13	e5h2	508	1314191b
WL5oN	q4rk1/1b2bppp/p2p2P1/1p1npP2/8/PN1PB2Q/7P/4RRK1 w - - 1 21	h3h7	508	0y111314191b
Ybyak	r7/pp5r/1np1p2k/3nP1q1/4Q1P1/3B4/PPP4P/R5K1 w - - 0 23	e4h7	508	1314191b
YrOAr	r4k1r/pq2npb1/6p1/2p4p/5B2/1Pp2P1P/PP1Q2P1/2KR3R w - - 0 20	d2d8 a8d8 d1d8	508	061315191n1o
Zf27G	r2q1rk1/1pp2pp1/pbn4p/3p4/2P1b3/PNQ4P/1B2BPP1/2R2RK1 w - - 0 21	c3g7	508	0y1314191b
ZljRb	r4rk1/1bpq1pp1/p6p/1pbnP3/2n5/3Q1N2/PPB2PPP/R1B1R1K1 w - - 0 18	d3h7	508	1314191b
agXrS	6k1/1pR2ppp/p7/N2b4/P2r4/1P5P/4rPP1/5RK1 w - - 1 26	c7c8 e2e8 c8e8	508	060p13151o
bKeNF	r5k1/p3pp1p/2p1bbpB/2P5/8/3R1N1P/PrP2PP1/3R2K1 w - - 6 18	d3d8 a8d8 d1d8	508	0y1315191f1o
by2S8	3r3k/3n1Bp1/5p1p/1K6/P3R3/8/8/8 w - - 1 56	e4e8 d8e8 f7e8	508	010p1o
dAcGu	5rk1/1b3p1p/p2pp3/1p4r1/4Pq2/3B1P1Q/P1P3P1/6KR w - - 0 30	h3h7	508	0y111314191b
deymJ	2R3nk/pp3ppp/3bp3/q2p2B1/7Q/P2P3P/1P2NPP1/6K1 b - - 0 22	a5e1	508	1314191b
fB3kc	r2q1r1k/1b1nb1p1/2p1pN2/1p1nP3/p2P3P/6P1/P1Q2PB1/R1B2RK1 w - - 1 18	c2h7	508	1314191b
fjvGM	r1bqk2r/p3npbp/4p1p1/2ppN3/8/3P1Q2/PPP2PPP/RNB2RK1 w kq - 2 10	f3f7	508	0413141b1c
gFvQz	4r1k1/p4pp1/4q2p/3p4/3Q4/3P2Pb/PPRB1R1P/6K1 b - - 0 25	e6e1 d2e1 e8e1 f2f1 e1f1	508	101316191d1n
hDYV5	r1b3k1/bpp2p1p/p5pB/P3r3/1nB5/7P/5PP1/RN1R2K1 w - - 0 22	d1d8 e5e8 d8e8	508	0y1315191f1o
iyLey	3k4/3P4/2K5/p7/8/8/8/8 b - - 0 45	a5a4 c6b5 a4a3 b5b4 a3a2	508	000g0p101e1l
kHF0h	8/8/2p2R2/1p1p4/3P3r/2P3k1/P3B3/5K2 b - - 1 42	h4h1	508	0p13141b
kQgEx	1nr2rk1/ppq2ppp/1b2p3/3pP3/3P4/1NPQ4/PPB3PP/R4R1K w - - 5 19	d3h7	508	0y1314191b
kTbEv	rnQ2r1k/pp5p/5P2/3p4/8/2p5/P5PP/6K1 w - - 2 29	c8f8	508	0p0t13141b
kfj4p	4r3/6Rp/1p6/2p2pP1/P1BP3P/6k1/1P6/7K b - - 0 38	e8e1 c4f1 e1f1	508	0p13151o
klqtP	2rq1b1r/1p2kb2/p4pp1/3Pp2p/B3P3/2N2Q2/PP4PP/R4RK1 w - - 2 26	f3f6	508	1314191b
ny6aT	8/3K4/2P5/4k3/3n3p/7P/8/8 w - - 0 50	c6c7 e5e4 c7c8q	508	000g0p0z1h1o
oLCSO	r1bq1rk1/pp3pbp/3p1p2/2pP3Q/2P2P2/2N1P3/PP4P1/R3K1NR w KQ - 0 14	h5h7	508	0y1314191b
otZzJ	5k2/1ppr1p2/3p4/p1n2N2/P3P1P1/2P2PK1/7R/8 w - - 1 40	h2h8	508	0p1113141b
p9s2U	7k/pp3rpp/2p5/8/3R2bN/P1r5/6K1/8 w - - 0 37	d4d8 f7f8 d8f8	508	060p13151o
pIAuQ	r4r1k/2p3p1/pp1p4/3P3q/3Q1p2/2P2P1P/P2B1P1K/6R1 w - - 0 29	d4g7	508	0p0y13141b
pk479	r1b4r/pp2kpp1/3bp2p/1BpPq3/P3P3/2N5/1P3PPP/R2Q1RK1 b - - 0 13	e5h2	508	0y1314191b
qTQjk	3k1r2/1q1p1pQp/N3p3/np2P3/8/P5PK/1P5P/8 w - - 0 32	g7f8	508	0p0t13141b
rZJ8R	3R4/5p1k/4b1p1/7p/p7/4K2P/rB6/8 w - - 0 55	d8h8	508	0p13141b1d
rmlcV	rn4k1/1N2q1p1/ppp1r2p/3p1Q2/3P4/1P6/P4PPP/R3R1K1 b - - 0 24	e6e1 a1e1 e7e1	508	0y1315191o
t5mlw	6k1/3p1ppp/4p3/q7/P2n4/3rP3/5PPP/RR4K1 w - - 0 22	b1b8 a5d8 b8d8	508	060p13151o
wu1Vm	r4rk1/pb1nbppp/1pq1p3/2p1P3/2PN2n1/3P2P1/PB1NQPBP/R4RK1 b - - 4 15	c6g2	508	0y1314191b
xvvXQ	1k2r2r/p1p3pp/1p2p3/5pP1/q2PbB2/1PP5/3Q1PP1/2KRRB2 b - - 0 24	a4a1	508	1314191b
zIYj1	6k1/1p3p1p/4b1p1/3pP3/3P1p1b/PPR1r3/1B4PP/2N2K2 b - - 3 36	e3e1	508	0p1113141b1d
zbuH8	r3k2r/ppq1bpp1/2p3n1/3N3p/P2P2n1/1P2PB1P/1B3PP1/2RQ1RK1 b kq - 0 15	c7h2	508	1314191b
0RU5y	r2qnrk1/1b2bppp/p7/3pP3/Ppp5/2PQ4/1PB2PPP/RNB1R1K1 w - - 0 16	d3h7	509	0y13141b1c
0rPDr	rn3rk1/1b2b1pp/pp2p3/3qNp2/1n1P4/P5N1/1P3PPP/RBBQR1K1 b - - 0 16	d5g2	509	0y13141b1c
2HadE	rr1n2k1/2p2ppp/2p5/p1Pp1q2/Q2P1P2/P1N4P/1P2RKP1/1R6 w - - 1 24	e2e8	509	061314191b
65F6B	5r2/2p2q1k/1p1pr1pp/p1n1p1b1/P1P1P1P1/BPQ3P1/6NP/3R1R1K b - - 0 32	f7f1 d1f1 f8f1	509	061315191o
6Athj	r5rk/1p4pp/p1q1b3/4Pp2/2Pp1PPb/BP1B3P/P3Q3/R4K1R b - - 2 22	c6h1	509	0t1314191b
6V6hE	2r2rk1/pb2qp1p/1p4p1/3pP2Q/1b2pB2/1B5R/PPP2PPP/R5K1 w - - 0 19	h5h7	509	0y1314191b
7bv02	8/8/6p1/8/PK5p/6k1/6P1/8 w - - 2 50	a4a5 g3g2 a5a6 g2g1 a6a7 h4h3 a7a8q	509	000g0p1e1h1l1w
7scbV	4qr1k/7p/3p1bp1/3PpP1Q/2p5/7R/1Pn3PP/2B3K1 w - - 0 27	h5h7	509	1314191b
AYSO2	r4rk1/1bq2pp1/2nbp2p/pp1p4/2pP1Pn1/2P1P1B1/PPQN2PP/RB3RK1 w - - 0 15	c2h7	509	1314191b
CqTdJ	1rb1kb1r/1pq2pp1/p3p3/2p4p/P1BNP1n1/2NP3P/1PP3P1/R1BQ1RK1 b k - 0 12	c7h2	509	111314191b
Dtg0m	4r2k/2p3pp/1p1q1p2/8/Q2P4/n6P/5BP1/6K1 w - - 8 33	a4e8 d6f8 e8f8	509	0p0t13151o
EFvZ8	r4rk1/pb3ppp/1p2p3/4N1q1/2PR4/4Q3/PP2BPPP/R5K1 b - - 4 20	g5g2	509	0y1314191b
EpLnw	5k2/2R5/1p3K2/8/1r6/p7/8/8 w - - 0 58	c7c8	509	0p13141b1m
Gq92s	5k2/R7/3p1r1p/6pP/6P1/p4r2/P1P5/1K5R b - - 1 34	f3f1 h1f1 f6f1	509	0p13151m1o
IUfnI	5KQ1/8/1r3k2/8/8/8/8/8 b - - 0 65	b6b8	509	0p13141b1j
JECNi	1rb1k2r/p1pp1ppp/1p1b2n1/4q3/1PP5/P1N1PB2/3B1PPP/R2Q1RK1 b k - 5 13	e5h2	509	0y13141b1c
JxifC	1k1r2r1/1pp4R/p7/4q3/2P5/1P1P1Q2/P4PPP/4R1K1 b - - 0 27	e5e1	509	0p0t13141b
Jy6wr	6R1/p4r1n/1p5k/2p2P1p/3pPK2/3P4/PPP4P/8 w - - 3 40	g8g6	509	0p0q1113141b
KOjRP	3r2k1/p4pp1/3r1pBp/2p5/1p5q/4R3/P1P3PP/4R2K w - - 0 26	e3e8 d8e8 e1e8	509	0p13151f1o
LMYml	r4rk1/ppqn1ppp/3b1p2/2p2Q2/2PP4/3BB2P/PP3PP1/R4RK1 w - - 2 15	f5h7	509	0y1314191b
LcyMS	2qk1r2/Q7/3p1p2/2p5/1p1b3B/3P3P/P1P5/4R2K b - - 0 36	c8h3	509	0p1113141b
N0s18	8/8/7R/p1r1knp1/2B2p2/1PK5/7P/8 w - - 5 42	h6e6	509	0p1113141b
NdoBE	r3k2r/1b1p1p1p/p1q1pPp1/1pp5/3N4/2NP4/PPP1QPPP/R4RK1 b kq - 0 15	c6g2	509	0y1314191b
PjX5x	8/5pbk/p3p2p/q3P1p1/2R5/1P4B1/P1R2PPP/6K1 b - - 4 29	a5e1	509	0p13141b
PxLbU	3r1k2/p1Q2pp1/4p2p/4P3/2P4P/6P1/1q3P2/5RK1 w - - 0 28	c7d8	509	0p13141b
Q3cs5	3r1k1r/4ppb1/1n3npp/pB2q3/Pp4PP/4BP1N/2P5/2KR3R w - - 0 23	d1d8 f6e8 d8e8	509	1315191d1o
QCeVz	r4rk1/pp1n1pp1/2p5/3pPq2/3P4/6Q1/PPPN3P/6RK w - - 0 19	g3g7	509	0y1314191b
RgG6O	r5k1/pbp2Nq1/1p2Q3/n3P3/3P1P2/2P4R/P5PP/5RK1 b - - 0 24	g7g2	509	0y1314191b
T9Bqj	rn2k2r/pp2ppbp/6p1/1q1n4/N4B2/7P/PPQ1NPP1/R4RK1 w kq - 0 18	c2c8	509	1314191b
UGKe5	1k5r/p7/p7/5Rp1/3PB3/1P2P1p1/P5Pr/R5K1 b - - 0 28	h2h1	509	0p13141b
UP0IP	R7/8/1p3K1k/2p5/4B3/p5r1/8/2b5 w - - 4 58	a8h8	509	0p1113141b
X4EeN	8/1p2k3/6p1/4N3/R5B1/p1P3PK/r1r4P/8 b - - 5 54	c2h2	509	0p13141b
YDf3A	6k1/1pr2pp1/4p2p/n2pN3/PQ1P4/4P3/5PPP/2R3K1 b - - 0 26	c7c1 b4e1 c1e1	509	060p0t13151o
Yb47E	8/p1r3k1/1p2R1pp/8/8/P4R2/6PP/7K b - - 0 34	c7c1 e6e1 c1e1 f3f1 e1f1	509	060p1013161m
Z7LYq	k3r3/pp6/8/2q4p/6p1/1Pp1R1P1/P1P2r1P/2B3K1 w - - 0 40	e3e8 c5c8 e8c8	509	060p0t13151o
c17NN	5rk1/1q1rbppp/p1n1p3/1p6/1P1P4/P1N1n2P/2Q2PP1/1BR2RK1 w - - 0 19	c2h7	509	0y1314191b
cIp4K	r1bq2kr/pp2pnbp/3pP1p1/8/5Q2/2N5/PP3PPP/R1B2RK1 w - - 0 16	f4f7	509	0y13141b1c
f6BXj	5r1k/6p1/6Pp/p1B5/1pp1q3/7P/PPP1P3/1K3R2 w - - 0 29	f1f8	509	0p13141b
hULCO	5r1k/6pp/4Bq2/2R5/3Pp3/4P3/1P1Q2PP/6K1 b - - 0 29	f6f1	509	0p1113141b
i6uIa	2r4r/pN1pkp2/np2p1p1/6q1/2Pb4/3B1QP1/PP3RP1/R5K1 w - - 2 19	f3f7	509	1314191b
ie62g	4r1k1/PQ1b1pp1/7p/1p6/8/2PP1PbP/6P1/4RK2 b - - 0 38	e8e1	509	0p13141b1d
j2XH6	rqb2rk1/1p3pp1/p2bp2p/3p4/2nP1Pn1/2N1P2P/PPQ3PB/1BR2RK1 w - - 0 19	c2h7	509	13141b1c
kIuhK	4R3/p5p1/1p2B2k/8/2b1Q3/2r5/P5PP/2q2RK1 b - - 2 32	c1f1	509	1314191b
mFvaI	8/8/8/5Kqk/8/8/7p/2Q5 w - - 0 51	c1g5	509	0p13141b1i
n3n43	r3k1r1/pp3p1p/4p3/2pp4/3Pb1Q1/4P3/PPP2P1P/R4RK1 b q - 0 17	g8g4	509	0p0y13141b1f
pIrMv	r1k3nr/ppp2ppp/2b5/4P1B1/4p3/2N5/PPP2PPP/2KR3R w - - 0 12	d1d8	509	1314191b1d
qif6W	3r2k1/5pp1/p2q3p/1p6/1P2p3/P4Q2/B1R2PPP/3R2K1 b - - 0 25	d6d1 f3d1 d8d1	509	060p0s13151o
qtkIN	r4rk1/pp2qpp1/2n4p/3p4/8/2PQPPnb/PPB1NR1P/R5K1 w - - 0 18	d3h7	509	1314191b
rnftd	2kr3r/pppbn2p/5p2/6q1/2Qn4/4N3/PP1K1P1P/2R4R w - - 0 19	c4c7	509	1314191b1k
v4hFX	4r3/pk6/1p6/5N2/8/P2P4/2P3p1/6K1 w - - 2 44	f5d6 b7c6 d6e8	509	0g0p0s111o
5fFYQ	6k1/rR3ppp/8/8/3b4/6P1/3r1PBP/5RK1 w - - 1 24	b7b8	510	060p13141b
69LPf	2k5/1pp5/p3N3/2b5/4n1r1/7p/PPP4P/1K1R4 w - - 0 31	d1d8	510	0p13141b
6IJft	Q7/3N1p2/p3p1pk/7p/2P1BPnn/P5q1/4K3/8 w - - 20 50	a8h8	510	0p13141b
6jpGy	5q1k/1b4pp/8/1p1p1B2/p3n2Q/P1P4P/1P1B4/2K5 w - - 2 30	h4h7	510	0p1113141b
764c5	2k2r2/1b4b1/8/B1pqpPNp/6n1/3B4/2P1QPP1/R4RK1 b - - 1 28	d5g2	510	0y1314191b
7LbFp	r3r1k1/ppp2ppp/2n2q2/2n5/3p4/2P2N1P/PP2QPP1/R1B1R1K1 w - - 0 16	e2e8 a8e8 e1e8	510	061315191o
84we3	1r2kb1r/3n1ppp/p1Qp1n2/4pN2/Nq2P3/1B6/1PP2PPP/R1B1R1K1 b k - 0 16	b4e1	510	0t0y111314191b
8s08R	r1b1r1k1/p1p2ppp/2p2q2/3p4/3P4/2N1QPn1/PP4PP/R1B2RK1 w - - 1 14	e3e8	510	0t0y1314191b
B4ItF	r4rk1/1bp2ppp/p3p3/1p4q1/3P3P/2PBnP2/PP1QN1P1/R3R1K1 b - - 0 18	g5g2	510	0y1314191b
C7q3x	r4r1k/1bp3pp/2qp1p2/1n2bN2/2N3Q1/6B1/P1B2PPP/2R1R1K1 b - - 5 26	c6g2	510	0y1314191b
DacHP	r7/8/6R1/2p3P1/2P1p3/1P3k2/8/5K2 b - - 0 57	a8a1	510	0p13141b1m
EAX6w	8/2R5/7k/1p6/p3n1R1/P3P3/1r4PP/6K1 b - - 0 39	b2b1 c7c1 b1c1	510	0p13151o
Eixj2	7r/pp1k4/1bn3p1/1B1p1P2/Q5p1/3p2P1/1P4P1/2R2K2 b - - 1 31	h8h1	510	0p1113141b1f
Fn51R	1br2rk1/2q2pp1/p3pn1p/np1p4/3P4/2PQB2P/PPB1NPP1/2R2RK1 b - - 4 18	c7h2	510	1314191b
GPXoa	1r3r2/p4ppk/3R3p/2p5/5R2/2b3Q1/P4PPP/6K1 b - - 0 23	b8b1 d6d1 b1d1	510	060p13151o
GrmDq	rn3r1k/pp4pB/2p2pQ1/8/3B1n2/2P2q1P/P4P2/R3K1R1 w Q - 2 18	g6g7	510	0y1314191b
HAaHQ	3r1rk1/p1p2ppp/2pb1B2/4q3/8/5Q1P/PPP2PP1/RN3RK1 b - - 0 16	e5h2	510	1314191b
JevGP	r1b2rk1/ppNp1ppp/1q5n/4P3/4P3/4B3/PPP3PP/R2Q1BKR b - - 2 11	b6e3	510	0t0y13141b1c
KxYId	r1bk1r2/pp1pn2p/1qpB4/4P3/8/2N5/PPP3PP/R4R1K w - - 0 19	f1f8	510	1314191b
NNonW	8/r6k/2p1p3/6Q1/6n1/8/6P1/6K1 b - - 0 43	a7a1 g5c1 a1c1	510	0p13151o
NXbEE	5rk1/4Q2p/2p2rb1/4p3/4N3/7P/PPP5/1K4R1 b - - 2 29	f6f1 g1f1 f8f1	510	060p13151o
O000j	6k1/5ppp/4pn2/8/2K5/2p1P3/2Nb1PPP/R1n5 w - - 4 32	a1a8 f6e8 a8e8	510	060p13151o
ORoUp	6k1/1p3npb/4Rn1p/2p5/r4PPP/2Pq4/P7/4R1K1 w - - 0 29	e6e8 f6e8 e1e8	510	061315191n1o
OVCiQ	4Rbk1/Qp3p1p/2p4p/1b6/p4B2/2P3P1/1P3P1P/3q1BK1 b - - 2 29	d1f1	510	0y111314191b
OkIVy	rnbq1rk1/5ppp/2p1p3/p1Pp4/1P2n1Q1/8/PB3PPP/R3KBNR w KQ - 2 12	g4g7	510	0y1314191b
Or7QD	r4r1k/pp3Qpp/8/8/7q/8/P4RP1/6K1 w - - 1 31	f7f8 a8f8 f2f8	510	060p13151o
P9C7A	r3k2r/p1p1Nppp/4bn2/qp6/8/3P1Q2/PPP2PPP/R1B1R1K1 b kq - 2 14	a5e1	510	0t0y1314191b
QUg1B	4r1k1/p1p4p/2p2BpQ/3pP3/3Pb1q1/1P6/P5PP/5RK1 b - - 5 29	g4g2	510	0p0y13141b
QW1DI	r2r2k1/p3qp1p/2p1p1p1/6b1/3P3Q/7R/PP3PPP/R5K1 w - - 0 21	h4h7 g8f8 h7h8	510	0y1315191o
RXjlK	r2q1rk1/1p1bbppp/p1p1p3/3pP1N1/P1PP1Pn1/2NQB3/1P4PP/R4RK1 w - - 1 14	d3h7	510	0y1314191b
Rilh5	4r1k1/pp2qpp1/2p4p/2Pp1Q2/3P1bB1/7P/PP3PP1/R5K1 b - - 2 24	e7e1 a1e1 e8e1	510	0p0y13151f1n1o
RvtyG	2k3r1/ppp2p1p/2n5/8/4B1q1/P4N2/1P4P1/R1BQ2K1 b - - 0 22	g4g2	510	1314191b
S7N1h	r4rk1/p4ppp/bp1bpq2/8/2Pp4/3Q1N2/PPB2PPP/R3R1K1 w - - 0 16	d3h7	510	0y1314191b
Ta8Px	r3r1k1/5p1p/2p2qpB/1p2R3/p1bP4/P1P4P/5PP1/1B2R1K1 w - - 0 32	e5e8 a8e8 e1e8	510	0y1315191f1o
UCNP7	r4rk1/p1p2pbp/bp6/4p2Q/Pq6/4PP1P/1PR3PB/RN4K1 b - - 5 19	b4e1	510	1314191b
UG9K3	6k1/5ppp/1p2p3/4n3/R7/p1r1P3/3NKPPP/8 w - - 0 32	a4a8 c3c8 a8c8	510	060p13151o
UN61T	r1bq2r1/pp3p1k/5Pp1/3pP3/B2bnR2/3N4/PP1P2PP/R1B4K w - - 0 21	f4h4	510	111314191b
UWOpE	3r2k1/5ppp/4p3/1pR5/1b2Q3/P7/P4PPP/6K1 b - - 0 24	d8d1 e4e1 d1e1	510	060p13151o
X8wFk	r4rk1/pb1pbppp/2q5/2p1P2Q/5B2/7R/PPP3PP/3R3K w - - 2 19	h5h7	510	0y1314191b
YeqKA	5r2/Qp4bk/6p1/P1R4p/4p3/3NP3/6PP/7K b - - 0 35	f8f1	510	060p13141b
YhRLt	5b1k/p4rpP/3p4/2p1rPN1/1p3p2/8/1PK2P2/6RR w - - 1 34	g5f7	510	0p0t1113141b
YiQdK	r1bqk2r/5ppp/p3p3/3pP3/3pn3/2P1BQ2/PP4PP/RN3RK1 w kq - 0 14	f3f7	510	041314191b
ZJcDd	r2q1rk1/1pp2ppp/3b4/p2n1b2/4p3/PPQ1P1P1/1BP1NPBP/R3K2R w KQ - 2 14	c3g7	510	0y1314191b
ZMraV	r4rk1/ppb2ppp/2pq4/3p4/3Qn3/PP2PN1P/1BP2PP1/2R2RK1 w - - 5 16	d4g7	510	0y1314191b
b5SO9	r1b5/1pQrP2k/p6p/5pp1/2P2p2/8/PP4PP/R1B4K b - - 0 24	d7d1	510	060p13141b
buAAY	rbb2rk1/ppq2pp1/2P2n1p/N7/2B1p3/3P3P/PPP2PP1/RNBQ1RK1 b - - 0 13	c7h2	510	13141b1c
dS1dn	8/6K1/8/5P2/4k1Pp/3p3P/8/8 b - - 1 66	d3d2 f5f6 d2d1q	510	000g0p1e1h1o
fgeUC	2kn4/ppp1Bpp1/5n1p/4p1N1/8/7P/r4PP1/3R2K1 w - - 0 19	d1d8	510	0p13141b1d1k
hsrK5	8/2Rn1kb1/2Br1ppp/pp2p3/7B/P4N2/1P3PPP/6K1 b - - 5 24	d6d1 f3e1 d1e1	510	061315191o
kXf6n	r3r2k/pp3p1p/5bp1/3P4/7P/8/PPPR2P1/1K3B1R b - - 0 19	e8e1 d2d1 e1d1	510	0p1113151k1o
omV82	3r2k1/pp3ppp/8/q7/5N2/4Q3/bP3PPP/4R1K1 w - - 2 23	e3e8 d8e8 e1e8	510	060p13151n1o
oyHol	2r3k1/p3q1pp/8/8/3P4/P3p3/1r4PP/2Q2RK1 w - - 0 29	c1c8 e7d8 c8d8	510	0p13151o
q48Qc	r3k2r/1b2nppp/p3p3/1pP5/4qP2/2P5/P5PP/RNBQ1R1K b kq - 0 15	e4g2	510	0y1314191b
rZsCY	2k2b1r/1pp2pp1/p1b5/2p1Pn1p/5P1B/2N4P/PPP1N1P1/3R2K1 w - - 1 19	d1d8	510	111314191b1d
ru3st	r3k2r/ppb2ppp/2nqpn2/1N1p4/8/1P1P1B1P/PBP2PP1/R2Q1RK1 b kq - 4 12	d6h2	510	1314191b
sIM84	5rk1/ppp4p/3q2p1/3p2B1/3P4/N1P5/PPQ3P1/R4nK1 b - - 2 21	d6h2	510	1314191b
w2VyD	5r1k/pp5r/2p4p/2np1R2/8/2NPq2P/PP5K/6R1 w - - 0 34	f5f8	510	1314191b
wrAbv	3r1rk1/pp3ppn/2p4p/7N/6n1/PB2R2P/2P2PP1/R1B3K1 b - - 0 22	d8d1 e3e1 d1e1	510	0y1315191o
wvL0Y	8/8/2B5/p1R5/3P1P2/k1K1P3/r2r4/8 w - - 5 56	c5a5	510	0p13141b
yNkmi	5r1k/p5pp/8/5p2/P5q1/1P1B2R1/2PP2PP/1RB4K b - - 4 34	g4d1 d3f1 d1f1	510	0p13151o
ylv6T	4Rbk1/5p1p/p2N2p1/2R5/P7/r7/5PPP/6K1 b - - 0 32	a3a1 c5c1 a1c1 e8e1 c1e1	510	060p101316
zxo2A	3r1rk1/1ppqbpp1/p2p4/3n3p/2PQP2P/1P4P1/PB3PK1/R3R3 w - - 0 17	d4g7	510	0y1314191b
090Nr	4q1k1/1b4b1/3p1r2/2pPp3/1pP1P1Q1/5PRP/1P4P1/6K1 w - - 1 32	g4g7	511	0p1113141b
1XyGA	1k3r2/ppp3R1/3b4/8/8/2B4P/PP3rP1/3R3K b - - 8 39	f2f1 d1f1 f8f1	511	0p13151f1o
1zHzZ	7k/5rpp/R4p2/1p2p3/8/1P3PP1/6PK/8 w - - 0 39	a6a8 f7f8 a8f8	511	060p13151m1o
31I14	r2q1rk1/pb2bpp1/1p2p2p/2p3N1/5PnP/PPN1P2R/1B1P4/RQ2K3 w Q - 0 18	b1h7	511	1314191b
4kbyQ	r1b2Nk1/1p1n1pb1/pq4p1/6Bp/4N2P/5N2/PPPQBPP1/1K1R3R b - - 0 15	b6b2	511	1314191b1k
4xkhX	r2qkbnr/ppp2pp1/2np3p/8/2BpP3/2P2Q1P/PP3PP1/RNB1K2R w KQkq - 0 8	f3f7	511	0413141b1c
51yhC	r2q3k/1pp5/pbnp3p/4pr2/PPB3b1/2PP1N2/3Q1PPP/R3R1K1 w - - 0 17	d2h6	511	0y1314191b
88Zt6	4r1k1/2q2ppp/p1pb1n2/3pr3/BP6/2P5/1B2NPQ1/R3K1R1 w Q - 2 25	g2g7	511	0y1314191b
AkuNL	rn3rk1/1b1p1p2/4pq1p/p1p3pP/1p1PQ1P1/3B1N2/PPP2P2/2KR3R w - - 0 18	e4h7	511	1314191b
CyQ2z	r1b1kb1r/ppP2ppp/4pn2/2P5/1P6/P7/4PPPP/1qBQKBNR w Kkq - 1 9	d1d8	511	13141b1c
DFCBL	Nk1q1b1r/pp4pp/2b5/4p3/6B1/8/PPP2PPP/2KRR3 w - - 0 19	d1d8	511	1314191b1k
GGcOe	2k5/2p1r1pp/1pB5/p2P4/8/b6P/6P1/5RK1 w - - 2 32	f1f8 e7e8 f8e8	511	0p13151f1o
GU7Id	1k1r3r/pppqn3/3b1p2/1P2pn2/P2p4/3P1Qp1/2PB1PBP/R4RK1 w - - 0 19	f3b7	511	1314191b1k
HEku3	4r1k1/p6p/4q1p1/2Qp4/6n1/1P6/PBP2PP1/R5K1 b - - 0 25	e6e1 a1e1 e8e1	511	0p13151n1o
HY7pk	r1bqr1k1/pp3ppp/1np1p3/3nP3/3P4/B2Q1N1P/P1B2PP1/R4RK1 w - - 1 17	d3h7	511	0y1314191b
HeRgC	r3r1k1/ppb2p1p/1npq1ppB/8/3P4/2P2Q1P/PPB2PP1/R4RK1 b - - 0 16	d6h2	511	111314191b
KNX30	5k2/3r4/5K2/R5p1/3P2P1/3n4/8/8 w - - 5 46	a5a8 d7d8 a8d8	511	0p13151o
KNrTF	r1q1r1k1/p1p3pp/2p2n2/2Pp4/8/2P1B3/PPbN1PQP/2K3R1 w - - 1 19	g2g7	511	0y1314191b
KbEBH	1q5k/6p1/7p/8/3P4/2Q5/5PPP/6K1 b - - 0 39	b8b1 c3c1 b1c1	511	060p13151i1o
M80lZ	6k1/5p1p/p3pp2/1p1r3N/5PP1/P3P3/1b5P/2R3K1 w - - 3 29	c1c8 d5d8 c8d8	511	0p13151o
METMr	4k3/p1Rr1pb1/2N1b3/4p2p/4P1p1/6P1/5P1P/6K1 w - - 5 33	c7c8 d7d8 c8d8	511	0p13151o
OVwJz	3rr1k1/pp3ppp/2p5/5bb1/2B2Pn1/1PN3B1/P1PpR1PP/3KR3 w - - 0 20	e2e8 d8e8 e1e8	511	0y1315191o
P80IT	3rkbnr/ppp2ppp/8/1P2N3/4P1b1/8/1PP2PPP/RNB1K2R b KQk - 0 9	d8d1	511	1314191b
QRRmq	6k1/bp2r1pp/p7/4Np2/P4P2/1P1Rp1P1/3nP1KP/8 w - - 2 36	d3d8 e7e8 d8e8	511	0p13151o
RTn76	1r4k1/ppP3pp/8/2P1r3/PN2p3/5bPK/3Q1P2/2R1R3 b - - 0 34	e5h5	511	1314191b1f
SaSzk	3r2k1/4R1pp/ppn2r2/5p2/2p2Q2/6R1/PP3PPP/6K1 b - - 0 24	d8d1 e7e1 d1e1	511	060p13151o
TfRa3	r2q1rk1/pp3ppp/4b3/1Q4b1/8/2B5/PPP2PPP/1K1R1B1R b - - 2 16	d8d1	511	0t1314191b1k
TjAdX	8/8/1r2k3/6p1/2RP2p1/1pN1P1K1/1R3P1P/r7 b - - 2 48	a1g1	511	0p13141b
VDMNK	r5rk/6pp/3Np3/p7/4P3/P7/1P3PPP/2qb2K1 w - - 0 30	d6f7	511	0p13141b1q
VmNzK	6k1/p1p2ppp/1p6/8/1P3n1K/1BP1r3/P2R2PP/8 w - - 10 32	d2d8 e3e8 d8e8	511	0p13151o
WABKC	2b4k/4q1pp/p3p3/1p2bp2/1P2n3/P3P3/1BQ1BPPP/6K1 w - - 0 23	c2c8 e7d8 c8d8	511	060t1315191o
WBcpc	r2qkb1r/pp4pp/4p3/3pN3/1Pp5/2PbN2P/P2P2P1/R1BQK2R b KQkq - 0 16	d8h4 g2g3 h4g3	511	111315191o
WGHKR	1rb2rk1/p2n1ppp/1p2pq2/2p5/3PQ3/2PB1N2/PP3PPP/R4RK1 w - - 2 14	e4h7	511	0y1314191b
Yds8Y	8/8/p3p3/1pP5/1P1pk3/P5K1/8/8 w - - 2 44	c5c6 e4e3 c6c7 d4d3 c7c8q	511	000g0p101e1h
aBhT9	r1bq1rk1/ppp2ppp/2n1p3/6N1/2nP4/3Q1N2/PPP2PPP/R3K2R w KQ - 0 11	d3h7	511	0y1314191b
baNsg	6k1/p4p1p/b1p2PpK/3P2P1/3qr3/P5Q1/7P/7R w - - 2 33	g3b8 a6c8 b8c8 e4e8 c8e8	511	0p101316
dYwCF	r2q1rk1/pp1n1ppp/1n6/3P4/3Q4/P5P1/1B2bPBP/R4RK1 w - - 0 18	d4g7	511	0y1314191b
doXHu	3rrk2/4bp1B/4pq2/p1P5/pn4Q1/6P1/1P3PK1/7R w - - 4 32	g4g8	511	111314191b
evocC	8/p1q3kp/8/3Qbp2/3Np3/1P5P/P5P1/7K b - - 5 32	c7c1	511	0p13141b
f0lDk	1k3r2/pPp2p1p/Q3p3/1N1q4/1P4K1/P4nP1/5P1P/8 w - - 1 30	a6a7	511	0p13141b1k
fPfcC	r4r1k/pbb1n1p1/1pn1B3/2p2P2/7q/2NpB2Q/PPP3PP/R4RK1 w - - 3 18	h3h4	511	0t1314191b
kPgng	r4rk1/pp5p/2p5/1PPp4/P4pq1/1R4p1/2Q1p1P1/6KR w - - 0 33	c2h7	511	0p0y1113141b
mXO8K	6k1/1pp5/p1b5/3pNrB1/3b2p1/2N5/PPP3PP/5R1K b - - 1 24	f5f1	511	060t1314191b
nOxlS	1r1r1k2/p4ppp/2p1p3/8/P2P4/1RP5/5PPP/1R4K1 w - - 3 20	b3b8 d8b8 b1b8	511	0g0p1m1o
qwiwG	5rk1/1p3pp1/2r1b2p/q7/p1PR1B2/P7/1PQ2PPP/4R1K1 b - - 0 19	a5e1	511	0t0y1314191b
sp3wf	4r3/p1k1q2p/2p3p1/2N5/5p2/2P2P2/PPQ2PPP/3R2K1 b - - 0 25	e7e1 d1e1 e8e1	511	060p13151n1o
tcexs	r2q1rk1/1pp1bppp/p3p3/3pP3/8/P1NQP1P1/1PP2PP1/R3K2R w KQ - 1 13	d3h7	511	0y1314191b
u9mn2	r5nr/pp4p1/1kp4p/2b1p1B1/4P1Q1/1BPq4/PP4PP/RN3R1K b - - 0 16	d3f1	511	0t0y1314191b
v7eGq	r4rk1/1pp3pp/p1np1q2/4p3/4P3/2N1P1nP/PP3RBN/2RQ2K1 b - - 3 18	f6f2	511	0y1314191b
vFoM5	2k5/ppp4r/1n5p/2N1N1rb/1n6/2PP4/P5P1/R4RK1 w - - 0 23	f1f8 h5e8 f8e8	511	1315191o
vQC82	2r1k2r/pp3p1p/3Q2p1/4p3/2q1P3/8/P1P3PP/R1B2R1K b k - 0 17	c4f1	511	0t0y1314191b
viHMh	2kr4/pbq2p1Q/4p3/8/3p4/6P1/PPPN4/R1B2RK1 b - - 0 18	c7g3	511	1314191b
vxOMo	1r4k1/pr3ppp/1q3b2/8/3p4/P4N2/1P2Q1PP/1R2R2K w - - 2 33	e2e8 b8e8 e1e8	511	061315191n1o
w15Y0	5r1k/6pp/r7/p1Q5/P1Pp4/1P1q2P1/1R3P2/5NK1 w - - 1 39	c5f8	511	0p0t13141b
wBDKl	2rk1r2/1Bqpn2p/pp6/4p1Q1/4P3/1N6/PPP2PPP/2KR3R b - - 0 17	c7c2	511	1314191b1k
wOvi4	r6k/1pp2pr1/1bnp1q1p/p3P3/P1B1Q3/2PP2B1/RP4PP/5R1K b - - 0 22	f6f1	511	0t0y1314191b
wf414	r4rk1/pbb2pp1/1p3n1p/4q3/1P6/P3P2P/1BP1BPP1/R2NQRK1 b - - 1 18	e5h2	511	1314191b
wiwY1	4R3/pp3pPk/q1p3n1/5Q2/8/P4P2/7P/7K b - - 0 37	a6f1	511	0p13141b
wsuGW	2b1kr2/rp1p4/3Bp1p1/8/1p6/8/PP4PP/5RK1 w - - 0 27	f1f8	511	0p1113141b1d
yGmxB	6k1/r5pp/3N4/4p3/p1Pn2p1/P7/1R3PPP/6K1 w - - 0 28	b2b8	511	0p13141b
yeuj8	1k1n1b1r/pp3ppp/5nb1/2p5/6P1/NPP2p1B/qB1QP2P/2K3NR w - - 2 16	d2d8	511	0t1314191b1k
1h9by	r1bq1rk1/ppp2pp1/2n1p2p/3p2N1/5B2/3QP3/PPP2PPP/R3K2R w KQ - 0 12	d3h7	512	1314191b
33DUO	4q1k1/1b4pp/1p1p1b2/p1p4Q/5P2/2PP3P/1P1B2P1/6K1 w - - 0 25	h5e8	512	0p0t13141b
37IPz	r1b1r1Bk/pp3pp1/1qn4p/2N3b1/3p3P/2P5/PPQ2PP1/R4K1R w - - 0 17	c2h7	512	1314191b
3TOyC	2q5/4kp2/1b1p4/3Pp3/4Qp2/7P/2N5/5R1K b - - 0 46	c8h3	512	0p1113141b
4SJzs	6k1/p4q1p/1p2p1p1/2pbQ3/7P/P5R1/1P4P1/K7 b - - 0 36	f7f1 e5e1 f1e1	512	0p13151o
6ntLa	8/6p1/r7/5K1k/p4P2/R7/8/8 w - - 0 53	a3h3	512	0p1113141b1m
8fNNp	r4rk1/ppp2ppp/4b3/q7/1P6/2bBBN1P/1PP1QP2/2KR3R b - - 0 17	a5a1	512	1314191b
8maK2	6k1/5pp1/p6p/4N3/2pB1PP1/2b1P2P/P7/1K1Q1q2 b - - 0 41	f1d1	512	0p0t13141b
ALSLd	r1bQr1k1/1pp2ppp/p1p3q1/8/4N3/1P2P1P1/P1P2P1P/R4RK1 w - - 2 17	d8e8	512	0t0y1314191b
AS8jE	8/8/5R1p/5p2/5P1k/4pK2/3b4/8 w - - 0 52	f6h6	512	0p13141b
BsOMk	r2q1rk1/pp1n2pp/8/2bpPN2/8/2P3Q1/PP4PP/RNB4K w - - 3 17	g3g7	512	0y1314191b
EEIs8	1R1q2k1/3P1p1p/4b1p1/4B3/8/5P2/6P1/6K1 w - - 2 36	b8d8	512	0p0t13141b1f
ENFnJ	4Rb1k/p1p3p1/6Qp/8/3q4/8/PP3B2/1K6 b - - 1 44	d4d1	512	0p13141b
EsMM9	r3r1k1/p4ppp/2pp1n2/6q1/P2P4/4PN1b/4BPPP/R2Q1RK1 b - - 4 18	g5g2	512	0y1314191b
HlI0h	r2q1rk1/1bpnnpb1/pp2p2p/3pP1p1/3P4/2P2NB1/PPQN1PPP/1BR1K2R w K - 0 14	c2h7	512	13141b1c
HxMqR	1r4k1/4Rppp/5q2/3p4/p2P2n1/6P1/r1P1QPP1/3R2K1 w - - 2 32	e7e8 b8e8 e2e8	512	1315191o
IcSNE	1r3k1r/p2p1pbp/1pq1p1p1/8/P1P2P2/3P2P1/1P2QP1P/1RB2K1R b - - 0 18	c6h1	512	0t1314191b
LaGzA	2r1n2k/1p4bp/pP1p4/P2P1QBq/2p5/7B/5PPP/3R2K1 b - - 0 32	h5d1	512	060t1314191b
LgvvA	2k5/pp4pp/2p1Nn2/5r2/1P6/4b3/P1P2PPP/3R2K1 w - - 0 24	d1d8	512	0p13141b
LjbHq	5k2/2Q4p/1p1P2p1/p4q2/8/P3PpP1/5P1P/6K1 b - - 1 39	f5b1 c7c1 b1c1	512	0p13151i1o
MP6Zb	r3r3/4ppk1/pp1q2pp/2pP1P1b/2P3nN/1P1B4/P2Q2PP/4RRK1 b - - 3 25	d6h2	512	0y1314191b
NGHa3	1rb2rk1/1pp1qpp1/p3p3/n5N1/PbpP4/5NP1/1PQ2PBP/R4RK1 w - - 3 16	c2h7	512	1314191b
OQXqZ	3r1k1r/1p2ppbp/p1n5/3QP2n/1q3p2/2N1BP2/PPP4P/2KR1B1R w - - 0 17	d5d8 c6d8 d1d8	512	061315191o
Os4L6	2B5/7R/1p6/3kP3/4n3/2P3B1/bP1r2PP/6K1 b - - 8 37	d2d1 g3e1 d1e1	512	0p13151o
PmctQ	1r4k1/2b2p1p/5p2/5B2/2N1p3/7P/4RPP1/6K1 b - - 0 30	b8b1 e2e1 b1e1	512	0p13151f1o
Psk4b	2r3k1/p4ppp/1p2b3/3q4/3B4/P1Q1R1P1/1P3P1P/6K1 w - - 5 28	c3c8 e6c8 e3e8	512	0p13151n1o
QGku8	r2q1rk1/p1pn1pp1/1p2pb1p/6N1/3P4/2N3P1/PPQ2PbP/R1B2RK1 w - - 0 14	c2h7	512	13141b1c
QS2E2	8/4Q3/6pk/p1pP3p/P3P2P/6PK/6B1/3q2b1 b - - 5 47	d1g4	512	0p13141b
Rnwxh	4q1k1/1b1Q1npp/p4b2/1p6/8/2P5/PP3PPP/R5K1 w - - 0 25	d7e8	512	0p0t13141b
TLS6H	2kr3r/1bpp2b1/1p2p1p1/q6p/3n4/P3B3/1PQ1BPP1/2R2RK1 w - - 6 27	c2c7	512	1314191b1k
TckwT	2k4r/ppp3p1/2p5/8/4bPp1/2N1p1P1/PPP5/R4RK1 b - - 2 22	h8h1	512	0p13141b1d
TgqIC	r1b1r1k1/p1p2p2/2p4p/3pPPq1/3Q1R2/2PBR2p/P1P3PP/6K1 b - - 0 18	g5g2	512	0y1314191b
aQ5HY	r1b4k/p5pp/2p5/2r5/4p3/1B2P3/6PP/1R3RK1 w - - 0 27	f1f8	512	060p13141b
bpbz0	q5k1/5ppp/8/2p2b2/P1P5/1P2R3/KBp5/4R3 w - - 0 31	e3e8 a8e8 e1e8	512	0p0s13151o
c144m	rn1q1k2/pp2npp1/4p3/2b3Pp/4PB1P/2N5/PPP5/2KR1B1R w - - 0 18	d1d8	512	061314191b
dhEVy	r4rk1/6p1/2qpb2p/1p2pP2/p4nB1/P1P1Q2P/1P3PPN/R3R1K1 b - - 0 26	c6g2	512	0y1314191b
eTk5u	8/p1n5/3p4/3Bk3/1P4p1/2N1K1P1/8/8 b - - 0 40	c7d5 c3d5 e5d5	512	0g0p1o
elXsz	r1b1q1rk/p1p1pp2/1p1p1b2/3P4/2PP4/1P1B3P/P2Q2P1/3RR1K1 w - - 0 26	d2h6	512	1314191b
fBIZF	5k2/8/3NpP1R/2Kpn2p/7r/8/8/8 w - - 4 47	h6h8	512	0p13141b
gFsCm	b5k1/q4pp1/2p2n1p/p1N2B2/1P1r4/P7/4Q1PP/4R2K w - - 2 29	e2e8 f6e8 e1e8	512	1315191f1n1o
gauN3	1r2k2r/3nbppp/pq2p3/2p1P3/2B1QP2/4B3/PP4PP/1K1R3R b k - 0 19	b6b2	512	1314191b1k
gs4HS	6k1/pr4pp/4p3/2R1Np2/3P1P2/1PK3P1/P3p2P/5b2 w - - 0 31	c5c8	512	0p13141b
hYoTA	rn1q1bkr/ppp3pp/4b3/4P3/6n1/1Q6/PPP2PPP/RNB2RK1 w - - 3 11	b3e6	512	0t0y13141b1c
iFFy1	7k/2p1r1pp/1p1p4/1P6/2Pp1P2/6PP/7K/R7 w - - 0 39	a1a8 e7e8 a8e8	512	060p13151m1o
iekHn	4r3/1Q2nk2/R3p1qp/4R1p1/3p4/8/PP3PPP/6K1 b - - 0 37	g6b1 e5e1 b1e1	512	0p13151o
kHxEW	3rkbnr/5pp1/2n1p2p/1p6/4R3/PB6/1PP2PPP/RNB3K1 b k - 0 14	d8d1 e4e1 d1e1	512	060s1315191o
kKetB	r1b2nkr/1p5p/p6B/qB2n3/8/2N5/PPP3PP/R4RK1 w - - 0 21	f1f8	512	0y1314191b1d
kkuL5	r4rk1/1p1Q3p/2p1p1p1/6N1/8/1P6/2P3PP/5R1K b - - 0 23	f8f1	512	060p13141b
lJtIP	2kr4/1p2nppp/p1Pr4/2N1p3/4P3/8/PPR2PPP/2R3K1 b - - 0 23	d6d1 c1d1 d8d1	512	060p13151o
m9D3h	2b1rr2/3qppk1/1p4P1/p1pP3p/2Pb3P/BP1B2P1/P2Q3K/3RR3 b - - 0 25	d7h3	512	1314191b
mZ8Ke	4kb1r/pr1n1Qp1/3p3p/3N4/1q2p3/4P1BP/PPP2PP1/1R3RK1 b k - 0 17	e8f7 d5b4 b7b4	512	01191o
nBATQ	8/4k1p1/pQ5p/P1r5/8/3R1b2/5PpP/6K1 b - - 0 41	c5c1 d3d1 c1d1	512	0p13151o
nes7B	5rk1/p1rqnppp/1p2p3/3pP3/2nP4/2PQB3/P1B2PPP/1RR3K1 w - - 12 21	d3h7	512	0y111314191b
nqTxx	6k1/2R3p1/2p1p3/2Pb2B1/4r1Pp/7P/5P2/6K1 b - - 0 44	e4e1 g1h2 e1h1	512	0p13151d1o
oFKl3	1b4k1/5ppp/1R2pq2/1p1p4/1P1P3P/P3P1P1/1Br2PK1/8 w - - 3 28	b6b8 c2c8 b8c8 f6d8 c8d8	512	060p0t101316
rHI2n	r4k1r/1pp2p2/2np1q2/2b1p3/4P1QP/2PP2N1/PP3PP1/R2BK2R b KQ - 2 18	f6f2	512	041314191b
ubXiZ	r1b3k1/ppp2rpp/5n2/8/8/P7/BPP2PPP/3RK2R w K - 0 15	d1d8 f6e8 d8e8	512	0y1315191g1o
yKQDH	1k1r2nr/ppb1q1pp/4Bp2/2N5/3n4/5Q1P/PP3PP1/R3R1K1 w - - 0 19	f3b7	512	1314191b1k
yV0Qf	8/8/5kP1/5B1K/6P1/1r6/8/8 b - - 2 58	b3h3	512	0p1113141b
1gp1i	r4rk1/pQ2bppp/1p2p3/4P3/2q2P2/8/PP4PP/R1B2R1K b - - 0 17	c4f1	513	0t0y1314191b
2eEVD	1k3br1/ppp2r1p/6p1/8/P1n5/2P1B2P/1P2NP2/R2R2K1 w - - 0 25	d1d8	513	1314191b
3NeVs	rnb1k3/pp3pp1/2p5/2bpp3/4P2q/3P1B2/PPPN1PP1/R2QK1N1 b Qq - 1 10	h4f2	513	041314191b
5oLRi	rnb1kbnr/pp3p1p/2p3p1/4q1B1/4P3/2N5/PPP2PPP/R2QKB1R w KQkq - 0 8	d1d8	513	13141b1c
8CIr1	2R2r1k/6p1/pb1p3p/8/4B3/1P2P3/P6P/6K1 w - - 3 36	c8f8	513	0p0t13141b1f
8ppgh	6k1/5pp1/7p/1p1p1B1n/2pP1P2/2P4P/rP2R1P1/6K1 w - - 1 25	e2e8	513	0p13141b1f
9DWhs	5b2/3r1k1p/p3pPp1/8/q7/4Q2P/1B2R1P1/7K w - - 0 40	e3e6	513	0p1113141b
Ai4Qe	2r3k1/5b2/p6R/1p2Bp2/5p2/P6P/2P3P1/6K1 w - - 1 34	h6h8	513	0p13141b1d
AyF7T	6k1/5pp1/p3p3/1pR5/r1P2K1R/5P1P/4r3/8 w - - 0 40	c5c8	513	0p13141b1m
Bhw5c	4r2k/pp4pp/2pq3r/5p1Q/8/6PR/PP3P1K/8 w - - 1 32	h5e8 d6f8 e8f8	513	0p0t13151o
BmWvE	r1b2rk1/1p3pp1/p3p3/3p2qp/4Q3/3BR2P/PPP3P1/5RK1 w - - 0 18	e4h7	513	1314191b
D9lyt	r3k2r/pp3ppp/1n2p3/1q1pP1B1/1b1P4/2P2Q2/PP4PP/R4RK1 w kq - 0 16	f3f7	513	041314191b
EOatB	5r1k/5ppp/8/2Q5/3Pqbb1/2P1pN2/rP4PP/4RRK1 w - - 0 22	c5f8	513	0t0y1314191b
EorD7	k1r3nr/p3b3/PpR2p1p/3q4/3P1B2/5N2/1P3PPP/R5K1 w - - 0 22	c6c8	513	0t1314191b1k
G9t6X	2rr2k1/1R1N1pp1/p3p2p/4N3/1n1P4/1P6/4RPPP/6K1 b - - 0 27	c8c1 e2e1 c1e1	513	061315191o
H6UZz	rnbq1rk1/6pp/p3N3/1p2p3/3P2Q1/8/PP3PPP/R4RK1 w - - 0 18	g4g7	513	0y1314191b
HJCZw	6rk/2P5/4Qp2/pp6/1n1P3q/1B5b/PP3P2/3RK3 w - - 0 33	e6g8	513	1314191b
LyfLu	2kr1b1r/3np1p1/p1q4p/5p2/Q4B2/3P4/PP2PP1P/4K2R w K - 0 19	a4c6	513	0t1314191b1k
MnAmC	1k1r3r/ppp1R1p1/8/3q3p/8/P3B2Q/1P3PPP/R5K1 b - - 0 22	d5d1 a1d1 d8d1	513	061315191n1o
Ni7X9	1k1r3r/ppp2ppp/2n5/4NB2/8/B1n1R1P1/P1P2P1P/4K2R b K - 0 14	d8d1	513	1314191b
O6nkI	r4rk1/pbpn1ppp/1pq1p3/8/3N1P2/P2P3P/BPP3PN/R2Q1RK1 b - - 0 16	c6g2	513	0y1314191b
O9V3b	r5k1/p1R2ppp/1p2b3/8/5B2/P3P3/1PRr1PPP/6K1 b - - 3 21	d2d1	513	060p13141b
OLQn8	6k1/3RBpbp/6p1/8/8/1P6/r4PPP/6K1 b - - 0 25	a2a1 d7d1 a1d1	513	060p13151o
OjAXv	q5k1/5p1r/4RPp1/8/p1pP2B1/npP4P/5P2/4R1K1 w - - 0 33	e6e8 a8e8 e1e8	513	0p0s13151o
Q3eft	4rrk1/ppp2ppp/8/2R2b2/1P1p4/PQ6/1B3PPP/4R1K1 b - - 0 20	e8e1	513	060t1314191b
SP6SJ	3r1rk1/bq3ppp/p2Pp3/1p1p2N1/8/3Q4/PPP2PPP/R4RK1 w - - 3 18	d3h7	513	0y1314191b
TnokQ	2n2rk1/p3bppp/4b3/2p1q1N1/8/1P5P/2Q2PP1/2B2RK1 w - - 0 24	c2h7	513	0y1314191b
TsLDm	5r2/6kp/p5p1/1p6/2b5/P3Q3/6PP/3B2K1 b - - 0 32	f8f1	513	0p13141b1d
WOVtz	6rk/pb5P/1p6/3p3P/3P4/2PBb3/2K5/6R1 w - - 0 35	h7g8q	513	000p1113141b1h
WhwoK	r4rk1/2p4p/p1n2p2/1p1p4/3P1bq1/P1PQP2b/1PB3P1/RN3RK1 w - - 0 19	d3h7	513	0y1314191b
WiXDR	2r3k1/p4ppp/1p5n/5q2/5B2/4Q2P/P4PP1/4R1K1 w - - 2 24	e3e8 c8e8 e1e8	513	060p13151n1o
X5dDu	2r2rk1/5ppp/p3b2b/qp6/1n2Q3/3BP3/PP1N1PPP/R3K2R w KQ - 6 19	e4h7	513	0y1314191b
YVErb	7k/1p3r1p/p4ppP/8/1P1r2q1/2P2N2/P4PB1/4R1K1 w - - 0 35	e1e8 f7f8 e8f8	513	0p13151o
ZVXk6	3rr2k/1p5p/p4R2/2p4Q/P1n5/2PP4/1P4PP/7K b - - 0 26	e8e1 f6f1 e1f1	513	060p13151o
Zi3HM	5r1k/pp4rp/2p5/2NpQ3/1P1p4/8/P5RP/7K b - - 0 29	f8f1 g2g1 f1g1	513	0p13151o
ZrrLd	r1b2rk1/pp3ppp/2n1pq2/8/8/2P2NP1/PPQ2PP1/R3KB1R w KQ - 0 14	c2h7	513	0y1314191b
aah5l	r2q1knr/pp1b1ppp/3N2n1/3p4/5Q2/2P1B3/P4PPP/R3KB1R w KQ - 6 15	f4f7	513	1314191b
baDGH	1R6/1P4k1/5p2/5Kp1/6Pp/5P1P/8/4r3 b - - 18 60	e1e5	513	0p1113141b1m
cyiXq	8/8/6k1/8/2P3p1/1P1R3p/1r5P/7K b - - 5 46	b2b1 d3d1 b1d1	513	0p13151m1o
eTxxN	4rrk1/1b1N1ppp/p1q2b2/8/1PB2Q2/P6P/4NPP1/3R1RK1 b - - 6 24	c6g2	513	0y1314191b
eVCoz	8/8/8/P1k5/K7/1p2N3/8/8 b - - 1 46	b3b2 a4b3 b2b1q	513	000g0p0z1h1o
ervQG	4r2k/1pp2pp1/3p3p/3P4/2P5/1B1N1Q2/P3r1PP/7K b - - 0 35	e2e1 d3e1 e8e1 f3f1 e1f1	513	060p1013161n
fN7Wf	1k6/ppp5/5b2/3P1P2/2PqP1Bp/8/PQ4P1/1KR5 b - - 0 32	d4b2	513	0p1113141b
g3wpw	2kr2nr/1pp2pp1/p1nb3p/4q2B/4P3/2N4P/PPPB1PPN/R2Q1RK1 b - - 0 12	e5h2	513	0y13141b1c
gJMpC	r7/7p/6p1/6Pk/3P1Q2/4PN2/5P1P/q1q2BK1 w - - 0 36	f4h4	513	0p13141b
glzNz	1r4k1/p2bbppp/3pp3/q7/P3PPQ1/1P1r4/1BP3PP/4R1K1 w - - 0 22	g4g7	513	0y1314191b
hS6P2	r2br1k1/1bp2ppp/2p5/p7/5B2/P1nN4/1PP2PPP/2KRR3 w - - 0 16	e1e8	513	060t1314191b
hl76w	3r2k1/7p/p3p3/2b3p1/2N1Rp2/1P4B1/P4PPP/6K1 b - - 0 28	d8d1 e4e1 d1e1	513	0p13151o
iAJ8g	4r1k1/4rppp/2p5/3p4/2bP4/2P4Q/P1R2PPP/R5K1 b - - 0 23	e7e1 a1e1 e8e1	513	060p13151o
iArcP	rnb2rk1/p1pp2pp/1p2pq2/4N3/3P4/3B4/PPP2PPP/R2QK2R b KQ - 1 10	f6f2	513	041314191b
iqlGS	r4r1k/pp3Qpp/1q2p3/2n1P3/3pP1P1/8/PP5P/R4RK1 w - - 0 23	f7f8 a8f8 f1f8	513	061315191o
nl9b1	r5k1/3n1pbp/3N2p1/3P3n/1qp1P3/5Q1P/1PB2PPB/4R1K1 b - - 4 22	b4e1	513	0t0y1314191b
p8Vnv	5k2/p3r1p1/2R2pB1/7P/2p2P2/1bP5/3n1KP1/8 w - - 9 46	c6c8 e7e8 c8e8	513	0p13151d1o
poIdU	R6r/2k2p2/1p1p3q/1Pp1pP2/2P5/2NPbNPP/6K1/3Q1R2 b - - 0 26	h6h3	513	1314191b
qrkWS	6k1/ppr3p1/5p2/P5Np/8/r6P/5RK1/3R4 w - - 0 35	d1d8	513	0p13141b
v48mv	k1r2r2/1p2R1Q1/p6p/3p4/8/8/P5PP/5R1K b - - 0 32	f8f1	513	060p13141b1j
vpmS8	3rr1k1/p1qnbppp/2p5/1p3PP1/3QpP2/1P6/PBP1B2P/4RR1K w - - 0 19	d4g7	513	0y1314191b
xKpA7	4r3/6kp/1Q1N4/4rn2/6n1/3P4/PPP3PP/R5K1 b - - 0 23	e5e1 a1e1 e8e1	513	1315191o
xYEXa	4r2k/1p5p/p2p1ppB/3P4/8/1n3NP1/q1r2PKP/4R3 w - - 0 27	e1e8	513	0t1314191b1f
ycTiJ	rnbqk2r/ppp1npbp/6p1/4p3/4PB2/2N5/PPPQ1PPP/2KR1BNR w kq - 0 8	d2d8	513	13141b1c
zEHlG	8/6pk/p6p/5N2/1p4P1/4pq1P/1Q5K/8 w - - 0 49	b2g7	513	0p1113141b
09LTe	1r3k2/r4pbp/2pNp1p1/q2nP3/8/P4Q2/5PPP/R1B1R1K1 b - - 5 25	a5e1	514	0t0y1314191b
1TtCs	2k1r3/ppb3r1/7p/7R/3P4/1BP5/PP3R1P/7K b - - 4 28	e8e1 f2f1 e1f1	514	0p13151o
2848Q	8/8/8/6KP/3kp3/8/8/8 w - - 1 45	h5h6 e4e3 h6h7 e3e2 h7h8q	514	000g0p101e1h
4d2yb	r1b2rk1/2q2ppp/1pn1p3/p2pP1N1/5P2/P2Q4/1PP3PP/R1B1K2R w KQ - 0 15	d3h7	514	0y1314191b
5fHsa	r1n2rk1/1bp3bp/p1np1qp1/1p1N4/4P1P1/P3BP2/1PPQ4/2KR1BNR b - - 0 15	f6b2	514	1314191b1k
65c9X	8/5R2/3Bp1p1/pp2P3/4KP2/P5P1/4k2P/2r5 b - - 0 47	c1c4	514	0p1113141b
8cGAK	r1b1r1k1/ppp2ppp/8/6q1/2Pp1n2/3P4/PBP2PPP/R2QR2K w - - 4 16	e1e8	514	060t1314191b
8mhbQ	r2q2k1/5pp1/2Q4p/pR2b3/8/P6P/B1P2PP1/6K1 b - - 0 26	d8d1	514	0p13141b
AbEuV	7k/6p1/7p/Q7/2P2P2/1P6/P4q1P/4r1RK b - - 2 35	e1g1	514	0p13141b
B6L7i	4k2r/4pp1p/p2p2p1/2pP2P1/2P1QPq1/2P5/P4K1P/1rB1R3 w k - 0 22	e4e7	514	0p13141b
DGAGh	6k1/1p4p1/1q1p1R1p/2pP4/8/3Q4/Pr6/3KR3 b - - 1 37	b2b1 d3b1 b6b1	514	0g0p1o
Dmgao	5r2/pp4k1/2p3p1/7p/3R2nP/6Q1/PP4P1/5R1K b - - 0 29	f8f1	514	0p0t1113141b
Edyv5	r4q1r/pb1p2k1/1p1bP1p1/2ppN1P1/5B2/2P1P2p/PPQ2P2/R4RK1 w - - 0 22	c2g6	514	111314191b1s
HFLRt	4r2k/3r1pp1/2N4p/2RP4/1p1R4/1P6/5PPP/6K1 b - - 0 34	e8e1	514	060p13141b
I3xmR	3n2k1/7p/Rp2p1pq/1P1pP1N1/1P1P1b2/3B4/4Q1PP/7K b - - 0 37	h6h2	514	0y1314191b
IVKcP	7r/1Qpk1ppp/3rp3/3p4/1P1Nb1q1/2P1P3/P3BPPP/R4RK1 b - - 2 18	g4g2	514	0y1314191b
Id7zg	r1b1k2r/pp3ppp/4p3/2q5/3n1BP1/4P2Q/PPP4P/2KR1B1R b kq - 0 15	c5c2	514	1314191b1k
K7ypb	5k2/1p1r2p1/3N1B2/2P2P1p/r6P/4R1K1/2b3P1/8 w - - 0 52	e3e8	514	0p13141b
K9vsU	2r3k1/pp3p2/7p/6p1/3PR3/1b5P/1P1R1PPB/6K1 b - - 0 27	c8c1 d2d1 c1d1 e4e1 d1e1	514	060p101316
L4L6u	1r5k/6pp/4r3/1B3b2/2PR1p2/8/5PPP/4R1K1 b - - 0 39	e6e1	514	060p0t13141b
M08fs	3r1rk1/3q1ppp/2p1bb2/1p2p3/p2P4/P1PQ4/2BN1PPP/R4RK1 w - - 0 19	d3h7	514	0y1314191b
NWVmQ	7k/1b4p1/p1p1Q2p/1pb2Bq1/8/5P1P/PP1r2PB/R6K w - - 1 29	e6e8 c5f8 e8f8	514	0y1315191o
OP1nz	6k1/p4ppp/8/4q3/3N4/P2P2P1/1PP2b1P/R1BK1B1R b - - 0 17	e5e1	514	1314191b
OZbz8	2k5/2P5/2KP4/p3bp2/P7/8/2P5/8 w - - 2 74	d6d7	514	00080p13141b
Q0u8X	4r3/p5pp/bk6/2n3B1/2n5/1PP2B2/P4PPP/RN4K1 b - - 0 25	e8e1	514	061314191b
SrSad	3r4/1R6/p4k2/7p/P1N2n2/1P4P1/5P1P/5K2 b - - 0 35	d8d1	514	0p1113141b
Th2lO	5r1k/pp4p1/3p3p/3Nq3/2Pn4/3B4/PP4PP/5RK1 w - - 0 27	f1f8	514	0p13141b1f
UFxol	1R2b1k1/5pp1/4p2p/3n4/8/3B1P1P/2PrN1P1/7K w - - 7 29	b8e8	514	0p0t13141b1f
UZ7fo	r3k2r/1q1bbpp1/p2p3p/3Pp3/n3B1PP/R3BP2/1PPQ4/1K4NR b kq - 2 22	b7b2	514	1314191b1k
UjH85	r3r1k1/p1pq1pp1/7p/b2P2n1/2pQP3/P4P2/1B2NP2/R4K1R w - - 2 26	d4g7	514	0y1314191b
UwQXE	r4rk1/p2b1ppp/3b1n2/4q3/2Q5/1PNB4/P1PP1PPP/R1B2RK1 b - - 0 14	e5h2	514	0y1314191b
WTwGA	r7/2p2p2/p3pk2/2Pp1p1K/1P1P4/4P3/5PPP/R7 b - - 0 32	a8h8	514	0p13141b1m
Wy7Rl	1r3k2/3qb2p/3p2RP/3QP3/pp3P2/4n3/PPP5/2K5 w - - 0 28	d5g8	514	0p13141b
X1TTi	2rk1r2/4p3/p5Qp/1p4p1/1n6/1B3NB1/PP3PPP/6K1 b - - 2 29	c8c1 b3d1 c1d1 f3e1 d1e1	514	10131619
YO17M	r1br2k1/pp3ppp/4p3/8/8/PNn1BP2/2P3PP/2KR3R w - - 0 17	d1d8	514	060t1314191b
ZpZ29	r1bqkb1r/ppp2p1p/2n3p1/4p3/4p3/1B3Q2/PPPP1PPP/R1B1K1NR w KQkq - 0 8	f3f7	514	0413141b1c
ZtQye	r2qnrk1/1pp2ppp/p3p3/4N3/b2P4/P1PQ4/5PPP/1BR2RK1 w - - 4 17	d3h7	514	0y1314191b
a8HEt	3r4/P7/5p2/4pB2/4P3/5k2/1R3P2/5K2 b - - 0 51	d8d1	514	0p13141b
b2geA	rq1r3k/p1b4p/P1p1Bpn1/2p1p3/4P3/2P2QP1/1P3P1P/R4R1K w - - 0 26	f3f6	514	0y1314191b
bcdfr	2b3k1/r1p1rppp/p7/8/p7/8/PP3PPP/2RR2K1 w - - 0 20	d1d8 e7e8 d8e8	514	060p0s1113151o
bo8MJ	8/5k2/7p/P5pK/1P1B1r2/2P4P/8/8 b - - 7 45	f4h4	514	0p13141b
csqfY	8/4k3/5p2/4p1p1/8/1q1R3Q/3p1PPP/3R2K1 b - - 2 60	b3d1	514	060p0t13141b
dyFZI	q7/5B1p/5Q2/8/6k1/5N2/1PP2PPP/6K1 b - - 10 37	a8a1 f3e1 a1e1	514	0p13151o
fWJ0d	4k1Q1/4q3/6p1/6Pp/8/p3PKP1/8/8 b - - 13 52	e7f8 g8f8 e8f8	514	0g0p1i1o
jng0F	1r3rk1/2q5/2p1p1pp/p1PpPRb1/8/5Q2/PP4PP/5RK1 w - - 0 25	f5f8 b8f8 f3f8	514	0g0y191o
m9dIk	1n6/7r/p1pN4/Q4p2/3R4/1kP3P1/1P3P2/1K6 b - - 0 36	h7h1 d4d1 h1d1	514	0p13151o
mBilU	r4rk1/2p1n1pp/2p3q1/p1NbPp2/2P2B2/1P1Q4/P5PP/R4RK1 b - - 0 18	g6g2	514	0y1314191b
o6jEP	6k1/rR3ppp/2p1p1b1/2P5/4P3/3r1P2/4N1PP/6K1 w - - 0 24	b7b8 d3d8 b8d8	514	060p13151o
o90zb	r2q1rk1/1p1b1pp1/p1p1pb1p/8/1P1P4/P1nQPNB1/5PPP/1B3RK1 w - - 0 18	d3h7	514	1314191b
oeys9	r4rk1/pp1n1ppp/1qpb1p2/8/3PQ2P/3B1P2/PPP2P2/1R2K2R w K - 0 15	e4h7	514	0y1314191b
of0Xo	r2q1rk1/pp6/2p1b1p1/3pB3/3P2pb/2P1PP2/P1QK3P/R5R1 w - - 0 18	c2g6	514	0y1314191b
oirtP	5r2/2Q3pk/4p2p/4P3/3P1q2/1p4RP/2p3PK/8 w - - 2 35	c7g7	514	0p13141b
p6lTV	rn2k2r/ppp2pb1/3qb1p1/1N1p2B1/3P2p1/3B4/PPP1QPPP/R4RK1 b kq - 1 12	d6h2	514	0y1314191b
pYCJL	1b1r3k/1p2NQp1/p6p/8/1P6/P4B1P/3q1PP1/3R2K1 b - - 2 26	d2d1 f3d1 d8d1	514	1315191o
qjKLH	8/3b2k1/6p1/2b3P1/5Pp1/p7/5q1P/3R1QK1 w - - 0 55	f1f2 c5f2 g1f2	514	0g0p1o
rLCm8	5k2/2R2p1p/4pKpP/4P3/p7/Pb1r2P1/1P6/8 w - - 13 36	c7c8 d3d8 c8d8	514	0p13151o
sGXVN	2r3k1/5ppp/8/p2R4/3P4/1P6/P1r2PPP/R5K1 b - - 0 22	c2c1 a1c1 c8c1	514	060p13151m1o
tJlEV	1r4k1/5ppp/1Q2p3/P2pq3/8/7P/5PP1/1R4K1 w - - 2 32	b6b8 e5b8 b1b8	514	060p13151o
wDtpU	2krr3/ppb3pp/8/8/2QP4/8/PP1q2PP/2R4K w - - 0 20	c4c7	514	0p13141b
xNArA	rnbqk2r/pp1p1p1p/4P1p1/2pp4/8/1P3Q2/PbPP1PPP/R3KBNR w KQkq - 0 9	f3f7	514	0413141b1c
xOS7F	r7/pp1n1q1k/2p3p1/5r2/3P2N1/2P4P/PPQ1R1PB/6K1 b - - 4 37	f5f1	514	1314191b
xpALz	2r3k1/5ppp/Q3p3/8/2b5/Pnq2P2/5RPP/5BK1 w - - 2 35	a6c8	514	060t1314191b
0khdh	5rk1/p4rpp/Q1R5/3p4/3Pp3/4P1Pb/PP5P/2RN1NK1 b - - 0 24	f7f1 a6f1 f8f1	515	0y1315191d1o
0zq7G	4r2k/1p4pp/p7/2p3n1/P4P2/1P2R3/1P4PP/6K1 w - - 0 28	e3e8	515	060p0t13141b
1r5fV	r2q1rk1/5pp1/p2b3p/1ppP4/4QP2/3B3P/PP4P1/3R1RK1 w - - 0 19	e4h7	515	1314191b
4mVdX	3r1r1k/5P2/p6p/8/1qB2Q2/8/3p1PPP/2R3K1 w - - 0 34	f4h6	515	0p13141b
5URSv	1k1r4/ppp4p/6q1/2B5/7n/2P5/PP3PPP/3R1RK1 w - - 0 23	d1d8	515	0p13141b1k
Aev6g	8/Rp1r1pkp/2p2bp1/2P5/1PB2P2/4P1Pb/4N2P/6K1 b - - 0 32	d7d1 g1f2 d1f1	515	0p13151d1o
CKAdi	r3kb1r/ppp2ppp/3p1n2/5q2/2PN4/P1NnP3/1P1B1PPP/1R1Q1K1R b kq - 4 13	f5f2	515	13141b1c
CQKR9	8/6K1/6P1/5Pk1/8/8/b7/8 w - - 5 54	f5f6 a2b1 f6f7 b1g6 f7f8q	515	00080g0p101h
DsfX5	r5qr/2p1kp2/p1pp3p/4p3/1P1NP3/P2P3b/1BP2PP1/1R1Q1RK1 b - - 0 18	g8g2	515	0y1314191b
EzqWt	3r2k1/8/p2rp2p/6p1/8/1Pn5/PR1B1PPP/4RK2 b - - 10 31	d6d2 b2d2 d8d2	515	0p
HIJIt	r4r1k/2n1bppp/q1p1pN2/2P1P1P1/1p6/pP2B2P/P1Q2P2/2K3RR w - - 3 22	c2h7	515	0y111314191b
HJ4Ez	4r1k1/p4ppp/5q2/3P1N2/Q3P3/7P/Pr4P1/R5K1 w - - 0 24	a4e8	515	0p0t13141b
HJkYq	3r3k/p5b1/2p3Qp/8/PP2B3/2pq2P1/7P/5R1K b - - 4 33	d3f1	515	0p0t13141b
HWd3d	1r4k1/p4ppp/3p4/p2P4/8/Pr2P1P1/1pR2P1P/2R3K1 w - - 0 27	c2c8 b8c8 c1c8	515	060p13151m1o
Ifqy0	5rk1/2p3p1/3p1q2/1Q1P2b1/P7/2B3pP/1P2R1P1/4R2K b - - 1 31	f6f1 e1f1 f8f1	515	1315191n1o
Ij0FD	r3r1k1/pp3ppp/5q2/N2p2n1/3N2b1/4QP2/PP4PP/R3R1K1 w - - 1 19	e3e8 a8e8 e1e8	515	061315191o
JS5hX	5k2/1pR3p1/4K2p/p2P4/1r6/8/1P6/8 w - - 10 51	c7c8	515	0p13141b1m
Kci8l	5rk1/1brq1pp1/pp2p2p/3p4/P2P4/2nQPP2/1P4PP/1BR2RK1 w - - 0 19	d3h7	515	1314191b
KvxZs	2r5/3k1p2/p3p1p1/q2pP2p/1R1Q1PP1/3P3P/P1r5/KR6 b - - 0 31	a5a2	515	0p13141b
L821K	Q6R/p3qpk1/1p5p/4rpp1/8/8/PPP2PPP/3R2K1 b - - 0 27	e5e1 d1e1 e7e1	515	0p13151o
LQTmk	5r1k/4r2p/p5pB/1pp5/3bq3/7B/P1P1n1PP/3R1R1K w - - 0 31	f1f8	515	0y1314191b1f
LayTV	1Q6/p4pkp/b5p1/3p4/1P1Rr3/8/P4PPP/6K1 b - - 0 30	e4e1	515	060p13141b
Ln9w7	1n3r1k/2N2ppp/8/2Q1p2q/1P1rP3/8/P1P2PPP/5RK1 w - - 3 21	c5f8	515	0t0y1314191b
N29ln	1k3b2/pppr4/3p3r/8/2P5/2B3P1/PP5P/4R1K1 w - - 0 33	e1e8 d7d8 e8d8	515	060p0s13151o
NfVq1	8/p7/1kq3p1/8/P5QP/6PK/8/8 b - - 13 55	c6h1	515	0p13141b1i
O2VsX	2r3k1/5pp1/3pp3/1p1N4/p2P2p1/1P6/P4PPP/1Kr1R3 w - - 0 31	e1c1 c8c1 b1c1	515	0g0p1o
O7tVz	3r2k1/pp3p1p/3rp1p1/2B5/8/1PP1RQ2/P4PPP/1b4K1 b - - 0 22	d6d1 f3d1 d8d1 e3e1 d1e1	515	060p101316
OJ1VR	r1b3kr/p4ppp/8/1Q6/3qn3/B7/P4PPP/R3R1K1 w - - 0 21	b5e8	515	1314191b
OQKdc	r4rk1/p4pB1/1pp5/7Q/2p1q2P/8/PKPP4/8 w - - 0 26	h5h8	515	0p13141b
OZ818	3r2k1/5ppp/8/p7/1bq5/B3P1P1/P4P1P/3R2K1 w - - 0 27	d1d8 b4f8 d8f8	515	0p13151d1o
Q8MDJ	8/8/6p1/6rk/1R5p/7K/8/8 w - - 4 66	b4h4	515	0p1113141b1m
RZsLg	r2qk2r/ppp2p2/3p3p/2bBp1p1/3nP3/P2P1QP1/1PP2PP1/R3K1NR w KQkq - 1 13	f3f7	515	041314191b
SnB1x	r2q1rk1/1b1nbpp1/p3p2p/np6/3PQB2/1PNB1N2/P4PPP/2R2RK1 w - - 1 16	e4h7	515	1314191b
SstWE	r2qk2r/p2nppbp/2p3p1/2p1P3/8/2N2Q1P/PPPP2P1/R1B2RK1 w kq - 1 12	f3f7	515	041314191b
TIC3R	1k2r3/pppQ4/nr5p/2N3p1/3P4/q4P2/1PP3PP/1K1R4 w - - 0 31	d7e8	515	1314191b
UeY7E	r4rk1/pp1bqpp1/4p2p/3n4/3p4/2PQ1N2/PPB2PPP/R4RK1 w - - 0 16	d3h7	515	1314191b
V85sc	4r1k1/p4pp1/1p5p/8/PPbBr3/2P5/5PPP/R3R1K1 b - - 0 25	e4e1 a1e1 e8e1	515	060p13151o
Vk05G	r1bb2k1/1p2r1pp/p1p1pp2/4N3/8/1P5P/P1P2PP1/R2R2K1 w - - 0 21	d1d8 e7e8 d8e8	515	0y1315191o
WYMJ9	r4rk1/2p2pp1/p2pNb1p/1p2q2P/4P3/P2P4/BPP2QP1/1K1R1R2 b - - 0 26	e5b2	515	1314191b1k
WxOk2	1r5r/1b1k1ppp/p1q1pb2/1P6/2NP4/4P3/2P1BPPP/RQ3RK1 b - - 0 17	c6g2	515	0y1314191b
aFvJD	r2qk2r/1p1bbpp1/p2p3p/2pP4/2P1P1n1/3BBQ2/PP1N2PP/4RRK1 w kq - 2 14	f3f7	515	041314191b
aPUGQ	r2q1rk1/p1pn1ppp/1p2p3/3b2N1/3P3P/4P3/PPQ2PP1/R3KB1R w KQ - 3 12	c2h7	515	0y1314191b
aoM0j	8/1k5r/1p4R1/p2N2p1/P7/1P2pPn1/2P5/4K3 b - - 0 44	h7h1	515	0p1113141b
ayX99	1r3rk1/3bppbp/1q1p1nP1/p1p5/4P1P1/2N1BP2/PPPQB3/2KR3R b - - 0 15	b6b2	515	1314191b1k
dZoAC	4rk2/p4p1p/1pBr1Pp1/2pP2P1/3n4/2K4P/PP6/4R3 w - - 0 31	e1e8	515	0p13141b
eHlKt	4rr1k/3N1ppp/pp1p4/2pBq3/Pn6/5QR1/1PP2PPP/R5K1 b - - 0 20	e5e1 a1e1 e8e1	515	061315191n1o
gajiT	8/8/2k1b3/6N1/3R3P/2B5/1PP2r2/1K6 b - - 2 62	f2f1 c3e1 f1e1 d4d1 e1d1	515	0p1013161f
gdYHH	3r1k2/p4p2/2Q1n3/2b5/4P3/2P3R1/PP1qNNP1/3R1K2 b - - 6 28	d2d1 f2d1 d8d1	515	1315191f1o
i2c3C	2R5/1b2qkp1/1p1p1p1p/p2P4/Pb3P2/3Q2R1/1B4PP/7K b - - 0 31	e7e1 d3f1 e1f1	515	0y1315191o
iEZag	8/8/8/7P/3K1kp1/8/8/8 b - - 0 59	g4g3 h5h6 g3g2 h6h7 g2g1q	515	000g0p101e1h
isnJQ	1r3rk1/p4pp1/B1pqp2p/2Np1b2/3P2n1/1P5P/P1P2PP1/R2Q1RK1 b - - 0 17	d6h2	515	1314191b
iwRTI	r1bq1rk1/pp3ppp/4pb2/6N1/2n1Q2P/2N5/PPP2PP1/R4RK1 w - - 0 14	e4h7	515	0y1314191b
jai98	8/8/8/2K3p1/1P3k2/8/8/8 w - - 1 55	b4b5 g5g4 b5b6 g4g3 b6b7 g3g2 b7b8q	515	000g0p1e1h1l1w
lHVHq	r1b2rk1/ppp2pbp/2np1q2/8/3PQ3/3B1N2/PP4PP/RN3RK1 w - - 1 14	e4h7	515	0y13141b1c
nC975	5n1k/pb4pP/1p2Q3/3pP1q1/1P1P4/P7/7P/5B1K w - - 1 30	e6g8	515	0p13141b
nNXth	6k1/pR3ppp/r4n2/8/1P6/P3P3/5PPP/5K2 w - - 1 29	b7b8 f6e8 b8e8	515	060p13151o
nj3FJ	R7/8/5Kpk/5p2/4r3/8/8/8 w - - 10 76	a8h8	515	0p1113141b1m
oGVNn	r1b1r1k1/ppq2ppp/5b2/2p5/P2p4/BP1P2P1/2P2PBP/R2QR1K1 w - - 4 18	e1e8	515	060t1314191b
pIIrj	r2qk2r/1p1nbpp1/2p1p2p/p3N2P/3P1Q2/6N1/PPP2PP1/2KR3R w kq - 1 16	f4f7	515	041314191b
pQOID	8/8/8/2p3P1/1p6/1k3K2/8/8 w - - 0 49	g5g6 b3a3 g6g7 b4b3 g7g8q	515	000g0p101e1h
pR2sa	r2n2k1/pp1b1rpp/2p5/2B5/4R3/2P5/P4PPP/4R1K1 w - - 1 23	e4e8 d7e8 e1e8 f7f8 e8f8	515	101316191d1n
qIGfJ	4k2r/1p3ppp/2N1p3/p7/4n3/N1P1b2P/PP3PP1/3R2K1 w k - 0 17	d1d8	515	0p13141b
r1yup	1k1r1bnr/pppbq3/8/4p1pp/8/1Q4P1/PP1N1PBP/R1B2RK1 w - - 0 15	b3b7	515	13141b1c1k
rCpfP	r1b2r1k/pp4pp/8/8/2B5/2b5/PP4PP/R4RK1 w - - 0 19	f1f8	515	060t1314191b
rTyQa	4r3/1RQ3pk/p1p2p1p/7q/2P5/7P/P5P1/7K w - - 0 36	c7g7	515	0p13141b
rU276	3r2k1/1p3ppp/1Qq1b3/2p5/2P5/7P/P3BPP1/6K1 w - - 0 22	b6d8 c6e8 d8e8	515	0p13151o
roCxv	r1b3k1/pp3ppp/8/4r3/8/P3P3/1P2B1PP/3RK2R w K - 0 19	d1d8 e5e8 d8e8	515	060p13151o
sKvFF	r1b1r1k1/1p3ppp/p7/1Q1p4/1n3B2/5NP1/PqP1N1BP/4RK2 w - - 0 19	b5e8	515	0t0y1314191b
sM9t7	r4rk1/1b2Bpp1/p3p2p/1p1q4/2pP4/P3P3/1P2QPPP/1BR2RK1 b - - 0 18	d5g2	515	0y1314191b
sVJJo	6k1/p2R2pp/3Nr3/2p5/8/1P4P1/P4PK1/3r4 w - - 1 29	d7d8 e6e8 d8e8	515	0p13151o
tIueO	6B1/6pp/8/5p2/1P1R4/r3PkP1/5P1P/6K1 b - - 3 37	a3a1 d4d1 a1d1	515	0p13151o
tpJmE	r2q1rk1/pb3ppp/1pp1p3/8/3NQ3/2n4P/P1B2PP1/1R3RK1 w - - 0 20	e4h7	515	0y1314191b
ukP83	6k1/p1p3pp/2Q2p2/6q1/1P1b4/P3P3/3r1PPP/5RK1 w - - 0 24	c6e8	515	0p13141b
v8viH	r2q1rk1/2pnbppp/p2p4/1p1P4/4P3/1PQ5/PB3PPP/RN3RK1 w - - 2 15	c3g7	515	0y1314191b
volgi	r2qk2r/pp1n1ppp/2pbp3/3n4/3P4/2NPBQN1/PP4PP/R4RK1 w kq - 6 12	f3f7	515	041314191b
wEfzj	Qn2k2r/2p2ppp/p2b1n2/4q3/2p5/2N1B3/PP3PPP/2R2RK1 b k - 0 15	e5h2	515	0y1314191b
wlsRB	3r4/5k1p/3rpp2/p5p1/Bn6/BP3P2/2P3PP/1K1RR3 b - - 3 34	d6d1 e1d1 d8d1	515	0111191k1o
z5AcR	8/6p1/5k2/7P/6RK/5PP1/1r6/8 b - - 0 58	b2h2	515	0p13141b1m
z7DRF	3k2r1/Rp3p2/2p5/8/4b2P/8/1P3PP1/6K1 w - - 0 32	a7a8 d8e7 a8g8	515	010p1o1p
zLU2c	5rk1/pp2q1pp/2p5/3p4/P2P4/1Q3R2/1PP3PP/7K b - - 0 24	e7e1 f3f1 e1f1	515	0p13151o
zxqlG	6k1/p1q2r1p/2p2p1B/3p1PP1/2p4p/2P5/PPP5/4RnK1 w - - 0 29	e1e8 f7f8 e8f8	515	0p0y13151d1o
1Wb7S	8/8/2p5/4p1p1/r3P2k/p4K2/R7/8 w - - 4 63	a2h2	516	0p1113141b1m
25oVU	2k3r1/ppp4p/5p2/5P2/5R2/5B2/PPP2P1P/1K6 b - - 0 23	g8g1 f3d1 g1d1	516	060p13151o
2Cf6g	2b4k/pp3Q1p/6pb/4P2n/3q4/6P1/PPP1R2P/1K3B1R b - - 2 25	d4d1	516	1314191b
3Nk3p	r3k1nr/p2q2pp/1pp5/4n3/8/2N2QP1/PPP3KP/R4R2 w kq - 0 19	f3f8	516	1314191b
73KWo	2k1rb1r/pbpp4/1p6/5Np1/6P1/2PB2Pp/PPPn3B/R3R1K1 w - - 5 25	e1e8	516	060t1314191b
83EDm	4r1k1/p2R1pp1/2pb1p1p/8/8/2N4P/PPP2PP1/6K1 b - - 0 18	e8e1	516	0p13141b1f
8s1Ty	r1b1Qb1k/pp4rp/2p1pN2/3p4/5P2/3q2P1/P5KP/5R2 w - - 4 30	e8f8 g7g8 f8g8	516	0t0y1315191o
91q7l	r3k2r/p2n1pbp/1p1p1qp1/2pB4/8/P3BN2/1PPQ1PPP/2KR3R b kq - 0 14	f6b2	516	1314191b1k
9Mwnt	3rr1k1/pp3ppp/8/6n1/N2p4/PP3qP1/2P1QP1P/R3R1K1 w - - 4 21	e2e8 d8e8 e1e8	516	061315191o
A2CmU	rn5k/6p1/b1p5/p5N1/1p3r1P/8/PPP2PP1/2KR3R w - - 0 25	d1d8 f4f8 d8f8	516	1315191o
BaNre	b2q1rk1/4bppp/2n5/3p4/2pP4/1pP2N1P/1PQ2PP1/1BB2RK1 w - - 0 19	c2h7	516	0y1314191b
CHOiu	r4rk1/pp3pp1/4bq1p/3p4/3N4/3QP3/P1B2PPP/1n3RK1 w - - 0 17	d3h7	516	1314191b
ClYMi	6k1/5ppp/p1rB1bn1/1p4q1/P1P5/1P6/5PPP/4R1K1 w - - 0 28	e1e8 g6f8 e8f8	516	0p13151d1o
Fj5jA	r4rk1/2q2ppp/2p1pb2/4N2b/ppPP4/3Q3P/PPB2PP1/R4RK1 w - - 0 19	d3h7	516	0y1314191b
Flljs	4r1k1/2p2ppp/1bp2P2/8/8/2r2b2/P4PPP/3RR1K1 w - - 0 19	e1e8	516	0p0t13141b
FnvZM	6k1/R2ppp1p/6pB/8/3b1N2/1r4P1/5PKP/2r5 w - - 0 28	a7a8 b3b8 a8b8 c1c8 b8c8	516	0p1013161f
IFT6z	r1k1nb1r/1pp1p2p/p3N1p1/4n3/8/2N5/PP3PPP/R2R2K1 w - - 0 16	d1d8	516	1314191b
IPxnh	r1b1r1k1/1p3ppp/1qp5/p2p4/3P1P2/1Pn2B1P/P5PK/RN2QR2 w - - 0 21	e1e8	516	0t0y1314191b
JN77b	q3r3/P4pk1/1Q1p3p/3br1p1/P2N1p2/2P2P2/6PP/R3R1K1 b - - 0 29	e5e1 a1e1 e8e1	516	0g0y1112191o
K2JVS	5b1k/pp3p1p/2pprN2/4np2/8/3P1PRB/PPP2P1P/2K5 w - - 2 21	g3g8	516	030p13141b
Mg2sv	6rr/p1k5/2p1pn1P/q4p2/1bQP1P2/4PB2/1PP3P1/2K3RR b - - 1 26	a5a1	516	1314191b
MifaW	1k3r2/ppp2Prp/5R2/3qpQ2/3p4/3P4/PPP3P1/5RK1 b - - 8 30	d5g2	516	0p0y13141b
NGAq0	8/R7/1P6/P4Np1/6p1/5kP1/1r6/5K2 b - - 2 53	b2b1	516	0p13141b
OAJOr	4k1r1/p4p1p/2r1pBp1/4P3/1b6/8/Pq3PPP/3R1K1R w - - 0 21	d1d8	516	1314191b1d
OL2Iz	4kb1r/pp3ppp/7q/3RPb2/8/7N/PP4PP/K1Q2B1R b k - 0 17	h6c1	516	0t1314191b
Oi6i7	3nr3/1p1q2kp/1R1pr3/6p1/3P1p2/PQ5P/1P3PPB/3R2K1 b - - 1 30	e6e1 d1e1 e8e1	516	061315191o
PfeLh	2r4r/3b1pkB/2pbp1p1/p5P1/p2P3Q/4P3/5PK1/7R w - - 6 30	h4h6	516	1314191b
PgfNi	2br2k1/r3bppp/2q5/4BP2/p1pPn3/P1N3Q1/1P4PP/R4RK1 w - - 0 25	g3g7	516	0y11121314191b
PhOgk	r1bq1rk1/pp3ppp/n1p1pb2/7P/2PPQ3/P1N1P3/1P6/RB3K1R w - - 2 18	e4h7	516	0y1314191b
Q3n7b	8/3R1ppp/8/8/7P/k1K2P2/6r1/8 w - - 0 50	d7a7	516	0p13141b1m
QM0OW	r1b2n1k/1p4p1/5p1p/4p2P/pQ4N1/3B2q1/PPP3P1/1K1R4 w - - 0 30	b4f8	516	0t0y111314191b
QO0k8	2kr3r/pp1bnp1p/2nq1bpP/2p1p3/2BpP3/PQ4N1/2PPNPP1/1RB1K2R w K - 1 15	b3b7	516	111314191b1k
QkS5G	r1bn2k1/1p2nppp/p3q3/4p3/4P3/2N1B3/PPP2PPP/2KR1B1R w - - 0 14	d1d8	516	061314191b
S0Bn3	1k6/ppp2q2/3p4/8/4P3/2NK4/PPP3P1/7R w - - 0 28	h1h8 f7e8 h8e8	516	060p13151o
SdO55	rn1q1rk1/1ppbbppp/p2p4/3np1N1/2P5/1P2P3/PBQP1PPP/R3KB1R w KQ - 0 10	c2h7	516	0y13141b1c
TBEug	r1bQr1k1/pp3ppp/8/2N5/8/8/PqP2PPP/5RK1 w - - 2 19	d8e8	516	0t1314191b
UAM1N	r1bq1rk1/p2n1ppp/2p1p3/1p2P1bn/3P4/2NQ1N2/PPB2PPP/R4RK1 w - - 0 13	d3h7	516	0y1314191b
UCu6g	8/8/4npb1/2p1k1p1/2P3P1/1P2K3/8/3R4 w - - 30 68	d1d5	516	0p1113141b
ZiKx0	1r2r2k/p3np1q/1p3Np1/2p3P1/P2pbP2/3P3R/1PPB3P/6K1 w - - 0 29	h3h7	516	030y1314191b
cqVwG	r1b2rk1/2p2pp1/pb1p3p/1p1Pp1q1/4Pn2/P2PBN1P/1P1Q1PP1/R2B1R1K b - - 10 20	g5g2	516	0y1314191b
dOD5T	r1r3k1/2q2pp1/p3pn2/3p4/4n2Q/3B3R/P4PPP/RN4K1 w - - 4 26	h4h8	516	1314191b
dadx8	6k1/p3pp1p/6p1/8/2B4P/2B1PP2/PPq2P2/K2R4 b - - 0 25	c2d1	516	060p13141b
fl0Ii	3r1rk1/pp3ppp/1qn2b2/8/3P4/P2QBb2/5PPP/1BR2RK1 w - - 0 19	d3h7	516	0y1314191b
ftP6H	5rk1/p2q1pp1/3bp2p/n1pp2N1/3P4/2PQP1P1/P4PP1/1N2K2R w K - 0 18	d3h7	516	1314191b
gdE4k	rn2r1k1/1b2nppp/pp2p3/3qN3/1P3B2/P2BP3/2Q2PPP/2R2RK1 b - - 1 18	d5g2	516	0y1314191b
h6kaf	6k1/RR6/2p3rp/8/p3P2K/5P2/8/6r1 w - - 4 43	a7a8	516	0p1113141b1m
iXFR5	6k1/r5p1/7p/3r2N1/7P/8/P1R2PPK/8 w - - 0 34	c2c8 d5d8 c8d8	516	0p13151o
j3Z7y	6k1/R4ppp/p1r1p3/2p5/1pP1Pb2/7P/1P4P1/1K6 w - - 2 32	a7a8 f4b8 a8b8 c6c8 b8c8	516	060p101316
jSNL7	4r3/2R3pp/pB4k1/1p6/7P/5bP1/PP3P2/6K1 b - - 0 34	e8e1 g1h2 e1h1	516	0p13151d1o
lYy97	rn1qk2r/pp3ppp/2p2n2/2Q5/2B1PNb1/2P5/P4PPP/R1B1K2R b KQkq - 0 14	d8d1	516	13141b1c
m2xsS	rn2r1k1/pp2Qppp/2p2n2/8/3q1p2/5B2/PPPP2PP/R1B1R2K w - - 1 15	e7e8 f6e8 e1e8	516	061315191o
mUxpG	2r1k2r/2q2pQp/p2p4/1p1Pn3/8/8/PPP3PP/2KR1B1R b k - 0 17	c7c2	516	1314191b1k
mpVqy	r4rk1/pbp2pp1/1pq4p/PP2p3/R1B5/3P4/2P1QPPP/5RK1 b - - 0 18	c6g2	516	0y1314191b
ngnhN	1r4k1/5p1p/2p2qpB/p1pp4/3b1Q2/3P1P2/P1P2P1P/6K1 w - - 0 22	f4b8 f6d8 b8d8	516	0p13151o
oT2sM	r2q1rk1/3b1pp1/p1n1p2p/8/3PQ2N/p7/1P3PPP/RB3RK1 w - - 0 19	e4h7	516	1314191b
ozPdm	6k1/2R2p2/p3pBp1/1p1b3p/8/P4P2/1P2r1PP/7K w - - 4 27	c7c8 g8h7 c8h8	516	0p13151o
qkaCf	5r1k/7p/8/3P4/2PR1pp1/8/6PP/1r2R2K b - - 2 41	b1e1	516	060p0t1113141b1m
sm5bK	6r1/5p1k/p1n1pP1p/2PpP1P1/1p1P3Q/4qN2/6K1/5R2 w - - 1 36	h4h6	516	0p13141b
uZ0yq	rn1qr1k1/5ppp/2pb2b1/pp4p1/8/1PQ2N1P/PBPP1P2/2KR1B1R w - - 0 16	c3g7	516	0y1314191b
vRK8p	r3kb1r/pp3ppp/bq2p3/3pN1B1/3Nn3/1PP2Q2/P4PPP/R3K2R w KQkq - 1 14	f3f7	516	041314191b
vTIvT	3r2k1/p2r1pp1/1pn2q1p/8/P1PpRP2/BP1Q2P1/6KP/4R3 w - - 4 29	e4e8 d8e8 e1e8	516	0y111315191o
wGdj7	r4rk1/pp2ppbp/1q4p1/4P3/1pP1QBn1/5N2/1P3PPP/3RKB1R b K - 0 16	b6f2	516	041314191b
yGnWk	rnbqk2r/pp3ppp/2p5/2b1p1P1/2B1p3/5Q2/PPPP1P1P/R1B1K1NR w KQkq - 0 8	f3f7	516	0413141b1c
yOQUS	3r1rk1/1pp1qpp1/p1n1p2p/6N1/3P3R/P2Q4/1PP2PPP/R5K1 w - - 3 17	d3h7	516	1314191b
zAR4v	4r1k1/p5p1/1p6/2qR2p1/2P5/2Q3P1/P4P2/3Rr1K1 w - - 1 37	d1e1 e8e1 c3e1	516	0g0p111o
08igm	r5k1/1b2rppp/1p3n2/1B1qp3/2Pp4/P6P/NP2QPP1/3R1RK1 b - c3 0 18	d5g2	517	0y1314191b
2MLFv	q4rk1/5ppp/8/2Q1N3/5R2/PB4P1/1B5P/6Kb b - - 0 29	a8g2	517	1314191b
2Xwmr	6k1/pp3p1p/3P2pq/2p1p3/5b2/P2P1R2/1PP4P/5Q1K b - - 0 26	h6h2	517	0p13141b
2hNDo	5rk1/pb3ppp/1p2pn2/8/3N3Q/r3P3/1R3PPP/R5K1 b - - 0 22	a3a1 b2b1 a1b1	517	0t111315191o
2qJEU	7k/5r1p/4b2p/2bpP2P/1p1P1p2/n1rB1N2/4KPR1/6R1 w - - 0 36	g2g8	517	111314191b
2vrN5	6k1/3R2p1/8/3p2N1/r4n2/6K1/7P/8 w - - 0 37	d7d8	517	0p13141b
3hjLb	3r1rk1/p4ppp/2p2b2/1p6/3P1q2/3Q1bN1/PPB3PP/R3K2R w KQ - 0 21	d3h7	517	0y1314191b
4F2JS	3RQ3/6kp/p5p1/1p1P4/5Pn1/P6b/1P5P/2rB2K1 b - - 0 37	c1d1 e8e1 d1e1	517	0p0t13151f1o
5XFTm	8/3B4/r2p4/6p1/3RP2p/5PkP/8/7K b - - 0 49	a6a1 d4d1 a1d1	517	0p13151o
6IROp	r3r1k1/5pp1/2p5/1pPp3P/p2NqPQ1/4P3/PP6/2K1b1R1 w - - 0 26	g4g7	517	0y1314191b
6pTcy	r4rk1/ppqb1pbp/4p2p/8/4Q3/2PB3P/PP1N1PP1/2KRR3 w - - 3 18	e4h7	517	0y1314191b
77xyd	r4k1r/3n1p2/pq1N2p1/1p2b2p/3p1Q2/5P2/PPP3PP/1K1R1B1R w - - 1 18	f4f7	517	111314191b
7pf4y	r1b1k2r/p3bppp/2p2n2/3p2B1/6q1/2N5/PPP1QPPP/R3R1K1 w kq - 2 13	e2e7	517	1314191b
852Ss	3r1rk1/2p2pp1/1p3P1p/p2bP1q1/Pb1PQ1P1/1N1BR2P/8/1R4K1 w - - 0 34	e4h7	517	1314191b
8tbym	rnbqk1nr/pp3ppp/8/2ppp3/6PR/1P3P2/PBPPP3/RN1QKBN1 b Qkq - 0 6	d8h4	517	0t13141b1c
9ZKBp	r5nr/1bkp2p1/6qp/pBB1P3/P4Q2/1P6/2P2PPP/R4RK1 b - - 8 22	g6g2	517	0y1314191b
CvMKj	2r3k1/p4ppp/1p6/3p4/3Pr2P/P3P2Q/4K3/q1B5 w - - 0 23	h3c8 e4e8 c8e8	517	0p0t13151o
CwD61	3r1r1k/pp5p/2P2p1p/4p3/2P5/4R1R1/PP3PPP/6K1 b - - 0 22	d8d1 e3e1 d1e1	517	060p13151m1o
DRbO4	1r4rk/5p2/p1p1pPp1/2qpP2p/5Q2/P3P2R/2P4P/R5K1 w - - 0 30	f4h6	517	0p13141b
Dl9dw	r4rk1/pb4pp/np2pq2/3p4/2PPB3/P1N5/1P1N1PP1/R2QK2R b KQ - 0 16	f6f2	517	04111314191b
Ec9rc	5r1k/pp1b2pp/2n1p3/3p2N1/8/2P5/PPqN2PP/5RK1 w - - 0 23	f1f8	517	0y1314191b
EquOX	1nbq1rk1/1p3ppp/4p3/3p4/2P1n3/2Q1PN2/5PPP/B3KB1R w K - 1 14	c3g7	517	0y1314191b
FtMKT	2k3r1/1pb5/1Bp5/2P5/7P/5R2/PP5p/7K b - - 1 33	g8g1	517	0p13141b
FwKvl	7R/p2k2p1/2p3B1/4PP2/1b6/3P1rn1/PPR5/3K4 b - - 0 36	f3f1	517	0p1113141b1f
HpqMa	3r1k1r/p1p2ppp/1p1p1q2/1B1n4/8/4Q3/PPP1RPPP/2K4R w - - 0 16	e3e8 d8e8 e2e8	517	1315191d1n1o
IXSje	r3qrk1/1pp1npb1/p3p3/4p1N1/2Bn2P1/3Q3P/PPP2P2/2KR3R w - - 0 17	d3h7	517	1314191b
JU6c5	8/7p/p3R3/2B2ppk/4b3/4R3/r4PPP/6K1 b - - 2 35	a2a1 e3e1 a1e1	517	0p13151o
L1g3Q	rnb2rk1/pp1p1ppp/1qp5/8/4P1n1/3PBN2/PPP1K1PP/RN1Q1B1R b - - 5 9	b6e3	517	13141b1c1s
RCeeG	4r1k1/5pp1/p4n1p/qpp5/2n2P2/2P2N1P/PPB1Q1P1/1K2R3 w - - 0 26	e2e8 f6e8 e1e8	517	0y1315191f1o
Tyi0N	r2nr1k1/ppp4p/6pB/6N1/2qp4/8/PPP3PP/R3R1K1 w - - 0 21	e1e8	517	0t0y1314191b1f
VJ8ha	r1b1r1k1/pp3ppp/2p5/4qp2/5R2/3P1B2/PPP3PP/R1BQ3K b - - 1 16	e5e1 d1e1 e8e1	517	061315191o
X641U	8/R5pp/6k1/8/8/P1P1P3/1R1r1PPP/6K1 b - - 0 29	d2d1	517	060p13141b1m
Yo7F9	3rr1k1/p4p1p/6p1/2p1q1n1/2P5/2NP2R1/P1Q3PP/R6K b - - 7 24	e5e1 a1e1 e8e1	517	061315191n1o
a0N0p	6k1/5ppp/8/4p3/5q2/3P2RP/2r2PQK/8 w - - 0 28	g2a8 c2c8 a8c8	517	0p13151o
cba28	3r2k1/1q3ppp/8/8/p7/1P2Q3/1K3P2/3rR3 w - - 0 45	e3e8 d8e8 e1e8	517	060p13151n1o
cqmqS	2k1r3/1pq4p/pQp2np1/B1Pp1p2/3PrP2/P7/1P4PP/3R1RK1 w - - 7 25	b6c7	517	1314191b1k
dg66s	b4r1k/6p1/3Q3p/6q1/8/2pB2pP/P1P2P2/R5K1 w - - 0 28	d6f8	517	0p0t13141b
ea37z	5r1k/p1p3pp/8/2b1B3/3NbPPq/2P1P2P/P4Q1K/R7 b - - 0 25	h4f2	517	0t1314191b
edL4m	r1b2rk1/1pp2ppp/p2q4/3P1P2/1P2N1n1/PB2P3/3Q2PP/R4RK1 b - - 0 18	d6h2	517	0y1314191b
eryNq	4r1rk/pbq2p2/1p1b1p1p/2pp1P2/6B1/2P4P/PP1QN1P1/4RRK1 w - - 2 25	d2h6	517	0y1314191b
fDdcs	5r1k/1p5p/4r1p1/2QP4/4qP2/1P4PK/P4R1P/8 w - - 0 33	c5f8	517	0p0t1113141b
i5fdJ	5k2/ppR2pp1/2nP3p/8/8/P4N1P/1q3PP1/6K1 w - - 0 26	c7c8 c6d8 c8d8	517	0p13151o
iz1DI	4q1kr/1b3p1p/r2p2pB/1Q1P1N2/pp6/8/1P3PPP/6K1 w - - 0 24	b5e8	517	0t0y1314191b
jNeBl	4r1k1/p2b1pp1/1p5p/3pQ3/8/3B2PP/q1P1RPK1/8 w - - 2 26	e5e8 d7e8 e2e8	517	0p13151f1o
kzBBL	r1r1q2k/2p3p1/p2p3p/1p2p3/3PQ3/6BP/bPB2PP1/4R1K1 w - - 0 31	e4h7	517	1314191b
m7cwS	4rrk1/5pp1/p1pp3p/1p4q1/4PQ2/2NPP2b/PPP3P1/R4RK1 b - - 3 16	g5g2	517	0y1314191b
mUkOd	2Qr2k1/pp3ppq/7p/8/6R1/P4PP1/1P3PK1/8 w - - 7 32	c8d8	517	0p0t13141b
oOIdQ	3r4/P1k5/5R2/6np/N5p1/2P5/1P1r1PPP/R5K1 b - - 0 30	d2d1 a1d1 d8d1	517	060p13151o
qfzEI	2k4r/4pp2/2p4b/2Nb3r/2PP2p1/4P1P1/5R2/R3Q1K1 b - - 0 32	h5h1	517	1314191b1d
qt7wN	6k1/6p1/1n5Q/2p5/3pP3/1P6/5rPP/5R1K b - - 0 34	f2f1	517	060p0t1113141b
rGv8v	r1n1k2r/5ppp/pqpbp3/3pN1B1/3P4/2P2Q1P/PP3PP1/1R4K1 w kq - 4 18	f3f7	517	041314191b
seF7T	2rq2rk/4bp2/pp2b3/3pPp2/PP1P3p/2P1Q2P/5BP1/R4RK1 w - - 0 25	e3h6	517	1314191b
uMd1f	2rk1r2/p3p3/1p1p1p2/2p5/4Q2P/8/q4NP1/B3R1K1 w - - 2 30	e4e7	517	1314191b
wJ1PW	r5k1/ppp2Rp1/7p/3p4/3N2Pq/1N6/PPP3P1/2K1Q3 b - - 0 22	h4e1	517	0p0t13141b
z7wON	r3r1k1/1bq2ppp/p2p4/2pn1Pb1/1n6/1BNP4/1PPBQ1PP/R3R1K1 w - - 0 18	e2e8 a8e8 e1e8	517	061315191o
zPwfb	6k1/2q3pp/1p2b1r1/pQ1p4/P1rPp3/2P1R1P1/1B5P/1R4K1 w - - 3 32	b5e8	517	1314191b
3rZdF	2R2rk1/5ppp/q3r3/5n2/1B6/P6P/5PP1/2R3K1 w - - 0 35	c8f8	518	1314191b1d
8eZ8X	r3r1k1/ppp2ppp/2Nbq3/3p2B1/3P2Q1/7P/PPP2PP1/R3R1K1 b - - 0 16	e6e1 a1e1 e8e1	518	0y1315191f1o
8laKp	2r2rk1/1b3pp1/p3p2p/1p2P1q1/1PpP4/P1N5/4QPPP/3RR1K1 b - - 1 22	g5g2	518	0y1314191b
AQuEb	2k5/pp5q/2P5/4Q3/P2P1Pp1/2N1P2R/3B3K/6R1 b - - 0 32	h7h3	518	0p13141b
B3PnO	1Q1q2k1/5ppp/4p1b1/4P3/5P2/1P1p2PP/r1r2N2/3R1RK1 w - - 2 32	b8d8	518	060t111314191b
BGMP3	r1bb1q1k/pp5p/4p2Q/2pp2PB/3P2p1/2P1P3/PP5P/R5K1 w - - 0 26	h6f8	518	0t0y111314191b
CMhyV	2bRr1k1/p5p1/1p4Bp/4P3/5P1q/8/P5PP/5RK1 w - - 2 28	d8e8	518	0p0t13141b1f
D5avb	r4rk1/4bp1p/b1q1p3/2pp2Np/P7/1PN1P3/1BQP1PP1/R3K3 w Q - 0 18	c2h7	518	0y1314191b
DRBkk	3R1r1k/pb4pp/4r3/2p2p2/8/P3B3/1P3PPP/R5K1 w - - 2 27	d8f8	518	060p0t1113141b
Df0v7	6k1/2p5/5R1B/4P1N1/8/p2r4/1r4P1/1b3K1R b - - 9 38	d3d1	518	111314191b
FSyVZ	r5k1/pp3pp1/2p4p/2PpP3/1q6/8/PPQ2PPP/4R1K1 b - - 7 22	b4e1	518	0p0t0y13141b
GUNG9	3r1rk1/1pq1bppp/2b1p3/1p2P3/2pPQ3/8/PPB2PPP/RN2R1K1 w - - 2 19	e4h7	518	0y1314191b
GtMSm	r5k1/pp2npbp/1q1Pp1p1/3p4/5PB1/3Q4/PPP2P1P/1K1R3R b - - 0 20	b6b2	518	111314191b1k
GtuC2	r2q1rk1/p3bppp/1pbp4/3n4/3QP3/1P6/PBP1BPPP/R4RK1 w - - 0 14	d4g7	518	0y1314191b
Gzjww	3r2k1/p1r1Pppp/1p6/2n5/1Q6/8/PP3PPP/3R2K1 b - - 0 23	d8d1 b4e1 d1e1	518	060p0t13151o
I0rqK	6k1/pp3ppp/3r4/5R2/P3R3/4n1P1/1P5P/7K b - - 2 39	d6d1 f5f1 d1f1	518	0p1113151o
IzGZC	r1b2rk1/pp1n1pp1/2p2q1p/3p2N1/2P5/3Q1N2/PP3PPP/R3R1K1 w - - 2 19	d3h7	518	1314191b
JQLeU	rb3rk1/1p3ppp/p1nqpB2/3p4/1P1P4/P1NB1Q1P/5PP1/2R2RK1 b - - 0 18	d6h2	518	1314191b
OUfFY	r2q1r1k/2pb2p1/p1nb3p/1p1N1p2/1P2nP2/PB2P1QP/1B4PN/R4RK1 w - - 1 19	g3g7	518	0y1314191b
PXRfu	QR6/8/2P5/8/8/K1k5/8/6r1 b - - 0 90	g1a1	518	0p13141b1j
SeH1I	r2q1rk1/3nbppp/p7/np1Pp1N1/4QP2/2N5/PP4PP/R1B2RK1 w - - 1 15	e4h7	518	0y1314191b
Taqdf	6rk/1b3p2/pq3Prp/1p1pp3/3P3Q/P5PR/1P2B2P/1R4K1 w - - 0 27	h4h6 g6h6 h3h6	518	0y1315191n1o
U4M3r	2r3k1/5ppp/p3r3/1p1p4/PqpB4/1P6/B1P3Q1/3R1K2 w - - 4 30	g2g7	518	1314191b
Uahb2	1rn2knr/6p1/3ppq1p/pBb1P3/4P1Q1/3P4/PPP3PP/R1B2R1K b - - 0 18	f6f1	518	0t0y1314191b
VKbBj	1k3b1r/ppp2q2/5p2/4n1p1/8/2P1B1PB/PP4PN/3R1RK1 w - - 0 19	d1d8	518	1314191b
VWbob	2r2k2/1pr1qppQ/p2p2n1/4p1P1/P3PP2/3P2P1/1P3RK1/7R w - - 9 27	h7h8 g6h8 h1h8	518	061315191n1o
a9pF8	3q2k1/1p3pp1/7p/pBP1p3/3r4/P5RP/5PP1/2Q3K1 b - - 0 33	d4d1 c1d1 d8d1	518	010p0s111o
asUTn	7k/3p3p/p3p3/1p1n1r1N/5P2/1P3K2/P1R5/8 w - - 4 38	c2c8 f5f8 c8f8	518	0p1113151o
bAgMu	8/2P2pk1/1R1B3p/6p1/P1r5/5pP1/5P1P/2r2RK1 b - - 2 44	c1f1 g1f1 c4c1	518	050p13151o
cb2cu	3b3k/1P6/r4p1p/3n2p1/2NP4/1R1PP3/5PPP/6K1 b - - 0 35	a6a1 b3b1 a1b1	518	060p13151o
eN1HZ	5R2/8/4p3/3p4/3Pk3/4P3/4K3/7r w - - 7 48	f8f4	518	0p13141b1m
fA49J	2r3k1/5p1p/1p1p2p1/pPnb2q1/P2B4/6N1/4QPpP/4R1K1 w - - 0 25	e2e8 c8e8 e1e8	518	0y1315191f1n1o
fDbkc	3r2k1/p4pp1/1p2p2p/2p5/2PrP3/1P2PKP1/P6P/3R1R2 b - - 0 24	d4d1 f1d1 d8d1	518	0g0p1m1o
h9ANk	r2q1rk1/p3b1pp/1pp5/2Pp4/4p3/2BbP1Q1/PP4PP/2KR3R w - - 0 19	g3g7	518	0y1314191b
kVbsy	2Qq1rk1/5pp1/1p2p2p/p3P3/1p1P4/6P1/1P1N1PBP/2R3K1 b - - 0 22	d8c8 c1c8 f8c8	518	010p1o
m5EyN	8/2q1kpp1/8/3QP2p/pP6/Pn3N1P/K5P1/2bR4 b - - 2 35	c7c2	518	0p13141b
oatQb	3rr1k1/pp3ppp/5q2/2p4b/8/2PB1P2/PP2Q1PP/4RRK1 w - - 0 19	e2e8 d8e8 e1e8	518	0y1315191o
paGln	3r1rk1/ppp2ppp/3b4/4q3/3Nn3/PP2P2P/1BQ2PP1/3R1RK1 b - - 6 19	e5h2	518	1314191b
polD2	3r1rk1/1p1qbppp/p2pb3/8/2PQn3/1P4P1/PB3PBP/R2R2K1 w - - 0 16	d4g7	518	0y1314191b
qUSFm	7R/8/8/4kp1B/1p2n2K/1P4P1/P2r3P/8 b - - 4 49	d2h2	518	0p1113141b
qb0xh	7r/5R1P/3kp3/1B2b3/1K1p2r1/8/8/8 w - - 1 54	f7d7	518	0p13141b1d
r9k9F	3q1k2/p1Q2r1p/2p3p1/5p2/8/7P/5PP1/B5K1 w - - 0 31	c7d8	518	0p0t13141b
rlfL3	r4rk1/5pp1/p1n1q2p/1p6/1b1P4/3QNb2/PPB2PPP/R4K1R w - - 0 17	d3h7	518	1314191b
si07e	2r4R/p4Qp1/1kq1p2p/1p1pP3/3P4/1N6/PP3PPP/6K1 b - - 0 29	c6c1 b3c1 c8c1	518	060p13151n1o
tRXEP	r2qkb1r/p2p1pp1/1pp1p1p1/4P1N1/3P4/5Q2/PP3PPP/n1B2RK1 w kq - 0 14	f3f7	518	041314191b
uKT2V	8/6RR/r4p2/pr2p3/4Pk2/2n2P2/1P3KPP/8 w - - 3 33	h7h4	518	0p13141b
xTS2I	8/8/8/6k1/2R2N1p/6pK/3r4/8 b - - 9 63	d2h2	518	0p13141b
yFWvu	1n2Rr1k/5ppp/pN6/2p5/P5P1/4P2P/6K1/8 w - - 0 32	e8f8	518	060p0t13141b
z7lCE	r4rk1/ppp2pb1/5q2/3PpQN1/P1P5/8/1PP3PP/5RK1 w - - 0 21	f5h7	518	1314191b
1ne1p	6r1/8/1R6/pP1N4/P3P2k/5P2/5b1P/7K b - - 0 42	g8g1	519	0p13141b1d
29d7a	r2b1r1k/1p1q2pp/p7/5p2/1QPppP2/6B1/PP4PP/3R1RK1 w - - 0 24	b4f8	519	0t0y1314191b
2Vozi	5rk1/5pbp/3Q2p1/p3p3/4P3/3P2B1/q4PPP/1R4K1 b - - 0 28	a2b1	519	060p0t13141b
2ZTQ9	r2n1rk1/1bp1b1pp/p2pN3/3P2P1/q6P/2Q4B/PPP2P2/R3K2R w KQ - 1 19	c3g7	519	0y1314191b
2mSWg	6k1/6P1/3p1PK1/3P4/1p4B1/8/6r1/8 w - - 4 54	f6f7	519	000p13141b
2nJnw	r4q1r/4k3/pp6/2p1b2p/3PQ1B1/1PP1P2P/P5P1/R1B4K b - - 0 26	f8f1	519	1314191b
3CPGi	r4rk1/1pR3pp/p3p3/4p1b1/P1Np4/1P6/3B2PP/5R1K b - - 0 28	f8f1	519	061314191b
50sF4	r1b2rk1/pp4pp/8/nPp1Np2/2P1n2q/P3P3/1BQ1BPPP/R4K1R b - - 3 16	h4f2	519	11121314191b
5GdM7	r3r1k1/1pp1q1b1/p1n3pp/P1Np4/1P3pnN/2PP2Pb/1BQ2P1P/R3R1KB b - - 1 22	e7e1 a1e1 e8e1	519	0y1315191f1o
5tZX1	rnbq1rk1/1p3pp1/p1p1pb1p/6N1/2PPQ2P/6P1/PP3PB1/R1B2RK1 w - - 0 14	e4h7	519	1314191b
98Fjo	r1k1qb1r/ppp3pp/3p4/3n2B1/Q7/2N5/PPP2PPP/R5K1 w - - 0 16	a4e8	519	0t1314191b
A4wfR	6k1/pppQ1p1p/5bp1/4p3/8/2N1q1P1/PP4BP/7K b - - 1 20	e3e1 g2f1 e1f1	519	0p13151o
AHYSb	r2qkbnr/1b3pp1/p1np3p/1p1Bp3/4P3/2N2Q2/PPP2PPP/RNB1K2R w KQkq - 0 10	f3f7	519	0413141b1c
B1Om8	4r1k1/p4rp1/2PB4/4P2q/P2R4/4RbP1/3Q1P2/6K1 b - - 2 40	h5h1	519	1314191b
B1ko5	1rb1kB1r/4pp1p/pq1p1np1/2p5/4P3/2N2P2/PPPQ2PP/2KR1B1R b k - 0 12	b6b2	519	1314191b1k
BE6Vp	1r2r1k1/1p2qppp/pn1p2b1/2p5/2PQ4/1P4PP/PB2PPB1/R3R1K1 w - - 0 19	d4g7	519	0y1314191b
CjUPm	2kr3r/ppp1pp1p/1n4pB/4b3/2P1B3/8/PP4PP/RN1Q3K b - - 0 17	d8d1	519	1314191b
FWzmy	6k1/2q3pp/4p3/8/3b2P1/2P2Q1P/r5P1/5R1K w - - 0 29	f3f8	519	0p13141b
FcHs8	8/8/pp6/3b4/3P2kp/P7/1P3K2/3N4 w - - 0 45	d1e3 g4g5 e3d5	519	0g0p0s1o
FxtlN	7k/p6p/1p1p1r2/2b5/5pR1/1B6/PP2q1P1/3R3K w - - 0 34	g4g8	519	0p13141b1d
G9Hkp	r1b1k2r/p2pqppp/2pQp3/8/4Pn2/B1PB4/P1P3PP/R3K2R w KQkq - 0 12	d6e7	519	1314191b
H7ryW	rn1q1rk1/pp2npp1/2pb3p/3p2N1/3P4/2NQB3/PPP2PPP/R4RK1 w - - 0 12	d3h7	519	1314191b
HHdhm	1r4k1/5ppp/nq1b1p2/p1pP4/B5b1/4BN1P/1PPQ1PP1/2KR3R b - - 0 17	b6b2	519	1314191b1k
IdMnA	r3kb1r/1b1p1pp1/p1qPp1n1/1pp1P3/2P3p1/1P6/PBQNBPPN/R4RK1 b kq - 1 16	c6g2	519	0y1314191b
IwljQ	r2r2k1/pp2nppp/1b6/4P1N1/2B2Pb1/2P5/PP4PP/R1B1K2R b KQ - 2 16	d8d1	519	1314191b1d1f
IxeTo	7k/ppr1R2p/3p3P/3r4/8/3b1pP1/PP1K1P2/8 w - - 0 29	e7e8	519	0p13141b
JKzGM	r1bqk2r/pppp1pp1/8/4p3/4P1P1/2NPbQ2/PPP2RB1/R5K1 w kq - 0 13	f3f7	519	041314191b
K3FXT	k7/1p6/p7/3P4/6P1/P1N1R1pP/1Pr3P1/6K1 b - - 1 44	c2c1 c3d1 c1d1 e3e1 d1e1	519	0p101316
LJ6Ke	2r3k1/pp3pp1/3p3p/1q3p2/3PN3/P3PQ2/5PPP/5R1K b - - 0 24	b5f1	519	0p0t0y13141b
LJArZ	5r2/pp3q1k/2p3pp/8/3PN3/2P1Q1Pb/PP5P/R5K1 b - - 1 28	f7f1 a1f1 f8f1	519	0p13151d1n1o
Lt9tG	N2n2kr/1p3p1p/p4Bp1/4pb2/6q1/N7/PPP4R/3R3K w - - 0 30	d1d8	519	1314191b1f
Ma7q9	3r2k1/p3qppp/1pnr4/4p3/1P2N1b1/P1Q1P3/5PPP/R3KB1R b KQ - 5 19	d6d1 a1d1 d8d1	519	1315191d1o
MhZEC	r5kB/p1pqbp1p/3p4/2p5/3QP3/5P2/PPP2P1P/2K5 w - - 0 18	d4g7	519	0p1113141b
NFHi0	2rq1rk1/5ppp/pn1bp3/2np4/8/1PQ1PN1P/PB2BPP1/R4RK1 w - - 2 19	c3g7	519	0y1314191b
OJjix	2kr1b1r/pp1q1pp1/2p5/4P2p/4P1n1/5NPP/PPP3Q1/R1B1K2R b KQ - 0 15	d7d1	519	1314191b
OXSFQ	6r1/1b3p1k/1qn1pPp1/1p1pP3/3P4/5R2/p1B1N1PP/7K w - - 0 27	f3h3	519	1314191b
Pa4yp	r4rk1/p2q1ppp/1pn1p3/2b3N1/2P5/6n1/2QN1PPP/1R4K1 w - - 0 19	c2h7	519	0y1314191b
UeZcG	6k1/1pp2p1p/6p1/p1B2r2/2P3Q1/P2r4/1Pn1RPPP/6K1 b - - 0 23	d3d1 e2e1 d1e1	519	0p0y13151o
WNpwE	r5k1/1p3ppp/2p4q/p2p4/P5n1/1P1PR3/1BPQ2Pb/4R2K w - - 2 25	e3e8 a8e8 e1e8	519	0y1315191o
YyMeE	6k1/pp3p1p/8/2R2p1N/6n1/1P2r1P1/1P4P1/6K1 w - - 7 32	c5c8 e3e8 c8e8	519	0p1113151o
anrE5	4r3/pp5R/3P1k2/2pK4/2Pn4/6R1/P6P/8 b - - 14 50	e8e5	519	0p0q13141b
bsjW2	3n4/1r2k3/P2p2p1/R1pP1pPp/2K1pP1P/2N1P3/8/8 b - - 0 70	b7b4	519	0p0q13141b
ct8WQ	r1bq1rk1/ppp1bppp/8/n7/3PQn2/2NB1N2/PPP3PP/R3K2R w KQ - 0 12	e4h7	519	0y1314191b
d6tlu	1R6/2r2p1k/b3pBp1/3pP2p/6P1/7P/5PK1/2r5 w - - 0 45	b8h8	519	0p1113141b
dJhLH	5rk1/pbp2ppp/1p2n1q1/4P3/3P4/1QP1B3/PP2B1PP/R4RK1 b - - 0 18	g6g2	519	0y1314191b
dSdO2	3r1rk1/2p1bppp/p3p1q1/4N3/1nPPb3/4B3/P2QBPPP/3R1RK1 b - - 4 18	g6g2	519	0y1314191b
fFOfG	8/pp2k3/r3pN1p/q1p1P2P/1b2Q1P1/1P1P4/P7/1KR4R b - - 2 33	a5a2	519	1314191b1k
fifjs	6k1/R1p2ppp/1p2p3/8/3r2P1/7P/5PK1/8 w - - 0 30	a7a8 d4d8 a8d8	519	060p13151m1o
gWEIF	3r2k1/pp3pp1/2n3p1/6N1/6P1/2P1Q2P/q1P2P2/4R1K1 w - - 0 23	e3e8 d8e8 e1e8	519	0p13151n1o
gdpXD	7k/1Qp3p1/4N2p/p3p3/PP2P3/5PPN/KP5q/2b5 b - - 0 31	h2b2	519	0p13141b
iyN1S	b5k1/p4ppp/4p3/8/8/1Pr2N1Q/P2R1PPP/6K1 b - - 0 26	c3c1 d2d1 c1d1 f3e1 d1e1	519	0p101316
kLo3t	r1b3k1/ppp2ppp/2np1q2/8/2B5/5N2/P2N1PPP/R3Q1K1 w - - 0 14	e1e8	519	1314191b
kqIuv	b2r3k/p4pp1/3p3p/3p4/1PPq1p1P/P4P2/2B1Q2P/4R2K w - - 0 35	e2e8 d8e8 e1e8	519	0p0y13151f1n1o
nZrFz	4n1k1/5ppp/4pq2/1Q6/1P2bP1P/6P1/6BK/q7 w - - 0 38	b5e8	519	0p0t13141b
oBsVJ	2r3k1/6p1/1qnr1nPR/3p4/p2P4/P1N2P2/1P3BB1/2K4R w - - 0 28	h6h8	519	1314191b
pFuRu	r2qr3/pp3pkp/6p1/1Pp5/2Q1N3/P3Pb2/5PB1/RN2K1R1 b Q - 0 19	d8d1	519	1314191b
prMix	r1b4k/1p2rppp/p7/2n1P3/6p1/8/PPP3BP/2KRR3 w - - 0 21	d1d8 e7e8 d8e8	519	061315191o
pvKs1	6k1/pR3ppp/1bp5/8/8/1N1K4/PPP3r1/8 w - - 0 32	b7b8 b6d8 b8d8	519	060p13151o
pvmLB	r5rk/p2b2qp/5N1p/4P3/8/2Q4P/PP3PP1/2R2RK1 b - - 7 24	g7g2	519	1314191b
qNpTu	6kn/6Bp/3ppRpP/2prp3/1n6/1P4P1/5P2/5K2 w - - 0 47	f6f8	519	0p13141b1d
s0HEt	r1b1k2r/pppp1pp1/3q3p/3P4/2BBP1n1/2PQ4/P4PPP/R4RK1 b kq - 2 14	d6h2	519	0y1314191b
sAJsw	rn4k1/pb1p1rpp/1p1Bpnq1/4Np2/2PP4/2PBP3/P4PPP/R2Q1RK1 b - - 4 12	g6g2	519	0y1314191b
tbzWF	2k1rb2/1pp2p1p/p4p2/6r1/Q2p4/3P1qP1/PPP2P1P/R4RK1 w - - 2 20	a4e8	519	0t1314191b
ucwli	2r2qk1/3b4/p3prpp/1pPP2p1/1P6/P1N3P1/2Q3PP/2R2R1K b - - 0 24	f6f1 c1f1 f8f1	519	0y1315191o
vIk7f	6k1/p4ppp/b7/P3r1P1/4p3/P6P/2P2b2/1RBK4 w - - 0 26	b1b8 a6c8 b8c8 e5e8 c8e8	519	060p101316
vWm43	4r3/2p2pk1/p1pbrp1p/8/1P6/P1N2R1P/2P2PP1/3R2K1 b - - 0 21	e6e1 d1e1 e8e1	519	0p0y13151f1o
vid5o	2rq1rk1/4bppp/p3p3/2nb4/1p1P1P2/3QB3/PPB3PP/R4RK1 w - - 0 18	d3h7	519	0y1314191b
whGlM	7k/p5pp/1p6/2q1p3/8/5P1P/P1rQ2P1/7K w - - 0 38	d2d8 c5f8 d8f8	519	0p13151o
wxAbE	r2r4/pp1Rkppp/4p1n1/2p1P3/2n5/5NB1/PPP2PPP/2KR4 b - - 5 18	d8d7 d1d7 e7d7	519	19
zDDK5	r4rk1/pbp2pbp/2q3p1/1p2N3/3p4/8/PPP1B1PP/R1BQ1R1K b - - 0 18	c6g2	519	0y1314191b
0JRoE	2kr1bnr/ppq1p1p1/2p5/3pQ2p/3P1B1P/6P1/PPP2P2/RN2K2R w KQ - 1 14	e5c7	520	1314191b1k
1pU61	8/r1R2ppk/4pb1p/8/3P1B2/4P3/5PPP/6K1 b - - 3 30	a7a1 c7c1 a1c1	520	060p13151o
A2nxv	r1q2rk1/pp3pp1/2p5/4n1Nn/1PP1Q3/P5P1/4P1KP/3R1R2 w - - 0 21	e4h7	520	1314191b
A7N3g	B4rk1/R2n2pp/8/3N2p1/2R5/6Pb/1P2P2P/6K1 b - - 0 23	f8f1	520	1314191b1d
AySjs	3N1R2/6k1/6p1/3P4/1BP1r3/1P5R/4r1PP/7K b - - 0 45	e2e1 b4e1 e4e1 f8f1 e1f1	520	060p1013161n
BsaMQ	1q5k/Q5pp/8/5p2/3P4/p3P1P1/5PKP/r7 w - - 0 37	a7b8	520	060p0t13141b
FYRGd	r3r1k1/pp3p1p/2p2QpB/8/3P4/2P5/P5PP/1B5K b - - 0 21	e8e1 f6f1 e1f1	520	060p0s13151o
Gcf46	3r1rk1/1b3ppp/p3pn2/1p1q4/3N4/1BP5/PP3PPP/2RQR1K1 b - - 7 18	d5g2	520	0y1314191b
GeSlZ	r4rk1/2p1qpp1/p6p/1p2p3/3bPn1Q/3P4/PPBN3K/R1B2R2 b - - 3 20	e7h4	520	0t1314191b
JURYW	r4rk1/3nbppp/1qn1p3/1b1pP3/1p1P4/3Q1N2/1P3PPP/RBB1R1K1 w - - 0 17	d3h7	520	0y1314191b
Jz52A	r1b1kbnr/5ppp/2p1p3/1p6/pq2PP2/2NQB3/P1P3PP/3R1RK1 w kq - 3 19	d3d8	520	1314191b
K0LR2	5r1k/p5pp/5p2/2Q1p3/8/P7/1P1q1PPP/2R3K1 w - - 1 27	c5f8	520	0p0t13141b
KQKuP	4r3/1p2rk2/p1ppq1p1/5P1p/P1PQ1P2/1P2RK1P/6P1/3R4 b - - 0 28	e6e3 d4e3 e7e3	520	010p111o
L7XfN	rn1q2r1/pp3p1k/3p1Pp1/3bn3/5R2/1B6/PP2N1PP/2R3K1 w - - 0 20	f4h4	520	1314191b
MCeb1	Qn4k1/p3rp2/6pB/3p2Np/8/6P1/P1B2q1P/7K w - - 0 32	a8b8 e7e8 b8e8	520	1315191o
NCfVG	2rr2k1/6pn/P2qp2p/8/R3pPPP/2N5/PP3Q2/1K1R4 b - - 1 29	d6d1 c3d1 d8d1	520	1315191k1o
OdbXk	2N3k1/p4p1p/6p1/4p3/1q6/8/P1Q2PPP/4R1K1 b - - 0 30	b4e1	520	0p13141b
P3hG0	r1b2k1r/pp1n1p1p/1bpN1q2/4p3/1PB1P1p1/2P5/P4PPP/R2QK1NR b KQ - 1 15	f6f2	520	041314191b
PKXNL	r7/3kbpp1/p2p2qp/1p6/3Qb3/1B6/PPP2PPP/R3R1K1 b - - 1 17	g6g2	520	0y1314191b
PTW9X	4r3/2Qbq1k1/2R4p/1B1p1pp1/8/2P5/1P3PP1/5K2 b - - 0 37	e7e1	520	0p13141b
Q2DEd	r2qkb1r/1p1npppp/1np5/p3Nb2/P2P4/1QN1P3/1P3PPP/R3KB1R w KQkq - 2 11	b3f7	520	0413141b1c
UrGm1	4r1k1/pp2qppp/2P5/8/P2P4/8/1Q3PPP/R5K1 b - - 0 22	e7e1 a1e1 e8e1	520	060p13151n1o
YVGJA	6k1/1b4pp/pp6/2p5/2Pq4/1P2QPNP/P5P1/3r1B1K w - - 1 34	e3e8	520	0p13141b
gxoIK	5r1k/1p4pp/1p1pP3/2pnq3/1P2P3/P6P/4Q1P1/5RK1 w - - 0 28	f1f8	520	060p13141b
hWIl6	r1b2b1k/1pp3p1/p4q1p/4B2P/4Q3/2Pn4/PPB2PP1/R4K1R b - - 0 22	f6f2	520	111314191b
jylmp	4r1k1/p1p5/1p4pp/4bp2/3pN3/P2P3P/1PPK1PP1/4R3 w - - 0 24	e4f6 e5f6 e1e8	520	010j0p0y1o
kQBvg	5k2/p3r1pp/2b1p3/q1ppP1Q1/N1P5/1P1P4/P5PP/4R1K1 b - - 0 25	a5e1	520	0p0t0y1113141b
nCwXZ	3R4/8/p3pKPk/1p5P/2r5/8/8/2q5 w - - 1 56	d8h8	520	0p13141b1j
nGzVp	3r4/5pkp/1Q2p1p1/3r4/8/8/P4PPP/1R4K1 b - - 2 27	d5d1 b1d1 d8d1	520	060p13151j1o
nQ2rp	r1b3k1/pp2nppp/8/2p1n3/2B1P3/8/PPP2PPP/2KR3R w - - 0 18	d1d8	520	1314191b
oQcNB	3rr1k1/1p3ppp/1pn5/1B6/1P3n2/P3Rb1P/1B3PP1/4R1K1 w - - 0 22	e3e8 d8e8 e1e8	520	0y1315191o
oho74	r1b2k1r/ppp2Bpp/2n5/6q1/1b1P4/2N5/PP2Q1PP/R3K2R w KQ - 0 14	e2e8	520	1314191b
ozXBx	r4rk1/5ppp/3bp3/p5q1/Q2B1n2/2PPR2P/1PB2PP1/R6K b - - 12 24	g5g2	520	0y1314191b
pCmcA	r1bq1rk1/1p4pp/1p1p4/pPnP4/2P1p1n1/P1Q1p2N/1B3PPP/2KR1B1R w - - 0 18	c3g7	520	0y1314191b
rQVd6	8/1R6/3K3k/p5r1/5r2/8/1p6/1B6 w - - 2 62	b7h7	520	0p1113141b1d
tPaJy	r4rk1/ppp2ppp/2nq1b2/3p2Nb/3P4/3Q3P/PPP2PP1/RNB1R1K1 w - - 7 13	d3h7	520	0y1314191b
uM5jh	3r2k1/1p3p1p/2p3pB/p1P2q2/3R4/4rPKP/PP6/5R2 w - - 0 31	d4d8 e3e8 d8e8	520	0p0t13151f1o
xAAmY	b7/7p/8/5k2/5N1P/6P1/5R1K/3r4 b - - 4 46	d1h1	520	0p13141b1d
0OELt	k1r5/p4p2/4q2p/4B3/1R4P1/4P3/5P2/1R4K1 w - - 1 36	b4b8 c8b8 b1b8	521	0p13151d1o
2R476	r2q1rk1/4b3/p3P1p1/3p4/2pB2P1/8/Pp2B3/R2K3R w - - 0 29	h1h8	521	1314191b1d
3Ckij	8/5pk1/7p/p2R4/1p4n1/1P6/P1K5/8 b - - 1 51	g4e3 c2d3 e3d5	521	0g0p0s1o
3WVJy	r5k1/2R2Rpp/p5Q1/1p1rP3/8/P7/1P4PP/7K b - - 0 25	d5d1 f7f1 d1f1	521	060p13151j1o
419l5	3rr1k1/2b1qp2/pp4p1/n2R2Np/2PQ4/P6P/1B3PP1/1R4K1 b - - 2 28	e7e1 b1e1 e8e1	521	0y1315191f1n1o
5dAlA	r2q1rk1/1b3pp1/1np1p2p/1p6/p2P4/2PQPNn1/P4PPP/1BR2RK1 w - - 0 19	d3h7	521	1314191b
67yJX	r2q1bkr/pp4pp/3pb3/2pQP3/6n1/8/PPP2PPP/RNB1K2R w KQ - 4 12	d5e6	521	0t0y13141b1c
6mrav	6k1/R3rppp/5p2/8/2pP1P2/2r3P1/5K1P/8 w - - 0 33	a7a8 e7e8 a8e8	521	060p13151m1o
79PjB	6k1/pr2b1pp/4r3/4N3/3pnP2/B5P1/P6P/2R3K1 w - - 0 31	c1c8 e7d8 c8d8 e6e8 d8e8	521	1011131619
7iW04	7k/2R2p1p/2p1Nb2/5K2/5P2/8/r1p2r1P/8 w - - 4 33	c7c8 f6d8 c8d8	521	0p13151o
7wQyx	5rk1/2P2pp1/1p2p2p/p7/3P4/Q3PqB1/PP3P1P/1K1R1b2 b - - 0 26	f3d1	521	0p0t13141b1k
8h0td	r2qr1k1/pbp1bpp1/1p2pn2/3pN2Q/3P1P2/1P2P2R/PBPn2PP/R5K1 w - - 4 15	h5f7	521	0y1314191b
8z2Va	rnb1k2r/pp2ppbp/6p1/3pq1P1/6Q1/2N5/PPP1B1PP/R3K2R w KQkq - 0 14	g4c8	521	0t1314191b
9xYZ7	r1bq1rk1/ppp2ppp/2n4n/2b1P1N1/2pp4/3Q3P/PPP2PP1/RNB1R1K1 w - - 0 11	d3h7	521	0y13141b1c
AmTc8	5r1k/6pp/b2Qp1p1/p2p4/8/1P2P3/1BP2rPP/1R4K1 b - - 1 30	f2f1 b1f1 f8f1	521	0p13151d1o
DO3TO	r4rk1/pb4p1/1q1p3p/4p1N1/3p2P1/3Q4/PPP2P1P/R3R1K1 w - - 0 19	d3h7	521	1314191b
EXoaS	r4rk1/pbp1ppbp/1p4p1/3qP2n/2P2B2/3B4/PP1Q1PPP/RN1R2K1 b - - 0 13	d5g2	521	0y1314191b
F4prN	r4rk1/5ppp/p2qp3/3n4/Pp1Q4/8/1BP2PPP/R3K2R w KQ - 0 19	d4g7	521	0y1314191b
G05bM	r4r1k/1p3Qpp/p3p3/4q3/P3NR2/1B1P4/1PP5/4K3 w - - 1 31	f7f8 a8f8 f4f8	521	061315191o
GupWk	r3k2r/1p3ppb/1qp1p2p/p6B/3P3P/P1P1B3/3Q1PP1/2KR3R b kq - 0 18	b6b1	521	1314191b
HHJ52	r3k2r/ppqn1ppp/3bp1b1/1B1pN3/3P1PP1/7P/PPPBQ3/2KR3R b kq - 1 15	c7c2	521	1314191b1k
I8IYo	8/8/7p/P1p3p1/3k1pP1/5K1P/8/8 w - - 0 48	a5a6 d4d5 a6a7	521	000g0p1e1o
IsDQr	r1b2k1r/pp2npbp/4p1p1/1B6/2n2B2/5N2/PP3PPP/3RK2R w K - 0 15	d1d8	521	061314191b
JRCoE	3r1rk1/1pq2pp1/2p1bb1p/p3p3/2P1Q3/3BPN1P/PP3PP1/R4RK1 w - - 3 17	e4h7	521	1314191b
KIJpc	2q3k1/5ppp/4p3/5b2/3P1B2/4P3/1r1nNPPP/2R3K1 w - - 0 20	c1c8	521	061314191b
KLWYc	r5k1/pbpp2pp/1pn1p2r/5p1q/2PP1N2/P1P1P1P1/2Q2PBP/R4RK1 b - - 2 14	h5h2	521	0y1314191b
KyYwK	3Nk2r/2pn1ppp/5n2/2b5/2rp2b1/1P6/P2PPPBP/RNB1K2R b KQk - 0 12	c4c1	521	0t111314191b
MrGng	8/5pk1/6pp/4p2n/4N3/3Q1P1P/5PK1/8 b - - 0 36	h5f4 g2h1 f4d3	521	010p0s1o
QITxH	8/R7/1p2kp1R/3br3/7P/6P1/5P2/6K1 b - - 0 37	e5e1 g1h2 e1h1	521	0p13151o
QPtdD	6rk/6p1/p4p2/1pq5/4p2p/2P2P1R/PP4P1/7K w - - 0 43	h3h4 c5h5 h4h5	521	0p13151j1o
Qvpnk	r1qk3r/pppb4/3p1pB1/3Pp1p1/2P1P3/2N2Q2/PP3PPn/R4RK1 w - - 0 19	f3f6	521	1314191b
RHq7H	r1b3k1/p1pqrppp/1p1n4/6B1/3P4/1QP5/PP3PPP/RN2R1K1 b - - 1 13	e7e1	521	060t1314191b
Szw9O	6k1/1R3p1p/3r3P/1p4p1/4K1P1/8/8/8 w - - 2 42	b7b8 d6d8 b8d8	521	0p13151m1o
TkXeQ	4kb1r/ppp2p2/8/4P3/6pp/5pP1/PPP2P1P/R1BrR1K1 b k - 2 18	d1e1	521	0p0t0y13141b
UHvKI	8/8/p1p1R3/1p1nP3/4N1pk/1P2P3/1Pr5/6K1 w - - 5 51	e6h6	521	020p1113141b
UJRiQ	r3k2r/5pp1/pp2p1p1/1q1pP3/3QNP1P/2p5/PPP2PP1/1K1R3R b kq - 0 24	b5b2	521	1314191b1k
VpVi1	5rk1/1p3qpp/p7/2Q5/4p3/4P3/PP3rPP/3R1RK1 b - - 1 26	f2f1 d1f1 f7f1	521	0p13151o
b7XOh	2r2rk1/1p2bpp1/pq2p2p/n2pP1N1/3P1B2/3Q4/PP3PPP/3RR1K1 w - - 0 19	d3h7	521	1314191b
bgnnO	6k1/pp3p1p/3Q2p1/2b5/4r3/5R2/PP4RP/7K b - - 0 24	e4e1 f3f1 e1f1 g2g1 f1g1	521	0p1013161d
g8739	r4rk1/pp4pp/2n1bq2/2pp4/4B3/1NP3P1/PP2P2P/R2QNRK1 b - - 0 14	f6f1	521	0y1314191b
lFdGd	3q1rk1/p1r2ppp/4pb2/8/3PQ2P/2nB1P2/PP3P2/3RK2R w K - 0 18	e4h7	521	0y1314191b
lXfdR	r5k1/3p2pp/2b2p2/1p6/3Q4/1P2R1B1/1P3PPP/6K1 b - - 0 27	a8a1 d4d1 a1d1 e3e1 d1e1	521	0p101316
rOIUs	2n1r2k/1p3Qp1/p2b3p/2pP4/P1Pp4/1P6/5PPP/2B1R1K1 b - - 0 28	e8e1	521	0p0t0y13141b
rZFS4	r4r1k/1p4pp/pPb1p1q1/P1p1P1P1/2PpN2b/1B1P1QnK/3B4/R4R2 w - - 1 35	f3f8 a8f8 f1f8	521	061315191o
raSGQ	r2qkr2/p2bn2p/1p4p1/2ppp1B1/3P4/2P2Q2/PP4PP/RN3RK1 w q - 2 17	f3f8	521	1314191b
rySFE	r4rk1/ppp1R1pp/2p2p2/2q5/4Q1b1/1P1P1N1n/P1PN1P2/R1B2K2 b - - 3 17	c5f2	521	1314191b
sKlE3	r3k1r1/p1p2p2/1b3n1p/8/2N5/5R2/PPPP3P/RNB4K b q - 0 18	g8g1	521	1314191b1d
u8kII	r3q1r1/ppp2p1k/2n2p1p/2b1pN2/6B1/3P3P/PPPQ1PP1/R4RK1 w - - 8 17	d2h6	521	1314191b
uQb1f	3r2k1/1p1q2pp/5p2/3Q4/r7/4P3/1P1R1PPP/3R2K1 b - - 0 27	d7d5 d2d5 d8d5	521	010p111o
uhOne	6k1/3rrppp/8/1R6/1p2p3/3nNNK1/6PP/8 w - - 0 36	b5b8 d7d8 b8d8 e7e8 d8e8	521	060p101316
xH2KR	4R3/5pk1/6p1/1p4P1/8/pP1Np3/P1P2r2/2K5 b - - 7 40	f2f1 d3e1 f1e1	521	0p13151o
y7LJe	r2r2k1/1p1b1Nbp/p2q2p1/3N4/P2pP1n1/1B6/1PP3PP/R2Q1R1K b - - 0 19	d6h2	521	0y1314191b
yQksD	r1bq1rk1/pp3ppp/4pb2/8/3p4/2PQ1N2/PPB2PPP/R3K2R w KQ - 0 13	d3h7	521	0y1314191b
zEAvv	4r3/pp1k2pp/3B1n2/2p5/3p4/3P4/PPP2PPP/RN4K1 b - - 0 18	e8e1	521	060p13141b
zPSfF	5k2/6QP/8/2Pb1p2/p7/K2P4/1P6/8 b - - 0 52	f8g7 h7h8q g7h8	521	0g0p0t111o
0yQ5U	4rr2/pp1b1pbk/3p2p1/3P2Pp/3N1PnP/3B4/PPPR4/1K4BR b - - 0 21	e8e1 d2d1 e1d1	522	061315191o
2hzT4	2r1r3/1R4Qp/p3p3/k2p4/3P4/8/PB4PP/4qR1K b - - 2 28	e1f1	522	0t1314191b
2uHx6	rn2k2r/1b3ppp/2n1p3/2bpP1P1/1p3P2/4B3/1PPQN2P/N1KR1B1R b kq - 0 20	a8a1	522	0613141b1c
3vm7y	1r3rk1/1b2b1pp/p2pNn2/8/P3P3/3n1PQ1/1Pq3PP/R1B2R1K w - - 0 19	g3g7	522	0y1314191b
4NSLl	6k1/1R3p1p/1n2p1pP/3pP3/3P4/1r4PK/2p2P2/8 w - - 0 51	b7b8 b6c8 b8c8	522	0p13151o
6ejYu	4K3/R4pkp/6p1/1P4b1/8/6P1/P3R2P/3r4 b - - 14 50	d1d8	522	0p13141b1d
6fuGf	8/5pk1/PQ4p1/8/2K2q2/8/8/8 w - - 2 50	b6d4 f4d4 c4d4	522	0g0p111i1o
6iYBC	r1b3k1/p2p1pp1/2p4p/4N3/6q1/2Q5/PPP2PPP/1K1R4 b - - 0 19	g4d1	522	0p0t13141b1k
79pCe	2Nr2k1/1p3pbp/6p1/1p6/8/P5B1/1P3PPP/Rb4K1 b - - 0 24	d8d1	522	060p13141b
8RF7u	2r2b1k/5p2/p3pN1p/1q1pP3/1nrP3P/2B3R1/1P1R1PP1/6K1 w - - 0 28	g3g8	522	031314191b
8qa67	r4r1k/2q4p/p2pBR2/3Pp3/1p5Q/1N2nP2/PPP5/2K4R b - - 0 28	c7c2	522	1314191b1k
9ebEr	r4rk1/2qn1bbp/p2p2p1/1pp1p1N1/5PnQ/2PB4/PP1P2PP/R1B2RK1 w - - 0 19	h4h7	522	0y1314191b
BI3Pm	r1b2rk1/ppp2ppp/3n4/8/4Q3/2qBPN2/P3KPPP/3R3R w - - 4 16	e4h7	522	0y1314191b
BQtTq	6k1/ppp2Rpp/1bn1p3/4p1q1/2N1P3/3P3P/PPP3PK/5R2 w - - 4 21	f7f8	522	0p1113141b
CLuwe	r1b1k1nr/pp3ppp/2pQ4/8/2q1PP2/2N5/PP4PP/R1B2R1K b kq - 0 12	c4f1	522	0t0y1314191b
FCWie	r3r1k1/pbp3p1/1p3n1B/5p2/1bP5/2NR3N/PPQ2PPP/4R1K1 b - - 0 18	e8e1	522	0y1314191b
FIa6O	3r3k/p2q3p/1p3R2/2p3P1/3p1Q2/7P/PPP3b1/6K1 w - - 0 28	f6f8 d8f8 f4f8	522	0p1113151o
Fcgh2	rn2r1k1/pp3p1p/2p3BB/6P1/8/2P2q2/P1P2P1P/4RRK1 w - - 0 19	e1e8	522	0t0y1314191b1f
IdaVd	r5kr/pbpp1pp1/1bp2q2/6p1/1P6/P1NB4/2P1QPPP/R3R1K1 w - - 4 16	e2e8 a8e8 e1e8	522	0y1315191f1n1o
IuFTY	8/8/5N2/6p1/2p3P1/3p1P2/1k1K4/8 b - - 0 45	c4c3 d2d3 c3c2	522	000g0p0z1o
KZXyB	8/5pk1/p5p1/P7/1P1b4/2q2B2/6QP/4R2K b - - 6 42	c3e1 g2f1 e1f1	522	0p0t13151o
LDyQ8	5R2/p3k2p/2P1b1qB/6p1/5p2/P1Q5/5PPP/6K1 b - - 5 39	g6b1 c3c1 b1c1	522	060p13151o
LUjio	6k1/6pp/4b3/2Bp4/Pp6/1p1P3P/2P2RPK/4r3 w - - 0 32	f2f8	522	0p111213141b1d
LaHjt	r7/1kp3B1/1p6/3p3p/5pp1/8/1PP1RPPP/6K1 b - - 0 26	a8a1 e2e1 a1e1	522	060p13151o
N3QpC	r3r1k1/ppb2pp1/3q3p/PP6/1n1Bb1Q1/1N5P/B4PP1/R4RK1 w - - 1 26	g4g7	522	0y1314191b
NBzwC	rnb2r1k/pp4pp/3p4/8/2BPp2q/8/PPP3PP/RN1Q1RK1 w - - 0 14	f1f8	522	060t1314191b
O72EJ	r3r1k1/pp3ppp/2p5/3bBP2/2pP2Q1/2q5/P5PP/R4RK1 w - - 0 19	g4g7	522	0y1314191b
PJhdn	7k/p1pr3p/1n3r2/8/2P3R1/2N4q/PP6/1K4R1 w - - 0 31	g4g8	522	1314191b
QJ2tR	2r2rk1/pp3ppp/2n1p3/q1N3N1/3P1n2/1P1Q3P/P4PP1/2R2RK1 w - - 1 19	d3h7	522	0y1314191b
QgaUL	2rq1rk1/pb1nbp1p/1pp1p1p1/6N1/2PP3Q/6P1/PP3PBP/R1BR2K1 w - - 2 15	h4h7	522	0y13141b1c
QrUkC	2r2rk1/7p/3p3P/1p1Pp1N1/5p2/3Q1P2/2PK2P1/7q w - - 0 29	d3h7	522	0p13141b
RJZVQ	k2r4/p7/1p3Q2/4P2p/8/P4p2/1P1r1P1P/2R2K2 b - - 1 38	d2d1 c1d1 d8d1	522	0p13151j1o
UeOlr	2r2rk1/1bqn1ppp/p3pb2/1p2p3/3P4/2NQ1N2/PPB2PPP/2R2RK1 w - - 0 16	d3h7	522	0y1314191b
UgVN8	r4rk1/pb4pp/1pq1pp2/2b5/6Q1/3B2BP/PPP2PP1/R3R1K1 b - - 1 18	c6g2	522	0y1314191b
VGPUt	4r3/2p5/p1p5/P2p1k2/1P3p1P/2P1RKp1/3R2P1/8 b - - 0 34	e8e3	522	0p13141b1m
VTZOS	2r1kb2/1b1nppp1/pq6/1p6/2p2P1r/1P5B/P1P1p1PK/R1BQ1R2 w - - 0 19	d1d7	522	1314191b
WHPdr	3R4/p1r1r2k/6p1/1p3p1p/8/1PB3P1/1PP4P/2K5 w - - 0 31	d8h8	522	0p13141b1d
X78lg	r4rk1/pp2qppp/4b3/3p2N1/3n2nP/2N3P1/PPQ2PB1/R3K2R w KQ - 0 15	c2h7	522	0y1314191b
XHXez	1r2r1k1/p5pp/4N3/2PRP3/8/P3P3/2R2PPP/6K1 b - - 0 22	b8b1 c2c1 b1c1 d5d1 c1d1	522	060p101316
YAAfp	r4rk1/1b1n1pBp/p1q1p1p1/2P5/NP1p1P2/4P3/4B1PP/R2Q1RK1 b - - 0 18	c6g2	522	0y1314191b
YM2iv	8/pp4p1/1kp3q1/3p4/3P1Q2/P1P3P1/1P3PP1/1bKR4 b - - 0 25	g6c2	522	0p0q13141b
ZAOY8	8/7p/2pB1kp1/3p3n/8/5P2/1rP1R1PP/7K b - - 6 29	b2b1 e2e1 b1e1	522	060p13151o
Zg6k5	rnb1kb1r/2qp1pp1/p3p3/1p5p/3NP1n1/P1NBBQ2/1PP2PPP/R4RK1 b kq - 3 10	c7h2	522	0y1314191b
aSYSV	r3r3/1p5k/pP3B2/3B2Q1/1P3p1p/P3q3/6PP/3R3K b - - 2 35	e3e1 d1e1 e8e1	522	061315191n1o
al0jy	r1bq1rk1/1p1p1pp1/p1n4p/4p3/4Q2b/1NNB4/PPP2PPP/R4RK1 w - - 0 13	e4h7	522	1314191b
d8GfM	7k/1pp2prP/p1n5/3p3r/3P4/2PB3b/P2R4/4R2K w - - 1 32	e1e8 g7g8 h7g8q	522	001315191h1o
dDkZ9	2r3k1/3R1ppp/p1r5/1p2p3/1P5P/4BqP1/P2Q1P2/6K1 w - - 3 29	d7d8 c8d8 d2d8	522	060p13151o
dKZx6	r2q1bkr/ppp3pp/2n1b3/3p4/8/3pQ1N1/PPP2PPP/R1B1K1NR w KQ - 0 11	e3e6	522	0t0y13141b1c
elpum	2r2rk1/5p2/p3pBp1/1p2P3/2n1Q3/q1P4R/5PPP/2R3K1 b - - 3 27	a3c1 e4e1 c1e1	522	0t0y1315191o
emmA9	5k2/5p2/3N1Qp1/p5P1/4P3/PP6/KP6/2r4r b - - 4 46	c1a1	522	0p13141b
enhjq	2r3k1/5ppp/p1N5/8/8/P3P1P1/1P3PKP/8 w - - 2 25	c6e7 g8f8 e7c8	522	0g0p0s1o
fN8kf	1k2b2r/ppp5/4Q3/q7/3N2p1/r1P3P1/1K3P2/4RR2 w - - 1 28	e6e8 h8e8 e1e8	522	061315191o
fZBGu	r1b2rk1/2p3p1/p1p1p1np/3p4/3Q1Pq1/1P4P1/PBP4P/RN2R1K1 w - - 0 18	d4g7	522	0y1314191b
h1GWw	3rk3/R5B1/4p2p/8/2P5/3r4/5PPP/R6K b - - 0 35	d3d1 a1d1 d8d1	522	060p13151o
h4C8Y	1r5r/1bp2p1k/p3pBp1/1p1qP3/1P1P4/P7/5PPP/R1Q2RK1 b - - 1 24	d5g2	522	0y1314191b
h4sO6	2q3k1/p1R2p1p/1p1B1Pp1/3p2P1/3p3P/3P4/PP1K4/8 w - - 11 43	c7c8	522	0p0t13141b
jLidw	r2r4/pp2kppp/1n2b3/4P3/5P2/5N2/PPP3PP/1K1R1B1R b - - 4 16	d8d1	522	0t1314191b1k
jgns7	4r1k1/Q1p1qpp1/2p4p/3p2N1/8/2PP4/PP3PPP/R5K1 b - - 0 20	e7e1 a1e1 e8e1	522	060p13151n1o
k37h7	r2qk1nr/pp3pbp/2np2p1/3B4/4P3/5Q1P/PPP2PP1/R1B1K2R w KQkq - 1 11	f3f7	522	0413141b1c
kWODq	rnb2k2/1p3p1p/p3pPp1/4P3/3r4/3B4/PP4PP/2R2RK1 w - - 0 25	c1c8 d4d8 c8d8	522	0t1315191o
ky8I2	4r2k/2p2prp/p5q1/1p2pR1p/1P2P3/1PPP3P/6P1/3Q1RK1 b - - 2 33	g6g2	522	0p0y13141b
nXkk5	6k1/p4ppp/Q5b1/3q4/8/5PP1/PP5P/6K1 w - - 0 28	a6c8 d5d8 c8d8	522	060p13151o
naWnB	r2qk2r/pb1p1p1p/1p1Pp2p/8/2BQ4/8/PPP2PPP/R4K1R w kq - 1 14	d4h8	522	0t1314191b
otg8p	8/8/8/2K5/1P4k1/4n3/8/8 w - - 3 58	b4b5 g4g5 b5b6	522	0g0p0z1l1o
pxwQA	r5k1/p2q1ppp/1pn1rn2/3p1N2/6Q1/P2P4/BPP3PP/2KR4 w - - 8 23	g4g7	522	0y1314191b
r9gie	r1q2rk1/5pp1/bpn1pb1p/p2p4/P2P4/2PQ1N1P/1PB2PP1/RN3RK1 w - - 6 18	d3h7	522	1314191b
rHwKX	r1b2rk1/p2nppbp/6p1/q2NP3/1p3P1P/1B3N2/1PPQ2P1/2KR3R b - - 1 16	a5a1	522	1314191b
rzJjF	8/3k4/3n2KP/p7/8/p4p2/5P2/8 w - - 0 52	h6h7 d7c6 h7h8q	522	000g0p0z1h1o
skCZY	r4qk1/1p2p2p/2p1P1p1/1p6/3b4/8/PP4PP/R1BB1Q1K b - - 5 21	f8f1	522	0t0y1314191b
u8QHp	rn2k2r/ppB1ppb1/7p/2P3p1/6b1/2N2N2/Pn3PPP/3RKB1R w Kkq - 0 15	d1d8	522	13141b1c1d
vRpaK	r1b2rk1/ppb1qppp/2p1p3/4n3/4Q3/8/PBBP1PPP/R3R1K1 w - - 0 18	e4h7	522	0y1314191b
vpOBW	8/8/8/1p3pb1/p3kB2/P1P3P1/1P2K3/8 b - - 1 42	g5f4 g3f4 e4f4	522	080g0p1o
vrjZ7	r4kr1/ppp1np1p/3p2qP/b2Np3/4P2Q/3P4/PPP2PP1/2KR2N1 w - - 0 18	h4e7	522	1314191b
vzK9N	4rkr1/p2n2p1/1p1q2p1/3p4/N1PP4/8/PP2QP2/4RK1R w - - 0 24	e2e8	522	1314191b
xNMlO	r2qk2r/pp3p2/2pp3p/3Qb1p1/2B1P3/2P2P1P/PP4P1/2KR3R w kq - 0 19	d5f7	522	041314191b
xh9xF	r3kbnr/pb2pppp/1p6/2pq4/1P1N4/P2B4/2PP1PPP/RNBQ1RK1 b kq - 0 8	d5g2	522	0y13141b1c
xhhx7	8/8/5p1p/4k2P/6PK/R5P1/5r2/8 b - - 0 64	f2h2	522	0p111213141b1m
12Xfh	2k2r2/1ppnR2p/p5p1/5b2/3b1q2/2N5/PPP1QPPP/R5K1 w - - 2 16	e7e8 f8e8 e2e8	523	1315191k1o
1Cyy9	6k1/2q2rP1/b5Np/3Q4/pp1B4/P3P3/1P3RPP/6K1 b - - 0 32	c7c1 f2f1 c1f1	523	1315191o
1wJT6	r4rk1/1p3pq1/8/p3Q3/P2B4/7P/1P4P1/R6K w - - 0 31	e5g7	523	0p13141b
2lJsu	5rk1/1b4p1/p1q4p/3p4/2p1r1Q1/P1B3P1/1P3P1P/2R3K1 w - - 0 30	g4g7	523	1314191b
5Vm2m	r4rk1/pppbqppp/2n1p3/6N1/2N1n3/1P5Q/P1P2PPP/R3K2R w KQ - 0 13	h3h7	523	0y1314191b
69mG3	2b1kbnr/5ppp/prN1p3/1p6/2p5/2N1P3/PP3PPP/3RKB1R w Kk - 1 11	d1d8	523	1314191b
7IfJV	2r2rk1/5p2/p2q4/1ppP2p1/2n5/3Q3P/PPB2PP1/R5K1 w - - 0 26	d3h7	523	1314191b
7QtD4	8/8/7R/3N2p1/r3p3/5k2/8/5K2 b - - 0 53	a4a1	523	0p13141b
7cUFW	3r1k1r/p3ppbp/q1p3p1/8/2p2B2/1P2P3/4KPPP/3R1B1R w - - 0 21	d1d8	523	061314191b
99xfh	r3k2r/1b3ppp/pp2p3/1p2R1q1/1P1P4/P2B3P/2P2PP1/R2Q2K1 b kq - 1 16	g5g2	523	0y1314191b
9bc6L	r1b1k2r/ppp2pp1/1bpq4/6Bp/3PP1n1/2P5/PP2BPPP/RN1Q1RK1 b kq - 0 10	d6h2	523	0y13141b1c
AyiML	1r4k1/2p2ppp/p1p5/5P2/4r3/5N2/1R4PP/6K1 w - - 0 24	b2b8 e4e8 b8e8	523	060p0t13151o
BAxaO	r1br2k1/pp3ppp/4p3/4n3/8/P2BPP2/1P3KPP/3R2NR w - - 5 16	d3h7 g8h7 d1d8	523	010j0y191o
BZEoJ	r4rk1/p5pp/2pqp3/np4N1/3P1Pb1/2P1P3/PPQ5/R1B2RK1 w - - 0 20	c2h7	523	0y1314191b
BaRPr	r1b2r1k/pp4pp/5qn1/3B3Q/4N3/8/PPPR2PP/R6K b - - 5 24	f6f1 a1f1 f8f1	523	061315191n1o
IAKQO	5k2/1R3p2/1p2p1p1/pP1R4/P7/8/1Pr2PPP/6K1 b - - 0 25	c2c1 d5d1 c1d1	523	060p13151m1o
IUDZs	r1b4r/pp1k2p1/3qp1B1/3p4/1n1N4/2P5/PP3PPP/R2Q1RK1 b - - 0 18	d6h2	523	0y1314191b
NCHG3	1r2k2r/p1qRbppp/4p3/2p5/Qp2PN2/4B3/PPP2PPP/R5K1 b k - 0 19	c7d7 a4d7 e8d7	523	01191o
NH5hD	5rk1/p5pp/2p5/8/4QP2/4P2q/PP3P1P/5R1K b - - 2 22	h3f1	523	0p0t13141b
NyeGU	4r1kr/pp3ppp/n1p2p2/8/3P1q2/5B2/PPP2PP1/R3R2K w - - 0 18	e1e8	523	061314191b
PRqBA	r2q1rk1/pp1n1ppn/2p1p3/3p4/3P4/2P1PNP1/PPQ2PP1/R3K2R w KQ - 0 13	c2h7	523	0y1314191b
QL7GL	8/1p2Rk1p/5pp1/3p4/5P2/1P3BPP/Q4PK1/1rq5 b - - 0 45	f7e7 a2b1 c1b1	523	0g0p0t111o
THMU0	8/2p2pp1/4q1k1/P6p/1Q6/4K2P/6P1/8 w - - 7 48	b4e4 e6e4 e3e4	523	0g0p111i1o
W8lRU	6k1/p1p4p/1p3Qp1/3q4/3P4/4n3/P1P3PP/4R1K1 b - - 0 27	d5g2	523	0p13141b
XsccT	7k/p1p4p/1p2Q1pb/4P3/3P1RPq/2N5/PPP4P/1K6 b - - 0 25	h4e1 c3d1 e1d1	523	0p13151k1o
YnfRS	2k3r1/pp1bbp2/2pp3p/B3p3/1QB1n3/P2P3r/8/1R2KN1q w - - 0 26	b4b7	523	1314191b1k
b4DUW	6k1/p4ppp/4p2P/q2pP3/5P2/2b5/2KR2P1/1R6 w - - 0 30	b1b8 a5d8 b8d8	523	0p13151o
bCClZ	3r2kr/ppp1b1p1/7p/8/4N1b1/4B2N/1PR2PPP/4K2R b K - 0 18	d8d1	523	1314191b1d
cnfAT	r5k1/1p3pBp/p1n1p3/2pq4/Q7/N1PP4/PP3PPP/R4bK1 b - - 0 14	d5g2	523	0y1314191b
ebjR3	3r1k1r/pN2npp1/1pp1P3/4P3/4P1q1/6B1/PP5P/3R1bK1 w - - 0 26	d1d8	523	111314191b
eoqg6	6k1/5pp1/2R5/8/r3P3/6Pp/3R1P1P/6K1 b - - 0 34	a4a1 c6c1 a1c1 d2d1 c1d1	523	0p1013161m
eyuMf	Q4r1k/3q2pp/8/4p2P/p7/P2N2b1/2P3K1/8 w - - 2 37	a8f8	523	0p0t13141b
fXiTg	2r2r1k/4qppp/4pN2/pP1p4/2P5/3Q4/P4PPP/4R1K1 w - - 0 25	d3h7	523	0p0y13141b
fgN7s	2r3k1/5ppp/8/8/1K1R1P1P/8/6r1/3R4 w - - 0 31	d4d8 c8d8 d1d8	523	060p13151m1o
hkm3A	2n3k1/5p2/P1pb3p/3p2p1/3P4/1NPq1N1P/Q4PP1/6K1 b - - 0 31	d3d1 f3e1 d1e1	523	0p13151o
ksgkR	8/8/8/p5kp/P2P1p2/2Q2PbK/3r4/8 b - - 0 49	d2h2	523	0p1113141b1d
oLUr6	6k1/4rppp/1p2p3/8/3N4/4K3/6bP/2R5 w - - 0 34	c1c8 e7e8 c8e8	523	060p13151o
pJIrY	r1br2k1/pp3ppp/4p3/8/q7/8/PP2BPPP/R2R2K1 w - - 0 16	d1d8 a4e8 d8e8	523	060t1315191o
qGkV0	r4rk1/1p4pp/p1bp4/2p1ppq1/4Pn2/1P1PQ2P/PBPN1PPK/R4R2 b - - 1 16	g5g2	523	1314191b
s3QcC	2r3k1/5p2/5Bp1/p2P3p/8/8/P2q1PPP/2R3K1 w - - 0 31	c1c8 g8h7 c8h8	523	0p13151d1o
sWDdL	r1bqk1nr/3pb3/ppn1p1p1/2p5/2P3Q1/2N1P1P1/PP1P2BP/R1B2RK1 w kq - 0 12	g4g6	523	13141b1c
tabkV	3r1k2/1p1Q2r1/p2p3N/3P4/8/qP4P1/P4PP1/6K1 w - - 0 36	d7d8	523	0p13141b
uNlKW	4r3/1pp2ppp/p1k5/8/3P1B2/2Pb4/P4PPP/4R1K1 b - - 3 19	e8e1	523	060p0t13141b
v9dUt	r4k1r/ppp2Pp1/1bpq4/6B1/3P4/2N5/PP1Q1PbP/R3R1K1 b - - 2 18	d6h2	523	0y1314191b
vatYf	8/6p1/4R1P1/pk2Pp2/Nb6/1K6/1P6/6r1 w - - 5 45	e6b6	523	0p13141b
wT7j8	3r4/pp3pk1/4p1p1/1P1r3p/P7/2R5/6PP/Q2R3K b - - 0 35	d5d1 a1d1 d8d1	523	060p0s13151j1o
wbJxZ	8/pk2b3/1p6/2pPnp1p/5N2/P5PP/1P5K/4R3 b - - 0 34	e5f3 h2g2 f3e1	523	010p0s1o
xGLFZ	r3r1k1/pp3pp1/2p4p/3p1b1N/2q5/2Nn2Q1/PP1R1PPP/5RK1 w - - 4 19	g3g7	523	0y1314191b
yOxWz	r5rk/p4pqp/2R1pN2/3pQb2/8/1PP2R1P/3P2P1/7K b - - 9 30	g7g2	523	0y1314191b
yWYuO	8/p7/1k5q/1p6/4R2p/4R3/2P2K2/8 w - - 4 50	e4e6 h6e6 e3e6	523	0g0p0s1j1o
yXjjn	r1b1r1k1/p3ppb1/2pp2p1/4q1Bp/1PP1P1nP/P1N5/3QBPP1/2R2RK1 b - - 2 15	e5h2	523	1314191b
ylg36	r1bq1rk1/5pp1/n1p1pb1p/1p6/p2P4/2NQPN2/PPB2PPP/R3K2R w KQ - 2 14	d3h7	523	1314191b
zZL1K	5rk1/pb3ppp/4pn2/p2qN3/3P4/P7/1P3PPP/2RQR1K1 b - - 2 18	d5g2	523	0y1314191b
zqsXQ	r3k2r/1bq1bpp1/p1n1p3/2P5/Qp1PP1B1/8/5PPP/R1BN1RK1 b kq - 0 18	c7h2	523	0y1314191b
1FuJC	3r4/1k4p1/2q5/1pPrp3/8/1Q2P1P1/2R2P1P/2R3K1 b - - 3 33	d5d1 c1d1 d8d1	524	0p13151o
60mmh	8/6pk/4q2p/8/8/4KQ2/P4P2/8 w - - 2 37	f3e4 e6e4 e3e4	524	0g0p1i1o
6ADng	6k1/5p1p/p2pr1pP/1prqp3/7Q/PP6/5PP1/R3R1K1 w - - 2 27	h4d8 e6e8 d8e8	524	0p0y13151o
72xsI	r3r1k1/2q2ppp/p4b2/1pp1R3/P4P2/8/1PP3PP/2B1QRK1 w - - 1 22	e5e8 a8e8 e1e8	524	0y1315191o
8Ocma	2rqk2r/1b1p4/p2Bp1p1/1p1nP2p/8/3B4/PPP2PPP/R4RK1 w k - 0 17	d3g6	524	0a1314191b
8l7E1	1k1r2nr/p1bp2p1/1p3p1p/2pPq3/2B5/4BQ2/PPP2PPP/3R1RK1 b - - 2 18	e5h2	524	0y1314191b
8sQ7W	r1bqkb1r/ppp2ppp/1Nnp1n2/4p2Q/2B1P3/8/PPPP1PPP/R1B1K1NR w KQkq - 6 7	h5f7	524	0413141b1c
9Po1J	q3r3/P3N1pk/4pp2/8/R7/2B3P1/1P3P1P/6K1 w - - 0 34	a4h4	524	020p13141b
9q2lW	2r3k1/4Qpbp/4p1p1/p7/3PPn2/P7/1P3P1P/2R2KR1 b - - 0 24	c8c1	524	0p0t13141b
Am8gQ	r1b1k1nr/pppp2pp/1bn5/4p3/1P2Pp1q/N1PP1N2/P2B1PPP/R2QKB1R b KQkq - 4 8	h4f2	524	0413141b1c
ApUev	5r1k/5p1p/8/2Q1b3/8/1P5P/4q1B1/5R1K w - - 1 44	c5f8	524	0p0t13141b
BHJnV	1rb3kr/1p2pp1p/1pB3pB/8/8/6P1/P3PP1P/3R2K1 w - - 0 18	d1d8	524	0p13141b1f
BKzB6	6k1/r4ppp/2p3b1/6P1/4p2P/8/5P2/1R4K1 w - - 0 29	b1b8	524	060p13141b
C58AY	r4r1k/1b3ppp/pq2pNn1/1p6/7Q/1B6/PPP3PP/R4R1K w - - 4 20	h4h7	524	0y1314191b
CvL67	r2qk2r/pp1n1pp1/2pp3p/4p1b1/4P3/1B1PBQ1P/PPP2PP1/R4RK1 w kq - 4 13	f3f7	524	041314191b
D12Fm	3rr1kb/pb5q/1p3pp1/8/2Pp1p2/3P3N/PP2Q1PP/4RRK1 w - - 0 33	e2e8 d8e8 e1e8	524	010y11191o
DNDZ9	1k1r4/4b1pp/p7/1ppqPp2/4p2P/1PQ1P3/PB1rBP2/3RK2R b K - 3 34	d2d1 e2d1 d5d1	524	1315191o
DOKuy	r1b1kb1r/ppp2ppp/4q3/4p1B1/1n2P3/5N2/PPP2PPP/R2QKB1R w KQkq - 2 9	d1d8	524	1113141b1c
E6XZb	8/pp1k1p2/1q1b2p1/3Q3p/3N4/2P1R2P/5PP1/6K1 b - - 4 30	b6b1 e3e1 b1e1	524	0p13151o
HEvYN	3r3k/6pp/4p3/1p6/1Pr1p3/PK2R1Pq/2PQ4/2R5 w - - 0 33	d2d8	524	060p0t13141b
HioNk	8/8/1p6/pPp3P1/P1P3kp/4p3/4Kb2/8 w - - 1 66	g5g6 g4f4 g6g7 f4e4 g7g8q	524	00080g0p101h
I0V80	7k/6p1/R1p2p2/5Br1/P2p1KP1/8/1rP5/8 w - - 1 43	a6a8 b2b8 a8b8	524	0p13151f1o
IR0gt	4rrk1/p4ppp/1pp5/3p4/6q1/3QP3/PP4P1/R1B2K1R w - - 2 21	d3h7	524	0y1314191b
KvZQu	3r1k1b/1Q6/8/p3pN2/4P1p1/4BpP1/PPP1nP2/1K6 b - - 0 31	d8d1 e3c1 d1c1	524	0p13151k1o
NnBfn	r4rk1/4bp2/1q2p2p/1b1p4/p2P4/2PQ3P/P1B2PP1/R3R1K1 w - - 0 24	d3h7	524	1314191b
PKA4U	3kr3/Q5p1/Pp6/2p4p/2Pp3p/3Pq3/1P4PP/R6K b - - 2 33	e3e1 a1e1 e8e1	524	060p13151n1o
QfRLX	k7/2p5/p1Np3p/3PbrpP/4p3/1R5K/PP6/8 w - - 0 35	b3b8	524	030p13141b
QiE6T	2kr1b1r/1pp2ppp/1p2p1b1/3q4/3PnBP1/2Q4P/PPP1BP2/1K1R3R w - - 0 18	c3c7	524	1314191b1k
RlMP0	3rr1k1/p1p1qppp/2Q2n2/8/1P1P4/P7/5PPP/RN1R2K1 b - - 0 18	e7e1 d1e1 e8e1	524	061315191n1o
SCtSr	8/8/5K2/pk6/6P1/8/8/8 b - - 1 55	a5a4 f6f7 a4a3 g4g5 a3a2 g5g6 a2a1q	524	000g0p1e1h1l1w
SGafG	6k1/R4p1p/1p2p1pB/1P2P3/1nq5/4PP1P/1P4P1/3b2K1 w - - 0 31	a7a8 c4c8 a8c8	524	0p13151f1o
Tunfo	5r1k/1pN3pp/p7/4p3/8/7b/PP1Q3P/5RK1 b - - 0 34	f8f1	524	0p13141b1d
WQD96	Qn1qk2r/p1p2pbp/1p2p1p1/4P3/2B5/8/PPb2PPP/R1B1K2R b KQk - 0 12	d8d1	524	1314191b
WuhK5	6k1/pb4p1/1p1bq2p/5p2/1P1Q4/P4N2/1B3PPP/6K1 w - - 3 27	d4g7	524	0p13141b
WzHQx	2kr1bnr/Qpp2ppp/8/3q4/8/4B3/PPP2PPP/RN2K2R b KQ - 0 10	d5d1	524	1314191b
XXmd3	5r1k/b5pp/2q5/3p2B1/3p4/1Pp2R1P/2P3P1/4R2K w - - 0 34	f3f8	524	060p1113141b
Yx0hH	r3k2r/8/p1pqp3/2pp3p/3b2n1/3P4/PPP1N1PP/R1B1QR1K b kq - 5 17	d6h2	524	0y1314191b
ZJVF1	2R5/1p1K1p1k/r5bp/6p1/3B2P1/5P1P/3r4/8 w - - 10 43	c8h8	524	0p13141b1d
ZYYd0	5b1k/1b1q3p/4p1pQ/p1p1r3/Pp3P2/1P1P4/2P3PP/R5K1 w - - 0 35	h6f8	524	0p0y13141b
aXw5a	r1bq2k1/p1p2ppp/2p5/8/3Rp3/1P6/PBP2PPP/2K2B1R w - - 0 14	d4d8	524	0t1314191b
ceZvr	6k1/1pr2ppp/1q2p3/p2pPn2/Q2P4/5B2/3bNPPP/R5K1 w - - 0 25	a4e8	524	1314191b
cyxJp	r2q1bkr/ppp3pp/2n1b3/4N3/4n3/1QP5/PP3PPP/RNB1K2R w KQ - 3 10	b3e6	524	0t0y13141b1c
dDjWc	2Qq1k1r/5pp1/2N1p3/7p/8/2r1P1P1/5PP1/5RK1 w - - 0 31	c8d8	524	0p0t13141b
dOzqQ	2r2k2/R5pp/3Npp2/3n4/6n1/8/P3R1PP/2B3K1 b - - 0 25	c8c1 e2e1 c1e1	524	1315191o
fDuwW	1Q3B2/5p2/2p1nPp1/3p1k1p/1Pq2P2/7P/6K1/8 w - - 1 38	b8e5	524	0p0q1113141b
fTFWc	r1b2rk1/p4ppp/p1p1pq2/3p4/1b1P4/2NQP1P1/PPP1NPP1/R3K2R w KQ - 3 12	d3h7	524	0y1314191b
fZfhu	r4rk1/pbp1bpp1/1p5p/3q4/1P1N4/P7/2PBBPPP/R1Q2RK1 b - - 0 16	d5g2	524	0y1314191b
fo5Fh	1k2r3/ppp4p/1q3n2/1P4p1/3Q1p2/P4PP1/5PBP/3R2K1 w - - 1 22	d4d8 e8d8 d1d8	524	060p13151n1o
gPv1B	r1b1k2r/pp3ppp/2n5/1B1pP3/1B1Nn2q/8/PP3PPP/RN1QK2R b KQkq - 0 11	h4f2	524	0413141b1c
kzPc9	r4rk1/p4ppp/bp2qn2/2pP4/5B2/1P3P2/P3N1PP/RBQ1K2R b KQ - 0 17	e6e2	524	1314191b
l0hzA	k1r5/p1B2p2/1p5p/3b3P/Q4PP1/P7/1P6/K1R1q3 b - - 3 43	e1c1	524	0p0t1113141b
lOEBj	r2qk2r/pppnppbp/3pP1p1/8/2Pn4/2N2Q1P/PP3PP1/R1B1KB1R w KQkq - 0 10	f3f7	524	0413141b1c
moZFR	1B3rk1/2p2pbp/p2p2p1/1p1Bp3/4Pnb1/2PP4/PP1N1PQP/R3KR2 b Q - 0 16	f4g2	524	1314191b
ooegq	r1b2rk1/pp2q1pp/3pPb2/2p5/2P1Qp2/3B1N1P/PP1N2P1/5RK1 w - - 3 19	e4h7	524	0y1314191b
pCPPb	r4rk1/ppbq1pp1/2p1p2p/3n2N1/PP1P1P2/2P5/2Q3PP/R1B2RK1 w - - 0 19	c2h7	524	1314191b
r1Cdr	2k3r1/pp2bp2/3pqN2/2p5/4PR2/1P1P3Q/PBP5/R6K b - - 0 22	e6h3	524	0t0y1314191b
s3bmO	2r3k1/5ppp/p1r1p3/4q3/2pRP3/8/PPQ2P1P/3R3K w - - 7 23	d4d8 c8d8 d1d8	524	060p13151o
sGrxF	6k1/pp2rp1p/2N3p1/8/8/1Q6/PP3PPP/3b2K1 b - - 0 24	e7e1	524	060p13141b
tP4YX	2r3k1/r4p2/5Bpp/p2p1n2/P7/5P1P/5PK1/2R5 w - - 0 33	c1c8 g8h7 c8h8	524	0p13151d1o
tT1Sf	2r1r1k1/1bq2pp1/5b1p/p1pp4/2N5/1PP2P2/P1B1Q1PP/2R1R2K w - - 0 21	e2e8 c8e8 e1e8	524	0y1315191f1o
u46mh	r4r2/1b3pkp/pp4p1/2pq4/3N4/3P4/PP1QBPPP/2RR2K1 b - - 0 17	d5g2	524	0y1314191b
xlDqk	r3r1k1/pppbqppp/2n1p3/8/3PQ3/2NB4/PPP2PPP/R3K2R w KQ - 3 12	e4h7 g8f8 h7h8	524	0y1315191o
zjfRm	3k4/1b1p4/pp1P3p/2p2r2/4P3/P1N5/1P6/6RK w - - 0 42	g1g8 f5f8 g8f8	524	0p13151o
048VI	4R3/1Q3ppp/p2p1n2/3r1k2/P4B2/8/1PP2PPP/6K1 b - - 0 23	d5d1 e8e1 d1e1	525	060p13151o
0ZhNe	r4rk1/p1ppp2p/1p3b2/7p/2qPQ3/2N5/PP3P1P/R1B2R1K b - - 1 18	c4f1	525	0t0y1314191b
0fBGe	2k5/pp1r1ppp/8/5b2/3n4/P1P3P1/NP3PBP/2KR4 b - - 0 21	d4b3	525	0p13141b
2z5Tl	r2qkb1r/pp3ppp/2b1p3/2ppN3/3Pn3/2P1PQ2/PP3PPP/RNB1K2R w KQkq - 2 9	f3f7	525	0413141b1c
4BL4G	r1q1bnk1/4R1p1/p5Np/1p1pBp1Q/3Pp3/P7/1P3PPP/2R3K1 b - - 0 31	c8c1 h5d1 c1d1	525	060t1315191o
6Z6XJ	7k/6pp/ppQ5/8/P4B2/2p5/5qPP/4R2K b - - 0 30	f2e1	525	060p1113141b
6vPNC	6k1/p4pp1/1p3q1p/3P4/2P5/4P1Pb/1Q1R3P/6K1 b - - 2 24	f6f1	525	0p13141b
8INbf	5r1k/pppb2p1/3p3p/3Np2q/3PPp2/P2P3P/BP3Q1K/R1B3R1 b - - 0 23	h5h3	525	1314191b
8bFCB	r3kb1r/1bp2ppp/pnq1p3/1p2N1B1/3P4/1BN5/PP3PPP/2RQ1RK1 b kq - 13 15	c6g2	525	0y1314191b
8kaiM	3r2k1/p3bbp1/4p2p/2pr4/4NQ2/2P4R/PP3PPP/R5K1 b - - 0 26	d5d1 a1d1 d8d1	525	061315191o
BfPhC	r1r4k/6p1/5N1p/4q3/8/p1P4P/2Q3P1/2R4K w - - 1 37	c2h7	525	0p13141b
E0L2i	rnb2rk1/1p3ppp/p3pq2/8/3bQB2/2PB4/P4PPP/R4RK1 w - - 0 17	e4h7	525	0y1314191b
EkJTP	1k5r/ppp2Q2/3q4/3P4/2PN4/P7/1P5P/R4RK1 b - - 0 23	d6h2	525	0p13141b
Ezg6L	r3k3/ppp2p2/2n2p1p/3qp3/8/2PP3b/P1P1BPNP/R2Q1RK1 b q - 0 13	d5g2	525	0y111314191b
HcsOW	2r3k1/5ppp/p2p4/3q1P2/1p6/2r3P1/2P1Q2P/1RK1R3 w - - 2 32	e2e8 c8e8 e1e8	525	060p13151n1o
HyUJt	rnbq1rk1/pp2bppp/2p1p3/6N1/3P4/2P3P1/P1QBPPBP/R4RK1 w - - 4 13	c2h7	525	0y1314191b
IiDk3	3r1rk1/3qbppp/1p2p3/p1n1P3/1P3P2/P4N2/1BQ3PP/RB3bK1 w - - 0 21	c2h7	525	0y1314191b
J5CwB	3r1rk1/1pp2pp1/p1b1p2p/2P1R1N1/3P4/3Q4/1q4PP/6K1 w - - 0 29	d3h7	525	1314191b
JCC0p	3b4/5R2/1p1p4/p4Ppk/r1p5/6K1/8/8 w - - 2 62	f7h7	525	0p13141b
JM7t5	r3r1k1/1b1p1ppp/2q2n2/pNp1P3/2Q5/PB6/1PP2PPP/3RR1K1 b - - 2 17	c6g2	525	0y1314191b
K3muX	3r4/pp2kpp1/3n2p1/8/5P2/1P4P1/P2R1KBP/8 b - - 4 33	d6e4 g2e4 d8d2	525	010j0p1o
LKuR5	8/R7/4p1p1/pr5k/5K2/8/7P/8 w - - 2 44	a7h7	525	0p13141b1m
MyNOR	4r1k1/p4ppp/1p6/3q4/1n1P1B2/5N2/PP3PPP/1KR1R3 w - - 7 22	e1e8	525	060t1314191b
NpBeA	r4rk1/p4pp1/1p2p1qp/PB1pB3/3PP3/1QP1n3/1P4PP/R4RK1 b - - 0 21	g6g2	525	0y1314191b
Numoa	2R5/p7/8/2P1kp2/1P3p2/P1P1pK2/2r5/8 b - - 1 39	c2f2	525	0p13141b1m
O31ej	r3kqr1/3p1p2/p1n1p3/8/2B5/2PQn3/PP3P1P/2KR2Nb w q - 0 19	d3d7	525	1314191b
ORiTR	6k1/2R3pp/p2rP3/8/2P5/3n3P/6P1/7K w - - 0 29	c7c8 d6d8 c8d8	525	0p13151o
Odk4t	r2q1rk1/5p1p/p2pp1p1/2p5/1p1bPPP1/3P4/PPP3P1/1RBQ1R1K b - - 1 16	d8h4	525	1314191b
R6DIj	2r2rk1/4bppp/pq2p3/1b6/2p1Q3/2n2N2/P4PPP/1BR1R1K1 w - - 0 23	e4h7	525	0y1314191b
SNFMb	5B1k/2b3pp/rpb5/3qpp1Q/2Np4/3P4/5PPP/2R2RK1 b - - 0 25	d5g2	525	0y1314191b
TAtms	7k/1p2Pp2/p6p/4p3/2P5/PB3p1q/2P2PQ1/R5K1 b - - 0 33	h3g2	525	0p13141b
THEKv	r5k1/2p1Qppp/6b1/p1n5/3p2P1/2qP4/2P4P/1rBKRB1R w - - 3 25	e7e8 a8e8 e1e8	525	061315191n1o
TTkbL	r1b3kr/pp1p1p1p/q1nQ2pB/4p3/2N1P1n1/2P5/PPK1NbPP/R4B1R w - - 10 15	d6f8	525	1314191b
U4ux2	4B3/6kp/5qp1/5p2/8/PQ6/4R1PP/7K b - - 0 40	f6a1 b3b1 a1b1 e2e1 b1e1	525	060p101316
UubFF	4b1k1/p4ppp/2p5/3p2q1/3N4/1nP4P/PP2QPP1/6K1 w - - 0 25	e2e8	525	0p0t13141b
VT1xs	r3r1k1/p1p3p1/2p2p2/3b1Q1p/3P4/P1P3P1/5P1P/R1B1R1K1 b - - 0 21	e8e1	525	0t0y1314191b1f
Xuwzs	r2qk2r/ppp2pp1/2nbp1p1/3pB1Nn/3P1Q2/4P2P/PPPN1P2/R3K2R w KQkq - 8 14	f4f7	525	041314191b
Y5jye	2R5/5rp1/4p2k/5p1P/3P1Pp1/2p1B1b1/8/5K2 w - - 1 46	c8h8	525	0p13141b
aW5eq	r5k1/1R1R1pp1/p6p/8/r7/8/1P3PPP/6K1 b - - 1 25	a4a1 d7d1 a1d1	525	060p13151m1o
azTKn	4r1k1/ppp2ppp/2nbq3/8/3P2QN/2P4P/P2B1PP1/4R1K1 b - - 1 20	e6e1 d2e1 e8e1	525	0y1315191f1o
bf1ah	7k/p5p1/4p1Kp/1R2p3/2rb3P/5P2/1p6/8 w - - 0 42	b5b8 c4c8 b8c8	525	0p13151o
cBNtL	8/8/2Q4p/2q4P/1K6/4b1k1/1P6/8 w - - 2 57	c6c5 e3c5 b4c5	525	0g0p1o
dRjw3	8/8/r1PR4/8/7p/6kP/2R3P1/7K b - - 2 54	a6a1 c2c1 a1c1 d6d1 c1d1	525	0p1013161m
dZXUz	1br1k2r/p5pp/2pqpp2/1p6/3P3N/1P2P3/PB3PPP/2RQ1RK1 b k - 0 17	d6h2	525	0y1314191b
duUYz	1rbq1rk1/p4ppp/4p3/2p1P3/2npQP2/3B2P1/PPP4P/2KR3R w - - 0 19	e4h7	525	0y1314191b
eaxXR	8/1R6/6p1/P4p1k/1p5P/5K2/1r6/8 w - - 1 53	b7h7	525	0p13141b1m
en90L	1rb2rk1/p2n1pbp/4p3/3p2PR/1q1B4/2N2P2/PPPQ4/2KR1B2 b - - 2 17	b4b2	525	1314191b1k
fOYXM	6k1/1p1r4/2p4p/4p1P1/1P2Nb2/2P2R2/P5P1/7K b - - 0 40	d7d1 f3f1 d1f1	525	0p13151f1o
fsLY2	r1b1k2r/ppp2ppp/2nb4/4q3/4P3/1B5P/PPP2PP1/RNBQ1RK1 b kq - 1 10	e5h2	525	13141b1c
gbIA9	2r2r1k/1p3qpp/p1bQ4/P1p1N3/8/2PP2P1/1P3P1P/R3R1K1 b - - 4 24	f7f2	525	0y1314191b
h6FfF	5rk1/Q4pp1/4p1qp/P2p4/3P1n2/5N1P/5PPK/5R2 b - - 5 30	g6g2	525	0p13141b
hgDar	2R1q1k1/pp3prp/7p/6b1/8/1P5P/1P3PP1/K2R4 w - - 2 30	c8e8	525	060p0t1113141b
i2hIH	5rk1/p2b1pp1/1p5p/3pP3/3PQ3/2qB4/P5PP/5RK1 w - - 0 21	e4h7	525	0p13141b
jqR65	6k1/p4p2/6p1/1p5p/2p2n1P/P1B2q2/1P1R1P2/5RK1 w - - 1 29	d2d8 g8h7 d8h8	525	0p1113151d1o
kVcVu	5q1k/pp5p/2p3pQ/8/4N3/8/PP6/1K6 w - - 2 41	h6f8	525	0p0t13141b
lCNWs	r7/r6k/2p2ppp/np1p4/3P4/1QN1P2P/5PP1/R1R3K1 b - - 0 31	a5b3 a1a7 a8a7	525	010s191o
lGX5l	r2r2k1/pp3ppp/2p2n2/8/8/P1P1Q3/2P2PPP/R1BR2K1 b - - 0 16	d8d1 e3e1 d1e1	525	060t1315191o
lNK6p	r2q1rk1/1bp1bppp/p2p1n2/3PpN2/2B3Q1/8/1PP2PPP/R1B1R1K1 w - - 4 16	g4g7	525	0y13141b1c
m8Vcs	r1bqkb1r/1p3ppp/p3p3/3pN3/3P4/2Pn1Q2/PP3PPP/RN3RK1 w kq - 0 12	f3f7	525	0413141b1c
muL4S	1b1r2k1/p2n1ppp/1p1qpn2/8/3PN3/P3PB1P/1P2QPP1/R4RK1 b - - 3 20	d6h2	525	1314191b
mydDg	4rk1r/ppN2pp1/6p1/3P4/1q1n4/6P1/PP3PBn/R3R1K1 w - - 0 21	e1e8	525	1314191b
oRneZ	5rk1/pp2Qpbp/6p1/3BP3/P2P1p2/3q4/7R/5R1K b - - 7 35	d3f1	525	0t1314191b
qKCyh	r1k5/1bp2qp1/p5r1/1pB1pnQp/8/2P2N1P/PP3PP1/R2R2K1 w - - 4 21	g5d8	525	1314191b
rDVJt	2k5/p3R1R1/2p5/2qn4/P7/1KP5/8/8 w - - 12 55	e7e8	525	0p13141b
rMLlM	8/1k4pp/4p3/2n5/4p3/6P1/5K1P/4R3 b - - 1 47	c5d3 f2e3 d3e1	525	0g0p0s1o
t45bB	3r2k1/B1Q2pp1/5b1p/8/8/4P1Pb/5PBP/3R2K1 b - - 0 27	d8d1 g2f1 d1f1	525	1315191d1o
tXnrl	8/pp3pkp/8/2Pb1Pp1/6P1/1PN1p1KP/P2r4/4R3 b - - 1 31	d2g2	525	0p111213141b1d
vaF5Y	R3Q3/2pr1rpk/1pp4p/8/8/2P5/2P3PP/5R1K b - - 0 25	f7f1	525	060p13141b1j
wRs1b	7r/p7/1p6/kP6/2K5/8/7P/1R6 w - - 4 63	b1a1	525	0p13141b1m
wa699	3R4/pp3p1k/6pp/8/3B2n1/6P1/PP2q3/5NK1 w - - 0 29	d8h8	525	0p13141b1d
wkXln	rn2k3/ppp2pp1/7r/3PN1q1/3P4/5N1b/PP2PPB1/R2Q1RK1 b q - 2 15	g5g2	525	0y1314191b
x0fqI	1r3rk1/p4ppp/q2p3n/3BP3/5PbQ/2N5/PP4PP/R1B2R1K b - - 0 19	a6f1	525	0t0y1314191b
x4BdE	6k1/1p4r1/p1p5/2Pn2r1/P2PQ3/5P2/2B2K2/8 w - - 3 39	e4e8	525	0p13141b
xrOCv	r2q1rk1/2p2pp1/p1bp1b1p/4p1N1/2P4P/2N5/PPQ2PP1/R3K2R w KQ - 0 21	c2h7	525	1314191b
yEQiK	r3r3/1p3ppk/4q1n1/1NB5/2P5/PP4Q1/5PPP/R5K1 b - - 2 25	e6e1 a1e1 e8e1	525	061315191n1o
yQg5G	k7/pp4pp/4p1q1/3p4/3P3Q/8/PPr2PPP/4R1K1 w - - 0 27	h4d8 c2c8 d8c8	525	0p13151k1o
0BdQV	2kr3r/ppp1np2/3qp3/P2p2p1/1P1P2np/2PQP2P/3NNPP1/R4RK1 b - - 0 17	d6h2	526	1314191b
0dbAZ	1k2rb2/ppp3pp/6q1/4p3/2Q1b3/2P1B3/PPP2PPP/R4RK1 b - - 1 18	g6g2	526	0y1314191b
0xWEh	r2q1rk1/1b1n1pp1/p3p3/1p2P1N1/2p5/P3b1P1/1PQ2PBP/R4RK1 w - - 0 19	c2h7	526	1314191b
12uZ4	8/8/p1p2k2/8/4pp1r/1R3b2/PP3P2/4R1K1 b - - 1 41	h4h1	526	0p13141b1d
1VrV0	r1b2rk1/pppp2pp/2n2q2/8/2PN4/2P1P3/P4PPP/R2QKB1R b KQ - 0 12	f6f2	526	041314191b
2LkWZ	2r3k1/p3Rppp/8/2B2p2/2pP4/1P1b1P2/r5PP/4R1K1 w - - 2 28	e7e8 c8e8 e1e8	526	060p13151o
36cky	r2q1rk1/pb1nbppp/1p6/2pP4/8/P1NQnN2/1PB2PPP/2R2RK1 w - - 0 17	d3h7	526	0y1314191b
4XImV	r1b3kr/ppp3pp/6n1/b2q2N1/3P4/B1P5/P4PPP/R3R1K1 w - - 0 16	e1e8 g6f8 e8f8	526	0y1315191d1o
7LQCx	3r2k1/1p2Rp1p/p5pB/5b2/3p4/1P6/P1r2PPP/4R1K1 w - - 1 31	e7e8 d8e8 e1e8	526	0p13151f1o
9vvY7	R7/1p3ppk/4p2p/3pN3/1Q1Pn3/2r2P2/6PP/6K1 b - - 0 24	c3c1 b4e1 c1e1	526	0p13151o
BXtqn	6k1/2r2ppp/rRp1p3/8/3P4/4P3/5PPP/6K1 w - - 0 25	b6b8 c7c8 b8c8	526	060p13151m1o
CCI8X	r3k2r/pbp2pp1/2q2P1p/8/8/4p3/PPP2PPP/RNBQR1K1 b kq - 0 14	c6g2	526	0y1314191b
Dl2a1	r4rk1/6p1/b1p1q2p/2b1pN2/1p2Pn2/6Q1/1PPB2PP/R3R2K w - - 0 27	g3g7	526	0y111314191b
Dsxie	7k/pp5p/8/8/4KR2/2r1P1R1/4r3/8 w - - 1 35	f4f8	526	0p13141b1m
DtwGM	r1bq1rk1/1p1nbppp/2n1p3/p2pP3/2pP1B2/2PQ1N2/PPB2PPP/RN3RK1 w - - 0 13	d3h7	526	0y13141b1c
HdNfo	8/5k1p/4p1p1/P1np4/1B6/5P2/6PP/4K3 b - - 1 34	c5d3 e1d2 d3b4	526	0g0p0s1o
KhXhc	r2q1rk1/3nbppp/p3p3/1p1bP3/3p4/3Q1N2/PPB2PPP/R1B2RK1 w - - 0 15	d3h7	526	0y13141b1c
MJThL	r2qk2r/1p1b1p2/p1n1p3/3pP3/3P4/P4QN1/1P4PN/1Bb2RK1 w kq - 0 24	f3f7	526	041314191b
McDeb	4r3/p2k3p/3br2B/2p2p2/2P5/2NR4/PP3PPP/R5K1 b - - 0 22	e6e1 a1e1 e8e1	526	1315191o
MoL3d	2rq1rk1/4bppp/p3p3/1p1b4/2nQ4/4PN2/PB2BPPP/R2R2K1 w - - 2 19	d4g7	526	0y1314191b
PDa7q	r4rk1/1p2bppp/p1b1pn2/3qN3/3B4/2P5/PPB2PPP/R2Q1RK1 b - - 2 16	d5g2	526	0y1314191b
RUFu9	r4rk1/2qp1ppp/p3p3/1pb5/3BbPQ1/PB5P/1PP3P1/R4RK1 w - - 2 16	g4g7	526	0y1314191b
RwSg8	2b4k/5Pn1/7K/8/7P/8/8/8 w - - 0 63	f7f8q	526	000p13141b1h
T96rW	2rqk2r/5p2/p3p3/1p1p4/3P1Qbb/P1P1B3/1P4P1/R4RK1 w k - 0 28	f4f7	526	041314191b
Tw2kp	6k1/3N1ppp/4pb2/3b4/3P4/N3P3/1r1n1PPP/2R3K1 w - - 0 28	c1c8 f6d8 c8d8	526	061315191o
TyCtZ	6k1/1R4pp/p3p3/3pP2B/3n4/1P5P/6PK/2r5 w - - 0 31	b7b8 c1c8 b8c8	526	0p13151f1o
UYccK	2kr3r/ppp1bp2/2q1p2p/6p1/1PPP1n2/P2BB3/2Q2PPP/R4RK1 b - - 0 17	c6g2	526	0y111314191b
VIMrF	4r1k1/5p1p/1p4p1/8/3p1P2/1P4P1/P2Q1K1P/4q3 w - - 0 31	d2e1 e8e1 f2e1	526	010p111o
VdLzV	8/7p/R2R4/6pk/4p3/2r2PK1/P6P/4n3 b - - 0 48	c3f3	526	0p13141b
WzQQl	8/5Kpk/8/p1R5/8/8/P5r1/8 w - - 6 41	c5h5	526	0p13141b1m
XLMac	r4rk1/1p1b2bp/p2ppqp1/2p3N1/4P2Q/2NP4/PPP3PP/R1B3K1 w - - 0 15	h4h7	526	0y1314191b
bbFbw	r1r3k1/ppqbnppp/4p3/3pP3/1P1P4/3B1N2/2Q2PPP/RN3RK1 b - - 0 15	c7c2 d3c2 c8c2	526	01191o
bfPwv	r4rk1/ppp3p1/2npN2p/4p2n/4P2Q/2PP4/PP4PP/R1B2N1K b - - 0 15	f8f1	526	060t1314191b
bk150	r5k1/1p3ppp/2p5/1nN5/p2rR3/5P2/6PP/4R1K1 w - - 0 28	e4e8 a8e8 e1e8	526	060p1113151o
blRs4	7k/p4prp/3p1Q2/8/4P3/7P/P1q3P1/5R1K b - - 0 30	c2g2	526	0p13141b
dCoLp	r3q1k1/pQN2p1p/3p2p1/8/2Pb4/6Pb/PP3P1P/R1B3K1 b - - 0 18	e8e1	526	1314191b
dul2Z	r4rk1/pp1n1pp1/2p2q1p/3p2N1/3P4/P2Q1N1P/1PP2PP1/4R1K1 w - - 2 19	d3h7	526	1314191b
e6JwU	1Qr3k1/p4p1p/1p4p1/2p5/4P3/2Br2qP/P5P1/1R4K1 w - - 2 29	b8c8 d3d8 c8d8	526	0p0t13151o
gJ1hp	rn1qbr1k/pp2p2p/3p4/2pP4/4p2P/2N2Q2/PPP2PP1/2KR2NR w - - 0 17	f3f8	526	0t0y1314191b
iAEeY	rn1q1rk1/pp3ppp/2p1p3/6b1/3PQ3/3B3P/PPP3P1/R4RK1 w - - 0 13	e4h7	526	0y1314191b
iF9r7	4r1k1/6pp/5b2/8/1B4N1/3q2Q1/6PP/5R1K b - - 2 36	d3f1	526	0t111314191b
iII9L	3r2kB/1b3p1p/1q2p1p1/1N6/P7/1P6/1QR2bPP/3B3K b - - 0 29	d8d1	526	1314191b
inRWE	4R3/1p3Nkp/2p3p1/2Pp4/rPbP4/6Q1/5RPP/6K1 b - - 0 36	a4a1 e8e1 a1e1 f2f1 e1f1	526	0p1013161d
j3x6N	2r5/pp5k/6R1/2rppp1p/7P/3Q1P2/PP3P2/1K6 b - - 0 26	c5c1	526	0p1113141b1j
jPbHP	3r2k1/pp3pp1/8/2nr2qp/4R3/P1P5/1PQ2PPN/4R1K1 w - - 3 24	e4e8 d8e8 e1e8	526	0y1315191o
jx5pQ	3q1k1r/2P2pbp/pnQ2p2/1p6/2p5/5N2/PP3PPP/R1B3K1 b - - 0 20	d8d1 f3e1 d1e1	526	0y1315191o
k8t0E	r1bqrbk1/3n1ppp/p2p1P2/2pP4/8/P2Q1N2/1pB2PPP/R1B2RK1 w - - 0 16	d3h7	526	0y13141b1c
kJMbF	8/3Q2pk/3b4/1p6/pP1P4/P1P4P/5PP1/1qB3K1 b - - 2 38	b1c1	526	0p0t13141b
o87Ki	2r2k2/1bpR4/p5p1/1p1P4/6N1/3R4/PPP2P1r/1K6 b - - 0 31	h2h1 d3d1 h1d1	526	060p13151o
ofCE3	r4r1k/pppb2bp/3p1q2/3Pp2Q/2P5/3BB2P/PP3P2/R3K1R1 w Q - 2 19	h5h7	526	0y1314191b
qTMFW	2n3rk/1Rp5/3p4/1P2pN1p/2q1P3/2P2Q1P/5P1K/6n1 w - - 0 36	f3h5	526	1314191b
scfsq	8/2R2pk1/7p/2N3p1/6n1/1P4P1/r4PP1/6K1 b - - 4 34	a2a1	526	0p1113141b
szLP8	1rbr2k1/p1p2pp1/1p5p/2n1P3/2P1Bq2/5N2/PP3PPP/3RR1K1 w - - 0 22	d1d8	526	1314191b1f
thxa7	r5k1/1b2rpbp/5Bp1/pB1qp3/P2p4/R5N1/1PP2PPP/3QR1K1 b - - 0 18	d5g2	526	0y1314191b
uZNja	1r5k/p5pp/5p2/3Qp3/8/8/1q4PP/3R2K1 w - - 2 28	d5d8 b8d8 d1d8	526	060p13151n1o
uy7qN	r5k1/3R2p1/7p/3P4/8/1PBn1P2/1P4PP/6K1 b - - 0 25	a8a1 c3e1 a1e1	526	0p13151o
xDxJ8	4r1k1/1b3pp1/5q1p/1p6/p4p2/P2B3P/1P4P1/4RRK1 w - - 0 30	e1e8	526	0p1113141b1f
05wuR	3r4/2k3b1/2p4p/5Qp1/8/PP6/2P3PP/1K1R4 b - - 0 31	d8d1 b1a2 d1a1	527	0p13151d1o
0Tk80	8/8/1pp5/6Rp/4kP1P/2Br2P1/PP4K1/3r4 w - - 13 40	g5e5	527	0p13141b1d
2MiPG	r3k3/1bp2pp1/p7/1p1qP3/6p1/2P1Q3/PPB3PK/RN6 b q - 0 22	d5g2	527	1314191b
3Gic0	r3kb1r/ppq2pp1/1np1p1p1/6B1/P2Pp3/1QP1P3/1P1N1PPP/R4RK1 b kq - 1 13	c7h2	527	0y1314191b
3es5m	rn1q1rk1/pQ3ppp/4p3/2P5/2B5/1Pn1PN2/5PPP/R1B1K2R b KQ - 0 15	d8d1	527	1314191b
4PVuK	8/pkp1R3/8/6P1/8/4p3/PPP2r2/2K5 b - - 1 28	f2f1	527	0p1113141b1m
4maSE	r1bq1rk1/1p1pbppp/p1n1p3/4n3/4Q3/2NB4/PPPB1PPP/2KR2NR w - - 0 11	e4h7	527	0y13141b1c
6afkw	8/k7/3p4/PB1Pp3/4Pp1p/5Pp1/3K2P1/8 b - - 5 53	h4h3 g2h3 g3g2	527	00080g0p1o
7vaMe	3rk1r1/2p2p2/p1p2B2/2b5/1P2p2P/2P2P2/q1b3P1/2KR3R w - - 0 23	d1d8	527	1314191b1d
8fgRm	1k5r/ppR3p1/3bp3/8/7p/3rq2P/PPQ1N1P1/2R4K w - - 1 24	c7c8 h8c8 c2c8	527	1315191k1o
8nK7U	4r3/pp5p/2bR2pk/5p2/2PN4/P5PP/5P2/6K1 b - - 6 37	e8e1 g1h2 e1h1	527	0p13151d1o
FCDiI	6k1/R7/7B/3p4/4b3/6P1/B2r1P2/6K1 b - - 0 36	d2d1 g1h2 d1h1	527	0p13151d1o
HxL5C	6rk/5pp1/3pp2p/7r/2p5/P1P5/BPP2Q2/1K5R b - - 0 31	h5h1 f2e1 h1e1	527	060p0t13151o
Ipp3k	2Q1r1k1/p4ppp/8/8/2n3Pq/P6P/1r3PK1/3R3R w - - 2 27	c8e8	527	0t1314191b
K5KlS	rnb1q1k1/pp3p1r/1n1p1Bp1/2pP2Pp/8/1BN2P2/PPP3P1/2K1R2R w - - 0 22	e1e8	527	0y1314191b1f
Kwee7	r2qk2r/1p3p2/p2p1n1p/2p3p1/2Q1P3/1BP2P1b/P4P1P/R1B3RK w kq - 0 18	c4f7	527	041314191b
M4T0b	1rq2rk1/1p2npp1/2n1p2p/p2P1b2/1bP5/2Q2N1P/PB1NBPP1/R3R1K1 w - - 1 17	c3g7	527	0y1314191b
MS1Ih	r6k/pp1qb1pp/8/5N2/3p2Q1/3P3P/PP3PP1/6K1 w - - 0 23	g4g7	527	0p13141b
NCQV4	r5rk/1bp2p2/1p3q1p/p2Pp3/2P1B3/2P3RP/P4PQK/6R1 w - - 3 29	g3g8 a8g8 g2g8	527	0y1315191o
OjlUB	r4rk1/ppq2pb1/2p2p2/3pN1Np/P2P2pP/2PQP1P1/1P4P1/1R4K1 w - - 0 20	d3h7	527	1314191b
PUfBu	3qrrk1/2pb1pp1/p2p4/1p1n3p/3P4/P1PQ1N1P/1P3RPK/RB6 w - - 0 25	d3h7	527	1314191b
Pwo1h	8/7p/2Q3pk/1P6/8/8/8/q2K4 w - - 6 54	c6c1 a1c1 d1c1	527	0g0p1i1o
QS0dS	5r1k/ppp1q1p1/3b3p/3N4/3P2Q1/7P/PP3RP1/R1B3K1 b - - 0 19	e7e1 f2f1 e1f1	527	0y1315191o
RI6s5	r4rk1/ppq1bppp/3p4/3n4/2PQ4/1P4P1/PB3PKP/R4R2 w - - 0 16	d4g7	527	0y1314191b
U6dxy	2kr3r/npp1qppp/p3pn2/2N5/2bP4/PQN1P1P1/1P3PP1/R3K2R w KQ - 0 17	b3b7	527	1314191b1k
UDdGx	r4rk1/4nppp/p1nq4/1p1p4/3P2b1/P1NQ1N2/1P3PPP/RB3RK1 w - - 3 19	d3h7	527	0y1314191b
WWx7X	r4rk1/3bbppp/p1n1p3/2p5/p2PQB2/2qB1N2/2P2PPP/1R2R1K1 w - - 0 16	e4h7	527	0y1314191b
X0Bx3	r1bq2kr/6p1/p1p1p1Bp/4P3/8/P2R4/1PP2PPP/5RK1 w - - 0 25	d3d8	527	0t111314191b1f
XKHAa	3r1rk1/8/p6p/2p1p1p1/P3R3/8/1P4PP/R1B3K1 b - - 0 32	d8d1 e4e1 d1e1	527	0p13151o
XfsLu	r3k2N/pp2b1pp/2n3q1/8/2Bpb3/P7/1PP1QPPP/R1B3K1 b q - 0 17	g6g2	527	0y1314191b
Y46Gf	rn4k1/pp3ppp/2P5/8/5Pb1/2P2N1P/PBP1rqP1/R2Q3K w - - 0 16	d1d8 e2e8 d8e8	527	0y1315191o
YDaLB	r3k2r/pb1p2pp/3bp3/3P1p2/Q4P2/P2q4/1P4PP/RNB2R1K b kq - 0 17	d3f1	527	0t0y111314191b
YajXQ	8/2R5/1r3kp1/1r1Bp2p/7P/1P3PK1/8/8 w - - 6 47	c7f7	527	0p1113141b1d
YlnTM	r2qk1nr/1p1b1p2/p1n1p1p1/2ppP3/3P2Pb/N1P1B3/PP2NQBP/R4RK1 w kq - 3 15	f2f7	527	041314191b
aYB9i	r3kb1r/ppp2ppp/4p1b1/3pB3/3Pn2q/2PBPN2/PP3PPP/R2QK2R b KQkq - 4 10	h4f2	527	041314191b
athEQ	1r1qkb1r/1p1b1p1p/p5p1/3pN3/2pP4/4PQ2/PP3PPP/RN2K2R w KQk - 0 13	f3f7	527	041314191b
c86Xu	r4rk1/2R1nppp/1p6/q7/4N3/1Q3P2/PP4PP/4R1K1 b - - 0 20	a5e1	527	0t1314191b
cBlkd	r1b3k1/pp3ppp/1qp3n1/2B5/2B5/8/PP1r1PPP/2R1R1K1 w - - 0 20	e1e8 g6f8 e8f8	527	0y1315191d1o
cX06b	1k2r1r1/p1p2p1p/B6n/6q1/3Pp3/7P/PP4P1/R2QR1K1 b - - 0 25	g5g2	527	0y1314191b
cewEk	1rb1r1k1/5ppp/p3p3/2B5/QP2P3/3q2P1/5PBP/5RK1 w - - 0 23	a4e8	527	0t0y1314191b
egcXT	1rbr2k1/1q3ppp/p1p1p3/2n1P3/5P2/2p2B2/PPP3PP/1KQR3R w - - 0 18	d1d8	527	060t1314191b
g1mjG	2kr4/ppp4p/4p3/3PKbp1/4n3/1P6/P3B1PP/R1B3R1 b - - 0 23	d8d5	527	0q1314191b
gbo3u	r7/5kp1/2p4p/1pB5/4R3/1P6/1bP2PPP/6K1 b - - 0 23	a8a1 e4e1 a1e1	527	060p13151o
ivttw	2r3k1/2p5/1p1p2q1/p2P4/2RQ2pp/P3P3/1P3PPB/6K1 b - - 3 31	g6b1 c4c1 b1c1 d4d1 c1d1	527	060p101316
iwcjY	r6r/1p3kpp/5p2/pqP5/1B1PR3/1P3B2/P2Q2PP/7K b - - 0 23	b5f1	527	1314191b
jkt3Q	5r1k/2R3Rp/p5p1/4p3/2B5/P4pP1/1r2PP1P/6K1 b - - 0 36	b2b1	527	0p13141b
jtgOX	q1b1n1rk/1p3Q2/p2p3p/3Pp3/4P3/3B1P2/PP2KP1P/6R1 w - - 0 24	f7g8	527	0y1314191b
m72Bu	r1bqk2r/pp3pp1/2nbp2p/3pN3/3P1Q2/2P3n1/PP3PPP/RN2KB1R w KQkq - 0 11	f4f7	527	0413141b1c
n43O0	2r3k1/6pp/2N2p2/8/pP6/4P3/1K3PPP/8 w - - 2 32	c6e7 g8f7 e7c8	527	0g0p0s1o
nkKY8	8/6pk/5q2/8/3P3p/7Q/5rPP/3R3K b - - 2 40	f2f1 d1f1 f6f1	527	0p13151o
ntjsB	7k/5Qp1/1p2pB1p/8/2p5/8/PPP1q1PP/5R1K b - - 0 34	e2f1	527	0p0t13141b
o9OtR	4r1k1/3b2pp/ppN2p2/3n4/P2P3B/8/2Q2PPP/6K1 b - - 0 25	e8e1	527	060p1113141b
oPR2a	6k1/pp3rpp/8/3p1b2/1B3bP1/P7/1P3P2/4R1K1 w - - 0 26	e1e8 f7f8 e8f8	527	0p13151d1o
qz8EQ	r4Bk1/ppp2p1p/3p4/7Q/2q5/2n1P1P1/P4P1P/K2R2R1 b - - 3 22	c4a2	527	1314191b
rm154	2r2rk1/pp2qpp1/2b1p2p/nN2P3/1b2Q3/3B1N2/PP3PPP/R2R2K1 w - - 11 18	e4h7	527	111314191b
saEIO	r2q1rk1/1p3ppp/6n1/p2P4/1nPQ4/5bP1/1B3PBP/R4RK1 w - - 0 18	d4g7	527	0y1314191b
tVK5D	r3k2r/ppp2ppp/2nb4/4q3/8/4PB1P/PPPB1PP1/R2Q1RK1 b kq - 2 12	e5h2	527	1314191b
vLIRH	4rk2/2r2Pb1/p1Np2B1/1p1P4/2n4p/7q/5P2/2R1R1K1 w - - 0 35	f7e8q	527	001314191b1h
wncsy	r1bq1rk1/1p3p1p/p2p2p1/2pPp3/2PbPPP1/2NB4/PP2Q1P1/R1B2R1K b - - 0 14	d8h4	527	1314191b
yvF0T	2r3k1/r1NR1ppp/8/p3p3/P4n2/5P2/1P4PP/3R2K1 w - - 6 36	d7d8 c8d8 d1d8	527	060p13151o
zeIFJ	r3r1k1/pp3ppp/5q2/3p4/3P4/P1N5/1P2QPPP/4R1K1 w - - 0 19	e2e8 a8e8 e1e8	527	060p13151o
0W5Ho	r1b2k1r/1pp3b1/7p/p2n2pB/1qnP1p2/2N2N1P/PPP1QP1B/2KR3R w - - 4 19	e2e8	528	1314191b
0byVn	7k/R5p1/7p/8/4B2K/7P/pr4P1/r7 w - - 2 38	a7a8 b2b8 a8b8	528	0p13151f1o
189Hs	4r2k/pp3Qpp/8/3p4/3q2b1/1p6/P1B3PP/7K w - - 0 27	f7e8	528	0p13141b
1FsLH	r4rk1/pb2bppp/1p3B2/2pq3N/3p4/1P1P3P/1PP2PPN/R2QR1K1 b - - 0 17	d5g2	528	0y1314191b
1MQua	8/3pk3/8/3Rp1q1/2P5/1P3Qp1/P3P1B1/5K2 b - - 1 38	g5c1 d5d1 c1d1	528	0p13151o
1YwBw	8/P4Bk1/4Q3/2b2ppK/8/2P3rP/1P6/6r1 b - - 1 42	g3h3	528	0p1113141b
2F0dV	r3kb2/p1q3p1/2p1p1p1/5p1N/6n1/P6P/1BPP1PP1/R2Q1RK1 b q - 0 18	c7h2	528	1314191b
2LQlK	7k/4N2p/p2p4/2p5/1Pr1b3/P5RP/5rBK/8 w - - 0 41	g3g8	528	0p13141b
3aYQa	r4rk1/pbNn1ppp/4pn2/3q4/1p1N4/3BP2P/PP3PP1/R2Q1RK1 b - - 4 17	d5g2	528	0y1314191b
4BlkY	5r1k/7p/3R2p1/p7/1pQ5/2b5/P4qPP/5R1K b - - 0 34	f2f1 c4f1 f8f1	528	060p13151o
4WAmf	r2q1rk1/1pp1b1pp/p2p4/1b3p2/1PnBN1Q1/P3P1P1/5PBP/R4RK1 w - - 0 19	g4g7	528	0y1314191b
4uJef	2k2b1r/ppp1p1pp/4Nn2/8/8/2N1P1Bb/PP3P1P/2KR4 w - - 1 16	d1d8	528	1314191b
5oB98	3r1rk1/p1q1bppp/1p6/3bP3/2p2p2/1NPQ1P2/PPB3PP/R3R1K1 w - - 0 22	d3h7	528	0y1314191b
6gTDT	r4rk1/1pp2ppp/2nq4/p2p4/3Pp1n1/1NP1P2P/PP1Q2B1/RN3RK1 b - - 0 16	d6h2	528	1314191b
8aYez	6k1/1R3Nbp/4p1p1/8/p7/Rbr5/5PPP/6K1 b - - 3 32	c3c1	528	060p13141b
9YJuw	3r2k1/R4pp1/4p2p/8/3rB3/8/5PPP/R5K1 b - - 0 31	d4d1 a1d1 d8d1	528	060p13151o
9iMXS	6rk/p4p1p/1b4r1/7N/BP3P2/P4R2/7P/3R3K b - - 0 36	g6g1 d1g1 g8g1	528	1315191d1o
9pGJO	3r1rk1/pppqbppp/3p4/3P4/2PQn1b1/1P4P1/PB2NP1P/R3R1K1 w - - 0 17	d4g7	528	0y1314191b
ALgT0	3r4/8/Q7/qp2p3/8/kB2p3/2P5/1K6 w - - 1 50	a6a5	528	0p0t13141b
Bf3zZ	r6k/p5p1/3p2Bp/1p1P3P/2pq4/P2b1QP1/1P3R1K/8 w - - 0 33	f3f8 a8f8 f2f8	528	0p13151f1n1o
BtypK	5Q2/7p/q5p1/5p1k/1P6/5PPK/7P/8 b - - 4 41	a6f1	528	0p13141b1i
CBcco	4b1k1/6pp/3N3b/p2r4/8/1P6/P1P1R1PP/6K1 w - - 0 31	e2e8	528	0p13141b
DiLGU	2r2rk1/5pp1/p1N1p1p1/1p6/q2PQ2B/P1P5/1P3PPP/3R2K1 b - - 2 25	a4d1 e4e1 d1e1	528	0t0y1315191o
GI06Y	r5k1/1bp3pp/3pN3/p1p4q/2P1P2P/1P3rQ1/P4P2/R3R1K1 w - - 1 24	g3g7	528	0y1314191b
HGpLs	4q1k1/1b1n1p2/1p1Rr2p/PN6/1Q6/2P2pP1/5P1P/1R4K1 b - - 1 30	e6e1 b1e1 e8e1	528	1315191o
Ha4wN	2r5/pRrnBkp1/4p2p/3n4/3NN3/8/P4PPP/1R4K1 b - - 0 25	c7c1 b1c1 c8c1	528	061315191o
IQdPL	2r3k1/5ppp/nqR1p3/p2pP3/3P4/P4N2/1P3PPP/6K1 w - - 0 22	c6c8 b6d8 c8d8	528	060p0t13151o
IY9SX	r4rk1/5ppp/pq1np3/n2p4/3P4/2pQ1PN1/PPB2P1P/R3R1K1 w - - 0 19	d3h7	528	0y1314191b
MVe6L	4r1k1/1p5p/p4Bp1/3b4/P3rN2/1PR5/1P3R1P/5K2 b - - 0 26	e4e1	528	1314191b
MsH7k	r2q1rk1/pp1n1pp1/4p2p/3p2N1/7P/2PQP3/PP3PP1/R3K2R w KQ - 0 16	d3h7	528	1314191b
OUXPF	8/1R3Qpk/5n1p/8/3P4/q3PB2/P4PPP/6K1 b - - 5 25	a3c1 f3d1 c1d1	528	060p13151o
PrOfA	q2rr1k1/2R3bp/p2P2p1/1pP5/3N4/7Q/PP3RPP/7K b - - 0 32	e8e1 f2f1 e1f1	528	0y1315191o
RzMFv	5rk1/1p3p2/p5pQ/3pP2N/3Pq3/P1P4P/6RK/5b2 b - - 5 35	e4g2	528	0p1113141b
S4sdt	r2q1rk1/1p3pp1/p1p1b2p/2bp4/4PP2/2NB4/PPQBN1PK/R4R2 b - - 0 16	d8h4	528	1314191b
SNl3f	5r1r/ppp3k1/2pq1p2/5Rp1/4P3/P2P4/1PP2QPP/5RK1 b - - 2 25	d6h2	528	0p0y1113141b
Suj3b	8/8/6p1/7k/5K2/8/5R2/6r1 w - - 7 59	f2h2	528	0p13141b1m
U4vSQ	8/6p1/5b2/R7/1r4Pk/5K2/8/8 w - - 9 64	a5h5	528	0p13141b
UIXad	2kr3r/ppp2pbp/1q2p1p1/8/4P3/P2R1Q2/1PP3PP/1KN2B1R b - - 2 18	b6b2	528	1314191b1k
UN5kA	r6r/pp2kppp/1n1bp3/4q3/P2N4/1Q2P3/1P3PPP/R1B2RK1 b - - 2 16	e5h2	528	0y1314191b
WpYpO	5k2/1p3ppp/8/r4q2/p1B5/P2PRb2/1PP4P/4R1K1 w - - 0 24	e3e8	528	0p13141b
XLst2	r5k1/pp3ppp/4p3/4P2b/1nq5/3R1N1P/P1P2PP1/3Q2K1 w - - 0 21	d3d8 a8d8 d1d8	528	061315191o
YFzEs	6k1/p2p1pp1/1p5p/2p3b1/2Pq4/P2B2Q1/KP4PP/3r4 w - - 5 29	g3b8 g5d8 b8d8	528	0p13151o
aLbOs	r3k2r/1ppb2pp/p2b4/4qp2/8/2PBP3/PP2QPPP/R1B2RK1 b kq - 0 15	e5h2	528	0y1314191b
aWjuJ	rbb1k2r/1pq2p2/p4p2/7p/P1PNp3/8/1P2BPPP/R2Q1RK1 b kq - 1 17	c7h2	528	0y1314191b
bwuQN	r5k1/1r3ppp/2p2n2/3pQ3/6P1/4R3/q1P2P1P/4R1K1 w - - 0 29	e5e8 f6e8 e3e8 a8e8 e1e8	528	06101316191n
dJy8S	3r1rk1/p3bppp/2p1p1n1/Ppp1P3/2P1P3/1N6/2P2PPP/R1BQ2K1 b - - 0 18	d8d1	528	060t111314191b
dy6zp	1r3rk1/5pp1/1q2B2p/p7/4P3/2PQ4/PP4PP/1K3R1R b - - 0 24	b6b2	528	1314191b1k
eWRq8	8/3k1p2/2bN1Q2/2p1p3/q1P1P3/P2P3P/5PP1/5K2 b - - 0 48	a4d1	528	0p13141b
exC2n	r2q1rk1/pp3ppn/3pb3/2p3b1/8/3Q1P2/PPPBP3/2KR1BNR w - - 0 15	d3h7	528	0y13141b1c
gMmwX	4k3/7p/R3PK2/5P2/1q4Pp/p7/8/8 w - - 0 58	a6a8 b4b8 a8b8	528	0p13151j1o
gQpUZ	r2qk2r/pbp2pp1/1p2p2p/n3P3/3P4/2P2Q1N/P1P3PP/R1B2RK1 w kq - 1 14	f3f7	528	041314191b
h4Ms0	r1bqk2r/2pnppb1/p2p3p/1p4p1/3P4/1BN1PQ2/PPPN1PPP/R3K2n w Qkq - 0 13	f3f7	528	041314191b
hwg7R	3r2k1/ppb2ppp/8/1BPb2q1/1P1rR3/P6P/2Q2PP1/4R1K1 w - - 1 23	e4e8 d8e8 e1e8	528	0y1315191o
j4Pt1	3rkbr1/pp3n1p/2p3p1/4q3/4p3/3P3P/PPP2QP1/R1B2RK1 w - - 3 18	f2f7	528	041314191b
jXuCu	3r2k1/5ppp/p7/1p1p1qP1/2rQ1P2/P1B4P/1P4B1/5RK1 w - - 5 31	d4g7	528	0y1314191b
lNagJ	6k1/5ppp/2p1p3/3qB3/8/4PbP1/1Q5P/2K5 w - - 3 33	b2b8 d5d8 b8d8	528	0p13151o
lclql	r4rk1/pp1nb1p1/2p1p2p/q3p3/4N1Q1/3P4/PPP2PPP/R1B1R1K1 b - - 1 15	a5e1	528	0t0y1314191b
mUCcz	2r3k1/1pr2pp1/p2bp3/3p4/bP1BqP2/1NP3Q1/P1R4P/2R3K1 w - - 1 30	g3g7	528	0y1314191b
mbGe0	1k1r2r1/2p2p2/Bp1q4/2P3n1/4pNPp/2Q1P2P/PPP5/1K1R2R1 b - - 0 31	d6d1 g1d1 d8d1	528	061315191o
ngCDM	2b2rk1/3n1pp1/1p2p3/1Pb3qQ/3pn3/3BP3/3P1PP1/B3K2R w K - 0 19	h5h8	528	1314191b
nqFcS	5n1k/2q3p1/7p/p3P2P/1p1P4/3B4/P4RK1/8 w - - 0 47	f2f8	528	0p1113141b1f
qy3B6	rnbB3k/ppp3pp/3p4/8/2B5/2P5/P5PP/2Kn1R2 w - - 0 16	f1f8	528	061314191b
rkYcj	r1b1kb1r/p1p1pppp/n1N5/8/8/4n3/PPP3PP/3RKBNR w Kkq - 0 12	d1d8	528	13141b1c
sIK0D	rn3k1r/pp4pp/3NR3/2pn4/3b4/BP3P2/P1P3PP/5K1R w - - 0 18	e6e8	528	1314191b
sTm9F	4r1k1/pp3r1p/2p2PpB/3p4/3P4/P1Pq1b2/1P4PP/4R1K1 w - - 0 27	e1e8 f7f8 e8f8	528	0p0y13151d1o
sYVzr	6k1/5p2/4p1pp/3p4/1q6/8/PNQ3PP/6K1 b - - 2 33	b4e1	528	0p13141b
uSPQn	3q1rk1/BQp2ppp/4p3/1N6/5b2/7P/PPP3Pn/1K1R1B1R b - - 4 16	d8d1	528	0t1314191b1k
udllf	r1n3k1/3Rrppp/p1p5/1p1b1P2/4p3/P3B2P/1PP1B1P1/5RK1 w - - 3 25	d7d8 e7e8 d8e8	528	061315191o
wPd1l	2k3r1/2p4p/p3p3/2N5/1p1n1R2/8/PPq3PP/5RK1 w - - 0 22	f4f8 g8f8 f1f8	528	0p13151o
wzND4	7k/3P3p/p7/4R3/1PP5/6pP/r5P1/6K1 b - - 0 37	a2a1 e5e1 a1e1	528	0p13151m1o
xyi1a	r4r1k/ppp2ppn/4q2p/2p2N2/4PRQ1/2PP3P/PP4P1/R5K1 w - - 3 18	g4g7	528	0y1314191b
yDVVT	5r2/5rkp/p2p4/2pNb1P1/1pP1R3/1P1P3P/P5P1/4R2K b - - 2 36	f7f1 e1f1 f8f1	528	0p0y13151f1o
0PRMD	3r1rk1/pp2bppp/4p3/4P3/4q3/2P2N2/PP2p1QP/R1K3R1 w - - 0 23	g2g7	529	0y1314191b
0RUcM	6rk/8/p2Q3p/2p5/8/1P1P3P/q5P1/7K w - - 0 29	d6h6	529	0p1113141b
1TVbg	6k1/5ppp/p2rp3/2p5/3b4/3P2P1/P1P2P1P/1R4K1 w - - 0 26	b1b8 d6d8 b8d8	529	060p13151o
2eVrk	r2q1rk1/pp3pnb/3bp1pB/3pQ1N1/5PP1/3P3P/PPP5/2KRR3 w - - 2 26	e5g7	529	0y1314191b
33v0t	1k5r/ppr5/Q1Pqp1p1/5p2/2P1Bn2/1R3P1p/PP3P2/1K1R4 b - - 0 27	d6d1	529	0t111314191b1k
4YIGg	8/5rkp/R5p1/P3p3/8/2b5/2P1R1PP/3K4 b - - 2 38	f7f1 e2e1 f1e1	529	0p13151d1o
7noDI	r3k2r/1b1nbpp1/p1qPp2p/1p6/5P2/P1N1B3/BPP3PP/R2Q1RK1 b kq - 0 15	c6g2	529	0y1314191b
911Vi	6k1/5q1p/2pB2pP/3pPpQ1/8/4PP2/6PK/r2q4 w - - 3 36	g5d8 f7e8 d8e8	529	0p13151o
9G4wZ	4r1k1/7p/7r/P7/P2Q4/5pP1/5P1P/7K b - - 0 42	e8e1	529	0p13141b1j
A1Dno	6k1/1p3rpp/4p3/1p1b1p2/1B1P4/5PK1/1r4PP/2R5 w - - 2 33	c1c8 f7f8 c8f8	529	0p13151d1o
Co6wg	5rk1/ppp2ppp/1b5q/8/8/1QN4P/PPP5/R4R1K b - - 0 21	h6h3	529	1314191b
EMDuv	r2qr1nk/p1pnpb1p/1p1p3Q/8/2PP4/2N5/PP2BPP1/R3K2R w KQ - 0 17	h6h7	529	0y1314191b
HcSbk	4rk2/1p3pp1/7p/rq1pR3/2p2P2/P1P4P/1P2Q1P1/4R1K1 w - - 0 34	e5e8 b5e8 e2e8	529	0p13151o
HjoFA	6r1/1Q6/4k3/5p2/4pKPr/4P3/5P2/8 b - - 0 39	h4g4	529	0p13141b1j
JjcQF	r5k1/6pp/2b3q1/p3P3/P2Q4/B1P5/6PP/5RK1 b - - 0 27	g6g2	529	0p13141b
Jv4WN	rnb1kb1r/2p2pp1/p3p2p/1p2P1Bn/8/2N2N2/PPP2PPP/3RKB1R w Kkq - 0 10	d1d8	529	13141b1c1d
K9I7x	r1br2k1/p1q2pbp/1p2p1p1/2p3BP/3PP1n1/1BP5/P2QNPP1/2R2RK1 b - - 4 16	c7h2	529	1314191b
MUBMR	b3k2r/1q3pp1/3Ppn1p/Qpp1N3/1n1p1B1P/1B1P4/1PP2PP1/4R1K1 b k - 4 20	b7g2	529	0y1314191b
MdLOr	4r1k1/ppQ3pp/4pp2/3p4/q7/2P3R1/PP3PPP/3R2K1 b - - 2 26	a4d1	529	060p0t13141b
Mg5hC	1nrq1rk1/1b2bppp/1p2p3/pP1n2N1/N1P5/P3p3/1BQ1BPPP/R3K2R w KQ - 2 18	c2h7	529	0y1314191b
MiMLw	4q1k1/4Ppp1/p3b2p/1p2Q3/2p1nP2/2B4P/P5P1/6K1 w - - 0 33	e5g7	529	0p1113141b
MoXy9	r1b2rk1/1pqpppbp/2n3p1/2P5/1PB3n1/1RN1P3/2P1NPPP/2BQ1RK1 b - - 2 12	c7h2	529	0y13141b1c
OHEng	2r3k1/Q4p1p/3R2p1/8/7P/5bP1/5P2/6K1 b - - 0 36	c8c1 d6d1 c1d1 g1h2 d1h1	529	0p1013161d
PFfK6	6k1/1p4pp/p5p1/3p4/3R4/P7/1P3qPP/4Q2K b - - 0 27	f2e1	529	060p0t13141b
Qo5kH	rk3b1r/pbp3p1/5qnp/1N6/P2P4/1B4Q1/1PP2PPP/R4RK1 w - - 3 19	g3c7	529	1314191b1k
QtDZX	6k1/5p2/4p1pp/4B3/p3PKP1/1R3P2/r5r1/8 w - - 0 44	b3b8 g8h7 b8h8	529	0p13151d1o
RkjaO	8/2k1K3/8/pp1P4/n1p5/P1P5/8/8 w - - 2 56	d5d6 c7c6 d6d7 a4b6 d7d8q	529	000g0p0z101h
Rr1vj	r4rk1/pp2bpp1/2pqp2p/8/3PQ3/3Bn3/PPP2PPP/2KR3R w - - 0 19	e4h7	529	1314191b
V5x2J	6k1/2p2ppp/r4n2/1p6/5P2/1PN2b2/1P3PPP/3R2K1 w - - 0 20	d1d8 f6e8 d8e8	529	060p13151o
VRR7b	3r2k1/1pR2ppp/p7/8/8/2P1BPPb/P3P2P/6K1 b - - 0 22	d8d1 g1f2 d1f1	529	0p13151d1o
VeZaY	4kb2/1R6/4K3/6P1/8/8/7r/8 w - - 18 52	b7b8	529	0p13141b
X6R23	rn1qk2r/pp1bppbp/2p3p1/4N3/2Q5/4P3/PP1P1PPP/RNB1K2R w KQkq - 2 11	c4f7	529	0413141b1c
YVG7K	1k1r3r/pp1n3q/2p5/5p2/3PP1p1/1P3NP1/PB2QP2/2R1R1K1 b - - 0 26	h7h1	529	1314191b
YfjxE	8/1p6/p4k1p/2P5/1P1Q4/P7/3p1PPK/4q3 b - - 3 43	e1e5 d4e5 f6e5	529	0g0p111i1o
YkMrK	r1bq1rk1/pp1pbppp/4p3/4P1N1/6n1/2NQ4/PP3PPP/R1B2RK1 w - - 1 12	d3h7	529	0y13141b1c
a2RVi	r4rk1/4qppp/b6B/ppp1n3/6Q1/8/PP3PPP/R4RK1 w - - 0 20	g4g7	529	0y1314191b
aCSef	1r3Nk1/p1q1ppbp/2p3p1/8/1PPp2n1/3P4/P2B1PPP/R1Q2RK1 b - - 0 17	c7h2	529	0y1314191b
abfsM	7k/6p1/5p1p/3bpQ2/8/6PP/3r1P2/6K1 b - - 2 44	d2d1 g1h2 d1h1	529	0p13151d1o
clB7b	r1bqk2r/pp3p1p/2n1p1p1/3pN1b1/3p4/2P1PQ2/PP1N1PPP/R3KB1R w KQkq - 0 11	f3f7	529	0413141b1c
cur4V	3r3k/6pp/2p1p3/Q1p1q3/P1P5/3P2N1/6KP/8 w - - 0 32	a5d8	529	060p0t1113141b
dCAbj	1r5k/p5pp/3p1r2/2b1p3/8/8/5PK1/1R6 w - - 4 51	b1b8 f6f8 b8f8	529	060p0t13151o
dkp2O	6k1/1p3ppp/2pp2r1/p1b5/2P1PP1R/PP6/2QB2rP/R6K b - - 0 23	g2g1 a1g1 g6g1	529	0y1315191d1o
eCrvo	r2q1kBr/ppp1b1p1/2np3p/8/3Pb3/1Q6/PP3PPP/RNB2RK1 w - - 0 11	b3f7	529	13141b1c
fmc9Z	4r1k1/5ppp/5b2/1Qnp4/1p6/1P5P/2q1NPPN/5RK1 w - - 0 23	b5e8	529	0t1314191b
gGtgd	3r2k1/5ppp/1Qp5/3b4/4qP2/1P2B3/P4K1P/8 w - - 1 27	b6d8 e4e8 d8e8	529	0p0t13151o
hQF3W	8/8/8/4p3/4k1KP/8/8/8 w - - 0 59	h4h5 e4d3 h5h6 e5e4 h6h7 e4e3 h7h8q	529	000g0p1e1h1l1w
haxh7	8/P3R1p1/5pk1/8/1Np3n1/2P5/r4PP1/6K1 b - - 1 39	a2a1 e7e1 a1e1	529	0p13151o
htesk	r2r1nk1/pp2bppp/8/7q/3B4/2N3Q1/PP3PPP/R4RK1 w - - 3 18	g3g7	529	0y1314191b
iZGys	r1bqrbk1/1p3ppp/p1n1p3/8/1n1P4/2N2N2/PPQB1PPP/1BR2RK1 w - - 2 14	c2h7	529	0y13141b1c
jOiWE	r5k1/5ppp/3Bp3/8/pR6/2bq3P/1R3PP1/6K1 w - - 0 32	b4b8 a8b8 b2b8	529	060p13151o
jhw9z	3r2k1/pbQ2p1p/1p2p1p1/1R6/8/P5PP/5P2/3B2K1 b - - 0 30	d8d1 g1h2 d1h1	529	0p13151d1o
lsrDB	3r2k1/1p2nppp/1p6/rN3b2/2p2P2/8/PP2B1PP/3R1RK1 w - - 0 19	d1d8	529	060t1314191b
mWCFj	r4rk1/1b2Bppp/p3p3/1p1qP3/8/8/PPQN1PPP/2R1R1K1 b - - 0 18	d5g2	529	0y1314191b
nZ1CL	r4rk1/2bq1ppp/p3p3/4P2Q/5n2/P2B4/1B3PPP/R4RK1 w - - 3 19	h5h7	529	0y1314191b
nlmcS	r2r1k2/5p2/p4Pp1/1pb1P1P1/5B1R/4p1K1/PP2B3/7b w - - 0 30	h4h8	529	1314191b
ntkF9	2rr2k1/pp1q2pp/3Q4/5p2/8/2P4P/PP3PP1/3R1RK1 b - - 0 19	d7d6 d1d6 d8d6	529	010p1o
pzNs7	2kr3r/p4p1p/1R2p1pB/p1b1N3/4Q3/2P5/2P2PPP/6K1 b - - 0 22	d8d1 e4e1 d1e1	529	0y1315191o
qWxav	8/8/3kP3/3p2Rp/2pK1P2/r5P1/7P/8 b - - 2 46	a3d3	529	0p13141b1m
ssiqh	2kN3r/ppp3pp/2np1q1n/4p3/2B1P3/2PP2Q1/PP2b1PP/RNB3KR b - - 0 12	f6f1	529	1314191b
vf8Bn	4rrk1/4q1pp/1p6/2bP1p2/p1P2Q2/P7/1P1N1PPP/4RRK1 b - - 4 27	e7e1 f1e1 e8e1	529	010y191o
y4z1q	r1bq1rk1/pp3pp1/2nbp2p/8/2pPQ3/2P2N2/PPB2PPP/R1B1K2R w KQ - 1 12	e4h7	529	13141b1c
2BVs4	2r2rk1/pp3ppp/4b3/1q2P3/4Q3/1P6/P5PP/R1B2R1K b - - 0 23	b5f1	530	0t0y1314191b
2iQC8	2R5/7k/3p2p1/6rp/1PP4P/5n2/2P2R2/7K b - - 0 38	g5g1	530	030p13141b
5S4iA	r4rk1/pp3ppp/4p3/q2pn1N1/8/2PQ4/PP3PPP/R4RK1 w - - 0 16	d3h7	530	0y1314191b
8DKek	r4rk1/pbp2pp1/npq1pn1p/4N3/2PP4/P1PBB3/2Q2PPP/R4RK1 b - - 1 13	c6g2	530	0y1314191b
8FqNF	4r2k/ppp4p/2P3pP/5q2/3r3b/2N5/PP3PBN/4R1K1 w - - 0 28	e1e8 f5f8 e8f8	530	0t0y1315191o
8PGcZ	rn1q1k1r/pp3ppp/2pp4/4b3/2B1P3/5Q2/PPP2PPP/R1B2RK1 w - - 0 11	f3f7	530	1314191b
8cqqe	r7/4Q2q/p7/1pP3pk/6b1/K1P5/7P/8 w - - 0 39	e7h7	530	0p0t1113141b
8mZYH	2rq1rk1/p3bppp/8/8/2p1nN2/P1QpP1P1/1B1P1P1P/R4RK1 w - - 2 22	c3g7	530	0y1314191b
9ACh3	7k/5r1p/4NPp1/4p1P1/1p1nP3/3PK3/1r6/2R5 w - - 4 50	c1c8 f7f8 c8f8	530	0p13151o
A6xOT	2r3k1/r3qp1p/p2p2pB/1p1Pp3/3b4/1P5Q/P4PPP/3R2K1 w - - 0 27	h3c8 e7d8 c8d8	530	1315191o
Bx1sc	r4rk1/ppq2pp1/2pbp2p/7b/2nQP3/2B2N1P/PPP2PP1/R3R1K1 w - - 0 17	d4g7	530	0y1314191b
C8Ouq	2r1r1k1/1p6/p1b3q1/4B3/2P2Q2/1P1pR3/P4PPP/3R2K1 b - - 6 30	g6g2	530	111314191b
CsjJY	2kr3r/pbpp1p2/1pq1p2p/8/2PN2B1/6B1/PP3PPP/R2Q1RK1 b - - 0 18	c6g2	530	0y1314191b
DgSb9	r4rk1/p2n1ppp/2p1p3/3p4/3P4/2PQPNP1/q2N1PP1/4K2R w K - 0 16	d3h7	530	0y1314191b
DjqZm	r2q1r1k/1bpnbpp1/p1n1pN2/4P3/1pP2B2/5N2/PPQ2PPP/R4RK1 w - - 2 16	c2h7	530	1314191b
EuVs3	6k1/1p6/8/2P3P1/p2PK3/8/8/8 b - - 1 67	a4a3 d4d5 a3a2	530	000g0p1e1o
FV1P9	3r2k1/1p3ppp/1Qp5/8/3b1N1P/8/2qr1PP1/1R3RK1 w - - 4 28	b6d8	530	060t1314191b
H2oRR	4r3/p1p4R/1pk5/3n4/1P1p1P2/P2P1R2/6PP/7K b - - 0 33	e8e1 f3f1 e1f1	530	060p13151o
Iu5Gv	3r1r1k/1p4pp/p1qN4/2P5/1P3n2/PQ6/5PPP/2R2R1K b - - 1 27	c6g2	530	0y1314191b
J0RY3	2q4k/6pp/p3Qp2/B3p3/3p4/6P1/Pr2NP1P/6K1 w - - 0 31	e6c8	530	060p0t13141b
Ju1bp	rn1qk2r/pp3ppp/2p1p3/8/2nP4/B1P2Q1P/P1P3P1/R4RK1 w kq - 0 13	f3f7	530	041314191b
KDmci	rn2r1k1/ppb2ppp/2pq1p2/8/3P4/3QBB1P/PPP2PP1/3R1RK1 b - - 0 14	d6h2	530	1314191b
MAiZR	r1b1r1k1/pp3ppp/2n5/5n2/5P2/5BP1/PPPN3P/2K1R2R w - - 0 19	e1e8	530	060t1314191b
NdDHN	r1bqNr1k/1pp4p/8/p2Pn3/8/8/PP4PP/R4R1K w - - 0 24	f1f8	530	0t1314191b
OjTn9	1n4kr/5r1p/p3N1p1/4bb2/2q5/4B3/5PPP/3R1RK1 w - - 0 30	d1d8 f7f8 d8f8	530	1315191o
PTdln	r4rk1/pp3pbp/6p1/4N1qn/2B5/2P2N1b/PP3PPB/R2Q1RK1 b - - 4 17	g5g2	530	0y1314191b
PWAqY	r1b2r1k/ppq2p2/1np1pN1p/8/2B5/3P4/PPPQ1PP1/R6K w - - 0 19	d2h6	530	0y1314191b
RIeqC	2r3k1/4Rp1p/3p2p1/3P4/1p1B4/2n3P1/rp3PKP/4R3 w - - 0 28	e7e8 c8e8 e1e8	530	0p13151f1o
S0nve	r4rk1/1bp1bppp/p3p3/1p1qP3/3N4/P2B4/1P3PPP/R1BQ1RK1 b - - 0 14	d5g2	530	0y1314191b
SQYGa	3r2k1/5p1p/7P/p7/qb2R3/N1B5/1P3PP1/2KR4 b - - 0 34	a4d1	530	1314191b
Scwiq	2r2rk1/pbq1bp1p/1p4p1/2pp1PB1/6nP/2P1P3/PP1NQ1P1/1B2RRK1 b - - 2 18	c7h2	530	1314191b
TGYd6	2kr4/ppp2ppp/5n2/8/4NPn1/2P1P3/PP4P1/R1BB2K1 b - - 0 17	d8d1	530	1314191b
UmUsf	r1bk1b1B/pp1pp2p/6B1/7Q/1q6/8/2P2PPP/1N2R1K1 b - - 0 17	b4e1	530	0t0y1314191b
VFdfe	r2qk2N/p1pb1p2/2pb3p/1p2p3/6P1/1NPP1Q1P/PP6/R1B1K2n w Qq - 0 15	f3f7	530	041314191b
W6pbg	r4k1r/pb2bppp/4pB2/3qN3/Q2P4/8/PP1N1PPP/2R2RK1 b - - 0 16	d5g2	530	0y1314191b
Wb24n	4r1k1/5p1p/6pP/1p4P1/p4Pn1/P1P1RK2/1P6/8 w - - 1 79	e3e8	530	0p0t13141b
WySdf	rnb1k2r/pp3pp1/2pqp3/6B1/2BP4/8/PPP2PPP/R2Q1RK1 b kq - 0 12	d6h2	530	0y1314191b
XRpB4	1r6/p2k2b1/6pp/2B1pr2/8/2pP2Q1/P3RPPP/6K1 b - - 0 29	b8b1 e2e1 b1e1	530	0p13151o
aXTGX	2r4k/p7/4NNB1/3pP3/3P4/PP2n1P1/4R2P/7K b - - 0 38	c8c1 e2e1 c1e1	530	0p13151o
anGjp	4r1k1/p1q2pp1/bp1p3p/2pP4/2n5/P1PB2BP/5PP1/R3R1K1 w - - 0 20	e1e8	530	0y1314191b1f
b5Wcf	4k1r1/p1nq3p/1p1P4/3Q4/5B2/7P/P4P1K/8 w - - 0 29	d5g8	530	0p0t13141b
cWQd6	7k/ppp5/8/3p2r1/5q2/2P5/PPQ4P/5R1K b - - 3 24	f4f1	530	0p0t1113141b
fycVh	2b1R3/r7/pn2p3/1p1pPP1k/2pP2p1/P1P5/1P6/2B3K1 w - - 0 44	e8h8 a7h7 h8h7	530	0p13151f1o
g7tOv	4r1k1/6p1/pp2q3/2p3Q1/3B3P/8/P4P2/6K1 w - - 0 34	g5g7	530	0p13141b
gAl0X	3r4/1bpn1pk1/p2qp1p1/1p3B2/1P3NR1/2P1Q2R/P4PPP/6K1 b - - 0 37	d6d1 e3e1 d1e1	530	0y1315191o
gEnpz	r2q1bkr/6pp/p3b3/4P3/2Q3n1/3n1N2/PP4PP/RNB2RK1 w - - 1 17	c4e6	530	0t0y1314191b
gyZHO	1r3rk1/p4pp1/4b2p/q7/P1pRBQ2/1P6/2P2PPP/4R1K1 b - - 0 19	a5e1	530	0t0y1314191b
iQZgy	8/7k/4pp2/6p1/6Pn/5P1P/7K/4B3 b - - 2 40	h4f3 h2g2 f3e1	530	0g0p0s1o
jLaPw	3r1rk1/1p3p1p/p3p1pb/3pP3/3N1P2/1qP4Q/1P3RPP/2BR3K b - - 0 23	b3d1 f2f1 d1f1	530	0s0t1315191o
jq7y1	8/Q5P1/7p/3q4/1k6/3K4/8/8 w - - 9 64	a7d4 d5d4 d3d4	530	0g0p1i1o
kumbG	6R1/pp6/8/b7/3B4/1P1K1b2/P7/4rk2 w - - 2 45	g8g1	530	0p13141b1d
lG2B5	r1b3k1/pp1p1r1p/6pB/8/1n6/2q2N2/P1P2PPP/R3R1K1 w - - 0 16	e1e8 f7f8 e8f8	530	0y1315191d1o
m2jst	1kr5/1p4pp/pN3p2/3R4/4RN2/8/PP3PPP/6K1 b - - 2 26	c8c1 d5d1 c1d1 e4e1 d1e1	530	060p101316
pEmqw	r4r2/pp1q1p1k/1b1p1B1p/4p3/2b1P3/6Q1/PP3PPP/R4RK1 w - - 3 19	g3g7	530	1314191b
pX7ni	r5k1/ppp2ppp/3q4/8/1b4n1/2NP4/PP2QPPP/R4RK1 b - - 2 18	d6h2	530	0y1314191b
puskr	r4rk1/p4pbp/1pb3p1/3q4/8/4B3/PP1QBPPP/R2R2K1 b - - 1 16	d5g2	530	0y1314191b
qaF5W	5rk1/pn4b1/2p4p/3r2N1/3P2q1/3QP3/P4P2/3RK2R w K - 0 35	d3h7	530	1314191b
tyLWt	r1b1Qq1k/1p4pp/p1n1p3/3p1n2/8/3B4/2P2PPP/R4RK1 w - - 4 19	e8f8	530	0t0y1314191b
uJ0s0	1rb2r1k/p5bp/1pN3p1/2pBqp1n/4p2P/1N2P3/PPP1QPP1/1K1R3R b - - 1 19	e5b2	530	111314191b1k
uMrV7	rnbq1rk1/pp3ppp/2p2b2/3p4/7Q/3B1N2/PPP2PPP/RN3RK1 w - - 0 11	h4h7	530	0y13141b1c
v9HWn	rn1qk2r/pb3ppp/1p1bpn2/1Pp1N2Q/2Pp1P2/4P3/P2P2PP/RNB1KB1R w KQkq - 3 9	h5f7	530	041314191b
vECJG	r4rk1/pb3npp/2p1p3/1p6/3P1NqP/2P2pP1/P1Q4K/1BR2R2 w - - 2 25	c2h7	530	0y1314191b
vcmJ6	5q1k/1p4pp/p2p4/3P2P1/3B3P/2N2r1b/PP5Q/4R1K1 b - - 3 33	f3f1 e1f1 f8f1	530	1315191o
wLym5	r1b1k1r1/p2pn3/1pnppp2/7p/2PPN1qP/3BPN2/PP3PP1/R2Q1RK1 b q - 3 14	g4g2	530	0y1314191b
z817a	r3r1k1/2p2p2/bpP4R/p2P2qp/2P5/2QN2PP/P5BK/8 w - - 1 35	c3h8	530	1314191b
zJneK	7k/pp2q1pp/2p4r/3pP1rP/8/P6Q/1PP1R3/4R2K w - - 2 32	h3c8 e7d8 c8d8	530	060p13151o
zMMh9	6k1/r4b1p/5Kp1/p4p2/7P/3R2P1/8/8 w - - 2 43	d3d8 f7e8 d8e8	530	0p1113151o
1Cwwp	8/3KPk2/5Pp1/3p2Pp/p1p4P/r7/8/8 w - - 1 47	e7e8q	531	000p13141b1h
1YmH3	r4rk1/ppqnbpp1/2n1p2p/2ppP1N1/3P3P/2PQB3/PP2NPP1/R4RK1 w - - 0 14	d3h7	531	1314191b
1kv96	1k4nr/ppp2p2/2n5/6Bq/2N5/2P3p1/PP4P1/R3R1K1 w - - 0 21	e1e8 c6d8 e8d8	531	061315191o
1t3jH	2r5/3Rnk2/3K1p2/5P1p/2p2PP1/P1P4P/1P6/8 b - - 6 41	c8c6	531	0p13141b
22PsY	5k2/8/1r2BKP1/8/5P2/8/8/1q6 w - - 0 62	g6g7 f8e8 g7g8q	531	000i0p13151h1o
4OKiO	r2q1rk1/pp2ppbp/2np2p1/5b2/2B1n3/1PQ1PN2/PBP2PPP/RN3RK1 w - - 3 11	c3g7	531	0y13141b1c
5Aa1s	2kr1b1r/pp1qpppp/2P5/2p5/8/2P2N2/P1P2PPP/R1BQK2R b KQ - 0 10	d7d1	531	1314191b
5C4B0	8/p7/1p5p/2pBQ3/P3q1p1/4k3/1P1p4/6K1 w - - 10 45	e5e4	531	0p13141b
5L8gX	6k1/pp2qppp/8/1PP5/P1bR4/5Q2/2R3PP/6K1 b - - 0 28	e7e1 f3f1 e1f1	531	0p13151o
6YDPw	r4rk1/p1pnqpbp/1p4p1/3np1N1/4P3/4B2Q/PPP2PPP/R3K2R w KQ - 0 14	h3h7	531	0y1314191b
6lIu3	3r2k1/3r1ppp/p4b2/8/q4B2/2P5/1P2Q1PP/4RR1K w - - 2 25	e2e8 d8e8 e1e8	531	06111315191n1o
8dI0v	r4k1r/pb3p2/2q4p/2n3p1/8/3P3N/PP3PPP/R1BQR1K1 b - - 0 17	c6g2	531	0y1314191b
9IOr3	3r1rk1/pppb1ppp/8/4q3/1PN1P1n1/P1PB4/2Q3PP/R4RK1 b - - 6 19	e5h2	531	0y1314191b
9vS8M	6k1/3R1p1p/4p1p1/4r1P1/P6P/1PpB4/1bP5/1K6 b - - 3 35	e5e1 b1a2 e1a1	531	0p13151o
ACYhE	2k1r2r/Qp1n2pp/P1pqN3/4pP2/8/2P4P/1P3PP1/R1B2K2 b - - 0 25	d6d1	531	11121314191b
AMFJa	3r2k1/1p3pp1/2p1nnp1/p1q1p3/2P1P3/1P3NPP/P2Q1P2/3R1BK1 w - - 3 27	d2d8 e6d8 d1d8 c5f8 d8f8	531	010y101119
B2Y64	6k1/p4r1p/3p2pB/2pPp3/5n1Q/1P5P/P1q3P1/R5K1 w - - 1 29	h4d8 f7f8 d8f8	531	0p13151o
BXTJ5	r2qk1nr/3n4/p1pBp1bp/Pp1pPp1B/3P1P2/2P5/2P3PP/R2Q1RK1 w kq - 0 18	h5g6	531	0a1314191b
C7cyc	r1b5/1pb3k1/p2qprNp/2N2ppQ/3P4/P6P/BP3PP1/3R1RK1 b - - 0 26	d6h2	531	1314191b
CatNC	r1b1k2r/ppp2ppp/2nb4/4q3/2P1P3/8/PP2BPPP/R1BQNRK1 b kq - 0 11	e5h2	531	0y13141b1c
DZXgd	8/8/8/p4p1p/6kP/r5P1/P4R1K/8 w - - 1 47	f2f4	531	0p13141b1m
EM6Hr	5Q2/5p1k/p1q1p1p1/4b2p/8/1P3P1P/P4BP1/6K1 b - - 1 31	c6c1 f2e1 c1e1	531	0p13151o
Elf4K	7k/pp2N1R1/2pr2PP/8/2r5/8/3p4/7K w - - 0 45	g7h7	531	0p1113141b
FRjN1	r1b3k1/p5p1/2p5/n1b1p2p/3q2P1/2NQ4/PPP3P1/R1B2B1K b - - 0 18	d4g1	531	1314191b
FlLi7	rn1qkb1r/pQ3ppp/5n2/2p1P3/2B3b1/4P3/PP3PPP/RNB1K1NR b KQkq - 0 7	d8d1	531	1314191b
FrH83	r4rk1/pp1bnNp1/1q2p3/3pP2Q/3P4/1P2P3/P2b2PP/R4RK1 w - - 3 19	h5h8	531	1314191b
GkuXQ	8/p3r2p/1p1RPk2/2p5/5P2/4K3/PPP5/8 b - - 3 30	e7e6 d6e6 f6e6	531	010p1m1o
HvO2x	2Q5/8/4B3/3Pkppp/7r/5b2/5P2/R5K1 b - - 2 43	h4h1	531	0p13141b1d
JndsQ	3r1rk1/ppq1bppp/2p1p3/2n3Nb/3P4/P2Q1N1P/1P3PP1/R1B2RK1 w - - 0 17	d3h7	531	0y1314191b
KcKrJ	1k6/nBn5/1K6/8/8/6B1/8/8 w - - 0 50	g3c7	531	0p1113141b
KnkoU	r2qk2r/ppp2ppp/2n5/4P3/8/5Q1P/P5P1/R1B2RK1 w kq - 1 18	f3f7	531	041314191b
LD6K4	6k1/5pp1/7p/2P1R3/r2p4/8/5PPP/6K1 b - - 0 38	a4a1 e5e1 a1e1	531	060p13151m1o
LEL1M	r4rk1/6pp/1BP2b2/pP1Pp3/P1q5/4RpPb/5P1P/R2QN1K1 b - - 2 27	c4f1	531	1314191b
LcbN4	1r1qk1nr/pp3pbp/4p1p1/2p1P3/8/P1P2QP1/1P1P3P/RNB2RK1 w k - 0 13	f3f7	531	041314191b
MI5MK	r3k2r/1bqp1pp1/pp2p3/2P3Bp/2P1P1n1/P1NB1Q1P/5PP1/R4RK1 b kq - 0 15	c7h2	531	1314191b
MprdT	5rk1/pb1n2pp/1p1b1qn1/2ppp2P/8/1P1PP3/PBPNBP2/R2QK2R b KQ - 0 15	f6f2	531	041314191b
Na8RT	rnbqkbnr/1pppp2p/p4p2/6p1/3PPP2/8/PPP3PP/RNBQKBNR w KQkq - 0 4	d1h5	531	13141b1c
Nnc2W	r1q2rk1/pp2bppp/3pb3/3n4/3QP3/1P4P1/PB3PBP/R4RK1 w - - 0 15	d4g7	531	0y1314191b
Oc9FM	r1bq3k/p5pp/8/p3pn2/8/3Q2P1/PP3P1P/2R3K1 w - - 0 25	d3d8	531	060p0t13141b
Qdunu	r3kr2/pp2bp1p/2p1b3/q2n4/B2Q4/8/PPP2PPP/RNB1R1K1 b q - 3 13	a5e1	531	0t0y1314191b
Qskcz	r1bk2nr/ppp2ppp/3p4/1Bn5/5B2/2P5/PPK3PP/RN2R3 w - - 2 14	e1e8	531	1314191b1d
RNZQR	r2q1rk1/p4pp1/bpn1p2p/3p2N1/3P2nP/P1P3P1/1PQ3P1/RN2K2R w KQ - 0 15	c2h7	531	1314191b
Rq2ap	8/1p4k1/p5p1/6Kp/1P3P1P/P2R4/1b6/8 b - - 1 56	b2f6	531	0p13141b
RrLKg	1r2Br1k/2p5/p2p3b/1p6/3pP3/3P2R1/PPP3PP/5R1K b - - 0 27	f8f1	531	060p0t13141b
UPg42	r2q2k1/p4p1p/1n1r2P1/2p5/PpP5/5Q2/1B3PP1/3R1K1R b - - 0 22	d6d1 f3d1 d8d1	531	1315191o
VpFM9	4r2k/5Qpp/5p2/2p5/3p3P/1P6/5PPK/2r2q2 w - - 2 31	f7e8	531	060p0t13141b
WBIRs	8/8/2bp1k1p/2p1p2P/2P1q1B1/8/5PPK/3Q4 b - - 1 38	e4g2	531	0p1113141b
WDtJC	N1bk3r/pp1p1ppp/2n5/2b4q/3pPBn1/6P1/PPP1NPBP/R2Q1RK1 b - - 0 11	h5h2	531	0y1314191b
WoUQy	4k2r/4ppbp/1q1p2p1/p1B5/2B5/7P/NPPQ1PP1/2KRR3 b k - 0 18	b6b2	531	1314191b1k
X1Ye5	r3r2k/2p2pp1/2n5/p5P1/1bPP1p1P/1P5R/1PQ2P2/R2K2N1 b - - 0 21	e8e1	531	1314191b1d
X7c7t	rn3r1k/1p4pB/2pp4/1p2P1N1/6b1/2P1P3/P1P3PP/5RK1 w - - 0 18	f1f8	531	0y111314191b
Xt7xb	5rr1/1p3p1k/p2q1P2/4N3/3P1R2/8/PP4bK/2R5 w - - 0 33	f4h4	531	111314191b
Y2Eho	4rk1r/2p2pp1/3p1b2/pB1P1q1p/5p2/1PP4P/P2N1PP1/R3R1K1 w - - 0 24	e1e8	531	1314191b1d
YnYvp	5k2/8/5K2/6P1/8/8/R4p2/3r4 w - - 4 67	a2a8 d1d8 a8d8	531	0p13151m1o
Zm4Vk	4Q3/1bb2rpk/p7/3p2pP/2p1p3/2P5/PP4P1/5N1K b - - 0 32	f7f1	531	0p1113141b1f
awktW	8/5R2/3p1p2/2kP3p/2P3pK/P5P1/1r5P/8 b - - 1 40	b2h2	531	0p13141b1m
bKac2	r3r2k/pp1b3q/2n2Np1/3pPn2/P2P3R/3B3P/6P1/R5K1 w - - 0 30	h4h7	531	030y1314191b
c8JQO	r1b1k2r/5ppp/p1p1pn2/8/3Q1BPP/2P2P2/q1P5/2KR1B1R w kq - 0 17	d4d8	531	1314191b
dcpge	r1b2rk1/1p3pp1/2pR2p1/1p2P3/2q2P2/P1N5/1PQ3PP/5R1K b - - 0 21	c4f1	531	0t0y111314191b
djx9K	8/2p1N1pk/2p3pp/p7/P1Q5/4pP2/3qr1PP/R5K1 w - - 1 35	c4g8	531	0p13141b
dzaCF	8/5K1k/5P2/4p1P1/5r2/8/8/8 w - - 0 63	g5g6 h7h6 g6g7	531	000g0p1m1o
g4yFB	2r3k1/6pp/8/3p1p2/1prBp3/4P3/1R3PPP/1R4K1 b - - 1 29	c4c1 b1c1 c8c1	531	060p13151o
hAREy	4r1k1/p4pp1/2p5/2pp4/5Q2/3P2Pb/PPP1qPNP/4R1K1 b - - 4 25	e2e1 g2e1 e8e1	531	0p0y13151f1o
iIBtc	2rqk1r1/pp1b1p2/4p2b/3pPpNQ/3P3P/2N1n3/PP3PP1/R4RK1 w - - 0 19	h5f7	531	04111314191b
jcnIG	r4rk1/1b1q1pp1/p1p1p2p/1p6/3PQ3/P2BP3/1P3PPP/2R2RK1 w - - 0 19	e4h7	531	1314191b
kN0OU	8/1K6/8/P3n3/2k5/8/8/8 w - - 14 57	a5a6 c4c5 a6a7	531	000g0p0z111o
lTYkJ	5r1k/pp4p1/3p1r1p/4n3/7N/3P3Q/P5PP/3R3K b - - 0 22	f6f1 d1f1 f8f1	531	060p13151o
ldLcS	r5kr/pp3p2/2p1P1pb/8/8/2PP1Q1R/q1P3PP/4R1K1 w - - 1 26	f3f7	531	0y1314191b
mELVb	6k1/3R1p2/4p1pp/4B3/6P1/4n2r/8/6K1 w - - 0 41	d7d8 g8h7 d8h8	531	0p13151d1o
mQNo7	r5k1/p1p2ppp/8/3p4/3Br3/q1P3Q1/P1PK1PPP/3R4 w - - 0 18	g3g7	531	0p0y13141b
mSXfg	r7/p4kp1/4p1p1/1p1p1p2/1P1Pn1P1/q1PKBQ1P/4BP2/3R3R b - - 0 26	a3c3	531	1314191b
pQHm4	r4rk1/2q2ppp/b1p1p3/pnPp4/3P4/P2QPN2/2B2PPP/1R2K2R w K - 6 18	d3h7	531	0y1314191b
qX9y9	8/p4pk1/1p4p1/2pb4/q1P4Q/P7/1P3PPP/3R2K1 b - - 1 35	a4d1	531	0p0t13141b
rS7T8	rn2k2r/p7/1pp1p3/5pp1/2PN1bp1/3P4/PP2BPP1/R2QRK1N b kq - 0 21	h8h1	531	06111314191b
rTlHn	8/8/5pK1/4k1pP/4PbP1/8/8/8 w - - 3 56	h5h6 e5e4 h6h7 f4e5 h7h8q	531	00080g0p101h
rjtUn	r1bq1k1r/1p1p1ppp/1b1Np3/3n4/p7/P4Q1P/1PP1PnPB/2KR1BNR w - - 0 15	f3f7	531	13141b1c
sNjrk	r1r3k1/5pp1/p3pqp1/1p1p4/8/3PR3/P2K1P1Q/7R w - - 6 30	h2h8	531	0p13141b
sOQbe	r3q1k1/1p3ppp/p3b3/3p4/3Q4/PP6/1BP2PPP/R5K1 w - - 1 19	d4g7	531	0p0y13141b
uk5Pt	r1b2rk1/pp3ppp/2pQpq2/4Pn2/8/BB3N2/P4PPP/5RK1 w - - 1 15	d6f8	531	0y1314191b
uu1Tr	r2q1b1r/ppp1k1pp/2n1bn2/4p1N1/4pP2/1QP5/PP1P2PP/RNB1K2R w KQ - 4 9	b3e6	531	13141b1c1s
wEWw7	2kr1b1r/pp2nBpp/8/2p1qb2/8/1QN5/PP3PPP/R1B1R1K1 b - - 1 15	e5e1	531	0t0y13141b1c
wZlyr	7k/p3R3/6pp/2pB4/P3PNn1/8/1rP3PP/6K1 b - - 2 34	b2b1	531	0p1113141b
yWubG	1k3r2/1pbQ2p1/p1p5/8/8/2P4P/PP1N1qP1/5R1K b - - 1 31	f2f1 d2f1 f8f1	531	0p13151f1o
ybzw4	b2r1k2/4n1p1/pp1R3p/2p1n2B/2P5/1P5P/P1N3P1/6K1 w - - 0 35	d6d8	531	1314191b1f
yuDgb	r2q1rk1/1pp2ppp/p1n1n3/1b1pP3/3P4/PN1Q1NP1/1P3P1P/RB2R1K1 w - - 3 19	d3h7	531	0y13141b1c
ztts1	r1bq1rk1/pppn1pp1/4p2p/8/3PQ3/2PB1Nb1/PP3PPP/R3K2R w KQ - 0 13	e4h7	531	1314191b
3GjmF	2r2rk1/pb3ppp/1p2pq2/3p4/3P1n2/2PQ1N2/PPB2PPP/R3R1K1 w - - 6 17	d3h7	532	0y1314191b
46FJz	r4rk1/pqpb1ppp/3b1n2/4p1N1/7Q/2N3P1/PP1PPP1P/R1B1K2R b KQ - 12 13	b7h1	532	060t1314191b
50CIC	6k1/1R5p/1p4p1/2pR1p2/8/7P/6PK/2r1r3 w - - 5 41	d5d8 e1e8 d8e8	532	0p13151m1o
57OcQ	r1bqk2r/1ppp1p2/p5pp/2bBp3/1n2P3/3P1Q2/PPP1NPPP/R1B1K2R w KQkq - 1 10	f3f7	532	0413141b1c
6APWV	2r3k1/1p2Rppp/p2p4/n2P4/6n1/6QP/PP3PP1/2B3K1 b - - 0 23	c8c1 e7e1 c1e1	532	0p0y13151o
8NxTV	r6k/p5p1/1p2p2p/3bP1q1/5Q2/P3PR1P/1B1n2P1/1B4K1 w - - 4 28	f4f8 a8f8 f3f8	532	0y1315191f1n1o
8ixnO	6K1/8/4nk1P/8/8/8/8/8 w - - 22 67	h6h7 e6g5 h7h8q	532	000g0p0z1h1o
8mDiW	3r1rk1/pp3ppp/2nb4/4q3/4p1Q1/2N1P2P/PPP2PP1/R1B2RK1 b - - 5 15	e5h2	532	1314191b
9hSKW	1R6/5p1k/6p1/4B2p/2b1P3/2br3P/5PP1/6K1 w - - 3 34	b8h8	532	0p13141b1d
AQU45	5k2/5ppp/8/pP1p4/4p3/1b2P1KP/6P1/8 w - - 0 40	b5b6 b3c4 b6b7	532	0001080p1o
AtdUe	1r4k1/5pp1/7p/2pB1q1P/2PbRP2/8/4Q1PK/8 w - - 8 37	e4e8 b8e8 e2e8	532	0g0p111o
B8Pkv	r1bq1r2/ppp1Nppk/3p4/4n3/4R3/8/PPP2PPP/R1B3K1 w - - 0 16	e4h4	532	021314191b
BHvlK	5rk1/rpp3p1/p1npp2p/P3p1q1/1P2Pn2/2PP1N1P/2Q2PPN/R4RK1 b - - 6 18	g5g2	532	0y1314191b
BkEEd	5k2/pp3p2/2pq1P1p/2b1pQp1/4B3/1P4P1/P1P2P1P/6K1 w - - 3 26	f5c8 d6d8 c8d8	532	0p13151o
BwkWW	8/8/5pk1/7R/6PK/6P1/2r5/8 b - - 0 44	c2h2	532	0p13141b1m
Cl2pA	8/2k3p1/2p2p1p/p1K1p3/5P2/P1N1P1PP/3R4/2r5 b - - 0 34	c1c3	532	0p0t1113141b
CzB57	1nkr1r2/pbp5/1pq5/P1n1pP1p/3p2pP/BP1P2P1/2PQNPB1/R4RK1 b - - 0 21	c6g2	532	0y1314191b
DQvZs	1k3r2/4R3/p6R/1p6/2np4/1P6/P1P5/2K5 b - - 0 32	f8f1 e7e1 f1e1	532	0p13151o
DhmfX	r2Br1k1/p2n1ppp/b1p5/3p1Q2/3p4/5P2/PPP3PP/RN2R2K b - - 0 18	e8e1	532	060t1314191b
DlWkY	2k1rNr1/1bp3pp/p1p5/3p4/5n2/2N5/PPP2PPP/R3R1K1 w - - 0 18	e1e8	532	0t1314191b
ESzhf	r1b3k1/ppp2ppp/2B3n1/3pr1N1/8/8/PPP2PPP/RN2R1K1 b - - 0 15	e5e1	532	060t1314191b
Ekpfk	1rb2rk1/p2p1pp1/1p3q1p/2b5/4Q3/5N2/PP3PPP/RB3RK1 w - - 2 18	e4h7	532	1314191b
Expxr	2kr1b1r/Qp3p1p/5n2/6p1/1Pq1p3/P1N2nP1/3P1PNP/R1B2R1K b - - 0 17	c4f1	532	0t0y1314191b
G2E2l	8/2k5/1pp2p1p/pP3Pp1/P1pP2P1/1K4P1/8/8 w - - 0 52	b3c4 c6b5 c4b5	532	0g0p1e1o
GAtlj	r5k1/2R2p1p/p5p1/P3r3/1Q1bNp2/1P1P1P2/1P4PK/4R3 b - - 0 30	e5h5	532	1314191b1f
GB9n4	rb2b1k1/2q2pp1/p6p/1p1p4/2nN4/P1P2P1P/1PB3P1/R1B1QnK1 w - - 0 23	e1e8	532	0t0y1314191b
GfXGV	1r1r1k2/2Q2pp1/4p1p1/p7/2P5/3P1B2/5PPP/1R4K1 b - - 0 37	b8b1 f3d1 b1d1	532	060p13151o
GvXW1	r2k1b2/ppp2Bpp/2nq4/5b2/8/4Q3/PPP3PP/5R1K w - - 0 21	e3e8	532	111314191b
HB9H3	4r3/p3r1kp/5pp1/1P6/8/2N3Q1/1P4PP/4R2K b - - 0 38	e7e1 g3e1 e8e1	532	060p13151o
ITU7r	r4r1k/1pp3p1/3q3p/p1b1Q3/P5n1/1BBP1p1P/1PP1bPP1/R3R1K1 w - - 0 25	e5g7	532	0y111314191b
InsfF	6k1/5p1p/p5pP/2p2n2/2P4q/PR3B1b/3K4/4r3 w - - 0 42	b3b8 h4d8 b8d8 e1e8 d8e8	532	0p101316
KfLOw	5k2/1pN2ppp/8/q1pP4/2Pb4/1P6/r4PPP/3RR1K1 w - - 0 23	e1e8	532	0p13141b
KvaEN	rn3rk1/p1p3pp/1p1pp3/5pq1/2PPbP2/P1P1P3/2Q1B1PP/R1B2RK1 b - - 0 13	g5g2	532	0y1314191b
L6trh	2b3k1/5p2/5Bp1/P2pP2p/5P2/8/1r2r1PP/2R3K1 w - - 0 34	c1c8 g8h7 c8h8	532	0p13151d1o
MMEEK	2rq1rk1/p4pp1/bpnppb1p/6N1/3p1B1P/P1P1P3/1PQ2PP1/R3K2R w KQ - 0 15	c2h7	532	1314191b
OB83n	2r2rk1/pb2qppp/1p2pb2/3p4/8/2PQPP2/PPB3PP/R3K2R w KQ - 0 19	d3h7	532	0y1314191b
OFmCx	r4rk1/pb3ppp/npp1pq2/8/2PPQ3/3B1N2/PP3PPP/2KR3R w - - 3 14	e4h7	532	0y1314191b
OjbJX	8/1kp5/p7/P1B2qp1/1P6/4RpP1/5P1P/6K1 b - - 2 39	f5b1 e3e1 b1e1	532	0p13151o
PUevw	r4rk1/pbq1ppbp/1p1p2p1/3n4/2PQP3/1P6/PB2BPPP/R4R1K w - - 0 14	d4g7	532	0y1314191b
PtpCL	rn1qr1k1/ppp2ppp/3p4/3P4/3Qn3/P1B4b/1PP1P1PP/R3KB1R w KQ - 0 11	d4g7	532	0y13141b1c
S6Pdx	8/5Q2/2pk4/1p2q3/8/P7/1PP5/2K5 b - - 0 39	e5e1	532	0p13141b1i
TKJNQ	5Q2/p3r2k/3br1pp/2p5/P7/RPB4P/5PP1/6K1 b - - 4 32	e6e1 c3e1 e7e1	532	0p13151f1n1o
TkobS	6rk/2p5/5N2/1Pp5/Pn1p4/4p2r/1P5P/2K3R1 w - - 0 37	g1g8	532	030p1113141b
UUPzs	r4rk1/1b1n1ppp/p1qNp3/8/8/1P1B3P/PB3PP1/R2QR1K1 b - - 0 18	c6g2	532	0y1314191b
WG44q	r4rk1/p1p2ppp/2R5/1q6/3PpP2/4P3/PPQ2P1P/5R1K b - - 2 19	b5f1	532	0p0t0y13141b
YRw6K	8/1pr4p/6p1/P4p2/1R6/6Pk/7P/6K1 w - - 3 44	b4h4	532	0p13141b1m
ZpLCS	6k1/2R3p1/2n1r1P1/2p1p2P/p3P3/2p5/PP3P2/6K1 w - - 0 29	c7c8 c6d8 c8d8 e6e8 d8e8	532	0p101316
ZrlBh	4B3/8/4pp1R/5kp1/5n2/5P1P/5Pr1/3rR2K b - - 6 41	d1e1	532	0p0t13141b
ap2Ce	6k1/2p2ppp/1p3nn1/p4r2/2PP4/B3Rb2/PP3P1P/2K1R3 w - - 0 28	e3e8 f6e8 e1e8 g6f8 e8f8	532	0y101316191d1n
b0WZ4	8/8/5p2/1K6/4k3/P7/1PP5/8 b - - 0 49	f6f5 a3a4 f5f4 a4a5 f4f3 a5a6 f3f2 b5b6 f2f1q	532	000g0p1e1h1l1w
bSBVq	6k1/p1pq1ppp/4bn2/8/4P3/Q2P4/P3rPPP/RN2R1K1 b - - 3 18	e2e1	532	060t1314191b
cXbOP	2k5/bp2qpQ1/p1p5/P3pb1p/1P2P3/1BPP4/6P1/R6K b - - 0 29	e7h4	532	0p1113141b
ett2x	r1r5/5pk1/4p2p/2p1R3/3p4/1P1P1R2/2P2PPP/6K1 b - - 0 29	a8a1 e5e1 a1e1	532	060p13151m1o
f9ECt	3r1rk1/p1p2ppp/8/2b1PR2/8/8/PPP3PP/R1B4K b - - 0 17	d8d1 f5f1 d1f1	532	060p13151o
g6HAz	6B1/1R6/6pk/5n2/1p5P/5P1K/1r6/8 w - - 8 52	b7h7	532	0p13141b1d
iM1Yr	N2k3r/p2p1pp1/b1p4p/2q5/4P3/8/PPPQ2PP/2KR3n w - - 0 17	d2d7	532	1314191b
kYLfd	1r2k3/1P3pp1/2P4p/8/8/2KPP3/8/8 w - - 1 50	c6c7 b8b7 c7c8q	532	000g0p1h1m1o
mzHSr	8/p6r/Kpp3k1/2rP4/1R1RP3/8/PP6/8 b - - 1 45	c5a5	532	0p1113141b1m
oZW12	r4rk1/pppbqppp/2n5/2b1P1N1/3pQBP1/3Pn3/PPP3BP/R4RK1 w - - 1 16	e4h7	532	0y1314191b
p65xa	rnb1kb2/pp2pn1r/2pq2p1/3p4/3P4/1BN2Q2/PPP1NPP1/R1B2RK1 b q - 0 11	d6h2	532	1113141b1c
sD6Qn	2k5/1ppr2p1/p1pb4/7p/3N1r1B/3P3b/PPP2P2/R3R1K1 w - - 4 26	e1e8 d7d8 e8d8	532	1315191d1k1o
shDUk	b1r5/5pkp/p3pbp1/1p6/1P1PN3/P2R1P2/6PP/1BQ4K b - - 0 33	c8c1 d3d1 c1d1	532	060s1315191o
tdFGG	r4rk1/1b3ppp/p6n/1q1PP3/B7/8/1P1Q2PP/RN3R1K b - - 1 20	b5f1	532	0t0y1314191b
w7rbK	1r2k2r/p4pp1/2pq4/3p4/2PPp1Q1/1P6/P4PP1/RN3RK1 b k - 0 18	d6h2	532	1314191b
wiY40	4r1k1/Rn3pbp/2Np2p1/3P4/5P2/1P2rB2/2P3PP/3R3K b - - 3 33	e3e1 d1e1 e8e1	532	061315191o
xX7Fy	3r2k1/2pq4/2R2ppp/2Q1bp2/7P/1P6/P1P2PP1/1K2R3 b - - 4 28	d7d1 e1d1 d8d1	532	0p13151f1k1n1o
yy9GF	r4rk1/p4pp1/1pp1p2p/4Bq2/3P4/2P2bQN/P1P2P1P/R3K3 w Q - 2 16	g3g7	532	0y1314191b
z43W1	2kr2nr/ppp2pp1/2Nb4/4q2p/6b1/4P3/PPP1BPPP/RNB1QRK1 b - - 0 10	e5h2	532	0y13141b1c
1VrMP	r4rk1/p3qppp/3pb3/1pp5/1PPQ4/P7/RB2B1PP/1N4K1 w - - 0 20	d4g7	533	0y1314191b
2EQ5c	3r2k1/pp3ppp/5b2/2p1Q1q1/2N5/2P2P2/PP4PP/4R1K1 w - - 3 20	e5e8 d8e8 e1e8	533	060p13151n1o
3Hfmr	8/pR6/8/7P/P7/r5k1/6P1/6K1 b - - 0 43	a3a1 b7b1 a1b1	533	0p13151m1o
4ZdAz	2kr2r1/1pp5/p1pb3p/4pq1b/2P1N3/P6P/1PQ2PPK/R4RN1 w - - 1 21	e4d6 c7d6 c2f5	533	0g0j191k1o
650UI	r4rk1/pb2npbp/1pqNpnp1/2p1N3/2P2B2/4P2P/PPQ1BPP1/3R1RK1 b - - 7 15	c6g2	533	0y1314191b
6MGKD	r3k2r/2q1Bppp/p2p4/3Pp3/bp6/4QP2/PPP1B1PP/2KR3R b kq - 0 17	c7c2	533	1314191b1k
6MHFj	r4rk1/ppp2p2/3p3p/3P2p1/8/P1PQP1nP/1PBn1qPK/R3R3 w - - 0 23	d3h7	533	1314191b
6QccI	4r1k1/p4ppp/1p6/3p4/Q2Pn3/2P1qB1P/PP4P1/R4K2 w - - 3 25	a4e8	533	0p0t0y13141b
7OUFl	r1b2rk1/pp1p2pp/2nPp3/2q2p2/1PP1n3/P4N2/3B1PPP/R2QKB1R b KQ - 0 13	c5f2	533	041314191b
8iDwM	6k1/q4ppp/8/P7/8/3Q1P2/r1r3PP/4B1RK w - - 6 34	d3d8	533	060p13141b
AT9NR	n1krq2r/2p3p1/2Ppb3/1P6/5B2/3P4/4PPnp/R4R1K w - - 0 30	a1a8	533	1314191b1k
AW4LK	r5k1/p3rRpp/1p1q4/4b3/2PpP3/3P1Q1P/6B1/5R1K w - - 4 27	f7f8 a8f8 f3f8	533	1315191o
AkTMV	r1bqr1kb/1n3p1p/p2p2pB/1p1n2N1/2p1PQ2/8/PPP1BPPP/3R1RK1 w - - 0 19	f4f7	533	0y1314191b
AmfFs	2rq1r1k/pp2n1pp/3b1p2/4pN2/3pPnQN/8/PPP3PP/R1B2RK1 w - - 0 18	g4g7	533	0y13141b1c
FDxal	8/ppR3Rp/1k3pb1/8/1P4N1/3n1P2/P3r1PP/6K1 b - - 2 28	e2e1	533	0p13141b
GgyR2	rnbqkbnr/pp3ppp/2p5/4N3/4p3/5Q2/PPPP1PPP/RNB1KB1R w KQkq - 0 5	f3f7	533	0413141b1c
H1Bbo	r2q1r1k/pp4pp/8/3pQ1bN/5p2/1B1P3b/PPP2PP1/R4RK1 w - - 0 19	e5g7	533	0y1314191b
H8X4N	rnb2r1k/pp3p1P/5b1Q/3p1qp1/3P1p2/P1P5/1P1NNPP1/2KR3R w - - 4 20	h6f8	533	0t0y1314191b
HMAPv	r4rk1/pp4pp/2n1q3/4Bp2/2nPb3/2P3Q1/P1P3PP/4RRK1 w - - 0 19	g3g7	533	0y1314191b
IER0e	2r3k1/p2R1ppp/8/1r2P3/5P2/8/6PP/3R2K1 w - - 0 29	d7d8 c8d8 d1d8	533	060p13151m1o
KzEs9	r1b1k1nN/pp6/1q1p4/6p1/5p2/P3N3/1PP2KPP/R2Q1B1R b q - 0 18	b6e3	533	1314191b
L6nAD	4r1k1/1Q4pp/p5p1/8/8/2P1q3/PP4PP/R6K b - - 2 27	e3e1 a1e1 e8e1	533	060p13151n1o
MZVrZ	8/5k2/6R1/5pK1/5P2/8/3r2P1/8 b - - 16 64	d2g2 g5f5 g2g6	533	0g0p111m1o
P5eVs	r1bqkbnr/pppn1ppp/3p4/4p3/2B1P3/5Q2/PPPP1PPP/RNB1K1NR w KQkq - 2 4	f3f7	533	0413141b1c
S8lyK	1Q6/4Rpk1/p4p2/1p3q1p/8/2P2P2/PP4PP/7K b - - 0 32	f5b1 e7e1 b1e1	533	060p13151o
SRoBR	B3r1k1/p1p1qpp1/3p1n1p/8/2P5/2PP2Pb/P1Q2P1P/R1BR2K1 b - - 0 15	e7e1 d1e1 e8e1	533	0y1315191f1n1o
TLZJO	r3k2r/1pqnbpp1/4p1b1/3p2Pp/p2P3P/P4Q2/BPPBNP2/2KR3R b kq - 1 17	c7c2	533	1314191b1k
UMN3V	2Q2rk1/4p2p/3p2p1/3Pb3/2p1NR2/7P/1q4PK/8 w - - 3 28	c8f8	533	0p1113141b
WrXi9	2r4k/3p2p1/p5B1/1p6/6n1/5P2/PP2R1P1/6K1 b - - 0 29	c8c1 e2e1 c1e1	533	0p13151o
YNfFD	r2q1rk1/pb3ppp/1p6/3p4/1Pnn4/2PQ1P2/2B3PP/R1B2RK1 w - - 0 17	d3h7	533	0y1314191b
ZiL6y	2kr3r/ppp5/4p2q/2N2ppp/2Pn1b2/3B1QPP/PP3P2/R4RK1 w - - 0 19	f3b7	533	1314191b1k
ZivDP	r1b2rk1/1pp2pp1/1pnp3p/1B2p1q1/2NPPn2/2P2N1P/PP3PP1/R2QR1K1 b - - 4 15	g5g2	533	0y13141b1c
aI35Q	1k1r3r/1q5p/p2p2p1/B2P1p2/3P4/p4Q2/1P3P1P/1KR3R1 b - - 0 26	b7b2	533	1314191b1k
awlOv	1k1r1br1/ppp4p/2q5/3p1p2/3Bn1pQ/2P5/PP3PPP/RN2R1K1 w - - 2 18	h4d8	533	0t1314191b1k
bci6v	7k/2b3p1/2P2p1p/2Rr4/1B6/P3P2P/5PP1/6K1 b - - 0 34	d5d1 b4e1 d1e1	533	0p13151f1o
c32XC	3r2k1/1r3p2/2p3pp/8/1pb1P3/2B2P1P/6P1/3R2K1 w - - 0 35	d1d8 g8h7 d8h8	533	0p13151d1o
caGNo	rnb1qk1r/ppp1b2p/3p1p1p/8/2BP4/8/PPP2PPP/R1B1K1NR w KQ - 0 10	c1h6	533	0a13141b1c
cxY9j	r1b2rk1/ppp3bp/3p1qp1/1P6/P1P1p3/6P1/3NPPBP/1R1QK2R b K - 1 17	f6f2	533	041314191b
dmHpt	2r2rk1/1p1b1ppp/3qp3/p7/4Q3/bPnB1P2/P2N1BPP/1R3RK1 w - - 2 20	e4h7	533	0y1314191b
e5aoA	6k1/p4ppp/1p2p3/8/4P3/3Q1qP1/PP3r1P/6K1 w - - 2 28	d3d8	533	060p13141b
f6nYv	r5k1/1pp2pp1/p1n2q1p/3p4/3P4/2PBQP2/PP3P2/2K1R3 w - - 0 22	e3e8 a8e8 e1e8	533	0p0y13151f1n1o
fw7uF	r3kbnr/1b3ppp/p3p3/1ppq4/3N4/3P3P/PPPBBPP1/RN1Q1RK1 b kq - 0 10	d5g2	533	0y13141b1c
gGIsA	3r2k1/1b1q1p1p/p5p1/2Q5/8/1P2B3/P4PPP/2R3K1 b - - 0 24	d7d1 c1d1 d8d1	533	0p13151n1o
gL8YQ	1k2r3/p5pp/n1pN4/Brp5/3p4/8/PPP3PP/4R1K1 w - - 0 29	e1e8	533	0p13141b1f
kpLqV	r2qr1k1/1p1b1ppp/8/3n4/p3P3/PnQ2N2/1B3PPP/4RRK1 w - - 0 20	c3g7	533	0y111314191b
l5vO3	r1b2r1k/b1p3pp/2p5/4qp2/1Q1pN3/P2P2P1/4PPBP/R4RK1 w - - 0 21	b4f8	533	0t0y1314191b
lUZCu	r2q1rk1/1b1n1pp1/1p2p2p/p1pn4/P2P3b/2P2N2/1PQN1PPP/RB2R1K1 w - - 0 16	c2h7	533	13141b1c
lVsrB	3R1rk1/1p4Pp/p7/8/2q3p1/P1B3P1/1P2r3/3R2K1 w - - 0 39	g7f8q	533	000p13141b1h
mUdCX	r4rk1/ppp2ppn/3p3p/2b1p3/4PP1q/1P1P1QNP/1PP5/RNB2R1K b - - 0 13	h4h3	533	0y1314191b
nNbDb	r4rk1/pp3p2/3pbq1p/2p3p1/3nQ1P1/3B4/P4PP1/RN2N1K1 w - - 3 19	e4h7	533	1314191b
nd1BS	2r2rk1/1b3p1p/4R1p1/bpq2p2/3N4/4P1Q1/BP2NPPP/2R3K1 b - - 3 23	c5c1 e2c1 c8c1	533	1315191o
noy36	r1b2r2/pp4pk/2p4p/4qp2/6n1/1BP1B2P/PP3PP1/R2Q1RK1 b - - 0 20	e5h2	533	1314191b
peA13	r4rk1/2q1bppp/p2p4/1p1n4/3BP3/6QP/PPp2PP1/2R1R1K1 w - - 0 19	g3g7	533	0y111314191b
q71Q8	3r1r2/4q2k/2p2p1p/pp1P1P1P/5RR1/3Q4/PPP5/1K6 b - - 0 34	e7e1 d3d1 e1d1	533	0p1113151k1o
qwJaU	r1b3k1/1p3ppp/1np5/p1P5/4r3/4PN2/PP3KPP/2RR4 w - - 0 21	d1d8 e4e8 d8e8	533	06111315191o
uJPGz	5r1k/pR5p/3qp1p1/8/8/5B2/P5PP/3Q3K b - - 2 29	d6d1 f3d1 f8f1	533	060p13151o
wYTJJ	6k1/3R1p1p/5nq1/pQ6/2p1r1p1/8/PP3PPP/K4B1R b - - 0 22	e4e1 d7d1 e1d1	533	061315191o
xJVuq	5rk1/p3p1bp/1p4p1/3PP3/2P3Q1/4R3/P4rPP/3R3K b - - 0 27	f2f1 d1f1 f8f1	533	060p13151o
xadxI	r1k1qb1r/1p4pp/p1n5/8/5B2/8/PP2QPPP/2R3K1 w - - 0 22	e2e8	533	0t1314191b
y9anE	2B5/2R4p/4p1p1/5p1k/Pr5P/4nPK1/3r4/8 w - - 3 47	c7h7	533	0p13141b
0SJrq	r1bqr1k1/ppp2ppp/4p3/3n4/7Q/B1PB4/P1P2PPP/R4RK1 w - - 7 14	h4h7	534	0y1314191b
0pzFJ	5r1k/p6p/5b2/2q2B1Q/8/P5P1/1r3P1P/3R2K1 w - - 2 31	h5h7	534	1314191b
1FEC8	8/1kp5/ppn5/8/8/1R6/P3K3/8 b - - 1 50	c6d4 e2e3 d4b3	534	0g0p0s111o
1NZWF	7k/4b3/1n1q1p1p/1rp1pP2/8/1B4P1/P1RQ1P1P/6K1 w - - 0 36	d2h6	534	1314191b
1bUDF	r5k1/1p3ppp/p5b1/P3Q3/1Bp5/2P4P/2q2PP1/4R2K w - - 3 35	e5e8 a8e8 e1e8	534	060p13151n1o
2hjlu	3r1rk1/pbq2pp1/1p2n2p/8/P1P5/5N1P/2QN1PP1/RB2n1K1 w - - 0 28	c2h7	534	111314191b
4D61z	r1bq1rk1/p5pn/n1p1p2p/1p1pBp2/3P2Q1/2NBP3/PPP2PPP/R4RK1 w - - 0 13	g4g7	534	0y1314191b
4Oxoi	2r3k1/p2R1pp1/Np2p2p/8/3Bb3/P5P1/2r2P1P/R5K1 b - - 4 24	c2c1 a1c1 c8c1	534	1315191f1o
4fEx9	6k1/2pB1p1p/1p3qpB/p1b3N1/2PP4/3r1bPK/7P/4R3 w - - 0 31	e1e8 c5f8 e8f8	534	0y1315191d1o
4rNdZ	1r6/3k1N1p/rp4p1/1R1P4/2NR1P2/8/6PP/7K b - - 0 30	a6a1 b5b1 a1b1 d4d1 b1d1	534	060p101316
5hK5G	7k/3n2Rp/2bP2p1/1p6/p3P3/P3r2P/B5P1/6K1 w - - 0 38	g7g8	534	0p13141b1d
6ppYD	2r4r/p1q1kpp1/2B3p1/2pP4/8/1Q6/P4PPP/2R2RK1 b - - 1 19	c7h2	534	111314191b
6vFdL	r1b2rk1/ppqpppbp/6p1/8/2B1P1n1/2NQB2P/PPP2PP1/R4RK1 b - - 2 11	c7h2	534	1314191b
7pN6Q	6k1/1pp3p1/5pK1/2p5/R7/p1P5/4r3/8 w - - 0 51	a4a8 e2e8 a8e8	534	0p13151m1o
8Vk5G	Qbb2rk1/p2p1p1p/1p1q2p1/2p5/2P5/P1N5/1P3PPP/R1B2RK1 b - - 0 17	d6h2	534	0y1314191b
AQcMH	4k3/5p2/p5p1/1p1bPp2/5PNP/8/1K6/8 w - - 0 51	g4f6 e8e7 f6d5	534	010p0s1o
Aj1HS	4k1r1/2rp1p1p/p3p3/2B5/8/8/P1P2PbP/1R3RK1 w - - 2 22	b1b8 c7c8 b8c8	534	0p13151f1o
Ajbgb	r4rk1/pbpp1pb1/1p5p/6p1/2PNq3/6B1/PP2BPPP/R2QR1K1 b - - 0 15	e4g2	534	0y1314191b
B3mhL	1k1r3r/ppp2pp1/2nqp1p1/1N1p4/3P4/P2QP3/1PP2PPP/R4RK1 b - - 2 16	d6h2	534	0y1314191b
C3iKi	r1k1r3/ppp2pp1/n5qp/1Q1P4/1P6/2P5/P4NPP/2R2K1R w - - 1 23	b5e8	534	0t111314191b
DLOn8	1k6/p2r4/R3p3/1Pp1P1pP/2P2p2/7p/3rNP1P/R4K2 b - - 0 38	d2d1 a1d1 d7d1	534	0p13151o
E5qVz	4r1k1/5ppp/p2B4/3b3q/6n1/5N2/P4PPP/3RR1K1 w - - 0 24	e1e8	534	061314191b
F2FU9	r4rk1/pb3pbp/1p4p1/1Ppq4/3N4/P2P4/4BPPP/1RBQ1RK1 b - - 0 15	d5g2	534	0y1314191b
GpoyM	1r3r1k/1p1P2pp/pP6/P3pq2/4p3/1Q5P/5PP1/3R1K1R b - - 0 30	f5f2	534	0p13141b
Hig7S	5r2/6k1/1p3qp1/p2b4/P2P4/6PQ/1P3P1P/4RBK1 b - - 0 32	f6f2	534	0p13141b
IKv4P	r1k1qb1r/pbp3p1/3p4/6B1/Q7/8/PP3PPP/R5K1 w - - 0 19	a4e8	534	0t1314191b
IN55u	r1b3k1/ppp2ppp/2n5/3Rp3/8/B7/qPPQ2PP/2K4R w - - 0 20	d5d8 c6d8 d2d8	534	061315191n1o
J60yB	r4rk1/ppq1n1p1/n2pb2p/1p3p2/1PPQPP2/P5P1/1B4BP/R4RK1 w - - 0 17	d4g7	534	0y1314191b
JXXWm	r1b4k/ppp4p/2n2q1B/3p4/8/3P4/PPP2PPP/RN1KR3 w - - 0 19	e1e8 f6f8 e8f8	534	0y1315191f1o
LV07g	rnb2r1k/pp4pp/1q1Q1p2/8/2B1Pn2/5N2/PP3PPP/R4RK1 w - - 0 17	d6f8	534	0t0y111314191b
LdLHc	5rk1/qp4pp/p1npp3/4p1b1/NP2P3/P2BP3/2PQR1PP/5R1K b - - 0 20	f8f1	534	061314191b
NKx6w	r2qr1k1/1p3ppp/p7/4p3/Pn2Q3/R3B3/1PP1NPPP/3R2K1 b - - 0 18	d8d1	534	060t1314191b
NvwLI	3r2k1/5ppp/p6q/Qp1bp2P/6P1/4bP2/PPrNB3/3RKR2 w - - 0 26	a5d8	534	060t1314191b
O5eas	r4rk1/p3b1pp/4p3/3q4/2ppNp2/5P1P/PP4QK/R1B3R1 w - - 0 22	g2g7	534	0y1314191b
QqCD1	4q1k1/p4r2/2p3r1/7R/4Pp2/2BP1N2/1PP2PP1/3R2K1 w - - 1 32	h5h8	534	1314191b1d
RBl0A	2b3k1/2q2pp1/p3p2p/b2pP3/Q2P4/1p1B1N1P/1P3PP1/6K1 w - - 0 37	a4e8	534	0p13141b
RmbDW	r1bqk2r/ppp2p1p/6p1/8/4PQ2/2Nn4/PPP3PP/R4RK1 w kq - 0 13	f4f7	534	041314191b
Rn4WG	5k1r/p1q2ppp/1p6/1Q4b1/3p4/7P/PP3PP1/4R1K1 w - - 0 22	b5e8	534	0p13141b
Rzeks	2k1b3/ppp2ppp/2n3q1/1Bb5/2P4B/2N1nN2/PP4PP/R3R2K b - - 5 18	g6g2	534	0y1314191b
Tr3DK	3rk2r/5pp1/Bn5p/4p3/1Q4P1/1N2bP2/PPP5/1K6 b k - 2 22	d8d1 b3c1 d1c1	534	1315191d1k1o
TwnDr	4r1k1/2p4b/p2p1Rpb/1p1P4/1PP3Q1/P7/6PP/1B5K b - - 0 36	e8e1 f6f1 e1f1	534	060p0s13151o
U937I	8/p4B2/5p2/2Qbk3/3p3P/2p3P1/Pr3P2/6K1 b - - 5 38	b2b1 g1h2 b1h1	534	0p13151o
UU8UN	r6r/pp1nkpp1/3qp1p1/3p4/3P2Q1/2N5/PPP2PPP/3R1RK1 b - - 3 15	d6h2	534	0y1314191b
VrNCl	rn1k1b1r/p1pn4/1p3qBp/3p2p1/3PQp2/2P1BN2/PP3PPP/R4RK1 w - - 0 16	e4e8	534	1314191b
WHpKX	3R4/5p1k/2q1b1p1/1p2B2p/5P1P/1P6/P1P3P1/1K6 w - - 2 39	d8h8	534	0p13141b1d
WIaRp	Qnkr1b1r/1pp3p1/3q4/P6p/4Q1n1/2P5/3P1PPP/RNB2RK1 b - - 0 18	d6h2	534	0y1314191b
YEWWp	r1b4k/pp5p/5N1q/3B2p1/2PQ1pn1/6P1/PP3P1P/R4RK1 b - - 0 22	h6h2	534	0y111314191b
YxDas	r4qk1/1p5p/p1b2rp1/3pb1N1/4p1QN/1B6/PP4PP/3R1R1K b - - 1 27	f6f1 d1f1 f8f1	534	0y1315191o
Zxfj8	8/8/7p/1k1KP1p1/6P1/p6P/8/8 w - - 0 40	e5e6 a3a2 e6e7 a2a1q e7e8q	534	000g0p101e1h
aD8hB	r2qk3/p1pnppb1/b2p2p1/3N2N1/2pP4/1P2PQ2/P4P2/R1B1KBr1 w Qq - 2 17	f3f7	534	041314191b
c6fhj	1k3rr1/bpp5/p2pR3/8/2NP2np/1NP4Q/PP4P1/5R1K b - - 0 29	f8f1	534	0y1314191b
dJxQA	8/3B4/8/4pRp1/8/6k1/4r2p/7K b - - 0 63	e2e1 f5f1 e1f1	534	0p13151o
dTv92	8/8/5N2/5Pp1/p5P1/1k6/7K/8 b - - 0 62	a4a3 f6d7 a3a2 f5f6 a2a1q	534	000g0p0z101h
eCS6t	r2qk1nr/ppp2pb1/2bp3p/6p1/4P3/1BN2Q2/PPP2PPP/R1B2RK1 w kq - 0 11	f3f7	534	0413141b1c
gdGJ9	5rk1/p1p3p1/1bN4p/3p4/3P4/8/PP4PP/2N2Q1K b - - 0 26	f8f1	534	060p0t13141b
h3QLK	r4rk1/ppp2ppp/4b3/q7/4Q3/3B4/PPP2PPP/2KRR3 w - - 1 17	e4h7	534	0y1314191b
jhwCG	6k1/2r2p1p/pp2p3/5N2/5n2/2PR2P1/PP5P/6K1 w - - 0 27	d3d8	534	0p13141b
lEvKu	r2q1r1k/2p1b1pp/p2p1p2/1p6/2nBPP2/2N5/PPP2PQP/1K1R2R1 w - - 0 19	g2g7	534	0y1314191b
lK0ov	5r2/1pp1n1pk/4Q2p/r7/P3P3/2P5/6PP/RN3R1K b - - 0 26	f8f1	534	061314191b
nEflU	3r3k/1Q4pp/3p4/p3pNq1/P3Pn2/1P1R1P1P/6PK/3R4 b - - 0 33	g5g2	534	111314191b
oftHL	3rr1k1/pp2qp1p/8/3B2pN/3Q4/6Pb/PP3P1P/2R3KR b - - 0 22	e7e1 c1e1 e8e1	534	0y1315191f1n1o
ouaJM	8/p4k2/1p1p2pK/3P1p2/1q6/4QB1P/8/8 b - - 0 38	b4h4 f3h5 h4h5	534	0p13151o
pgqrv	6k1/1q2p2p/pNn3pB/P2np3/8/8/2P3PP/5RK1 w - - 0 31	f1f8	534	0p13141b1d
rG7Mn	r4rk1/ppq1p1bp/3p1p1B/6Qp/2b1P3/1NN2P2/PPP3P1/1K1R4 w - - 0 18	g5g7	534	0y111314191b
ti0C0	4r2k/1p4bp/3Pqpp1/p1Q5/3N4/P7/5PPP/2R3K1 b - - 4 33	e6e1 c1e1 e8e1	534	060p13151n1o
ulho1	rnb2rk1/ppp1b1pp/3p1q2/8/3Pp3/2N1N3/PPP2PPP/R2QKB1R b KQ - 5 9	f6f2	534	0413141b1c
xavWK	k1r4r/pp2np2/6b1/2R1P1pp/8/2Q2PB1/qP4PP/2R3K1 w - - 0 29	c5c8 e7c8 c3c8 h8c8 c1c8	534	0610131619
yDuUh	3r1rk1/4b1pp/1N4n1/3P4/pP2p3/P3P3/1B4PP/5Q1K b - - 0 29	f8f1	534	06111314191b
yc5RH	r2qk2r/pp3ppp/2n5/3pN3/QbPP2b1/2B1P3/P4PPP/R3KB1R b KQkq - 0 12	b4c3	534	0a1314191b
zM50W	3r1r1k/p5pp/2p5/2Pn4/NP1Rp1q1/P3p3/5QPP/5RK1 w - - 0 26	f2f8 d8f8 f1f8	534	061315191o
0Dekd	7r/p6p/5R2/6p1/6Pk/2Nr1P2/PP5P/6K1 w - - 1 31	f6h6	535	0p13141b
1tdF1	r1b1r1k1/1pp1qpp1/1p5p/1P6/P4Bn1/2PP1Q2/3N1PPP/R3R1K1 b - - 1 19	e7e1 a1e1 e8e1	535	010y191o
3J78S	r1b2rk1/pp1ppp2/2n3p1/8/6P1/1P6/PBP2q2/RN1K1B1R w - - 0 16	h1h8	535	1314191b1d
5s1th	4r3/8/p5k1/1p2rN1p/5Kp1/P1PRP1P1/7P/3R4 b - - 0 30	e5f5	535	0p13141b
6XqmN	r1bq1rk1/pp3ppp/2n1p3/3p4/3P3n/P1NQPN2/1P3PP1/RB3RK1 w - - 0 15	d3h7	535	0y13141b1c
6d5tE	8/p4p2/1pp1k2r/8/4n3/1Pn5/PBP2PP1/R3RK2 b - - 7 33	h6h1	535	0p13141b
6eayv	r3k1r1/ppp2p2/2qpbQ1p/2b1P3/2N5/P1NB4/1PP2PPP/R4RK1 b q - 0 15	c6g2	535	0y1314191b
9JhbZ	8/5k2/p7/PbB1R3/1P6/5Pp1/3r2P1/6K1 b - - 1 41	d2d1 e5e1 d1e1	535	0p13151o
A2X95	2r3k1/1Q3ppp/5q2/2n1p3/3pP3/P4NP1/1P2PKBP/2r5 w - - 4 26	b7c8 f6d8 c8d8	535	060t1315191o
CFNvv	rn5k/pp4pp/5r2/3n4/1P1N1pP1/4pP2/P1R2bP1/R1B2K2 w - - 2 28	c2c8 f6f8 c8f8	535	061315191o
CkD3p	1b1r1rk1/pb1n1ppp/2p2n2/2Ppq3/1P1Np3/P3P3/1BB1NPPP/1R1Q1RK1 b - - 3 17	e5h2	535	0y13141b1c
Ckeqm	8/8/8/2K1P3/3p4/4k3/8/8 w - - 1 49	e5e6 d4d3 e6e7 d3d2 e7e8q	535	000g0p101e1h
Ex55M	2r1r1k1/pp3p2/1B4p1/3Pq3/2B2pb1/1Q1P4/PP3PPP/R3R1K1 b - - 0 20	e5e1 a1e1 e8e1	535	0611121315191o
F4QKO	5r2/1p2R3/p1p3kp/4P1p1/4P3/2N1B1Pb/PPP4P/5RK1 b - - 0 23	f8f1	535	0p0y13141b1d
GCh6m	3qk2r/3ppp2/r5pp/p1p5/PnP5/1P2PN1P/3N1PP1/Q4RK1 w k - 0 19	a1h8	535	060t1314191b
Ieiwz	6k1/5p2/1R2p1p1/3p4/8/rp4KP/p4P2/B7 w - - 2 46	b6b8 g8h7 b8h8	535	0p13151d1o
JDcYH	3n2k1/4R1p1/7p/6N1/p1P1p3/P3P1Pb/7P/q4BK1 w - - 0 35	e7e8	535	0p1113141b
K58lH	1k1r3r/pp1nqp1p/2pNp1p1/2P5/8/1Q2nP1P/PP6/2KR1BR1 w - - 0 19	b3b7	535	1314191b1k
KY3DZ	2Q5/3p1p2/p2P1kqp/3B4/1rN5/5p2/PP3PPP/R3R1K1 b - - 0 30	g6g2	535	0y1314191b
KwhTP	6k1/3p1p2/6p1/p6p/3B2rP/8/7K/1R6 w - - 2 39	b1b8 g8h7 b8h8	535	0p13151d1o
LaFh9	1k6/8/KP6/4r3/7R/4p3/8/8 w - - 1 60	h4h8 e5e8 h8e8	535	0p13151m1o
Lie9z	2r2r1k/4b1pp/2P5/BP6/6q1/1QR2p2/5PPP/5RK1 b - - 1 33	g4g2	535	1314191b
MlRMy	rnbqkbnr/ppp2ppp/4p3/3p4/5PP1/7P/PPPPP3/RNBQKBNR b KQkq - 0 3	d8h4	535	13141b1c
PowOJ	3rr1k1/pRp1qppp/3b4/3N4/2P5/5Q1P/PPP2PP1/R5K1 b - - 2 18	e7e1 a1e1 e8e1	535	0y1315191f1n1o
PtsyA	4r1k1/p3qppp/b1pb4/2pp1N2/P2P4/1P3Q1P/1BP2PP1/R5K1 b - - 0 18	e7e1 a1e1 e8e1	535	0y1315191f1n1o
SKjPl	2kr1b1r/1pp1ppp1/p1nq4/7p/3P2n1/2P1BB1P/PP3PP1/RN1Q1RK1 b - - 0 12	d6h2	535	13141b1c
TecnL	r1bq1rk1/3nbp1n/p6p/1p1P4/2p2P2/2NQ4/PPB3PP/R1B1R1K1 w - - 0 18	d3h7	535	0y1314191b
TuBq5	r4rk1/3q1ppp/4p3/p2pPn2/1p3P1Q/P1N4R/1P4PP/R5K1 w - - 2 20	h4h7	535	0y1314191b
U4ruz	3r4/pp5k/2n1Rb2/5p1p/8/8/PP3PPP/1RB3K1 b - - 3 22	d8d1 e6e1 d1e1	535	060p13151o
XIP59	4r1k1/pp3p2/6pp/3r4/5P2/8/1B2R2P/2n1K3 w - - 0 36	e2e8 g8h7 e8h8	535	0p13151d1o
Xm573	r4r1k/4bp1p/p3pNp1/3pP3/2p2PP1/P6R/1PP1q2P/5RK1 w - - 0 27	h3h7	535	030y1314191b
Y9WwE	8/8/1R6/6Pk/5K2/8/1pr5/8 w - - 2 57	b6h6	535	0p13141b1m
YAExG	Q1r3k1/5p1p/2p1pPpP/2PpN1P1/P2P1P2/1r6/q7/4R1K1 w - - 2 39	a8c8	535	0p0t13141b
ZpSCX	r1b2rk1/1p3ppp/p1q5/2bp4/3B1P2/P5Q1/1PP3PP/3R1RK1 w - - 2 19	g3g7	535	0y1314191b
be60E	5k2/5p2/p5pp/2R2N2/7P/4PPK1/7r/7r w - - 0 44	c5c8	535	0p13141b
d8OZc	8/2N5/1K6/1P2k3/5p2/8/8/8 b - - 0 58	f4f3 b6a5 f3f2	535	000g0p0z1o
ew9v1	2Q1r1k1/5pp1/1q5p/1P2p3/5n2/3B1P2/1P3P2/4RK2 w - - 4 33	c8e8	535	0p0t13141b
hSLWq	2kr3r/1p1q1ppp/p1nQpb2/8/4P3/P1N2N2/1PP2PPP/2KR3R b - - 0 13	d7d6 d1d6 d8d6	535	01191o
hZShE	r3r2k/p4p1q/2p5/1p1p1Q1n/2nP4/2NBP3/PP3P2/2K3R1 w - - 0 23	f5h7	535	0y1314191b
hvUqM	1k1r4/ppp2pp1/2p1bn1p/4p3/P1N1P3/3r1P2/2Q3PP/1RBR3K b - - 0 20	d3d1 c2d1 d8d1	535	061315191o
hwadr	r1b1k2r/2qp1pp1/pbp1p3/7p/2P1P1n1/P1N5/1PQ1BPPP/R3BR1K b kq - 3 14	c7h2	535	0y13141b1c
jwNlR	6k1/6p1/7p/p3p3/Pp1Q4/1Pp2P1P/2P3P1/6K1 b - - 0 35	e5d4 g1f2 d4d3	535	0g0p1o
lb2Wy	4r1k1/5p1p/2Q3pB/1pp1nq2/8/P3P1Pb/5P1P/3R2K1 w - - 3 29	c6e8	535	0t1314191b
mObgM	rn5r/3qpp1k/3p2pP/pp1pP3/3P1Q2/8/PPP1b3/2KR2NR w - - 0 19	f4f7	535	0q1314191b
nwyZp	r1b2rk1/1p2qppp/n1p1p3/p7/2PPQ3/P2B1N2/1P3PPP/R3K2R w KQ - 3 13	e4h7	535	0y1314191b
oo1W3	3r2k1/ppb1Qp1p/2p3p1/8/P2PPq2/2P2B2/6PP/5R1K b - - 7 28	f4h2	535	0p0y13141b
r1yRy	6k1/2p2ppp/1pP5/p3N3/5P2/P3P1Pb/3Q1K1P/1q6 b - - 2 31	b1f1	535	0p13141b1s
rakWz	8/6pp/4Q3/1p6/3k4/P2qP2P/6P1/6K1 b - - 0 37	d3e3 e6e3 d4e3	535	0g0p1i1o
ttgNd	r2q1rk1/pp2bppp/2n2p2/8/3pQ3/1P1B3P/P1P2PP1/R1B1K2R w KQ - 1 12	e4h7	535	0y1314191b
uPXXD	7R/4rp2/5p1p/2pk1P2/P1Rb2p1/1P1P2P1/2P4P/1K6 b - - 0 33	e7e1 b1a2 e1a1	535	0p13151d1k1o
umGwA	8/4R2p/k1p5/1b6/3B3r/2P1KP2/6r1/8 w - - 10 40	e7a7	535	0p13141b1d
vCred	Q7/5ppk/1q5p/8/4PP2/8/6BP/7K b - - 1 37	b6b1 g2f1 b1f1	535	0p13151o
vbayr	4r3/ppp3pp/1b3nk1/8/3N4/2N5/PP3PPP/R1B3K1 b - - 0 19	e8e1	535	061314191b
vmqcF	r2q1kBr/ppp3pp/2np4/8/3PP3/PQ6/1P3PbP/RN2K2R w KQ - 0 13	b3f7	535	1314191b
wPJd7	5k2/5p2/5K2/4PR2/8/8/8/6r1 b - - 20 64	g1g6	535	0p0q13141b1m
x9sZ0	r1bqr1k1/1p2bpp1/2n5/p1p1p1n1/3p4/1P1PPP2/PBP4Q/2KR1BNR w - - 0 15	h2h8	535	1314191b
yBCXd	5k2/pbr3p1/1p1N1p2/3p4/3P4/P5P1/1P3P2/4R1K1 w - - 4 34	e1e8	535	0p1113141b
yLMx4	4k2r/2p1pp1p/6pb/8/8/4qb2/PP1QN2P/3RK1R1 w k - 4 26	d2d8	535	111314191b
1G3E7	2r1k2r/2qnbpp1/4Pnp1/pB6/6P1/3P3P/PPPBQ3/2KR3R b k - 0 18	c7c2	536	1314191b1k
1cbQi	rnbq1rk1/2p2ppp/p3p3/1p1n2b1/3P4/2NQPN2/PPB2PPP/R4RK1 w - - 0 12	d3h7	536	0y1314191b
2zARU	rnbq1rk1/5pp1/2p1p2p/pp1nP1N1/2pP4/5N2/PPQ1BPPP/R3K2R w KQ - 0 13	c2h7	536	1314191b
4ajq1	7k/3P2p1/2R2pp1/8/4p3/4qn1P/8/6QK b - - 0 38	e3g1	536	0p13141b
4v3rB	2k1r3/1p4pp/1Q6/r3qp2/5B2/3P2PB/PP2PP1P/R3K2b b Q - 1 18	e5e2	536	1314191b
7TGIn	8/4k3/1p2p3/2r5/pPPK4/P7/8/8 w - - 0 51	b4c5 b6c5 d4c5	536	0g0p111o
7dQcL	r2q3k/p3Ppbp/1p2B1p1/2n1p1N1/1R6/8/PP3PPP/R1BQ2K1 b - - 0 21	d8d1	536	060t111314191b
8PuIF	4r3/1p3p1k/p4Pp1/2p3b1/2Pp2P1/3P1K2/P1P2RB1/8 b - - 4 39	e8e3	536	0p13141b1d
8f2G9	1k1N2n1/p1p3p1/Qpqpp1r1/7p/5P1P/B1P5/P1P3P1/R4RK1 b - - 0 18	c6g2	536	0y1314191b
9QcCb	5rk1/5pp1/2nq3p/p1Np4/Pp1P2n1/4P3/1P1Q2PP/2R2RK1 b - - 0 26	d6h2	536	0y1314191b
9rLMH	4k3/2r2p2/ppNR2p1/1n5p/1P2P2P/5KP1/5P2/8 w - - 1 52	d6d8	536	0p1113141b
BC30e	r4rk1/p4pp1/2pbp2p/3pN1q1/3PbP2/2P4P/PP2B1P1/R2Q1RK1 b - - 0 18	g5g2	536	0y1314191b
BMGeB	r3rk2/p5p1/2p2pB1/1p1p1n1P/3P1bb1/2P2N2/PP1NRK2/4R3 w - - 3 29	e2e8 a8e8 e1e8	536	1315191d1o
BfQXe	r1b3kr/pp2b2p/2n2p1B/2pq4/2B5/8/PPP2PPP/R3K1NR w KQ - 0 15	c4d5 c8e6 d5e6	536	0a0y13151c1o
C81I9	r2q1rk1/pppn2pp/4p3/3pn1N1/5Bp1/2PQP3/PP3P1P/R3K2R w KQ - 0 14	d3h7	536	0y1314191b
DXhJO	r2qr1nk/p2bbppp/4p3/1p1pP1P1/2p2B2/2P1P2Q/PPBN1P1P/R3K2R w KQ - 1 15	h3h7	536	0y1314191b
ElwF3	1k1r1b1r/ppp2ppp/6q1/4p3/2P3B1/4n2P/PP3PP1/2RQ1RK1 w - - 0 16	d1d8	536	0t1314191b1k
G6JAN	rnk2r2/3p2b1/p1pP2qp/2N1p3/1P6/P7/2P2RPP/5RK1 w - - 0 27	f2f8 g7f8 f1f8 g6e8 f8e8	536	10131619
H27ln	3Q4/1pp3k1/1p2p1r1/8/1P2P3/2p2R1P/P3n2R/7K b - - 0 40	g6g1	536	0p13141b
HEEKR	rn2k2r/1pb1nppp/p1pq4/3P4/8/P1N2Q2/BP1P1PPP/R1B2RK1 b kq - 0 13	d6h2	536	0y13141b1c
HFrNt	rnb1kb1Q/ppp1q3/5pp1/3p4/2PP4/6n1/PP2BPPP/RNB1K2R b KQq - 2 10	e7e2	536	13141b1c
HxwtW	4r2k/5Qpp/p7/8/8/3Pq3/PP3NPP/R5K1 b - - 0 26	e3e1 a1e1 e8e1	536	060p13151n1o
ID7El	8/8/5p1k/3p3p/3P1KpP/6P1/8/8 w - - 3 46	f4f5 h6g7 f5e6 g7g6 e6d5	536	0g0p101e
JHVdX	3r3k/pbp2Q1p/1p4p1/8/1P5P/6P1/P4P2/3R2K1 b - - 0 31	d8d1 g1h2 d1h1	536	0p13151d1o
JNz9h	r2q1rk1/p4pp1/2p1bb1p/8/4Q3/3B3P/PP3PP1/R3R1K1 w - - 1 19	e4h7	536	1314191b
KHhfV	r1b2qrk/1p3p2/p1n1pP2/2p4p/8/1P1B3Q/PBPP2PP/5RK1 w - - 0 22	h3h5 f8h6 h5h6	536	0y1315191o
KyWAO	r1q1k2r/pp3p2/2n5/3Qn1p1/4P1Bp/2P4K/PP3PPB/RN3R2 b kq - 2 18	c8g4	536	1314191b
L5YWX	7k/R1p2rpp/3p4/1P2p3/3pP3/3P2P1/3q1P1P/5RK1 w - - 0 30	a7a8 f7f8 a8f8	536	060p13151j1o
Lbwwm	6k1/pp3ppp/2p2q2/8/2b5/7P/P1P1QPP1/6K1 w - - 0 24	e2e8	536	0p13141b
LxnxZ	r4r2/1pp2ppk/p1np3p/4pNq1/P1B1Pn2/2PPR2P/1P3PP1/R2Q2K1 b - - 0 17	g5g2	536	0y1314191b
MvSKW	R4r1k/1q2Nppp/8/2p5/6K1/6PP/P7/3r4 w - - 0 29	a8f8	536	060p0t13141b
MvklT	r4rk1/pp3pbp/6p1/2pPp3/5Pq1/2B1P2b/PPQ1B1PP/R4RK1 b - - 2 16	g4g2	536	0y1314191b
Omyye	1n2k2r/5ppp/4p3/qb6/2pPn3/2N1P3/PQ3PPP/R3K2R w KQk - 1 20	b2b5 a5b5 c3b5	536	010s191o
OujHJ	r1b2rk1/pppn1pb1/5qp1/3N3p/4P2P/8/PPPQ1PP1/2KR1BNR b - - 1 11	f6b2	536	13141b1c1k
Pj0m6	6k1/pp3ppp/2p3q1/Q7/2bP4/5P2/PB2r1PP/3R3K w - - 2 26	a5d8 e2e8 d8e8	536	0p13151o
Pnkot	3r4/2R2pkp/p3pbp1/8/4B3/4BN2/P3bPPP/6K1 b - - 2 29	d8d1 f3e1 d1e1	536	061315191o
Q1oSu	8/8/8/p6p/P5kP/8/7K/8 b - - 6 47	g4h4 h2g2 h4g4	536	0g0p1e1o
Qqfce	3q1rk1/3bnppp/2nbp3/3p4/8/2Q2NP1/4PPBP/BN3RK1 w - - 3 16	c3g7	536	0y1314191b
R2UdX	5rk1/1p5p/p5p1/4Pr2/2b1p3/P1B1R3/1P4PP/4R1K1 b - - 16 30	f5f1 e1f1 f8f1	536	0p13151d1o
RpbEA	8/8/5k2/6RK/8/8/8/r7 b - - 52 87	a1h1 h5g4 h1g1	536	0g0p1m1o
SG0Ya	r3r1k1/ppp2ppp/2n5/2Q3N1/8/2N5/PP3PPP/R2b2K1 b - - 0 16	e8e1	536	061314191b
SjiLw	k1r2bnr/1p2q2p/p2p4/1N1Pp1p1/P3Pp2/2R5/1PP3PP/R1B3K1 w - - 0 18	c3c8	536	1314191b1k
U3JLq	5k2/p1p2Pbn/1p1q4/1Q1n4/3p4/PB5P/1PP2P2/6K1 w - - 0 32	b5e8	536	0p13141b
UPnlx	r1bq1r1k/4npp1/p2p3p/3Pp3/2P3N1/P2Q3P/1P4P1/RB3RK1 w - - 5 23	d3h7	536	1314191b
UZchG	4k3/8/4K3/8/1p6/r6R/8/8 w - - 2 43	h3h8	536	0p13141b1m
V8Ls3	3rk3/ppp2p2/4bBrp/6p1/8/2P4P/P4PP1/3R2K1 w - - 0 35	d1d8	536	0p13141b1d
Vv0aB	5k2/Q4prp/2p1b1p1/4R3/P7/5B2/1r3PPP/6K1 b - - 0 23	b2b1 f3d1 b1d1 e5e1 d1e1	536	060p101316
WJG77	r5k1/ppq2p2/2P4p/5Q1b/7B/1B6/PP3PP1/R4RbK b - - 0 24	c7h2	536	1314191b
XQwc0	r2qk2r/pp2bpp1/2p1p1p1/3nN3/3P2P1/2B2Q1P/PPP2P2/2KR3R w kq - 1 19	f3f7	536	041314191b
XZWet	8/p5R1/2pbk3/8/P1P5/1P3R1P/4r1P1/7K b - - 4 41	e2e1 f3f1 e1f1	536	0p13151f1o
Xob7F	3r2k1/1pp4p/p3pKp1/8/4qP2/2B5/PP6/3R3R w - - 0 29	d1d8	536	0p0t1113141b
YvVZp	r2qr1k1/ppp2ppp/2n5/3n4/8/2BP2Q1/PPPKbPPP/RN5R w - - 2 13	g3g7	536	0y1314191b
Zx5LM	r4rk1/ppp2pp1/2b1p2p/2P3q1/1PQ2P2/P3P3/1B4PP/3R1RK1 b - - 0 18	g5g2	536	0y1314191b
aUgZf	8/1Q3pkp/p3p1p1/P7/4Np2/1N6/1Pq3BP/3R3K b - - 0 29	c2d1 g2f1 d1f1	536	0p13151o
bBgU0	8/p1N4k/2R5/1pPp4/8/2P3Pb/PP2rR1P/6K1 b - - 2 35	e2e1 f2f1 e1f1	536	0p13151d1o
bqetr	r4rk1/2p2ppp/p7/1b1pP1N1/1q1P4/3Q2P1/5PBP/5RK1 w - - 0 22	d3h7	536	0y1314191b
doxpC	r2q1rk1/1b3pp1/p1n1p2p/1p1pP3/3P2P1/P1PQnN2/2B2P1P/R4RK1 w - - 0 16	d3h7	536	1314191b
eJhR4	r4rk1/pp3ppp/2n1P3/6q1/4Q3/2KB4/PP4PP/R6R w - - 1 18	e4h7	536	0y1314191b
gw19j	6k1/R4ppp/1P1p1n2/8/8/7P/5PPK/1q6 w - - 0 36	a7a8 f6e8 a8e8	536	060p13151o
iC5ue	8/8/K1k5/2p5/P7/7p/7B/8 b - - 2 52	c5c4 a6a5 c4c3 a5b4 c3c2	536	00080g0p10111l
iYmGh	2R5/4r3/6pp/4p3/k1K3PP/3P4/1p6/8 w - - 0 45	c8a8 e7a7 a8a7	536	0p13151m1o
inSjY	r1qrn1k1/pb3pp1/1pnBp2p/2p1P1N1/8/2P3P1/PPQ2PBP/3RR1K1 w - - 1 19	c2h7	536	1314191b
jHjSD	3k1b2/p2p2pp/Bp6/3N3b/8/P7/1r5P/2R1K3 w - - 0 30	c1c8	536	0p13141b1d
jY9Zh	r4rk1/pp1n3p/2p3p1/3p1pN1/3Pq1P1/4P2P/PP2QP2/R4K1R b - - 1 18	e4h1	536	0t1314191b
jrg6m	r3kr2/1Q3p1p/p2Ppqp1/1p6/8/3n1P1N/PPP3PP/1K1R3R b q - 0 18	f6b2	536	1314191b1k
k71c4	r4rk1/pb3ppp/2q5/1p6/8/1BP5/P4PPP/R2QR1K1 b - - 0 17	c6g2	536	0y1314191b
kX4op	r3kbr1/ppp3qp/2n1pp2/3p1N2/3P4/2P2N2/PP4PP/R1BQR1K1 b q - 0 16	g7g2	536	0y13141b1c
luRSo	r4rk1/pppb1pp1/4p2p/3p2q1/3P4/2PQ2n1/PPB2PPP/4RRK1 w - - 0 19	d3h7	536	1314191b
mhRFI	8/4q2k/R5p1/1p1p3p/1P1P4/2P3Q1/4r1PP/6K1 b - - 2 32	e2e1 g3e1 e7e1	536	0p13151o
n3OTd	2n1k2r/1R1b1p1p/2n1p1p1/q2pP1N1/2pP1P2/4B3/2Q3PP/4R1K1 b k - 0 23	a5e1	536	0t0y111314191b
nj1SV	4r1k1/pp2qppp/2pb4/3n4/3P4/P4B1P/1PQB1PP1/4R1K1 b - - 3 20	e7e1 d2e1 e8e1	536	0y1315191f1o
oelF8	r4rk1/ppb2ppp/2nq4/3p3B/3N4/2B1P2P/PP3PP1/R2Q1RK1 b - - 0 16	d6h2	536	1314191b
oyUOb	2r2rk1/1b2qppp/pn6/1ppp4/2nP1P2/P1P2N2/1PQ1N1PP/1BR2RK1 w - - 1 19	c2h7	536	0y1314191b
pLRnO	4r2k/p4p1p/1q5P/5p2/8/2r5/P1B2P2/K2RR3 w - - 0 34	e1e8	536	0p1113141b
pQp9j	1k1rr3/ppq2pp1/2p2n1p/2n4P/3R4/3Q1NN1/PP3PP1/2KR4 w - - 0 21	d4d8 e8d8 d3d8 c7d8 d1d8	536	0110191k
q9k1e	r1br2k1/bp3ppp/p3p3/8/1PP5/P3P1P1/1Bq3BP/RN1R3K w - - 0 19	d1d8	536	0t1314191b
tPLg0	r3rk2/p4p1Q/1p1R4/2p5/8/2P2bPP/P1P2P2/6K1 b - - 0 33	e8e1 g1h2 e1h1	536	0p13151d1o
tn7sm	4r2k/6bp/3p4/3Q4/Pp6/1B2q3/6PP/3R3K b - - 1 34	e3e1 d1e1 e8e1	536	060p13151n1o
tohLE	6k1/2R3p1/1p4P1/p7/r1P4K/8/8/8 w - - 0 49	c7c8	536	0p13141b1m
ucGs8	3r2k1/4b1Bn/p3p1QP/5r2/1pB5/8/PPP5/1K1R4 b - - 0 29	d8d1	536	061314191b
utzEW	3r1r1k/1R4bp/3pQ3/8/2Pqp1B1/5p2/5PPP/3R2K1 b - - 1 29	d4d1	536	0t111314191b
vIJ2x	r2qk2r/1b3pp1/p2bp2p/1p1p3n/3P4/2NP1Q2/PP4PP/R1B2RK1 w kq - 0 16	f3f7	536	0413141b1c
xgjFb	4r1k1/pp3ppp/2pbqn2/6B1/3P4/2P2N1P/PPQ2PP1/4R1K1 b - - 8 19	e6e1 f3e1 e8e1	536	0y1315191f1o
yc3wx	k1r5/pr3p1p/3B1np1/q7/8/4P3/P2NbPPP/2R3K1 w - - 0 22	c1c8 b7b8 c8b8	536	1315191d1k1o
0XT1L	r1b3k1/p1q3pp/2p1p3/2ppP3/3Pp3/1P2P3/PB3QPP/5RK1 w - - 0 20	f2f8	537	0p13141b
1r67D	1b4k1/5ppp/2R1pq2/3p4/P2P4/5N2/1P3PPP/6K1 w - - 0 24	c6c8 f6d8 c8d8	537	060p0s13151o
2NLoE	3Rn1k1/p4ppp/8/8/2P1p3/4B3/Pq3PPP/6K1 w - - 0 23	d8e8	537	060p0t13141b
3J8Ke	8/6p1/5b2/2R5/6Pk/5K2/r7/8 w - - 3 52	c5h5	537	0p13141b
3d9Hz	r1b1k1nr/ppp2ppp/3p4/2b1q3/3NP1n1/1BP1BQ2/PP3PPP/RN3RK1 b kq - 7 10	e5h2	537	0y13141b1c
4LIMy	3r3k/pp2Q1p1/5p1p/8/4B3/P1P5/KP2q3/8 w - - 0 30	e7d8	537	0p13141b
4tBq3	6k1/4bpp1/2q1p1np/1pp1P3/5n2/1P2Q1BP/PN1N1PP1/6K1 b - - 3 28	c6g2	537	0y1314191b
6DHoq	r1qb1rk1/3b1ppp/3p1P2/2pPp3/pp1nP3/1P1P2QP/P5PN/R1BB1RK1 w - - 1 19	g3g7	537	0y1314191b
6VLDn	2r3k1/5ppp/p7/8/8/1QBqb3/PP4PP/5R1K b - - 5 26	d3f1	537	0p0t13141b
8F2AC	7k/2NR4/8/p3pB1P/4Pb2/2P5/1r4P1/7K b - - 2 40	b2b1 d7d1 b1d1	537	0p13151f1o
AFPWN	8/3R4/6p1/8/4R2P/6Pk/2r2P2/6K1 b - - 0 36	c2c1 d7d1 c1d1 e4e1 d1e1	537	0p1013161m
CPmyI	r1bqk2r/ppp2pp1/3p3p/4p3/2B1P1n1/2NP1Q2/PPP3PP/R1B1b2K w kq - 0 12	f3f7	537	041314191b
CS0ca	r2q1rk1/pp3pp1/2n4B/4P2b/4p2P/P1P3Q1/P4PP1/RB2K2R b KQ - 0 16	d8d1	537	1314191b
DNMOk	4r1k1/ppp2pp1/7p/4r3/8/1BNR4/PPP3PP/3R3K b - - 3 25	e5e1 d1e1 e8e1	537	060p13151o
DbMPZ	r1bq1rk1/ppp2ppp/3b4/8/2n5/P1Q2N2/1B3PPP/R4RK1 w - - 0 16	c3g7	537	0y1314191b
EZTBA	4R3/ppQ5/5qk1/5p1p/P1b3p1/8/2P3PP/7K b - - 0 32	f6a1 e8e1 a1e1	537	060p13151o
FW6oa	8/2p2kB1/3p1P2/4p3/P2p2P1/1p1P1R2/1P4r1/1K6 b - - 0 34	g2g1 f3f1 g1f1	537	0p13151o
Gv1bD	8/8/3k4/p2P2p1/P2K3p/7P/5P2/8 b - - 0 41	g5g4 h3g4 h4h3 g4g5 h3h2	537	000g0p101e
JVcV5	r1b3k1/pp3ppp/8/2p3n1/2B1n3/8/PPP3PP/2KR3R w - - 0 18	d1d8	537	1314191b
Kav3i	rn1q1rk1/pp3pp1/2pb3p/3p2N1/3n4/2NQ4/PPP2PPP/R1B2RK1 w - - 0 12	d3h7	537	13141b1c
Llbto	r4r2/ppq1bpkp/2p1bNp1/3pP3/7Q/1BP5/PPP3PP/2KR1R2 w - - 4 19	h4h7	537	1314191b
LoN6J	6k1/p1p3p1/1pn4p/3rp3/8/4P1PP/PP3PB1/6K1 w - - 0 24	g2d5 g8f8 d5c6	537	010p0s1o
M9pNC	4r1k1/1p3ppp/p2r4/6q1/Q2n4/P1P4P/1P3PP1/R4RK1 w - - 0 24	a4e8	537	0t0y1314191b
MYjPD	4rk2/ppqn1p1p/2pb4/6r1/3P4/2N2Q1n/PPP4P/R4R1K w - - 0 18	f3f7	537	1314191b
OvWhE	5k2/R4p2/5P1p/1P4p1/5p2/pr3P1P/6P1/6K1 w - - 2 44	a7a8	537	0p13141b1m
PgE49	r6r/ppq2pk1/2p2p2/3p1B2/3P4/2P1PP2/P1Q2P1P/R4RK1 b - - 2 17	c7h2	537	0y1314191b
PlVQe	3n2k1/pp3p2/6pp/5q2/5P2/P1B5/1PP3PP/2KR4 w - - 0 29	d1d8 g8h7 d8h8	537	0p13151d1o
PlvRy	r2qk2r/5p2/ppb1P2p/2p5/P7/2bPn3/B1P2QPP/R4RK1 w kq - 0 20	f2f7	537	041314191b
QQffa	r1bqrk2/ppp3pp/5n2/8/2Q5/8/PP2NPPP/R1B2K1R b - - 0 14	d8d1	537	1314191b
RhCpw	R1r3k1/5p1p/4p1p1/1r6/3B4/4P2P/5PP1/6K1 w - - 2 27	a8c8	537	0p0t13141b
RpZOI	r6r/p1Q1bkpp/2b5/1q6/3Pp3/2P2P2/PP3P1P/RNB2R1K b - - 0 16	b5f1	537	0t0y1314191b
S1s3j	3r2k1/pb1q1N2/1p2p1p1/2n1P2p/5R2/6Q1/P1B2PPP/6K1 b - - 0 26	d7d1 c2d1 d8d1	537	0y1315191n1o
SK7jW	r2qk2r/p2bpp1p/2pp2p1/4b3/2B2Q2/2N5/PPP2PPP/R4RK1 w kq - 0 13	f4f7	537	041314191b
SsD1a	2r1r3/pp1k1p1p/3b1p2/q7/3Q4/2P1P3/PP3PPP/3RK2R w K - 0 16	d4d6	537	1314191b1s
T2gWc	4rr2/pp3pkp/4q1p1/3R4/1P6/P4Q2/5PPP/3R2K1 b - - 2 27	e6e1 d1e1 e8e1	537	060p13151n1o
UzXkG	6bk/5q2/5Qpp/4Np2/5P1K/6PP/8/8 b - - 0 48	f7f6	537	0p0t13141b
VHNie	k6r/pp5p/3Q4/1Pp3p1/5p2/2q4P/Pn3PPB/3R2K1 w - - 6 29	d6d8 h8d8 d1d8	537	060p13151n1o
WaZY5	6k1/3Bppbp/3p4/p6R/4P3/1P3P2/P1P3r1/1K6 b - - 0 31	g2g1	537	0p1113141b1f
YfquM	rn3rk1/ppp2ppp/3p4/8/3BN3/1P1pP3/P1PP1P2/R2QK1Rq b Q - 2 16	h1g1	537	0t1314191b
Zbwk2	6k1/1R4pp/8/pp2rpN1/2n1p3/2P5/P1K2PPP/8 w - - 6 28	b7b8 e5e8 b8e8	537	0p13151o
cEK28	r1b3k1/p4pbp/1pn3p1/2Bq4/8/P2P1N2/1PP2PPP/R3Q1K1 w - - 0 15	e1e8 g7f8 e8f8	537	0y1315191o
cKmbQ	6k1/5pp1/8/p1q5/1p2rPPp/1P2r2P/P2R1Q1K/R7 w - - 0 31	d2d8 c5f8 d8f8	537	0g0p1o
dxjJd	2kr1b1r/ppp2pp1/8/4P2p/1PqpBPb1/P5P1/2PQ3P/RNB2R1K b - - 0 15	c4f1	537	0t0y1314191b
eziOr	r7/pp1nqkp1/5n1p/3Pp3/3P4/1P3N2/b1PQ2PP/2KR1B1R b - - 0 16	e7a3	537	1314191b
fhPck	5rk1/6pp/b7/4n3/4Q3/1PP5/P5PP/5R1K b - - 0 32	f8f1	537	060p1113141b
g4h0R	1r3k2/p7/3N1P2/8/7R/P7/1r5p/2K5 w - - 0 43	h4h8	537	0p13141b
gHwC2	rn1qkb1r/1b1pnpp1/p1p1p2p/1p2P3/2NP4/P1P2N2/BP3PPP/R1BQK2R w KQkq - 0 11	c4d6	537	13141b1c1q
jBDEV	8/8/1p3k2/1P6/P5RK/6P1/r7/8 b - - 0 55	a2h2	537	0p111213141b1m
jEYg0	4k2r/ppp3pp/4p3/2b1P3/5B2/8/PPP3PP/RN1r1R1K b k - 2 15	d1f1	537	060t111314191b
jEhzZ	6k1/q2r1pp1/p2np2p/1p1p4/1P1P4/P1QBP2P/5PP1/2R3K1 w - - 0 25	c3c8 d6c8 c1c8 d7d8 c8d8	537	0p1013161f1n
jlxa2	r1b2rk1/p1q2p2/2pbpp1p/8/1pPP4/3QnN2/PPB2PPP/R3R1K1 w - - 0 19	d3h7	537	1314191b
kXFrG	3rr1k1/p1p2p2/1p1bqp1B/8/7Q/7P/PPPR1PP1/R5K1 b - - 0 24	e6e1 a1e1 e8e1	537	0y1315191f1n1o
lMv45	4r1k1/5p1p/Q2p2p1/1p6/1P1b4/8/5PPP/4R1K1 b - - 0 32	e8e1	537	0p13141b
llz9h	r1bqk2r/ppppbp1p/2n2n2/6pQ/2BPPp1P/8/PPP3P1/RNB1K1NR w KQkq - 3 7	h5f7	537	0413141b1c
oQClM	r2q1rk1/1b1n1ppp/pp1p2n1/2pPp1NQ/P1B1P3/2N5/1PP2PPP/R4RK1 w - - 4 13	h5h7	537	0y1314191b
pmXJT	r4r1k/pp3pp1/2p1bP1p/8/4P3/2qB2Q1/P1P3PP/R4R1K w - - 1 19	g3g7	537	0y1314191b
qHmKK	8/8/8/8/4n1rk/6p1/8/2Q3K1 w - - 12 84	c1h6	537	0p13141b
qop87	6k1/p1R2p2/Qb5p/3p2p1/8/8/P4qPP/4R2K b - - 0 30	f2e1 a6f1 e1f1	537	0p13151o
rYHE2	8/kpb1r3/p7/2P1r2N/1P6/5Q1P/5PP1/3R2K1 b - - 0 36	e5e1 d1e1 e7e1	537	0p13151f1o
s0EVJ	1r4k1/5ppp/2R5/3p1r1b/8/7P/8/2R2BK1 w - - 0 36	c6c8 b8c8 c1c8	537	060p13151o
szPCK	2r3k1/5r1p/8/3Q2P1/5P2/1p3P2/1Pq4P/K1R4R b - - 1 32	c2c1 h1c1 c8c1	537	0p13151o
tDkuZ	r2q1rk1/ppp2pp1/2n1b2p/6N1/3PQ3/8/P4PPP/R1B1R1K1 w - - 0 16	e4h7	537	1314191b
twVcv	r1bk1r2/2p3p1/p6p/1p2p3/4P3/1BP1b3/PP4PP/RN3R1K b - - 1 17	f8f1	537	060t111314191b
uANZs	1n3rk1/Q4ppp/4pq2/3p3b/1NPPn3/4P3/PP3PPP/RNB1KB1R b KQ - 0 13	f6f2	537	041314191b
uBVHM	r1b2n1k/1p4p1/2p4p/p3P3/3P4/2NB4/Pq2N1PP/5RK1 w - - 0 26	f1f8	537	0y111314191b1f
us0xo	r2qk2r/pp2bpp1/2p1pn1p/3pN2Q/3PnP2/2P1P3/PP4PP/RNB2RK1 w kq - 3 12	h5f7	537	041314191b
vLcEq	8/8/p3k3/2B2p1p/3PP2P/P3R1p1/2r3P1/6K1 b - - 0 32	c2c1 e3e1 c1e1	537	0p13151o
wUNrc	6k1/5pp1/1p3n2/2p1N2p/5P2/P1Prn1P1/1P2R1BP/2K5 b - - 4 30	d3d1	537	0p1113141b
wWZyK	r3k2r/1p2ppb1/p1qp1p2/3N4/2P5/1P2Q1P1/P3P2P/R4RK1 w kq - 1 17	e3e7	537	1314191b
ww7tp	r7/8/3RR3/5p2/1k1p4/3P2pP/2P3P1/6K1 b - - 2 49	a8a1 e6e1 a1e1	537	0p13151m1o
x4EZt	r1b1kb1r/2qp1pp1/p1n1p3/1p5p/3NP1n1/PB2B2P/1PPN1PP1/R2Q1RK1 b kq - 0 11	c7h2	537	13141b1c
xZz0l	rn1q1rk1/pb1p1pp1/1p2p2p/4P1N1/1b1P4/2N5/PPQ2PPP/R1B2RK1 w - - 0 13	c2h7	537	13141b1c
yA5am	r3k2r/ppqn1ppp/2pbp3/6B1/3Pn3/3B3P/PPP2QP1/R4RK1 w kq - 0 13	f2f7	537	041314191b
ztssr	r4r1k/2qn1Bp1/7p/pp3N2/3P2nB/1QP5/P4PPP/R4RK1 b - - 0 18	c7h2	537	0y1314191b
0hbeR	1k6/1pp2p1p/8/4p3/4P3/P1P1Bq1P/5Pr1/R2R1K2 w - - 0 30	d1d8	538	0p13141b1f
23LqA	8/8/R1R5/5p2/5P2/5kP1/1r6/5K2 b - - 4 61	b2b1 c6c1 b1c1	538	0p13151m1o
2mJDO	r1b2rk1/p5b1/1n1Npq1p/1pP2ppQ/8/1B2PNP1/PP3PP1/2KR3R b - - 0 20	f6b2	538	1314191b1k
4FwTX	r1bq1rk1/5ppp/p3p3/1pnp4/1P1P4/2PQPNP1/5PP1/R3K2R w KQ - 0 18	d3h7	538	0y1314191b
55Gk2	r2r3k/p4p1n/4pNp1/2p1Pn2/7R/2PB4/Pq3PPP/5RK1 w - - 0 27	h4h7	538	030y1314191b
6pAuK	2r4k/3R2p1/2pR1N1p/1p2p3/p4r2/P1P1b2P/1P4P1/7K w - - 8 33	d7d8 c8d8 d6d8	538	0p13151o
77U3g	2r2rk1/ppq1pp1p/4b1P1/8/3QP3/5P2/PPP5/2KR1B1R b - - 0 18	c7c2	538	1314191b1k
7WVH2	8/p7/3pp1k1/5nN1/2P4P/1q4P1/4Q2K/5R1R b - - 1 40	b3g3	538	0p1113141b
7he4O	r5k1/p5pp/1n2R3/1p1p2q1/2pP4/2Pr2P1/PP2Q2P/R5K1 w - - 0 27	e6e8 a8e8 e2e8	538	0y1315191o
86t3u	r1b2rk1/p3nppp/2p1p3/5q2/2P3Q1/8/PB3PPP/R3KB1R w KQ - 1 15	g4g7	538	0y1314191b
CN4eT	5k2/8/R7/2N5/Pp6/7p/1r5P/7K b - - 1 42	b2b1	538	0p13141b
Cri2u	6k1/pbQ2pp1/8/4p3/6q1/P5P1/BP3P1P/3R2K1 b - - 0 27	g4d1	538	0p13141b
DaGwb	8/6pk/4b2p/5p2/3p1P2/3Bq3/P1Q3PP/7K b - - 1 28	e3e1 d3f1 e1f1	538	0p13151o
Dssui	r1b3k1/p4ppp/2p5/3p4/P7/6P1/KPq5/2b1R3 w - - 2 27	e1e8	538	060p13141b
Ee7kt	4r1k1/ppp2ppp/3p4/1Qnq4/8/2P3P1/PB3P1P/6K1 w - - 0 23	b5e8	538	0p0t13141b
Ems7a	r2q1rk1/3b1pp1/1n1p3p/2pPb3/ppP2p2/1P1Q2NP/P1B3PN/R3R1K1 w - - 0 24	d3h7	538	1314191b
FjuXz	3rk3/N5R1/5r1p/2pBp3/2Pb4/1P6/P1R3PP/7K b - - 0 28	f6f1	538	061314191b
Hl2kN	rn1q1rk1/p4pp1/1p2pb1p/2p3N1/8/2P3P1/PPQN1PbP/R1B2RK1 w - - 0 14	c2h7	538	1314191b
JuJGi	2rqr1k1/1p3ppp/8/p2n4/1b1Q2b1/1P2P1P1/PB3PBP/R4RK1 w - - 0 17	d4g7	538	0y1314191b
KGXfi	4r1k1/8/3r3R/p1p5/5N2/2P4P/PP2RPP1/5K2 b - - 0 35	d6d1 e2e1 d1e1	538	0p13151o
MOMhs	2kr3r/ppp1Qp1p/2q4p/4N3/3P4/7b/PP3PP1/RN2R1K1 b - - 1 16	c6g2	538	0y1314191b
Md6wy	3rk2r/5ppp/2q1p1n1/6B1/1p6/5P2/1P3P1P/3RR1K1 w k - 0 25	d1d8	538	1314191b1d
NdoAS	rn2kbnr/ppp2pp1/7p/4qbB1/8/2N2P2/PPP1B1PP/R2QK1NR w KQkq - 0 9	d1d8	538	13141b1c
QLrVt	8/p1p2k1p/1p2rQp1/8/4N3/2P4P/P5PK/8 b - - 0 28	e6f6 e4f6 f7f6	538	010p1o
SBXbS	r5k1/q4ppp/1p6/nB1n4/8/2P1R3/PP3PPP/4R1K1 w - - 0 21	e3e8 a8e8 e1e8	538	061315191o
UDr1s	r1b1Qr1k/pp5p/2p5/P2p1p2/BR6/2q2P2/6PP/1n5K w - - 2 34	e8f8	538	0t0y1314191b
URM11	5r1k/5p1p/p2Q1Pp1/q1pP4/2P1r3/7P/8/2R2RK1 w - - 0 29	d6f8	538	0p0t13141b
UWoHM	rnb2r1k/ppq3pp/8/8/2BBP2b/1P3QpP/P1PP4/2KR2R1 w - - 0 18	f3f8	538	0t0y1314191b
VTbRu	r3r1k1/pbpp1p1p/1p4p1/n5q1/1PP5/P3P3/B2P1PPP/R1BQ1RK1 b - - 0 15	g5g2	538	0y1314191b
Vhy22	6k1/5p2/1R2p3/p5p1/4BnP1/6K1/rB1r4/8 w - - 3 42	b6b8 d2d8 b8d8	538	0p1113151f1o
Vkr4U	r4rk1/4bppp/p3pn2/3p2B1/Nq6/1P1R1Q2/P1P2PPP/4R1K1 b - - 0 18	b4e1	538	0t0y1314191b
Xgn72	1r4k1/4npp1/4p2p/p3q3/4B3/P3PP2/1P1Q1P2/1K1R4 w - - 0 28	d2d8 b8d8 d1d8	538	0p13151f1n1o
aLWz4	k5r1/pp6/3Q4/1P5p/P5pP/5pP1/5q2/3R3K w - - 2 41	d6d8 g8d8 d1d8	538	060p13151n1o
bht73	r3kb1r/1pqnppp1/2p2n2/p7/P1BPP1p1/2N5/1P1N1PP1/R1BQ1RK1 b kq - 1 11	c7h2	538	1314191b
eKQFg	2r4k/1p2B2p/p3b3/3pN3/3P4/1P2p1R1/P2b2PP/6K1 b - - 1 33	c8c1	538	0p13141b
fYxKC	4r1kr/1pp2p1p/p1np1p1B/5q2/2B5/8/PPPK2PP/4R2R w - - 0 19	e1e8	538	0y1314191b1f
gn9WC	r1b1r1k1/pp3p1p/2p2ppB/q5N1/1P6/3n4/P1P2PPP/3RR1K1 w - - 0 19	e1e8	538	0t0y1314191b1f
hVuz7	2r2r1k/ppR3p1/6b1/4Q3/8/7P/P1p3PK/8 w - - 0 32	e5g7	538	0p13141b
hpHpK	r2qkb1r/ppp2pp1/7p/2n1p3/8/5Q2/PPPP2PP/RNB2RK1 w kq - 0 13	f3f7	538	041314191b
iER0m	k2rr3/ppQ5/5Bp1/1P6/8/8/P4PPP/4R1K1 b - - 0 26	e8e1	538	060p13141b
iL6fr	4rk2/ppp1q1p1/2np2n1/6P1/2B1P2Q/5r2/PPP2P2/2K4R w - - 5 26	h4h8 g6h8 h1h8	538	1315191f1n1o
mXsMv	r4rk1/ppb2ppp/3qpB2/3p4/3P4/3P4/PP2QPPP/RN3RK1 b - - 0 14	d6h2	538	0y1314191b
mY23d	2kr4/2q2pQ1/p2p1p2/1p2pP2/4P1P1/1N2n3/PPP5/2KR1B2 b - - 0 22	c7c2	538	111314191b1k
mZnpp	rnb3k1/p1q2ppp/1p6/2p4n/2B5/P7/3B1PPP/2R1R1K1 w - - 0 25	e1e8	538	1314191b
o99eH	r4rk1/pp1n2p1/2p4p/q2p1N2/3P2Qb/3Bp3/PP4PP/R4K1R w - - 0 18	g4g7	538	0y1314191b
pUGuT	8/8/7K/1p1p2P1/p7/P1k5/8/8 w - - 0 56	g5g6 b5b4 g6g7 b4b3 g7g8q	538	000g0p101e1h
t1bq0	5rk1/3R1pp1/p3p2p/8/r1p2P2/6Q1/2P2PPP/R5K1 b - - 0 26	a4a1 d7d1 a1d1	538	060p0t13151j1o
u72F3	r3r1k1/pp2qppp/3b4/8/3Bp1Q1/2P5/PP3PPP/R3R1K1 w - - 2 19	g4g7	538	0y1314191b
z5Hij	r2qkbnr/1b1ppppp/p1n5/1pp1P3/2B5/2N2Q2/PPPP1PPP/R1B1K1NR w KQkq - 0 7	f3f7	538	0413141b1c
0ytAt	6k1/pq3ppp/1p3b2/5N2/1P3N2/P7/1B1r1PPP/4R1K1 w - - 0 30	e1e8	539	1314191b
12iUd	r1b1k1nr/p2p1ppp/1bp2q2/4p3/1P2P3/P1N3P1/1BP2PBP/R2QK2R b KQkq - 2 11	f6f2	539	0413141b1c
2vS7T	3r1rk1/pb3pp1/1ppbpq1p/6N1/2PP3P/P2Q2P1/1P3PB1/R3K2R w KQ - 2 17	d3h7	539	1314191b
4hYeo	r3k2r/ppp2ppp/8/3Pp1q1/8/5N1b/PPP2PPP/R2Q1RK1 b kq - 3 12	g5g2	539	0y1314191b
4jebU	2r2k2/5p1p/p6b/1p1p1p2/3PnP1B/1P2P2P/PqN3QK/6R1 w - - 0 37	g2g8	539	111314191b
52Tly	r2q1r2/pp2Nppk/3n4/8/3R4/8/PP3PPP/2K4R w - - 0 19	d4h4	539	021314191b
6H0IW	6k1/7p/2bp2p1/2p1p3/1pP5/1P1PQ1RP/5P1K/q7 b - - 2 30	a1h1	539	0p13141b
84YJF	rn3k1r/pp2p1b1/2p2nBp/4q1p1/2P4P/5bP1/PP3P2/R1BQ1K2 w - - 0 17	d1d8 f6e8 d8e8	539	13151c1o
8fHTO	r3q1k1/1b3ppp/1p6/2p5/3P1P2/2P3P1/PP2R2P/2K1R3 w - - 0 32	e2e8 a8e8 e1e8	539	060p13151o
8ibwu	1n3rk1/2rnqppp/pp2p3/1b1pP1N1/3P3P/3Q2P1/PPP2PB1/R3K2R w KQ - 2 15	d3h7	539	0y1314191b
8zlJe	4r1k1/5pp1/2R4p/3p1B2/3Q2n1/1N6/PP4Pb/7K b - - 0 29	e8e1 d4g1 e1g1	539	1315191o
91OTV	r5k1/pp3ppp/8/3pq3/2p3n1/2P1P2P/PPQ2PP1/R4RK1 b - - 0 18	e5h2	539	0p13141b
9pa2j	4rk1r/p1N2pp1/6b1/6qp/6P1/3P3P/PPP2P2/R3R1K1 w - - 0 21	e1e8	539	1314191b
ANmfi	r4r1k/pppq2pp/3p4/4p3/2B3b1/2NPB2P/PPP2RP1/5RK1 w - - 0 18	f2f8 a8f8 f1f8	539	061315191o
BjlQR	7k/ppq3b1/4Q1Bp/4p3/8/P4P2/KPPr4/8 w - - 3 39	e6e8 g7f8 e8f8	539	0p13151o
Bp6tu	r1b1qrk1/ppp2ppp/2n1p3/6b1/4Q3/3B1N2/PPP2PPP/3R1RK1 w - - 0 12	e4h7	539	0y1314191b
ElGe4	r1b2rk1/ppp1P1pp/8/2b1P3/3p4/2P5/PP4PP/RNB2R1K b - - 0 17	f8f1	539	060t1314191b
FeOHI	r2qkb1r/pp1np3/4p1p1/3p2P1/7P/3B3R/PPPB1P2/R3K3 w Qkq - 0 19	d3g6	539	0a1314191b
FjGnn	8/8/8/2k5/5R2/1pP5/1P5r/1K6 b - - 16 52	h2h1 f4f1 h1f1	539	0p13151m1o
GAdu4	r1b2rk1/pppq1ppp/3b3n/6N1/2n5/3Q1N2/PP1P1PPP/R1B2RK1 w - - 0 12	d3h7	539	0y13141b1c
GGdJE	1Q6/1p4bk/p5p1/2p1P1pq/3p3n/1P6/P1P2P2/3R1K1R b - - 0 31	h5d1	539	0p0t13141b
H8ief	2r3k1/pp2p2p/3q2pB/4n3/5R2/2P4P/6P1/5R1K w - - 2 28	f4f8 c8f8 f1f8	539	0p13151d1o
HLd8z	1k3r2/pppQ2p1/8/4p3/8/1P4pP/P1P2qP1/3R3K w - - 2 25	d7d8 f8d8 d1d8	539	060p13151n1o
Hga8q	r1b2rk1/pp3ppp/8/q3p3/4QP2/2nB4/P1P3PP/R1B2RK1 w - - 0 15	e4h7	539	0y1314191b
HjH2s	r2qkb1r/pppbp2p/2n5/3p1P2/3Pn2p/2P1P2B/PP3P1P/RN1QK1NR w KQkq - 0 9	d1h5	539	13141b1c
Iy82L	r4rk1/1b2R1pp/p4p2/1ppq1P2/3p1P2/1P1Q2N1/P1P3PP/5RK1 b - - 3 20	d5g2	539	0y1314191b
LQGGK	r1b2rk1/1p3pp1/p1n1p2p/3pN1q1/3P1n2/2P2N1P/PPB2PP1/R2QR1K1 b - - 5 16	g5g2	539	0y13141b1c
LXhHF	1k4r1/7p/2p1p3/P3P3/1p1q4/5Q2/1P5P/6RK b - - 0 31	g8g1	539	0p13141b
LaS0F	3k4/5R2/4p3/4R3/4N3/3P3P/qr6/5K2 b - - 0 30	b2b1	539	0p13141b
NXPgU	2kr4/1pp2p1p/pnQ2bp1/8/2P5/N7/PP3PPP/R1B3K1 b - - 0 17	d8d1	539	061314191b
NjnZ1	4r1k1/r4npp/p2P4/2N5/2Np4/1P4PP/P5K1/4R3 w - - 0 32	e1e8	539	060p0t13141b
OWXVq	r3k2r/bpp1npp1/p6q/3pQP2/PP4P1/1BPP1N2/5P2/R4RK1 b kq - 0 21	h6h1	539	1314191b
OaQuh	r2kr3/ppp2p1p/3b1p2/1B4q1/2PP2b1/8/PP4PP/RN2R1K1 w - - 0 19	e1e8	539	1314191b1d
Pwftj	6k1/6pp/p3P3/2p2P2/P3p3/4P3/1R3KPP/3q4 w - - 0 33	b2b8 d1d8 b8d8	539	0p13151j1o
QpHtS	Q4b2/5q1k/6R1/p1p2PpP/1n4P1/2P5/P1B5/1KB5 b - - 0 36	f7a2	539	111314191b
Qq3TZ	r4rk1/ppq2p1p/5pbQ/7P/8/5P2/PPP2P2/2KR1BR1 b - - 0 18	c7c2	539	1314191b1k
RgCH2	r5k1/pp3ppp/1np2bq1/8/2P1Q3/6P1/PB1r1P1P/1R2RBK1 w - - 0 21	e4e8 a8e8 e1e8	539	06111315191n1o
Rtkiy	5rk1/6pp/p7/3P4/8/7n/2Q3RP/5R1K b - - 0 33	f8f1 g2g1 f1g1	539	0p13151o
S6N3U	8/1kq5/1p6/p5P1/5Q2/8/7K/8 w - - 1 47	f4c7 b7c7 g5g6 a5a4 g6g7	539	000g0p101i
SP0j1	4r1k1/p5pp/1pQ2n2/5pN1/1P1P1Pn1/8/2P1r1PP/R5K1 b - - 4 26	e2e1 a1e1 e8e1	539	0y1315191o
SZy2K	rn1qk1nr/pp3ppp/2pb4/4Nb2/2QPp3/8/PPP2PPP/RNB1KB1R w KQkq - 0 7	c4f7	539	0413141b1c
TsrG9	3bk1r1/2p2p2/p1P2B2/1p5p/4p3/1P2q3/P1P4P/1K1R3R w - - 0 21	d1d8	539	0p13141b1d
Uwp2u	2r3k1/4nppp/4p3/3nP1NQ/7P/Pp1R4/1P4P1/1KN2q2 b - - 3 28	f1c1	539	1314191b1k
WKH7o	r1b2rk1/ppq1ppbp/2p3p1/2P3B1/2BPP1n1/1Q6/P2N1PPP/1R3RK1 b - - 7 18	c7h2	539	0y1314191b
Wvwhq	r1b1q1k1/ppp3pp/3p1b2/5p2/4Q3/3B4/PPP3PB/5RK1 w - - 0 21	e4e8	539	0t0y1314191b
XFNIg	rn1q1rk1/1p3ppp/p1pbpn1B/8/3P4/2N3QP/PPP1BPP1/R4RK1 w - - 8 14	g3g7	539	0y1314191b
XnXnK	r1r3k1/2q2pp1/p2bpn2/1p1p4/2pP1P1Q/1P2P2R/PBP3PP/R5K1 w - - 0 19	h4h8	539	1314191b
Z0GuY	2r3k1/1b3pp1/pnq1p2p/1p1p4/1B1P4/P1N1P2P/1PQ2PP1/1B3K2 w - - 11 27	c2h7	539	1314191b
Ztq5o	rn1qkb1r/pb1pp1n1/1p4p1/3pP2p/1PP5/2N2N2/P1Q2PPP/R1B2RK1 w kq - 0 13	c2g6	539	13141b1c
ZuAUL	r3r1k1/pppq1ppp/3b4/3pBb2/3P4/2P3Q1/PP3PPP/RN3RK1 w - - 5 15	g3g7	539	0y1314191b
arf3j	5r1k/p1p3p1/1p2p3/3b2Bn/3P4/P2B4/1P4PP/5RK1 w - - 0 26	f1f8	539	0p0t13141b1f
cadgT	r1br3k/2q1b1pp/2p1B3/ppn1p3/4Pp2/2NQ1N1P/PPPR1PP1/3R2K1 w - - 2 21	d3d8 e7d8 d2d8 c7d8 d1d8	539	0610131619
cmNwB	r2q1rk1/1p2bpp1/p3b2p/2p1P3/4Q3/2nB4/PPP3PP/R1B2RK1 w - - 0 16	e4h7	539	13141b1c
cx8GK	r4rk1/pppq1ppp/4p2b/3pP1N1/7P/2P1P1n1/PPQ2PP1/R3K2R w KQ - 0 17	c2h7	539	0y1314191b
d8Sbg	5rk1/pp2q3/2p1bpp1/3rn2p/5N1P/2Q2P2/PPP3P1/1K1R1B1R b - - 1 23	d5d1	539	0t1314191b1k
dPMe2	2rqr3/1b1nbk2/p3pnpB/8/1p1P4/2N4Q/PP3PPP/R3R1K1 w - - 0 19	h3e6	539	1314191b
etc9T	r2br1k1/1pp3p1/p1np2Pp/3N4/P5P1/1P5P/2P2B2/R2nR1K1 w - - 0 24	e1e8	539	0t0y1314191b
fodjB	8/1Q6/8/6p1/6P1/2K5/6k1/5q2 b - - 1 73	f1f3 b7f3 g2f3	539	0g0p1i1o
gzf8P	r2qr1k1/p3n2p/1p2RQB1/2p2p2/8/2P3R1/P4PPP/6K1 b - - 0 31	d8d1 e6e1 d1e1	539	0y1315191o
hsJBm	Q7/p2q1p1k/1p4pp/5p2/P2Bn1PP/2P5/2P5/6K1 w - - 0 29	a8h8	539	0p13141b
iXY4A	r7/5pk1/2p5/2Bb4/7R/6P1/5P2/6K1 b - - 4 38	a8a1 g1h2 a1h1	539	0p13151d1o
kUZvr	4r2k/1p5n/p2p4/6Q1/5R2/8/PPP3PP/7K b - - 0 30	e8e1 f4f1 e1f1	539	060p13151o
lCEND	6k1/1p1r2Pb/pqpPr2p/4B3/1P6/P7/2P3BP/5RNK w - - 0 31	f1f8	539	111314191b
olClU	2kr3r/p1p1b3/1P1p3p/1q2pbp1/8/2QPBPRP/1PP4R/2K5 w - - 1 24	c3c7	539	1314191b1k
r9B9w	r1bq1rk1/ppp2p1p/2n3p1/8/3bNP1P/3B4/PPP3P1/R1BQ1R1K b - - 2 12	d8h4	539	0y13141b1c
s51ZV	rn2r1k1/ppp2ppp/8/8/8/BBq2P1P/P1P2P2/R3R1K1 w - - 0 18	e1e8	539	0y1314191b
tOiTq	8/6kp/2P3p1/2R2p2/1P3P2/4RKPP/r2r4/8 b - - 1 44	d2f2	539	0p0q1113141b1m
tdhua	3r2k1/1b3p1p/4p1pR/1p2P1Q1/p3p3/P1P5/BP1r1PPP/R5K1 b - - 0 24	d2d1 a1d1 d8d1	539	061315191o
vOb6c	2r2rk1/1pp2p1p/p2p4/8/2P1pPq1/1P6/PB4PP/R2Q2K1 w - - 0 21	d1g4	539	0p0t13141b
vPU8x	r5k1/p1p2ppp/1bp1r3/3b4/1P4Q1/P1B5/2q3PP/1N1R3K w - - 9 24	g4g7	539	0y1314191b
y7ikC	6k1/1pP3pp/p7/3p1p2/3P1b1P/P4qn1/1B2QP2/2R1K1R1 b - - 0 33	f3e2	539	1314191b
yDsFY	2r1k1r1/1p2nnp1/pB3R2/8/N5Q1/1P6/P4PPP/2R3K1 b - - 0 33	c8c1 g4d1 c1d1	539	060t1315191o
yn5jg	r1b2rk1/2p2pp1/p2p1q1p/2bP4/2Pn2P1/3Q1N2/1P3P1P/RBB2RK1 w - - 1 19	d3h7	539	1314191b
zOtpH	7k/1R4p1/6Kp/7P/5P2/6P1/p7/6r1 w - - 2 38	b7b8	539	0p1113141b1m
zmuFE	r4rk1/1b2qppp/p3p3/1pPp4/1Pn2P2/P1NQ4/6PP/RB3RK1 w - - 3 19	d3h7	539	0y1314191b
0ZsVl	8/5rk1/6p1/6Kp/3R3P/4P1P1/5P2/8 b - - 3 53	f7f5	540	0p13141b1m
1UfWZ	r1b1k2r/pp3ppp/2p1p3/4q1B1/2P1p3/2P1P3/P4PPP/R2Q1RK1 w kq - 0 13	d1d8	540	1314191b
2OynA	r2qk2r/pppn1ppp/8/3Bp1b1/4P3/5Q2/PPP2PPP/R3K2R w KQkq - 0 11	f3f7	540	041314191b
3Bm3C	k2r2r1/p3R3/1p3p1p/1q1p2p1/3P4/7P/2P2PPB/R5K1 w - - 0 29	a1a7	540	0p13141b1f1k
3f5xy	6k1/Rr1p1ppp/3Pp3/3b4/8/8/4BPPP/6K1 w - - 3 29	a7a8 b7b8 a8b8	540	060p13151o
3zSMT	4r1k1/2q2ppp/4p3/RQ1pN3/3Pn3/6PP/7K/8 w - - 2 32	b5e8	540	0p0t13141b
4BPiX	3r4/k1pr1p2/p1p4p/6p1/5PP1/1R5P/PPP2n1B/2K2R2 b - - 6 26	d7d1 f1d1 d8d1	540	0p13151k1o
4SgK7	6k1/pp3R2/6pp/3q1p2/8/4Q2P/3r2PK/8 w - - 1 38	e3e8	540	0p13141b
4ewiP	r7/1b2pQbk/6p1/pppqP2p/8/P1PP3P/2PB2P1/R4R1K b - - 0 21	d5g2	540	0y1314191b
5nuPX	6k1/5p2/1R2pBp1/7p/8/8/r4PbP/4K3 w - - 0 28	b6b8 g8h7 b8h8	540	0p13151o
8s59h	5rk1/5pp1/7p/3Q2n1/3P4/P5Bq/1P5P/5R1K b - - 2 44	h3f1	540	0p0t13141b
8tjA5	r2br1k1/1R4p1/2p1qp1p/p1Pp3Q/P1bP4/5NB1/5PPP/4R1K1 b - - 1 27	e6e1 f3e1 e8e1	540	061315191o
8wTQR	r1bq1rk1/5pp1/p2bp2p/3p4/3Q1P2/1P4P1/PBP3BP/R4RK1 w - - 0 17	d4g7	540	0y1314191b
8yQxC	rnbk3N/ppppqBp1/3n3p/8/8/3P1Q2/PPP2bPP/RNB2K1R b - - 2 10	e7e1	540	13141b1c
AKkb5	8/4rk2/5p2/5Kp1/3N2P1/8/3N4/8 b - - 6 52	e7e5	540	0p1113141b
AMN3a	1r3rk1/3nbppp/bqn1p3/pp1pP3/3P4/P4NP1/1PQ1NP1P/RBB1R1K1 w - - 2 18	c2h7	540	0y1314191b
BshPd	r2q2r1/pp5k/3p3p/2p2P2/2bnPQ1n/2N1B3/PPP3BN/4R1K1 w - - 1 22	f4h6	540	111314191b
D3zMZ	2Q5/6pk/1R5p/3p4/8/5n1P/5qP1/7K b - - 2 36	f2g1	540	0p13141b
Dpv8P	1r3n1k/5Rpp/4p3/2p1P1PP/2P1q3/4B3/Pr4P1/5R1K w - - 0 32	f7f8 b8f8 f1f8	540	061315191o
FBaCf	5k2/8/3p4/8/2P1Bp2/5Rb1/2r3P1/7K b - - 4 47	c2c1 f3f1 c1f1	540	0p13151f1o
FIMPp	rbbq1rk1/pp3ppp/5n2/3ppN2/2P3Q1/1P2P3/PB1N1PPP/R3K2R w KQ - 1 13	g4g7	540	0y1314191b
FgF8d	r2qk2r/1b1p1ppp/p3p3/1p5Q/3Nn3/3nP3/PPP3PP/RN3RK1 w kq - 0 13	h5f7	540	0413141b1c
HByRB	r2qk2r/p4ppp/2p5/n3p1N1/B5n1/2PQ4/PP3bPP/RNB2K1R b kq - 0 13	d8d3	540	0t1314191b
HY0Su	rn3rk1/1pqb1ppp/p3p3/8/3NQ3/P2B1P2/2P3PP/R4RK1 w - - 3 16	e4h7	540	0y1314191b
IGpzr	2r4k/1b4q1/p7/4PQ2/2p4P/P3P3/2P3P1/5R1K b - - 2 32	g7g2	540	0p13141b
IXYen	2k1r3/1pp4p/1b2p3/3pR2Q/P2P3P/q1P1K3/8/8 w - - 1 31	h5e8	540	0p0t13141b
Ifiqu	2bk1nr1/2r3qp/p1B1p3/2bpP2Q/2n2P2/P5N1/2P3PP/R1B2R1K w - - 13 25	h5e8	540	111314191b
JZubp	2rq1rk1/1b2bpp1/pn2p2p/1p2p3/3P4/2NQ1N2/PPB2PPP/R2R2K1 w - - 0 18	d3h7	540	1314191b
KF3xX	r1bqkb1r/ppp2ppp/2n5/4p3/2B1n3/5Q2/PPPP1PPP/RNB1K2R w KQkq - 0 8	f3f7	540	0413141b1c
LGjaI	r5k1/1b3ppp/4p3/4q3/8/1P1Q4/P4PPP/3R2K1 w - - 0 23	d3d8 a8d8 d1d8	540	060p13151n1o
MuleI	r1b2rk1/ppq1ppbp/2p3p1/8/4P1n1/2NB1Q1P/PPP2PP1/R1B2RK1 b - - 0 11	c7h2	540	13141b1c
N4cle	3b4/3B1p2/2P1pk1p/3p1bp1/3P4/2r1P2P/3R1PPB/6K1 b - - 0 28	c3c1 d2d1 c1d1	540	060p13151o
NsUtu	8/5pp1/7k/2R5/8/1P3p1B/P3r2P/7K b - - 0 43	e2e1 h3f1 e1f1	540	0p13151o
ODdOU	r1b2k1r/1pp2ppp/p7/4N3/B3p3/6q1/PPP5/RNBQ1K2 w - - 0 15	d1d8	540	1314191b
OSyCv	6k1/1p3ppp/8/8/8/3Pr3/7P/R6K w - - 0 35	a1a8 e3e8 a8e8	540	060p13151m1o
SXU1E	3r2k1/1pq2pp1/p1p2b1p/2Pr4/1P1pR3/3Q2P1/PB3P1P/4R1K1 w - - 0 31	e4e8 d8e8 e1e8	540	0y1315191o
TQFNM	5k1r/pppr1Ppp/8/5R2/3P2N1/2P5/PP1q2PP/4R2K w - - 7 28	e1e8	540	0p13141b
Tkfgs	4r1k1/p2Q1ppp/1p6/8/3P4/2P1B1P1/q3rP1P/5RK1 w - - 0 28	d7e8	540	0p0t13141b
U7JHz	4r1k1/p1p2p1p/1pn2pqB/8/6P1/2P5/PP3P2/K3Q2b w - - 0 28	e1e8	540	0p0t13141b
VhshU	rn2kb1r/ppq2ppp/4p3/3N1b2/8/5P2/PPPBQ1PP/2KR2NR b kq - 0 12	c7c2	540	13141b1c1k
Wqhp2	2kr2nr/bppq3p/p7/P3pp2/1P2Q1b1/6P1/2PB1PBP/RN3RK1 w - - 0 17	e4b7	540	13141b1c1k
bbC1W	r1b3kr/pp1pqNbp/3N2p1/2p5/3p4/5Q2/PPP2PPP/R1B1R1K1 b - - 2 17	e7e1	540	0t0y13141b1c
c25Zd	2R2nk1/4pp1p/1r1pb1pB/1p6/1N1bP3/1P3P2/P3B1PP/5K2 w - - 4 26	c8f8	540	0y1314191b1d
c6EUu	r2q1rk1/1pp1n1p1/1p1p3p/3P1p1B/1P1QPP2/P1B5/6PP/R4nK1 w - - 0 21	d4g7	540	0y1314191b
ca6iF	r1k2br1/p7/2p1Pp2/3p3p/2p1pB2/1R6/P1P3PP/1R4K1 w - - 0 31	b3b8 a8b8 b1b8	540	0p13151d1k1o
cmVge	rn3r1k/pp4pp/3Q4/5bq1/4p3/2P4P/P1P2PPN/3R1RK1 w - - 0 19	d6f8	540	0t0y1314191b
dn6zZ	3k4/8/7p/8/Pp6/1r1p3P/3R1PP1/5K2 b - - 1 42	b3b1 d2d1 b1d1	540	0p13151m1o
fA8NJ	8/2br2pk/5p1p/p1P2P2/2Qp1q2/1P5P/5BP1/5R1K b - - 4 35	f4h2	540	0p111213141b
fHZP9	rn2k2r/ppp5/5p1b/3p4/3Pp1P1/2P1P1p1/PP4P1/RN3BKR b kq - 0 17	h6e3	540	0y1314191b
fTWmu	6k1/5rpp/bp6/p7/8/1B5P/Pq3PP1/R2R2K1 w - - 0 25	d1d8	540	0p1113141b1g
fl7Dr	B3kbnr/p4ppp/b1np4/4p3/1p2P2B/1P6/P4PPP/4K2R w Kk - 0 15	a8c6	540	0a1314191b
h57Uz	2k5/p1p4R/1pP5/8/1P6/1R2K3/5pr1/5r2 w - - 0 43	h7h8 g2g8 h8g8	540	0p13151m1o
i3qo6	8/pk4pp/2p3r1/2Bpp3/5P2/2P4n/PP2RP1P/6RK b - - 0 33	g6g1	540	0p13141b
lT7lJ	r4rk1/ppb2ppp/2nq4/3P1p2/8/PP2PQ2/1B1N1PPP/R4RK1 b - - 0 15	d6h2	540	0y1314191b
lo3df	r2qkb1r/ppp2pp1/2n2n1p/4p3/2B1P1b1/2P3QN/PP3PPP/RNB1K2R b KQkq - 3 8	d8d1	540	13141b1c
n4dUs	8/p3R3/1p4rk/6N1/2P4P/1P3KP1/r7/8 w - - 2 44	e7h7	540	0p0u13141b
nMuBd	4r1k1/p2Q1pp1/3b2bp/2pP4/8/1B3N1P/P3qPP1/4R1K1 b - - 6 32	e2e1 f3e1 e8e1	540	0y1315191f1o
nRemd	k7/p3Rp1p/qpK2p2/2p5/8/8/7P/8 w - - 0 43	e7e8 a6c8 e8c8	540	0p13151j1o
ndHYs	1k1r1b1r/1ppbpppp/p4n2/7q/3P4/1QN1P1P1/PP1K1nBP/R1B3NR w - - 0 13	b3b7	540	13141b1c1k
nwTsG	7r/1p3pk1/6pp/2n5/2Qbp1qP/5R2/PP2K3/4RB2 w - - 0 36	c4f7	540	111314191b
r91sh	2Rr3k/6pp/8/4q3/4p3/7P/4KPP1/2r5 w - - 0 42	c8d8 e5e8 d8e8	540	060p0t13151j1o
rekCn	8/R7/3p1p1k/1PpPb1pp/1r6/3B1K2/8/8 w - - 2 46	a7h7	540	0p1113141b1d
rfuCc	r1b2rk1/ppb2ppp/3q1n2/3p4/1PPNp3/P3P3/3NBPPP/R2Q1RK1 b - - 0 14	d6h2	540	0y13141b1c
sADYX	rk1qQbnr/ppp1p1pp/4B3/8/8/2P5/PP2nKPP/RNB5 w - - 2 14	e8d8	540	0t1314191b1k
tzGmJ	r1b2r1k/p1p3pp/2p5/2Q5/2B1Pn1q/8/PPP2PPP/R4RK1 w - - 1 17	c5f8	540	0t0y1314191b
wF6vK	r4rk1/pp2pp1p/2n3p1/3qN3/5Q2/3B3b/PPP2PPP/R1B2RK1 b - - 0 13	d5g2	540	0y1314191b
wHN0V	r7/ppp2p2/3p1q1k/4p2p/4P2R/2N5/PPP4Q/1K4N1 b - - 0 24	f6f1 c3d1 f1d1	540	0p13151k1o
yJ0YO	7k/ppp1r3/8/2P5/5N1p/4P3/PP2KP2/8 w - - 0 32	f4g6 h8g7 g6e7	540	0g0p0s1o
zO6JO	r2q1rk1/1ppn1ppp/p3p3/3pP3/8/2PQP1P1/PP1N1PP1/R3K2R w KQ - 1 13	d3h7	540	0y1314191b
0WL2F	5r2/ppb2rk1/2n3pp/P7/3pp3/1Q5P/1PPB2P1/R4R1K b - - 0 32	f7f1 a1f1 f8f1	541	0y1315191f1o
30mTY	4rrk1/pp2q1pp/8/2PP4/1P4n1/P4N2/2Q3PP/4R1KR b - - 4 25	e7e1 f3e1 e8e1	541	0y1315191o
44BPd	r4rk1/pppqnppp/8/3P4/2PQ4/P4N1b/1B2BPn1/R3R1K1 w - - 0 18	d4g7	541	0y1314191b
5gjCl	6k1/p1r2pp1/1p4b1/2p3N1/5npP/B1P3P1/P3r3/3R2K1 w - - 0 32	d1d8 e2e8 d8e8	541	111315191o
6MCgJ	4r2k/p1p2Qpp/1p6/2b3q1/8/2N5/PP4PP/5b1K w - - 0 22	f7e8 c5f8 e8f8	541	0p13151o
7My9x	r4rk1/pbq1b1pp/4p3/2pp1p2/6Q1/1P1BP3/PBP2PPP/R4RK1 w - - 0 16	g4g7	541	0y1314191b
8gH73	4qbk1/1Q5R/P3rPpP/8/8/2B5/1PP5/2K5 b - - 0 35	e6e1 c3e1 e8e1	541	0p13151n1o
AoFfD	2r5/6Qp/4p3/4N2k/4p3/2r5/P3nPPP/R6K b - - 0 29	c3c1 a1c1 c8c1	541	060p13151o
AyyEb	3r3k/5Bp1/6P1/1p5q/3QP3/8/PP6/1K6 w - - 0 41	d4d8	541	0p0t13141b
B4Ewu	8/1n3ppk/1P4rp/8/K3Q3/6P1/8/8 b - - 2 60	b7c5 a4a5 c5e4	541	0g0p0s11121o
CF1BH	r1b1r1k1/1p1p1ppp/p1pB1q2/2P5/2n2P2/P5P1/2P3BP/R2QR1K1 w - - 1 21	e1e8	541	060t1314191b
CkRXO	r1bk1r2/2qp2Q1/p1p1p3/8/8/2N3P1/PPP1P2P/1R4K1 w - - 0 19	g7f8	541	1314191b
Co8dJ	kr6/p7/1rPp2Pp/3P1p2/1qPQ3P/8/P2R4/K2R4 b - - 4 42	b4b1 d1b1 b6b1	541	0p13151n1o
EIw5K	6k1/p4ppp/1p2p3/3rq3/P1Q5/7P/6P1/5RK1 w - - 7 34	c4c8 d5d8 c8d8	541	0p13151o
FXNTW	2b3q1/p6k/1p2p2p/3pNp2/3P1P1n/2PB2rP/PP2QR2/5K2 b - - 7 35	g3g1	541	111314191b
FnLFQ	r3r1k1/1p3pp1/p1n2q1p/3p3b/2PP4/P3RNnP/2B2PP1/R3Q1K1 w - - 0 24	e3e8 a8e8 e1e8	541	0y1315191o
G9ciy	r4rk1/p3nppp/2p2q2/1pb1P3/8/1PN3Q1/1PB3PP/R1B2R1K b - - 0 17	f6f1	541	0t0y1314191b
INq8j	8/8/5p1p/5Pk1/6P1/2b3KP/1p6/8 w - - 0 61	h3h4	541	080p1113141b
JYGj1	r4rk1/p1p3pp/2pb1n2/3PqBB1/8/8/PP3PPP/RN1Q1RK1 b - - 0 13	e5h2	541	0y1314191b
JmY7A	6k1/5p2/r4Bbp/ppp3p1/8/P3P2P/5PP1/3R2K1 w - - 1 31	d1d8 g8h7 d8h8	541	0p13151d1o
KypzO	k2r1b2/pp3Q2/6p1/q2p2P1/5B2/P2P4/1PP5/2K1R2B b - - 0 31	a5e1	541	0t1314191b
LbM9F	Bn3rk1/p4ppp/2p5/3qp3/PB1P4/2P1Q1P1/2P2PP1/R4bK1 b - - 0 19	d5g2	541	0y1314191b
LiqSL	8/5p1p/1Q4p1/4R3/2k5/r1P5/1p3PPP/6K1 b - - 0 33	a3a1 e5e1 a1e1	541	060p13151j1o
M3fyc	1k1r3r/p1p2Npp/1p3n2/5Q2/6n1/2P5/P1P2PPP/R1B3K1 b - - 0 18	d8d1	541	1314191b
Md9PL	8/K7/8/P5k1/2P5/5p2/8/8 b - - 0 54	f3f2 c4c5 f2f1q	541	0p11
MddjM	r2r2k1/1b3ppp/1p2p3/p3N2q/3Qn3/P3B3/1PP2PPP/2KR3R w - - 4 19	d4d8 a8d8 d1d8	541	0y1315191o
OTWXu	5r1k/1bp1Q2p/1p1p2p1/p5P1/P2bP3/2NPq3/1P4K1/R7 w - - 0 25	e7f8	541	0y1314191b
PNzcg	7k/p3Q3/1pb1p1p1/4N3/3p1P2/P2Pp1q1/1PP1B3/3K4 b - - 1 35	g3g1 e2f1 g1f1	541	0p13151o
QXjvM	4r1k1/6pp/3Q1p2/r2n4/p2P4/P4PPb/1B3R1P/4R1K1 b - - 0 24	e8e1 f2f1 e1f1	541	1315191d1o
SLMbe	8/4R3/1p4Pk/p1b2K2/P7/8/8/6r1 w - - 3 59	e7h7	541	0p13141b
SVgP5	r2q2k1/5pp1/p6p/1ppb4/4Q3/4P2P/PPP3P1/3R1RK1 b - - 0 21	d5e4 d1d8 a8d8	541	0p
UVSLm	8/8/8/3pPpP1/3nkP2/2R5/1q2NK2/8 w - - 0 65	c3e3	541	0p0q1113141b
VCCPv	r3q1k1/ppp3pp/1b2Nr2/4n3/6Q1/7P/PP3PP1/R1B2RK1 w - - 0 21	g4g7	541	0y1314191b
VPZ2s	5rk1/6pp/p3p3/8/2ppQ3/8/P5PP/7K b - - 0 31	f8f1	541	060p13141b1j
WlN07	r1bR1r1k/6pp/ppp2p2/2P2P2/4P3/1PB3PP/P5BK/8 w - - 2 31	d8f8	541	060p0t13141b
WrqwJ	r4rk1/4bppp/8/3p4/4q3/2Bn2QP/5PP1/2R3K1 w - - 0 29	g3g7	541	1314191b
WsT01	5rk1/p4ppp/2pR4/N7/P6P/1PR2bP1/4rP2/6K1 b - - 2 25	e2e1 g1h2 e1h1	541	0p13151d1o
XFZw8	6k1/pRp3p1/3p3p/3P1bN1/2r5/5K1P/5PP1/4r3 w - - 0 30	b7b8 f5c8 b8c8 e1e8 c8e8	541	0p101316
YvGZ9	6rk/1R1Q3p/3b2p1/8/3Pp3/rP2B2P/5PP1/7K b - - 4 35	a3a1 e3c1 a1c1	541	0p13151f1o
ZjcCB	3r4/2R5/5pp1/4p2k/4P1pP/3PK1P1/8/8 w - - 0 49	c7h7	541	0p13141b1m
apOys	r3k2r/1p3ppp/p1nqN3/2p5/2Pp2n1/3P4/PP3PP1/RNBQRBK1 b kq - 0 14	d6h2	541	1314191b
cAPej	r3kb1r/1p1qnppp/p7/3NQ3/8/8/PPPP1PPP/R1B1K2R b KQkq - 0 11	d7d5 e5d5 e7d5	541	01191o
cExQb	4k3/1R3p2/1p1K1p2/p3p3/1r6/8/8/8 w - - 4 60	b7b8	541	0p1113141b1m
cfOdB	3r3k/1bq1n3/3pB1np/p1p1p3/Pp2P3/2P4P/1P1Q1PP1/3RR1K1 w - - 0 27	d2h6	541	0y1314191b
dItDP	r3k2r/pbpn1Np1/1p1bp2p/6q1/3P4/2PB4/PP4PP/RN2QR1K b kq - 0 13	g5g2	541	0y1314191b
eBrUG	8/r5Bk/4pp1P/8/8/1Rn2P2/P7/K7 b - - 0 43	a7a2	541	030p1113141b
eRAyw	r1bqr1k1/1pp2pp1/p3p2B/8/3P3b/2P3Q1/P3NPP1/R2R2K1 w - - 0 20	g3g7	541	0y1314191b
ficr0	r4r1k/p7/7q/7Q/8/5P2/PP5P/6RK w - - 5 37	h5h6	541	0p0t13141b
i9twV	7k/5ppp/1p6/1Pn5/2P5/2n3P1/N2RrPKP/8 w - - 1 39	d2d8 e2e8 d8e8	541	060p13151o
iDLcA	rn2kb1r/ppp2pp1/3qpnp1/8/8/2NP1B2/PPP2PPP/R1BQ1RK1 b kq - 1 10	d6h2	541	0y13141b1c
iKtpv	8/8/8/p1P2rp1/R2K2k1/8/P7/8 b - - 0 41	f5f4 d4d3 f4a4	541	0g0p111m1o1p
jkohA	r2q1rk1/4bppn/p1np3p/1p3N2/2pQP3/2P2P2/PPB3PP/R1B1R1K1 w - - 1 19	d4g7	541	0y13141b1c
kqJG0	rn1b2rk/pp4qp/2p1Rn2/3pBB2/3P3Q/5P2/PPP3PP/RN4K1 b - - 8 18	g7g2	541	0y1314191b
loHZK	r4rk1/pb1nqppp/1p2p3/8/3p4/3Q1N1P/PPB2PP1/3R1RK1 w - - 0 16	d3h7	541	0y1314191b
ngEVc	r3k2r/1p2p1bp/pqn3p1/P4b2/1P4n1/2N2N2/1R1PBPP1/2BQK2R b Kkq - 0 17	b6f2	541	041314191b
pE14v	6k1/p2r2p1/1b4Bp/2p5/8/8/P4PPP/4R1K1 w - - 0 36	e1e8	541	0p13141b1f
pOu5j	1k4r1/pP4q1/8/3p1pr1/P2Pp2p/4P2B/3BQR1P/5R1K b - - 6 31	g5g1 f1g1 g7g1	541	0y1315191o
pR9rV	3R4/5p1k/2p3p1/7p/r4P1P/1n1p2P1/p7/B3K3 w - - 2 44	d8h8	541	0p13141b1d
pdw1A	r2q1r2/pbp1bppk/1p1p1n1p/4nN2/4P3/2NBB1QP/PPP2PP1/R4RK1 w - - 7 13	g3g7	541	1314191b
rXumI	7r/p2R1p2/1p2p1k1/4Pp1p/4bP1P/4B1P1/4Q2K/2r5 b - - 6 34	c1h1	541	0p1113141b1d
rn2zY	2rr2k1/1p2qppp/p7/3p1P2/3QpPn1/1P6/PBP1R2P/4R1K1 w - - 0 21	d4g7	541	0y1314191b
sP5OE	4k3/RR6/1p6/2p5/2P5/P2p4/1P2r1r1/1K6 w - - 0 37	a7a8	541	0p13141b1m
sn9hQ	r1bq1rk1/ppp2ppp/8/2bBp1N1/4Q3/3P4/PP1K1PPP/nNB4R w - - 0 11	e4h7	541	0y1314191b
snG9n	5r1k/7p/p5p1/2R5/3p4/1B1Pn2P/PPP4P/5R1K b - - 0 27	f8f1	541	0p13141b
t9Mc3	rnb1kb1r/4nppp/8/Bp6/8/1P2NN2/1P3PPP/3RK2R w Kkq - 0 17	d1d8	541	1314191b1d
vlt8A	r1b2r1k/pp3p2/2n1pN1p/8/1bpP2P1/5N2/qPQ2P1P/2KR1B1R w - - 1 15	c2h7	541	1314191b
w9VWv	1r3rk1/2q2pp1/2pbp2p/1p6/p1nPQ3/P1P1B2P/1PB2PP1/R3R1K1 w - - 3 22	e4h7	541	1314191b
wh2i9	r3r1k1/p4pp1/2p2n2/1p3qP1/3P3Q/K3P3/P4P2/6RR w - - 0 29	h4h8	541	111314191b
xkGFq	r2r2k1/2q2pp1/p1P3b1/7p/3N4/1P2Bn2/P3QPP1/R2R3K b - - 2 26	c7h2	541	1314191b
yyrsX	4r2k/5Qpp/2pp1b2/8/8/PPP4P/3q1PP1/6K1 w - - 0 25	f7e8	541	060p13141b
zQWto	2Q5/p2r1kpp/4pp2/4P3/8/2Bq1N2/PP3bPP/K6R b - - 2 22	d3d1 h1d1 d7d1	541	06111315191n1o
0zHeb	r1b1kb1r/p4ppp/p1N2n2/8/4pp2/5P2/PPP3PP/3RK1NR w Kkq - 0 11	d1d8	542	1314191b
1PO92	1rb2rk1/p1p4p/1p1qp1P1/6p1/3P3Q/8/PPP2PP1/2KR3R w - - 0 19	h4h7	542	0y1314191b
1TSYh	3r1rk1/pp3pp1/1b2bq1p/4N3/3pQp2/2P4P/PPB2PP1/R4RK1 w - - 0 20	e4h7	542	1314191b
1gMfl	r1b1k2r/2q1ppbp/p5p1/1p1B2B1/3NP1n1/2PP4/PP3PPP/R2Q1RK1 b kq - 0 14	c7h2	542	0y1314191b
1kVKL	6k1/4p2p/1n2r1pB/1Pp2p2/8/2P2P2/3R2KP/8 w - - 0 30	d2d8 g8f7 d8f8	542	0p1113151d1o
1mT6Y	5rk1/3bbq2/1n2p1pp/p2pN3/P1pPP3/2P3B1/2Q3PP/R2B2K1 b - - 1 26	f7f1	542	1314191b
286tY	4r2k/pp5p/6p1/2pQ4/5B2/P1bP4/4r1PP/1R5K b - - 0 27	e2e1 b1e1 e8e1	542	060p13151o
2a24g	1k1r1b1r/1pp2pp1/P2p3p/4q3/2QNP1n1/4B3/P1P2PPP/R4RK1 b - - 0 16	e5h2	542	0y1314191b
3X0aE	r1b4k/p4rpp/2p5/8/2B5/8/P1P1K1Pb/3RR3 w - - 0 26	d1d8 f7f8 d8f8	542	061315191o
42Veq	3r2k1/1p3qpp/pbp2p2/2n1pP2/8/BP4P1/P2R1P1P/3R2K1 w - - 0 26	d2d8 b6d8 d1d8 f7f8 d8f8	542	010y1019
43eTs	3Q4/8/1R6/8/1PP3P1/1r3Pk1/P3R1P1/6K1 b - - 0 64	b3b1 d8d1 b1d1 e2e1 d1e1	542	0p1013161j
4OKZS	r2qr1k1/1pp2ppp/pbnp2b1/3n4/1P2P3/2Q2N1P/PB1N1PP1/R3R1K1 w - - 0 16	c3g7	542	0y1314191b
59KkL	5r1k/1r3p1p/p1n1pq2/1pQ2p2/1P6/PB2PN2/5PPP/5RK1 w - - 0 21	c5f8	542	0t0y1314191b
6Dn53	4r1k1/1pq1nppp/5b2/rQ1p4/3Pp3/2P5/P2NBPPP/R1R3K1 w - - 4 20	b5e8	542	0t0y1314191b
6iB2t	4rrk1/1p1n1pp1/p1ppb2p/2b5/2P1QP1q/2N1P3/PPBB1PK1/R4R2 w - - 4 19	e4h7	542	1314191b
7Wh50	2r3k1/2q2pp1/4p2P/n2bP2P/3B4/bP1Q1N2/P2N1P2/1KR3R1 b - - 0 36	c7c1 g1c1 c8c1	542	1315191d1k1o
9Z6CE	2r2rk1/p4pp1/2b4p/4p1q1/7b/2N1Q3/PPPP1PPP/R1B2RK1 b - - 12 18	g5g2	542	0y1314191b
BWEu0	8/8/8/8/r4k2/4R3/4K3/8 b - - 9 59	a4a2 e2d3 a2a3	542	0g0p111m1o
BsKtN	r2q1rk1/ppp2ppp/2n5/6N1/3p4/3Q1b2/PPP2PPP/R3R1K1 w - - 0 14	d3h7	542	0y1314191b
D7jTH	1k1r4/prp1R3/1p2p3/7q/2P5/P5P1/1P5P/1K1R4 w - - 0 35	d1d8	542	0p13141b1j
D8zLS	4k3/5Qp1/5qn1/1PbBp3/7P/2Pn3P/5P2/4R1K1 b - - 2 36	f6f7 d5f7 e8f7	542	0111191o
DR3AF	7k/b2q2p1/6Bp/P3p3/3pP3/2pN2P1/1r5P/2N2RK1 w - - 0 38	f1f8	542	111314191b1f
E5haw	rnb1q1kr/ppp3pp/3p4/8/8/6Q1/PB3PPP/R5K1 w - - 0 19	g3g7	542	0y1314191b
E7PkI	5r1k/5B2/7p/8/1p1b1Q2/5RPP/2P2PK1/3rq3 w - - 0 39	f4h6	542	1314191b
EEGFC	6k1/5p1p/4p1p1/p3P3/8/PR1p3P/1Pr2PP1/5K2 b - - 1 35	c2c1	542	0p13141b1m
EsBLW	Q7/pppkr2p/2nb4/8/3p4/8/PPP2PPP/RNB3K1 b - - 0 17	e7e1	542	1314191b
GEXvG	r1b2rk1/p4ppp/2p5/4p3/8/bPP5/P1KB1PPP/3R2NR b - - 3 15	c8f5	542	0a1314191b
GMH5d	7k/1p5p/p4r1q/2pB4/8/1P5P/P1n2PRK/6R1 w - - 0 35	g2g8	542	0p13141b1d
HDm2R	r4k1r/ppqbnN1p/6p1/8/6n1/1BP5/P4PPP/R1BQ1RK1 b - - 0 16	c7h2	542	0y1314191b
J1OgU	r1b1r1k1/1pp2ppp/p1p5/8/NP6/P7/1bP1R1PP/R6K w - - 0 19	e2e8	542	060t1314191b
J57Hr	7b/p4R2/6pk/6Np/P6P/6P1/5P1K/3q4 w - - 0 34	f7h7	542	0p0u1113141b
K7v34	6k1/Rpp1rppp/2p5/8/8/1P5P/1bPn1PP1/1N4K1 w - - 0 24	a7a8 e7e8 a8e8	542	060p13151o
KVKQT	r2q1rk1/pp3ppp/2pbp3/6P1/4n3/1PQ4P/PBPP4/2KR1B1R w - - 1 18	c3g7	542	0y1314191b
Kvo3p	r1bqk2r/pp1p1ppp/2p5/3BP1b1/8/2N2Q2/PPP2PPP/R3K2R w KQkq - 0 11	f3f7	542	041314191b
L3xqk	3k3r/4p3/p2p1PQ1/1q2p3/8/5BPp/7P/5R1K b - - 0 38	b5f1	542	0p0t13141b
LQ8FD	r1b3k1/p4ppp/1p4q1/3Rn3/2B5/1QP1P3/P4PPP/6K1 w - - 0 20	d5d8	542	1314191b
MB6Fn	R7/8/5K1k/6r1/8/8/pp6/8 w - - 0 54	a8h8	542	0p1113141b1m
MgLRs	r4rk1/4qppp/p4P2/1ppb2B1/8/2P5/PPQ2PPP/RN2R1K1 b - - 0 18	e7e1	542	0t0y1314191b
NlFfr	5rk1/5rb1/1pNpP3/pP5Q/2P1p3/8/PR4PP/6K1 b - - 0 35	f7f1	542	0p13141b
NpJ1R	r4rk1/1p5p/2n1p1P1/p2pPpq1/2pPb3/2P5/PP1NB1N1/R2Q1RK1 b - - 2 21	g5g2	542	0y1314191b
OjXZn	r4r1k/2p4p/1p2pNpb/4P3/p2P1qR1/2P2P2/PP2QR2/1K6 b - - 7 31	f4c1	542	1314191b
QCVfk	2kr3r/1ppq2pp/8/1Pbn4/Q3b3/P7/4BPP1/2R1K2R w K - 0 22	a4a8	542	1314191b
QzrW8	r1q2rk1/ppp1nppp/2b1n3/4P1N1/4Q3/2P1B2P/P3BPP1/R4RK1 w - - 11 19	e4h7	542	0y1314191b
RBf86	3r2k1/5p1p/6pB/4N3/p7/8/r4P2/3R2K1 w - - 0 35	d1d8	542	0p13141b1f
RSj5z	1r6/8/4p3/3PP3/p1P4R/P3k3/6P1/5K2 b - - 0 37	b8b1	542	0p13141b1m
RWPNl	8/8/8/p7/k6q/6P1/5K2/8 w - - 0 49	g3h4 a4b3 h4h5 a5a4 h5h6	542	0g0p101l
RX8c3	r2kr3/pb1n1Bpp/q2B1p2/1pp5/3P4/5N2/P1P1QPPP/1R4K1 w - - 0 18	e2e8	542	1314191b
SDXFZ	1r1r2k1/3q2bp/1R2p3/1Q1p1pp1/3P4/1P2P1P1/P4PBP/5RK1 b - - 0 23	d7b5 b6b5 b8b5	542	1119
SQoGd	2b1q1k1/5ppp/p4b2/8/p2p4/B1rQ4/2B2PPP/R5K1 w - - 0 24	d3h7	542	111314191b
SlHvM	3k4/6R1/3P2K1/7p/7r/8/8/8 b - - 0 52	h4g4 g6h7 g4g7	542	0g0p111m1o
TJ2oD	r1b4k/pp3p2/4pN1r/4q3/P1B5/6R1/1P3PPP/R5K1 w - - 0 25	g3g8	542	031314191b
TXpQF	R3nk2/qp3rpp/1r3p2/1QP1p3/1P6/p5P1/P4PKP/1R6 w - - 0 36	a8e8	542	1314191b
UBO1T	r4rk1/pp3ppp/2Pbp3/4q3/8/PP2P2P/4NPP1/R2Q1RK1 b - - 0 18	e5h2	542	1314191b
Vnqcx	7Q/4kppp/5b2/4p3/4qn2/2P5/PP3PPP/3R1RK1 b - - 0 21	e4g2	542	0p13141b
WRcTB	2br2k1/R6p/p4pp1/4p3/1pr1P3/6P1/2P2P1P/3R2K1 w - - 0 30	d1d8	542	0p0t13141b
XSMLc	1k1r3r/pp3pp1/1n1q1np1/1N1p4/PP1Pp3/1Q2P3/3N1PPP/2R2RK1 b - - 2 18	d6h2	542	0y1314191b
XhO4r	1r3rk1/1p3ppp/p3p3/6Q1/8/P1q5/2P2RPP/1RB4K b - - 1 19	c3e1 f2f1 e1f1	542	0s1315191o
Xlsh5	r2q1rk1/ppp2ppn/3p3p/8/4Pp2/P1BP2QP/1PP3P1/R4RK1 w - - 0 17	g3g7	542	0y1314191b
XqJpG	r4rk1/pb4pp/1p2p3/3qPp2/2BP4/1Q2P3/P5PP/R4RK1 b - - 3 18	d5g2	542	0y1314191b
YDyqz	rn1q1rk1/p2p1ppp/1p2pb2/8/1PP5/P1N1PPP1/2Q2P2/R3KB1R w KQ - 1 14	c2h7	542	0y1314191b
ZFwOH	r3k2r/p1p3p1/1b3q1p/3Q4/4p1b1/2PnP3/PP1N1PB1/R4KNR b kq - 6 16	f6f2	542	1314191b
ZN9XP	7k/p5R1/1p2N1pp/1P6/r3R3/8/6PP/7K b - - 0 40	a4a1 e4e1 a1e1	542	060p13151o
apY5F	3r2k1/2qr1ppp/pp3b2/3p4/1P2R3/P4N1P/4QPP1/3R2K1 w - - 0 30	e4e8 d8e8 e2e8	542	0y1315191o
b8Isf	6R1/8/5r2/8/KPPn4/P7/5k2/8 b - - 2 53	f6a6	542	020p13141b
b9Loe	r4rk1/1p3ppp/1q2b3/4P3/3pQP2/bppB4/2PB2PP/1K1R3R w - - 0 20	e4h7	542	0y1314191b
b9yj9	8/8/8/8/8/K1n5/1Rr4k/8 w - - 62 79	b2c2 h2g3 c2c3	542	0g0p0s0t1o
c8CeP	7k/R2R3p/p7/1p1p2p1/3P3r/P7/1r6/6K1 w - - 0 36	d7d8	542	0p13141b1m
c8VD4	r4rk1/1p3ppp/p3p3/1B1p4/5q2/2P2P2/PPQ3P1/3K3R w - - 0 20	c2h7	542	0p0y13141b
cAhFJ	1k1r3r/p1p2p2/1p1b4/3Q3p/P1PP4/1P3PP1/1B3qK1/R7 w - - 0 25	g2f2 d6g3 f2g3	542	010t191o
ceNZI	r6k/2p1R1p1/p5qp/1p1b1p2/2nP1B1Q/P1P5/5PPP/R5K1 b - - 1 25	g6g2	542	0y1314191b
dvWXl	rq3rk1/p3Bppp/1pn1p3/1N1p4/2P3n1/PQ1P4/1P2NPPP/4RRK1 b - - 0 17	b8h2	542	0y1314191b
etJrQ	kr1qr3/8/p6p/2Q1P1p1/2N5/8/PP2RPPP/3R2K1 b - - 2 28	d8d1 e2e1 d1e1	542	0s0t1315191o
f9NlK	r4rk1/1b1n1pp1/2p1p2p/p1ppP1N1/3P2q1/2P1B3/PPQ2PP1/R3R1K1 w - - 0 17	c2h7	542	1314191b
fffHu	rn2q1k1/5pp1/2p2b1p/1p1p4/p2P2P1/1N3N1P/PPB2P2/2KRR3 w - - 0 19	e1e8	542	0y1314191b1f
gibmP	r3k1nr/2p2ppp/p1pb4/4q2P/3PN3/2P4P/PP3P2/R1BQ1RK1 b kq - 0 15	e5h2	542	1314191b
h4jJd	7r/2r1kpp1/p1pq4/3p2N1/Q5n1/2P1P2P/PP3PP1/R4RK1 b - - 2 22	d6h2	542	1314191b
j9sUn	r1b2rk1/p4pp1/2p1pn1B/4q3/2B1N1Q1/8/PP3PPP/R5K1 w - - 1 19	g4g7	542	0y1314191b
jXbSe	r1b2k1r/pp4pp/1b1N4/np6/2BP4/2P5/P4PPP/R3R1K1 w - - 0 18	e1e8	542	1314191b
kUcwk	r2b2r1/1q3p1k/p2p1n1p/8/R1QN4/7P/1PP1NPP1/4R1K1 b - - 8 25	b7g2	542	0y1314191b
nlah3	r2q1rk1/pppn1ppp/3p4/4P3/2nP2b1/2PQ4/PbB1N1PP/RN3RK1 w - - 0 15	d3h7	542	0y13141b1c
pIKPV	r3k2r/1pp1qB2/pb3npp/P1n1p3/4P3/1QPP3P/1P1BNP2/R3K1R1 b Qkq - 0 17	e7f7 b3f7 e8f7	542	19
phstb	7k/p1p1n1p1/1p6/7P/3PP3/P7/1PQR2q1/3K1R2 b - - 0 27	g2f1	542	0p13141b
rxT86	5rk1/pp3p2/4pp2/3P1PbQ/2r1R3/5R2/P5PP/7K b - - 0 29	c4c1 e4e1 c1e1 f3f1 e1f1	542	060p101316
s1MSb	1k4r1/pB1r4/7p/6p1/5nN1/P5B1/2P2PPP/3R2K1 b - - 0 28	d7d1	542	0t1314191b
sP0Md	rnb2rk1/b1q2ppp/p7/1p1p1P2/3Np1n1/1NP1P3/PPBB2PP/R2Q1RK1 b - - 3 15	c7h2	542	0y1314191b
twH5I	8/R7/8/5pk1/P1P2n2/1P1P1P2/3r1P2/5K2 b - - 0 47	d2d1	542	0p13141b
vBN8V	r4r1k/pp3Qp1/7p/3pP1q1/3P4/3B2P1/PP4P1/n2K1R2 w - - 3 26	f7f8 a8f8 f1f8	542	0y1315191f1o
w659H	rn3rk1/pp4pp/2pbp3/8/4Q3/8/PPP3PP/RNB2R1K b - - 0 15	f8f1	542	0y1314191b
wZtyp	r4rk1/p4p1p/1ppn1B2/8/6b1/6R1/P4PPP/5RK1 w - - 3 24	g3g4	542	0t1314191b1f
x0bL4	r1bqk2r/p4p1p/2pp3p/4b2Q/4P3/2NB3P/PPP3P1/R4R1K w kq - 0 15	h5f7	542	041314191b
y5Y7e	rnb2knr/ppp2ppp/1b6/1B1q4/3P1p2/5N2/PPP3PP/R1BQR1K1 w - - 5 11	e1e8	542	13141b1c1d
zFrOx	6k1/1p3pbp/4p1p1/1p6/1P6/1RrR1P2/P5PP/7K b - - 0 27	c3c1 d3d1 c1d1	542	060p13151o
zqAnC	8/8/5k1K/5P2/6PN/8/7r/8 b - - 0 45	h2h4	542	0p0t13141b
0l7TR	8/8/1p4P1/p4k1K/P3p3/8/1P4R1/5r2 b - - 2 42	f1h1 g2h2 h1h2	543	0p13151m1o
1Rd7u	6k1/5pp1/b1p1p3/p1P1P1Nq/5P2/2P3Q1/P1r5/1R4K1 w - - 1 33	b1b8 a6c8 b8c8	543	0p13151o
1iGUa	rnb1kb1r/pp1ppppp/8/8/3qn2B/8/PPQ1PPPP/RN2KBNR w KQkq - 0 7	c2c8	543	0t1113141b1c
5q5BO	B2qkb1r/p3nppp/8/2p5/4Q3/6Pb/PP3P1P/RNB3K1 b k - 2 14	d8d1 e4e1 d1e1	543	0s1315191o
71BUn	b2r3k/2q3pp/p3Q3/1p3p2/8/P1b2N2/1PP2PPP/4R1K1 w - - 1 23	e6e8 d8e8 e1e8	543	061315191n1o
8EqrA	5Q2/pppkn1r1/8/8/2p3q1/N2b4/P4PPP/3RR1K1 b - - 7 23	g4g2	543	1314191b
8pUEp	8/5p1p/4p1p1/1p1p1kP1/1P1P1r1P/2P3K1/4R3/8 w - - 0 37	e2e5	543	0p13141b1m
8voVq	8/3bP2p/5k2/1p1p4/1PpNr3/2P1RKP1/8/8 w - - 3 43	e3e4 d5e4 f3e4	543	0p
94t2J	1k6/ppb3p1/2p5/q1Np1Q2/3P4/7P/PPP2PP1/6K1 b - - 3 26	a5e1	543	0p13141b
9Vx0w	R1R2nk1/4r1p1/1p4rp/2pp1p2/3P4/2P1PP2/5P1P/7K w - - 0 29	c8f8 g8h7 f8h8	543	0p13151o
A1Mm9	3Rbk2/5pp1/1r1Np1p1/8/8/6KP/P7/8 w - - 13 41	d8e8	543	0p13141b
ACdC3	8/rR6/8/8/k1K5/8/8/8 w - - 0 68	b7a7	543	0p0t13141b1m
Cz51Z	r1bq1rk1/pp2bpp1/6np/2pp4/8/1PQ5/PBP1BPPP/RN3nK1 w - - 0 19	c3g7	543	0y1314191b
FaHiB	r2q1rk1/1pp2pp1/p1n1p2p/8/3bQ3/2NB1R2/PPP3PP/R6K w - - 4 15	e4h7	543	1314191b
GnkRL	2r2rk1/pp2b1pp/1qb1p3/3p2N1/2pp1P2/2P1P3/PPQ1B1PP/R4RK1 w - - 0 18	c2h7	543	0y1314191b
IPCpU	5k1r/pp3p2/5n2/3p2P1/2pPp2q/2P5/PP1B3Q/R4RK1 b - - 0 33	h4h2	543	0y1314191b
IzrVA	4r2k/1pp3p1/p1n4p/P1Pp4/3P4/1QB5/4qPPP/4R1K1 b - - 1 25	e2e1 c3e1 e8e1	543	060p13151o
KOqdc	r1b2n1k/pp2n1pp/2p5/4p3/1bBq4/2N2Q2/PPPB2PP/5R1K w - - 0 18	f3f8 e7g8 f8g8	543	0y1315191o
NZepe	1b4k1/2q2p1p/R1p2pp1/2Np4/1P1P4/2P4P/P3QPP1/6K1 b - - 4 39	c7h2 g1f1 h2h1	543	0p0y13151o
NoMDo	6k1/3q1ppp/2p3b1/r2p4/8/2P3QP/5PP1/2R3K1 w - - 0 25	g3b8 d7c8 b8c8	543	060p13151o
OLpfM	r4rk1/ppp2p2/2n1p3/6Np/3P4/2P4P/qPQ2PP1/1R4K1 w - - 0 19	c2h7	543	1314191b
P4rsL	k7/8/8/p1q3p1/1P2P2n/K1pP4/P1Q1B3/8 b - - 0 46	c5b4	543	0p13141b
PCkeV	4r1k1/1p3rpp/1q6/1pp5/8/1B6/PPP2PPP/4R1K1 w - - 0 26	e1e8	543	0p13141b1g
PTZUb	2kr1b1r/ppp2ppp/2n1N3/8/4R3/8/PPP2PPP/R1BN2K1 b - - 0 12	d8d1 e4e1 d1e1	543	060t1315191o
Qhq3v	8/8/8/K6p/P7/8/7k/6Q1 b - - 0 61	h2g1 a5b6 h5h4 b6c7 h4h3 a4a5 h3h2 c7b8 h2h1q	543	000g0p1h1l1w
QixJr	1r4k1/5ppp/2R1p3/B4n2/8/5P2/Pr3P1P/2R3K1 w - - 3 30	c6c8 b8c8 c1c8	543	060p13151o
QwcEs	7k/pp2qppp/8/8/2Q2P2/6P1/PP5P/6K1 w - - 0 27	c4c8 e7d8 c8d8	543	060p13151i1o
Rvduc	r2q1rk1/6pp/4p1p1/1pPp4/1p1Qn3/P3P2P/1B3PP1/R4RK1 w - - 0 19	d4g7	543	0y1314191b
SJBMU	8/p7/Pp3k1n/8/5p2/3P4/5K1R/8 b - - 1 45	h6g4 f2f3 g4h2	543	0g0p0s111o
T6opE	2kr4/ppp2p1Q/2n2N2/2P1p3/4P3/2B2q2/PPP4P/2KR4 b - - 0 16	d8d1	543	1314191b1k
Uhmoe	r5rk/1b3p1p/p2p1qpQ/1p6/3pP2R/3P3P/2P3B1/2R3K1 w - - 0 31	h6h7	543	0y1314191b
WX88k	6k1/2p3pp/1n2p3/1pB1N3/2pPn3/2P3PK/r6P/5R2 w - - 0 26	f1f8	543	0p1113141b1d
XB1Su	3rk2r/8/2p1p3/1p2np2/p1P1P1pP/2Q3B1/PP3R2/K2R4 b k - 0 31	d8d1 c3c1 d1c1	543	061315191o
XUQ6c	r1q1rbk1/1ppb1pp1/p3p2p/4n3/2PPQB2/P7/1P3PPP/1B1RR1K1 w - - 0 19	e4h7	543	13141b1c
Z3gQ5	1k1q1Q2/pp3rp1/2p5/7p/1PP5/P3P2P/6P1/6K1 w - - 0 40	f8d8	543	0p0t13141b
ZkGhx	2kB3r/1b1nbp1p/p1q1pp2/1p6/8/1B1P2N1/1PP2PPP/R2QR1K1 b - - 0 18	c6g2	543	0y1314191b
aKnrC	r1b3k1/pp3ppp/3r4/4R1q1/2Bn4/6N1/PP3PPP/R5K1 w - - 0 17	e5e8	543	1314191b
bGyoV	r2q1r1k/pp2bbpp/3p4/3n1p2/2PQ4/PP4P1/1B3PBP/R4RK1 w - - 0 16	d4g7	543	0y1314191b
bTjmN	1r6/1P6/8/1K6/5k1p/7P/1R4P1/8 b - - 2 70	b8b7 b5c6 b7b2	543	0g0p1m1o1p
bjoeK	r4Nk1/p3n1bp/2b3p1/3qpp2/3p4/3B3P/PPPB1PP1/R3QRK1 b - - 0 18	d5g2	543	0y1314191b
c6uA2	r1b2r1k/ppp3pp/8/4P3/1QB4q/2Pn4/P4pPP/5R1K w - - 0 24	b4f8	543	0t0y1314191b
cGSfa	r1b2rk1/1pq1bppp/p2p4/3n4/2PQ4/1P6/PB2BPPP/R4RK1 w - - 0 14	d4g7	543	0y1314191b
cnDxA	5rk1/1pb3p1/p3p2n/1n1pP1N1/1P1P2P1/P2QB1K1/4N3/5q2 w - - 0 30	d3h7	543	1314191b
dY49e	r1b1k2r/pppp1ppp/3b1q2/4p3/2BNP1n1/2N5/PPPP1P1P/R1BQK1R1 b Qkq - 0 8	f6f2	543	04111213141b1c
ec9t4	r5k1/1pp3pp/p1p2pb1/8/5RQ1/1PN1r3/P1P3PP/2B4K b - - 0 21	e3e1 f4f1 e1f1	543	060s1315191o
ewUGm	1r3rk1/p4ppp/q1p4b/4p2Q/4P3/8/PPP3PP/R2N1R1K b - - 2 18	a6f1	543	0t0y1314191b
fDclI	r4rk1/p1q2ppp/2pb4/3p4/3Q4/1P3N2/PBP2PPn/R4RK1 w - - 0 16	d4g7	543	0y1314191b
gzlbs	8/1P6/8/8/3R3p/1r4k1/8/6K1 b - - 0 58	b3b1 d4d1 b1d1	543	0p13151m1o
h4v2g	2kN3r/pp4pp/3R1n2/q1p5/4n3/5Q2/PPP2PPP/R1B3K1 b - - 0 17	a5e1	543	1314191b
iblq4	6k1/5p1p/6p1/8/3RNn2/1r3P1P/5P2/5K2 b - - 0 33	b3b1 d4d1 b1d1	543	0p13151o
jTcC7	r4rk1/pppq1pp1/2npb2p/8/2P1Q2n/2NBP3/PP3PPP/R3K2R w KQ - 0 13	e4h7	543	1314191b
kgfpa	r1b2rk1/p2p1ppp/2p1p3/2b5/4P2q/P1NB1PP1/1PPBQ1P1/R4K1R b - - 0 13	h4h1	543	0t1314191b
m3qCt	5rk1/p4ppp/bp6/1qp5/1P4Q1/1P2P1P1/PB1P1P1P/R3KR2 b Q - 0 18	b5f1	543	1314191b
n8kpo	2r2k1r/1R1P4/4pq2/2b3Rp/2p3pP/2P3P1/P4P1B/3Q1K2 b - - 0 37	f6f2	543	1314191b
nB622	1r1r1bk1/5p1p/6p1/R3N3/4R3/2P5/1P3PPP/2B3K1 b - - 0 28	d8d1 e4e1 d1e1	543	060s1315191o
nK0bJ	1b2rnk1/1b2qpp1/2p4p/1pPp3P/1P1P4/R4N2/2Q2PP1/1BB3K1 b - - 2 39	e7e1 f3e1 e8e1	543	0y1315191f1n1o
nvf6g	8/1k1q4/1pp5/p7/4Q3/PP2n1P1/6BP/7K b - - 1 53	d7d1 g2f1 d1f1	543	0p13151o
oVSgZ	3rnrk1/ppp1qppp/2n5/4P1N1/2b5/5N2/PPQ2PPP/R3R1K1 w - - 0 17	c2h7	543	0y1314191b
pfwtz	Q1b3k1/5ppp/5b2/1p2p3/1Pp1P3/2q2N1P/5PP1/6K1 w - - 2 29	a8c8 f6d8 c8d8	543	060p0t13151o
q2Ner	rn2k2r/ppq1p3/2p1P1N1/3p1p1p/3P2nP/P1PB4/1P1Q1PP1/1R3RK1 b kq - 0 17	c7h2	543	1314191b
qXVO3	k7/p7/1p6/8/4PQ2/5P1P/P2rq1RK/5R2 b - - 0 45	e2g2	543	0p13141b
rhOFa	r2qr1k1/pb3pP1/1p2p2p/4b3/3p4/2NQP3/PPB2PP1/R3K2R w KQ - 1 18	d3h7	543	1314191b
ryvE5	r1b1kb1r/1p3pp1/p1q1p2p/4n1B1/2B1P3/P1N5/1PP3PP/R2QK2R w KQkq - 0 13	d1d8	543	13141b1c
s8E0g	8/6pk/1p2R2p/p2p3P/3PbP2/P3Q3/1q4PK/8 b - - 0 33	b2g2	543	0p1113141b
tgiZG	2kr2nr/pppb1q2/4p1pp/4Pp2/2pP1N1P/P1P1BQ2/2P2PP1/1R2K2R w K - 0 16	f3b7	543	1314191b1k
u2Gdk	2N5/5kpp/2p1rp2/8/2R5/P6P/1Pn2PP1/5K2 b - - 2 34	e6e1	543	0p13141b
uMz6H	2k3r1/pp4pp/4p1p1/1P6/P7/R1Pr2P1/5RPP/7K b - - 1 27	d3d1 f2f1 d1f1	543	060p13151m1o
uXdfQ	r4rk1/pb3pbp/1pq3p1/2p5/N2N4/1P1P4/PB3PPP/1R1QR1K1 b - - 0 17	c6g2	543	0y1314191b
ubEMs	r2q1r1k/1pp1b1p1/2n4p/p2pB3/3P4/2P2NQ1/PPb3PP/R4RK1 w - - 0 19	g3g7	543	0y1314191b
ufMDk	r4r1k/ppp3p1/1b6/3pn1Nb/8/2P5/PPQ3PP/RN3R1K b - - 0 18	f8f1	543	060t1314191b
wl26m	7r/5kb1/2Q3pp/3N1p2/3P4/5q2/PPP5/1K1R4 b - - 0 25	f3d1	543	0p0t13141b
yt4ao	r4rk1/pp3ppp/2p2b2/2q5/4Q3/2PB4/PP1N2PP/R1B4K w - - 3 17	e4h7	543	0y1314191b
z4wTn	2k4r/3n2p1/p2qp3/1p1p2Bp/P1p3n1/2P2P1P/BP6/R3QR1K b - - 0 23	d6h2	543	1314191b
zZmBr	1k6/1pp3pp/2n2pn1/1Nq5/2B1r3/1P2P2P/3R1PPK/3R4 w - - 0 27	d2d8 c6d8 d1d8	543	1315191k1n1o
0boOL	r1b3k1/ppp2ppp/8/b7/3n2P1/1B1P2r1/PP6/R2K1Q2 w - - 0 25	f1f7 g8h8 f7e8	544	061315191o
0ezOU	2r3k1/p4ppb/5q1p/2p1Q3/6P1/1P4BP/P3R2K/8 w - - 0 37	e5e8 c8e8 e2e8	544	060p13151n1o
36bQE	rnb1k1nr/pppp1ppp/8/2b1p3/6Pq/2P4P/PP1PPPB1/RNBQK1NR b KQkq - 0 4	h4f2	544	0413141b1c
3ZOG7	r1bq2r1/bp1p1p1k/p4Pp1/4n3/8/1NN2R2/PPP3PP/R1B4K w - - 0 19	f3h3	544	1314191b
4LCTP	r4r1k/1p5p/1pp5/4p3/1PPB1p2/P4q2/5PRP/R6K w - - 0 26	d4e5 f8f6 e5f6	544	0p13151a1o
4xWMh	r2q1rk1/1p3pp1/p1n1p2p/b2pP1N1/3P1PPn/P2Q4/1P2N2P/R1B2RK1 w - - 0 17	d3h7	544	1314191b
5Xs3i	2kr1bnr/ppp1pppp/8/7b/4N3/P6P/1P3PP1/R1BQKB1R b KQ - 0 16	d8d1	544	13141b1c1d
5bEkE	1r1q1rBk/p4pp1/2p1p3/1p2P3/6b1/4PP2/PPQN2P1/R3K2n w Q - 0 18	c2h7	544	1314191b
5eFZi	r1b3k1/pp3p1p/2p2np1/8/2P4q/2N2P2/PRQ3PP/4R1K1 b - - 0 20	h4e1	544	0y1314191b
5vk9c	6rk/1p4p1/1p1p2Q1/pP1Pp1Rr/P1P2p2/3PnP1N/8/6RK b - - 0 36	h5h3	544	0y1314191b
6BJY2	r4rk1/1p3ppp/p2b4/4q3/4P3/3P3P/P2BQPP1/1R3RK1 b - - 3 18	e5h2	544	1314191b
ASnjB	r1bqkb1r/ppp2ppp/2n2n2/6N1/4pP2/1QP5/PP4PP/RNB1KB1R w KQkq - 0 9	b3f7	544	0413141b1c
BcBJP	2r3k1/6p1/1pNr1p1p/p2P4/5K1P/1P6/P7/3R4 w - - 1 43	c6e7 g8f7 e7c8	544	010p0s111o
BiQdG	3rkbnr/p1p3pp/2p5/4N3/4N1b1/8/PPP2PPP/R1B1K2R b KQk - 0 10	d8d1	544	1314191b1d
C8otc	r7/4r2p/1R3p2/2p2R2/k1P5/P7/1P4PP/7K b - - 0 35	e7e1 f5f1 e1f1	544	060p13151m1o
CJFD0	r3k2r/ppqnbpp1/2p1pnp1/8/2BP4/2N1P3/PP1BQPPP/2R2RK1 b kq - 3 12	c7h2	544	0y1314191b
E9f71	r4rk1/1b1q1p1p/p3pp2/1p1p4/1b1P4/2N1P3/PPQ2PPP/1BR1K2R w K - 0 15	c2h7	544	0y1314191b
EMBpG	k1r5/pp3nqr/4B3/6p1/8/1P5P/P4PP1/2R3K1 w - - 0 30	c1c8	544	060p13141b
El6wA	r2q1rk1/pb2bppp/1p2p3/3n4/3p4/2PQBN2/PPB2PPP/R3R1K1 w - - 0 15	d3h7	544	0y1314191b
FNZoL	6k1/5p1p/p3p1p1/1p2B3/4bP2/1P6/3r2PP/2R4K w - - 4 27	c1c8 d2d8 c8d8	544	0p13151f1o
FvAei	rn1qk2r/ppp2ppp/8/4p3/4p3/2P2Q2/PPP3PP/R1B2RK1 w kq - 0 11	f3f7	544	041314191b
GMoBc	6k1/r4ppp/8/3Pr3/p7/6P1/2R2PBP/2n3K1 w - - 0 31	c2c8 e5e8 c8e8	544	060p0s13151o
HBoGv	R2Q4/5q1k/4p1p1/4P2p/2p5/6P1/2r2P1P/6K1 w - - 0 31	d8h8	544	0p1113141b
HKThj	r1b2rk1/pp3qbn/3p3p/3Pp3/1PP2p1N/3Q4/P1B2PPP/2R2RK1 w - - 0 21	d3h7	544	0y1314191b
J7rgV	r3rk2/ppp2ppB/2b1pb2/4N2Q/3q4/2N5/PPP3PP/R6K w - - 1 18	h5f7	544	1314191b
JRc51	2Q4R/5pp1/6k1/4b3/6P1/1P1PBp1P/4rP2/6K1 b - - 0 42	e2e1	544	0p1113141b1f
Jm8OP	4q1k1/p1b1rppp/1p3n2/2p5/2Np4/BP1P1Q1P/P1P2PP1/R5K1 b - - 2 21	e7e1 a1e1 e8e1	544	0y1315191o
Jydeu	2r2rk1/p4p2/2b1pBp1/5q2/6pQ/5P2/P6P/5RK1 w - - 0 26	h4h8	544	1314191b
K7vo6	r2q1r1k/ppp2ppp/2nb1n2/3p4/7B/P2B1PQ1/1PPN1P1P/R3K1R1 w Q - 4 16	g3g7	544	0y1314191b
KjPPb	2r1r1kq/p2b1p2/1p4pQ/4p3/8/3B4/PPP2PP1/1K5R w - - 0 24	h6h8	544	1314191b
KwxiA	8/7p/6pk/8/5R2/2P5/1r4PP/7K b - - 0 34	b2b1 f4f1 b1f1	544	060p13151m1o
LzRos	r4rk1/pp3ppp/1qn1p3/3N1P2/3P4/b2Q1N2/1PP2B1P/1K1R3R b - - 0 16	b6b2	544	1314191b1k
OPBkr	8/3qkp2/6p1/3P3p/1Q6/7P/6PK/8 b - - 10 43	d7d6 b4d6 e7d6	544	0g0p1i1o
PRDIF	r1r3k1/p4ppp/1pp5/q7/5R2/1Q2B3/PP3PPP/4R1K1 b - - 5 23	a5e1	544	0t0y1314191b
RHf16	r3r1k1/5pbp/p2p2p1/1p1P4/2nB1P2/4Q1NP/qP4P1/3RR1K1 w - - 1 24	e3e8 a8e8 e1e8	544	010y191o
Rin1N	3R4/5pkp/6p1/p1p5/8/qPPp4/P2R1PPP/6K1 b - - 2 34	a3c1 d2d1 c1d1	544	060p0s13151j1o
UNmdE	r1bqk2r/1p3p1p/p1np1p2/2p3NQ/4PP2/P2P4/1PP3P1/R1B1KB2 w Qkq - 0 14	h5f7	544	041314191b
VP96J	8/5ppp/P1k1p3/4P3/8/B2RP3/r4PPP/6K1 b - - 4 30	a2a1 a3c1 a1c1 d3d1 c1d1	544	060p101316
WjMhE	r4rk1/pb2qppp/1pp1p3/3n4/3PQ3/3B1N2/PPP2PPP/3R1RK1 w - - 1 16	e4h7	544	0y1314191b
Wy7jA	2kr2nr/ppp2N2/2n2q2/2p1p3/2B1P3/2NP1QP1/PPP2P1p/R4R1K b - - 0 17	f6f3	544	0t0y1314191b
XCcil	r7/3B2b1/5p1p/2k1p3/8/1R1P4/2P2PPP/6K1 b - - 4 31	a8a1 b3b1 a1b1	544	060p13151o
YOENG	rn1q1rk1/pp3ppp/2p1b3/3n2b1/3PQ3/3B1N2/PP3PPP/RN2R1K1 w - - 0 15	e4h7	544	0y13141b1c
ZX5bm	k1q2b1r/pp4p1/8/B7/4p2p/4P3/PP3PPP/2RR2K1 w - - 0 27	c1c8	544	060p13141b
Zj8mA	3r1rk1/pp3ppp/1q2pb2/1b1n4/3P1P2/2PQ1N2/P1B1N1PP/R4RK1 w - - 5 19	d3h7	544	0y1314191b
ZlWqq	r7/p2r1R2/2p1p3/q2kp2p/3P3P/1pPB4/1P1KN3/8 w - - 0 34	f7d7	544	0p13141b1f
a5m1f	3r2k1/ppp1rppp/2n5/5q2/4b2P/P4N2/1PPQBPP1/1K1R3R w - - 0 18	d2d8 c6d8 d1d8 e7e8 d8e8	544	0610131619
a6fXj	5rk1/p1p3bp/1p1p1rp1/3Pp1N1/q1P4Q/3R2PP/PP2KP1R/8 w - - 13 25	h4h7	544	0y1314191b
aoRpf	5k2/R7/5p1K/P7/4b1P1/4N3/5r2/8 b - - 3 57	f2h2	544	0p13141b1f
azEk3	r2q1rk1/1b1nbppp/pp1pp3/7N/P2QP3/4B3/1P2BPPP/R4RK1 w - - 2 17	d4g7	544	0y1314191b
b0ZjS	2rq1rk1/pb2bppp/1p2p3/2n5/P1N1n3/1PQ2NP1/1B2PPBP/2R1R1K1 w - - 3 16	c3g7	544	0y1314191b
bR8tB	8/5p2/3k1p2/3P3p/4PKpP/2r2P2/3R1P2/8 b - - 1 45	c3f3	544	0p0q13141b1m
cL4B8	2rq1rk1/p4pp1/1p2bb1p/1Pnp2N1/2p4P/P3P1N1/2QP1PP1/3RKB1R w K - 0 18	c2h7	544	111314191b
dPUSp	3r4/7p/1pR2pk1/4b3/4P3/2R4P/P5P1/7K b - - 0 45	d8d1	544	0p111213141b1f
f766G	8/8/8/1k6/pn1K4/Q7/8/8 b - - 5 58	b4c2 d4c3 c2a3	544	0g0p0s111o
fLgSy	6k1/pr3p2/6p1/7p/6bP/2B5/2P5/2K1R3 w - - 0 28	e1e8 g8h7 e8h8	544	0p13151d1o
fUl7P	1r1qk2r/1p1bpp2/p2p4/2pP2p1/P1P1P3/2N3P1/1P2B1P1/2KR3R w k - 0 19	h1h8	544	060t1314191b
fX4E7	r3k2r/1p1b1ppp/p2bp3/3pqB2/8/P1N1B3/1P3PPP/2RQ1RK1 b kq - 0 19	e5h2	544	0y1314191b
go7Fl	8/3R4/p1p2K2/3p1P1k/PPr3r1/8/8/8 w - - 2 60	d7h7	544	0p1113141b1m
iA6pi	r4rk1/pbpnb1pp/1p1p1n2/4pNq1/3P4/2P1P2P/PPBN1PPB/R2QR1K1 b - - 0 14	g5g2	544	0y1314191b
iLjvo	5rk1/2q3pp/1n2p3/2rpNn2/8/P2Q1N2/5PPP/R1R3K1 b - - 1 22	c5c1 a1c1 c7c1	544	0g191o
ll6qQ	3r1rk1/pQp2pp1/7p/8/8/2P3R1/PP1q2PP/R6K b - - 0 23	d2d1 a1d1 d8d1	544	060p13151n1o
nQH7B	2kr4/1p6/p1n5/4pp2/8/1P2n2R/PBP1N2P/2KQ4 b - - 0 26	d8d1	544	1314191b
naJFD	2rqk2r/pp1b1pp1/7p/2b1P3/2Q1p3/6P1/PP4BP/R1B2R1K w k - 4 17	c4f7	544	041314191b
nxRRj	5r1k/4Q2p/p3p1p1/1p1pq3/1P6/7P/P5P1/R6K w - - 0 30	e7f8	544	0p13141b
oRFuj	1r1q1rk1/3b1ppp/2n1pb2/pp1p4/N2P4/P2QPNP1/1P3PP1/1BR2RK1 w - - 0 19	d3h7	544	0y13141b1c
ryGzr	r2qk2r/pp2bppp/2n2n2/2ppN2Q/5P2/8/PPPP2PP/RNB2RK1 w kq - 3 10	h5f7	544	0413141b1c
s7KJm	8/1p6/p2kp1P1/3br3/5pBP/P2R4/1P3P2/6K1 b - - 0 45	e5e1 g1h2 e1h1	544	0p13151d1o
sKGvv	rn1q1rk1/5ppp/ppp5/3p4/3P2n1/2NQPNP1/PP3PP1/R3K2R w KQ - 1 14	d3h7	544	0y1314191b
sbPOE	2r2rk1/pq1pbpp1/n3p2p/3bP3/2pP4/P3B2P/1PQN1PP1/1BR2RK1 w - - 4 19	c2h7	544	1314191b
t6Cwp	4k3/R4p2/4pP2/6p1/1pqP1n2/2p5/4Q3/4K1R1 b - - 0 44	c4e2	544	0p13141b
uQUiB	3r1k2/1p3p1p/p2N2p1/1b2b3/6Pq/1Q3B2/P4P2/3R2K1 w - - 3 33	b3f7	544	1314191b
uQYKB	r4rk1/3n2pp/p1p2p1B/2q1pb2/3p3P/5NQ1/PPP2PP1/2KR3R w - - 0 19	g3g7	544	0y1314191b
uRVPg	r2q1rk1/ppp2ppp/1n6/4P1P1/4Q3/2n5/PP4P1/R1B1K2R w KQ - 0 17	e4h7	544	0y1314191b
veoBb	2R5/7k/6pp/5Q2/3q4/P7/1P3PPP/6K1 b - - 1 35	d4d1	544	060p13141b
vw1R3	4r1k1/pp1b1pp1/2p4p/3p2nq/8/2P1QN1P/PPB2PP1/4R1K1 w - - 6 24	e3e8 d7e8 e1e8	544	0y1315191f1o
wDSDd	r2q1rk1/p2p2pp/1pn2b2/2pp2N1/3P1B1P/2PQ4/PP3PP1/R3K2R w KQ - 0 15	d3h7	544	0y111314191b
xW6Ug	8/8/5k2/5p2/P7/5K2/8/8 w - - 1 63	a4a5 f6e5 a5a6	544	0g0p1e1l1o
yMIap	r4rk1/pb3pp1/1p2p1qp/4P3/8/1P1B4/P2Q1PPP/R4RK1 b - - 2 18	g6g2	544	0y1314191b
ymBma	4r1k1/Qp4p1/5p1p/5b2/PP2r3/2R5/5PPP/3R2K1 b - - 0 28	e4e1 d1e1 e8e1	544	060p13151o
z2sHv	3r2k1/pppq3p/4b1p1/8/4B1P1/P4P2/nPP5/1K2Q1NR b - - 2 25	d7d1 e1d1 d8d1	544	1315191k1o
zOiRk	r2q1rk1/p4ppp/4p3/1p1n3b/1P1P4/3QPN1P/2B2PP1/R4RK1 w - - 5 19	d3h7	544	0y1314191b
0fs3w	6q1/p6p/k7/3b4/1QpB1P2/8/P5PP/1R5K b - - 0 41	g8g2	545	0p1113141b
0iMlo	6QK/5k2/8/8/8/8/6q1/8 b - - 0 70	g2g8	545	0p13141b1i
21Sve	8/ppp4R/3pk3/8/4P3/2B1n3/P2Nr2P/7K b - - 2 23	e2e1 d2f1 e1f1	545	0p13151o
2eNNq	8/5Npp/k7/1r6/4R1n1/P7/6PP/6K1 b - - 0 38	b5b1 e4e1 b1e1	545	0p13151o
37Vwl	1r4k1/pb4pp/8/1pp1RP2/8/2P2qP1/PP5P/4Q1K1 w - - 0 32	e5e8 b8e8 e1e8	545	0p13151o
3Cr5j	3r2k1/ppp4p/1b3Q2/3q4/4N2N/P5Pb/5P1P/R2R2K1 b - - 2 29	d5d1 a1d1 d8d1	545	1315191f1o
5wTJN	2rkr3/8/p6Q/q7/3P2Pp/2P1P3/3n1P2/2R2RK1 w - - 3 29	h6d6	545	0q1314191b
6TAJR	8/8/p1q3k1/5p2/5B2/3R1PP1/P4K2/8 w - - 3 39	d3d6 c6d6 f4d6	545	0g0p0s1o
9hr09	5rk1/7p/1R2R3/3pB1p1/2r5/4P3/6PP/6K1 b - - 3 32	c4c1	545	0p13141b
AOm9H	8/1K6/8/8/8/6Qp/7P/5qk1 b - - 9 68	f1g2 b7c7 g2g3	545	0g0p1i1o
Bgu6U	3Q4/8/4p3/p1qk2p1/8/5P1P/6PK/8 b - - 9 52	c5d6 d8d6 d5d6	545	0g0p11121i1o
DKVsM	4rr1k/p1p4p/1p1p4/4q1p1/1PP2P2/P7/2Q2PPP/2R1R1K1 b - - 0 24	e5e1 c1e1 e8e1	545	060p13151o
E7LtL	8/8/8/8/1R1P4/3rPk2/8/5K2 b - - 0 54	d3d1	545	0p13141b1m
G9Ezi	r4rk1/b4ppp/p2p2n1/1pPb4/1P1QP2q/P7/1BB2PPP/R4RK1 w - - 0 17	d4g7	545	0y1314191b
G9rOT	6k1/2q2p1p/4p1pP/2ppPnP1/1P1n1PB1/8/5K2/Q7 w - - 0 35	a1a8 c7b8 a8b8	545	0p13151o
HUnMK	8/6k1/4R2p/6pK/r7/7P/6P1/8 b - - 6 46	a4h4	545	0p13141b1m
INnxD	rn2r1k1/p4ppp/1p6/2pp4/3P4/P1PB1P1P/2P2P2/4RRK1 w - - 0 17	e1e8	545	0p0t0y13141b
IuCgc	r3r1k1/p4N2/n1pB2p1/1p1p4/3P3q/PR1QP3/2P5/3K1n2 w - - 0 26	d3g6	545	0y1314191b
K53N7	r1b2rk1/p1p1qppp/1bpp4/8/1P2P3/3n2Q1/PBPN1PPP/R4R1K w - - 0 14	g3g7	545	0y1314191b
KiZlq	r1bq1rk1/pppp2p1/4p2p/3nP1N1/7P/2PQ4/P4PP1/R1B1K2R w KQ - 1 14	d3h7	545	1314191b
LJeBc	5r1k/Q5b1/5q2/8/4p2P/3p4/PP3P2/1K1R2R1 b - - 0 32	f6b2	545	0p13141b
LriHB	4R3/pRpk2p1/8/5PB1/6p1/n2r4/P4PPP/6K1 b - - 0 23	d3d1 e8e1 d1e1	545	060p13151o
MBtTT	1r1r2k1/1p2ppbp/2qp2p1/3n4/2PQ4/1P4P1/PB2PP1P/R2R2K1 w - - 0 18	d4g7	545	0y1314191b
MZga4	r1bq1rk1/pp3pp1/5b1p/4p1N1/3p3P/3Q4/PPPB1PP1/2KR3R w - - 0 15	d3h7	545	1314191b
Nd86d	k2r4/ppQ5/5p1p/4p3/8/P4q2/KPP5/8 w - - 0 38	c7d8	545	060p1113141b
R0dt2	k2r3b/pp6/q7/3Pp1Q1/8/8/P5PP/1R4K1 w - - 2 29	g5d8	545	0p0t13141b
S82cH	r4rk1/2q1bpp1/p1p5/2PnP1N1/3p2p1/6P1/P1Q2P1P/R1B1R1K1 w - - 1 21	c2h7	545	1314191b
SQYJm	8/p5k1/6p1/2p1p1Q1/7n/P2P3P/7K/8 b - - 0 40	h4f3 h2g3 f3g5	545	0g0p0s1o
TNH13	5rk1/pb3q2/4p1p1/3p3p/N7/1PR3bP/P2Q2P1/3R3K b - - 2 26	f7f1 d1f1 f8f1	545	1315191f1n1o
Tpgj1	Q7/2R5/8/p7/3R1P2/k1P5/1r4PP/7K b - - 1 42	b2b1 d4d1 b1d1	545	060p13151j1o
Vf5E0	r4rk1/ppqn1ppp/2pbp3/8/3PQ3/3BB2P/PPP2PP1/R3R1K1 w - - 1 14	e4h7	545	0y1314191b
WlsRy	4rrk1/1q4b1/3Np1p1/1B2p2p/3p1n2/1Q4BP/PP3PP1/R4RK1 b - - 2 31	b7g2	545	0y1314191b
Y5MxK	1k1r4/ppp2p1q/3p1Qp1/4n3/4P3/3P3B/PPP5/1K3R2 w - - 2 28	f6d8	545	0p0t13141b1k
ZNUIA	6k1/pp3pp1/6Qp/8/3R4/1PP5/P4rPP/7K b - - 0 30	f2f1	545	060p13141b1j
ZR4nZ	r4rk1/1bN1bpp1/pp2p2p/n2qN3/3P4/P5P1/1P2B1PP/R2Q1RK1 b - - 0 18	d5g2	545	0y1314191b
a5Ja1	k7/pp5p/2r1r3/n1pb2p1/8/2K3P1/5R1P/2B5 w - - 0 40	f2f8 e6e8 f8e8 c6c8 e8c8	545	060p101316
bWWgh	b3r1k1/6p1/1p4np/2p2p2/2P1qP2/2Q1p1PP/1BP5/4RNK1 w - - 2 28	c3g7	545	0y1314191b
bsJYN	2N5/7p/4p1pk/2b5/p7/5Q1P/P3B1K1/2q5 b - - 5 40	c1g1	545	0p111213141b1s
c1MWj	r1b3k1/p4ppp/4p3/1Q1pP3/2q5/8/5PPP/R4RK1 w - - 1 25	b5e8	545	0p13141b
fTRsX	r1b2rk1/p3qppp/2p5/2b1p3/4QP2/3B4/PPPB2PP/R3K2R w KQ - 0 15	e4h7	545	0y1314191b
hdask	2rk3r/pp1n2p1/1q2P3/3Q2p1/4p1P1/P3P3/1P3P1P/R2K3R w - - 1 24	d5d7	545	1314191b
iPSDg	2kr1b1r/pbqnppp1/8/6Np/6n1/2N4P/PPPPBPP1/R1BQ1RK1 b - - 1 10	c7h2	545	13141b1c
ieZ5L	2R5/8/6p1/5p1k/5P2/r5P1/5K2/8 w - - 16 57	c8h8 h5g4 h8h4	545	0p13151m1o
iwAVQ	4r1k1/1p2qp1p/p2b1p2/3p1N2/8/2P2Q1P/PP3PP1/R5K1 b - - 0 22	e7e1 a1e1 e8e1	545	0p0y13151f1n1o
iyVxg	5q1k/2p3pp/p1n5/8/1pp1b3/7P/PPP3P1/3R1R1K w - - 0 28	f1f8	545	060p13141b
izHHf	5r1k/2p3pp/2p5/5b2/1Q2pq2/8/1PP2P2/1K5R w - - 1 28	b4f8	545	0p0t1113141b
mjwE9	r5k1/2q2pp1/7p/p2p4/2bP4/2P1Q3/1rB3PP/R3R1K1 w - - 3 31	e3e8 a8e8 e1e8	545	1315191f1n1o
ndUuo	4r2k/1b5p/3p1q2/p1p5/Pp2P3/1BbP4/2P3QP/6RK w - - 0 33	g2g8 e8g8 g1g8	545	1315191d1n1o
oLda6	r3k2r/p4ppp/2p5/1pb1P3/1q2n1Q1/1B2B3/PP3PPP/RN2R1K1 b kq - 0 15	b4e1	545	0t0y1314191b
oUUbA	2R5/2P2p1k/4r1p1/7p/P3q3/8/1Q3PPP/2R3K1 b - - 0 34	e4e1 c1e1 e6e1	545	060p13151n1o
pOnEG	rn1k2nr/ppp2Bpp/3q1b2/8/6b1/1P3N2/P1PPQ2p/RNB2R1K w - - 1 13	e2e8	545	13141b1c
ptCeF	2r2rk1/5pp1/pq2p3/1pbpn1Np/7P/1NPQ2B1/PP3PP1/2R3K1 w - - 0 19	d3h7	545	1314191b
qOznI	1r3r1k/1b1p2p1/pPn1p2p/4Pq2/5PQ1/2P3R1/P2B2PP/4R1K1 w - - 11 30	g4g7	545	0y1314191b
qv5tv	2rr2k1/1b2bppp/p3p3/1p1qN3/3P4/P2BB2P/1P1Q1PP1/2R1R1K1 b - - 0 18	d5g2	545	0y1314191b
rCqan	rbb2rk1/1p3pp1/p2q1n1p/2p5/3PP3/P2P4/1B2BPPP/1RNQ1RK1 b - - 0 16	d6h2	545	0y13141b1c
sfJYi	5r1k/pR4pp/8/4Q3/2Bp4/q2P4/P4PPP/6K1 b - - 0 25	a3c1 e5e1 c1e1	545	0p13151o
uTwYw	3r2k1/Bp3ppp/5n2/p7/8/P3P2P/1P2KPP1/3R2bq w - - 0 31	d1d8 f6e8 d8e8	545	060p13151o
uhnkO	rn1qk2r/3p2p1/b1p1ppn1/p3P2p/B2PQ3/B1P2N2/2P2PPP/R3K2R w KQkq - 0 17	e4g6	545	0t1314191b
wgLF0	r2B1bkr/pp4p1/2p1N1b1/6Np/7P/8/PPn3P1/5R1K w - - 0 26	f1f8	545	0y1314191b
wrVAe	rn1q3k/pbp3pp/1p1p4/8/1Bp5/4P2P/PP1Q1P1P/2R2RK1 b - - 0 18	d8g5	545	1314191b
y1rxC	r2q1rk1/1b1nbppp/p1n5/1p2p1P1/4Q2P/1NNB4/PPP2P2/R1B1K2R w KQ - 1 15	e4h7	545	0y1314191b
yLaMI	r3r1k1/pp3pbp/6p1/4q3/2P1P3/3Q4/PP2NP1P/2KR1B1R b - - 0 15	e5b2	545	1314191b1k
ySZXU	3q1k1r/1pP1Rppp/p4n2/2p3N1/1n6/8/PP3PPP/R1BQ2K1 b - - 0 19	d8d1 e7e1 d1e1	545	0t0y1315191o
z7lqm	r7/1pp1qp2/1p1pbn2/4p1rk/2P1PP1P/1P2K1Q1/P1P5/R4R2 w - - 0 24	g3g5	545	1314191b
zNuxN	8/8/8/pp6/5P2/k3K3/P7/8 w - - 1 50	f4f5 a3a2 f5f6 b5b4 f6f7 b4b3 f7f8q	545	000g0p1e1h1l1w
zp2dp	r1b1k1nr/pppp1ppp/2n1pq2/2b5/8/1PN3P1/PBPPPPBP/R2QK1NR b KQkq - 2 5	f6f2	545	0413141b1c
1Lk9R	7k/p4rpp/8/5p2/4P3/8/PP1r2PP/2R3K1 w - - 0 26	c1c8 d2d8 c8d8 f7f8 d8f8	546	060p1013161m
1Zk6h	7k/q5pp/4r3/p3pP2/8/2P3P1/Pr5P/3RR2K w - - 0 30	d1d8 e6e8 d8e8	546	060p13151j1o
2LPkB	4r2k/1b4pp/1pn5/3N4/1P1p1pqn/PQ1P4/5PB1/4R1K1 w - - 0 28	e1e8	546	06111314191b
2cjAY	3r4/p3Q1pk/6pp/4n3/7R/2Pq4/PP4P1/K6R b - - 4 27	d3d1 h1d1 d8d1	546	060p13151n1o
3yFUs	2b2qk1/3n1ppp/3p4/p1pP4/PpP1Q3/1P1B1PB1/6PP/6K1 w - - 4 25	e4h7	546	0p0y13141b
7mCY6	r4rk1/p5pp/1pp1pq2/8/4Q3/P3P1PP/1PP2P2/R4K1R b - - 0 18	f6f2	546	0p13141b
9Fed9	r2qk2r/pp1bnp2/2pp1p1p/2b1pP1Q/2B1P3/2NP4/PPP3PP/R3K1NR w KQkq - 0 11	h5f7	546	041314191b
9JyPw	1q3b1r/1pN2p1p/p3P1p1/3r1kP1/5p1P/3R1P1R/PPP5/2K5 w - - 0 25	d3d5	546	1314191b
9VXOZ	Q7/5p1k/4p1p1/p6q/3B1P2/P1P5/1r4P1/6K1 w - - 4 37	a8h8	546	0p13141b
Bexwm	rn2kb1r/pbp1pppp/1p3n2/4N3/3P2q1/8/PPP1BPPP/RNBQR1K1 b kq - 5 8	g4g2	546	0y13141b1c
BmWrb	2R2nk1/3r3p/3ppQ2/8/1q2P3/7P/5PP1/6K1 w - - 0 33	f6f8	546	0p1113141b
BzFwv	2rqbrk1/5pp1/2p1p2p/pp1nP3/3PQ3/P1PB2b1/3N1PPP/R1R3K1 w - - 0 21	e4h7	546	1314191b
CLfqx	8/8/1Q2pbk1/3q1pp1/7p/P6P/1P3PPB/6K1 b - - 0 42	d5d1	546	060p1113141b
CxcNL	5rk1/p7/7p/6p1/1P4r1/2Qp4/7P/5R1K b - - 0 47	f8f1	546	0p13141b1j
GTiTv	6r1/4bp2/2q4k/2P2Q2/P1R3P1/4P2p/5PP1/5RK1 b - - 2 30	c6g2	546	0p1113141b
ITDRY	8/5k2/8/5pPK/8/4R3/8/5r2 b - - 1 42	f1h1 e3h3 h1h3	546	0p13151m1o
IXPwU	r4r1k/pp3p1p/3B4/8/3bP1q1/P1N2R2/1PB1Q2P/7K b - - 0 24	g4g1	546	1314191b
IqWJO	r4rk1/pp2bppp/1q1p1n1B/1Bp5/4P1Q1/2N5/PPP2PPP/2KR4 w - - 5 16	g4g7	546	0y1314191b
KPnIB	5k2/5pp1/R4b1p/1p2pN2/8/P4rPP/1n3P2/6K1 w - - 0 43	a6a8 f6d8 a8d8	546	0p13151o
KzlAT	r1b4k/1p2qr1n/p2p3b/2pPpp1B/2P1P3/2N3QP/PP3P2/R3K1R1 w Q - 0 20	g3g8	546	1314191b
MVdma	2q2rk1/1r2b1pp/p3p3/2p1Qp2/3B4/8/PPP2PPP/R4RK1 w - - 0 25	e5g7	546	0y1314191b
NBbjc	1R1r2k1/1N6/5pK1/5P2/2p5/7P/6P1/1q6 w - - 2 53	b8d8	546	0p0t1113141b
NF1eS	5k2/1R3p2/4pKp1/7p/5P2/3P4/5r2/8 w - - 6 53	b7b8	546	0p13141b1m
NnBpe	5bk1/1b3pp1/7p/p1pq4/2pB4/P5NP/1PP3P1/2Q1R2K b - - 0 29	d5g2	546	0y111314191b
OX47D	2k5/5p1r/2p2P2/ppNpP1p1/3P2P1/2P3K1/5RR1/7r b - - 9 48	h1h3	546	0p0q13141b
PxcRP	r6r/pp1k2p1/2qb1n1p/4P3/3P3n/2P5/PP4PP/RNBQR1K1 b - - 0 17	c6g2	546	0y1314191b
RdqxE	rnbqr1k1/pppp1ppp/5n2/6B1/1b1P4/5QP1/PPP2P1P/RN1K1BNR b - - 4 8	e8e1	546	13141b1c1d
Rh2Ec	r4rk1/ppp2pp1/3bB2p/4q3/4P3/1QN5/PP3PPP/R4RK1 b - - 0 14	e5h2	546	0y1314191b
SqVK2	2kr3r/1pp3pp/p3q3/4p3/3P4/7P/PPQ2PP1/2R2RK1 w - - 0 23	c2c7	546	0p13141b1k
TJurh	r4rk1/p4pp1/b3qb1p/2pp4/N7/3QP3/PPB2PPP/R2R2K1 w - - 0 19	d3h7	546	1314191b
VVTNT	4r1k1/p4R2/2p3P1/2Rp3N/3b4/P7/6PP/7K b - - 0 31	e8e1 f7f1 e1f1	546	060p13151o
Xmyfn	1q2kb1r/5pp1/2n1p2p/3pP1B1/B1pP3P/2P2N2/5PP1/5RK1 w k - 0 21	a4c6	546	0a0t1314191b
YNqxV	8/4k1p1/4p3/8/3b4/1P2B2P/P2N2P1/6K1 b - - 0 38	d4e3 g1f1 e3d2	546	010p0s0t1o
YPLXh	7R/4kp2/1pB1p1p1/4P3/P1P2PK1/1r6/8/4b3 w - - 2 53	h8e8	546	0p13141b1d
YoT2y	2r1kbnr/p4ppp/Q1pp2q1/2p3B1/3pP3/2P2b2/PP3PPP/RN3RK1 w k - 0 12	a6c8	546	0t1314191b
Z7B8h	r5k1/5ppp/1Q2p3/p3P3/qP6/P7/5PPP/3R2K1 b - - 0 29	a4d1	546	060p0t1113141b
b6GnH	r1bqr1k1/5p2/p1p3p1/3pB2Q/Nb6/7P/PP3PP1/R4RK1 w - - 0 18	h5h8	546	1314191b
bLCpT	r5k1/4n1pp/3QPb2/4n3/p3P3/4r3/1q4PP/3R1K1R w - - 0 27	d6d8 a8d8 d1d8	546	1315191n1o
bNFdu	5R2/R7/6k1/3p4/3NP3/2N5/PPP4r/1K6 b - - 0 42	h2h1 f8f1 h1f1 c3d1 f1d1	546	060p101316
bROpq	r4rk1/ppp2ppp/3N2q1/3b4/3N4/7P/PPP2PP1/R2QR1K1 b - - 0 15	g6g2	546	0y1314191b
bmHrP	r2q1rk1/4bpp1/p3p2p/3p3N/2pQbP2/8/PPP3PP/R1B2RK1 w - - 0 19	d4g7	546	0y1314191b
cUNae	r3k2r/2qpppb1/6p1/pp1b2B1/2p5/3P1N2/PPP1Q1PP/R4RK1 w kq - 0 16	e2e7	546	1314191b
fRzKg	4bk2/pp4p1/4p3/3pP3/1q1P4/3nQ3/PP2N1PP/1B4K1 b - - 5 29	b4e1	546	0p1113141b
flHa8	5rk1/ppp3p1/1bn1pr1p/4p1Nq/4Q2P/3PB1P1/PPP2P2/4RRK1 w - - 0 19	e4h7	546	111314191b
h99U5	8/1p5k/2pp3p/p1nPP2P/4P1br/8/PPP5/1K5Q b - - 0 36	h4h1	546	060p0t13141b
hfGtK	2kr2r1/ppp2p2/5q2/2Qpnp1p/3P2b1/4P1P1/PP3PBP/2R1R1K1 w - - 0 20	c5c7	546	1314191b1k
iE4Kh	r4r2/pq3kbQ/2b1p1p1/2p5/2P1P3/3BB3/PP4P1/2KR3R b - - 0 22	b7b2	546	1314191b1k
iLYhc	2rr4/pb2kpbp/2q2np1/n1N1p1N1/8/Q2PB3/PPP1BPPP/R4RK1 b - - 0 18	c6g2	546	0y1314191b
kKKnC	2r5/1kr2p2/1p2p3/3p1p2/1N1P4/b2RP1P1/P3QP1P/K6R b - - 0 28	c7c1 h1c1 c8c1	546	1315191f1o
kKvJL	5r1k/3Q4/6q1/3p4/3P2p1/2P5/P3RPPP/6K1 b - - 3 32	g6b1 e2e1 b1e1	546	0p13151o
l2pzU	2r2r1k/3R4/4pNp1/2p4p/1pP5/pP4P1/P4PKP/8 w - - 0 34	d7h7	546	030p1113141b
licUe	r1bbk2r/pp3ppp/4p3/6B1/4n3/8/PPP2PPP/2KR1B1R w kq - 0 13	d1d8	546	1314191b1d
moUl2	8/3k3p/2pBr1p1/8/3Q4/6P1/PPP4P/1K2R3 b - - 0 36	e6e1 d4d1 e1d1	546	060p0t13151o
nf5fn	rn2k1nr/p4p2/1p2p1p1/3bN1q1/2NP1B1p/2P4P/PPB3P1/R2Q1RK1 b kq - 0 15	g5g2	546	0y1314191b
oHA6T	3r2rk/pp2R3/5p2/2Pp4/1P6/2P2Pq1/P1Q4p/5R1K w - - 5 36	e7h7	546	0p1113141b
og6Ys	8/7R/4B1p1/6k1/3p4/5PKP/3r4/5b2 b - - 4 45	d2g2	546	0p0q13141b1d
omf3y	6k1/p4ppp/2pb1nb1/q1p3Q1/N2p3N/1P1P3P/PBP2PP1/4R1K1 b - - 0 18	a5e1	546	0y1314191b
onvmO	1q3b2/5pk1/P3pp2/3p4/Q2P4/4P1Pp/2R2P1P/6K1 b - - 0 40	b8b1 c2c1 b1c1 a4d1 c1d1	546	0p101316
pHZFj	rnb1k1nr/ppp2ppp/3b4/3p3P/4P1PR/8/PPPPP3/RNBQKBN1 b Qkq - 0 6	d6g3	546	0a13141b1c
qGDFo	4r1k1/pp1n3p/2PNr1p1/2Pn4/3P1p2/1R5P/3Q1PPB/6K1 b - - 0 34	e6e1 d2e1 e8e1	546	061315191o
qmm8a	6k1/pb3p2/2p1pnp1/2N4p/1q1QP3/1N3P2/PP4PP/6K1 b - - 1 22	b4e1	546	0p13141b
r2RHF	r3k2r/pp2bpp1/2b4p/3qp3/2N5/3Q4/PPP2PPP/R1BR2K1 b kq - 1 14	d5g2	546	0y111314191b
rwu7X	5R2/8/5Kpk/7p/6r1/8/8/8 w - - 6 73	f8h8	546	0p1113141b1m
s6c9G	2kr2r1/pbpp1p1p/1p6/4P1Bp/2B5/2N5/PPP2P1P/R4RK1 b - - 3 16	g8g5	546	0t1314191b1f
se3Oy	5r1k/2q4p/2b3p1/5p2/pQBbP3/P4P1P/1P3P2/4R1K1 w - - 0 30	b4f8	546	0t1314191b
tTwCg	2r1k2r/1b6/p1pqpQp1/3p1p2/N2P4/4P3/PP3PPP/2R2RK1 b k - 0 18	d6h2	546	0y1314191b
tcc47	r2q1k1r/ppp1np2/2np1b1p/6pQ/2B1P2B/2P4P/P4PP1/R4RK1 w - - 0 17	h5f7	546	1314191b
tzX7v	r4rk1/ppp2ppp/2b5/3qp3/3B4/1P1P4/P1P1BPPP/1R1Q1RK1 b - - 0 13	d5g2	546	0y1314191b
uYcIn	8/8/1k6/2R5/KP6/1P6/5r2/8 b - - 0 78	f2a2	546	0p13141b1m
ufRkq	4r1k1/3r3p/6pB/1p6/1P1p4/4nRP1/2P4P/5RK1 w - - 4 32	f3f8 e8f8 f1f8	546	0p13151d1o
xGoGA	3r2k1/2r2ppp/p4q2/1p2pP2/4P2P/5N2/2PQ2K1/3R4 w - - 0 33	d2d8 f6d8 d1d8	546	060p0s13151o
yYOsz	r5k1/pQp1qpp1/3p3p/8/3P4/2P2R2/PP2rPPP/2R3K1 b - - 0 25	e2e1 c1e1 e7e1	546	0p0y13151o
yqpAp	rn3rk1/p1p2pp1/1p2p2p/3PN1q1/3Pb3/P1P5/4BPPP/R2Q1RK1 b - - 0 13	g5g2	546	0y1314191b
zrD9D	8/7K/4pkP1/p3p3/8/2n5/8/8 w - - 1 55	g6g7 c3d5 g7g8q	546	00010p0z1h1o
00GoO	r1b2rk1/ppb5/2p4p/2Ppqpp1/1P6/2NBP3/P4PPP/2RQ1RK1 b - - 1 16	e5h2	547	0y1314191b
0opJy	8/8/2K5/1P3p2/1k2p1p1/6P1/6P1/8 w - - 1 59	b5b6 e4e3 b6b7 e3e2 b7b8q	547	000g0p101e1h
0xV0F	8/B7/4k3/p2nr3/6PP/4p2K/P3R3/8 b - - 0 53	d5f4 h3g3 f4e2	547	0g0p0s1o
1SdED	1k6/p5r1/PpR1B3/1P5p/8/3Pr1PK/8/8 w - - 7 41	c6c8	547	0p1113141b1d
1yRbn	8/3k4/pp6/2p5/P1P1N2p/1P2R1pP/1r4P1/6K1 b - - 7 40	b2b1 e3e1 b1e1	547	0p13151o
2oXlh	r2q1r2/1ppn2pk/p1b1p2p/3p1p2/5P2/1P1PP1Q1/PBPN2PP/R4RK1 w - - 2 16	g3g7	547	1314191b
3p3VP	4rr1k/1pp1q1pp/p7/3Q2B1/8/3P4/PPP2RPP/R5K1 b - - 0 20	e7e1 a1e1 e8e1 f2f1 e1f1	547	0y101316191n
4QxGA	r1b2rk1/pp3ppp/1q6/3R4/8/P1p2NQP/1PP2PP1/1K3B1R b - - 0 18	b6b2	547	1314191b1k
61cV7	r3r1k1/ppp2pPp/5q2/1P5Q/1bP1p3/1P1P2P1/5PK1/nN4NR w - - 0 24	h5h7	547	0y1314191b
7YY1Y	rn2r1k1/p5pp/1p6/3p4/2pP2Q1/B7/P4RPP/4R2K b - - 0 24	e8e1 f2f1 e1f1	547	060t1315191o
8AtdS	2k3rb/1pp5/p1p1Rr2/P1Nn2pp/3P1p2/2B4P/1P3PP1/4R1K1 w - - 0 30	e6e8 g8e8 e1e8	547	1315191k1o
8N2W0	4q1k1/2p1rppp/p2b4/1p6/8/PN3Q1P/1P3PP1/2R1R1K1 b - - 0 30	e7e1 c1e1 e8e1	547	0y1315191o
8Rsdy	r1b2r1k/1pp1b1p1/p1n5/4p3/2B4P/1P6/P1PB1Pq1/R2QK2R w KQ - 2 17	d1h5	547	1314191b
9bcsQ	6k1/RR6/1p1p3K/8/3P1n2/1P3P2/1P5P/6r1 b - - 9 39	g1g6	547	0p13141b
9elFs	1rb2rk1/p2pnppp/2q5/8/2p1P3/2QP4/PB3PPP/2R2RK1 w - - 0 17	c3g7	547	0y1314191b
AFlNs	k7/ppR4r/b2r2p1/8/P2Pp3/8/1P4PP/6K1 w - - 0 25	c7c8	547	060p13141b
CoMDP	4r1k1/pp3p2/6p1/5q2/3B1b1p/P1P2P1P/1P4P1/4R1K1 w - - 0 34	e1e8 g8h7 e8h8	547	0p13151d1o
DOISa	2qbr1k1/5ppp/4p3/2BpP3/Q1nP1P2/2P2N1P/6PK/1N6 w - - 5 26	a4e8	547	0t0y11121314191b
GunhI	r1b2rk1/1pp2p2/p1n4p/3p3q/6n1/2BBPN2/PPQ2PP1/R4RK1 w - - 0 16	d3h7	547	1314191b
H57TT	r4rk1/p3ppbp/q1pp2p1/8/4P3/P1N3Q1/P1P2PPP/1RB2R1K b - - 0 18	a6f1	547	0t0y1314191b
Hu69k	8/8/p1b3k1/4p1P1/1P1p2N1/4p2P/4K3/8 w - - 2 53	g4e5 g6f5 e5c6	547	0g0p0s1o
JTV7D	r6r/p1RRnk2/4p3/4P3/8/6B1/PPP2P2/1K6 b - - 4 32	h8h1 d7d1 h1d1	547	060p13151o
LYnhb	Qn2kb1r/p3pppp/5n2/qp6/1PpP1Bb1/4P3/P4PPP/R3KBNR b KQk b3 0 9	a5b4	547	13141b1c
LgXwE	4rrk1/pp3ppp/2nq4/3p4/8/2pQ1N2/PP1N1P2/2KR3R w - - 0 20	d3h7	547	0y1314191b
M10Te	6k1/5pp1/1p5p/p7/2PbQ3/qP4B1/P4PPP/6K1 b - - 0 26	a3c1 e4e1 c1e1	547	0p13151o
MKf1J	1k6/p1p5/1p1r2p1/7p/2P1P3/5BbP/PP2R1P1/5K2 b - - 2 28	d6d1 e2e1 d1e1	547	0p13151d1o
OVaWG	4r1k1/2p2ppp/7r/5P2/3P2Pb/p4R1P/qP2R3/2B3K1 w - - 0 29	e2e8	547	061314191b
PyeDv	rn2k2r/pp1b1ppp/3p2q1/3Pp3/4P2b/2N2BPP/PP5K/R1BQ2NR b kq - 10 15	g6g3	547	13141b1c
QR2lU	3r1k2/4b2Q/1ppq1pB1/p5p1/P7/2P1B3/1P3PPP/R5K1 b - - 2 30	d6d1 a1d1 d8d1	547	061315191n1o
QYHFi	r2q1rk1/pb1n1pp1/np2p2p/4P3/3p4/P1NQ1NP1/1P3PP1/RB2K2R w KQ - 0 17	d3h7	547	13141b1c
Su7pm	r5k1/p5pp/4p3/1R1pN3/3r4/4q2P/2P3PK/1Q6 w - - 0 24	b5b8 a8b8 b1b8	547	0p13151o
T6uUm	4r1k1/pp2qpp1/2p2p1p/3n4/3P2b1/2PB2N1/PPQ2PPP/4RK2 b - - 3 18	e7e1	547	1314191b
TUNXD	3q2k1/6r1/2p1p1P1/2n1Np2/1p3P1P/pP6/P7/1K1Q4 w - - 0 42	d1d8	547	0p0t13141b
TpxdU	6k1/p4p1p/4p1p1/2p1n3/2q1BB2/P1N5/1R4PP/5R1K b - - 0 27	c4f1	547	0t1314191b
UQ84N	4r1k1/2r1n2p/p2pN1p1/3P4/4p3/2qB3P/5RP1/5R1K w - - 2 29	f2f8 e8f8 f1f8	547	1315191o
UrAmd	4rbk1/ppp1qppp/2p5/8/2bN1B2/2N3Q1/PP3PPP/3R2K1 b - - 0 21	e7e1 d1e1 e8e1	547	061315191n1o
ViazD	b1r2r1k/3nq1pp/3bp1p1/p1pp2N1/Pp3P1Q/1P1PP3/1BP3PP/R4RK1 w - - 0 19	h4h7	547	0y1314191b
XgO8y	8/p7/2p5/4p1BP/P7/7k/4r3/6RK b - - 0 41	e2h2	547	0p13141b
XqLNk	6k1/p6p/5pp1/2P5/1P1p1p2/5QqP/6PK/8 w - - 2 40	f3g3 f4g3 h2g3	547	010p1i1o
ZaaFG	r4rk1/p5pp/4R3/8/6P1/PQ1p2b1/3P2P1/2B4K b - - 2 28	f8f1	547	0p13141b1f
ZgSX8	rnbqk1nr/1pp2ppp/1p1p4/4p3/1PB1P3/5Q2/P1PP1PPP/R1B1K1NR w KQkq - 0 8	f3f7	547	0413141b1c
dWYjc	8/8/p7/1p4P1/2p2K2/2k5/8/8 w - - 0 51	g5g6 b5b4 g6g7 b4b3 g7g8q	547	000g0p101e1h
dbIVg	4r1k1/p2q1ppp/2p2n2/7r/3p1B2/2PP1QP1/PP1N1PKb/R6R b - - 0 22	d7h3	547	1314191b
dtU44	8/5p2/5k2/1p5P/1P3pn1/P2R4/8/7K b - - 0 44	g4f2 h1g2 f2d3	547	0g0p0s1o
dvNBt	r2qkn1r/pp3ppp/2n2b2/2p1pPBQ/2Bp3P/3P1N2/PPP2PP1/R3K2R w KQkq - 1 13	h5f7	547	041314191b
eixkj	r1b3k1/p1p2ppp/1bp5/4r1B1/8/2N5/PPP2PPP/3R1RK1 w - - 0 15	d1d8 e5e8 d8e8	547	061315191o
g6g1j	rnb1q1k1/pp3pp1/2p2p2/8/1P1P1b2/2PB4/P4PpP/R3R1K1 w - - 0 16	e1e8	547	0y1314191b1f
gY4sQ	r2q1rk1/1p1b1pp1/p1p3np/3p1N2/1P1QPP2/2P3PP/P7/R3KB1R w KQ - 0 18	d4g7	547	0y1314191b
gbPbe	5r2/pR2R1pp/2p3k1/bp6/2b3P1/7P/PPPBN3/2K5 b - - 0 26	f8f1 d2e1 f1e1	547	1315191f1o
iUEZc	rn1qkb1r/4pppp/1p3n2/pbp5/4P3/2N1B3/PPPQ1PPP/2KR2NR w kq - 0 9	d2d8	547	13141b1c
j4fI2	r1bq2rk/ppp5/3p1bnp/3Ppp2/8/1B3NN1/PPPQ1PPP/3R1RK1 w - - 10 18	d2h6	547	0y1314191b
j6sKP	5rk1/ppp2pp1/2n1p2p/8/3rQ3/1PqB3P/P1P2P1P/1K1R3R w - - 3 16	e4h7	547	1314191b
jhrca	2r2rk1/2qn1ppp/p2bb3/3p2N1/3p3B/2N5/PPQ2PPP/R3K2R w KQ - 0 19	c2h7	547	0y1314191b
jsYyh	rn2k2r/ppq2pp1/2p1pbp1/8/3PN1P1/8/PPP1BP1P/R2Q1RK1 b kq - 1 14	c7h2	547	0y1314191b
keNpJ	8/1k3pQ1/2p4p/1p6/2q1P3/4PP2/P7/K7 b - - 0 42	c4c1	547	0p13141b1i
l8dpf	rnb4k/ppp3pp/3q4/8/8/2P5/PP3PPP/RNB1R1K1 w - - 0 14	e1e8 d6f8 e8f8	547	060s1315191o
lWh0f	5k2/p4rb1/1p1R4/3N1pR1/3p1Pp1/3K2P1/PP4P1/6r1 w - - 10 37	d6d8	547	0p1113141b
n2e8v	r3k3/pbpp1p1p/1p1bp3/4q3/2P1P3/P2B3P/R2N1PP1/3Q1RK1 b q - 3 18	e5h2	547	1314191b
nxgtG	5k2/2R2ppp/r2P4/8/8/3n3P/1P3PP1/6K1 w - - 0 29	c7c8	547	0p13141b
o2yQb	2r4k/4N2p/6p1/3b4/7P/R5P1/5P2/6K1 b - - 2 39	c8c1 g1h2 c1h1	547	0p1113151d1o
oBryq	r4rk1/3q1ppp/p1pbb3/2p3N1/3pQ3/1P6/PBPP1PPP/R4RK1 w - - 3 16	e4h7	547	0y1314191b
oekbn	6k1/pp2r1pp/8/3pNp2/4n3/4P2P/PP3PP1/2R3K1 w - - 6 29	c1c8 e7e8 c8e8	547	0p13151o
qLxl7	5r1k/pp3Qpp/1qp5/6N1/6n1/2N5/PPP1bPPP/6K1 w - - 0 24	f7f8	547	0y1314191b
sGLoU	r3b2k/4Q2p/3p2p1/3P4/1pP2P2/1P3B2/6PP/7K b - - 0 36	a8a1 f3d1 a1d1 e7e1 d1e1	547	060p101316
sdNLW	krq5/2p5/2Pp1p2/p3bp2/6p1/Q1P1P1P1/PP3P2/2K1R3 w - - 0 34	a3a5 c8a6 a5a6	547	0p13151k1o
uMftb	r3r1k1/pb1p1ppp/8/1P1qN3/8/3B4/P2Q1PPP/3RR1K1 b - - 0 19	d5g2	547	0y1314191b
un05p	r1b4k/pppp2pp/8/6q1/5r2/1B2Q3/P4PPP/2B3K1 w - - 0 19	e3e8 f4f8 e8f8	547	1315191o
wLsDX	8/8/8/P6p/3Kp3/5k2/7P/8 w - - 1 52	a5a6 e4e3 a6a7 e3e2 a7a8q	547	000g0p101e1h
wz6Aw	r1b1r1k1/pppp1ppp/3b4/6Q1/3B4/7P/P1q2PP1/R2R2K1 w - - 2 16	g5g7	547	0y1314191b
x8VPC	3r1rk1/pp2pp1p/6p1/2P1Q3/8/5R2/PPPq1P1P/1K4R1 b - - 2 25	d2d1 g1d1 d8d1	547	060p13151n1o
xOqbs	r4rk1/1pp2ppp/p2bb3/4N1q1/3P1p1n/2P2N1P/PPB2PP1/R2QR1K1 b - - 8 18	g5g2	547	0y1314191b
zCRn3	r2q1rBk/1p3p2/p1p1p3/2Pp3n/PP5P/6P1/2Q3P1/5R1K w - - 0 29	c2h7	547	1314191b
ztLNY	8/6p1/5k2/4p3/1p1bP3/3B1P2/PPPrR3/1K6 b - - 6 34	d2d1	547	0p13141b
0mlzb	rn4k1/5ppp/2p5/1p6/pB6/Pq2PP1P/6P1/2RQ1K2 w - - 4 26	d1d8	548	060p13141b
15yxb	8/8/8/p7/4k2p/P3n1r1/1P2RKP1/4R3 b - - 16 53	g3g2	548	0p13141b
1b3gv	r4rk1/pp1b1ppp/2n1p3/q2pP1NP/3P1nP1/2NQ4/PP3PB1/R4RK1 w - - 1 17	d3h7	548	0y1314191b
2lnQm	r2qkb1r/3bpppp/p1n2n2/1p2N3/3P4/1QN5/PP3PPP/R1B1KB1R w KQkq - 0 11	b3f7	548	0413141b1c
3swpY	2r2rk1/p3bpp1/b3p2p/2p4P/5qn1/P3N3/1PQP2P1/RBB3KR w - - 2 19	c2h7	548	1314191b
46uJS	2R4R/kp2K3/1p2p3/8/1p6/3r1r1P/8/8 w - - 0 42	c8a8	548	0p13141b1m
6E4XK	2r1r1k1/1b2pp1p/2q2npB/1N2Q3/P7/8/1P4PP/3R1RK1 b - - 6 24	c6g2	548	0y1314191b
6pW5Q	r5k1/pp4pp/3B4/3p4/P2Pb3/1P3R2/r5PP/5RK1 w - - 5 26	f3f8 a8f8 f1f8	548	0p13151d1o
87HM5	5r1k/p3Nppp/1p1rq3/8/1Q3Pn1/2PP4/1R4PP/4R1K1 b - - 5 26	e6e1	548	0t0y1314191b
8EvhT	6k1/4R2p/p1R3p1/5b2/8/2P5/r4PPP/6K1 b - - 1 31	a2a1 e7e1 a1e1	548	060p13151o
9J2pp	2rq1rk1/1b3pp1/p1n1p2p/1p1n4/1P1P3b/P1NQ1N1P/5PP1/1BR2RK1 w - - 0 19	d3h7	548	1314191b
BYASX	6k1/1p3pp1/p3p2p/3pP3/1Pqn4/P7/3Q1PPP/5R1K b - - 3 26	c4f1	548	0p0t13141b
CZEVH	5N2/pp6/1k3r2/8/5P1P/4P3/3PK3/8 w - - 1 44	f8d7 b6c7 d7f6	548	0g0p0s111o
E8sXO	rn2r1k1/pp3pp1/1qp1R2p/3p4/3P4/1PNB1N1P/P1Pb1PP1/4R1K1 w - - 0 18	e6e8	548	0t0y1314191b1f
G4qJR	5rk1/1b1n1ppp/4p1n1/3pP1NN/1qpP4/8/1PQ2PPP/1B2R1K1 b - - 1 21	b4e1	548	0t0y1314191b
Hvo6O	r1bqr1k1/pp3pp1/2p2b1p/3p4/3P4/2NB1N2/PnP1QPPP/R3R1K1 w - - 0 15	e2e8 d8e8 e1e8	548	0y1315191f1o
J12GP	2kr3r/ppp1b1pp/3q4/2P5/3Pp1n1/1Q2B3/PP3PPP/RN3RK1 b - - 0 14	d6h2	548	0y1314191b
JNQls	8/8/8/p1p5/P1P5/2N1p3/2K5/5k2 b - - 3 66	e3e2 c3e2 f1e2	548	000g0p0z1o
KgB7J	r2q1rk1/2p5/p1np1b1p/1p2p3/3P4/2PQ1P1P/PPB2P2/R3R1K1 w - - 0 20	d3h7	548	1314191b
MwV0f	3r3k/1p2p2p/4Nbp1/4p3/4P2P/pPPR1P2/P5q1/1K1R4 w - - 0 32	d3d8	548	0p1113141b
P5RxV	4r2k/p5p1/1p5p/2pp1R2/6P1/1P1Bq1P1/P6K/5R2 w - - 0 35	f5f8 e8f8 f1f8	548	0p13151f1o
PPXW4	1rb1kb1r/p2p1pnp/2p1p1p1/q3P3/4N3/1B3Q2/PPP2PPP/R1B1R1K1 b k - 3 14	a5e1	548	0t0y13141b1c
QI0sB	R4r1k/1pp3p1/3pB1P1/8/4Pp1p/5P2/1b5P/7K w - - 4 33	a8f8	548	0p0t1113141b
Qi575	r3b3/2p5/np1p1Qpk/3P3q/1PP1BpR1/7P/4P3/6RK b - - 0 38	h5h3	548	0y111314191b
RPMSo	6rk/4RR2/3p3b/8/4P3/6q1/1P4P1/7K w - - 0 29	f7h7	548	0p13141b
RmG8I	r3k2r/pN3pp1/2nq1n2/3p4/4p1p1/2N1P3/PPP2PPP/R1BQ1RK1 b kq - 0 12	d6h2	548	0y1314191b
RzJuH	1q2k2r/p4pb1/4B1p1/3pP3/2p5/2P1R1Q1/P4PPP/1R4K1 b k - 0 27	b8b1 e3e1 b1e1	548	0y1315191o
S4JbP	r6r/pp6/1knQ3p/1qR3pB/1P2Pp2/8/P5PP/5R1K b - - 2 28	b5f1	548	0t0y1314191b
SFoEg	rn4k1/pb3ppp/2p1pn2/1p2N3/1B6/5P2/P3K1PP/3R4 w - - 1 18	d1d8 f6e8 d8e8	548	0y1315191o
UFU6v	r4r2/pQp4p/3bkqp1/1B2p3/2P5/8/PP2n1PP/R1B2R1K b - - 2 18	f6f1	548	0t0y111314191b
UHZrB	2rr2k1/pb3p1p/1p2pnp1/4N3/2PPq3/1B2R2P/P3QPP1/3R2K1 b - - 7 24	e4g2	548	0y1314191b
aJRi2	1k1r4/1bR1Q1p1/pp2pp1p/1N1qP3/3P4/8/P4PPP/2R3K1 b - - 0 31	d5g2	548	0y1314191b
aaB6B	r4rk1/pb3p1p/1p4p1/3q4/1P1N4/3P4/3QBPPP/1R3RK1 b - - 0 18	d5g2	548	0y1314191b
ar8OB	r2n1k2/p2bq3/1p2p1B1/7Q/3P3P/2P3P1/P7/6K1 w - - 0 31	h5h8	548	0p13141b
dZpgO	4q1k1/pp1n2pp/5p2/3p1N2/2rB2Q1/2P5/P1P2PPP/6K1 w - - 0 19	g4g7	548	0p0y13141b
dqSUv	1k3r2/ppp4p/1b2R3/3r4/7B/3P3B/PPP3PP/5R1K b - - 0 33	f8f1	548	060t1314191b
eJ3BK	8/8/5p2/6pp/6P1/5k1P/7K/8 w - - 20 60	g4h5 f3f2 h5h6	548	0g0p111e1o
eokLB	r1b1kb1r/1pqp1ppp/p3p3/8/4P1n1/1PNB1P1P/PB2NP2/R2Q1RK1 b kq - 0 13	c7h2	548	13141b1c
euxxA	2r3k1/p4ppp/1p3q2/4Q3/3r4/8/PP3PPP/R3R1K1 w - - 0 20	e5e8 c8e8 e1e8	548	060p13151n1o
gdRep	r3r1k1/pp4p1/2p4p/3p2n1/3P2q1/1P1B2n1/PBP1R1P1/R3Q1K1 w - - 0 23	e2e8 a8e8 e1e8	548	0y1315191o
iL4kJ	r1b2rk1/pp3ppp/2p5/3p2q1/3b4/2P2PP1/PPQ1BPP1/R3K2R w KQ - 0 14	c2h7	548	0y1314191b
iWAbX	r4rk1/pb1p1pbp/1pqP2p1/4N3/8/2P1B3/PP2BPPP/R2Q1RK1 b - - 0 16	c6g2	548	0y1314191b
ifG6x	r4rk1/1p3ppp/p1n1pq2/3p3R/3P4/2NQ4/PPP2PPP/R5K1 w - - 3 16	d3h7	548	0y1314191b
itei0	rnb2rk1/pppp3p/4pqp1/8/3P4/3B4/PPP2PPP/R2QK1NR b KQ - 3 10	f6f2	548	041314191b
jZ9qb	8/8/8/1P6/2p5/2k2K2/8/5b2 w - - 0 65	b5b6 c3d4 b6b7 c4c3 b7b8q	548	00080g0p101h
lXEVw	r1b4k/pp4pp/2p5/8/2Bb2P1/2N4P/PP1K4/5R2 w - - 2 26	f1f8	548	060p13141b
m7DeX	2k4r/pppn2q1/3p2p1/5pP1/2nP4/2N1QB1r/PP3P2/2K1R1R1 w - - 0 23	e3e8 h8e8 e1e8	548	1315191k1n1o
o0dRp	r3r1k1/1bb2ppp/pp4n1/3p1NPQ/3N4/2P5/P1B2PP1/4R1K1 b - - 0 24	e8e1	548	0t0y111314191b1f
oHpun	5N2/8/2p4k/1p5p/2p1P1R1/1r5P/2r3PK/8 w - - 2 36	g4g6	548	0p13141b
of0Dk	7k/1R5p/5Kp1/3P4/r3r3/8/8/8 w - - 0 45	b7b8 e4e8 b8e8	548	0p13151m1o
pnr3s	r2q1rk1/ppp2ppp/2n1b3/3p4/2B3Q1/P1B5/4NPPP/R3K2R w KQ - 0 13	g4g7	548	0y1314191b
rtDtN	r3k2r/1pp2pp1/p1n3qp/4N3/3PP3/2B4b/PP2QPP1/R3R1K1 b kq - 0 18	g6g2	548	0y1314191b
ruveS	rn1q1k1r/pp1b1ppp/3Np3/1B5Q/3b4/8/PPP2PPP/R3K2R w KQ - 0 12	h5f7	548	1314191b
tAnC5	r3r1k1/1p1nqppp/8/p2P1P1b/3B4/1P1pP1Q1/P5PP/R4RK1 w - - 1 22	g3g7	548	0y1314191b
uHHrJ	4R3/3r2r1/p1p3k1/5p2/1P3BpQ/P5Pp/7P/7K b - - 4 44	d7d1 e8e1 d1e1	548	0p1113151o
vpbK7	3r1rk1/pn1q1pp1/1p4bp/2p5/1P2n3/P1Q1PB2/1B3PPP/R3R1K1 w - - 0 22	c3g7	548	0y1314191b
xQd6s	3r1r1k/pB3pp1/7p/2p1P1b1/7P/2P3Q1/PPR3P1/1K1R4 b - - 0 27	d8d1 c2c1 d1c1	548	0t1315191d1k1o
yHRwe	r4rk1/2qb2p1/2n1p3/1p1p2N1/pPpP1n1p/P1P3N1/2Q1BPPP/3RR1K1 w - - 0 22	c2h7	548	111314191b
z8dzC	1r5k/2q3pp/p3Qb2/3p4/2nP4/2P2B2/P4PPP/4R1K1 w - - 0 25	e6e8 b8e8 e1e8	548	061315191n1o
ziBB8	2r1r1k1/1N3ppp/5b2/2p5/P2p4/1P1n4/1B2RPPP/4R1K1 w - - 0 29	e2e8 c8e8 e1e8	548	061315191o
zwGFc	r3k2r/1p3pp1/3q1Pp1/b1pp4/P5n1/B1P1P2P/5PB1/RN1Q1RK1 b kq - 0 18	d6h2	548	1314191b
1QpwH	r2q1rk1/bp1n1pp1/2pP3p/p1n5/P7/2NQ3P/1PB2PPB/R3R1K1 w - - 2 24	d3h7	549	1314191b
1ufLN	8/3k1r1B/pq1p2Q1/1pn1P3/4R3/P1P5/2P3PP/5R1K b - - 0 28	f7f1	549	061314191b
2aiEq	4q1kr/1b3ppp/p1p5/8/8/B1P2N2/P1P2PPP/4R1K1 w - - 0 19	e1e8	549	060p0t13141b
2dphv	3k3r/b1pP1p2/p1B5/8/5p1q/8/PP4PN/4R2K w - - 3 30	e1e8 h8e8 d7e8q	549	000p13151h1o
37gCr	4k2r/1pB1n1pp/p4pq1/2b5/2B5/2P2P2/PP3P1P/2KR3R w k - 1 20	d1d8	549	1314191b1d1f
3skux	r2k3n/1b1p3p/1q1B4/pp2P3/8/1NPBn3/P1P3PP/R4R1K w - - 0 22	f1f8	549	111314191b1f
3trXI	3r4/ppp3Bp/2n1k3/8/4n3/8/PP2NPPP/3R2K1 b - - 1 18	d8d1	549	0p0t13141b
40sIP	r4r2/ppp1N1pk/2p1bp2/6Bq/2n4R/8/PPP2PPP/R5K1 w - - 2 17	h4h5	549	020t111314191b
4LP3J	2r3k1/1p3ppq/p4r2/8/3Qb3/8/PPPR4/1KR5 w - - 11 34	d4d8 c8d8 d2d8	549	061315191n1o
4rkW0	r4r2/2p2pkp/p1q3p1/1p2N1P1/4b3/P3Q2P/1PP2P2/2KR3R b - - 0 19	c6c2	549	1314191b1k
5Y41b	3RQ3/p6k/1pb5/8/8/6P1/P1r2P1P/6K1 b - - 0 42	c2c1 d8d1 c1d1 e8e1 d1e1	549	0p1013161f
5c64B	r2qkb1r/2p1pppp/pp3n2/4N3/3P1B2/1QP1P3/PP3PbP/RN2K2R w KQkq - 0 12	b3f7	549	041314191b
5g6F2	8/2N5/6Rp/k3p3/1p6/5PP1/3rn1PK/8 w - - 0 40	g6a6	549	0p13141b
6vD8v	4q1k1/5pp1/2P1r2p/p7/8/5Q2/P5PP/2R4K b - - 0 41	e6e1 f3f1 e1f1	549	0g0p1o
720tg	4r1k1/p3qpp1/2p4p/2pp4/3N4/1P3Q2/P1P2PPP/3R2K1 b - - 0 20	e7e1 d1e1 e8e1	549	060p13151n1o
9LWlc	r3r1k1/1b2qpp1/p2P3p/8/5B2/2R3P1/2Q2P1P/3R2K1 b - - 0 27	e7e1 d1e1 e8e1	549	1315191f1n1o
9nbYi	3Q1rk1/5pbp/R3bnp1/1p6/8/1P5P/1P3PPB/2r1R1K1 b - - 2 22	c1e1	549	060t1314191b
A56Lo	1k1rr3/p1p3pp/Pp3p2/1P6/8/B1b2Q2/2P2PPP/4R1K1 b - - 0 24	e8e1	549	060p13141b
AHdxk	7k/p5p1/1p5p/2p2r2/P1bb4/5BN1/5RPP/6K1 w - - 1 30	g3f5 d4f2 g1f2	549	010p111o
BW7GM	r2qk2r/pp1nbppp/2p5/4P3/8/5Q2/PPP3PP/RNB2RK1 w kq - 1 13	f3f7	549	041314191b
CfwPV	2k4r/ppp3p1/5p2/3q1N2/PP1P2n1/2P2RPp/7b/R1B1Q2K b - - 2 24	d5f3	549	0t0y1314191b
CxpR3	2kr3r/pppqn1b1/3p4/3Qpp2/8/2P5/PP1P2BP/R1B2RK1 w - - 1 18	d5b7	549	1314191b1k
E9DGr	r1bq1rk1/ppp2ppp/2p5/8/3Bn3/6Q1/PPP2PPP/R3K1NR w KQ - 1 13	g3g7	549	0y1314191b
GdJjF	8/1p6/p7/6Bp/P2n1PkP/1P6/r4PB1/5K2 b - - 6 41	a2a1	549	0p13141b
GygNI	8/2R3pp/p4pk1/4pq2/pP2R3/8/2Q3PP/7K b - - 0 42	f5f1	549	0p13141b
HAlKS	r7/3kbpp1/1Q1p1n1p/8/2P1P3/1P6/1P1B1PPP/6K1 b - - 0 21	a8a1 d2c1 a1c1	549	060p13151o
HHitc	5k2/1p3pbp/1P1r2p1/1R6/8/4P3/3rNPPP/1R3K2 b - - 6 36	d2d1 b1d1 d6d1	549	060p13151o
HeaiB	rnQ1q1k1/ppp2ppp/8/6N1/8/P2N4/1P3PPP/6K1 w - - 0 26	c8e8	549	0p0t13141b
KRplh	r2q1rk1/1p3ppp/p1n1p3/3p4/3P4/2PQ2P1/PP1N1PP1/R3K2R w KQ - 1 15	d3h7	549	0y1314191b
L3N7Q	2b4k/p1pR2p1/7p/8/4B1n1/1P4PK/P4r1P/8 w - - 5 32	d7d8 f2f8 d8f8	549	0p0s13151f1o
LQc4V	8/5pp1/1b3k1p/8/1P6/2N2KP1/7P/8 w - - 1 39	c3d5 f6e5 d5b6	549	0g0p0s111o
MQCTe	8/8/5k1K/8/8/8/6rR/8 b - - 2 71	g2h2	549	0p0t13141b1m
MT4f8	r3r2k/pp4p1/4p2p/3p4/4q1Q1/4B3/PP3PRP/7K w - - 1 28	g4g7	549	0p13141b
MiOvI	8/p2Q4/3p3k/2P1bBq1/1P1pP2p/6p1/P5K1/8 w - - 5 39	d7h7	549	0p1113141b
NVJni	rnb2rk1/pp3ppp/2p5/3nq1N1/1b6/2NQB3/PPP2PPP/R3KB1R w KQ - 2 13	d3h7	549	0y13141b1c
PZca7	2r2k2/5p2/p2b1p2/1p3Q2/8/3N3P/PPq2PP1/2R3K1 b - - 2 28	c2c1 d3c1 c8c1	549	0p13151f1o
Pg1JS	1k1r3r/ppp5/6p1/2b1p1P1/4P2p/2P1n2B/PP2R2P/2K2N1R b - - 1 22	d8d1	549	1314191b
PlX70	r3k1nr/pBpp1ppp/1p1b4/4q3/8/4P3/PPP2PPP/RNBQ1RK1 b kq - 0 9	e5h2	549	0y13141b1c
QR9iB	8/1k1K2p1/7p/1PP4P/8/4b3/8/8 w - - 7 58	c5c6 b7b6 c6c7	549	00080g0p1o
SFkN4	r4rk1/pbp2ppp/1p2p3/n6B/1PPPq3/1P2P3/1B3PPP/R2Q1RK1 b - - 0 15	e4g2	549	0y1314191b
SvZ9a	4r2r/ppp2p2/3p1k1P/3P1bp1/7Q/P4NP1/1P2qP2/6KR w - - 0 28	h4g5	549	1314191b
TCMWF	rn2kbnr/p4ppp/2p1b3/1p2P1B1/q3P3/2P5/PP4PP/R2QKBNR w KQkq - 0 10	d1d8	549	1314191b
UBvb7	4kb1r/1b1n1pp1/2p1p3/1pPp4/1P1P2pq/3BP1P1/2QN1P1P/B4RK1 b k - 0 18	h4h2	549	0y1314191b
UTZjT	2k2b1r/ppp2Npp/1q3n2/8/1P6/P1N5/2P1bPPP/3RK2R w K - 0 14	d1d8	549	1314191b
WPOPt	6k1/2R2pp1/4p2p/4P3/5n2/R7/2B1rP1P/6K1 b - - 0 30	e2e1	549	0p13141b
WYFUE	2k5/p1bR4/2p5/1p4p1/1P1p4/1KP3q1/P3Q1P1/5R2 b - - 0 28	g3c3	549	0p13141b
XET0g	2R5/6p1/1r3p1k/1pR4P/pr3P2/4P3/5K2/8 w - - 1 44	c8h8	549	0p13141b1m
Xsagl	rn4Bk/5p2/p1p1p3/1p4q1/3P4/2n1PP2/PPQ2P1P/2K4R w - - 1 18	c2h7	549	1314191b
YaQcy	k2n2q1/1p5r/1Pp2p2/7p/P2P4/7Q/6P1/2R3K1 w - - 0 33	h3c8	549	0p13141b
ZOt4g	3r1rk1/pb2b1p1/1p2p2p/3q1p2/3N1B2/P7/1PB2PPP/R2QR1K1 b - - 0 18	d5g2	549	0y1314191b
aldrZ	6k1/1p3ppb/7p/3p4/5P1r/2B5/PPr5/K3R3 w - - 0 30	e1e8	549	0p13141b
bALUB	1r3r2/3n1ppk/pq5p/2pn1N1P/8/N1QP4/1P3PPR/2K1R3 w - - 0 26	c3g7	549	1314191b
bw27d	r4knr/pp1n1ppp/3Np3/3p4/3b4/2P1BQ2/Pq3PPP/R4RK1 w - - 0 15	f3f7	549	1314191b
c6gGj	r2qk1nr/1pp2pp1/p1nb3p/3Q4/P1B1P3/5b1P/1PP2PP1/RNB1K2R w KQkq - 0 10	d5f7	549	0413141b1c
d9Tvy	3r2k1/r4pp1/2p4p/1p1n1B2/2pP2P1/P1P5/1P2R2P/4R1K1 w - - 1 29	e2e8 d8e8 e1e8	549	0p0y13151f1o
dW0hg	r1q2rk1/4bppp/p3p3/1p2B3/4b1Q1/8/PPP2PPP/R3R1K1 w - - 0 18	g4g7	549	0y1314191b
eRNXx	r2q1rk1/pp1n1pp1/2p1p2p/3n2N1/3P2P1/P1PQ3P/3B4/R4RK1 w - - 0 19	d3h7	549	1314191b
eh2dU	6k1/1p3pbp/4p1p1/4n3/1Bq1P3/2P2P2/r3N1PP/3QKR2 w - - 2 23	d1d8 g7f8 d8f8	549	0y1315191o
emMUG	2kN1b1r/1bp3pp/p1q2n2/4p3/8/2N5/PPPP1PPP/R1BQ1RK1 b - - 0 12	c6g2	549	0y1314191b
erycS	8/8/1k3rp1/8/8/2R5/P1Pn2PP/6K1 b - - 2 35	f6f1	549	0p13141b
fF044	r5k1/p1ppqp2/b1p4p/6PQ/8/2P3B1/P1P2RPP/4R1K1 b - - 0 18	e7e1 f2f1 e1f1	549	0y1315191o
gWHip	5r2/5Bpk/5b2/3R4/4P3/5PP1/6K1/4r3 w - - 0 36	d5h5	549	0p1113141b1f
gfexF	r4rk1/pb3pp1/1p1bpq1p/1B2n1N1/3p2R1/2P5/PPQ2PPP/R1B3K1 w - - 2 16	c2h7	549	1314191b
giUTc	r2q1rk1/1b1nnppp/pp2p3/2p5/3P4/2NQPN2/PPB2PPP/R4RK1 w - - 0 13	d3h7	549	0y1314191b
hPzHR	7r/ppb2bk1/2pq1p2/3p1B2/3P2P1/P4Q1N/1PP5/R4RK1 b - - 0 25	d6h2	549	1314191b
ihTxf	1k1r4/pp3qb1/2p3p1/Q4n2/5n2/1NP2p1B/PP6/2KR4 w - - 0 27	a5d8	549	0t1314191b1k
kpF4s	5r2/1b1q2pk/1pnb4/p1pBp2p/2PpPp1P/PP1P2P1/2R1QP1n/2B2RK1 w - - 0 30	e2h5	549	1314191b
p0g8o	r2q1rk1/1p4p1/p3p2p/2p1P1b1/8/1Q4R1/PPP3PP/R1B3K1 b - - 2 18	d8d1	549	1314191b
pQYh4	r1bq1rk1/4bpp1/p1pnp2p/8/P2P4/4PNP1/1PQ2PP1/1BR1K2R w K - 0 19	c2h7	549	13141b1c
qCjE1	5k2/8/5Kpr/8/R6P/8/8/8 w - - 7 85	a4a8	549	0p13141b1m
qXImp	3rb1k1/p3q2p/1pn3pB/8/2P1PQ2/7P/P5P1/5R1K w - - 2 27	f4f8 e7f8 f1f8	549	1315191d1o
qYYY0	r5k1/1pp5/p2rp1q1/4R2p/2PP1Q2/P4P1p/1P4P1/2R3K1 b - - 0 27	g6g2	549	0p0y13141b
rNH0w	r2qk2r/ppp1bppp/1nb5/4N3/3P4/1Q6/PP3PPP/RNB2RK1 w kq - 1 12	b3f7	549	041113141b1c
rui02	r4rk1/1b2bppp/pp6/2pq4/3B4/PP1P3P/3QBPPN/1R3RK1 b - - 0 18	d5g2	549	0y1314191b
sljrY	6k1/Kp2rpp1/2p4p/p7/4BP1P/5P2/1r6/3R4 w - - 0 39	d1d8 e7e8 d8e8	549	0p13151f1o
tNVp6	4r1k1/p4ppp/2p2q2/8/3p4/Q7/PPP2PPP/4R1K1 w - - 0 22	e1e8	549	060p13141b
tOV0z	rn2k2r/1pp3pp/p2p1qN1/2bPp3/8/2N5/PPP2PPP/R2QKB1R b KQkq - 0 10	f6f2	549	0413141b1c
tcGIF	2kr3r/p2p1p2/1pnBp2p/3n4/3P3q/P1PQPP2/2P1KP2/R4B2 w - - 5 15	d3a6	549	1314191b
vSwTb	2R2bk1/5r2/p7/1p6/8/1Q3P2/P1P2qPP/4R2K b - - 0 46	f2e1	549	060p13141b
vabcc	8/5r2/4R3/4p3/5kPK/8/8/8 b - - 4 62	f7h7 e6h6 h7h6	549	0p13151m1o
vlgYc	6k1/6pp/1p6/1Pbp4/6P1/3P3q/7R/5Q1K b - - 0 42	h3f1	549	0p0t13141b
vyALz	4r1k1/pp3ppn/2b5/2pR4/2N5/1PP5/P1Q2PPP/6K1 b - - 0 24	e8e1	549	060p13141b
wh7Ta	r4rk1/1p2n1p1/p1p1b2p/3pp1q1/3P4/P1PB1Q1P/1P1N1RP1/5RK1 w - - 0 20	f3f8 a8f8 f2f8	549	0y1315191o
yPzMz	r4rk1/1p2bppp/p3pn2/8/3N2P1/P1PbB2P/3N1P2/2KRQ2R b - - 0 19	e7a3	549	0a111314191b1k
yb16m	r1b2rk1/1p2ppb1/7p/2p4P/pn1q4/1P1P4/PBPQN1P1/1K1R1B1R b - - 1 17	d4b2	549	13141b1c1k
zCmva	r4rk1/ppp2ppp/1b1p1n2/6q1/4P3/2P4P/PB1NR3/R2Q1B1K b - - 0 17	g5g1	549	1314191b
zUerB	5rk1/p2bRppp/5n2/2r5/3N4/1P6/P4PPP/RNB3K1 b - - 0 18	c5c1 e7e1 c1e1	549	060t1315191o
zoUzQ	2Q2Nk1/1p4p1/1p5p/8/2P4P/8/rr6/5K2 b - - 0 41	b2b1	549	0p13141b
01lVf	6k1/p4p2/1p4pp/3p4/3Bq3/P6P/2r2QP1/5RK1 w - - 2 37	f2f7	550	0p13141b
1raN7	1r2k1r1/pbpq3p/1pnp1BnP/3Qp2B/4P3/2P5/PPP2PP1/R3K2R w KQ - 7 17	d5g8	550	0t1314191b
1sTTH	3r1rk1/1pq2ppp/p4n1B/2p1p3/P1B5/3P2Q1/1PP3PP/R5K1 w - - 0 19	g3g7	550	0y1314191b
2FW7k	r1bqr1k1/ppp2pp1/6np/3P4/1bPQn3/6P1/PB2NPBP/R4RK1 w - - 0 16	d4g7	550	0y1314191b
2MdB4	4k3/1Q4p1/p4p1p/3p4/3P1P1q/8/PP5P/3N1n1K b - - 0 31	h4h2	550	0p13141b
2Mt8D	r2q1r1k/2p3pn/p1np3p/1p2p3/3P4/2PQbPNP/PPB2P2/R3R1K1 w - - 0 19	d3h7	550	0y1314191b
2UPdN	8/6k1/1p1b1pp1/pP1B4/P1P3P1/5P1K/r7/5R2 b - - 8 52	a2h2	550	0p13141b1d
3GL6i	r3k2r/pbpn1ppp/1p2p3/4P3/1b1P2q1/2N1B3/PPQ1BPPP/R4RK1 b kq - 2 13	g4g2	550	0y1314191b
3WFv5	1k4r1/ppp4p/2q2p2/8/8/2b1B3/P1P1KPR1/8 w - - 0 22	g2g8 c6e8 g8e8	550	0p13151o
3iMk0	2k3r1/pp2R3/1r4p1/1Pp2b2/q4p2/8/1BPPQ2P/2KR4 w - - 4 24	e7e8 g8e8 e2e8	550	0g11191k1o
4RkrZ	8/pp4p1/4r2p/2P2k2/7P/1PK3P1/1P2N3/8 w - - 1 40	e2d4 f5g4 d4e6	550	0g0p0s1o
4YMKv	r3r1k1/2pp1ppp/p2b4/1p6/1P1P3q/P3PP2/1BPQ1P1P/R5RK b - - 4 17	h4h2	550	0y1314191b
4q2B7	2r3k1/5pp1/4p2p/1p2R3/3N4/8/5PPP/B5K1 b - - 0 30	c8c1 e5e1 c1e1	550	060p0s13151o
5ddRd	r2qn1rk/pp1b3p/n2p3P/2pPp1N1/2P1Pp2/P1N2P2/1P4Q1/R3KB1R w KQ - 7 22	g5f7	550	0f1314191b
6Telc	5k2/3R1p1p/5P2/6PK/4P3/p6p/r7/8 w - - 0 45	d7d8	550	0p13141b1m
6cnND	8/8/6k1/8/5qp1/6R1/8/6RK w - - 10 62	g3g4 f4g4 g1g4	550	0g0p0s1j1o
7Rdmb	3r2k1/pp3ppp/2p5/q7/P7/1P5P/2P1QPP1/4R1K1 w - - 0 25	e2e8 d8e8 e1e8	550	060p13151n1o
7kuil	rn1qk2r/pp3ppp/2pbB3/4p3/8/3P1Q1P/PPP1nPP1/R1B1K2R w KQkq - 0 10	f3f7	550	0413141b1c
9OzhL	r4rk1/p5p1/1nN4p/4P3/6P1/3b3P/3B3R/R3K3 b Q - 0 25	f8f1	550	1314191b1d
ARF8T	2r1k2r/1b3ppp/pp1qp3/8/P2pP1n1/1B1P4/1PP1N1PP/R3QRK1 b k - 1 18	d6h2	550	0y1314191b
AbcxM	8/5pkp/R3p1p1/8/3N3P/4nPP1/PP3r2/1K6 b - - 2 29	f2f1	550	0p13141b
AjISF	8/1p5p/3N1k2/2pR2pP/5b2/2P2R1P/PP3PK1/1r2r3 b - - 4 35	e1g1	550	0p1113141b1f
AxLnY	r4rk1/qp1b1pbp/p2p2pB/2pn4/4P3/P1QB1P2/1P2N1PP/1R2K2R w K - 0 19	c3g7	550	0y1314191b
B8g5d	r1b2rk1/pp1nb1pp/1q2pp2/3pP1N1/3P1B2/PN1Q4/1P3PPP/R3K2R w KQ - 0 14	d3h7	550	0y1314191b
CVW2r	5k2/5pb1/4p1p1/2P3Bp/2r4P/5P2/5r2/1K1R2R1 w - - 0 34	d1d8	550	0p13141b1f
DK5vN	r1b1qrk1/pp1n1pp1/3np2p/8/3p3B/P1P1PN2/2Q2PPP/RB3RK1 w - - 0 15	c2h7	550	13141b1c
FqqDT	1r4rk/p1pRR3/7p/2P5/qP2P3/P6P/5PP1/6K1 w - - 0 33	e7h7	550	0p13141b1j
G6r3W	rnb2rk1/1pq2ppp/p7/8/3NP1n1/2BB1Q2/PP4PP/R4RK1 b - - 2 14	c7h2	550	0y1314191b
IdCWJ	6k1/1p2P1p1/p6p/1b1pq3/n7/6P1/7P/1B3Q1K w - - 0 43	f1f8	550	0p13141b
JIJdC	6k1/3R1p2/1p1p3p/3P1Pp1/5n2/P4R2/1r5P/7K b - - 0 29	b2b1 f3f1 b1f1	550	0p13151o
LaKrz	8/6r1/6pk/8/5K2/8/1R6/8 w - - 2 60	b2h2	550	0p13141b1m
MSRwR	r2qk2r/pp3pp1/1np1p2p/4b3/3P2P1/2N5/PPbRBQ1P/5RK1 w kq - 0 18	f2f7	550	041314191b
McsVv	r2q1rk1/pp3ppp/2p2b2/3p4/7Q/1P1BP3/P1PP2PP/RN4K1 w - - 0 15	h4h7	550	0y1314191b
MfhxN	5rk1/1p3ppp/pq2p3/1b1p4/3P4/P2QP3/1P3PPP/1B3RK1 w - - 4 19	d3h7	550	0p0y13141b
NMKjF	3r1bk1/ppp3pp/4b3/4Bp2/5P2/2P3Q1/6PP/1B5K b - - 0 26	d8d1 g3e1 d1e1	550	060p0s1113151o
PNa3B	r1b2rk1/1pq2pp1/pnp1pb1p/6N1/5P1P/4P3/P1QPB1P1/1R2K2R w K - 0 18	c2h7	550	1314191b
Pm5b2	8/p1Q1Rp2/kp6/1q1p4/1r1P2p1/8/PP3P1P/7K b - - 1 40	b5f1	550	0p1113141b
RFk4i	2r1r2R/1p1b1pk1/2n1p1p1/p2pP3/1q1P4/1PN2N2/P2Q1PP1/R3K3 w Q - 0 19	d2h6	550	1314191b1u
T89PO	4R3/8/8/2P4P/2r3p1/4pkN1/8/5K2 b - - 0 56	c4c1	550	0p13141b
THHuF	rn2k1nr/ppq2pp1/2p1p3/5bN1/2BP4/2N3P1/PPP5/R1BQ1RK1 b kq - 0 13	c7g3	550	0y1314191b
UaHDR	5rk1/Q4ppp/1p1p4/4p3/4P3/4qP2/PN3b1P/R4R1K b - - 0 27	e3f3	550	1314191b
UduiA	r3r1k1/5pbp/p2q2p1/2p5/2N3n1/1P1PP3/PBP3PP/R3QRK1 b - - 4 17	d6h2	550	0y1314191b
VuTg2	r1bq1r2/ppp3k1/3b1npp/4n3/2B1P3/2N1Q3/PPP2PPP/R1B1R1K1 w - - 10 14	e3h6	550	13141b1c
W5NW8	r4rk1/1bq1bppp/1nn1p3/p2pP3/1ppP1P2/P1P1BN1P/1PQN2P1/1BR2RK1 w - - 0 18	c2h7	550	0y1314191b
WViEl	rnb2rk1/pp3ppp/2p1p3/q2n4/4Q3/2bB1N2/PPPB1PPP/1K1R3R w - - 0 13	e4h7	550	0y1314191b
ZUFm0	8/8/3n2k1/8/PQ3p2/6p1/3r2P1/6K1 b - - 0 47	d2d1 b4e1 d1e1	550	0p13151o
aKYiI	2kr1bnr/1pp3p1/p1b1P1q1/4Np2/5B1p/1PN5/1PP1QPPP/R3R1K1 b - - 1 16	g6g2	550	0y1314191b
bI9NA	2r3k1/1p3ppp/8/6P1/p1Pp3P/q1n2R2/Q1P2P2/K3R3 b - - 1 34	a3a2	550	0p13141b
bjorB	r3k2r/p1q2pp1/4B1b1/6Pp/8/1P5P/PBPPQb2/2KR3R b kq - 0 18	c7c2	550	1314191b1k
bmCjq	r4rk1/1b3ppp/pqn1p3/2bp4/3N1P2/3Qn3/PPB1N1PP/R3R1K1 w - - 0 19	d3h7	550	0y1314191b
cR48W	4r1k1/5pPp/p1p1r1b1/3N4/B7/6Q1/P5PP/2B4K b - - 0 24	e6e1 g3e1 e8e1	550	060s1315191o
cmIwL	3r2k1/5ppp/p3p3/np6/8/2PBPP2/P4P1P/3R2K1 w - - 3 21	d3h7 g8h7 d1d8	550	010j0p1o
e7dJg	7k/4R2p/2r1Np1p/3p4/2p5/bb2P2P/5PP1/6K1 w - - 4 37	e7e8 a3f8 e8f8	550	0p13151o
ghGRB	r2qk2r/2p1np2/1p2p2p/p2nN2Q/2bP4/P3P1P1/1P3PP1/RN2K2R w KQkq - 0 16	h5f7	550	041314191b
hAqu4	6r1/ppb1k1r1/2pq1p1Q/3p1B2/1P1P2P1/P3P2P/5P2/3R1RK1 b - - 0 30	d6h2	550	1314191b
hNAi5	8/7Q/r1p2p2/1p4pp/8/P2q1kPP/5P2/6K1 w - - 0 43	h7d3	550	0p0t13141b
iCgID	2rq1rk1/pp3pp1/2n1p1bp/2bp4/5PP1/PBNP4/1PPB2P1/R2Q1R1K b - - 2 16	d8h4	550	13141b1c
ixjN9	4r1k1/p1p2ppp/1bQr2b1/3p2q1/PP2p3/4P1PP/1B1P1PB1/R3R1K1 w - - 1 20	c6e8	550	0t0y1314191b
jJBg0	6k1/p2r1p2/6bp/6p1/1PpB4/2Pp1P1P/6P1/4R1K1 w - - 1 32	e1e8 g8h7 e8h8	550	0p13151d1o
mTQGz	r1b3k1/1pq2ppp/p1n2b2/2pr4/P1B5/3P1N1P/1PP1QPP1/R4R1K w - - 0 15	e2e8	550	1314191b
nSA1d	4rr2/2q1b1pk/p1np1n1p/1pp2N2/4P3/P1PP2Q1/1P3PPP/R1B1K2R w KQ - 5 18	g3g7	550	1314191b
oB7di	r1b1r1k1/1pp2ppp/8/pQ1Pn3/4q3/4BN2/P4PPP/R4RK1 w - - 1 17	b5e8	550	0t0y111314191b
qM3Ej	r2qkbnr/1p3ppp/p7/2p1N3/2Qpb3/2P5/PP1P1PPP/RNB1K2R w KQkq - 0 10	c4f7	550	0413141b1c
qXDAw	5nk1/pp3pp1/8/1Pp1Q3/1bP1P1pP/6P1/1B3PK1/3q4 w - - 0 32	e5g7	550	0p1113141b
rvvy1	4Rbk1/2p2p1p/p5r1/1p1q4/3p4/P1PQ4/1P1B1PPP/6K1 b - - 0 23	d5g2	550	0p0y13141b
sPT8O	r3k2r/ppp1bppp/2q5/8/8/5b2/PPPPQPPP/R1B1R1K1 w kq - 0 14	e2e7	550	1314191b
ssomx	k2b2nr/pp3ppp/4p3/1q6/4RB2/8/PP3PPP/2R3K1 w - - 0 21	c1c8	550	061314191b
u0vgB	2kr3r/p1q2p2/1pP1p3/3p1p1p/Q1PP2n1/8/P3NPPP/R4RK1 b - - 0 21	c7h2	550	0y1314191b
uBayR	r4k2/2R5/2p5/3p1P1R/6P1/4pr2/PPP5/2K5 b - - 1 34	f3f1	550	0p13141b1m
udrt8	Qn2k1r1/p6p/2p1p2b/8/4B3/8/PP1PPP1R/R1B1K3 b Q - 0 16	g8g1	550	1314191b
vK02o	4r1k1/5pp1/1qp2n1p/3pQ3/1P6/r1PB3P/5PP1/3RR1K1 w - - 3 27	e5e8 f6e8 e1e8	550	0y1315191f1o
vwVxh	8/6kp/2p2pp1/8/8/4Q3/PP3PPP/1q1rR1K1 b - - 5 31	d1e1 e3e1 b1e1	550	0p0s13151o
wXEHt	1r1q2k1/1p3ppp/pQpr4/P7/8/PR2P3/5PPP/1R4K1 b - - 9 26	d6d1 b1d1 d8d1	550	060p13151o
wsE0o	1R6/5Npk/4p1p1/2r5/8/6KP/8/4n3 w - - 3 38	b8h8	550	0p1113141b
wt4Su	2r2rk1/2b2pp1/p2qp1p1/3p4/1P1P4/P1N1R2P/1B6/2RQ1BK1 b - - 0 22	d6h2	550	1314191b
ypzNL	8/pp1k4/5p2/2pN3p/4q3/8/PPP2P2/5K2 w - - 0 30	d5f6 d7e6 f6e4	550	0p11
0kHZf	8/1p6/p7/8/3P4/1P3pk1/1P6/5K2 w - - 0 57	d4d5 g3f4 d5d6 f4e5 d6d7	551	000g0p101e1l
15V82	r1b2k2/p3p1n1/1pp3P1/2p3p1/4P3/2NP4/PPP3P1/2K4R w - - 0 21	h1h8	551	0p1113141b
1BhAe	4r2k/pp2Np1p/b4bp1/8/P7/1P4N1/5PPP/4R1K1 w - - 1 29	e7g6 h7g6 e1e8	551	010j0p1o
20E67	7k/5p1p/ppp5/4P3/P1n2P1P/6P1/2B3K1/8 b - - 1 37	c4e3 g2f3 e3c2	551	010p0s1o
2FIbf	r4rk1/pbp1b1pp/1p2p3/3qPp2/3N1B2/3B4/PPP2PPP/R2Q1RK1 b - - 0 14	d5g2	551	0y1314191b
4QI5N	8/6p1/3k1pP1/5P2/2K1n3/5R2/8/8 b - - 10 57	e4d2 c4d3 d2f3	551	0g0p0s11121o
4l8TX	8/1pp3k1/p1p3p1/4p1K1/4P2P/1PN2R2/P2r4/8 b - - 0 37	d2g2 f3g3 g2g3	551	0p13151o
4pEpr	3r1rk1/ppp2ppp/1nq1p3/1B3b2/3P4/P4P2/1PPBQ1PP/2KR3R b - - 4 16	c6c2	551	111314191b1k
4sBuH	r2q1r1k/bpp2pp1/p1np1n1p/5N2/3P2Q1/1B2B2P/PP3PP1/R4RK1 w - - 2 19	g4g7	551	0y1314191b
6ecsv	8/1R6/6P1/8/2k5/Kp5P/7r/8 b - - 4 53	h2a2	551	0p13141b1m
9s14K	r5k1/p4Rpp/1p1B4/8/4r3/8/PbP3PP/5RK1 w - - 0 23	f7f8 a8f8 f1f8	551	0p13151d1o
A5B9i	R7/5p1k/4b1pp/1p1p4/1r3rP1/7P/8/B2R2K1 w - - 2 36	a8h8	551	0p13141b1d
AtzZZ	r3k2r/pp4p1/2p1p1p1/3p3q/6Q1/4P1P1/PPP1BP2/R4RK1 b kq - 0 18	h5h2	551	1314191b
BXcnb	8/1p6/3k1K2/2p5/P5P1/8/8/8 b - - 0 58	c5c4 g4g5 c4c3 g5g6 c3c2	551	000g0p101e1l
CUK2W	5rk1/p1p3pp/bpp1P3/8/5r2/2N1R3/PPP3PP/R5K1 b - - 2 19	f4f1 a1f1 f8f1	551	0p0y13151d1o
DYSsb	r3qr2/pppb2bk/3p1n1p/3Pp3/2P1Pp1B/2NB1P2/PP4QP/2K3RR w - - 8 19	g2g7	551	1314191b
HCLdy	8/8/8/1nk5/p3K3/8/Q7/8 b - - 3 58	b5c3 e4d3 c3a2	551	0g0p0s111o
HKD6Q	3rr2k/p4Qpp/1p3p2/8/nP6/P3BN2/5PPP/3R2K1 b - - 0 25	d8d1 f3e1 d1e1	551	061315191o
HfZI3	2r2r1k/1p4pp/2n1B3/pq1pP3/1P1P4/P3bQ1P/6P1/R4R1K w - - 1 23	f3f8 c8f8 f1f8	551	061315191o
J0SyW	r2q1k1r/pp3ppp/n3p3/1N2R3/2P5/P7/1P3PPP/RNBQ2K1 b - - 0 15	d8d1 e5e1 d1e1	551	0s0t1315191o
JdGaH	7k/p1p3bp/Q1p2pp1/2N5/1P1P1n2/P4q1P/5P1P/4B1K1 w - - 0 26	a6c8 g7f8 c8f8	551	0p0y13151o
JfTOZ	r4rk1/ppp1nppp/1b2b1q1/3PQ1B1/3n3P/2N5/PPPN1PP1/2KR1B1R b - - 2 14	g6c2	551	1314191b1k
JicQX	rnbq1rkn/ppp1bppp/3pp3/7P/2PP4/2NBP1P1/PPQ2P2/R1B1K1NR w KQ - 1 10	d3h7	551	0y13141b1c
K43zO	1Q3nk1/p4p2/1p2pqr1/7p/8/3B1R2/PPP4P/3R3K b - - 0 23	f6f3	551	0t1314191b
KQ2Sl	8/8/8/3Q4/2n5/p7/k3K3/1n6 b - - 1 74	b1c3 e2d3 c3d5	551	0g0p0s1o
L81qU	4r1k1/1p4p1/p1p1bp2/3p4/1R6/1P1P2P1/1PP2P1P/4RK2 b - - 3 27	e6h3 f1g1 e8e1	551	0i0j0p13151f1o
LFzLm	r1bq1rk1/pp3ppp/2n1p3/2bpP1N1/8/3Q4/PPP3PP/RNB1KR2 w Q - 1 11	d3h7	551	0y13141b1c
LNpbk	4r1k1/3R2p1/p1p3Q1/PpN1r1Bp/1P4nP/2P5/5nP1/3R2K1 b - - 4 33	e5e1 d1e1 e8e1	551	0y1315191o
LldEe	r4rk1/2qn1ppp/p1p1b3/1p4N1/1PpP4/P1n5/2Q1BPPP/R3R1K1 w - - 0 18	c2h7	551	0y1314191b
LxNyL	r5rk/5p2/p2p1P1q/1ppPpp1Q/8/3P4/PPP3BP/5RK1 w - - 1 28	h5h6	551	0p0t0y13141b
OGqLx	rn1qkbnr/1p3ppp/p3p3/3pN3/6P1/2Nb1Q1P/PPPP1P2/R1B1K2R w KQkq - 0 10	f3f7	551	0413141b1c
OgtQB	r4rk1/ppp2ppp/1bb2n2/3qN1B1/3P4/2N5/PP3PPP/R2QR1K1 b - - 2 13	d5g2	551	0y1314191b
P41oN	r2r2k1/p4pp1/5n1p/2q1pN2/3p2Q1/2P5/PP3PPP/R4RK1 w - - 2 23	g4g7	551	0y1314191b
PfU9I	5rk1/p4r1p/1pb1p3/3pP3/2p1p3/2Pn4/PPQ1R1PP/R3BNK1 b - - 0 25	f7f1	551	0y1314191b
Po38w	8/5ppp/8/1p2bP2/1k4P1/7P/P1K5/2N5 w - - 4 45	c1d3 b4a5 d3e5	551	0g0p0s111o
PwP5H	r4rk1/pp3ppp/2n2bq1/3p3B/2pPbB2/P3P2P/1P1N1PP1/R2Q1RK1 b - - 2 18	g6g2	551	0y1314191b
RIsuv	5r1k/ppp3pp/1qb5/3p2N1/5P2/P2Q2P1/1P1R2KP/4r3 w - - 0 27	d3h7	551	0y1314191b
T0iKc	5r2/ppp2qk1/2p3pp/4p3/2P1P3/3P2Pb/P1PQR2P/R5K1 b - - 0 21	f7f1 a1f1 f8f1	551	0p0y13151d1n1o
TDoPr	r7/3P4/p1p2k2/Pp1pRp1K/1P1P1P2/8/2P5/8 b - - 0 52	a8h8	551	0p1113141b1m
TQRom	r1b2rk1/pp3ppp/2pb4/3Pq3/8/2N1P3/PP2BPPP/R2Q1RK1 b - - 0 12	e5h2	551	0y1314191b
U5qja	r1b2rk1/2qnppb1/1ppp3p/p5N1/2PP4/1PN1P1n1/P1Q1BPPP/3R1RK1 w - - 0 15	c2h7	551	1314191b
UY6rB	6k1/p2pRp2/1pb3r1/8/2PB4/1PKP4/8/8 w - - 3 46	e7e8 g8h7 e8h8	551	0p1113151d1o
WQics	4r1k1/r4pbp/4p2P/ppp1P3/3P2Q1/q1P3P1/P4Pb1/R4RK1 w - - 0 25	g4g7	551	0y1314191b
WzbGV	3r4/3PR3/8/p1p1pk1K/P7/2PP4/8/8 b - - 0 50	d8h8 e7h7 h8h7	551	0p13151m1o
X6715	R4n1k/6p1/5N1p/8/8/5p1P/pr4PK/8 w - - 4 51	a8f8	551	0p0t1113141b
Z0eJX	1r3rk1/1b3pp1/3qp2p/1p6/p1pP2n1/P1P2P2/1PQ3PP/RB2R1K1 w - - 0 22	c2h7	551	1314191b
ZRwHf	r3k2r/ppp1b2p/6p1/8/2q2P2/1P5Q/P4NPP/R1B2R1K b kq - 0 20	c4f1	551	0t0y1314191b
ZYjre	5r1k/3q2pp/8/2Q5/2Pp1P2/3rp1P1/4R2P/5RK1 w - - 1 42	c5f8	551	0p0t13141b
Zz1dW	5rk1/1b2Bpbp/1p2p1p1/p3P1N1/4pQ2/1P2R2R/P1r2PPP/6K1 b - - 0 25	c2c1 e3e1 c1e1	551	061315191o
aMGWr	3rn1k1/pp3ppb/2p4p/5P2/6P1/2Pq3P/P3R1B1/4R2K w - - 0 31	e2e8 d8e8 e1e8	551	061315191o
cvDX1	6k1/5p1p/1rr3p1/4B3/8/2b1P2P/5PP1/R5K1 w - - 2 38	a1a8 b6b8 a8b8 c6c8 b8c8	551	0p1013161f
dwlzu	r5k1/4Rppp/p7/8/r7/3p3P/P3RPP1/6K1 w - - 0 29	e7e8 a8e8 e2e8	551	060p13151m1o
eDukI	r4rk1/p1P2pp1/2pb3p/4q3/4P3/2N2Q2/PPP2PPP/3R1RK1 b - - 2 14	e5h2	551	0y1314191b
fZ2ag	2r1b1k1/5pp1/p1n2q2/1p1p3p/3P4/2PB1N2/P3QPPP/4R1K1 w - - 0 20	e2e8 c8e8 e1e8	551	0y1315191f1o
gMqAs	r2q1rk1/p3b1np/1pp1P3/n2p2N1/3PQp2/2P5/PP4PP/R1B2RK1 w - - 0 19	e4h7	551	0y1314191b
goVBg	4br1k/p5pp/4P3/3B4/P5r1/1PN3P1/6KP/2b2R2 w - - 0 28	f1f8	551	060t1314191b
h0u3D	r1b1k2r/1p3p2/pq1pp3/3p2Np/2nP3P/P1N1P3/1PP1QPP1/2KR3R b kq - 3 18	b6b2	551	1314191b1k
iP1eY	6k1/1p3p2/p1p3r1/7p/3B4/P1P1R1P1/r7/6K1 w - - 0 33	e3e8 g8h7 e8h8	551	0p13151d1o
jaazz	2br1nk1/4bpp1/1p2p2p/pN1n4/P5QP/1P4PN/2q2PB1/B2R2K1 w - - 4 27	g4g7	551	0y111314191b
kEc2Z	rn2k3/ppp4p/3p2pq/4Pr2/3P4/2N4Q/PPP4K/R7 w q - 0 19	h3h6 f5h5 h6h5	551	010t191o
mG6d1	r3k2r/pb1n1pp1/2q1p2p/1N6/2BP4/4P3/1PQ2PPP/R4RK1 b kq - 0 17	c6g2	551	0y1314191b
mPBJK	3r2k1/p4ppp/1p4b1/8/7P/1PqpQ1P1/P7/4R1K1 w - - 0 35	e3e8 d8e8 e1e8	551	060p13151n1o
mo9ZJ	3r1nk1/pp3ppp/8/3B4/8/P4P2/1P3KPP/3R4 w - - 1 23	d5f7 g8f7 d1d8	551	010j0p111o
oAuA2	6rk/1Q1p3p/p4pq1/1p6/8/5R1P/2P3PK/3R4 b - - 0 34	g6g2	551	0p13141b
oIe3u	2kr2nr/ppp3p1/3q4/5p2/3P2p1/2NQ4/PPP2PPP/3R1RK1 b - - 1 17	d6h2	551	0y1314191b
ot50O	r4rk1/ppp3pp/2nb1qB1/3pp3/8/4P2P/PPPN1PPN/R2QK2R b KQ - 0 13	f6f2	551	041314191b
qR38n	N1b2b1r/pp1kpppp/2n3q1/8/1PP2n2/5N2/P2PBPPP/R1BQ1R1K b - - 0 12	g6g2	551	0y1314191b
qyXcf	3rk3/1b1n1p1R/3B2r1/1B4p1/P1p1P3/4KP2/1qP3P1/7R w - - 1 35	h7h8 b2h8 h1h8 g6g8 h8g8	551	101316191f
r8MTX	4r1k1/pB2rpb1/7p/2p5/5p2/8/P1Q2PPP/3R2K1 b - - 0 30	e7e1 d1e1 e8e1	551	060p13151o
sRWqg	r2q1rk1/1p2bpp1/p1n4p/2pnp1N1/7P/PPN1P3/1BQPbPP1/R3K2R w KQ - 0 14	c2h7	551	1314191b
t7RTh	2kr1b1r/ppp1p1pp/5p2/1q6/3P1B2/3b1N2/PPQ2PPP/R4RK1 w - - 0 15	c2c7	551	1314191b1k
usGPM	r2q1rk1/pp1n1ppp/2p2p2/8/3P4/3Q1NP1/PPP2PP1/R3K2R w KQ - 1 12	d3h7	551	0y1314191b
vfH26	8/1rn3p1/2k1bp1p/2B1p3/1PP1P3/2K2P2/3R2PP/8 w - - 3 36	d2d6	551	0p0q1113141b1d
vpExT	r2q1rk1/3p1pp1/1p2p2p/p1p1P3/2PnQ3/3B4/PP3PPP/R4RK1 w - - 0 16	e4h7	551	1314191b
wAfe8	r4rk1/1pp1qppp/p1n5/3p4/3P2b1/P1PQ4/2P1NPP1/R3KB1R w KQ - 1 15	d3h7	551	0y1314191b
y8UYf	3r2rk/p1p2p1p/2pb4/4ppN1/8/6R1/PPP2PPP/R5K1 w - - 4 19	g5f7	551	0f0p0y13141b
yLJni	r4r1k/2p3b1/5qp1/1p2P2p/p3Q3/1P2P3/PBPP3R/2K4R b - - 0 24	f6f1 h1f1 f8f1	551	061315191n1o
yhtvw	r3r1k1/ppp2pp1/2n4p/5q2/3PR3/2PQ1NP1/PP3KP1/7R w - - 4 20	e4e8 a8e8 d3f5	551	0g0j0y191o
0E0md	3r4/6kp/6p1/1pNPpp2/2n5/2P3P1/5P1P/3R2K1 w - - 0 34	c5e6 g7f6 e6d8	552	010p0s111o
0XKS1	r2q1rk1/pp3pp1/2b4p/3p2Nn/1b1P4/2N1B3/PPQ2PPP/2R1R1K1 w - - 0 17	c2h7	552	1314191b
1GP2S	2kr3r/p2nbp1p/2p1pp2/2P5/3q1B2/3B4/PP3PPP/R3R1K1 w - - 0 17	d3a6	552	0a1314191b
7CQSi	2k1r3/ppp2ppp/2n2n2/2b3B1/2P5/5B2/PP3PPP/R2N2K1 b - - 1 16	e8e1	552	1314191b
BOZdA	2r2rk1/4bppp/1q2pn2/3nB1QN/2pP4/5N2/5PPP/3R1RK1 w - - 2 23	g5g7	552	0y1314191b
Cir2C	5rk1/pp4bp/3pq3/2p1pRp1/4P1Q1/3P2P1/PPP3PP/6K1 w - - 1 22	f5f8 g7f8 g4e6	552	0g0j0p0y1o
E0Dh6	3r1k1r/pppQnppp/2n1p1b1/qB6/4P1P1/2N1BP2/PPP5/1K1R4 w - - 11 20	d7d8 c6d8 d1d8	552	061315191o
FTWTi	r4rk1/p4pbp/1p1p2p1/2pP2N1/1n2q1P1/Q3B2P/PPP2P2/2KR3R b - - 2 17	e4c2	552	1314191b1k
JNct2	r1br2k1/5ppp/p1p1p3/2n5/2B5/P6P/2P2PP1/3RR1K1 w - - 1 19	d1d8	552	060t1314191b
JUMze	2k1r1r1/pppn1pPp/8/2bb1q2/2pB4/2P2N2/P2NQPPP/R3R1K1 w - - 13 17	e2e8 g8e8 e1e8	552	061315191o
JrlMW	4b3/8/k4P2/3N4/1KpP3p/8/8/8 w - - 0 50	d5c7 a6b7 c7e8	552	0g0p0s1o
KoP4C	7r/3k2pp/Q2p4/3Nq3/3R4/8/PP4PP/R1B4K b - - 0 27	e5e1 a6f1 e1f1	552	1315191o
KtOun	4q1k1/Qp3ppp/8/8/8/8/P3rPPP/R5K1 b - - 0 22	e2e1 a1e1 e8e1	552	0p13151o
Llkvf	8/8/1P6/k7/6b1/7p/7K/8 w - - 1 47	b6b7 g4f3 b7b8q	552	00080g0p111h1o
LoEH1	5b1k/2N2Q1p/p1p3p1/1p6/2p5/6p1/Pq3P1P/6K1 w - - 0 31	f7f8	552	0p13141b
M74bp	4r2k/1pp3pp/1q6/p5N1/7P/8/1PQ5/K1B4r w - - 0 30	c2h7	552	0p13141b
MBkXy	6rk/p2R3n/7K/5N2/2p5/8/P7/8 w - - 0 47	d7h7	552	0p1113141b
MYMxO	8/6p1/2k2p2/4pPp1/1P1p4/n7/P1rK1PP1/2R5 w - - 0 45	c1c2 a3c2 d2c2	552	010p1o
MZidz	6k1/p4pp1/4b2p/r7/p6P/2P1P1P1/2B2P2/3R2K1 w - - 2 34	d1d8	552	0p13141b1f
MuTsu	4r1r1/kp3p2/p2q4/1p1P4/2PPN1n1/1P4Pp/P3R2P/4R1K1 w - - 0 33	e4d6 e8e2 e1e2	552	01191o
N7jAk	r2qkbnr/1p3ppp/4p3/1pp1P3/8/5Q2/PPPP2PP/R1B2RK1 w kq - 0 12	f3f7	552	041314191b
NlPpt	r4r1k/5ppp/p4b2/1pp2Qq1/8/2P5/PPB2PPP/R4RK1 w - - 2 20	f5h7	552	0y1314191b
O8NMZ	5rk1/ppp3p1/1q5B/3pp3/4n1Q1/P1P4P/1PP3PK/R7 w - - 0 23	g4g7	552	0p0y13141b
P9bAL	4r2k/pp3p1p/5N2/q1r2Q2/3n3P/8/PPP2PPB/1K5R w - - 1 27	f5h7	552	0y1314191b
PrnD0	r1r4k/pp1nB1b1/4p1Q1/1q1pP2p/1P1P4/P1P5/6PP/RN3R1K b - - 0 20	b5f1	552	0t0y1314191b
QIhan	r3kb1r/1q1p1ppp/p7/2p1P3/5BP1/2N3N1/PP3P2/R2QR1Kb b kq - 3 16	b7g2	552	1314191b
S8BOs	3r4/1pkr1p1p/p1b1p1pP/2Q1P3/1P3n2/8/5PP1/2RR1K2 b - - 2 31	d7d1 c1d1 d8d1	552	1315191o
TNyBY	5r1k/1b6/p6p/1p4pq/2pP1Pp1/P1P3P1/1P1B1Q2/4R1KN b - - 0 28	h5h1	552	0y1314191b
UkV8v	3k4/p5R1/4Q3/1p1r4/5P2/3p1P2/PPq4P/K7 b - - 0 43	c2c1	552	0p13141b
VJoK6	1Q2r1k1/p4pp1/8/3P4/8/7R/P6K/2q5 w - - 2 48	b8e8	552	0p0t13141b
WVuiC	r4rk1/5ppp/p2Q2n1/2pPp2n/2PbP3/P2NqP2/1R2B1PP/1R2B2K b - - 4 27	e3g1	552	1314191b
ZWchm	4r1k1/4qppp/2p5/Q1p1r3/P7/1P1P3P/2P2PP1/3RR1K1 b - - 0 26	e5e1 a5e1 e7e1 d1e1 e8e1	552	0g0p0y10
ZmIc0	r4rk1/pb1n1p1p/1p2p1p1/3qN3/1P6/P3P2P/1Q1NBPP1/R2R2K1 b - - 0 18	d5g2	552	0y1314191b
a0SQB	3r1rk1/1p3pp1/p3bb1p/2p2Q2/q7/P2B3P/2PN2P1/2R2R1K w - - 4 24	f5h7	552	1314191b
a4Joy	3r2k1/p3Qppp/1bB5/4pq2/8/3P2P1/PP2P2P/R2n1R1K b - - 2 22	f5f1	552	0t0y1314191b
aScQn	2kr1b1r/1pp1p3/p1b4p/3qNp2/3P2p1/4P3/P1Q1BPPP/R1B2RK1 b - - 1 15	d5g2	552	0y1314191b
af2Ps	3R4/1p5k/1R5p/P1P3pK/1P4P1/5r1P/5r2/8 b - - 1 40	f3h3	552	0p13141b1m
b7TTv	1r1r1k2/1b2nppp/p3p3/8/1pPN4/1B2P3/P2R1PPP/3R2K1 w - - 6 21	d4e6 f7e6 d2d8 b8d8 d1d8	552	010j1019
b9vQc	1r2k2r/p1pn1ppp/8/3p4/3P4/P2bPN2/P2B1PPP/2KR3R b k - 0 17	b8b1	552	1314191b1d
cT8JF	1k3rr1/p2q2np/1ppNp1pB/3nP3/3P2p1/P1P2Q2/2P4P/3RKR2 w - - 0 24	f3f8 g8f8 f1f8	552	01191o
cdTfI	4r1k1/pp3ppp/2q2n2/2pp4/8/2NP1Q2/PPP2PPP/R1B3K1 b - - 0 14	e8e1	552	061314191b
dFNTN	rnb1kb1r/pp2p1pp/2p2q2/4p1N1/2p3Q1/2P5/PP1P1PPP/RNB2RK1 w kq - 0 10	g4c8	552	0t13141b1c
di4BJ	4r3/2pk1pp1/p2Nr1bp/8/3R1B2/2P5/PP3PPP/R5K1 b - - 0 21	e6e1 a1e1 e8e1	552	061315191o
f1aKz	1rb2rk1/p4p1p/4pQp1/6PP/qPp5/P2p4/1BP3B1/2KR2R1 b - - 0 28	a4c2	552	1314191b1k
gh2N3	r4rk1/pp1qbppp/2ppb3/8/2PQn3/1P4P1/PB2PPBP/R4RK1 w - - 0 13	d4g7	552	0y1314191b
hSzLI	3N2k1/4R1pp/8/p2p1KP1/4pP2/1Pb1Pn2/6rP/8 w - - 5 38	e7e8	552	0p13141b
idLxN	rb3rk1/ppqn1ppp/4pn2/1P1p4/P2P4/2N1PB2/3B1PPP/2RQ1RK1 b - - 0 15	c7h2	552	0y13141b1c
j6uXu	8/R7/1p1k4/4b1P1/8/8/PP2rPP1/6K1 b - - 0 39	e2e1	552	0p13141b1f
jOwwT	r1b2rk1/2p3pp/p2qN3/1p1pn3/3P2Q1/1B6/PPP2PPP/R5K1 w - - 0 18	g4g7	552	0y1314191b
jPSoT	8/pp6/5R2/4r2P/1P1kbpN1/P5P1/5P1K/8 b - - 0 38	e5h5 h2g1 h5h1	552	0p13151d1o
jSfsM	8/8/5qkp/8/PQ6/KP2p3/2P5/8 b - - 1 45	f6a1	552	0p13141b1i
jUxtZ	r1b3k1/pp3ppp/2n5/1q1p4/3p4/5N2/PPK2PPP/RN2R3 w - - 0 18	e1e8	552	061314191b
knA1N	2kr3r/ppp2ppp/2n5/6N1/1PP1p3/P7/5RPP/RNBQ3K b - - 0 18	d8d1 f2f1 d1f1	552	060s1315191o
lAywf	3r4/kbpn4/p2q1p2/3Pp1p1/7p/1Q4P1/5PBP/1R2R1K1 w - - 2 29	b3b7	552	1314191b
oQaGB	3r2k1/p3Qppp/1p3n2/2p5/8/2N2qP1/PPP4P/6K1 w - - 0 22	e7d8 f6e8 d8e8	552	0p13151o
pQrbu	1k1r1b1r/pbp1n1pp/1p3p2/1B1q4/1nPP1Q2/1N2B3/PP3PPP/RN3RK1 b - - 0 15	d5g2	552	0y13141b1c
rFAwA	4r1k1/5p1p/p1p2Pp1/1p3pN1/P1br4/7P/5PP1/2R1R1K1 w - - 0 31	e1e8	552	0p0t0y13141b
rT00w	6k1/pR3ppp/6r1/3P2q1/3Pp1n1/B3P1P1/3N1PKP/2r5 w - - 0 26	b7b8 c1c8 b8c8 g5d8 c8d8	552	0610131619
rZFWJ	r1b2rk1/pp2qppp/2n1p3/3p4/3P2n1/2P2N2/PPQN1PP1/R3KB1R w KQ - 0 12	c2h7	552	0y13141b1c
rcq4l	6R1/r5p1/2p4p/7k/5P2/2R2P1b/7P/7K b - - 0 46	a7a1 c3c1 a1c1	552	0p13151f1o
rg4T0	2kr4/pppq4/5R2/8/4P1p1/1QP1b3/PP4PP/RN5K b - - 3 20	d7d1 b3d1 d8d1 f6f1 d1f1	552	0610131619
sXoBx	rnb2rk1/ppq2ppp/4p3/8/4QP2/3B4/PP2KbPP/RN4NR w - - 0 13	e4h7	552	0y13141b1c
tGv5R	5r1k/1b4pp/p2pQ3/4b3/1p6/7R/PPP4P/1K4N1 b - - 0 28	f8f1	552	0p13141b
u4j7J	7k/p4rpp/1p2pb1q/5p1n/3Q4/5PP1/PP3PKP/3R1R2 w - - 0 26	d4d8 f6d8 d1d8 f7f8 d8f8	552	06101316191n
uB1Jy	r5k1/p1q2ppp/2p5/1p3b2/3B1b2/1PP2N1P/1P2QPP1/4R1K1 w - - 0 23	e2e8 a8e8 e1e8	552	0y1315191n1o
ufDrG	rn1q1rk1/ppp2ppp/3bp2B/3pn3/3P2Q1/P1NPP2P/1P3PP1/R3K2R w KQ - 0 13	g4g7	552	0y1314191b
vXipA	2r3kr/5pb1/pN4p1/1p1b1pq1/2pP3p/P1P4P/BP2QPP1/3RR1K1 b - - 4 24	g5g2	552	0y1314191b
wyc07	2kr3r/p4pp1/b1p1p1p1/2NpP3/1q6/6Q1/PPP2PPP/R1B1R1K1 b - - 0 15	b4e1	552	0t0y1314191b
xPrwn	2r5/4Rp1p/5BpP/5kP1/5P2/2P2K2/8/3r4 w - - 7 65	e7e5	552	0p0q13141b1d
zU76w	rn3rk1/pp3p2/2p1p1p1/3p3p/2PPnP1q/P1P1P2P/1B3P2/R2QKBR1 b Q - 4 14	h4f2	552	041314191b
zrzo8	r1b2rk1/2p1qpp1/1bp4p/p3pP2/1p2P1P1/3P4/PPP1N1P1/R1BQ1R1K b - - 0 15	e7h4	552	1314191b
26haS	1k1r3r/pppqn3/3p4/8/1P2Q3/2n3P1/P5BP/R4RK1 w - - 0 23	e4b7	553	1314191b1k
2Zo2e	r2q2rk/pp3p2/4p2p/4P1b1/b2PQ3/3B3P/PP3PP1/R4RK1 w - - 2 21	e4h7	553	1314191b
2x0OT	r3qrk1/ppp2p1p/3bpp2/8/3P3Q/2PB4/PP4PP/RN4K1 w - - 0 14	h4h7	553	0y1314191b
5i15B	2r3k1/5ppp/Q3p3/2B4q/1P2p3/P5Pn/3r1P2/R4R1K w - - 1 28	a6c8 d2d8 c8d8	553	060t1315191o
5uWxi	rn1qkbnr/pp1bp2p/2p5/6p1/P1pPP3/2N5/1P3PPP/R1BQKB1R w KQkq - 0 8	d1h5	553	13141b1c
66NXt	5rk1/2Q3bp/1np3p1/4p3/4Nq2/1P1P4/PBP3PP/1R5K b - - 0 22	f4f1 b1f1 f8f1	553	061315191n1o
7BriO	4N1b1/8/5p1p/2p2P1P/6k1/2P5/3K4/8 w - - 0 46	e8f6 g4f5 f6g8	553	0g0p0s1o
7gWbJ	rn2k2r/ppp2pQp/6p1/4p3/2q1P3/2N5/PPPP2PP/R1B2R1K b kq - 0 11	c4f1	553	0t0y1314191b
7xdNx	3r2k1/pb3r1p/1p4pB/4ppQ1/4q3/P1P1P3/5PPP/R5K1 w - - 0 29	g5d8 f7f8 d8f8	553	0y1315191o
7xsx0	5rk1/5ppp/1pB1p3/6N1/Rb6/3P3b/1P2PP1P/2n3KR b - - 8 24	c1e2	553	0y1314191b
80Oxg	b4k2/2RR1pp1/4p2p/1p6/4PP2/1p3PKP/P7/q7 w - - 0 43	d7d8	553	0p13141b
BQ3Sh	r2q1rk1/4bppp/4p3/3p4/2n1n3/1NQ1P3/PB3PPP/R4RK1 w - - 4 19	c3g7	553	0y1314191b
C7uz9	1R2r1k1/5pp1/p6p/3p4/3N4/2qB1PK1/P7/8 w - - 2 37	b8e8	553	0p0t13141b1f
C9csw	6k1/3r3p/p5p1/2p5/PpP1Np2/8/1P5P/5K2 w - - 0 43	e4f6 g8f7 f6d7	553	0g0p0s111o
CO7gT	r3r1k1/pbp1qppp/1p6/2b5/3N4/2PQ1N1P/PPB3P1/5RK1 w - - 3 19	d3h7 g8f8 h7h8	553	0y1315191o
DIENp	2b5/1p1r1k2/2p2bpp/4pp2/2P1N3/4P2P/N4PPB/3R2K1 b - - 0 34	d7d1	553	060t111314191b
DWddu	r3k2B/1b3q2/pp2p2p/8/2PPn1p1/4P3/PP3PP1/R2QKB1R b KQq - 0 18	f7f2	553	041314191b
DmApE	3rk1nr/ppp2ppp/2q5/2b1P3/2p1P1B1/2N2Q2/PP4PP/n1B2R1K w k - 0 14	f3f7	553	041314191b
EB0uM	6k1/p5pp/1p2Np2/3pnP2/1Q6/1N1q4/Pr4PP/5R1K b - - 1 26	d3f1	553	0t1314191b
EF7u1	2r3k1/pp3ppp/8/5q2/P2Q4/1P5P/3R1P2/6K1 w - - 0 33	d4d8 c8d8 d2d8	553	060p13151n1o
EaN2q	2r2r1k/pb3ppB/1p2pN2/3q4/3p4/2P5/PPQ2PPP/3R1RK1 b - - 0 17	d5g2	553	0y1314191b
I8dBl	6k1/p7/2p4p/6p1/2P1N3/1P1P1rPb/P3R2P/7K b - - 0 36	f3f1	553	0p13141b1f
IjVRp	2kr3r/pp3p2/3qppp1/2n5/8/2P4P/PP1QBPP1/2KR3R w - - 0 17	d2d6 d8d6 d1d6	553	01191o
JUFWq	r2q1rk1/5pbp/p5p1/1b4N1/4n2Q/8/PPPP1PPP/RNB3K1 w - - 0 17	h4h7	553	0y13141b1c
Jvmbf	r3r1k1/ppp2ppp/2p5/2n2b2/5P1q/2PN4/PPP1Q1PP/R1B1RK2 w - - 10 14	e2e8 a8e8 e1e8	553	061315191o
KcKPg	3rkbnr/pp2pppp/2n5/2P1P3/5BbP/8/PPP2P2/RN2KBNR b KQk - 1 9	d8d1	553	1113141b1c1d
L9YPA	2k5/pp3p2/2p1bn1Q/q3pN2/n3P3/P4PN1/1PP3P1/K4B2 b - - 0 26	a5e1 h6c1 e1c1	553	1315191o
LEMdw	r1b2r2/pp2bppk/4p2p/8/N3nP2/1PBN2Q1/P1q3PP/R4R1K w - - 2 21	g3g7	553	1314191b
M9Z0j	3rkbnr/pp3ppp/2n5/2p1N3/4PBb1/2P5/PP3PPP/RN2KB1R b KQk - 0 8	d8d1	553	13141b1c1d
MJAtN	k2r4/p1p5/5n2/1N6/1RP5/P4q2/KP6/8 w - - 0 33	b5c7	553	0p1113141b
MVFW0	3r2k1/2p2ppp/pp6/4b3/1P2B3/P6P/2P2PP1/1RB3K1 b - - 0 21	d8d1	553	0p13141b1f
NPqk0	2kr4/1p6/p1pqpp1Q/6p1/Pn6/6R1/1PP2NP1/1K1R4 b - - 0 35	d6d1 f2d1 d8d1	553	1315191k1o
OkMe3	r1b2r1k/ppp3pp/2n1pq2/2Pp4/1P1Pp3/P3P3/3NBPPP/R2QK2R b KQ - 0 14	f6f2	553	041314191b
PgMLL	k3r3/pp4p1/2b5/4P3/1B1R1Pr1/3Q2pq/P3R2P/6K1 w - - 0 37	d4d8 e8d8 d3d8	553	061315191o
RlOVq	r2qk2r/pp1n1pp1/2pbp1p1/3n2P1/3P4/2NB1Q1P/PPP5/R1B2RK1 w kq - 1 14	f3f7	553	041314191b
S85nt	r3r1k1/pb3pp1/1p1pp2p/6q1/1QNP4/P3P1PP/1P2B3/2R2RK1 b - - 0 20	g5g3	553	0y1314191b
TO91J	3r1rk1/pp2bppp/1n1qp3/8/3P4/3QnN1P/PPB2PP1/2R2RK1 w - - 0 18	d3h7	553	0y1314191b
TeJ0x	r3r1k1/p1pb1ppp/1q6/1pbn4/4p3/1PQ1P1P1/PBP2PBP/R4RK1 w - - 0 18	c3g7	553	0y1314191b
U5ETq	4kb1r/ppr2ppp/2b1p1qn/2n3B1/2B1p3/7N/PPQ2PPP/2KR3R w k - 0 16	d1d8	553	1314191b1d
Uiv52	2r3k1/8/2N1p1pp/8/1B6/p3P3/Pb3PPP/5K2 w - - 1 32	c6e7 g8f7 e7c8	553	0g0p0s1o
X7iDL	r4r2/p5k1/2p2qR1/1p5p/2nP4/2PQ3N/PP6/1KR5 b - - 0 28	f6g6 d3g6 g7g6	553	0g191o
XLTO6	r3k1r1/1b1nNp1p/p1qPp1p1/1p6/3B1P2/1B6/PPP3PP/R2Q1R1K b q - 1 18	c6g2	553	0y1314191b
YPZKX	r1bq1r1k/ppp5/2n4b/4p1pQ/4Pp2/P6P/BPPB1PP1/R4RK1 w - - 2 19	h5h6	553	0t0y1314191b
YnudL	3q2k1/r4ppp/1Q1p4/2n5/3N4/6P1/4PPKP/8 w - - 0 33	b6d8	553	060p0t13141b
ZkQLD	6k1/p1p2ppp/8/3rn3/P7/3B2P1/5P1P/3R2K1 w - - 0 33	d3h7 g8h7 d1d5	553	0g0j0p111o
ZqJdM	2r2rk1/1b3pp1/pq2pb1p/2n5/3N4/2p1P3/PPQ2PPP/1BRR2K1 w - - 0 19	c2h7	553	1314191b
bF0NX	r4b1k/1b3P1p/p7/1pp2p2/8/2P3R1/P1Pr2PP/5R1K w - - 0 25	g3g8	553	0p13141b
bOtg5	6r1/p1k3p1/6P1/2PQ1p2/2p5/2P1P3/4q2P/5R1K b - - 0 39	e2f1	553	0p0t13141b
cPhqT	1k6/pp3R1p/5p2/1P1N4/4P1P1/P4r2/3r4/6K1 w - - 0 37	f7f8	553	0p13141b
eO7ag	8/8/8/p5K1/5p1P/4kP2/8/8 w - - 0 50	h4h5 e3f3 h5h6 f3e4 h6h7 f4f3 h7h8q	553	000g0p1e1h1l1w
gDWTW	4r2k/6p1/2p1q3/7p/6R1/7K/PQ4P1/8 w - - 0 45	b2g7	553	0p1113141b
gmH24	4r1k1/p1N1q1p1/1n3p1p/2R5/1Pp5/P5Pb/2Q2P1P/2R3K1 b - - 2 29	e7e1 c1e1 e8e1	553	0y1315191f1n1o
iNmLn	2R5/p4p1k/1p4p1/5b2/2P4p/PPBr4/6PP/2K5 w - - 2 32	c8h8	553	0p1113141b1d
k4FaD	5R2/p4P1p/1p4pk/2b5/q7/2Q5/P5PP/3R3K b - - 0 31	a4d1 c3e1 d1e1	553	060p0t13151o
kt7mE	3r2k1/1p1r1ppp/p4n2/3q1b2/P1N1pP2/1Q2B3/1P3PPP/R2R2K1 b - - 6 23	d5d1 a1d1 d7d1 b3d1 d8d1	553	0610131619
m0TyK	1k6/1pp3Q1/4pp2/1N1qn3/P1n5/4r1B1/1P1r2PP/2R2R1K b - - 0 25	d5g2	553	0y1314191b
mmyPY	2k5/p4ppp/Kb6/2rN4/4P3/PP5P/8/3R4 b - - 4 28	c5a5	553	0p13141b1d
oDkgz	4r1k1/p4pp1/5Q1p/P3rb2/3P4/8/1P3PPP/3RR1K1 b - - 0 25	e5e1 d1e1 e8e1	553	060p13151o
ogPks	3r1rk1/ppp1qpp1/3bb2p/8/4Q3/2NB2n1/PPP2PPP/2KRR3 w - - 0 17	e4h7	553	1314191b
q0Mbr	8/R2N4/4p1kp/2K1P1p1/6P1/5P1n/3r4/8 w - - 0 39	d7f8	553	0f0p13141b
r4juI	5n2/5k2/6p1/6K1/3B2P1/8/8/8 b - - 7 50	f8e6 g5h4 e6d4	553	0g0p0s111o
r8TDC	6k1/pR4pp/5n2/3pN3/8/4K1P1/r7/8 w - - 0 36	b7b8 f6e8 b8e8	553	0p13151o
rQnDL	5r2/5k1p/5p2/2p1p2P/1p2P3/1P1P4/r1P1KR2/5R2 w - - 5 39	f2f6 f7e7 f6f8	553	0g0p1m1o
sW3I5	r4r1k/2p2ppp/p1p2N2/3n2PQ/5q2/2B4P/PPP5/1K5R w - - 8 25	h5h7	553	0y1314191b
sgTJ2	1rb3k1/pp3ppp/8/8/2pR1P2/2P3PP/P1P1r1B1/2K4R w - - 0 20	d4d8 e2e8 d8e8	553	060p13151o
sqg41	8/R5R1/2p3p1/1pr5/p6P/2r2Bk1/6P1/6K1 b - - 4 49	c3c1 f3d1 c1d1	553	0p13151o
t6lMp	r4rk1/p1b2pp1/2R3p1/3pq3/8/P2BP2P/5PP1/3Q1RK1 b - - 0 24	e5h2	553	111314191b
uR4pq	8/p7/1r1R3Q/8/2p2Pk1/8/P5PP/7K b - - 0 38	b6b1 d6d1 b1d1	553	060p13151j1o
wDgqn	5r2/p7/1p6/6k1/2P2N1p/1P2P2P/P3K3/8 w - - 0 42	f4e6 g5f6 e6f8	553	0g0p0s111o
wcb59	r1b2rk1/ppN2ppp/3p4/3Pq3/6n1/8/PP1QBPPP/R4RK1 b - - 0 15	e5h2	553	0y1314191b
wy9Ji	rn3N1k/ppb4p/2pq4/5p2/2BP4/5Q1P/PPP2PP1/R4RK1 b - - 0 17	d6h2	553	1314191b
xphCD	r3kbnr/1b1ppppp/n5q1/1B6/3N4/2N1B3/1PP2PPP/R2Q1RK1 b kq - 5 11	g6g2	553	0y13141b1c
yDPFr	2rqrbk1/1bpn1p2/pp5p/3pB1p1/3P4/P1NBP3/1PQ2PPP/R4RK1 w - - 1 18	d3h7	553	1314191b
ykwkj	r1r3k1/3bqpp1/4p2p/1p1p4/p2P4/3QP1P1/PPB1KPP1/3R3R w - - 2 22	d3h7 g8f8 h7h8	553	0y1315191o
z4QK5	2r1k2r/1p3pp1/p2pp2q/8/1P1P2Q1/2P1P1P1/1P5P/4RRK1 b k - 3 22	h6h2	553	0p0y13141b
zNy6u	r7/p3kp2/6p1/1pP1P3/1R1P4/5Qbq/P4B1p/5R1K b - - 0 31	h3f1 f2g1 f1f3	553	0t1315191o
zfLjx	8/5k2/2P5/4R3/2r4p/5Pp1/6P1/6K1 b - - 0 49	c4c1 e5e1 c1e1	553	0p13151m1o
15Z82	r1bq1rk1/p4ppn/2n4p/1pp1pP1N/3pP1Qb/P1PP4/BP4P1/RNB2RK1 w - - 0 15	g4g7	554	0y1314191b
3TXSW	2r2rk1/1q2bpp1/4p3/p2nn1N1/1p1P1P2/1Pp4P/P1Q5/R1B2RK1 w - - 0 25	c2h7	554	1314191b
4Yi5j	2kr3r/1ppq1ppp/1n2p3/4P3/1n1P2b1/4BN2/QP4PP/R4RK1 w - - 0 18	a2a8 b6a8 a1a8	554	061315191n1o
59i92	r4r1k/p5pp/1pp5/7Q/2q1P3/P7/1RP2PPP/5R1K b - - 0 20	c4f1	554	0p0t13141b
5vUzw	8/8/8/1P6/6p1/7p/2N2k1K/8 b - - 2 53	g4g3 h2h3 g3g2 h3g4 g2g1q	554	000g0p0z101h
5yttG	2rqk2r/p2n1ppp/1p2p3/4N3/1b1Pn3/5QP1/P4P1P/R1B1R1K1 w k - 0 17	f3f7	554	04111314191b
6dDwa	r1bqk2r/p2p1ppn/1pp4p/2bQP3/2B5/2N5/PPP2PPP/R1B2RK1 w kq - 0 11	d5f7	554	0413141b1c
7luyp	4r2k/pprb2pp/8/3P3q/2B1P1nP/5QP1/PPP5/3R1RK1 w - - 0 20	f3f8 e8f8 f1f8	554	061315191n1o
A417d	4r1k1/p1R2pp1/8/8/1P6/6Pp/r4P1P/4R1K1 b - - 3 34	e8e1	554	0p0t1113141b1m
B6ZSw	4rrk1/pp4pp/2n1q2B/7Q/2pP4/P1P3R1/2P3PP/R5K1 b - - 0 20	e6e1 a1e1 e8e1	554	0y1315191n1o
BIsnt	r3r1k1/pp1q1pp1/2pb3p/3b4/3PR1P1/P2B1N1P/1P2QP2/4R1K1 w - - 1 20	e4e8 a8e8 e2e8 d7e8 e1e8	554	0g0y1019
BPmU7	r1bq1rk1/pp3pp1/2nppb2/2p3N1/2P5/PP5P/2QPBPP1/R3K2R w KQ - 0 15	c2h7	554	1314191b
CbOIH	r5r1/pppq1p1k/3p1Pp1/3Nn3/2P1PR2/1P4N1/P5PK/R7 w - - 0 27	f4h4	554	111314191b
CfWG0	2r4k/5Qqn/p2p2PK/1pp5/7P/2P2R2/PP6/8 w - - 11 42	f7g7	554	0p13141b
CveKk	4r1k1/ppq2pp1/5n1p/3p4/3N2b1/P1P3P1/1PB1QPP1/4R1K1 w - - 8 22	e2e8 f6e8 e1e8	554	0y1315191f1o
DRCVs	1k1r2r1/pp3R1p/4Q3/2p1P3/8/8/PPP3RP/7K b - - 0 23	d8d1 f7f1 d1f1 g2g1 f1g1	554	0p1013161j
DseBg	r1b3k1/2p2ppp/2p5/p7/8/2Q2P2/qPP1r1PP/2KR3R w - - 0 16	d1d8 e2e8 d8e8	554	0y1315191o
ExVDm	r4rk1/2qn1ppp/4p3/pp4N1/1npP4/4PB2/1PQ2PPP/R4RK1 w - - 2 19	c2h7	554	0y1314191b
FARkw	1k1r3r/1q3p1p/1Q2p3/6p1/6P1/P1P4P/5P2/1R4K1 w - - 1 27	b6b7	554	0p111213141b
FN2Pm	8/1p3Rbk/p1pr2rp/4p2N/2P1P3/6R1/PPP3PP/7K b - - 0 27	d6d1 f7f1 d1f1	554	060p13151o
HTFeR	r5k1/ppb2ppp/2pqr3/3p4/1P1PN3/P3P2P/1B3PP1/R2Q1RK1 b - - 0 18	d6h2	554	1314191b
IUbXz	3r2k1/4Qp2/p2r2p1/1p2b1Pp/8/4PB1b/PP3P2/R1B3K1 b - - 0 26	d6d1 f3d1 d8d1	554	0y1315191f1n1o
IgOii	8/1q3pbk/6pp/p2Np3/P1Pr4/1P3Q2/4RPPP/6K1 b - - 12 35	d4d1 e2e1 d1e1	554	060p13151o
JbLhT	r2q2k1/p4ppp/2pb4/2pn4/5r2/1PQP3P/PB1N2P1/R4RK1 w - - 1 19	c3g7	554	0y1314191b
JsKN3	1k6/p1p3qp/Pp2Bp2/1Q2p1p1/3rb3/8/2P2PPP/5RK1 w - - 0 24	b5e8 d4d8 e8d8	554	0p13151k1o
Kd4b7	7k/2p3p1/1p4Pp/p1p1p3/4R3/P1P4P/1r4PK/8 w - - 0 35	e4e5 b2f2 e5e8 f2f8 e8f8	554	0p1013161m
LUuJB	3b4/4N1pk/8/1p2PR2/1P5p/3K1P2/7r/8 w - - 6 49	f5h5	554	020p1113141b
LwtKx	4r1k1/1p3pp1/p3b1p1/3p4/3N4/2P3P1/PP3P1P/4RK2 b - - 1 21	e6h3 f1g1 e8e1	554	0i0j0p13151f1o
MGRuj	r1b3k1/p1q2rPp/1n1p1bpQ/2p5/1p2P3/5P2/PPP5/1NKR1BNR w - - 0 19	h6h7	554	0y1314191b
MMxrh	r1q2rk1/pb2b1pp/1p1pn3/8/PPB1p3/1QP1P2P/5PP1/R4RK1 w - - 0 18	c4e6 g8h8 e6c8	554	010s191o
OesYW	4r3/pp4k1/1b6/1P1Q4/P2p2Pp/7P/3q1rK1/3R1R2 w - - 0 37	f1f2 d2f2 g2f2	554	0g11191o
R22Oq	2kr1bnr/3b4/p1n1p2p/5pp1/3P4/6B1/PPP1BPPP/2KR2NR w - - 0 14	e2a6	554	0a13141b1c1k
SG4Gf	2k1r2r/Qppq1ppp/p1pb4/8/4Pp2/2NP1P2/PPP4P/2KR3R w - - 2 15	a7a8	554	1314191b
T9Zcg	2r2rk1/ppqb1ppp/4p3/4P3/5PQP/P1p1b1R1/1PPN2P1/2KR4 w - - 0 19	g4g7	554	0y1314191b
TlJIA	2kr3r/pb1n1Q2/1p2p3/2Pq3p/8/2BB3P/PPP2PP1/R4RK1 b - - 0 18	d5g2	554	0y1314191b
Tt3q8	1rb2rk1/1pq1bppp/p2pp3/8/2PQn3/1P4P1/PB2PPBP/R4RK1 w - - 0 14	d4g7	554	0y1314191b
VvZdS	8/8/pR4p1/3k1P2/3Br3/2P5/PP1b1PP1/5K2 b - - 0 41	e4e1	554	0p13141b1d
XArzW	6k1/6r1/8/1p4r1/1K5Q/P1P5/8/8 b - - 0 52	g5g4 h4g4 g7g4	554	0g0p0s1j1o
Xm9Jx	r2q1rk1/2pnnpp1/p6p/1p5b/3p4/2NQ1N1P/PPB2PP1/R3R1K1 w - - 0 18	d3h7	554	1314191b
YHODl	5k2/8/r3p3/3pPp1R/3P1bP1/5N2/5PP1/6K1 b - - 0 41	a6a1 f3e1 a1e1	554	0p13151f1o
YbpYZ	r4rk1/pp3pp1/2p1p2p/q2nP3/P2PP3/6R1/1PQ3PP/R1B3K1 b - - 0 19	a5e1	554	1314191b
Yew7T	4r1k1/p1pQ1pp1/2p2q1p/8/1P6/2P4P/P1B2PP1/6K1 w - - 0 27	d7e8	554	0p1113141b
ZQ2wq	2r3Bk/1b2P1pp/3p4/p1p1Qp2/1p3P2/P5RP/1Pq3PK/8 w - - 0 36	e5g7	554	0p0y13141b
aPDHd	r1b1k3/ppp4p/2n2qN1/2bBp2Q/8/7n/PPPP2PP/RNB2R1K b q - 2 11	f6f1	554	0t0y1314191b
ay5nn	5rk1/pQp2rp1/3N3p/4p3/8/2N5/PP4PP/R4R1K b - - 0 19	f7f1 a1f1 f8f1	554	061315191o
dkpzM	r2q1rk1/pp4pp/2pb4/3p2n1/1PPQn3/4RbP1/PB3PBP/R4NK1 w - - 0 19	d4g7	554	0y1314191b
fbGGX	2k5/ppnr4/3bp3/4q1p1/2P1N1P1/P2Q1P1p/8/3R1R1K b - - 5 35	e5h2	554	1314191b
fxFGJ	r4rk1/1b3pp1/p1q1p1n1/n3P1N1/3p3p/3B3P/PPP1QPPB/R4RK1 b - - 2 21	c6g2	554	0y1314191b
hZXmO	kr1q4/2B3R1/p3Q3/1p6/8/8/P4PPP/6K1 b - - 0 31	d8d1 e6e1 d1e1	554	0p13151o
iOP9f	1k1rr3/pppnqpp1/3b4/7p/3n2bP/1QP3P1/PP1NPPB1/R1B1R1K1 w - - 0 14	b3b7	554	1314191b1k
jsPxq	2r2rk1/pp1q1ppp/4p3/1R1pn1N1/3P4/3Q4/PP3PPP/2R3K1 w - - 0 20	d3h7	554	0y1314191b
ldNij	4nr1k/ppn3pp/2p5/2Q1p3/4P3/PP4P1/3qNPBP/5RK1 w - - 4 25	c5f8	554	0t0y1314191b
mAi1o	r1b2rk1/pp2npp1/2n1p3/3pP1N1/3q4/3Q4/PP3PPP/RN3RK1 w - - 0 14	d3h7	554	13141b1c
mhCxF	k3r3/pp6/7p/4rN2/P7/1KPQP3/1P3qp1/3R4 w - - 0 40	d3d8 e8d8 d1d8	554	060p13151n1o
nmg8V	r4k2/ppp1qrp1/4p3/3pBp1Q/3P4/2P1P3/PP3PP1/2KR4 w - - 7 24	h5h8	554	0p13141b
nmyyd	4N3/7k/7p/5P1P/4r3/6K1/8/8 w - - 2 61	e8f6 h7g7 f6e4	554	0g0p0s11121o
npsKO	r1bq2r1/1p3p1k/p3pPp1/3pP3/8/2Nn1R2/PPP3PP/R5K1 w - - 0 19	f3h3	554	1314191b
pXTPG	5R2/pp6/6qk/2Q4p/7n/PP2P3/1B1P2P1/6K1 b - - 0 39	g6g2	554	0p13141b
pY0p4	3r1rk1/pp2Rppp/1n6/2p5/8/8/PPP2PPP/RNB3K1 b - - 0 19	d8d1 e7e1 d1e1	554	060s1315191o
qfJu6	3r1Nk1/p5p1/1p5p/4R3/5p2/P6R/1PP2PPP/6K1 b - - 0 27	d8d1 e5e1 d1e1	554	060p13151o
rDVc2	8/8/5p2/R1R1b1p1/p7/5kP1/r4P1P/6K1 b - - 7 38	a2a1 c5c1 a1c1	554	0p13151o
rIiXx	r2q2k1/6bp/p7/2p2p2/8/2P1p3/PP1Q2PP/3R2K1 w - - 0 21	d2d8 a8d8 d1d8	554	0g0p1o
tqhRJ	2qrr1k1/bp3pp1/2pp2n1/p6p/n1P5/PPQ1PPP1/1B2N1KP/3RR3 w - - 0 25	c3g7	554	0y1314191b
uSz3w	k7/p3np1p/2N1p1b1/2N5/Q2P1p2/2q4P/5rPK/8 w - - 0 35	a4a7	554	1314191b
vKhNw	8/1p4k1/4pp2/2b3Np/6pP/8/P3K1P1/8 w - - 0 47	g5e6 g7f7 e6c5	554	0g0p0s11121o
wfnrE	r4rk1/p3q1pp/1p2p3/3np1N1/3n4/2NQ3P/PP3PP1/R2R2K1 w - - 0 19	d3h7	554	0y1314191b
xLbFS	5rk1/pp1bQ1pp/1np1p1q1/3pP3/3Pp3/BPP1P1P1/P5BP/6K1 w - - 0 21	e7f8	554	0y1314191b
yAJQm	2kr3r/pp2bpp1/2p3p1/8/1QP1p3/4q2P/P2Nn1P1/1R1K1R2 w - - 0 24	b4b7	554	1314191b1k
yzC8C	r2qk2r/ppp2ppp/8/4p3/2Bn4/5Q2/PP1N1PP1/R3K2R w KQkq - 0 15	f3f7	554	041314191b
zliz2	r1b2rk1/ppp2ppp/8/4p3/3b1q2/1PPB3P/PB1P1PP1/R2Q1K1R b - - 0 13	f4f2	554	1314191b
zuS1H	r5k1/p1p3pp/1p6/4pR2/8/B1N5/PPP3q1/2K2R2 w - - 0 25	f5f8 a8f8 f1f8	554	0p13151d1o
00Xn1	3r2k1/5pp1/2p3np/2b5/Np2P1b1/1B4B1/1PP3PP/4KR2 b - - 1 21	d8d1	555	111314191b1d1f
0CL90	r2k4/p3qp2/Qp2p3/2bpP3/8/5P2/PP4PK/RNB2R2 b - - 0 20	e7h4	555	1314191b
0Gu8m	6k1/p3rppp/6r1/3p2q1/Pp2n3/4P1PP/5P2/2R1QRK1 w - - 0 27	c1c8 e7e8 c8e8	555	061315191o
0hwpS	r4rk1/p4ppp/3N4/4pq2/2Ppn3/8/PP1B1PPP/2RQ1K1R b - - 0 18	f5f2	555	1314191b
25bvW	r4rk1/2p3p1/p2p3P/4pq2/8/1PNP2R1/1P3P2/R2QK3 b Q - 0 25	f5f2	555	041314191b
2i0y2	r7/8/8/1kpQ4/3p4/5NPp/5P1P/6K1 b - - 0 38	a8a1 f3e1 a1e1	555	0p13151o
4BRN9	r1b4k/ppp2R1p/6pB/2Pn4/4n3/2b5/P3B1PP/R5K1 w - - 0 22	f7f8	555	1314191b1f
51h8u	r4rk1/pp3pp1/2pqp2p/7P/3PN1n1/2PQ4/PP3PP1/R4RK1 b - - 1 18	d6h2	555	1314191b
5G8eN	r2b2k1/1p3ppp/3q4/3P4/8/B1P3P1/rP4BP/4R1K1 w - - 0 27	e1e8 d6f8 e8f8	555	1315191d1o
5Hi3k	r7/1Qpr1kpp/2R5/p2q4/4p3/4P3/P4PPP/2R3K1 b - - 9 26	d5d1 c1d1 d7d1	555	060p13151n1o
5K3NH	k7/pp6/8/5q2/4p3/6RP/PP3P2/4B1K1 w - - 3 39	g3g8 f5c8 g8c8	555	060p13151o
8XC6y	r1b2r1k/pp4pp/1b2p1q1/5pB1/1Q4nP/2N3P1/PP2PPB1/R2R2K1 w - - 1 18	b4f8	555	0t0y1314191b
94fdb	r3kb1r/ppp1pbp1/2q2p2/8/3N4/2BP3P/PPPQPP2/R3K2R b KQkq - 1 16	c6h1	555	060t1314191b
9HJQ4	5k2/p3r3/P5R1/4r2p/2B4P/1P4K1/6P1/8 w - - 0 47	g6g8	555	0p1113141b1d
BlZPo	1r1qb2k/6pp/5p2/3Nr3/4P3/Qp4PP/6BK/2R5 w - - 2 43	a3f8	555	111314191b
CLdEJ	8/7p/p7/1p3p2/2p1kP2/P1P3Pb/1P2K3/3N4 w - - 0 43	d1f2 e4d5 f2h3	555	0g0p0s1o
D6Th4	r4r1k/pp2Rp1p/2b5/2p3Q1/3b4/P4BP1/2P4P/4R2K b - - 0 33	c6f3	555	0l1314191b
DyTrg	rnb1kb1r/2qp1pp1/p3p3/1p5p/3NP1n1/P1N1B2P/1PP1BPP1/R2Q1RK1 b kq - 0 10	c7h2	555	1113141b1c
E6XOH	6k1/1p4p1/2b3P1/R7/8/p3K3/6r1/8 w - - 4 51	a5a8 c6e8 a8e8	555	0p13151o
EIObc	6k1/3r1ppp/8/R4Pn1/p3r3/8/5KP1/8 w - - 0 42	a5a8 d7d8 a8d8 e4e8 d8e8	555	060p101316
Eo8b1	5r1k/ppp2Q1r/8/q3P1P1/3P4/2PB4/2PK1P2/8 w - - 0 31	f7h7	555	0p13141b
GGhcp	r4rk1/pb3p2/1p2p2Q/3qPp2/8/3BR3/P4PPP/5RK1 b - - 0 21	d5g2	555	0y111314191b
H6a9d	r7/1ppq1kpp/p1np1n2/2b1p3/4PP2/2NP3P/PPP5/R1BQ1R1K b - - 0 13	d7h3	555	0y1314191b
Ho7dR	2k4r/Qp1qn1p1/R1p1Np1p/2P5/5B2/2Pr4/5PPP/1R4K1 b - - 0 26	d3d1 b1d1 d7d1	555	061315191o
Ieme3	r4r1k/pp4pp/2p5/4P1q1/3PB1b1/2P5/PP3QpP/R4RK1 w - - 0 25	f2f8 a8f8 f1f8	555	0y1315191o
J1Cg8	4r2k/R5pp/2Qp4/p2Pppq1/pr6/7P/5PP1/2R3K1 w - - 0 33	c6e8	555	0p0t13141b
JCnZH	5R2/B6k/7p/8/P3b1q1/6P1/1P6/5RK1 b - - 1 33	g4g3	555	0p13141b
JOsdT	r1b1k2r/ppp2pb1/3p2pp/3Pq3/2P1P1n1/2NB4/PP2Q1PP/R3NRK1 b kq - 2 13	e5h2	555	0y13141b1c
JTEeU	N5k1/p3rppp/8/4b2q/8/2Q2P2/P3K1P1/4R3 w - - 0 26	c3c8 e7e8 c8e8	555	0p13151o
KKIFN	5n1k/6p1/p5qp/1p1NQ2P/3P4/4P1p1/PP2R1P1/6K1 b - - 0 38	g6b1 e2e1 b1e1	555	0p13151o
KfgN7	rnb2rk1/pp3pp1/4p2p/6Nq/4QP2/2N3P1/PPP2P2/R4RK1 w - - 0 16	e4h7	555	111314191b
MhvIC	rn1k2nr/ppp2ppp/1q3N2/2bP4/2P2P2/3B1bP1/PP2Q2P/R1B1K2R w KQ - 2 13	e2e8	555	1314191b
Nnbad	r4rk1/2p2pp1/pp4qp/2pP4/1PP5/P2NQ2b/2P2PPP/1R3RK1 b - - 4 18	g6g2	555	0y1314191b
Pr9wu	6Q1/p1k1q3/1p2B3/3pP3/2bP4/8/Pr6/7K w - - 3 37	g8c8	555	0p111213141b
RJ2uO	r3k2r/b1p2pp1/p1pq4/1p6/1P1PP1Q1/P1P5/5PP1/RNB2RK1 b kq - 0 16	d6h2	555	1314191b
Sv7Vm	r6k/1b3Qpp/pq2p3/1p1p4/8/6N1/PP5P/5R1K w - - 5 29	f7f8 a8f8 f1f8	555	060p13151n1o
T4qie	r3k2r/5pp1/p1pqp1p1/3p4/3P2n1/P1N1P2P/1P2QPP1/R4RK1 b kq - 3 18	d6h2	555	1314191b
ToJtJ	r4r1k/1ppb2pp/1p6/1P2Qpq1/2P2n2/5N2/PB1P1PPP/R4RK1 b - - 6 21	g5g2	555	0y1314191b
U1x60	8/2p2p2/1p1r4/p4K1k/3P1P2/8/8/R7 w - - 3 44	a1h1	555	0p13141b1m
Upxuj	r1b1k2r/ppp2ppp/2n5/3Pq3/2B1N1n1/2P5/P4PPP/R1BQ1RK1 b kq - 2 13	e5h2	555	0y13141b1c
Uur66	5r1k/6p1/3Q3p/2p3q1/2PpB3/P2P4/KP6/8 w - - 2 39	d6f8	555	0p0t1113141b
W90xX	3r4/p3p1k1/1pp5/2N5/2P1K3/5P2/P7/8 w - - 0 36	c5e6 g7f6 e6d8	555	0g0p0s1o
X3Wew	4r3/1p1P1p1k/p7/6Q1/2P1r3/8/P5PP/3R3K b - - 0 31	e4e1 d1e1 e8e1	555	060p13151j1o
YYPtN	r4qrk/3b1p2/3p1P2/2p1pP2/ppPnP2P/3P3K/PPB5/R2Q1R2 w - - 1 31	d1h5 f8h6 h5h6	555	0y1315191o
YmPk3	r1bq1rk1/1pp1nppp/pbn5/3pP1N1/PPB5/2PQ4/5PPP/RNB2RK1 w - - 0 12	d3h7	555	0y13141b1c
YqOiJ	2r5/5k2/p1q1pPp1/1p1pP3/3P2r1/PP3RBp/3Q1K1P/2R5 b - - 0 36	c6c1 d2c1 c8c1	555	01191o
aTFk0	r1b1k2r/pp3ppp/4p3/4q1B1/1b2p3/1PN1P3/P2Q1PPP/2R1K2R w Kkq - 0 15	d2d8	555	1314191b
dqIla	rr4k1/2p3bp/3p2p1/p1pPpBq1/2P2n2/7P/PPQ1NPPN/1R3R1K b - - 0 20	g5g2	555	0y1314191b
fIEmd	6k1/4Rp2/6pp/p7/2nB4/p1P2P2/2q3PP/6K1 w - - 0 38	e7e8 g8h7 e8h8	555	0p13151d1o
fchOY	5rkr/ppp4p/2n3qB/8/4P3/2NP4/PPP3PP/R3KR2 w Q - 0 19	f1f8	555	0y1314191b1d
haGdo	2r2b1k/2q4p/6p1/5p2/1p1Pp3/1Q2P3/BP4PP/5RK1 w - - 2 37	b3g8	555	0p13141b
haeKA	r4rk1/pp1qpp1p/3p2p1/2p1b2n/2B1P3/P1NP3P/1PP2P2/R1BQ2RK b - - 1 13	d7h3	555	0y1314191b
i6NEy	5R2/8/8/3N4/5p2/5kpK/8/2r5 b - - 1 60	c1h1	555	0p1113141b
ix7c6	4k3/3n2K1/7P/8/8/8/8/8 w - - 3 68	h6h7 e8e7 h7h8q	555	000g0p0z11121h1o
jD970	r1b1r1k1/p1p2ppp/1bp5/8/2p5/8/Pq1B1PPP/R1NQR1K1 w - - 0 18	e1e8	555	060t1314191b
jnwR0	r3k1nr/p1pp1ppp/bp6/2b1P3/8/4PN2/P5PP/2RQ2KR b kq - 0 16	c5e3	555	0l0y1314191b
k2wZ2	2r4r/p1q3n1/6k1/3Q4/4N3/2PP4/PP3PPP/R4RK1 b - - 2 26	c7h2	555	1314191b
kDicx	r1bqr3/4bppk/p1pp3p/1p2pN2/4P1Q1/1P1P3P/1PP2PP1/R1B1R1K1 w - - 3 18	g4g7	555	1314191b
kf2mV	r1b2rk1/p3ppbp/2pp2p1/4q3/2P1P1n1/2N4P/PPQBBPP1/R4RK1 b - - 0 13	e5h2	555	1314191b
nK3wY	r4rk1/pp3Rpp/2p5/8/1PqP4/2P2QP1/6P1/5R1K w - - 1 27	f7f8 a8f8 f3f8	555	0p13151o
nNMto	8/5pkp/4p1p1/2Q1P3/2P2P2/8/P3q1PP/6K1 b - - 0 34	e2e1	555	0p13141b1i
nmPXm	r1q1k2r/pp2bp2/3p4/3p3p/3n1Pp1/2P5/P3Q1PP/R1B1R1K1 w kq - 0 18	e2e7	555	1314191b
npHmK	6rk/pp2br1p/1np1pp1B/3q4/3P4/1PNQ4/P4PPP/R3R1K1 b - - 2 21	d5g2	555	0y111314191b
o4lmk	Q7/1B3pk1/1Q2p2p/4b3/6p1/4P1P1/4rr2/7K b - - 3 50	f2f1	555	0p13141b
oOWoJ	6r1/pp1k2P1/8/7N/8/3p1K2/P7/8 w - - 2 43	h5f6 d7e7 f6g8	555	0g0p0s11121o
odrhy	r2qr1k1/2p2pb1/p5p1/5nN1/2QpPnb1/3B4/PP1N1PP1/R3K2R w KQ - 0 22	c4f7	555	0y1314191b
ovOk7	R7/8/5np1/5p1k/5Kp1/8/8/8 w - - 6 67	a8h8 f6h7 h8h7	555	0p13151o
rT9Np	r4rk1/ppp1q1pp/2n1p3/4p1N1/4Q3/3P3P/PPP2PP1/R4RK1 w - - 1 15	e4h7	555	0y1314191b
roQzC	r1bk1r2/1pqp2Q1/p3ppB1/8/2P5/1P2P3/Pb3PPP/R4RK1 w - - 1 20	g7f8	555	0t1314191b
s8Ho7	r4rk1/pbp1b1pp/1p2p3/3qP3/3N1p2/P2B3P/1P3PP1/R1BQ1RK1 b - - 0 15	d5g2	555	0y1314191b
so2Pj	5r1k/ppq3pp/2n5/2Q1p3/4n3/8/PPP2PPP/R4RK1 w - - 1 19	c5f8	555	0t0y1314191b
udPdm	r4rk1/pp3ppp/2p1q3/4P3/5P2/4n2R/PPQ3PP/R5K1 w - - 0 19	c2h7	555	0y1314191b
v4uGw	r3r1k1/pbp2p1p/4p1p1/3qP3/1n3B2/2PB4/PP2QPPP/3RR1K1 b - - 4 18	d5g2	555	0y1314191b
vBbsA	r3k2r/1pnb1pp1/p1qpp3/P5P1/3P4/2PB3p/1P3PPB/R2QR1K1 b kq - 1 19	c6g2	555	0y111314191b
vMfRv	6k1/p1q2p2/1p2p2p/4rbp1/2PN4/1PQ4P/P2R1PP1/6K1 b - - 5 34	e5e1	555	0p13141b
vOXIx	r7/1p2qk2/p1p2np1/3p2B1/3Pr3/5Q2/PP3PPP/R3R1K1 b - - 6 23	e4e1 a1e1 e7e1	555	0y1315191o
vnp5a	4R3/1p3p1k/p1p3b1/8/8/1nB3KP/PPP3P1/1r6 w - - 2 39	e8h8	555	0p13141b1d
wjWOH	2r1k2r/pQ2bppp/2N1q3/3p4/8/2P5/P4PPP/RN2R1K1 b k - 0 17	e6e1	555	0t0y1314191b
yRL8X	r2q1rk1/5ppp/p2pp3/1p2n1b1/2P5/PB1Q1P2/1PP1NP2/R3K2R w KQ - 2 17	d3h7	555	0y1314191b
zntm1	3Q1r1k/ppp3pp/8/6r1/2B1p3/1P5P/P1P3P1/q2R2K1 w - - 2 27	d8f8	555	0p0t1113141b
02tO7	1r1k1bnr/1bpp2qp/p4p2/1p4BQ/3p4/1B6/PPPN1PPP/R3R1K1 w - - 6 16	h5e8	556	111314191b
0ino8	rn2k1nr/1pp2p2/1b1p1q1p/pP1Pp3/2P1P1B1/P1N5/5PPP/R1BQK2R b KQkq - 0 12	f6f2	556	041314191b
2eVB1	r1q2rk1/pp3pp1/3Q3p/4p3/4Pn2/P1P2P1P/1P3P1K/2RB2R1 b - - 0 19	c8h3	556	1314191b
3OWbJ	r3k2r/ppp2pp1/1Bp1b3/4q2p/4P1n1/2PP3P/PP2BPP1/RN1Q1RK1 b kq - 0 12	e5h2	556	1314191b
3fT7K	8/7p/3k3K/6B1/6PP/P3R3/2q5/8 b - - 0 63	c2g6	556	0p13141b
3gbE4	7k/1np4p/1p1p1pP1/3P3Q/1pP1q3/7P/1R5K/8 w - - 0 33	h5h7	556	0p13141b
45Y1S	2b2k2/p5bQ/4prp1/3pN1P1/3P1P2/1rn1PB2/R7/K7 b - - 0 29	b3b1	556	031314191b
6MKf6	5k1r/2R4p/pp6/3R1ppN/6Pn/8/PP2rP1P/6K1 b - - 0 26	e2e1	556	0p13141b
6gMeL	2r1r1k1/1n2Rppp/3p1q2/5P2/8/6P1/PP4BP/4R2K w - - 0 28	e7e8 c8e8 e1e8	556	061315191o
6oUxz	r3r1k1/1pp2ppp/p2p1q2/3P1b2/2B5/P1P1R3/1P2QPPP/R5K1 w - - 5 19	e3e8 a8e8 e2e8	556	0y1315191o
6vKzV	5k2/8/2b5/4R3/8/6PP/5P1K/r7 b - - 0 43	a1h1	556	0p13141b1d
7Dw5s	6rk/6rp/p3pp2/1p1q1p2/1PPn1P2/P2BQ2R/6PP/2R4K b - - 0 30	d5g2	556	0y111314191b
7cEID	5rk1/2q1bppp/2bpp3/1pp3Q1/4n3/2BP1N2/2P1NPPP/4R1K1 w - - 0 19	g5g7	556	0y1314191b
90bZR	r1bqr1k1/b1p2pp1/p2p3p/1p2p3/1P2PPP1/P1NP4/2P1Q1P1/R1B2R1K b - - 0 15	d8h4	556	1314191b
9JFVT	2r1kb1r/Nb1p1ppp/2q2nn1/6N1/2P5/2Q1P3/PP3PPP/R1B2RK1 b k - 0 14	c6g2	556	0y13141b1c
9PFMH	1br2rk1/pp3ppp/2nqpB2/3p4/3P4/1BP2Q2/PP1N1PPP/R4RK1 b - - 0 14	d6h2	556	0y1314191b
ARG3b	3r1k2/pp1r1pp1/2bR3p/2P5/1B6/5P2/P4KPP/3R4 w - - 4 34	d6d7 d8d7 d1d7	556	010p111o
AnluU	r4rk1/ppp1qpp1/1b1p3p/4n2N/2b1P3/2P3Q1/PP3PPP/R1B2RK1 w - - 0 16	g3g7	556	0y1314191b
AxOsq	r1b2rk1/pp3p2/5p2/P5p1/2pP4/1q2P3/2Q2PPP/1BR2RK1 w - - 0 23	c2h7	556	1314191b
BrUgc	8/8/8/7P/p5K1/1k6/8/8 w - - 1 50	h5h6 a4a3 h6h7 b3a2 h7h8q	556	000g0p101e1h
C9mVC	5k2/pbr2ppQ/4Rb1p/8/N2p4/P7/1P3PPP/1B4K1 b - - 0 25	c7c1 e6e1 c1e1	556	1315191o
DlUA9	r2q2rk/pp2np2/3pbp1p/4p3/4P3/2PB1N1P/P1PQ1PP1/R3R1K1 w - - 2 16	d2h6	556	0y1314191b
EuNFf	6k1/ppp2ppp/5n2/8/3R2bP/3P2P1/PP1r2BK/8 w - - 0 25	d4d8 f6e8 d8e8	556	060p13151o
FI76G	3rk2r/pb3ppp/1p2p3/3q4/PP1N4/8/3QBPPP/R4RK1 b k - 0 15	d5g2	556	0y1314191b
FtzTw	1r3rk1/5pp1/1q1p3p/4p3/2B1Q1Pb/P6P/1PP2PK1/R1B4R b - - 0 21	b6f2	556	1314191b1s
Hq6vs	8/6R1/p2R2bp/4p1k1/4Pn2/4BPK1/1r6/8 b - - 7 48	b2g2	556	0p0u1113141b
IknNL	4r1k1/3rqppp/8/8/3P4/1P3Q2/P4PPP/R3R1K1 b - - 2 24	e7e1 a1e1 e8e1	556	060p13151o
JSBfv	1k6/ppp5/7p/6N1/8/2P2QP1/qP3PKP/4r3 w - - 0 25	f3f8 e1e8 f8e8	556	060p13151o
JkYJR	3rkb1r/1q3ppp/p3pB2/1p6/8/1BN3P1/PP3P1P/3R2K1 w k - 0 21	d1d8	556	1314191b1d
Jni9U	2kr3r/pbp1bpp1/1p5p/3q4/PP1P4/2PB4/6PP/RN1QR1K1 b - - 0 16	d5g2	556	0y111314191b
KIEtK	r1b1k2r/ppp2ppp/3p4/2b1q3/3NP1n1/2P1BP2/PP2Q1PP/RN3RK1 b kq - 0 12	e5h2	556	0y13141b1c
LYAhE	r1b1kr2/p7/1pp1q3/2Q1N3/4P3/2P3Pp/PP5K/5R2 w q - 0 27	f1f8	556	1314191b
Ljihs	2r1kb1r/p1q2ppp/2n1p3/1N6/P1NP2n1/1Q2B3/1P3PPP/3R1RK1 b k - 4 17	c7h2	556	0y1314191b
MnNuR	r1b2rk1/pp3ppp/4p3/3pq1N1/8/3Q4/PPP2PPP/2KR3R w - - 0 16	d3h7	556	0y1314191b
NAYqH	3R4/1p3k1p/p7/2B1p3/r5R1/8/5PPP/6K1 b - - 0 28	a4a1 d8d1 a1d1	556	060p13151o
Ng1yX	r1b2rk1/1p3pp1/pq5p/3p4/P1nN3B/2P1PP2/2Qn2PP/RB3RK1 w - - 1 18	c2h7	556	13141b1c
NmeXQ	3r1k1r/1b3p2/5p1p/4pP2/1pq5/6R1/PPP3PP/R2Q3K w - - 4 29	d1d8	556	0t1314191b
NzdVp	1r4k1/Q6p/2pb1pp1/8/7R/5B1P/5PP1/6K1 b - - 0 29	b8b1 f3d1 b1d1	556	0p13151f1o
OBT7m	6k1/4Rp2/2bN1p1p/2B5/rP6/8/5PPP/6K1 b - - 1 38	a4a1 e7e1 a1e1	556	0p13151o
OCGjY	r4rk1/1bpp2p1/p4p1p/1p2pN1q/4P3/P1PP2QP/1P3PP1/R3K2R w KQ - 4 19	g3g7	556	0y1314191b
OmVWr	r1b2rk1/pppp1ppp/2n4n/2b1q1N1/2Bp4/3Q4/PPP2PPP/RNB2RK1 w - - 0 9	d3h7	556	0y13141b1c
PGoG8	r2q1rk1/p3bppp/1p1p4/3n4/3QP3/1P6/PB3PPP/R4RK1 w - - 0 15	d4g7	556	0y1314191b
R9kHI	8/8/6r1/4P3/8/k7/p2R4/K7 b - - 1 61	g6g1 d2d1 g1d1	556	0p13151m1o
TRSgd	r2q1rk1/1p3pp1/2ppbb2/6Np/p4P1P/P1PQ4/1P1NB1P1/1K1n3R w - - 0 19	d3h7	556	1314191b
TkhzL	r3r1k1/p4ppp/2p5/6b1/2pP4/2P4P/1q1NQPP1/2R1R1K1 w - - 6 20	e2e8 a8e8 e1e8	556	061315191o
Xkj4p	4r1k1/1p2Qppp/p1bp2q1/2p5/6P1/1P1P3P/P1P2P2/4R1K1 w - - 4 22	e7e8 c6e8 e1e8	556	060p13151o
Y3Emd	2r3k1/4R1p1/6Bp/p7/3q4/3n3P/P4PP1/4R1K1 w - - 2 32	e7e8 c8e8 e1e8	556	0p13151f1o
YtKop	r2q2k1/ppp1n1p1/2n1Pr2/b2p1pp1/3P1P2/2P4Q/PP4P1/RNB1K2R w KQ - 1 15	h3h8	556	1314191b
ZUE9s	2r2rk1/pb1nqp2/1p2p2p/6p1/3P4/P1n2P2/1PQ2BPP/1B1R1RK1 w - - 0 19	c2h7	556	1314191b
aqfEc	r4rk1/ppp3pp/3p4/6q1/1PP2n1n/P1NP4/3BPPBP/R1Q1R2K b - - 0 19	g5g2	556	0y1314191b
avYRC	4r1k1/5ppp/3r4/pQ1b2q1/1p3p2/1P3B2/P1PR2PP/6K1 w - - 0 30	b5e8	556	0y1314191b
bLttF	4rk1r/5pbb/2B3p1/p2N2p1/7P/2P2P2/PP6/2K1R3 w - - 0 32	e1e8	556	111314191b1d
d9QVM	8/8/4R3/6p1/2r3P1/6kP/8/6K1 b - - 3 42	c4c1 e6e1 c1e1	556	0p13151m1o
fRaqb	3r2k1/5ppp/b4r1P/2p5/p2p4/P1PP2Q1/4B3/6K1 w - - 1 30	g3g7	556	0p1113141b
gOSUc	r4rk1/p1bq1pp1/7p/1pp1nN2/3pP1Q1/6P1/PPPN3P/R1R3K1 w - - 2 25	g4g7	556	0y1314191b
iOzVw	r2q1rk1/pp3pp1/1npnp3/4P1Np/3P3P/3Q2P1/PP3P2/R4RK1 w - - 0 16	d3h7	556	1314191b
l0sU0	8/pp1k4/4p3/R7/7p/2P1PBpP/Pr4P1/6K1 b - - 1 41	b2b1 f3d1 b1d1	556	0p13151o
mRlp5	7k/1rN2Rnn/p2p2B1/1p2b3/6b1/P5P1/6PK/5R2 w - - 1 32	f7f8 h7f8 f1f8	556	1315191f1n1o
pkLDf	1k6/2p3pp/1pB5/p7/4R3/3n1P1K/P2r2PP/4b3 w - - 0 34	e4e8 b8a7 e8a8	556	0p13151d1o
q1R6R	6k1/1pb3pp/3qp3/3p3Q/3Pn3/P1P4P/1P4P1/1R3RK1 b - - 0 25	d6h2	556	0p13141b
r9gC8	r2q1rk1/pb1n1ppp/1p2p3/2ppP1b1/7Q/2PBP3/PP1N1PPP/2R1K2R w K - 0 13	h4h7	556	0y1314191b
u9k67	3q2k1/2br2p1/p1Q1p3/8/P7/1P2P2P/1B3PP1/2R3K1 b - - 4 29	d7d1 c1d1 d8d1	556	0p1113151o
uV1aJ	r1b1k2r/ppqp1pp1/4p3/2b4p/3NP1nP/2NB4/PPP1QPP1/R1B2RK1 b kq - 0 11	c7h2	556	13141b1c
uw90Z	5r2/5pbk/p3b1pp/3N3P/6q1/P1P3P1/BP3Q2/1K1R4 b - - 2 34	g4d1	556	0t1314191b1k
vIyow	1r4k1/2p2p1p/6p1/p1B5/q1n1Q3/4P3/P4PPP/3R2K1 b - - 0 36	a4d1	556	060p13141b
whwpw	1k1r2nr/pp6/4Pp2/2q4p/7P/PQ4P1/4PPB1/R5K1 w - - 0 23	b3b7	556	1314191b1k
wlx9j	8/3r4/1R6/3p2pp/3P1k2/5P2/5K2/8 w - - 0 48	b6f6	556	0p1113141b1m
wvLsD	r4rk1/4Qppp/p4Bq1/1p1b4/3p4/1B1P3P/PPP3P1/R4RK1 b - - 0 20	g6g2	556	0y1314191b
xY5Lk	rn3rk1/ppb2ppp/2pqpn2/1P6/P2P4/B1N1PB1P/5PP1/R2Q1RK1 b - - 2 15	d6h2	556	1314191b
0ss3I	r2qr1kb/pp2pp1p/2bp2pB/3Q3n/2B1P3/2N5/PPP2PP1/R4RK1 w - - 2 15	d5f7	557	0y1314191b
1p7HH	6k1/B6p/p7/5p2/4p3/P1RrRbP1/5P1P/6K1 b - - 0 28	d3d1 e3e1 d1e1	557	0p13151f1o
1znAR	5k2/5ppp/8/ppN1b3/8/1P5P/P4PP1/6K1 w - - 0 35	c5d7 f8e7 d7e5	557	010p0s111o
2dKdW	4q1k1/6p1/1pQ2pP1/2p5/1p2nNK1/1P6/P7/8 w - - 7 44	c6e8	557	0p0t13141b
40MG1	4r3/5p1k/6R1/1pB5/1P6/3P2Pb/2P2R1P/6K1 b - - 0 38	e8e1 f2f1 e1f1	557	0p13151d1o
4FlHE	2r3k1/pp3pp1/2r5/8/5Q2/5PPq/PP5P/2R1R2K b - - 2 27	c6c1 f4c1 c8c1	557	0p
4JryW	1rbq1rk1/1pp1nppp/p3p3/b7/3PQ3/P2BBN2/1PP2PPP/R4RK1 w - - 3 14	e4h7	557	0y1314191b
4deax	6k1/5ppp/R1p1b3/8/3r4/8/P1r3PP/R5K1 w - - 0 23	a6a8 e6c8 a8c8 d4d8 c8d8	557	060p101316
4jKSw	8/P4R2/8/r7/5p2/5k1K/8/8 b - - 6 45	a5h5	557	0p13141b1m
6DUAS	5rk1/6p1/7p/1p2Q3/2q5/PpB5/1P1p2PP/K7 w - - 0 43	e5g7	557	0p111213141b
6vxtY	5q1k/7p/p3p1pQ/2p5/P1p5/7P/6P1/6K1 w - - 0 33	h6f8	557	0p0t1113141b1i
7fCgB	r1bk1r2/ppppn1pp/8/6B1/2P5/6P1/P5BP/qN3RK1 w - - 0 18	f1f8	557	1314191b
87ISG	r4rk1/1pqbppbp/p2p2p1/3n4/2PQP3/1P4P1/PB3PBP/R4RK1 w - - 0 14	d4g7	557	0y1314191b
8luFC	1rk2b1N/1pp4p/1p4p1/1Q1Pnq1n/P3p3/8/1PP2P1P/2KR3R w - - 1 21	b5e8	557	1314191b
AuLNL	1k5r/1pp5/8/4q3/3R4/2P3Q1/P4PP1/6K1 b - - 4 39	e5e1	557	0p13141b
BRpRG	r1b2rk1/ppp2p1p/2p2q2/6p1/5B2/2PP2KP/P1P3P1/R2Q1B1R b - - 1 12	f6f4	557	1314191b
CCP3i	1b1rr1k1/1p2qpp1/1P5p/3n4/2NP4/5B2/2Q2PPP/1R2R1K1 b - - 0 25	e7e1 b1e1 e8e1	557	0y111315191o
Cgei3	r2n1r1k/3qb1pp/3p4/1ppnp3/p3P3/P2PBQ1P/BPP3P1/R4RK1 w - - 0 19	f3f8 e7f8 f1f8	557	061315191o
EBQ0p	2rq1k2/3bb1pQ/p1n1p1B1/1p2p1P1/2pP1r2/8/PPP5/R3K1NR w KQ - 4 22	h7h8	557	1314191b
EGNSD	r3k2r/1pp1b1pp/p1n2p2/8/PqN5/8/QPP2PPP/R1B1R1K1 b kq - 8 18	b4e1	557	0t0y1314191b
F51ej	8/6p1/5p1p/2R5/6Pk/5K2/8/7r w - - 8 51	c5h5	557	0p13141b1m
GOv64	8/p3R3/1p1Q3p/3b2p1/6Pk/3r1P2/P6K/q7 w - - 1 40	d6h6	557	0p13141b
GSqtg	r1b3k1/p4ppp/1p2r3/2p1n3/2P5/P1N5/1P1R1PPP/2K2B1R w - - 0 20	d2d8 e6e8 d8e8	557	06111315191o
GmUzF	8/1pr3kp/p3p1p1/2N5/P7/7P/1P3PP1/6K1 w - - 0 31	c5e6 g7f7 e6c7	557	010p0s111o
HGBkP	4R3/4k3/2p1n3/5ppp/3q4/4QP1P/6P1/6K1 b - - 3 45	e7e8 e3d4 e6d4	557	0g0p0t1g1o
I2lL4	r4rkb/1b3p1p/p3p1pP/1p1q4/3N4/3B4/PPP1QPP1/R1BR2K1 b - - 0 17	d5g2	557	0y13141b1c
IGKbm	rn2k2r/pbpp1pp1/1p2p2p/4P1q1/2BP1P2/2N5/PPP3PP/R2Q1RK1 b kq - 0 11	g5g2	557	0y1314191b
ImX4K	1br1k2r/pp3pp1/2pqpn2/8/2PP3p/P2QBB1P/1P3PP1/3R1RK1 b k - 0 18	d6h2	557	1314191b
JwFYQ	4r2k/1p4pp/p2R1b2/q1p5/2P2r2/5N1P/PP4P1/4R1K1 w - - 0 24	e1e8	557	06111314191b
K5Yhc	2kr2r1/pp1b4/2q1p3/N3np2/2B4p/4P2P/PPQ2PP1/3R1R1K b - - 2 23	c6g2	557	0y1314191b
L42es	2r2rk1/pp3ppp/1qnbp3/3p4/1P2b3/P1Q1PN1P/1BP1BPP1/2KR3R w - - 2 15	c3g7	557	0y1314191b
Ly7Ze	6k1/2p2ppp/6q1/1p6/2n1N1P1/P4P2/3Q2P1/6K1 w - - 1 37	d2d8	557	060p13141b
M3z6y	5rk1/ppp2pp1/7p/5q2/2QB1n2/2P2P1P/PP3P1K/6R1 b - - 3 24	f5h3	557	0p13141b
MlJWe	8/Np6/8/2kp1P2/P1p5/K1P5/4r2r/1RB5 b - - 0 31	e2a2	557	0p13141b
MtrL2	4r1k1/p2q1pp1/1p5p/8/3p4/NRbP1Q1P/P1P2PP1/5K2 b - - 0 23	e8e1	557	0p13141b1d
NNXNF	r4rk1/pb3ppp/1p2p3/n1b1P1q1/3N4/P1NQ4/1P3PPP/1B1R1RK1 w - - 3 17	d3h7	557	0y1314191b
NWnxB	r3k2r/p1p2ppp/2pbb3/4q3/2P1P3/1P1B4/P5PP/1RBQ1R1K b kq - 2 15	e5h2	557	0y1314191b
O8HJb	r3k1nr/1pp2ppp/pb1p1q2/3Bp3/PP2P1P1/N1P5/3P1P1P/R1BQK2R b KQkq - 0 11	f6f2	557	041314191b
OL7sW	2r1q2k/1R4pp/p2n4/3P4/3Q2b1/2N3P1/PP4P1/6K1 w - - 3 29	d4g7	557	111314191b
P5EaR	r2r2k1/2R3p1/2Q2q1p/3pP3/1B6/P7/1b4PP/5R1K b - - 0 32	f6f1	557	0t1314191b
SohEE	1k2r3/1pp2qb1/p1r4p/1N3p2/PP2p1nB/6P1/3Q1P1P/3R1BK1 w - - 0 28	d2d8 e8d8 d1d8	557	1315191k1n1o
U0hYv	rnbq1r1k/ppp5/3p3b/5ppQ/2BP1p2/2N1P3/PPP2PP1/R3K3 w Q - 2 15	h5h6	557	0t0y1314191b
U5DYQ	r3q1k1/pQpb1ppp/4rB2/7B/3P4/2P5/P1P2PPP/R3R1K1 b - - 0 16	e6e1 a1e1 e8e1	557	0y1315191o
UqvEP	3r2r1/pk3n1p/2n5/1pp5/5P1b/2P1Q2P/PP2P3/R1BB1K1R b - - 0 26	d8d1	557	1314191b1f
VMEmI	1r3rk1/p5p1/4p2p/3pP3/8/2N5/PP3qPP/R1BQ1R1K b - - 0 27	f2f1 d1f1 f8f1	557	061315191o
W54pa	r1bqr1k1/1ppp1pp1/p2n3B/3n4/8/2Q2NP1/PP3PK1/R6R w - - 0 18	c3g7	557	0y1314191b
YkVx2	4rr2/pppN1pk1/3b2pR/8/8/3B3P/PPQ3P1/R1B4K b - - 0 24	e8e1 d3f1 e1f1	557	0y1315191f1o
a7TLT	3r2k1/5ppp/p1p2p2/Q2b4/3P1q2/4r2P/PP3PP1/R2R2K1 w - - 0 21	a5d8 e3e8 d8e8	557	0t0y1315191o
dGzbj	2rqkbnr/p2b1ppp/3p4/1ppQ4/4P3/1BN5/PPP2PPP/R1B1K2R w KQk - 2 11	d5f7	557	0413141b1c
dcYiT	6k1/pp3p1p/5Pp1/8/3Rr3/2P1p2P/PP4PK/4r3 w - - 0 31	d4d8 e4e8 d8e8	557	0p13151m1o
dkFdL	r1b1Qbk1/pp4p1/3qpr1p/n1P1N3/4B3/2P1R3/PP3PPP/R1B3K1 b - - 0 18	d6d1 e3e1 d1e1	557	0y1315191o
fblK0	r7/4N2k/4Np2/7P/1p6/1Pp5/2P5/1K1R1r2 b - - 2 40	f1d1	557	0p0t13141b
fbm2S	rn1r2k1/1b3ppp/p3p3/1p1qP1N1/8/3BR3/PP3PPP/R2Q2K1 b - - 2 17	d5g2	557	0y1314191b
gDZXE	6k1/1p4pp/2b1N3/8/7P/6P1/R4P1K/1r6 b - - 0 36	b1h1	557	0p13141b1d
irlZk	1r3rk1/p3bppp/1p1P4/8/2P1b3/1PQ3Pq/PB2N3/R2R2K1 w - - 0 22	c3g7	557	0y1314191b
jdllW	r1b2rk1/1p3qp1/2nbppN1/p6Q/2pP1P2/2P1P1B1/PP4PP/R3K2R w KQ - 4 17	h5h8	557	1314191b
jsuvb	r3r1k1/1pp2pp1/1nnp3p/7P/5P2/pPQ5/P1PR4/1K3BN1 b - - 0 21	e8e1 d2d1 e1d1	557	0s1315191o
kWtGT	rnb2rk1/ppq2ppp/2p5/3p4/3P2n1/PB5P/1PP2PPN/RNBQ1RK1 b - - 0 11	c7h2	557	0y13141b1c
p3LdD	r1r2k2/4qpp1/3p2n1/4p3/1p2P3/pP3P1R/P1P4R/1K1Q4 w - - 9 39	h3h8 g6h8 h2h8	557	061315191n1o
pdXds	r1b3k1/1p3ppp/pQ2q3/3p4/P2Pn3/4BN1P/5PP1/1R5K w - - 2 24	b6d8 e6e8 d8e8	557	0y1315191o
qVBcF	4r2k/8/5q1p/1p2b1n1/p5RQ/P1P4P/4R1P1/7K b - - 0 44	f6f1	557	1314191b
rJyvr	2kr3r/1p5q/1np2p2/3p3p/pB1P3P/P3nPQ1/1PP3P1/2K1R1NR b - - 2 21	h7c2	557	1314191b1k
rNX4c	2r2rk1/pb3pb1/1p2p2p/3qN1p1/2PP4/1Q4B1/P4PPP/3RR1K1 b - - 0 20	d5g2	557	0y111314191b
sWdRs	R7/2r1kp2/3p4/1B4P1/1p2P3/1b6/1p3K2/8 w - - 0 40	a8e8	557	0p13141b1d
tJWIz	3r3k/1pq4p/p7/3n1N2/4R3/1P4bP/P4P2/4R1K1 w - - 0 31	e4e8 d8e8 e1e8	557	1315191o
tOC5c	1k1rr3/pPp1qppp/8/2bN4/5Q2/5N2/PPP1BPPP/R3K2R b KQ - 0 15	e7e2	557	1314191b
trcUo	1r2nrk1/5pbp/3p2p1/2pP1b2/1qN1NB2/5P2/RPQ3PP/4R1K1 b - - 0 23	b4e1	557	0t0y111314191b
uhjfN	1n1q3k/6p1/4R1K1/1P5p/4Q3/3P2P1/7r/8 w - - 12 46	e6e8 d8e8 e4e8	557	0p0s13151o
usk5t	8/8/1Kp2k2/PbP5/8/8/8/8 w - - 3 48	a5a6 f6e5 a6a7	557	00080g0p1o
wWFcO	7k/pp4pp/8/5p2/8/P1P1rbPq/3R3P/6K1 w - - 4 39	d2d8 e3e8 d8e8	557	060p13151o
wiSPx	6k1/1p3p1p/p5p1/1r6/2p5/2B1P2P/Pb3PP1/1b1R2K1 w - - 0 28	d1d8	557	0p13141b1f
yhOGk	8/3k3p/5p2/3K2p1/2PN4/5P2/5B2/4r3 b - - 2 63	e1e5	557	0p1113141b
yvsQL	8/pp5P/1kp5/7r/3P1R2/2P5/PP6/K7 b - - 0 42	h5h1 f4f1 h1f1	557	060p13151m1o
0A32R	4k3/1p3p2/p3p3/5n2/1bPQ4/6Pq/P4P2/3R2K1 w - - 3 31	d4d8	558	0p13141b
0XnVh	rn1qkbnr/ppp2ppp/6b1/3pp3/6P1/1P1P1P2/PBPNP2P/R2QKBNR b KQkq - 1 6	d8h4	558	13141b1c
106nv	4r1k1/pp2qp1p/2pb1p2/3p1Q2/3P4/1PP2N1P/P4PP1/4R1K1 b - - 10 22	e7e1 f3e1 e8e1	558	0p0y13151f1o
17VOr	rnbqk2r/pp1pbppp/8/2pQP3/2B5/8/PPP2PPP/R1B1K1NR w KQkq - 1 9	d5f7	558	0413141b1c
1E5ff	8/8/8/3p4/1P1P4/1kP1R3/p5r1/K7 b - - 0 51	g2g1 e3e1 g1e1	558	0p13151m1o
1U89v	8/8/2k1p1p1/3pP3/1P4P1/NPn5/P6r/K1R5 b - - 2 46	h2a2	558	030p1113141b
1UO1f	2r3k1/p2R1pp1/1p1p1B1p/1N6/1P6/P2b1N2/5PPP/6K1 b - - 0 24	c8c1 f3e1 c1e1	558	060p13151o
1nTlS	rnb2rk1/ppp3pp/3bpq2/8/2BP4/2N5/PPP2PPP/R2QK1NR b KQ - 1 8	f6f2	558	0413141b1c
32VDZ	r2k3r/1b1p4/ppn1P3/2b2p2/8/5Nq1/PP4PP/RN1Q1R1K w - - 0 21	d1d7	558	111314191b
3Pwxt	1k4nr/ppp3p1/2n1Q2p/8/1q2N3/7P/P4PP1/3K1B1R w - - 0 17	e6e8 c6d8 e8d8	558	1315191k1o
4VT7H	r1b1k2r/ppp2pp1/2p4p/4q3/4P1n1/2NP3P/PPP2PP1/R1BQ1RK1 b kq - 0 11	e5h2	558	1314191b
62Z4G	r1bq1rBk/1pp3pp/p1n5/5pb1/3Pp2Q/2P4P/PP3PPN/RN2R1K1 w - - 0 16	h4h7	558	0y13141b1c
73wzH	3r4/p2Pq3/k3P3/1p5p/P7/7P/4Q2K/8 w - - 1 47	e2b5	558	0p13141b
77Q4n	2rr4/pp4p1/4pk1p/3pN3/4PP2/nP1R3P/P1P3P1/2KR4 b - - 0 24	c8c2	558	0p13141b1k
7wssR	2rqr2k/3nb1pp/p1p1p3/1p1p4/8/1PQ2N2/PBP2PPP/3RR1K1 w - - 0 20	c3g7	558	0y1314191b
8znig	r3k2r/p4ppp/bqp5/3p4/4n3/P3B3/BPP3PP/RN1Q2KR b kq - 4 14	b6e3	558	0t0y1314191b
9vGbN	6k1/pp3pp1/1bn4p/3q4/3p2b1/P2B1Nn1/1PPN1PPP/4Q1K1 w - - 0 22	e1e8	558	111314191b
B2VQh	2r3k1/5ppp/2q1p3/pp1b4/3Pp3/1P2P3/P2Q1PPP/1BR3K1 b - - 0 23	c6c1 d2c1 c8c1	558	060p0s13151o
B6S9v	2r2rk1/3qbppp/2p1p3/1p1n4/p2PQ3/P1PB3P/1P1B1PP1/3RR1K1 w - - 1 19	e4h7	558	0y1314191b
BSKXe	Q4b1r/p3k1pp/8/q3pn2/2P5/1B2P3/PP4PP/RN4K1 b - - 0 19	a5e1	558	1314191b
BrfWH	8/1R3p2/3kb3/5p2/3Kp2P/5rPN/5P2/8 b - - 8 39	f3d3	558	0p1113141b1f
CHpTA	r1b1r1k1/1p3ppp/p1p5/3P4/2P5/5B2/P2n1PPP/BR2R1K1 w - - 2 23	e1e8	558	0t0y1314191b
DVaPf	r5k1/Ppp3p1/2q2p2/5Q2/1P3P2/2P4P/2r3P1/R2R3K b - - 2 29	c6g2	558	0p13141b
Df3R8	r4r2/p1p2kpp/8/1B1bP1q1/1b1P4/1Q2B3/PP3PPP/RN3RK1 b - - 0 16	g5g2	558	0y1314191b
E1L4S	8/8/8/2P5/1R5p/P5p1/2r4k/5K2 w - - 2 69	b4h4	558	0p13141b1m
EVS88	2r1k2r/p2n1pp1/7p/4p3/1b2P1PP/5N2/PP2PPQ1/2R2K1R b k - 0 17	c8c1 f3e1 c1e1	558	1315191d1o
Fa3TY	r5k1/ppp2ppp/8/3P4/6bq/2P5/PP1P2PP/RNB1Q1K1 b - - 0 17	h4e1	558	0t0y1314191b
Fugba	5k2/4pp1p/1q1p2p1/3P3n/1p2P3/1P3PPP/1B4BK/2R2b2 w - - 0 29	c1c8 b6d8 c8d8	558	0p13151f1o
GjmSr	7k/6pp/pp3r2/3R1p2/8/P1r1P3/6PP/1R4K1 w - - 0 28	d5d8 f6f8 d8f8	558	060p13151m1o
HmOcR	r1b1k2r/ppp1ppb1/q5p1/7p/7P/2NQ1N2/PPP2PP1/2KRR3 w kq - 1 15	d3d8	558	1314191b
HzPai	r2q1rk1/pb3pp1/1p2pb1p/1Np3N1/2n4P/PP2P3/2QP1PP1/2KR3R w - - 0 15	c2h7	558	1314191b
IgOO5	r2Br1k1/5ppp/p7/1p6/2n5/P5nP/1P3PP1/R3R1K1 w - - 0 28	e1e8	558	060t1314191b
JSSuw	4rrk1/pp3pp1/1q5p/3p4/2pP2Q1/2P5/PP3RPP/R1B4K b - - 0 22	e8e1 f2f1 e1f1	558	061315191o
JrCuD	6k1/R4pp1/2B4p/1P6/1r2b2P/6P1/5P2/6K1 b - - 0 31	b4b1 g1h2 b1h1	558	0p13151d1o
Jsz6H	2Q2bk1/5ppp/1pN5/3p4/3Pn3/8/PP3PPP/1qB3K1 b - - 8 24	b1c1	558	0p0t1113141b
Jvn4b	5r1k/4qppp/pr1b4/2pB3b/4Pp2/1PBP2Q1/2PK3P/5R1R w - - 0 23	g3g7	558	0y1314191b
Krm6v	r2qk2r/pppn1pp1/4p2p/3pPb1P/6PR/2P2P2/PP1NP3/R1BQKB2 b Qkq - 0 11	d8h4	558	0t13141b1c
L2UmD	5rk1/p5pp/1p4n1/2p5/8/P2qP3/1P1Q2PP/R3B1K1 b - - 6 24	f8f1	558	0p1113141b
L7Mmo	5bk1/6pp/p6r/3N1P2/4PP2/1R3K1P/8/8 b - - 0 47	h6h3 f3g4 h3b3	558	010p111o1p
M9ayl	2rr2k1/5pbp/p5p1/1p4q1/PPpPN3/2P1P2b/1QN2PPP/R4RK1 b - - 0 22	g5g2	558	0y1314191b
MzXoX	8/7k/1p5p/p5p1/2P5/PP1r1BP1/8/4K3 w - - 1 46	f3e4 h7h8 e4d3	558	0g0p0s111o
NDjih	2r1kbnr/pp2pppp/2n5/1BPpq3/6Q1/2P5/PP3PPP/RNB2RK1 w k - 0 12	g4c8	558	0t13141b1c
NOHtY	2rq1rk1/1p1bbppp/p1n1p3/4P3/4Qn2/2PB1N2/3N1PPP/R1R3K1 w - - 0 17	e4h7	558	0y1314191b
O1lCe	5k2/4q1pQ/2b2pP1/1p1p1P2/3r4/p1P5/P1P5/2KB4 w - - 2 49	h7h8	558	0p13141b
PGPtq	rn3rk1/1b2bp1p/4p1p1/1ppqP3/p1PP4/3BB3/P1Q1NPPP/1R3RK1 b - - 0 18	d5g2	558	0y1314191b
PglNQ	8/3k4/1p1r1p2/1P3P2/3RK3/8/8/8 b - - 2 45	d6d4 e4d4 d7d6 d4c4 d6e5	558	0g0p101m1z
QVpy9	6k1/R5pp/8/8/P3n3/3r2B1/6PP/6K1 b - - 0 33	d3d1 g3e1 d1e1	558	0p13151o
R78SI	5r1k/2R3pp/1p1Q2p1/p2P4/P5n1/1P5P/6P1/7K b - - 0 43	f8f1	558	0p13141b
RIhm7	8/6p1/6p1/1p1P2Pp/p3K2P/k7/8/8 w - - 0 38	d5d6 b5b4 d6d7 b4b3 d7d8q	558	000g0p101e1h
SkGs4	k7/pp4pp/2p5/4Q1P1/1P3P1R/2P4P/q2r4/2K5 w - - 0 32	e5e8 d2d8 e8d8	558	060p13151o
SzGbN	6k1/p5p1/4r1Bp/3p3P/3P4/P5r1/1P2p3/1KR5 w - - 0 35	c1c8 e6e8 c8e8	558	0p13151f1o
TRtMQ	r4rk1/pp3ppp/2n5/3q1bQ1/1b6/1P3N2/PB2pPPP/R4RK1 w - - 0 16	g5g7	558	0y1314191b
TaPBA	R7/2r2p2/5Ppk/p6p/1p3K2/1P2R2P/r7/8 w - - 2 42	a8h8	558	0p1113141b1m
TqkX7	r1b2rk1/pq1n1pp1/1p5p/3pN3/3P4/P2QP1n1/2B2PPP/R4RK1 w - - 0 18	d3h7	558	1314191b
Txh7e	N2k3r/1b1n1ppp/p1q2n2/1p2BB2/1P6/8/P1P2PPP/R2Q1RK1 b - - 0 18	c6g2	558	0y1314191b
UzTjp	r3k1r1/p3bp2/2p2p1p/q2p4/2nP4/1PN2b2/P1P1QPPP/2K1RB1R w q - 0 16	e2e7	558	1314191b
VR9ff	r2qr1k1/pp3ppp/2pb4/2np4/6Q1/1P1pP2P/PBPN1PP1/R4RK1 w - - 0 14	g4g7	558	0y1314191b
VY89p	2r5/5R1p/1pr5/4P3/4kP1P/8/PP1n1P2/K2R4 b - - 6 29	c6c1 d1c1 c8c1	558	060p13151o
ViLIt	r2qk2r/1p1bppbp/p5p1/3PP3/8/2NBnQ2/PP4PP/R4RK1 w kq - 0 16	f3f7	558	041314191b
VoznZ	3q1rk1/5pp1/p3p2p/3p1b2/1PrQn3/P5P1/1B2PPBP/R4RK1 w - - 5 19	d4g7	558	0y1314191b
XjxAT	1r6/4P3/2R5/p2p4/3P4/2P1kp2/P6P/5K2 b - - 0 45	b8b1	558	0p13141b1m
Y0416	r3kb1r/pb1p1ppp/1p6/q3N3/2P5/4n1P1/PP3PBP/R2Q1RK1 w kq - 0 14	d1d7	558	1314191b
YQ7tJ	2r4r/1p2k2p/pq2Np2/3pR2Q/8/3n4/PPPN1PPP/1K5R b - - 2 20	b6b2	558	1314191b1k
YWfQZ	r1b2rk1/pp2bppp/4p3/1BNpn1N1/8/3QB3/1qPK1PPP/3R3R w - - 0 16	d3h7	558	0y1314191b
YceRP	6k1/1pp1P1pp/1p1p4/8/8/8/PP2q1PP/5R1K w - - 0 27	f1f8	558	0p13141b1j
Z2Qbz	r4rk1/b1p3pp/1p1pp1q1/p3p3/3PPn2/1PP1BN1P/1P3PP1/R2QR2K b - - 2 21	g6g2	558	0y1314191b
ZXH1D	3r2k1/pp4pp/3p2r1/PB5q/1PP1Rp2/2R2P1b/5P1P/4Q2K w - - 7 28	e4e8 d8e8 e1e8	558	0y1315191o
aCmxp	1k3r2/ppp5/3b1Q2/7K/3p2B1/1P3R2/q6P/4n3 w - - 1 40	f6f8 d6f8 f3f8	558	061315191o
bLvBx	4r1k1/p4pp1/3p3p/1Pp5/P1P2n1q/2Q3R1/5P2/5BK1 w - - 6 28	c3g7	558	0p13141b
czxtD	2q5/5Qpk/5n2/2b3p1/8/2P4P/PP6/R4R1K b - - 0 31	c8h3	558	0p13141b
e3uef	r2q1rk1/2p2pp1/ppnp1b1p/8/1PPP4/P1NQ1b2/5PPP/RB3RK1 w - - 0 17	d3h7	558	1314191b
eBlG7	r1b1k2r/2qp1pp1/p5P1/1p4Np/6n1/2NB1Q1P/PPP3P1/R4RK1 b kq - 0 17	c7h2	558	1314191b
eikDP	r1b1k1nr/ppp2ppp/2p3q1/4p1B1/4P3/2P2N2/PPP2PPP/R2Q1RK1 w kq - 3 9	d1d8	558	1314191b
fBcXG	6k1/n4pp1/1p2b2p/pP1pPp2/q2P1B2/2R3Q1/5PPP/3R2K1 b - - 1 29	a4d1	558	060t1314191b
fh0EK	3r3k/pQ4n1/1p1P2pp/4P3/5q2/1B3n2/P6P/3R1R1K b - - 0 40	f4h2	558	1314191b
ftHCk	r1b1k2r/ppp2ppp/4p3/b3P1B1/4n3/2P5/PP3PPP/3RKB1R w Kkq - 0 11	d1d8	558	1314191b1d
gwMoE	r2q1rk1/1b1nbppp/p1p1p3/1p1nP1N1/3P4/2N5/PPQ1BPPP/R1BR2K1 w - - 1 15	c2h7	558	0y13141b1c
iXRli	rnb1k1nr/pppp1ppp/8/2b1p3/2P3Pq/7P/PP1PPPB1/RNBQK1NR b KQkq - 0 4	h4f2	558	0413141b1c
jutVK	5rk1/ppp4p/2b2P2/8/3P1Bq1/P1P2p2/2PQ1PP1/4R1K1 b - - 0 23	g4g2	558	0p0y13141b
kGQUA	1r3rk1/b4ppp/p5q1/2p1PN2/8/2Q2b1P/P4PP1/B3RRK1 b - - 0 25	g6g2	558	0y1314191b
kkNet	r1bqr1k1/2pp1ppp/p2n1b2/1p1N4/6Q1/1B1P4/PPP2PPP/R1B1R1K1 b - - 3 13	e8e1	558	060t1314191b
ledLM	r2qkb1r/pp1bpppp/8/2ppN3/4n3/5Q2/PPPP1PPP/RNB1K2R w KQkq - 0 8	f3f7	558	0413141b1c
rIAhU	rn3rk1/pb2qppp/1p1p4/4p3/8/P1nQ1N1P/1PB2PP1/R4RK1 w - - 0 19	d3h7	558	0y1314191b
rconI	r1q2Bk1/1p2pp1p/p5p1/5b2/8/4Q3/PPP1B1PP/2KR3R b - - 0 17	c8c2	558	1314191b1k
s40TY	3rk2r/p1pb1ppp/3b4/4q3/2Q5/4N3/PP1P1PPP/R1B2RK1 b k - 0 15	e5h2	558	0y1314191b
sXfee	6k1/4q1pp/4p3/r2p4/3P4/PR2P2P/6P1/5RK1 w - - 0 35	b3b8 e7d8 b8d8	558	0p13151j1o
tjAtj	8/8/6K1/3k2P1/2p4P/8/5P2/8 b - - 0 45	c4c3 h4h5 c3c2 h5h6 c2c1q	558	000g0p101e1h
uCdTQ	8/p1p2k2/3p1r2/5r2/1P6/2PK4/5R2/5R2 w - - 1 46	f2f5 f6f5 f1f5	558	0g0p111m1o
udzbL	2Q5/5kp1/1p2np1p/p6P/3qB3/6R1/P1P2PP1/5K2 b - - 0 30	d4d1	558	0p1113141b
ugyPy	r2k3r/1p3Rbp/p1qNQ1p1/2p1P1N1/8/P2Pn3/1BP3PP/R5K1 b - - 0 23	c6g2	558	0y1314191b
vgrdR	r2qkbnr/pp1n1ppp/3p4/2pQ4/2B1P1b1/5N2/PPP2PPP/RNB1K2R w KQkq - 2 7	d5f7	558	0413141b1c
vhzzH	4r1k1/pp1n1rpp/2pQ4/3p4/3P4/8/PPP2PPP/RN4K1 b - - 0 18	e8e1	558	0p13141b
w8Lsy	8/8/8/5k1K/5P2/r7/5R2/8 b - - 0 59	a3h3	558	0p1113141b1m
weFZc	5R2/8/4k1p1/7p/5p1P/5P1K/6P1/2r5 b - - 3 43	c1h1	558	0p13141b1m
xTcqI	1r3r2/6pk/p3p1pp/2p1Q3/2P5/3P2R1/P1P3PP/5R1K b - - 0 27	f8f1	558	060p0t13141b1j
zlx7H	6R1/p4p2/1p2pB2/4Pk2/5n2/2P2P2/r5PK/8 w - - 11 35	g8g5	558	0p0q13141b1d
0955R	8/1r2k3/R3p3/4Kp1p/3PbBpP/P5P1/8/8 b - - 0 76	b7b5 d4d5 b5d5	559	0p0q13151d1o
0MQVb	3r2k1/2p1Qppp/8/5P2/8/1Pq3P1/P4P1P/6K1 w - - 0 27	e7d8	559	060p13141b
1da9y	8/6k1/R5Np/7P/8/KP6/8/7r b - - 0 52	h1a1 a3b4 a1a6	559	010p111o1p
4AoC8	r1q2rk1/2p1bppn/2n1b2p/p2pP3/3P4/pP1Q1NNP/1BB2PP1/R3K2R w KQ - 0 19	d3h7	559	0y1314191b
5amZY	r2qk1r1/p1pp1p2/1p2pB2/4Pn2/8/8/PPPN1P1P/2K3RR w q - 0 19	g1g8	559	1314191b1f
7QfVW	3rr2k/R5p1/5bQp/2p5/2N5/2P2p2/P4PPP/4R1K1 b - - 0 31	e8e1	559	0t1314191b
7XqdM	4r1k1/q5pp/4b3/pp1p4/1BpP4/P3PR1P/1PB1K1P1/5R2 w - - 0 32	f3f8 e8f8 f1f8	559	0y1315191d1o
82xyB	rn1R4/pp4p1/2p3rk/5b2/4N2n/5P2/PPP1N1P1/5RK1 w - - 2 23	d8h8	559	1314191b
8JtsT	2rq1rk1/1p1bbppp/p1n1p3/4P3/8/P1nQ1N2/1PB2PPP/R1B1R1K1 w - - 0 15	d3h7	559	0y13141b1c
8qOMk	8/p3kp1Q/2Rq1p2/4p3/4P3/1N6/PP4PP/7K b - - 0 31	d6d1	559	060p13141b
9YMNo	2rq1rk1/pp3ppp/2nbp3/1B1p4/4b1Q1/1P1NP3/PBP2PPP/R4RK1 w - - 4 14	g4g7	559	0y1314191b
9e8sC	k6r/pp3ppp/8/4Q3/8/5P2/PP3q1P/4R2K w - - 2 25	e5e8 h8e8 e1e8	559	060p13151n1o
9uyOw	1r4k1/1r3p2/4pRp1/2PpP1Pp/p2P1Q1P/Pp1q4/1P3R2/K7 b - - 16 39	d3d1 f4c1 d1c1	559	0p13151o
AZxm5	r3k2r/1pp1Bppp/p2q4/3p4/3P2n1/2NQ4/PPP2PPP/R4RK1 b kq - 0 14	d6h2	559	0y1314191b
B1Hjz	r1bqk1nr/1p1p1ppp/2p5/4p3/1pB1P3/2P2Q2/PP1P1PPP/R1B1K2R w KQkq - 0 9	f3f7	559	041314191b
BYNo3	8/6k1/7p/4R3/3n2P1/7P/7K/8 b - - 0 51	d4f3 h2g3 f3e5	559	0g0p0s11121o
Bmih8	2k1r3/pp3ppp/3b4/2p5/2N2n2/1PP2n1P/P4P2/R1B2K1R b - - 1 18	e8e1	559	1314191b
CHUgS	r2q1rk1/1pp2npp/1p1p4/n3p1N1/4P1bQ/3P4/PPP2PPP/RN3RK1 w - - 0 12	h4h7	559	0y13141b1c
FCpwF	r4r1k/pp4pB/2p2q2/2bpN3/6b1/2P1P3/PPQN1PPP/R3K2R b KQ - 0 13	f6f2	559	041314191b
Fvuj6	5k2/pp2rp1p/2p5/q3P3/6Q1/8/2P2PPP/4R1K1 b - - 6 31	a5e1	559	0p0t13141b
G3rt3	2r2rk1/pb1q1pp1/1p2pb1p/3p4/2Pp4/4P3/PPQN1PPP/1BR2RK1 w - - 0 16	c2h7	559	1314191b
G5Vzq	4r3/ppp2kpp/2n2q2/3p1b2/5P2/N1n1Q3/PPP3PP/4RRK1 w - - 0 19	e3e8	559	1314191b
GiEkG	5k2/2R3p1/4K3/6pp/8/2P5/8/3r4 w - - 0 47	c7c8 d1d8 c8d8	559	0p13151m1o
HrVhP	7k/p1R2pbp/4r1p1/3rBq2/8/1P6/P4PPP/R5K1 w - - 0 24	c7c8 d5d8 c8d8 e6e8 d8e8	559	10131619
JG01V	5k2/p1R1ppb1/1p4pp/1NB5/4r3/PK5P/5PP1/3r4 w - - 0 26	c7c8 d1d8 c8d8	559	0p1113151o
JvnCd	2kr3r/ppp2pp1/2pqb3/7p/4P1n1/2NPP2P/PPPQB1P1/R4RK1 b - - 4 12	d6h2	559	1314191b
LwnK6	r3r1k1/pp3pb1/3p2pp/8/2B5/1Pp2pPQ/P1PR4/1K4BR b - - 0 21	e8e1 d2d1 e1d1	559	1315191k1o
MFFwW	r3qrk1/2pn2pp/pp1p4/4p1NP/3PQ3/P1P5/2P2PP1/R3K2R w KQ - 2 18	e4h7	559	0y1314191b
N8k6t	r1b2r1k/1pp3pp/p2p3q/4p3/4P3/1PPPP2P/1P1N2P1/R4RK1 w - - 0 21	f1f8	559	06111314191b
NELvw	2kN1b1r/pp4pp/2n1qn2/2pp4/5pb1/1QPP2P1/PP1NP1BP/R1B1K2R b KQ - 0 11	e6e2	559	1314191b
Nhj6d	5k2/1b1r4/p5Q1/1p6/4Pq2/8/PPPN4/1K3R2 b - - 2 31	f4f1 d2f1 d7d1	559	060p13151n1o
NiWQZ	2rq1r1k/1p2b1pp/p1p1P3/3p1p2/6QP/2B5/PP3PP1/2R1R1K1 w - - 0 23	g4g7	559	0y1314191b
P3UT8	8/4p1kp/6p1/4bp1q/2Q4R/1P5P/P5P1/3N3K b - - 0 37	h5d1 c4f1 d1f1	559	0p13151o
P86a6	8/P6R/1N6/1P6/8/4k3/r2n4/4K3 b - - 2 57	a2a1	559	0p13141b
QE5hL	2rq1rk1/1p1bbpp1/p6p/3n1P2/1P1Q4/P3P3/1B2B1PP/R4RK1 w - - 0 18	d4g7	559	0y1314191b
QH0Gx	3r3k/2p1Q1pp/p3p3/4q3/8/8/2P3PP/2K5 w - - 0 33	e7d8	559	060p13141b
QLG9L	r5k1/5ppp/4p3/4P1P1/p3pP2/Pp1Q4/1Pr1N2q/3RK3 w - - 0 33	d3d8 a8d8 d1d8	559	060p13151n1o
QcdHZ	6k1/2b2ppp/p7/2p3r1/8/P2R1r1P/1P6/3R3K w - - 6 48	d3d8 c7d8 d1d8	559	060p13151n1o
Qz0WT	r2q1rk1/pp2bpp1/2n1p3/3pP1N1/PP3P1p/2PQB2P/6P1/RN3nK1 w - - 0 18	d3h7	559	1314191b
T2NAp	5r1k/1q3p1p/3Qb1p1/p2p4/Pp1b2P1/1P3P2/2P3KP/1R3R2 w - - 0 29	d6f8	559	0t0y1314191b
T3BWt	2kr1b2/ppp4p/2n2p2/3qp3/8/3PB2b/PP2BPN1/R2Q1RK1 b - - 0 14	d5g2	559	0y1314191b
T3boX	r1bq1rk1/5ppp/pbp5/1p2n3/3P1N2/2PQ2P1/PPB2RP1/5RK1 w - - 0 21	d3h7	559	0y1314191b
TGtfK	8/8/2p3p1/k1B2p2/1nP4P/6P1/PK6/8 b - - 0 47	b4d3 b2c3 d3c5	559	0g0p0s1o
Ttk2T	1r4k1/5pp1/4pn1p/2p5/8/3B1q2/2K1N3/1R6 w - - 0 48	b1b8 f6e8 b8e8	559	0p13151f1o
UozfA	rnr3k1/2q1bpPp/3pp3/6B1/p3n3/1p5Q/PPP2PP1/NNKR3R w - - 0 19	h3h7	559	0y1314191b
VCiJO	r2q1rk1/2pb1ppp/1ppp4/4nN2/4P1Q1/2N5/PPP2PPP/R3R1K1 w - - 6 16	g4g7	559	0y1314191b
WSX7w	rnb1k2r/pp2ppb1/1q1p2pp/2pP4/7B/2n1Q3/PPP2PPP/2KR1BNR w kq - 0 10	e3e7	559	13141b1c
XAGJM	5k2/5p2/4p1p1/4P3/1n1B1PP1/8/7K/8 w - - 1 44	d4c5 f8e8 c5b4	559	0g0p0s1o
XIZGa	r4rk1/pb3pbp/1pq1p1p1/2p1P3/3N1PP1/2RP4/PP1NQB1P/5RK1 b - - 0 17	c6g2	559	1314191b
XzdzB	8/6R1/5p2/1p2p3/1P2Pk2/r4P1p/5K2/8 w - - 2 49	g7g4	559	0p13141b1m
YADah	r1r3k1/5pbp/3p1np1/qp1Pp3/4P3/3QBP2/PR2N1PP/R2B2K1 b - - 0 20	a5e1	559	111314191b
ZINJP	6k1/3npp1p/3p4/2pP3p/Nq2PP2/1P6/2P3PP/4Q1K1 b - - 0 22	b4e1	559	0p0t1113141b
ZVZaF	1k6/2p1R3/pp1p4/3Bn3/3KP3/3P1r2/PPr5/8 w - - 0 34	e7e8 b8a7 e8a8	559	0p13151d1o
a6wSi	r2qk2r/pppb1ppp/2n1p3/1B6/1b1Pn3/5Q2/PPP1N1PP/R1B2RK1 w kq - 0 10	f3f7	559	0413141b1c
aWJqv	rnbqk2r/ppp2ppp/3p1n2/2b1p2Q/2B1P3/7N/PPPP1PPP/RNB1K2R w KQkq - 2 5	h5f7	559	0413141b1c
bdq0i	r4rk1/2q2ppp/pn2p2b/1p2P3/2pP1P1P/2P1B3/P1Q2P2/1BR1K2R w K - 2 21	c2h7	559	0y1314191b
bfYql	1k6/1p2R3/pK1P4/7r/8/P7/1P6/8 b - - 4 68	h5b5	559	0p13141b1m
bsWS7	6k1/p2r1ppp/1p6/3pPp2/PP1P4/4P3/5K1P/2R2b2 w - - 0 33	c1c8 d7d8 c8d8	559	060p13151o
eqerF	2k1r3/1p6/2p3Q1/p4p1p/2P5/1P2q3/P5PP/3R3K b - - 2 33	e3e1 d1e1 e8e1	559	060p13151n1o
gGvNQ	1k3r2/ppp3pp/7r/8/8/2Nq2bP/PP3QP1/R6K w - - 0 23	f2f8 d3d8 f8d8	559	1315191k1o
gGywU	2k5/pp1n4/2p1R3/3p4/3P1Bp1/1Pr5/P4PK1/8 w - - 0 37	e6e8	559	0p13141b1f
h2Gw0	r1b3k1/ppp2ppp/2n5/2n3q1/2B5/8/PP3QPP/RN5K w - - 0 16	f2f7 g8h8 f7e8	559	061315191o
hF71s	8/8/8/8/2R5/2p1r3/k1K5/8 w - - 19 69	c4a4	559	0p13141b1m
hlBcR	6k1/5p2/rp2p1p1/p3B2p/q1pR4/2P5/1KP4P/8 w - - 0 38	d4d8 a4e8 d8e8 g8h7 e8h8	559	0p1013161d
iYcm7	3Rnk1r/1r2Rppp/p7/1pq2NB1/5P2/8/PPP3PP/2K5 w - - 2 22	e7e8	559	111314191b
kPP7t	r2q1rk1/ppp2ppp/4p3/4P3/1Q2P3/2n5/PP3PPP/R1B1KB1R b KQ - 0 12	d8d1	559	1314191b
kZZza	r3r1k1/pp3ppp/2p3Q1/8/1PNp4/P2P4/1B3PPP/R2b2K1 b - - 0 20	e8e1	559	061314191b
kmHU7	4R3/2p2k2/2B4p/2p5/3R4/r5B1/5PPP/6K1 b - - 0 35	a3a1 d4d1 a1d1 e8e1 d1e1	559	060p101316
lgGgv	1Q6/5p2/4p1k1/p2p1pPp/3P4/2q4P/6K1/8 w - - 0 41	b8g8	559	0p13141b1i
mh00W	2k5/4Q3/1R6/5p1p/8/3pPpP1/r2B1P1P/6K1 b - - 9 32	a2a1 b6b1 a1b1 d2c1 b1c1	559	0p101316
nQkrQ	r4k1r/pQNp2pp/1p6/4n2q/7P/8/PPP2PP1/1K1R1B1R b - - 0 16	h5d1	559	0t1314191b1k
oPdZ9	r4rk1/pp1q1ppp/2n1p3/3pP1N1/3P1nP1/2BQ4/PP5P/R3K2R w KQ - 0 18	d3h7	559	0y1314191b
oxt31	2rq1rk1/pp1nnppp/1b2p3/3pP1N1/1P1P2PP/P2Q1N2/5P2/R1B1K2R w KQ - 1 19	d3h7	559	0y1314191b
p6wHJ	1r1r3k/p1q2pp1/2b1p2p/2p1p2N/3b1PQ1/1P1B4/P1P3PP/1R3R1K w - - 0 21	g4g7	559	0y1314191b
qDw7A	6k1/3n4/5p2/R1pp1B2/2PP4/4P1B1/3r1PPP/6K1 b - - 0 29	d2d1	559	060p13141b
stBur	r4rk1/2p1b3/p5NQ/2p2q2/7p/1PpP3R/P1P3PP/R6K b - - 5 28	f5f1 a1f1 f8f1	559	061315191n1o
t2IPQ	r2q2nr/pbpnp1kp/1p4pb/3Pp1N1/8/2N2Q2/PPP2PPP/R1B2RK1 w - - 3 12	g5e6	559	0f13141b1c
tKM2r	r2qnrk1/3b1ppp/p1p5/3p2bQ/P4p2/3B4/1PP2PPP/3R1RK1 w - - 0 21	h5h7	559	0y1314191b
tg5IG	7k/6p1/7p/4P3/8/3Q1P2/5qPP/4R2K b - - 0 40	f2e1 d3f1 e1f1	559	0p13151o
wrLSR	5r1k/q6p/4p1p1/3pP1P1/1QnP2P1/pR3N2/P3K3/8 w - - 4 39	b4f8	559	0p0t13141b
x69Lt	2r1kb1r/1b1pnppp/p3p3/1pq5/3QPB2/PBN5/1PP2PPP/2RR2K1 w k - 7 15	d4d7	559	1314191b
yFUAj	r3k2r/ppp2pp1/2p5/4q2p/1b2P1n1/3PBB1P/P1P2PP1/1R1Q1RK1 b kq - 2 14	e5h2	559	1314191b
zcsAh	r2qr1k1/p1p2ppp/5b2/3p4/8/1P3Q2/PBP2PPP/R2NR1K1 b - - 0 18	e8e1	559	060t1314191b
1m8ps	2r2r1k/p5pp/4P3/5R2/8/P5qP/1P6/5R1K w - - 0 32	f5f8 c8f8 f1f8	560	060p13151j1o
2EbtX	k2r1b1r/pp2n1pp/q1n1Bp2/2p5/4PB2/5P2/PPPQ1P1P/2KR3R w - - 2 16	d2d8 c6d8 d1d8 e7c8 d8c8	560	0610131619
2NDJR	4rQ2/5p2/3pk1p1/4p1Pp/4P2P/1PK5/P4r2/8 w - - 0 48	f8e8	560	0p13141b1j
2ON8Q	2kr2r1/pbpp1pq1/1pn1pP2/7p/3PB3/2P2N2/PP1NQPP1/R3R1K1 b - - 0 18	g7g2	560	0y111314191b
6irgT	5k2/pr5p/3pp1p1/2p3q1/4Q2n/2P2P2/PP4PP/R3R1K1 b - - 1 25	g5g2	560	0p0y13141b
6romp	6k1/pp3ppp/2b5/6r1/7n/5P2/P2rR1P1/4R1K1 w - - 0 33	e2e8 c6e8 e1e8	560	060p13151n1o
7lhyJ	r1bbk3/p1q3r1/2pp3B/P3pp2/2B1P1nP/2PP3p/2QN1P1N/R5RK b q - 0 22	g4f2	560	0f0y1314191b
7ovZl	8/5kp1/4p2p/2N2n2/1N4P1/7P/1PP1R1PK/r2r4 b - - 0 37	d1h1	560	0p1113141b
8nLus	r4rk1/1p1b1ppp/p3p3/3np3/3NQ3/P1qB1P2/2P2KPP/R6R w - - 0 17	e4h7	560	0y1314191b
9YKCk	r1n1r1k1/pp3ppp/3p4/5N2/2P5/1P2R3/Pq3PPP/5RK1 w - - 0 23	e3e8	560	0t0y111314191b
9xaMP	3r1rk1/ppqnbppp/2p5/3P1N2/2P1B1n1/1PN1B2b/P4PP1/2RQ1RK1 b - - 2 17	c7h2	560	1314191b
Bvvrp	rn4k1/2q1n2p/pp1p2pB/2pPb3/2P1b1P1/3B1Q1P/PP5N/R5K1 w - - 0 19	f3f8	560	1314191b
CND57	4Rrk1/6pp/p2N4/8/P7/5n2/2r2P2/4R2K w - - 2 35	e8f8 g8f8 e1e8	560	050p13151o
CfafW	4r1k1/1p3ppp/p3bq2/8/Q2r4/5B1P/PP3PP1/R4RK1 w - - 0 19	a4e8	560	0t0y1314191b
CqMh5	2r5/pp2bk2/4n1nB/3pP1PQ/P4N2/1P6/2r4P/4K3 w - - 0 41	h5g6	560	111314191b
EnKgS	3k4/1p1P4/6P1/4Nb1p/2p2P1P/1r6/3R4/2K5 b - - 5 66	b3b1	560	0p13141b1d
FYZwu	2r1rn1k/1p3Q2/p7/4bNp1/P3R3/8/1P3PPP/6K1 b - - 0 32	c8c1 e4e1 c1e1	560	1315191o
GaHnM	6k1/p4rpp/1p6/1Q1P4/2Pq2b1/8/PP4PP/5R1K w - - 0 30	b5e8 f7f8 e8f8	560	0p13151o
Gl7Qd	r1b2r2/p3ppk1/2pq2p1/2p4p/N3N1n1/1P1P4/P1P1QPPP/R4RK1 b - - 1 15	d6h2	560	0y1314191b
IrSx5	8/8/p3p1Rp/3pP3/6P1/1P5k/3r1B2/6K1 b - - 4 37	d2d1 f2e1 d1e1	560	010p111o
JihTo	1r3k2/p5p1/1ppN1r1p/6n1/1P6/2P1R3/P4P1P/2K1R3 w - - 4 28	e3e8 b8e8 e1e8	560	0p13151o
KTTZm	1rb1r1k1/pppnqpbp/3p2p1/3n4/2PQ4/1P2P1P1/PB2NPBP/R4RK1 w - - 0 13	d4g7	560	0y1314191b
KzDYl	8/8/p7/P3KP1p/6k1/5b2/8/8 w - - 1 57	f5f6 g4g3 f6f7 h5h4 f7f8q	560	00080g0p101h
MsPHC	4rk2/6p1/b1p2b1p/1p2N3/p7/P1P5/B4PPP/4R1K1 w - - 3 27	e5g6	560	0p13141b
MxPbM	8/p7/6p1/2p2k2/2R5/Pn6/5PPP/5K2 b - - 8 36	b3d2 f1e2 d2c4	560	0g0p0s1o
PCXTN	k1b4r/p2r1p2/2N1p3/3n2p1/3P3p/6P1/P3BPP1/1RR3K1 w - - 1 30	b1b8	560	031314191b
RSxJ5	5rk1/5q1p/8/3pQ3/8/8/P4PPP/3R2K1 b - - 6 32	f7f2 g1h1 f2f1 d1f1 f8f1	560	060p1013161n
RcNyk	1k1r1bnr/pbp2ppp/1p6/3PRB2/1q1Q1P2/4B3/PPP3PP/RN4K1 b - - 4 14	b4e1	560	1314191b
SAp20	r6r/p1Qbkpp1/1p1p3q/6p1/4P3/2P2N2/PP2BPP1/R2R2K1 b - - 0 18	h6h1	560	1314191b
T2aBm	8/5ppk/7p/8/4P3/1P1n4/P5PP/6RK b - - 0 39	d3f2	560	0p13141b1q
VBcx7	5r1k/1p4p1/1pbp2Bp/2p3r1/7N/6P1/PPP4K/5R2 w - - 0 32	f1f8	560	0p13141b1f
VoISP	r4rk1/1bp2ppp/p3p3/1p4q1/1n1P1P2/4P3/PP4PP/RBBQ1RK1 b - - 0 15	g5g2	560	0y1314191b
X2tMe	2r2rk1/p1qnbpp1/1p1p3p/3n2N1/2P2P1P/8/PPQB3R/2KR4 w - - 0 19	c2h7	560	1314191b
X2yby	1r4k1/5pp1/1q2p2p/p1Rp4/5Q2/3B1PP1/1P6/1K6 b - - 0 34	b6b2	560	0p13141b
YQZ6B	r2q2k1/1pp1brn1/pn3pN1/3pP2Q/8/2N5/PPP3PP/R5K1 w - - 0 19	h5h8	560	1314191b
Yd5Dm	r1b1rbk1/np3pp1/p1pp1q1p/6N1/2P5/1P2P3/P1QNBPPP/R4RK1 w - - 0 15	c2h7	560	1314191b
ZkvQo	2r3k1/p4p1p/6p1/4B2n/8/3QPq1P/P4P2/1K1R4 w - - 4 29	d3d8 c8d8 d1d8	560	0p13151f1n1o
a82m3	6k1/6p1/7p/p4p2/2r4P/P2p1BP1/5PK1/8 w - - 0 36	f3d5 g8f8 d5c4	560	0g0p0s1o
aEVWr	r1b1r1k1/pp3p1p/1n1p1bpB/2pP4/2P5/2NB4/PP3PPP/R3R1K1 w - - 0 18	e1e8	560	0t0y1314191b1f
aqE5a	6k1/p4r1p/2pR1npB/6P1/8/2p5/P2p3P/6K1 w - - 0 35	d6d8 f6e8 d8e8 f7f8 e8f8	560	0p1013161d
bv91E	1k4nr/1p3ppp/1Bp5/4q3/2B5/b7/PPP2PPP/3R1K1R w - - 0 20	d1d8	560	1314191b1f
cP1za	r1bq1rk1/1p1n1pb1/2pp4/p3p1Nn/1PP3p1/P1N1P3/1BQPBP2/R3K3 w Q - 0 15	c2h7	560	1314191b
dyez6	r4rk1/2pq1pp1/pb2b2p/1p1pP3/3P1n1N/3Q3P/PPB2PP1/R3RNK1 w - - 0 20	d3h7	560	1314191b
gV2cE	3R1nk1/p4ppp/7q/2p5/8/6PN/r4PP1/3Q2K1 w - - 0 33	d8f8 g8f8 d1d8	560	050p13151n1o
h6r14	r2qrbk1/1bp1np1n/p2p2p1/1p2p1NQ/4P3/P1PP3P/1PB2P2/RNB1R1K1 w - - 0 17	h5h7	560	0y1314191b
hCSZT	4rkr1/1p1R4/p1p2K2/P1P5/8/3p4/8/8 w - - 2 55	d7f7	560	0p0q1113141b1m
hVaUs	8/8/7k/4R2p/6pK/1B4P1/PP1r4/8 b - - 0 41	d2h2	560	0p13141b
iUhWK	5r1k/1bb3p1/p4p1p/5Q2/3p4/1P1B1qP1/P4P1P/B4RK1 w - - 0 36	f5h7	560	111314191b
k3Jhq	2brr1k1/2p2pp1/p1n2q1p/1p6/3p4/2P2N1P/PPB1QPP1/3RR1K1 w - - 0 22	e2e8 d8e8 e1e8	560	0y1315191f1o
kSrP2	2r1rk1n/pq2bpp1/3p4/P5P1/2pNP3/1pP2P2/1P4K1/R1B4R w - - 0 30	h1h8	560	06111314191b
kU62w	1k6/Rp2r1pp/2p5/8/Q2P2n1/2P4P/P1P1r1P1/1R4K1 b - - 0 22	e2e1 b1e1 e7e1	560	0p13151o
kx19w	4rr1k/1b1R2bp/pQ4p1/1p6/8/2N5/PPP3PP/4R1K1 b - - 0 23	e8e1	560	1314191b
lXkYl	r1b2bkr/pp5p/2n1p1q1/4p3/2n5/2N2Q2/PPP3PP/R1B1KR2 w Q - 0 17	f3f8	560	0y13141b1c
lp1eV	8/8/5p2/3p1Kpk/2pPpp2/1pP5/rP3P2/1R6 w - - 0 43	b1h1	560	0p13141b1m
mJDRf	2k3rr/1pp1nQ2/p1nP3p/8/B4Bq1/2P2R2/PPP3PP/R5K1 b - - 0 17	g4g2	560	0y1314191b
nCtA7	r3r1k1/pbN2ppp/2q5/4p3/1P6/PB6/2P2PPP/R2Q1RK1 b - - 0 17	c6g2	560	0y1314191b
pYyMr	5k2/R4pp1/7p/3N4/p1n5/7P/5PPK/r7 w - - 0 33	a7a8	560	0p13141b
qA0bd	r1b4k/3pqpr1/1p2pN2/p3P2p/3P4/7R/2P2P1P/R4K2 w - - 0 26	h3h5 g7h7 h5h7	560	030y1315191o
rqqQa	2b3k1/1p1prppp/5r2/8/4p3/4P3/4KPPP/2R5 w - - 0 32	c1c8 e7e8 c8e8	560	060p0t13151o
sDhSl	1br2rk1/ppq2ppp/2n1pB2/1B1p3b/3P4/P1NQ3P/1PP2PPN/R4RK1 b - - 0 14	c7h2	560	0y1314191b
sccbT	6rk/7p/p3B2r/1p1P4/2p1p3/2P2p1P/PP5K/6R1 w - - 0 39	g1g8	560	0p13141b1d
u5LCw	r1q4k/b1p2p1b/p1p2N2/3pP3/1Pr5/P3P3/1B3P2/R3K2R w KQ - 0 24	h1h7	560	030y1314191b
uHtav	8/6pp/p1n5/1p3k2/4n3/7R/PPP3PP/7K b - - 2 35	e4f2 h1g1 f2h3	560	0g0p0s1o
ur0og	r4rk1/3b1pp1/p1n5/1p4q1/4Q3/8/PP3PPP/RB3RK1 w - - 0 21	e4h7	560	1314191b
uwaVE	5k2/2R5/5K1p/r6P/6P1/2p5/8/8 w - - 0 61	c7c8	560	0p1113141b1m
vqa1b	4r3/4kpQp/4qBp1/8/1P2r3/P2p4/R1bP1PP1/5RK1 b - - 10 29	e6f6 g7f6 e7f6	560	01191o
wkPLU	5rk1/2pb1ppp/4p3/2Pn1q2/3Q3P/4PpP1/5P2/B4RK1 w - - 1 21	d4g7	560	0y1314191b
zjOsH	6k1/5ppp/5b2/3p1P2/8/2p2RPP/r3qPK1/1R6 w - - 0 35	b1b8 f6d8 b8d8 e2e8 d8e8	560	060p101316
ztM1S	r5k1/pp1R2pp/2p5/4N2P/1n2r1P1/8/PP6/1K1R4 w - - 0 26	d7d8 a8d8 d1d8	560	0p13151o
zwfL8	r1b2rk1/pp3p2/4pQp1/7p/2PB4/8/PP1q1PPP/R5K1 w - - 0 20	f6h8	560	1314191b
