09YGV	r1b2rk1/ppp2Np1/7p/3B4/3P4/7P/PP3qP1/RNBQb2K b - - 1 14	f2f1 h1h2 e1g3 h2g3 f1d1	1400	0g0j0y101c
0U4gN	3rr1k1/3bRp2/p2p1pp1/1p1P4/8/3B3P/P1P2KP1/4R3 w - - 6 26	e7d7 d8d7 e1e8	1400	0b0g0i0j0p1o
141wP	7r/R4pp1/1p2k3/1B2p3/1P2n1n1/2r2N1p/P4PP1/5RK1 w - - 0 32	b5d7 e6f6 d7g4	1400	01191o1p
18gGo	1r4k1/3R1p1p/6p1/p1P1N3/P3P1P1/4P3/2p4P/3R2K1 b - - 0 29	b8b1 d1f1 b1f1 g1f1 c2c1q	1400	0001050p101h
3497d	R2b1rk1/1p3pp1/1nqp3p/2p1pN2/8/1Q1P4/1P1B1PPP/6K1 w - - 0 22	a8d8 f8d8 f5e7 g8f8 e7c6	1400	0g0s10191n
4G2lO	rqbr2k1/1p3p1p/p7/3Pbp1Q/8/7P/PPB2PP1/2RR3K w - - 0 22	h5g5 g8h8 g5d8	1400	0g0s191o
4KTPY	r1b2r1k/4b1p1/pp1q3p/2p3N1/P2nP1nQ/2NP4/BP4PP/1R3RK1 w - - 0 20	f1f8 e7f8 g5f7	1400	0g0y191g1o
4bvcS	6Q1/pp3p2/2n2P2/3pPkp1/P2P1b2/1P6/1q2NK1P/8 w - - 8 34	g8h7 f5e6 h7h3 g5g4 h3g4	1400	0p101316
5CMiM	1r1q1r1k/1b2b1pp/p7/1p1PQp2/1P6/P2P3P/B4PP1/R1B2RK1 b - - 0 19	e7f6 e5g3 f6a1	1400	01191o1p
5k22J	1Q6/B1p3p1/1pk1p3/8/8/P7/KP4qb/8 w - - 6 30	b8a8 c6d7 a8g2	1400	0g0p1o1p
6Yjwn	r4rk1/p4ppp/2p1pn2/3p2Bb/1b1q4/2NB3P/PPPQ1PP1/R4RK1 w - - 4 15	d3h7 f6h7 d2d4	1400	0g0j0y191o
7ODyk	6q1/1pp5/2P1k3/1P1p4/1B1Pp3/4P2p/5Pr1/R2Q1R1K b - - 1 41	g2h2 h1h2 g8g2	1400	050p13151n1o
7Sapi	r1bq2k1/pp3r1p/6pB/2p1b3/8/3P1Q2/Pp4PP/R4RK1 w - - 0 18	f3f7 g8h8 f7f8 d8f8 f1f8	1400	0y101316191f
8mayg	r7/pp4p1/3kbp1p/1P1N4/4P3/8/P1K3PP/3R4 w - - 4 33	d5b6 d6c5 b6a8	1400	0g0j0k0p1o
9UmlI	rnQ2b1r/p1p1kppp/2q5/4p3/8/8/PP1P1PPP/RNB1R1K1 b - - 4 12	b8d7 c8a8 c6a8	1400	01191l1o1t
AgCsN	rn2k2r/pppb1ppp/3bpn2/3p4/3P4/2BBPNPq/PPP1NP1P/R2QK2R b KQkq - 4 9	h3g2 h1g1 g2f3	1400	010s1c1o
CSZFD	2r2q1k/5rbp/p2p4/3P1p2/N1p1PP1R/1p2B3/PPP1Q1RP/2K5 b - - 0 27	b3a2 a4c3 a2a1q	1400	000g191h1k1o
DHBWv	k6r/1p6/p5p1/3B2P1/4p3/2P1P3/PPP2q2/1K3Q2 w - - 3 43	f1a6 a8b8 a6b7	1400	0p13151g1o
DpqDJ	r4rk1/4bpp1/4bn1p/2qp4/3Q4/5PN1/1BB3PP/2R2RK1 w - - 0 24	c2h7 f6h7 c1c5 e7c5 d4c5	1400	0g0j1019
EJ4w7	8/p4p2/8/1N1pk1p1/1P2n3/PKP1RP1r/8/8 w - - 3 41	f3f4 e5f4 e3h3	1400	0g0j0p1o
FPvIL	6rk/p4prp/Bp3Q2/4pP2/4q3/8/P3R1PP/R5K1 b - - 1 25	e4d4 g1f1 d4a1	1400	010s191o
Ft3tg	r2q2kr/2p1b1pp/p2p1Pn1/1p4N1/3P4/2N5/PPP1b1PP/R1B2RK1 w - - 0 14	f6f7 g8f8 g5e6	1400	000y1315191o
FusSx	3R4/1b2rppk/p1q2b1p/8/6Q1/2P4P/PP3RP1/7K w - - 6 30	g4f5 g7g6 f5f6 c6f6 f2f6	1400	0g0i1019
Fwni9	rnb1kb1r/pp2pppp/2qp4/2P5/4n3/2N1B3/PP3PPP/R2QKBNR w KQkq - 0 8	f1b5 e4c3 b5c6	1400	0g1c1g1o
IOid6	3r2k1/pp3pp1/2p2b1p/3q1B2/P2pQ2P/1P1P2P1/2P1R3/6K1 w - - 2 26	e4e8 d8e8 e2e8	1400	0p0y13151f1n1o
IWGqP	7k/1b3p2/p3p2p/8/5BQ1/2r2P1P/1r4PK/5q2 w - - 0 35	f4e5 f7f6 e5f6 h8h7 g4g7	1400	0p0r0s101316
IaBDC	4rrk1/pp1Q1ppp/1b3q2/8/4B3/6P1/P2R1P1P/4R1K1 w - - 4 23	e4h7 g8h7 e1e8 f8e8 d7e8	1400	0g0j1019
Iti03	8/2p2pkp/3p2p1/8/3b1q2/2N2QnP/PPP3PK/R3R3 b - - 1 27	g3f1 h2h1 f4h2	1400	0k0m1315191o
IybZj	4r1k1/2P2ppp/b2N4/p4pq1/2P1r3/5Q2/P4PPP/R1R3K1 b - - 2 23	g5c1 a1c1 e4e1 c1e1 e8e1	1400	06101316191n
JMNVk	8/5RQ1/3p2n1/1P2p1k1/4P1qp/2P3P1/5P1P/6K1 b - - 2 30	g4d1 g1g2 h4h3 g2h3 d1f1	1400	050p101316
JQW36	4r1k1/2p3pp/4N1r1/p2P4/8/1P2p2R/P2b2PP/2BR3K b - - 1 33	e3e2 d1g1 e2e1q g1e1 d2e1	1400	000110191h
JpkUY	3rr2k/pp3p2/2p4p/8/3q3P/3R4/PPP5/2K1QR2 w - - 2 30	e1e8 d8e8 d3d4	1400	0g0p1o
M3KQY	rn2k1nr/pp2pp2/2pq3p/8/4N1b1/3B4/PPP3PN/R1BQ1RK1 b kq - 0 13	d6d4 f1f2 g4d1	1400	011c1o
N5hID	rn1q1r2/4n1k1/p2p2pp/2pP1bN1/1p2p3/4N3/PP1QBPPP/R4RK1 w - - 0 17	e3f5 e7f5 g5e6	1400	0g191o
NLIi9	r4rk1/1p3Rpp/pN1p4/2p1p3/2B1P2b/P2PB2q/1PP2P2/R2b2K1 w - - 0 21	f7f3 g8h8 f3h3	1400	0e0g0j0k191o
NO4cc	8/1p5p/6pk/p6r/2P2P2/1P6/P2nQqPP/4R1RK b - - 2 34	h5h2 h1h2 f2h4	1400	050p13151n1o
QSpQJ	2r2r1k/3b1ppp/p7/1p3q1Q/1P1pNb2/P2P4/B1P3PP/2R2RK1 w - - 0 29	h5f5 d7f5 f1f4	1400	0b0g191o
R9ubk	r4bk1/5p1p/2R1p1p1/p3Pn2/5P2/5R1P/q2B2P1/2Q3K1 b - - 3 23	f5d4 f3f2 d4c6	1400	010s191o
SVYCW	r2q1rk1/4ppbp/p1p2np1/8/1B2PP2/3Q3P/PPP3P1/3NRRK1 b - - 0 15	d8b6 g1h2 b6b4	1400	010s191o
T3Uhx	r5k1/5pp1/7p/2Q5/p3n3/B1P1P3/3q1PP1/5RK1 w - - 4 34	c5c6 a8b8 c6e4	1400	010p0s1o
VFjd1	r2q1rk1/ppp2ppp/3bpn2/1Q1pn3/3P1B2/4P3/PPPN1PPP/R3K2R w KQ - 0 10	d4e5 d6e7 e5f6	1400	010s191o
WHktp	3b4/pp3r1k/3P4/2P1p3/N2pPnK1/1P3Q2/P6P/4R3 b - - 6 45	f7g7 g4f5 g7g5	1400	0p13151d1o
Wx0jY	2rk1b1r/pp4pp/3pQn2/1N6/5P2/8/PPP3qP/2KRR3 w - - 4 19	d1d6 f8d6 e6d6 f6d7 d6e7	1400	0r1011131619
Xp8AX	1r4k1/2p3pp/4p1r1/2NpP3/5n1q/PP3P1P/2PR2PK/3RQ3 b - - 2 30	g6g2 d2g2 h4h3 h2g1 h3g2	1400	05101316191n
XpU1V	rq1r2k1/1b5p/4n1p1/1N3p2/6nQ/4PN1P/PP2BPP1/R4RK1 b - - 0 18	b7f3 h3g4 f3e2	1400	01191o
Zk06V	2r1r3/6kp/3R2p1/p1p4Q/Pp2q3/1B6/1PP2P2/2K3R1 b - - 0 32	e4f4 c1b1 f4d6	1400	010s191o
ZkNAP	8/1ppnq2k/p5pp/4pQ2/3pP1N1/P2P3P/1PP3P1/6K1 w - - 0 26	f5d7 e7d7 g4f6 h7h8 f6d7	1400	050g0p0s101n
ZkNZk	1R6/5k2/1p3b2/2r5/5KR1/6P1/8/8 b - - 16 45	f6e5 f4e3 e5b8	1400	010p0s1o
a9ZTd	4r1k1/2pqr2p/2n3p1/1Q1p1p2/1P1Pn3/2P1NN1P/4RPP1/4R1K1 b - - 0 23	e4c3 b5d3 c3e2	1400	010s191o
ahTCW	r1bqk2r/pp3ppp/5n2/3p4/1b1P4/2N5/PP3PPP/R1BQKB1R w KQkq - 3 10	d1a4 c8d7 a4b4	1400	0g0s1c1o
bKBSD	5r2/5qkp/p2p2p1/1p6/2p4Q/P1P5/1P4PP/4R1K1 w - - 4 29	e1e7 g7g8 e7f7	1400	0g0p1g1o
bULn0	1r2k2r/2pb1p1p/3qp1p1/p2p4/p2P1Q2/2PB1R2/2P2PPP/4R1K1 w k - 6 26	f4f7 e8d8 f7f6 d6e7 f6h8	1400	040g0s1019
bu6Ne	3r2k1/pp3pp1/4b3/8/3r3P/1N3P2/PP2K1P1/3R3R b - - 6 23	e6c4 e2e3 d4d1 h1d1 d8d1	1400	0g0i0p10
cQ5cm	r1b1k2r/ppq2ppp/5b2/2pBp3/3nP3/2NP2P1/PPP1NP1P/R2QK2R b KQkq - 4 11	d4f3 e1f1 c8h3	1400	13151c1o
cnbVS	2rr2k1/2q3pp/p3p3/1p3pN1/5n1b/1P2BP2/1PP3QP/R5RK w - - 0 28	e3f4 c7f4 g5e6	1400	010b191o
dEVwK	5rk1/5ppp/5n2/p7/2Q5/P6P/B4qP1/b2R3K w - - 0 29	c4f7 f8f7 d1d8 f6e8 d8e8	1400	101316191g1n
dfnlb	3r1rk1/pp3p2/2nR2p1/7p/2B1Ppb1/1NP5/P1P3P1/2K4R w - - 2 19	d6g6 g8h7 g6g4	1400	0g0y191g1o
f5MSV	3r1k2/1p2pp2/p4b1p/2P5/1P6/PB3P1P/5K2/4R3 b - - 2 31	f6h4 f2e3 h4e1	1400	0g0p1o1p
gX8DA	r5k1/2p2p1p/2q3pB/4Qb2/3P4/6P1/PP3P2/K2R4 b - - 12 29	a8a2 a1a2 c6a4	1400	050p13151n1o
gvw3j	8/8/2Q5/6pk/8/7P/5pPK/4q3 w - - 4 62	g2g4 h5h4 c6h6	1400	0p13151i1o
iR63H	k1r1b2r/p4p2/2pqp1p1/Q1RpN1P1/3P4/P3P3/5Pp1/1R4K1 w - - 0 29	a5a7 a8a7 c5a5	1400	051315191k1n1o
igO5f	5r2/pp6/2k3p1/2p5/6K1/1PNP1nP1/P6r/3R1R2 b - - 7 32	f3e5 g4g5 h2h5	1400	0p13151o
ioJQA	8/6Rp/8/1r3k2/2n2P2/1p4P1/3bR2P/6K1 w - - 1 40	g7g5 f5f6 g5b5	1400	0g0p1o1p
m9rrq	r5k1/p1p2rpp/1p3n2/4qNQ1/3pp1P1/2P4P/PP1P4/R1B3K1 w - - 2 24	f5h6 g8f8 g5e5	1400	0g0j0y191g1o
mGlwa	5rk1/p3p1Bp/1rNp2p1/3P4/q1p5/2Pb1P2/PP1Q2P1/K2R3R b - - 0 23	a4a2 a1a2 b6a6 c6a5 a6a5	1400	05101316191f1n
mIWTK	1r6/N2Rbkpp/1n6/8/1P3P2/1KP3P1/7P/8 w - - 9 43	d7e7 f7e7 a7c6 e7d6 c6b8	1400	050g0p0s101n
maFHC	4kr2/R5pp/8/3PN3/2Pn4/8/5rPP/R4BK1 b - - 0 29	f2f1 a1f1 d4e2 g1h1 f8f1	1400	060i101316191n
mybFr	3R4/pB3ppk/7p/2b1qb2/8/2P2Q1N/PP4PP/2K5 b - - 2 24	e5e1 d8d1 c5e3 f3e3 e1e3	1400	0110191k
n4rb1	r1bq1rk1/pn3pp1/2p2b1p/4p3/1P6/3B4/PBPP1PPP/RN1Q1RK1 b - - 4 13	e5e4 b2f6 d8f6 d3e4 f6a1	1400	01101c1t
nYMax	r1r3k1/nb1nppbp/p2p2p1/1p1P4/4PP2/1QN1B2P/4B1P1/1R2N1K1 b - - 4 22	c8c3 b3d1 c3e3	1400	01191o
qvhWW	6k1/p1p3pp/3qp2r/3pN3/1PpPbP2/4P3/Q7/R4RK1 b - - 4 27	h6h1 g1f2 h1h2 f2g3 h2a2	1400	0g0r10191p
sB8S3	3R4/8/p1p5/8/1P3K2/Pk2p3/3p4/8 b - - 0 44	e3e2 d8d2 e2e1q	1400	000g0p1h1m1o
sPEut	1r6/p4pp1/1p1p1k2/2pBnP2/1P1pPKPR/P2P4/2P5/8 b - - 2 33	g7g5 f5g6 e5g6 f4g3 g6h4	1400	0g0p0s10
uiZP6	r5rk/1pp2p2/p2p3p/2b1pP1N/6P1/P2P1Q1P/RPP1KP2/2q4R b - - 2 21	c1c2 e2f1 c2b1 f1g2 b1a2	1400	0g0s1019
uymgY	4rk2/ppqn1p2/2p4p/3p2pn/3P4/P1NQ2PP/1PPNR1PK/8 w - - 3 21	e2e8 f8e8 d3e2 e8f8 e2h5	1400	01050s1019
vZmtN	1rbr4/p2pp1kp/2p3p1/2P3q1/NPB1Pn2/PQ3P2/3R2PP/2R3K1 b - - 2 25	f4h3 g1h1 g5d2	1400	0g0j191g1o
vb7Tx	6k1/pbp2pp1/1p3q1p/8/2B3Q1/2P1P2P/PP4r1/5RK1 w - - 0 22	g4g2 b7g2 f1f6 g7f6 g1g2	1400	0g0p10
zTijN	6k1/5pp1/1p5p/3QNq2/3P4/4PPP1/3n3P/6K1 b - - 2 32	f5b1 g1f2 b1f1	1400	0p13151o
zdWY1	1r4rk/pq1n1p1n/1p2R2Q/5N2/1P4Pb/2P2P2/P5K1/R7 w - - 1 26	h6h7 h8h7 e6h6	1400	050y1315191n1o
zxMom	r1b2rk1/2q1b1pp/p7/1p1Ppp2/2p1B3/P6P/1PPB1PP1/1R1Q1RK1 w - - 0 18	d5d6 c7d6 e4a8	1400	0g0j191o
04AXr	rn1qkbnr/ppp2ppp/8/8/2Bp4/1Q2Pb2/PP3PPP/RNB1K2R w KQkq - 0 7	c4f7 e8d7 b3e6	1401	0413151c1o
0DgYW	r2qr1k1/ppp2ppp/1nnp4/5Pb1/6P1/1BP5/P4P1P/RNBQR1K1 w - - 5 16	e1e8 d8e8 c1g5	1401	010y1c1o
2bGOl	8/8/4p3/4k1K1/7P/3n1P2/8/8 w - - 11 69	h4h5 d3e1 f3f4	1401	010p0z1l1o
3MhTJ	8/1P2R3/8/8/2P2p2/2K2k2/1r2p3/8 b - - 2 50	b2b7 e7b7 e2e1q	1401	000g0i0p111h1m1o
4bgSf	5r1k/1b2nQb1/3qp2r/pp3pN1/2pP4/P1P4P/1PB2PP1/R3R1K1 w - - 1 26	f7f8 g7f8 g5f7 h8g7 f7d6	1401	010r0s10191n
4qOur	8/1pp4k/3b3p/p2P4/8/P5P1/1P2q2P/3R2QK b - - 4 41	e2f3 g1g2 f3d1	1401	0g0i0p1o
53yvY	8/p3k1p1/1p1n3p/2rBp3/4P3/2PK1RP1/P6P/8 b - - 13 32	c5d5 e4d5 e5e4 d3e2 e4f3	1401	0g0p0s10111n
5oFdc	8/p4Q2/1p4pp/4Pp1k/P4P2/1qr5/4RK1P/8 w - - 1 36	f7b3 c3b3 e5e6 b3c3 e6e7	1401	000g0p10
63n3I	1k1r4/pp3R1p/4p1p1/Q1p1P3/8/8/PPq3PP/3rR1K1 w - - 3 24	a5c7 b8a8 c7b7	1401	0p13151k1o
6OS9l	5rk1/pp3ppp/2n5/3N1QPq/3p1P2/5P2/PP4R1/5K2 w - - 2 30	d5f6 g7f6 g5f6	1401	0g0j0k0p1n1o
6lNZf	r2qkb1r/p4ppp/4pn2/3pNbB1/8/2p5/PP3PPP/RN1Q1RK1 w kq - 0 12	d1a4 f6d7 g5d8	1401	0g1c1g1o
6mYr7	r2q1rk1/1b1n1ppp/pp2p3/3pN3/NP1PnP2/P3P3/4B1PP/2RQ1RK1 w - - 1 17	e5d7 d8d7 a4b6	1401	0b0g1c1o
949mq	5k2/8/2R3p1/1p4P1/pP5P/P1P1r3/6K1/1b3B2 b - - 0 45	b1e4 g2f2 e3f3 f2e2 e4c6	1401	0g0p0r0s10
98BI8	8/pp1Qrk2/q5p1/8/1P6/P1P1P2P/6P1/5RK1 b - - 3 35	a6f1 g1f1 e7d7	1401	0g0p1o
9LIVe	8/2r3kp/4Q1p1/6r1/p2RP3/P7/1PP1R1Pq/1K6 b - - 0 37	h2g1 b1a2 g1d4	1401	0g0p0s1o
A4JsV	8/1p1Q2pp/5pk1/3p4/3P2P1/4PK1P/1rq3P1/8 w - - 9 41	d7e8 g6h6 e8h5	1401	0p13151o
A6OgM	4KQ2/p6r/4k3/4b3/8/8/P7/8 b - - 0 56	h7h8 f8h8 e5h8	1401	0g0p1g1o
AARps	3r3k/1p3Bpp/p1p5/4rPR1/4n2R/P1P5/1PK5/8 w - - 1 34	h4h7 h8h7 g5h5	1401	050p13151f1n1o
AUvQP	r5rk/p3Rp1p/2pqbPpQ/8/5R2/2p4P/P1P3P1/7K w - - 2 31	h6h7 h8h7 f4h4	1401	050y1315191n1o
AyE5c	8/8/8/7p/3K2kP/8/8/8 b - - 5 61	g4h4 d4e3 h4g3 e3e2 g3g2	1401	0g0h0p101e
AyX77	r2qr2k/p1p3bp/5pp1/8/3n1B2/1BNP3P/PPP2P1P/R2QR1K1 b - - 6 19	e8e1 d1e1 d4f3 g1g2 f3e1	1401	01050s1019
FndGP	7k/6p1/7p/1q6/N1nNP3/7P/2Q3P1/2K5 b - - 9 44	b5g5 c1d1 c4e3 d1d2 e3c2	1401	0g0j0k0p0r0s10
FrdhS	5rk1/1p4b1/p2pp3/P7/6R1/2Nn2QP/2q3P1/1R5K b - - 2 28	d3f2 h1g1 f2g4	1401	010s191o
GLWev	R3r3/5pqk/1Np3p1/2Pp4/4p3/4Q1P1/6P1/6K1 b - - 2 37	e8a8 b6a8 g7a1	1401	0g0p11121o
JRwBV	2kr4/1pp3pp/5n2/2R5/3P1P2/1Pq1B3/2P2P1P/3Q1K2 b - - 1 27	c3c5 d4c5 d8d1	1401	0g0p1o
JVwkG	8/8/1pNn3p/p1pPb1p1/P1P2kB1/3K3P/6P1/8 w - - 9 49	g2g3 f4g3 c6e5	1401	0g0i0p111o
LLTB8	4r1k1/4rp2/2p2Rp1/p6p/2BP3P/1P4b1/P5N1/7K w - - 0 37	f6g6 g8f8 g6g3	1401	010p1g1o
MaECf	2kr3r/Q2n1p2/4p3/1RPp1qp1/3P4/4P1P1/6N1/5RK1 b - - 2 31	h8h1 g1h1 f5f1	1401	050g0i191o
NSQcX	r2k3r/p2n2pp/1pp1Bp2/4p3/1b2P3/1PN2N2/1PP2PPP/2K4R w - - 2 17	h1d1 d8e7 e6d7	1401	01191o
P93CD	r3r1k1/p4p1p/3p1np1/2p1q1B1/8/6QP/PPP2PP1/R4RK1 w - - 2 19	g3e5 e8e5 g5f6	1401	010b191o
PGrzF	2r3k1/pp3p1p/3pp1p1/3n2B1/3q4/1P3P2/P1r1Q1PP/R2R3K w - - 5 22	e2c2 c8c2 d1d4	1401	01191o
PLfwm	5R2/2P3pk/p3p2p/8/4q3/6P1/P4P1P/1R4K1 b - - 0 31	e4b1 g1g2 b1b7	1401	010p0t1j1o
QGrOc	6k1/p1R2r1p/5Pp1/8/6P1/8/rp5P/4R1K1 w - - 0 36	e1e8 f7f8 c7g7 g8h8 e8f8	1401	0i0p1013161g1m
Qtdd7	5R2/3krp2/p4K2/1p2P3/2p3P1/P7/8/8 w - - 0 39	f8f7 e7f7 f6f7 d7c7 e5e6 c4c3 e6e7 c3c2 e7e8q	1401	00010p1h1m1w
QuOHP	r7/p1R2rk1/8/8/8/P4nP1/7P/3R3K w - - 3 37	c7f7 g7f7 d1f1 f7g6 f1f3	1401	0g0p101g
RPR8B	8/p7/1p6/P3Rpk1/8/2P1KP2/8/7r b - - 0 35	h1e1 e3d4 e1e5 d4e5 b6a5	1401	0b0g0p101m
RR0y1	8/6p1/4k3/7p/2RP3r/2P5/8/3K4 w - - 1 57	d4d5 e6d5 c4h4	1401	0g0j0p11121m1o
SDTkO	4r3/R3Pp2/3p1q1k/5Qp1/2P3Kp/5P1P/5P2/8 b - - 3 45	f6d4 f5e4 d4a7	1401	0g0p0s111o
SOcxt	8/8/8/3kP1Kp/p7/P7/8/8 w - - 2 48	g5f6 d5c4 e5e6 h5h4 e6e7	1401	000g0p101e
TVEHV	5rk1/5pp1/3R3p/Q7/P1N1P3/2P2P2/KPq1n1PP/8 b - - 6 26	e2c1 a2a1 c1b3	1401	0g0p1o
UFz9E	r1b2r1k/ppppqn2/5nQp/8/7B/3B4/P4PPP/bN3RK1 w - - 0 18	h4f6 e7f6 g6h7	1401	0s1315191o
UcSoH	r1b1kb1r/1p1npp2/p1np2pp/qN6/4P3/1P2B3/P1PQ1PPP/2KR1BNR w kq - 0 14	d2a5 c6a5 b5c7 e8d8 c7a8	1401	0g0s101c
Ut0Ad	6k1/p2r3p/2p3p1/5p2/1Q6/5P1P/PP3qP1/4R2K w - - 3 29	e1e8 g8f7 b4f8	1401	0p13151o
WGDok	1R6/pQ1r1p1p/2pk1p2/2q1pP1P/6P1/2rP1P2/P5K1/1R6 w - - 5 36	b7d7 d6d7 b1b7 d7d6 b8d8	1401	050p1013161n
WMVg2	3r3R/1p2kr2/p2p4/3P4/2P5/PP6/2n3PP/5R1K w - - 2 30	f1f7 e7f7 h8d8	1401	0g0p1o
YB7bg	b2r2k1/5p1p/p2rN1p1/8/1q3Q2/1P5P/P3NPPK/2RR4 b - - 0 26	b4f4 e6f4 d6d1	1401	01191o
YRsXc	1R6/3q1p1k/4p1pp/3p4/2p5/r3P2P/2Q2PP1/6K1 w - - 0 31	c2b2 d5d4 b2a3	1401	010p1o
ZdkfW	3r2r1/p3R1pk/2Q3p1/q7/6P1/2N2P2/PPP4P/2K5 b - - 0 23	a5g5 c1b1 g5e7	1401	0g0p0s1o
aTvw9	2kr2r1/pbp3p1/1pn2nNp/2b2P2/P1N3P1/1PP1q2P/2Q3B1/R1B2K1R b - - 3 18	d8d1 c2d1 e3f2	1401	1315191n1o
aYDtD	2r3k1/2R2p1p/p2pb1p1/q2Np1b1/P3P3/8/BPQ2PPP/5K2 b - - 4 26	c8c7 d5c7 e6a2	1401	0g191o
b6IKk	r6r/pR2b3/4N1k1/2p1P3/2P5/P7/4nPPB/5R1K b - - 4 27	h8h2 h1h2 a8h8	1401	02051315191n1o
bf20A	r4rk1/1b5R/4ppp1/pp6/2pP1q2/P1P2N2/1PB1KPP1/7R w - - 0 24	h7h8 g8f7 h1h7 f7e8 c2g6 e8d8 h8f8	1401	0i0r0y1317191w
c1IRJ	8/8/2r5/1pk2PK1/8/8/8/3R4 w - - 2 56	d1c1 c5d6 c1c6 d6c6 f5f6	1401	0g0p101m
cakEk	8/6bk/4p1p1/2n1P2p/p4P1P/P2p2P1/1q4BK/2Q1R3 b - - 1 43	d3d2 c1b2 d2e1q	1401	000g0p0s111h1o
cmDNh	r4rk1/1Q2p2p/pq4p1/3p4/3b4/8/PP2BPPP/3R1RK1 w - - 2 21	b7d5 e7e6 d5d4 b6d4 d1d4	1401	0g1019
dAl0u	8/4q1kp/6p1/R4p2/4r3/1P5P/2P2QP1/7K b - - 0 46	e4e1 h1h2 e7c7 g2g3 c7a5	1401	0g0p0s10
dYZ3R	7k/p5b1/1p2N2p/2pQpn2/P1P3qP/6p1/1P3P2/3R1RK1 b - - 3 39	g3f2 g1f2 g4g3 f2e2 g3e3	1401	00050k0m0y101316191s
e5s5a	R7/1ppkq1p1/p1npN3/4p2n/1P2P2r/1BPPP1p1/P5P1/RN1Q2K1 b - - 0 19	h4h1 g1h1 e7h4 h1g1 h4h2 g1f1 h2h1 f1e2 h1g2 e2e1 g2f2	1401	050i0y1318191n1w
ec6cG	3r3k/1QR4p/1p4p1/5p2/8/1P4PP/P5PK/q3q3 w - - 0 33	c7h7 h8g8 b7f7	1401	0p13151o1u
ejLU4	r7/p4r1k/2p2Bbp/2Pp1p1q/3P1P1Q/8/7P/1B4RK w - - 6 31	h4h5 g6h5 b1f5	1401	0b0g191o
fIfoQ	rB2k2r/pp1b1p1p/4p3/3q4/3P4/5p2/PP1QPPPP/R3KB1R b KQkq - 0 12	f3g2 f1g2 d5g2	1401	00010s191o1t
fn3Dr	8/1p3p2/5p1p/4pk2/2P1n3/5K1P/4N1P1/8 w - - 0 39	g2g4 f5e6 f3e4	1401	0g0i0p0z1o
hzmST	4k3/2R1P3/6p1/2P5/p7/8/7r/3K4 b - - 0 34	a4a3 c7c8 e8e7	1401	0g0p1m1o
irwYJ	r2qkb1r/2pn1ppp/p1Q1p3/2ppN3/2nP4/4P3/PP1B1PPP/RN2K2R w KQkq - 0 13	e5d7 d8d7 c6a8	1401	0g1c1o
ixq7h	8/8/2P2Bp1/pp5p/1k2K2P/6b1/8/8 w - - 0 46	f6e5 g3e5 e4e5 a5a4 c6c7	1401	00080g0p1011
j6jcS	3r1r2/p6k/2ppb2P/4p3/4p3/P1PQ1Bq1/2PK4/7R w - - 0 27	f3e4 h7h8 d3g3	1401	0g0j191o
jICLK	8/2P2pkp/5qp1/5b2/p3r3/6P1/B4P1P/2R1Q1K1 w - - 1 28	e1e4 f5e4 c7c8q	1401	000g0p1h1o
jmQd6	1k1r1r2/pp4bp/5p2/8/2PPP3/qP3Q2/P5PP/3RR1K1 w - - 3 22	f3g3 b8a8 g3g7	1401	010s191o
lp4wV	6k1/2p1rp1p/1p1pn1p1/1Q4q1/1PP5/P5NP/4RPP1/6K1 w - - 0 31	b5g5 e6g5 e2e7	1401	0b0g0p1o
nEFUg	r3kb1r/p1pq1ppp/1p1p1n2/nN6/Q1b5/P4N2/1P2PPPP/R1B1KB1R w KQkq - 0 10	b5c7 e8d8 a4d7 d8d7 c7a8	1401	010j101c1g
noUrH	2br2k1/4qpp1/p1Q4p/8/4N3/7P/PPP2PP1/1R4K1 b - - 0 22	c8b7 c6b6 b7e4	1401	010p1o1p
pIhbh	3r2k1/4b1pp/2r5/p3P3/PpP2P2/1K6/1PRp1BPP/3R4 b - - 1 30	d8d3 c2c3 b4c3	1401	010p1o
pRBek	2r3k1/1b4r1/4p3/p1qpP2Q/Ppp5/3P4/BPP3P1/1K5R w - - 3 31	h5h8 g8f7 h1f1 f7e7 h8g7	1401	0g0i0r0y1019
pZxfI	rn1r2k1/p3bpp1/1q4bp/8/1pN1P3/5P2/PPPQN1PP/3RRB1K b - - 4 20	d8d2 c4b6 d2d1 e1d1 a7b6	1401	01101c
qCbQP	4rr1k/1p4p1/p1p2q1p/P7/R6P/3QPnP1/1PR2PB1/7K b - - 4 27	f3e1 d3b3 e1c2	1401	010s191o
rJSey	r2qk2r/ppp2pbp/4p1p1/3pn3/5BPP/2PbPP2/PP1N4/R2QKB1R w KQkq - 1 12	f4e5 g7e5 f1d3	1401	010b1c1o
rLpPG	6k1/5p2/3p3p/1p1P4/1P1qP3/2p1QPP1/2B1KR1P/r7 b - - 3 32	a1e1 e2e1 d4e3	1401	050g0i0p1o
s1FRr	6r1/5p1k/p4B1p/4Q1p1/4P1K1/1P2R1P1/P4P2/7q b - - 2 38	h6h5 g4f5 h1h3 g3g4 h3g4	1401	0p101316
sWyb2	k4r2/1p1q4/pPr5/2R1Bppp/2Q1p2P/2Nn4/5P2/3R2K1 b - - 5 32	c6c5 c4c5 d3c5 d1d7 c5d7	1401	0g0s1019
tCy02	3r1rk1/1p3pp1/p1n1b2p/3p4/P3p2q/2B1R1R1/1P3PPP/3Q2K1 w - - 2 22	g3g7 g8h8 g7g4 d5d4 g4h4	1401	0g0j0k0y10191g
tUfsu	2r1r2k/1b3pRp/p3qP1P/4n3/2p5/P5Q1/1PP5/1K3R2 w - - 3 31	g7h7 h8h7 g3g7	1401	051315191n1o
uFMn5	r4rk1/3qb1pp/b1p1p3/2PpQ3/1P6/P6P/1B2NPP1/R3R1K1 b - - 0 20	e7f6 e5g3 f6b2	1401	01191o1p
v9gIT	rn2kb1r/pb1p1p1p/5B2/qP6/1p6/8/P3PPPP/R2QKBNR b KQkq - 0 10	b4b3 d1d2 f8b4	1401	0d0g0j0k1c1g1o
xyS6d	r1q4r/pp4p1/2p4p/2b1Pk2/2B2B2/7P/PPP3P1/R4RK1 w - - 3 20	f4e3 f5e5 e3c5	1401	0g0j0k191o
yjrTC	3rr1k1/ppp1b2p/2n2q2/5Q2/3p4/P4P2/1P1NR1PP/4R2K w - - 1 25	f5f6 e7f6 e2e8 d8e8 e1e8	1401	010y1019
z4d4q	8/5p2/3r1Pk1/5Rp1/6P1/5K2/8/8 b - - 4 48	d6f6 f5f6 g6f6	1401	0g0p1m1o
zDYMZ	r5kr/pppbq1b1/2n1p1Qp/2P3p1/2B1P3/4pNP1/PP5P/3R1RK1 w - - 8 19	d1d7 e7d7 c4e6 d7e6 g6e6	1401	010r0s10191g
1BVrO	r4kr1/3Q4/p3p2p/4P2P/8/6q1/PPP5/2KR4 w - - 1 25	d1f1 g3f4 f1f4	1402	0p13151o
1vwUK	r4r2/pp3pk1/3p2p1/3P4/2Pqp1N1/1P5P/P4PP1/b2QRBK1 w - - 3 24	d1a1 d4a1 e1a1	1402	01191o
2CLgC	6rk/6p1/3R2Qp/1p2p3/1P2P3/6R1/5qPK/r7 w - - 0 40	g6h6 g7h6 d6h6	1402	0p13151n1o
2I748	5r1k/pp4pp/2p5/8/5Q2/2N5/PPq3PP/3R3K b - - 0 27	c2d1 c3d1 f8f4	1402	0g0p0w1o
4CGJW	3R4/2p3k1/2p4p/p1Bp2p1/8/P5Pb/1r6/6K1 w - - 4 37	c5d4 g7f7 d4b2	1402	010p0s1o
4IPDn	8/k3B2p/1b2np2/p7/P7/1RP3P1/1P5K/6r1 w - - 0 44	b3b6 a7b6 h2g1	1402	010p1o
4afBA	8/5k2/p4b1p/2N5/2K5/1P6/P4R2/3r4 b - - 12 51	d1d4 c4c3 d4f4 c3d3 f4f2	1402	0g0j0k0p10
6YjWj	r2qr1k1/ppp2ppp/2n5/3p4/2PP3n/P1PB1PN1/7P/R1BQR1K1 b - - 2 14	e8e1 d1e1 h4f3 g1f1 f3e1	1402	050g0s101c
7ENRw	2r2rk1/p4pp1/1pn4p/3N4/3P4/4B3/P4PPP/2R3K1 w - - 0 20	c1c6 c8c6 d5e7 g8h7 e7c6	1402	01050p0s101n
86WG6	7k/p4r1P/6p1/3np3/7Q/2r1p1P1/2q2PK1/7R w - - 0 26	h4d8 h8g7 h7h8q	1402	000p0s13151h1o
8zxBV	6k1/1R3ppp/p1p5/P3q3/2P5/4r1PP/5Q1K/4r3 w - - 1 39	f2f7 g8h8 f7f8	1402	0p13151o
ACP0L	3r2k1/6qp/pbQ3p1/8/1p2R3/1P3N2/2P1NPP1/4K3 b - - 0 28	g7a1 e2c1 a1c1 e1e2 c1d1	1402	10131619
ARqOo	5Q2/7p/5pp1/7k/8/1q2P2P/5PPK/q7 w - - 2 49	g2g4 h5g5 f2f4 g5h4 f8h6	1402	0p1013161i
Az86D	r1b1k2r/pp3ppp/2pq1n2/8/2n1P3/2N2N2/PP2K1PP/R2Q1B1R w kq - 0 12	d1d6 c4d6 e4e5	1402	011c1o
B4eKh	2R5/2P2kp1/4Np1p/3p4/3Pn3/2n1P3/1r3PPP/5RK1 b - - 0 31	c3e2 g1h1 e4f2 f1f2 b2b1 f2f1 b1f1	1402	060i0p13171n1w
BQBQE	5r1k/pQ4R1/7p/3p4/8/6P1/P1r2qPP/6RK b - - 0 30	f2g1 h1g1 c2c1	1402	050p13151n1o
C0OYA	4r2k/pp5p/6p1/8/P2R1Pb1/6P1/Q4P1P/5K2 b - - 0 32	g4h3 f1g1 e8e1	1402	0p13151f1o
CSokY	6k1/pp3ppP/2p5/P2p2r1/1P1B2r1/4Pq2/3R1P1Q/R4K2 b - - 0 34	g8h8 d4g7 g5g7	1402	01191o
CurXc	2bq1r2/5Q2/p2p3p/1p2p1p1/1P1bP2k/8/P1P2PPP/2B2RK1 w - - 2 27	g2g3 h4g4 h2h3 g4h3 f7h5	1402	0510131619
Df1hq	3q4/1Q3pkp/p4p2/8/4P3/2P1bB2/PP4PP/1K6 b - - 0 24	d8d3 b1a1 d3f1 f3d1 f1d1	1402	060p101316
E7UQz	2q5/8/4R2p/p2p3k/5K2/P1p5/4R2P/8 w - - 4 43	e2e5 h5h4 e6h6	1402	0i0p13151j1o
EQwgI	3r4/pp6/3k4/2pN2p1/2P5/1P4Pq/P7/3R1RK1 w - - 5 41	d5f4 d6c7 f4h3	1402	0g0j0k0p1o
GroCS	r4rk1/p2pqpp1/4p2p/3P4/1n6/1P2PN2/3QBPPP/5RK1 w - - 1 20	d5d6 e7d8 d2b4	1402	010v191o
H8Jfi	8/1k2nR2/6p1/1PK3P1/4r3/8/8/8 w - - 0 48	c5d6 b7b6 f7e7 e4g4 e7e5	1402	0g0h0p10
HwD5h	r1bkr3/p2n1ppp/8/p1p1N3/2B5/B7/P4PPP/4R1K1 w - - 4 19	e5f7 d8c7 e1e8	1402	0g0i0j191o
JSR02	8/5p2/3npkp1/3p3p/3P4/R1K1P1P1/1r1N1PP1/8 b - - 3 47	b2d2 c3d2 d6c4 d2c3 c4a3	1402	050g0p0s101n
KmHSJ	R3r3/3k2p1/2p2nqp/2Bp4/1P6/2NP1P1b/2PQ2PP/4R1K1 b - - 0 22	e8e1 g1f2 g6g2 f2e1 g2f1	1402	0y101316191g
LDZEN	1kr4r/pp1n3p/q1nPp1p1/P2pPpP1/3P1P1P/1Q6/3BNK2/R6R b - - 2 25	a6e2 f2e2 c6d4 e2d1 d4b3	1402	01050r0s10191n
M73DW	6k1/4p1b1/pP1p2p1/3P1r2/8/6Q1/6PP/1r2R1K1 b - - 2 33	g7d4 g1h1 f5f1 e1f1 b1f1	1402	060p1013161g1y
O0X6F	R7/1p3Qpk/3p3p/2n1p3/2P1P3/4qP1P/6PK/1r6 w - - 3 42	f7f5 g7g6 f5f7	1402	0p13151o
OQzoF	8/3k4/P5p1/1K1Pp3/1N5p/8/8/7r w - - 1 53	a6a7 h1a1 b4a6	1402	000g0h0p1o
Q9M03	r4r1k/pb2nBpp/1q2P3/2b4Q/Pp6/1P1R4/5PPP/5RK1 w - - 3 24	h5h7 h8h7 d3h3	1402	050y1315191f1n1o
Rwh5f	6k1/5pp1/pqr1pb1p/1p1pn3/1P1P4/P1Q1B1P1/4NP1P/2R3K1 w - - 8 31	d4e5 c6c3 e3b6 c3c1 e2c1	1402	010j1019
SUlnn	2kr1b1r/Qpp2ppp/5n2/8/8/2q1PP2/P4PBP/5K1R w - - 0 19	g2h3 f6g4 h3g4 f7f5 g4f5 d8d7 a7a8	1402	1317191g1w
SwGyV	8/8/6P1/1pp5/2Q5/2k5/3pK3/8 b - - 0 57	b5c4 g6g7 c3c2 g7g8q d2d1q	1402	000g0p0t101h
Tc7Wb	rnr4k/pp3ppN/2p1p3/8/8/7R/P1P1qPPP/4R1K1 w - - 0 20	h7f6 e2h5 h3h5	1402	0j0k0y1315191o
V8t0a	r1bqkb1r/ppp3pp/2n5/5p2/7N/3B4/PPP2PPP/R1BQK2R w KQkq - 0 10	d1h5 g7g6 h4g6	1402	0g1c1o
Y1jaN	Rr3k2/4ppb1/Q2p3p/2pPn1p1/1r2P1P1/6B1/1P3K1P/8 w - - 2 30	a6c8 b8c8 a8c8	1402	06111315191n1o1y
Y3Ech	3r3k/Q6p/p5p1/4qp2/P7/3B4/1P4P1/2R2K2 b - - 0 35	e5f4 f1g1 f4c1	1402	0g0p0s1o
YwN1m	7N/1pR5/p7/3P2p1/8/4kpn1/PP6/6K1 b - - 0 41	f3f2 g1h2 f2f1q	1402	000g0i0p1h1o
ZrlEB	6k1/4bp1p/p2p4/1p1P2PN/1Pq1PQ2/Pr6/2r2P2/R4R1K b - - 0 37	b3h3 h1g2 h3h5	1402	0g0s191o
c3qdQ	8/6k1/3q4/6p1/2R5/1K3p2/2R4P/8 w - - 0 68	c4c7 g7g8 c7c8 g8f7 c2c7 f7e6 c7c6 d6c6 c8c6	1402	0g0p0r1g1j1w
cHfu5	r1b1kbnr/1p3ppp/p3p3/8/1q2QB2/2N5/PPP2PPP/R3KB1R b KQkq - 3 10	b4b2 a1b1 b2c3	1402	0g0s1c1o
dHR9d	4r2k/p5p1/1p1p1p1p/nq2n2Q/4P2R/P5R1/B2N1KPP/2r5 w - - 0 28	h5h6 g7h6 h4h6	1402	0y1315191n1o
dY8Vz	r1b2k2/ppp2p1p/3p4/3P2B1/8/2P5/P4PPP/4R1K1 w - - 2 21	g5h6 f8g8 e1e8	1402	0p13151f1o
egJYW	r1bqk2r/ppp2pp1/2np1n1p/4p1N1/2B5/2PP4/P1P2PPP/R1B1QRK1 w kq - 0 10	g5f7 d8e7 f7h8	1402	040g0s1c1o
ezz1r	5k2/1p1b1P2/p3pNP1/4PnK1/8/P7/1P6/3q4 w - - 0 47	f6h7 f8e7 f7f8q	1402	000p13151h1o
fE63J	4r2k/pp2q1pp/8/8/3Npn2/7P/PP3P2/2RQR1K1 b - - 0 26	e7g5 d1g4 f4h3 g1h2 g5g4	1402	0g0w10191g
fjHjR	4Q3/p4rk1/3p1p2/4p1pP/4q3/8/PPP5/1K3R2 w - - 0 30	h5h6 g7h6 e8f7	1402	0g0i0p1o
gRmqH	r1b2rk1/1p1q2b1/n1pp3p/pB1P1p1P/3P1Pp1/PQ2B3/1P4P1/2KR2NR w - - 0 20	d5c6 d7f7 b5c4 b7c6 c4f7	1402	0g0j0k10191g
gUaaY	rn1qr3/ppp1bppk/3p4/8/6bP/2P1BN2/PPP2PP1/R2QK2R w KQ - 2 11	f3g5 h7g8 d1g4	1402	010j1c1o
hbtSX	3r4/Q6p/p1kq3b/1p6/8/2P4P/PP3PP1/1K2R3 b - - 0 31	d6d3 b1a1 d3d1 e1d1 d8d1	1402	060p1013161n
hcFPv	6kr/pp2p3/3qP1pp/4n3/5Q2/2P5/PP4PP/5R1K w - - 3 35	f4f8 g8h7 f1f7 e5f7 f8f7	1402	0p0q0r1013161n
jd3r7	4r1k1/p5p1/2p2Q1p/8/8/2P3R1/r3qPPP/5RK1 b - - 0 26	e2f1 g1f1 a2a1	1402	050p13151n1o
lEYVF	1r1r1k2/pB1P1ppp/5q2/3Qp3/1P2Pb2/P4NnP/6P1/3RR1K1 b - - 0 26	f6b6 d5c5 b6c5 b4c5 b8b7	1402	0g101119
nG2WW	6rk/7p/3p4/5pq1/2QP4/6rP/1P3RPK/6R1 b - - 7 30	g3h3 g2h3 g5g1	1402	0j0p13151o
oy44H	2k5/ppp3pp/4q3/8/2Pn1B2/3P2Pr/PP4KP/R3Q3 b - - 2 20	h3h2 g2h2 d4f3	1402	050g0p1n1o
pmxgc	1k2r3/1pp5/1p6/2n4Q/5P2/P1P1r2N/1P3KPP/8 b - - 0 28	c5d3 f2g1 e3e1	1402	0p13151o
qaI1s	8/pQ5q/7k/8/2p5/2P1P3/PP3r2/2K5 w - - 1 38	b7h1 h6g7 h1g1 g7h8 g1f2	1402	010p0r0s10
rJBam	8/6p1/7p/1pn2p2/2kN4/P3KP1P/6P1/8 b - - 2 50	f5f4 e3f4 c4d4	1402	0g0i0p0z1o
s7O7r	6k1/1Q3pp1/p1p1r2p/8/2P5/1P3R1P/1q4P1/7K w - - 0 39	b7f7 g8h7 f7e6 b2b1 h1h2	1402	0g0h0p0s10
sDUw3	2r3rk/bpp5/p2p1q1p/3Pp2N/1P6/P5QP/5PP1/2B2RK1 w - - 3 29	g3g8 c8g8 h5f6	1402	0g0y191o
sTMrb	6k1/1q4rp/R7/3p1p2/3P3Q/2P5/4r1P1/7K w - - 2 39	h4d8 g8f7 a6f6	1402	0p0x13151o
u1zOd	1k5r/pp2bp2/8/5Q2/3Pp3/Pq6/8/3RKR2 w - - 2 31	f5e5 e7d6 e5h8	1402	0g0p0s1o
uShQp	r2qr1k1/ppp2ppp/2n5/2bN4/3p4/P4N1P/1P1Q1PP1/R3R1K1 w - - 1 19	e1e8 d8e8 d5c7 e8c8 c7a8	1402	010s1019
vAkrh	3r2k1/5ppp/5q2/p7/3np3/P3P2P/1Q3PP1/R4RK1 b - - 0 23	d4f3 g2f3 f6b2	1402	010j0p1o
vfzzO	5rk1/3R1ppp/p1Q5/1p6/1Pn1Pp1q/P4P2/2P1R1PP/7K b - - 6 31	c4e5 c6a6 e5d7	1402	010p0s1o
vt5fI	rnbq1rk1/5ppp/p4b2/2p5/2B5/2N5/PPPP2PP/R1BQ1RK1 b - - 1 14	d8d4 g1h1 d4c4	1402	010s1c1o
x4XDP	3q2k1/5Rpp/8/3r4/3b4/4rQ2/P1P3PP/3R3K w - - 2 26	f7f8 d8f8 f3d5 g8h8 d5d4	1402	010i0s1019
yIeXB	7r/kp3Rp1/pp4n1/8/3N2b1/2PPr3/1P4K1/R7 w - - 0 38	d4c6 a7a8 a1a6 b7a6 f7a7	1402	030i101316191g1n
ypXwF	5k2/3b3p/3P2p1/1p1BK1P1/p1p5/P4P2/7P/8 b - - 0 37	c4c3 d5e4 d7f5	1402	080g0p1o
zwIFo	2r2rk1/pQ3pp1/8/7p/5R2/P3PpPP/1P2qP2/5RK1 b - - 2 28	e2f1 g1f1 c8c1	1402	050p13151n1o
0khIn	5n2/6kp/p1Q1p2p/Pp1pP2P/1P3NPK/4q2N/8/8 b - - 2 42	e3e1 h3f2 e1f2	1403	0g0p1o
2HQjR	5qk1/p4p2/bp2p1p1/4P3/2r2P2/P1R5/6PP/R1Q3K1 b - - 1 24	f8c5 c1e3 c4c3	1403	0g0p1o
4tCUj	8/8/1pB5/6n1/7p/6pk/8/7K w - - 0 65	c6d7 g5e6 d7e6	1403	0p13151o
6E5mu	4r1k1/pp3p2/3p2B1/2pP4/2Pq2P1/1Pn1rR1P/P1QR2K1/8 b - - 0 27	e3e2 d2e2 e8e2 g2f1 e2c2	1403	0g0s1019
7LViV	r2q1rkb/1pp2p2/p1n4P/4p3/P1BpP1b1/2PP1Pn1/1P4P1/RNQ1K1NR w KQ - 0 17	h6h7 g8g7 c1h6	1403	000y1315191o
83tsI	3rk2r/1b2nppp/p4n2/1p2p1B1/8/q2BQP2/P1P3PP/1R3RK1 w k - 0 18	d3b5 a6b5 e3a3	1403	0g0j191o
9mI3x	3k4/2p5/1p2P3/2p5/5p1r/1PPn1B2/P6p/5R1K w - - 1 41	f1d1 c5c4 b3c4 d8e7 d1d3	1403	010b0p101g
AOCDm	3Q4/7k/8/4p1P1/P2pb3/4q2P/6B1/3R1R1K b - - 0 41	e3h3 h1g1 h3g2	1403	0p13151g1o
AXTGV	r1r4k/2q2p1p/2n1pp2/6P1/p2R1P1P/2Q5/B1P1N3/2K4R b - - 0 27	c6d4 c3c7 d4e2 c1d2 c8c7	1403	0g1019
AehmR	8/6k1/8/8/1p3qp1/1P5P/8/3Q3K w - - 0 52	d1g4 f4g4 h3g4	1403	0g0p1i1o
AnfoR	3r1r1k/1R4bp/4pP2/8/8/8/2q3PP/4Q2K w - - 0 30	f6g7 h8g8 e1e6 f8f7 e6f7	1403	000p0s101316
BYE2r	2b2rk1/p3qppp/1p1p4/4nP2/QP3Bn1/3p2PP/P5B1/RN1KR3 b - - 0 21	g4f2 d1d2 e5c4 d2c3 e7e1	1403	0g0i0j0r1019
C6tEe	7k/1pbR2p1/7p/pP2q3/P1Q5/2P4P/5PP1/6K1 b - - 2 33	e5e1 c4f1 c7h2 g1h2 e1f1	1403	010d0i0p10
D63cI	3q4/p4pk1/2p3bp/1p2N1p1/1P2n1P1/P6P/B1P1QP2/6K1 b - - 1 27	e4c3 e2f3 c3a2	1403	010p0s1o
DhF06	r2qk1r1/p1pbn1pR/2p2p2/3pP3/8/2P1PNP1/PPQ2PP1/RN2K3 b Qq - 0 13	d7f5 c2a4 f5h7	1403	010s0v191o
F40UC	8/8/5p2/4p1k1/6P1/5K1P/8/8 b - - 2 51	g5h4 f3g2 e5e4 g2h2 e4e3 h2g2 e3e2	1403	000g0p1e1l1w
FXauD	2k5/ppp3p1/2qp4/4p1Bp/1P2r3/1B6/PP1K2Q1/2R4R b - - 1 26	e4d4 d2e1 c6g2	1403	0g0j191o
Fg5yI	5rk1/1Q3ppp/p3p3/8/4P3/P7/1qr3PP/3R1R1K w - - 0 27	b7f7 f8f7 d1d8 f7f8 f1f8	1403	0p1013161n
Gc0EZ	4r1k1/ppp1q2p/3p2p1/7r/1PPN4/P2Qb3/R3B1PP/3R3K b - - 5 22	h5h2 h1h2 e7h4	1403	050y1315191n1o
IP4sP	1k4rr/p1q5/1p1pR3/2pP1p2/8/5QP1/PPP2PP1/R5K1 b - - 0 24	c7h7 g1f1 h7h1 f1e2 h1a1	1403	0g0p101l1p
LkYV3	r1r3k1/1p1bppbp/p2p1np1/3N4/2PnP3/4BP2/PP1RB1PP/1K5R w - - 0 15	d5e7 g8f8 e7c8	1403	0g0s11191o
N6kPp	8/p1p4p/2pp2p1/2PP1p1k/3P1P2/3K1P1P/1b6/8 w - - 0 36	c5d6 c7d6 d5c6	1403	080g0p0w1o
NR1xz	r5k1/1p4p1/1npq2Q1/p2p4/3P3P/1PN2P1R/PKP5/4r1R1 b - - 2 23	b6c4 b3c4 d6b4	1403	0q1315191n1o
NpAjh	r1b2rk1/1pp4p/p2q2p1/5p2/1nNP3P/4PBP1/PP3QP1/R3K2R b KQ - 2 18	b4d3 e1d2 d3f2	1403	010s191o
OB9uD	8/4k3/3b4/3P1ppp/8/3RBKPP/2r5/8 b - - 1 48	g5g4 h3g4 h5g4	1403	0p13151o
OJrUh	5rk1/ppR3bp/3q2b1/3p2P1/1P1PpN2/4B1Q1/P7/6K1 w - - 4 32	c7g7 g8g7 f4h5 g6h5 g3d6	1403	050g0j10191n
RVeZE	3R2rk/p3P1pp/8/qp6/3r1P2/4P2P/PP4P1/R5K1 w - - 0 31	d8g8 h8g8 e7e8q	1403	00050p13151h1j1o
SEbBq	6k1/3R1pp1/6rp/8/PB1P4/4Pp1n/5P1P/5R1K b - - 2 34	g6g1 f1g1 h3f2	1403	0i0p13151n1o
T6HKl	2r4r/1p1nppk1/p3q1p1/3R3P/3P4/2NQ1P1P/PPP5/2K2R2 b - - 0 23	c8c3 d3c3 e6d5	1403	010b191o
THv0h	8/5pkp/1Q1b1q2/3p2p1/3p4/2P2PP1/PP3K1P/4R3 b - - 0 28	d6g3 f2g3 f6b6	1403	0g0j0p1o
V1mTJ	2r5/1b6/p2kpQ2/1p2p1Pp/1P1p3q/7P/P3B1P1/1N1R1R1K b - - 1 28	h4h3 h1g1 h3g2	1403	0y1315191g1o
VVuxr	2k4r/2p5/8/p1B1R3/5p2/3P1r1p/PPP4R/7K b - - 0 28	f3f1 c5g1 h8g8 e5e8 g8e8	1403	0g0p10
VX3Mx	6rk/5p1p/4pPpQ/pr2P1K1/6P1/4p1R1/PP3q1P/8 w - - 6 37	h6h7 h8h7 g3h3 f2h4 h3h4	1403	050p1013161n
WEkb5	1r3rk1/1pp1b1p1/p6p/3qp3/4Np2/1nPP1N1P/1P3PP1/R2QR1K1 w - - 2 21	c3c4 d5e6 d1b3	1403	010v191o
WMHw9	5k2/p7/1p6/1P6/8/P3p2P/4rNP1/R6K b - - 0 34	e3f2 a1f1 e2e1 h1h2 e1f1	1403	000g0p101g
YgvX4	6rr/2k1n1Q1/2n1q3/p2p3p/1p6/1B1P1N1P/1PPK1PP1/R3R3 b - - 7 25	e6e1 d2e1 g8g7	1403	01191o
Ynz2M	r4r2/3bNpbk/p2p2pp/4P3/2p5/1pq2N1P/2B2PP1/2Q1R1K1 w - - 0 30	c2g6 f7g6 c1c3	1403	010j191o
Yw6d7	r7/p7/3Q3p/6pk/2q5/P1N4P/1PP5/K3Rr2 w - - 7 32	d6d1 h5g6 e1f1	1403	0g0p1o
ZTN75	1r3r2/1p1b1pk1/1N2pR2/3pn1pB/p5P1/P1P1P3/1P6/5RK1 w - - 1 24	b6d7 e5d7 f6f7 f8f7 f1f7 g7g8 f7d7	1403	0g0s191w
bUSt8	r3nk2/p4pp1/1pq1r3/2p4p/2Pp1R2/1P1P2P1/P3QP1P/4R1K1 w - - 4 23	e2e6 c6e6 e1e6	1403	01191g1o
bUlW7	8/5B2/7k/1P3bp1/7r/5K1p/1P3P2/7R b - - 0 39	f5e4 f3g3 e4h1	1403	0g0p11121o1p
cJc2C	8/5p2/5p1p/4k1r1/1R5K/5P2/8/8 w - - 8 42	f3f4 e5d6 f4g5	1403	0g0p0s11121m1o
d1ChM	2r5/3k1p1p/b2p1Pp1/P2P4/1K3B2/6PP/8/1R6 b - - 14 42	c8b8 b4c3 b8b1	1403	0g0p1o1p
enQaE	2k3r1/pb3p2/1pn2qP1/3p1nRP/3Pp3/P1P5/4BP2/R2QK3 w Q - 0 25	g5f5 f6f5 e2g4	1403	0g191g1n1o
fZijA	7R/b2q1k1p/p4pp1/Pb2r3/8/2N3NP/6P1/1Q5K w - - 0 46	h8h7 f7f8 h7d7	1403	0g191o1p
gOZ8q	3r1rk1/pb3pp1/5b1p/3pp3/8/P1N2P1P/1qPQB1P1/3R1R1K w - - 0 21	d1b1 b2a3 b1b7	1403	01191o1p
h8BBN	6r1/5Qp1/p1k1p3/3pP1P1/3n1P1P/7K/1qB5/2R5 w - - 1 38	c2a4 c6b6 f7c7	1403	0k0m0p13151o
hUL3N	8/1p3k1p/3r2p1/2Qq1p2/1P2p3/6PP/4BP1K/8 w - - 0 43	e2c4 d5c4 c5c4	1403	010p111g1o
hlSl5	8/5ppp/P1rk4/3p4/3K2P1/2R1P2P/1r3P2/R7 b - - 0 38	b2d2 c3d3 c6c4	1403	0p0q13151m1o
i71Iu	1r3r2/1p3p1p/3p2kq/p1p1pR2/2P1P3/P2PQ1PB/1P4KP/8 w - - 8 30	f5f6 g6f6 e3h6	1403	050g0i0p1o
kA4AF	7k/1ppq1p2/1p1p1p1p/4p1rP/4PnP1/P1PPQP2/1P6/R5RK b - - 2 29	g5h5 g4h5 d7h3	1403	0p0y13151n1o
kCGoa	8/ppp3k1/8/4N1p1/3P1r1p/2P5/PP4K1/5R2 b - - 3 30	h4h3 g2h3 f4f1	1403	010i0p1o
m7Yrw	4rrk1/p4p2/5Rpp/4p3/2B3bP/1P6/P3R3/6K1 w - - 0 26	f6g6 g8h7 g6g4	1403	010p1g1o
mUx0j	7Q/3qp3/R3b1p1/4p1k1/5b2/3p1P1P/5PK1/8 w - - 3 47	h3h4 g5f5 h8f8 e6f7 f8f7	1403	0p101316
nl5Qj	2kr1b1r/1pp2pp1/p1n1p2p/3q1B2/8/4BP1P/PPPQ1P2/2KR3R w - - 0 15	d2d5 d8d5 d1d5	1403	01191g1o
nozqX	r5k1/p1p3b1/1p2pqQ1/8/7R/3PP2P/P1P5/6K1 w - - 1 25	g6h7 g8f7 h4f4	1403	010p1g1o
oFOQw	8/p4rbk/1p1n2pp/3Bp3/1P1P1pPq/4P2P/3BQPK1/5R2 b - - 2 27	f4f3 d5f3 e5e4 f3e4 d6e4	1403	010s1011191t
oS8r8	r1bqk2r/ppp2ppp/2n1p2n/8/1bB5/5N1P/PB3PP1/RN1Q1K1R w kq - 0 11	d1d8 c6d8 b2g7 h8g8 g7h6	1403	010s101c
p7ITb	5r1k/pb5p/1p4p1/3p4/3N4/2P4P/PPB1K1P1/5R2 b - - 3 33	b7a6 c2d3 a6d3 e2d3 f8f1	1403	010p0r10
pyykP	3r4/1r1pkp1p/pN1Rpp2/8/2P1PP2/P3n3/1P1R2PP/6K1 b - - 2 25	b7b6 d6b6 e3c4	1403	010b0p1o
qAuHw	5r1k/pp5p/5N2/q3N3/3P3p/P3P2K/2b5/6R1 w - - 8 42	e5f7 f8f7 g1g8	1403	030p13151n1o
qEse8	6rk/Q5pp/3p4/p1q5/1pP5/5RRP/5PPK/2r5 w - - 6 30	a7g7 g8g7 f3f8 g7g8 g3g8	1403	0p1013161n
qzlCt	2kq2r1/p7/7p/1N1P1p1r/2pQpP2/P3P3/BP3P1P/R5RK b - - 0 27	h5h2 h1h2 d8h4	1403	050y1315191n1o
rkJCk	8/p4qrk/1p1pQ2p/3P1p2/1P1b4/1B2P2P/P5P1/2R3K1 b - - 0 31	f7e6 d5e6 d4e3 g1f1 e3c1	1403	0b0g0p0s0w10
rnemR	3q4/5pkp/4P1p1/pp6/3b4/P1Qp1BP1/1P4KP/8 w - - 1 34	e6e7 d8e7 c3d4	1403	00010i0p1o
rvnky	8/5Q2/2p1P1pk/2P2p1p/p2P1q2/6PK/7P/8 b - - 0 36	f4f1 h3h4 g6g5	1403	0p13151i1o
s5ejg	1k1r3r/1p3p2/p1p3P1/q2p3B/3P4/b1P1PQP1/1P3P2/2KR3R b - - 0 22	a5c3 c1b1 c3b2	1403	1315191g1k1o
sGOqP	3r1k2/pp3ppp/1n6/2p5/2PbR3/B6P/P2N1PP1/6K1 w - - 0 22	e4d4 d8d4 a3c5	1403	010b0p1g1o
sP3jx	rq3rk1/5ppp/b5P1/3p3P/n2Bnb2/2p2N2/2PP2Q1/1NKR1B1R w - - 1 23	g6h7 g8h7 g2g7	1403	00050j0y1315191o
sXXzS	8/Q3R2p/1p2bppk/8/5qP1/5P1K/8/8 w - - 1 45	e7h7 h6g5 h7h5 g6h5 a7g7	1403	0p101113161n
t277d	8/8/8/4Kp1p/p3p1bP/2B1P1P1/1Pk5/8 b - - 11 59	a4a3 b2a3 c2c3	1403	080g0i0p1o
uBbCr	4qbk1/7p/1pb1pQp1/p7/2P2P2/1P5P/PB6/6K1 w - - 4 33	f6h8 g8f7 h8h7 f8g7 h7g7	1403	0i0p1013161s
upuEd	k7/1p6/p3P3/3r3p/2pN2pP/2Pn2P1/4Q1K1/1q6 w - - 0 41	e6e7 d5e5 e2e5 d3e5 e7e8q a8a7 e8e5	1403	00010p0s1h1w
ux2D1	kR5r/2p3pp/P1q1n3/2P1pp2/8/Q1PP4/5PPP/1R4K1 b - - 0 33	h8b8 b1b8 a8b8 a6a7 b8a8	1403	010p10
vhVug	6k1/5pp1/7p/b2Q4/8/3B2PP/5P1K/r2q4 w - - 1 38	d5a8 a5d8 a8d8	1403	0p13151o
wDV1n	r5kr/pp1PQppp/8/4n3/8/8/P2q2PP/5R1K w - - 0 24	e7e8 a8e8 d7e8q	1403	000p13151h1o
yJsY9	8/2k2p2/4p1p1/3p2P1/b1pP3p/p1P2P1P/1r3K2/R2N4 w - - 4 46	d1b2 a3b2 a1b1	1403	010p1o
yit9R	1b4k1/5pp1/2R4p/p2P4/P2B2Q1/2P3PP/q4PK1/4r3 b - - 10 34	a2d5 g4f3 e1g1 g2g1 d5f3	1403	010i0p0s10
zVaTk	5R2/4B1pk/2p4p/1p6/3Q3K/5P1P/PPq3r1/8 b - - 1 34	g7g5 e7g5 h6g5 h4h5 c2g6	1403	0p101316
0HIyU	rn1q1rk1/pp2ppbp/3p2p1/3N4/4n1b1/2B2N2/PPP1BPPP/R2QK2R w KQ - 0 12	c3g7 g8g7 d1d4 e4f6 d5f6 e7f6 d4g4	1404	01050b0s1c1w
0bzkR	8/3Pkpp1/4p2p/4P3/3N1P2/7q/3Q1Kb1/8 w - - 5 38	d4c6 g2c6 d7d8q	1404	000p13151h1o
1WMKY	3r1rk1/pp3pp1/5q2/6Qp/3nPB2/2N5/PP3P1P/R3K2R b KQ - 1 18	d4f3 e1e2 f3g5	1404	0g0s11191o
1pxcq	1b6/3q3k/p2Pr1pp/1p1Q4/5P2/P3p2P/1P2R1P1/3R2K1 b - - 6 40	e6d6 d5d6 b8d6	1404	0g0p1o
2XmPJ	5r1k/5p1P/p4b2/8/2p2q2/8/PPP3Q1/1K4R1 w - - 0 30	g2g8 f8g8 h7g8q	1404	000p13151h1o
3gzm6	1r6/7p/6p1/2P5/p2k2P1/2R4P/PP3K2/8 b - - 0 32	b8b2 f2f3 d4c3	1404	0g0p1m1o
4EFHM	1k1r4/ppp3p1/8/7p/2B1Qn2/3P1q2/PPP2P1P/4R1K1 b - - 2 21	f4h3 g1f1 f3f2	1404	0p13151o
4md4A	4r1k1/1p1n1r2/5n1B/p1p1qQ2/2P1p3/P6P/1P3PP1/1R2R1K1 w - - 2 29	f5g6 g8h8 g6f7	1404	0g0i0y191o
5vUma	r1bqk2r/ppp1np1p/3b4/8/3QP1pN/6P1/PPP4P/RNB1KB1R b KQkq - 0 9	d6g3 h2g3 d8d4	1404	0g0j1c1o
6ZxyH	r1bk3r/ppp4p/3b1p2/8/4N3/8/PPP2PPP/3RKB1R b K - 0 12	h8e8 f2f3 f6f5	1404	01191g1o
8O1Dq	6rk/ppp5/3p3p/2nPp1r1/2P1N2q/5P2/PP2Q1PP/R5RK b - - 7 25	h4h2 h1h2 g5h5	1404	050y1315191n1o
9ad1P	1r3rk1/1Bq1nppp/p2b1n2/2p5/2P5/P1N1P2P/1B3PPN/1R1Q1RK1 b - - 0 18	d6h2 g1h1 b8b7	1404	010w191o
9hLSF	1r6/1r2kp2/2Q4R/p2p4/4q1P1/PP6/K1P3P1/7n w - - 6 35	c6d6 e7e8 h6h8	1404	0p13151o
A0nsM	2r2r2/4ppkp/pq1p2p1/1p1P4/1P2PP2/n5PP/4R1BK/2RQ4 w - - 0 25	c1c8 f8c8 d1a1 g7g8 a1a3	1404	010d0s1019
Bd7Xo	rbb2k2/1p1p2pp/pP2p3/P4P1N/8/2Ppp3/B5PP/5RK1 w - - 0 25	f5e6 f8e7 f1f7 e7d6 e6e7	1404	000g0j0k0p10
GYRvZ	r1b1k2r/pp2nppp/1q2p3/2bpP3/8/1PP5/P2Q1PPP/RN2KBNR w KQkq - 3 10	b3b4 c5f2 d2f2	1404	011c1o
GzyLQ	r1bQ1rk1/pp3pBp/2p3p1/8/2P5/2n5/PP2BPPP/R4RK1 b - - 0 13	c3e2 g1h1 f8d8	1404	010t0w191o
HSnlH	r4rk1/pp3ppp/2n4q/8/3P2b1/3BNN2/PP2QP2/R4RK1 b - - 2 17	c6d4 e3g4 d4e2	1404	010y191o
ITFt9	8/6kp/5r2/8/1R3B2/8/PPp1K3/8 b - - 3 39	f6f4 b4f4 c2c1q	1404	000g0p1h1o
JXyDA	7k/ppp3R1/2N4p/8/1P6/P2P2Pb/1BP1r2P/R3n1K1 b - - 0 21	e1f3 g1h1 e2h2	1404	031315191o
JhMtx	8/8/2rkp1R1/pp1p4/2n5/2P4r/PPK5/4R1B1 w - - 0 37	e1e6 d6d7 e6c6	1404	0g0p1o
LRlhJ	rnk4r/pp6/2p1R3/5Q2/6n1/2P5/PP3PP1/RNBq1NK1 b - - 2 19	h8h1 g1h1 d1f1	1404	050i0y13151c1n1o
Lfy9z	8/1r6/2k5/pR2K3/P7/8/8/8 b - - 1 48	b7b5 a4b5 c6b5 e5d4 b5b4 d4d3 b4b3 d3d2 b3b2	1404	0g0h0p1m1w
MOGCl	5r1k/1p4pp/pN2q1p1/2Q2rn1/P3p3/1P6/6PP/R4RK1 w - - 0 28	c5f8 f5f8 f1f8	1404	0g0y191o1y
N2cXv	1k1r3r/pp3p2/4p3/1QqpP1p1/1N2n2p/2P5/PP6/1K1R3R w - - 2 29	b4a6 b8a8 a6c5	1404	0g191g1k1o
OdDPa	r1b5/ppp1krp1/3p3p/8/4P3/1N2B3/PP2KPq1/RN1QR3 b - - 1 18	c8g4 e2d3 g4d1	1404	01191o1p
Oghpq	r4rk1/p4ppp/2p5/b4b2/5B2/5N2/PP3PPP/R3R1K1 w - - 2 16	e1e5 a5b6 e5f5	1404	010s191o
QUkvN	rnb2rk1/pp2qpbp/3p1np1/2pP2B1/4N3/4Q3/PP2PPPP/R3KBNR w KQ - 6 10	e4f6 g7f6 e3e7 f6e7 g5e7	1404	0g0j0y101c1y
T12Xd	1r2k2r/R2bqpbp/2p2np1/1p2p1B1/4P3/1PNP1N1P/1PP3P1/3Q1RK1 b k - 4 16	e7c5 d3d4 c5a7	1404	010s191g1o
U20wS	3r2k1/3nRp1p/p1pp4/1p5N/3P2P1/8/PP3P1P/6K1 w - - 0 25	e7d7 d8d7 h5f6 g8g7 f6d7	1404	050g0p0s101n
V7NNx	r1bqk2r/ppp2ppp/2n1p3/8/4P3/P2PnBP1/1PP1Q2P/RN2K1NR b KQkq - 2 11	c6d4 e2e3 d4c2	1404	0g1c1n1o
VkxRl	r4rk1/1p3ppp/p7/4Q3/3p3P/1P1P4/PBP2q2/2KR4 w - - 0 23	b2d4 f2g2 d1g1 g2g1 d4g1	1404	010p10
VtDEk	3k4/1R5p/4K1p1/p3P3/r4P2/1p6/5P1P/8 b - - 0 39	a4b4 b7b4 a5b4	1404	0g0p11121m1o
X0qwl	8/prp4p/2p3p1/B2k1r2/3PbR1P/1P2P3/P7/2RK4 w - - 0 30	c1c5 d5d6 f4e4	1404	0g0i0p1o
Xq8fF	8/p5pp/1p1N4/kPqQ4/8/4P1PK/7P/4n3 w - - 3 45	d6b7 a5b5 b7c5	1404	0g0p0s1o
YWcAX	rr3b1k/6q1/3p1Q2/3Pp1P1/pp6/4BP2/PPP5/2KR4 w - - 2 28	d1h1 h8g8 f6e6 g7f7 h1h8 g8h8 e6f7	1404	0g0i0r191g1w
ZKvqx	r1q2rk1/p3bppp/2p2n2/2PbB3/3P4/4P1NP/P2N2P1/R2Q1R1K b - - 0 23	c8h3 h1g1 h3g2	1404	0y1315191g1o
aSnKe	4qk2/6bp/2b3p1/p2B4/P1p5/2P5/5PP1/1N1Q3K w - - 1 33	d1f3 f8e7 d5c6	1404	0g0p1o
akd1l	2b4r/8/r2Rnk1p/4R1p1/PpN5/5P2/1PP3PP/6K1 w - - 3 31	e5e6 c8e6 d6a6	1404	0g0i11191g1o
bLcGt	r6r/p4p1k/1q1ppp1p/8/2p2PN1/6PQ/PPP4P/R4K2 w - - 2 23	h3h6 h7g8 g4f6	1404	0p13151o
bVKqX	5r2/R7/1p2P2p/5k2/2p5/p1P4P/5K1P/8 w - - 0 46	a7f7 f8f7 e6f7	1404	000g0p1m1o
bwljB	r1bB1rk1/pp3ppp/2pp4/2b1p3/2B1n3/3P1P2/PPP1NP1P/R2QK2R b KQ - 0 11	c5f2 e1f1 c8h3	1404	0413151c1o
cJd7u	k5r1/p1p5/P1N5/1Q3p1p/4p3/4q1P1/1P1r3P/R4R1K b - - 0 28	d2h2 h1h2 e3g3 h2h1 g3g2	1404	05101316191n
d0GCB	5r1k/6p1/4Q2p/3p4/3B1p2/2P2q2/PP6/2K5 w - - 1 39	e6h6 h8g8 h6g7	1404	0p13151g1o
dEtus	r1b1k2r/2p2p1p/p1p2p1q/3p4/5P2/NP1NP3/P1PPQ1Pb/R3K2R b KQkq - 0 12	h2g3 d3f2 h6h1	1404	0g0j191g1o
dmZB9	r4r1k/ppp2R2/2np3p/2b5/2B1P2N/1P1Pq1PP/P1P4K/R2Q4 b - - 0 23	f8f7 c4f7 e3f2	1404	01191o
eJZMz	r1b3k1/1pp4p/6pb/p1pPp3/2P4q/1P1Q3P/P3NNP1/1K1R3R b - - 0 19	c8f5 g2g3 f5d3	1404	01191g1o
eMOIc	r4q1k/5P1b/2p2n1P/p2p1P2/3P4/8/2PKN1Q1/6R1 w - - 1 34	g2g7 f8g7 h6g7	1404	000s1315191o
fe9hZ	4r3/2p2k2/pn5p/6p1/2pqB3/7P/4QPP1/1R4K1 w - - 3 39	e4g6 f7g6 e2e8	1404	050g0i0j0p1o
ffPQ8	2r2rk1/p4ppp/Q7/1B1pp3/N2qn3/P7/3N1bPP/1RBK1R2 b - - 4 23	c8c1 d1c1 d4d2	1404	051315191o
fpBlv	8/8/2K3p1/3P3p/4N1kP/2N5/1pb3P1/8 b - - 2 41	c2e4 c3e4 b2b1q	1404	000g0p1h1o
gVgNQ	4r1k1/q4p1p/p2p2p1/1p1N3P/4r3/P1P2QP1/2P3K1/5R2 w - - 0 33	d5f6 g8f8 f6e4	1404	010p0s1o
h25Pt	2q3r1/3nppk1/p2p4/1p5Q/1Pr1PP1P/P1PR4/6P1/2R3K1 w - - 1 29	d3g3 g7f8 h5h6 f8e8 g3g8	1404	0g0i1019
hWAOO	6k1/6p1/4p2p/1brpPp2/5n2/PP3N2/5PPP/2R1R1K1 b - - 0 27	c5c1 e1c1 f4e2 g1h1 e2c1	1404	01050p0s10
jZaHV	r1b1r3/pp2kpQ1/3qp3/6P1/8/7R/PPP1p2P/R5K1 w - - 0 23	g7f6 e7d7 h3d3 d6d3 c2d3	1404	0g10191g
k8MEY	5rk1/6pp/8/3pN1q1/P2P4/6Pn/7P/3Q1R1K b - - 1 30	h3f2 f1f2 f8f2	1404	010p0s1o
kiOy1	r5k1/1p3p1p/p1p3p1/8/4q3/PP5P/1BP2QP1/6K1 w - - 1 32	f2f6 g8f8 f6h8 f8e7 h8a8	1404	0g0p101p
lZSl7	3r2k1/3q1pp1/p1N2n1p/1p2p3/P7/2P2QP1/1P3PKP/R7 b - - 1 26	e5e4 f3e2 d7c6	1404	0g0p0v1o
liITt	8/8/1RP5/4rr2/k7/8/8/2RK4 b - - 2 68	f5f1 d1d2 e5d5 d2e3 f1c1	1404	0g0i0p0r101m
lkfh0	8/8/8/p7/P3K3/1k6/8/8 b - - 1 50	b3a4 e4d3 a4b3 d3d2 b3b2	1404	0g0h0p101e
nGIxw	2r2rk1/1p4pp/p2bpp2/nq1p4/N2P4/P3P1P1/1P1N1PP1/2RQ1RK1 b - - 4 18	c8c1 d1c1 b5a4	1404	01191o
nq7Y6	2r2rk1/5ppp/p2p1P2/3N4/1p1QP1Pb/qPp4P/P1P5/1K1R3R w - - 1 23	d5e7 g8h8 f6g7	1404	000s1315191o
oe4nt	QR4nk/4Nppp/5b2/8/4p3/3P3P/5qPK/8 b - - 0 34	f6e5 h2h1 f2f1	1404	0p0s13151o
scS9N	2r3k1/1p4pp/p7/6PP/1n1B4/8/PPP2R2/2K5 b - - 4 27	b4d3 c1d2 d3f2	1404	010p1g1o
tIFFi	5rk1/2Q2ppp/2r1p3/8/P1P1q3/6P1/7P/3R1RK1 w - - 6 27	c7f7 f8f7 d1d8 f7f8 f1f8	1404	0p1013161n
uiu8u	3r3k/6R1/p4p1B/1pq1p2P/3nb3/5P2/PPP3Q1/5K2 w - - 0 28	g7h7 e4h7 g2g7	1404	0d1315191n1o
vOFSt	7r/3kr3/p1R1R1p1/1pp2p2/7P/8/1PP3P1/2K5 w - - 0 32	e6d6 d7e8 c6c8 e8f7 c8h8	1404	0g0p0r101m1p
y7lRW	r2q2nr/pp1bbkpp/2np4/4pP2/3NP3/8/PPP3PP/RNBQ1RK1 w - - 0 10	d1h5 f7f8 d4e6 d7e6 f5e6 e7f6 h5f7	1404	0j0k0s13171c1w
z8EDy	r5k1/5ppp/2b1pb2/8/4P3/1Pr1qP2/Q2R2PP/3R3K w - - 2 27	a2a8 c6a8 d2d8 f6d8 d1d8	1404	06101316191n
zmQIB	3q1rk1/r5pp/2np1b2/p1p1p3/PpP1P1B1/1P3N1P/5PP1/R2Q1RK1 w - - 5 24	d1d5 g8h8 d5c6	1404	0g0s191o
02hKJ	rnbqkb1r/1pp3pp/p3pp2/4N3/2PPp3/8/PP3PPP/R1BQKB1R w KQkq - 0 8	d1h5 g7g6 e5g6 h7g6 h5h8	1405	01101c
0fTaG	6k1/3PKR2/8/7p/1p6/1P3P2/8/3r4 b - - 2 60	d1d7 e7d7 g8f7	1405	0g0i0p1m1o
15p3z	1k6/1pp2p2/8/1P4Pp/P2RpP2/6PP/3RK3/5rr1 b - - 4 36	f1e1 e2f2 e4e3	1405	0g0p1m1o
1KecX	4r2k/1p4b1/p1p4p/3p4/3P4/2P1pRqb/PPB1Q1NN/6K1 b - - 3 31	g3g2 e2g2 h3g2 g1g2 e3e2	1405	00010y1019
25Ps6	4rr1k/pp3q2/2p3Qb/3p1p1B/5P2/2N1P3/PP1B4/RR4K1 b - - 0 26	f8g8 g1f2 g8g6 h5g6 f7g6	1405	0110191g
2ADW6	3q1rk1/Q5pp/1R2p3/3pP3/5r2/8/P5PP/5RK1 w - - 0 24	f1f4 f8f4 b6b8 d8b8 a7b8	1405	0g0p101g
2c2NJ	r1b2r1k/p1q4P/1p1b4/2pp1P2/3Pp1Q1/2PpP1R1/PP1N3P/R5K1 w - - 2 24	g4g8 f8g8 h7g8q	1405	000y111315191h1o
3iE49	4r1k1/pp1n1pp1/2p4p/3p4/3Pq3/2P2N1P/PP1Q1PP1/R5K1 w - - 0 23	a1e1 e4e1 f3e1	1405	0g0p1o
49DyG	2N4k/pQ4pp/8/4p1q1/3p1n2/3P4/PPP3PK/5R2 b - - 2 27	g5h4 h2g1 f4e2	1405	0p13151o
4W5Ff	r1bq1rk1/7p/p1p3pP/1p2Pp2/1b2pB2/4P3/PP2BP2/R2Q1K1R w - - 0 18	d1b3 d8d5 b3b4	1405	0g0s191o
51pGE	r5kr/ppp1q2p/3pb3/2b2RN1/2np4/8/PPP3PP/RNBQ2K1 w - - 0 16	g5e6 e7e6 d1g4 e6g6 f5g5	1405	0g0y10191g
5wqwF	r2qr1k1/pp3ppp/2p2n2/3p2B1/1b1P4/2N3QP/PPP2PP1/R3R1K1 w - - 5 15	e1e8 d8e8 g5f6	1405	010y191g1o
5yGQ8	rn5r/1ppk1ppp/p7/2bq1P2/P5bP/2PB1N2/1P1PQ1P1/R1B1K2R b KQ - 0 13	h8e8 e2e8 d7e8	1405	0g191g1o
6Gx2e	2k4r/r4R2/1P5p/6p1/8/p5P1/7P/5K2 w - - 0 38	b6a7 a3a2 a7a8q	1405	000p13151h1m1o
6y0Dj	r3r1k1/pb3ppp/1p6/2bpP3/3q2Q1/3B4/PPP3PP/3RR2K w - - 2 18	d3h7 g8h7 d1d4	1405	010j0y191o
7EBOZ	4r3/6RQ/1p4p1/p5k1/1q6/7P/5PP1/6K1 b - - 3 32	e8e1 g1h2 b4f4 g2g3 f4f2	1405	0p101316
7KHMN	7r/1p1nkp2/2b1r3/Rpq5/4p3/2N1Q2P/1PP2PP1/3R2K1 w - - 2 32	d1d7 e7d7 e3c5	1405	0g191o
80EWC	r1bqk2r/pp3ppp/2nb4/1B2p3/3P4/P3PN2/5PPP/R1BQK2R b KQkq - 0 10	d8a5 c1d2 a5b5	1405	0g0s1c1o
8NTWB	4r2k/pp4p1/7p/3P4/8/4B2Q/Pq3PPP/2R3K1 b - - 0 25	b2c1 e3c1 e8e1	1405	060p13151n1o
AyLIX	r1q2r1k/1bp3p1/p1nb3p/1p6/3PQP2/P3P1P1/1PPBB3/2KR2R1 w - - 2 22	e2d3 f8f5 e4f5 c8f5 d3f5	1405	0g1019
BSm9D	r1b2rk1/ppp2ppp/8/4p3/3qn3/PBN4P/1PP2PP1/R2Q1RK1 w - - 0 14	d1d4 e5d4 c3e4	1405	010b0w191o
DJuSP	3r2k1/ppb2ppp/8/2P2Nnq/2p3b1/2PQ2P1/PP3P2/4R1K1 w - - 0 25	d3d8 c7d8 e1e8	1405	0y1315191n1o
DkILo	r5rk/5p1p/p4PpQ/4p3/4R3/3q4/P5PP/5R1K w - - 0 27	h6h7 h8h7 e4h4	1405	050p111213151n1o
EOI4d	4r3/3RPk2/2p3p1/3p2B1/3r3p/4R3/5P2/6K1 b - - 2 43	d4g4 g1h2 g4g5	1405	010p0s1o
EfHqI	4r1k1/pQ3p1p/q5pb/P2Pp3/3pP3/2r3PP/5PB1/RR4K1 b - - 0 25	c3c1 b1c1 a6b7	1405	0g0i191o
F21uU	r5k1/p2q1p1p/2b3p1/2p5/3b1Q2/3B3P/P1P3P1/4RR1K b - - 3 24	d7h3 f4h2 c6g2	1405	1315191g1o
G7bXf	1k1r4/ppqn3p/2p3p1/2b1N3/P4r2/1BP1Q3/1P4PP/R2R2K1 w - - 1 23	e5d7 d8d7 e3c5	1405	010s191o
GDQkP	r1b1k1nr/1pp2ppp/p2p4/8/1b1PPq2/1PB4P/P3QPP1/RN2KB1R b KQkq - 2 11	f4c1 e2d1 b4c3 b1c3 c1c3	1405	0g0s101c
H2aLK	5r1k/pp1qN3/2pp1nQp/4p1p1/2P1B3/6P1/PP5P/7K w - - 0 30	g6h6 f6h7 h6h7	1405	0p0s13151o
HqYqD	r3k1r1/1p2npQ1/p7/2pq4/P3R3/3P4/1PP3PP/6K1 w q - 1 24	g7g8 e8d7 g8a8	1405	0g0p1g1o1p
KZT91	1k1r4/pppn4/5p2/R5r1/3P1Q1q/2P1P1N1/PP3KP1/7R b - - 4 27	h4f4 e3f4 g5a5	1405	01191o
LgeUQ	8/1p4pp/2bk4/3p1p2/r2Rp3/P1R1K3/5PPP/8 b - - 3 34	f5f4 e3f4 a4d4	1405	0g0i0p1o
MLBYA	3qr2k/6p1/3pQ2p/2p5/5p2/2B2PbP/2P3P1/2R3K1 w - - 3 33	e6h6 h8g8 h6g7	1405	0p13151g1o
NIZbQ	1k1n2rr/ppp5/4p3/4Pp2/PPB1pP1p/2P4q/2Q3P1/3R1RK1 w - - 0 27	d1d8 g8d8 g2h3	1405	0g191o
PW7K2	r2qk2r/1p2bppp/p1n1b3/2Nnp3/8/1N3B2/PPP2PPP/R1BQK2R b KQkq - 5 11	e7c5 b3c5 d8a5 c2c3 a5c5	1405	010s101c
RPgrh	2k4r/1p2p2p/p1q1bbp1/2p2r2/P1Np4/1P3Q2/1BPP1PPP/R3R1K1 w - - 4 20	f3c6 b7c6 e1e6	1405	0g191k1o
RoLuN	Bn1k3r/p1p3Rp/bp1p4/8/8/8/PPQ1Nq2/3KR3 b - - 3 19	a6e2 c2e2 f2d4 d1c1 d4g7	1405	010r0s1019
S8YKL	5rk1/p4ppp/4p3/3p2q1/Q2P1N2/P1R1PbP1/1P3P1r/4R1K1 w - - 0 27	g1h2 g5h6 f4h3	1405	010h0t191o
SdCWE	8/Q6p/2p3p1/3bPp1k/3P4/4q2P/6B1/R6K b - - 0 41	e3h3 h1g1 h3g2	1405	0p1113151g1o
SjO2V	4rr1k/3n3p/pp1p2q1/2pPp3/P1P1Np2/1P5P/2Q1RPP1/4R1K1 b - - 5 27	f4f3 e4g3 f3e2 c2g6 h7g6	1405	000g1019
TbL4V	8/p1r2p2/1p1k2pB/3pp2p/8/bP4P1/P1R1PPKP/8 w - - 0 28	h6f8 d6d7 c2c7 d7c7 f8a3	1405	010p10
TpAZi	2k3r1/pp4q1/2p5/6r1/3PP3/P3Q2P/1P3P1K/R4R2 b - - 1 31	g5g2 h2h1 g2h2 h1h2 g7g2	1405	050p1013161n
Twokh	r5k1/2q1ppb1/b2p2p1/4n1Np/R3P2P/1P2BP2/2PQ2P1/4K2R b K - 0 21	e5f3 g2f3 g7c3 e3d4 c3d2	1405	010d1011191g1n
V1lU8	8/1q1p1kpQ/3r1r1p/2p2B2/p1P3p1/1P6/P6P/5RK1 w - - 0 31	f5g6 f7e7 h7g7 e7d8 f1f6 d6f6 g7f6	1405	0g0i0p1w
WAob7	1B3R2/1p2P3/7n/3P1p2/8/5k2/r7/6K1 b - - 0 35	a2a1 g1h2 h6g4 h2h3 a1h1 b8h2 h1h2	1405	0p0r0u13171w
WIP88	QQ6/5pk1/3p1ppp/2pP4/1qP2nP1/5N2/5P1P/5K2 b - - 0 39	b4c4 f1g1 c4c1 f3e1 c1e1	1405	0p101316
Wc5sz	5r2/4Q2p/p5pk/3P4/4P1PP/5qPK/8/8 w - - 1 35	g4g5 h6h5 e7h7	1405	0i0p13151o
Wkl0i	5r1k/4R2p/3Q2p1/2p2r2/p1qp4/P4P2/2P4P/2K3R1 w - - 2 36	e7h7 h8h7 d6g6 h7h8 g6h6	1405	050p101113161n
Xfqar	6k1/8/p3p3/1p2B2p/4P3/1P5P/1Pr2nP1/4R1K1 b - - 2 32	f2d3 e1f1 d3e5	1405	010p0s1o
Xh24o	4r2k/pp5p/3QB1p1/6q1/1P2P1r1/P5P1/8/1R4K1 w - - 1 27	d6d4 g5f6 d4f6	1405	0p13151o
YtomJ	r4rk1/pp3pb1/2n1p1p1/3n3p/3PN2q/5B2/PP3PP1/R1BQ1RK1 w - - 0 15	c1g5 h4g5 e4g5	1405	0111191o1t
YyMvU	3r2k1/pp3ppp/5n2/8/4r3/P5qP/1P2N1P1/2KR3R w - - 0 23	d1d8 e4e8 d8e8 f6e8 e2g3	1405	0g0t1019
ZzOOi	k7/1R6/p2N4/3Bp3/nP2P3/2P1K3/Pr3r2/8 b - - 6 49	b2e2 e3d3 a4b2	1405	0p13151o
aQTMI	1r5k/p1p3pp/8/3PQ3/3q4/1P6/P4rPP/R3R2K b - - 0 23	f2f1 e1f1 d4e5	1405	010i0p1o
aXNJR	2k5/Q4P2/2p5/1p5p/2P3pP/P2r4/6PK/5r2 b - - 5 32	g4g3 h2h3 f1h1	1405	0p13151j1o
dRprp	8/8/2R2pk1/P2p4/2rP4/4K3/2p5/8 w - - 2 73	c6c4 d5c4 e3d2	1405	0g0p1m1o
dtVqZ	r2q1r1k/1p3p1p/3bbp2/p2B4/3p4/P2P1Q1P/1PPN1PP1/R4RK1 b - - 0 15	e6d5 f3d5 d6h2 g1h2 d8d5	1405	0g0j1019
e5TOw	8/6pp/8/3k4/8/7P/R1P3r1/3K4 w - - 0 37	c2c4 d5c4 a2g2	1405	0g0j0p1m1o
flTdx	5rk1/4Qppp/3P2r1/8/R7/p6q/1b3PB1/3R2K1 w - - 3 39	e7f8 g8f8 a4a8 h3c8 a8c8	1405	05101316191n
gJUwf	2b3k1/1pp2pp1/4p2r/1pb3Np/2p1PQn1/1P1P1K2/2P2PP1/5r2 w - - 2 23	f4f7 g8h8 f7e8 c5f8 e8f8	1405	0s10131619
gJkSE	r1bqk2r/ppppp3/2n2p1n/8/4P3/1QPPB3/P3BPPP/bN2K2R w Kkq - 4 10	e2h5 e8f8 e3h6 h8h6 b3f7	1405	10131619
gNdEp	1r3rk1/p1p2p1p/3b1p2/2p2R2/2P4q/1P1P1QN1/P5PP/R5K1 b - - 1 20	h4d4 g1h1 d4a1	1405	0g0s191o
gRaB4	8/8/4Q1pp/5p1k/3B3q/P3KP2/6P1/8 b - - 2 45	h4e1 e3d3 e1e6	1405	0g0p1o1p
hBHS8	r1bk1b1r/pppn4/3p2B1/5R1p/4P2q/2NP2p1/PPP3P1/R1B2QK1 w - - 0 17	c1g5 h4g5 f5g5	1405	0g0s1c1o
hC4Cy	1r5r/4R3/1q2p1k1/pN1p4/3Pp1p1/4b1P1/P5PP/3Q1R1K b - - 3 28	h8h2 h1h2 b8h8 e7h7 h8h7	1405	050y101316191f1n
i8deI	3k4/3r1pp1/p1KR3p/1p2P3/2p2P2/8/PP4PP/8 b - - 11 33	d7d6 c6d6 b5b4 d6d5 c4c3 b2c3 b4c3 d5e4 c3c2	1405	000g0p1l1m1w
iNCVO	2r3k1/p4p1p/6p1/8/5n2/1PN1RP2/P5PP/6K1 b - - 4 30	c8c3 e3c3 f4e2 g1f2 e2c3	1405	01050p0s101n
jxnz5	r1bq3k/pp1p2pB/1nn1pr2/1Nb4Q/2P2p2/5N2/PP3PPP/R3K2R w KQ - 2 16	h7g6 h8g8 h5h7 g8f8 h7h8 f8e7 h8g7 f6f7 g7f7	1405	0i0j0k0y1318191w
kIwT6	r4r1k/7p/6p1/8/6P1/Pp3P1R/1PqQ4/K2R4 b - - 2 31	a8a3 b2a3 b3b2 a1a2 b2b1q	1405	000k0m0p1013161h1n
kmjxD	8/8/Pp1k1p2/1BrP2p1/3KPp1p/5P1P/6P1/8 w - - 2 47	a6a7 c5c8 b5c6	1405	000g0h0p1o
l2kkG	r2qkbnr/ppp3pp/3p1p2/4N3/2BnP3/2N5/PPP2PPP/R1Bb1RK1 w kq - 0 8	c4f7 e8e7 c3d5	1405	13151c1o
lROIH	r1bq1rk1/1p2bppp/p1p1pn2/2B5/4P3/1N1P1N2/PPP2PPP/R2QK2R b KQ - 0 9	e7c5 b3c5 d8a5 d1d2 a5c5	1405	010s101c
nWT4f	r3k2r/pbpq4/1p1p1bnp/4pp1P/1PPP2p1/P2BP3/2Q2PP1/RN2K2R w KQkq - 0 18	d3f5 d7g7 f5g6	1405	010s191o
pfDjf	5rk1/pp6/2p5/1PPp4/P2Pp1pP/2Q2qn1/5PK1/3N1R2 w - - 0 42	c3f3 f8f3 f2g3	1405	010p1o
qXTjd	r1q3rk/8/4bnQp/1p6/p2b4/P6P/1P3PP1/1B2RK1R w - - 1 33	g6h6 f6h7 h6h7	1405	0y1315191o
qvEwY	r6k/p3Qp2/1p2bNp1/n3q1N1/8/3P4/PP4P1/2Kn4 w - - 2 27	g5f7 e6f7 e7e5	1405	0g0s191o
rCaMu	3r1rk1/pp4qp/3p2p1/4pn2/7Q/2P1N2R/5PPP/3R2K1 w - - 0 30	e3f5 g6f5 h3g3	1405	01191g1o
scYZI	2kr2r1/1b3p2/ppq1p2p/8/8/P1BPQR2/1PP3PP/4R1K1 b - - 0 24	c6f3 e3f3 b7f3	1405	01191g1o
t1oPM	5rk1/2rn1p2/p5p1/1p2p1Q1/1P6/PB3q1P/2P2P1K/R5R1 w - - 0 25	g5g6 g8h8 g6h6	1405	0y1315191g1o
tc0eE	8/7p/5Pk1/pR2p1r1/8/P4K2/1P6/8 b - - 0 50	e5e4 f3e4 g5b5	1405	0g0j0p1m1o
u5u1j	4r3/2Q1bkpp/2P1pp2/P1B5/8/R5PP/3q1P2/6K1 b - - 6 32	d2c1 g1g2 c1c5	1405	010p0s1o
uUZ6F	r4rk1/5p1p/pn2p3/1pb3p1/3N1n2/1PP2K2/P1B4P/RN4R1 w - - 2 27	g1g5 f4g6 g5c5	1405	010s191o
v6dNg	1rB3k1/4pp1p/3p2p1/qPnP4/3Q4/2P2P2/1P1R2PP/2K4R b - - 0 22	c5b3 c1c2 b3d4	1405	010s191o
wQQnE	r5k1/1p3rpp/p1p2qp1/8/PBnPP3/2P5/2Q3PP/4RRK1 b - - 0 21	f6f1 e1f1 f7f1 g1f1 c4e3 f1e2 e3c2	1405	050g0s191n1w
xEpHx	8/8/3k4/1p2p3/1P2Pp1p/3K3P/6P1/8 w - - 0 38	d3e2 d6e6 e2f3 e6f6 f3g4	1405	0g0p101e1l
xaE5A	2kr4/7p/6p1/Rpqp4/4p3/1Q5P/PPP3PK/8 b - - 1 33	c5c7 g2g3 c7a5	1405	0g0p0s1o
yTfgu	8/4p3/3p4/4k1pP/4q3/5Q2/6PK/8 w - - 3 42	f3e4 e5e4 h5h6	1405	0g0p111i1o
zR7ji	6k1/ppp1n1pp/4p3/6q1/4P3/7B/2P1r3/3R3K w - - 0 29	h3e6 g8h8 d1d8 e7g8 d8g8	1405	0p101316
zSioT	4r1k1/p2Qq2p/b1p3p1/5p2/8/2N5/PPP3PP/3R2K1 b - - 5 21	e7e3 g1h1 e3e1 d1e1 e8e1	1405	060p1013161n
zd2ZT	4r1k1/p3q1n1/1p6/3p2p1/P2P4/3PBRP1/6KP/2Q5 b - - 2 34	g5g4 f3f4 e7e3 c1e3 e8e3	1405	010p10
1AeDu	2q1kb1r/p1rn1ppp/1p3n2/1Q1p4/3P2N1/4P3/PP1N1PPP/R1B1KB1R b KQk - 0 12	c7c1 a1c1 c8c1 e1e2 f6g4	1406	01101c
1NyR7	1r2b2k/5Rb1/6Qp/3Bq1p1/4P3/6P1/P4PP1/6K1 w - - 13 42	f7f8 g7f8 g6g8	1406	1315191n1o
1qEzn	3q1rk1/p3p2p/1p3ppb/8/3P3P/5QB1/PPr2PP1/R2R2K1 w - - 3 21	f3b3 f8f7 b3c2	1406	0g0s191o
3SEtZ	r4rk1/1b3pp1/p5np/1q2p3/4Pp2/1B3N1P/P3Q1P1/1RR4K w - - 0 24	b3f7 f8f7 b1b5	1406	010j191o
4OIp4	3rR1k1/2p2p2/1p3Ppp/1P3n2/P6P/3p2P1/4R2K/8 b - - 1 38	d8e8 e2e8 g8h7 e8e5 d3d2 e5d5 f5e3 d5d2 e3f1 h2h3 f1d2	1406	000g0p0s1w
51dpV	6k1/p1R2p2/3r3b/5qpp/3PQP2/4PKP1/PP5P/3R4 b - - 0 31	g5g4 f3e2 f5e4	1406	0g0i0p1o
5YDQF	r1bq1rk1/4bppp/p1p2n2/4N3/4P3/3B4/PPP3PP/R1BQ1RK1 b - - 0 12	d8d4 g1h1 d4e5	1406	010s1c1o
6hSA1	2n1rbk1/1b2Bp1p/p2P2p1/1p6/4P3/5PN1/P5PP/4R1K1 w - - 0 31	d6d7 e8e7 d7d8q	1406	00010s191h1o
8DBbW	8/1p4R1/p6p/4P2k/2P2p2/5P1B/2q3PP/1r1R3K w - - 1 40	h3g4 h5h4 g2g3 f4g3 h2g3 h4g3 g4f5 g3f4 f5c2	1406	0g0j0k0p1w
8qrog	rn1q1rk1/pppb1pbp/3p2p1/8/3NP3/6BP/PPPQ4/2KR1BNR b - - 2 14	g7d4 d2d4 d8g5 d4d2 g5g3	1406	010s101c
9KJMe	6k1/2p4r/2pp2pB/p4q2/2R5/P4B2/1b3PPP/4R1K1 w - - 0 26	e1e8 g8f7 e8f8 f7e7 f8f5	1406	010r10191p
9fsI2	rr6/3n1Q1p/1q3ppk/6N1/3P2P1/p1B4P/1p3P1K/1b6 w - - 4 36	f7h7 h6g5 c3d2	1406	0s1315191n1o
9u9aN	8/8/p6Q/kp5P/8/1KP5/PP6/7q b - - 0 49	h1d1 b3a3 d1a4	1406	0p13151i1o
ACk4q	8/8/5p2/5k1K/p1N2P2/8/8/8 b - - 0 54	f5f4 h5g6 f6f5 g6f6 f4e4	1406	0g0h0p0z101l
BdR1i	7k/5Rqp/p7/1p1pP2Q/2pP3n/2P4P/PP4r1/5R1K b - - 0 34	g2h2 h1h2 g7g2	1406	050p13151n1o
C3WAN	r1bq1rk1/pp6/4p2R/5pb1/2pP4/4PN2/P1Q2PPP/1R4K1 w - - 1 22	h6g6 g8h7 g6g5	1406	0g0y191o
CACUA	r4b1k/pp3B1p/3p1P2/4n1P1/8/6K1/PPr5/5R1R w - - 2 33	h1h7 h8h7 f1h1 c2h2 h1h2 f8h6 h2h6	1406	051317191f1n1w
D9gLh	2kr1b1r/Qpp1pp2/3q4/3p1bNp/3P4/2PnP1P1/PP1N1PPR/R4K2 w - - 2 17	g5f7 d6a6 a7a6	1406	010s191o
DZDaD	k2r4/5b2/P1p2p2/2B1qPp1/N3B2p/1P6/2P2QPP/3R3K b - - 0 36	d8d1 f2g1 d1g1 h1g1 e5e4	1406	0g0t0y1019
EXLVf	r1b1k2N/pppp3p/2n3pQ/4p3/2qPn3/8/PPP3PP/RNB3KR b q - 1 11	c4d4 h6e3 d4d1 e3e1 d1e1	1406	0y10131619
FHEbK	4r1k1/pR5p/6p1/2p5/4N3/3PBPP1/q6P/2K1b3 w - - 0 30	e4f6 g8h8 b7h7	1406	030p0s13151o
FVVwG	2k1r2r/ppp2qp1/3p3p/1PbN1p2/P1Q5/8/2P3PP/R3RK2 w - - 6 26	d5b6 c7b6 c4f7	1406	0g0j191o
H1CFf	rnbqkb1Q/pp3p2/4pn1B/2pp4/3P2r1/2N5/PPP2PPP/R3KBNR b KQq - 1 11	g4g8 h8g8 f6g8	1406	0g1c1o1t
HdtK1	2r1r1k1/4qp1p/p4Qp1/3p4/Pp1Np2P/1P4P1/2R3P1/6K1 w - - 8 31	f6e7 e8e7 c2c8	1406	010p1o
I8F5c	1r5k/2p2p1n/p1ppq3/4p2P/2P1P2B/3P4/P1P1Q1P1/2K2R2 b - - 2 25	e6h6 e2d2 b8b1 c1b1 h6d2	1406	010i0p101k
IfQNx	6k1/p6p/6pb/2R2p2/4r3/1P5N/P5PP/6K1 b - - 0 28	h6e3 g1f1 e3c5	1406	0g0p0s1o
J9azN	5rk1/pp3ppp/8/2pQr3/1qB3P1/7P/PP6/2KR4 w - - 0 25	d5f7 f8f7 d1d8 e5e8 d8e8	1406	0d0p1013161g1n
K7DAV	r1b4r/ppqkb1p1/2n1p1Bp/3p1p2/3P1P2/1PP1P1P1/2QN2P1/R3K1NR b KQ - 1 16	c6b4 c2b1 c7c3	1406	010j191o
KKB5K	8/7P/6K1/8/8/2k5/p6r/R7 w - - 3 59	a1a2 h2a2 h7h8q	1406	000g0i0p1h1m1o
KzQDh	5r1k/pp5r/2p5/3q4/3PR2R/7Q/PPP2P2/7K b - - 6 32	d5e4 h4e4 h7h3	1406	010p1o
NnApC	3r2k1/1b2qpb1/p7/1pp4R/5nP1/2P1Pp2/PP3P2/1BK4Q w - - 0 30	h5h8 g7h8 h1h7 g8f8 h7h8	1406	0d0i0y101316191n
OLMi8	rn2q3/pp3r1k/7p/2p5/1b1P2R1/4PP1Q/PP2KP1P/6R1 w - - 2 20	h3h6 h7h6 g4h4	1406	051315191n1o
PTaLL	8/4P3/p1r2Rp1/1p6/4p1kP/1P4P1/5K2/8 b - - 0 42	c6f6 f2e3 f6e6	1406	0g0p0t111m1o
R81Ui	4Q3/6pp/5r2/3p1k2/1P1P3K/4P2P/8/6q1 w - - 3 43	e8e5 f5g6 e5h5	1406	0p13151o
RPy5x	6k1/ppp3qp/3pr3/1P6/2PQ1P1R/5n1P/PB4R1/7K b - - 2 32	e6e1 d4g1 e1g1 g2g1 g7g1	1406	0r101316191y
SevxN	5rk1/1p1Qqpp1/2p3p1/2r5/4P3/P5P1/5PBP/2RR2K1 b - - 0 24	e7d7 d1d7 c5c1	1406	01191o
SsBz1	r3r3/4n1p1/p1pkn1pp/1pNpN3/3P4/P3PP2/1P4PR/2K4R w - - 1 30	e5f7 d6c7 c5e6	1406	0g0i191o
UZESh	r2q1rk1/p1p3pp/2pb1n2/6B1/4R3/5N2/PPP2PPP/R2Q2K1 b - - 0 13	d6h2 f3h2 d8d1 a1d1 f6e4	1406	010j0y1019
VPdPC	6k1/5r2/7p/2R1Qbp1/2P2pq1/1P2P3/P4P2/2R2K2 b - - 2 34	f5d3 f1e1 g4e2	1406	0p13151o
VzNMZ	3r2k1/pp3ppp/4b3/8/1b6/1P3N2/P1P2PPP/2K2B1R b - - 0 17	b4a3 c1b1 d8d1	1406	0p13151f1k1o
WRJ7b	3k3r/7R/B3pb2/2N2p2/8/4KP2/6rP/8 w - - 1 38	c5e6 d8e8 a6b5	1406	0p13151o
WuGqh	8/Kb6/1Pk5/8/P6p/8/7P/8 w - - 1 56	a4a5 b7c8 a5a6 c8h3 b6b7	1406	00080g0p101l
XxGNI	2r2rk1/5p1p/3Q2P1/q3p3/1p2P3/1b3P2/1PP3P1/2KR3R w - - 0 23	g6h7 g8g7 d6h6 g7h8 h6f6	1406	001011131619
YffML	5rk1/1p4q1/p2p2Qp/P1pPb1pB/8/2P5/1P4PP/5RK1 w - - 3 25	f1f8 g8f8 g6e8	1406	050p0y13151g1o
aNlTj	r5k1/p2R1ppp/bp2pb2/8/3NpB2/2P1P2P/PP3PP1/6K1 b - - 0 21	e6e5 f4e5 f6e5	1406	010p0s1o
bLlnH	5rk1/3b2pp/2pb1P2/3p1P2/p2n2NP/P7/1PB1r3/2K2RR1 w - - 0 26	g4h6 g8h8 f6g7	1406	000y1315191g1o
cIo4c	2kr1r2/1p3ppN/p3b3/3p1Q2/2pq4/8/PP3PPP/R3R1K1 w - - 2 22	e1e6 f7e6 f5e6 c8b8 h7f8	1406	011019
dnrwZ	3r2k1/5ppp/p1P5/5R2/P2p4/8/6PP/6K1 w - - 0 32	c6c7 d8c8 f5d5 g8f8 d5d8 f8e7 d8c8	1406	000g0p1m1w
eG60l	8/p4k2/2p5/4P1B1/3P4/1PP1n1PQ/P3q2P/RN4K1 b - - 2 27	e2e1 h3f1 e1f1	1406	0p13151o
f7kzJ	r6k/pbp1p2p/1p1p2qQ/6N1/8/8/1PP3PP/5RK1 w - - 0 21	f1f8 a8f8 h6f8 g6g8 g5f7	1406	0p101316
fHDhN	8/p7/kp5P/2p1b3/4b1K1/8/2P3P1/5R2 w - - 0 42	f1e1 e4c2 e1e5	1406	0g0p1o
fcRXU	N2k2nr/pp3ppp/8/2bpp3/1q2P3/2Q1B3/PPP3PP/R4RK1 b - - 4 17	b4c3 b2c3 c5e3	1406	010b191o
fmVdB	8/6R1/8/6p1/P7/6kP/r5r1/6RK b - - 1 57	g2g1 h1g1 a2a1	1406	050p13151m1o
gCHam	6k1/1q2p2p/3p2p1/P2P1p2/2pBn3/2Pn1N1P/R4PPK/Qr6 w - - 1 30	a5a6 b1a1 a6b7	1406	000g11191o
hDvNM	2r3k1/2P2pp1/rB1p3p/4b3/5P2/6P1/4R2P/1R4K1 b - - 0 30	a6b6 b1b6 e5d4 g1g2 d4b6 e2b2 b6c7	1406	050g0p0s1n1w
igRxG	8/8/2K5/4kp2/7p/4Pp2/6PP/8 w - - 0 55	g2f3 f5f4 e3e4	1406	0g0h0p1e1o
ivvv1	2n5/1r3p2/R1r1p2p/1k1p2pP/1Pp1P1P1/5P2/1KP5/R7 w - - 0 37	a1a5 b5b4 c2c3	1406	0p1113151o
kC1YE	r6k/1R3Qp1/p1p3R1/8/3q3p/2b1n2P/P5P1/7K w - - 1 33	g6h6 g7h6 f7h7	1406	1315191n1o
kHOcA	6r1/b3k3/p2p4/P3p2p/1P2P3/2PP1NP1/5P2/5RK1 b - - 0 28	g8g3 g1h1 g3f3	1406	010p1g1o
kjk6A	4r1k1/p4ppp/5n2/1p6/1q2N3/1Pb2N2/2P1QPPP/3r1RK1 w - - 0 23	e4f6 c3f6 e2e8 b4f8 e8f8 g8f8 f1d1	1406	0g0j0y191w
m2n9Q	2r5/B2q2bp/2Np4/1Q1Ppkp1/2P5/5Pp1/P6P/6K1 w - - 0 34	c6d4 e5d4 b5d7	1406	0g0j0p1o
mpkCS	2kr3r/ppp4p/3p2p1/8/1nqPP3/1N2Q3/PPP2P1P/1K1R3R b - - 4 19	c4c2 b1a1 c2d1 h1d1 b4c2 a1b1 c2e3	1406	0g0s191n1w
n8CJR	r7/2R2pk1/7R/3p1b2/n2P1B2/Pp6/4B3/K7 b - - 0 39	b3b2 a1a2 b2b1q	1406	001315191h1o
o0Rjx	r3k2r/ppp1qppp/2n1p1b1/3n4/2B3P1/3P1N1P/PPP2P2/RN1Q1RK1 w kq - 0 11	c4d5 e6d5 f1e1	1406	01191g1o
o14RO	2k3r1/pp6/1qp1pp1p/8/8/2BP2rP/PPP1Q1B1/6RK b - - 3 28	g3h3 g2h3 b6g1	1406	0y1315191o
o66aB	r1b2r1k/p1p4B/2p2q1Q/2bp2p1/3N4/2P4P/PP4P1/R6K w - - 4 25	h7g6 h8g8 h6h7	1406	0j0k0y1315191o
ovhEu	r1b1r2k/1p2qppB/p7/7R/1P6/P3P2P/2Q2PP1/b5K1 w - - 0 21	h7g8 h8g8 c2h7 g8f8 h7h8	1406	050j0k0y101316191n
q1OUX	r1bq1rk1/1p3ppp/p2p1b2/5P1Q/4PR2/2N2N2/PPP3PP/R5K1 b - - 2 17	d8b6 g1h1 b6b2	1406	0g191o
rAGfx	1r3rk1/pp2R1pp/4p3/3p2P1/P2P3P/8/1P1n1PK1/2R5 w - - 0 26	c1c7 f8f5 e7g7 g8f8 g7h7	1406	0g0i0p10
rUAUd	5k2/2R5/4Pn2/p2p4/8/r3P3/3NK3/8 w - - 3 47	c7f7 f8e8 f7f6	1406	0g0p0s1o
rYUAT	2r2k2/p3q1pp/2p5/2P1Bb2/P2Q4/4P2P/5rPK/R7 w - - 0 32	e5d6 f8g8 d6e7	1406	0g191g1o
rsjrg	8/5k1p/7R/p2p4/5qpP/8/8/R5K1 w - - 0 53	a1f1 f4f1 g1f1	1406	0g0p1g1j1o
sTUbS	r1bqkb1r/ppp2ppp/8/4p3/4n3/1Q6/PPP2PPP/RN2KBNR w KQkq - 0 8	b3a4 c8d7 a4e4	1406	010s1c1o
tsDjb	8/8/1k6/pP4p1/4K1P1/1P3RP1/5r2/8 b - - 2 56	f2f3 e4f3 b6b5 f3e4 b5b4 e4f5 b4b3 f5g5 a5a4	1406	0g0h0p111m1w
tsIcN	r1b1k1nr/ppp2ppp/3b1q2/3pn3/8/1P2PN2/PBP1BPPP/RN1QK2R b KQkq - 3 7	e5f3 e2f3 f6b2	1406	0g0j1c1o
uo79b	2q3Qr/1p2k2b/2np4/p3p3/8/1NP5/P1P2P2/2K3R1 w - - 0 29	g1g7 e7f6 g8f7	1406	1315191o
vWhNF	8/r7/6k1/3P4/2PKPp2/1B4p1/R5P1/8 b - - 0 51	a7a2 b3a2 f4f3 g2f3 g3g2	1406	00010p10
wCwAp	3k4/5p2/2P3p1/4P3/4K3/8/8/8 b - - 6 47	d8c7 e4d5 g6g5 e5e6 f7e6	1406	0g0p101e1l
wQiPT	7r/6pp/3N1n2/8/1k2b3/8/P4PPP/2R3K1 w - - 5 32	c1c4 b4a3 d6e4	1406	010p1o
07WfH	4r3/8/p6R/1p5n/2p1N2k/2P5/PP6/1K6 w - - 2 40	h6h5 h4h5 e4f6 h5h4 f6e8	1407	050g0p0s101n
0SchI	1r3r1k/7n/p3Q1pp/q1pp4/3P1b1P/P2R4/1PP1N3/2K4R w - - 0 23	e2f4 f8f4 e6e5 f4f6 e5b8	1407	0g0r0s1019
0s3F0	2r3k1/1p4pp/p7/2BR4/3Pn1r1/1P6/P5PP/3R2K1 b - - 0 28	e4c3 d5d7 c3d1	1407	0g0p0s1o
1wnxm	5r1k/pp1n2pp/4B1p1/8/3PQ3/1Pq3P1/P4rP1/1K1R3R w - - 0 24	h1h7 h8h7 e4h4	1407	050y1315191n1o
23pHu	4bk2/5p2/4pNp1/3pP3/5P1P/3Q3K/8/6q1 w - - 7 48	d3a3 f8g7 f6e8	1407	010i0p1o
2cklQ	r4rk1/1bp2pp1/p1n4p/1p1BP3/1P1q4/P2Q4/5PPP/R1B2RK1 w - - 0 19	d3d4 c6d4 d5b7	1407	0g191o
3K0xk	6rk/p6p/8/2Qp1q2/4p3/2P4P/PP3P2/4RK2 b - - 4 38	f5h3 f1e2 h3d3	1407	0p13151o
3zbjl	3r2k1/pp4pp/8/3pP3/3Pnq2/1Q6/PB4PP/5RK1 b - - 1 21	f4f1 g1f1 e4d2 f1e2 d2b3	1407	050g0p0s101n
4GYiq	6k1/1p3pp1/p1p1b2p/8/P2QB2q/2P5/1P3PPP/7K w - - 1 30	e4h7 g8h7 d4h4	1407	0g0j0p1o
5IWf8	6r1/pp4r1/1kp3P1/1qn1QB1p/3p3P/3P2P1/PPP2K2/R2R4 b - - 2 28	c5d3 d1d3 b5e5	1407	0g0j191o
5KtLd	8/p1p1rQbk/2p4p/7P/3p4/8/PPP1q3/1K1N2R1 w - - 3 32	g1g7 h7h8 g7g8	1407	0p13151o
5kKcs	4rk2/2r3bQ/pq2p1p1/1p1p2P1/2n1PB2/1BP2P2/PP6/R3K2R b KQ - 2 24	g7c3 b2c3 c7h7	1407	0g0j191o
6WJ6b	r2q1r2/1p1n1pkp/p1ppp1p1/8/4PP2/1P3QNP/P1nPB1P1/R4RK1 w - - 0 16	f3c3 g7g8 c3c2	1407	010s191o
6uEiQ	r1b1r3/pp4bk/2p3Np/2Ppp1q1/P2P2P1/6P1/1PQ3P1/3R1RK1 w - - 0 25	g6f8 h7g8 c2h7	1407	0k0m1315191o
77v9b	r4rk1/1b4qp/pp2p1p1/3pN3/2pP2Q1/7R/PPP1BnP1/2KR4 w - - 0 24	g4e6 g8h8 e5g6 g7g6 e6g6	1407	0g0y10191g
7EDKS	1r6/p3ppk1/6pp/3b4/3P1Q2/2PB4/1P4PP/qNK1R2R b - - 0 24	a1b2 c1d1 d5b3 d3c2 b2c2	1407	101316191k
7ZTIZ	r6r/pp1Q1pp1/1k4b1/2b1q2p/8/2P5/PP2B2P/3RK2R w K - 1 24	d7b5 b6c7 d1d7 c7c8 b5b7	1407	0r101316191u
7zocJ	r3n2Q/p1pk2q1/1p2p1B1/7P/2PP4/P4P2/4KP2/8 w - - 1 30	g6e8 a8e8 h8g7	1407	0g0p1o
8H32r	r6k/1p4pp/p1p1Q3/P2p4/1q3rP1/5R2/6K1/7R w - - 0 31	h1h7 h8h7 f3h3	1407	050p13151n1o
9Az3f	r2q1rk1/5ppp/p3p3/1p2B3/2nP2Nb/2P3RP/P3QPP1/5RK1 w - - 9 22	g4h6 g8h8 e5g7	1407	0y1315191g1o
9ne7D	r1bk3r/pp1nq1Np/2pb1npP/3p1pN1/3p4/4P3/PPP2PP1/R1BQKB1R w KQ - 2 13	g5e6 e7e6 g7e6	1407	0g111c1o
AkWSq	8/p2b3R/1p2p3/3pn3/6kr/4Kp2/P4P2/1R6 w - - 4 41	b1g1 g4f5 h7h4	1407	010i0p1o
BChjQ	r2k3r/pp2q1p1/8/6Q1/8/1P6/P1P2P1P/R4K2 w - - 3 30	a1d1 d8e8 d1e1 e7e1 f1e1	1407	010p101g
BLLZv	r2qk2r/pp1b1pbp/6p1/1BnQP3/5P2/5N2/PP4PP/R1B1K2R b KQkq - 0 12	d8a5 e1f2 a5b5	1407	010s191o
BxpXt	3rq3/p5pk/6Np/2p2Q2/4P3/1p2PR1P/1b4P1/6K1 w - - 4 33	g6f8 h7g8 f5h7	1407	0k0m0p13151o
FGysL	r3k2r/1pp2p1p/4p3/1p1pb1q1/8/2P1P3/PP3PPP/R1BQ1RK1 w kq - 3 14	f2f4 g5g6 f4e5	1407	010s191o
G9jR3	7k/pp4p1/2p4p/6q1/8/P6P/1P1rQ1P1/5R1K w - - 8 36	f1f8 h8h7 e2e4 g5g6 f8h8 h7h8 e4g6	1407	0g0i0p1w
GpfSp	1R6/8/1B6/1r4kp/1P6/8/2n3K1/8 w - - 3 50	b6d8 g5g6 b8b5	1407	0g0j0p1o
H4ATP	2r5/4Pkpp/3R4/8/4P3/B7/2pK2P1/3b4 w - - 4 38	d6d8 c2c1q a3c1 f7e7 d8c8	1407	010p10
HIFmy	3r1rk1/pp3ppp/2p5/5R1Q/8/PB2n2P/1P4PK/4q3 w - - 5 35	b3f7 f8f7 h5f7 g8h8 f7f8 d8f8 f5f8	1407	061317191w
I1jWi	2Rbk1r1/p7/4pp2/P2pN3/3q2P1/6Q1/5P2/6K1 w - - 0 37	c8d8 e8d8 e5c6	1407	050g0p1n1o
IcUOZ	8/7p/ppNrk1nP/6R1/1KP5/1P6/8/8 w - - 6 38	g5g6 h7g6 h6h7	1407	00010p1n1o
K4pGf	rn2r1k1/ppQ3pp/3P4/8/8/3Pq3/PPP3bP/1K3RR1 w - - 3 23	c7f7 g8h8 f7f8 e8f8 f1f8	1407	06101316191n
KNEve	r4rk1/p4ppp/1q3n1B/2p5/3p4/3P2Q1/PPP2PPP/R4RK1 b - - 4 20	f6h5 g3g5 b6h6 g5h6 g7h6	1407	010j1019
KcdQa	r4r1k/ppqn2p1/2p1B2p/8/8/2B4Q/PPb2PPP/4R1K1 w - - 0 23	h3h6 c2h7 h6g7	1407	0y1315191g1o
KsQRY	3q3k/6p1/3Q3p/4p3/8/1PP4P/P4rP1/3R3K b - - 0 26	f2f1 h1h2 f1d1	1407	0g0p1o
L2B7M	1k2r3/1p3p1p/1P1q2p1/R2p4/3P1b2/3B1Q1P/5PP1/4R1K1 b - - 0 29	e8e1 d3f1 f4h2 g1h1 e1f1	1407	0i1011131619
LLSfE	8/8/1p2Nppk/pB1q2r1/P7/4Q2P/1B3P2/5K2 b - - 8 34	d5d1 e3e1 g5g1 f1g1 d1e1	1407	050g0i0p1011
MZ6Pc	2r4k/p2n2pp/1p4p1/2NPq3/5rPb/1Q5P/PP3PB1/4RRK1 b - - 0 26	h4f2 g1h1 f2e1	1407	0g0s191o
N4TOT	2r2k2/5p2/4pQpK/p7/4qPP1/2p5/3r3P/5R1R w - - 2 41	f6h8 f8e7 h8c8	1407	010p1o1p
N7hhH	2r5/2p1rk2/1p1R1p2/p2Pp2p/4P3/3P1PK1/1PR3P1/8 b - - 0 43	c8g8 g3h3 c7d6	1407	0g0p0w1m1o
OMvaK	3rr1k1/pp3ppp/8/4n3/7b/2P1NP2/PP1BQP1P/R5K1 b - - 6 19	d8d2 e2d2 e5f3 g1g2 f3d2	1407	01050i0s1019
PwQkL	Q1b1kb2/2P2p2/p5p1/4p3/5q2/2N5/PPP3P1/R4RK1 b - - 1 21	f8c5 f1f2 f4f2 g1h2 f2h4	1407	10131619
QPjwu	r3qr1k/pp2n1p1/3R3p/7Q/2B1N3/P7/1b4PP/5R1K w - - 1 26	d6h6 g7h6 h5h6	1407	1315191n1o
SfWje	4r1k1/1p2b1pp/pq6/4n3/P7/5QP1/1P4PP/2R2R1K w - - 0 28	f3d5 g8h8 d5e5	1407	0g0s191o
TXtQB	8/1p6/p7/6P1/1P2b1N1/P2k4/4p3/4K3 w - - 0 49	g4f2 d3d4 f2e4	1407	0g0p1o
Tuy4S	R7/P2k1p1p/K5p1/8/8/4p1P1/7P/1r6 w - - 0 58	a8d8 d7d8 a7a8q	1407	00050g0p1h1m1o
XCMv6	6k1/1Qr4p/1K4p1/6P1/8/7P/8/8 b - - 0 77	c7b7 b6b7 g8f7 b7c6 f7e6	1407	0g0h0p1011
XLeI3	8/5p2/6k1/2p1Pp1p/1p2K2P/1P6/P7/8 w - - 0 38	e4f4 g6h6 f4f5	1407	0g0h0p111e1o1z
Zvfqg	5rk1/p4ppp/2B5/4n3/8/P3P3/5PPP/2R3K1 b - - 0 30	f8c8 c1d1 e5c6	1407	010p1o
bllUb	7R/p1k5/2p3BB/3n3r/r5p1/PR4K1/1P6/8 b - - 4 40	h5h3 g3g2 h3b3	1407	0g191o1p
cMw01	1r2nrk1/1b1q1p1p/pp1Pp1pb/2p1P3/2P2P2/3B4/P3NBPP/1R1Q1RK1 b - - 2 21	d7c6 d3e4 c6e4	1407	0g1c1o
chAOD	8/5k2/1p2r1pb/2p4p/P2p1P1P/1P4P1/5K2/2B1R3 w - - 1 35	e1e6 f7e6 f4f5 g6f5 c1h6	1407	050g0j0p10
csc71	r2qk2r/pp2bpp1/2n2n1p/1B1pN3/7B/3P3P/PPP2PP1/R2QK2R b KQkq - 0 12	d8a5 c2c3 a5b5	1407	010s1c1o
eeO6T	r2qk1nr/pp1n1pbp/3Qb1p1/1Bp5/4P3/5N2/PPP2PPP/RNB1K2R b KQkq - 0 8	d8a5 b1c3 g7c3	1407	010s1c1o
eh7LP	2rr4/1b2kp1p/p4p2/1p2p3/4P3/1NqB4/P1P2Q1P/1K3R2 w - - 0 26	f2f6 e7d7 f6f7 d7c6 f1f6	1407	0g0i1019
f207X	rn1qnr2/pp3ppk/8/2pPp1b1/6bP/2N5/PP3PP1/R1BQK2R w KQ - 0 13	h4g5 h7g8 d1g4	1407	0g0j0k1c1o
fRZdo	1k1r4/ppp5/8/PN2p1pp/5p2/5P2/q3r1PP/2R3QK w - - 1 29	g1a7 b8c8 c1c7	1407	0p13151k1o
fedW8	8/8/8/7k/5K2/6Rp/6p1/8 b - - 5 70	h3h2 g3g2 h2h1q	1407	000g0p1h1m1o
iHDOs	r1bq1r2/ppp3pk/2n3n1/3pP3/3b1p2/2NB3P/PP3PP1/R1BQ1RK1 w - - 0 15	d1h5 h7g8 d3g6	1407	0g0i1c1o
jx7Zc	8/8/4K2k/3p1pp1/1p1P1P2/1P6/P7/8 w - - 0 55	e6f5 g5f4 f5f4	1407	0g0p1e1o
kO3Il	r2q1r2/1b2npkp/p2pp1p1/8/1p2n2P/3B1N2/PPPQNPP1/1K1RR3 w - - 0 16	d3e4 b7e4 d2d4 g7g8 d4e4	1407	010d0s1019
ksP3l	8/8/8/8/5pk1/6p1/6Kp/R7 b - - 3 62	f4f3 g2h1 g4h3 a1a2 g3g2 a2g2 f3g2	1407	000p0r13171m1w
mrDdX	8/3qbrpk/3p3p/p3pN2/Pp2n3/6RQ/1r1B1PPP/3R2K1 w - - 0 27	g3g7 f7g7 h3h6 h7g8 h6g7	1407	05101316191n
nS5jT	r4rk1/pb1p1p1p/1p4p1/5P1N/2B2P1q/7P/PP4P1/2RQ1R1K b - - 0 24	h4h3 h1g1 h3g2	1407	0y1315191g1o
oKE52	r1b3k1/1p1n1pp1/pqpN3p/8/3P3b/3B4/PPQ1r1PP/R4RK1 w - - 0 17	d3h7 g8h8 d6f7	1407	0i0y111315191o
ocKpk	4r1k1/6pp/2p5/p1B2Nb1/P7/1P1P2P1/2P4P/5K2 b - - 2 30	e8e5 f5d6 e5c5	1407	010p0s1o
oyYQS	3n1k2/1p6/p5Rp/4Bp1P/Prb1p3/4P3/4B1P1/4K3 w - - 0 34	e5d6 f8f7 d6b4	1407	0g0p0s1o
pM8cF	1k1r4/1b6/1np2p1p/1p2pP2/3qP2P/NP3Q2/P3B3/1KR5 w - - 7 34	c1d1 d4c5 d1d8	1407	0g191o1p
q55Z3	2q5/p4k2/5bp1/p6r/P2PB3/4P3/5PK1/1Q6 w - - 0 38	e4g6 f7g7 g6h5	1407	0g0p0s111o
qFer6	8/8/3R4/8/2p1k2P/2P5/4p2r/4K3 b - - 1 56	e4e3 d6e6 e3d3	1407	0g0h0p1m1o
qeqfe	r4rk1/5pp1/p2qb1np/1p1Nn3/2p1P3/P3QN1P/1PB2PP1/3RR1K1 w - - 8 24	d5f6 g7f6 d1d6	1407	0g0j191o
rQ11z	2q2rk1/Q5p1/3p3p/4pp2/8/2P3P1/P4P1P/1R4K1 w - - 1 21	b1b7 c8b7 a7b7	1407	0g0p1o
swRD5	r2qr1k1/pppbb1pp/2np1p2/1B4N1/4PQnP/2N5/PPP2PP1/R1B1K2R w KQ - 0 12	b5c4 g8h8 g5f7	1407	0g1c1o
tGfhf	6k1/3R1p1p/3p2pb/3Pp2n/4P1N1/R4P1P/4r1PK/8 b - - 18 43	h6f4 h2g1 e2e1 g1f2 f4g3	1407	0p101316
uOQe7	r1b1q3/3n2pk/2p1p1Np/1p6/p2P4/2P1P3/P1Q4P/2K2R2 w - - 0 22	g6f8 h7g8 c2h7	1407	0k0m1315191o
vTKsI	5r1k/p1pq4/Ppnp4/1Q2p1p1/2P1P1n1/1PPN2P1/R5KP/5R2 b - - 0 26	g4e3 g2g1 f8f1	1407	0s1315191o
wJIdG	r6r/p2k1p2/2p1qp2/2bP4/8/2Nb2P1/PQ4BP/R3R2K b - - 2 23	h8h2 h1h2 a8h8 g2h3 e6h3	1407	050y101316191n
wOAUC	r1bqk1nr/pp3ppp/2n1p3/1BP5/8/5N2/PPP2PPP/R1BQK2R b KQkq - 2 8	d8a5 f3d2 a5b5	1407	010s1c1o
xMpTH	1r4k1/p2bp1bp/q2p2p1/3N2Pn/1rpNP3/4BP2/PPPQ4/KR5R b - - 2 21	a6a2 a1a2 b4a4	1407	051315191n1o
yTUBh	7k/5ppp/p4b2/1p3P2/4q3/P1P3Q1/1P1r2PP/3R3K w - - 0 29	g3b8 f6d8 b8d8 d2d8 d1d8 e4e8 d8e8	1407	060p13171w1y
yahGO	8/p2k4/2p3pp/3p1p2/3P3P/P4P1n/1P2N3/5K2 w - - 0 34	f1g2 h3g5 h4g5	1407	010p0z1o1t
0uugR	7r/p7/5kp1/1p2p2p/1N2P2K/1Pb3P1/P2R3P/8 w - - 4 38	b4d5 f6g7 d5c3	1408	0g0p0s1o
1MJKB	r3Nk2/1p3p2/1bn5/1p4B1/1P2QPb1/q1PK4/7P/7R w - - 1 34	g5h6 f8g8 e8f6 g8h8 e4h7	1408	0s1011131619
3pQUO	4r1k1/5pp1/2p4p/pp6/4q1P1/PP1R3Q/2P2P2/6K1 w - - 2 29	d3e3 e4e3 f2e3	1408	010p1o
4an9b	1b4k1/p4pp1/1p2pq1p/8/1PPN2QP/P6n/2B2PK1/R7 b - - 0 33	f6f2 g2h3 f2h2	1408	1315191n1o
4bhj9	r1b1k2r/pppp1ppp/8/b3n2q/2B5/BQ5P/P1p2PP1/RN2R1K1 w kq - 0 16	c4f7 h5f7 e1e5	1408	040g0i0s1c1o
5CF9X	4r3/p4pkp/1p4p1/2b1p3/2Q1P3/2PP4/PP2q3/K4R2 w - - 0 31	c4f7 g7h6 f1h1 h6g5 f7e8	1408	0g0p0s10
6L29g	rnbqk2r/p1p2ppp/1p3n2/3p4/1b1P4/2N1P2P/PP3PP1/R1BQKBNR w KQkq - 2 7	d1a4 b8d7 a4b4	1408	010s1c1o
6OUV4	5R2/7p/6k1/1p6/p4P2/8/2r3r1/5R1K w - - 7 46	f8g8 g6f6 g8g2	1408	010p1m1o
6OnoU	r4rk1/ppb1qp1p/2p5/6Q1/4P1b1/2P2N2/PPBR1PP1/4R1K1 b - - 5 22	e7g5 f3g5 c7f4	1408	01191o
6wxwt	r2q4/2p1b3/ppn1prk1/2Pp1pp1/1P1P3P/P1B1P3/4QP2/R3K1R1 w Q - 0 25	g1g5 g6h7 e2h5 f6h6 h5f7 h7h8 f7g7	1408	1317191w
7Ea7P	4r1k1/1b3p1p/3qN1p1/pp1p4/6n1/P1P5/1PB2PPP/R2QR1K1 b - - 0 24	d6h2 g1f1 h2h1 f1e2 e8e6	1408	0g0v0y1019
86c5p	r3n1k1/pQp3pp/4p1q1/4P3/3b4/P1N2PBP/1P3P2/5RK1 b - - 0 21	g6g3 g1h1 g3h3	1408	0g0y191g1o
8AJ8X	2rq1rk1/p1p1bpp1/1pN4p/3p4/3P4/1Q2P3/PP1nBPPP/2R2RK1 b - - 3 16	d2b3 c6d8 b3c1	1408	0g191o
8kzRg	4k2r/3n1ppp/P1N1p3/p2pP3/1qp2P2/b1N5/1rPB1QPP/K2R3R b k - 4 24	b2a2 c3a2 b4b2	1408	0d1315191n1o
8xpz3	8/2p3R1/1n2p2p/4N2k/3b1P2/6P1/6KP/1r6 w - - 0 37	g3g4 h5h4 e5f3	1408	0f0p13151o
9DmDw	r1q3rk/1bp2p1p/pp3p2/8/3N3Q/P1P5/6PP/R4RK1 w - - 4 22	h4f6 g8g7 d4f5	1408	0g0y191o
AJVGx	r7/5Q1p/2p3pk/4p1b1/p3P3/3P1R2/1qP4P/7K w - - 0 30	f3h3 g5h4 h3h4 h6g5 f7e7	1408	0p101316
AomyI	r7/3R1pk1/6pp/4p3/2p1P3/1p3P1P/1p1B2P1/1B4K1 b - - 1 36	a8a1 g1h2 a1b1 d2c3 b1h1 h2h1 b2b1q	1408	00050g0p1g1h1w
B46hq	4r1rk/p1p2p1p/3p1PpQ/2p5/5R2/6N1/q1P3PP/7K w - - 0 29	h6h7 h8h7 f4h4	1408	050p13151n1o
BJw3D	1Qq3k1/5p1p/6p1/p3b3/8/4P1P1/2rB1P1P/1R4K1 w - - 0 35	b8e5 c2d2 b1b8 d2d8 b8c8	1408	0g0p101g
BztVi	3r2k1/5pp1/1Q6/pB4Pp/3rP2P/1KN1n3/PP6/7R b - - 4 32	d4b4 b3a3 e3c2	1408	1315191o
CPGHP	7k/5p2/3Qr1p1/1p4Rp/4P2P/Pp1p1P2/1q3P2/5K2 w - - 2 44	d6f8 h8h7 f8f7 b2g7 f7e6	1408	0g0p0r0s10
D661x	1rb2rk1/p4ppp/3p1q2/1p1PP3/1P1pP1Q1/P2P2PP/6B1/R4RK1 b - - 0 20	f6f1 g2f1 c8g4	1408	010y191o
EwAZc	r7/ppp1pRbk/1nn1p1pp/8/4qBQ1/7P/P1P3P1/5RK1 w - - 0 22	f7g7 h7g7 f4h6 g7h6 g4e4	1408	01050j1019
FROFe	2rq1rk1/p3ppbp/1p1p1np1/1Q1N4/4P3/4B2P/PP3PP1/2R1R1K1 w - - 2 18	c1c8 d8c8 d5e7 g8h8 e7c8	1408	050g0s1019
Fogch	4Q3/3p2bk/p1b2r1p/1p4p1/6P1/1P2N3/P5P1/6K1 b - - 0 43	f6e6 e8f7 e6e3	1408	0g0p0v1o
Ft5Ym	r1bqr1k1/bp2npp1/p5p1/P1p1p1B1/1P3P2/2P1PN2/6PP/RN1Q1RK1 w - - 0 17	d1d8 e8d8 g5e7	1408	010b191o
GN4kk	r3r1k1/1p3p1p/1p3np1/1P2n3/3P4/P7/2Q2PPP/R3KB1R b KQ - 0 18	e5f3 e1d1 e8e1	1408	0k0m111315191o
I4aRj	6rk/p5pp/n1pq4/1p6/1P6/2Q3PP/1B5K/4R3 w - - 5 37	c3g7 g8g7 e1e8 d6f8 e8f8	1408	0p1013161g1n
IPGbh	b4rk1/2p2p1p/p2n2p1/1p1BR3/6Q1/P5P1/1Pq1RP1P/6K1 b - - 1 29	c2d1 g1g2 a8d5 e5d5 d1d5	1408	0g0y1019
IUKsC	1r4k1/4bpp1/p2p2P1/4p2p/4P2P/1q2BP2/p2Q4/K2R1BR1 b - - 1 26	b3b1 d1b1 a2b1q	1408	001315191h1o
KTedm	r3r1k1/3n1ppp/bpp2n2/p2p4/3P1q2/2PQ1N2/PPBN1PPP/2R1R1K1 w - - 2 17	e1e8 a8e8 d3a6	1408	0g191o
KZkt6	3qr1k1/ppp4p/2p3p1/4R3/1B2N3/1P1P2P1/P1P1r3/2KR4 w - - 6 26	e5e8 d8e8 e4f6 g8g7 f6e8	1408	01050s1019
LqjWU	r5k1/5pb1/7p/N1q1p1p1/Q3n3/2P4P/1P2BPPB/3R2K1 b - - 0 32	c5f2 g1h1 f2e2	1408	0g0s11191o
OMp4B	3r1rk1/ppp1qpp1/2Bbbn1p/8/4P3/2N2N2/PPP2PPP/R1BQR1K1 b - - 0 11	d6h2 f3h2 d8d1 e1d1 b7c6	1408	010j1019
P9LXK	2rq1r1k/2R3p1/p2P1R2/1p2B3/6p1/3p4/PP4PP/6K1 w - - 0 30	f6h6 h8g8 c7g7	1408	0p13151d1g1o
QKjtW	2r2k2/7p/1R4p1/1p6/8/PNP1n1P1/1KP4P/8 b - - 0 27	e3c4 b2c1 c4b6	1408	0g0p0s1o
QtZPh	r2qkbr1/1ppn2p1/p2p1npp/4pB2/2Q2P2/7P/PPP3P1/R1B2RK1 w q - 0 17	f5g6 e8e7 c4f7	1408	13151c1o
RUuAd	r4r2/pp1q1pbk/3p2pp/2pP4/1n2PR2/P1NPQ1P1/1P4BP/1R4K1 b - - 0 21	g7d4 e3d4 c5d4	1408	0g191g1o
TXOFh	4r1k1/ppp3p1/2p4p/5b2/2P2P2/1PNnr3/P2R1BPP/3R2K1 b - - 5 21	d3f2 g1f2 e3c3	1408	0g0j191o
Tmf4r	2rq3k/1p3p1p/p3b1p1/6P1/3pP2R/3B4/PPP3K1/7R w - - 0 25	h4h7 h8g8 h7h8 g8g7 h1h7	1408	090p101316
TyMdd	1n5k/rb3rpp/p3Q3/1p6/2P5/1B2N3/PPP2qPP/R4R1K b - - 2 21	b7g2 e3g2 f2f1 a1f1 f7f1	1408	060i0s10131619
USVZZ	8/pR6/4pkp1/2P1N3/3nP3/2r5/7r/1K4R1 w - - 2 38	e5g4 f6g5 g4h2	1408	010j0k0p0s1o
UmCgx	4r1k1/5p2/p5pp/2P5/8/P2Q1q2/1P3P1P/3R2K1 b - - 1 24	e8e1 d1e1 f3d3	1408	0g0i0p1o
Yqx9E	r4r1k/p2q3p/2pp2pP/3P1pP1/8/3B1pP1/PP1Q4/2K5 w - - 1 32	d2c3 h8g8 d5c6 d7f7 d3c4 f7c4 c3c4	1408	0g0p1g1w
bERMP	r1bq1rk1/1p3pp1/p1n1p2p/8/3P1BQ1/3B4/PP3PPP/R4RK1 b - - 2 14	e6e5 g4g3 e5f4	1408	01191o
bvRlA	k7/1p2Q3/p1p2R2/8/7p/7P/Pq1r2PK/8 w - - 2 38	f6f8 a8a7 e7c5 b2b6 f8a8 a7a8 c5b6	1408	010i0p1w
c6mu8	5rk1/3p1pq1/6pQ/8/1r3R2/6P1/6KP/5R2 w - - 2 45	h6g7 g8g7 f4b4	1408	010p1o
cJJEi	8/8/P4p1p/6p1/2k3P1/2p5/3p1P2/2K5 w - - 0 65	c1c2 c4d5 a6a7	1408	000g0h0p1e1o
d2tJ1	6r1/2k1rp1p/R3n3/8/1Pp1p3/P1P1P1P1/7P/5R1K w - - 0 39	a6a7 c7d6 f1d1 d6e5 a7e7	1408	0g0i0p0r10
eJjj4	5rk1/p5pp/4p3/8/P7/6B1/4p1PP/2RrR1K1 b - - 3 30	f8f1 e1f1 e2f1q	1408	000p111213151h1o
ejROr	8/8/4p1k1/5r1p/3RQ3/P3KpPP/1r6/8 b - - 2 50	b2e2 e3d3 e2e4	1408	0g0p1j1o1p
f6aNz	r1b1r1k1/pp3pbp/1q1p2p1/3P1nB1/2B1NP2/8/PP4PP/R2QR2K w - - 7 17	e4f6 g7f6 e1e8	1408	0g0j0s191o
f9GOR	6rk/p4p1p/3qppr1/3p4/8/2P2P2/PP2Q1PP/3R2RK b - - 11 27	d6h2 h1h2 g6h6	1408	050p0y13151n1o
fGSpx	r4k2/1b2b1pr/p2pB1Q1/1p2pP2/8/8/PPP2qPB/R5RK b - - 4 30	h7h2 h1h2 f2h4	1408	050y1315191n1o
gjcDR	8/1R3r1k/p5qp/1bnP4/2p5/8/6PP/1B5K w - - 0 31	b7f7 h7g8 b1g6	1408	010p111g1o
hOeYu	5r2/7k/p2pp2p/1pp5/4P1Qp/PP1P3P/1q3r2/R5RK w - - 2 30	g4g6 h7h8 g6h6	1408	0i0p13151o
heTA7	4r1k1/1p3pp1/pP4rp/2p5/Q1P1n3/5q1P/1P3PP1/3RR1K1 w - - 0 26	a4e8 g8h7 e8e4 f3e4 e1e4	1408	0g0t0y10191g
iKe6U	r1bqkb1r/pp1n2pp/8/3BppN1/8/3P4/PPP1QPPP/R1B1K2R b KQkq - 0 10	d8a5 c1d2 a5d5	1408	010s1c1o
j16Uz	8/pp2k1pp/8/3p4/P7/1P1n4/6PP/2rBK2R w K - 2 25	e1d2 d3f2 h1e1 e7d6 d2c1 f2d3 c1d2	1408	010d0h0p0r1w
kLFt2	r3rk2/1p4p1/p1n2bR1/2p5/2B2p2/1PP2q2/P4P2/4RKQ1 w - - 0 27	g6f6 g7f6 g1g8	1408	0d1315191n1o
kRUNl	r2qk2r/4bppp/p1p2n2/2pp4/6b1/2NPBN2/PPP2PPP/R2QR1K1 b kq - 5 11	d5d4 e3g5 d4c3 g5f6 g7f6	1408	010s101c
m09QX	4k3/8/8/3p4/R2B4/2Pb4/7r/3K4 b - - 0 40	d3c2 d1c1 c2a4	1408	0g0p0s1o
nAHS8	2B2rk1/R5pp/2p3r1/B2pQp2/4n2q/4P2P/5PP1/5R1K b - - 0 29	e4f2 f1f2 h4f2 c8e6 g8h8	1408	0g0h0y1019
nhExu	8/8/p3n1p1/P5P1/3K1N2/1kp5/8/8 w - - 3 59	f4e6 c3c2 e6c5 b3b4 c5d3	1408	0g0p0t0z10
nnqpM	4r2r/p4k1p/1p1p2p1/n2P4/2p1Bq2/4RP2/P2Q1P1P/6RK w - - 9 26	e4g6 h7g6 e3e7 f7e7 d2f4	1408	010d0e0j10191n
nobXs	8/6k1/1p6/p2PpK2/P1P1N3/1P1p4/4n3/8 b - - 1 51	e2g3 e4g3 d3d2 g3e4 d2d1q	1408	000g0p0z101h1n
npyuF	2R2bk1/4r2p/p2qP1p1/1p3p2/8/1PQ5/P4P1P/6K1 w - - 3 34	c8f8 g8f8 c3h8	1408	050p13151n1o
p0s6s	r3kbr1/1b3p2/p1qppp1p/1p5N/8/1P1P1P2/1PP3PP/R1BQ1RK1 b q - 2 16	c6c5 d3d4 c5h5	1408	010s191o
qdqIH	2b3k1/3r1r1p/2p1KPpP/1pBp2P1/pP1Pp3/P1P1P3/5R2/5R2 b - - 0 67	d7e7 e6d6 e7e6	1408	0k0m0p13151d1o
r4Luj	8/3k1p1p/1p1p4/2pq1P2/P2b4/1P1Q3P/8/3R1K2 b - - 5 35	d5h1 f1e2 h1g2 e2e1 g2f2	1408	0p0r101316
rAy9d	6k1/5p1p/2p2bp1/2P5/1P2p3/rB1R2P1/5P1P/6K1 w - - 0 31	b3f7 g8f7 d3a3	1408	0g0j0p1o
rKBUZ	r2qr3/1pp1kp2/3pn2Q/p7/4P3/5PB1/PP2R1PP/7K w - - 1 28	g3h4 f7f6 h4f6 e7d7 f6d8	1408	0110191p
uAyyy	6k1/p3ppbp/b1pp1np1/B7/P1PP4/1r2PN1P/2N2PP1/4KB1R b K - 2 16	b3b1 e1d2 f6e4 d2d3 e4f2	1408	011019
wfBIa	8/8/R1P1p1r1/4p2p/2pk4/8/5PP1/6K1 w - - 0 43	c6c7 g6g8 a6d6 d4c3 d6d8	1408	000d0g0p101m
y3mLt	2kr3r/1p1n1pp1/B3p1p1/3pP3/Q2P4/2P1q3/P5PP/R4R1K b - - 0 18	h8h2 h1h2 d8h8	1408	050y111315191n1o
yU0Zb	3rr1k1/1pq2pp1/6bp/1pp5/2n2pP1/P1PP1N1P/1PBQ1P1K/R3R3 w - - 3 24	e1e8 d8e8 d3c4	1408	01191o
ygmUg	5r2/p6k/1p1p3p/2p5/4p1R1/5rP1/qP1Q1PK1/5R2 w - - 2 38	d2h6 h7h6 f1h1	1408	050p13151n1o
0xhmw	5r1k/pQ4bp/6p1/4n3/5r2/5P2/PP3P1P/2R2RK1 b - - 2 23	e5f3 g1h1 f4h4 b7f3 f8f3	1409	011019
1K8cy	1Q2rk2/pR3ppp/5r2/8/4p3/8/5qPP/2R4K w - - 2 28	b8e8 f8e8 c1c8	1409	050p13151n1o
1THC4	5rk1/q3bp2/4bnpp/3p4/7B/3Q4/2B2PPP/rNR1R1K1 w - - 0 24	e1e6 f7e6 d3g6	1409	010i0y191o
2CDJw	3k4/8/4p1p1/5pP1/6n1/8/PPP2p2/1K1NqQR1 b - - 9 43	f2g1q f1g1 e1g1	1409	000g0p1g1h1o1y
2XGtu	2rr2k1/1p3pp1/p1b1p2p/2P1P3/PP1p2q1/3Q1R2/1B4R1/1B4K1 b - - 1 32	g4f3 d3f3 c6f3	1409	0g191o
3fYZh	6rk/5Qpp/pp2N3/2p1q3/P1P5/2P2R1P/5KP1/2n5 w - - 9 32	f7g8 h8g8 f3f8	1409	050p13151n1o
41eX6	5nk1/r2qppb1/6p1/3pB1P1/1n1P4/4PB2/4NPKR/2r4Q w - - 0 28	h2h8 g7h8 h1h8	1409	0y11121315191n1o
52VFJ	4r1k1/pp4pp/2p5/2N2p2/2P5/5n1P/PBPr1P2/R1KR4 b - - 3 22	d2d1 c1d1 e8e1	1409	051315191k1o
5A0qd	r2q3k/7p/p2p1rp1/1pn1p3/2B1P3/5P2/PPPQ1P2/2KR3R w - - 0 19	h1h7 h8h7 d1h1 h7g7 d2h6	1409	050y101316191n
5OQHU	r2qkb1r/1p3ppp/p2p4/2pBN3/3nP3/3P3P/PPP2PP1/R1Bb1RK1 w kq - 0 12	d5f7 e8e7 c1g5	1409	0413151c1o
5UcPs	r2k1b1r/2pp1p1p/1p2pN2/p1P1P2B/8/4B2b/PPQ2q1P/2KR2R1 b - - 0 19	f2e3 c1b1 h3f5 c2f5 e6f5	1409	0110191g
5fhDd	3Q3b/1p5k/6p1/P3p3/2B1b1p1/4q3/1P4P1/R6K b - - 0 36	e3h3 h1g1 h3g2	1409	0p13151g1o
5mpry	3r4/2r1kp2/R5p1/1B1pP2p/1P2n3/P6P/6PK/3R4 b - - 4 39	e4c3 d1f1 c3b5	1409	010p0s1o
6MuDt	2k5/pppr3r/6p1/6P1/2R2BP1/PP1q2Q1/K4P2/8 w - - 0 35	c4c7 d7c7 g3d3	1409	0g0i0p1o
6PIrs	6k1/1p4p1/7p/4Q3/PP3P1K/6PP/4q3/8 b - - 2 39	g7g5 f4g5 e2e5	1409	0g0i0p111i1o
6gyPg	r2qkb1r/pp1n1p2/3Bpnpp/1B1pN3/3P4/Q3P3/PP3PPP/2R1K2R b Kkq - 2 15	f8d6 a3d6 d8a5 e1e2 a5b5	1409	010s10111219
71c4l	r1b3k1/p1p3pp/8/1p1Ppr2/3P4/1B1P1pPq/PP3P1P/R1B2QRK b - - 6 18	h3h2 h1h2 f5h5 f1h3 h5h3	1409	050y101316191d1n
7aE9H	8/p4k2/PP3p2/2K1n3/4P3/8/7p/7N b - - 0 64	e5d7 c5d4 d7b6	1409	0g0i0p0z1o
7jsfi	8/3b1p2/3kp1pp/RPrp4/5PKP/1P1B2P1/2P5/8 b - - 0 37	e6e5 g4f3 e5e4	1409	010j0k0p1o
8qbRE	r4r1k/p3nBpp/2nq1p2/1p5Q/4R3/2P5/P4PPP/R5K1 w - - 0 20	h5h7 h8h7 e4h4	1409	050y1315191f1n1o
93DUj	1r3r1k/pp3p1p/4p3/7R/3b3P/6RK/P3QqP1/8 w - - 0 31	h5h7 h8h7 e2h5	1409	051315191n1o
97T32	2k5/Q1p1q2p/5np1/1p6/2N2n2/PP6/5PPP/6K1 w - - 1 29	c4b6 c7b6 a7e7	1409	0g0p1o
9I1uI	1b3r2/1k1r2p1/8/2Q5/4NPpP/3PK1P1/8/8 b - - 0 48	b8a7 c5a7 b7a7	1409	010p111g1o
9Ivvf	6k1/4pp2/3p2p1/3P3p/4P3/5PP1/1qpRQK1P/8 b - - 1 39	b2b6 e2e3 b6e3 f2e3 c2c1q	1409	00010p101h
B5hDY	8/R3bkpp/2r4n/4p3/3pN3/4PN2/3PK1PP/1r6 w - - 6 31	f3e5 f7e6 e5c6	1409	010s11191o
CoG5G	r4r2/5pk1/p4qp1/2p1pbQP/1p1p4/3P2N1/PPP2PP1/R4RK1 w - - 3 30	h5h6 g7h7 g5f6	1409	0g0i191o
CuKQr	8/R1p1r3/p5pp/P2K2k1/2N1PbP1/7P/8/8 b - - 17 52	c7c6 d5c6 e7a7	1409	0g0j0p1o
DNANM	6r1/2pQbk2/p4p1r/2pPp3/4Pn2/B7/P4PP1/2RR2K1 b - - 0 33	g8g2 g1f1 h6h1	1409	0y1315191o
Db5Fv	r5rk/5p1p/p2p1PpQ/1p6/4q3/5R2/PP4PP/2R4K w - - 0 30	h6h7 h8h7 f3h3 e4h4 h3h4	1409	050p1013161n
EezM1	2k1r1r1/pppq1p2/5N1p/8/3P1b2/PP1Q1P2/2P2K2/4R2R b - - 4 22	f4g3 f2g2 g3e1	1409	0g0j0k191o1p
Ejbuq	R7/7k/5K2/6P1/1p3P2/r7/2p5/8 w - - 1 47	g5g6 h7h6 a8h8	1409	0p13151m1o
FOxp5	2r5/1b4k1/1p4pp/pQ1n4/3P4/1B5P/PPPR1Pq1/2K5 w - - 0 27	b5d7 g7h8 d7b7	1409	0g0s191o
FaBHQ	6k1/2rr1pp1/4p1p1/p2nP3/1pR1B3/1P5P/P4PP1/2R3K1 w - - 1 27	e4d5 c7c4 d5c4	1409	0g0p1o
H8zMx	1r2r3/4qpkp/2p3p1/pbp1p3/7Q/1P1P1NKP/P1P5/1R3R2 w - - 1 28	f3g5 h7h5 f1f7 e7f7 g5f7	1409	010j0s1019
HLzxT	6k1/3r3p/2b2p1P/6pP/3p2R1/pPqN1P2/2P3Q1/1K4R1 b - - 0 32	a3a2 b1a2 d7a7 a2b1 c3a1	1409	0005101316191k
HjURd	4r1k1/5ppp/3Q1n2/q7/2B2P2/1Pb1B3/2P1R1PP/5K2 b - - 6 24	a5a1 f1f2 f6e4	1409	0g191o
Hvxce	r1b1k2r/ppp2ppp/2n2q2/3p4/4p3/P1NP4/1PP1K1PP/R1BQ1BNR b kq - 2 10	c8g4 e2e1 g4d1	1409	0g1c1o1p
I8dPi	2r3k1/b2QR3/p5pp/1p6/5P2/P5P1/1P4PK/1Bq5 b - - 0 35	c1g1 h2h3 g1h1 h3g4 h1h5	1409	0p0s101316
IJL37	k2r4/pRQ2p1p/6r1/2pq4/8/P7/2P3PP/6RK b - - 0 31	d5g2 g1g2 d8d1 g2g1 d1g1	1409	0d0p1013161n
IvTzG	8/1k6/1p6/1P6/P5N1/3K1n1p/8/8 b - - 1 51	f3e5 g4e5 h3h2 e5f3 h2h1q	1409	000g0p0z101h1n
K02ic	6k1/ppp3pp/3p4/3P1pP1/1PP2P1K/P3R2P/1B1Q1R2/6rq b - - 0 33	g1g4 h4h5 g7g6 h5h6 g4h4	1409	0p1013161g
MZPOx	3k4/R7/1pB2pp1/P1b1p2p/4P2P/3b2P1/r4PK1/4B3 w - - 3 43	a7d7 d8c8 d7d3	1409	0g0p0s1o
Mo36D	1r4k1/3Q2pp/p5q1/2b1p3/5r2/1PP3P1/P4R1N/R5K1 w - - 1 26	d7d5 f4f7 d5c5 g6g3 f2g2	1409	010s1019
PCQNx	r3q1k1/1pp2ppp/p4n2/2bp4/3P1N2/1B3Q2/PPP3PP/R1B3K1 b - - 0 16	e8e1 f3f1 c5d4	1409	010y191o
PX106	6r1/2p2k2/npNp3p/3P1q2/1PP2N1P/4P1Q1/6P1/b5K1 w - - 2 34	g3g8 f7g8 c6e7 g8h7 e7f5	1409	01050r0s10191n
PvGNk	r5k1/1p3rbp/6p1/3Qp1P1/1P4qP/P3P2R/1B5K/5R2 b - - 2 31	g4e2 d5g2 e2f1 g2f1 f7f1	1409	0g0s1019
QBbwj	6k1/R5P1/4pK2/p3P3/8/2p5/8/6r1 w - - 0 52	a7a8 g8h7 a8h8	1409	0p13151m1o
Qreil	r7/p2k4/1P1p3p/3P2p1/2P5/3n1PKP/6P1/R7 w - - 1 34	a1a7 a8a7 b6a7	1409	000g0p1o
Selyz	r1b4k/ppp2Bp1/2np1B1p/2b1pq1Q/8/2Pp3P/PP3PP1/R3R1K1 w - - 2 20	h5h6 f5h7 f6g7	1409	0y1315191g1o
Sqbdh	r2q2k1/1pp2p2/p2p1p2/4r3/3Bb2Q/N1P5/PP4PP/3R2K1 w - - 1 26	d4e5 f6e5 h4e4	1409	0b0g191o
TD2Lg	2rr2k1/1p1qbppp/p1n1p3/3pN3/QP1P1B2/P1R1P3/5PPP/5RK1 b - - 1 17	c6e5 a4d7 e5d7	1409	01191o
TxOGD	r6r/p4Pp1/3Q1nk1/4p1q1/2P5/N3P3/PP1B3P/R4R1K b - - 2 24	h8h2 h1h2 a8h8	1409	050y1315191n1o
VUrmh	1r3r2/p5k1/2pp3p/5bp1/3P1p1P/P2B4/2P2KP1/1R3R2 w - - 0 21	b1b8 f8b8 d3f5	1409	010p111o
VZjVF	r5k1/5p2/p3p1P1/5q2/3r4/6QR/PPP2P1P/R5K1 b - - 0 23	d4g4 g6f7 g8f7	1409	010p1g1o
XuOrC	r2qkb1r/pQ3ppp/4p3/2ppPn2/8/2N1B3/PPP2PPP/R2K3R w kq - 2 13	b7c6 d8d7 c6a8	1409	0g0i191o
YiIjn	8/8/2k5/1p1p2p1/pP3pP1/2PK1P2/P7/8 w - - 1 45	d3d4 c6d6 a2a3 d6e6 d4c5 e6e5 c5b5	1409	0g0p1e1l1w1z
ZAcWo	4r3/1p4pp/p4k2/8/5K2/4RP1P/PPP5/8 b - - 0 27	g7g5 f4g3 e8e3	1409	0g0i0p1m1o
ZDzkY	1R6/3k1p2/2p1rP1p/2r1p1p1/8/7P/6P1/1R4K1 w - - 2 39	b1b7 d7d6 b8d8	1409	0p0q13151m1o
a3yLY	Q5rk/p1p2p1p/1p6/4P2P/3q2N1/6RK/P2r4/8 w - - 2 38	a8g8 h8g8 g4f6 g8f8 g3g8 f8e7 g8e8	1409	050k0m0p0u13171n1w
aa1JI	r1b1k1nB/pppp1p1p/8/2b3q1/4P3/8/PPP1QPPP/RN2KB1R b KQq - 0 9	g5c1 e2d1 c5f2 e1f2 c1d1	1409	01040i101c
doC59	3k3r/1pqr4/p1p1p1Q1/5R1p/8/2N4P/PPP3P1/6K1 w - - 2 23	g6f6 d8c8 f6h8 d7d8 f5f8	1409	0g0p0r0s10
eBJGj	6k1/p5p1/b3p2p/Rrn2p2/8/P3R2P/5PP1/6K1 w - - 13 40	a5b5 a6b5 e3e5 a7a6 e5c5	1409	010p10
fW6zn	7k/p4pp1/1p1q2p1/3P4/3Br3/7P/P2Q1PPb/7K w - - 0 29	d2h6 h8g8 h6g7	1409	0p13151g1o
gFyoZ	8/1r4pp/p1R2p2/3k4/PP1p4/3r2P1/5PKP/2R5 w - - 3 30	c1c5 d5e4 c6e6	1409	0p13151m1o
hE3BU	3Q4/pp1n2rk/4N1p1/4P2p/2r2P2/8/PP3BPK/2q5 w - - 5 32	e6g5 h7h6 d8h8 g7h7 h8h7	1409	10131619
icpoC	8/8/rB4Rp/P3kp2/7P/6PK/r7/8 w - - 2 52	b6c7 e5e4 g6a6	1409	0g0j0p1o
lk0QO	5r2/3r3k/p3Q2p/1pp1P3/3q4/6RP/6PK/8 w - - 2 38	e6g6 h7h8 g6h6 d7h7 h6f8	1409	0i0p0s101316
mJvuB	6k1/p4pbp/3Q2p1/2q5/4b3/1P6/1P4PP/K2R3R b - - 0 26	c5a5 d6a3 a5a3	1409	0p13151g1o
n18vS	6k1/5pbp/4p1p1/3q4/8/r4RPP/4Q2K/5R2 b - - 4 33	a3a2 e2a2 d5a2	1409	010p1g1o
oAVse	4rr1k/3R2pp/8/8/1pp1NPQ1/8/1qP1R1PP/6K1 b - - 3 26	b2c1 g1f2 f8f4	1409	0g191o
pZwRO	6k1/2p5/p3r1p1/1p1pP3/2nP1rP1/2P3p1/P1Q3P1/1B3RK1 b - - 2 28	f4f1 g1f1 c4e3 f1e2 e3c2	1409	050g0p0s10
qRcIH	2N4k/6rp/p1Q2p1b/2p1pP2/1q1p3P/1P1P2r1/2P2RB1/R5K1 b - - 2 28	h6e3 g1h1 e3f2	1409	01191g1o
rZmOD	1r2r1k1/5pp1/p3p2p/P1BpP3/1Pq1bP2/6P1/1Q5P/R3NBK1 b - - 4 33	c4c5 b4c5 b8b2	1409	01191o
s4mwr	r1b2r2/p1pn1pk1/1p1p4/3P3R/2Pqn1pP/3B4/P1PQ2PN/R4K2 w - - 0 25	d2h6 g7g8 h6h7	1409	1315191o
t75zD	1r4k1/5p1p/1P2pbp1/N1Pb4/q2P4/3Q1PP1/7P/R4RK1 b - - 2 32	f6d4 g1g2 d4a1	1409	0g0s191o
tXMzI	8/8/8/7k/8/r1N4P/1p4P1/3N3K b - - 3 44	a3a1 h1h2 a1d1 c3d1 b2b1q	1409	000g0i0p101g1h
tiojE	7r/1b1P1pk1/4p1p1/ppp5/7r/3PR3/PPP1N1PP/5R1K b - - 0 27	h4h2 h1g1 h2g2	1409	0p0y13151d1o
ucpEG	rn2r1k1/pp3ppp/2p3q1/2bP2N1/2B3Q1/3p4/PPP2PPP/R1BK3R b - - 2 13	d3c2 d1d2 c5b4	1409	0013151c1o
ulERQ	8/2k5/8/5BP1/6P1/1Pp1r3/2Kp4/5R2 b - - 1 49	e3e1 c2c3 d2d1q f1e1 d1e1	1409	000g0p101h
upuew	8/4k3/1R3p1p/1P3Pp1/4r1P1/3p3P/5K2/8 w - - 2 38	b6e6 e4e6 f5e6 d3d2 f2e2	1409	0g0p101m
vulxX	r3r1k1/pp3ppp/2pq1pb1/3n4/3P4/2PB1PN1/PP4PP/R2QR1K1 b - - 4 15	e8e1 d1e1 g6d3	1409	010y191o
wZj3E	r4k1r/2p1qpp1/4p1p1/1B1pN2n/3P1Q2/P3P3/1P3PPP/4K2R w K - 2 18	e5g6 f8g8 g6e7	1409	0g191g1o
xQdhg	8/2Q2pp1/R2nk1qp/8/4P3/5K2/5P2/8 b - - 5 40	g6e4 f3g3 e4d3 g3h2 d3a6	1409	0g0p0s10
xwwKK	3rk1r1/p1Q2p1R/1pp1p3/6n1/q5p1/6P1/2P1RPK1/8 w - - 2 33	e2e6 g5e6 c7f7	1409	040i1315191n1o
y5bs3	2b2rk1/4qppp/2p1p3/2npP3/1r6/2N2N2/2PQ1PPP/R4RK1 w - - 0 20	c3d5 e6d5 d2b4	1409	010j191o
yijpk	4r2k/1b4p1/2q2p2/1p3P1p/3R1B2/8/1P3QPP/6K1 b - - 0 36	e8e1 f2e1 c6g2	1409	0i0p13151n1o
z7HC4	r1bq1b1Q/pp3kp1/4pnp1/3p4/6P1/3B1N2/PP3P1P/R1B1K2R b KQ - 0 15	f8b4 e1f1 d8h8	1409	0g0j191o
zDFoH	5k2/1p1b1p2/2pp3r/1P2PPn1/2PP2B1/r1N3Pp/2R4K/4R3 b - - 0 34	d7f5 g4f5 g5f3 h2h1 f3e1	1409	0g0s10191n
0MaZV	4r1k1/1p2rppp/2p5/p7/2Pq4/1P3Q2/1P4PP/4RR1K w - - 2 22	f3f7 e7f7 e1e8 f7f8 f1f8	1410	0i0p1013161n
0Xurf	2r3k1/2r1R2p/p2p2pB/1b1P4/4NPP1/7P/P7/7K w - - 5 38	e4f6 g8h8 h6g7	1410	0p13151o
16ds8	r4r2/1pN4k/3p2pp/p3pBq1/3bPp2/P2P4/1PP1Q3/2KR3R b - - 0 21	f4f3 e2d2 d4e3	1410	0g0j0k191g1o
1DiZ9	rn2k2r/ppq2ppp/3b1nN1/3p4/3P4/8/PPP1BPPP/RNBQ1RK1 b kq - 0 11	d6h2 g1h1 h7g6	1410	0g0w1c1o
2bMNb	r1b2rk1/pp2q3/1b2p2p/7Q/1P6/P2p4/5P1P/3R1R1K w - - 0 25	f1g1 e7g7 g1g7 g8g7 d1g1	1410	050g0r1019
3G2aq	N3n1k1/1p6/n2p4/PN1Pp2p/P3Pp1Q/B4Pr1/3KBq2/1R6 b - - 0 33	f2e3 d2d1 g3g1 h4e1 g1e1	1410	010r101119
3nkLT	r4rk1/2pqbp1p/4p1p1/p2P4/1pP1b3/4P1Q1/PB2N1PP/R4RK1 w - - 0 18	g3e5 f7f6 e5e4	1410	01191o
6tiuZ	6rk/5prp/p4Q2/1p3N2/2b2P2/7R/1P1p2PP/4q1RK w - - 2 29	h3h7 h8h7 f6h6	1410	051315191g1n1o
7B2Qc	r3kb1r/pbQp1p2/1p5p/n5P1/2q1P3/2N1B3/PPP3PP/R4RK1 w kq - 1 15	c7e5 c4e6 e5h8	1410	010s191o
8IXrZ	r4r1k/pp4R1/2qbp2P/8/3Pp2P/2P3Q1/PP6/1K6 w - - 3 28	g7h7 h8h7 g3g7	1410	050p13151n1o
9ABqh	8/1P6/8/8/6P1/5k2/p6K/8 b - - 0 60	a2a1q b7b8q a1a2 h2h3 a2g2 h3h4 g2g4	1410	000p0r13171h1w
BGGiU	8/2p4k/2Qp2pp/1p3r2/8/2P2pPq/PP3P1P/6RK b - - 6 34	h3h2 h1h2 f5h5	1410	050p13151n1o
CbOQd	r3n1k1/1R4r1/4pp2/3p2pp/2pPP3/P1q2PBP/5NP1/RQ4K1 b - - 0 36	g7b7 b1b7 c3a1	1410	01191o
Cv02t	2r4k/5p1p/2qQ1p2/pr6/8/7P/PP3PP1/1K1R3R b - - 1 24	c6c2 b1a1 c2b2	1410	0p13151o
E08vf	4R2r/kp1q4/p7/3p4/3P1Q2/2P2P1P/PP3P2/4R2K b - - 0 27	d7h3 h1g1 h3h1	1410	0p13151o
EJD1D	6k1/p4N2/1p1p2p1/2pP4/P2b2r1/4r3/6PP/2R2RK1 w - - 1 29	f7h6 g8g7 h6g4 e3g3 g4f2	1410	010h0p0s1011
GnLki	r2qk2r/3b1p1p/p5p1/3Qn3/pPp4b/6N1/P1P3PP/R4RK1 w kq - 0 20	d5e5 d7e6 e5h8	1410	010s0t191o
JUv9I	7k/pp5p/3p4/2pNp3/2P3q1/8/PP5P/5R1K w - - 2 33	f1f8 h8g7 f8g8 g7g8 d5f6 g8f7 f6g4	1410	01050p0s1n1w
KUFGi	4r1k1/ppp3p1/4r2p/3BR3/8/3P2PP/PP2n2K/8 w - - 0 24	d5e6 g8f8 e5e2	1410	010p0w1o
KZtv5	8/p7/p1bP2p1/P3P3/1P3k1K/8/8/8 w - - 0 55	e5e6 f4f5 d6d7	1410	00080g0p1o
KkfQS	2r2rk1/pp3pp1/1b2q2p/1B1R4/2P1p3/P3B2P/1PQ2PP1/5RK1 b - - 0 26	e6d5 c4d5 c8c2	1410	01191o
KwNvJ	r4rk1/pq4pp/2p2p2/3p1b2/3P2N1/2P2PQ1/PP3KP1/4RR2 w - - 2 25	g4h6 g8h8 h6f5	1410	0g0y191g1o
LHZo4	2b1k2r/p3ppbp/2p3p1/2ppq3/5n2/1PPPPN1P/P4PP1/R1Q1KB1R b KQk - 2 14	e5c3 c1c3 g7c3	1410	01191o
La1Qi	3r2k1/p1qn4/1p2p2p/2p1Prp1/2P2pQN/7P/PP3PP1/3RR1K1 b - - 3 25	d7e5 d1d8 c7d8 e1e5 f5e5	1410	011019
N9iVd	7k/2n5/2BR4/1p6/1P6/2K5/r7/8 w - - 7 45	d6d8 h8g7 d8d7 g7f6 d7c7	1410	0g0p0r0s10
NNeuZ	7k/8/1P5p/2b1p1q1/3pP3/3P4/1R5Q/4K3 b - - 0 48	g5c1 e1f2 c1b2	1410	0g0p0v1o
P0Yho	R7/1r6/3k2pp/2n5/2b5/P3R1P1/5P1P/6K1 b - - 2 34	b7b1 g1g2 c4d5 g2h3 d5a8	1410	0g0p0s10
P2vFC	1r1qr1k1/2p2pp1/p6p/3B4/1P3n2/P1Q4P/3N1PP1/3R1RK1 b - - 0 23	f4e2 g1h1 e2c3	1410	0g0s191o
PY2qe	3r3r/p1k2pp1/8/2p1p3/Q2qP2P/3P2PK/8/1R6 w - - 4 27	a4a7 c7c8 b1b8	1410	0p13151o
QvYUT	6k1/p1p2p1p/1p1p1qpP/nP2r3/P7/2Q5/R3BP1R/3K4 b - - 1 24	e5d5 d1c2 d5c5	1410	0g191g1o
ReXyW	7r/pp3kp1/3pbr2/3Pp1R1/1BPp1p2/PP1P3P/4Qb2/R6K b - - 0 24	h8h3 h1g2 f4f3	1410	0g0y191o
SA24Y	1k1r4/2p4p/1pb3q1/pN6/P3p1Q1/2PPb1P1/1P2B1KP/R4R2 b - - 0 27	e4d3 e2f3 g6g4	1410	0g0j0k191g1o
T4hsh	4r1k1/p1Q2ppp/bp6/3p4/3P4/3q1BP1/PP1B1P2/2RKN3 b - - 2 23	e8e1 d1e1 d3f1	1410	051315191g1n1o
TR0cB	8/1P2R3/1r2p2k/3pPp2/5p2/6P1/6K1/8 w - - 0 51	e7e6 b6e6 b7b8q	1410	000g0i0p1h1m1o
UN3dy	r3k2r/ppq2pp1/2nbpnp1/1B1p4/3P4/1P2PNP1/P4P1P/R1BQK2R b KQkq - 0 12	c7a5 e1f1 a5b5	1410	010s191o
UQ0st	3R1bk1/5p2/p5p1/1p2pqP1/7Q/P7/1P5P/2rR2K1 b - - 5 35	c1d1 d8d1 f8c5 g1g2 f5c2	1410	0g0p10
V7jNP	8/6p1/4k1Bp/2Kb1p2/P4PP1/8/2p4P/8 w - - 0 40	g6f5 e6e7 f5c2	1410	080g0p1o
W7mno	r2qnrk1/1pp3bp/3p4/p1nPpb2/2P5/2N1BN1P/PPB2P2/R2QK1R1 b Q - 1 14	f5c2 d1c2 f8f3	1410	010j111c1o
Y6WS3	4r1k1/1p5p/2p3p1/8/1P6/3n1P2/3Q2KP/8 b - - 1 31	e8e2 d2e2 d3f4 g2f1 f4e2	1410	050g0p0s101n
YDBL1	8/8/1p5p/4PQrk/8/1P3P2/4P2K/b4r2 w - - 1 46	f5h3 h5g6 h3f1	1410	010p0s11121o
YG0d3	8/6pk/2P1p3/3b2R1/8/5PKP/pr4P1/2R5 b - - 0 41	b2b1 c1c2 a2a1q	1410	000g0p1h1o
YSPms	4r1k1/2q1bppp/Rr1p1n2/2pP4/4PP2/2NQ4/1P4PP/2B2RK1 b - - 0 21	c5c4 d3e2 b6a6	1410	0g0v0w191o
YZ6tU	r2qk2r/ppp2ppp/3nb3/8/1QpP4/5N2/PP3PPP/RN2R1K1 w kq - 4 13	d4d5 e8g8 d5e6	1410	01191g1o
ZC0wx	5r1k/1p2q1p1/1pppp2p/7r/1Q1PP3/P4P2/1P4PP/2R3RK b - - 1 24	h5h2 h1h2 e7h4	1410	050p0y13151n1o
ZMW16	5rk1/pQ4p1/2p2P1p/P2pP3/6r1/4P2q/1P1R2P1/2R3K1 b - - 0 28	h3e3 d2f2 e3c1	1410	0g0p0s1o
ZZ3lD	2b1k2r/4bppp/p2B4/2Pp4/3PN3/8/q3QPPP/2q1R1K1 w k - 0 20	e4f6 g7f6 e2e7	1410	0j1315191g1o
aLYe4	4r3/2N2pkp/N5p1/1p3b2/1P2nP2/8/6PP/2r2RK1 w - - 0 29	c7e8 g7f8 f1c1	1410	010t0w191o
aXi8w	3r2rk/5p1p/p2p1PnQ/1p3R2/4P3/4B2P/PPq5/R6K w - - 1 27	h6h7 h8h7 f5h5	1410	050y1315191n1o
aiiJL	2r3k1/5pp1/p2Qp2p/8/8/q1rR3P/2P2PP1/5RK1 w - - 0 24	d6a3 c3a3 d3a3	1410	0g0p1o1y
brH7S	rn3rk1/1p1b1p1p/p3n1p1/3NP1P1/6PR/4PN1B/PPq2P2/R3K3 w Q - 0 18	d5f6 g8g7 h4h7	1410	0u0y1315191o
cRLHR	5k2/p1p2rp1/2pb3p/3p1r2/3P4/1R2B3/PPP2PKP/4R3 w - - 8 24	b3b8 f8e7 e3g5 e7d7 b8d8	1410	0k0m0p1013161d
dmoi1	r2q1rk1/4bpp1/2p1p2p/1pPpB3/1P1Pb3/3BP2P/5PP1/R2Q1RK1 b - - 1 17	a8a1 d1a1 e4d3	1410	01191o
dqLhj	5rk1/ppQ2ppp/8/3n2b1/7q/2P5/PP4PP/4RR1K w - - 1 26	c7f7 f8f7 e1e8 f7f8 f1f8	1410	101316191n
igVuV	5rk1/2p3b1/2Q3pp/PR6/2Ppp1n1/3P2P1/4PPBq/5K2 w - - 2 30	c6e6 g8h7 e6g4	1410	010s11191o
iyVl7	r2q1rk1/2B2pb1/p3p2p/1pRp1bp1/3Pn3/1Q2PN1P/PP2BPP1/5RK1 b - - 2 18	e4c5 c7d8 c5b3	1410	0g191o
j4g7i	r1r3k1/pQq2p1p/1p1R2p1/8/8/7P/5PP1/4R1K1 w - - 1 27	e1e8 c8e8 b7c7	1410	010i0p1o
j84EA	3q4/5Qpk/2p4p/2Pp4/3r1PK1/4r1P1/8/7R w - - 1 37	h1h6 h7h6 f7h5	1410	050p13151g1n1o
jtK1Y	2b2k1r/rp3p2/p1nq4/P2N1p2/5P2/1N2Q1p1/1PP3P1/3R1RK1 b - - 1 27	h8h1 g1h1 d6h6 h1g1 h6h2	1410	050y101316191n
jxoYO	6k1/3R2p1/R6B/8/2rb4/7P/P4PPK/3r4 b - - 0 25	d4e5 g2g3 d1d7	1410	010j0p1o
kRtFJ	r3r1k1/2q2p1p/pn2bp2/1ppp1N2/3P4/PBP5/2PK1PPP/R2QR3 w - - 2 18	d1g4 g8f8 g4g7	1410	0y1315191o
kvX8c	r1bqk2r/pp2bpQp/2np4/1B6/6n1/5N2/PPP2PPP/RNB1K2R b KQkq - 0 9	e7f6 g7h8 f6h8	1410	011c1o1t
m6l7X	5rk1/pppq2pp/1n2p3/6N1/2PP2n1/8/PPQ1N1PP/5RK1 b - - 4 22	f8f1 g1f1 g4e3 f1f2 e3c2	1410	050g0s1019
nPRnO	5b2/p6p/3p2pk/2p3q1/3P2Q1/P1P3K1/1P4R1/RN5r b - - 10 29	g5e3 g4f3 h1h3 g3h3 e3f3	1410	050g0i0r10191g
oDHO0	r1b1kb1r/pp2pppp/3p4/q2n4/P3n3/5N2/1P2BPPP/RNBQ1K1R w kq - 0 10	e2b5 c8d7 d1d5	1410	010v0w1c1o
pRXRe	6k1/4qpb1/p5p1/1p6/7Q/P7/1P6/K6R b - - 0 36	e7a3 a1b1 a3b2	1410	0p13151g1o
pluFJ	r5k1/2b2pp1/p2q1R1p/1p1Pr3/3P2b1/2NQ4/PPB3PP/R6K b - - 0 20	e5e1 a1e1 d6h2	1410	0j0y1315191n1o
qeP5G	6k1/p1p1qpp1/2r1b2p/2P1Q3/8/4P1P1/P4PKP/R2R4 b - - 2 23	e6h3 g2h3 e7e5	1410	010j0p1o
qssm9	6k1/4Rp1p/6p1/3P4/8/1Q5P/5qPK/r7 b - - 0 30	f2f4 b3g3 a1h1 h2h1 f4g3	1410	0g0i0p10
rSf2T	8/q5k1/P4p2/6pp/2p1Q3/1P4P1/5P1K/8 w - - 2 49	e4b7 a7b7 a6b7	1410	000g0p1i1o
tvqCL	2r5/pb5k/1p5p/2n2pp1/2Bq4/P3rPP1/2Q2KP1/R6R w - - 0 27	c2f5 h7g7 f5f7 g7h8 h1h6	1410	0i10131619
u66kN	5rrk/3q1p1p/3pbb2/p3p1RQ/1pP1Pp2/3B1P2/PP3P1P/6RK w - - 0 25	h5h7 h8h7 g5h5	1410	050y1315191n1o
u9zlq	r1bq4/ppn2pkr/1n3Npp/3pP3/2p4Q/1B6/PPP2PPP/R3R1K1 w - - 0 22	f6h5 g6h5 h4d8	1410	010j191o
uQaVw	r5k1/pR4p1/6qp/5p2/2PB1Q1P/P2P2P1/5PK1/4r3 b - - 2 27	g6c6 f4f3 e1g1 g2g1 c6f3 b7g7 g8f8	1410	010i0p0s1g1w
ugfJN	8/1N2kpp1/p3pnp1/3p4/1PnP2P1/2P2P2/P1K1Q1Pr/8 b - - 0 24	h2g2 e2g2 c4e3 c2d2 e3g2	1410	01050p0s101g1n
yoRoM	r3k2r/1bqp1ppp/p1N1p3/1p5n/4P3/P1NBBP1P/1PP3Pb/R2Q1R1K b kq - 0 13	h5g3 h1h2 g3f1 h2g1 f1e3	1410	0g0k0m0s101119
0BALK	r1b1kb1r/1p3ppp/p1n5/q2Np1B1/4n3/5N2/PP1Q1PPP/R3KB1R w KQkq - 0 11	d2a5 c6a5 d5c7	1411	01191o
2Tb6x	6k1/q5pp/1rR3p1/3pP3/3Pr1P1/1P3N1P/1P6/1K3R2 w - - 0 29	c6c8 g8f7 f3g5 f7e7 f1f7	1411	0k0m0p0s101316
3AYsx	1br2n2/4kpp1/2q1p1p1/Rp1pP2r/5PQ1/2PB2BP/1P4P1/4R1K1 b - - 1 23	c6b6 g1h1 b6a5	1411	0g0s191o
65T7P	5rk1/p2Q1ppp/2R5/3p4/3q4/8/P3r1PP/5R1K w - - 1 24	d7f7 f8f7 c6c8 e2e8 c8e8 f7f8 f1f8	1411	0p13171n1w
6WUe0	1k2r3/p1p4p/7q/5p2/N5np/P4QP1/1Pr2PK1/3R1R2 w - - 0 25	f3b3 b8a8 b3c2	1411	0g0s191o
8yrwd	rn1qk2r/1bp2pb1/pp2p1pp/4N3/3nN3/3BB3/PPP2PPP/R2Q1RK1 w kq - 0 13	e3d4 d8d4 d3b5	1411	011c1o
9kiAw	4k2r/2pr1p2/p7/3p1Q2/4P1pb/2PKB3/PP1N2q1/5R2 w k - 0 30	f5e5 h4e7 e5h8	1411	0g0s191o
A3ZiD	r2qk2r/1pp1bpp1/p1n1p2p/3p1b2/2PPnB2/P1NBP3/1P1N1PPP/R2Q1RK1 b kq - 1 10	e4c3 b2c3 f5d3	1411	0g0j1c1o
AbOu9	2k3r1/ppp1nQ1p/4P3/8/1b6/8/PPP1q1PP/5R1K w - - 3 23	f7f8 g8f8 f1f8	1411	0p13151n1o
BBghS	r4r2/1p3pk1/2p5/3pN1p1/p2P4/1q1QP3/6PP/5RK1 w - - 0 28	f1f7 f8f7 d3g6 g7h8 e5f7	1411	050f0p101113161n
Bg6Rq	2k4r/pp1n1Q2/2p1p2p/3pP1qN/3P4/8/PPP2P2/1K1R4 b - - 2 22	h8f8 f7e6 g5h5	1411	010p1o
C7kfF	8/2R5/1Pp2k2/2Pp4/1n1Pn1KP/6P1/4r3/8 w - - 0 56	b6b7 b4a6 c7c6	1411	000g0p1o
DX6hF	r1b2k1r/pp2b1pp/2n3p1/2Q5/2pp4/8/PPP2PPP/R3R1K1 w - - 1 17	e1e7 c6e7 a1e1	1411	0d0g191n1o
ELUs6	8/p1R3p1/4rk1p/3Q1p2/P2Pp2q/4P3/3K1P2/8 w - - 0 43	d5d8 f6g6 d8h4	1411	0g0p111o1p
EQGmn	6R1/p6k/7p/6P1/6PP/2pb4/B3r3/3K4 w - - 3 39	g5g6 d3g6 d1e2	1411	0g0i0p1o
HJ1qU	1r6/1P6/8/2K5/pR6/P4kp1/8/8 b - - 1 70	g3g2 b4b1 b8b7 b1b7 g2g1q	1411	000g0i0p101h1m
Hvzx0	r3r1k1/2qb1ppp/5b2/1pB5/1P1p4/3P1Q1P/B1P2PP1/R3R1K1 b - - 0 23	e8e1 a1e1 a8a2	1411	0g191o
Hx662	r1b1r1k1/5ppp/8/p7/qb1Pp3/7P/P1R2PP1/1BBQ1RK1 w - - 5 21	c2c8 a4d1 c8e8 a8e8 f1d1	1411	0g0w1019
IVwd2	5rk1/2qnbpp1/4p1p1/1Q1p4/6P1/3P3P/4PPB1/BR4K1 b - - 0 24	f8b8 b5b8 d7b8	1411	0111191o
IiEJS	8/7p/8/6p1/5PPk/4K3/8/8 w - - 1 61	f4f5 h4g4 f5f6 g4f5 f6f7	1411	000g0p101e1l
Iu1v4	k2r3r/1p1b4/p2Qp3/3B3q/P7/2NP1n2/1PP3P1/R4K2 w - - 2 25	d6a6 a8b8 a6b7	1411	1315191g1k1o
JUpLT	r4k2/pppb2p1/8/8/3P1nqN/P1P5/4rPPP/1RQ2RK1 w - - 8 26	c1f4 g4f4 h4g6 f8f7 g6f4	1411	01050s10191n
JXMgF	6k1/1R6/p7/1pP5/6p1/6P1/r4P2/6K1 w - - 0 34	c5c6 a2c2 c6c7 g8f8 b7b8	1411	000g0p101m
Jlou2	8/PR6/8/r3kpp1/4p2p/7P/4K1P1/8 w - - 1 63	b7b5 a5b5 a7a8q	1411	00010i0p1h1m1o
NI9uq	r3r3/p1k2q1p/2p2pp1/8/2PQ4/5N1P/P4P2/3R1K2 w - - 1 31	d4d6 c7b7 d1b1 b7c8 d6c6	1411	0g0i0p10
OdMMn	8/4r3/1R1pkn2/p1p1p3/6pP/1P4P1/P5K1/5R2 b - - 0 55	f6d5 b6b5 d5e3 g2g1 e3f1	1411	0g0p0s10
P3one	r7/pp1bB1kp/2n2rp1/6q1/2B5/8/2P2PP1/Q4K1R w - - 1 21	e7f6 g5f6 h1h7 g7h7 a1f6	1411	0g0i0s1019
PTp00	4r2k/1p4bp/p2p2p1/4r3/2Pp4/3B1P2/PP1K2PP/R3R3 b - - 4 23	g7h6 d2c2 e5e1	1411	0g0i0p1o
RMTLR	r1b3rk/p4p1p/1qpp1PpQ/1p6/4PR2/3B4/PPP1N1PP/3n3K w - - 0 26	h6h7 h8h7 f4h4	1411	050y1315191n1o
Shk18	r1bqk2r/ppp1n1p1/4pp1p/4N3/2PPp3/4P3/PP3PPP/R2QKB1R w KQkq - 0 11	d1h5 g7g6 e5g6 e7g6 h5g6	1411	011019
Tbrdl	r4b1r/pp6/5nk1/3p1Rp1/2pp3p/5P2/PPP1BBPP/2KR4 w - - 1 23	f5f6 g6f6 f2d4 f6e6 d4h8	1411	010510191p
Tr98S	r4rk1/1b5p/p1p2bpQ/3pB1q1/8/1P4PB/P1P2P1P/R5K1 w - - 3 24	h3e6 f8f7 e6f7 g8f7 h6h7	1411	050g0y1019
UBPUW	rnbqkbnr/pp3pp1/2p4p/1B2p1N1/8/8/PPP2PPP/RNBQK2R w KQkq - 0 7	d1d8 e8d8 g5f7	1411	01051c1o
UaZtD	2RB4/5pkp/p2qp3/3p2p1/1b1P2N1/4PKPP/r4P2/8 w - - 0 40	d8f6 g7g6 c8g8 g6f5 g8g5	1411	0p1013161d
W8w1D	2r1k1nr/pQpb1ppp/3p2q1/1B2p3/8/2P1K2n/PP1N3P/R7 w k - 3 20	b7c8 e8e7 c8d7	1411	0g191g1o
XC5jm	2kr4/pb3p2/1p4p1/3p1q2/4pn1R/1P1P1B2/PBP2P2/2K4Q w - - 0 27	f3g4 f5g4 h4g4	1411	0g191g1o
Y2fSt	r3k2r/2q1bppp/2pp1n2/4p1Nb/1p2P3/2NPQ2P/BPP2PP1/R3K2R w KQkq - 0 15	a2f7 h5f7 a1a8	1411	040g0j191o
ZqdAw	8/R4p1p/2k2P2/1p1rr1p1/6P1/1PP5/R2p3P/6K1 w - - 2 34	a2a6 c6c5 a7c7	1411	0p0q13151m1o
ZrrZ4	2kr3r/ppp2ppp/5n2/4b2q/6b1/2N1B2P/PPP1BPP1/R2Q1RK1 w - - 0 13	e2g4 f6g4 d1g4 h5g4 h3g4	1411	010s1019
bVtvC	7k/p1p3p1/7p/4q3/1P6/P1P2PQ1/5RPK/4r3 b - - 5 36	e1h1 h2h1 e5g3	1411	0g0i0p1o
bWSiQ	8/2r3pp/R4p2/3Pp3/2k5/4K3/6PP/8 w - - 0 30	a6c6 c4d5 c6c7	1411	0g0p1m1o
bdFbj	2Q2r1r/5k1b/2p1p2p/3pPq1P/3P4/7N/P1P5/2KR4 w - - 4 30	c8d7 f7g8 d1g1 h7g6 g1g6 f5g6 h5g6	1411	0g191w
eAnW2	3r2k1/1b3ppp/p3p3/1p6/4N3/P1Pq1P1P/1PQ3P1/4R1K1 w - - 1 24	c2d3 d8d3 e4c5 d3d2 c5b7	1411	010p0s10
erF1o	r2qkbnr/pp3ppp/2n3b1/1BP5/3p4/5NN1/PPP2PPP/R1BQK2R b KQkq - 5 9	d8a5 c2c3 a5b5	1411	010s111c1o
f45Wl	2k2r1r/2p3pp/1p2p3/p1b1P1B1/2P4P/P4qP1/1P2Q3/2KR3R w - - 0 21	d1d8 c8b7 e2f3 f8f3 d8h8	1411	0g0w1019
iLa0Z	8/1p3p1p/2p1k3/1N6/8/8/PP1Q2rP/KR2r3 b - - 0 32	e1b1 a1b1 g2d2	1411	0g0p0w1o
j2W48	5rk1/5p1p/p3b1p1/q7/3Qn3/2N5/1PPR1R1P/1K3B2 b - - 2 26	e4c3 d4c3 a5a2 b1c1 a2a1	1411	10111316191k
kVFQW	7r/2q2k2/5p2/8/1P3P2/P4QPp/4R2K/3r4 w - - 0 38	f3b3 f7g7 b3d1	1411	0g0p0s1o
kWsUd	r3kb1r/pppq2pp/2np4/4p3/3n4/2N2N2/PPP2PPP/R1BQR1K1 w kq - 0 10	f3d4 c6d4 d1d4	1411	011c1g1o
kuXFA	5r2/p5k1/2P3p1/7p/1P3p1P/1Q3b2/P1Rq1R2/6K1 b - - 0 33	d2e1 f2f1 e1g3 c2g2 g3g2	1411	0p0r10111316
neVFW	4R3/8/3p1k2/2pP1b1p/5PpP/8/5PK1/1r3B2 w - - 5 39	e8f8 f6g6 f8f5 g6f5 f1d3 f5f4 d3b1	1411	01050p0r0s111n1w
ooNLQ	rn2Qb1r/1k2pP2/pp3p2/1Npp3p/2qP3P/5N2/2P2PP1/4R1K1 w - - 0 19	e1e7 f8e7 e8e7	1411	0g11191o
qCd9q	rq2kb1r/pQpbpppp/2n2n2/1B4N1/4p3/8/PPPP1PPP/RNB1K2R w KQkq - 3 8	b5c6 b8b7 c6b7	1411	011c1o
r4rl2	5bk1/2q4p/p3p1pP/8/5QP1/8/1PP5/2K2R2 b - - 0 31	c7f4 f1f4 f8h6	1411	0g0p1g1o
r8px7	6r1/p4k2/2p4Q/3p1p1P/6p1/1Ppq2P1/P4R1K/8 w - - 3 40	h6h7 g8g7 f2f5	1411	0g0p1o
sDJtS	8/5ppk/4p2p/4P3/3p3P/pRrP1N2/P4PP1/5K2 b - - 2 26	c3b3 a2b3 a3a2	1411	000g0p1o
t1rMV	r3qr1k/pb2b1p1/2n2nP1/1p1pQP2/2pP4/2P1PR2/PP1N3P/R1B3K1 w - - 3 22	f3h3 h8g8 e5e6 f8f7 g6f7 e8f7 h3h8 g8h8 e6f7	1411	000g0i0s191w
thCr4	2r5/5k2/5p2/1p2pP2/pP1pB2P/3P3K/br6/R5R1 w - - 0 36	a1a2 b2a2 e4d5	1411	010p1n1o
uqpql	r2qk2r/1pp2pp1/pn2p1p1/3nP3/1b1PN3/8/PP2BPPP/R1BQ1RK1 b kq - 2 13	d8h4 h2h3 h4e4	1411	01111c1o
vM4X0	6k1/1p4p1/p2p2rp/P1pPp2q/5r2/2P1QP2/1P1R2PP/6RK b - - 2 27	h5h2 h1h2 f4h4	1411	050p0y1113151n1o
vrB4I	8/8/7p/2B3p1/4p1P1/2kp3P/8/2K5 b - - 4 58	d3d2 c1d1 c3d3 c5g1 e4e3 g1e3 d3e3	1411	00080g0p1w
wPycg	8/p1p5/1p1rQ1nk/7p/3P1q1P/2P2P2/P3KP2/6R1 w - - 1 27	g1g6 h6h7 e6g8	1411	0p13151o1u
wbG4u	8/5PR1/1p2K3/1k6/2p5/8/5r2/8 w - - 0 58	g7g5 b5b4 g5f5 f2f5 e6f5	1411	0g0p10111m
wiiWv	2kr1b1r/1pp1p1p1/pq4b1/2N2p2/3n1P2/2N1Q3/PPP1B2P/2KR3R w - - 0 21	d1d4 d8d4 e3d4	1411	01191o
y2L2Q	r6r/pp2kp1p/4p1p1/8/3Qb3/P5Pq/5P2/R1R3K1 w - - 0 25	c1c7 e7f8 d4h8	1411	0v1315191o
yA25h	r2k1b2/ppp4p/4bpr1/3Np3/3n4/1BP5/PP1P1PPP/R1B2KR1 b - - 0 15	d4b3 a2b3 e6d5	1411	0b0g191o
zR8ds	r7/pp1q1kpp/2p1Rb2/3p4/6Q1/2Pp1N1P/P1n2rP1/3K3R w - - 1 25	e6f6 g7f6 g4d7	1411	010j191o
zcZIR	6r1/pb6/1k1q4/2p5/2Q5/4P3/PP1P1P1P/R1B1K3 b Q - 2 26	g8g1 e1e2 b7a6 c4a6 b6a6	1411	0g0p101g
0zQAd	2R3rk/1R3Qpp/p4n2/3p4/8/5PPK/4q2P/8 b - - 2 27	e2f1 h3h4 g7g5	1412	0p13151o
1C0l6	2k2r1r/pppq2p1/1b2p3/4p1Bp/Q2n4/3P2P1/PP2PPBP/2R2RK1 w - - 6 17	g2b7 c8b7 a4d7	1412	0g0i191k1o
1JRQT	1q2r3/1P3ppk/PQ5p/4P3/8/7P/r5P1/4R2K w - - 1 41	b6b1 h7h8 b1a2	1412	0g0p0s1o
1p8n1	r5k1/4bpp1/2p1p2P/2P1N2P/p2P1P2/q7/1rQK4/3R3R w - - 4 30	h6h7 g8h8 e5f7	1412	000i0y1315191o
3SeIU	1r6/4P2p/b4P2/3k4/3B3P/1p2K3/8/8 w - - 0 48	f6f7 b3b2 d4b2	1412	000g0p111o
3fiQ9	4r1k1/1p1P1ppp/p3r3/2P5/8/P4P1P/2R2QPq/2R2K2 b - - 0 34	h2h1 f2g1 e6e1 c1e1 e8e1 f1e1 h1g1 e1e2 g1g2	1412	01050p0v1w
424qG	5rk1/1R3ppp/4b3/p7/3B4/R2PP1P1/3r1PKP/8 b - - 2 23	e6d5 g2f1 d5b7 f1e1 d2c2	1412	010p0s10
4AqkE	7r/p2b1pk1/6p1/1pp5/3p1P2/3P3B/PPN3K1/7R b - - 2 40	d7c6 g2g3 c6h1	1412	0g0p1o1p
4PO7w	4r3/6k1/3pqpr1/p2R4/1p1QP3/1Pp4P/P1P4K/4R3 b - - 0 35	e6h3 h2h3 e8h8 d5h5 h8h5	1412	050p1013161n
529nc	r2qkb1r/p2b1ppp/4pn2/1B1p4/8/5N2/PPP1QPPP/R1B1K2R b KQkq - 5 10	d8a5 c1d2 a5b5 e2b5 d7b5	1412	0g101c
7Fiyb	1q4k1/5p2/4p1bB/3pP3/6pQ/5P2/7K/8 w - - 2 44	h4f6 b8f8 h6f8	1412	0g0p1o
9FNgz	1r2rk2/4p2p/p2pQbpn/q1p3N1/P7/4R2P/P1P2PP1/3R2K1 w - - 4 26	g5h7 f8g7 h7f6 e7f6 e6d7 h6f7 e3e8 b8e8 d7e8	1412	010j191w
9GgNs	4N3/p4pk1/3R4/2Pp2pp/1P6/P4nPK/2Pq3P/5Q2 b - - 0 34	g7f8 f1f3 g5g4 f3g4 h5g4	1412	010h0p0s101n
9Io6F	r1bq2kr/pppp2pp/3b4/n3N3/8/2P5/P4PPP/R1BQ1RK1 w - - 0 14	d1d5 g8f8 d5f7	1412	13151c1o
9adJG	3r1b2/1pk3p1/2p4p/4p3/p1b1P3/P1N1B3/1P4PP/2KR4 w - - 2 27	e3b6 c7b6 d1d8	1412	010i0p1o
ASNDI	r2r2k1/5ppp/pbn1q3/1p1ppb2/1P5N/P1NQP2P/2P2nPB/R3RBK1 w - - 0 18	d3f5 e6f5 h4f5	1412	01191o
B1u8A	5rk1/p3Qn1p/1bpr2p1/5q2/8/2B5/PPP1RPPP/4R1K1 w - - 19 34	e7f8 g8f8 e2e8	1412	050y1315191f1n1o
C1bYm	1r4k1/p2Q1pp1/7p/1q1p4/8/6P1/PP2RPPK/8 w - - 4 26	e2e8 b8e8 d7b5	1412	0g0i0p1o
C82vB	7k/8/8/8/1p1R3P/6P1/r7/5K2 b - - 1 51	b4b3 d4b4 b3b2 f1e1 a2a1	1412	000g0p10111m
CEwWT	3rr1k1/pb3pp1/2p2n1p/8/2P1pq2/1PN4P/P1B1QPP1/1R3RK1 b - - 0 24	d8d2 e2e3 f4e3 f2e3 d2c2	1412	011019
DXuAQ	r4r1k/1p4p1/p1p1R1pp/4P3/6P1/P5qP/1P1Q2B1/3R3K b - - 2 31	f8f2 d2f2 g3f2	1412	01191o
EHgth	r4r1k/3n3B/bp1p4/p6Q/5q2/5N1P/PP2KP2/6R1 w - - 2 26	h7d3 f4h6 h5h6	1412	0j0k1315191o
H5aX8	6r1/2kp4/7R/p1pP1p1K/PpB5/1P1P4/8/4n3 w - - 2 42	d5d6 c7c6 c4g8	1412	0g0j0p1o
HQ115	3r4/2R3pk/8/p7/1b6/1P5P/3p1P2/3R1K2 b - - 1 37	d8e8 f1g2 e8e1 d1d2 b4d2	1412	010p101l
IDckJ	8/1Qp2r1p/p3R1p1/kp2R3/3P4/Pq5P/1P1b4/K7 b - - 1 45	f7f1 e5e1 f1e1 e6e1 d2e1	1412	0g0p10
J3aDK	8/8/5p2/6p1/RN4P1/2r2k1K/7P/8 b - - 0 46	f3f2 b4d3 c3d3	1412	0j0k0p13151o
J3pFG	4R3/4P1pk/5r1p/4n2P/6P1/4K3/8/8 w - - 1 54	e8h8 h7h8 e7e8q h8h7 e8e5	1412	00050g0p0s101h
JkUFH	r1bqk2r/2p2pp1/p1n1p2p/bp1pN3/3P1n2/1QP4N/PP2PPPP/R3KB1R w KQkq - 0 12	e5c6 d8d6 c6a5	1412	010s0t191o
Kd2VQ	rn2kb1r/2pp1p2/p3p3/1p4qp/3P2n1/2PBPN1P/PP3PK1/R1BQ1R2 b kq - 1 11	g4e3 g2h1 g5g2	1412	0k0m13151c1o
Kh4ft	5r2/p1B3bk/1p5p/2q2pp1/8/1QP5/PP5P/K2R4 w - - 3 32	c7d6 c5c8 d6f8	1412	010p0s1o
KjlLO	r2k3r/ppp2pp1/2p1bn1p/8/1bB1P3/P1N5/1PPB1PPP/R3K2R b KQ - 0 10	b4c3 d2c3 e6c4	1412	01191o
LnXBt	1k1r4/p1q1n1pp/1pn2p2/1Bpr4/Q4P2/6PP/PP1RN3/1K1R4 w - - 0 26	d2d5 d8d5 d1d5 e7d5 b5c6	1412	011019
MXZ4G	5rk1/1pR1Rppp/2b5/3p4/p7/Br4P1/1P3PP1/5K2 w - - 6 31	e7f7 c6b5 f1g1 f8f7 c7c8 b5e8 c8e8 f7f8 e8f8	1412	0p13181d1n1w
Me6X2	8/8/5K2/1pk1r1p1/1R6/6P1/8/8 w - - 32 53	b4b5 c5b5 f6e5	1412	0g0p1m1o
NC8wH	2n4k/5p2/1n1P2p1/2BP2Pp/1p2P2P/2b2N2/q1B5/3Q1K2 b - - 2 38	a2c4 d1d3 c4c5	1412	010s191o
NWMwP	2k5/pp3p2/1qpnpb1p/4N1rP/3P1p2/P1N4P/1PP1QP2/4R2K w - - 3 24	e5f7 d6f7 e2e6	1412	0b0g0j191o
O4vrd	7R/2r1kp1R/1p1ppqp1/p7/4P3/PP3Q2/KPr2PP1/8 w - - 10 29	h8e8 e7e8 f3f6	1412	0g0i0p111o
OBmUu	8/PK6/8/1B6/5p2/6k1/r7/8 w - - 0 58	b5a6 f4f3 a7a8q	1412	000g0p1h1l1o
OG8b1	5r1k/1p3pR1/7B/p2pPPQ1/b2b4/2r5/6PP/4q1NK w - - 0 36	g7h7 h8h7 g5g7	1412	051315191n1o
RFM9m	6k1/6p1/4ppNp/7P/3pn1KP/1r6/8/2R5 w - - 0 32	c1c8 g8f7 c8f8	1412	0p0u13151o
Ryexa	r2qk2r/1Qp2ppp/p2bbp2/3N4/3P4/P7/1P2PPPP/R3KBNR b KQkq - 0 11	e6d5 b7d5 d6b4 a3b4 d8d5	1412	010j101c
SCSJh	8/8/p7/1k3pp1/2p1p3/P1P1P1P1/1P3P2/5K2 b - - 3 62	b5a4 f1e2 a4b3 g3g4 f5g4	1412	0g0p101e
TXtUu	Br6/8/R2rk3/1P1pnp1p/1R2p1pP/2P1P1P1/4K1P1/8 b - - 7 33	d6a6 b5a6 b8a8	1412	0b0g0p1o
TcFqt	7k/p3q2p/1n4p1/2p1r1N1/Pb1p3Q/8/B5PP/3R2K1 w - - 2 36	g5f7 h8g8 f7e5	1412	0g0j0k0s191o
TgjOD	2rb2k1/5Rp1/7p/2p1p3/1P2P3/1B5P/5PP1/6K1 b - - 0 30	c5c4 b3c4 c8c4	1412	010p1o
U83Qo	r2qk2r/pp1bnppp/8/1Bnp4/8/5N2/PPP1QPPP/R1B1K2R b KQkq - 5 11	d8a5 c1d2 a5b5 e2b5 d7b5	1412	01101c
UAMR2	r4rk1/p1p2pp1/1p1pq2b/8/2Q1P3/2NK4/PPP5/6RR w - - 2 22	c4e6 f7e6 h1h6	1412	01191g1o
UBJWU	6k1/6p1/1R2p1rp/1p1q1p2/3P1P2/4Q2P/5P2/1R3K2 b - - 0 32	d5h1 f1e2 h1b1	1412	010p1o1p
UeH6m	r4rk1/1p3pn1/p1nq4/3pp1Q1/5N2/P2P3P/1PP2PP1/R4RK1 w - - 0 20	f4h5 d6g6 h5f6 g8h8 g5h4	1412	010y1019
V0LKQ	rnbqkb1r/pp3pp1/2p2n1p/1B2p1N1/8/2N5/PPP2PPP/R1BQK2R w KQkq - 0 8	d1d8 e8d8 g5f7	1412	01051c1o
WbDJM	rn1qkb1r/pp3ppp/2p2B2/4p3/2B3b1/2NP1Q2/PPP2PPP/R3K1NR b KQkq - 0 8	g4f3 f6d8 f3g2	1412	011c1o
XXsP3	6k1/1q1n1p1p/2bBp1pb/NpP1P3/1r1P4/5N1P/5PP1/1Q3RK1 b - - 6 26	b4b1 a5b7 b1f1 g1f1 c6b7	1412	011019
ZSk07	2b3rk/2q2prp/p1pp1Q2/8/2P1Pp2/1P4P1/P4PK1/R6R w - - 0 27	h1h7 h8h7 a1h1 c8h3 h1h3	1412	050y101316191g1n
Zxqw7	r4r2/3R1nk1/1p2pqn1/p1p2p2/2P5/1PQ3P1/P1B2PK1/7R w - - 4 33	h1h7 g7h7 c3f6	1412	0g0i191o
an0KY	3r4/6R1/4P2p/pp1k2pP/P1p3n1/2P5/1B6/6K1 w - - 0 41	g7d7 d5e6 d7d8	1412	0g0p1o
bBeGx	6k1/pbN4p/1p2p3/2p2p2/2P5/P3q1P1/1P2QR1P/4n1K1 b - - 3 29	e1f3 e2f3 b7f3	1412	0g0p1o
bcvHG	8/8/6p1/3k1p1p/2r4P/2RK2P1/5P2/8 b - - 0 46	c4c3 d3c3 d5e4 c3d2 e4f3	1412	0g0p101m
bjc4c	r5k1/2r2pbp/4p1p1/3pP3/1pqB1P2/1PP4P/2Q3P1/1R2R2K b - - 0 33	c4d4 c3d4 c7c2	1412	0g0j191o
c1mpv	r1b2rk1/pp1n2qp/2pbp1p1/3p4/3P2N1/2PBQ3/PP3PPP/RN2K2R w KQ - 7 14	e3e6 g8h8 e6d6	1412	0g0s1c1o
ckfJw	r1b1k2r/pp3ppp/3b1n2/3Pq3/N4B2/3P4/PP2B1PP/R2Q1RK1 b kq - 2 14	e5d4 g1h1 d6f4	1412	0g0j0y191o
dF1e5	2bq2k1/5r2/2Qp3p/1Pp3b1/2P3P1/3P4/2N1B2P/5R1K b - - 0 31	c8b7 f1f7 b7c6	1412	0g191g1o
dhYEe	3r2k1/p5pp/3r2q1/5p2/Q2n4/2N5/PP3PPP/3RR1K1 b - - 3 25	d4f3 g1h1 f3e1	1412	01191g1o
ec4j4	5rk1/ppq3p1/2p3Qp/8/3P4/2P3nP/PP1N2PK/R1B5 b - - 0 28	g3f1 h2g1 c7h2	1412	0k0m1315191o
edHV2	6k1/5pp1/p1qp3p/3R4/1B3P2/7P/B5PK/8 b - - 1 35	c6a4 b4d6 a4a2	1412	010p0s111o
fLuk7	6k1/pR3pp1/5r1p/8/2P2B1b/P3R3/1P1r4/7K w - - 2 35	e3e8 g8h7 f4d2	1412	0g0j0p111o
gAV1x	7r/pp2Rpk1/3p1np1/1NpP4/2P2q2/1P4QP/P4PPK/8 b - - 8 26	f6g4 h2g1 f4c1 e7e1 c1e1	1412	0p1013161g
gISKV	5rk1/p4pbp/3pr1p1/q3p3/B1PnP3/1PN1Q3/P4PPP/1R3RK1 b - - 0 22	a5c3 e3c3 d4e2 g1h1 e2c3	1412	01050s10191n
gi1pI	4kbR1/2q5/p7/8/3N4/4Bb2/PPP5/2K5 w - - 0 31	g8f8 e8f8 d4e6 f8e7 e6c7	1412	050g0p0r0s101n
jSV9S	8/8/4k3/4n3/2P1R3/1PK2Pr1/8/8 w - - 8 43	c3d4 g3f3 e4e5	1412	0g0p1g1o
kcpxT	6k1/p3r1pp/1p3p2/2pPn3/8/P3B3/3Q1P1P/4r1RK b - - 7 38	e1g1 h1g1 e5f3 g1f1 f3d2	1412	050g0p0s10
kwoi9	r1b2bnr/ppppk2p/2n3q1/7Q/3PPp2/8/PPP3P1/RNB1KB1R w KQ - 0 10	h5g6 h7g6 h1h8	1412	010j1c1o
mzYpz	8/5kp1/p1p5/1p1pBp2/4rPp1/2P5/PP3K2/4R3 b - - 1 30	g4g3 f2g3 e4e1	1412	0g0i0p1o
nKOe4	4r1k1/1p4pp/1Pp5/2Ppq2Q/4n3/4P3/6PP/5RK1 w - - 0 31	h5f7 g8h8 f7f8 e8f8 f1f8	1412	060p1013161n
njXO9	8/5pp1/6p1/5k2/1P1PP3/8/8/4K3 b - - 0 38	f5e4 b4b5 e4d5	1412	0g0p1e1o
oX7Y0	1N3rk1/p4p2/2p1pQ1p/3p2p1/1P1Pb1P1/P3q2P/6P1/R4R1K b - - 0 26	e3h3 h1g1 h3g2	1412	0y1315191g1o
oiLPW	6k1/pp3n2/4Q1p1/3p1r2/8/bPq4P/P4PP1/3R2K1 w - - 10 38	e6g6 g8f8 g6f5	1412	010p0s1o
ore5t	r4rk1/p1pN1pp1/2p4B/3b3Q/8/1P1P3P/P1P2bPK/5q2 w - - 0 24	d7f6 g7f6 h5g4 g8h7 g4g7	1412	0y101316191n
qCuNW	r1b1kb1r/pp1n1ppp/1q2p3/2P1P3/2B1p3/6N1/PPP2PPP/R1BQK2R b KQkq - 0 9	b6b4 d1d2 b4c4	1412	010s1c1o
rM2W0	4r3/P5p1/6k1/1Q3p2/4r2p/8/2P2KPP/8 b - - 0 35	e4f4 f2g1 e8e1 b5f1 e1f1	1412	0p1013161j
s1W2b	r3k2r/1p3p1p/2p1pp2/p4b2/QbP5/3qPN1P/P2N1PP1/1R2K2R w Kkq - 2 14	b1b4 b7b5 c4b5	1412	01191o
sMrcP	r1bqk2r/ppp2ppp/5n2/3Pn3/1b6/2N5/PP2BPPP/R1BQK1NR w KQkq - 3 9	d1a4 c7c6 a4b4	1412	010s1c1o
sbUrF	1k6/2p5/1n4p1/3q1p2/8/Q3B2P/PPP2P2/2K5 b - - 2 28	d5h1 c1d2 b6c4 d2c3 c4a3	1412	0g0p0s10
sgJ8W	8/p7/1p1k3p/n4P2/P1pP3P/2P1r3/4N3/5RK1 b - - 4 33	e3e2 f5f6 e2e8 f6f7 e8f8	1412	010p0t101l
st1DB	8/8/1p1R3p/1R6/5Pk1/P5P1/1PP2q2/2K5 b - - 5 39	f2f1 d6d1 f1b5	1412	010p0s1j1o
uDm8N	4Qbk1/5pp1/7p/3P4/5N2/6P1/6KP/q7 w - - 6 58	d5d6 a1a2 g2h3 a2a6 d6d7	1412	000g0h0p101g
vlNCu	5r1k/pp6/2pp4/4pPq1/6p1/1Q1R1P1p/PPP4P/5RK1 b - - 0 31	g4f3 g1f2 g5g2 f2e1 g2e2	1412	0j0k0p0y101316
wrvXv	r1bqkb1r/ppp2ppp/5n2/3Nn1B1/8/5P2/PPP1P1PP/R2QKBNR b KQkq - 0 6	d8d5 d1d5 f6d5	1412	011c1o
xROoA	r3brk1/pp3q2/7p/6p1/4Q3/2PB2P1/PP3PP1/4R1K1 w - - 3 24	d3c4 f7c4 e4c4	1412	0g191g1o
0qPL6	5rk1/pp3pp1/8/4q1N1/6b1/4r3/PP3QP1/5K1R w - - 0 28	h1h8 g8h8 f2h4 g4h5 h4h5 h8g8 h5h7	1413	050s1317191n1w
0qx8m	3r3k/6p1/1Q4Pp/2p1p3/2Bq1n2/PP6/K2p3R/8 w - - 0 39	h2h6 g7h6 b6f6	1413	0p13151n1o
1Gyjd	8/R7/8/4p3/3p1kP1/5P2/4K3/7r b - - 3 54	h1h2 e2d3 f4f3	1413	010i0p1m1o
1uBXI	r4rk1/pp3pp1/2pq1n1p/3pnb2/3P4/1Q2PN1P/PP3PP1/R3KB1R w KQ - 0 13	d4e5 d6e6 e5f6	1413	010s191o
2nTls	1r4k1/1p3ppp/5b2/pN6/P1p1q3/Q4P1P/1PPR2P1/2K5 b - - 0 22	e4e1 d2d1 f6g5 f3f4 g5f4 c1b1 e1d1	1413	0g0i0p1k1w
35zws	6k1/4n1p1/p2p4/1p3p1p/1P3PnP/2QB1qP1/2KB4/8 w - - 0 38	d3c4 b5c4 c3f3	1413	0g0j0p111o
3MmTd	7r/1p5r/p3pp1P/P2p2k1/1P1P3R/2P2K2/7R/8 w - - 0 49	h4g4 g5f5 h2h5	1413	0p13151m1o
50sN3	8/2p5/2P2K2/1p5p/2k4P/2P2P2/5P2/8 b - - 0 33	c4c3 f3f4 b5b4 f4f5 b4b3 f6g7 b3b2 f5f6 b2b1q f6f7 b1g1 g7h8 g1f2	1413	000g0p1e1h1l1w
5a4M5	2r3k1/p4ppp/p1N5/3b2q1/8/5Q2/PP3PPP/5RK1 w - - 4 25	f3d5 g5d5 c6e7 g8f8 e7d5	1413	01050p0s101n
61s9L	1b2r3/5Qpk/p1b1P2q/1p6/1P1p4/P6P/2P1N1P1/R4R1K b - - 1 27	h6h3 h1g1 h3g2	1413	0y1315191g1o
6Slqa	3Q1bk1/1R5p/p3p3/7q/P7/2PKP3/1P4PP/8 b - - 12 37	h5d1 d3e4 d1d8	1413	0g0p1o1p
7E1XO	8/1pk5/1np1rpp1/Q1R5/2n2q2/8/P4PPP/1R4K1 w - - 4 34	c5c4 f4c4 a5b6	1413	01191g1o
7cKu6	2rk4/5R2/p3n1Qq/1p1pP2p/8/4b3/PP4PP/7K w - - 2 31	g6g8 e6f8 f7f8 h6f8 g8f8	1413	0g0p0r10
8Zdzn	rnbkr3/ppp3p1/5p1p/3pN3/3P4/2PB4/P1P1Q1Pq/R3KR2 w Q - 0 14	e5f7 d8d7 d3f5 d7c6 e2e8	1413	0g0i1019
8ZyWT	r1r5/4kp2/4p1p1/3bP2p/1p3N2/1n3PP1/P2pR1P1/1K1B3R w - - 0 30	f4d5 e6d5 d1b3	1413	0g0w191o
BghzR	q1kr3r/2p2p2/8/1NN4p/2P3n1/3P1R1P/1PQ3P1/6K1 b - - 0 25	a8a1 f3f1 a1f1 g1f1 g4e3 f1e2 e3c2	1413	01050s191n1w
BwTgd	3r1r2/pBp2pkp/1p6/2b5/4N3/1P3R2/P1P3PP/2KR4 b - - 4 20	c5a3 c1b1 d8d1	1413	0i1315191f1k1o
C9uPd	8/6p1/8/5k2/5P1p/4PK2/8/8 w - - 6 55	e3e4 f5f6 f3g4	1413	0g0p1e1o
DUt93	7r/6k1/1ppp1r2/p3p3/P3P1P1/2P1R1p1/1P1R2P1/6K1 b - - 0 40	h8h1 g1h1 f6f1	1413	050p13151m1n1o
FXkrX	3r2k1/1p1rnp2/pQ2q1pp/2p5/1PP4P/P1B1P1P1/5P1K/3R4 w - - 0 33	b6d8 d7d8 d1d8 g8h7 d8h8	1413	0y101316191d1y
G71yg	4r1k1/pp2P2p/8/2R5/4P1P1/6K1/P1p5/3r1R2 w - - 3 36	c5g5 g8h8 f1f8 e8f8 e7f8q	1413	000p1013161h1m
Gqnwt	1n3rk1/5ppp/4p3/3p4/1q1P4/3Q4/5PPP/2B2RK1 w - - 2 22	c1a3 b4c4 d3c4	1413	010p1o
IsNK4	2R5/p1p3pp/6k1/2pP4/2Pq4/5P1Q/Pr1r2PP/6RK b - - 8 27	d4g1 h1g1 d2d1	1413	050p13151n1o
Jm4sU	b2r2k1/1q1N2r1/pp2p1pp/2p5/P1P5/3P4/2P2QPP/5RK1 w - - 2 30	f2f8 d8f8 f1f8 g8h7 d7f6	1413	0r0y101316191n
L7bnw	3r4/3P4/5k1p/2r1Np1K/8/6B1/7P/8 w - - 1 60	g3h4 f6e5 h4d8 e5e6 d8b6	1413	0g0p101p
LFVtT	5rk1/7p/p5pb/8/P7/3RN1B1/4p1PP/6K1 b - - 3 36	h6e3 d3e3 f8f1	1413	0p13151o
LMPTG	r1b2r1k/1pq4p/p5p1/8/2QPp3/P1P1P1nP/1PBN2PK/R1B1R3 b - - 0 23	g3f1 h2g1 c7h2	1413	0k0m1315191o
NA5bG	5r1k/ppp3pp/8/4pn2/4Br1q/P1PP1P1P/1P4RK/R5Q1 b - - 6 26	h4h3 h2h3 f4h4	1413	051315191n1o
O8OnU	5r1k/pp1b3P/2r1p1Q1/2qp2N1/5P2/2P5/PP4P1/1K3B1n w - - 0 24	g5f7 f8f7 g6g8	1413	0y1315191n1o
PBUUo	r1b2rk1/pp4p1/2p4P/3pN3/3P1P1Q/2P1P3/3q4/5BK1 w - - 2 26	h6h7 g8h8 e5g6	1413	001315191o
Q69KP	rn2k2r/pp1bnppp/4p3/1N1pq3/8/4P3/P1PNQ1PP/1R2KB1R w Kkq - 0 13	d2f3 e5f6 b5c7 e8d8 c7a8	1413	010s101c
TFVZm	8/pp6/8/k7/Pr2R3/8/7P/6K1 w - - 1 31	e4b4 a5b4 h2h4 b4a4 h4h5	1413	0g0h0p101l1m
UKyUN	r3k2r/ppp2ppp/3q1n2/2bP4/2Bn2b1/3N1P2/PPP3PP/RNBQ1RK1 b kq - 0 9	d4f3 g1h1 d6h2	1413	0k0m0y1315191o
UQtSv	r5k1/1bp1rppp/p2q1n2/1pbP4/2pNP3/P1N5/1PBQ2PP/4RR1K w - - 7 23	d4f5 d6e5 f5e7	1413	010s191o
UkTMD	rn3rk1/1bp3q1/p2p1npp/8/3P4/2N5/PP3PPP/R1BQR1K1 w - - 1 18	d1b3 g7f7 b3b7	1413	010s1c1o
VV2mD	7r/p4pk1/1p3qp1/8/3QP1p1/P7/1PP5/2K4R w - - 1 35	d4f6 g7f6 h1h8	1413	0g0p1o
WChRy	r3kb1r/ppq2ppp/8/2p5/3nNp2/3PQ2P/PPP3P1/R2B1RK1 w kq - 0 15	e4f6 e8d8 e3e8	1413	0k0m111315191o
X71UT	r1b2qk1/1p1n2b1/2p5/p5N1/2P5/6N1/PPQ1B1P1/3R2K1 b - - 0 25	f8c5 g1h2 c5g5	1413	010s191o
XL11r	8/5k1p/3B4/1RP2pp1/3rp3/2b4P/5PP1/5K2 b - - 0 31	d4d1 f1e2 d1e1	1413	0p13151d1o
XSKYR	7r/p1p2kpp/r4p2/4P3/2b1P3/B1P2PP1/PK1R3P/6R1 b - - 0 22	h8b8 b2a1 a6a3	1413	010i0p1o
XnpL9	r4k2/ppp2rpQ/8/4n1Np/2qb4/8/5PPP/4RRK1 w - - 4 24	h7h8 f8e7 h8a8	1413	01191o1p
XoSc5	2k1Nb2/pp4q1/2np4/2p1p2p/4P2B/5N1b/PPPQ1PrP/3R1R1K b - - 0 18	g2h2 f3h2 g7g2	1413	0d0y1315191n1o
YEKz2	2rr2k1/pp3p1p/5Qp1/8/3q4/P5P1/1P3P1P/1R2R1K1 w - - 0 24	e1e8 d8e8 f6d4	1413	010i0p1o
bLUDZ	8/8/3p2p1/1PpP2k1/2P2q2/4Q3/4K1p1/8 w - - 0 50	e3f4 g5f4 e2f2	1413	0g0p111i1o
bowhl	2kr3r/1ppn1pp1/P7/4p2p/4P3/4q1PP/5PBK/RR6 w - - 0 25	a6b7 c8b8 a1a8	1413	001315191k1o
dCnTb	5rk1/3nbppp/bpp1p3/4P3/3P1B2/5N2/1R1K1PPP/rB5R w - - 6 22	b1h7 g8h7 h1a1	1413	010j191o
fXbb8	5rk1/4rppp/p1N2n2/5n2/1qPp4/1N1P3P/5PP1/R2QR1K1 b - - 1 24	e7e1 d1e1 b4b3	1413	010s191o
gmvqG	3k3r/2N2R1p/3p4/4p3/1P2b3/1BP5/1K1nq2P/3Q4 b - - 1 29	d2c4 b2a1 e2b2	1413	0k0m1315191o
h2tfG	2rr2k1/1p3ppp/1pn5/3p1b2/1P1Pp3/P3P3/2RNBPPP/5RK1 b - - 2 19	c6d4 c2c8 d4e2	1413	0g0y191o
h7dKm	6k1/4Rppp/1p1n4/p2p4/7P/2r2Q2/5PPK/2q5 w - - 0 27	f3f7 d6f7 e7e8	1413	060p13151n1o
hcEgM	6k1/p5b1/1p5p/5Q2/2q2p2/8/PP3BPP/3rR1K1 b - - 0 27	d1e1 f2e1 g7d4 e1f2 c4c1	1413	0p101316
i2Ope	r4rk1/1bq2p1p/p4p2/1p3N2/2P2P2/P3Q2P/2P3P1/5RK1 w - - 0 26	e3g3 g8h8 g3g7	1413	1315191o
i31VD	r1bq1rk1/1pp2ppp/3p1b2/4p3/1n2P3/3P1N1P/B1P2PP1/R1BQ1RK1 w - - 0 14	a2f7 g8f7 a1a8	1413	010j1c1o
j2VLf	3r1k2/Q3q1pp/2b1p1r1/8/2P2P2/6P1/PP5P/3R1RK1 w - - 1 23	d1d8 e7d8 a7c5 f8g8 c5c6	1413	010s1019
kPg2C	7r/1p1k1pp1/2r1pn2/PNPp4/1Q1P2p1/4PP2/5KPq/R6R b - - 1 30	g4g3 f2e2 h2g2 e2d3 h8h1	1413	0g0i0j1019
kUlH2	8/5k2/6rK/7P/8/8/8/8 w - - 0 57	h5g6 f7f8 h6h7	1413	0g0h0p111o
lMMji	1rq1r1k1/R3Bpbp/6p1/1p2p3/4P3/2P5/1P2Q1PP/3R2K1 b - - 0 24	e8e7 a7e7 c8c5 e2f2 c5e7	1413	050g0s1011191n
lN8O6	1k1r3r/ppp2Bp1/3q3p/1N2b3/3nP3/7Q/PPP3PP/2KR3R b - - 1 16	d4e2 c1b1 d6d1 h1d1 d8d1	1413	0i0j101316191k
mrMXr	r2q1r2/pbp3kn/1p1p3p/4pppQ/2B1P3/P1P3B1/2P2PPP/3RR1K1 w - - 0 17	g3e5 d6e5 d1d8	1413	01191o
n8kgw	r4rk1/pbqnnp1p/1pp1pbp1/4P3/1PB2B2/5N2/P1P1QPPP/3RKR2 w - - 0 16	e5f6 c7f4 f6e7 f8e8 d1d7	1413	00011019
o0uca	6k1/3Q1ppp/3bp3/p2p4/3Pb1P1/P3P2P/1r3q2/2RK2R1 w - - 0 29	c1c8 d6f8 c8f8 g8f8 d7d8	1413	050y101316191n
p9B4q	8/p5k1/8/7P/6q1/8/PP3P1K/4R3 w - - 0 31	e1g1 g4g1 h2g1	1413	0g0p111g1j1o
qbQuu	r3k1r1/pb1p1p1p/4p3/2p1Q3/1qP5/3BP3/P1RN1PPP/5RK1 b q - 0 17	g8g2 g1h1 g2g5	1413	0g0j0k0y191o
r076D	r1b1k2r/ppppn3/2nb1p2/3N3p/6q1/3BQ3/PPPP1PPP/R1B1K2R w KQkq - 8 12	d5f6 e8d8 f6g4	1413	0g0s1c1o
sGhcc	8/1r6/4k3/1PKR1p1p/5P1P/5P2/8/8 b - - 0 45	b7b5 c5b5 e6d5 b5b6 d5d4	1413	0g0h0i0p101m
sxX1o	r7/3q4/6kr/1Pp1p2p/PbPpNp1R/3P1Pp1/4K1P1/Q6R w - - 5 47	h4h5 h6h5 h1h5 g6h5 e4f6 h5g5 f6d7	1413	050g0s191n1w
uOrUq	6k1/Q4pp1/1p2p2p/4P3/8/3n1N1P/1qr2PP1/5RK1 w - - 3 40	a7a8 g8h7 a8e4 g7g6 e4d3	1413	010p0s10
uYeZB	3r2k1/pp3pp1/q3p2p/7n/3PP3/5P1P/P1Q1N1P1/3R3K b - - 2 21	a6e2 c2e2 h5g3 h1h2 g3e2	1413	050g0p0s101n
uw6U8	5r1k/6pp/pqRp4/1p1Qr3/1P6/P7/5PPP/5RK1 b - - 4 30	b6f2 f1f2 e5e1 f2f1 e1f1	1413	0p1013161n
vAir6	2r5/1k1n3B/4q3/1p6/3P4/6Q1/PP1b3P/1K4R1 w - - 7 36	g3g2 b7b8 g2d2	1413	010s191o
vETjd	1r5r/1p1k4/1P1p1p2/P1nPp3/4P1qp/3P1NP1/2Q2PK1/1R5R b - - 3 30	h4h3 g2g1 g4f3	1413	010i191o
vOD6Z	1rbr2k1/ppN2ppp/1qnQ4/8/8/6P1/PP4BP/4RK1R w - - 4 19	d6d8 c6d8 e1e8	1413	061315191n1o
vdBsD	1r1k3r/pp3B1p/4Q1p1/8/3bP3/7P/P5PK/5q2 w - - 0 28	e6d6 d8c8 f7e6	1413	0p0s13151o
wWpre	6k1/4qpp1/1p2p2p/3pP3/3P4/r3P3/3n2PP/1QR3K1 w - - 0 30	c1c8 e7f8 c8f8 g8f8 b1b4	1413	050g0p10
wp8Pa	r3r2k/3Q1Rpp/p5q1/1pp5/8/8/PPP3PP/5RK1 w - - 2 26	d7e8 a8e8 f7f8 e8f8 f1f8	1413	060p1013161n
xNXpV	3r4/p5pp/2p2pb1/2N1pk2/8/5P2/PPP3PP/2K1R3 w - - 6 24	g2g4 f5f4 c5e6 f4f3 e6d8	1413	0g0p0s10
z77GN	r1b1k2r/pp4pp/1q2pn2/3p4/1b1P1P2/5N2/PP1B2PP/R2QKB1R w KQkq - 0 13	d1a4 c8d7 a4b4	1413	0g191o
0ODMI	6r1/pp2kp2/7R/2bpP3/7P/6B1/PP3PP1/2K5 b - - 0 27	g8g3 f2g3 c5e3 c1d1 e3h6	1414	010p0s101n
0UEi0	8/3p2k1/1p1Pp2p/p1p1P1p1/2P2R2/1P5P/P5P1/5K2 b - - 0 34	g5f4 g2g4 f4g3 f1g2 g7g6	1414	0g0h0o0p10
2BKxG	8/6P1/5K2/2k5/1p3R2/8/8/6r1 w - - 0 67	f4f5 c5c4 f5g5 g1g5 f6g5	1414	0g0p101m
3NKMI	r2qr1k1/1p1n1ppB/2p5/p1Qp2Bb/3P4/4P3/PP3PPP/1R3RK1 b - - 0 17	g8h7 c5c2 h5g6	1414	010t11191o
3kJgO	3r2k1/1pp1b1pp/8/3P4/pP3rQ1/P4PP1/4R1K1/4q3 w - - 0 28	g4e6 f4f7 e2e1	1414	010p0s1o
5iwqm	r1bq1rk1/p4p1p/5p2/3P4/4Q3/8/PP3PPP/R3KB1R b KQ - 0 14	f8e8 e4e8 d8e8	1414	0g191g1o
6N3bD	r1b1qrk1/1pp3pp/1pnp4/1B2p1B1/1P2n3/P4N2/2P2PPP/R2Q1RK1 w - - 0 14	d1d5 g8h8 d5e4	1414	010s191o
7989c	1rbqr1k1/p2p1ppp/2p5/8/1PBn4/P1Np2P1/1B1P1P1P/1R1QR1K1 b - - 0 17	e8e1 d1e1 d4f3 g1g2 f3e1	1414	01050s10111c
8bIHp	rnbq2nr/pppp1k1p/6p1/2b1p2Q/8/4P3/PPPP1PPP/RNB1K1NR w KQ - 0 5	h5e5 g8f6 e5c5	1414	010s1c1o
9teOC	r2q2k1/pp3bpp/2p3n1/3p4/3P4/4QR1P/PPP3P1/4R1K1 w - - 1 22	f3f7 g8f7 e3e6 f7f8 e1f1	1414	01050y10191n
9vsYZ	r4k1r/ppp2pp1/7q/3N4/3n4/3B4/PPP2PQ1/R4RK1 b - - 0 18	d4f3 g2f3 h6h2	1414	0y1315191n1o
AAidp	8/1kp5/3p4/3P4/8/1Q4P1/p2K4/7r b - - 1 42	b7c8 b3a4 a2a1q a4a1 h1a1	1414	000g0h0p101h1j
ApOZH	3r1br1/p3pkpp/2Q1R3/2p5/2P2p2/1PqP4/P5PP/4R1K1 w - - 0 29	e6e7 f8e7 c6e6 f7f8 e6e7	1414	0d101316191n
CLic4	2k1r3/1pq1b1p1/p7/6Q1/1PP5/P6P/4rPP1/3R1RK1 w - - 1 28	g5g4 c8b8 g4e2	1414	0g0s191o
CR4o9	rnb2k1r/1p1n2p1/p3p2p/2bpq3/7Q/3B4/PPP1NPPP/R1B2RK1 w - - 0 14	h4d8 f8f7 d8h8	1414	010s1c1o1p
CfVSV	1k5r/ppp5/8/1R6/3pPr2/1P1P1B2/P1P2qPP/R3Q2K b - - 6 24	h8h2 h1h2 f4h4	1414	050x0y1315191n1o
DWTH5	3Q2rk/p1r3pp/2pp4/1p6/8/2B2R2/PP2q1PP/5R1K b - - 1 33	e2f1 f3f1 g8d8	1414	01191o
DkoTt	2r2rk1/p4qpR/1p2p1Q1/n3Pp2/3P4/P1P2R2/6PP/6K1 w - - 2 25	h7h8 g8h8 f3h3 h8g8 g6h7	1414	050y101316191n
E3vMh	2k2rr1/ppp1Q2p/5n2/8/8/2N1B2K/PPq1B2P/R6R b - - 2 20	c2f5 h3h4 g8g4 e2g4 f5g4	1414	0r101316191n
FAQeO	r6r/p7/b6p/2kp4/8/6Q1/P1qp2PP/1R4K1 w - - 4 30	g3c7 c5d4 c7c2	1414	0g0p1o1p
FKgs9	4r1k1/2Q3bp/r1N2pp1/4p3/8/1P2P1BP/2q2PP1/5RK1 w - - 1 27	c6e7 e8e7 c7c2	1414	0g0j191o
FWRKV	3r2k1/5p1p/Bp2pp2/p7/n1P2B2/8/5PPP/1R4K1 b - - 0 22	a4c3 b1e1 c3e2 g1f1 e2f4	1414	010p10
Fv7Nr	6k1/pp1b4/2p2bN1/3p4/3P1Q2/2P4P/qP2N1P1/6K1 b - - 2 33	a2b1 g1h2 b1g6	1414	010p0s1o
G1ZPs	2kr1b1r/pb3ppp/1ppq4/3Nn3/Q7/8/PPP2BPP/2KR1B1R w - - 4 16	d5b6 a7b6 d1d6	1414	0g0j1c1k1o
GAysP	2kr1bnr/pppn2pp/5p2/8/3PB3/8/PPP2PPP/RNB1K2R b KQ - 0 10	d8e8 e1g1 e8e4	1414	01191g1o
GY4Ty	8/1pkn4/p6p/6p1/4Q3/1q2N3/4r2P/3R3K w - - 2 38	e3d5 c7b8 e4e2	1414	010j0p111o
IhT3n	6k1/ppp3p1/2n2qNp/8/4Q3/6P1/P5KP/8 w - - 3 35	e4e8 g8h7 g6f8 f6f8 e8f8	1414	0g0p10
JsSU6	8/p4Qpk/7p/1bp1P3/8/5N1P/5qPK/8 w - - 0 36	f3g5 h6g5 f7f2	1414	0g0j0p1o
Jx0nb	3q2k1/3P1ppp/6P1/2K2Q1P/3p1P2/1P6/2P5/r7 w - - 1 43	f5f7 g8h8 f7e8 d8e8 d7e8q	1414	000p1013161h
LZ5Y5	5rk1/pRQ3pp/8/2P1r3/8/8/q4PPP/5RK1 b - - 3 26	a2f2 f1f2 e5e1 f2f1 f8f1	1414	0p1013161n
LbYnw	8/5Rpk/7p/p7/6Q1/1P5P/1q2r1P1/7K w - - 4 44	g4f5 h7g8 f7f8	1414	0p13151o
NEIer	6r1/1q2kp2/4p2Q/p1p3p1/P1Pp4/1P5P/5PP1/4R1K1 w - - 5 37	e1e6 f7e6 h6h7 e7f6 h7b7	1414	0g0p0s101n1p
NSI51	4rk2/p4pp1/1p5p/2pqr3/Q7/3PR1P1/PPP4P/4R1K1 w - - 0 28	a4e8 f8e8 e3e5 d5e5 e1e5	1414	050g0p0s0w10
NiR3X	4r1k1/3n1p1p/5Bp1/pP6/8/5P2/PP4nP/1K3B1R b - - 2 24	e8e1 b1c2 g2e3 c2d2 e1f1 h1f1 e3f1	1414	010p11121w
OgJfL	r1bqk2r/ppp1ppbp/3p4/7Q/2BnP3/2N5/PPP2PP1/R1B1K1N1 w Qkq - 0 9	h5f7 e8d7 f7g7	1414	01040s1c1o
PB9Up	1r6/1n3rk1/p2p1R1R/8/8/1P4P1/6P1/6K1 w - - 1 42	f6g6 g7f8 h6h8 f8e7 h8b8	1414	0g0p0r101p
PYpTo	6k1/Q4p1p/1p1r2p1/2p5/5P2/1P4P1/P3R1KP/q7 w - - 1 32	a7b8 g8g7 b8d6	1414	0g0p0s1o
SbGKa	rnbqk2r/1p3ppp/p4n2/2b1p3/2P5/PN3N2/1P2PPPP/R1BQKB1R b KQkq - 1 9	c5f2 e1f2 d8d1	1414	040g0i1c1o
ScT9K	5rk1/4nppp/4Q3/pqppP2P/1p1P4/5RB1/PP4P1/5R1K b - - 0 27	b5f1 f3f1 f7e6	1414	010w191o
TbQN5	5rk1/pQ3ppp/8/2P5/P3n3/4P2P/2qr2P1/1R3RK1 w - - 1 27	b7f7 f8f7 b1b8 d2d8 b8d8 f7f8 f1f8	1414	0d1317191n1w
Tk9JP	5nk1/p3q2p/1p2pRrQ/3pP1N1/3P2K1/P1P5/1P6/8 w - - 0 33	f6f8 e7f8 h6h7	1414	0i0p13151o
UQM8D	8/8/p5kp/P1p5/6KP/1P6/8/8 w - - 3 53	h4h5 g6f6 g4f4 f6e6 f4e4 e6d6 e4f5	1414	0g0h0p1e1w1z
VdFe4	8/8/8/3P4/8/6k1/4Kp2/8 w - - 2 70	e2f1 g3f4 d5d6 f4f5 d6d7	1414	000g0p101e
WfhpP	rn1q1rk1/1pp1nppp/1b6/3p1b2/1P1P1B2/2NBPN2/5PPP/R2Q1RK1 b - - 0 13	a8a1 d1a1 f5d3	1414	01191o
XIkI6	r2q2r1/5ppk/3b3p/pp1PpN2/1Pp1P3/P2n1P1P/3QKP2/R1B3R1 w - - 6 23	g1g7 g8g7 d2h6 h7g8 h6g7	1414	05101316191n
XsbDm	2k5/2p1q3/4bp2/R3p3/P3P3/3QP2p/1r6/5N1K w - - 10 39	a5a8 b2b8 d3a6	1414	0g0p1o
Yfapf	r7/1p3p1k/1bp1bP2/p3p2p/2P1P2q/P2B2RP/1P4QK/8 w - - 1 31	g3g7 h7h8 g7h7 h8h7 g2g7	1414	050r101316191n
Zw8cO	2kr3r/1ppR1ppp/2n5/p1B1Pb2/2P2Q2/2P5/PP2p1PP/2K2B1R b - - 0 16	e2e1q d7d1 e1d1	1414	001315191h1k1o
aCJLe	r2q1rk1/bpp3p1/p1np3p/3p3n/P3P3/5N2/1P3PPP/R1BQRNK1 w - - 0 15	d1d5 f8f7 d5h5	1414	010s111c1o
aSO4U	N6k/pp4p1/3p2qp/3R4/8/6Pb/P4P1P/R2Q2K1 b - - 1 22	g6e4 d1f1 h3f1 a1f1 e4d5	1414	010p10
atTVW	r1b1r1k1/pp3ppp/2p2b2/4n3/4Q3/2P1B2P/P1B3P1/qN2K1NR w K - 4 15	e4h7 g8f8 e3c5 e8e7 h7h8	1414	0y1013161c1g
azrZc	8/8/p3Qrk1/2p5/2p5/PnN5/KP6/6q1 w - - 28 56	e6g8 g6h6 g8g1	1414	0g0p1o1p
bKudZ	4r1k1/p1p2p1p/2Q2bp1/8/8/qP2P3/P1P1K1PP/3r3R w - - 0 23	c6e8 g8g7 h1d1	1414	010p0t0w1o
boBfG	1r6/2pn2k1/1p5p/p1P4Q/P2Ppr1P/2P4q/4P2N/R6K w - - 0 30	a1g1 g7f8 h5h6 f8e8 h6f4	1414	0g0i0s101119
bpRK8	1Q6/3Q4/P4kpp/8/3p1P1K/6P1/7P/7q b - - 0 56	h1h2 d7h3 g6g5 f4g5 h6g5 h4g4 h2e2	1414	0p13171i1w
ccmRb	4q1k1/pp4bp/3p2p1/3Pr3/1PQ1nRB1/4P2P/P7/3N3K w - - 3 31	g4e6 g8h8 f4e4 e5e4 c4e4	1414	011019
cuRBg	4r3/pp4pp/2p2nqk/5Q2/7P/P7/1PB1r3/RK1R4 w - - 2 26	f5f4 h6h5 c2g6	1414	0g0j191o
dcYzv	3r3k/6p1/2p4p/4Q3/2P5/5PP1/2PBR1KP/q2n4 b - - 4 36	a1e5 e2e5 d8d2	1414	010p1o
doTMK	8/8/1nNp2kp/2p1b1p1/1p2PpP1/1P1P1K1P/1r3P2/1R6 w - - 0 41	c6e5 g6f6 b1b2	1414	010p0w1o
fvtWV	2kr3r/ppp2ppp/2p1bq1n/2b5/4P3/2N2Q2/PPP1BPPP/R1B2RK1 w - - 6 10	f3f6 g7f6 c1h6	1414	0b0g191o
gUmqP	2r4k/3nbR1p/3q2p1/p3p1P1/4Q3/1Bp1B2P/P7/6K1 w - - 4 37	f7h7 h8h7 e4h4 h7g7 h4h6	1414	05101316191n
gfSua	r3rk2/4p2p/1q1PQnp1/p1p5/5P2/6PP/P5B1/5RK1 w - - 0 25	d6e7 f8g7 e6b6	1414	000g0j191o
glVoD	rnb1k1nr/ppp1bppp/8/3q4/3P1B2/5N2/PPP3PP/RN1QKB1R b KQkq - 1 6	d5e4 f1e2 e4f4	1414	010s1c1o
ha5fj	r4Bk1/1b3p1p/pp4p1/2p5/2PN1nn1/1P4P1/P2PB2P/R2QR1K1 b - - 0 22	f4h3 g1f1 g4h2	1414	0i0y1315191o
i75aO	r3r2k/1p2b1Rp/p6B/3pn2p/3q4/6Q1/PP4PP/R6K w - - 0 25	g7h7 h8h7 g3g7	1414	050y1315191n1o
i7YaP	6k1/5bq1/2p2r2/p3R1Np/P1Q5/1PP2p2/5Pp1/6K1 w - - 2 36	e5e8 g7f8 e8f8	1414	0g0p1g1o
iHxEV	8/3r2kp/p2r1qp1/2pB1p2/4P3/1pP4P/P5P1/4QRK1 w - - 0 29	e4e5 f6e7 e5d6 e7e1 f1e1	1414	010p0s10
iRFh1	2r5/1b2p1kp/p5p1/5p2/QP1Ppn2/2r1N3/PK3PPP/2R4R b - - 3 28	f4d3 b2a1 c3c1 h1c1 c8c1	1414	0i0s10131619
kuzMs	r2r2k1/1p1qQ1pp/2p5/8/p6P/8/PP6/1K2RR2 w - - 2 31	f1f8 d8f8 e7d7	1414	010i0p1o
lQMKA	r2b4/8/1kpQ1p2/p2p4/3Pq3/1P2P2R/7K/R7 b - - 3 42	d8c7 d6c7 b6c7	1414	0g0p1g1o
lmaUk	4Qn1k/pp5p/2p3pq/3p4/3P4/P1P2P1r/B1P2R2/4R1K1 b - - 1 33	h3h1 g1g2 h6h2	1414	0y1315191o
memnH	r2kb1Q1/1pp2B1p/p2p4/4P3/q4PP1/8/P5P1/4RK2 b - - 0 25	a4f4 f1g1 f4f7	1414	0g0p1o
mhPUf	8/pp1k1ppp/8/2Nq4/5n2/2QP1P2/PP4PP/2K5 b - - 2 25	d5c5 c3c5 f4d3 c1d2 d3c5	1414	01050i0p0s101g1n
mi5KQ	2kr3r/Qpp2pp1/3p3p/3Pb3/2P3n1/1P1B4/P5P1/qN3RK1 w - - 0 21	d3f5 d8d7 a7a8	1414	0s1315191g1o
munb4	4r1k1/1p2bppp/p1q5/6P1/P6P/5Q2/1P2NPK1/RN1r3R b - - 7 26	c6f3 g2f3 d1h1	1414	0g191o
nCyey	rn1qkb1r/1p3ppp/p3bn2/3Np1B1/4P3/8/PPP2PPP/R2QKB1R w KQkq - 1 10	d5f6 g7f6 d1d8 e8d8 g5f6	1414	01050j10111c
pmXQE	8/8/4p3/3pP3/1k3P1P/2R3P1/P2K4/6r1 b - - 2 51	g1g2 d2d3 g2g3 d3d4 g3c3	1414	0g0p0r0v101m
qCbH2	r5k1/1pp2pp1/p1n3rp/4p2n/4P2q/B1PB1Q2/P1PR1P1N/6RK b - - 9 23	g6g1 h1g1 h4g5 g1f1 g5d2	1414	01050r0s1019
qI8tL	r2qkbnr/ppp2ppp/2np4/4N3/2B1Pp2/2N5/PPPP2PP/R1BbK2R w KQkq - 0 7	c4f7 e8e7 c3d5	1414	0413151c1o
rNuuT	5rk1/p6p/2Qp2p1/2p3q1/4Pr2/1P1P3P/P1P3P1/R4RK1 b - - 0 22	f4f1 a1f1 g5e3 g1h2 f8f1	1414	0g0i0p0y10
rSKmE	8/2p1R1pk/2R4p/p5q1/P7/2PP1p1P/5Pr1/4Q2K b - - 1 39	g2h2 h1h2 g5g2	1414	050p13151n1o
rcmN5	4k3/pp4p1/2p1P2b/8/4p2B/2P3PP/PP2K3/8 b - - 1 38	g7g5 h4g5 h6g5	1414	01080p1o1t
sAED3	r3r3/p2q4/1p1p1k1p/3Qb1p1/5p2/5P1P/PP3P1B/R3R1K1 w - - 4 24	e1e5 e8e5 d5a8 e5e8 a8d5	1414	010i1019
tIhSO	r2b1r2/5pk1/1p1Q2p1/p1p1P3/2Pp4/P6P/2q2PP1/R1B1R1K1 w - - 4 26	c1h6 g7h6 d6f8	1414	050g0i191o
tWLZG	r5kr/5p2/2p1pQpp/q2pP3/p4P2/2R5/PPP3PP/R5K1 b - - 5 25	a5b6 g1h1 b6b2	1414	0g0p1o
uqos3	3k4/5r2/P2p4/3P4/Q5PP/1K6/5r2/8 b - - 10 56	f7f3 b3b4 f3f4 b4a5 f4a4	1414	0g0p0r101j1p
wCvob	r3k2r/pbq4p/1p1pn1p1/1P4B1/4P3/P1Q4N/6PP/4K2R w Kkq - 0 20	c3h8 e8d7 h8h7	1414	0g0t0v191o
wnur9	r7/1p2Qpkp/p5q1/8/3r2P1/P1N5/1PP2P2/1K5R w - - 0 26	e7e5 g6f6 h1h7 g7h7 e5f6	1414	0g0i0p0s101g
xaX7z	q5k1/3nbppp/2n5/3Np3/4P3/5PP1/2Q2BKP/8 w - - 4 28	c2c6 a8c6 d5e7 g8f8 e7c6	1414	01050b0s10191n
yXhsm	r1b1kb2/1ppq1p2/3p1p1p/3Qn3/8/1P2PN2/PBPN1PrP/R3K2R w KQq - 0 13	f3e5 f6e5 d5g2	1414	0g0j191o
ytWpJ	r1b1k2r/pp3p1p/2p2p2/3P4/8/2NBPQq1/PP6/R4R1K b kq - 1 16	g3h4 h1g1 h8g8	1414	01191o
zQiq0	7k/b1p5/p1pp3p/6r1/1P1P1p1r/P4PqP/3Q1RP1/4NR1K b - - 0 30	h4h3 g2h3 g3h3 f2h2 h3f1	1414	0i0y101316191n
zcbwp	r1bqkbnr/pp3ppp/2n5/1BP1p3/3pP3/5N2/PPP2PPP/RNBQK2R b KQkq - 1 6	d8a5 c2c3 a5b5	1414	010s1c1o
zzKa1	5Bk1/p5pp/b1p5/3p4/5qn1/2N3Q1/PPP3PP/R5K1 b - - 0 22	f4d4 g1h1 g4f2 g3f2 d4f2	1414	0g1019
0LZqn	r1q3k1/1Q3p2/3P2p1/p6n/P4p2/7P/5PP1/4R1K1 w - - 1 38	b7c8 a8c8 d6d7 c8f8 e1e8	1415	000g0p10
19TaN	6k1/1p4p1/1p5Q/q1p2r1n/3p2R1/1P1P3P/1PP1N1P1/6K1 b - - 0 24	a5e1 g1h2 e1e2	1415	010p0s1o
1ExOC	4r3/p3k3/1p3R1p/3p1p2/3P1p2/4rq2/PP6/2Q3KR w - - 2 43	c1c7 e7f6 h1h6 f6g5 c7g7	1415	0p0r1013161n
1bUvD	8/8/p1p5/P1Pk2p1/1P1p2P1/7P/3K4/8 b - - 3 52	d5c4 b4b5 c4b5 h3h4 g5h4	1415	0g0p101e
4Ujf9	6k1/5pp1/7p/p7/PpQ5/1P2rP2/K1P3PP/4r3 b - - 0 29	e3c3 c4c3 b4c3	1415	0g0p1j1o
4ZtlE	1R6/6p1/7p/5k2/7P/P4N2/1P3nPK/3r4 b - - 4 33	d1h1 h2g3 f2e4	1415	0p13151o
59ziK	1k5r/pp1n4/3p3q/8/3PP3/4Q3/PP1N1P1P/2R3K1 b - - 2 25	h6h2 g1f1 h2h1 f1e2 h1c1	1415	0g0p101p
5dyKq	3qk2r/5pp1/5b1p/2B1pP1B/4P1P1/7P/3p4/5QK1 w k - 0 34	f1b5 d8d7 h5f7 e8f7 b5d7	1415	04050g0i0p101g
5pPni	4Rnk1/4rp1p/3p2p1/2pP1b2/1pP4q/1P1P2R1/1Q3P1P/6K1 w - - 6 29	e8f8 g8f8 b2h8	1415	050y1315191n1o
77bAV	3qk3/pp2b3/2rpQ3/3Np3/4P3/8/PPP2P2/2K5 w - - 4 30	d5f6 e8f8 e6g8	1415	0p13151o
7GIk6	r1b1r1k1/ppp2ppp/8/1P4NQ/8/P2q4/3p1PPP/R4RK1 w - - 0 19	h5f7 g8h8 f7e8	1415	0s1315191o
7uaEO	3r2k1/1Q3pp1/pq1b3p/2N5/1P1P4/P6P/5PP1/4R1K1 b - - 4 36	d6c5 b7b6 c5b6	1415	010p1o
8J5Hp	8/2p1qk1p/Q3bp1p/8/3rP3/1PN2P1P/P5P1/R5K1 b - - 0 22	e7c5 g1h1 c5c3	1415	010p1o
95EPo	8/1p6/p3Pk2/5n2/1PP2Npr/P6P/7K/4R3 b - - 0 38	g4g3 h2g2 h4f4	1415	010j0p1o
9EeYS	6k1/7R/p1n1r1p1/1p6/2pP2P1/6KR/Pr5P/8 w - - 0 33	h7h8 g8f7 h3h7 f7f6 h8f8 f6g5 h2h4	1415	0p0r13171w
9FEbA	3Q4/8/5pP1/4pP2/2R1P3/1k1n4/6r1/1K6 b - - 0 51	g2g1 c4c1 g1c1	1415	0p111213151o1r
BKr81	6rk/pR6/4b2p/2p5/3p2P1/3P2QP/P1q2N2/7K b - - 1 29	e6d5 h1h2 d5b7	1415	0g0p0s1o
C6Zlp	2k4r/R1Br4/4B2q/1p6/4P3/2K3p1/PPP5/8 w - - 0 42	e6d7 c8d7 c7f4 d7e6 f4h6	1415	0g0j0k0p0r10
CmGye	6rk/6p1/2p3Qp/8/8/3R2PP/2q2NK1/8 b - - 4 40	g8f8 d3f3 c2g6	1415	010p1o
CrYQZ	7r/p3bkpp/2Q1p2q/8/2P5/P2r1N2/1P3PPP/4R1K1 w - - 1 24	f3e5 f7f8 e5d3	1415	0g0s191o
FLKJR	5r2/2p5/1p1p2k1/3P1b2/2P1qPpr/P1QpP3/1B1R4/4R1K1 w - - 0 39	c3g7 g6h5 g7g5	1415	0s1315191o
FY1Yl	4r3/p3q3/1p2nk1p/2p2pp1/2Qb1p1n/PBN4P/1P1B2P1/4R2K w - - 2 31	c3d5 f6g7 d5e7	1415	0g0s191o
G9TXo	5rk1/5pp1/p3p1p1/1p4N1/1P5R/P6P/3r1QP1/2q2n1K w - - 0 32	h4h8 g8h8 f2h4 h8g8 h4h7	1415	05101316191n
GMOlQ	6R1/8/p7/P7/1P4P1/5k2/1r5p/7K b - - 0 39	f3g3 g8f8 b2b1 f8f1 b1f1	1415	0p0r1013161m
GtI9U	2k4r/p2r1pp1/8/3p2n1/Pp6/5Q1P/1P2RP1K/RN1q4 w - - 0 26	e2e8 h8e8 f3d1	1415	010j191o
I9cGb	5r2/3Qn2k/p6p/1p1p4/2p1q3/P1P1P3/1P3r2/2K3RR w - - 10 33	h1h6 h7h6 d7h3 e4h4 h3h4	1415	05101316191n
ICnjA	8/5p2/2p1k1p1/1P2P3/3P4/6P1/1R1K4/6r1 b - - 0 42	g1g2 d2c3 g2b2 c3b2 c6b5	1415	0b0g0p101m
IWkQ3	2kr4/1ppbq1b1/p3p1p1/3pPn2/3P1P2/2NB2B1/PPP2Q2/2K3R1 w - - 3 23	d3f5 g6f5 g3h4	1415	0g11191o
IgsKo	4rr2/p2n3k/2pP1p2/3q1P2/2pPN1R1/7P/P1P4K/4R3 w - - 0 33	g4h4 h7g8 e1g1 g8f7 h4h7	1415	0q0r10131619
J0n5a	8/5ppp/8/p1k1p3/PpB5/3K2P1/2N2P1P/1n6 b - - 1 34	e5e4 d3e3 c5c4	1415	0g0i0p1o
JJ6Ls	r2q1rk1/ppp2ppp/2n1p3/3pPb2/4n3/PP2PP2/1BPN2PP/R2QKB1R b KQ - 0 10	d8h4 g2g3 e4g3 h2g3 h4h1	1415	01101c
Jt6o9	6qk/2p3rp/3p1rP1/p1pPp3/2P5/3Q3R/PP3P2/1K5R w - - 5 28	h3h7 g7h7 h1h7 g8h7 g6h7	1415	000g0p0y1011
KeitE	1kr2r2/1p4Q1/p2p4/3P4/5q2/P7/1PP2P2/1K5R w - - 2 35	h1h7 f8f7 g7f7 f4f7 h7f7	1415	010p101l
MuzQ9	1k2r3/2p5/Q1Rb1p2/5Ppp/R2P4/4r2P/PP3KP1/8 b - - 1 29	d6g3 f2g1 e3e1 a6f1 e1f1 g1f1 e8e1	1415	050p13171d1w
PPDzp	6k1/Q1p2pp1/7p/1q6/5P2/P5P1/1Pr5/4R1K1 w - - 0 30	a7a8 g8h7 a8e4 g7g6 e4c2	1415	0g0p0s10
PXYAn	8/8/1bp1k3/3pB2p/1P1P1KpP/6P1/8/8 w - - 2 56	f4g5 b6d8 g5h5 e6f5 h5h6	1415	080g0h0p10
QVntI	4r1k1/ppp2pp1/2n4p/8/3P1q2/3B1P1P/P5Q1/1RB1R2K b - - 0 22	e8e1 d3f1 e1c1 b1c1 f4c1	1415	0g1019
QcnSu	7k/5p1b/r1Np4/PrpPp2p/4Pb2/R4P2/1B2K3/1R6 w - - 0 37	b2e5 f4e5 b1b5	1415	0g0j191o
QtCZt	4Q3/8/6R1/2kp4/P7/4P2p/4r3/1r3RK1 b - - 2 40	h3h2 g1h1 b1f1 g6g1 f1g1	1415	000i0p0r1013161j
SJtDO	2b2b1r/p1k5/2np2Qp/q3p3/4P3/2N5/P1rB1PPP/R3K2R w KQ - 0 21	c3d5 a5d5 e4d5	1415	0g191o
SL6Ya	R7/5p1k/2r3p1/4P1K1/Pr4PP/5P2/2b5/7R b - - 1 39	f7f6 e5f6 c6c5	1415	0p0q13151o
T5cIe	r6k/1p4p1/2q5/7p/1K6/4Q1P1/PP3P1P/R4R2 b - - 8 35	a8a4 b4b3 c6c4	1415	0p13151o1u
UhRog	3r4/p5kp/1p1p2p1/2pRn3/P1P3B1/1P1R3P/5PPK/1r6 w - - 3 32	d5e5 d6e5 d3d8	1415	0g0j0p1o
WGbkj	q6r/4kppp/4p3/2N5/8/3P1P2/1bP2P1P/3QK2R b K - 0 18	a8a5 e1f1 a5c5	1415	0g0p0s1o
WSEwI	1r6/8/4p2R/5pk1/2nP1N2/4P3/1p4P1/1K6 w - - 2 42	h6g6 g5h4 g2g3	1415	0p13151o
WqBph	r1b4k/2Qn3p/2p2qpB/pp1p4/1b1P2B1/7P/PP3PP1/R4RK1 b - - 1 26	b4d6 c7c6 d6h2 g1h2 f6c6	1415	010j1019
X4FZ4	r4r2/pp1n2k1/2p3b1/6Q1/3P1n2/2P2NP1/PP3P1P/R5K1 b - - 0 24	f4h3 g1g2 h3g5	1415	0g0s191o
Y0amr	3b4/3Pkpp1/2n1q2p/3Qp3/8/6P1/5P1P/3R2K1 w - - 5 36	d5c5 e7f6 d1d6	1415	0d0g0p1g1o
Y521n	1r6/2k3p1/1qp1pp2/p2n4/2Q5/P5PP/1PR3P1/KB6 b - - 3 34	d5e3 c4c3 e3c2	1415	010p0s1o
YFOXv	r4rk1/4pp1p/1q2b1pb/p1p1P3/1p1P1n2/1P3NPP/PB1Q1P2/1R2RBK1 b - - 0 21	f4h3 f1h3 h6d2	1415	0g0j0y191o
YWtnv	6k1/5R2/8/4KN2/4Pr2/P7/5r2/8 w - - 1 51	f5h6 g8h8 f7f4	1415	0g0j0p1o
ZIpL4	r3k2r/pp1qb1p1/2npp1p1/2pN3p/2P1P1B1/3PP2P/PP6/R2Q1RK1 w kq - 0 16	g4e6 d7e6 d5c7 e8d7 c7e6	1415	050g0r0s10191n
ZaAOD	2r1q2k/4P1p1/4Q2p/8/1p1BP3/p3K1P1/7P/8 w - - 3 33	e6h6 h8g8 h6g7	1415	0p13151g1o
ZqLY3	8/6k1/8/pp5p/3Pp2K/P1P2pP1/1P3P2/8 b - - 3 44	e4e3 f2e3 f3f2	1415	000g0p1e1o
a9onr	5r1k/pp6/3p1r1P/2p5/3Q2P1/2P2N1q/4RP2/4K3 w - - 0 37	d4f6 f8f6 e2e8 h8h7 f3g5 h7h6 g5h3	1415	010p0r0s1n1w
aAs6e	6k1/1R6/p5pQ/4P3/3q2P1/3P2K1/P1r5/4R3 b - - 0 33	d4f2 g3h3 f2h2	1415	0p0s13151o
aRzmc	2b3k1/6pp/8/8/4Qr2/7P/P5BK/q7 w - - 0 37	e4e8 f4f8 g2d5 c8e6 d5e6 g8h8 e8f8	1415	0d0p0s13171w
bJaGr	8/8/4R3/6k1/3B1q2/2P3p1/4K3/8 w - - 2 63	d4e3 g3g2 e3f4	1415	0g0p11121g1o1r
cA45T	4r3/3k1p1r/p1p2Bp1/1pP2b2/3P1P2/N3bR1P/P5PK/4R3 b - - 5 25	e3f4 f3f4 e8e1	1415	0g0j191o
d6CbF	r5rk/2p2p1q/p2b4/3b4/3pR3/3P1Q1P/PP1N1PP1/R4K2 w - - 2 27	f3f6 g8g7 e4h4	1415	01191g1o
daOVV	4r3/3R1p1R/5kr1/8/5P2/4pK2/5b1P/8 w - - 5 35	h7f7 f6e6 f4f5 e6e5 f5g6	1415	0g0p0r0s10
dhQc7	r4rk1/2p2ppp/3p4/pp6/3pP3/3P4/bPPRBPPP/2K4R w - - 0 17	b2b3 a5a4 c1b2 a4b3 c2b3	1415	010p101l
eFVpD	6k1/1p1r1pp1/2p5/6p1/PR1Nn3/1P2P2P/3r1PP1/5RK1 b - - 8 29	c6c5 b4b5 c5d4	1415	010p0s1o
ecMOU	6R1/1p1r2p1/p1p2P1p/7k/3p4/3K4/P7/8 w - - 0 44	g8g7 d7d6 f6f7 d6f6 d3d4	1415	00010p101m
hHnOR	3r2rk/1bp2p1p/p1q2Pp1/1p2p1B1/3nR2Q/5P1P/1P4P1/5B1K w - - 3 29	h4h7 h8h7 e4h4	1415	050y1315191n1o
hiRRa	r4rk1/p1q3pp/4p3/1pp1P3/3n1B2/2PP4/PP3QPP/R4RK1 b - - 0 18	f8f4 f2f4 d4e2 g1h1 e2f4	1415	01050s10191n
iSFwg	8/K1Q3p1/1N2pp2/1k6/8/1r6/8/6q1 w - - 5 49	c7c4 b5a5 c4a4	1415	0p0s13151o
lu0Z0	3q1rk1/2pn1npp/1r1bQ3/8/2NP4/1BP5/PP3PPP/R1B2RK1 b - - 2 21	d6h2 g1h2 b6e6	1415	010j191o
m1rwS	rnbqk2r/ppp1bppp/3p4/4p3/4n3/2P2N2/PP1PBPPP/RNBQK2R w KQkq - 0 6	d1a4 c7c6 a4e4	1415	010s1c1o
mKszF	6k1/1q3pp1/7p/1B6/R2bn3/7P/1P2QPP1/6K1 b - - 0 28	d4f2 g1f1 e4g3 f1f2 g3e2	1415	010p0s10
mcdpo	5rk1/5p2/5Ppp/2p5/p1B3Q1/2PP3P/3q4/7K w - - 0 36	g4g6 g8h8 g6g7	1415	0p13151g1o
mmLmb	7r/p1bn2k1/P1p4q/2P1p3/4P1p1/6P1/3Q2B1/3RR1K1 b - - 2 40	h6h2 g1f1 h8f8 f1e2 h2g2	1415	0g0i0r1019
nKcKh	6k1/p3r2p/6p1/8/PP4Pq/2N5/5QR1/4rRK1 b - - 8 35	e1f1 f2f1 e7e1	1415	010d191g1o
njtvS	8/6k1/2RBrp1n/pp1p3p/3P1KpP/P2P4/6P1/8 w - - 1 34	d6f8 g7f8 c6e6	1415	0g0j0p1o
oKy5x	r4rk1/pp2qppp/5n2/2p3B1/2B1Ppb1/1Q6/PP4PP/R3R1K1 w - - 0 15	e4e5 e7d7 e5f6	1415	01191o
p6z5m	8/p7/3p1kp1/7p/P2n1P2/1PB1R1P1/2r4P/6K1 b - - 4 33	c2c3 e3c3 d4e2 g1f2 e2c3	1415	01050p0s101n
q6s93	5rkb/pp3p1R/2p2Pp1/3q1r2/5Q2/P5K1/1PP5/R7 w - - 0 33	h7h8 g8h8 f4h6 h8g8 h6g7	1415	05101316191n
qFNdF	r3k2r/1p3p1p/p2pbnp1/4n3/4P3/P3B1N1/1qPQB1PP/RN4K1 w kq - 0 17	e3d4 b2a1 d4a1	1415	01191o1t
qriYC	6k1/R1p1r3/3p4/5p2/1P1KPP1p/2P4P/1n4B1/8 b - - 3 32	c7c5 d4d5 e7a7	1415	010j0p1o
qylWn	r5k1/2p2pp1/pp1q3p/8/3NpP2/P3P2r/1PP1Q3/R4RK1 b - - 1 20	d6g6 e2g2 h3g3	1415	0g191g1o
smM8k	r5k1/p5pp/2n1q3/1Q1n1p2/2BP1p2/2P2P2/P6P/1KR4R b - - 4 20	a8b8 b5b8 c6b8	1415	01191g1o
szjsw	r6r/2q5/2pb1k1p/pp2n1p1/4P1b1/P1N3B1/1PP1QPPP/3RR1K1 w - - 5 19	g3e5 d6e5 e2g4	1415	01191o
tL0TX	5qk1/pp4p1/4p2p/3b1r2/P2P2QP/2P1R1B1/1P4P1/6K1 b - - 10 33	f5f1 g1h2 f1h1 h2h1 f8f1 h1h2 f1g2	1415	050p13171n1w
tdxXG	8/5pk1/4p1p1/2Q4p/p1N5/Rrq4P/5PPK/8 b - - 0 38	b3a3 c5a3 c3c4	1415	0g0p1o
u9WEL	8/1p5r/1p1Rnk2/nPp1p1p1/4Pp2/2P2P1N/4B1K1/8 w - - 7 31	d6e6 f6e6 h3g5 e6d6 g5h7	1415	050g0i0p0s10
v2plk	8/6p1/p5k1/1p6/5PKP/1PP5/8/8 b - - 5 42	a6a5 g4f3 a5a4 b3a4 b5a4 f3e4 a4a3	1415	0g0p1e1l1w
vT1gN	3r2k1/1p3p2/2pq1Qpp/p6P/3P4/6P1/1P2RP2/6K1 w - - 1 36	e2e8 d8e8 f6d6	1415	010i0p1o
xUiPk	b2k3r/3pnppp/pp2pq2/2b5/2PnP3/2N1BPP1/PP1Q2BP/R3K2R b KQ - 7 15	d4f3 g2f3 f6f3 h1f1 f3e3 d2e3 c5e3	1415	010r0s191w
y5cz2	8/6Rp/3p1k2/4qN2/4P1P1/5K2/3p4/8 w - - 0 42	g4g5 f6e6 g7e7	1415	0p0u13151o
zaYtS	r7/pp3q1k/6R1/1N2BbPp/5p2/4b3/PP5P/K4R2 w - - 0 34	g6h6 h7g8 h6h8	1415	1315191d1o
zuqol	3r1rk1/p1pqnpp1/1p5p/4pN2/1P2b1B1/P2P3P/2PQ2P1/R4RK1 w - - 0 19	f5h6 g7h6 g4d7	1415	0g0j0y191o
zv2EH	5rk1/ppp1r1p1/3p2R1/6Q1/PPP5/8/2q2PPP/5RK1 b - - 8 30	c2f2 f1f2 e7e1 f2f1 f8f1	1415	0p1013161n
0iJsE	7r/p4pk1/3p2p1/1p1Qb3/4P1Pq/2P2R2/PP4B1/6K1 w - - 7 39	d5f7 g7h6 f3h3 h4h3 g2h3	1416	0g0p101g
2GPrF	8/p6p/1pp2k2/2n5/2Q2P2/4N1P1/5KBP/3q4 b - - 4 33	c5d3 c4d3 d1d3	1416	010p1o
3Aj2O	8/8/4k3/1P3p2/5P2/2K4R/5r1p/8 b - - 0 50	f2f3 h3f3 h2h1q	1416	000g0i0p1h1m1o
3Ipmk	7k/p7/2N3p1/7p/2n2P2/q5P1/PrPB4/1NKR1R2 b - - 2 28	b2b1 c1b1 a3b2	1416	050k0m1315191n1o
3Vq8c	r5k1/pp3ppp/2p5/2P5/1P1PpB1q/P5rP/5QPK/R3R3 b - - 0 24	g3h3 g2h3 h4f2	1416	0g0j191o
4Q4Wg	2rk4/pp1n2pp/3p4/4p3/Q7/2bP4/PPK4P/R1B2q1b w - - 0 22	c1g5 d7f6 a1f1	1416	010j191o
5CJyv	r2q1rk1/pp2b1pp/4b3/2pnN3/Q2n4/2NP2P1/PP1BPPB1/2R2RK1 b - - 0 15	d5c3 d2c3 d4e2	1416	010b191o
5OwXn	8/8/p1R2p2/5P1p/kP1B1P2/2b3K1/2r4P/8 b - - 1 37	c3e1 g3f3 c2c6	1416	0g0j0p1o
5Wpl9	5rk1/Q4ppp/1p6/4p3/3b4/8/4q1PP/2R2R1K w - - 1 32	a7f7 f8f7 c1c8 f7f8 f1f8	1416	0p1013161n
7bTQ0	8/2p3pk/3p3p/6r1/2PP4/1Q3qBP/P3rP2/R4RK1 b - - 0 28	g5g3 f2g3 f3g2	1416	1315191n1o
7gSku	r1bqk2r/pp3ppp/2n1p3/3P4/1b1NnB2/2N1P3/PP3PPP/R2QKB1R b KQkq - 0 9	e4c3 b2c3 b4c3	1416	011c1o
9A6fb	8/3q4/Q7/KPk5/8/8/8/8 b - - 2 60	d7d2 a5a4 d2a2	1416	0p13151i1o
9RHlq	7r/3qpk1p/R4bp1/1p6/2pP1Q2/6P1/1P3PKP/3R4 b - - 4 25	d7b7 f4f3 b7a6	1416	0g0p0s1o
9hpIw	5b1k/Q5p1/2q4p/1p6/2Pp2P1/P6P/B1p2P2/R1B2K2 b - - 2 30	c6h1 f1e2 h1d1	1416	0p13151o
ARcaC	8/R7/3p4/P3pBk1/4PbP1/r7/5K2/8 b - - 0 36	f4e3 f2e2 e3a7	1416	0g0p0s1o
AYjZF	7r/ppk1B1p1/2p4p/4P3/5q2/1B5Q/PPP1K1PP/8 b - - 2 24	f4e5 h3e3 e5e3 e2e3 h8e8 e3f4 e8e7	1416	0g0p0r0s1g1w
BmQJZ	r4rk1/p3bppp/2b1p3/q1Pp4/3Pn3/2N1BN2/P2Q1PPP/R3K2R w KQ - 3 15	c3e4 a5d2 e4d2	1416	01191o
CDusb	rnbq1b1r/ppp1k1p1/5nBp/4p3/8/1P6/P1P2PPP/RNBQK2R w KQ - 2 9	c1a3 e7e6 d1d8	1416	010i1c1o
Cdpkh	3k4/8/2P3Kp/6p1/5p2/8/6PP/8 b - - 1 46	g5g4 g6h5 f4f3 g2f3 g4f3	1416	0g0p101e1l
CjIcv	6k1/1p5p/p5p1/5p2/1P5P/P3N3/3p1PP1/2rR3K b - - 0 32	f5f4 e3c4 c1d1	1416	0g0p1g1o
E76fd	8/5p2/6p1/5qkp/3Q4/7P/6P1/7K w - - 23 53	h3h4 g5h6 d4h8	1416	0p1113151i1o
EV1xV	rb3rk1/1p3pp1/p2qb2p/3p3n/3N3Q/1BNP3P/PPP3P1/R1B2RK1 b - - 0 18	d6h2 g1f2 b8g3 h4g3 h2g3	1416	010s101c
GAEE8	3R4/7b/7P/8/2k5/3pB3/7r/4K3 b - - 3 49	h2e2 e1d1 e2e3	1416	0g0p0s1o
GJJla	4rq2/2p1bk1p/p1N1bpn1/2p4Q/8/1N6/PPP2PPP/4R1K1 w - - 4 24	h5h7 f8g7 h7g7 f7g7 e1e6	1416	0g1019
HS6nK	2n1r3/1pQNkp1p/p2p2p1/3P4/5P2/1P4qP/P3r1P1/R4RK1 w - - 3 32	d7e5 e7f8 c7f7	1416	0j0k1315191o
Hfc65	6k1/r4p1p/3Qp1p1/8/4q3/3p2PP/5P2/5RK1 w - - 0 31	d6b8 g8g7 b8a7	1416	010p0s1o
Hp1ct	3rr1k1/2p3pp/Qb1q1p2/5n2/7B/2P2N2/PP3PPP/R4RK1 b - - 0 20	b6f2 h4f2 d6a6	1416	0g0j11191o
IBrjN	r6k/6p1/p1R5/1p1pPP2/4RQ2/P5pq/1P3P2/6K1 b - - 0 32	h3h2 g1f1 g3g2	1416	000g0p1o
InDqH	6k1/pp3p1p/1q4p1/2pr4/5BN1/1P3P2/Pb3P1P/4R1K1 w - - 0 29	e1e8 g8g7 f4h6	1416	0p13151o
Itet5	8/8/6k1/3pR1pr/3B1pK1/8/b7/8 w - - 16 56	e5e6 g6f7 e6f6 f7e8 g4h5	1416	0g0p10
K0w1t	k2r3r/pp1q1pp1/2p3p1/8/2Q5/P1PR1B1P/1P2nPP1/3R3K b - - 0 27	h8h3 g2h3 d7h3	1416	0y1315191n1o
Kodzq	r6k/pp1bqrpB/2n5/7Q/8/8/PbP2PPP/RN2K2R w KQ - 2 16	h7e4 h8g8 h5h7 g8f8 h7h8	1416	0j0k0y10131619
L01p3	r2q1r2/p4ppk/1p3R1p/3Np2Q/3bb3/P6P/1P4P1/R1B4K w - - 0 24	f6h6 g7h6 h5h6 h7g8 d5f6 d8f6 h6f6	1416	0g0s191n1w
NbY2B	2r5/5bp1/5k2/3PpP2/1B2P2K/PP4R1/8/8 b - - 6 52	c8h8 h4g4 f7h5 g4h3 h5f3	1416	0j0k0p1013161f
OiRX8	6k1/2p2p1p/3p2p1/3P4/1r3P2/1q1Q4/pP1R3P/R1K5 b - - 4 30	b4c4 d2c2 b3d3	1416	0g0i0p1o
Opomc	r1br2k1/pp2qpb1/2p2npB/4p3/2P5/5NP1/PP2PPBP/R1QR2K1 b - - 0 14	d8d1 c1d1 g7h6	1416	0g111c1o
Qkc3D	2q1r1k1/2p3pp/ppnb4/3Np2r/1P3p2/3P1P1P/PBPQRP1K/6R1 w - - 4 22	d5f6 g8h8 f6h5	1416	0g0y191g1o
RJZsO	r5k1/3b2pp/r3p3/2qpP3/1p2p3/bQB1P1PB/R4PKP/R7 w - - 0 27	c3b4 c5b4 b3b4 a3b4 a2a6 a8a6 a1a6	1416	01191w
RT6aU	6rk/pp4q1/3b3p/4P3/2pPQ3/P1P1N2P/1P3r1B/R3R2K b - - 0 33	f2h2 h1h2 g7g3 h2h1 g3h3	1416	050i0r0y101316191n
RmtLY	r3kb1r/pp2pppp/1q3n2/3Pnb2/3N4/1BN2P2/PP4PP/R1BQK2R b KQkq - 4 11	e5d3 e1e2 b6d4	1416	010v1c1o
Rmw7i	r3kbnr/p1p2ppp/2p5/q3P3/3Q2b1/5N2/PPP3PP/RNB1K2R w KQkq - 1 10	c1d2 a5d5 d4g4	1416	0g0h191o
UQTcd	r2qk2r/p1p2ppp/5n2/1p2pP2/2PnP1b1/1B3N2/PPP3PP/R1BQK2R b KQkq - 0 11	d4f3 g2f3 d8d1 e1d1 g4f3	1416	050g0j0r101119
Udkj5	8/p4q1k/1p4pp/2p4P/3n4/1P1Q2P1/r4PB1/5RK1 w - - 0 36	h5g6 f7g6 g2e4	1416	0g0p0s1g1o
Ulwo8	2k5/p1p5/4K2p/r5b1/3P4/8/8/1R3R2 w - - 0 34	f1f8 g5d8 f8d8 c8d8 b1b8	1416	050p1013161n
Up1L2	6k1/5pp1/7p/8/1p1p4/1PQ2P2/2P3PP/6K1 b - - 0 38	b4c3 g1f2 d4d3 c2d3 c3c2	1416	000g0p10
WYlt8	r4k2/p4Bp1/6Pp/1pN5/3n3b/P2P3P/1PP2qQK/R1B5 b - - 4 27	d4f3 h2h1 f2e1 g2g1 e1g1	1416	10131619
WvUrV	8/1N5p/5kp1/5p2/2p1nP2/P7/6PP/5K2 b - - 1 32	c4c3 b7a5 c3c2 a5b3 e4d2	1416	000g0p0z10
XgZbh	2q5/1p3rkp/p5p1/4p3/P2pN3/1PPPn2P/5QP1/2R3K1 w - - 3 27	f2f7 g7f7 e4d6 f7e6 d6c8	1416	050g0p0s101n
ZbDJk	r5rk/5p1p/5PpQ/p7/1p6/5R2/1q4PP/R6K w - - 0 30	h6h7 h8h7 f3h3	1416	050p13151n1o
a0D7I	r3k2r/pppbn1pp/5p2/1B6/3n4/2B5/P4PPP/2KRR3 w kq - 0 16	b5d7 e8d7 d1d4	1416	01050w191o
aQv39	rn2k1nr/p3qp1p/2b3p1/1p2p3/2pB4/2N4Q/1P3PPP/3RKB1R w Kkq - 0 18	h3c8 e7d8 c8d8 e8d8 d4e5	1416	010j0k1019
cpDZd	3k4/7r/R5p1/3Pppb1/1PP2P2/3p4/8/3BK3 b - - 0 29	h7h1 e1d2 g5f4 d2d3 h1d1	1416	0g0i0p0r1011
dGwc9	k5r1/1bB1Pp2/p5r1/8/P4P2/1P2p3/4R1P1/3R2K1 b - - 1 34	g6g2 e2g2 g8g2 g1f1 e3e2	1416	000g0p10
dI3vm	8/4b3/2Pk4/3p2p1/6P1/4BK2/8/8 w - - 1 52	e3c5 d6c5 c6c7 e7d6 c7c8q	1416	00080g0p101h1n
h6tnP	1Q6/pP3p2/6k1/3PpNq1/4P3/7p/P5r1/2R2R1K b - - 0 40	g2h2 h1h2 g5g2	1416	050p13151n1o
homlR	2R2Q2/5ppk/5np1/p2p2B1/4q1P1/6KP/PP3P2/4r3 b - - 3 27	e1g1 g3h4 g1g4 h3g4 e4g4	1416	0p1013161n
iv9oQ	2kr1b1r/p1p5/1p1p1p2/3bpq2/4N1nP/3B2P1/PPPQ1B2/1K1R3R w - - 0 24	e4d6 d8d6 d3f5	1416	0g0j191k1o
jJU8M	3B4/p7/7p/5p2/2p2p2/2P3PP/P3Bk1K/8 b - - 0 40	f4g3 h2h1 g3g2 h1h2 g2g1q	1416	00080p1013161h
jeUWa	3r4/Rp2kppp/8/1Pnp4/3N4/4P2P/5PP1/6K1 w - - 5 36	d4c6 e7e8 c6d8	1416	0g0p1g1o
kFtp5	r3kbnr/pp1q1ppp/2pp4/3N4/Q3PP2/8/PPP3PP/R1B2RK1 w kq - 1 14	d5b6 d7d8 b6a8	1416	0g191o
lKuCz	8/pp3pp1/3k1bp1/8/3P4/1P6/P3KP2/2R1B2r w - - 3 33	e1b4 d6d5 c1h1	1416	0g0j0p1o
muVwt	5r1k/ppp4p/2np4/6bq/2PP4/PP1K2P1/1B4Q1/1R2RB2 b - - 5 26	f8f3 g2f3 h5f3	1416	0111191o
nKQEL	7r/pp2qpk1/2p1r1p1/3p2Rn/3Pp2P/1BP1P3/PP1K1P2/3Q2R1 w - - 2 30	g5h5 h8h5 d1h5	1416	01191g1o
oAJSy	4r1k1/pp1n1pb1/2p3pp/2B5/3P2b1/2N2N2/P1B2PPP/4R1K1 b - - 1 18	e8e1 f3e1 d7c5 d4c5 g7c3	1416	011019
oVWg8	r3r1k1/ppqn1ppp/2p2n2/2bP2B1/3N4/1PN4P/1PP2PP1/R2QR1K1 b - - 0 14	e8e1 d1e1 c5d4	1416	0g0y191o
ofvdm	r6r/pp3kp1/4Rn2/3q4/2QP1B2/1P5P/P4P2/6K1 w - - 3 27	e6f6 g7f6 c4d5	1416	0g191o
pBRj5	8/4k2p/p1r1pp2/1p6/1b3PPP/1P2N3/1P2R1K1/8 w - - 5 30	e3d5 e7f7 d5b4	1416	010p111g1o
pV5la	rn1qkb1r/2p2pp1/p2p1n1p/1p2N3/2B1P3/3P2N1/PPP2PPP/R1BbK2R w KQkq - 0 9	c4f7 e8e7 g3f5	1416	041315191o
qtyBI	r3kb2/ppp2pp1/n3p1p1/4N3/3Pp3/4P3/PPPKQP2/R1B4q w q - 2 16	e2b5 c7c6 b5b7 f8b4 c2c3	1416	0g0s1019
r0tXt	3b2k1/5ppp/4b3/2p4q/Pr1pPP2/1P1P2Q1/2PN2PP/R4RK1 b - - 0 22	d8h4 g3f3 e6g4	1416	01191o
sRBWL	4r1k1/pp3ppp/8/2p5/6P1/2P2Q1q/PP1B3b/R4R1K b - - 0 28	h2g3 h1g1 h3h2	1416	0j0k1315191o
t7GBP	5b1r/2pk3r/R2p4/1p1Ppp2/8/PP1P4/1PQ2PPn/5RK1 b - - 2 21	h2f3 g2f3 h8g8	1416	1315191n1o
t89Ng	1Q6/5k1p/5r2/1PbPp1p1/4Pp1q/3B1P2/6PP/R4R1K b - - 2 33	h4h2 h1h2 f6h6	1416	051315191f1n1o
tkg7x	2r4k/4QRpp/b1N5/p1q5/8/P5P1/1PP4P/1K6 b - - 2 37	c5g1 b1a2 a6c4 b2b3 c4f7	1416	0g0p0s10
uCzjr	2r3k1/5p2/8/p6q/1p2R3/6PK/P7/1Q6 w - - 1 44	e4h4 h5g6 h4g4 g6g4 h3g4	1416	0g0p101g
x9ODU	r1b4k/pp2b1pp/2p4q/4p3/1PP1P1p1/3Q4/P1BN2P1/5RK1 w - - 0 23	d3d8 e7d8 f1f8	1416	061315191n1o
xNfQZ	2k3r1/1bpn1p2/pp2p2q/3pPr2/2PP2p1/1P4R1/P2QN1BP/4RNK1 b - - 7 27	f5f1 e1f1 h6d2	1416	0g0y191o
xVxAY	4rrk1/pq3p1p/6p1/1p1bN1Qn/2pP4/P1P2P1P/1PB3P1/2R1R1K1 b - - 1 28	f7f6 g5h4 f6e5	1416	010s191o
yhkBe	4r3/ppb2pkp/2p5/5Q2/1q1PR3/1N5P/PPP2PP1/6K1 b - - 0 23	b4e1 e4e1 e8e1	1416	0p0y13151f1n1o1y
zHZtq	3rr1k1/1b3pp1/1pq4p/2pNP3/1p3P2/1P6/P1Q3PP/3RR1K1 w - - 1 26	d5e7 e8e7 d1d8	1416	0g0i0j0y191o
07WtY	6k1/6pp/p7/1pb5/3p4/P1p4P/1PP2PPK/RB2r3 w - - 0 25	b1a2 g8f8 a1e1	1417	010j0p1o
0LG18	r1b2rk1/pp3pbp/2p2np1/3q2B1/2QPN3/5N2/PP3PPP/R4RK1 w - - 2 14	e4f6 g7f6 c4d5 c6d5 g5f6	1417	010s1019
0MwUh	2kr1bnr/pp3ppp/1np5/4P3/3QB2q/8/PPP2PPP/R1B2RK1 w - - 4 12	e4f5 c8b8 d4h4	1417	0g0j1c1o
2beSD	7r/p4pk1/1p6/3pR3/3P2q1/2PQ1pP1/PP3P2/R5K1 b - - 3 29	h8h1 g1h1 g4h3 h1g1 h3g2	1417	050p1013161n
36B2Y	r5k1/1p3p1p/p4q2/3PR3/P1p1P3/2N3p1/1P1bQ1P1/4R2K b - - 0 31	f6h4 h1g1 h4h2 g1f1 h2h1	1417	0y10131619
3N7jM	8/5pQ1/4p2p/p2pP2k/5q2/2r3RP/6PK/8 w - - 5 43	g7g4 f4g4 h3g4 h5g6 g3c3	1417	0g0p10
3P6FP	r1b3k1/p4Rbp/2N1p3/2Np2q1/3P4/6P1/PP3Q2/7K b - - 2 27	g5h5 h1g2 h5f7	1417	0g191o
4lxqp	7k/2p1qp2/1p4rp/p2Pp3/P1B1P3/4QP2/1P4rP/R5RK b - - 3 30	g2h2 h1h2 e7h4	1417	050y1315191n1o
5I0bn	5r1k/R5Rp/8/1P1Q1p2/3P2qr/4PpP1/5P2/6K1 b - - 0 27	h4h1 g1h1 g4h3 h1g1 h3g2	1417	050p1013161n
674xR	rnb1k2r/pp1p1ppp/4p3/6B1/4n3/4PNP1/PqPb1PBP/1R1QK2R w Kkq - 0 10	f3d2 b2c3 g2e4	1417	010j1c1o
8ZbK3	r5k1/1p5r/3N4/p2PpNb1/4Pp2/P7/1P2KB2/2R5 b - - 0 41	f4f3 e2f3 g5c1	1417	010j191o
8uJOE	8/5k2/p7/2pP1p2/P1P5/2Q3pP/1r3qP1/6RK b - - 7 38	f2g1 h1g1 b2b1 c3e1 b1e1	1417	050p1013161n
99VjZ	2kr1bn1/pbppqpp1/1pn1p3/8/2P1P2r/P2P1N2/1P3PBP/RNBQ1RK1 w - - 0 10	c1g5 f7f6 g5h4	1417	010s0v111c1o
9M20p	8/p3Q2p/5ppk/8/3P4/8/PPq2rP1/R5K1 w - - 2 30	e7e3 g6g5 e3f2	1417	0g0p1o
9Pndh	rnb1k2r/pp1p1ppp/1q2p3/3nP3/5N2/2P1bP2/PP2K1PP/RNBQ1B1R w kq - 5 10	f4d5 e6d5 c1e3	1417	011c1o
AKLn2	8/R7/7k/5K2/6P1/4r3/5p2/8 w - - 0 52	g4g5 h6h5 a7h7	1417	0p13151m1o
AqTTh	6R1/r7/2p2r2/p2pk3/P7/1P4p1/8/1K3R2 w - - 6 69	g8e8 e5d4 f1f6	1417	010i0p1m1o
BU7yB	R7/8/8/1k5K/1n4P1/7P/p7/8 b - - 0 55	b4a6 a8f8 a2a1q	1417	000g0p1h1l1o
BZfGk	rnb2b1r/2p2kpp/3pqn2/8/p1QPP3/5N2/PP3PPP/RNB1K2R w KQ - 3 12	f3g5 f7e7 g5e6	1417	0g0s1c1o
BZhnj	1R6/8/8/6PP/2k5/5K2/rp4P1/8 b - - 0 42	a2a3 f3f2 a3b3	1417	0g0p111m1o
BiXyl	r5r1/1k2p2p/1pN3p1/1Pp2b2/8/6B1/n1p2PPP/4R1K1 w - - 3 32	e1e7 f5d7 e7d7 b7c8 d7c7	1417	101316191d1x
CMuZf	r2q1rk1/1bp2ppp/p1p5/3pP3/5P2/2N1Q3/PPP3PP/R3K2R b KQ - 0 14	d5d4 e3g3 d4c3	1417	010s191o
CR2WR	3Qr1k1/pp3ppp/8/1P6/8/1N2qN2/P5PP/R1B2K2 b - - 0 25	e3e2 f1g1 e8d8	1417	010w191o
EaOPE	r1b2rk1/p4ppp/1pp5/2b2P2/P3P2q/5N2/BPQ3PP/R1B2K1R b - - 1 15	c8a6 a2c4 a6c4 c2c4 h4f2	1417	1013161c
Eg5q5	2q2rk1/4R1pp/4p3/1p1p4/2p1P1Q1/2PP1N1P/1P4P1/6K1 b - - 0 24	c8c5 f3d4 c5e7	1417	010p0s1o
GBbWv	r4rk1/5pp1/p1n4p/1p6/Q3B3/P3Pq2/1P3P1P/R4RK1 b - - 1 19	f3g4 g1h1 b5a4	1417	0g191o
GhQHL	1R6/8/6P1/8/3r4/2pk1P2/8/5K2 b - - 0 53	c3c2 b8c8 d4c4 c8c4 d3c4 g6g7 c2c1q	1417	000g0p1h1m1w
GmVuR	r1r3k1/p2Q1ppp/3Bb3/8/2nq4/5P2/PP4PP/3R1R1K w - - 5 26	d7c8 a8c8 d1d4	1417	01191o
HN6UX	8/p3rpk1/2rPb1p1/2P3Np/4P2P/2Pn2P1/P7/5RK1 w - - 0 33	d6e7 e6d7 f1f7	1417	000g0p0t1o
HRoqb	rn1qr1k1/ppp2pp1/3b1p1p/3b4/2B3PN/5P1P/PPP1N3/R2QK2R w KQ - 0 15	d1d5 d6g3 e1f1 d8d5 c4d5 g3h4 d5b7	1417	010t1c1w
Jpvgx	rn3rk1/2q2pb1/p3p1NB/3pP1Q1/3P2P1/3b3P/PPP5/2KR3R w - - 0 21	g6e7 g8h7 g5g7	1417	0j0y1315191o
KiCdd	2R5/6pk/p2qp2p/1r1nNp2/1p1P4/7P/Q4PP1/6K1 w - - 0 32	c8h8 h7h8 e5f7 h8h7 f7d6	1417	01050p0s101n
LA4q0	8/8/8/1P2P2p/2k3bP/4Kp2/8/8 w - - 0 52	b5b6 g4c8 e5e6 c8e6 b6b7	1417	00080g0p10
MBmpJ	r1bq1kr1/ppp3pQ/3p1n1R/5p1B/8/8/PP3PPP/4R1K1 w - - 2 23	h6f6 d8f6 e1e8	1417	1315191d1n1o
MFzRP	8/8/2N4P/5kp1/5n2/5K2/8/8 w - - 0 55	h6h7 f4g6 c6e7 g6e7 h7h8q	1417	000g0i0p0z101h
MNnVA	5r2/2pk3p/p3p3/1p1pP3/2PN2P1/3P4/P2b1PP1/R5K1 b - - 0 26	d2c3 d4e6 d7e6	1417	0g0p0s1o
MXtVF	r5k1/1p3p1p/p1b1pQq1/4R3/8/8/P1P2PP1/5BK1 w - - 0 29	e5g5 g6g5 f6g5	1417	0g0p1g1o
MYp6I	8/3kp3/3p2R1/3P2P1/1p1nP3/2p1B3/rP3K1P/1R6 b - - 1 31	a2b2 b1b2 c3b2 e3d4 b2b1q	1417	00010p101h
MyxQr	1R2b1rk/p4pbp/4p2p/1N1pP3/q4rQ1/PN4R1/6PP/6K1 w - - 0 23	g4g7 g8g7 b8e8 g7g8 g3g8	1417	0i0y101316191n
NwFtd	r2q1rk1/ppp1pp1p/6p1/8/3bBPb1/5N2/PPP3PP/R2Q1RK1 w - - 0 13	d1d4 d8d4 f3d4	1417	01191o
OSOYQ	r1b2rk1/1p2bppp/p3pn2/4n3/3q1P2/2NB4/PP4PP/R1BQ1R1K w - - 0 13	d3h7 g8h7 d1d4	1417	010j0y1c1o
Ofs4t	2r3k1/5pp1/5Q2/p3pP2/P2pq3/1P4R1/5BPP/7K b - - 0 31	c8c1 f2g1 c1g1 h1g1 e4e1	1417	050p1013161n
QCga3	r2qkb1r/pp3ppp/2n5/1Bp5/3pP1b1/P4N2/1PP2PPP/R1BQK2R b KQkq - 0 10	d8a5 b2b4 a5b5	1417	0g0s1c1o
R5nKm	k1r4q/bpQ5/6p1/3p4/R7/8/6PP/R6K b - - 5 32	h8a1 a4a1 c8c7	1417	0g0p1o
RWvjh	r3k3/4q1p1/4p1p1/p2pP1Q1/n1pP4/PpP3P1/1P5r/1RB1KR2 w q - 3 33	g5g6 e8d7 f1f7	1417	0g191g1o
RqxFr	rn2k1nr/ppq2ppp/3b4/3p1b2/8/5N2/PPP1BPPP/R1BQR1K1 w kq - 0 11	e2b5 e8d8 e1e8	1417	0k0m13151c1d1o
SSlK9	8/p1B2k2/2p2p2/2P1PP1p/1n3K1P/8/P7/8 b - - 0 32	b4d5 f4e4 d5c7	1417	0g0p0s1o
T3diJ	1Q6/2p1rkp1/8/p4N2/Pbq5/8/5PPP/2B2RK1 b - - 0 29	c4f1 g1f1 e7e1	1417	0511121315191d1n1o
Tijtq	2r2rk1/5ppb/p1N1pq1n/1p6/3P1N2/2p4P/PP4Q1/R4RK1 w - - 3 25	f4h5 f6g6 c6e7 g8h8 e7g6	1417	010s1019
TrKQf	7k/1B2P1pp/p7/1p3p1b/1P3P2/P3R1PK/3r3P/8 b - - 2 30	h5g4 h3h4 d2h2 h4g5 h2h5	1417	0i0p1013161d
VxQdU	2r3rk/p4p1p/3p1PpQ/p3p3/2q5/P4R2/6PP/5R1K w - - 6 31	h6h7 h8h7 f3h3 c4h4 h3h4	1417	050p1013161n
W2not	r7/pp5k/2pb4/3p3p/3PP1rq/7P/PPQ3P1/R4RK1 w - - 0 25	e4e5 g4e4 e5d6	1417	0g0j0k191g1o
WEQO3	k6r/1RK5/3P1p2/p4p2/4p3/1P5P/P7/8 b - - 5 49	h8h7 d6d7 h7d7 c7d7 a8b7	1417	0g0i0p101m
WrG75	1n3r2/3q2Q1/3Pk1Bp/p7/3B4/2P5/5PPP/6K1 b - - 0 34	d7g7 d4g7 f8g8 g7h6 g8g6	1417	010p10
XJaOq	r3k1nr/pp2bp2/2b1p2p/3pq1p1/1P4Q1/P2BB3/R4PPP/1NR3K1 w kq - 0 16	e3d4 g8f6 d4e5 f6g4 e5h8	1417	011019
YJNY2	2r3k1/pb3qp1/1P2p2p/2p5/8/1R1Q4/2P2PPP/5RK1 b - - 0 23	c5c4 d3c3 c4b3	1417	010p0s1o
Z4Af5	r4rk1/1pp3b1/pq4p1/1b1PP3/3Q3B/7P/PP3PBK/2RR4 b - - 0 24	b6d4 d1d4 g7e5 h4g3 e5d4	1417	01050b0s1019
ZDgen	1k6/1ppb1p2/p2p4/3Pp1q1/PP2P3/R3Q2p/6rN/3BR2K b - - 2 32	g2h2 h1h2 g5g2	1417	050y1315191n1o
ZKhZG	5brk/5R2/7p/p3p3/1pppq1B1/P5PP/1PP2P2/5RK1 w - - 1 35	g4f5 e4f5 f7f5	1417	010p1o
ZuyRJ	3r2k1/1Q1PP1p1/5p1p/4n3/PP2b3/2r1q2P/2B3P1/2R2R1K b - - 0 38	e3h3 h1g1 h3g2	1417	0y1315191g1o
ayemk	5rk1/pp4p1/6R1/8/7Q/4P2P/q4P2/6K1 b - - 4 32	a2b1 g1g2 b1g6	1417	0g0p0s1o
bFilX	1b1r1r1k/4q1pp/8/ppp2p2/5n2/PP1QP3/1B1NRPPP/3R2K1 w - - 1 22	e3f4 d8d3 e2e7	1417	010j11191o
brSK4	8/8/4K3/6k1/R7/5n1p/8/8 b - - 1 56	h3h2 a4a1 f3g1	1417	000g0h0p1o
cL5tq	1n2kb1r/rb3ppp/1pq5/3n4/8/P1N5/1PQ2PPP/R1B1KB1R w KQk - 0 13	f1b5 d5c3 b5c6	1417	0g1c1g1o
ccgur	7k/2R5/7p/5Kp1/8/7r/8/8 w - - 2 51	f5g6 h3f3 c7c8 f3f8 c8f8	1417	0p0r101113161m
cnAbT	5r1k/1p4pp/p1P1B1p1/8/8/P6P/1PP2QPq/3R1K2 b - - 0 25	h2h1 f1e2 f8f2 e2f2 h1d1	1417	0g0p101g
d5ACZ	r1b1k1nr/pp3ppp/1qn1p3/1B1p4/1b1P4/1PN2N2/P1PB1PPP/R2Q1RK1 b kq - 5 9	b4c3 b5c6 b6c6 f3e5 c6c7 d2c3 c7c3	1417	011c1w
dxglP	2n3k1/pp6/2pq2p1/P3p2p/4P2P/2N3P1/1P3P2/3Q2K1 w - - 1 28	d1b3 g8f8 b3b7	1417	0g0p11121o
eViYE	2r1r1k1/1b1n1ppp/pp1p1b2/3Pp3/P1q1N3/1Q4P1/1P2NPBP/R4R1K w - - 0 18	b3c4 c8c4 e4d6	1417	01191o
f5pxB	2r3k1/1b3pp1/p6p/1p1p4/3P4/1Q1B2R1/PP3q1P/1K1Nr1R1 b - - 5 27	e1g1 g3g1 f2g1	1417	0g191g1o
fG9p7	1R6/rP3pk1/p7/4p3/3p4/5n2/7P/7K w - - 0 39	b8g8 g7g8 b7b8q	1417	0001050p1h1o
h5nwx	r2r2k1/1ppn1p1p/p1n3p1/8/2P1N3/1P3P2/3RNPKP/5R2 w - - 3 23	d2d7 d8d7 e4f6 g8g7 f6d7	1417	01050s10191n
iLkVX	r3r1k1/2p3pp/p4p2/3p4/3Pb1N1/2P3P1/PP3P1b/R1B1RK2 b - - 1 19	e4d3 f1g2 e8e1	1417	0g0i0j191o
izQSI	r1b2rk1/ppp1ppbp/6B1/4n3/4Q2q/7P/PPP2PP1/RNBR2K1 b - - 2 13	e5g6 e4h4 g6h4	1417	0g1c1o
jfaix	8/8/1p4p1/pPp4p/P1R2PkP/6r1/5K2/8 w - - 0 46	f4f5 g4h3 f5f6	1417	010j0k0p1m1o
jnWH4	6k1/5pp1/2R1n3/1p1pPP2/1P1P4/r1B2K2/5P1P/8 b - - 0 39	e6d4 f3g2 d4c6	1417	0g0p1g1o
lPAdd	8/pp5P/6R1/4kp2/4b3/1r4PK/5b2/8 w - - 1 43	h7h8q e5d5 h8g8 d5c5 g8b3	1417	000g0p101h1p
lVecp	3R1Nk1/1p4p1/p4p1p/4pP2/8/1q6/1P4PP/7K w - - 4 39	f8g6 g8f7 d8f8	1417	0j0k0p0u13151o
mKloM	r6r/1bqnkp2/pp1b1npp/2p1p3/3p2P1/PP1PPQNP/1BPN1PB1/2KR3R w - - 0 17	f3b7 c7b7 g2b7	1417	0g191o
ngw24	2r3k1/2q1bppp/p7/1p2p2P/6P1/3RBP1R/1Pb2Q2/2K5 w - - 0 23	d3c3 c7c3 b2c3	1417	01191o
o6hiw	5r2/R4pk1/2p1p1p1/3p4/5q1r/2PQ1PR1/2P3P1/6K1 w - - 1 28	d3g6 g7h8 g6g7	1417	0p13151g1o
o7PuB	1k1r4/pp3pp1/3r4/3p4/3P4/6Q1/Pq3P1P/2R1R1K1 w - - 0 25	g3d6 d8d6 e1e8 d6d8 e8d8	1417	0p1013161n
oxHxB	8/5B2/8/p7/kp4bP/8/1K6/8 w - - 0 50	f7e8 g4d7 e8d7	1417	080p13151o
qvTSj	5r1r/ppqkb1Qp/2b1p3/2p2p2/2PpN1p1/3P2N1/PP3PPP/R4RK1 w - - 0 25	e4c5 d7c8 c5e6	1417	010i191g1o
r6DPR	rnb1k1nr/ppp2ppp/3q4/3Pp3/1bp1P3/8/PP1B1PPP/RN1QKBNR w KQkq - 3 6	d1a4 c8d7 a4b4 d6b4 d2b4	1417	01101c
s7JT3	8/4k3/3n4/2pP1p1p/1NN1pP1P/1P2K1P1/8/8 b - - 0 45	d6c4 b3c4 c5b4	1417	0g0p0w0z111o
sbKA8	8/2pk4/8/R1p1r3/P3Np1b/1P1K1P2/2P5/8 b - - 2 39	c5c4 d3c4 e5a5	1417	010j0p1o
tIh2k	8/8/8/5Qnk/2P5/PK6/1P2rp2/8 b - - 3 44	e2e3 b3a2 e3f3	1417	0g0p1o
tOymL	5k2/PR3p2/4p1p1/4P3/5P2/3r4/1K6/7q w - - 0 49	a7a8q f8g7 b7f7 g7f7 a8h1	1417	000g0j0p10111h
tTQGB	8/p5kp/4Brp1/8/P2qp3/1PQb2P1/3P1PRP/4K3 b - - 5 27	d4c3 d2c3 f6e6	1417	010p1o
vEOWk	6k1/p2r3p/6p1/2qbQpP1/3p3R/5PP1/PP4K1/7R b - - 0 34	d5f3 g2f2 c5e5	1417	0g0j0p111o
w0PrR	r1bq1r2/pppp1ppk/2n4p/2b5/2B1Pp2/2NP3Q/PPP3PP/R1B1K2R w KQ - 0 11	h3f5 h7h8 f5c5	1417	010s1c1o
w9RIf	1r3rk1/pp1b1pp1/4pq1p/8/4N1Pn/3B2KQ/PPP2P1P/2R2R2 b - - 10 22	f6f3 g3h4 g7g5 e4g5 h6g5 h4g5 f3h3	1417	0g191n1w
yD6gy	rnk5/1p2n1pr/2p1bb1p/1B1Np3/P3P3/4B3/2P2PP1/2KR3R w - - 0 22	d5b6 c8c7 b6a8	1417	0g0s191o
yl7r3	6k1/P4p2/2Q1p2p/3pP1p1/6qP/1r6/6P1/4B1RK b - - 0 38	b3h3 g2h3 g4h3	1417	0p13151n1o
zay52	8/p7/8/2K2B2/8/1kp5/8/8 b - - 5 59	a7a5 f5d3 a5a4	1417	080g0h0p1l1o
zp1oR	r7/5pkp/1R3p2/1p6/pP1KPP2/3B4/2P3PP/8 b - - 0 29	a4a3 b6b5 a3a2 b5a5 a8a5	1417	00010p10
00ZeT	1Q6/3kr3/2q4p/2p1pp1P/2Bb4/1P6/P6K/4R3 w - - 5 44	c4b5 c6b5 b8b5	1418	0g0p1g1o
0VwT4	4brk1/7p/p2Qp1p1/3p4/3q4/7R/PPP1B1PP/7K b - - 2 29	d4d1 e2d1 f8f1	1418	060p13151n1o
0f73u	2kr1br1/ppp1q2p/8/n2P1pp1/2BBn3/5N1P/PP3PP1/R2Q1RK1 w - - 3 16	d5d6 d8d6 c4g8	1418	0g0j191o
1H7wU	2r5/4kppp/p3p3/8/rp3N2/2P3P1/nP3P1P/1K1RR3 w - - 0 26	f4d5 e7f8 d5b6 a2c3 b2c3	1418	010p0s101g
2H89h	3rr2k/pb1q2b1/1p2N1pp/3P1p2/8/1B6/PP1Q1PPP/3R1RK1 b - - 1 22	e8e6 d5e6 d7d2 d1d2 d8d2	1418	011019
4ATEm	r4rk1/pp3p2/2pq2p1/7Q/3p4/2P3R1/PPB3PP/5RK1 b - - 0 31	d6g3 h2g3 g6h5	1418	01191o
4l02A	5r2/q3rPk1/p4p1p/8/3b4/1B3QP1/PP4KP/5R2 w - - 2 30	f3g4 g7h8 g4g8 f8g8 f7g8q	1418	00101316191h
5K3Yq	8/pp6/k1p1r3/3pBp2/N3n2R/1P3b1P/P1P5/1K6 w - - 17 34	h4e4 f5e4 a4c5 a6b5 c5e6	1418	010p0r0s101n
5L8Y0	8/4kbp1/7p/1p2K2P/1P4P1/4N3/8/8 w - - 1 53	e3f5 e7f8 f5d6 f7b3 d6b5	1418	0g0p1011
5S982	8/2k5/ppb1p3/4P3/1PKP4/8/N7/8 b - - 0 41	c6d5 c4c3 d5a2	1418	0g0p1o1p
5htBX	b1r1k2r/2q2p2/p7/1pb1p1Pp/4PB2/2P1N3/PP1N1QPP/R4RK1 b k - 0 25	e5f4 f2f4 c7f4 f1f4 c5e3	1418	010b0y10191g
5vMXf	rn1qkb1r/pbp1p1pp/1p3p2/4N3/2PPp3/4P3/PP3PPP/R1BQKB1R w KQkq - 0 8	d1h5 g7g6 e5g6 h7g6 h5h8	1418	01101c
68hpd	2q1Q3/p4Q2/1kp5/1p1p2p1/5n2/2P1RP1r/PP3P2/R5K1 b - - 2 30	h3h1 g1h1 c8h3 h1g1 h3g2	1418	05101316191n
6yPvy	1k4rr/1p3p1p/pq6/3Np3/2P1Ppb1/8/P3QPPP/3R1RK1 w - - 1 27	e2g4 g8g4 d5b6	1418	0g191o
7Vyvj	8/8/6P1/1p6/1kn5/p2Q3K/1r6/8 b - - 0 62	b2b3 d3b3 b4b3 g6g7 a3a2 g7g8q a2a1q	1418	000g0p1g1h1w
9aFsG	r6r/3nkp2/1q2p2p/3pN1p1/1p1P2P1/6PP/P5Q1/2R2RK1 w - - 2 25	f1f7 e7e8 f7d7	1418	0g191o
9muQv	8/1r3pk1/4p2p/1R1n2p1/1pKP4/p5P1/P4PP1/1R6 b - - 7 51	b7b5 c4b5 d5c3 b5b4 c3b1	1418	01050p0s10
AAUS8	r2q1rk1/p5p1/2pb3p/2p5/4R1b1/P1P2N2/1P3PPP/R1BQ2K1 b - - 0 18	d6h2 g1h2 d8d1	1418	0g0j0y191o
Aw5hT	r5k1/1b4pp/8/3ppr2/1Q3N2/1P4R1/2P3PP/6K1 b - - 0 29	a8a1 g1f2 f5f4 b4f4 e5f4	1418	010p0s10
Bxr8Y	r5k1/pppn2pp/1q2p3/5r2/4Q1P1/2PB1P2/PP5P/R1B1K2R b KQ - 0 17	f5e5 e4e2 e5e2	1418	01191g1o
CB9w2	8/5pk1/p2R3p/1p4p1/4p3/1Pr1PqP1/PQ5P/2R3K1 b - - 0 46	f3e3 g1g2 e3c1 b2c1 c3c1	1418	010p10
E2WfQ	rnbqkb1r/1p1np1pp/p3p3/1BppN3/8/8/PPPP1PPP/RNBQK2R w KQkq - 0 8	d1h5 g7g6 e5g6	1418	0g1c1o
Ef1rF	r3k2r/p1q1bppp/2p2n2/4p1B1/Np1P2b1/1P6/1PPQNPPP/4RRK1 b kq - 1 16	f6e4 d2e3 e4g5	1418	0111191o
FmX9D	1r3rk1/p4pp1/b1p1pb1p/3p4/1P1P4/q1N2N2/2P2PPP/1R1QK2R w K - 0 17	b1b3 a3b3 c2b3	1418	01191o1t
GI3CL	Q1bk1b1r/2qn2pp/B2p1p2/4p3/pp6/4B1P1/PPP3PP/3R1RK1 b - - 4 19	d7b6 a8e4 c8a6	1418	01191o
IlGzQ	r4rk1/6pp/p1pqp3/1p6/3P4/2P3Pn/PP2QPKP/R1B1R3 b - - 1 21	f8f2 e2f2 h3f2	1418	010s191o
JFLTf	r4rk1/pp4pp/3p2q1/4p3/4Qp2/3P2P1/PPnB1P1P/R4RK1 w - - 0 20	e4c4 g8h8 c4c2	1418	010s191o
JcW4t	1r3rk1/p1pq1p1p/3p3p/2pN2bQ/2b1P3/1N6/PPP2PPP/R3K2R w KQ - 3 17	h5g5 h6g5 d5f6 g8g7 f6d7	1418	0g0s10191n
KQhz8	3r1r1k/1RQ3pp/4B3/8/1P6/P4pPP/2P1qP2/5RK1 b - - 4 30	e2f1 g1f1 d8d1	1418	051315191n1o
NMNht	r1b2r1k/pp3p2/3b1n1N/5P1Q/8/3q4/PP4PP/R4R1K w - - 1 22	h6f7 h8g7 h5g6	1418	0k0m0y1315191o
OCTJD	1r3rk1/pbp3pp/3Bp3/8/3P3q/1P2P3/P1QN2PP/R3R1K1 b - - 0 19	h4f2 g1h1 b7g2	1418	0y1315191o
OR7t9	r5rk/2pp1p1p/2p2PpQ/p3P3/3n4/5R2/P5PP/q1B4K w - - 2 26	h6h7 h8h7 f3h3	1418	050y1315191n1o
OeOGh	r7/5pk1/p7/8/P3R3/6p1/1PP3Pr/R5K1 b - - 0 29	a8h8 e4g4 g7f8 g4g3 h2h1 g1f2 h1a1	1418	010h0p1l1m1p1w
PlWgk	2krr3/1pb3p1/p3b2p/2p5/Q1Np4/P2P1BPP/2P1KP2/1R6 b - - 0 32	e6d7 e2d2 d7a4	1418	0g0j0k191o
QgDLH	8/6R1/8/8/5n1k/5Pbp/8/7K w - - 2 56	g7g4 h4h5 g4g3	1418	0g0i0p1o
R6Fnw	rn1qkb1r/pp3ppb/2p1p2p/3pN3/2PPn1P1/2NBPP2/PP5P/R1BQK2R b KQkq - 0 9	d8h4 e1f1 h4f2	1418	13151c1o
TVPfo	6k1/1R5p/p2r4/4p2b/3p1rp1/1P6/P3BPPP/2R3K1 w - - 0 28	c1c8 f4f8 e2c4	1418	0g0p1o
UbP9P	3r1r2/p1p3k1/5bp1/3R2P1/1p3P2/1P6/P1P5/1K1R4 w - - 0 34	g5f6 f8f6 d5d8	1418	0g0p1o
Uyt8K	rb1r2k1/2p2ppp/1pP1b3/1P4q1/Pp1PQ3/4P1P1/3N3P/R3KB1R b KQ - 0 24	e6d5 e4f4 g5f4 g3f4 d5h1	1418	011019
VMBDO	6rk/5Rpp/4B3/2p1p3/2PbP1Q1/q2P3P/6PK/1q6 w - - 2 44	g4g7 g8g7 f7f8 g7g8 f8g8	1418	101316191d1n
WIcYX	2r5/1p3p1p/1p4k1/3pP1p1/1bnP2P1/r1P2R1P/8/2R1BNK1 w - - 0 31	f3f6 g6g7 c3b4	1418	010w191o
WeycD	r1b2rk1/pp3ppp/1b1p4/3q4/4N3/3B4/P4PPP/R2Q1R1K w - - 0 18	e4f6 g7f6 d3h7 g8h7 d1d5	1418	0g0j0y10191n
X7B5x	8/3Q1N1k/p3P1p1/1p6/3b4/1P2q1P1/6PK/8 b - - 1 40	e3g1 h2h3 g1h1 h3g4 h1h5 g4f4 h5f5	1418	0p13171w
XKSSl	2r4r/1p2pk2/p1b3BR/8/2PP3B/P7/5P1P/5K2 b - - 4 29	f7g7 h6h8 c8h8 h4e7 g7g6	1418	010h0p10
Yf0YJ	4Rnk1/ppp2pp1/8/3b2NR/8/8/r6P/5K2 w - - 1 27	h5h8 g8h8 e8f8	1418	050i0p13151n1o
YkuhP	r4rk1/pppn2nR/3p2Q1/3P2P1/3qBp2/8/P4P2/4K3 w - - 4 31	h7h8 g8h8 g6h7	1418	051315191n1o
Zxqb3	rn1q1rk1/ppp3pp/4Nn2/3p4/8/2NB4/PPPP1PPK/R1BQ4 b - - 0 12	d8d6 h2g1 d6e6	1418	010s191o
axHVk	8/Qbq1bkpp/5p2/1pR5/1P6/P3P2P/1B3PP1/7K b - - 0 28	b7g2 h1g2 c7a7	1418	010j0p1o
b5S2t	6k1/6pp/3P4/8/2R5/p1P4P/1r4P1/6K1 b - - 0 38	a3a2 c4a4 b2b1 g1f2 a2a1q a4a1 b1a1	1418	000g0p1h1m1w
cLzxS	r1r3k1/5ppp/p3p3/Rq1nP3/4Q3/2B3P1/1P3P1P/5RK1 b - - 5 32	d5c3 a5b5 c3e4	1418	01191o
ctql1	8/8/p1b4P/6k1/1P1B2P1/2P3RK/2R5/4rr2 b - - 6 39	f1h1 c2h2 h1h2 h3h2 e1h1	1418	050p1013161d
dxkrF	2r2rk1/1bq2p1p/pb2pp2/1p4BP/3P1n2/2PB4/P1Q2PP1/1RR3K1 w - - 0 24	d3h7 g8g7 h5h6 g7h8 g5f6	1418	0i0y10131619
eOfN4	8/R7/1p3k2/5Bp1/P2b2P1/4r2P/5K2/8 b - - 2 40	e3e7 f2f1 e7a7	1418	0g0j0k0p1o
eWVwj	r4rk1/p1p3pp/1p1p1q2/2PPp3/2P1P3/P1BbR3/3N2PP/R2Q2K1 b - - 0 20	f6f2 g1h1 f2e3	1418	010s191o
gDzT4	7r/1k6/8/p1P1Pp2/Pb6/1b3Qn1/1P4P1/RK6 b - - 1 33	g3e4 f3b3 e4d2 b1c2 d2b3	1418	010h0p0s101n
h9zzo	r4rk1/pb1p1pp1/2p4p/1p2P1q1/3P4/1BQ5/PPP2PPP/R4RK1 b - - 0 16	c6c5 c3h3 c5c4	1418	01191o
iu9dm	r2qk1nr/ppp1bppp/2n1b3/1B2N3/4P3/8/PPPP2PP/RNBQ1RK1 b kq - 0 9	d8d4 g1h1 d4e5	1418	010s1c1o
kKjiF	3r4/1p1k2pp/p7/3Np3/4P1P1/2R4P/r7/5KR1 b - - 3 28	d8f8 f1e1 a2a1 e1e2 a1g1	1418	0g0p0r101p
kTuoX	3r1rk1/p4p1p/2p3p1/6q1/2P1P3/3B4/P5Q1/3R1RK1 b - - 3 29	g5e3 g2f2 d8d3 f2e3 d3e3	1418	011019
lWVXh	8/8/7P/5k2/4p3/6p1/4K3/8 w - - 0 69	h6h7 g3g2 e2f2 e4e3 f2g2 e3e2 g2f2 e2e1q f2e1	1418	000g0p111e1w
m8Wc9	1r5Q/K1k5/2r1pN2/Pp1pP3/1P3PP1/2P2R2/8/7R b - - 0 50	b8b7 a7a8 c6a6	1418	0p13151o
mq0SC	8/5Qpk/4p3/1p1r4/7P/Pr1P1K2/6P1/8 b - - 0 47	d5f5 f7f5 e6f5	1418	0g0p0s111g1j1o
n1sYK	r6k/p2qpr2/1p1pbb2/4RQ2/2p5/6R1/P4PPP/6K1 w - - 0 26	f5h5 f7h7 h5h7 h8h7 e5h5	1418	050r101316191n
nD1XL	2k3r1/p7/8/1pNR4/1P1P4/P1PK3P/4R1P1/4rn2 b - - 8 42	g8g3 d3e4 e1e2	1418	010i0p1o
o0CgQ	8/q1p1nppk/5n1p/2b1N3/4P3/1pPP1QNP/rB3PP1/1R4K1 b - - 0 26	a2b2 b1b2 a7a1 g1h2 a1b2	1418	050d0g0s10191n
ogYFj	r5k1/5p1p/8/2pP2B1/1pP1n3/1P3R2/6PP/6K1 b - - 0 23	a8a1 f3f1 a1f1 g1f1 e4g5	1418	0g0p10
opLnd	8/P4R1p/q2bp1pk/2p1Q3/2P3P1/7P/5P1K/r7 w - - 1 37	g4g5 h6h5 f7h7	1418	0i0p13151o
p7Opi	rnbqr1k1/pp3ppp/2p2n2/3pN3/2PP4/NP2P3/P3BPPP/R2QK2R b KQ - 0 9	d8a5 d1d2 a5a3	1418	010s1c1o
pnNZ1	4r1rk/p4pp1/1q5p/6Q1/2p5/2P2p2/PP5R/2K4R w - - 0 28	h2h6 g7h6 h1h6 b6h6 g5h6	1418	0p0s1013161n
psMCk	r1bQ1b1r/pp1n1kp1/2p1pnp1/8/8/BP6/P1P2PPP/RN2K2R b KQ - 1 10	f8b4 a3b4 h8d8	1418	010e0j1c1o
qcUbY	2k3r1/pp3p2/2p2p1p/1RbrpN2/8/6P1/P4PKP/5R2 w - - 0 23	b5c5 d5c5 f5e7 c8d7 e7g8	1418	010p0s101n
rUSMk	2rRr1k1/4P1n1/5RK1/8/2p2P1p/p1P5/P1P5/8 w - - 2 38	f6f8 e8f8 e7f8q	1418	000p13151h1o
tpDYE	2k5/npp2R1Q/p7/3pP1q1/3P4/PP5p/6r1/4R2K b - - 1 28	g2h2 h1h2 g5g2	1418	050p13151n1o
tv0zL	k7/p3r1pp/R4p2/3R4/2n1p3/3nB2P/5PPK/3r4 w - - 2 37	d5d8 a8b7 a6a7 b7c6 a7e7 c4e3 f2e3	1418	0111191p1w
upX4Q	6nr/pkpQ2pp/4p3/8/8/6q1/PP4P1/3R3K w - - 10 27	d7b5 b7c8 b5a6 c8b8 d1d8	1418	0p101316
usfvh	4r1k1/ppp2ppp/2p2n2/2N5/2q1r3/2P2Q2/PP1P1PPP/R1B2RK1 b - - 0 14	c4f1 g1f1 e4e1	1418	050y1315191n1o
v1Vuj	5rk1/R2R1p2/2P2bp1/7r/1P1p4/P2B2P1/5PPp/7K b - - 2 30	f8e8 a7a8 e8a8	1418	010p1l1o
v1s2F	r5k1/2Q2pp1/7p/Np6/8/5P2/2Pq2PP/R5K1 b - - 2 32	d2d4 g1f1 d4a1	1418	0g0p0s1o
veKlb	7k/pQ4p1/Pp5p/1P4q1/8/7P/2r3P1/5R1K w - - 3 36	f1f8 h8h7 b7e4 g5g6 f8h8 h7h8 e4g6	1418	0g0i0p0s1w
vyLMw	2r2r1k/pR1Q3p/3N2p1/2q5/8/1B6/P4PPP/5RK1 b - - 1 29	c5f2 f1f2 c8c1 b3d1 c1d1 f2f1 f8f1	1418	0d1317191n1w
wqPsA	4r2k/2Q5/5npP/6N1/2Pp4/1Bqp1K2/3N2R1/8 b - - 0 49	e8e3 f3f4 f6d5 c4d5 c3c7	1418	010r1019
xUGBk	5r2/pp1bNpk1/4pR1p/3pP3/3P4/P2QP3/1qr3PP/R5K1 w - - 0 21	f6g6 f7g6 d3g6 g7h8 g6h6	1418	0i101316191n
yBy2W	r4rk1/pp1bq1pp/4p3/4Q3/2B5/P7/1B3PPP/3R2K1 w - - 1 21	d1d7 e7d7 c4e6 g8h8 e6d7	1418	050g0s1019
ynKGg	r7/8/R7/Kp3pk1/2p5/2P4P/P5P1/8 b - - 0 38	a8a6 a5a6 b5b4 c3b4 c4c3 b4b5 c3c2 b5b6 c2c1q	1418	000g0p1h1m1w
zhw8A	4r1k1/5ppp/1p1p4/pr1Npn2/3p4/P2P2P1/5PKP/R1R5 w - - 2 24	d5c7 b5b3 c7e8	1418	010p0s1o
1eCId	8/pp3kpp/1b2p3/8/B7/B6P/P2r1PP1/5RK1 b - - 1 27	d2a2 a4d7 a2a3	1419	010p1o
2Nwy3	rn3rk1/p3ppbp/1pp3p1/3pNq1n/3P1B2/1QP1P3/PP1N1PPP/2R2RK1 w - - 6 13	g2g4 f5e6 g4h5	1419	010s191o
2yU2E	r3r1k1/1pp2pp1/1p1p1q1p/3P4/3nP1b1/P4NP1/1PP3BP/R2QR1K1 w - - 1 18	d1d4 g4f3 d4f6 g7f6 g2f3	1419	0b0g1019
3vmYJ	1k1r1r2/p2q2bp/Pp1Qp1p1/1P1pP3/3P1B1n/2N4P/5PP1/R1R3K1 b - - 1 25	d7d6 e5d6 f8f4	1419	0g191o
5I9kh	r1r5/5pk1/p2p1bp1/1pq5/4N3/1B5P/PPQ3P1/2KR1R2 b - - 3 25	c5e3 c1b1 c8c2	1419	010j191g1k1o
6Mhmf	r2qkbnr/ppp3pp/2np1p2/4N3/2B1P3/2N4P/PPPP1PP1/R1Bb1RK1 w kq - 0 8	c4f7 e8e7 c3d5	1419	13151c1o
6UwOV	r1b1r3/p4q1k/1p3p1p/2p5/4p2n/7B/PPPN1P1Q/R5RK w - - 0 27	h3c8 a8c8 h2h4	1419	010j11191o
6oqnj	3kq3/1p6/8/2Pp3Q/1P2p2K/6P1/5P1P/8 b - - 0 40	e8h5 h4h5 d5d4 h5g4 d4d3 g4f4 d3d2	1419	000g0p1i1l1w
7BbeE	8/8/6R1/1pP2r2/1P1K4/P4k2/6p1/8 b - - 0 59	f5f4 d4d5 f4g4 g6g4 f3g4	1419	0g0p101m
7HCA9	8/8/1p6/2p4p/p1PkP1p1/P2P2P1/5K2/8 w - - 2 41	f2e2 d4e5 e2e3 e5e6 e3f4	1419	0g0p101e1z
8OcRR	8/3b4/3k4/3pp3/PR1P3r/8/5PPP/6K1 w - - 0 41	d4e5 d6e5 b4h4	1419	0g0j0p1o
9fVIv	4R3/ppkq4/3p1r1p/1QpP2b1/2Pp2p1/P2P4/1P3PP1/1K6 w - - 6 28	b5a5 b7b6 a5a7	1419	0p13151o
AsWIt	2r1r1k1/4ppbp/p4np1/qN2B3/8/1P5P/P2QBPP1/2RR2K1 b - - 0 19	a5d2 d1d2 c8c1	1419	0b0g191o
B6vAL	r2q1rk1/3bbp1p/p5p1/p2PQ3/2P5/1PNB3P/P4PP1/R3R1K1 b - - 0 18	e7f6 e5d6 f6c3	1419	01191o1p
BMxvy	8/1p5p/4pP1k/p7/5pR1/8/2r3PP/6K1 w - - 2 41	f6f7 c2c1 g1f2 c1c8 g4g8 c8f8 g8f8	1419	000g0p1m1w
CSVKd	r2q1rk1/ppp3pp/2n2b2/5Q2/4N3/5N2/PPP2PPP/R3KB1R b KQ - 0 12	f6c3 b2c3 f8f5	1419	010j1c1o
CtaTr	2r1r1k1/5pp1/1P1p3p/1b3P2/1p1pP1n1/3P2P1/7P/R1R2BK1 w - - 1 30	c1c8 e8c8 b6b7 c8f8 a1a8	1419	000g1019
CzEMh	5rk1/pp1r1pp1/4p3/2p3B1/3bNnq1/PP1Q4/5P2/1R3K1R w - - 4 29	e4f6 d4f6 d3h7	1419	0d0y1315191n1o
D5HUM	5r1k/pp4pp/8/2qB4/6b1/1P4PP/PQ1R4/7K b - - 0 30	f8f1 h1g2 c5g1	1419	0p13151o
DMpNw	3r1r2/p3q2k/6pp/2p5/2Bnp3/1P4PP/PQ3R2/5RK1 w - - 0 29	f2f7 f8f7 f1f7 e7f7 c4f7	1419	010e0s1019
DPEVN	1r3k2/8/b1Pp3p/P7/8/4Q2P/8/4K3 b - - 0 44	b8e8 e1d2 e8e3	1419	0g0p1g1o
Ell9X	r4rk1/4q2p/p2pPRp1/1pp5/4P2Q/1P4NP/P5P1/6K1 w - - 1 39	f6g6 h7g6 h4e7	1419	0g0j0p0y1o
FH544	6k1/1p4p1/p1q4p/2p1Rp2/5Q2/1PPr3P/1P4P1/6K1 w - - 0 31	f4c4 g8h7 c4d3	1419	0g0p0s1g1o
FseQD	6k1/p7/1p3rp1/1P6/3PN1Q1/P7/2r2qPP/6RK b - - 1 36	f2g1 h1g1 c2c1 g4d1 c1d1	1419	050p1013161n
I5Ba7	r4r1k/1pp4B/pnnp1q1Q/8/2PP4/P6P/1P3PP1/R4RK1 w - - 4 23	h7g6 h8g8 h6h7	1419	0j0k0y1315191o
IPwNx	7r/K4pbp/2kn2p1/8/2N3P1/P4P1P/1P2N3/2R5 b - - 0 36	d6b5 a7a6 h8a8	1419	0p13151o
IfUSc	4r1k1/ppp2p2/2n3pp/8/2P1qP2/2Q2NP1/PP5P/2KR4 w - - 2 21	d1e1 e4e1 f3e1	1419	010p1o
Im1sx	rnbqk2r/pppn2p1/3p1p2/4p1N1/3P3P/2P5/PP2PPB1/RN1QK2R w KQkq - 0 10	g5e6 d8e7 e6c7	1419	0g1c1o
JC8ZL	r1b2k2/ppp2pp1/3p2q1/4r3/2P1P2Q/2PB4/P4PP1/R3K2R w KQ - 2 20	h4d8 e5e8 h1h8	1419	0d1315191o
LOcBr	2R5/5Npk/p3pn2/3p1p1p/5P1P/1p4P1/r7/6K1 w - - 0 40	c8h8 h7g6 f7e5	1419	0p13151o
ME3q4	r1bkq1r1/2p2R2/pp1p3p/3P4/3NP3/2N5/PPP3PP/5R1K w - - 1 23	d4c6 e8c6 d5c6	1419	0g191o
MTQHt	r2qkb1r/ppp3pp/3p1n2/4N1B1/2BnP3/2N5/PPP2PPP/R2b1RK1 w kq - 0 10	c4f7 e8e7 c3d5	1419	1315191g1o
Myfl6	Rr5k/6p1/1P5p/8/P2n4/5B1P/5PP1/6K1 b - - 2 36	d4f3 g2f3 b8a8 b6b7 a8b8	1419	0g0p10
NmzlG	r2qr1k1/ppp4p/3p1bpQ/3N1p2/3n4/3P4/PPP2PPP/R1B1R1K1 w - - 7 18	e1e8 d8e8 d5f6	1419	0g0y191o
O9U0z	r4rk1/4bppp/p1pp4/3bP3/8/2qB1Q1P/P1P3PB/R4R1K w - - 1 20	d3h7 g8h7 f3c3	1419	0g0j191o
Qk29H	b4k2/5Ppp/p1q1p3/4P2P/5b2/1NQ5/1pP5/1K1B4 w - - 2 34	c3b4 f8f7 b4f4	1419	0g0p0s1o
T11jN	3r2k1/ppp2ppp/8/8/Q1P1P3/2K5/PP1N2qP/R6R b - - 1 18	g2d2 c3b3 d8d3	1419	0p13151o
TNSxH	6k1/1p2r1p1/2p1b1rp/p4P2/2p2P2/PP3Q1P/2BB4/3N3K b - - 0 37	e6d5 f3d5 c6d5 f5g6 e7e2	1419	0110191g
TeyQf	8/p5p1/1p1p4/3k3p/3P3P/r1P2R1K/6P1/8 w - - 6 35	c3c4 d5c4 f3a3	1419	0g0j0p1m1o
TtoXd	4r3/pp4kp/1q6/6P1/2Q1bp2/P7/1PP5/1K1R4 w - - 4 31	d1d7 g7g6 c4f7 g6g5 f7e8	1419	010p0s10
UZjxh	8/7R/5Pk1/4n1P1/7K/7P/8/6r1 w - - 5 46	h7g7 g6f5 f6f7	1419	000g0p1o
Uasnt	r4r2/1p1qbppk/p6p/3pP3/3n3N/P5Q1/1P4PP/R1B2RK1 w - - 0 20	g3d3 h7g8 d3d4	1419	010s191o
W1rU6	3q2rk/1b3p1p/p4PpQ/1p1pp3/4P3/P2P1R2/BPr3PP/2N3K1 w - - 0 25	h6h7 h8h7 f3h3	1419	050y1315191n1o
XDN21	r5k1/1bp2rbp/3p2p1/p5q1/1p2P3/3P2PP/PPR1N1PK/3Q1R2 w - - 0 20	f1f7 g8f7 c2c7	1419	01050b191o
XlInO	4r1k1/2p3pp/p1p2r2/8/3P2Qq/P3PP2/1P2R2P/5RK1 b - - 2 23	f6g6 g4g6 h7g6	1419	010p1g1o
Yx8WU	r1b1RNk1/pp3pp1/2n4p/2pp4/5q2/3P1Q2/P1P3BP/R4K2 b - - 4 19	f4f3 g2f3 c8h3 f1f2 a8e8	1419	0g0j0r1019
ZZTp5	8/PK6/8/3k3p/2R3p1/6P1/r1p5/8 w - - 2 66	c4c2 a2c2 a7a8q	1419	00010i0p1h1m1o
a2XKA	8/8/b3p1P1/3k1p1p/3P4/2K5/4p3/8 w - - 0 63	c3d2 d5d4 g6g7 a6c4 g7g8q	1419	00080g0p101h
a2fDK	r4rk1/ppp2ppp/3p4/4P3/4P2q/1BP4b/P1P3P1/R1BQ1R1K b - - 0 15	h3g4 h1g1 g4d1	1419	0g0j0k191o
aZ8yh	8/r6k/2p1N2p/pp6/3p4/P2P1n1P/BPP2r2/2K3R1 w - - 4 29	e6f8 h7h8 g1g8	1419	0p13151d1o1x
bUgRo	8/p7/7p/k3B1p1/P1p1p1P1/4P1K1/2rb1P1P/3R4 w - - 4 30	d1d2 c2d2 e5c3 a5a4 c3d2	1419	050g0p0s101n
cKO7U	2r2rk1/pp5p/8/3pNB2/5K2/7P/P6P/5R2 b - - 2 32	f8f5 f4f5 c8f8	1419	050g0p1n1o
cSByc	3r1k2/pp3p1p/1npqbQpP/4p3/4P1P1/5P2/PPP1B3/2KN2NR b - - 2 19	d6d2 c1b1 d2d1 e2d1 d8d1	1419	0i101316191k1n
cb6Vy	5b2/pp4p1/4pn2/3rN2p/5Ppk/2P5/P6P/6RK w - - 0 30	e5g6 h4h3 g1g3	1419	0p0s13151o
csH3D	rnb1qbkr/ppp1p1pp/3pP3/3n2N1/8/5Q2/PPPP1PPP/RNB1K2R w KQ - 1 9	f3f7 e8f7 e6f7	1419	000y13151c1o
cxY9o	8/8/1R4K1/p1p5/P2b4/1P1k4/8/8 b - - 0 45	c5c4 b6b8 c4c3	1419	0g0p1o
d7D17	r1bq1r1k/ppp3pp/1b6/6NQ/1PBn4/P1BP1p2/5PPP/R4RK1 b - - 1 18	d4e2 g1h1 f3g2 h1g2 e2f4 g2h1 f4h5	1419	00050g0s191w
d8wF7	2b5/8/3Pk3/1KP5/8/8/8/8 w - - 3 57	b5c6 c8d7 c6c7 d7a4 c5c6 a4d1 d6d7	1419	00080g0h0p1w
dYG2q	4r1rk/2p2p2/2P3p1/ppBPbb2/1Q3N1q/5R2/P5PP/2R4K w - - 0 35	f4g6 f7g6 b4h4	1419	0g0j0y191o
dgGhE	r4rk1/2p2ppp/2N5/p4nq1/3P4/1P1Q3P/P5P1/R3B1K1 w - - 12 30	d3f5 g5f5 c6e7 g8h8 e7f5	1419	01050s10191n
frT8v	6k1/6p1/2p2b1p/8/NP6/2P3P1/1P1rpK1P/1R6 b - - 1 33	d2d1 f2e2 d1b1	1419	0g0p1o
fsSCM	4nk2/1R1R3p/8/3K1Np1/2p5/5P1P/r2pr3/8 w - - 0 40	d7f7 f8g8 f5h6 g8h8 f7h7	1419	0p0r1013161x
g8Uih	5rk1/2r2ppp/p4b1q/1p1Bp3/1P2P3/P5RP/5QP1/5R1K w - - 7 28	f2f6 h6f6 f1f6	1419	0g191g1o
hkGhu	r2q1rk1/1p2Qppp/p1b5/2p3B1/8/3P1N2/PPP2PPP/R3K2R b KQ - 0 12	f8e8 e7e8 d8e8	1419	01191g1o
itZ8X	2r2rk1/pp3pbp/4pqp1/3p1n2/3P3P/2PQBP2/PPB2PK1/R6R w - - 1 25	e3g5 f5h4 g5h4	1419	01191o
jLRsA	3q3k/1p4p1/4Q2p/3pB3/3P2Pb/8/8/6K1 w - - 0 37	e6h6 h8g8 h6g7	1419	0p13151g1o
jvgAK	r3r1k1/pp3p1p/2p2Qp1/8/2P1N1b1/2Nq4/PP3PPP/R3K2R b KQ - 0 16	e8e4 c3e4 d3e2	1419	1315191n1o
k7kbk	1r3rk1/pb4pp/1p2pP2/2pp2q1/5Q2/2P1P1P1/PP1N1K1P/R3RB2 b - - 0 18	f8f6 d2f3 f6f4	1419	01191g1o
kC9b6	6rk/4b1r1/2p5/p2pPQ2/2bB4/2P5/Pq4PP/1N5K w - - 13 29	f5h5 g7h7 e5e6 e7f6 d4f6 g8g7 h5e8	1419	0j0k0r1317191g1w
kbFVe	3k4/2R3pp/4P3/8/5N2/1b4P1/r7/4K3 w - - 3 42	e6e7 d8c7 e7e8q	1419	000g0i0p1h1o
lgGoZ	2r2rk1/p4ppp/bp2p3/2npP3/2qN1P2/PRP1B3/2PQ2PP/R5K1 w - - 1 20	b3b4 c5e4 b4c4 e4d2 c4c8 f8c8 e3d2	1419	01191t1w
libAu	r5k1/1b2p1b1/ppq5/2p1n1NQ/3p1r2/8/PPPB2PP/R4RK1 w - - 0 20	h5h7 g8f8 f1f4	1419	010w0y191o
m08X2	2r3k1/2P2pp1/Q2pq3/3N4/4p3/1r3nPp/2R2P2/K1R5 w - - 4 45	a6c8 e6c8 d5e7 g8h7 e7c8	1419	050g0s1011191n
mPggQ	2kr2nr/ppp4p/5b2/8/3nP1q1/2NQB1P1/PPP2P1P/R3K1NR b KQ - 0 13	d4f3 g1f3 d8d3	1419	0g0j1c1o
n5dxN	2Rn2k1/1p3p1p/p5p1/3Q4/P4P1q/1P3P2/7P/4rBK1 b - - 4 34	e1f1 g1f1 h4h3 f1f2 h3c8	1419	050g0p0s101n
owMAO	2b2r2/2p1r1k1/p2p2pp/1p6/3Pp2P/4BqQ1/PPP2P2/4RRK1 w - - 3 26	e3h6 g7h6 g3g5 h6g7 g5e7	1419	01050s10191n
pgsgJ	8/4r1pk/3Q3p/2p2q2/4r3/P6P/KP4R1/6R1 b - - 3 36	f5f7 a2a1 e4e1 d6d1 e1d1	1419	0g0p10
sHSyd	8/3N1Rbk/1np3pp/p2pN3/P2P4/6P1/5PKP/1r2q3 w - - 2 39	d7f6 h7h8 e5g6	1419	0i1315191o
sLPUJ	3kr3/2qn1Qbp/pp4p1/2p2p1n/2P5/1P6/P4P1P/1KBR3R w - - 0 26	c1g5 g7f6 g5f6 h5f6 f7f6	1419	010r10191g
sywUi	rnbqkb1r/ppp2ppp/8/4B3/4n3/4P3/PPP2PPP/RN1QKBNR b KQkq - 0 6	d8d1 e1d1 e4f2	1419	01051c1o
udzlf	Q1qk3r/3r2pp/R4b2/1p6/8/8/PPP3PP/2K1R3 w - - 1 26	a8c8 d8c8 a6a8 c8b7 a8h8	1419	050g0r10191p
ul6RN	r1b1kb1r/pp1nn1p1/2p1p3/3pP2p/3P1Ppq/3B3P/PPP3K1/RNBQ2NR w kq - 2 11	h3g4 h4g4 d1g4 h5g4 h1h8	1419	0g101c
vWG0z	6r1/p1p1qpk1/2p2p1p/4p1rR/2P1P2N/1P1P2P1/P6P/5Q1K w - - 3 24	h5g5 h6g5 h4f5 g7f8 f5e7	1419	010p0s10
vYTxs	r5k1/ppp3pp/2p5/3nBrqb/2NPQ3/7P/PPP2PP1/R4RK1 b - - 2 16	h5f3 e4f3 f5f3	1419	0g191g1o
vZQG8	r4rk1/1ppq2p1/pb2p1np/3p3B/1n1P2P1/3bB3/P2N1P1P/R2QNRK1 w - - 1 19	e1d3 b4d3 h5g6	1419	010b191o
w9VRB	r1b1k2r/ppqnppbp/2p3p1/3p2N1/8/2P2Q2/PPP2PPP/R3KB1R w KQkq - 0 10	f3f7 e8d8 g5e6	1419	040s13151c1o
wzp2x	6k1/p5bp/6pB/1pp5/7P/5RPK/q7/5R2 w - - 2 37	f3f8 g7f8 f1f8	1419	0p13151d1n1o
xy6XX	r2q1rk1/5ppp/2pbpn2/3p4/1P1P1B2/2P2QNP/5PP1/R4RK1 w - - 3 18	a1a8 d8a8 f4d6	1419	0g191o
y40jJ	r2qk2r/1pp1npp1/1p1p3p/4p1nb/4P1P1/1B1PBN1P/PPP1QP2/R4RK1 b kq - 0 14	g5h3 g1g2 h5g4	1419	010y191o
yRRul	rn6/pp4k1/3pB1p1/2pP3p/2PbP3/2N2RqP/PP1QK3/8 b - - 2 26	g3g2 e2e1 g2f3	1419	0g0i191o
zRKQD	r5k1/2pq2Pp/pn6/1p6/3p4/PP3Q2/6PP/5RK1 w - - 0 30	f3f8 a8f8 g7f8q	1419	000p13151h1o
0Q8QK	3r1r2/p1p1N1pk/1p5p/4Qp1n/2q5/P3P3/5PPP/R2R2K1 w - - 2 22	d1d8 f8d8 e5f5	1420	01191o
0SSce	2b1r1k1/r2n2bp/p3N1p1/1p1p4/3P4/4B2B/P1P3PP/4RRK1 w - - 2 23	e6g7 g8g7 e3h6 g7h6 e1e8	1420	050g0j0y1019
1FeLL	5k2/1p3p2/2p2BbP/2PpR1p1/p2P1p2/1r6/6K1/8 w - - 2 40	f6g7 f8g8 e5e8 g8h7 e8h8	1420	0p1013161d
1bFfc	rn2kb1r/ppp1pppp/5n2/6N1/3q2b1/2NB4/PPP2PPP/R1BQK2R w KQkq - 1 7	d3b5 d4d7 b5d7	1420	0g1c1o
3cR22	r7/p4pk1/2PBp3/3p4/P2P2pq/3RP3/5PK1/3Q4 b - - 1 29	h4h3 g2g1 a8h8 d6e5 f7f6	1420	0g0p101l
3nqD6	8/3Q2pk/1p3p1p/2b5/5P1P/6PK/3pr3/8 w - - 0 51	d7d3 f6f5 d3e2	1420	0g0p0s1o
4Ahz6	6k1/6p1/7p/8/2P5/p2P1Q1q/5R2/4K3 b - - 0 52	h3f3 f2f3 a3a2 e1e2 a2a1q	1420	000g0p101h
4IEls	8/5k2/2p1p2p/4Q1p1/4P3/5PK1/3q2PP/8 b - - 4 40	d2e1 g3h3 e1h4	1420	0p13151i1o
4JCxl	8/4r3/1K1kP1p1/3pR1P1/5P2/8/8/8 b - - 2 52	e7e6 e5e6 d6e6 b6c5 e6f5 c5d5 f5f4	1420	0g0p1m1w
4kcky	4r1k1/pp4pp/4p1PP/3pNq2/3n4/P5R1/1P3PK1/1Q6 w - - 3 33	g6h7 f5h7 g3g7 h7g7 h6g7	1420	000g0j0p0s101g
4zL0Y	4k2r/5ppp/pR1b1n2/3p1p2/P7/r5P1/2P1PPBP/R5K1 w k - 0 23	a1a3 d6a3 b6b8 e8d7 b8h8	1420	0110191p
5HQxW	8/8/5p2/1Kpkp1pp/8/8/r1P2RP1/8 w - - 2 38	c2c4 d5d4 f2a2	1420	010j0p1m1o
5pqRy	2r1brk1/5p1p/p3p1nQ/np1p3P/3PPq2/1B3N2/PP3PP1/R4RK1 w - - 1 22	f3g5 f4g5 h6g5	1420	0g191o
6G2HY	r1bqk1r1/pp3p1p/3p3B/2pN4/4P2P/1P1P1Nb1/P1PQB1Kn/R6R b q - 2 17	g3f4 h6g5 f4d2	1420	010j0k191g1o
6vXsl	7r/2p1kqQp/5n2/1r6/8/8/PPP3P1/5R1K w - - 7 34	f1e1 e7d8 g7f7	1420	0g0i0p1g1o
7Evkw	1r1r2k1/2Qn1pp1/1p5p/1Bp1q3/8/P7/5PPP/3R1RK1 w - - 0 24	d1d7 e5c7 d7c7	1420	01191o
7fWWm	2r3k1/1p3R2/1q2p2p/p2pN1pQ/3PnP2/P3P2P/1P4P1/6K1 b - - 1 26	c8c1 g1h2 c1h1 h2h1 e4g3 h1g1 g3h5	1420	01050p0s1n1w
8HFZ5	4r1k1/pp2rpp1/8/P1ppN1q1/2bP1p2/2K2B2/1P1Q1P2/6RR b - - 1 30	c5d4 d2d4 g5e5	1420	0111191g1o
8Mezm	1n1qr2k/1Q3Rpp/8/p4N2/1p6/3P4/PP4PP/1K2R3 b - - 0 24	d8d3 b1a1 e8e1	1420	060w1315191o
A7nAo	8/6pp/6b1/3P4/5QPk/4PP2/p6K/4q3 w - - 1 47	g4g5 h4h5 f4g4	1420	0j0k0p13151o
ACUes	8/2qQ1pkp/p1P2b2/Pr1B2p1/5p2/8/5PPP/4R1K1 b - - 5 35	c7d7 c6d7 b5d5	1420	0b0g0p1o
AVVJP	3r1k2/pQ3p2/5p2/2bP1r2/8/PP6/2P1K2P/5R2 b - - 1 42	d8e8 e2d3 f5f1	1420	010i0p1o
AmS5y	r3kbr1/5p2/p1p2Q1p/2p5/3p4/1Pq1P1P1/P1PNKP1P/2R4R b q - 0 17	d4d3 c2d3 c3f6	1420	0g0j191o
Bvkpx	2kr1b1r/pppq1ppp/2n5/3n4/2P5/3B1Q1P/PP3PP1/R1B2RK1 w - - 0 13	d3f5 c6d4 f5d7	1420	011c1g1o
C8CpU	2R5/kpQ5/p2p4/3Pp3/n6P/2P5/P1PqB3/1K6 b - - 2 34	d2e1 e2d1 e1d1	1420	0p0s13151o
DFPCm	5rk1/pb3pp1/1p4rp/8/1P1NP3/P1NR2qP/3Q1Rp1/6K1 b - - 0 25	g3h2 g1h2 g2g1q	1420	00050y1315191h1o
EKQuP	1Q6/1b3pbk/1p4p1/1Pp5/2P1PP2/5rP1/4R3/1q3BK1 w - - 4 38	e2h2 g7h6 h2h6 h7h6 b8h8	1420	0510111316191n1r
EX0fM	1r3q2/1p1n2kp/p3Qnp1/8/1PP5/2N2B2/P4PPP/4R1K1 b - - 2 24	b8e8 e6e8 f6e8	1420	01191o
Hhu07	r4rk1/ppp3p1/2b1qpPn/3p4/5Q2/5P2/PPP1BP2/2K3RR w - - 0 29	h1h6 g7h6 f4h6 e6e7 g6g7	1420	00011019
HwWHn	r6k/1p3q1p/1P3p1Q/2p1pP2/4P2P/2nP4/p5RK/6R1 b - - 5 38	a2a1q g1a1 a8a1	1420	000g0p1h1o
IBJwp	8/6kp/4B1p1/1P3P2/4b3/3p4/2r5/2BK2R1 b - - 0 34	e4f3 d1e1 c2c1 e1d2 c1g1	1420	0g0i0p0r101p
IV0Zq	r1n3k1/1p1Rnrp1/p3Q2p/2q5/P7/2N5/1PP2PPP/4R1K1 w - - 5 22	d7d8 g8h7 e6f7	1420	0g0i0y191o
IWUmF	8/2Q2bk1/2p1qppp/8/1P1R3P/8/1P4P1/6K1 b - - 0 43	e6e3 g1h2 e3d4	1420	0g0p0s1o
Ia9g9	4q3/p4r1p/kp1R4/8/3N4/P1Pb1PQ1/1P4PP/6K1 b - - 8 38	e8e3 g3f2 e3c1 f2e1 c1e1	1420	0p101316
IjwDB	2r4k/p3P2p/3P2p1/1b4q1/8/8/P4QBP/2q1R1K1 w - - 1 33	f2f8 c8f8 e7f8q	1420	001315191h1o
JVE1T	r1r3k1/p4ppp/3Qp3/2Np4/3P4/3bP3/Pq3PPP/R1R2K2 w - - 3 21	c5d3 c8c1 a1c1	1420	010t191o
LI2iZ	8/5b1p/7k/6p1/5Q2/2P1p2P/6PK/4q3 w - - 0 45	f4f6 f7g6 f6f8 h6h5 g2g4 h5h4 f8h6 g6h5 h6h5	1420	0p0s13181w
N27v5	8/1p3r1k/p1p1p2p/5q2/1P2pn1R/P3B1R1/2PQ2PP/6K1 b - - 1 34	f4h3 g1h1 f5f1 e3g1 f1g1	1420	0y10131619
N6Han	rn2k1nr/1bp3pp/pp1qpp2/3pN3/3P4/2P1P3/PP1N1PPP/R2QKB1R w KQkq - 0 9	d1h5 g7g6 e5g6 h7g6 h5h8	1420	01101c1g1t
O3XQO	3r1rk1/5p1p/p1p5/4p3/1P1qP3/P3R3/2P2QPP/5b1K w - - 0 28	e3g3 g8h8 f2f6	1420	0p13151o
OQX0V	6k1/p1p3b1/1p1p2q1/3P4/2P1Qpb1/5P2/PP6/3R1K1R b - - 0 30	g6e4 f3e4 g4d1	1420	0g0p111o
PeQ1A	6R1/8/8/1P6/8/5k2/r5p1/6K1 b - - 0 61	a2a1 g1h2 a1h1	1420	0p13151m1o
Prbgf	6k1/1Q3pbp/1p4P1/p3p3/P1P5/1P6/3q1PP1/6K1 w - - 0 30	b7f7 g8h8 f7e8 g7f8 e8f8	1420	0p101316
QnSUB	6k1/R5bp/6p1/p2p2B1/Pp4P1/1P1P1r1P/8/6K1 b - - 1 35	g7d4 g1g2 f3f2 g2g3 d4a7	1420	0g0p0r0s10
SaJq5	2r3k1/p3q1p1/1p4Qp/3pP1b1/1P1P4/P3P3/7P/2B2RK1 b - - 2 28	c8c1 f1c1 g5e3 g1g2 e3c1	1420	050b0g0p0s10
StmT9	r3r1Q1/4k3/2p1pNp1/pp6/3P1q2/2P4P/P4PP1/2R3K1 w - - 3 30	g8g7 e7d6 g7d7	1420	0p0q13151o
TEIVy	r4k1r/1pp2Pp1/p2p1N2/5b2/8/1B6/PPP5/3nR1K1 w - - 0 27	e1e8 a8e8 f7e8q	1420	001315191h1o
TzULj	r7/BR1n2pp/2p1k3/3p4/P1pP2P1/2b2P2/7P/1R4K1 b - - 0 27	a8a7 b7a7 c3d4 g1f1 d4a7	1420	050b0g0p0s10
UNuKz	rn1q3r/ppp1bk1p/7p/4p3/3P2b1/5N2/PPP3PP/RN1QK2R w KQ - 0 10	f3e5 f7g7 d1g4	1420	0g0j0s1c1o
UQivN	2r4k/R6p/2P3p1/1P1p2n1/2r5/8/6PK/1R6 w - - 1 41	b5b6 c4c6 b6b7 c8b8 a7a8	1420	000g0p10
W6l2M	3r2k1/4R1pp/8/8/6Q1/p7/1q3PPK/8 w - - 2 37	g4e6 g8h8 e7e8 d8e8 e6e8	1420	060p101316
WXb6h	2rqk2r/2pn1ppp/1p2pn2/pQ1pN3/3P4/4P1P1/PPP2PP1/R3K1NR w KQk - 2 12	e5c6 e8g8 c6d8	1420	0g191o1t
X1xzW	4r2k/6p1/2Q4p/8/8/r5qP/6P1/4R2K w - - 0 44	e1e8 h8h7 c6e4 g3g6 e8h8 h7h8 e4g6	1420	010i0p1w
X5dLu	3k1b1r/1q2p2p/p2p1pp1/8/Q2NP3/8/2P2PPP/6K1 w - - 0 26	d4e6 d8c8 a4e8	1420	0p13151o
XZmLB	r2q1r1k/pp2pPbp/2n3p1/2p5/2n5/2NP3R/PPP3PP/R1B1Q1K1 w - - 0 15	h3h7 h8h7 e1h4 g7h6 h4h6	1420	050s1013161c1n
XcTOS	r7/p2n1pk1/2p2q2/2Pp3Q/3PrP1P/P3N1K1/1B6/R3R3 b - - 0 28	f6f4 g3h3 e4e3 e1e3 f4e3	1420	011019
Xob1g	r4r1k/pp3ppp/3p4/2b1pq2/B5bN/2N3P1/PPP2P1P/R2QR1K1 b - - 5 17	f5f2 g1h1 g4d1	1420	0g0y191o
Xyv1R	8/8/p1p5/1p2k1KP/1P3R2/P4P2/8/7r b - - 0 64	h1h5 g5h5 e5f4 h5g6 f4f3	1420	0g0i0p101m
Xzyze	r5k1/2p3bp/3pN1p1/pNpPp3/2P1r3/7q/PP3Q2/2R2RK1 w - - 0 22	f2f7 g8h8 f7g7	1420	0y1315191o
Ymx3I	1Q2R3/p4pkp/5p2/1ppqr3/8/P5P1/5P1P/6K1 w - - 6 38	e8g8 g7h6 b8f8 h6h5 g3g4 h5h4 f8h6	1420	0g0p111w
ZGvNi	6k1/5p1p/6p1/p2p2P1/q1pPbQ2/2P2N2/PK5P/3R2R1 b - - 0 40	a4c2 b2a3 c2c3 a3a4 c3b4	1420	0i0p101316
ZptC5	3r4/5p1p/4p1p1/3k4/PprB4/1R1KP2P/5PP1/8 w - - 16 32	e3e4 d5d6 d3c4	1420	0g0i0p1o
Zv8BC	8/3r4/1p1P2RP/1p4N1/6K1/P1p5/1k6/8 b - - 0 53	c3c2 h6h7 d7h7 g5h7 c2c1q	1420	00010p101h
ZvqAy	8/3N1p1R/2p3kP/p7/6r1/1P3n2/P7/2K5 w - - 2 38	h7g7 g6h6 g7g4	1420	0g0p1o1p
bS13p	6k1/p1R2bpp/2r2N2/8/3p4/4q3/PPP3PP/5Q1K b - - 0 24	c6f6 c7c8 f7e8	1420	010p1o
bj08J	8/8/5p2/p1p5/P1P1pkP1/1P5K/4P3/8 b - - 1 41	f4e3 g4g5 f6g5	1420	0g0p1e1o
buElb	1r5k/6pp/3p4/1B4P1/5PQ1/q3r3/6K1/2R4R b - - 2 34	a3b2 g2g1 b2c1	1420	0g0s0v191o
cYmqQ	1k6/2pBb2r/p1q3p1/1p3p2/8/2P2PPp/PP2Q2P/3R2K1 b - - 5 28	e7c5 g1f1 h7d7	1420	0g0j0p1o
cgWOj	r2qkb1r/ppp1pppp/1n1p4/n3P3/3P1Pb1/1B3N2/PPP3PP/RNBQK2R w KQkq - 6 8	b3f7 e8f7 f3g5 f7e8 d1g4	1420	04050g0j101c1n
dPEaD	r3k1r1/2p2p1p/p2p4/1p6/4nP2/1BN2n1P/PP3P2/R1B2R1K b q - 1 18	e4f2 f1f2 g8g1	1420	030y1315191n1o
djtm8	3r3k/4Q2p/p2q2p1/1pp5/8/3n2PB/P6P/5R1K w - - 3 34	f1f8 d8f8 e7d6	1420	0g0i0p1o
eA8a2	Q2R4/2p2pkp/p7/8/8/1P4Pb/P1q4P/RN5K b - - 2 24	c2c1 d8d1 c1d1	1420	0p13151o
fdW76	8/6pr/5pk1/1P6/2p2p2/7R/8/4K3 w - - 0 42	h3h7 g6h7 b5b6 c4c3 b6b7 c3c2 e1d2	1420	000g0p1m1w
fkV7o	r2q2rk/3b1p1p/p1p1nPpQ/3pp1P1/4P3/2NB1R2/PPP4P/R6K w - - 2 22	h6h7 h8h7 f3h3	1420	050y1315191n1o
fzcR9	3r2k1/7p/6p1/1q1rRp2/2QP1P2/2B3P1/5K2/8 w - - 10 45	c4b5 d5b5 e5b5	1420	0g0p1o1y
guSqX	4r1k1/3Q1p2/p3r1p1/5q1p/8/2B3P1/PP3P1P/4R1K1 w - - 2 29	d7e8 e6e8 e1e8 g8h7 e8h8	1420	0p1013161d1y
gvYCH	r6k/1bN2qp1/2p2b1p/3r4/1PQ5/2P3BP/5PP1/R3R1K1 b - - 2 29	a8a1 e1a1 d5d1 a1d1 f7c4	1420	010j1019
k3dnF	r4k2/1pp2q2/4RpQ1/p1bp1P2/3p4/P2P4/1P4PP/6K1 w - - 5 28	e6f6 f7f6 g6f6	1420	0g0p1g1o
kMM1A	r2n2k1/pb1Q3p/1p2p1p1/5n2/2P1qP2/BP6/P1P3PP/5R1K w - - 4 22	d7e8 g8g7 e8f8	1420	0n0y1315191o
l21Qd	8/8/6p1/pp1k2p1/8/P1P1KP1P/6P1/8 b - - 1 36	d5c4 e3d2 c4b3	1420	010p1e1o
lD4uC	N2k3r/pp1bpp2/2np2p1/8/3qPPn1/1P1B2Pp/P2BQR1P/2R3K1 b - - 2 21	g4f2 e2f2 d4d3	1420	01191o
mCELi	r4rk1/pp1n1ppp/2pqpn2/8/3PN1N1/2P4P/PP2QPP1/R4RK1 b - - 3 15	f6e4 e2e4 f7f5 e4e3 f5g4	1420	010s1019
nGP7d	r2k3r/pp1n1Q2/2p1B3/3pP3/3P3q/2N3p1/PPP3K1/R4R2 b - - 0 21	h4h2 g2f3 h8f8 f3g4 f8f7	1420	0110191g
pdrYu	r2qkbnr/1pp3pp/p1np1p2/4N3/2B1P3/2NP4/PPP2PPP/R1BbK2R w KQkq - 0 8	c4f7 e8e7 c3d5	1420	13151c1o
q2JIv	2k1B3/ppp5/q4pp1/8/6P1/bP1rP2P/P1P1QP2/1K1R4 b - - 0 23	d3b3 a2b3 a6e2	1420	0g0j0p1k1o
qlpWW	6k1/6Bp/p2p4/2p1pP2/2PnP3/P1Q3R1/5P1K/3q1b2 b - - 0 37	d1h5 h2g1 d4e2 g1f1 e2c3	1420	010p0r0s10
qun3J	4r1k1/pbp3pp/1p1p3q/3P1PN1/1P2P1n1/P1NQ4/6PP/2R1R1K1 b - - 0 25	h6h2 g1f1 h2h1 f1e2 h1g2 e2d1 g4f2 d1c2 f2d3	1420	0g0i0j0k0s191w
r1FxN	8/5R1P/2k5/p5K1/1p6/1n6/6P1/7r w - - 0 53	f7f6 c6b5 f6h6 h1h6 g5h6	1420	0g0p10
susns	4r3/1k3ppp/8/8/1pp4P/1n4P1/KP1B1P2/3R3R b - - 0 30	e8a8 a2b1 a8a1 b1c2 b3d4	1420	0p101316
uAe9x	r6r/4kp1p/p3p1p1/1p1b4/5Q1K/4P3/P5qP/2R4R w - - 2 32	c1c7 e7e8 f4f7 e8d8 f7d7	1420	0410131619
vYmWg	2b1r1k1/1p1p1ppp/1p6/3P4/3n4/8/PPPQ1qPP/R2K1B1R b - - 1 16	e8e1 d2e1 f2c2	1420	0i1315191n1o
yHbhf	2b2rk1/R4p1p/6p1/2p5/2B1PQ2/5P2/P4KPP/q7 b - - 1 28	a1d4 f2g3 d4c4	1420	010p0s1o
0NklK	2kr4/ppp2pp1/4pnp1/q7/3nN3/1P4NP/P1PQ1PP1/R4RK1 b - - 0 19	d4f3 g2f3 d8d2 e4d2 a5d2	1421	010j1019
0i35V	5r2/5p1k/p6p/2p2Rq1/P3Q3/6R1/1P4PP/3r3K w - - 1 34	f5f1 g5g6 e4g6 f7g6 f1d1	1421	0g0j0k0p10
0nC1t	r6k/ppp2p2/2np2rp/2bNp3/2B1P3/3P1NPp/PPP2P2/R4RK1 b - - 0 19	g6g3 g1h1 g3f3	1421	010y191g1o
30kkB	8/1r3ppp/8/k2p3n/3P4/3R1P2/1r3P1P/2KB1R2 w - - 0 33	d3a3 a5b5 c1b2	1421	0g0p0v1o
31yoi	5rk1/P4ppp/2n1p3/r7/R7/2P5/5PPP/5RK1 w - - 1 28	a4a5 c6a5 f1a1 f8a8 a1a5	1421	010p10
3gK0y	r1b1k2r/ppp2ppp/3q4/8/4n3/4P3/P2BBPPP/R2Q1RK1 w kq - 5 13	d1a4 c8d7 a4e4	1421	0g0s191o
3leGR	8/7p/p4QPk/3pPp2/3PbqP1/8/P5B1/7K b - - 6 43	f4f1 h1h2 f1g2	1421	0p13151g1o
3pBtD	r2q1r1k/6pp/p1ppQ3/1p6/3bPP2/2NP4/PPP3K1/R6R w - - 2 21	h1h7 h8h7 a1h1 d8h4 h1h4	1421	050y101316191n
43pM5	6k1/2p1nppp/pp1p2q1/3P4/2PQ1P2/1P4NP/P5PK/8 b - - 2 31	g6g3 h2g3 e7f5 g3f2 f5d4	1421	01050p0s101n
56aMm	4rrk1/4qp1p/p1bB2p1/1p1pbP2/2p1p1B1/2P3Q1/PP1R2PP/5RK1 w - - 2 30	d6e7 e5g3 e7f8	1421	01191o1t
57mKB	1r2r3/p4pk1/2p5/3b1QP1/4n1P1/8/P7/1R4K1 w - - 7 39	b1b8 e8b8 f5e5	1421	010p1o
5Dq24	8/8/7p/5Kp1/1p4Bk/5P1P/2Pb4/8 b - - 13 40	h6h5 g4h5 h4h5	1421	080g0p1o1t
5ODer	6r1/8/R6p/3p2pk/5R2/2PqB1P1/5P1K/8 w - - 0 41	g3g4 h5h4 a6h6	1421	0i0p13151o
5gC1F	r4r1k/pp2Nppp/1b1p4/1P5q/3p1B2/3Q1PP1/P5R1/6K1 w - - 0 23	g2h2 h5h2 g1h2	1421	01191o
5gx8j	r3k1nr/3qppbp/p2p2p1/1Np5/Q1Pn4/3P1N2/PP1BPPKP/R4R2 w kq - 0 16	b5c7 e8d8 a4d7 d8d7 c7a8	1421	0g0j10191g
6uAMe	8/R4Nbk/8/7p/1NP3b1/P7/3r2P1/6K1 b - - 0 36	g7d4 g1h2 d4a7	1421	0g0p0s1o
7vciy	r1bq2rk/3np2p/p2p1b2/1pp2NBR/4P3/3P4/P1P2PP1/R2QK1N1 w Q - 3 17	h5h7 h8h7 d1h5	1421	050y1315191n1o
8Eovi	5rk1/p4pp1/2QP3p/8/8/2q5/P3nPPP/4RK2 w - - 0 25	c6c3 e2c3 d6d7 c3d5 e1e8	1421	000g0p10
8j5So	2r2rk1/pb4p1/1p2p2p/3q1p1Q/3P4/1P1B1PP1/P6P/R1BR2K1 b - - 0 22	d5d4 g1g2 d4a1	1421	0g0s191o
9dIzK	r2qkbnr/pQ3ppp/2p1b3/8/3p4/6P1/PP1KPPBP/nNB3NR w kq - 0 11	g2c6 e6d7 c6d7 d8d7 b7a8	1421	01101c
9nas6	6k1/5p1p/p1n1r1p1/1pPq4/1P1B4/P2Q2PP/5P2/3R2K1 b - - 2 36	c6d4 d3d4 e6e1 d1e1 d5d4	1421	010i0p10
BVMDk	8/pp3p2/7k/7P/1P3RK1/4q3/8/3R4 b - - 10 44	e3e2 g4g3 e2d1	1421	0g0p0s1j1o
CCnif	6k1/p4ppp/b7/8/1p6/1Pq2QK1/P5PP/R3r3 w - - 0 29	f3c3 b4c3 a1e1	1421	010b0p0w1o
DEA79	5rk1/5p2/4pPp1/6Pp/2P2Pr1/pP2R2K/P2Q1R1P/6q1 b - - 16 41	g4h4 h3h4 g1g4	1421	050p1113151n1o
EHKLz	4k3/p1P3p1/6Kp/5Pp1/P5P1/3p1P2/8/8 b - - 0 48	e8d7 g6g7 d3d2 f5f6 d2d1q	1421	000g0p101e1h
EbSsa	r3n3/pp3rpk/1bbP1qNp/4R3/8/P6P/2Q2PP1/R1B3K1 w - - 4 25	g6f8 h7g8 c2h7 g8f8 h7h8	1421	0k0m101316191n
F65UG	r3k2r/1pp2p1p/p1np1p2/1B6/3pq1b1/5N2/PPP2PPP/R2Q1RK1 w kq - 0 12	f1e1 e4e1 d1e1	1421	0g191g1o
FT1fz	r1b2b1r/ppp3pp/3k1q2/3Bp3/1P6/P1N2Q2/3P1PPP/n1BK3R w - - 1 13	c3e4 d6e7 e4f6	1421	0g0s191o
G8X7C	4R3/pp5p/5Qqk/3r2p1/6P1/7P/1P3P1K/8 w - - 2 38	f6f8 g6g7 e8e6	1421	0p13151g1o
GM6Yh	3r4/p1p1rk2/1p2p3/4P2R/6p1/6P1/PPP5/1K5R w - - 2 27	h5h7 f7e8 h7h8 e8d7 h1d1	1421	0g0p101m
GTWmB	6k1/6p1/4p2p/1p2Pr2/2pP1n2/Q1P5/6PP/2R1N1K1 b - - 0 33	f4e2 g1h1 f5f1	1421	060p0s13151o
HHRq1	8/p4r2/1p6/1Bpk4/P6R/4p1K1/8/8 w - - 10 52	b5c4 d5e5 c4f7	1421	0g0p1o1p
HQ0nU	4r3/ppp2p1k/1bnp1q1p/7n/3PP1r1/2NB1P1P/PP1Q1P1K/6R1 w - - 0 21	e4e5 g4g6 e5f6	1421	0g0j0k191g1o
HqUoI	r5r1/1pp1Npqk/p2p3p/3Pp1n1/4PP2/2P5/PPB3P1/R2QR1K1 b - - 0 25	g5h3 g1f1 g7g2	1421	0j0y1315191g1o
INFIP	r4rk1/p1q3p1/1p2p2P/3pN3/3PnP2/4N1Q1/P5K1/7R w - - 7 35	h6h7 g8h8 e5g6	1421	001315191o
IOAd7	3q2k1/6pp/5n2/p3r3/3p4/5Q2/P1r2PPP/R2R2K1 w - - 0 27	f3b3 e5d5 b3c2	1421	010s191o
Icdma	r4Bk1/pp3ppp/6n1/2p5/6b1/1B4n1/PPPN1PPP/R3K2R b KQ - 0 15	a8e8 d2e4 e8e4	1421	0g0s191o
Ipm4N	rn2kb1r/p3pp1p/1ppq2p1/1B6/5B2/3P1Q1P/PPP2PP1/R3K2R b KQkq - 1 12	d6b4 e1f1 b4b5	1421	010s191o
IuZRU	5r1k/5r2/2p1Q2p/p2p1N2/P4P2/8/5q1P/6RK w - - 2 32	e6h6 f7h7 h6f8	1421	0i0p13151o
IwsjD	r2r2k1/pBpnp1np/5pp1/8/P7/1P4P1/1BPb3P/RK4R1 w - - 1 22	b7a8 d8a8 g1d1	1421	01191o
JH3K9	r3r2k/pp4pp/2p5/8/1PQ1q3/P6P/6P1/R4R1K w - - 2 26	f1f8 e8f8 c4e4	1421	010i0p1o
LIIwK	8/8/4p3/3bP1B1/7P/6k1/4r3/R5K1 b - - 4 68	e2g2 g1f1 d5c4 f1e1 g2g1 e1d2 g1a1	1421	0g0p0r1p1w
NQHVt	2r3k1/pq3pp1/7p/2P1b3/R1R5/4Q1P1/4PP1P/3r1BK1 b - - 5 32	d1f1 g1f1 b7h1	1421	051315191n1o
NShFB	8/5pk1/5p1p/5K1P/4PP1R/8/6r1/8 w - - 1 61	h4g4 g2g4 f5g4 g7h8 g4f5	1421	0g0p1011121m
Nl7zS	r5k1/1q1b1ppp/3p1bn1/pBpP2NN/PpP5/1P6/3Q1PPP/4R1K1 b - - 2 32	f6c3 g5e4 c3d2	1421	0g191o
PL3ch	1k6/5r2/Qp2q1p1/1Pp1p2p/N7/1P4P1/K1P1N2P/8 b - - 2 31	f7a7 a6a7 b8a7	1421	010p1o
R9nIX	r1bq1rk1/pp2b1pp/2p1pn2/6B1/2P1N3/5N2/PPP2PPP/R2Q1RK1 b - - 0 12	f6e4 d1d8 e7d8 g5d8 f8d8	1421	010t101c
Rb0GU	rn3rk1/ppp2p1p/3p2pq/4p1R1/2b1P2N/2N3Q1/PPP3PP/3R2K1 w - - 0 17	h4f5 h6g5 g3g5	1421	0g191g1o1t
SgRoG	r4bk1/pppq2pp/2n4B/3pPr2/3P4/P1P2N1P/4QP1K/R5R1 b - - 5 20	f5h5 g1g3 h5h6	1421	01191o
Siwty	rnb2r1k/pp1p3P/4pbQ1/4q3/3p3P/8/PPPN4/R1K3R1 w - - 1 22	g6g8 f8g8 h7g8q	1421	000y1315191h1o
SlsK4	2r3k1/Q4pp1/4p2p/3pq3/8/P1r3PP/R3BPK1/1R6 b - - 0 26	e5e4 g2h2 e4b1	1421	0g0s191o
UlfN8	2rr2k1/3n1pp1/p6p/2p1qN2/3p1QP1/P4P2/4P1KP/2RR4 w - - 3 27	f4e5 d7e5 f5e7 g8h7 e7c8	1421	010s1019
VX2cC	4r1k1/ppp1rp1p/2n3p1/2b2bN1/5B2/1BP5/PP3PPP/R3R1K1 w - - 5 21	b3f7 e7f7 e1e8	1421	0g0i0s191o
WuRco	2k3r1/1bp4p/p6Q/2p1p3/P7/2p5/1P3RPP/3q1NK1 w - - 0 28	h6e6 c8b8 e6g8	1421	0g0p0s1o
ZQ42v	r1q3k1/pp1brppp/2p2n2/b2p4/3P4/P1NQBP2/1PB1R1PP/4R1K1 w - - 9 19	e3g5 e7e2 e1e2 g7g6 g5f6	1421	011019
ZVvzm	4r3/1ppk4/p1pb4/7p/3pNp1P/2P2P1K/PP3P2/4R1r1 w - - 0 26	e4f6 d7d8 e1e8	1421	0j0p0s13151o
aXW45	8/8/4p3/1k2p3/3pP3/bKPP4/8/8 w - - 0 61	c3c4 b5c6 b3a3	1421	080g0p0w1o
cVLoJ	1rb4k/8/1pQp2q1/pP1P4/2P2pN1/P4Pr1/6P1/4R1K1 w - - 5 35	e1e8 h8h7 c6c7	1421	0g191o
cm1IA	4rrk1/p1pp2p1/1pn5/6NR/1q6/8/PP2QPPP/2K4R w - - 5 20	h5h8 g8h8 e2h5 h8g8 h5h7	1421	050y101316191n
dCjBK	r1b2rk1/1p3pp1/p6p/2bpqN1Q/4pnB1/2P4P/PP3PP1/R1B1R1K1 w - - 2 24	f5h6 g7h6 h5e5	1421	0g0j0y191o
ewMfl	6QR/p3kr2/8/3p1b2/3p4/P7/1PPqPnB1/RK6 b - - 2 30	d2c2 b1a2 c2c4 b2b3 c4e2	1421	0q10131619
fdGap	2r2r2/1p3p1k/p1n2Q1p/4q3/8/5P1P/PPPp4/3K2R1 w - - 0 26	g1g7 h7h8 f6h6	1421	0i0p13151o
fjdIZ	r2qkb1r/pp1bpppp/2nP4/1B1n4/3P4/5N2/PP3PPP/RNBQK2R b KQkq - 0 8	d8a5 b1c3 d5c3 b2c3 a5b5	1421	010b0s101c
gZa4j	r1bq1rk1/ppn1ppbp/3p1np1/8/2PN1B2/2N1P3/PP2BPPP/R2QK2R b KQ - 3 10	e7e5 f4g5 e5d4	1421	010s1c1o
gbonf	6k1/5pp1/4p1q1/1p5p/6nP/3r1NP1/1Pr2PQ1/R4RK1 w - - 0 33	a1a8 g8h7 f3g5 g6g5 h4g5	1421	0g1019
gjZUR	3r2k1/1b4pp/3p2r1/1Np1p3/1PP2p2/P2Q1P1q/5RP1/3R2K1 w - - 0 29	d3g6 h7g6 g2h3	1421	0g191o
hTVWj	rnb1k2r/2qp1pbp/p3p3/8/3N4/2P2B2/P1P2PPP/R1BQK2R b KQkq - 2 11	c7c3 c1d2 c3d4	1421	010s0v1c1o
ifCKG	8/1p6/p3N2k/3p1K2/7P/4p3/P1r5/5R2 b - - 0 44	c2f2 f5g4 f2f1	1421	0g0p1o
ipMLn	r5k1/5ppp/p7/1p6/2r5/2P2QPq/P4P1P/4R1K1 w - - 0 30	f3a8 c4c8 e1e8 c8e8 a8e8	1421	0p0t1013161y
jXamX	4rr1k/3R2p1/3p1q1p/2pQ4/8/8/PP3PPP/5RK1 b - - 2 28	f6f2 f1f2 e8e1 f2f1 e1f1	1421	0p1013161n
jYIfP	5r2/5N1P/4p3/3kP3/2bp4/8/1p3K2/1R6 w - - 2 51	h7h8q f8h8 f7h8 c4d3 b1b2	1421	00010p101h
k17zP	4r3/ppp3pk/2npR2p/5q2/2P5/PP3P2/1B3QPP/1R4K1 b - - 0 30	f5b1 f2f1 b1f1 g1f1 e8e6	1421	0g0t1019
l2Emf	2r2rk1/p4pp1/1p3np1/3n4/3QNq1P/3B1P2/PP4P1/1K2R2R w - - 3 24	e4f6 g7f6 d4d5	1421	010y191o
ll4qH	8/1Q6/p1rkb2p/4b1p1/4P3/1P6/P3B1PP/6K1 b - - 0 36	e5d4 g1f1 c6c1 e2d1 c1d1 f1e2 e6g4	1421	0p13171w
nW6TR	7k/4qQR1/2p1rp1p/2Pp4/3P4/8/6PP/6K1 b - - 0 36	e6e1 g1f2 e7e3	1421	0p13151o1u
oRZ6Y	1r1qr1k1/bbp2p2/p1np3p/1p1N2p1/3P4/1B3NPP/PP4P1/R2QR1K1 w - - 1 18	e1e8 d8e8 d5f6 g8g7 f6e8	1421	050g0s1019
pbxYj	4rk2/5p2/1Q2b3/p3q3/2p5/2P3RP/5PPK/1B6 b - - 0 38	e8b8 b6a7 b8b1	1421	010p1o1p
plyLq	r1b1k2r/ppqnbpp1/2pp1n1p/4p1N1/4P3/1BNP4/PPP2PPP/R1BQK2R w KQkq - 0 9	b3f7 e8f8 g5e6 f8f7 e6c7	1421	040g0s101c
ppXEf	r2q1rk1/ppp2pp1/1b1pPn2/n2P1bNQ/8/8/PP3PPP/RNB2RK1 w - - 1 15	e6f7 f8f7 h5f7	1421	00010y1c1o
qM5Vm	5rk1/5p2/p6p/2p3p1/P5P1/3PqQK1/1r3R2/R6N b - - 7 33	e3e5 g3g2 b2f2 h1f2 e5a1	1421	0g0j1019
qjXPt	3N2k1/5pbp/4b1p1/1p1n4/4R3/7P/r4PP1/2Q3K1 b - - 4 25	a2a1 c1a1 g7a1 d8e6 f7e6	1421	0110191g
qoHeT	2krr3/ppp2p2/6bp/3Nb1p1/q5P1/4P2P/PPPQ2B1/2KR3R w - - 1 21	d5e7 c8b8 d2d8 e8d8 d1d8	1421	0i0j101316191k
r3xRb	3r2r1/p7/1p2k2p/3p1n2/4pp1P/1B6/PP3P1P/3R1KR1 w - - 2 38	g1g8 d8g8 b3d5 e6f6 d5g8	1421	0g0p101p
tCe2j	3q2k1/5rbR/p3p1Q1/1p1b4/3P4/P7/1P3PPP/1B4K1 w - - 1 33	h7h8 g8h8 g6h7	1421	051315191g1n1o
tyK9D	1nbq1r2/r3Npkp/p5p1/1pp1b1B1/4P3/8/PPP2PPP/R2Q1RK1 w - - 1 14	e7f5 g6f5 g5d8	1421	010j1c1o
um4wY	4r1k1/pR3R1p/5Pp1/3p2N1/8/b2r4/P5PP/6K1 b - - 0 28	a3c5 g1f1 d3d1	1421	0p13151f1o
w8kmW	r4rk1/p1p2ppp/2pbb3/6Q1/7q/2N2B2/PPP2PP1/R1B1R1K1 b - - 0 18	h4h2 g1f1 e6c4 e1e2 h2h1	1421	0y101316191g
wnCOx	4r1k1/5pp1/p1Q2n1p/8/3P4/5qBP/PP3P2/2R3K1 b - - 0 30	e8e1 c1e1 f3c6	1421	0g0i0p111o
xeoUe	6k1/5p1p/6p1/3P1n2/R7/p1N2KP1/1r3P1P/8 b - - 0 37	b2b3 f3f4 b3c3	1421	010p1g1o
xsCfX	8/p5bk/1p5p/8/3N4/2Pr2P1/PP2Rr1P/2K4R b - - 3 27	g7d4 e2f2 d4f2	1421	010p1o
xvKT2	5r1r/3b2k1/2p1p1pn/pp1pP1B1/6q1/3P4/PP3PQP/2R1R1K1 w - - 2 28	g5h6 h8h6 g2g4	1421	0g191o
xymk4	2r3k1/1b3qp1/p3Q1p1/1p2P3/8/2N1p3/PPP5/2KR4 w - - 1 27	e6f7 g8f7 d1d7 f7e6 d7b7	1421	01050p0s1011
yHkxZ	8/1r5p/2p1k1p1/pp2P3/4P3/1PP5/R4PPP/bN4K1 b - - 4 24	b7d7 g1f1 d7d1 f1e2 d1b1	1421	010p0s101l
yk8gK	3r3k/pp4p1/2p1p1bp/2Ppbrq1/1P1Q2B1/P3P2P/1B4P1/3R1R1K w - - 0 29	f1f5 g6f5 d4e5	1421	010b0w11191o
zznQr	1k6/1p4p1/7p/1q1Rp3/1Pr1Q3/6PK/2r2P1P/8 w - - 2 37	e4e5 b8a7 d5b5	1421	0g0p1o
0Ca9M	r3k2r/ppp1bp1p/6P1/4P2K/2B5/2N5/PP5P/R2R4 b kq - 0 19	h7g6 h5g4 h8h4 g4f3 h4c4	1422	010k0m10191p
1keOc	r2k1b1N/ppp3pp/5q2/4p3/2Bn4/3P3b/PPP1nPPP/RNBQ1R1K b - - 4 12	h3g2 h1g2 f6f3	1422	050y1315191n1o
1oaui	4r3/pp3pr1/7n/8/4NR2/5K1k/PP6/8 w - - 2 41	e4f2 h3h2 f4h4 h2g1 h4h1	1422	0p101316
1wfR1	4r1k1/1pp3pn/p2p3p/1q6/1b1P4/8/PPQ2PPP/R1B2RK1 b - - 3 22	b5f1 g1f1 e8e1	1422	050y1315191d1n1o
2eM9s	r1bqkb1r/1p2pppp/p4n2/4p3/2BQ4/8/PPP2PPP/RNB2RK1 w kq - 0 9	c4f7 e8f7 d4d8	1422	040g0i1c1o
4jchb	4rkr1/1pq2p1p/p2b1Q2/1P1p4/8/P6P/2P2PP1/3RR1K1 w - - 5 20	f6h6 g8g7 e1e8 f8e8 h6g7	1422	0g101119
5l0i4	r1b1k2r/pppp1ppp/5n2/3P4/1bP5/q1N1B3/P3QPPP/2R1KB1R w Kkq - 4 12	e3c5 f6e4 e2e4 e8d8 e4e7	1422	0j0k1013161c
5xG8h	5rk1/1p3ppp/6r1/4p1q1/P2nP3/1P1p3P/1P3QP1/2R2RK1 w - - 2 26	f2f7 f8f7 c1c8 g5d8 c8d8 f7f8 f1f8	1422	0y1317191n1w
6CT14	8/pr6/kbpQ4/3n4/P6P/8/6PK/1R6 b - - 0 45	b6c7 d6c7 b7c7	1422	010p1g1o
9jwAD	r3r1k1/pp3ppp/8/5b2/3P4/P4P2/1P2B1PP/2R1K2R b K - 0 19	f5d3 e1d2 d3e2	1422	010p1g1o
C7Ub4	r4rk1/pp2bppp/1q6/2p5/1n6/PQN1PNP1/1P2P1BP/R3K2R b KQ - 0 14	b4d3 e2d3 b6b3	1422	0g0j11191o1r
DfW3n	6k1/6p1/2p1p1pq/1pPp4/1P1P4/r3P1R1/5NK1/2R5 w - - 5 38	c1h1 h6h5 h1h5	1422	010p1o1t
Felzy	rn1q1rk1/pbpp2bp/1p4p1/3n4/2P5/6P1/PP2NPBP/R1BQK2R w KQ - 0 12	g2d5 b7d5 d1d5 g8h8 d5a8	1422	010s101c
GmXeR	r4rk1/pp1b2p1/1q1bpn1p/3p4/3n3B/P1NB1N2/1P3PPP/1R1Q1RK1 w - - 0 15	f3d4 b6d4 d3h7 f6h7 d1d4	1422	010j1019
GpjMU	r1bq1rk1/ppp1nppp/3p1b2/4n2Q/3NP3/1BP1B3/PP3PPP/RN3RK1 b - - 4 10	c8g4 h5g4 e5g4	1422	0g1c1o1t
HzZJf	5r1k/4pqbp/n1B3p1/8/1PP3n1/1QN3BP/6P1/4R1K1 b - - 0 30	g7d4 g1h1 f7f1 e1f1 f8f1	1422	101316191n
IfRe2	rnbqk1nr/p1p2ppp/1p2p3/8/1bpP1B2/2N2N2/PP2PPPP/R2QKB1R w KQkq - 0 6	d1a4 b8c6 a4c6	1422	010s1c1o
K1Urx	6k1/pb1p1ppp/1p6/2p5/2R5/1BP5/P3rBRP/7K b - - 2 27	e2f2 h1g1 f2g2	1422	0g0p1g1o
KrWCR	6k1/1p4pp/p1p3r1/2Rp4/3Pr2P/P3Pp2/1P3P1K/4RQ2 b - - 0 27	e4h4 f1h3 g6g2 h2h1 h4h3	1422	0p0r1013161g1j
KucIs	2Q5/5kp1/1P5p/R2p1n2/2b5/8/4r1PP/3K4 b - - 0 45	f5e3 d1c1 e2c2 c1b1 c4a2 a5a2 c2c8	1422	010j0p0r1w
LUCrv	3r2rk/pp6/8/2Q1P3/8/2q5/P5PP/1RR4K b - - 0 29	d8d1 c1d1 c3c5	1422	010p0w1o
LeEF4	rnbqkbnr/pp3pp1/2p1p2p/1B4N1/8/8/PPP2PPP/RNBQK2R w KQkq - 0 7	d1d8 e8d8 g5f7 d8e8 f7h8	1422	01050s101c
MCoV5	r2qrbk1/5pp1/p6p/1p1pPN2/2p3Q1/7P/PPPnRPP1/R5K1 w - - 0 22	f5h6 g8h7 h6f7	1422	0g0i0y191g1o
MWBOy	7r/1p2kp2/1qn1p3/p2p4/3N4/PP2QP2/6Pr/R4RK1 w - - 2 24	d4f5 e7f6 e3b6	1422	0g0j191g1o
MsOlc	r7/1b3k1p/2p2np1/1p1p4/3P1P2/BBP1P2P/rP5K/4R1R1 b - - 5 31	a8a3 b3a2 a3a2	1422	01191g1o
NpS1e	4r1k1/3r1qp1/3N3p/2pQ1P2/1p1p4/pP1P3P/P5P1/5RK1 w - - 1 35	d5f7 d7f7 d6e8	1422	0g0p0y1o
QSbBl	8/1p4kp/pp2PNp1/5P2/P2r4/8/1nP3PP/4K3 w - - 1 29	e6e7 g7f6 e7e8q	1422	00010p1h1o
RZ3Sw	8/3k4/4nKP1/8/2p1N2p/8/8/8 w - - 1 57	e4c5 e6c5 g6g7 c4c3 g7g8q	1422	000g0p0z101h1n
SZQsm	5rk1/p1p1R1p1/2p4p/5p2/P3r1nQ/2P5/1P1B2P1/5K2 b - - 3 26	g4e3 d2e3 e4h4	1422	010j0p1o
Sx0Ut	8/p1r2q1k/6pp/2R3p1/3rR3/P4P1P/4Q1PK/8 b - - 0 38	d4e4 e2e4 c7c5	1422	0g0p0w1o
U5ngy	4rrk1/4Qp2/p5p1/1p4p1/1PpP2N1/P1q4P/5PP1/4RK2 w - - 2 33	g4f6 g8g7 f6e8 f8e8 e7e8	1422	0g0p0s10
VBK5g	rn2k2r/pp3ppp/2pb4/2npq3/B7/3P4/PPPB1PQP/RN3RK1 w kq - 3 12	f1e1 e5e1 d2e1	1422	011c1g1o
WADwd	8/pRp1r1kp/4P3/1P1P4/2Pb4/5K2/7P/8 w - - 1 43	d5d6 c7d6 b7e7	1422	0g0p1o
WBsKp	1rb1kr2/pn1pb2p/6n1/2P3N1/3pQ3/P7/5PPP/4R1K1 w - - 5 27	g5h7 b7c5 e4g6	1422	0b0g191g1o
WY7Hs	2k3rr/pp2bp2/2npPn2/2p1p3/4P2p/1NP2PP1/PP5K/R1BQR1N1 b - - 0 19	h4g3 h2g2 h8h2 g2f1 h2f2	1422	0k0m0q10131619
X6ZUd	1k1rr3/1pp3pp/p7/3P4/4p2q/P1N2bRP/1PP2Q2/1K1R4 w - - 4 28	g3f3 h4f2 f3f2	1422	01191o
XDLVQ	4r3/p1qnRpkp/1p1p1np1/3P2B1/2P5/5B1P/P1Q2PP1/6K1 w - - 1 21	g5f6 g7f6 e7e8	1422	0g191o
YQU8m	2k1r3/1p1b2bp/p1pPB1p1/2r2p2/4pN2/7P/P1P2PP1/1R3RK1 w - - 2 28	e6d7 c8d7 b1b7 d7d6 b7g7	1422	010510191k1p
a9xYi	1k1nR3/ppp3pp/6r1/8/P2q1P2/1Q5P/1P3P1K/2R5 b - - 0 28	d4f2 h2h1 f2g2	1422	0p1113151o
avle1	6rk/ppp2Qpp/6r1/5R2/4p3/q7/P5PP/3R3K w - - 6 23	f7g8 h8g8 d1d8 a3f8 f5f8	1422	050p1013161n
bF3I1	8/1p1r2kr/p4R1R/8/8/2P5/KP6/8 w - - 0 40	h6g6 g7h8 f6f8	1422	0p13151m1o
bHjV2	6nk/7p/p2p1b1P/1p1qpP2/8/PP4Q1/2P5/1K4R1 w - - 0 36	g3g7 f6g7 h6g7	1422	000p13151n1o
dp0Dx	r5k1/1r1bqp2/6pQ/p2pN3/8/P5P1/1n3P1P/R3R1K1 w - - 1 25	e5g6 e7f6 g6e7 f6e7 e1e7	1422	0g1019
feLo7	4r1k1/1p4pp/2p5/3q1Q2/p2P4/P5P1/1P5P/1K3R2 b - - 1 26	e8e1 f1e1 d5f5	1422	0g0i0p111o
gKI4p	4r3/2p2kpp/5p2/ppq5/8/P6P/1P3QPK/3NRN2 b - - 2 27	c5f2 d1f2 e8e1	1422	0b0g0p1o
gq9us	8/2k5/8/3R4/5p2/3pp2P/5PP1/6K1 b - - 1 38	e3e2 d5d3 e2e1q	1422	00010p1h1m1o
h6wfg	5nk1/2q3pp/bp2p3/3pP3/PQ1P1N2/5NP1/7P/6K1 w - - 1 29	b4f8 g8f8 f4e6 f8e7 e6c7	1422	050g0p0s101n
hIBQ6	5k2/R4p1p/3Np1p1/8/3P4/4P1Pq/2r5/R5K1 w - - 0 40	a7f7 f8g8 a1a8 c2c8 a8c8	1422	0p101316
hZCRi	4r3/1pp1rp1k/p4Q1p/4q2P/8/3RP3/PPP5/1K4R1 w - - 7 26	g1g7 h7h8 f6h6	1422	0i0p13151o
hbABr	3r1rk1/5ppp/8/1R6/1P1PPn2/7P/2N2PP1/3R2K1 b - - 0 27	f4e2 g1f1 e2c3 b5c5 c3d1	1422	010p0s10
ikCYT	rnbqkb1r/pp3ppp/4pn2/4B3/2PN4/8/PP3PPP/RN1QKB1R b KQkq - 0 8	d8a5 b1c3 a5e5	1422	010s1c1o
mRsma	r7/7p/2n5/p5pk/4nQN1/7P/2P1KPq1/8 w - - 6 29	f4f7 h5h4 f7h7	1422	0p13151o
md6BS	r4rk1/pbp2pp1/1p1q3p/3B4/1nP5/5N1P/PP1Q1PP1/R3R1K1 w - - 1 17	d5b7 d6d2 f3d2	1422	010t191o
mfsN8	r2q3r/1pk1pBbp/pNnpP1p1/5n2/P4P2/1Q1P1P1P/3p1R2/1R4K1 w - - 0 22	b6d5 c7c8 b3b7	1422	0j1315191o
oaIsy	2k4r/1p2n2p/p2R1p2/Q1P3p1/4qB2/6P1/P6P/6K1 w - - 4 27	d6d8 h8d8 a5c7	1422	0p13151n1o
pk9dy	r1bqk1nr/pp3ppp/2nb4/1B2p3/3pP3/3P1NN1/PP3PPP/R1BQK2R b KQkq - 0 9	d8a5 f3d2 a5b5	1422	010s1c1o
q3fvx	8/4Npkp/5pb1/8/8/4P1P1/P4P1P/1q1QK3 b - - 4 37	b1b4 e1f1 b4e7	1422	010p0s1o
qUfTJ	r1b1kb1r/3n1p1p/p1q1p1p1/1pp1P3/8/2PBN3/PPQ2PPP/R1B1K2R w KQkq - 1 13	d3e4 c6c7 e4a8	1422	01111c1o1p
r3OuS	8/1p4pk/6rp/3Pp3/4Qn2/2P2qP1/1B3P1P/4R1K1 b - - 5 31	f4h3 g1f1 f3f2	1422	0p13151o
sXw76	Q7/5pk1/p3p2p/6p1/2R2P2/P4PK1/3q2PP/8 b - - 2 32	d2e1 g3h3 e1h4	1422	0p13151o
siIpm	r7/1pp4k/p2b1qp1/3pn1N1/P7/4Q2P/1PP2P2/R4RK1 b - - 2 24	f6g5 e3g5 e5f3 g1h1 f3g5	1422	01050s10191n
th0oG	r7/p4Np1/7p/8/1Pk2P2/3p2P1/3R2P1/6K1 b - - 0 34	c4c3 d2d1 c3c2 d1a1 d3d2	1422	00010p10
uZ8kH	8/4Q2p/p5pk/5p2/6P1/1q2N2K/5r2/8 w - - 2 41	g4g5 h6h5 e7h7 h5g5 h7h4	1422	0i0p101316
vJSDd	r2r4/p4kpQ/1ppqpp1p/8/8/P2B3P/2PP1PP1/R5K1 w - - 2 28	d3g6 f7f8 h7h8 f8e7 h8g7	1422	0i0p101316
vMG70	3RR3/8/1p2r3/p1p1k1p1/2P2pP1/P2P4/1r6/7K w - - 12 42	d8d5 e5f6 d5f5 f6g7 e8e6	1422	0g0i0p101m
vobop	5r2/1p3pk1/8/7Q/P2q4/5R1K/6P1/8 b - - 1 37	f8h8 h5h8 g7h8	1422	0g0p1g1o
wdRj5	r1b2rk1/pp3ppp/2n1p3/3pP3/5P2/q2B1Q2/P2B2PP/R4RK1 w - - 2 15	d3h7 g8h7 f3a3	1422	0g0j191o
xet7i	1r4k1/4b1pp/p2p1P2/2rP4/3Q3P/n1B2P1B/PPq5/K2R2R1 b - - 0 29	c2b1 d1b1 a3c2	1422	1315191n1o1q
xse3U	6r1/2q1p1r1/3p2p1/1p1P3k/p6b/2P4Q/PP6/1K4R1 w - - 2 37	h3g4 h5h6 g4h4	1422	0i0p13151o
yfZlY	8/6pk/5r1p/p7/P7/6P1/3q1PKP/2Q2R2 b - - 8 36	f6f2 f1f2 d2c1	1422	0g0i0p1o
zWuLB	4r1k1/pp3pp1/3p3p/q1pP4/2P5/1P3Q1P/PR3PP1/4R1K1 b - - 0 20	a5e1 g1h2 e1e5 f3g3 e5b2	1422	0g0p0s10
0JvOv	1k6/1p3R2/pQ2p3/6p1/2r1q2p/7P/P4PP1/6K1 w - - 0 30	f7f8 c4c8 b6d6 b8a7 f8c8	1423	0g0i0p10
0tyXR	r1r3k1/5p1p/3R3P/6P1/1p2PQ2/1P6/PB4q1/1K3R2 b - - 12 44	g2c2 b1a1 a8a2 a1a2 c8a8 d6a6 a8a6	1423	051317191n1w
3BR1A	3r1rk1/pp3pp1/2ppb2p/8/P3q3/1B1R2RP/1PQ2PP1/6K1 w - - 0 24	g3g7 g8g7 d3g3	1423	01050y191n1o
4z3t2	4k3/pp3p2/3q3p/1P2N3/4Qp2/8/1PPK1P2/7r w - - 1 34	e5d3 d6e6 e4h1	1423	0g0j0k0p1o
5LiC5	8/p2N4/kpR4p/4p3/2P1q3/7P/6PK/8 w - - 0 36	d7c5 a6a5 c5e4	1423	0g0p1g1o
6D4D6	3r1rk1/pq2bp2/1p1p2P1/2p4p/2P5/P3n3/1BQ3PP/5RK1 w - - 0 27	g6f7 f8f7 c2g6 f7g7 g6g7	1423	000y10131619
7Jlqc	1r3bk1/5ppp/2Q5/q4NP1/7P/2N5/P2p4/5RK1 b - - 1 34	f8c5 g1g2 a5c3	1423	010v11191o
8M8eC	8/1p4p1/7p/1P5k/P4pnP/5qP1/2Q2P2/6K1 w - - 0 40	c2f5 g7g5 f5f7	1423	0p13151o
8ZZkX	r1b1kr2/1pn2p1p/p1n1p3/q5Q1/8/P3PN2/1PP2PPP/2KR1B1R w q - 2 18	d1d8 c6d8 g5a5	1423	0g0i1c1o
8pR8b	1rbq1rk1/pp3pp1/3p3p/2pB4/4P2b/1PQ5/P1P2PPP/R1B2RK1 b - - 0 14	h4f6 c3g3 f6a1	1423	01191o1p
9MPLy	r2q1rk1/5ppp/8/p3n3/1p1Np3/1P2P1Pb/PQ1N1P1P/R1B1R1K1 b - - 3 18	e5d3 b2c2 d3e1	1423	010s1c1o
9NrZt	4r3/pp1N1R2/2p4p/4n3/3k3P/1P2n1P1/1PP5/7K w - - 0 35	f7f4 d4d5 d7f6	1423	0g0p1o
9WvqU	3r1k2/p5p1/1pbN4/2p1p1P1/4P3/P1R2K2/r7/7R w - - 0 38	h1h8 f8e7 d6f5 e7d7 c3d3	1423	0g0p10
BGPYD	r1b2bnr/2qkpQpp/p1np4/1pp5/2B1P3/8/PPPP1PPP/R1B1K1NR w KQ - 1 8	c4e6 d7d8 f7f8	1423	13151c1o
Bpsqd	8/8/1q6/8/6k1/6P1/b2B3K/5R2 w - - 0 42	f1f4 g4h5 f4h4 h5g6 h4h6	1423	0g0p10
DFGY6	r4r1k/1pqb1pp1/p4R1p/2ppn1N1/P6Q/2PP4/1P4PP/RN4K1 w - - 0 20	f6h6 g7h6 h4h6 h8g8 h6h7	1423	0y101316191n
DOWOT	8/2p1k1bp/3p1np1/1p1P4/1PPp1PP1/3B2KP/3B4/8 b - - 1 30	b5c4 d3c4 f6e4 g3g2 e4d2	1423	0g0p0s1011
DtCOD	6k1/ppp1Rrp1/8/3Q3n/8/6PP/P4q2/7K w - - 5 32	e7e8 g8h7 d5h5	1423	0p13151o
EcaMO	1rr4k/6p1/5qQp/7P/p2P4/8/P4P2/K2R2R1 b - - 3 36	c8c1 d1c1 f6d4 c1c3 d4c3	1423	0i0p1013161n
GcN0n	6k1/5p2/2PN3p/6p1/1P1N1n2/2P2R1b/3r4/7K b - - 0 31	h3g2 h1g1 g2f3	1423	0g0p0s1o
HIbDj	r1b1k2r/3pqppp/p3pn2/1p1P4/1n1Q4/5N2/PP2BPPP/RN3RK1 w kq - 3 13	d5d6 b4c6 d6e7 c6d4 f3d4	1423	0001101c
I0KtM	r5k1/1b4p1/4p1p1/pP3p2/3P1P2/4PP1q/PB2Q1RP/6K1 b - - 2 30	b7f3 g2g3 h3g3 h2g3 f3e2	1423	010p0s10
ILyPg	rnbqkb1r/ppp1p2p/5np1/2Ppp3/3P4/3B3Q/PP3PPP/RNB1K1NR w KQkq - 0 10	d3g6 h7g6 h3h8	1423	011c1o
Kdmd5	rr4k1/p4ppn/2p4p/4P3/1pq2N2/3R4/1P2Q1PP/3R2K1 w - - 2 30	d3d8 b8d8 d1d8 a8d8 e2c4	1423	011019
MXPNC	r7/pp4kp/2pb1pn1/5B1Q/4p3/6NP/PPPP2PK/R1B2q2 b - - 6 20	d6g3 h2g3 f1f4	1423	051315191o
NZO00	8/6Q1/pk6/2pp4/4q3/8/1PPr4/1KR5 w - - 3 43	g7h6 b6b5 h6d2	1423	0g0p0s1o
Nhl9T	r2qb1k1/1p3p1p/p2p2p1/2pN1p2/8/2NP4/PPP2PPP/2R1R1K1 w - - 0 17	e1e8 d8e8 d5f6 g8f8 f6e8	1423	01050s10191n
Pu9rC	8/4p3/6k1/1p1PP1Pp/pP6/2K3P1/8/8 b - - 2 57	g6g5 d5d6 e7d6 e5d6 g5f6 d6d7 f6e7 d7d8r e7d8	1423	0g0p111e1w
Py85i	r2qk2r/p3bppp/1p1p1n2/3Np3/2PpPPb1/3P2P1/PP4BP/R1BQK2R w KQkq - 2 11	d5f6 e7f6 d1g4	1423	0g191o
QXNeu	3r4/2Rb4/3p1pk1/1p1Pp3/1P2Pp2/6P1/4Q1P1/4KB1q w - - 3 33	c7d7 d8d7 e2g4 g6h6 g4d7	1423	050g0p0s101n
R9YIq	2kr1b2/1pp1ppp1/p1q3r1/7p/2P1Nn2/1P5P/PB2QPP1/R2R2K1 w - - 1 18	d1d8 c8d8 e2d2 d8e8 d2f4	1423	050g0s1019
SqCdq	r4rk1/pp3pp1/3p3p/3Pn3/4N3/5P1q/PPPP2Q1/R1B1R1K1 b - - 2 20	e5f3 g1f1 h3g2 f1g2 f3e1	1423	050g0r0s1019
Tzkai	4rk2/4nppb/2p2q2/3N1N2/1b1P2P1/1p2PQ2/1P1B1P1P/R5K1 b - - 0 30	e7d5 d2b4 d5b4	1423	01191o
U1Xh0	r1bq1rk1/pppn2bp/3p4/3PNp1n/2P5/2NBB3/PP3PPP/R2Q1RK1 b - - 0 12	d7e5 d1h5 e5d3	1423	010t1c1o
UfJx7	2r2rk1/p1q2pp1/1p3R2/7Q/8/3B2P1/Pp3PP1/1K1R4 b - - 3 22	c7c1 d1c1 b2c1q	1423	001315191h1k1o
WLSOi	2kr4/pppr2pp/1bn2p2/3p4/1PP5/P4N1P/1B3PP1/R2R2K1 w - - 1 19	c4c5 b6c5 b4c5	1423	01191o1t
WwUti	8/p5kp/1p2p1p1/3p4/3P1nQ1/2N2q1P/PPP5/R5K1 b - - 5 27	f4h3 g4h3 f3h3	1423	010p1o
X4pYW	r2q1rk1/p5b1/1p3p2/3p3Q/1P5p/P4P1b/5P1P/1R4RK w - - 0 27	g1g7 g8g7 b1g1 h3g4 g1g4	1423	050r0y101316191n
XXDRE	3k1b1r/pp2p1pn/2p1P1Q1/8/3q2P1/1P1n1P2/P2NK2P/3R2NR b - - 3 23	d3f4 e2e1 f4g6	1423	010s191o
XbF0l	r3k2r/ppp2ppp/8/2bpn3/3p4/3B2qP/PPP4N/RNB2Q1K w kq - 0 16	c1f4 g3h4 f4e5	1423	010v191o
Xf57y	r7/ppp1kP2/3p3p/3Pn3/4QPb1/2P5/PP3KPq/RN6 w - - 0 21	f4e5 h2e5 e4g4	1423	010b0j191o
YXdBv	8/3R1pkp/6p1/p7/2q2Q2/2p3P1/Pb3P1P/6K1 b - - 3 33	c4f4 g3f4 c3c2	1423	000g0p1o
YitMT	r1q1n1rk/p2n1ppp/2p2b2/3p4/N6Q/1BPPBP2/PP3PR1/6RK w - - 3 24	h4h7 h8h7 g2h2 f6h4 h2h4	1423	050y101316191n
YsMsI	6k1/5pp1/2p1q2p/8/PP6/2p4P/5PP1/3Q2K1 w - - 0 33	d1d8 g8h7 d8d3 e6g6 d3c3 g6b1 g1h2	1423	010h0p1i1w
ZdD2Z	2R5/8/3k4/5p2/7P/2p1PKP1/4n3/3b4 w - - 1 52	c8d8 d6e7 d8d1 c3c2 f3e2 c2d1q e2d1	1423	0g0p1p1t1w
bM9mn	1r2r3/5p1k/5Pp1/1p4Qp/8/1pP4R/1P3qPP/R6K w - - 4 27	h3h5 h7g8 h5h8 g8h8 g5h6 h8g8 h6g7	1423	050p13171n1w
bVCod	2r3k1/p4p2/3q2p1/8/3p2P1/P2Qr2P/1P6/3R1RK1 w - - 7 37	d3e3 d4e3 d1d6	1423	0g0j0p1o
duUiL	r1bq1r1k/pp1p1Bp1/1bnP2np/2p1P3/5B2/2PQ1NP1/PP1N3P/R4RK1 b - - 0 15	c5c4 g1h1 c4d3	1423	0g0j0k191o
ep9gW	3qk2r/5ppp/p2p4/3Q4/1r1N1P1P/2n5/P1P3P1/2K2B1R w k - 1 22	d5c6 e8f8 c6c3	1423	010s191o
eq8JV	8/5kp1/4p2p/4P2P/R4KP1/5P2/pr6/8 b - - 0 69	b2b4 a4b4 a2a1q	1423	000g0i0p11121h1m1o
fRr23	6k1/8/2r5/1p6/3r1p1P/1PP2P1K/P4P2/2R5 w - - 0 38	c1g1 g8f7 c3d4	1423	0g0p0w1m1o
gWv3z	1k4nr/2r2ppp/pp6/1N1Q4/1b2p3/4P3/5PPP/q1BK3R w - - 0 23	d5d8 c7c8 d8b6 b8a8 b6a7	1423	0r101316191k1p
hp7dB	6k1/pp4p1/4qp1p/n7/5Q2/PPB1P1P1/3r1PKP/5R2 b - - 5 26	e6c6 g2g1 c6c3	1423	0g0p0s111o
iiCZB	4Rrk1/1pp3pp/p1p2q2/3n4/3P4/2P3R1/PP1N1PPP/3Q2K1 b - - 0 22	f6f2 g1h1 f8e8	1423	010w191o
isDBC	6rk/p1p2R1p/2pb2r1/8/3P4/2P3qP/PP1Q1RP1/6BK b - - 4 24	g3h3 g2h3 g6g1	1423	0j0y1315191f1n1o
j0HNy	r1b1r1k1/5qpp/p3Np2/2pQ4/P2p4/2B5/1P3PPP/R3R1K1 b - - 2 25	c8e6 d5c5 d4c3	1423	01191o
k5T9V	r6k/p1pQ3p/4rq1b/4p3/4PpPp/2N2N2/PP3P1P/1K4R1 w - - 0 25	g4g5 f6e7 d7e7	1423	010s191o
mLjJV	5rk1/1p3ppp/p2Q4/n3N3/3P4/P1q4P/5PP1/4R1K1 w - - 2 27	d6f8 g8f8 e5d7 f8g8 e1e8	1423	05060p1013161n
naSVo	r2q1rk1/pp1b1p1p/5pn1/4P3/6N1/2PB4/P4PPP/2RQ1RK1 b - - 0 17	d7g4 d1g4 d8d3	1423	010j1112191o
oCcjl	2k1r3/1pp3pp/5p2/b2n4/P1R5/5NBP/5PP1/6K1 w - - 0 24	c4c5 b7b6 c5d5	1423	010p0s111o
pZjeS	3r4/6pk/p5Np/2P1pQ2/1P1n4/7P/P2p2P1/4qR1K w - - 6 35	g6f8 h7h8 f5h7	1423	0k0m0p13151o
q1GRx	r4rk1/ppp2pbp/3p1np1/3N4/2Q1q3/4B2P/PPP2PP1/2KR3R w - - 0 14	d5f6 g7f6 c4e4	1423	0g0w0y191o
q46bW	8/7p/1Pk5/2P3p1/4p1P1/5p2/2R1rP1P/3K4 b - - 6 43	e2c2 d1c2 e4e3 f2e3 f3f2	1423	000g0p101m
qShuz	6k1/5qp1/1p2Q2p/p7/8/P6P/1P2R1PK/3r4 w - - 1 35	e6c8 f7f8 e2e8 f8e8 c8e8	1423	0d0g0p1011121g
qy7dD	8/RP5p/8/p4k2/5B2/5bPK/r6P/8 b - - 0 42	f3g4 h3h4 a2h2	1423	0i0p13151o
rnGbb	2r1kb1r/1Q1b1ppp/B1n1p3/q2pPn2/3P4/P1N2N1P/1P3PP1/1RB2RK1 b k - 0 15	c8b8 b7b8 c6b8	1423	011c1o1t
sA9kQ	8/5p2/4k1p1/2p5/r6P/PR1K1PP1/8/8 b - - 2 48	c5c4 d3c3 c4b3	1423	0g0p0s1m1o
skVPj	rnbq1rk1/ppp2ppp/4p3/Q7/3P4/3BPN2/P1P3PP/R4RK1 w - - 1 13	d3h7 g8h7 a5h5 h7g8 f3g5 d8g5 h5g5	1423	050g0y191n1w
t8F47	2r5/k4p2/pq1np1p1/1p1p2Pp/2rP1P1P/R1P2P2/1Q2NK2/R7 w - - 4 31	a3a6 b6a6 a1a6 a7a6 b2a3 a6b7 a3d6	1423	050g0s191w
uD9GL	r4r2/ppq1k3/2nbp1R1/5p1Q/3PpP2/2P5/PP4PP/R1B3K1 w - - 3 19	g6g7 e7d8 g7c7	1423	01191o1p
uuqfa	8/8/p3p2k/Pp1bP1pp/2pPp3/2P3P1/1P3KBP/8 b - - 1 39	e4e3 f2f1 e3e2 f1e2 d5g2	1423	00080g0i0p10
x5HIw	6rk/pp6/2p4p/7r/4Rp1q/2P4P/PP1Q1PPK/6R1 b - - 4 34	g8g2 g1g2 h4h3 h2g1 h3h1	1423	0p1013161n
xNuEu	2kr3r/1b5p/2Bp1p2/b5p1/3B4/3N2P1/4qP1P/2R2RK1 w - - 0 26	c6f3 c8d7 f3e2	1423	0e0g0j0k191o
xVlWq	8/pp5k/2p2pp1/8/3PQ3/1Pq4P/P4r2/1K1R4 w - - 0 41	e4h4 h7g7 h4f2	1423	0g0p0s1o
yEq8F	2r3k1/Q4pp1/1r5p/3pNb2/3P4/4P2P/Pqp3PK/R1R5 w - - 1 34	a7f7 g8h8 f7f5	1423	0g0s191o
ypEGD	5r1k/5rpp/pp6/4p3/2Pp4/qP1R1PP1/P3Q1KP/R7 b - - 6 27	e5e4 f3e4 f7f2 e2f2 f8f2 g2f2 a3b2 f2f3 b2a1	1423	01050p0s1n1w
yzVwQ	8/3B4/1pp2p2/3b2k1/1P1K4/5p2/5P2/8 w - - 0 47	b4b5 c6b5 d4d5	1423	01080i0p1o
0ZTXG	rn3rk1/ppp2ppp/3b4/8/2PP2n1/5N1q/PP3P1P/RNBQRBK1 b - - 3 11	d6h2 g1h1 g4f2	1424	0i0y13151c1o
0mtSZ	3k2rr/1p5q/pN6/3pP3/4p3/P3PpP1/5QbB/2R3K1 w - - 0 29	c1c8 d8e7 c8c7 e7e6 c7h7	1424	010r10191p
0tZX5	r1bqkb1r/pp4pp/2np1p2/1B6/3Q1P2/5N2/PPP3PP/R1B1K2R b KQkq - 2 9	d8a5 d4d2 a5b5	1424	010s1c1o
1Qx2c	3r1Q2/6P1/4k1q1/8/8/8/5R2/5K2 b - - 3 58	d8d1 f1e2 g6d3	1424	0p13151o1u
2DmjS	3kr3/1p4p1/r2pQp1p/4p3/Pq2P3/3R4/3R2PP/7K w - - 4 28	d3d6 b4d6 d2d6 a6d6 e6d6	1424	010p0r10
3jHz7	r2qk2r/1p1bbppp/2n5/pB1pPp2/5P2/P1P5/1P4PP/RNBQ1RK1 b kq - 0 12	d8b6 g1h1 b6b5	1424	0g0s111c1o
3meKf	7r/1ppk1ppp/1p1p3n/3P4/4RP2/1P5P/rB3P2/6RK w - - 0 22	b2g7 h8e8 e4e8	1424	010p0s1o
5JaYL	r5rk/pq1n1p1p/1p2pPpQ/2p5/3P4/5R2/PPP3PP/R5K1 w - - 6 21	h6h7 h8h7 f3h3	1424	050y111315191n1o
5Xv4j	8/3B4/5p1p/6kP/P7/r5PK/5P2/8 w - - 13 48	f2f4 g5h5 d7e8	1424	0p13151o
6NAwo	5b1r/pkp3pp/1pr1pq2/4p3/Q2n2P1/P1PPB2P/1P3P2/1K1R2NR b - - 2 17	b6b5 a4a5 c6a6 a5a6 b7a6	1424	010d10191t
6Yliw	2Q5/7p/7k/3q2p1/6PP/8/3r2PK/8 w - - 3 53	c8f8 h6g6 h4h5	1424	0p13151o
6hypK	r4r1k/1b4b1/p3Qq2/1p6/1n6/2N1R3/PP3PPP/2R3K1 w - - 3 26	e3h3 g7h6 h3h6 h8g7 h6f6	1424	0g0r0s1019
9HsH7	3r3k/1p2p1bp/4Rr2/p1p2pNn/P4B2/2PP2PP/1P3PB1/6K1 w - - 7 27	e6f6 g7f6 g5f7 h8g7 f7d8	1424	0g0s1019
9XnwM	r1bq2nr/pp3k2/3p4/2p1pPNP/3nP1Q1/3P4/PPP5/RN2KB1R b KQ - 0 16	d8g5 g4g5 d4f3 e1f2 f3g5	1424	01050r0s10191n
9zZ1o	6k1/5pp1/5n2/6R1/p3pP2/2K1P3/1B6/4r3 w - - 3 41	c3d2 e1h1 b2f6	1424	010j0p1g1o
AlicB	rn3rk1/pR3ppp/2p5/4N3/3PQ1P1/4P2P/q4P2/5K1R b - - 0 18	a2a6 f1g2 a6b7	1424	0g0s191o
BZJJB	6k1/pb4qp/1p2p1Q1/2p2p2/2P1pP2/PP2P2R/5KPP/1r6 w - - 0 30	g6e8 g7f8 h3g3 g8h8 e8f8	1424	0i0p0y101316
C9nW2	1r6/Q1b5/1q3kpp/3p1p2/2pPpP1P/2P1K1P1/8/R1B5 w - - 6 64	a1a6 b6a6 a7a6	1424	0g0p1g1o
D95AD	4q1k1/p2b2pp/Q1pp4/5p2/3b4/3B4/P1PB1PPP/6K1 w - - 0 25	a6c4 d7e6 c4d4	1424	0g0p0s1o
DZDU0	R2r4/2kn1ppp/8/2rPp3/1p2P3/3K1P2/1P4PP/3R4 w - - 4 28	d5d6 c7d6 a8d8	1424	010i0p1o
E5idl	5r1k/pp3r1P/3p1b2/2pPp1Q1/2N1P3/1P3PR1/5KP1/3q4 w - - 13 30	g5g8 f8g8 h7g8q	1424	000y1315191h1o
EKVt8	rn2kb1r/ppp1pppp/5n2/3p4/3P2PP/P1N3q1/1PP1PN2/R1BQKB1R b KQkq - 0 9	f6g4 c1e3 g4e3	1424	011c1o
ENYJY	3r2k1/pp3rp1/8/8/7R/7Q/PP3qPP/6RK b - - 3 29	f2g1 h1g1 d8d1	1424	050p13151n1o
FMQuB	3r1rk1/p1q2p1p/3p2p1/1ppR4/3bP3/1P2N3/P1Q2PPP/5RK1 w - - 2 24	d5d4 c5d4 c2c7	1424	01191o
H7DTm	8/5p2/6k1/P3P1p1/7p/1p1KP3/8/8 w - - 0 43	a5a6 b3b2 d3c2	1424	0g0p1e1o
I2joX	8/3QP3/8/pp1Pk3/8/1KP5/PP6/6q1 b - - 0 57	g1d1 b3a3 d1a4	1424	0p13151i1o
I9ZCN	r4r1k/1pq5/2bb4/p2BppQ1/2Pp4/PP1P3P/5PP1/R3R1K1 w - - 2 28	g5h6 c7h7 h6d6	1424	0g0i191o
IJDVj	3r4/1R1b2k1/R5pp/3ppp2/2p1n3/2P2BP1/2P3PP/6K1 b - - 1 38	e4c5 b7a7 c5a6	1424	010p0s11121o
IPyY6	5r1k/1p2N1pp/p2p4/2n1p3/2PpP1QN/6PK/P4q1P/1r6 w - - 2 29	h4g6 h7g6 g4h4	1424	0d0y1315191n1o
JDDbR	r1bq1rk1/pp2bppp/2n1p3/3p4/3P4/P2BPNn1/1PQN1PPP/R3K2R w KQ - 0 12	d3h7 g8h8 h2g3	1424	0g0w191o
JqjBA	r1b1k1nr/ppp2ppp/8/4p3/1b1n4/3BBP2/PPP3PP/R2NK1NR w KQkq - 1 10	c2c3 b4a5 b2b4 a5b6 c3d4	1424	010h0s101c
K8vM9	5k2/p4p1p/3p4/2pq3N/P4KPP/1P2R3/8/8 w - - 0 34	e3e8 f8e8 h5f6 e8e7 f6d5	1424	050g0p0s101n
KPEeG	6k1/2r2p2/p3r2p/1p5P/6N1/8/PbPR1PP1/3KR3 b - - 3 28	e6e1 d1e1 b2c3	1424	010p1g1o
KkuWz	r7/1p1qbPkr/p2p1Np1/2p3P1/2n2P2/8/PPP5/2K4R w - - 0 29	h1h7 g7f8 f6d7	1424	1315191o
Mf6t4	4rk2/5p1p/p5p1/2q5/1p1n2P1/5B2/PP1Q2KP/3N3R b - - 4 33	d4f3 g2f3 c5c6 f3g3 c6h1	1424	050g10191p
MhgZq	2r2k2/2r2p2/pb2p1p1/1N1pP1Pp/1P3P1P/2P1B3/1R1K4/R7 b - - 0 47	b6e3 d2e3 a6b5	1424	010w191o
N3rlP	r1bqkb1r/ppp2p2/4pn1p/4Nn2/2p3p1/P1N1P1B1/1P3PPP/R2QKB1R w KQkq - 1 11	d1d8 e8d8 e5f7 d8e8 f7h8	1424	050g0s1019
NTN5n	r5k1/3qpp1p/3p2p1/rNpPb1BP/Pn2P3/RP6/4QPP1/5RK1 b - - 0 21	a5b5 a4b5 a8a3	1424	010b0j11191o
Ne5vj	r3k2r/p1p2ppp/bp1qpb2/3p4/1n1P1P1P/N1P1P1P1/P5B1/R2QK1NR w KQkq - 0 12	d1a4 d6c6 a4b4	1424	010i191o
OJGuJ	r2r4/3NknBp/1p2p1p1/pPb3P1/2P1b3/8/P5PP/3R1R1K w - - 1 28	g7f6 e7e8 f6d8 a8d8 d7f6	1424	0g10191p
P2u0K	7k/4RK2/7p/6p1/8/p7/8/r7 w - - 2 52	f7g6 a1f1 e7e8 f1f8 e8f8	1424	0p0r1013161m
PEoMZ	2b5/5p2/pp1k2p1/3p3p/2pK2P1/2P2P1B/PP5P/8 w - - 1 31	g4h5 c8h3 h5h6	1424	080g0p1n1o
PQuxT	2r3k1/2q2bp1/Q6p/5p2/1PrNp3/2P1R2P/5PP1/2R3K1 b - - 0 37	c4d4 c3d4 c7c1	1424	010j11191o
QUGO9	1r4k1/1qR2pbp/1B2p1p1/pP6/1n2P3/4QN1P/1P3PP1/6K1 b - - 4 23	b7b6 c7c8 g7f8 e3b6 b8b6	1424	011019
RajTf	r3r2Q/p1qk1pp1/2p2b1p/3p4/8/2NB4/PPP2PPP/4R1K1 w - - 8 21	d3f5 d7d6 e1e8 a8e8 h8e8	1424	010i1019
RdYiP	3r1nk1/pp3ppp/4qp2/8/2p5/3B3P/PP3PP1/2QR2K1 w - - 0 22	d3h7 g8h7 d1d8	1424	010j0p0y1o
T2251	r3r1k1/p1p2pp1/1p5P/5nB1/3n4/P1pP1P2/2P1NK2/1RQ4R b - - 0 26	e8e2 f2g1 d4f3 g1f1 f5g3	1424	0f0i10131619
TtEPh	q3k2r/pb1n1ppp/4pn2/3P4/8/2B2Q2/PP3PPP/R3K1NR b KQk - 0 15	b7d5 f3g3 d5g2	1424	01191o
Un5U8	r1q2k2/pp2ppb1/3p4/1N5r/2P1B3/BP1Q1pPb/P4P2/3RR1K1 b - - 1 30	h3g2 e4f3 h5h1 g1g2 c8h3	1424	0d0y101316191l1n
V04WJ	r5k1/pp3rpp/1bn1p2B/3q4/3pN1Q1/8/PPP2PPP/R4RK1 w - - 2 16	e4f6 g8h8 f6d5	1424	0g191g1o
VJUwR	8/R7/3p2pk/1NpPpq2/2P2p1p/7P/3n1QP1/6K1 b - - 6 39	f5b1 g1h2 d2f1 f2f1 b1f1	1424	0g0p10
W3zAd	2r3k1/1b3ppp/p3p3/q2p4/2rP3P/2R3P1/PP1Q1PB1/3R2K1 w - - 1 28	c3c4 a5d2 c4c8 b7c8 d1d2	1424	0g1019
WpJPH	rn1qkb1r/2pp1ppp/pp2p3/6B1/P1BP4/5b2/1PP2PPP/R2QK2R w KQkq - 0 9	d1f3 d8g5 f3a8	1424	011c1g1o
X4Ab8	r2qk1nr/ppp2ppp/2bb4/8/3Q4/5PP1/PPP1P2P/RNB1KB1R b KQkq - 0 8	d6g3 h2g3 d8d4	1424	0g0j1c1o
Zj3Tg	3r2k1/4R1pp/p7/8/P1pq2Q1/2pp2PK/7P/8 w - - 2 30	g4e6 g8h8 e7e8 d8e8 e6e8	1424	060p101316
anLQc	6rk/1b1rq1pp/p4p2/1p3P2/2pbP1RQ/P1P2B1P/1P6/3R3K w - - 0 33	h4h7 h8h7 g4h4	1424	050y1315191n1o
bt7gT	4r1k1/p1p4p/5p2/6p1/1P4P1/P1Bpq3/5RQ1/6K1 b - - 1 30	e3c1 g1h2 c1c3	1424	0g0p0s1o
cNsfM	8/5p1p/7k/6R1/4PK2/3r1P2/8/8 b - - 0 55	d3f3 f4g4 f3g3 g4g3 h6g5	1424	0g0i0p101m
cVauI	1kr5/p5p1/1p2r3/2Np1p1p/Pq1P1Pn1/1PR5/2PQ4/1K6 w - - 0 27	c5a6 b8b7 a6b4	1424	0g0s191o
dvE4t	r4rk1/1b3qpR/p3ppQ1/1pppP1p1/5P2/2P1R3/P1P3PP/6K1 w - - 1 23	h7h8 g8h8 e3h3 h8g8 g6h7	1424	050y101316191n
e9RJe	4Rb1k/6p1/5r1q/2p2N1p/7P/1P1Q1P2/P1P2PK1/8 b - - 2 39	h6g6 f5g3 g6e8	1424	010p0s1o
eSQhE	r4r1k/pp1R3p/2n2p1b/4pP1P/1P6/1BP5/P3qp2/1K4QR w - - 0 32	d7h7 h8h7 g1g6 h7h8 g6h6	1424	050i0y101316191n
eqjEv	r2q2k1/pp2rpp1/2n4p/1Q1p1b2/3Pn3/P1N2N2/1PB2PPP/R4RK1 b - - 3 18	e4c3 b2c3 f5c2	1424	0g0j191o
fYhua	r3kN2/1bq1b1Q1/p1n1p1p1/1p3p2/4pP2/8/PP4PP/R1BR2K1 b q - 0 20	e7c5 g1f1 c7g7	1424	0g0j191o
fxX91	5rk1/pp1b4/2nb1rBp/q2p1p1Q/2pP4/2N4P/PPP3P1/R4R1K w - - 0 20	h5h6 f8f7 g6f7 g8f7 h6h7	1424	050g0r0y1019
g3cqw	4r1k1/5p1p/p2q4/6p1/1P1b4/P2Q3N/3B1RPP/6K1 b - - 1 27	d4f2 h3f2 d6d3 f2d3 e8d8 d3c5 d8d2	1424	010j191w
gXycb	8/4k1p1/7p/5P1P/5K2/8/8/8 b - - 4 52	e7f6 f4g4 f6e5	1424	0g0p1e1o1z
gnDn6	6k1/pp3p1p/3rp1p1/3b4/PRr4q/2Q3N1/5PPP/2R3K1 w - - 0 26	b4c4 d5c4 c3c4 d6d1 g3f1 h4c4 c1c4	1424	01191w
hFajt	rnb2rk1/ppp2p1p/3p4/2b1PR2/3q4/6P1/PPP4P/RNB2Q1K w - - 0 18	f5g5 g8h8 f1f6	1424	0y13151c1o
hXSDy	r2q1rk1/2p1bppp/p1p2n2/4N3/4P1b1/2NP4/PPP3PP/R1B1QRK1 b - - 0 11	d8d4 g1h1 d4e5	1424	010s1c1o
jAv8r	r3k1nr/pp3ppp/2n1p1b1/qBbpP3/3N2P1/2N4P/PPP2P2/R1BQK2R w KQkq - 0 11	d4c6 b7c6 b5c6 e8f8 c6a8	1424	010s1019
k5wY2	2r5/7p/p5p1/1p6/1k1K4/4N2P/PP1P1PP1/8 w - - 4 35	e3d5 b4a5 b2b4 a5a4 d5b6	1424	0g0p10
kYwU8	rn2kbnr/5ppp/ppq1p3/1N1p4/Q2P4/4PN2/PP3PPP/R1B1K2R w KQkq - 0 11	b5c7 e8d8 a4c6 b8c6 c7a8	1424	0g0j101c1g
l6qkA	7r/p4k1p/1p1R1pp1/3P4/P6P/1P4P1/8/B3qQK1 b - - 2 38	e1g3 g1h1 g3d6	1424	0g0p0s1o
lk4RF	r2q2nr/p2pkp1p/3bp1p1/8/1B1n4/3Q4/PP3PPP/R3KB1R w KQ - 0 14	b4d6 e7d6 d3d4 d6e7 d4h8 d8a5 h8c3 a5c3 b2c3	1424	050g0s1c1w
mKpf6	r4rk1/3q1p1p/p2p2p1/1ppQb1B1/4P3/8/PPP2PPP/3R1RK1 w - - 3 18	d5e5 d6e5 d1d7	1424	0g0j191o
nKHUC	4r3/1Rp2k2/1b5p/2p2pp1/P7/5P2/2PB1P1P/6K1 w - - 0 30	a4a5 b6a5 d2a5	1424	010p1g1o1t
ng86L	8/8/p7/1p5p/1b2B3/1k1K1P2/7r/R7 w - - 2 59	e4d5 b3b2 a1a2 b2b1 a2h2	1424	0g0p101p
oGAq9	3rkn1R/p1Q2pp1/6p1/3nP3/3Pq3/4B3/PP2K3/8 w - - 1 31	h8f8 e8f8 c7d8	1424	050i1315191o
oRZrF	8/pr3p2/4p1p1/1kr4p/8/4RP2/PP3KPP/2R5 w - - 0 32	e3b3 b5a6 c1c5 b7b3 a2b3	1424	0g0i0p101m
pKG8X	8/4k3/5ppn/3p4/qPpP2P1/7P/QKPN4/8 b - - 0 45	c4c3 b2c3 a4a2	1424	0g0i0p1o
pqk0D	1k1r1b1r/pppb1p2/2n2q1p/4N1p1/Q2P4/2PB3P/PP3PP1/R1B1R1K1 b - - 0 13	c6e5 d4e5 d7a4 e5f6 d8d3	1424	010j101c
q23M5	2kr2r1/1pq4p/p1p1R3/2pn2b1/6Q1/N7/PPP2PPP/R5K1 w - - 2 22	e6c6 c8b8 c6c7	1424	010j0k191g1k1o
qoRxp	4R3/Q4ppk/8/5q2/4N2p/2P3P1/Pr3P1P/6K1 b - - 1 29	b2b1 g1g2 h4h3	1424	0p1113151o
qsjus	8/6p1/7p/4k2P/r3N1P1/4K3/5P2/8 w - - 12 49	f2f4 e5d5 e4c3 d5c5 c3a4	1424	0g0p0s10
r65kE	r1b2rk1/5p2/1pP1p3/1Pbp3N/p5nq/2P1P1p1/P3QP2/RNB2RK1 w - - 0 20	e2g4 h4g4 h5f6 g8g7 f6g4	1424	01050s10191n
srFLG	r3k2r/pbp2pp1/1p5p/3qN3/1P6/P2P3P/4BPP1/2B1Q1K1 w kq - 1 18	e2f3 d5e6 f3b7	1424	01191o1p
u5g8Q	2R3nk/ppR3bp/3pNr2/3Pp3/1P2Pp2/5Pn1/P2B2PK/8 b - - 4 33	f6h6 h2g1 h6h1 g1f2 h1f1	1424	0u10131619
vS6AY	2k5/1pp5/p2R1q2/4p1np/2Q1P1p1/1N4P1/PPP4P/7K b - - 0 29	f6f3 h1g1 g5h3	1424	0p13151o
ww3fR	6k1/pp3r2/b5p1/4R1p1/7P/2Q2q2/1P3P2/6K1 w - - 4 45	e5e8 f7f8 c3f3	1424	010p1g1o
xYx6X	6k1/pp3pp1/2pb4/3n1qB1/3P3Q/5P2/P3R3/6K1 w - - 2 36	e2e8 d6f8 e8f8 g8f8 h4h8	1424	050p1013161n
yV9wm	3r2k1/pQ3p1p/2p2qpn/2Pr4/8/4PN2/P4PPP/R4RK1 b - - 0 19	f6a1 f1a1 d5d1 f3e1 d1a1	1424	010510191g1n
zav1P	1nk3r1/ppp3qp/5P2/1P1p1p2/P2P1B2/8/2P2PrN/R2Q1R1K b - - 0 22	g2h2 f4h2 g7g2	1424	0d0y1315191n1o
091Mz	5k2/1p6/p4pQ1/4pBp1/PP1bP3/1K3P2/2P3P1/7q b - - 4 36	h1b1 b3c4 b1c2 c4d5 c2c6	1425	0i0p101316
0PsJY	rn1qk1r1/pbppb2Q/1p2P2p/8/3P1p2/2P5/PPBN1PPP/R1B2RK1 b q - 2 13	g8g2 g1h1 g2g7 f2f3 g7h7	1425	010j0k101c
1z8RA	r1bq1rk1/ppp2pb1/5np1/6N1/2B1N2Q/8/Pp3PP1/R3K2R w KQ - 0 16	e4f6 d8f6 h4h7	1425	0y111315191o
27Njd	1QR5/6pk/7p/5P2/3q4/7P/3p1PP1/6K1 b - - 0 56	d2d1q g1h2 d4d6 b8d6 d1d6	1425	00010p101h
2YsL1	rn1qk2r/pbpp1ppp/1p1bp3/3P2B1/2P1P2n/2N2N2/PP2BPPP/R2QK2R b KQkq - 6 8	h4f3 e2f3 d8g5	1425	011c1o
339kc	8/6pk/7p/1Rr1N1n1/2P5/6P1/5P1K/8 b - - 11 42	c5e5 b5e5 g5f3 h2g2 f3e5	1425	01050p0s101n
3vnji	7k/2p3p1/7q/NP3p1r/P3pQ2/3r1n2/5RPP/R6K w - - 9 33	f4h6 h5h6 g2f3	1425	01191o
4Cn5H	5rk1/5pp1/p4r1p/1p1Pp3/P6q/3BP2P/1PQ1K1P1/4R2R b - - 2 25	f6f2 e2d1 f2c2	1425	01191o1p
4jCGP	2k3nr/1p3ppp/p1n5/3rN3/Qp6/4B1bq/P3BP2/3R1RK1 w - - 2 20	e2g4 h3g4 e5g4	1425	0g0s191o
5JXWI	r1bqk2r/pp2pp1p/3p2p1/8/3bPPn1/3B4/PP1B2PP/RN1QK2R w KQkq - 0 11	d1a4 c8d7 a4d4	1425	010s1c1o
6Wiwz	r2qr1k1/p4pb1/1pn1bn1p/1N1p2p1/8/1N1B1QB1/PPP2PPP/3RR1K1 b - - 1 16	e6g4 e1e8 d8e8 f3g4 f6g4	1425	011019
6x8GQ	r3k2r/pp2bppp/3p1n2/q2Np3/4b1P1/3QBN1P/PPP2P2/2KR2R1 w kq - 0 15	d5f6 e7f6 d3e4	1425	010w191o
8HNMg	8/5p1k/p6p/1p1q2n1/1P1N2p1/P3P1P1/1B2R2P/2R3K1 b - - 3 38	g5h3 g1f1 d5h1	1425	0p13151o
8Htqr	7k/5pp1/Q3pb1p/2p5/8/1P3KP1/P1r5/8 w - - 1 41	a6a8 h8h7 a8e4 g7g6 e4c2	1425	0g0p0s10
8b9wj	2r1r1k1/5p1p/p4p2/5P2/2P1p3/P1Rp1P2/6PP/4R1K1 b - - 0 25	d3d2 e1d1 e4e3 c3e3 e8e3	1425	000g0p101m
8dduq	3n2k1/p1pQ1pp1/1p5p/3p4/3P1qP1/2P2N1P/PP3PK1/4r3 w - - 0 26	d7d8 g8h7 f3e1	1425	0g0p0t0w1o
8kig7	2kr4/1pp2R1p/p1n5/3p4/3Pn2q/2PQ3P/PPN3rB/1K2R3 w - - 1 23	f7c7 c8b8 c7h7 g2h2 h7h4	1425	0g0j0k1019
9UGlz	4r1k1/5p2/4pPp1/pp1pP3/4r3/P1P1Q2R/1P3K1P/3q4 w - - 0 31	h3h8 g8h8 e3h6 h8g8 h6g7	1425	050p1013161n
9uMr4	3r2k1/RR6/5rp1/8/6PP/2N1n3/PPP5/6K1 b - - 6 29	f6f1 g1h2 d8d2 c3e2 d2e2 h2g3 e2g2 g3h3 f1f3	1425	0p0r13181w
A943x	6rk/5pRp/p3p3/1p1b3N/8/6PP/Pr4P1/2R3K1 w - - 2 28	g7g8 h8g8 c1c8	1425	050p13151o
ACTd1	6k1/1p1R3p/7b/P3p3/4P3/Pr3pP1/R6P/6K1 b - - 0 37	h6e3 g1f1 b3b1 d7d1 b1d1	1425	0p1013161f
AGdNl	8/8/3P2pk/4Q3/4n2p/4q2P/6PK/6R1 b - - 0 63	e3g3 e5g3 h4g3 h2h1 e4f2	1425	0p101316
AX3o8	6r1/1p2rk2/p6p/2p5/P1R5/2P2p2/1P3P1P/4RK2 b - - 1 31	g8g1 f1g1 e7e1	1425	050i0p13151m1o
CHXgi	6k1/p5r1/4R2p/1p1nP3/1P1bB3/P4PP1/6KP/8 b - - 0 35	d5f4 g2f1 f4e6	1425	0g0p1g1o
D92DD	2r5/p2r3p/6k1/4R3/7P/8/PP1p1R2/1K6 w - - 0 39	e5g5 g6h6 f2f6	1425	0p13151m1o
DLSGB	7r/ppp3k1/7N/6PQ/3P4/2P4P/qn1K4/8 w - - 0 40	h6f5 g7f8 h5h8	1425	0g0i0j0p1o
DSYXz	r2q1rk1/ppN1b1pp/1n6/5p1n/3P1B2/3Q1P2/PP2N1PP/R4RK1 b - - 2 15	h5f4 e2f4 d8c7	1425	010b191o
Dbywv	1Q6/2R5/7k/5q2/2PP2pp/8/6PK/8 b - - 0 41	g4g3 h2g1 f5f2 g1h1 f2e1	1425	0p101316
DciBE	3r2k1/p1p2pp1/2p3bp/2q2P2/3rP1P1/2N4P/PPQ2R2/R5K1 b - - 0 21	d4d2 c2d2 d8d2	1425	0g191g1o
Dg99y	8/Q5pk/2p4p/3pN3/8/3b3P/P1q2PP1/6K1 b - - 0 26	c2c1 g1h2 c1f4	1425	0g0p1o
FLBi1	8/8/2R5/1P6/4kr2/4p3/8/4K3 w - - 1 51	c6c4 e4f3 c4f4 f3f4 b5b6	1425	0g0p10111m
G4A5C	5rk1/2Q3pp/1p2P3/p5q1/2Pp4/P2P4/2P1r3/1K3R2 w - - 0 35	f1f8 g8f8 c7f7	1425	050p13151o
HtVx3	r1b1r1k1/ppp2ppp/8/3PP3/P3NPB1/6Pq/1P2Kb1P/R1BQ3R b - - 0 18	c8g4 e2f2 g4d1	1425	0g1c1o1p
IMM9J	4Rnk1/6pp/p3N3/1p6/2p1K1N1/3r1PR1/PP6/3r4 b - - 18 36	d1e1 e4f4 e1e6 e8e6 f8e6	1425	011019
JwYGq	2kr4/1p3Q1p/p2R4/2p5/2P2B2/5b2/P1P2PrP/1q2RK2 b - - 2 22	g2g1 f1g1 b1e1	1425	050i1315191o
KLq9X	8/8/1k4q1/1p2p2p/p2Pp2P/P5P1/1P1Q1P2/1K6 b - - 0 41	e4e3 d2c2 g6c2 b1c2 e3f2	1425	000g0j0k0p101i
MKvB3	k2r4/1pQ4p/8/3q2P1/7P/P1R1P3/5P2/5K2 b - - 2 35	d5h1 f1e2 h1d1	1425	0p13151o
NEmqS	R7/8/8/7P/1k6/5KP1/p1r5/8 b - - 2 49	c2c3 f3g2 c3a3	1425	0g0p111m1o
NJKQB	5rk1/5qp1/2p1p2Q/3b4/R2P4/P5RP/5PP1/6K1 b - - 0 39	f7f2 g1h2 f2g3 h2g3 g7h6	1425	010p0s10
NgaEm	3rr1k1/1b3p1R/p4P2/1p2b1Np/2p2B1P/1P2K3/1PP5/8 w - - 2 36	h7g7 g8h8 g5f7	1425	0i1315191o
NvWJ1	rn5k/ppp1B1p1/3p3p/7r/2B2Pb1/3P2Pq/PPP2N1P/RN1QR1K1 b - - 2 15	h3h2 g1f1 g4d1	1425	0g0y191o
O9DH5	7k/3R3p/B5pr/n1p1r3/5P2/1P4P1/P4PP1/2R3K1 b - - 0 31	e5h5 d7d8 h8g7 f2f3 h5h1 g1f2 h1c1	1425	010p1l1p1w
OSUrT	8/R7/pp6/4p3/1Pr5/1KPk4/8/8 w - - 0 42	a7d7 c4d4 c3d4	1425	0g0p1m1o
OloDe	3r2r1/3k1pq1/1Q6/3p4/N2P1b1P/8/PP4P1/1K1R4 w - - 3 29	a4c5 d7e8 d1e1	1425	0g191o
Ov2f3	r2qk2r/p4ppp/n1N5/1p1p4/3P2b1/BQP3P1/P2nPPBP/R4RK1 b kq - 0 13	d2b3 c6d8 b3a1	1425	01191o
Pgc9S	5rk1/1p3ppp/p3p3/2QbP3/7B/1q5P/5PPK/2R5 w - - 0 28	c5f8 g8f8 c1c8	1425	050p1113151f1n1o
QKL1v	3rr1k1/p5pp/1p1Bp3/1Q1pn1q1/8/8/P1P2RPP/5RK1 w - - 0 22	b5e8 d8e8 f2f8 e8f8 f1f8	1425	0y101316191d1n
QQhpw	8/p5p1/1pkqP2p/2p1Q3/8/P7/KPP5/8 w - - 5 44	e5e4 d6d5 e4d5 c6d5 e6e7	1425	000g0p101i
QuLPg	r1b2r1k/2pn3q/3p2RQ/p3pB2/Np2P3/1P6/P1P2P2/2K5 w - - 1 31	g6g8 f8g8 h6h7	1425	0y1315191g1o
Sfbkk	Q7/5p2/2pBp1p1/2NpP3/p1k2P2/2P5/q5PP/1r2rRK1 w - - 0 38	a8a6 b1b5 f1e1	1425	0g0i191o
U8Zyv	r1b1k2r/pp1p1ppp/2n1p3/4P3/1b1PnP1q/2NQ4/PP4PP/R1B1KBNR w KQkq - 3 9	g2g3 e4g3 d3g3 h4g3 h2g3	1425	010h101c
UUWkc	8/8/1pkp1P2/5R2/6Pp/7P/7K/5r2 b - - 2 55	f1f5 g4f5 c6d7	1425	0g0h0p1m1o
V6hAh	r4qrk/1pp2p1p/2b2PpQ/p2pP3/8/2N2R2/PP4PP/n1B3K1 w - - 6 22	h6h7 h8h7 f3h3 f8h6 h3h6	1425	050y101316191d1n
W7wFA	2kr4/1pp4p/p3p3/2B5/4pn2/Q7/PPPq1P2/1KR5 w - - 6 26	c5e3 d2d6 a3d6 c7d6 e3f4	1425	010b0p10
WMy2H	r3r1k1/1p1R2p1/p2Bp1Qp/3pP1q1/8/6P1/5PKP/8 w - - 2 27	d7g7 g8h8 g6h7	1425	0p13151o
Z5wHw	3r4/8/p3pk1p/2p5/2P2KP1/1P1r3P/P2pR3/3R4 b - - 7 37	d8d4 e2e4 e6e5	1425	0p13151m1o
ZnsOO	r1bq1rk1/p3bppp/2B5/8/5B2/8/PPP3PP/R2Q1RK1 b - - 0 13	d8b6 g1h1 b6c6	1425	0g0s191o
a8BWL	2r2k2/3r1ppb/p6p/np3P2/6PP/2P1R3/PKBNR3/8 b - - 3 31	d7d2 e2d2 a5c4	1425	0g191n1o
aqLlr	3r2k1/1b1q1ppp/pQ6/2P1P3/3R4/7P/4N1P1/7K b - - 0 35	d7h3 h1g1 h3g2	1425	0p13151g1o
b6BAp	r3r1k1/p2p1ppp/Qp6/2pb4/5Nn1/P1N3Pq/1PB2R1P/R1B3K1 b - - 4 20	e8e1 a6f1 e1f1 f2f1 h3h2	1425	0y10131619
bvnrl	2r1r3/pQ2nkpp/8/2RN2q1/4p3/8/PP3PPP/2R3K1 b - - 0 19	g5c1 c5c1 c8c1	1425	061315191o1y
cAKUr	r5k1/p5pp/3q4/8/3P4/P4P1P/4Q3/R5K1 b - - 0 28	d6d4 g1g2 d4a1	1425	0g0p0s1o
dMeb9	r3kn1r/2q3pp/2p2n2/pb6/Qp1P4/1B2P2P/PP3PP1/RNR3K1 w kq - 7 20	a4b5 c6b5 c1c7	1425	011c1o
dieMq	1rb1r3/2p3k1/ppB2qpp/5n2/P2Np3/2P4P/1P2QPP1/3RR1K1 b - - 3 25	f5d4 d1d4 f6c6	1425	010b11191o
esmhl	8/pp3k2/2p5/3p2Kp/3Pp1pP/2P5/PP3PP1/8 b - - 3 30	g4g3 f2g3 e4e3	1425	0g0p1e1o
fl4Xm	r4rk1/2q2ppp/b1N2n2/Q3N3/3P4/1P6/P4PPP/R4RK1 b - - 0 22	c7a5 c6a5 a6f1	1425	01191o
g9GtQ	r1b1k1nr/1pq2p2/p3p1pp/2p1bnB1/4N3/2PQ4/PP4PP/2KR1BNR w kq - 0 14	d3d8 c7d8 d1d8	1425	13151c1d1o
hU1sr	4R3/pp3p2/n1p2pkp/7N/2P3P1/1r6/5P1P/6K1 w - - 0 28	e8g8 g6h7 h5f6	1425	0f0i0p13151o
hXpY7	3r4/p5k1/6P1/1p6/2ppKPR1/8/PPP3P1/8 b - - 0 41	d4d3 c2d3 c4d3 g4h4 d3d2	1425	000g0p101m
hZnZH	4r3/3p1p2/p5kp/4n3/2p3PP/2P2P2/P3RK2/2R5 b - - 0 29	e5d3 f2g3 e8e2	1425	0g0i0j0p0s1o
iCiAN	2Nq1rk1/pQ1n1pp1/2p1b2p/8/4NB2/P5PP/1P2Pb2/R2K1B1R b - - 0 18	d7c5 d1c2 c5b7	1425	0g0j0k191o
jVYvG	r5k1/pp4pp/3bb3/1B1p1N2/4p2q/1Q6/PB1P1PPn/2R2RK1 b - - 0 19	h2f3 b3f3 h4h2	1425	0d0y1315191n1o
jkxUk	r2q1rk1/pp3p2/2n1bn1P/4p3/8/1NP2P2/P1pQ1BP1/R3K2R w KQ - 0 17	d2g5 g8h7 g5g7	1425	0y1315191o
kMgAC	5rk1/1bqQ1ppp/p3pb2/1pP1N3/8/1P6/1P3PPP/R3R1K1 b - - 1 29	f6e5 d7c7 e5c7	1425	01191o
kYCYJ	rnbq1rk1/2p1npp1/p3p2p/1p6/3P4/2NB1N2/PPP3PP/R3QR1K w - - 0 13	e1e4 f7f5 e4a8	1425	011c1o
knhsK	r1b2rk1/pp1n1pp1/2p1p2p/q1Pp4/3P3B/P1n1P3/2QN1PPP/R3KB1R w KQ - 0 13	d2b3 a5a4 c2c3	1425	011c1o
lbWTq	r1b1k1nr/1p3ppp/p3p3/P2pq3/1b6/2N2R2/3BB1PP/R2Q2K1 w kq - 1 18	d1a4 c8d7 a4b4	1425	010s191o
mJ9QD	8/6k1/4K2p/p2pP1p1/1PpP4/1P4P1/P7/8 b - - 0 39	c4c3 b4b5 c3c2 b5b6 c2c1q	1425	000g0p101e1h
mUHER	6k1/2Q2pbp/6p1/p7/2B5/q6P/5PP1/6K1 w - - 0 31	c7f7 g8h8 f7g8	1425	0p13151o
mp2nr	2kr2nr/Qpp2ppp/8/8/8/5PK1/P2N2BP/3q4 w - - 0 19	g2h3 f7f5 h3f5 d8d7 a7a8	1425	101316191g
nd4qA	5k2/5p2/1Q5N/4q1P1/1b6/3P3P/6P1/6K1 b - - 0 30	b4c5 b6c5 e5c5	1425	0g0p0s1o
ne5wZ	1r3rk1/p4pp1/4p1P1/q2p4/1n1P4/2pRQ3/P1P2P2/K3N2R w - - 2 22	h1h8 g8h8 e3h3 h8g8 h3h7	1425	050y101316191n
nxQB6	rnbqk2r/pp3ppp/5n2/3p4/1b1N4/2N5/PP1BPPPP/R2QKB1R w KQkq - 2 8	d1a4 b8c6 d4c6 b7c6 a4b4	1425	0b0g0s101c
oTIky	1k5r/1pp1bp2/p7/3P4/5n2/2N3P1/PPP5/1R1R2KQ b - - 0 35	e7c5 d1d4 c5d4 g1f1 h8h1	1425	0r101316191f
pCAQt	5rk1/5npp/8/2pQ1R2/8/q1r5/6P1/3R2K1 w - - 1 40	d5f7 f8f7 d1d8 f7f8 f5f8	1425	0d101316191n
rWglh	rnbqk1nr/1pp2ppp/p7/2b1P3/8/1N6/PPP1PPPP/R1BQKBNR b KQkq - 2 6	c5f2 e1f2 d8d1	1425	040g0i1c1o
sc8nx	r1r2k2/5pp1/4pq2/3p2N1/7P/4P3/p4PP1/1Q3RK1 w - - 0 30	g5h7 f8g8 h7f6	1425	010p0s1o
tQKvr	4r1k1/2N3p1/7p/p2b4/R3p3/7P/r4PP1/4R1K1 w - - 2 32	a4a2 d5a2 c7e8	1425	0g0p1o
tbDO7	2r3rk/4R1p1/2p1R1Qp/p2p4/8/8/Pq3PPP/6K1 w - - 0 26	g6h6 g7h6 e6h6	1425	0p13151n1o
uKkc0	3q1r2/pp4kp/6p1/4pp2/1P1b4/PQn4P/3RBPP1/5RK1 b - - 3 23	d4f2 f1f2 d8d2	1425	0g0j0y191o
v3OUK	5r1k/1p1r1p1n/2pp2pp/4p1qN/2B1Pn2/2PP1P2/PP3QPP/R3NRK1 b - - 0 22	f4h3 g1h1 h3f2	1425	0g0y191g1o
vEaoh	1k1r3r/ppp3pp/2nb4/3q4/2nB1p2/P4N2/5PPP/1R1QR1K1 w - - 2 20	d4a7 b8a7 d1d5	1425	010j191k1o
w6Gzn	4kr2/3p3p/Bp2p1p1/4n3/7q/1P6/PKP4P/3Q1R2 w - - 2 25	f1f8 e8f8 d1d6 f8g7 d6e5	1425	050g0p0s10
wpd29	1r5k/p1n2p1p/Pqb1pP1b/7N/2B2PQ1/1P2p1R1/3r2PP/R6K w - - 7 32	g4g7 h6g7 f6g7 h8g8 h5f6	1425	000y101316191n
xYMPt	r4rk1/5ppp/p2p4/1p1N4/4q3/1B4Rb/PPP3pP/1K4R1 w - - 0 22	d5f6 g8h8 f6e4	1425	01191g1o
yQOQu	r5k1/pQb2qpp/n1p1b3/8/3P4/2P5/PP1B1PPP/R4RK1 b - - 0 16	c7h2 g1h2 f7b7	1425	0g0j191o
z7bZ9	2R5/6p1/3b2kp/5p2/1p6/1r3P2/1P4KP/2B5 w - - 4 34	c8c6 b3d3 c1f4	1425	010p1g1o
zv4ML	8/1p1k1p2/1p3Bp1/4Pp2/3Pp3/2P1K3/q3QP1P/8 b - - 1 33	f5f4 e3e4 a2e2	1425	0g0i0p1o
zwrcp	5rk1/p4p2/7p/2Q3p1/4P2q/2P4P/PP4PK/R1Br4 w - - 0 30	c1g5 h6g5 a1d1	1425	0g0j0p1o
0ZZrJ	3r4/2R2ppp/4p1k1/4P3/Q7/7P/PP1q1PP1/6K1 b - - 2 23	d2e1 g1h2 e1e5 g2g3 e5c7	1426	010p0s10
1XQ3y	r6r/1kp1p1bp/1p4p1/2p2p2/BP1P1P2/PKP1P3/7P/3R3R b - - 4 24	c5c4 b3c4 a8a4	1426	010i0p1o
2x9Gg	3r3k/1pp2p1p/1n3p2/1P2p1q1/p1P4Q/7P/P4PP1/B3R1K1 w - - 5 28	h4g5 f6g5 a1e5 h8g8 e5c7	1426	0b0g0p0y10
3S225	1q4k1/5pb1/p4rp1/1p2p1B1/3nN2R/P7/5PP1/6K1 w - - 0 35	e4f6 g8f8 f6d7	1426	01191o
3Y8JL	r4r1k/pp3Bpp/1bp5/7Q/4P3/3PNR2/PqP3PP/6K1 w - - 0 21	h5h7 h8h7 f3h3	1426	050y1315191f1n1o
4TWG1	8/1pqbp1kp/3p1np1/8/p3P1P1/1NQ2P2/PKP4R/3R4 b - - 0 24	a4a3 b2a3 c7c3	1426	0g0i191o
4wIl3	8/3P2k1/4Q1pp/1p6/1P6/6PP/pq6/5K2 w - - 0 61	e6e7 g7h8 d7d8q	1426	000p13151h1i1o
7IMoC	rnbqk2r/ppp2ppp/3p1n2/3Pp3/1b6/2NQ4/PPP1PPPP/R1B1KBNR w KQkq - 0 5	d3b5 b8c6 d5c6 b4c3 b2c3	1426	010s101c
8H1z0	rn1qkb1r/3bpppp/3p4/2pn2B1/1p2N3/5Q2/PPB2PPP/R3K1NR w KQkq - 0 12	e4d6 e7d6 g5d8	1426	0g1c1o
8HPwI	3r2k1/pp2Q1p1/1q2p2p/4Pp2/8/P2p3P/5PP1/2R3K1 w - - 0 32	c1c7 b6c7 e7c7	1426	010p1o
9T2Zp	r1bqk2r/pp3ppp/2nbp3/1B2N3/3PpP2/4P3/PP4PP/R1BQK2R b KQkq - 1 10	d8a5 c1d2 a5b5	1426	010s1c1o
9vCjb	4k1n1/1q3p2/pp2p2r/8/2Ppb1Q1/BP3BP1/P4PK1/7R b - - 3 38	e4f3 g4f3 b7f3 g2f3 h6h1	1426	0g0s1019
BjHPb	2kr3r/ppp2p1p/8/6N1/4q3/P3P1p1/1PP1B3/R3Q1KR b - - 1 28	e4e3 g1f1 e3g5	1426	010s191o
Cl6bg	8/1r3kpp/rPR1p3/3p1p2/3Pp3/4P3/5PPP/2R3K1 w - - 1 27	c6c7 b7c7 b6c7	1426	000g0p1m1o
DeCu0	6k1/4r1pp/b3N1p1/p3P3/3Q4/8/q4PPP/1r2R1K1 w - - 0 28	d4d8 g8f7 e6g5	1426	0s1315191o
EOV7p	2rq1rk1/pp3ppp/8/3p4/3p4/4n3/PPQ1NPPP/2R2RK1 w - - 2 17	c2c8 d8c8 c1c8 f8c8 f2e3	1426	011019
FAWKo	6k1/5pp1/4r3/7p/7P/3R2PK/2Q1q3/8 w - - 3 49	d3d8 e6e8 c2e2	1426	010p1g1o
Fu1rf	3rr3/ppp2pk1/5p2/7p/3npP1P/PP2N1P1/2P2PK1/R2R4 w - - 3 21	d1d4 d8d4 e3f5 g7g6 f5d4	1426	050g0p0s101n
Fu3Wo	r4r2/pp4kp/2p1p1p1/2q1P3/6R1/2n4R/PPQ2PPP/6K1 w - - 2 23	h3h7 g7h7 c2g6 h7h8 g6g7	1426	05101316191n
GFCNf	8/r5k1/3p1nrb/4pRN1/pp2P2Q/3q4/PP4PP/5R1K w - - 0 38	g5e6 g7g8 f5f6 g6f6 h4f6	1426	010i1019
GTxQ2	4r3/pp6/2p2p2/3p1k2/5PbP/2P2NK1/PP6/7R w - - 3 36	f3d4 f5g6 g3g4	1426	0g0i0p1o
GsSUP	2r1r1k1/1Q3ppp/p7/q3n3/1p6/4PP1P/PPPRBP2/1K5R b - - 2 20	b4b3 b7b3 a5d2	1426	0g0j191o
HKGWG	8/p3nr1k/1p1p2p1/1P1P3p/P2NPbq1/8/6BP/3Q1RK1 b - - 1 29	f4e3 g1h1 f7f1 d1f1 e3d4	1426	0g0i0j0y101119
Hev57	r4r2/3nb1pk/R1p4p/4pq2/8/1PN1B1QP/1PP3P1/R6K b - - 0 23	a8a6 a1a6 f5f1 h1h2 f1a6	1426	050g0s1019
JlA75	r7/q6p/2k1p3/2N1Q3/1ppP4/P2b4/1P4PP/K2R4 b - - 2 35	a7a3 b2a3 a8a3 a1b2 c4c3 b2c1 a3a1	1426	0p13171f1n1w
L7SlN	r5rk/pp3p1p/8/8/2Qp1n1b/5PNq/PPP2P1P/3R1R1K w - - 6 26	c4d4 g8g7 d4f4	1426	010s191o
Lh16L	r2qk2r/pp1n1ppp/4p3/2bpn3/8/P1PQBN2/1P3PPP/RN3RK1 w kq - 0 12	f3e5 d7e5 d3b5 d8d7 b5c5	1426	010s101c
N48BA	1k2r2r/pppq2bp/1P1p2p1/P4n2/2NP1n2/1QP2BP1/8/2K1N2R w - - 0 25	b6a7 b8a7 b3b7	1426	00050j1315191k1o
N7v90	2b1rr2/p6k/1p5p/2pP2pQ/2P3q1/P1B1PR2/6P1/R5K1 w - - 1 27	f3f7 f8f7 h5f7	1426	0e1315191o
OtcmG	r1b1k2r/1p3ppp/pq6/8/3bP1n1/3B4/PP1BN1P1/R2Q1R1K w kq - 0 18	d1a4 c8d7 a4d4	1426	0g1c1o
PEWkx	1rb2rk1/4ppbp/5np1/2p1q3/1n6/2NP3P/1P2B1PN/R1BQ1R1K w - - 0 17	c1f4 e5e6 f4b8	1426	011c1o1p
PWt9f	r4rk1/pp3qpp/2p1pb2/8/P3PR2/1QN5/1P4PP/5R1K w - - 0 19	e4e5 f7e7 e5f6	1426	01191o
SmKc8	5rk1/5p1p/4p1p1/2Q1P3/2p1q3/2P4P/R4PP1/6K1 b - - 7 31	e4b1 g1h2 b1a2	1426	0g0p0s1o
T2jk4	4q3/pR3pkp/8/5Q2/2p5/2P3PP/PP3PK1/4r3 b - - 0 27	e8c6 f5f3 e1g1 g2g1 c6f3	1426	010i0p0s10
TF4Nx	r2qr1k1/ppp2ppp/3p1b2/3b4/8/1P4Q1/PBP2PPP/R3RBK1 w - - 2 17	e1e8 d8e8 b2f6	1426	0g0y191g1o
VUE9n	3r3k/1b2n1r1/pp3pR1/2p1pP2/P3P2q/2P1Q2P/B1P3P1/5R1K w - - 11 28	g6h6 g7h7 h6h4	1426	0g0s191o
WfU1L	3r2k1/1q4pp/2R5/pp1P4/1P3p2/P7/6PP/3Q1NK1 b - - 0 31	b7c6 d5c6 d8d1	1426	0g0p1o
Wpv69	8/5p2/5npp/1pk1K3/2p2PPP/P1P2N2/1P6/8 b - - 6 39	f6g4 e5e4 f7f5	1426	0p0z13151o
XmVf7	5k2/3P4/5bp1/p1p5/2n3B1/P7/4RPKP/3r4 w - - 1 40	e2e8 f8g7 g4d1	1426	0g0j0p1o
YTkHe	2b1nbkr/p2p2pp/8/8/2p2Q2/8/PrP2PPP/4R1K1 w - - 0 18	f4c4 d7d5 c4d5 c8e6 d5e6	1426	0s10131619
YmhUZ	rn4k1/pp2b1pp/2p3p1/3p4/3P2P1/3B3P/PPPNK3/R2QR2q b - - 4 17	h1g2 e2e3 e7g5	1426	1315191o
YrlAC	rnbq1rk1/pp3ppp/8/2pp4/3PnB2/P1P2P1P/2Q1P1P1/R3KBNR b KQ - 0 10	d8h4 g2g3 e4g3 f4g3 h4g3	1426	0g0s101c
begw5	2r3k1/1r3pbp/q2Q1np1/3p4/1B1P4/PR1PPN1P/5PP1/R5K1 b - - 4 25	a6d6 b4d6 b7b3	1426	01191o
brmlt	5rk1/ppp2q1p/4b1pb/2P1N3/1P1Q4/P3P3/4B1PP/3R2K1 b - - 1 27	f7f2 g1h1 f2e2	1426	0g0s11191o
eDtQv	8/4rpk1/p2p3p/P2PqBp1/1P1bP1P1/5K1P/3Q1P2/4R3 b - - 0 33	d4c3 d2c1 c3e1	1426	010p111o1p
fkmW2	8/kp6/p3N3/Q2pq3/8/1P4Pp/P4P1P/6K1 b - - 3 34	e5a1 a5e1 a1e1	1426	0p13151o
gqpyi	r6k/p5pp/8/3QN3/4p1q1/P5rb/1PP2P1K/R4R2 b - - 1 32	g3g2 h2h1 g2h2 h1h2 g4g2	1426	050r101316191n
hVntC	rn2r1k1/pp2Qpbp/2p2np1/8/5q2/1BNP4/PPP2PPP/R3K2R w KQ - 1 15	b3f7 g8h8 f7e8	1426	010s191o
ko8Hl	r2qbrk1/1p4p1/p1pp1pB1/2nPp3/2P1P3/2N3P1/PP1Q3R/2K5 w - - 6 21	h2h8 g8h8 d2h2 h8g8 h2h7	1426	050y101316191n
lAP1n	r6k/ppp2Rpp/3p4/b6q/2Qn4/B7/P4PPP/RN4K1 b - - 0 20	h5d1 c4f1 d4e2 g1h1 d1f1	1426	0i0y10131619
lfu4g	2r5/2p1kp1p/p3p3/5p2/1KPR1P2/8/PP4PP/8 b - - 0 31	c7c5 b4c3 c5d4	1426	0g0p0s1m1o
mha53	k3rR2/pp6/3Qq2p/2P5/P3r2P/4p3/1P6/1K6 w - - 4 38	d6d8 e8d8 f8d8 e6c8 d8c8	1426	060p1013161n1y
n1hmW	r4b1r/pp1k2pp/2p5/2q1Pb2/2Bn3Q/2NP4/PP4PP/1RB2RK1 b - - 0 17	d4f3 g1h1 f3h4	1426	0g0k0m0y191o
oFPPC	r1r3k1/1b3p2/p2qp1pQ/1P4N1/1PB5/6P1/3N2PP/R5K1 b - - 2 25	d6d4 g1f1 d4a1	1426	010s191o
oPpGp	8/8/5k2/4P2K/4P3/1pnB4/8/8 b - - 0 47	f6e5 d3c4 b3b2	1426	000g0p111o
purmy	2k4r/R4p2/1pp4q/b7/P3Q3/6P1/5P2/1R4K1 b - - 0 31	h6h2 g1f1 h2h1 e4h1 h8h1 f1e2 h1b1	1426	010p1p1w
q3JXQ	r2q1rk1/pp3pp1/1b1pb2p/2p5/4P1n1/1BPPBP2/PP1Q2PP/RN3RK1 b - - 0 14	g4e3 d2e3 c5c4 d3d4 c4b3	1426	0110191g
qGMJc	5rk1/1bp5/p1q2r1p/4Qp2/1NP3p1/1P3P2/P5PP/3R1RK1 b - - 1 26	c6b6 f1f2 b6b4	1426	010s191o
qriE9	r1bk2nr/1p1p1BQp/p1p2q2/2b1p3/3nP3/2NP4/PPP2PPP/R1B2RK1 w - - 1 12	c1g5 f6g5 g7g5	1426	0g1c1g1o
r0fKx	r6k/1p4pp/p1P5/4qPB1/2Q1p1P1/7r/PP2NP1b/R4R1K b - - 0 26	h2g1 h1g1 e5h2	1426	050j0k0y1315191n1o
rS1Nh	8/2k2p2/3RpPp1/3pP2p/2p5/2r3PP/5PK1/8 w - - 0 34	d6e6 f7e6 f6f7 c3b3 f7f8q	1426	00010p101h1m1n
rnztq	1rr3k1/p2R1ppp/2q3b1/2p5/3p4/P2P1Q2/2P2PPP/5RK1 w - - 0 27	d7d8 c8d8 f3c6	1426	010i191o
rqDMN	1q3k2/1r3p2/p5pp/6b1/8/1Q4NP/PP4PK/5R2 w - - 0 37	f1f7 b7f7 b3b8	1426	010i0p1o
rwyh8	1B6/3k3p/5p2/1K1P2p1/p1n3P1/2P5/5P1P/8 b - - 0 37	a4a3 b5c4 a3a2	1426	000g0p1n1o
tDYnU	rnb1kb1r/1p3ppp/4pn2/1Nqp4/1Q6/5N2/P1P1PPPP/R1B1KB1R w KQkq - 0 9	b4c5 f8c5 b5c7 e8d8 c7a8	1426	010s1019
v06YJ	r2qkbnr/1p2pppp/p1np4/8/2B1P1b1/2N2N2/PP2QPPP/R1B1K2R w KQkq - 2 8	c4f7 e8f7 f3g5 f7e8 e2g4	1426	0104050j10111c1n
vdKxq	6k1/p4q1p/1np1npp1/3p1N1N/1p1P2P1/1P4Q1/2P2PPK/8 w - - 0 33	f5h6 g8f8 h6f7	1426	0g0p0s1o
vuSHh	5rr1/pq6/3k3p/1B2p3/2PpRb2/3P1Q2/P4P2/5R1K w - - 4 31	e4d4 e5d4 f3b7	1426	0g0j191o
wVIiI	r2qr1k1/ppp2ppp/5n2/8/1P1n4/P1N4P/1BPP1PP1/R2QR1K1 b - - 1 16	e8e1 d1e1 d4c2 e1c1 c2a1	1426	0g0s1019
x0uW8	Qqkr1b1r/5pp1/3p1n2/3P3p/2p2Pb1/8/1P4PP/R1B1R2K w - - 0 24	a8c6 b8c7 a1a8	1426	0d0x1315191k1o
04jgc	1r4k1/p1q1bppp/2rpb3/2nnp3/2N1P3/P3BP2/1PB1Q1PP/1R1R2K1 w - - 1 22	e4d5 e6d5 d1d5	1427	010s191o
0MqXO	5k2/5p2/4b3/6p1/1p3nN1/4R1PP/1r3P2/4R1K1 b - - 0 33	f4h3 g1h1 e6g4	1427	0g0p1o
1vjDi	5r1k/6p1/1r1pq2p/3Qp3/3n4/3R1B1P/5PP1/5RK1 w - - 9 32	d3d4 e6d5 d4d5	1427	01191o
28XQv	r2q1b1r/ppp2kpp/5p2/4pQ2/2b5/P4N2/1P1P1PPP/R1B1K2R w KQ - 8 16	f3e5 f7g8 e5c4	1427	0g191g1o
2Ah9d	r1bq2k1/pp1p1pp1/2p3np/1Q6/2B1r3/6B1/PPP2PPP/2KR3R w - - 0 15	c4f7 g8f7 b5f5 d8f6 f5e4	1427	01050s101112191n1r
2soJx	1r5k/6b1/6QB/p4P2/3qP3/P7/1rp4P/2R2R1K b - - 0 35	d4e4 g6g2 e4g2 h1g2 g7h6	1427	0g1019
2xQEC	4r3/1p2q1kp/2p3p1/p1n2P2/5Q1P/1P4P1/P1B5/4rR1K w - - 0 35	f5f6 g7g8 f6e7 e1f1 f4f1	1427	000g0s1019
3dKUh	7Q/p7/bp2p1p1/4P3/3Np1k1/1P2P3/6K1/4q3 w - - 6 40	h8h3 g4g5 d4e6	1427	0p13151o
3vxlC	8/6bk/3p4/4q3/4P3/1Q1P4/6P1/3R3K b - - 0 43	e5h5 h1g1 g7d4 g1f1 h5h1 f1e2 h1g2 e2e1 g2f2	1427	0i0p13181w
4Gety	r1b2rk1/ppp2pp1/5q2/4P3/2BpP2p/3P2Q1/PPP3PP/R4RK1 b - - 0 16	f6f1 a1f1 h4g3	1427	0g0y191o
540b7	r3rb2/pb2k2p/1qp1p1BP/1p2n3/1P1P4/2P2Q2/P4PP1/R3K2R w KQ - 0 22	d4e5 c6c5 f3f7	1427	0g11191o
5Hfxj	r2q4/ppp2kp1/5n2/8/5P2/1P1Qp3/P1PP2B1/RNK5 b - - 1 26	d8d3 c2d3 e3e2	1427	000g191o
62rtx	r6r/pb2qkp1/1p2ppR1/3p3Q/2p5/8/PPP2PPP/R5K1 w - - 4 24	g6h6 g7g6 h5g6 f7f8 h6h8	1427	0j0k0v10131619
8EvuO	rn1r2k1/bbq2p2/p3p1nQ/1pp3N1/1P2P3/P1N5/5PPP/R3KB1R w KQ - 0 17	h6h7 g8f8 g5e6 f7e6 h7c7	1427	0g0y1019
8a7if	2kr2r1/1ppq1Bpn/p1np3B/4pP2/6Qb/2PP3P/PP3PP1/R3R1K1 w - - 0 19	f7e6 d7e6 f5e6	1427	0g0s191g1o
9TZQX	4r1k1/p4pb1/6p1/1p1N4/2q5/5Q1P/6P1/5R1K w - - 2 37	f3f7 g8h7 d5f6	1427	010p0s1o
9TvhS	2r3r1/p3kqp1/1p2ppQ1/2n5/6R1/4B3/2P2PPP/3R2K1 w - - 11 30	e3c5 b6c5 d1d7 e7d7 g6f7	1427	050g0i1019
9djXF	r4rk1/1pn3pp/p2p1b2/3qnR2/8/PP6/2PBB1PP/2RQ3K w - - 2 21	e2c4 e5c4 f5d5 c7d5 b3c4	1427	0110191g
AFYGn	r3k2r/pp3pp1/2pbp2p/3pN2q/3PnP2/2PQP3/PP4PP/3RBRK1 w kq - 8 16	g2g4 h5h3 f1f3 h3f3 e5f3	1427	0110191t
BQg6l	6k1/pp2R1bp/3p2p1/2p5/2PP2b1/1PB3P1/r5BP/6K1 w - - 0 31	g2d5 g8f8 e7f7 f8e8 f7g7	1427	010i0p1011
BZTQ8	5rk1/pp3rpp/2p1p1Bq/3p4/2PP2p1/1P2P1P1/PB1QR1KP/2R5 b - - 0 22	h6h3 g2g1 f7f1 c1f1 h3f1	1427	10131619
BxFaR	r1b2rk1/ppp3pp/2np1p2/8/4Pn2/1PQ2P1P/PBPN2P1/2KR1Bq1 w - - 0 17	f1c4 d6d5 d1g1	1427	010j191o
CBQWx	2rq1rk1/p4ppp/8/b2Np2n/1P1pP3/3P3P/P1Q2PP1/R4RK1 w - - 1 21	c2c8 d8c8 d5e7 g8h8 e7c8	1427	01050s10191n
DFqbp	q4r2/4ppkp/3p2p1/3P4/1P2PP2/1QNn4/1n4PP/2N2RK1 b - - 1 21	a8a7 g1h1 d3f2 f1f2 a7f2	1427	0g0y1019
DVuTd	r2R2R1/4p2p/2p1Brpk/1p3p2/p7/P1P4P/2P2PP1/6K1 b - - 0 29	a8d8 g8d8 f6e6	1427	010p0w1o
F4OO3	6k1/p5pp/3Qp3/3p2B1/P2b4/1p5P/1r4P1/K2R3R b - - 1 26	b2a2 a1b1 a2a1	1427	0k0m0p13151d1o
FHNd5	8/5R2/2K1n2p/P3k3/2P3PP/8/8/3r4 b - - 0 57	e6d8 c6c7 d8f7	1427	0g0p0s1o
FQpgp	r2q1rk1/pp5p/1b4p1/3Nnp2/4Q3/2P5/PP2B1PP/R2K1R2 w - - 0 20	e4e5 f8e8 e5e8 d8e8 d5f6 g8g7 f6e8	1427	050g0s0t191w
I4Yuo	8/6p1/4Pk2/2R2p1p/2Pp1b1P/3P4/2K1b3/8 w - - 0 57	c5f5 f6f5 e6e7	1427	00010p1n1o
IAFQK	6k1/1r1N3p/1p6/p1pb4/P2p4/1P1P2PP/3K4/4R3 w - - 12 36	d7f6 g8f8 f6d5	1427	0g0p0s1o
KaH9E	2rqr2k/5Q1p/6p1/1pp5/3p2P1/P2b4/BP3P1P/R3R1K1 w - - 1 25	e1e8 d8e8 f7f6	1427	0s1315191o
LLAML	2R5/p1r5/3k1P2/1b2p1p1/6Pp/2p1K2P/2B5/8 w - - 3 66	c8c7 d6c7 f6f7	1427	000g0p1o
MyJ3u	r1b1kb1r/p2pqppp/2p2n2/4N3/3QP3/2N5/PPP2PPP/R1B1K2R b KQkq - 2 8	c6c5 d4e3 e7e5	1427	011c1o
N3YEE	r2q1rk1/1b1pbppp/p7/1p1Pp3/3NP3/P1N5/BPPQ2PP/2KR3R b - - 0 15	e7g5 d4f5 g5d2	1427	0g191g1o
ORLPJ	3r2k1/p4p1p/1p2bnp1/2p1N3/1qP5/1P6/P1B1QPPP/4R1K1 b - - 1 20	d8d2 e2e3 d2c2	1427	0g0v191o
OaIte	6R1/R7/3p3k/P3b2p/8/6PP/4r3/6K1 b - - 2 42	e5d4 g1f1 e2f2 f1e1 d4a7	1427	010p0r0s10
PMmSV	8/8/1R6/3P2pp/3n3k/5P1n/7K/8 w - - 1 48	b6b4 g5g4 b4d4	1427	0g0p1g1o
PwoTs	5k2/2RR1pb1/4r2p/8/8/P1p3P1/1n3P1P/5K2 w - - 7 36	d7f7 f8e8 f7g7	1427	0g0i0p1o
QozYs	5k1r/p4pp1/5b2/7p/P2p4/1P1P4/RBq1NPPP/5RK1 w - - 0 23	b2a3 f8g8 a2c2	1427	0g0j191o
Reavg	2rnkb1r/1p3pp1/p3p2p/3pP3/1P5P/P3QN2/2q1NPP1/R3K2R w KQk - 1 18	a1c1 c2c1 e2c1	1427	01191o
WctxA	r2q1rnk/ppp1bp2/4pn1N/7Q/8/2NP4/PPP2PPP/R3R1K1 w - - 5 16	h6f7 h8g7 f7d8 f6h5 d8e6	1427	010k0m0s1019
XmxsP	7k/pbQ4p/6p1/2b4q/8/1BP4P/PP4P1/5R1K b - - 0 27	h5h3 c7h2 b7g2	1427	0p13151g1o
Xq3s6	2r1k2r/1b3pp1/pp2p2p/3n4/3qPP2/P2B4/1P4PP/R2QR2K w k - 0 19	d3b5 a6b5 d1d4	1427	0g0j191o
YU9eW	2b3r1/4k2p/5p2/1BNrp3/8/1P3P2/1KP1R2P/8 w - - 1 31	b5c4 d5c5 c4g8	1427	010p1o
YbHNu	8/1Br3p1/1R5p/2r1n2P/P7/k3K3/8/1R6 b - - 4 51	e5c4 e3d4 c4b6	1427	010p0s1o
a0Jl8	rn2k2r/p5p1/1qp1p3/2b1Pb2/B7/2N5/PPP1QBP1/R3R1K1 b kq - 2 17	c5f2 e2f2 h8h1 g1h1 b6f2	1427	0g0i0s1019
aeKWw	r1bq1rk1/1p1nbppp/p1n1p3/3pN3/3P1P2/2PB1R2/PP4PP/RNBQ2K1 w - - 4 11	d3h7 g8h7 f3h3 h7g8 d1h5	1427	050d0g0y101c1n
bCGCV	3k1r2/6R1/pp1bP2p/2pB1p2/2Pn1P2/P3K2P/1P6/8 w - - 1 40	g7d7 d8e8 d7d6	1427	0g0p0s1o
bLyoF	r3r1k1/pQ3ppp/2N3n1/2p2b2/3p4/P2P4/1PP2PqP/R1BK3R w - - 0 18	c6e7 e8e7 b7g2	1427	0g0j0s191o
cbOvf	r5k1/p1pqbppp/1r2pn2/Q2p2B1/3N4/2N1P3/P4PPP/R4RK1 b - - 2 16	e7b4 a5a4 b4c3 a4d7 f6d7	1427	010v1019
dZDH5	8/7p/6p1/7k/1P2QP2/P3PK2/7P/1q6 b - - 0 41	b1h1 f3e2 h1e4	1427	0g0i0p1i1o1p
dkv5P	2k3Q1/3r1p2/P1p1r3/1p5p/8/5q1P/2P2P2/1R3RK1 b - - 1 26	d7d8 g8g3 e6g6 g3g6 f7g6	1427	0g0h0p10111g
eJByC	8/4R1p1/1k1N1p2/1p6/2b5/P2p2Pp/5P1P/6K1 b - - 1 37	d3d2 d6c4 b5c4 e7d7 c4c3 g1f1 c3c2 d7d2 c2c1q	1427	000g0p1h1w
em0Qs	2b1Rrk1/5q1p/2N3pb/B1Pp4/1P1P1n1P/P7/3Q1PP1/4R1K1 b - - 0 34	f4h3 g2h3 h6d2	1427	0g0j191o
eqKEi	1k3rr1/p4q2/3b4/3p3p/3P4/2B2R1Q/PPP2PP1/R5K1 b - - 6 28	f7f3 h3f3 f8f3	1427	01191g1o
feG9b	r2q3k/pp2p1b1/2p3Pp/2Pp4/3P1rb1/4QN2/PP3PP1/R3KB1R b KQ - 1 18	f4e4 e1c1 e4e3	1427	0g191g1o
hVzcb	8/8/4p1kp/1p4p1/8/2Brb1P1/1P5P/4RK2 w - - 4 37	f1e2 d3d5 e2e3	1427	010p1o
idEqe	6k1/pr3ppp/1q2p3/3p4/3b4/1PnNB3/P3QPPP/2R3K1 w - - 1 25	c1c3 d4c3 e3b6	1427	01191o
jN0PJ	8/1pr3p1/p4k1p/3nr3/8/P5RP/5P2/1B2RK2 w - - 11 35	g3g6 f6f7 e1e5	1427	0g0i0p1o
l2RRk	1r6/2p2pkp/p1ppbnP1/4q3/4P1P1/P1N2P2/1rPQN3/2KR3R b - - 0 18	b2b1 c3b1 e5b2	1427	0d1315191k1n1o
lNT5h	8/2k2P2/3b1N2/2p3p1/pp5p/2P3P1/2K4P/8 w - - 0 52	f6e8 c7d8 e8d6	1427	0g0i0p1o
ma8wf	2kr1b1r/ppp3pp/4q3/4Qp2/3n2b1/P1NP1N2/1PP2PPP/R1B2RK1 b - - 0 12	d4f3 g2f3 e6e5	1427	0g0w0y1c1o
mopDj	8/8/pp6/3B4/2P5/1k4p1/4Kb2/8 w - - 2 62	c4c5 b3b4 c5c6 b4c5 c6c7	1427	00080g0j0k0p10
nLE7r	r5k1/p4pp1/2p2nqp/3p4/3P1P2/1N4RP/1PPQ2PK/8 b - - 5 24	g6g3 h2g3 f6e4 g3f3 e4d2	1427	050g0p0s101n
oJ1dX	4R2r/pp2Qpk1/2p3p1/3p4/3P4/P1P2q1P/1P6/1K6 w - - 6 40	e7e5 f3f6 e5f6 g7f6 e8h8	1427	0g0p10
pbyC8	4r1r1/p7/1p1q1k2/2p2B1Q/P1Pn4/3P4/1P5P/3R1K2 w - - 2 36	h5h6 f6e5 d1e1 e5f5 h6d6 e8e1 f1e1	1427	010i0r11191w
psdO8	4r1k1/ppp2pp1/3p3p/1P2q1r1/P1P5/3QP2P/5PPK/R4R2 w - - 5 23	f2f4 e5a1 f1a1	1427	010h0p0s1o
qBgPB	3r4/1b2kp1p/3N4/p1p1PP2/2P4b/3Pp3/PP2B2P/R4RK1 b - - 1 21	d8g8 e2g4 g8g4	1427	0y1315191f1o
qGZqC	8/2r1k1p1/RKB1p2p/3p4/3P2P1/4P3/1P2b2P/8 b - - 0 28	c7c6 b6c6 e2a6	1427	010p1o
sp2Co	8/8/p1p2k2/3p3p/3P1KpP/1PP3P1/8/8 w - - 0 41	b3b4 f6g6 f4e5	1427	0g0p1e1l1o1z
szh0J	8/5pkp/5bp1/8/2q1P3/PQ3P1P/1PBr4/1K5R b - - 6 39	c4b3 c2b3 d2b2 b1c1 b2b3	1427	010p0s10
tnOeJ	2r2rk1/5ppn/pq2p2p/1p2P3/4Q2B/2P5/PP3PPP/R4RK1 b - - 0 21	c8c4 e4e2 c4h4	1427	01191o1p
uSGhx	4r3/1R4pk/5p1B/7K/1P6/8/5P2/6b1 b - - 0 38	e8e5 h5g4 h7h6	1427	0g0i0p1o
umzKZ	3rr3/p1p2pkp/2N1b1p1/6q1/3P2P1/1PP1PQ1P/P4P2/R4RK1 b - - 2 23	e6d5 f3f4 g5f4 e3f4 d5c6	1427	011019
v5eXW	4q3/p5k1/1pp2p2/3p3p/1N1P2p1/P1Q3P1/1PP1rPPN/6K1 b - - 1 30	e2e1 h2f1 e8e2 c3e1 e2e1	1427	0d0g0p0y10
0REpQ	rn6/ppp4p/3p2p1/4q2k/2P2Qb1/1P1B3P/P5PK/8 w - - 1 27	h3g4 h5h4 g2g3	1428	0p13151o
2wxdw	r3kb1r/pp1bnppp/3qp3/3N4/2B5/8/PP3PPP/R2QR1K1 w kq - 3 15	d5f6 g7f6 d1d6	1428	010j1c1o
3qG8m	2r1kb1r/1qp2ppp/1p2p3/p2nN3/Q2P1B2/2P4P/PP3PP1/R4RK1 b k - 5 16	b6b5 a4d1 d5f4	1428	010h191o
4vKNJ	2r3k1/5p1p/p4p2/1b1P4/4p3/q3P1PP/5P2/3QKB1R w K - 0 24	d1g4 g8f8 g4c8	1428	0g0p0s1o
5492W	2r3k1/5p2/p3r1pp/2PN4/3P1p2/2P5/6P1/4R1K1 w - - 2 39	e1e6 f7e6 d5e7 g8f7 e7c8	1428	0g0p0s10
5CbL5	1R6/7r/8/5k2/4p1p1/4RnP1/PP3PKP/8 b - - 3 48	h7h2 g2f1 h2h1 f1e2 h1e1	1428	0p0u101316
5TAqX	8/5k2/4b3/p1B1Pp2/1pp5/P1P4P/2P2KP1/8 b - - 0 32	b4b3 c2b3 c4b3	1428	080g0p1o
5x21V	rn1qk2r/pp3ppp/3p1n2/3P4/1b2PBb1/2NB1N2/PP4PP/R2QK2R w KQkq - 2 11	d1a4 b8d7 a4b4	1428	0g0s191o
7jeuX	6k1/1r4pp/3PNp2/3n4/p7/5P2/5P1P/2R3K1 w - - 1 32	c1c8 g8f7 e6d8 f7g6 d8b7	1428	0g0p0s10
8x21L	7k/pp1bQ1p1/3P3p/5r2/2P4q/8/PPP2bPP/R4R1K b - - 2 22	h4h2 h1h2 f5h5 e7h4 h5h4	1428	050y101316191f1n
98klQ	1rk2b1r/1q2pppp/5n2/QN6/3P4/5P2/PP3P1P/R3K2R w KQ - 2 17	a1c1 c8d7 c1c7	1428	0g191o
9MlEj	8/5r1p/2R3p1/3Np1P1/k3P2P/bp6/4K3/8 w - - 0 47	c6a6 a4b5 a6a3	1428	0g0i0p1o1p
9eTlj	r6k/pp3p2/2n1p1rB/3pP3/1b1P3Q/7P/1q3PP1/3R1RK1 w - - 3 23	h6c1 h8g7 c1b2	1428	0g0j0k191o
AUdiX	3r1r2/p1p2kp1/1p2p2p/2p1p3/2P1P3/P2n1N1P/1P3PP1/1R1R2K1 w - - 2 22	d1d3 d8d3 f3e5 f7f6 e5d3	1428	01050b0p0s10
Ay8GB	2bq1rk1/1p1p1pbp/4p1p1/1N6/1RPnP3/3P2P1/5PBP/r1BQ1RK1 b - - 2 15	a1c1 d1c1 d4e2 g1h1 e2c1	1428	050g0s101112191n
D3cCf	3k1b1r/p2r1pp1/3N4/3nB2p/6b1/P3P1P1/5PBP/2R3K1 w - - 1 26	c1c8 d8e7 c8e8	1428	0q1315191f1o
Df7sl	8/p7/1p1bp3/3p4/3P2p1/P3Pbk1/3BB3/6K1 w - - 12 37	d2e1 g3h3 e2f1 f3g2 f1g2	1428	080p101316
EH3Ey	1R6/q3pk1p/4p1p1/2b5/8/2Q4P/5PP1/3r1BK1 w - - 4 39	c3f3 f7g7 f3f8	1428	0n0p0s13151o
EUqCn	4r3/pp3p2/2p5/3p1nPK/3PkP2/1P2P3/P3R1R1/8 b - - 0 45	e8h8 h5g4 h8h4	1428	0p1113151o
EVhva	r2q1rk1/p1pb2pp/2p1n3/2bpp3/3N1P2/2P1B3/PP4PP/RN1Q1R1K w - - 0 15	d4e6 d7e6 e3c5	1428	010b0j191o
G1zvY	2r3k1/2r3pp/p1p5/1p6/1P2P1P1/P3QP2/3R1KP1/2q5 w - - 9 41	d2d8 c8d8 e3c1	1428	010j0p1o
G2bP0	8/p4r1p/2R3p1/3q3k/p3p2P/4Q3/P4P2/6K1 w - - 6 38	c6c5 d5c5 e3c5	1428	010p1g1o
GdCLv	1r4k1/5ppp/p3b3/2p1Q3/2P1N3/1r3B2/1R3KPP/q7 w - - 0 30	e5b8 b3b8 b2b8 e6c8 b8c8	1428	06101316191y
GlwaT	8/Bp6/2pk4/8/PKP5/1P6/7r/8 w - - 1 57	a7b8 d6e6 b8h2	1428	0g0p1o1p
H1HC7	1B6/P4k2/3p4/3b3p/8/3B1p2/3K3b/8 w - - 0 39	d3c4 d5c4 a7a8q	1428	0001080i0p1h1o
HDiiI	r6r/1pq1kpp1/p1bnp3/6p1/PB1p2P1/1B1P2Q1/1PP5/R4RK1 w - - 2 25	b4d6 c7d6 f1f7 e7f7 g3d6	1428	0g0i0s1019
HpcHN	7r/3k1p1p/1R1p4/n2Pp3/P7/2Q3P1/4qPKp/5R2 b - - 3 29	e2f1 g2f1 h2h1q	1428	00050g0p1h1o
JdDCw	r2qkb1r/pp1b2pp/2np4/1B3n2/4NP2/5N2/PPP3PP/R1BQ1RK1 b kq - 3 10	d8b6 f1f2 b6b5	1428	010s1c1o
KVPrM	4Brk1/p1p1bppp/4p3/2Pp4/Q2Pn3/P3P3/3N1PPP/1rB1K2R b K - 0 16	b1c1 e1e2 e4c3 e2d3 c3a4	1428	010s0t1019
KzgzZ	4q1k1/1b1Nrp2/p4Qp1/1p1P3p/P1p2P2/2N5/1PB3PP/3R2K1 b - - 0 29	e7e1 g1f2 e8e3	1428	0y1315191o1u
Lmkk7	2r2bk1/3b1ppp/3p4/3Pp1PP/4N3/Pp2BP2/2qQ4/K2R3R b - - 0 28	b3b2 a1a2 b2b1q	1428	000k0m1315191h1o
Mim2l	2r5/1p3pp1/p7/4P2p/4r2P/3R4/PPP4R/1K3k2 w - - 3 42	d3d1 e4e1 h2h1	1428	0g0p111g1m1o
N8w5S	6k1/5ppp/4pn2/3p4/3P1BPP/bPP2P2/3K4/r2BR3 b - - 2 26	a3c1 d2c2 c1f4	1428	010p1o1p
NNlFs	r6k/ppr2R2/8/3Q1p2/2q5/P7/1P5P/7K w - - 5 36	d5e5 h8g8 e5g7	1428	0p13151o
Nc4nA	b7/2k1p3/p6p/1pn2qpB/3Q4/2P4P/PP4P1/4R2K b - - 5 30	f5h3 h1g1 h3g2	1428	0p13151g1o
NgBaZ	6r1/pp4rk/b1pp3p/5R2/3qP2Q/2N5/PPP3PP/6RK b - - 6 25	d4g1 h1g1 g7g2 g1h1 g2g1	1428	050y101316191n
NhUkk	2r3k1/4rpp1/1q4n1/3N4/3Pn3/1N2P1P1/2R2P2/5BK1 w - - 0 29	c2c8 g8h7 d5b6	1428	0g0t0w191o
Pp6Vz	r1b2bnr/pppp3p/4kqp1/7Q/3nP1N1/8/PPPP1PPP/RNB1K2R w KQ - 0 8	h5d5 e6e7 g4f6	1428	0g1c1o
QbhiC	2r1k2r/2Bn1p1p/p1p3p1/1p6/1b4R1/4PP2/PP3P1P/3R1K2 w k - 4 19	g4e4 b4e7 c7d6 d7f6 e4e7	1428	010s1019
SlPZv	r4rk1/1p3pp1/p6p/3p4/3n2n1/P1NB4/1PP2RPP/R5K1 w - - 1 20	f2f4 d4c2 d3c2	1428	010s191o
Sm8TM	2r3k1/p4ppp/2pq4/3prN1P/P7/2n1P3/4B1P1/3Q1RK1 w - - 0 26	f5d6 c3d1 d6c8	1428	01191o
Stly5	1r4k1/5p1p/4p1p1/p2p4/2pP1PPP/1rP5/qP3R2/1RQ3K1 w - - 0 27	b1a1 a2b2 f2b2	1428	010p1o1t
TgbC5	5rk1/3Rq1pp/8/8/6Q1/7P/6P1/7K b - - 1 37	f8f1 h1h2 e7e5 g4g3 f1h1 h2h1 e5g3	1428	0g0i0p1w
Tn058	3R4/1b1P1p1k/6pp/1p2r2n/1N6/P5PP/1P5K/3R4 b - - 0 38	e5e2 h2g1 e2g2 g1f1 h5g3 f1e1 g2e2	1428	0p13171w
UylQX	r2qkb1r/1bp3pp/p3pp2/1p2N3/1nP1N3/1P1P4/1P3PPP/R1BQ1RK1 w kq - 0 13	d1h5 g7g6 e5g6 h7g6 h5h8	1428	01101c
W2nLu	3r3k/p5p1/6Pp/1p2p2P/8/P2Pq3/2KQp3/4R2R b - - 3 35	d8c8 d2c3 c8c3	1428	0g0p1o
X8BHD	4k2r/p2b1ppp/2n1p3/8/2PP1Q2/P1P1q3/1r2N1PP/R3KB1R b KQk - 3 15	b2e2 f1e2 e3f4	1428	0g191o
XFqkv	7k/ppqb2p1/5r1p/2p5/2PpB3/P2P4/1P5Q/R1B2RK1 b - - 0 28	f6f1 g1f1 c7h2	1428	0g0y191o
YBCg3	2r2rk1/pp2q1pp/4p3/3pN2b/3P1n2/P1N3Q1/1P3PPP/2R2RK1 b - - 0 21	c8c3 c1c3 f4e2 g1h1 e2g3	1428	010s1011191n
YQi4n	r3r2k/5ppp/p2q1n2/2pp1P2/1p3N2/3P2Q1/PPP3PP/4RRK1 w - - 4 23	f4g6 h7g6 g3d6	1428	0g0j191o
Yg5uZ	r3k2r/p4ppp/2n1b3/1pb5/1n6/1B3N2/PPP2PPP/R1BNK2R b KQkq - 1 13	e6b3 c2b3 b4c2 e1e2 c2a1	1428	0g0s1019
Z4XUd	r1b1kbnr/ppq2ppp/2n1p3/1B1pP3/2p2P2/3P1N2/PPP3PP/RNBQ1RK1 b kq - 0 7	c7b6 g1h1 b6b5	1428	010s1c1o
Zn196	r4rk1/4ppbp/6p1/1N1pP3/1P1P1Bn1/P5q1/3Q4/R1R2B1K b - - 2 26	g4f2 d2f2 g3f2	1428	0g0y191o
aRBip	6k1/1R3pp1/P6p/8/8/1r1p2P1/5P1P/6K1 b - - 1 34	d3d2 b7d7 b3b1 g1g2 d2d1q d7d1 b1d1	1428	000g0p1h1m1w
aTPRR	r4r1k/pp4q1/2pb1nQN/8/3P2Pp/2P2N1P/PP3PK1/R7 w - - 3 23	g6g7 h8g7 h6f5 g7g8 f5d6	1428	01050r0s1019
ahYGk	q7/1p3P2/1r4Rp/2kP4/6P1/5PK1/7P/8 w - - 1 47	g6g8 a8a1 f7f8q	1428	00010p1h1j1o
aiOKy	6k1/6p1/2b3Q1/4p3/2P4p/3P3P/5qpK/6R1 b - - 1 45	f2f4 g6g3 h4g3	1428	0p13151o
asjF2	rnb1kb1r/p3pppp/2p2n2/3q4/B7/5N2/PPPP1PPP/RNBQK2R b KQkq - 3 6	d5e4 d1e2 e4a4	1428	010s1c1o
co75c	r7/pp4kp/1q3p2/6p1/4Q1Pn/P4PKR/1P5P/2R5 b - - 5 31	b6d6 g3f2 d6d2 e4e2 d2c1	1428	0g0p0s10
gJHcE	r1br2k1/ppp2ppp/8/1N1q4/8/6P1/PP3P1P/2RQ1RK1 w - - 0 18	d1d5 d8d5 b5c7 d5d8 c7a8	1428	0g0s1019
gnFHJ	6k1/5ppb/2rpq2p/1p6/2PPp1P1/1p2R1QP/P4P1B/6K1 w - - 0 30	d4d5 e6f6 d5c6	1428	010p0s1o
gwj6w	8/4k2r/b1pNp1p1/p1P3P1/2p5/1P2r3/PK3R1P/5R2 b - - 1 33	c4c3 b2a3 a6f1	1428	010j0p1o
h3QBV	rnbqk2r/pp2ppbp/3p2p1/2p5/4nP2/2P2N2/PP1PB1PP/RNBQ1RK1 w kq - 0 7	d1a4 b8d7 a4e4	1428	010s1c1o
hcCqI	Q5r1/1p2qp2/6r1/2k1p2n/4P2p/1P3P2/P1P1NRbP/R5K1 w - - 0 26	a8a3 c5b6 a3e7	1428	0g1112191o1p
iMcvg	2r3k1/5pp1/3q3p/pp6/1P2r1Q1/P1bN3P/2P1RPP1/6K1 w - - 0 32	g4c8 d6f8 c8f8 g8f8 e2e4	1428	0g0s0t1019
lLJfX	r4rk1/pb3ppp/1p2p3/4P1q1/2PPpR2/8/PP1QB1PP/3R2K1 b - - 0 17	e4e3 f4g4 g5g4 e2g4 e3d2	1428	000g1019
lz6rf	5r1k/7P/p2p1qp1/2pQ4/4P3/1P6/P1P5/2K3R1 b - - 0 29	f6a1 c1d2 a1g1	1428	0g0p1o1p
mSxl8	2k3r1/pp1n1p1p/8/2q5/3NQ3/2P5/P1P3rP/4RR1K b - - 0 23	g2h2 h1h2 c5h5 e4h4 h5h4	1428	05101316191n
maZGG	r3kbnr/ppp1pppp/5q2/2PP1b2/1n3N2/4B3/PP3PPP/R2QKB1R w KQkq - 1 13	d1a4 f5d7 a4b4	1428	010s1c1o
maeHn	4rQ2/p7/Pp5Q/1P2Rp1P/6k1/2P3p1/5qP1/4R2K b - - 0 45	f2e1 e5e1 e8e1	1428	0p13151o1y
noicd	3r1rk1/1b4p1/1pp4p/p7/P3p3/4R1P1/1PQ1B1KP/4q3 w - - 0 30	e2c4 g8h8 e3e1	1428	0g0j191o
o6uXj	8/q2nk2p/4N1p1/b2p4/Q2P4/4P1KB/P4rPP/7R b - - 1 28	a5c7 e6c7 a7a4	1428	010j191o
pp8fK	r2q1rk1/pp3p1p/1b4nQ/8/3n4/P2B1N2/2P2PPP/R4K1R w - - 0 18	f3g5 d8g5 h6g5	1428	0g191o
qG9z1	r1bq2k1/2pp1pp1/p1n2n1p/4r3/B2pP2B/1R1P2Q1/P1P2PPP/5RK1 w - - 4 18	a4c6 d7c6 g3e5	1428	010b191o
qKGQA	2k5/p1p2R2/8/2p1Pb2/5P2/1P1r4/P1KP3r/R1B5 b - - 5 26	d3d2 c2c3 d2c2	1428	0k0m0p13151d1o
qn3Md	6r1/8/8/2P1k1p1/4Np2/5K2/7P/6B1 b - - 5 45	g5g4 f3e2 e5e4	1428	0g0i0p1o
r3l4t	r6r/p1kb1R2/1qp3Q1/4PN1p/1p2n3/8/PPP3PP/R1B4K b - - 0 24	e4f2 h1g1 f2h3 g1f1 b6f2	1428	0k0m0y10131619
tibyG	5r2/2p3k1/3p3N/2p4R/R4n1P/P1r5/6PK/8 w - - 2 36	h6f5 g7f6 a4f4	1428	0g0p0v1o
uE1Yk	5rk1/1b4pp/p2p3r/1p1Pp3/1P2PqP1/P3QP2/4R2P/R5NK b - - 0 28	h6h2 e2h2 f4e3	1428	0g0i0y191o
uJFph	1rb2r1k/p1p4p/2P3R1/3p2N1/1q1N4/8/PPQ3PP/2K5 w - - 1 25	g6g8 f8g8 c2h7	1428	0j1315191n1o
uwLe9	r3k2r/pp1b2p1/3q4/2b2BQp/3p2n1/1PP1P3/P2N2PP/R4R1K w kq - 1 19	f5g6 d6g6 g5g6	1428	0g191o
v6G5u	6k1/8/4p1p1/p6p/1p3q2/1Pr4P/P5Q1/3R2K1 w - - 0 59	g2g6 g8f8 d1d8	1428	0g0p1o
wpKCj	r2qr1kb/4pp1p/1n1p2pB/2p5/bpB1Q1P1/5N1P/PP3P2/R3K2R w KQ - 4 22	c4f7 g8f7 f3g5 f7g8 e4e6	1428	050y101316191n
x8Waf	r1bq1rk1/pp1nnpp1/2p5/3pp1NQ/2B1P3/P1NP3P/1PP2P2/R3K2R b KQ - 1 13	d7f6 h5f3 d5c4	1428	01191o
ya5JW	3r1rk1/pp3ppp/8/8/1Q1pq3/5N2/PPn2RPP/4R1K1 w - - 2 24	b4f8 g8f8 e1e4	1428	0g0y191o
zhmcd	3k4/p1p4q/1p1p1P2/n3pp2/1NP5/3PPP1r/P1Q2R2/R5K1 b - - 1 25	h3h1 g1g2 h7h2	1428	0y1315191o
znkiJ	5r2/8/1p2p3/p2pPr1p/P1pP2kP/2P2Rp1/1P4K1/5R2 w - - 0 37	f3g3 g4h4 f1h1	1428	0p1113151m1o
0JAIK	2k5/1p3p2/p1p1pPpp/8/1q1R4/2N1Q3/K1b3BP/8 b - - 0 28	b4b3 a2a1 b3a3 c3a2 a3e3	1429	0g0p0r10
0ecsr	2rq1rk1/pp2ppbp/3p2p1/3N3n/2Q1P3/7P/PP3PPB/3RR1K1 w - - 1 18	c4c8 d8c8 d5e7 g8h8 e7c8	1429	050g0s10191n
2C6gR	6k1/1b1p1ppn/p2P4/1p4q1/8/2r4Q/P1P2PPP/3RR1K1 w - - 0 27	e1e8 h7f8 e8f8 g8f8 h3h8	1429	050y101316191n
3xenO	4rrk1/1p3ppp/8/p1qNB3/4Q3/4P1PP/5K2/7R w - - 0 25	d5f6 g7f6 e4g4 g8h8 e5f6	1429	0w101316191n
46Dzf	r4rk1/1RR1Qp2/p3p3/p3n1p1/8/5qP1/PP3P1P/6K1 w - - 0 31	e7g5 g8h7 g5e5	1429	010s191o
4fMtI	1r4k1/6pp/4p3/3p4/1qp2P2/P4QP1/2PR3P/5K1R b - - 0 26	b4d2 f3e2 b8b1	1429	0g0p0t1o
5PdHz	3q1r1k/4n2r/p3pbQ1/1p1p4/3P4/P1N1PPR1/1P2KP1P/6R1 w - - 5 22	g6h7 h8h7 g3h3 f6h4 h3h4	1429	050r0y101316191n
6QtXU	4rk2/3Qn1pp/p2P1p2/8/1p5P/5BP1/3q4/5K2 w - - 1 34	d6e7 e8e7 d7d2	1429	000g0j0p1o
6uidt	rnb1kbnr/1pp2p1p/p2p2p1/8/3qP3/2NB4/PPP2PPP/R1BQ1RK1 w kq - 0 8	d3b5 a6b5 d1d4	1429	0g0j1c1o
6wdAj	r4rk1/2p1qpp1/pp5p/2n1p3/1Q2n1b1/P3BN2/1PP1BPPP/R4RK1 w - - 2 16	e3c5 e4c5 b4g4	1429	01191o
7jpcB	1n2rrk1/p4p2/1p4p1/1Qp1nq1p/P1Pp1N2/3P1B1P/5PP1/1RB1R1K1 b - - 0 27	e5f3 g2f3 e8e1	1429	0g0j0y191o
86KSB	3rkb1r/pQpqpp1p/3n1np1/1N1P4/5B2/8/PPP3PP/2KR2NR w k - 2 14	b5c7 d7c7 b7c7	1429	0g191o
8L9uc	7r/pp1n1k1r/2p2pp1/4P3/3P4/2P3P1/PP1B1R2/5RK1 b - - 0 23	h7h1 g1g2 h8h2 g2f3 h1f1 f2f1 h2d2	1429	010i0p0r1g1p1w
95oPY	5rk1/pp1b2p1/1q2p2p/3pN3/3P2PP/P3P3/P7/R4QK1 w - - 1 18	f1f8 g8f8 e5d7 f8e7 d7b6	1429	050g0p0s10
9dsX4	6k1/1p3pp1/p3p2P/qr5P/3b1P2/P1nN1Q2/1PP3R1/K1B5 b - - 0 34	a5a3 b2a3 b5b1	1429	031315191n1o
9jX8Q	8/7k/p1Q4p/2Pp2p1/1P4K1/P2q3P/6P1/8 b - - 10 44	d3e4 g4h5 e4h4	1429	0p13151i1o
AajSA	3q1r1k/ppr3bp/2p1B3/6PR/3pp3/2P5/PP3P2/R2QK3 w Q - 2 23	h5h7 h8h7 d1h5 g7h6 h5h6	1429	050y101316191n
AwDwa	1r2kb1r/2pp1ppp/p3Pq2/1p2R3/8/1B3b2/PPP2PPP/RNB3K1 w k - 0 14	e6f7 e8d8 e5e8	1429	00040k0m1315191o
BtPXW	2r1r3/3k1p2/p3bQ2/1p2PpBp/3p1Rp1/1P4P1/2q3PP/5R1K w - - 4 37	f4d4 d7c6 f1c1	1429	01191g1o
C6AjM	R7/7k/5Kp1/7P/5P2/8/p7/5r2 w - - 0 49	h5g6 h7h6 a8h8	1429	0p13151m1o
CASHx	5rk1/Qpq2pp1/1n1pb2p/2p1p3/1P2P3/2PPB2P/3N1PP1/5RK1 b - - 0 19	f8a8 a7a8 b6a8	1429	01191o1t
Dw5vt	4r3/p1r1Pk2/6p1/1N5p/2p4P/P3R1P1/2b3K1/8 w - - 0 43	b5d6 f7g8 d6e8 c7e7 e3e7	1429	0g0p0s10
EdJbU	1b6/5p1k/p7/6p1/Pp2RP1p/1B1P3P/2P1q1P1/5RK1 b - - 1 34	b8a7 d3d4 e2e4	1429	0g0i0p111g1o
EpPlP	6r1/2p4k/1p1p1K1p/p3pP2/8/5r2/8/R6R w - - 1 38	h1h6 h7h6 a1h1 f3h3 h1h3	1429	050p1013161m1n
ExbdR	4R3/ppp4p/3k3q/1Q6/3P2n1/2P2r2/PP3PP1/4R1K1 b - - 5 25	h6h2 g1f1 f3f2	1429	0p13151o
GfpaH	2kr3r/ppq1bppp/4p3/8/QP1P2n1/P7/1B3PPP/RN3RK1 w - - 2 18	f1c1 c7c1 b2c1	1429	0g191g1o
HdDEV	5r2/pp3pk1/4p2p/4P3/6q1/1P2P3/P3KP1Q/3R4 w - - 2 29	f2f3 g4g5 d1g1	1429	010h0p1g1o
Hzrwt	r1bqk2r/pppp1pp1/2n2n1p/6N1/2BpP3/8/PPPQ1PPP/RN2K2R w KQkq - 0 8	g5f7 d8e7 f7h8	1429	01040s1c1o
I2laM	r1b1k2r/ppp2ppp/4pn2/6B1/1bPq4/8/PP1N1PPP/R2QKB1R w KQkq - 0 10	d1a4 c8d7 a4b4 d4e5 g5e3	1429	0g0s101c
JSkVV	5r1k/pn4p1/1p6/8/PPPP2q1/4BrNP/4QPK1/R4R2 b - - 0 29	f3g3 f2g3 g4e2	1429	010j191o
LdRhO	8/1p1b1pq1/3Npk2/2Q1p3/P4rp1/1PP5/K6p/4R3 w - - 2 45	c5e5 f6g6 e5f4	1429	0g0p0s111o
Me6cl	8/8/1r3p2/1P3P2/2P4p/2K2B1P/6P1/3qk3 w - - 0 40	f3d1 e1d1 c3b4 b6b8 c4c5	1429	0g0h0p10
My7Iq	4R3/p7/1p3p2/1P2b1kp/7r/3BK2P/8/8 w - - 6 42	e8g8 g5h6 g8g6 h6h7 g6g4	1429	0g0j0k0p1011
N5Pli	r4rk1/pp1n1ppp/2n1p3/3pPq2/3P2R1/P4P1P/1P3B2/1R1QKB2 w - - 6 18	f1d3 f5h5 g4h4 h5h4 f2h4	1429	011019
NH3Ou	2rq2k1/2n2rp1/4p3/Q3Pp1p/3P1P2/2P2R2/3B2PP/R5K1 b - - 0 25	c8a8 a5a8 c7a8	1429	01191o
OGe2l	3R4/pp3p1k/3B2p1/4b3/2P2r1p/1P5P/P5PK/8 b - - 1 34	f4d4 d6e5 d4d8	1429	0g0j0k0p111o
P6NkS	3r4/5p1k/6pp/2pq4/P7/1PQ1R1P1/5P1P/5K2 b - - 9 36	d5h1 f1e2 h1d1	1429	0p1113151o
QQzex	1k6/pp5p/8/4Q3/B4Pr1/b1q3P1/2P4P/1K5R b - - 1 31	c3e5 f4e5 g4a4	1429	010p1o
Qznc5	r4rk1/2pq1pp1/2p4p/pp2N3/1b2P1b1/3P2P1/PPPN2PP/R3QRK1 b - - 2 17	d7d4 e1f2 d4e5	1429	010s191o
RClr9	r2nk2r/2pqbppp/pp6/4p3/1P2b3/P3BNP1/2P2PBP/R2Q1RK1 w kq - 0 14	d1d7 e8d7 f3e5 d7e8 g2e4	1429	050g0j101c
RIq5L	7r/p2p2Q1/1k2pn1p/q7/Pp1P4/1P3P2/5P1P/2R2RK1 b - - 0 26	h8g8 g7g8 f6g8 c1c5 a5a6	1429	010p101g
S5dhL	4r3/p4k1p/1ppp1p2/3n4/6N1/6R1/P5P1/4rR1K w - - 6 38	g4h6 f7e7 f1e1	1429	010p0v1o
SeK3j	r7/3R4/p7/1p2pb1p/4kBp1/2P3P1/1P2K2P/8 w - - 0 37	d7e7 e4d5 e7e5	1429	010p11121g1o
TDMdC	4q2k/6p1/p6p/3Q1P2/8/4b2P/3r2P1/4R2K w - - 1 38	d5d2 e3d2 e1e8	1429	0g0p1o
TK5ud	4rrk1/ppp2ppp/2n5/3p4/3P2Pq/4QB1P/PPP2n2/2KRB2R w - - 2 18	e3f2 h4f2 e1f2	1429	0g191o
TPbB5	r2qkbnr/ppp2ppp/3p4/n3N3/2B1P3/2N4P/PPPP1PP1/R1Bb1RK1 w kq - 0 8	c4f7 e8e7 c3d5	1429	0413151c1o
TVP7p	rn2Rnk1/p2p1pp1/b1pN3p/1p1r4/8/3B4/PPP2PPP/4R1K1 w - - 4 21	e8f8 g8f8 e1e8	1429	050y1315191n1o
Tsn6s	3rkr2/pQ2bR2/3p3p/4q3/3n4/8/P4RPP/5NK1 w - - 3 26	f7f8 e7f8 b7f7	1429	0d1315191o
VjwpX	6k1/pR4p1/2p5/3p3K/3P2P1/2P1Rn2/PP3r1P/8 b - - 8 39	f2h2 h5g6 h2h6 g6f5 h6f6	1429	0p101316
Vr8Pq	3k2q1/pp1b1RP1/3pn2p/1p2p1b1/N3P3/3P2P1/P1P4P/5RK1 w - - 0 25	f7f8 g8f8 f1f8 d8e7 g7g8q	1429	00010r10191h
W6X6q	5r1k/ppp3p1/7p/4p3/3P1q2/3PR3/PP2K1R1/4Q3 b - - 0 26	e5d4 e3e4 f4f3 e2d2 f3g2	1429	010p0s10
WCr7S	rn1q1k2/1p3p2/2p2n1p/p1b1pN2/P1B1P3/6QP/1PP2PP1/6K1 w - - 2 19	g3g7 f8e8 g7f7	1429	041315191o
WvZ9w	r6k/q4pRp/3p3B/4pP2/4P3/1p5P/r5Q1/3K4 w - - 0 35	g7h7 h8h7 g2g7	1429	050p13151n1o
XOBz1	6k1/1q4pp/5p2/2Qp4/p3rP2/P3P1B1/1n3RPP/6K1 w - - 2 30	f2b2 b7b2 c5d5 g8f8 d5e4	1429	010i0p0s10
YImHW	6k1/5pP1/p2pr1bp/1p6/1P1B4/2P2KP1/1P2R2P/8 b - - 8 36	g6h5 g3g4 h5g4 f3g4 e6e2	1429	010i0p10
YMekI	r2qkb2/4n2r/p5pp/1bp1Q3/4P3/6P1/3N1PBP/R1BR2K1 b q - 2 20	f8g7 e5c5 g7a1	1429	01191o1p
Yj83G	2R2nk1/p2r1p1p/6rP/2p5/P7/1PKP4/8/4R3 w - - 5 37	e1e8 g6h6 e8f8 g8g7 f8g8 g7f6 c8c6 f6e5 c6h6	1429	0g0p1p1w
ZXnIO	3r1rk1/1p2bpp1/p3p2p/4PN2/4p3/1q2B3/PP3PPP/2R2RK1 w - - 0 24	f5e7 g8h7 a2b3	1429	0g0t0w191o
ZvAgM	r4rk1/3n1p2/2p5/R6p/Ppb1P3/7P/1PP1p2N/1K2R3 w - - 0 29	e1g1 g8h7 a5h5	1429	1315191o
aC9ES	8/1k6/p2rp3/1pQ1K3/3P4/5P2/3n4/8 b - - 12 48	d6d5 c5d5 e6d5	1429	0g0p0s1o
aYNPe	8/4kppp/1R1p4/3Pp3/4P3/4B2P/1r2rPPK/1N6 b - - 0 32	b2b6 e3b6 e2b2 b1c3 b2b6	1429	010d0p0s10
b4lf5	3rk2r/pb4pp/3n4/1p2P3/2p3Q1/8/1P3PPP/n2K1B1R w k - 0 23	g4e6 e8f8 e5d6	1429	0g191o
eHQ6N	8/1Q3qk1/P5p1/7p/1n6/1P5P/6K1/8 w - - 3 47	b7f7 g7f7 a6a7	1429	000g0p111o
gIA50	1q2r1k1/pp1n2pp/2pb2p1/3p4/3Pn3/1QP2B1P/PP3PP1/R1B2RK1 b - - 3 18	d6h2 g1h1 e4f2 f1f2 e8e1 f2f1 e1f1	1429	0d0i0y1317191n1w
go0D6	7r/5k2/8/2pP4/2PbQP1P/P7/6BK/2Bq4 b - - 0 39	h8h4 g2h3 d1g1	1429	0p13151o
k0yVe	8/p3R3/2Bq4/8/PP1k4/7p/8/7K w - - 0 46	e7d7 d6d7 c6d7	1429	0g0p1g1o
kAdlj	r4knN/pp1b3p/2nNp1p1/3pP3/3q4/8/PP3PPP/R1Q1KB1R b KQ - 0 15	d4e5 f1e2 e5d6	1429	010s191o
kDLtX	r4rk1/pp3p2/8/3NP2p/1PB1b3/P7/7P/3K3R w - - 1 26	d5f6 g8h8 f6e4	1429	010p0s1o
mCAwI	6rk/pr4pp/1n1PQ3/5R2/3q4/5P2/P4P1P/4R2K w - - 1 26	e6g8 h8g8 e1e8	1429	051315191n1o
n4kRT	8/p7/2P3k1/P4p2/3brP2/5K2/3B3p/1R6 b - - 1 44	d4g1 f3g2 e4e2 g2h1 e2d2	1429	0g0p0s1011121l
nKCXY	r1k1rq2/1p1b3R/2n1pp1Q/pB1p4/Pb1P3B/5PN1/1P3KP1/2R5 b - - 5 33	f8h6 h7h6 b4d2 c1h1 d2h6	1429	01050s1019
ocJxq	2krR1n1/ppp3p1/3p4/b2N1p2/3P1B2/3B2P1/rP2KP2/8 w - - 2 26	d3f5 c8b8 e8d8	1429	0i1315191k1o
qODlk	8/3n4/8/3p1pp1/k2Pp3/1NK1P1P1/5P2/8 w - - 2 49	b3c5 d7c5 d4c5 a4b5 c3d4 b5c6 d4e5 c6c5 e5f5	1429	0g0p0z1w
qPCN7	1nr3k1/6pp/1p2qr2/5p2/BP1P1b2/P2Q4/1B3P2/R4K2 w - - 2 30	a4b3 e6b3 d3b3	1429	0g191g1o
rAdJX	2k5/p1p2R2/1pp5/8/3KP3/2NP3r/P2r4/3R4 b - - 2 36	h3d3 d4e5 d2d1 c3d1 d3d1	1429	010p10
rZnXQ	4K3/2R3P1/8/1q3P2/3k4/8/8/8 w - - 1 60	c7d7 d4e4 g7g8q	1429	000g0p1h1j1o
tikWj	5rk1/P5p1/2p4q/3p4/1P1P3r/2P2PQ1/6P1/R4RK1 b - - 0 34	h4h1 g1f2 h6d2	1429	0p0q13151o
vk0cN	3r1rk1/p3bppp/1pnp1n2/3Np3/2P1q3/3QBN1P/PP3PP1/2R2RK1 w - - 0 15	d5f6 e7f6 d3e4	1429	0g0w0y191o
wQEla	r2k3r/1np1pQb1/3qP2p/pN1P4/1P3P2/8/PB4PP/R4RK1 b - - 0 22	d6b6 b5d4 g7d4 b2d4 b6d4	1429	010s1019
wbs1b	r3kbr1/1ppb4/p1np1q1p/4p1p1/4Pp2/P1NP3P/1PP2PPN/R1BQ1RK1 w q - 2 12	c3d5 f6g6 d5c7 e8d8 c7a8	1429	010r0s1019
xLT3G	r3r1k1/ppp1bpp1/1q2bn1p/1N1pN3/1PPP3B/P2Q4/5PPP/4RRK1 b - - 0 16	d5c4 e5c4 b6b5	1429	0b0g191o
yiwtS	3r1r1k/p3p2p/1p2P3/5p2/2BbnBpP/1P4P1/P5P1/3RR1K1 w - - 5 27	d1d4 d8d4 f4e5 h8g8 e5d4	1429	050g0s1011191n
ypDt9	1r4k1/p1r2p2/6p1/8/bqpP1QB1/8/PP1R1PP1/1K5R b - - 1 31	c4c3 f4c7 c3d2 c7b8 b4b8	1429	000g1019
zKthS	r1kq3b/1bp2p2/pp1p1nr1/4nNBN/1PP1PQp1/8/P4PPP/3RRBK1 b - - 0 21	f6h5 g5d8 h5f4	1429	010t191o
1RzwL	3k3r/p4pb1/1p1pq1pp/4pb2/2P1n3/1P2P3/P4NPP/3RQRK1 w - - 5 23	f2e4 f5e4 e1h4 d8c7 h4e4	1430	010d0r0s1019
2DP7y	2rqk2r/1b1n1pbp/p3p1p1/3p2Q1/3B4/2NB4/PPP2PPP/2KRR3 w k - 10 20	g5d8 e8d8 d4g7	1430	01191o
2vmkE	3R1rk1/2q2ppp/8/pPp1n3/P5n1/1P3N1P/2Q1NPP1/3R2K1 b - - 0 25	e5f3 g2f3 c7h2 g1f1 h2f2	1430	0d0y10131619
38oCY	r2q1rk1/pp3pp1/2p1b2p/4b3/2P1n3/3B1Q1P/PP3PP1/R1B1R1K1 w - - 0 15	f3e4 f7f5 e4e5	1430	0g191o
3BgMU	8/p7/k7/1p6/2Q1P3/P7/1PKp2P1/4q1b1 w - - 0 64	c4c6 g1b6 c6c8 a6a5 b2b4 a5a4 c8a6 b6a5 a6a5	1430	0p13181w
3c4G5	8/4r2p/4p2R/bB1p1k2/P2P1pr1/1K6/8/7R w - - 4 63	b5d3 f5g5 h1h5	1430	090p13151o
3eivm	8/2p5/3k3K/2p5/1P4P1/7P/P7/8 b - - 0 47	c5c4 g4g5 c4c3 g5g6 c3c2	1430	000g0p101e1l
3w1GU	2rbr1k1/6p1/pq1p3p/1p1Ppp2/1P2N3/P1P1Q2P/5PP1/2R2RK1 w - - 0 22	e3b6 d8b6 e4d6	1430	010b191o
4azgw	1r3r2/1q4k1/5pp1/Rp1p4/3P4/PP1Q2P1/5PP1/2K4R b - - 0 27	b7c7 c1b2 c7a5	1430	0g0p0s1o
5WK6n	r2r4/1pq2pkp/5np1/p1pPR3/P2n4/2Q2N1P/1P3PP1/RN4K1 w - - 3 21	f3d4 c7e5 d4e6 f7e6 c3e5	1430	0g0j10191n
60x0t	1r6/1p1b2pk/3q3p/3B1p2/3Q1N2/3P2P1/PP3K1P/4r3 w - - 0 26	d5g8 h7g8 d4d6	1430	010j191o
6RXQP	R3r3/3q2kp/2p3p1/1pQp1p2/2nPp3/4P1PP/2P2P2/5BK1 w - - 8 37	a8a7 d7a7 c5a7	1430	0g0p1g1o
6hdsn	5rk1/1p4p1/pq2R2p/1n6/8/2Q4P/PP3PP1/4R1K1 b - - 0 30	b6f2 g1h2 b5c3	1430	010p1o
6py0f	8/5Q2/8/6p1/P3r2p/4r1kP/8/6K1 w - - 11 49	f7f2 g3h3 f2g2	1430	0p13151j1o
8VYBO	3r4/3P4/8/4K2p/6p1/1kp3P1/7P/3R4 b - - 1 59	c3c2 d1e1 d8d7	1430	000g0p1m1o
8vnsB	r1br2k1/pp3ppp/3p4/2pN1n2/6B1/8/PPP2PPP/2KRR3 w - - 2 17	g4f5 c8f5 d5e7 g8f8 e7f5	1430	010s1019
C3s5c	3r2k1/1b4p1/p6p/1p2p3/4Np2/P2r4/1P1R1PPP/R5K1 w - - 0 27	d2d3 d8d3 e4c5 d3d2 c5b7	1430	010p0s10
C8lQW	5k2/5p1p/1p3Pn1/pPp3P1/P3K3/2P4P/8/8 w - - 1 50	e4d5 f8e8 d5c6 g6e5 c6b6	1430	010p0z10
DRked	r2q1rk1/5ppp/p2p1B2/1p2p3/4b3/1B3Q2/PPP2PPP/3R1RK1 b - - 0 16	e4f3 f6d8 f3d1	1430	01191o
DVVus	r1bqkb1r/1p3ppp/p3pn2/4N3/2Bn4/3P4/PPP2PPP/RNBQK2R b KQkq - 0 8	d8a5 c2c3 a5e5	1430	010s1c1o
DZQiB	8/8/6p1/4K3/4P3/4k3/8/8 w - - 0 50	e5d5 g6g5 e4e5 g5g4 e5e6 g4g3 e6e7 g3g2 e7e8q	1430	000g0p1e1h1l1w
DbNTn	1r6/1P2R3/7p/4p3/3kr1PP/5K2/8/8 w - - 4 57	e7d7 d4c5 f3e4	1430	0g0i0p1m1o
Ef6Hp	r3r2k/pp2qpp1/2p4p/3pB3/3PnQ1P/P2RP3/1P3PP1/5K1R w - - 1 26	f4h6 h8g8 h6g7	1430	0y1315191g1o
Ia7g2	3rrb1k/p4pp1/4pN1p/1p1p4/2nP3P/P1N5/1P3q2/1KQ3RR w - - 2 25	c1h6 g7h6 g1g8	1430	030y1315191n1o
JFz6V	rnbqkb1r/ppp3pp/4p3/3pPp2/3P1Pn1/5N2/PPPN2PP/R1BQKB1R b KQkq - 2 6	g4e3 d1e2 e3c2	1430	011c1o
KM6F3	5n2/1p5k/2p2p1p/p3p2N/P6P/3r4/4r3/6RK w - - 0 41	h5f6 h7h8 g1g8	1430	030p13151o
KWZM7	r2qk2r/pp2b1pp/2n3p1/1B1p4/3P4/8/PPQ2PPP/R1B1K2R b KQkq - 3 13	d8a5 c1d2 a5b5	1430	0g0s191o
KbDkn	8/p7/K1k5/8/1P5P/P4b2/8/8 w - - 2 50	b4b5 c6c5 a3a4	1430	080g0h0p1o
M5EuC	2k3rr/1p6/p1np1p2/2pN1q2/Q1P4p/7P/PP3PP1/3R1RK1 w - - 0 24	a4c6 b7c6 d5e7 c8c7 e7f5	1430	0g0s10191n
MJ5MM	8/5p2/5kp1/5b1p/3N3P/r5P1/3KRP2/8 b - - 22 48	a3d3 d2c1 d3d4	1430	0g0p0s1o
NIEJx	r1b2rk1/1pb2pp1/p1p1p2p/3nPPn1/3P1QNq/3BB1NP/PP4P1/R4RK1 w - - 5 21	g4f6 d5f6 f4h4	1430	0g0j191o
OEqYF	6k1/pp1r4/4n3/4B1pP/5pP1/8/PP2K3/3R4 b - - 3 39	f4f3 e2f3 d7d1	1430	0g0i0p1o
P3LBX	r1b1kr2/ppp2pp1/7p/3pq3/1b6/2N1P3/PP2BPPP/R2QK2R w KQq - 0 12	d1a4 c8d7 a4b4	1430	010s191o
PmseU	1R6/3N2p1/p3K2k/6r1/r7/5p2/8/8 w - - 0 49	b8h8 h6g6 d7f8	1430	0p13151o
RLITG	5R2/8/6pp/p4p1k/2B4P/5PK1/1p1r4/r4R2 w - - 1 46	f8f5 g6f5 c4f7	1430	0p13151n1o
Rn0cX	rn1r2k1/4bpp1/2p2q1p/pp6/4Q3/2P2B2/P2R1PPP/3R2K1 w - - 2 25	d2d8 e7d8 e4e8	1430	0g0y191o
SAqTd	4r3/p4pk1/2p2p1p/3pb3/6P1/PP1B3P/2P2KP1/4R3 b - - 1 24	e5g3 f2g3 e8e1	1430	010i0j0p1o
SoiMb	8/8/5k2/4rpRP/1pb2K2/5P2/8/8 w - - 0 60	g5g6 f6f7 f4e5	1430	0g0i0p1o
TDSx1	2r1kb1r/pQ1b1ppp/3p4/1B2p3/7q/6N1/PPP3PP/R1B1K2R b KQk - 2 15	h4b4 c1d2 b4b5 b7b5 d7b5	1430	01101c
TFCZ0	r1bq1rk1/ppppbppp/2n5/4p1P1/2B1P1Q1/2P5/PP1P1P1P/RNB1K1NR b KQ - 0 9	d7d5 g4g3 d5c4	1430	011c1o
TdRs5	4rk2/1pq2pp1/7N/p1Pb2b1/1p1P2R1/4P3/PB3QPP/5RK1 b - - 0 28	g5e3 f2e3 e8e3	1430	010s191g1o
TkFVV	3r1n1k/R2r1R1p/6p1/5p2/5N1P/5P2/6PK/8 w - - 1 45	f7f8 d8f8 a7d7	1430	010i0p1o
Tt1ke	r4r1k/1ppb3p/p1p5/3qb3/5Q2/3PB3/PPP1KP2/6RR w - - 4 28	h1h7 h8h7 f4h6	1430	050y1315191n1o
Txa5N	5k2/R3b3/8/P3p3/4Pp1p/5P1P/r4B2/5K2 b - - 4 43	a2f2 f1f2 e7c5 f2e2 c5a7	1430	050g0p0r0s10111n
UL3Q3	rn1qr1k1/pp3ppp/1b1P4/2P5/4n1b1/2PB1N2/PP4PP/RNBQ1RK1 b - - 0 11	b6c5 g1h1 e4f2 f1f2 c5f2	1430	010s101c
UlO9x	r4r2/1bp1ppkp/1p4p1/p2q4/6B1/1P1P4/P1P2PPP/R2Q1RK1 w - - 4 16	g4f3 d5d6 f3b7	1430	01191o1p
VZ2dz	3rk2r/pp3ppp/2p5/8/8/P1P5/2K2nPP/3R3R w k - 0 23	h1e1 f2e4 e1e4 e8f8 d1d8	1430	0i0p101316
XMrk7	4r3/pp1k2pp/2pp2q1/2P1n3/4P3/2P2r2/P2Q2PP/3RKB1R w K - 0 19	d2d6 g6d6 d1d6 d7c8 g2f3	1430	0g1019
Z1SWZ	6k1/2Bp1pp1/pb6/1p4N1/3P4/5Q1P/P3rPPK/3n4 b - - 2 28	b6c7 g2g3 e2f2 f3f2 d1f2	1430	0g0p0s0t10
Z8v53	rnb1r1k1/pppq2bp/4Ppp1/8/2PP1P2/3B4/PP1N2PP/R1BQ1RK1 b - - 0 14	d7d4 f1f2 d4d3	1430	0g0s1c1o
a3bT7	3r1b2/3r1p1k/p3b2P/4p1P1/4P3/pPp2N2/P1P2P2/2K3RR w - - 1 30	g5g6 f7g6 f3g5 h7h8 g5e6	1430	010r0s1019
aIXKJ	3q2r1/1p2k2p/3p2pB/1P2pp2/4n3/2P5/1P3PPP/Q3R1K1 w - - 0 21	e1e4 f5e4 h6g5	1430	010p1n1o
aYExu	5rk1/1pR2ppp/4p3/3b4/4pP2/Q3P1P1/4q2P/R5K1 w - - 2 29	a3f8 g8f8 a1a8	1430	050p13151n1o
bhD0G	4Q3/1p6/p4p1p/6k1/3q2P1/7P/2r2PK1/8 w - - 7 44	e8h5 g5f4 h5f5	1430	0p13151o
bniWF	1r6/p5R1/4p1R1/3p1k2/5b2/1NPK1P2/Pr6/8 w - - 2 31	b3d4 f5e5 g6e6	1430	0p0u13151o
bqFIP	r2q1b2/1pp1k3/pn4Qr/4p3/4P3/2N5/PP3PPP/3RK2R w K - 3 17	g6g5 e7e8 d1d8	1430	0g191o
cuFTT	8/2K5/5Q2/1qpp4/8/3k4/8/8 w - - 0 65	f6f1 d3e4 f1b5	1430	0g0p1i1o1p
fBqTt	4r1k1/3Q1ppp/p2b4/1p6/3qB2n/5P2/PP3P1P/RNB2RK1 b - - 2 19	d6h2 g1h2 d4d7	1430	010j191o
fpy99	2r2rk1/5p2/4pPP1/3pP2p/3P4/2q3Q1/2pb2BP/5RK1 w - - 1 35	g6f7 g8f7 g3g7 f7e8 g7e7	1430	00050k0m10131619
idZBX	r1r3k1/5p1p/PBNq2p1/1P2bn2/4Q3/7P/6P1/1RR3K1 b - - 0 33	e5h2 g1h1 f5g3 h1h2 g3e4	1430	0g0j0k0s1019
jTDz5	2r2rk1/pp4pp/8/q3p3/3nPp2/P1P2B2/2Q2PPP/R4RK1 w - - 1 20	c2a2 g8h8 c3d4	1430	01191o
kYw0G	rn1qkbnr/ppp2p2/3p4/4N2p/2B1P3/2N5/PPPP1PP1/R1Bb1RK1 w kq - 0 9	c4f7 e8e7 c3d5	1430	0413151c1o
lGHuf	2r3k1/pp3p2/4p1p1/8/3q1P1Q/PP6/K6R/8 w - - 0 41	h4h7 g8f8 h7h8 d4h8 h2h8 f8e7 h8c8	1430	0g0p1p1w
lfyQz	4r3/pp6/3b1p1p/3k2p1/3P2P1/5N2/PP1K1PP1/4R3 b - - 5 32	d6b4 d2d1 b4e1	1430	0g0p111o1p
mOeIy	r1b2rk1/1pp3bp/6p1/p1pPpp2/2P1Pn1q/P1NB1P1P/1P1QN1P1/R2K3R w - - 3 15	g2g3 h4f6 g3f4	1430	010s191o
mZbNa	7k/2pq2b1/1p1p1rQN/p2Pp3/2P5/P2N1rP1/1P4K1/7R w - - 3 34	h6f7 h8g8 h1h8	1430	0k0m0y111315191g1o
nXaBK	2rk4/p3r1p1/1nR2p1p/1q6/3P1Q2/4P2P/P4PP1/2R3K1 w - - 3 26	f4d6 d8e8 c6c8 b6c8 c1c8	1430	0g0i0r1019
ns1CI	r4rk1/1p1n1ppp/p3p3/3p4/3P4/2N1R1P1/PPP2q2/R2Q3K w - - 0 17	e3f3 f2f3 d1f3	1430	01191o1t
o3c3q	r4r1k/1pp2pp1/p4q1p/3Pb3/1P3p2/P2B1Q1P/2P2PP1/R3R1K1 w - - 1 22	f3e4 g7g6 e4e5 f6e5 e1e5	1430	0g1019
ogZkn	5r1k/6Rp/5p1P/2pNq3/2n1Pp2/b7/Pr3PQ1/3K3R w - - 8 36	g7h7 h8h7 g2g7	1430	051315191n1o
p9AUo	r4rkb/5p2/p2q2pQ/1ppp1P1p/7P/3P2R1/2PK2P1/1R6 w - - 0 31	f5g6 f7g6 g3g6 d6g6 h6g6	1430	010s1019
pHLyK	2kr3r/pp4p1/8/2bNBp2/8/6P1/PPP3PN/R3R2K b - - 2 23	h8h2 h1h2 d8h8	1430	051315191f1n1o
piOhs	3k2r1/p3R1pp/1bp5/8/1B6/PP4P1/1P1K3P/8 b - - 2 32	c6c5 b4c5 b6c5	1430	010p1o
rI9rb	r7/1q2b1kn/3p1p2/2p1p1pp/1n6/NQ1PBN1P/p4PP1/K2R3R b - - 5 34	a8a3 b3a3 b4c2 a1a2 c2a3	1430	050g0r0s10191n
rJQp0	3r1k2/p1p2Ppp/2Q2q2/1B6/8/2P5/PP1b2PP/7K w - - 0 27	c6e8 d8e8 f7e8q	1430	000p13151h1o
rWNXV	1r1r4/8/p2pk1p1/4PbQ1/2P1q3/1P6/P3B3/K2R3R b - - 0 30	e4e5 d1d4 e5d4	1430	0s1315191o
t0CaN	8/8/1p5p/p6k/r4PR1/6KP/8/8 w - - 0 35	g4h4 h5g6 f4f5 g6f5 h4a4	1430	0g0j0p101m
tptZd	5rk1/6bp/2Q3p1/4pqP1/8/1P6/PBPr1P2/1K4RR b - - 0 28	f8c8 c6c8 f5c8	1430	01191o
tzNMd	6rk/ppp2Qpp/8/2b5/4p3/4q3/PP2n1PP/3R1R1K w - - 8 26	f7g8 h8g8 d1d8 c5f8 d8f8	1430	05101316191n
wL6re	r3k1nr/1pp2p2/p1np1q2/4p2p/1PB1P3/P1PP2KP/5QP1/RNB3R1 b kq - 0 15	h5h4 g3h2 f6f2	1430	0g0i191o
wja4Z	1k1r1bnr/ppp1ppp1/2nq4/6N1/5NQp/3P4/PP3PP1/R1B2RK1 w - - 8 16	g5f7 g8h6 f7d6 h6g4 d6f7	1430	010s101c
wkoBB	8/pp3pkp/2p3p1/8/P1P2r2/1P6/2rRK1BP/1R6 b - - 3 31	c2d2 e2d2 f4f2 d2c3 f2g2	1430	050g0p0r0s10
x9nl2	2k1r3/1p1r2pp/1B3n2/4p3/2P5/3P2KP/PP1R2P1/R7 b - - 6 22	f6e4 d3e4 d7d2	1430	010p1o
yMwT0	r4rk1/pp3pp1/2n5/4P2R/1p2R1QP/8/PqP3P1/5K2 w - - 0 22	g4g7 g8g7 e4g4	1430	051315191n1o
yTqbW	r1b1kbnr/pp1ppp1p/6p1/3Pn3/4PP2/2B1q3/PP2Q1PP/RN2KBNR b KQkq - 6 9	e5d3 e1d1 e3c1	1430	13151c1o
ywuOG	r3rk2/2p2ppQ/p7/4P1b1/6P1/1PB5/PKP5/5q2 w - - 0 30	c3b4 c7c5 b4c5 e8e7 h7h8	1430	0p1013161g
z2MPM	8/1R6/R7/5kpp/5p2/p4K1P/P1r5/8 b - - 5 41	g5g4 h3g4 h5g4	1430	0p13151m1o
z4EiU	2r2k2/2q2pbp/p2p2p1/1p2n1N1/5Q2/P6P/1PP2PP1/R5K1 w - - 3 26	g5e6 f8g8 e6c7	1430	01191g1o
zFLTz	1R5Q/p1p1kpp1/8/6q1/4P3/6p1/PP3b2/K4b2 w - - 0 33	h8d8 e7e6 d8g5	1430	0g0p1o1p
0rldn	8/2N3kp/2nb4/8/3p1P2/5K2/2P2P1P/8 w - - 2 28	c7e8 g7f8 e8d6	1431	010p0s111o
1dZ4R	2r2rk1/1q3pp1/R1nbpn1p/3p4/1P1P4/1PPQBN1P/3N1PP1/2R3K1 b - - 0 20	c6b4 c3b4 c8c1	1431	010j191o
1ka9P	8/4K3/2kP4/8/1pB5/7b/8/8 w - - 7 54	c4e6 h3e6 e7e6 b4b3 d6d7 c6c7 e6e7 b3b2 d7d8q	1431	00080g0p1h1w
1wI3O	5r1k/3p2pp/5p2/4p3/n3P3/q7/2QN1PPP/1R4K1 w - - 0 31	d2c4 a3c5 c2a4	1431	010p1o
2FLxi	4r1r1/pkp2R2/1p1p2p1/6N1/PP1P1Pq1/8/2QN1K2/R7 b - - 2 28	e8e2 f2f1 g4g2	1431	1315191o1u
2gluY	8/3P1p1k/6pp/4P1b1/2PB4/1p1Q4/q5PP/7K b - - 1 35	b3b2 d4b2 a2b2	1431	00010p1o
2mqPM	8/7p/p2N1k2/1p2pp2/1P6/P1r1n2P/6P1/5RK1 w - - 3 36	d6e4 f6e6 e4c3 e3f1 g1f1	1431	010p101g
3D3DY	rn1q2k1/1b3rpp/p2Bp3/1p6/4p3/1NP1P2P/PP3PP1/R2QK2R b KQ - 0 15	f7d7 d1g4 d7d6	1431	01191o
3wIhj	3r4/p2r2p1/2kP1p1p/2pRP3/4KP1P/8/P5P1/2R5 b - - 1 25	f6f5 e4f5 c6d5 c1d1 d5c6	1431	010i0p101m
6o7mN	4Rr1k/ppp3p1/2nq3p/3p4/3P4/1QP2P1P/PP3P2/4R1K1 b - - 1 20	d6g6 g1h2 f8e8 e1e8 g6e8	1431	010p10
746pW	2k3nr/p4ppp/p7/2bbp3/4r3/4BN2/PP3PPP/R3K1NR w KQ - 0 15	a1c1 e4c4 c1c4 d5c4 e3c5	1431	010b10191g
7B6kw	2k4r/1pp3pp/p2q1p2/3Q4/P7/4P3/1PP3PP/3R2K1 w - - 0 24	d5f5 c8b8 d1d6	1431	0g0j0p1o
8Xpcf	8/8/pp2k1p1/2prP1Kp/8/1P6/P5P1/3R4 w - - 0 38	d1d5 e6d5 g5f6	1431	0g0p1m1o
9BaVP	2kr1b1r/ppp1qppp/6n1/4n3/QPPN4/P5BP/3NPPP1/R3KB1R b KQ - 0 14	e5d3 e1d1 d3b2 d1c2 b2a4	1431	0g0s101c1g
9zPAF	r1bqk1nr/ppp4p/3p1npB/2b1p3/4P2P/2PP4/PP2BP2/RN1QK1NR w KQkq - 2 12	h6g7 d8e7 g7h8	1431	011c1o1t
Ajonj	r5r1/p4p1k/1p5p/2pP4/2P1q3/4Pp2/P5RQ/6RK w - - 0 33	h2h6 h7h6 g2h2 e4h4 h2h4	1431	050p1013161n
BDwpY	r2q2nr/ppp1bkpp/3p4/4n3/4PPb1/8/PPPP2PP/RNBQ1RK1 w - - 0 8	f4e5 e7f6 d1g4	1431	010j0k1c1g1o
Bl3GA	rnbqkbnr/ppp3pp/4pp2/4N3/2P1p3/8/PP1P1PPP/RNBQKB1R w KQkq - 0 5	d1h5 g7g6 e5g6 h7g6 h5h8	1431	01101c1t
CtOJ8	3Rr3/P3P3/5p2/1p3k2/1Pp3p1/2P1K3/8/8 b - - 0 55	e8e7 e3f2 e7a7	1431	0g0p1m1o
DdJ3F	8/p3ppkp/1p1p2p1/3Pn3/1P2P3/5P2/P2Q1KPP/q1R5 b - - 3 33	a1c1 d2c1 e5d3 f2e3 d3c1	1431	01050p0s101n
F66eR	R2K4/6Rp/2P5/2k5/4r3/6P1/5r2/8 b - - 6 44	f2f8 d8c7 f8a8	1431	010p1m1o1p
G964w	r5r1/pppq1ppk/3p3p/5N2/2PPPQ1P/8/P4P2/6RK w - - 3 25	g1g7 g8g7 f4h6 h7g8 h6g7	1431	050p1013161n
GGBHG	r1b3k1/2P2ppp/p3p3/8/2QrN3/4q3/P1P3PN/1R2R2K b - - 3 22	e3e1 b1e1 d4c4	1431	0g191o
GLnxm	8/8/p4qp1/1p2Qpk1/4p3/2P5/1P4PP/7K w - - 2 39	h2h4 g5g4 e5f6	1431	0g0i0p111i1o
GlRPI	8/2R5/P7/8/1P3K2/1k6/2pn4/8 b - - 0 48	d2c4 a6a7 c2c1q	1431	000g0p1h1l1o
H6FyM	2r3k1/pQ4p1/2r1p1Pp/2Bp1p1P/3P1q2/2P5/P1RN4/1K6 b - - 2 35	c8b8 b7b8 f4b8	1431	0g191g1o
HS82K	3R4/6kp/p4rp1/8/3Q4/2P5/1P5q/K7 w - - 8 44	d8d7 g7h6 d4f6 h2g1 a1a2	1431	0g0h0i0p10
LQzI2	5Q2/7p/6p1/5p2/4p2k/4P1N1/5nPK/2qr4 w - - 0 41	f8h6 h4g4 h6f4	1431	0p13151o
LTzTM	4rr1k/2pp1Bpp/p1b5/1p3Q2/8/b1q5/P1PN2P1/1K3R2 w - - 1 25	f5h7 h8h7 f1h1 c3h3 h1h3	1431	050y101316191f1n
LjUdh	3Q4/p6p/1p3Rrk/2p3q1/6p1/P7/1P5P/K7 w - - 1 41	d8f8 h6h5 f6f5	1431	010p1g1o
LrRsC	r3r1k1/1p4p1/p5pp/2q2b2/3Q1P2/P1N4P/1PP3P1/R2R2K1 b - - 0 22	e8e1 g1f2 c5d4 d1d4 e1a1	1431	0g0w1019
M4h0B	r5k1/1bq2pp1/3p1b1p/2pPp3/2P2P2/1P4QN/1B1P2PP/4R1K1 b - - 2 23	e5f4 g3f4 f6b2	1431	010j191o
NAFgZ	8/ppp2pk1/2n3p1/4p3/P3P3/1PP1QPPq/3RK3/1r4R1 b - - 16 35	h3h2 e3f2 h2g1 f2g1 b1g1	1431	010p10
Ni3Ha	b2k2nr/p4q2/1p2n3/2bp1R2/6p1/P1PB2P1/1P1N2PP/R2Q3K b - - 2 22	h8h2 h1h2 f7h7 f5h5 h7h5	1431	050y101316191n
PdZjh	5rk1/1pp3pp/2nb1q2/4p2B/2n1r3/P3B2N/2P2P2/R2Q1K1R w - - 4 22	d1d5 g8h8 d5e4 c4e3 e4e3	1431	010s1019
PpPTS	8/1p2kp2/pP2pn2/P2n2Q1/3r4/5R2/8/6K1 b - - 1 39	d4g4 f3g3 g4g5	1431	0g0p0s1o
QE3A2	1r1r4/k4ppp/p3p3/8/1R6/2P2P2/3q2PP/Q3R2K w - - 7 33	a1a6 a7a6 e1a1 d2a2 a1a2	1431	050p1013161n
QmWfC	r3k1nr/1p3bbp/p1p3p1/3p4/q7/P2BPQ2/1PPB1PP1/R3K2R w KQkq - 2 15	b2b3 a4e4 d3e4	1431	01191o1t
Qpmjq	1r3r2/3q3p/3ppk1B/3Q4/8/3P2P1/1P2P2P/6K1 w - - 0 26	d5g5 f6f7 g5g7 f7e8 g7f8	1431	0p101316
Qx4dD	rn2kbnr/p3pppp/8/1p2Pb2/5P2/3q1Q2/PP4PP/RNB1K1NR w KQkq - 0 9	f3a8 d3e4 a8e4	1431	010t1c1g1o
UWuy5	r4r1k/p2R2pp/bp3p2/4pN2/2P1R3/1P4PP/P5PK/8 b - - 5 27	a6c8 d7c7 c8f5	1431	010p1o1p
Ujiem	8/pp5p/6k1/5rp1/2P5/PPq5/3R2PP/3Q2K1 b - - 9 36	c3e3 g1h1 e3d2	1431	0g0p1o
UpK5P	6k1/5p2/4q1r1/1P2P3/5P2/5QpP/3r2P1/1R4RK b - - 6 39	e6h3 g2h3 d2h2	1431	0p13151n1o
VW11K	2r5/3nb3/p1p1k2p/1pP1B1pP/8/1P3P2/PN4P1/2K1R3 b - - 0 29	d7e5 b2d3 e7f6	1431	010h0p1o
VcNXN	4R3/1Rpk1p2/2pq1p2/3p2r1/P2P4/2P2Q1P/P5p1/6K1 b - - 0 26	d6h2 g1h2 g2g1q	1431	00050p13151h1o
WWHPN	rn1qkbnr/ppp2ppp/3pb3/4p3/2B1P3/2P2N2/PP1P1PPP/RNBQK2R b KQkq - 0 4	e6c4 d1a4 b7b5	1431	010t1c1o
XP1i0	r1k5/2p2p1p/pppb4/5q2/2P1N1rQ/8/PP3P2/R3RK2 w - - 3 24	e4d6 c7d6 e1e8 c8c7 h4e7 f5d7 e7d7 c7d7 e8a8	1431	0d0g191k1w
Y9vvu	8/2q5/5nkp/1p3Np1/1P6/3Q2P1/5PPK/8 b - - 11 55	f6g4 h2g1 c7c1 d3f1 c1f1 g1f1 g6f5	1431	0g0p1w
YgyoV	2r4k/5Qpp/4p3/3pN3/2bP2P1/1pR1P2K/1P3P1P/6q1 b - - 6 31	c4f1 h3h4 g1h2 h4g5 h2h6	1431	0i0p101316
YppoK	r1b2rk1/ppqnbppp/8/6B1/1P1Np3/P6P/B1PQ1PP1/R3K2R b KQ - 1 16	e7g5 d2g5 c7c3 e1e2 c3d4	1431	010s1019
bFVi5	2r2rk1/3bbpp1/p2p1n1p/1p1Np3/4P3/P2P3P/BP1q1PPB/3R1RK1 w - - 0 19	d5e7 g8h7 d1d2	1431	0g0s0t0w191o
bRN8A	8/8/3k4/p1p5/r3PRp1/8/5P1K/8 w - - 0 46	e4e5 d6e5 f4a4	1431	0g0j0p1m1o
bey1c	r1bqkbnr/pp3ppp/2n1p3/1BP5/3pP3/8/PPP1NPPP/R1BQK1NR b KQkq - 3 6	d8a5 c2c3 a5b5	1431	010s1c1o
c7PaJ	r2q1k2/1pp5/5bQ1/p7/2PpK3/PP4N1/1B3r2/5R1R b - - 2 28	d8e7 e4d3 e7e3	1431	11121315191o
d9d8K	6r1/1p2r1q1/p1k1p1B1/3R3P/6Q1/8/PPP5/1K6 w - - 1 33	g4c4 c6b6 c4c5	1431	0n0p13151o
dlLfG	r1b1k2r/ppp2p1p/2n1p1pb/3pP3/3PP2q/B1P5/PP2K1PP/RN1Q1BNR b kq - 2 11	h4e4 e2f2 e4e3	1431	0n1315191o
gjRzl	6k1/p3P1p1/3n2Pp/3p4/r2P4/P4r2/1P3P2/1KR5 w - - 1 37	c1c8 d6c8 e7e8q f3f8 e8a4	1431	000g0i0p0s101h
goOcj	8/ppkr4/6n1/2P5/1PP3pP/1P2R3/4KPB1/8 b - - 0 49	g6f4 e2f1 d7d1 e3e1 d1e1 f1e1 f4g2 e1f1 g2h4	1431	01050p0s1w
hBUZm	8/3R4/4pkpp/3nN3/5PP1/b7/6K1/8 b - - 0 54	d5f4 g2f3 f6e5	1431	0g0p1o
hIjPT	rn2k2r/1b2bppp/p3pn2/1p4B1/3qN3/P2B4/1PP2PPP/R2QR1K1 w kq - 0 13	d3b5 a6b5 d1d4	1431	0g0j1c1o
hrCzG	3rk3/1Q6/p2p1b1p/3Rp1p1/2q1P1BP/6PK/8/8 w - - 1 40	g4h5 e8f8 b7f7	1431	0p13151o
iOc69	2k1rbnr/ppp2p1p/2np2q1/8/2BPP1b1/2P3B1/PP4PP/RN2QRK1 w - - 3 12	c4f7 g6e4 f7e8	1431	010s1c1o
k80TI	2rqrk2/3b1pbQ/3p2p1/3B1p2/1p2PNP1/5P2/PpP5/1R2K2R w K - 4 23	f4g6 f7g6 h7g8 f8e7 g8g7	1431	0i101316191n
kGZ3T	3r4/2QPqpbk/3N3p/5ppP/8/4P3/6P1/4R1K1 b - - 1 43	d8d7 d6f5 d7c7 f5e7 c7e7	1431	010p10
ksCK1	r7/1NB2pk1/1P2n1p1/3p3p/3Pp3/4P3/1r3PBP/5RK1 b - - 0 32	e6c7 b6c7 b2b7	1431	0g191o
l0bU5	3k4/3b1p2/7p/P1bN4/2N4P/5P2/8/5K2 b - - 0 41	d7b5 f1g2 b5c4	1431	010p1g1o
l6tLj	2Q5/r1q2bkp/3p1pp1/2p1p2P/2P1PP2/3P1BP1/4N1K1/8 w - - 1 37	h5h6 g7h6 c8f8	1431	050p1113151o
mRG15	5b1r/4n1pp/2pk4/p1Np1p2/Qq1P4/1P5P/P4PKP/4R3 w - - 5 27	e1e6 d6c7 c5a6 c7d7 a6b4	1431	0g0s1019
n4Y58	1r3rk1/pR5R/2n3p1/4bb2/8/3qPP2/P3NKP1/7Q w - - 2 22	h7h8 e5h8 h1h7	1431	0d1315191n1o
nwIjD	4rr1k/pp1q2bp/2np2p1/3Bp1Q1/2P5/1N5R/PP1B1nPP/4R1K1 w - - 0 22	h3h7 h8h7 g5h4 g7h6 h4h6	1431	050y101316191n
o3cIy	r2qk2r/ppn2ppB/2pbbp2/8/3P4/2P5/PPQ1NPPP/R1B1K2R b KQkq - 0 10	g7g6 h7g6 f7g6	1431	01111c1l1o1t
ochzu	6k1/1R6/1P4pp/4Kp2/2r5/3r2P1/1P6/R7 b - - 5 37	c4e4 e5f6 d3d6	1431	0p13151m1o
oeIB8	2Q1b1k1/5ppp/p1PB4/8/P7/1P5P/4qPP1/6K1 b - - 0 33	e2d1 g1h2 d1d6	1431	010p0s1o
ojRU2	8/5Q2/1kP5/2p1N2p/2P2p2/8/5nPK/3q4 w - - 5 50	f7b7 b6a5 b7b5	1431	0p13151o
q6gZt	r3kbnr/ppp2p1p/3p1qp1/4n3/4P3/1P3B2/P1PN1PPP/R1BQK2R b KQkq - 0 9	e5f3 d1f3 f6a1	1431	0g0j1c1g1o
qCAsE	8/4k3/2rp1p2/p4P1p/1p1KP1pP/1Pn5/P2R2P1/2R5 b - - 7 49	c3b5 d4e3 c6c1	1431	0g0j0p1o
qS6eg	6k1/4r1p1/6B1/pp1p3P/2pP1pn1/P1P5/1P2rRK1/5R2 w - - 0 34	f2e2 e7e2 g2f3 e2b2 f3g4	1431	0g0p10
qfbAZ	8/5pk1/1P5p/2Q3p1/r2q4/6P1/5PBP/r4RK1 w - - 1 31	c5d4 a4d4 f1a1	1431	0g0p1o
r7Fpn	8/7P/2p1N3/1pp5/2k1p3/2b1P1K1/5P2/8 w - - 0 55	e6d4 c5d4 h7h8q	1431	00010p111h1o
r9ZVA	r4q1k/ppp2P1P/4r3/8/3n4/2N5/PP6/1K4RR w - - 3 31	g1g8 f8g8 h7g8q	1431	000k0m0s1315191h1o
rV0D7	2R5/pp3ppk/4p2p/7P/1Q6/P1r2N2/2q2PP1/K2R4 b - - 0 31	c2d1 b4b1 d1b1 a1b1 c3c8	1431	0g0p0r0t10
t86Mu	r2q1k1r/pp1b2pp/2pp1b2/7B/4P3/1Q6/PPP2PPP/R1B1K2R b KQ - 2 13	d8a5 c1d2 a5h5	1431	010s191o
v8HI5	r1b2rk1/pp4p1/1qn1pb2/3p2N1/1P1P3P/P3P3/6P1/RN1QK2R w KQ - 2 16	d1h5 f6g5 h4g5	1431	01191l1o
zVire	r2r4/p4pk1/Bp1Pp1p1/2Pb4/P2P4/B6P/8/2R3K1 w - - 7 29	c5c6 d5c6 c1c6	1431	010p111o
0HMtv	1k1r1br1/pp1q3n/2n2p2/2p1p2B/Q1N1P2P/2PPB3/P2RKP2/1R6 b - - 0 22	c6d4 c3d4 d7a4	1432	010j191o
0KIHp	8/p4p2/r4nkp/8/P2Q1R2/6P1/q5PK/8 w - - 8 38	d4d3 g6g7 d3a6	1432	0g0p0s1o
1L1Lo	7k/p5p1/1p5p/n7/P2rq3/2P2Q2/4r2P/4RR1K w - - 0 35	e1e2 e4f3 f1f3 d4d1 h1g2	1432	010h1019
1Ui1K	6k1/5ppp/Q7/3bN3/1q6/1P3P2/3r2PP/1R4K1 b - - 3 39	b4d4 g1h1 d2d1	1432	0g0p0s1o
2Dmvy	Q4nk1/p4p1p/8/3P2p1/6n1/4NqPb/P4P1P/1R2RBK1 b - - 4 28	f3f2 g1h1 f2h2	1432	0y1315191o
3a8gR	3r2k1/1p2R1p1/p4r1p/3P4/2q2PQ1/P7/6PP/3R2K1 b - - 3 30	c4c5 g1h1 c5e7	1432	0g0p0s1o
3ua8k	r1b1k1nr/1pqp1pQp/p2bp3/8/4P3/2N5/PPP1BPPP/R1B1K2R b KQkq - 0 9	d6e5 g7g5 e5c3 b2c3 c7c3 g5d2 c3a1	1432	010s1c1w
4IlH6	2r2k2/7p/6pP/2qp4/2P1n3/pP6/P1Q2PP1/K1R2R2 b - - 0 32	c5d4 a1b1 e4d2 c2d2 d4d2	1432	0g0p0s10
4vYEI	3r1rk1/pbp2ppp/1p2p3/8/2q5/P1NR1P2/1P2Q1PP/5R1K w - - 0 19	d3d8 c4e2 d8f8 g8f8 c3e2	1432	011019
4zJcd	Q7/4kpp1/p6p/1pq5/4p3/P1br3P/6P1/R1R4K w - - 0 36	a8e4 c5e5 e4d3	1432	010p0s1o
5CGkT	1r2r1k1/1q3pp1/2Q4p/3p4/1P1P4/8/5PPP/1RR3K1 b - - 0 25	e8e1 c1e1 b7c6	1432	010i0p1o
5JFx0	5rk1/pbr1pp1p/6p1/1p2P3/1B3n2/1B3N2/P4PPP/2R1R1K1 b - - 2 22	c7c1 e1c1 f4e2 g1f1 e2c1	1432	01050s1019
79iyt	3r2k1/3q1p1p/p5p1/2P1r3/6R1/P1Q2N2/5PPP/4R1K1 b - - 1 26	e5e1 f3e1 d7g4	1432	01191o
7fC33	r7/7k/5q2/1p6/1P1p2Q1/1P1P2PP/5P1K/8 w - - 3 37	g4e4 h7h6 e4a8 f6f2 a8g2	1432	010p0s10
8shhX	1R3b2/r5kp/4ppp1/3p4/3P1KN1/2N1P2P/6P1/4B2n b - - 1 29	f8d6 f4f3 d6b8	1432	0g0s191o
8vMlP	5r1k/pp1P3P/2p5/4bP2/2Pp2Q1/P2n4/1P3q2/6RK w - - 2 35	g4g8 f8g8 h7g8q	1432	000p13151h1o
8xWcF	2rn1r1k/pp4pp/8/3B1P1Q/8/5R2/Pq4PP/1R5K w - - 0 23	h5h7 h8h7 f3h3	1432	05111315191f1n1o
927If	1r4k1/p4R1p/6p1/4N3/2P2P2/1rn3PP/1P4R1/K7 b - - 4 30	b3a3 b2a3 b8b1	1432	030d0p1113151n1o
96NEs	5r2/p7/1p2R1pk/2pP3p/2P5/3BK3/8/r7 w - - 8 51	e6g6 h6h7 g6g1	1432	010j0k0p1o
9LXVA	r1b2rk1/1pp2ppp/p7/3Q4/2B3nq/2N5/PPP2PPb/R1B1R2K w - - 2 15	d5f7 f8f7 e1e8	1432	0y13151c1g1n1o
9jGH7	6R1/4r3/4qQ1p/4p1pk/4P2P/P2p1PK1/4r3/8 w - - 1 50	g8g5 h6g5 f6g5	1432	0p13151n1o
A4usv	8/kp6/7p/2pp4/1q6/pN2P2P/PPP3Q1/1KN4r b - - 3 37	h1c1 b1c1 b4e1	1432	050p13151n1o
ABXCQ	bkr5/6b1/1P1p4/3Pp1pP/1P2Pp1n/2NQ1Pnq/5K1N/R7 w - - 0 36	a1a8 b8a8 d3a6 a8b8 a6a7	1432	050r101316191k1n
BC45A	4r3/3n1ppp/pb6/1p1k4/1P1p1P2/P4P2/1KPRr2P/1N2BR2 w - - 9 25	b1c3 d5c6 c3e2	1432	0g191g1o
BCYxQ	2r2rk1/p3Rp1p/1pq2Qp1/3p4/3P4/2P3bP/PP1B2P1/5RK1 b - - 3 20	c6f6 f1f6 g3h4 e7d7 h4f6	1432	050g1019
BQdER	3r4/p1b1k1pp/4pr1q/3p1p2/5P2/2N5/PPPB2QN/4R2K w - - 4 29	c3d5 d8d5 g2d5	1432	0g191g1o
CAYyS	3r4/2p1pp1p/pp6/1kp1N3/4bP2/1PK3P1/P1P4P/8 w - - 3 25	a2a4 b5a5 e5c4	1432	0p13151o
DT1lb	5r1k/6p1/7p/1B6/1q6/p7/2P1Q1PP/5R1K b - - 1 33	f8f1 e2f1 a3a2	1432	00010p1o
FxxfL	5r2/pp3rbk/3pb1pp/1Nn1p3/P3q3/R4NP1/2P1QPBP/3R3K w - - 0 24	f3g5 h6g5 g2e4	1432	010j11191o
GbecK	1q3r1k/p3Qpp1/3n3p/3N4/1P6/P4PP1/1P5P/4R1K1 b - - 0 29	f8e8 e7e8 d6e8	1432	010p1o
IBcE0	6k1/p1Nn2pp/1p2p2q/2p1p3/2P1P3/PP1P1n1P/5rP1/R2Q1R1K b - - 2 24	h6h3 g2h3 f2h2	1432	030y1315191n1o
IbHPc	2R5/1p3pkp/p4pb1/2B5/3n4/1P5P/5PPK/r7 w - - 10 31	c5f8 g7h8 f8h6	1432	0j0k0p13151f1o
IloQp	8/2k1r3/1p6/b1pP4/5pp1/3K4/P3RP2/1R6 b - - 1 43	c5c4 d3c4 e7e2	1432	0g0i0p1o
L0tPL	Q7/5pk1/6p1/1p2p1p1/2bn2P1/P6P/2r5/1KR5 b - - 1 39	c4a2 b1a1 d4b3	1432	0f0p13151o
LqBUG	5rk1/1Q1R1p1p/6p1/1q6/p7/PbP4P/1P3P2/K6R b - - 6 31	b5b7 d7b7 b3d5 b7b4 d5h1	1432	010p0s10
Mowzv	r4rk1/2q3b1/p1n4p/1p3np1/2pP1pB1/2P4P/PPNB2QK/4RR2 w - - 4 24	g2d5 g8h8 g4f5	1432	010y191o
POzn7	6k1/pp4p1/4pr1p/n2pQ3/4P1B1/6P1/P1q2PP1/3R2K1 w - - 1 30	g4e6 f6e6 e5e6	1432	0g0p1o
RLSyv	6R1/5pP1/2ppkP2/4p1P1/4P3/1n6/3q2r1/5K2 w - - 7 56	g8e8 e6d7 e8e7 d7d8 g7g8q	1432	000p1013161h
RzD2i	5r2/p1p2k2/2R5/4p3/4P1r1/1P3p2/P1P3n1/2BK1R2 b - - 0 38	f8d8 c1d2 g2e3 d1c1 e3f1	1432	0g0p101g
SNW97	r4r2/5p1k/4pPpp/8/6P1/Pp6/1PqQ3P/K2RR3 b - - 2 30	a8a3 b2a3 b3b2 a1a2 b2b1q	1432	000k0m0p1013161h1n
T7mm3	8/8/1p2K3/pP1r1r2/P2pk3/R5R1/8/8 w - - 4 53	g3g4 f5f4 g4f4 e4f4 e6d5	1432	0g0p101m
U2PDe	r6k/1p4bp/2p1b3/3n1N2/P2PB3/1P5P/4N2K/3R4 b - - 1 32	e6f5 e4f5 d5e3 d1d3 e3f5	1432	010s101119
UVFp9	r1b2r1k/pp5B/2p1pq1Q/8/2PP2pP/2P5/P4PP1/1R4K1 w - - 1 25	h7g6 h8g8 h6h7	1432	0j0k0y1315191o
Uwy0N	6rk/2R3b1/2pp2Qp/6p1/p4r2/8/5P2/5KR1 b - - 0 35	f4f2 f1f2 g7d4 f2g2 g8g6	1432	050g0j0p101n
WdZ0e	2R5/r4p1k/P2Pq1pp/8/4Q2P/4b1P1/7K/8 w - - 1 41	e4e6 f7e6 c8c7 a7c7 d6c7	1432	000g0p101112
Yj8n0	rn1qkbnr/pp3ppp/4p3/2ppP3/6b1/2P2N2/PP1PBPPP/RNBQK2R w KQkq - 0 6	d1a4 b8c6 a4g4	1432	0g0s1c1o
ZGJmy	r1b1r1k1/p4ppp/2p2b2/8/N1B5/1PP5/1P1K1PPP/R6R b - - 3 16	f6g5 d2c2 c8f5 c4d3 e8e2 c2b1 f5d3	1432	0g0i191g1w
Zt2ye	rn1qk1nr/pp1bppb1/3p3p/1B3NpP/4P3/2N5/PPP2PP1/R1BQK2R b KQkq - 3 9	g7c3 b2c3 d7b5	1432	0111121c1o
ZzAHp	r4rk1/pp1n1p1n/2pp1q2/4p3/2P1P2Q/4PN2/PPP3PP/R3K2R w KQ - 3 15	h4g4 f6g6 g4d7	1432	010s191o
a7awq	r2q1rk1/pp3pp1/2p2n1p/2bPn3/6b1/2NP2P1/PPP2PBP/R1B1QRK1 w - - 0 11	e1e5 f8e8 e5f4	1432	010t191o
b1Odl	7R/4Q3/3pp1p1/2p1p2p/4q1k1/5rP1/7P/7K w - - 5 46	e7h4 g4f5 h8f8	1432	0p13151o
cDfcn	5q1k/7P/3r1pp1/p3Q3/6r1/8/PP6/1K3R1R b - - 0 35	d6d1 f1d1 f6e5	1432	0g0p0w1o
cWi74	3r2k1/6pp/1p3p2/2bNr3/8/8/PP4PP/3R1R1K w - - 0 24	d5f6 g7f6 d1d8	1432	0g0j0p111o
djRTs	6k1/3Q1pqp/r2p2p1/2b5/4B3/5N1P/1r3PP1/5RK1 w - - 9 29	d7c8 g7f8 c8a6	1432	010s191o
e0JvQ	2kr3r/ppp2ppp/1n2pn2/q7/3P4/P1N2B1P/2PB1PP1/1RKQ3R b - - 0 16	a5a3 b1b2 b6c4	1432	0g191k1o
eeb8c	5rk1/6r1/4pQp1/p3Pp2/3PpP2/Pb6/1p1qNKP1/1R5R w - - 2 35	h1h8 g8h8 f6f8 h8h7 b1h1	1432	050i0r0y10131619
evWt0	1k5r/1pp4p/p1q3p1/4Q3/8/2P4P/PP3PP1/3rR1K1 w - - 0 22	e5h8 b8a7 e1d1	1432	0g0p0t0w1o
fkFWm	1rq2rk1/1pp2pp1/4b2p/8/1RPQ4/3P2P1/4PPBP/5RK1 b - - 0 19	c7c5 d4b2 c5b4	1432	010s191o
gJcjh	r7/3r1ppp/p3k3/1bRp4/1B6/4P3/1P3PPP/R5K1 w - - 0 26	c5b5 a6b5 a1a8	1432	010p1o
gavoA	2r3k1/1p3ppp/p2rq3/2QNp3/3nPP2/3B2P1/PPP4P/5RK1 w - - 1 22	c5c8 e6c8 d5e7 g8f8 e7c8	1432	050g0s1011191n
gcgOM	7Q/1q2kr2/p3pp2/3p4/Bb1P4/1P4P1/P4PKP/8 w - - 12 33	h8e8 e7d6 e8d8 f7d7 a4d7	1432	0g0p10
kNmml	8/5k2/4p3/4P1RP/4BK2/2r5/1p4P1/8 b - - 0 52	c3c4 f4f3 c4e4	1432	0g0p1o
kkUPN	rn2k2r/pQp1nppp/2q5/4p3/5B2/2N5/PPP3P1/3RKB2 w kq - 1 15	f1b5 e8g8 b5c6	1432	0g191g1o
kv5d2	r2r2k1/6pp/8/4Np2/pR6/P1n2P1P/6PK/2R5 b - - 1 35	c3a2 c1b1 a2b4	1432	010p0s1o
lBhoq	r1b1k3/ppp1N3/8/4Ppp1/4p1n1/2P3K1/PP1PQ1PP/R1B4R b q - 0 17	f5f4 g3h3 g4f2	1432	0k0m1315191o
mfWM2	8/7p/4p1p1/3pP1P1/p3p2P/1kB1P1K1/1P2bP2/8 b - - 5 49	a4a3 b2a3 b3c3	1432	080g0i0p1o
msYZL	8/4R1bk/p2p2p1/q2N3p/2P2P1P/4Q1P1/Pr6/6K1 b - - 6 32	b2b1 g1f2 a5a2 e3e2 b1b2	1432	010p0r101g
nD242	1rr3k1/4qppp/p2p4/3bp3/4Pn2/1QN2NP1/P4P1P/3RR1K1 w - - 0 24	c3d5 f4d5 b3d5	1432	01191o
nx730	1r1q3k/6R1/5p1P/3p4/3n1PQ1/bp6/2P5/1K6 w - - 0 36	g7h7 h8h7 g4g7	1432	050p13151n1o
oJLtf	5k2/5prp/4p3/pB2P3/Pn6/1P5P/2rR1PPK/8 w - - 3 41	d2d8 f8e7 d8e8	1432	0p13151d1o
oqkzp	r4rk1/6pp/2p2p2/p2q4/P1p5/RbQ4P/1P3PP1/4RBK1 w - - 0 26	a3b3 c4b3 f1c4 g8h8 c4d5	1432	0110191g1n
pEH6n	2k4r/2qrb1R1/p3p3/8/2p1Q2p/7P/PPP1B1P1/5RK1 b - - 0 23	e7c5 g1h1 d7g7 e4a8 c7b8	1432	010j101119
pjz0t	1B3r1k/pp4pp/8/2nB1p1b/2Pp4/P2P2PP/4q3/R2Q1RK1 b - - 0 20	e2e3 g1h1 h5d1	1432	010j191o
psalB	1kbrr3/1pq3pp/pB1b4/8/8/1Q3P1P/PPP1N1P1/R4RK1 b - - 3 22	d6c5 b6c5 c7c5	1432	0g191o
pvI6T	r1bq1rk1/ppN2pbp/1n1p1np1/8/8/5NP1/PPQ1PPBP/R1B2RK1 b - - 0 11	c8f5 c2d1 d8c7	1432	011c1o
pyYBb	8/p1p2Rrk/3p3p/2p5/2P1PQ1K/1P1P3P/P5q1/8 b - - 2 34	g2g5 f4g5 h6g5 h4g4 g7f7	1432	0g0p10
q7FGi	r4rk1/1p2qp1p/2pp1Rp1/4p1Q1/1pP1P3/P2P2P1/4n1BP/5R1K w - - 0 26	f6g6 h7g6 g5e7	1432	010j0y191o
qNXLy	6k1/2p2pp1/8/1p2P2n/5Pn1/P1N4p/6B1/5RK1 b - - 0 30	h3h2 g1h1 h5g3	1432	000p13151o
qivvT	8/8/7p/7P/5p2/7K/5kP1/8 w - - 3 50	h3g4 f4f3 g2f3	1432	0g0p1e1o
qqrq1	r3k1nr/ppq1pp2/2p1b1p1/2Ppb2p/8/1B2BN2/PPP2PPP/R2Q1RK1 w kq - 0 13	f3e5 c7e5 e3d4 e5f4 d4h8	1432	01101c1p
quzN5	rnbq1bnr/pp2k1pp/2p5/4pPNQ/2p5/3P4/PPP2PPP/RNB1K2R w KQ - 2 8	h5f7 e7d6 g5e4	1432	13151c1o
sHvzK	8/4k2p/6p1/Pp3P2/1P2p1P1/2n4r/1RPK4/5B2 b - - 1 48	e4e3 d2c3 e3e2 f1h3 e2e1q	1432	00010j0k0p101h1n
skDBi	r5r1/1q3ppk/2n1bn1p/2p1p2P/3pP3/pP1P4/K2Q1PR1/2B3R1 w - - 5 32	g2g7 g8g7 d2h6 h7g8 h6g7	1432	050s101316191n
tT8wl	3rr2k/ppq3pB/2p4p/2bbp3/7N/2P4P/PPQ3P1/R4R1K w - - 4 24	h4g6 h8h7 g6f8 h7g8 c2h7	1432	0k0m0y101316191n
txz0H	rnbqk2r/pp2bpQp/2p5/8/8/2P3P1/P3PPBP/R1B1K1NR b KQkq - 0 9	e7f6 g7h6 f6c3 c1d2 c3a1	1432	010s0v101c
ul0Lx	r3r1k1/p1p3pp/2p4q/3Pbp1b/Q7/2P2N1P/PP1N1B2/R4KR1 b - - 2 20	h5f3 d2f3 h6h3 g1g2 h3f3	1432	010j0r0s1019
vHun1	2Q5/p3Npkp/3p1p1b/8/6rP/P5Pq/1PP2P2/1R4K1 b - - 0 27	g4g3 f2g3 h6e3	1432	070p13151n1o
vZwy8	2rq1rk1/1b6/p3pn1Q/1p1pn3/4P3/2NB3P/PP3PP1/2R2RK1 w - - 1 22	h6g5 g8h8 g5e5	1432	010s1112191o1r
w5bG5	r4r1k/ppp1Nppp/3pb3/8/5P2/1P6/1PPK4/4R2R w - - 2 23	h1h7 h8h7 e1h1 e6h3 h1h3	1432	02050p1013161n
wiu84	3r2k1/5pp1/r2N1q1p/2Q5/8/6P1/5PKP/3R4 w - - 6 33	d6e4 d8d1 e4f6 a6f6 c5c8 g8h7 c8c2 g7g6 c2d1	1432	010p0s1w
wtnn7	5rk1/1p4pp/p3R3/5n2/1P3N2/P2P4/6PP/6K1 b - - 0 33	f5d4 e6e4 f8f4 e4f4 d4e2 g1f2 e2f4	1432	01050j0p0s1n1w
xQGm6	r2qkb1r/ppp3pp/2np1pn1/3Np3/4P1bB/3P1N1P/PPP1BPP1/R2QK2R b KQkq - 0 9	g4f3 e2f3 g6h4	1432	010b1c1o
yZs41	3r2k1/6p1/Np2p1q1/3p4/5nr1/PP6/2PR2RQ/6K1 w - - 2 34	h2f4 g4f4 g2g6	1432	01191o
zRwi8	2r2rk1/pp2np1p/6pb/1b1PN3/4P3/1B5P/P3N1PK/3RR3 b - - 0 21	b5e2 e1e2 h6f4 h2h1 f4e5	1432	010s1019
zxzau	r2q1r2/5ppk/p2p4/1p1Q4/8/P4N2/1b3PPP/R4RK1 w - - 0 19	d5h5 h7g8 f3g5 d8g5 h5g5	1432	011019
0cHnF	1r1q1r1k/1bpn2pp/p2pB3/2p1bP2/8/2N3RQ/PPP3PP/R1B3K1 w - - 2 18	h3h7 h8h7 g3h3 d8h4 h3h4	1433	050y101316191f1n
1Jy67	5rk1/B3Rp1p/n3pq2/1p4p1/1P2B3/2r3P1/1Q3P1P/R5K1 b - - 0 26	c3g3 h2g3 f6b2	1433	010j11191o
1SWmp	rnbqk2r/pp3pbp/2p2np1/4N3/8/3BP2P/PPP1QPP1/RNB1K2R b KQkq - 1 8	d8a5 b1c3 a5e5	1433	010s1c1o
2A9nq	rnbqkb1r/pp3ppp/5n2/4N3/2p5/8/PPPPQPPP/RNB1K2R w KQkq - 0 7	e5c6 d8e7 c6e7	1433	010j0k1c1o
2F3X2	2rR4/pp4pk/4r2p/8/P1P2P2/1PqRPK1P/6P1/3Q4 b - - 4 41	c8d8 d3c3 d8d1	1433	010p1o
31s4q	2kr1b1r/pp2q1pp/2n5/8/3pB2P/2P2bP1/PPQ3P1/R3R1K1 w - - 0 19	e4f5 c8b8 e1e7 f8e7 g2f3	1433	010j1019
3iO03	3q2k1/Q6p/4prp1/2P1N3/3np3/8/P4RPP/3R2K1 b - - 0 23	d4e2 f2e2 d8d1 e2e1 d1e1	1433	0j0s10131619
3uhsP	6k1/p3ppbp/Qp2q1p1/8/4P3/4BP2/P1r3PP/3R2K1 w - - 1 22	d1d8 g7f8 e3h6	1433	0g0p1g1o
3wxQN	8/7p/5Bp1/1k3p2/2p2PPP/R4K2/P7/7r b - - 2 45	h1h3 f3e2 h3a3	1433	0g0p1o1p
4MZG4	2kr4/pp3pp1/4p1b1/6q1/3r2n1/1BN5/PP2QPK1/2R4R w - - 4 21	c3e4 g5c1 h1c1	1433	0g0j0k191o
4WJeR	2rr2k1/5pbp/4p1p1/1p1qP3/3B1P2/2P5/PPQ3PP/R3R1K1 b - - 1 21	d5d4 c3d4 c8c2	1433	0g191o
53JZ4	3k1b1r/2qr2pp/8/1Qp5/4R3/P5P1/2P4P/3R2K1 w - - 1 34	d1d7 c7d7 b5b8 d7c8 e4e8 d8e8 b8c8	1433	050g0i0r0s191w
5rpz2	3q2k1/3r1pp1/p4n1p/1p3Q2/1P6/PB1R1P2/r4b1P/1R3K2 w - - 0 32	d3d7 d8d7 f5d7 f6d7 b3a2	1433	011019
6T6pY	2k5/pppr2b1/3pQ1Np/8/3q4/6PK/P6P/8 w - - 0 32	e6e8 d7d8 g6e7 c8b8 e8d8	1433	0i0p101316
6y3e4	2br4/p5k1/2Rn1N1p/1p5P/3P4/P1P5/1P1K1P2/8 w - - 1 33	c6d6 d8d6 f6e8 g7f8 e8d6	1433	050g0p0s101n
73qZt	2r3rk/1bq2ppp/p2ppb2/8/Np4R1/1B4RQ/PPP2PPP/6K1 w - - 3 24	h3h7 h8h7 g3h3 f6h4 h3h4	1433	050y101316191n
7KMoO	8/1p2kb2/p2p1p2/4pP2/2qn4/P1Q5/1P4PP/1K1R3R b - - 1 25	c4a2 b1c1 d4e2 c1c2 e2c3	1433	0g0p0s101g
7cZRT	8/8/8/4p1P1/2p5/2kp4/2p2R2/2K5 b - - 3 54	e5e4 g5g6 e4e3 f2c2 d3c2 g6g7 e3e2 g7g8q e2e1q	1433	000p13181h1l1m1w
7gZP2	5rk1/1p4p1/7q/p3Bp2/3Q4/P6P/4r1P1/5R1K w - - 0 33	d4c4 f8f7 c4e2	1433	010p0s1o
7zB3C	8/p2r2pk/1p1bQ2p/3p4/P2P4/1P6/5PPq/2R2K2 w - - 1 36	e6f5 g7g6 f5d7	1433	0g0p0s1o
8Elnq	b1r5/p3kpQp/1pn1pn2/3p4/3P1qP1/P4N1P/1PP1PP2/1K1R1B1R b - - 2 16	c8g8 g7g8 f6g8	1433	01191o1t
8qroL	5R2/8/8/8/P3K3/3p4/2rkn3/1R6 b - - 0 53	e2c3 e4d4 c3b1	1433	0g0p0s1o
9P3K7	3r3r/1pp5/p7/1q3k2/4pP2/P1P1P1P1/Q4KP1/8 w - - 0 30	a2f7 f5g4 f7g6 b5g5 g6g5	1433	0p101316
9gtG5	rn5r/ppk1qBbp/2pRb1pn/4p3/4P3/2N1BQ2/PPP2PPP/2K4R w - - 1 14	d6e6 e7f7 f3f7 h6f7 e6e7	1433	011019
AdYd3	rn2k3/pp2bpp1/2p1pnp1/1q6/3P4/1Q3B2/PPP2PP1/R3RKNr w q - 4 18	b3b5 c6b5 f3b7	1433	01191o
Axbm9	4R3/2k5/1p3K1p/1Pp3rP/3p4/P2r1p2/8/4R3 w - - 0 37	e1e7 c7d6 e8d8	1433	0p13151m1o
B4a26	2rq1rkb/1bp5/p2p2pQ/1p5N/3Pn3/P6P/1PP3P1/R4RK1 w - - 0 22	h6g6 h8g7 g6g7	1433	0y1315191o
C9l78	8/6bk/1q5p/8/ppRn1P2/6R1/PB3PKP/8 w - - 2 36	g3g7 h7g7 b2d4 b6d4 c4d4	1433	050g0p0s10
CAM9l	r2k1r2/pp1b3p/2p2p2/6p1/2B5/4N1P1/PPP2PP1/3R2K1 w - - 0 25	c4e6 d8e7 e6d7	1433	010p1g1o
DaPGd	2rq1rk1/pp3pp1/3bp2p/3pB3/3P4/3QP3/PP3PPP/2R2RK1 w - - 1 17	c1c8 d8c8 e5d6	1433	01191o
E1UgN	8/kp4p1/p2Q4/1P6/3P2n1/4r1P1/5r2/2K5 w - - 3 46	b5b6 a7a8 d6d8	1433	0p13151o
GElOE	8/p7/2pk1r1p/6p1/4P3/8/PPPB2PP/6K1 w - - 2 33	e4e5 d6e5 d2c3 e5e6 c3f6	1433	01050p101p
GGTHK	r1bqk2r/6pp/P1n2n2/1Bb2p2/3p1N2/5N2/PP3PPP/R1BQK2R b KQkq - 5 12	d8a5 c1d2 a5b5	1433	010s1c1o
GOMYR	3rn2k/Q1p1b1pp/8/4p3/8/2P2NqP/PP1N2P1/4R1K1 b - - 2 24	d8d2 f3d2 g3e1	1433	010i191o
I9BUV	r1br2k1/pp3pb1/1q2p1pR/2p1P3/2P5/3B1NP1/PP1Q2P1/2KR4 b - - 0 19	d8d3 d2d3 g7h6	1433	01191o
K6yyG	r1br4/1p2kppp/p2b1n2/1Np1p3/2B5/4B3/PPP2PPP/R2R2K1 w - - 0 17	b5d6 d8d6 e3c5	1433	010b191g1o
K9ynH	2b5/pr1np1br/2N1p3/2pp2pk/8/3P2P1/PPPN1KP1/R1B2R2 w - - 3 24	f1h1 h5g6 c6e7	1433	0g191o
LHBno	7k/3n1rpp/b2r2q1/Q3p3/P7/2P1B3/5RPP/4R1K1 w - - 0 27	a5d8 d7f8 d8f8 f7f8 f2f8	1433	0610111316191y
Lhruw	7r/3k1p2/p2qpnp1/3p2R1/NnpP3r/4P3/1PPQBP2/R3K3 w Q - 2 20	a4c5 d7e7 d2b4 h4h1 e2f1	1433	010v1019
LnRSR	6rk/ppp4p/5n2/3P1q2/3B4/2N5/PP1QBP2/R4K2 b - - 2 32	f5h3 f1e1 g8g1 e2f1 h3f1	1433	10131619
M69oS	7k/p5pp/2p3q1/2Q1p3/5p2/1PP2P2/P2r1R1P/R1N2K2 b - - 3 29	d2d1 f1e2 g6c2	1433	0p13151o
MGWTW	2k5/pppr2p1/7p/1NR3b1/8/1P1b4/PP3PPP/3R2K1 b - - 9 24	d3b5 d1d7 b5d7	1433	010p1o
MLmAK	2r5/pQ4q1/4bk2/3pN3/4n3/P3P3/1P4P1/1K1R4 w - - 1 33	d1f1 f6e5 b7g7	1433	0g0i191o
McrqA	6k1/pr4p1/2p1pP1Q/8/6R1/7P/1q4PK/8 w - - 1 38	g4g7 b7g7 h6g7	1433	0p13151o
MgDfo	3r1k2/1b3rb1/pR6/5p1P/2P1pP2/2N1K3/PP3N2/6R1 b - - 0 28	g7d4 e3e2 d4b6	1433	0g0s191o
NhB34	2k5/p1p2p2/2P2n2/8/P4qp1/2r5/2P2P2/1R1R1K2 w - - 3 24	b1b8 c8b8 d1d8	1433	050p13151n1o
OCanM	r4rk1/2q2p2/p5p1/1pp4p/2B1P3/2KP3Q/PPP5/6R1 w - - 0 30	g1g6 g8h7 h3h5	1433	0p13151g1o
QjgyC	r3qk1r/pp1n4/3pp1Q1/3N2Np/8/7P/PPP3P1/2K5 w - - 3 24	g5e6 e8e6 g6e6	1433	0g191o
R9MFw	2kr1b1r/ppp1ppp1/2n2n2/3p4/1P1P1PqN/P1P1P1P1/6KP/RNBQ1R2 b - - 0 12	h8h4 d1g4 h4g4	1433	01191g1o
SY5DE	2k2r2/pbpp3q/1p2pP2/6B1/1nP2Q2/2N5/PP3PP1/R2BK3 b Q - 2 20	b4d3 e1d2 d3f4	1433	0g0s191o
SaxMl	r1b2r2/ppp1k2p/2n1p1pN/1N1pP3/3P4/3Q4/PPP5/R2K1Bq1 w - - 0 18	d3a3 e7d7 a3f8	1433	0g0i191o1p
U63bq	3Q4/1p3Rbk/p5p1/2q5/P7/4P1P1/4K2P/8 b - - 2 37	c5c4 e2e1 c4f7	1433	010p0s1o
UdCEN	4r1k1/1p3ppp/2p5/1P1p1P2/3P4/2K1PQP1/2BR4/6q1 b - - 0 43	e8e3 f3e3 g1e3	1433	0g0p0s1o
UdmJw	2k4r/pp1rb3/2p1Qp2/5n1p/5qpP/2N5/PP4P1/3RR2K w - - 0 23	e6d7 c8b8 e1e7 f5e7 d7e7	1433	010j10191k
V6Tsh	2k5/1pp2pp1/5n1p/8/2p5/2r1B2P/P2R1PP1/2q1Q1K1 w - - 4 28	d2d8 c8d8 e3c1	1433	010j0p1o
W1ffG	r1b3r1/ppp1kp2/8/2b4p/4P1p1/2NPp2P/PPP3PK/R3NB1R b - - 3 20	g4g3 h2g1 e3e2 d3d4 c5d4	1433	000j0k10131619
WMavc	8/8/8/8/R7/4krp1/6r1/3K3R w - - 2 57	h1e1 e3d3 a4a3 d3d4 a3f3	1433	010p101m1p
WiZci	4rkr1/3R1n2/p3p3/1p2Pp2/5P1Q/P7/1P4BP/2q2n1K w - - 0 34	d7f7 f8f7 h4f6	1433	051315191n1o1s
X2YXu	8/3k4/1p5p/1N2K3/PpP2p1P/1r3P2/8/4R3 b - - 0 35	b3e3 e1e3 f4e3 b5d4 b4b3 e5e4 b3b2	1433	000g0p1w
Xp1JV	k2r4/pp2R3/6p1/qn6/8/1PN3Q1/1KP3PP/3R4 b - - 2 32	a5a3 b2b1 b5c3 g3c3 d8d1	1433	0i0s10131619
Y9zLu	rn2kr2/pQp2ppp/2q3b1/3p2P1/p3p3/1P6/P1PP1P1P/R3KB1R w KQq - 4 20	f1b5 c6b5 b7b5	1433	01191g1o
aBUIv	1rbq1rk1/2p1ppb1/p5p1/2p2P1N/7Q/7R/PPp3PP/1RB4K w - - 0 19	h5f6 g7f6 h4h7	1433	0d0y1315191n1o
bOIXP	5r2/1p1k1r2/pbp3R1/n2pQP2/8/3B3P/PP3P1K/8 b - - 1 32	b6c7 f2f4 c7e5	1433	0g191g1o
beVcL	8/1rBr4/3P1pk1/2R1n3/2p2P1p/7P/1P4PK/4R3 b - - 0 43	e5d3 c5c4 d3e1	1433	010p0s1o
btKsW	k7/1pQ5/q1p5/2Pp2P1/3Pp3/1K2P3/5r2/q6R w - - 0 46	h1h8 f2f8 h8f8 a8a7 c7b8	1433	0p101316
c79ac	r5k1/p1p2p2/2Q1p1p1/3q3p/3rNPnP/5PP1/PP6/1RR3K1 b - - 0 22	d4d1 c1d1 d5c6	1433	010i191o
cM0U3	r2q1r2/2p4k/pp2pbn1/3p1p2/1P1P4/P1N1PQ2/5P1P/6RK w - - 0 26	f3h5 h7g7 h5g6 g7h8 g6h5	1433	0r10131619
cg4JC	5r2/1n4k1/2n1prBp/3p3P/3P4/2P1R3/PP6/1K4R1 w - - 6 32	g6e8 g7h8 e8c6	1433	0g0j0k191o
dhWgh	5rk1/R4R2/5K2/3p2p1/8/8/4p3/8 b - - 0 41	f8f7 a7f7 e2e1q	1433	000g0p1h1m1o
e2xmd	5rk1/4Qppp/p3R3/1p1p4/8/P1r2R1P/1q4P1/6K1 w - - 0 28	e7f7 f8f7 e6e8 f7f8 f3f8	1433	0d0p1013161n
eVvfM	3r4/2Q1kp2/1Bpp1n2/4p3/2P1PbP1/3P1B2/PP3P1q/R3K3 b Q - 0 22	d8d7 c7c6 h2g1 e1e2 g1a1	1433	010h10191p
h32Dw	r4rk1/5pp1/p1pp2qp/1p2p3/4P3/1P1PRN1b/1PP2PP1/R4QK1 w - - 0 18	f3h4 g6f6 e3h3	1433	010j191o
hTZ2m	8/ppp3rk/5Q1p/1P1Pp3/P3q3/8/3R2PP/6K1 b - - 1 30	e4e1 f6f1 e1d2	1433	0g0p0s1o
i3CWx	r1b1kb1r/ppp2ppp/3p1n2/6N1/3n4/6P1/PPP1BP1P/RNB1R1K1 w kq - 0 12	e2b5 e8d8 g5f7	1433	0i0k0m13151c1o
i5E4C	2rq1rk1/pQ1b1ppp/8/2b5/1n6/1P2PN2/PB2BPPP/R4RK1 b - - 0 14	d7c6 b7c8 d8c8	1433	01191o1t
iLpUz	3R4/p4p1k/1p1B1Ppp/2p5/2P5/2P3q1/P1Q3Pn/4R1K1 b - - 1 29	h2f3 g1f1 g3e1	1433	0p13151g1o
kP9TF	r1bqk2r/1p3ppp/p1n2n2/2bN2B1/8/5N1P/PPP1BPP1/R2Q1RK1 b kq - 3 11	d8d5 d1d5 f6d5	1433	011c1o
kU8VY	6k1/6bp/1p4p1/2rPpp2/1Q1qP3/5PPP/P5B1/1R5K b - - 0 34	c5c1 b1c1 d4b4	1433	0g0i0p1o
kmhqb	6k1/p1p3rp/1P2pr1q/3b1p2/1P1Pp3/2Q1P2P/PB3P1K/R5R1 b - - 0 26	h6h3 h2h3 f6h6	1433	051315191n1o
lho2F	8/5kpp/2p5/3p4/2nP4/Bp3PP1/4K2P/4R3 b - - 0 39	c4a3 e1a1 b3b2	1433	000g0p0t1o
mDwvH	3rq2k/p3r2p/1pb3p1/5pN1/7Q/2P4P/PP3PPK/3R4 w - - 5 32	d1d8 e8d8 g5f7 e7f7 h4d8	1433	01050j0y10191g
mTDTV	6k1/p2P1p1p/1pQ3p1/8/8/1P2r1qP/P3r1P1/1R4RK b - - 0 32	g3h3 g2h3 e3h3	1433	0p13151n1o
n9i8K	2krr3/ppp2p2/6q1/8/4PBP1/1P4P1/P3Q1K1/2R1b3 w - - 0 25	c1c7 c8b8 c7c6 b8a8 c6g6	1433	0g0j0k10191k
nZamM	1q1r2k1/Q2P1p1p/p3p1p1/3p4/P4P2/8/6PP/5RK1 w - - 3 27	a7b8 d8b8 f1c1 g8g7 c1c8	1433	0g0p101g1l
o3dEH	1rq2r1k/pn1bbpp1/2p4p/4Q3/BP2P3/P7/2P2PPP/RNB2RK1 b - - 0 17	e7f6 e5g3 f6a1	1433	011c1o1p
oJmNf	R6Q/1q3p1p/3p2pk/3r2P1/1pp2P2/8/1P5P/4R2K b - - 0 31	d5g5 e1e4 b7e4	1433	0j0k0p13151o
oo92Y	3q2k1/1p3p2/3r1Pp1/3p2Q1/2p4R/2P5/p1P2PPK/8 w - - 0 40	h4h8 g8h8 g5h6 h8g8 h6g7	1433	050p1013161n
q8FGQ	8/p6p/2p2kp1/5p2/2r1pN1P/1r6/1P1KP2R/1R6 b - - 1 32	e4e3 d2d1 c4f4	1433	0g0j0p1o
qdpJk	8/5k1p/1Rn2Pp1/p3P3/b7/8/7P/6K1 w - - 3 42	b6b7 f7e6 f6f7	1433	000g0p1o
rHUre	5rk1/1pp3p1/1pn1p3/4p1Bp/P2pP1qP/1P1P1rP1/2P1QPK1/R4R2 b - - 6 26	f3g3 f2g3 g4e2	1433	0g0j191o
rjH4y	8/8/3k2p1/3Ppp1p/4PP1P/6K1/8/8 b - - 0 40	f5e4 f4e5 d6e5 d5d6 e5d6	1433	0g0p101e
sce9M	2r2r2/pp2qpk1/6pp/4n3/2Q2P2/4PN2/1P4PP/4RRK1 w - - 4 23	c4d4 f8d8 d4e5	1433	01191o
sx2Be	r1bqkb1r/pp3ppp/2n2n2/3pN3/8/2Q3P1/PPP1PPBP/RNB1K2R b KQkq - 0 7	f8b4 e5c6 b4c3	1433	0g1c1g1o
trB0A	3r1rk1/ppp2pp1/7p/2q1pN2/3nP3/1P1P4/1PP2QPP/2R2RK1 b - - 8 18	d4e2 g1h1 c5f2 f1f2 e2c1	1433	0g0i0j10191g
u44oe	6k1/1Q3pp1/p3p2p/1p6/8/3rPKP1/1q3P1P/7R w - - 0 37	b7a8 g8h7 a8e4 f7f5 e4d3	1433	0g0p0s10
vmCG9	5bk1/2R4p/K3p1p1/3r4/1p2N2P/5PP1/Pr6/8 w - - 2 43	e4f6 g8h8 c7h7	1433	030p0s13151o
wNLuL	8/4pp2/3p1kp1/3P2b1/rpPqP3/7Q/4BPK1/7R w - - 8 40	h3h8	1433	0p13141b
xWgCf	r1bq2k1/1p2b1r1/p3pnNQ/3p4/8/P2B4/1P3PPP/R4RK1 w - - 5 24	h6h8 g8f7 g6e5	1433	0y11121315191o
xbIb4	3r4/R7/6p1/1p3pk1/5b2/P4B2/1P4P1/5R1K b - - 0 37	d8h8 h1g1 f4e3 f1f2 e3a7	1433	0g0p0s101g
yGvkK	8/Pk1b3p/1Bn1p1p1/1BPpPpP1/3P1P1P/1K6/8/8 b - - 2 54	c6d4 b3b4 d4b5 c5c6 d7c6	1433	010p0s10
zwfGx	5N1k/rpp3p1/p1np2Qp/4p1q1/PPB5/2PP3b/3n1PP1/RN3RK1 b - - 2 17	d2f3 g1h1 h3g2	1433	0y1315191g1o
1sA1Z	r3k2r/p4ppp/2p5/2b1p3/2bqP3/5N2/P2BQPPP/3RK2R w Kkq - 8 16	f3d4 c4e2 d4e2	1434	01191o
2WaGU	4r1k1/pp2r1bp/2N3p1/3Rp3/5B2/P1P4P/1P3PP1/4R1K1 b - - 0 23	b7c6 d5c5 e5f4 e1e7 e8e7	1434	011019
3Dkkw	1Q6/4q1pk/p5rp/1p1p1B2/2pPb3/P1P5/1P3PPP/4RK2 b - - 0 36	e4g2 f1g1 e7e1	1434	0i0j0p13151o
3QpSs	2k5/1pp5/p2p2pb/8/3Pb3/4P3/PPP1RrPP/2K2BR1 b - - 7 21	f2e2 f1e2 h6e3 c1d1 e3g1	1434	0b0g0p0s10
3VNIS	2k1r2r/pbp3pp/3b4/p2P1p2/2P5/P2P1N1P/2Q2PP1/q1B2RK1 w - - 0 18	c1b2 a1a2 f1a1 a2a1 b2a1	1434	010d10191t
4zRnW	r4r2/4qp2/p5p1/1p2p2k/2p1b2P/P7/1PPQ1P2/2KR2R1 w - - 0 25	g1g5 h5h6 g5e5 h6g7 e5e7	1434	0g0j0k1019
5CRqc	2r3k1/p4ppp/r3p3/2p1P3/1nR5/6P1/1P3PBP/R5K1 w - - 0 30	a1a6 b4a6 g2b7 c8b8 b7a6	1434	010p0s10
74oQj	8/5p2/4pk2/3p4/P2PP3/5Pqp/3Q2P1/1r3RK1 b - - 2 33	h3h2 g1h1 b1f1	1434	000i0p13151o
7HNI2	6r1/1kpn1q2/1p3p1p/2pPpr2/1B6/1Q3B2/5RPP/5K2 w - - 0 31	d5d6 f5f3 b3f7 f3f2 f1f2	1434	010j0k0s1019
7WBGL	r5k1/ppq2pp1/7p/1Pp2Q2/6Br/1P6/1BPP1PPb/1R3R1K b - - 3 26	h2g1 h1g1 c7h2	1434	050j0k0y1315191n1o
934ni	rn3rk1/pp4pp/1q2Qbb1/2pP1p2/2P5/1P1B2NP/PB3PP1/R4RK1 b - - 2 22	b6e6 d5e6 f6b2	1434	01191o
9eYBO	8/P7/3Q4/8/4qpp1/K5k1/1P6/8 b - - 0 60	e4e3 a3b4 e3a7	1434	0g0p111i1o
AM7iz	r1r3k1/p3R1pp/2pR4/3p3P/3n4/5P2/PP1N2P1/6K1 b - - 3 25	d4f5 e7d7 f5d6	1434	010p0s1o
AdNLI	r1b1k2r/ppp1nppp/2n5/3qP3/2PP1B2/5N2/P5PP/R2QKB1R b KQkq - 0 11	d5e4 d1e2 e4f4	1434	010s1c1o
AuXT2	r1b3rk/p2nb3/1p3nQ1/3p4/2pP1P2/2P1P1P1/PP1B1KP1/R7 w - - 7 24	a1h1 f6h7 g6h7	1434	0y1315191o
B4zvp	7r/np2q1b1/pNpk3p/P5p1/1P2p1P1/1Q2PB2/4K1P1/1R6 w - - 0 29	b1d1 d6c7 d1d7 e7d7 b6d7	1434	0g0s1019
Bh3Nu	8/7p/6p1/5P2/4k2P/p7/2K5/8 w - - 0 49	f5f6 a3a2 c2b2	1434	0g0p1e1o
DH5WT	8/3p4/R2rk1p1/5p1p/1p3P2/1P2K1P1/P6P/8 w - - 0 36	a6d6 e6d6 e3d4 d6c6 d4c4	1434	0g0p101m
ENdlI	8/p1p3pk/1qp1p2p/8/2K1P3/1NBP2PQ/1PP4P/4b3 b - - 1 35	b6b5 c4d4 e1f2	1434	0p1113151o
G4tpG	4R3/pp4k1/6p1/3P4/8/3p4/P7/2q1Q1K1 b - - 2 43	d3d2 e1c1 d2c1q	1434	000g0p111h1o
HOR2a	r2k1bnr/1p3ppp/3p2q1/1pp5/3pPPPP/3P4/PPP5/R1BQK2R w KQ - 0 15	f4f5 g6f6 c1g5	1434	010d191g1o
LKVem	r2qkbnr/pp3ppp/2n1p3/3p2Bb/3P4/2PB1N1P/PP3PP1/RN1QK2R b KQkq - 1 8	h5f3 d1f3 d8g5	1434	010b1c1o
LSng5	6k1/1ppn2pp/p2r4/6Q1/2Pq4/1P1PRP1b/P4P2/4R1K1 w - - 8 23	e3e8 d7f8 e8f8 g8f8 g5e7 f8g8 e7e8	1434	050y1317191n1w
Lmbus	8/1p5p/1k6/2RpB1b1/P2Pp3/1P6/1r6/5K2 w - - 14 42	e5c7 b6a7 c5a5	1434	0p13151f1o
LtcLE	8/p1p3bk/1p4pp/8/2Q1N3/6P1/Pr4qP/2KR2R1 b - - 1 23	b2b1 c1b1 g2b2	1434	051315191n1o
NOl4V	6Q1/1pR4p/p2q1p2/4nk2/6P1/2N4P/5P1K/8 b - - 0 39	e5g4 h2g1 d6h2 g1f1 h2f2	1434	0k0m0p0s101316
NtTRr	k3r3/8/p6B/1b6/5p2/2R5/PP4PP/6K1 b - - 0 33	e8e1 g1f2 e1f1	1434	0p13151d1o
OP74p	Q2R4/1p2kpp1/8/1N6/2P3n1/1P2p1P1/P3P2r/1q3RK1 b - - 3 30	h2h1 g1h1 b1f1	1434	050i1315191o
PrQL4	1r6/2qnkppp/4p3/1Q6/8/2N3P1/4PP1P/3R2K1 w - - 5 26	d1d7 c7d7 b5b8	1434	010i0p0s111o
QgaaR	4nrk1/1p2ppb1/p2pb1p1/6Pp/q2BP2P/2Q2P2/1PPKB3/R6R b - - 5 21	a4d4 c3d4 g7d4	1434	01191o
RL17w	5r1k/3RR2p/8/8/8/5r2/1PP4P/6K1 b - - 3 38	f8g8 e7g7 g8g7 d7g7 h8g7	1434	0g0p101m
SbnKH	r2q2k1/pp3ppp/8/3p4/7r/2P5/PPN1QbPP/R1B3RK b - - 0 22	h4h2 h1h2 d8h4	1434	050y1315191n1o
UxktH	r1b3r1/ppp1q2k/5b1p/1N3p2/2B1pP2/2P5/PP1Q2PP/3R1RK1 b - - 2 23	e7c5 b5d4 c5c4	1434	0g0s191o
WABxQ	2r5/pp1bp1k1/3p1pP1/8/2P1q3/1P5P/1R4Q1/K6R b - - 1 30	e4g2 b2g2 d7c6 h1h2 c6g2	1434	050g0p10
WIqXk	rnb1kb1r/pppp1p1p/7n/8/2q1PQ2/2N5/PPPP2PP/R1B2R1K w kq - 1 10	f4e5 c4e6 e5h8	1434	0g0s1c1o
WR4Qd	1R6/2K1k1pp/p2r4/8/3pb1PP/8/4B3/4R3 b - - 1 44	d6c6 c7b7 c6c1 b7a6 c1e1	1434	010j0k0p10
WVtNt	2r3k1/3qbppp/p1rp1n2/1p2P3/1P1B4/P2Q1b1P/2B2PP1/2R1R1K1 w - - 0 23	e5f6 c6c2 c1c2	1434	0g191o
YJFEn	r2q1rk1/pb2bp1p/1p2p1p1/3nP3/4BP2/P1N1B2R/1P2Q1PP/R5K1 b - - 2 18	d5c3 b2c3 b7e4	1434	0b0g0j11191o
YN1Uf	3r3k/4b2p/p4qp1/8/2PrQp2/1P6/P4PPP/R3R1K1 w - - 0 32	e4e7 f6e7 e1e7 d4d1 e7e1	1434	011019
YTj4w	2rq1rk1/pb1nbppp/1p2p3/4P3/1n1BN3/PP3NP1/5PBP/2RQR1K1 b - - 0 17	c8c1 d1c1 b4d3	1434	01111c1o
YlarA	r4rk1/pp1b2p1/4p2R/2pp4/6Q1/2PBP1P1/PP3qP1/2KR4 b - - 0 19	f2e3 c1b1 e3h6	1434	0g0s191o
YrYBW	2r1k2r/4Pp1p/2q3p1/p3p3/4P1PP/2p5/P1PQ4/1K1R3R w k - 0 25	d2d8 c8d8 e7d8q	1434	000p13151h1o
Z4kg2	8/p2bk1p1/3p1q1p/1p1P1p2/7P/PP2N3/5PP1/4Q1K1 w - - 1 34	e3g4 e7f7 g4f6	1434	0g0j0k0p1o
ZKvSu	6k1/5p2/2N5/3pB1pp/2bP4/P3qP2/6PP/1R5K w - - 2 30	b1b8 g8h7 b8h8 h7g6 c6e7	1434	0p101316
aRpLT	r6k/3q2pP/3P1p2/1Q1Rp2P/8/1PK2N2/r4P2/7R b - - 2 31	a8c8 d5c5 d7b5 c5c8 h8h7	1434	0g10191g
aa0RG	6k1/p4pn1/1p2p1pp/n7/4qPQ1/P5PN/P1r4P/B2R2K1 w - - 2 27	d1d8 g8h7 h3g5 h6g5 g4h3 g7h5 d8h8	1434	0d0y1317191d1n1w
cAuhg	4B1k1/b3n1p1/4Np1p/2N2P2/1P4n1/7P/3r2P1/1R4RK b - - 0 32	g4f2 h1h2 a7b8 e6f4 b8f4 g2g3 f2g4 h2h1 d2h2	1434	0k0m1318191w
de7Xa	r5k1/pp1qr2p/5QpB/3b4/3P3P/P7/1P4P1/3R1R1K b - - 0 26	d7h3 h1g1 h3g2	1434	1315191g1o
dscRz	r5k1/1bp1r1pp/p4p2/n2q4/2NP1P1b/1PPB4/P1R3P1/R1BQ2K1 b - - 1 18	e7e1 d1e1 h4e1	1434	0g0s191o
eGwwk	6k1/1p4pp/p3qpb1/3p4/1brP4/1Q2B2P/PP2NPP1/5RK1 b - - 2 22	g6c2 b3c4 d5c4	1434	0g191o1t
esadu	1k1r4/1b6/p5p1/4Ppq1/1P1b2p1/P2B2B1/2R3P1/3QKR2 b - - 1 30	g5e3 d1e2 e3g3	1434	0g0s191o
f4n8I	7k/1b3prp/p2p1q2/1p1P2r1/2p1P2Q/2P5/PP1N3R/1B3R1K b - - 1 36	f6f1 d2f1 g5g1	1434	0y1315191n1o
fcEty	1r6/r3n2p/4Pkp1/2p1N3/8/6P1/p5KP/R1R5 w - - 1 36	e5d7 a7d7 e6d7	1434	00010p0s1o
fd7IB	2b5/8/1p2p3/3p4/1P1PpN1P/4k3/8/6K1 w - - 0 49	h4h5 e3f4 h5h6 f4e3 h6h7	1434	00010p101l1n
heV4T	2b2rk1/R6p/4p1pr/8/4nPB1/4P3/6PP/2R3K1 w - - 6 32	c1c8 f8c8 g4e6 g8f8 e6c8	1434	01050b0s1019
i2up3	5rk1/p3Qppp/1p4q1/3nR3/8/1P5b/P1P2PPP/4R1K1 w - - 0 25	e7f8 g8f8 e5e8	1434	050y1315191n1o
iHqHz	6k1/pp3pp1/1bpq2p1/3p3n/PP6/3P1BPP/1B2Q1K1/2R1R3 b - - 0 26	d6g3 g2h1 g3h3 e2h2 h5g3	1434	0i10131619
k8mNM	2rr4/1p6/p7/8/5Np1/1KN3k1/5R2/8 w - - 2 45	c3e4 g3h4 f2h2	1434	020p13151o
kVAKM	4r1k1/pppnQpp1/5nbp/1N1p4/8/P1q2BBP/2P2PP1/5RK1 w - - 2 21	e7e8 f6e8 b5c3	1434	01191o
ktoYm	r2qk1nr/1pp2pp1/p3b2p/4p3/1bP5/2N5/PP2BPPP/R1BQK2R w KQkq - 2 11	d1a4 d8d7 a4b4	1434	010s1c1o
kwzvp	6r1/1p6/3P1k2/R4P1p/2P5/4K3/1r6/4R3 b - - 2 36	g8e8 e3f3 e8e1	1434	0g0p1m1o1p
l5E0E	r6k/p1p5/1p1p4/3n4/8/1Q4R1/PK6/4qqR1 w - - 0 38	g3h3 f1h3 b3h3 e1h4 h3h4	1434	0r10131619
lRr92	4N3/1p3k1p/2p5/p5p1/P2Q2K1/1P6/6BP/4q3 b - - 0 38	e1h4 g4f3 h4d4	1434	0g0p1o1p
lwTIG	r3r3/6qk/1p2b2p/p2p4/3N1Rp1/3P2QP/7K/5R2 w - - 0 30	d4e6 e8e6 f4f7 a8a7 f7g7	1434	0110191g
mCvJ3	r5k1/1b2n1p1/p2p3p/1p6/2pP1R1q/P3P2P/BPP3P1/R2Q3K b - - 2 21	h4h3 h1g1 h3g2	1434	0y1315191g1o
mO1Fw	7k/7P/6P1/4rP1K/4P3/p7/8/8 w - - 1 56	h5h6 e5e7 f5f6 e7h7 g6h7 a3a2 f6f7 a2a1q f7f8q	1434	000p13181h1m1w
mVRZo	5r1k/5rp1/1P1P3p/1QP5/P7/8/4q1PP/3R1RK1 b - - 6 33	f7f1 d1f1 f8f1	1434	0p13151o
n7rqg	2k5/8/2PB4/p1K1pp2/P6p/5PbP/8/8 b - - 1 50	e5e4 f3f4 e4e3 d6e5 e3e2	1434	00080g0p10
oyE0y	8/4k3/3pPp2/2pP1P1p/1p1PP2P/pP2K3/P7/8 b - - 0 61	c5c4 b3c4 b4b3	1434	0g0p1e1o
p9Oov	1k1r4/1r3p1R/4p1p1/1p6/1R1PKPP1/8/1P4P1/8 b - - 1 31	f7f5 e4e5 b7h7	1434	010j0p1m1o
pGTjG	5r2/1p1b1p1k/p3pPp1/3p2Qp/4q1PR/2r2NK1/P6P/8 w - - 14 34	h4h5 h7g8 h5h8 g8h8 g5h6 h8g8 h6g7	1434	050s1317191n1w
qPlcR	r1bqk2r/ppp1b1pp/3p1n2/5p2/2n5/2N2NP1/PP2PPBP/R1BQ1RK1 w kq - 2 9	d1a4 c7c6 a4c4	1434	010s1c1o
rOjJJ	3k4/3b2Q1/2q5/1p6/2p4P/r1P2P2/6P1/3R3K w - - 0 51	g7f8 d8c7 f8a3	1434	0g0p0s1o
sCXak	3q1k2/3B1pp1/3p3r/3Pp1R1/1p6/1N2QP2/rPP5/2K4R b - - 0 25	h6h1 g5g1 h1g1 e3g1 d8d7	1434	0g0t1019
sLmcd	8/NpQ5/8/4p3/3k1p2/6rP/PP3q2/3K4 w - - 1 53	c7b6 d4e4 b6f2	1434	0g0p1o1p
sT4vh	r1q1kb1r/ppp2ppp/4bn2/4p3/2B1P3/2P2Q2/PP1N1PPP/R1BR2K1 b kq - 5 10	e6g4 f3g3 g4d1	1434	011c1o1p
sk5PB	5r2/ppk5/8/3p4/3Npn2/2P4P/Pr4PK/R4R2 w - - 0 33	f1f4 f8f4 d4e6 c7d6 e6f4	1434	01050p0s101n
ucpT5	r1bqr1k1/pp3pBp/5np1/4n3/8/P1p2P2/1PPQB1PP/R3K1NR w KQ - 0 14	d2d8 e8d8 g7f6	1434	010b1c1o
uwpay	5rk1/5ppp/4p3/3p4/r7/1q2PQ2/6PP/2R2RK1 w - - 0 23	f3f7 f8f7 c1c8 f7f8 f1f8	1434	0p1013161n
wJlNs	6rk/5Qpp/p3N2b/4p3/8/5RP1/P1q4P/3r1R1K w - - 9 29	f7g8 h8g8 f3f8	1434	051315191n1o
wNgB4	8/5k2/R5p1/2bn3p/5P1P/5KP1/8/8 w - - 6 73	a6a5 c5e7 a5d5	1434	0g0p1o
xwHs3	1k6/pppq1p1p/5p2/3B4/3pP1r1/3P4/PPP2P1K/R2Q2R1 b - - 1 19	g4h4 h2g2 d7h3	1434	0n0p13151o
ytAQE	r5k1/3b2P1/2p1p2p/3p4/1p1P3R/P2Q1N2/KP4q1/7R b - - 0 28	a8a3 d3a3 b4a3 h1h2 g2f3	1434	010b10191g
zMSG7	r3r1k1/2pR1p1p/p5p1/1p6/8/P1P2qP1/1PQ2P1P/3R2K1 b - - 2 24	e8e2 c2e2 f3e2	1434	010p1o
0fyn4	8/2p2pp1/p6p/2pk4/PbRPr3/3KBP1P/1P4P1/8 b - - 0 27	e4e3 d3e3 d5c4	1435	0g0i0p1o
1E8tB	rn1qk2r/pp2nppp/4p3/2bpP3/6b1/2N2NP1/PP1B1PBP/R2Q1RK1 w kq - 1 13	d1a4 b8c6 a4g4	1435	010s1c1o
2lvCd	Qn1r2k1/5ppp/1p2p3/2p5/8/1B1qB3/Pb3PPP/3RK1NR b K - 1 18	b2c3 e3d2 c3d2 d1d2 d3d2	1435	0g1019
2oFpu	8/7p/8/2kp2P1/1Rb5/5B2/3KP3/7r w - - 3 43	b4c4 c5c4 f3h1	1435	0g0p1o
2wDIB	8/1p3pk1/pN4p1/5n1p/3B3b/1P1K1P1P/P5P1/8 b - - 3 35	f5d4 d3d4 h4f2 d4d5 f2b6	1435	050g0p0r101p
3fls0	6rk/2pnqrNp/3pp2Q/8/p2P4/P5R1/1Pp2P1P/2K3R1 w - - 1 24	h6h7 h8h7 g3h3 e7h4 h3h4	1435	050y101316191n
5Gjgr	rn2k1nr/ppp2ppp/8/3q4/3p4/4N2P/PPPKPP2/RNBQ1BR1 b kq - 2 8	d4e3 d2e1 e3f2 e1f2 d5d1	1435	00040g0k0m101c
5bphV	r4k2/3R1pr1/p3pQpp/1p2P3/4q2P/8/PPP2PP1/6K1 w - - 1 22	d7d8 a8d8 f6d8	1435	0p13151o
5ngRK	4k3/p1R1P1b1/1p4pp/5p2/2p2P2/P1P2BP1/1P1q2KP/8 w - - 3 33	g2h3 d2d7 f3c6 d7c6 c7c6	1435	0g0h0p101g
7gX5T	5rk1/1p3pp1/p3q2p/2r4P/3p2Q1/1Pn2R2/P2B2P1/5R1K w - - 7 32	g4e6 f7e6 f3f8	1435	010y191o
7wdVN	r3r1k1/1pqb1pbp/p1n2np1/4p1B1/4P3/2N2N2/PP1Q1PPP/R3RBK1 w - - 2 15	g5f6 g7f6 c3d5 c7d8 d5f6 d8f6 d2d7	1435	010j0s191w
9ZJYT	1k5r/2p1R3/Q1K1R2p/1P6/2P4p/q2r4/5PP1/8 b - - 1 50	d3d6 e6d6 a3d6	1435	0p13151o
A1Cbs	3r3k/1p4pp/3rqp2/Q3p3/P7/1P1RB2P/5PP1/6K1 w - - 0 30	a5d8 d6d8 d3d8	1435	0g0p1o1y
AFkIu	4r1k1/pp3p1p/4r1p1/3pn1q1/3B1b2/1BP2PPb/PP3Q1P/3RRNK1 b - - 0 28	e5f3 f2f3 e6e1	1435	010i0j0y11191g1o
AXOx8	3r1rk1/pN3ppp/2p1p3/1p2P3/5q2/P2B4/1P4PP/R2Q2KR b - - 0 19	f4e3 g1f1 d8d3	1435	01191o
AdjvW	8/5p2/k5pp/1R6/3N1K1P/r1p5/8/8 b - - 0 50	a3a4 b5d5 c3c2	1435	000g0p1g1o
AfpdF	1k6/rp4R1/7p/8/2K2P2/7P/6P1/8 b - - 0 33	b7b5 c4b5 a7g7	1435	0g0j0p1m1o
AkQRK	r5k1/p4ppn/7p/8/4Q3/4P3/3NqPPP/1r1R2K1 w - - 0 25	e4a8 h7f8 d1b1	1435	010t0w191o
Ap1P7	3r1rk1/pp1q1ppp/5n2/4p3/1nP1P3/2NP1R2/P3B1PP/R2Q2K1 b - - 0 14	d7d4 g1h1 d4c3	1435	0g0s191o
BohVB	r5k1/pp1n4/2pB3p/q1P2pp1/P2P4/4rP1P/3Rb1P1/R1Q3K1 w - - 0 27	d2e2 e3e2 c1c4 g8g7 c4e2	1435	050g0r0s10191n
CLcBW	2br3k/p3nQpp/4pNn1/1q1pP1P1/2pP1B2/2P3PB/Pr3P2/R3R1K1 b - - 2 23	d8f8 f7f8 g6f8	1435	0111191o1t
CVLym	1k6/1pp5/p7/2b4p/2P3q1/5rP1/PB3PKP/3Q1R2 b - - 1 32	f3f2 f1f2 g4d1	1435	0g0i0j0p0s1o
CXVfr	rr4k1/5pp1/p3p2p/3n4/8/Nq1Q3P/1P3PP1/R1R3K1 w - - 0 21	c1c8 b8c8 d3b3	1435	010i191o
CvKEz	3r2k1/4R1p1/pp4Qp/5p2/5P2/1P1r3P/P4qP1/2R4K b - - 5 38	d3d1 c1d1 d8d1 h1h2 f2f4	1435	0g0p10
DS0WM	r2qkbnr/pb1ppppp/1p6/2p5/1nP5/P1N1PNP1/1P1P1P1P/R1BQKB1R b KQkq - 0 6	b7f3 d1f3 b4c2 e1d1 c2a1	1435	010s101c
Du3q8	2r2rk1/4Bp2/1q1pN1pP/p7/1p6/8/PPP5/1Kn4R w - - 0 28	h6h7 g8h8 e7f6	1435	0011121315191o
ESjQs	2rr2k1/6p1/4p2p/pp2P3/3nRPB1/7P/P1p3PK/2R5 w - - 0 31	e4d4 d8d4 g4e6 g8f8 e6c8	1435	010b0p10
EVRfG	rnbqkb1r/pp3ppp/2p1p3/3pPn2/3P1P2/5N2/PPPN2PP/R1BQKB1R b KQkq - 2 6	f5e3 d1e2 e3c2	1435	011c1o
Edc5v	r2q1rk1/pb1n1ppp/2nbp3/1p1pN3/1PpP4/2P1P1B1/P2N1PPP/R2QKB1R w KQ - 3 12	e5c6 b7c6 g3d6	1435	010j1c1o
EeFOD	r2k4/pR3B2/4P2p/8/3pn3/2P5/PKP2P2/4q3 w - - 0 30	e6e7 d8c8 e7e8q c8b7 f7d5	1435	000g0i0p0r101h
Eiu3B	r2qk2r/pbp2ppp/1p2pn2/8/1bPnN1P1/2N5/PP3PBP/R1BQK2R w KQkq - 0 10	e4f6 d8f6 g2b7	1435	010j1c1o
GBMuY	7k/p1p3p1/3b2pp/8/2p1r1q1/P1B5/1P5P/K1Q4R w - - 0 35	c1h6 h8g8 h6g7	1435	0p13151g1o
Gu8fv	8/8/8/4p3/p1rpP3/k7/1RP3r1/1KR5 w - - 4 55	b2a2 a3b4 c2c3 b4b3 a2g2	1435	010j0p10111m
H3xFA	8/1R6/P4k2/5np1/8/7p/1P6/1K6 b - - 0 43	h3h2 b7h7 f5h4	1435	000g0h0p1o
HD15z	4r1k1/2Q1bppp/1pb5/3q4/8/P4P2/3B2PP/3RR1K1 b - - 0 26	e7c5 g1h1 e8e1 d1e1 d5d2	1435	010j1019
Jghbd	r1b1kbnr/ppppqppp/8/4n1B1/2P5/5N2/PP2PPPP/RN1QKB1R b KQkq - 1 5	e5f3 g2f3 e7g5	1435	011c1g1o
KmHxD	8/2r4k/p1p3RP/8/4Q3/7P/P5PK/3qq3 w - - 0 34	g6g7 h7h6 e4g6	1435	0k0m0p13151o
LSSt3	8/3k4/1p5p/p1ppb1p1/P5P1/2P1KP1P/1P6/2N5 b - - 5 36	e5f4 e3d3 f4c1	1435	0g0p1o1p
M554M	3q1rk1/5p1p/2ppb1P1/2nB4/4P3/6R1/P5PP/Q5K1 w - - 1 25	g6h7 g8h7 a1g7	1435	00050k0m1315191o
N05Kc	1r6/6b1/5pkp/3p4/3P4/5N2/R1p2PPP/R5K1 b - - 1 38	b8b1 f3e1 c2c1q a1b1 c1b1	1435	000g0p101g1h
NQ7eD	8/pQbknp2/3q2bp/1p1P4/1P6/2N5/P4PPP/R1B1R1K1 b - - 0 21	d6h2 g1f1 g6d3 e1e2 h2h1	1435	0y101316191g
OC9Mz	8/1kp4p/2Rp4/1p1Pb3/1P6/P4pPP/4R2K/8 b - - 0 35	f3e2 c6c1 e5c3	1435	000g0p1o
PfVDu	r2q1rk1/p3npb1/2bN1npp/4N3/P1B1P3/B7/2P2PPP/R2QK2R b KQ - 0 15	d8a5 d1d2 a5e5	1435	010s191o
T1aWn	r7/4knQ1/5p1q/pp1P1P2/8/P2p4/1P4B1/R6K w - - 1 36	g7h6 f7h6 d5d6 e7d6 g2a8	1435	010j0p10
T9fQY	8/1P4p1/1r3p2/3p3p/R4p1P/4kP2/2K3P1/8 w - - 13 46	a4a3 e3f2 a3b3	1435	0g0p1m1o
TrNSj	r2q1rk1/p4b1p/2pb4/2p2ppQ/2P2p2/2BP3P/P1PN2P1/R4RK1 w - - 2 19	h5h6 d6e5 c3e5	1435	0g191o
Tsihu	1n6/3rkb2/1p5Q/1Pp5/2p5/2P3B1/5PPK/3q4 w - - 13 47	g3h4 e7e8 h6h8 f7g8 h8g8	1435	0p0r101316
VUn45	r2q1r1k/4bNpp/2R1Qn2/p2p1pB1/bp1P4/6PB/PP3P1P/1K5R b - - 1 19	f8f7 e6f7 a4c6	1435	01191o
Vr5BX	r3k2r/1p1n1ppp/p2b2b1/3N2P1/2R2p2/7P/PP2BP2/2R3K1 w kq - 0 19	c4c8 a8c8 c1c8	1435	1315191o
VwLdH	rb4k1/pb5p/1p4q1/2p2Bp1/7Q/8/P1P2PPP/R5K1 w - - 0 24	h4c4 g8f8 f5g6	1435	0g191o
X1v4P	3r1rk1/5Rpp/8/1p1Q4/p7/2P5/PP2q1PP/5R1K b - - 0 27	e2f1 f7f1 d8d5	1435	0g0p1o
XCSuS	8/8/8/1B6/p4K2/P1Pr4/8/4k3 w - - 1 56	b5d3 e1d2 c3c4 d2d3 c4c5	1435	0g0h0p0t101l
XLdtD	r1b2rk1/ppp2ppp/1bnp1q1n/8/2BpP2N/2P2Q1P/P4PP1/RNB2RK1 w - - 3 14	f3f6 g7f6 c1h6	1435	010b1c1o
Y7kVy	4r2k/1p3p1p/p2p1pP1/b2N3P/r1q5/2P5/1P6/1K1R2R1 w - - 0 31	g6g7 h8g8 d5f6	1435	001315191o
Z5Sgy	r2qr3/p4kpp/1p1pbn2/2p5/4NP2/8/PPP3PP/R1B1QRK1 w - - 2 16	e4g5 f7g8 g5e6 d8e7 f4f5	1435	0g0h0i1019
ZWngN	r4rk1/1p3pp1/p1pqb2p/3p4/4Pn2/2P3RP/PPBN1QP1/4R1K1 w - - 4 22	e4e5 d6e7 f2f4	1435	0g0v191o
ZZutO	1k1r4/n5R1/p1pP3q/1pPb3p/3Q2p1/P2Br3/3N2PP/5RK1 b - - 5 32	e3d3 d4d3 h6g7	1435	010i191o
Zs21V	r6r/ppkbn1pp/2p4q/4n3/Q3P3/2NBP3/PPP3PP/2KR1R2 w - - 7 18	a4a5 b7b6 a5e5	1435	0g0s191o
aC9w1	3r2kb/5p1p/2q5/3p1QpN/6P1/2p3P1/1p3P2/3R2K1 w - - 0 41	f5g5 g8f8 g5d8	1435	0g0p0s1o
aeccS	5k1r/pp3p2/2n3p1/6q1/3b1N2/3Q2n1/PP4KP/R4R2 w - - 0 26	f4e6 f8g8 e6g5	1435	0g191g1o
cwIHg	2r5/8/5p1p/4kPp1/R1p1r3/P4KP1/8/2R5 w - - 5 42	a4a5 e5d4 c1d1 d4c3 f3e4 c8e8 e4f3	1435	0g0h0i0p1m1w
dM1Fd	5k2/5p2/p3r2p/1p6/2pQ4/q5P1/3R1PKP/8 w - - 4 32	d4h8 f8e7 h8d8	1435	0p13151o
dPK8h	r6r/pp2bppp/4k3/3R4/2n2P2/4B3/PP4PP/3R2K1 w - - 1 20	f4f5 e6f6 e3d4 f6g5 f5f6 g5g6 f6e7	1435	00010j0k0r191w
fDh8c	8/8/5k2/R4p2/P5p1/1P1r3P/6PK/8 b - - 0 36	g4g3 h2g1 d3d1	1435	0p13151m1o
h9u4C	2b5/4q1k1/p1p5/5Pp1/2pPr3/P4Q2/1PP5/2K3R1 w - - 0 37	f5f6 e7f6 f3e4	1435	010i0p0s1o
iXsjQ	3rr1k1/R1R2p1p/6p1/3pnq2/1p1Q4/1P2P1P1/5PBP/6K1 b - - 2 28	f5b1 g2f1 e5f3 g1g2 f3d4	1435	0g0s1019
jPpp9	8/1PBr4/8/3k4/1P3P2/3K4/8/8 b - - 0 59	d5c6 d3e4 c6c7	1435	0g0j0k0p11121o1r
jZIco	rn5r/pp3Rp1/1kp4p/2q1p3/8/4Q3/1PP3PP/2KR4 w - - 4 23	f7b7 b6b7 e3c5	1435	010i191o
kUvbh	3Qb1k1/2p4p/p5p1/1pP3P1/1P1b2q1/P7/6R1/5R1K b - - 7 31	g4h3 g2h2 h3f1	1435	0p13151o
p7D9z	6r1/r3q1pk/4p1Rp/4Pp1P/2pp1P2/P6P/1P4QK/6R1 w - - 0 38	g6h6 g7h6 g2g8	1435	0j0p13151o
pT8of	6R1/5K2/5B2/5kP1/p7/7r/8/3b4 b - - 0 50	d1b3 f7f8 b3g8	1435	0g0p1o1p
q6zbS	r3r1k1/pppb1ppp/2np4/5q2/8/1P3B1P/PBP2PP1/R2Q1RK1 w - - 1 15	f3g4 f5f4 g4d7	1435	01191o1p
qB2oq	r1bq1rk1/pp2bppp/2np4/3N4/3N1P2/8/PPP3PP/R1BQR1K1 w - - 1 13	d4c6 b7c6 d5e7	1435	0g1c1o
qPtUi	3r1q1k/pp1r2pp/8/2p1p2Q/2BnP3/P5R1/1P3P1P/1K4R1 w - - 5 25	h5h7 h8h7 g3h3	1435	050y1315191f1n1o
qQ22T	6r1/Qp5k/P1p4p/4qp2/4r3/2P5/5PPP/R5RK b - - 0 29	e5h2 h1h2 e4h4	1435	050p13151n1o
sA0ai	6k1/1bB2pbn/1P2p1p1/n1R4p/8/2N1PN1P/r3BPPK/8 b - - 2 28	g7c3 c5c3 a2e2	1435	010b191o
sNteF	k7/ppr2p1p/3Q4/5pb1/1R6/1K6/P1P2P1P/5q2 w - - 0 31	d6f8 g5d8 f8d8 c7c8 d8c8	1435	0p101316
spB9d	5kr1/pp3p1p/1n1r4/6R1/5p1N/3B1P2/bP4PP/4R1K1 w - - 4 25	g5g8 f8g8 e1e8 g8g7 h4f5 g7f6 f5d6	1435	050g0s191w
srjak	r3r1k1/ppp3p1/5p1p/4n3/3B2q1/1PP3Q1/P4PPP/R4RK1 w - - 2 22	d4e5 g4g3 e5g3	1435	01191o
ssTPQ	5rk1/3n1qb1/3pQ3/pPpPp2R/P7/1P4PK/7P/5R2 b - - 4 30	f7e6 d5e6 f8f1 e6d7 f1f8	1435	010h0j1019
tCbdF	k5r1/1RRK4/p6r/8/8/3P4/P4P2/8 b - - 4 50	g8g7 d7e8 h6h8	1435	0p13151m1o
tJuoJ	6r1/3p1Qpk/4p1Rp/4Pp1P/5P2/2pq2PK/8/8 w - - 0 47	g6h6 h7h6 f7g6	1435	050p13151g1n1o
urfgK	2Q5/p7/1p6/1k2NK2/3b4/8/8/3q4 w - - 9 48	c8c4 b5a5 e5c6	1435	0p13151o
v1G0l	8/2Q2N1p/4p3/1p1q3k/2p5/2P1nRP1/4P2P/6K1 b - - 2 29	d5d1 g1f2 e3g4 f2g2 d1e2	1435	0g0i0p10
wY9LG	2r2rk1/1p4p1/p3p3/3pn3/1P1n1q2/2P2B2/PKQ5/5R1R w - - 0 29	c2h7 g8f7 f3h5 f7e7 f1f4	1435	0g0j10191g
waJf7	8/p2p2pk/4p2p/1p1pP1r1/3P4/P1Pq3P/1P3QPK/5R2 b - - 3 37	g5f5 f2f5 e6f5	1435	010p111o
wenG8	4r1k1/p1p3pp/8/2p1q2Q/2P5/1P2p3/P5PP/5R1K w - - 2 33	h5f7 g8h8 f7f8 e8f8 f1f8	1435	060p1013161n
wyLud	r2q2kb/1b1np2R/pp4p1/2p2pN1/2pP1P2/2P5/PPQN1PP1/2K5 w - - 0 19	h7h8 g8h8 g5f7 h8g7 f7d8	1435	01050r0s10191n
x4cEv	r2qbrk1/p5p1/1p2p1P1/3pPn2/2pP4/Q1P2N2/P1n4R/4R1K1 w - - 6 35	h2h8 g8h8 a3f8	1435	050i0y1315191o
xgZKM	3qkb1r/pp4pp/1n2pn2/3Pp3/4P3/1PrB4/P4PPP/R1BQK2R w KQk - 0 13	d3b5 b6d7 d5e6	1435	011c1o
ygTWY	8/5k2/r1NR4/p2P3P/P3r3/8/7K/8 w - - 0 46	c6d8 f7e7 d6a6	1435	0g0j0p1o
zRSfK	4rrk1/5p1p/pq4p1/1p1Q4/5P2/1P1RP1P1/P4K1P/1R6 b - - 4 25	e8d8 d5d8 f8d8 d3d8 b6d8	1435	010p10
zwAjv	4k3/4p2p/3pQ1pB/2pP4/r4n1K/2P4P/8/1r6 w - - 0 36	e6c8 e8f7 c8f8	1435	0p13151o
15xNM	6k1/p1p2pp1/2p3rp/8/3PbB1P/1PP5/P4P1P/R4K2 b - - 4 27	e4d3 f1e1 g6g1 e1d2 g1a1	1436	010p101p
2cHFU	2k2r2/R7/8/pR6/8/5p1P/r5PK/8 w - - 0 41	a7a8 c8d7 a8f8	1436	0g0p1m1o1p
3iYWG	8/5p2/5kp1/7p/7P/4K1P1/5P2/8 w - - 1 60	e3f4 f6e6 f4g5	1436	0g0p1e1o1z
4UJ76	8/5p2/2k1p2P/4P3/P6P/5P2/1p1K4/1b6 w - - 0 49	d2c3 b1d3 c3b2	1436	01080p1o
69WSH	1n1r3r/pRp1b1k1/3p1pp1/3Pp2p/q3P2N/P1P1Q1NP/5PP1/R4K2 b - - 0 25	a4a6 f1g1 a6b7	1436	010s191o
6IxN1	6k1/2P2pp1/B7/8/P4Pb1/2PP3p/3Br3/RN4K1 b - - 0 27	h3h2 g1f1 h2h1q	1436	000i0p13151h1o
7jcVI	6r1/1BK4R/p1P1k3/8/1P4r1/8/8/8 w - - 0 56	b7c8 g8c8 c7c8	1436	0g0p1o
8T4JL	2r5/1P6/k7/p3P3/3Q4/3P4/1KPq1P2/R7 b - - 0 57	d2c2 b2a3 c8c3 d4c3 c2c3	1436	0g0p10
8YrrX	2kr1bnr/p1pq1ppp/1p6/8/Q2n4/2N2B2/PP3PPP/R1B1K2R w KQ - 0 12	a4a6 c8b8 a6b7	1436	13151c1k1o
9V9JW	8/2p5/Pb6/1P6/4K1k1/3R3p/8/8 b - - 1 61	h3h2 d3d1 b6g1	1436	000g0h0p1o
Aq6YW	6k1/5Nb1/2q3Q1/2p5/1n1p4/3P2PP/4r1PK/5R2 w - - 3 37	f7h6 g8h8 f1f8 g7f8 h6f7	1436	0f0r101316191n
BTazB	6rk/p4pp1/1p5P/2p1pPn1/4N2Q/1P2q3/P5K1/3r3R w - - 0 36	h6g7 h8g7 h4h6	1436	00050k0m1315191o
DR111	k5r1/1p3p2/p2Q3p/P3p1r1/1P2P3/7n/5P1P/2R2R1K b - - 0 29	g5g1 f1g1 h3f2	1436	0f0i0p13151n1o
Da3vX	r4rk1/p4ppp/2p5/3p2q1/4n1Q1/PP6/1BP2PPP/R3R1K1 w - - 2 18	e1e4 g5g4 e4g4	1436	0g191o
DeYDX	r4b1r/pp2kppp/2Pn1n2/4p3/B7/2PP1P1q/PP2Q2P/RNB1K2R b KQ - 2 14	h3h4 e2f2 h4a4	1436	010s191o
E7WqX	2k4r/1p1n1ppp/p5q1/2p5/8/1QP2N2/P4PPP/3R2K1 w - - 3 24	d1d7 c8d7 f3e5 d7c8 e5g6	1436	01050p0s101n
G8wsX	r1bqr1k1/p1p2ppp/1p3n2/4R3/4P3/1P1P1N2/1PPN2PP/3Q1RK1 b - - 0 14	e8e5 f3e5 d8d4 f1f2 d4e5	1436	010s1019
GVUEj	2kr1b1r/1bpp4/p5pp/1pNPPp2/5P1P/1B2B1n1/PP3KP1/R2R4 b - - 4 22	f8c5 e3c5 g3e4 f2e3 e4c5	1436	010s1019
GhfbA	8/2Q2p2/4pnpp/3b4/6Pk/P7/1P3P2/4qBK1 w - - 0 42	c7g3 h4g5 f2f4	1436	0p13151o
Gs16D	8/R7/4k1p1/1b5p/pB5P/P2r2P1/5P2/5K2 b - - 8 40	d3d7 f1e1 d7a7	1436	0g0j0k0p1o
JCUMW	7Q/p6R/r2pp1p1/q1p3k1/4P3/1P1P1BP1/1PP2P2/2K5 b - - 0 29	a5e1 f3d1 a6a1	1436	0d0p13151k1o
LwPr3	r1r3k1/1Q3pp1/p2ppn1p/3p1b2/3P4/P3PP1P/2P3P1/2KR1BNR b - - 2 17	c8c2 c1b1 c2c7 b1a2 c7b7	1436	0g0j0k1019
MRTaV	8/p4p2/1p1rp2r/4kp1P/7R/4K1P1/P4P2/3R4 w - - 0 33	f2f4 e5f6 d1d6	1436	0g0i0p1m1o
Mb8JQ	4r1k1/6pp/1p3p2/1N1p4/Pr1P4/1R2q3/1K6/3Q1R2 b - - 7 36	b4b3 d1b3 e3e2 b3c2 e2f1	1436	0g0r0s1019
N01ag	r1br2k1/pp4pp/2n2p2/6N1/3pQ3/6P1/Pq2PP1P/R2R2K1 w - - 2 20	e4h7 g8f8 h7h8 f8e7 h8g7	1436	0g0i0y1019
NNuSp	r1b2rk1/pp2p1bp/1n4p1/1B1qN3/4Q3/8/PPP2PPP/R4RK1 w - - 0 15	b5c4 e7e6 c4d5	1436	01191g1o
R74rs	3r2k1/pp1r1pp1/2n2q1p/8/P3Q3/5N1P/1P2pPP1/3RR1K1 w - - 0 23	d1d7 d8d7 e4e8 g8h7 e8d7	1436	050g0s1019
RhPVb	4r2k/6pp/8/P7/8/7P/P2p1PP1/1RrR1K2 b - - 2 34	e8e1 d1e1 d2e1q	1436	000p13151h1m1o
SQrZD	7k/b1P5/6p1/3B3p/4K3/1P6/P1r3P1/8 w - - 1 38	d5c4 c2c4 b3c4	1436	0g0p1l1o
STtpS	2kr4/1p2R3/p1p5/8/P3N3/3P4/2Pb2P1/1r3RK1 b - - 3 26	d2e3 e4f2 e3f2 g1f2 d8f8	1436	050g0p101g
T8j7N	4Rrk1/pp3p2/2n2Qpp/2p5/8/3r4/P4PPP/3qR1K1 w - - 2 27	e8f8 g8f8 f6h8	1436	051315191o
UIIcV	8/7p/8/1pQ2n2/1Pp2k2/4qP2/1B3K1P/8 w - - 5 46	c5e3 f5e3 b2c1	1436	0g0p1o
VLioI	rn1qkb1r/ppp1pppp/8/2P5/5nb1/5N2/PP1PBP1P/RNBQ1K1R w kq - 2 8	d1a4 b8c6 a4f4	1436	010s1c1o
VSA18	3r3r/p1p1kppp/2B1p3/q4b2/1b3P2/P1N1B3/1PP1Q3/R3K2R b KQ - 0 19	b4c3 b2c3 a5c3 e1f2 c3c6	1436	010r0s1019
ViDEg	8/p5pk/5p1q/4P3/3P3r/P4PQ1/1P4P1/5RK1 b - - 0 40	h4h1 g1f2 h6d2	1436	0p0q13151o
VxPCe	3r2k1/1b3pbp/pN2p1p1/8/2P1P3/1P3RP1/PB5P/R5K1 b - - 0 23	g7b2 a1e1 b2d4 g1f1 d4b6	1436	010s0t1019
WsLFq	1Qqk4/Pr6/8/8/6p1/6P1/6PK/8 w - - 1 49	b8c8 d8c8 a7a8q	1436	00050g0p1h1o
Wy1Zy	4rr2/7k/p2qp1pp/3p1p2/3Q4/PP2R2R/2P3P1/7K w - - 5 29	h3h6 h7h6 e3h3 h6g5 d4h4	1436	050n0p1013161n
X4SLp	2r3k1/5p2/6pp/8/5q2/3Q4/2R3PP/2R4K b - - 0 39	f4c1 c2c1 c8c1 d3d1 c1d1	1436	060p1013161y
XVbzg	4k2r/2q2ppp/2p1pn2/2bpN3/Qn6/4P3/5PPP/BN3RK1 w k - 2 16	a4a8 c7d8 a8d8 e8d8 e5f7 d8e8 f7h8	1436	01050s191w
XbFMP	4Rrk1/pq4pp/3p4/2p5/2P2B2/1P6/6PP/5RK1 w - - 5 27	e8f8 g8f8 f4d6 f8e8 f1f8 e8d7 f8f7 d7c6 f7b7	1436	050g0k0m0p1p1w
Y1kYL	r5k1/pp1q1pp1/7r/1bppp3/7Q/2P3RP/1R3PP1/6K1 w - - 0 26	h4h6 f7f5 b2b5	1436	01191g1o
Y9Zzg	8/5pp1/4p2p/2P2k2/1P1P3Q/5q2/5P2/3n1KR1 b - - 7 34	d1e3 f1e1 f3d1	1436	0p13151g1o
aUZdo	6k1/1pp3pp/p4p2/4P3/8/2N1Q3/PPqr1RPP/6K1 b - - 2 26	c2c1 f2f1 d2g2 g1g2 c1e3	1436	0g0i0j0p10
b0g2j	r5k1/3R1rp1/p2Bp1p1/8/8/P1R5/1P3bPP/7K w - - 2 26	d7f7 g8f7 c3f3 f7g8 f3f2	1436	050g0p0s10
cjaUN	7k/3q3p/5PpQ/3b2P1/p2P4/5P2/3RB1KP/2r5 b - - 0 35	d7g4 g2f2 g4g1	1436	0p13151g1o
dukAv	2r2b2/pk3qPR/8/Bp2p1P1/2ppP3/8/PPP5/6K1 w - - 0 34	g7g8q f7h7 g8h7	1436	000g0p1g1h1o
e8lHp	r1bq2nr/ppp3pp/3b2k1/3B4/3nP2P/5N2/PPP2PP1/RNB1K2R w KQ - 0 11	h4h5 g6f6 c1g5	1436	13151c1o
flJ5v	r4r2/1pp1qpkp/1p1p2p1/5P2/2Q1P3/6R1/PPP3PP/2K2R2 w - - 3 19	f5f6 e7f6 f1f6	1436	0g0p0s1o
fmx35	4r3/1Q4pp/2p3k1/4q1p1/6K1/8/PP1r2PP/5R2 w - - 0 29	b7f7 g6h6 f7h5	1436	0p13151o
fvR6a	r4rk1/R4ppp/1p2n2q/1N6/3P4/4PP2/2Q2P1P/5RK1 b - - 0 21	h6g5 g1h1 g5b5	1436	0g0s191o
iTec2	5rk1/p3ppbp/3p1np1/2rP4/Q3P3/P1N4P/1Pq1BPP1/1R1R2K1 b - - 6 24	c5c3 a4c2 c3c2	1436	01191o
j1xTM	r1b1k2r/pp1ppp1p/2n2np1/2q5/2P1P3/3B1N2/PBP2PPP/R2QK2R b KQkq - 0 9	c5b4 d1d2 b4b2	1436	010s1c1o
jjlU0	3k4/3q4/p2p2Q1/2rbp3/1p6/1P4PP/P5PK/3R4 w - - 5 36	d1d5 c5d5 g6g8 d8c7 g8d5	1436	01050p0r0s101n
kFV4I	rn1r2k1/pp3ppp/3q1n2/3Pb3/2B5/P1N2PP1/1PP4P/R2QBRK1 b - - 0 18	d6c5 e1f2 c5c4	1436	010s1c1o
kNs0t	8/R5P1/3k4/1pp2K2/p7/8/8/6r1 w - - 0 48	a7a6 d6d5 a6g6	1436	0g0p1m1o
lGW6w	1R3Q2/4p2p/3pkbp1/8/4P3/6K1/3p2PP/3q4 w - - 8 42	f8g8 e6e5 g8d5	1436	0p13151o
meaHC	2bq1rk1/6pp/pr1Qp3/3p4/2pP1B2/P1P1PP2/3R3P/R5K1 w - - 5 22	d6d8 f8d8 f4c7 b6b3 c7d8	1436	01050d0s1019
mq4k6	r2q2k1/1pp2pp1/5np1/3p2N1/p7/2P1P1P1/PPQ2PP1/2K4R w - - 0 19	h1h8 g8h8 g5f7 h8h7 f7d8	1436	01050i0p0s101n
pMrUY	1r3r1k/3Rq2p/p5p1/1Bb1pp2/2Q5/2P3P1/PP4PP/5R1K b - - 1 27	a6b5 d7e7 b5c4	1436	01191o
pPwIQ	6q1/2Q3pk/1p3p1p/p1b1pN1P/P3P3/4PP2/6P1/5K2 b - - 1 40	g8c4 f1f2 c5e3 f5e3 c4c7	1436	0g0j0p10
pZ0F1	N1bk1b1r/pp3p1p/2n2p2/8/3pP3/5N2/Pq3PPP/1R1QKB1R b K - 1 12	f8b4 f3d2 b4d2 d1d2 b2b1	1436	0g101c
phnbN	2kr4/ppp4p/4p3/2b5/5PP1/P2R1K2/1Pn4P/3Q4 b - - 0 26	d8d3 d1d3 c2e1 f3e4 e1d3	1436	01050p0s10
s106A	4r1k1/5p2/p5nQ/3p1N2/8/P1q3P1/4RP1P/R5K1 b - - 0 37	c3a1 g1g2 e8e2	1436	0g0t0w191o
stYLm	8/5rp1/1k6/2R5/1P5P/3bpNK1/2p3P1/8 w - - 0 43	f3e5 f7f1 e5d3	1436	010p0s1o
tM8oF	6k1/6p1/4p2p/4P3/2p1R1P1/P6P/1r6/6K1 b - - 0 37	c4c3 e4c4 c3c2	1436	000g0p111m1o
tr6eG	K1Q5/6k1/5p1p/5P2/6PP/4N2b/1q6/8 b - - 2 49	b2a3 a8b7 a3e3	1436	0g0p0s1o
vmYHh	q3r1k1/1b2bppp/p2p1n2/1p1P1NQ1/1P4r1/P1N3P1/5PBP/2R2RK1 w - - 7 23	f5h6 g8f8 h6g4	1436	0g191g1o
wd1W7	7k/p2q2rp/6r1/4Q3/2PpRp2/3P3P/P4R1K/8 b - - 5 33	d7h3 h2h3 g6h6 e5h5 h6h5	1436	050p1013161n
wxBgO	r2qk1nr/pp4pp/2n1bp2/1B2p3/4P3/4N3/PPP2PPP/R2QK1NR b KQkq - 0 9	d8a5 c2c3 a5b5	1436	010s1c1o
xAkA6	8/4k3/4p3/7p/1pN1P3/1Kp3RP/r5P1/8 b - - 6 48	c3c2 b3a2 c2c1q	1436	00010p111h1o
xZKNJ	2kr1b1r/ppp2p1p/2q1p1p1/8/4RBQ1/3P4/PPP2PPP/R5K1 b - - 1 15	f7f5 g4e2 f5e4	1436	0g0s191o
yhUj9	3r1r2/p3pkbp/4b1p1/np5n/2p5/2P2N2/PP1B1PPP/RN2R1K1 w - - 0 18	f3g5 f7g8 g5e6	1436	010i191o
z36l8	1r1q1r2/1b3pkp/p3p1p1/P1p5/4n3/1PNB4/2PQ2PP/R4RK1 w - - 0 19	c3e4 b7e4 d2c3 d8d4 c3d4 c5d4 d3e4	1436	01191w
0FGp1	r3kb2/p3p3/2q2p2/1p1N1bp1/2BP4/4PP2/PP3KPp/R1Q5 w q - 0 21	c4b5 c6b5 d5c7 e8f7 c7b5	1437	050g0s10191g1n
0GekT	1knr3r/p1p2p2/Qp1p4/3P4/3qP1p1/2R3P1/PPRN2KP/8 b - - 8 28	h8h2 g2h2 d4f2 h2h1 d8h8	1437	05101316191n
2NVcR	8/6pp/5pk1/3Q4/P4qP1/2P3RP/1P2r3/7K b - - 4 45	f4f1 g3g1 f1h3	1437	0i0p13151o
3AMQ6	r3r1k1/pR3ppp/R1p5/3p4/5qP1/1PNP3P/1PP5/5QK1 b - - 2 20	f4g3 g1h1 e8e1	1437	0g191g1o
3f58X	r3r1k1/ppqbbpp1/n4n1p/3PN3/8/1BN4P/PPP3P1/R1BQR1K1 b - - 0 16	e7c5 g1h1 e8e5	1437	010j191o
3zKfw	8/8/8/4K1PB/8/1pk1n3/8/8 b - - 1 56	b3b2 h5g6 e3c2	1437	000g0h0p1o
4pfdk	1n2r3/3r1pk1/6p1/ppqBP2p/3Q4/2P2P2/P1P3PP/3RR1K1 b - - 2 23	d7d5 d4c5 d5c5	1437	01191o
57dgc	3k4/p3RR1p/4p2b/2rpP3/3N4/6pq/P4P2/6K1 w - - 0 27	d4e6 h3e6 e7e6 g3f2 g1f2	1437	0g0p0s1011
5fZeN	6k1/p4r1p/1pQ1p1pP/2n5/8/2P2P1N/P1q2P2/KR5R b - - 0 33	c2c3 b1b2 c5b3 a2b3 c3c6	1437	010j1019
8Bu7A	q5k1/1R5p/2N1p3/8/3PPp2/P4K2/1Pn4P/8 w - - 5 44	b7b8 a8b8 c6b8	1437	0g0p0s1o
9CZRp	2k5/pp3NBp/2p3p1/2n2p2/1PP1pK2/P6P/8/8 b - - 0 31	c5e6 f4e3 e6g7	1437	0g0p0s1o
9DRrg	k5rr/pp2Qp2/4p3/4Pp2/1P3P2/P5Pp/2R1q2P/2B1NRK1 b - - 6 33	g8g3 h2g3 h3h2 g1h1 e2f1	1437	000i0y101316191n
9RTkJ	2b2Q2/1p4pk/2p1p2p/4P3/P1BP4/2P3P1/1P3p1P/4qR1K b - - 0 45	e1e4 f8f3 e4f3	1437	0p0y13151o
9hieT	5k2/3r3p/p2P1p1P/2P2rp1/P1B5/6p1/3K2R1/8 w - - 1 41	c4e6 f5c5 e6d7	1437	010p0s111o
ACo6b	4r3/6k1/p2p4/1ppP4/8/4n3/PPP1R3/2K1RrN1 w - - 1 31	e1f1 e3f1 e2e8	1437	0g0p1o
AexxY	rn1qk2r/1pp2ppp/4p1b1/p2p4/3PN3/2PBPNP1/PP3PP1/R2QK2R b KQkq - 0 10	d5e4 d3b5 c7c6 f3e5 c6b5 e5g6 f7g6	1437	010s1c1w
At4hA	1k4r1/ppp2p2/3p1q2/4n1n1/4P2Q/2PP1N2/PP1NB3/4KR2 b - - 2 22	g5f3 d2f3 e5f3 e2f3 f6h4	1437	0g0r0s1019
BXO87	r1q2r2/pp5Q/k7/2bpp3/8/2P1P3/P1P3PP/1R4K1 w - - 3 27	h7d3 a6a5 d3b5	1437	0p13151o
Btcm4	3r2k1/pp3pp1/2n3qp/3Q2N1/3p4/8/PP3PPP/4R1K1 w - - 0 24	d5d8 c6d8 e1e8	1437	0p13151n1o
CZHvU	5r2/6k1/6p1/2Q2p2/2B1p3/1P2P1P1/1q3PK1/7r w - - 0 43	c5e7 f8f7 e7f7	1437	0g0p1o
CnLyh	1r1r3k/q5pp/3pQ3/4p3/2N1P3/1pP2Pb1/P3K3/5R1R w - - 0 31	h1h7 h8h7 f1h1 g3h4 h1h4	1437	05101316191n
D93Mw	3r1k2/2R2p2/p2rpKp1/1p4P1/5P2/6P1/PP6/2R5 b - - 9 33	e6e5 f6e5 d6e6	1437	050j0k0p13151m1o
DKPCe	r1b1k3/2p3p1/p6p/1p1P3q/3N2n1/1BN5/PPPPQPPb/R1B2R1K b q - 3 17	h2e5 h1g1 h5h2	1437	0j0k0y1315191o
DNY0Z	8/8/4p1p1/5p2/5Pp1/4P1P1/p5P1/k1K5 w - - 0 66	c1c2 e6e5 f4e5 g6g5 e5e6	1437	0g0p101e
ETJAD	1r4rk/5p1p/p2p1PpQ/1p1p2P1/4q1n1/6R1/P6P/5RK1 w - - 6 33	h6h7 h8h7 g3h3 g4h6 h3h6	1437	050y101316191n
FMtoG	8/2Rrk3/2R5/p7/3bbPp1/P5K1/1P6/8 w - - 10 49	c7d7 e7d7 c6c4 d4b2 c4e4	1437	0g0p10
FnXOA	3RNk2/p4p1p/5q2/1pP3p1/1P5n/4P1PK/P3NP1P/3R4 b - - 0 39	f6f5 g3g4 f5f3 e2g3 f3g2	1437	0p0s101316
GEYNg	r1b3k1/ppp2r1p/5Q2/5q2/4p3/P7/1PP2PPP/3R1RK1 w - - 0 18	d1d8 f7f8 d8f8	1437	0y1315191o
GTWps	8/5ppk/4p1bp/3pP3/7n/7P/Q1q2PP1/RR4K1 b - - 2 30	c2a2 a1a2 g6b1	1437	010j0p1o
GlDPw	rn3rk1/p3ppbp/2p3p1/q1Pp1b2/3Pn3/P1N1PN2/1B1Q1PPP/R3KB1R w KQ - 3 12	c3e4 a5d2 e4d2	1437	01191o
Goale	4Q3/7p/3p1kp1/p1p2p2/2n2P2/6P1/6KP/q7 w - - 0 39	e8h8 f6f7 h8a1	1437	010p1o1p
GpCuD	1k1rr3/pp4pp/3qBp1n/3n4/8/Q4N2/1P3PPP/1RR3K1 w - - 2 22	c1c8 d8c8 a3d6	1437	0g0i191k1o
GwvJ7	r2q1rk1/pp4pp/3bpn2/2p3B1/4Pp2/2NP4/PPP4P/2R1QRK1 w - - 0 15	e4e5 d6e5 e1e5 d8d4 e5d4	1437	010s1019
HxVfR	4r1k1/pq3pp1/4Rn1p/8/2r2Q2/2NN4/PPP2PPP/R5K1 b - - 0 25	c4f4 e6e8 f6e8	1437	0g11191o
JiJWH	r3r3/8/2Np3p/3P1kp1/p1NRnp2/Pp3K1P/1P6/8 w - - 0 35	d4e4 e8e4 c4d6	1437	010b0p111o
KGSzo	2kr3r/ppp1qppp/5n2/2b1p3/N1BnP3/2PQB3/PP3PPP/R2R2K1 b - - 0 13	d4f3 g2f3 d8d3	1437	010j191o
KNbVx	1r5r/k5pp/pp1p1p2/Q1pBq3/2P1P3/1R3PP1/PP5P/2K5 w - - 0 28	a5a6 a7a6 b3a3	1437	050p13151f1n1o
LMn2F	r5rk/1pqn1p1p/2pp1PpQ/2b5/p1PpPR2/3P2NP/PPB3P1/4R1K1 w - - 7 24	h6h7 h8h7 f4h4	1437	050y1315191n1o
LWBVn	rk5r/pp1qp3/3p3b/4nQ1p/P2N4/2N1P3/1P4PP/R4RK1 b - - 2 19	h6e3 g1h1 e3d4	1437	0g0s191o
LaQXj	3r1r2/p6k/6p1/3p2p1/3B1pN1/P1P2N1P/1q4P1/6K1 w - - 1 31	f3g5 h7g8 g4h6	1437	0p13151o
OHnfx	5k2/p6p/2N3p1/6K1/3p4/1P1n1rP1/P6P/3R4 b - - 3 32	f3f5 g5h4 f5h5 h4g4 d3f2	1437	0g0p101112
Ogi5S	4r1k1/p4pp1/1nb4p/3p3N/2p3Q1/1Pq4P/P1B2PP1/2R3K1 w - - 0 30	c2h7 g8f8 c1c3	1437	0g0j191o
PQQbf	5b1R/1p3p1R/5kr1/4p3/p3P3/P1r2P2/BPPq4/1K6 w - - 4 32	h7f7 f6g5 f7f5	1437	0s1315191o
Pjmd8	q3rr2/2p2pkp/1p1p4/p1bR4/2P5/1P3QP1/P3PP1P/5RK1 w - - 0 20	d5g5 g7h8 f3f6	1437	1315191o
Pzmot	r1b2rk1/pp1ppp1p/6pb/4P3/1qBP4/5QN1/2RN1PPP/4K2R b K - 2 18	h6d2 c2d2 b4c4	1437	01191o
RZwBF	1r2r1k1/p5b1/4q1p1/3p1pP1/2bB2nQ/7R/P1P3PP/4R2K w - - 4 30	h4h7 g8f7 h7g7	1437	0y111315191o1s
RidnI	r7/1pQ2rkp/p1b5/3p1p2/3P1Pp1/1Pq3P1/P5KR/5R2 w - - 2 27	h2h7 g7h7 c7f7 h7h8 f1h1	1437	050i10131619
RipWK	8/8/6kp/p1P1R3/Pr2K3/8/8/8 w - - 1 51	e4d5 b4a4 c5c6	1437	010h0p1m1o
Sd63b	3R1rk1/p5pp/4p3/8/8/3QP2P/P5PK/2q5 b - - 15 36	c1c7 d3d6 c7d8	1437	0g0p1o
UTZ9k	8/8/2k5/2p2R1r/p1Pp1b2/Pp1P2Pp/1P3K1P/6R1 b - - 0 38	f4e3 f2f3 h5f5	1437	0g0p0w1o
Vvqga	Q4b1r/p4ppp/2Pk1n2/3p4/5q2/7P/PPP3P1/4R1KR w - - 1 24	a8b8 d6c6 b8f4	1437	0g191o1p
WULOW	5rk1/Qb2qppp/1p1r1n2/2pp4/8/2P1PN1P/PP2BPP1/2R2RK1 b - - 0 17	f8a8 a7a8 b7a8	1437	01191o1t
X1dqX	5rk1/p3q1p1/7p/2pR4/2P5/1P4P1/P4Q1P/R5K1 b - - 0 31	f8f2 g1f2 e7f6	1437	01050p1o
X7oAO	2r5/p4kr1/2b1p1p1/1p2P1R1/3PqP2/4B2Q/PPRK3P/8 b - - 4 33	e4c2 d2c2 c6g2 c2b3 g2h3	1437	010j0k0r10191n
XSoO6	2rr2k1/5pbp/6p1/2p5/5Q2/qP2P1PP/P1p2PB1/2R2RK1 b - - 5 23	a3c1 f1c1 d8d1 g1h2 d1c1	1437	050g1011191n
XlS3M	2kr1b1r/ppp3p1/6qp/4N3/2PnN1b1/3P4/PP3P2/R1BQRK2 b - - 0 17	g4h3	1437	13141b1c
ZSlS3	r3k2r/ppp2ppp/3p4/2b5/3PP1n1/1BN4q/PPP1K2P/R1BQ3R b kq - 6 13	h3g2 e2d3 g4f2	1437	0g191o
aN2Jq	8/2p2p1p/4p3/2PPk3/2P5/8/6Kp/8 w - - 1 34	d5d6 c7d6 c5c6	1437	0g0p1e1o
al8JF	8/8/5p1p/p1pk1Pp1/P1p3P1/2K5/2P4P/8 w - - 0 35	h2h3 d5d6 c3c4 d6c6 c2c3 c6d6 c4b5	1437	0g0p1e1l1w1z
bW0RI	6k1/p5pn/1pB4p/8/8/2P3P1/r4P1P/4R1K1 w - - 0 28	c6d5 g8f8 d5a2	1437	0g0p0s1o
cQaUs	r3k3/pp1n1p1p/8/3p4/3Nn3/1P6/P1PNKPrP/6RR b q - 1 16	g2f2 e2e3 f2d2 g1g8 d7f8	1437	0g1019
czeKM	3r1qk1/p1pp2p1/1p2p1N1/n2b1r1Q/3P4/2P5/PP3PPP/R4RK1 w - - 4 20	h5h8 g8f7 g6f8	1437	010y191o
d58vY	2k5/ppq3pr/2pbp1p1/3p2P1/3Pn3/4P2P/PPP1Q1P1/R1B2RK1 b - - 2 21	d6h2 g1h1 e4g3 h1h2 g3e2	1437	0g0j0k0s1019
fKKoP	r1b2rk1/ppp3pp/4qp2/2b1p3/Q1PnB3/P4N2/1B1P1PPP/R3K2R w KQ - 4 13	e4d5 d4f3 g2f3 g8h8 d5e6	1437	0110191g
fnloE	7k/8/2n3p1/p4q1p/2p1pP1Q/PbN1r2P/1P4R1/4R2K b - - 0 38	e3h3 h4h3 f5h3	1437	0g0s11191o
gUMSr	3rk1nr/1Q1bbpp1/p1p2q1p/8/4B3/2NK1N2/PP3PPP/R1B1R3 b k - 3 15	d7c8 d3c2 c8b7	1437	0g0j0k191o
hV6cI	4Q3/2p1n1qp/1pp5/p6P/4P2k/2P2KN1/P7/8 w - - 9 55	e8e7 g7e7 g3f5 h4h5 f5e7	1437	01050p0s10111n
hXUzs	8/6R1/5p1k/7r/6KP/4P3/5P2/8 b - - 0 35	f6f5 g4f4 h6g7	1437	0g0p0w1m1o
heiPM	rnbqkb1r/ppp1pp1p/1n4p1/4P3/2B5/5N2/PPP2PPP/RNBQK2R w KQkq - 2 7	c4f7 e8f7 d1d8	1437	040g0i1c1o
jPS7E	rn1q1rk1/pp3p1p/2pp1n1Q/4pp2/3P4/5P2/PPP2P2/RN2K2R w KQ - 0 15	h1g1 f6g4 f3g4	1437	01191o
kSz0A	1r4r1/3b1p1k/4p2p/p2p1q2/2pP4/P1P2BQR/1P3PK1/1R6 w - - 6 30	h3h6 h7h6 b1h1 f5h5 h1h5	1437	05101316191d1n
kkWN1	r6k/p1n4p/2p2p2/1p3Q2/1NqP4/2P1r2P/P5P1/5RK1 w - - 0 29	f5f6 h8g8 f6g5	1437	01191o
lckcI	r2qk2r/ppp1bp1p/2npp3/3n2Nb/3P4/4P2P/PPPNBPPB/R2Q1RK1 b kq - 0 10	h5e2 d1e2 e7g5	1437	010w1c1o
mJXVV	6rk/1R3p1p/3p1b1p/4pN2/4PnQ1/8/5qPK/8 w - - 6 36	g4g8 h8g8 b7b8 f6d8 b8d8	1437	05101316191n
oyoFC	r1bqkb1r/pp2pppp/5n2/4p3/1nB5/8/P1P2PPP/RNBQK1NR w KQkq - 0 8	c4f7 e8f7 d1d8	1437	01040i1c1o
p5009	6rk/8/2RQ3p/1p2p1pP/4P3/3P2PK/4q3/8 b - - 1 46	g5g4 h3h4 e2h2	1437	0p13151o
rh834	r2qkb1r/ppp2ppn/2np3p/4N1P1/4P2P/1BNP4/PPP2P2/R1BbK2R w KQkq - 0 12	b3f7 e8e7 c3d5	1437	041315191o
tQpKH	8/5p2/1Pk5/3bK1P1/3B4/8/p7/8 w - - 1 55	b6b7 c6b7 e5d5	1437	00080g0i0p1o
wU67U	1k2r3/5ppp/1pp5/b2np3/3NQqP1/7P/PP2KP2/3R4 w - - 5 28	d4c6 b8c7 e4d5	1437	0g191k1o
xYsTU	1k6/p1p2ppp/1q6/pQ6/1P2r3/P6P/5PP1/3R2K1 w - - 4 27	d1d8 b8b7 b5d5 b6c6 d8b8 b7b8 d5c6	1437	0g0i0p0s1w
yNnaO	r4b1k/pbRp2pp/7q/1p1PP3/1P6/PB3N2/1B4PP/4R1K1 b - - 5 25	h6b6 b2d4 b6c7	1437	0g0s11191o
yUbqG	2R3rk/5p1p/4pp2/8/3P1P2/3Q1N2/q4rPP/2R3K1 b - - 1 25	f2g2 g1h1 g2h2 f3h2 a2g2	1437	0d101316191n
yqAOP	r2qkb1r/pp1b1p1p/2n1pp2/1B1p4/3p3B/5N2/PPP2PPP/RN1QK2R b KQkq - 1 9	d8a5 b1d2 a5b5 h4f6 h8g8	1437	010s101c
yzW9g	8/8/2Pk3P/1K6/p7/P7/2b5/8 w - - 1 57	b5b6 c2e4 c6c7 d6d7 h6h7 e4h7 b6b7 h7e4 b7b8 d7e7 c7c8q	1437	00080g0h0p1h1w
zXsrT	8/8/r6p/P3K1p1/R4P1k/8/8/8 w - - 0 50	f4f5 g5g4 f5f6	1437	010j0k0p1m1o
zn5eI	7r/4p1kp/3p2p1/4P1P1/p1R5/p1n2P2/2P4R/2K5 b - - 2 35	a3a2 c4c3 a2a1q	1437	000g0p1h1o
zryAX	6k1/1p3r1p/p1p3p1/2N5/3P1n1P/5Q2/P1q2PP1/4R1K1 b - - 0 26	f4h3 f3h3 c2f2 g1h2 f2e1	1437	0g0i0p0s101n
05jmH	3r4/ppp1kp1p/4np2/7R/8/2N5/PPPrRPPP/5K2 b - - 9 21	d2e2 f1e2 e6f4 e2e3 f4h5	1438	050g0p0s10
0Ar7S	r1b2bk1/p5pp/5n1q/3p4/3p4/3B2B1/PP1NQ1PP/2R3K1 w - - 2 22	c1c8 a8c8 e2e6 g8h8 e6c8	1438	050g0s10191g1n
0IcCP	4r3/5pkp/p2p2p1/1ppP2qr/4P3/1P3P1b/P1BQKP2/R6R w - - 2 27	d2g5 h5g5 h1h3	1438	01191o
0YeTE	2r3r1/p3n1k1/3NR3/3Pp3/q3P1pP/8/PP5P/1K3R2 w - - 0 25	f1f7 g7h8 e6h6	1438	0s1315191o
0dkgh	8/p6k/2p1b2p/2ppP1p1/P1P5/1PqPQ3/6PP/2N3K1 b - - 4 36	d5d4 c1a2 c3a1 e3c1 a1a2	1438	010p0s10
2M0gx	6k1/1b1p1pp1/pP3q1p/5N2/P4Q1P/8/2P1r1P1/5R1K w - - 3 28	f4b8 g8h7 b8b7	1438	0g0p0s1o
2Ohkb	r3kb1r/2pb1ppp/p1pp1n2/8/8/3PNQP1/PPP4q/RNB1KR2 w Qkq - 2 13	f1h1 h2h1 f3h1	1438	011c1o1t
2QmCw	7k/p4Qp1/1p5p/4K3/3P3n/5P2/P3R3/1q6 b - - 4 41	b1b5 e5d6 b5e2	1438	0g0p0s1o
2vPPj	r4rk1/2p2ppp/pbNp1q2/1pnP1b2/8/2P2N2/PPQ2PPP/R1B2RK1 w - - 4 16	c2f5 f6f5 c6e7 g8h8 e7f5	1438	01050s10191n
2wwwF	4rrk1/2pn2p1/Q2b1q1p/1p1Pp2b/1P2Pp2/P4P1P/B1PN2P1/R1B2RK1 b - - 0 19	d6c5 b4c5 f6a6	1438	0g0j191o
31Qdg	6k1/p5p1/2N5/2P4p/1P2B1n1/6P1/r7/5K2 w - - 0 33	e4d5 g8f8 d5a2	1438	0g0p0s1o
459oc	8/pp4k1/2p5/4P1Np/2B2K2/2P5/P5rP/8 b - - 3 32	g2g4 f4f5 g4c4	1438	0g0p1o1p
4IZaJ	4r2k/1p1b3p/p2q3B/2p1b3/P1B1P2Q/8/2P3PP/4R1K1 b - - 1 24	d6d4 h6e3 d4c4	1438	0g0s191o
5OLru	2k4r/p3nppp/1b1Q4/1p3n2/1PP2P2/4B1P1/P6P/2R2RK1 b - - 0 24	b6e3 g1h1 f5d6	1438	0g0s0t0w191o
6koI9	4r1k1/7p/p1qr2p1/2pb1p2/5Q2/P2P3P/2B2RP1/2R3K1 w - - 0 28	c2a4 c6b6 a4e8	1438	0g191o1p
7Na9p	r4r2/5p1p/4pNpk/3pPq2/3P4/6Q1/5PPK/8 w - - 0 29	g3h4 f5h5 f6h5	1438	0g0p1o
8biiw	r4rk1/1p3pbR/p1b1p1P1/4q3/7Q/1Pp5/P3B1P1/R6K w - - 0 25	h7h8 g7h8 h4h7	1438	0d0y1315191n1o
91pDg	2r3k1/1b4p1/4pp1p/1p1n4/1B1P4/1Q2P3/4BPPP/qN2K2R b K - 7 24	c8c1 e1d2 c1h1	1438	0g191o1p
AGwnB	1r4k1/4q1pp/R2b4/4p2P/5r2/1P4N1/1PPQ1PK1/5R2 b - - 0 26	e7b7 f2f3 b7a6	1438	0g0s191o
BkD9I	6k1/p4p1p/2p3p1/2q5/7P/4r3/P1Q1B1P1/2R2RK1 b - - 0 26	e3c3 f1f2 c3c2 c1c2 c5c2	1438	010j0k0p10
C7Sgj	5r2/1p6/2b5/4KR2/1P6/2P5/8/4kB2 b - - 0 43	f8f5 e5f5 e1f1	1438	010p1o
CCjwz	r1bqkb1r/pppp1ppp/8/4n1n1/7Q/1B2P3/PPP2PPP/RNB1K1NR b KQkq - 1 7	g5f3 g1f3 e5f3 g2f3 d8h4	1438	0g101c
D7PVb	7r/4q1k1/3rBpp1/2QPp2b/7P/1P1P4/PK6/5RR1 b - - 2 33	d6e6 c5e7 e6e7	1438	011112191o
DGSZP	8/4k3/7p/4KP2/1p5P/8/8/1B1b4 b - - 2 49	b4b3 b1d3 d1c2	1438	080g0p1o
DypxG	5rk1/1b5p/p3qp2/1p1R4/1P1QR3/P3P3/6PP/6K1 b - - 0 33	e6d5 d4d5 b7d5	1438	010p1o
Fzt4r	4r1k1/1p3pp1/p1p4Q/8/1P6/P5RP/2P2qPK/8 b - - 0 32	f2g3 h2g3 g7h6	1438	0g0p1o
GEstF	4r1k1/1pp2bpp/5b2/2PB1Q2/p7/PN5P/1q3PPB/2R3K1 b - - 0 25	b2c1 b3c1 e8e1	1438	06111315191n1o
GG32P	7r/kp1R2pp/8/p1r5/Rb2B3/8/1K3PPP/8 w - - 3 34	d7b7 a7a6 b7b4	1438	010p1g1o
GI5Pc	rn1qk2r/pb3ppp/2p2n2/1pb5/3NP3/1B2BQ2/PP3PPP/RN3RK1 b kq - 6 10	c5d4 f1d1 c6c5 e3d4 c5d4	1438	01101c1l
HLLyj	8/1pq3pk/2p1Qr1p/p3b2P/P2p4/2PP1N2/1P4P1/R6K w - - 3 29	e6e5 c7e5 f3e5	1438	010p1o
IsYDc	4r1k1/1b3ppp/1q1b1r2/2p1p3/5P2/1B2Q1P1/P1R4P/1R3NK1 w - - 0 30	b3f7 g8f7 b1b6	1438	0g0j191o
K5v4t	8/7p/2R3p1/4r1k1/6r1/5K2/R5PP/8 b - - 1 44	g4f4 f3g3 e5e3	1438	0p13151m1o
K82FT	4k1n1/3p2pp/1B1bP3/4NP2/1p2n3/3R3P/p5PK/2r5 w - - 0 35	e6d7 e8f8 d7d8q	1438	001315191h1o
KjUcU	6k1/6p1/2R2p1p/3p4/1P6/2PQ3P/6PK/1rq5 b - - 1 30	c1f4 d3g3 b1h1 h2h1 f4g3	1438	010d0i0p10
L1OvQ	8/ppQ2N1p/b4kpP/8/8/1BPrq3/PP4P1/1K1R4 b - - 7 33	d3d1 b3d1 a6d3 b1a1 e3c1	1438	0d101316191k
LZZDI	5rk1/5qp1/2pp3p/3p4/1P1Bpr1N/P5Q1/5PPP/R4K2 w - - 1 24	h4g6 f4f5 g6f8	1438	0g0s191o
MIDHB	r2q3r/p1pnk3/2Q1pbp1/5p2/8/3PB3/PPP2PPP/RN2K2R b KQ - 2 14	f6b2 e3g5 d7f6 b1d2 b2a1	1438	0110191t
MLBsE	1k6/3R4/P5p1/1bb5/7P/5K2/8/8 w - - 1 58	d7b7 b8a8 b7b5	1438	0g0p0s1o
NXOGs	4K3/p7/1p3kP1/8/r1P1B3/3P4/8/8 w - - 0 71	e8f8 a4a5 g6g7	1438	000g0p1o
OTELf	6R1/1nk2p2/1pq5/1p2pP2/4P3/1PQ3P1/r1P3K1/8 w - - 2 34	g8c8 c7c8 c3c6	1438	050g0i0p1g1o
QWnfI	4r1k1/3b2bp/RqNp2p1/1P1P1p2/4PBn1/1Q3P2/4B1PP/7K b - - 2 28	g4f2 h1g1 f2h3 g1f1 b6g1	1438	0k0m0y10131619
QZHJv	r3k2r/pp2ppbp/2n3p1/2Pq4/6b1/1P2PN2/PB3PPP/R2QKB1R b KQkq - 0 10	d5d1 a1d1 g7b2	1438	01191o
QfV2v	1rr3k1/p4p1p/b3p1pB/2qp4/1b5P/2N3Q1/PP2NPP1/4R1K1 w - - 1 21	g3e5 c5f8 h6f8	1438	01191o
R7HHN	r3q1bk/ppp2rRp/7Q/5p2/8/7R/1P4P1/6K1 w - - 5 31	h6h7 g8h7 h3h7	1438	091315191n1o
Rn6uW	3r4/2R1bppk/p3pn1p/1p6/1P2q2B/P3PN1P/1Q3PP1/6K1 b - - 2 26	d8d1 g1h2 e7d6	1438	0g191o
SOFqV	4r3/4bk2/4Rp1p/1p3rq1/p7/1Q5P/PPP5/1K2R3 w - - 0 35	e6e7 f7g6 b3f7	1438	0k0m1315191o
TJ4O8	8/2p2rp1/p1R1P1k1/1p5r/3P4/P1P3K1/8/8 w - - 0 41	e6e7 g6h7 e7e8q	1438	000g0j0k0p1h1m1o
TPRRR	5rk1/1b2brpp/p7/1p2B2n/8/PNN5/1PP3QP/3R1R1K b - - 0 23	f7f1 d1f1 f8f1	1438	0y1315191g1o
Usa2V	2r4r/pp1qbkN1/1np3bn/4P2p/3P1P2/2N4P/PP4P1/R1BQ1RK1 w - - 1 16	e5e6 f7g7 e6d7	1438	000g0s191o
VDFru	8/8/pppk4/3pr2p/4n1nP/PP1N2P1/2P1N1P1/3R1K2 b - - 11 44	g4e3 f1g1 e3d1 d3e5 d6e5	1438	0g0p0s10
WjLkQ	k4b1r/pp3ppp/4pn2/1q6/3P1B2/1Q6/P4PPP/1K1R3R b - - 1 20	b5f5 b3c2 f5f4	1438	0g0s191o
WnwqC	5N2/8/8/2p1p3/2Pp4/3P4/2k1K3/8 b - - 0 54	e5e4 d3e4 d4d3	1438	0g0p0z1o
YbZLU	rnbqkb1r/ppp1ppp1/5n1p/6N1/8/3Q4/PPP2PPP/RNB1KB1R w KQkq - 0 6	d3d8 e8d8 g5f7	1438	050g1c1o
ZuAAs	rn2k2r/p3pp1p/2p2npb/q4bN1/2NP4/2PBP3/P1Q2PPP/R1B1K2R b KQkq - 5 12	f5d3 c2d3 a5g5	1438	010j191o
aF2PG	2kr3r/ppq2p2/2pp2pR/4p1P1/4Pn2/P1PB4/1PP1QP2/2K4R w - - 4 21	e2g4 c7d7 g4d7 c8d7 h6h8	1438	0g1019
aWGQn	6r1/1p2kp2/2p3rn/p1p1p3/P1B1P3/3P2N1/1PP2P2/5K1R w - - 3 38	h1h6 g6h6 g3f5 e7f6 f5h6	1438	01050p0s101n
apKaH	r1bqk2r/pp3ppp/2n5/1B2N3/4n3/7P/PPPP2P1/RNBQ2KR b kq - 2 9	d8d4 g1h2 d4e5	1438	0g0s1c1o
bFlmd	6rk/1q3p1p/p4PpQ/4p3/3pR3/8/PPr4P/4R1K1 w - - 0 28	h6h7 h8h7 e4h4	1438	050p13151n1o
bWc0e	1r3r2/5pk1/4p1p1/3p2Rp/p2q3P/P5R1/2Q2PP1/6K1 w - - 0 36	g5g6 f7g6 c2g6 g7h8 g6h5	1438	0p1013161n
cXi4S	2r3k1/5ppp/p7/1p3n2/2bNR3/2P5/PPBr1PPP/R5K1 b - - 0 24	f5d4 e4d4 d2c2	1438	0b0g191o
cdDf3	r1bq1rk1/2p2ppp/p2p1B2/4P3/1n1P4/2pQ1N2/P1B2PPP/R3R1K1 b - - 0 16	b4d3 f6d8 d3e1 a1e1 f8d8	1438	011019
dXMxU	8/p2KP3/7k/6p1/7p/4r3/8/5R2 w - - 0 40	f1f6 h6g7 f6e6	1438	0g0p1m1o
e5FNn	8/4prk1/1R4pp/2NQPq2/p1P3PP/3P3K/P7/8 b - - 0 44	f5f1 d5g2 f7f3 h3h2 f3f2 g2f2 f1f2	1438	010d0p1g1w
flhHv	8/2k5/8/P7/1P2pR2/2P2p2/r7/3K4 b - - 2 48	f3f2 f4f2 a2f2	1438	000g0p111m1o
gEbin	r3k1nr/ppq1pp1p/2p3p1/2p1b3/2P3b1/3P1N2/PP2QPPP/RNB1K2R w KQkq - 0 9	e2e5 c7e5 f3e5	1438	011c1o
hA7jw	8/1R3pkp/3p2p1/p5N1/P4rn1/7P/8/6K1 w - - 0 32	g5e6 g7h6 e6f4	1438	010p1g1o
hJQP9	5rk1/pp5p/5p1b/3p3r/2p4B/5qPK/PPQ3BP/3R3R b - - 1 26	h5h4 h3h4 h6g5 h4h3 f3h5	1438	05101316191g1n
iCxMi	1k6/1p6/5RP1/7p/4r2P/1P6/P3p3/3bK3 w - - 1 40	g6g7 e4g4 f6f8 b8c7 g7g8q g4g8 f8g8	1438	000g0p1h1w
iYkjc	8/5k2/7P/3pPp2/8/8/K3n3/8 w - - 1 43	e5e6 f7e6 h6h7	1438	000g0p0z111o
iZxPX	r1k5/ppp1R2p/2qp1Br1/3Q2p1/2P2p2/1P4n1/P1P3PN/2K5 w - - 8 24	d5e6 c8b8 e7e8 c6e8 e6e8	1438	0610131619
io3cD	1r3qrk/1b3p1p/p2p1PpQ/2p1n1P1/2Pn1R2/1PN3NP/P5B1/4R1K1 w - - 3 25	h6h7 h8h7 f4h4 f8h6 h4h6	1438	050y10111316191n
iwBLF	rn1qkb1r/pp2pppp/2p2n2/5b2/2B5/2N2N2/PPp2PPP/R1BQK2R w KQkq - 0 8	c4f7 e8f7 d1d8	1438	040g0i1c1o
jeBND	4r3/pp6/2p3R1/2P4R/1P3k2/4p1r1/P3K3/8 w - - 0 36	h5h4 f4f5 g6g3	1438	0g0i0p1m1o
jyA6H	4r1rk/R4p1p/5p2/3p3Q/7R/1P1P2Pb/2P2P1P/2q3NK b - - 10 27	c1g1 h1g1 e8e1	1438	050y1315191f1n1o
k9GOe	4r1k1/1p2Rppp/p7/3R4/2Q5/8/P1Pn1PPP/2q1N1K1 b - - 2 21	c1e1 e7e1 e8e1 c4f1 e1f1	1438	101316191y
kOXfh	1r4k1/p1p5/2p3pP/4pb2/2q5/1N5P/PPP2Q2/2K3R1 w - - 3 28	f2f5 c4f4 f5f4	1438	0g0p1g1o
kX3Oz	2r2rk1/pb1n2bR/1p1p1qQ1/6N1/8/2P5/PP1R1PP1/2K5 w - - 1 21	h7h8 g8h8 g6h7	1438	050y1315191g1n1o
kx5XL	4rr1k/p5pp/5b2/3B1p2/2P1p3/5Q1R/PP4PP/nq4BK w - - 2 27	h3h7 h8h7 f3h5	1438	050y1315191n1o
lDE8K	rn1qkbnr/ppp3pp/3p4/4Np2/2B1P3/2N5/PPPP1PPP/R1BbK2R w KQkq - 0 6	c4f7 e8e7 c3d5	1438	13151c1o
luxqp	6rk/2p2p1p/p1p5/5pr1/PR1R4/2P1P1PP/5P2/6K1 b - - 0 26	c6c5 d4d7 c5b4	1438	010p0s1m1o
n5K8u	6k1/2R2pp1/1p5p/p7/6Q1/7P/PPr2qPK/8 w - - 0 27	g4c8 g8h7 c7c2	1438	0g0p0w1o
nGr2R	4R3/7k/3pNr1p/3Pb2P/6P1/5r2/R5K1/8 b - - 4 42	f3g3 g2h2 g3a3 h2g1 a3a2	1438	0g0j0k0p0r10
oKg7c	r3k2r/pp1qb1pp/5p2/2pp1nB1/6P1/3P4/PPP1QP1P/RN2R1K1 b kq - 0 15	f5d4 e2e7 d7e7 e1e7 e8e7	1438	0g1019
op0Vr	5rk1/pp1q2b1/3PR1R1/7p/5p1P/5Q1K/PP6/8 b - - 0 34	f8f6 g6f6 g7f6 f3h5 d7e6	1438	010b0p101g
pkEyH	5r1k/7p/pp1np3/4K1R1/P2p4/3N2P1/7P/B7 b - - 10 39	d6f7 e5e6 f7g5	1438	010p0s1o
plhLx	4Q3/1p4bk/p6p/P1pPp3/2P4q/5p2/1P3P2/5KR1 b - - 1 40	h4c4 f1e1 c4c1	1438	0p13151o
pyfr9	8/6Q1/8/3p3p/4p1bk/7q/P7/6K1 w - - 12 46	g7f6 h4g3 f6f2	1438	0p13151o
r9qDY	3br3/5p1p/4k3/2PR4/p4P2/8/P4KPP/8 w - - 1 37	d5e5 e6d7 c5c6 d7c6 e5e8	1438	0g0i0p0r10
sTvcs	3r1nk1/2p1r1p1/p2q2bp/1p6/8/P4NQP/1B4P1/4RRK1 w - - 2 31	g3d6 d8d6 e1e7	1438	0b0g191o
sZzGE	7k/6p1/3p3p/3q4/1P1r4/8/1PQ1R1PP/6K1 b - - 1 31	d4d1 g1f2 d5d4 e2e3 d1d2 c2d2 d4d2	1438	0g0p0s1w
uIXve	N1bk3r/3p1ppp/p7/4P3/1Q6/P2q1N2/1Pp2nPP/R1K4R b - - 2 24	d3d1 h1d1 c2d1q	1438	001315191h1k1o
utGMU	8/5Q2/3k2p1/3pp1P1/2n2n2/1NP2P2/1P5r/1K6 b - - 0 38	h2b2 b1a1 b2b3	1438	010p0s1o
vZlZF	r6k/p3r1b1/1p1R3p/2n1pPpq/2P5/1PQ3P1/PB3PKP/5R2 w - - 1 25	f5f6 g7f6 d6f6	1438	010s11191o
wjOjn	6r1/1p5k/p7/8/P2p1r1q/RP1P1P2/4P2P/1Q4RK b - - 8 30	h4h2 h1h2 f4h4	1438	050p13151n1o
xcGyH	2r3k1/4r3/8/p7/1bN3q1/1P2P3/5P2/1Q3K1R w - - 7 40	h1g1 g4g1 f1g1	1438	01191g1o
y53Ro	5r1k/5rp1/2P4p/pN6/P3Q3/8/3q2PP/1R2R1K1 b - - 0 39	d2f2 g1h1 f2f1 e1f1 f7f1 b1f1 f8f1	1438	061317191n1w
y9n5h	8/p3R1rk/1p3Qpp/8/3P2p1/8/PPq2P1P/6K1 b - - 4 32	c2d1 g1g2 d1f3 f6f3 g4f3 g2f3 g7e7	1438	0g0p1w
yPuu7	8/8/2Q4p/5ppk/3q4/6P1/6KP/8 w - - 0 53	c6e8 h5g4 h2h3	1438	0p13151i1o
ytbwG	r4rk1/p5p1/2p3b1/1p1p4/3PNp2/PQ1BP3/1P3q2/2KR2R1 b - - 0 24	f2e3 c1c2 g6e4	1438	0g0w191o
z6Ulg	Qn5r/3nqpk1/p2p2p1/1p2p2p/1P2P2P/2PP1PPR/3N4/R3K1N1 b Q - 0 21	d7b6 a1a6 b6a8	1438	01191o1t
z6m3g	8/5pk1/1B6/1P2b3/Pn2B1PP/5P2/2pK4/8 b - - 1 49	e5f4 b6e3 f4e3	1438	0g0p1o
zC23M	R7/5pk1/P6p/6pP/8/8/1KP5/4r3 w - - 3 59	a6a7 e1e7 a8g8 g7g8 a7a8q	1438	00050g0p10111h1m
zOWrE	4R3/p1q3pk/2p2r1p/2p2r2/5P2/6QP/P5P1/3R2K1 w - - 2 35	d1d8 c7d8 e8d8	1438	010p1l1o
1xM7v	5rk1/p5p1/1p2b2p/3pP3/2pP2Pq/7P/PPB1Q1K1/5R2 w - - 1 26	c2h7 g8h7 f1f8	1439	0g0i0p0y1o
2SGys	r4rk1/5ppp/p1pq2n1/1p4R1/3PP3/1PP1N2P/1P4P1/R2Q2K1 b - - 1 21	d6f4 g5g4 f4e3	1439	010s191o
3gLyT	N6r/pB1k1ppp/5n2/8/1b1p4/6P1/PPbB1P1P/R3K2R b KQ - 2 16	h8e8 e1f1 b4d2	1439	010i191o
5erFC	8/1p3Qpk/2p5/8/7q/n7/4P3/2R3K1 b - - 1 39	h4g5 g1f2 g5c1	1439	0g0p0s1o
67vzd	r2r4/pQpNn1kp/1pn1p1p1/5p2/2P4P/1P1B4/P4PP1/q1B1R1K1 w - - 3 17	c1h6 g7h6 e1a1	1439	010j191o
7oqjp	8/8/PR3pk1/1K4p1/4r3/6P1/2r2P1P/5R2 b - - 0 45	c2b2 b5c5 e4e5 c5d4 b2b6	1439	010i0p101m
7wJJJ	8/5p1k/2p1b1pp/4q1b1/3QP1P1/2P1BP2/PP6/2KB4 b - - 2 33	e5d4 c3d4 g5e3	1439	010b0p111g1k1o
8770z	8/8/P1p5/1p1k1N1p/6p1/P2K2P1/5b2/8 w - - 0 51	f5e3 d5d6 a6a7	1439	000g0p1o
AMCj1	1r4k1/2pq1rpp/1p3n2/3P2Q1/p6P/2B1PB2/3P4/4K1R1 w - - 8 35	c3f6 f7f6 g5f6	1439	01191g1o
EJpLx	6k1/8/p5q1/8/2pN1Q2/P1P2K2/1P3PP1/4r3 b - - 6 43	g6d3 f3g4 e1e4	1439	0g0p11121g1o
EQFSC	2kr4/ppp5/2n1q2p/4pb2/8/1NP3Q1/PP5P/2KR2NR b - - 3 23	d8d1 c1d1 e6d5 b3d2 d5h1	1439	01050s1019
FlpFe	2r3k1/2r2pbp/p2Qp1p1/qp1pP3/3N4/2P4P/1P3PP1/1R2R1K1 w - - 0 26	b1a1 a5a1 e1a1	1439	0111191o1t
H6ibP	1r3k2/1P1p2p1/7p/p2B4/4n3/P4pP1/5P1P/1R4K1 b - - 4 33	e4c3 b1b3 c3d5	1439	010p0s1o
HjebN	r1b1k2r/pp1p1ppp/5n2/5N2/1n2q3/8/PP2QPPP/RN2KB1R w KQkq - 0 11	f5d6 e8d8 d6e4	1439	0g0s1c1o
J5GPU	R4b2/5kpp/4pp2/8/1r1PP1PP/2K2P2/1P6/8 w - - 6 33	a8f8 f7f8 c3b4	1439	0g0p1o
J7ZNk	2rq1rk1/p2nppbp/1p1p2p1/3NP3/3P1P2/4B3/PPQ3PP/R3K2R w KQ - 1 16	c2c8 d8c8 d5e7 g8h8 e7c8	1439	050g0s10191n
JD3HA	3Q4/1p3pn1/p1p1q1k1/8/6NP/6P1/5P1K/8 w - - 16 46	d8g5 g6h7 g4f6 e6f6 g5f6	1439	0g0p0r10
JfaWZ	7k/1p3Rr1/p2p3r/3Pp3/1P2P3/4N1P1/5PK1/8 w - - 1 42	f7g7 h8g7 e3f5 g7h7 f5h6	1439	050g0p0r0s10
Jo7qK	rn1qk2r/1p1b1ppp/p2p1b2/3NpP2/4P3/1N4Q1/PPP3PP/R3KB1R b KQkq - 1 13	f6h4 d5c7 e8f8	1439	0g0h1c1g1o
K2ifs	r1b3kr/pp1p2p1/2p4p/2bNq3/8/5QP1/PPPP4/R1BK1R2 w - - 0 15	f3f7 g8h7 d5f6 e5f6 f1f6	1439	0g0y10191g
KpoTe	r4r1k/6p1/4p1P1/3qP3/1p6/2p1Q3/PP3P2/1K4R1 w - - 0 28	e3h3 h8g8 h3h7	1439	0p13151o
Ltd0f	r3q1k1/pp1r1p2/2b3P1/6N1/1BBb1P1Q/3pp3/P1P4P/1R2RK2 b - - 0 28	e3e2 e1e2 e8e2	1439	001315191o
MI5Sg	r5k1/ppp2pbp/6pq/P2Pr3/2P1pQ2/4P3/1P3P1N/R1B2RK1 b - - 5 22	e5g5 g1h1 g7e5	1439	0d0g191o
NPILp	2q4r/Pkp1bpp1/3p4/4p3/B1QNP1n1/6P1/PP1P2P1/R1B2RK1 b - - 0 24	h8h1 g1h1 c8h8 h1g1 h8h2	1439	050y101316191n
O5Gmt	5rk1/p4ppp/b1p2b2/8/4P3/2Pp1Q2/2q1NPPP/1RR3K1 b - - 3 21	c2e2 f3e2 d3e2	1439	000g191o
O7hc1	1k6/8/7R/pn1p1p2/1p2p3/1B6/PPPK1P2/1r6 w - - 0 45	h6b6 b8c7 b6b5	1439	0g0p0s1o
OcNT0	6rk/1p5p/2pNb3/p2p3R/3P4/P3P3/1PBB2r1/4K3 b - - 2 33	g2g1 e1e2 e6g4	1439	0g191o
Qcy7i	8/1ppr1ppk/p7/4Q1Pn/2q1P3/4BP2/P1P5/R5K1 w - - 0 26	e5f5 h7g8 f5d7	1439	0g0p0s1o
QktRm	r4rk1/p6p/b1p5/2P2Npn/8/4PR2/PP1B2P1/R6K b - - 0 23	f8f5 f3f5 h5g3 h1g1 g3f5	1439	01050s10191n
RBxni	rnb4k/pppp1Qpp/8/8/4n3/4q3/PPP1B1PP/RN3K1R b - - 2 13	e3c1 e2d1 c1d1	1439	1315191o
RmZPs	1r3k2/2R1p2p/3p1ppP/1q1Q4/1p2P3/5P2/P4KP1/8 w - - 4 28	c7c8 b8c8 d5b5	1439	0g0i0p111o
ShBCh	4k3/5p2/p1p1pQ2/8/2KP4/PRP3r1/6q1/1R6 b - - 3 31	g2d5 c4b4 d5b5	1439	0p13151o
TRyDH	5k2/5ppp/2p1p3/8/1PP5/4B1P1/rbb2PBP/3R2K1 w - - 1 25	e3c5 f8e8 g2c6	1439	0p13151a1o
WqMOB	5r1k/6p1/2p5/R5Pp/1pPP4/8/PP2Q1Pq/1K6 b - - 2 32	h2g1 b1c2 f8f2	1439	0g0p1g1o
YYgq7	6rk/3q1p1p/2pb2r1/p2ppN2/1p2P3/P1PP1NP1/1P2KP2/R6R w - - 0 30	h1h7 h8h7 a1h1 g6h6 h1h6	1439	050y101316191n
a9PIB	5rk1/pp5p/2n1N3/3p4/P2P4/q3P3/P1Q3PP/5RK1 b - - 0 23	a3e3 c2f2 f8f2	1439	0g0p0s1o
eUikQ	r4rk1/pp2bpp1/2p1p2p/6q1/3P2N1/2PQ3R/2P2PPP/4R1K1 w - - 4 22	g4h6 g7h6 h3g3 g8h8 g3g5	1439	010y10191g1n
eYgM1	8/kp4Q1/2n5/4P3/3p2K1/3q1NP1/8/8 b - - 0 47	d3e4 g4h3 e4f3	1439	0g0i0p1o
f7S11	1k6/p6q/Qpp4p/6p1/3P4/7P/PP1R1r2/2KR1r2 w - - 10 38	d1f1 f2f1 a6f1	1439	0g0p1o
frA7q	2r3k1/pp3pp1/3Q3p/7q/7r/4BbP1/PPP2P1K/4RB2 w - - 0 29	g3h4 h5h4 f1h3 f3g4 d6g3	1439	011019
hDUu3	r2q1r1k/1p1np2p/p2p3Q/2pn1p1p/8/5N2/PPP2PPP/R4RK1 w - - 0 19	f3g5 d7f6 g5e6 f8g8 e6d8	1439	010s1019
htzbL	6k1/8/1p3P1R/p1b5/P3B3/2r5/4K3/8 w - - 5 44	e4d5 g8f8 h6h8	1439	0p13151f1o
i8tPz	1kr5/1p1b4/p7/3NRp2/3P1P2/P4P2/1PP5/2KQ3q b - - 6 34	c8c2 c1c2 d7a4 b2b3 a4b3 c2b3 h1d1	1439	050g0i0p111g1n1w
iZrL2	rnbqkb1r/pp3ppp/5n2/4N3/8/3B4/PPP2PPP/RNBQK2R b KQkq - 0 7	d8a5 b1c3 a5e5	1439	010s1c1o
iiUrC	3r4/pp3pkp/6p1/3p1qQP/5P2/1P6/P5PK/8 w - - 0 29	h5h6 g7h8 g5d8	1439	0p13151o
jFBvD	r6k/2p3pp/p7/P3b1Q1/R3N3/1P3r2/2P1KPq1/3R4 b - - 3 32	f3f2 e4f2 g2g5	1439	0g0i191o
jvNug	r2q1rk1/5pp1/p1n3bp/2b1p3/4P3/1NP1BP2/1P1QN1PP/R4RK1 b - - 2 22	d8d2 b3d2 c5e3	1439	0b0g0y191g1o
k3XhU	r4rk1/2p2pp1/p2p3p/1p6/4N1Q1/2P2P2/Pq3P1P/2R1R1K1 b - - 0 22	f7f5 g4f4 f5e4	1439	010s191o
kS6kd	5b1k/p1q2b1P/1r2p3/3p4/1r1P2Q1/4P3/1B3P2/3K2R1 w - - 2 32	g4g8 f7g8 h7g8q	1439	001315191h1o
kijqC	8/3k4/3P1P2/3R2K1/8/7p/5r2/8 b - - 0 45	h3h2 d5d1 f2g2 g5h6 g2g1 d1g1 h2g1q	1439	000g0p1h1m1w
lVFDZ	8/6kp/p7/1pp1p3/4P3/1P1PP2P/2P3P1/6K1 b - - 0 27	a6a5 g1f2 a5a4 b3a4 b5a4 f2e2 a4a3 e2d2 a3a2	1439	000g0p1e1l1w
llRYj	4r1k1/pp2q1pp/2p2p2/1P1p4/3P1b2/P1NQ3P/2P2PP1/R5K1 b - - 0 23	e7e1 a1e1 e8e1 d3f1 f4h2 g1h2 e1f1 b5c6 b7c6	1439	0g0p0y1g1n1w
ltaqC	1r1q2k1/6pp/5p2/2R1p3/4P1B1/3P2QP/r4PP1/6K1 w - - 1 32	g4e6 g8h8 e6a2	1439	0g0p0s1o
mbr55	4r1k1/1p3q1p/p3r1p1/3pPnQ1/2p2PB1/8/PP4PP/4RRK1 b - - 0 23	h7h6 g5f5 g6f5	1439	0g191o1t
nDpxF	1r4k1/p1p2ppp/B1Q5/2P2bq1/1P1r4/P7/5PPP/R4RK1 b - - 0 20	f5e4 c6e4 d4e4	1439	0g191o
nXvtL	r4rk1/4bp1p/p3p1p1/1p6/1q6/8/PPPQ3R/1K4R1 w - - 2 25	d2h6 e7h4 h2h4 b4h4 h6h4	1439	011019
npxpk	8/1p3q1k/4Q2p/4B2P/1p3r2/8/P4PPK/8 w - - 1 50	e6g6 f7g6 h5g6 h7g6 e5f4	1439	0g0p1011
nyPaB	1r4k1/Q1p2p1p/p2b2p1/1p2p3/1P6/P3PqP1/R4P1P/5RK1 b - - 1 27	b8a8 a7a8 f3a8	1439	010p1o1t
oBinf	6k1/1b3p1p/p4p2/1p2n3/4P3/1P4NP/Pr3bP1/3RR2K w - - 0 25	d1d8 g8g7 g3f5 g7g6 d8g8 g6h5 g2g4 e5g4 h3g4	1439	111318191w
oLWqW	3rr1k1/pbp2ppp/5q2/2pP4/2B5/5P2/PPP3PP/R2QR1K1 b - - 2 15	e8e1 d1e1 f6d4 g1h1 d4c4	1439	010s1019
oZQN1	8/1p3p2/b1k4B/2pn4/1b3P2/1K1N2P1/3r3P/3R4 w - - 4 34	d3b4 d5b4 d1d2	1439	01191o
pNh3Z	4r2r/p1p4k/2pq2p1/7p/4pQ2/P1P5/6PP/4RR1K w - - 1 24	f4f7 h7h6 f1f6 d6f6 f7f6	1439	010d0p10
qZzfG	4nk1r/2p3N1/p2p1r2/3Pp1R1/1P2P3/2P4P/P4RK1/8 b - - 0 50	f6f2 g2f2 e8g7	1439	010p0w1o
qk6hb	3r4/pp2q2k/8/4P3/7r/2P3QP/PP3P2/3RR1K1 b - - 4 29	d8g8 g1h2 g8g3	1439	010p1g1o
qlPAl	2rq1rk1/p2N2n1/1p2p1p1/1n2P3/4Q1P1/3R4/PP3P2/1K4N1 w - - 0 26	d7f6 f8f6 d3d8 c8d8 e5f6	1439	010j0r0w0y1019
sFiiq	1k1rr3/ppp2pp1/4q2p/3n4/1PQ1p3/P3P2N/1B3PPP/2RR1K2 b - - 5 21	d5e3 f2e3 d8d1 c1d1 e6c4	1439	0g0j101119
sraBO	2r1k2r/1R3pp1/B3p1p1/2bp2B1/3n2P1/2P2P2/P6P/5RK1 b k - 0 27	d4f3 g1g2 f3g5	1439	0g0k0m0y191o
su7XB	r2n1k2/1bq1np2/p3p1p1/1p2p1N1/7Q/3B4/PPP2PPP/4R1K1 w - - 0 22	h4h8 e7g8 g5h7 f8e7 h8g8	1439	010i1019
tB4vc	2q2k1r/2pb1p2/5p2/Q2B4/2PP4/6N1/Pr5P/2R3K1 w - - 0 25	a5a3 f8g7 a3b2	1439	0g0s191o
vGzVL	7k/p5qp/1p4n1/2pp1b2/3B4/5P2/PP4PP/4R1K1 w - - 0 28	e1e8 g6f8 e8f8	1439	0p13151g1o
vr7Yy	2rq1rk1/1p3ppp/p2bpn2/3pB3/N2P4/4P3/PP3PPP/2RQ1RK1 w - - 1 16	c1c8 d8c8 e5d6	1439	01191o
wuROz	r2qk2r/pb2bppp/1p2pn2/2p5/3nN3/P2P2P1/1P1NPPBP/R1BQ1RK1 w kq - 6 12	e4f6 e7f6 g2b7	1439	0g0j1c1o
ygtci	4n1k1/pp4p1/2p3Nr/5P1p/8/7P/PPPr2P1/4R2K w - - 0 30	e1e8 g8f7 e8f8	1439	0p0u13151o
1f72E	8/5ppk/4p2p/p2pP3/3P4/1PQn1N1P/5PPK/1q6 w - - 5 34	f3d2 b1c1 c3d3	1440	010p111o
3UlSN	r6k/2p3p1/p1pp3p/4p1q1/4R3/P6r/1PP2PP1/R2Q2K1 w - - 0 21	e4g4 g5h5 g2h3	1440	010p1o
4MGsz	2b2rk1/5ppp/R1Q3q1/1r6/3p4/1B1P3P/1PP2PP1/5R1K b - - 0 26	c8a6 c6g6 h7g6	1440	0g191o
4QwYP	r4rk1/ppp3p1/3p3p/3P1B2/2P2p1n/P4PqP/1P3NP1/R3RQK1 b - - 0 23	h4f3 g1h1 g3h2	1440	0y1315191g1o
4m82u	6k1/2p3pp/8/2Pq4/5r2/P7/2BQ3P/3KR3 b - - 1 36	f4d4 d2d4 d5d4	1440	010p1g1o
4zkgt	4r1k1/p1pbrp2/1p1p3p/4P2R/2Pq1p2/P2B1PP1/1P1Q2P1/5K2 w - - 0 25	d3h7 g8h7 d2d4	1440	010j191o
5Oa5f	5rk1/7p/p2Q1bp1/2p5/5P2/2P1q1N1/PP4PP/3R3K b - - 1 24	f8d8 d6d8 f6d8	1440	010p1o
7CZut	r4r2/ppp3pp/6k1/3R4/5Q2/8/P1P2KPP/7q w - - 9 29	d5g5 g6h6 g5f5 g7g5 f4g5	1440	0j0k0p0r101316
8LqNG	rn1qkb1r/pp3ppp/2p5/1P2p3/Q1P5/4K3/P2P2PP/RNB2B1R b kq - 0 10	d8d4 e3e2 d4a1	1440	010s1c1o
9RG5X	2k5/pp6/3p4/3Pn1qB/5P2/1P5b/P5rP/R2Q1R1K b - - 0 24	g2h2 h1h2 g5g2	1440	051315191n1o
9Yvzp	r3r3/pppk2b1/3p1p1p/2PP1np1/1P6/2BP4/P3RPPP/4R1K1 w - - 1 23	c5c6 b7c6 d5c6 d7c6 e2e8 a8e8 e1e8	1440	0g191w
AWmZ2	3q4/1p3kbp/1n4p1/3pp3/1P2n3/PQr1B2P/2P2PP1/3R1RK1 w - - 2 26	e3b6 c3b3 b6d8	1440	0g191o
AtKKw	r6k/4qpR1/p1b4B/1pp1pP2/P7/1P1r1p2/1P5P/R5QK w - - 0 29	g7h7 h8h7 g1g7	1440	050y1315191n1o
BBs8K	8/7k/6p1/7p/5n2/1BR4P/P2r4/6K1 b - - 2 41	f4e2 g1g2 e2c3	1440	0g0j0k0p0s1o
Bug5m	1r3kr1/p2nNp1p/q3pPp1/2p5/6Q1/8/PPP2PPP/R3R1K1 b - - 2 19	d7f6 g4g5 f8e7	1440	0111191o
CrfBT	8/1Q6/4p1pp/2p1k3/P1n5/2q3P1/6PP/6K1 w - - 2 35	b7g7 e5d6 g7c3	1440	0g0p1o1p
DA0gO	r1b2rk1/p3bpp1/1pn1pn1p/4N3/2Bq3B/2N5/PP3PPP/R2Q1RK1 w - - 0 13	e5c6 d4h4 c6e7	1440	010s0t191o
DSt2h	3k4/Q1p4r/p1p1P3/1p4p1/8/5P1N/PP4PK/4q3 w - - 8 38	a7b8 d8e7 b8c7 e7e6 c7h7	1440	0g0i0p0v101p
E9Hr0	8/r2b3p/3P2p1/1pk1p3/4K3/2PR1B2/6PP/8 b - - 5 36	d7f5 e4e3 f5d3	1440	0g0p1o1p
EUkc5	2r4k/pp4pp/5p2/8/Q2Pq1P1/3R3P/PP6/K6R b - - 0 27	e4h1 d3d1 c8c1 d1c1 h1c1	1440	0p0t1013161y
Eb80C	R2r2k1/4n1pp/2B5/1P2pp2/1P6/3p4/5PPP/5K2 b - - 3 26	e7c6 a8d8 c6d8	1440	0g0p1o
Egx98	6k1/6p1/2pp3p/4pQ2/1Pr1n3/K3R1P1/1P4q1/R1Bb4 w - - 4 34	f5e6 g8h8 e6c4	1440	0g0s191o
Ek9ok	4r1k1/5pp1/p2p3p/1p6/3p1PP1/PB3R1P/1PP1qQ2/6K1 b - - 2 32	e2d1 g1g2 e8e2	1440	010d0p1g1o
GVzyv	k7/2K4p/P1Np2p1/1P1P4/8/4p2P/r5P1/8 w - - 0 48	b5b6 a2b2 b6b7 b2b7 a6b7	1440	000p0r101316
GYI89	8/8/3k4/7P/p4R2/5KP1/8/r7 b - - 0 48	a1f1 f3e3 f1f4 g3f4 a4a3 h5h6 a3a2	1440	000g0p1m1w
Gd5vu	8/2k5/p2p4/P1pP4/2P1n3/1Q2KR1q/1P6/8 b - - 2 46	h3f3 e3f3 e4d2 f3e2 d2b3	1440	050g0p0r0s101n
HndIR	3r2k1/5R2/2b4p/pp2p1p1/2pB2q1/b1P3P1/P1B4P/5RK1 w - - 0 29	c2h7 g8h8 d4e5	1440	0y1315191o
IVABB	5rk1/Q3ppbp/bp4p1/4P2n/8/2N2qP1/PPP2P1P/R1B1R1K1 b - - 0 14	a6b7 c3e4 b7e4 e1e4 f3e4	1440	0110191l
JJRvW	4rrk1/p4pp1/2p4Q/1p6/1P2q3/1BP5/P5R1/R6K b - - 0 28	e4g2 h1g2 g7h6	1440	0g191o
LAJ5B	7r/3q1pk1/3p4/pp1B1P1Q/2p5/P1P5/1P5P/7K w - - 1 34	f5f6 g7f6 h5h8	1440	050g0i0p1o
M942S	2r1r3/4b1kp/p3p1pq/1p2PP2/3pp3/1P4RQ/2P3P1/5R1K w - - 0 36	f5f6 g7h8 h3h6	1440	0g0i0s11191o
MIxbg	2r1kb1r/1p3pp1/p1np3p/4pq2/8/2N5/PPP1BPPP/R2QK2R w KQk - 0 13	e2g4 f5g6 g4c8	1440	0g191o1p
MmAJi	4k2r/ppr1qppp/4p3/3p2P1/1Q1P3P/PP1K1P2/8/R1R5 w k - 5 24	b4e7 c7e7 c1c8 e8d7 c8h8	1440	0g0p101p
O58US	rn2k1nr/1pp1bppp/pq2b3/4N3/3P4/2N1B2P/PPP1Q1P1/R3KB1R b KQkq - 4 11	b6b2 a1b1 b2c3	1440	0g0s1c1o
O9n26	1n2rk2/5pbQ/2p3p1/4p1N1/4P3/PpN2R2/2q3P1/K2R4 b - - 0 29	b3b2 a1a2 b2b1q	1440	000k0m1315191h1o
P5iDL	6rr/pp1kp1Qp/2np2p1/q1pN1bP1/8/8/PPPP2PP/R1B2RK1 w - - 3 17	d5f6 d7c7 f6g8	1440	0g191g1o
PgRTO	2r2rk1/p3b1pp/3pb1P1/4N1P1/q2P1P2/4P3/PP2QKR1/2q4R w - - 0 28	g6h7 g8h8 e5g6	1440	000y1315191o
PvBUn	2rq1rk1/1b4pp/pp2P3/3pB3/6Pb/PQN4P/1PP5/2KR2R1 b - - 0 22	d8g5 c1b1 g5e5	1440	010s191o
QM5J3	1r5r/p1Np1k2/3P2p1/4pp2/2P1b1P1/BP4K1/P3R3/R7 b - - 4 26	f5f4 g3f2 h8h2 f2e1 h2h1 e1d2 h1a1 e2e4 a1a2	1440	0g191p1w
Qutys	rnb2rk1/ppp3bp/3p1n1q/2PPp3/1PN1Pp2/P1NB2P1/5PP1/R1BQ1RK1 b - - 0 16	f6g4 d1g4 c8g4	1440	0g191o
S9uEq	7k/p3R2p/5r2/2p2p1q/2Pb1P2/3Q2P1/Pr4BP/4R2K b - - 7 30	h5h2 h1h2 f6h6	1440	051315191f1n1o
TE0iB	r3k1r1/pp3p2/1bn2p1p/1N1p4/1P1P1P2/P4N1b/4BP1P/R2Q1R1K b q - 0 18	h3g2 h1g1 g2f3	1440	0j0k0s1315191f1o
URlSe	1r4k1/R2R1p2/6p1/2p5/4n3/4B3/P1P1rP1P/3K4 b - - 9 28	e4c3 d1c1 b8b1	1440	0p13151o
UWf47	4r1k1/5p2/6p1/7Q/3p1q2/6RP/PPP3PK/8 b - - 0 32	f4g3 h2g3 g6h5	1440	0g0p1o
VTu9N	8/3k4/4pKp1/5p2/5P1p/1rpp1P1P/8/1N1R4 w - - 0 51	d1d3 d7e8 b1c3	1440	0g0p1o
XC4Sb	3q3r/1p1k2b1/p2p3p/4p2B/2Qn1pP1/1P6/PP4P1/2R3K1 w - - 1 28	c4f7 d8e7 c1c7 d7c7 f7e7	1440	050d0g0i0s1019
Y9TsW	rn2kb1r/pp3ppp/4p3/2pq4/6b1/4PN2/PP1PBPPP/R1BQK2R w KQkq - 0 8	d1a4 b8c6 a4g4	1440	010s1c1o
YALuX	6k1/p4pp1/3p1r1p/5P2/2N4q/1P3Q1P/P4P2/2R3K1 b - - 0 28	h4g5 g1h2 g5c1	1440	010p0s1o
YHbW4	6k1/pQ4p1/6np/4pb2/2r5/q7/P4PPP/R3R1K1 w - - 0 25	b7d5 g8h8 d5c4	1440	0g0s191o
YfZMV	r1b1r2k/1p1pNppp/1pp5/8/4P3/3P2P1/PP1K1PP1/R6R w - - 4 18	h1h7 h8h7 a1h1	1440	02050p0y13151n1o
ZSZMC	Bn6/2k5/p1p2bp1/8/4P3/1bP3P1/1P3r2/2KR3R w - - 2 24	h1h7 c7b6 h7b7 b6c5 b7b3	1440	010s10191p
aSoMZ	3r2k1/6bp/5pp1/1p1q1P2/2p3P1/1P6/1BPQRK2/8 w - - 0 40	e2e8 g8f7 e8d8 d5d2 d8d2	1440	0g0p10
bGKlu	2r1k2r/1b2q2p/p2pp1p1/1p6/4P3/6P1/Pb2NPBP/2RQR1K1 w k - 0 19	c1c8 b7c8 d1c2	1440	01191o
bJUhJ	5rk1/1p2qppp/r3p3/p2pBP2/B4n2/P2PQ2P/1PP2P2/2R2RK1 b - - 0 30	e7g5 e3g3 f4e2 g1g2 e2g3	1440	010s1019
bppGR	3rr1k1/pp3ppp/5p2/8/R1p5/2Pq1N2/1Q3PPP/5RK1 b - - 0 20	d3f1 g1f1 d8d1 f3e1 e8e1	1440	050y101316191n
cbhCi	8/1p3k1K/8/8/6P1/4p3/5P2/8 w - - 0 58	f2e3 f7f6 h7h6 b7b5 g4g5	1440	0g0p10111e
ccq6g	r1bqkb1r/pp1n1ppp/5n2/3N2B1/3Pp3/6P1/PP2PPBP/R2QK1NR b KQkq - 0 8	d8a5 d5c3 a5g5	1440	010s1c1o
ePeVz	r1r4k/1p2p2p/1q1pNpp1/p7/P1n1P3/5P2/2PQB1PP/5R1K w - - 9 29	d2h6 c8g8 e2c4	1440	01191o
fmyNi	4r3/1kpq4/pp1p3p/3P2p1/P1Q1Rp2/1P5P/2P3P1/2K5 w - - 1 27	c4c6 d7c6 d5c6 b7c6 e4e8	1440	0g0p10
frt9O	6n1/6PR/8/3bPK2/3k4/8/8/8 b - - 10 63	d5e4 f5f4 e4h7	1440	0g0p1o1p
hvmd2	rq3rk1/pb1pbpp1/1p2p2p/3B4/4N3/5Q2/PP3PPP/2R2RK1 w - - 2 17	d5b7 b8b7 e4f6 e7f6 f3b7	1440	010j1019
iWFc4	4r1k1/5ppp/p3p3/Pp1p4/1qrP4/RN2Q2P/5PP1/R5K1 b - - 3 29	c4c3 e3e1 c3b3 a3b3 b4b3	1440	01101119
ivUsA	r4rk1/pbpnqppp/1p2pn2/2PpN3/3P4/Q3P3/PP1N1PPP/2R1KB1R w K - 5 12	c5c6 e7a3 b2a3	1440	0g0s191o
lfQR4	rnbk1b1r/pppp2pp/5q2/4PP1Q/8/8/PPP2PPP/RN2KBNR b KQ - 0 7	f6e5 g1e2 e5b2	1440	0g1c1o
mqv3h	5rk1/pp1b2pp/4p3/3pP1b1/P2Pp3/1PRqP1P1/3B2BP/3Q2K1 b - - 2 20	g5e3 g1h1 d3d2 d1d2 e3d2	1440	0g0y1019
o2WrW	3kr3/p2nr3/2pQ4/1p3p2/3P4/1B3q2/PPP5/1K3RR1 b - - 4 31	f3f1 g1f1 e7e1 f1e1 e8e1	1440	06101316191n
o70AX	r7/7p/3N1Qp1/2p4k/8/4q2P/6P1/7K w - - 4 35	g2g4 h5h6 d6f5	1440	0p13151g1o
oE4Lg	3k4/pp4pp/5n2/4Q3/2B1P3/2N3K1/P1q3P1/8 b - - 1 27	c2c3 e5c3 f6e4 g3f4 e4c3	1440	01050i0p0r0s101n
pwo2o	4Q3/7p/6p1/8/4QPq1/7k/7P/7K b - - 0 54	g4d1 e4e1 d1f3 h1g1 f3g2	1440	0p1013161i
pzMQk	3r2k1/pp1q2p1/2p2p1p/8/1Q4P1/P3bN2/1PP4P/1K3R2 w - - 0 27	b4b3 g8h7 b3e3	1440	010p0s1o
qLhRZ	r1b2rk1/pp4q1/2p1p1B1/3p3Q/P1n2PN1/8/2P3PP/R6K w - - 1 28	g4h6 g7h6 h5h6	1440	0g0y191o
qi62a	8/4nR2/p3k3/1pppP3/7r/PP1PK1N1/8/8 w - - 2 37	f7e7 e6e7 g3f5 e7e6 f5h4	1440	050g0p0s101n
rr6DY	3r4/5pkp/p5p1/1pq1p1QP/4n3/2P5/PP4K1/R7 w - - 0 30	h5h6 g7g8 g5d8	1440	010p1o
rsOiD	8/8/4ppp1/3p1k1p/2pP3P/1qP1PPP1/6K1/2Q5 w - - 0 46	e3e4 d5e4 c1f4	1440	0d0p13151i1o
u8hte	k3r3/1ppN4/p4Q2/P2p2p1/1P1q4/8/3N1RPP/6K1 b - - 0 35	e8e1 d2f1 e1f1 g1f1 d4d1	1440	050p1013161g1n
u9K01	8/1p5r/p1p2k2/5b1R/3p1p2/P2P1B2/1PP2K2/8 w - - 16 41	h5f5 f6f5 f3e4 f5f6 e4h7	1440	050g0p0r101n1p
uqMxr	rnbqk2r/pp2ppbp/3p2p1/2p5/4n3/N1P2N2/PP1PBPPP/R1BQ1RK1 w kq - 0 7	d1a4 b8c6 a4e4	1440	010s1c1o
vGJd3	r7/pp3kq1/2b1pp1b/4PQp1/7P/6R1/PP4P1/5RK1 w - - 0 29	f5f6 g7f6 f1f6 f7e7 f6h6	1440	0g0s1019
vWSUZ	r1r3k1/pp3ppp/3qp3/3pN3/3Pn1b1/P3P3/1P2BPPP/2RQ1RK1 b - - 9 18	c8c1 d1c1 g4e2	1440	01191o
vwp2I	5rk1/nr4pp/8/p4N2/BpPpp2P/1P1q4/P7/2K2RR1 w - - 2 32	f5h6 g8h8 f1f8	1440	0i0j0y1315191g1o
x0BhS	5r1k/6pp/1p2Q3/4P3/5r1q/P1N2R2/1P4P1/R5K1 b - - 0 27	f4f3 g2f3 h4g3 g1h1 g3f3	1440	011019
xKRUT	2r1r1k1/p5pp/Pp2b3/1P1Nb3/2P1NP2/7P/6PK/2R4R b - - 0 32	e6d5 f4e5 d5e4	1440	01191o
xc6Vq	3r4/6R1/4P2p/5P2/6P1/1n1k3P/8/1K6 w - - 1 46	g7d7 d8d7 e6d7	1440	000g0p1o
z5GsI	3r2k1/pp4p1/1q5p/5p2/3R4/7P/P4KP1/3Q4 w - - 1 29	d1b3 b6b3 d4d8 g8f7 a2b3	1440	0g0i0p0w101n
zcsYQ	r2qr1k1/pp1n1p1p/2p3pB/3p2bn/3P4/2P2Q1P/PPBN1PP1/R3R1K1 w - - 5 16	e1e8 d8e8 h6g5	1440	0g0y191o
02DwR	k7/P7/1K6/1N6/2n5/4p1p1/8/8 w - - 2 60	b6a6 e3e2 b5c7	1441	0h0p0z13151o
04bHj	r2q1rk1/ppp1bppp/4p3/n2pP3/2nP1B2/P1N4P/BPbNQPP1/R3K2R w KQ - 0 14	d2c4 d5c4 e2c2	1441	010j191o
0lCtN	5rk1/p5pp/1p1Q4/3P4/8/B5P1/P3qr1P/5RK1 w - - 0 30	d6f8 f2f8 f1f8	1441	0p13151d1o1y
1eGhV	r1bqkb1r/pp3p1p/2n2p2/1B2p3/8/3P1N2/PPP2PPP/R1BQK2R b KQkq - 0 8	d8a5 f3d2 a5b5	1441	010s111c1o
1gsvM	2kr3r/pp3ppp/2p5/4P3/3N4/P1n2P2/3R1PBP/5RK1 b - - 2 20	d8d4 d2d4 c3e2 g1h1 e2d4	1441	01050s10191n
2GN7A	rnb1k2r/pppp1ppp/4p3/4P1q1/3PQ3/8/PPP2PPP/RN2KBNR b KQkq - 0 7	g5c1 e1e2 c1b2	1441	011c1o
4Ba0a	4Qnk1/1b2r1pp/p7/2pp1Rq1/N7/bP6/PN4PP/5RK1 b - - 0 31	g5e3 g1h1 e7e8	1441	0g191o
6abuI	5rk1/p1rN1ppp/Q2b1q2/8/3P4/4P2P/PP3PP1/R1Bb1RK1 b - - 0 19	d6h2 g1h2 f6a6	1441	010j11191o
7PxGI	R1b2rk1/1p3pbp/2n1p1p1/4P3/2PQ4/3BN3/1P1q1PPP/3R2K1 b - - 8 21	d2d1 e3d1 c6d4	1441	01191o
85rlw	6k1/1N6/1P6/5p2/5P2/1R3KP1/6r1/4b3 b - - 1 43	g2g3 f3e2 g3b3	1441	010p1o1p
A6MgT	8/7P/2R1pK2/8/3k4/8/8/2q3r1 w - - 0 48	c6c1 g1c1 h7h8q	1441	000g0p1h1o
An8qW	8/6RP/1pk5/p5K1/2p2p2/5P2/6P1/7r w - - 0 56	g7g6 c6c5 g6h6 h1h6 g5h6	1441	0g0p101m
DBlH8	6k1/pp1b1ppp/7q/3p3r/3B4/2Q3P1/PP3PP1/4R1K1 w - - 6 29	c3c8 d7c8 e1e8	1441	0p13151n1o
DWmHn	8/8/7P/1r2n1R1/3k4/8/6PK/8 w - - 0 46	h6h7 e5f3 g2f3 b5g5 h7h8q	1441	000g0p101h
DllsV	6r1/bppk1pr1/p1p5/3bP2Q/3P1p1N/2P4P/PP3PPK/R4R2 b - - 0 25	g7g2 h4g2 g8g2 h2h1 g2g5	1441	010j0k1019
Dq0in	2rqk2r/p2b1ppp/8/1p1QP3/1B2n3/4P2P/PP3PP1/RN2KB1R b KQk - 0 14	c8c1 e1e2 d7g4 h3g4 d8d5	1441	0g0j101c
E3xNV	8/4kppp/1P2p3/4P3/2p2P2/1r6/4K1PP/1R6 w - - 3 37	b1b3 c4b3 b6b7	1441	000g0p1m1o
EM5sQ	r1b2k2/ppp2p1p/3p4/3P2B1/8/2P5/P4PPP/4R1K1 w - - 0 21	g5h6 f8g8 e1e8	1441	0p13151f1o
EMIOz	4r2k/2p3pp/p7/1p6/1P3q2/P1Q4P/3P1PK1/1R6 b - - 0 32	f4e4 g2h2 e4b1	1441	0g0p0s1o
FDPi1	r2r2k1/ppp2ppp/1b6/4n3/3nPP2/P2B4/1PPBN1KP/3R1R2 b - - 0 18	e5d3 c2d3 d4e2	1441	0b0g191o
HAalU	5k2/1p4pp/pr1r1p2/R2Bp3/2P2n1P/1P3P2/PK3P2/3R4 w - - 1 29	c4c5 d6d5 d1d5 f4d5 c5b6	1441	010p0s10
HN9Jz	2r2b1Q/5k1p/6p1/2p5/q7/8/PPP2PPP/2KRR3 b - - 0 27	f8h6 c1b1 c8h8	1441	0g0j0p1o
IoScA	4r1k1/p1p2p1p/2p3p1/7q/3Q4/8/PP3PRP/3R1K2 b - - 0 22	h5e2 f1g1 e2e1 d1e1 e8e1	1441	060p1013161n
KyncJ	8/2p1kp1p/p1r1pr2/np6/3P1N2/P1PK1PP1/B1P4P/4R3 w - - 0 25	f4d5 e7e8 d5f6	1441	0g0p1g1o
MlBfV	8/Qp3kp1/2b1p3/8/2P5/5rP1/P3R1K1/8 b - - 0 37	f3a3 g2h3 a3a7	1441	0g0j0k0p1o
Mmsgi	r2qkb1r/pp3pp1/3p3p/2pNp3/2B1P1b1/3PQn2/PPP2P2/R1B2K1R w kq - 0 13	c4b5 g4d7 b5d7 d8d7 e3f3	1441	011019
NO94z	2r3k1/pQ3p2/3P3p/6p1/2r2B2/3b2P1/P1q4P/R3R1K1 w - - 0 28	d6d7 c8d8 e1e8	1441	000g191o
NwN8d	2rqk2r/3nb1p1/p3pnp1/1p1p4/3P1B2/2P2N2/PPQ2PPP/R4RK1 w k - 0 16	c2g6 e8f8 f3g5 d8e8 g5e6 f8g8 g6g7	1441	0r1317191w
OkhCE	5r2/p2P4/3k1bp1/P6p/4K2P/8/5R2/8 w - - 1 43	f2f6 d6d7 f6f8	1441	0g0p111o
OplEn	2R5/1p3ppk/4p3/4P1p1/p2P1n2/P4N1P/1q4P1/5RK1 w - - 0 29	f3g5 h7g6 f1f4 g6g5 f4g4	1441	0g0j0p10
Ot5J0	1r6/3bQrk1/3p2p1/1q6/pp2PN2/5P2/PPP3P1/2K4R w - - 0 29	h1h7 g7h7 e7f7 h7h6 f7g6	1441	050i101316191g
PMNUh	8/6p1/1p3kp1/1K6/PP2r1P1/3R3P/5b2/8 w - - 3 40	d3f3 f6g5 f3f2	1441	0g0p0s1o
RCnkg	2kB4/1ppq1pp1/p2p4/7r/1QPP4/2N2bP1/PP5P/R3R1K1 b - - 0 20	d7h3 e1e2 f3e2 c3e2 h3h2	1441	0g0y1019
RIKSp	8/8/1p4R1/2k5/K4P2/2r5/P1P5/8 b - - 0 43	b6b5 a4a5 c3a3	1441	0p13151m1o
RRs05	2r1r1k1/1p5p/p5p1/2B1b3/P3P3/1P5P/2R1R1P1/6K1 b - - 0 30	c8c5 c2c5 e5d4 g1h2 d4c5	1441	01050p0s101n
SoIB2	r3r1k1/pp3ppp/3P4/1q1p1b2/5B2/P7/1P1QBPPP/R4K1R b - - 6 16	e8e2 d2e2 f5d3 e2d3 b5d3	1441	0110191g1n
TPyEm	4rr2/pp5k/2ppp2q/5p2/3P2R1/4QN2/PPP2P2/2K5 w - - 5 28	g4h4 h6h4 f3h4	1441	010p1g1o
USVNH	2kr3r/bp6/2N2p2/1PPnp2p/P1Q3pN/3P2P1/1B1q1PKP/R4R2 b - - 0 26	d5e3 g2g1 e3c4 c6a7 c8b8	1441	0110191g
VAHCJ	3r3r/p1pk4/Q1p1p3/6b1/2NP4/P1P2RP1/1P2R1KP/1q6 b - - 8 25	h8h2 g2h2 d8h8 h2g2 b1h1 g2f2 h8h2	1441	051317191f1n1w
VOXDp	rn2kbnr/1p3ppp/p3p3/2pq4/6b1/2P2N2/PP1PBPPP/RNBQ1RK1 w kq - 0 7	d1a4 b8c6 a4g4	1441	0g0s111c1o
WOx2q	8/3k2pp/1R3p2/1p1P4/1b6/8/PP2r1PP/3R2K1 b - - 3 32	b4c5 g1f1 e2f2 f1e1 c5b6	1441	0g0p0s10
Wy13c	6r1/8/p1k1p3/2Pp4/PP1P1B1p/4PRbP/6r1/1R5K b - - 0 37	g2h2 h1g1 g3f4	1441	0g0j0k0p1o
Xn0l2	1r4k1/5p1p/4p1p1/8/5Q2/5B2/P2r1qPR/6RK b - - 3 28	f2g1 h1g1 b8b1	1441	0105191n1o
aNak6	r5rk/4b1pp/5p2/p1p1pP2/2PpP1N1/P2P2RR/1Q3KPP/3q4 w - - 5 29	h3h7 h8h7 g3h3	1441	050y1315191n1o
cgjHR	8/5p1k/1p2rqpp/p4r2/2Q5/1PP2BPb/P3PP1P/R3R1K1 b - - 5 28	f5f3 e2f3 f6f3	1441	01191o
gTdTb	5rk1/p1rR1pbp/1p2p1p1/8/P1q5/5B2/2Q2PPP/3R2K1 w - - 0 22	d7c7 c4c2 c7c2	1441	01191o
hSC4T	6r1/8/6p1/1p1Q1pKp/p2B1P2/2Pq2kP/8/8 w - - 22 57	d4f2 g3f2 d5d3	1441	010j0p1o
jmMkc	2rr2k1/5ppp/3q4/8/Q7/P2p3P/KP1R1P2/7R b - - 1 30	d6d5 a4b3 d5h1	1441	0g0p0s1o
juNmg	1r1r2k1/1pp1R1p1/p6p/3q4/4Q3/5P2/P4P1P/R5K1 w - - 1 26	e7e8 d8e8 e4d5	1441	010i0p1o
kHcdH	2kr1b1r/4pp1p/1p3np1/1N6/8/3P1P2/qPPQ1P1P/2KR3R w - - 0 15	d2c3 c8b7 c3c7 b7a6 c7a7	1441	0g0r0s1019
ldZJj	r5rk/p2n1p1p/3q1PpQ/2ppp3/5R2/2P4P/PP2B1P1/4R1K1 w - - 0 26	h6h7 h8h7 f4h4	1441	050y1315191n1o
mW5SD	8/3Kn3/p7/P4p2/4P3/q2k4/6Q1/6r1 w - - 0 56	g2f3 d3d4 f3a3	1441	0g0p111o1p
matT3	Nn6/pp1k1pp1/3bpnp1/3p4/3P2P1/1B2KP1q/PPPB4/R2Q4 b - - 2 20	f6g4 e3d3 g4f2 d3e2 f2d1	1441	0g0s10191g
oOvDn	r4rk1/pp3ppp/5q2/4Q3/3n2b1/3B1N2/PPP2PPP/R4RK1 b - - 0 15	d4f3 g2f3 f6e5	1441	0g0w0y191o
otZxD	8/p3k3/1p1p1pr1/1PpBn3/2P2pP1/P7/5P1K/2NR4 b - - 0 38	e5g4 h2g2 g4e3 g2f3 e3d1	1441	0g0k0m0p0r10
ozjh5	5r1k/p1p3p1/2Pp4/1B1P3p/P3brp1/4Q3/6PP/6K1 w - - 3 39	g2g3 f4f5 e3e4	1441	010p1o
p4EcF	3Rr1k1/p4r2/2p4Q/5p2/PP6/2q5/5pPP/3R1K2 b - - 1 38	c3e1 d1e1 f2e1q	1441	000p13151h1o
pFBED	4r1k1/p1p1rp1p/3p2pq/8/3Q1PR1/3P3P/P1P3B1/R1K5 b - - 3 25	e7e1 c1b2 e8b8 b2c3 e1a1	1441	0g0i10191k
pY9fs	r2r2k1/1q3ppp/pp2P3/4P3/3Nb1P1/1P2B3/P4Q1P/2b2RK1 w - - 0 27	e6f7 b7f7 f2f7	1441	000g0y191o
plJCQ	2k2r2/1p1n4/2pQ4/p2p4/2qBp3/PR2P3/1PR3PP/1K6 b - - 0 28	f8f1 b1a2 c4c2	1441	0g0i191o
q7v82	5rk1/Qp4p1/4p2p/3pr3/1P3P2/P1PqRKP1/5P2/5R2 b - - 3 32	e5e3 a7e3 d3f1	1441	0g0p1o
qXHSZ	r5k1/p4rpp/2p5/2QpB3/1P2pPbP/P3P1Pq/5K2/2R2R2 w - - 8 31	f1h1 h3h1 c1h1	1441	0g191o1t
qpgrg	3r1rk1/pbp2ppp/1p6/3q4/6B1/2P4P/PP3PP1/R1Q2RK1 w - - 2 17	g4f3 d5f5 f3b7	1441	01191o1p
sdbQz	r7/4k2p/3Np3/4P2R/8/pr6/3K3P/8 w - - 0 34	h5h7 e7f8 h7h8 f8g7 h8a8	1441	010p101p
snL9q	2k3r1/1pP2pp1/6r1/4qb2/8/P2QBPp1/8/1R1R2K1 w - - 2 29	d3d8 g8d8 c7d8q	1441	001315191h1o
tgRvM	r2q1rk1/pp1bbpp1/2n4p/1B1Q4/5B2/P7/1PP2PPP/3R1RK1 w - - 3 16	d5d7 d8d7 d1d7	1441	0111191o
u94lK	r2qkbnr/pp3ppp/3p4/4N3/1pB1P3/2N5/P1PP1PPP/2BbK2R w Kkq - 0 9	c4f7 e8e7 c3d5	1441	041315191o
v1hMf	r4rk1/ppqbnppp/4p3/3pP3/PB2nP2/1P1B1N2/2P1Q1PP/R4RK1 b - - 12 20	c7b6 g1h1 b6b4	1441	010s11191o
vMNBK	q1r3k1/3Qpp1p/6p1/1p6/1P6/4P2P/1b1N1PP1/5RK1 b - - 0 21	c8d8 d7b5 d8d2	1441	010p1o1p
xTFH4	r1b1kbnr/1p2pppp/p1n5/8/2B1q3/N1P1pN2/PP3PPP/R2QK2R w KQkq - 0 9	c4f7 e8f7 f3g5 f7e8 g5e4	1441	0104050s10111c1n
y4ByT	4r1k1/pp6/3p2p1/3P1p2/2Pp1b2/3B1P1P/PP3K2/4R3 b - - 1 27	f4g3 f2g3 e8e1	1441	0g0i0p1o
yLHrK	Q7/6pp/2K5/2P5/2k3P1/1q6/7P/8 b - - 0 45	b3f3 c6d6 f3a8	1441	0g0p1i1o1p
zTOic	6k1/6p1/6P1/pp1n4/8/P2Q3P/5qRK/8 b - - 16 66	f2g2 h2g2 d5f4 g2f1 f4d3	1441	050g0p0s101n
zgR5P	8/4k3/R7/4pP2/1P1p1bPP/3P4/pr6/R6K b - - 1 37	b2b1 h1g2 b1a1	1441	010p1o
0mQOV	5r1k/pp1qp2P/2ppn3/4bp2/7P/2N5/PP3PQN/5KR1 w - - 0 22	g2g8 f8g8 h7g8q	1442	000y1315191h1o
11f6q	r2qkbnr/pQp3pp/2n2p2/3p3b/3P4/2P1P1BP/PP3Pp1/RN2KB1R w KQkq - 0 10	b7c6 e8f7 f1g2	1442	010t0w191o
1kwiX	2k2r2/p6p/2P3p1/5p2/8/8/PP3P1b/K2Q1Bq1 w - - 1 32	d1d7 c8b8 d7b7	1442	0p13151o
23tlH	5rk1/2R2ppp/p7/1p2pQ2/3qP3/3P4/6PP/r4R1K w - - 1 26	f5f7 f8f7 c7c8 d4d8 c8d8 f7f8 d8f8	1442	0p1113171n1w
4uWeB	k2q3r/1R1n3r/p7/P2Pppb1/1QP3p1/6P1/4BKP1/1R6 w - - 1 32	b7a7 a8a7 b4b7	1442	051315191k1n1o
542Lb	r1b1k1nr/1ppp1ppp/p2b1q2/4n3/8/1P2PN2/PBP1BPPP/RN1QK2R b KQkq - 1 7	e5f3 e2f3 f6b2	1442	010j1c1o
6973v	6k1/p4pp1/6qp/2p2r2/8/2P1QPrP/PP2B2K/R5R1 b - - 4 29	g3h3 h2h3 f5h5	1442	051315191n1o
6rMz4	r1r1n1k1/3Q1ppp/8/q3p1P1/1bB1P3/1PN2P2/pKn2B1P/3R3R w - - 2 27	d7f7 g8h8 f7g8	1442	0y1315191o
6vHWV	r3r1k1/pp1q3p/3p2pB/2pPbp2/4P3/3Q2Pb/PP3PBP/1R3RK1 w - - 0 19	g2h3 f5e4 h3d7	1442	0g0t191o
795hP	1k3b1r/pbq2ppp/1pp5/3QnB2/P7/1P6/1BP2PPP/R3R1K1 b - - 0 17	c6d5 b2e5 f8d6 e5d6 c7d6	1442	011019
7KoIw	8/4k3/p1P1p3/P6p/2K1R3/2P5/6r1/8 b - - 0 38	g2g4 e4g4 h5g4 c6c7 e7d7 c7c8q d7c8	1442	0g0p1m1w
7LtCm	2kr1r2/ppp4p/4pp2/4Nqp1/2Pn1P2/P2P2P1/1P3R1P/R2Q2K1 w - - 0 20	g3g4 f5f4 f2f4 g5f4 e5f3	1442	0110191t
7TJUr	6k1/pp2r1p1/1qp3QR/3p1p2/3PbN2/2P3P1/PPr2PP1/KR6 b - - 0 26	b6b2 b1b2 c2c1 b2b1 c1b1	1442	101316191d1n
7ovzE	8/5ppp/3rp3/1p2k3/8/1P1R1P2/6PP/6K1 w - - 1 34	f3f4 e5f4 d3d6	1442	0g0i0p1m1o
86srR	4b3/5k2/5pp1/4p2p/4P2K/P4P1P/6r1/5Q2 b - - 1 42	g6g5 h4h5 f7g7	1442	0j0k0p13151a1o
8YnQk	6k1/6p1/pp2r2p/5p2/2P3P1/2P4P/PPK1p3/4R3 b - - 0 33	f5f4 c2d2 f4f3	1442	0g0p1l1m1o
A1koh	r3r2k/pp4pp/2p2pn1/5R1Q/P1BP4/2P3qP/6P1/R5K1 w - - 3 25	h5h7 h8h7 f5h5	1442	050y1315191f1n1o
A4GjN	k3r2r/pp6/2p2q2/3bN2p/N2Q1PpP/P5P1/1P6/2R3K1 w - - 3 41	a4b6 a7b6 d4a4 a8b8 e5d7 b8c8 d7f6	1442	0d0g0s191n1w
A4tcu	4rr2/4q1kp/p5p1/1p1p1pQn/3Pp2N/P1P3P1/1P4PP/R4RK1 w - - 2 26	h4f5 f8f5 f1f5 e7g5 f5g5	1442	0g10191g
AzoNl	5bk1/5pp1/p3P3/1q4P1/2R1B1P1/1Pr5/P3KR2/6r1 w - - 0 44	e6f7 g8h8 f2h2 c3h3 h2h3	1442	0010131619
BfY4A	2r1rk2/pp2Rppp/1b6/3p4/3N1B2/1PP3Pb/P4P2/4R1K1 w - - 6 24	e7e8 c8e8 f4d6	1442	0g191o
Bta0R	rnbqk2r/ppp2ppp/8/2b5/2N1Pn2/5N2/PPP3PP/R1BQKB1R b KQkq - 3 8	c5f2 e1f2 d8d1	1442	0g0i1c1o
E92zp	r1q1kb1r/p1p2ppp/1p2p3/3pP3/6n1/1Q2P3/PPP2PPP/RNB1K2R w KQkq - 1 12	b3a4 c8d7 a4g4	1442	010s191o
EXb1J	8/8/3k4/p3n1pp/3P1N2/P7/2K5/8 w - - 0 51	d4e5 d6e5 f4h5	1442	0g0p0z1o
EfA3W	r5rk/2q1nbpp/p2p1p2/1p2pP2/4P2Q/1NPn2R1/P1P3PP/R3B2K w - - 0 22	h4h7 h8h7 g3h3 f7h5 h3h5	1442	050s101316191n
F3K3M	2r3rk/5p1p/p3pPpQ/8/8/1P2R3/P1q3PP/R6K w - - 6 28	h6h7 h8h7 e3h3	1442	050p13151n1o
Gl3M1	3rr1k1/1pp2pp1/p1n2n1p/8/1PP1P3/P2R2PP/qB2QPBK/4R3 b - - 0 22	d8d3 e2d3 a2b2	1442	01191o
H9ngU	r4rk1/1p3pp1/p1p2n1p/3nR3/3P4/2q2PN1/P1BQ2PP/2R3K1 w - - 0 24	c2h7 g8h7 c1c3	1442	010j191o
HUja6	1r6/5pk1/p2p4/3P1Q2/2N5/1P3P2/4nqPP/R6K b - - 6 34	e2g3 h2g3 b8h8 f5h3 h8h3	1442	0g0p101n
Hp8uF	r7/4Q2p/6pk/p2b4/5R2/P2q3P/6P1/5R1K b - - 12 33	d3h3 h1g1 h3g2	1442	0p13151g1o
ILB9h	6k1/6b1/1p2pr1p/pPp1p2p/P1PpP1nP/3P1rP1/3R1PK1/2B2RN1 b - - 9 34	g4e3 f2e3 f3f1	1442	0g191o
IzZRq	1r3rk1/p1p3pp/3b4/5p2/8/1PN4P/P1P1RKP1/R7 b - - 0 21	d6c5 f2f1 c5d4 a1d1 d4c3	1442	010p10
KgfNJ	6k1/2q3p1/2r1rpNp/8/2R2PQ1/7P/6P1/7K w - - 0 43	g4e6 c6e6 c4c7	1442	0g0p1o
MSUjJ	r5k1/2p1qppp/2P2n2/8/3R4/Q3P3/1P4PP/2KR4 b - - 9 24	a8a3 d4d8 f6e8	1442	0g0h0p1o
NPAJd	8/2BQ2pk/p5r1/P4n2/5Rr1/4P2K/8/8 b - - 1 41	g4g3 h3h2 g6h6 f4h4 h6h4	1442	0p0r101316
OBMcI	8/6kp/p2p2rp/1pbQ1R2/7P/1P4PK/1PP1q3/5R2 b - - 6 37	e2g4 h3g2 g4g3 g2h1 g3h4	1442	0p101316
ORqyx	r1bqk1nr/1p3N2/p1npp1p1/2p5/2BbP3/8/PPPP2PP/RNBQ1R1K b kq - 0 10	h8h2 h1h2 d8h4	1442	050y13151c1n1o
OhCXJ	8/1R6/4r1kp/pK6/P7/1P2r1pP/6P1/7R b - - 6 38	e3b3 b5a5 b3b7	1442	0g0p11121m1o1p1r
PIERp	3r2k1/5rpp/2qBQ3/p5R1/7P/8/7K/8 w - - 0 44	g5g7 g8g7 d6e5 g7f8 e6c6	1442	01050j0p10111g1n
PJJ3r	6k1/3q1pb1/6pp/1p1P2n1/2p3B1/2N3PP/1P1Q1P1K/8 b - - 4 30	d7g4 h3g4 g5f3 h2g2 f3d2	1442	0g0p0s101n
PKwhh	r4rk1/3Qq1pp/5p2/1P2p3/1nP5/7P/2P1NPP1/R2R2K1 b - - 0 29	e7d7 d1d7 a8a1	1442	01191o
PPTx7	6rk/p7/6q1/1R5p/4Np2/3P1Q2/P4P1p/5R1K b - - 1 34	g6g1 f1g1 h2g1q	1442	000p13151h1o
RXuPA	2r1br1k/pp4p1/1q1bN3/3p4/3P2n1/P3B3/1PB1NPPP/RQ3RK1 b - - 0 20	d6h2 g1h1 b6e6	1442	010j191o
TPt1E	5rk1/1R3pp1/4p2p/3pP3/1q3PP1/2rQ3P/7N/5RK1 b - - 0 24	b4c5 g1g2 c3d3	1442	0g191o
UcZ4M	r2qkb1r/pp1bpppp/2n5/1B1n4/3P4/5N2/PP3PPP/RNBQK2R b KQkq - 5 8	d8a5 b1c3 d5c3 b2c3 a5b5	1442	0b0g0s101c
UzauQ	r1bqk2r/p4ppp/1pn1pn2/3p4/1b1P4/5NP1/P2BPPBP/RN1Q1RK1 w kq - 0 10	d2b4 c6b4 d1a4 b4c6 a4c6	1442	010s101c
VXwI0	8/3k4/1p6/pPpK3p/P3PP2/8/5b1B/8 b - - 0 45	h5h4 f4f5 f2g3	1442	080g0p1l1o
XmCjc	Q6R/5pp1/1p2p2p/6kP/8/P2b1B2/5rPK/2q5 w - - 1 29	a8d8 f7f6 d8d3	1442	010p0s11121o
XmsT2	8/5k2/2R3pp/p2R1p2/P6K/1r5P/8/8 b - - 0 44	g6g5 h4h5 b3h3	1442	0i0p13151m1o
XyXCI	rn2kbnr/pp3ppp/2pP2q1/4N1B1/8/2N5/PPb2PPP/R2QK2R w KQkq - 0 11	d6d7 b8d7 d1d7	1442	0013151c1o
a37Ds	2kr4/pp6/6pP/2p1b3/2n2B1N/7P/1P3Q2/qBK5 w - - 3 33	f2c5 c8b8 f4e5 c4e5 c5e5	1442	010s1019
aePW5	5rk1/5ppp/p7/1n1r4/1Q2R3/1P6/1P3qPP/4R2K w - - 0 30	b4f8 g8f8 e4e8	1442	051315191n1o
agnB6	3R4/p3Qpk1/6p1/8/8/4qNn1/NPP1B1P1/1K6 b - - 0 23	e3e7 d8d2 g3e2	1442	010s0t191o
ajbge	4r1k1/pp6/2pQ1bqp/2Pp1p2/3P4/4P2P/PP2N3/2KR4 w - - 6 31	d1g1 g6g1 e2g1	1442	0g0p1g1o
axyxc	5r1k/2r4P/p2p1pQ1/1p2q1p1/4P3/5R2/PPP5/1K3R2 w - - 7 36	f3f6 e5f6 f1f6	1442	0g0p1o
bKpkE	8/5p1p/2kPpKp1/8/bP3P2/8/6PP/8 w - - 4 41	f6e7 c6d5 d6d7 a4d7 e7d7	1442	00080g0p1011
bsjIN	r7/pp1NP1kp/n1p4p/6q1/3b4/5Q2/PPP3PP/5RK1 w - - 0 24	g1h1 g5e7 f3g4 g7h8 g4d4	1442	0g0h0s1019
daoDn	8/pp2k3/2p1P3/3p1PP1/7r/4KR1r/PP6/4R3 b - - 4 38	h4e4 e3d2 h3f3	1442	0g0i0p1m1o
er68W	2q3k1/1p1n2pp/2p1r3/p2pP1r1/3B1Q2/1PP3P1/P5P1/5RK1 w - - 0 27	f4f7 g8h8 f7e6	1442	0g0s191o
f7AFW	r2qk2r/pp1nbppp/2p2n2/5B1P/3P1N2/5P2/PPP3P1/R1BQK2R b KQkq - 0 13	d8a5 e1f2 a5f5	1442	010s1c1o
g4DhH	7k/5pp1/5n1B/p4Q2/8/q5PP/2P3P1/6K1 b - - 0 37	a3a1 g1h2 g7h6	1442	0g0p0w1o
gfSpC	r4r2/5p1k/p1b1pQpP/4Pn2/P2p1P2/4BN1R/2q4P/6K1 w - - 0 27	f3g5 h7g8 h6h7	1442	001315191o
h4o0b	6k1/5pp1/2R5/P2p3p/4b3/7P/7r/R5K1 b - - 3 40	h2h1 g1f2 h1a1	1442	0g0p1o1p
hJUup	6rk/7p/p2p1r1q/1ppPp3/4Qp2/P2P1P1P/1PP4K/4R1R1 b - - 0 29	h6h3 h2h3 f6h6	1442	050p13151n1o
hr4ro	8/p7/1p6/1P1R1p2/P4P2/2k3r1/8/3K4 b - - 3 56	g3d3 d5d3 c3d3	1442	0g0p111m1o
i7Zuk	k3rr2/p4p2/2p1q1p1/Q2n4/8/3R3P/P5P1/1R5K w - - 5 40	a5a7 a8a7 d3a3	1442	051315191n1o
iAKZ4	r5k1/2qn1p2/3pp3/2p3pP/1pPn2P1/3PP1N1/1P1N2R1/1Q2K3 b - - 0 25	a8a1 b1a1 d4c2 e1f1 c2a1	1442	050g0r0s101112191g1n
ibyjC	4r1rk/p2b1p1p/3p1PpQ/3P4/1p3R2/2Nq3P/PP5K/1R6 w - - 4 28	h6h7 h8h7 f4h4	1442	050y1315191n1o
kEgxV	6q1/k4p2/p1p1pP2/3pP2p/P1PP3p/Q4NrP/1R5K/8 b - - 0 32	g3h3 h2h3 g8g3	1442	050p13151n1o
kI7xb	1Q1q2k1/6bp/6p1/5p2/4p3/4P2P/2rp1PPB/1N1R2K1 b - - 1 32	d8b8 h2b8 c2c1 b1d2 c1d1	1442	0110191g
l42at	r2qkb1r/pp3ppp/2n1bn2/1Bp5/3pN3/3P3P/PPP1QPP1/R1B1K1NR b KQkq - 1 9	d8a5 c1d2 a5b5	1442	0g0s1c1o
mtYxO	8/2p1R3/3p3R/p1pP3p/2P3pk/P3Kp2/1r5P/8 b - - 7 48	b2e2 e3d3 e2e7	1442	0g0p1m1o1p
myDD0	r6k/pbp2QRp/1p1p1q1B/nB6/8/P7/1PP2P2/2KR4 b - - 0 21	f6h6 f2f4 h6g7	1442	010t191o
nHb3S	3r2r1/ppq2ppk/2p1p2p/3nP2N/1P4Q1/2Pn4/P2B1PPP/3RR1K1 w - - 1 23	g4e4 h7h8 e4d3	1442	010s191o
otjvB	r4rk1/ppp2ppp/3B4/3N4/2Qnq3/7P/PP3PP1/R3R1K1 b - - 1 18	d4f3 g2f3 e4c4	1442	010j191o
q59XQ	3Q4/1p3pk1/p2p4/3qr3/5P2/2K4p/PPR4P/2R5 b - - 1 33	e5e3 c3b4 d5b5	1442	0p13151o
qQeLN	r4r1k/p4p2/4p1Rp/1p1n4/2pP1b1q/2P2P1P/PPQ1RP2/1B5K w - - 1 24	g6g8 f8g8 c2h7	1442	0d0y1315191n1o
rIqbs	8/p6p/5R2/3b2p1/1P4k1/3NKp2/8/7r w - - 4 53	d3f2 g4h5 f2h1	1442	0g0p0s1o
s7wmy	2r2r1k/1R4p1/p4Nnp/8/q7/7Q/5PPP/4R1K1 w - - 0 28	h3h6 g7h6 b7h7	1442	031315191n1o
tBPd9	2r5/5k2/1P4pp/2bK4/8/1R5P/8/8 w - - 0 47	b6b7 c8b8 d5c5	1442	000g0p1o
u9lii	6k1/5qpp/4Q3/4R3/1p2P3/1P2nPr1/1P6/7K w - - 3 33	e6c8 f7f8 e5e8	1442	010d0p1g1o
ulwm3	8/pkp5/1pn5/6p1/3P4/2P1P1rq/PP1B4/3RKR1Q b - - 1 34	g3e3 e1f2 h3g3	1442	1315191o1u
vLB1y	r1b2rk1/ppp3pp/8/3pN3/1Q1P4/2N3P1/PP3n1q/R3KR2 w Q - 0 16	b4f8 g8f8 f1f2 h2f2 e1f2	1442	01050s101119
x4Oez	1B1b4/5p2/1p1P1k1p/p1p5/P2p3p/1P1P4/5PP1/6K1 w - - 1 36	b8c7 f6e6 c7d8	1442	080g0p1o
xAfTT	2r3k1/b4pp1/p5bp/1p5q/4rB2/1PPR1P2/2B1QP2/3R2K1 w - - 0 31	d3d8 g8h7 c2e4	1442	0g0j191o
zYmsH	3r2k1/ppp3Pp/2n1pQ1B/7q/8/7P/1P3PK1/8 w - - 0 31	f6f8 d8f8 g7f8q	1442	000p13151h1o
zblh0	2r5/2P4p/1P1k1pp1/2n5/5P2/7P/6P1/2R3K1 w - - 1 37	c1c5 d6c5 b6b7 c8c7 b7b8q	1442	00010p101h1n
zrgii	8/1r6/R3pp2/3kn3/1p6/1P4p1/PKP5/5B2 w - - 2 42	f1g2 d5d4 g2b7	1442	0g0p1o1p
1RlGF	r3r2k/3n1ppp/pq3n2/3N1P2/1p3B2/1P6/PP3PPP/2RQR1K1 b - - 0 19	e8e1 d1e1 f6d5	1443	010y191o
21PDA	2b2B2/2q2k2/5np1/1p2p3/2p1P3/2P2QN1/rPB2PP1/3R2K1 b - - 0 39	c8g4 f3e3 g4d1	1443	01191o1p
2NNuw	r3k3/8/b2bp1p1/3p1p2/P1p5/1PQ3q1/NB1PPRBr/R5K1 b q - 1 23	h2h1 g1h1 g3h2	1443	050y1315191g1n1o
33cr3	8/3b1k1q/2p1pN1r/1p2P3/pPpP1Q2/P1P1K1P1/8/6R1 b - - 0 42	h7d3 e3f2 h6h2 g1g2 d3c2	1443	0g0p10
3CZrX	1r1r4/2q2pkp/p1pp2p1/8/2P1nN2/1P6/P4QPP/3R1R1K w - - 0 25	f2d4 g7g8 d4e4	1443	0g0s191o
4VbW8	8/p4pp1/8/3pRQ2/3P4/3KP1k1/PP4q1/7q w - - 8 50	f5f4 g3h3 e5h5	1443	0p13151o
5KLTi	8/2p3r1/1pPp3k/p2PpQp1/4P1Pp/P5pR/1P4q1/1K6 w - - 6 46	h3h4 g5h4 f5h5	1443	0p13151n1o
7OErH	1R3rk1/6n1/p2p2PR/1p6/8/P7/1r6/6K1 w - - 2 50	h6h8 g8h8 b8f8	1443	050i0p13151o
7sO4O	3r2rk/R1R3p1/3p1pPp/1p1Pp3/1P2P1qP/P3Q3/5K2/8 w - - 2 36	e3h6 g7h6 c7h7	1443	0p0y13151n1o
8OSRm	6r1/7p/2n1p3/1R3pp1/1nkPpB2/8/2P2PPP/6K1 w - - 2 27	b5c5 c4d4 f4e3	1443	0p13151o
9YowX	r1b1k2r/2q1bppp/p3p2n/2PpP1B1/8/2N2N2/PP3PPP/2RQK2R b Kkq - 0 12	e7g5 f3g5 c7e5	1443	011c1o
9mN0w	r5k1/p4ppp/1nq1p3/3nN3/R2Pb3/1Q4P1/1P2PP1P/2B2RK1 b - - 6 20	c6a4 b3a4 b6a4	1443	01191o
CA4Li	4r3/1p3Rpk/p1b1rb2/2B4N/1P1p4/8/P5PP/5R1K w - - 2 33	h5f6 e6f6 f1f6	1443	01191g1o
F3BX1	r3k2r/3nn1bp/pq1p1pp1/1NpP4/QP2P3/4B1N1/P4PPP/2R2RK1 b kq - 0 17	b6b5 a4b5 a6b5	1443	01191o
F4QEW	3k4/1R1P2pp/4b3/2B1P2r/8/4K3/7P/8 b - - 0 47	h5e5 e3d4 e5d5	1443	010p0s1o
FF0Sa	1k3r1r/ppp5/4N2p/2q1Q1p1/8/2P5/PP4PP/R3R2K b - - 0 25	f8f1 e1f1 c5e5	1443	010i191o
FIStC	r4rk1/3n1ppp/3p1n2/p7/3NP3/3PPP2/q1PQ3P/1R3RK1 w - - 0 17	b1a1 a2b2 f1b1 b2b1 a1b1	1443	010d10191t
GYVae	6rk/p2n1p1p/4pPpQ/q1ppP3/8/3P1R2/Pr4PP/R5K1 w - - 0 25	h6h7 h8h7 f3h3	1443	050y1315191n1o
Glnyz	r1bnkb1r/1p1npp1p/pq1p2p1/1B4N1/3P1B2/1QP5/PP3PPP/RN2K2R w KQkq - 2 11	b5d7 c8d7 b3b6	1443	0g0j1c1o
JBNTg	2r2k2/b4p2/p7/1pqPQ3/2p1P3/7P/P1B2PPK/4R3 b - - 0 34	a7b8 e5b8 c8b8	1443	0g0p1g1o
JTsdC	r1bqkb1r/ppp1pp1p/8/4Nn1p/8/2P5/PP3PPP/RNBQ1RK1 w kq - 1 10	d1d8 e8d8 e5f7 d8e8 f7h8	1443	01050s10111c
KnGV3	r3k2r/ppp2ppp/2nbpn2/7q/6b1/2NP3P/PPPBBPP1/R2QK1NR w KQkq - 1 10	e2g4 f6g4 d1g4 h5g4 h3g4	1443	011019
LJ1hR	2R5/p3rpkp/1b6/4qPp1/8/4PQ1B/r4P1P/5RK1 w - - 0 31	f5f6 e5f6 c8g8 g7g8 f3f6	1443	0g0i0s1019
LWQJD	r2q1rk1/2p1bppp/p1b2n2/1p2N3/4P3/2NP3P/PPP3P1/R1BQ1RK1 b - - 0 12	d8d4 g1h1 d4e5	1443	010s1c1o
M23pb	8/5pk1/4b1pp/8/1PrRNn2/7P/2PR1PP1/6K1 b - - 2 38	c4d4 d2d4 f4e2 g1h2 e2d4	1443	01050p0s10
MX8wh	8/6p1/4q1k1/1p3r2/7P/6P1/3Q4/1R5K b - - 2 50	e6e4 h1h2 e4b1	1443	0g0p0s1o
Oag4A	3r2r1/1p4k1/2p2qb1/p3R3/4pP2/P1Q5/1P3P2/5KNR w - - 7 38	e5e7 g6f7 h1h7 g7h7 c3f6	1443	0g0i0r101112191g
PJdAN	3q3k/5p2/3pr1b1/2p1pN1N/1pP1P3/1P1P4/2Kb1P2/7R w - - 0 32	h5f6 g6h5 h1h5 d2h6 h5h6	1443	0j0k0r10131619
Q1Scw	7k/pp4p1/2p1b2p/4P3/P2PB3/2PK4/1r5p/5R2 w - - 0 42	f1f8 e6g8 e5e6 h2h1q e4h1	1443	0g0p101g
QPa9y	1R6/1p3k1p/1q3bp1/8/r7/8/P3QPPP/6K1 w - - 0 31	e2e8 f7g7 e8f8	1443	0p13151o
Qi4Ud	r1b2rk1/pp5p/4p2p/1B1pq3/1b6/2N4P/PP3PP1/R2Q1RK1 w - - 0 16	d1g4 e5g7 g4b4	1443	010s191o
RV41z	2k3r1/pppqbp1p/1n6/8/2PPP3/1PB3pP/P3B3/R2Q1RK1 b - - 0 19	d7h3 e2g4 g8g4	1443	0g191o
Rc71G	1kb4r/2q1n3/1b2P1p1/3p3p/2pP1R1N/Pp3Q1P/1P4B1/3R3K b - - 1 33	g6g5 f4f7 g5h4	1443	010s191o
SgsWQ	6k1/pp3ppp/8/3pb3/NP4Q1/P3P2P/2q4r/2R2RK1 b - - 11 29	h2h1 g1h1 c2h2	1443	051315191n1o
StxKE	5rk1/p1Q2ppp/4p3/1q6/4b2P/8/P2r2P1/2R2R1K w - - 1 27	c7f7 f8f7 c1c8 d2d8 c8d8 b5e8 d8e8 f7f8 f1f8	1443	0d1318191n1w
TiJ64	5r2/1pr1k3/p7/5R2/1P1N1pP1/2P5/P2K4/8 w - - 3 44	f5f8 e7f8 d4e6 f8e8 e6c7	1443	050g0p0r0s10
UV4V2	r1bqr3/1pp1k3/p1n1p2Q/3p4/2PP4/P1P1P3/5PPP/R3K2R w KQ - 3 17	h6g7 e7d6 c4c5	1443	1315191o
Ujyns	r5k1/5ppp/p7/1p1P4/3nP3/4B3/PP4PP/R5K1 b - - 2 22	d4c2 a1c1 c2e3	1443	010p0s1o
VAuFa	3r4/pQ3pp1/4pk2/5p2/3q1P1r/5R1P/P1P3PK/5R2 w - - 5 29	f3d3 h4f4 d3d4	1443	010p1o
WZT0K	2r1kb1r/pp2pppp/8/3p4/1n1Pn3/N1P2N2/P1QB1PPP/q4RK1 w k - 5 14	c2a4 b4c6 f1a1	1443	010s191o
WclVL	5rk1/pp4p1/2p4p/5R2/2Pq3P/1Q6/P5N1/R6K b - - 0 27	d4a1 h1h2 f8f5	1443	0g0p0t0w1o
YQJNn	1r3r2/2p3k1/p2p1q1p/1p2bn2/5p2/3Q2BP/P1B2P1K/1R4R1 w - - 0 27	g3h4 g7h8 h4f6	1443	0g0j0k191o
YedjH	2rq1B1k/pp1bNp1p/3pp1p1/8/4P1P1/4nP2/PPP4R/2K2R2 w - - 0 21	h2h7 h8h7 f1h1	1443	050y1315191f1n1o
Yspnk	4r3/1R6/8/4p1kp/p3P1p1/Pn4P1/1PK1P1BP/8 b - - 2 40	e8c8 c2d3 b3c5 d3c4 c5b7	1443	0g0j0k0p0s10
YyIcU	2r4k/Bb2b1pp/2q2p2/3Q2Pn/7P/1B3P2/1KP5/R2R4 b - - 0 29	c6c3 b2b1 b7d5	1443	0g0j191o
ZSjcA	r7/p3kpp1/1pP1p3/3pP3/P2P2P1/2P2Pq1/5QPr/R4RK1 b - - 2 28	h2h1 g1h1 a8h8 h1g1 g3h2	1443	050p0y1013161n
Zq3bj	6k1/ppp3q1/2b4p/8/3Q4/2B2r2/PP4PP/R3R1K1 b - - 0 30	f3f1 g1f1 g7g2	1443	051315191n1o
a8STH	3r1r2/2R1Rp1k/5Qp1/p4qPp/1p5P/8/5P2/6K1 w - - 4 36	e7f7 f8f7 c7f7 h7g8 f6g7	1443	0p101316
aJ1hn	4r2k/pp1R2pp/2pQ2q1/8/1P3p2/2P2P1P/P5P1/6K1 b - - 4 38	e8e1 g1f2 g6g3	1443	0p0x13151o
b3AXV	6k1/p4pp1/8/1P1N3p/2P2P1P/R5P1/3Q3K/1q2r3 b - - 0 38	e1h1 h2g2 b1f1	1443	0p13151o1u
bzGhv	8/3k2p1/K2P4/1p2p2p/2p5/P1P5/1P4PP/8 b - - 0 33	e5e4 a6b5 e4e3 b5c4 e3e2	1443	000g0p101e1l1n
cGtMk	1k6/1p2r2p/8/R3p3/2B1bn2/6BP/P6K/8 w - - 6 36	a5e5 e7e5 g3f4 b8c7 f4e5	1443	01050b0p101g
cZ2SV	8/8/6p1/5k2/3Pn3/2p2K2/r1N4P/2R5 w - - 1 43	c2e3 f5e6 f3e4	1443	0g0i0p1o
cjw77	7R/1p3r2/p3k3/4p3/7p/P2R1r2/1PP5/3K4 w - - 0 43	h8e8 e6f6 d3f3	1443	0g0p0v0w1m1o
dWXWC	6k1/6p1/3p3p/2p2p2/p1b1nB1P/2P2N2/1N3PP1/6K1 b - - 3 30	a4a3 b2c4 a3a2	1443	000g0p1n1o
eA2sA	rq1r2k1/5p2/p2pR2p/1p4b1/7n/2N3Q1/PP3PP1/3R2K1 w - - 0 26	e6h6 h4g6 g3g5	1443	0b0g191g1o
g4Ol0	r1b1k2r/ppppqppp/2N5/2b5/5P2/2n1B3/PPP3PP/R2QKB1R w KQkq - 0 9	c6e7 c3d1 e3c5	1443	0b0g1c1o
gb2zF	r3brk1/3nb1pp/p1p1p3/2pqN3/8/3P1N2/PPPB2PP/R3QR1K b - - 8 18	d7e5 f3e5 f8f1 e1f1 d5e5	1443	010y101c
hmKNV	3r3k/1p2N1bp/p4pp1/4p3/4P3/1P6/1PP3PP/2KR4 b - - 1 25	g7h6 c1b1 d8d1	1443	0g0i0p1k1o
iSl7f	8/3k4/p1pP3n/P1P3KP/5p2/8/8/8 w - - 0 55	g5f4 d7e6 f4g5 h6f7 g5g6 f7e5 g6g7	1443	0g0h0p0z1w
iVIql	5rk1/B5pp/2Qp4/4p3/8/1P1P4/R1P1q1PP/7K b - - 0 22	f8f1 a7g1 f1g1 h1g1 e2e1	1443	050p1013161n
jNeqq	8/pp6/k7/2PQp3/Pn1b3r/8/2P3P1/2K5 w - - 0 29	d5c4 a6a5 c4b5	1443	0p0s13151o
kMCut	r2qkb1r/1p1n1pp1/p4n1p/3pN3/3P3B/7P/PPP1QPP1/R3K2R w KQkq - 0 13	e5c6 f8e7 c6d8	1443	0g0j0k191g1o
l7k44	6k1/8/2p2r2/p2p1p2/Pp1P1Rn1/1P4Q1/3K2Pq/2B5 w - - 3 41	f4g4 f5g4 g3h2	1443	0g0p1o
lRVy9	1r1r2k1/p6p/5Qp1/4RbP1/3q4/1P5P/P1P5/1K3R2 w - - 1 31	e5e8 d8e8 f6d4	1443	010i0j11191o
lcNHh	2Q3R1/4Np1k/p5pp/3p4/5p1P/1P6/1P2nPPK/2q5 b - - 0 34	c1g1 h2h3 g1h1 h3g4 h1g2	1443	0i0p0q101316
ly0k1	3rr1k1/p1p2ppp/1p1n4/6q1/P1BPp2n/BQP4P/5PP1/1R4RK w - - 6 22	a3d6 c7d6 c4f7	1443	010y191o
oHRUq	r4rk1/pp2pp1p/1q1p2p1/2n1P3/2P2P2/2Q4P/PP4P1/R1BR3K b - - 0 18	c5e4 c3e1 e4f2 h1h2 f2d1	1443	010s1019
pEqqE	rn1qk2r/1p3ppp/p2b1n2/1P1bB3/8/4PN2/3P1PPP/RN1QKB1R b KQkq - 0 10	d5f3 d1f3 d6e5	1443	010b0w1c1o
paXEL	2k4r/1p1r4/p6p/8/1P1P4/P2R2B1/5PK1/8 w - - 7 42	d3c3 c8d8 g3h4 d8e8 c3c8 e8f7 c8h8	1443	0g0p1p1w
qWOkM	7r/pp6/2p1k3/3pp3/2P1P1KR/1P6/P1P5/8 b - - 0 37	h8h4 g4h4 d5e4	1443	0g0p1m1o
qchZl	3r2k1/1p3pp1/2p4p/4q3/Q1P5/P3P1P1/1P5P/2K4R b - - 0 28	e5e3 c1b1 e3e4	1443	0g0p1o
r6CUL	3q2k1/6bp/4p3/p2Nn3/8/6BP/PQ2B1P1/6K1 b - - 0 32	e5f3 e2f3 g7b2	1443	010j191o
sQOOO	rn1qk2r/pp3ppp/3p4/2pP4/4b3/2P2N2/P3BPPP/R2QK2R w KQkq - 0 12	d1a4 b8d7 a4e4	1443	0g0s11191o
taQk6	4rr2/pp4pk/2pb3p/8/2BBb2R/P1P5/1P3PK1/7R w - - 8 30	h4e4 e8e4 c4d3 h7g8 d3e4	1443	010510191g1n
u8U3k	6k1/4r1p1/2P1R3/p2p1pN1/1q1P1K1p/4P2P/5PP1/8 w - - 4 36	c6c7 e7c7 e6e8 b4f8 e8f8 g8f8 g5e6 f8e7 e6c7	1443	00050g0p0s1w
uBXz1	r3k2r/1b3pp1/3Qpn1p/p1n5/qp2P1P1/5P2/PPP1B2P/1K1R3R w kq - 0 18	d6c5 a8c8 e2b5	1443	01191o
uYsPl	8/6R1/P1pk4/3p4/1P1Kp3/2P2r1r/8/3R4 b - - 0 39	f3d3 d1d3 h3d3	1443	0p13151m1o
xSEqM	r5k1/1R3R1p/6p1/4b3/1pB1P3/1P4P1/rP5P/1K6 b - - 0 30	a2b2 b1c1 a8a1	1443	0p13151o
yQgNb	2r2rk1/1p1qbppp/p3p3/3pP3/N7/3QP1P1/PP3PP1/2R2RK1 w - - 3 17	a4b6 c8c1 b6d7	1443	0g0s191o
14ofE	4r2k/6p1/7p/Q7/P1P1r3/8/1P1p1PPP/3R1K2 b - - 0 35	e4e1 d1e1 e8e1	1444	0p13151j1o
2A5xJ	1Q6/2R5/1K3k2/1Nr3p1/8/8/2r5/8 b - - 1 54	c5b5 b6b5 c2b2 b5c4 b2b8	1444	050g0p1011121n1p1r
2BA0H	3r4/6k1/3q2pp/Q7/P1b5/4P2P/5PP1/4R1K1 w - - 1 30	a5c3 d6f6 c3c4	1444	010p0s1o
2yFfG	5r2/3k3p/p1pp4/7b/4N1r1/P2P4/1PP2R2/2K1R3 b - - 1 26	g4e4 e1e4 f8f2	1444	010b0p1o
483PM	q7/3k2b1/2n1p2r/1QPp2p1/Pp1P1p2/1P6/4R1PP/R3B1K1 b - - 8 42	g7d4 e1f2 d4a1	1444	0g0s191o
4h6vS	8/4k1p1/p1R5/6q1/1P2p3/P7/5R1P/5K2 b - - 4 52	g5b5 f2e2 b5c6	1444	0g0p0s1j1o
58g73	r1b1k2r/ppp2ppp/1bn2q2/3N4/QP1P4/P7/4PPPP/R3KBNR b KQkq - 0 10	f6d4 a1d1 d4f2	1444	040g0s1c1o
5IgNb	1k6/pp1Q4/1q2p3/PB1p4/1P2n3/2P5/5PPP/6K1 b - - 0 33	b6f2 g1h1 f2e1 b5f1 e1f1	1444	0p101316
5YRJl	8/6N1/3k3p/3P4/1p2bP2/6K1/1P1R3P/r7 b - - 0 37	a1g1 g3f2 g1g7	1444	010p1o1p
6wdbX	r2r2k1/5p2/1q4pp/p2n4/1p2N1P1/4PP2/1Q3K1P/2RR4 w - - 1 31	d1d5 d8d5 e4f6 b6f6 b2f6	1444	010s10191n
71CH2	2Q5/p5pp/4P1kb/8/4K3/2P2N2/Pq3PPP/3r4 w - - 1 30	c8e8 g6f6 e8f7	1444	0p13151o
72Z9G	5r1k/p3qrp1/3p2Qp/2pPp1b1/4N3/P6R/1P3P1P/1K6 w - - 2 30	e4g5 e7g5 g6g5	1444	01191g1o
78XXz	R2qk3/1R4b1/3pB3/3P3p/2r1ppp1/8/5PPP/6K1 w - - 4 39	e6f7 e8f8 a8d8	1444	0p13151g1o
7cHb3	4b3/5pp1/p2k3p/1ppB4/4K3/2P3P1/PP3PP1/8 b - - 7 31	f7f5 e4f5 d6d5	1444	080g0i0p1o
8NUeK	8/6p1/5b2/4k2p/4P3/2K3RP/6P1/8 b - - 1 42	e5f4 c3c4 f4g3	1444	0g0j0k0p1o
8bN8G	8/p3b2R/2p2k2/6p1/2B2r2/1P6/P5K1/8 w - - 3 44	h7f7 f6g6 f7e7	1444	010i0p1o
8gbKV	rnb2rk1/ppp2pp1/3q3p/4P3/2B3Q1/5N2/PPP3PP/2KR3R b - - 0 14	d6d1 h1d1 c8g4	1444	0g191o
9OBd7	6k1/6pp/2Q1b3/1p6/p4BnP/P1P3P1/1Pq3B1/6K1 b - - 4 32	c2f2 g1h1 f2e1 g2f1 e1f1	1444	0p0r101316
AcB9u	r1b3k1/p3rpp1/2p3qp/4p3/4p3/1PN4P/P1P2PP1/R2QR1K1 w - - 0 22	d1d8 g8h7 d8e7 c8h3 g2g3	1444	0g0h0s1019
BaOqb	r2qk2r/1Q2bppp/p1n1b3/3pPp2/3P4/2N2N2/PP3PPP/R1B2RK1 b kq - 0 12	c6a5 b7a8 d8a8	1444	01111c1o1t
BgB46	2kr3r/ppp2ppp/8/3nbN2/8/1P2B3/P4PPP/3R1RK1 w - - 1 19	d1d5 d8d5 f5e7 c8b8 e7d5	1444	01050s10191n
BtnEU	2Q2rk1/1p1p1ppp/8/r7/Pq6/8/1P3PPP/2R1R1K1 b - - 0 22	b4e1 c1e1 f8c8	1444	0g0p1o
Bx7hF	k5r1/P7/1PP5/1K6/8/8/8/8 w - - 1 84	b5a6 g8g7 b6b7 g7b7 c6b7	1444	000p0r1013161m
C5kdd	2kr4/1pp1r1p1/1q5p/4p2n/BpR1P3/5P2/PP6/1KR2Q2 w - - 8 32	f1h3 c8b8 h3h5	1444	010s191o
CKAsT	2r3k1/5pp1/Nr2p2p/n7/3P4/P7/KP2BBPP/7R b - - 0 31	c8c2 a6b4 c2e2	1444	01191o
CeoCC	5r2/ppp1k1p1/3p3p/7q/4P1b1/PB1P4/1PP1n1PP/R3QN1K b - - 6 20	f8f1 e1f1 e2g3 h1g1 g3f1	1444	01050y10191g1n
E1DR2	6k1/1p4pp/p4q2/2p5/3p1Q2/5P1P/PPP2KP1/R1B4r b - - 2 25	f6f4 c1f4 h1a1	1444	0g0p1o
EHVZ9	r2qr1k1/ppp2ppp/8/2bQpb2/3n4/P1NP1N2/1PPB1PPP/2KR3R b - - 8 14	d4e2 c3e2 d8d5	1444	0g0i191o
EIzQf	4Q3/ppp2ppp/k7/5q2/4p3/2P1P3/5rPP/1R5K w - - 0 29	e8a4 f5a5 a4c4 b7b5 c4c6 a5b6 b1a1 f2a2 a1a2	1444	0p0r13181g1w
EZI4X	r1bqrbk1/ppp2pp1/2n3Qp/3p1N2/2Bpn3/2P5/P4PPP/RNB1R1K1 w - - 0 14	f5h6 g8h8 h6f7	1444	0g0i0y1c1g1o
Ghazn	2r1q2r/1b3kpQ/1p2p3/p2pPp2/8/1PR5/P4PPP/2R3K1 w - - 10 26	c3c7 c8c7 c1c7 e8e7 c7e7	1444	0e0g0s1019
Gy3w3	6k1/5p1p/6p1/3P4/1p6/N7/2P2PPP/r3RK2 b - - 0 30	a1e1 f1e1 b4a3	1444	0g0p0w1o
IMlOd	5r2/p2qb2k/1p2p2p/3p2pN/6R1/4PQ2/PP4P1/6K1 w - - 6 33	f3f8 e7f8 h5f6 h7g6 f6d7	1444	0g0p0s101n
JSFxH	6k1/1b2B1bp/p1qQ4/1p2n3/8/PP3rN1/2P3PP/3RR1K1 b - - 0 26	f3f1 g1f1 c6g2	1444	050j0y1315191n1o
Jgdif	4rqkr/ppp3pp/2n5/3p4/6P1/2P2Q1R/PP1P1bp1/R1BK2N1 w - - 0 16	f3d5 f8f7 d5f7 g8f7 h3f3 f7e6 f3f2	1444	01050s191w
JgfL3	7k/2R3rp/1p5N/p1n5/P7/5K2/1r5P/8 w - - 0 31	c7c8 g7g8 c8g8	1444	0p13151o
NeRQh	6k1/p4r1p/1p1p4/5p2/2nP1Q2/2P4P/PP6/2KBr3 w - - 2 30	f4g3 f7g7 g3e1	1444	0g0p0s1o
Oq84I	8/pp3pk1/2p4p/3p1QP1/4nP2/1P6/P5PK/4r3 b - - 0 32	e1h1 h2h1 e4g3 h1g1 g3f5	1444	050g0p0s101n
PMKFA	2rr2k1/1p1q1pp1/p6n/2bp1P2/4pP1p/1PP1P1NP/P5Q1/2B1RRK1 w - - 1 27	g3h5 h6f5 h5f6 g8h8 f6d7	1444	0g10191g
QIfZw	6k1/p7/Q1nn4/3N2p1/3P4/P6q/1P2N3/4K3 b - - 1 35	h3h1 e1d2 h1d5	1444	010p0s11121o
QOwqE	1r1qr1k1/1p3ppn/p6p/2p1bN2/8/1P1BpQ1P/P1P3RP/6K1 w - - 2 25	f5h6 g8h8 h6f7	1444	0g0i0y191g1o
QaNL2	r2q1rk1/1b3pbp/2p1p1p1/1pPpPn2/1P1B3P/3BPQP1/5P2/RN2K2R b KQ - 0 16	f5d4 e3d4 a8a1	1444	0b0g191o
QljEx	2k5/p4p1p/1p6/1Nq5/2r3P1/P6P/1K3PB1/1bR5 w - - 4 31	c1c4 c5c4 b5d6 c8d7 d6c4	1444	050g0p0r0s101g
RRDBF	3r2k1/p4pp1/1p2p3/3pN2p/PR6/2qPR2P/2r3P1/4Q1K1 b - - 5 31	c2c1 b4b1 c1e1	1444	0g191g1o
SHrFV	r1r5/p2b2k1/4p1p1/4P1B1/3P2q1/P7/1P1Q3P/R4R1K b - - 4 29	d7c6 d4d5 c6d5 d2d5 e6d5	1444	0g1019
TH0aA	5rk1/2p3p1/1pp1pq2/p7/2PP4/P4r1R/1PQ2PPP/6K1 w - - 0 26	c2h7 g8f7 h3f3 f6f3 g2f3	1444	0g0p0w101g
TVyTO	5r2/R4pkp/4p1p1/3qP3/3n4/7P/P2QNPP1/6K1 b - - 0 25	d4f3 g2f3 d5d2	1444	0g0j0p1o
UGH3f	5nk1/3q1pp1/p3p2p/1p2PP2/1P2P2N/P2Q3P/4r1P1/3R3K b - - 0 31	e2e1 h1h2 e1d1	1444	0g0p1o
Ull4b	r2qrbk1/pp1n1ppp/2p2n2/3p1N2/8/1P4Q1/PBPP1PPP/RN3RK1 w - - 4 13	f5h6 g8h8 h6f7	1444	0g0i0y1c1g1o
XRxyE	1r4k1/1pp2pp1/p6p/3Pr1q1/2P5/8/PQ3PPP/R4RK1 w - - 2 21	f2f4 e5e2 b2e2	1444	0g0p0s1o
Y1IRT	R7/Q6p/2pN2k1/2B1p1pq/2b5/P4pP1/6BP/6K1 b - - 2 31	f3f2 c5f2 h5d1 f2e1 d1e1 g2f1 e1f1	1444	000d0s1317191w
YjWvE	rn1q1rk1/pb3ppp/1p2p3/2P1P3/2B5/2B2P2/PP4PP/R2QK2R b KQ - 0 13	d8h4 g2g3 h4c4	1444	010s191o
ZnF5l	6k1/5pp1/1p5p/2p3b1/2Qpq3/1B4P1/P6P/3R2K1 b - - 1 31	g5e3 g1f1 e4f3 f1e1 f3f2	1444	0p101316
aD9bQ	5k2/p7/2P5/3N3p/1K6/6p1/r7/8 w - - 0 44	c6c7 a2c2 d5c3 f8e7 c7c8q	1444	00010p101h1l
c0drT	4r1k1/5ppp/pp6/3Prb2/2P1n3/1PNp3P/PB1P1PP1/1R1K1R2 b - - 3 23	e4f2 d1c1 e5e1	1444	0g191o
c4h9d	8/6k1/5bpp/pp6/2p1pPKP/P1P1Q3/1P1q4/4R1N1 b - - 0 39	d2g2 e3g3 h6h5	1444	0p13151o
cezRh	kr6/pp2R3/2p4p/8/5p2/5P2/PQ3qrP/1R5K w - - 0 33	b2b7 b8b7 e7e8 b7b8 b1b8	1444	0p1013161n
cpyio	1kbr2nr/p1q1b1p1/Rp5p/1P1pP3/Q1p1BPpP/4B3/4N3/4K2R w K - 0 26	e3b6 c7b6 a6b6	1444	01191k1o
d3twI	r2q1rk1/ppp3p1/2n1pn1p/4b3/7N/P1NP3P/1PPB2P1/R2Q1RK1 b - - 1 14	d8d4 g1h1 d4h4	1444	0g0s1c1o
eBOoa	8/6kp/1pR3p1/8/4P3/2P2KPP/4r1r1/7R b - - 2 26	g2f2 f3g4 e2e4 g4g5 h7h6	1444	0i0p1013161m
fKeWm	rnbqk1nr/ppp2ppp/8/3p4/5b2/2P2N2/PP1P2PP/RNBQKB1R w KQkq - 0 6	d1a4 b8c6 a4f4	1444	010s1c1o
fuikr	2kr2r1/pppq3Q/2n1p2p/3pP1b1/3P4/2PB3P/PPN2PP1/R3K1R1 b Q - 0 14	g8g7 h7g7 d7g7	1444	01191o1t
g1CrO	8/6pp/1p3r2/3p4/3P2k1/P3PpPq/1P3P1P/5QRK b - - 6 32	h3h2 h1h2 f6h6 f1h3 h6h3	1444	050p1013161n
gHs2i	8/5k2/2p5/P7/4KP2/rp4R1/8/8 b - - 1 55	b3b2 g3a3 b2b1q	1444	000g0p1h1m1o
gqHdM	4rrk1/p3Qpbp/1n4p1/8/4N3/1B5P/Pq3PP1/R4RK1 w - - 1 18	b3f7 f8f7 e7e8	1444	0g0i0s191o
hCDBh	r3r1k1/pb3p1p/1p1pp1pB/2pP3n/3NPP1q/P2B4/1PP3PP/1R1Q1R1K b - - 0 18	h5g3 h1g1 g3f1 d1f1 h4h6	1444	0110191g
i4s6K	1k6/p4R2/1p4p1/2q3Pp/3n3P/3P4/PQ6/K7 b - - 0 45	d4c2 a1b1 c2a3 b2a3 c5a3	1444	0g0p1011
ih7BP	4r1k1/p1q2pp1/1p5p/6Q1/1P6/P6P/5PP1/2R3K1 b - - 1 25	e8e1 c1e1 h6g5	1444	010p1o
jJftq	8/6B1/1R6/7p/k3r2P/6K1/p7/8 b - - 7 69	e4g4 g3f3 g4g7 b6a6 a4b3	1444	0g0h0p0s10
juFGN	5r1k/1bp3pp/pp1p3r/3PpP1n/1PP1P1B1/P1N3Pq/5R1P/3Q2RK b - - 6 32	h5g3 g1g3 h3g3	1444	010y191g1o
kRuoy	r5rk/5p1p/p2p1PpQ/2p5/2Ppq3/1P1b1R2/P5PP/R5K1 w - - 6 25	h6h7 h8h7 f3h3 e4h4 h3h4	1444	050y101316191n
lCHwC	3r2k1/p5pp/1p1pp3/8/3Q4/8/PPP2rqP/1K1RR3 w - - 0 20	e1g1 g2g1 d1g1	1444	010p1o
lkqL4	1R6/1P6/8/4k3/8/7p/rr6/3R3K b - - 0 41	b2h2 h1g1 a2g2 g1f1 h2h1	1444	0p0r1013161m
lnGBo	8/6pp/3R1pk1/1r1n4/8/5P2/1rRB1KPP/8 w - - 12 41	c2b2 b5b2 d6d5	1444	010p111o
lySfX	2k4r/1pp3Qp/p2r3n/8/1q6/1B3P2/PPP2P1P/R3R1K1 b - - 0 19	d6g6 g7g6 h7g6	1444	0g0s191o
maqnl	6k1/7p/1n3pp1/2r5/2p2K2/2R1P2P/4BPP1/8 b - - 1 29	b6d5 f4g3 d5c3	1444	0g0p0s1o
msNAb	r4k2/2bq1P2/b1p2R2/1pPppn2/p2P4/P1N1P3/1P4Qp/3K4 w - - 0 26	g2g8 f8e7 f7f8q a8f8 g8f8	1444	000r101316191h1u
n7ZU2	5r2/4q1k1/4p1Pp/3b4/p1pP2RP/P1B2p2/1P3Q2/2K5 w - - 1 38	c3b4 e7c7 b4f8	1444	0g0p1o1p
nJuAW	8/4n3/P1K5/4k3/8/8/8/8 w - - 1 61	c6b7 e5d4 a6a7	1444	000g0h0p0z1o
pFidC	r2qk1nr/pp1nppbp/6p1/1B1P4/4N3/8/PP3PPP/R1BQK2R b KQkq - 1 12	d8a5 e4c3 g7c3 b2c3 a5b5	1444	010s101c
s85Bx	r4rk1/1ppb1pp1/p4q1p/3pn3/Q2P4/2PBPN2/P4PPP/R4RK1 w - - 4 14	d4e5 d7a4 e5f6	1444	01191o
sjZ2U	8/7k/p3q1pp/1p1p1r2/3R2P1/2PQ3P/P5P1/6K1 b - - 0 34	e6e1 g1h2 f5f1 d3f1 e1f1	1444	010p101l
tf0Y4	6k1/5ppp/2P1p3/bB1b4/1P6/r7/6PP/3R2K1 w - - 0 31	b4a5 a3a5 c6c7	1444	00010p1o
uVLa0	2k4r/pp3pb1/1np4p/8/3PQ3/1BP3B1/PP3Kp1/R3R2q b - - 0 22	g2g1q e1g1 h1e4	1444	000g0i0j191h1o
uYqnW	r4rk1/p4pp1/bp2p2p/q2p4/8/1nN5/PPP2PPP/R2QR1K1 w - - 0 19	a2b3 a5c5 a1a6	1444	010j191o1p
viNGa	3rr1k1/p5p1/3nR2p/1p1p4/1Pp3P1/2P4P/P2N1PK1/4R3 w - - 4 28	e6d6 d8d6 e1e8	1444	0b0g0i0j0p0y1o
vzISn	1r6/1p1rb1k1/p1q2p2/P1p1pPp1/2PpQ1Pp/1R1n3P/1PPB1P2/R5K1 w - - 0 46	e4c6 b7c6 b3b8	1444	0g11191o
wZbdy	2r3k1/pb6/3bpqp1/1p1p1p2/2pP1P2/2P1P2Q/PPB3P1/2K4R w - - 3 25	h3h7 g8f8 h7b7	1444	010s191o
x1vgF	1k2r2r/ppp5/2n5/6B1/2QbNP2/1P1q4/6PP/4RR1K b - - 2 26	h8h2 h1h2 e8h8 g5h6 h8h6	1444	05101316191f1n
xJwMC	8/8/1p2k3/p1p3p1/1PP1KpPp/b4P1P/3B4/8 w - - 0 47	b4a5 b6a5 d2a5	1444	080g0p1o
xOhiR	5nq1/1b1k4/1p1p4/pN1n1P2/P7/7r/1P4P1/2QR2K1 w - - 0 31	d1d5 g8d5 c1c7 d7e8 b5d6 d5d6 c7d6	1444	0g0i191n1w
xVDMB	2r1r1k1/5p1p/1RP3p1/p2Q1p2/P1q5/6P1/5P1P/3R2K1 b - - 1 30	e8e1 d1e1 c4d5	1444	010i0p1o
y8PHt	3r2k1/2p4p/p4p2/2P1N3/4QnP1/8/PP3P2/5K2 b - - 0 32	d8d1 e4e1 d1e1 f1e1 f6e5	1444	010p10
0AH5m	3r3b/p6p/1p3p1P/5n1k/6R1/4rPP1/P5K1/4R3 w - - 0 34	e1h1 f5h4 h1h4	1445	090p1113151o
0jMQs	3q1r1k/8/5rpp/p3R3/1b2B3/5P2/4Q1PP/2R3K1 b - - 3 34	d8d4 g1h1 d4e5	1445	0g0s191o
1PH5F	r1bqk2r/1pp2pp1/p6p/3pP3/7b/4P3/PP2BPP1/R1BQK2R w KQkq - 0 12	d1a4 c8d7 a4h4 d8h4 h1h4	1445	011019
1YJUs	rnbqk1nr/ppppbpQp/8/8/8/1P6/P1P1PPPP/RNB1KBNR b KQkq - 0 4	e7f6 g7g3 f6a1	1445	010s0v1c1o1t
1vxZR	r1b1k2r/ppp2ppp/3p4/4q3/1bP5/2N1P3/PP2BPPP/R2QK2R w KQkq - 0 12	d1a4 c7c6 a4b4	1445	0g0s191o
22JVY	2r1qrk1/3n3p/3P2p1/BB6/1P2p3/P3Q3/5PPP/R5K1 b - - 0 23	e8e5 a1e1 e5b5	1445	010s191o
3DOXg	7k/2p1r1p1/p6p/8/P7/1P5P/2Qq1PP1/2R3K1 b - - 2 30	e7e1 c1e1 d2c2	1445	010i0p1o
3E6ki	4Rrk1/1pp2ppp/1p1p1q2/3P4/2B3b1/3Q4/P2N1PPP/R5K1 b - - 0 22	f6a1 d3f1 a1f1 g1f1 f8e8	1445	0g0t1019
45LTp	1r4k1/1P2r1pp/2R1p3/3pp3/1Pp5/2P5/5P1P/5RK1 w - - 1 27	c6c8 e7e8 c8e8 b8e8 f1a1 g8f7 a1a8	1445	0g0p1l1m1w
4GKDV	3rr1k1/pp1qbpp1/3p3p/2p1N3/2P3n1/1P4P1/PBQ1PPKP/3R1R2 b - - 3 18	g4e5 b2e5 d7c6 d1d5 d6e5	1445	010w10191g
4m0o8	8/1b1N1R2/4p1k1/p7/1p1n4/8/P1P2PP1/2b2K2 w - - 1 37	d7e5 g6h6 f7b7	1445	0g0j0p1o
5AESH	5r1k/p3b1p1/6qp/2pQ2P1/7P/1PP1B3/P2K1P2/6R1 b - - 1 31	f8d8 d5d8 e7d8	1445	010p1g1o
60wgf	r1b1kb1r/5ppp/pqNp1n2/8/Q3P3/8/PP3PPP/RNB2RK1 b kq - 2 11	c8d7 a4d4 b6c6	1445	011c1o
6yGJR	2r5/5p1Q/p3pkp1/1p6/1Prp1qP1/P2R4/5PK1/7R w - - 1 46	d3f3 f4f3 g2f3	1445	010p1g1o
7XAG4	3Q4/pbp3p1/1p2p1k1/1P2Pr2/2P2P2/q6P/P5P1/2R2RBK b - - 0 31	a3h3 g1h2 h3g2	1445	0y1315191g1o
8Nqe6	8/7P/4n1K1/p1p1k3/2P1P3/8/6B1/8 b - - 0 51	e6f8 g6g7 f8h7	1445	0g0p111o
9DXcm	2r3k1/p1p2p1p/1pN1q1p1/3r4/4n3/1P1QP2P/PR4P1/4R1K1 w - - 2 27	d3d5 e6d5 c6e7 g8f8 e7d5	1445	050g0s10191n
9FkuD	4r1k1/p1p3pp/5q2/3Nr3/Q7/8/PPP2P1P/R5RK b - - 0 24	f6f3 g1g2 e5e1 a1e1 e8e1	1445	0s10131619
AsErP	r3kb1r/1ppb1ppp/p2q1nN1/n7/3P1B2/2NB4/PPP3PP/R2Q1RK1 b kq - 2 12	d6d4 g1h1 h7g6	1445	011c1o
CMX8e	2b5/p6k/p5p1/4P2P/n2PQ1P1/8/P1PK4/1r6 b - - 2 37	b1d1 d2d1 a4c3 d1d2 c3e4	1445	01050p0s101n
CnSyv	5r1k/p5p1/6rp/8/4P1P1/2P1QP1q/PP3R2/5RK1 b - - 0 34	g6g4 f3g4 h3e3	1445	0g0p1g1o
DIRw6	r2r4/2p2Qbk/b2q2pp/p2P4/4BP2/1p4P1/P7/2KR3R w - - 0 28	h1h6 h7h6 d1h1	1445	051315191g1n1o
DVAqX	1R6/5rkp/5qp1/p2Q4/8/7P/P5P1/7K b - - 12 34	f6f1 h1h2 f1f4 g2g3 f4b8	1445	0g0p0s10
E5uMx	5rk1/5pp1/3p4/2pP1Rq1/3bP1n1/1P1B2P1/P5K1/4QR2 b - - 4 32	g4e3 e1e3 g5e3	1445	0g0s191o
ErNQd	r3r1k1/pp3ppp/2p5/3bQ3/R6q/1P6/1P3PPP/2B2RK1 w - - 5 20	e5e8 a8e8 a4h4	1445	010y191o
Fe9xR	r1b2rk1/pp5p/5qp1/3Nb3/8/7P/PP3P1B/1BRQR1K1 b - - 0 19	f6f2 g1h1 f2h2	1445	0y13151c1o
H6zcd	r2qkb1r/pppb1ppp/2n1pn2/8/2BP4/1QN1PN2/PP3PPP/R1B1K2R b KQkq - 4 7	c6a5 b3c2 a5c4	1445	011c1o
HfggV	4kr2/p4r2/1pppq3/n3p3/4P3/1P3NQP/P3RPP1/3R2K1 b - - 2 26	f7f3 g2f3 f8g8	1445	01191g1n1o
I6AEv	6k1/1R5p/p5p1/6r1/r2p2N1/5P1P/1P4P1/6K1 w - - 0 32	g4f6 g8f8 f6h7	1445	0g0i0p1o
IE20S	r7/pp3pkr/2n3p1/3p4/2pPN1b1/2P2qP1/PP3P2/R1Q3KR w - - 0 23	h1h7 g7h7 e4g5 h7g7 g5f3	1445	050g0s1019
LDMBw	4rrk1/pp1q1ppp/2pp1b2/4nP2/4PB2/1BQ4P/PPP2P1K/3R2R1 b - - 6 20	e5g4 g1g4 f6c3	1445	010j191o
MG7PZ	5r1k/6p1/1r6/1B2Q3/P1P1P1P1/Rp6/5qP1/1R5K b - - 0 37	b6h6 e5h5 h6h5	1445	0g191o
MzHUc	5rk1/p5p1/2p3p1/2p3q1/2P1PrP1/3PQP2/P4RK1/3R4 b - - 2 26	f4g4 f3g4 g5e3 f2f8 g8f8	1445	0g0j0p10
Nk8nv	5r2/pp2r3/2pR4/3p2k1/3P2n1/P7/1PP2N2/2K2R2 w - - 14 38	f2h3 g5h4 f1f8	1445	0g0j0p1o
Ov2fc	r5k1/2p1Q2p/R6r/1P1Pp3/1P2P1q1/2PR1pP1/5P2/6K1 b - - 0 31	h6h1 g1h1 g4h3 h1g1 h3g2	1445	050p1013161n
OvZi9	r4rk1/5p2/3p2pB/4P1R1/1Pb3Q1/8/1q4PP/q2R3K w - - 0 35	g5g6 g8h7 g6g7 h7h8 g7h7 h8h7 g4g7	1445	051317191n1w
PfTSm	2kr1b2/ppp2Np1/8/4p3/3q4/2NP2P1/PPP2QBr/R4K2 b - - 0 19	d4f2 f1f2 f8c5 f2f3 d8f8	1445	01050d0r10191g
RL5vo	4rk2/p1p3pp/8/2N5/2P2pn1/6P1/Pr4BP/4R1K1 w - - 0 23	c5d7 f8f7 g2d5 f7g6 e1e8	1445	010i0p10
TAeMa	b7/P7/8/8/1P1K1pk1/7p/5R2/8 b - - 0 47	g4g3 f2e2 h3h2	1445	000g0p1o
TVnbT	r1b1k1nr/pppp1ppp/5q2/1B2n3/3QPP2/8/PPP3PP/RNB1K2R b KQkq - 0 7	e5f3 g2f3 f6d4	1445	0g0j1c1o
Uo8By	r2q2k1/pp3nbp/3p2p1/3PP3/2Pp2P1/8/PP1QB2P/2KR3R b - - 0 18	g7h6 d2h6 f7h6	1445	01191g1o
VIbwQ	3R4/1p3pk1/p3p1pp/8/PQ6/4PP1P/1Pr1q1PK/8 w - - 4 36	b4d4 e6e5 d4e5 g7h7 d8h8	1445	0p101316
W0Xpa	5rk1/6p1/2Q1p1rp/P1Pp1p2/3PnP2/4P3/1q3BPP/R4RK1 b - - 0 28	e4f2 f1f2 b2a1	1445	0g191o
WR3Pp	7k/1p6/p1pRP3/8/4b1p1/6P1/PPPKN1rP/8 b - - 0 31	e4f3 d2e3 g2e2	1445	010p1o
WdJmM	1Q1R4/5p1k/p5p1/Bp5p/1Pq5/7P/2r3P1/7K b - - 3 42	c4f1 h1h2 f1g2	1445	0p13151o
Xf7D5	r4rk1/ppp3pp/4p3/5p2/2P5/P2B1n1q/1BP4N/R5RK w - - 0 21	g1g7 g8h8 g7g3	1445	0g0j0k0y191o
ZkUcZ	Q7/6pk/4Bn1p/8/1p1q1P2/2r1R2P/6PK/8 w - - 6 35	e6f5 g7g6 e3e7	1445	0d0p13151o
ashYv	6rk/p4p1p/5PpQ/2p1P1P1/2P1RR2/1r1q3P/3p4/3K4 w - - 0 33	h6h7 h8h7 f4h4	1445	050p13151n1o
btIza	8/5p1k/p7/1pp1p2p/3PNq1b/2P4P/PPB3R1/6K1 w - - 9 34	e4f6 h7h6 f6g8	1445	0k0m0p13151o
bx0j2	5r2/2kn2bp/p7/1b1pP3/1PpPq1B1/2P1B2Q/1N4RP/7K b - - 5 29	f8f1 e3g1 f1g1 h1g1 e4e1	1445	050y101316191g1n
evM9M	2rq2k1/Q4ppp/2b2b2/p4R2/1p6/1B1P4/PPP1r1PP/4R1K1 w - - 0 22	a7f7 g8h8 e1e2	1445	010w191o
fQgwq	5k2/pp6/6P1/8/4K2P/2p5/P7/8 w - - 0 50	e4d3 f8g7 h4h5	1445	0g0h0p1e1o
iIows	r1b1q1k1/pppp1pp1/7B/2b2B2/1n6/5P1Q/PPP1N1PP/1K1Rr2R b - - 2 19	e1d1 h1d1 e8e2	1445	01191k1o
iLn11	4r1k1/3r3p/pp4p1/2bP1p2/P1n5/5PP1/1PB3KP/2BR3R b - - 4 32	e8e2 g2h3 e2c2	1445	0g0s191o
iYQa4	rn1qkb1r/pp3ppp/5n2/2p1N3/2BpP3/6N1/PPPP1PPP/R1BbK2R w KQkq - 0 8	c4f7 e8e7 g3f5	1445	0413151c1o
jNeJs	r3r1k1/pp2Rppp/3n4/3P4/P2p4/3P1QP1/1q3PBP/4R1K1 w - - 2 22	f3f7 d6f7 e7e8 a8e8 e1e8	1445	060i101316191n
jTk9K	4r1k1/1q4pp/4pp2/1n1p4/p1pP1P2/PrP3NP/1P1QR1P1/1R4K1 b - - 4 32	b5c3 b2c3 b3b1	1445	0g191o
l0EQa	r2q1rk1/ppp1nppp/3b4/3P4/2Q2Bb1/2N2N2/PPP3PP/R4RK1 w - - 1 13	f4d6 d8d6 c4g4	1445	010j191o
lvxDS	6k1/pp4p1/4rb2/3p3q/2pP3P/2P2Q2/PP6/2K2R1R b - - 1 32	e6e1 f1e1 h5f3	1445	010i0p1o
lwSEs	2r3k1/p1P3pp/2R2p2/r3p3/3pP3/5P2/P4P1P/5RK1 w - - 0 27	f1b1 g8f7 b1b8 c8c7 c6c7	1445	0g0p101l1m
mm2OB	3R4/p4pkp/1p2p1p1/1Nq1P3/2P2Pn1/Q7/PP4PP/7K b - - 0 24	g4f2 h1g1 f2h3 g1f1 c5f2	1445	0k0m0p0y101316
n2iy8	4k3/5pp1/4p3/P2nP1P1/1P3BPP/2PqP3/3Q4/3K4 b - - 6 46	d5c3 d1e1 d3b1 e1f2 c3e4 f2e2 e4d2	1445	010p0r0s1w
oqYvd	6k1/pQp2pp1/3p2rp/4r3/1PP2P1q/P3P3/7N/2R2R1K b - - 0 25	h4h2 h1h2 e5h5	1445	050y1315191n1o
pD99j	r4rk1/2p5/p1p2P2/3p1nN1/6pR/1P1Pq1P1/PBP4P/R6K w - - 1 26	f6f7 f8f7 h4h8	1445	000y1315191d1o
q0e5I	4rk2/pp3ppp/5b2/3p4/3N2q1/2P2NPB/PP3P2/R3Q1K1 b - - 0 22	e8e1 a1e1 g4h3	1445	010w0y191o
qGxKb	r1r3k1/1b3ppp/8/6P1/3RP2P/1PQ5/q1PR4/2K5 w - - 6 34	c3c8 a8c8 d4d8 c8d8 d2d8	1445	06101316191n
r4Kgk	6k1/3b1p2/2p1pB1r/4Q1p1/P2P2P1/2q5/5PKP/8 w - - 0 39	e5b8 d7c8 b8c8 g8h7 c8h8 h7g6 h8g7	1445	0p0q13171w
r9hGI	2r5/p3b1p1/1p3k1p/3B1p2/1P3B2/6P1/2n2P1P/4R1K1 w - - 2 31	e1e6 f6f7 e6c6 f7e8 c6c8	1445	0g0j0k0p10
rDI4l	2kr4/p1q2p2/1pp1pQ2/2P2p2/1P1r2P1/P2B4/7P/3R3K w - - 10 32	d3a6 c8b8 d1d4 d8d4 f6d4	1445	010j0p10
sJ7I2	r2qk2r/3pbppp/8/2p5/4b3/3BPN2/PPn2PPP/R1BQ1RK1 b kq - 8 15	e4d3 d1d3 c2a1	1445	011c1o
sXwqi	5r2/1bQ1R3/2q2npk/7p/1p5P/1P6/5PP1/6K1 w - - 5 38	c7f4 g6g5 f4g5	1445	0p13151o
sZlLe	5r1k/6p1/8/4P2p/8/1R2Q3/KPP3P1/2q5 b - - 12 47	f8a8 b3a3 c1e3	1445	010p111g1o
seqSe	6k1/p4p2/1p4p1/8/6B1/P3PQ2/3q1PPP/2rR2K1 b - - 4 29	d2e1 d1e1 c1e1	1445	060p13151n1o1y
smqBu	r1b2rk1/p4pp1/2p3qp/1pb1N3/4P3/P1P3Bn/BPQN1PK1/3R1R2 b - - 3 21	h3f4 g2h1 g6h5 g3h2 h5e5	1445	0g0s10191g
uUa07	4r1k1/1pp3pp/p1p5/3n4/3P4/N1Pb1P2/PP1BrRPP/2R3K1 b - - 10 19	e2f2 g1f2 e8e2 f2g3 e2d2	1445	050g0s1019
ul2Zo	r5k1/6pp/2R1n3/p3p3/p7/3P1P1P/2P2P2/2R3K1 b - - 0 22	e6d4 c6c4 d4e2 g1f1 e2c1	1445	010p0s10
v53jt	5rk1/1p5p/3P2p1/3N3q/3BPPn1/2PR4/P4P2/1R4K1 b - - 4 27	h5h2 g1f1 h2h1	1445	01191o
vISsz	4r1k1/1rp3p1/p1N4p/3P1p2/2P1p3/3R4/P3RPPP/5K2 b - - 0 25	b7b1 e2e1 b1e1 f1e1 e4d3	1445	010j0k0p10
vxThQ	3r4/R2b1p1p/p2kpp2/2N5/8/8/P4PPP/6K1 w - - 4 28	c5b7 d6e7 b7d8	1445	0g0p0s1o
wPq2b	r1b1k2r/pp1pnppp/2q1p3/2b5/2B1PP2/4B3/PPP1Q1PP/RN2K2R b KQkq - 3 9	c5e3 e2e3 c6c4	1445	010j1c1o
wcci7	8/8/p5pk/6r1/1p1q4/6P1/P4R1P/2Q3K1 w - - 2 39	h2h4 d4h4 f2h2	1445	0d0g0p1g1o
wo23b	6rk/3bq1r1/4p1Rp/p2p1p2/2pP1P2/2P1P1QP/P1B5/6RK w - - 6 29	g6h6 g7h7 g3g8	1445	0i0j0y1315191o
x67aR	r4k1r/pN2qpp1/2p1b2p/3BP3/1P6/2P2Q2/P4PPP/R3K2R b KQ - 0 18	e6d5 f3e3 e7b7	1445	01191o
yegTE	4rrk1/p1p2p2/2pb2qp/3n4/4N2R/2P2P2/PP4PP/R3Q2K w - - 0 24	h4g4 g6g4 f3g4	1445	01191g1o
zslH3	8/4Q1pk/p1p2R1p/3p4/1Pq1b3/P5P1/6BP/7K b - - 0 30	c4c1 f6f1 c1f1	1445	0p13151g1o
1NC4R	3rr1k1/p4ppp/2p5/8/1qPn4/1PN3QP/P4PP1/R4RK1 b - - 0 20	b4c3 g3c3 d4e2 g1h2 e2c3	1446	01050s10191n
1h5IW	3rr1k1/1p2bpp1/1qp1p2p/3nB2P/p1BPP1P1/P7/1PPQ4/2KRR3 b - - 0 23	e7g5 d2g5 h6g5	1446	01191g1o
2RPn9	3q4/5p1k/2n2P1p/2P1Q3/2K5/7P/2P5/8 w - - 1 40	e5e4 h7h8 e4c6	1446	0g0p0s1o
2W7M3	1r1q1r2/3p1n1p/2p2kp1/p3p3/N1Q1P2P/8/PPP2P2/2KR3R b - - 2 18	b8b4 c4e2 b4a4	1446	010v191o
2hnLW	8/3R2p1/p1n2k1p/1pN5/1P5P/r5P1/5P2/6K1 w - - 4 40	d7d6 f6f7 d6c6	1446	010p0s1o
34mpD	6k1/pQp3pp/8/8/2P5/3P1rqP/PP3rP1/3R2RK b - - 2 26	g3h3 g2h3 f3h3	1446	0p13151n1o
4Sxby	1rb2rk1/1p2q3/p1n3pQ/3p2P1/3p4/2P5/5P2/R1B2K1R w - - 0 23	h6h8 g8f7 h1h7 f7e8 h7e7	1446	0g0r10191p
53uLt	4Qnk1/pp4r1/2p5/3pB3/2n3P1/2P5/P1q2P2/K6R w - - 0 34	h1h8 g8h8 e8f8 h8h7 f8g7	1446	050i0r101316191g1n
5PtUu	4r3/3b3k/7p/1p1PQ3/1Np1R2q/2P5/PP4P1/6K1 b - - 6 48	h4e4 e5e4 e8e4	1446	0g0p1o1y
5bBkd	7k/1pp2B1p/1b3p1q/p3pP2/4P3/2P4P/PP2QP2/6K1 b - - 0 27	h6g7 g1h2 g7f7	1446	0g0p0s111o
5fjr9	8/4b3/4p2p/8/1P3P2/1kP2RP1/r4N1p/5K2 b - - 1 36	a2f2 f1f2 h2h1q	1446	000g0p1h1o
5oAUH	7r/6k1/p5P1/2pppP1R/8/3K4/P7/8 w - - 5 40	f5f6 g7g6 h5h8	1446	0g0i0p1m1o
61och	1r1qk3/ppp2p1p/2n1bB1Q/8/8/P1P1p2P/P3BPr1/1R2K1NR b K - 0 16	d8d2 e1f1 g2f2	1446	1315191o
67OQ4	3R4/1P4p1/2K2p2/5k1p/8/1r6/8/8 w - - 4 49	d8d5 f5g6 d5b5	1446	0g0p1m1o
6IHB2	2r2rk1/3Q1p1p/5p2/7N/1p2p2P/2q3PK/8/7R w - - 2 33	d7g4 g8h8 g4g7	1446	0p13151o
6a1QA	6rk/7p/3pr2q/QPpNp3/P1P1P2P/3P1R1K/5P2/6R1 b - - 0 38	h6h4 h3h4 e6h6	1446	051315191n1o
6c1jp	7r/1ppbnk2/p3p3/3p1p2/PP1P1Pp1/2P1P1P1/5K2/R1BQ1BRq b - - 6 28	h8h2 f1g2 h2g2 g1g2 h1d1	1446	0g0i1019
7yEbQ	7k/8/3n1R1p/2r3p1/8/6P1/5P1P/6K1 w - - 0 41	f6h6 h8g7 h6d6 c5c1 g1g2	1446	010p0s1011
8eNVS	8/4qp2/p3b1pk/8/1r1QB1P1/4P3/PP3PP1/1K6 w - - 0 29	d4h8 h6g5 f2f4 g5g4 h8h3	1446	0p101316
8msbN	1r4k1/5pp1/P3p2p/1r1p4/8/7P/5PP1/RR4K1 w - - 0 34	b1b5 b8b5 a6a7	1446	000g0p1m1o
ANx52	r2qk1r1/pbppbpQ1/1p2pn1p/4P3/2P4p/2N5/PPP1NPPP/R3K2R w KQq - 2 13	e5f6 g8g7 f6g7 e7f8 g7g8q	1446	000110191h
B2klt	1r2q1k1/1p3ppp/p2Q1b2/2p2P2/P4P2/2P4P/1P4P1/2BR2K1 b - - 0 22	b8d8 d6d8 f6d8	1446	010p1o
CHzrM	4r2k/p5pp/1pp3r1/8/P2Pqp2/8/1Q3PRP/1B4RK b - - 3 33	e4g2 g1g2 e8e1 g2g1 g6g1	1446	0d101316191n
DVzCC	k2r4/1rq2ppp/2N5/pp1Q4/8/8/P4PPP/2R3K1 w - - 14 29	d5d8 c7d8 c6d8	1446	010p1o
E4OIr	5Q2/3r4/6p1/5qk1/pp2R3/8/2P2P1P/6K1 w - - 7 49	h2h4 g5h5 f8h8 d7h7 h8h7	1446	0p101316
EwxSw	4rrk1/1pp2R2/p2p2p1/4n1Q1/4PR2/2P1q2P/1P4PK/8 w - - 1 37	f7f8 e8f8 f4f8 g8f8 g5e3	1446	0g0r1019
F6vdw	2k3r1/pbp5/1p2nRr1/6Pp/3P3B/2P5/PP1N2P1/R5K1 b - - 6 26	g6f6 g5f6 g8g2 g1f1 g2d2	1446	010j0s1019
FElmd	1r6/5ppk/4p2p/4P2P/3P1PP1/2P5/p2B1K2/Rq3Q2 b - - 1 44	b1f1 a1f1 b8b1	1446	0d0g0p1o
FdV4y	1r5k/6p1/5p1p/p3p3/4P3/p1PQ3P/5PP1/6K1 b - - 0 41	a3a2 g1h2 a2a1q	1446	000g0p1h1j1o
FwZHS	8/6k1/4pRp1/4N3/3P3P/1n2PPn1/1r6/3K4 w - - 3 50	f6g6 g7h7 g6g3	1446	010p0s1o
G32RG	2k1r3/pp2q2p/6p1/3B4/8/3p3P/PPP2PP1/2Q2K1R b - - 0 20	e7e2 f1g1 d3d2	1446	000g0p1o
GRh8R	r2qk2r/pppb2pp/2n1p3/3pP3/3P4/P1N3Q1/1PP3PP/R1b2RK1 w kq - 0 14	g3g7 c1e3 g1h1 d8h4 g7h8	1446	0g1019
H8Mve	1k5r/p1pp4/1p2p2p/4q3/1PP3p1/P1PBB3/3Q2KP/8 w - - 0 30	e3d4 e5h5 d4h8	1446	0g0p1o1p
HGv2y	6k1/1b3p2/ppq5/2p3PQ/5r2/8/P4RPP/5R1K b - - 3 29	c6g2 f2g2 f4f1	1446	0i0p13151g1n1o
IqLqd	rnb1k2r/pp3ppp/2p1p3/8/1BP1n3/3B1Q2/Pq3PPP/R3K1NR w KQkq - 0 10	a1b1 b2f2 f3f2 e4f2 e1f2	1446	01101c
Je4yG	6k1/pB3p1p/1p1p2p1/8/2p5/1P1PP1P1/P6P/6K1 b - - 0 24	c4c3 g1f2 c3c2	1446	00080g0p1o
JylJX	1Q1R4/4r2k/6bp/6p1/8/5P2/5qPK/4q3 w - - 0 44	d8h8 h7g7 b8f8	1446	0p13151o1u
LDn5d	1r1b2k1/2Rb1p2/pB2p1pp/1p1pP3/3P4/1P3N1P/P4PP1/1B4K1 b - - 0 26	d8c7 b6c7 b8c8 c7a5 c8c1	1446	011019
LQZJE	1r4k1/pQ4pp/2n3r1/8/8/5P2/Pq4PP/4R1RK w - - 0 24	e1e8 b8e8 b7b2	1446	010w191o
LfU1e	2k3r1/ppp5/3r4/4pp2/3n4/3Q4/PPP2P1K/R4R2 b - - 3 23	d6h6 d3h3 d4f3 h2h1 h6h3	1446	0p0r1013161g
LnSNw	r1b1k1nr/ppp2ppp/2nb1q2/1Q6/2B1P3/8/PP1PN1PP/RNB2RK1 b kq - 0 10	d6h2 g1h2 f6f1	1446	0g0i0y1c1o
Lvr3x	4r1k1/pp1n1p1p/5qp1/3p1NQ1/8/1P6/P1P4P/5R1K w - - 0 26	f5h6 g8g7 f1f6	1446	010j0p1o
MEhMH	r5k1/7p/P2p2p1/1P2b3/q7/3Q1P1P/6P1/5RK1 w - - 1 42	d3d5 g8g7 d5a8 a4d4 g1h1	1446	0g0p0s10
Md0xB	r5k1/pp3pbp/6p1/q2b3r/5BQ1/5N1P/P5P1/2R2R1K w - - 1 27	c1c8 a8c8 g4c8 g7f8 f4d6	1446	0110191g
MwrLG	1Q3bk1/8/4p1pp/4P3/K1Qp4/5q2/8/8 b - - 5 51	f3a3 a4b5 a3b2 b5a6 b2b8	1446	0g0p10111p
Nj3fe	r1b1r1k1/p1q1bppp/2p2n2/1p2BP2/8/2NB3P/PPPQ2P1/4RRK1 b - - 0 18	e7c5 g1h1 e8e5	1446	0g0j11191o
Ntfuf	r2q1k1r/ppp3pp/2np1n2/2b1p2B/4P3/2NP1Q1P/PPP2PP1/R1B1K2R b KQ - 2 9	c6d4 f3d1 f6h5 d1h5 d4c2	1446	01101c
O4isT	4r2k/3p2q1/2p1p1Qp/3nP1p1/p2P1r2/P6P/1P3P1K/R4RN1 w - - 4 32	g6e8 f4f8 e8h5	1446	0g0t0y191o
OtvW1	r4r1k/p6q/1p1n1pQP/1Pn5/8/8/PBP2PP1/5K1R w - - 1 28	b2f6 f8f6 g6f6	1446	01191o
PXccg	r1b1k3/pp6/3bpqp1/3p4/6Q1/6P1/PP3P1P/2R1R1K1 w q - 5 22	c1c8 a8c8 e1e6	1446	0111191o
QCNTd	5rk1/1R5p/1nBp2p1/1PpPpr2/1q6/8/1P2QPPP/R5K1 b - - 5 26	f5f2 e2f2 f8f2 g1f2 b4b2	1446	050b0g0y1019
RLXbE	6k1/1b2r1p1/p3pr2/1p1p3p/1PnP1pPq/1QP4P/P3RPBN/4RK2 w - - 0 38	h2f3 h4g4 h3g4	1446	0g191o1t
Rm6F9	8/6p1/7p/6p1/R5P1/4rk2/1PK4P/8 w - - 1 44	a4a3 e3a3 b2a3 f3g4 a3a4 g4h3 a4a5 g5g4 a5a6 h3h2 a6a7 g4g3 a7a8q g3g2 a8b8	1446	000g0p1h1l1m1n1w
SgSeQ	2k3nr/p1b2ppp/2pP2q1/1p6/2b5/P1N2P2/1PP2QPP/RN1R2K1 b - - 0 22	c7b6 f2b6 a7b6 d6d7 c8d8	1446	0110191g
TKfMK	r3r2k/nppbq1pp/5p2/p7/P1BP3N/2P3Q1/1P1N2PP/5RK1 w - - 0 22	h4g6 h7g6 g3h4	1446	0d0y1315191n1o
TTfL3	8/6bp/4N1p1/6K1/1p4P1/4P3/Pk4P1/8 b - - 9 41	b2a2 e6g7 b4b3	1446	010p1n1o
UkWIE	4r1k1/2p2ppp/8/5q2/1Q2n3/4R1PP/PPP2P2/4R1K1 b - - 2 25	f5f2 g1h1 e4g3 e3g3 e8e1 b4e1 f2e1	1446	0g0i0j0p1w
WjCzU	3R4/5k1p/1NP3pb/1p6/6P1/3p1P2/2b4P/6K1 b - - 0 40	h6e3 g1g2 e3b6 c6c7 b6c7	1446	0g0p0s10
XHegK	5r1k/pR6/5r1p/2pBp3/4q3/1Q4PP/PPP2P1K/5R2 b - - 1 29	f6f2 f1f2 f8f2 h2g1 e4e1	1446	10131619
ZbDLO	3rr1k1/pbp3pp/1p4B1/6N1/2Pn3Q/6N1/P4PPP/3R2K1 b - - 0 25	d4e2 g1h1 d8d1 g3f1 d1f1	1446	0j0y1011131619
asicy	rn1qkb1r/p1p2ppp/bp2pn2/8/2BP4/2B1PN2/PP3PPP/RN1QK2R b KQkq - 2 8	a6c4 d1a4 b6b5	1446	010t1c1o
bxMu7	Rn4k1/2q2ppp/4bn2/1p2p3/8/4P3/1P2BPPP/3RB1K1 w - - 1 24	e1a5 c7c8 d1d8 c8d8 a5d8	1446	0g0s101119
c00N7	r6k/ppp3pp/3nB3/1b3PP1/1P2R2R/8/P1r4P/4K3 w - - 6 32	h4h7 h8h7 e4h4	1446	051315191f1n1o
dfY4c	r2q3r/b1p2k2/p2pRP1B/1p1P2Q1/3n4/2N4P/PP3Pp1/R5K1 b - - 2 21	d4f3 g1g2 f3g5	1446	010s191o
elRbM	4r1k1/pp1Q2pp/5p2/8/8/2P3Pq/PP3P1P/3R2K1 b - - 3 32	e8e1 d1e1 h3d7	1446	0g0i0p1o
fTOfp	1r2r1k1/p1p2ppp/8/4P3/2b5/2PBP1P1/P1K2b1P/1RB4R b - - 6 18	c4d3 c2d3 b8b1	1446	0g191o
gYZRw	3rkr2/pp4QR/4pp2/2q1p3/8/7P/1P3P2/6K1 w - - 0 33	g7g6 f8f7 g6f7	1446	040p13151o
hy77w	3k4/8/6K1/3n3P/R4b2/8/8/8 w - - 3 53	a4d4 d8e7 d4d5	1446	0g0p1g1o
iwLRT	r2r2k1/1R3p1p/2p1pqp1/2N5/1P6/2b3P1/2P1QP1P/3R2K1 b - - 4 24	d8d1 e2d1 a8a1 d1a1 c3a1	1446	0110191g
kreRi	2r2bk1/p5pp/3p4/2pN4/2P2R2/1P4P1/r6P/5RK1 w - - 0 27	f4f8 c8f8 d5e7 g8h8 f1f8	1446	060i0p1013161n
lHvIj	3Q4/8/5qp1/5pkp/8/7P/6P1/7K w - - 4 41	h3h4 g5h4 d8f6	1446	050g0i0p1i1o
lnLui	3r4/p5Rp/4kn2/3p4/3P1PP1/4PK2/7r/2R5 w - - 0 29	c1c6 d8d6 f4f5	1446	0p13151o
lsoEx	r1b2rk1/ppq1npp1/3p4/4p1N1/2B5/P1Q4P/1PP2P2/R3K2R w KQ - 1 17	c4f7 f8f7 c3c7	1446	0g0j191o
m1LFe	r4rk1/p3R3/1p3q1p/2p5/3n2pN/3P2P1/P1PQ1P1P/4R1K1 b - - 0 24	f6h4 g3h4 d4f3 g1g2 f3d2	1446	010s10191n
mYxfD	1R2r1k1/2P3pp/4pn2/8/3P4/2r5/6PP/5RK1 w - - 2 28	f1f6 g7f6 b8e8	1446	0b0g0p1o
njpLn	1k1r4/ppp4p/4Q1p1/4B3/1bP5/1P2PP2/P4P1q/R4K2 b - - 3 21	h2h1 f1e2 d8d2	1446	0p13151d1o
pOXPS	2kr3r/ppq1b1Qp/2p1p1p1/4P3/8/P7/1PP3PP/R1B2RK1 b - - 0 19	e7c5 g1h1 c7g7	1446	0g0j191o
qYLvX	5rk1/pp4pp/8/4p3/P1Pp4/1P1P2P1/R1n2rBP/3R2K1 b - - 9 26	f2g2 g1g2 c2e3 g2g1 e3d1	1446	050g0p0s101n
qmUtW	6rk/4b1rp/ppq1pQ2/3p4/3P1P2/2P3P1/PB4K1/4R2R w - - 11 33	h1h7 h8h7 e1h1	1446	050y1315191g1n1o
r2wLW	2r2r1k/1p3pp1/1pn4p/2q5/3pR1Q1/P2P3P/BPP1RPP1/6K1 b - - 11 25	f7f5 g4h5 f5e4 h5c5 b6c5	1446	010s1019
rEMqb	5rk1/p1p3pp/1p3q2/8/2P5/1P4PP/P4r2/R3QRK1 b - - 3 26	f2f1 e1f1 f6d4 g1h1 f8f1	1446	0g0j0p0r0s10
rH92B	2k4r/pppq1p1p/2n1rp2/1B1p4/Qb1P2b1/2N2N2/PPP2PPP/2KR3R w - - 12 14	b5c6 d7c6 a4b4	1446	0b0g191o
rV2QN	6rk/pp5p/2p5/5p2/3q1Q1B/7P/PPR3PK/3r4 w - - 14 32	f4d4 d1d4 h4f6 g8g7 f6d4	1446	050g0p0s101g
rlsqw	3rkb1r/1pq2ppp/p4B2/4p3/P1BnP1b1/2NQ1N2/1P3PPP/R3K2R b KQk - 0 13	d4f3 g2f3 d8d3	1446	0g0j191o
sCKUo	8/p1R3pk/7p/1p2N1n1/3P1K1P/P3P3/1r6/8 b - - 0 36	g5e6 f4f5 e6c7	1446	0g0p0s1o
sbWyG	r1b1R3/1p6/8/3Np1k1/8/1p6/1P3PP1/1K6 b - - 0 35	c8f5 b1c1 a8e8	1446	0g0j0p1o
sblVE	r4k2/pp4b1/1n1r3p/8/2B2P2/N1PR2Pp/PP5P/R5K1 b - - 0 24	b6c4 d3d6 c4d6	1446	0111191o
sd7qs	3r1rk1/pp2qpp1/1np1p2p/4n3/3PN3/2PQ1R2/PPB3PP/5RK1 w - - 3 18	e4f6 e7f6 d3h7	1446	0d0y1315191n1o
suptR	r2q2rk/pp3p1p/3p1Pp1/3Nb3/4P3/5R1Q/PPP3PP/6K1 w - - 3 20	h3h7 h8h7 f3h3	1446	050y1315191n1o
tNSPF	r5k1/3R2p1/3Np2p/6bP/1p6/1Pp5/P2q2P1/KQ6 w - - 4 41	d7g7 g8g7 b1g6 g7h8 d6f7	1446	050f0p1013161n
vv1Ug	4r3/8/p1p2P2/P3K3/6k1/7p/8/7R w - - 1 46	e5d6 g4g3 f6f7 e8f8 d6e7	1446	000g0p101m
w2VWm	6R1/1pp2r1k/3p1q1p/p4p2/2P2r2/P2p3P/1P1K1PQ1/6R1 w - - 0 27	g8h8 f6h8 g2g6	1446	0p13151n1o
wUBBU	r2q3r/6pp/p2R4/k1p1Pp2/Pp3P2/6P1/1P2Q2P/6K1 w - - 1 29	d6a6 a8a6 e2b5	1446	0p0q13151n1o
whM3V	8/4Rk2/2p1R3/p4pK1/1q3p2/7P/5PP1/8 b - - 1 43	b4e7 e6e7 f7e7 g5f4 a5a4	1446	0g0h0p101j
wyZmh	6k1/N4ppp/1p3q2/8/4p3/1P1nP3/P1Q2PPP/6K1 b - - 2 24	f6a1 c2b1 a1b1	1446	0p13151o
xCkET	3r4/1kp3p1/5n2/1Nb1q2p/Q7/1P3P2/1PPr2PP/R6K w - - 2 23	a4a6 b7b8 a6a8	1446	1315191o
xHLDG	r1b2Bk1/p4ppp/1p2p3/3nP3/2Bp2q1/3Q1N2/PP3PPP/2R2RK1 b - - 0 20	d5f4 f3e1 f4d3	1446	01191o
xvRjt	8/6p1/P7/2r1p2p/8/1K1pkP2/R5PP/8 w - - 2 43	a6a7 d3d2 a2d2 e3d2 a7a8q	1446	00010p101h1m
y92J8	4r1k1/2Rbqnpp/1B1p1p2/1B1Pp3/p3Pn2/5N2/1P3PPP/2Q3K1 b - - 2 29	d7b5 c7e7 f4e2 g1h1 e2c1	1446	010s10191n
yMnqh	r2q1rk1/1pp3pp/4b3/p4p1Q/P7/5N1P/1bB2PP1/2R2RK1 w - - 0 20	f3g5 h7h6 g5e6	1446	0g191o
yX88G	1r6/p1p2k2/3p1b2/p2P4/1PP2R2/P4Qpq/5P2/4B1K1 b - - 1 34	h3h2 g1f1 g3g2 f3g2 h2f4	1446	000g0i0j0p10
yd3T3	8/ppp5/2np4/3kp1B1/1Pq4p/2P5/PK3Q2/8 w - - 2 37	f2f7 d5e4 f7c4	1446	0g0i0p1o1p
yk0mH	8/8/8/1p6/8/3Pk3/8/3K4 b - - 2 54	e3d3 d1c1 d3c3	1446	0g0h0p1e1o
zrpYr	6rk/p1pp1rp1/1p2pNRp/4Pp2/2Pn1P2/8/PP3P2/6RK w - - 8 29	g6h6 g7h6 g1g8	1446	030j0p0y13151o
07PwL	r7/ppp3k1/6Pp/5r1P/2q1pp1Q/4nP2/P7/6RK w - - 0 32	h4e7 g7g8 e7h7 g8f8 g6g7	1447	00010p10
0lYNb	1k1r3r/pp5p/4q1p1/1N2p3/P2nP3/3Q1p1P/1P3PP1/3R1RK1 b - - 1 24	d4e2 g1h2 d8d3	1447	0g0j191o
2A6C2	2r2rk1/4ppb1/5np1/4B2p/Nq6/7P/1P1QBPP1/2RR2K1 b - - 0 21	b4d2 d1d2 c8c1	1447	010b11191o
3WDtc	1r1b1rk1/7p/3p1p1P/2pN1Pp1/p2pP3/n2P2R1/B5P1/5RK1 w - - 0 30	d5f6 g8h8 f6d7	1447	010k0m0y191o
4SHCH	rn3k1r/p5p1/2p4q/3b4/3Pp1p1/4Q1P1/PP3P1P/R1B2RK1 w - - 1 19	e3a3 f8f7 c1h6	1447	0g0j191o
52SMQ	8/8/7P/6B1/1b1p2P1/2pk4/P7/3K4 b - - 0 41	c3c2 d1c1 b4a3	1447	00080p13151o
5Orys	k6r/1pB2p2/p7/3p3p/2q5/5P2/2Q2P2/2K4R b - - 1 36	c4c2 c1c2 h8c8 c2d3 c8c7	1447	0g0p10111g
7NUhZ	1rr3k1/1pQ3qp/p1p1p3/2q2p2/P2N4/4P1P1/5PBP/5RK1 w - - 0 28	c7g7 g8g7 d4e6 g7f6 e6c5	1447	01050s1019
7kxRH	r2b2kr/R5pp/R7/1p2p1p1/4P1P1/1b1P3P/1P2B2B/6K1 b - - 0 37	a8a7 a6a7 d8b6 g1g2 b6a7	1447	050g0r0s1019
8GIfF	1r3r1k/1p4pp/p4p2/2BqpP2/3n2P1/8/PP1Q2BP/2R2RK1 b - - 1 31	d4f3 g2f3 d5d2	1447	010j0s191o
93LPJ	r1bq1k2/p3p1bQ/2p2r2/2B1p3/8/1BP5/P1KN1nPP/R6R b - - 4 25	c8f5 h7f5 f6f5	1447	0g0s191o
AbsRU	6k1/1b5p/p7/1pp1r3/Pbp5/8/1PQ1BrPP/6RK w - - 0 28	e2c4 b5c4 c2f2	1447	0g0j191o
B7I8M	2k2r2/1p2bpQ1/pB2p2p/4P3/1qp4P/8/3R1PP1/7K w - - 0 28	g7f8 e7f8 d2d8	1447	0p13151d1n1o
