18Sbx	3rr2k/ppp2pp1/4b2p/8/4NQ2/3q4/PB4PP/R6K w - - 3 26	f4h6 h8g8 h6g7	1700	1315191g1o
2a25o	rn5k/p1r4p/1p6/1P1Ppb1B/P4b2/q1B2R2/5PP1/3QK2R w K - 8 33	c3e5 f4e5 f3a3	1700	0g0j191o
2aSRg	r4rk1/ppb2p1p/3q1p2/3b4/7N/5QP1/PPP2P1P/R4RK1 w - - 1 18	f3g4 g8h8 h4f5 f8g8 g4g8 h8g8 f5d6	1700	010y191w
2alHG	3r1b1r/p1pk1p2/Q1q5/5n1p/3P4/1P3p1P/PB3PP1/R4RK1 w - - 0 18	a6c6 d7c6 d4d5 c6b6 b2h8	1700	01050j1019
3Ij7y	4QQ2/k1q3p1/2p5/8/P1p5/8/KPP5/5q1r w - - 0 39	e8a8 a7b6 f8b4	1700	0p13151o
3iCEt	1R6/2R3pp/4k1p1/1p6/1P1Pp3/3b2KP/1r3PP1/q7 w - - 0 38	b8b6 e6d5 c7c5 d5d4 b6d6	1700	0p0r101316
4jSa8	8/8/1P2n3/4N1k1/6p1/5bK1/8/8 w - - 6 56	e5f3 g4f3 b6b7	1700	000g0p1o
4tKIL	8/8/5k2/p2p3P/4p1B1/2p1K3/P7/8 b - - 1 45	d5d4 e3d4 c3c2	1700	00080g0p1o
5HD7j	r3q2k/p3b1p1/bp2pn2/8/3PQ3/2N1PR2/PP1B2PP/6K1 w - - 3 21	f3h3 h8g8 e4e6 e8f7 h3h8 g8h8 e6f7	1700	0g0i0y191w
75Ft6	2k4r/ppp2pp1/3p4/2bNp3/3nP3/2PPB1r1/PP3RBq/R2Q1K2 b - - 0 22	h2h1 g2h1 h8h1	1700	1315191n1o
7SY3Z	2r5/8/p1p3k1/PrRb1p1p/3R4/6BP/5PPK/8 w - - 4 34	d4d5 c6d5 c5c8	1700	010p111o
7XZ9h	r5k1/1p3bpp/2p5/4P3/pPp5/P1Qq3P/1B4P1/4R1K1 w - - 1 31	e5e6 d3c3 e6f7 g8f7 b2c3	1700	00010p101n
8Vusa	8/6R1/1pp3p1/p1k5/8/1P1p2B1/P1P3rP/1K6 b - - 1 35	d3d2 g7d7 g2g1 b1b2 d2d1q d7d1 g1d1	1700	00010p1h1w
8mItV	2k2r2/pppq1p2/3p1QbN/3r4/7p/1P3R1P/P5PK/4R3 w - - 2 32	f6g6 f7g6 f3f8	1700	010j191o
9xWEK	r3r3/pp1b2p1/2n1p3/2qpkpN1/7Q/2P1P3/PP3PPP/R3K2R w KQ - 4 19	g5f7	1700	111314191b
A1J9W	3Rr2k/6pp/5pq1/p2Q4/2P5/P4P2/6PP/6K1 b - - 1 29	g6b1 d5d1 b1b6	1700	0g0p1o
B7lpQ	r3k2r/pp1bbpp1/1qp1pn1p/3n4/3PN3/P4P2/1PPQNBPP/2KR1B1R b kq - 7 14	f6e4 f3e4 e7g5 e4d5 g5d2	1700	010d10191g
B9Nbb	r4r1k/ppp3pp/1bb5/4pp1n/2Q1N2q/3P1P1N/PPP3PP/R1BK3R w - - 0 15	c1g5 h4h3 g2h3	1700	01191o1t
BApmt	r2qk2r/1p3pbp/p1n3p1/2pn1b2/4N3/1PN1P3/PB1PBPPP/R2QK2R b KQkq - 3 12	f5e4 c3e4 g7b2	1700	011c1o
Bruwv	2kr1b1r/1p3ppp/p2p4/2p1n3/2B1n1q1/N3B3/PP2QPPP/2RR2K1 w - - 4 16	f2f3 e5f3 e2f3 g4f3 g2f3	1700	010s1019
BtqIB	r7/4Q2p/1p4pk/p3Nr2/P2Pp3/2q4P/6P1/7K w - - 2 33	e5g4 h6h5 e7h7 h5g5 h7h6	1700	0i0p101316
CgVo7	r7/3kbp2/4q3/1p2Pp2/3PpQ2/1P2B3/P1R5/5K2 w - - 8 40	d4d5 e6d5 c2d2	1700	0g0p1g1o
DkbAv	r3r2k/p2n2R1/2pb1n1B/q2p2Q1/3P4/2p2P1P/PPP2P2/2K5 w - - 0 21	g7h7 f6h7 g5g7	1700	0d0y1315191n1o
DxBuU	5rk1/ppp3pp/3p4/5r2/2PPB3/BP1QP1Pb/P4q1P/3N2RK b - - 4 20	f2g1 h1g1 f5f1 d3f1 f8f1	1700	050y101316191d1n
E7ypn	7k/pp4p1/6Bp/1K2Q2P/P1P3b1/1P6/3q4/8 b - - 10 55	g4d7 b5c5 b7b6	1700	0p13151o
ECNXu	2r3k1/1p2b1pp/pq6/3rp1P1/3P3P/1N3P2/PP1Q4/1K1RR3 b - - 0 23	e7b4 d2d3 b4e1	1700	0111191o1p
EOtk0	3r4/p3N3/1pb4p/6pk/2Ppp3/P5PP/4K1P1/8 w - - 5 35	g3g4 h5h4 e7f5	1700	0p13151o
EeT8O	4rk2/p5p1/2p2pP1/1p4q1/3P4/1PP1R1QP/P4P2/6K1 b - - 4 34	e8e3 g3g5 e3e1 g1g2 f6g5	1700	0g0p0w101n
EkWrz	1r4k1/4bpB1/2n2n2/p1pb4/3p4/P4pR1/8/6RK w - - 2 38	g7f6 g8h7 g3h3	1700	0j0k1315191f1o
FOkwp	1k2R2r/1p3ppp/1q3n2/Q2p4/8/P2P4/1P3PPP/RN4K1 b - - 0 20	h8e8 a5d2 b6b2	1700	0g191o
GLcHM	r3k2r/ppqb1pp1/2p2b2/3PpP2/PP6/2NP4/2P1B1PP/R2Q1R1K b kq - 0 16	e5e4 h2h3 f6c3	1700	010j191o
GlgIG	8/4r1pk/Q1p4p/P6q/8/1B3bP1/1PP2P1P/5RK1 b - - 0 28	h5h3 a6d3 f3e4 d3e4 e7e4	1700	010h0p10
GmemT	r2r2k1/b1q1nppp/p1b1p3/4P3/1B1p1P2/P4B2/1NP3PP/1R1Q1R1K w - - 2 21	b4e7 c7e7 f3c6	1700	010b11191o
Grjca	Q3k2r/3p1p2/1q1Pp1p1/p1r1P3/Pp3PpP/1P4P1/5K1R/2R5 b k - 1 34	c5c8 f2f1 c8a8	1700	0g0j0k0p1o
H9cTJ	Nnb2k1r/pp1p2pp/5n2/5q2/4p3/2P5/PP1P2PP/RNBQ1BKR b - - 0 10	f5c5 d2d4 e4d3 c1e3 c5e3	1700	0j0k0o0y1013161c
HwOTi	4rk2/pp1q4/2p2p2/8/2P3QP/1P2p1P1/P7/6K1 w - - 0 45	g4d7 e3e2 d7e8 f8e8 g1f2	1700	0g0p0r0t1011
I26z5	r4rk1/ppp2ppp/2nb4/3q1b2/4p3/2PPBN2/PPQ1BPPP/2KR3R w - - 0 12	d3e4 d5e4 e2d3 e4d3 d1d3	1700	010s1019
Iy7ZL	2rr2k1/5ppp/p7/2n1P3/2B5/2P1nPP1/PP1N3P/2K1R2R b - - 3 24	e3c4 d2c4 c5d3	1700	01191k1o
J5oxh	1r5k/7p/p3p2R/3pP3/2p2P2/q1P1P3/PrQ1K2R/8 w - - 5 32	h6h7 h8g8 h7h8 g8f7 h2h7	1700	0p101316
JNzTP	8/pp2rk1p/4N1p1/3P2P1/1b6/7P/8/4R2K w - - 1 32	e1f1 f7e8 f1f8 e8d7 f8d8	1700	0p0u101316
Jf1yf	r2qk2r/ppp2ppp/2np1n2/8/2Pb2b1/2N3P1/PP2NPBP/R1BQK2R w KQkq - 0 9	g2c6 b7c6 d1d4	1700	010w1c1o
JpBLs	2r2rk1/pb3pp1/1p2pn1p/8/3N4/P1qQP3/2B2PPP/2R2RK1 w - - 0 20	d3c3 c8c3 c2h7 g8h7 c1c3	1700	010d0j1019
KPl90	7k/p3R3/4N2p/3nrp2/8/7P/n4PP1/5K2 w - - 3 36	e7e8 h8h7 e6f8 h7g8 e8e5	1700	010j0p0r10
KYIC4	rkN3Q1/1p6/p2p4/2q1p1p1/4r3/2P5/PP3RPP/5R1K b - - 0 22	c5f2 c8d6 b8a7 g8f7 f2f7	1700	011019
LgAPG	4rk1r/ppp2p1p/1n4p1/3P1bB1/8/1B6/PP1Q1PPb/R3RKNq w - - 6 20	g5h6 f8g8 e1e8	1700	0i1315191f1o
LhC30	2kr3r/ppq2p2/2p2p2/2Npb3/5P2/3BP3/PPQ3K1/R4R2 b - - 0 20	d8g8 g2f3 h8h3 f3e2 g8g2 f1f2 g2f2 e2f2 h3h2 f2f3 h2c2	1700	01050r191p1w
NquVH	5k2/8/4p2R/5p2/3Bp3/4P1P1/4bPKP/2r5 b - - 4 30	e2f1 g2h1 f1h3	1700	0j0k0p13151f1o
OcvDN	1r3rk1/p4ppp/3p2q1/3Qn2b/B7/2N4P/PPP2PP1/R1B2RK1 b - - 6 15	h5f3 d5f3 e5f3	1700	010y191g1o
Ov6jI	6k1/3R1Bp1/5p1p/p3pP2/7P/2p5/Pr4P1/7K b - - 0 35	g8f8 h1h2 c3c2	1700	00010h0p1o
P3ryc	3r2k1/r6p/p7/3nQ2R/6P1/8/PPP2P2/2KR1q2 b - - 9 31	f1d1 c1d1 d5c3 d1c1 d8d1	1700	050k0m101316191n
R0Mi7	r1b4k/ppp1rBpp/3p2p1/8/4PP2/2P3P1/P5P1/2KR3R w - - 4 20	h1h7 h8h7 d1h1 c8h3 h1h3	1700	050p0y101113161f1n
S2vdv	8/8/4pkp1/1P3p2/1r1N1P2/7p/3RK3/8 b - - 2 53	h3h2 d2d1 b4d4 d1d4 h2h1q	1700	000g0i0p101h
SQeZU	r5rk/1b6/1pq1pN1B/p1p2p2/3p4/1P1P2QP/1PP3P1/4R1K1 w - - 0 28	h6g7 g8g7 g3h4 g7h7 h4h7	1700	0r0y101316191n
TPsAn	r5k1/5pb1/3p2pp/1q1P4/1P1BP3/r4P2/3Q2PP/1RR3K1 b - - 1 28	a3d3 d2d3 b5d3	1700	01191o
TvaaV	3k4/p7/2K5/1P6/P1P2b2/8/8/8 w - - 3 58	c6b7 f4e3 a4a5	1700	080g0h0p111o
UIewy	6k1/4pp1p/2Q2np1/2N5/Pr1P3b/1P3R1P/6PK/2q5 w - - 1 28	c6c8 g8g7 c5e6 f7e6 c8c1	1700	0g0j1019
UmUde	8/1Bn3K1/2P5/5P2/pk6/8/7P/8 b - - 0 42	a4a3 f5f6 a3a2 f6f7 a2a1q	1700	000g0p101h
V6Loc	8/p2QRrk1/1p1p2p1/2p4p/2P5/1P1q2P1/P4P1P/6K1 b - - 3 26	d3d1 g1g2 d1f3 g2h3 f3g4 d7g4 h5g4 h3g4 f7e7	1700	0g0p1w
VqDTO	4r2k/2R3p1/1R3p1p/3Bn3/2p3q1/P1Q3P1/5P1P/6K1 b - - 0 39	g4d1 g1g2 d1d5	1700	0g0s191o
Wrskd	r3rknQ/1pp1q3/p2p1ppR/3Pp3/4Pn2/2N5/PPP1B3/2KR4 w - - 8 23	h6h7 e7h7 h8h7	1700	01191o
X29SW	6k1/p4rpp/1p3n1n/2p3q1/2P5/4R1BP/P1PQBP2/6K1 w - - 5 23	e3e8 f6e8 d2g5	1700	0g0j0y191o
X7eg3	5nk1/p1q3p1/2p1b2p/4pp2/Q1P1n3/3NPN1P/P3BPP1/6K1 b - - 4 25	e4c3 a4c2 c3e2 c2e2 e5e4	1700	010s1019
XO2Ti	8/8/5P2/2k5/p1b2R2/6K1/4r1PP/8 w - - 1 44	f4c4 c5c4 f6f7 a4a3 f7f8q	1700	000g0p101h1n
Y8Vaw	6N1/1bpk4/1p1p2p1/1P1P1p1p/2r5/8/r5PP/1R2R1K1 w - - 0 28	g8f6 d7d8 e1e8	1700	0p13151o
Z3GE6	1k3r2/1p2p3/3p1rPR/pP1Pp1Q1/P3P3/1P3P2/6P1/1R2KBq1 b - - 4 28	f6f3 g2f3 g1g5	1700	01191o
ZSphj	r1b4r/ppp2kpp/2q5/3ppP2/3nP1P1/P7/P1P1BPQP/R1BK2NR b - - 0 13	c6c2 d1e1 c2c3	1700	0g191o
Zb0aj	4Q2r/pp4k1/2pb1q2/3p1Bp1/1P3pP1/P6P/5PK1/4R3 w - - 6 40	e8d7 f6f7 d7d6	1700	0g0i0p1o
ZnnjV	R6r/2k3b1/p2pBnp1/1b4p1/8/P7/1P3PPP/3R2K1 w - - 5 24	a8a7 c7b6 a7g7	1700	0g191o1p
a04TU	3r2k1/3PK2R/8/8/5P2/7p/8/8 b - - 2 58	d8d7 e7d7 g8h7 f4f5 h3h2	1700	000g0p101m
aAuTi	2r2b2/7R/5kp1/3R4/1p4P1/1P1N1K2/2r5/8 w - - 2 47	g4g5 f6e6 d3f4	1700	0f0p13151o
aOZIV	5r1k/pp3Qpp/2pb4/3P3r/4p3/1P2q2P/PB3RP1/2R3K1 w - - 3 28	f7g7	1700	0y1314191b
b7g1B	4r1k1/p2R4/2N4p/1K6/1PR1r3/4b1PP/8/8 b - - 1 39	a7a6 b5a6 e4c4	1700	010i0p1o
cgGVe	8/3b2N1/P7/4P1kp/3p2P1/7K/1r5P/R7 b - - 0 44	d7g4 h3g3 h5h4	1700	0p13151o
cvZSb	5rk1/p1p3pp/1q6/8/1Pb1P3/P3QP2/5RK1/R4N2 b - - 0 28	c4f1 g2f1 b6e3	1700	0g191o
fAb5u	r1bq1rk1/pp3p2/2np1npb/2p1p1Np/2B1P3/1P1P2Q1/PBP2PPP/RN3RK1 w - - 2 12	g5f7 f8f7 g3g6	1700	0b0g0j0s191g1o
fOmqw	r3k2r/p4ppp/1p2pn2/3p4/3P2n1/2N1PNqP/PP2Q3/R1B3RK b kq - 1 17	g4f2 e2f2 g3f2	1700	0g0y191o
gUWeX	8/4Q2p/4p1pk/1Bp5/P2pqn2/7P/1P3rP1/3R3K w - - 8 36	e7h4 h6g7 h4f2	1700	0g0p0s111o
gUhr0	r1bqk3/ppp2pp1/2p5/8/4P3/2NPQ1p1/PPP2PPr/R4RK1 b q - 1 12	h2h1 g1h1 d8h4 h1g1 h4h2	1700	050y101316191n
h0bcM	7r/pp3pk1/6p1/2Ppr1q1/3Qb3/2P3PP/P3BP1K/3RR3 b - - 2 30	h8h3 h2h3 g5h6 e2h5 h6h5	1700	05101316191n
hH8Zz	r2q1rk1/ppp1bppp/2bp4/5P2/2B3Q1/8/PPP3PP/R1B2RK1 w - - 2 13	c1h6 e7f6 h6g7	1700	01191g1o
hPQIX	r2r4/1q3pQp/1p2p1p1/7k/1P1R1P2/8/6PP/3n2K1 w - - 0 27	g7h7 h5g4 h7h3	1700	0p13151o
hUIed	8/1p1r4/p4k2/P4p2/1P4p1/1N3nP1/2R1KP2/8 b - - 1 43	d7e7 e2d3 f3e1 d3d2 e1c2	1700	0g0p0s1011
hf9sJ	8/2R3p1/p3p1k1/4p3/6PK/1r1r1B1P/8/8 w - - 2 43	f3e4 g6h6 g4g5	1700	0p0s13151o
hm92Z	1r3r1k/p3bpp1/2p2n1B/3p4/3P2qQ/1PP4R/P5PP/6K1 w - - 0 28	h6g7 h8g7 h4h6 g7g8 h6h8	1700	050k0m0y101316191n
iPPWn	5rk1/p4pp1/2pQp2p/P1N3rq/3PP3/2P1RbP1/5P1P/R5K1 b - - 2 26	h5h2 g1h2 g5h5 h2g1 h5h1	1700	050y10111316191d1n
iqysJ	R4b1r/4kppp/1N1pb3/4p3/4P3/4BP2/1q4PP/2R3K1 w - - 6 22	e3g5 f7f6 c1c7 e6d7 c7d7 e7e6 a8e8 f8e7 d7e7	1700	0q1318191w
jhkIK	4r1k1/1p4p1/2p2b1p/3p2p1/3P2q1/pPPBR2P/P4PP1/6K1 w - - 0 27	e3e8 g8f7 d3g6 f7g6 h3g4	1700	0g0p0t0y1011
jiNYn	r3kbr1/p1Q2p1p/4b3/3q1p2/3p1B2/2P2N2/P1PN1PPP/2KR3R b q - 0 17	f8a3 c1b1 d5a2	1700	1315191k1o
k2q5H	2rk2r1/R4Q2/4pp2/3p4/1q6/7P/5PP1/6KR b - - 2 29	c8c1 g1h2 b4f4 g2g3 f4f2	1700	0p0q101316
kGfoa	r2qk2r/pp2ppbp/2n3p1/2p1n3/6b1/2NP1N2/PPP1BPPP/R1BQ1RK1 w kq - 2 10	f3e5 g4e2 e5c6 e2d1 c6d8 d1c2 d8b7	1700	011c1w
kUlrF	r2b3k/pp2q1pp/2pp4/8/2P1B3/1PQP2Pb/PB5P/5RK1 w - - 3 23	c3g7 e7g7 f1f8	1700	0y1315191g1n1o
kXGln	8/4k3/6Rp/1K5P/2P5/8/5rp1/8 b - - 2 50	f2f5 c4c5 f5g5 g6g5 h6g5	1700	0g0p101m
kdNi0	7k/ppqrr1bp/2n5/2p2Q2/2B1p2P/1P6/1PP2P1P/2K3R1 w - - 0 28	f5f8 g7f8 g1g8	1700	0y1315191d1n1o
ltFvd	2kr4/pp1rbppp/2q5/3N1b2/5P2/6P1/PPP3QP/2KRR3 w - - 1 20	d5e7 d7e7 g2c6 b7c6 e1e7	1700	0g0j0s1019
ly2Jx	5k2/pp1r2p1/4pp2/7Q/5PP1/P1P5/1P2q2P/1K5R b - - 2 28	e2e4 b1a2 e4h1	1700	0g0p0s1o
mUdPs	rn3rk1/pp1qbppp/2p1pn2/3p2B1/6b1/1QPP1NP1/PP2PPBP/RN2R1K1 w - - 3 10	f3e5 d7c7 g5f6 g7f6 e5g4	1700	0b0g101c
nFy11	2r2r2/4k3/p3ppBp/1p1R2pP/q7/n4N2/KPP3P1/3RQ3 b - - 1 33	a3c2 a2b1 a4a1	1700	0j0k1315191o
nwxPw	8/p4pkp/5p2/5Pr1/5P2/1P3KR1/P2r4/7R b - - 2 35	d2d3 f3f2 g5g3	1700	0g0p1m1o
o2CuQ	r4rk1/pp2n1pp/2pbbq2/3pp3/2P1P3/PQ1N2P1/1P1NBPP1/R4RK1 b - - 0 17	d5c4 d2c4 b7b5	1700	010s191o
oEXtU	8/2pr4/pp2P3/8/PPRP4/3k4/8/6K1 b - - 0 40	d7g7 g1f2 d3c4	1700	0g0p1m1o
oOYVn	2r3rk/pp2B2p/2p2PpQ/8/8/4R3/6PK/1q2q3 w - - 0 36	h6h7 h8h7 e3h3 e1h4 h3h4	1700	05101316191n
om2C7	3q1rk1/3n1ppp/Q2Bb3/2p5/8/2NP4/PrP2PPP/R3R1K1 b - - 1 18	b2b6 a6a5 b6d6 a5d8 f8d8	1700	010v1019
p88TT	8/6pk/7p/4p3/P3Kq2/1P1p4/3Q4/8 w - - 4 39	d2f4 e5f4 e4d3	1700	0g0p1i1o
pLFIE	r3kb1r/1p1b1ppp/p1n1p3/q2pP3/N2B1P2/2P5/PP4PP/R2QKB1R w KQkq - 1 13	d4b6 a5a4 d1a4	1700	0g1c1o1t
pNAM5	4rrk1/2b5/p2q2p1/3b1p2/1N1Q4/2P4P/PP4P1/3R1RBK b - - 1 27	d5g2 h1g2 d6g3 g2h1 g3h3 g1h2 h3h2	1700	050i0y1317191n1w
pbDiR	8/3Q4/5pk1/6n1/3Pb1P1/P1Pr3P/5P1K/2R5 b - - 4 47	d3h3 h2g1 h3h1	1700	0p13151d1o
qSX0s	6k1/p1r2NPp/4p1p1/3pP3/3n2P1/6P1/Pq1B1QB1/2q2bK1 w - - 0 32	f7h6 g8g7 f2f6	1700	0y111315191o
rkA8R	r1b3k1/pp2b2p/2pn4/3pN1p1/2PP4/6P1/PPQ3Bq/R1B2K2 w - - 0 19	g2d5 c6d5 c2h2	1700	0g0j191o
rlq7B	5rk1/6pp/p1p3q1/2p3P1/2P2R2/P3r3/1PQ5/R5K1 w - - 0 26	f4f8 g8f8 c2f2 f8e7 f2e3	1700	050g0p0s10
smzzB	8/6k1/8/p1P5/P2KB2p/1P6/6b1/8 b - - 1 37	h4h3 c5c6 g2e4 d4e4 h3h2	1700	00080g0p10
tSOox	2r1nrk1/pb4pp/1p6/3PPpq1/3P4/1QN5/P3B1PP/R4RK1 b - - 0 18	g5e3 g1h1 c8c3	1700	0g191o
tXbIP	r5r1/ppk5/2n2p1B/2b1p3/2P3b1/5NPP/PP3PB1/3R1RK1 b - - 0 19	g4f3 g2f3 g8g3 f3g2 a8g8	1700	010d0h0j0y10191g
v2qgu	3r1rk1/2pR3p/p1Q3p1/1p2p3/1qb5/2N3RP/P1P2PP1/K7 w - - 2 29	g3g6 g8h8 d7h7 h8h7 g6h6 h7g8 c6g6	1700	050y1317191n1w
vKVUr	2R1Q3/6rk/5p1p/4p3/7q/4P1P1/5r2/6K1 w - - 0 53	e8h8 h7g6 g3h4	1700	0g0p1o
vnJrJ	2nqk2r/1p3pp1/p3p3/3pP3/1P1P2n1/P2Q1P2/1B2N1P1/5RK1 b k - 0 20	h8h1 g1h1 d8h4 h1g1 h4h2	1700	050y101316191n
vxVpf	4r3/bq3pp1/p4rk1/3p1bN1/3n1B2/2N3Q1/PP3PPP/R5K1 w - - 0 26	g5e6 f5g4 g3g4 g6h7 g4g7	1700	0j0k0r10131619
w39uU	5r1k/pp2p2p/6p1/2pqb3/3P4/2P4Q/PP4PP/RNB3K1 b - - 2 19	e5d4 c3d4 d5d4 h3e3 d4d1 e3e1 d1e1	1700	0y1317191w
w8dbI	2rqk1nr/5ppp/4p3/p1np4/Pp1Q1B2/1P2P3/2P2PPP/R4KNR w k - 2 14	d4g7 d8f6 f4e5 f6g7 e5g7 h7h5 g7h8	1700	01191t1w
wBwF9	4r2k/pbp1r1p1/1p5p/2qP4/5Q2/2PpR2P/PP4P1/4R2K w - - 0 31	e3e7 e8e7 f4f8 h8h7 e1e7 c5e7 f8e7	1700	050g0w0y11191w
wKLRx	8/1pq3p1/1p1r1k1p/5p2/1PP5/3Q2RP/6P1/6K1 w - - 6 32	d3c3 f6e6 g3g6 e6d7 g6g7 d7c8 g7c7	1700	0g0p0v1p1w
x7Alr	8/5ppk/7p/4p3/p3nqP1/P6P/BPP1Q3/K7 b - - 1 30	f4c1 a2b1 e4d2 e2d2 c1d2	1700	0g0p10
xPhoY	r1q2rk1/1ppb2bp/5np1/4p3/p1P1n3/P1N2NPP/1P4BK/R1BQ1R2 w - - 0 20	c3e4 f6e4 d1d5 d7e6 d5e4	1700	010s101c
xRZZh	8/5k2/R3b2p/6p1/3PB3/6P1/2r2PP1/5K2 b - - 0 39	e6c4 f1g1 c2c1 g1h2 c4a6	1700	0g0p0s10
xYmbi	r1b2r2/pp2n1kR/2p1p1q1/3pn1N1/2P3P1/2N5/PP1Q1P2/R3KB2 b Q - 0 17	g6h7 g5h7 e5f3 e1e2 f3d2	1700	010s10191n
y2Ajq	6k1/1q1P2p1/7p/4Bp2/4p3/1rP3QP/p4PP1/2R3K1 b - - 0 35	b7d7 g3e3 b3b1	1700	010p1o
yOoer	r1bqk1nr/pp3ppp/1b2p3/3pP3/3n1P2/P2B1N2/1P1N2PP/R1BQK2R w KQkq - 0 11	f3d4 b6d4 d1a4 c8d7 a4d4	1700	0g0s101c
zMkbA	r2r2k1/p4pp1/4bq1p/3pP3/2B5/2P5/P1PQ2PP/1R3RK1 b - - 0 16	d5c4 e5f6 d8d2	1700	0g0j0t191o
zNGKP	4R3/1p4pp/p3QNk1/8/P7/7P/5PPK/2qr4 b - - 0 36	c1f4 g2g3 f4f2	1700	0p13151o
zbUA2	rnbqk2r/ppp2ppp/3p1n2/4p3/1bP5/2N3P1/PP1PPPBP/R1BQK1NR w KQkq - 2 5	d1a4 b8c6 g2c6 b7c6 a4b4	1700	010s101c
0PHsb	8/p7/7P/5r2/4k1K1/3p4/p7/R7 w - - 3 55	a1e1 e4d5 g4f5	1701	0g0i0p1m1o
0w0qr	r4r2/1bp2pkp/p2p2p1/1pb1p1B1/3nPnN1/PBNP3P/1PP2P2/R4K1R w - - 2 18	g5f6 g7g8 g4h6	1701	1315191o
1FcnS	r7/2q3kp/p1Q3p1/1p2p3/5r2/3R1B2/PP3P2/2K4R b - - 0 27	f4c4 d3c3 c4c6	1701	010s191o
1JKNZ	kbR1n2r/1p4p1/p3N1P1/8/4K2p/3R4/PP4P1/8 b - - 1 36	e8f6 e4f5 h8c8	1701	010j0p1o
1isVi	5rk1/p1b2pp1/3p3p/8/4rR2/P1B3P1/4qP2/2QR2K1 w - - 4 35	d1e1 e2e1 c3e1	1701	01191o
1w9G9	r3kn1R/1p2n1p1/p1p1Q3/4P1N1/3q4/8/PP3P2/2K5 w q - 0 22	h8f8 e8f8 e6f7	1701	051315191n1o
1x5TX	8/5p2/5Pkp/1p4p1/1R6/3q3P/1P4P1/2R4K b - - 2 36	d3d2 c1c3 d2d1 h1h2 d1d6 g2g3 d6b4	1701	0g0p0s1j1w
1x6FF	1n3rk1/Q5pp/b1p5/3pN3/3P4/8/PPP2qPP/R3R2K b - - 0 19	a6f1 a7f7 f8f7 e1f1 f2f1 a1f1 f7f1	1701	061317191w
2yM4t	5n2/pp2rp1p/2p2Npk/4P3/1P6/P2r4/6R1/5R1K w - - 0 35	f6g8 h6g7 g8e7	1701	010p0s111o
3DIi4	r4r2/2pq1p1k/3p2pp/p3p3/2B1Pn1Q/p1bPN2P/2P3P1/3R1R1K w - - 0 24	e3g4 f4h5 h4h5 g6h5 g4f6 h7g6 f6d7	1701	010s191n1w
4I1Z3	2r4k/p2Q2p1/1p3bP1/2r4p/7P/3N4/PPq2P2/K2RR3 b - - 4 29	f6b2 d3b2 c2c1 d1c1 c5c1 e1c1 c8c1	1701	061317191n1w
5ti6u	r4k2/p4ppp/b1p1p3/q2pPn2/3P4/1R3N2/P1Q2PPP/4R1K1 b - - 5 19	f5d4 c2b1 d4b3	1701	01191o
647mT	2r2k2/3Qqpbp/B5p1/4P3/Pp6/1Pr2bP1/5P1P/1R2R1K1 w - - 0 30	a6c8 e7d7 c8d7	1701	01191o
7TkMa	2rr1k2/pb3ppB/3qp2p/3p4/8/2P5/PPQ3PP/4RRK1 w - - 4 21	f1f7 f8f7 c2g6 f7f8 e1f1	1701	050g10191n
8KfAX	r3r1k1/pB1n1pp1/3b1q1p/2p5/8/P2P4/1PPQNPPP/R3K2R b KQ - 0 14	f6b2 b7a8 b2a1	1701	010s191o
8g0qT	1k1r4/ppqR1pp1/4p2p/7P/1n6/5Q2/PPP1NPP1/1K1R4 b - - 0 26	c7c2 b1a1 c2d1 d7d1 d8d1 e2c1 d1c1	1701	1317191k1w1y
8ibO1	r3n3/ppp4k/3p2pp/3Pr3/7q/2N3R1/PPPQ2K1/R7 w - - 0 27	a1h1 h4h1 g2h1	1701	01191o
8n6Vb	1r2kr2/6Qp/p1q2p2/3Npb2/2n5/b7/P1P2BPP/R2R2K1 w - - 0 22	d5c7 c6c7 g7c7	1701	0g191o
9KadL	b7/5p1k/p2q2pb/1p2Q2p/1P2P3/P4P2/BB4PP/3R2K1 b - - 0 33	h6e3 g1f1 d6d1	1701	0w0y1315191o
9kEeF	R7/5q2/p4r1k/Pp1p2pp/1P1Pp3/2P3P1/5QP1/6K1 w - - 4 45	a8a6 f6a6 f2f7	1701	0g0i0p1g1o
BKgJg	7k/5pr1/2p2Q2/8/p3p2P/P4q2/5P2/3RK3 w - - 0 31	f6h6 h8g8 d1d8	1701	0p13151o
Ci2sg	3r3r/1p1k1ppp/2pbbn2/QB4q1/8/2N5/PPP2PPP/R3R1K1 w - - 4 17	b5c6 b7c6 a5g5	1701	0g0j191o
Da58S	2r3k1/6p1/1p5p/p2p1r2/q2P4/2P2R1P/6P1/4Q1K1 w - - 0 31	e1e6 f5f7 e6c8 g8h7 f3f7	1701	0g0p0s10
E7Fng	r1b2rk1/pp5p/2p3p1/3pb3/7q/2PB3P/PPQ2BP1/RN2K2R b KQ - 3 16	f8f2 c2f2 e5g3 e1g1 g3f2	1701	010405101c1g1n
EDXa8	6k1/p4p1p/2p3p1/5b2/5b2/1BP3qP/PP4P1/3Q2BK b - - 0 30	g3h3 g2h3 f5e4 d1f3 e4f3	1701	0l0p1013161n
EgAcD	8/pp3pk1/6p1/6p1/2Q2p2/1B3q2/PP1r4/4R1K1 w - - 6 39	c4f7 g7h6 f7f8 h6h5 f8h8 h5g4 b3e6 g4g3 h8h3	1701	0p13181w
EkeAD	3R2rk/1Q4p1/P2p3p/1p1P4/1B2p3/4PbP1/1P3P1q/2R1K3 b - - 0 35	h2g1 e1d2 g1f2 d2c3 f2e3 c3c2 e3d3	1701	0i0s1317191w
EzBx0	r6k/4R3/2p3Qp/3q4/p2P4/8/1PP3PP/6K1 b - - 0 32	d5d4 g1f1 a8f8 e7f7 d4c4	1701	0g0p10
FNlg7	6k1/1nR2pp1/1P2p2q/p2pP3/P4PQ1/1p2r2P/7R/6K1 b - - 4 39	e3e1 g1f2 b3b2 f2e1 b2b1q	1701	000g0p101h
FZSB7	1r2r1k1/pPp2ppp/Bb1p4/7n/1N2P2q/5Q2/PP3PP1/R1B1R1K1 b - - 2 18	h5g3 f3g3 h4g3	1701	01191g1o
FdNcz	1r6/p2b1k2/1rp1pp1p/3q2p1/BR6/QRP5/P1P2PPP/6K1 w - - 6 21	b4d4 d5e5 d4d7	1701	0g191o1p
FgJX7	3r4/ppkP1pp1/2p1p2p/7P/2q5/8/PP1Q1PP1/1K1R4 w - - 1 25	d2a5 b7b6 a5a7	1701	0p13151o
FloBP	3R1r1k/4P1bp/ppr1n1p1/8/8/2P2N2/PP3PPP/6K1 w - - 1 25	d8f8 e6f8 e7e8q	1701	00010p1h1o
Fr99i	r1b2rk1/1p4pp/p1pbp3/8/3PQ1Nq/2P1B3/P4PPP/R4RK1 w - - 6 19	g4h6 h4h6 e3h6	1701	010y191o
FrVoo	8/pB6/1ppk4/5K2/P2Pp3/2P5/1P6/8 b - - 0 41	e4e3 b7a6 b6b5 a4b5 e3e2 b5b6 e2e1q	1701	0001080p1h1w
Gh6BY	6k1/q4p2/5Q1p/r3b3/4P3/5P2/6PP/2R2K2 w - - 3 30	c1c8 g8h7 c8h8	1701	0p0x13151o
HRJfP	3r1rk1/pb1P1ppp/1p6/1B4q1/4Pp2/P6P/1P2QPP1/2R2RK1 b - - 0 20	f4f3 e2f3 g5b5	1701	010i191g1o
JC22o	r1bqk2r/ppp2ppp/2nb4/4n3/4PB2/2N2N1P/PPP2PP1/R2QKB1R b KQkq - 2 8	e5f3 d1f3 c6d4 f3d3 d6f4	1701	01101c
LilPC	6k1/ppq1rppp/2r5/8/8/5Q2/PP4PP/4RRK1 w - - 7 23	f3f7 e7f7 e1e8 f7f8 f1f8	1701	0p1013161n
LtxCm	r2q3r/kp2p2p/p1npB1pb/3N4/4P3/1Q5P/PPP2PP1/R3K2R b KQ - 1 15	c6d4 b3d3 d4e6	1701	010s191o
MKCEh	8/6pk/2q1rnr1/4pQBp/2N4P/3R1P2/P4b2/3R1K2 w - - 0 37	c4e5 e6e5 f5e5	1701	010s11191o
NENBX	5rk1/R4p2/p3bQ2/7q/P1p1B3/4P1P1/5PKP/8 b - - 8 31	e6h3 g2g1 h5d1	1701	0p13151o
OFeR6	1r1r4/6p1/6kp/p1Nn4/3R3P/P1P3P1/1P1p3K/3R4 b - - 2 38	d5e3 d1d2 e3f1 h2h3 f1d2	1701	010p0s10
PLHo6	r3kb2/pp2ppp1/2n5/3N4/Q4P1P/4q2b/PPP3BP/R4R1K b q - 0 15	h3g2 h1g2 e3d2 g2h3 d2d5	1701	010s1019
PxN4W	5b2/5kp1/2p1p2p/p2pP3/P1PPp2P/4P1P1/3B4/6K1 b - - 0 32	f8b4 d2c1 d5c4	1701	080g0p1o
Q8GUY	4Q3/6pk/5b1p/1p3qn1/3p3P/3p2P1/P4P2/R3R2K b - - 1 37	f5h3 h1g1 g5f3	1701	0p13151o
RGyey	r3k2r/p1p3pp/2N2p2/2bp1b2/2P5/5P2/P5PP/R1BR3K w kq - 0 20	d1d5 f5e6 d5c5	1701	010s11191o
S5caI	8/2p1k3/p7/2p4P/4r3/8/5KP1/7R w - - 1 35	h5h6 e4f4 f2g3	1701	010h0p111m1o
TVuM0	3r4/4kp1r/p3p2p/R5p1/2PnN3/P7/1P3PP1/R5K1 b - - 3 25	d4b3 a5a6 b3a1	1701	010p0s1o
VUnlq	5rk1/3pR2p/1p1q2p1/3R3P/p2PQ3/5pP1/P4P2/2r3K1 w - - 2 27	g1h2 c1e1 d5d6 e1e4 e7e4	1701	0g0p10
VVBwm	2r2rk1/5p1p/p3pBp1/1p1b2P1/P4qP1/4R2Q/4R2P/6K1 w - - 6 34	h3h7 g8h7 e3h3 h7g8 h3h8	1701	050y101316191d1n
WIqX2	r5k1/pp4P1/2p1prB1/5P2/2nP4/b1q5/P1P5/1KQ1R2R w - - 1 27	h1h8 g8g7 c1h6	1701	0y1315191o1u
Wf5lX	4rrk1/1pp2ppp/p1q5/8/Q7/1PN2N2/P1P2PPP/4R1K1 b - - 4 20	e8e1 f3e1 c6c3	1701	0g191o
WzLUr	r1b2rk1/3p1pp1/p1p1p2p/4q1NQ/5n1P/3B4/PPP2PP1/2KR3R w - - 2 17	d3h7 g8h8 g5f7 f8f7 h5e5	1701	0g0i0j0s1019
Wzlpi	r1r3k1/p2n1pp1/1pq4p/1Q1p4/P1pP3B/2P2P2/6PP/4RBK1 w - - 2 25	e1e8 g8h7 b5c6 c8c6 e8a8	1701	0b0g1019
XlxAf	6Rr/2p4P/k2b1P2/8/8/5P2/p5K1/8 w - - 0 43	g8h8 a6a7 h8a8	1701	0g0p0t1o
ZAYik	rn2r3/pppk1p2/3b3p/3p4/3P1n2/7q/PPP2PRP/RNB1QB1K w - - 9 19	e1e8 d7e8 g2g8 e8d7 f1h3	1701	050g0j10191n
ZYwnv	8/6k1/5n2/3BK1P1/pp5P/8/8/3N4 b - - 0 44	f6d5 e5d5 a4a3 d5c4 a3a2	1701	000g0p10
Zg2W7	r4r2/pn1qn2p/2pp2k1/7b/1P2PB2/5N1P/P1P3P1/Q4RK1 w - - 1 20	f3h4 g6f7 f4h6 f7e6 h6f8	1701	0g0j0k0r1019
ZzPFG	3r2k1/2p1rp1q/pp3R2/6P1/4p1Qn/2P1P3/PP4P1/5RK1 w - - 9 35	f6h6 h4g6 h6h7	1701	01191o
aAdDI	5rk1/1Q2pp1p/4n1p1/4P3/4N3/7P/rPPN2q1/2K2R2 w - - 0 24	e4f6 e7f6 b7g2	1701	0g0j191o
bfG1N	4b3/4k1N1/3p4/2pP1pK1/1pP1pP2/1P2P3/8/8 b - - 2 39	e8a4 g7f5 e7d7 b3a4 b4b3 f5g3 b3b2 g3e4 b2b1q	1701	000g0h0p1h1n1w
blEQ9	6k1/p5r1/8/3p1q2/2pP2P1/2P1PN2/PP4P1/R1BR2K1 b - - 0 30	f5g4 d1d2 g4f3	1701	0g0p1g1o
dR6no	r2k4/p2br3/2pqp3/3p4/2P3RQ/8/PP3PPP/3R2K1 w - - 2 25	g4g8 d7e8 g8e8 d8e8 h4h8 e8d7 h8a8	1701	01050r191g1n1p1w
etOfe	8/6p1/2p5/p6p/8/1PP4k/P7/6K1 w - - 0 47	b3b4 a5a4 c3c4 h3g4 b4b5 c6b5 c4b5 g4f5 b5b6	1701	0g0p1e1l1w
gP9z2	6k1/4bpp1/p2qp1b1/7B/1pP2P1P/1P4Q1/PB4P1/6K1 b - - 0 27	d6c5 g1h2 c5h5	1701	0g0p0s1o
hfCLE	8/5pk1/PR4p1/1P1p3p/2b5/4KP1P/6r1/8 w - - 0 37	a6a7 g2a2 b6a6 a2e2 e3d4 c4b5 a7a8q b5a6 a8a6	1701	000d0g0p1h1w
iz1Z5	4kbnr/pQ3ppp/1qr1p3/3pP1B1/8/1P4P1/P2N1PKP/7R w k - 1 19	b7a8 e8d7 a8f8	1701	0g0i191o1p
j75yt	N5k1/1p5p/p5p1/4b3/4q2n/4B2P/PPP1QK2/3R4 b - - 14 29	e4g2 f2e1 h4f3 e2f3 g2f3	1701	0g0r1019
kOH0b	8/8/p2K4/P7/8/2k5/8/8 w - - 5 51	d6c5 c3d3 c5b6 d3c4 b6a6 c4c5 a6b7	1701	0g0p1e1w
kQftn	6k1/2p2p1p/6p1/P7/3Q4/2P5/1r2qPPP/R5K1 b - - 0 24	b2d2 h2h4 d2d4	1701	010p1o
kxGck	8/5k2/b7/4R3/5pNP/5P2/r2rp1P1/4R1K1 b - - 5 47	d2d1 e5e2 a6e2	1701	0g0p1o
kzMQ4	5rk1/p4ppp/1p6/2b1PPq1/8/1PN2Q2/P2r3P/R4R1K w - - 7 25	c3e4 g5h6 e4d2	1701	0g0s191o
mfVNq	1r6/8/3pkp2/2p1p1pp/1P2P3/2KP2PP/r2B1P2/1R5R b - - 2 34	c5b4 b1b4 b8b4 c3b4 a2d2	1701	0g0p10
mtGYx	3r1rk1/5pp1/1Q1p3p/5q2/1P2p2P/2P1R2b/P2K1P1P/RNB5 b - - 1 26	f5f2 e3e2 f2b6	1701	0g191o
n6QtB	6n1/6R1/7k/3ppP2/8/1qp5/8/K1R5 w - - 0 63	g7g6 h6h7 c1h1 g8h6 h1h6	1701	090p0r10111316
nvGRF	8/8/1p6/p7/8/1P2p1K1/k7/3B4 b - - 1 50	e3e2 d1e2 a2b3	1701	00080g0i0p1o
nzypv	rk3r2/1bp1N2p/p2pQ2q/bp1B4/4P3/2PP4/P4PPP/2R2RK1 b - - 4 24	h6e6 d5e6 f8e8	1701	01191o
oH6Fv	3q2k1/1pr3bp/p3p1p1/3pPp2/1B1P4/P1R1P3/1P2Q1PP/6K1 w - - 3 22	b4a5 c7c3 a5d8 c3c1 g1f2	1701	0g0h0p10
oNg8C	8/p3Rbk1/6p1/3Q1p2/8/6P1/1pq2b1P/5K2 w - - 0 50	d5f7 g7h6 f7h7 h6g5 h7h4	1701	0p101316
oWWeu	r5r1/p2n3k/1p1pp1q1/2p3p1/2PP4/2P3R1/P2Q1P1P/6RK w - - 0 23	g3h3 h7g7 g1g5	1701	010j191g1o
pAsol	8/8/6p1/8/8/p1K2P2/krR3PP/8 b - - 3 58	a2b1 c2b2 a3b2	1701	000g0p1m1o
rHKoB	1n1k4/pp5R/2p2n2/3p3B/3PpN2/PP6/2P1KP1r/8 w - - 12 37	f4e6 d8c8 h7c7	1701	0p13151o
rHUtL	r2q1rk1/p2n2pp/2pb1nb1/1p6/3P4/2P2NNQ/PP3PPP/R1B1R1K1 w - - 5 15	h3e6 g6f7 e6d6	1701	010s191o
rUex0	1r1q1rk1/p4p1p/6p1/5b2/3bp3/1PB5/P3BPPP/R1Q2RK1 w - - 2 18	f1d1 d4f2 g1f2	1701	0g191o
sbDfH	4k1r1/1b3p2/p2Q4/1p1pP2p/5Bqp/2P1P3/PP3nPK/4R1R1 b - - 1 29	g4g3 f4g3 h4g3	1701	1315191n1o
tWoVT	8/6R1/1p5p/2r5/7k/2p5/P5PK/8 w - - 0 37	g2g3 h4h5 h2h3 c5g5 g3g4 g5g4 g7g4	1701	0g0p1m1w1y
tYCY8	8/5k1p/6pP/2pP1pP1/1p3P2/1K6/P7/8 b - - 1 40	f7e7 a2a4 b4a3	1701	0g0o0p1e1o
uItmL	1rq2r1k/1p1b1pp1/p1ppn2p/6bQ/4P1N1/P1PPB2P/BP4P1/R3R1K1 b - - 7 22	g7g6 h5h6 g5h6	1701	01191o1t
uSmIX	8/8/1Nk3p1/2P4p/2K5/8/P5n1/8 b - - 1 45	h5h4 b6d5 h4h3	1701	0g0p0z1l1o
wNYX7	r2qk2r/ppp2ppp/8/1bbpn2Q/3Nn3/2P5/PP3PPP/RNB2RK1 w kq - 0 11	h5e5 d8e7 e5e7 e8e7 d4b5	1701	010t101c
xEkqM	8/p2k4/2np4/1N4B1/7P/R5K1/pr6/8 b - - 5 46	b2b3 a3b3 a2a1q	1701	000g0i0p1h1o
xHQOT	r1b4r/pp1k1p1p/2pp4/1N1P2B1/3KP1n1/8/PPP5/5R2 w - - 0 23	f1f7 d7e8 b5d6	1701	0f0i1315191o
xmWYY	k1r3r1/pp6/7p/7P/2Q1BB2/8/4KP2/q7 w - - 0 32	e4b7 a8b7 c4b5 b7a8 b5d5 c8c6 d5c6	1701	050p13171n1w
xuxof	4k2r/p2bbppp/4p3/R2n4/3P4/2rBPNB1/3N1PPP/4K2R b Kk - 0 17	c3c1 e1e2 d5c3	1701	1315191o
yC4pd	8/8/3b3p/2BP1kp1/p2K4/7P/1P6/8 b - - 1 40	d6e5 d4c4 e5b2 c4b4 a4a3	1701	080g0p101p
z6HgJ	2r2k1r/p3bppp/8/5bN1/5Q2/P2qNP2/RP1P2PP/2BK3R b - - 0 19	c8c1 d1c1 d3b1	1701	051315191n1o
zpXwg	r2k1b1r/1p3ppp/1q4b1/PN1p4/3Nn3/1PQ1p3/2P2PPP/R4RK1 w - - 1 18	a5b6 e4c3 a1a8	1701	0g0j191o
0P6lJ	4r1k1/1b2rpp1/1p4qp/2p5/2P5/1P3P1P/PBQnR1P1/4R1K1 w - - 0 27	c2g6 f7g6 e2e7 e8e7 e1e7	1702	0g1019
1kGwF	r7/1b3p1p/p3pnkB/1pq1R3/5Q2/3P2P1/PP3P1K/R7 b - - 4 24	c5e5 f4e5 f6g4 h2g1 g4e5	1702	050g0s1011191n
1nR2g	r3r2k/pR3Qpp/8/5pq1/8/2P5/PPB2RPP/6K1 b - - 0 21	e8e1 f2f1 g5e3 g1h1 e1f1	1702	060i101316191g
27P79	3Q4/pp3kpp/8/8/8/2q1p3/P3B1PP/6K1 b - - 0 36	c3e1 e2f1 e1f2 g1h1 f2f1	1702	0i0p0s101316
2dnHc	r4rk1/4Q2R/6pb/p6p/Pp6/4p2P/1P4P1/6K1 b - - 1 36	a8e8 h7f7 e8e7	1702	0g0p1o
2eZxM	5rk1/p1r3pp/2pNp3/1pNnPp2/1P1P1nq1/P5P1/5P1P/2RQ1RK1 b - - 2 24	f4e2 d1e2 g4e2	1702	0g0s191o
2jnIZ	1r4k1/5pp1/7p/R3P3/3QP3/7P/4qPP1/6K1 b - - 0 29	e2e1 g1h2 e1a5	1702	010p0s1o
2rvdo	r4rk1/ppp3bp/3p2p1/3Ppp1n/2B1P2q/5P1P/PPP1QP1K/R1B3R1 w - - 0 15	c1g5 h5f4 g5h4 f4e2 c4e2	1702	0g10191t
3LSD3	4r1rk/pp6/2p2p2/6qp/2P1QP2/7P/P5PN/2R2RK1 b - - 0 28	g5c5 g1h1 e8e4	1702	0g191o
3Q1pa	r6k/1pp3pp/2qb4/rN2pp2/P7/3PP1P1/2Q2P1P/R1R3K1 b - - 8 23	c6c2 c1c2 a5b5 a4b5 a8a1	1702	0g0j1019
3cy0y	r2r1k2/1b3ppQ/p3pb1p/1p4q1/4p3/P6P/1P3PP1/1BRR2K1 w - - 0 26	h7h8 f8e7 c1c7 d8d7 d1d7	1702	0s10131619
4MhfA	r2qk2r/pp1nbppp/5n2/1B6/3p2Q1/8/PPPP1PPP/R1B1R1K1 w kq - 4 12	g4g7 h8g8 g7f6	1702	0g1c1g1o
4Vl9o	r5k1/1p1bq1b1/p3prQB/2np2N1/P7/2P5/1P3PPP/R3K2R w KQ - 5 21	g6h7 g8f8 h7h8	1702	0y1315191g1o
4XDFt	4k3/PR6/8/1p4p1/2P1Bb2/3PnNr1/5K2/8 b - - 0 52	g3g2 f2e1 f4g3	1702	0p13151a1o
4h3oL	2q1r1k1/5p2/1pp1r1p1/p1b5/2P3QP/P1NR2B1/1P6/3R3K b - - 0 27	e6e1 d1e1 e8e1 g3e1 c8g4	1702	0g0r0y1019
4qz63	1r6/1r3p2/1P1Qpk2/3p2p1/3q4/8/2P2PPP/1R1R2K1 b - - 6 27	b7b6 d6b6 b8b6	1702	0g0p1o
5Z9II	r3kb1r/4qppp/p5b1/2pQ4/6P1/P3P2P/1P3P2/R1B1KB1R b KQkq - 0 15	g6e4 d5c4 e4h1	1702	010s0v191o
5tEou	4rk1r/pp4pp/5p2/1Q2B3/4K1P1/8/PP3q2/3R1R2 b - - 1 24	e8e5 b5e5 f2e2	1702	0g0s191n1o
6wbb4	1k1r3r/1p4pp/2p1B3/p7/4q3/PQ3P1P/1PP3K1/3R1R2 b - - 0 26	e4e2 f1f2 e2d1	1702	0g0i191o
72VC5	3Q1bk1/4qp1p/p1P3p1/8/p7/8/1P6/K7 w - - 1 41	d8e7 f8e7 c6c7	1702	00010p1o
7txuV	r3k3/pppnbpp1/4q1p1/3pP3/3B1P2/1PP3Pr/P1QN4/2KR3R w q - 0 21	f4f5 g6f5 h1h3	1702	010v0w191o
8AWrg	3r3k/6pp/8/1R6/1P1p1n2/P6P/1B3P2/6K1 b - - 0 42	d4d3 b2c1 f4e2 g1f1 e2c1	1702	0g0p0s10
9qGzA	r1b2Q2/p2kp3/1pnp2p1/6N1/4P3/2N1B3/4qPPP/5RK1 b - - 1 15	e2f1 g1f1 c8a6 f1e1 a8f8	1702	01050j10191n
AGCX1	8/1pb3p1/3k4/p3pPP1/P1B1K3/8/8/8 w - - 3 35	f5f6 g7f6 g5g6	1702	080g0p1o
BXBqh	4r1k1/p1prP1pp/1pq5/2p5/8/1PP2R2/P5PP/R3Q1K1 w - - 1 24	f3f8 e8f8 e7e8q	1702	000g0p1h1o
CAbcn	r3r1k1/3q1pp1/p1Q1b2p/3p4/3N4/1P6/P4PPP/3RR1K1 w - - 4 22	e1e6 d7c6 e6c6	1702	0g191o
CUPqO	2kr2r1/pp2ppb1/1q1p1n1p/8/3NPQb1/2N1P3/PPB3PP/1R3RK1 w - - 13 19	c3d5 f6d5 f4g4 c8b8 e4d5	1702	010i0w1019
CWrh8	8/8/2k1p1p1/1p2p2p/4Pb2/1P1KBP1P/6P1/8 w - - 0 37	e3f4 e5f4 d3d4 c6d6 e4e5	1702	080g0p10
ClxvJ	1k2r3/1b4bp/1Np5/rP3p2/PBPPp1p1/8/5KPP/R3R3 b - - 2 31	g7d4 f2e2 d4b6	1702	010s191o
CmrpL	8/8/6p1/2kp2K1/7P/1P3P2/6P1/8 b - - 1 47	d5d4 g5f4 c5b4 f4e4 b4c3 b3b4 d4d3	1702	0g0p1e1l1w
DI0Mv	4r3/p2k2pR/4n3/2rp2P1/5p2/4p3/P3B1P1/2R1K3 w - - 0 32	c1c5 e6c5 e2b5	1702	010p1g1o
DkWPx	2r1qrk1/1b3N1p/3bp1P1/8/3P4/2PB4/2nB2PP/4RRK1 w - - 0 25	g6h7 g8g7 d2h6	1702	000y1315191o
ETPH0	8/7p/6p1/1R1Pkp2/n6P/4K1P1/1p6/8 b - - 3 47	a4c3 b5b2 c3d1 e3f3 d1b2	1702	0g0p0r0s10
EWIdk	2R5/p3p1bp/3p1kp1/5p2/P1BPPB2/5b2/1r5P/4K3 w - - 0 29	e4e5 d6e5 d4e5	1702	0p13151o
EacKQ	1n6/1P2Pkp1/6p1/6p1/2P3P1/1p5P/r2R1P2/6K1 w - - 1 33	d2d8 f7e7 d8b8 b3b2 b8e8 e7e8 b7b8q	1702	00050g0p1h1w
Ecfge	6k1/8/4p2p/2PbB1p1/1RpP4/7P/5PPK/r7 b - - 1 30	c4c3 c5c6 c3c2	1702	00010p1o
FQQer	2rr2k1/p1p2ppp/1pp2q2/8/8/2P1B1Q1/PPb2PPP/R3R1K1 w - - 4 17	e3g5 f6d6 g5d8	1702	01191o1p
G3HXx	1r4k1/q2B1pbp/n5p1/7n/2P5/5QP1/PP1NrP1P/R1BR2K1 b - - 1 20	e2f2 f3f2 g7d4 d2e4 d4f2	1702	01050y10191g1n
GOsxi	r5qr/p1p1pk2/1p1p4/4bB1N/4P3/1P6/P1P3PP/2BQ2K1 w - - 3 20	d1d5 e7e6 f5e6 f7e7 e6g8	1702	0g10191p
I5PuM	r5k1/1pp1q1p1/4p1p1/p2rn1N1/5P2/2P3P1/PPQ5/2R1K2R w K - 0 21	h1h8 g8h8 c2h2 h8g8 h2h7 g8f8 h7h8	1702	050y1317191n1w
IFJkz	rnbqk2r/pp2Nppp/8/2b5/8/P7/1P2PPPP/R1BQKBNR b KQkq - 0 8	c5f2 e1f2 d8d1	1702	040g0i1c1o
JehBO	5r1k/5p1p/B2np1pP/6Q1/8/2q5/5PP1/5RK1 w - - 3 35	g5e7 h8g8 e7d6	1702	010p0s1o
Jfrxe	6R1/6P1/pkp2Nr1/1p6/5p2/4nP2/7P/7K w - - 3 52	g8b8 b6a7 g7g8q g6g8 b8g8	1702	00010d0p101h
KBLtg	2r1k3/pp6/3Qp3/3pN1p1/1P3q2/3P1P1b/PP6/1K6 w - - 4 31	d6d7 e8f8 e5g6	1702	0g0p0s1o
KKOEK	8/p1k5/1p2p1nb/PPp1Pp2/2P2Pp1/6Pp/3B1K1P/4N3 b - - 14 44	g6e5 f4e5 h6d2	1702	0g0p111o
KxKIU	1r2r3/2qb4/1k3p1p/1p2p3/R7/3Q4/P1P2PPP/KR6 w - - 1 36	d3e3 c7c5 a4a6 b6a6 e3c5	1702	010i1019
Launv	2r3kr/pp3p1p/5Qp1/6P1/n2pB1P1/1PqP3R/P4P2/1K5R w - - 1 28	f6h8 g8h8 h3h7 h8g8 h7h8 g8g7 h1h7	1702	05090y1317191n1w
LrAUc	7k/p6p/1p2n3/4p2q/4P3/1PQ3R1/P4PKP/8 b - - 5 32	e6f4 g2h1 h5d1 g3g1 d1g1 h1g1 f4e2 g1g2 e2c3	1702	050g0p0s1n1w
MFAzh	8/6p1/4pp2/4P2p/5P2/5kP1/7P/6K1 w - - 0 47	f4f5 e6f5 e5e6	1702	0g0p1e1o
NPBtN	6r1/2p2kr1/4p3/2P2p2/3P1P2/Pq2PR1P/1PQ2RP1/6K1 b - - 8 30	g7g2 f2g2 b3c2	1702	010p1g1o
O2nZs	4RQ2/5p1k/B5p1/5b2/P1P2P2/2q3Pp/5P1K/1r6 b - - 6 31	b1h1 h2h1 c3f3 h1g1 f3g2	1702	050p1013161n
O6kka	r1bq1rk1/ppp2p1p/2n4p/2bpPN2/2B5/7P/PPP2PP1/RN1Q1RK1 w - d6 0 11	d1g4 d8g5 f5h6	1702	0g0y1c1g1o
OP5BV	4r1k1/1q3ppp/R3p3/1p1n4/2pPN3/2P2Q1P/5PP1/6K1 w - - 11 28	e4d6 b7d7 d6e8	1702	010p0s1o
PaGXI	r7/1rB2p1k/6pb/2R1Pp1p/5P1P/5bP1/PpP5/1K3R2 w - - 0 29	f1f3 a8a2 f3b3	1702	01191o
R1Itm	4r1k1/6pp/p1Q5/1pR1r1q1/8/1P3p1P/5PPK/2R5 w - - 0 32	c6e8 e5e8 c5g5	1702	0g0p1o
RwkVt	r7/k7/7R/1Kp1p1p1/2P1P3/5P2/5b1P/8 w - - 0 48	h6h7 a7b8 b5b6 b8c8 h7h8 c8d7 h8a8	1702	0g0p0r11121p1w
TrluQ	3r4/pk5p/1p2N1p1/4Qp2/1qB3PP/1Pp5/2P5/1K1R4 b - - 0 37	d8d1 b1a2 d1a1 a2a1 b4a3 a1b1 a3b2	1702	050p13171k1w
TtrwL	1k6/ppr4R/3r4/3pQp2/3P4/2P2q2/PP6/2K5 w - - 0 29	h7h8 c7c8 e5d6 b8a8 h8c8	1702	060p101316
UFJ6g	4r1k1/1p4p1/1q3pb1/2pP3p/2P3N1/1P3R1P/5QP1/6K1 w - - 0 30	g4f6 g7f6 f3f6 e8e1 g1h2 b6f6 f2f6	1702	0g0p1w
VO4BT	8/4p1k1/3p1pp1/3P3p/1Q2B2P/6P1/1r2qP2/4nRK1 w - - 8 37	b4e1 e2e1 f1e1	1702	010p111o
WVvtP	6k1/p1q1r1p1/1p2P3/2pp2pQ/8/2P4P/PP4P1/5RK1 w - - 0 28	f1f8 g8f8 h5h8	1702	050p13151n1o
Wcur0	1k6/1p1r1p2/p3p3/1r5p/3R4/P3KP2/1P2R1PP/8 b - - 2 31	b5b3 e3e4 f7f5 e4e5 b3b5	1702	0g0p10111m
Ws4Re	r3kbnr/pp3ppp/4b3/2qN4/8/3B4/PP3PPP/R1BQ2K1 w kq - 0 14	d3b5 c5b5 d5c7 e8e7 c7b5	1702	050g0s101c1n
YTxYY	r1b2rk1/ppp2pbp/6p1/3BP3/2N2n1q/1QP3P1/PP3P2/R1B1RK2 b - - 0 18	h4h3 f1g1 f4d5	1702	0g111c1o
aYiJb	1r4k1/3b2p1/2Q4p/1n1p1p1P/3PpP2/1pp3P1/P6R/1KRB4 b - - 0 35	b5a3 b1a1 b3b2 h2b2 c3b2	1702	000s10131619
acnby	1r4k1/4qpPp/4p3/3pP3/2nP2N1/p1P3P1/R1P2P2/2Q2K2 b - - 0 32	b8b1 c1b1 c4d2 f1g1 d2b1	1702	050g0p0s101g1n
b2X9d	6k1/5pp1/4p2p/4q3/2Qn4/BP5P/1P3PP1/7K b - - 3 34	e5e1 h1h2 d4e2 c4e2 e1e2	1702	0g0p101l
bMVcU	5r2/p1kp2R1/8/1bN2B2/1p6/4P3/P1PK1P2/7r w - - 5 33	c5e6 c7d6 e6f8	1702	010p1g1o
d49B2	6k1/6b1/1P6/8/6Q1/3q2P1/2n2P1P/6K1 w - - 3 45	b6b7 d3b3 g4c8	1702	000g0p1o
dSoys	8/5k1p/8/6PP/1pp3P1/p7/P2K4/8 b - - 3 47	b4b3 a2b3 a3a2	1702	000g0p1e1o
dqyOl	Q5r1/4nk2/pp1rR1np/2q3pB/2p2p2/8/PP4PP/R1B4K w - - 3 25	e6e7 f7e7 a8g8	1702	010i191g1o
dxIjM	r1bqkbnr/pp3ppp/2n5/1B2P3/3pP3/5P2/PP2N1PP/RNBQK2R b KQkq - 3 8	d8a5 b1c3 d4c3	1702	010s1c1o
eQF1G	2k5/pp4pp/8/Pn1R1pP1/1P3P2/8/2rBK2P/8 b - - 2 35	b5c3 e2d3 c2d2 d3d2 c3d5	1702	0g0p0r0s10
eeko1	7k/4Q3/p2p2p1/1pq3N1/4KP2/P7/1PP5/8 b - - 6 34	d6d5 e4e5 c5e7	1702	0g0j0p1o
fjSq0	r2q1rk1/pbp2pp1/1p2p2p/8/2nP4/2P2N2/P1B2PPP/R2QR1K1 w - - 5 16	d1d3 g7g6 d3c4 b7f3 g2f3	1702	011019
g1cpG	r2q1r2/5p1p/3p2pk/3P3N/5P2/pPQ1n3/6PP/5RK1 w - - 4 30	c3g7 h6h5 g7h7 h5g4 h7h3	1702	0i101316191n
go9J8	7r/6RP/1P6/1k4P1/pr6/8/2p2PK1/R7 b - - 0 46	b4b1 g7c7 b1a1 c7c2 h8h7	1702	0g0p101m
gutpg	1n1q1rk1/r4pp1/p2p2P1/1ppQ4/4P3/5N2/P1P2PP1/b3K2R w K - 0 18	h1h8 g8h8 d5h5 h8g8 h5h7	1702	050y101316191g1n
hJB7Y	1k6/3R1pp1/PK6/1Pr3rp/8/8/8/8 w - - 7 43	d7d8 c5c8 a6a7 b8a8 d8c8	1702	000i0p0r1013161m
i3DdB	r5k1/3bq1bp/2pNp1p1/p3P3/1p1PRr2/1P3N2/1P3P1P/2RQ2K1 b - - 5 21	f4f3 d1f3 e7g5 g1f1 g5c1	1702	010s10191n
i4F0x	8/5p2/6pp/p6P/P2p2P1/3k4/6P1/3K4 w - - 0 45	g4g5 h6g5 h5h6	1702	0g0p1e1o
i7f1U	4r3/2p5/1pRb2kP/pP2p3/P4p2/2P1B3/4K3/8 w - - 0 33	e3b6 c7b6 c6d6	1702	010i0p11121o
j2miC	r5r1/pp2k3/2p2np1/3p4/3Pp3/1NP1P1R1/qPQK1P2/6R1 w - - 0 27	g1a1 a2a1 b3a1	1702	01191o1t
jTRmk	4r1k1/Q1p2ppp/1rqp4/1p5b/4PB2/2P4P/PP3PP1/R3R1K1 b - - 0 22	e8a8 a7a8 c6a8	1702	01191o1t
ju7T2	8/3k1p2/p7/8/8/1p3P2/PpK4P/8 w - - 0 44	a2b3 b2b1q c2b1	1702	0g0p111e1o
kAfi7	r4Bk1/ppp2ppp/2n5/6q1/P2p1R2/1BnP4/2PQ2PP/R5K1 b - - 0 15	g5f4 d2f4 c3e2 g1h1 e2f4	1702	01050s10191n
lw408	5Q2/p7/1p4p1/nq4k1/6b1/6P1/5PP1/3r1BK1 w - - 2 39	f2f4 g5h5 f8h8	1702	0p13151o
lxuIX	3r1r2/pp3kpQ/2b1pq2/8/8/1P6/P1B2PPP/4RR1K b - - 2 30	f8h8 h7g6 f6g6 c2g6 f7g6	1702	011019
mT7pC	b2r4/2rkpQ2/p2p1p1N/1p1q4/8/P7/6PP/4RR1K w - - 0 43	e1e7 d7c8 e7c7	1702	0g191o
mZLCn	r2qkbnr/pp3ppp/4p3/2npP3/3B4/3Q1N2/PPP2PPP/RN2K2R w KQkq - 1 9	d4c5 f8c5 d3b5 d8d7 b5c5	1702	010s101c
mssEk	8/1B6/8/4K1pp/5p2/4kP2/8/8 b - - 9 57	h5h4 b7c8 e3f3	1702	080g0p1l1o
nVGcg	8/8/8/pp6/kP1K4/2P5/8/8 w - - 0 49	d4c5 a5b4 c3b4 a4a3 c5b5	1702	0g0p101e1z
o1XJU	8/1p4p1/p1p3P1/2Ppk2P/1P1b1R2/4n1K1/P7/8 w - - 5 46	h5h6 g7h6 g6g7 e3f5 f4f5 e5f5 g7g8q	1702	000g0p1h1w
pLsAc	1k4r1/p1p5/1p1q4/8/P2p4/3P3P/1PP2KP1/R2QR3 b - - 0 29	d6g3 f2f1 g3g2	1702	0p13151o
poNIq	8/1Q4pk/p4p1p/5P2/P7/1P2qP1P/5RP1/4n1K1 b - - 0 33	e1d3 b7e4 e3f2	1702	010p1o
qKIju	r5k1/p2R2pp/1p3r2/2p1Q3/8/P1P2P2/2q3PP/6K1 w - - 0 26	e5d5 g8h8 d5a8 f6f8 a8f8	1702	0p0s101316
qb2e1	4r1k1/p1p2pp1/7p/8/1P6/P2Q4/3p1PPP/3q1RK1 w - - 2 29	f1d1 e8e1 d3f1	1702	0g0p0t1o
qmBGR	1r4k1/2R2ppp/8/8/2nPq3/2Q1P3/1R3PPP/6K1 b - - 0 26	e4b1 b2b1 b8b1 c3c1 b1c1	1702	060p1013161n1y
rVtrn	8/1P4kp/8/2N1r3/2Pp4/5p2/8/2BK4 b - - 0 46	f3f2 b7b8q f2f1q d1c2 f1c4	1702	000g0p0r101h
rbxXC	4r3/6q1/4Pk1p/3bR2Q/1ppP4/2P4K/1P3Pr1/1B2R3 b - - 0 37	g2h2 h3h2 g7g2	1702	051315191n1o
sPzwG	r4rk1/pp5p/2p3p1/4p3/2PpPp1b/1P1P1QPq/P6N/R1BB1RK1 b - - 0 24	f4g3 h2g4 f8f3	1702	0g0j191o
sW5vK	r3k1nr/ppp2ppp/3p4/2b1P3/3nP3/3P1BPq/PPP3QP/RNB1K2R b KQkq - 4 10	h3g2 f3g2 d4c2	1702	010b1c1o
tRmui	r1b3k1/ppp1qr2/1b5Q/4pp2/2P1N3/2PR4/P1P2PPP/5RK1 w - - 4 17	d3g3 f7g7 e4f6 e7f6 h6f6	1702	0g0r0y101119
tS9a5	2k2r1r/Bpp3p1/3bp1q1/1Q1Nn3/4P3/6Pp/PP3P2/2R2KR1 w - - 2 25	c1c7 d6c7 d5e7 c8d8 e7g6	1702	0g0s10191n
uYK57	8/5p2/4k2p/p1p2p1P/1pP2KP1/1P6/P7/8 w - - 0 37	g4g5 h6g5 f4g5	1702	0g0p1e1o
v5TOF	3r2k1/3bppbp/p3qnp1/4B3/8/2P2P2/6PP/1B1QRNK1 w - - 1 20	e5c7 e6c6 c7d8	1702	01191o
vb8l0	8/2R3b1/6kp/3PP3/5PP1/4nB2/1r1r4/6K1 w - - 1 52	f3e4 e3f5 e4f5	1702	0p13151o
wX8kQ	8/8/7p/1p1k1pp1/pP2pP2/P1K1P1P1/7P/8 b - - 0 42	g5g4 c3b2 d5c4 b2c2 h6h5 c2b2 c4d3	1702	0g0p1e1l1w1z
woWmi	6k1/p4pP1/1p6/3pqN1p/2pR2P1/2P2P2/P6P/5K2 w - - 0 35	d4d5 e5d5 f5e7 g8g7 e7d5	1702	050g0p0s101n
x6oGn	r3r3/2p2kpp/1b6/2p1p3/p1P1b3/N2R1N2/P4PPP/3R2K1 w - - 0 23	f3g5 f7g8 g5e4	1702	0g0s191o
xGzo5	1r1q3k/p5b1/1p1pQ2p/3N2p1/1P6/4P1P1/P5KP/B1r5 w - - 0 25	e6h6 h8g8 h6g7	1702	1315191g1o
zHfu9	r1bqkb1r/pp3ppp/2n1pn2/6B1/2BN4/P3P3/1P3PPP/RN1QK2R b KQkq - 0 8	d8a5 b1c3 a5g5	1702	010s1c1o
zjUKO	8/pp5p/6p1/4K3/6P1/k6P/5P2/8 w - - 0 39	f2f4 b7b5 f4f5 b5b4 f5f6 b4b3 f6f7 b3b2 f7f8q	1702	000g0p1e1h1l1w
0SC89	8/3b1pk1/2p3q1/3p1N1p/3P3P/2P2Qb1/8/5RK1 b - - 1 34	d7f5 f3f5 g3f2 g1f2 g6f5	1703	050g0k0m0p0r0v0w1011
1JskE	6k1/3rrp1p/p3qQp1/4p3/2R5/1P6/P5PP/2R3K1 w - - 2 34	c4c8 e7e8 f6e6 f7e6 c8e8	1703	0b0g0p101g
1Okq5	r2q1rk1/ppp2p2/3n3p/3Q2p1/1P3p2/N1b4P/P1B2PP1/R2R2K1 w - - 0 22	d5d3 f8e8 d3c3	1703	01191o
1T4bv	r1bq1k1r/ppp2Bpp/2n5/2n2pN1/8/8/P4PPP/bN1QR1K1 w - - 0 15	d1d8 c6d8 e1e8	1703	13151c1d1o
1nfgx	5rkr/1b5p/2p1pqBQ/p3N3/1p1P4/6P1/PPP3P1/1K5R w - - 1 29	g6h7 h8h7 h6h7	1703	0y1315191o
2WJKy	r1q1k2r/ppp3p1/3ppn1p/2b5/3nP3/1Q3N1P/PP3PP1/RNB2RK1 w kq - 0 12	f3d4 c5d4 b3a4 c7c6 a4d4	1703	010r0s101c
2kJRc	r4r1k/ppp3pp/3P4/8/4p2q/P5Q1/1P1B1nPP/R4R1K w - - 0 20	f1f2 h4g3 f2f8 a8f8 h2g3	1703	011019
2r0ap	8/8/1p2P1k1/6N1/5KP1/P6p/1P4b1/8 b - - 0 46	h3h2 e6e7 g2c6 g5f3 h2h1q e7e8q c6e8	1703	000g0p1h1l1w
3b4xI	1k6/pp5p/2p1r1p1/3p1p2/3PrP2/3R3P/P5PK/1R1Qq3 w - - 2 31	d1b3 e1b1 b3b1	1703	010p1o
47wWC	r3kb1r/pp1qppp1/3p4/7p/3NPBn1/3P4/PPPQ1PPP/R3K2R b KQkq - 1 11	e7e5 f2f3 g4f6 f4e3 e5d4	1703	010s1019
5bvEP	2q2k1r/p1pbn1pp/Qb3p2/5P2/4B3/BP2P3/P4K1P/3R4 w - - 3 27	a6c8 d7c8 d1d8 f8f7 d8h8	1703	0110191g1p
6DfGD	5r2/6pp/1ppk4/8/2Pn1q2/Q2P4/PP4PP/R4N1K b - - 2 26	c6c5 f1g3 d4c2 a3a7 c2a1	1703	010h0p0s10
6QtSv	3r1rk1/pp3ppp/2q1p3/8/6P1/2P1b3/PP3QPP/3R1R1K w - - 0 21	f2f7 f8f7 d1d8 c6e8 d8e8 f7f8 f1f8	1703	0i0y1317191n1w
6ixdN	6kb/1b1r1p2/p3pPp1/1p2P3/3P2PP/P1rRQNN1/2q5/3R2K1 b - - 2 33	c2d1 d3d1 c3e3	1703	0g0y191o
6wsX4	r4r1k/p1p2Pp1/1p1b3p/6B1/2BP3R/2P5/P1P3P1/5n1K w - - 0 23	h4h6 g7h6 g5f6 h8h7 c4d3	1703	0y101316191n
7GNdD	6k1/1r3ppp/p7/4p1q1/2P3n1/1P4P1/P3Q2P/3R3K w - - 0 27	e2g4 h7h6 g4c8 g8h7 c8b7	1703	0g0p0s10
7LT8U	5rkB/1p3r1p/p5p1/3p4/3Qb2P/2P3q1/PP3RP1/5RK1 w - - 5 31	d4g7 f7g7 f2f8	1703	0i0y1315191n1o
7PT78	4r1k1/1p3p2/p2pqnb1/6p1/1P1nN2p/P4P1P/1Q1N2P1/2r1RBK1 w - - 0 23	e4f6 e6f6 e1e8 g8h7 b2c1	1703	0g0j0y1011191p
8Esc7	8/8/6R1/5n1p/2P1pN1k/r7/P4K2/8 b - - 1 44	a3f3 f2e1 f3f4	1703	0g0p0s1o
8IdTg	6k1/1p3rp1/4P2p/3Q4/8/P5qP/1P3rP1/3R1RK1 b - - 0 31	f2f1 d1f1 g3e3	1703	0g0p1o
8Rqwc	8/5p2/5P2/p6b/4BKp1/k7/8/8 w - - 0 54	f4g5 h5g6 e4g6 g4g3 g6e4	1703	080g0h0p10
8SH3K	2r3k1/p4pp1/3Np1p1/4q3/8/7P/P5P1/2R4K w - - 0 34	c1c8 g8h7 c8h8 h7h8 d6f7 h8h7 f7e5	1703	050g0p0s1w
90bDS	2r1r1k1/1p3p1p/p5p1/8/3Q4/1P5P/q1PR1PP1/3R2K1 w - - 0 29	d1a1 a2c2 d2c2	1703	010p1o1t
AhG6J	r2q1rk1/2p2p1p/p2p2pQ/1p1Pp3/6bP/P4N2/1PP1BnP1/2KR3R w - - 0 16	f3g5 d8g5 h4g5	1703	0g191o
BDOev	r2q1b1r/pppk3p/2np4/5NP1/6Q1/8/PPP5/RNB1K2b w Q - 0 18	f5g7 d7e7 g4e6	1703	0j0k13151c1o1s
BOYjb	r2qk2r/1pp1n3/p3p3/4Np2/3np2P/P3Q1B1/1P4P1/3RKB1R b Kkq - 1 19	d4c2 e1e2 d8d1 e2d1 c2e3	1703	050g0j0r0s101c
BsEpN	Q3R3/1R4pk/5p1p/8/8/7P/r1r5/5K2 b - - 0 44	c2c1 e8e1 c1e1 f1e1 a2a8	1703	0g0p0r101j
ByMa8	1r1q1k1r/5ppp/2Qp1n2/4p3/3p4/P2P2P1/1P3P1P/RNB1K2R b KQ - 0 21	b8c8 c6f3 c8c1	1703	01191o1p
CIZOQ	6r1/1b3p2/p3p1nk/3p4/B2q1PQ1/2r3P1/P5K1/R1B5 w - - 0 31	f4f5 c3c1 g4d4	1703	010j0k191o
ClEqn	r1b1k2r/pp2bppp/2pp1q1n/8/2P1Q3/3BP2P/PP3PP1/RNB2RK1 b kq - 1 10	c8f5 e4d4 f6d4 e3d4 f5d3	1703	0b0g101c
D1RGL	8/p7/4k1p1/PP3p1p/4pP1P/1n2N1PK/8/8 w - - 1 49	b5b6 a7b6 a5a6 e6d6 a6a7	1703	000g0p0z10
DWv8q	4rrk1/5pb1/p1qR2p1/1p3b2/2p1N2Q/2P5/PPB2PPP/5RK1 b - - 8 23	e8e4 d6c6 e4h4 c2f5 g6f5	1703	011019
EOPFo	r1bq1rk1/ppp1bppp/3p1n2/3NP1B1/2B1P3/5Q2/PPP2PPP/R3K2R b KQ - 0 10	f6d5 g5e7 d5e7	1703	01191o
F8nGh	r1Q3k1/1B2rpnp/p5p1/8/6b1/P1B5/1P3P1P/R5K1 b - - 0 27	a8c8 b7c8 g4c8	1703	01191o
FFrQU	1k6/2p5/1p2p2p/6p1/QP3p2/4q2P/3r2bK/R7 w - - 2 38	a4e8 d2d8 e8d8 b8b7 d8a8	1703	0p101316
G5uV0	5kr1/1p6/4QP2/2p4n/4P2q/P2P3P/2P3R1/R5K1 b - - 0 30	g8g2 g1g2 h5f4 g2f3 f4e6	1703	050g0p0r0s10
GHGKA	1Q2qk2/1p3p1p/p1p4P/2P2pb1/PP6/8/1B6/K7 w - - 2 43	b2g7 f8e7 b8d6	1703	0p13151o
Gskqk	8/2p3pk/p5qp/1p3Q2/4p1P1/P1Pb1nRP/1P3K2/6B1 b - - 4 36	e4e3 f2f3 d3f5	1703	010j0p1o
HMfCY	8/4B3/1p4pp/bPp5/2Pp1P1P/3K1k2/8/8 w - - 2 50	h4h5 g6h5 f4f5	1703	080g0h0p1o
Hrdsb	r1b2k1r/3n2p1/p3p2p/1pbNPn1B/5BQq/7P/PPP2PP1/R4RK1 w - - 1 18	g4g6 h4h5 g6h5	1703	0g191o
I7zdz	8/8/2k5/3b1ppp/3P4/2NK2P1/1P6/8 b - - 1 38	h5h4 g3h4 g5h4 d3e3 h4h3	1703	0g0p10
J8V7J	2kr4/1p6/2pp1p2/q5p1/3B3r/P7/1P3R1P/3QR1K1 b - - 4 31	h4d4 d1d4 a5e1	1703	010i191o
K0SUS	8/8/1p2p1p1/p1k1p2p/P1P1P2P/1P4P1/2K5/8 b - - 1 37	c5d4 c2d2 d4e4	1703	0g0p111e1o
KH39f	1R1n1qr1/3k4/1PN5/3bB2p/7N/2Q3P1/5P1K/2R5 b - - 0 34	f8f2 h2h3 d5e6 h4f5 e6f5 g3g4 f5g4	1703	1317191w
KtYfC	r1b1kb1r/1pq1nppp/p1n1p3/3pP3/3P4/N1PB1N2/3B1PPP/R2QK2R w KQkq - 5 11	a3b5 a6b5 a1a8	1703	010j1c1o
LReJG	8/5K1p/1k4p1/pP3p2/P3pP2/4P3/7P/8 b - - 4 39	g6g5 f4g5 f5f4 e3f4 e4e3 f4f5 e3e2	1703	000g0p111e1n1w
NOI6f	8/5ppk/8/5PPn/1p3Q2/1rq5/6B1/5R1K w - - 1 44	g5g6 f7g6 f5g6 h7g6 g2e4	1703	050p101316
NfxXN	r1b1kb1r/ppp1qpp1/4p2p/2PpP1NQ/2nn4/2NB4/PP3PPP/R1B1K2R w KQkq - 0 11	g5f7 e7f7 d3g6 c4e5 g6f7	1703	010405101c1g1n
OV6pm	1k1r4/ppp3p1/8/4pQNp/1PP2n1P/P5P1/4qP2/5RK1 b - - 1 24	e2f1 g1f1 d8d1	1703	050p0y1113151n1o
OhvuK	2kr4/p1ppQ3/1p3p2/8/2P5/2K1P3/PB1R1PrP/4q3 w - - 2 29	e7e4 c8b8 e4g2	1703	010p1o
P0OFa	3Q4/pp3ppk/7p/2q5/6n1/8/P5PP/5R1K b - - 8 34	g4f2 h1g1 f2h3 g1h1 c5g1 f1g1 h3f2	1703	0k0m0p13171n1q1w
QswQX	4r3/8/p1k3p1/1p1p3p/2P2P1P/1P3KP1/P2RN2r/8 w - - 1 32	e2d4 c6c5 d2h2	1703	0g0j0p1o
RNcaZ	2Q5/1p4pk/p5qp/3pP3/1P2nN2/P2rP3/7P/5R1K b - - 3 37	e4f2 f1f2 d3d1 f2f1 d1f1	1703	0p1013161n
SLOrE	r4rk1/p4pp1/2p4p/1pNp1p1n/5P1P/qPQPPR2/7K/3R4 w - - 0 27	d1a1 a3a1 c3a1	1703	01191o1t
SyNBy	4r1k1/7p/3QNqpb/2pP4/2P3P1/1P2pP1P/P5K1/4R3 b - - 1 34	f6b2 g2h1 b2f2	1703	0g0p1o
Trp7p	3r4/p1b2kp1/1pQ4p/4p1qn/4P3/8/PPP2PPP/3R2K1 w - - 0 25	c6c7 f7e8 d1d8 g5d8 c7e5 e8f8 e5h5	1703	0g0p0s0t1w
TxbtB	6k1/pp3rp1/n1p1P2p/3q4/4Q3/6PP/8/2R1R2K b - - 2 38	f7f1 h1g2 d5e4 e1e4 f1c1	1703	0g0p0r10
V6vmc	3r3r/p2k1p1p/2R1b2p/4Q3/8/3q3P/5PP1/6K1 w - - 1 24	c6c7 d7e8 e5h8	1703	0p0v13151o
Vk0wt	r3k2r/ppp2pp1/2nbp3/3P4/1PB2NP1/P3PqPp/1B3P2/1R1Q1RK1 b kq - 2 15	h3h2	1703	001314191b
WEoRn	r3q2k/p5p1/3R3p/3Q2p1/4N3/6KP/PPP3P1/r7 w - - 2 25	d6h6 g7h6 d5d4 h8g8 e4f6 g8f7 f6e8	1703	010p0s1n1w
Xpdlj	2Q1qk2/8/3pPp2/p1p2Bp1/P1r3P1/7P/5P2/6K1 w - - 2 45	e6e7 f8e7 c8e6 e7f8 e6c4	1703	00050g0p0r0s101g
Y3aXo	6k1/1b1q2p1/p2Br1np/1p2PQ2/2pp4/P6P/BPPR2P1/6K1 b - - 1 37	e6d6 f5d7 d6d7	1703	0g191o
YL0dx	2k2b1N/ppp1p1pp/2n2n2/8/3r3q/2NP4/PPP1BP2/R1BQ1RK1 b - - 0 12	f6g4 e2g4 d4g4 d1g4 h4g4	1703	010y1019
YNkm4	3r1rk1/pp4pp/2p1pb2/3n1p1q/1P1PP3/P2N1P2/4Q1PP/2BR1R1K b - - 0 22	d5c3 e2c2 c3d1	1703	010s11191o
YdD3D	2r1r1k1/pp3Np1/3R3p/qNn2P1Q/2B2BP1/8/PPP2b1P/2K5 b - - 3 24	e8e1 d6d1 e1d1 c1d1 a5e1	1703	05101316191k
ZDvgP	2n5/8/P7/1K5p/2p3p1/2k3P1/7P/5N2 w - - 0 55	f1e3 c3d3 e3c4	1703	0g0p0z1o
ZOSOh	8/5p1p/2R5/p2pPk2/3K1p2/1r2P2P/8/8 w - - 0 31	c6f6 f5g5 e3f4 g5h5 f6f7	1703	0g0p101m
aRuiE	r5k1/p5pp/1pP1p3/8/4r3/5N2/5PPP/QN1qBK1R b - - 2 21	d1e2 f1g1 e2e1 f3e1 e4e1	1703	060i101316191n
bUByH	r1bq1rk1/1pp1npb1/p1n3pp/8/3N3B/1BP5/PP3PPP/RN1Q1RK1 w - - 2 13	d4c6 b7c6 d1d8 f8d8 h4e7	1703	0b0g0j101c
bYTfW	rn2kbnr/ppp2ppp/8/3pN3/4P2q/5Qp1/PPPP2bP/RNB1K2R w KQkq - 0 8	f3f7 e8d8 f7f8	1703	040i13151c1o
bhK9Y	r1b5/1pp1q1k1/p2p1pp1/8/1P2P2Q/P2P1R1P/2P3PK/R7 b - - 3 23	e7e5 f3g3 e5a1 h4h5 g6g5	1703	010h0p0s10
ckqFR	r3kb1r/pbpqp3/1p1pNnp1/3NnP2/6P1/1B6/PPP2P1P/R2QK2R w KQkq - 2 14	d5c7 d7c7 e6c7	1703	0g0s191o
e59N1	6kr/2pq1p2/pp1b2rB/3Rp1PN/2P1Q2P/P7/1P6/2K5 w - - 7 30	e4g6 f7g6 h5f6 g8f7 f6d7	1703	0g0s10191n
fUvYo	3r1bk1/1b6/p1n1p2r/1p3pNQ/3P4/P5qP/1P3PP1/1B3RK1 w - - 0 31	h5f7 g8h8 f2g3	1703	0g0s0w191o
fpZw5	4Q3/p2r1pk1/2p3p1/2q1p3/4P2P/5BP1/PP1rNRK1/8 b - - 2 38	d7d8 e8d8 d2d8	1703	01191o1t
hnFny	3Q4/2r5/p3B3/k2K1P2/3RR3/P2q4/8/8 b - - 8 67	d3b5 d5d6 b5c5	1703	0p13151o1u
iImui	3k4/1pn3p1/4pp2/2N3p1/1P1KP3/r4P1P/6P1/2R5 b - - 4 33	e6e5 d4c4 b7b5	1703	0p13151o
iL3A6	r4rk1/5pbR/bp2p1n1/p5N1/4N3/P3q1P1/BP4K1/7R w - - 0 34	h7g7 g8g7 h1h7 g7g8 e4f6	1703	050f0y101316191n
j2Omj	8/2n5/2K5/1p2k3/1P6/8/8/8 w - - 4 62	c6c7 e5d4 c7b6 d4c4 b6a5	1703	0g0p0t101z
jyhc3	rn5r/pp1k1pb1/2bN2p1/2p4q/2P2Q2/3P2P1/P4PBP/4R1K1 w - - 2 18	f4f7 d7d6 f7e7	1703	1315191n1o
kQvMZ	1r1k4/2R3p1/5b1p/2N1p3/7P/5BP1/5PK1/1q6 w - - 17 41	c5e6 d8e8 f3c6	1703	0p13151o
kT4iG	r1bq1k1r/1p2npbp/p2Np1p1/2np4/2P5/1P3N2/PB2PPPP/1R1QKB1R w K - 0 11	b2g7 f8g7 d1d4 e6e5 d4c5	1703	01050s101c
kr79Y	r4k2/pp4p1/3P4/8/3Rp1r1/8/PP3P2/4R2K b - - 2 25	f8f7 e1e3 a8h8 e3h3 h8h3	1703	0d0p0r1013161m
mLFen	2r2r1k/p5bp/N1p1b1p1/8/3P2q1/4B3/PP2Q1PP/R3R2K b - - 6 21	g4e2 e1e2 e6c4	1703	01191o
mcKCS	r1bqk2r/5ppp/p1pb4/1p1p4/3pnN2/P7/BPPP1PPP/R1BQR1K1 w kq - 2 12	d2d3 e8g8 d3e4	1703	011c1o
mtx13	3rk3/pp4p1/3bp3/2pp2p1/8/1P1PP3/P2N1PPr/R3K2R w KQ - 0 18	h1h2 d6h2 g2g3	1703	010h0p1o
n3hpQ	r2q1r2/1p3p1k/p1bNp1pp/3nP3/3P4/6Q1/P1B2PPP/R4RK1 w - - 2 23	d6f7 f8f7 g3g6 h7h8 g6f7	1703	050g0s1019
nXCaC	8/3R4/4r1kp/4p3/p6P/P5N1/5qPK/8 w - - 1 41	h4h5 g6g5 g3e4 g5h5 e4f2	1703	010p0s10
nl4cH	5r2/4R1pk/5p1b/2pP4/8/1P1q2P1/1P5R/2Q4K b - - 5 38	d3f3 h1g1 f3g3 h2g2 g3g2 g1g2 h6c1	1703	0g0p0r1w
o0Rgk	4r1k1/pp1bnp1p/2q2bpB/4N3/2P5/4Q2P/PP2BPP1/5RK1 b - - 0 21	f6e5 e3e5 e7f5	1703	01191o
oBpIy	r1b1r1k1/ppp2ppp/2n5/2qR4/8/2n5/PPP1Q1PP/2K2B1R w - - 0 14	e2e8 c5f8 e8f8 g8f8 b2c3	1703	010t0y1019
oqQC3	3R4/pp2Bppk/7p/4pK2/4r3/1BP5/P3rR1P/8 b - - 0 36	g7g6 f5f6 e2f2	1703	0p0w13151o
pEbsV	r3k2r/ppqnbppp/4pn2/1Bp3B1/P7/3P1Q2/1PP2PPP/RN2K2R b KQkq - 0 11	c7e5 g5e3 e5b2 e1g1 b2a1	1703	0g0s1019
pNAhe	r2qk2r/pp1n1Npp/2p1pn2/5b2/2BP1b2/2N3P1/PPPQ1P1P/R3K2R w KQkq - 0 12	d2f4 e8f7 f4f5	1703	01191g1o
piNNc	r3k2r/1p1nqppp/p1bRp2n/7Q/4PP2/1BN5/PPP3PP/5RK1 w kq - 3 18	d6e6 e7e6 b3e6	1703	01191g1o
qT8e5	2r2rk1/p3ppbp/3p2p1/8/1q3BP1/PBn5/1PPQ1PP1/R4RK1 b - - 0 19	b4f4 d2f4 c3e2 g1h1 e2f4	1703	050g0s10191n
rSgMi	4r2k/p5bp/1q3pp1/4r3/8/1PN1PQ2/P5PP/1R2R1K1 b - - 2 23	e5e3 e1e3 e8e3 f3f2 e3c3 f2b6 a7b6	1703	01191w
sLvwm	r3kbnr/p1p1pppp/4b3/1N6/Qn1q4/8/PP2PPPP/R1B1KBNR b KQkq - 0 8	b4d3 e2d3 d4a4	1703	0g0j1c1o
uqITH	5r1k/P3Np1p/6p1/8/2PPQ3/2K1b3/1P2q3/R7 b - - 0 27	e3d2 c3b3 e2e4	1703	0g0j0p1o
uuuwW	r3k2r/p4ppp/4p1n1/2p1P1N1/8/P4Q2/1q3PPP/4N1K1 w kq - 0 23	f3f7 e8d8 g5e6 d8c8 f7c7	1703	0410131619
vOmMC	1r2r1k1/5pbp/6p1/2Rp4/p2N4/P3PPq1/1P4B1/1R2Q1K1 b - - 4 25	g3e1 b1e1 g7d4	1703	010y191o
vS8UV	8/p7/2p1P1k1/8/5p2/6p1/4R3/3r1BK1 b - - 1 61	f4f3 e2e3 g3g2	1703	000g0p1o
wUnLf	r2q1k2/1bp2p1Q/p2p1bp1/1p1Pr3/1P6/5N1P/P1B2PP1/R3R1K1 b - - 1 21	e5h5 h7h5 g6h5	1703	0g191o1t
wbhsF	3r3r/pp1k1p2/4p3/1P1qQ3/P3n1pp/8/5PPP/RNR3K1 w - - 2 23	c1c7 d7e8 e5h8	1703	0v1315191o
wc6fm	6k1/5pb1/7p/1P1B1bp1/2P5/3pP2P/2qQ1KP1/4B3 b - - 0 33	g7c3 d2c2 d3c2 e1c3 c2c1q	1703	00010p101h
xXRMk	r2q1rk1/1bp1n1bp/1p3ppB/p2p4/1n1P4/2N2N2/PPPQBPPP/R3R1K1 b - - 3 14	g7h6 d2h6 b4c2	1703	01191o
xY7mL	8/1p5k/p2p4/3P4/P1P5/1P1p1p2/8/4K3 w - - 0 42	c4c5 h7g7 c5c6	1703	0g0p1e1o
xazuK	3r2k1/p4p2/4p1pB/1p2P1Q1/8/8/PPr3PP/3q1R1K w - - 2 29	g5f6 d1f1 f6f1 c2d2 h6d2	1703	010p10
xdbKa	8/1p1q2k1/2p1b2p/3pPrp1/PP1B4/6PP/2Q3BK/8 w - - 1 35	c2f5 e6f5 e5e6 g7f8 e6d7	1703	000g0j0k0p0v1011121n
xi1JE	3R1bk1/pp3np1/7p/5Q2/5N2/6rP/P4qP1/7K w - - 5 36	d8f8 g8f8 f4e6 f8g8 f5f2	1703	01050j10191n
yhFpa	2rq2rk/6p1/4p1R1/4p2P/1p1P1Q2/8/PP3P2/1K6 w - - 0 30	g6h6 g7h6 f4h6	1703	0p13151n1o
zKHxZ	5r1k/4N1bp/3pp1p1/4n3/2qNP1P1/4BP2/PrP2K2/3Q3R w - - 0 27	h1h7 h8h7 d1h1 g7h6 h1h6	1703	050y101316191n
zepNa	2r2rk1/1b1qbppp/p3pn2/1p2p1B1/8/P1N2N1P/1PP2PP1/R2QR1K1 w - - 0 15	d1d7 f6d7 g5e7	1703	010b191o
0k1T8	rnbqkb1r/p3pppp/8/1N1n4/2p5/8/PP3PPP/R1BQKBNR w KQkq - 0 8	d1d5 d8d5 b5c7 e8d7 c7d5	1704	050g0s101c1n
0qE8q	8/p2q2kp/2p2pp1/1p2QbP1/1B6/3r3P/PP3P2/K3R3 w - - 0 34	e5f6 g7g8 f6f8	1704	0p13151o
2GBUp	r4rk1/pQ2ppbp/2n1b1p1/q1p5/8/2PP1NP1/P3PPBP/1RB2RK1 b - - 0 12	a8b8 b7c6 b8b1	1704	0111191o1p
2j7hY	r1bq1r2/ppp3bk/3p2p1/3P4/2P2p2/5Q2/P1B2PPP/1R2R1K1 w - - 0 20	f3h5 h7g8 c2g6	1704	010i191g1o
3MVAO	r7/4rk1p/p2p3b/1p2pP2/2p1N3/P2p3P/1P4R1/1K4R1 w - - 0 33	e4d6 f7f6 g2g6 h7g6 g1g6	1704	0p0r1013161n
4K2i6	1r1k4/1P1P3p/p1B3p1/8/2p2KP1/2r5/8/1R6 w - - 3 39	b1e1 d8c7 e1e8 c7c6 e8b8	1704	0g0p101l
4dNTx	2rqrk1b/3bpp2/3p1np1/pp2n3/4P3/1BN2P2/PPPQN1P1/2KR3R w - - 0 18	h1h8 f8g7 d2h6	1704	0t1315191o1u
5jKGt	r1b1r1k1/pp1q3n/2p5/3pb1pQ/8/1P2P2R/PBPN2PP/R5K1 w - - 0 18	h5g6 d7g7 g6e8	1704	0g0i0y191o
5mbDY	8/p2k3r/1p2p1R1/1p1bbp2/2B5/P7/8/1K1R4 w - - 0 40	c4d5 e6d5 d1d5 d7c7 d5e5	1704	010p0s10
61tM0	5k2/1p2npp1/1p3q1p/1P2p3/2B1Pn2/1NP2N1P/5P1P/3Q1RK1 b - - 0 19	f6g6 f3g5 g6g5 d1g4 f4h3	1704	0g0y10191g
6vVFk	2r2rk1/3R1pp1/4p2p/1P1p4/p4PPq/P2QP3/1P1N4/1KR5 b - - 0 29	c8c1 b1c1 h4e1 c1c2 f8c8 d3c3 c8c3 b2c3 e1e3	1704	050g191k1w
761ct	5k1q/2Q1p3/5N2/4p3/3n4/P5R1/1r3PP1/4R1K1 b - - 0 41	d4e2 e1e2 b2b1 c7c1 b1c1 e2e1 c1e1	1704	0s1317191n1w
8WuVS	6k1/p1R3pp/2N1rp2/8/8/3b4/r4PPP/4R1K1 w - - 0 27	c7c8 g8f7 c6d8 f7g6 d8e6	1704	0g0p0s10
98JpU	5k2/4r2R/6p1/8/4p1K1/5r2/8/4R3 w - - 1 41	h7e7 f8e7 e1e4 e7d6 g4f3	1704	050b0g0p0r101m
A0ene	r1bqkb1r/ppp1p1pp/2n5/1N1n4/3PpB2/8/PPP3PP/R2QKBNR w KQkq - 2 8	d1h5 g7g6 h5d5 d8d5 b5c7 e8f7 c7d5	1704	050b0g0i0s1c1n1w
A2MId	4r1k1/5pp1/p5qp/4B3/2P3b1/PPRr4/5QPP/4R2K b - - 2 29	e8e5 c3d3 e5e1 f2e1 g6d3	1704	0g1019
A2tvf	2kr4/ppp2ppp/2q5/2P3r1/2P5/1P6/P2R2PP/RN1Q3K b - - 0 17	c6g2 d2g2 d8d1 g2g1 d1g1	1704	0y10131619
BoVqS	4Q3/p6k/8/8/3b3q/8/PPP2RP1/6K1 b - - 2 31	h4f2 g1h2 f2h4	1704	0p13151o
CIDa7	4nqk1/p2Q4/1p2p3/4P3/2r2N2/5rP1/P6P/4R2K w - - 1 27	d7e6 f8f7 e6g4 e8g7 g4f3	1704	010r0s1019
CQn3N	8/1q3k2/2p1n3/4BppP/1P1Pp3/2R1P1P1/1Q4K1/4r3 b - - 0 43	b7b5 b2f2 e1e2	1704	0g0p1g1o
D5XGz	r5k1/pp3p1p/2p4Q/3prqP1/8/2P4R/6PP/6RK w - - 0 27	g5g6 f5g6 h3g3	1704	010p1g1o
D5mrZ	3k2r1/2q2p2/2pbp3/Q7/1R4P1/P6P/5P2/7K w - - 7 36	b4b8 d8d7 a5c7 d7c7 b8g8	1704	0g0p0r101g
DGQ3d	1r4k1/4ppbp/2q3p1/1pPb4/rQ6/4BP2/4B1PP/1R3RK1 w - - 4 25	b4a4 b5a4 b1b8 g7f8 e3h6	1704	010j10191g
ECbxF	r2qr2k/5pp1/p2p3p/1pp3bQ/8/1PP5/2PB1PPP/R3R1K1 w - - 2 24	e1e8 d8e8 d2g5	1704	010y191g1o
EFNJd	2k5/pRp2ppp/3r4/8/3PP1rn/P7/P2B1PPP/1R4K1 b - - 0 24	h4f3 g1h1 f3d2	1704	0g0p1g1o
Fhf71	5rk1/pp2Q1np/3R2pB/q3p3/2PpP3/3P3N/PP4PP/7K b - - 2 28	f8f1 h3g1 f1g1 h1g1 a5e1	1704	050y101316191n
HqQz9	r1q2rk1/1p3pbp/1B1QN1p1/4p3/p2nN3/8/PPP1BPPP/1K1R3R b - - 0 16	c8c2 b1a1 d4b3 a2b3 a4b3 b6a7 a8a7	1704	0g0j0k0s191w
IG25s	r2qk2r/1pp2bpp/p4pn1/3P4/1b6/2N2N1P/PP3PP1/R1BQ1RK1 w kq - 1 13	d1a4 d8d7 a4b4	1704	0g0s1c1o
Id3Wz	5k2/8/5P2/3KPNpp/6r1/8/8/8 w - - 0 50	e5e6 g4g1 e6e7 f8f7 f5d6 f7f6 e7e8q	1704	000g0i0p0r1h1w
IyKWN	5r1k/p5pp/3PP3/1bBQ4/8/4p3/P4qPP/6RK b - - 6 33	f2g1 h1g1 f8f1	1704	050p13151d1n1o
JJRuh	2k3r1/p1p5/1p2p3/4N3/1PP1b2q/2Q3P1/P7/5RK1 w - - 1 27	f1f8 g8f8 g3h4	1704	0g0p1o
JJUrB	1r3rk1/pB1Q3p/1b2pp2/6q1/8/8/PPP3PP/R4R1K b - - 4 19	f8f7 d7e6 b8b7	1704	01191o
K4oCf	8/8/5K1p/6p1/8/8/5kPP/8 w - - 1 50	g2g4 f2g2 f6g6	1704	0g0p1e1l1o
KMSFc	6k1/1rp5/2N3p1/3PQp1p/2P1bPpq/4P3/P4RPP/6K1 b - - 0 30	b7b1 f2f1 b1f1 g1f1 e4d3 f1g1 h4e1	1704	050p0y13171w
LpXQs	r5k1/pp1qQpp1/2p2nbp/8/3N4/2P3P1/PP3PBP/4R1K1 b - - 3 24	a8e8 e7e8 f6e8	1704	01191o
MYWO3	rn1qk2r/1ppnbpp1/p5bp/3p3P/3P2P1/P1N1PP2/1P1BN3/R2QKB1R b KQkq - 0 12	e7h4 e2g3 h4g3 e1e2 g6h7	1704	010h0r101c
Ml1qZ	2kr3r/1pp1n1p1/p7/8/6p1/2N2nP1/PPP1QP1b/R1B2R1K b - - 2 16	h2g1 c1h6 h8h6 h1g2 h6h2	1704	0j0k0q0r0u0y101316191d
Ofl9b	5r1k/3N4/4p1Q1/pp1n1p2/3q1p2/P3r3/6PP/R4RK1 w - - 2 31	g6h6 h8g8 h6f8	1704	010s191o
Q8q8Y	5rk1/pNq3pp/2p1p3/1p3p2/5Pn1/5QP1/PPP3BP/3R2K1 b - - 0 21	c7b6 g1h1 g4f2 f3f2 b6f2	1704	0g0s1019
QF5pn	r5k1/3PQp2/6p1/2n3Pp/7P/P7/KPq5/3RR3 b - - 0 39	a8a3 a2a3 c2a4	1704	050p13151g1n1o
QOJac	3r3k/ppp5/1b5P/4ppQ1/6p1/2K5/Pr4PN/7R b - - 0 34	b6d4 c3c4 b7b5 c4d3 e5e4	1704	0p0r101316
RrHNY	r4rk1/4ppbp/pnNq2p1/1p1n4/3P4/1QN5/PP3PPP/R1B1R1K1 w - - 0 15	c3d5 b6d5 b3d5 d6d5 c6e7 g8h8 e7d5	1704	01050b0i0s191n1w
Rz2UT	8/1p3kp1/p3p3/3pPPK1/2pP2Rr/2NbB2r/PP1Q4/2R5 b - - 0 29	h4h5 g5f4 h5f5	1704	1315191d1o
S6Bd3	8/p7/3p4/3B2p1/2P2b1p/1k3K2/8/8 w - - 0 47	c4c5 b3c3 c5c6	1704	01080j0k0p1o
TUJ2l	6R1/5p2/4bB1p/p3Pk1p/Pb6/4PP1P/r5P1/6K1 w - - 0 34	g2g4 h5g4 h3g4	1704	0p13151o
TsOFa	1R6/5kp1/3p1p2/nb1PpP2/2p1P1P1/rp6/P4K2/R2B4 b - - 1 40	a3a2 a1a2 b3a2	1704	000g0p1o
UVRIo	3R1r1k/6pp/8/1P6/5q2/3Qp3/6PP/6K1 b - - 2 37	f4f2 g1h1 f2e1 d3f1 e1f1	1704	0p101316
UyuGQ	4r1k1/pp3p1p/6p1/2n5/8/2P1B1P1/PP1RrPKP/3R4 b - - 8 22	e8e3 d2e2 e3e2	1704	010p1g1o
WL78m	3R4/p4kpp/8/2p2P2/4b2P/4q1Q1/4r1PK/8 w - - 0 39	g3c7 f7f6 d8f8	1704	0p13151o
WZuMh	8/b7/2pp2pk/6q1/1PP1QR1p/6P1/r6P/5R1K b - - 2 33	a2h2 h1h2 g5g3 h2h1 g3h3	1704	050p1013161n
XEW0v	1r2kbnr/5ppp/bBp1p3/3pP3/N7/5N2/PPP2PPP/R3K2R b KQk - 2 12	a6b5 a4c5 b8b6	1704	01191o
YeItJ	r7/1b1Q1ppk/5n1p/3Pp3/pq2P3/4B3/P4PPP/1R2R1K1 b - - 2 27	b4e1 b1e1 f6d7	1704	01191o
YyDyY	1k1r1b1r/pppb1pp1/7n/3pPPq1/P2P3p/2PB3P/1P1N2PB/R2Q1RK1 b - - 4 19	g5e3 f1f2 e3d3 f2f3 d3a6	1704	010s101c
Z05TK	r4k2/p3R3/2p1R1pp/1p3pN1/6n1/8/PPPr2PP/7K w - - 14 32	e7f7 f8g8 e6g6 g8h8 f7h7	1704	0p0r101316
Z0fGM	3r4/2p1q1kp/1pQ3p1/p1n1P3/5P2/4P3/PPP3PP/1K1R4 w - - 1 23	c6f6 e7f6 e5f6 g7f6 d1d8	1704	0g0p10
aJpjn	8/1p6/p1pp2Pp/8/5kP1/1P1P3K/1PP2p2/8 w - - 0 33	h3g2 f4e3 g2f1	1704	0g0p1e1o
bx7ld	1r2r1k1/7p/4pn2/3q2p1/p4N1Q/7P/6P1/2R2R1K w - - 0 33	f4d5 g5h4 d5f6	1704	0g191o
cMccn	r3qk1r/pp2p1bp/3p4/2nB1p1Q/8/2P4P/PP4P1/RNB3K1 w - - 2 21	h5f5 g7f6 c1h6	1704	0a1315191o
chmll	4r1k1/5pp1/p3r2p/4P3/1R1P1Q2/2P2KR1/2q3PP/8 b - - 4 30	c2c3 f3f2 c3b4	1704	0g0p0s1o
d4akD	4r2k/1qpb1RpB/7p/2KP4/1r2NNP1/pp1QP2P/8/4b3 w - - 6 33	f4g6 h8h7 e4f6	1704	0y1315191g1n1o
dRvv2	r3k2r/pp2ppbp/6p1/8/3P1B2/2K2Q1P/1R3PP1/1q3B1R b kq - 0 25	g7d4 c3d4 b1b2	1704	050g0i191o
dZU6v	1r6/3k4/r4p2/pp2P1p1/7p/4PP1P/4K1PB/1R6 w - - 1 35	e5e6 d7e6 h2b8	1704	010j0p111o
i6AxI	8/p3p1k1/1p1P1p2/2n1PRp1/7r/5RQ1/P5PP/q1r2B1K b - - 0 33	c5e4 g3h4 g5h4	1704	0g1112191o1t
ixPO4	8/3pk3/7P/6K1/8/4r1p1/3R4/8 w - - 3 52	h6h7 g3g2 d2g2 e3h3 g5g6	1704	000g0h0p101m
jdmPK	1rb2r1k/p2p2pp/2n5/q1pNP3/2Q5/8/PPP2NPP/4RRK1 b - - 1 18	c8a6 c4e4 a6f1	1704	01191o1p
ji8vu	8/3Q3p/4bP2/5k1q/8/2Bp3P/2r3PK/8 w - - 3 46	d7d3 f5g5 d3c2	1704	0g0p0s1o
k2TcO	2R5/p5pk/1p1r3p/5p1P/3ppP1Q/8/qP4P1/6K1 w - - 0 34	h4e7 a2e6 e7f8 e6c8 f8c8	1704	010p10
kKcbX	1Q6/6pk/4p2p/3bPr2/6K1/6P1/8/8 b - - 7 35	d5f3 g4h4 f5h5	1704	0p13151d1o
kLxED	2kr4/p2r1p2/Pp4p1/1Pb2p2/8/1B3Q1P/2Pq1PP1/4R1K1 w - - 4 30	f3a8 c8c7 a8b7 c7d6 b7c6	1704	0r101316191k
lQrr9	1R6/4rppk/p1p4p/3pb3/5NQ1/4qN1P/6PK/8 w - - 6 32	f3g5 h6g5 g4h5	1704	1315191n1o
p1YSi	r4rk1/ppq1bpp1/2n4p/1BNp1b2/1P1Pn3/P4N2/5PPP/R1BQR1K1 b - - 6 15	e4c3 d1d2 c3b5	1704	010s191o
poXQG	r1b1k1nr/p3B1p1/np2Ppqp/3p1N2/P3P3/2P5/2P2PPP/3RKB1R w Kkq - 0 17	f1b5 c8d7 b5d7	1704	1315191o
tIY9M	r3k1nr/ppp2ppp/3pbq2/b7/2B1P3/2PQ4/P4PPP/RNB2RK1 w kq - 2 11	c4e6 f6e6 d3b5 e6d7 b5a5	1704	0d0g0s101c
tOeDC	3r4/2p2p1p/1p3Pk1/4p1p1/p5N1/P1P2R2/1PK5/3r4 w - - 0 41	g4e5 g6h6 f3h3	1704	0p13151o
tRuNS	1r4k1/6p1/7p/pNPRPp1q/P4P2/3Qn1B1/7P/6K1 b - - 1 40	h5f3 d3e3 f3e3	1704	0g191o
tex0k	3k1q1r/pp1r4/4Q3/3pPp1p/3p4/1P1P2P1/P1R2P1P/4R1K1 b - - 4 31	h8h6 e6h6 f8h6	1704	010p1o1t
tqZm6	r3kb1r/pppq1ppp/2n5/3pN2b/2PPn3/3BB2P/PP3PP1/RN1Q1RK1 b kq - 2 11	c6e5 d1h5 e5d3	1704	011c1o
uE8vP	2k5/1p4R1/p1n5/8/2p5/2P4P/PPK3Q1/3r1q2 w - - 4 43	g2g4 c8b8 g4d1	1704	010p1o
uh0tM	3r2k1/1p2Rpp1/p4n1p/2P5/1P1p1B2/5P2/P5PP/6K1 b - - 1 24	f6d5 e7b7 d5f4	1704	010p0s1o
uzAhg	5r2/p1R2nk1/6q1/4ppP1/8/3Q2K1/PP2N3/6R1 b - - 0 40	f5f4 g3f2 g6d3	1704	0g0j191o
uzuUI	1r4k1/2R2pp1/1p6/p5r1/3Pp1bp/P3q3/6PQ/4B1RK w - - 0 37	c7c3 e3d4 h2b8	1704	010j1112191o1r
vUgTG	4r1k1/pp1qn1p1/2pQb2p/P7/2P2P1P/6B1/6P1/3R1BK1 b - - 0 28	d7d6 d1d6 e7f5 d6d3 e6c4	1704	010s0v1019
vrfwG	r2qk1nr/p3bpp1/2p1p1bp/nN2P3/Q1BP4/5N2/PP1B1PPP/R4RK1 b kq - 0 13	a5c4 a4c4 c6b5 c4c6 e8f8	1704	011019
wQQNU	7N/ppk4Q/2p4P/3p4/2nP4/2q5/P1P5/3K1R2 b - - 0 27	c7b6 h7d3 c4b2 d1e2 b2d3	1704	010h0p0s10
18ckH	2kr4/2p2p2/pb3prp/1p1N4/8/1P3K2/1P3P1P/3R3R w - - 5 23	d5e7 c8b7 d1d8	1705	0g0i0j0p0s1o
23X4X	7k/p6p/3KQ1pb/1q6/3R4/1P4P1/P4P2/8 b - - 8 43	h6f8 d6c7 b5c5 c7b8 c5d4	1705	010p0s10
2B9DE	4r1k1/pr6/2p1bBpR/4P3/N2p4/1P6/PK6/8 w - - 0 33	h6h8 g8f7 h8h7 f7f8 h7b7	1705	0g0p0r101p
2Zqf2	3q1rk1/p1p2ppp/3b4/1N1Q4/4p3/4B3/Pr2NPPP/R3K2R b KQ - 0 15	d6b4 b5c3 d8d5	1705	0g0j191g1o
2iutj	1Q6/p5bk/6R1/8/2P4P/P3q3/8/5KR1 b - - 9 39	e3f3 f1e1 g7c3	1705	070p13151o
3UXdm	5r2/ppp2r1k/3p3p/4p1B1/1P2Pnq1/2PPQN2/P2N1K1R/8 b - - 12 30	f4h3 h2h3 g4h3	1705	0g191o
40YDq	8/2Nb1r2/1p1p3p/1P4k1/2P5/R3P1nP/6P1/3B2K1 b - - 0 38	f7f1 g1h2 g5h4 e3e4 f1h1	1705	0p0s101316
4BqP2	r5nQ/1bpp1k1p/p5q1/1p6/8/1PP1BP2/2P3PP/R3K2R b KQ - 0 17	g8f6 h8a8 b7a8	1705	01191l1o1t
5CffN	2b3k1/1pp1n2p/3p1qp1/3Pp3/1PP1P1n1/Q3N1PP/1B2N1B1/6K1 b - - 0 21	f6f2 g1h1 g4e3 a3e3 f2e3	1705	0g0s0w1019
5EsyS	4r1k1/p4pp1/7p/1qpN4/5p2/2Q1bP2/PPP3PP/3R3K w - - 0 27	d5c7 b5e2 d1e1	1705	010p0s1o
5MMcx	1r2qrk1/1p1bppbp/p1np1npB/8/2PNP3/2N4P/PP1QBPP1/R2R2K1 b - - 5 13	c6d4 h6g7 d4e2 c3e2 g8g7	1705	0g1019
5NIKG	8/1R6/5rk1/3Q4/3P1q2/6PP/P6K/8 b - - 0 37	f4d2 d5g2 f6f2	1705	0d0g0p1g1o
5xT9j	8/5rk1/p1n1q2p/5Rp1/2pP4/2P4Q/P5P1/6K1 w - - 1 35	f5g5 g7f6 g5g6 f6g6 h3e6	1705	050g0i0p10
7h6e1	5R2/1P2k3/3p4/2pP4/2P4P/3P2r1/5r2/6bK w - - 9 50	f8f2 g1f2 b7b8q	1705	00010p1h1o
7w3US	7k/p3q1p1/3p3p/1Qb3N1/3p3P/P3r3/6P1/5R1K w - - 0 37	b5b8 e7e8 f1f8 e8f8 b8f8	1705	0p0s1013161y
8icQq	8/2Q5/p3k2p/1p1b4/6p1/7B/P4K1P/3q4 w - - 0 68	h3g4 d1g4 c7c8 e6f6 c8g4	1705	0g0p0r10111n1p
8yuL1	r3r1k1/1p3pp1/p2p1n1p/3P2q1/2P2R2/3B1R2/PPQ3PP/6K1 w - - 3 24	f4f6 g7f6 f3g3	1705	01191g1n1o
9C4oO	3r2k1/1p3ppp/p4qn1/3p1NQ1/7P/8/PPP1r1P1/R4R1K w - - 1 23	f5h6 g7h6 g5f6	1705	0g0i0y191o
AoTAt	r4r1k/2q4p/p5Q1/2pP1p2/2B1p3/2P5/1P3PPR/4R1K1 b - - 0 28	c7h2 g1h2 h7g6	1705	01191o
B3tHx	7r/5ppp/pk2p3/1pq1PnPP/2p1P3/P4P2/1P4B1/1Q1R1K1R b - - 2 31	f5g3 f1e1 c5e3	1705	0s1315191o
Bj7im	6k1/1p2qpPp/p5P1/3p3P/3rrB2/1P6/P1P3R1/1Kb2R2 w - - 0 30	g6h7 g8h7 g7g8q	1705	00050y1315191h1o
D8b1P	1r5k/2p3q1/p1Pp3r/PP1Rnp2/4pNpp/2Q1P1P1/5PBP/1R4K1 b - - 0 38	e5f3 g2f3 g7c3	1705	010j191o
DFlzr	r2q1rk1/pp1nb1pn/2p1p2p/3p1p2/3PPB2/P1NP1N1P/1P3PP1/R2QR1K1 b - - 0 14	f5e4 d3e4 f8f4	1705	010j1c1o
DgHqu	4k3/3Rn1r1/p3Q2p/qp6/8/2P1P3/5PPP/r2R2K1 w - - 5 30	d7e7 g7e7 e6g8	1705	1315191n1o
DwNf3	8/6p1/1p1p2k1/pPpP4/P1P3K1/8/1b6/4B3 w - - 1 65	e1a5 b6a5 b5b6	1705	080g0p1n1o
En8P0	8/5k2/5p1p/r7/4K3/2pP1P2/p3N3/R7 b - - 1 45	a5e5 e4d4 e5e2	1705	0g0p1o1p
H6D0H	2rq1rk1/p4pB1/1p2pb2/3b3Q/8/3B4/PP2nPPP/RN3R1K b - - 2 17	d5g2 h1g2 e2f4 g2g1 f4h5	1705	050g0s10191n
K2MpZ	r1b2rk1/p2nqppp/1p1bpn2/2ppN3/3P1B1P/2P1PN2/PP3PP1/R2QKB1R w KQ - 0 10	e5c6 e7e8 f4d6	1705	0g0j191o
KLF1X	2r5/1bp2kp1/p3N2p/2P2p2/2pRp3/P3P3/1P3PPP/6K1 w - - 2 25	e6d8 c8d8 d4d8	1705	0g0p0s1o
LIsbn	3q2k1/p1p3b1/1p2br1p/4N1p1/2P1B3/1Q4P1/PP3PP1/5RK1 b - - 0 22	d8d4 b3c3 d4e4	1705	010s191o
LlqGD	r3kbnr/pbpq3p/1pnp1p2/4p1N1/2BPP3/2P2Q2/PP3PPP/R1B1K2R w KQkq - 0 11	f3h5 e8d8 g5f7	1705	011c1o
OFxh7	4rrk1/p1p2ppp/2pp2q1/8/4PR2/2N3P1/PPPn1PKQ/7R w - - 9 21	f4g4 h7h5 g4g6	1705	0g191o
OuHaG	r7/1R6/p3p1p1/1p4kp/n5N1/5PP1/4r2P/5R1K w - - 0 36	h2h4 g5f5 b7f7	1705	0p13151o
PPu3Y	rnb1kb2/pp3pp1/4p3/3p4/6nq/2NP1B2/PP2PP2/R1BQK1N1 w Qq - 0 11	d1a4 b7b5 a4g4 h4g4 f3g4	1705	01101c
PU9qs	r4r1k/pp1nqppB/2pb4/6N1/2b4Q/4P3/PP2KPPP/R6R w - - 3 19	h7d3 h8g8 h4h7	1705	0j0k1315191o
QEDV6	2r1r1k1/1p3ppp/p7/3p1P2/1B1Pn2n/P3P2q/1P2Q1RP/6RK w - - 1 30	g2g7 g8h8 g7h7 h8h7 e2h5	1705	050y101316191n
QsOCF	3k3r/1p6/1p2p2b/3p2N1/3q4/8/1P1Q1P2/rBK1R1R1 b - - 10 30	a1b1 c1b1 d4d2	1705	010i191o
RDPOM	4r1k1/pp3pp1/2p4p/5r1q/4b3/P1P1Q1P1/1PBR1P1P/5RK1 b - - 11 27	h5h2 g1h2 f5h5 h2g1 h5h1	1705	050y101316191d1n
RSxUB	8/8/p5k1/1p1q4/8/P3Q1PK/8/8 b - - 10 53	d5h1 h3g4 h1h5 g4f4 h5f5	1705	0p1013161i1s
SNXi7	r6r/p2k1q1p/4b1p1/N2pp3/1b3p2/P2Q4/5PPP/2R2RK1 w - - 0 27	d3b5 d7e7 c1c7 e7f6 c7f7	1705	0g0r0s10191p
TEvGc	8/5Qnk/4p1pp/3pP2P/p4PP1/6q1/5r2/5R1K w - - 0 37	h5g6 h7h8 f7f8	1705	0p13151o
TTZHv	3rkb1r/1Q3ppp/N3pn2/4n3/8/2P5/PPq1BPPP/R1B1K2R b KQk - 0 15	d8d1 e2d1 e5d3 e1f1 c2d1	1705	0i1013161c1n
TjNpD	2k5/ppp5/3p2r1/8/2B1PRr1/2PP4/PP3K2/8 w - - 0 26	f4g4 g6g4 c4e6 c8d8 e6g4	1705	050g0p0s10
UbNiQ	8/8/1Pr3p1/3R4/2r4p/P1Pk3P/1KR1p1P1/8 b - - 1 51	d3e4 c2e2 e4d5 b6b7 c6b6	1705	010h0p101m
Wc5zc	2k3r1/p4p2/2q1pP1r/2pb4/1pp1N2P/3nRPP1/PP1Q2B1/3R2K1 w - - 1 24	e3d3 c4d3 d2h6	1705	010j191o
WmC5u	5rk1/1b4pp/2q1p3/4Q3/3P1P2/4n3/PP2R1PP/RN4K1 b - - 0 24	c6c1 g1f2 e3g4 f2g3 g4e5	1705	0g0s1019
XC3Y1	4r1k1/pp2q2p/2r3p1/4b1P1/3p1P2/PN1Q3B/1P6/2R1K2R b K - 1 26	e5f4 e1d1 f4c1	1705	0g0j0k191o
Xo9Eg	rn1q2rk/pp1b2p1/1bp4p/3p2N1/4N3/3B4/PPP2PPP/R4RK1 w - - 0 20	g5f7 h8h7 e4g5	1705	0k0m0s1315191o
YCwOU	r6k/1ppQ2p1/3p2qp/P3p3/2B1P3/2PPnr2/R4RPP/6K1 b - - 1 25	g6g2 f2g2 f3f1	1705	0y1315191n1o
ZG8w5	8/7p/8/3k4/1P2pP2/3p2PP/3K4/8 b - f3 0 50	d5d4 f4f5 e4e3	1705	0g0p1e1o
aBZLV	8/4pQ2/4PNpk/1p6/6RK/7P/2q5/8 b - - 0 47	c2f2 g4g3 g6g5 h4g4 f2f4	1705	0p0q101316
alAnK	4rk2/pb3p2/7R/8/3n3P/1P1r4/PB3P1K/6R1 w - - 2 30	b2a3 e8e7 h6h8	1705	1315191g1o
bU4hZ	r3kb1r/pBp2ppp/8/4p3/3q4/3P4/PPP2PPP/R2QK2R b KQkq - 0 11	d4b4 c2c3 b4b7	1705	010s191o
cUlHa	4k1r1/pp1rbp2/1q2b2B/1Np3n1/P1B5/1P3PQ1/2P3PP/R3R1K1 b - - 0 20	g5h3 g2h3 g8g3	1705	0g0j0y191o
ciqhW	r2q3r/1b1kpN1p/p2p1np1/1pp1n3/4P3/2PP1Q2/PBP2PPP/R3R1K1 w - - 8 15	f3h3 d7c7 f7d8	1705	0g191o
d2a6h	6k1/5p2/4p3/4Bn2/R4p1r/P7/1P4KP/8 b - - 1 44	f4f3 g2f3 h4a4	1705	010j0p1o
dEd54	r5k1/p2n3p/5qp1/6r1/4p3/1P2P2P/P2Q1PNP/R4RK1 b - - 3 24	f6f3 d2d5 g5d5	1705	0g191o
dJ0lY	3r2k1/p5pp/1pp2p1P/8/5q2/7Q/PB3PP1/6K1 w - - 7 30	h3e6 g8h8 h6g7 h8g7 e6e7 g7g6 e7d8	1705	0001050p0s1w
dZrBM	8/p7/8/PPpPk3/5p2/4pKp1/8/8 w - - 1 62	b5b6 a7b6 a5a6 e3e2 f3e2 g3g2 e2f2	1705	0g0p1e1w
dgRYq	8/8/8/p4k2/1b1R1p2/1P3P2/r4B2/5K2 b - - 1 52	a2f2 f1f2 b4c5 f2e2 c5d4	1705	0g0p101g1n
dncWk	4k3/p3q3/8/2P5/PP4p1/1K6/5Q2/8 b - - 1 50	e7f7 f2f7 e8f7	1705	0g0p1i1o
e6ZzD	r5k1/p1b1r1p1/1pp1bp1p/8/2NPpP2/P3P2P/1P1N1RP1/2R3K1 b - - 3 26	b6b5 c4e5 f6e5	1705	01191o1t
eAlGF	r2q1rk1/ppp1bppp/5n2/4p3/1PBBP1b1/P4N2/2PP2PP/RN1Q1RK1 b - - 0 10	g4f3 d1f3 d8d4	1705	0b0g0w0y1c1o
fdA3J	6k1/6p1/1p3p1p/1Pb2P2/2Pp1q2/5Q1P/4KBP1/8 b - - 1 40	d4d3 e2d3 f4f3 g2f3 c5f2	1705	050g0i0p0r10
feMyI	2r3k1/1p4pb/3qpp1p/p2n4/3Q4/PP4P1/1B3PBP/4R1K1 w - - 0 23	e1e6 d6e6 g2d5	1705	0g191g1o
gIpql	r3k3/pp3rp1/2pp1q2/4p3/3n2Q1/2N4P/PPPP2P1/R1B3KR b q - 0 17	f6f2 g1h2 d4f3 g4f3 f7f3	1705	0g0y10191g
gKsKZ	8/5k2/8/7N/P2pp1P1/1P5P/2rBK3/8 b - - 0 40	e4e3 h5g3 c2d2	1705	0g0p1o
heGqJ	8/1p6/1b1k4/2n5/4p1P1/2N1B3/2K4P/8 w - - 5 49	e3c5 b6c5 c3e4 d6c6 e4c5	1705	0g0p0r10
iLvOv	3r1rk1/p3bppp/2q5/2B5/2Q5/1P6/5PPP/R1R3K1 b - - 0 22	e7c5 c4c5 d8d1 c1d1 c6c5	1705	010i1019
jCUGx	3r2k1/2p2ppp/p7/2n1Nb2/4p3/N1P1P2P/5PP1/1R4K1 w - - 2 25	e5c6 d8e8 c6e7 g8f8 e7f5	1705	010p10
jWXeh	8/p5q1/2k1p2p/QRp2pp1/2P1p3/P7/2P3PP/6K1 b - - 2 32	g7d4 g1f1 d4c4 f1e1 c4b5	1705	0g0p10
jWyi8	r3r1k1/1pp1qppp/5bb1/pN1P4/P7/8/3QBPPP/2R2RK1 w - - 2 25	b5c7 e7e2 d2e2 e8e2 c7a8	1705	010s1019
jxSpu	3r1k2/5qpQ/7p/4P3/8/p6P/r5PK/5R2 w - - 3 38	h7h8 f8e7 f1f7	1705	0g0p1g1o
k7LBS	1rb2r2/4Bpkn/p1pp4/2b1p3/3nP3/P2P3P/q1PQBP1N/1NK4R w - - 0 21	h1g1 c8g4 g1g4 g7h8 e7f6 h7f6 d2h6 f6h7 h6g7	1705	1318191w
nH0pm	rnbq2k1/ppp3b1/4prQ1/6N1/2PP4/4P3/PP3PP1/R3K2R w KQ - 3 16	h1h8 g8h8 g6h7	1705	050y1315191g1n1o
nLisa	6rk/pp1Q3p/2q4b/4p3/8/2PRp2P/PP3rP1/1B2R2K w - - 8 30	d7h7 h8h7 d3d7 h7h8 d7h7	1705	050k0m0y101316191d1n
nRRl6	r1bq2k1/pp4b1/2npprQ1/6N1/5P2/3B4/P1P3P1/1R2K2R w K - 6 20	h1h8 g8h8 g6h7	1705	050y1315191g1n1o
nVbGu	2kr4/2q2p2/1p1b4/3Rp3/p3b1Q1/2P1PNPp/PP5P/4R1K1 b - - 2 32	f7f5 g4h3 e4d5	1705	0g0h191o
ngNSc	3r1b1r/p1p1pkp1/1pQ3p1/2n4P/3q1B2/8/PP6/RN2K2R w KQ - 0 20	h5g6 f7g8 h1h8 g8h8 c6h1 h8g8 h1h7	1705	050j1317191w
nsmtE	rn1q1rk1/pb2nppp/1p2p3/2p1P3/3P4/P1PB1N2/5PPP/R1BQK2R w KQ - 0 11	d3h7 g8h7 f3g5 h7g8 d1h5 b7e4 g5e4	1705	01050d0y1c1n1w
p7n8W	r1b2rk1/pp3ppp/8/3pq3/7R/2NQ4/PP3PPP/2K3NR b - - 1 18	e5g5 d3d2 g5h4	1705	010s191o
plJuI	5r2/p5k1/2p5/7P/8/4K3/2P5/5R2 w - - 2 35	h5h6 g7g8 h6h7 g8g7 f1f8	1705	000g0p0r10111m
prpw7	r5k1/2R5/1R6/1p6/1P3P2/1r6/6PP/6K1 b - - 2 38	a8a1 g1f2 a1a2 f2e1 b3b1 c7c1 b1c1	1705	0p13171m1w
qVIkU	2k4r/pp6/4pP2/2PpP3/3P1q2/P1P1R1pr/6Q1/4RNK1 b - - 1 31	h3h1 g2h1 f4f2	1705	0y1315191n1o
qpCEj	r5k1/ppq4p/2n2rp1/2ppp2b/5P2/2PBP3/PPQN2P1/2K3RR w - - 0 19	g2g4 h5g4 g1g4	1705	01191o1t
qxyp6	kr6/prp2p1p/5p2/3Qb3/1R6/1P3P2/P1P3Pq/1K1R4 w - - 4 25	d5b7 b8b7 d1d8 b7b8 b4b8	1705	0d101316191k1n
r23uq	r7/1r1pkppp/p3pb2/q1p5/2P1P3/2NP4/1P1QnPPP/1R2K2R w K - 0 23	c3d5 e6d5 d2a5	1705	010j191o
rTuy0	6k1/5pp1/R6p/1p1pr2n/2p5/PP4P1/B1P2P1P/6K1 b - - 0 28	e5e1 g1g2 e1a1	1705	010p1o
rg0P9	k6r/1pr2bQ1/1p4n1/q7/3P3P/2N4B/PP2N3/1K1R3R b - - 2 31	f7a2 b1c2 c7g7	1705	010j191o
vQmHf	r2qk2r/ppp1bppp/8/3pR3/3n1P2/1B1P3b/PPP2P2/RNBQ2K1 w kq - 1 12	e5d5 d8c8 d5d4	1705	011c1o
vo2OG	8/1p4Qp/p7/3k1p2/4n3/2P5/Pq3NKP/8 w - - 4 49	c3c4 d5c4 g7b2	1705	0g0j0p111o
w6Tc6	7k/4n1p1/p1P2q1p/4p1r1/1P1pBn2/P4P2/5QPP/2R1R1K1 b - - 0 37	f4h3 g1f1 h3f2	1705	010y191g1o
wJpMx	6r1/2pk4/1p1p4/2r2p2/2Pq3P/PP4P1/4QP2/4RRK1 b - - 2 30	g8g3 g1h1 d4h4	1705	0p13151g1o
wzzQz	4r3/3R3p/1p2p3/2k2pp1/2r5/2P5/P4PPP/4R1K1 w - - 0 25	d7c7 c5d6 c7c4	1705	0g0i0p1m1o1p
xcaXg	5rk1/p4ppp/1p1b1q2/3P4/1PQBp3/2n5/P4PPP/R4RK1 b - - 1 21	f6d4 c4d4 c3e2 g1h1 e2d4	1705	01050s10191n
xtbXU	3r4/p4Qpk/4KPNp/7B/P3P3/3p4/6PP/q7 b - - 10 36	a1a2 e6e7 d8d7 e7d7 a2f7	1705	050g0i0p10
y86SG	3r2k1/p1P2pp1/8/1p6/1Pb1Q2p/r3P2P/1q1B1PP1/3RK2R b K - 0 25	b2d2 d1d2 a3a1 e4b1 a1b1 d2d1 b1d1	1705	1317191f1n1w
yBN7O	3R4/1pn5/2k1p1p1/R7/KP4rp/8/P7/8 w - - 1 44	a5c5 c6b6 d8d6 b6a7 c5c7	1705	0g0i0p0r10
z6C66	rnbqkb1r/p4ppp/8/1Npn4/2p5/5P2/PP4PP/R1BQKBNR w KQkq - 0 9	d1d5 d8d5 b5c7 e8d7 c7d5	1705	050g0s101c1n
zm8X3	2r5/8/pq6/2k4r/4B3/3P2Pp/1Q5P/7K w - - 2 43	d3d4 c5c4 b2b6	1705	0g0i0p111o
0ISvp	5r1k/6p1/1p1Q3p/b4q2/Pp1B4/3p2P1/6P1/2R3K1 w - - 2 37	d6h6 f5h7 d4g7	1706	0g0p1g1o
0PrYN	5r2/4kp2/R6p/1pbp4/5pQ1/3Pq2P/1B4P1/7K w - - 2 35	b2f6 e7e8 a6a8	1706	0p13151f1o
0Zmzr	4r1k1/3q1ppp/8/p3P1b1/PpPpB3/1P5r/4Q1K1/4RR2 w - - 0 30	e4f5 d7c6 g2h3	1706	010s0v191o
1I0eY	2B4k/Kpb3pp/5p2/5Q2/1qP1P3/8/5PPP/8 b - - 5 40	b4b6 a7a8 b6a6	1706	0p13151o
1uirU	r3k2r/ppp2p1p/3p4/5Ppn/3n4/3Pq1P1/PPP1N1QP/R2K1B1R b kq - 0 18	d4f3 g2f3 e3f3	1706	0g191o
1xb9W	2rk4/5p2/4pnp1/1B2P1q1/pQ6/8/PPP1K3/8 w - - 1 36	b4d6 f6d7 d6d7	1706	0p13151o
3Y6gD	3R1rk1/p3nppp/2pQp3/3p4/8/8/P1PNK1PP/7q w - - 0 25	d8f8 g8f8 d6d8	1706	050p13151o
5dFMh	1r6/4R1R1/8/8/2K1Pp1k/4bP2/3r3P/8 w - - 4 46	g7g4 h4h5 e7h7	1706	0p13151o
6HVLM	1k2r3/ppp2ppp/8/8/6Q1/P7/1P3KPP/2qB3R b - - 4 21	c1e3 f2f1 e3e1	1706	0p13151o
71zuw	8/p3Qbk1/1p1p1p2/6p1/4P3/P3qP2/1PP1B2r/3KR3 w - - 0 33	e7f7 g7f7 e2c4 f7e7 e1e3	1706	050g0j0p10111n
7Jb5q	r2q1rk1/1pp1ppbp/5np1/p2p1b2/1nPP4/PQN1PN1P/1P2BPPB/R4RK1 b - - 0 12	f5c2 b3c2 b4c2	1706	01191o1t
8VXV6	r3r1k1/1p4pp/p7/2p1qP2/3pP3/5Q2/PPP4P/4R1RK w - - 0 25	f5f6 g7g6 f6f7	1706	000g0p1o
8zZn3	r7/8/1R3r2/p1pPN1k1/P1P1pnB1/8/7P/6K1 w - - 4 43	h2h4 g5h4 b6f6	1706	010i0p111o
9SbR9	4rqk1/1pp2pp1/p1np1b1p/3Q1P2/4RP1P/1BP3B1/PP6/6K1 w - - 1 24	d5f7 f8f7 e4e8 g8h7 b3f7	1706	0g0y10191g1n
9ZqoL	5r2/1ppbkp2/3p4/K2P4/3NP3/6r1/PP3R2/5R2 b - - 0 29	f8a8 a5b4 a8a4	1706	0p13151d1o
A2fBi	8/pp4Np/5p2/1P4k1/P1r2N2/6K1/7P/8 w - - 6 41	h2h4 g5h6 g7f5	1706	0p13151o
A7cg8	2rq1rk1/1b2bppp/p4n2/np2N3/2P1P3/P7/B2NQPPP/R1B2RK1 b - - 0 17	d8d4 a1b1 d4e5	1706	010s1c1o
A8SSC	4K1Q1/8/3k4/5q2/8/8/8/8 b - - 0 66	f5d7 e8f8 d7e7	1706	0p13151i1o
BJlHL	8/pp3Q2/2p1P1pp/3pk3/3q4/8/KP6/8 w - - 4 46	f7g7 e5e4 g7d4	1706	0g0p1i1o
Bm78J	8/8/1R1p2k1/3Pb1p1/P7/7P/2q2QK1/8 b - - 4 49	c2f2 g2f2 e5d4 f2g3 d4b6	1706	050g0p0s10
C1fzl	r1b1k1nr/pp3ppp/1qn1p3/b1PpP3/5B2/P1N2N2/1PP2PPP/R2QKB1R b KQkq - 0 8	b6b2 f4d2 a5c3	1706	0g1c1g1o
DZULQ	r4rkb/1bq1pN1p/3pP1pP/p1pn1N1B/Pp6/2P2Q2/1P3PP1/R3R1K1 b - - 0 29	d5f6 f3d1 f6h5	1706	01191o
ESbuI	4k3/p1p2R1p/2P1P1p1/3P4/4p3/8/P1p1K1PP/1rR5 b - - 8 38	b1c1 e2d2 e4e3 d2c1 e3e2 c1c2 e2e1q	1706	000g0p0r0t1h1m1w
FZmn5	r1b1k2r/1ppp1ppp/8/pN1PP3/2Pp3q/P5P1/1P1B4/R2QKB1R b KQkq - 0 14	h4g3 e1e2 d4d3	1706	1315191o
FdK1C	4q1k1/1p4p1/4N2p/p2QPp2/4n3/P1r1b3/B5PP/R4R1K b - - 1 28	e4g3 h2g3 e8h5	1706	0y1315191n1o
GBSyV	r1b1r1k1/5p1p/p1p5/8/4R3/2PB4/P5PP/R3K3 b Q - 0 20	c8f5 e4e8 a8e8 e1d2 e8d8	1706	010p0r101g
HoXXv	3r2k1/QP1q2pp/4p3/1p1p4/3PpP2/4P3/6PP/6K1 w - - 0 30	b7b8q d7a7 b8a7	1706	00010p111h1o
IFIFM	1R6/2p3p1/p4p1p/2k1q3/4Q3/7P/r4PP1/5K2 w - - 0 30	e4b4 c5c6 b4c4 c6d6 c4a2	1706	0g0p0s10
IJXM5	6N1/1Q5p/6k1/2p2pp1/7P/4b1PK/3q4/8 w - - 2 42	h4h5 g6h5 b7h7	1706	050i0p13151o
Ieav3	5k2/P1N5/4p1pP/3pK3/8/8/8/2q5 w - - 0 56	a7a8q f8e7 a8e8	1706	000p13151h1o
JXZWH	r2qr1k1/pp2bppp/2np2b1/2p5/2P1n2N/P1N1B2P/1P3PP1/RB1Q1RK1 w - - 0 16	h4g6 e4c3 g6e7 d8e7 b2c3	1706	010y101c
KL7DC	2r1r1k1/3qbpp1/1B2p2p/Q3P3/Pp3P2/1Bn2N2/6PP/R4RK1 b - - 0 24	c8a8 a5a8 e8a8	1706	01191o1t
LoX7A	r1bkr3/4nR2/p2p1Q1K/1p1Pp1N1/4P3/8/2P3q1/8 w - - 0 38	f6d6 c8d7 g5e6 d8c8 d6c7	1706	0r10131619
M3kne	1Q6/3k1p2/2p1p2p/4Pnr1/2P5/2Nb1K2/P4RP1/5r2 b - - 12 33	g5g3 f3f4 f1f2	1706	0i1315191f1o
N9KnM	6k1/p2P1pp1/1p6/6q1/2PQ1R2/6r1/PP3RPK/4r3 b - - 2 29	g3h3 g2h3 g5g1	1706	0d0p13151n1o
NIeVl	8/5p2/1p2k1pp/2p1P2P/p1P1K1P1/P7/1P6/8 w - - 0 32	g4g5 h6g5 h5h6	1706	0g0p1e1o
OWDcC	r5k1/1p1rR1p1/1pp2p1p/5b2/8/P5R1/1P3P1P/5BK1 w - - 2 28	g3g7 g8h8 e7d7 f5d7 g7d7	1706	0g0p10
Q1grk	3R4/7R/ppk5/2b1pP2/4N1q1/3P4/PP5K/8 b - - 12 42	g4g1 h2h3 g1h1 h3g4 h1h7	1706	0g0p0r10111p
QE4o7	1k1r4/p3bp2/Pp2p2r/1P1qP3/3n2p1/6P1/2QN3P/2R1R1K1 w - - 0 28	c2c7 b8a8 c7c8 d8c8 c1c8	1706	0s101316191n
QJCkm	2r3k1/p3ppbp/qp4p1/3PP3/2r2P2/1Q2B3/P2R2PP/3R2K1 b - - 2 22	c4c3 b3b4 c3e3	1706	010v11191o
QREnR	1k2r3/1p3ppp/5n2/2Qb1q2/8/5B2/PPP3PP/R1B3K1 b - - 3 22	e8e1 g1f2 f6e4 f2e1 e4c5	1706	0g0s1019
QbvKq	7k/ppp4p/5P2/2bB4/8/1P6/PBn3KP/r7 w - - 0 30	f6f7 c2d4 b2d4 c5d4 f7f8q	1706	000j0k0p1013161h
R6JeK	r4k2/p1p5/7p/2pQ2p1/8/B1q5/P4PPP/6K1 w - - 0 23	a3c5 f8g7 c5d4 c3d4 d5d4	1706	0g0p0r0s10
R8OtP	8/3Q1p2/3n1k2/4p3/3r4/3BK3/8/8 b - - 3 48	d6c4 d3c4 d4d7	1706	0g0j0p1o
Rb3gp	2k3r1/ppqn1p2/4p2r/PPp5/2P5/2BP4/4QRB1/R5K1 b - - 0 25	c7h2 g1f1 h2h1 g2h1 h6h1	1706	0r0y101316191n
RiEn6	5rk1/p4p1p/5Qp1/1P3b2/2B5/1P3p2/P2q2PP/4RK2 w - - 0 27	c4f7 f8f7 e1e8 f7f8 e8f8	1706	0p1013161n
Rs5ud	8/5p1p/4k1p1/4P1P1/3R1P1r/8/8/4K3 w - - 0 50	f4f5 e6f5 d4h4	1706	0g0j0p1m1o
SAnE8	2R5/p5pk/1p2p1r1/4B3/3P2qp/4Pn2/4QPP1/5B1K b - - 3 37	g4h3 g2h3 g6g1	1706	030d1315191n1o
SwyqI	3r3r/pp3b1k/3q1p1p/3pp3/6Q1/1B6/PP3PPP/3R1RK1 w - - 6 23	b3c2 e5e4 c2e4 d5e4 d1d6	1706	011019
TBZQj	r4rk1/2p3pp/p2p4/3q4/6N1/4p2P/2P2P1K/Q5R1 w - - 0 31	g4h6 g8h8 a1g7	1706	0p13151g1o
UMaOX	r1bqk1r1/ppp1np2/3p1b1p/3N2B1/4P2P/6Q1/PPP2PP1/R3KB1R b KQq - 1 11	e7d5 g5f6 d5f6	1706	011c1o
USie5	r1bk4/pp1n4/8/3n1Q2/3q4/P6P/1PP5/2KR1B1R b - - 3 23	d4d1 c1d1 d5e3 d1c1 e3f5	1706	01050s10191n
UW0Cf	r1b3kr/p4p1p/2p3p1/1p2nP2/3RP2Q/1BP1K3/2P4P/6Nq w - - 0 25	d4d8 g8g7 f5f6	1706	0y1315191o
V5ObW	8/1N6/P1n3p1/5p1p/2kp4/8/4K1PP/8 w - - 1 48	b7a5 c6a5 a6a7	1706	00010p0z1n1o
WPb7K	8/p4k2/4p3/1bP3Rp/P2pp3/1P5P/6P1/6K1 b - - 0 37	d4d3 a4b5 d3d2	1706	000g0p111n1o
WbTw4	2q3k1/3b2pp/3P1p2/pPQ1p3/P7/8/5PPP/6K1 w - - 0 36	c5c8 d7c8 b5b6 g8f7 d6d7 c8d7 b6b7	1706	00010p1w
XAd6V	r7/pR3p1k/3b1pb1/3N4/3PQP2/8/7p/5R1K b - - 0 28	g6e4 h1h2 e4d5 b7d7 d5c4	1706	010s101119
Xgx0l	8/p3b3/5B2/4P1p1/P4pP1/1kpK3P/8/8 w - - 2 49	f6e7 c3c2 e7a3 b3a3 d3c2	1706	080g0i0p0t101l
YOMXo	7r/P1Nr1k1p/1Q1pb2b/4p3/4pnp1/8/PP3PPP/2KR2NR b - - 2 25	f4d5 c1b1 d5b6	1706	0g0j0k191o
YxqtC	2r1r1k1/p5pp/8/3P1q2/3B1p2/PPbQpP2/6PP/1R1R3K b - - 4 26	f5d3 d1d3 e3e2	1706	000g191o
ZHiE0	4r1k1/pQ3ppp/8/2p5/6Pb/1P6/P3B1RP/2qR1K2 b - - 2 25	c1d1 e2d1 e8e1	1706	1315191d1n1o
ZUZj8	6k1/1r2pr1p/1q1pNnp1/2P5/4PNP1/p1P2P2/p2Q3R/K2R4 b - - 0 26	b6b1 d1b1 a2b1q	1706	001315191h1o
ZmxkT	2kr3r/pp3p2/2pp1Qpp/2bn4/2q5/N6P/PPP2P2/R1B1R1K1 w - - 4 18	f6d8 c8d8 a3c4	1706	01191k1o
aLEai	5k2/R4p2/4pN1K/3pPp2/5r2/3n4/8/8 w - - 0 53	a7a8 f8e7 a8e8	1706	0p0u13151o
abCAr	4r3/pp3pkp/2p2np1/8/2Pq3N/1P3P2/P5PP/3RQ2K w - - 4 23	h4f5 g6f5 e1g3 d4g4 f3g4	1706	0g0p101n
anv6M	r6r/1pk2Bp1/pq6/4n3/1P2N1P1/6Pp/PP1QNR2/R5K1 b - - 0 25	e5f3 g1h1 f3d2	1706	01191g1o
b29hb	2k3r1/p2n4/PpP2p2/8/1R1PQN2/4B1qr/7p/1R5K b - - 0 41	g3g1 b1g1 h2g1q	1706	000k0m1315191h1o
bEDmH	r1b1k2r/pp3ppp/1q2p3/3pP3/3n4/P1N5/1P1QBPPP/R3K2R w KQkq - 0 14	c3a4 b6c6 d2d4	1706	01191o
bOWb8	r4r2/3b2kp/1q1p2p1/p3p2n/1p2P3/3PNP1P/BPP2Q2/R4R1K w - - 0 23	e3f5 d7f5 f2b6	1706	0g0j191o
btQ2E	R7/8/8/5p1p/6kP/2r3P1/7K/8 w - - 1 55	a8a4 g4f3 a4f4 f3e2 f4f5	1706	0g0p101m
btao4	8/4N3/p3KP2/8/Pp1k4/1P6/8/5r2 w - - 7 64	e7f5 d4d3 f6f7	1706	000g0p1o
bxQW4	8/5k2/7P/4K1P1/pp6/3P4/1PP5/8 b - - 0 44	a4a3 h6h7 f7g7 h7h8q g7h8 b2a3 b4a3	1706	0g0p1e1w
cAG4r	7k/4B1pp/pq6/3B4/1p1nP3/1P6/6Q1/5RK1 b - - 0 33	d4f3 g1h1 b6h6 e7h4 h6h4 g2h3 h4h3	1706	0k0m0p0r13171w
czeHh	1r2r3/5kp1/p2p1pq1/2pNn2R/2P1P1pQ/1P2R1P1/P5KP/8 w - - 4 34	d5f4 g6h5 h4h5	1706	0g191o1t
dGs62	8/p4p2/1P6/P7/8/6k1/4Kp1p/5Rr1 w - - 1 41	b6b7 h2h1r b7b8q	1706	000g0p1h1m1o
dYu2d	5nk1/6pp/p1p3q1/1p1p2P1/3P2Q1/2N1r2P/PP4K1/5R2 w - - 0 31	f1f8 g8f8 g4f4 f8e8 f4e3	1706	01050p0s101n
dq0Cm	k7/ppQ5/3p2pq/8/3nP1b1/N1RK4/PP3P2/R7 b - - 9 34	g4e2 d3d4 h6d2 c3d3 d2d3	1706	101316191n
fwmoI	r3r1k1/pp2n1pp/1qp5/5p1b/1P6/P1PP2P1/3Q1PBP/4RRK1 w - - 0 22	d2g5 b6d8 g5h5	1706	01191o
gSuIf	4R3/2p3pk/1p1p2rq/p7/1P5Q/3K1P2/8/8 w - - 4 47	h4d8 g6f6 e8h8	1706	010p1o
hKbPD	4k1r1/p5p1/bp2Pp1p/5P2/2prRNP1/3P4/P6P/3R3K b - - 3 36	a6b7 h1g1 b7e4	1706	0g0p1g1o
iRgGs	2rq1rk1/np1b1p2/pb2p1p1/3pP1Np/1P1P2P1/PN5Q/5P1P/R1B2RK1 b - - 0 19	c8c1 a1c1 d8g5	1706	010b191o
ktqgg	1k3b1r/N1pr1ppp/P3pnq1/1p6/1Pb5/2P1B1N1/1Q3PPP/R3K2R w KQ - 1 22	a7c6 b8a8 c6e5	1706	0g191o
n7xOd	1r6/8/p3k3/P2R1p1p/1PK2P1P/8/8/8 b - - 6 41	b8b4 c4b4 e6d5	1706	0g0i0p1m1o
o5VPR	4r1k1/5ppp/pq1r4/4b3/3NQ3/1P1R3P/P4PP1/3R2K1 b - - 0 29	e5h2 g1h2 e8e4	1706	0g0j191o
omzRy	8/ppp4p/4q1pk/1P1p4/P2n2P1/2N5/2P4P/5Q1K w - - 0 35	f1f4 h6g7 f4d4	1706	010p0s1o
pSBUh	1k1r1b1r/1pp2Np1/p2q4/P1Np4/1P3n1p/2P5/5PPP/R2QR1K1 b - - 1 20	d6g6 d1f3 g6f7	1706	01191o
qfZjX	4q1k1/1p3pp1/5n1p/8/p1QP1N2/P6P/1PP3P1/6K1 b - - 0 27	e8e3 g1h2 e3f4	1706	0g0p0s1o
qqOSd	6k1/p5p1/1p5p/3pP3/3q4/7P/PP3rPB/4Q2K w - - 0 33	h2g1 f2f1 e1f1	1706	0g0p1o
tz165	1r4rk/3p1qp1/pp2p1Rp/5p1Q/P7/1nP5/5P1P/6RK w - - 2 37	g6h6 g7h6 h5f7	1706	010j0y191o
uStoW	5rk1/1p2r1pn/p1p5/2Pp1BB1/q7/4p1P1/4Q2K/5R2 w - - 1 33	f5h7 g8h7 f1f8	1706	0g0j191o
wHETW	1r3rk1/2p2pp1/p7/5PRN/8/2p5/PP6/7K w - - 0 29	h5f6 g8h8 g5h5	1706	0p13151g1o
wJTnV	2kN4/p1p1r1pp/2p5/5b2/4n3/3K4/PPP2bPP/RNBR4 b - - 11 18	e7d7 d3c4 d7d1	1706	0g0s191o1p
x3Hr2	4k1r1/2Q2p1p/3rb3/8/6q1/BP4P1/P2P3P/R4RK1 b - - 0 28	g4d4 f1f2 d4a1 f2f1 a1d4	1706	010i1019
xTX7u	2r3k1/3Q1pb1/p5p1/4q1P1/1p6/2P2B2/PP6/2KR3R b - - 1 25	c8c3 c1b1 c3c1 b1c1 e5b2	1706	050j101316191n
yLidB	r7/1bk2B2/pp1p4/2p1p3/P1N1P1p1/3P2q1/1PP2QPr/R4RK1 b - - 3 25	h2h1 g1h1 a8h8 f7h5 h8h5 h1g1 g3h2	1706	050y1317191n1w
yRbNJ	2rqk2r/pp1bppbp/2np1npB/8/3NP3/2N5/PPPQBPPP/R4RK1 b k - 5 10	g7h6 d2h6 c6d4	1706	01191o
ykqFF	r3k1nr/ppp2ppp/2np1q2/8/3bPP2/2N1BP2/PP1QK2P/R4B1R w kq - 0 12	c3d5 f6d8 e3d4 c6d4 d2d4	1706	0g1019
0Nn8l	5r2/1b2k1pp/p1p1q3/7Q/8/1P6/P5PP/5R1K w - - 4 30	h5c5 e6d6 c5d6 e7d6 f1f8	1707	0g0p0r10
0pXB1	6k1/5p2/6pp/1p6/1Pb2PP1/r1P1R2P/2B5/6K1 b - - 1 39	a3a1 g1g2 a1a2 g2f3 a2c2	1707	0g0p101g
2VtIJ	1r4rk/3b1Qpp/p4p2/5P1N/qPp5/P1P4P/6P1/R2R2K1 b - - 4 40	d7e8 f7c7 e8h5	1707	01191o1p
2mu0f	5rk1/pp1n1Rp1/q3p2p/2p3NQ/8/3P4/PbP3PP/7K w - - 0 22	f7f8 d7f8 h5f7 g8h8 f7f8	1707	0d0i0y10131619
2ndLo	4r2k/1bpq3p/p2p4/3P1nQ1/1PP5/1B5P/5PP1/4R1K1 w - - 1 31	e1e8 d7e8 g5f5 e8e1 g1h2 e1e5 f5e5	1707	0g191w
3l6NS	8/8/6p1/3pk3/2r3Pp/1RP1KP1P/8/8 b - - 1 35	c4c3 b3c3 d5d4 e3f2 d4c3	1707	050g0p0s101m1n
4uwP0	r2q1k1r/pp1nbppp/2p5/5N2/2PP4/8/PP2QPPP/R1B1K2R b KQ - 4 13	d8a5 c1d2 a5f5	1707	010s191o
54dlK	8/p1r2k2/1p1Rp3/2p1Pp2/2P1pPP1/1P2K3/P7/8 w - - 1 35	g4f5 e6f5 d6f6 f7e8 f6f5	1707	0g0p10111m
5PZfD	r1b2rk1/1p3ppp/p3pB2/4p3/4P3/b1P3R1/PP2qPPP/R5K1 w - - 0 17	g3g7 g8h8 g7g3	1707	0j0k0y1315191a1o
6FWc7	8/6k1/1R2Pp2/5Kp1/6P1/8/4r3/8 w - - 0 43	b6b7 g7h6 f5f6	1707	0g0i0p1m1o
6O97x	2r2k2/1p4pp/pQ3p2/4p3/1P2q3/P6P/5PP1/3R2K1 w - - 2 28	b6d6 f8f7 d6d7 f7g6 d7c8	1707	0g0p0s10
72y8n	2b5/1pp1k2N/1pnpP1p1/r2B4/8/8/PPP2rPP/2KR1R2 b - - 3 21	f2f1 d1f1 a5d5 f1f7 e7e6	1707	011019
7DRek	4r1k1/pbpB1pp1/6qp/8/5P2/2N1r2P/PPP3PK/R2Q2R1 b - - 0 25	g6g3 h2h1 g3h3 d7h3 e3h3	1707	0i101316191g1n
946Ns	r7/ppp4p/2n5/8/4pN2/2P1P1R1/PP1K1k1P/8 w - - 8 31	f4h3 f2f1 g3g1	1707	0p13151o
9J5Zn	4rrk1/pp4pp/2p5/5P2/6pq/1P6/PBQ2b1P/R5RK w - - 2 28	c2c4 f8f7 g1g4	1707	0111191g1o
9SEUc	r4rk1/1bp1b1pp/4p3/1B3p2/3q1B2/P1n5/1P2QPPP/3R1RK1 w - - 0 22	e2e6 g8h8 d1d4	1707	0g0s191o
B7zXk	8/8/8/1p1k1pRp/2p5/2P3P1/1P1br2P/3K4 w - - 0 52	g5f5 d5e6 d1e2 e6f5 e2d2	1707	0g0p1011
C15i0	5Bk1/R4pb1/5np1/2P4p/1p6/1Q2PB1P/1P3qPK/8 b - - 0 27	f6g4 f3g4 g7e5 h2h1 f2e1	1707	0d101316191n
C2vQI	3br1k1/pp3p1p/5Bp1/8/3pq1P1/5R1Q/5P1P/5K2 w - - 5 36	h3h7 g8h7 f3h3 h7g8 h3h8	1707	050p1013161d1n
C87mw	5k2/1p2Nppp/p7/B2b4/6P1/5P1P/P1rRB1K1/2r5 w - - 4 30	e7d5 c2d2 a5d2 c1c2 d2b4	1707	0g0t1019
Cf7Cj	r2r2k1/2R2pbp/p4qp1/1p6/7P/1Q2B3/PPR2PP1/6K1 b - - 0 24	d8d1 g1h2 f6h4	1707	0y1315191o
Djmhn	6k1/pp3p2/6p1/5r2/1qB2Q2/1P4P1/Pb3P1P/6K1 w - - 5 32	c4f7 g8g7 f4b4	1707	010j0p1o
DuCdc	3k4/1K6/4p1p1/3p1p1p/3P1P1P/6P1/8/8 w - - 7 59	b7c6 d8e7 c6c7 g6g5 h4g5	1707	0g0p101e
DulrB	4R3/3r1p2/4b1kp/p5pN/5bP1/1P6/P2p1P2/3K4 w - - 0 39	e8g8 g6h7 h5f6	1707	0f0p13151o
EFTXh	r4rk1/p1pp1q1p/1p4p1/8/3PNbn1/2NQ4/PPB3PP/R1B2RK1 b - - 1 18	f4h2 g1h1 f7f1 d3f1 f8f1	1707	0i0j0y10131619
FBTSW	2kBr3/ppp4p/4b3/1Q3p2/1q6/3B4/1bP2PPP/1K1R2NR b - - 4 22	e6a2 b1a2 b4a3 a2b1 a3a1	1707	05101316191k1n
GEUH1	r2qbr1k/pp3pp1/2npp2N/7Q/3P1n2/2PB4/PP3PPP/R4RK1 w - - 0 16	h6f7 h8g8 d3h7	1707	0k0m0s1315191o
Gou78	2r2rk1/ppq1pp2/4B2p/7N/8/P1P5/1PQ2PPP/2b3K1 w - - 0 25	c2g6 g8h8 g6g7	1707	0y1315191g1o
GpQu5	1r4k1/2p2p2/5Bp1/3p3p/p1b4P/q1P2P2/1P1Q4/1K2R3 w - - 0 35	e1e8 b8e8 b2a3	1707	0g0p1o
HiEpq	8/4ppkp/P5p1/4R3/1p6/1P3P2/1r5r/1R3K2 w - - 0 33	b1b2 h2b2 e5a5	1707	010h0p1m1o
HxUTV	1k6/8/8/4K3/1P3ppp/8/5PPP/8 b - - 1 46	g4g3 h2g3 f4f3 g2f3 h4h3	1707	0g0p101e1n
JYWVS	2r3k1/5p1p/p1q3p1/2np4/3Q4/P3P3/2B2PPP/3R2K1 b - - 2 24	c5e6 c2a4 e6d4	1707	010p1o
JgJRE	2r2k2/5p2/1q6/p3p1Qp/8/PP3P2/2P2RPP/6K1 b - - 0 35	c8c2 g5h6 b6h6	1707	0g0p1g1o
LsJzM	2r3k1/p2q1pp1/R1b1rn1p/4pN2/4P3/2QP3P/4NPP1/2R3K1 b - - 7 25	c6b7 a6a7 c8c3	1707	010j191o
MRI94	1r3r2/p3ppkp/2ppbnP1/q7/1pnPP1P1/5P2/PPP1N3/1KQR1BNR b - - 0 16	c4d2 c1d2 a5a2 b1c1 a2a1	1707	101316191k1n
MS42X	5r1k/1p4p1/p1npb1p1/q1p4P/2Pb4/3B4/P4PP1/1R1Q1K1R w - - 0 20	h5g6 h8g8 h1h8 g8h8 d1h5 h8g8 h5h7	1707	050j0k0y1317191n1w
MjOF3	r1b5/3prpk1/2pR4/1pP1q2p/1p2P2R/8/P2Q2BP/6K1 w - - 0 34	d2h6 g7g8 h4h5 e5a1 g2f1 a1g7 h5g5	1707	0g0w191g1w
NRKOf	r1bq1rk1/pppn1p2/4pn2/4P1p1/2B4B/2P5/P1P2PPP/R2QK2R w KQ - 0 12	h4g5 d7e5 d1d8 f8d8 g5f6 e5c4 f6d8	1707	01050b0s1c1w
Ne0Wu	r7/ppp3pk/4Q1np/4p3/2N1P3/2P2q2/PP5P/R5K1 w - - 0 20	e6g6 h7g6 c4e5 g6g5 e5f3	1707	01050p0s101n
NfVWj	6r1/3b1q1k/2p4p/3pP3/3P1R2/1P2Q2R/P3BK1P/6r1 b - - 3 33	g8g2 f2f3 d7g4	1707	1315191o
Np2bG	2k5/8/P2b4/3p2p1/3P2K1/1QPb1P2/1R5r/8 b - - 2 36	h2h4 g4g5 d6e7	1707	0p13151o
OA2mI	3r2k1/7p/1Qp3p1/2p5/5r2/6q1/PP6/5R1K w - - 0 31	b6d8 g8f7 d8c7	1707	0g0p1o
OPKoN	2k1r3/ppp1P2p/5p2/8/5q2/7P/Pb2Q1P1/4R2K w - - 0 30	e2e6 c8b8 e6d7 b7b6 d7e8	1707	0g0p1011
OSRRT	3r3k/pp1b1Qp1/2p1p2p/6q1/8/3B4/P1P3PP/4R2K w - - 3 26	e1f1 d8g8 f7d7	1707	0g0p1l1o
OVXb9	r1bqr1k1/p4pp1/1b1p1n1p/3Bp3/3BP3/P2P1N1P/2P2PP1/R2Q1RK1 b - - 0 15	f6d5 d4b6 d5b6	1707	01191o
OkjNc	r2q2nr/pp1bkppp/2nNp3/3pP3/1Q1p4/8/PPP2PPP/R3KBNR w KQ - 5 10	d6f5 e7e8 f5g7	1707	0k0m13151c1o
P1vkK	kr5r/1pR2R2/1Q6/3p1P2/P3p3/3qP3/KP3P2/7q w - - 0 37	b6a5 d3a6 a5a6 b7a6 c7a7	1707	1011131619
Q1U8e	6k1/3b1ppp/4p3/3p2P1/2pP1B2/r1P1PB1P/qpQ2P2/1R4K1 b - - 1 26	a2b1 c2b1 a3a1	1707	0d0g191g1n1o
QdXWa	5rk1/1p1r1ppp/p4bq1/3Np3/1P2P3/5QPP/P4R2/3R2K1 w - - 5 26	d5f6 g6f6 d1d7 f6f3 f2f3	1707	0g0j1019
RYe2p	r3r1k1/ppqnBppp/2p1p3/8/3PNn2/2P5/PP3PP1/2RQR2K w - - 2 17	e7d6 c7d8 d6f4 d8h4 f4h2	1707	010v1019
Rmwz1	2kr3r/1bqnnp2/4pN2/pp1pP3/2pP2Q1/P1P2N2/1PB2PPP/R4RK1 b - - 1 19	d7f6 e5f6 d8g8 g4g3 g8g3	1707	0110191t
SAUIT	5k2/p4p2/8/4pn1p/1q6/5P2/4PK1P/3Q2NR b - - 13 41	b4h4 f2f1 f5e3	1707	0p13151o
TPKaf	3q4/P7/8/1KB3k1/1R2pp2/8/5P2/8 w - - 1 63	c5e7 d8e7 a7a8q	1707	000g0i0p1h1o
TpYoF	8/rB3k2/P2R4/6p1/8/4P3/r7/5K2 w - - 2 48	b7d5 f7e7 d6e6 e7d8 d5a2	1707	0g0p0r0s10
V7pht	r2k1b1r/1p1b1B2/p2p2p1/4q3/P2PP1np/3P2N1/1P1BQ1PP/R4RK1 b - - 0 19	e5d4 g1h1 h4g3	1707	010y191g1o
VBL96	k7/pp1Q3p/8/3R1p2/K7/P2R3P/1qr5/8 b - - 7 42	c2c4 a4a5 b2b6	1707	0p13151o
VFI4R	8/1p6/p1k5/2P5/P1PK4/8/8/8 b - - 0 57	a6a5 d4c3 c6c5 c3d3 c5b4	1707	0g0p101e1l1z
YMTKH	8/8/4b3/1P1pP3/k4Kp1/8/8/8 w - - 0 45	b5b6 g4g3 f4g3 e6c8 e5e6 c8e6 b6b7	1707	00080g0p1w
ZvQzr	4r1k1/5pp1/7p/3p4/PN1Pq3/6P1/1Q2bP1P/4R1K1 b - - 1 27	e4h1 g1h1 e2f3 h1g1 e8e1	1707	050j0p101113161f1n
bnnYm	5k2/pR4p1/r2P1p1p/8/2p5/2P4P/5PPK/8 w - - 1 39	b7b8 f8f7 d6d7	1707	000g0p1m1o
cVZ21	7r/p2Q4/1p6/2p2pk1/P3pq2/1P6/2P1B1P1/3R2K1 b - - 4 40	f4e3 g1f1 h8h1	1707	0p0s13151o
dS4jf	8/2p2pk1/1rPp2r1/QP2b2p/4Pppq/5P1P/R5P1/3R2NK w - - 10 35	a5b6 c7b6 c6c7 d6d5 c7c8q	1707	000g10191h1n
fR9bK	5r1k/pR4pp/2p5/5pq1/4n3/4P2Q/PPB2rPP/2R3K1 b - - 3 27	f2g2 h3g2 g5e3	1707	0g0i0y191n1o
fRDj2	r1b1kbnr/pp1p1ppp/n3p3/qN6/8/2R1BN2/2PQPPPP/4KB1R w Kkq - 0 11	c3c8 a8c8 d2a5	1707	010j191o
fiayR	3r3k/p4p1p/4p2Q/2p4p/2P5/1P5R/P4qPK/8 w - - 0 35	h3h5 f2c2 h6f6	1707	0g0p11121o1r
gJJR7	r4rk1/2qb3p/p2Rpbp1/1p2n3/4N3/1B6/PPP1QPPP/2K4R w - - 2 19	e4f6 f8f6 e2e5	1707	010j0y191o
gOXvM	r3k2r/pp2pp1p/2p2bp1/4p1B1/8/2PQ4/qP3PPP/3R1RK1 w kq - 2 17	d3d7 e8f8 g5h6 f6g7 d7d8 a8d8 d1d8	1707	1317191n1w
gSMHi	1k1r3r/1p2npp1/pP2b3/1q1pP1Pp/7P/2Qp4/1P1P2BK/R1B1R3 w - - 1 27	c3c7 b8a8 c7e7 d8d7 e7a3	1707	010s1019
hFJWy	3r1rk1/p4p1p/2pQ2p1/7q/3BbP2/1Bb4P/P1P3P1/1R2R1K1 w - - 4 22	b3f7 f8f7 d6d8	1707	0g0i0y191o
hOgsl	1r6/6k1/3Nn3/p3P3/4B3/4r2P/1p4PK/5R2 w - - 2 35	d6f5 g7g8 f5e3	1707	010p0s1o
hWCNF	5rk1/pp3ppp/5n2/1Nrp4/8/1q1B2QP/6P1/5RK1 w - - 0 24	d3h7 f6h7 g3b3	1707	010j191o
jKkSm	rn1q2k1/p4ppp/2pb4/1p1p4/1P6/P2PPbPN/1B1N2Bn/R1Q1K1R1 b Q - 0 17	d6g3 h3f2 g3f2 e1f2 d8h4	1707	04050r10131619
m1TEt	r4rk1/1pp3pp/p2p4/3Pp3/1P2Q2q/P2B4/2P2bPP/R4R1K w - - 2 21	f1f2 h4e4 f2f8 a8f8 d3e4	1707	011019
msawZ	8/5k2/pR2R3/6p1/2P4n/6KP/2P2P2/r7 b - - 1 39	a1g1 g3h2 h4f3	1707	0f0p13151o
n2roF	4r1k1/pb1R3p/4p1q1/2p1B3/2P1pp2/PP6/3QBPPP/6K1 b - - 3 27	e4e3 d7g7 g6g7 e5g7 e3d2	1707	00011019
n9L52	8/ppk3p1/3q4/6r1/3P1p1R/2P2P2/PP1Q4/1K6 b - - 5 33	d6g6 b1c1 g5g1	1707	0g0p1o
nLtC0	r2q1rk1/pp4pn/2nb2pp/2pN4/2B5/5N1P/PPP2PP1/R1B1R1K1 w - - 0 16	d5e7 g8h8 e7g6	1707	0k0m0y13151c1o
nj9qz	8/5ppk/p6p/1p1P4/1bpR4/6P1/P4P1P/6K1 b - - 2 31	c4c3 d4b4 c3c2	1707	000g0p1n1o
novfK	3rr3/ppp1k3/5q1p/3PnQp1/4R3/7P/P4PP1/R5K1 w - - 5 26	e4e5 e7f7 f5h7 f7f8 e5f5 f6f5 h7f5	1707	0d0g0r191g1w
pzUsb	4k1r1/pp5R/2p2B2/2p1pBp1/6P1/6P1/qP3K2/8 w - - 0 30	f5d7 e8f8 f6e7	1707	0p13151o
qpAs2	r4rk1/p1p2pNp/2pp1BnQ/2b5/4q1b1/8/PPP2PPP/RN3RK1 b - - 1 13	g6f4 h6f4 e4f4	1707	0g191o
tNzwK	5rk1/6bp/pqbp1pp1/1Pp1n3/4P3/1Q1P4/PP2B1PP/R1B2RK1 b - - 0 17	c5c4 g1h1 c4b3	1707	0g0j0k191o
tXTLz	3q2k1/5pp1/1pN1p2p/4P3/b7/P4P1P/1P4PK/2Q5 b - - 3 38	d8c7 c6e7 c7e7	1707	010p1o
thac4	r4r1k/2R5/p2p2pp/1p2P3/3b3q/P6P/BP4Q1/6RK w - - 1 30	c7h7 h8h7 g2g6 h7h8 g6g7	1707	050r101316191n
uvIho	8/1r4k1/4RpP1/4b3/1B1p2P1/P4K2/1q2Q2P/8 b - - 8 39	b2b3 f3f2 b3e6	1707	0g0p0s1o
v5q2k	3rr3/2p2kpp/1p2n3/pP3p2/P2PR3/1P3N2/6PP/4R1K1 w - - 0 32	e4e6 e8e6 f3g5 f7f6 g5e6	1707	050g0p0s101n
w9TaC	r2q1r2/1ppn2k1/p2pP2p/5Q2/2B5/8/PPP3PP/RN4K1 w - - 1 21	f5g4 d8g5 g4g5 h6g5 e6d7	1707	000g1019
xL3jZ	2r4r/pp2kp2/1q2p1p1/3pPnN1/Qb3P2/2N5/PP1Bn2P/1KR4R w - - 10 22	c3d5 e6d5 d2b4	1707	0g0j191o
xTGD8	8/2pkn1p1/1pn2p1p/1P2p3/2N1P3/r1PP1NPP/5K2/8 w - - 0 32	b5c6 e7c6 c4a3	1707	010p0w1o
xd6r2	6b1/7p/2r3k1/5R2/6PK/7P/3r4/5R2 w - - 14 49	f5g5 g6h6 g5g8 d2d5 g4g5 d5g5 g8g5	1707	0g0p0r1p1w
xoZOj	2rr2k1/4p1bp/2q2pp1/p3P3/1p1N3B/8/PPP1Q2P/1K1R3R b - - 0 24	d8d4 d1d4 c6h1 d4d1 h1c6	1707	010i101119
ylfa4	1r1r4/ppp3qk/4b1pp/2P2p2/5Q2/P3PBP1/5PP1/1R2K2R b K - 0 26	g7c3 e1f1 c3d3 f1g1 d3b1	1707	0g0s1019
zST2m	r3r3/pp3p1k/1qp3pB/3b4/3P4/6P1/PP1QP3/R3K2R w KQ - 0 25	h6f8 h7g8 h1h8 g8h8 d2h6 h8g8 h6g7	1707	050j0k1317191n1w
1F04n	r2q1k1r/pp2p1bp/4Qnp1/2pN1P2/8/8/PPPP2PP/R1B2RK1 b - - 0 14	d8d5 e6d5 f6d5	1708	01191o
1UpY6	B5k1/5pp1/p6p/1pp5/8/P1PP1Q1P/1R4PK/4rq2 b - - 5 27	f1g1 h2g3 e1e3 b2e2 e3f3	1708	010p101g
2NHxy	2r1b1k1/p5pp/1q2pr2/3pN3/1b1P4/1PNQ4/P5PP/2RR2K1 w - - 2 21	c3d5 e6d5 c1c8	1708	0g0j191g1o
2u7zE	5r2/1p3p1k/p6p/3pPR2/7q/P2Q2rP/1P6/1R5K w - - 3 32	f5f7 h7g8 d3h7	1708	0k0m0p13151o1u
41m23	5rk1/2p3p1/4b2p/p1p5/P3Q3/2PR2Pq/1r3P1N/R5K1 w - - 0 25	g3g4 h3h4 e4e6	1708	010v191l1o
4pr4N	8/5p1p/3kp1p1/2r1R1P1/1rpK1P2/pP5R/P6P/8 w - - 0 38	e5c5 c4b3 c5c4 b3a2 h3a3	1708	0g0p101m
5DuM2	3r4/1kpr2b1/p3Q1p1/1p2P1Pp/2Pp4/8/PP2n1P1/1K1R3R b - - 0 30	e2f4 e6d7 d8d7	1708	0g191o1t
5WIh5	1b2kr2/pR4Qp/2p5/8/2q1rP2/8/PPP3PP/5RK1 b - - 0 25	c4f1 g1f1 f8f4 f1g1 e4e1	1708	05101316191n
6OMHL	8/p6k/1p5p/2pp1p2/4b3/2P1K1RP/PP1R4/3r4 b - - 7 33	f5f4 e3f4 d1d2	1708	0g0i0p1o
8DTjW	r1b2rk1/pp2bp2/2p2np1/3Nq3/2P5/1P2P3/PBQPB1P1/R3K2R b KQ - 0 15	e5g3 e1f1 c6d5	1708	010w11191o
9OpKF	2rq2k1/1p2rpp1/4pnbp/3p4/B2B3P/P2PR1Q1/5PP1/4R1K1 w - - 3 28	d4f6 g7f6 h4h5	1708	01191g1o
9Pq1X	2kr1b1r/ppp1qppp/8/3n1b2/2P5/2Np1Q2/PP1P1PPP/R1B2K1R w - - 0 14	f3f5 e7e6 f5e6 f7e6 c4d5	1708	010t101c1k
A1dkl	r7/1BQ3bk/1P1p3p/3qpPp1/5n2/8/6PP/R4RK1 b - - 3 30	d5d4 g1h1 a8a1	1708	0g191o
AD0pV	r2q1rk1/1pp3pn/pbn3pp/3NP3/2BP2b1/P4N2/1P3PPP/R1B2RK1 w - - 0 14	d5e7 g8h8 e7g6	1708	0k0m0y13151c1o
AFNUc	2kr4/ppp1nppp/8/8/1bB2q2/1N3P2/PP2QP1P/1K1R4 w - - 1 16	c4e6 f7e6 e2e6	1708	0g191k1n1o
AbhzO	8/1p6/p1pR4/P3Q3/1P5P/3p4/1rk1p3/4K3 b - - 6 56	b2b1 e1f2 b1f1 f2g3 e2e1q e5e1 f1e1	1708	000g0i0p0r1h1j1w
Ag1Dl	5b2/p1r4p/1p1N1Qpk/P3Pp1q/5P2/6P1/5K1P/RNr2n2 w - - 3 32	f6f8 c7g7 d6f7	1708	0t1315191o
BVS4U	8/8/4R1p1/6kp/1p3r2/1P4K1/P5P1/8 w - - 0 45	e6g6 g5g6 g3f4	1708	0g0i0p1m1o
CKsE1	r1bRnk2/ppq2pp1/7p/8/7r/P1P5/2Q1BPPP/4R1K1 w - - 6 21	d8e8 f8e8 e2b5 e8d8 e1e8	1708	050k0m101316191d1n
CWD0Q	5rk1/4Qppp/p2P4/8/P2q4/2p2P2/6PP/1R5K w - - 0 30	e7f8 g8f8 b1b8	1708	050p13151n1o
Cn9gf	r7/pp4pp/5k2/1q4N1/2n4P/2P2P2/P5P1/4RK1R w - - 0 26	e1e6 f6f5 g2g4 f5f4 e6e4 f4g3 h1h3	1708	0p0r13171w
DYwO1	6k1/5pp1/1pN1p2p/1P1q4/6n1/6P1/rQ3P2/2R1K3 w - - 4 42	c6e7 g8h7 b2b1 f7f5 e7d5	1708	0g0p0s10
DhBTw	8/8/1p2K2k/p1p4P/2Pp4/PP6/8/3B1b2 b - - 0 41	d4d3 d1f3 f1e2 f3e4 d3d2	1708	00080g0p10
DnYtE	1r4k1/2p2p1p/3p1qp1/7P/p2nQ3/r7/3N1PP1/3KR2R w - - 1 28	e4e8 b8e8 e1e8 g8g7 h5h6	1708	101316191n
E7Apv	rn5r/pppk1ppp/5b2/3P4/2PPQp1q/8/PP2K1PP/R1B2B1R b - - 0 12	h8e8 e4e8 d7e8	1708	0g191g1o
ELYLx	r6q/1pp2pk1/p2pbr2/2b1p1BQ/4PP2/1P1P3P/1PP3PK/R4R2 w - - 1 19	g5f6 g7f6 h5g5	1708	051315191o
EqiAP	r1b2rk1/ppp2ppp/3p4/2n5/3N2q1/1BP2Q2/P1P2PPP/R3R1K1 w - - 3 14	f3f7 f8f7 e1e8	1708	0y1315191g1n1o
F3Cle	8/8/p7/1p3Kp1/6Pk/1P6/P7/8 w - - 0 48	b3b4 h4h3 f5g5	1708	0g0p1e1l1o
FI9Pi	r1b1k2r/p3qppp/1p6/4b3/3Q4/2N5/PP4PP/2KR1B1R w kq - 0 15	f1b5 e8f8 d4d8 e7d8 d1d8 f8e7 d8h8	1708	01191p1w
G57ch	1br2rk1/pp3pp1/2pqp3/4R1BQ/3P4/2P5/P4PPP/R5K1 b - - 2 21	f7f6 g5f6 f8f6	1708	010s191o
GabnF	6k1/5p2/R1n1rn2/5N1p/2p3p1/2Pp2P1/3P1P1P/2B2K2 w - - 2 28	a6c6 e6c6 f5e7 g8g7 e7c6	1708	050g0p0s10111n
HC3OA	r4rk1/2p3bp/6p1/4n3/pP1NPpq1/R7/3B1PPP/2Q1R1K1 b - - 5 25	f4f3 d4f3 e5f3 a3f3 f8f3	1708	0g0y10191g
HEtby	r1b3k1/1pp1q1b1/p1n1prQB/6N1/3P4/2P5/P4PPP/R4RK1 w - - 5 17	g6h7 g8f8 h7h8	1708	0y1315191g1o
Hbdu1	rr4k1/3q2p1/p4p1p/3p3N/3nbP2/6R1/1P1R2PP/3Q2K1 w - - 0 30	h5f6 g8h8 f6d7	1708	0g0y191g1o
Jvbfv	3r4/5kpp/6n1/8/6n1/7P/P1P3P1/Q6K b - - 0 33	d8d1 a1d1 g4f2 h1h2 f2d1	1708	050g0p0s101n
K5pSg	3r1r2/5pk1/3p2p1/8/1P2PQNP/p5PK/q7/8 w - - 0 40	f4h6 g7g8 g4f6	1708	0p13151o
LFfmG	r2r2kb/pp1Q3p/2n1RppB/8/3P4/6P1/P1P2PKP/q7 w - - 4 26	e6e8 d8e8 d7d5 e8e6 d5e6	1708	0y101316191n
LUja2	7k/8/1p2Q2p/3p4/3Pp1n1/2P1PqB1/PP3P2/5K2 b - - 6 46	g4e3 f1e1 f3d1	1708	0p13151g1o
LZcLy	r2qk3/p4p1p/1bpp3B/4nN1Q/B3P1r1/7b/5PPP/RN3RK1 b q - 3 21	e5f3 g1h1 h3g2	1708	0y1315191g1o
M1cme	8/p1pk1p2/1pp5/5pb1/2NP2Kp/1PP5/P4P2/8 w - - 0 29	g4g5 h4h3 c4e5 d7d6 e5f3	1708	010h0p0t10
MFPky	8/8/8/8/4q3/1Q6/p2K4/k7 w - - 8 86	b3c3 a1b1 c3c1	1708	0p13151i1o
MrV5I	2kr3r/1pp2ppp/1q2p3/p7/Pb1n4/2B2B1P/1PP1QPP1/RR4K1 w - - 1 16	c3d4 b6d4 c2c3	1708	01191o
NDrg2	8/8/7p/2p2pp1/1p1k4/3N1PPP/4K3/8 b - - 3 42	b4b3 e2d2 c5c4	1708	010p0z1o
NKMcN	r1b2rk1/p1pp1ppp/2p2q2/2b5/8/2PB4/P1P2PPP/R1BQ1RK1 w - - 6 11	d1h5 h7h6 h5c5	1708	0g191o
O4BO4	2b2rk1/1p4pp/4p3/3p1p2/p2P4/3qP1Q1/3N2PP/2R3K1 w - - 4 32	c1c7 f8f7 c7c8	1708	010p1o
Q5JpD	r7/1ppq4/3pk1r1/pP3p2/P1P1p3/3B3Q/1B5P/7K w - - 0 34	d3e4 a8f8 e4d5 e6e7 h3h7 e7d8 h7g6	1708	010p0s1g1w
QFJcc	2Q1r1k1/1p1n1p1p/p2p2p1/4nP2/5B2/1P5P/1P2q1P1/4RRK1 b - - 0 25	e2f1 e1f1 e8c8	1708	0g0w191o
QI5OL	7r/2kr1R1p/1ppN1Rn1/2P1p3/1p6/P7/6PP/6K1 w - - 0 29	c5b6 c7b6 f7d7	1708	0g0p1o
QSA6T	6k1/r4ppp/2P5/1P6/8/6PP/5P2/R5K1 b - - 0 37	a7a1 g1g2 a1c1	1708	0g0p0t1m1o
QX18R	2kr3r/1pp3bp/pq4p1/3Pp3/n6P/2P3B1/PP2QPB1/2KR3R w - - 3 22	e2g4 c8b8 g4a4	1708	0g0s191o
Rzgfm	1rk5/p1p5/4R3/2b5/2Q2Pp1/6qr/PPP4P/3R3K w - - 4 28	c4a6 b8b7 e6e8	1708	1315191g1o
S6E0q	r4rk1/p3b1p1/1p2p1Np/2p5/3p4/3b3P/PPP3P1/R2Q1RK1 b - - 0 24	f8f1 d1f1 d3f1 g6e7 g8f7	1708	0g0s1019
SFJvl	8/ppb5/2r3p1/2p2k2/P2pNPRp/3P3P/qPPBR3/7K w - - 9 44	g4g5 f5e6 e4c3	1708	0g0j0k191o
SOB8a	6k1/p5pp/4p3/2p5/1pP1b3/1Pq4P/P2R3K/4Q3 w - - 4 38	d2d8 g8f7 e1e4	1708	0g0p1o
TCabV	4r2k/6p1/pB3pq1/4r2p/8/3Q3P/P5P1/1R1R3K b - - 2 36	e5e1 d1e1 e8e1 b1e1 g6d3	1708	011019
UAPNI	6k1/4pp1p/p7/1pP5/4Nn1q/P4P1P/8/2Q1RK2 b - - 2 40	h4h3 f1f2 f4d3 f2e2 d3c1	1708	010p0r0s1011
UFchq	r2qr1k1/p4p2/1p2b3/2ppQ1p1/4p1n1/1BP5/PPP2P1B/2KR3R w - - 0 21	e5h8 g8h8 h2e5 h8g8 h1h8	1708	050k0m0y101316191d1n
Upb44	r6N/pppk2Qp/2npb3/4p3/2q5/8/PPPP2K1/RNB2R2 b - - 0 18	c6e7 b1c3 a8g8	1708	010h191g1o
V9Ywd	8/8/8/1k3p2/p2R1P1P/2K3P1/2P5/3r4 b - - 2 39	d1d4 c3d4 b5b4 h4h5 a4a3	1708	0g0p101m
VID8e	3rr3/7p/p2R2pb/1pk1Bp2/5P2/P1N5/1PP5/1K6 w - - 1 29	b2b4 c5c4 d6c6	1708	0p13151f1o
VQI2B	6k1/ppbn1ppp/2pq1n2/3p2B1/1P1P4/P1NBPQ1P/2P3P1/6K1 w - - 1 19	g5f4 d6e6 f4c7	1708	0g191o1p
VgJrJ	2k5/Qpp2p2/8/P1Pq1n1p/6r1/1P6/3P1PP1/4R1K1 w - - 0 26	a7a8 c8d7 a8e8	1708	0p13151o
W7DFO	5Q2/8/6b1/6pk/4P3/1K1PP1n1/1PN3r1/7r w - - 4 54	f8f3 h5h4 f3g2	1708	0g0p0s1o
WVMQh	1r4rk/3R2b1/7p/2p2B2/2P2n1Q/5P1P/PP3P1K/5q2 w - - 2 32	h4h6 g7h6 d7h7	1708	1315191d1n1o
Yacxv	r1b1kb1r/ppp1qp1p/3p2p1/3Pp3/4n2P/2P2N2/PP3PP1/RN1QKB1R w KQkq - 0 9	d1a4 c8d7 a4e4	1708	010s1c1o
Yu6wR	8/8/p7/1p6/4kPK1/1P1n4/2N5/8 b - - 5 54	d3f4 c2b4 a6a5 b4c6 a5a4 b3a4 b5a4	1708	0g0p0z11121w
Zv4pS	8/p4pkp/6p1/5PP1/Bppp4/5b1Q/PP4PK/5q2 w - - 0 34	f5f6 g7h8 h3c8	1708	0p13151o
b8a9x	3r2k1/1pp2pq1/p5p1/3r4/3PRQ1R/P5P1/1P3P1P/6K1 b - - 9 29	g6g5 f4c7 g5h4	1708	010p0s1g1o
bK8yn	r1q1kbr1/p2b1p1p/3p1Qp1/2p5/4PB2/2N5/PPP2PPP/R4RK1 b q - 2 13	f8e7 c3d5 e7f6	1708	01191o1t
bYp0B	r3k2r/1p2bppp/pBb1p2n/P2pP3/8/2q2N2/3N1PPP/1R1Q1RK1 w kq - 1 16	b1b3 c6a4 b3c3 a4d1 f1d1	1708	0110191t
bjeOe	r1b1k2r/1p1q1ppp/p2bp3/3P4/P3Pn2/2N1QN2/1P4PP/R3KB1R w KQkq - 2 16	e4e5 f4d5 c3d5 e6d5 e5d6	1708	010j0k101c
cZs6F	r4rk1/1b3p2/1pqpnBpP/p3p3/2P5/2P4P/P1B1QP2/R4RK1 w - - 3 23	h6h7 g8h7 e2h5 h7g8 h5h8	1708	00050y10111316191g
d5piQ	rnb1k2r/pp2pp1p/6p1/3p4/4P3/2q5/P2N1PPP/R2QKB1R w KQkq - 0 13	a1c1 c3f6 c1c8	1708	0g191o1p
ds9rB	3r4/pp3kpp/8/3p4/1P1P1qPb/P2Q1B1P/6K1/3R4 w - - 2 31	f3d5 d8d5 d1f1	1708	010p11121g1n1o
fl0dV	2r1r2k/p2n1p1B/2p1b3/1pq1P1B1/4R1p1/8/PPQN1PPP/6K1 w - - 9 29	g5f6 d7f6 c2c5	1708	010i191o
h027i	rnb3k1/pp4p1/1bp4B/4q3/1Q6/8/PPPK2PP/RN3R2 b - - 1 17	b6a5 f1f8 g8h7 b4a5 e5a5	1708	0g10191g
hUkg1	2r2rk1/pq3pp1/1pR1p2p/1Q1p4/P2P4/1P2P2P/5PP1/2R3K1 b - - 3 22	a7a6 c6c8 a6b5	1708	010p1o
hnAUB	5r1k/1qr5/6Q1/3pP3/3P2R1/2P4P/6P1/6K1 w - - 3 34	g6h6 c7h7 h6f8	1708	0p0s13151o
iB8l3	8/p1k3q1/Q1pb4/8/P3Pp2/2N5/1P3P1K/R7 b - - 0 40	f4f3 h2h3 g7g2 h3h4 d6e7 h4h5 g2g5	1708	0j0k0p0r13171w
j4hWo	5rk1/1b3p1p/p4Q2/1p4p1/1P3q2/PB6/5PPP/4R1K1 w - - 3 32	b3f7 f8f7 e1e8 f7f8 e8f8	1708	0p1013161n
jDKPR	1nqk3r/1p1p2pp/8/1P3p2/4n3/P2P1N2/2P1QPPP/R3KB1R b KQ - 0 17	c8c3 f3d2 c3a1 e2d1 a1d1 e1d1 e4f2 d1e1 f2h1	1708	050g0s191w
jMd1Z	2k5/pp2q2p/4r1p1/5p2/2pPnP2/2P2QP1/PPB4P/2B1R1K1 b - - 2 29	e4g5 f4g5 e6e1 g1f2 e1c1	1708	010j0s1019
jRlDg	8/8/6pp/8/5P1P/3p1kP1/3K4/8 w - - 1 55	h4h5 g6h5 f4f5 f3g3 f5f6 h5h4 f6f7 h4h3 f7f8q	1708	000g0p1e1h1l1n1w
kAclc	4Q3/2R1b1k1/3p1p1p/3P2p1/P3q2P/1r4P1/5PK1/8 w - - 4 35	g2h2 g5h4 c7e7 e4e7 e8e7	1708	0g0h0p0s10
knVX1	4Rrk1/1pp2pp1/p2b3p/8/3B4/2P2B2/PP1Q1PPq/R4K2 b - - 0 21	h2h1 f1e2 f8e8 d4e3 h1a1	1708	010w1019
l3D1x	7k/6p1/7p/5Qpq/8/6P1/4rPP1/R5K1 w - - 12 45	a1a8 e2e8 g3g4 e8a8 g4h5	1708	0g0p10
lNgCO	7r/pP3pp1/3qp3/6k1/P1P1B3/8/4KR2/R7 w - - 2 38	a1g1 g5h6 g1h1	1708	0g0p1o
lSLV3	5r2/pp3pk1/2b2Np1/2q1Pp1p/5P2/PQ6/BP1r2PP/2R3RK b - - 7 28	c6g2 g1g2 c5c1 g2g1 c1c6	1708	010i0y1019
lju3O	r1b3k1/ppq4p/2p2R2/5p1Q/4p3/1PP3P1/P2P3P/b5K1 w - - 2 24	h5e8 g8g7 e8f8	1708	0p0y13151o1u
lvSUm	r1b1k2r/p3npbp/2np2p1/1q6/p2P4/P1B2B2/1P1N1PPP/R3QRK1 w kq - 4 18	f3c6 b5c6 d4d5 c6d5 c3g7	1708	010j101c1g
mBIlF	2r1k2r/pp2nppp/1q2pn2/3p1b2/1P1P1Q2/2P2N2/P2NBPPP/2R2RK1 b k - 4 13	e7g6 f4g3 f6h5	1708	0g191o
mPrYg	4r1k1/1Q4p1/p1p3qp/3pp3/N7/3PnP2/PPP2K2/3RR3 b - - 2 25	g6g2 f2e3 d5d4 e3e4 g2g6	1708	101316191n
oZcq1	2r3k1/4pp2/3p2p1/4b3/1q1r4/6PQ/2P3P1/2K4R w - - 0 32	h3c8 g8g7 c8h8	1708	0p0t13151o
pAZc9	6r1/5bpk/p6p/1p2qPp1/4N3/3Bp3/PP4QP/7K w - - 0 43	e4g5 h6g5 g2h3 f7h5 h3h5	1708	0p1013161n
q2989	1b2r1k1/4npp1/3p3p/1q2pb2/1P6/1BBPQ3/3N1PPP/R5K1 w - - 0 23	b3a4 b5b7 a4e8	1708	0g191o1p
qTNu3	8/R7/1p2Nn2/1k1pP3/1PpP3q/P1P5/8/5K2 w - - 0 45	a3a4 b5c6 e6d8	1708	0f0p13151o
rHfPg	r1b1k2r/1p1pBpbp/pq2p1p1/2p5/2PnP3/2NP1NP1/PP3P1P/1R1QKB1R b Kkq - 0 12	d4f3 d1f3 g7c3 e1e2 e8e7	1708	0g0j10111c
rpT9R	r2r2k1/p3R1pp/2p2p2/8/1q3P2/7Q/PPP4P/2K1R3 b - - 1 29	b4d2 c1b1 d2d1 e1d1 d8d1	1708	060p1013161n
t4tVa	1kr4r/pp2n1pp/5pq1/8/3Q4/8/PB3PPP/2R2RK1 w - - 4 22	d4d6 b8a8 d6e7	1708	0g0s191o
tBNpY	7k/1p1r2p1/1p4Rp/pP2Q3/P1p5/3q3P/6PK/8 w - - 15 46	g6h6 h8g8 e5e8	1708	0p13151g1o
tIUDT	1rb2rk1/p4p2/4p1Bp/3pn3/3q1PQP/2N3R1/PPP3P1/2K5 w - - 0 19	g6h7 g8h7 g4g7	1708	050k0m0y111315191n1o
u046e	r4rk1/pp1nbppp/4p1b1/3pP3/4q1P1/P4N1P/1P2QPB1/R1B1R1K1 w - - 4 18	e2b5 e4c2 b5d7	1708	01191o
uITrZ	8/1b4pk/7p/1q2N3/2QPp3/4P2P/6P1/5K2 b - - 0 41	b5c4 e5c4 b7a6	1708	010p1g1o
ulsLY	r2q1rk1/2pb1pp1/3p3p/pp1Nn2Q/4PP2/PB1P4/1PP3PP/R4RK1 b - - 0 16	d7g4 d5f6 d8f6 f4e5 f6f1 a1f1 g4h5	1708	0g191w
vDqg4	3r4/pp2kppp/1n2pq2/1Q6/1P6/P4N2/2r2PPP/1R1R2K1 w - - 0 20	d1d8 e7d8 b5d3 d8e8 d3c2	1708	050g0s1019
vSvN7	8/5p1k/4p1pp/4P3/P7/3Q3P/1qr1nrPB/RR5K b - - 7 39	c2c1 b1c1 e2c1 a1c1 b2c1	1708	0g1019
wddD8	r3k2r/1b2bppp/p2p4/q4NP1/2p1PP2/8/PPPB2Q1/R3K2R b KQkq - 2 19	a5f5 e4f5 b7g2	1708	0g191o
x1ua3	3r1k2/6p1/6Bp/p1R1nP2/2PpP1P1/P7/7P/6K1 b - - 0 41	d4d3 c5e5 d3d2	1708	000g0p111n1o
xcMuv	2r3r1/1p3ppk/p1b1p2p/2qpP3/6R1/2P4R/P1PQ1PPP/6K1 w - - 4 22	g4g7 g8g7 d2h6 h7g8 h6h8	1708	101316191n
yBOqj	qn1b2k1/5pp1/2p1p2p/NpPpN3/1P1PnP2/2B1P3/6PP/Q4K2 w - - 5 31	a5c6 a8a1 c3a1 b8c6 e5c6	1708	011019
yErAi	r5k1/2pp1pp1/p1nb1q1p/1p6/3P4/PP2RN2/1BQ2PPP/6K1 w - - 1 24	d4d5 f6g6 c2g6 f7g6 d5c6	1708	011019
0rhAa	3r2k1/pp2r1pp/4pn2/6N1/8/2P3Q1/q5PP/4RR1K w - - 2 23	f1f6 g7f6 g5e6 g8h8 e6d8	1709	010j0k1019
114dQ	8/1Rb2p2/4nkp1/2N5/5PP1/2r1BK2/8/8 w - - 1 38	c5e4 f6e7 e4c3	1709	0g0p0s111o
13R0j	r2q1b1r/pp2pkp1/2p2pb1/3pP1Pp/7P/3BP3/PPP2P2/R1BQK2R w KQ - 2 14	e5e6 f7e6 d3g6	1709	0g0i11191o
1PMc1	r4rk1/1ppb1ppp/p3p3/3nQ3/n2P4/N2B1N2/PPP2PqP/1R2K2R w K - 0 18	h1g1 g2g1 f3g1	1709	0111191o
1Suzt	6rr/4k3/2R5/p2QPp2/1p1P4/6P1/PP1q1PK1/2R5 b - - 0 28	h8h2 g2h2 d2f2 d5g2 g8h8 c6h6 h8h6	1709	050i0p13171n1w
3Ki4g	rr4k1/3bppbp/p2p2p1/8/1nB1nPP1/4B2P/1PPQ4/NNKR3R b - - 0 22	b4a2 c4a2 g7b2	1709	1315191n1o
4FIRr	5rk1/1p4pp/6p1/1p2q3/2p1P3/P1P4r/4Q3/R4RK1 w - - 0 36	f1f8 g8f8 e2f1 f8g8 f1h3	1709	01050p0s10
5JzFX	5k2/7R/2B1K3/1P6/5b2/r7/7p/8 w - - 4 66	h7f7 f8g8 f7f4	1709	0g0p0s111o
6HYHQ	r3r1k1/1pB2ppp/pPp2b2/4Nb2/2Bnp3/8/1P3PPP/3RK2R w K - 0 21	c4f7 g8f8 f7e8	1709	010s11191o
6iFgv	5r1k/6pp/6b1/2pP4/1qB2r2/1P2Q2P/3R1PP1/4R1K1 b - - 4 32	f4e4 e3e4 g6e4	1709	01191o
8Yhr2	5Q2/1p4p1/2b4k/8/4r1qP/P1B3P1/1P3P2/6K1 w - - 0 47	f8h8 h6g6 h8g7 g6f5 g7f6	1709	0p0r1013161s
8ow5U	r4nk1/pp1br2p/3bPQp1/3PB3/2p4q/2P4P/P1B3PK/RN3R2 b - - 3 25	h4f6 f1f6 d6e5	1709	0b0g191g1o
9bzWX	b1k3r1/b1qp4/P1n5/1p1pP3/3P4/4QP2/3B1P1P/R3KB1R b KQ - 0 26	a7d4 e3f4 d4a1	1709	010s191o
B0BRY	r1bq1rk1/pppn2p1/4p3/3pP3/5p2/2PBP3/PP1K1P2/R6Q w - - 2 18	h1h7 g8f7 d3g6 f7e7 h7g7 f8f7 g7f7	1709	0i0y1317191w
BJR3A	2rq1rk1/5pp1/p7/8/2BQ4/7b/PP1R4/1K3R2 w - - 0 28	c4f7 f8f7 d4d8 c8d8 d2d8	1709	0g0i1019
BuZhv	4Q3/pp2P3/7k/7p/8/2P2RKP/PP1q4/8 b - - 9 46	h5h4 g3h4 d2g5	1709	050p13151o
Dzjew	2b2r1k/3p3p/2p1n2n/4q1p1/1Q1NPp2/5B2/5PPP/1R1R2K1 b - - 1 28	c6c5 b4b6 c5d4	1709	010s191o
H9Pvo	2krr3/5p2/p3nPpp/1p1p4/2PP3P/2P2R2/P1B2PP1/4R1K1 b - - 0 29	e6d4 e1e8 d4f3 g2f3 d8e8	1709	010p10
Hc168	r1r3k1/p1qb1pp1/4pb2/3p2p1/1p1P4/2PQ1N2/PPB2PP1/R3K2R w KQ - 0 19	h1h8 g8h8 d3h7	1709	050y1315191n1o
Hp6ur	r4rk1/pQ1b1ppp/n5q1/8/3B4/1BP5/P4PPP/1R3RK1 b - - 0 19	d7c6 b3d5 c6b7	1709	01191o
JgOIx	r7/1p2Qpk1/2pR2pp/5r2/1q4n1/7P/5PP1/4R1K1 w - - 0 32	d6g6 g7g6 e7b4	1709	010j191g1o
K5LL8	2r1r1k1/1p1q1b1p/2p2Qp1/p2p1p2/P2P4/1BP2P1P/2P1R1P1/4R1K1 w - - 3 26	e2e7 e8e7 e1e7	1709	0e0g191o
KTvMw	r1bq1rk1/bp2npp1/2Pp3p/1P2p3/2B5/2PP1N2/5PPP/R1BQ1RK1 b - - 0 14	a7f2 f1f2 a8a1	1709	010j1c1o
Mjsh7	5Q2/2pkr2p/p7/3P4/q7/b1PKBP2/P4P1P/3R2R1 b - - 2 37	e7e3 f2e3 a3f8	1709	010j191o
N0Wm6	6k1/1p2b1p1/p4p1p/3P1N2/1P6/P2p3P/6P1/7K w - - 0 33	f5e7 g8f7 e7f5 d3d2 f5e3	1709	010h0p0t10
Nncly	r1bq1rk1/ppp2pp1/8/3np1P1/8/1PbP4/1PPB1PP1/R2QK2R w KQ - 0 14	d1h5 c3d2 e1d2 d8g5 h5g5	1709	0g1019
OD1I7	8/5kp1/1P5p/2p5/P6K/4r1QP/8/8 b - - 0 47	g7g5 h4g4 h6h5 g4h5 e3g3	1709	0g0p101j
OLWWV	7k/6p1/5p1p/2Q5/1P2q1PP/6K1/8/8 w - - 0 41	c5c8 h8h7 c8f5 e4f5 g4f5	1709	0g0p101i
ObNxc	1r3rk1/Q2n2pp/2pq4/3p1p2/3P4/6P1/PP1NPPKP/R4R2 b - - 0 16	b8a8 a7b7 f8b8 b7a8 b8a8	1709	010d1011191t
P1iXk	1r3r1k/ppp2p1b/2n1q2p/1QR2Np1/3Pp3/P3P1P1/1P3PBP/4R1K1 b - - 3 20	a7a6 b5e2 h7f5	1709	01191o
PEYeE	r6r/pp4Qp/P2p1p2/3kp3/8/8/P1P4P/R4KNq w - - 0 23	g7b7 d5e6 b7h1	1709	0g0p1o1p
PW7eg	r1b2rk1/ppp3pn/3bpq1p/3p4/5BQ1/2PBP3/PP1N1PPP/R4RK1 b - - 1 12	e6e5 g4g6 f6g6 d3g6 e5f4	1709	011019
Pd2J6	3r2k1/6p1/p1pB1p1p/2bq4/3P2P1/P2Q3P/5P2/4R1K1 w - - 0 32	d6c5 d5c5 e1e8 d8e8 d4c5	1709	0g0p0w10
PlrHR	8/6p1/3k2P1/3P1nnP/2B1p3/2K1b3/8/5N2 w - - 0 52	f1e3 f5e3 h5h6 g7h6 g6g7 e3d5 c4d5	1709	000g0p1w
Pmf9R	8/5pk1/3R2p1/3p3p/1rpP3P/4P1P1/5PK1/8 b - - 1 34	c4c3 d6d5 b4c4 d5a5 c3c2	1709	00010d0p10111m
QZQK7	r1bq1rk1/p3pp1p/1p1p2p1/8/1P2nB2/3BPN2/P1P2PPP/b2Q1RK1 w - - 0 13	d3e4 a1g7 e4a8	1709	010t191o
RQAPY	4r1k1/1pp2ppp/pbp5/2B2b2/8/1P1N3P/P1PP1PP1/4RK2 b - - 5 19	f5d3 c2d3 e8e1 f1e1 b6c5	1709	0g0p10
RWAqy	8/7R/1p6/1kp2p2/2R5/1P2P3/3n3r/4K3 b - - 0 35	d2f3 e1d1 h2h7	1709	0g0p0w1o
SMYf4	3rk2r/3q1p2/Q1p2nNp/2b1p3/2B1P1b1/P1P3B1/1P1N1PP1/R3K2R b KQk - 0 19	d7d2 e1f1 d2d1 a1d1 d8d1	1709	101316191f
Soa1C	8/pppq1ppk/3p2n1/3P1N2/5PPp/5Q1P/Pr6/2R4K w - - 0 27	f3c3 f7f6 c3b2	1709	0g0p111o
TeFs3	r3k2r/1p3pb1/p1q1b1p1/4P2p/2BR1Q2/B7/PPP2PPP/2K4R b kq - 1 18	g7h6 f4h6 h8h6	1709	0111191g1o
U2pWd	r3r1k1/2q5/3b1pNQ/3pp3/6b1/pPp5/P1B2PPP/4R1K1 w - - 0 30	h6h8 g8f7 h8h7 f7e6 g6f4	1709	0r0y101316191g
V3v99	2rr2k1/p3bppp/Bp2p3/4B3/4n3/P3P2P/1P1N1PP1/2RK3R b - - 0 18	d8d2 d1e1 c8c1	1709	0i1315191o
WXaCs	2kr3r/ppp1qppp/8/8/2PnB3/2P3P1/P2BNP1P/R2QK2R b KQ - 0 13	e7e4 c3d4 e4h1	1709	0g0t191o
XRjTF	3N1k2/1pR3pp/3Np3/7n/1P1P1P2/4n2P/6r1/7K w - - 2 34	d8e6 f8g8 c7c8	1709	0p13151o
XqLIV	r2qrbk1/pp2n1pp/2p2p2/3p1N1P/3P2Q1/2P1B3/PP3PP1/R4RK1 w - - 1 23	f5h6 g8h8 h6f7	1709	0g0y191g1o
YVgSi	5rk1/ppp3pp/5q2/3p4/3Pn3/2P4P/PP2Q1P1/2B2RK1 b - - 7 23	e4g3 f1f6 g3e2	1709	0g0p0s1o
YhNH8	6k1/5p1p/4pKpP/3pP3/p2r4/n7/7R/8 w - - 0 44	h2b2 a3b5 b2b5 d4f4 f6e7 f4c4 b5b8 c4c8 b8c8	1709	0p13181l1w
ZXrW8	8/6p1/6kp/r1p1Rp2/P1p1n1P1/3r4/7P/R1B3K1 w - - 1 30	g4f5 g6f6 e5e4	1709	010p111o
c9ihT	5rk1/ppp2qpp/2n1b3/4p3/8/2NP4/PPP1Q1PP/R1B3KR b - - 2 14	c6d4 e2e1 d4c2 c1e3 c2e1	1709	0g0s1019
cFNCK	3r4/4kp1p/pN1npp2/8/1p6/1P1R1P2/r5PP/3R2K1 w - - 0 27	d3d6 d8d6 b6c8 e7d7 c8d6	1709	01050p0s101n
dhNFU	r4r1k/p5p1/1bp1B2p/2q1R3/5B2/6QP/PPb3P1/5R1K b - - 4 24	c5e5 f4e5 f8f1 h1h2 b6g1	1709	0g0y1019
faGG7	r3r1k1/pp3p1p/3p1q1B/3b4/7P/2Pp3R/PP1K1P2/R2Q4 w - - 0 21	h3g3 g8h8 h6g7 f6g7 g3g7	1709	010s1019
gEF7I	r2q1rk1/1b2bppp/p1p1pn2/2B1N3/4NP2/3P4/PPP3PP/R2Q1RK1 b - - 0 12	e7c5 e4c5 d8d4 g1h1 d4c5	1709	010s101c
gaS1D	4r3/1p2bkpp/pQ6/1q6/1P6/P3B3/5PPP/3RK2R b K - 0 28	e7b4 a3b4 b5b6	1709	010w191g1o
gbI1m	8/4RR1p/p5rk/3p4/p3p1B1/P5KP/1q6/8 w - - 0 40	f7h7 h6g5 h3h4 g5f6 e7e6	1709	0p0r1013161d
hKc4u	r1b2rk1/pp3Npp/4p3/2b1n3/8/3B4/PqP3PP/RN1Q1R1K w - - 0 17	d3h7 g8h7 d1h5 h7g8 h5h8	1709	050y101316191n
hMBjr	r2q1b1r/pp2kpp1/3ppn1p/1Bp3Bb/4P3/P1NP1P1P/1PP1QP2/R3K2R w KQ - 0 12	c3d5 e6d5 e4d5	1709	0j0k1315191g1n1o
hW79f	7k/1p4p1/7p/p7/r7/2P1Q1PP/5RK1/1q6 w - - 2 41	e3e8 h8h7 e8a4	1709	0g0p0s1o
hpkaB	8/P4p2/3kp3/1rNb2p1/6P1/6K1/2R5/8 w - - 1 46	c2d2 d6c5 d2d5 c5d5 a7a8q	1709	0001050p1011121h
i9oPk	rn1qkb1r/ppp2pp1/3p1n1p/3Pp3/4b1P1/2PB1N1P/PP3P2/RNBQK2R w KQkq - 0 9	d3e4 f6e4 d1a4 b8d7 a4e4	1709	010s101c
iLReM	r4rk1/1Q6/3qp2p/3p1p2/3P2n1/P4N2/1PP2PP1/1R2R1K1 b - - 0 26	f8b8 b7b4 b8b4	1709	01191o1t
iWPuT	8/pp3R2/2p3rk/4Qpq1/4p2p/2P3P1/PP3P1P/6K1 b - - 5 33	g5c1 g1g2 h4h3 g2h3 c1f1 h3h4 g6g4	1709	050p13171g1w
j4VlT	q4rk1/3pbp1p/4p1p1/8/5P2/2B3RQ/1P4PP/r3R2K w - - 6 27	h3h7 g8h7 g3h3 e7h4 h3h4 h7g8 h4h8	1709	051317191d1n1w
kUmFW	8/8/8/k2p4/1q6/3Q3P/3K4/8 w - - 3 64	d3c3 a5a4 c3b4 a4b4 h3h4	1709	0g0h0p101i
l7Ien	r2k3r/1p1B1Rpp/8/2b5/1p6/1P4P1/b1P4P/2KR4 w - - 4 31	d7c6 d8c8 c6b7 c8b8 b7a8	1709	0g0j0k0r0s1019
o0ESL	4r1k1/3N1p2/3Qq1p1/4p2p/4p3/6R1/7P/6K1 w - - 2 46	d7f6 g8g7 f6e8	1709	010p0s111o
o5XSh	r3r2k/p1p5/2ppp2p/4q3/2P5/P6P/2Q3P1/1R3R1K w - - 0 26	f1f7 e5g7 f7g7	1709	0g0p1o
oEHuV	r1b2rk1/5pb1/p6p/4P1p1/3N4/P5B1/5PPP/1R1KR3 b - - 5 21	f8d8 d1e2 d8d4	1709	0g191g1o
oFmqn	4r1k1/pp3p1p/6p1/6R1/1b6/4P3/qPK2PPP/2RQ4 b - - 0 29	e8c8 c2d3 c8d8	1709	0g0p1o
oRawn	r3r1k1/pp4p1/7p/3p4/3Rn3/2q3P1/P1Q2PBP/3R2K1 w - - 0 21	g2e4 c3c2 e4c2	1709	0g191o
ozRjK	6rk/pp6/5P2/3p3N/3n4/7b/PP3P1P/R2R3K b - - 4 26	h3g2 h1g1 d4e2	1709	0p13151o
pfXU3	2r1b1k1/p3P1p1/5P1p/1p6/3p4/P1pn2R1/6PP/4R2K w - - 0 34	g3g7 g8h8 f6f7 d3f2 h1g1 e8f7 g7f7	1709	000g0p1w
qJzlV	rr6/2R3R1/4p1kp/6p1/3P4/p3P3/5PPP/6K1 b - - 2 38	g6h5 h2h3 a3a2	1709	00010h0p111m1o
qWfwn	r2q1rk1/pppbbpp1/7p/4Q3/2P5/1P2P3/PB2BPPP/R3K2R b KQ - 0 13	e7f6 e5a5 f6b2	1709	01191o1p
r8CFF	r2qkb1r/4pppp/p4n2/n2p1b2/1Q1P1B2/2N1P3/PP3PPP/R3KBNR b KQkq - 2 9	e7e5 b4a4 f5d7 a4c2 e5f4	1709	010h101c
rbNn3	8/p2b4/5p1p/PPk5/7P/6K1/8/5B2 w - - 3 48	b5b6 a7b6 a5a6 b6b5 a6a7	1709	00080g0p10
rueUW	r5k1/pp2qppR/2p3n1/3p4/8/2PQ4/PPKN1r2/7R w - - 1 23	h7h8 g6h8 d3h7 g8f8 h7h8	1709	0d0i101316191n
suDSF	8/1p6/4p2p/3bQ1p1/1q2p2k/4P3/1N3PK1/8 w - - 0 39	e5h2 h4g4 h2h3	1709	0p13151o
ump9e	k2r3r/6Rp/2nq4/1Qpn4/8/3P1N2/PP2PP1P/1K1R4 b - - 7 27	d5c3 b2c3 d8b8	1709	01191g1n1o
uw0Wj	r2qr1k1/pp1N1pp1/2pb3p/3p1n1P/3n4/P1NQ3P/1PPB1P2/2K1R1R1 w - - 2 25	e1e8 d8e8 d7f6	1709	0g0y191g1o
vVbxC	2kr1b1r/pb5q/2p1pp2/1P1P4/2P2Np1/3B2B1/P1Q3P1/R4RK1 b - - 0 20	f8c5 c2f2 h7h1	1709	1315191g1o
vvr60	3r1k2/pp1r2pp/3np3/4PP2/8/2P5/P5PP/3RR1K1 w - - 0 23	f5e6 f8e7 e6d7	1709	000g0p1o
wP7A0	r5k1/ppp1b3/1q2P1b1/3P3p/1P2B1p1/P5P1/5r1P/R2QRN1K b - - 0 26	f2f1 e1f1 g6e4	1709	0g0i0y191o
wdpHQ	8/p3Rrkp/2pp2p1/5pP1/1q1P1N1P/3P1K2/8/8 w - - 1 32	f4e6 g7h8 e7e8 f7f8 e8f8	1709	0p101316
xGiHI	2b2rk1/1p3ppp/4p3/qQ1p4/1n2P1P1/1P3N2/rB3P1P/1K1R1B1R b - - 2 17	a2a1 b2a1 a5a2 b1c1 a2c2	1709	0d0r101316191k1n
xMPIM	r1b1kr2/ppppq3/1b3p1p/4N1p1/2BnQ3/6P1/PP3PP1/RN3RK1 w q - 0 15	e4g6 e8d8 e5f7 f8f7 c4f7	1709	01101c
xrsW6	6k1/5p2/1p2p1pR/p7/7Q/1B6/Pq3rPK/8 w - - 0 35	h4d8 g8g7 d8h8	1709	0p13151o1u
yDXsB	3Q4/5r1k/p2p3r/2pPp1p1/4P3/3q4/PP6/K2B3R w - - 2 39	h1h6 h7h6 d8h8 h6g6 d1h5	1709	050p0r101316
yOIiO	3r1rk1/pbp1n1pp/1p2pp2/1B6/4N3/2P1KN1P/PP1R2P1/7R b - - 4 18	e7f5 e3f2 b7e4	1709	010i191o
yWREk	5rk1/p2q2pR/1p6/3p2p1/P2P4/2P2R2/1P3K2/1B6 w - - 3 41	h7h8 g8h8 f3f8	1709	050i0p13151f1o
yYeBw	4k3/6p1/p1r1p2p/1p2p2P/3p2P1/1P1NrR2/P1P5/2K2R2 b - - 7 34	e3f3 f1f3 e5e4	1709	010p1o
ysFWy	6k1/pp2q1p1/5r1p/2b2p2/5P2/1P3QP1/P5BP/2R4K w - - 2 27	f3d5 g8h7 d5c5 e7c5 c1c5	1709	0g0p10
z1Hyc	r2q1b2/1bpp4/ppk1ppQ1/2P2n2/3P4/P3P3/1P2KP1P/RN4R1 w - - 1 20	g6g2 d7d5 c5d6 c6d7 g2b7	1709	0g0i0j0k0o10191g1p
zIGdc	8/p3B2p/1p4p1/4Q1bk/3pP3/4q2P/1P4PK/8 w - - 7 53	g2g4 h5h4 e7g5 e3g5 e5g3	1709	0p0s101316
0QO7L	8/6k1/p4p2/1pP1n1p1/1P2Q3/3q2P1/5P1P/6K1 w - - 1 40	e4d3 e5d3 c5c6 d3b4 c6c7	1710	00010p10
0hECP	6k1/pp1n1ppp/2p5/3p1PQ1/5n2/3B3P/PPPr1qNK/4R3 w - - 2 25	e1e8 d7f8 e8f8 g8f8 g5d8	1710	050y101316191n
0sS9u	5r2/1p3kpB/r1p5/4R1PR/5n2/1KP5/8/8 w - - 3 37	g5g6 f4g6 h5f5	1710	0d0p13151f1o
1P6X7	6k1/p5p1/bq2p1Pp/2p5/2p2PQ1/2P5/r7/2KR3R w - - 2 32	g4e6 b6e6 d1d8 e6e8 d8e8	1710	0p1013161n
1bjUo	3R4/4Bpkp/4p1p1/4Pq2/1P6/2P3P1/6KP/8 w - - 5 35	e7f8 g7h8 f8h6	1710	0j0k0p13151f1o
2oGhn	3q1rk1/1pp2ppp/1b1pbn2/r3p1B1/1Q2P3/2PP1N2/1P1N1PPP/R4RK1 b - - 3 14	c7c5 b4a5 b6a5	1710	01191o1t
2qBdK	8/8/8/5p2/PP2bK2/7k/8/8 w - - 1 60	b4b5 e4d3 b5b6 d3a6 f4f5	1710	080g0p10111l
32skh	1r1q1r2/2pb2k1/3p1p2/3B3R/3Q4/6P1/1P3P2/6K1 w - - 2 30	h5g5 g7h6 d4h4	1710	1315191g1o
37CCa	5r1k/1R4p1/5pP1/p1rq4/6P1/7P/5Q2/6K1 w - - 0 48	f2h4 d5h5 g4h5	1710	0g0p1o
4LLy4	r6k/p1p3R1/2p1b3/4pN1p/4P3/1P1P1q1n/P1PQ2RP/7K b - - 1 29	f3f1 g2g1 h3f2 d2f2 f1f2	1710	010y1019
4kna7	8/6R1/1pp4k/4B1pp/KPqP4/8/8/R7 b - - 1 38	c4a6 a4b3 a6a1	1710	0g0p1o1p
5hz6d	r4r1k/pp3Pb1/4N1bp/4p1N1/3n2PQ/1PpP1P2/P1Pq4/R4K1R w - - 7 23	h4h6 g7h6 h1h6 g6h7 h6h7	1710	0r0s101316191n
65dYh	1r1qk2r/p2n1p1p/2Q1p1p1/1Np1b3/8/8/PPPP1PPP/R1B1K2R b KQk - 1 13	b8b6 c6f3 b6b5	1710	01191o
6Tebi	4r3/pp3k1p/n1p3p1/3n2P1/4N3/1P6/P1P5/1Kb1R3 w - - 0 30	e4d6 f7g7 d6e8 g7f8 b1c1	1710	010p0s10
6dBxB	r4rk1/3b2p1/p1pp1p1p/1p2pP2/4P1Rq/P1NP3n/1PP1B1Q1/5RK1 w - - 2 29	g1h2 h3f4 g4h4 f4g2 h2g2	1710	010h1019
6oihf	R4Nk1/5ppp/1n1qp3/1pr5/8/6P1/1Q3P1P/6K1 w - - 2 29	f8e6 b6a8 b2g7	1710	0j0k0p1113151n1o
76n5U	6k1/5pb1/Q5p1/7p/1BP5/1P3N2/P4PPP/1q1n2K1 b - - 0 32	d1c3 f3e1 b1e1	1710	0j0k0p13151o
7Z5ud	5qk1/p5bp/3p1np1/1Np2pNn/5P2/3P1Q2/PPP3PP/4B2K b - - 0 21	f8e8 e1c3 e8b5	1710	010s1112191o1r
94E65	5q2/8/2Q2p2/1p2pk2/8/6RP/6RK/3r1r2 w - - 7 45	g3f3 f1f3 c6f3	1710	0g0p1o
95YwF	r1b4k/pp4pB/2nqpr2/3pb2Q/8/8/P4PPP/R3R1K1 w - - 2 20	h7g6 h8g8 h5h7 g8f8 h7h8 f8e7 h8e8	1710	0j0k0y1317191w
A8R6g	8/kp6/p2R4/4P3/3Pr3/1P4p1/2KRr3/8 w - - 2 47	d2e2 e4e2 c2d3	1710	010p1m1o
AyXJ2	r4k2/1q2bp2/pn1Bp1p1/2Q4p/RP1P4/7P/5PP1/2R3K1 b - - 4 28	b6a4 d6e7 b7e7	1710	010t191o
BrIMi	r2Rrk2/1pP2p1p/4b1p1/p7/8/P5P1/1P3P1P/3R2K1 w - - 7 34	d8a8 e8a8 d1d8 f8e7 d8a8	1710	050d0g0p10
CRthq	2r5/3qp1k1/3p1b2/pp1Q1R2/4P1r1/3P2P1/PP4K1/7R w - - 4 32	h1h7 g7h7 d5f7 g4g7 f5h5	1710	050r0x101316191n
CTTHx	r7/2k1q1p1/2prp2p/pp2P2P/3Q4/4B3/PPP2P2/1K6 w - - 0 28	e5d6 e7d6 e3f4 e6e5 f4e5	1710	0g0p0s101g
D95dj	k3r3/p1p2pp1/BpN1p2p/1Qq3n1/7K/4P1P1/PP6/8 w - - 0 29	a6b7 a8b7 c6a5 b7c8 b5e8	1710	050j0p1013161g1k1n
DryjM	2r4k/6Rp/p7/1p3p1N/8/r7/2p4P/6RK w - - 0 33	h5f6 a3h3 g7g8 c8g8 g1g8	1710	030p101316
EGEFj	r7/1p2Np1k/p6P/2p4R/5RP1/P3q3/1Pn3K1/8 w - - 0 33	f4f7 h7h8 e7g6 h8g8 f7g7	1710	0p0r1013161x
ES7qz	6k1/4q1Pp/4Qnb1/1p4N1/3P3R/pP2P1P1/Pr6/2K2R2 b - - 0 32	e7e6 g5e6 b2b1 c1d2 b1f1	1710	010r10191p
ESXt3	1r6/6P1/4knN1/8/8/2B5/1PK5/8 w - - 0 56	g6f8 e6f7 c3f6	1710	0g0p1o
FzvfM	rnb1k2r/1pp2ppp/p3p3/2Pp3q/3P1B2/P3PPn1/1P1bK2P/R2Q1BNR w kq - 0 11	f4g3 d2e3 e2e3	1710	010t191o
Gjq8K	6k1/1p3r1p/p5p1/8/PP2p3/1Q2P1q1/5P1R/5K2 w - - 0 33	b3f7 g8f7 f2g3	1710	0g0p1o
Gxjn4	r2q1k2/p2bp2p/5bp1/n2Q2B1/3Pp1P1/2P5/PP2N2P/5RK1 w - - 2 19	g5h6 f8e8 d5g8	1710	1315191o
KATOK	r3r1k1/1p3pp1/2p1n2p/p2bP3/5P2/P2BB1qP/1P2Q1P1/R4RK1 b - - 6 22	d5g2 e2g2 g3e3	1710	0g0i0y191o
KoXiM	2k5/p1q5/1pp3B1/5N2/2PPQ1n1/B1P1p3/P5Pr/3R2K1 b - - 0 31	h2h1 g1h1 c7h2	1710	051315191n1o
LDkF7	8/pb5p/1p2k1p1/3n3r/2R2P2/2P3P1/PP4B1/2B2K2 b - - 0 37	b7a6 f1f2 a6c4	1710	010p1g1o
LW7s5	4r1k1/3P1ppp/p7/1p3p1n/8/2N2b1q/PPPQ3P/3R1RK1 b - - 0 24	h3g4 d2g2 g4g2	1710	0y1315191o
MMiYn	8/6k1/3p4/2p2P2/8/1P6/Pr6/2K5 w - - 0 45	c1b2 g7f6 a2a4 f6f5 a4a5	1710	0g0h0p0t101l
MPPM7	5Nr1/ppp2q1k/7p/4Pp1P/r2P4/1bP3R1/5P2/1QK3R1 b - - 1 30	f7f8 b1b3 a4a1	1710	01191o
N4GtT	5rk1/7p/4R3/p4p2/2P5/p2P1P1P/1P6/6K1 b - - 0 35	a3a2 e6e1 f8b8	1710	000g0p1m1o
NCNbx	r7/4p2p/2Rpkpp1/prb5/2R1P3/1P3P1P/P2B2P1/7K w - - 1 27	a2a4 b5b3 c4c5	1710	010p1g1o
NHfNA	5r1k/ppp3p1/8/3p4/1P1P1rBq/2PQ3P/P5P1/6RK w - - 9 31	g2g3 f4f3 d3f3 f8f3 g3h4	1710	010p0s10
NXsVv	r1b2rk1/3pbppp/p1p1p3/4P3/P4P2/2nB1Q2/1qPB2PP/R4R1K w - - 0 16	d2c3 b2c3 d3h7 g8h7 f3c3	1710	010j1019
OECkS	r1r3k1/1p3ppp/1q2pn2/p2pNb2/1b1P1B2/1N2P2P/4BPP1/R2Q1RK1 b - - 1 15	f5c2 d1c1 c2b3	1710	010v191o
OdmwV	1k1r3r/pp1q2p1/6n1/3QP2p/P1P2p2/RPN5/6PP/4R2K b - - 0 24	d7e7 d5e4 e7a3	1710	01191o
OdxML	r2qkbnr/1p2p2p/p5p1/2pPpbQ1/2P5/8/PP3PPP/RNB1KB1R b KQkq - 1 10	f8h6 g5g3 h6c1	1710	01191o1p
OgfS5	r3k2r/pp3pp1/1q2bb1p/2np1B2/8/2N1PN1P/PPQ2PP1/R3K2R b KQkq - 1 16	e6f5 c2f5 b6b2	1710	01191o
PCBnG	r3r1n1/pp3pk1/4b1p1/3pq3/6PQ/2NB4/PPP5/K4n1R w - - 0 28	h4h8 g7f8 h8e5	1710	0g191o1p
Pg9h3	6rk/p4p2/1p2pR1p/2nqP2P/1p1N4/1P1PQ2K/P1P1N1r1/R7 b - - 0 30	g2h2 h3h2 d5g2	1710	051315191n1o
QAMft	1r1q1rk1/p2n2pp/2Qbpnp1/1N1p4/3P4/4PN2/PP3PPP/R1B2RK1 b - - 6 13	b8b6 c6c2 b6b5	1710	011c1o
QH8A5	Q3B3/p5bk/6pp/5pP1/2pq1P2/2n4N/P7/7K w - - 0 34	e8g6 h7g6 a8e8 g6h7 g5g6	1710	050p1013161n
QXwOP	4r1rk/5p1p/pq3PpQ/1p6/2p1b3/5R2/PP4PP/1B5K w - - 0 27	h6h7 h8h7 f3h3	1710	050y1315191n1o
QpKkw	r4rk1/6p1/1p1bp1p1/p2p4/3P2P1/1NP4R/PP2Qq2/1K1R4 w - - 0 24	e2e6 f2f7 e6d6	1710	0g0s191o
REKcl	4r1k1/pp1bq2r/8/3PBn2/1P2BPp1/P2P2p1/4R1Q1/5RK1 b - - 2 36	h7h2 g2h2 g3h2	1710	00010y191o1t
RQflx	3q1nrk/p4p1p/1p1p1PpB/4n3/4P1PQ/P2p2R1/2r2R1P/6K1 w - - 2 30	h6g7 g8g7 f6g7 h8g7 h4d8	1710	000g0y101119
Rtdes	r3r1k1/1pp1R3/p1p1N3/4N3/4b1P1/7K/P4b1P/8 w - - 4 29	e7g7 g8h8 e5f7	1710	1315191o
SZmPC	r4rk1/1p1q2p1/4pP2/3p3Q/1b1n4/7R/P4PPP/5RK1 w - - 0 25	f6f7 d7f7 h5h7	1710	001315191o
Tw45P	r2q1b1r/pp2k1pp/1n2p3/3np3/3P4/2N5/PP2QPPP/R1B2RK1 w - - 0 18	c1g5 d5f6 d4e5	1710	010w1c1o
TyMFi	r1b1k2r/pp1n1ppp/2p2n2/4BN2/1b1Pq3/2N5/PP1Q1PPP/R3KB1R w KQkq - 8 13	c3e4 b4d2 e4d2	1710	011c1o
UF9Gk	1r1r4/p5p1/2k1p2p/P1P1Pp2/2P2P2/4K3/n2B1P1P/R6R b - - 2 33	b8b3 e3e2 b3b2 h1d1 a2c3 e2e1 c3d1	1710	0g0p1g1w
UXDYt	3k4/3P4/1pK1P3/p7/P2b4/8/7p/7B w - - 1 48	e6e7 d8e7 c6c7	1710	00080g0p1o
WcUsF	1k2r2r/1p3ppp/p1Pq4/8/7R/PN3nPQ/1PP2P2/2KR4 b - - 0 21	d6d1 c1d1 e8e1	1710	051315191k1n1o
XudND	8/1R1nk2N/3p2p1/2bq1pP1/7P/p1P2p2/3P4/KR6 w - - 0 42	b7d7 e7d7 h7f6 d7c6 f6d5	1710	01050p0s101n
ZzEas	2r1kb1r/p3pppp/2ppb3/6B1/Q7/8/P1P1NPPP/qN3RK1 w k - 4 15	b1c3 a1b2 f1b1 b2b1 c3b1	1710	010d10191l1t
a90xs	1rrR4/5ppk/4p2p/p7/2p2P2/P5P1/1q5P/2QR2K1 w - - 2 40	c1b2 b8b2 d8c8	1710	0g0p1o
a9wm1	8/1Rp5/3p3p/2pPp1k1/2P1P1P1/r4PRK/5r2/8 w - - 0 42	f3f4 f2f4 g3a3	1710	0g0j0p111m1o
aq275	1rbq2k1/pp5p/2p3p1/3pN3/2PPp3/1Q2P2P/PP6/2K2R2 w - - 1 26	e5c6 d8c7 c6b8	1710	010p1o
b07T7	r1b1kbnr/pp3pp1/2p4p/4q3/2B1P3/2N5/PPP3PP/R1BQ1RK1 b kq - 1 10	e5c5 g1h1 c5c4	1710	010s1c1o
cXYe7	3r4/8/k6P/P1p2R2/2r5/P7/3p2P1/3R2K1 b - - 0 39	c4c1 f5f1 c1d1 f1d1 c5c4 h6h7 c4c3	1710	0g0p111l1m1w
cuoJm	8/p5p1/1p3pB1/2b2Pk1/5R2/1P4KP/3r1P2/8 b - - 6 36	c5d6 h3h4 g5h6 g3f3 d6f4	1710	0g0p101g
eY6Zv	r7/3R1p2/7p/P1k2Kp1/2P2p2/2B3r1/8/8 w - - 2 35	d7c7 c5d6 c3e5	1710	0p13151o
eaSuf	3rk3/p6p/1p1bpp2/4q3/8/3QBP1P/PP4P1/3R1RK1 b - - 2 27	e5h2 g1f2 d6g3 f2e2 d8d3	1710	010j1019
eyr06	1k6/pp4pp/2p5/3q4/3P4/2P2nKP/PPR2P2/3Q4 b - - 6 32	d5g5 g3f3 g5h5 f3e3 h5d1	1710	010p10111n1p
fvsp8	4r3/1ppb1k2/3p3r/p2P1P2/2Pq4/4R2P/PP3QP1/4R2K w - - 1 33	e3e7 e8e7 e1e7 f7e7 f2d4	1710	0e0g0r0s1019
iD9Yp	8/6p1/4pp2/1p2Pk2/pPrr1P1p/b1P1K3/P5R1/6R1 w - - 0 37	g2g5 f6g5 g1g5	1710	0p13151n1o
iN7d1	r2qr3/1b4pp/p3kb2/1p1nn3/4N3/1B6/PP4PP/R1BQ1RK1 w - - 4 18	e4c5 e6e7 c5b7 d8b6 g1h1 b6b7 b3d5	1710	010s191w
iPUe5	r1b3k1/ppp4R/4p2R/4r1p1/2P5/1P1B4/Pq4P1/3K4 w - - 0 29	h7h8 g8f7 h6h7 f7f6 h8f8	1710	0r101316191f
iik1b	5rk1/ppp5/3p4/7q/3NR1n1/1P4Q1/P1P3P1/6K1 b - - 4 30	h5h1 g1h1 f8f1	1710	050p13151n1o
j5KdU	r2q1rk1/1p4pn/p1bp3p/2pN4/P1Bpp3/1P1P3P/2PQ1PP1/R3K2R w KQ - 0 19	d5e7 g8h8 e7g6	1710	0k0m0y1315191o
jAGRV	8/1R3p1p/1b3pk1/p6r/P3KP1r/1NP5/1P6/4R3 b - - 0 31	h5e5 e4f3 e5e1	1710	010p111g1o1p
jW5yN	7k/5Qp1/p3pbP1/4P2P/2P5/q7/3p3K/8 w - - 0 44	f7e8 a3f8 e8f8	1710	0p13151o
jyj93	4r2k/7p/5pp1/8/4QP2/1P5P/r4qP1/4R2K w - - 0 31	e4e8 h8g7 e1e7 g7h6 e8f8 h6h5 e7h7	1710	0i0p13171w
kMkwS	1r1q2k1/p1p3p1/2QbRr1p/8/3P3B/5N2/Pn3PPP/R5K1 b - - 1 19	f6e6 h4d8 d6h2 g1h2 e6c6	1710	010j10191n
lPHT1	5k2/1R6/3p2p1/Pp4Pp/5PP1/7K/1Prr4/R7 b - - 0 39	d2d3 h3h4 c2h2	1710	0p13151m1o
mD9KG	r3k2r/pp3ppp/3qpn2/b2p4/3P4/P1N1P3/1P1B1PPP/2RQK2R w Kkq - 2 14	d1a4 d6d7 a4a5	1710	010s191o
nQVQr	r3k1nr/pppbq1pp/3p1p2/1P6/Q1PB4/6P1/P2PPP1P/R3KB1R b KQkq - 0 12	e7e4 f2f3 e4d4	1710	010s191o
noqZd	r5k1/1ppb1qpp/2p2p2/p1Q5/8/P2P1N2/1PP3PP/4R1K1 w - - 2 20	e1e7 f7f8 c5c4 g8h8 e7d7	1710	0g0p10
nwjre	8/8/pp1k4/2P2p2/PP1K3p/7P/8/8 b - - 0 49	b6c5 b4c5 d6c6 a4a5 f5f4 d4e4 c6c5	1710	0g0p1e1l1w
nytUp	r5k1/pp1q3p/2p1QBp1/5n2/3P4/6P1/PP3P1P/4R1K1 b - - 4 27	d7e6 e1e6 g8f7 d4d5 c6d5	1710	010p10
olLPG	8/8/8/3k1pK1/p3bP1P/B5P1/2p5/8 w - - 1 55	h4h5 d5c4 h5h6 c4b3 a3c1	1710	00080g0p1011121r
pDVzT	3r1rk1/p5p1/7b/7R/3P2Q1/4q1BP/P6K/4R3 b - - 5 38	f8f2 g3f2 e3f2 h2h1 f2e1	1710	0g0s10191n
pXDF6	5k2/5p1p/p3p1pb/1p6/3QP3/1R1B2P1/2rq1PKP/8 w - - 4 35	d4h8 f8e7 d3c2	1710	010p1o
pYDio	2kr3r/2pq2pp/2ppbb2/PB3p2/2P1p3/3P3P/5PP1/R1BQK2R w KQ - 0 18	b5a6 c8b8 d1b3 b8a7 b3b7	1710	101316191k
ps8FY	4r2k/4qpp1/8/2b5/5Q2/2B4P/PPb2PP1/3R2K1 w - - 0 31	f4h6 h8g8 h6g7	1710	1315191g1o
rFSi6	r1bqk2r/pp3ppp/2n1p3/8/2PN1P2/4nNP1/PP1Q3P/R3KB1R b KQkq - 0 14	c6d4 f3d4 d8d4 d2d4 e3c2 e1d2 c2d4	1710	01050r0s111c1n1w
tdLIo	3r1k1r/6p1/p1B1Q3/3p1pqP/6n1/P7/1PP5/1K2R2R b - - 0 33	h8h6 e6e2 h6c6	1710	01191o1p
tnVtA	7k/pp3p2/3b1q1p/2pP1P2/8/2P3rP/PPB1Q3/6RK b - - 6 34	g3h3 h1g2 h3h2 g2f1 h2e2	1710	0g0p0r101p
u2hdG	r4r2/bp3pkp/p1p2P2/P2p4/BP2P3/2P2N1q/3Q1P2/R4RK1 b - - 0 22	g7h8 d2g5 f8g8	1710	0g0h191g1o
uIQ8m	1r1k1b1r/1bp2ppp/p7/1Q2P1q1/2pP4/5P2/PP4PP/RNB2RK1 b - d3 0 14	g5c1 f1c1 a6b5	1710	01191o
uT4Ui	5k2/pR4p1/6Bp/1P1p3P/2p5/4q3/2P5/3K4 w - - 2 42	b7b8 f8e7 b8e8 e7d6 e8e3	1710	0g0p101p
wMHqx	4r1k1/2R5/1Q5p/5p2/1P2q3/P5P1/4PP1P/3r1BK1 b - - 0 37	d1f1 g1f1 e4h1	1710	050p13151n1o
wx8Wn	q4rk1/5pbp/4pnp1/1Q6/3P4/5N2/1B3PPP/5RK1 b - - 2 20	f8b8 b5e2 a8a2 f1a1 a2b2 e2b2 b8b2	1710	01191w
y2PrN	8/5pp1/7k/4P3/3r1PKp/5P2/7R/8 b - - 2 45	g7g5 g4h3 d4f4	1710	010p1m1o
yVlrX	r3kr2/ppp2pQ1/4b1p1/2b1R2p/2P5/8/PPP2PqP/1K1R4 w q - 0 20	e5e6 c5e7 e6e7 e8e7 g7e5	1710	0510131619
ykAvO	r2qkbnr/pp3ppp/4p3/2npP3/3B4/1P1Q1N2/P1P2PPP/RN2K2R w KQkq - 1 10	d4c5 f8c5 d3b5 d8d7 b5c5	1710	010s101c
z592f	6k1/1R6/7P/6P1/2p5/4KP2/1pr5/8 b - - 0 41	c2c3 e3f4 c3b3	1710	0g0p1m1o
zJdfy	2br2k1/pp4pp/5n2/1Np1N3/6P1/2P4P/PP2K3/3R4 b - - 1 31	d8e8 e2f3 e8e5 d1d8 e5e8 d8e8 f6e8	1710	010p1g1w
zN3dv	2kr1r2/ppp1q3/3p4/5pB1/6Q1/1B1P1p1P/PPP4K/R4R2 b - - 0 20	e7e2 h2g1 f5g4	1710	0g191o
0aAQ6	rn2kb1r/ppq2ppp/4p3/5b2/3P1Q2/5N2/PP2PPPP/R1B1KB1R b KQkq - 3 10	f8b4 c1d2 c7f4	1711	0g1c1g1o
0mL5w	5rk1/1p1b2r1/1qp1pBBQ/p4pp1/3P4/P6P/1PP2PP1/R4RK1 b - - 0 23	f8f6 g6h7 g8f7	1711	010h191o
1D6IB	r2q2k1/3bpr1p/5bpQ/1NpPp3/4P3/8/PP2BPP1/R3K2R b KQ - 0 17	d7b5 e2b5 d8a5 h6d2 a5b5	1711	010s1019
1Irkk	Q7/pp2q1p1/1b2p1k1/2Np1r2/3P2p1/4B3/PP3N1K/6R1 b - - 1 30	e7h4 h2g2 f5f2 e3f2 h4h3	1711	0r101316191n
1Wq2i	3r2k1/ppp2pp1/6p1/8/P1P4R/1q1n3P/1B3P1K/2Q5 w - - 3 34	h4h8 g8h8 c1h6 h8g8 h6g7	1711	050p1013161g1n
1v83T	4Rb1k/1p4pp/p5p1/8/P1q5/7P/3Q1KP1/8 b - - 16 45	c4f7 f2g3 f7e8	1711	0g0p0s1o
2nDDT	3r2k1/5p1p/p3pp2/2pr4/5q2/2P4P/PPQ2PP1/3RR1K1 b - - 1 22	d5d2 d1d2 d8d2	1711	010e0p1o
30vBs	r4rk1/6np/1qp1p1p1/2N5/1p3R2/8/P2Q2PP/5R1K w - - 0 27	f4f8 a8f8 f1f8 g8f8 c5d7	1711	050g1019
40Qsl	7k/pp1Q2p1/3p3p/8/3qr3/7P/P5PK/4R3 w - - 0 27	d7c8 h8h7 c8f5	1711	0g0p1o
5L9ae	1r6/p5p1/1b3r1k/5q1p/2QP3R/PP3pP1/5P1P/6RK w - - 1 31	g3g4 f5g5 h4h5 g5h5 g4h5	1711	010s1019
6f9hI	r2b3R/1p3k2/3p1pq1/2p1p1p1/p1P1P3/2P3BQ/PP3P2/2K5 w - - 4 30	h3d7 d8e7 h8a8	1711	0g0p1o
7QAuo	2r3k1/1R2Q1pp/4p1r1/p3B3/P1q1PP2/3p3P/3q2PK/8 w - - 2 41	e7f7 g8h8 e5g7 g6g7 f7g7	1711	10131619
A531V	1r5k/7p/6p1/1p1p4/pn6/4P3/PqrQ1PPP/1RR3K1 w - - 0 29	b1b2 c2d2 b2d2	1711	01191o
AXiUI	7r/1R2p1k1/p2pqpp1/6r1/2P2Q2/P6P/5PPK/5R2 b - - 2 31	g5g2 h2g2 e6h3 g2g1 h3h1	1711	050p1013161n
AiNiL	6k1/2p2p2/p4qpQ/8/Prp1b1pR/5P2/8/3R1K2 w - - 1 32	d1d8 f6d8 h6h8	1711	0p13151n1o
D9VVL	1Q6/5pkp/2p3p1/4n3/4NnP1/3r4/PP3P1K/2R5 b - - 5 43	d3h3 h2g1 e5f3 g1f1 h3h1	1711	0p0r101316
DnMnq	r1b1q1k1/pp3p2/5p1p/2pp1N2/2P5/P2Q4/1P3PPP/R5K1 w - - 0 19	d3g3 g8h7 g3g7	1711	0p13151o
FGbej	4b3/1k6/p1pK1Bp1/P4p1p/1P3P1P/6P1/8/8 w - - 13 55	d6e7 c6c5 e7e8	1711	080g0p1o1t
FLOfk	3r2k1/3q1p2/pp2r1pp/2pn4/P2pB3/1P3Q2/6PP/4RRK1 w - - 2 29	e4d5 e6e1 d5f7 g8h7 f1e1	1711	011019
HMXJB	r3k2r/pp2qpQp/2p5/3pn3/8/1B6/PPP2PPP/RN2R1K1 b kq - 0 14	e5f3 g2f3 e7e1 g1g2 e8c8	1711	0c0g0h0j0y1019
I4SxZ	7r/k1pq4/p4p2/Q2P1b2/3N4/2N3p1/PP4P1/R3R1K1 b - - 2 28	h8h1 g1h1 d7h7 h1g1 h7h2 g1f1 f5d3 e1e2 h2h1	1711	051318191g1n1w
IOMAR	8/3R2p1/4kp2/8/6PP/3BnP1K/8/1r6 b - - 14 50	b1h1 h3g3 e6d7	1711	010p1o
Jz1Ks	4R1k1/6pp/8/3p4/rq1P4/5P2/6PP/Q5K1 b - - 1 33	g8f7 a1e1 b4d4 g1f1 a4a1	1711	0g0p101g
KCGQQ	6rk/p2rR1p1/1p2R1Qp/8/8/P1P4P/6PK/3q4 w - - 0 34	g6h6 g7h6 e6h6	1711	0p13151n1o
KX9Lr	5rk1/2RQ1bpp/4Np2/8/p5P1/P4P1K/5q1P/8 w - - 11 41	d7f7 f8f7 c7c8 f7f8 c8f8	1711	0p1013161n
LpzOc	r3kb1r/pp1b1ppp/1qn1p3/3pP3/8/PnNB1N2/1P3PPP/R1BQ1R1K w kq - 4 12	c3a4 b6c7 d1b3	1711	011c1o
M4nq8	6rk/p4p1p/1bp2P2/3p2R1/2P5/1P3QP1/2q2P1P/7K w - - 4 28	g5g8 h8g8 f3g4 g8f8 g4c8 b6d8 c8d8	1711	050p13171w
M8UT4	r3k2r/ppqn1pp1/4p1p1/3N4/3P3b/8/PPPBQ1PP/R4RK1 b kq - 0 16	c7h2 g1h2 h4f2 d2h6 h8h6 e2h5 h6h5	1711	0j0k0y1317191f1n1w
MeN1V	r2q1rk1/pp2bppp/2np2b1/2p1p3/4n2N/2PPB1NP/PP2BPP1/R2QK2R w KQ - 0 12	h4g6 e4g3 g6e7 d8e7 f2g3	1711	010y101c
Mh6kC	8/8/p1k5/5p1p/PPK1p2P/5P2/8/8 w - - 0 43	f3e4 f5e4 c4d4	1711	0g0p1e1o
Q0sKZ	r3kr2/3p1p2/b1p1p3/p1q1P2p/P7/2PBQ1PP/2P2P2/R3K2R b KQq - 4 18	c5c3 e1e2 c3c2	1711	0g0s191g1o
QWEuw	6rk/7p/R7/1P6/4n3/8/4n2P/5R1K b - - 0 44	e4f2 f1f2 g8g1	1711	0p13151n1o
RJ3P8	1r1r4/q5kp/p1P3p1/5p2/P1QppP2/8/2P3PP/1R3R1K w - - 1 32	c6c7 b8c8 c7d8q	1711	000g0p0s1h1o
RKjW4	1r6/4Nk2/3P2R1/4P2p/5P1P/3K4/1p6/2q5 w - - 0 49	e5e6 f7f8 g6g8	1711	0p0u13151o
S7Heg	2b1k2r/5pbp/2p3pn/2Pp4/1P2p2q/2P1P2P/5PPK/BN1Q1RN1 b k - 1 16	h6g4 h2h1 g4f2 f1f2 h4f2	1711	0g0s10191g
SbiDf	3k4/3r3p/5R2/p4P2/P1ppKPP1/8/2P4P/8 b - - 0 38	d4d3 c2d3 c4d3 f6b6 d3d2	1711	000g0p101m
Sf2ty	6k1/1p1r3p/p1p5/2Ppq3/PP3pr1/3B4/2Q1N2P/5R1K w - - 2 30	d3f5 d7g7 f5g4	1711	010s191o
Tn8iP	r3r2k/1p3p1p/8/p2P4/2P1BB1q/P3b3/1PQ4P/5R1K w - - 3 22	c2c3 f7f6 c3e3	1711	0g0s191o
Uw8fR	r2qkb1r/4pppp/p1n3b1/1p1p2P1/3Pn3/1BN4P/PPP2P2/R1BQK1NR w KQkq - 1 11	b3d5 a8c8 d5e4	1711	01191o
XKQMg	5rk1/5pp1/p4Pb1/1p2P2p/3q2NQ/P6P/1Pr2R2/R5K1 w - - 0 31	g4h6 g8h7 h4d4	1711	0g0j191o
XabqP	r1b2Q2/pp6/5pkp/2p4q/3p1B2/P2P2P1/1PP4P/6K1 w - - 5 28	f8e8 g6g7 e8h5	1711	0g0i0p1o1p
ZSpNc	5Qrk/p1b3rp/1p2p3/4P3/3P2R1/4P3/4q1P1/2B2RK1 w - - 0 31	f8g7 g8g7 f1f8 g7g8 g4g8	1711	0d101316191n
aX4T6	5Q2/6p1/3p3k/p1p1pB2/4P2p/2P2P1P/1r4PK/3q4 w - - 5 44	f8h8 h6g5 h8g7 g5f4 g7h6	1711	0i0p0r101316
adpLP	4rrk1/ppn2p1p/1q1p2p1/2pP4/2P1Rb2/P2B1N1P/1PQ2PP1/4R1K1 w - - 2 20	e4f4 e8e1 f3e1	1711	0g0t191o
auIqY	r1b2rk1/4bpp1/3p3p/2pn4/1p6/pP1P3P/P1PNBPP1/R1B1R1K1 w - - 2 20	e2f3 c8e6 f3d5 e6d5 e1e7	1711	0b0g1019
cJEkC	2r1r1k1/5p1q/p4P2/1p6/2p5/2P1Q3/PP5P/4R2K w - - 0 38	e3e8 c8e8 e1e8	1711	0p13151o
eraJo	4r1k1/1R3p2/p3qbp1/3p1N2/3Pn1Q1/2r1B2P/6P1/5RK1 w - - 3 34	f5h6 g8f8 b7f7 e6f7 h6f7	1711	011019
f0HIr	8/ppp5/8/3b1kp1/1PpP2p1/P1P1P1P1/2K5/2N5 b - - 0 35	f5e4 c2d2 e4f3	1711	0g0p1o
fav6U	6k1/p3B1b1/2N3pp/2p2p2/3p4/1P2pP2/P5PP/5K2 b - - 1 29	d4d3 e7c5 e3e2 f1f2 g7c3	1711	000g0h0p10
feK9Q	4b1k1/pp4p1/4Pq2/3p1r2/2p2r2/P1P2BQP/2P2PP1/R4RK1 b - - 0 27	f4f3 g2f3 f5g5	1711	0111191g1n1o
hFa4M	2k1r3/1p3ppp/p1p5/4rq2/8/2QB1P2/1P3P1P/2R1R1K1 b - - 1 21	e5e1 c1e1 e8e1 c3e1 f5d3	1711	011019
hLOJx	5k2/5p1p/p1q3p1/8/4R2P/2P1Q1P1/5P1K/1r6 b - - 0 33	f7f5 e4e8 c6e8	1711	0g0p1o
hwy40	1r4k1/2p2ppp/8/4Q3/1qP5/3P4/1Pn1BPPP/r2R1K1R b - - 4 21	b4e1 d1e1 a1e1	1711	1315191n1o1y
jOXSD	r3kb1r/pp3p1p/2n1pp2/2p5/2P5/1P3N1P/P2NQPq1/2KR3R w kq - 0 15	d1g1 g2h1 g1h1	1711	01191o1t
jS5qM	6k1/1b3pp1/7p/p1p1r3/4N3/5PP1/PPP4P/4R1K1 b - - 0 24	f7f5 g1f2 f5e4	1711	010p1o
jhW5C	r1b1k2r/pp2bpp1/2p1p1p1/2q3B1/8/5N2/PPPQ2PP/2KR3R w kq - 0 16	d2d8 e7d8 d1d8	1711	1315191d1n1o
kyPSv	r1bB1rk1/ppp2ppp/8/3Pp3/1bPnn3/2N3P1/PP2NP1P/R2QK2R b KQ - 0 11	d4f3 e1f1 c8h3	1711	13151c1o
l7wYr	4r1k1/2R2p1p/5Q2/p3nN1q/8/Pb4P1/5PB1/6K1 b - - 6 32	e5f3 g2f3 e8e1 g1g2 h5h1	1711	0d101316191n
lQttC	8/7p/4q1p1/p1p3Pk/8/6KP/5Q2/8 w - - 0 41	f2f3 h5g5 f3f4 g5h5 f4h4	1711	0p1013161i
mEHfv	8/pkp5/4R3/8/2NPp3/1P2Kp2/P1r5/8 b - - 3 35	c2e2 e3f4 f3f2 c4e3 e2e3 f4e3 f2f1q	1711	00010p1h1w
mhOdY	8/6p1/5p1k/4pK2/pr2R2P/N5P1/8/8 b - - 5 47	g7g6 f5f6 b4e4	1711	0g0i0p1o
nNwMd	rnb1kb1r/3p1pp1/p3p3/1pp1q1N1/5Pp1/2NP4/PPP1B1P1/R1BQ1RK1 b kq f3 0 11	e5d4 f1f2 g4g3 c3e4 g3f2	1711	00010y101c
nfLYl	8/8/p7/6R1/4kB2/1rq3P1/5PKP/2N5 w - - 1 45	g5e5 c3e5 f4e5 b3b1 e5f4	1711	010h0p10
pENp0	3k4/8/7p/p4pP1/r2P4/4PK2/5P2/8 w - - 0 41	g5h6 a4a1 f3g2 a1c1 h6h7 d8d7 h7h8q	1711	000g0p1h1m1w
ps0je	7k/2Q2pp1/7p/8/3q4/6B1/PP1prPPP/3R1K2 b - - 1 32	e2e1 d1e1 d4d3 f1g1 d2e1q	1711	000i0p1013161h1n
puSAY	8/pp2r3/2p3k1/3p1bp1/8/2P2PN1/PP3KP1/7R w - - 6 32	h1h6 g6h6 g3f5 h6g6 f5e7	1711	050g0i0p0s10111n
pv5VZ	4r1k1/2R3p1/1p4p1/3p2q1/N2P1b2/1P3P1P/PBQn1P2/3KR3 b - - 2 29	e8e1 d1e1 g5g1 e1e2 g1f1	1711	050r10131619
qwxQG	r3n1k1/pp3p1p/3q1BpQ/2pP4/1bPp2P1/5R2/PPB1rP1P/R5K1 w - - 5 23	h6h7 g8h7 f3h3 h7g8 h3h8	1711	050y101316191d1n
ssj3z	5rk1/R6p/3p2p1/2p2b2/4N3/2Pn1B2/Pr5P/4R2K w - - 0 25	e4f6 f8f6 e1e8 f6f8 f3d5 f5e6 d5e6 g8h8 e8f8	1711	0d1318191n1w
t72dZ	8/8/2k3pp/p1Pp2P1/P2K3P/8/8/8 b - - 0 33	h6h5 d4e3 c6c5	1711	0g0p1e1l1o1z
uGmEI	4r3/1p2kb1P/p4R2/2p3P1/3nrB2/8/1P1R1K2/8 w - - 5 34	f4d6 e7d7 d6c5	1711	0g11191o
udnNg	r2q1rk1/pb3ppp/1pnbp3/2ppN2n/3P1B2/2PBPN2/PP3PPP/R2Q1RK1 w - - 8 11	d3h7 g8h7 f3g5 d8g5 f4g5	1711	050g0y10191n
ujDpq	4r1k1/1p3ppp/pPrp2b1/2pN2q1/3bP1P1/6BP/1PQ2P1K/4RR2 w - - 7 25	f2f4 g5d8 f4f5	1711	01191o
vDiXv	6k1/ppp2pp1/3q3p/8/2PP4/P2Nr1nP/1PQ2RPK/R7 b - - 0 26	g3f1 h2g1 d6h2 g1f1 h2h1	1711	0k0m101316191n
wP8dd	8/5p1k/4p1p1/2P4p/P4Q1P/3r2P1/4qP2/2R3K1 b - - 4 46	d3f3 f4f3 e2f3 c5c6 f3a3	1711	010p10
xNtt4	2kr4/ppp4p/2b2R2/8/8/1B2r2P/PP4P1/3R2K1 w - - 1 21	b3e6 e3e6 d1d8 c8d8 f6e6	1711	0g0p10
xVv1W	6r1/1pp2R2/1b1p4/pPk5/P3Pp2/2PP2P1/2K5/8 w - - 0 36	f7f5 d6d5 f5d5	1711	0p13151o
z59UE	5k2/p1r5/Qp2pq1p/3b1pp1/P2P4/2P2P2/6PP/2R1R1K1 b - - 0 27	d5c4 a6b5 c4b5	1711	010p111o1t
0KiZf	2Q5/6pk/1N2p2p/P4p2/7r/5P2/1q3P1P/4RK2 b - - 4 38	h4h2 c8c5 h2h1 f1g2 h1e1	1712	0g0i0p101p
1Fu6Y	2r1r1k1/5pp1/Q1p3p1/3p4/5q2/P3PPb1/1P1BKRP1/2R5 w - - 13 29	a6c8 e8c8 e3f4	1712	0g191o
1RCHv	3r1rk1/7p/3b4/p2p4/2p2P2/P1B5/1P1R3P/2K1R3 w - - 0 30	d2g2 g8f7 g2g7	1712	0p1113151d1o
24hwu	r7/3r1ppk/p3q2p/4R3/3Q1P2/7P/6P1/R5K1 w - - 5 33	d4e4 e6g6 e4a8	1712	0g0p0s1o
32fGT	1k1r4/pp3p2/4bn1p/2R3p1/1n6/4P2P/3NBPP1/4K2R b K - 2 23	d8d2 e1d2 f6e4	1712	010511191n1o
3FZfN	r3qrk1/pp1n2p1/2b1pn2/2b2BBp/7P/1QP2N2/PP1N1PP1/R4RK1 b - - 0 18	c6d5 c3c4 d5f3 d2f3 e6f5	1712	011019
46jRX	5rkr/p1q1b1p1/1p1pP3/2pn1QN1/8/2P4p/PP6/R1B2R1K w - - 0 26	f5f7 f8f7 e6f7 g8f8 g5e6	1712	000e0y101316191n
49xhs	8/p7/1p6/4pkp1/P2r3p/1P1BRK1P/6P1/8 b - - 13 44	d4d3 e3d3 e5e4 f3e3 e4d3	1712	050g0p0r0s10111n
4B8wI	rnb3k1/ppb3pp/2p1p1r1/3p4/PPPPpP2/2N1q3/3N1RP1/R1BQ1K2 w - - 0 16	d2e4 e3e4 c3e4	1712	01191o1t
4aFpv	4rrk1/p6p/3p4/6P1/2PNp1b1/1PQ1R1Pq/P2R1P1P/6K1 b - - 14 26	g4f3 e3f3 e4f3 d4f3 f8f3	1712	01101112191l
5SJA0	8/3nQ3/5p2/3qp3/2p1k2N/2P3P1/1r3PPK/8 w - - 5 37	e7h7 f6f5 h7f5	1712	0p13151o
6zAJn	2r3k1/5p1p/6p1/p7/8/qPpRP2P/P1Q2PP1/6K1 b - - 3 42	a3b2 d3d2 c3d2	1712	000g0p1o
9XOmd	4rrk1/p4pp1/7p/2bQ3q/2B2Pb1/8/PP1B2PP/R4R1K b - - 2 22	h5d5 c4d5 e8d8	1712	01191o
9XqJg	rn2k1r1/ppp2p1p/3qb3/2n1B3/2Q5/5N2/P4PPP/R3KB1R w KQq - 3 14	e5d6 e6c4 d6c5	1712	011c1o
9qIL4	r2qkbnr/1pp2p2/p1np3p/4N1p1/2BPPp2/2N5/PPP1b1PP/R1B2RK1 w kq - 0 10	c4f7 e8e7 c3d5	1712	0413151c1o
BDoTn	4r1k1/5ppp/2pbr3/R7/P2B2P1/1p1P3P/4PPK1/4R3 b - - 1 38	d6b4 e1b1 b4a5	1712	0g0p0s1o
CDsbi	5rk1/1p6/1ppp4/4pn1p/3PQ1pq/P1P4P/1P3PPK/R4R2 b - - 0 24	g4g3 f2g3 h4e4	1712	0g0j0p1o
CIX2L	4r1k1/7p/1q4p1/p5N1/1p1n2QP/2b5/5PP1/1R5K w - - 2 30	g4d7 b6f6 d7e8	1712	01191o
CXmVE	2Q3nk/r1p3p1/7p/3B4/1P5P/P7/5qP1/R6K b - - 4 31	f2h4 c8h3 h4d4 a1f1 d4d5	1712	010p0s10
DI8QZ	r4k2/p1p1r2p/1b4nP/3RP3/2B5/8/PPP5/1K5R w - - 3 32	h1f1 e7f7 f1f7 f8f7 d5d8 f7e7 d8a8	1712	010j0k0r191w
EZo93	rn1q1rk1/ppp2ppp/5n2/3p2B1/1b1P2b1/2NBP3/PP3PPP/R2QK1NR w KQ - 2 8	g5f6 g4d1 f6d8	1712	0g1c1o
Exaw2	6k1/5pp1/1pq4p/8/3Q4/1P1PP1nP/R1P2r2/3K2R1 b - - 5 31	c6f3 d1c1 g3e2	1712	0g0p1o
GE5wO	2rq2k1/1b1rbppp/p3pn2/1p6/1P2P3/P1N1BP1P/4Q1P1/1BRR3K b - - 0 23	c8c3 d1d7 c3c1	1712	01191o
GKKcE	1R4rk/P4n1p/4pn1r/3p3q/P2P3P/1Q3PP1/4B2K/6R1 b - - 2 35	h5h4 h2g2 h4g3 g2f1 g3g1	1712	10131619
Gb3y4	6r1/kb1n1R2/1p6/p1pPP3/P1P2N2/1RP2QP1/5K2/7q b - - 0 33	h1f3 f2f3 d7e5 f3f2 e5f7	1712	01050s1019
Gh3LH	r4kr1/2pp1p2/p2b3p/1p6/4Q3/2P2q2/PPB2P1P/RN2RK2 b - - 1 23	f3h3 f1e2 a8e8 e4e8 f8e8	1712	0g10191g
HQKBd	r1bqk2r/pp2ppbp/5np1/3p4/1P2n3/P3PN1P/1BP1BPP1/RN1QK2R b KQkq - 2 9	e4f2 e1f2 f6e4 f2g1 g7b2	1712	0104050j101c1n
K3HBQ	r3kb1r/1p3ppp/p1qp4/1N2p3/QB2n3/8/PPP2PPP/2RR2K1 w kq - 0 15	b5c7 e8d8 a4c6	1712	0g0j191g1o
K8klb	2r1r1k1/pp1q1pp1/5n1p/Q1R1p3/3pP3/1P1P1BP1/P4P1P/2R3K1 b - - 4 21	b7b6 c5c8 b6a5	1712	010s191o
KIGUs	Q7/8/8/8/5k2/R5p1/3r3p/7K b - - 0 80	d2d1 h1g2 h2h1q	1712	000p13151h1j1o
KNKyq	1r1r1k2/1bq2p2/4pQp1/p1pnP1N1/P2p4/1P6/2P2PPP/R3R1K1 w - - 5 27	g5e6 f8e8 e6c7	1712	0g191g1o
KlANn	Q1b1k1nr/p1pq1ppp/8/8/Qb6/2p5/PP2PPPP/R1B1KBNR b KQk - 0 8	c3c2 a4b4 d7d1	1712	000j0k13151c1n1o
L7kgB	8/5Rp1/3k3p/1p1p1B1P/2n3PB/r4nK1/8/8 w - - 0 44	h4e7 d6e5 e7a3	1712	0g0p11121o1p1r
M6FId	rnb2rk1/pp3ppp/2p1Nn2/2q5/8/3BB3/PPP2PPP/R2QK2R b KQ - 3 12	c5a5 e3d2 a5e5	1712	011c1o
MStno	8/5p2/5p2/7p/2K5/6P1/1P5k/8 w - - 0 40	b2b4 h2g2 b4b5 f6f5 b5b6 f5f4 g3f4	1712	0g0p1e1l1w
MndCb	7R/p2k1r2/q1pb4/2p1p3/4P1b1/1PNPBrN1/P2K2R1/7Q b - - 2 43	f3e3 d2e3 f7f3 e3d2 a6d3 d2c1 d3c3	1712	01050i191n1w
OGD2E	2R2rk1/3Q1p1p/p5p1/6R1/P3b3/K7/1P5P/4q3 b - - 5 31	e1e3 a3a2 e3g5 c8f8 g8f8	1712	0g0p0s10
OuJS5	3r1rk1/4npp1/5np1/1p4B1/p1pNq3/P6P/5PP1/1QRR2K1 w - - 0 24	b1e4 f6e4 g5e7	1712	0b0g191o
P48bo	4r1k1/pRp2ppp/5q2/4r2b/2B5/2P4P/P1PB1PQ1/5RK1 b - - 2 19	h5f3 g2g3 f3b7	1712	010s0v191o
RIxtN	3q2r1/b1p2ppk/p2pb2p/3N3Q/P1p1P2R/6RP/6P1/2r2N1K w - - 6 25	g3g7 g8g7 h5h6 h7g8 h6h8	1712	0s101316191n
RmHre	r1bq1rk1/pp2bppp/2p2n2/2n1p2P/4P3/2N1B3/PPPQ1PP1/2KR1BNR w - - 1 11	d2d8 f8d8 d1d8 e7d8 e3c5	1712	01101c
SF9Fh	8/8/4k1p1/8/1pq2P1Q/6P1/7K/8 w - - 3 63	f4f5 e6d5 h4c4 d5c4 f5g6	1712	0g0j0p0r101i
UK9jc	r2qk2r/pp3ppp/1b1pbn2/8/4n3/2NN4/PP1BBPPP/R2Q1RK1 w kq - 0 14	c3e4 f6e4 d1a4 d8d7 a4e4	1712	010s101c
UX8VO	r2q1rk1/pp2b1pp/2np4/4pb2/4n3/2N1BN2/PP1QBPPP/R4RK1 w - - 2 16	d2d5 g8h8 c3e4	1712	01191o
V8Qni	7r/8/5R2/1k1B4/p2P4/2R5/1n2r3/2K5 w - - 3 36	c3c5 b5b4 f6b6 b4a3 c5c3	1712	0p1013161f
VljOk	1r2rk2/5ppQ/1p6/p3q1N1/P7/2P4P/4n1P1/4RR1K b - - 3 34	e2g3 h1g1 e5c5 g1h2 g3f1	1712	0g0s1019
Vxt3L	2k5/ppp2p1p/6p1/8/2N1P3/5P2/1r1p2PP/3RrNK1 w - - 2 36	c4b2 e1d1 b2d1	1712	0g0p0t1o
Wlbju	2r3k1/p3rpp1/1bBp1n1p/3P4/R1P5/4BP1P/5P2/2R3K1 b - - 0 28	e7e3 f2e3 b6e3	1712	010y191o
XdWFx	5rk1/ppp2ppp/n7/3q2N1/4r1Q1/6P1/PP2PPBP/R3K2R b KQ - 1 14	d5a5 e1f1 e4g4	1712	0g191o
Xw0pP	3r4/1b3p1p/pq2p3/3p3k/3N1P2/1PB3R1/1KP4P/8 w - - 11 30	g3g5 h5h6 d4f5 e6f5 c3g7	1712	0d0p1013161n
YGABv	4rq1k/8/p1p2Rp1/3nQ2p/8/2P3N1/PP4P1/2KR4 b - - 0 32	f8h6 c1b1 e8e5	1712	0g191o
ZAoro	6k1/1p3pp1/1R2rn1p/8/8/r3B3/P1P2PPP/3R2K1 b - - 0 22	a3e3 b6e6 e3e6	1712	010p111o
aUUI1	5r1k/3p4/4rRQ1/1p2P2P/3P4/P6P/1P3R1K/4q3 b - - 0 40	e1f2 f6f2 f8f2 h2g3 e6g6	1712	010p101y
crGcu	6rk/3bQ3/7p/p7/3pB3/P2Pq1P1/2r4P/R4R1K b - - 3 33	c2h2 h1h2 e3g3 h2h1 g3h3	1712	05101316191n
e6Xhv	8/1p3p2/4pPp1/3pP1Pp/k2P4/n4N2/K6P/8 w - - 0 40	f3h4 b7b5 h4g6	1712	010p0z1o
eS22q	8/p5pk/3b1q1p/2p5/3p2Q1/3P1P1P/PP2r1P1/1R2R2K b - - 3 30	f6e5 f3f4 e2e1 b1e1 e5e1	1712	0g0p101l
f5zP5	r5k1/1bp1Bppp/p7/1p6/8/1BP5/P2rR1PP/R4K2 b - - 2 21	d2e2 f1e2 a8e8	1712	01191g1o
hbi1b	6k1/1P6/7p/1R1p4/3P3P/r4p2/3Kr3/5R2 w - - 1 41	d2c1 a3a1 b5b1 a1b1 c1b1 e2e8 f1f3	1712	0g0p1m1w
ijTo2	rn2k2r/ppp2ppp/3p1q2/2b1p3/1PP3n1/2NQP1P1/P4PBP/1RB1K1NR b Kkq - 0 9	f6f2 e1d1 f2g2	1712	01040s191o
ikfnc	1r1q2k1/ppp1b1pp/2b1p3/n3N2Q/3P3r/2PB4/P4PPP/1R3RK1 w - - 2 18	d3h7 g8h8 e5g6	1712	0y1315191o
iwkDu	1k1r2r1/pP3p1p/4pn2/2P4q/3P1b2/2BB2P1/P4P1Q/R4R1K b - - 6 24	h5f3 h2g2 f3d3	1712	0g0s11191o
izJHh	r5k1/5ppp/1qp5/p2p4/1P5b/P3r2P/R1Q1N1PB/2R2K2 b - - 3 25	e3f3 g2f3 b6f2	1712	0d1315191n1o
jFqpn	r1bqkb1r/pp3ppp/2n5/1B1pN3/3P1B2/8/PPP3PP/R2QK2R b KQkq - 2 10	d8a5 c2c3 a5b5	1712	010s1c1o
jWn7E	8/pQ6/5pbk/q4rp1/2PP4/1P2r1R1/1K6/5R2 w - - 0 36	f1h1 g6h5 h1h5 h6h5 b7h7	1712	05101316191n
kIAQt	7Q/3b1kpp/4pn2/p3b3/1pB5/1P2P1Pq/N4P1P/2R1BRK1 b - - 0 21	f6g4 h8h7 h3h7	1712	01191o
kIWzc	8/2PK4/6p1/7p/P2k4/8/2r5/8 w - - 0 46	a4a5 h5h4 a5a6 h4h3 a6a7 c2a2 c7c8q	1712	00010p1h1l1m1w
l7O4c	6k1/3rq1pp/p3pr2/1pp2p2/3b4/P2P1N1P/1PP1Q1P1/1R1R3K w - - 6 36	c2c3 d4c3 b2c3	1712	01191o1t
ltM3S	7k/p4B2/2p3Qp/4qnp1/P7/4PRPP/7K/3r4 b - - 0 37	e5b2 f3f2 b2f2	1712	0p13151o
myBM3	r5k1/1p2nppp/2q5/2p1p3/r1P1P1B1/7P/2Q2PP1/1R1R2K1 w - - 2 27	g4d7 a4a2 c2a2 a8a2 d7c6	1712	011019
nqY6N	r2r4/p3k1p1/4Pp2/2Np4/1Pb2Np1/P1q4P/8/3QR2K w - - 0 39	f4g6 e7d6 c5e4 d6c7 e4c3	1712	0g10191g
qmLW8	8/6pp/5p2/2R1rPk1/8/6KP/5P2/8 w - - 3 45	f2f4 g5f5 f4e5	1712	0g0p0s1m1o
rfNRr	2k2r2/1pp4p/p2r4/2n3B1/4N1nP/3P3R/PP1K4/4R3 b - - 4 24	c5e4 e1e4 g4f2	1712	01191g1o
sYmYo	rnbq3r/pppp2pp/3bkn2/4p2Q/4P3/3P1N2/PPP2PPP/RNB1K2R w KQ - 1 7	f3g5 e6e7 h5f7	1712	13151c1o
uGKt6	r4rk1/1b3ppp/3p4/qBNPb3/8/1P3P1P/P3QP2/1R1R2K1 b - - 0 22	d6c5 e2e5 a5b5	1712	010t11191o
ugTxu	2b3k1/1p6/1P1p4/3Pp3/4n3/5Q2/2N3P1/2qB3K b - - 3 38	c1d1 f3d1 e4f2 h1h2 f2d1	1712	050g0p0s101n
v4Gkz	3r2rk/1BR2p1p/1p2pP1Q/p3P1Np/qP1B4/8/5P1P/6K1 b - - 5 34	a4d1 g1g2 d1g4	1712	0g0s191g1o
vRKxg	2r2k2/pp2rpbp/2q3p1/3Q4/8/P1P3N1/1P3PPP/R2R2K1 b - - 0 24	e7e1 g3f1 c6d5	1712	010w191o
wM5OE	1k6/3R1R1p/8/1P3p2/5P1K/4r3/6rP/8 b - - 2 32	g2g4 h4h5 e3h3	1712	0p13151m1o
wx6an	4r3/2p1qknQ/p1p5/3p4/7P/1P1P3R/P4PP1/1b3K2 w - - 5 25	h3f3 f7e6 f3e3 e6d6 e3e7	1712	010p0r101p
xWWjL	8/pk1r1bp1/6p1/1P1r1pPn/2KP1P1P/8/1BP2Q2/R6R b - - 0 35	d5d4 c4c3 d4c4 c3b3 c4f4 b3a3 f4f2	1712	010j0k0m191w
xpMir	8/Qp2k2p/4b1p1/2ppN3/3qn3/7P/PP4PK/3B4 w - - 0 34	e5c6 e7f6 c6d4	1712	0g0p1g1o
y3E9J	8/p2Q2pk/2np1pbp/3pp3/3P2PR/4P1P1/Pr2qPK1/3R4 w - - 3 26	h4h6 h7h6 d1h1 h6g5 h1h5 g6h5 d7f5 g5h6 f5h5	1712	051318191g1n1w
zBGqb	8/8/8/1k1r1p1R/4p1p1/4K1P1/5P1P/8 b - - 2 53	f5f4 e3f4 d5h5	1712	0g0j0p1m1o
zCyG1	rn2kb1r/6p1/2p1pqbp/4N3/p2P1BP1/P2Q3P/1Pp1Nn2/2K2R1R w kq - 0 21	d3g6 f6g6 e5g6 f2h1 g6h8	1712	0g1019
zGP5X	r1bqr1k1/ppp2p2/6pB/4b3/8/3B1Q2/P1P2PPP/3R1RK1 b - - 3 17	d8h4 h2h3 h4h6	1712	01191o
zwEEc	1nkr3r/1pp1pp2/p6q/8/PP2Qbp1/2P3N1/4BPP1/R1B1R1K1 b - - 2 21	h6h2 g1f1 h2h1 g3h1 h8h1	1712	0610111316191n
0JblX	3r1k1r/p1p2ppp/8/1B6/6P1/2q5/PPPR2PP/2K4n w - - 0 20	d2d8 f8e7 d8d7 e7e6 b2c3	1713	010p0t10
0NyR3	3b2k1/6r1/p4p2/1p1P4/1P2PR1N/P7/4rPPK/1R6 b - - 6 33	d8c7 g2g3 c7f4	1713	010p1g1o
1Qzwa	r2qk2r/pbp1bpp1/1pnp3p/4N2n/4P3/2PP2B1/PP2BPPP/RN1Q1RK1 b kq - 0 10	h5g3 e5c6 g3e2 d1e2 b7c6	1713	010y101c
2WHfz	3rr1k1/1p3ppp/p2q4/n2BR2b/3P4/2P2N1P/P2Q1PP1/R4K2 b - - 10 23	e8e5 d4e5 d6d5 d2d5 d8d5	1713	011019
36GD0	2r1k3/1p1q4/p3p2p/3RR1r1/2p5/2P4P/PP3PPQ/6K1 b - - 0 27	g5e5 h2e5 d7d5 e5h8 e8d7	1713	0g0h0p0w10
3JDir	8/5ppk/3P3p/P2n1PP1/1P2Q2P/6K1/r2r4/8 w - - 2 42	g5g6 f7g6 f5g6 h7h8 e4e8	1713	0p0r101316
3Ywzz	r4r1k/2p2ppb/p1Np1P1p/1p1Pn3/4P3/1P3Q1P/P2q2P1/3B1RK1 w - - 1 34	f6g7 h8g7 f3f6 g7g8 c6e7	1713	00050y10131619
3uh8C	rqb1k2r/2bp1ppp/p1n5/1p1p3n/4P3/1B2BNP1/PP1Q1P2/R2R2K1 w kq - 0 17	d2d5 e8g8 d5h5	1713	01191o
4g6Bl	r1b5/ppp1k3/1b1p2P1/7B/4P3/4n3/P5PP/5R1K w - - 1 25	f1f7 e7e6 g6g7 c8d7 f7f8	1713	000g0p10
4gxq1	r1bqk2r/1p1p1ppp/p1nQ4/4p1B1/2B1n3/8/PP3PPP/R3K1NR w KQkq - 0 11	c4f7 e8f7 d6d5 f7e8 g5d8	1713	04050g0s101c1n
5K0JZ	3r4/k2r4/1R4p1/1Q3p2/2p1p3/2P1b1P1/PP2B2P/1K6 b - - 0 48	d7d1 e2d1 d8d1 b1c2 d1c1	1713	0p1013161d1n
5p5YP	3r2k1/p4p1p/1n5p/8/2P1r3/2K3P1/PP4BP/R6R b - - 3 23	e4c4 c3b3 d8d3	1713	0p13151o
62v2V	6k1/5pp1/Pqr4p/2nQ4/8/7P/5PP1/2R4K w - - 7 41	a6a7 b6a7 d5c6	1713	00010i0p1o
7ceuJ	3r4/8/1P6/3nk3/5pp1/2N5/3R1P1K/8 b - - 0 46	d8h8 h2g1 d5c3	1713	0g0p1o
8l1U3	1k3r2/1pb1R3/p1p5/5p1p/3P1P1B/2P4P/P7/1K6 b - - 5 33	c7d8 e7h7 d8h4	1713	010p1o1p
8xd20	6rk/p7/4Q2p/4p3/2P5/3Rq2n/PP4PK/5B2 b - - 1 35	e3g1 h2h3 g1h1	1713	0p0s13151n1o
BECGP	6rk/pp3R1p/3Q4/4p3/8/6P1/PP2K1PP/2q5 b - - 3 31	c1c4 e2e3 c4f7	1713	0g0p0s1o
BqVpG	5rk1/ppq1b1pp/4P3/5N2/2RB1rP1/P6P/4Q2K/3R4 b - - 0 33	f4f2 h2g1 c7h2	1713	0k0m1315191o
CjLXY	8/5p2/1R1bk2N/6p1/4K1P1/1P4r1/8/8 w - - 5 51	b6d6 e6d6 h6f5 d6d7 f5g3	1713	050g0p0r0s101n
EAhht	r2qkbnr/1pp2pp1/p3p3/3pB3/3P2p1/4P3/PPPNBPP1/R2Q1RK1 b kq - 0 11	d8h4 f2f3 g4g3 e5g3 h4g3	1713	0g101c
FEaOx	r4q2/p1k1n3/1b1p4/6p1/8/2N4Q/P4PPP/4R1K1 w - - 3 22	e1e7 f8e7 c3d5 c7d8 d5e7	1713	050g0s10191n
FSHxN	2r4k/8/5PR1/1p4pp/1b2B3/6P1/P3K2P/2r5 w - - 1 39	g6h6 h8g8 e4d5 g8f8 h6h8	1713	0p0r1013161f
GCkC5	r3k3/2q2p2/3P1pp1/p1p2b1r/PpP1pP1p/4BQ2/1P4PP/1R3R1K w q - 0 27	f3h5 g6h5 d6c7	1713	000g11191o
GEZRk	5R2/5ppk/4p3/4N1qp/P2QP3/1P3P1n/5RPP/5K2 b - - 4 32	g5c1 f1e2 h3f4	1713	0p13151o
HRKhl	2br3k/p5p1/2Q2p1p/6r1/P2NR3/6Pq/5P2/4R1K1 w - - 1 42	e4e8 d8e8 e1e8	1713	01191o
INsOA	1r6/5kp1/5p2/2p1P1q1/1p6/5Q1P/1R5K/8 w - - 1 43	f3d5 f7g6 b2g2	1713	0g0p1g1o
IUd66	4Q3/1p4pk/7p/p5n1/7P/PP2p3/2P2r2/6K1 b - - 4 40	g5f3 g1h1 f2h2	1713	030p13151o
JxuMh	8/8/2Q2qkp/8/8/5p1P/5P2/6K1 w - - 6 43	c6f6 g6f6 g1h2 f6g5 h2g3	1713	0g0p10111i
KD3Gf	5r2/1R5R/8/b3B3/2k5/4K3/5r1P/8 b - - 0 34	a5d2 e3e4 f2e2	1713	0p13151o
Lg8Mm	4r1kb/2p1rp1p/p2p2pB/3P2N1/6q1/1B6/P1P3PP/4RQK1 w - - 10 26	f1f7 e7f7 e1e8 f7f8 e8f8	1713	0i0y101316191d1n
M0ciJ	3r1rk1/pp2bpp1/3pbq2/2p3p1/5B1P/4P3/PP1Q1P2/2KRN2R w - - 0 20	f4g5 f6g6 g5e7	1713	0g191o1p
MxA37	r1b1r1k1/1pp2ppp/p4n2/3q3B/PPp1p3/B7/6PP/R2Q1R1K w - - 0 20	d1d5 f6d5 h5f7	1713	0g0y191o
O2fse	8/5kpp/1pp5/1P1pP3/P2Pp3/4PnP1/6K1/8 w - - 0 33	a4a5 b6a5 b5b6	1713	010p0z1o
O6Z1p	7r/ppBb2kq/2n1pp2/3p1p2/1P1P4/2PQ4/P1B3Pr/4RRK1 w - - 0 28	d3g3 g7f7 g3h2 h7h2 c7h2	1713	0g1019
PCIsY	5k2/r7/p2ppB1p/1p2p2Q/4q3/7P/PP3PP1/6K1 w - - 0 28	h5h6 f8e8 h6h8 e8d7 h8g7 d7c6 g7a7	1713	0g0p0r1p1w
PavDi	1r2k3/2p2ppp/3p1b2/pbn5/3N1B2/1PP2B2/1KP2PPP/3R4 w - - 0 21	d4b5 b8b5 f3c6	1713	0g191o
QXPaN	rn3k2/pb3ppp/4p3/1B2P3/1p3B2/1Pp1p1Pq/P1P2P1P/3RR1K1 w - - 0 23	d1d8 f8e7 d8e8	1713	1315191d1o
S9QzP	1rb1r1k1/p5bp/2p2np1/q2N4/5P2/4B3/PP1QB1PP/2RR2K1 b - - 0 18	a5d2 d5f6 g7f6 d1d2 e8e3	1713	011019
TaIIy	r5k1/pp4p1/4b2p/R2nN3/2BP4/1P2q2P/2Q3P1/7K b - - 3 27	e3e1 h1h2 e1a5	1713	0g0s191o
TkIDF	3r1rk1/p4pbn/2p1p3/8/4P1Q1/2NR4/PqP2PPP/5RK1 w - - 2 20	d3g3 b2c3 g3c3	1713	0g191g1l1o
UADkE	1r3r2/3kpp2/2pb2p1/4n2p/Q1p1P2P/P7/1PR3P1/1K3R2 b - - 0 31	b8a8 c2c4 a8a4	1713	0111191o1t
VYUWi	8/8/8/8/6P1/P3kBqR/6Pp/7K b - - 5 43	g3e1 h1h2 e3f2 h3h5 e1g1 h2h3 g1h1	1713	0p13171w
WDsm6	r2q1rk1/pb2bppp/1p1p4/3np3/8/1P3N2/PBB2PPP/R2QR1K1 w - - 0 15	c2e4 d5c3 b2c3 b7e4 e1e4	1713	01101c
WQ1zr	bn1qk2r/2p2ppp/1n2p3/4P3/1bBP4/2N1BN2/1P3PPP/3QK2R b Kk - 0 13	b6c4 d1a4 b8c6	1713	010t191o
WddCX	3r3k/1r1P2p1/p6p/8/B3R3/6P1/1p3K1P/8 w - - 0 36	e4e8 h8h7 a4c2	1713	0g0p1o
YDQ0Q	2R1Q3/1q3pbk/3p3p/1r1P2p1/8/4B1P1/5P2/6K1 w - - 0 33	e8e4 f7f5 e4f5	1713	0p13151o
YvJBU	1k4r1/ppq5/8/7p/3Q4/P2P1P1P/1PP1KP1b/R3R3 b - - 2 25	c7c2 e2e3 g8e8	1713	010p1o
Zodws	3r2k1/8/p5pp/8/2p2p2/2P1bP2/PP1rRNPP/1R3K2 b - - 3 32	d2e2 f1e2 d8d2	1713	050g0p1o
a2onZ	r3r1k1/5pn1/b1p1p3/p1qpP1N1/7Q/2P1R3/PP1N1KPP/R7 b - - 2 24	c5e3 f2e3 g7f5	1713	050g191n1o
aF22v	rn1qkb1r/pQp4p/3p2p1/4pn2/2B5/2N5/PPPP3P/R1B1K1NR b KQkq - 0 10	d8h4 e1d1 h4c4 g1f3 c4c6 b7c6 b8c6	1713	010s1c1w
aTOuR	1k6/1P3p1p/3p2p1/NKpP4/1pPn4/7P/5PP1/8 w - - 11 40	b5b6 b4b3 a5c6 d4c6 d5c6 b3b2 c6c7	1713	000h0p0r0z13171w
aoHdm	5r1k/ppR3p1/7p/6q1/1P1Q3P/4pP2/P3P1B1/5K2 b - - 0 35	g5g3 d4e3 g3c7	1713	010p111o
ayNgn	7k/1p4R1/p6p/4p3/4Pb1P/1P5K/P5R1/5r2 b - - 4 39	f1h1 h3g4 h8g7	1713	0g0p0v1o
bAV4W	6r1/8/R4p2/2P2k2/3Pp1bP/4P3/5PKN/8 b - - 1 39	g4e2 g2h3 e2a6	1713	0g0j0k0p1o
btWno	8/1b6/1P2p3/8/3PP3/4K1k1/8/8 w - - 3 48	d4d5 e6d5 e4e5	1713	080g0p1o
c3ubg	r1b3k1/p1q3pp/1p1bprp1/8/4N2Q/2P2N2/PP3PPP/R4RK1 b - - 1 17	f6f4 h4g5 f4e4	1713	0g0v191o
cSHw4	8/1p2bk1p/8/3bBB2/3P1P2/7r/P3RK2/8 b - - 0 36	e7h4 f2f1 h3h1	1713	0p13151f1o
crZOr	4Rbk1/4rqr1/p3R2p/1p2Q1p1/3P4/8/PP3PPP/6K1 w - - 7 34	e6e7 f7e7 e8e7 g7e7 e5d5	1713	0110191g
dDfUZ	3R4/p7/r1pp2k1/2p1pn1p/1nP3p1/1P2N1P1/P3K2P/R7 b - - 3 39	f5e3 e2e3 b4c2 e3e4 c2a1	1713	050g0p0r0s10
daHcN	8/1p2r1pp/3R4/p6k/5R2/5P2/1r4PP/6K1 w - - 4 39	f4f5 g7g5 g2g4 h5h4 d6h6	1713	0p1013161m
g9Cz2	r3r1k1/1p1n4/p2p1p1P/3P2q1/2P5/1P3R2/P5Q1/5R1K w - - 0 32	f3g3 g8h8 g3g5	1713	0g191g1o
gfkgJ	8/p7/1p6/3B4/2Pk1p2/P4Kp1/8/8 b - - 6 47	b6b5 d5e6 b5c4	1713	080g0p1o
gmUT8	6k1/1p3p1p/p1p5/2Pprr2/1P2bNpq/4P1P1/P4P1P/2RQ1RK1 b - - 0 27	h4h2 g1h2 f5h5 f4h5 e5h5 h2g1 h5h1	1713	050y111317191d1n1w
h2qgI	r1bqr3/p1pnp1bk/1p1p1npp/8/4N3/2NP1Q2/PPPBRPPP/4R1K1 w - - 0 15	e4f6 d7f6 f3a8	1713	010j191o
i6yTk	r3r1k1/pp2Bppp/3q4/3p4/6b1/2Pn1N2/PPQN1PPP/R3R1K1 b - - 0 14	d3e1 e7d6 e1c2	1713	01191o
iR9t5	3r3k/ppb3p1/4Q3/3n2N1/8/6PP/Pq3r2/2R1R2K w - - 1 34	e6e8 d8e8 e1e8 f2f8 e8f8	1713	101316191n
ih2PT	r4rk1/1p4pn/p1b1q1Np/2p5/2P5/4P3/PPQB1PPP/3R1RK1 b - - 0 19	c6e4 c2e4 e6e4	1713	01191o
is7h8	3r3k/p5pp/1pp5/n1bN4/4QN2/4P3/Pq4PP/3R2K1 w - - 2 25	f4g6 h7g6 e4h4 h8g8 h4d8	1713	010d0s10191n
j7xXi	4r1k1/5pbp/p1q2np1/2p1B3/1p2N3/1P6/P1Q2PPP/4R1K1 w - - 1 24	e5f6 e8e6 f6g7	1713	01191o
jkCsg	7k/6p1/7p/pp6/8/P1N5/1PPrB2P/6K1 b - - 3 31	b5b4 a3b4 a5b4 g1f2 b4c3	1713	0g0p10
knm4Y	2r1kb1r/1p1npp2/p3q1bp/3p4/3P1B2/2P5/PP1QBP1P/2KR2NR b k - 1 16	e6e4 e2d3 e4h1	1713	011c1o1t
l7BpK	2krr3/ppp1npp1/7p/Q1Np1b2/3P1q2/2P5/PP1R1PPP/2K2BNR b - - 0 15	e7c6 a5a4 e8e1	1713	010d191o
m2p7I	1k6/1p1b4/p1n2p1r/3Q2pp/1P1B1b2/P2q4/B2N1PP1/2R1K3 w - - 0 26	d4a7 b8a7 d5d3	1713	0g0j191o
o7YMa	2k5/1ppr3p/pb2Qp2/8/q2pP2P/3R4/1PP2r2/2KR4 w - - 2 26	e6e8 d7d8 e8a4	1713	01191o
o8MGS	r1bq1rk1/1p2bpp1/p2ppn1p/4P3/3N1P2/3n4/PPPN1BPP/R2Q1RK1 w - - 0 13	e5f6 d3f2 f6e7	1713	00011c1o
oKo4u	r1bqk1nr/pp4p1/3b3p/2p1n3/2NpP3/6P1/PPP2PBP/R1BQ1RK1 w kq - 0 11	c4e5 d6e5 d1h5 e8f8 h5e5	1713	010r0s101c
pZNXj	r4rk1/1b4pp/p7/2pN2q1/2PpQ3/1P1R2P1/1P5P/R5K1 w - - 1 25	d5e7 g8h8 e4b7	1713	010j191o
praM8	5r2/1ppb2kr/p1nb1R2/3Bp2p/7N/2P4P/PP6/2K2R2 w - - 15 33	f6g6 g7h8 f1f8 d6f8 g6g8	1713	0i0j0r101316191d
qrgXz	8/8/8/pp6/8/KP6/P1k5/8 b - - 0 43	c2c3 b3b4 a5b4	1713	0p13151e1o1z
rF9iF	8/5pp1/2k1p3/1p1p4/1P1P4/2PNnPPp/5K2/8 w - - 0 43	f2e3 h3h2 d3f2	1713	010h0p0t0z1o
vpRH2	7k/pp5B/2bp1N2/n3pP1p/4P3/7P/PPP2K2/8 b - - 0 26	h8g7 f6h5 g7h7	1713	010p1o
wL6G3	4rk2/4r1pB/3p4/ppqP4/5P2/3Q2P1/PP2R2P/7K w - - 1 32	d3f5 e7f7 e2e8 f8e8 h7g6	1713	0g0i0p101g
xeaLO	1B1qk2r/p4p2/2p1p2p/2Q3p1/2P5/1P3P2/P5PP/b3K1NR b Kk - 0 18	a1c3 e1f2 c3d4 c5d4 d8d4	1713	0g0r0s1019
xleb7	2k4r/ppp5/3b4/3Q1p2/3p4/6P1/PPP2KPq/3RR3 b - - 2 29	h2g3 f2f1 h8h1 f1e2 g3e3	1713	0p101316
xxniQ	5rk1/p4pp1/1p6/4r1P1/3qP2Q/P4PP1/3p2K1/4R3 w - - 0 34	e1h1 d4g1 h1g1	1713	0g0p1l1o
yjLqg	4r1k1/ppp1r2p/3p2p1/3q1p2/7Q/3B1N2/PPK5/5R2 w - - 2 34	d3c4 d5c4 h4c4	1713	0g191g1o
ymRmm	2rr2k1/Qp1q1ppp/8/8/3nN3/5P2/PPP3PP/2KR3R b - - 0 19	d4e2 c1b1 d7d1 h1d1 d8d1	1713	0i0j10111316191k
zJAhM	r4rk1/pb1nq1p1/7p/2p2p2/4p3/4P3/PPQN1PPP/1BR2RK1 w - - 0 18	c2b3 g8h8 b3b7	1713	0g0s191o
zbQ4S	8/2p1kp2/5p1p/p1p2P2/1r4P1/1R1K3P/PPP5/8 b - - 4 30	c5c4 d3e2 c4b3	1713	0g0p0s1m1o
zhBJe	4r2k/p4p1p/1p4p1/4N3/8/7P/bP3PP1/4R1K1 w - - 0 30	e5g6 h8g7 e1e8	1713	0g0j0p1o
0nGLj	r3r1k1/ppp1b2p/3p2pB/8/4PQ2/3P3q/PPP4P/2K2RR1 b - - 2 19	e8f8 h6f8 a8f8	1714	01191n1o
47A8C	1r2b2R/8/3pR3/3P2k1/4Pp2/6p1/6P1/5K2 b - - 3 49	e8b5 f1e1 b8h8	1714	0g0j0p1o
47y03	r1bq2k1/bp3p1n/p1p4p/3pr1pN/N2P4/1P2PQP1/P1P2PBP/R4RK1 b - - 0 16	g5g4 f3e2 e5h5	1714	010j0v191o
49olA	2r3k1/5rbp/6p1/p2pP3/PppR4/6B1/1PP3PP/2K3R1 b - - 0 25	g7h6 c1b1 h6e3	1714	0g0p1o
4xMBG	r4rk1/pp3p2/6pp/2p5/3n4/1BNP2q1/PPP3QR/R1B3K1 b - - 2 21	d4f3 g1h1 g3e1 g2f1 e1f1	1714	0r0s10131619
63Lc0	2kr1bnr/pppq1ppp/2n5/3pP3/3p1B2/5B2/PPP2PPP/RN1Q1RK1 w - - 5 9	f3g4 f7f5 e5f6	1714	0g0o1c1g1o
6ApiW	r2qrbk1/1pp1np1p/p2p1B2/8/4PP2/1b2Q3/PPP3PP/R4RK1 w - - 0 17	e3g3 e7g6 f6d8	1714	0g0s191o
7G8A3	8/8/r5p1/bp1pkpB1/3N2nP/2PK4/8/5R2 w - - 0 43	f1e1 e5d6 e1e6 d6c7 e6a6	1714	0g0p101p
7nmeR	r1b3r1/1p3kBp/p1qp4/4p3/7Q/2P5/P1P1B1PP/2K4n w - - 0 18	h4f6 f7e8 e2h5 e8d7 f6f7 d7d8 g7f6	1714	0r0s1317191w
AYFYu	6rk/pR2Q1pp/4B1b1/3p4/2pP4/P1q5/6PP/6K1 w - - 0 24	e7g7 g8g7 b7b8 g6e8 b8e8 g7g8 e8g8	1714	0p13171d1n1w
BkGa1	r2r2k1/1p3ppp/8/p2Q4/P4n2/2B3R1/1P3PPP/R5K1 b - - 0 25	f4e2 g1f1 e2g3 h2g3 d8d5	1714	010s1019
CYis2	5R2/8/1r5P/8/5p2/8/5k1K/8 w - - 7 55	f8f4 f2e3 f4h4	1714	0g0h0p1m1o
ErJ7C	8/p7/k5pp/5p2/4p1PP/4PP2/6K1/8 w - - 0 38	h4h5 g6h5 g4f5	1714	0g0i0p1e1o
GQYbA	8/kp6/p1p2N2/2Pp2p1/1P1Pp1P1/q7/4K3/2R1Q3 b - - 1 50	a3f3 e2d2 f3d3	1714	0p13151o1s
Gpqim	r5r1/1pp2ppk/1n1p3p/p3p3/3PP3/1qP1Q3/1P4RR/1K6 w - - 0 28	g2g7 g8g7 e3h6 h7g8 h6h8	1714	101316191n
GrHMc	r1b1k2r/p2p1pbp/2pB2p1/4n3/1P6/q1N5/P1PQ1PPP/3RKB1R b Kkq - 1 13	e5f3 g2f3 g7c3	1714	0g0j191g1o
HJGuh	1q4k1/r4p2/3p2pb/3Pp2p/1rN1P3/R7/1PQ1RPPP/1K6 b - - 13 28	b4c4 c2c4 a7a3	1714	0g11191g1o
I8PqN	2k5/pp4R1/8/7p/3p2bP/PP4P1/2n2K2/8 w - - 0 33	g7g4 h5g4 h4h5 c8d7 h5h6	1714	0g0p101l1n
K385R	r1b1k2r/pppp1ppp/3b1q1n/8/2BPP3/8/PP1P1PPP/RNBQ1RK1 b kq - 0 8	d6h2 g1h2 f6h4 h2g1 h6g4	1714	01050y101c1n
KK3bl	3r1rk1/pp3pp1/5q1p/3bN3/6QP/8/PP3PP1/3RR1K1 w - - 4 22	e5d7 d8d7 g4d7	1714	010s191o
KPJuy	8/1R1rkppp/4p3/P2p4/8/8/6PP/7K w - - 0 32	a5a6 d5d4 b7d7 e7d7 a6a7	1714	000g0p0w101m
L4kLz	5k2/5pp1/p3p1p1/4N1Pn/2P4P/8/4qP2/3R2K1 w - - 0 32	d1d8 f8e7 e5c6	1714	0f0p1113151o
LbVan	QR6/5p1k/3p1qpp/4p3/2rbP1B1/8/5PPP/5RK1 b - - 1 28	f6f2 f1f2 c4c1 g4d1 c1d1	1714	101316191g1n
MBPIC	r4r2/pp3pkp/2p3p1/3q1PQ1/4p3/4R3/PPP2P1P/R5K1 w - - 1 21	f5f6 g7h8 g5h6 f8g8 e3h3 d5h5 h3h5	1714	0g0p1l1w
MUWdc	3q2rr/2p1k3/ppQb4/3PpRp1/1P6/8/P5PP/4R1K1 w - - 0 33	e1e5 d6e5 c6e6	1714	1315191n1o
NTz3M	r1b1k2r/pp1n1p1p/4p1p1/q1pn4/1P1PP3/P2Q2P1/5PP1/RN2KBNR b KQkq - 0 11	d5b4 a3b4 a5a1	1714	01191o
NmGOr	rnb2rk1/pp1p1ppp/1q6/2bP4/4B3/4P1P1/PP3P1P/R1BQK1NR b KQ - 0 10	b6b4 e1f1 b4e4	1714	010s1c1o
O0389	r1b1kbnr/ppp1q1pp/2n5/5p2/Q2NP3/3P4/PP3PPP/R1B1KBNR b KQkq - 0 8	e7b4 a4b4 f8b4	1714	011c1o
O08Cc	r4rk1/pp1b1ppp/1q2p3/2bn2P1/3N2QP/2P5/PP3PB1/R1B2RK1 w - - 5 15	g2d5 c5d4 c3d4 e6d5 g4d7	1714	011019
O7Tcx	r1bqk2r/pp2bppp/2n1p3/3n4/3pP3/2N2NP1/PP3PBP/R1BQK2R w KQkq - 0 9	e4d5 d4c3 d5c6 d8d1 e1d1 c3b2 c1b2	1714	011c1w
OlFMR	r4bk1/1p1b2pp/p7/4p2q/4BQ2/P7/1PP5/1K3R2 w - - 0 29	e4d5 d7e6 d5e6 g8h8 f4f8 a8f8 f1f8	1714	061317191w
P11MH	1r3rk1/pb4p1/1p1qp2p/5p2/3P4/4Q2P/PPB2PP1/R4RK1 b - - 0 21	d6c6 f2f3 c6c2	1714	01191o
PTDoe	8/5p2/p7/3k4/1pN1nP2/1P1K4/8/8 w - - 6 54	c4e3 d5c5 d3e4	1714	0g0i0p0z111o
PvKoi	r4r2/pppn1Nkp/4b1p1/3q4/2pP4/2P4R/P3BQPP/5R1K w - - 2 25	h3h7 g7h7 f2h4 d5h5 e2h5	1714	050g10191n
QXvz1	8/1p6/p1p2k2/2P5/1P1KNP1p/P6P/6b1/8 b - - 0 44	f6f5 e4g5 f5f4	1714	0g0h0p1o
QocOB	2b1r2k/6p1/ppqp3p/2p1p2r/P1Qn4/1P1P4/2P2RPP/2B2RK1 w - - 0 30	f2f8 e8f8 f1f8 h8h7 c4g8 h7g6 g8f7	1714	010y191w
S89ZP	2b3rk/r4Q1p/1q2pPpB/p2p4/8/3B4/PPP3PP/R6K w - - 3 21	h6g7 g8g7 f6g7	1714	000y1315191o
UwmPa	r7/1bqr4/p1nknP2/1p1p2N1/2pP4/P1P3N1/1P4PP/R4RK1 w - - 0 27	g3f5	1714	1314191b
VIU3p	r3r1k1/4bppp/p1np4/1p1n1qNQ/3P1BP1/2P5/PP3P1P/RN3RK1 b - - 0 17	d5f4 g4f5 f4h5	1714	010t191o
Vm3AG	8/3r2pk/p1b4p/8/5R2/4pPN1/Pn4PP/4R1K1 b - - 2 33	b2d3 e1e3 d3f4	1714	010p0s1o
WQZt1	6k1/ppp5/3p3p/3P2pn/1P1Q2P1/P3K2P/4bP1B/4r3 b - - 6 34	e2g4 e3d3 e1d1 d3c3 d1d4	1714	0g0j0k0p0r101p
WheNF	6k1/p4pp1/8/8/3q3p/2Q1P1nP/P5P1/6K1 w - - 0 32	c3c8 g8h7 e3d4	1714	0g0p0w1o
WthyB	5r1k/1qr3p1/p3p1Rp/1p1b1p1Q/1P6/P5R1/5PPP/5BK1 w - - 2 25	g6h6 g7h6 h5h6 c7h7 h6f8	1714	0s101316191n
X5l7u	r4r1k/ppp2Bpp/2n1b3/2b1p2Q/3qP3/2N5/PPPB2P1/R3KR2 w Q - 5 14	h5h7 h8h7 f1h1 e6h3 h1h3	1714	050y101316191f1n
XamGh	5rk1/NP1n1qbp/3p2P1/2pP4/P3p3/3Q3P/3B1PP1/RR4K1 b - - 0 28	f7f2 g1h1 e4d3	1714	0g0y191o
ZchuP	r1bq1rk1/1pp2ppp/p3p1n1/4N3/1b1PQ3/3BP3/PP3PPP/R1B2RK1 b - - 4 12	f7f5 e4f3 g6e5 d4e5 d8d3	1714	0b0g101c
Zvw6u	r2qkb1r/pp1n1p1p/2p1pp2/3b4/3P4/P1N1P3/1P3PPP/R2QKBNR w KQkq - 1 9	e3e4 d5e4 c3e4	1714	01111c1o1t
adulb	6k1/5p2/p1q2Pp1/1pprP2p/7P/PP2Q1P1/1B5K/8 w - - 4 33	e3h6 d5d2 h6d2	1714	0g0p1o
bHPo7	r5k1/5ppp/pq6/1pbQ2B1/3n4/P1N5/1P3PPP/4rRK1 w - - 0 21	d5a8 c5f8 f1e1	1714	0g0t0w191o
dQJms	r2q1rk1/1pp1bppp/p2p4/P2Pp3/4n1b1/5N2/P1PNBPPP/R1BQR1K1 b - - 2 11	e4c3 c1b2 c3d1	1714	011c1o1t
dRFr2	3r4/pp1qppk1/6p1/n1pN4/4PPR1/6P1/6r1/1Q2R1K1 w - - 0 32	g1g2 d7g4 b1a1 f7f6 a1a5	1714	010s1019
fN9bl	r2qr1k1/pb3ppp/1p1p1b2/8/3nN3/3B1NP1/PP2QPP1/2R1R1K1 w - - 0 18	e4f6 g7f6 e2e8 d8e8 e1e8 a8e8 f3d4	1714	0g0j0y191w
gYKm4	r2q1rk1/1p2bpp1/3p4/2pN3p/1nP1PPnP/1P1P3N/1B1Q2K1/R4R2 w - - 3 20	a1a8 d8a8 d5e7	1714	0g191o
hkIut	3r2k1/R1Q2pp1/4p2p/8/2P2n2/3q3P/5PP1/5RK1 b - - 2 29	d3f1 g1f1 d8d1	1714	050p13151n1o
jq2Sc	r5k1/pp3bpp/3p4/3p4/1P1bqNQ1/P3P1P1/3B3P/5RK1 w - - 0 23	e3d4 e4d4 f1f2	1714	010h11191o
kQd6f	3b1rk1/5ppp/3N2P1/p3pB1P/1p6/4r3/PP6/K2R4 w - - 0 28	g6h7 g8h8 d6f7 f8f7 d1d8 f7f8 d8f8	1714	000i0j0p13171w
m0wKn	1k3r2/ppq3b1/2pQ2P1/8/3P4/2P5/PP3P2/1K2R3 w - - 3 28	d6c7 b8c7 e1e7 c7b6 e7g7	1714	050g0p0s10
mH4eZ	5rk1/R4p1p/1p6/2b5/5B2/P6P/3r1PP1/1R4K1 b - - 0 29	d2f2 g1h1 f2f4	1714	010p1o
oBePi	8/3k2p1/6P1/1ppK4/p7/P2p4/1PP5/8 w - - 0 52	c2d3 b5b4 d5c5 b4a3 b2a3	1714	0g0p101e
ozI81	3r1rk1/pp3p1p/1npq2p1/8/6R1/P2BPP2/1B1PKP2/7Q w - - 1 24	h1h7 g8h7 g4h4 h7g8 h4h8	1714	050y101316191d1n
pRCnd	2k1n2r/ppqr1pp1/2p1p2P/6N1/3P4/5Q2/PPPR1P2/2K4R w - - 1 22	h6g7 h8h1 f3h1 e8g7 h1h8 c7d8 h8g7	1714	000g0s191w
pokWk	r4rk1/pp3pp1/2B2n1p/2b1p3/2Pq3B/2NP3P/PP3PP1/R2QK2R b KQ - 0 13	d4h4 e1g1 b7c6	1714	010t0w191o
qLvpA	r4k2/1pR2ppQ/3bp3/p2p2K1/3n2N1/N7/1P3P1P/5R2 b - - 8 30	d4f3 g5h5 g7g6 h7g6 f7g6 h5g6 d6c7	1714	01191w
qdmZv	2kr3r/p4p2/1pP1pp2/8/3Pn1q1/3Q1N2/P4PP1/1R2R1K1 b - - 3 24	h8h1 g1h1 e4f2 h1g1 f2d3	1714	050g0i0s10191n
r0ll5	3rrk2/pp3p1p/1qp1B3/4pN2/4n1Q1/2P5/PP3PPP/R3R1K1 b - - 0 20	b6f2 g1h1 f2e1 a1e1 e4f2 h1g1 f2g4	1714	0g0s191n1w
slHxX	3rr1k1/1p1bqppp/p1n1pb2/3p1P2/4N3/8/PP2QBPP/1B1RR2K w - - 5 21	f2c5 d5e4 c5e7	1714	01191o1t
tBgP5	4rrk1/3n1ppp/2p5/pp6/3PN3/6Q1/PP2q1B1/K5R1 w - - 2 30	g2f3 g7g6 f3e2	1714	01191o
tcPWP	4qrk1/7p/1p1p2pQ/p2P1p1P/5P2/3R4/1Pr3PK/3R4 w - - 3 31	h5g6 e8g6 d3g3	1714	0g0p1g1o
ud71q	3r1rk1/ppQ4p/2q3p1/4pp2/8/2B4P/PP3P1P/4R1K1 w - - 2 23	c7e5 f8f6 e5f6 c6f6 c3f6	1714	010p10
ufWyE	r1b2rk1/ppp2p1p/6p1/3N3P/8/1B5q/PP1QKP1P/R3R3 b - - 4 20	c8g4 f2f3 h3f3	1714	0n1315191o
uyykZ	8/8/4p3/2k1P3/3p1pP1/3K4/8/8 w - - 0 47	g4g5 f4f3 g5g6 f3f2 d3e2 d4d3 e2f2	1714	0g0p1e1l1w
vx1Gy	r4k1r/1p3p2/p2p1qpp/2p3B1/B7/2P2nPK/PP2QP1P/RN3R2 b - - 0 20	h6g5 h3g2 h8h2	1714	0j0k0t1315191o
yARNp	3Q4/5pk1/5N2/K3p3/3bPp2/P4Pqp/8/8 w - - 18 51	f6h5 g7g6 h5g3 f4g3 d8g8	1714	0g0p0s1011
yr1ll	4r1k1/1pp3pp/1p1p4/5r2/2PQR2q/1P6/P1P3PP/4R1K1 b - - 0 24	h4e1 e4e1 e8e1	1714	0p0y13151o1y
z9O5T	2r2rk1/pp1nbppp/4p3/nq1pN3/3P1B2/P1P4P/1PQN1PP1/R3R1K1 w - - 2 16	a3a4 b5a6 e5d7	1714	0g191o
zl5Hb	6k1/r4ppp/4q3/2p5/2NpQ3/4bP2/6PP/R4K2 w - - 0 34	e4a8 a7a8 a1a8 e6c8 a8c8	1714	060p1013161n1y
2zKoE	8/8/2Bk4/3PNp1p/5P1P/8/3nn1K1/8 b - - 2 49	e2f4 g2g3 d6e5	1715	0g0p11121o
37eXR	8/1R6/4k1n1/5Np1/4P3/1P3P2/r4P1P/6K1 b - - 2 40	a2a1 g1g2 g6f4 g2g3 a1g1	1715	0p101316
3BiKj	rn1qk2r/p3bppp/bp2p3/2ppP3/3P1B2/2PB1N2/PP3PPP/R2Q1RK1 w kq - 3 11	d3a6 b8a6 d1a4 d8d7 a4a6	1715	0g0s101c
5j0NW	3r2k1/p2q1pb1/P1n3pp/4p3/Q2nP1b1/B2P2P1/3N1PBP/1R2N1K1 b - - 4 24	d4e2 g1h1 e2c3 a4c2 c3b1	1715	010s1019
5nEjK	8/2p3pp/1pB1R3/pPk2P2/2p3PB/2qp4/6P1/r3R1K1 w - - 8 38	h4e7 c5d4 e6e4	1715	0p13151d1f1o
78J5H	6k1/5pp1/2n3Q1/p1pB4/4P3/P1q4P/2PRKP2/1r6 b - - 8 34	c6d4 d2d4 b1e1	1715	0p0x13151n1o
7AneK	5k2/ppp3pp/8/2bPQ3/4N3/4q2P/PPP3PK/8 b - - 6 25	c5d6 e5d6 c7d6	1715	0g0p1g1o
8Eaqs	r3k2r/5pp1/b1p4p/3pP1P1/5P1P/qp1NB3/3Q3R/1K1R4 b kq - 1 28	a6d3 d2d3 a3a1	1715	1315191k1o
9Fth1	r1b1kb1r/p4ppp/2p1p2q/3p4/8/P2BQP2/1PP2B2/2KR2R1 w kq - 2 19	e3h6 g7h6 f2d4 f8d6 d4h8	1715	010d10191t
9pVIm	8/p2r1pk1/4P1p1/R3r2p/8/5B1P/P4PP1/3R2K1 b - - 0 29	d7d1 f3d1 e5a5	1715	0g0p1o
9t00Z	8/7Q/4p2r/4Pp1k/p1P2P2/6qP/PP4R1/R5K1 b - - 0 36	g3e3 g1h1 h6h7	1715	0g0p1o
BcO5w	r3r3/p2R2pp/1p1B1k2/8/7P/1P2RbP1/5P2/6K1 b - - 4 25	e8e3 f2e3 f6e6	1715	010p111o
BuzyX	7k/6p1/1p6/4PP2/R6P/p4P2/5K2/7r b - - 1 45	a3a2 a4a2 h1h2 f2g3 h2a2	1715	000g0p101m1p
CBtpo	3r4/p4p1k/5Pp1/3qr1Qp/2pP4/7R/6P1/7K w - - 0 42	h3h5 h7g8 h5h8 g8h8 g5h6 h8g8 h6g7	1715	050p13171n1w
CktBo	2r2r1k/p5pp/b7/4Q1R1/1P2N3/P3qN2/6PP/R6K b - - 8 26	c8c1 a1c1 e3c1 f3g1 c1g1 h1g1 f8f1	1715	051317191d1n1w
DLM25	2kr3r/pp2R1p1/P1p5/8/3P1pP1/2P2P2/qP2Q1B1/4bK2 w - - 2 35	a6b7 c8b8 e2e5 d8d6 e5d6	1715	000s10131619
DNRyR	2r2r1k/1p1qb1pp/pBn5/P3p3/3pNn2/1QP2N1P/1P3PP1/3RR1K1 b - - 4 22	f4h3 g2h3 f8f3	1715	010i0j0y191o
DzuM1	8/4rkp1/5n2/2B3RP/p3p3/P1PP4/1P6/6K1 b - - 0 36	e4d3 c5e7 d3d2 e7f6 d2d1q	1715	000g0p101h1n
EIkUc	r4rk1/pp5p/5PpQ/2pqB3/8/3P4/PPP2P1P/2K4R b - - 2 22	d5h1 c1d2 f8f7	1715	0g0p0t1o
EuzGE	5r1k/4R1pp/pbr2p2/1p3q2/5P2/1Q6/1B4PP/5R1K w - - 0 29	b3f7 f8f7 e7e8 f7f8 e8f8	1715	06101316191n
ExTCM	3r2k1/q2r1ppp/4p1n1/4P3/2Pn1P2/PPQR2PP/6BK/3R4 b - - 6 29	d4e2 c3e1 d7d3 d1d3 d8d3	1715	0g0j101119
Fpie1	2b1rrk1/1pq3pp/p4n2/3Nb3/8/P2Q3P/1P3PP1/RBB1R1K1 b - - 0 21	e5h2 g1f1 e8e1 f1e1 c7c1	1715	050g0j0y101c
HXD9L	4rk2/pp2rp1p/2p3p1/3p3q/P2P1Q2/2P4b/1P2RPP1/1B2R1K1 w - - 0 25	e2e7 e8e7 f4b8 f8g7 e1e7	1715	0g0i1019
HY5Ei	6k1/1p2nr2/3N3p/4pNbP/1P2P3/4P3/3R4/6K1 b - - 2 37	e7f5 d6f7 g5e3	1715	010b0p111o
HbTre	1r2r3/pp2Q1pk/2p1R2p/8/3P2P1/1P3R1P/q1b2P2/6K1 w - - 5 29	e6h6 h7h6 e7h4 h6g6 h4h5	1715	05101316191g1n
JBftS	6k1/1p3qpp/2b5/5pQN/3B4/8/4rR1P/6K1 b - - 5 36	e2e1 f2f1 e1f1 g1f1 f7c4 f1e1 c4d4	1715	050g0s191w
JHFfi	r3k2r/p4p1p/2nq1n2/1pp3p1/3pPNB1/3P2N1/PPP2QPP/R3K2R b KQkq - 0 14	f6g4 g3f5 d6f4 f2f4 g5f4	1715	011019
Jnq4D	8/p7/8/2p3Pk/2Bn1K2/8/P2R4/1b2r3 w - - 0 42	c4f7 b1g6 d2h2	1715	0p13151o
KUkwi	3r1rk1/pp4b1/2pNq1pp/2P1p3/1PQ5/P3P2P/3R1PP1/3R2K1 b - - 6 28	d8d6 c4e6 d6e6	1715	0111191o
LLQdA	3qk2r/p2n1ppp/2Bp1b2/8/4PP2/8/PpP2P1P/1R1QK2R b Kk - 0 16	d8a5 e1e2 a5a6 d1d3 a6c6	1715	0g0s1019
M3N8k	2r2rk1/1b2bppn/p2p3p/4pP2/1q2P1P1/2NP1N1P/1P1Q1B2/2R2RK1 w - - 2 22	c3d5 b4d2 d5e7 g8h8 f3d2	1715	0g0s10191n
MCbKT	r3r1k1/pp3ppp/8/3n4/2q1N3/2P2QP1/P4P1P/2R1R1K1 w - - 0 22	e4d6 e8e1 c1e1 c4c7 f3d5	1715	0g0s1019
MKpqJ	7k/pp5p/6p1/6q1/1P6/P7/3rQ2P/5R1K w - - 3 36	e2e8 h8g7 e8f8	1715	0p13151o
NLB7r	8/3r4/2Rp1r1k/1R4bP/1P1pP1p1/P2P1p2/KN3P2/8 b - - 0 44	g4g3 f2g3 f3f2	1715	000g0p1o
OKg3S	3r3r/Qp3pp1/p2k4/3P4/8/4B1Pq/PP2R3/2R3K1 b - - 0 29	h3h1 g1f2 h8h2	1715	1315191o
Pwrgr	r1b1k2r/2qp1pp1/pp3n1p/2bNp3/2P1P3/4BP2/PPQ1B1PP/R4RK1 b kq - 3 14	f6d5 e3c5 c7c5	1715	01191o
RmKMC	4N1k1/1p3ppp/3p4/3Pb3/1PP1P3/5Rqr/3Q2P1/2R3K1 b - - 2 26	h3h1 g1h1 g3h2	1715	051315191n1o
Rpl9M	2rqnrk1/3bppbp/2n3p1/p3p3/3N1P2/2P1B1PP/P3N1B1/2RQ1RK1 w - - 0 18	d4c6 d7c6 d1d8 c8d8 g2c6	1715	010j1019
S410X	6k1/pp1R4/6p1/7p/3P2PP/7K/Prr5/5R2 b - - 0 36	c2c3 f1f3 c3f3	1715	0p13151m1o
SNLZB	2r3k1/3r2pp/pb1P1p2/8/2p5/PP4BP/3R2P1/2R4K b - - 0 28	b6e3 c1c4 c8c4 b3c4 e3d2	1715	0g0p10
UPfIe	r1b2rk1/pp1p1ppp/4pq2/2b5/5P2/P1PBPQ2/6PP/RN2K2R w KQ - 5 15	f3h5 h7h6 h5c5	1715	01191o
UoCHR	r1b4r/pp1nbk1p/1qp2n2/5N2/3P4/5N2/PPP2PPP/R1BQK2R b KQ - 2 11	b6a5 c2c3 a5f5	1715	010s191o
Uxhyt	8/pp3pkp/2p2p2/3p4/6BP/P7/1P3PP1/4n1K1 w - - 2 22	g4f5 c6c5 g1f1 e1g2 f1g2	1715	010p101t
VbdrQ	r5k1/pp4pp/3p3r/2pPp3/2P1Bq1b/1P3P2/P1R3PP/3Q1RK1 b - - 8 25	f4h2 g1h2 h4f2	1715	0j0k0y1315191f1n1o
VylOW	2n5/2k4p/Qb2pRb1/3p4/3P4/1RP5/3q2PP/7K b - - 0 38	d2d1 a6f1 d1b3	1715	0g0s191o
WGJeU	r1b1kr2/p2p2pp/3p4/3Bp3/1p1n2q1/2NP4/PPP3PP/R1BQ2KR b q - 1 15	g4d1 c3d1 d4e2	1715	0f0y13151c1o
X4QSx	4r2k/p1R5/3p3p/8/3b1PQ1/q3N1Pp/P6P/5RK1 b - - 2 30	a3e3 g1h1 e3e4 g4f3 e4f3 f1f3 e8e1 f3f1 e1f1	1715	0d0t1318191w
XTBXq	r4k1r/ppp2p2/3b4/6p1/1P1Pq3/P3P2p/1BP2QPP/R4RK1 b - - 1 19	d6h2 g1h2 h3g2	1715	000g0j0k0y191o
ZIBs2	r1b2rk1/p1p2ppp/1p1b2n1/3q4/3P1p2/2PB1N2/PPQ3PP/R1B2RK1 w - - 4 13	d3e4 d5h5 e4a8	1715	011c1o1p
a6tNj	2r5/p2rk1pp/3p4/5P2/2B5/1P5P/PK3PP1/3R4 w - - 3 23	c4e6 c8c5 e6d7	1715	010p1o
aIqGS	r4rk1/1pp2ppp/1p6/3Qn1q1/1P1B4/P3P2P/2P2PP1/R3K2R b KQ - 0 18	e5d3 c2d3 g5d5	1715	0g0j191o
aOMaX	3r2k1/7p/rp3p1Q/2n1p1BP/p7/P7/1PPK2P1/q2R1R2 w - - 3 28	d2e2 a1d1 f1d1	1715	0g0h191o
asCWU	r3k2r/2B2ppp/2b1pq1n/b2p4/3P4/2P1P2P/1P2NPP1/R2QK1NR b KQkq - 0 15	a5c7 a1a8 c6a8 d1a4 e8e7	1715	010h0t1019
beWi9	r3k2r/p2p2p1/1p1b1p2/8/1p1Q2P1/1P2PRq1/PB4B1/3R2K1 b kq - 0 22	h8h1 g1h1 g3h2	1715	050y1315191g1n1o
biQXb	6rk/pp3p1p/4p2P/3p4/3q4/1P3P2/P1P1p3/1KQ3R1 w - - 2 29	g1g8 h8g8 c1g5 g8f8 g5d8	1715	050p101316
bm9YU	r6k/p4Qpp/bpn5/5p2/3P1B1P/2n1PP2/q4KP1/2R4R w - - 0 21	f7a2 c3a2 c1c6	1715	01191o
bqoVS	8/p1R3pp/3rpk2/P7/2p1nPP1/2r5/6BP/3R2K1 w - - 1 32	g4g5 f6f5 g2e4 f5e4 d1d6	1715	050g0p10
cpCJ4	r2qrnk1/pb6/4pbp1/2pp2NQ/8/1P2P2R/PBP3PP/R5K1 w - - 0 20	h5h8 f6h8 h3h8	1715	0y1315191d1n1o
dV0BP	3r1k2/3R3R/1p1P4/2P3P1/6Kp/1p4b1/8/8 b - - 8 45	d8d7 h7d7 b3b2	1715	000g0p111o
dba13	4b3/RB3ppp/p2kp3/6N1/1n6/4P2P/r4PP1/6K1 w - - 4 29	g5e4 d6c7 b7d5 c7b6 a7b7 b6a5 d5a2	1715	0g0j0k0p111w
dlOYy	2r1kb1r/p3qppp/1pnp1n2/1N1Qp1N1/4P3/8/PPP2PPP/R1B1K2R w KQk - 6 12	b5d6 e7d6 d5f7 e8d8 g5e6 d6e6 f7e6	1715	040g0i0s1c1w
etmym	2rq1rk1/p3b1pb/5n1p/3pp2P/5p2/P4P1Q/1P1NBBP1/2R1R1K1 w - - 5 28	h3e6 g8h8 c1c8 d8c8 e6e7	1715	011019
f8VK9	r2q1rk1/ppp2ppp/1nnp4/5b2/2Pb4/4BNPP/PP2QPB1/RN2K2R w KQ - 0 12	f3d4 c6d4 e3d4 f8e8 d4e3	1715	01101c
gNk6V	r1q3k1/p7/1p2p2p/n2pB1p1/2pP2P1/P1P1Pr2/2Q2P1P/5RK1 w - - 0 23	c2g6 g8f8 e5d6	1715	070y111315191o
gNrGa	8/p5rp/1pR3p1/5k2/5P2/6P1/P5KP/8 w - - 0 39	g2f3 h7h5 h2h3 g7d7 g3g4 h5g4 h3g4	1715	0p13171l1m1w
hjT2U	r2q1rk1/5pp1/2pp2bp/1p2p3/1P1PP1Pb/4PN2/1P1N4/R2Q1RK1 w - - 0 21	a1a8 d8a8 f3h4	1715	01191o
iGQRW	R7/6pk/7p/8/4P1PP/8/p4K2/r7 b - - 0 43	a1h1 a8a2 h1h2 f2e3 h2a2	1715	0g0p0r101m1p
j90Px	6k1/7p/Q1p1p3/1qPp1p2/6p1/6P1/7P/3K4 w - - 2 44	a6b5 c6b5 c5c6 g8f7 c6c7	1715	000g0p10111i
l3EnN	3rkb1r/ppp3p1/2n3pp/3p1Q2/3P2B1/2P5/q6P/1N2K3 w k - 0 21	f5g6 e8e7 g6e6	1715	1315191o1s
lZUft	3r2k1/p4ppp/q7/8/2P5/4QP2/5P1P/6RK w - - 2 34	e3g5 g7g6 g5d8	1715	0g0p1o
lxpvL	r4r1k/p4qp1/1pR4b/2p5/8/1PB4R/P1PP2PP/6K1 w - - 0 22	c6h6 h8g8 h6h8	1715	1315191g1o
nqlEj	8/p3p1bp/2N3p1/4Pb1k/7P/2P5/pP4P1/3R2K1 b - - 3 30	f5b1 c6b4 a2a1q	1715	000g0p1h1l1o
nuRln	2krQb1r/pppq1ppp/8/8/8/8/PPP2PPP/3RR1K1 w - - 4 18	e8d7 d8d7 e1e8 d7d8 d1d8	1715	0d101316191k
owIuX	3r1r1k/5pp1/3qpn1R/1R6/2P5/3P1BP1/3Q1PK1/8 b - - 0 38	g7h6 d2h6 f6h7 b5h5 d6d3	1715	011019
p8ey0	r4r2/ppp3pp/1b2B3/k2P4/P3RB2/5P2/1PP1KPqP/R7 w - - 1 25	b2b4 a5a6 b4b5 a6a5 f4d2	1715	10131619
pfnPK	7r/1p1Rbkp1/p3pp2/8/8/1qB2Qp1/1P3P1P/6K1 w - - 0 30	d7e7 f7e7 c3f6 e7f7 f3b3	1715	050g0j0p10
qTwyG	8/ppr2kbp/1n6/1q3p2/5P2/1P3BPP/P2Q2K1/3R4 w - - 2 33	f3h5 f7g8 d2d8 g7f8 d8c7 b5c6 c7c6	1715	0g0r0s191w
qV79T	6k1/5pp1/p3b2p/1p1p2q1/5r2/1P1Q1P2/P1R3P1/4R1K1 w - - 2 37	c2c8 g5d8 c8d8	1715	0p13151o
qwpgp	2r1r3/5pkp/2P3p1/pP1pp2n/6q1/P1Q2N2/5PPP/R4RK1 b - - 1 26	h5f4 g2g3 f4e2 g1g2 e2c3	1715	0g0s1019
te7ZC	r5k1/1p3ppp/p1p5/2Ppr1q1/PP2b3/3BP2P/3R1PP1/2RQ2K1 w - - 2 24	f2f4 g5g3 f4e5	1715	0g0s191o
u9nxF	2rr2k1/p3bpp1/1p3q2/1P2P2p/2Pn4/P1Q1B2P/6PN/3RR1K1 b - - 0 27	d4e2 e1e2 d8d1 e2e1 d1e1	1715	0g0i0j0y1019
ubVYl	3r1r2/pppq1pk1/2n1b2p/6pQ/3PBP2/P1P3B1/6PP/R3R1K1 b - - 0 19	e6g4 e4c6 b7c6	1715	01191o
v4Miy	r3k1nr/ppp3pp/3b1p2/6B1/1nN3b1/5N2/PqP1PPPP/2RQKB1R b Kkq - 1 10	b2c3 g5d2 c3c4	1715	010s191o
vzuq9	r2q1bk1/pp4p1/2p3B1/2Pp1Q2/3Pn3/PP5P/5P2/R5K1 w - - 0 26	g6f7 g8h8 f5h5	1715	0y1315191o
wXSFy	1rb3k1/2q1n1b1/p5r1/2pn1pQ1/1p1p4/1P1P2PN/PBP2PBP/4RRK1 w - - 3 25	g2d5 e7d5 g5g6	1715	0g0y191o
wzeVG	r1bq1rk1/6pp/ppn1pb2/2p5/2P2B2/P2P1N2/1P2B1PP/1R2QRK1 b - - 1 17	f6d4 f3d4 d8d4 g1h1 f8f4 f1f4 d4f4	1715	010y1c1w
xEVRG	RQ6/5pk1/2p4p/2Pr3q/3P2p1/4BbP1/5P1P/6K1 b - - 1 38	h5h2 g1h2 d5h5 h2g1 h5h1	1715	050p1013161d1n
y4mV1	2r3k1/pQ4pp/4N3/2q1P3/5n2/6P1/P4n1P/R4RK1 b - - 2 26	f2h3 g1h1 c5g1 f1g1 h3f2	1715	0k0m101316191n
yJqFh	4r3/p6R/5k2/1p4N1/2p2Pb1/2Pr4/P7/2K4R w - - 2 33	h1h6 f6f5 h7f7	1715	0p13151o
zs5xp	7k/1p4pp/2p5/2P5/p3b3/P4pP1/3BB2P/2R4K b - - 0 38	f3f2 e2f3 e4f3	1715	000j0k0p13151o
zyn6Z	1r3rk1/5ppp/2p5/1n2q3/5P2/Q1N5/P5PP/2R2R1K w - - 1 26	a3f8 g8f8 f4e5	1715	0g191o
0GmWn	8/4bBp1/4Pk2/p5p1/1pr3PP/6K1/P3R3/8 w - - 1 40	h4g5 f6g5 e2e5 g5h6 e5h5	1716	050p1013161d
0XZ72	8/5p1k/5qpb/4p2p/PR1pP3/3P4/6PP/4Q1K1 b - - 0 32	h6e3 g1h1 e3d2 e1e2 d2b4	1716	0g0p0v10
2c5nl	2r3k1/1p4p1/p7/3pQ1Nr/5Pq1/1P4n1/P6P/4R1K1 w - - 0 32	e5e8 c8e8 e1e8	1716	1315191n1o
46WQ6	2kr3r/Bpp2pp1/7p/8/2B2b2/5P1q/PPQ5/R3R1K1 b - - 0 21	d8d2 c2d2 f4d2	1716	0g191o
53Paf	5r1k/p5p1/7p/1p5Q/1P1P2K1/P2B2p1/5q2/R4R2 b - - 6 36	f8f4 g4h3 f2h2	1716	0p13151o
5Kfpc	2r2rk1/5p2/p1q2bp1/1p1N4/4Q2p/7P/PPP5/2KR2R1 w - - 4 30	g1g6 f7g6 e4g6 f6g7 d5e7 g8h8 e7c6	1716	0g0s191n1w
7uyyk	3r4/p3kBQR/2p5/1p2P1P1/8/2P5/1K2PP2/3q4 b - - 6 38	d8d2 b2a3 d1a4	1716	0p13151o
8eOzz	2Q5/3r1pk1/4q2p/6p1/1P6/P3RN1P/5PP1/6K1 b - - 0 34	d7d1 e3e1 d1e1 f3e1 e6c8	1716	0g0p10
9bK88	3r1rk1/pb3pb1/2p3p1/q2Pp3/2B5/2N2Q2/PPP3PP/3R1RK1 b - - 0 17	a5c5 f1f2 c5c4	1716	0g0s191o
AF4Km	8/pb2n3/1p2Npk1/4P3/3P2P1/2rBK3/P7/5R2 b - - 0 32	c3d3 e3d3 b7a6 d3e4 a6f1	1716	01050p10111n1p
CGzo2	8/4k3/3p4/p5pp/P1PPK3/7P/8/8 w - - 6 54	e4f5 g5g4 h3g4	1716	0g0p1e1o
CcJlf	r1b2rk1/2q1n2p/2n2ppb/1pN5/1Pp2P2/2PpBQ2/B2N2PP/R4RK1 w - - 7 24	a2c4 b5c4 a1a8	1716	010j191o
Dk7SE	8/1p3pk1/p3b1p1/8/2PR1P1q/1P3B2/P2R2KP/8 b - - 6 38	e6h3 g2g1 h4e1	1716	0p13151o
EVcqM	rn3rk1/p1pp1pp1/1p4b1/3NP1pP/2P1P1P1/8/PP1K1P2/R6R w - - 0 20	d5e7 g8h7 h5g6	1716	0k0m0y1315191o
FUzzP	3r4/2k1p3/5b1p/p5p1/3B2P1/1PK4P/P5P1/3R4 b - - 0 31	e7e5 d1f1 e5d4	1716	0g0p1o
G4dqR	4k3/1R6/1p2BpK1/5P2/r2b4/6P1/8/8 w - - 2 48	e6d7 e8d8 d7a4	1716	0g0p0s111o
GOONa	rn2k2r/pp3pQp/2p2n2/2q5/8/5N2/PP2P1PP/RNB1KB1R b KQkq - 0 11	c5c1 e1f2 f6e4 f2g1 c1e3	1716	0t1013161c
JWzo7	r4r1k/p4p1p/1p2p3/3Pq1NQ/8/1P1b4/P1P2PPP/6K1 w - - 6 21	g5f7 f8f7 h5e5	1716	010j0p0s1o
KtDpm	5k2/pp3p1p/2pq2p1/8/4R3/4Q1PP/5P1K/3r4 w - - 0 37	e3h6 f8g8 e4e8 d6f8 e8f8	1716	0p0x101316
LZz9q	4k3/pp6/2bp4/4pp2/6q1/3Q4/PPP2K1P/4R3 b - - 8 34	g4g2 f2e3 f5f4	1716	0p13151o
M14vg	4r1k1/ppp1q2p/2p3p1/5PPr/2PPP1Q1/7P/PP4K1/4RR2 b - - 0 25	h5g5 f5f6 g5g4 h3g4 e7f7	1716	010p101g
M2oU9	r1bq1rk1/pp2ppbp/2n2np1/8/3N4/2N1Bp2/PPPQ2PP/1K1R1B1R w - - 0 11	d4c6 d8d2 c6e7	1716	011c1n1o
MrbQg	r4r2/7k/p2p1qp1/4p3/1pBnP1Q1/8/PPP2PP1/1K1R4 w - - 0 23	d1h1 h7g7 g4d7 f8f7 c4f7 f6f7 h1h7 g7h7 d7f7	1716	01050i191g1w
My9S8	r4rk1/pb3pp1/1bp4p/4pN2/6nq/2P4P/PPQB1PP1/RN3RK1 b - - 2 16	b6f2 g1h1 h4h3 g2h3 c6c5 c2e4 b7e4	1716	0j0k0y1317191n1w
NaLwn	2r5/2r2pkp/3Q2p1/3p4/8/8/Pq3PPP/R4RK1 b - - 0 25	b2a1 d6c7 a1f1 g1f1 c8c7	1716	0g0p10
OFxPF	r1q5/1pp2prk/6n1/1p1p1P2/4N1Qb/P1PPB3/1P6/6RK w - - 0 30	f5g6 f7g6 g4h4	1716	0g191o
Ou4re	r1bqrk2/pp2p1bp/3P1np1/4Q3/2B5/2N5/PP3PPP/R1B1R1K1 b - - 0 17	e7d6 e5e8 f6e8	1716	011c1o
Pv3JU	4r3/pp1b2k1/2p2q1p/2PpRBp1/3P4/5P1P/PPQ3P1/5K2 b - - 0 28	e8e5 d4e5 f6f5	1716	010p0w1o
RWRJr	r2qk1nr/p2nb1pp/1Pp1p1b1/3pP3/3P4/2NB1N2/PP1B2PP/R2Q1RK1 b kq - 0 13	g6d3 b6b7 a8b8	1716	010t1c1o
RjrWo	8/6kp/4Q1p1/8/5P2/1BP3RK/PP6/3q4 b - - 7 39	d1h1 h3g4 h1h5	1716	0p13151o
RvKgZ	r5k1/1b3p1p/2n2PpQ/3p4/2pP1B2/1p5P/1P3P2/qNKR3R b - - 0 28	a1b2 c1b2 a8a2 b2c3 a2c2	1716	05101316191k1n
SZbqR	2rq2k1/pb1n4/1p1N2pp/3Pbp2/2P5/4r2P/PP2B1PB/R2Q1RK1 b - - 0 20	e5h2 g1h2 d8c7 h2g1 c7d6	1716	0110191g
SfAHP	r1bq1rk1/2p2pp1/p1n2N1B/1p2p2Q/3b4/1B1P3P/PPP2PP1/RN2K2R b KQ - 0 13	d8f6 h6e3 d4b2	1716	01191o
Srhis	1Rn4r/3k1pp1/1p1Np2p/3pP3/1P1N4/7P/5nPK/r7 w - - 4 30	b8b7 d7d8 d4c6	1716	0f1315191o
T1u0K	8/p7/Pp6/6pK/4nkP1/2PB4/7P/8 b - - 4 41	e4f6 h5g6 f6g4 d3f1 g4h2	1716	0g0i0p10
Tk3vn	4r2k/ppp3q1/4b3/4Q3/8/1P2nP2/P5P1/4R1K1 w - - 1 28	e5h5 g7h7 h5e8	1716	0g0p0s1o
Tw45x	R2r2k1/5pp1/2p2n1p/4Q3/3rP3/2N5/2q2PPP/R5K1 w - - 0 25	e5d4 d8a8 a1a8	1716	0g191g1o
UoQC9	b1kr3r/2pq1nbp/2n1p3/2p1Ppp1/8/1PB2N2/3NQPPP/R5K1 w - - 0 21	a1a8 c8b7 e2a6	1716	1315191k1o1u
V7luh	r2q1rk1/pp4p1/2n5/2pp1PbQ/5p1P/2P1P3/PP3P2/R3K2R w KQ - 0 18	h4g5 f8f5 h5h7 g8f7 h7f5	1716	0g0s1019
VI5LH	2k3br/ppq5/1Ppb1n2/3p1pN1/4p3/1P2PP2/1BPP1NP1/R3QBK1 b - - 0 19	d6h2 g1h1 h2g1 h1g1 c7h2	1716	050j0k0y101316191n
VZCq7	6k1/1b3ppp/1b2p3/1B6/1P6/2q2N2/3Q1PPP/r3R1K1 b - - 3 22	c3d2 f3d2 a1e1	1716	0b0g191o
VeuRX	r5k1/p4rpp/4n2B/7Q/4q3/P7/6PP/5RK1 w - - 0 23	h5f7 g8h8 h6g7 e6g7 f7f8 a8f8 f1f8	1716	061317191w
WVdhD	2krn2r/pp3p1p/2p1p1p1/8/1PPq3Q/P4B1P/5PPB/R5K1 w - - 1 22	h4d4 d8d4 h2e5 d4c4 e5h8	1716	010s1019
XOvCM	6k1/7p/p7/2P1p3/Pp1pP1p1/5q2/2P1Q2P/6K1 w - - 1 37	e2f3 g4f3 c5c6 g8f7 c6c7	1716	000g0p101i
YKBCD	1r2r3/R4pk1/6p1/3P4/4p3/1P2P1Pq/P2Q1P2/2R3K1 b - - 0 29	e8h8 d2d4 g7g8 d4e4 h3h2 g1f1 h2h1 e4h1 h8h1 f1e2 h1c1	1716	010h0p1l1p1w
Yq2pD	6r1/p6k/1bQ3p1/5P1p/4B2P/4q1PK/8/8 w - - 0 40	f5g6 h7h6 g6g7 h6g7 c6g6 g7f8 g6f6 f8e8 e4c6	1716	0005070j0k0p13181w
YxoYG	8/8/7P/5p2/8/5k2/3Kp3/3b4 w - - 1 52	d2e1 d1a4 h6h7 a4d1 h7h8q	1716	00080g0p101h
amigy	r3r1k1/1p4pb/p4p1b/5q1Q/3PpN2/P3P2P/1P3PPB/2R2RK1 b - - 0 27	h6f4 h5f5 f4h2 g1h2 h7f5	1716	010y10191n
az0Aq	1r1q1rk1/2p2p2/p4n1p/4pN2/2PpP3/3P1Q1P/P4PP1/b2R2K1 w - - 0 24	f3g3 f6g4 g3g4 d8g5 f5h6	1716	0g0y10191g
b7Q89	8/pppb2r1/3p1k2/3P1p2/2P5/1P2P1Nq/P3BQ1P/7K w - - 5 37	g3h5 f6f7 h5g7	1716	010p0s111o
bI5EP	3r2k1/5pbp/6p1/2B5/5q2/1P3P2/P3Q2P/4R1K1 b - - 2 31	f4g5 g1h1 g5c5	1716	0g0p0s1o
bz6NX	2r5/p1p3Q1/1pk4p/4P3/3P2n1/B1P1q3/P1P3PP/5R1K b - - 8 27	g4f2 h1g1 f2h3 g1h1 e3g1 f1g1 h3f2	1716	0k0m0p13171n1q1w
cOMhe	R1n5/2k5/2p3pp/P1Bp1p2/3P1P2/5PKP/1r6/8 b - - 0 37	c7b7 a8c8 b7c8	1716	0g0p1o1t
ccYoV	rn1q1rk1/pb3ppp/5n2/2b1N3/8/3PB3/PPP2PPP/RN1QKB1R b KQ - 2 8	c5e3 f2e3 d8a5 b1c3 a5e5	1716	010s101c
cs51I	7r/7p/6p1/2p5/2kp4/2P2R2/rP3R1P/2K5 w - - 6 33	b2b3 c4b3 c3d4 b3c4 f2a2	1716	010i0j0k0p101m
e6dpl	r1b2rk1/ppp2ppp/8/8/2Bb3q/P7/2P3PP/R1BQ1R1K w - - 0 14	f1f4 h4f4 c1f4 d4a1 d1a1	1716	011019
eQhvK	2k4r/1ppRR1p1/7p/1B4n1/2N5/2P1B1qP/PP4P1/6K1 b - - 15 32	g5f3 g1f1 g3e1	1716	1315191g1o
gMYSs	2r4k/p5p1/1p3q1p/4Q3/3n4/6P1/PP3PBP/4R1K1 b - - 0 25	f6e5 e1e5 c8c1 g2f1 d4f3 g1g2 f3e5	1716	0g0p0s1w
gmpbY	8/2Q5/3p1qkp/p2P4/1P1n2K1/6B1/1P3P1P/6R1 b - - 0 35	f6f5 g4h4 d4f3	1716	0p13151o
gxojN	r4rk1/p1p2pbp/2Q1q1p1/3pN2n/3PP3/2P1BP1P/PP4P1/R3K2R b KQ - 0 16	g7e5 c6e6 e5g3 e1d2 f7e6	1716	010r0w10191n
hnlza	5rk1/5ppp/4p3/8/Q7/1N5P/2p3P1/3q1RK1 b - - 0 34	c2c1q b3c1 d1a4	1716	000g0j0p1h1o
hp6Wb	4rk2/ppp2Bp1/7p/7P/4r1P1/2P5/PKP5/5R2 w - - 1 26	f7d5 f8e7 d5e4	1716	0g0j0k0p0v1o
i1F03	2kr3r/pb1n1p2/1pp1pp2/2P5/1P1P4/P4Nq1/5QB1/R1B1R1K1 b - - 1 18	h8h1 g1h1 g3f2	1716	0g0i0y11191g1o
iSJrh	r4r1k/ppp3p1/8/4PPq1/3P2p1/2P2R2/PP3RQP/6K1 b - - 0 23	g5c1 f2f1 g4f3 g2h3 c1h6 h3h6 g7h6	1716	010p1g1w
iqhnO	1r3r1k/p4ppB/8/2b5/5q2/nPNQ3P/P4PP1/3RR1K1 b - - 2 25	c5f2 g1h1 f2e1	1716	010s191o
ivCpE	7k/1p5p/4N2P/3p4/3Pp3/prP1P3/6R1/3K4 b - - 4 34	b3b1 d1c2 b1b2 c2c1 b2g2	1716	0g0p0r101p
jGE8z	r1b1k1nr/p1pp1p1p/1pnb4/3N4/2BqP3/3PpQ2/PPP3PP/R4R1K w kq - 0 12	f3f7 e8d8 f7f8 d6f8 f1f8	1716	04101316191n
jegZX	3r3k/1Q4R1/p3Bn1p/4p3/3nP1P1/7P/PPPq4/1KR5 b - - 0 34	d2c1 b1c1 d4e2 c1b1 d8d1	1716	0506101316191n
jtyTC	6rk/8/1p1Q3p/p1pP1b2/2Pb1P1P/1P6/P7/7K b - - 0 37	f5e4 h1h2 d4g1 h2h3 e4g2	1716	0p0r1013161a
l9gtE	N5k1/5p1p/3p4/3P2nq/1P3Q2/P3P1P1/5P2/1B4K1 b - - 2 38	g5h3 g1g2 h3f4	1716	010p0s1o
mrrkO	1b4k1/1N6/p2P3p/2p3p1/2Q2q2/5N2/PP2rPP1/3R2K1 b - - 0 30	f4c4 d6d7 b8c7 d7d8q c7d8	1716	0g0t10191l
nT9pK	r5k1/1b4pp/p7/1p6/2p2Qnq/P1P4P/BP4P1/R4R1K b - - 0 24	h4h3 h1g1 h3g2	1716	0y1315191g1o
noz4Y	4r1k1/p4p1p/1p4p1/1PpP4/P1Bb4/5qP1/3Q1P1P/3R2K1 b - - 2 28	d4f2 d2f2 f3d1	1716	0g0i0p0y1o
oJCDP	r3r3/1b3k2/p2pp1pR/1p4P1/2nNP3/2q2P2/P1P5/3K3R w - - 0 27	h6h7 f7f8 h7h8 f8e7 h1h7 e7d8 d4e6 d8c8 h8e8	1716	0i1318191g1w
qMsnm	r1qr2k1/p3bpp1/4b2p/1N2Pn2/8/5N2/PP2QPPP/R1BR2K1 b - - 10 20	e6c4 d1d8 e7d8 e2c2 c4b5 c2c8 a8c8	1716	011c1w
qXu07	8/p4ppk/7p/2p2qn1/2P1r2P/P5P1/5PK1/RQ3R2 b - - 0 33	f5h3 g2g1 g5f3	1716	0p13151o
rRXBH	r2r2k1/pb3pp1/1p2pR1p/4b2Q/q7/3BB2P/1P4P1/3R2K1 w - - 0 22	h5f7 g8h8 f6h6 g7h6 f7h7	1716	0s101316191n
sWbWl	6rk/p2Q1n1p/1p6/5p1r/2B5/P4PqP/1PR3P1/6RK b - - 3 32	h5h3 g2h3 g3g1	1716	1315191o
uXM4h	r1b4r/1p3pkp/2nQ3n/pB1ppP2/8/N5q1/PPP5/R1B2K2 w - - 3 22	c1h6 g7g8 d6f8	1716	1315191o
uhczj	r1b3R1/4kp1p/3ppb1Q/1qn5/4P3/7B/PPP4P/2K5 w - - 0 25	h6f8 e7d7 f8e8 d7c7 e8b5	1716	0110191p
uj4I5	r1b1k2r/2q2ppp/p1p5/2bpp3/3N1B2/6P1/PPP2P1P/R2Q1RK1 w kq - 0 13	f4e5 c7e5 f1e1	1716	01191g1n1o
wA2Sk	r4rk1/1pp2ppp/pbnp4/4p2b/1PB1N2q/1QPPB2P/P4PP1/R3K2R w KQ - 0 13	e3g5 h4g5 e4g5	1716	01191o1t
xq8Fh	r3r2k/2p2Qpp/2pp4/p1q3N1/4PR2/2PnP3/P5PP/5RK1 b - - 4 24	c5e3 g1h1 d3f4 f7f4 e3f4	1716	0g0y1019
xtx0w	8/p4rk1/1p5R/1n6/7R/5P2/Pb4P1/7K w - - 6 50	h6h7 g7g8 h7f7 g8f7 h4b4 b5d4 b4b2	1716	0g0p0s1w
y0oaU	4rrk1/p1q1b1pp/2p2p2/1p6/4bPQN/1P6/PB4PP/2R2R1K w - - 10 26	g4e6 g8h8 e6e4	1716	010s191o
zPkdZ	2r5/1k3p2/2R1p1p1/PP1p3p/8/4P3/4K3/8 w - - 5 42	a5a6 b7b8 a6a7 b8a7 c6c8	1716	000g0i0p0r101m
zwKFO	r2qk2r/pbp2ppp/3b4/2p5/4n3/2P2N2/PP2QPPP/RNB1K2R w KQkq - 0 10	e2b5 d8d7 b5b7	1716	010s1c1o
0DNDW	r3rbk1/5p1p/p5p1/8/4NQn1/6Pq/1P3P1P/R1B2RK1 w - - 6 29	f4g4 h3g4 e4f6 g8h8 f6g4	1717	01050s10191n
0bDWl	r4rk1/1pp2p2/3p1Ppp/p6Q/P5P1/1B3b1P/2P2K2/2q5 w - - 0 23	h5g6 g8h8 g6g7	1717	0p0y13151g1o
1x4Jt	8/p4p2/1p3p1p/6k1/3PK3/2P2P2/8/8 w - - 3 41	d4d5 f6f5 e4e5 f7f6 e5e6	1717	0g0h0p101e1l
2yCFA	r5k1/p1qQ1ppp/1pp5/1n2r3/1PB5/8/1PP2PPP/R2R2K1 b - - 3 23	e5e1 c4f1 c7d7 d1d7 e1a1	1717	0g1019
3RcbF	4rr1k/pp4pp/2qb1p2/3p1Q2/2nP1P2/1PP2NB1/P5PP/4RRK1 b - - 0 19	c4e3 f5d3 e3f1	1717	010s191o
4Gepv	3r1nkb/1b2p3/p5pR/1p4N1/P1p3B1/3p4/1P4PP/2R3K1 w - - 0 27	h6h8 g8h8 g5f7 h8g7 f7d8	1717	01050r0s10191n
4vY6l	8/p7/3K4/2p1p2k/2P2p1P/8/PPP2P2/8 b - - 0 33	e5e4 b2b4 e4e3	1717	0g0p1e1l1o
5Tqsa	3r2k1/p1p1qp1p/2p3p1/4p3/2PrPb2/1P3P1P/P1Q1N1P1/3R1R1K b - - 4 23	d4d2 d1d2 d8d2	1717	0e0g191o
7IlhV	rn1q1rk1/pb1n1pBp/1p2p1p1/2p3N1/2B5/2NP3P/PPP2PP1/R2Q1RK1 b - - 0 12	d8g5 c3e4 b7e4 d3e4 g8g7	1717	0g0t101c
7fBD2	8/pQ6/5p2/4p1p1/2P1k3/1P2q1PP/P2p1bK1/5R2 b - - 0 39	e4d3 f1f2 d2d1q	1717	000g0h0p1h1o
9N0G7	r4q2/pp2p1k1/3p4/2p5/3P4/8/PPPKQ1PP/3N1rNR b - - 4 22	f8f4 d1e3 f1f2 g1f3 f2e2	1717	0110191g
AEnb8	2rr2k1/p4pp1/1p3n2/2p1q2p/P2Np3/1P2Q1PP/2P2PK1/3R3R w - - 0 21	d4c6 c8c6 d1d8	1717	010i0j1112191o
AWKd7	3r4/1pp2kp1/1p6/4n3/1P2N3/P4PK1/7P/4R3 w - - 7 31	e4g5 f7f6 e1e5 f6e5 g5f7 e5e6 f7d8	1717	050g0j0p0s1n1w
AlaIZ	4rRrk/p1p1P2p/3p4/2p5/4b3/6P1/PPP4P/5RK1 w - - 5 28	f8e8 g8e8 f1f8 h8g7 f8e8	1717	050d0g0p10
BSjEm	4R1r1/3n2k1/5p1b/pp1p4/5pPN/2r4P/P5K1/4R3 w - - 4 33	e1e7 g7h8 h4g6	1717	0f0s1315191g1o
BravC	7k/pp3p1p/4b2P/8/4P3/3PK1Q1/1q6/8 w - - 2 32	g3b8 e6c8 b8c8	1717	0p13151o
CWV2t	8/p4kpp/5p2/3P4/p4Pb1/2P1b1P1/PPKBr2P/3RR3 b - - 1 22	g4f5 c2c1 e3d2 d1d2 e2e1	1717	010p0s10
Dfj9i	r5k1/pbp1q1p1/1p3rP1/3p1p2/3PnPP1/2P1P3/PKQ5/3R1B1R w - - 1 19	h1h8 g8h8 c2h2 h8g8 h2h7 g8f8 h7h8	1717	050y1317191n1w
E3iIi	3r3r/2pkn2p/8/1P1p4/8/Q1p5/2q2PPP/4R1K1 w - - 0 27	e1e7 d7c8 a3a8	1717	0p13151o
ES1Jf	6k1/1p2bpp1/p3p2p/8/1PrP2N1/P4qP1/3Q1P1P/3R2K1 w - - 4 31	g4e5 e7g5 e5f3	1717	010p0s1o
GvYHN	r1bq1rk1/pp1n1p2/4p2Q/3pPn2/8/2bB3N/PP3PPP/R4RK1 w - - 1 15	d3f5 e6f5 h3g5 d8g5 h6g5	1717	0g0y1019
HHFrO	8/4pk2/3p2p1/3r1p1P/p3n1P1/4R2K/8/4R3 w - - 0 42	h5g6 f7g6 g4f5 g6f5 e3e4	1717	01050p10
IQo3G	4r1k1/2p2pb1/1nq1r1pp/2QRP3/3N4/4P1BP/5PP1/2R3K1 b - - 0 28	c6d5 c5d5 b6d5	1717	0111191o
IUePk	6k1/pp2rbpp/8/3Q4/8/6P1/P1r1q2P/3R1RK1 w - - 1 34	d5f7 e7f7 d1d8 e2e8 d8e8 f7f8 f1f8	1717	0d1317191n1w
Jz7uo	4r3/ppp3k1/2n4p/3R1Pq1/2Q3b1/8/Pb4P1/5RK1 w - - 0 26	f5f6 b2f6 d5g5	1717	010j191o
K1tUs	N2k1bnr/pp1b1ppp/4p3/3p4/n2N1B2/4P3/1qP2PPP/R2QKB1R b KQ - 1 11	f8b4 e1e2 a4c3	1717	0g1c1o
KHoAI	4k1r1/1b3p2/p2q1n1Q/1p1P3P/8/2P2P2/2PK4/3R1B1R b - - 0 23	f6e4 f3e4 d6h6	1717	0g0j191o
KM2bt	8/1b1rrpk1/p2p2p1/1p2q2p/3NP2b/2P3RP/PP3QP1/1B3R1K w - - 8 34	d4f5 g7h7 f5h4	1717	0g191g1o
Kgjyw	r3r1k1/pp6/2pq2P1/3p3Q/3Pn3/1P4P1/P1P5/R1B2RK1 b - - 0 32	d6g3 g1h1 e4f2 f1f2 e8e1 f2f1 e1f1	1717	0d0r0y1317191n1w
Kk3wX	1k1r4/1P6/1Q6/q1r3pp/P1P5/8/5PPP/RR4K1 b - - 4 40	d8d1 b1d1 a5b6	1717	010i0p1o
LYJJw	7Q/1p2p3/4b1p1/2r3k1/8/1Pq2PP1/2P5/1K1R4 w - - 1 31	h8h4 g5f5 h4f4	1717	0p13151o1s
Ln1sE	r3r1k1/7p/R1n3p1/2Pp4/8/2b2P1P/4BK1B/3R4 b - - 0 28	e8e2 f2e2 a8a6	1717	0g0w191o
LtX1J	5rk1/5ppp/8/3pp3/Rqn5/4PR2/1PQ3PP/6K1 b - - 1 29	b4e1 f3f1 e1f1 g1f1 c4e3 f1f2 e3c2	1717	050g0p0s1n1w
MMaOX	2rr4/8/4kpp1/4P3/2R2PP1/P2pK3/5P2/2R5 b - - 0 54	c8c4 c1c4 d3d2	1717	000g0p111m1o
MNhBC	6kr/1b1qp3/p2pN3/1p2bP2/7p/P1r1Q2P/1PP3P1/5R1K w - - 0 25	e3g5 g8f7 g5g6	1717	0y111315191o
MPxg1	1r4k1/5ppp/2Qp4/3Pp3/2P3P1/p1q1P2P/P1B1R3/2K5 b - - 0 35	b8b1 c1b1 c3b2	1717	050p13151g1k1n1o
N4Rsd	1k4r1/1p6/pN1p4/P1p1n2p/R4Q2/4N1qP/1PP3P1/6K1 b - - 2 28	e5f3 f4f3 g3f3	1717	0g191g1o
NVQmW	rnb1k1nr/pppp1ppp/8/4P3/1q1b4/2NQ2B1/PPP1PPPP/R3KBNR b KQkq - 8 6	b4b2 e1d2 b2a1	1717	011c1o
NalF8	2r2r1k/p5pp/2p4q/4N3/3PpbQ1/P7/6PP/2R1R2K w - - 2 31	e5f7 h8g8 f7h6	1717	0g1112191g1o
NeOAK	4R3/8/5P2/2b1P1k1/2p2N2/2rp1K2/8/8 w - - 0 41	f4e6 g5g6 e6c5 d3d2 f3e2	1717	0g0p0s10
O4WzB	6k1/5p2/6pp/1N2B3/8/1KP3PP/8/5r2 b - - 0 40	f1f5 e5f4 f5b5	1717	010p1o
PAum0	8/8/2r4p/ppk5/6PP/8/P2R1K2/8 w - - 0 40	d2c2 c5d6 c2c6 d6c6 g4g5 h6g5 h4h5	1717	0g0h0p1m1w
PafOd	r2Rr1k1/pp2Pp1p/6pQ/2p5/5p2/2P4P/PP3RK1/4q3 w - - 0 30	h6f8 e8f8 e7f8q	1717	000p0y13151h1o
QNEqq	3r3k/p1p1q1p1/1pPn1p1p/1P1Q4/1N6/1P2P3/5PPP/3R2K1 b - - 0 29	d6f7 d5d8 f7d8	1717	010p1l1o
TTtKg	r1b2rk1/ppp2ppp/8/6q1/2B5/5Q1P/PP3PP1/R3R1K1 w - - 1 17	f3f7 f8f7 e1e8	1717	0y1315191g1n1o
U4l4c	6k1/P1q1n1pp/2pbp1r1/3p4/Q2P4/P1N1B2b/5PP1/2R2RK1 b - - 0 22	d6h2 g1h1 h3g2	1717	0y1315191g1o
UYGbN	r2r2k1/1bqnbpp1/p3p2p/1p1nP3/3N3B/P1N2B2/1PP3PP/2RQR1K1 w - - 1 17	c3d5 b7d5 h4e7	1717	0b0g191o
UorOe	r2qkb1r/ppp2ppp/4p3/5b2/3P2n1/BBP2Q2/P1P2PPP/R3K1NR w KQkq - 0 10	b3a4 c7c6 a4c6 b7c6 f3c6 d8d7 c6a8	1717	0g0i1c1w
X7lzi	4qrk1/6pp/1p2pp2/3pB3/bQ1P4/5P2/1P4PP/2R3K1 w - - 0 23	e5d6 f8f7 b4a4	1717	0g0p1o
ZGnAi	3q1rk1/p1p3p1/2p1pn1p/2p5/4P3/1PN2P1P/P1Pr2P1/R3QRK1 b - - 4 17	d8d4 f1f2 d2f2 e1f2 d4c3	1717	010s1019
Zr4rC	8/3bqpk1/p3p1p1/3pP3/2p5/2N1R1Q1/PPPr1PPP/5K2 b - - 14 26	d5d4 e3e2 d4c3	1717	010p0s1o
a0tX4	4rr2/pp1n2pp/2p5/2k2bB1/8/2N3K1/PPP5/3R1B2 w - - 6 27	c3a4 c5b4 d1d4 b4a5 g5d2	1717	10131619
aPeO4	8/8/1p6/p3k2p/1PP2p1P/3K1Pp1/6P1/8 w - - 0 38	c4c5 a5b4 c5b6	1717	0g0p1e1o
agfZP	2r3k1/1Q1R3p/5qp1/2p5/2Pb2P1/P3p1PK/8/8 w - - 2 42	b7c8 f6f8 d7d8 f8d8 c8d8	1717	0g0p0t101g
aopts	6k1/4Rpp1/5n1p/B3K3/PpB5/1P3P2/3b1P1P/3r4 b - - 10 37	d1e1 e5d6 d2f4 d6c6 e1e7	1717	010i0p10
bZq9x	4Q3/pp2N3/3pq2k/4p2p/8/1P1P1n2/P1P4P/1K6 w - - 6 38	e7g8 e6g8 e8g8	1717	0g0p1o
bjHsu	8/1kp5/1p1p4/3P3p/4q2P/3R2QK/8/8 b - - 1 69	e4h1 g3h2 h1f1 h3g3 f1d3	1717	0g0p0s10
boheZ	4k3/5p2/p3p3/1p6/4Q3/P7/1PP2qrP/1K1R4 w - - 0 25	e4a8 e8e7 a8d8	1717	0p13151o
c8uMt	5rk1/1p4pp/p3p3/8/3q1n2/1P4QP/P4PP1/1B2R1K1 b - - 2 27	f4e2 e1e2 d4d1 g1h2 d1e2	1717	01050p0s101n
dzQPr	8/1p3rk1/1Q1p2pp/2pN4/2PnB3/3P4/PP1q2PP/R5K1 b - - 2 25	d2f2 g1h1 f2f1 a1f1 f7f1	1717	06101316191n
eaWW8	8/p1p3k1/3p2pp/2pP4/2P2Qbq/5NN1/PP4K1/8 b - - 1 33	g4h3 g2f2 h4f4	1717	0g0j0p1o
eeshy	5rk1/6pp/p3p1p1/5P2/P1RP1nq1/4Q1P1/2R2P1P/6K1 b - - 2 35	g4d1 e3e1 d1e1	1717	0p13151o
f38p3	r1br2k1/1pq1bppp/p4n2/4N3/3B1P2/2NQ4/PP4PP/3RR1K1 b - - 1 16	d8d4 d3d4 e7c5 g1h1 c5d4	1717	050g10191g1n
h5RIY	r2qkb1r/pp3ppp/4p1n1/2npP3/8/P2QBN2/1PPN1PPP/R3K2R w KQkq - 0 11	e3c5 f8c5 d3b5 d8d7 b5c5	1717	010s1019
hu6oU	8/p2pk1p1/4p3/1bN1P2p/1p2P1PP/1N3R1K/r7/8 b - - 0 29	h5g4 h3g4 b5e2 b3c1 e2f3	1717	010p101g
kWfg7	8/7p/6b1/2R5/4P1P1/2k2P1P/1p6/6K1 b - - 5 43	c3b4 c5d5 b2b1q	1717	000g0h0p1h1o
lWdM6	r5k1/pp2n1p1/5r1p/2qpQ3/2p3P1/2P1P3/PP1NK1P1/R6R w - - 1 22	d2e4 c5c6 e4f6	1717	010y191o
m2qIv	r1q3k1/p4ppp/2pb4/3p4/3Pr3/P3B1PP/1P2QP1K/2R2R2 b - - 2 19	e4h4 h2g1 c8h3	1717	0g191g1o
nYf22	1r1r4/1R3pk1/7p/p2pn1p1/P2N4/1K5P/5PP1/3R4 w - - 6 31	d4e6 g7f6 e6d8	1717	010p1g1o
nhzEY	8/6k1/7p/8/p7/2p4P/4KNP1/4N2r b - - 1 39	h1e1 e2e1 a4a3	1717	0g0p1n1o
o6SCK	3r1rk1/pp3ppp/3p1b2/qNn1p3/4P3/2P2N2/PP2QPPP/3RK2R w K - 1 15	b2b4 a5b6 b4c5	1717	010s191o
oPqkb	8/8/p4p2/Pp1p2k1/1P1P1p1p/5PpP/2b3P1/4KB2 w - - 27 65	f1b5 a6b5 a5a6	1717	080g0p111n1o
pStuF	r2r2k1/1b3ppp/p2bpn2/2p5/4P3/2N2N2/PP3PPP/R1B1R1K1 w - - 2 17	e4e5 b7f3 g2f3 d6e5 e1e5	1717	010s1019
poAe1	1rb2knr/ppN2ppp/2n1p3/8/8/5N2/q1PQPPPP/3RKB1R w K - 0 13	d2d6 g8e7 d6d8 c6d8 d1d8	1717	061013161c1n
qGXzk	6k1/ppp2rpp/2n5/3p4/3P4/5N1Q/P4q1P/4R2K w - - 1 26	e1e8 f7f8 h3e6 g8h8 e8f8	1717	060i0p1013161g
qL5lf	2bk3r/1p4pp/4q3/r3N3/P7/8/1B3RPP/4R1K1 w - - 2 21	e5f7 d8e8 e1e6 c8e6 f7h8	1717	010j0r0s1019
qTzTc	2r3k1/4Qpp1/p2p3p/1p1n2q1/1P6/PB5P/5PP1/4R1K1 w - - 0 24	e7g5 h6g5 b3d5	1717	0b0g0p0w1o
qlgcG	6k1/p3p1b1/3p1rQ1/1b1P4/4Br2/2N4R/2p3PK/2q5 w - - 2 35	h3h8 g8h8 g6h7	1717	051315191g1n1o
sNxkK	8/5pkp/1p4p1/pPbR4/P5P1/7r/2B2P2/6K1 w - - 0 31	d5c5 b6c5 b5b6 h3c3 b6b7 c3c2 b7b8q	1717	00010p1h1n1w
sssGb	4q1rk/Q6p/3p1p1B/2p1bP2/2Pp4/7R/P5r1/R6K w - - 0 28	a7h7 h8h7 h6f8 e8h5 h3h5	1717	0j0k101316191f1n
u36uM	r3k2r/1p2bnp1/p1p2n2/3p2B1/1q1P3P/2N5/PPP1Q1P1/2KR2NR b kq - 7 16	f7g5 h4g5 h8h1 g5f6 g7f6	1717	011019
uZ6WW	r3k2r/pp2b1pp/2n1p1q1/2Pp4/1P2n3/PQN1P2P/4BPP1/R1B2RK1 b kq - 3 15	e4c3 b3c3 e7f6 c3b3 f6a1	1717	0110191p
w5VPo	r4r2/1p1n1pkp/p7/2pB2bQ/8/1P1n3P/P1qPN3/K2R2R1 w - - 0 22	h5g5 g7h8 g5g7	1717	0t1315191o
wKKCy	3r2k1/p7/4pp1p/8/1Q6/5P2/PP2q1PP/2R3K1 b - - 4 26	e2e3 g1f1 e3c1	1717	0g0p0s1o
wiuDu	rnb4N/pppk2pp/1q2p3/5p1Q/4pB2/2P3P1/PP1K1b1P/R4B1R b - - 1 17	b6b2 d2d1 b2a1 d1c2 a1a2	1717	0g0s1019
xQDmj	r1b1k1nr/1p1nppbp/p2p2p1/1NpP4/Pq2PP2/5N2/1PPB2PP/R2QKB1R b KQkq - 2 9	b4e4 e1f2 a6b5	1717	011c1o
yGIbN	4r1k1/5ppp/8/2p3B1/r1b1R3/7P/1PP3P1/2KR4 b - - 1 31	a4a1 c1d2 a1d1 d2d1 e8e4	1717	0g0p10
yVlsn	r1b2k1r/ppp3p1/7p/2q1nP2/4n3/1P2Q3/P1P3PP/RNB2RK1 w - - 2 17	c1a3 c5a3 b1a3	1717	0g1c1g1o
yfAjb	5k1b/5p2/1p5p/p1P2Np1/P2P4/3Np3/1Pb3PP/6K1 w - - 1 32	c5b6 c2d3 b6b7	1717	000g0p1n1o
yyri2	2r5/5kP1/R3b2P/p7/1p6/8/1P4PK/8 w - - 3 39	a6e6 f7e6 h6h7 e6f7 h7h8q	1717	000g0p101h1n
zpmJH	8/8/4k2p/p4r2/P2R1PKp/7P/8/8 w - - 2 62	d4d6 e6d6 g4f5	1717	0g0i0p1m1o
18LBJ	3r4/2p1k3/p1n1Pb2/1p6/q4BpP/2P1Q3/1P3PP1/2KR4 w - - 1 31	e3c5 e7e6 c5c6	1718	0g0s191o
1U6yZ	r7/1RQ5/k1pp2q1/p2P4/1nP1N3/8/1P3r2/1K2R3 b - - 1 33	g6e4 e1e4 f2f1 e4e1 f1e1	1718	101316191n
1xV2Z	r1b4r/pp6/1k3b2/2p1p3/Q1P5/1B1qB3/P3nPPP/1R5K w - - 0 27	b3c2 b6c7 c2d3	1718	0g0j0k191o
48kdi	r4k2/8/p3p1Q1/4PrB1/3P3K/7P/P5q1/8 w - - 11 39	g5h6 f8e7 g6g2	1718	0g0j0p111o
55Pao	4r1k1/3Rrppp/pq6/1p1Qp3/2p1P2b/2P4P/PPBR1PP1/6K1 b - - 3 23	e7d7 d5d7 e8d8 d7d8 h4d8	1718	0g1019
5eIha	2r3kr/pp3p1p/4pQp1/3pP3/3P3R/2P3KR/P2q2PP/8 w - - 10 27	f6h8 g8h8 h4h7 h8g8 h7h8 g8g7 h3h7	1718	05090p0y13171n1w
5hZqp	1nr3k1/p2qbppp/1p2b3/1Q1pPp2/1P1P4/P1N1BN2/5PPP/2R3K1 b - - 5 21	c8c3 b5d7 c3c1	1718	0g191o
6rEr8	1r4k1/5pp1/1rR4p/3p1b2/p2P4/4P3/P3BPPP/2R3K1 b - - 0 27	b6c6 c1c6 b8b1	1718	0d0g0p1o
6vSzb	2r2rk1/pp3pp1/1n6/1B1pN1p1/3Pb3/4q3/PQ5P/K4RR1 w - - 2 29	g1g3 e3f4 f1f4	1718	011112191o1t
82Fsc	3rk2r/ppp1q1pp/5p2/3P1b2/2PQn3/2PBB3/P4PPP/R3K2R b KQk - 1 14	c7c5 d4c5 e4c5	1718	01191o1t
82J7X	1k1rr3/pp2qpBp/7p/2p5/2Q5/1P1Pn3/P3KPP1/R6R w - - 0 21	c4f4 b8a8 f2e3	1718	010w1112191o1r
8JNC6	r4rk1/pppq1pp1/2np3p/2B1p2n/2B1P3/3P1N1P/PPP1QP1K/RN3R2 b - - 0 11	h5f4 f3g1 f4e2	1718	01191o
8gP6T	k6r/p1p2Npp/Bp6/2bb4/8/P1B2Rq1/2PPQ1P1/R6K b - - 1 23	g3h4 f3h3 h4h3	1718	0y1315191g1o
8iH4S	rb1q3r/1p2nkpp/2p2p2/p1N5/2Pp4/P2P4/1P1B1PPP/R3QRK1 b - - 1 18	d8d6 f2f4 d6c5	1718	01191o
9WFIT	r6r/1ppnkpQp/p1p1b3/8/4P3/2NP3P/PqPK1PP1/R6R w - - 1 16	c3d5 c6d5 g7b2	1718	0g0j191o
AAq0h	r2r2k1/5bpp/1q6/1pp5/5B2/2QB1PN1/1P4PP/4RK2 b - - 3 25	d8d3 c3d3 f7c4 d3c4 b5c4	1718	0110191g1n
AEktk	8/R5p1/2B2k1p/p2P1p2/Pbr5/4KP1P/6P1/8 b - - 6 36	b4c5 e3d3 c4d4 d3c3 c5a7	1718	0g0p0s10
BcAJi	r4r1k/4qpnp/1bbp1p2/1p2p3/1P2P1QN/PN5P/2B2PP1/R3R1K1 w - - 4 24	g4g7 h8g7 h4f5 g7h8 f5e7	1718	01050s1011191n
CARuL	r1bqk2r/ppp2ppp/8/3Pp3/1b2n3/4B3/PPP2PPP/RN1QKB1R w KQkq - 2 9	c2c3 b4d6 d1a4 c8d7 a4e4	1718	010d0h0s101c
CDvaW	8/4k3/1B6/1P1P2p1/5p2/5K1p/8/8 b - - 0 46	g5g4 f3g4 h3h2	1718	00080g0p1o
CJOAn	8/1p5p/3P2pk/p4p2/P1PQ4/1P4Pq/8/4rNK1 w - - 1 38	d4d2 f5f4 d2e1	1718	0g0p0s1o
Ckeyc	2r3k1/1N3ppp/1P2p3/2r1P3/5P2/8/1Pn1p1PP/1KR4R b - - 1 27	c2a3 b2a3 c5c1 h1c1 c8c1 b1c1 e2e1q	1718	00050g0j0p111h1k1w
D0ntX	8/6p1/1P1k1p2/1B2p3/1nP5/5K2/8/8 w - - 0 42	c4c5 d6c5 b6b7 c5b5 b7b8q	1718	000g0p101h
DhPel	3r1k2/1b4p1/p1p2p1p/1p6/1P1PPnQ1/P4P1P/3q2P1/B1R1R1K1 b - - 4 35	f4e2 g1h2 e2c1	1718	010s191o
DiF8T	r5k1/pbQ1rppp/1p1p4/3P1q2/1P2B3/8/P1P1NPPP/R4RK1 b - - 0 17	f5e4 c7d6 e4e2	1718	0111191o
E9XEN	1k2r3/1p6/p4Qp1/8/P2P4/1P1bB3/5PPP/q2RK2R b K - 6 28	a1c3 d1d2 c3c1 d2d1 e8e3 f2e3 c1e3	1718	1317191w
FVig0	r1b2rk1/2qnb1pp/2p1pp2/p1ppN3/P4P2/1P2P1R1/1BPP2PP/RN1Q2K1 w - - 0 13	d1g4 f8f7 e5f7	1718	0g1c1o
G7eVb	2r5/P2k4/1p1p3p/1P3N1b/r7/3RK3/4R1PP/8 b - - 2 55	c8e8 e3d2 e8e2	1718	0g0p1o1p
Hhv8o	5b2/2QQ1pkp/6p1/2Ppp3/8/4K2P/2q3P1/8 b - - 9 39	f8c5 c7c5 c2c5	1718	0g0p1o
HlSCh	4r1k1/5pbp/3q2p1/p1n5/N2B4/1P3P2/P2Q2PP/3R2K1 b - - 0 25	g7d4 d2d4 e8e1 g1f2 e1d1	1718	011019
HobEe	r2r3k/3P1Qp1/4P2p/8/8/1p4P1/5P1P/6K1 b - - 0 38	b3b2 f7g6 a8a1 g1g2 b2b1q g6b1 a1b1 e6e7 b1b8	1718	000g0h0p1h1j1w
HoyNg	4q2k/7p/p4r1R/2p1pP2/p7/1nPP3R/1P2K2P/8 w - - 0 38	h6h7 h8g8 h7h8 g8f7 h3h7	1718	0p101316
ILj8N	r1bq1rk1/pppp1p2/1bn4p/6p1/1PBP4/P2Q1Nn1/5PPP/RN3RK1 w - - 0 14	d3g6 g8h8 g6h6	1718	0g0y191g1o
IUQmu	2kr3r/p4pp1/1qp5/2b4p/2B1PBb1/2N3QP/PPP2nPK/R4R2 b - - 4 18	h5h4 g3g4 f2g4	1718	01191o1t
IsmkE	1Q6/8/8/4p2k/P1Np3p/3P1p1b/2r1PK1P/R7 b - - 0 38	c2e2 f2g1 f3f2 g1h1 e2e1 a1e1 f2e1q	1718	000p13171h1w
Iwvg1	6k1/1r4b1/4p1p1/R1NpPp1p/3P1P2/3n4/3Q2PP/1q4BK b - - 3 30	b1g1 h1g1 b7b1 d2e1 b1e1	1718	050y10111316191n
JFkmP	8/8/p2k1r2/1p1p3R/4P3/3K4/1P6/8 w - - 1 64	e4e5 d6e6 e5f6	1718	0g0p0s1m1o
KyltO	5r1k/1p2R1p1/p2p3p/2p5/7q/2P1R3/PPQ2P2/5K2 b - - 1 35	h4h1 f1e2 f8f2 e2f2 h1h2 f2f3 h2c2	1718	01050p1n1p1w
LJkCi	r1bqk2r/pp2Bpbp/3p2p1/3pp3/4Q3/2P2N2/PP2BPPP/RN3RK1 b kq - 0 11	d5e4 e7d8 e4f3 g2f3 e8d8	1718	01101c
M0fNi	8/P4pk1/6p1/2R5/1K4r1/1P5p/8/8 w - - 1 39	c5c4 h3h2 a7a8q	1718	000g0h0p11121h1m1o
MBEro	4r1rk/p4n2/1pp1Nq2/3p1P1P/3Q4/3P3R/P3R1P1/5K2 b - - 5 30	e8e6 d4f6 e6f6	1718	0111191g1o
Mfn8M	5rk1/rp3ppp/1pn2p2/1BbR4/8/4PN2/1PP2PPP/1K5R b - - 5 14	f8a8 c2c3 a7a1 b1c2 a1h1	1718	0110191l1p
O8bFP	2r3k1/5pp1/p2P4/1p2B1Pp/3Q1R1P/1P6/1K6/7q b - - 2 33	h1c1 b2a2 c8c2 d4b2 c2b2	1718	0g0p10
ONVaF	r4rk1/pp1q1p1n/3p2bp/8/2B5/P1N3Q1/1Pn2PPP/R3R1K1 w - - 0 21	g3g6 g8h8 g6c2	1718	0g191g1o
Oc8rZ	1r2b3/Rp1B1p1k/1Ppp2p1/4p2p/nNP1P2P/3PP1P1/4K3/8 b - - 0 38	e8d7 a7a4 c6c5	1718	010p11121o
OviU9	r1b1k2r/pp3ppp/1qn1p3/3pP3/3N1PP1/1P2nN2/P1PQ3P/R3KB1R b KQkq - 0 12	c6d4 f3d4 b6d4 d2d4 e3c2 e1f2 c2d4	1718	050b0g0i0r0s11191n1w
Pi5yn	r2r2k1/p2q1pp1/1p2pB1p/2p5/8/1P2PbQP/P2P1PP1/R3K2R b KQ - 0 20	d7d2 e1f1 d2d1 a1d1 d8d1	1718	101316191f1n
QTbuO	6k1/1p3p1p/1Q2p1pb/1p6/1P2PP2/P5Pq/2r4P/B2R2K1 w - - 2 29	d1d8 h6f8 d8f8 g8f8 b6d8	1718	050p0y1013161n
Qt0VB	r1b1rk2/ppp2pbp/6p1/2q2pN1/2n2N2/1Q6/PPP2PPP/2KRR3 w - - 0 18	g5h7 f8g8 e1e8	1718	0g0i191o
R7d7O	4r3/2R5/2p1Bpk1/2b5/5KP1/8/4q3/8 w - - 6 47	e6f5 g6h6 c7h7	1718	0p13151d1o
SSSCw	rnb1kb1r/1p1nqpp1/p3p2p/2ppP1NQ/3P4/2NB4/PPP2PPP/R1B1K2R w KQkq - 2 9	g5f7 e7f7 d3g6 f7g6 h5g6	1718	040g101c1g1n
Sg68w	6k1/p5rp/2pbp2r/1p1p4/1P1P3q/P2R1RPN/2P2Q1K/8 w - - 9 37	f3f8 d6f8 g3h4 f8d6 h2h1	1718	0g0h1019
T17ZJ	r4rk1/p1p1q2p/1p2R1pQ/3pPnN1/8/3B4/PP4PP/R5K1 b - - 0 21	e7c5 g1h1 f5h6	1718	0g191o
ULKi0	r4r2/pp4p1/1k2b2p/3R4/B1R5/8/2P2PPP/6K1 w - - 8 28	d5d6 b6a5 d6e6	1718	010p0s1o
W9u9U	n7/P1Bk2pp/1P6/R7/8/3pp3/1r5P/4K3 w - - 0 47	a5d5 d7c6 d5d3	1718	0g0p1o
XhAAX	8/5p1p/5PpP/p1kpP1P1/8/P1K5/8/8 b - - 0 46	d5d4 c3b2 c5d5 e5e6 d5e6	1718	0g0p101e
YDGyf	6R1/pp2k1p1/2p1p3/3qP1Nn/6P1/4RP2/P1P4P/7K b - - 0 31	d5d1 h1g2 d1d2 g2f1 d2e3	1718	0g0p0s10
YERnJ	r1bq1rk1/1p2ppb1/8/3p1BP1/5P2/pPPQ4/P2N4/2Kn3R w - - 2 26	f5h7 g8h8 h7g8 h8g8 d3h7	1718	050j0k0y101316191n
YWl6A	2k4r/ppp4p/8/2R1nq2/4p3/1P2P2P/P2P1PB1/3QK2R b K - 0 18	e5d3 e1f1 f5f2	1718	0s1315191o
ZuRsR	8/8/p4k1p/Pbp5/1p2KP2/1P1PN2P/2P5/8 b - - 4 44	b5c6 e3d5 f6e6	1718	010p1o
aP7oh	r4rk1/ppp2pp1/3p4/1b6/3B3R/8/PPPQq1PP/6K1 w - - 2 23	h4h8 g8h8 d2h6 h8g8 h6g7	1718	050y101316191g1n
d2NZ1	8/2k5/7R/5p2/8/4p1P1/r6P/6K1 b - - 0 42	a2a1 g1g2 e3e2	1718	000g0p1m1o
dZxvo	2r2rk1/pp3ppp/1q2p1b1/3pPn2/1b1P4/1P1BBN1P/P4PP1/2RQ1RK1 b - - 2 16	f5e3 f2e3 c8c1 d1c1 g6d3	1718	0g1019
drOR8	r2qk2r/3bbppp/p1n1pn2/1pBp4/4P3/Q1NB1N2/PPP2PPP/R3R1K1 b kq - 3 14	b5b4 c5e7 d8e7	1718	010s191o
e5OxI	1r3rk1/5pp1/p2N3p/1b1Np3/3nP2q/1P6/2P2PB1/R2Q1RK1 b - - 0 21	d4e2 d1e2 b5e2	1718	010y191o
eDmIs	3r1rk1/1p3p1p/p4PpQ/2q1p3/3nB3/8/PPP3PP/R4RK1 b - - 1 18	d4f5 g1h1 f5h6	1718	0g0j0k191o
eqqaa	8/8/p6r/1p2pk2/7R/2P2PKp/PP5P/8 b - - 1 35	h6h4 g3h4 f5f4 a2a4 f4f3 a4b5 a6b5	1718	0g0p1m1w
fdfFd	r1b1kb1r/pp2qpp1/2n1p2p/2ppP1NQ/2Pn1P2/3B4/PP1P2PP/RNB2RK1 w kq - 2 10	g5f7 e7f7 d3g6 f7g6 h5g6	1718	0104101c1g1n
g9An1	3r4/kp5p/p5p1/P6q/1PQ5/2P5/6PP/R2r1R1K b - - 2 26	d1a1 f1a1 d8d1 c4f1 d1f1	1718	0d0g0p10
gjXwP	4R3/1b3pkp/p1p2qp1/1p6/1P1P1n2/2P4P/P1BQ1PP1/6K1 b - - 4 30	f6g5 d2f4 g5f4	1718	010p1o
jljxL	5k2/2P2p1p/3Kn1p1/4P3/8/p4B1P/6P1/8 b - - 2 46	e6c7 d6c7 a3a2	1718	000g0p11121n1o
kdUja	r4k1r/ppp1q1bp/2n2np1/8/2BPRBb1/5Q2/PPP2PPP/RN4K1 w - - 1 13	e4e7 g4f3 e7f7	1718	0g191o
kst7z	3r1rk1/p4pbp/1p2P1p1/2p1q3/P7/1P1P2P1/2P1Q1KP/1R3R2 w - - 1 24	e2e5 g7e5 e6e7	1718	0001191o
kwrNh	5r2/4qpk1/4PRp1/2r4p/3Q3P/pP4P1/P6K/2q5 w - - 0 42	f6f7 g7h6 d4g7	1718	0k0m0p13151o
lCn57	6k1/6p1/5pP1/2N5/pp2P3/r2pKP2/7R/8 b - - 3 45	d3d2 e3d2 a3a2 d2d3 a2h2	1718	00050g0j0k0p101p
nK1qA	3r1b1r/pbkp4/Bpnq1p2/6p1/4P2p/2NQ4/PPP2PPP/R3R1K1 w - - 2 17	c3b5 c7b8 b5d6	1718	0g0s191o
nshTR	8/4R2P/8/8/6K1/3k3r/4p3/8 b - - 1 77	h3h7 e7h7 e2e1q	1718	000g0i0p111h1m1o
oXL2b	8/8/8/p1k4p/1p2Kpp1/PP3P2/6PP/8 w - - 0 38	a3a4 g4f3 g2f3	1718	0g0p1e1l1o
odQ7h	b4r2/p3R3/1pp2p2/6p1/5kp1/1B3r2/PP4PK/5R2 w - - 10 42	g2g3 f4f5 b3c2	1718	0p13151a1o
orDDl	r1b2bnr/2pp3p/p3kqp1/np5Q/4P3/5N2/PPPP1PPP/RNB1K2R w KQ - 0 10	h5d5 e6e7 d5a8	1718	010s1c1o
osi10	r7/kbQp1p1p/pR2p3/2P5/P3qB2/8/2p3PP/7K w - - 4 33	b6a6 a7a6 c7b6	1718	050p13151g1n1o
ouXXW	1r1q1rk1/6p1/p1n1p2p/1bPpN3/2pP4/2P1Q3/P4PPP/R4RK1 w - - 3 21	e5c6 b5c6 e3e6 g8h7 e6c6 f8f6 c6a4	1718	010j0s191w
qOrUZ	4r1k1/8/2p2p2/3p2pp/P2P4/2Q2PPP/1P2q3/2R1N2K b - - 0 38	e2f1 h1h2 e8e2 e1g2 f1g2	1718	0p0r101316
rTO8X	r3k2r/p1p1qpp1/n3p3/8/p3PP2/P1Q2BP1/1PPR1K2/8 w kq - 1 22	c3c6 e8f8 c6a8	1718	0g0s11191o
rUm7L	r3r1k1/1p3pp1/p1bp1q1p/5P1P/4PPQ1/1PP5/6R1/3R2K1 w - - 1 28	d1d6 c6e4 d6f6	1718	0g11191g1o
rw5mZ	1r1r2k1/1P1Q1pp1/2N1p1b1/2P1q3/4P2p/P1N2P1P/6Pb/1R3R1K b - - 4 29	d8d7 c6e5 h2e5 c5c6 d7c7 c3a2 c7c6	1718	01191w
sPnFq	4r1k1/1p3rpp/p7/3p4/2qN1n2/1R6/P1P2PPP/3Q1RK1 b - - 7 23	c4d4 d1d4 f4e2 g1h1 e2d4	1718	050g0s10191n
tai7e	2r1k1r1/pp1bn1b1/4pp1p/3p4/1q1P2Q1/2N1P1B1/PPP2PPP/1R2KB1R b K - 8 17	c8c3 b2c3 b4b1	1718	010b191o
vYSsS	2kr3r/p2p4/1p2pn2/P4p2/1P1P4/2N2Qpq/4P2P/1R4KR w - - 4 31	f3a8 c8c7 c3b5	1718	1315191k1o
vjWXU	3r3r/1kp1npp1/pp3qp1/2bP4/Q1P1NP2/8/PP1B2PP/R4R1K b - - 4 21	h8h2 h1h2 f6h4	1718	050y1315191n1o
wLlA7	7k/ppq3pp/8/3Q4/3n4/P1B1rP2/1P5P/R2K3R b - - 3 21	e3d3 d1c1 d4e2 c1c2 d3d5	1718	0g0j0r1019
wMVWN	4r1k1/3b2bp/5np1/2q3N1/1p6/1P2p1PP/1B2R1BK/3Q4 w - - 2 32	b2f6 g7f6 d1d7	1718	010b11191o
wTNto	r2q4/4Q3/p4Pkb/1ppb2p1/3P3R/1P5P/P5P1/6K1 w - - 2 31	h4h6 g6h6 e7g7 h6h5 g7h7	1718	050p1013161n
wnE7D	8/5p2/6p1/3ppk1p/1R5P/1P2PPr1/8/4K3 w - - 0 37	e1f2 g3h3 f2g2 h3h4 b4h4	1718	010p101m1t
x5NwU	3r4/p2p3p/2p2kp1/2P1p3/P1n3P1/2P2N2/6KP/5R2 w - - 4 27	f3d2 f6e6 d2c4	1718	010j0k0p1o
ybTIE	6k1/1b2n1p1/pp4Np/4p2P/P1P1P3/1r4PK/8/5R2 w - - 4 40	f1f8 g8h7 f8h8	1718	0p0u13151o
z7GQr	2rq1r2/5k2/1p6/pN1Pp2n/P1Q1PppP/8/3K2P1/R6R w - - 1 26	c4c8 d8c8 b5d6 f7g6 d6c8	1718	01050r0s10191n
zMRw8	8/4kr2/p2pp2Q/1p6/1P2qP2/8/P1r3PP/4R2K w - - 0 33	h6h4 e7d7 e1e4	1718	010p0w1o
ztwJ3	3rr1k1/p1q2ppp/3bb3/2pp4/3P2n1/1P3NNP/PB3PP1/R2QR1K1 b - - 0 16	g4f2 g1f2 d6g3	1718	050g0y191o
0Vf2v	r1b1r1k1/pp4p1/3p2q1/8/7N/2P1Q3/P5PP/R4RK1 w - - 4 22	f1f8 e8f8 h4g6	1719	0g191o
1KiJe	5r2/1pk5/1p6/1P1Bp1rp/2PNP3/3PK1P1/8/R7 b - - 0 36	g5g3 e3d2 e5d4	1719	0g0p1o
25vpI	r4r1k/P6p/BP4p1/2p5/8/1PnP2P1/3b2KP/R7 w - - 5 39	a6b7 a8a7 b6a7	1719	00010p1o
2WglE	3r2k1/1qQnnppp/4p3/p7/1p1N4/4P3/PP3PPP/1NR3K1 b - - 1 22	d8c8 c7c8 e7c8	1719	0g191o
36acl	5rk1/2p4p/p7/1p1p2PR/4p3/2P2BQ1/PP1q4/1K2R3 b - - 0 29	f8f3 g3g1 f3f2 g1f2 d2f2	1719	010p101l
3WboB	4r1k1/1pp2ppp/p1p5/4rq2/3N2b1/2QR4/PPP2PPP/4R1K1 w - - 0 19	e1e5 f5e5 d3e3 e5e3 f2e3	1719	011019
4jl5R	rnbq1rk1/p4pp1/1p1p3p/2n1p3/8/P2BBN2/2P2PPP/R2Q1RK1 w - - 0 13	e3c5 b6c5 d3e4	1719	01191o
4xxOT	rn2r3/p1ppkppp/1p3n2/3b4/8/2B2N2/PPP2PPP/2KR1B1R w - - 2 12	c3f6 e7f6 d1d5	1719	01191o
68Piq	r5k1/1b1p3p/1pn1q1p1/pBp5/4N3/3P4/PPP3PP/R3Q1K1 w - - 2 20	b5c4 d7d5 c4d5 e6d5 e4f6 g8f7 f6d5	1719	050g0s191g1n1w
6LB1P	6k1/p4pp1/2p3rp/4PP2/7r/2P1BR1q/PP2Q1P1/R5K1 b - - 2 30	h3h1 g1f2 g6g2	1719	0y1315191o
6MaCY	r3kb1r/1ppqnp2/p2p3n/3Pp2N/2P1P1pN/8/PP3PPP/R1BQ1RK1 b kq - 0 13	h6g8 f2f3 h8h5	1719	010j191l1o
6zJ3i	2r1r1k1/pb4p1/1p3p1p/2Pp1q2/4nN2/P1N1P3/1P2QPPP/2RR2K1 b - - 0 22	e4c3 b2c3 f5f4	1719	0111191o
8bhK5	r4rkb/4np2/6p1/p5Q1/4N1b1/2Pq2P1/P4PP1/2K4R w - - 0 24	h1h8 g8h8 g5h6 h8g8 e4f6	1719	05101316191n
8rPX3	R3rk2/5p1p/5Pp1/3pP3/6P1/1pp5/5K1P/R7 b - - 1 37	b3b2 e5e6 f7e6	1719	000g0p1m1o
9ORQV	6k1/pp3pp1/4pq1p/2Q5/3n1r2/8/PR3PPP/3R2K1 b - - 9 32	d4f3 g2f3 f6b2	1719	010j0p1o
AYwkJ	2r1r1k1/p2b1pp1/1p3b2/3P2q1/5QP1/1P3B2/P3NP2/3RR1K1 b - - 4 30	e8e2 f4g5 e2e1 d1e1 f6g5	1719	010y1019
AmpQF	3rR3/3P3p/p5pk/2p3q1/8/P3Q3/1P3nP1/3R1K2 b - - 1 41	g5e3 e8e3 f2d1	1719	010p1o
Av7HQ	r4q1k/2p2bpp/3b4/p6P/4Q1P1/1P2P3/PBPP1r2/2KR3R w - - 1 21	h5h6 h8g8 h6g7	1719	000g191o
B0z9e	1r4k1/1q2bppp/3pb3/p3p1P1/4P2P/P2QBP2/1PP5/2KR3R b - - 0 24	b7b2 c1d2 b8b3 d1b1 b3d3	1719	0g10191g1k
C4ne9	3r2k1/1P3pp1/4p2p/2bp4/8/2r1qN2/1Q4PP/R2B1K2 w - - 0 30	a1a8 c5a7 a8d8	1719	01191o
CDfcc	6k1/2N2pp1/PK2p3/7p/8/8/1P6/4r3 w - - 2 42	a6a7 e1a1 c7a6	1719	000g0h0p1o
CYlDm	3rk3/pR1nn2p/2p1Q1p1/3pN3/4P3/3B1K1P/q4PP1/7R b - - 1 22	d5e4 d3e4 a2e6	1719	0g0j191o
DZj0v	3qr1k1/p1p3p1/3p4/5pQ1/2PP4/2N1P3/P4r2/2K3RR b - - 0 26	f2f1 c1d2 d8g5 g1g5 f1h1	1719	010w101119
Dh2fM	r1b1k1nQ/ppppbp1p/6q1/8/2BnPB2/8/PPP3PP/RN3RK1 b q - 0 11	e7f6 h8g8 g6g8	1719	011c1o1t
G5x3z	6k1/ppq1p3/2p1P2b/3p3Q/3P3R/2N5/PPK3P1/5r2 b - - 1 32	f1c1 c2d3 c7g3	1719	0g0p111o
GSgrg	r2r4/p2Rbkpp/n1p2p2/8/4N3/8/PPP2PPP/2K1R3 w - - 3 22	e4d6 f7f8 e1e7 d8d7 e7d7	1719	010j101119
HYp7Q	4rr1k/p1p2n1p/bp1p1P1N/6R1/4N3/7P/P5P1/b6K w - - 0 30	g5g8 f8g8 h6f7	1719	0i1315191n1o
HfWsm	8/5R2/2k3p1/3pPpPp/3P3P/2q1N3/3n1K2/8 w - - 0 72	f7c7 c6c7 e3d5 c7c6 d5c3	1719	050g0i0p0s101n
Is9Y5	8/3q3k/6pp/8/p2Q4/1p5P/1B4PK/8 b - - 1 44	d7d4 b2d4 a4a3 d4c5 b3b2 c5a3 b2b1q	1719	000g0p1h1w
JH83I	3r2k1/5ppp/2N1p3/q7/6P1/2RpK2P/1P1Q2B1/8 b - - 1 32	a5g5 e3f3 g5d2	1719	010p1o1p
K7HWw	r2r2k1/2p1qppp/6b1/p3P3/1pB2P2/7P/PP4P1/R1QR2K1 b - - 2 25	d8d1 c1d1 e7c5 g1h2 c5c4	1719	0g0s1019
KQVQ5	rnb2rk1/ppq2p1p/4pbp1/3p4/3P4/BP1BPN2/P4PPP/R2QK2R b KQ - 2 11	c7a5 d1d2 a5a3	1719	010s1c1o
Mt2Df	2r1k1nr/pp1b2q1/4N1Pp/1B1pPpbQ/8/8/PPP2PP1/RN2K2R b KQk - 0 15	g7e5 h5e2 e5e2	1719	010s191o
N1DAm	8/1p5p/pPp3p1/P1k1p3/2P1P1P1/2K5/7P/8 b - - 0 36	g6g5 h2h3 h7h6 c3d3 c5b4	1719	0g0p101e1l1z
OFIla	2r3k1/p2q2bp/3pr1p1/1R1N2n1/2Q1B3/5P1P/P5P1/4R1K1 w - - 1 28	d5e7 d7e7 c4c8	1719	0g0i191g1o
OQQWl	8/6k1/4bp1p/3p1B1K/6PP/8/2P5/8 b - - 1 46	e6f7 f5g6 f7g6	1719	080p13151o
P6y8p	3r2k1/1r4b1/8/1B4Rp/3np3/6P1/1P3P2/3RB1K1 b - - 0 47	d4f3 g1g2 d8d1	1719	0g0j0s191o
QHhFK	1r3nR1/pN3n2/2p1b3/3pPk2/3P1P2/1P2K3/8/8 w - - 1 41	b7d6 f7d6 g8g5	1719	0p13151n1o
QzUd0	2kr4/p1prppbp/1p4p1/8/PRqPPB2/2P1QP2/6PP/R5K1 b - - 4 22	c4b4 c3b4 g7d4	1719	01191g1n1o
SALLE	5k2/3q2p1/1p5p/3np3/1P1PN3/P3PpPP/2Q2P2/5RK1 b - - 0 30	d7h3 c2c8 h3c8	1719	0g0p1o
SNe6C	3r2k1/1R4pp/8/4Bp2/4p3/2n1P3/1R3PPP/r4NK1 b - - 14 36	a1f1 g1f1 d8d1	1719	051315191n1o
Towf0	1r4k1/p4rp1/1b1q1n1p/8/8/P1pP2P1/4PPBP/1RBQ1RK1 b - - 1 18	b6f2 f1f2 b8b1	1719	010j191o
U2sFO	8/8/8/pBp5/P1P1p3/1Pk5/5K2/8 b - - 6 63	c3d2 b5a6 e4e3	1719	080g0p111o
UGNz4	8/2p4p/pppk1Kp1/5p2/1P6/P1P4r/8/4R3 w - - 0 36	e1d1 h3d3 d1d3	1719	0p13151m1o
UPWOy	r6r/5kbQ/p5p1/1p2Pbq1/8/3R4/PPP1N1P1/3K1R2 w - - 5 29	d3d7 f7e8 h7g7	1719	0g0i191g1o
V7iUz	r4r1k/6pp/pq6/1pbPp1N1/8/3QP3/P1P1R2P/5RK1 b - - 0 25	f8f1 g1f1 b6f6 e2f2 f6g5	1719	050g0s1019
WqN6b	4bbrk/7p/4pp2/3p1p2/2pP1Pr1/1pP1P1NR/1P3RPP/qB1Q3K w - - 8 31	h3h7 h8h7 b1f5 e6f5 d1a1 g4g3 h2g3	1719	050g0j0y191n1w
X68kZ	r1b1k2r/ppq3pp/2nb1n2/3p4/3PpN2/2P3P1/PP4BP/RNBQ1RK1 w kq - 0 12	f4d5 f6d5 d1h5 g7g6 h5d5	1719	010r0s101c1n
YkNxT	r2q1rk1/1p3p2/1np1pb1Q/p7/3P4/5PP1/PP3PBP/3RR1K1 w - - 1 19	e1e4 f6g5 e4g4	1719	0g191g1o
ZUwtL	6k1/1pQ2qpp/1p2b3/4Rp2/1P6/6P1/2P4P/3r1BK1 w - - 1 25	c7b8 f7f8 b8f8 g8f8 e5e6	1719	010p10
Zph60	r1b5/p1R2nk1/1p1p4/5PP1/5K1P/P7/P7/8 w - - 0 30	g5g6 c8e6 f5e6	1719	010p1o
ZtnxC	1r2r1k1/5ppp/8/2pB1n2/P4b2/1P1R3P/2R3P1/B5K1 b - - 13 32	e8e1 g1f2 e1a1	1719	010s11191o
cQVcv	5rk1/6pp/2p5/6Q1/P3p1qP/4P1P1/1R1R3K/5r2 b - - 5 35	f1h1 h2h1 g4h3 h1g1 f8f1	1719	050p0x1013161n
d27SQ	2k4r/p3q1pp/4P3/1R1Q4/8/4b3/P1P3PP/6K1 w - - 0 30	g1h1 e3b6 d5a8 c8c7 a8h8	1719	0g0p0r101p
dwEjV	3b1k2/5p2/8/p3P3/1nRP1PK1/8/1r6/4B3 w - - 1 50	c4c8 f8e8 e1h4	1719	010p111g1o
fHHVE	r1b2r2/7k/2pq1p2/pp1p3p/3P4/2P2QP1/PP3PP1/5K1R w - - 0 23	f3h5 h7g8 h5g6	1719	0p13151o
fkzTq	2kr3r/pp2bp2/4q1n1/2p2Q2/4N1pp/8/PPP2BPP/R3R1K1 w - - 6 23	e4d6 e7d6 e1e6	1719	010j191g1o
fm0Ui	R7/6p1/1P6/8/1k6/1b3P2/p1pK2PP/8 b - - 4 49	b3a4 a8a4 b4a4 d2c2 a2a1q	1719	000g0p101h1l
fnTQE	4rbk1/3p1p2/1p2p2p/p3B1pQ/3PB2P/4P1K1/5PP1/7q w - - 1 32	e4h7 g8h7 h5f7 f8g7 f7g7	1719	050i0p0s1013161n
gvo9U	4R3/p7/1p4pk/5r2/2pP2K1/P1P5/1P2R1P1/5r2 b - - 2 41	f5g5 g4h4 f1h1	1719	0p13151m1o
hdo9T	7k/5p1p/8/4pP2/1B1p1r1q/1P3Q2/1P3P1P/7K w - - 1 34	f3a8 h8g7 a8f8 g7f6 b4e7	1719	0g0p10
iA1GP	1k4r1/ppbn1p1p/2p1q1r1/2P1p3/PPB1Pp2/7P/1B2QP1K/R4RN1 b - - 7 24	g6g2 h2h1 g2g1 f1g1 e6h3	1719	1011131619
igcja	5bk1/3R4/2p1n1p1/2P1p3/P3P1P1/p2K1P2/Pr6/3B3R b - - 4 32	e6c5 d3c3 c5d7 d1b3 g8g7	1719	0g0p0s1011
jK1eq	r1b2rk1/2qnbpp1/p1p1p2p/1pPpN3/3P4/2NBP1P1/PPQ3PP/R4RK1 w - - 4 14	d3h7 g8h8 e5f7 f8f7 f1f7	1719	0g0i0y1019
kwT9v	2Rqr1k1/5pp1/1p2p2p/pP1pP3/P2P1n2/B4P2/2Q2P1P/2R3K1 b - - 0 28	d8g5 g1f1 g5g2 f1e1 g2g1 e1d2 g1f2 d2c3 e8c8	1719	0g0i0v0y191w
leQcG	r5k1/2p2p2/4pPp1/1P2q3/7R/r6P/p4PP1/R1Q3K1 w - - 3 38	h4h8 g8h8 c1h6 h8g8 h6g7	1719	050p1013161n
m671m	8/2R3pk/p2p1pp1/8/3P2P1/2P2Q1P/r4PK1/4q3 w - - 0 29	f3f6 a2f2 f6f2	1719	0g0p1g1o
n2kiL	k4r2/2QP4/8/p7/2P2nP1/1p4R1/q6P/6RK b - - 0 37	a2h2 h1h2 f8h8 g3h3 h8h3	1719	050p1013161n
n3U6D	r2q1k1r/pQp3pp/8/b3p1Bn/3nP3/2P2N1P/P4PP1/RN3RK1 b - - 0 14	d4f3 g1h1 f3g5	1719	0g0y191o
oAea9	2k5/p2p1p1p/2nP1p2/2N5/2b5/P5R1/1r3r2/K3R3 w - - 0 28	e1e8 c6d8 e8d8 c8d8 g3g8	1719	05101316191n
oGGFA	r6k/2Q3pp/p3r3/1p2B3/3P4/2P1NbPq/PP3P1P/R3R1K1 b - - 6 25	h3h2 g1h2 e6h6 h2g1 h6h1	1719	050y101316191d1n
oX7Ti	6k1/2q2pb1/1p4p1/3P1nB1/r7/4Q3/5PPP/3R2K1 w - - 2 31	e3e8 g7f8 e8a4	1719	0g0s191o
obvf5	6r1/2R5/2n1rRp1/p2k2Bp/Pp1pp3/1P5P/2P3P1/6K1 w - - 4 33	f6e6 d5e6 c7c6	1719	01050b0p1o
pYcDv	8/4K1kp/1Pr3p1/5p2/1R6/4bN1P/6P1/8 b - - 0 45	e3c5 e7d7 c6d6 d7c7 c5b4	1719	0g0p0s10
pyXfI	r1b2rk1/ppq1Pppp/3pp3/6B1/8/2NB4/PP3PPP/2R2nK1 w - - 0 16	d3h7 g8h7 e7f8q	1719	00010i0y191h1o
qJX3p	5rk1/pbrnqppp/1p2p3/1B1p3Q/3P4/2N1P3/PP3PPP/2R2RK1 w - - 2 15	c3d5 b7d5 c1c7	1719	0g0j191o
qUfjb	7r/1p1r2p1/3bk2p/3RB1n1/8/7P/PP3PP1/4R1K1 w - - 1 27	d5d6 d7d6 e5g7 e6f7 g7h8	1719	0g0i0j0k0r1019
qaP1r	8/5R1p/2p3p1/2Bpk1P1/7P/P2b4/2n3P1/1r1B2K1 w - - 3 44	f7e7 e5f5 g2g4 f5f4 c5d6	1719	0p1013161a
r561r	r1b1k1r1/ppp2p1p/5q2/8/8/P1PPpP2/1P2P1PP/R2QKB1R b KQq - 0 14	f6h4 g2g3 g8g3 d1a4 h4a4	1719	0g1019
sAlYV	4rrk1/5pp1/7p/1p2n3/pP2Rp2/P4P1P/B4PK1/1R6 w - - 0 28	b1e1 e5d3 e4e8 d3e1 e8e1	1719	010p101l
scwZU	r1b3k1/3n2pp/pqp2r2/3pp3/5P2/2N5/PPPQBRPP/1R4K1 w - - 0 19	c3d5 c6d5 d2d5 g8h8 d5a8	1719	010s10191g
snff7	r1r3k1/pp3p2/4p1p1/3p2P1/3P4/2q1P3/P1Q2PPR/KR6 w - - 0 27	c2c3 c8c3 b1h1 g8f8 h2h8 f8e7 h8a8	1719	0g0p1l1p1w
sugFG	8/pp3p1p/6pk/3pQR2/8/3P3P/r2q2P1/7K w - - 4 35	f5h5 g6h5 e5f6	1719	0p0q13151n1o
tHqOs	B3r1k1/2p2pp1/pq5p/1p2nN2/8/P2PQP1P/1PP3P1/R5K1 b - - 0 24	e5f3 g1h1 e8e3	1719	010j0y191g1o
te9wf	1r4k1/5pb1/2pq1np1/3p4/1P1B2pP/2N3P1/2P2P2/1R2Q1K1 w - - 1 26	d4e5 d6f8 e5b8	1719	0111191o1p
u7Uwq	r1b3k1/pp4pp/4p3/3p4/1b3q2/8/PP1BB2P/R2QKR2 b Q - 1 19	f4h4 f1f2 b4c5	1719	0g1112191o
u8GDF	4r3/ppR2p2/5k2/8/8/1P3p2/P4PP1/5K2 b - - 0 33	e8e1 f1e1 f3g2 e1e2 g2g1q	1719	00010i0p101h1m1n
v6z78	5rk1/p4p1p/B5pP/2pPNbb1/1pQ2P2/4q3/1KP3P1/3R3R b - - 6 29	e3a3 b2b1 b4b3	1719	0g11191o
vD8zC	3r2k1/5p2/p5p1/1p6/4P1PQ/1P2qP2/P4NKP/5r2 w - - 0 30	h4d8 g8g7 g2f1	1719	0g0p0t0w1o
xjrj6	8/5ppp/1k1N1b2/8/ppK5/4P3/P4PPP/8 b - - 1 39	b4b3 a2b3 a4a3 d6e4 a3a2	1719	000g0p10
xmhYl	2kr3r/pp3ppp/1qnbR3/8/8/2p2N2/PPP1BPPP/R2Q2K1 w - - 0 15	e6d6 c3b2 a1b1	1719	0111191o
xqCC2	r1q2r1k/p4ppB/1p2p3/4b3/3p4/2P4R/PPQ2PbP/1K1R4 w - - 2 23	h7g8 h8g8 c2h7	1719	050j0k0y1315191n1o
y03oU	r4rk1/pp2p1Bp/2p1R1p1/3n3q/8/2N3Q1/PPP3PP/5RK1 b - - 0 18	f8f1 g1f1 h5f5 f1g1 f5e6	1719	050g0s1019
yN6P9	5r2/4k3/8/3Pp2p/4P3/4K3/5R2/8 w - - 6 49	d5d6 e7e8 d6d7 e8e7 f2f8	1719	000g0p0r101m
yh1MJ	r5k1/p1p3n1/1p1p1rQ1/4q3/6P1/P7/1PB5/1K5R w - - 1 28	h1h8 g8h8 g6h7	1719	051315191n1o
zZcks	3r2rk/ppp3p1/6Qp/8/4pq2/2B4P/PPP3RP/1K4b1 w - - 0 23	c3g7 g8g7 g6g7	1719	0y1315191o
zfKMa	r1b1k2r/ppp1nppp/5q2/4p3/2B1P3/NQP5/P4PPP/R2R2K1 w kq - 1 14	c4f7 f6f7 d1d8 e8d8 b3f7	1719	040g0i10191n
zfcNr	6k1/5ppp/p1p1p3/1PP1P2P/1PK3P1/8/2n5/R7 b - - 2 37	a6b5 c4c3 c2a1	1719	0g0p1o
zn93i	3rq2k/7p/p5pB/1p1Qb3/8/2P5/PPb3PP/5RK1 w - - 1 27	f1f8 e8f8 d5e5 h8g8 h6f8	1719	0g0i0s0w10191n
1Kqm8	5rk1/pp4pp/5n2/q1p5/2P4Q/P1r1BR2/6PP/4R1K1 w - - 0 25	e3d2 c3f3 d2a5	1720	01191o
1ZwJS	6Q1/8/k7/7K/4P2P/8/5b2/2q5 w - - 0 54	g8a2 a6b5 a2f2	1720	0g0p0s1o
1eZg4	r4r1k/pp1nqppp/2pN4/2Pb4/2BP4/4p3/PP3PPP/R2Q1RK1 b - - 3 16	d5c4 d6c4 e3e2	1720	000g191o
2DWVZ	4rr1k/ppp3p1/2q3bp/2b2p2/4p3/1P1P1N1P/PBPQ1PP1/R4RK1 w - - 0 20	d2h6 h8g8 h6g7	1720	0y1315191g1o
2I0n0	2r2r2/pp2p1kp/1q1p2p1/3P4/4P1P1/Pn1p1B2/1P1Q1P2/2R1K2R w K - 2 22	d2h6 g7f7 h6h7 f7e8 c1c8 e8d7 c8f8	1720	0g0i0v191p1w
2IHe0	2k1r2r/R5Q1/2p5/8/1P6/3P4/2P1qPP1/5RK1 b - - 0 34	e2f1 g1f1 h8h1	1720	050p13151n1o
2tybk	r3k2r/1p1b1ppp/p2pq3/1B2p3/Q7/8/PPP2PPP/1K1RR3 w kq - 0 18	b5d7 e6d7 e1e5	1720	0g0s191o
3ZtTY	4r1k1/pp3ppp/2pb4/3p1b2/3P3R/1BP1BqP1/PP1Q1P2/6K1 w - - 4 27	b3d1 e8e3 d1f3	1720	01191o1t
45XQ7	6k1/6pp/8/3pP3/2p4P/BpP3P1/7K/8 b - - 0 34	d5d4 a3b2 d4d3	1720	080g0p1o
49ZFQ	6k1/1p3pp1/p2R2bp/8/1Q1B4/1P3qPP/1P3P1K/2r5 w - - 1 32	d6d8 g8h7 d8h8 h7h8 b4f8 h8h7 f8g7	1720	050p13171n1w
4GaRm	r2qk1nr/ppp2ppp/4b3/2b5/1n1p4/3QPN2/PP3PPP/RNB1KB1R w KQkq - 1 9	d3b5 e6d7 b5c5 d8e7 c5e7	1720	010s101c
4Lovf	r4r1k/p1p3pp/2p4n/3bPp2/3B3q/2PB3P/PP3QP1/R4R1K b - - 6 21	h4h3 h1g1 h3d3	1720	0g0y191g1o
5SaNZ	R1r4k/2r3pp/3pQ3/4p3/1P5P/2q5/6P1/R6K w - - 0 32	e6e8 c8e8 a8e8	1720	060p13151n1o1y
60PKu	r5k1/3bq1pp/p1pp1rn1/1p2p3/4P3/1PN2N1P/1PPQ1PP1/3RR1K1 w - - 4 19	c3d5 c6d5 d2d5 d7e6 d5a8	1720	010s10191n
63FHY	r4rk1/p4p1p/2pb1p2/4qP1N/5Rn1/8/4Q1PP/1R5K w - - 3 28	e2g4 g8h8 g4g7	1720	0t1315191o
7wOvC	r4rk1/pp4p1/2p1p3/4Np2/1b1P1P1q/1P2P1p1/PB2Q1K1/R4R2 b - - 1 27	h4h2 g2f3 h2h5 f3g3 h5e2	1720	0g0i0r10191p
9IKih	4r3/1p6/2pR4/2P2p1k/2r1pPp1/2B1P1P1/1P5P/6K1 w - - 6 33	c3g7 e8h8 g7h8	1720	0g0p1l1o
A0Sh0	r7/bbpp1p1k/p4p1p/1p4r1/3Pq2Q/PBP5/5RPP/1N3R1K w - - 0 22	b3c2 e4c2 f2c2	1720	0g191g1o
Alpfd	rn3rk1/pp3ppp/2pQ1P2/8/2B1Pnbq/6N1/PPP3PP/3R2K1 w - - 0 19	d6f8 g8f8 d1d8	1720	050y1315191n1o
AogJ6	r4qk1/pp1bp2p/3p2p1/8/4P3/2P2P2/PnP3P1/R2QK2R w KQ - 1 19	d1d5 g8g7 d5b7 b2c4 b7d7	1720	010s1019
B5QNp	rn2k2r/1bp1qpp1/1p1pp2p/p5NQ/P2P3P/2PBP3/2P2PP1/R3K2R w KQkq - 2 13	g5f7 e7f7 d3g6	1720	0104191g1n1o
BaZ6M	2r3r1/5p1k/p2p1Pp1/1p1Pq1Q1/8/3B4/PPP4P/2K3R1 w - - 1 27	g5h4 e5h5 h4h5	1720	0p13151g1o
Bnoih	4r1k1/3p1p1p/6p1/p1B5/6n1/2bQ1qP1/P4P1P/1R1R2K1 b - - 1 31	e8e1 d1e1 f3d3	1720	010i191o
CIxVe	8/1p3k1N/4b1qQ/3pP1p1/1b1B4/p7/5PPK/8 w - - 1 37	h7g5 g6g5 h6g5	1720	0g0p11121o
CbdUI	b7/P2k4/B1pbp1p1/1P6/4pp1p/4B2P/5PP1/5K2 w - - 0 33	b5b6 f4e3 b6b7 a8b7 a6b7	1720	00080g0p101n1t
Cfs40	2b1Bk2/5p2/6q1/4P3/n2P4/1R3QP1/4KP2/8 b - - 0 40	c8g4 f3g4 g6g4	1720	010p1g1o
DL6dB	8/4k1p1/2R5/3p4/P7/1P1p3P/5KP1/3r4 b - - 0 42	d3d2 f2e2 d1c1 e2d2 c1c6	1720	000g0p101m
Dfv6q	6k1/1p3qp1/p1p1B1n1/P2p2b1/1P1P1N2/2P3P1/3Q4/5K2 b - - 1 32	f7e6 f4e6 g5d2	1720	0g0p1o
FMunQ	3rr1k1/1p2qp1p/2p1p1b1/p1n1P1Q1/PbB4P/5N2/1P2NPP1/3R1RK1 w - - 3 20	g5e7 e8e7 d1d8	1720	0b0g0y191o
GFDpU	q4r1k/5p1p/bp2pP2/p3n2p/3p3P/7Q/PPP2P2/R3R1K1 w - - 0 22	e1e5 f8g8 e5g5 g8g5 h4g5	1720	010t1019
GI0bi	5k2/7Q/p3p3/1p1pPp2/nP1N1P2/1K6/P1P5/6r1 b - - 1 39	g1g3 d4f3 g3f3 c2c3 f3c3	1720	0p0u101316
HnVYI	8/pp6/1kp5/4RB2/8/P1P2prP/1P6/1K6 b - - 0 32	f3f2 f5d3 g3d3 e5f5 d3d1	1720	000g0p10
I1pam	6k1/3b1pp1/3QNn1p/2pP2q1/2P5/5R1P/r4rP1/6K1 w - - 0 31	d6f8 g8h7 e6g5 h6g5 f3f2 a2f2 g1f2	1720	0g11191w
IDQwn	6rk/6q1/2p5/2B1PR2/1P2Q2P/P7/6rP/R6K b - - 4 36	g2h2 h1h2 g7g3 h2h1 g3h3	1720	05101316191n
ISP6h	1r3rk1/p1p1qpbp/1nB1pnp1/6B1/7Q/2N4P/PPP2PP1/R4RK1 w - - 2 15	c3e4 b6d5 c6d5 e6d5 e4f6 g7f6 g5f6	1720	0g0y191w
IWskn	2kr3r/ppq1bRp1/2p1b3/4PB2/6p1/1PN3Q1/PP4P1/R1B3K1 b - - 2 20	e7c5 c1e3 c5e3 g3e3 c7f7 f5e6 f7e6	1720	0111191w
JOocn	5k1r/Q4ppp/8/3b4/2r5/2Nq4/PP3PPK/R1B1R3 b - - 0 19	c4h4 h2g1 h4h1 g1h1 d3h3 h1g1 h3g2	1720	051317191g1n1w
JtWUg	r1r3k1/1R2Rpbp/6pn/p3p3/4P3/5NPP/2q2P2/1Q3BK1 w - - 4 23	e7e8 c8e8 b1c2	1720	0g0i191o
LMtXd	r1b3k1/pppn2b1/7r/4p1NQ/8/2P1P3/PP1N1Pq1/R3K2R w KQ - 4 19	h5f7 g8h8 h1h6 g7h6 f7h7	1720	0j0r0y10131619
LT1mr	8/6pp/5p1k/4p3/B2nP3/5PB1/1p1r2PP/1R4K1 b - - 1 34	d4e2 g1f1 e2c3 b1b2 d2b2	1720	0g0p0s10
LqUoX	2r2rk1/pp3ppp/3bp3/3p4/2PP1P1q/1P3N1b/PB2BR2/2RQ2K1 b - - 1 19	h4g3 g1h1 g3f2	1720	0g0i0y191o
MZVUC	3qr1k1/Q1pn1pbp/3p1np1/6B1/2PP4/2N4P/Pr2BPP1/1R2K2R b K - 2 14	e8e2 c3e2 b2b1	1720	0g0i191o
MsxU8	1r2n2k/4b2P/3p1nQ1/3Pp2q/1B6/PN6/1pP5/1K4R1 w - - 1 36	g6g8 f6g8 h7g8q	1720	00111315191h1o
NbMbK	6k1/p4p1p/1b1B4/5p2/1P2P3/P1R5/2K5/7r w - - 0 36	c3g3 g8h8 d6e5 f7f6 e5f6	1720	0p1013161a
Pte0J	r5k1/1pp2ppq/3rp2Q/p7/P2P4/2P3R1/1P3PK1/5R2 w - - 1 24	h6h7 g8h7 f1h1 h7g8 g3h3 g8f8 h3h8 f8e7 h8a8	1720	050g0p1l1p1w
QLPt3	8/2p2kp1/p1q1n3/1p5P/4pb1Q/1P6/PBPr1P2/1K4R1 w - - 0 27	g1g7 e6g7 h4f4 g7f5 f4d2	1720	010i0s1019
QPIYa	r4rk1/ppp1qppp/4p3/2bnQb2/8/2NP4/PPPB1PPP/2KR1B1R w - - 1 11	c3d5 e6d5 e5f5	1720	01191o
QZb0b	6r1/2p2k2/p3pp2/2Q4R/P2Pq3/8/5P1P/2R2K2 b - - 8 39	e4d3 f1e1 g8g1	1720	0p13151o
RPr9T	6rk/2pb2rp/1p1p1n2/2nP1p2/p1P1pP2/4N1P1/PP1QNKBq/3R1R2 w - - 0 28	f1h1 c5d3 f2f1 h2h1 g2h1	1720	01101112191t
Sh6ZA	rnb2qkr/pp2n3/2p1pQpP/5p2/3Pp1B1/2N5/PPP2P2/R3K1NR w KQ - 2 16	h6h7 h8h7 f6f8 g8f8 h1h7	1720	00010r0y1019
T3gKe	4rk2/p5Rp/1p2p3/3P1q2/2b5/8/PB5P/4Q1K1 w - - 0 34	e1b4 e8e7 b4e7	1720	0p0s13151o1u
Tojgx	3qr1k1/p1p1npp1/2pp3p/2b5/1rQ1P2B/1PN5/P1P2PPP/3RR1K1 w - - 4 17	c4c5 d6c5 d1d8 e8d8 h4e7	1720	0b0g1019
TtOji	r5r1/2qk4/p2bp3/1p6/1n1Pb2Q/4P1P1/PP5P/R4RK1 w - - 0 29	f1f7 d7c8 f7c7 c8c7 h4e4	1720	0110191p
Ttuec	r4kr1/3q1p2/p2p3P/2pp2QR/2P5/1P5P/P5K1/1R6 w - - 3 34	h6h7 g8g5 h5g5 d7e6 h7h8q	1720	000g0p101h1n
USLDE	5r2/5rk1/7p/2p1R1pQ/1pPn4/1P1P2P1/7P/6K1 b - - 2 36	d4f3 g1g2 f3e5	1720	0g0p0s111o
UgALq	5r2/1p5k/1Pp1b1q1/2P2p2/3PpQBP/4P3/5R1K/8 b - - 0 42	f5g4 f4f8 g4g3 h2g1 g3f2	1720	000g0k0m0p0r0s101n
VIuxr	B6k/2p1Pr2/3p4/p1p1b1qp/2P5/P5Pn/1P3PKP/R2QR3 b - - 2 30	f7f2 g2h1 f2h2 h1h2 g5g3 h2h1 h3f2	1720	050f1317191n1w
VhcN2	8/7p/2R5/1p2p2k/4N3/3b1P2/1r4PP/6K1 w - - 7 43	g2g4 h5h4 c6h6	1720	0p13151o
WYy01	6r1/5k2/pp6/2p5/P1P5/4q1Q1/1P4K1/3R4 w - - 3 43	d1f1 f7e7 g3g8	1720	0g0i0p111o
XEsc6	r3k2r/p1pp2p1/1p1bp3/4Nn2/2PP2Qq/P1N4B/1P1B1P2/R4bK1 w kq - 0 18	g4g6 e8d8 d2g5 d8c8 g5h4	1720	010s1019
ZJHbO	r4k2/pppq4/4rp1N/8/3pP1Q1/1P1P3P/1PP3P1/6K1 w - - 0 23	g4g8 f8e7 h6f5	1720	0p13151o
ZoHqj	2r5/4kp1p/3p1p2/4pq2/1p6/pQ6/P1R3PP/1K1R4 b - - 1 30	c8c3 b3a4 b4b3 a4b3 c3b3	1720	010e0p101g
ZvNfD	8/5p2/4p1p1/2p4p/3p1PkP/r2R2P1/2P5/1rBK2R1 b - - 1 37	b1c1 d1c1 a3a1 c1d2 a1g1	1720	050g0p101n1p
bJ0Yu	6k1/6p1/4p1N1/3p4/5R2/7P/r3nPPK/8 w - - 1 35	g6e7 g8h8 f4h4	1720	0p13151o
cdAnK	7k/1B1P2pP/4q3/2P1pQb1/KP1p2P1/p7/8/8 b - - 2 45	e6f5 g4f5 a3a2	1720	000g0p1o
cj8KP	4r1k1/Qp3ppp/p5r1/6q1/2P1Pp2/1P3P1P/P6P/2RR1B1K b - - 0 27	b7b6 a7b6 g6b6	1720	0g191l1o
dGGrE	5r2/pr3pkp/3p1np1/4p3/N2qP3/8/PP2QPPP/R1R3K1 w - - 6 19	c1c4 d4c4 e2c4	1720	01191o1t
dg3Na	4R3/P7/4k3/2p4p/8/6P1/r2p1PKP/8 b - - 1 43	e6d7 a7a8r a2a8 e8a8 d2d1q	1720	000g0h0p101h1m
dnZr7	r4rk1/2q2ppp/1p2pn2/p2p2N1/P2P4/2PQ2b1/1P4PP/R4RK1 w - - 0 19	f1f6 g3h2 g1h1 g7g6 d3h3	1720	011019
eFVjo	r4r1k/pp3pn1/3pPNp1/8/3Q2pq/1P1B1R1P/P1P4K/5R2 b - - 0 24	g4g3 f3g3 h4d4	1720	010j191o
eNbly	6k1/2q2p2/5KpQ/pp2p3/6P1/8/7R/8 b - - 4 52	c7d6 f6g5 d6e7	1720	0p13151o
fki2I	4rr2/1pp1q3/pbnp3k/6R1/PPB1P2P/1QPP4/6PK/4R3 w - - 1 25	b3d1 e7g5 h4g5	1720	01191l1o
g3ukr	2r4k/5pp1/b6p/N6q/2p1pP2/P3P2P/1P1Q2P1/3R3K b - - 0 37	c4c3 b2c3 h5a5	1720	010p0v0w1o
gvIf8	2r1r1k1/3b1pp1/p1p4p/8/qPp2P2/P2B2P1/3Q2P1/R4R1K w - - 0 30	d3c2 a4b5 d2d7	1720	010j191o
iXcUO	3r2k1/2R3b1/6pp/1N3p2/n2N1p2/2P4P/5PP1/6K1 w - - 0 33	c7g7 g8g7 d4e6 g7f6 e6d8	1720	01050p0r0s101n
ifohs	8/8/3P4/K1B2pp1/8/Prp3Pk/5R1P/3b4 b - - 0 42	c3c2 f2c2 d1c2 d6d7 b3d3	1720	000g0p10
iwFYy	3k4/1ppn2Q1/3p1r1q/r7/P7/8/1P4P1/R3R1K1 w - - 0 29	g7e7 d8c8 e7e8	1720	1315191o
j3WHT	3q3k/1p2p1Rp/p2p2p1/3Bn1P1/4P3/4PQ2/6KP/2r5 w - - 3 28	g7h7 h8h7 f3h3 h7g7 h3h6	1720	050p1013161n
k5X2v	6rk/ppp2p1p/5PpQ/6P1/5R2/2P1q2P/PP6/3r1R1K w - - 3 31	h6h7 h8h7 f4h4	1720	050p0y13151n1o
l8l68	8/8/p3p2k/1p1p3P/6K1/2P5/PP6/8 w - - 1 37	g4f4 h6h5 f4e5	1720	0g0p1e1o
lEOEd	6k1/pp4p1/4RnNb/3r4/8/BP6/P4P2/6K1 w - - 0 33	g6e7 g8f7 e6f6 f7f6 e7d5	1720	01050p0s10
lR2E6	4k3/4p1r1/1Q1p1p2/3P1K2/4PP2/1p6/r7/8 w - - 6 50	f5e6 a2a8 b6c6 e8f8 c6a8	1720	0p0s1013161j
lUV1T	3q2k1/Q4p2/3p2pp/8/2P1Pn2/P4P2/Pr5P/1R2R2K b - - 3 26	b2h2 h1h2 d8h4 h2g1 h4g3 g1f1 g3g2	1720	050p13171n1w
mhjNU	2b1r1k1/p1p1Bp1p/5Qp1/2pp4/5P2/1P1P1P1q/P1P4P/4R1K1 w - - 7 19	f6h8 g8h8 e7f6 h8g8 e1e8	1720	050j0p0y1013161f1n
nR11F	1q4k1/6p1/8/6Pp/p2p3P/Pn1Q4/K7/1R6 b - - 1 38	b8h2 b1b2 b3c1 a2b1 h2b2 b1b2 c1d3	1720	050g0p0s1w
obFZV	1Q3R2/6k1/4p3/6pp/4n3/6PK/4q2P/8 b - - 3 64	g5g4 h3h4 e2h2	1720	0i0p13151o
omm5V	8/p4k2/2Pb1p1p/PK6/1P4Pp/8/6P1/8 w - - 1 55	b5a6 h6h5 g4h5	1720	01080p1o
on97X	8/1p4Rp/2k5/8/3B1K2/pr4P1/7P/8 b - - 1 43	b3b4 f4e5 b4d4 e5d4 a3a2	1720	000g0p101g1n
ow4pN	8/8/p7/Pp1k2p1/1PpP1p2/2P2P2/6K1/8 w - - 2 48	g2h3 d5e6 h3g4 e6f6 d4d5 f6g6 d5d6	1720	0g0p111e1l1w
p66Kd	7r/kp1R2p1/pb6/5n2/5p2/5B1P/PP4K1/2R5 b - - 2 32	f5h4 g2f1 h4f3	1720	010i0p1o
ptd1q	r2q1rk1/1ppb2p1/p2p4/6bQ/2P2PpP/PP2B1P1/8/R3K2R w KQ - 0 22	h4g5 d7f5 g5g6 f5g6 h5g6	1720	011019
rACvM	3R4/5k2/1N6/5pp1/P1r4r/P3PK2/1B6/8 b - - 0 48	g5g4 f3g2 c4c2 g2g3 h4h3	1720	010p0s1011
rOtLv	6k1/5p1p/R4p2/3p4/1P2p2P/5nP1/3r1P2/5R1K b - - 0 39	e4e3 h1g2 e3e2	1720	00010p1o
selt8	1r2k3/6R1/p4Rp1/1p3r2/3p4/3P3p/1PP2P1K/8 w - - 6 34	f6f5 g6f5 g7g8 e8d7 g8b8	1720	0g0p0r101m1p
u6FtL	4rr1k/1p6/p2q2Qp/8/P1P3Pb/1P1B4/4RP2/5RK1 b - - 0 28	d6g6 d3g6 e8e2	1720	0g191o
v6mNh	5rrk/1p1q2bp/pn6/3p1R2/3P1B2/2N4Q/PP5P/6RK w - - 1 29	h3h7 h8h7 f5h5 g7h6 h5h6	1720	050y101316191d1n
vj5gm	r4rk1/pp2bppp/2p1pn2/3q4/3P1B1P/2P2N2/PP2QPP1/1K1R3R b - - 4 15	d5f5 b1a1 f5f4	1720	010s11191o
wEqJ7	1k6/p4p2/1p2p3/1P5P/Pq3P2/2p3P1/2Q2P2/6K1 b - - 0 35	b4b2 c2h7 c3c2 h7g8 b8c7	1720	000g0p10111i
wMm04	2kr1q1r/1bp5/p2bRp1p/3P2p1/8/PQ2BN2/1P3PPP/R5K1 b - - 0 21	b7d5 b3d5 d6h2 f3h2 d8d5	1720	010j0y1019
wbM9y	3r3r/p3kp2/2p1pn1p/2b1B1p1/8/2N1p3/PPP2PPP/R4RK1 w - - 0 17	e5f6 e7f6 c3e4 f6e7 e4c5	1720	01050s1019
x52zX	4n2k/1R3Rb1/p5Kp/3Ppp2/7P/PQ4Pr/5q2/8 w - - 2 50	f7f8 g7f8 b7h7 h8g8 d5d6	1720	0d0j0k0r101316191n
xNniy	5rk1/1p1b1pbp/1q4p1/p2p4/P2N3P/1Q3P2/1PP3P1/2KRR3 b - - 1 22	g7d4 b3b6 d4b6	1720	01191o
xOSwA	3r4/6kp/r1qp2p1/5p2/4p3/1QP4P/5PP1/RR4K1 w - - 1 27	b3b7 d8d7 b7a6	1720	0g0p1o
y0GY8	r1nq1r1k/1R3Rp1/p2p3p/3P4/1PP5/5B2/2Q2PPP/6K1 b - - 0 26	f8f7 b7f7 d8e8 f3e4 e8f7	1720	01051019
yDDkR	2k1r3/ppp3p1/4p2p/4N3/3Pn3/1QP1q2P/P1P3P1/5R1K w - - 1 23	b3e6 e8e6 f1f8 e6e8 f8e8	1720	0p1013161k1n
ypYar	7r/p1Rb2p1/k5q1/1p2p3/5P2/8/PP4QP/5BK1 b - - 7 34	g6b6 g2f2 b6c7	1720	0g0p0s1o
yuNUu	3b4/p2Q4/k7/1p6/1K6/4rP2/P5PP/8 b - - 5 49	d8e7 d7e7 e3e7	1720	0g0p1o
zDKUS	2r1r3/ppq3kp/2n1Nnp1/1Q1p4/5P2/P7/1PP3PP/2K1RB1R b - - 2 24	e8e6 e1e6 c6d4	1720	01191n1o
0B6s8	r4r2/1ppqNp1k/p2p1n1p/4p1p1/P3P2N/2PP2R1/2Q2PPP/R5K1 b - - 0 19	g5h4 g3h3 d7e7	1721	010t0w191o
0ycOM	8/7p/3R4/p2N1ppk/2Pbp3/1P4P1/P4r1P/6K1 w - - 16 53	d5f6 d4f6 g1f2	1721	0g0i0p1o
1rioy	4r2k/1b3Q1p/p5p1/1p6/3P4/P2P4/BP2q1RP/6RK b - - 2 29	e2g2 g1g2 e8e1 f7f1 e1f1	1721	0d101316191g1n
33HZd	3r1k2/1p3pRp/1p6/1P2B3/p1P1P3/Pn2q3/4R1Q1/4K3 b - - 2 33	d8d1 e1d1 e3c1	1721	051315191n1o
5FQXG	1R6/3r2k1/1p2p3/1p1nK3/1B6/P4P2/8/8 w - - 38 61	e5e6 d5b4 e6d7	1721	0g0p1o
6Kec5	2kr3r/pppq1pb1/2np2p1/1N2p2p/2B1P1nP/3PB3/PPP1Q1P1/2KR2NR b - - 3 13	g4e3 e2e3 g7h6 e3h6 h8h6	1721	0110191g
79r4g	r5k1/1p1b2b1/2pPp1pp/2P2p2/1P6/1q3BP1/3Q2KP/3RR3 b - - 4 31	a8a2 d2a2 b3a2	1721	0g191g1o
94rcr	2r5/4kppp/5q2/1b2p3/8/4QN2/Pr3PPP/3RK2R w K - 4 25	e3a3 e7e8 a3b2	1721	010s191o
A7Awl	rr4k1/2R2pp1/pq5p/4p3/8/P2P1N1P/1P3QP1/6K1 w - - 3 22	c7c8 g8h7 f2b6 b8b6 c8a8	1721	0g0p10
BJprS	3r2r1/2p1p2k/p4n2/3q3P/1p1P2b1/1N2Q3/PPP5/2K3RR w - - 15 27	e3e7 g8g7 e7f6 d5g5 f6g5	1721	010s1019
BQwNC	2r2r1k/ppBR1B2/2n4p/6b1/5P2/8/PPP5/2K3R1 b - - 0 23	c8c7 d7c7 g5f4 c1b1 f4c7	1721	01050b0s1019
Blmdu	8/8/6P1/p4K2/1p6/1PbP4/P1Pk4/8 w - - 1 58	f5e4 c3h8 d3d4 h8g7 d4d5	1721	080g0h0p101l
EWXo0	1rb4r/4k1b1/pq2pn1p/3pQ1p1/8/2N5/PPP2PPP/2KR1B1R w - - 1 21	c3d5 f6d5 e5g7	1721	0g191g1o
FkgOn	4r1k1/p5pp/4p1P1/3pQp1q/8/P3P3/5P2/2R2K2 w - - 0 32	e5e6 e8e6 c1c8 e6e8 c8e8	1721	0p1013161n
G52CK	6k1/8/2R3PK/2p5/8/8/8/5r2 w - - 1 52	c6c8 f1f8 c8f8 g8f8 h6h7	1721	0g0h0p0r101m
GnRth	8/R6N/6pk/2p4r/2bn2P1/8/P6R/7K b - - 0 38	c4d5 h1g1 d4f3 g1f2 h5h2	1721	0g0i0p0r0s10
H7KMM	8/R7/P2k1Np1/5p2/2b5/2bp4/6K1/8 w - - 0 54	a7d7 d6c6 a6a7 c3f6 a7a8q c6d7 a8a4 d7d6 a4c4	1721	000g0p0r0s1h1w
HhW5r	r2qr1k1/1pp2ppp/p1n2n2/3b4/3N4/1P1P1NP1/P3PPBP/R2Q1RK1 b - - 0 15	c6d4 f3d4 d5g2 g1g2 d8d4	1721	010j101c
KcLqz	r1b4k/ppp3bp/1q1pP1p1/5R2/4Q3/8/PPP3PP/RNB4K b - - 0 17	g6f5 e6e7 c8d7	1721	010h191o
Ljked	2kr1bnr/ppp1p3/2P2p2/6p1/4N3/3PBNpq/P1PQ1P1P/R4RK1 b - - 2 15	g3h2 g1h1 h3f3	1721	000j0y1315191o
NjBhV	8/1p4k1/pp2r2p/1PP2pp1/r7/7P/2R3PK/2R5 w - - 0 40	c5c6 b7c6 b5c6	1721	010p1m1o
OiING	2kr4/p1p2ppp/8/4P3/1p4b1/1P4N1/P1R2PPP/R1K1n3 b - - 0 21	d8d1 c1b2 e1d3	1721	0p13151k1o
Qy8wv	r2qk2r/1p1b1ppp/p1nNpn2/2b1N3/8/6P1/PP2PPBP/R1BQK2R b KQkq - 1 10	c5d6 d1d6 d8a5 c1d2 a5e5 d6e5 c6e5	1721	01111c1w
SkaFh	7k/pbq1B1bp/1p1pQ1p1/2pPn2n/2P1P2P/3B4/PP4P1/R5K1 w - - 1 26	e7d6 c7f7 d6e5 f7e6 e5g7 h5g7 d5e6	1721	0g0y191n1w
SsQJe	6k1/1r2ppbp/3p1np1/2qP2B1/1Np1P3/PrR2P2/1P1Q2PP/1R5K b - - 4 25	f6e4 f3e4 g7c3	1721	0g0j191o
T5emr	1k6/R4pp1/p4r1p/P3P3/2K3P1/7P/8/8 b - - 0 40	f6f4 c4d5 b8a7	1721	0g0p1m1o
Uf8tO	7r/4Bpk1/r2n2p1/3P3p/R7/8/5PPP/R5K1 b - - 0 32	a6a4 a1a4 h8e8 g2g4 e8e7	1721	010p10
XGPGm	r3rk2/1ppq3B/1p1pbpQp/8/1PP5/P3P2P/4KP2/6R1 w - - 0 23	g6f6 d7f7 g1g8	1721	1315191d1g1o
YZ2v2	rn2kb1r/p1q1pppp/1Pp2n2/8/2N3b1/4PQ2/1P1P1PPP/RNB1KB1R b KQkq - 0 9	a7b6 a1a8 g4f3	1721	011c1o
aTY5d	2rq3r/3k2pp/2p2bn1/1p1p3Q/8/1N1P4/PPP3PP/2K1RR2 w - - 3 21	b3c5 d7c7 c5e6 c7d6 e6d8	1721	0g0s1019
aVZDj	2kr3r/ppp2p2/2nb1p1p/7b/4q3/3QBN1P/PPP1BPP1/R3K2R b KQ - 3 13	d6b4 e1f1 d8d3	1721	0g0j191o
ajSwB	8/4RKP1/pk6/8/1p6/8/8/6r1 w - - 0 47	e7e6 b6b5 e6g6 g1g6 f7g6	1721	0g0p101m
ajwiF	2rqr1k1/1p2bpp1/p2p2bp/P1pn4/N6B/5N2/1P1Q1PPP/R3R1K1 w - - 0 22	d2d5 e7h4 e1e8 d8e8 f3h4	1721	010t0y1019
c2jD5	2kr4/Br3p2/2p2bp1/7p/5p2/2N5/1PP3P1/R5KR b - - 0 29	b7a7 a1a7 f6d4 g1f1 d4a7	1721	01050s10191n
cpqyS	rk5r/1q4n1/p1p1b3/1pPpPp2/1P2pPp1/R3P1p1/R3N2P/Q4BK1 w - - 0 38	a3a6 a8a6 a2a6 g3h2 g1h1 e6c8 a6b6	1721	0g191g1w
d6K2r	1R6/8/8/p1r4p/2k2pp1/pr6/R2K1PPP/8 w - - 8 49	a2c2 c4d4 b8b3	1721	0g0i0p1m1o
eIFUQ	1kbR2Q1/p1p5/6p1/8/8/2P1qNP1/PP2r1P1/1K6 b - - 7 29	e3e4 b1a1 e2e1 f3e1 e4e1 d8d1 e1d1	1721	060p13171n1w
eXDDN	2r3k1/2qb1pp1/pR2p2p/N1PpP3/p7/2Q1P3/4B1PP/6K1 b - - 0 28	c7b6 c5b6 c8c3 b6b7 c3c1 g1f2 c1b1	1721	0g0j191w
fWVXd	8/8/1PQ2n2/4bPk1/8/r7/4K3/8 w - - 9 64	c6c1 g5f5 c1a3	1721	0g0p0s11121o
g62Id	8/r7/7P/6P1/1pk5/3p4/5RK1/8 w - - 0 68	g5g6 a7a6 g6g7	1721	000g0p111m1o
gJceI	8/8/3Pk1p1/1pK4p/p6P/Pb6/8/8 w - - 0 47	c5c6 b5b4 d6d7 b4a3 d7d8q	1721	0001080p101h
jIoxr	r1bqkbnr/ppp4p/2n3p1/4pP1Q/2B5/8/PPPP1PPP/RNB1K2R w KQkq - 0 7	f5g6 g8f6 g6g7 f6h5 g7h8q	1721	00010j0k0r101c1h
jf2mx	5k1r/1R3p2/p1Q1pp2/2p5/2Pp1r1p/4q3/P5PP/5R1K w - - 0 30	c6d6 f8g7 d6f4 e3f4 f1f4	1721	010p10
kJx7q	r2q1rk1/1pp2ppp/p1npbn2/2bNp1B1/2P1P3/3P1N1P/PP1QBPP1/R3K2R b KQ - 5 10	e6d5 c4d5 c5b4	1721	01191g1o
lfemM	3q1rk1/5p1p/8/p4p2/B7/2p2Q2/Pr3PPP/R5K1 w - - 0 22	f3g3 g8h8 g3c3	1721	0g0p1o
ljV6G	5rk1/1b3p2/p1p3p1/1p1r4/3b4/P3BP1R/1P2BKP1/7R w - - 0 29	e3d4 d5d4 h3h8 g8g7 h1h7 g7f6 h8f8	1721	0g0i191w
mlgwC	r5k1/1p1qbpp1/p2p4/2p3pQ/4P3/2PPB2b/PP5P/R3R1KB b - - 1 24	h3g4 h5g4 d7g4	1721	010y191o1t
nAioe	8/5p2/1p5r/pP4p1/q1P3k1/4Q3/5PK1/8 w - - 0 40	e3f3 g4h4 f3h3	1721	0p13151o
nk36V	1k1r3r/1p3ppp/p1n1p3/1pR2b2/1P1Pn3/Pq2P3/1BQ1BPPP/R3N1K1 b - - 7 18	e4c5 c2b3 c5b3	1721	0g191o
nkoXi	8/p5kp/1p3p2/4p1PP/2B1QpK1/2q5/P7/8 b - - 1 35	c3g3 g4f5 g3h3	1721	0p13151o
oSpUx	2kr3r/pp2np2/4pN2/2p2q1p/2Pn2pP/P5P1/1P3PBK/R1BQ1R2 b - - 0 20	d4f3 g2f3 d8d1 f3d1 f5f6 c1g5 f6b2	1721	010j191w
ogtWC	r1q2rk1/ppp4p/3p4/4pp2/3N2B1/3P4/PPP3K1/R2Q4 w - - 0 18	g4f5 f8f5 d1g4 g8h8 d4f5	1721	01050w0y10191n
puLEK	8/2p5/1pp5/4Kp2/pPP2Pk1/8/P7/8 w - - 0 41	a2a3 g4f3 e5f5	1721	0g0p1e1l1o1z
px3LS	r5k1/5p1p/p6r/1p2p3/3p1p1q/P2P1Q2/1PP2PP1/4RRK1 w - - 2 27	f3a8 g8g7 f2f3	1721	0g0h0p0t1o
rKtq0	7r/R3b1pp/1p4n1/1kp5/8/PP2P1BP/2P2PP1/6K1 w - - 1 25	c2c4 b5c6 a7c7	1721	0p13151d1o
rh2ww	1r2r3/8/1p1p4/p1pPpp1p/2P1P1k1/1PP3P1/3B1K1P/R7 w - - 1 36	h2h3 g4h3 a1h1 h3g4 h1h4	1721	050p1013161f
rjIOz	8/8/1p6/pPp2k1p/2P2p2/P1K2P1P/8/8 b - - 0 39	f5g5 c3d3 g5h4	1721	0g0p1e1o
sE1q9	4r1k1/1ppq1pp1/p2p3p/3n1Nr1/4P3/1P2R2P/1P2QPP1/R5K1 w - - 0 22	e4d5 e8e3 f5e3	1721	010t191o
t1ktl	r4rk1/1ppq2pp/8/p1bpp3/1nn3PP/2N1PP2/PPP1QB2/2KR2NR w - - 0 17	e2c4 d5c4 d1d7	1721	01191g1o
tVCjf	6k1/pp3p2/1n6/4pNBp/2p1P1n1/3r4/PP6/3B1R1K b - - 1 30	d3d1 f1d1 g4f2 h1g2 f2d1	1721	01050r0s10191n
vm6MX	r2qk2r/pp1n1pp1/2pbp2p/8/3PQB2/5N1P/PPP2PP1/R4RK1 b kq - 2 13	d7f6 e4e3 f6d5	1721	01191o
wpWn5	8/5p1k/p1b1qRp1/8/3Q4/7P/6P1/7K b - - 7 44	e6h3 h1g1 h3g2	1721	0p13151g1o
xNBZs	r1bq4/ppp5/2n3Q1/3kp1P1/2nP4/8/PP3PP1/RN4K1 w - - 1 20	b1c3 d5d4 a1d1	1721	0g191o
xwAxL	r5k1/5p1p/p4q2/4b1rp/2p1p3/P3P2P/B3QP1P/1R4RK w - - 0 27	g1g5 f6g5 b1g1	1721	0d0g191g1o
yW1T8	4r3/p4kp1/2p4p/8/P1p5/8/3BpPPP/2R3K1 b - - 1 32	e8d8 d2e1 d8d1 f2f4 d1c1	1721	0g0p101g
zBPQj	4r3/8/p2k1p2/1p2q3/1P4P1/P1R2Q2/2p2KP1/8 w - - 2 47	f3c6 d6e7 c3e3 e5e3 f2e3	1721	0g0p101g
0QPjC	2r3k1/5ppp/p2p4/1prPpP2/3pB1q1/3P2Q1/PPP3K1/2R3R1 b - - 11 27	c5c2 c1c2 c8c2 g2h1 g4h5 g3h4 h5h4	1722	0r1317191w
0qx95	r1bq1rk1/ppp1p1bp/4p1p1/6N1/2P3B1/2Nn4/PP2KPPP/R1BQ3R b - - 2 12	f8f2 e2e3 d8d4	1722	13151c1o
1938c	6k1/6p1/4p3/p2p2p1/3P1qN1/2P3nP/PPQ3P1/6K1 b - - 7 37	f4f1 g1h2 g3e2 c2e2 f1e2	1722	0g0p10
1RsNk	3r4/pb1qr1bk/1p4Np/2p2QpP/P7/2P2P2/1P1B2P1/3R2K1 w - - 1 29	g6f8 h7g8 f8d7	1722	010k0m0s191o
1YxEC	5r2/pp2r3/2p4k/6p1/3P1q2/2P5/PPRR2PP/3Q2K1 b - - 5 37	f4e3 d2f2 e3e1 d1e1 e7e1 f2f1 e1f1	1722	0p13171w
21FcI	r1bq1rk1/pp4pp/3p4/2pPnpb1/2P2B2/2NB3P/PP3PP1/R2Q1RK1 w - - 2 16	f4g5 d8g5 f2f4	1722	01191o
33459	1Q6/2pN1ppk/4p2p/3p1b2/3P3b/2P1P3/Pr3nPP/R3KB1R b KQ - 0 17	f2d3 e1d1 f5g4 f1e2 g4e2	1722	0k0m0r101316191a
3F7GM	8/4k1p1/2p1p2p/1p2K2P/p2P2P1/PP4P1/2P5/8 b - - 0 30	b5b4 a3b4 a4a3	1722	0g0p1e1o
5329f	4rB2/p4p2/1pb2k2/3p3R/8/8/PbB3PP/RN4K1 b - - 0 25	b2d4 g1f1 c6b5 c2d3 b5d3	1722	0s101316191a
7LIiG	r2r1k2/pp1b2pR/2p1ppBR/8/3P2n1/6B1/PPP5/2K5 w - - 2 25	g3d6 f8g8 h7h8	1722	1315191f1o
88vOH	8/4R3/1p1n1r2/2p3k1/6b1/1P4K1/P7/4R3 w - - 5 42	e7g7 g5h6 g7g4	1722	010i0p1o1p
8M36W	8/p5k1/4Bp1p/3r4/2p3PK/1P3N2/6P1/8 b - - 1 34	c4c3 e6d5 c3c2	1722	00010p1n1o
8aCQP	r4rk1/6p1/4pPb1/p1n5/1p2q1NQ/4p1P1/PP2KP2/R6R w - - 0 29	h4h8 g8f7 h8g7 f7e8 g7e7	1722	0y10131619
8mC0U	2rqr1k1/p2b1p1p/1p4p1/N2pP3/1p1P1n2/5N1P/PP3PP1/1BRQ1RK1 b - - 0 18	c8c1 d1c1 f4e2 g1h2 e2c1	1722	050g0s1019
9ofmZ	r1bkr3/1p3ppp/p1p2n2/4P1B1/1b6/2N5/PP3PPP/R3KB1R w KQ - 1 12	e1c1 d8c7 e5f6 b4c3 b2c3	1722	0c0g0j0k1019
A116a	r3kb1r/2qbpppp/p1N5/3p4/Q2PN3/4P3/PP3PPP/R1B1K2R b KQkq - 0 12	d7c6 a4c2 d5e4 d4d5 c7a5	1722	010w101c
AOZNa	r5k1/p5pp/3Rp3/2p1B3/2b2P2/6PP/q5QK/8 w - - 0 31	d6d2 c4d5 d2a2	1722	010p1o
B4U5x	8/8/5p2/1R3K1k/pP6/P2r4/8/8 w - - 0 51	f5e4 h5g6 e4d3	1722	0g0j0k0p111m1o
BS9tD	6rk/p1p3p1/1np1Q2p/6N1/8/7P/PPq3P1/4R2K w - - 0 27	e6g8 h8g8 e1e8	1722	050p13151n1o
BYxsN	8/8/5kpR/4pp2/7P/6P1/5PK1/3r4 b - - 0 33	f6g7 h6h5 g6h5	1722	0g0p111m1o1t
CcIGj	1k1rbb1r/pp6/4Qp2/P7/1q5p/2p4P/2B2PP1/RN2R1K1 w - - 0 25	e6f6 d8c8 f6h8	1722	0g0s191o
D1Uac	8/6pk/pp2p2P/8/1K5Q/1P2P2P/2q5/8 b - - 0 41	c2c5 b4a4 c5a5	1722	0p1113151i1o
D9CDg	5k2/6RP/5P2/5KP1/2r5/4P1R1/1p6/7q w - - 0 74	g7g8 f8f7 g5g6	1722	0p13151j1o
DDFbz	8/7p/K2k1p2/1pp2p2/1P1N1P2/P1n3P1/7P/8 w - - 0 34	d4b5 c3b5 a6b5	1722	0g0p0z1o
DwVbn	2r5/n4k2/4p1N1/p2pPpPQ/3P1P2/2b1BK2/1q6/8 w - - 0 33	h5h7 f7e8 h7e7	1722	1315191o
EDf5N	r3qr2/ppp1nk2/3p2p1/3Ppbb1/2P1B3/P3BPP1/1P5Q/R3K2R w KQ - 2 25	h2h7 f7f6 e3g5 f6g5 h7h4	1722	0510131619
FlNPN	8/p1R2prk/2pp1p2/1r3Pqp/8/1P1Q1P2/P1PR2PP/6K1 b - - 0 26	b5d5 f3f4 d5d3 f4g5 d3d2	1722	0g0p10
G9DPf	r4k2/5pp1/4p3/p3q3/2p5/3R3P/4rPP1/R2Q2K1 w - - 0 36	d3d8 f8e7 d8a8	1722	0g0p1o
HYY72	2k5/pp4pp/1p3p2/P1P1p3/8/2R4P/5PPK/1r6 w - - 0 31	c5b6 c8b8 c3c8 b8c8 b6a7	1722	000g0i0j0k0p101m1n
HZNY3	2r1rbk1/1b1q1ppp/p7/P2pPN2/1p1N2Q1/3nB3/1P4PP/R1R4K w - - 0 24	f5h6 g8h8 g4d7	1722	0g0j11191g1o
IjkUz	8/8/8/p1P2k2/5p1P/5K2/6P1/8 b - - 0 40	a5a4 c5c6 f5e6	1722	0g0h0p1e1l1o
K5l62	3r1rk1/pb3pp1/1pn1p3/2p3N1/3P1q2/2P4R/PP3PPP/2RQ2K1 w - - 4 19	h3h8 g8h8 d1h5 h8g8 h5h7	1722	050y101316191n
KiE9b	8/8/p1n1pkrR/2P5/1P3P2/P7/3r3P/4R2K w - - 5 33	h6g6 f6g6 e1e6 g6f5 e6c6	1722	050g0p0s10
Kya4T	2kr1b1r/p4ppp/2p5/4B3/8/8/PPP2PPP/3RK2R b K - 0 14	d8e8 e1g1 e8e5	1722	010p1g1o
LDYdH	6k1/2Q2pp1/4pq1p/3p4/6P1/4P2P/r2N1PK1/8 w - - 1 28	c7b8 g8h7 b8b1 f6g6 b1a2	1722	010p0s10
LarSA	2b2rk1/5ppp/2pp2q1/2P5/4Pn2/r1N5/5PPP/2RQRBK1 b - - 0 19	f4h3 g1h1 h3f2	1722	0g0i0y191g1o
Lszx0	r4rk1/5ppp/4p3/p2p4/1p1Pn2q/1PpQPP1P/P1P3PB/R3R1K1 b - - 0 22	h4f2 g1h1 f2e1 a1e1 e4f2 h1g1 f2d3	1722	0g0s191n1w
M7Oyi	8/p6p/2p5/2P3p1/1P4K1/k5P1/7P/8 w - - 0 39	b4b5 c6b5 c5c6 b5b4 c6c7	1722	000g0p101e
MpZ98	r1b2rk1/1p2bppp/1qp5/p2n4/5B2/PQN3P1/1P3PBP/3R1RK1 w - - 2 17	g2d5 b6b3 d5b3	1722	01191o
Nr59n	1r3rk1/pR3pp1/2Q1p2p/8/3P4/4P2P/1PRq1PP1/6K1 b - - 2 26	d2d1 g1h2 b8b7	1722	0g0p1o
ObyRW	3Q4/pp6/2k5/4Q1N1/8/2P5/PP3PPP/3q1bK1 b - - 0 34	f1d3 e5e1 d1e1	1722	0j0k0p1113151o
OgEzu	5k2/r7/3P1pp1/p1R1p2p/P7/6P1/6P1/6K1 w - - 2 36	c5c8 f8f7 c8c7	1722	0g0p1m1o
QAbUA	1k1r1r2/p1p3p1/1p2p3/n7/R2Pp2p/1qP5/3B1PPP/R3Q1K1 w - - 2 24	a4a5 b6a5 a1b1	1722	01191g1n1o
QEvgB	8/8/4k3/1P6/3K1pp1/p5P1/P7/8 w - - 0 46	g3f4 g4g3 d4e3	1722	0g0h0p1e1o
Qi927	r2r1n2/ppk3pp/2p2p1n/P3p3/1P2P3/2N1P2P/1P1RN1P1/2KR4 w - - 1 19	c3b5 c6b5 d2c2 c7b8 d1d8	1722	0i0j101316191n
RXUQT	3r4/p2qbQpk/1p5p/3p1R2/3Pp3/1P2P3/P1PBK1PP/8 b - - 3 25	d8f8 f7f8 e7f8	1722	010p111o
SANka	8/6k1/3Q4/3N1ppq/2P4p/1P2P1P1/P4P1P/6K1 b - - 4 42	h5d1 g1g2 h4h3 g2h3 d1f1	1722	050p101316
SXcW9	8/7p/8/5PR1/2n1k2P/3pp3/8/3K2N1 b - - 0 48	c4b2 d1c1 d3d2 c1b2 d2d1q	1722	000g0i0p0r101h
TDEmJ	2kr3r/2p2p2/7p/1qN1pN2/4P3/2P5/5nPP/R5K1 w - - 0 35	a1a8 b5b8 f5e7	1722	1315191g1o
TxuNT	3r2rk/3qpp1p/1p6/p2P1p2/5Q2/6P1/PP3PK1/3R3R w - - 6 31	h1h7 h8h7 d1h1 h7g6 f4h6	1722	050p101113161n1s
U4sn1	8/p1r2pk1/2P1q3/6pp/P1Q5/7P/6P1/3R3K w - - 2 39	c4e6 f7e6 d1d7 c7d7 c6d7	1722	000g0p1011
UBBdz	3k1r1r/pB6/2Q1p3/1pp4p/3q4/1P4PP/P2b3K/4R3 w - - 3 38	c6c8 d8e7 c8e6 e7d8 e6e7	1722	0r10131619
VFDSs	r1bqr1k1/1p3R2/p2p2pB/3Pb3/2P1Q3/3B4/PP4PP/R5K1 b - - 0 17	e5h2 g1h2 e8e4 f7f8 d8f8	1722	0g0j0y1019
VaEiV	Q4bk1/p6p/1q2N1p1/4P3/1P4PP/P6r/1B4K1/8 b - - 2 47	b6e6 g2h3 e6b3 h3h2 b3b2	1722	010p0r0s101n
Vdne8	R7/5ppk/8/6PN/1pp2q1P/8/5PK1/6R1 b - - 0 37	f4e4 f2f3 e4a8	1722	0g0p0s1o
Vpkax	8/R1R3pk/7p/5p2/P7/6PP/4r1PK/4n3 b - - 4 34	e1f3 h2h1 e2e1	1722	0p1113151g1o
WO3ii	1Rr3k1/2Q1nppp/4bq2/8/8/5N2/P1p2PPP/6K1 w - - 0 23	c7d8 c8d8 b8d8	1722	061315191n1o1y
WgUNk	r7/2q2p2/5Qpk/pp1p1R1p/7P/PBPP4/1P2r1P1/7K w - - 2 33	f5h5 h6h5 f6g5	1722	050p13151g1n1o
WqaBZ	2N5/8/R7/2k4B/3b3p/4pp2/P6P/4K3 b - - 1 55	d4c3 e1f1 e3e2	1722	000g0p1o
Wxmho	7k/p1p1r1p1/2p2nQp/8/4P3/2Nq3P/P2B1PP1/2R3K1 b - - 0 23	d3d2 c1d1 d2c3 d1d8 f6g8	1722	010h0t1019
X2cWe	1k5r/ppp2p2/8/3pn3/4P2B/2N1q1QK/PPP3B1/R7 b - - 2 21	h8h4 h3h4 e3h6	1722	051315191g1n1o
YoQpD	8/8/p1P3R1/8/1p1k1p2/5Kb1/6Pr/8 w - - 0 47	c6c7 h2h8 g6d6 d4c3 d6d8 h8d8 c7d8q	1722	000g0p1h1w
ZB3pI	6k1/p3Q2p/1p2p1p1/1q1p1r2/5P2/1P1rb3/P2B2PP/3R1R1K w - - 11 30	e7e6 f5f7 d2e3	1722	0g191o
ZOLYu	2Q2Q2/8/4p1k1/5pp1/3Pq2p/P3P1P1/5P1P/6K1 b - - 0 45	e4b1 c8c1 b1c1 g1g2 h4h3 g2h3 c1f1	1722	050p13171i1w
ZUiEs	r2qk2r/p1p2pp1/1p1ppn1p/n7/2bPP3/2PB1N1P/P4PP1/R1BQ1RK1 w kq - 0 12	d3c4 a5c4 d1a4 d8d7 a4c4	1722	010s101c
ataY8	2rr2k1/pp3p2/4bp1p/2b5/4N3/1P2pB2/1P3PPP/3R1RK1 w - - 0 22	d1d8 c8d8 e4c5	1722	0111191o
avQc4	4r3/5k2/2p2b2/1p1p1P2/p2P1KP1/P1P5/1P2R3/8 w - - 1 46	e2e8 f7e8 g4g5 f6d8 f5f6	1722	0g0p10
b5kO2	4r2k/p2b2pp/8/qp1Q4/P4P2/2r3P1/6KP/R3R3 w - - 1 35	d5d7 e8g8 e1e8	1722	0g0t191o
bcIyG	1k1rr3/pb3qpp/1pBP1pn1/4p3/8/P1Q2NP1/1P1R1P1P/2KR4 b - - 0 29	b7c6 c3c6 d8c8 c6c8 e8c8	1722	0g10191g
c4oqF	1r4k1/5pp1/4p2p/pq6/2R5/7P/1rQ2PP1/1R4K1 w - - 0 35	b1b2 b5b2 c4c8 b8c8 c2b2	1722	010i0p10
cZ0nL	8/8/p4p2/2p1kPpK/1pP1P3/1Pb5/P7/1B6 b - - 3 42	e5f4 e4e5 c3e5	1722	080g0p1o
dGY4v	7Q/p7/1p2p1k1/1b3p2/4pPpK/1P2q3/P5P1/1BR5 b - - 4 36	e3f2 g2g3 f2h2	1722	0p13151o
daZwC	r2qr1k1/p4pbp/1p1p2p1/3N4/1Q6/1P5P/P4PP1/3RR1K1 w - - 6 22	e1e8 d8e8 d5c7 e8e2 d1e1 e2e1 b4e1	1722	010s191w
f7Cor	2kr4/pppr2pp/4Qb2/6q1/8/2N5/PPP3PP/1K1R3R w - - 0 19	d1d7 d8d7 h1d1	1722	0g191o
fiMyO	6k1/Rp4pp/2p2r2/3p4/3P1N2/5qnP/8/4Q1K1 w - - 0 36	a7a8 f6f8 e1e6 g8h8 a8f8	1722	060i0p1013161g
gQVwE	2rq1rk1/pb2bppp/1p3n2/3nN3/8/2N2B1P/PB3PP1/2RQ1RK1 w - - 0 18	c3d5 b7d5 c1c8 d8c8 f3d5 f6d5 d1d5	1722	010j111c1w
gb4xR	R7/3k1pp1/p2q4/1p2p1b1/2b3P1/Q4P2/1PP5/1K6 w - - 3 29	a8a7 d7e6 a7a6	1722	0g0p1g1o
gyzMR	8/1b6/1PB5/1K5p/p5kP/8/8/8 b - - 1 48	a4a3 c6b7 a3a2 b7d5 a2a1q	1722	00080g0p101h1n
hNJnj	1n2r1k1/Q1p3pp/1pP2p2/1P6/3Pq3/4P3/4bPPP/4NRK1 w - - 4 23	a7a2 g8h8 a2e2	1722	010s191o
hig6T	4rkr1/6p1/1pqPRnQp/p7/P1p5/5PP1/2P2K1P/R7 w - - 1 31	e6f6 g7f6 g6f6	1722	0q1315191o
iGGXn	3q1r2/p3nk1p/2b1p1p1/4Q3/3B1P2/P7/1P4rP/R3RK2 w - - 2 26	e5e6 f7e8 e6c6	1722	0g11191g1o1r
iZPge	r7/2R1R3/5ppk/8/5KP1/r6P/8/8 b - - 6 53	a8a4 e7e4 g6g5 f4f5 a3f3 f5e6 a4e4	1722	0g0i0p1m1w
jxCdD	r4r2/1b1q1Nkp/p5p1/1pb1p1P1/4P3/2N2Q2/PPP3B1/2K4R w - - 0 25	f3f6 g7g8 f7h6	1722	1315191o
khHIx	8/p7/2p5/1p3k1P/3P1p2/1P6/3Kpr2/1N5R b - - 1 42	f2f1 d2e2 f1h1	1722	0g0p1o
mZq0I	6k1/5ppp/1Q6/2p1qP2/8/8/P1Pr2PP/1R4K1 b - - 2 27	e5d4 g1h1 d2d1 b1d1 d4d1	1722	060p101316
na7qg	8/1N1N1p2/2p1p3/4Pkp1/p3b3/5nPK/1P3P1P/8 w - - 7 41	b7d6 f5g6 d6e4	1722	0g0i0p1o
neFhZ	7k/p2n2pp/6r1/2pQ4/1q6/1P2P2P/5RPK/8 w - - 1 33	d5a8 b4b8 a8b8 d7b8 f2f8	1722	060p101316
nu6Qr	1r1q3k/pp3rp1/4b2b/2p4Q/4B3/8/PPP2PPP/R4RK1 w - - 2 18	h5g6 d8g8 g6e6	1722	01191o
oAeFs	3r2k1/5p1p/8/p1r5/5P2/RK6/6PP/R7 b - - 2 33	d8b8 b3a2 c5c2	1722	0p0q13151m1o
oDDDX	2r3k1/5pp1/p6p/1p2b2n/3NP3/1PPR1P2/P5P1/2R4K b - - 6 27	h5g3 h1g1 e5d4	1722	010p1o
ogNzm	r3k2r/pp3ppp/2n1p3/2Pp4/3P1q2/PPn2N2/4BPPP/2R1QRK1 b kq - 0 17	f4c1 e1c1 c3e2 g1h1 e2c1	1722	050g0s1019
orR3y	r3r3/p4k1p/1qp3p1/8/7Q/1Pb4P/P2p1PP1/R2R2K1 w - - 0 24	h4c4 e8e6 c4c3 a8d8 d1d2 d8d2 c3d2	1722	010s191w
pANso	4r2k/1pp1r1pp/1p1p2n1/3P4/1P3Pq1/PBQ3Pn/1B4K1/4RR2 w - - 1 27	c3g7 e7g7 e1e8 g6f8 e8f8	1722	0i0y101316191g1n
pPwWZ	2k1r3/1p1R4/p4p2/5R1p/P7/1QP2N2/1PK2n2/5q2 b - - 0 27	e8e2 d7d2 f1d1	1722	1315191g1o
pizZJ	2r3k1/p3Rpp1/1n5p/1P1n4/3q4/B2B1P1P/2Q3PK/8 w - - 7 32	c2c8 b6c8 e7e8	1722	1315191f1n1o
qhZvA	8/6p1/5p1p/p1kp3P/P1r2PP1/2RKP3/8/8 b - - 0 35	c5b4 c3c4 d5c4 d3c2 b4a4	1722	0g0p101m
sygK2	3r1rk1/p1p2ppp/1p6/4n1q1/8/1P2P3/PB2QPPP/R4RK1 b - - 4 17	d8d2 e2d2 e5f3 g1h1 f3d2	1722	050g10191g1n
uegUD	R2Q4/1p3ppk/p3q1rp/4n3/8/2P3BP/PP4PK/8 b - - 1 39	e5f3 h2h1 g6g3	1722	0g0i0p1o
vRsSs	r2k1q2/pp6/2pp1b1Q/3Pn3/2P1P3/2N5/PP2N1P1/2K4R b - - 4 25	f8h6 h1h6 f6g5 c1c2 g5h6	1722	050g0s1019
vtzI2	2rb2R1/p2k1p1p/1pn1b3/4p3/1P2P3/P3B2P/5PP1/2K2B1R b - - 3 22	c6e7 c1b2 e7g8	1722	010j0k191o
wYkF6	r2qkb1r/ppp2ppp/2n5/4p3/1n2N3/PQ4P1/1P1PPP1P/R1B1K1NR b KQkq - 0 9	c6d4 b3a4 b7b5	1722	0g0h1c1o
x1F1C	r4bk1/pp4N1/1q1p4/3Pp3/4Ppn1/2Q2n2/PP1BB1P1/2R2R1K b - - 0 27	b6g1 f1g1 g4f2	1722	0y111315191n1o
xIWlx	1r1r1bk1/5p2/1np1p1pp/1qNnP3/1P1P1P2/P2R1NP1/4Q2P/2BR3K b - - 0 26	d5c3 e2f1 c3d1	1722	0111191o
xQptf	r7/5R2/kpp4p/2qp1Pp1/3p4/8/PPP3PP/5QK1 b - - 2 30	d4d3 g1h1 c5c2	1722	0g0j0k0p1o
yjH2g	6k1/1r6/8/5RKP/8/5p2/8/8 b - - 3 64	b7f7 f5a5 f3f2	1722	000g0p1m1o
z50TW	r4rk1/4bpp1/p2p1n1p/2p1p3/2PnP1B1/P1NP3q/3B1P1N/1R1Q1RK1 b - - 3 17	f6g4 d1g4 h3g4 h2g4 d4f3 g1g2 f3d2	1722	010s191w
zRKOR	r2qrbk1/2p3pp/p2p1p2/1p1n4/3P3B/P1Q2P1P/1PB2P2/3R1RK1 w - - 2 21	c2b3 g8h8 b3d5	1722	0g191g1o
zXe00	6rk/pp3p1p/4P3/1Q6/3Pp3/P6q/1P3K2/R4R2 b - - 5 25	g8g2 f2e1 h3e3 e1d1 e3d2	1722	0p0r101316
zmk26	8/6Pk/R6p/2pn4/5rPP/3K1N2/8/8 b - - 0 48	d5b4 d3e3 f4f3 e3f3 b4a6	1722	0g0p0r0s10
0Cw7w	7k/4rp1p/p2b4/8/p2P1qR1/2P2B2/1P1N1Q2/7K b - - 0 30	e7e1 d2f1 e1f1 h1g2 f1f2	1723	0g0r1019
0QstX	1r1q2k1/5p2/1p4pp/p1n5/P2bB3/5Q1P/1P3PP1/3RB1K1 b - - 5 24	c5e4 f3e4 d4f2 g1f2 d8d1	1723	010j0y101119
0u88D	6r1/p3q1rk/1p2PRb1/3p3p/8/2P1B1PQ/PP5P/6K1 w - - 0 35	h3h5 g6h5 f6h6	1723	111315191d1n1o
2DRG5	1rr3k1/5pp1/p6p/8/Q3R3/1q1P1P2/2P3PP/2K2B1R b - - 1 25	c8c2 c1d1 b3b1	1723	1315191k1o
2cbz2	3r2k1/p6p/1p4p1/4qp2/3Nn3/4B2P/P1R2PP1/2R3K1 w - - 0 28	d4c6 e5f6 c6d8	1723	010s191o
47iP7	8/8/RP6/4nkp1/3K4/1PN2r2/8/8 b - - 0 46	f3d3 d4c5 d3c3	1723	010i0p1o
4UU0u	2r5/2q2Qpk/5R1p/4p2P/p3P3/6P1/5PK1/8 w - - 1 42	f6h6 h7h6 f7g6	1723	050p1113151g1n1o
5TMmI	1n2r1k1/r4ppp/1p1q4/pP2N3/NbPPbQ2/2B5/PK3P1P/3R2R1 b - - 1 22	b4c3 a4c3 d6b4 b2a1 b4c3	1723	0d0i10131619
6N6SU	5rk1/pp2rpp1/2p4p/3pN1q1/3P1RP1/2P3PP/PP3Q2/5K2 w - - 1 26	h3h4 e7e5 h4g5	1723	010p1o1t
7Jqsn	3r4/7p/p5rk/3P1Q2/1p6/6P1/7P/6K1 w - - 0 38	f5f4 h6g7 f4c7	1723	010p1j1o
7McG0	6k1/1b1p2pp/1pr3r1/p2pR3/1B6/2PR2P1/P4P1P/6K1 w - - 0 25	e5e8 g8f7 e8f8 f7e6 d3e3	1723	0p1013161f
7Y3gC	8/6bk/6pp/8/8/p4P1P/Q4PK1/4r3 b - - 1 38	e1a1 a2d2 a3a2 f3f4 a1g1 g2g1 a2a1q	1723	00050g0p111h1w
7aAOz	6r1/3k2P1/3P1BR1/8/1K1P4/8/2r5/8 b - - 0 54	g8b8 b4a3 c2c6 g6g5 c6a6 g5a5 a6a5	1723	0p13171w
91USL	6r1/1p4k1/1q2pR2/3pP3/3P1B2/1pPbp1P1/PP2r3/K6R w - - 0 35	f4h6 g7h8 h6f8 e2h2 h1h2 d3h7 h2h7 h8h7 f6h6	1723	050j0k0r1318191d1w
9JBlY	3rk1r1/1Q3p2/2p1p1p1/4P2p/P1Bn4/6R1/1P3q1P/6RK w - - 0 30	g1f1 f2f1 c4f1	1723	0g191o
9gSGE	r1b4r/1p4k1/2p1p3/4Npq1/p2P1R2/2P2QPP/PP4P1/6K1 w - - 0 34	f4g4 f5g4 f3f7 g7h6 e5g4 g5g4 h3g4	1723	010d0r0w191g1n1w
9kOzh	r4rk1/1ppn1pp1/p7/2p1pNp1/n3P2P/P1P1BP2/1P4B1/2K4R w - - 0 23	f5e7 g8h7 h4g5	1723	0j0k0w0y1315191o
A1DTM	r1b2r2/ppq1p1kp/6p1/3QP3/8/2P5/P2B1PPP/R4RK1 b - - 0 18	f8d8 d5f3 d8d2	1723	0111191o1p
ALAXt	r2q2k1/pR2rppp/Q3p1n1/3p4/3P2P1/4P1B1/5P1P/1R4K1 w - - 10 24	b7b8 a8b8 b1b8 d8b8 g3b8	1723	0g10191g
AN7nI	r4rk1/pp4p1/7p/4n2q/P1P1N1n1/2RP2PN/5PK1/3Q1R2 b - - 6 25	f8f2 e4f2 g4e3	1723	0g191n1o
BptgD	4r1k1/6pn/p6p/1p1q4/5R2/7b/PP5P/4Q1K1 w - - 0 29	e1e8 h7f8 f4f8 g8h7 f8h8	1723	0p101316
CD8sM	4r1k1/p6p/1p4p1/3P4/3Q1Pq1/8/PP2R1BP/2R3K1 b - - 0 31	e8e2 c1c8 g4c8	1723	0g0p1o
CU1my	8/k7/7P/2p3K1/1p4P1/8/pr6/R7 w - - 0 59	h6h7 b2h2 a1a2 h2a2 h7h8q	1723	000g0i0p0r101h1m
DwXW9	5qk1/6p1/n1pr3B/pp2b3/6QN/P2P3P/1P4P1/5RK1 b - - 3 27	e5d4 g4d4 f8f1 g1f1 d6d4	1723	011019
Ey48Y	kr5r/p1p1b2p/R2p1p2/3RnP2/4P3/1P6/P3QKPP/2q5 w - - 11 28	a6a7 a8a7 d5a5 a7b7 e2a6	1723	050n101316191k1n
Fqniw	r1bq1rk1/pp2bppp/4pn2/6B1/2Nn4/3B1N2/PP3PPP/R2Q1RK1 w - - 0 11	f3d4 d8d4 d3h7 f6h7 d1d4	1723	010j0y101c
FsXLz	8/p5k1/2p1R2p/2Pp1Qpn/3b1p2/3K1P1P/P1R3PB/1r2q3 b - - 5 32	b1d1 c2d2 e1d2	1723	1315191o
HgEf4	3kr3/7p/p4pp1/2PPNb2/P7/1r3P2/5KPP/4R3 w - - 0 34	e5f7 d8d7 c5c6 d7c7 e1e8	1723	0g0i0p0r10
Hlw2j	2rq2k1/1N5p/p4Ppb/n7/8/PPB3P1/1Q3PBP/6K1 b - - 0 27	d8d1 g2f1 a5b7	1723	010i191g1o
IUpgt	1rr3Q1/p2k2pp/5bb1/q2B4/3p4/P7/1PP2PPP/1R2R2K w - - 7 26	g8e6 d7c7 e6c6 c7d8 c6d6	1723	0r10131619
IkqS4	8/8/1p6/2kpR1p1/8/p2rP1PP/2KN2P1/8 b - - 1 38	d3d2 c2d2 a3a2	1723	00010p1n1o
KrILM	5N2/p5pp/5p1q/3p1Qqk/8/6P1/6KP/8 w - - 4 45	f5h3 g5h4 h3h4	1723	0p13151o
KxaTz	8/p3k1p1/2p2p2/1pP1p1nQ/1P2P2P/P4PP1/4qBK1/8 b - - 0 41	g5e4 h5g6 e2f2	1723	0g0p1o
LPkIe	6rk/p6p/4R3/3P1p1n/1p5q/1P3P2/P2Q1R2/5K2 b - - 5 34	h5g3 f1e1 h4h1 f2f1 h1f1	1723	0p0r101316
MMLLc	3r1r1k/pp4pp/2p1Q3/4N2P/3P4/6P1/1q2P1K1/7R w - - 7 29	e5g6 h7g6 h5g6	1723	0j0k0p13151n1o
NRoHt	r2n1rk1/1p4pp/1q2p1b1/pPNp2b1/P2P2P1/1N2P3/4B2P/2RQ1RK1 w - - 7 22	f1f8 g8f8 c5d7	1723	050g0y191o
NWBoE	8/p4pk1/1pp1pb2/3n2qQ/8/8/PPP3P1/1K5R w - - 2 34	h5h8 g7g6 h8h7	1723	0p13151o
P1hMw	3r1k2/2rR1p2/2P4p/6p1/1P3p2/5P1P/6P1/2R3K1 b - - 0 34	d8d7 b4b5 d7d6	1723	010p1m1o
PZxKl	r1b1r1k1/pp2bpp1/3p1p1p/q2N3Q/4P2N/3n4/PP3PPP/2R1R1K1 w - - 0 15	d5e7 e8e7 h5a5	1723	010j191o
QYARm	1r3rk1/1pp2ppp/p7/8/2Q3q1/3PB3/PPP1nPPK/RN3R2 b - - 5 20	g4h5 c4h4 h5h4	1723	021315191o
QcaaB	4r3/p2r1pkp/3p2p1/Q1p5/2P1p3/1P6/P1q2PPP/3RR1K1 w - - 0 24	d1d2 c2d2 a5d2	1723	010p1o1t
QiXnL	r1b3k1/1pq2p1p/p1n3p1/8/1P1r4/P4B2/3Q1PPP/2R2RK1 w - - 0 19	d2d4 c6d4 c1c7 d4f3 g2f3	1723	011019
Rz8HG	Rbb2rk1/1p1n3p/1Pp1p3/2Pp4/3q1Pp1/6Pn/1BQ2P1P/3NNB1K b - - 1 23	d4d1 c2d1 h3f2 h1g2 f2d1	1723	01050b0i0s10191n
SkP9I	5r1k/4N1pp/4pn2/4N3/p7/4PP2/r5PP/2R3K1 w - - 0 30	e5f7 f8f7 c1c8 f6e8 c8e8 f7f8 e8f8	1723	060p13171n1w
TtOZb	8/2p5/pp6/P3p1k1/1P2P1P1/7K/8/8 w - - 0 54	b4b5 a6b5 a5a6	1723	0g0p1e1o
U0FoK	8/pp2r3/5kp1/5p1p/P1P5/1P2nPNP/4R1PK/8 b - - 2 33	e3f1 h2g1 f1g3 e2e7 f6e7	1723	0g0i0p10
UHxgz	5R2/p5p1/7p/3q4/3P2R1/2P1k1KP/PP6/8 b - - 2 40	d5d6 g4f4 g7g5	1723	0g0p0s1j1o
VKMpq	r4r2/2p2k2/p2p1qp1/3P4/3Pp3/2P1P3/P3Q2R/R3K3 w Q - 1 26	h2f2 f7g7 f2f6	1723	010p1g1o
WV0b1	2rk1b1r/pp1b1p1p/5Pp1/1q1N4/2p1Q3/1B5P/PKP3P1/4R3 w - - 0 29	e4e7 f8e7 f6e7 d8e8 d5f6	1723	000r101316191n
Wn38j	2r2k2/5pp1/p1p4p/1p2pPq1/1Pn1B3/PQ6/5P1P/2RR1K2 b - - 5 27	g5c1 d1c1 c4d2 f1e2 d2b3 c1c3 b3d4	1723	010s191n1w
XGjBU	2r5/1p1N2k1/p3R3/3p4/3Pn2P/5R2/P1r5/3K4 b - - 1 32	c2d2 d1e1 c8c1	1723	0p13151o
XIDjs	6k1/1p4p1/2p3rp/P2p2q1/P2Q4/4P1P1/1R6/5RK1 b - - 0 38	g5g3 g1h1 g3h3 b2h2 h3f1	1723	0p0r0s101316
XaobZ	8/7Q/4pk1p/3q2pP/4NpP1/8/3p3K/8 b - - 1 56	d5e4 h7e4 d2d1q	1723	000g0p1h1o
YRZYw	r1bq1rk1/pp2bppp/4pn2/8/2Pn4/P2B1N2/5PPP/RNBQ1RK1 w - - 2 11	f3d4 d8d4 d3h7 f6h7 d1d4	1723	010j0y101c
YTn6U	5k1r/1B3Pp1/p7/1p2P3/7p/P1r3nP/1P3qPK/R2QR3 b - - 0 24	g3f1 e1f1 c3h3 h2h3 f2g3	1723	050j101316191g1n
ZxARq	2r2rk1/6pp/p3R3/5n2/2Q5/P7/1PPq1PPP/R5K1 w - - 1 27	e6c6 g8h8 c6c8	1723	0g0j0k191o
baWef	r2q1rk1/1b4pp/p2p4/1p1N2b1/3pQ3/P6P/BP3PP1/R3K2R w KQ - 0 19	d5f6 g8h8 e4h7	1723	0k0m0y1315191o
cuFYE	rn2k2r/ppp2ppp/4p3/4P3/3P4/8/PP2BPqP/R2QK2R w KQkq - 0 13	e2f3 g2g5 f3b7	1723	0g0v191o
d8WJq	2qrr1k1/pp3pp1/1n5p/3n4/3N4/1P3QB1/5PPP/2R1R1K1 w - - 0 25	e1e8 d8e8 c1c8	1723	01191o
dPfCS	1k5r/p1p2p2/Qpnr1q1p/1B1pN1p1/3P4/P1P1P1P1/5PP1/1b2K2R w K - 0 19	b5c6 d6c6 e5d7 b8a8 d7f6	1723	010s1019
dq2ku	k1b2Q1r/2q3R1/5p2/p2p3p/4P2P/5P2/PPP5/2K3R1 b - - 0 30	c7f4 c1b1 h8f8	1723	0g0p0w1o
erqkU	2r1k2r/4bp1p/p2p1p2/2nRpP2/4P1P1/5Q2/BP5P/2KN3R b k - 0 23	c5b3 c1b1 c8c1	1723	0k0m1315191k1o
gvnP9	4r3/pQ3pk1/3N2p1/8/3b1B2/5P2/P5KP/3r4 b - - 3 26	d1g1 g2h3 e8h8 f4h6 h8h6	1723	0p101316
hP6r9	6k1/6pp/8/1p6/8/rp1RP1PP/4KP2/8 b - - 3 35	b3b2 d3a3 b2b1q	1723	000g0p1h1m1o
iSvtK	rnb2kn1/pppp3Q/6p1/2b5/8/8/PPPPNPqP/RNB1K1R1 b Q - 2 9	c5f2 e1d1 f2g1	1723	040g0s1c1o
idrK5	1kr5/7p/R7/1N4p1/2r2p2/4n3/6PP/2R3K1 w - - 0 30	a6b6 b8a8 c1a1 c4a4 a1a4	1723	0p0r101316
j2OJD	8/7k/5rpp/7P/r5PK/8/8/1Q6 w - - 0 47	b1b7 h7h8 b7c8 h8g7 c8d7	1723	0g0p10111j
k5VYE	rnbq1rk1/pp3ppp/5n2/2bp4/8/3BBN2/PPP2PPP/RN1QK2R w KQ - 2 8	e3c5 d8a5 b2b4	1723	010t1c1o
kYcOu	4rr1k/1pqn3p/2pb2pB/p2p4/B2Pn3/P1NQ3P/1PP2PP1/R4RK1 b - - 5 17	d6h2 g1h1 e4f2 f1f2 f8f2	1723	010i0s1019
l45KX	r4r2/p3b1p1/4k1p1/4P3/3p1BPp/7P/PPP5/2K2R1R b - - 1 25	f8f4 f1f4 e7g5	1723	0g0p1g1n1o
lSEzk	1rr3k1/p1qb1ppp/p3pP2/3pR3/3Q4/P1N5/1PP2PPP/1R4K1 b - - 0 20	c7c3 d4c3 c8c3	1723	0g11191o
mWhc3	3r1rk1/pq4pp/bp5P/3NpPQ1/4n3/8/PP2N3/3RKR2 w - - 0 23	d5e7 g8f7 g5g7 f7e8 d1d8	1723	0g0y1019
mvaQK	8/8/3k1pp1/1K2p2p/7P/p4N2/1NP3P1/8 b - - 0 38	a3a2 f3d2 a2a1q	1723	000g0p0z1h1o
nz2Jj	r2r1bk1/2q2ppp/p1np4/1p1Qp3/4P1B1/1NPR4/PP3PPP/1K1R4 b - - 3 18	c6e7 d5a8 d8a8	1723	0g191o1t
oQ4z5	6rk/1p3R1p/p6B/8/2p3Q1/6PK/Pbq4P/8 w - - 1 30	g4g8 h8g8 f7f8	1723	050p13151d1n1o
on9hm	3r2k1/p2P2p1/2qRp3/1pp2p1Q/7P/6P1/PP3P2/6K1 b - - 2 34	c6d6 h5e8 d6f8	1723	0g0p0t1o
qVCc7	r1k4r/1p4p1/p2Q4/4p1p1/B3P3/2P4R/PP3qPK/3R4 b - - 7 33	h8h3 h2h3 f2h4	1723	051315191g1o
qjbkI	8/2q2pbk/2b5/p1p1p3/1r2P1P1/1B1R2B1/P5PK/3Q4 b - - 2 32	c5c4 d3c3 c4b3	1723	010s191o
rZcaX	2Q5/1p4rk/2b1Rq1p/5pr1/p2p4/2PP2P1/PP3P2/3B1RK1 b - - 1 32	g5g3 f2g3 g7g3 g1f2 g3g2 f2e1 f6h4 f1f2 h4f2	1723	040y1318191n1w
sNGjI	2r2r1k/p7/1p2p1Q1/4Pp1b/3PqP2/8/PP6/K3R3 w - - 0 29	g6h5 h8g7 e1g1 e4g2 g1g2	1723	0p0r101316
t3VR1	r3r1k1/5ppp/ppNb1n2/3p1N2/4pP2/3nP2P/PP1P2P1/R1B2RK1 w - - 4 20	f5d6 e8e6 d6f5	1723	010t191o
t74jJ	4k3/1b1r2p1/p1p1p1rp/np3n2/3B1P1Q/P1P4P/6P1/4R1K1 w - - 1 32	h4h5 e8f7 e1e6 f7e6 h5g6	1723	050g0i10191g
uaTzW	4kr2/4b1pQ/1qppbr1p/p3P3/2P1B3/1P4P1/PB4KP/3R1R2 b - - 0 25	f6f2 f1f2 b6f2	1723	0e0g0s11191o
ugCdM	5r1k/p7/8/2p4p/3N1p2/1P2p2P/P4PP1/2R3K1 b - - 0 28	c5d4 g1f1 d4d3	1723	0g0p1o
up6hA	Nn1k2nr/pQ1bbpp1/3p3p/4p3/2P1P3/3P1qP1/PP3P2/R1B3K1 w - - 0 15	b7b8 d7c8 b8c7 d8e8 c7c8	1723	0g0i0r0t1019
vAtl8	r2R4/1bp1r1pk/p3p1pp/1p6/5Q2/8/2P3PP/4K3 w - - 2 28	d8a8 b7a8 f4f8 e7d7 f8a8	1723	010p0s10
vt69V	r2r1b2/1p6/1pn1kpp1/3p4/5PP1/P3P3/1P1Q3P/R3K2R b KQ - 0 21	f8b4 a3b4 a8a1 e1f2 a1h1	1723	010r10191g1p
wvRcY	3R4/p6k/1p2p2p/3pP2P/3P4/4qrPK/P7/3Q4 w - - 0 37	d1c2 e3e4 c2c7 f3f7 c7f7	1723	0p101316
yc3M9	2rk3r/1bq1bQNp/p2p4/1p4P1/4n2P/P1N5/1PP3B1/2KR3R b - - 0 19	e7g5 h4g5 c7f7	1723	0g0j191o
yyU98	3q2k1/p2rbppp/1p2p3/8/6N1/2P3Q1/PP3P1P/1K4R1 w - - 7 28	g4h6 g8f8 g3g7 f8e8 g7f7	1723	040j0p1013161g
z0APl	6k1/5pp1/3B3p/p1RpPP2/4b3/4K3/1q3Q2/8 b - - 4 42	d5d4 e3e4 b2f2	1723	0g0i0p1o
zjB4x	r2r3k/1p2B1b1/2p1QnB1/8/3q4/7P/5PP1/R4RK1 b - - 2 32	a8a1 e7d8 a1f1	1723	01191o
zskQH	6k1/1bR3bp/p3q1p1/1p1n2B1/3PpQP1/7P/PP3P2/6K1 w - - 2 33	c7g7 g8g7 g5h6 g7h8 f4f8 e6g8 h6g7	1723	050y1317191n1w
0EVtf	r3q2k/ppp1N3/4Q2p/3p4/4b3/8/PP4P1/K7 w - - 0 26	e6h6 e4h7 h6f6	1724	0p13151o
0U3a4	r1bq1bkr/p1pp2pp/2p5/4P3/8/5Q2/PPP2nPP/RNB1K2R w KQ - 0 10	f3b3 d7d5 e5d6 c8e6 b3e6	1724	0j0k0o0y1013161c
0Ukax	r1b4r/p3kppp/2Q5/4p3/3q4/4n1P1/PPPP1K1P/RNB5 w - - 1 17	d2e3 d4b6 c6a8	1724	01191o
0i31L	5rk1/5pp1/pq1r3p/8/1Pb1R1n1/P1P3P1/1BQ2PBP/R5K1 b - - 1 22	c4d3 e4g4 d3c2	1724	0g0s191o
0o0Cx	8/7p/1Q3qpk/4p3/P2pB3/7P/6PK/1Rr5 b - - 4 41	f6f4 g2g3 f4f2 e4g2 f2g1	1724	0p0s101316
1Ip83	3r2k1/1p3p1p/pP6/R3Q1qp/1P2P1b1/2P3N1/5PP1/6K1 b - - 0 31	d8d1 g3f1 d1f1 g1f1 g5c1	1724	050p1013161n
1RXxB	5k2/2R5/4p1P1/p4p2/3n1P1P/P3K3/2r5/8 w - - 1 36	c7f7 f8g8 e3d4	1724	0g0p1o
2cfoJ	5RR1/1p5p/pr2kp2/4Pp2/8/1P6/1Pr3PP/5K2 w - - 8 36	f8f6 e6e5 f6b6	1724	0g0p1m1o1p
3W0Ti	5r1k/2R3p1/4B3/5p2/3P1P1p/r5nP/2R3P1/6K1 b - - 1 34	a3a1 g1f2 a1f1 f2e3 f1e1 e3f3 e1e6	1724	0g0p1p1w
4CWgV	r3k2r/ppp1qp2/1b3n1p/4n3/2BP2b1/1Q6/PP3PP1/RNB1R1K1 w kq - 0 15	e1e5 g4e6 c4e6	1724	0g191g1o
4FSkY	7R/2q1k3/4P3/1p3Q2/8/pP6/K1P2P2/6r1 b - - 1 45	g1a1 a2a1 c7c3 a1b1 c3b2	1724	050p0s101113161n
5uzkU	r3k2r/p4pp1/1q2p1p1/3pPn2/1b1p1P2/P7/1P2N1PP/R1BQ1RK1 w kq - 0 17	d1a4 e8e7 a4b4 b6b4 a3b4	1724	011019
89Bah	3r2k1/2p2r1p/pp3qp1/8/5b2/1Q6/PPP3PP/R1B1R2K w - - 2 22	c1f4 f6f4 e1f1	1724	01191o
8A9uo	r1b4r/p2kp2p/1qpp1p1N/7Q/8/2b5/P1P3PP/R1B2R1K w - - 0 17	h5h3 d7c7 h3c3	1724	010s191o
8zrjl	r1bq1r2/pp4p1/2n1p1k1/2bpPpN1/6QP/2N5/PPP2PP1/R3K2R w KQ f6 0 14	h4h5 g6h6 g5f7 h6h7 g4g6	1724	0g1019
9xf4Q	r1bqk2r/ppp2ppp/2nb1n2/4N1B1/3PN3/8/PPP2PPP/R2QKB1R b KQkq - 0 7	d6e5 d4e5 d8d1 a1d1 f6e4	1724	010j101c
ACrE4	8/p1p5/2Pp2k1/pP1P1p2/2K2P2/8/8/8 w - - 1 46	c4b3 g6h5 b3a4 h5g4 a4a5 g4f4 a5a6	1724	0g0p111e1w
AGO9B	2k2rr1/pppq3p/2n2p1B/2p1p3/4P3/3P4/PPP2PPP/R2Q1RK1 b - - 1 14	d7h3 g2g3 h3h6	1724	0g191g1o
B1szo	r2q1rk1/p2nppb1/1p5p/3QBp2/3P4/4PN2/PP3PPP/R4RK1 b - - 0 14	d7e5 d5d8 e5f3	1724	010y191n1o
CI9dI	8/p6k/2p5/2Np3p/1P1P1p1P/2P1pPrp/P3K3/7R b - - 6 44	g3g2 e2f1 e3e2 f1e1 h3h2 h1h2 g2h2	1724	000g0p1w
CNEby	r2q2kr/8/p2N3p/1pp3b1/6Q1/6P1/PP4P1/3R1b1K w - - 0 28	g4e6 g8g7 e6f7	1724	1315191o1s
CPbVJ	4r1k1/pp1R2p1/2p2pqp/8/2P1bP2/PPQ3PP/1B4B1/6K1 b - - 0 23	e4g2 g1g2 e8e2 g2f3 g6e4	1724	050g0r0y1019
DDZvw	2k5/R7/2pP1p2/2P2np1/1r5p/7P/6PB/6K1 w - - 1 40	d6d7 c8d8 h2c7 d8d7 c7a5 b4b7 a7b7	1724	000g0j0k0p0r1w
Dgzvt	4r1k1/p1p3pp/4pr2/4Qp1b/3p3q/3P1PNP/PP3P1K/R5R1 w - - 6 21	g3h5 h4h5 e5f6	1724	0g191g1o
EYIPN	4rrk1/1b4bp/p5p1/1p2PpB1/2pP4/2Pq3P/PP2R1P1/R3Q1K1 w - - 9 23	a1d1 d3d1 e1d1	1724	01191o1t
GZfqi	1Rb2rk1/4q1pp/p3p3/Q1p5/2PrPN2/4n1PB/7P/2R3K1 w - - 4 29	b8c8 f8c8 h3e6 g8h8 e6c8	1724	01050s1019
Gp5W6	2k5/p1pp1R2/1p6/4PP1r/7p/P7/5r1P/4R2K w - - 1 31	e5e6 d7e6 f5e6 f2f7 e6f7 h5f5 e1e8	1724	00010p1m1w
HSc0G	r3k1r1/1pp1np2/p2P4/2p4p/P1B3qp/3Q1N2/2P2PP1/5RK1 w q - 1 22	c4f7 e8f7 f3e5 f7f6 e5g4	1724	04050g0s1011191n
J3w2A	rn2k2r/p4pp1/1p1pp2p/3b4/5q2/2BQ4/P1P2PPP/R3R1K1 w kq - 0 19	d3d5 e8g8 d5a8	1724	01191g1o1t
JFDjg	2krr3/pp3p1p/2p1Pp2/8/3b1B2/6Pb/PP2BP1P/2R3KR w - - 0 19	c1c6 b7c6 e2a6	1724	111315191k1n1o
Jzt9W	4r3/pppRnk1p/8/2b1pq2/7B/2P2r2/PP2QP2/4K1R1 w - - 2 27	e2c4 f5e6 g1g7 f7g7 c4e6	1724	0g0i0r0s10191g
KvDb0	8/8/1R6/5p1P/1p6/6k1/1r4P1/6K1 w - - 3 53	b6g6 g3h4 h5h6 h4h5 h6h7 h5g6 h7h8q	1724	000g0p1h1m1w
LZW8z	r3qrk1/1p3ppp/8/R4b2/2P5/1N3P2/KP1Q2PP/5B1R b - - 0 20	e8a4 a5a4 a8a4	1724	1315191f1n1o1y
MBQrm	2r5/P5R1/6RK/r7/8/7p/8/7k b - - 3 64	c8h8 g7h7 h8h7 h6h7 a5a7	1724	050g0p101m
McvDT	1kb5/p1n5/1p1Q1p2/8/4p3/1P2q1P1/2K5/2R5 w - - 0 54	c2b2 e3e2 c1c2 e2c2 b2c2	1724	010h0p10
NVaRR	r1b2r1k/pp2q1pp/2p5/4p3/2P1Q3/4P3/PP2BPPP/R2R2K1 b - - 1 16	c8f5 e4f3 f5c2	1724	01191o
Ow2TO	r1b2rk1/3p1ppp/p1Q3q1/1p1Np3/4P3/8/PPP2PPP/R1B1K2R b KQ - 0 13	g6e4 c1e3 d7c6	1724	0g0w191o
P9sUy	r3r1k1/pp3pp1/1qp2n1p/8/1P3B2/P3b2P/2PNR1P1/1R1Q2K1 w - - 0 22	f4e3 e8e3 d2c4 e3d3 c4b6 d3d1 b1d1	1724	010s191w
Q6QON	r1bk3r/ppp1nBpp/8/3p4/2q5/3QR3/P1P3PP/5RK1 w - - 0 19	d3c4 d5c4 f1d1 c8d7 f7e6	1724	011019
QiMPD	k7/P6R/7p/5p2/rp3P1P/6PK/8/8 b - - 4 50	b4b3 h7h8 a8a7	1724	0g0p1m1o
QuYsZ	r6k/p7/1pqp1p1p/5Pn1/2Bpr1PR/1P6/P7/1K5R w - - 0 28	h4h6 h8g7 h6g6 g7f8 h1h8 f8e7 g6g7 g5f7 g7f7	1724	0r1318191d1w
RKj7i	3rr1k1/1bq2p1p/p5p1/6Pn/2pQ2N1/3BR2P/5P2/6K1 w - - 0 28	g4h6 g8f8 d4h8	1724	1315191o
RWT4a	5n1k/ppp4p/8/2bp4/5p1P/2P2N1Q/PP1NqPP1/6KR b - - 3 27	c5f2 g1h2 f2g3 h3g3 f4g3	1724	010y1019
RuEOn	5rk1/1p1qb1pp/2p5/2N1pp2/1r6/1PQPP1P1/4P1KP/1R3R2 b - - 1 23	d7d5 e3e4 d5c5 c3c5 e7c5	1724	0g1019
SV9Vk	r7/6k1/3pQqb1/3Pp3/1rPpPp2/1P5R/p1B5/6RK w - - 2 42	h3h7 g7h7 e6f6	1724	0g0i191g1o
VjYU9	2r1r3/pb3k1p/1p3p2/3p4/3BnP2/P2B2P1/1P5P/1KR1R3 b - - 2 29	e4d2 b1a2 e8e1 c1e1 d2f3 e1d1 f3d4	1724	010j0s11191w
WPHSV	8/p3k1Np/1p2P3/3p2p1/4b3/P3K3/r6P/5R2 w - - 0 33	f1f7 e7d6 e6e7	1724	00010p111o
Yj8D7	r4rk1/4Qp2/4p3/1Pn1q1pp/P1P5/4N1P1/5P1P/R4RK1 b - - 4 27	f8e8 e3g4 h5g4	1724	01191o
YqamD	B7/5k2/R4nr1/1p2B1n1/6Pp/7P/PP5K/8 b - - 4 42	f6g4 h3g4 g6a6	1724	010j0p111o
bKV4Q	8/2p5/8/p2kr3/8/P2KR3/2P5/8 w - - 0 46	e3e5 d5e5 d3c4	1724	0g0h0p1m1o
cpQFe	r6k/p4pp1/1p1nr3/3p3q/P2P4/2PBPbP1/2QN1P1P/R3R1K1 b - - 3 25	h5h2 g1h2 e6h6 h2g1 h6h1	1724	050y101316191d1n
dYV3H	r1b1k2r/ppppnppp/3b1q2/1B6/4P3/4Q3/PPP2PPP/RNB2RK1 b kq - 4 8	f6e5 f2f4 e5b5	1724	011c1o
eia63	8/8/pp1p4/3P2p1/P1P3Pp/1Pk2K2/8/8 w - - 1 44	a4a5 b6a5 c4c5	1724	0g0p1e1o
frnnk	r3k1nr/ppq2ppp/4p3/2Ppn3/b2p1B2/P7/2P2PPP/R2QKBNR w KQkq - 1 12	d1d4 e5c6 d4a4	1724	01191o
iVbMP	7Q/1p5r/3Rr2k/5q2/6p1/5N2/PP3PP1/6K1 w - - 4 41	d6e6 f5e6 h8h7 h6h7 f3g5 h7g6 g5e6	1724	050g0p0r0s1n1w
ioniz	r1b1k1nr/pp1p1ppp/4p3/q7/1P1nP3/2N5/1PPB1PPP/R2QKB1R b KQkq - 0 8	a5a1 d1a1 d4c2 e1d1 c2a1	1724	01050s101c1n
j3dGj	1r5r/k3qp2/2R1p3/NQ4pp/Pn1P4/4P3/5PPP/6K1 w - - 4 28	c6a6 b4a6 a5c6 a7a8 b5a6 e7a7 a6a7	1724	0i0r0s1317191n1w
jef74	8/8/1B1Q4/1k2N3/3pP3/3P1P2/3qnKP1/5R2 b - - 0 35	d2e3 f2e1 e2c3	1724	0j0k0p13151o
kIg6G	2Rr2k1/p5pp/8/Q2b1pN1/4nB2/8/Pq3PPP/4R1K1 b - - 0 23	b2f2 g1h1 e4g3 f4g3 d5g2	1724	0j0s10131619
kr5s2	r1b2rk1/p4p1R/2pp2P1/4p3/3P1bp1/2PB4/P1P5/3KR1N1 w - - 2 24	g6g7 f8d8 h7h8 g8g7 h8d8	1724	000110191p
m0x94	r1b2k2/ppp2pp1/2q2n1p/8/2P2n1B/P4N1P/1PP1QPP1/3R2K1 w - - 1 20	d1d8 f6e8 e2e7	1724	0g191o
n1YCG	1brr2k1/1bq2ppp/pp2pn2/8/1P6/P1N1PN1P/1B3KP1/1QRR1B2 b - - 0 23	c7g3 f2g1 b7f3	1724	0g0i11191g1o
nDIOd	8/1PR2p2/1r1pkp2/4p3/2P1P3/2K5/8/8 w - - 1 53	c4c5 d6c5 c7c6 b6c6 b7b8q	1724	000g0i0p101h1m
o1MTW	3r1r2/1bp1qpk1/pbn1pNpp/4P3/2R5/3BQN2/PP3PPP/5RK1 w - - 8 21	e3h6 g7h6 c4h4 h6g7 h4h7	1724	050u101316191n
pGaIr	4rk2/3Rp2p/4Ppp1/1P1Nq3/2r5/6PP/P2Q2K1/8 w - - 1 39	d2h6 f8g8 d5e7 e8e7 d7d8 e7e8 d8e8	1724	0i0p13171n1w
pQj5j	5rk1/Q4ppp/3N4/4Pp2/3p2b1/P3q1P1/1r3R1P/5RK1 w - - 3 24	d6c4 b2f2 c4e3	1724	010s191o
pnEUW	5rr1/1b1n1q1k/p3p1np/3pP1p1/1PpN1p2/2P1QN2/P1B2PPP/R3R1K1 w - - 0 26	f3g5 h6g5 e3h3 h7g7 d4e6 f7e6 h3e6	1724	0d0g0s191n1w
qKnXD	7k/1p6/2pr2B1/4b3/5r2/1PB2pNq/P1Q2P1P/1R4RK b - - 5 33	h3h2 h1h2 f4h4	1724	051315191n1o
qLRiT	2kr3r/R1p5/1n2p3/8/3PQ1pp/2P1K3/1q3PP1/7R w - - 0 30	e4b7 c8d7 b7c7 d7e8 c7e7	1724	10131619
qVbbK	r1bq1r1k/1p1pbpp1/p7/4p1N1/2Pnn3/3Q4/PP3PPP/RNB2RK1 w - - 0 13	d3h3 h8g8 h3h7	1724	13151c1o
r2rQC	r2qk2r/pQp1bppp/8/8/3n4/4R3/PPP2PPP/RNB3K1 b kq - 0 13	d4e2 e3e2 d8d1 e2e1 d1e1	1724	0d0s101316191n
s9Pr7	7k/1p5p/p2RQ1p1/2p2rr1/2P5/4Rp2/PP3P1K/8 b - - 2 32	g5g2 h2h1 f5h5 e6h3 h5h3	1724	0p0r1013161j
sMqBl	5k2/5p1p/3q2p1/1p6/8/r3Q2P/5PP1/4R1K1 w - - 0 30	e3h6 f8g8 e1e8 d6f8 e8f8	1724	0p0x101316
sTiWy	6k1/p4pb1/1p4p1/5P2/3p2PQ/1P6/P2n1PB1/4qNK1 b - - 2 37	e1f1 g2f1 d2f3 g1g2 f3h4	1724	010p0s1011121n
sWLGk	r1bq1rk1/1pp3bp/3p2p1/p1nPp3/2P1N3/4B2P/PPBQ2P1/R1N1K2R b KQ - 0 15	c5e4 c2e4 d8h4 e1d1 h4e4	1724	010r0s101119
scO70	r1bqk2r/pp2bppp/2p2n2/4p1P1/2n1P3/2N2N2/PPP1QP1P/R1B1K2R w KQkq - 0 10	g5f6 e7f6 e2c4	1724	010w111c1o
tCFUH	4r3/p3q3/k5p1/1p5p/8/2P5/1P1R4/2KQ4 w - - 0 47	d2d6 a6b7 d6d7 b7c8 d7e7	1724	0g0p0s10
u3voW	r2qr1k1/ppp1Bpp1/2n4p/3p4/3P4/2NB1b1P/PPP2PP1/R2QR1K1 b - - 0 12	f3d1 e7d8 e8e1	1724	010b0y1c1o
uEow5	5rk1/pp4b1/3N3p/2pP1Q2/6p1/2NP4/PPP3PP/4rRK1 b - - 0 21	g7d4 g1h1 e1f1 f5f1 f8f1	1724	060i0s101316191y
uTfTb	2kr4/ppp5/1b3r2/8/3P4/2P5/PP2R1PP/RN4K1 b - - 1 21	d8d4 c3d4 b6d4	1724	010p1n1o
unruZ	r4rk1/ppp2ppp/4q3/4b3/2N2R2/3p2Q1/PPbB1PPP/R5K1 w - - 4 19	c4e5 e6e5 d2c3 e5c3 b2c3	1724	011019
vOkcf	3rq1k1/4rpbn/p4n1p/1p2BBp1/2p5/P1Q2N2/1P3PPP/4RRK1 w - - 0 29	f5h7 g8h7 e5f6	1724	0g0y191o
viIxA	6k1/8/p2B1p2/1p3P1p/1P3K1P/P7/1b6/8 b - - 1 46	b2a3 f4e4 a6a5	1724	080g0p1o
vouIW	2k2b2/pp6/6Qp/1qp1Bp2/8/4P2P/2K2PP1/8 w - - 0 35	g6f5 c8d8 f5f8	1724	0g0p0s1o
xIErA	rn1qkb1r/pp2pp1p/2p3p1/4QbB1/2PP4/8/PP2PPPP/R3KBNR b KQkq - 2 8	f7f6 g5f6 b8d7	1724	010s1c1o
xNf3Y	r2k1b2/pQ1n1q2/1pR4p/1N3p2/1n1P1P2/1P6/PB4KP/4R3 b - - 0 30	f7d5 g2g3 d5c6 b7c6 b4c6	1724	010s1019
xjp2B	4r1k1/6p1/2p2p1p/P2p1Pq1/1P2R1P1/2P2K2/5BQ1/2R5 b - - 0 45	d5e4 f3g3 g5c1	1724	0g0p1o
xnRm1	rn1q1rk1/pp1nppbp/4b1p1/3NP3/3P4/1P4P1/P3NPBP/R1BQK2R b KQ - 0 11	e6d5 g2d5 d8a5 b3b4 a5d5	1724	010s101c
xnSl8	5r2/1pp3pk/1p1p1q2/7p/Q1PpPPb1/P2P4/1P1B2R1/R3K3 b Q - 0 30	f6h4 e1f1 h4h1 f1f2 h1a1	1724	010r10191p
xrFkx	1r4k1/3b1p1p/2B1pqp1/p5r1/3P4/QP6/P4PPP/2RR2K1 b - - 0 21	d7c6 c1c6 f6f3	1724	0g191g1o
yMuSD	4r2k/1p5p/p5p1/3QbN1n/8/2r5/PqP3PP/3R1RK1 w - - 2 22	d5e5 e8e5 d1d8 e5e8 d8e8	1724	0d101316191n
yhb6Y	2r4r/5ppp/p2P1k2/1pn3NP/5p2/8/1P3PP1/2R2RK1 w - - 1 27	c1c5 c8c5 g5e4 f6e6 e4c5	1724	01050p0r0s101n
yr6lW	1r6/2k4r/K5R1/8/1B6/P7/8/8 w - - 5 61	b4d6 c7c8 g6g8 c8d7 d6b8	1724	0g0p0r10
zjc7B	2R5/p6p/1p2Q1pk/2b2p2/7q/8/5PP1/4R1K1 b - - 1 36	h4f2 g1h2 f2h4	1724	0p13151o
0842O	2k3r1/1p3p1p/pq1bp2r/3b1p1N/P2P4/1P3PP1/4N2P/1R1Q1RK1 w - - 0 23	d1c1 d5c6 c1h6	1725	0g0s11191o
0lIZH	4r1k1/5ppp/1p6/1p6/nPn5/2PRBP2/5KPP/1N6 b - - 6 24	a4b2 d3d4 c4e3	1725	0g0p1o
0wPvW	5rk1/p1p2pp1/3brq2/2p3R1/8/P1P1B2Q/2P2PPP/5RK1 b - - 10 24	e6e3 h3e3 d6f4 g5g7 g8g7	1725	010s1019
2Q9kJ	8/3k2Qp/bp4p1/p1bB4/q7/8/P2N1rPP/1R2R1K1 b - - 5 31	f2f7 g1h1 f7g7	1725	0g0j0k191o
2ZVZP	3r2k1/p2r4/1p3p2/3p1q2/3RpPQ1/1P2P2P/P5K1/3R4 b - - 0 33	d7g7 g2f2 g7g4	1725	0g0h0p1g1o
2aaBv	rnbk3r/1p1p1Qpp/p7/4p3/8/1B6/P1PBKPPP/7q w - - 0 15	d2a5 b7b6 a5b6	1725	1315191o
2ajqA	1r6/4ppk1/2pp4/5P2/3QP3/pbP5/6P1/6K1 b - - 1 41	f7f6 d4a7 a3a2	1725	000g0h0p1o
3vRci	6B1/3R4/3p4/2p1bpk1/2Pp3p/3P2P1/4PPK1/r7 w - - 0 37	f2f4 e5f4 g3f4	1725	010p0s111o
4kqxp	8/6p1/p2k3p/1p6/1P2KPP1/P7/8/8 w - - 0 41	e4f5 g7g5 f4g5	1725	0g0p1e1o
6rAka	r4rk1/ppp2ppp/2n2p2/2b2b2/4N3/2PB4/PP3PPP/2K1R1NR w - - 5 12	e4c5 f5d3 c5d3	1725	010t191o
7AfpC	3r4/1p4p1/1p5p/pP1k4/3r1P2/4R1PP/4K3/3R4 w - - 2 40	d1d4 d5d4 e3d3 d4c4 d3d8	1725	050g0p101m1p
AC8uX	3Nrk2/7p/3p1p1b/p2P1P2/2p1Q1R1/2P5/q6r/2R3K1 w - - 6 37	g4g8 f8g8 e4e8 h6f8 e8f7 g8h8 f7f8	1725	050i0r1317191w
Asmc8	r1b2rk1/pp2q1pp/2p5/2Pp4/1P2nP2/P4N1P/4BPP1/R2Q1RK1 b - - 0 17	e4c3 d1d2 c3e2	1725	0g191o
BYEih	rr6/1Qbk1qpp/2p1b3/p1pp1P2/6n1/3P4/PPPB2PP/RN2R1K1 w - - 1 18	f5e6 f7e6 b7c7 d7c7 e1e6	1725	010s1019
C56Pt	3rr2k/pp5p/6p1/4pN2/5q1Q/2P5/PP4PP/4R2K w - - 0 30	h4f6 h8g8 f6g7	1725	0p13151o
CuGd9	1k1r3r/pqR2pbp/1p2b1p1/3N4/3PP3/1Q3N2/P4PPP/1R4K1 b - - 3 19	b7c7 d5c7 e6b3	1725	0g191o
D0FNg	2Q5/3P4/6k1/3p1p2/3b4/P3q3/6P1/5K2 w - - 7 53	c8e8 g6h7 e8e3	1725	0g0p1o
DTUhn	3Q4/p2b2rk/3P2pb/2pq1p2/8/8/1PB5/1K5R w - - 1 42	h1h6 h7h6 d8h4	1725	0511121315191n1o
DmWbz	8/pp3Rpk/2p5/5PP1/P3Nn2/1P5p/1r6/5K2 w - - 0 38	e4f6 h7h8 f7f8	1725	0p1113151g1o
E7U9s	r2q3r/p1p2k2/Qp2p2p/3pPpp1/2P1n3/P1PBP3/5PPP/R3K1NR b KQ - 0 15	e4c5 a6b5 c5d3	1725	010s191o
EEUfM	r1b1k2r/p1qn1ppp/8/1p1p4/4N3/2P2NP1/1P3PP1/1R2R1K1 w kq - 0 18	e4d6 e8d8 d6f7	1725	0i0k0m1315191o
Ei2mC	2r3r1/p2b1p1k/4pBp1/qp2P2p/3p3P/2PB1P2/P1QK4/1R4R1 b - - 3 25	c8c3 c2b2 c3b3 d2e2 b3b2	1725	0g0j0k1019
GUbSe	8/p7/2p3K1/1p1k1p1p/5P2/P1B5/1P6/8 b - - 0 41	h5h4 c3e1 h4h3 e1g3 d5e4 g6g5 e4f3 g5h4 f3g2	1725	080g0p1l1w
GeB2T	8/1Q6/8/8/5K1p/r4P1r/2k5/8 w - - 5 74	b7c8 c2b2 c8h3	1725	0g0p0s1j1o
GyG41	r1b1r1kb/pp3p1p/6pB/3Nn3/4P3/8/PPPR2PP/R5K1 w - - 0 19	d5e7 e8e7 d2d8 e7e8 d8e8	1725	0d0y101316191f1n
HSxR1	r1bqk2r/pp1pppbp/6p1/2n5/2Bn4/N1P1B3/PP3PPP/R2QK2R w KQkq - 0 10	e3d4 c5e6 c4e6 d7e6 d4g7	1725	010b101c
HbnMP	r2B1b1r/pp4kp/6p1/3pp3/3P2PP/P1N2Q2/1Pb2P2/n1K1R3 b - - 2 21	a1b3 c1c2 b3d4 c2d1 d4f3	1725	0g0s10191n
I0LIy	rn1q1rk1/pbp1npbp/1p2p1p1/6B1/4N3/5BN1/P1P2PPP/1R1QK2R w K - 2 13	d1d8 f8d8 g5e7	1725	010b1c1o
IB7n1	r2q2k1/bpp3p1/p2p3r/4p1Q1/4n2p/1P2PR1P/PB1P2B1/5RK1 w - - 2 23	f3f8 d8f8 f1f8 a8f8 g2e4	1725	010s1019
KQ0t2	8/R4Pk1/3pK3/2pP4/1p6/8/P7/5r2 b - - 4 50	f1f6 e6d7 f6f7 d7d6 f7a7	1725	0g0i0p101m1p
L1thf	3r2k1/1p3ppp/8/1NbNp3/1n6/7P/PPP3P1/2KR4 w - - 3 20	d5f6 g7f6 d1d8	1725	0g0j0p1o
MFVSF	2k5/1ppq4/pbb1r1p1/4Bp1p/1PBP1P1P/P3Q1P1/2R2K2/8 b - - 4 35	e6e5 f4e5 b6d4	1725	0g1112191g1o
McwXR	1k6/p1p2p1r/1pqp2p1/6P1/3BrP1b/2P2Q1P/PPPR4/1K3R2 b - - 1 28	e4e1 d2d1 c6f3	1725	0g0j191o
N3CGy	r1bq1rk1/ppppbppp/5n2/3N2B1/2BQP3/8/PPP2PPP/R3K2R b KQ - 0 9	f6d5 g5e7 d5e7	1725	01191o
NkMkd	6k1/pp1q1pp1/2n2b2/7Q/4rB2/P2p3P/1P4P1/3R1RK1 b - - 1 28	d7d4 g1h1 e4f4 f1f4 d4f4	1725	0g1019
Nmi6F	r1bqkb1r/pp1npp1p/2p2np1/3p2B1/2PP4/3BP3/PPQ2PPP/RN2K1NR b KQkq - 1 6	d5c4 d3c4 d8a5 b1d2 a5g5	1725	010s101c
QLNq0	5rk1/4q1p1/p2p3p/1p1Pp3/2p1P2N/P1P4Q/1P4P1/5RK1 b - - 4 37	e7a7 g1h2 f8f1	1725	0g0i0p1o
RPjgd	5bk1/p5pp/8/1p2Pn2/3p4/P2P1QBq/1P5P/5R1K b - - 4 31	f5g3 h1g1 h3f1 f3f1 g3f1	1725	0g0p101g
S4kms	r1bq1rk1/pp3ppp/8/2b2P1Q/2B5/2P1p3/PP4PP/RN3R1K w - - 0 16	f5f6 g7f6 h5c5	1725	010j191o
SAeLy	4Qbk1/1p3p1p/p2p2p1/5P2/6P1/1Pr1Bq1P/2P5/4R1K1 w - - 6 34	e8f8 g8f8 e3h6 f8g8 e1e8	1725	050p1013161f1n
SB2FP	5r1k/pp1n4/3qb1PP/3p2N1/3p4/3BP3/P1r2P2/R3K2R w KQ - 0 21	g6g7 h8g8 d3h7	1725	001315191o
SDXGq	5rk1/p1p3p1/2p1p1r1/3p4/1P1P1qPp/2P2PNP/P5KQ/R3R3 b - - 0 25	f4f3 g2g1 h4g3	1725	0g191o
SHxPj	8/2p2p2/ppp3k1/P4p1p/1PP2P1K/8/8/8 w - - 0 42	b4b5 c6b5 c4b5 a6b5 a5a6 b5b4 a6a7	1725	000g0p1e1w
SQoEL	r1r5/1p1nk1p1/p3P2p/3p1Q2/3P4/8/PP1N2PP/6K1 b - - 0 27	c8c1 d2f1 a8f8	1725	0d0g0p1o
TU6yT	6k1/2p2pp1/4p2p/p2b4/8/qP2BPP1/P1Q1P2P/6K1 w - - 0 24	e3c5 d5b3 a2b3	1725	010p1o
TmKmV	3r1r2/6k1/p7/8/P1Q2P2/1P5P/3p2PK/3Rq3 w - - 5 34	c4c3 f8f6 d1e1 d2e1q c3e1	1725	010p101g1y
WOxFb	r3r1k1/pppq1pbp/2np2p1/3Q2B1/2P5/7P/PP2B1P1/R4RK1 w - - 1 19	e2g4 e8e5 g4d7 e5d5 c4d5	1725	0110191t
WqONO	8/pp2r1p1/1k5p/2p5/2Pp1Q1P/KPq5/P7/8 w - - 1 36	f4d6 b6a5 d6c5 b7b5 c5b5	1725	0i0p0s101316
Y8fcf	r7/2k1bpp1/1R5p/2p5/2N1P3/6P1/2P2P1P/6K1 b - - 0 34	a8a4 b6b2 a4c4	1725	010p1o
YAvI0	1k1r2q1/Ppp5/3p4/1P3Q1B/8/4n3/6PP/5R1K b - - 0 36	b8a8 f5f3 e3f1	1725	0g0p1o
YmTCu	r2Brbk1/3b1p1p/p2p2p1/1ppNp3/4P3/P2P1nP1/BPP2P1R/2KR4 w - - 1 22	d5f6 g8g7 h2h7	1725	0s1315191o
ZmWsX	r1b3rk/pp1q1Q1p/5p2/2p5/3bP2B/8/PP3PPP/3RR1K1 w - - 4 18	h4f6 d4f6 d1d7	1725	0g0y191o
a7Ins	1k4r1/1p6/8/pR3Q1p/P1Nr1P2/1Pq3P1/2Pn2K1/8 w - - 3 37	f5e5 b8a8 b5a5	1725	0g191o
ak7rL	2r1kb1R/4np2/p3p1p1/1p1pP3/n1q2PP1/1P6/P1PQNBB1/1K6 b - - 0 23	c4e2 d2e2 a4c3 b1b2 c3e2	1725	01050s1011191n
anhMK	3r2k1/pp3p2/2p1pqp1/7p/2P1P3/2P2B2/P2r2N1/1RB2Q1K b - - 1 28	d2d1 f1d1 d8d1	1725	0g191g1o
b11Xs	r1bq1r1k/pp2b1pp/2p5/3pNp2/2nPn3/P1NQP2P/1PB2PPB/R3R1K1 b - - 9 16	c4b2 d3e2 e4c3	1725	010b191o
bTEN1	8/R5pk/8/5KP1/5P2/8/p7/r7 w - - 0 44	g5g6 h7h6 a7a8 a1b1 a8h8	1725	0p1013161m
bTh4O	5rk1/5p1p/P2Q2p1/4b3/1Rq5/8/4rPPP/5RK1 w - - 3 25	d6f8 g8f8 b4c4	1725	01191o
cB9ff	r6r/1pp2pk1/5qP1/p1Pp4/8/3BP3/b1P1QP2/2KR3R b - - 0 22	h8h1 d1h1 f6a1 c1d2 a1h1	1725	0110191p
ekwwa	r2qkb1r/pp3pp1/2p1P3/8/2Bp4/3P1Pp1/PPP3P1/RNBQR1K1 b kq - 0 13	h8h1 g1h1 d8h4 h1g1 h4h2 g1f1 h2h1 f1e2 h1g2	1725	050i0y1318191n1w
fZtiF	2k1r3/ppp2b1Q/3p1qp1/3P4/2P1p3/1P6/P5PP/R3R1K1 b - - 0 24	e8h8 h7h8 f6h8	1725	010p1o1t
ffAUS	r6r/pppk1p1p/6p1/2P5/1R1BP3/3b2P1/5PBP/6K1 w - - 0 23	d4h8 a8h8 b4d4	1725	010d0p1o
gA6ps	rn1qkb1r/1b1p4/p3pp1p/1p2B1p1/3Nn3/1B6/PPP1QPPP/RN2K2R w KQkq - 0 12	e2h5 e8e7 d4f5 e6f5 h5f7	1725	101316191n
gQwC5	3R4/1R4pk/7P/8/p4p2/P4P1K/1P2r3/6r1 b - - 0 42	g1g3 h3h4 e2h2	1725	0p13151m1o
gUiae	1kr5/2p2n2/Pp1pNq2/1P1P1p2/4n1p1/5pp1/7P/R1Q2RK1 w - - 2 35	a6a7 b8a8 c1c6	1725	001315191k1o
gnflU	1R6/5pkp/5qp1/2Q5/8/7P/P3rPP1/6K1 b - - 2 33	e2e1 g1h2 f6f4 g2g3 f4b8	1725	0g0p0s1011
hkJC4	4rnk1/pp3ppp/8/1N1p2q1/3P1N1P/4P3/PQ2bK2/3RR3 b - - 0 26	g5h4 f2e2 h4h2 e2f3 h2b2	1725	0g101112191n1p
iOm7u	6k1/1p2qpp1/p3p1p1/2P3Nn/BP6/P2n1RQP/1r1r2P1/5RK1 w - - 4 33	g3b8 e7f8 b8f8 g8f8 f3f7 f8g8 f7f8	1725	050y1317191w
iQMYI	8/1p3ppk/5q1p/pQ6/P2b4/2B5/5PPP/7K w - - 0 33	b5d3 f6g6 d3g6 h7g6 c3d4	1725	010p10
jBVoG	r4rk1/p2b2pp/1p6/3pnpq1/1Qp5/P1P1P3/1B2BPPP/R4RK1 w - - 0 20	f2f4 g5h6 f4e5 h6e3 f1f2	1725	010s1019
jXqKg	r2qk2r/pp3ppp/2pb1n2/3p1b2/3Pn3/2NBPP1P/PP1N2P1/R1BQ1RK1 b kq - 0 12	e4c3 b2c3 f5d3	1725	0g0j1c1o
jiOGK	r1bq2k1/p2n1ppp/2r2n2/3B2B1/3PN3/8/PP3PPK/R2QR3 b - - 0 16	d8c7 h2g1 f6d5	1725	010w191o
kqfPw	4r1k1/p4pp1/2pB3p/4np2/8/2PR1P2/P5PP/6K1 w - - 0 27	d3e3 f7f6 f3f4 e5f3 e3f3	1725	010p10
lPHFy	4R3/5k2/6p1/8/5K2/5p2/8/8 b - - 0 73	f3f2 e8e3 f2f1q	1725	000g0p1h1m1o
m6EHD	3k1nr1/R7/1pp5/4p1n1/NPP1Pp1P/8/P3BP2/6K1 b - - 1 29	g5f3 g1f1 g8g1	1725	0k0m0p13151o
mJROe	r1bq1rk1/ppbp1ppp/2n1p3/3nP3/2NP4/P2B1N2/5PPP/R1BQ1RK1 w - - 5 13	d3h7 g8h7 f3g5 d8g5 c1g5	1725	01050y101c1n
mf2au	8/1p4p1/1p2R2p/3p2kP/2bN3R/2P5/r2r2P1/1K6 w - - 2 29	d4f3 g5f5 e6e5 f5f6 h4f4	1725	0p0s101316
nOplF	6k1/R5p1/p4p1p/3Nr3/3Rp3/1P1bP1P1/r5PP/4K3 w - - 0 32	d5f6 g7f6 d4d8 e5e8 d8e8	1725	0d0p1013161n
nsuZA	kn2r1r1/1R5p/P1p2p2/3p4/3P4/2P2Nqb/1Q4PN/R4nK1 w - - 0 33	b7a7 a8a7 b2b7	1725	051315191k1n1o
o7WSp	r1b2rk1/ppp1qppp/2np4/2n1P3/8/3BPNQ1/PPP3PP/RN3RK1 w - - 0 11	d3h7 g8h7 f3g5 h7g8 g3h4 e7g5 h4g5	1725	01050y1c1l1n1w
pN4Lr	2kr3r/pppq1pp1/1bn1bn1p/4N3/Q1BP1P2/2P5/PP1N2PP/R1B1R1K1 b - - 5 14	c6e5 a4d7 e5d7	1725	01191g1o
ptFRY	2rr2k1/pp3pp1/1q5p/3n1P2/Q7/B3P2P/PP3P2/1KRR4 b - - 2 24	d5c3 c1c3 d8d1 a4d1 c8c3	1725	010i0j0w10191g1k
q4l0D	1b1rr2k/ppq2p2/2p3p1/2Pp1P2/3Pp1p1/4P2P/PP2K1P1/R3QR2 w - - 0 29	e1h4 h8g8 f5f6 e8e6 h4h6 e6f6 f1f6	1725	010y191w
rWDoU	Q7/5r1k/3q2p1/2pP2Rp/5p2/7P/1pB3P1/4r1NK w - - 0 38	g5h5 h7g7 a8h8	1725	1315191g1o
sv3S5	4r1k1/p4pp1/8/1R4p1/2P5/P2p2Pb/3RPP1P/7K b - - 1 32	d3e2 d2e2 e8e2	1725	000g0p1o
tCNoK	6k1/5p2/6p1/pp1B4/7p/1PP1q2P/2Q4K/8 b - - 1 34	e3e5 h2g1 e5d5	1725	0g0p0s1o
tUaci	4r1k1/2R3bp/1p2r1p1/8/pP1pp3/P5P1/1Q1BqPBP/6K1 w - - 0 29	c7g7 g8g7 d2h6 g7h6 b2e2	1725	01050j0y10191g1n
tZNfz	r2q1rk1/pp1b1p1p/2n1p1p1/1N1pP1bQ/5B2/3B3P/PP3PP1/3R1RK1 w - - 0 16	h5g5 d8g5 f4g5	1725	01191o
uEeWX	r4rk1/1R3ppp/5n2/p2pNp2/2nP4/3QPP2/q1N3PP/5RK1 w - - 0 21	f1a1 c4e5 d4e5	1725	01191o
uhtwZ	rn4nr/ppp1qQpp/2k1b3/3p4/4p3/1PB1P3/P1P2PPP/R3KB1R w KQ - 0 13	f7g7 e7g7 c3g7	1725	011c1o
ujdtD	8/7p/6p1/2k5/7P/4K3/5P2/8 w - - 1 50	e3f4 c5d6 f4g5	1725	0g0p111e1o
uzCd3	r2r2k1/1b2qppp/pp6/2B5/2B5/5P2/PP1R2PP/R2Q2K1 b - - 0 23	e7c5 g1h1 d8d2	1725	010s191o
v0srg	2kr1b1r/pp3p1p/2p5/4Bb2/2B5/8/PPP1KPPP/R6R b - - 2 14	d8e8 f2f4 f7f6	1725	01191g1o
w9PaE	8/p1r5/1p1kp3/1P4R1/P6p/7P/r5P1/6BK w - - 0 35	g1h2 d6d7 g5g7	1725	010p1o
wFpcs	2r3b1/5pp1/R3p2p/1k2r2P/2p1P3/1pP5/4B1P1/3R2K1 w - - 4 38	d1a1 b3b2 a1a5	1725	090p13151l1o
wTcz4	8/8/1p2k1p1/pPp3p1/P1P1KpPP/5P2/8/8 b - - 0 39	g5h4 e4f4 g6g5	1725	0g0p1e1o
wwr8Z	r1b1n1k1/4p2n/pp1pPr2/2pP4/P1P3q1/3Q2P1/1PB3P1/5RK1 w - - 0 38	d3h7 g8f8 f1f6 e8f6 h7f7	1725	0r0y10131619
x12hK	R7/5r2/4k3/pp6/8/5R1P/r4P1K/8 w - - 3 47	a8a6 e6e7 a6a7	1725	0g0p1m1o
xQv1w	r2qkb1r/pp3ppp/2n1pn2/2pp2B1/3P2bN/2P1P3/PP1N1PPP/R2QKB1R w KQkq - 2 8	g5f6 d8f6 d1g4	1725	0b0g111c1o
xgdNk	8/2pN1k2/pp3P2/8/8/1PP1r3/rP4RK/8 w - - 2 36	g2g7 f7e6 g7e7 e6d6 e7e3	1725	0g0p0r101p
yAkiD	8/p4kbp/6p1/4P3/8/2p1K3/6PP/2R5 b - - 0 45	g7h6 e3d4 h6c1	1725	0g0p1o1p
zjSMe	r3r1k1/1pq1bppp/4p3/1p1pP3/1P1N1P2/n7/2P2BPP/R2QR2K w - - 0 22	a1a3 a8a3 d4b5 c7c6 b5a3 e7b4 e1e3	1725	01050b0h0s191w
zpTMG	1q4k1/2p4p/p1p1rppB/3p4/8/1BN4P/PPP2PP1/R5K1 w - - 4 26	c3d5 c6d5 b3d5 g8f7 a1e1	1725	010p101g
13fgx	r3r1k1/ppp2p1p/3p2p1/1q3PB1/7P/1B1n4/PbQN1PP1/1R1K1R2 b - - 4 19	e8e1 f1e1 d3f2	1726	0i1315191n1o
17Yc2	r2qkb1r/pp1b2pp/5p2/1B1Q4/8/4B3/PPP2PPP/R3K2R b KQkq - 0 12	d8a5 c2c3 a5b5 d5b5 d7b5	1726	011019
1AjDZ	5rk1/p1q3pp/b7/8/3N4/3NB1nP/PP4PK/R2Q4 b - - 0 24	g3f1 h2g1 c7h2	1726	0k0m1315191o
1CRkD	rnbqk2r/pp3ppp/2p1p3/6B1/1bPPn3/8/PP1N1PPP/R2QKB1R w KQkq - 0 9	g5d8 b4d2 e1e2	1726	011c1o
214sG	r6r/p1pk3p/b1pq1p2/6B1/8/5Q1P/PPp2PP1/4R1K1 w - - 0 19	f3f5 d7d8 g5f6 d6f6 f5f6	1726	0g0s0w1019
2oCCO	r5k1/pp4bp/3p2p1/2pPp2r/2P2B1q/2N2Q2/PP3P2/R3NRK1 b - - 2 21	e5f4 f3g2 h5g5	1726	0g11191g1o
3OHzw	7k/1p4p1/p3pq2/3p4/1P6/P2B2PP/4QP1K/2r5 w - - 1 32	e2h5 h8g8 h5e8 f6f8 d3h7 g8h7 e8f8	1726	0g0i0p1g1w
4Ij7A	r2q1rk1/p3b1pp/1pbp1n2/5p2/3Q1P2/2N5/PPP1B1PP/R1B2R1K w - - 0 15	d4c4 g8h8 c4c6	1726	010s1c1o
4L2Ev	2rr2k1/p4ppp/3pb3/qB6/3N4/1Pn1R3/P2Q1PPP/2R3K1 b - - 6 20	c3e2 e3e2 a5d2 e2d2 c8c1	1726	010b0j1019
7bG7r	1r3rk1/R2R4/1q2p1pP/4b3/4pB2/7P/2P2PK1/8 w - - 0 30	h6h7 g8h8 f4e5 f8f6 e5f6	1726	000r0s10131619
7tzpu	5R2/7p/R3p3/4k1p1/8/4qP2/6PK/8 w - - 2 47	a6e6 e5e6 f8e8 e6f5 e8e3	1726	050g0p101j1n1p
850D4	5k2/3r1p2/4nQBN/8/7P/8/3q1PPK/8 w - - 1 40	f6h8 f8e7 h6f5	1726	0p13151o
8yau9	3r2k1/pq1r1pbp/6p1/1pB1n3/4P3/P1P3P1/1P2BPKP/2QR1R2 b - - 0 23	b7e4 g2g1 e4e2	1726	0g0s191o
BcpiJ	rnb1r1k1/ppp2pbp/3q1Bp1/8/2P1p3/2NBP3/PP2NPPP/R2Q1RK1 b - - 0 11	e4d3 f6g7 d3e2 d1e2 g8g7	1726	0001101c
CBCRW	6k1/ppR5/8/2p5/5p2/2P1nN1P/PP4PK/3r4 b - - 4 33	e3f1 h2g1 f1g3 f3e1 d1e1 g1f2 e1f1	1726	0j0k0p0u13171w
Celia	r6r/p3nkpp/1p2bp2/1B6/P7/4PN2/6PP/2R2RK1 w - - 1 20	f3g5 f7g6 g5e6	1726	0g0i191g1o
D1H1F	r1bqk2r/pppnbppp/8/4n3/2BN4/8/PPP3PP/RNBQ1RK1 w kq - 0 10	c4f7 e5f7 d4e6 d7e5 e6d8	1726	0104101c1n1t
EFDi7	8/1Q1R1rk1/1p4qp/1P4p1/6r1/P4N2/4nPP1/5R1K b - - 2 36	g6h5 f3h2 h5h2 h1h2 g4h4	1726	0205101316191n
EbvEL	3r2k1/pp3pp1/7p/2B5/1PK5/P1R1P3/1q3P1P/5Q2 b - - 8 30	b7b5 c4b5 b2c3	1726	0g0i0p1o
Emh4X	2r3k1/p2R1p1p/p5pP/8/1K4P1/P1r1PP2/8/6NR b - - 3 24	c8c4 b4a5 c3a3	1726	0i0p13151o
Emhh5	r1b2k1r/p1p2ppp/2B5/2bpP3/4N2q/3Q4/PPP3PP/R1B2K1R b - - 0 13	d5e4 c1e3 e4d3 e3c5 f8g8	1726	0g101c
F9bav	8/7p/2Q5/5p1k/1P4q1/8/6P1/7K w - - 2 58	c6f3 g4f3 g2f3	1726	0g0p1g1i1o
GEBE2	1r4k1/6p1/1r6/2q1P3/p4PQP/P2p4/1P1R4/1K4R1 b - - 6 44	b6b2 d2b2 c5c2 b1a1 c2b2	1726	050p1013161g1n
GpTm2	8/8/1p4pp/p1p2p2/P1P2PPP/1P3K2/7k/8 w - - 1 47	h4h5 f5g4 f3g4	1726	0g0p111e1o
H3Ayk	6k1/p3r1p1/2p5/4q1B1/2P3p1/5p2/PP2nPPP/R2Q1N1K b - - 0 27	f3g2 h1g2 e5e4 f2f3 e4f3	1726	00050y10131619
Hi2Zk	6k1/8/1p1r3p/pPqbbBpQ/P4p2/8/4N1PK/4R3 w - - 4 36	h5e8 g8g7 e8e5	1726	010s191o
HvrzW	r1r3k1/1p4p1/5p1B/4pQ1P/1R6/p1P3P1/qP3P2/2KR4 b - - 1 28	a3b2 b4b2 c8c3 c1d2 a2b2	1726	000g0i10191k
JhDQQ	4rkr1/2p1Rb2/p5qp/1p2Q1p1/8/1P6/PP3PPP/4R1K1 w - - 3 25	e7e8 f7e8 e5e7	1726	0d1315191o
JpK4w	5r1k/b4r2/6Qp/1pp1P3/3p2R1/PP1P1q2/1BR5/6K1 w - - 2 42	g6h6 f7h7 h6h7 h8h7 c2h2 f3h3 h2h3	1726	050r1317191n1w
JzGBp	rnbqk2r/ppp2ppp/3b4/6B1/8/5N1P/PPP1PKP1/RN1Q1B1R b kq - 1 7	d6g3 f2g3 d8d1	1726	010j1c1o
K9QSy	8/5k1p/p1Pb2p1/1p3p2/5P1P/3K2P1/PB6/8 w - - 0 33	b2e5 f7e6 c6c7 d6c7 e5c7	1726	00080g0p10111y
LccAH	r4r2/p4p1k/1p1pqPpp/2p5/6R1/4Q3/2P2K1P/6R1 w - - 2 35	e3h6 h7h6 g4h4	1726	050p13151n1o
Mr0ng	8/5k2/1q1p1r2/p3p3/Pp5Q/1r1p3P/5PP1/R2R2K1 w - - 0 45	h4c4 f7e7 c4b3	1726	0g0p0s1o
N35h1	4r3/pp3p2/2p1r1k1/3pR2p/3P1P2/1P6/P6P/4R1K1 w - - 1 30	f4f5 g6f6 f5e6	1726	0g0p0s1m1o
N4M3n	r3r1k1/pp3pp1/2pn2Bp/3p4/3B3q/P4P1P/1PP3P1/R2QR1K1 b - - 0 22	e8e1 d1e1 h4d4	1726	0g0s191o
N686I	3b1k2/1R5p/2pNp2r/P1PpBp2/3P1P2/P1q3pP/6Q1/6RK b - - 0 34	h6h3 g2h3 c3f3 h3g2 f3h5 g2h2 h5h2	1726	0r0y1317191n1w
Nk3i9	5r1k/1pn3p1/p1p4p/P4p2/2qB4/2P1Q3/4R1PP/6K1 w - - 0 32	e3h6 h8g8 h6g7	1726	0p13151g1o
O5QLm	5r1k/6pp/4Q3/qpR1P3/8/1P4P1/PB5P/7K b - - 0 25	a5e1 h1g2 e1f1	1726	0p13151o
OB5rm	2b2r1k/4qrb1/p2pp1pB/1pp5/4P3/P1PP3P/BP1Q2P1/R4RK1 b - - 0 24	f7f1 a1f1 f8f1 g1f1 e7f8 d2f4 g7h6 f4f8 h6f8	1726	01050y191w
Oem0D	r2qk2r/1ppb1p1p/p1np2pB/4b3/P1B1P3/2N5/1PP2PPP/R2QR1K1 b kq - 1 12	d8h4 g2g3 h4h6	1726	0g1c1o
Pxs8R	1r1r3k/6p1/p2bB1Pp/1p1Nn3/2p1P3/8/PPP5/2K3RR w - - 0 30	h1h6 g7h6 g6g7 h8h7 d5f6	1726	000f0y101316191n
QG5qs	5rk1/pp4p1/2pqb1pp/3p2r1/8/5PN1/PPPQ2PP/4RRK1 w - - 0 28	g3e4 d6e7 e4g5	1726	01191o
QfuCp	8/8/1r2Bp2/5P2/2K5/3Rb3/4k3/8 b - - 28 69	b6c6 c4d5 c6c5 d5d6 e2d3	1726	0g0p10
RWgWL	5r1k/r6p/p4p2/2R1P1R1/8/1p6/q5PP/5QK1 w - - 0 27	f1f6 f8f6 c5c8 f6f8 c8f8	1726	0p1013161n
Sy2Nt	4r1k1/Q4ppp/2q1n3/1p3N2/6P1/2bRB2P/2P2P2/6K1 w - - 0 27	f5e7 e8e7 a7e7	1726	010s11191o
TGpgG	r1b2rk1/pp3ppp/2nqp3/3N2b1/2B5/5N2/PP3PPP/R2Q1RK1 w - - 0 13	d5f6 g5f6 d1d6	1726	0g0j111c1o
UPpES	4R3/8/k1r5/1p6/pb1B4/4R3/5r2/1K6 w - - 2 55	e8a8 a6b7 a8a7 b7b8 e3e8 c6c8 e8c8	1726	0g0p1w
UWVjC	r4rk1/pppq1pp1/2Pb1n1p/8/2P5/3B1N1b/PP3PP1/RNBQ1RK1 b - - 0 11	d7g4 f3h4 g4h4	1726	0g191g1o
UcxEr	8/6pk/1R3p2/r6p/8/5KP1/p2rNP1P/R7 b - - 1 32	a5a3 f3g2 d2e2	1726	010i0p1o
WOjmK	5k1r/pBR1R1p1/1q6/5p2/Q2r1Bn1/P5Pp/1P3P1P/6K1 b - - 0 24	d4d1 a4d1 b6f2 g1h1 f2h2	1726	0j0y101316191n
XD6rz	1Q6/R7/8/2N5/P2P4/4nk2/r7/6K1 b - - 0 53	a2a1 b8b1 a1b1 g1h2 e3g4 h2h3 b1h1	1726	0p0r13171w
YGMZN	rnb3k1/1p1p2rp/pPp1p2n/P3Pp2/3P1P1q/2N4N/2PQB1PK/R4R2 b - - 0 24	h4g3 h2g1 g3g2	1726	1315191o
YORfi	6r1/5k2/1p1b1pNp/1b1Q3P/3P4/1Pq2N2/7P/3K3R b - - 0 33	f7g7 d5b7 d6c7	1726	0111191o
YjWiy	2krr3/Qpp2ppp/3q1n2/8/1P6/P1N2N2/5KPP/R1B5 b - - 0 17	f6g4 f2g1 d6d1 c3d1 d8d1 f3e1 d1e1	1726	1317191n1w
ZCRTp	r1bq4/p1pkb3/2p3p1/3pQ1p1/8/7P/PPP2PP1/RN2K2R b KQ - 2 16	e7f6 e5e2 f6b2	1726	01191o1p
ZjUsL	3q2k1/1r3p2/6pp/8/1pPpr3/6QP/1P3RP1/5RK1 w - - 0 37	f2f7 b7f7 g3g6 f7g7 g6e4	1726	010b0p0s10111n
ahXbF	r1bq1k2/ppp3pQ/2nr2P1/3pp3/3P2P1/B1P5/P1P5/R3K3 w Q - 3 20	h7h8 f8e7 h8g7 e7e6 g7f7	1726	0i101316191g
asvgX	8/1pp1Q3/8/1p6/5kb1/2P3q1/PP1KB2r/8 w - - 2 45	e7c7 f4e4 c7g3 h2e2 d2c1	1726	010i0p0s101p
c4doJ	6k1/4ppb1/3pq1p1/2p3B1/2P1P1P1/3n3P/Rr2Q1B1/7K w - - 0 27	a2a8 g8h7 e2d3	1726	0111191o
cFXWN	r1b1r1k1/ppp4p/2nq2p1/3pn1N1/5B2/3BP2P/PPP2PP1/R2QK2R b KQ - 4 13	e5d3 d1d3 d6f4	1726	010j1c1g1o
cQ8dx	r5k1/pp3q1p/3p2r1/2p4Q/4P3/1PNB1P2/P4Pn1/2K1R3 w - - 2 24	d3c4 f7c4 b3c4	1726	01191g1o
d5cg9	4Q3/p3R3/1pp2p1k/3p4/7P/5qr1/PPP5/1K6 w - - 6 32	e8h8 h6g6 h8h7	1726	0p13151o
dhtpt	r1b1k2r/p2p1ppp/1p2pn2/8/2PpN3/BP1P4/P5PP/4KB1R w Kkq - 2 15	e4d6 e8f8 d6c8 d7d6 c8d6	1726	010j0k1019
drUre	rn2kb1r/ppp2p1p/5P2/8/2q2pb1/5Q2/PPP3PP/RNB2R1K w kq - 1 12	f1e1 g4e6 f3b7 e8d7 b7a8	1726	01101c1t
fD70H	r1b2r1k/ppp3p1/3b3p/4q3/8/1QP1N1P1/PP2BP1K/R1B2R2 b - - 0 20	f8f2 f1f2 e5g3 h2h1 g3f2	1726	050g0s10191n
hldKz	1r4k1/p4ppp/K1pQ4/8/2P5/2q5/P5PP/R6R b - - 0 26	b8b6 a6a7 c3a5	1726	0p13151o
htjPA	r4rk1/ppq3b1/2p1b1pp/2n1pp2/1PP5/P2BPN2/1BQ2PPP/R2R2K1 b - - 0 17	c5d3 c2d3 e5e4	1726	01191o
jcQI8	8/8/8/2p1r1p1/2r2k2/2PR1p2/2P2K2/6R1 w - - 4 53	d3f3 f4e4 g1g4 e4d5 f3d3 d5e6 g4c4	1726	0g0i0p1m1w
kNYK1	8/7p/6pP/2p5/3k1PP1/2p5/2K5/8 w - - 1 53	f4f5 g6f5 g4g5	1726	0g0h0p1e1o
kwpSz	6r1/6qk/4Q2p/4pR2/4P3/P2P2PP/5r2/5R1K b - - 1 33	f2h2 h1h2 g7g3 h2h1 g3h3	1726	050i0p0r1013161n
lHjo4	3R4/p1Q2pk1/4b3/8/8/PPN5/KNq4r/1R6 b - - 0 36	c2b3 a2a1 b3a3 c3a2 a3a2	1726	0i10131619
mC0ut	r1r3k1/p3bppb/p1R1p2p/3p4/Q2P4/P3PN2/1q1B1PPP/5RK1 w - - 2 17	c6c8 a8c8 a4d7	1726	010d191o
oUwZQ	8/3r4/1R2p1pp/5p2/4kPPP/6K1/8/8 w - - 1 50	b6e6 e4d5 e6g6	1726	0g0p1m1o
pPGAs	r1b2rk1/1p4p1/p3pp2/7Q/8/P2B2q1/6P1/R6K w - - 4 32	d3h7 g8h8 h7g6 h8g8 h5h7	1726	0j0k10131619
paTCh	2b1r1k1/1r3p1p/6p1/pNppq3/P7/2P5/4B1PP/R1Q2RK1 b - - 1 22	e5e2 b5d6 b7b2	1726	010h0t191o
qsQnO	4r1k1/2p2pp1/p1pb3p/3P4/3P2b1/1B4Pq/PP3P1P/RNB2QK1 b - - 1 17	h3f1 g1f1 g4h3 f1g1 e8e1	1726	050y101316191f
qyqP8	r1b1r3/1pp1kp1Q/p1n1pq2/8/3P4/2PB1NP1/PP3PP1/2K4R w - - 3 21	h1h6 e8h8 h7h8 f6h8 h6h8	1726	0g1019
rK3R7	8/5k1p/5pp1/8/4P3/1Q3P2/PP2K1RP/2q4r b - - 5 37	f7g7 b3c3 c1f1 e2e3 f1g2	1726	0g0h0p0s10
ri1dc	2R5/3pq1k1/4n1p1/3BPpNp/7P/8/5PP1/6K1 w - - 1 33	d5e6 d7e6 c8c7 e7c7 g5e6 g7f7 e6c7	1726	050g0i0p0s1g1n1w
sO9Fq	r1b1k2r/1p2pp1p/5bpB/8/p1B5/8/P4PPP/q2QR1K1 w kq - 0 19	c4b5 c8d7 d1d7	1726	1315191o
tgUzP	r1b2r2/pp5k/6pp/8/3qN2Q/3n3P/PP3PP1/R4RK1 w - - 0 25	e4g5 h7g8 h4d4	1726	0g0j191g1o
u4rxe	r3k2r/ppp2ppp/2nbb1q1/3np3/2B1N3/P2P1N1P/1PP2PP1/R1BQK2R w KQkq - 5 10	f3h4 g6e4 d3e4	1726	0g191o1t
uDnf3	rn1q1r1k/pp3p1p/2b1pb1p/4N3/3P2Q1/2N3R1/PP3PPP/5RK1 w - - 0 18	g4g8 f8g8 e5f7	1726	0f0i0y1315191n1o
urdqJ	r3r1k1/p2q2pp/2b2p2/3p4/1RpPn3/2P2N2/P1Q2PPP/3R1BK1 b - - 3 22	a7a5 b4b1 c6a4	1726	0g191o
wdZz4	4k3/1b3R2/p1qBp3/1p2P3/6N1/1Pp5/P1P1r1P1/6K1 w - - 4 34	f7f8 e8d7 g4f6	1726	0p13151o
wdtkg	8/6pk/7p/4RP1K/6QP/8/6P1/3q1r2 b - - 4 46	f1f5 e5f5 g7g6	1726	0p13151g1n1o
xVuu6	1q1br1k1/5pp1/2b2n1p/p1p2N2/2P5/1P1B2QP/P5P1/R4RK1 b - - 5 22	b8g3 f5g3 e8e3 a1d1 e3g3	1726	010s1019
xiiNy	8/2N2pk1/3p2pp/r7/6PK/3RR2P/6r1/8 b - - 8 35	a5h5 g4h5 g6g5	1726	0p13151n1o
y0ld9	8/8/8/3rk3/2p1N3/5KP1/5P1P/R4b2 b - - 3 44	d5d3 f3g4 f1e2 g4g5 e5e4	1726	010p10
yH9OE	1r1qkb1r/pbp2ppp/1pn1pn2/1P6/P2p4/2PP2P1/2QBPPBP/RN2K1NR b KQk - 0 9	c6b4 c3b4 b7g2	1726	010j1c1o
yU8mq	r2qk1r1/pb3p1p/1npbp3/2p1B3/2P5/1P3N2/P2P1PPP/RN1Q1RK1 b q - 2 12	d6e5 f3e5 d8g5 d1f3 g5e5	1726	01101c
ysmlT	1r3rk1/2qb2pp/2R2p2/p3p3/Q3P3/3N1N2/PP3PPP/4b1K1 w - - 1 23	a4c4 d7e6 c4e6	1726	010y191o
zA0hg	8/7R/1pp1kpNB/1p1p4/3P4/2P4P/5nPK/3q4 w - - 0 38	h7e7 e6f5 g6h4	1726	0p13151o
znpWT	8/pp2b3/1k1pNn2/1r6/1Q5P/1P4P1/P1q5/R6K w - - 4 35	b4b5 b6b5 e6d4 b5b4 d4c2	1726	050g0r0s10191n
0vO0v	1r2r1k1/2pq1pb1/p3bBp1/1p2pnQp/8/2PP2NP/PPB2PP1/R3R1K1 b - - 9 27	g7h6 g5h6 f5h6	1727	0g1112191o1t
0w3tP	5rk1/1RQ2ppp/2B5/4p3/8/2qbP1P1/r4P1P/1R4K1 w - - 1 25	c7f7 f8f7 b7b8 f7f8 c6d5 g8h8 b8f8	1727	060i0s1317191n1w
1sKgd	2kr3r/1p2n3/pP1b1p2/6p1/3PNnq1/1Q3N1p/5P2/R1B1RB1K b - - 1 24	g4g2 f1g2 h3g2 h1g1 h8h1	1727	000k0m0r0y101316191n
1xOmU	5rk1/1R3pp1/7p/8/2B1PPP1/2PP3P/2Q1KR2/5r1q b - - 6 36	f1f2 e2f2 h1h2 f2f3 h2c2	1727	010510191p
2CnFj	1r3rk1/p1pq1p1n/3p3Q/2p2Pb1/4P3/2N2R1P/PPP3P1/R5K1 w - - 3 18	f3g3 f7f6 h3h4	1727	01191g1o
2MUTy	3r1k2/p4p1p/2pq4/4R1QP/P3P2K/5P2/4n3/8 w - - 1 44	h5h6 d6e5 g5e5	1727	0g0p1o
2gMxX	r1b2bkr/6p1/p6p/qp2Q3/4n3/2N5/PPP2PPP/2KR3R w - - 0 17	e5d5 g8h7 d5e4 g7g6 e4a8	1727	0g0s101119
3Gj9n	5rk1/pp1b2pp/4p3/2B1P3/2P5/1P2Q1P1/P1q4P/R5K1 b - - 0 24	d7c6 e3f2 f8f2	1727	0g0p1l1o
3zDnc	4k3/ppprn1Qp/5r2/3B2p1/8/3q4/PP3PPP/2K1R3 w - - 0 26	g7g8 f6f8 d5f7 e8d8 g8f8	1727	0i0r10111316191g
45sTQ	r5k1/5p1p/p3pBp1/3bn3/8/R6Q/1q3PPP/1Br1R1K1 w - - 2 24	h3h7 g8h7 a3h3 h7g8 h3h8	1727	050y101316191d1n
5OYmN	5r2/1pq2pkp/p1r2NP1/3pn3/4P2R/1P6/1PPQ2PK/5R2 b - - 0 26	e5f3 h2h1 f3d2	1727	0g0k0m191o
5pAIg	5k1r/Q3b3/p1qp1n2/4n3/1B6/P7/1PP2PPP/4RRK1 b - - 9 26	e5f3 g2f3 h8g8 g1h1 c6f3	1727	0w101316191n
6vxY9	2k5/8/3R2p1/Q3p2p/4N2P/P2PK1P1/2r5/1q6 b - - 4 42	b1g1 e4f2 g1f2	1727	0g0p1o
94BYN	r5k1/2p2p2/1p3p2/5Nqp/8/2P1pPPQ/3rP1KP/4R3 w - - 4 32	f3f4 g5g6 f5e7 g8g7 e7g6	1727	010p0s1011
9N3ht	1r3rk1/1pp2ppp/p4q2/4nN1Q/8/1P5P/P1PP1PP1/R4RK1 b - - 3 19	g7g6 f5h6 g8g7 h6g4 g6h5 g4f6 g7f6	1727	010s191w
9X2G0	3r2k1/2q2p2/2pbpnBB/3n4/3Pp1Q1/6P1/r4P1P/1R2R1K1 w - - 1 24	g6h7 g8h7 g4g7	1727	050k0m0y1315191n1o
9czjy	6r1/bp1b2rk/2p1p1np/p1PpPp1q/N4P2/P2BQ1PP/1P3P1K/2R1R3 w - - 11 39	d3e2 g6f4 e2h5	1727	0111191o1t
9pKZP	r1bBr1k1/pp3ppp/2p5/2bn4/2B1n3/5N2/PP2NPPP/R2QK2R b KQ - 0 13	c5f2 e1f1 d5e3	1727	0413151c1o
BpJaQ	r2q1rk1/1p2ppbp/1B1p2p1/1B2n3/N3P1n1/1N6/PPPQ3P/R3K2R b KQ - 2 14	e5f3 e1e2 f3d2 b6d8 d2b3	1727	010s101119
CrGw2	r1bq1rk1/1pp2pp1/p1np1nQp/b7/8/1BP2N2/P4PPP/RNB2RK1 w - - 0 14	c1h6 f6e8 f3g5	1727	0g1c1g1o
DSBgu	r1b2rk1/ppp2pp1/2nb3p/3qp3/2P5/3P1N1P/PP1QBPP1/R3K2R w KQ - 0 13	c4d5 d6b4 d5c6	1727	0g0t191o
GrFNw	2rr2k1/2qn1p2/p3p1p1/1p4Pp/4Nb2/P1B4P/1PP1Q3/3R1RK1 w - - 2 24	d1d7 d8d7 e4f6 g8f8 f6d7 c7d7 f1f4	1727	050g0s191n1w
Gzt04	8/1kr5/p3pQ1p/1p1pP3/3P1PP1/1R3R1P/2q5/4K3 b - - 1 35	c2c1 e1f2 c7c2 f2g3 c1e1 f3f2 e1f2	1727	0p0r13171w
HCoXK	8/1RP4p/P6k/1P4p1/2B2p2/5bPK/3r4/8 b - - 0 47	g5g4 h3h4 d2h2	1727	0p13151o
J3Dpz	2r2rk1/p1p2Np1/1p2p1B1/5p1P/5qb1/2Q5/PP6/K5R1 w - - 2 28	h5h6 f8f7 g6f7 g8f7 c3g7	1727	050g1019
JY8n6	rnb1kbnr/pp2pppp/2p5/8/2Q5/2N2N2/PPqP1PPP/R1B1KB1R w KQkq - 0 7	f1d3 c2d3 c4d3	1727	0g1c1o1t
JaCJ7	5B2/7k/2p2K1P/r5P1/8/8/1p6/8 w - - 0 58	g5g6 h7h8 f8g7 h8g8 h6h7	1727	000p0r101316
JrE5b	5r2/pp3p1k/7p/4N3/6Q1/8/rq4PP/5R1K w - - 2 30	f1f7 f8f7 g4g6 h7h8 e5f7	1727	050f0p0s0w1013161n
Jxmq7	r3r3/6pp/p1pQ1nk1/3p4/8/5R2/PPqN1PPP/R1B3K1 b - - 0 17	e8e1 d2f1 e1f1 g1f1 c2d1	1727	050y101316191n
KOw8A	Q1b3k1/p1p2pp1/1p2p2p/2P1P3/5P2/P1q5/2pr1BPP/R1R3K1 b - - 0 23	c3a1 c1a1 d2d1 f2e1 d1a1	1727	050g10191g1n
KcTzD	k1rr4/p7/4n1Rp/2N5/1P6/8/P5PP/2R3K1 b - - 1 27	e6f4 g6h6 f4e2 g1h1 e2c1	1727	010p0s10
L3qGJ	3r4/5pkp/p3p1p1/8/1PN5/P1R2P1P/3n1KP1/8 b - - 0 31	d8c8 f2e3 d2c4	1727	010p1o
MN6RA	r5k1/pb4pp/1p1b4/3pq3/P7/1P1BPQ2/6PP/2R2RK1 b - - 0 25	e5h2 g1f2 a8f8	1727	0g191g1o
Nj5Cj	r1bqrbk1/pp1n1pp1/2p3P1/2Pp4/1P1P4/2NpP3/P2B1PP1/2RQK2R w K - 0 17	h1h8 g8h8 d1h5 h8g8 g6f7	1727	00050y101316191n
OIsQU	r1q3k1/2pprp1p/p5pB/1p1bP1N1/1n6/5Q2/Pb3PPP/RN1R2K1 w - - 0 20	f3f6 b2e5 f6e7	1727	01191o
PFvk5	5rk1/2q3b1/1p1p2Q1/3P4/p5r1/P1PB4/1P6/1K1b2NR w - - 1 29	h1h8 g8h8 g6h7	1727	051315191g1n1o
PKg0u	1k4r1/ppp2p1p/2b5/8/2P4P/1P2Q3/P3KPr1/R7 b - - 0 25	g8e8 e3e8 c6e8 a1d1 b8c8	1727	010h0p101g
PjaFe	8/4k2B/5ppp/4b3/4P1P1/5K1P/8/8 b - - 1 45	e7f7 h3h4 f7g7 h7g6 g7g6	1727	080g0p10111t
R5vJr	r3r2k/pppb1ppp/4p3/4n2N/3q3P/3B4/PPPQ2P1/1K1R3R w - - 2 19	d2g5 d4g4 g5e5	1727	01191o
RTkGA	r1bq2k1/pp4pp/2p1p2r/3p4/2PPBPp1/2N1P3/PP2QP1P/R5RK b - - 0 16	h6h2 h1h2 d8h4 h2g2 h4h3	1727	050y101316191n
RbcDS	2k1r3/ppp2ppp/8/3N4/6r1/3Rb3/PP2KPq1/3R4 w - - 0 24	d5e7 c8b8 d3d8 e8d8 d1d8	1727	0610131619
Snzw4	8/8/4bppp/4p3/1k2P3/pBN1nPP1/2P4P/2K5 w - - 5 41	c3a2 b4c5 b3e6	1727	010p1o
TuedB	r1b3k1/p1p3b1/1p1p2Qp/3Pq1pB/2P5/7P/PP4P1/5RK1 w - - 2 31	f1f8 g8f8 g6f7	1727	050y1315191g1n1o
UuWfp	1r1k3r/p1R3p1/B1p4p/3pb3/3P2b1/P3Q1P1/2P4P/1R4K1 b - - 0 24	b8b1 g1g2 e5c7	1727	010t0w191o
V1hnE	6r1/2p2p2/kp2q2p/3pPp1P/2PP4/3Q4/7P/2B4K w - - 0 29	c4d5 a6b7 d5e6	1727	0g0j0k0p1o
WHD6Q	r3r1k1/ppp1R1pp/5p2/3p4/3P1bq1/2PQ4/PP1N1PPP/4R1K1 b - - 2 18	e8e7 e1e7 g4d1 d3f1 d1d2	1727	010i1019
WMQv3	8/2r4p/3Q2p1/k3p1P1/7P/pPq5/P3B3/1K6 w - - 13 48	d6a6 a5b4 a6b5	1727	0p13151o
WyO9C	3rRrk1/pp3ppp/6b1/q7/5PPN/P6P/1P2Q2K/4R3 b - - 6 26	d8d2 e8f8 g8f8 h2g3 d2e2	1727	0110191g
XouPi	R7/8/P7/5kpp/3p4/3P1K2/r7/8 w - - 3 53	a6a7 f5f6 a8f8	1727	000g0p111m1o
ZAemF	r3k1r1/pp1n1ppp/2p5/3pb2n/7N/1P2P2P/PBPPN3/R2K2R1 w q - 4 18	b2e5 d7e5 g1g5 f7f6 g5h5	1727	010s1019
ZCbD2	5k1r/p1p2ppp/2B1bb2/4Q3/2q5/4B3/PPP2P2/3K2R1 w - - 1 20	e3c5 f8g8 e5f6	1727	0111191g1o
aACqj	4rrk1/1p3ppp/p1b5/3pR3/3N4/2n2B2/P1P2PPP/4R1K1 w - - 8 21	d4c6 e8e5 c6e5	1727	01191o
aUg63	rnb1r1k1/ppp1q1pp/8/3p3Q/8/1PNP4/1PP2PPP/R4RK1 w - - 0 15	c3d5 e7f7 h5f7 g8f7 d5c7	1727	011019
actx5	r2qk2r/ppp2ppp/5n2/4n3/2B1b3/B7/Q4PPP/4K1NR w Kkq - 0 16	c4f7 e5f7 a2e6 d8e7 e6e7	1727	04101316191n
bepXx	r1b3k1/2p2pp1/1p1p1q1p/2p4Q/4n3/P3B2P/1PP2PP1/R4BK1 w - - 0 19	h5d5 a8b8 d5e4	1727	010s191o
cOZ1i	r2q1rk1/1bp1bppp/pp1pp3/8/3P4/2P1nNP1/PP2N1PP/RB1Q1RK1 w - - 0 15	d1d3 e3f5 g3g4 g7g6 g4f5	1727	01101c
cZ39e	1r1r2k1/1b3pbR/p2qp1p1/6N1/1P6/2P4Q/5PPP/5RK1 w - - 8 35	h7h8 g7h8 h3h7 g8f8 h7f7	1727	0d0y101316191n
dMp7B	r2B2rk/p4Qpp/2N5/8/4p3/P7/3q2PP/2b2R1K w - - 5 28	f7g8 h8g8 c6e7 g8h8 f1f8	1727	0506101316191n
dNZ8P	5bk1/1R3R2/5Kp1/2p1P2p/3r1P2/6r1/8/8 w - - 2 45	f7f8 g8f8 b7b8 d4d8 b8d8	1727	050p0r1013161n
duiqB	6rk/5r1P/n3p3/2q1P3/p4P2/P1p5/1P4R1/2K5 w - - 0 42	h7g8q	1727	000p13141b1h
eaw3G	rn3rk1/pp3ppp/8/1N2pbq1/2B1n3/1N2PP2/PPQ3PP/R2R2K1 b - - 0 15	g5e3 g1f1 e4g3 h2g3 f5c2	1727	0g0j0y1019
fujp5	8/1k2r1R1/pn6/2Q4p/8/P3r1p1/KP6/8 b - - 3 41	e7g7 c5e3 g3g2	1727	000g0p111o
gEZzI	8/6pk/4P3/1K3P2/8/8/4r2p/1R6 b - - 3 58	e2b2 b1b2 h2h1q	1727	000g0i0p1h1m1o
gIbcH	4r1k1/6pp/p1p5/3p4/6b1/2NQPr2/PPP1NqP1/3R1R1K b - - 7 26	f3h3 g2h3 g4f3	1727	0d0y1315191n1o
ghMiO	1r4k1/1r1b2pp/2p1p3/p2p1pPP/P1pP1Q2/q1P1PP2/1P1R4/2K2B1R w - - 1 21	f4b8 b7b8 b2a3	1727	0g191o
giVdF	5rk1/6pb/p3p2p/1p1p1p2/1P1P2P1/PN1Qq3/4BR2/6K1 b - - 1 27	e3f2 g1f2 f5g4	1727	0g0j0k0y191n1o
i6S4P	2r3k1/5p1p/3Q2p1/4pb2/4q3/1BP5/PP5P/2KRR3 b - - 3 22	e4b1 c1d2 b1b2 d2e3 c8c3	1727	0g0i1019
j2pXi	3r1rk1/p1pR2bR/1p2n3/4p1q1/8/4P1B1/PPP2P2/4K2Q w - - 2 24	h7h8 g7h8 h1h7	1727	0d0y1315191n1o
kEubk	5k1r/ppq2Bpp/8/2p5/P5b1/1QP3n1/1P1N1RPK/R1B1N3 b - - 0 19	g3f1 h2g1 c7h2 g1f1 h2h1	1727	0k0m101316191n
kgncD	3rn1k1/1p2qpp1/2p1p2R/2bP4/2P3Q1/1P5P/5PP1/rB1R2K1 w - - 0 25	h6h8 g8h8 g4h5 h8g8 h5h7 g8f8 h7h8	1727	050y1317191n1w
kjL2c	2r1r2k/b2N1ppp/p3p3/P2pP3/KPbN4/2P5/5PPP/3RR3 b - - 18 27	a7d4 c3d4 c4b5 a4b3 b5d7	1727	010s1019
l9wpx	2r3k1/5p2/2R4p/1B2P3/3r1np1/P7/1P3PpP/2R3K1 b - - 0 38	c8c6 b5c6 f4e2 g1g2 e2c1	1727	010p0s10
llaCc	5r1k/1p4b1/3Q3p/p3B1p1/P7/5q1P/5P1P/4R1K1 w - - 0 29	d6h6 h8g8 h6g7	1727	0p13151g1o
nZsQE	5rk1/1pq5/pR3bPQ/4p3/1n2P3/1P6/1PP2P2/1K1N1BR1 b - - 0 23	c7c2 b1a1 c2d1 h6c1 d1c1	1727	0s10131619
o1jvo	7k/p3q1b1/n5P1/4BQ1p/1p5r/PN6/1PP5/1K6 w - - 0 37	f5c8 e7f8 c8f8	1727	1315191g1o
oTUE2	4r2k/p5pp/2QN4/8/3Pn3/P3q3/6PP/5R1K b - - 4 27	e4f2 h1g1 f2h3 g1h1 e3g1 f1g1 h3f2	1727	0k0m0p13171n1q1w
ohdb0	4R3/P7/1K6/8/5kp1/8/r3p2P/8 w - - 2 59	e8e2 a2e2 a7a8q	1727	000g0i0p1h1m1o
qSOBJ	5r1k/3q1pp1/p1nr1n2/1p2p1B1/4B3/2P5/PPQ2PPP/3R1RK1 b - - 5 21	f6e4 d1d6 e4d6	1727	01191o
rXSBp	1r6/k1p2pp1/6q1/1Q5p/P2r4/8/1P3PPP/K1R5 w - - 4 27	c1c7 a7a8 b5a5 g6a6 a5a6	1727	0p0r101316
rlQqL	2r3k1/4n1b1/1q1p1p1p/1prPpPpP/4P1P1/1B2N3/P5K1/R1RQ4 b - - 5 31	c5c1 a1c1 b6e3 c1c8 e7c8	1727	010j1019
tOdVX	r3k2r/1p1bbp1p/p1n1p3/4q3/P1BNp1Q1/2P1B2P/1P3PP1/R3K2R w KQkq - 3 16	d4c6 d7c6 e3d4	1727	0d0g191o
uJjPy	r1b2rk1/ppp2p1p/3p4/3PpN1q/1PP1Pnp1/5N1P/P1Q2PP1/R3R1K1 w - - 0 19	h3g4 h5g4 f5h6 g8h8 h6g4	1727	050g0s1019
v9iSP	r1b1k2r/1pp1qppp/p2p4/4p2Q/1PB1P3/P2PP3/2P3PP/5RK1 w kq - 1 15	f1f7 g7g6 f7e7	1727	0104191o
wT5UV	6r1/1p1k4/3P4/3r2p1/6R1/P7/1PK5/3R4 b - - 6 35	g8c8 c2b3 d5d1	1727	010i0p1m1o
yuPHs	1k2rR2/pppQ3p/2q5/3p4/4r3/6P1/P6P/5R1K w - - 6 28	d7d8 e8d8 f8d8	1727	060p13151n1o1y
zzD0F	4rrk1/1p3ppp/3b4/2p2b2/pnB1N3/8/PP2RPPP/R1B3K1 w - - 6 21	e4d6 e8e2 c4e2	1727	010s0t191o
09GEy	r4rk1/1b2bppp/pp6/2pp4/P5Q1/2Pq1N1P/1P1N2P1/R4R1K w - - 0 21	g4d7 a8b8 d7e7	1728	010s191o
0a6tO	5rk1/pp2r1p1/1q5p/3pnB2/8/2PQ2P1/PP4PK/1R2R3 w - - 0 30	d3d5 g8h8 e1e5 e7e5 d5e5	1728	0g0w0y1019
0zmdM	2k5/2p5/4r3/8/6KP/6p1/1R2R1n1/8 b - - 0 42	e6g6 g4f3 g2h4 f3f4 g3g2	1728	00010i0p10
14Bfy	7r/4n3/p1p1Pk2/1q1p4/3P4/3Q4/5P2/2RR1K2 b - - 2 34	b5d3 d1d3 h8h1 f1e2 h1c1	1728	0g0p101p
152qA	2kr4/ppp3p1/1bn4p/8/2Q5/2P4q/PP3PN1/R1B2RK1 b - - 1 21	c6e5 c4f4 e5f3 f4f3 h3f3	1728	0g0y1019
1c1I8	6k1/pp3r2/4Rq2/2pQ1p1p/5bp1/3P4/PPP2P2/6RK b - - 5 32	f6h4 h1g2 h4h3	1728	0p13151o
1nUKZ	8/2k4P/p5K1/1p6/3R4/8/P2p3r/8 w - - 1 51	d4d2 h2d2 h7h8q	1728	00010i0p111h1m1o
27Uwr	2b4Q/ppkp4/1n4q1/2b1BR2/2P5/5P2/PP6/1K1B4 b - - 0 30	d7d6 h8g7 g6g7 e5g7 c8f5	1728	010h10191g
2MhCk	rn1qr1k1/pp3pp1/2pb1n1p/3p4/3P2bB/2NB1N2/PPP1QPPP/R3R1K1 w - - 2 12	h4f6 e8e2 f6d8	1728	01191o
2NpLr	8/8/1P1Np3/4k3/P7/2r1p3/4K3/8 w - - 1 60	b6b7 c3b3 d6b5 e5e4 b7b8q	1728	000g0p101h1l
3TSiy	2k5/6p1/p1pPPp1p/P1P2b2/2r5/8/3K2P1/1R6 w - - 0 44	d6d7 c8c7 b1b7 c7b7 d7d8q	1728	000g0i0p0r101h
3dHcr	1kr5/8/pp3Q2/2b1p3/7P/qP2PP2/P2P2P1/1KR5 b - - 0 35	a3c1 b1c1 c5e7 c1d1 e7f6	1728	0g0j0k0p101n
4GNK9	r1bqr1k1/pp1n1pbp/2p3p1/3pn3/1PP5/P2BPN2/1BQN1PPP/2R1R1K1 b - - 2 15	e5d3 c2d3 g7b2	1728	010j191o
4GbCt	3rR3/pBpk1ppp/3b4/8/8/1P6/P1bP1PPP/RNB3K1 b - - 0 13	d8e8 g2g3 e8e1 g1g2 e1c1	1728	010s1019
4HLEg	8/2q5/5p2/1PpQ1k1r/3p2p1/1P1P4/1BP2PPb/5R1K b - - 3 34	h2e5 h1g1 h5h1 g1h1 c7h7 h1g1 h7h2	1728	050j0k0p13171n1w
4NWtJ	4rk2/6Rp/5npB/4p3/6B1/4P2P/6PK/2r5 w - - 10 42	g7c7 f8g8 c7c1 f6g4 h3g4	1728	010j0k0p10
7HxWe	3k4/p2p1p2/8/R7/5P2/P3P3/1nrN3P/4K3 b - - 10 33	c2d2 e1d2 b2c4 d2c3 c4a5	1728	01050p0r0s101n
7fyCW	5r2/p4k2/4p2Q/2p3P1/8/1P2q3/P5KP/8 w - - 2 36	g5g6 f7f6 h6e3	1728	0g0j0p1o
8S8ha	6r1/pb1rkp2/1p2p3/2p1P1p1/2N1n1Pp/3R3P/PPP4K/4BR2 w - - 6 25	f1f7 e7f7 d3d7 f7g6 d7b7	1728	050g0i0s1019
A6PU2	r2qr1k1/p2n1pbp/3p2p1/1BpN4/Q3PPb1/7P/PP1N2P1/R1B1K2R b KQ - 0 14	d8h4 e1f1 g7d4 a4d4 c5d4	1728	01101119
AFehg	r3r1k1/1p1n1pbR/p3p1p1/3pPnN1/5q2/N1P4Q/P6P/R6K w - - 0 21	h7h8 g7h8 h3h7 g8f8 h7f7	1728	0d0y101316191n
AcKyY	1r1Bkqr1/1b3p1Q/p3p3/8/1Pp1p3/P5P1/N1P2P1P/R4RK1 b - - 0 29	g8h8 h7h8 f8h8	1728	01191o1t
B2BFE	8/r5b1/P2p4/1PkNp3/2P5/3P1p2/2K2P2/8 w - - 5 56	b5b6 a7a6 b6b7 e5e4 b7b8q	1728	000g0p101h
EImHk	r7/p3R1pk/2p2p1p/P2q4/3n2P1/6Q1/1r3B1P/5RK1 w - - 0 37	g3d3 h7h8 d3d4	1728	01191o
EmkVh	2kr1b1r/1pp2pp1/p1n4p/3Np3/4P3/3P1RqP/PPP1Q1P1/R1B3K1 b - - 1 16	c6d4 f3g3 d4e2	1728	010s191o
Ep1px	5r1k/6bp/8/p2Nppp1/8/PQ2P1PK/2r5/5R2 b - - 1 29	g5g4 h3h4 c2h2 h4g5 g7h6	1728	0p101316
F9rld	6k1/3q2p1/pp5p/4Bp2/Pb1P3P/5QP1/1P3P2/2r2NK1 w - - 2 34	f3b3 d7f7 b3b4	1728	010p0s11121o
FBPxT	8/2p5/3p4/1P1k4/P7/1K6/8/8 b - - 0 47	d5c5 b3c3 d6d5 a4a5 c5b5	1728	0g0p101e1l1z
GaOcJ	r5r1/4b2k/1pp1P1Rp/4N3/p1P1QP2/8/PP3qP1/4R2K b - - 0 32	f2h4 h1g1 e7c5 e1e3 c5e3	1728	0g0y1019
H1dYg	8/kpp5/p1r4P/8/8/4P1R1/8/7K w - - 1 38	g3h3 c6h6 h3h6	1728	0g0p111l1m1o
H6BY5	r4rk1/ppp2pp1/3p3p/4nP2/6nq/1BN1P2P/PPP1Q1P1/R4RK1 b - - 0 14	h4g3 h3g4 e5g4 e2g4 g3g4	1728	0110191n
HN1Wo	1q3rk1/6b1/2p3p1/6Np/3pPPbP/1P1P2K1/3Q2B1/1R6 b - - 6 38	f8f4 d2f4 g7e5	1728	0g191g1n1o
Hl0DH	r5k1/1p2b1rp/1q2p1pQ/p2pPp2/8/1NPK2P1/PP3PPR/7R w - - 1 21	h6g7 g8g7 h2h7 g7g8 h7h8 g8f7 h1h7	1728	050j0y1317191n1w
IfEUU	1r1q2k1/p5b1/n2pbrQ1/2pp4/1p1P1B2/2PBP3/PP3PP1/R3K2R w KQ - 1 19	h1h8 g8h8 g6h7	1728	050y1315191g1n1o
IrYGQ	r4rk1/ppp2ppp/1q6/2bPp1B1/2B1N1Q1/3P4/PP3PPP/R5K1 b - - 2 14	f7f5 g4e2 f5e4	1728	010s191o
JANlu	3q3k/5prp/b4N1Q/4PpP1/1p6/p2P2P1/1r3PK1/3R3R b - - 1 31	a6b7 g2g1 b7h1	1728	0g1112191o1p
JS2ty	1Rbr2k1/5ppp/8/6r1/4p3/P1P1P1Pq/3BRP1P/5QK1 b - - 3 34	h3f1 g1f1 c8h3 f1e1 d8b8	1728	050g0j0y1019
KrnGL	3b4/3Pk1p1/2K1Bp1p/5P2/4R3/8/2r5/8 w - - 4 59	e6c4 e7f8 e4e8	1728	0j0k0p1113151f1o
LWCp9	4r1k1/p4ppp/1p2p1nr/7n/2P2PRq/P1BBP2P/1Q3P1K/6R1 b - - 12 27	h4h3 h2h3 h5f4 h3g3 h6h3	1728	050k0m101316191n
LZMJy	4r1k1/6pp/p7/6q1/3Q4/5p2/PPP2P1P/6RK b - - 1 28	g5g1 h1g1 e8e1	1728	050p13151n1o
M6K8t	r4rk1/5qb1/3R1np1/1b2p2p/4N3/1P2BP2/2PN1KPP/1Q1R4 b - - 0 33	f6g4 f2g1 g4e3	1728	010i191g1o
ManaX	r2r2k1/1pp2pp1/1b5p/p7/P2N4/2P3Bq/1P1Q1P2/3RR1K1 b - - 2 22	c7c5 d2f4 c5d4	1728	01191o
N1xF5	rnbr2k1/ppp1q1p1/7p/4P1N1/5Pn1/5Q2/PPP3PP/R1B2RK1 w - - 0 15	f3b3 g8h8 g5f7 h8h7 f7d8	1728	010s101c
NRABn	3R1Nk1/p5p1/1p3p1p/5Pn1/r5P1/7P/6K1/8 w - - 6 43	f8g6 g8f7 d8f8	1728	0j0k0p0u13151o
OdNLg	6k1/6p1/n1p4p/4P3/1P1R1P2/3N3P/4Q1PK/rq6 b - - 0 38	b1g1 h2g3 g1d4	1728	0g0p0s1o
RAaSO	1k6/1p6/pP5p/3rR3/1p1r4/3P1RPP/7K/8 w - - 0 42	e5d5 d4d5 f3f8 d5d8 f8d8	1728	0p1013161m
Roc6y	8/p5K1/Pr5P/8/8/8/1p1k4/1R6 w - - 7 46	h6h7 d2c2 b1b2 c2b2 h7h8q	1728	00010p101h1m
S72EC	6k1/1QR2pp1/p6p/8/3rq3/6PP/PP3P2/6K1 b - - 0 29	d4d1 g1h2 d1h1	1728	0p13151o
UGW7U	rn1q2kr/ppp3p1/3p4/2b1p1Np/4PPbR/3P4/PPP5/RNBQK3 w Q - 2 12	d1g4 h5g4 h4h8 g8h8 g5f7 h8g8 f7d8	1728	01050s1c1n1w
UYCTz	r1b2rk1/ppp3pp/5b2/2n1n3/2P5/5N2/PPB3PP/R1BN1RK1 w - - 0 15	f3e5 f6e5 c2h7 g8h7 f1f8	1728	010i0y101c
UfjVt	3Q4/2p2pkp/1b1p2p1/3P2B1/1p4K1/7P/1P3qP1/8 w - - 4 29	g5h6 g7h6 d8f8	1728	050p13151n1o
Us6Bx	rnb2rk1/pp3pb1/1q1p1npB/3Pp3/4P3/2NB1P2/PP1Q2PP/R3K1NR b KQ - 0 11	g7h6 d2h6 b6b2 a1c1 b2g2	1728	010s101c
UzdxL	rnbq1rk1/pp4pp/2pbpn2/3pNp2/3P1P2/BP1BP3/P1P3PP/RN1QK2R b KQ - 2 8	d6a3 b1a3 d8a5 d1d2 a5a3	1728	010r0s101c
VtRHi	b1r3k1/3q2p1/p1nP1rQp/2P1p3/6R1/5B2/P4PPP/5RK1 w - - 6 26	g6f6 d7g4 f3g4	1728	0g191g1o
WWtqJ	8/p1pr1k2/7R/5r1p/8/7K/PP1p4/6R1 w - - 0 40	h6h7 f7e6 g1g6 e6d5 h7d7	1728	010i0p0r101m
WcE3p	4r3/p4kpp/bp6/6Q1/PP2p3/4R2P/5PPK/2q5 w - - 0 30	e3f3 e4f3 g5c1	1728	010j0p1o
Xbvne	5r1k/p1p3pp/6bq/3B3n/3PP3/2P2P2/P1QN2PP/1R5K b - - 4 23	h5g3 h1g1 h6e3	1728	0y1315191g1o
Y6gtS	2k4r/1p1r1pRp/p4P2/2np4/5p2/8/PPP1B2P/2KR4 w - - 2 25	e2g4 c5e6 g7f7 d7f7 g4e6 c8c7 e6f7	1728	01050b0p0s1g1w
cfLCp	8/7p/8/6p1/1pk3P1/2P5/P1K5/8 w - - 0 42	c3b4 c4b4 c2d3	1728	0g0h0p1e1o
cohbe	r1b2r1k/pp4pp/8/8/2B5/4P1q1/PP1K2P1/R2Q3R w - - 1 21	h1h7 h8h7 d1h5	1728	051315191n1o
dNGD0	2rr2k1/5pbp/1q1B2p1/pp2P3/2pQ1P2/2P5/P5PP/R2R2K1 b - - 2 27	d8d6 d4b6 d6b6	1728	0g191o
ejjvH	r2qk2r/pB3ppp/5n2/2b5/2Pn2P1/1P1Q4/PB1P1P2/RN2K2R b KQkq - 0 13	d8e7 e1d1 e7b7 h1e1 d4e6	1728	010h0s1019
fJigS	2Q5/4p1kp/p2p2p1/2pP2B1/1pPb2KP/3q2P1/P7/8 w - - 0 36	g5h6 g7h6 c8f8 d4g7 f8f4 g6g5 f4g5	1728	050p13171n1w
gasab	3r4/pk3p1p/1p2p3/3PQn2/2P5/3P1q2/5PrP/R4R1K w - - 0 24	a1a7 b7a7 e5c7 a7a6 f1a1	1728	050s10111316191n
gmT85	6k1/3q1r1p/Q4B2/4Pp2/3p2p1/6P1/5P1P/6K1 w - - 0 44	e5e6 f7f6 e6d7 f6a6 d7d8q	1728	00010p0s101h
hv3qL	4Rnk1/5pqp/8/p2p2Qp/1r1N4/1Pr5/P4PP1/6K1 w - - 4 33	e8f8 g8f8 g5d8	1728	051315191g1n1o
iKmrj	2rR4/5p1k/4P1pp/1pr5/3Q1p2/P2B1Pn1/5KR1/4N2q b - - 0 49	c5c2 e1c2 c8c2 d3e2 c2e2	1728	0u101316191n
icagE	5rk1/8/1pN1P2p/p7/P5p1/6P1/1P3b1K/5R2 w - - 0 34	e6e7 f8e8 f1f2	1728	000g0p1o
igroH	4k1r1/Q6p/1Rq1p3/3pPb2/8/8/P4P1P/5R1K b - - 2 26	f5e4 f2f3 e4f3 f1f3 c6c1 f3f1 c1f1	1728	0p13171n1w
jDx9W	r1bq3r/pp1nk2p/4pnpQ/4b1N1/2B3P1/8/PPP4P/R1B2RK1 w - - 4 19	h6g7 e7d6 g5f7	1728	0g1c1o
jZGSN	5k2/8/5PK1/8/7P/pb2P3/8/1B6 b - - 0 45	b3c2 b1c2 a3a2 c2b3 a2a1q	1728	00080g0p101h1n
jmWe1	5r1k/3p1p2/4q3/4P1Rp/1P6/4Q3/PPr5/R1B4K b - - 4 31	e6d5 h1g1 d5d1 e3e1 d1e1	1728	0r10131619
kOtlE	3r3k/7p/p5pP/4p3/4Q1qb/P1N1B3/1PP2P2/5K1R b - - 0 31	d8d1 c3d1 g4e4	1728	010i191o
lUT9l	4k3/p3q3/8/1p2Q3/2r5/2N4P/PP4P1/7K w - - 3 34	e5b5 e8f8 b5c4 e7e1 h1h2	1728	0g0p0s10
mcgoM	1k1r4/pp6/2p1Q2p/q4pp1/4p3/1P2B1P1/1PP2P1R/1K6 b - - 0 24	d8d1 e3c1 d1c1 b1c1 a5e1	1728	050p1013161k1n
nLFcS	r2q1rk1/1b3p2/p1n3p1/1p1p3p/2pB3Q/P1N2N2/BPp3PP/2R2RK1 b - - 3 20	d8h4 f3h4 c6d4	1728	010b191o
nxpQt	4r1k1/p5p1/2pN4/1pR5/8/7P/P1r1nPP1/4RK2 b - - 1 30	e2g3 f2g3 e8e1 f1e1 c2c5	1728	0g0j0p10
nyIhr	1r3k2/p3pBbp/6p1/2B1P1N1/5PP1/3b3P/Pr2q3/2R2RK1 w - - 0 24	c5e7 f8e7 c1c7 e7f8 g5e6	1728	05101316191n
oY7jN	Q7/p2k4/1qp1rp2/3p1bp1/3P4/5NPP/PP4P1/5RK1 b - - 0 26	e6e8 a8e8 d7e8	1728	010p1o1t
ogmij	r1bqk1nr/ppppbppp/2n5/4p3/2B1P1Q1/2N5/PPPP1PPP/R1B1K1NR b KQkq - 5 4	d7d5 g4g7 e7f6	1728	011c1o
p0p0o	4r2k/1Qq4p/2p3p1/3p1p2/3P4/P2Br3/RR4PP/6K1 b - - 0 27	e3e1 d3f1 e1f1 g1f1 c7f4 b2f2 f4c1	1728	051317191n1w
pX8B2	8/3N2r1/P3K1pk/5p2/1p6/8/8/8 w - - 0 53	a6a7 g7g8 d7b8	1728	00010h0p1o
pfuDI	6k1/pp3p1p/5Bp1/3r4/1n3PP1/1P1p2P1/5K2/3R4 w - - 1 32	d1e1 g8f8 f6e7	1728	010p1l1o
qEVKN	r3r2k/ppp3pB/2nb1q2/4p3/6bB/2P2N2/PPQ2PPP/R3K2R b KQ - 2 17	f6h6 h7e4 g4f3 g2f3 h6h4	1728	010b1019
sAHv5	7r/pp1b2k1/2p2pp1/Q3p1p1/2NqP1P1/1P3PKR/1PPR4/8 b - - 0 29	d4g1 d2g2 h8h3 g3h3 g1h1 h3g3 h1h4	1728	050w1317191w
sk52V	1r4k1/1rq5/2p1p1n1/p1p2p1b/P1PpNb1P/RP1P1N1K/4Q3/2B3R1 w - - 0 31	e4f6 g8f7 f6h5 f4c1 g1c1 g6f4 h5f4	1728	0g0s191w
ssvRp	r3r1k1/1pp2pp1/p2p3p/3Pp1qb/2P1Pn2/1P4RP/PBBQ1PP1/R5K1 b - - 1 22	f4h3 g3h3 g5d2	1728	0g0j0y191o
twsTY	2kr3r/pppq1p2/3b1p1p/7b/Q1P1P3/2N2P2/PP4PP/R3KB1R b KQ - 1 13	d6g3 h2g3 d7d2	1728	0d1315191n1o
uBKp5	2k5/1p5p/8/p7/4r3/2bN1P2/2P3PP/1K4R1 b - - 0 31	e4a4 d3b2 a4b4	1728	0g0p1l1o
vKrUo	8/p4pkp/2p3p1/4p2n/P3P3/1P3Q1P/2P1NqP1/7K b - - 7 27	f2e2 f3e2 h5g3 h1g1 g3e2	1728	050g0p0s101n
vQ11R	6r1/2r1bkpQ/1q2p3/p3Pp2/3P4/1p2P1R1/6PP/5RK1 w - - 0 34	h7g6 f7f8 f1f5 e6f5 g6b6	1728	0g1019
xQYal	8/1r3kp1/2Qb2p1/5p2/1qPP3P/1P6/P1K2PP1/3nR3 w - - 0 29	c6e8 f7f6 e1e6	1728	0p13151o
xkaXn	8/5pkp/p1Q3p1/2ppb3/3N1qP1/1BP5/PP3PP1/6K1 b - - 0 26	f4c1 b3d1 c1d1	1728	0p13151o
yttIh	1k2r3/pr4pp/P2p1p2/2p5/q3P3/3Q3P/6P1/1R4K1 w - - 0 29	d3d6 b8a8 a6b7	1728	000p13151o
yxAJZ	2rqrbk1/1b3ppp/p2p4/1p3N1P/4P1Q1/P1N5/1P3B2/3R2K1 w - - 4 27	f5h6 g8h8 h6f7	1728	0g0i0y191g1o
zP3e5	2kr4/ppp3Q1/1q4R1/7p/4Nr2/P2P3P/1PP2b2/1K3R2 b - - 3 29	f2d4 g6b6 f4f1 b1a2 d4g7	1728	0g0j10191n
3ERnz	r5r1/2p3k1/p3bqP1/1p1p1p2/1PnPpP1Q/2P1P3/P1BN4/2K1N2R w - - 0 32	h4h6	1729	1314191b
3KAwl	5k2/8/p3Q1B1/4b3/Pppq2p1/5b2/5N1P/5RK1 b - - 3 42	e5h2 g1h2 d4f4 h2g1 f4g3	1729	05101316191n
4FbQN	5rk1/3P2b1/1Q5p/2N1p3/1nq3p1/2N4P/1P4P1/3R3K b - - 0 33	f8f1 d1f1 c4f1 h1h2 g4g3 h2g3 f1f4	1729	050n11121317191w
51Vpc	8/7p/1p1p4/1Pp1kr2/8/3R3P/2P1rPR1/6K1 w - - 2 40	f2f4 e5f4 g2e2	1729	0g0j0p111m1o
52oBI	3r2k1/5p1p/p4bp1/Pp1Bq3/1Pp1Q3/8/5PPP/3R2K1 w - - 3 30	e4e5 f6e5 d5f7 g8f7 d1d8	1729	010j0p10
5Ag94	r1b1q1rk/pp3p2/2p2P1p/4P2Q/2P2b1N/3B4/PP3P1P/R4R1K b - - 0 20	c8g4 h5g4 g8g4	1729	0g191o1t
68SVb	8/8/6p1/7p/5Pk1/6P1/7K/8 b - - 5 46	h5h4 g3h4 g4h4 h2g2 h4g4	1729	0g0p101e
68twj	8/pp5k/2pP1Qb1/2P5/1P4pP/P3qp2/6PK/5R2 b - - 2 33	f3g2 f6g6 h7g6	1729	000g0p1o
6Gmdj	r4rk1/pp5p/5Bp1/4pp2/7Q/1bq2P2/P4P1P/1K1R2R1 w - - 0 27	g1g6 h7g6 h4h8 g8f7 h8g7 f7e6 g7e7	1729	0y1317191n1w
7NX7V	r4rk1/6pp/1pq2p2/4pP2/1RPpn1P1/3B3P/1Q4K1/R7 w - - 0 35	b4b6 c6c8 d3e4	1729	0g191o
7XIQh	3r1rk1/ppp2ppp/1n1b1qb1/4n1B1/4P1P1/2P2N1P/PPQ2PB1/R3RNK1 b - - 4 16	e5f3 g2f3 f6g5	1729	0g0s11191o
7pUFr	r1bqk3/6br/1pp2B2/p5p1/8/4P3/P1PP1P2/RN1QK1NR b KQq - 0 14	h7h1 f6d8 h1g1	1729	0g1c1g1o
9JHA0	R7/5pk1/R4N2/1P2n2p/6b1/6P1/2Pr3P/5K2 b - - 2 40	g4h3 f1g1 e5f3 g1h1 d2h2	1729	030p0r101316
ADgeb	r4r1k/5Bpp/p1pp2n1/4q3/4P3/2N5/PPP5/1K3R1Q w - - 3 25	h1h7 h8h7 f1h1 g6h4 h1h4 e5h5 h4h5	1729	051317191f1n1w
AQCfv	6r1/8/7K/1p2QP2/1k4q1/8/PP4P1/8 w - - 6 83	e5c3 b4a4 c3a3	1729	0p13151o
AT9ZY	2r3k1/5pb1/p1rR2pp/1p6/2P3PP/1P4B1/P3PP2/qQKR4 b - - 2 22	c6c4 b3c4 c8c4 c1d2 a1c3	1729	0n0r101316191k1n
AtqpT	r3r1k1/ppq2p1p/2pb2p1/8/4NPbB/2P1P3/PPQ3PP/1K3R1R b - - 0 18	e8e4 c2e4 g4f5 e4f5 g6f5	1729	0g10191g1n
AuaYG	r5k1/1pp3p1/p1np3p/4prq1/B7/2PP3P/PP3PP1/2RQR1K1 w - - 0 17	d1b3 g8h8 b3b7	1729	0g191o
B9Y06	8/kb4r1/p2Qp1p1/3p2q1/2p5/2P5/P1P2PP1/1R2K3 w - - 2 32	d6c5 a7b8 c5f8	1729	0g0p1o
BASsk	2R5/p4ppk/1p5p/8/8/BP4P1/P1p1PP1P/2Rr1bK1 b - - 1 24	f1h3 c1d1 c2d1q	1729	000j0k0p13151h1o
CyWUR	r1b2r1k/pp4pp/2Pp4/2PNp1B1/4B3/6P1/P4n1P/R2Q2KR b - - 0 20	f2h3 g1g2 f8f2	1729	1315191o
DFmYe	8/R7/2pkp3/p4r1b/P1P2pN1/1P1P1Pp1/3K2P1/8 b - - 7 33	h5g4 f3g4 f4f3	1729	0g0p1o
E7eLh	8/7k/6bp/1QPK4/1P2p1P1/2q4P/5P2/8 b - - 0 52	c3d3 b5d3 e4d3	1729	0g0p1o
EJmBd	r3r1k1/p1p2p2/2p4p/3b2p1/8/P1qB1Q1P/2P2PP1/R3R2K w - - 0 22	d3h7 g8h7 f3c3	1729	0g0j191o
EPlky	8/6p1/1p3p2/p1k1pP1p/P1P1P1P1/2K4P/8/8 b - - 0 37	h5h4 c3d3 c5b4	1729	0g0p1e1l1o1z
FEpKK	r1bqk2r/bp1p1pp1/p3p3/4P3/4NPp1/1N6/PPP3PP/R1BQ1R1K b kq - 0 14	h8h2 h1h2 d8h4	1729	050y13151c1n1o
FHnEl	1rb1r1k1/5p1p/pn1Q2p1/1ppPbqB1/8/3P1N2/P3BPPP/1R2R1K1 w - - 1 22	f3e5 f5e5 d6e5 e8e5 g5f4	1729	011019
FJN2Q	r4rk1/pb3p1p/4p1p1/3p4/6Q1/P2B3P/1qP2PP1/R4RK1 w - - 0 16	a1b1 b2a3 b1b7	1729	01191o1p
H5a1N	3r1rk1/1pp1q1pp/p1nbpn2/8/P2BP3/2N2B2/1P2QPPP/3R1RK1 w - - 10 17	e4e5 c6d4 d1d4	1729	0g0s191o
HIPWM	rnbq2nr/2p1bk1p/p2p2p1/1p5Q/3NP3/2N5/PPP2PPP/R1B1K2R w KQ - 0 9	h5d5 f7g7 d5a8	1729	010s1c1o
HS1cJ	8/6Rp/1p2PB1k/p1b5/4p3/P7/2r3PP/5K2 b - - 2 33	c2f2 f1e1 f2f6 e6e7 f6e6	1729	0g0p0s10
HpPGU	6k1/3qQR2/7p/3pP1pK/1P1Bb1P1/2P4P/6r1/8 b - - 1 31	d7g4 h3g4 g2h2	1729	0p13151f1n1o
InTNi	8/4k1p1/2pN3p/4P3/8/p5K1/3N2PP/rB6 b - - 3 36	a1b1 d2b1 a3a2	1729	00010p1n1o
J494t	6k1/1p5p/2p3p1/p5QP/6R1/1q3r2/6RK/8 b - - 0 39	f3h3 h2g1 b3d1 g1f2 h3f3	1729	0p0r0x101316
J8Dcx	r4rk1/pp6/2p5/3p3p/3PnqN1/2P5/PP4Q1/6RK w - - 0 28	g4h6 g8h8 g2g7	1729	0k0m1315191o
JALeg	r5k1/pp1n4/2p2qPb/3p2pp/3P3P/2N5/PP4P1/R1B2QK1 w - - 1 19	f1f6 d7f6 h4g5 h6g7 g5f6	1729	010s1019
KTgKj	3Q1bk1/2R2bp1/7p/1p2q3/p6P/6P1/1P2PP2/6K1 w - - 1 30	c7c8 f7e8 d8e8 e5e8 c8e8	1729	0g0p10111l
MtWvn	5rk1/2r1p2p/p4q2/1p3p2/8/PP2RQ1P/6P1/4R2K w - - 8 28	f3g3 f6g6 g3c7	1729	0g0p0s1o
OUYZP	8/4bK2/1ppk3p/p1p1B1pP/P1P3P1/1P1P4/8/8 b - - 0 46	d6e5 f7e7 e5f4	1729	080g0p1o
OzlJ3	5k2/5p2/4pQpp/2NpP3/3P4/2PK1Pn1/P4q2/8 w - - 2 38	c5e6 f8g8 f6g7	1729	0p13151g1o
P2Fu2	1Q6/6kp/5qp1/p2pp3/8/1P6/P4rPP/3R2K1 w - - 2 34	b8a7 f6f7 a7f2	1729	0g0p1o
P4dpy	2kr4/ppp1pp1p/6p1/4B3/2P5/P2r4/1P2nPPP/1R2R1K1 w - - 1 19	e1e2 d3d1 e2e1 d1b1 e1b1	1729	010p0t10
PCnA3	r4rk1/pp2bnpp/2b5/2p5/4BB2/2P1P2Q/PP3PPP/2Kq3R w - - 0 17	h1d1 c6e4 h3e6 e4c6 e6e7	1729	010s1019
QOCrl	r1b2rk1/1p4p1/p1n1p1Np/3pP1qB/3P1pQn/1PP5/5PPP/RN3RK1 b - - 7 19	g5g4 h5g4 h4g6	1729	01191o
QTSu3	2r5/5pkp/3p2p1/R3n3/3KP2P/P7/6P1/5R2 b - - 0 30	e5c6 d4d5 c6a5	1729	010p0s1o
RaslD	r3r1k1/p4ppp/2p3b1/5P2/1R5Q/6qP/PBP3P1/2K3NR b - - 2 21	e8e1 c1d2 g3e3	1729	1315191k1o
S9gVs	rn1qkb1r/3ppp1p/b4np1/1NpP4/8/4PN2/PP3PPP/R1BQKB1R b KQkq - 0 8	a6b5 f1b5 d8a5 f3d2 a5b5	1729	010s10111c
SS0m5	8/k2b3p/p5p1/2p3P1/2Np1n1P/R4PK1/PP1Nr3/8 b - - 3 35	f4h5	1729	0p111213141b
SVivo	2r2rk1/4R1pp/8/8/3B2n1/n7/P4PPP/2q2RK1 w - - 0 28	e7g7 g8h8 g7g4 f8f6 d4f6	1729	0j0k0s101316191a
TCARS	6r1/1bq2ppk/p3rb1p/1pp1pN1Q/4Pn2/2P3RR/PPB2PPP/5NK1 w - - 14 26	h5h6 g7h6 h3h6	1729	1315191n1o
V3PYF	r1b1qrk1/pp1n1ppp/2p1pn2/2b5/8/2N1B1QN/PPP1B1PP/3R1RK1 w - - 8 14	e3c5 d7c5 f1f6	1729	01191g1o
VoYE2	8/6p1/2k2p2/2N4P/2pP2P1/1pP5/r3RP2/5K2 b - - 0 35	a2e2 f1e2 b3b2 c5e4 b2b1q	1729	000g0p101h
WdFFI	4r1k1/1p3p2/p2p2nQ/2pPq3/2P4P/5R2/PP3PP1/5K2 w - - 9 33	f3e3 e5e3 f2e3	1729	0g0p1o
XG6OU	2Rr2k1/5ppp/2Qr4/1p1Pp3/4P3/1p3PP1/4q2P/5R1K w - - 0 28	c6e8 d8e8 c8e8	1729	060p13151n1o1y
Xq8nu	6k1/p4ppp/2NN4/3r4/1r4b1/1P2p3/P5PP/4R2K w - - 1 25	c6e7 g8f8 e7d5 b4d4 d5e3 d4d6 e3g4	1729	010p0s1w
Y6kKO	1r3rk1/p4ppp/2pq4/3n2B1/3P4/5Q2/P4PPP/1R3RK1 b - - 2 17	b8b1 f1b1 d6g6 b1c1 g6g5	1729	010s1019
YOgAz	8/1p6/p3N1P1/8/4K3/1P6/1b1k4/8 w - - 0 48	e6d4 b2d4 e4d4	1729	0g0p111l1o
YkglW	6k1/1p2bppp/pBr1pn2/8/N1PR1P2/P7/1P3KPP/8 b - - 4 26	c6b6 a4b6 e7c5 f2e3 c5b6	1729	010p0s10111g1n
Z05SH	2rr2k1/pp2Q1p1/2p1qpBp/8/6RP/6P1/bP2PP1K/2R5 w - - 8 28	g6h7 g8h8 e7g7	1729	0y1315191o
a3sKN	6r1/pp2kprp/4pp2/2Pp4/1P3qP1/2PB4/P1QN3P/4RRK1 b - - 0 21	g7g4 g1h1 f4h2 h1h2 g4h4	1729	050y101316191n
a8twM	rn1q1r1k/ppp2Bp1/6p1/2b5/8/3P1Q2/PPP2P2/RNB2bK1 w - - 0 13	f3h1 f1h3 h1h3 d8h4 h3h4	1729	1013161c
aZKRj	8/1Q6/3P2kp/5pp1/p6P/6PK/5q2/8 w - - 2 45	h4h5 g6h5 b7f7	1729	050p13151i1o
bOotx	8/R2r2p1/2knppN1/3p4/3P4/4P1P1/5PK1/8 w - - 4 46	g6e7 d7e7 a7e7	1729	0g0p111o1y
bd4GP	4R3/8/8/8/1Pn5/PK6/3kp3/8 b - - 4 58	c4e3 e8d8 d2c1	1729	0g0h0p1l1o
cDDIk	rn2k2r/pQ2pp1p/6p1/2P3B1/q5b1/4PP2/Pb2K1PP/1R3BNR b kq - 0 13	a4c2 e2e1 b2c3	1729	0s13151c1o
cJd9c	4r1k1/ppb1Bp1p/2p2Q2/6Pq/3P4/2P5/P6P/4R2K w - - 5 36	f6h8 g8h8 e7f6 h8g8 e1e8	1729	050j0p1013161f1n
cXfh2	2k3r1/ppp5/4p3/4b3/2P1Q1nP/7p/PP3P2/R4RK1 b - - 0 24	g4f6 g1h1 f6e4	1729	010j0k0p1o
cxfgv	1R6/p3bk2/2Q5/2Pp1pn1/3Pq1p1/P3P1Pp/3B1P1P/5K2 b - - 0 33	e4d3 f1e1 g5f3 e1d1 d3d2	1729	0p0s101316
do3sR	6r1/pp2rp1k/5p2/3B1P1p/1P2P2n/7P/2R4P/5R1K w - - 1 31	f1f4 h4f5 f4f5	1729	010p1o
duyax	1k1r2nr/p1p1qp2/BP5p/6p1/3B4/3b3P/5PP1/1R3RK1 w - - 0 26	b6a7 b8a8 a6b7	1729	000k0m1315191k1o
eq0xX	r2qr1k1/p4p2/2p2b1Q/1p1p1B2/3P4/2N2b2/PPP2PP1/1K6 w - - 6 24	f5h7 g8h8 h7g6 h8g8 h6h7 g8f8 h7f7	1729	0j0k0y1317191w
f69L9	7r/pp2kpp1/2pp2p1/5q1r/5P2/P3P1P1/1P1R3P/3QR1K1 w - - 1 24	g3g4 f5f6 g4h5	1729	0g0p0s1o
gmCbU	1rb2k1r/p1N1pp1p/2p3p1/4b1B1/8/8/PPP2PPP/3RK2R w K - 0 14	g5h6 e5g7 d1d8	1729	1315191g1o
hDDOA	2b1k2r/p3bppp/8/n2N4/1p2Q3/3P4/PPq2PPP/R1B2K1R b k - 1 16	c2d1 e4e1 d1d3 f1g1 d3d5	1729	010i0s1019
iPZht	5k2/1p4pp/1p6/2pBN3/3n1K2/5P2/6rP/3R4 b - - 1 25	g7g5 f4e3 g2e2 e3d3 e2e5	1729	010p10111p
iQ02f	3r1k2/3P1pp1/p1q1p2p/1p6/7P/3Q2P1/PP3P2/3R2K1 w - - 1 29	d3a3 f8g8 a3e7	1729	0g0p1o
j1uaa	2r4k/6p1/5p1p/1p3q2/1PRP4/1Q6/1B2RPPP/6K1 b - - 0 34	f5b1 b2c1 b1c1 c4c1 c8c1 b3d1 c1d1 e2e1 d1e1	1729	060p13181w1y
kTCJE	r7/1p1b2k1/2pN3p/p5b1/1P2P2P/1KPPn3/PB6/R5R1 b - - 0 27	a5a4 b3a3 e3c2	1729	1315191o
lfSsA	r1bqr1k1/p2pbppp/1pP5/8/1PP5/2QB4/P4PPP/R1B2RK1 b - - 0 14	e7f6 c3c2 f6a1	1729	01191o1p
lqBvC	Q1bq2k1/b5pp/p3pn2/1p2Np2/P2P4/BP3PP1/6BP/2Rn2K1 b - - 0 24	d8d4 g1f1 d4f2	1729	0s1315191o
mxr8c	8/p4PR1/kp6/2p2b1p/2Kr3P/P5P1/8/8 w - - 1 40	c4c3 d4d3 c3b2 d3d8 g7g8	1729	010p10
n3ptH	8/5Qpk/2p5/p4P2/P5Pq/1BP2P1p/2P1n1rP/5R1K b - - 0 39	g2h2 h1h2 h4g3 h2h1 g3g2	1729	050p1013161n
n9AxU	r4rk1/pbq3p1/1p1bpp1p/2p1N2n/2PP1P2/1P1B3P/PBQ3P1/R4RK1 w - - 0 18	d3h7 g8h8 e5g6 h8h7 g6f8 h7g8 f8e6	1729	0g0k0m0s191w
nBpdj	5rk1/6p1/p3b1P1/1p2P3/3b4/1P3r2/P1P5/1K2Q2R w - - 4 36	h1h8 g8h8 e1h4 h8g8 h4h7	1729	050p101113161n
oGzXf	3rk2r/pp2np1p/2n1p1p1/1N1N4/2P5/8/PPK3Pb/R1B1R3 w k - 2 16	d5f6 e8f8 c1h6	1729	1315191o
oKwgy	2r3k1/p2q2B1/4r1Qp/3p1p2/8/5b1P/6PK/8 w - - 0 44	g7f6 g8f8 g6h6 d7g7 h6g7	1729	0g0j0k0p0r10
oxb5I	3k1b1r/pRNbnpp1/2n5/7p/3N1B2/4PK2/q4PPP/3Q1B1R b - - 0 16	d7g4 f3g3 g4d1	1729	01191o1p
pEJn5	4Q3/pkp3b1/1p6/2P3p1/PP2p2p/7P/3q2PB/5K2 w - - 2 33	c5c6 b7a6 e8c8	1729	0p13151o
qG4FS	r2q2rk/1p3pp1/2p2n1p/p2PR3/P1P2Q2/1BP2P1P/4R1P1/6K1 b - - 1 25	d8b6 g1h2 b6b3	1729	010s191o
qJZb0	4r1rk/5ppp/1p3Pq1/p1p1PQ2/P3R3/7P/6P1/5RK1 w - - 6 31	f5g6 f7g6 f6f7	1729	000g0p111o
qLe3u	2r3k1/6bp/pR2rpp1/2p1pq2/3p4/B2P4/P1P2PPP/3QR1K1 w - - 2 23	g2g4 f5f2 g1f2	1729	0g191o
qekIZ	r3kbnr/pp2qppp/2p5/3Nn3/3Q4/1P6/PBP2PPP/R3KBNR b KQkq - 0 9	e5f3 e1d1 e7e1	1729	0k0m13151c1o
r2e83	2kr1b1r/p1p2ppp/1p6/qQ1p3b/3P1P2/6P1/P1P1NKBP/1R6 w - - 0 20	g2h3 c8b8 b5a5	1729	0g0w191g1o
rGQwI	1r4k1/5p1p/q3pp2/3p4/3P1Qb1/P6P/2r2P2/3R1RK1 w - - 0 25	f4b8 c2c8 b8g3	1729	0g0t191g1o
sHXQB	3rk3/p4p2/1p2p3/8/2Pn2pP/1P2QbP1/P4P2/4R1K1 b - - 4 30	d4c2 e3e5 c2e1	1729	010p0s111o
sydOo	1r1r2k1/2p3pp/p1Nb1pq1/8/1Pb5/P1B1Q2P/2P2PP1/R3R1K1 b - - 0 24	c4d5 c6e7 d6e7	1729	01191o
szebO	r3k1nr/ppbbqppp/8/1B1Q4/8/4BN2/PPP2PPP/R3K2R b KQkq - 2 12	e7b4 c2c3 b4b5 d5b5 d7b5	1729	011019
tiLKh	3r4/3r1k2/1p2q1p1/1PQP1p1p/3R4/5P1P/6P1/3R2K1 b - - 0 34	e6e3 g1h1 b6c5	1729	0g0p1o
vR1BY	r4rk1/ppp3b1/3pn1p1/6Bp/2q1NRP1/2P4P/PP1Q4/4R1K1 w - - 1 23	e4f6 g7f6 f4c4	1729	0g0j191o
vl2ZX	3r4/4qk2/6R1/1p2pPP1/3nQ3/8/PP4K1/8 w - - 1 34	g6g7 f7g7 f5f6 g7f8 f6e7	1729	00050g0p0r0s101n
xen8J	4r1k1/4bppp/p3p3/1p2P3/1PnqN1Q1/P6P/3B2P1/2R4K w - - 1 26	e4f6 e7f6 g4d4	1729	0g0j191g1o
yDr0A	6NQ/8/8/1kp5/5B2/5PK1/1r4P1/q7 b - - 0 42	b2g2 g3g2 a1h8	1729	0g0j0p1o
yvU5S	3r2k1/1p1rbppp/p3p3/1P6/PqB1Q3/4PN2/5PPP/2R2K1R b - - 2 21	d7d1 c1d1 d8d1 f1e2 d1h1	1729	0110191p
zLQLt	r2q1rk1/pp4pp/5np1/2b5/1n1p4/6PP/P2B1PB1/RN1QR1K1 w - - 0 18	d2b4 c5b4 d1b3	1729	01191o
zOa5R	8/5pkp/6p1/8/4NnP1/2b4P/3p1PNK/8 w - - 0 45	e4c3 f4e2 c3d1	1729	010h0p0t1o
zbk8X	7r/ppk2ppp/8/2K1p3/3rN3/5P1P/PB3P2/R6R b - - 2 19	b7b6 c5b5 a7a6 b5a6 h8a8 a6b5 a8a5	1729	050p13171w
zyP8v	2bb2k1/5R2/2p2np1/2PpB1N1/4p1qP/2Q1P3/5P1K/5R2 b - - 0 33	g4h4 h2g1 h4g5 e5g3 g8f7	1729	0g0r0s1019
zzLfR	8/q2p3k/4pQ2/p3Pn1r/Pp6/6P1/1P3RKP/2R5 b - - 5 46	h5h2 g2h2 a7f2 h2h3 f2g3	1729	050i0p101316
1aSpx	5bk1/8/3p3p/2pPp1p1/p3PqP1/P2bNQ1P/1P4K1/5N2 b - - 6 32	d3e4 f3e4 f4e4	1730	0g0p1g1o
25woW	6k1/1pp3p1/8/3P2p1/1p2r3/1P5Q/r7/2K5 w - - 0 33	h3c8 g8f7 c8f5	1730	010p1j1o
2iBOZ	r1b2k2/pp3p1Q/2p2q1p/2n3p1/1PP5/6P1/P2N1PBP/4RK2 b - - 0 24	c8f5 h7f5 f6f5	1730	0g191o1t
2iYzE	4r1k1/ppp2ppp/8/6Q1/2B1q3/N1P1n3/PP1r3P/K3R1R1 b - - 17 24	e3c2 a3c2 e4e1 g1e1 e8e1 c2e1 d2d1 g5c1 d1c1	1730	060j0s1318191n1w
3AKq5	4r1k1/ppp2ppp/2pn4/8/3b1BQ1/8/PPP2PP1/R4KNq w - - 0 18	f4d6 c7d6 g4d4	1730	010j191o
3JqzP	r4rk1/pp3ppp/2b1pn2/2q5/2N2B2/b3PN2/P1Q2PPP/2R2RK1 w - - 8 15	f4d6 c5c4 c2c4	1730	010s191o
4B1nZ	2r2r1k/1bbp1p1p/4pP1N/p3P3/3Pq3/P1p1P2P/1P3Q2/4K1R1 w - - 0 31	g1g8 f8g8 h6f7	1730	0i0y1315191n1o
4etG4	r4r1k/2pb2Rp/3p4/3Pq3/1p2Pp1P/pP3P2/2PK2Q1/3N2R1 w - - 4 30	g7h7 h8h7 g2g6 h7h8 g6h6	1730	050y101316191n
5IbGj	8/1kp1R3/8/pb4qP/8/P7/1PP5/1K2R3 w - - 3 40	e7e5 g5h4 e5b5	1730	0g0p0v1o
5cB0D	r1b1Q3/pp4qk/1n5p/4b3/P1PB4/4P2P/4NPP1/1R1R2K1 b - - 2 25	c8h3 e2f4 a8e8	1730	010j11191g1o
5wuC2	3Q4/k6p/5Rp1/5p2/p1Pn1P2/3n4/BP2r2P/5K2 b - - 0 41	e2f2 f1g1 d4f3 g1h1 f2h2	1730	030p0r101316
5zEVR	r1b1kb1r/1p1n2pp/pq2N3/3Qp1B1/5P2/8/PPP3PP/R4K1R w kq - 0 15	e6c7 b6c7 d5e6 f8e7 e6e7	1730	0d0r101316191n
6CvWd	4r1k1/6qp/p4Rp1/1pB5/2bP4/2P5/1P3QPP/6K1 b - - 5 31	g7f6 f2f6 e8e1 g1f2 e1f1 f2e3 f1f6	1730	0g0p1n1p1w
6T3Fm	5rk1/4ppbp/p2p1np1/q1pP2B1/4P3/n4B1P/5PP1/1N1Q1RK1 w - - 0 19	g5d2 a5b5 b1a3	1730	01191o
6tiQP	6k1/5rpp/4P3/8/1Q6/1P6/p1r2q1P/K3R3 w - - 0 34	e6f7 f2f7 b4b8 f7f8 e1e8 c2c1 a1a2	1730	000g0p1g1w
7GRnw	r2q1rk1/ppp2ppp/8/6n1/1PPpPbb1/P2B2P1/3B1Q1P/R4R1K w - - 0 20	f2f4 g4h3 f4g5 d8g5 d2g5	1730	011019
7TpQj	8/p2k3p/2rQ4/8/1P6/P5nP/2P1p1PK/R3Rr2 b - - 0 31	c6d6 h2g3 d6d1 e1e2 d1a1	1730	010p0v10
7jYEh	r3r1k1/p4p1p/1p2b1q1/2p5/6P1/1NPQP2P/PP3P1R/2KR4 b - - 1 20	g6d3 d1d3 c5c4 d3d4 c4b3	1730	010s1019
8DqnH	5r2/pp2q1k1/2p1pn2/5rP1/3P2Q1/2P4R/PPK5/8 w - - 3 32	g5f6 g7f6 h3h6 f6f7 g4g6	1730	050k0m0p0r101316
8qMap	2rr4/5pp1/1k4p1/p2BP1P1/Rb1K1P2/1P5P/8/3R4 b - - 0 39	d8d5 d4d5 c8d8 d5e4 d8d1	1730	050g0p101n1p
92nlK	3r4/p6p/8/8/3R1P2/1kBp2P1/5K1P/8 b - - 2 35	d8d4 c3d4 d3d2 f2e2 b3c2	1730	000g0h0p10
9jpYu	1r4k1/N4rbp/1p2p1p1/pN1nP3/P1q5/5Q1P/1P3BP1/5RK1 w - - 0 33	f3f7 g8f7 b5d6 f7f8 d6c4	1730	050g0s1011191n
AtG6y	5rk1/3prppp/2b3n1/8/2B3Q1/2q4P/5BP1/4RR1K w - - 2 30	e1e7 g6e7 f2d4	1730	01191o
BkXHj	2kr4/p1p1qp2/2p5/3pp1pr/6n1/1P1PPN2/PBPK2Pb/R2Q1R2 w - - 0 18	f3h2 h5h2 d1g4	1730	0g0j191o
BqJsr	rn1q1rk1/pp1bbpp1/3pp1P1/8/8/2P1p1B1/PP1N1PP1/R2QK1NR w KQ - 0 12	h1h8 g8h8 d1h5 h8g8 h5h7	1730	050y1013161c1n
DnUrh	3r2k1/4b1pp/2n2p2/p1P1p3/P1N5/RNP4P/1Pb2PPB/5K2 b - - 3 28	c2d3 f1e1 d3c4	1730	0g0s11191o
DvXBD	5k2/5p2/pp2qQp1/8/1PnBP3/P5P1/6K1/8 w - - 2 33	f6d8 e6e8 d4g7 f8g7 d8e8	1730	0d0g0i0p101g
FFGjS	7r/1r1knp2/3p2p1/3PpbPp/R1P4P/5P2/KR6/5BN1 b - - 2 25	b7b2 a2b2 h8b8 b2c3 b8b1	1730	050g0r1019
G1hR1	2rr2k1/5pp1/4p2p/P3P3/2P5/1PQ1P3/4q1PP/R4RK1 b - - 0 27	d8d2 c3d2 e2d2	1730	010p1l1o
GOVQW	r3kb1r/1p3ppp/p1n1p3/q2pPb2/N2B4/1PP5/P3BPPP/R2Q1RK1 w kq - 4 14	d4b6 a5a4 b3a4	1730	0g1c1o1t
Gd83f	r1bqk1n1/1p1nbp2/4p1p1/1BP1P1Br/p2pNPQp/P6N/1PP3PP/R3K2R b KQq - 1 15	d8a5 e1f2 a5b5 e4d6 e7d6	1730	010s1019
Ghl3B	1k2r2r/5pb1/pp1q3p/3P1Bp1/8/P5P1/1PQ3P1/2K1R2R b - - 0 24	e8c8 f5c8 h8c8 c2c8 b8c8	1730	0110191g1n
GrYqi	8/6p1/1p1k2p1/1P2pp2/1KP4P/5PP1/8/8 b - - 0 43	e5e4 f3e4 f5e4 b4c3 d6c5 g3g4 e4e3 c3d3 e3e2 d3e2 c5c4 e2e3 c4b5	1730	000g0i0p1e1w
I9nX7	5r2/p1r3pk/5pRp/1pp1q2Q/3pP1R1/1P1P3P/P1P3P1/6K1 w - - 9 28	g6h6 g7h6 h5g6 h7h8 g6h6 c7h7 h6f8	1730	0d0i0p0s13171n1w
ICJSi	8/p7/P4R2/8/3P4/4kp2/3r4/4K3 b - - 5 42	f3f2 e1f1 d2d1 f1g2 d1g1	1730	000g0p0r101m
IuAMR	2r3k1/1r3ppp/3bp3/3p4/5P2/1P2B2P/P1q3P1/R2Q1R1K w - - 0 21	a1c1 c2c1 e3c1	1730	01191o
JrzXY	8/ppp5/4p3/4P3/P1kP2K1/2r2R2/8/8 w - - 0 37	f3c3 c4c3 d4d5 e6d5 e5e6 d5d4 e6e7	1730	000g0p1m1w
KdWRK	3r1r2/pp1P1p1k/5b1p/1q3P2/5N1P/1P1Q4/1P6/1K1R3R b - - 4 29	b5e5 h1h2 e5f4	1730	01191o
Mo7JW	3R4/6pk/p3p1q1/1p3p2/4Q2p/4PP2/PP3K1P/6r1 w - - 0 32	e4h4 g6h6 h4h6 g7h6 f2g1	1730	0g0p10
NCEbq	8/pp5P/1kp1pB2/4P3/3n1qRK/5P1R/P7/8 b - - 4 50	d4f5 h4h5 f4h6	1730	0p13151o
NtqQ5	3RQnk1/p4pp1/1p5p/3BP3/2p2P2/2P3PK/r7/5q2 w - - 2 35	h3g4 f1d1 d5f3	1730	0g0h0p111o
QoQFZ	2br4/4b3/8/pppn1rpk/4R3/P2P1N2/1PP2PP1/R1B3K1 w - - 7 28	g2g4 h5g6 g4f5	1730	010s191o
RQcjP	1r6/p1pRPkp1/2p4p/2N2p2/1P6/n7/5PPP/6K1 w - - 1 28	d7d8 f7e7 d8b8	1730	0g0p1o
Rnh9T	2r1r1k1/5p1p/p2q1Pp1/1p6/3bQ3/1P2B3/6PP/4RRK1 w - - 1 28	e4d4 d6d4 e3d4	1730	01191o
SNtta	2b2r2/B1q1bppk/p2p3p/1p1B3Q/2p1PP2/2P2R2/PP4PP/1R5K b - - 0 19	g7g6 h5h6 h7h6	1730	01191o1t
SZ71O	3r1r2/ppq1k1nQ/4b1B1/3p2p1/2p5/2P4P/PP4P1/4R1K1 w - - 4 35	h7g7 e7d6 e1e6 d6e6 g7c7	1730	010i0r0t1019
SzTvf	1k1r3r/pp1n3q/8/4p3/1P2PpB1/2NP2Pb/P1P1QK1R/7R b - - 0 26	f4g3 f2e1 g3h2	1730	000g191o
UMU0w	5rk1/p2R1N2/1p5p/5R2/8/4bKP1/5r1P/8 w - - 7 41	f3e3 f2f5 f7h6 g8h8 h6f5 f8f5 d7a7	1730	010p0r0s1w
WARi1	8/7p/1R4p1/P1kp4/2pN3P/3n2K1/r7/8 w - - 4 48	d4e6	1730	0p13141b
WXTx4	r1q2rk1/1pp1bpp1/p1n2n1p/2B1p3/2Q1P3/2PP1N2/PP4PP/RN1R2K1 b - - 3 13	b7b5 c4b3 e7c5	1730	0g1c1o
XbfLD	r5rk/7p/3pPq1b/2pP4/1p2QPR1/pP2B2P/P6K/3R4 b - - 4 34	g8g4 h3g4 f6h4 h2g2 h4g4 g2f2 g4d1	1730	0g0s11191w
XzDjX	2k2r2/1pp5/4p2Q/pPq1p3/P1P2r2/3P4/5PPP/R4RK1 b - - 2 24	f4f2 h6f8 f2f8	1730	010j0k0p1o
YOmwJ	7k/3Q3p/5pR1/3P1N2/4Pp2/4nP1P/6PK/r7 b - - 2 35	e3f1 h2g1 f1g3 g1f2 a1f1	1730	0j0k0p0u101316
YyRAV	2r3k1/p5pp/b3p3/4NP2/P2B1n2/q1P5/2Q2PPP/1R4K1 b - - 0 27	f4e2 g1h1 e2d4	1730	01191o
ZKgE7	1r1r2k1/p4p1p/5Q2/8/8/2P5/qPK1RPPP/1R6 b - - 5 22	a2b3 c2c1 d8d1	1730	0p13151o
ad383	6rk/6p1/p3p1QP/1p2pn2/8/2P1qP2/PP6/K5R1 w - - 1 32	h6g7 g8g7 g1h1 f5h6 h1h6 e3h6 g6h6	1730	000g0p1w
aobVM	r7/p1pk2qp/1p1p1p2/2bP3Q/2B1P1r1/5bP1/PPP2P1P/R4RK1 w - - 3 19	h5f5 d7e7 f5f3	1730	010s191o
d2Sqj	r4rk1/pb1N1ppp/1p3q2/n1p5/8/P1NP3P/1PPQRPP1/R5K1 b - - 3 19	f6c6 c3e4 c6d7	1730	01191o
fLaY4	r1b2rk1/pp4pp/2n1pn2/2Np4/3P4/P4N2/1q2BPPP/R2Q1RK1 w - - 0 16	c5a4 b2a1 d1a1	1730	011c1o1t
fOAPj	4r2k/ppr1nq1p/4R1p1/2p3Q1/3p1p2/1P1P3P/P1P2PP1/4R1K1 w - - 6 27	g5e5 h8g8 e5c7	1730	0g0s191o
fOZm4	rnb1k2r/ppq2pp1/2p2n1p/3p4/1P2P2P/2P2NP1/P2NP1B1/R1BQK2R b KQkq - 0 10	c7g3 e1f1 f6g4 d1e1 g4e3 f1g1 g3g2	1730	0s13171c1l1w
fhdv1	5R2/4BP1k/4p3/7n/r7/5K1p/5P2/8 b - - 0 49	a4f4 f3e2 h3h2	1730	000g0p111o
gWD2r	2r1r1k1/p2q3p/bp4p1/3pbn2/3N4/4B1P1/PP3PBP/R2QR1K1 b - - 2 25	e5d4 e3d4 e8e1 d1e1 f5d4	1730	010j0y1019
gzOK6	r4rk1/1pp2ppp/4p1N1/1pPp4/1P1P4/P3P1Q1/1BqN2PP/5RK1 b - - 0 20	f7g6 d2f3 c2b2	1730	01191o
hkDEj	q2r1bk1/3r1p1p/4p1p1/4P3/P2B1P2/1P1RQ3/6PP/R5K1 b - - 6 29	f8c5 d4c5 d7d3	1730	01191o
i12bU	7R/8/6pp/3r3k/6nP/R1PP2KQ/2P3P1/4r3 b - - 2 49	e1e3 g3f4 d5f5	1730	0p13151o
i8mhc	8/8/5p2/5P2/3P1kPR/3r3P/7K/8 b - - 0 45	d3d2 h2g1 f4g3 g1f1 g3h4	1730	0g0p10111m
laNWK	6k1/1pp3pp/p1bp2q1/8/1PPB4/P5Q1/3P1PRP/4r1RK b - - 6 29	e1g1 h1g1 g6b1	1730	050y1315191g1o
mwX04	6K1/4b3/6k1/5b2/2Q3n1/8/8/8 b - - 5 65	g4h6 g8h8 e7f6	1730	0p13151o
nf8ik	R7/2p2pk1/4p1p1/3n3p/3P4/Q1p4P/2q2PPK/8 w - - 0 30	a3f8 g7f6 f8h8 f6g5 h8e5 c2f5 h3h4 g5h6 a8h8	1730	0p13181g1w
nvvyX	3R4/p1P2p1k/3b2p1/4q3/6p1/4P3/P1Q2PPP/6K1 b - - 0 33	e5a1 c2b1 a1b1	1730	0p13151o
ogT2Z	r1b2rk1/1p6/4pB1p/p1q5/2p5/4PP2/P1B1KP1P/Q7 w - - 1 25	a1g1 c5g5 f6g5	1730	0g191o
oq8WW	8/7p/7p/2p4P/8/Pk1K2P1/5P2/8 b - - 1 48	c5c4 d3d2 b3b2	1730	0g0p1e1o
osM7W	6r1/pp1pk1pp/q3p3/5n2/5Q2/1Nr1P3/P5PP/3RR1K1 w - - 2 23	f4b4 d7d6 b4c3	1730	0g0s191o
pU1TK	r3kb1r/pppb1ppR/2n1pq2/3p4/3P4/2PBPNP1/PP3PP1/RN1QK3 b Qkq - 0 9	h8h7 d3h7 g7g6	1730	010h1c1o
paebH	1r4k1/Q2Rr1p1/7p/4p3/P7/1q5P/5PP1/3R2K1 b - - 0 27	b3d1 d7d1 e7a7	1730	0g0p1o
pgKmy	5k2/5p2/5Bp1/2p3Qp/1p6/5q1P/r5PK/8 w - - 0 36	g5c5 f8g8 c5c8 g8h7 c8h8	1730	0p101316
pxhIC	5rk1/R4pbp/6p1/4P3/5P2/5QP1/4q1BP/3r1R1K b - - 8 38	e2f3 g2f3 d1f1	1730	010b191g1o
q4qmX	rn1qk2r/ppp1bppp/8/4P3/2Bn1Bb1/P4N2/1P4PP/RN1Q1RK1 w kq - 0 12	d1d4 d8d4 f3d4 e7c5 f4e3	1730	010h101c
qIRcn	2r5/1R4p1/p3kp1p/2r1n2P/4P1PN/P7/2P1N3/2K5 w - - 1 29	e2d4 e6d6 h4f5	1730	0p13151o
qXjh2	6k1/6pp/p1P5/2r2p2/4p3/P1n1R3/5PPP/2R3K1 b - - 1 30	c3e2 g1f1 e2c1	1730	010p1o
r7KKo	r1r2bk1/2qb1pp1/4p1Np/3pP2N/6Q1/2P5/5PPP/q4RK1 w - - 0 25	h5f6 g7f6 g6e7 g8h7 g4g8	1730	0k0m0y101316191n
rE9rZ	6KQ/p4B2/3k4/8/2P5/2b5/r7/8 b - - 0 51	a2g2 g8f8 c3h8	1730	0g0p1o
rFPWL	r5k1/pbp2r1n/1p3p1B/2q1p2Q/8/P6P/1PP3PK/3RR3 w - - 4 23	h5g6 g8h8 g6f7	1730	0g0i0y191o
sknKu	r2r2k1/1p1N1p2/pq2n1p1/7p/8/1P6/P2Q1PPP/R4RK1 w - - 3 25	d7b6 d8d2 b6a8	1730	0g191o
tAqi2	5k2/p3bp1p/1p5P/3pp1p1/4P1Q1/3BK3/Pq3PP1/7R b - - 0 34	e7c5 e3f3 b2f2	1730	0p13151o1s
tdy5U	r1b2k2/6q1/2Pp4/pp2p1Nn/4Pn1Q/2P3PP/PP3P2/3RR1K1 b - - 0 25	g7g5 h4g5 f4h3 g1g2 h3g5	1730	01050b0i0s10191g1n
u6nyU	3rr1k1/q4ppp/p4n2/1bp1N3/1pQ1P3/4PN1P/1P4P1/R3R1K1 w - - 2 24	c4b5 a6b5 a1a7	1730	01191o
uvyeJ	3r1Bk1/1p4pp/p1p1qp2/3b4/P7/1PQ1P1PP/5PBK/1R6 b - - 0 28	d5g2 h2g2 e6e4 g2h2 e4b1	1730	050g0s1019
v1UOQ	r4nk1/1b3pp1/pp2pn1p/8/Pq1r4/2NBN1P1/1P2QPP1/2RR2K1 w - - 0 22	e3c2 b4b2 c2d4	1730	010s1112191o1r
v3XdO	8/1p4pp/1R1Nrp2/p1K5/P4k2/2P1nP2/1P5P/8 b - - 15 33	e6e5 c5d4 e5d5	1730	0p13151o
vEjie	8/5R1p/2k1P1p1/8/1bp2P2/3p2PP/P7/3K4 b - - 3 34	c4c3 f7d7 c3c2 d1c1 b4a3	1730	000g0p0r10
xig42	8/6pp/4pp2/3pP2P/2bP1kP1/2K2P2/pB6/8 w - - 1 53	h5h6 g7h6 e5f6	1730	080g0i0p1o
0Cuyr	1k1r3r/ppp1Qp1p/2b5/6PP/3n4/7B/PP2PP2/R1B1K1R1 b Q - 0 20	d4c2 e1f1 d8d1	1731	0s1315191f1o
0KoND	r1b2rk1/p4ppp/2p5/6q1/4p1n1/2B3K1/PPBQNPP1/R4R2 b - - 4 16	g4e3 g3h2 g5g2	1731	0j0k1315191o
0dBhF	4r1k1/pp3ppp/2n2q2/8/P2P2P1/R1P2N2/4rPP1/3QR1K1 b - - 1 18	f6f3 g2f3 e2e1 d1e1 e8e1	1731	010s1019
0u1w6	6k1/1b6/p5r1/4R3/P2n1P2/QP5P/3r1P2/2R2K2 b - - 0 40	b7g2 f1e1 d4f3	1731	1315191o
2Of36	2rqr1k1/p2pbppp/1p2p3/3nN3/3P1B2/2P2Q1P/PP3PP1/4RRK1 w - - 3 18	e5f7 g8f7 f4c7 f7g8 c7d8	1731	010j0k1011191n
2bEEm	3r1k2/1b3ppr/p6p/1p2q3/2pN4/4BP2/P2Q2PP/4R1K1 w - - 2 26	d4e6 f7e6 d2d8 f8f7 d8d7	1731	0g0j1019
3YDBH	8/7p/3k2p1/8/2p1PpPP/2P5/4K3/8 b - - 0 57	d6e5 e2f3 h7h6 g4g5 h6h5 f3e2 e5e4	1731	0g0p1e1l1w1z
5p2Ya	b2r3k/p1p2p2/2q3p1/4R3/8/2BB1P1P/P1P3P1/6K1 w - - 0 27	e5h5 h8g8 h5h8	1731	0k0m0p13151d1o
75EfZ	5rk1/p3b3/1p3n1p/2p1B1p1/2PpN3/PP1P1KPP/8/1R6 b - - 1 28	f6d7 f3e2 d7e5	1731	0g0j0k0p1o
9WYuX	1Q6/6pk/P7/7K/8/4n1r1/8/8 b - - 2 39	g7g6 h5h4 e3f5	1731	0f0p13151o
9vWjf	r6k/1pp2p1p/p1p2p2/2b5/4P3/2P1rP1P/PP4P1/RN1KR3 b - - 6 19	a8d8 b1d2 e3d3 e1e2 c5e3	1731	010d0p10
AoG5e	5rr1/1p3pk1/p1p5/3p2P1/1P1P3R/P3P1qB/4Q3/7K w - - 0 48	h4h7 g7h7 e2h5 h7g7 h5h6	1731	050p1013161n
BS9wd	4rk2/pb3pp1/q3p3/2P1P1P1/2pp1P1Q/P3P2R/2P4P/R5K1 b - - 1 27	a6c6 h4g3 c6h1 g1f2 h1a1	1731	0g0p101p
CIENc	r2qk2r/pp4pp/2n1pn2/2bpp1B1/8/2N3P1/PPP1PPBP/R2QK2R b KQkq - 1 9	c5f2 e1f2 f6g4 f2g1 d8g5	1731	0104050j101c1n
CdNfB	2r3r1/4k1bR/p2p4/4pQ2/8/5K2/PPp2P2/8 w - - 4 40	h7g7 g8g7 f5c8	1731	010i0p1o
DfbzV	rn2kb1r/pb1qnppp/1p2p3/8/3PN1P1/P6P/1P3PB1/R1BQK1NR w KQkq - 1 11	e4d6 d7d6 g2b7 b8c6 b7a8	1731	0g0i0j101c1t
EZAT7	2k3N1/2p2p1p/p6r/1p2p3/Pb1n4/3P2Pq/1PP2PQP/R1B2RK1 b - - 0 23	d4f3 g1h1 h3h2 g2h2 h6h2	1731	030y10131619
FTKix	r3k2r/Bpp1q1p1/p2pp3/3Pp3/PPB5/1NPP2p1/5PP1/R2Q1RK1 b kq - 0 17	h8h1 g1h1 e7h4 h1g1 h4h2	1731	050y101316191n
GylLk	5R2/8/6p1/1p1b4/1B4kP/P7/2r1nPPK/8 w - - 1 39	f2f3 d5f3 g2f3 g4h4 b4e7 g6g5 f8h8	1731	0p13171w
HDkRl	rn1q1r2/2p5/3kpnR1/1b1p2Q1/p1pP1P2/P1B1P3/1P5P/2KR1B2 w - - 1 22	c3b4 d6c6 b4f8	1731	0g191o1p
HPy4X	2r1q1k1/R4rb1/1p2b1pp/5p2/3p4/6P1/1P1QPPBP/2R3K1 w - - 2 25	c1c8 e8c8 a7a8 c8a8 g2a8	1731	0110191g
JhUkd	r2qrnk1/pp3ppp/3p1b2/2pPp3/2P3N1/P5QP/1P3PP1/R1B1R1K1 w - - 9 18	g4h6 g8h8 h6f7	1731	0g0i0y191g1o
MIJch	rn2kb1r/pp2pppp/2p2n2/4NN2/b7/3P4/Pq1BQPPP/R3KB1R w KQkq - 0 11	f5d6 e7d6 e5c4 b2e5 c4e5	1731	010j0k10111c1n
MqcfM	1r5k/1bQ3p1/2n2qBp/1pp5/8/P4PP1/2P4P/4R1K1 w - - 1 31	c7b8 c6b8 e1e8 f6f8 e8f8	1731	0s101316191f1n
Nfh93	4r1k1/5ppp/8/1pq5/p2NrB2/P1P2Q1P/6P1/R5K1 b - - 0 27	e4d4 c3d4 c5d4 g1h2 d4a1	1731	0g0s1019
Ofu9r	4r1k1/1b2qp1p/1p2p1p1/4B3/8/2PR3Q/rP3PPP/6K1 w - - 0 28	h3h7 g8h7 d3h3 e7h4 h3h4 h7g8 h4h8	1731	051317191d1n1w
PdrzW	1r2r1k1/3p1ppp/p7/3P1R2/8/1P6/P2p1PPP/3R1K2 b - - 0 26	b8c8 f5f3 c8c1	1731	0g0p1g1l1m1o
PeeKo	3r1r2/pp2Npkp/1b6/5Q2/1P6/P2RP3/2q2PPP/6K1 w - - 0 24	f5g5 g7h8 g5f6	1731	1315191o
PlabO	6r1/2q2p2/k1p1pp2/2Pp2r1/3P3p/1R4P1/P1P2P1P/1R4K1 w - - 0 25	b3a3 c7a5 b1b6 a6a7 a3a5	1731	0d0p0r1013161g1j
Plgxb	r1b2kn1/p1pn4/1p3pQ1/3ppB2/3P1q2/2P5/PP1N1PPP/R3K2R b KQ - 1 15	g8e7 g2g3 f4f5 g6f5 e7f5	1731	011019
Q0lcv	3q1rk1/5pp1/2p4p/2N5/3r1R2/8/6Q1/5RK1 w - - 0 37	c5e6 f7e6 f4f8 d8f8 f1f8 g8f8 g2f2 f8e8 f2d4	1731	050g0s1112191w
QAnri	4r3/pp2Rp1p/2pn4/3p1kpN/3P4/2P2P2/PP3P1P/6K1 w - - 4 24	h5g7 f5f6 e7e8 d6e8 g7e8	1731	010p0s10
QJwcg	1r1q3r/3nk3/8/2bp2N1/Q6P/8/PPP2P2/2K4R w - - 0 22	h1e1 e7f8 g5e6 f8f7 e6d8	1731	0g0r0s1019
QWy3k	8/ppp5/8/3k4/1P1P4/r1P1R3/4K3/8 w - - 6 44	c3c4 d5c4 e3a3	1731	0g0j0p1m1o
RYUeE	3r3k/p1p3p1/1b3q1p/8/3PR3/2PQ1p1P/P4P2/4R1K1 b - - 3 31	f6g6 e4g4 g6d3	1731	0g0p1o
SO659	6k1/p7/2b2p1p/8/2Pb1B2/3Q4/2n3PP/4R2K b - - 0 34	c6g2 h1g2 c2e1 g2f1 e1d3	1731	050g0p0s10
SP086	rnb2rk1/ppp2ppp/3p4/2n5/2BN3q/5Q2/PPP2PPP/RN2R1K1 w - - 4 11	f3f7 f8f7 e1e8	1731	0y13151c1g1n1o
ST7hM	2r1r3/k1pR4/1pP2p2/p5p1/P1QP4/2n2PP1/2P2K1P/8 b - - 4 34	c3d1 f2g1 e8e1 c4f1 e1f1	1731	0g0p10
T7hHO	8/pp1k1ppp/4p3/3pPP2/3B4/1Q1q1N2/PP1b3P/2RK4 b - - 0 25	d2c3 f3d2 d3d2	1731	0j0k0p13151o
TuE2V	7r/p1kn1p2/3bP3/2p5/P1N1Bq2/2P5/6P1/3QR1K1 b - - 0 30	h8h1 g1h1 f4h2	1731	051315191n1o
VWwIq	8/8/8/5pk1/4p3/4P1K1/1r3PR1/8 w - - 9 67	f2f4 e4f3 g2b2	1731	0g0j0p1m1o
VYR2D	8/8/PK6/2R5/2pk4/8/8/r7 b - - 4 49	a1a6 b6b5 a6a5 b5a5 d4c5	1731	0g0i0p101m
W1RNt	5rk1/ppp1b1pp/2Pp2q1/3N4/4P3/4N3/PPP2rPP/R1BQ3K b - - 3 18	g6g2 e3g2 f2f1 d1f1 f8f1	1731	060s101316191n
X3lvb	3r4/1pN2kp1/p1p3np/2b1pN2/8/8/PPP3PP/5R1K w - - 0 21	f5h6 f7e7 f1f7 e7d6 h6f5	1731	0k0m0p101316
XXMZv	r3kbnr/pp3ppb/4p2p/3pP2P/3q2P1/1P3P2/P2B4/RN1QKB1R w KQkq - 0 14	f1b5 e8e7 d2g5 h6g5 d1d4	1731	0g0j1019
XhrZD	8/3r1rkp/p5p1/1pp1RpQP/8/3q4/P7/4R2K w - - 0 35	h5h6 g7g8 e5e8 f7f8 e8f8 g8f8 g5f6 d7f7 f6h8	1731	050p13181w
XmaAu	8/5p2/rR1p1pkp/P7/3pP2P/3P1PP1/7r/R4K2 b - - 2 35	a6b6 a5b6 h2h1 f1g2 h1a1	1731	0g0p0r101m1p
YWKWd	3r2k1/2R2pp1/4r2p/p7/3p1B2/2b2B1P/b1P2PP1/3R2K1 w - - 0 26	c7c3 d4c3 d1d8	1731	0111191o
YzLiu	4r1k1/pp3pb1/3p4/5P1R/5PQ1/2q5/P1P5/2K3R1 b - - 1 25	e8e1 g1e1 c3e1	1731	010p1o
a3qRp	r4rk1/4qp1p/p2pbRp1/1p6/Pp2P3/2Q5/1B4PP/5RK1 w - - 0 25	f6g6 f7g6 c3h8	1731	0d0y1315191n1o
cde65	r6r/1pp1kpp1/1bp1b2p/p3Pn2/P3N3/2B2N2/1PP2PPP/R3R1K1 w - - 2 16	g2g4 h8d8 g4f5	1731	01191o
cmscB	6k1/6pp/P7/1Q6/4P3/4q2P/1K1R2P1/r7 b - - 2 36	e3a3 b2c2 a1c1	1731	0p0x13151o
dNbXj	b2r4/R5pk/p3B2p/Np6/5n2/P4r2/1P5K/6R1 w - - 5 36	g1g7 h7h8 g7h7	1731	1315191f1o
e2GO7	8/1b1Q4/kr2p3/3pP3/pR6/2P1P1P1/KP3P2/3q4 w - - 12 49	b4a4 d1a4 d7a4	1731	0p13151o
e31zO	6k1/1R3rpp/p3p3/2p5/P1B1P3/q2P4/2P3PP/6K1 w - - 0 25	b7b8 f7f8 c4e6 g8h8 b8f8	1731	060i0p10111316
gay38	r2q1rk1/4nppp/2p3b1/p7/P2N4/2PB4/1P3PPP/R2Q1RK1 b - - 0 20	g6d3 d1d3 c6c5 f1d1 c5d4	1731	011019
h32A7	r1b2k1r/p1p2pp1/1p1P4/2bP4/2P2Bqp/2N3P1/PPQ1B1KP/R3R3 b - - 1 19	g4h3 g2h1 h4g3	1731	0g0i191o
hm2de	3B1k2/3Q2p1/2q3p1/n4p2/5P2/4p1K1/6PP/8 w - - 6 46	d7e7 f8g8 d8a5	1731	010p1o
iKSD1	r4rk1/pR4pb/3p1pNp/3q3P/P1p3P1/2P1Pp1R/2Q2P2/4K3 w - - 0 26	g6e7 g8h8 c2h7 h8h7 e7d5	1731	0g0j0s1019
iMske	5rk1/5rb1/p5qp/1p2nN2/4Q2P/P1Pp4/BP4P1/R6K w - - 0 28	f5e7 g8h7 e7g6	1731	0g0y191g1o
iRDKx	6r1/6k1/2R5/5p1p/2P1pP2/7P/5r2/1R5K w - - 2 34	b1b7 g7h8 c6h6	1731	0p13151m1o
idCEJ	3Q4/5ppk/4p2p/5n2/P7/8/1P6/5qQK b - - 4 64	f1h3 g1h2 f5g3 h1g1 h3f1	1731	0p0r101316
jq1Lz	2r1r3/pp2ppk1/1q4p1/3pN2p/1n1P3P/2P1QN2/P4PP1/1K1R3R b - - 0 19	b4d3 b1c2 b6b2 c2d3 c8c3	1731	0j0k101316191k1n
k5UVn	3r3r/p1pk1ppp/Q1n5/1pp1p1P1/2b1P2P/2Pq1P2/P3N3/1R2KB1R w K - 2 19	b1d1 d3d1 e1d1	1731	01191g1o
kGTUR	4r1k1/Q5pp/2b1qb2/5p2/8/3B4/5PPP/2B2RK1 b - - 0 23	e6d5 d3c4 d5c4	1731	0g191o
lmayD	5r1k/8/2p1pqRP/pp6/1b1rQp2/3B4/PPP2P2/2K5 w - - 1 28	g6g8 f8g8 e4h7	1731	0d1315191n1o
mvqwD	8/P5Rp/3k1p2/5P2/r3PK2/2p4P/8/8 b - - 0 45	c3c2 g7g1 a4a7	1731	000g0p1m1o
nj8OI	8/p4ppk/2p1r2p/3p3q/1P4n1/3PB1Q1/2P1NP1P/4R1K1 b - - 11 25	g4e3 f2e3 e6g6	1731	01191g1o
nlJJf	r5k1/ppp3pp/8/5p2/3P2n1/1PP2q1b/PB1NR3/R2Q2K1 b - - 1 24	f3g3 g1h1 g4f2 e2f2 g3f2 d1f3 f2d2 f3h3 d2b2	1731	010r0s191w
pNbYL	3r4/pp3k2/4p3/3P1p2/2P1bP1P/1P4P1/P2R1K2/8 w - - 1 47	d5e6 f7e7 d2d8 e7d8 h4h5 d8e7 h5h6	1731	0g0j0p111l1w
pjlII	r5k1/1p4p1/3P1pp1/p7/P1P1bN1P/1Pq5/K6Q/R7 b - - 0 32	e4c2 a1b1 c2b1	1731	0g0p1o
prqNL	r7/8/8/2k5/8/1KP5/R1P3PP/8 b - - 0 49	a8b8 b3a3 c5c4 a2a1 c4c3	1731	0g0p101m
s40m5	2r2nk1/1pr3pp/4p3/pP1pPpN1/P2q4/Q5P1/5P1P/2R1R1K1 w - - 2 31	c1c7 c8c7 a3f8 g8f8 g5e6 f8e7 e6d4	1731	050g0s191n1w
sLadE	r2QR3/pb4qk/1pp3np/2P3pB/1P2p3/P3P1P1/6PP/6K1 w - - 2 27	h5g6 h7g6 d8d6 g6h7 e8e7	1731	050g10191g
sS1U9	8/p6p/6qk/2p1Q3/2Pp1r1P/5rP1/P2RR1K1/8 w - - 15 45	e5g5 g6g5 h4g5 h6g5 g3f4	1731	01050p0r10
sbVlX	1r3k2/2q2N2/3N1Qp1/4P2p/1n1P1P2/8/1b3PKP/2q5 w - - 4 42	f7h6 c7f7 f6f7	1731	0j0k1315191o
t27Cx	r3kbnr/pp3ppp/1qn1b3/3Np3/5P2/1B1P4/PPP3PP/R1BQK1NR b KQkq - 0 8	e6d5 b3d5 b6a5 c2c3 a5d5	1731	010r0s101c
tOmts	rn1qk1nr/ppp2ppp/8/4p3/1bp3b1/3P4/PP1NPPBP/R1BQK1NR w KQkq - 0 6	d1a4 b8c6 g2c6 b7c6 a4b4	1731	010s101c
uOLGM	8/1p1R4/p4k1p/q1r1pp1P/8/5P2/PpP2Br1/1K1R4 w - - 4 35	f2h4 f6e6 d1d6	1731	090p13151o
vytLx	8/p1R5/1pn2rk1/7p/5PPK/2p5/P7/8 w - - 0 50	f4f5 f6f5 g4f5 g6f5 c7c6	1731	0g0p10
wa5xh	2kr3r/1pp3p1/p6p/2bq4/Q7/P4N1P/1n3PP1/1R1R2K1 w - - 0 22	a4g4 c8b8 d1d5	1731	01191o
wrovq	k7/8/4p3/1KP1Pp2/3Pp1p1/4P1Pp/7P/8 b - - 0 64	f5f4 g3f4 g4g3	1731	0g0p1e1o
xCGEn	1Q6/p4p1p/kBp5/6p1/P4p2/8/KPqp2P1/R3bR2 b - - 0 34	c2a4 a2b1 d2d1q	1731	000p13151h1o
xaxLw	8/1Q6/p7/P1K5/k7/8/3q4/8 b - - 6 62	d2a5 c5c4 a5b5 b7b5 a6b5 c4c3 a4a3	1731	0g0h0p1i1w
zHrU8	1r3r2/p1p2p2/b6k/6R1/4N3/1P1p4/PB3K2/8 w - - 3 37	b2g7 h6h7 e4f6	1731	0f0p0s13151o
zr6JG	5rkr/1b1pn2p/p2Np1nQ/1p5B/PP2P3/2q5/6PP/5RK1 w - - 0 26	f1f8 g6f8 h5f7	1731	070y1315191o
zvlce	3k1b1r/r1q2Qpp/2bp1n2/2p3B1/8/2N5/PPP2PPP/R3R1K1 w - - 1 21	g5f6 g7f6 f7f6 d8c8 f6h8 c7g7 h8g7	1731	0g0r0s191g1w
zxApJ	8/8/5p2/4k1p1/6Pp/3K1P2/6P1/8 b - - 0 48	e5f4 d3e2 f4g3 e2f1 h4h3 g2h3 g3f3	1731	0g0i0p1e1w
0fm6V	4r3/p7/1pp4p/4Bkp1/3P1n2/4R3/P4KPP/8 w - - 8 38	e5f4 e8e3 f4e3	1732	010p1o
1Us8C	8/2p3pk/1pppP2p/8/6R1/1P2Q2P/1Pq2rPK/8 w - - 6 32	e6e7 f2e2 e7e8q e2e3 e8e3	1732	000g0p101h
1vXCq	8/p5pk/4p2p/5b1P/1P6/4PQP1/2q3BK/8 w - - 1 31	e3e4 f5g6 h5g6	1732	0g0p111o
3QYxj	6k1/6p1/p3r2p/8/2pNPp2/5PbP/P3R1P1/5K2 b - - 1 32	e6d6 e2d2 c4c3 d2d1 c3c2 d1c1 d6d4	1732	000g0p1w
4p6j5	2r2nk1/4p2p/3p1pnQ/1NpP1Np1/2P1P3/6PR/1q3P1P/r4RK1 b - - 5 29	a1f1 g1f1 b2b1 f1e2 b1e4	1732	050g0y1019
5ahuV	2r2r1k/pp3p2/4b3/3N2p1/3R4/2Q3P1/PP2PqP1/2K2B2 w - - 0 22	d4h4 h8g8 d5e7	1732	0k0m1315191o
6etkw	3q2k1/pb3pbp/1p1p2p1/8/1PR2rB1/3Q4/P4PPP/5RK1 b - - 1 22	b7a6 c4f4 a6d3	1732	0g191o
7Aw5t	rn1qk2r/pp2bppp/2p1p3/6Bb/2BP2nN/2N2P2/PPP4P/R2Q1RK1 w kq - 0 13	g5e7 d8e7 f3g4 e7h4 g4h5	1732	010w1019
8NUF5	8/5Qp1/p3p2p/1p1bP3/1P2n2k/q6P/6P1/5BK1 w - - 0 33	f7f4 h4h5 f4g4	1732	0p13151o
8geSe	r1b3k1/pp1q2b1/3p2Q1/2p1r1NR/2Pp4/6P1/PP3PP1/R4K2 w - - 1 24	h5h8 g8h8 g6h7	1732	050y1315191g1n1o
A7Vny	r3r1k1/ppp2ppp/2p5/5b2/5Q2/3P2Pq/PPP2P1P/RNB2RK1 b - - 0 16	h3f1 g1f1 f5h3 f1g1 e8e1	1732	050y101316191f1n
AHPqv	2b2rk1/3r1pp1/p6p/1p6/3q1N2/P5QP/1P3RP1/5R1K w - - 12 38	f4e6 f7e6 f2f8	1732	0g0j191o
ATGAv	4r1k1/1pr2p1p/p3p1pQ/P1P3N1/3qn3/5R1P/5PP1/6K1 w - - 0 34	h6h7 g8f8 f3f7 c7f7 h7f7	1732	0y10131619
AZ5T3	1r6/8/2B5/pP3k1p/P3n1p1/6P1/6K1/2R5 w - - 2 42	c1f1 f5e5 f1e1	1732	0g0p1o
BPP3n	5rk1/3q2Rp/2rQ4/pp1p1b2/2pP1B2/2P1PP1P/P3K3/7R b - - 0 24	d7g7 d6c6 g7g2 e2e1 g2h1	1732	010s101119
BXcap	r6r/1pb5/1k2p3/p1R1P2p/1P1pN1p1/6P1/P5PP/4R1K1 w - - 0 25	b4a5 a8a5 e1b1 b6a7 c5c7	1732	0g0i0p10
BgGN0	2r5/pp2qpk1/3p2p1/3P3p/2PN2nP/4rNK1/PP1Q2P1/R3R3 b - - 1 24	e7e5 g3h3 e5h2	1732	1315191g1o
ByKpx	1r4k1/p1q2rb1/1n1p1p2/3PnN1Q/2p1P2R/2P5/1PB3PP/6K1 w - - 0 27	h5h7 g8f8 h7h8 g7h8 h4h8	1732	0r0y101316191n
E4PIp	8/4ppk1/P1p3p1/2q4p/4P3/8/6P1/1Q5K w - - 0 48	b1a1 f7f6 a6a7	1732	000g0p11121i1o
E88w5	8/pp1q3k/2p1rPpN/8/4p3/1PP1Q1BP/P3K3/8 b - - 0 31	d7d3 e3d3 e4d3 e2d3 h7h6	1732	010k0m0p0r10
EF6V5	5bk1/2r4p/6p1/1pB1pp2/1P6/P4P2/3K2PP/2R5 b - - 5 29	f8h6 d2c2 h6c1	1732	0g0p111o1p
EkmU6	r2r2k1/1B3ppp/1pn1pq2/2P5/4P3/2P5/P1Q2PPP/R3K2R b KQ - 2 17	c6b4 c3b4 f6a1	1732	0g191o
Euo89	r2qr1k1/pppb1ppp/5n2/3P4/5b2/3B4/PP1Q1PPP/RNB1R1K1 w - - 5 16	e1e8 d8e8 d2f4 e8e1 d3f1 d7b5 b1d2	1732	010h1c1w
FZPVM	r5k1/pR3pb1/7p/3P1bp1/3p4/P5P1/1P1BrPBP/3R2K1 b - - 0 20	f5c2 d1e1 e2d2	1732	01191o
FytOQ	2rq1rk1/pp2bppp/5n2/3p4/3P4/3B1N2/PPQ2PPP/2R1R1K1 w - - 4 17	c2c8 d8c8 c1c8 f8c8 e1e7	1732	0g1019
HWkIX	4rrk1/1p3ppp/p4q2/2pPRNb1/5P2/2PR2Q1/PP4PP/6K1 b - - 0 24	e8e5 f4e5 f6f5	1732	010b191o
HyZyC	2B5/3Q1p1p/p6p/2k1P3/1b5P/qPp3P1/5P2/1K6 w - - 7 39	d7d6 c5b5 c8d7 b5a5 d6c7	1732	0p101316
I7Tyj	4r3/6pp/2pBRnk1/2Pp4/5RP1/r4PKP/8/8 w - - 5 37	f4f6 g7f6 e6e8	1732	0g0p1o
IAOLj	8/1pp4R/2kpn1n1/1p1Np2p/P1P1P1p1/1N1P2P1/1r5P/7K w - - 0 35	a4b5	1732	0p13141b
Io031	r6k/7p/pp2q3/2b3R1/4p3/6QP/PP3P2/6K1 w - - 0 33	g3c3 c5d4 c3d4 e6f6 d4f6	1732	0p101316
KFRA2	2rk3r/p3Rp2/4b1p1/2BB3p/5R2/2P5/P1P3P1/2K5 b - - 0 28	c8c5 e7e6 f7e6	1732	010t191o
Kqtra	r5k1/ppp1q1pp/2npNr2/4p1B1/4P1Q1/2P2N2/PP3KPP/R7 b - - 2 16	e7e6 g4e6 f6e6	1732	01191o
NSKkZ	5rk1/1b4p1/3bn2p/pp1p4/3PN1P1/P1P1B3/BP4P1/5RK1 b - - 0 24	d6h2 g1h2 f8f1	1732	010i0y191o
Nv10s	8/K1p5/2k4p/2P2pp1/1P3P2/4P3/7P/8 b - - 0 34	g5g4 a7b8 h6h5	1732	0g0h0p1e1l1o
O28Sm	2k1q2r/pp3p2/2p4p/2brp1p1/B7/P4Q2/1P3PPP/R4R1K w - - 0 21	f3d5 c6d5 a4e8	1732	01191o
OFAhK	2k1rb1r/pp6/2q3pp/2p5/2Pp4/5QNP/PP1n2P1/2K1R2R w - - 0 22	f3c6 b7c6 e1e8	1732	01191k1o
OQWNi	8/7k/6p1/8/3b1p2/7P/5rPK/1R3N2 b - - 1 49	f4f3 h2g3 f3g2	1732	000g0p1o
OboU3	5k2/5P2/1p2P3/1P3NK1/8/8/7p/7r w - - 2 61	g5f6 h1e1 e6e7 e1e7 f5e7 h2h1q e7g6	1732	000p0r13171w
On9Nw	8/6kp/5pp1/1p2p3/1Pr5/4P2P/5PP1/2R3K1 w - - 0 34	c1c4 b5c4 g1f1	1732	010h0p1m1o
OnPAp	8/1b4pp/p1q3k1/2p3P1/2np1Q1P/8/PPP3N1/5N1K w - - 4 32	h4h5 g6h5 f1g3 h5g6 f4f5	1732	050p0r101316
P6m9p	q4rk1/5ppp/8/3p1PPB/n2QP3/1p6/7P/1K1R3R b - - 2 29	a4c3 d4c3 a8a2 b1c1 b3b2 c3b2 f8c8 c1d2 a2b2	1732	000d0g0i0r11191k1n1w
QMuEE	8/1R6/1p1rpppk/p1p1Q2p/2P2P1P/6PK/P7/1q6 w - - 2 46	e5g5 f6g5 f4g5	1732	0p13151n1o
R63BG	2r1k3/2q2p2/p2RbQrp/1p2P3/4p3/8/PP3PPP/5RK1 w - - 4 26	d6e6 f7e6 f6g6	1732	0g0i191o
RxcI6	r1b1kbnr/pp3ppp/8/q1p1P3/1n2P3/P2P2P1/1P1QNPBP/R1B1K1NR b KQkq - 0 11	b4c2 e1d1 a5d2 c1d2 c2a1	1732	010j101c1g
SjGuJ	3Q1r1k/p1R4p/1p2p1n1/3pP3/4p1P1/1P2P2P/P4qBK/8 w - - 5 31	d8d7 f8f7 d7f7 f2f7 c7f7	1732	0g0p10
Ue2nh	2r4k/pp6/2n3Rp/2p1p1p1/Q1B4P/5PB1/Pq4P1/6K1 b - - 0 31	b2b1 g1h2 b1g6	1732	010s191o
Upx1M	8/pp4R1/2k2q2/2p1pN2/4P3/2KP4/PPP5/8 w - - 1 48	g7g6 f6g6 f5e7 c6d6 e7g6	1732	050g0p0s101g1n
V9ZNk	r7/p3k1r1/4q1p1/Pp1p4/8/5Q2/1P3P2/2BK3R w - - 1 39	h1e1 e6e1 d1e1	1732	0g0p1g1o
VFe6g	r5k1/pp2Rp1p/2q3p1/2Q3P1/3r1P2/1P4KP/P7/2R5 b - - 0 26	d4d3 e7e3 c6c5 c1c5 d3e3	1732	0b0g0p0w10
Y03Vn	2r4k/3p3p/p5pP/1p3q2/8/1Q6/PPP5/3KR3 w - - 7 34	b3c3 c8c3 e1e8 f5f8 e8f8	1732	0p1013161n
Y1Zt0	5b2/5pkp/6p1/R2Np3/3nP3/3K1P2/1r1B2PP/8 b - - 0 32	b2d2 d3d2 d4b3	1732	01050p111n1o
YB7Qe	rnq1k2r/pb2bppp/2p2n2/1p1p2B1/B7/2N2Q2/PPP2PPP/R3R1K1 w kq - 0 14	g5f6 g7f6 f3f6	1732	0g191g1o
YbNm5	6R1/3k1P2/2pBp3/1p1p4/1P1K2P1/2P2r1p/r7/8 w - - 4 44	f7f8q f3f8 d6f8	1732	00010p1h1o
ZB2ix	r6k/1pp3p1/3p4/pP3Q2/P2P4/5P1n/K5RP/5q2 w - - 12 32	f5h3 h8g8 g2g7 g8g7 h3f1	1732	0g0j0p0t10
Zkjuv	8/Bk6/1P6/P3b3/8/3NPKpp/8/8 b - - 1 46	g3g2 d3e5 g2g1q a5a6 b7a6	1732	000g0p10111h
avz4b	1r3r2/p2p2k1/3Np1p1/2p1q3/2P4Q/5p2/PP6/2K4R w - - 4 27	h4e7 f8f7 e7f7	1732	0p13151o
cf0BG	2rq1rk1/1p2ppb1/3p2pp/p2Nn2n/2Q1P3/P4N2/1PP2PPP/2BRR1K1 w - - 4 19	c4c8 d8c8 d5e7 g8h7 e7c8	1732	050g0s10191n
cvu6D	r5n1/p2Q1p1k/1p2p3/4q1p1/6P1/8/PPP5/2KR4 w - - 0 24	d7f7 e5g7 d1h1 g8h6 h1h6 h7h6 f7h5	1732	050p0r13171g1w
dUIug	r1b2k2/pp1q3Q/4ppB1/8/4N3/P3p2P/1P4P1/7K w - - 0 27	h7h8 f8e7 h8f6	1732	0p13151o
dUiQu	3r3k/pb3Qpp/1p1q4/2p5/4p1P1/N1P1P1RP/PP1r4/5R1K w - - 11 34	a3c4 d6b8 c4d2	1732	0g0s11191o
gHXbX	r1b2rk1/pp4p1/7p/4pPq1/1bPpQ3/1P6/PB1PBP1P/2KR2R1 b - - 0 16	b4d2 d1d2 g5g1	1732	010i191k1o
gcMse	r4r2/pbp2p1p/2qb1k2/4pp2/8/1P1P1N2/1P1Q1PPP/R3R1K1 w - - 0 19	d2g5 f6e6 f3d4	1732	0g191g1o
gn3nn	r7/1p6/k1n5/2Q5/p2P4/N1P4P/KP2q1P1/8 w - - 0 39	a3c4 e2c4 c5c4	1732	0g0p1l1o
h0XqC	k4r1r/P7/3q4/3p4/1P1Np3/2P3Pp/4Q3/R3R1K1 b - - 0 34	d6g3 g1h1 f8f2 e2f2 g3f2	1732	0g1019
hwhbF	5rk1/R4pp1/2p4p/8/3P4/P4Q1P/2q2PP1/6K1 b - - 0 26	c2b1 g1h2 b1b8	1732	0g0p1o
i7ES2	1r1qrbk1/p1pb1pp1/3p1n1p/2p2NB1/4P3/2N2Q2/PPP2PPP/1R2R1K1 w - - 0 15	f5h6 g7h6 g5f6	1732	0g0i0y191o
khxJ4	r3r1k1/5ppp/Q7/8/8/5N2/Pq4PP/R3R2K b - - 0 24	b2a1 e1a1 a8a6	1732	010w191o
knsns	8/3Q4/6kP/8/4pK2/8/4qp1P/8 w - - 4 54	d7g7 g6h5 g7g5	1732	0p13151i1o
lY9JB	6rk/5p1p/ppq2PpQ/2p2p2/2P2n2/2B2r1P/PP1R3K/2R5 w - - 0 32	h6g7 g8g7 f6g7 h8g8 d2d8 c6e8 d8e8	1732	000y1317191n1w
lwa4H	rn2k2r/ppp2ppp/8/2b1P3/2Bqp1Q1/3P4/PPP3PP/R1B1K1NR b KQkq - 0 9	d4f2 e1d1 f2f1 d1d2 e4e3 d2c3 f1e1 c1d2 e1d2 c3b3 d2b4	1732	0r13181c1w
mu2jv	2k5/2q1r3/1p1r2p1/8/Q7/P6P/1B6/KR6 w - - 3 44	b1c1 c7c1 b2c1	1732	010p1g1o
n6PFb	8/1p3pkp/3Rb1p1/8/5P2/2r4P/rP4P1/1K3B1R b - - 0 22	a2a1 b1a1 c3c1	1732	050p13151f1n1o
oE0lp	r1k3r1/ppp1Qp2/7p/2B5/2P5/1P1PRq1p/1P3P2/R4K2 b - - 3 21	g8g1 f1g1 f3g2	1732	051315191n1o
oiyKD	r7/ppp3rk/1bn2p1p/4p3/1P2P3/1BP2N1q/P6R/RN1Q3K b - - 1 20	h3f3 d1f3 g7g1	1732	0y1315191d1n1o
pZGeO	8/8/1p6/1P4R1/1k1rPR1P/1p1P2n1/6K1/8 b - - 0 43	b3b2 g5g3 b2b1q	1732	00010p111h1o
q27tE	r1b1qr1k/pp4pp/2p2pn1/2b2P2/3pp3/1B1P1R1Q/PPP3PP/RNB4K w - - 0 16	h3h7 h8h7 f3h3 g6h4 h3h4 e8h5 h4h5	1732	050y1317191f1n1w
qWacF	2b3k1/r5pp/2pRp3/8/5r2/1BB2P2/1P4P1/7K w - - 0 31	d6d8 f4f8 d8c8 f8c8 b3e6 g8f8 e6c8	1732	01050b0p0s1g1w
qnrCg	r4r1k/pp1qnQbp/2n3p1/1N2p1B1/3p4/5B2/PP3PPP/2R1R1K1 w - - 12 18	f3c6 b7c6 f7e7 d7e7 g5e7 c6b5 e7f8	1732	0111191w
rGloh	7r/2p2Q1p/1kqbR3/1p6/3P4/2P2P2/r5PP/1R4K1 w - - 6 30	e6d6 c7d6 f7a2	1732	010j191g1o
raz2Z	2r3k1/5Rpp/8/p2Bq1P1/4P2P/1P6/K7/3R4 b - - 0 36	c8c2 a2a3 e5d6 b3b4 d6b4	1732	0p101316
vfgGS	2kr3r/1q3p2/R1b1pPp1/1p1p2P1/2pP1Q2/2P3B1/7p/3K3B w - - 1 43	a6a8 c8d7 f4d6 d7e8 d6d8	1732	0r101316191k
wmt0x	4r1k1/pR1R2pp/4p2b/3pP3/P5P1/2rp1N2/7P/5K2 w - - 0 26	g4g5 d3d2 f3d2	1732	010p1o
y1QUP	r2R4/p4pk1/b1pNp1pp/2q5/5N2/6P1/PP5P/5R1K w - - 6 23	f4e6 f7e6 f1f7	1732	0d1315191n1o
0xccK	6k1/4Q1pp/2b1p3/2P1P3/3p1pPn/5P1P/1r1N1K2/R7 b - - 0 29	b2d2 f2f1 c6b5 f1g1 h4f3 g1h1 d2h2	1733	030p0t13171w
2tKMd	6rk/1p4rp/p4p2/3B4/P4Q2/5b2/1P3PPP/3R1RK1 b - - 0 27	g7g2 g1h1 g2g1	1733	0k0m1315191f1o
4x5z8	3q2k1/4rp1p/4b3/2R5/4pp2/1PQ3P1/P3PP1P/3r1BK1 w - - 0 24	c5g5 g8f8 c3h8	1733	1315191o
5fUfM	5rk1/1bp2pp1/1p2p3/7p/1P1Pn1rq/3BP1P1/P1Q1NP2/2R2RK1 w - - 0 23	d3e4 b7e4 c2e4 g4e4 g3h4	1733	011019
5vON3	rnb1k2r/pp1p1pp1/3b3p/2pP4/8/2Q5/P1P1KPPP/RNq2BNR w kq - 4 10	b1d2 c1a1 c3a1	1733	011c1l1o1t
68DPP	r2kr3/1p5R/4p3/q2p1p2/5QP1/1P1P4/p1P1BP2/2K5 w - - 1 30	f4d6 d8c8 d6d7 c8b8 d7b7	1733	0p0r0s101316
6oxbl	8/3Q3p/3B1ppk/p1p5/P1Pb4/5P1P/6PK/1q6 w - - 8 40	d6f8 h6g5 d7g4	1733	0p13151o
7CYpw	r2qkb1r/1p2pppp/p1p1bn2/3n4/2BP1B2/2N2N2/PPPQ1PPP/2KR3R b kq - 1 11	d5f4 c4e6 f4e6	1733	01191o
7cRmY	2k5/1p4rr/p7/2p1bp2/2Pp1q2/1Q3B1P/PP2R1P1/4R1K1 b - - 5 33	f4h2 g1f1 h2h1 f1f2 e5g3	1733	0y10131619
7paOc	5br1/R1R5/p4p1k/1p1rppqp/1P6/P3PP1P/4Q1P1/1B5K b - - 1 33	d5d1 h1h2 g5g3	1733	0y1315191o
8Vble	8/8/P5R1/4kp1p/2P1p2P/6P1/1K6/r7 b - - 4 47	e4e3 b2a1 e3e2 a1a2 e2e1q	1733	000g0p10111h1m1n
8jFyr	6k1/2p3p1/1p1p3p/p2P4/4qP1N/2r1r1Pb/3Q3P/1R2R1K1 w - - 2 30	d2c3 e3c3 e1e4	1733	01191o
BWRH6	1R6/4r1pk/2p3rp/p3N3/2P1N3/8/P4P2/4K3 w - - 1 42	b8h8 h7h8 e5g6 h8g8 g6e7	1733	050g0p0s10
C1g6Z	3Q4/1b3kpp/p1pn4/Pp2R3/5P2/6P1/3r1qBP/6RK b - - 8 37	f2g2 g1g2 d2d1 g2g1 c6c5 e5d5 b7d5	1733	0j0k1317191n1w
C2n0M	6k1/R7/3b2nP/8/2p1p1b1/2P1P3/6K1/2B5 w - - 2 50	a7g7 g8h8 g7g6	1733	0g0p0s1o
CRIE1	6r1/5p1R/2p1k1pP/p1p3P1/P1P2K2/2P5/8/8 w - - 5 41	h7g7 g8b8 h6h7 b8h8 f4e4	1733	000g0h0p10111m
ChK6E	2kr3r/1ppq1b2/1b5p/p3B1p1/2P5/PQ3P1P/1P2B1P1/1K1R3R b - - 0 24	d7f5 e2d3 f5e5	1733	0g0s191o
DQNZH	r4RKQ/2pkN3/8/2p3P1/2P5/8/8/q7 b - - 0 53	a8f8 g8f8 a1h8	1733	050g0p1o
DlJRn	8/p7/1p3p1k/5Rp1/P4rPP/1P2KP2/8/8 b - - 2 42	f4f5 g4f5 g5h4 e3f4 h6h5	1733	0g0h0p101m
EONYC	5rk1/7p/p7/3b1pNQ/5q1P/1pbPR3/2P2PP1/2K4R b - - 2 24	b3b2 c1b1 d5a2 b1a2 f4a4 a2b1 a4a1	1733	00051317191k1n1w
EbTuT	5rk1/pp3ppp/8/4Q3/1q4b1/5N2/PP3PPP/4R1K1 w - - 5 22	e1e4 b4b6 e4g4	1733	0g0p0v1o
EtUZN	2k3rr/ppp4p/3p1p2/2bBp3/3nN3/3P2Nq/PPP2PQ1/R4RK1 b - - 5 16	d4e2 g3e2 g8g2	1733	0y1315191o
FbUBs	3rbrk1/pp4pp/4pq2/2p1n2P/3P4/P1PQ2P1/2B2P2/3R1RK1 w - - 0 27	d3h7 g8f7 d4e5	1733	0g0w0y191o
G4epl	3r2k1/pp4pp/1q3p1r/3pP1Rn/3P4/2P5/PP1Q1P1P/6RK w - - 0 24	g5g7 h5g7 d2h6 b6c7 e5f6	1733	0b0g0j0y1019
GhDnI	3R4/5p1k/1p2p1n1/1N4K1/1PP5/P4b1r/8/5R2 b - - 2 35	h3h5 g5f6 h5f5	1733	0p0q13151o
HL8pB	2r3k1/4n1p1/Np4P1/3p3P/p2Pp3/4Pp2/PP1q1P2/1K2Q2R b - - 3 37	d2d3 b1a1 d3a6	1733	0g0p0s1o
HST2U	3r2k1/pp3pp1/3r3p/8/1P2Q3/P3P3/1q2NPRP/2R1K3 b - - 0 31	b2d2 e1f1 d2d1 c1d1 d6d1	1733	06101316191n
HVx1U	r1b2rk1/1pqpn1pp/p1n1pp2/4b3/NP1NP3/P1P1B3/2Q1BPPP/R4RK1 b - - 3 14	c6d4 e3d4 e5d4	1733	01191o
Hj6Mz	3qr1k1/3r1pbp/p5p1/4p1n1/P3P3/1BB3R1/P4QPP/5R1K b - - 13 32	g5e4 b3f7 g8h8	1733	010h0s11191o
LiC2C	1r4k1/6p1/p2p1n2/3Pp3/5r2/q1PQ1P2/P3B3/KR5R b - - 6 30	a3a2 a1a2 f4a4	1733	051315191n1o
Lp4iX	r1r2k2/5p2/3pb1p1/p1q3B1/1p1bP2Q/1P6/P1P4R/1NK2R2 w - - 2 27	h4h8 d4h8 h2h8 f8g7 g5f6	1733	101316191n
MHLiB	6k1/1p5p/4P1pq/6p1/p1PQb3/8/PP6/6K1 w - - 0 44	d4d8 h6f8 e6e7	1733	000g0p111o
NGJn7	1r2k2r/p2bpp2/3p2p1/3P3p/3bPPn1/1PBB2KP/4Q1P1/2R5 b k - 8 23	h5h4 g3f3 g4h2	1733	1315191o
O4yXS	2k5/1pp5/p3pn1p/1q2p1p1/1P2P1P1/2Pr1N1P/2Q2P2/2K4R w - - 0 22	c3c4 b5d7 f3e5 d7d4 e5d3 d4a1 c2b1	1733	010p0s0v1w
OA9wH	4rr1k/3RQ1Rp/1pp2pb1/p4q2/PnP5/5B1P/5PP1/7K w - - 2 32	g7h7 g6h7 e7g7	1733	0d0y1315191n1o
OKywp	8/6k1/5pP1/p3p3/P1pp4/qP1BbP2/2P5/1K5R w - - 0 37	h1h7 g7f8 g6g7 f8g8 d3c4 g8h7 g7g8q	1733	000g0p1h1w
Pph4n	3r2k1/b4ppp/p3p1n1/P2pq1BQ/8/2r4R/5PPP/R4K2 w - - 0 26	h5h7 g8f8 h7h8 g6h8 h3h8	1733	0y101316191f1n
QYUFV	5r1k/5q1p/4R3/P1p2P2/3p4/3P1Q2/1P6/6K1 b - - 2 36	f7e6 f5e6 f8f3	1733	0g0j0p1o
QlDDU	r2q1rk1/pbpp1p1p/3b2pQ/2p5/3PR3/2P5/PP3PPP/RNB3K1 w - - 0 14	e4h4 d8h4 h6h4	1733	01191l1o
QxwMa	5rk1/p4ppp/2pB4/3p4/6n1/1P3N2/P1q1rPPP/3R1QK1 w - - 2 23	f3d4 e2f2 d4c2	1733	010s191o
RyOZa	2rrk3/1b3pQp/p3pP2/7p/1p1p1q1P/5P2/PPP5/1K1RR3 w - - 0 27	e1e6 e8d7 g7f7	1733	0i111315191o
SOjC8	rnb2b1k/ppp2P1p/3p4/3Br1B1/8/2p3P1/PPP2P2/R2K2N1 w - - 1 17	g5f6 f8g7 f7f8q	1733	000s1315191g1h1o
Su7fa	8/5R2/k1p2rp1/8/2Rb4/p5BP/r4PK1/8 w - - 6 49	f7f6 d4f6 c4c6 a6b7 c6f6	1733	010b0p0r0s101g
Toyn2	4Qnk1/pp4r1/2p2p2/2P5/3P4/1P4bP/P2q2B1/2B2RK1 b - - 4 30	g3h2 g1h1 d2g2	1733	1315191o
UHOVM	4r1k1/pp1b2p1/1qpQ1n1p/3p4/4P2P/6KN/P1B3P1/R6R b - - 0 25	b6e3 g3h2 f6g4	1733	1315191o
WP1DZ	r3kbnr/p2n1ppp/1q1p4/8/Q7/4P3/P2B1PPP/2R1K1NR w Kkq - 2 15	a4e4 f8e7 e4a8	1733	010s1c1o
WnBIF	2br2k1/pp3p2/4nPp1/3pP2Q/5q2/8/PP4RP/1r4RK w - - 0 34	g2g6 f7g6 h5g6 g8h8 g6h5 f4h6 h5h6	1733	0s1317191n1w
XqlHP	6r1/ppkqr2p/n1p5/3b4/3QN1P1/3P3P/PP2P3/R1BK1B1R b - - 5 26	d5b3 a2b3 d7d4	1733	010j191o
ZOsQ3	r3r1k1/5p1p/p2p2PB/1pb1pp2/4P2q/1BP5/PP3PP1/R2QR1K1 b - - 0 20	h4f2 g1h2 f2h4	1733	0y1315191o
aTd9n	6k1/1p1b2pp/1Pp1pr2/2PpNp2/3Pn3/4q3/1B2B1PP/Q4R1K b - - 3 24	e4g3 h2g3 f6h6 e2h5 h6h5	1733	0y101316191n
aY7OY	8/8/8/3R3P/2p5/1r6/1k4P1/6K1 b - - 0 39	c4c3 g1h2 c3c2 d5c5 b3c3	1733	000d0g0p101m
alPoF	5r2/pppk4/3p1Pn1/8/4b2Q/4P3/P1PR2q1/4KR2 w - - 3 31	h4h7 d7e6 d2g2	1733	0g191o
at8f8	r2q3k/1ppb1p2/p3p1rp/3pP2N/3P1PRb/2P3P1/PPQ4P/R5K1 w - - 0 23	g4g6 f7g6 c2g6 d8f8 g3h4	1733	011019
bCBAb	1r2q3/p3n1k1/1p2prp1/2p1Q3/4b1P1/P2P4/2R1PP1P/3R2K1 w - - 0 28	g4g5 g7g8 g5f6	1733	01191o
bRZWn	r5k1/pQ3p2/6pp/3p4/5n2/1P1B1q1P/P1P2P2/4R1K1 w - - 1 23	b7a8 g8g7 d3f1	1733	0g0h0p0t1o
d9MeB	r4rk1/2p2ppp/p2p1n2/2bbP3/1p3BP1/7P/PqB1QP2/RN3RK1 w - - 3 23	c2h7 f6h7 e2b2	1733	0g0j191o
fS0A8	6k1/5pp1/4N1np/8/6Q1/7P/1rq3P1/3R3K w - - 1 35	d1d8 g8h7 e6g5 h6g5 g4h5	1733	0p1013161n
fcBf7	6k1/1bQ2ppp/p2p1b2/3P4/5Pq1/2P5/1P2r1PP/R1B3RK b - - 3 24	g4g2 g1g2 e2e1 g2g1 b7d5	1733	0y101316191n
fkEV3	2r3k1/p5pp/2p5/3p1r2/1P1Qpb1q/P1P3N1/5PPP/3R1RK1 w - - 11 30	d4g7 g8g7 g3f5 g7f7 f5h4	1733	050g0s10191n
gvSf5	4r1k1/1p2ppb1/p3b1N1/6P1/1P3B2/2P4r/1P3P2/R3R1K1 b - - 0 25	e6d5 g6e7 e8e7	1733	01191l1o
gwctQ	r4rk1/pQ3p2/3R2p1/4b3/4Nn2/5qPp/PPP2P1P/4R1K1 w - - 1 21	e4f6 e5f6 b7f3	1733	0g0j191o
hoqG5	3q3Q/4bBnp/p2p3k/5p2/2P1pP2/8/6PP/5K2 w - - 4 38	f7g8 d8g8 h8g8	1733	010p1o
iCrOj	r3kb1r/5pp1/p1p5/2Pp4/4pP2/2P4b/P2P3P/RNBQ2KR b kq - 0 17	f8c5 d2d4 e4d3 c1e3 c5e3	1733	0a0j0k0o0y10131619
iHtq8	r4rk1/p1qn1ppb/2n4p/2p2N2/2Pp4/1B3QP1/PP1N2PP/R3R1K1 w - - 7 18	f3c6 c7c6 f5e7 g8h8 e7c6	1733	01050s10191n
iswo6	7r/1b5p/p2Q2p1/1p2pp2/7k/4qP2/PPP3P1/1K1R4 w - - 0 30	d6f6 h4g3 f6h8	1733	010p0s1o
j5eKZ	3k3r/1r1n2pp/1R2Qb2/4p3/2P1bP2/8/qP1R2PP/2K5 w - - 0 26	d2d7 b7d7 b6b8 d8c7 e6b6	1733	0r10111316191n1u
jKY4k	r4rk1/1b2bppp/pq2pn2/1p2Q1B1/8/1N3B2/PPP2PPP/3R1RK1 w - - 6 17	g5e3 b7f3 e3b6	1733	0111191o1t
jVv38	2r4k/pp3Qbp/3q2p1/3N4/2P1r3/1P4R1/P5PP/5R1K b - - 0 27	c8f8 f7f8 g7f8	1733	01191o
kHSog	4r1k1/7p/p3p1p1/8/Np6/3P3Q/1P2q1R1/7K b - - 1 31	e2d1 h1h2 d1a4	1733	0g0p0s1o
krpqN	2r5/2r5/p1q2kp1/3p1p2/4pb2/1P2N3/P1PQR1R1/1K6 w - - 0 37	e3d5 f6f7 d5f4	1733	010s191o
mHGHh	8/8/7k/8/3bB1pq/8/2Q2PK1/8 w - - 0 62	c2d2 h4g5 d2d4	1733	0g0p0s111o
mtEKb	r2q1bk1/pb3ppp/3p1n2/2p2NB1/1p6/1P4QP/1PP1rPP1/R4RK1 w - - 0 19	f5h6 g8h8 h6f7	1733	0g0i0y191o
oHLma	r2qk2r/1Bp2pb1/pp1pp1n1/4P3/1PPP4/2N3p1/P3QPP1/3RR1K1 b kq - 0 21	h8h1 g1h1 d8h4 h1g1 h4h2 g1f1 h2h1	1733	050y1317191n1w
oPO9v	5r1k/pp4bp/1q4p1/6P1/8/1B1prPN1/P3PK2/2Q4R w - - 0 32	h1h7 h8h7 c1h1 g7h6 h1h6	1733	05101316191n
p0oZj	8/8/6kp/4Pp2/1q3P2/p3P1K1/Q7/8 w - - 0 52	a2g8 g6h5 g8f7	1733	0p13151i1o
pxtP7	8/8/4kp2/3p4/N1pPn3/2P1K3/6P1/8 w - - 8 48	a4c5 e4c5 d4c5 f6f5 e3d4 f5f4 c5c6 e6d6 c6c7	1733	000g0p0z1w
q2nyp	4R3/p2q1p1k/5rpP/2pP4/2B4Q/8/P4b2/7K w - - 1 36	e8h8 h7h8 h4f6 h8h7 f6g7	1733	050p0s101316
r4EFP	2r2rk1/1p3pp1/p3p3/3pb2B/6P1/P1P1Pqn1/1P1K3R/RQB5 w - - 0 25	b1h7 g8h7 h5f7 g3h5 h2h5	1733	0i0j0k0y101316191f1n
rCAsL	2k4r/ppp3p1/8/2P5/PP3Ppb/B2RP3/6Pr/3R2K1 b - - 5 35	h2h1 g1h1 h4f2	1733	0j0k0p13151f1n1o
vJFJz	r5k1/1pp3pp/p1nb1q2/8/4N3/4P1P1/PPP2P1K/R1B2Q2 b - - 2 17	f6h4 h2g1 h4e4	1733	0g191g1o
wv4sl	r3kb1r/pp3ppp/2n1p3/qNPpP3/6b1/5N2/PPPQBPPP/R4RK1 b kq - 2 11	a5d2 f3d2 g4e2	1733	0b0g11191o
xAEd5	r5k1/1pp3p1/p1n5/5B1Q/8/2q5/5PPP/3r1NK1 w - - 2 31	f5e6 g8f8 h5f7	1733	1315191o
xjtcb	r2qkb1r/pb1n1ppp/1pp1p3/8/2BP4/2P2Q2/P1P1NPPP/R1BR2K1 b kq - 5 10	d7e5 f3h5 e5c4	1733	011c1o
xtg2b	r4k1r/2pqbppp/p3b3/1p1pP3/1n1P4/P1N2N2/1P3PPP/RQB1R1K1 b - - 0 18	e6f5 e5e6 f7e6	1733	01191o
xyXsN	rn4k1/p4ppp/1p6/2p5/4r1Q1/P1qB4/2P2PPP/6K1 w - - 0 20	g4c8 e4e8 c8e8	1733	0p13151o
yXTpn	8/1p4k1/p2R3p/2B2pp1/7n/1BP2PKP/PP3P2/4r3 b - - 27 39	e1g1 g3h2 h4f3	1733	0f0i0p13151o
ysTmb	r6k/1pp2qpp/p1p1P3/2b3B1/4Q3/8/PPP3PP/3R3K b - - 0 22	f7h5 d1e1 h5g5	1733	0g0p0s1o
yuR5l	1k6/5Q2/1p1b4/p7/P1P1B3/3P1pr1/8/7K b - - 3 51	g3h3 h1g1 d6c5 d3d4 c5d4 g1f1 h3h1	1733	0p0r13171f1w
zDWmr	3r4/pbp2rp1/1p2ppN1/6pk/1P1PP3/5P2/P4K2/R2R4 w - - 0 28	g6f4 g5f4 d1h1 h5g6 a1g1	1733	0p1013161n
zsewg	r1b1k2r/pp1p1ppp/1q3n2/4p3/3nP3/1N2B3/PPP1NKPP/R2Q1B1R b kq - 4 10	f6g4 f2e1 g4e3	1733	0g0i1c1o
0gC9C	5Q2/pp4pk/6qp/3p2r1/3P1B2/2P5/PP4PP/5RK1 b - - 6 30	g5g2 g1h1 g6e4 f8f5 e4f5	1734	010p10
0vxQB	r4r1k/1p2p1Rp/3p3Q/5b2/4p2P/pP1B4/P1P2q2/2K3R1 w - - 2 29	g7h7 f5h7 h6g7	1734	0d0y1315191n1o
2PBCS	8/5pp1/7p/5K1P/5PP1/6k1/8/8 b - - 0 42	g3h4 f5e5 h4g4	1734	0g0p1e1o1z
2tlfd	4rrk1/p2n1ppp/1p2p3/3q4/B5R1/5Q2/PPP2PP1/4R2K w - - 2 23	f3d5 e6d5 e1e8 f8e8 a4d7	1734	011019
6HbVZ	8/k7/3K3p/1P3p1r/4p1p1/4P1P1/4B3/8 w - - 0 46	d6c7 f5f4 b5b6 a7a8 b6b7 a8a7 b7b8q	1734	000p0r13171h1w
7JImV	r3k1nr/pp3ppp/2pb4/3pn3/8/1PN1PBqP/P1PP2P1/R1B1QRK1 b kq - 2 11	e5f3 f1f3 g3e1	1734	0g0y1c1g1o
7zW6t	8/pp6/8/8/P1P5/1K6/3k4/8 b - - 2 41	a7a5 c4c5 d2d3	1734	0g0h0p1e1l1o
9hp4v	4r1k1/1p3p2/p1p1q3/3n3p/1P1R2P1/PQ2P1P1/5PK1/B7 b - - 0 35	d5f4 d4f4 e6b3	1734	0g0j0p1o
AbegP	4r1k1/2pbq3/5p1Q/2p4P/4p3/1P6/6P1/5R1K w - - 0 32	f1f6 e7g7 f6g6	1734	010p1g1o
Ai6CW	r1b1nr2/ppp2kbQ/3p1q2/3P1p2/2P2Bn1/2N5/PP2B1P1/2KR2NR b - - 8 17	f8h8 h7h8 g7h8	1734	01191o1t
BEqAf	8/pp3p1p/2p1bK1k/8/P2rp3/8/2p1BP2/2RrR3 w - - 6 31	e1h1 d1h1 c1h1 e6h3 h1h3	1734	0e0p0r1013161y
BKT4h	6k1/ppp2p2/2b2Qpp/2q5/5P2/8/PPP3PP/3R3K b - - 2 25	c6g2 h1g2 c5c2 g2g3 c2d1	1734	01050p0s10
BbLlY	3r3k/Q2b1rpp/5p2/3qp3/1P6/P5P1/5P1P/2R1RBK1 b - - 0 24	d7c6 c1c6 f7a7	1734	0g0j191l1o
C1GhW	7r/1kpq4/3b4/1P6/2P3P1/4B3/4QRP1/1N4K1 b - - 2 35	h8h1 g1h1 d7h7 e3h6 h7h6 h1g1 h6h2 g1f1 h2h1	1734	050s1318191n1w
DVfJZ	5r1r/p3k3/1pBp1qpp/2pPp3/P1P1PbQ1/2NR4/1P4PP/R5K1 b - - 0 29	f4e3 d3e3 f6f2 g1h1 f2f1 a1f1 f8f1	1734	060d0s1317191n1w
Dvz1e	4r1k1/4q2p/3b2p1/5p2/pp1pB1QP/3P2P1/1PP2P2/1K2R3 w - - 0 26	e4d5 g8f8 e1e7 f5g4 e7f7	1734	0g0j0p0y10
E0Ued	r3k2r/1bqn1p2/p3pb2/1N6/2pP4/4BB2/1P3PPP/R2QK2R b KQkq - 0 17	a6b5 a1a8 b7a8 f3a8 c7a5	1734	010t10111219
FGurp	4r1k1/ppq1B1p1/6rp/3p4/3P1P2/2PQ4/PP2b3/4RRK1 w - - 1 28	d3g6 e8e7 f1f2	1734	01191o
GNSXG	rnbqk2r/pp3ppp/5n2/2pp4/5b2/2P2N2/PP1PB1PP/RNBQ1RK1 w kq - 0 8	d1a4 b8c6 a4f4	1734	010s1c1o
Gdkuk	3r2k1/p2rRpq1/7p/6p1/8/2Qp3P/PP3PP1/3R2K1 w - - 5 32	e7d7 d8d7 c3c8 g7f8 c8d7	1734	050g0p0s10
HxpiX	2r3k1/pp1Qbpp1/4p2B/3pP3/3pq3/2P5/PP3P2/2KR2R1 b - - 0 23	c8c3 b2c3 e7a3 c1d2 d4c3 d2c3 e4c4 c3d2 a3b4 d2e3 c4e4	1734	050w1318191k1n1w
IjCUs	k1rr4/pb1qn1bp/1pn5/1N2Pp2/Q2N1B2/8/PPP3PP/3RR1K1 w - - 7 22	d4c6 b7c6 d1d7	1734	010j191o
KtlJx	r5k1/pp3rPp/2pqb3/4B1Q1/4P3/2N5/PP3nPK/R4R2 b - - 6 26	d6e5 g5e5 f2g4 h2g3 g4e5	1734	050g0s10191n
NA9il	3rr3/ppp2kp1/5p1p/8/1P6/Q7/P1PqNPPP/4RK1R b - - 0 19	d2e2 e1e2 d8d1 e2e1 d1e1	1734	0d101316191n
NGRNB	r1b2rk1/p3bpp1/4p2p/q1p1P3/4pQ2/1R1B2P1/P1P2PP1/5RK1 w - - 0 19	f4e4 g7g6 e4a8	1734	01191o1t
PcuCS	rn2k2r/3p1pp1/p3p2p/1p2P3/1P1b2q1/P1PB4/4RP1P/RNBQ3K b kq - 1 15	g4f3 h1g1 d4f2 e2f2 f3d1	1734	0g0y1019
PenuV	r3rk2/5p1Q/p4R2/2p3N1/2n5/4B3/1q3P2/3R1K2 b - - 3 30	c4e3 f1g1 b2f6	1734	0g191o
QfHPS	r1b2r1k/ppp3p1/1b6/3pq1N1/3P1NPP/2P5/PP4P1/5RK1 w - - 0 26	f4g6 h8g8 f1f8	1734	0j0s1315191o
RqAEC	rnbq1rk1/ppp2ppp/3b1n2/3N2B1/3P4/8/PP2PPPP/R2QKBNR b KQ - 0 7	f6d5 g5d8 d6b4	1734	011c1n1o
SGJV2	1b1r2k1/5ppp/b7/2p5/p6P/P1BrN1P1/1P3P2/2RRK3 b - - 5 35	d3e3 f2e3 b8g3	1734	0i1315191o
SIzkM	4r1k1/7p/p5p1/1p3pn1/3q4/1Pr1P1R1/P3Q1PP/5R1K w - - 0 29	e3d4 e8e2 g3c3	1734	010b0j191o
SZg9X	8/5p2/8/8/1p6/k1r2P2/2RK2PP/8 b - - 21 52	c3c2 d2c2 a3a2	1734	0g0h0p1m1o
SjJmR	7k/1p3r2/3rN2p/p7/Pb6/4K2P/6R1/6R1 w - - 4 38	g2g8 h8h7 e6f8 f7f8 g1g7	1734	090p0r1013161n
SmiSP	4R3/p4kpp/2bp4/2p2q2/8/5rP1/PPP1QP1P/6K1 w - - 0 24	e2e7 f7g6 e7d6 f5f6 e8e6 f6e6 d6e6	1734	010p0s1g1w
T8v6W	r7/1p2k1pp/p1p1b3/4P3/1q4P1/2N2r1P/P1K5/3RQ3 w - - 0 30	c3d5 c6d5 e1b4	1734	010j191o
TNM3S	2r2rk1/1p4pp/5p2/1p1pNq2/3Qp3/6Pn/PPPR1P1P/5R1K w - - 0 24	d4d5 g8h8 e5f7 f8f7 d5f5	1734	0g0j0y1019
Tcm1p	6k1/1p4pp/3nq1n1/P2R4/3P4/RQ3NP1/5PKP/2r5 b - - 2 30	g6f4 g3f4 e6g4	1734	0q1315191n1o
Tu90M	4rb2/3b3k/pp1p1q1p/2pP1p1Q/2P4r/2B3R1/PP4PP/5RK1 w - - 13 32	h5e8 d7e8 c3f6	1734	01191o
Tu9g7	1r4k1/pB6/1b6/2p3q1/8/7p/PP1N1P2/R4R1K w - - 3 27	f1g1 g5g1 a1g1	1734	01191g1o
TyGsy	1k1r1b1r/ppp2p2/1q3p1p/4pQ2/2B5/4P3/PPP2PPP/R3K2R b KQ - 5 16	b6b4 c2c3 b4c4	1734	0g0s191o
X8h2c	8/5k2/P3p3/3p2Q1/3P2p1/4Pq1p/7P/6K1 w - - 1 43	g5f4 f3f4 e3f4	1734	0g0p1i1o
a9SG0	r3k2r/pbp2ppp/2nb1n2/3qp1N1/2B5/8/PPPPQPPP/RNB2RK1 b kq - 5 9	c6d4 c4d5 d4e2	1734	0g0y191o
aL4L9	6k1/1p1b1pp1/4p3/pP1pP2Q/Pb1q4/5N2/2r2PPP/2B2RK1 b - - 1 24	d4f2 f1f2 c2c1 f3e1 c1e1 f2f1 b4c5 g1h1 e1f1	1734	060i1318191n1w
bDoyY	r1bqk2r/ppp2ppp/8/n1bnP3/2B5/1Q3N2/PP3PPP/RNB1K2R w KQkq - 3 10	b3b5 c7c6 b5c5	1734	0g0s1c1o
cIMmN	3r4/p3N1pk/4q2p/3b1p2/1Pp2P2/6QP/1P4PK/4R3 b - - 5 35	d5e4 e7f5 e6f5	1734	010p1o
diMC6	4r3/pp5k/6p1/3Q1pP1/2Pp1P2/1P1Pq1P1/P5K1/4bR2 w - - 5 34	d5f7 h7h8 f1h1	1734	0p13151o
ffegB	r3r1k1/pp4p1/6p1/2pp4/4nPP1/3Q4/PqP1N3/R3K2R w KQ - 0 22	d3d5 g8f8 h1h8 f8e7 d5e4	1734	0g0v0y1019
g10y5	3r3k/6pp/4q2b/7Q/B6P/6P1/P2p2K1/7R b - - 2 41	e6e4 h5f3 e4a4	1734	0g0p0s1o
gIu7u	2nQ4/r4qpk/1p6/1Rp5/p1P5/6P1/4rNKP/1R6 w - - 4 37	d8d3 g7g6 d3e2	1734	0g0s191o
gg5qn	r4rk1/ppp2pp1/3p3p/3bP2q/1n1PNP2/3Q1N2/PP3P1P/R5RK w - - 6 22	e4f6 g8h8 d3h7	1734	0y1315191g1o
gh6Uw	8/1k6/2p5/2P1pPpp/2K4P/8/8/4b3 w - - 0 69	f5f6 e1d2 f6f7 g5h4 f7f8q	1734	00080g0p101h
h9mVd	8/5pp1/7p/4PP2/2p4P/4k3/2pr4/4KR2 w - - 0 44	f1f3 e3f3 e1d2 f3f4 e5e6 f7e6 f5e6	1734	0g0i0p1m1w
kUxT7	2n5/1pbk2p1/p1pq1pQ1/3p4/PP1P2b1/N1P1R3/7r/2B1R1K1 b - - 3 27	h2h1 g1h1 d6h2	1734	050y1315191n1o
kmFFD	8/1B4K1/5p1p/P1k2PbP/4p3/8/8/8 b - - 1 53	e4e3 a5a6 c5b6 b7f3 b6a6	1734	080g0p10
lELC8	2R5/P7/r7/8/5pk1/6p1/6K1/6B1 b - - 27 66	f4f3 g2f1 a6a1 c8c1 a1c1	1734	0p0r101316
lj9Dk	2Q5/7p/3q1pk1/3Pn1p1/4P1P1/6P1/Pr3PK1/2R5 w - - 7 31	c8g8 g6h6 c1h1	1734	0p13151o
n5nYn	r5k1/1p2brpp/2pqp2B/p1n1pP2/4P1Q1/7P/PPP3PN/3R1RK1 b - - 4 18	e6f5 e4f5 d6h6	1734	010j191o
nLNs6	r4r1k/ppp3p1/8/3Q4/P2P2pN/2P5/1P3qPP/R6K w - - 1 25	h4g6 h8h7 d5h5 h7g8 g6e7	1734	0p101316
nZTlZ	2r2rk1/pp3pp1/7p/2npqN2/4N3/2P1P2P/PPQ2PP1/1R3RK1 b - - 0 18	e5f5 e4f6 f5f6	1734	010t191o
nohmf	2k4r/ppp1npp1/2p2q1p/P7/2BrP1b1/2N1Q3/1PP3PP/R1B4K w - - 3 15	e4e5 e7f5 e3d4 f5d4 e5f6	1734	011019
o7Chm	b2r2k1/5rn1/2q1N1Q1/4P3/P1p1N2p/4bP1P/6PK/R7 w - - 11 35	e4f6 f7f6 g6g7	1734	0i1315191g1o
oPG9V	6k1/5pbR/3p2p1/pp4N1/3q3Q/6PP/5PK1/4r3 w - - 0 44	h7h8 g7h8 h4h7 g8f8 h7f7	1734	0d0p1013161n
pW7YZ	r4rk1/p6p/1p3ppb/1P1P4/2p1Nq2/3Q4/P4PPP/1KB4R w - - 0 23	c1f4 c4d3 f4h6	1734	01191o
r4GWs	r2qk2r/1p1bbppp/p1npp3/8/2PNP3/1P4P1/P4PBP/R1BQ1RK1 b kq - 0 12	c6d4 d1d4 e7f6 d4d6 f6a1	1734	01101c1p
rBqzJ	r5k1/5p2/4p1pR/8/1p1Q1P2/1P2n1P1/NP3q2/1KN5 b - - 4 46	f2c2 b1a1 c2c1	1734	0i1315191g1o
rYxan	6k1/p4ppp/1p6/5q2/3P1P2/4QK1P/PPr3P1/7R b - - 2 36	f5d5 e3e4 c2f2 f3f2 d5e4	1734	010i0p10
t2lLL	7r/pp6/1k1p4/3q1P2/3b2p1/2N2RP1/PP2Q1K1/R1B5 b - - 3 27	g4f3 e2f3 h8h2 g2h2 d5f3	1734	010i0s1019
ujPqI	5k2/P7/1K6/8/1r6/8/8/8 w - - 1 67	b6a5 b4f4 a7a8q	1734	000g0h0p1h1m1o
vQpsT	4r1k1/8/6p1/b1R2p1p/q2Pp3/4P1P1/5P1P/2R2BK1 w - - 0 38	f1b5 a4a3 b5e8	1734	010p0s0v1o
w8RHr	r1bq1rk1/5pbp/1p4p1/p1ppR3/P3n3/2PP2P1/1P1N1PBP/R1BQ2K1 w - - 1 14	e5d5 d8d5 g2e4 d5d8 e4a8	1734	011011191p
wGGc5	5k2/p7/Pp1b1p2/1R1Q1K2/3P3N/2P3P1/5PP1/3qr3 b - - 6 41	d1h5 f5f6 d6e7	1734	0p13151a1o
wnP0q	2r5/4rk1p/5pp1/2pR4/Pp1p4/1P3P1P/2PKR1P1/8 b - - 7 41	e7e2 d2e2 f7e6	1734	0g0p1m1o
wsK8b	r1b3kr/pppn2pp/4p3/8/2P3BQ/3P2P1/Pq3P1P/R4RK1 w - - 0 19	g4e6 g8f8 h4d8	1734	0y1315191o
2We0G	r2qk2r/1p1bb1pp/p2p1n2/3NpPB1/2Bn4/N4Q2/PPP2P1P/R3K2R w KQkq - 3 14	d5f6 e7f6 f3h5 g7g6 f5g6	1735	0g0r1019
3hqFZ	2r1k2r/1p3ppp/p1bb1q2/4p1N1/3p1P2/3P4/PPPQ2PP/R1B2RK1 w k - 2 20	f4e5 f6e5 f1e1 e8g8 e1e5	1735	010510191g
3lnxX	r3kbnr/1p2pppp/pqn5/1B1pPb2/Q2P4/2N5/PP3PPP/R1B1K1NR w KQkq - 0 9	c3d5 a6b5 a4a8	1735	011c1o
5oWDI	2bq2k1/1rN3pp/p1Q1p3/8/5B2/8/P1P3PP/R5K1 b - - 0 24	d8d4 f4e3 d4a1 g1f2 a1f6	1735	010s1019
6cEwN	r1b1k1r1/3nPp1p/p2Qp3/5q2/8/3B1N2/PBP2PPP/1R3RK1 b q - 2 18	f5f3 b2g7 g8g7	1735	01191g1o
732vc	2r5/1q1kbppp/3nb3/pp2Q3/5n2/P3NP2/2P1BBPP/R3R1K1 b - - 0 25	f4e2 e1e2 e7f6 e5f4 f6a1	1735	0110191p
73GBF	7N/5P2/8/8/1Rbk4/4p3/3p4/3K4 b - - 0 49	d4d3 f7f8q e3e2	1735	000p13151o
7Uxml	3R2Q1/p5p1/4p1k1/5n1p/3Pq3/6PK/5P1P/8 b - - 5 38	e4g4 h3g2 f5h4 g2f1 g4d1	1735	0p1013161g
7W2Zi	4r3/3k1p2/p4Pp1/2p3K1/7Q/7P/b5P1/8 b - - 1 44	e8e5 g5f4 g6g5 f4e5 g5h4	1735	0g0p0s10
8Jgy8	5qk1/1b5p/3b2p1/p1pN2P1/P3pP2/4P3/7R/3R3K w - - 2 42	d5f6 g8f7 h2h7 f7e6 h7b7	1735	0g0i0p101p
8dt1K	1k4rr/1p2P1q1/p2p1p2/2p1nQ2/2PbPB2/P1N3P1/1P2BP2/1R3RK1 b - - 0 25	g7g3 f4g3 g8g3	1735	0y1315191g1n1o
8fsCM	r1r5/1p4p1/p4n2/1N1k3p/3p4/3P2P1/PP5P/2R1R1K1 w - - 0 24	b5c7 d5d6 c7a8	1735	010p0s1o
9lvTv	r2qr1k1/p4pp1/bpp4p/8/8/1P1B1P2/PBPQ2PP/5R1K w - - 1 19	d2c3 f7f6 d3a6	1735	01191o
ACS7z	r1b1k2r/ppp3Q1/4p3/4b3/2P1q3/2N5/PP2NPPP/R3K2R b KQkq - 3 15	e4e2 e1e2 e5g7	1735	01191o
AEFid	r1bqrnk1/pp3pbp/3p1np1/2pP4/2P1N3/1PN1P3/PBQ1BPPP/R3K2R b KQ - 0 12	f6e4 c3e4 g7b2 c2b2 e8e4	1735	010j1019
Cjhca	8/p5pp/8/1P3p2/b1KP1P2/P5kP/8/8 w - - 0 34	d4d5 g7g5 d5d6	1735	080g0p1l1o
DTsk8	rn4k1/pbpp2pp/1p2p1r1/5p1q/2PP4/B1PBPN1P/P2Q1PPK/R4R2 b - - 0 15	g6g2 h2g2 h5f3 g2g1 f3g2	1735	0510131619
Doc7w	r5k1/1ppb3p/p2p1r2/3Pnpq1/2P1pR2/PPN1P2P/3QB1P1/5R1K w - - 1 26	c3e4 f5e4 f4f6	1735	0g191o
EWvSj	3r4/5pk1/6p1/p5r1/P1BpPqpR/1PbQ1P2/5PK1/7R w - - 0 39	h4h7 g7f8 h7f7 f4f7 c4f7	1735	0g0s1019
Fzp8o	r4rk1/p1p2ppp/2Q1pn2/1P2Nbq1/3P4/2P5/4BPPP/R1R3K1 b - - 7 18	f5e4 e5f3 g5c1 a1c1 e4c6	1735	011019
GCWvm	r1b5/6bp/2k1p1p1/p4p2/P1BB4/6P1/2P2P1P/3R2K1 b - - 2 28	g7d4 d1d4 c6c5 d4h4 g6g5 h4h7 c5c4	1735	010p1w
GMfPO	8/5Qpk/1p5p/4p3/1P2Pp1q/2P2r1P/6RK/2R5 b - - 0 29	f3h3 h2g1 h3h1	1735	0p13151o
GUz85	2rr3k/p3q2p/1pb1B1p1/2pp2P1/8/1P1P4/P1Pp3Q/5K1R w - - 2 29	h2e5 e7g7 h1h7 h8h7 e5h2 g7h6 h2h6	1735	050j0y1317191g1n1w
IBT2d	5rk1/5ppp/2nQq3/1p6/p1p5/P1P4P/5PP1/1B1R3K w - - 2 32	b1h7 g8h7 d6f8	1735	010i0p1o
IGIEd	4r1k1/1p2rpnp/1qp3p1/2NpP3/1P4Q1/2P5/4R1PP/5R1K w - - 3 26	c5d7 b6d8 d7f6	1735	01191o
IIPFI	4Rr1k/pp3rp1/2p3Qp/3p4/8/5pRP/Pq4PK/8 w - - 2 44	g6f7 f8e8 f7e8	1735	0g0p1g1o
IdVS7	5r2/3Q1pbk/3Np1pp/p3P3/3P4/P3q3/1r3RP1/5RK1 w - - 2 27	d6c4 b2b7 d7b7	1735	010s191o
JWBXt	8/1R2Q1pk/3p2rp/2b1pB2/2P5/5P2/q4rPP/2R4K b - - 9 37	f2f1 c1f1 a2g2	1735	0j1315191n1o
Lowy2	N7/pp1k1p2/3p3p/2P1p3/4PnrB/2PP4/P4PP1/R4RK1 b - - 0 22	f4e2 g1h1 g4h4	1735	0p0y13151o
NtW7l	r4r2/2p1ppk1/1p4B1/6Q1/8/n1q4P/P4P2/2K3R1 w - - 0 27	g6c2 g7h8 g5h4	1735	0j0k1315191o
OnTqg	7r/8/8/8/1kp3KP/6R1/8/8 b - - 0 61	h8g8 g4f4 g8g3 f4g3 c4c3 h4h5 c3c2 h5h6 c2c1q	1735	000g0p1h1m1w
Qffb3	6k1/5pbp/3p2p1/8/P3Q3/3n3P/2q3PB/5R1K b - - 3 33	d3f2 f1f2 c2e4	1735	0g0j0p0s1o
QigAs	3r4/pp2k3/2p2r2/4PB1p/5K1P/3P4/PPP3P1/5R2 b - - 0 31	f6f5 f4f5 d8f8 f5g5 f8f1	1735	050g0p101n1p
Qjq4Z	1r1q1rk1/1p1n1ppp/p1n2b2/2Ppp3/3Pb3/P1N1BN1P/1P2BPP1/2RQ1RK1 b - - 1 17	e4f3 e2f3 e5d4 c3d5 d4e3	1735	010s101c
Su4M5	4r1k1/2R5/4r2p/pp5p/2n5/2B5/1PB5/2K5 w - - 0 42	c2h7 g8f8 c3g7	1735	0p13151o
TwDI4	2k1r3/ppp2p1p/6p1/5nP1/3q3b/8/PPP3Q1/2KRB1R1 b - - 1 21	d4d1 c1d1 f5e3 d1c1 e3g2	1735	050g0s10191n
Tzwf9	4r1k1/ppp1qp1p/6p1/6Q1/3P3P/2PBr3/PP1K2P1/4R2R b - - 1 23	e3e1 g5e7 e1e7	1735	01191o
U9Luz	r4rk1/1q2bppp/p1p2n2/1p1pNb2/2nP1B2/1QN1P2P/PP2BPP1/2RR2K1 b - - 2 16	c4a5 b3c2 f5c2	1735	0g1112191o1r1t
Udwfl	k7/P2N2p1/1K3p2/1p6/1P3P2/5n2/5P1p/8 w - - 0 44	b6a6 f6f5 d7b6	1735	0p0z13151o
VEwr4	4kb1r/4pppp/Bq1p1n2/1P1Pn3/4P3/2N2P2/1B2N2P/3QK2R b Kk - 0 17	e5f3 e1f1 f6g4 e2d4 g4e3 f1f2 e3d1	1735	010r0s191g1w
VYIrZ	r3r2k/2p2ppp/1p6/pP1Q4/P2P3P/B3nPq1/3NR1P1/4R1K1 b - - 0 23	g3e1 e2e1 e3d5	1735	0g0w0y191o
WkO5a	3rr1k1/2p2Rp1/2p3qp/1p4n1/2Q5/2N5/PPP3PP/5RK1 w - - 0 24	f7f8 g8h7 c4g8	1735	0k0m0y1315191o
WvzUX	8/5pk1/1p4p1/PPn4p/q6P/5PP1/2Q4K/8 w - - 1 42	c2a4 c5a4 a5a6 a4c3 a6a7	1735	000g0p101112
YgUMz	6rk/pp3RRp/2n1N1p1/8/7r/2P1p3/8/2K5 w - - 4 29	g7g8 h8g8 f7f8	1735	050p13151o
ZHzal	1rb2rk1/5ppp/1pn1pq2/p7/P7/1NPBQ3/2P2PPP/R4RK1 w - - 2 16	e3e4 g7g6 e4c6	1735	01191o
azMEx	r2qrb1k/ppp2Qpp/2bp1p2/5NB1/8/8/PPP2PPP/1K1R3R w - - 4 16	f5h6 g7h6 g5f6 d8f6 f7f6	1735	010i0s10191l1n
c2RSV	8/3k4/8/2BP2pP/1p2K1P1/r3Np2/8/8 b - - 1 47	f3f2 e3f1 a3a1	1735	000g0p111o
cWPnl	1r4k1/2Q2p1p/6p1/4p2P/2BbP3/pq6/1PR3P1/1K5R b - - 1 30	a3a2 b1a1 d4b2 c2b2 b3b2	1735	0010111316191k
cvbDo	8/4R1p1/5p1p/3b1N1k/5P2/6PP/p2r4/6K1 w - - 0 45	g3g4 h5g6 e7g7	1735	0p0q0u13151o
e5cLS	5rk1/1b3p1p/6pQ/8/1q2P3/3B4/3P2PP/R6K b - - 1 28	b4d4 a1e1 d4d3	1735	010p0s1o
eYWbS	r6r/ppp1k3/6pq/4P2n/2B1P1p1/2P1R3/PP3Q1P/6K1 w - - 0 30	f2f7 e7d8 e3d3 d8c8 f7d7 c8b8 d7d8 h8d8 d3d8	1735	060r1318191n1w
exXXe	r3kb1r/ppp2pp1/3p4/3P2p1/2n1N3/5P2/PP3P1P/R3R1K1 w kq - 0 17	e4f6 e8d8 e1e8	1735	0k0m1315191o
f0qcA	8/k1N1b3/pn2p2r/4B1p1/4b1P1/1PQq4/1K5P/R7 w - - 2 46	c7b5 a7b7 c3c7 b7a8 a1a6	1735	0i0s101316191g
fKRMQ	1r6/3P2k1/4K1p1/7p/p7/4P3/1p6/1R6 w - - 1 49	b1b2 b8b2 d7d8q	1735	000g0i0p1h1m1o
fv3P8	r1bq1bkr/1p2p1p1/p2pP2p/4nQN1/8/2N5/PP3PPP/R1B1K2R w KQ - 0 13	f5f7 e5f7 e6f7	1735	000y13151c1n1o
gDFAI	r4rk1/4bppp/p3b3/1pq1Q3/3N4/P7/5BPP/3R1R1K w - - 2 25	e5c5 e7c5 d4e6 f7e6 f2c5 f8f1 d1f1	1735	010j11191w
gnCmE	8/3NQpk1/p2p2p1/8/8/2r4P/6PK/2q5 w - - 3 41	e7f8 g7h7 d7f6	1735	0p13151o
hAyiJ	5r1k/1pp1n1p1/p2p1q1p/4pN1Q/PP2Pr2/1BPP4/6RR/6K1 b - - 11 30	e7f5 g2g6 f4f1 g1f1 f5g3	1735	050g0k0m0r0y10191n
hesw0	r2qk2r/ppp2pp1/2p5/2b1N3/4n3/3PBQp1/PPP2PP1/RN3RK1 b kq - 1 11	h8h1 g1h1 d8h4 h1g1 h4h2	1735	050y1013161c1n
iCtBF	6k1/1pp3p1/6p1/p2r1r2/8/P3B3/1P3PPb/2RR1K2 w - - 0 22	d1d5 f5d5 g2g3	1735	010h0p1o
iDXZ8	rkb2r2/pp3p1p/q4B2/4N2Q/2R1P3/6pP/PPP3P1/6KR b - - 0 23	a6b6 c4d4 b6d4 g1f1 d4f2	1735	0s10131619
l1bb7	3r4/2k4p/ppp2pp1/4p3/1P1rRnPP/P1NPK1R1/2P2P2/8 b - - 3 26	d4d3 c2d3 d8d3	1735	0p0u13151n1o
mFHAZ	5bk1/R5p1/p3K2p/r2rP2N/8/8/8/5R2 w - - 6 38	f1f8 g8f8 a7a8 d5d8 a8d8	1735	050p1013161n
mbAjF	k2r3r/q1ppn3/B2b4/BQ1N4/5p2/8/PPP3PP/R4R1K b - - 1 24	h8h2 h1h2 d8h8	1735	050y1315191n1o
n9svq	8/8/4k3/4BpKP/3p4/5b2/8/8 w - - 0 46	h5h6 e6e5 h6h7 d4d3 h7h8q	1735	00080g0p101h1n
nbrlq	r1b1k1nr/pp1p1ppp/8/4P3/1bp1q3/2N5/PPPKQ1PP/R1B2BNR b kq - 1 9	e4d4 d2e1 b4c3 b2c3 d4c3	1735	010i101c
nghBn	r6N/pp4pp/2nP1q2/3R1b2/1kP5/8/PP2BPPP/4K2R w K - 3 20	d5b5 b4a4 e2d1 f5c2 d1c2	1735	10131619
nwYRy	8/R4p1p/5kp1/1p2p1N1/1rr2nP1/5PK1/7P/8 w - - 4 46	a7f7 f6g5 h2h4 g5h6 g4g5 h6h5 f7h7	1735	0i0p13171n1w
o4MTE	rnb2n1k/1pp3pp/p7/3B1r2/3P1N2/6P1/PPP2P2/2KR3R w - - 1 18	h1h7 h8h7 d1h1 f5h5 h1h5	1735	050y101316191f1n
o4OiJ	r1b2rk1/6p1/3Qp1p1/p7/1p2P3/1P6/1PP1q3/2KR3R w - - 0 23	h1h8 g8h8 d6f8 h8h7 d1h1	1735	01050i1019
oAw9h	4r1k1/pp2P1p1/2p2r1p/1q2Rp2/1n6/5N2/P1Q2PPP/4R1K1 w - - 7 33	c2b3 b4d5 b3b5 c6b5 e5d5	1735	0b0g1019
oGhu9	r1b1r1k1/p4pb1/3p2p1/2pP4/1p2N2R/5B2/qP1Q1PP1/2K4R w - - 0 20	h4h8 g7h8 h1h8 g8h8 d2h6 h8g8 e4f6	1735	050y1317191n1w
p9aWW	r1b1kb1r/pp3ppp/2n1pn2/8/3qpB2/2N5/PP1N1PPP/R2QKB1R w KQkq - 0 9	c3b5 d4d8 b5c7	1735	010s1c1o
pFsON	1n1rrb2/2p3pk/1p2p1Np/p2q4/3P2b1/P7/1PQ3PP/R1B2RK1 w - - 0 22	g6f8 h7g8 c2h7	1735	0k0m1315191o
pLDhd	r4r2/1b2qpkp/4p1p1/p2n4/1p2B3/7P/PPP2PP1/1NKRRQ2 w - - 2 20	e4d5 b7a6 d5c4 a6c4 f1c4	1735	011019
q88wA	r2q1rk1/ppp2ppp/3bbn2/4N1B1/2N1P3/3P4/PPP3PP/R2Q1RK1 b - - 2 12	d6e5 c4e5 d8d4	1735	010d1c1o
qbndJ	r3kR1N/ppp1n1pp/8/3Bp1q1/4K1b1/6P1/PPPP3P/RNB1Q3 b q - 4 14	e8f8 e1f2 g4f5	1735	010t191o
sCk5K	8/4k3/1R2P3/P7/4r3/3p4/1P3KP1/8 b - - 1 49	d3d2 b6b7 e7e6	1735	000g0p1m1o
tDvJo	8/8/2R5/8/p7/1k6/r6r/2R3K1 w - - 0 60	c6b6 b3a3 c1c3	1735	0p0q13151m1o
tLxli	2r3k1/p4pp1/1p2p2p/3pP3/q1r5/P1R5/1P1Q1PPP/5RK1 w - - 1 24	b2b3 c4c3 b3a4	1735	010p0s111o
v5bAi	r1b1k2r/pp3ppp/4p3/8/1b1q4/8/PP1BBPPP/R2QK2R w KQkq - 0 12	d1a4 c8d7 a4b4 d4b4 d2b4	1735	011019
wLmoa	8/8/1q6/7R/4P1p1/3K2k1/8/5R2 b - - 5 87	b6a6 d3d4 a6f1	1735	0g0p1j1o1p
wrYVT	6k1/r4rb1/3p2QR/3PpBp1/q3P1P1/p7/P4P1P/6K1 w - - 1 43	h6h8 g8h8 g6h7	1735	051315191g1n1o
xSX0b	rn1qkr2/5p2/p2pP2p/1p2nQp1/8/PBP1Bb2/2P2P2/R3K1R1 w Qq - 3 18	e6f7 f8f7 b3f7 e5f7 f5f3	1735	0001041019
y3gfM	5rk1/1pQ3pp/p2r4/4p1B1/3q2b1/8/6P1/5R1K w - - 2 42	f1f8 g8f8 c7e7 f8g8 e7e8	1735	051011131619
0UyQJ	r1b1kb1r/1p1nnppp/p1p1p3/q2p2B1/N2PP3/2PB4/PP2NPPP/R2Q1RK1 b kq - 0 9	d5e4 d3e4 a5g5	1736	010j1c1o
1NJB8	r5k1/1p4bp/p3p1p1/3pP3/5r2/2q4P/PRP1Q1P1/2B1R1K1 w - - 0 24	b2b3 c3c5 c1e3 c5f8 e3f4	1736	010h0s1019
1PZIR	r3r1k1/pb1n1qb1/1p2pnQ1/2pp2B1/3P4/2P1PN2/PP1N1PP1/R3K2R w KQ - 3 16	h1h8 g8h8 g6f7	1736	0g0i0y191g1o
1bHFr	8/1pp2Q2/2kb4/5p2/4pN2/2P1PqP1/rPK2P2/3R4 b - - 5 33	f3f2 d1d2 a2b2 c2b2 f2d2	1736	01050i0p10
264cx	2Q5/1R3ppp/1P2p3/r3P3/1k2p3/1b2P3/2p1B1PP/2K5 b - - 0 35	a5a1 c1d2 a1d1 e2d1 c2d1q	1736	000p0r1013161h1k
2Zve4	6k1/p4pp1/4b2p/2Rr1P2/2N5/1P6/4K2P/8 w - - 1 42	f5e6 d5c5 e6e7 c5c8 c4d6	1736	00010p10111n
3Tkif	2r2bk1/1q3ppp/8/Q3p3/4b3/1B4B1/PP4PP/5RK1 w - - 2 29	f1f7 b7f7 b3f7	1736	01191o
3ZCcD	1k1r3r/ppp3pp/5p2/4p3/3b4/1Nq2Q2/P1P2PPP/1R3RK1 w - - 6 21	b3d4 c3f3 d4f3	1736	01191o
3yEeK	6r1/pkp5/1pnb3p/1Q2p3/6q1/2P4p/PP3R1N/5RBK b - - 9 34	g4g2 f2g2 h3g2	1736	000y1315191n1o
5Vqtq	8/8/5k2/5pp1/1K3P1P/7P/P7/8 b - - 0 48	g5g4 h3g4 f5g4	1736	0g0p1e1o
5stuD	r6r/p3nkp1/1p3n1p/2p1Q3/5P2/P3BP1q/1PP1K2P/3R2R1 w - - 11 25	g1g7 f7g7 e5e7 g7g8 d1g1	1736	050g0i1019
65j0G	2kr3r/1pp1nppp/p4q2/3p4/Q5b1/2P1PnP1/PP1NBPP1/1K1R3R w - - 0 16	a4g4 f6f5 g4f5	1736	0g0t191o
8vyjt	4rr2/pp3ppk/8/2ppq3/6QP/2Pn4/PP1N1PP1/1K1R3R w - - 3 20	d2f3 d3f2 f3e5 f2g4 e5g4	1736	011019
94YEy	r2q1rk1/1b2bppp/4pn2/pN2p1B1/np3P2/3B2N1/1PP3PP/3RQRK1 w - - 0 17	d3h7 f6h7 d1d8	1736	010j0y191o
9uHfh	8/1r3ppp/4pkb1/3r4/2p2PP1/6Q1/5K1P/8 w - - 0 34	g3h4 d5g5 h4g5	1736	0p13151o
Bo15W	6k1/3Q1p2/p7/2p1b1K1/6P1/4B3/P5P1/5r2 b - - 0 33	e5f6 g5h6 f1h1	1736	0p1113151f1o
COhis	r1b1r1k1/2p2pp1/pbn4p/1p2P3/4n2B/1B3N1P/PP3PP1/RN1R2K1 w - - 1 16	b3d5 e4f2 h4f2	1736	010s111c1o
CcIkJ	3R4/4NpQ1/p4n1p/7k/8/5r1P/P4qPK/8 b - - 0 34	f3h3 h2h3 f2h4	1736	050p13151g1n1o
Clkjg	1r6/2k1b3/p3p3/1b1p4/2pP1Prq/2P1P3/1P2Q1PP/R1BB2RK b - - 1 27	h4h2 h1h2 b8h8	1736	050y1315191n1o
DWCma	1k2r3/p4p2/1p5p/5B2/2bP1R2/P5B1/8/3K3r w - - 10 35	f4f1 b8b7 f1h1	1736	010j0k0p1o
FHJO2	r6k/p1b1R1rp/1p1p2p1/2n3P1/2P5/B4N1q/P4P2/4R1K1 w - - 0 25	e7e8 a8e8 e1e8 g7g8 a3b2	1736	0y10131619
GeqaJ	8/5k2/R3p1r1/1r6/1p1P1KP1/1P6/2R5/8 b - - 0 42	e6e5 d4e5 g6a6	1736	010j0p1m1o
HihHz	6k1/5p2/1pNr2pp/5p2/1P6/P2n1PK1/6P1/3R4 w - - 3 41	c6e5 d6e6 e5d3	1736	010p1o
JYGQB	4Q3/1p4pk/7p/pP6/P3Pn2/4q3/Q4RPP/2r2BK1 b - - 0 29	c1f1 g1f1 e3c1	1736	051315191g1n1o
KYXQj	8/8/8/8/p2p1n2/P3k3/4p1P1/4Q1K1 b - - 1 67	f4d3 e1g3 e3d2 g1h2 e2e1q	1736	000g0p101h
LFBpx	r1q2rk1/p4ppp/2Qbbn2/3pN3/5B2/2N5/PPP2PPP/3RR1K1 b - - 0 15	c8c6 e5c6 d6f4	1736	01191o
NaX2u	8/Bp4p1/2b2k1p/4b3/P4nK1/4N1PP/2B5/8 b - - 0 39	h6h5 g4h4 g7g5	1736	0p13151o
PiqTG	5rk1/6pp/p5r1/1pP1Q3/1P6/3P1q2/6RP/6RK b - - 4 34	f3g2 g1g2 f8f1 g2g1 f1g1	1736	0d0p1013161n
TcHSz	8/6p1/8/p3k2K/P6P/1P6/8/8 b - - 0 42	e5f5 b3b4 a5b4 a4a5 b4b3 a5a6 b3b2 a6a7 b2b1q a7a8q b1d1 a8f3 d1f3	1736	000p13181e1h1w1z
TwJcg	r1r5/pp3pkp/3p1Np1/4p3/2Bq4/KP6/P4P2/6RR w - - 10 32	h1h7 g7f6 h7f7	1736	1315191d1o
TzHje	8/p2k4/7p/2PP1Kp1/P7/1r2p1P1/RP5P/8 b - - 0 39	e3e2 a2a1 b3f3 f5e4 f3f1	1736	000d0g0p101m
V8KDt	4r1k1/1Qp3pp/2q5/r3R3/3n4/7P/P5P1/1R5K w - - 0 33	b7c6 d4c6 e5e8	1736	010b191o
VgFT2	r2qkb1r/ppp2ppp/2n2n2/4p3/2B1P3/2N2Q2/PPPP2PP/R1B2RK1 b kq - 4 8	d8d4 g1h1 d4c4	1736	010s1c1o
WN32c	4k3/5R2/4K3/p6p/4N1p1/8/7r/8 w - - 8 58	e4d6 e8d8 f7d7	1736	0p13151o1x
WX6Rt	r4rk1/pp3ppp/6q1/2p3B1/3n4/3B2Q1/PP3P2/3R1RK1 b - - 1 19	g6g5 g3g5 d4f3 g1g2 f3g5	1736	01050s10191n
Wp3d6	1r3rk1/p4p1p/1b2pBp1/4P3/3pN2Q/3PnR2/Pq4PP/R5K1 w - - 0 25	h4h7 g8h7 f3h3 h7g8 h3h8	1736	050y101316191d1n
XUybe	8/8/5ppk/ppb4p/8/5P1P/PPR2BP1/3r1K2 w - - 3 37	f1e2 c5f2 e2d1	1736	010p1o
ZdGqZ	5bk1/6p1/2R2pQP/1p1Pp1n1/pP2P1q1/P7/5P2/2B4K b - - 1 43	g4h3 h1g1 g5f3	1736	0p13151o
bJ6DM	3r4/1R1P1pk1/4p2p/6p1/1p1N2n1/1P4P1/r5P1/3R2K1 w - - 4 36	d4c6 d8d7 b7d7	1736	010p111o
ewRd6	2br1rk1/p1q2ppp/1p2p3/1Pp5/P5Rb/4PN2/1B1P1PPP/R5K1 w - - 0 19	g4g7 g8h8 g7f7 e6e5 f7c7	1736	010i0j0k0y10191g
fK6eC	4rr1k/bpp3p1/p2n2qp/3B2n1/PP4N1/2P3P1/3Q1PK1/R1B4R w - - 3 27	d2g5 g6g5 c1g5	1736	0g11191g1o
fr1h8	6rk/p3pp1p/1n5B/2r5/4p1Q1/6PB/P1q2P1P/b2R2K1 w - - 4 24	g4g8 h8g8 d1d8	1736	050y1315191f1n1o
gAyzr	3r3k/6R1/1Q2p2p/1p1b4/8/P7/1PP2rPP/3K4 b - - 2 31	d5f3 d1e1 f2e2 e1f1 d8d1	1736	0k0m0p101316
hPMw1	1k1r2nr/ppp2Rpp/8/2b1q3/3pP1Q1/1P1P2PP/PBP3B1/R5K1 b - - 0 16	g8h6 g4g7 h6f7 g7e5 f7e5	1736	010s1019
i7VCq	r3kbnr/p1p2ppp/2N1b1q1/8/3PN3/5Q2/PPP2PPP/R1B1K2R b KQkq - 2 10	e6d5 c6e5 g6e4 f3e4 d5e4	1736	01101c
iv3IB	6QR/3k4/p4K2/1p6/7P/2p5/6r1/8 b - - 0 37	g2g8 h8g8 c3c2 g8g1 b5b4 g1c1 b4b3	1736	000g0p1l1w
joSZb	2k3K1/4r2R/1r5p/8/2P4P/8/8/R7 b - - 17 41	b6g6 g8f8 e7h7 a1a8 c8b7	1736	0g0i0p101m
jtZdk	3r1rk1/p2q1B1p/6p1/1p6/3n4/5RN1/1P1Q2P1/5RK1 b - - 0 24	f8f7 f3f7 d4f3 f7f3 d7d2	1736	010j10191n
lUXz6	r1r5/3nk1pp/p3pp2/1p6/6PP/2P5/PBP2P2/3RR1K1 w - - 1 24	b2a3 d7c5 d1d5 e7f7 d5c5 c8c5 a3c5	1736	010p1g1w
mPUTF	r4r2/1p3p1k/p1qb1Pp1/4p1Qp/P7/2P1p1Pb/1P2N2P/RB3RK1 w - - 3 24	g5h5 h7g8 h5h3	1736	0g191g1o
nh9ve	6k1/p2p1ppp/1p1r1P2/8/8/4PQ2/P4K1P/2r2R2 b - - 4 31	c1f1 f2f1 d6f6 f3f6 g7f6	1736	0g0p101g1j
nu0yl	r5k1/pp2prbN/2p1bnQ1/3q4/P2P4/2P5/1PB2pP1/R4K1R w - - 5 22	h7f6 f7f6 h1h8 g8h8 g6h7	1736	050d0r0y1011121316191g1n
nwANx	r3k2r/pb2bppp/1pq1p3/4n3/1PP5/4BN2/P1B3PP/R2Q1RK1 w kq - 0 18	c2a4 c6a4 d1a4	1736	0g191g1o
o08RD	3r4/bp3pkp/p1p2pp1/2P5/1P1q4/PB3Q1P/5PP1/4R1K1 w - - 0 32	e1d1 d4d1 b3d1	1736	0g0p111o
oBCFo	5k2/8/6p1/8/1P6/2P1p2R/1r6/6K1 b - - 1 41	b2b1 g1g2 e3e2	1736	000g0p1m1o
oojBf	4rr1k/pppn3p/2np2p1/6P1/4qP2/1BP1BQ2/P1P5/R3K2R w KQ - 0 18	h1h7 h8h7 f3h3 h7g7 h3h6	1736	050s101316191n
p4KDJ	4r1k1/1pp2rbp/p2p2p1/3P1qN1/5p2/5QPP/PPP2PK1/4RR2 b - - 8 23	e8e1 f1e1 f5g5	1736	0g191o
r5bL4	r5q1/pp2kp2/3pp2Q/2p3n1/4P3/1NPP4/PP2K3/5R2 w - - 1 29	h6f6 e7d7 f1g1	1736	010p1o
rLQ5W	8/4rp1k/ppP2q1p/4Nb2/2P4r/1P2Q1RP/P4P2/4R1K1 b - - 2 31	h4e4 e3e4 f5e4 e1e4 e7e5 e4e5 f6e5	1736	01191w
rjHuo	k2r4/3R1rp1/1q6/4Q1p1/8/7P/1PPn1PK1/8 w - - 4 38	e5d5 a8b8 d7d8	1736	010p0s1o
rtflh	3rq1k1/p1p2ppp/8/8/2QN2b1/4r3/PP1RB1PP/4K2R b K - 7 22	d8d4 c4d4 e3e2 e1f1 e2e1 f1f2 e1h1	1736	010i0r191w
sWvrr	6k1/pp1bQ1pp/4pn2/3pNp2/3P1P2/1P2P3/P1q3PP/6K1 w - - 0 26	e7f7 g8h8 f7f8 f6g8 e5f7	1736	0p0y1013161q
sdlAF	r5k1/1Qq2pp1/5np1/r2Bp3/6P1/3PB2P/1R2NPK1/8 b - - 4 33	f6d5 b7c7 d5c7	1736	01191o
skAJS	r2k4/pp3Q2/2n1pr2/1N1p4/4q3/1P3RP1/P6P/b6K w - - 2 26	f7c7 d8e8 b5d6 e8f8 d6e4	1736	010r0s1019
u47Tt	1k1r4/4bpp1/p2p4/Qp1qp3/6p1/P1R1B3/1PP4r/2K5 w - - 0 27	a5c7 b8a8 c7a7	1736	0s1315191o
v3pXg	Q2r3r/1p1kbp2/3pqn1p/8/3p4/4BP2/PP2KP1P/2R5 w - - 4 26	a8a4 b7b5 a4b5	1736	1315191o
vzoAO	5r1k/5rp1/7p/3PQ3/8/1Pq4P/2P3P1/2R1R1K1 b - - 0 32	f7f1 g1h2 c3e5 e1e5 f1c1	1736	010p10
wue6e	r3kn1r/6p1/p3p3/Ppp1p1P1/3pP1Qp/3P1P1P/1qP1KN2/R1R5 w kq - 0 27	f2d1 b2b4 c1b1	1736	0g191o
x89dJ	r1bq1rk1/1p2bpp1/p4n1p/3N4/P2Q3B/8/1PP1BPPP/R3R1K1 b - - 0 14	f6d5 h4e7 d5e7	1736	01191o
x9R8u	r2q1rk1/p4pbp/2pp1Bp1/4p3/2B1PPb1/2N5/PPP3PP/R2QR1K1 b - - 0 12	d8b6 g1h1 g4d1	1736	0g191o
y9rF0	1k1r1r2/ppp1R1p1/2q2n1p/N2p1Q2/5p2/1P6/PBP3PP/3R2K1 b - - 3 20	c6c5 b2d4 c5e7	1736	0g0s191o
zZDyy	1r3rk1/4bpp1/3p3p/p1nP4/BNP1p3/B7/P4PPP/1R3RK1 b - - 0 24	a5b4 a3b4 c5a4	1736	010w191o
0uD2K	r4rk1/2pRQ2p/1p2p3/p5p1/2P1b3/P1q5/4nPPP/5R1K w - - 0 22	e7e6 g8h8 e6e4 c3g7 d7g7	1737	0g0s1019
1K59T	3k1r1r/p1p3Rp/1p1p1n2/3Bp3/4P2q/P2PP3/1PPK2Q1/6R1 b - - 4 21	f6d5 e4d5 f8f2 d2c3 f2g2	1737	010d0s1019
1dVtf	5rk1/2R2pp1/p3p2p/1p1nP3/3P4/q2B1Q2/5PPP/6K1 w - - 1 22	d3h7 g8h8 f3a3	1737	010j0p11121o
1l2NG	4r1k1/p2Q1p1p/6p1/2pP4/2P5/8/P3NPPP/qr3RK1 w - - 0 21	d7e8 g8g7 e2g3	1737	0g0h0p0t1o
3RF1V	5rk1/p7/2p5/3p2p1/P2Pp1Pp/4P2P/qQ3rR1/1R1K4 w - - 0 40	b2a2 f2a2 g2a2 f8f1 d1c2 f1f2 c2b3	1737	0g0h0p1w1y
4cvJY	6k1/p5p1/7p/2Q5/2P2pq1/P2r2P1/5PKP/4R3 b - - 1 34	f4f3 g2h1 g4h3 e1g1 d3d1 c5d5 d1d5	1737	0g0p1w
5mm1Y	r5k1/5p2/p2p1bp1/1pq2n2/6Q1/PB2r2R/1PP3PP/R5K1 w - - 0 23	g4g6 f6g7 g6f7	1737	0y1315191g1o
5xs2r	2r1b3/1r2k2p/4p3/pp1pB2P/3n4/P4R2/1PP2P2/2K3R1 w - - 0 28	g1g7 e7d8 e5f6	1737	0g191o
6VibR	rn1q2nr/p2kb2p/1pp1p3/5p2/7Q/5N2/PPbP1PPP/RNB1R1K1 w - - 0 15	h4d4 d7c8 d4h8	1737	010s1c1o
8UKPs	r5rk/1ppb2b1/p2p3q/P2Pp3/1PB1PpP1/2N2P1Q/2PN1K2/R7 w - - 1 32	a1h1 h6h3 h1h3 g7h6 h3h6	1737	010r10191l
8c5Td	r1br2k1/pp3p1p/6pb/2N1p3/2B1P3/P4P1q/1PQ4N/R4R1K b - - 0 22	d8d2 c2d2 h6d2	1737	0g191o
8yFnJ	7k/p5pp/8/1pp1Pq1P/1b3P2/P2rP1Q1/KP6/3R3R b - - 2 33	d3a3 b2a3 f5c2 a2a1 b4c3	1737	0d0p1013161n
ANWct	2b1rk2/2p2p1p/3b3r/p7/8/2N3RP/PPP2PP1/4R1K1 w - - 1 25	g3g8 f8g8 e1e8 g8g7 e8c8	1737	01050i0s1019
CGkRT	2rr3k/6pp/R7/2P1pqb1/8/1Q2BP2/6PP/2R3K1 b - - 0 28	d8d3 b3d3 f5d3	1737	011112191o
CgCEJ	6k1/p4p2/1p3Ppp/2p1K3/4P1Q1/1P4P1/P1P2r1R/4qb2 w - - 0 29	g4c8 g8h7 h2h6 h7h6 c8h8 h6g5 h8h4	1737	050p13171n1w
CmszZ	1r1q4/pb1n2bp/1p4p1/3k1p2/3P4/3B1NB1/PPP2PPP/4R1K1 w - - 0 22	c2c4 d5c6 e1e6	1737	1315191f1o
Ctqvd	7k/R4pp1/6b1/3p3p/3B3P/P1P2P2/1P1qr1PK/6Q1 b - - 6 34	d2f4 h2h1 f4h4 g1h2 e2e1 d4g1 e1g1 h1g1 h4e1	1737	050p13181g1w
DSWrV	3q1rk1/p4ppp/Q3b3/1N6/3n4/8/PPP2PPK/R1B2R2 b - - 0 17	d8h4 h2g1 d4e2	1737	1315191o
Dqxzu	r5rk/pp1b4/2p1N1Pp/3qPQ2/2pP2P1/8/PP3P2/R4K2 w - - 0 25	f5f6 g8g7 f6g7	1737	0y1315191o
ET3iQ	4r2k/p2Q2pp/8/2p2p2/5Pn1/P3b1BP/1Pq5/4RR1K b - - 0 26	c2e4 f1f3 e4f3	1737	1315191o
FhAiX	1r5r/4ppk1/p1pp1np1/8/N1P1P1b1/1P2R3/P2QBqPP/5R1K b - - 9 23	h8h2 h1h2 b8h8 e3h3 h8h3	1737	050y101316191d1g1n
GQ9fc	r7/1n1bqpk1/1pp2npp/3Pp1Q1/1PP1P3/2N3N1/2B3PP/5RK1 w - - 0 24	g3h5 f6h5 g5e7	1737	0g191g1o
GW3e2	r5qk/7p/p1b2P1N/1p1pP3/2p3R1/2P5/PP4P1/2K5 w - - 0 34	g4g8 a8g8 h6f7	1737	0p13151o
H4CLt	8/5p2/rp1k2p1/1R5p/2PK3P/6P1/5P2/8 w - - 6 47	b5b6 a6b6 c4c5 d6c6 c5b6	1737	050g0p0r0s1011121m1n1r
HUKyJ	r1bq2k1/1p4pp/p1nbpr2/6N1/2B5/P3P3/1PQ2PPP/R1B1K2R b KQ - 3 15	d8a5 c1d2 a5g5	1737	010s1c1o
In7f1	7r/5p2/5kp1/p1Bb4/1p3pRP/8/6PK/8 w - - 0 38	c5d4 f6f5 g4g5 f5e6 d4h8	1737	010p10
J3wwl	Q2r2k1/5ppp/2p1r3/8/QP1n1q2/2N5/5PPP/R4RK1 b - - 0 25	d4f3 g2f3 e6g6 g1h1 f4f3	1737	0w101316191n
JK44c	r1b1kb1r/1p1pnppp/2n1p3/1N6/q1B1P3/2P1B3/P4PPP/R3K2R w KQkq - 0 13	b5d6 e8d8 e3b6	1737	1315191o
JKzX4	5rk1/1b2qppp/p1n3r1/1p2p2Q/8/1BPpR3/PP1B1PPP/R5K1 w - - 4 23	e3h3 h7h6 h5g6	1737	0g191g1o
Kht7y	7k/1p5p/3b1R1R/2pQ4/2Pp4/1P4P1/r3q3/2B3K1 b - - 0 33	e2e1 f6f1 e1g3 g1h1 a2h2 h6h2 g3h2	1737	0r0s111317191w
LIFNC	r4rk1/1Qp1nppp/p1p2q2/4b3/4P3/2P3P1/PP3P1P/RNBR2K1 b - - 0 13	f8b8 b7a8 b8a8	1737	01191o1t
LrJWA	8/rB3k1p/P5p1/1P2rp2/2P5/6P1/5K1P/8 w - - 5 38	b5b6 a7a6 b7a6	1737	010p1o1t
MIIq7	r1bq3r/pp5p/2pb1p2/2k5/4R3/2NP2Q1/PPP2PPP/R5K1 w - - 4 21	g3e3	1737	1314191b
MWWXc	6k1/5pBp/p5p1/5N2/1bp1K3/3r2R1/P4PPP/8 b - - 5 35	g6f5 e4f5 d3g3	1737	0g0p1o
NOECq	8/P1R5/7p/1K4p1/3kp3/8/6PP/r7 w - - 0 44	c7c4 d4d3 c4a4 a1a4 b5a4	1737	0g0p10111m
NtjK0	2rqk2r/p4pp1/1pn1b2p/2NpPp2/1P1P3b/P3BN2/5PP1/R2Q1RK1 w k - 0 18	c5b7 d8d7 b7d6	1737	01191o
OPVNu	3r4/1p3p2/1R1r1k2/3P2bp/4K3/4B3/PP3P2/R7 b - - 0 30	d8e8 e4f3 e8e3 f2e3 d6b6	1737	010p10
OeP0s	2r3k1/1r5p/p3p1p1/4PP2/5Q2/2p4R/P2n1PKP/8 b - - 0 32	c3c2 f4d2 c2c1q d2c1 c8c1	1737	000g0p101h
QyXuL	r4rk1/pp3pp1/2pp1b1p/4nP2/8/P1N2P2/1qP1B1PP/R2Q1R1K w - - 0 15	c3a4 b2a1 d1a1	1737	01191o1t
S4M0J	2r3k1/8/p3p1p1/3p2q1/bPpQ1rBp/P6P/5PP1/R1R3K1 w - - 2 33	g4e6 g8h7 d4a7 h7h6 e6c8	1737	0g0r0s1019
S7y4v	r7/1ppk3p/p2q4/3p1N1P/2nP1pP1/2P5/P1P1Q3/1K2R3 b - - 3 25	d6b6 b1c1 b6b2 c1d1 b2b1	1737	0p1013161k
STh5x	2r2k2/p4p2/4b2P/6Q1/3R4/4P1P1/5P1K/5q2 w - - 5 44	d4d8 c8d8 g5d8	1737	0p13151o
U2bpZ	rn2k2r/p2q1ppp/2p1bp2/8/PbBP4/5N2/1B2QPPP/R4K1R w kq - 5 13	d4d5 c6d5 c4b5	1737	01191g1o
VFpDt	r5k1/ppp3r1/2n5/q6Q/3pN3/6P1/PPPb1P1P/R3R1K1 w - - 1 20	e4f6 g8f8 e1e8 a8e8 h5e8	1737	0r0y10131619
WY912	5r1k/1pR3p1/p2pB2p/3P3P/8/3P4/PP2n3/1K6 b - - 0 33	f8f1 b1c2 f1c1 c2d2 c1c7	1737	0g0p101p
WephL	2k1r3/ppqb3p/7p/3p2r1/1Q1n4/8/P1BN1PPP/R3NRK1 b - - 2 21	d4e2 g1h1 c7h2 h1h2 g5h5 b4h4 h5h4	1737	02050y1317191n1w
X2UAz	r2B1rk1/p1pq1ppp/b1pp4/5N2/8/1Pn5/P1P2PPP/R2QR1K1 w - - 0 14	d1g4 d7f5 g4f5	1737	0g191o
ZsUIW	r4rk1/2pqQpp1/b1pp3p/p3n3/4P3/P1N5/BPP2P1P/1K1RR3 w - - 4 21	e7e5 d6e5 d1d7	1737	0g191o
aAg7Z	8/6k1/6P1/8/P7/3R1p1P/r7/7K b - - 3 41	a2a1 h1h2 f3f2	1737	000g0p1m1o
bTWZ7	5rk1/5pp1/p7/1b1P4/p3q3/Q6R/6R1/4rB1K w - - 4 38	h3h8 g8h8 a3f8 h8h7 f8g7	1737	050i10131619
cZwSA	Q1b1r1k1/2q4p/p5pB/1p2bp2/1P1n4/P7/R2N1PPP/4R1K1 b - - 3 23	e5h2 g1f1 e8e1 f1e1 c7c1	1737	050j0y10131619
ckYLK	3r4/3r2R1/8/1R4p1/5pk1/8/6P1/4K3 w - - 0 47	g7g5 g4h4 g5h5 h4g3 b5g5	1737	0p1013161m
dcd9E	8/1p4pk/3N3p/3p2qP/5p2/P4RP1/R3Q2K/2r5 b - - 1 39	g5h5 h2g2 h5h1 g2f2 h1g1	1737	0p101316
dgIcU	8/3n4/P1k4p/2pp1p2/5P1P/4KN2/8/8 w - - 2 45	f3e5 c6b5 e5d7	1737	0g0i0p0z1o
fO7nV	5r1k/pb4pp/3N4/8/P7/3p1P2/1q4PP/2R1Q2K b - - 1 33	d3d2 d6f7 h8g8	1737	000g0p0s1o
fXLna	r1q2rk1/4bpp1/4p1p1/p2pB3/3P4/2p4R/PP1Q1PPP/5RK1 w - - 0 21	h3h8 g8h8 d2h6 h8g8 h6g7	1737	050y1011121316191g1n
ftlNE	6k1/7p/2p1n3/3pPQ2/3P1q2/7R/5PPK/r7 w - - 2 34	h3g3 g8h8 f5e6	1737	010p1o
gB8Ex	2b2r2/Q1p1q1kp/p2pp1p1/4N2n/Pp2P3/1N1PP2P/1PP1K1P1/R4R2 b - - 0 20	h5g3 e2d2 g3f1 a1f1 f8f1	1737	010s101119
gqOoX	r1b2rk1/p3np1p/4p1p1/q2p4/1n1P4/1N2P1PP/PRP1NPB1/3QK2R b K - 4 16	b4d3 e1f1 d3b2 b3a5 b2d1	1737	0g0k0m1019
jMvB2	5R2/2k4p/5p1N/2P3p1/p1P2pP1/3P1b1P/1r4r1/4RK2 w - - 16 40	e1e7 c7c6 f8c8	1737	0p13151o
jeSml	2k2b1N/pbp1p1pp/1p3n2/5q2/3B4/2NP3r/PPP1BPP1/R2QR1K1 b - - 0 14	h3h1 g1h1 f5h3 h1g1 h3g2	1737	050y101316191g1n
jhxXD	r5k1/1p4p1/p1q2r2/2P1n1N1/3p2p1/2P1P3/PPQ2P2/2K4R w - - 0 27	h1h8 g8h8 c2h7	1737	050y1315191n1o
kCQdZ	3r4/1pr1b2p/4b1k1/n3p2N/3PN1P1/Pp1BP3/8/RR4K1 w - - 3 34	e4c5 g6h6 c5e6	1737	010j0k191o
l1zpZ	4brk1/6p1/5p1p/4p3/2PpP1P1/3P3P/8/R3B1K1 w - - 1 36	e1b4 f8f7 a1a8 f7b7 a8e8 g8f7 e8f8	1737	010p1g1w
lKEh6	8/1N3p2/1p1p2k1/3P4/P5Kp/1P3P1P/8/4b3 b - - 5 43	f7f5 g4f4 e1d2	1737	0p13151o
ld03L	8/5p2/8/8/4krRK/7P/8/8 b - - 2 62	f7f5 g4f4 e4f4	1737	0g0p1m1o
mQoOR	r4r1k/6Rp/5p1N/p1b1p3/1p1pqn1P/P2P1P2/1PP2P2/1K4R1 w - - 0 31	g7g8 f8g8 h6f7	1737	0f0y1315191n1o
mZ4e0	8/8/2p1bkp1/4p2p/1p1PP2P/pP2K1P1/P7/2N5 w - - 0 36	d4e5 f6e5 c1d3	1737	050g0p111o
n63AZ	r2r2k1/3R1ppp/1p6/p7/2q5/5Q1P/5PP1/5RK1 w - - 2 28	f1d1 d8f8 f3a8	1737	0g0p1l1o
nB5QV	8/pp3k1p/6p1/8/1P6/P1bQPN1b/5qp1/3K2R1 w - - 0 26	f3g5 f7e7 g5h3	1737	010p0s1o
pKrZk	r4r2/6pk/4Qp1P/p2n3P/4N3/5q2/b4P2/2RR2K1 w - - 1 39	e4g5 h7h6 g5f3	1737	0g11191o
pQ06m	7k/2Q1b2p/3p3r/1P1Pp1r1/P1P1R1p1/5pPq/5P1P/5NRK b - - 0 37	h3h2 f1h2 h6h2 h1h2 g5h5	1737	050y101316191n
pmRrz	8/8/p2p1k2/2pP1p1p/PP6/8/4K3/8 w - - 0 44	b4b5 a6b5 a4a5 b5b4 a5a6	1737	0g0p101e1l
q4og5	8/2Qnq2k/pp2pppp/8/4NP2/1P4P1/P5KP/8 w - - 0 30	c7d7 e7d7 e4f6 h7g7 f6d7	1737	050b0g0i0p0s101n
qJRIU	2k4r/4qp1p/p2p2b1/N1pPb3/2P5/7P/P2Q1PP1/1R4K1 w - - 1 23	b1b8 c8b8 a5c6 b8a8 c6e7	1737	050g0r0s10191n
qLHZS	rn2k2r/1p1b1ppp/p2bp3/6B1/3PN3/2P5/P3QPPP/qN2K2R w Kkq - 0 14	e4d6 e8f8 e1g1	1737	0c0g0h0t191o
qgWzI	6k1/1p2R2p/p1b2ppQ/2p2q2/2N4P/2P3B1/PP3PPK/3r4 b - - 2 26	d1h1 h2h1 f5h3 h1g1 h3g2	1737	05101316191g1n
qhGgF	r1bqk1nr/2p2ppp/p2p1P2/2p5/3Q4/5N2/PPP2PPP/RNB2RK1 b kq - 0 10	c5d4 f6g7 d8f6	1737	011c1o
qhoHW	r1b2rk1/2p1q1p1/4p2p/p1p1P3/3P1p2/P2B1N2/1P2Q1PP/3R2K1 w - - 0 24	e2e4 g7g5 e4a8	1737	01191o
rJV0E	r1b1k2r/1p3ppp/p1n1p3/3pP3/1q1n1P2/5N2/PP2BKPP/R1BQ3R w kq - 0 13	a2a3 b4e7 f3d4	1737	011c1o
rxnjP	5rk1/pp1n1p1p/q4P2/3ppN2/8/2r3P1/PPP3P1/1K3R1R w - - 0 23	f5e7 g8h8 h1h7 h8h7 f1h1	1737	050y101316191n
tx3SY	r2qk1nr/ppp3pp/8/2b1N3/3nP1b1/P1N5/1P2BPPP/R1BQR1K1 b kq - 0 12	d4e2 c3e2 d8d1 e1d1 g4e2	1737	010b0j0y101c
wVi7P	2k2r1B/1ppq4/p1np2BQ/6n1/8/1P2b3/P1P3P1/RN2K2R b KQ - 0 18	g5f3 g2f3 e3h6	1737	0g0j191o
wy6xN	6k1/3p1ppp/p7/1pq5/4Q1N1/5PP1/PPPR2KP/7r b - - 6 29	h1g1 g2h3 c5h5	1737	0p13151o
xZacZ	1r3r2/p1qn1pk1/1ppNp1pp/2PnP1QP/4B3/8/1P4P1/5RK1 w - - 0 27	f1f7 f8f7 g5g6 g7h8 d6f7	1737	050f101316191n
xdJvF	r4rk1/pp1n1pp1/2p1pqP1/3nb3/2BP4/8/PPP1QPP1/R3K2R w KQ - 0 17	h1h8 g8h8 e2h5 h8g8 h5h7	1737	050y101316191n
y22ei	q3r1k1/ppR1bppp/2bp1n2/6B1/3pP3/3P2Q1/PP3PPP/5RK1 w - - 2 17	c7e7 e8e7 g5f6	1737	01191g1o
ye0So	8/4n1p1/3K1k1p/5P2/3N1P2/8/7P/8 b - - 2 55	e7f5 d6d5 f5d4 d5d4 f6f5 d4e3 f5g4	1737	0g0p0z1w
yoZJo	Qn3rk1/p1qbppbp/3p1np1/1NpP4/2B5/4P3/PP3PPP/R1B1K1NR b KQ - 4 11	d7b5 c4b5 c7a5 c1d2 a5b5	1737	010s1019
0Eb0n	1k1r1b1r/1p5p/p2q1pp1/5P2/Q2p4/1P3P2/1P3B1P/R3R2K w - - 0 30	f2g3 d6g3 h2g3	1738	0g191g1o
0tuG2	4r2k/1bpp1Bpp/p7/1p6/8/7R/PqPQ1PPP/6K1 w - - 1 23	h3h7 h8h7 d2d3 e8e4 d3h3 e4h4 h3h4	1738	050p13171n1w
1DIta	r3kb1r/1p1b1ppp/p1n1p1n1/q2pP3/B7/1QP1BN2/PP3PPP/RN2R1K1 w kq - 0 13	e3b6 a5a4 b3a4	1738	0g1c1o1t
1oW0d	3r1rk1/4Qp1p/pq1bp1p1/1p6/6N1/2P2R2/PP2K1P1/8 w - - 2 27	g4h6 g8g7 e7f6 g7h6 f3h3	1738	101316191n
33sCz	8/3R2pk/5Bp1/1p1P4/n7/1KP2PP1/8/2r5 b - - 0 65	a4c5 b3b2 c5d7	1738	010p0s111o
3VhQP	r3k2r/pbpq1pp1/1p1b4/4B3/2N1P1p1/1P1P4/P1P3PP/R2Q1RK1 b kq - 2 16	d6e5 c4e5 d7d4 g1h1 d4e5	1738	0d0g0s1019
3kog1	r1b1r1k1/b4ppp/p1N5/1p1p4/1P2nP1q/P3PR1P/1BB3P1/1R1Q2K1 b - - 4 21	a7e3 f3e3 h4f2 g1h1 f2e3	1738	01050s1011191n
4ssoN	3r2k1/R2bq2p/2p2np1/2PpNp2/3P4/4P2P/1Q3PP1/6K1 w - - 5 26	e5c6 e7f8 c6d8	1738	0g191o
5SWmw	1k4r1/pp6/8/8/1n1pN2P/3P4/P1q1QPr1/3R1K1R b - - 4 25	g2g1 h1g1 g8g1 f1g1 c2e2	1738	0g1019
5fPW2	r1k1r3/pp1b2Q1/2qbp3/3pB2p/7P/7R/P1nN1PP1/1R1K4 w - - 4 22	h3c3 c6c3 e5c3	1738	01191g1o
5nRYJ	7k/1b5n/pp1q1pR1/5P1Q/P1B5/2P3nP/1P6/6K1 b - - 1 38	d6c5 g1h2 c5f2	1738	0s1315191o
5rz9g	r1b1k1r1/bppp1p2/2n2Bq1/P3P3/2B5/1QP3P1/3N1P2/R3R1K1 b q - 0 24	g6g3 g1f1 g3f2	1738	0y1315191g1o
6YYyT	6k1/1bqp1Qp1/p6p/1p1Pp3/8/P1P5/BP3PPP/6K1 b - - 0 21	g8f7 d5d6 c7c4 a2c4 b5c4	1738	0g0p0t10
85XLW	5r2/1Qp3k1/p6p/2p3p1/2Pnp1P1/P4PqP/4P1B1/2R1R1K1 b - - 2 27	e4f3 e2f3 d4f3 b7f3 f8f3	1738	010r0s10191g
8jmlN	6r1/p1bk4/2p1pB2/6Pp/1Q1p3q/1P6/P1P1K1P1/R4R2 b - - 3 27	d4d3 e2d3 h4b4	1738	0g0j191o
8vgJx	r3kbnr/ppp1qp1p/2np4/6p1/2B1Ppb1/1QP2N2/PP1P2PP/RNB2RK1 w kq - 4 8	b3b7 a8b8 b7c6	1738	0g0s191o
8zaon	r3q1rk/1b2p3/p2pP2B/1pp3PQ/2P4P/8/Pb3P2/5RK1 w - - 3 27	h6g7 h8g7 h5h6	1738	050k0m0y1315191n1o
9cfDK	8/3k1p2/5p1p/p1P5/P1K3P1/1BbP3P/4n3/8 w - - 7 44	b3d1 e2f4 c4c3	1738	0g0p1o
9gSaO	r1r3k1/5pp1/p1R1b1np/1p1pP1q1/3P2N1/P5QP/1P3PP1/1BR3K1 b - - 4 24	g5c1 c6c1 c8c1 g1h2 c1b1	1738	0g0s10191y
Ad9ws	7k/5Q2/6p1/p6p/1p2N3/1P5K/Pb2q2P/8 w - - 0 34	f7f8 h8h7 e4g5	1738	0p13151o
Aq8Nu	r3k2r/ppp4p/5qp1/2b1pnB1/2B3Q1/2PP4/PP4PP/RN3R1K b kq - 4 13	f5g3 h2g3 f6f1 h1h2 f1g1 h2h3 g1h1	1738	0j0y1317191w
Bax5d	2kr4/pp6/2p4Q/3n1b2/3B4/1P2p3/P1Pq2PP/1KRR4 b - - 3 25	f5c2 b1a1 c2d1	1738	0g0s191o
BjtyL	r1b2rk1/pp1p1ppp/2n1p3/4P3/1b1p1B2/1N6/PqP2PPP/RN1Q1K1R w - - 4 11	f4c1 b2a1 b3a1	1738	011c1o1t
CSgCx	3r2r1/pp1kbp2/4p2p/8/3q4/6Q1/5PPP/2R3K1 w - - 6 28	c1c7 d7e8 g3g8 e7f8 g8f7	1738	040p0v101316
EH1yR	2r2k2/6pp/p7/1p5N/3p2Q1/1P2b1PK/P6P/1q6 w - - 0 32	g4g7 f8e8 h5f6 e8d8 g7d7	1738	0p101316
EbAZc	1r1q1rk1/p1p2pbp/b1p3p1/2n5/2P1PP2/1PN5/P1Q1B1PP/R1B2RK1 b - - 0 14	d8d4 g1h1 d4c3 c2c3 g7c3	1738	0g101c
GS4qI	r1b2rk1/pppp1ppp/5n2/2b4q/8/2PB4/PP3PPP/RNBQR1K1 w - - 7 13	d1h5 f6h5 e1e5 d7d6 e5h5	1738	010s101c
GhbWX	1Q6/5ppk/p2rp2p/7q/5n2/1B3P2/PP1r1RPP/5R1K w - - 9 29	f2d2 d6d2 b8f4	1738	01191o1p
GqzsG	r2q1rk1/ppp2ppp/2n1b1n1/2b1p1N1/3pP3/P2P2NP/1PP2PP1/R1BQKB1R w KQ - 3 10	d1h5 h7h6 g5e6 f7e6 h5g6	1738	01101c
HLNZG	r7/6pk/3q1p1p/8/2rNn3/4P2P/2Q2PP1/4BK2 w - - 0 30	c2e4 f6f5 e4a8	1738	010s0t191o
HlNA2	5k2/4p2p/p2p1pp1/qR1P3n/4P3/7P/1Q3PP1/4R1K1 b - - 0 27	a5e1 g1h2 a6b5	1738	0g0p0t0w1o
JNDEf	6R1/2p2B1k/1b1pQp1p/4pn2/1P6/2PP3P/3NqPP1/6K1 b - - 9 29	e2f2 g1h2 f2g1	1738	1315191o
LPZ2K	r1b2r2/ppp3qk/7p/b2PNpn1/2PP4/2PQ1N2/P4PPP/R3R1K1 b - - 3 20	g5h3 g1f1 h3f4	1738	0g191g1o
MeKGH	3r1r1k/pp4pp/8/4n3/8/P3PBK1/1P4PP/R1BR4 b - - 0 19	f8f3 g2f3 d8d1	1738	01191o
Mt81C	5k2/8/4P3/p1K3p1/2P2pBr/1P6/P7/8 w - - 1 62	c5d6 h4g4 d6d7 f8g7 e6e7 f4f3 e7e8q	1738	00010p1h1n1w
N3ALF	5r1k/6pp/1n2Bbp1/4N3/p3p3/2R5/1P6/K7 w - - 2 39	e5g6 h7g6 c3h3 f6h4 h3h4	1738	0p1013161f1n
Nvgpw	2k3rr/5p2/2p1p1q1/3p4/8/3P3p/PPP2Q2/RNB3RK b - - 3 21	g6g2 g1g2 h3g2 h1g1 h8h1	1738	000e0k0m0r101316191n
OHfEZ	8/6pp/2k1pp2/4P3/1r3P1P/6P1/4RK2/8 w - - 1 44	e5f6 g7f6 e2e6 c6d5 e6f6	1738	010j0p0r10111m
Ot5sc	1R6/p4ppk/3p4/4q2p/2PP4/6PP/P2Q1P1K/4r3 b - - 0 28	e5e4 d2e1 e4e1	1738	010p1o
OtHAK	3qr1k1/2pR1p1p/1p3b2/1P3p2/1BP5/5N2/2Q2PPP/r2R2K1 b - - 0 26	d8d7 d1a1 f6a1	1738	01191g1o
Pivk6	4r3/ppp1Pp1k/3nbP1p/8/3N3p/2P5/P4PPP/3R2K1 w - - 2 21	d4e6 f7e6 d1d6 c7d6 f6f7 e8e7 f7f8q	1738	00010j0p1h1n1w
QAupc	4r1k1/p1p2ppp/8/3p4/3P2b1/6Pq/PPP2P1P/RNB2QK1 b - - 1 16	h3f1 g1f1 g4h3 f1g1 e8e1	1738	050y101316191f
QEpF8	4k3/8/2KP4/8/4p3/1r6/5R2/8 w - - 0 60	d6d7 e8e7 f2f7 e7f7 d7d8q	1738	000g0i0p0r101h1m
RCNYC	rn1qk2r/pp2bppp/4p3/3n4/6b1/2N2N2/PP1PBPPP/R1BQ1RK1 w kq - 2 9	d1a4 b8c6 a4g4	1738	0g0s1c1o
T7ENz	1k6/8/P7/1KP5/3b1p2/4pB2/8/8 w - - 1 59	b5b6 d4c5 b6c5 b8a7 c5b5 e3e2 f3e2	1738	080g0p1w
USc2c	r3r2k/ppb1q2n/7B/P2p1B1Q/1Ppp4/2P5/6PP/R5K1 w - - 0 31	h6g5 h8g8 g5e7	1738	0g191o
V9xDV	1r6/p1p1kpQn/2p2N1B/2Pp1P2/3P4/1PK5/r2Rq1PP/7R b - - 6 26	b8b3 c3b3 e2c4	1738	050x1315191n1o
Vdc8H	3r4/pp1bkBQ1/1q1Np3/4P3/3n4/2P5/P6P/R6K b - - 0 31	d7c6 h1g1 d4f5	1738	0g0j0k191o
WC6zn	r1b1kb1r/ppQp1ppp/8/3n4/4q3/4B3/PPPN1PPP/R3KB1R b KQkq - 3 9	e4e3 f2e3 d5c7	1738	011c1o
Xijst	3r2rk/pp3p1p/6p1/5qB1/4p1Q1/P6P/1P3P2/6RK w - - 0 26	g4f5 g6f5 g5f6	1738	0g0p1o
YJ53j	3r4/6kp/4p1p1/p2NPp2/1p1K4/1P6/P1PRB2P/8 b - - 0 35	d8d5 d4e3 f5f4 e3f4 d5d2	1738	0g0i0p10
YT06q	r1br2k1/p4p2/2p1p2Q/4q1p1/3pB3/2n5/P1P2PPP/R4K1R w - - 4 21	e4h7 g8h8 h7g6 h8g8 h6h7 g8f8 h7f7	1738	0j0k0y1317191w
YVaSo	r1b3kr/pp4pp/5q2/2p5/5Q2/5P2/PP3P1P/4RR1K w - - 5 20	e1e8 g8f7 f4f6 f7f6 e8h8	1738	011019
ZaucU	r4rk1/pp1bbppp/4p3/3pP3/2qn4/P1N3P1/1P3PBP/R1BQR1K1 w - - 5 16	g2f1 c4c5 c1e3 d4f3 d1f3	1738	011019
ZbyCS	8/8/8/4k3/3p1p1p/2pK4/2P5/5B2 b - - 1 49	f4f3 f1h3 e5f4 d3d4 f4g3	1738	080g0p101z
aPvDl	3r1k2/pp2q1p1/1bnN1n2/4p1Nb/1PQ4P/P3pP2/1BP3P1/2KR4 w - - 3 22	g5e6 e7e6 c4e6	1738	0g0s191o
av7E2	2nrk3/pQR2p1p/4q3/8/8/4NpP1/PP3P1P/6K1 b - - 6 30	d8d1 e3f1 d1f1 g1f1 e6e2 f1g1 e2d1	1738	050p13171n1w
bTJWd	8/P2R4/1p6/1k5p/4bp2/7r/4K3/R7 b - - 0 55	h3h2 e2e1 h2h1	1738	0g0p1o
bUvr0	r2qk2r/pp1nb1pp/2p1Qn2/5N2/8/7P/PPPP1PP1/R1B1K2R w KQkq - 1 13	f5d6 e8f8 e6f7	1738	13151c1o
cpR08	r3r1k1/1pp2p1p/5Bp1/3pP3/p2n1P1Q/P5R1/2q2P1P/R2nK3 w Q - 2 24	h4h7 g8h7 g3h3 h7g8 h3h8	1738	050y10111316191d1n
dKgnP	1rb5/3pR2p/p2P1k1N/P5p1/6PP/1p6/5P2/6K1 w - - 0 33	h6g8 f6g6 h4h5	1738	0p13151o
dNy3e	r1b4R/ppb2p2/3k2p1/7p/4P3/6P1/P4P1P/2R3K1 w - - 2 23	e4e5 d6d7 e5e6 f7e6 h8h7	1738	010p0r10
ddd6q	5r1k/ppq2rp1/2p2pQp/2Pn1P2/3B4/7R/1P3P1P/6RK w - - 2 31	h3h6 g7h6 g6h6 f7h7 h6f8	1738	0i0y101316191n
e1b4X	r3k2r/pp2bppb/1qn1p2p/3P4/7N/1P2p1P1/P2NB1PP/R2Q1RK1 w kq - 0 15	d2c4 b6c5 d5c6	1738	01191o
eV4dW	1R2r1k1/7p/6p1/1R6/5p2/P6P/1B3rPK/4n3 b - - 1 37	e1f3 h2h1 f2f1	1738	0p13151g1o
ecspP	4r3/ppp3kp/2q3p1/8/5b2/1QP2N2/PP2r1P1/1K1R3R w - - 0 26	h1h7 g7h7 b3f7 h7h6 d1h1 f4h2 h1h2	1738	050s1317191n1w
fEQoq	r3k2N/pp2b1p1/4p2p/2pq4/2P3nn/1P1P1P2/P5PP/RNBQR1K1 b q - 0 17	d5d4 e1e3 g4e3	1738	0g0s191o
g8l2s	3R1Nk1/5ppp/5n2/p7/8/1K6/P2r1q1P/8 w - - 2 28	f8d7 f6e8 d8e8	1738	060j0k0p13151o
h8XyP	8/8/1p6/P3N3/1P6/4kppP/2P5/5K2 b - - 3 38	g3g2 f1g1 f3f2 g1g2 e3e2	1738	000g0h0p0r0z10
i8HDa	8/4b1k1/4P3/2pQ4/2P4P/p7/1r4P1/6K1 b - - 0 36	a3a2 d5e5 e7f6	1738	000g0h0p1o
iWV9z	8/1p6/p2kp3/3p3R/3K3P/1PP3r1/P7/8 b - - 2 41	e6e5 h5e5 g3g4 d4d3 d6e5	1738	0g0i0p101m
iadJq	6R1/2p2r1k/pnr4p/2pp4/2P5/1PN1KP2/P4P1P/6R1 b - - 1 31	d5d4 e3d3 d4c3	1738	010p0s1o
iyHiz	r1b2rkq/1p1n4/p3p1p1/3p2NP/5P2/1P5Q/P6P/R4RK1 w - - 0 24	h3e6 g8g7 e6g6	1738	0y1315191o1s
kWly8	8/pp3p2/2p1k1n1/2P2NR1/2K1P3/1PP5/r7/8 b - - 1 38	g6e5 c4d4 e5f3 d4e3 f3g5	1738	0g0p0s10
kpt3T	2r4R/6kp/3n1qp1/3p1p2/4pP2/4P3/4B1PP/Q5K1 w - - 2 36	h8h7 g7h7 a1f6	1738	0g0i0p1o
n4bSU	6rk/1pp4p/3p1K2/p2Pp3/2P1Q3/6q1/PP6/R7 w - - 0 30	e4h7 h8h7 a1h1 g3h4 h1h4	1738	050p1013161n
nDr5A	1k1r1b1r/2q3p1/pp1pp1Q1/2n5/1n2N2P/PP3N2/1BP5/2KR1B1R b - - 0 20	c5b3 c1b1 c7c2	1738	0j111315191g1k1o
nMBv1	r1b2rk1/1pp2ppn/p1np3p/6q1/3NP3/P1N4P/1PP1BPPK/R2Q1R2 b - - 2 14	g5e5 f2f4 e5d4	1738	01191o
nXy2e	1r5k/8/p4PPr/1pp1p3/P2p4/1P1P3q/1P4RP/5Q1K w - - 1 32	g6g7 h8h7 f6f7	1738	000g0p111o
oSV3K	2kr1b1r/1pp2pp1/Q4n2/3pq2p/5Bb1/2N3P1/PP2PPBP/R3K2R b KQ - 0 14	e5c3 b2c3 b7a6	1738	010w191o
pxRoG	r1bnk2r/1pp1qppp/1b1p4/p2Pp3/4n3/P1P2N1P/1P2BPP1/RNBQ1RK1 w kq - 1 11	d1a4 c8d7 a4e4	1738	010s1c1o
qLlzh	1k2r2r/8/p1n4p/qp1B2p1/1b1N4/2pQ2P1/2P2P2/1K1RB2R b - - 4 29	a5a3 d3c3 b4c3	1738	0g191l1o
qrYIy	8/8/1p4p1/3k2P1/1P3P2/6Kp/8/8 b - - 1 51	d5e4 g3h3 e4f4	1738	0g0p1e1o
tcppt	8/1p6/p2p2k1/P2Pp1pp/1P2KP2/6PP/8/8 b - - 0 38	e5f4 g3f4 g5g4	1738	0g0p1e1o
uCDrt	8/1p3k1p/p2pR1n1/3q1p1Q/2r2P1p/P1N3P1/1PK5/8 w - - 0 38	h5h7 f7e6 h7g8 e6f6 g8d5	1738	0g0i0p0r0s101n1p
uLdXz	1k3r2/pp2p1bp/8/3Pn1q1/P2R1P2/2N5/1P2Q1pP/4R1K1 b - - 0 27	e5f3 e2f3 g7d4	1738	0g0j0y11191o
vdyDB	r2r4/pb3nkp/4p1p1/3pN1p1/2p3P1/2P2P2/PPB4R/2KR4 w - - 2 27	e5f7 g7f7 h2h7 f7f6 h7b7	1738	010510191p
wF2tn	2k2b1r/ppp2pp1/8/1Nr1p3/1K3p2/7P/P3B1P1/B2R4 w - - 0 23	e2g4 f7f5 g4f5 c8b8 d1d8	1738	10131619
wXZS9	rn3rk1/ppq3pp/2p1R3/3p1N2/3P4/P1Q4P/1PP2PP1/3R1K2 b - - 0 20	f8f5 e6e8 f5f8	1738	010t191o
wgfyn	6k1/p2P1pp1/2B4p/8/1qp3P1/1Pn1B3/1K1R1P2/7R b - - 0 30	b4b3 b2a1 b3a3 d2a2 a3a2	1738	0p101316
y77WW	2k5/Bp3p2/8/5r2/2b5/7r/PP3K2/2R2R2 w - - 2 29	f2g2 f5f1 c1c4	1738	010h0p1g1n1o
y7Yhn	8/2r2b2/p1Pk2p1/2RP3p/P4r2/4KB1P/4R1P1/8 b - - 2 39	f4f3 e3f3 d6c5	1738	010p1o
yUbFx	4rr1k/p5p1/1p2Q3/1q4N1/8/5P2/P4KP1/2B5 w - - 2 34	e6h3 h8g8 h3h7	1738	0p13151o
yZyMz	3r2k1/pp3qpp/2nQ1p2/3p4/3P4/1P3PB1/r4P1P/2RR2K1 w - - 4 27	c1c6 d8d6 c6c8 f7f8 c8f8 g8f8 g3d6	1738	01050y191n1w
z6UnA	R3Q3/1pp1r1bk/4q2p/1P3p1B/2P1pp2/3n4/6PP/5R1K w - - 10 39	h5g6 e6g6 e8g8	1738	1315191n1o
zoq6W	8/7p/8/6p1/3PKp2/5P2/6kP/8 b - - 1 40	g5g4 d4d5 g4f3 d5d6 f3f2	1738	000g0p101e
1Rule	r3r2k/ppp2p1p/1b6/3P1bp1/2N5/2P2P2/PP2B1PP/R3K2R b KQ - 1 18	f5d3 e1d2 d3e2	1739	01191g1o
1eny1	2kr2r1/2p1q3/1p1p3p/1P2p3/2Pnn1p1/8/Q2B1PPP/R3NR1K w - - 0 27	a2a8 c8d7 a8e4	1739	0g0s1112191o
2InZ4	2k3rr/R1p5/1p2N3/3pPp1n/1P1P2qp/2P5/5Q1P/R6K w - - 1 33	a7c7 c8b8 a1a8 b8a8 f2a2 a8b8 a2a7	1739	051317191k1n1u1w
2eX1d	rnbqr1k1/pp3ppp/4pn2/2P3B1/1b2B3/2N2N2/PPP2PPP/R2Q1RK1 b - - 0 9	d8d1 f1d1 b4c3 g5f6 c3f6	1739	01101c
2vc7j	4k3/p1p5/6KP/5P2/2pb4/8/P7/8 w - - 0 38	f5f6 e8d7 h6h7	1739	00080g0p1o
4i1vN	8/6pp/5rk1/5R2/4K1PP/8/8/8 b - - 0 52	f6f5 g4f5 g6h5	1739	0g0p1m1o
5TAtF	4k3/1p2p2R/p2q2pN/3p4/4p3/1P1nP1QP/P5PK/2r5 w - - 3 30	h7h8 e8d7 h8d8 d7d8 h6f7 d8c7 f7d6	1739	01050p0s1n1w
6NUhL	r2r3k/1p3Qp1/1pp1Nn1p/3p1q2/1P3P2/P2P3R/6PP/R5K1 b - - 2 22	d8d7 f7d7 f6d7	1739	0g191o1t
6yseE	8/2p3pk/P2p4/4p1P1/4P1b1/2P1q3/3N2K1/R4Q2 b - - 2 37	g4h3 g2h2 h3f1	1739	010p1o1p
8B53G	r2q1r2/4npk1/p3pNpp/1p2P3/P1pp1PP1/1P3R1Q/2P4P/2R3K1 w - - 1 32	h3h6 g7h6 f3h3 h6g7 h3h7	1739	050u101316191n
8McMt	r1b2rk1/5p2/p5q1/1pp1Q3/8/1P1P1PbN/1PP3P1/R4K1R w - - 2 20	h3f4 g6g7 e5g7 g8g7 f4h5	1739	01050y1019
8YPEh	r2q1rk1/3bbppp/3p1n2/2p1pN2/1p2P3/3PBN1P/1PP2PP1/R2QR1K1 w - - 2 18	a1a8 d8a8 f5e7	1739	0g1c1o
9iI5O	r1b2rk1/ppb3pp/1np5/3n2P1/3B4/2NB4/PPP3PP/4RR1K w - - 1 22	d3h7 g8h7 f1f8	1739	010i0y191o
9l28z	r3r1k1/ppB3pp/5b2/3q4/3np3/P1P4P/1P2BQP1/3R1RK1 b - - 1 19	d4e2 f2e2 d5c5	1739	0g0y1112191o
9vjLo	5k2/pp1q1pp1/5n1p/4Q3/P1rp4/5P1P/1B3P1K/6R1 w - - 2 29	b2a3 f8g8 e5f6	1739	010p1g1o
AWAGG	4r2k/1b1p2pp/p7/2p2p2/3n4/P1PQ4/1P3PPP/5RK1 b - - 0 24	d4e2 g1h1 b7g2 h1g2 e2f4 g2g3 f4d3	1739	050g0p0s1n1w
Aw8j2	3r4/1p1q2Q1/p4p2/2BnPk2/8/1PP2P2/P5P1/4K3 w - - 1 33	g7g4 f5e5 g4e4	1739	0p13151o
BZ9EW	2Rr3k/1p4pp/pq1PQp2/1b1p4/8/1P6/P4PPP/6K1 w - - 2 25	d6d7 b6e6 c8d8 e6g8 d8g8	1739	000g0p101n
CKrk9	r1b2r2/pp2npp1/2n1p1k1/q2pP1N1/3p2Q1/2P1B3/P1P2PPP/R3K2R w KQ - 1 13	g5e6 g6h7 g4g7	1739	0j0k1315191o
DIRcC	8/1R2Rpkp/6p1/8/P1N2P2/1P3rP1/r3n2P/7K b - - 4 39	e2g3 h1g1 f3f1	1739	0p13151o
DV4YL	6rk/1b2bpqn/3p4/1pr2R2/p2pP1P1/P2P3Q/BP3N1P/6RK w - - 1 31	f5f7 g7g6 f7e7	1739	01191o
EHZ2g	r1b2rk1/ppB2ppp/2n1q3/3n4/2BP4/5N2/PPP3PP/R2Q1RK1 b - - 2 13	e6e3 f1f2 d5c7	1739	011c1o
Efeya	1r2r1kb/p4p2/3p2p1/2pP4/4NQ2/2P2P2/Pq4P1/R4K1R w - - 0 24	h1h8 g8h8 f4h6 h8g8 e4f6	1739	050y101316191n
FWu9u	r2q1rk1/1p3ppp/1p1pN1n1/2p1p3/1P2Pn1P/P1PP4/2QBBPP1/R4RK1 b - - 0 16	f4e2 g1h1 d8h4	1739	0t0y1315191o
Fbqlz	2k2r2/pqpn1pQn/3p1Bb1/1p1P4/6P1/5B1P/P4P2/4R1K1 w - - 3 30	g7f8 d7f8 e1e8 c8d7 e8d8	1739	101316191d1k1n
GUfWm	8/pp4k1/4prp1/4Q3/Pbqr4/2N3RP/1P4P1/4R2K b - - 0 32	b4d6 e5f6 g7f6	1739	0g11191o
Gzxpt	8/4kp2/p3p2Q/1p4pB/5P2/P6P/1P2RPK1/1rq5 b - - 0 39	c1h1 g2g3 b1g1	1739	0p13151o
H7rDQ	r1bq1rk1/p3ppbp/1p4p1/3nP3/3B4/2N5/PPP1B1PP/R2Q1RK1 w - - 1 13	c3d5 d8d5 e2f3 d5e6 f3a8	1739	01101c1p
H852I	r5k1/pp3pp1/7p/3p4/3R3q/2P4b/PPQ2P2/5BRK b - - 1 25	h3g4 h1g2 h4h3	1739	0j0k1315191o
Hqv5r	r6r/pp1bkp1p/2n1pp2/1B1p4/1q6/4N3/P4PPP/2R1QK1R w - - 12 23	e3d5 e7f8 d5b4	1739	0g191g1o
I1qMs	5rk1/1p5p/1ppbPP2/3n4/4Q3/3P1K1P/8/8 w - - 1 36	e4g4 g8h8 g4g7	1739	0p13151o
Im77g	rkb4Q/1p6/1q1b4/3B4/p6p/1N5P/PK6/2R5 w - - 2 37	c1c8 b8a7 c8a8	1739	1315191o
MGrAF	r3r1k1/2p2p2/7b/p1QP3P/1pB1p1q1/5R2/PP3K2/R7 w - - 0 27	f3g3 e4e3 f2g2 g4g3 g2g3	1739	0g0h10191g
NgDzJ	r2r1qk1/ppp3pp/6p1/3Nn3/1PBP1P2/4P3/PP4P1/R3K2R w KQ - 0 18	d5f6 g8h8 h1h7	1739	030k0m0y1315191o
ODtGx	6k1/6pp/p3p3/6b1/1P1rP3/3p1P2/4NKPP/3R4 b - - 2 27	d3e2 d1d4 g5e3 f2e2 e3d4	1739	000g0p101n
OtVDt	2k2b1r/ppp2pp1/4p2p/6Q1/3BP3/8/q4PPP/3R2K1 w - - 0 24	g5d8 c8d8 d4f6 d8c8 d1d8	1739	050k0m0p1013161d1k1n
P8HH8	4r1k1/pR1r1ppp/1b1q4/3P4/2B5/5QPP/5P2/1R4K1 w - - 1 27	b7d7 d6d7 c4b5 d7d8 b5e8	1739	0g10191p
Pwl2i	1k1r4/pp4Qp/8/2q1p3/1n1nB3/N4P2/PP3P1P/1KR5 b - - 5 22	c5c1 b1c1 d4e2 c1b1 d8d1	1739	05101316191k1n
RDiDS	QQ6/6kp/2p3p1/2P2bP1/3P1K2/6P1/q7/1N6 b - - 0 52	a2f2 f4e5 f2g3	1739	0i0p13151o
SCofV	2kr2nr/pbpp1ppp/1pn5/1Q2q3/3N4/2PBP3/P1P2PPP/R4RK1 w - - 0 14	d4c6 e5b5 c6a7 c8b8 a7b5	1739	010s10191n
SaGGh	6k1/2q4p/4p1p1/4P1K1/PQ6/6P1/8/8 b - - 6 54	c7e5 g5g4 e5f5 g4h4 f5h5	1739	0p1013161i
SiLZL	4kn1R/6pR/p2p2P1/2pPp1q1/2P2r2/P2Q1P2/5K2/8 b - - 4 41	e5e4 d3e4 f4e4	1739	010p1o
TJRxz	1r4k1/5pp1/7p/Q3b3/b1P1B3/P7/K5PP/7R b - - 4 32	b8b2 a2a1 b2b5	1739	0g0j0k0p1o
TPTvT	8/6P1/7K/5r2/4p3/8/3pk3/3R4 w - - 3 64	d1d2 e2d2 g7g8q	1739	000g0p1h1m1o
TRima	1k6/p1p5/1p2P3/5p2/4r1bP/1P4P1/P5K1/4R3 w - - 2 37	e1e4 f5e4 e6e7 g4h5 g3g4 h5f7 h4h5	1739	000g0h0p1w
U7hCC	2r3k1/5pp1/p3p2p/3nP3/1p2QN2/4bN1P/P2R2PK/q7 w - - 2 31	f4d5 e3d2 d5e7 g8f8 e7c8	1739	010s10191n
UWjXz	2r3k1/p4p2/4P2p/6pn/2p1p3/1BP4P/P4PP1/3R2K1 w - - 0 27	e6e7 c4b3 d1d8	1739	000g0p1n1o
Ud77j	r3k3/p2bqpp1/1pp1p2r/4P3/Q1R2P2/1P2nBP1/P7/3R2K1 w q - 6 28	d1d7 e7d7 f3c6 e3c4 c6d7	1739	01050s10191g
VuMhO	5k2/3R1r2/2P5/1B1p4/8/7P/6PK/3r4 w - - 5 45	c6c7 d1c1 d7d8	1739	000g0p1o
WF8f9	R7/2k4p/p7/2r2P2/8/8/7P/7K w - - 0 42	f5f6 c7b7 f6f7	1739	000g0p1m1o
YuOaj	r6r/2pb4/p1np4/1p2NP2/4Pk2/1BPP4/PP3KR1/q7 w - - 1 36	e5g6	1739	1314191b
Z1ftx	r5k1/p1p2pp1/2nq3p/3p1b2/Q2P4/2P1PN2/Pr2BPPP/R3R1K1 b - - 6 17	f5c2 a4a6 b2b6	1739	01191o
Z5ZOL	2r1r1k1/1p1b1pbp/nq1p2p1/pNP5/P2p2P1/1P2QN1P/5P1B/2R2RK1 w - - 0 23	e3e8 c8e8 c5b6	1739	0g191o
bJEzZ	4rr1k/5p2/p1q2n1p/Pp1pP3/1PpP3R/2BnPN2/6QP/7K w - - 2 33	h4h6 f6h7 h6c6	1739	0g191o
bMgl1	r2qr3/5kp1/p1pBb2p/2P2p1n/2B5/P1P2P2/Q4KPP/R6R b - - 7 18	d8h4 g2g3 h4c4 a2c4 e6c4	1739	011019
c79Rr	3r1k2/4q1pp/5p2/p2B4/1b2Q3/6P1/5P1P/3R2K1 w - - 5 30	e4h7 d8d5 d1d5	1739	010p1o
g0BP4	3r2k1/p1p5/1p1q2pp/5b2/2P2R2/1P3N1P/1P3QPK/R1Br4 b - - 1 32	d1c1 a1c1 d6f4 f2g3 f4c1	1739	050b0g0s10191g
ggHKw	2rBr1k1/2p2pp1/p7/1pNp4/1P1P1P2/P1Q1P2p/3K4/2RR2q1 b - - 5 33	g1f2 d2d3 e8e3	1739	1315191o
h84Ff	r3k1nr/pb3ppp/5b2/3p4/1NpP4/8/PPP2PPP/RNB2RK1 b kq - 2 13	a7a5 b4d5 b7d5	1739	01191o1t
hd9x5	8/6k1/6p1/p2nR2p/P7/1br2P2/6PP/2R4K w - - 0 34	c1c3 d5c3 e5e3 b3a4 e3c3	1739	010p10
iM2eW	rn1qkb1r/3ppp1p/b4np1/1NpP4/2B5/4P3/PP3PPP/R1BQK1NR b KQkq - 1 8	a6b5 c4b5 d8a5 c1d2 a5b5	1739	010s101c
iQRKp	3q1rk1/5p2/p2b1n1P/1p2rQ2/3pP3/1B1P4/PP3PP1/R4RK1 w - - 0 26	f5g6 g8h8 g6g7	1739	0y1315191g1o
iYi5F	6r1/5p2/2bkpP1p/1p1p1p1P/p1pPR3/P1P2NP1/1P1K1P2/7R b - - 0 35	d5e4 f3e5 e4e3 d2e3 c6h1	1739	010j0p10
jmG4t	6k1/6p1/2P4p/4p3/b2pP2P/1r1P2P1/1R6/6K1 w - - 0 48	c6c7 b3c3 b2b8	1739	00010p1o
kMpFt	4r1k1/3n1pp1/pbB5/1p2p1q1/8/P1B2PP1/1PP3QK/4R3 b - - 4 32	g5h6 g2h3 h6c6	1739	0g0s191o
l0O9K	r3kbnr/4pppp/p1p3N1/8/3q1NP1/7P/PPPB1P2/R2QK2R b KQkq - 0 14	d4e4 d1e2 e4h1	1739	0g0s11191o
lVNgx	2r2n2/4b1k1/p2p1Np1/Pp2p1Pr/1Pq3R1/4Qb2/2B2P2/2R3K1 w - - 0 34	f6h5 g6h5 g4c4	1739	0g191o
m4rFz	2r3k1/1qr2pp1/4p2R/1b1pN3/pb1P1P2/2P3n1/2QN2PP/1B4K1 w - - 0 34	h6h8 g8h8 c2h7	1739	050y1315191n1o
mkftC	8/5ppk/2pQ1P2/1p1qP2p/1P3P2/5K2/8/8 w - - 12 53	d6d5 c6d5 e5e6 f7e6 f6f7	1739	000g0p101i
mqHgm	r7/pp4kp/8/2p1r1p1/5pK1/5R1P/P1PB4/3R4 b - - 1 31	h7h5 g4h5 a8h8 h5g4 h8h4	1739	050p101316
nB0A9	r3r1k1/5p1p/1bppq3/1p3pB1/1pn1P3/P1P3Q1/5PPP/R3R1K1 w - - 0 23	g5f6 g8f8 g3g7	1739	0j0k0y1315191o
nPJ5J	2q2r1k/6pp/pb2Q3/8/1Pp1R3/P5PK/1B5P/3r4 w - - 5 37	b2g7 h8g7 e4g4 g7h8 e6e5 f8f6 e5f6	1739	051317191n1w
o034D	4r3/4B2R/3p2p1/8/p2k4/8/3q1PPP/4RK2 w - - 0 32	e7f6 d4c5 e1e8	1739	010j0p1o
pBvXt	6k1/pp2Qrbp/2p1N1p1/2p2r2/2q2P2/P1N5/1P4PP/3R3K w - - 5 24	d1d8 g7f8 d8f8 f7f8 e7g7	1739	0y101316191n
qGerT	1r1qr1k1/1b2pp1p/p2p2PB/1pp2p1P/3PPn2/2P3Q1/P7/5RK1 w - - 0 28	g6h7 g8h7 g3g7	1739	00050k0m0y1315191o
rBXVW	r4rk1/1b3pp1/p7/1p6/3RN3/4P3/PP3P1q/4K2R w K - 0 23	e4f6 g7f6 d4g4 g8h7 h1h2	1739	0d101316191n
tKeYY	r1b2k1r/p4np1/2p4p/2q4B/P7/1Pp5/2P2PPP/R2QR1K1 w - - 0 19	d1d8 f7d8 e1e8	1739	1315191d1n1o
u9nA7	4q2k/8/2p3p1/1bN2p1p/2PP1p2/1Q3BPP/1P4P1/6K1 b - - 0 36	e8e1 g1h2 f4g3	1739	0p0w13151o
uK48x	8/5p1p/4p3/1pk2p2/p2P1P2/1P1K1P1P/P7/8 b - - 0 36	c5b4 b3a4 b5a4	1739	0g0h0p111e1o
ucHEf	8/4b2p/2pr4/3b1pp1/1p2pN1k/6RP/6PK/8 w - - 0 40	g3g4 f5g4 g2g3	1739	0p13151n1o
uzUvB	4r1k1/pR1Q1p1p/2p3p1/6q1/2P2n2/2P2P2/P4P1P/5B1K b - - 2 25	g5g2 f1g2 e8e1 g2f1 e1f1	1739	0p1013161n
vK0OZ	5r1k/4Q1p1/p4r1p/2pp2P1/3b4/1P5R/P1P4P/2B2R1K b - - 0 32	f6f1 h1g2 f1g1	1739	0s1315191d1o
wbymt	8/6rk/5Qp1/4P3/3p1P2/1P3pn1/P1P5/6K1 b - - 10 49	f3f2 g1f2 g3e4	1739	0001050p1o
wf1EL	4Q3/6pk/7p/3Bp3/1p2nq2/7P/P5P1/6K1 w - - 8 40	d5g8 h7h8 g8f7 h8h7 e8g8	1739	0j0k0p101316
y7sGX	2r3r1/p2kb2p/1pn1p2p/3pp3/3P4/PN3NP1/1PR1KP1P/2R5 w - - 0 20	c2c6 c8c6 f3e5	1739	0b0g0w191o
zHV27	R7/p4ppk/1p4rp/3B4/3P4/P2QP3/7q/3K4 b - - 10 37	h2h5 d1e1 h5d5	1739	0g0p0s1o
zepy2	r4r2/1pp2p1k/4q2p/P2pP1pQ/1P1P1p2/4n2R/1B4PP/5R1K w - - 3 26	h3e3 f4e3 f1f6 e6f6 e5f6	1739	0110191n
0Di6g	2rqkbQ1/1p1bn2N/2n5/1pp2r2/3p4/3P4/PPP2PPP/R3R1K1 w - - 2 18	g8g6 f5f7 h7f6	1740	1315191g1o1q
0J7JM	8/5Qpk/p6p/8/P2B2q1/4PpP1/1P3P1r/3R2K1 b - - 0 38	h2h1 g1h1 g4h3 h1g1 h3g2	1740	050p1013161n
0b0ME	2R5/pp3k2/1q2p2p/4rp1P/1P1P2p1/2Q5/P5P1/6K1 w - - 0 34	c3c7 b6c7 c8c7 f7f6 d4e5	1740	0g0p0s10
0zMnE	rn3rk1/p1pp1pp1/1p5p/4PNq1/3P4/8/PPPQ4/2KR4 w - - 1 22	d2g5 h6g5 f5e7 g8h7 d1h1	1740	020y10131619
18b7y	r4r2/p1p2p1k/b1pq3p/3p4/6Q1/6N1/PP2NbPP/R3R2K w - - 4 21	g4f5 d6g6 f5f2	1740	010s191o
1HI6r	6k1/p3qp1p/6pB/8/4P3/b2Q1PPP/6K1/8 w - - 0 36	d3c3 e7f8 h6f8	1740	0g0p1o
2H2bO	r3r1k1/1pqn1ppp/2p3b1/1PPp4/3Pn3/1QN2N2/4BPPP/R3R1K1 b - - 4 18	a8a1 e1a1 e4c3 b3c3 e8e2	1740	010b0j1019
2SPrI	2rr2k1/pp2Qpp1/3np2p/6q1/8/1N6/PP3P1P/2RR1K2 w - - 4 24	e7g5 h6g5 c1c8 d8c8 d1d6	1740	011019
3Fmhz	r6k/p1R4p/1pb3p1/2p5/2B1p1nN/2P3q1/PP4P1/5Q1K w - - 0 28	c7h7 h8h7 f1f7 h7h6 f7g6	1740	050y101316191n
4PGBV	8/5p1k/4p3/PQ6/5qpp/7P/6P1/7K w - - 0 36	b5h5 h7g7 h5g4 f4g4 h3g4	1740	0g0p0r101i
4PuXV	2r2rk1/3q3p/p7/3p1p2/1p1Qn3/P7/1P2B2P/1N3R1K w - - 0 28	f1g1 g8f7 g1g7	1740	01191o
5Xbrt	r5rk/ppp2p1B/4b2p/4P1P1/7Q/P1q5/5PP1/R1B1R1K1 b - - 0 26	c3e1 g1h2 e1e5 c1f4 e5a1	1740	010s0t1019
5u8OK	r2b1rk1/1b1q1ppp/p2p4/1p2pN2/1P2n3/P2BB3/2P2PPP/R2Q1RK1 w - - 0 17	d1g4 d7f5 g4f5	1740	0g1c1o
6dL0R	rn1r2k1/1p3ppn/p3b3/8/7Q/P4P2/1qP2KPP/3RR3 w - - 0 21	d1d8 h7f8 d8f8 g8f8 h4d8	1740	050t0y10131619
7KDzZ	6k1/R4rpp/p4p2/4p2P/8/1p2PQ2/r4qPK/8 w - - 0 43	a7a8 f7f8 f3d5 g8h8 a8f8	1740	060i0p101316
8Dsv6	rn2k2r/pp1q1ppp/4p3/3nN3/1b1P4/2N5/PP3PPP/R1BQK2R b KQkq - 2 10	d5c3 b2c3 b4c3	1740	011c1o
A24EP	1k1r1b2/1p6/p4P1p/q2Bp3/2P5/1P2K3/2Q2P2/7R b - - 0 31	a5c5 e3e2 d8d5	1740	010p1o
A6ENW	8/p5k1/8/Nrp2ppp/2N3r1/PP3K2/2R2Pn1/6R1 b - - 5 35	g2h4 f3e2 g4g1	1740	0g0j191o
AFXFp	r1kqr3/p1p2R2/1p1pn1p1/8/2P5/7Q/PP2B3/R2K4 w - - 0 25	e2g4 c8b7 g4e6 e8e6 h3e6	1740	011019
CWlqt	8/R7/6p1/3pk2p/8/5KPr/8/8 w - - 0 44	f3g2 h3g3 g2g3	1740	0g0p1m1o1t
DtX8r	3r1rk1/1p3pp1/p1p3qp/2Pp4/1PNR4/P2RPQ1P/5PP1/1n4K1 b - - 5 25	d5c4 d4d8 c4d3	1740	0g191o
ExRmu	6k1/7p/6p1/P2p1p2/3PpP2/1rpqP2P/2R2KP1/2Q5 b - - 0 39	d3c2 c1c2 b3b2	1740	0g0p1g1n1o
F50pM	3r2k1/5ppp/p1bnr3/2p5/2N2R2/2PQB1qP/PP2R1P1/6K1 w - - 0 29	f4g4 g3g4 h3g4	1740	01191o1t
FjaZd	5rk1/p1q1r2p/2p5/3pPRp1/5Q2/1PP5/P5KP/8 w - - 0 33	f5f8 g8g7 f4f6	1740	0p13151o1u
HjBee	r1b5/pp4kp/2p1pb2/P1Pq1p1Q/3PnB2/6P1/1P3P1P/R4RK1 w - - 2 20	f4h6 g7h8 h5e8	1740	1315191o
IJZQI	8/1R1r1pkp/4q1p1/4p1P1/1p2P2P/5Q2/5PK1/8 w - - 9 38	f3f6 e6f6 g5f6 g7f6 b7d7	1740	0g0p10
IbzzB	r1b1k2r/2p1b3/p1Nq4/3P1p2/5Pp1/1P1P2p1/PBPNQ1P1/R4RK1 b kq - 0 18	h8h1 g1h1 d6h6 h1g1 h6h2	1740	050y101316191n
JVIkX	r2q1rk1/ppp1Bpp1/4p2p/3p4/1nPPn3/2Q1PN2/PPbNBPPP/R4RK1 b - - 0 12	e4c3 e7d8 c3e2	1740	01191o
KQr9B	5rk1/1R3p1p/3p2pB/1p1Pb3/8/5QPP/r4P1K/4q3 w - - 0 23	f3f7 f8f7 b7b8 f7f8 b8f8	1740	101316191d1n
Klpxm	4r3/1b1q2pk/p2bNr2/1p1p4/5PQ1/4n3/PPP3PP/R4R1K w - - 0 23	e6g5 h7g6 g4d7	1740	0g0j191o
LZN2D	6k1/5p1p/6p1/2RpB1K1/3P2P1/5P2/1r5q/3Q4 b - - 1 41	h7h6 g5f6 h2h4 g4g5 h4g5	1740	0p101316
N9DN1	3qr3/5pkp/2p2nn1/3p1QB1/1b1P2P1/3R4/r1P2PB1/1NK4R w - - 3 23	g5f6 d8f6 h1h7 g7h7 f5f6	1740	0g0i0s101119
NweOB	3r1r2/pp1k4/4p2p/3pQ1n1/1q6/1B6/P7/1KR1R3 w - - 4 32	c1c7 d7e8 e5e6 g5e6 e1e6 b4e7 e6e7	1740	0i0q1317191n1w
O1P3x	8/8/6pp/2k5/5PP1/1rp5/1p5P/1K1Q4 b - - 1 40	b3a3 b1c2 a3a1	1740	0g0p111j1l1o
PL0lz	5q2/5Bk1/3np2p/3pN3/1Q1P1P1P/4PK2/3r2P1/8 b - - 2 48	d2f2 f3f2 d6e4 f2f3 f8b4	1740	050g0j0p101n
Pa0mz	k7/P7/8/bP3p1p/K3pPpP/6P1/5B2/8 b - - 6 47	a5d2 a4b3 e4e3 f2e3 d2e3	1740	080g0p10
PdufA	1n2k2r/2p2ppp/1p2p3/3bq3/r7/3R1P2/P1PQ2PP/1K3BNR w k - 0 15	d3d5 e5d5 d2d5 e6d5 f1b5 c7c6 b5a4	1740	010s191n1w
Qm7vz	2r2k2/1p3pbp/p5p1/5NN1/3n1Bn1/PQ2P3/1P3PPP/5RK1 b - - 0 19	d4e2 g1h1 g4f2 f1f2 c8c1 b3d1 c1d1 f2f1 d1f1	1740	060i1318191n1w
R0EXy	6k1/6pp/pq3p2/8/1p1R4/3PKQPP/r7/8 w - - 0 50	f3d5 g8f8 d5a2	1740	0g0p0s1o
RAlXF	4r1k1/6p1/7p/1P6/8/2P2pN1/R2QqnPP/6K1 b - - 1 33	f2h3 g2h3 f3f2 g1g2 f2f1q	1740	000k0m0p1013161h1n
RPFx9	r1b1r1k1/pp1n1ppp/2pB4/3p4/3Pn3/2qBPN2/P4PPP/RQ3RK1 w - - 6 14	d6b4 c3a1 b1a1	1740	011c1o1t
SGV6s	2kr1b1r/pp2nbpp/1qp1p3/2npP2P/1P3P2/P1N3N1/2P1B1P1/R1BQK2R b KQ - 0 14	c5e4 c3e4 d5e4 c1d2 e4e3	1740	01101c
Ss0rn	5r1k/3b1ppp/3Np3/2Q1P1q1/2B5/3P4/P1r3PP/5RK1 w - - 4 20	d6f7 f8f7 c5f8 f7f8 f1f8	1740	060s101316191n1y
Tfek6	5k2/p4ppp/1p2q3/4B3/1b6/5b2/PP3PPP/3Q2K1 w - - 0 25	d1d8 e6e8 e5g7 f8g7 d8e8	1740	0g0i0p101112
UWLV9	2r2r1k/p4pbp/1p1R2pq/4n3/8/1Q3N2/PP2BPPP/5RK1 b - - 0 19	e5f3 b3f3 g7e5	1740	010d0y191o
UfiZA	5r2/p6k/1p1Q4/2p3pK/P1P5/6P1/1P1RP2P/5q2 b - - 0 41	f1h3 h5g5 f8f5	1740	0p0x13151o
VOI2p	3r4/7p/6p1/5k2/2Bb3P/1P2BKP1/5P2/8 w - - 5 38	g3g4 f5e5 e3f4 e5f6 f4g5	1740	0g0p10
VrXZX	5R2/6k1/1p4p1/p1p5/P3q3/3p2PK/4r3/5Q2 w - - 6 37	f1f6 g7h7 f8h8	1740	0p0x13151o
XVK2r	5rk1/1p3q1p/p2p2pb/2p2n2/5pN1/P1PP3P/1P1QN1K1/R4R2 b - - 1 29	f4f3 g2h2 h6d2	1740	0g0j191o
YRMlO	8/3Q3R/pp6/2qP2p1/P3r2b/5k2/1P6/R1B3NK b - - 4 34	c5g1 h1g1 e4e1 g1h2 h4g3 h2h3 e1h1	1740	050r1317191n1w
YkIUw	r3k1r1/8/p6p/1ppqp1b1/3n2p1/PP1B2P1/2P3PP/R3QRK1 w q - 0 24	d3e4 d4f3 g2f3	1740	01191o
YpN2L	7r/p3q3/1pp5/3pPrkp/1P1P1N2/P1PQ3p/6P1/6K1 w - - 0 34	d3g3 g5h6 g3g6	1740	0p1113151o
YvRdI	5nk1/p3pp1p/3n2p1/2Pp4/5PP1/4P2P/P2K4/b6R w - - 0 30	c5d6 a1f6 g4g5	1740	010p1o
ZG86q	4r1k1/p4ppp/b4n2/2qn4/8/2P2N2/PBQ2PPP/1R1R2K1 b - - 3 19	e8e2 c2e2 a6e2	1740	01191o
Zb4nz	r4rk1/1p2qppp/p7/2p1n3/4B3/P3PQ1N/1PP2PPP/4K2R w K - 1 17	e4h7 g8h7 f3h5 h7g8 h3g5 e7g5 h5g5	1740	01050y191n1w
a47t8	5r1k/pb4pp/4p3/1p1nN1n1/3P2N1/P2R1PP1/1r3R1P/3B2K1 b - - 1 31	g5h3 g1f1 h3f2	1740	0g0s191o
a5v2t	2r1r3/1b2n1pk/p3Nb1p/Bp2Np2/8/P1P3P1/1P3PP1/3RR1K1 b - - 0 33	f6e5 e1e5 e7c6 e5e2 c6a5	1740	010s1019
bCht7	4r1k1/1p3ppp/1N6/5P2/2p3P1/7P/rPP1B3/2K1R3 b - - 0 22	a2a1 c1d2 e8d8 e2d3 a1e1 d2e1 c4d3	1740	010p1g1w
bTNyG	3R4/pp1R1N2/2k5/8/1Pq2Pn1/K1P3P1/P6r/8 w - - 3 42	d8c8 c6d7 c8c4	1740	010p1o1p
c0Clg	3rr1k1/p1q2p1p/1p4p1/3n4/3P2N1/5Q1P/P4PP1/1R2R1K1 w - - 6 27	e1e8 d8e8 f3d5	1740	0g0y191o
c0mp2	4R3/5rkp/b5pb/2BB4/2p5/2P5/2r3PP/7K w - - 2 38	c5d4 f7f6 e8g8	1740	1315191d1g1o
e1a2n	8/1pQ4p/2p1kpr1/2P5/5B2/5pPq/PP6/6K1 w - - 2 39	c7c8 e6f7 c8h3	1740	0g0p1o1p
eTZkv	rnbq1rk1/ppp2ppp/8/4B3/2BP2n1/2N2Q2/PPP3PP/R4RK1 b - - 2 12	g4e5 d4e5 d8d4 g1h1 d4c4	1740	010s1019
eVCXe	5rk1/R1Q4p/6p1/4p3/2P5/2P1K3/1q1rN3/4R3 b - - 3 38	d2e2 e1e2 b2c3 e3e4 c3d4	1740	0r10131619
f3ItO	6k1/p1r4p/2p3pP/1pPp2q1/1P6/8/1Q6/K4R2 w - - 0 38	b2h8 g8h8 f1f8	1740	050p13151n1o
fEr9p	r4rkn/1p1b1ppp/4pq1B/1p1p3P/3N4/P1P3Q1/2P3P1/R3K2R w KQ - 3 19	h6g5 f6g5 g3g5	1740	01191o1t
fMMBr	1r2r1k1/7p/6p1/pp3p2/3N4/P1P2BP1/qP1n2KP/1RQ5 w - - 1 41	b1a1 a2c4 c1d2	1740	01191o
feryS	r2q1br1/pp3kpQ/2p1p2B/3nPp2/8/6R1/PPP3PP/R5K1 w - - 6 21	h7g6 f7e7 h6g5 e7d7 g5d8	1740	0110191p
h4Jgv	r2q3r/pp2k3/2pbpnp1/6B1/8/3BPQ2/PPP2P1P/R3K2R b KQ - 3 19	d8a5 e1e2 a5g5	1740	010s191o
j61KV	6k1/5p2/2p1ppp1/8/3P1PP1/prP1P2P/2R5/4K3 b - - 1 31	b3b2 e1d2 a3a2 c2b2 a2a1q	1740	00010p101h1m
jRZbA	r7/pq2kr2/1p5Q/2b4p/8/P7/1PP3PP/5R1K w - - 1 34	f1f7 e7f7 h6h7	1740	01050p1o
k3mB8	1r2r1k1/p4R1p/2p3p1/3p4/6P1/2P1q2P/PP3Q2/R5K1 w - - 1 27	f7f8 g8g7 f2e3 e8e3 f8b8	1740	0g0p10
kGYiL	8/8/3k1p2/1p3Pp1/2p3P1/P3K3/1P6/8 w - - 3 66	e3d4 d6c6 a3a4 b5a4 d4c4	1740	0g0i0p101e1z
kqBDD	r3r1k1/p1p2ppp/bp3n2/3Pn3/2PN2q1/B1Q3PP/P4P2/R3RBK1 b - - 0 21	g4d4 c3d4 e5f3 g1g2 f3d4	1740	01050s10191n
m3OwL	1r2n1k1/5p1p/p6r/1PPp4/3Pp3/2N1PpPq/1R5n/2B1RQK1 w - - 0 32	f1h3 h6h3 b2h2	1740	010w191o
mehor	8/p3Q2p/4p1pk/7q/2P5/P3Pn2/4KP2/8 w - - 2 47	e7f8 h6g5 f8f4	1740	0n0p13151o
nqpvQ	rq4k1/5p1p/n2p2p1/2pP4/2Nb1P2/PP1Q4/2R2BPP/6K1 b - - 2 26	a6b4 d3e4 b4c2	1740	0111191o
oKXRI	8/8/1R6/5pk1/6p1/1p2r3/5K1R/8 b - - 1 56	g4g3 f2g2 g3h2	1740	000g0p0s1m1o
pGY7f	2b2r1k/b1N3p1/p1n4p/1p2p3/1P2P3/2PQ3P/P1N3r1/2K2R2 b - - 1 27	f8f1 d3f1 g2g1 f1g1 a7g1	1740	0g10191g
pVz93	3rr1k1/1bpq1p1p/1np2bp1/p2N4/P3P3/1P1B4/1BP2PPP/Q2RR1K1 b - - 0 19	f6b2 a1b2 c6d5	1740	010w11191o
q1S2Y	r4r2/1b1nppk1/p2p2pp/1q6/1p2P3/5N1P/PPB2PP1/R2QR1K1 w - - 4 20	c2a4 b5b6 a4d7	1740	01191o1p
sDhjI	1k1r2r1/pb4p1/2pq3p/1p2Q3/1b2RP2/1PN3P1/P1PN3P/2KR4 b - - 4 24	d6e5 e4e5 b4c3	1740	0b0g191o
sJXEI	r1b1k2r/1p3p1p/p4p2/4p3/2R5/2P5/PPQ1Bq1P/1K5R w kq - 0 21	c4c8 a8c8 e2b5 e8e7 c2f2	1740	0d0g0j10191n
sLelU	6k1/b4q1p/p5p1/1p2Q1B1/1P3P2/P2R4/7P/3b3K b - - 1 41	f7b7 e5d5 b7d5 d3d5 d1f3	1740	0l0p101316
sbMBB	r7/pp2p1b1/1k4p1/1Pp5/2Pq4/Q1NP3p/2K5/4R3 w - - 0 37	c3d5 d4d5 c4d5	1740	0g0p1o
sot5P	5k1r/ppp1qBpp/5n2/4N1N1/8/7P/PP3PP1/R5K1 w - - 2 19	g5e6 e7e6 f7e6	1740	0g191o
sp0SB	2r5/4R1bk/2p2qpp/P1B2p2/1PPQ4/7P/6P1/6K1 b - - 0 34	f6e7 c5e7 g7d4	1740	0g0j0p1o
sxfMX	r1b1k2r/pppp2pp/8/3n4/1b2N3/3B2P1/PPP2K2/4R2R w kq - 1 17	e4d6 e8f8 e1e8	1740	0k0m1315191o
tUw2x	r1b1kbnr/p1pp1p1p/1p6/4P3/4PBpq/2N5/PPP1K1PP/R2Q1B1R b kq - 0 9	c8a6 e2e3 f8c5 e3d2 h4f2 d2c1 f2f4	1740	0g0r0s111c1w
te0jo	2kr1b1r/Bp1nqp2/5n1p/1P2p2b/2B1P3/2N2N2/2P2QPP/R4K1R b - - 0 18	e7b4 c4d3 b4c3	1740	010s191o
uMEAs	6k1/2p2pbp/2pqrnp1/3pp1B1/NrP1P3/3P1Q1P/5PP1/1R1R2K1 w - - 0 19	c4c5 b4b1 c5d6	1740	01191o
vwr00	2kr2r1/ppp1np1p/1qn1b3/1B6/1P1pp2P/P1N1P1P1/1BP1QP2/R3K2R w KQ - 0 19	c3a4 b6b5 e2b5	1740	0g11191o1t
w6tw7	rnb1kb1r/pppp1ppp/8/4p3/4n2q/P4P2/1PPPQ1PP/RNB1KBNR w KQkq - 2 5	g2g3 e4g3 e2e5 f8e7 e5g3	1740	010h101c1p
waFga	5k2/4pp2/3p2p1/3P3p/3bPP1K/5P1P/3B4/8 b - - 1 34	d4f2 h4g5 f8g7 f4f5 f7f6 g5f4 g6g5	1740	080p13171w
wgBzp	r4r1k/2q3pp/pR2pb2/8/1Nb1pPP1/2PnB3/1P1QB1KP/3R4 w - - 9 26	b6c6 d3f4 e3f4	1740	0111191o
xVnQU	3r2k1/1pR1R1pp/6r1/p4p2/5P2/q5P1/5KQ1/8 w - - 2 33	g2d5 d8d5 c7c8 d5d8 c8d8	1740	0p101113161n
y9Mpl	8/8/6p1/pp2k2p/P3p2P/1PP1K1P1/8/8 b - - 0 43	b5a4 b3a4 e5d5 e3f4 d5c4	1740	0g0p101e
yL7mi	rn5r/2q1p1k1/p1pp1n1p/Pp3R1Q/3bP3/2NP4/1PP3PP/R1B4K w - - 3 18	c1h6 h8h6 f5g5 g7f8 h5h6	1740	0g0i1011191n
z31L6	rn3rk1/ppN2ppp/8/5pq1/6n1/1B1P4/PPP2PPP/R2Q1RK1 b - - 1 13	g5f4 g2g3 f4c7	1740	01191o
zevzK	8/4k3/1pP1pp1P/3p4/7Q/8/3n1KPP/q7 w - - 3 31	h4b4 e7e8 b4d2	1740	0g0p0s1o
zvOr4	rn1qr1k1/pp3p1p/2p3P1/8/2B5/P3B2P/1bp2PQ1/R4KNR b - - 0 16	d8d1 a1d1 c2d1q	1740	0013151c1h1o
zx8nd	r3rn1k/ppq5/5pQp/8/3p4/2P3P1/PP4PP/R3R1K1 w - - 4 24	e1e8 a8e8 g6e8	1740	0g191g1o
0REnD	4kbr1/R7/3ppB2/1p1b3p/5n2/5P2/1P3RPP/7K w - - 9 31	f2c2 d5c4 b2b3	1741	01191l1o
4Engj	8/p4kpR/b3r2p/4Bp2/2p2P2/2P5/P1P2KPP/8 b - - 1 31	e6e5 f4e5 f7g8 h7g7 g8g7	1741	010p101n1t
5c6jY	4r2k/1ppqbQ1p/p2p3p/3N4/2B1P3/8/PP4PP/4n1K1 w - - 3 20	d5f6 e7f6 f7d7	1741	010s191o
6MvJj	6R1/pppkn2Q/3p4/3q1NK1/8/8/7P/8 b - - 5 36	d5g8 h7g8 e7g8	1741	0g0p1o
6ScM2	6k1/5pp1/pb6/1p6/3N2n1/P1P4P/1P2q1P1/1Q4RK b - - 0 30	g4f2 h1h2 b6c7 g2g3 f2g4 h2h1 e2h2	1741	0k0m0p13171w
6tL0L	8/8/7p/p5p1/2Kp2P1/P1p1k2P/2B5/8 b - - 9 47	e3d2 c2b1 c3c2 b1c2 d2c2	1741	00080g0p10
7YpI6	rn3rk1/ppQ2ppp/2p5/8/4q3/1B6/P4PPP/3R2K1 w - - 0 20	c7f7 f8f7 d1d8 e4e8 d8e8	1741	101316191g1n
8FAqx	6k1/p1p2pp1/1p4rp/1Pp1p2b/P1P1P2r/3P1PqP/3NQRP1/6RK b - - 16 28	h4h3 g2h3 g3g1	1741	0y1315191o
BOBO1	5rk1/pp2qpp1/2p1b2p/3rP3/8/2NBQ3/PP4PP/R2K1R2 b - - 1 18	d5d3 e3d3 f8d8 d3d8 e7d8	1741	0110191g1n
CAKHi	3Q4/5pkp/2q1p1p1/3nP2P/3P2P1/5N2/1p3PK1/2r1R3 w - - 3 40	h5h6 g7h6 d8f8	1741	050p13151o
CYE33	r2rb1k1/pp5p/1q3pp1/2b1p3/7Q/1P4P1/PB2RPBP/2R3K1 w - - 4 25	h4c4 e8f7 c4c5 b6c5 c1c5 d8d1 g2f1	1741	01191w
CybwV	r1bQ4/pB3rpk/7p/8/8/6P1/P3P2P/5RK1 b - - 0 19	f7f1 g1f1 c8h3 f1f2 a8d8	1741	050g0j0p10
D5RIn	QR6/2R2p1k/7p/1p4p1/4P3/2P2PK1/r5PP/5b2 b - - 0 39	a2g2 g3h3 g2g1	1741	0j0k0p13151a1o
F9IEd	1B6/5k2/p5p1/1p1p4/1P1PpKPb/P3PP2/8/8 b - - 0 43	g6g5 f4e5 e4f3	1741	080g0i0p1o
Fk3QR	6k1/1r5p/4R3/1p3N2/2p3P1/3n3P/1P6/6K1 w - - 2 41	e6e8 g8f7 f5d6 f7g7 d6b7	1741	0g0p0s10
GEy8F	1k1r2nr/Np2n3/p4p2/3P1N2/1PPP2K1/6pp/2Q3P1/R1B4q w - - 2 27	c1f4 b8a7 a1h1	1741	0g0j191o
GGcOu	2r3k1/pr2pp1p/6p1/4q3/2P3nP/1PQ3P1/P3PP2/3R1RK1 w - - 1 21	c3f3 c8b8 f3g4	1741	010s11191o
GW8hB	2r5/6p1/1r1k1p1p/R2Pp2P/2pqP1P1/1p3PK1/1P2Q3/R7 w - - 21 52	a1d1 d4d1 e2d1	1741	0g0p1o1t
GmCEs	2k5/pp2rp2/8/1BN2r2/P1PP1np1/4n3/6P1/R3R1K1 w - - 1 29	e1e3 e7e3 b5d7 c8d8 d7f5	1741	010s10191n
GtlaY	r3kbnr/pQ3ppp/2p2q2/4n3/1P4b1/P1N2N2/2P2PPP/R1B1KB1R b KQkq - 0 11	e5f3 g2f3 f6c3	1741	0g0j191o
H5PWF	8/8/5p2/2B1pNk1/p3P3/5K2/6p1/4b3 b - - 1 45	a4a3 f3g2 a3a2	1741	000g0p1o
I1hcB	5rk1/Q4pp1/4p1p1/3p2q1/2rR2P1/5P2/PPP4P/1K5R b - - 2 25	g5e3 d4c4 e3a7	1741	0g0p1o
IJYnv	r2r4/pb1npk1p/2q3p1/2p1p3/2P5/2Q2N2/PP3PPP/3RR1K1 w - - 2 23	d1d7 d8d7 f3e5 f7g8 e5c6	1741	0b0g0s1019
JZPPD	2q1kb1r/1b1p2p1/4ppP1/8/P2BP3/1B6/2rNQRKP/1R6 b k - 2 23	c2d2 e2d2 b7e4 g2g1 e4b1	1741	010b0i0s1019
KWHQa	2r3k1/5ppp/R3b3/1B6/8/8/5PPP/2R3K1 b - - 0 33	c8c1 b5f1 c1f1 g1f1 e6c4 f1e1 c4a6	1741	01050p0s1w
Kjnbs	r3kb1r/pp1nnppp/4p3/qN1pP3/3B3N/2P3Q1/5PPP/5RK1 w kq - 2 15	b5d6 e8d8 d6b7	1741	0g191o
L6Zvo	2r2r2/2p3pk/p2pP2p/P4q2/2P5/4PQKP/2PN4/R4R2 b - - 0 28	f5e5 f3f4 f8f4	1741	01191o
LKUDH	r2k1b1r/3n2p1/2p2p2/3q2Np/5Q2/1P6/P1K2PPP/R3R3 w - - 2 25	g5e6 d8e8 e6c7 e8f7 c7d5	1741	0g0k0m0r0s1019
MrUZ8	8/4p2k/6np/p3Q3/4B1P1/1p4KP/4q3/3r4 w - - 0 42	e4g6 h7g6 e5e2	1741	0g0j0p1o
O18IP	r5k1/5p2/p4qpp/8/1P1r4/2Q5/4RPPP/2R3K1 b - - 4 31	d4d1 e2e1 f6c3	1741	0g0j0p1o
Opzf9	4r1k1/1qb3p1/2b5/pp2P2Q/1Ppp1B2/P1P4P/6B1/4R2K w - - 0 39	h5e8 c6e8 g2b7	1741	0g191o
Pmw3X	Q1b2rk1/2qn2pp/4p3/p3NpP1/1ppP1P2/2P4P/PPB2P2/R3K2R b KQ - 2 17	c8b7 a8a7 f8a8 a7a8 b7a8	1741	010d0s10191t
QFL0J	1k2N2r/1pq3pp/2r1Q3/p4P2/5BP1/7P/PPP5/2KR4 b - - 0 31	c7f4 c1b1 c6e6	1741	0g0t191o
SMrrB	2b1R3/2rn4/5k1r/1p2p1RB/pp2Pp2/P7/6P1/6K1 w - - 4 38	g5f5 f6g7 f5f7	1741	1315191d1o
TBtQo	rnb2rk1/ppp1n1pp/5p2/2q1p3/4P3/P1B2P2/1P1NN1PP/R2QK2R w KQ - 1 12	c3b4 c5b6 b4e7	1741	011c1o1p
TLqeF	rnbq1rk1/pp3ppp/2pbp3/P7/NnP5/5N1P/1P1B1PP1/R2QRBK1 w - - 3 16	c4c5 d6e7 d2b4	1741	010v1c1o
Tpto5	8/r3k3/4p3/1B1pP1p1/b2P2Pp/2R1Kp1P/8/8 w - - 0 44	c3a3 a4b5 a3a7	1741	010p1o
U4HsC	1B4k1/pp3ppp/2p1b3/Q7/4BPq1/4n1N1/PP4PP/3RK2R b K - 0 21	g4d1 e1f2 e3g4	1741	1315191o
Uv2ov	1r1r2k1/3p2p1/1q1Pp2p/2N1P3/1PQ5/5R1P/6P1/7K w - - 1 31	c5d7 d8d7 c4e6 g8h8 e6d7	1741	050b0g0p0s10
XPg39	3r3r/1p2kp1p/p3bNp1/3pPpQ1/2pP4/6P1/Pq4BP/3R2K1 w - - 0 27	f6d5 e7f8 g5d8	1741	0g0i0j0k0m191o1p
XbXi2	2kr3r/pbpp1Qpp/1p2P3/5P2/1nq5/8/P1PB2PP/4RR1K w - - 0 20	e6d7 d8d7 f7c4	1741	00010j191k1o
Z220g	6k1/1p4pp/2p1P3/3p3q/1P6/4Qr1P/5P2/4R1K1 w - - 1 34	e3f3 h5f3 e6e7	1741	000g0p1n1o
ZUREP	8/p3k1p1/3qP2p/6bP/3p4/P1rB4/4Q1K1/5R2 w - - 2 45	f1f7 e7d8 f7d7 d6d7 e6d7	1741	000g0p0r0s10
ZlXuB	rn2kb1r/ppp1pppp/2q1b3/8/8/3B1Q2/PPPP1PPP/R1B1K1NR w KQkq - 4 7	d3e4 c6d7 e4b7 c7c6 b7a8	1741	0g101c1p1t
Zr3HJ	r4rk1/pp4p1/2p2p1B/3p1P1Q/1P6/3qp2P/P5RP/5R1K b - - 1 29	d3f1 g2g1 e3e2	1741	000g0t0y191o
bBrkx	6r1/1p6/p3p2b/2Pn1p2/PPRB4/5Bk1/4K3/8 w - - 10 45	d4f2 g3h3 c4h4	1741	0p13151d1f1o
bGvx3	2bqr1k1/4rppp/p4b2/2p5/2P1PN2/1P1p1PP1/P2N1KBP/2RQ1R2 b - - 0 20	d8d4 f2e1 d4e3	1741	0g191o
d4EcQ	8/7k/3p2pp/1N1n4/1P6/3Q1NPP/5rBK/4q3 b - - 10 29	f2g2 h2g2 d5e3 d3e3 e1e3	1741	010510191n
e9iLV	8/pk6/1p1r1p2/1P1N4/bR2p2P/P3NnP1/4KP2/8 b - - 2 37	a4b5 b4b5 f3d4 e2f1 d4b5	1741	01050p0s101n
eyydE	6k1/3q1pp1/rpQ1n1r1/3pP3/P7/B3P1PP/5PK1/1RR5 b - - 0 33	e6f4 e3f4 g6c6	1741	0g0j11191g1o
fJ8Qs	r5k1/7p/p5pB/Pp1p4/2pPr2Q/2P5/1P2q1PP/5RK1 w - - 9 31	h4f6 e2e3 h6e3	1741	0g0p1o
gL85N	r2r4/5pbk/pp3qp1/2p1p2p/4P3/P3BP1P/1PP1QP1K/3R2R1 w - - 2 24	e3g5 d8d1 g5f6	1741	01191o
hDCCf	r2q1r2/1b3pk1/p2pp1pb/1p2n1N1/4P2Q/2P5/PPN3PP/1B1R1RK1 w - - 0 23	f1f7 e5f7 g5e6 g7g8 e6d8	1741	010s10191n
hy0G1	B5k1/3n1pp1/pp1Np2p/b7/P4P2/6P1/1Pr4P/1R5K w - - 4 26	b2b4 a5b4 b1b4	1741	010p111o1t
iB6hs	4k2r/4pp2/p2q4/2p4p/2Q1P1p1/2P5/P1P1K2P/5R2 w k - 5 33	c4f7 e8d7 f1d1 d6d1 e2d1	1741	01040p101g
iZobi	r1b2rk1/ppp1bpp1/2n2n1p/8/2N1p3/2Pq2P1/PP3PBP/RNBQR1K1 w - - 0 14	d1d3 e4d3 g2c6 b7c6 e1e7	1741	010b101c
igAJn	4r1k1/1b1Q1pp1/pp5p/8/P3q3/5PP1/1P1R3P/R2N1K2 b - - 0 36	e4f3 d2f2 f3h1	1741	1315191o
ikWdI	8/8/8/1p1PK3/1Pp4p/3b4/3B2k1/8 w - - 1 49	d5d6 h4h3 d2f4 h3h2 f4h2 g2h2 d6d7	1741	00080g0p1l1n1w
jJROX	8/6pk/p4p2/3N1Pq1/P3QR1p/4P2P/1r1r2PK/6R1 b - - 7 40	g5g3 h2h1 g3h3 g2h3 d2h2	1741	0i101316191n
kZmFU	2r3k1/5rp1/p6p/1p2p2P/2np2N1/P5R1/1PPKQP2/q5R1 w - - 6 31	e2c4 b5c4 g1a1	1741	01191o
l3Phu	2r3k1/R1P2pp1/1p1p3p/1r2p3/4P3/8/6PP/2R3K1 w - - 3 33	a7b7 g8h7 b7b8 b5b1 c1b1	1741	010p101m
lC5pz	r5k1/p7/2p3p1/4p3/5b1p/2P1NqRP/PP3P1K/R5Q1 b - - 1 28	h4g3 f2g3 f4e3	1741	01191o
lFU3W	7k/2pN3p/P5pb/2P2p2/4q3/1N5P/4nPP1/R6K w - - 0 37	a6a7 e4a8 d7b6 c7b6 c5b6	1741	00010p101n
mLw9W	r2q1r1k/pp2bp1n/2p1b2Q/8/2BP3P/2N5/PPP3P1/2KR3R w - - 3 17	c4d3 f7f5 h6e6	1741	01191o
mn8hl	4r3/p1r1qpk1/6p1/2R4p/2R1P2P/1P4Q1/1PP3P1/6K1 b - - 0 29	c7c5 g3c3 c5e5	1741	0g0p1o
o8nP1	r2q4/ppp1pkbp/6p1/8/2n4N/2P4P/P1P3P1/R1BQ2K1 w - - 0 17	d1f1 f7e8 f1c4	1741	010s191o
oGFec	7k/pp3Qpb/2q4p/7N/2PP2r1/1P2B3/P4P2/4RK2 b - - 1 32	h7d3 e1e2 c6h1	1741	1315191g1o
pVT6T	4r2k/p1bb1pp1/1pp4p/3p1q2/PP3P2/2P4P/3QB1P1/2B1R2K w - - 3 34	e2g4 f5g6 g4d7 e8e1 d2e1	1741	0110191p
qaAV5	4r3/5pkp/p2Q2p1/1p6/2P5/1P3PqP/P5P1/3Rr1RK b - - 2 33	e1g1 h1g1 e8e1 d1e1 g3d6	1741	01050i0p10
qqmpd	r4r1k/2p1n1pp/p7/1p2Nq2/1Pn1Q3/P1P4P/1B2RPP1/1R5K b - - 0 27	f5e4 e2e4 c4d2 b1e1 d2e4	1741	01050s1019
rDLMm	7k/1p4bP/1Q1p4/1P3r2/4nP2/8/P1P5/1K6 b - - 1 29	f5b5 b6b5 e4c3 b1c1 c3b5	1741	050g0p0s101n
s6ae1	1r4k1/5pp1/4pb1p/8/5P2/3Q4/6PP/1r3R1K b - - 2 30	b1f1 d3f1 b8a8	1741	0g0p1o
swKTw	r1b3Q1/p3kp1p/1p2p3/3pq3/1b6/1Pp2N2/P1P1BPPP/R3K2R b KQ - 1 13	e5e2 e1e2 c8a6 e2d1 a8g8	1741	01050j10191n
tMPTm	8/8/8/6p1/5k1p/3p1P2/5KPP/8 w - - 0 47	g2g3 f4f5 f2e3	1741	0g0p1e1o
uATQz	3r1r1k/pppn2pp/5q2/6p1/3PR2b/2PQ1B1P/PP3PP1/R1B3K1 b - - 3 19	d7c5 d3c2 c5e4	1741	01191o
vQVvo	8/7p/3k2p1/P3R3/1P1K4/2r4P/2P1p1P1/8 b - - 1 56	c3c4 d4d3 d6e5	1741	0g0i0p1m1o
wFL43	Q1n4r/2q2kpp/3p1p2/1p1Pp3/2N1Pn2/8/P4P1P/2R4K w - - 0 28	c4e5 f6e5 c1c7	1741	0g0j191o
wXrPe	r3r1k1/pp1n1pbp/5np1/6B1/4p3/P1N4P/1qPQ1PPN/R3R1K1 w - - 0 17	e1b1 b2a1 b1a1	1741	01191o1t
wgbd6	5rk1/5ppp/3p4/1Q6/8/2P1PPq1/P4RPr/R5K1 b - - 0 28	g3h4 g1f1 h2h1 f1e2 h1a1	1741	0g0p101p
x4STt	5r1k/pp3p1p/4p1pP/4PnQ1/P1qp1B2/8/b4PP1/5RK1 w - - 0 28	g5f6 h8g8 g2g4	1741	01191o
xOGsQ	8/p2rr2p/bp2kp2/2p5/2P2P2/1P4PK/P2R3P/3R4 w - - 0 35	f4f5 e6f5 d2d7	1741	0g0i0p1o
xTphK	6k1/Q1R2pb1/p3p1p1/1p2P2p/8/P2r3P/3r2PK/6R1 b - - 0 31	g7e5 h2h1 d3h3 g2h3 d2h2	1741	0i0p0s1013161d1n
y2tVP	8/5kp1/P3p3/4P1p1/2R1K1r1/2P5/8/8 w - - 1 36	e4d3 g4g1 c4a4	1741	0g0h0p1m1o
zaJqU	3r4/5p1k/5qpp/8/1R6/1QP3P1/1P3P1P/6K1 b - - 2 34	f6f3 b3c2 d8d1 c2d1 f3d1	1741	010p10
1XOTr	r5k1/ppp2ppp/3p1q2/3N4/3Pr3/2P2NKb/PP1Q1P1P/R3R3 b - - 4 20	e4g4 g3h3 f6f3	1742	0i1315191o
25PeZ	R7/5p2/PK5p/r2bk3/2p4P/8/1P6/8 w - - 7 51	a8e8 e5d4 b6a5	1742	0g0p1o
2KNSR	5r2/1p1P4/p5k1/2P2n1R/6B1/1P2rp2/P4K2/8 w - - 0 59	h5f5 e3e2 f2f3	1742	0g0p1o
2WPGd	rn1q1rk1/pb2pp2/3p2pp/2pN4/4P3/5N1P/PbP1BPP1/R2QR1K1 w - - 0 13	a1b1 b7d5 d1d5	1742	011c1o
2yTP9	r2qk2r/p2nbppp/8/4p1N1/2Q3b1/3P4/PPP2PPP/RNB1K2R b KQkq - 2 12	e7g5 c4g4 g5c1	1742	011c1o
45pWA	1r4k1/p4pp1/6P1/Q7/3q4/1P6/8/1KR2B2 b - - 0 35	b8b3 b1c2 b3b2	1742	0p0x13151o
4O4iP	6k1/2p1rpp1/Q1b1q2p/1pP1p3/4N3/3PR2P/1r1N1PP1/3R2K1 b - - 0 31	b2a2 a6a2 e6a2	1742	0g191o1t
5WJLX	8/2k1pp1p/3p4/3P1P2/4P2P/4K3/8/8 w - - 1 41	e3f4 f7f6 f4g4 c7b6 g4h5 b6c5 h5h6	1742	0g0p1e1w
5syoR	6k1/1p1b2p1/4p1q1/QP1p3p/P2P3r/4p1P1/1B3P2/2R3K1 w - - 0 32	a5d8 g8h7 d8h4	1742	0g0p0s1o
6CnKU	3b3k/p1p2rpp/1p2q3/4N3/6P1/B5KP/1P2Q3/8 w - - 4 36	e5g6 h7g6 e2e6	1742	0g0j0p1o
7Hpss	8/P7/5pk1/8/2K5/rR6/7p/8 w - - 0 55	b3a3 h2h1q a7a8q	1742	000g0p0t1h1m1o
8WoV6	5r1k/pp5p/2p4q/2Pp3B/3b1pnQ/1P6/P4P1P/2B1R1K1 w - - 0 29	h4g4 f8g8 e1e8 g8e8 h5e8	1742	010t10191g
9muxI	5rk1/pp4pp/2p4q/3bNr2/3P1P2/1P1Q2P1/P2R1P1P/5RK1 b - - 2 26	h6h2 g1h2 f5h5 h2g1 h5h1	1742	050y101316191d1n
AQU03	rn2kbnr/ppp2ppp/4P3/3p4/3P3q/5Q2/PPP1K2P/RNB2B1q w kq - 0 10	f3f7 e8d8 f7f8	1742	040i13151c1o
AUanB	2kr3r/pp3pp1/2p1p3/6Qn/2BPN1pq/2P5/PP3PP1/R4RK1 b - - 2 20	h4h1 g1h1 h5g3 h1g1 h8h1	1742	050k0m0y101316191n
CkPGZ	8/5ppk/7p/4n3/1r6/5BP1/RP1R1PKP/1r6 b - - 8 31	b1g1 g2g1 e5f3 g1f1 f3d2	1742	01050i0p0s1011121n1r
DFioH	r2qkbnr/ppp3pp/2n2p2/4p3/2B1P1b1/5N1P/PPPP2P1/RNBQ1RK1 b kq - 0 7	g4f3 d1f3 d8d4 g1h1 d4c4	1742	010s101c
EbZMH	1r6/p3k1pp/5p2/2r5/2N1nP2/1P6/P3n1PP/R2N1R1K b - - 1 22	e4g3 h2g3 c5h5	1742	1315191n1o
FcbB3	4rrk1/1p3pp1/p2p1n1p/2pP4/2R1PP2/1P1B1R2/Pq4PP/4Q2K w - - 2 25	f3f2 b2a3 c4a4 a3a4 b3a4	1742	0110191t
GAny9	5rk1/1p2b1pp/p3p2q/8/5p1r/1Q4N1/PP3PP1/1R2R1K1 w - - 0 32	e1e6 g8h8 e6h6	1742	0g0s191o
GIHTo	Q1b1k2r/2q2p1p/p4p2/1pbN1P2/B2n4/P2P4/1P4PP/R1B2RK1 b k - 2 20	d4f3 g1h1 c7h2	1742	0k0m0y1315191o
GRhJW	6k1/5pp1/4r1np/pp6/4q1Q1/PBP5/1P6/1K4R1 w - - 8 39	g4e4 e6e4 g1g6	1742	010j0p1g1o
HVdcJ	4rkr1/1pp3q1/p3pp2/3pPn1Q/3P1P2/2PR2PP/PP1N3K/5R2 b - - 3 30	f5g3 h5f3 g3f1	1742	010s191o
I55nu	8/8/3p1k1P/3PpP2/pPp3K1/8/PP6/8 b - - 0 46	a4a3 h6h7 f6g7 b2a3 c4c3 f5f6 g7h7	1742	0g0p1e1w
I8YOd	4rrk1/8/p2q2pp/1p1pbp2/7Q/2PP2PP/PP4BK/4RR2 b - - 1 29	g6g5 h4b4 e5g3	1742	0g191o
JFac0	r3k2r/1ppn1ppp/pq2bn2/1N1pN3/P2P4/8/1PP2PPP/R2QKB1R w KQkq - 0 11	a4a5 b6b5 f1b5	1742	01191o1t
KPmsk	2k5/p1p3pp/1p1b4/q4r2/3pQ2B/5n2/PPP2PPP/4RK2 w - - 0 20	e4a8 c8d7 a8e8	1742	1315191k1o
L8LPZ	r3k2N/ppp3pp/8/3pp3/3nq1b1/2N3P1/PPPP1K2/R1B2Q1R b q - 7 15	e4f3 f2g1 f3g3 f1g2 d4f3 g1f1 g3e1	1742	0i1317191w
Lfnne	r1r3k1/p7/4p2p/qP3pp1/3P1n2/1Rp1QP2/4B1PP/2R1B1K1 b - - 6 29	a5a2 e2f1 a2b3	1742	01191o
Mq525	r1b4r/pp1N2bp/nq1Pp1k1/2p2p2/2P5/2Q5/PP3PPP/R3KB1R w KQ - 1 18	c3g3 g6f7 d7b6	1742	0g191o
MvjhY	4b1k1/2q2p2/4p1p1/1p1p2N1/nP1P2P1/2r4Q/5PB1/2R3K1 w - - 0 29	h3h7 g8f8 g5e6 f7e6 h7c7 c3c7 c1c7	1742	0g191w1y
Mxc6j	Q7/2rk4/8/1p1p1n2/3P4/2P5/PP3Prq/4RK2 w - - 0 38	a8e8 d7d6 e1e6	1742	0p13151o
NUdK8	8/3R4/6pk/rp1B1p1p/7P/2p1P1P1/5P2/6K1 b - - 1 46	c3c2 d7c7 a5a1 g1g2 c2c1q c7c1 a1c1	1742	000g0p1h1w
NmUq4	r2q4/p2n1rk1/1ppBpnpp/8/2PQP1B1/2P5/P4PPP/3R1RK1 b - - 1 18	c6c5 d4d3 f6g4	1742	01191o
Nrnja	3r2k1/p1pR2pp/1p3b2/n1q1p2Q/5P2/2P5/PP4PP/7K w - - 4 32	h5f7 g8h8 d7d8 f6d8 f7e8 c5f8 e8f8	1742	0p0s13171w
PghKq	3r4/pp3p1k/2p4p/q3pP1n/4N3/3r1P2/PP4Q1/2K3R1 w - - 2 27	e4f6 h7h8 g2g8 d8g8 g1g8	1742	03101316191n
QAV7t	1r4k1/1N3p2/p1qQb1pp/2P5/4P3/8/P4PPP/1R4K1 b - - 2 24	b8b7 b1b7 c6b7	1742	010p1o
Qhuxt	r2q1rk1/p1pb1pp1/1pnp1b1p/3B4/4QP2/2N4P/PPP3P1/R1B1R1K1 w - - 3 16	d5c6 f6c3 b2c3	1742	011c1o
RbLDn	4brk1/1p6/p1p1p2q/P1PpP2P/1P1N1rP1/2P1RPKQ/8/7R b - - 2 46	f4d4 c3d4 h6e3	1742	010j191o
Szt79	r1r2k2/p4pbp/4p1p1/8/N3Q3/8/P1q2PPP/3R1RK1 w - - 2 20	d1d8 c8d8 e4c2	1742	010i191o
T3tEu	2k5/1p2p1r1/1p2P2p/3RQ1p1/2P5/q7/P5PP/7K w - - 4 31	d5d8 c8d8 e5b8	1742	050p13151n1o
UHFeY	2q2r1k/6bp/p2pQ1p1/P2P1pN1/1p3B2/1P6/6PP/6K1 w - - 0 28	g5f7 f8f7 e6c8	1742	0g0i0p111o
UPYr1	8/3k4/8/R1bp1p2/PP2np2/7P/2P3P1/5K2 b - - 0 42	e4g3 f1e1 c5b4 e1d1 b4a5	1742	0g0p0s10
WJUHq	rn1qk2r/pp3ppp/4b3/3pPpN1/7b/2N5/PP2R1PP/R1BQ3K w kq - 2 14	d1a4 b8c6 a4h4	1742	010s1c1o
XRSin	4b1k1/2q3pp/5pP1/5P2/2p1B3/2b4P/4Q3/7K w - - 1 35	e4d5 g8f8 g6h7	1742	000g0i0p1o
Y0Hdn	3r1r1k/ppb3pp/2p5/2N1pq2/1P2Q3/4P3/P2R1PPP/3R2K1 b - - 2 25	f5f2 d2f2 d8d1 f2f1 f8f1	1742	0i0y101316191n
ZHdCh	r1bq1rk1/pp2bppp/2n5/3p4/3N4/1P4P1/P3PPBP/R1BQ1RK1 b - - 0 11	c6d4 d1d4 e7f6 d4d3 f6a1	1742	0110111c1p
bCySS	2kr2r1/ppp1qpb1/5n1p/8/4pN1P/1PN2b2/PBPP2Q1/2K1R2R w - - 4 19	g2f3 e4f3 e1e7	1742	01191o
bajHL	8/4p3/3p1b2/3k4/P5Q1/3KpP2/6P1/6q1 w - - 3 50	g4c4 d5e5 c4e4	1742	0p13151o1s
dBAsq	1r2kb1r/ppp1np1p/2n1bqp1/1Q2p3/4B3/P1NP1N2/1P2PP1P/R1B1K2R w KQk - 0 14	c1g5 f6g7 g5e7 f8e7 e4c6	1742	01101c1g
eG4OF	2q1rbk1/5Rpp/1p2P3/p2nBQp1/P1N5/1P1p4/6KP/8 w - - 6 37	f7g7 f8g7 f5f7 g8h8 f7g7	1742	0d0y101316191n
ecGvj	2r1kb1r/pp1Bqppp/3p1n2/4p1N1/2QnP3/8/PPP2PPP/RNB1R1K1 b k - 0 11	e7d7 c4d3 d4c2	1742	011c1o
f6IZT	3r1rk1/ppn2pp1/2p1bq1p/8/Q2b4/2N2NPP/PP4PK/R3RB2 w - - 0 21	c3e4 f6g6 f3d4	1742	01191o
fFJxl	8/pp4k1/8/3K2pp/3P4/1PP2P2/5P2/3Bn3 b - - 0 40	h5h4 f3f4 h4h3	1742	0g0p1l1o
fQDyS	3k4/p4p2/7p/4PPp1/2pKP3/7P/P7/8 b - - 1 33	h6h5 d4c4 g5g4 h3g4 h5h4	1742	0g0h0p10111e1l1n
faIJi	r3r1k1/p4pp1/3n3p/3N3P/1R6/5P2/P5P1/5RK1 w - - 0 25	d5c7 a8b8 c7e8 b8b4 e8d6	1742	010p0s10
g7X1T	r3r1k1/pb3p1p/np1p2p1/3P3n/1PPb4/5QPq/P2N3P/4RR1K w - - 0 21	f3f7 g8h8 e1e8 a8e8 f7e8 h8g7 e8f8	1742	0s1317191w
hhtMx	r5k1/pp2p2p/2p3p1/2PpQ3/3P2Nq/7B/PP2P3/6K1 w - - 2 25	g4h6 h4h6 h3e6 g8f8 e5h8	1742	0d0p1013161n
hlgMh	r1b1kb1r/ppp1pppp/2n2n2/8/8/2N1B3/PPP2PPP/2KR1BNR w kq - 4 8	c3b5 c8d7 b5c7	1742	0g1c1o
iQEP4	1b4k1/1r4p1/p1p3p1/3p4/3P2Q1/2P4P/P4P1q/4RK2 w - - 0 29	e1e8 g8f7 g4e6	1742	0p13151o1u
iamFg	6k1/5pp1/4p2p/3p4/B4rqP/1Pr3P1/8/3RQNK1 w - - 0 30	e1c3 g4d1 g3f4	1742	010t191o
k0hqT	5rk1/pp3ppp/8/q2BP3/5Q2/2p5/PP3PPP/R5K1 b - - 0 19	c3b2 a1b1 a5d5 h2h4 d5a2	1742	000g0p0w10
kUlRJ	r1b2qk1/ppp2ppp/2n1p3/8/2BPn3/3QPN2/PP3PPP/R3K2R b KQ - 1 11	f8b4 e1f1 b4b2 d3e4 b2a1	1742	011019
