lI7YU	3q2k1/pp3ppp/8/4b3/1P1nR3/P1P4P/B4PP1/RN4K1 b - - 0 21	d4e2 e4e2 d8d1 e2e1 d1e1	1742	0d0s101316191n
lu2C6	r4rk1/3qbppp/5n2/1p2p1B1/1P6/2NP2P1/4PPKP/1R1Q1R2 b - - 2 17	d7c6 c3e4 f6e4 d3e4 e7g5	1742	010b0s1019
n0uev	8/1k3p2/p5p1/K6p/PP5P/8/5P2/8 b - - 0 47	g6g5 h4g5 h5h4	1742	0g0h0p1e1o
nainT	r7/1pq4p/p3Q3/5Rbk/3p2n1/1P1P2P1/P6P/6K1 w - - 0 35	f5g5 h5g5 h2h4 g5h5 e6f5 h5h6 f5g5	1742	050p13171n1w
rIMTE	5k2/8/2p3P1/4K3/n7/1p2P3/8/1B6 w - - 2 50	e5f6 a4b6 g6g7 f8g8 b1h7 g8h7 f6f7	1742	000g0h0p0r1n1w
s1ify	8/2q3pk/1N5p/8/2Q5/1P3K1P/1Pb3P1/8 b - - 4 44	c2d1 f3f2 c7b6	1742	010p1o
sKF68	rn6/pp3r2/2p3k1/q2pQ2p/P7/1P2P1P1/2P2PBP/R5K1 w - - 5 26	g2e4 d5e4 e5a5	1742	0g191o
tUYfJ	1Q5R/1B1q4/1k2p3/2ppPp2/1P6/1KP1P3/P4r2/8 b - - 1 35	c5c4 b3a3 d7a4 a3a4 f2a2	1742	050i0p1013161n
ujhQw	4r1k1/2n2qBp/p3rPpQ/4p3/1pPbb3/1P1R4/1P2N1PP/5R1K w - - 18 36	h6h7 g8h7 d3h3 h7g8 h3h8	1742	050y101316191d1n
ujuj2	7r/Bk4p1/2pb4/3B1n2/8/1P2PRq1/2P3P1/R2Q2K1 b - - 2 27	h8h1 g1h1 g3h2	1742	051315191n1o
xD120	6k1/5pp1/2N1p3/5nPp/P7/3P4/1PK5/8 b - - 0 40	h5h4 c6e5 h4h3 e5g4 f5e3 g4e3 h3h2	1742	000g0i0p0z111n1w
xJK3u	7k/1pq2p1p/4p1p1/1Qr5/3bR3/6P1/5PKP/4R3 w - - 0 40	b5e8 h8g7 e4d4 c7c6 e8c6	1742	010p10
xSjzO	r5k1/5qb1/1p1p2rp/1P1Pp3/p4p2/P2Q1P1P/3B2P1/R3R1K1 b - - 0 30	e5e4 d3e4 g7a1	1742	010j11191o
xXQGq	2R1R3/3p1rk1/1p1r1qp1/1p4p1/8/8/PP2QPPP/6K1 b - - 2 28	d6d1 e2d1 f6f2 g1h1 f2f1 d1f1 f7f1	1742	060i0p1113171n1w
xjwTj	5b2/5qpk/3n3p/3p1P2/1Q1N4/1P2B3/P5PP/7K b - - 0 38	d6f5 b4c3 f5e3 c3e3 f7f1 e3g1 f1g1 h1g1 f8c5 g1f1 c5d4	1742	010d0p1g1w
z7UHy	5r1k/2R1Q2p/p3p2q/4P3/3Pp1p1/4P3/1r4PP/4R1K1 b - - 1 30	h6e3 e1e3 b2b1 c7c1 b1c1 e3e1 c1e1	1742	0p13171n1w
zSZuJ	3r4/3k1p2/R3b2p/6p1/1Qpq4/1p6/6PP/5R1K w - - 4 35	b4b7 d7e8 a6e6 f7e6 b7f7	1742	0i0p0r1013161n
zz1sZ	rn1q1r1k/pb1p2pp/1p1b4/2p2pN1/3P4/5P1N/PPP2QPP/R4RK1 w - - 0 17	f2h4 h7h6 g5f7 f8f7 h4d8 f7f8 d8h4	1742	010i0j0y191w
0Os8v	8/7k/8/4K3/1pp5/1pP5/1P6/8 w - - 0 52	e5d4 b4c3 d4c3	1743	0g0p111e1o
11LPC	4r3/2b2p2/1k6/5QP1/2R2P2/2P1q2p/1P5P/5R1K b - - 0 42	e3f3 f1f3 e8e1 f3f1 e1f1	1743	0d0p1013161n
1BXro	6k1/6pp/p7/8/8/3R1b2/PP3B1q/2R1K3 w - - 0 35	c1c8 g8f7 d3f3	1743	010p1o
1U9En	5r1k/5p2/p1pp1N1p/1p2q3/8/2P2R2/PP3RP1/6K1 w - - 2 35	f6d7 e5e8 d7f8 h8g7 f3f7 e8f7 f2f7 g7f7 f8d7	1743	010h0p0r0s1w
1oTqg	2krr3/ppp2ppp/8/4n3/5B2/2P2P2/PPP1K2P/R4B1R b - - 0 15	e5g4 f4e5 e8e5	1743	0j0k1315191o
2rn4U	4r1rk/pp3R1p/2p5/3n4/3P4/2P3qP/PP3RP1/3Q3K w - - 1 26	f7h7 h8h7 d1h5 h7g7 f2f7	1743	050x101316191n
3Q27T	r3kb1r/1p2p3/p4pqp/3P2p1/1n1N4/2N1P3/PP1BQP2/2KR2R1 b kq - 5 20	b4d3 c1b1 d3f4 e3e4 f4e2	1743	010j0k1019
3S8u2	1r1r2k1/7p/p5p1/PpN3q1/1Q1RPp2/5P1b/R5PP/6K1 b - - 0 33	d8d4 b4d4 b8d8 d4a1 g5c5	1743	0d0g10191g
4asiw	3r2k1/2n1pp1p/2q1n1pB/2p1P3/8/2PP2PP/5Q2/5RK1 w - - 0 32	f2f7 g8h8 h6g7 e6g7 f7f8 d8f8 f1f8	1743	061317191n1w
4ctwn	2kr3r/ppp3pp/3b1nq1/3p4/3P4/2N1P3/PP2QPPP/R1B2RK1 b - - 4 14	d6h2 g1h2 f6g4 h2g1 g6h5 e2g4 h5g4	1743	01050y11191l1n1w
77jUb	r2qr1k1/pbp2pbp/1p4p1/1B6/1P6/P3P2P/2QN1PP1/3R1RK1 b - - 3 18	d8d5 d2f3 d5b5	1743	01191o
79ZY3	4r1k1/p3rppp/3Q4/3p4/8/1P6/P1Pq1PPP/2R2RK1 b - - 4 28	d2c1 d6e7 c1f1 g1f1 e8e7	1743	0g0p10
7QLtr	8/p1p2k2/2R3p1/6K1/8/8/P4b2/8 w - - 11 49	c6f6 f7e7 f6f2	1743	0g0p0s111o
8Rir2	6k1/6pp/8/1p2p3/1q1N4/3P4/2Q2PPP/r2R2K1 b - - 0 28	b4e1 d1e1 a1e1	1743	060p13151n1o1y
A0zpH	r4r1k/6p1/p3Q2p/1p6/4n3/2B4P/PPq2PP1/4R1K1 w - - 0 28	e6h6 h8g8 h6g7	1743	1315191g1o
Ad7ZY	1r3r1k/7p/8/1R6/1pK4P/pP6/P4P2/4R3 b - - 5 33	f8f4 c4c5 f4f5	1743	010p1m1o
Ai4Dw	8/1p4p1/1pp5/4k1P1/PPP3K1/8/8/8 w - - 3 43	g4h5 e5d4 h5g6 d4c4 g6g7	1743	0g0p101e
BsXz1	3r1rk1/p4p2/6pp/3N1R2/3QP1n1/3P1RPK/2q5/8 w - - 0 31	d5e7 g8h7 f5f7 f8f7 f3f7	1743	0i10131619
BzyR1	r2nk1nr/pp3p2/2p2P2/2b3q1/2B2p2/3Q2Pp/PPP4P/3R3K w kq - 0 27	d3d7 e8f8 d7d8 a8d8 d1d8	1743	0i10131619
H1XRW	r3kr2/ppq2pb1/3Rp1p1/1b4Np/2B1PP2/1Q5P/PPP3P1/2K4n w q - 0 19	c4b5 e8e7 d6d7 c7d7 b5d7	1743	0g0s1019
HOTBp	3r4/1p2k3/p1p1P2p/1r4P1/6R1/2P2n1P/P1P1RB2/2K5 b - - 0 31	d8d1 c1d1 b5b1	1743	050p13151k1n1o
HQ0gh	1r1r2k1/pRQ1Rbpp/8/8/8/P2P1pPq/2P2P2/6K1 w - - 0 30	e7e8 d8e8 c7f7 g8h8 f7g7	1743	0j101316191n
HpPUh	6k1/7p/1q2p2b/3p4/1P1Q2p1/2P1PrP1/P3R2P/5BK1 b - - 2 30	h6e3 e2e3 b6d4 c3d4 f3e3	1743	050b0g0p0s10111g
JPwG3	r2qkbnr/1Qpb1ppp/2n1p3/p7/2BPP3/P1N2N2/1P3PPP/R1B1K2R b KQkq - 0 11	a8b8 b7a6 b8b6 a6b6 c7b6	1743	01101c1t
JSKqV	1br2rk1/1p3p2/p2q2pp/2R5/1P2p3/PQ1P3P/1B3PP1/4R1K1 w - - 0 29	b3c3 d6h2 g1f1 b8e5 c3e5	1743	0g10191l
KOjfp	r4rk1/2q1bppp/p1N1p3/1p6/4R1Qn/1PP5/PB3P1P/R5K1 w - - 3 21	c6e7 c7e7 g4h4 e7h4 e4h4	1743	010y1019
LGTlM	6k1/pRP3p1/8/1p1pr3/P1n2r2/2N5/5P1P/3KR3 b - - 2 35	f4d4 d1c1 e5e1	1743	0g0i0p111o
Lobms	2r3k1/pq3ppp/1p2pn2/1B6/3N4/1P1QP2P/P4Pb1/4R1K1 w - - 0 20	b5a6 b7d5 a6c8	1743	01191o1p
NY2PS	r1bq1r2/pppp1pk1/7p/2b1N1pQ/2Bnn3/6B1/PPP2PPP/RN3RK1 w - - 2 11	e5f7 d8f6 g3e5	1743	0g1c1g1o
NZI1r	7k/b5pp/p7/Pp1b2q1/1P6/3P4/4Q1PP/5R1K w - - 0 27	f1f8 d5g8 f8g8 h8g8 e2e8	1743	050p1013161n
OJpnW	r1bqk1r1/pp6/2p1pnn1/2b3Q1/4P3/8/PPP1NPPP/R1B1KBNR b KQq - 4 12	c5f2 e1f2 f6e4 f2e1 e4g5	1743	04050g0s101c
P75k5	r3q1k1/1p2n1pp/n2BP3/p1p2r2/8/P4N2/1P3PPP/R2QR1K1 b - - 0 19	f5d5 d1b3 d5d6	1743	010v191o
PTR2a	5n1k/pp3Q1p/4p1pb/2Pp4/8/1P2B1K1/2q3PP/8 w - - 0 30	e3d4 e6e5 d4e5 h6g7 f7f8	1743	0p10111316
Pz3eH	8/p4p1k/2p3pp/8/3P3Q/5P1n/PP3P1q/4RK2 b - - 1 33	h2h1 f1e2 h3g1 e1g1 h1h4	1743	010j0p10
PzNBv	r6r/p4ppp/b1p1pk2/8/8/P1P2B2/2P3PP/R4RK1 w - - 1 16	f3e2 f6e7 e2a6	1743	010j0k0p1o
Q15U3	8/4p1kp/1n1p1pp1/q1pN4/p1PnPP2/P1NP3P/1Q4P1/6K1 b - - 11 36	b6d5 e4d5 a5c3 b2c3 d4e2 g1f2 e2c3	1743	050g0p0s111n1w
QtDfq	8/pp5R/7p/3pRQp1/3P2Pk/q1r4P/5P2/6K1 b - - 2 32	c3c1 e5e1 c1e1 g1g2 a3h3	1743	0p101316
RPgEM	3r1knr/p1p2p1p/2Qb4/4P3/2b1K1p1/P1N2N2/1P3P1P/R1B4q w - - 2 19	c1h6 g8h6 a1h1	1743	010j191o
SCrWg	6k1/p1r3p1/1p3p1p/8/2bR4/5B2/P4PPP/6K1 w - - 1 32	d4c4 c7c4 f3d5 g8f8 d5c4	1743	01050p0s101n
SayyN	1r5k/7p/p1QB3q/2p5/P1Np2p1/3P1PP1/1P3KP1/R4R1r b - - 0 29	b8b2 f2e1 h1f1 e1f1 h6h1	1743	0510131619
Soi7j	3rr1k1/p6R/1p2n1p1/2p1b3/4P3/1P6/P1P3QP/6RK b - - 0 33	e6f4 g2g4 g8h7	1743	010w11191o
TcAJ8	2Qqkr2/pp6/8/8/5PK1/6P1/8/2R4r w - - 5 47	c8e6 d8e7 c1c8	1743	0d0p0x13151o
UQFL1	rn2kbnr/1p1b1ppp/1q2p3/R2pP3/1P1P4/2P5/5PPP/1NBQKBNR b Kkq - 0 8	a8a5 b4a5 b6b1	1743	011c1o
VVaAX	rn3rk1/3bqpbp/p5p1/2pQ4/B7/2P2N2/PP3PPP/RN3RK1 b - - 0 14	d7a4 d5a8 a4c6 a8c6 b8c6	1743	01101c1n1t
VXi3J	r1bqk3/ppp2pp1/1b1p2r1/4p2p/1PBPPP2/2P3Qn/PB4PK/RN3R2 w q - 0 16	c4f7 e8f7 f4e5 f7g8 g3g6	1743	01040j0k1019
VobyZ	8/6pk/2p4p/2B5/8/P6r/8/1rRK1R2 b - - 5 46	b1c1 d1c1 h3c3 c1d2 c3c5	1743	01050p0r0s10
WbPxN	r1r5/2RR2pp/2p2pk1/pp1p1n2/8/2BP4/PP3PPP/6K1 w - - 0 22	g2g4 c8c7 g4f5 g6f5 d7c7	1743	010p101n
ZEf1a	3r3k/p4ppp/4p1b1/2B1P1N1/5R2/4Q3/r3qPPP/5RK1 b - - 4 29	e2f1 g1f1 d8d1 e3e1 g6d3 f1g1 d1e1	1743	050y111317191g1n1w
aq31Q	k6r/1R3Q2/2p5/2N1p3/P3P3/3P2P1/2q2P2/5K2 b - - 0 31	c2d1 f1g2 d1h1	1743	0p13151o
brYyp	6k1/p4p1p/3p2PB/2pB4/2Pq4/1P4bP/P5P1/7K w - - 1 30	g6f7 g8h8 f7f8q	1743	000p13151h1o
dBUEN	r1bq1rk1/ppp3b1/2n5/5p2/4Q2B/2pBP3/PP3PPP/R4RK1 w - - 0 17	e4c4 f8f7 h4d8	1743	0g191o
dlSbZ	r6k/1pp1qRpp/1bn5/p2QB3/3P4/2P5/PP1N2PP/6K1 b - - 4 19	e7e5 d5e5 c6e5	1743	01191g1o
drN1z	3r1rk1/pp3ppp/2p5/3pP3/q5b1/2P3P1/PP1Q2BP/R4RK1 w - - 4 18	f1f4 a4a5 f4g4	1743	010v191o
drjGk	r4r2/pb2Nppk/1p1p4/2b1p3/4P3/3BPq2/PPPQ4/2K1R3 w - - 0 21	d2h2 f3h5 h2h5	1743	021315191o
ecibv	1rb2r2/5k1p/p2R1npQ/q3p3/4P1P1/1PN2P2/2P1N3/2K4R b - - 0 24	a5a3 c1b1 a3d6	1743	010s191o
esFpn	8/8/p4p2/4k1p1/1Pp1P3/2P1K3/7P/8 w - - 0 39	h2h3 e5d6 e3d4 d6e6 d4c4 e6e5 c4d3	1743	0g0h0p1e1l1w1z
f4oFf	6r1/ppp2p1k/5Rrp/4P2Q/3P4/2P3P1/PP5P/4qRK1 b - - 2 25	g6g3 g1h1 g3g1 f1g1 e1g1	1743	0p0y1013161y
fL1fT	r1b2rk1/pp2pp1p/2np2p1/3q2B1/8/3B1N2/PbPQ1PPP/R4RK1 w - - 0 13	c2c4 d5e6 d2b2	1743	010j191o
g5zMv	rn1k1b1r/p5pp/2p4q/8/3PQPn1/2N1P1N1/PB3RP1/R5K1 b - - 2 19	h6h2 g1f1 h2g3	1743	010s191o
h9bVp	4qr2/1p1r1k1n/3p2pQ/1p1Pp3/P3PnP1/4KP2/1P1N4/7R w - - 0 30	h6h7 f7f6 g4g5 f6g5 h7h4	1743	0510131619
hTWEg	3r1rk1/5pp1/4p3/p5N1/bpP2n2/1PqB3P/P2R1P2/1Q1K3R w - - 0 26	d3h7 g8h8 g5f7 f8f7 d2d8 a4e8 d8e8 f7f8 e8f8	1743	0i0y1318191w
hajru	3r2n1/1p4kp/1q4p1/p7/2P1P2Q/1P1Rb3/P1B3PP/4R2K b - - 0 31	d8d3 c2d3 e3f2 h4g5 f2e1	1743	010s0v1019
iT2dq	1r6/2qnrpk1/2p3p1/p3p1p1/1PB5/4P2P/1Q3PPB/3R2K1 w - - 0 27	d1d7 c7d7 h2e5 f7f6 e5b8	1743	010i0s1019
iwj0x	8/pp6/7p/8/2k2pP1/P3pP2/1P2K1P1/8 w - - 1 46	g2g3 f4g3 e2e3	1743	010i0p1e1o
jWgCq	r4r2/1pqn1pk1/p2pb1p1/3p3p/3P1N2/2P2P2/PPQN2PP/R4RK1 w - - 2 17	c2g6 f7g6 f4e6 g7f7 e6c7	1743	0g0i0s10191n
jkjff	8/6k1/1p1r2pp/1Rn2p2/5P2/1r2P3/2R1NPKP/8 w - - 1 38	c2c5 b6c5 b5b3	1743	0b0g0p1o
kAEsn	3bn3/4N1k1/3p2p1/4p1Pp/pqQ1P2P/4B3/1rPK4/5R2 w - - 4 33	c4b4 b2b4 e7c6	1743	01191o
lXSg7	8/2p5/3pk3/p5p1/1p2P1P1/1P1P4/P2K4/8 b - - 1 37	e6e5 d2e3 c7c5 e3f3 e5d4	1743	0g0p101e1l1z
lf1fu	r1b2rk1/ppp1q1b1/3p2p1/3Ppp1p/2P1P3/1P3NPK/P1BN1P1P/R2Q1R2 b - - 0 16	f5e4 h3g2 e4f3	1743	010j0k191o
mQw2u	r5k1/1p4p1/2p2pN1/3pPPpQ/3q3n/4n3/P6P/R4RK1 w - - 0 26	h5h8 g8f7 e5e6	1743	0y1315191o
mjmTA	8/2P4p/4bkp1/1P4p1/8/8/1r2p2P/2R1K3 w - - 1 50	c1c6 b2b1 e1e2 f6e7 c6e6	1743	0g0p10
nPGWT	2kr3r/1p2n2p/p2q4/4p1p1/P1p5/2P2PBP/4QP2/R3K2R w KQ - 0 21	g3e5 d6c6 e5h8	1743	010s191o
oaKA7	3k2r1/pR6/Q1p5/3pq2p/P6r/4R1P1/2P2P2/6K1 b - - 3 31	e5a1 a6f1 h4h1 g1h1 a1f1	1743	050g0i0p101g
oo23F	6k1/5pp1/p1Nq3p/1p1n1Q2/2p5/2P1P1P1/P4P1P/6K1 w - - 4 31	f5d5 d6d5 c6e7 g8f8 e7d5	1743	050g0p0s101n
pRAH9	r2q1rk1/ppp1bppp/2n3b1/3Np1B1/4n3/5NP1/PPP2PBP/R2Q1RK1 w - - 0 11	d5e7 c6e7 d1d8 f8d8 g5e7	1743	010b0j0w0y101c
pURwN	8/1p1R2pk/p4p1p/5P1N/1r6/7P/P1r4P/6K1 w - - 3 35	h5f6 h7h8 d7d8	1743	0p13151g1o
s0pFA	8/p1p5/5P2/2p1kb1P/6r1/1P5K/P7/5R2 w - - 3 46	f1f5 e5f5 f6f7	1743	000g0p1n1o
sOYpL	3r4/4R2Q/5k2/1p1q4/p5p1/8/1PP2P2/6K1 b - - 4 35	d5d1 g1h2 d1d6 h2g2 d6e7	1743	0g0p101112
sgFzf	2Rr4/p2k1pp1/1p5p/8/3r4/4K1PP/P5P1/2R5 w - - 7 33	c8d8 d7d8 e3d4	1743	0g0p1m1o
soj57	7k/p1p1r1p1/8/3P3p/1PP1R2P/P4rq1/7Q/4R2K b - - 1 34	g3e1 e4e1 e7e1 h1g2 e1e2 g2f3 e2h2	1743	0g0p0r1p1w1y
tKKnr	3b4/6pk/4B3/3PB2K/8/3b4/8/8 b - - 0 55	d3e2 e6g4 g7g6	1743	080p13151o
tcpca	5kr1/ppp3b1/7Q/3N4/8/1P2R2P/Pq3rPK/8 w - - 1 37	e3e8 f8e8 h6e6 e8d8 e6e7 d8c8 e7c7	1743	050r0s1317191n1w
tk3Yo	r1b2kr1/p1p1b1pQ/2p5/3pNq2/4p3/8/PPP2PPP/R1B2RK1 w - - 2 16	e5g6 f8f7 h7g8 f7g8 g6e7 g8f8 e7f5	1743	050g0s191w
u20di	r5rk/pp1q2p1/2p2b1p/3pnP1Q/4p3/4B1RP/PPP2P2/6RK w - - 1 24	e3h6 g7h6 h5h6 d7h7 h6f6	1743	0g0s1019
uVLNg	1rk5/1qpr3R/2p3p1/p1Pp4/4p3/4P1P1/PPP1BPP1/2KR4 w - - 0 26	h7h8 d7d8 e2g4	1743	0p13151o
veqXf	2QB1rk1/5pp1/3p3p/3n4/P3q3/8/KP3P1P/R2R4 b - - 4 25	e4a4 a2b1 a4d1	1743	0g191o
vhBUG	r2qr1k1/1b3ppp/p1p4n/1p1N4/P1P5/3B1Q1P/1P4P1/R3R1K1 w - - 0 20	e1e8 d8e8 d5c7	1743	0g191o
vkszO	3k4/3P1p2/pb3p2/4pr1P/4b3/3R2K1/7P/2R5 w - - 0 44	c1c8 d8e7 c8e8	1743	0p0q13151o
w4Vjq	2r4k/1p3ppP/p1rN4/1p3q1P/8/3Q4/PP3P2/1K1RR3 b - - 0 26	c6c1 d1c1 f5d3	1743	0g0i191k1o
xL5cE	1r4kr/QP3pp1/3N4/4pP2/3p3p/B5q1/P2RP3/3K4 b - - 0 31	g3g1 d1c2 d4d3 d2d3 g1a7	1743	0g0j101119
xoRVw	8/8/8/1n2k3/P5p1/5p2/5P2/4K3 w - - 0 59	a4b5 e5d6 e1d2 d6c5 d2e3 g4g3 f2g3	1743	0g0p111w
ySRPB	k7/5pp1/P5n1/2R1b3/4P2p/2P1B1PP/2N4K/1r6 b - - 0 33	h4g3 h2g2 g6h4	1743	0p13151o
yUO4s	1r6/p4kpp/QbR1nq2/8/P3p3/8/5PPP/2R3K1 w - - 1 30	c6b6 b8b6 a6a7	1743	010b191o
yXNm0	6k1/pp4p1/2p2n1p/3p1Q2/8/P3R3/1PP5/2KNb1q1 w - - 0 32	f5e6 g8h7 e3e1	1743	010p1o
yk4PJ	r1q1kb1r/1pp1pppp/p1n2n2/1Q3bN1/8/2NB4/PPP2PPP/R1B1K2R w KQkq - 0 9	b5f5 c8f5 d3f5	1743	011c1o
0jb1X	2b5/6k1/3p1np1/3Pp1QP/3qP3/8/5N1P/5BK1 b - - 0 33	d4f2 g1f2 f6e4 f2e1 e4g5	1744	050g0p0s10111n
0ys7g	2r4r/pp1bkppp/4p1q1/2n1N3/3Q4/8/PPP2PPP/2KR1B1R b - - 5 14	c5b3 c1b1 g6c2	1744	1315191g1k1o
1AcIw	4K3/3r1npk/2B3pp/1P3b2/8/5N2/P5P1/R6R b - - 10 35	f7d6 e8f8 d7f7	1744	1315191o
2WBSK	2r2rk1/1p4pp/p2p4/3Pp2q/4n3/7P/PPRQB1P1/5R1K w - - 0 23	f1f8 c8f8 e2h5 e4d2 c2d2	1744	010y1019
2sauI	4r1k1/pPb2p2/5Qb1/6N1/8/2P4P/P4PP1/4rRK1 b - - 0 25	e1f1 g1f1 g6d3 f1g1 e8e1	1744	05101316191f
3Drnv	r4rk1/ppp2ppp/3p4/2bPn1q1/8/1PQ5/PB1N1PPP/R4RK1 w - - 5 17	d2e4 g5f4 e4c5 d6c5 c3e5 f4e5 b2e5	1744	01191w
3Gp5f	8/8/1kp5/4pN1R/1K2P3/1P5P/2r5/6b1 b - - 0 31	g1c5 b4a4 c2a2	1744	0p13151f1o
78uKP	r5k1/pp1nNrb1/1q1p1n1p/2pP4/2P5/2N2pPP/PP3P2/1RB1QRK1 b - - 0 16	f7e7 e1e7 a8e8 e7e8 f6e8	1744	0110191n1t
7eTE0	1r4k1/p1p3p1/3pP3/2p2P2/3q4/2QB4/P1K2P2/6R1 b - - 5 37	d4f2 d3e2 f2g1	1744	0g0p0s1o
7zysV	2kr1b1r/Qpp3pp/3p4/4q3/6n1/P7/R1P2PPP/1NB2RK1 w - - 3 15	a7a8 c8d7 a8a4 b7b5 a4g4	1744	010s1019
8XRUI	7r/3bk3/4p3/4Ppp1/p1pK2Pp/1qN4P/1P6/1RQ5 w - f6 0 43	c1g5 e7e8 g5g6 e8d8 g6f6 d8c7 f6h8	1744	0g0p0s1w
9CASq	rn3rk1/5ppp/pqp5/1p1Pp3/1bp3b1/2N2N2/PPQ1BPPP/R2R2K1 w - - 0 14	f3g5 g7g6 e2g4	1744	010j11191o
9PlCM	6k1/Rb2rp1p/1p4p1/1B6/3r1P2/6qP/1P1Q2P1/R5K1 w - - 0 26	a7a8 b7a8 a1a8 g8g7 d2d4	1744	0g10191n
9RBYt	6k1/5pp1/6p1/1p1p4/1Pp1N2Q/7P/P1r3PK/5q2 w - - 4 35	h4d8 g8h7 e4g5 h7h6 g5f7 f1f7 d8h4	1744	0d0p13171n1w
9wbhG	5r1k/2q2p1p/4bPp1/p2p2Q1/2pB2N1/2P3bP/Pr2B1P1/5R1K w - - 0 29	g5h6 f8g8 h6g7 g8g7 f6g7 h8g8 g4h6	1744	000y1317191n1w
AKQ6e	5bk1/1p1r4/P2p4/3Pp2n/4Pp1q/5Pp1/1P1Q3P/R4BBK b - - 0 35	g3g2 d2g2 h5g3 g2g3 f4g3	1744	000g0y10191g
AdVtt	2kr1b1r/ppp1p3/5p2/3P2p1/6q1/2NPBN1p/PPP1QP2/2K3R1 b - - 1 16	g4g1 f3g1 h3h2	1744	0001191n1o
B6S23	8/2p4k/6q1/p1Q5/6P1/2P4P/8/6K1 b - - 0 36	g6b6 c5b6 c7b6 g1f2 a5a4 f2e2 a4a3 e2d3 a3a2	1744	000g0p1i1l1w
BTsTK	2r2rk1/2p5/1p2R3/p4n1p/6pP/P5P1/QP1N2P1/1K4q1 w - - 0 29	e6e1 f8f7 e1g1	1744	0g0j0k191o
BmR63	2r3k1/p2p1p1p/3Pp1p1/b1r1P1Q1/n1p4R/5P2/2R2P1P/7K b - - 1 29	a5d8 g5h6 d8h4	1744	0111191o1p
Bucc3	4R3/p5pk/3BQp2/3p3p/6P1/3b1PKP/Pq6/8 b - - 3 31	h5h4 g3h4 b2f2 d6g3 g7g5 h4h5 d3g6	1744	050p13171w
CKPPI	1r4k1/2Q3pp/5r1q/3pnp2/3Nb3/4P1PP/PP2BP1K/R1B2R2 b - - 6 23	h6h3 h2h3 f6h6 e2h5 h6h5	1744	05101316191f1n
DUJw3	8/1p3pk1/1P1Q4/3Pp1Pp/1P2Pn2/2q2P2/2B2P2/2K1R3 b - - 10 37	f4d3 c1b1 c3b2	1744	0p0s13151o
DoQ9a	1R3bk1/5p1p/2pQ2p1/4p3/1N2q1n1/6P1/5P1P/6K1 b - - 0 34	e4e1 g1g2 e1f2 g2h3 f2h2 h3g4 h2h5	1744	0p13171w
EHFZs	r2q1rk1/ppp2pp1/3p3p/4n1b1/2P1N3/8/PP1QBPPP/R4RK1 w - - 4 15	f2f4 g5e7 f4e5	1744	010s191o
FEjXD	r2q1r2/pppb2pk/2n1p3/8/3bN3/3B1N2/PPPQ1PP1/2KR4 w - - 0 16	e4f6 h7h8 d1h1	1744	0k0m1315191o
FK9Ft	4r1k1/5pp1/1R3n1p/1p6/1Pp2BP1/2P2P1P/P5K1/8 b - - 3 39	f6d5 b6b5 d5f4	1744	010p0s1o
FaBEk	5b2/pp4kp/6p1/5pN1/2Q5/1P4PP/P2qrP2/6K1 w - - 10 31	c4f7 g7h6 f7h7 h6g5 h7h4	1744	0p1013161n
FoxHa	8/R4pkp/3q2p1/1P6/3pP3/3N1KPP/R3QP2/1r4r1 b - - 4 34	d6f6 d3f4 b1b3 e2d3 b3d3	1744	0g10191g
HPR0H	5rk1/1p4pp/p2Q1p2/3P1P2/4q3/P7/2r3PP/1R3R1K w - - 1 26	d6e6 e4e6 f5e6	1744	010p1o
HV929	1k1B3r/p1q2pp1/1p1b4/2pp4/Q3n1P1/2P5/PP2PPB1/R3R1K1 b - - 0 20	d6h2 g1f1 e4d2	1744	0y111315191o
HlSYv	r1b4k/p2p1Rr1/1p2p3/8/1P2P2n/PBN3bN/8/R6K w - - 2 25	f7g7 h8g7 a1g1	1744	01191g1o
I93LY	r1b2rk1/pp1pp1bp/6p1/4P3/5QP1/3B1N2/qPP2P2/2KR3R w - - 0 17	d3c4 e7e6 f4f8 g7f8 c4a2	1744	0g0s1019
IQ0l1	r3k2r/ppp1qppp/3bpn2/3p4/3B2b1/2P3P1/PP1NPPBP/R2QK2R w KQkq - 2 11	d4f6 e7f6 d1a4 c7c6 a4g4	1744	010s1019
IrdhP	2N4k/6pp/1p1Q1p2/1B4rq/P7/5bP1/1P3P1P/R4RK1 b - - 0 29	h5h2 g1h2 g5h5 h2g1 h5h1	1744	05101316191d1n
K15as	3r3k/4R1p1/2p2p1p/pp3P1P/8/1B1n1P2/1P2KP2/3N4 b - - 6 32	d3c1 e2f1 c1b3	1744	010p0s111o
MhGIM	2r2nk1/2p3p1/bp2p2p/p3P1q1/3P3N/1p6/P1B2QPP/5RK1 w - - 0 22	f2f7 g8h8 f7f8 c8f8 f1f8	1744	0i0y101316191f
QQOOT	1b3k1r/5ppp/3PQ3/p5q1/1p1P4/8/PP5P/2R1KR2 b - - 0 27	g5c1 e1e2 c1f1 e2f1 f7e6	1744	0g0p0r0t10
RO8g7	r7/3q2pk/p1R2bpp/3p4/P7/5PQ1/4r1PP/2R2N1K w - - 6 27	c6f6 g7f6 c1c7 a8a7 c7d7	1744	010d10191g1n
RV2C6	8/8/6p1/5p1p/7k/5K2/6PP/8 w - - 2 49	f3f4 g6g5 f4f5 g5g4 f5f4 g4g3 h2g3	1744	0p13171e1w1z
S7tDb	R7/pp1q1r2/3p2pk/3Pp3/4n1pp/4N3/PP4PK/2Q5 w - - 0 36	e3f5 h6h5 c1h6	1744	0k0m0p13151o
SGjpV	8/2p2p2/2p2k1p/1pP1p2P/1P2PpP1/5P1K/8/8 w - - 1 35	h3h4 f6g7 g4g5 g7h7 h4g4 h6g5 g4g5	1744	0g0p1e1w
Th5dg	Rr4k1/2R2pp1/2r1p2p/2np4/8/2PQB3/5PPP/6K1 b - - 0 29	b8a8 d3d1 c6c7	1744	010t0w191o
UVfP0	2r5/5k1p/r3b1p1/1pbp4/3B2P1/2P2B1P/4RP2/1K2R3 w - - 2 34	e2e6 a6e6 f3d5	1744	0b0g191g1o
Wwakp	8/8/8/8/p4RKP/4k3/6P1/6r1 b - - 0 46	g1g2 g4f5 g2f2 f4f2 e3f2 h4h5 a4a3 h5h6 a3a2 h6h7 a2a1q	1744	000g0p1g1h1m1w
XAy5l	2rr2k1/5qp1/pn2b2P/Np2p3/8/2bp4/PPP4Q/1K4RR w - - 0 26	g1g7 g8h8 g7f7	1744	010s191o
Xig2Q	1k6/7R/1p3R2/p7/5p2/4n2P/PP4PK/2r5 b - - 7 43	e3f1 h2g1 f1g3 g1f2 c1f1	1744	0j0k0p0u101316
YGjLj	rn2qb1r/1p4kp/2b2n2/7Q/p1B5/P1B1P3/3P1PPP/R3K2R w KQ - 2 19	h5g5 e8g6 c3f6	1744	1315191o
Ye0WZ	rr2q1k1/5p1p/4pBp1/p2pP3/2pPn2Q/2p1PR2/PP4PP/R5K1 w - - 0 22	h4h7 g8h7 f3h3 h7g8 h3h8	1744	050y101316191d1n
Ywpp7	8/1p1k1p2/1pp4p/2rp4/2PN4/P1P1N1KP/8/8 w - - 0 38	d4b3 c5c4 e3c4	1744	010p1o1t
ZKJ7V	r6r/1ppq1pk1/3p4/p1bPp1BQ/3nPP2/P2P4/1P4PP/R4R1K w - - 1 19	g5f6 g7f6 h5g5	1744	051315191n1o
ZpWir	r5rk/1p3p1p/pbb2PpQ/6PN/2q1NR2/4p2P/PPP5/6K1 w - - 0 28	h6g7 g8g7 f6g7 h8g8 e4f6	1744	000y101316191n
atdHM	2r2r1k/6pp/8/7Q/1p6/7R/PPPq2PP/1KR5 b - - 2 28	d2c2 c1c2 f8f1 h5d1 f1d1 c2c1 d1c1	1744	0p13171n1w
cQ4Ln	2k3r1/p7/2p2p1p/8/2PpQ3/5P1q/PP3K2/3R1R2 b - - 5 28	g8g2 f2e1 h3g3 f1f2 g3f2	1744	040p101316
d2bCn	3nN2r/1p2np1p/6pk/1pB2b2/7P/8/P1P1BPP1/b3K2R w K - 2 19	c5e3 g6g5 h4g5 h6g6 e2h5	1744	0k0m10131619
d8tKb	r2q2k1/pp3p1p/2p3pQ/3N1n2/3P2p1/4R2P/PPP2P2/6K1 w - - 3 27	e3e8 d8e8 d5f6 g8h8 h6h7	1744	0p0s1013161n
eGHfv	r5kr/ppp3p1/2nb4/3pq3/7p/2P1NQ1P/PP1P2P1/R1B2RK1 b - - 0 17	e5h2 g1f2 a8f8	1744	0g191g1o
f4zPo	8/8/4q3/7p/5ppk/3Q4/6PK/8 w - - 0 46	d3d8 e6e7 d8e7	1744	0p13151i1o
fLyso	rr4k1/2p2p1p/2Pp1qp1/4p3/4Pn2/2P1NN1b/PPQ2PP1/R3R1K1 b - - 1 21	f4g2 e3g2 f6f3	1744	010b0j191o
h47LS	3r1rk1/ppp2ppp/2nb4/8/2B4R/P1B2N1q/1PP2P2/R2Q2K1 b - - 3 19	d6h2 f3h2 d8d1 a1d1 h3h4	1744	0g0j0y1019
h80Ck	r3k2r/pp4p1/3qp1p1/5p2/2BP2Pb/2B5/PP3PP1/R2Q1RK1 b kq - 0 19	d6h2 g1h2 h4f2	1744	0i0j0k0y1315191f1n1o
hrhIZ	2rr4/p4ppp/1pnR4/8/5k2/5B2/PP3PPP/3R2K1 w - - 2 23	f3c6 d8d6 d1d6	1744	010p1o
iSV2R	7r/5pk1/3b2p1/1p1B4/p2PQ3/2q4P/P4PR1/4R2K b - - 3 38	c3h3 h1g1 h3h1	1744	1315191o
iqw8w	3k4/5p2/2pBp1p1/p2nP3/P1p4P/2P3P1/R2PK3/7r b - - 0 35	d5c3 d2c3 h1h2 e2e3 h2a2	1744	0g0p101n1p
mMFWo	r3kb1r/3nqpp1/1pn1p2p/pb1pP1NQ/2pP1P2/2P5/PPB3PP/R1B2RK1 w kq - 1 14	g5f7 e7f7 c2g6 f7g6 h5g6	1744	040g10191g1n
onJih	rn3r2/pp4kB/2p2qQ1/3pb3/6b1/P4NP1/1P1PPP2/R1B1K2R b KQ - 4 20	f6g6 h7g6 g4f3 e2f3 g7g6	1744	011019
oqgp2	5rk1/5p2/p3p1p1/3q2b1/3P2P1/2PQ1R2/r6P/5RK1 w - - 0 35	d3g6 f7g6 f3f8 g8h7 f1f7 h7h6 f8h8	1744	1317191n1w
p4ana	2k1r3/pppr2p1/2q2n1p/8/3pP2N/P5PP/1PPBQP2/2KR3R b - - 0 19	d4d3 e2d3 d7d3	1744	0g191g1o
pF9sg	r4rk1/ppq1bppp/5n2/3PR1B1/3Q4/8/PPP2PPP/2KR4 w - - 1 15	d5d6 c7d6 d4d6 e7d6 d1d6	1744	010s1019
ptNEn	6k1/2p1n2p/7Q/6P1/1q6/8/r4rPP/3R2K1 w - - 2 28	d1d8 g8f7 d8f8	1744	0p0x13151o
q5C6p	r1b5/pp4Bp/2pR4/6k1/1PP2R2/P5P1/7K/4qq2 w - - 0 32	g7h6 g5h5 f4h4	1744	1315191f1o
q69lo	r2qkbnr/pp2pppp/8/2P1n3/3QN1b1/5N2/PPP2PPP/R1B1KB1R b KQkq - 0 8	e5f3 g2f3 d8d4	1744	0g0w1c1o
qQPnI	r1b2r1k/2p3pp/2p5/p3Pp2/Pp3B2/1B1Pb2P/1PP1NqP1/R2Q3K w - - 1 17	f4g3 f2g3 e2g3	1744	0g191o1t
qh20E	8/8/6p1/R6p/6kr/P5q1/1K6/6Q1 w - - 10 55	a5g5 g4g5 g1g3	1744	050g0i0p1o
rTPVm	r2qk2r/1p3pbp/5np1/p3p3/4b3/PQN5/1P1B1PPP/R3K1NR w KQkq - 0 17	c3e4 f6e4 b3a4 b7b5 a4e4	1744	010s101c
rnAz8	r1bq1rk1/6p1/p3pp2/1pppn2B/8/2P1Pp2/PPQ2PP1/2KR3R w - - 0 19	c2h7 g8h7 h5f7	1744	0j0k0y1315191f1n1o
t3DjJ	r2qk2r/1Qpb1pp1/pb1p3p/1p1N4/3PP3/1P3N2/1P3PPP/R3K2R b KQkq - 6 17	a8a7 b7a7 b6a7	1744	01191o1t
tEl8o	r4bk1/pp1q1p2/6pp/2p5/4R2Q/1P1P2pP/PBn3B1/6K1 w - - 0 26	h4f6 c2d4 e4d4 c5d4 b2d4 d7d4 f6d4	1744	01191w
wfmzG	2r2rk1/Qq2bppp/p3p3/4N3/4b3/P7/1B3PPP/R2R2K1 w - - 4 25	a7b7 e4b7 d1d7	1744	01191o
ww2TC	1k1r3r/1ppb2pp/p1nq1n2/3Np1B1/2B1p3/8/PPP2PPP/R2QR1K1 w - - 0 17	d5f6 g7f6 d1d6 c7d6 g5f6	1744	010b0j1019
xMmsd	5k2/8/2q2pQ1/3p1p2/1p3P2/8/r1PR2PP/2K4R b - - 1 27	a2a1 c1b2 c6c3	1744	0p0x13151o
xebPj	8/4kp2/3R3p/5r2/K3N3/5pP1/8/8 b - - 0 50	f3f2 e4f2 e7d6	1744	000g0i0p1o
xy9bF	2r3k1/1p3p1p/pq1Pb1p1/2p1r3/P1Q1Nn2/3B3P/1P3PP1/R4RK1 w - - 1 21	e4f6 g8g7 c4f4	1744	0g0j191o
yHDNz	2k4r/2p1B2p/2P3p1/1B2b3/3Np3/5b2/PPR2qPP/3R3K b - - 2 23	f3g2	1744	0y1314191b
ydqWa	3R4/kpQ4p/pq6/6p1/4p1Pb/1P5P/P4r2/2R2N1K b - - 0 32	f2f1 c1f1 b6c7	1744	0g0i191o
znLGx	2r5/2Qbkppp/p7/8/5P2/7P/1PP3q1/2K3R1 w - - 0 25	c7e5 d7e6 g1g2	1744	0g0p0w1g1o
00VIe	8/8/8/P6p/8/2Rnk3/r7/3KN3 b - - 2 60	a2d2	1745	0p13141b1x
0FfVr	2b3qk/r3n1pp/pb2rp2/1p2p3/4P1Q1/P1R4P/BB3PP1/2R3K1 w - - 2 30	c3c8 e7c8 a2e6	1745	0g191g1o
0Qtji	2r1r1k1/p2n1ppp/1p6/3qp3/4N1Q1/3n2P1/PP2RP1P/R1B3K1 w - - 0 22	c1h6 g7g6 g4d7 d5d7 e4f6 g8h8 f6d7	1745	050g0s191g1n1w
0iFat	r3k2r/pbp1bpp1/3p1q1p/2p5/4P3/2NQ1N2/PPP2PPP/R4RK1 w kq - 2 12	d3b5 c7c6 b5b7	1745	0g0s191o
1fY5Q	4k2r/pp1b1pp1/4pq1p/4p3/2r1P1Bb/P1N1PQ2/1P4P1/R4RK1 w k - 2 18	f3e2 f6g5 e2c4	1745	01191o
2lPM6	5rk1/6p1/4p2p/P1pp4/7q/2N3b1/1PP1Rr1P/R5QK w - - 1 23	g1g3 f2f1 a1f1 f8f1 h1g2	1745	011019
2zcq6	2k3r1/ppp1qp1Q/2b1p3/4p3/2B1P3/P1NP2rP/1PP2R1K/R7 b - - 1 21	e7g5 h7g8 g5g8	1745	01191l1o
7kCpV	3rr1k1/1p3pp1/2P5/4P2p/p3n3/P7/BP2n1PP/1RB2R1K b - - 0 27	e4f2 f1f2 d8d1 f2f1 d1f1	1745	06101316191n
7nUmQ	7k/p5p1/2P4p/4p1qr/4P3/5PrP/P3QRP1/6RK b - - 0 34	h5h3 g2h3 g3g1 h1h2 g5g3	1745	0p1013161u
8ZmYQ	5Q2/pk5p/2p3p1/1p1pB3/1K1P4/2P5/P7/3q4 b - - 13 43	d1a4 b4c5 a4a3	1745	0p13151o
DQ8mu	8/p4rpk/5q1p/1p3n2/8/5P2/PPQ2P1P/3RR1K1 b - - 2 25	f6g6 g1h1 f5g3 h2g3 g6c2	1745	0g0j0p10
EqbOh	5rk1/p2b1pbp/3p1np1/3Pp3/n3P2P/PpPBBPN1/2rR2P1/1K2Q1NR b - - 0 21	a4c3 b1a1 b3b2	1745	001315191k1o
FIbw9	r6r/p5pp/1k6/8/2R2Nq1/1P2K3/PP3PPP/3R4 w - - 1 25	f4d5 b6b7 c4g4	1745	0g0j0p1o
FawJJ	3r4/8/6k1/8/P1P3P1/7K/3pr2P/1R1R4 b - - 0 58	d8d3 h3h4 e2h2	1745	0i0p13151m1o
GUpZf	7k/1Qp4p/7R/1K2p3/1P1q4/5P2/6r1/7R b - - 9 43	d4d3 b5a4 g2a2	1745	0p13151o
GgNRN	rnb1k2r/5p2/4p3/pPNp4/R2P3q/2PB4/3QKP2/4R3 b kq - 1 25	h4g4 f2f3 h8h2 e2d1 h2d2	1745	0d0g10191p
H8K9I	6k1/pp2rp1p/6pq/5P2/1P4K1/P5P1/2Q4P/R4R2 b - - 0 29	h6h5 g4f4 g6g5	1745	0p13151o
HUUjg	8/8/6K1/5Q1p/7P/8/3k4/6q1 w - - 2 59	f5g5 g1g5 g6g5 d2d3 g5h5	1745	0g0p101i
IR7VA	2k5/2p5/1p6/2n4P/5N2/p1P5/r5P1/5R1K w - - 0 40	h5h6 a2d2 h6h7 d2d8 f4g6	1745	00010h0p10
JSun7	4k2r/3b1ppp/p3p3/1p1pP3/1n1Q1P2/q7/P1r3PP/1KNRNB1R b k - 1 21	c2c1 d1c1 a3a2	1745	1315191k1o
JjXMZ	r4rk1/p4pp1/1p2p3/2pqn2Q/8/1P2P1N1/P4PPP/R4K1R w - - 7 21	a1d1 d5c6 h5e5	1745	01191o
Jswit	3k4/pp5R/2p2P2/8/7p/P6r/KP6/8 w - - 2 33	h7h8 d8d7 f6f7	1745	000g0p1m1o
Kwljq	2kr3r/pbpp1p2/2p1q2p/4PR2/4Q3/2NB4/PPP4P/5R1K b - - 2 22	c6c5 d3a6 e6a6	1745	01191g1l1o
LoGKe	r5k1/ppp1b1pp/n2p2r1/3Pp3/2P1Np2/5b2/PP2PP1K/R1BQR3 b - - 1 20	g6h6 h2g1 h6h1	1745	1315191d1o
LyGx0	r1q1k2r/1pp1bp2/p7/3QPbp1/2NP3p/7P/PP3PPB/R4RK1 b kq - 1 20	f5e6 d5e4 e6c4 d4d5 c4f1	1745	0110191p
Ox6uK	8/5Qpk/p4p1p/1p2pP2/4q3/1P5R/P1r3PK/8 w - - 12 40	h3h6 h7h6 f7g6	1745	050p13151g1n1o
PAYhR	4rr1k/p1q3pp/2p2n2/P4N2/1Q2p3/1P4P1/2P2P1P/R4RK1 b - - 0 24	f6d5 b4d6 f8f5 d6c7 d5c7	1745	010j1019
PxFv9	8/7k/p5p1/1P4Qp/6nP/8/1Pr5/7K b - - 0 42	g4f2 h1h2 f2e4 g5g2 c2g2	1745	0g0j0k0p0r1011
RDNsl	rnbq1rk1/ppp2ppp/3b4/8/2B5/5N2/PPP2RPP/RNBQ2K1 b - - 0 8	d6h2 g1h2 d8d1	1745	010j0y1c1o
SHDpD	8/4Q3/r1p1Rn1p/1p3kp1/p2q4/5P2/P5KP/8 w - - 12 32	e6f6 d4f6 e7e4	1745	0p13151n1o
So8wt	1r3r1k/p4ppp/4p3/3qP3/4NP1Q/3p1R1P/6PK/8 w - - 2 29	e4f6 h7h6 f6d5	1745	010p1o
TY3S3	2k4r/Q4ppr/1p2p3/3pB2b/3p4/1P1P4/P1P1BR2/7K b - - 0 30	h5f3 h1g1 h7h1	1745	0e0k0m1315191d1o
UH8ik	1r2r1k1/1P3pp1/7p/pQ3P2/P7/2Rnq1P1/6BP/2R4K b - - 7 38	d3f2 h1g1 f2h3 g1h1 e3g1 c1g1 h3f2	1745	0k0m1317191n1q1w
Uf1dL	8/p2q1k2/1p4pp/3rBp2/2Q5/4PP1P/6PK/8 w - - 1 44	e3e4 d7e6 c4d5 e6d5 e4d5	1745	010p101g
UlhhN	Q7/pppk1p1p/2q5/4R3/8/2PP1rPb/P1P2P1P/R5K1 b - - 0 21	f3g3 h2g3 c6g2	1745	0d0p0y13151n1o
VSrrn	2r2rk1/1p2bppp/pq2b3/3NPp2/5P2/PP3N1P/2P3P1/R2Q1R1K b - - 0 17	e6d5 d1d5 f8d8	1745	01191o
W28Ws	r2kr3/pBp3R1/3q4/8/3P2Rp/1QP2P2/P4P2/6K1 b - - 0 23	e8e1 g1g2 h4h3 g2h3 e1h1 h3g2 d6h2	1745	051317191w
XGXqO	2rq1rk1/4p2p/3p2pQ/3Pn2n/1p2PP2/8/1P2BP2/R2NK2R b KQ - 0 22	e5f7 h6h5 g6h5	1745	0g191o1t
XY9VF	2k5/1ppqb3/3p4/4p2n/P3P2P/3P1P1p/1PP1N1r1/R3QR1K b - - 4 25	g2e2 e1e2 h5g3 h1h2 g3e2	1745	050g0r0s10191n
Y90mi	r1bqk2r/1p1pnp1p/6p1/1p1Np1B1/3bP3/8/PPP2PPP/3R1RK1 w kq - 0 13	d5f6 e8f8 g5h6	1745	1315191o
YTfRg	r2q1rk1/pp4p1/4p2p/3pN3/7n/3Q3P/PP2NP2/R4RK1 b - - 2 20	d8g5 d3g3 g5e5 g3e5 h4f3 g1g2 f3e5	1745	01050s191n1w
Ye7ar	7r/4b1pp/1Q6/2p1k3/2B5/3Pq1P1/2P3KP/8 w - - 6 33	b6e6 e5d4 c2c3 d4c3 e6e3	1745	0g0i0p0s10
Zbi0J	r1bqk2r/ppp2p1p/6p1/4b3/2p5/1Q1BP1P1/PP1N1PP1/R3K2R w KQkq - 0 13	b3b5 e8f8 b5e5	1745	010s191o
bC2PY	8/1pq3k1/2p3p1/2Q2pNp/4b2P/6P1/PP6/2R3K1 b - - 0 32	c7g3 g1f1 e4d3	1745	070p13151o
cjlcG	5k2/1pp1qp2/7P/2r1b3/4Q2P/pP6/P3B1P1/3K3R b - - 2 35	c5c1 d1c1 e5b2 c1d2 e7e4	1745	050g0j0p0r101n
dFz3T	b3k2r/2q1bp2/2n1p1p1/1p1pPn2/3N1P1p/2P2N2/1PB3PP/2B1QRK1 b k - 0 18	c6d4 f3d4 f5d4 c3d4 c7c2	1745	0b0g1019
g3ALr	2r1k2r/pp3ppp/4pn2/2qpn3/8/P1B5/2Q1BPPP/2R2RK1 w k - 3 19	c2a4 e5c6 c3f6	1745	01191o
g8b1G	3r1r2/p3kp1p/1p1NpNp1/2p1P1P1/5n2/8/PP3K1P/3R4 w - - 0 28	d6c8 d8c8 d1d7	1745	0d0p0u13151n1o
jTobK	3Q4/pp3pk1/3p2p1/2pP2Bq/2P5/6K1/PP2r1PP/r7 w - - 0 27	g5f6 g7h7 d8h8	1745	0p13151o
kO4qh	2kr3r/1pp2ppp/B1P1p3/4N1q1/3P4/b3P3/PP4PP/R3K2R w KQ - 0 17	c6b7 c8b8 e5c6	1745	001315191k1o
kzlDC	3r1r2/5R2/p1p3pk/4P2p/5n1P/P1P5/2B5/2K3R1 w - - 1 37	f7f4 f8f4 g1g6	1745	0g0p1o
mQKo9	r1b3k1/1pp2qp1/p2b1pQ1/3ppP2/2nP4/P3P2R/1PP3PP/R1B3K1 w - - 1 23	h3h8 g8h8 g6f7	1745	010i0y191o
mkbNo	8/8/p7/1p2k1np/2pN4/2P3K1/PP3P2/8 w - - 2 38	f2f4 e5f6 f4g5	1745	0g0p0s0z1o
nCHDo	5rk1/2PQ1pp1/3P2np/p2B4/4P3/6PK/2q4P/8 w - - 0 30	d5f7 f8f7 c7c8q c2c8 d7c8	1745	000g0i0p0s101h
o17SZ	r5k1/1p3p1p/p1n1bqp1/2N5/4Q3/P2B1P2/1PP3PP/2K4R b - - 1 22	f6g5 c1b1 g5c5	1745	010s191o
obZ7z	r1b2r1k/1pp2p1p/p3pp2/4N3/1n5P/6R1/PPP1qPP1/2KR1B2 w - - 0 17	e5f7 f8f7 d1d8 f7f8 d8f8	1745	0y101316191n
qeQc3	4r2k/4r2P/b1p1p1Q1/1p4P1/p7/P5PR/3qnRKP/8 w - - 0 34	g6f6 e7g7 f6f8 e8f8 f2f8 g7g8 h7g8q	1745	000k0m0r1317191h1n1w
rLRI5	r2q2k1/5pp1/3bp2p/3p4/2rP4/2P3QP/3B1PP1/R3R1K1 w - - 4 32	a1a8 d8a8 g3d6	1745	01191g1o
rZnMU	8/8/6k1/4p1P1/2n1P2K/8/1p6/1N6 b - - 5 44	c4d6 h4g3 d6e4	1745	0g0p0z111o
rgZz6	2kr3r/ppp1bp1p/5p2/4n3/2Bq4/N4Q2/PP3PPP/3RR1K1 w - - 4 14	f3f5 c8b8 d1d4	1745	0g191o
s5JJm	r2q1rk1/pp1bbppp/2p2n2/6B1/3PN3/5Q2/PPP2PPP/R3KB1R b KQ - 3 11	f6e4 g5e7 d8e7	1745	0g1c1o
sQhpq	6k1/3p3p/4p3/1PP1Ppp1/2P5/3q2P1/2Q2P1P/2n2K2 w - - 1 34	c2d3 c1d3 c5c6 d7c6 b5c6 d3e5 c6c7	1745	000g0p1w
swMKo	r4rk1/p1p1q1pp/1bp2n2/4p2b/1P6/P1NQPNBP/2P2PP1/R3K2R b KQ - 2 15	e5e4 d3c4 h5f7 c4c6 e4f3	1745	010h0s1019
tuGVK	7r/5R1P/8/8/8/5p1K/4k3/8 w - - 2 67	h3g3 f3f2 f7f2	1745	0g0p1m1o
uQFSv	4r2k/pppq2p1/3p3p/2nQ4/2P2P1P/2N1r1R1/P1K3P1/3R4 w - - 0 28	g3e3 e8e3 d5c5	1745	01191o
vSmjh	2r1k2r/npq1bppp/p3p1n1/3pPb2/NP1P4/P3BN1P/4BPP1/R2Q1RK1 b k - 2 15	f5c2 d1d2 c2a4	1745	010v191o
w0kGA	5k2/p5p1/1pp4p/5p2/1bPBN1P1/1P3P1b/P6P/6K1 w - - 0 29	e4f2 f5g4 f3g4	1745	010p1o
wIF9O	r4rk1/p1n3p1/1p1p2qp/1PpPp3/2P1Pp2/P1Q2N1b/4BPP1/R3R1K1 w - - 0 20	f3h4 g6f6 c3h3	1745	010j191o
wTySW	rnb1k2r/pp3ppp/2p5/4p3/1b1Pn2q/2NQ2N1/PPP3PP/R1B1KB1R w KQkq - 0 9	d3e4 h4e4 g3e4 e5d4 a2a3	1745	01101c1g
zaUzF	r4rk1/1p2bppp/1q4P1/2BRPQ1P/8/Pp6/BPP5/2K4R b - - 0 26	b3a2 c5b6 a2a1q c1d2 a1h1	1745	000g10191h1p
zweyW	r4rk1/1pp2p2/3p3R/pP3Pq1/P1BPp3/1QP2nP1/4KP2/8 w - - 1 26	h6g6 g5g6 f5g6	1745	010y191g1o
26jgX	3qrk2/p1r2ppp/1p1p1b2/3Pn3/1P2P1N1/P5QP/1B3PP1/R3R1K1 b - - 8 26	e5g4 b2f6 g4f6	1746	01191o
40kHS	3r4/p7/3Pkp2/4n1p1/4K3/P3B1P1/5P2/3R4 b - - 0 33	f6f5 e4d4 d8d6 d4c3 d6d1	1746	0g0p0v0w101p
54HMB	b5k1/5pp1/1rp1p2p/3pP3/1N1P3P/r2B1N2/5PP1/1R4K1 b - - 0 31	a3d3 b4d3 b6b1	1746	010b191o
5a9Lh	8/p5pk/7p/2P5/4p3/1P1q3P/P5P1/2Q4K b - - 2 33	e4e3 h1g1 e3e2 g1f2 d3d1 c1c3 d1f1	1746	000g0p1i1w
5akHW	2b3k1/pp4p1/1n3q1p/3p1p1B/3P1b2/1P4N1/P4BPP/4Q1K1 w - - 0 27	e1e8 g8h7 h5f7 f6f7 e8f7	1746	0g0y1019
7ITbP	5rk1/p1Q2pb1/1p4pp/8/2P1N2q/3rPB2/PP3P2/3RK1R1 b - - 2 20	d3e3 e1f1 e3f3	1746	0g191g1o
8Nb9R	r2qkb1r/1bpnn3/p3p1Np/1p1p3Q/PP1P1P1P/2P1P3/6BR/RNB1K3 b Qkq - 0 16	d7f6 h5e2 e7g6	1746	01191o
8TbqJ	r1b1n1kr/pppp1pp1/2nP2p1/8/8/5N2/P2B1PPP/qN2R1K1 w - - 0 16	e1e8 g8h7 f3g5 h7h6 e8h8	1746	0i0y10131619
8ZLWT	4r3/7k/6pp/6P1/2K1pR1P/2B1Pn2/8/8 w - - 2 41	f4f7 h7g8 f7g7 g8f8 g5h6	1746	0g0p10
9HDs0	2krr3/1q3pp1/p4b1p/1pp2P2/4N2P/8/PPP1Q3/2KR2R1 w - - 1 27	e4d6 d8d6 e2e8	1746	0g0i0j0s191o
9lJY3	rn1qkb1r/ppp2ppp/8/3P4/4bP2/3B4/PPP3PP/R1BQK1NR b KQkq - 1 8	e4g2 d1e2 d8e7	1746	0g1c1g1o
AaS51	1R2R3/5pk1/p5p1/5r1n/6KP/1P6/8/8 b - - 8 43	h5f6 g4h3 f6e8	1746	0g0p0s111o
AkPt3	r3r3/4p1k1/3p1pp1/1pnP4/1qPQ4/1p6/P5PP/3BRR1K w - - 0 26	e1e7 e8e7 d4f6 g7g8 f6e7	1746	01050s10191n
B0rqa	r1bqr1k1/p2p1pb1/1p2p3/2p3NQ/2P1Pn2/2P5/PP4PP/RN2K2R w KQ - 0 21	h5f7 g8h8 f7f4	1746	010s191o
B6ZNh	1r4k1/1ppb2p1/p4q1p/4p3/2P5/2NPQ1PP/PP4K1/5R2 b - - 2 24	d7h3 g2h3 f6f1	1746	050g0i0p1o
C6woO	r5nr/ppp3q1/1k1p4/3B4/4P2p/2N2NPb/P4P1P/2R3K1 w - - 0 23	c1b1 b6a5 b1b5 a5a6 d5b7	1746	0r10131619
GLnCF	3r2k1/5pp1/p7/1p2p1Q1/1PqP4/P5P1/3R1P1P/6K1 b - - 0 31	c4c1 g1g2 d8d4 d2d4 c1g5	1746	010p10
GczzS	8/7P/8/6B1/5pB1/5Pb1/4bk2/7K b - - 0 77	e2f1 g4h3 f1h3 h7h8q h3g2	1746	080p1013161l
HiGZT	2rr2kb/2q2p2/p3p1p1/1p1p4/3BP1n1/PPN3Q1/2P1N1P1/3R1R1K b - - 1 24	c7g3 e2g3 h8d4 d1d4 c8c3	1746	0b0g101119
HpZln	rn1qkb1r/p4ppp/bp2pn2/3p4/3P4/3BPN2/PP3PPP/RNBQ1RK1 w kq - 0 8	d3a6 b8a6 d1a4 d8d7 a4a6	1746	010s101c
I9jql	7k/6p1/6n1/p5Qp/1r1Bp1q1/4P1P1/5PKP/8 w - - 2 35	g5h6 h8g8 h6g7	1746	0p13151g1o
IZJE9	8/5k2/5P2/1K4B1/p1p5/3p4/PP6/8 b - - 0 51	a4a3 b2a3 c4c3 b5c4 d3d2 c4c3 d2d1q	1746	00080g0p1h1w
Im2Qb	4br2/6bk/1p3p2/pP1PpR1p/P1q3rP/5N1K/2Q5/5R2 w - - 4 46	f5h5 h7g8 c2h7 g8f7 f3e5	1746	0g0k0m0r10191g
LUA71	6k1/4pp2/b2p4/3Pb1P1/2q1PB1p/5Q1P/P5PK/2N5 b - - 2 31	c4c1 f4e5 d6e5	1746	010p1g1o
LWFjc	2r1r1k1/Rpq2pbp/3Qp1p1/2n5/1N2P3/1PP1BP2/1P4PP/3R2K1 b - - 0 20	e8d8 d6c7 d8d1 g1f2 c8c7	1746	010w10191n1p
LvCSN	r1b2r2/4ppkp/2np1nP1/8/1p1PP1P1/qp2QP2/PpP1N3/1K1R1B1R w - - 0 20	e3h6 g7g8 g6h7 g8h8 h6f8 f6g8 h7g8q	1746	000k0m1317191h1w
MT471	4r2k/RppQ2pp/3p2q1/1P1P3n/2PN1p2/7P/1P3PP1/6K1 b - - 0 24	e8e1 g1h2 g6g3 f2g3 f4g3	1746	0p0y1013161n
MW9uV	r2k4/pp4pB/1b2Q3/n1p5/8/7P/P4PP1/qN4K1 w - - 1 22	e6d6 d8e8 h7g6	1746	071315191o
MbW0v	7k/4Np1p/p5p1/2p5/3b1QK1/1Pq4P/P1P5/3B3R b - - 0 27	h7h5 g4h4 d4f6 f4f6 c3f6	1746	010p0s10
Mcs4I	8/p2QBk1p/1p2r3/4b3/3P2q1/2P3NR/PP4PK/8 b - - 0 33	e5g3 h3g3 e6h6 h2g1 g4d7	1746	0g0j1019
Qx72y	r4r2/1p3p1k/p2p3p/3Pp3/PP2Pnp1/2K1Q1N1/7q/RB3R2 b - - 4 30	h2g3 e3g3 f4e2 c3d2 e2g3	1746	050g0s10191n
R8T4o	r7/1p2pR2/p2pP1pk/2p1P2n/1qP1N2P/4b3/PP4Q1/7K w - - 1 28	g2g5 e3g5 h4g5	1746	1315191n1o
RGnb9	1r2rk2/2b2ppp/4q3/1p1R4/pP1p1PP1/P2P3P/Q2BP3/4RK2 b - - 0 27	b8d8 d5d8 e6a2	1746	0g191o
RNXJu	r4rk1/p3bppp/2pp4/Nq2p3/Q3n3/1PP5/P4PPP/R1B2RK1 w - - 2 15	a5c6 b5a4 c6e7 g8h8 b3a4	1746	0110191n
Rtucl	4r3/p4k2/npp3n1/6R1/4N2p/7P/PPP2PP1/1K6 w - - 2 28	e4d6 f7f6 g5g6 f6g6 d6e8	1746	010p0r0s10
S3EW6	r1b2rk1/pp3ppp/8/1Np5/5Qnq/1BP5/PP3PP1/R3RK2 w - - 1 19	f4f7 f8f7 e1e8	1746	0y1315191g1n1o
Sop7p	r4rk1/ppp3pp/8/3bq1R1/3pp3/3P1Q2/PPP2PP1/R5K1 w - - 0 21	f3f8 g8f8 g5e5	1746	010y191o
TCtQZ	3rr1k1/5ppp/p7/Q3R3/8/P1B2bP1/5qBP/6RK b - - 1 33	f3g2 g1g2 d8d1	1746	0g191o
TmN48	r3r2k/1p3Bpp/5n2/p1B1Nb2/3P4/4P3/4KPqP/1R1Q3R b - - 2 18	e8e5 d4e5 f5g4	1746	0g191n1o
V2U8q	r7/4n3/2p1Pk1p/pb1p1p2/3P1N2/4Q1P1/PPPK1P1P/5q2 w - - 3 34	e3e5 f6g5 e5g7 e7g6 g7g6	1746	0p0s101316
W4yUy	1k4r1/pp2b2p/2p5/2PrP3/1P2QBq1/5p2/P4P1P/R5RK b - - 3 29	g4g1 a1g1 g8g1 h1g1 d5d1 e4e1 d1e1	1746	050y1317191n1w
WEphy	rn1qk2r/pbp2ppp/1p3n2/3P4/1bB5/2N2N2/PP3PPP/R1BQK2R w KQkq - 1 10	d1a4 b8d7 a4b4 d8e7 b4e7	1746	0g0s101c
WOIhh	5rk1/ppp3p1/2p2p1Q/5P1n/2P1P2q/3P3P/PBP2P1K/6R1 b - - 0 22	h4f2 g1g2 f2g2 h2g2 g7h6	1746	0g0p10
X2UVB	6R1/7p/7k/5r2/8/1B2NpbP/PPP1n1P1/7K b - - 0 30	f3g2 h1g2 f5f2 g2h1 f2h2	1746	00050p1013161d
X5AFV	r3r1k1/ppp2ppp/8/3p4/1P1Nn3/P1NKPP2/2Q2qPP/R6R b - - 4 17	e4c5 b4c5 f2e3	1746	1315191n1o
Xkr5I	r1bq1b1r/pp2k3/1nn1p1Q1/3pP1p1/3P4/5N2/PP3PPP/R1B1K2R w KQ - 3 14	c1g5 e7d7 g5d8	1746	0g11191o1p
Xod7N	5r1k/1p5p/p5p1/2nrqp2/2QB2P1/P6P/1P6/7K w - - 0 41	c4d5 e5d4 d5d4	1746	010p1g1o
Y6fa8	6k1/pp3pbp/6p1/2n5/3p4/3P1N2/PPr2PPP/1RB2K2 w - - 2 20	f3e1 c2c1 b1c1	1746	010p1o1t
Y7MFE	5rk1/4qppn/p1rnp2p/1p1p2P1/7B/2PQ1P2/PP2N2P/R3K2R w KQ - 1 23	d3h7 g8h7 g5g6	1746	01050y191n1o
Yslmh	r3k2r/pp2pp2/2pb1np1/5b2/2B2P1p/2N1B2P/PPP2KP1/3RR3 w kq - 2 17	d1d6 e7d6 e3d4 e8d7 d4f6	1746	010j0k1011191n
ZFhep	r2q1rk1/4bp2/p2p3p/np2P3/2p5/P4P1P/BPPQ1P2/R3K2R w KQ - 0 18	d2h6 e7g5 h1g1	1746	01191g1o
ZPDjk	1r5k/3rQ2p/pnq5/2pp4/P7/1P6/2PB2PP/1R5K w - - 1 29	e7e5 d7g7 e5b8	1746	010s191o
ZrsU2	rn1q2k1/1b4pp/p3p2r/1p2Np2/2pP4/2P1NPKP/PPB1QR2/R7 b - - 0 24	d8h4 g3g2 h4h3 g2g1 h3h1	1746	10131619
aD9Z6	r4rk1/1p3p1p/p2p2p1/P1pNb1q1/2P5/3Q3P/1PP2P2/1R3R1K w - - 4 24	f2f4 g5h4 f4e5	1746	010s191o
bBfBu	8/1r2p2p/1P1pp1p1/p1r5/2k1P3/PRp2PP1/2P3KP/1R6 w - - 3 34	b3b4 a5b4 b1b4	1746	0p0q13151m1n1o
cw33y	8/8/p7/1p4kp/1P3p2/P1p2KP1/2B4p/8 w - - 0 47	g3f4 g5h4 f3g2 h4g4 f4f5 h2h1q g2h1	1746	080g0p1l1w
dJxAY	2k3r1/5p1p/2p1rp1b/1p1p1b2/3P4/2P3P1/PPBN1P1P/R2KR3 b - - 4 21	e6e1 d1e1 f5c2	1746	01191o
dWHSZ	r3kb1r/ppp1pppp/8/5b2/3N4/1P6/P1nPBPPP/R1B1K2R w KQkq - 0 11	d4c2 f5c2 d2d3	1746	010h191o
epcBp	8/5Rpp/kp6/2n5/2Q5/6P1/Pqp3KP/8 b - - 2 34	b6b5 c4c5 c2c1q	1746	000g0h0j0k0p1h1o
f2up9	r3kb1r/pppbqRpp/2n5/1B1QN3/8/8/PPP3PP/R1B3K1 b kq - 0 12	e7c5 d5c5 f8c5 g1h1 c6e5	1746	0g1019
fFjpO	r2qr3/p4kp1/b1p2n1p/8/1Pn2b2/1BPQB3/P4PPP/RN2K2R w KQ - 3 18	b3c4 a6c4 d3c4 f6d5 e1g1	1746	010c0h0s1019
firr1	5rk1/1r1pnppp/1p3q2/p1N5/4P3/1Q3P2/PPP3PP/2KR3R b - - 0 17	f6g5 c1b1 g5c5	1746	010s191o
fk1rI	r3r1k1/p3qpb1/b7/2p2QN1/2P1pP2/8/PP4P1/2K2B1R w - - 0 21	h1h8 g7h8 f5h7 g8f8 h7h8	1746	0i0y101316191n
gt1ab	2B1k3/ppr2p2/3p2p1/4p3/4P3/3P2qQ/PPpK4/R6R b - - 1 28	g3f2 d2c1 f2f4 h3e3 f4e3	1746	0p101316
hU4dH	6k1/6pp/2p1p3/2PpBp2/3Pn3/4PQ1P/rq3PPK/5R2 b - - 5 31	e4d2 f3e2 d2f1	1746	0g0p0s1o
hv8vB	8/4b1p1/2p1k2p/8/2P1N1P1/p4P2/Pr1RK1P1/8 b - - 4 37	e7b4 e2d3 b4d2	1746	0g0p111o
iAvbe	6k1/3qp1b1/p5R1/5n1p/1P2pP2/4r2P/P1rBQ3/1N4RK w - - 0 36	g6g7 f5g7 e2e3	1746	0g0i11191o
iV0PM	r3k1r1/2p2p2/p1p5/2PP2q1/4P1Qp/4b2P/PP4PK/RN3R2 b q - 0 22	g5e5 h2h1 g8g4	1746	0g0j191o
iX7Tq	r1bqkb1r/pp1n1ppp/2p2n2/4B3/8/3BPN2/PPP2PPP/RN1QK2R b KQkq - 0 7	d7e5 f3e5 d8a5 b1d2 a5e5	1746	010s101c
iXNre	7k/pp4bp/4bpp1/1Nq1p3/8/1P3N2/PQ3PPP/2n2R1K b - - 1 27	c1d3 b2d2 c5b5	1746	01191o
ia7td	5r1k/pp4pp/8/8/8/2P3qQ/PP1p2P1/R2B2K1 b - - 1 28	f8f1 g1f1 g3e1	1746	050p13151n1o
im1Zs	2b1rrk1/6b1/pp1p1q1p/2pPn1p1/P1P1PpN1/1P3B1P/1B2Q1P1/4RRK1 b - - 9 27	e5f3 g2f3 f6b2	1746	0g0j11191o
jBtCc	6k1/p4p2/1bp5/2n1r2p/7B/4RK2/PPP3P1/R7 b - - 3 24	e5e3 f3e3 c5b3 e3d3 b3a1	1746	010j0k0p0r10
jhfUu	8/5k2/4p2p/3n1p2/5K2/4N2P/6P1/8 w - - 1 42	e3d5 e6d5 f4f5 f7g7 f5e5	1746	0g0p0z10
ke9ga	4kb1r/4nppp/p1q5/4p3/P1N1r3/1P2Q3/2P2PPP/R4RK1 w k - 2 19	e3e4 c6e4 c4d6 e8d7 d6e4	1746	050g0s10191n
keKdk	8/8/p5pp/3kPp2/P4K1P/8/6P1/8 w - - 1 46	h4h5 g6h5 f4f5	1746	0g0i0p1e1o
lN51Y	r2q2k1/2p1n1pp/1p6/p2pNr2/3Q4/P1P1P2P/1P3PP1/R4K1R b - - 2 18	c7c5 d4d2 f5e5	1746	01191o
lkzc1	2r5/5pk1/6p1/7p/3n4/8/RPPR4/K7 b - - 2 39	d4b3 a1b1 b3d2	1746	0g0p1o
lt2in	r1bq1bk1/pp3rnR/4p1QB/4n1N1/3p4/P1N5/1P3PP1/R3K3 w Q - 7 19	h7h8 g8h8 g6h7	1746	050y111315191n1o
mfQGj	2R5/k5p1/1p1N3p/p2p4/4b1P1/7P/PP1r1r2/2R3K1 w - - 2 32	c1c7 a7a6 c8a8	1746	020p13151o
qAMP4	4r1k1/pp2rb1p/2pq2pb/3p4/1P1NpP2/P1P3Q1/2B1R1PP/5RK1 w - - 5 34	d4f5 d6f6 f5h6	1746	0g0y191g1o
qQ297	r5k1/ppp3pp/2nnp2r/5q2/P2p3Q/1B1P3P/1B3PP1/4RRK1 w - - 2 23	h4h6 g7h6 b3e6	1746	010b0y191n1o
rIq3Q	r3k2r/ppp2pp1/1b3q2/4p3/8/P1PP4/1P3PB1/RNBQ1RK1 b kq - 0 14	f6h4 d1a4 h4a4	1746	0g191o
rpIUe	4R1rk/5R1p/4Q1pq/3p4/3P1p1r/5P2/1PP3P1/6K1 b - - 11 40	h4h1 g1f2 h6h4 f2e2 h1e1	1746	0g0p10
tMp4W	r4rk1/5pp1/bpq2b1p/p2pB2Q/Pn1P1P2/2N3P1/1P5P/RB2R1K1 w - - 0 22	h5f5 g7g6 f5f6 c6f6 e5f6	1746	011019
vGJhL	2r1r1k1/pb3pp1/1pq3p1/3p4/2P3P1/3B3R/PB3P1P/2Q3K1 w - - 0 27	h3h8 g8h8 c1h6 h8g8 h6g7	1746	050y101316191g1n
vrYrc	8/8/2p3p1/2k3P1/p6P/2PK4/8/8 w - - 0 37	h4h5 a4a3 d3c2 a3a2 c2b2 g6h5 g5g6	1746	0g0p1e1w
x9VmJ	3q2r1/p3Nppk/1p1n4/2r3Q1/8/8/P4PPP/4R1K1 w - - 0 25	g5h4 c5h5 h4h5	1746	02111315191o
xTBTO	r2q1r2/4npbk/p2p2pp/1p1bP3/3P3B/P1R2N2/1P3PPP/3QR1K1 w - - 0 19	e5d6 d8d6 h4e7	1746	01191o
y0Eqz	r3k2r/1p1nnppp/p2qp3/3p4/Q2P4/2NBPP2/PP3P1P/2R1K2R w Kkq - 1 13	c3b5 d6b8 b5c7	1746	0111191o
yMH0c	r5k1/1p3pp1/r6p/q2pR2P/1p1P4/1P4P1/1BQ2P2/1K2R3 b - - 10 37	a5a1 b2a1 a6a1 b1b2 a8a2	1746	090r101316191k1n
yuvrj	r2qrbk1/pp4pp/8/3p1NN1/4nPP1/1PQ5/PBP4P/R4K2 w - - 1 20	f5h6 g7h6 c3h8	1746	0y1315191n1o
zmdcY	2rqr1k1/1p3ppp/p2p4/3Nn1b1/P3PB2/1P6/1P4PP/2RQ1R1K w - - 3 18	c1c8 d8c8 f4g5	1746	01191o
zrvGw	5rk1/R5pp/Bp1r4/3p4/1N1Pn3/1P2PP1P/PB1n1P2/2R3K1 b - - 0 25	d6g6 g1h2 d2f3 h2h1 e4f2	1746	0f0w0y10131619
1zOqc	r3kbnr/pbpp2pp/np2p3/5P2/2PP2q1/P1NB1N2/1P3PPP/R1BQK2R b KQkq - 0 8	g4g2 h1g1 g2f3 d1f3 b7f3	1747	01101c
2mZfb	rn1qk2r/pp2ppb1/5np1/4p2p/6b1/1NN1BBP1/PPP2P1P/R2QK2R w KQkq - 0 12	d1d8 e8d8 f3b7	1747	0g1c1o
3Juxd	r2qkbr1/1bp5/pp1p1npp/5p2/5P2/3P2QP/PPPBB1P1/RN2R1K1 w q - 2 15	e2f3 e8f7 f3b7	1747	0g0j0k1c1o
3rCKJ	8/6K1/7P/pp3b2/5P2/k7/6P1/8 w - - 2 48	g2g4 f5d3 f4f5	1747	080g0h0p1o
4ukmY	2r2r2/p1p2ppk/1p2p1np/2Nq4/2PP4/1P2Q1R1/P4PPP/3R2K1 b - - 0 24	d5h5 e3f3 h5f3 g3f3 b6c5	1747	011019
6M5Ii	r6r/3nk1pp/4p3/1P3p2/1N3q2/8/4Q1Pb/1R1R3K w - - 2 27	b4d5 e7f7 d5f4	1747	0g191g1o
6UiAu	5r1k/pp4bp/1q1p2p1/2N1P1p1/2Q4P/8/PPP5/1K1R4 w - - 2 25	c5d7 b6c6 c4c6	1747	010p0s1o
7ZWRa	2b1r1k1/p4ppp/1p1Bp3/q2pP3/8/1R4P1/P3QP1P/6K1 w - - 0 25	b3a3 c8a6 e2a6 a5a6 a3a6	1747	010p101y
9SuRO	r4rk1/1b2bppp/p5q1/Q2pB3/2pP4/1pN1P2P/1P3PP1/R1R3K1 w - - 4 26	a5c7 b7c6 c7e7	1747	010s191o
B9VS2	2r1kr2/3R3Q/p1B3p1/4p1q1/8/1P6/P1p2PPP/2K5 w - - 1 29	d7d2 c8c6 h7d7	1747	0d0j0k0p13151n1o
BK5NK	8/8/5k2/5P1p/4K1p1/8/7P/8 w - - 1 64	e4f4 h5h4 f4g4 h4h3 g4f4	1747	0g0h0p101e1z
CN48Y	8/6kp/5p2/8/2Pqr1P1/1P5Q/5RK1/8 b - - 4 43	e4g4 g2h1 g4h4 h3h4 d4h4	1747	0g0p101g
DSjVr	1k6/1pr5/Q2Np1qp/6p1/4P3/4n2N/P5PP/1R4K1 b - - 2 33	c7c1 b1c1 b7a6	1747	01191o
Dp0lS	3rk2r/p4ppp/2p5/1p2P2b/8/2P1p3/PPB1NnPP/R1B1KR2 b Qk - 3 19	d8d1 c2d1 f2d3	1747	1315191n1o
ELFDl	r4k2/1R4p1/p3P2p/3N1np1/8/8/P5KP/8 w - - 3 46	b7f7 f8g8 f7f5	1747	0g0p0s1o
EZib5	2k2b1r/p1p1q3/1p1p1p2/1P1Q1b2/P1N2Pp1/6Pp/7P/R3NnK1 w - - 0 30	d5f5 c8b8 g1f1	1747	0g0t0w191o
Eedfs	4r1k1/2Q2ppp/8/1P6/3b4/1P3q2/1P3P1P/2B2RK1 b - - 0 21	d4f2 f1f2 e8e1 f2f1 f3f1	1747	0p1013161n
GgIhx	8/8/1n1p2p1/p1k1p3/P3P1KP/2N5/8/8 w - - 12 54	g4g5 c5d4 g5g6 d4c3 h4h5	1747	010h0p0z101n
GhpiC	8/p2r1pk1/1p2p1p1/2q5/2P2QNP/1P6/P4P2/6K1 w - - 0 31	f4h6 g7g8 g4f6	1747	0p13151o
HfswD	8/3R4/3p4/Bpk1p3/p3Pb2/P2P4/1r6/3K4 w - - 0 33	d7c7 c5d4 a5c3 d4d3 c3b2	1747	010p0s10
IG5rN	8/4P3/3K3R/7b/8/1p5k/1B6/2q3r1 w - - 0 56	h6h5 h3g4 b2c1 g4h5 e7e8q	1747	000g0p0t101h
J0vwZ	4r3/2p2pk1/p1b2q1p/1p2n3/5PpP/1B1r2Q1/P2N2P1/3R1RK1 w - - 1 30	f4e5 f6f1 d2f1 d3g3 f1g3	1747	011019
J9jY2	6r1/ppp1bk1p/3q1n2/5P2/2Pnp2Q/2N5/P1PP2PP/R1B2RK1 b - - 2 17	d4f3 f1f3 e4f3	1747	0g0y191g1o
LgkFL	2kr1bnr/1pp1ppp1/p6p/3n1q2/8/2N2N2/PPP1RPPP/R1BQ2K1 w - - 0 13	e2e5 d5c3 d1d8 c8d8 e5f5	1747	01101c
LoJYY	r2qk1nr/4ppbp/p1np2p1/1N1P4/B3P3/5P2/PP3P1P/R1BQK2R b KQkq - 0 11	a6b5 a4b5 d8a5 c1d2 a5b5	1747	010s101c
M2BQJ	1Rr3k1/5pp1/1Q2b2p/1p1p4/pPr2P2/P3P3/4q1PP/1B3RK1 w - - 0 27	b6d8 c8d8 b8d8	1747	0y1315191f1n1o1y
MC2w8	8/8/5p1p/p2k4/1pp2PPP/P3K3/1P6/8 b - - 0 37	c4c3 e3d3 c3b2 d3c2 b4a3	1747	000b0g0p101e
OGxRT	r3k2r/1p2ppbp/pq4p1/2pPn2b/2B5/2N2N1P/PP2QPP1/1R2R1K1 w kq - 0 17	g2g4 e5f3 e2f3	1747	01191o
PAkRo	1r2nrk1/p1p2qpp/2pb1p2/8/3Q3B/2N4P/PPP2PP1/1R3RK1 b - - 3 17	b8b4 d4a7 b4h4	1747	01191o1p
PKd4o	6k1/1p1q1p1p/p2p2p1/1r5r/1P1QPP2/8/P1P2P1P/R5RK b - - 2 25	h5h2 h1h2 b5h5 h2g2 d7h3	1747	050n0p0y1013161n
QnKEU	3r3k/5pnp/p1q3p1/3N4/3R4/1P3PP1/3Q2KP/8 b - - 0 30	g7f5 d4d3 d8d5 d3d5 c6d5 d2d5 f5e3 g2f2 e3d5	1747	050g0p0s111n1w
RgZuG	r6r/p3pp1p/2p3p1/k7/N1KR1B2/8/PPP3q1/R7 w - - 5 23	f4c7 a5a4 c4c5	1747	0j0k1315191f1n1o
RobkG	5rk1/p5p1/4p2p/1p1nNn2/3qN1R1/7P/PP1Q1PP1/6K1 w - - 0 27	e4f6 f8f6 g4d4	1747	0g0j191g1o
S4IAd	6k1/5p2/p1p3p1/4N2p/P1R1P2P/6P1/1r3PK1/3n4 b - - 6 41	d1e3 g2f3 e3c4	1747	0g0p1g1o
Tejxp	8/1p5k/p5n1/3R3p/6rP/1PP3P1/P4K2/8 w - - 2 42	d5h5 h7g7 f2f3	1747	0g0p1o
U7Yi3	8/Q4pk1/4p1pp/4P1R1/2r5/5RKP/bP1B1PP1/1q5r b - - 1 33	h1h3 g3h3 b1h1 h3g3 h1h4	1747	05101316191n
UCUU0	6k1/2p2p1p/p5pb/4P3/P1Q5/2P1P1P1/1r2RKBP/2q5 b - - 0 31	c1e3 f2f1 b2b1 e2e1 e3e1	1747	0p1013161g
VMtCQ	r1b3k1/pp4rn/8/3P2q1/3pQ3/P2Pb3/1PP3PP/RN3R1K w - - 6 19	e4e8 h7f8 f1f8 g8h7 f8h8	1747	0r0y10131619
WL36o	4K3/8/3n1kpP/4N3/8/8/8/8 w - - 6 54	e8f8 f6e5 h6h7	1747	000g0h0p0z1n1o
WdZIP	rnbqk2r/pp3p1n/2p1pb1Q/8/3P4/2N1B2P/PPP3P1/2KR1BNR b kq - 0 11	h7g5 h6h8 f6h8	1747	011c1o1t
Wp3xm	2b1Qnk1/p5pp/1pPb4/1P4q1/3P4/7P/P5P1/5RK1 w - - 3 30	e8f7 g8h8 f7f8 d6f8 f1f8	1747	060i0p1013161n
YM4bS	r2q3r/ppp1bkpp/3p1n2/4n3/4P1b1/3P1N2/PPP3PP/RNBQ1RK1 w - - 0 9	f3e5 d6e5 d1g4	1747	010j191g1o
YXEVh	r1b2rk1/2p2pp1/p2p1q1p/1p1Bp3/4P3/P1PPb3/3Q1PPP/R4RK1 w - - 0 17	f2e3 f6d8 d5a8	1747	0g191o
ZWWMc	3q1rk1/3n1p2/p7/3pPP1Q/2pP4/Pr2b3/1P2N2P/R4RK1 w - - 3 26	g1h1 d8g5 f1g1	1747	0d0g0h191g1o
Zu02Y	rnbqk2r/1p3ppp/3p4/p1pP4/4n3/2B2N2/PP3PPP/R2QKB1R w KQkq - 0 10	d1a4 c8d7 a4e4	1747	0g0s1c1o
bupGg	r1br1nk1/ppb2pp1/2p1pq1p/2P1N3/1P1PQ3/3B4/P4PPP/R1B2RK1 b - - 2 14	d8d4 e4d4 c7e5	1747	0g191o
c0tyU	2r2r2/p6R/kp3B2/5PP1/2n1RNP1/8/PP6/1K6 b - - 0 30	c4d2 b1a1 c8c1	1747	060s1315191o
cOu5Y	1rr3k1/p3ppbp/Q3b1p1/2n1q3/2p2P2/2N1B3/PP1RB1PP/5RK1 w - - 1 19	a6c8 b8c8 f4e5	1747	0g191o
ckrhX	8/6pp/5p2/3K1PPP/4p3/3k4/8/8 w - - 0 52	h5h6 e4e3 h6g7	1747	000g0p1e1o
dIRTj	4Q3/p7/1p5q/5K2/P1k4P/8/8/8 w - - 1 49	e8e6 h6e6 f5e6	1747	0g0p1i1o
dSAhg	r4rk1/ppp2p1p/6p1/2bq4/5P1Q/2B5/PPP3PP/5R1K w - - 0 20	h4f6 d5d4 c3d4	1747	01191o
e2xJ5	2kr2r1/ppp2p1p/2n1pq2/5b2/1P1P1Q2/2P1PN2/P2NR1PP/R5K1 b - - 2 18	g8g4 f4g4 f5g4	1747	01191o1t
ekU1j	2rqk2r/pp3p1p/2b2p2/2Q5/8/5N2/PP3PPP/3RKB1R b Kk - 2 16	d8d1 e1d1 c6f3 d1d2 c8c5	1747	050g0j1019
f7K8Q	2rr2k1/5ppp/Qq2pn2/2Nn4/1P1P4/P6P/4NPP1/R1R3K1 b - - 0 22	c8c5 a6b6 c5c1 a1c1 d5b6	1747	011019
fb5hO	3r2k1/p3bpp1/2Pp3p/qr2p3/8/8/P2Q1PPP/1R1R2K1 w - - 0 26	d2a5 b5a5 c6c7	1747	0001191o
fk6fe	8/3r2k1/2B2pp1/1p5p/3n4/2R3P1/P4P1P/5K2 b - - 1 43	d7c7 c3d3 d4c6	1747	010p111o
gJoI0	3k4/2p5/4p1pR/3n4/3bN1P1/1Pp2P2/P1K5/8 b - - 1 42	d5b4 c2d1 c3c2 d1c1 d4e3	1747	00010p10
geX2q	3r1rk1/2q2pp1/pp2p2p/2b1n3/2P4B/P2Q3P/1P2BPP1/3R1RK1 w - - 3 22	h4d8 e5d3 d8c7	1747	0g191o
gx27j	Q7/4Brk1/p7/1p6/8/P3pp2/1P5P/5K2 b - - 1 40	e3e2 f1f2 f7e7 a8f3 e2e1q	1747	000g0p101h
h3OeD	r4k2/5q2/1rN2PRp/2pP1Q2/8/1pp5/1b4PP/3R2K1 b - - 2 35	c3c2 d1f1 c2c1q f1c1 b2c1	1747	000g10191h
hLXDd	4r1k1/pb3pp1/2p4p/8/1p2p1Q1/7P/PPq2PPB/4R1K1 w - - 2 29	g4d7 e8e6 d7b7	1747	010p0s1o
hSWzs	1r5r/1N2kp2/p4npp/4p1B1/2PnBP2/1P6/P4KPP/3R4 w - - 0 24	f4e5 h6g5 e5f6 e7f6 d1d4	1747	0110191g
hqhR8	1k2r3/ppp5/2n5/6P1/2N2P1n/1PPRP2q/PB1QB3/4K3 b - - 4 37	h3h1 e2f1 h4f3 e1f2 f3d2	1747	010r0s1019
iVVjD	5k2/8/2p1PP2/6Np/2pp4/4r2P/2K5/8 w - - 0 48	g5h7 f8e8 f6f7 e8e7 f7f8q	1747	000g0p0r101h
iYEy2	4r3/p4k1p/5pp1/2p5/2Pn4/1PN5/P1r2PPP/2RR2K1 b - - 8 27	c2c3 c1c3 d4e2 g1f1 e2c3	1747	01050p0s101n
if3T1	r7/p2Q4/3N1b1k/3PpBp1/1R2Pp1p/2q4P/5PPK/1Rr5 b - - 6 33	c3g3 f2g3 f4g3	1747	1315191n1o
jBfZb	r4k2/1p3p2/3p2pp/5r2/p2Q4/2P1P1P1/qPK2P2/3R1R2 w - - 0 44	d4h8 f8e7 h8a8	1747	010p1o1p
jNujw	1R3b1r/3bkppp/p4n2/P2p4/2qQ1B2/2P5/5PPP/4K2R w K - 5 21	d4e5 d7e6 e5d6	1747	1315191o
jnBdr	r4rk1/p4ppp/1p2pB2/2p5/q1BPb3/2P1P3/P4P1P/2KR2R1 w - - 0 16	g1g7 g8h8 g7g5	1747	0j0k0y1315191a1o
kNN3p	r3k2r/pppn1ppp/3bqn2/3N1RB1/8/3P4/PP2N1PP/R2Q2K1 w kq - 5 13	e2d4 e6d5 f5d5	1747	01191o1t
lhc0a	rn1qkb1r/1p3ppp/5n2/1p1pN3/8/8/PPPPQPPP/R1B1K2R w KQkq - 0 10	e5c6 d8e7 c6e7	1747	0g0j0k1c1o
lxACb	1r5k/p6p/3p2R1/2pQb3/4P3/2q5/2rBK3/7R w - - 0 30	h1h7 h8h7 d5f7 e5g7 g6h6	1747	05101316191d1g1n
nGqum	r1br3k/ppp2Bpp/7q/4Q3/8/2P5/PP3RPP/RN4K1 b - - 0 17	d8d1 f2f1 h6b6 e5d4 d1d4	1747	011019
oCPKv	4n1k1/1b2q3/p2p2PQ/1p6/3n4/P1rp4/1PP3P1/2K2R2 w - - 1 25	f1f8 e7f8 h6h7	1747	1315191n1o
oDxAp	rn3rk1/ppp5/2bp4/2P2p1P/3bp3/4q3/PPQNB3/2K1R2R w - - 0 22	e2c4 d6d5 e1e3	1747	010j191o
on6H9	2k3r1/ppp4p/4P3/2BP1p2/1PP2K2/5Q2/6q1/7R b - - 3 37	g8g4 f3g4 g2g4 f4e5 g4e4 e5f6 e4h1	1747	0g0p0s1w
opI5k	8/p1p1k3/1pp3p1/4K2p/5PP1/2P5/PP6/8 w - - 0 35	g4h5 g6h5 e5f5 h5h4 f5g4	1747	010p101e
ovhKm	1k1rRn2/ppq5/2p3B1/3p2P1/3P2Q1/2P5/PP3r2/2K4R b - - 4 26	f8g6 e8d8 c7d8	1747	010t191o
pH6x8	8/4N1pk/p5r1/1p6/8/P4Q1P/1qP2PP1/6K1 b - - 1 37	b2a1 g1h2 a1e5	1747	0g0p1o
q843p	2r2r1k/pp4pp/1q1bQB2/1B6/3Rp3/8/PPP2PPP/2K4R b - - 0 18	d6f4 c1b1 b6e6	1747	0g0j191o
qYlAb	5rr1/1b1q3k/4pBp1/1p1pPnPp/p1p2P2/P1P4R/1PQ1B2N/2K5 w - - 2 29	e2h5 g6h5 h3h5 h7g6 h5h6 g6f7 h6h7 f7e8 h7d7	1747	01191g1p1w
qx2e9	2B5/ppp3p1/k1n5/1R6/2K3PP/4r3/PPP5/8 b - - 6 32	e3e4 c4d3 e4d4 d3e3 a6b5	1747	0g0p10
sNcTM	8/p7/5kpP/8/4K3/r2P4/p7/R7 w - - 0 47	a1f1 f6e6 h6h7 a2a1q f1a1 a3a1 h7h8q	1747	000g0p1h1m1w
tF3Pw	4r1k1/2Q4p/1R3pp1/8/5B2/5PP1/6KP/3q4 b - - 3 46	e8e2 g2h3 d1f1 h3g4 h7h5 g4h4 e2h2	1747	0p13171w
u0nJs	r4rk1/pppq1pp1/6np/1P2p3/P1N1n1b1/2P1PN2/4B1PP/R1Q2RK1 w - - 0 17	f3e5 g6e5 c4e5 d7e6 e5g4	1747	011019
wBVtr	8/3R2pk/ppP4p/8/8/4p3/PPP2r1P/2K5 b - - 1 28	f2f1 d7d1 e3e2 d1e1 f1e1	1747	000g0p101m
wuwxi	2r2r1k/3R2pp/p3Qq2/2N5/2P5/1Pn2N2/P4PPP/5K2 b - - 0 25	c8c5 e6f6 g7f6	1747	010t191o
x4hEp	5rk1/pq3ppp/1p2p3/3B1n2/1P1Q1P2/P5P1/4P2P/B1R3K1 b - - 0 24	f5d4 d5b7 d4e2 g1f2 e2c1	1747	010s101119
xVnP1	r1b1k1nr/ppp2ppp/2n1p3/8/1b1qN3/5Q2/PPPB1PPP/R3KBNR w KQkq - 0 7	c2c3 d4d5 c3b4	1747	010s1c1o
xfBXV	r1b3r1/pp1n1k2/4p2Q/4P1P1/5qP1/2pR4/2P5/3K4 w - - 4 32	g5g6 g8g6 h6f4	1747	010j191o
zAaEx	2rqr1k1/1p3ppp/nb1p1n2/3Pp2b/1P6/1QN1P2P/3BBPP1/2R1NRK1 b - - 4 20	c8c3 b3c3 h5e2	1747	0b0g191o
08IGX	r2qk2r/1bppbppp/p1n2n2/1p6/3NP3/1BN5/PPP2PPP/R1BQ1RK1 b kq - 2 9	c6d4 d1d4 c7c5 d4d3 c5c4 b3c4 b5c4	1748	010s1c1t1w
0FMoq	4rkr1/5pnp/4b1pB/2R3Q1/2B3P1/2P5/2P4q/4RK2 b - - 0 31	e6c4 c5c4 h2h1 f1f2 h1e1	1748	0g0r1019
12W4C	3Q4/5pkp/4p1p1/1N6/1b6/4P2P/q4PP1/6K1 b - - 0 35	a2a1 g1h2 a1e5 g2g3 e5b5	1748	010p0s10
1MrmH	r1b3k1/1p4pp/p5r1/2bNPp2/4nP2/1P6/PB2B1PP/2R2R1K b - - 2 18	e4g3 h2g3 g6h6 e2h5 h6h5	1748	0y101316191f1n
3eFqS	8/8/8/8/5pk1/P1PK4/7P/8 b - - 3 43	g4f3 c3c4 f3g2 c4c5 f4f3	1748	0g0p101e
6eGCO	2kr1b1r/5p2/1qp1b2p/1N3p2/5Q2/8/PP3PPP/2R2RK1 w - - 2 21	c1c6 b6c6 b5a7 c8d7 a7c6	1748	050g0r0s10191n
6vOgb	1r3rk1/pb3pbp/1p4p1/2pn4/2Np4/PP1P2Pq/1BPQ1PBP/1R3RK1 b - - 2 20	h3g2 g1g2 d5f4 g2g1 f4h3	1748	050k0m0y101316191n
78oR2	3R1r1k/4Q1bp/5qp1/1p3p2/p7/1B5P/P4PP1/6K1 w - - 2 29	e7f6 g7f6 d8f8	1748	0b0g0p1g1o
7TPke	2kn2r1/ppp2p1Q/3p4/2b2Nr1/3Pq3/6P1/PP3P2/R4RK1 w - - 0 23	f5d6 c5d6 h7e4	1748	010j191k1o
7gi2J	r5r1/1p6/p1nb1R2/2p1p2k/3pQ1b1/3P3q/PPPN3P/R6K w - - 6 25	e4h7 h5g5 d2e4	1748	0f1315191o
8LNWN	2r4k/3n1Rpp/p2p4/1p2p3/4b2q/PN2B3/1PPQK2P/2R5 b - - 0 24	h4h5 e2e1 h5f7	1748	0g0s191o
9rnIq	r5k1/p3b1p1/b3p1B1/1qpp1p2/3P1P2/1P2P2R/P5PP/1nBQ2K1 w - - 3 27	h3h8 g8h8 d1h5 h8g8 h5h7 g8f8 h7h8	1748	050y1317191n1w
A6SXK	2r4r/1p1bk1pp/p3p3/1n3p2/2N5/1P6/P4PPP/2RR1BK1 w - - 2 22	d1d7 e7d7 c4b6 d7d6 b6c8	1748	01050s10191n
A6iNM	8/p7/2P1k3/4P3/4K1pp/5P2/P6P/8 b - - 0 36	g4g3 h2g3 h4h3 c6c7 e6d7 c7c8q d7c8 f3f4 h3h2	1748	000g0p111e1w
BF25I	8/1p5k/3p2Rp/p2P3P/8/2P1p3/PP3r2/2K5 b - - 1 36	f2f1 c1c2 e3e2	1748	000g0p1m1o
BRGaR	r4rk1/pp3pp1/3np2p/3bb3/1q2N1Q1/4B2N/PP3PPP/R4RK1 w - - 4 18	e4f6 e5f6 g4b4	1748	0g0j191g1o
CFEkc	5r1k/pp4pp/4Q3/1P4q1/7n/P3P3/2N3PP/R4BK1 b - - 0 27	f8f1 g1f1 g5g2 f1e1 h4f3 e1d1 g2d2	1748	050s1317191w
CbP7q	b4bn1/7k/4rPpp/p1p1N2B/Pp2P2R/8/5K2/7R w - - 0 44	h5g6 h7h8 e5f7	1748	1315191o
Ekk92	8/8/4PKN1/8/8/3k4/8/4r3 w - - 8 91	g6e5 d3c3 e6e7	1748	000g0p1o
FBBS6	8/5k1p/8/5KPP/ppp5/6P1/PPP5/8 b - - 0 35	b4b3 a2b3 c4c3 b2c3 a4a3	1748	0g0p101e1n
FEkf0	rn1qkb1r/p4ppp/2p1b3/1p1pP3/3Qn3/3B1N2/PPP2PPP/RNB1K2R b KQkq - 3 9	f8c5 d3e4 c5d4	1748	0g1c1o1t
GLtU4	8/2b3kp/3p2p1/p1pP1p2/1pP3NQ/1P4PP/P3qP1K/8 w - - 0 39	h4f6 g7g8 g4h6	1748	0p13151o
HZD67	r4rk1/7p/1p2p1p1/3nQq2/8/5N2/PK3PPP/3RR3 b - - 0 29	a8a2 b2a2 f5c2 a2a1 f8a8	1748	05101316191n
JRZot	6k1/r2qb1pp/p1Qpb3/1p1Bp3/5r2/N1P5/PP3PPP/3R1R1K w - - 7 22	c6d7 a7d7 d5e6	1748	0b0g0y191g1o
JzHKq	8/5pk1/2R5/3r2p1/4K3/1PR2P2/2Pr4/8 b - - 4 44	f7f5 e4e3 f5f4 e3e4 d2d4	1748	090p1013161m
KhaLl	3Q4/3n1pkp/p5p1/1p4r1/3Np2q/2P4P/PP3PP1/4R1K1 b - - 4 33	g5g2 g1g2 h4d8	1748	0g0j0p1o
LHBO4	8/pp2rkPp/3prp1P/2p5/6P1/2P5/PP2nR1K/5R2 w - - 0 29	f2f6 e6f6 f1f6 f7f6 g7g8q	1748	000g0p101h
LgKOJ	8/p1b3p1/1p2Q3/4pp2/P1P2k2/5P2/3K2R1/q7 w - - 10 43	g2g4 f5g4 e6g4	1748	0p13151n1o1y
MRBHH	r1b1k2r/1p3pp1/p7/2P2q2/P3B3/2P2pP1/1P3P2/RNBQR1K1 b kq - 0 18	h8h1 g1h1 f5h3 h1g1 h3g2	1748	050y101316191n
NO9fm	rnb2b1N/ppk1q1pp/2p2p2/3p3Q/B2Pn3/8/PPP2PPP/RNB1K2R b KQ - 0 10	e4g3 h5e5 f6e5	1748	0g0j0k1c1o
NeGUD	r2r2k1/p3B2p/4p1p1/8/5P2/P7/1PpRn1PP/2R3K1 w - - 1 29	d2e2 d8d1 e2e1 d1e1 c1e1	1748	010p0t101y
OeEuH	6k1/5p2/6p1/p6p/P4q1P/1P2p3/4Q3/3RK3 b - - 3 45	f4h4 e1f1 h4h1	1748	0p13151o
PSYEW	8/7p/2r3pk/5p2/2pR1P2/1P6/P4P1P/2K5 b - - 0 37	c4b3 c1d2 c6c2	1748	010j0k0p1m1o
PUHef	Nq4k1/4b1p1/5n1p/p2p4/P1bP4/4P1B1/1pQ2PPP/1R2K2R b K - 0 23	b8b4 e1d1 c4b3 b1b2 b3c2	1748	0110191g
PtKef	2k3r1/p7/3p4/1p1P1Q2/7B/2p1P1P1/1q2B1KP/8 b - - 1 39	c8b8 f5d3 c3c2	1748	000g0h0p1g1o
RiBCy	3r1k1r/1bp2ppp/pp3b2/3q4/8/P2B1N2/1PQ2PPP/R3R1K1 w - - 4 18	d3e4 d5c5 c2c5 b6c5 e4b7	1748	011019
TbWIm	3R1bk1/1p3p1p/4r1n1/pq6/8/P1B2QNP/1PP2PP1/2K5 b - - 3 24	b5g5 c1b1 g5d8	1748	010s191o
VT7bN	1k6/1pp1R2p/p5p1/7n/2P1B1KP/P4P2/P3r3/8 b - - 0 29	e2g2 g4h3 h5f4	1748	0f0p13151o
WHtdU	3q1k2/4R1pp/3b1pb1/p2Q4/P2P3N/8/1r1B1PPP/R5K1 b - - 0 24	d6h2 g1h2 d8d5	1748	010j0y191o
WpNmj	8/pkp1Q3/1p3p2/1P6/P3nP2/4n2K/3r3P/7R b - - 2 32	e4f2 h3g3 e3f5	1748	0g0p0s1o
YJ2GY	5k2/4r3/3Q4/p4qRK/8/7P/PP6/8 b - - 6 44	f5h3 h5g6 h3h7 g6f6 h7f7	1748	0p101316
YUks7	r5k1/p4ppp/8/7P/6rn/4B3/P1P2PP1/3R1RK1 b - - 2 23	h4f3 g1h1 g4h4	1748	0p13151g1o
YlfUz	r1b2rk1/ppp3p1/2p5/5ppQ/8/3BP3/P1P2KPP/q7 w - - 0 17	d3c4 c8e6 c4e6 f8f7 h5f7 g8h8 f7h5	1748	0p0y13171w
ZFPJG	8/p4R2/5rp1/2p3k1/2P1K2p/8/2P2P2/8 w - - 4 35	f2f4 f6f4 f7f4	1748	0g0p1m1o1y
Zpimu	r3k2r/pbpp1pp1/1pn5/7p/3NP1nq/2PB1Q1P/PP3PP1/RN2R1K1 b kq - 2 12	c6e5 f3g3 h4g3 f2g3 e5d3	1748	0b0g1019
ZqOAe	3rr3/1Qpk1ppp/8/2P5/2P1n1q1/5P2/PP5P/R1B2R1K b - - 0 18	e4f2 f1f2 e8e1 f2f1 e1f1	1748	0d0y101316191n
b2cll	r2k3r/pp3Rp1/3bp3/8/2QPP3/6q1/PP4B1/R1B3K1 b - - 0 20	h8h1 g1h1 g3h2	1748	051315191g1n1o
c1oaW	r1bqk2r/3nb1pp/p2p1n2/1p6/4P3/1BN2Q2/PPP2PPP/R1B2RK1 w kq - 2 13	e4e5 d6e5 f3a8	1748	010j1c1o
cOTj4	r4r2/1pq3pk/2n4p/8/3NP1n1/1QP2N2/5PPP/R4RK1 b - - 0 21	c6d4 c3d4 f8f3 e4e5 f3b3	1748	0g1019
cQ4hf	r3kb1r/pp1bqppp/8/3Pn3/4Q3/5NP1/PP3PBP/R1B1K2R b KQkq - 4 13	e5d3 e1f1 e7e4	1748	0g0j1c1g1o
cYno1	1r1r1qk1/1pN1npbp/1BbR2p1/4p3/2P1P3/PP3PP1/1Q4BP/3R2K1 b - - 6 26	d8d6 d1d6 e7c8 d6c6 b7c6	1748	010s1019
dCsfy	6k1/2Q5/1p3qpp/4N3/4KP2/P3P3/6PP/5r2 w - - 15 45	c7c4 g8h8 c4f1	1748	0g0p0s111o
dmkM8	2r3k1/1p3ppp/8/3Q2PP/2r1nP2/1pP1P3/qB2N3/2KR3R b - - 0 29	c4c3 e2c3 c8c3 b2c3 a2c2	1748	0r101316191k1n
e4BdV	3r2k1/pp3p1p/2n3p1/5NQ1/8/2q2N2/Pb4B1/4R2K w - - 4 29	g5d8 c6d8 e1e8	1748	1315191n1o
gwDKl	8/p4p2/1p2bk2/3p4/3N1Prp/2P2KP1/PP6/4R3 w - - 0 34	e1e6 f7e6 f3g4	1748	0g0p1o
mRMyw	1r1r4/pp1nkppp/1b1Npn2/8/8/BP2P3/P4PPP/R2R2K1 w - - 3 19	d6f5 e7e8 f5g7	1748	0k0m1315191o
mcYja	2R2r1k/1p4pp/4B3/p7/1n3q2/2Q5/PP1N2PP/6K1 b - - 3 26	f4f2 g1h1 f2e1 d2f1 e1f1	1748	0s10131619
mx051	r5k1/ppq2pp1/2nQb2p/8/5B2/1PP2N2/P4PPP/RN4K1 b - - 0 17	a8d8 d6d8 c7d8	1748	01191o
mzSqk	r1bq1rk1/1p4p1/4p3/pP2b2Q/3p4/P2B4/2P3PP/R3K2R w KQ - 3 24	d3h7 g8h8 h7g6 h8g8 h5h7	1748	0j0k0y10131619
nx6Ud	6k1/5p1p/2b1pBp1/1p2P3/5P1Q/r2P2R1/3q2PP/5K2 w - - 0 37	h4h7 g8h7 g3h3 h7g8 h3h8	1748	050p1013161d1n
oOIBK	r3r1k1/1p5p/4Rqp1/1Q6/p1Bb4/6P1/PP3P1P/4R1K1 b - - 0 25	f6f2 g1h1 f2f3	1748	1315191o
p1Cno	1k1r3r/p1p1n3/1p6/2p1Np1p/2Q1q1p1/8/PPP2PPP/R4RK1 w - - 0 22	c4e4 f5e4 e5f7	1748	01191o
ppV4d	2kr2r1/1pp5/p6Q/4N3/3Pq1p1/2P4b/PP5K/R5R1 w - - 0 27	h6e6 c8b8 e5d7 d8d7 e6e4	1748	0g0j10191k
rFSFq	1k6/ppp3pp/8/6q1/8/PB6/1PP2P2/1K1Q2b1 w - - 1 24	f2f4 g5e7 d1g1	1748	010p1o
sXbxK	1k5r/1p4R1/1p3P2/1P2p3/P7/5P2/4r2P/R6K b - - 2 33	e2h2 h1g1 h2h1 g1f2 h1a1	1748	0g0p101m1p
tD6cy	r1bq1rk1/1p3ppp/pn2p3/3N2b1/3P4/1B3N2/PP3PPP/R2QR1K1 w - - 0 15	d5b6 d8b6 f3g5	1748	0g1c1o
tILiL	1r6/2qk2pp/2n1p3/3rN3/Q7/P2P4/3N1PPP/R3KB1R b KQ - 0 23	c7e5 f1e2 e5a1	1748	010s191o
tIv3S	3r1rk1/p1p2pp1/1p1b1q1p/3Q4/4P3/PP4P1/5PBP/2R1R1K1 w - - 1 21	e4e5 d6a3 e5f6 d8d5 g2d5	1748	010s1019
tU4Vd	8/7P/8/p5K1/Pk4P1/2b5/8/8 w - - 1 48	g5h6 b4a4 g4g5 a4b3 g5g6	1748	080g0p101l
vplZd	r1b1r1kb/1p3p1p/p5pB/2p1n3/5P1P/3q2P1/PP1QN1B1/R4RK1 w - - 0 18	f4e5 d3d2 h6d2	1748	01191o
wT6dm	6R1/2Qn1p2/1p2p1rp/p5k1/1n4PR/7P/1P3P1K/3q4 w - - 3 38	h4h5 g5f6 c7d8	1748	1315191o
y95vZ	rn1r1k2/1pp1b1pp/p1b1Rn2/8/1PB3q1/P1NP4/2PBQPPP/R5K1 w - - 3 16	e6f6 e7f6 e2g4	1748	0g191o
yYICa	r1bq1rk1/pp2n1b1/4p1pp/3p2B1/3NP2N/2P4P/PP6/R2QK2R w KQ - 0 17	g5e7 d8e7 h4g6 e7g5 g6f8	1748	010b0s101c
zcnep	4r1k1/3rN1pp/pb3P2/1p6/3R1P2/8/PPP3PP/2K4R b - - 2 24	d7e7 f6e7 b6d4	1748	010p1o
4kiu5	8/4R3/1P6/2R2p2/5k2/8/1KP4r/4qr2 w - - 0 63	e7e1 f1e1 b6b7 e1e8 c5c8 e8c8 b7c8q	1749	000g0p1h1w
4mnjI	r1b1k2r/ppq2pp1/4p3/3p2P1/6n1/2PB1N2/PP4PP/2RQ1R1K w kq - 1 16	d1a4 c8d7 a4g4	1749	0g0s191o
6DY83	6r1/p4p1k/1p2p2p/4qpr1/3R4/5P2/P4P1P/3Q1R1K w - - 4 30	f3f4 e5b5 f4g5 b5c6 f2f3	1749	010h0p0s10
85TEm	r1bq1rk1/ppp3np/5np1/4p3/4N2P/1P3N2/P1P1PP2/R2QKB1R w KQ - 0 13	d1d8 f8d8 e4f6	1749	0b0g0y111c1o
A8GGI	5k2/3B3p/7P/4bPP1/ppP5/2p5/P1K5/8 b - - 1 57	b4b3 a2b3 a4a3	1749	080g0p111o
AdoR3	r2r2k1/1pqnn1bp/2p2pp1/p3p3/P5Q1/1P3NNP/1BP2PP1/3R1RK1 w - - 4 23	g4e6 g8h8 e6e7	1749	0g0s191o
AoHEo	2b2rk1/6pp/p1R1p3/1p2b3/6B1/1P6/P5PP/1N4K1 w - - 0 29	c6c8 f8c8 g4e6 g8h8 e6c8	1749	01050b0p0s10
CDRle	5r2/4p3/N1p5/n1Pk2p1/P2p4/3K4/4R3/8 w - - 2 52	a6c7 d5c5 c7e6 c5d5 e6f8	1749	010p0s10
CUV5r	r6r/PQq5/2Pkb3/3p1p2/3Pn1pP/R3P3/6K1/R4n2 w - - 2 44	b7b4 d6c6 a1c1	1749	01191o
ET5co	r1b2rk1/pp1np1bp/2p2np1/3pNp2/N2q1P2/6P1/PPPBP1BP/R2QK2R w KQ - 0 11	c2c3 d4e5 f4e5	1749	011c1o1t
ETXiw	6k1/p1pb3p/1p1q4/8/1P1nPP1p/P5nP/5QBK/R7 w - - 0 30	e4e5 d6e6 f2d4	1749	0g191o
EdFIt	6k1/5ppp/2P5/1p1QP3/1P6/2B2P1b/2q2P2/6K1 b - - 0 31	c2g6 g1h2 g6g2	1749	0p13151o
G5Wl4	4r1k1/pp3pb1/3p2p1/3B2Np/2P5/1P2r3/P4nPP/3R1R1K w - - 3 24	f1f2 e3e1 f2f1	1749	010t191o
GTeVr	r3r3/5p1k/p2Q1p1p/1pp2P2/2P1b1PP/1P1BR3/P2q4/4R1K1 w - - 0 28	e3e4 e8e4 e1e4	1749	01191o
Hmywr	2kr1b1r/ppp3pp/2pqnp2/4Q3/5P2/2N1B3/PPP2P1P/3R1RK1 w - - 0 14	d1d6 f6e5 d6e6	1749	01191o
I4mIw	r1b2rk1/p4pp1/2pq3p/8/2B1pBn1/2NP2K1/PPP2PP1/R2Q1R2 b - - 4 18	d6g6 f2f3 g4e3 g3f2 e3d1	1749	010j0k0r10191l
JUtl9	5r1k/6p1/p2N1p1p/8/4BP2/1Q4Pb/PP2q3/6K1 w - - 2 33	d6f7 f8f7 b3b8 h3c8 b8c8 f7f8 c8f8	1749	0p13171n1w
Kv7zq	q1r2rk1/3p1pbp/p3p1p1/8/3Bb3/1BPR2Q1/PP3P1P/4R1K1 w - - 8 28	d4g7 e4d3 g7f8 c8f8 g3d3	1749	011019
NZutR	2q1n1k1/1prbppbp/p2p2p1/6P1/3NP3/1Q2BP2/PP5P/2RR2K1 b - - 1 23	g7d4 c1c7 d4e3	1749	010y191o
OOEsW	3r4/5k2/p2r2pp/1p1PR3/1Pp1P3/P7/5KPP/3R4 b - - 0 28	f7f6 e5e6 d6e6	1749	0g0p1m1o
PAjST	4r1k1/pb3p1p/6p1/1pp3P1/3r3P/PB1P4/1PP1qQ2/1K4R1 w - - 0 27	f2f7 g8h8 f7f6	1749	0s1315191o
PosQ2	r2q1k1r/pp2b2p/8/4P3/1n1p1p2/1Q4P1/PP5P/RN3RK1 w - - 0 22	f1f4 f8e8 b3f7 e8d7 f4d4	1749	0g0r0v1019
UUyn6	2r1r3/5k1p/p1n1pnRB/3p4/1b1P4/2NQ1P1P/1qPKBP2/8 w - - 1 23	g6g7 f7f8 g7h7 f8g8 d3g6	1749	0j0k10131619
XEGri	5rk1/1p4pp/1p6/1Nb5/P2BR3/1P5P/2n3P1/6K1 b - - 5 29	c2d4 b5d4 f8d8	1749	010p1o
XvdZC	8/8/8/4B3/4Kpp1/5Pk1/p5P1/8 b - - 11 57	g3g2 f3g4 f4f3	1749	080g0p111o
Xxelc	8/pp6/6R1/5p2/5K2/1P5k/P3r3/8 w - - 1 45	f4f3 e2e4 g6h6 e4h4 h6h4 h3h4 f3f4 h4h5 f4f5	1749	0g0p1m1w
Y1h7J	2r3k1/5p2/4pbp1/2q1P1PN/P2p4/1Pr1nP1Q/2PR3P/1KR5 w - - 0 33	h5f6 g8f8 f6d7 f8e7 d7c5	1749	0g0s1019
Z0yKL	5rk1/2rb2pp/1q2P1p1/ppb5/2p1P3/2N3P1/1P1BQPBP/R2R2K1 b - - 0 21	f8f2 e2f2 c5f2	1749	010y191o
ZHUgo	R1b2r2/1pN3kp/3p4/2bPpp2/1nPq4/5P1N/4Q1PP/1B5K w - - 3 30	a8c8 f8c8 c7e6	1749	0g11191n1o
ZcZui	5rrk/4b2p/p7/1p1qPQ2/3p4/2P2PR1/PP5P/6RK w - - 1 26	f5h7 h8h7 g3h3 e7h4 h3h4	1749	05101316191n
Zt6q2	1k1r1b1r/1pqb4/p7/2pnn1pp/P7/1P1P2PP/1BP2PB1/R2QR1K1 w - - 0 20	b2e5 f8d6 e5h8 d8h8 g2d5	1749	010s10191g
aKgJR	2r5/4r2k/2p1p3/p3R3/P4Q2/1P6/2P2PPK/3q4 w - - 0 39	f4h4 h7g8 h4e7	1749	0g0p0s111o
al04y	6k1/7p/pQ2p1p1/1p1pb3/8/r1q5/6PP/5R1K w - - 0 31	b6d8 g8g7 d8f8	1749	0p13151o
b6GEs	2kr4/2p2p2/P1Q1pq2/7p/3P4/2P2p2/1P3PrP/R5RK b - - 0 24	g2h2 h1h2 f6h4	1749	050p13151n1o
bMb9W	r2r2k1/7p/p1p1p1p1/PpP1Pq2/1Pp2P2/2P1Q2P/7K/3R2R1 b - - 0 28	f5c2 g1g2 c2d1	1749	0g0i0p1o
bwCm2	8/3B1b1p/6pk/1Q2b3/3p4/4q2P/P3N1P1/2R2K2 b - - 0 45	d4d3 d7g4 d3e2	1749	000g191o
daejg	2r2k2/2NR2r1/p3P2p/8/2p4p/8/PPP3PP/2K5 w - - 1 25	d7g7 f8g7 e6e7	1749	000g0p11121o
du3qX	5rk1/4qpbp/b2Q2p1/B1r1P3/8/1P3B2/P5PP/1R2R2K b - - 2 25	e7d6 e5d6 c5a5	1749	01191o
e4oK5	5r2/4k2p/1p2P3/pPpP2Pp/P1P3nP/6K1/8/5R2 w - - 1 47	d5d6 e7d6 f1f8	1749	0g0i0p1o
egfkN	8/3k3p/RPrp2p1/2p1p3/4P3/1P1P4/6K1/8 w - - 1 43	b6b7 c6a6 b7b8q	1749	00010p1h1m1o
ehDD3	4r1k1/5p1p/p1n3p1/1p6/1P1N1q2/P1nQ1N1P/5PP1/R5K1 b - - 0 29	c6d4 f3d4 f4d4 d3d4 c3e2 g1f1 e2d4	1749	050g0s191n1w
eprdO	1r4k1/1Bp1q1p1/p2p4/p3p3/2P2r2/P7/2P1Q3/1R3bK1 w - - 0 30	b7d5 g8f8 b1b8	1749	0g0j191o
f7PL1	R7/8/8/2K5/p7/kp6/8/8 b - - 1 69	b3b2 a8b8 a3a2 b8b5 a4a3	1749	000g0p1011121m
gG0Jx	Q2R4/4B1pk/5np1/7p/1pP5/1r5P/2q2PP1/6K1 b - - 3 36	c2c1 g1h2 c1f4 g2g3 f4f2	1749	0g0p10
h4IG4	1rbq1rk1/2p1bppp/p2p1n2/1p1BP1B1/3Q4/2N5/PPP2PPP/R3R1K1 b - - 0 12	f6d5 g5e7 d5e7	1749	01191o
iQc1m	r1b1k1nr/p1p1qp1p/1p6/4b1Q1/8/8/PPP1BPPP/RNB1K2R b KQkq - 4 10	e7g5 c1g5 e5b2	1749	011c1o
iWXi4	r5k1/3qrpp1/p1p4p/2Pp1b2/5N1Q/2P2P2/PP1R2PP/4R1K1 b - - 4 22	g7g5 e1e7 d7e7	1749	010s191o
j30gk	8/p4pk1/2p2bp1/8/2B1P1b1/8/P1PK3Q/1r5N b - - 7 33	b1d1 d2e3 f6g5 e3f2 d1d2	1749	010p10
lJh1q	r2q1rk1/ppbn2p1/6pB/3Np2n/2B4N/3P4/PPP2PPP/3R2K1 w - - 0 17	d5f6 g8h8 h4g6	1749	0k0m0w0y1315191o
lSRR6	r2qkb1r/pppn1ppp/4p3/3p4/3PPPn1/8/PPPN2PP/R1BQKB1R b KQkq - 0 7	g4e3 d1e2 e3c2	1749	011c1o
lpUqo	r1b2rk1/1pq2ppp/p1n1p3/2b5/P1B1P1n1/2N2N1P/1P2QPP1/R1B2RK1 b - - 0 14	c6d4 h3g4 d4e2	1749	010y111c1o
mTwqP	2k4r/ppb5/6qr/2p1p1R1/3pN3/PP1P1Q1P/2P3PK/5R2 b - - 9 23	g6g5 e4g5 e5e4	1749	010j0k191n1o
ndFIR	6k1/n5p1/3q1p1p/4p3/3p4/r4P2/2QB1P1P/1R4K1 w - - 0 34	d2b4 d6c6 c2c6 a7c6 b4a3	1749	010p0s10
nvVL7	8/3b2k1/p6p/1p1pPN2/6K1/P1PP4/1P6/8 b - - 0 41	g7g6 g4f4 d7f5	1749	0g0h0p1o
q2miJ	r2qk3/ppp2pQ1/2np4/2b1p3/2B1P2r/2NP4/PPP2RP1/R1B3K1 b q - 0 13	h4h1 g1h1 d8h4 h1g1 h4f2 g1h2 f2h4	1749	050s1317191g1n1w
rJe1O	8/1p6/pP6/1P6/3N1K2/2k5/8/7b w - - 0 40	b5a6 c3d4 a6a7	1749	000g0p1n1o
rStTH	5rk1/1p3p1p/p3pBp1/3p2R1/3P4/q1rnPP2/P1P1K2Q/6R1 w - - 0 27	h2h7 g8h7 g1h1 h7g8 h1h8	1749	050y101316191d1n
rkn7j	6k1/3QP1q1/p6p/1pKP4/1Pn1N3/P7/7P/8 b - - 2 51	g7g1 e4f2 g1f2 c5c6 f2b6	1749	0p1013161s
rnKNG	6nr/1k4pp/2p1bp2/q1P1p3/2P1P3/3r3P/P2N1PP1/R2QK2R w KQ - 0 18	d1b1 b7c8 b1d3	1749	0g0s191o
si7Wb	7k/pQ3R1p/6p1/2p4q/P2p4/2P3P1/4r2P/1R1n1K2 b - - 15 34	d1e3 f1g1 h5h2	1749	0p13151o
uAT5O	8/6kp/p1p5/Pr1n1pp1/3PP3/1N1R1KP1/7P/8 b - - 0 39	g5g4 f3e2 f5e4	1749	0g0i0p1o
wdzaA	2bq1rk1/p4rpp/1p2p3/1P6/P2B4/3QP3/3P2PP/R4RK1 b - - 0 27	e6e5 d3c4 e5d4 f1f7 f8f7	1749	011019
y3fWv	5rk1/4bpp1/4p1P1/3p2P1/5q2/1r6/1PP1Q3/1K5R w - - 0 32	h1h8 g8h8 e2h5 h8g8 h5h7	1749	050p1013161n
yWb42	2kr4/ppbr2p1/2p3Rp/4pq1P/2PP4/2B5/PP2Q1P1/K2R4 w - - 0 28	d1f1 f5f1 e2f1	1749	01191o1t
z2ZNl	3r1rk1/7p/P1N3p1/4P3/3q2P1/P6P/3nRPK1/R2Q4 b - - 2 30	d4d5 g2h2 d2f3	1749	010s191o
z3Wul	r2qr1k1/pp3pp1/2p5/4P1p1/3b1N2/8/PPQ3PP/1B1b1R1K w - - 0 23	c2h7 g8f8 f4g6	1749	0y1315191g1o
06e9g	r4rk1/pppqb1pp/2Pp3n/4Pp2/7P/P5B1/1PP1b1P1/RN1QK2R w KQ - 0 13	d1d5 g8h8 c6d7	1750	000g191o
0JSau	5qk1/pp2bp2/6pp/8/3QB1r1/1P3P1b/P1R3PP/5RK1 b - - 0 24	g4g2 c2g2 e7c5	1750	01191g1n1o
0YMtM	r2br1k1/p4p2/1p4n1/2Pq1NQ1/1P1p3R/P4PP1/4n1KP/5R2 w - - 1 34	h4h8 g8h8 g5h6 h8g8 h6g7	1750	050y101316191g1n
1AzUn	r3r1k1/pp3p1p/4q1p1/3pP3/4nQ2/5P2/PP4PP/RN3RK1 b - - 0 17	e6b6 g1h1 e4f2 f1f2 b6f2	1750	0g0y1019
1rTWQ	8/8/8/R4rk1/7p/7K/6P1/8 w - - 4 69	a5f5 g5f5 h3h4 f5g6 h4g4	1750	0g0h0p101m
1rtBJ	1Rb1q1k1/8/4P2B/2bp4/4n3/r7/1Q4PP/5R1K b - - 0 39	e4g3 h2g3 e8h5	1750	111315191n1o
1sfBF	r5k1/p5bp/2N3p1/1p4q1/2pPQ3/P1P4P/5r2/R3R2K w - - 0 29	c6e7 g8h8 e4a8	1750	0g0j191o
4URWy	6k1/5pp1/7p/N4Kb1/P7/4r3/6PP/1R6 b - - 6 37	g7g6 f5g4 f7f5	1750	0p13151o
4Ufar	4R3/pR2Bpk1/6b1/8/7p/2P5/PP2BbPK/3r4 b - - 3 35	f2g3 h2h3 g6f5 e2g4 d1h1	1750	10131619
54dJ3	rb1q1rk1/pb3ppp/4pn2/1B2N3/1P1P4/P7/5PPP/R1BQ1RK1 b - - 0 14	d8d5 b5c6 b7c6 e5c6 d5c6	1750	01101c
5CuaO	8/6p1/2p1k3/pp1pP2p/3P2p1/1P2K1P1/P1P3P1/8 w - - 0 37	e3f4 b5b4 f4g5 c6c5 d4c5	1750	0g0p101e
5DFqb	3r4/3qk1rp/RQ1p2p1/2pRp2b/4P3/8/PPP2P1P/2K5 w - - 5 28	a6a7 d7a7 b6a7	1750	01191g1o
5dHfW	rn6/1b2Rrkp/5np1/p2p4/P2P1B2/1BP5/5PPP/4R1K1 w - - 3 25	f4h6 g7h6 e7f7	1750	0g0i191o
5nC2L	3rq3/pp4k1/1bpr1pp1/5RB1/2Qp4/2P4R/PP4PP/6K1 w - - 6 31	g5h6 g7h8 h6f8	1750	0j0k1315191f1o
6phob	r3kb1r/ppB1pppp/2n5/3p4/3P2n1/2P1P3/PPq1QPPP/RN2K1NR b KQkq - 4 9	c2c1 e2d1 c1d1 e1d1 g4f2 d1e2 f2h1	1750	050g0s1c1w
6q6SF	4r3/R4p1k/2p2p2/8/2b5/2P3P1/P2BrR1P/6K1 b - - 0 29	e2f2 g1f2 e8e2 f2f3 e2d2	1750	01050p0s10
6vWZh	1r5k/7p/1r1bQ3/2pB1p2/2P5/2P1q1P1/P2NP2P/R3K2R b KQ - 2 23	d6g3 h2g3 b6e6	1750	010j11191o
7eWKY	3r2r1/p5pk/6Rp/4PQ2/2P4P/1N1q3P/P3p2K/8 w - - 1 33	g6h6 h7h6 f5g5 h6h7 g5h5	1750	050k0m0p1013161n
AaL5x	r5k1/p1b3p1/1p1qp2p/3P4/3R2P1/P3B2P/1P6/2Q1R1K1 b - - 0 30	d6h2 g1f1 a8f8	1750	0g191o
Avi1a	r5k1/2R2b2/3P3p/6p1/1p2P3/p2B4/6PP/6K1 w - - 0 42	d6d7 f7e6 d3c4	1750	000g0p1o
BclPk	2r3k1/ppb2ppp/4p3/4q3/1P1B1n2/PB3Q1P/5PP1/1R3RK1 b - - 0 24	f4e2 g1h1 e5h2	1750	0s1315191o
CEIAI	3k4/1Qq3p1/p1p1p2p/P6P/2PP2Pn/4P3/8/1R4K1 b - - 0 30	c7g3 g1f1 g3g2 f1e1 h4f3 e1d1 g2d2	1750	0p0r13171w
CJFTR	4r3/p1p4p/2Q5/3p4/1k1q1P2/3R4/P1PK2PP/3R4 b - - 2 29	d4f4 d3e3 f4e3	1750	0p13151o
DLtpn	8/8/4p1kp/4Pp2/p2P1P2/1pNK2P1/8/8 b - - 1 47	a4a3 d3c4 a3a2 c4b3 a2a1q	1750	000g0p0z101h
DtuO3	2r2rk1/pb4pp/1p1p3q/4np2/3N4/BPn1P1P1/P2QBPP1/2R2RK1 b - - 8 24	c3e2 d2e2 e5g4	1750	0g0y191o
Fhgjk	4r1k1/3nq1p1/p2p1p1p/2p1pP2/2P1n1N1/6BP/Pr4P1/R2Q1RK1 w - - 2 26	d1d5 g8h7 d5e4	1750	010s11191o
Fw04O	6k1/1b3pp1/p3p2p/1p2q3/3r4/6P1/PPQ3P1/1BR3K1 w - - 0 27	c2c8 b7c8 c1c8 d4d8 c8d8	1750	0p1013161f1n
FyBu5	rn3rk1/4bpp1/p1p1p2p/3p1b2/B2q1B2/2N3QP/PPP2PP1/1R3RK1 w - - 0 17	f4e5 d4e5 g3e5	1750	01191o
G2BKy	r2q3Q/pb1nbkp1/1p2p3/2ppP1P1/5r2/2P1P3/PP3PP1/R3K2R w KQ - 2 18	g5g6 f7g6 h8h5	1750	051315191o
HhroA	5rk1/4ppbp/p5p1/1pr1P3/1q6/3BQ3/PPP3PP/1K1R3R w - - 1 22	a2a3 c5e5 e3e5 g7e5 a3b4	1750	011019
Huc4H	8/1p3p1k/p4Kpq/2p1Q3/2P2P2/1P1P2P1/P7/8 b - - 3 45	h6g7 f6e7 f7f6 e7d6 f6e5	1750	0g0j0k0p101i
INSW0	r1bq1r1k/ppp3pp/3b1p2/4N3/2BP1R2/8/PPP3PP/R2Q2K1 w - - 2 14	e5g6 h7g6 f4h4	1750	0y1315191f1n1o
IRe2T	3r2k1/1pp2pp1/1b3q1p/pP2N3/P3Q3/2Pr4/5PPP/R1B2RK1 b - - 0 22	f6f2 f1f2 d3d1 e4e1 d1e1	1750	0y101316191g1n
JMgtg	8/5pQ1/4b2p/p5pk/8/2P2PP1/4qBK1/8 w - - 0 37	g3g4 e6g4 g7f7	1750	0i0p13151o
Jehm5	4r1k1/p3Qpb1/1p1P1n1p/2p3p1/2P5/q4NBP/P4PP1/3R2K1 w - - 3 28	e7e8 f6e8 d6d7 a3a4 d7d8q	1750	000g0y10191h1n
JjXMK	5rk1/3r2pp/5q2/pp1P4/2pQPpRn/2P2P1P/PP3K2/6R1 w - - 4 31	d4f6 f8f6 g4h4	1750	010b191g1o
KNsCg	r1b3k1/1p3pp1/p7/5np1/N3B3/6P1/P2r1P1P/R3R1K1 w - - 4 22	a4b6 a8b8 b6c8 b8c8 e4f5	1750	0b0g1019
KX1dH	2r3k1/pp1bpp1p/3p1np1/8/4P1PP/qNP2Q2/P1P5/1K1R1B1R b - - 0 18	d7g4 f3d3 g4d1 d3d1 f6e4	1750	011011191p
Kbaku	r3kb1r/ppp3pp/5p2/3qp3/3nN3/1P1P1Q2/PBP2PPP/R3K2R w KQkq - 1 13	e4f6 g7f6 f3d5	1750	0g0j191o
Lm11u	N3r1k1/1p4pp/p7/1b1p4/8/1PBn4/1P3PPP/2RK3R b - - 2 22	d3f2 d1c2 b5d3 c2d2 e8e2	1750	0r0s101316191d1x
Nl9qk	6k1/p1p2r2/3p4/3Qb1pp/PPPp4/5PP1/3q4/4RK1R b - - 3 36	e5g3 e1e2 d2d1 f1g2 d1e2	1750	0g0i0p0r10
Ozns2	r5k1/6p1/4p1Pp/1p1bP3/1P3P2/1q6/1B1RQ1B1/1K6 b - - 1 36	a8a1 b1a1 b3a2	1750	05111315191g1n1o
P4pG2	1k3r2/1pN3p1/6b1/3PB3/2P3P1/PP1p2Pr/7p/3RR2K b - - 0 30	f8f1 e1f1 g6e4 f1f3 e4f3	1750	0r101316191n
Q1Q1P	6k1/pp1r2pp/5q2/3b1NQ1/8/7P/1P3PP1/3R2K1 w - - 3 32	g5f6 g7f6 d1d5 d7d5 f5e7 g8f7 e7d5	1750	01050p0s1n1w
TYgRX	3Q4/1p6/8/pK6/P7/1P4k1/8/2q5 b - - 2 54	c1c6 b5a5 c6c5	1750	0p13151i1o
UGsZl	r4rk1/ppq1bpp1/4p2p/2p5/3PR1N1/2P4Q/PP3PPP/R5K1 w - - 0 19	g4h6 g7h6 h3h6	1750	0g0y191o
VdPC1	rn6/1ppb1Q2/3kp1P1/p2p4/3P4/1KP5/1P4r1/8 w - - 2 30	f7f8 d6c6 f8c5	1750	0p13151o
WUXPK	4r2k/2p3p1/1p1pr1q1/p2Q3p/P1P1pP1P/2P1R1P1/8/4R1K1 w - - 0 28	f4f5 c7c6 d5e6 e8e6 f5g6	1750	0g0p0s10
WeMRl	7r/1p2k1pp/1Np1q3/2bp1p2/4n3/1Q3P2/PPP3PP/3R1R1K b - - 2 24	e4g3 h2g3 e6h6	1750	1315191n1o
XEFwn	r1b3k1/1p4p1/p5P1/2ppnpB1/8/2P1Pp2/PP4P1/R3K2R b KQ - 0 20	f3g2 h1g1 e5f3	1750	00010p1o
aI8uL	3r4/1p2R3/p1b2p1k/3P1Ppr/P1p2q2/2P3R1/6K1/3Q4 w - - 4 44	d1h5 h6h5 e7h7	1750	051315191n1o
aZFii	2r5/8/5pkp/3B4/2p2P2/3bR1P1/3r3P/2R3K1 w - - 5 31	e3d3 d2d3 d5e4 g6f7 e4d3	1750	01050p0s101n
c41LK	2r2b2/R4pp1/2p5/4Pkp1/1pPK4/6BP/1P4P1/8 b - - 2 36	c8d8 d4e3 f8c5 e3e2 c5a7	1750	0g0p0s1011
dFwZA	2rqr3/pp3pk1/7N/3P4/7P/2N1b1P1/PPB5/5R1K w - - 5 32	f1f7 g7h8 f7h7	1750	1315191d1o1x
e1u32	1rb2rk1/p2ppp1p/2p3p1/8/2P1Pn2/4qP2/PP1BB1PP/1R1QK2R b K - 5 17	f4d3 e1f1 e3f2	1750	1315191o
eREtS	1N6/2p3pp/4kp2/2p1b3/P1P1p3/6P1/1P3PP1/6K1 w - - 1 29	a4a5 c7c6 b8c6	1750	010p1l1o
eS9ua	6k1/p1R4p/6pB/1p6/3n4/7P/PR2nrPK/4r3 w - - 0 30	c7c8 g8f7 c8f8 f7e6 f8f2	1750	0110191p
ehxWY	6rr/ppnkq3/2p1p2p/1P1pPb1Q/P2N4/2P5/5PPP/R3KB1R b KQ - 4 19	f5g4 h5g4 g8g4	1750	0g191o1t
jVMbU	rn1qkb1r/3ppppp/b4n2/1Np5/3P4/4PN2/PP3PPP/R1BQKB1R b KQkq - 0 7	a6b5 f1b5 d8a5 c1d2 a5b5	1750	010s101c
jhuId	r4rk1/pQ1n2pp/3qp1p1/3p4/3P2N1/4P1P1/PP4PP/R4RK1 b - - 0 18	f8b8 b7a8 b8a8	1750	01191o1t
k8ePe	8/8/4k2p/p1p3p1/P1PpK1PP/3P4/8/8 w - - 0 47	h4h5 e6d6 e4f5	1750	0g0p111e1l1o1z
knoA9	8/8/p3k1p1/P2p1pP1/bPp1pP2/2P1P3/2NK4/4R2r b - - 7 46	h1h2 e1e2 h2e2 d2e2 a4c2	1750	0g0p10
leDtj	rnbq3r/ppp1k1pp/8/2b1N3/3PQ3/8/PPP3PP/RNB2RK1 b - - 0 11	d8d4 e4d4 c5d4 g1h1 d4e5	1750	010s101c
lpNVE	r5k1/ppR1Q1pp/4p1r1/5p2/4n3/8/PB1q1PPP/4R1K1 w - - 1 24	e7f7 g8h8 b2g7 g6g7 f7g7	1750	0y10131619
msPWm	5k2/3RR2p/8/3B1p2/1p4pP/1P2P1P1/P1r2P1K/2r1n3 b - - 12 35	c2f2 h2g1 e1d3	1750	0j0k0p13151o
nicL4	r6r/pp1k1pp1/2p1b3/8/3bP1p1/2NP2P1/PPP2PP1/R2QR1K1 b - - 2 14	h8h1 g1h1 d4f2 d1d2 a8h8 d2h6 h8h6	1750	0i0y1317191f1n1w
oTe6m	5k1r/2p2p1r/1b1p3P/1p2p2R/1p2P2Q/2PP1P2/qP1B4/2K4R b - - 2 31	a2a1 c1c2 b4b3 c2b3 a1a4	1750	0510111316191k
oeeJy	3r3k/ppQ2p1p/4p2q/8/4K1p1/8/P1P2PPP/5B1R b - - 2 24	f7f5 e4e5 d8d5	1750	0p13151o
pAmN8	r3kbnr/pppbq2p/3p1p2/1B1Np3/3nP3/3P1Q2/PPP2PPP/R1B2RK1 w kq - 3 11	f3h5 e8d8 d5e7	1750	0g1c1o
pIvOy	2rq4/4r1pk/p2pP3/1p1Pn2N/4R3/1pB3RP/P5P1/6K1 w - - 0 29	h5f6 g7f6 e4h4	1750	1315191n1o
qzuCI	r1b1r1k1/4qpp1/p3pn2/3p2N1/1ppP1P1Q/2P1R3/PP3PPP/2K4R w - - 0 20	e3h3 g8f8 h4h8 f6g8 g5h7	1750	101316191l1q
tEpIR	r1b1k2r/1p1qbppp/p2p1n2/1N6/8/4R3/P1PBQPPP/4KB1R w Kkq - 0 19	e3e7 d7e7 b5c7	1750	010s191g1n1o
uPJxI	1k1r2nr/1p4pp/n1p1pq2/2b5/4Q3/N1P5/PP3PPP/RNB2RK1 b - - 0 14	f6f2 f1f2 d8d1 e4e1 d1e1	1750	0s1013161c1g1n
vANFX	Q7/p2kr3/b7/6R1/5p2/1P6/P5PP/5qNK b - - 0 40	f1g1 h1g1 e7e1 g1f2 e1f1	1750	050p1013161d1n
vUBlq	2r2k2/pp1b2p1/1q2pb2/n2p4/3NN1Qr/P1P5/1P3PP1/R1B1R1K1 w - - 0 20	e4f6 h4g4 f6d7 f8g8 d7b6	1750	0g0s10191n
vXDH7	r3kb1r/pb3ppp/1p2p3/3qn3/1n1p4/1N4N1/PP3PPP/RBBQR1K1 w kq - 4 14	b1e4 d5d7 e4b7 d7b7 e1e5	1750	010j101c
vwJ5R	1r4q1/1b1nk1bN/pp1p3r/4pP2/1P1pP1P1/3P2Q1/P1P2KB1/R6R w - - 3 31	h1h6 g7h6 g3h4	1750	0g191o
xJ3jw	5r1k/1br1pQbP/p3B3/3p1R2/N7/1P2q3/P5PP/2q2R1K w - - 2 32	f7g8 f8g8 h7g8q	1750	000y1315191h1o
y09c8	b1r2r1k/p3R1pp/1p3p2/6q1/4P3/PQ3P2/1P2B1PP/3R2K1 b - - 0 23	g5c5 g1f1 c5e7	1750	0g0s191o
yLTiI	6k1/p5p1/1p2npQp/7N/8/q1P1P1P1/5P1P/6K1 w - - 2 33	h5f6 g8h8 g6h7	1750	0p13151g1o
zQJtk	r3kb1r/pp3pp1/4pn1p/qN1p1b2/1P1P1B2/4PN2/5PPP/R2QKB1R b KQkq - 0 11	f8b4 f3d2 b4d2 d1d2 a5a1	1750	0g1019
24j35	5k2/6p1/p4p1p/4nN2/P1n1R3/2P3PP/5K2/3r1B2 b - - 3 38	d1f1 f2f1 c4d2 f1e2 d2e4	1751	050g0p0s101n
4Q2LY	3k4/5K2/6p1/4Pp2/5P2/8/2p2r2/2R5 w - - 4 47	e5e6 f2e2 c1c2 e2c2 e6e7 d8c7 e7e8q	1751	000g0i0p0r1h1m1n1w
69Jle	r1bqk2r/p1p2ppp/1pn1p3/3nP3/P1BP4/5N2/2Q2PPP/R1B2RK1 w kq - 0 12	c4b5 c8d7 b5c6 d5b4 c6d7	1751	01101c1g
6bzWD	8/5p2/3p2p1/3Pb1kP/1P2K3/3B2r1/8/5R2 b - - 0 45	f7f5 f1f5 g6f5	1751	0p13151o
6iScl	5r1k/2pb2pp/1p1p4/p1nPp1B1/2P3qP/2N5/PPBQ2R1/5rRK b - - 7 29	g4h3 g2h2 f1g1 h1g1 f8f1	1751	050i0r0x0y10131619
7oKw0	5rk1/2p2p1p/5Qp1/4p3/1PR1Pn2/3PR2P/1q3PPK/8 b - - 2 32	b2f2 e3g3 f2g3 h2g3 f4h5 g3f3 h5f6	1751	01050p0s1n1w
95OJY	2kr1b1r/ppp1pppp/5n2/q7/8/1nNQ4/PPPB1PPP/R3KB1R w KQ - 4 11	d3h3 e7e6 c2b3	1751	011c1o
AcCyr	3k2r1/p7/2Qp2q1/8/8/8/P4rPP/6RK w - - 1 31	c6a8 d8e7 a8a7 e7f8 a7f2	1751	010p0r0s10
AltWP	r3b2k/2b5/1p2N3/4p3/p1P3pP/3KP1B1/6P1/5R2 b - - 0 40	e5e4 d3c2 c7g3	1751	0g0j0p1o
Eh4mZ	6k1/R4pp1/7p/p2Bp3/7n/2P4P/P1r3P1/7K w - - 2 37	a7a8 g8h7 d5e4 f7f5 e4c2	1751	0g0p0s10
ErRnX	3q2k1/2p2p2/1pQ1N3/1P2P2p/3r4/P6P/5PP1/2R2K2 b - - 0 31	d4d1 f1e2 d8d3	1751	0p13151o1u
EtT8J	4n3/5pk1/p2p2p1/1pr5/2BqN2Q/8/PPP5/1K5R b - - 3 29	c5h5 h4h5 g6h5	1751	01191o
FFeRL	r4rk1/1pp2pp1/p5b1/3q4/4p1P1/1PBP4/1PP1QR1N/R6K b - - 0 24	e4d3 e2f3 g6e4	1751	0g0j0k191g1o
FoWlV	r1r4k/5R1p/4Q1p1/p2pq3/1p1b4/2PB3P/PP4P1/7K w - - 3 27	f7h7 h8h7 e6g6 h7h8 g6h7	1751	05101316191n
GmPJf	6R1/p4Q1p/6pk/1p6/2nN4/2n5/Pr3PPP/2q2BK1 b - - 2 31	c1f1 g1f1 b2b1	1751	051315191n1o
Gs4gA	4r3/2k2r1p/1p4p1/NRb1p3/2R1P3/3P1P2/4K2P/8 w - - 7 40	c4c5 b6c5 b5b7 c7d6 b7f7	1751	0g0p10111n1p
HtIrd	r3kb1r/pp3ppp/4p3/3pP3/b1pP4/P1P2BP1/1PqQ1P1P/R1B2RK1 w kq - 2 17	f3d1 c2d2 d1a4 e8d8 c1d2	1751	0g0w1011191n1p
IwHpu	r3kb1r/ppp2pp1/2n1p3/3p4/3P1Bpq/3QP3/PPPN1PPN/R4RK1 b kq - 3 11	f8d6 f4g3 d6g3	1751	01191o
KcYat	1r1q1rk1/p1p1bppp/n3p1b1/8/4BP2/PPN5/1BPP2PP/R2Q1RK1 b - - 0 14	d8d4 g1h1 g6e4	1751	010y1c1o
KdxPE	5q2/5rk1/7p/3QN2P/3P4/r1PK4/8/8 w - - 0 40	d5g2 g7h8 e5g6 h8g8 g6f8	1751	010j0k0p0s1011
KzsAH	3qk3/1Qp2p1p/p2b4/3P3b/P3P1r1/2N5/1P3PPP/R4RK1 b - - 1 20	g4g2 g1g2 d8g5 g2h1 h5f3	1751	050y101316191n
LNWaJ	4r1k1/p3r3/1pp3pP/5p2/1PqBp3/P5Q1/5PP1/6K1 w - - 0 42	g3g6 g8f8 d4g7 e7g7 g6g7	1751	0p0r101316
LeTjK	6k1/p5pp/8/7K/3P1r1P/2P2r2/PP5Q/3R1R2 b - - 0 34	f4f5 h5g4 h7h5	1751	0p13151j1o
McKmX	r3kbnr/1pq3p1/p1n4p/5bN1/3PN3/8/PPP1Q1PP/R3KB1R w KQkq - 0 13	e4f6 e8d8 e2e8	1751	0k0m13151c1o
NOtdA	4r1b1/1p1q2kp/p4n2/P1p2QN1/2P2N1P/8/1P3PP1/6K1 w - - 0 29	f4h5 f6h5 f5d7	1751	0g0i191o
O6Kdc	r3qrk1/p7/1p2p2p/1P1pb1B1/5pQ1/1P6/P4PPP/3R2K1 w - - 0 26	g5f6 g8f7 g4g7	1751	0j0k0q0y1315191o
O8mLs	5rk1/6pp/p3p3/2q5/2Bpb2Q/8/P1P3PP/4R2K w - - 2 27	c4e6 g8h8 h4e4	1751	0g0p1o
OzNpK	8/p7/1p1R1R2/2r1k1p1/4pp2/P5PP/2r2P2/6K1 w - - 4 40	f6e6 e5f5 g3g4	1751	0p13151m1o
PMS9f	r2r2k1/1p2qppp/2p1p3/2b1Bn2/6N1/6QP/5PP1/1R2R1K1 w - - 4 28	g4h6 g8h8 h6f5	1751	0g0y191g1o
PVXCo	2kr1bnr/pppn2pp/8/5p2/2NPp3/1P2P3/PBQN1PqP/2R1K2R w K - 0 16	c4b6 c8b8 c2c7	1751	0j1315191g1k1o
QLiwQ	2k5/1R6/2K5/p2P3r/Pp6/8/8/8 b - - 6 71	h5h6 d5d6 h6d6 c6d6 c8b7	1751	0g0i0p101m
QlYIv	8/8/8/7r/3R3P/3p4/2k5/4K3 b - - 2 66	h5h4 d4h4 d3d2 e1f2 d2d1q	1751	000g0i0p0r101h1m1n
RKYCD	4r1k1/pR5p/3p1Qp1/2p2b2/2q5/6P1/P4P1P/5RK1 b - - 4 32	c4f1 g1f1 f5h3 f1g1 e8e1	1751	050p1013161f1n
RLG0y	2rq1rk1/p3bpp1/2p1pn1p/3pN3/3P2bB/P7/1PP1NPPP/R2QR1K1 w - - 4 15	h4f6 g4e2 f6e7 e2d1 e7d8	1751	01101c
TmpJo	8/6K1/8/3kP2p/8/8/8/8 w - - 0 51	g7f6 h5h4 e5e6 d5d6 e6e7 d6d7 f6f7	1751	000g0h0p1e1w
U4mna	2r2rk1/6pp/4pp2/1pnpR3/3B2P1/2P2P1q/PPBN3P/1R5K w - - 0 29	e5h5 h3h5 g4h5	1751	01191o1t
VByZ5	r1bqk2r/ppppnp1p/6p1/3N2B1/3nP3/8/PPP2PPP/R3KB1R w KQkq - 0 10	d5f6 e8f8 g5h6	1751	13151c1o
WSOLa	8/5p2/3K2pp/5P2/8/2k5/7P/8 w - - 0 48	f5f6 g6g5 d6e7 g5g4 e7f7	1751	0g0p101e
WZlcD	5rkr/2R1Qppp/3Np1b1/7n/3q4/1R3P1K/P5PP/8 w - - 17 31	e7f8 g8f8 b3b8	1751	051315191n1o
Xj8fV	r4rk1/4b2p/2Pp1npP/Q1n1pb2/8/4BP1N/PP4P1/K2R1B1R b - - 0 22	c5b3 a2b3 a8a5	1751	0w11121315191f1o
YnIUu	r3b3/1p3qpk/p3N1np/3pp3/8/2P3Q1/PPB1N1PP/6K1 w - - 2 31	c2g6 f7g6 e6f8 h7h8 f8g6	1751	050g0s1019
Z0WnC	7k/7p/5Np1/4B3/3p4/3P1BP1/2q2PKP/2n5 w - - 1 42	f6d7 h8g8 f3d5	1751	0j0k0p13151o
Z9VqU	r4rk1/1b1n3p/p2p1bp1/3p2N1/1pp2P2/2PQ4/qP2B1P1/1NK1R2R w - - 0 26	d3h3 f8f7 g5f7	1751	01191o
ZiIaj	6k1/pp5p/2p2rp1/2Pp2qb/1P1P1N2/P3Q1bP/6P1/5RK1 w - - 4 31	e3e8 f6f8 e8f8 g8f8 f4e6 f8e7 e6g5	1751	01050k0m0s191n1w
aUBt5	2r2r2/1p1nppkp/p1b3p1/q3p3/3N1P2/2N1Q3/PPP3PP/3R1RK1 w - - 0 17	d4c6 c8c6 d1d7	1751	010b0j191o
akBpc	4r3/ppp2kpp/2n5/6P1/5P2/4rB2/PPR2K1P/5R2 b - - 1 26	e3f3 f2f3 c6d4 f3f2 d4c2	1751	01050p0r0s101n
bLxD7	7Q/1p2qk1p/p1p4P/3p2p1/3P4/8/PPP2K2/8 w - - 0 36	h8h7 f7e6 h7e7 e6e7 h6h7	1751	000g0p0r10111i
cvv0q	8/6k1/6p1/1p2pp1p/p4n1P/P1P2PK1/1PB2QP1/6q1 b - - 2 39	f4e2 f2e2 f5f4 g3h3 g1h1	1751	0p1013161n
dSJ1e	8/2k5/8/2pR2P1/3P2K1/4p3/8/5r2 w - - 0 50	d5c5 c7d6 c5e5	1751	0g0p111m1o
dh6AE	4Q3/r4rkp/2p3p1/3p4/3P1P2/8/pq3PK1/3R3R w - - 8 33	h1h7 g7h7 d1h1 h7g7 e8h8	1751	050p1013161n
eXUl3	r1b2rk1/ppp1qp1p/2n1pbpB/8/2P5/2N2P2/PP2Q1PP/3RKBNR b K - 1 12	f6c3 b2c3 e7h4 g2g3 h4h6	1751	010d0r0s101c
eZpqk	5Q1k/pr4q1/8/8/2p5/8/P5PP/5R1K b - - 7 44	g7f8 f1f8 h8g7 f8f1 c4c3 h2h4 c3c2	1751	000g0p1w
fgHAK	5k2/1p2p2Q/p2r1p2/3q3P/8/5PRK/P7/8 w - - 3 36	h7h8 f8f7 h8g8	1751	0p13151o
fhNBk	2k4r/ppp2Rpp/1b6/3N4/6q1/8/PPQ1r1PP/3R3K w - - 3 23	d5b6 a7b6 c2c7	1751	1315191g1k1o
fk5e0	8/1Q3p2/pp1p1k2/4pPR1/2q1n2P/2P5/P1P1nPP1/R6K b - - 0 29	e4f2 h1h2 c4h4	1751	020j0p0y13151o
gKT6H	1k1r4/ppp3q1/2Bp3R/4pp2/4P1b1/P1P1QNP1/1PP2PP1/2K5 b - - 0 20	f5f4 g3f4 g7h6	1751	010v191o
gLR9e	r3k2r/2p2p1p/p3p1p1/1p1bB1q1/1Q6/4P3/PP3PPP/3R1RK1 w kq - 1 17	d1d5 e6d5 e5h8	1751	0g191o
gMIgV	7k/p1Qn1Bpp/1p6/2b5/8/7P/PP1p2PK/8 b - - 0 34	d2d1q c7d8 c5f8	1751	000g0p1h1o
guUjk	5r1k/1b4p1/p3p2p/3p3Q/3P4/1P1KP1R1/P1r3PP/8 b - - 3 36	f8c8 h5e8 c8e8	1751	010p1l1o
hqdJb	3r4/p1p1k3/4p2R/1p3p2/5P2/2N1b1P1/PPPr3P/1K3R2 b - - 0 26	b5b4 h6h7 e7f6	1751	010h0p1o
ir021	r4r1b/pR3p1k/3Q3P/2p1n1R1/2p2NN1/2q1P3/P5P1/6K1 b - - 0 26	c3e1 g1h2 e1h4 f4h3 e5g4	1751	0g0s1019
lQ9Vm	rnqk2nr/pb2p1pp/4B3/1p3Q2/3P4/4P3/1P3PPP/RNB1K1NR b KQ - 4 11	c8c1 e1e2 c1b2 b1d2 b2a1	1751	010s0t101c
lkslT	r3r1k1/ppp2ppp/2n2n2/3p1b2/3P1q2/P1PB1N1P/1P1N1PP1/R2Q1RK1 w - - 3 13	g2g3 f4h6 d3f5	1751	01191o
mF72H	r1bk3r/pp4Qp/3b4/2p5/2B4q/2P4n/PP4PP/RNB2R1K b - - 0 15	h3f2 h1g1 d6h2	1751	0y13151c1o
mlzN1	7r/2P5/8/3kB3/5K2/P7/1P6/8 b - - 4 55	h8f8 e5f6 f8f6	1751	0g0p1o
musL5	4r3/1b5k/3p3p/p3qpp1/1pQ5/1PbPN2P/2P2PP1/1B1R2K1 w - - 0 31	c4f7 h7h8 f7b7	1751	010s191o
oSzxu	8/pp1qnrk1/1n2Q1p1/3pP2p/3P3N/6P1/PP4KP/2R5 w - - 3 23	e6d7 b6d7 e5e6	1751	01191o
ojfEF	6r1/pp3q1k/3Pp3/8/7r/2P5/PP1Q1PPP/R4RK1 b - - 0 29	g8g2 g1g2 h4g4 g2h1 f7f3	1751	050p1013161n
pDAHL	r4rk1/ppq3p1/2pb2bp/3P1p2/4N3/3Q1PP1/PP1B3P/2R1R1K1 w - - 0 23	e4d6 c7d6 e1e6 d6d5 d3d5 c6d5 e6g6	1751	010d191w
pEUSv	5rk1/pp6/2p3Pp/3p3N/6b1/2PP4/P5KP/4R3 w - - 1 31	g6g7 f8c8 h5f6 g8g7 f6g4	1751	00010p0r0s10
qIgqk	r1bqrk2/ppp2p1B/8/2PpR1p1/3P2n1/P7/1PQ3PP/5RK1 w - - 0 19	f1f7 f8f7 c2g6 f7f8 g6g8	1751	05101316191n
qO7I2	r1b1kb1r/ppp1pppp/3q4/4n3/5Q2/2N5/PPP3PP/R1B1KB1R w KQkq - 2 10	c3b5 d6c6 f4e5	1751	011c1o
qkNFO	r1b1r1k1/ppp2pqn/2n4p/4N3/2BP2Q1/2P5/P4PPP/R4RK1 w - - 3 16	c4f7 g8f8 g4g7 f8g7 f7e8	1751	0g0s1019
qvuo0	8/1p4pk/7p/1q6/1Q6/1KP2P2/PP6/8 b - - 11 42	b5b4 b3b4 h6h5	1751	0g0p1i1o
t9AcB	r5k1/p6R/1pb1rBp1/8/6P1/2P2p2/PP2p2R/1K6 w - - 0 28	h7g7 g8f8 h2h8	1751	0p13151f1o
tHmv3	6k1/p1R5/b5P1/5N2/3p4/1P3n2/1PK5/4q3 w - - 0 43	f5h6 g8f8 g6g7 f8e8 g7g8q	1751	000i0p0r1013161h
tefAC	5r2/1p1bR1pp/3r2k1/p2N4/P1p5/2P2P2/1P4KP/3R4 w - - 5 28	d5f4 g6f6 e7d7	1751	0g0p1o
uQDl9	2r5/5p2/6p1/4k3/5PPP/4P1K1/1p6/1QqR4 b - - 0 45	e5f6 d1c1 b2c1q	1751	00010p1h1o
uoQks	r1bqk2r/1p3pp1/p1p5/2B1p3/4P3/2NB2p1/PPP2PP1/R2Q1RK1 b kq - 0 14	h8h1 g1h1 d8h4 h1g1 h4h2	1751	050y101316191n
veAVG	1k6/p4R1Q/Bp1q4/4p3/4P3/P1P1K2P/1P4r1/1R4r1 b - - 4 31	d6d2 e3f3 g2f2	1751	1315191o
wOA4L	5rk1/1p5p/p2Qbq2/6p1/5p2/8/PPrB1PPP/R4RK1 b - - 0 20	f8d8 d2c3 c2c3	1751	01191o
wnv3f	rnQ4r/1pNpn1k1/p6p/4P1p1/2qP1p2/8/PPP3P1/R1B1K2R w KQ - 1 16	c7e8 h8e8 c8c4	1751	0g0j191o
x8Ge2	6k1/5pp1/1b4p1/1PNp4/3P2P1/p1K4P/5P2/8 b - - 1 33	b6c5 d4c5 d5d4 c3d4 a3a2	1751	000g0p10
xWrEh	8/5p2/5kpp/4R3/5PPK/r7/7P/8 b - - 2 52	g6g5 f4g5 f6e5	1751	0g0i0p1m1o
xgqXI	rnbqk2r/pp2bppp/2p5/4N3/2Q5/3P4/PPP2PPP/RNB1K2R b KQkq - 0 8	d8a5 b1c3 a5e5	1751	010s1c1o
yeMGz	4Q3/6P1/4p3/1p1pP1k1/1PpP3p/2P1P3/5KP1/r6r b - - 1 45	a1a2 f2f3 h1f1	1751	0p13151j1o
1tQOy	6k1/5p1p/p2p3r/6q1/2P1Q2N/PP4P1/5PKP/8 w - - 3 35	h4f5 g5f5 e4f5	1752	0g0p1o
1xZgh	r4rk1/pb3ppp/1p1p4/2pP1n2/2PqNP1b/P4Q1P/1P2B1P1/R1BR3K b - - 8 20	d4e4 f3e4 f5g3 h1h2 g3e4	1752	050g0s10191n
2I0oK	b7/8/6k1/1P4p1/6K1/8/4B3/8 w - - 2 57	e2f3 a8f3 g4f3 g6f5 b5b6	1752	080g0p10
387rx	r2qkb1r/pp3ppp/2p2p2/n4b2/Q1BP4/2N1PN2/PP3PPP/R3K2R b KQkq - 0 9	b7b5 c4b5 c6b5 a4b5 f5d7	1752	010s1019
3iZYW	8/7p/2Q3pk/8/1P3n1P/P2P4/5qP1/5R1K b - - 0 37	f2h4 h1g1 f4e2	1752	0p13151o
5dVzK	5k2/5pp1/2p1p2p/1p1nq3/2n1N3/1rP2Q2/2R2PPP/3R2K1 w - - 6 28	e4c5 b3c3 c5d7 f8e7 d7e5	1752	010s1019
7jKCO	r4rk1/pppq1ppp/1b1p4/3N1n2/2Pn4/PP3PP1/4N1KP/R1BQ1R2 w - - 0 15	d5b6 a7b6 e2d4	1752	010w191o
7phY0	r4rk1/1p3ppp/p2pb3/b2Nq3/2B1P3/5P2/P5PP/1R1QR1K1 w - - 3 18	f3f4 e6d5 f4e5	1752	01191o1t
8X33T	5r2/pQ2Rr2/1p1P2pk/8/1P5p/5P1P/P2q2P1/4R1K1 b - - 0 37	d2e1 e7e1 f7b7	1752	0g0p1o
9fqNv	6k1/1p6/p2pRpnp/3P4/5PP1/3p1K1P/PP6/8 b - - 1 35	d3d2 f3e2 g6f4 e2d2 f4e6 d5e6 g8f8	1752	00010h0p0s1w
AEM2t	2r3k1/pp3ppp/2r5/4Q3/3p4/1P1P1P1P/1PPK1P2/q2R2R1 b - - 4 22	c6c2 d2e1 a1d1 e1d1 c2c1 d1e2 c8c2	1752	050p13171n1w
AQx26	6b1/4K3/2B2p1p/6p1/3k1P1P/6P1/8/8 w - - 0 52	e7f6 g5h4 g3h4	1752	080g0p1o
CN7n6	2k2r2/2p5/1Q4p1/3p1r1p/q1n5/4P3/5PPP/1RR3K1 w - - 1 30	b6e6 a4d7 b1b8 c8b8 e6d7	1752	010d0i1019
CZKRN	6k1/5ppp/P3p3/3p4/8/1P5P/1r2r1P1/R3N1K1 w - - 2 34	a6a7 e2e1 a1e1 b2a2 e1c1	1752	000g0h0p10
DxnO3	3r2k1/p4pp1/1p5R/2p5/6Q1/2q2N1P/P5P1/7K b - - 0 28	c3c1 h1h2 c1h6	1752	0g0p0s1o
EZu7y	q5k1/pb4bp/1p1N2p1/5p2/1P3n2/3Q4/Pr3PPP/2RR2K1 w - - 4 23	d3c4 b7d5 c4f4	1752	0g0s191o
ErEir	4r3/4rpk1/pq5p/1p3Pp1/1PpR4/P5QP/2P3PK/3R4 w - - 3 30	d4d6 b6e3 f5f6 g7f8 f6e7	1752	000g0p0s10
FcQ3k	r1b5/1p2kp1Q/p1n4b/4p3/5P2/1N4P1/PPP1N2q/2KR1B2 b - - 1 17	h6f4 e2f4 h2h7 f4d5 e7f8	1752	0g0h0j1019
GhJ6f	rn1qkb1r/pb3p1p/4pp2/8/7B/P1p2N2/4BPPP/R2QK2R w KQkq - 0 14	d1d8 e8d8 h4f6	1752	050g1c1o
HDXi4	8/6k1/6p1/p1P2pP1/8/1BK5/PP5r/8 w - - 0 38	c5c6 h2h8 b3e6 h8e8 c6c7 e8e6 c7c8q	1752	000g0p1h1w
HIwV2	4rk2/p4p2/7p/1P1pbNp1/P7/2r2RPP/6PK/4R3 b - - 6 31	c3f3 g2f3 e5g3 h2g3 e8e1	1752	0g0j0p10
HSkaF	2kr4/ppp2pr1/2n5/3pPP1p/3P2qP/2P1QRP1/P5K1/R7 w - - 7 25	f3f4 g4g3 e3g3 g7g3 g2g3	1752	011019
HiV4k	3rk2r/ppp1bpp1/2q5/7p/8/1BN4P/PP2QP2/R1B1nK2 w k - 0 19	b3a4 c6a4 c3a4	1752	01191g1o
I9ThP	8/q4p2/P1k1p1p1/2P4p/8/Q5PP/7K/8 w - - 1 41	a3f3 c6b5 f3b7 a7b7 a6b7	1752	000g0p0r101i
ICDnJ	rnbqr1k1/1p3p1p/p2pp2Q/6b1/4PNP1/5P2/PPP5/R2K1B1R w - - 3 17	h6h7 g8f8 f4g6 f7g6 h7h8 f8e7 h1h7	1752	0q0y1317191n1w
Iay0q	6k1/4rp2/p2p1RbQ/3P4/2p3P1/2P4P/1q2r1BK/5R2 w - - 0 31	f6g6 f7g6 f1f8	1752	0d0x1315191n1o
J8tk3	B2q1rk1/5pp1/p6p/1bp1bP2/2n1Q2P/2P3P1/PPN1P3/R3K1NR b KQ - 2 21	e5g3 e1f1 c4d2 f1g2 d2e4	1752	0g0s1019
KdOft	r4k1r/ppN2ppp/8/2b1B3/2B2K2/1P3P1q/P3N2P/Q6R b - - 0 20	h3h4 f4f5 g7g6	1752	1315191o
MAWMm	2r5/p5k1/7p/4P3/1pp2R1P/3p4/PP1K1PP1/8 b - - 2 39	c4c3 d2d3 c3c2	1752	000g0p111m1o
Mddjj	rnb2rk1/pp3ppp/1bp5/4N3/1P2P3/P4P1P/2P3P1/R1BK1B1R b - - 0 12	b6d4 a1b1 d4e5	1752	010s191o
Mijv1	8/4kp2/3qp3/PK4R1/7Q/8/8/3q4 w - - 0 73	g5g8 e7d7 h4d8	1752	0j0k0p13151o
NiLGJ	1R6/5p2/6k1/8/2q1NPP1/5P1K/r6P/8 w - - 1 47	b8g8 g6h7 e4f6 h7h6 g4g5	1752	0p0r101316
O5pZm	r6r/pp2k1pp/3p1p2/2pK1Q2/n3P3/8/P1P3PP/R6R b - - 3 21	a4b6	1752	0p13141b
OVQo3	rnbq2k1/pppn2p1/4p3/3p2NQ/3b1r1P/2N5/PPP2PP1/R3K2R w KQ - 0 13	h5h7 g8f8 g5e6	1752	0g0y191o
Op8ko	r2q1rk1/pp4pn/4pb1B/3pNp2/2pP1P2/2P1P2P/PP2Q3/R3K1R1 b Q - 0 22	f6e5 d4e5 d8h4 e1d1 h4h6	1752	010d0r0s1019
Oxyeq	1r4k1/5pp1/p6p/6q1/4P3/Pr3B1b/1P2QPP1/1R3RK1 b - - 2 25	b3f3 e2f3 b8b3 f3g3 b3g3	1752	0d0g10191g1n
QdJmU	6k1/p5q1/8/2p4Q/2P1P3/1P1Pb3/P4r2/6RK b - - 1 35	g7g1 h1g1 f2f5	1752	0g0j0k0p1n1o
SDLHY	4rk2/1p3pb1/p5r1/2p1p3/4Q3/1B1PR2q/PPP2P2/5RK1 w - - 2 25	e4g6 f7g6 e3h3	1752	0g191o
SUVcc	4r2r/ppp2k2/2n1qnp1/6B1/4N3/3P1Q2/Pb3PPP/R4K1R w - - 0 18	g5f6 b2f6 e4g5 f7g7 g5e6	1752	0110191g
TBtzf	1r3rk1/4bp2/bqnp2nP/2p1p3/4P3/N1PP1N2/BPK2P2/R5QR w - - 9 23	g1g6 g8h8 g6g7	1752	0y1315191g1o
TNp5o	2r3k1/6p1/2q1p2p/Q4pr1/5P2/P3PP2/1P5P/1B3R1K b - - 0 27	c6f3 f1f3 c8c1 a5e1 c1e1 f3f1 e1f1	1752	0d0p0s13171n1w
UPp8E	2r3k1/5ppp/Q3b3/8/pp1p4/3B3P/q1P2PP1/4R1K1 w - - 0 27	a6c8 e6c8 e1e8	1752	0p13151n1o
VsMEi	1k1r1bnr/pp1b1ppp/4p3/1B1pn3/1p1P4/4BN2/P2N1PPP/1RR3K1 w - - 0 14	f3e5 d7b5 e5f7	1752	01191o
VyM3O	7k/p7/1pQ1P3/4P3/1P3prq/1B3K2/P6P/8 w - - 2 38	c6e8 g4g8 e8g8 h8g8 e6e7	1752	000g0j0k0p0r101n
WqNFK	5rk1/1b3pp1/rN1p3p/4pP1P/1p1nP1P1/qB2Q3/P1PR4/1K5R w - - 1 25	b6c4 a3b3 c2b3	1752	0g191o1t
ZHXwQ	5rk1/2R1Qppp/8/1q5P/3p2BK/8/8/8 w - - 0 51	e7f7 f8f7 c7c8 b5e8 c8e8 f7f8 g4e6 g8h8 e8f8	1752	060i0p13181n1w
ZbovZ	7r/2kP4/8/R4Bp1/p4p2/1b6/6P1/6K1 w - - 2 48	a5c5 c7d6 c5c8	1752	0g0p1o
ays1G	1k1r3r/1p1bnpb1/pq1p3p/1N1P4/PPPNpp2/7P/4BPP1/R2Q1RK1 w - - 0 24	a4a5 b6d4 b5d4	1752	0g191o1t
cApYL	r3r1k1/1p3pp1/p1pRn1b1/4p2p/P3P1Pq/2N1BP1P/1P1Q2K1/3R4 w - - 8 29	d6e6 e8e6 e3g5	1752	01191n1o
cDEbL	8/PK6/1Bp5/2Pp2k1/8/6r1/7p/8 w - - 0 57	a7a8q h2h1q a8g8 g5f4 b6c7	1752	000g0p101h
f5qqf	5r2/2p3pk/3p2np/P1pPp2q/2P3b1/2B1R1P1/6QP/5R1K b - - 21 46	g4h3 f1f8 h3g2	1752	0g0y1112191o1r
fWVWa	6k1/5rp1/p1R5/2pp3P/6Q1/5qPK/P7/8 w - - 0 34	c6c8 f7f8 g4f3	1752	0g0p1g1o
frk3N	4r1k1/2pb4/6pB/3q4/p3P2n/6bP/PPN1Q1P1/5R1K w - - 0 36	f1f8 e8f8 e4d5	1752	010w191o
gLt7e	4rr2/2pk4/p1P3Qp/1p6/8/P1P1p3/2B3KP/8 b - - 0 42	d7c8 c2f5 c8b8	1752	010h0p111o
hOJtk	2r3k1/6pp/p3p3/3p1p2/bq1P4/4PPP1/1P1R1QBP/6K1 b - - 1 27	c8c1 g2f1 a4b5	1752	0g0p1o
iZeTP	r2qkbnr/1p3ppp/p1n1p3/4Pb2/2BP4/1QP2N2/P4PPP/RNB2RK1 b kq - 1 10	c6a5 b3a4 b7b5 c4b5 a6b5 a4b5 d8d7	1752	010h0s1c1w
nOQYd	r1b1k2r/3p1ppp/p7/2qPN3/1p1n4/2B5/PPP2PPP/R2Q1RK1 b kq - 0 15	b4c3 f1e1 e8g8	1752	010c0h191o
nRDEO	6k1/p2q3p/1pbp2pP/6b1/2PQ4/1P6/P7/5RK1 w - - 0 36	d4h8 g8h8 f1f8	1752	050p13151n1o
oB5Vz	2r5/3rnk1p/N3Np2/1pRb2p1/8/1P3P2/P5PP/3R2K1 b - - 0 27	d5e6 d1d7 e6d7	1752	010t191o
ojK6S	Q2Q4/p1p2ppk/7p/PPp3r1/5r2/1PP4q/5P1P/R2R3K b - - 0 28	h3h2 h1h2 f4h4	1752	050y1315191n1o
omnjK	r4r1k/pp4pp/8/3BN3/3q4/5Q2/Pb3PPP/1R4K1 w - - 8 26	e5g6 h7g6 f3h3 d4h4 h3h4	1752	101316191n
pPukr	rnb2rk1/ppB2ppp/2p1q3/3n4/2BP4/5N2/PPP3PP/R2Q1RK1 b - - 0 13	e6e3 g1h1 d5c7	1752	010w1c1o
pSCIr	6R1/8/8/P1p5/5k2/8/KP4p1/6r1 w - - 3 49	a5a6 g1d1 a6a7 g2g1q g8g1 d1g1 a7a8q	1752	000g0p1h1m1w
rUoES	2b2k2/6pp/8/p2p3q/PbpP4/6BP/1PR1rPP1/1Q1R2K1 b - - 3 38	c8f5 c2e2 f5b1	1752	01191o
rb7zH	8/2r1KPk1/1p1N4/p7/P7/1P6/8/8 w - - 5 54	e7e8 c7f7 d6f7	1752	0g0h0p1o
sGo2S	7Q/1ppk2p1/p1r1pp2/P7/1P3qP1/5B1p/7P/5R1K b - - 0 31	f4f3 f1f3 c6c1 f3f1 c1f1	1752	0p1013161n
tAVi0	2B5/2p5/1p1p4/p2P2kp/P1PP2n1/5KP1/8/8 w - - 0 40	c8g4 h5g4 f3e4 g5f6 e4f4	1752	0g0p101z
tzsMM	8/7k/2N1p2b/4Pp1Q/2P1n1p1/1P4P1/7K/5r2 b - - 0 45	f1h1 h2h1 e4g3 h1g1 g3h5	1752	050g0i0p0s10111n
v9zRl	3r1rk1/p1q2pb1/1pQ1p1pp/2n1N3/5P2/1PP5/PB4PP/3R1RK1 b - - 1 19	g7e5 c6c7 e5c7	1752	0g191o
wH40j	2r2k2/6RR/5p2/8/7P/2pr4/P4PP1/6K1 b - - 0 36	c3c2 h7h8 f8g7 h8c8 d3d1	1752	000g0p101m
xHEqb	1k2rR2/2p5/Qp1p2r1/3p3p/3P4/2P3qP/PP3RN1/7K b - - 12 30	g3h3 h1g1 g6g2 f2g2 e8f8	1752	010i0j0r1019
xcbsc	6k1/p6p/2p4b/2K5/P3R1pr/1P3R2/8/8 b - - 1 46	h4h5 c5c4 g4f3	1752	0g0p1o
xu4N7	4Rr2/pp1P4/2p3k1/5bpr/2P5/3P2Q1/P1P4p/7K b - - 2 28	f5e4 d3e4 f8f1 h1g2 h2h1q	1752	000d0p0r1013161h1n1u
yMsp3	3R2rk/pp3p1p/2p5/8/4p2r/2P1P1q1/PP2Q2N/3R3K b - - 1 30	h4h2 e2h2 g3f3 h2g2 f3g2	1752	0r0s101316191n
zaUnb	r2n2k1/2r1Rpp1/p3p2p/P3P3/3P1Q1P/2q2P2/5P2/1R4K1 w - - 5 31	e7e8 g8h7 f4e4 g7g6 e4a8	1752	0g0s1019
zfzdK	8/3P4/1b4k1/3B2pp/8/3b1K2/4R3/8 b - - 0 47	g5g4 f3f4 d3e2 d7d8r b6d8	1752	0g0p10
1IWWG	r1b1qrk1/4nppp/p2Rp3/1p6/Q7/P1N1P3/1P3PPP/4KB1R w K - 0 19	f1b5 a6b5 a4a8	1753	01191o
1Jjkm	1r3rk1/ppq1bpp1/4pn1p/n2p4/3P3B/2PB1Q2/3N1PPP/RR4K1 w - - 0 18	h4g3 e7d6 g3d6 c7d6 a1a5	1753	010i1011191p
1VQWw	r4rk1/5ppp/p3p3/5P2/P5NQ/5R1P/1Pn1p1P1/3qR2K w - - 4 27	g4f6 g7f6 f3g3 g8h8 h4f6	1753	0w0y101316191n
3CYIm	r3r1k1/ppp1qp2/5bpp/8/3N2n1/1BP1PpP1/PPQ5/2K1R2R w - - 0 21	c2g6 g8f8 g6g4	1753	0g0y191g1o
3hRJk	5r2/Q3npk1/4qp1p/3pp3/7N/3R4/P1r2PPP/4R1K1 w - - 0 26	a7e7 e6e7 h4f5 g7h7 f5e7	1753	01050s10191n
4lquk	8/p7/5pp1/2pk3p/5PP1/1P1K3P/P7/8 w - - 0 35	f4f5 g6f5 g4h5	1753	0g0i0p1e1o
5E7Gl	8/8/3b3p/2p1p1p1/1pP1P1Pk/1P2BK1P/8/8 w - - 1 32	f3g2 h6h5 e3f2	1753	080p13151o
6QsSl	6N1/pppk4/5p2/P2p3p/1P1P1qr1/2PQ3K/5P2/R5R1 b - - 0 29	g4h4 h3g2 h4h2 g2f1 f4f2	1753	0p0r101316
7v1EK	6k1/R4R1p/8/8/7P/5K2/r5r1/8 b - - 0 29	a2f2 f3e3 f2f7	1753	0g0p111m1o
89Q4w	7n/1p5P/8/5K2/8/2k5/8/8 w - - 2 59	f5f6 b7b5 f6g7 b5b4 g7h8 b4b3 h8g8 b3b2 h7h8q	1753	000d0g0p0z1h1t1w
8pNUb	1k1r3r/pp3ppp/4pn2/3P4/2q1P3/b1B5/1PQ2PPP/5RK1 w - - 0 21	c3e5 a3d6 e5d6 d8d6 c2c4	1753	0110191k
9Cbp7	r1bk3r/pp1npnbp/6p1/3N2B1/8/8/PP3PPP/R3R1K1 w - - 0 16	g5e7 d8e8 d5c7	1753	1315191o
C6wZQ	8/pp4k1/r2K2p1/8/2B1P3/8/8/8 w - - 6 39	c4a6 b7a6 e4e5 a6a5 e5e6 a5a4 e6e7 g7f7 d6d7	1753	000g0h0p111l1w
CATSa	6k1/r4p1p/ppN2bp1/2pP4/P1P1Bn1q/5K2/1PQ2P2/R4R2 b - - 9 26	h4h3 f3f4 g6g5	1753	1315191n1o
DPbnY	rn3rk1/ppp3p1/7p/3Np1q1/4n3/4P2P/PPP1BP1K/RN1Q1R2 b - - 2 14	f8f2 f1f2 g5g3 h2h1 e4f2	1753	050f0s0w1013161c1n
DSl6w	1k1r3r/1pq3b1/1Qp1p1pp/2P1p3/3P4/R3BN1P/PP4P1/2K5 w - - 2 26	a3a8 b8a8 b6c7	1753	0g0i191k1o
FVNNs	8/p5k1/1p6/1P1Q4/3P4/3KPn1p/6q1/3R4 b - - 2 47	f3e1 d1e1 g2d5	1753	0g0j0p1o
HYJZr	8/p2rNpkp/3q2p1/3n4/8/1Q5P/PP3PP1/3R2K1 b - - 0 25	d7e7 b3d5 e7e1 d1e1 d6d5	1753	010i0p10
HygnL	8/p6p/k7/3Kp3/8/4P1P1/7P/8 b - - 1 31	a6b5 d5e5 a7a5 e5d4 b5b4 d4d3 b4b3	1753	0g0h0p1e1l1w
I60FU	7r/pp2kppp/4p3/qB6/3P4/4Q1P1/7P/r3R1K1 w - - 1 30	e3g5 e7f8 g5c5 f8g8 c5c8 a5d8 c8d8	1753	060p13171w
J31CM	rn1q2k1/1b4p1/p3RrQp/1p6/8/2bB4/PPP2PPP/R5K1 w - - 2 18	e6e8 d8e8 g6e8	1753	0g0s191o
JX8Bq	4R3/p1p3k1/1p3q1p/6p1/2P2p2/1P1n1P2/P5PP/4R2K w - - 3 31	e1e7 g7g6 e7e6	1753	010p1g1o
Jz3G4	2rq1r1k/6pp/1n3p2/1p2p3/p3P2R/P5RP/BPp3PK/2Q5 w - - 4 30	g3g7 h8g7 c1h6 g7h8 h6h7	1753	050y101316191n
KoXVJ	3rkb1R/5pp1/p1b1p1P1/1pp5/4P3/2N1QP1B/PPP4q/2K5 w - - 3 22	g6f7 e8f7 h3e6 f7e6 h8h2	1753	0004050g0j1019
L0t6g	2Q5/q6k/p2P2pp/1p6/8/4n3/P3PP1P/4b1K1 w - - 0 34	c8c7 a7c7 d6c7 e3f5 c7c8q	1753	00010p101h
M4kdC	4r1k1/pp3pp1/7p/2p1q3/3p4/P4PQP/1Pr5/R5RK w - - 4 27	a1e1 e5g3 e1e8 g8h7 g1g3	1753	010p0w101n1p
MmniG	8/7p/8/8/1KR5/4k2r/5rRP/8 w - - 1 56	c4c3 e3e4 g2f2	1753	0g0i0p1m1o
O5Lun	r4rk1/ppp2pbp/5np1/6B1/3qN1b1/2N2Q2/PPP3KP/R3R3 w - - 0 18	e4f6 g7f6 f3f6 d4f6 g5f6	1753	010y1019
ONtMr	8/p4pkp/2r1pq2/8/1P3P2/P7/K3Q2P/4R3 w - - 0 41	e2g2 f6g6 g2c6	1753	0g0p0s111o
PiQ0f	3r1r1k/pp5p/5q2/1Bp1nN2/2P2QP1/1P5P/PB1P4/2KR3R b - - 0 29	e5d3 c1b1 f6b2	1753	0j0s1315191o
Q8QD6	4k3/8/1R2r2P/1p1p2p1/5bP1/PKP1r3/1P3R2/8 w - - 1 47	h6h7 e6b6 h7h8q	1753	000g0p1h1o
QHn2I	3r1r1k/pp1q1p1p/4pp2/8/1n5N/3P2R1/P4PPP/R2Q2K1 w - - 5 19	d1g4 f8g8 g4b4	1753	01191o
R6kzP	4R3/5ppk/4rq1p/8/Q7/P4B1P/1P3PPK/5b2 b - - 0 37	f6e5 h2g1 e6e8	1753	0g0p0w1o
RV5Bv	r1bq3Q/3nbkp1/1pp1p3/p2pP1P1/5r2/2P1P3/PP3PP1/R3K2R w KQ - 2 18	g5g6 f7g6 h8h5	1753	051315191o
U2HGe	r3k2r/pbp1nppp/1p2p3/3R4/q1B5/3Q1N2/P4PPP/5RK1 w kq - 2 19	c4b5 a4b5 d5b5	1753	010s191o
UOW6i	2k1r3/3rn1p1/1Rn1R3/p2p4/P4BP1/2P4p/5P1P/5K2 w - - 1 27	b6c6 e7c6 e6e8	1753	01191k1o
V6tHX	2r5/4bpkp/pq6/1p1pP2Q/5B2/P3P3/1P1n1PPP/1B4K1 w - - 0 24	h5h7 g7f8 h7h8	1753	1315191o
Vl2zi	r3r1k1/1R3ppp/p2b1n2/2Rpp3/P7/q3PN2/2Q1BPPP/6K1 w - - 1 23	c5c3 a3a1 b7b1 a1c3 c2c3	1753	010h10191t
VwYO8	8/p2rnpkp/bbpNp1p1/4P1B1/B1p5/7P/PP4P1/3R3K w - - 4 23	d6e8 g7f8 d1d7	1753	0g0j191o
W8XTx	8/2Q2p1k/p3pb1p/6p1/P1B5/1P3NKP/5PP1/2q4r w - - 0 33	c7f7 f6g7 c4d3 h7h8 f7e8 g7f8 e8f8	1753	0p0s13171w
WPJ94	2r3k1/4Bp1p/1q1p2p1/1p1Q4/8/rn3N1P/1b3PP1/5RK1 w - - 0 25	f3g5 c8f8 e7f8 b6a7 f8d6	1753	011019
XsvoU	2k4r/ppp3pp/1b6/5q2/1P1rN3/2QP4/P4PpP/2R1R1K1 w - - 0 24	c3d4 b6d4 e4d6 c8d7 d6f5	1753	0g10191g1n
Zcczs	r1bR4/pp3kb1/2q3pp/4p3/5p2/2P4P/PP1BQPP1/R5K1 b - - 1 22	c8h3 g2h3 a8d8	1753	010j191o
ZiZgf	8/5k2/2p2p1p/1pP1p2P/pP2K1P1/P5P1/8/8 b - - 4 42	f7e6 e4e3 e6d5 e3d3 e5e4 d3c3 d5e5	1753	0g0h0p1e1w1z
ZnUcE	1n3k2/1b3qbQ/4p2p/8/3p1P2/2pB3P/6P1/2B4K w - - 0 35	c1a3 f8e8 d3g6 f7g6 h7g6	1753	0g10191g
bLUhl	r1b5/pp2qp1k/2p2Brp/8/3P2p1/2N2Q1P/PPP2PP1/3RR1K1 b - - 0 21	e7e1 d1e1 g4f3	1753	010y191g1o
dgMXs	6k1/5pp1/pb1r3p/3Br3/q1p5/2P1P1P1/PP1R1PQP/3R2K1 b - - 0 37	e5d5 d2d5 a4d1 d5d1 d6d1 g2f1 d1f1	1753	010y191w1y
dpC3E	r1b1kb1r/pp3ppp/4p3/2pq4/4nP2/5N2/PPP1Q1PP/RNB2RK1 w kq - 0 10	f1d1 d5c6 f3e5 c6a6 e2e4	1753	01101c
eWbGj	1r6/4ppkp/2pp1np1/p7/P1B1P1P1/q2Q1P2/Nr5P/K2R3R b - - 5 21	b2a2 c4a2 a3b2	1753	0d1315191n1o
f7vaN	6k1/6pp/1B2R3/8/8/2r5/r6P/5K1R b - - 0 34	c3c1 e6e1 c1e1 f1e1 a2a1 e1e2 a1h1	1753	050g0p0r1p1w
jXAI9	r1bqk2r/pp3p1p/2n3pB/3B4/8/5P2/PPP3PP/R2QK2R b KQkq - 0 14	d8h4 e1f1 h4h6 d5c6 b7c6	1753	010s1019
kM5cM	6k1/6p1/p5p1/7p/r1p1P2K/2Pr1R1P/1R4P1/8 w - - 0 36	b2b8 g8h7 f3f8 g6g5 h4h5	1753	0g0p101l1m
kvz6f	4rrk1/5ppp/2bqpn2/pp4Q1/5N2/1B1PR2P/2P2PP1/5RK1 w - - 0 26	e3g3 g7g6 g5f6	1753	01191l1o
lPkMu	8/2p5/5p2/2P1bKp1/1p2P1N1/1P5k/8/8 w - - 0 46	g4e5 f6e5 f5g5	1753	0g0p1o
lbWJT	r1bqkbnr/5ppp/p1npP3/2p5/2p1P3/5N2/PPP2PPP/RNBQ1RK1 w kq - 0 8	e6f7 e8f7 d1d5 f7e8 d5c6	1753	000104050s101c
lfabh	r2qr1k1/ppp2ppp/2n5/1N6/PnBp4/1P3QPP/2PK1P2/R6R w - - 1 16	c4f7 g8h8 f7e8	1753	010s191o
lhMS5	8/1p6/8/1K6/1P2N1pp/8/5P1k/8 b - - 0 48	h2g2 b5c4 h4h3	1753	0g0p0z1o
mwMn9	3rRrk1/p2P3p/1p4p1/2p5/2b5/7P/PP2R1P1/6K1 w - - 0 31	e8d8 f8d8 e2e8 g8f7 e8d8	1753	050d0g0p10
nYdhe	3r3r/1qkb1ppp/Q3p1n1/n3P3/2Np1P2/1P6/P1P3PP/R4R1K w - - 0 21	a6d6 c7c8 c4b6 b7b6 d6b6	1753	0g0r1019
nohUB	8/8/PR4pp/1P2k3/2p2n2/3p4/3K4/8 b - - 0 43	c4c3 d2c3 f4d5 c3d3 d5b6	1753	050g0p0r0s10
ptzHB	2kr3r/pp1n4/2p1p2q/8/2PP1p2/7N/PP3PPP/R2QR1K1 b - - 2 21	d8g8 d1f3 h6h3 f3h3 h8h3	1753	0110191g
qflSZ	5rk1/ppp2qb1/3p1r1p/8/3P4/4PNQP/PPP2PP1/R4RK1 b - - 3 20	f6g6 g3h2 f7f3	1753	010j191g1o
qrcgM	8/p4rk1/1p2b1pp/3pPn2/2pP1R1P/2P5/P1q1B1Q1/5R1K b - - 1 34	c2e2 g2e2 f5g3 h1g2 g3e2 f4f7 e6f7	1753	01050r0s191n1w
riVYi	6rk/1b1p1p1p/p1n2pr1/q3pN2/4PP1Q/P4R2/1PP3PP/R5K1 w - - 3 21	h4h7 h8h7 f3h3 g6h6 h3h6	1753	050y101316191n
rieAV	1r6/pk4pp/p3pn2/1N2Nb2/P4P2/8/5PPP/2R3K1 w - - 1 21	c1c7 b7b6 e5c4	1753	0p13151o
s3xmv	8/1Q1nqk1p/2p2p2/1B1p1Pp1/1P1P2P1/2P2K1P/3B4/8 b - - 0 46	d7e5 d4e5 e7b7	1753	010j0p1o
sgYws	8/3R1pBk/5P1P/4p1p1/5r2/P2p3K/5P2/8 b - - 1 45	f4d4 d7b7 d3d2	1753	000g0p1o
tglDH	3r2k1/1p1Q1pp1/p1r1N2p/6q1/1Pp5/2P1P2P/P1B3P1/R4RK1 b - - 0 24	g5e3 g1h1 d8d7	1753	0g191o
uEHNY	2kr4/Qpp1q3/4p1p1/5p2/2PnN1Pp/1P5P/P3nPK1/5R2 w - - 0 28	e4c5 e7c5 a7c5	1753	01191o
uFcZx	3qk2r/p2n1p1p/1r1Bp1p1/3N4/8/3Q4/P1PR1PPP/b5K1 w k - 0 20	d5c7 d8c7 d6c7 b6b1 d2d1 b1d1 d3d1	1753	01191w
uJEPa	2kr4/3r4/p6p/Qp3qp1/3P4/K1P3B1/P6P/8 w - - 0 43	a5a6 d7b7 a6c6 b7c7 c6c7	1753	0p0r101316
wIR1O	4N3/3R2pk/7p/4p2P/np2P3/p4P2/2r3P1/K7 w - - 0 39	e8f6 h7h8 d7d8	1753	0p13151g1o
xoYnl	4k3/p1pp4/2p1p2Q/5p2/2R2P2/6q1/P3r3/2K5 w - - 0 31	h6h5 e8e7 h5e2	1753	010p0s1o
yYzWt	1k1r1r2/1bpqppbp/3p1np1/Q7/2BP4/P3BN2/1P2NKPP/1R5R b - - 0 20	f6g4 f2e1 g4e3	1753	010i191o
yZrtx	2kr3r/1pp2ppp/4p3/4Bq2/2nP4/P2Q1P2/4K1BP/R6R b - - 1 21	f5d3 e2d3 c4e5	1753	050g191g1o
ycnor	r2q1rk1/4ppbp/p2p1np1/1pn5/5B2/2PBPN1P/PP3PP1/2RQR1K1 b - - 1 13	e7e5 f4g5 e5e4 d3c2 e4f3	1753	010s101c
yn8uT	5k2/5pRp/2r2P2/1pp5/8/8/2r3PP/4R1K1 w - - 8 30	g7g8 f8g8 e1e8	1753	050p13151n1o
1CNdf	r6r/4bpk1/p2q2np/2p1p3/1pP1PPQ1/1P1B2RP/P5P1/R1B3K1 b - - 0 29	d6d4 g1h2 d4a1	1754	0g0s191o
1Wvqv	r3k1nr/pp1n1ppp/2pbp3/3p1b2/1q1P1B2/2N1PN2/PPP2PPP/R1Q1KB1R w KQkq - 8 9	a2a3 b4b6 f4d6	1754	0g1c1o
33flS	rn2n2r/p3kppp/2pNp3/3q1b2/1P1P1B2/P3PP2/6PP/R2QK2R w KQ - 1 16	e3e4 d5d6 f4d6	1754	010s191o1t
4IgT4	1r6/8/3Nk2R/2P1pp1p/6pP/1p2P1P1/5P2/6K1 b - - 1 36	e6d5 c5c6 b3b2	1754	00010h0p1o
4UuQ7	r3r1k1/ppp3p1/7p/3pq3/8/2P2R2/P1P1Q1PP/5RK1 w - - 0 19	f3f8 g8h7 e2e5 e8e5 f8a8	1754	0g0p0w10
5IWEs	r3r1k1/p6p/4R3/p2p2p1/3P1P2/P2pn1P1/1P4BP/1R4K1 w - - 1 24	e6e3 e8e3 g2d5 g8f8 d5a8	1754	0b0g0p0s10
7nc4d	5kr1/Q4p2/4pK2/3RPP2/5R2/4q3/P6P/8 b - - 2 30	g8g6 f5g6 e3f4	1754	0p0q13151o
7ro8L	8/1b3pk1/p2p2p1/1pp4r/4P3/5PNq/PP2QRP1/2R3K1 b - - 0 29	h3h2 g1f1 h2h1 g3h1 h5h1	1754	060s101316191n
8hf9c	1k1r4/ppp4p/1q6/1r6/2PP4/7P/QB3PP1/1K1R3R b - - 0 25	b5a5 a2a5 b6a5	1754	01191o1t
AsiCH	2b5/1p1p1pk1/1pn2Np1/2p1P1P1/7R/2P3P1/2r2PK1/8 w - - 0 29	h4h7 g7f8 h7h8 f8e7 h8e8	1754	0p0q0u101316
FCOu2	r4r1k/4Nppp/p5n1/1p5R/5R2/3pq1P1/PP4KP/3Q4 w - - 2 25	h5h7 h8h7 d1h5	1754	02050y1315191n1o
GdSDg	1k1q2r1/1pp1b3/p7/7Q/PPPnN3/3PBp2/5PPP/R4RK1 b - - 4 29	d4e2 g1h1 f3g2	1754	000y1315191g1o
HXsXE	rn1qr1k1/pb3p2/1p2pbpQ/3P4/2n2P2/P6R/1B4PP/RN4K1 w - - 2 19	h6h8 f6h8 h3h8	1754	0y1315191d1n1o
IDA04	6k1/3r1pBp/p3pPr1/1p6/2p1qPRQ/4b2P/PP4PK/8 w - - 0 30	h4h7 g8h7 g4h4 g6h6 h4h6 h7g8 h6h8	1754	050y1317191d1n1w
IXeFp	6k1/4br1p/3pQ1pB/p2Bp3/2p5/1r4PK/5q2/4R3 w - - 4 40	e6c8 e7f8 c8f8	1754	1315191g1o
ImCJR	8/7p/5Q2/3kP3/qp5P/8/6P1/7K b - - 0 76	a4a1 h1h2 a1e5 f6e5 d5e5	1754	0g0p101i
KMbVX	r1bq3r/pp2kpQn/2p2p2/3p4/3P1N2/4P3/P4PPP/R4K1R w - - 0 17	f4g6 e7d7 g6h8	1754	0111191g1o
KOt7v	r4rk1/pp3pp1/2pp2n1/6p1/8/2PB3R/PPP1KP2/7R w - - 2 23	h3h8 g6h8 d3h7	1754	0p0y13151n1o
KxNBu	7r/pk2r1b1/1p1pNnBp/6p1/8/4P3/6PP/2R2RK1 w - - 6 25	e6g7 e7g7 f1f6	1754	010b191o
LEmXB	r1b1k2r/pp4pp/2p5/4Np2/2pP3B/b1qnP3/P4PPP/1R1QRK2 w kq - 2 19	d1h5 g7g6 e5g6 h7g6 h5h8	1754	011019
Mt42h	r1b1k2r/pp3ppp/5n2/2p5/5b2/2NP1B2/PPP1K1Pq/R1BQ1R2 w kq - 4 14	c1f4 h2f4 f3c6 b7c6 f1f4	1754	0g0j101c
Mw3fk	6r1/5k2/2p1p3/B1Pp4/p2P1P1q/P3P1rP/4QRPK/8 b - - 5 31	g3h3 g2h3 h4g3 h2h1 g3g1	1754	0d0p1013161n
N5AqZ	5k2/Q1P5/3q1p1p/5Bp1/2np2P1/7P/P5K1/8 b - - 0 41	c4e3 g2f3 d6f4 f3e2 f4f1 e2d2 f1d1	1754	0p13171w
Nw0wl	r2qr1k1/pp1nn1pp/2pb1p2/3p3b/3P3B/2NB1N1P/PPP1QPP1/R3R1K1 w - - 1 13	e2e6 g8h8 e6d6	1754	010s191o
OsSdv	8/8/2pk1ppp/P2p2P1/P2P1K1P/2P5/8/8 b - - 0 45	f6g5 h4g5 h6h5 a5a6 d6c7	1754	0g0h0p101e1l
Qrm8C	6k1/5p1p/3p2p1/p2Pn3/4P3/P3Q1PP/2qN1P2/6K1 b - - 2 33	c2d2 e3d2 e5f3 g1f1 f3d2	1754	050g0p0s101n
Sze0h	r1b1k2r/1p1nnpbp/pqppp1p1/3P3P/4P3/2NBBN2/PPPQ1PP1/R3K2R b KQkq - 0 10	b6b2 a1b1 b2c3	1754	01191o
Txkcp	4n3/4k3/3p2bQ/2pPp3/8/4B1r1/8/2K5 w - - 0 65	h6h4 e7f7 h4g3	1754	0g0p0s111o
U7Z8p	2krr3/ppp5/8/8/3n1Q1p/P1NB1PpP/1PPK2P1/q2R3R b - - 8 27	d4b3 c2b3 a1b2	1754	0q1315191n1o
UfSQw	1r2r2k/2p4p/p5p1/1p1B4/6b1/2N5/P4P1P/4RK1R b - - 1 25	g4h3 d5g2 e8e1 f1e1 h3g2	1754	011019
VIaMd	2k4r/ppp2pp1/2B2r2/7q/3P2b1/PQ2P1P1/1P1BR2P/5RK1 b - - 0 23	f6f1 g1f1 g4e2	1754	050g0y191o
XhNMA	3qr1k1/pb3pp1/1pr1n2p/3R1B2/8/2N1P3/PPQ2PPP/5RK1 b - - 0 19	d8d5 c3d5 c6c2 f5c2 b7d5	1754	010j101119
XjhyV	2r1r1k1/5pbp/p5p1/1pP5/3qn3/3N1P1P/PPQ3PB/R3R2K b - - 2 25	d4d3 c2d3 e4f2 h1g1 f2d3 e1e8 c8e8	1754	01050s191n1w
Xxhu9	2r4r/pk1q1p2/1p1p3p/1N1Pp3/4Pnp1/1Q3P2/PPR3PP/2R3K1 b - - 1 22	f4e2 c2e2 c8c1	1754	0g0i191o
Ylqq0	4r1rk/2Q5/3p1qp1/8/1PP4p/5P2/P4PRP/6RK b - - 1 28	f6f3 c7d6 h4h3 d6g3 h3g2	1754	00010p10
ZFQwa	4r1k1/5ppp/5n2/8/p2P4/P2rNP2/1P3K1P/3RR3 b - - 6 24	e8e3 e1e3 d3d1	1754	010b0i0p1o
ZY7Ir	5r2/1R3P2/8/p2k1K2/8/2p5/P7/8 b - - 1 42	c3c2 b7c7 f8f7 c7f7 c2c1q f7d7 d5c6	1754	000g0i0p1h1m1w
b3wQC	2rqkb1r/p2b1ppp/2B1pn2/8/Q1p5/6P1/PP2PP1P/RNBR2K1 b k - 2 11	c8c6 a4c6 d7c6 d1d8 e8d8	1754	01101c
bPywt	5rk1/N2B1p1p/1p2pnp1/p5Q1/P2P4/2P4b/1P3P1q/R3K1R1 b Q - 0 20	f6e4 g5g3 e4g3	1754	0g191o
bpZ7x	r1b2rk1/1p4p1/2p3P1/p3q3/2P5/8/PPBn2P1/2K2R1R w - - 0 22	h1h8 g8h8 f1f8	1754	050i1315191o
eo8i6	3r2k1/5pPp/1p4p1/p1p2n2/4q1N1/5PP1/PB4KP/R1Q5 b - - 0 25	e4e2 g2g1 d8d2	1754	01191o
exGsE	8/6k1/3p2p1/1P2n3/2PK2P1/p3N3/P4r2/4R3 b - - 0 46	e5f3 d4c3 f3e1	1754	0g0p0s1o
fNJpk	4k3/2p1bp2/Q4p2/N3p3/1Pp1P3/2P3P1/PK2R3/2r4q b - - 0 36	c1b1 b2a3 h1c1 a3a4 c1d1 a4b5 d1e2	1754	010p0s1w
gXYF6	6k1/2p1q1p1/3p3p/R2Pp3/2P1npQ1/8/5PPP/1r2B1K1 w - - 3 31	a5a8 g8f7 g4f5 e7f6 f5e4	1754	010p0s10
hMrFP	r4rk1/p5pp/2Qb2q1/5b2/3p4/1P1P3P/P1PB2P1/3NRRK1 b - - 0 29	d6h2 g1h2 g6c6	1754	0g0j191o
iOKqd	r4rk1/pp1n1p1p/1q2N1p1/4R3/3P4/2P5/PPQ2KPP/R1B5 b - - 0 18	f7e6 f2g1 d7e5	1754	0g0j0k191g1o
isFcz	6k1/p6p/1p4p1/6r1/4Q3/PPq2rPP/5P2/3R1RK1 b - - 0 37	f3g3 f2g3 c3g3 g1h1 g3h3	1754	0p1013161n
j6TMP	5q2/5rkp/p1p3p1/4p3/8/2Q5/PPP3PP/3R1rRK b - - 11 33	f1d1 c3e5 g7g8	1754	0g0h0p1o
j9bRS	rnbqr1k1/pp3ppp/2p2n2/3p2B1/1b1P4/2N2N2/PPP1QPPP/2K1RB1R w - - 2 10	g5f6 e8e2 f6d8 e2e1 f3e1	1754	01101c
kJqxa	7R/8/5K2/5Pr1/5k2/7p/8/8 w - - 7 60	h8h4 g5g4 h4h3	1754	0g0p1m1o
ljE9C	rn3r2/pp3pk1/5Npp/4P2Q/2bp1P2/4n1R1/PqP3PP/4R2K w - - 0 22	h5h6 g7h6 g3h3 h6g7 h3h7	1754	050u101316191n
lo620	5b2/p2n1k2/qpp2p1p/3p2p1/3P4/1PPN3P/P3QPPB/6K1 w - - 0 25	d3e5 d7e5 e2a6	1754	0g0j0p1o
mIVE2	r1bqr1k1/pppnbp2/3p1n1p/5N2/2B1P3/2N5/PPP2PPP/R2QR1K1 w - - 0 11	f5h6 g8g7 h6f7 d7e5 f7d8	1754	0g0y101c1t
pwu8I	r2qkbn1/pp1np3/2p2p1r/2Pp2p1/1P1P4/P2BPQ2/3N1PPP/R3K2R w KQq - 2 14	f3h5 h6h5 d3g6	1754	1315191n1o
qWgWC	4r1k1/pb4p1/1p1qpr1p/1Q2Np2/1n1P1P2/1B4P1/PP5P/2R1R1K1 b - - 8 23	d6d4 g1f1 b7a6	1754	0g191g1o
sfVav	2r2rk1/pp1b4/7p/3p3q/5R2/PP4P1/2BQ2KP/5R2 b - - 2 31	d7h3 g2g1 h3f1	1754	0g191o1p
sqocW	8/1p1bkp2/7r/2P4p/1P2Q1pP/4P1q1/4B1P1/1R3K1R b - - 3 25	h6e6 e4f5 e6f6 f5f6 e7f6	1754	010h10191g
tvozR	rnbq1rk1/1p4pp/4pn2/2Q2p2/p1P2B2/P3P3/1P1NBPPP/R3K2R b KQ - 0 13	d8d2 e1d2 f6e4 d2c2 e4c5	1754	01050s10191n
xI6jM	8/1p6/1q2pkp1/p1r1np2/2BQ4/1P3p2/P1P3PP/4R1K1 w - - 1 34	e1e5 c5e5 d4b6	1754	0g0p111o
xVPB1	6k1/R4R1p/2p4K/6P1/8/7P/P3q3/8 b - - 2 49	e2e6 h6h5 e6h3	1754	0p13151j1o
xieI8	8/5N2/4pPp1/1k5p/2p5/7P/P4PPK/1r6 w - - 0 42	f7d6 b5c6 f6f7 b1b8 d6e8 c6d7 f7f8q	1754	000g0p1h1l1w
z1KhP	1k6/pp2n1p1/q2Np1p1/2PpP3/3P4/2PN2r1/P1QK1P1r/R1R5 b - - 20 33	g3d3 c2d3 h2f2 d2e3 f2f3 e3f3 a6d3	1754	01050i191g1w
zImlo	r2qkb1r/pp1n1ppp/2n1p3/3pP3/Q1pP4/1PP2N2/P2N1PPP/R1B1K2R b KQkq - 0 11	d7b6 a4b5 a7a6 b5b6 d8b6	1754	0g101c1t
0AWEW	1rB4k/pPp3p1/1q3p1p/8/8/5P2/PP5P/4RR1K w - - 2 26	e1e8 h8h7 c8f5 g7g6 e8b8	1755	0g0j0p10
0ArJV	1r3k1r/p1b3p1/3qBB2/1p6/8/5Q2/PP3PP1/RN2R1K1 b - - 0 21	h8h1 g1h1 d6h2	1755	051315191n1o
1Zrai	2b1r1k1/1p3qbp/2p1p1p1/1P3pB1/r1B4Q/2P1R3/5PPP/4R1K1 w - - 1 24	c4e6 c8e6 h4a4	1755	010j191g1o
1qA5T	6k1/p4p1p/4p1p1/3p3P/3q1P2/8/PP4r1/2Q1K2R w K - 0 26	c1c8 g8g7 h5h6 g7f6 c8h8 f6e7 h8d4	1755	0g0p1p1w
2rIrL	2k4r/Q1p2p1p/4b2b/6p1/8/6PK/2P1RP1P/3r4 w - - 1 26	e2e6 f7e6 a7a8 c8d7 a8h8	1755	010p101n1p
2vEzQ	8/4N1kp/3pQ1p1/2p5/P3P3/4q1b1/5RKP/1R6 b - - 0 37	e3f2 g2h3 f2h2 h3g4 h7h5 g4f3 h2f2	1755	0p13171w
33YAX	r1b4k/pp1p2pB/4p3/3nP3/3n3q/2PQ1P2/P2K3P/R1B4R b - - 2 16	h4f2 d2d1 d5c3 d3c3 f2e2	1755	0i101316191n
45b4S	8/1p4k1/p1pNp1pp/3r4/1P6/P1rRK2P/6P1/3R4 b - - 3 32	d5d6 d3c3 d6d1	1755	010p1g1o
4WawX	3r4/pkp3p1/5p2/2b5/N4Bb1/1P1R2Pp/P6P/3R3K b - - 1 27	g4f3 d3f3 d8d1 f3f1 d1f1	1755	0i10131619
4XygR	3qkb1r/pp1n1ppp/5n2/1B1P4/3p4/5Q2/PPrP1PPP/R1B2RK1 w k - 0 11	f1e1 f8e7 d5d6	1755	011c1g1o
5B3AL	8/8/5P2/8/1kr5/1p1KR3/2n5/1R6 b - - 9 65	c4c3 d3e4 c3e3	1755	0g0p111o1p
60u4E	3r1r2/ppp4k/3qQp2/n7/2P5/1P6/P4PPP/R4RK1 w - - 1 25	e6f5 h7g7 f5a5	1755	010s191o
6KDCz	1k6/pp1n1pp1/8/2qN1QP1/5P2/1P6/P6r/1KR5 b - - 4 29	c5a3 f5c2 h2c2	1755	0g0p1o
6OdsR	2r2r2/R3Q1bk/6p1/1q5p/3Pn3/4P2P/5PPB/5RK1 b - - 2 30	b5f1 g1f1 f8f2 f1e1 c8c1	1755	05101316191n
7F0CS	8/4Rpk1/3Q3p/P1pPnBp1/3b2P1/7P/1P4K1/5r2 b - - 15 44	f1g1 g2h2 e5f3	1755	0f0p13151o
81kU1	5k2/1q6/4Rp1p/1P3QpP/3P4/6PK/5P2/2r5 b - - 5 41	c1h1 h3g4 h1h4 g3h4 b7g2	1755	0p1013161n
85I8k	6k1/8/p4q2/1p4pQ/8/P1P5/1P6/K7 b - - 0 49	f6f1 a1a2 f1f7 h5f7 g8f7	1755	0g0p101i
8ESEA	8/8/3k3p/3P1p2/3K2pP/6P1/8/8 w - - 0 49	h4h5 f5f4 g3f4 g4g3 d4e3 d6d5 e3f3	1755	0g0p1e1l1w1z
8OP3z	8/8/8/3k1b2/pBp1pK2/P1P5/8/8 w - - 5 69	f4f5 e4e3 b4e7 e3e2 e7h4	1755	080g0h0p0t101l
8pPe6	5rk1/ppp3pp/2p5/7q/3P2P1/4p3/PPP1NrB1/R2Q2KR b - - 0 20	f2g2 g1g2 h5g4 e2g3 f8f2 g2g1 g4g3	1755	050i0r0w0y1317191w
97igr	3rkr2/q5p1/5n1p/1PB4P/2Q1P2N/1P2K2R/2P5/3R4 b - - 0 33	f6g4 e3e2 f8f2 e2e1 d8d1 e1d1 a7a1	1755	051317191g1w
9GucO	r2q1rk1/pbp1bpp1/1pnp3p/4N2n/4P3/2NP2BP/PPP1BPP1/R2Q1RK1 b - - 0 11	h5g3 e5c6 g3e2 c3e2 b7c6	1755	010y101c
B2h1v	r1bqkb1r/pp3ppp/n7/2p5/4P1n1/2N5/PPPP1PPP/R1BQKB1R w KQkq - 0 8	f1b5 c8d7 d1g4 d7b5 c3b5	1755	01101c1g
B4tAH	8/2p1kpK1/5n1P/4p3/2p5/2N2P2/5P2/8 w - - 0 56	c3d5 f6d5 h6h7 d5f4 h7h8q	1755	00010p0z101h1n
BYpTg	2r4r/1Qpk4/2p1q2p/2Pp4/3Rp2b/8/PP3PpB/3R2K1 w - - 0 26	d4d5 c6d5 d1d5 d7e7 d5e5 e6e5 h2e5	1755	01191g1n1w
CI8KS	r3r1k1/ppp2ppp/1bp5/8/3N2b1/1P2P2P/PB3PP1/R3KB1R b KQ - 0 15	b6a5 b3b4 a5b4 b2c3 b4c3	1755	0a10131619
Dcfcu	6k1/2q3p1/pp5p/8/8/4PQ1P/r7/5RK1 w - - 2 34	f3d5 g8h7 d5a2	1755	010p0s1o
EFTAz	8/6p1/6k1/7p/1P5P/P1Rp1PP1/r7/5K2 b - - 2 44	a2a1 f1g2 d3d2	1755	000g0p1m1o
FHvAF	rn2kb1r/4qppp/2p2n2/3pp3/1p6/1B2PQ1P/1PPPbPP1/R1B1K1NR w KQkq - 0 12	a1a8 e2f3 a8b8 e8d7 b8b7 d7d6 b7e7	1755	011c1g1p1w
HvLuy	r3kb1r/1p3ppp/p4q2/2pBn3/5P2/4PbN1/1PPB4/R1Q1K2R w KQkq - 3 19	f4e5 f6e5 d5f3 e5g3 e1e2	1755	010b0h1019
IAdHU	r1b1r1kb/1p2p2p/p1qp2pB/3N4/4n3/7P/PPPQ2P1/R4R1K w - - 0 20	d5e7 e8e7 f1f8	1755	0y1315191d1n1o
ILJD4	6k1/pb3p2/1p2p1p1/5q1p/P7/2PB2QP/1P4r1/3R3K w - - 0 34	g3b8 g8g7 d3f5	1755	010p0s111o
IOc6J	8/8/7p/4kppP/8/5P1K/5P2/8 b - - 3 54	e5f4 h3g2 g5g4 f3g4 f4g4	1755	0g0p101e
Jwjrx	1r3rk1/1Rq2pp1/p1p4p/2Pp1b2/P2P4/4P1P1/1Q3PBP/1R4K1 b - - 0 23	f5b1 b7c7 b8b2	1755	01191o
KRwqe	2r2rk1/2q2p1p/p3pQp1/1b6/pP1NB3/P3P3/5PPP/2R2RK1 b - - 5 23	c7c1 d4b5 a6b5	1755	0g191o
LA0NM	5b1k/p5p1/4r3/q2p4/3P1Q2/3r3P/5PP1/3R1K1R w - - 0 36	f4f8 h8h7 f8f5 g7g6 f5d3	1755	0g0s0t1019
M2ttb	5r1k/p5p1/1p5p/3B4/6Q1/2P5/PP2q2P/1K4R1 b - - 0 28	f8f1 g1f1 e2g4	1755	010i0p1o
NfwQp	r2q2kr/2p2Rb1/3pb1p1/6N1/3PP3/7P/pKPQ4/7R w - - 1 29	f7g7 g8g7 g5e6 g7h7 e6d8	1755	01050r0s1019
PPo5y	6RR/p2rp2p/1p4rk/6p1/5p1n/2B2P1K/PP3P2/8 w - - 2 33	h8h7 h6h7 g8h8	1755	050p13151d1n1o
Q4RfR	2r1rbk1/2q2ppp/p2pbn2/1p2n3/4PB2/P1N3Q1/1PPNB1PP/3R1R1K w - - 3 18	f4e5 d6e5 f1f6	1755	010j11191g1o
Qi59A	6k1/6p1/1p3p2/1P1p2p1/3B4/P2BPq1b/4Q3/6K1 b - - 5 31	f3g3 g1h1 h3g4 e2g2 g4f3	1755	0g0p101g
QvsYh	r3brk1/ppq5/2n1p1pQ/3p4/3P4/2P2Nb1/PP3PP1/R3K2R w KQ - 0 20	h6h8 g8f7 h1h7	1755	0y1315191o
T9akL	2r2r1k/p2b3q/2nPp3/6Q1/1p6/P3PN2/1P3PPP/3R1RK1 b - - 4 23	f8f3 g2f3 c8g8	1755	0d0g191g1n1o
To42p	2R5/1R4bk/4n2p/r4N2/P2Prp2/2P2KpP/3B2P1/8 b - - 0 36	e6g5 f3g4 f4f3 g4g3 a5f5	1755	010i0j0k0r1019
UHcHe	8/2p2p2/1pk2p2/p1p1pP2/P1P1P1rP/3P1K2/2P5/8 w - - 0 31	f3g4 c6d7 g4h5 c7c6 h5h6	1755	0g0h0p10
V1gqV	3Qrk2/pp5p/2p3bP/8/8/P7/1PP1q2P/1K4R1 w - - 2 34	d8f6 g6f7 g1g8 f8g8 f6g7	1755	050p0r101113161g1n
V4pSm	r1bqkb1r/pp2nppp/2n1p3/6B1/4N3/2p2N2/PP3PPP/R2QKB1R w KQkq - 0 9	e4d6 d8d6 d1d6 e7d5 d6g3	1755	0g0h101c
VHSf6	3k3r/q1b4p/p3pNpQ/1p6/5B1P/1P6/4bPP1/6K1 w - - 1 27	h6g7 d8c8 g7h8	1755	0g191o1t
VfGPR	r4r2/ppp1Np1k/3p2pp/5Q2/2Pb2N1/PP5P/q3p1P1/5R1K w - - 0 24	f5f7 f8f7 f1f7 d4g7 g4f6 h7h8 e7g6	1755	0i1317191n1w
W3QpB	6k1/pp4p1/1q4pp/2pp4/4r3/1PP1PQPP/P5P1/5RK1 w - - 0 24	f3f8 g8h7 f1f7 b6f6 f7f6	1755	0d0g0p0y10
XqKOL	2r3k1/5p2/p1r1bBp1/4P1Rp/3p3q/P2B4/1PPQ4/5K2 w - - 2 41	g5g6 f7g6 f6h4	1755	0g0j11191o
Xy2eQ	r5k1/p1pnq1b1/4prQ1/8/3p4/2NB4/PPP3P1/R3K2R w KQ - 0 19	h1h8 g8h8 g6h7	1755	050y1315191g1n1o
Yip5X	r1b1kb1r/5pp1/1qn1pn1p/p2p4/Pp1P4/4PN2/NP1BBPPP/2RQ1RK1 w kq - 2 13	c1c6 b6c6 e2b5	1755	01191g1n1o
YopfU	1k5r/pp4p1/3qp2p/2p2p2/2Pb4/1P4P1/r1B1QPP1/1K1RR3 w - - 0 27	d1d4 d6d4 b1a2	1755	010w191o
Ys3Qd	r2q3r/p1p2Bk1/5npp/6N1/1Q1n2P1/8/PP1N1PP1/R4RK1 b - - 0 17	d4e2 g1h1 h6g5	1755	0j0k0y1315191o
ZCZmt	rn1q1rk1/p3nppp/bp2p3/2ppP3/2PP4/2QB1N2/PP3PPP/R1B1K2R w KQ - 0 10	d3h7 g8h7 f3g5 h7g8 c3h3	1755	050d0g0y101c1n
Za81d	8/p1k5/1pp2bpp/q3np2/N1P2B2/1P2Q3/P5PP/6K1 w - - 4 34	c4c5 c7b7 f4e5 f6e5 e3e5	1755	010p10
Zw3vZ	1r1k4/R4n1p/5N2/ppN5/5K2/r7/7P/8 w - - 6 39	c5e6 d8c8 a7c7	1755	0p13151o
aLxc5	r5nk/2p3R1/3p4/3Np1Qp/p1pnP1q1/3P4/PPP5/2K5 w - - 1 28	g7g8 a8g8 g5h6	1755	0y1315191n1o
aZ2qj	3r1rk1/p1p2ppp/b1p2q2/2b5/4BP2/2P5/PP4PP/R1BQR2K w - - 3 16	d1h5 h7h6 h5c5	1755	0g11191o
abRO4	rn2k2r/p1qbbppp/Q3p3/1NppP3/8/2P2N2/PP3PPP/R1B1R1K1 b kq - 13 14	b8a6 b5c7 a6c7	1755	0g1c1o
adv0R	r3k2r/pb2bpp1/5n1p/n3p3/N1pqN3/1P1B1Q2/PBPP1PPP/R3K2R b KQkq - 1 14	b7e4 d3e4 d4e4 f3e4 f6e4	1755	011019
apEP2	rn3bk1/1b3p1p/p5p1/1p1qp3/1P6/P2B1N1P/2PQ1PP1/R3K2R b KQ - 0 16	e5e4 d3e2 e4f3 d2d5 b7d5	1755	010s1019
bFJZ4	1r1q2rk/p5np/2p2p2/2p5/4PQ1N/2P4P/PP6/1R2R2K w - - 8 28	h4g6 h7g6 f4h6	1755	0y1315191n1o
bJHq6	7k/6rp/p3N3/1p1pP3/1PbP2P1/P4RQ1/7K/2q5 b - - 2 38	c1h6 h2g2 h6e6 f3f8 g7g8	1755	010p0s10
bu4YZ	r4rk1/pp3ppp/1bp5/4n1q1/1P4P1/2N1P3/1B1PQPP1/R4RK1 w - - 3 17	f2f4 g5g4 f4e5 g4e2 c3e2	1755	010s1019
dknia	7k/p5p1/5q1p/8/3P2QR/P3P1P1/1P1B1r2/4K3 b - - 0 35	f2f1 e1e2 f6a6	1755	0p13151o
e5u9L	1k1r1r2/2p5/1p1b4/p2Rp2p/q1P1Q1p1/2B5/5PPP/1R4K1 w - - 2 30	d5a5 a4a5 c3a5	1755	0g191g1o
eiVl0	1r2kB2/2p1P3/p2p2p1/2b4p/1p4PR/3n1P1P/PP6/R6K b - - 0 31	c5f2 g4h5 f2h4	1755	010p1o1t
eqpOc	r4k2/1bqp4/pp2p1P1/2p3N1/P7/3P1B1r/1PP4b/R1BQ1R1K b - - 0 23	h2g1 h1g1 c7h2	1755	050j0k0y1315191n1o
gLGLH	r1bq1rnk/ppp5/3p1p1b/8/3PP2Q/2P3R1/P2N1PP1/2K4R w - - 0 23	h4h6 g8h6 h1h6	1755	0y1315191n1o
gjTHL	5r2/p1p3k1/1p1p4/1P2pr1p/2PbQq2/3P2B1/P3RPP1/5RK1 b - - 3 27	f4g3 e4d4 e5d4 f2g3 f5f1	1755	0g0y10191g
gnIi0	r2q1rk1/5ppp/3p1n2/b2PnNB1/1pp1P3/5P2/1P2Q1PP/RN3RK1 b - - 1 19	a5b6 g1h1 a8a1	1755	0g0j11191o
jAxUn	r4r1k/1bp4B/pp2P2Q/8/P4P2/6P1/1q3K1P/8 w - - 0 32	h7c2 h8g8 h6h7	1755	0j0k0p13151o
jF4Ha	2r3k1/1p4p1/p3p1pR/1b1pB3/1q1P1Q2/8/5PPP/1r3RK1 w - - 4 31	h6h8 g8h8 f4h6 h8g8 h6g7	1755	050y101316191g1n
jgFBV	r7/1q2bk2/3Rb1r1/5p1Q/8/1P3p1P/P4PP1/2R3K1 w - - 0 30	d6e6 f7e6 h5g6	1755	050g0i11191g1o
kr1m9	8/4R3/7k/P4ppn/2B5/1P3P1K/5r2/8 b - - 0 39	h5f4 h3g3 f2g2	1755	0p0u13151o
lL5GH	1k5r/pp3pp1/2p2np1/2RpN3/3P4/3BQ1Pq/PP6/R5K1 b - - 0 25	h3h1 g1f2 h8h2	1755	0y1315191o
leZaG	7k/1R4p1/8/p7/8/3KP1P1/rp5P/8 b - - 1 33	a5a4 d3c3 a4a3	1755	0g0p1l1m1o
nH1mH	4rr1k/p5p1/4n2p/3Q1p2/1P3P1b/4p2q/P1P1N2P/3BRR1K w - - 1 30	e2g1 h4e1 g1h3	1755	01191o1t
p6dtd	1r3r2/ppp2pk1/2n4p/5QN1/1qpP4/4P1P1/PP3PPR/R1K5 b - - 2 23	b4e1 c1c2 c6b4	1755	1315191k1o
pBojV	7k/1p3prp/3r1p2/p3pR2/P1PqP3/1P1Q4/2P3PP/3R3K b - - 6 24	d4e4 f5f2 d6d3	1755	0g0j0p1o
psVCs	4k1nr/5ppp/1Np1pq2/p7/p2P2QP/2P1P1P1/2KB4/5R2 b k - 0 19	f6f1 g4g7 f1f6	1755	01191o
s8Yqu	r1bq1r2/pp4p1/2nbp1k1/5pN1/3PpPP1/2P3QP/PP6/R1B2R1K w - - 2 18	g4f5 f8f5 g5e6 g6f6 e6d8	1755	0g0j0k1019
sfEo3	8/8/4R3/2kp2RK/1r5P/8/6P1/7r b - - 10 53	b4h4 h5g6 h4h6 g6f5 h1f1	1755	0g0p101m
vzFNC	5r1k/2q3p1/7p/3Q4/4n3/2P4N/3B2Pb/4R2K b - - 0 28	e4g3 h1h2 g3f1 h2g1 c7h2	1755	0k0m101316191n
wOoQv	7r/8/5R2/1p1p1B2/1knBP2p/8/6r1/2RK4 b - - 0 40	g2d2 d1e1 d2d4	1755	010s191o
wvj4m	r4rk1/1bp2p2/p2p2p1/6q1/3Bn2p/1P6/P1P1QPPP/3RRNK1 b - - 2 20	e4c3 f2f4 c3e2	1755	0g191o
xrS4P	8/6Qp/6p1/5p2/3Pp2k/2pn3P/6PK/3q4 w - - 0 52	g7h6 d1h5 g2g3	1755	0p13151o
xw7Dv	3r1r2/1pb2p2/p5kp/2P3p1/1P4P1/P2qP3/1Q3P2/2K3RR w - - 9 28	h1h6 g6h6 b2f6 h6h7 g1h1 c7h2 h1h2 h7g8 h2h8	1755	050x1318191n1w
yS7vA	8/pR6/8/k1pB2p1/2P5/1P2K3/1r6/5r2 w - - 0 35	b7b5 a5a6 d5b7	1755	0p13151o
yuO3J	2k3r1/Qp3p2/2p1p3/3p2q1/1P6/P4pR1/2P2P1K/3R4 b - - 0 31	g5h4 h2g1 g8g3 f2g3 h4g3 g1f1 g3g2 f1e1 g2e2	1755	0i0j0p0r13181w
zH6Ij	r4bk1/1bp2p1p/q1N3p1/2p1P3/n1p4P/5Q2/5PP1/RR4K1 w - - 1 26	b1b7 a6b7 c6e7 f8e7 f3b7	1755	010j10191n
0Kx6o	r3nrk1/2qb1pp1/4p2p/3p4/3B2Q1/P1PB4/2P2PPP/R4RK1 b - - 1 18	e6e5 d4e5 d7g4 e5c7 e8c7	1756	010j1019
0Tmel	r7/pp2Q3/2pp4/1k1b4/1P3R2/4p3/P1Pq2P1/5K2 w - - 1 40	e7b7 b5a4 b7a6	1756	0p0s13151o
0llWl	8/8/PR6/5kp1/8/5pPK/r6P/8 b - - 4 50	g5g4 h3h4 a2h2	1756	0i0p13151m1o
0x5ed	r5rk/3n1p1p/p1p2PpQ/P2p1PP1/3P1R2/1p1q3P/6B1/R5K1 w - - 2 32	h6h7 h8h7 f4h4	1756	050y1315191n1o
0yiCe	8/8/8/N7/6p1/1P3k1p/P4P2/6K1 b - - 0 49	h3h2 g1h2 f3f2 a5c4 g4g3 h2h3 g3g2	1756	000g0i0p0z1w
1HVt9	r4rk1/p2b2pp/1p1p1n2/n1pPp1Nq/2P1P3/2PBB2P/4QRP1/1R4K1 w - - 3 23	f2f6 h5e2 f6f8 a8f8 d3e2	1756	010y101119
1Le4q	4r1k1/5pp1/4r3/R3pQPq/4P2b/4B3/P4P2/4R1K1 b - - 0 32	g7g6 f5h3 h4f2	1756	0g191o
3iPJn	rn2k2r/ppp2ppp/5n2/3qp3/2B5/NP3b2/P1PP1PPP/R2QK2R w KQkq - 0 8	c4d5 f3d1 d5b7	1756	011c1o
3tAXR	3rr1k1/pp1qbpp1/2p2n1p/3pB3/8/2PB1Q1P/PP3PP1/R3R1K1 w - - 4 17	d3f5 d7f5 f3f5	1756	0g191o1t
5KCWU	2r2r1k/2pR4/p6p/1pB1ppp1/4Pn1n/PB3PKP/1PP2P2/4R3 b - - 1 25	f4h5 g3h2 h4f3	1756	0g0i191o
5gXp2	2k5/2r3P1/8/1R6/7P/pp6/1P6/KQr5 b - - 0 37	c1b1 a1b1 a3a2 b1a1 c7c1	1756	00050p101316
6Idjb	1k6/1p5q/pP6/P1pBbPp1/2P3P1/4Q3/4P3/6K1 b - - 2 43	e5d4 e3d4 c5d4	1756	0g0p1g1o
6uzk9	7k/pp2p2p/r2p1n1P/q3rb2/8/1PN2P2/PP2N1Q1/K2R3R b - - 2 25	a5a2 c3a2 a6a2 a1a2 e5a5	1756	05101316191f1n
7m9m4	rk4r1/pppR2pp/3b4/2q1pQ2/8/8/PPP3PP/5R1K w - - 0 23	f5f8 g8f8 f1f8 d6f8 d7d8	1756	06101316191n
BpbVT	8/8/p2k2P1/1p6/1P3K2/P1p5/8/8 w - - 0 45	f4e3 c3c2 e3d2	1756	0g0p1e1o
BsZdY	2b5/5ppp/pK2k3/4P3/2P5/8/6B1/8 w - - 3 42	g2h3 e6e5 h3c8	1756	080g0p1o1p
D0oJU	8/R2n2kp/6p1/1pnp1p2/3q4/7P/6PB/4R2K w - - 0 41	h2e5 d4e5 e1e5	1756	010p0s1g1o
FTvm1	8/pp6/2pPk2p/2P4P/4P1p1/2Rn1p2/8/1K6 w - - 0 41	c3d3 f3f2 d3d1 e6d7 e4e5 g4g3 e5e6 d7e6 d6d7	1756	000g0p0r0t1l1w
FgWEi	8/6R1/2p1p2k/3pP2p/1P1P3r/4K3/8/4B3 b - - 0 46	h4e4 e3d3 h6g7	1756	0g0p0w1o
H66m1	8/p5pk/Pp4p1/1Pp5/2P2B1P/2bb1NP1/r7/3KR3 w - - 15 45	f3g5 h7h6 g5e4	1756	0g0j0k0p1o
He51t	8/1p5k/7b/Pq1Pp2p/4P3/2R2p2/1PK2Q1P/8 b - - 9 46	b5e2 f2e2 f3e2	1756	000g0p111o
Hv2XG	2k1r2r/P1pq3p/P4p2/3n4/3n2p1/2Qp4/3N1PPP/R1B1R1K1 b - - 0 21	e8e1 d2f1 d4e2 g1h1 e1f1	1756	060i0s0t10131619
J13SJ	7r/3bkppp/p2N4/4Pp2/1q6/3P1N2/P4K1P/2Q5 w - - 2 24	c1g5 f7f6 g5g7	1756	0g0p111o
Jt0yW	4r1k1/pp3p2/3q1Q1p/3pr3/6B1/1PP5/P4RPP/R5K1 b - - 0 21	e5e1 a1e1 e8e1 f2f1 d6f6	1756	0110191g
MOUqd	r5rk/5p1p/1p2pP1Q/3pqbp1/P6R/3B4/1PP3PP/R6K w - - 0 24	h6h7 f5h7 h4h7	1756	0y1315191d1n1o
Mg91e	4r2k/6b1/pp1p2Pp/2pP3n/P1P2Pq1/3Q1RB1/1P2N1KP/8 b - - 3 33	e8e2 d3e2 h5f4 f3f4 g4e2	1756	050g0s101119
NOF4J	1k1rr3/1pp1bppp/p1np4/3NqP2/Q3P3/4B3/PPP3PP/2KR3R w - - 1 18	e3f4 e7g5 f4g5	1756	01191o
Nj9fk	1k6/4b1p1/p4p1p/1p3P2/1p3p2/P1P5/6PK/1RBr4 w - - 0 32	c1f4 e7d6 b1d1 d6f4 g2g3 f4e5 c3b4	1756	010j0p1w
OWKcH	3r2k1/1p3ppp/p1b2b2/3Pq3/3R4/P6P/1P1Q2P1/3R3K w - - 1 25	d5c6 e5d4 d2d4 d8d4 d1d4 f6d4 c6c7	1756	000g191n1w
P5YIE	2k5/p7/7p/1p1N3K/1Pp1nP2/P5P1/7P/8 b - - 5 40	e4f6 d5f6 c4c3 f4f5 c3c2	1756	00010p0z101n
PYsIm	r2q1r1k/pp4pp/1npbQp2/4N3/3P1R2/1PN5/1PP3PP/R5K1 w - - 2 18	e5g6 h7g6 f4h4	1756	0y1315191n1o
PqKRK	3rb1k1/1p3pp1/2n1pb1p/1B6/P3N3/5N2/5PPP/3R2K1 w - - 1 25	e4f6 g7f6 d1d8 c6d8 b5e8	1756	010b10191g
PvrlH	6n1/4p1k1/1Q1pP1p1/2P1q1P1/5p2/5P2/6K1/2R5 b - - 0 39	e5e2 g2g1 e2e3	1756	0g0p1o
RhL4i	5r1k/pp2n1pp/8/7B/4P3/2P3Q1/Pq4PP/5RK1 b - - 3 24	b2b6 g3f2 f8f2	1756	0g0p1o
RmVBf	6r1/8/1p3p1P/p1p2PP1/4k1K1/1P3R2/P1P5/8 b - - 0 41	g8g5 g4h4 e4f3 h6h7 g5g1	1756	0g0h0i0p101m
StpCW	1r6/1P4p1/6k1/1R2b3/6p1/8/5BK1/8 w - - 4 53	f2a7 b8b7 b5b7	1756	0g0p1o
T9nmF	r2qr1k1/1p3ppp/p1n2n2/4p2b/4N3/P2P1N1P/1PPQBPP1/R4RK1 b - - 0 14	f6e4 d3e4 d8d2 f3d2 h5e2	1756	0b0g1019
TlCAK	8/R1N2k2/3b2p1/2p3p1/2r3Pp/7P/5PK1/8 w - - 0 42	c7b5 f7e6 a7a6 c4d4 b5d4	1756	0g0j0k0p10
U42fV	8/5pk1/1p5p/p1p2B2/P2n1PKP/6P1/1P6/8 b - - 0 47	h6h5 g4g5 f7f6 g5h5 d4f5	1756	0g0i0p10
VW6Gj	2Qbk1r1/5p2/2R1p3/3pP3/3q3P/pP4P1/Pr6/K1R5 w - - 10 38	c8d8 e8d8 c6c8 d8e7 c1c7	1756	05101316191n
X4I3C	1r3r2/2p1qp1k/7p/4P1R1/Pp1p3N/3P4/6PP/3Q2K1 w - - 1 32	g5g7 h7g7 h4f5 g7h7 f5e7	1756	01050p0s101n
ZqTKY	6k1/pp3pp1/7p/8/5b1N/P6q/1P3P2/R2QR1K1 b - - 5 35	f4h2 g1h1 h2g3 h1g1 h3h2 g1f1 h2f2	1756	0j0k0p13171w
ZzgRO	4r1k1/pppQ1pp1/6bp/8/5PP1/8/PP5P/K2Rr3 b - - 0 26	g6c2 d7e8 e1e8	1756	0g0p1o
aqBda	6k1/8/3pP2p/5rPR/1p3Pn1/1Pb5/P1P5/1KB5 w - - 0 35	e6e7 g8f7 g5g6	1756	000g0p1o
aqeG3	r5k1/3q1pp1/p1R1p2p/1p2P1n1/3rPQ2/8/P4BPP/1BR3K1 b - - 4 29	d4d1 f2e1 d1e1 c1e1 d7c6	1756	010i0y1019
bKzkd	5k2/3Q4/5K2/3p1p2/3Pbn2/1PP3rP/P7/R7 b - - 1 37	g3g6 f6e5 f4d3	1756	0p13151o
bsci4	4r1k1/pp1Q3p/2p3p1/4q1P1/8/1PP5/bK4P1/7R w - - 0 30	d7h7 g8f8 h1f1	1756	0g0p1o
dee9d	3r4/ppn3kp/2p3p1/8/2B3bq/2P2R2/PP2Q1P1/6K1 w - - 9 29	f3f7 g7h6 e2e3 h4g5 f7h7 h6h7 e3g5	1756	010i0s191w
e2WiD	8/1p6/6k1/3N2p1/4Kp2/P4N2/1P4r1/8 w - - 2 44	d5f4 g5f4 f3h4 g6f6 h4g2	1756	0g0p0s101n
eEyhh	8/5k2/6R1/1B5p/P7/4K1P1/5r1n/8 b - - 2 55	f2f3 e3d4 f7g6	1756	010p1o
egkI3	1k1r4/pp3pp1/8/3P4/4P3/1P5q/P3KQ2/3R2Rr b - - 4 33	h1h2 f2h2 h3h2	1756	0g0p111g1o
g2hx6	2rk1b1r/1b4pp/pqn5/1p3Q2/3P1B2/5P2/PP5P/4RRK1 w - - 6 23	f5d5 f8d6 d5d6	1756	1315191o
ghbCM	7r/1bq2pkB/pp2pp1p/8/1PPr4/P4NP1/2Q3PP/4R1K1 w - - 4 29	f3d4 h8h7 e1e6	1756	01191o
h8V87	r3q1rk/5p1p/2p2PpQ/1p1pPb2/3P1R2/8/PP5P/4R2K w - - 0 27	h6h7 h8h7 f4h4	1756	050y1315191n1o
i0GEi	3r3r/1Qp3pp/4k3/2R2p2/1Pq5/2n1B3/5PPP/5RK1 b - - 3 28	c4f1 g1f1 d8d1	1756	051315191n1o
kiSn9	6k1/p1pn2p1/3p3p/4pr2/5nN1/3P4/PPPN1P1K/R5R1 b - - 4 20	f5h5 h2g3 h5h3	1756	0u1315191o
nMtEW	3rk3/pp3p2/6n1/2q1pb2/4p2Q/P1P5/2PBBPrP/3R1K1R w - - 4 23	h4d8 e8d8 d2e3 d8c7 e3c5	1756	0g0j0k1011191n
nTN8z	5rk1/3p1p1p/3P4/2r2p2/8/2BQ4/1P3qPP/3R3K w - - 1 36	c3d4 c5d5 d4f2 d5d3 d1d3	1756	0g0p0s10
ob9hs	3r1k2/2bP1pp1/7p/8/q6P/3R2P1/3Q1B1K/8 w - - 0 46	f2c5 f8g8 c5e7 d8d7 d3d7	1756	010p10
pSi0i	r5k1/p4pp1/1p1p3p/2p5/2Pq3P/5Q2/PP3rP1/5RK1 w - - 0 34	f3a8 g8h7 f1f2	1756	0g0p0t0w1o
qjEn3	6k1/pQ3pp1/2p4p/4n3/3r4/2q3P1/P5BP/5R1K w - - 2 28	b7b8 g8h7 b8e5	1756	010p0s1o
qmRd5	r2qkr2/3bbn2/p3p1Bp/1p1pP3/3P4/2P2Q2/5P2/1NB1K2R w Kq - 0 20	c1h6 d7c6 h6f8	1756	0g191o
qtCLG	r3kbnr/p1p2ppp/2p5/3q4/3PNp2/5b2/PPP1Q1PP/R1B1K2R w KQkq - 0 10	e4f6 e8d8 e2e8	1756	0k0m13151c1o
rSWOa	8/p4pk1/5qpp/2p1Q1n1/2B5/1P4PP/P3RPK1/2r5 b - - 10 31	c1g1 g2g1 g5f3 g1g2 f3e5	1756	050g0p0s1011121n
rcqlS	r6r/pp2pk1p/1n1p4/6Q1/6q1/4R3/PPP2PPP/3b2K1 w - - 0 25	e3e7 f7f8 g5f6 f8g8 f6f7	1756	0s10131619
sh9s8	8/1Q4bk/6rp/5pn1/1P2pq2/4B2P/2P2P1N/6RK b - - 3 40	f4h2 h1h2 g5f3 h2h1 g6g1	1756	03050j0r0s101316191n
tn4k7	2k2r2/pp2Q1pp/2p1R3/8/P4r2/3B2qP/1PP3P1/7K w - - 2 23	e6c6 c8b8 e7c7 b8a8 c7c8 f8c8 c6c8	1756	060p13171n1w
uJdOn	2rqrk2/p5b1/1p4p1/5p2/3pN3/1Q1P1PP1/Pp2P3/1KR4R w - - 0 26	c1c8 d8c8 e4d6 c8d7 d6e8	1756	010s101119
ucr9i	4r3/2r3p1/p6p/5k2/1p6/1P1K1PP1/P2R3P/3R4 b - - 4 36	c7c3 d3d4 e8d8	1756	0p13151m1o
ux5TL	4kb2/6B1/6Kp/1pp5/6P1/2PP3P/8/8 b - - 0 36	f8g7 g6g7 b5b4 c3b4 c5b4	1756	080g0p10
v23pu	8/2p4p/8/P2p4/2k5/8/1P1K3P/8 b - - 0 44	c4b5 b2b4 c7c5 a5a6 b5a6	1756	0g0p101e
vEs8b	r5k1/3b4/3N3p/1p1P2q1/2pb4/5QB1/PP3PP1/5RK1 b - - 6 33	a8f8 f3d1 g5g3 d1d4 g3d6	1756	0110191g
wQY9n	r3kbnr/p1qnpppp/2bp4/1N6/4P3/P4N2/1PP2PPP/R1BQKB1R b KQkq - 0 8	c6b5 f1b5 c7a5 b2b4 a5b5	1756	010s101c
wXXtY	2r3k1/4qppp/r2p4/6P1/4PQ1P/1P6/1P1R4/1KR5 b - - 2 29	a6a1 b1a1 c8c1 a1a2 e7a7	1756	050i0p101316
x5lJU	rnbqkbnr/p3pp1p/1p4p1/2p1P3/3p1P2/2PP4/PP4PP/RNBQKBNR w KQkq - 0 6	d1f3 b8c6 f3c6	1756	011c1o
zcvho	8/5pk1/6p1/1p2N1Kp/p7/2P3P1/P4r2/1B2R3 b - - 0 34	f7f6 g5h4 f2h2	1756	0p0s13151o
0H8OM	r3r1k1/5ppn/p1Nb2b1/1pp3P1/3PPPq1/P1PQ4/1P1B2B1/R4RK1 b - - 1 25	g6e4 d3h3 g4h3 g2h3 e4c6	1757	011019
0HIPU	r4rk1/ppp1pp1p/6p1/3Rb2P/6b1/2N1B3/PPP2P1P/4KB1R b K - 2 13	e5c3 b2c3 g4f3	1757	01191o
0Iwbx	rnb1k2r/pp2bppp/2p5/3q4/3P1B2/1P3N2/P1P3PP/R2QKB1R b KQkq - 0 9	d5e4 f1e2 e4f4	1757	010s1c1o
0RlBY	2r2bk1/pb1q1ppp/1n1p4/8/4PPQ1/2Bn3P/B2NN1P1/1R4K1 w - - 2 35	g4d7 b6d7 b1b7	1757	0b0g191o
0TgTo	r2q2rk/5p1p/p2p1PpQ/2pPnb2/1pP2R2/5B1P/PP4P1/3N1nK1 w - - 0 26	h6h7 h8h7 f4h4	1757	050y1315191n1o
0dErd	5rk1/1R5p/2p1p2r/P4q2/2PP2p1/4P1P1/P3KPQ1/4R3 b - - 2 31	f5c2 e2f1 h6h1 g2h1 c2f2	1757	0i0p1013161n
20JDL	6k1/p1Rq1pp1/1p2p2p/3rB3/3P2n1/1Q6/PP3PPP/6K1 b - - 2 25	d5e5 d4e5 d7c7	1757	0b0g0p1o
3SlDX	2r1q1k1/5rpp/R3p3/p2pP3/Pp1Pp3/6Q1/1P1B1PPP/2R3K1 b - - 0 23	c8c1 d2c1 e8c8	1757	010d191o
3aYLu	r2k3r/p7/4Q3/3pPp1p/2b2P2/2q5/P1P3PP/R6K w - - 1 29	e6f6 d8c7 f6d6 c7b7 a1b1	1757	0g0p0r0s1011
47aFA	2r3k1/4QR2/p2p2pp/1p1Pb3/4q3/P2n3P/BP4P1/3N3K w - - 0 31	f7g7 e5g7 e7e4	1757	0g191o
4AzHe	2kr1bnr/Q1p2ppp/p1pp4/8/N4q2/8/PP3PPP/2R3K1 w - - 0 17	a4b6 c7b6 c1c6	1757	1315191k1n1o
4IOrV	2r3k1/7p/5pp1/1QPRNq2/p3r3/P7/5PPP/4RK2 b - - 0 30	e4e1 f1e1 f5e4 e1d1 e4d5	1757	01050s1019
4mNmo	r2q1rk1/ppp1bppp/2P2n2/8/P3PB2/3P1B2/2p3PP/RN2QRK1 b - - 1 14	d8d4 e1f2 d4a1	1757	010s1c1o
5PyU6	r4rk1/1pp3pp/2p1b3/p3q1B1/1Q2pPn1/2N5/PPP3PP/4RRK1 w - - 0 16	b4f8 a8f8 f4e5	1757	0g0y11191o
5UyKj	r3qrk1/pp3pp1/5b1p/2p2Q2/5P2/1BP1p3/PP4PP/4RRK1 w - - 2 19	b3c2 g7g6 f5f6 e8d8 f6d8	1757	0110191l
7Qghe	rn1q1rk1/ppp2ppp/8/3Bp3/2P5/8/PP1Q1PPP/R3K2R w KQ - 1 14	d5b7 d8d2 e1d2	1757	01191o
7a2hJ	2kr3r/pb1n1pb1/2p1p3/1p6/2pqN1p1/P7/1P1N1PPP/1K1RQB1R w - - 4 18	d2c4 d4d1 e1d1	1757	01191o1t
7buw0	6k1/6p1/8/R6R/6PK/2P1q2P/1P6/8 b - - 5 58	e3f2 h4g5 f2f6	1757	0p13151j1o
7nPf5	rn2k1n1/ppp2pp1/5q2/2b5/6b1/5B2/PPPPP2P/RNB1QK1R b q - 5 12	g4h3	1757	0a1113141b1c1g
7rWMH	1k1rr3/RPq5/8/3p1p2/1Q2n2p/1NP3p1/1P3PPP/5RK1 b - - 0 27	g3h2 g1h1 e4f2 f1f2 e8e1 f2f1 e1f1	1757	00060d0i0y1317191n1w
8QhDC	8/6K1/8/ppp4p/5Pp1/PPk3P1/7P/8 w - - 1 40	f4f5 c5c4 b3c4 b5c4 f5f6 c3b2 f6f7 c4c3 f7f8q	1757	000g0p1e1h1l1w
BYIwv	8/k5pp/PRn5/8/4p3/3rBpP1/5P1P/3rRK2 b - - 0 34	d1e1 f1e1 d3e3	1757	050g0p1o
Buiah	rn4k1/pp3rPp/2p5/4p3/2P1p3/P5qR/1P1KP1P1/R2Q1B2 b - - 1 19	f7d7 d2c2 d7d1	1757	0g191o1p
CXSjO	8/4k1b1/p5pp/1p1b4/2rN2P1/P1PK1N1P/1P6/5R2 b - - 3 36	c4d4 f3d4 d5c4	1757	010d0p1n1o
CwX7m	7Q/1p1q1k2/3r2p1/p4p2/4p3/7P/P5P1/1R5K w - - 4 43	b1b7 d7b7 h8h7 f7f6 h7b7	1757	0g0p101g1n1p
DPI8X	8/pp2q1k1/6rr/2p1bQR1/2PpP3/3P2P1/P1P3K1/5R2 w - - 5 34	f5e5 e7e5 g5e5	1757	0g191o
DiBmj	6k1/ppr2p1p/4n1p1/4R3/3r4/4NPK1/PP3P1P/3R4 w - - 0 27	e5e6 d4d1 e6e8 g8g7 e3d1	1757	010p0w101n
G1Bci	r1b2rk1/1p1qppbp/1Bn3p1/1N1Q4/N3n3/1B6/PPP2PPP/R4RK1 b - - 0 13	d7d5 b3d5 a8a4	1757	0111191o
GNhdM	2r4Q/pp1nnkpB/4pq1p/3p1P2/3P4/PP4B1/4NP1P/6K1 w - - 1 35	h7g6 e7g6 f5g6 f6g6 h8c8	1757	011019
HsIB9	4r1k1/Rb2b1p1/5p1p/8/1qPB1P2/2Q5/6PP/4R1K1 b - - 2 30	b4c3 d4c3 e7c5 g1h1 e8e1 c3e1 c5a7	1757	010j0s191w
ISVOO	3r2k1/pbpN2pp/1p2P3/5p1r/2P5/2P1P3/P1Bn1PPP/1R3RK1 b - - 0 21	d2f3 g2f3 h5g5 g1h1 b7f3	1757	0w0y101316191a1n
J1KgW	4r3/pp1q3k/3p3p/4pPrQ/PPPpPp2/3P3B/7P/R6K w - - 4 28	h5g6 g5g6 f5g6	1757	010p1n1o
JjMdz	6rk/pp3prp/3q1R1Q/7R/6P1/1P5P/P4P2/6K1 b - - 0 29	g7g4 h3g4 g8g4 g1h1 d6d1 h1h2 d1g1 h2h3 g1g2	1757	0p1113181n1u1w
LJDdY	3B4/5r1p/1Rb1p3/k7/2pPp3/2P1n2P/1P4PK/8 w - - 2 39	b6b7 a5a6 b7f7	1757	010j0k0p1o
MHDAp	r7/2k2p2/1pp3p1/3p2q1/3N4/2P1QBp1/1P4P1/4R1K1 b - - 1 30	g5e3 e1e3 a8a1 f3d1 a1d1 e3e1 d1e1	1757	0p13171w
MYlxn	3r2k1/5pp1/1pqN2r1/p1p1P2p/3n1P2/1P4P1/PQ5P/2R2RK1 w - - 4 33	b2d4 d8d6 e5d6	1757	0g191o
MnfIk	4rr1k/1p1q2pp/p2p1b2/5P2/5NQ1/PB1P4/1PP4K/6R1 w - - 1 27	f4g6 h7g6 g4h3 f6h4 h3h4	1757	0y101316191n
NMy6j	8/3kbQ2/7R/3pP3/2pPq1r1/2P3B1/3n3K/1R6 b - - 0 36	d2f3 h2h3 f3g5	1757	0g191o
NwXVj	r1q2r2/ppp2pp1/2n3k1/4P1N1/1b1P2Q1/8/PP3PPP/R1B3K1 w - - 4 17	g5e6 g6h7 g4g7	1757	0j0k1315191o
Pna3J	5rk1/6p1/Q4bRp/p1q5/P1P5/5B2/1r3PPP/5RK1 b - - 0 26	c5f2 f1f2 b2b1 f3d1 b1d1 f2f1 f6d4 g1h1 d1f1	1757	060i1318191n1w
QxZzP	8/7k/6R1/2p4P/1pr3P1/5K2/8/8 b - - 2 49	b4b3 g6b6 c4b4	1757	0d0g0p1m1o
Ro79t	2rr2k1/p6p/3q2p1/2R1b3/1Q1p4/1P5P/PB4P1/5RK1 w - - 1 26	b4c4 g8h8 c5c8 d8c8 c4c8	1757	0g1019
SNK2X	2r3k1/5p1p/6n1/rBp5/4Pq2/5P2/PQP3PP/1K1R3R b - - 0 28	a5b5 b2b5 c8b8	1757	01191g1n1o
TJNhD	2k1r3/pb4p1/1p2p3/3pNpq1/2p5/2P1BKP1/PPB3Q1/7R b - - 5 27	d5d4 f3e2 g5e3	1757	0g0j0k191o
UEjyS	4r2k/6p1/p7/3qBPPp/1r1PQ3/6NP/8/5R1K b - - 0 44	e8e5 e4d5 e5d5	1757	01191o
Uk1wz	6r1/8/5R2/1pP4P/1P6/2Pkp3/8/5K2 b - - 2 47	e3e2 f1f2 g8g2 f2g2 e2e1q	1757	00010i0p0r101h1m
V16M0	6k1/1b4p1/4prQp/p3q3/8/2r5/6PP/1B3R1K w - - 0 34	g6e8 f6f8 e8f8	1757	1315191o
WiSvq	b2k1b1r/p2p1p2/1n2p3/2p5/P1P3P1/1B4B1/1q4pP/R2QR1K1 w - - 0 23	g3e5 f8g7 e5b2	1757	010s191o1t
XibWM	6k1/1p2Q1pp/p1b1p3/6P1/3PpB2/4P3/PP2qr2/1KR5 w - - 4 28	e7e6 g8h8 e6c8 c6e8 c8e8	1757	060p101316
YAM95	8/2Q5/5p2/1p3Pp1/1k4qp/8/PP4PK/8 w - - 8 46	c7c3 b4a4 c3a3	1757	0p13151i1o
Yn89C	8/5p2/7p/1pp2P1k/3pPK2/1P1P4/3P4/8 w - - 1 37	e4e5 b5b4 e5e6 f7e6 f5e6 h5g6 f4e5	1757	0g0p1e1l1w
ZMkSS	4r2k/3r2pp/4qp2/ppBpbR1P/1P4Q1/P1P5/6P1/5R1K w - - 2 28	f5e5 e6e5 g4d7	1757	010i0j191o1p
aqS24	8/5pk1/P3p3/8/1Q1Pr1pK/4r3/8/3R4 b - - 3 44	e3h3 h4g5 f7f6	1757	0p13151j1o
bY9Ok	8/5p2/P1Qbk3/4p2p/4P3/3q4/8/7K w - - 1 38	c6d5 d3d5 e4d5 e6d5 a6a7	1757	000g0p10
boxEt	3r1rk1/1b5p/1p6/p1ppPp2/2P5/P2QP1P1/RB3KBq/7R b - - 1 30	h2g2 f2g2 d5c4	1757	0g0j0k191n1o
ccPkL	3r2k1/p5p1/1p3n1p/2p1Nn2/2P5/P3PB1q/1PQ1KP2/R1B5 b - - 3 23	f5g3 f2g3 h3h2 e2f1 h2c2	1757	0g10191n1p
cfesT	3r4/p4pkp/6p1/1P6/P7/7P/2RpKPP1/1r1R4 b - - 2 29	d8e8 e2d2 e8d8	1757	0g0p1m1o
cxtUD	rn1qk2r/ppp2ppp/4b3/3n2B1/1b1P4/2N2N2/PP2PPPP/R2QKB1R b KQkq - 4 7	d5c3 b2c3 b4c3	1757	011c1o
eBm72	2r3k1/5pbp/3Q2p1/8/4P3/2q2N2/3R1PPP/6K1 b - - 0 35	c3a1 d2d1 c8c1 d6b8 g7f8 h2h4 c1d1	1757	0d0g0p1w
elX4m	6k1/5pp1/8/3Q4/8/2r3P1/P3KP2/1r6 w - - 0 29	d5a8 g8h7 a8e4	1757	0g0p1j1o
f2zn5	r4qk1/ppp1p1bp/6p1/3pN3/1n1P2Q1/2N1P1B1/PPP2r2/R3K2R b KQ - 2 16	b4c2 e1d1 c2e3	1757	0g0s191o
gO1fJ	8/pp1r4/3k2pp/2Rp1p2/4rP2/2K3P1/PP1R3P/8 w - - 5 34	c5d5 d6c6 d5d7	1757	0g0p1m1o
gcqwT	8/7p/b3Q3/4P1pk/1Pp1p3/P1q1P1P1/5K1P/8 w - - 1 34	g3g4 h5h4 e6h6 h4g4 h2h3 g4f5 h6f6	1757	0p0q13171w
hvfLK	8/p2Rrk2/1p3qpp/7Q/1P3P2/6PB/r6P/6K1 w - - 0 36	h5d5 f7g7 d7e7 f6e7 d5a2	1757	010i0p0s10
ifqmP	r1b1kbnr/1p3ppp/p1n1p3/q2pP3/N2B4/2P2N2/PP3PPP/R2QKB1R w KQkq - 1 10	d4b6 a5a4 d1a4	1757	0g1c1o1t
iurah	3r2k1/pp2bpp1/4p2p/4P2q/2p1NQ2/P5R1/KPP2PP1/8 w - - 0 27	e4f6 e7f6 f4f6 g7g6 f6d8	1757	0g0p0y10111g
jZfyW	3Rr1k1/1pp3p1/p3R2p/5Q2/8/P1q5/2P2PPP/6K1 b - - 0 24	c3a1 d8d1 a1d1 e6e1 d1e1	1757	0p101316
kjQs4	3Q4/p2b1rkp/4p1p1/3pPp2/1p3P2/6NR/Pq4PP/2r2R1K w - - 4 27	g3h5 g6h5 h3g3 g7h6 d8g5	1757	0d101316191n
lg55Y	r3k2r/pp3ppp/1qnpb3/4p1P1/4P3/1PN2N2/P1PQ1nP1/2KR1B1R w kq - 0 13	c3a4 b6b4 d2f2	1757	01191o
lm3qj	8/p1p1Q1pk/6qp/2P5/1P2p2R/P3PpP1/5P2/3rNK2 b - - 2 34	g6a6 b4b5 a6b5 f1g1 d1e1 g1h2 e1h1 h2h1 b5f1 h1h2 f1g2	1757	050i0p13181w
mHEWq	2rq1rk1/p6p/bp4p1/2pB1n2/2P5/4P2P/P3QPP1/RN3RK1 b - - 2 21	d8d5 c4d5 a6e2	1757	01191o
mjV0C	2r1q1k1/p4ppp/1p6/nP1QPp2/2rP4/2P2N2/5PPP/1RR3K1 b - - 0 25	c8d8 d5c4 a5c4	1757	01191o1t
nOwmD	r1bq1rk1/4bpp1/p3p2p/np1p4/3P1B2/P2BPN2/1P3PPP/2RQ1RK1 w - - 2 14	f4c7 d8e8 c7a5	1757	0g0v1c1o
naeNc	6k1/1R3p2/4p1pp/1Q6/1p6/2b2P1P/r4qP1/5N1K w - - 3 40	b5e8 g8h7 e8f7 c3g7 f7g7	1757	0i0p101316
o26JA	8/4p1k1/5bp1/7p/8/P2q4/R4QPP/7K b - - 5 34	d3b1 f2g1 b1a2	1757	0g0i0p1o
ofawa	3r2k1/pp3ppp/2b1p3/7N/7Q/5P1P/P1qr1RP1/4R2K w - - 0 22	h4d8 d2d8 f2c2	1757	01191o
pJel7	3r2k1/3Pqppp/1p1rp3/8/B7/6PP/P4PK1/3RQ3 w - - 3 31	e1b4 e7d7 a4d7	1757	010p1o
pKPSN	8/8/8/8/3k1P2/3p4/5K2/8 b - - 0 59	d4c3 f2e1 c3c2	1757	0g0h0p1e1o
pQmr4	rn2k1r1/pp2pp1R/2p5/2P2P2/2B1K3/1Pb1Bn2/Pq4P1/3R4 w q - 0 28	c4f7 e8f8 d1d8	1757	040s1315191o
qGle1	3Q1R2/2b2p2/6pk/2P4p/2Q5/7q/5P2/6K1 b - - 4 38	c7h2 g1h1 h2g3 h1g1 h3h2 g1f1 h2f2	1757	0j0k0p13171w
rjWb8	4rk2/5r2/p1p2PRp/8/3b1q2/1Pp5/P1P1Q1PP/3R3K w - - 3 31	g6g8 f8g8 e2e8 f7f8 e8g6 g8h8 g6g7	1757	050i0r1317191w
tFoC1	3r4/1P5p/5kp1/p4p2/P7/2R1P2P/3p1PP1/2nR2K1 b - - 0 35	c1e2 g1h2 e2c3 d1d2 d8b8	1757	010p0s10
tSKWQ	5n1r/q1p1k2p/2Bp1p2/3PP2P/4P3/1p6/1P1Q4/rNK1R1NR b - - 0 26	a1b1 c1b1 a7a2 b1c1 a2a1	1757	05101316191k1n
teNTV	r2q1rk1/p3n1p1/3B3p/P1pbNp2/4N3/P6P/5PP1/R2Q2K1 w - - 0 21	d6e7 d8e7 d1d5	1757	0b0g0y191o
uze71	8/5k2/1p2p3/bB1pP2p/P2P2p1/1p2B1P1/1Pb1K2P/8 b - - 3 38	a5c3 e3c1 c3d4	1757	080g0p1o
w2McD	2kr3r/ppp1n1p1/2nq1p2/2Np3p/3P1Qb1/2PB4/PP2NPPP/R4RK1 b - - 3 14	g4e2 f4d6 c7d6 d3e2 d6c5	1757	011019
wIsti	r3kb1r/pb3ppp/1p2p3/4q1B1/P7/1QP5/4BPPP/R3K2R w KQkq - 0 15	b3b5 e5b5 e2b5 b7c6 b5c6	1757	0a10131619
xMDH0	6rq/pb2kp2/1pn1pn2/1Np5/2PP1Q2/4P3/P4P1P/R1B1K3 w Q - 8 20	f4d6 e7e8 b5c7	1757	0f1315191o
0VCtD	4qbk1/7r/1p2p2p/pP1pPp1R/B1pP1PP1/2P2Q2/1P5P/6K1 b - - 0 41	f5g4 f3g4 h7g7 h5g5 h6g5	1758	0g0p101g
0xim3	r6k/pQ3rpp/1np3q1/8/8/1B3P1P/PP2n1P1/3R3K w - - 0 25	b7a8 b6a8 d1d8 f7f8 d8f8	1758	060s101316191n
189j8	6k1/6pp/4q1rr/4Q3/5p2/1P1P1P2/P1P2BPP/4RRK1 b - - 0 24	g6g2 g1g2 e6h3 g2g1 h3h2	1758	05101316191n
1jLtE	3r2k1/1p3pp1/1P5p/1R1p3q/1P1Qp3/2P1P3/5PPP/6K1 b - - 0 27	h5e2 h2h3 e2b5	1758	0g0p1o
2oHy0	r1b1k1nr/ppp2ppp/3p4/2b1P1q1/2B1P3/5QP1/PPP4P/RN2K2R w KQkq - 0 10	f3f7 e8d8 f7f8 d8d7 e5e6 d7c6 f8e8 c8d7 e8d7 c6b6 d7b5	1758	041318191w
2wuN7	r2qk2r/ppp2ppp/2n5/5b1n/3PN2b/5P2/PPP1N3/R1BQ1BKR w kq - 1 12	h1h4 d8h4 c1g5 h4g5 e4g5	1758	01101c1n1t
4icqB	r2r1k2/1pq2ppQ/2p1p3/p7/2Pb4/7P/PPB2PP1/3R1RK1 w - - 0 20	d1d4 d8d4 h7h8 f8e7 h8a8	1758	0110191n1p
5ZGnb	8/2b5/2k5/B1Pp1p2/K2P1Pp1/6Pp/7P/8 b - - 1 46	c7f4 g3f4 g4g3	1758	080g0p1n1o
5bXlJ	r1b1k2r/pp1p1ppp/4p3/3nP3/3Q4/5N2/P1P1KPPP/RNq2B1R b kq - 9 14	d5f4 d4f4 c1f4	1758	0g1c1o
6U8pb	r1bqrnk1/p3bpp1/7p/2pn4/8/2NB1N2/P1QB1PPP/1RR3K1 w - - 0 19	c3d5 d8d5 d3e4	1758	01191o
7rWmV	8/8/4n1kp/1N6/8/1p5P/4KPP1/8 b - - 3 44	e6d4 b5d4 b3b2 d4c2 b2b1q	1758	00010p0z101h1n
9YT2E	5rk1/Q5p1/p3R1qp/1p2R3/5p2/2P4P/PP3PPK/3r4 b - - 7 31	g6b1 e5e1 d1e1 e6e1 b1e1	1758	0g0p10
9wKVP	3rk2r/ppRnnppp/4p3/3pP3/Q7/3p1N2/Pq1N1PPP/5RK1 w k - 4 15	f1b1 b2c2 c7c2	1758	01191o1t
ByLpF	5rk1/p2n3p/1p1q2r1/3pNp1Q/3PpP2/8/PP3P1P/1K4R1 w - - 0 25	e5g6 h7g6 g1g6 d6g6 h5g6	1758	0g0s1019
Cwmyb	r2q1knr/pp2pBbp/2np2p1/2p5/4P1b1/2P2N1P/PP1P1PP1/RNBQ1RK1 b - - 0 8	g4f3 d1f3 c6e5	1758	011c1o
D3yaw	6k1/1B2Qp1p/p3P1p1/7n/1P5P/6r1/1PP2qPK/3R4 b - - 0 28	g3h3 h2h3 f2g3	1758	050p13151g1n1o
DGy44	2r2rk1/1p1n1pp1/p2Bb2p/q1bp4/5Q2/P1N1P1P1/1P3PBP/2R2RK1 b - - 4 18	g7g5 f4f3 c5d6	1758	01191o
El2rr	r1b1k2r/1p1nbppp/5n2/1q1p1N2/1p1P4/8/PPP2PPP/R1BQR1K1 w kq - 0 15	f5d6 e8f8 d6b5	1758	0g0s1c1g1o
FIBXe	7k/ppp3p1/1bp1Q2p/2q1P3/5r2/5R2/PPP1R1PK/8 b - - 1 30	c5g1 h2g3 f4f3 g3f3 g1f1 f3g3 f1e2	1758	050g0i0p1g1w
FSI9K	8/5k2/4p3/pp1Bp1P1/5P2/P3K3/8/8 b - - 0 37	e5f4 e3f4 e6d5 f4e5 b5b4	1758	080g0p0w10
FUBFD	4r1k1/pp1q1pbp/2p1r3/8/2PP4/3Q2BP/PP4P1/3R1RK1 b - - 6 23	e6e3 d3f5 d7f5 f1f5 e3g3	1758	011019
GwS3w	6k1/6p1/p3p3/1b1pP3/2pP2P1/8/2P2KQq/R7 b - - 2 40	h2f4 g2f3 f4d4 f3e3 d4a1	1758	0g0p0r0s10
JuQkG	8/8/6p1/p1p4p/P1P4k/1P1K4/8/8 w - - 0 39	b3b4 c5b4 c4c5 g6g5 c5c6	1758	0g0p101e1l
JuR8w	2k3r1/1pp2p2/3P3p/PN1Pp3/1P2P3/5P2/4Q1Nq/1R3K2 b - - 0 32	h2h1 f1f2 g8g2 f2e3 g2e2	1758	0g0p0r101p
K9VnX	rnbqk2r/pppp4/4pp1p/b3B1p1/3P4/2PQ4/P1P2PPP/R3KBNR w KQkq - 0 10	d3g6 e8f8 e5f6 h8g8 g6h6 f8f7 f6d8	1758	0g0s1c1w
Lbzxs	5k2/p1p2pp1/1pb1P3/3q4/6BQ/2P4P/PP2R1PK/5r2 b - - 0 31	d5d6 h4g3 f1h1 h2h1 d6g3	1758	010i0p1011
OtQCE	1r3r1k/1ppb4/p2n1qQ1/3P4/2P5/P3R3/5PPP/1R4K1 w - - 3 26	g6h5 h8g8 e3g3	1758	0g191o
PkntF	6r1/8/4pQPk/3b1n2/pp1Pp3/8/1Pq4P/1R4RK w - - 1 37	g6g7 h6h7 f6g6	1758	000j0k11121315191o
Rp3IB	6rk/1ppb1q2/3p3P/p1nPp1Q1/2P1P3/5r2/PP2N3/2K3RR w - - 7 33	g5g7 g8g7 h6g7 h8g8 h1h8	1758	000e0k0m0r0y101316191n
S5Ni7	2kr2r1/p3ppb1/2p4p/3nB1p1/3P4/4P2P/PP2QPq1/2R1KR2 w - - 0 19	e2a6 c8d7 a6c6	1758	1315191k1o
SOoEF	6rk/Q2R2qp/2p5/4P2p/5P2/6BP/P4rP1/5RK1 b - - 0 24	f2g2 g1h1 g2h2 h1h2 g7g3 h2h1 g3h3	1758	050i1317191w
TBmCP	r2qkb1r/pp3pp1/4p1np/2npP3/8/P2QBNPP/1PP2P2/RN2K2R w KQkq - 0 12	e3c5 f8c5 d3b5 d8d7 b5c5	1758	010s1019
TSwru	r7/p2PK2p/1p6/8/2k2N2/6P1/5r1P/1R6 w - - 0 39	b1c1 c4b3 c1c8 a8c8 d7c8q	1758	000g0p101h
Trk6O	k2r1b1r/pp4p1/7p/1Q1nB3/1q2p3/2N5/PPP2PPP/R4RK1 b - - 2 22	d5c3 b5b4 c3e2 g1h1 f8b4	1758	010w10191n
XinIY	2rbbk1r/ppq2pp1/4p3/3pP3/1P3N2/P2QB1p1/2P5/R2K1R2 w - - 0 26	f4e6 f8g8 e6c7	1758	0g191g1o
YcKDJ	r7/1p3k1q/p1p5/3pPbQ1/1P6/2P4P/PB1NB2K/8 b - - 2 28	h7h3 h2g1 a8g8 e5e6 f5e6	1758	0g10191g
Z3eyo	4k3/1R6/p4p2/4p3/1P1n1r2/P1P3K1/6PP/3R4 b - - 2 39	d4f5 g3h3 f4h4	1758	0p13151o
aMtZ9	5rk1/2p2rpp/p1b5/1pPn4/1P5q/P2B1P2/6PP/R1BQ1RK1 b - - 0 19	h4d4 g1h1 d4a1	1758	0g0s191o
alTwp	r1rk4/1p1b1p2/1q5p/p3Q3/PbPpP2P/1P1P1P2/1n6/2K2BR1 w - - 4 26	g1g8 d7e8 g8e8 d8d7 f1h3 b6e6 h3e6	1758	0g0r191w
cHo78	2q3k1/p2n1pp1/7p/2N1b3/1PPp4/3Q3P/P4PP1/5K2 w - - 1 29	d3f5 d7b6 f5e5	1758	010p1o
cgrGY	rnb1k2r/ppp2pp1/7q/3Q4/3P4/2N2BP1/PP2PP2/R3R1K1 b kq - 0 15	h6h2 g1f1 c8h3 f3g2 h2h1	1758	0y101316191g
dP87J	8/1p3k2/1N1P4/1P3pp1/3B1n1p/7P/R1r1rPP1/R5K1 b - - 2 38	c2a2 a1a2 e2a2 d6d7 f4e6	1758	011019
ddmX9	2kr3r/ppp3pp/2nb1p2/3q4/6b1/1P3N1P/P1PPBPP1/R1BQ1RK1 b - - 0 11	g4f3 e2f3 d5e5 g2g3 e5a1	1758	0g1019
e92uP	r3k3/pR1b1prp/3bp3/3p4/3P1P2/4PN2/q1nNBKPP/3Q3R b q - 0 16	g7g2 f2g2 c2e3 g2g3 e3d1	1758	050g0i0s10191n
fXxaZ	8/4Q2p/p5pk/5p2/1p2bR2/4P1KP/P2q2PN/8 b - - 8 34	d2g2 g3h4 g6g5 e7g5 g2g5	1758	0p0s101316
g727O	r3k1r1/5p2/pp2p2p/2p5/4bPp1/PQP5/2Nq2PP/R4RK1 w q - 0 23	b3a4 e8e7 a4e4	1758	010s191o
g7RuX	5rk1/5p1p/pq4pQ/3bpN1n/1p2p2P/1Pr5/PK3PP1/3R3R w - - 2 23	f5e7 g8h8 h6f8	1758	0i0s1315191o
gcNgB	3rk1r1/BQ3R2/3p3p/6q1/8/P5PK/1P5P/8 b - - 0 35	g5h5 h3g2 h5f7	1758	0g0p1o
hitK6	2n3r1/1kp4r/p1p1q3/P3p3/1P2Pp2/5P1P/4QBPK/2R3R1 b - - 8 30	g8g2 g1g2 e6h3 h2g1 h3h1	1758	101316191n
i72f4	r4rk1/1pP3bp/6p1/3Pp3/PB2N2q/2N1Rn1b/5P1P/R2Q1B1K b - - 1 23	h3g2 f1g2 h4h2	1758	0e0j0y1315191n1o
iKFUH	1r1q1r1k/2p1bpp1/p2p2bp/2pn4/4P1P1/1P3P2/PBPQ2BP/R3R1K1 w - - 0 19	d2h6 h8g8 h6g7	1758	0y1315191g1o
iWZYT	8/8/6pp/7P/5kP1/1p1K4/1P6/8 b - - 0 57	g6g5 d3c3 f4g4	1758	0g0p1e1l1o
iX8hR	8/3Nr3/6pp/3pNpk1/8/5K2/6PP/8 w - - 10 36	h2h4 g5h5 d7f6 h5h4 e5g6 h4g5 g6e7	1758	0g0i0p0s1w
ia5by	6k1/4q3/p2p2PQ/1pnP4/8/P7/1bP5/5RK1 w - - 0 31	f1f8 e7f8 h6h7	1758	0p1113151n1o
jOCFD	rn1qkb1r/p4ppp/bp2pn2/2pp4/3P4/2P1PPPN/PP1N3P/R1BQKB1R w KQkq - 1 8	f1a6 b8a6 d1a4 d8d7 a4a6	1758	010s101c
k5XvH	r5k1/p1p1R1pp/2p3rq/5p2/5p2/3P3P/PPPQ1PPK/4R3 b - - 4 20	g6g2 h2g2 f4f3 g2f3 h6d2	1758	01050j0p101n
kiLoA	3rr1k1/pp4pp/2p2p2/8/1P1P1B2/P1Q3q1/3N4/2R1RK2 b - - 0 31	e8e1 c1e1 g3c3	1758	0g191o
mK5zx	1r1r4/4R2p/1pk4b/1pp1p3/8/2N2N2/PP3PPP/1K6 w - - 0 21	e7e6 c6b7 e6h6	1758	010p0s1o
nBVvp	2r2rk1/p4p2/1p2p1p1/4b1qp/2P5/P4QP1/1B3P1P/2RR2K1 w - - 0 22	h2h4 g5f5 f3f5 g6f5 b2e5	1758	010b1019
nyghI	7k/3r3p/b2N2p1/1p2r3/1PnR4/6P1/6BP/2R4K w - - 2 44	d6c4 d7d4 c4e5	1758	011112191o1r
ov2qw	rnb1qbnr/pp1kp2p/2pp1p2/7Q/2BP3p/4P3/PPP2PPP/RNB1K2R w KQ - 4 8	c4e6 d7d8 h5e8 d8e8 e6c8	1758	01101c
p7Xxy	3q2k1/pp1r2p1/4p2p/2p2p2/4P3/1PRn1Q2/P4PPP/3R2K1 b - - 4 25	d3e5 d1d7 e5f3 g2f3 d8d7	1758	0g0p10
pEAa5	2kr4/ppp2p2/5N2/5PP1/8/3p1q2/PP3R2/1K2Q3 b - - 3 28	f3f2 e1f2 d3d2 f2d2 d8d2	1758	00010p101n
pikXF	rn1q1rk1/ppp2p1p/5n2/3N2p1/3P1bb1/4P1Q1/PP3PPP/R1B1KB1R w KQ - 0 11	d5f6 d8f6 g3g4	1758	010b0y1c1o
ps7OZ	r3r1k1/p4p2/2p2p1p/3p2qN/3P2b1/2P3P1/5P2/RR1Q2K1 w - - 1 32	d1g4 g5g4 h5f6 g8g7 f6g4	1758	01050i0s10191n
psn54	r6k/2p3pp/p2n4/2qBN2P/8/bP6/2P2P2/1K1R3R w - - 3 31	e5g6 h7g6 h5g6	1758	0j0k1315191f1n1o
qVSiI	r3k1r1/pppb4/2npqp2/1B2p1Pp/4Pp2/2PP1N1P/PP3PK1/R2Q3R w q - 0 22	b5c4 e6e7 c4g8	1758	01191o1p
qnq4v	r4rk1/p1p1bqpp/1p1pp3/6B1/2PP2n1/3B3Q/PP3PPP/R3R1K1 b - - 4 16	f7f2 g1h1 f2e1 a1e1 g4f2 h1g1 f2h3	1758	0g0s191n1w
r0KJT	2k3r1/p1pp1p2/1p5p/8/3p4/1P4r1/P1qP1QP1/4RBK1 w - - 0 23	f1a6 c8b8 f2g3	1758	010p1o
r2VRS	5r1k/6b1/R6p/1p1B3p/5r1P/8/P1P3P1/1R4K1 b - - 0 32	g7d4 g1h2 f4h4 h2g3 d4f2	1758	0p1013161a
rIAHF	3k3r/pbp3R1/1p6/8/6pr/2N5/PPP3P1/4R1K1 b - - 3 27	h4h1 g1f2 h8f8 f2e2 f8e8	1758	0g0p10
rf4BW	1r5r/k7/1p2pn2/p1p1p1p1/2NpP3/3P2P1/R1P1KP2/1R6 w - - 4 34	c4a5 f6d7 a5c6 a7b7 c6b8	1758	010k0m0p0s10
sdjje	3r3r/pQ2B3/1pb2p1p/1k2p3/8/5p2/P4PPP/6K1 w - - 4 28	a2a4 b5a4 b7c6	1758	01050i0p1o
tbCp9	1k6/ppp1q3/5p1p/6p1/2Q5/2N3P1/PPPr2PP/3R2K1 b - - 5 21	e7e3 g1h1 d2d1 c3d1 e3e1 c4f1 e1f1	1758	0p0s13171w
uAYM3	2kr3r/ppp2ppp/2b5/4p1N1/2P1q1n1/Q1P1B3/P4PPP/R3KB1R b KQ - 5 13	g4e3 g5e4 e3c2 e1e2 c2a3	1758	010s10191n
uw2Jo	r2qkb1r/1b2p1p1/p2p1p2/1p2n2p/3NPBn1/P1NB2QP/1PP2PP1/R4RK1 b kq - 1 13	h5h4 f4e5 h4g3	1758	0g191o1t
ux0el	5r2/6pk/pPp4p/3n4/7N/P7/3BrpKP/3R1R2 b - - 0 32	e2d2 d1d2 d5e3 g2h1 e3f1 d2f2 f8f2	1758	0g0s191n1w
vDYbo	5rk1/p3nppp/1q1Np3/2rpP3/Q4P2/2P5/P5PP/1R2R1K1 b - - 1 21	c5b5 a4d4 b5b1	1758	0g0j0k191o
wI6MD	3R4/5p2/2k1b3/4Pp2/3K4/1p4P1/8/8 b - - 20 43	c6c7 d8h8 b3b2 h8h1 e6a2	1758	000d0g0h0p10
y2Ezz	8/1ppk4/3bn3/7r/QPK1p1r1/2P1B3/P7/3R4 b - - 5 39	b7b5 a4b5 h5b5	1758	010s191o
yGwFt	8/8/1K6/2p5/1kP5/1P1n4/P7/8 w - - 0 74	a2a4 b4b3 a4a5 b3b4 a5a6 b4c4 a6a7	1758	000g0p0z111l1n1w
yHIxo	5k2/pp3p1Q/5p1p/3p4/3q4/5PRP/PP4PK/2r5 w - - 0 28	h7h6 f8e7 h6c1	1758	0g0p0s1o
yfvkC	8/R7/5P1p/7P/8/bB2k2P/P4r2/3K4 b - - 0 44	f2f1 d1c2 f1c1	1758	0p1113151d1o
zHPEu	8/1p6/2p5/2PpK3/1P3P2/4k3/8/8 b - - 1 45	d5d4 f4f5 d4d3 f5f6 d3d2 f6f7 d2d1q f7f8q d1d5 e5f6 d5f3 f6e7 f3f8	1758	000g0p111e1h1l1w
zupn8	4Q3/3N1ppk/7p/3p3b/P2P4/2P1P3/1r3qPP/6RK b - - 6 25	f2g2 g1g2 b2b1 g2g1 h5f3	1758	0p1013161n
0eSDF	r5k1/1QR2ppp/3qp3/p7/2R1P3/5P1P/6PK/3r4 w - - 5 31	e4e5 d6e5 f3f4	1759	010h0p1o
0iV2P	8/3R3p/4kNp1/2P2p2/8/4q2P/6PK/8 w - - 0 42	d7e7 e6e7 f6d5 e7e6 d5e3	1759	050g0p0s101n
3IMNN	r3kb1r/pp1nppp1/3p2n1/1B2P3/6Q1/2N3pq/PP3P1N/R2R2K1 w kq - 0 18	b5d7 e8d8 g4h3	1759	01191o
3ZR9z	8/p7/8/1p1p2Np/1Pk5/P3P1P1/2PK1n2/8 b - - 3 41	f2e4 g5e4 d5e4 d2d1 c4c3 d1c1 a7a6 c1d1 c3b2 d1d2 b2a3 d2c3 a3a4 c3d4 a4b4	1759	0g0p0z1l1w1z
4g4N2	r4r1k/6pB/pp4pp/n2b4/5q2/P4P2/1BQ4P/R5RK w - - 0 27	b2g7 h8g7 c2g6 g7h8 g6g7	1759	050w0y10131619
5VCGP	6k1/1Q1n1pp1/1n1p4/1P2p1q1/4P3/3N2PB/2r2P2/3R2K1 b - - 6 32	g5h5 d1c1 c2c1 d3c1 h5h3	1759	010s101119
5WhL1	r5k1/2p1b1pp/p1p3qr/2Pp1p2/3PpP2/1PB1P1P1/P3QKP1/R4R2 b - - 2 21	g6g3 f2g3 e7h4 g3h2 h4f2 e2h5 h6h5	1759	050j0k1317191f1n1w
5Yj61	r1bq1rk1/2p1bpp1/1pn1p2p/8/3P4/P3BN2/1PBQ1PPP/R3K2R b KQ - 1 14	e7b4 a3b4 a8a1	1759	0g191g1o
5aoXW	2B5/b7/P7/r7/1p5p/1P1R3P/2K4k/8 b - - 10 63	a5c5 c2d2 c5c8	1759	010p0s1o
6bLMK	5rk1/3q3p/p3bpp1/n1Qnp3/8/P4N2/1N1R1PPP/3R2K1 b - - 5 22	a5b3 d2d5 b3c5	1759	010s191o
7pdXq	5r1k/4n2p/1p2Q1pP/p3p3/4b2B/P2r4/1q3bP1/4R2K w - - 0 35	h4f6 f8f6 e6f6 h8g8 f6g7	1759	0s10131619
8xbGP	5k1B/1p3r1p/3p2p1/3P4/1Pq5/P6P/2r2PP1/Q3R1K1 w - - 9 31	h8g7 f7g7 a1f6 g7f7 f6h8	1759	0p0r1013161n
9VgX5	r7/1ppN1Bpk/p5Np/8/1P4n1/P5P1/Q4q2/3R3K b - - 3 26	f2f3 h1g1 f3d1	1759	010s191o
9b9Mg	r2qk2r/ppp2ppp/2np4/6b1/2BpnB2/5P2/PPP1NP1P/R2Q1RK1 w kq - 1 11	f3e4 g5f4 e2f4 d8g5 f4g2	1759	010h0t101c
AcMs9	1r6/5R2/8/6k1/1p2B1p1/5P2/1q3P2/5K2 w - - 0 38	f3f4 g5h6 f7h7	1759	0p111213151d1o
AfbYg	8/5pk1/7p/6p1/5P1n/3RB1KP/5P2/r7 b - - 0 43	a1g1 g3h2 h4f3	1759	0f0p13151o
BY489	r7/ppp1k2N/6p1/5n2/8/1B1bn3/PP4PP/4R1K1 w - - 3 22	g2g4 e7d6 g4f5 e3f5 e1d1	1759	0110191g
BgiAU	8/5pp1/2p3k1/1pPp2P1/1P1Pr1q1/8/7Q/r1B2R1K w - - 15 42	f1f6 g7f6 h2h6 g6f5 h6f6	1759	0p0r1013161n
DGbcA	r3kb1r/p3pppp/2Q1q3/3nN2b/3P4/7P/PP3PP1/RNB1K2R b KQkq - 0 12	e6c6 e5c6 a8c8 b1c3 d5c3	1759	01101c
DrltQ	6k1/p6p/2B1p1p1/1p6/2n5/2P5/P4r2/1K1R1R2 b - - 2 24	f2f1 d1f1 c4d2 b1c2 d2f1	1759	01050p0s10
EMy0B	4rrk1/2qb3p/2pb1pp1/3N4/3P4/3Q2B1/PP3PP1/2R1R2K b - - 0 22	e8e1 c1e1 c6d5 g3d6 c7d6	1759	010w1019
EwYR7	3rr1k1/pp2p1b1/2p3Q1/3q2N1/3P1Pb1/4P3/PP6/RK5R w - - 5 28	h1h8 g8h8 g6h7	1759	050y1315191g1n1o
GsDMc	2r2rk1/5pp1/p4Q1p/7P/1p4R1/2q1P3/5PP1/5RK1 w - - 2 28	g4g7 g8h8 f6h6	1759	0p13151o
Hduqm	6r1/3nk3/2p1pp2/3p4/3N1P1p/2B1q1rP/1Q2BRRK/8 b - - 1 35	g3h3 h2g1 g8g2 g1g2 e3g3 g2f1 h3h1	1759	050j1317191g1w
IEiQ9	6k1/p3pRb1/3p2Q1/2q5/2p1PK2/2P3P1/8/8 b - - 3 47	c5f2 f4g4 f2f7	1759	0g0p111o
IjYOg	1r1qk1nr/ppp2pbp/3p2p1/8/3nP3/1Q2BBP1/PP3P1P/RN2K2R w KQk - 0 11	e3d4 g7d4 b3a4 b7b5 a4d4	1759	010s101c
IjaNw	8/8/1p3p2/2k3pp/1pN1P3/pK3PP1/6P1/8 b - - 1 41	a3a2 b3a2 c5c4	1759	000g0i0p0z1o
JbHPw	2rq1r1k/5p2/p3pp1p/1p2P2Q/3Pb3/P1n1PN2/2B3PP/4R2K w - - 2 28	h5h6 h8g8 e5f6 d8f6 h6f6	1759	0g0y1019
KybB2	2rq1r1k/p3bp2/1pb1p3/2np4/5PQ1/PP2P3/2PN2PP/R4RK1 w - - 2 18	f1f3 e7h4 f3h3 f7f5 h3h4 d8h4 g4h4	1759	0g0r191l1w
KzOFV	6k1/5p1p/4pBp1/6P1/3pbP1P/2p5/Rr4B1/6K1 w - - 2 40	a2b2 c3b2 g2e4	1759	0g0p1o
M4s7M	2kr1b1r/ppp2pp1/5nqp/8/2BPbB1P/2Q5/PPP3P1/4RRK1 w - - 0 17	c4e6 c8b8 c3c7 b8a8 c7d8	1759	060j0s10131619
Nl5Of	3r1rk1/pp4b1/2q2p1p/2p1nP2/4pNP1/1PP4P/P2NQ1K1/R4R2 b - - 3 24	e4e3 d2f3 d8d2	1759	0g0j0k11191g1o
ORrhQ	8/8/p7/1p2B3/4N1k1/4p2p/8/3K4 b - - 5 60	g4f5 e4g3 f5e5	1759	0g0p1o
P18Os	rn1qk2r/pp3ppp/2p5/4P3/1b2n1b1/2N1BN2/PPP3PP/R2QKB1R w KQkq - 0 9	d1d8 e8d8 e1c1	1759	0c0g0j0k1c1o
POh9R	2r2rk1/p1qnbpp1/1p2pn1p/2ppN3/Q2P3B/2P1P2P/PP1N1PP1/R3K2R w KQ - 5 15	e5d7 c7d7 a4d7 f6d7 h4e7	1759	010b101119
RNV6y	3r3r/1p6/p2p3k/3Bppq1/PPP3nP/3PP3/2Q2PK1/R4R2 b - - 0 25	g4e3 g2f3 g5f4	1759	0g0k0m191o
RdPuD	8/6p1/1b3p1p/5Pk1/6P1/1r1p1KNP/3R4/8 w - - 1 47	h3h4 g5h4 d2h2 h4g5 g3e4	1759	050p101316
SQaLd	r4rk1/pb3pqp/4p3/1p1nNp2/3P4/2P5/PP2QPPP/R3RBK1 b - - 6 22	d5f4 e2e3 f4g2	1759	01191o
Sr2J1	8/4rkp1/p6p/5B2/1p4P1/4q3/1P3Q1P/6K1 w - - 0 35	f5e6 f7e6 f2e3	1759	050g0k0m0p0v0w1o
ULffO	r5k1/p2QR1pp/2p3q1/3b4/5p2/6P1/P4P1P/5BK1 w - - 0 31	f1d3 g6f6 e7e8 a8e8 d7e8 f6f8 d3h7 g8h7 e8f8	1759	0g0i0p1w
VAKE0	rn1q1b1r/ppp2kpp/5n2/3p4/4P1b1/2N2N2/PP3PPP/R1BQK2R w KQ - 2 8	f3e5 f7g8 e5g4 f6g4 d1g4	1759	01101c
Wm2i8	3r2k1/pb5p/1q3pp1/8/3p4/1P4BP/P2R1PP1/2Q3K1 w - - 1 33	g3c7 b6c6 c1c6 b7c6 c7d8	1759	0g0p0s10
YlLrR	6k1/4Qpp1/p7/1pB4p/1P3q2/7P/2n3P1/7K w - - 0 45	e7d8 g8h7 d8d3 h7h6 d3c2	1759	010p0s10
Zg9vt	5rk1/1p2Rpp1/7p/p7/Q2P4/6P1/P1r2P1P/3qRK2 b - - 5 28	c2f2 f1f2 d1a4	1759	0g0j0p1o
aPnfz	8/R4ppk/4p2p/1P6/5P2/2p1P3/1r3P1P/4K3 b - - 2 36	b2b1 e1e2 c3c2	1759	000g0p1m1o
aQujk	6k1/5ppp/p7/2P1P1bP/2q5/PrBQ4/2K1N2P/R7 b - - 4 30	b3b2 c2b2 c4d3	1759	010i191g1o
bSTCO	8/7p/5pk1/R2p1rp1/8/2PQ1P1P/Pq6/6K1 b - - 2 43	b2b6 g1f1 b6a5	1759	0g0p0s1o
eNzQM	4r1k1/pp1q1p2/5n1p/2P3p1/1P1Q4/P3rBPP/6P1/2RR2K1 b - - 0 27	e3e1 g1f2 d7d4 d1d4 e1c1	1759	0g0w1019
foyBH	r1bq1rk1/4bppp/p2p1n2/1p1Pp3/4n2B/P1N2N1P/1PB2PP1/R2Q1RK1 w - - 0 16	c3e4 f6e4 h4e7 d8e7 c2e4	1759	01101c
h7oOJ	2rR2k1/p1B2pb1/8/8/8/6QP/P3qPP1/6K1 b - - 6 31	c8d8 c7d8 e2d1 g1h2 d1d8	1759	010p0s10
iiQLi	r4rk1/1p2bpp1/4p2R/3pq1N1/2b3R1/8/2P2PPP/q1BQ2K1 w - - 0 28	h6h8 g8h8 g4h4 h8g8 h4h8 g8h8 d1h5 h8g8 h5h7	1759	050y1318191n1w
jk04l	r2q1r1k/2p1bp1p/p1pp4/4p2p/3PP3/1P3P1P/PBPQ1P1K/R4R2 b - - 3 17	e7g5 f3f4 g5f4 d2f4 e5f4 d4d5 f7f6	1759	0g0h0s191w
k1ptP	r1b2rk1/p1p1qpp1/2pp3p/3n4/1N1P4/4BQ2/P1P2PPP/R3K2R w KQ - 4 15	b4c6 e7e8 f3d5	1759	010b191o
lakRb	r3qrk1/1p2n1b1/p1pp3B/3P4/2P3QN/8/PP4PP/R3K2R b KQ - 0 19	e7f5 e1d2 f5h6	1759	0g0j0k11191o
mCoKm	6k1/pp3p1p/n2p1Bp1/1NpP4/2P2Q2/P5Pq/1P2rPbP/R5K1 b - - 4 20	g2e4 f4e4 e2e4	1759	0g191o
nivDL	3r2k1/p2qQppp/1p3n2/2p5/2P5/1N5P/PP3PP1/4R1K1 b - - 0 23	d8e8 e7e8 f6e8	1759	0g0p1o
pQzJO	4r1k1/p1q1P1pp/1p6/8/1P1p4/6P1/P3Q1KP/R7 w - - 1 30	e2e6 g8h8 a1f1	1759	0g0h0p1o
pUPEs	r4r2/p4pk1/bp2pq1p/1N1p2pQ/1P1n4/P6P/4BPP1/2R1R1K1 w - - 7 26	b5d4 a6e2 d4e2	1759	01191o
qZ3Sc	r1b1r1k1/pp3qp1/1b2ppQ1/3p4/3P1P2/2P4R/PP4PP/R1B3K1 w - - 1 20	h3h8 g8h8 g6f7	1759	0g0i0y191o
s7Xj1	3q2k1/5p1p/p2p2p1/1p3n2/5P2/1P2rBP1/P2QN1K1/7R b - - 5 27	e3f3 g2f3 d8a8 f3f2 a8h1	1759	050g10191n1p
t5BQI	8/4kp2/5r1p/4K1p1/3R2P1/4P2P/8/8 w - - 0 50	d4d7 e7d7 e5f6 d7e8 f6g7	1759	0g0i0p101m
vSgdV	8/8/1p6/pPk1PK1p/P1P2Pp1/8/8/8 b - - 0 49	g4g3 e5e6 g3g2 e6e7 g2g1q e7e8q g1g4 f5f6 g4f4	1759	000g0i0p1e1h1w
wua0i	r1bq1bkr/pp1p2pp/2p5/4P3/4n3/5Q2/PPP2PPP/RNB1K2R w KQ - 2 9	f3b3 d7d5 e5d6 c8e6 b3e6	1759	0j0k0o0y1013161c
x60nr	r2qr1k1/pppb1pbp/8/4P1BQ/2Nn4/2N3P1/PP5P/R3R1K1 b - - 1 18	d8g5 h5g5 d4f3 g1f2 f3g5	1759	050g0s10191n
y6jBL	3k2r1/3q3p/3R3Q/3n4/1p1N3P/3P2Pb/1PP1r3/5RK1 b - - 4 32	g8g3 g1h1 h3g2 h1h2 g3h3 h2g1 h3h1	1759	0r0s1317191d1w
yCVr2	2kr3r/p1pb2Qp/4p1p1/5p2/2NPp3/q3P3/4KPPP/1R3B1R b - - 0 19	a3d3 e2e1 d3b1	1759	0g0s191o
ykFvJ	r2n1k2/1pp2p1p/1b4p1/pP2Q3/P2PN3/2P2q2/7P/4RbK1 w - - 0 28	e5h8 f8e7 e4g5 f3e2 e1e2	1759	010j0k1019
0n68t	2r2r1k/1p3R2/p5pp/4P3/2P1Q1R1/7p/P2q4/6K1 w - - 1 33	f7h7 h8h7 e4g6 h7h8 g6g7	1760	050p0r1013161n
1dzql	r1bq2kr/pppp2pp/6n1/b3P3/3PNR2/2P5/PP4PP/RN1Q2K1 w - - 1 14	d1b3 d7d5 e5d6 c8e6 b3e6	1760	0j0k0o0y1013161c
2kJtr	4nrk1/p4pp1/8/2p1pNQ1/2P1P3/7P/PP2qPPK/8 w - - 3 29	f5e7 g8h7 g5h4 e2h5 h4h5	1760	020p101316
3PHsf	2b5/1p6/1p2p1pk/5r1p/3p1qr1/PP3N1Q/2P3PP/3RR1K1 w - - 2 25	d1d4 f4f3 h3f3 f5f3 d4g4 h5g4 g2f3	1760	0111191w
84Xfa	2qb3r/1bN2pk1/1P1Q4/8/3Pp3/4P1Pp/5P1P/2R3K1 w - - 1 38	c7e8 h8e8 c1c8	1760	010j191o
8FeTe	3rk1nr/p3b1pp/2P5/Q2P1p2/3q1p2/3n1B2/PP1NK1PP/R1B4R b k - 3 18	d4e3 e2d1 d3f2 d1c2 e3d3	1760	0r0s10131619
8btBb	rn2kbnr/pp3ppp/4p3/3Nq3/2Bp4/5P2/PPP2P1P/R1BQ1K1R w kq - 0 10	c1f4 e5f5 d5c7	1760	011c1o
8trtr	3R4/5Bpk/1pp4p/p1p2r2/P3nq1P/2P5/1P4P1/3Q2K1 w - - 2 35	d8h8 h7h8 d1d8 h8h7 d8g8	1760	050p1013161n
ATFR8	2r1k1nr/Np1b1ppp/n7/4p3/1b2P3/1BN5/PP3PPP/R1B1K2R b KQk - 0 11	c8c3 b2c3 b4c3 e1e2 c3a1	1760	010s101c
BJsE9	6k1/5pp1/3P1q1p/5N2/3P4/6Q1/r3r1PP/5RK1 w - - 1 29	f5e7 e2e7 f1f6	1760	0g0j0p1g1o
BnD9u	5rk1/r4ppp/3p4/1P5Q/2BpPRP1/p1qP3P/R7/7K b - - 0 30	c3c1 h1g2 c1f4	1760	010s191o
DRx5B	2r4k/pp1b1r1p/4p1p1/q2pb1B1/5nPQ/2N4R/PPB2P1P/R5K1 w - - 1 22	g5f4 e5f4 c2g6	1760	01191g1o
DY4pv	6k1/1ppn2p1/1pnpq1pp/4P3/2P2rP1/3PB2P/1P4B1/2Q3K1 w - - 0 22	g2d5 e6d5 c4d5	1760	0g191g1o
EMhZg	4r1k1/pp3p1p/6pP/6P1/8/2N1P1Q1/PPPq1P2/K3n2R b - - 6 28	d2c1 c3b1 e1c2	1760	0p13151o1q
F8bEd	8/1p2r1pp/P1p1k3/8/8/1Pb2NBP/5PP1/6K1 w - - 1 38	a6a7 e7e8 g3b8	1760	000g0h0p1o
G3XWf	8/8/8/4pp2/5R1P/4k1K1/8/8 b - - 0 55	e5f4 g3g2 e3e2 h4h5 f4f3	1760	0g0p10
G4VhJ	1bB2r1k/pp4pp/3q4/3p4/3Bn3/2P4P/PP3PP1/R2QR1K1 b - - 0 19	d6h2 g1f1 e4g3	1760	0y1315191g1o
ISTXd	3r2k1/pp5p/2pbrpp1/3n4/8/1B1R4/PB4PP/5R1K w - - 6 29	d3d5 c6d5 b3d5 d6e5 d5e6	1760	0110191g
KxlRO	r1b1k2r/1p1p1ppp/p4n2/8/4P3/2Q5/P1P1KPPP/RNq2B1R w kq - 4 12	b1d2 c1a1 c3a1	1760	0g191l1o1t
LDwJr	2q2rk1/p7/4p2p/P1rpP1p1/1p4Q1/1P3R2/5P1P/6RK w - - 0 39	g4g5 h6g5 g1g5 g8h8 f3h3	1760	0p0r1013161n
M3rA7	2kr3r/Qpp4p/1n2p1p1/P7/3q4/1B1P4/1PPK2PP/RN5R b - - 6 21	b6c4 b3c4 d4a7	1760	010j191g1o
MBmCK	4r3/ppp3k1/2p2rp1/3qp2Q/1bN5/1P1PB2P/P1P2PRK/R7 b - - 5 25	d5g2 h2g2 g6h5	1760	01191o
MSd1q	7k/6p1/6Q1/q1r4p/5P1P/1K1B4/P1P5/8 b - - 4 39	a5c3 b3a4 c5a5	1760	0p0x13151o
NIMDl	6k1/5p2/p2Pq1pP/bp5P/4P1B1/1P5K/3Q4/7R b - - 0 38	e6b3 h3g2 a5d2	1760	0g0p0w1o
Pkl06	2qr2k1/p6p/1p4p1/3p1p2/1P1QnP2/4P1PP/PB4K1/3R4 b - - 1 29	c8c2 d1d2 c2d2 d4d2 e4d2	1760	0g0p10
Punao	3n1rk1/5p2/6pp/3QP3/6q1/5N1n/P1BN1P2/4RK2 b - - 0 31	h3f4 f3g1 f4d5	1760	0g191o
RMOPo	8/ppk1q2p/2pb1P2/3p3Q/8/P1PK4/1P6/7R b - - 0 39	e7e4 d3d2 d6f4 d2d1 e4d3 d1e1 f4g3	1760	070p13171w
Rcgt2	3rk3/1pRnqp1p/4p2P/1Q1pNp2/8/5K2/PP4P1/8 w - - 2 30	e5d7 d8d7 c7c8	1760	010p1o
SWDBc	r4rk1/1pp3pp/p1nbpn2/q7/1P5N/P1NPB3/2P1QPPP/R4RK1 b - - 0 15	a5e5 h4f3 e5c3	1760	01191o
Tskmo	3k4/p1p2p1p/2Q5/8/6r1/Pq1K4/1P1R1P2/8 w - - 15 41	d3e2 d8e7 c6d7 e7f6 d7g4	1760	0g0j0k0p0s10
U8bWS	8/6pp/8/bK1P1p2/3P4/1p3P1P/k5P1/2B5 b - - 1 40	a5d2 c1d2 b3b2 d5d6 b2b1q	1760	0001080p101h1n
UEVGi	r2q1rk1/1b3ppp/p2p4/3Pp3/2Bb4/P1P4P/1P3PP1/R1BQR1K1 b - - 0 16	d4f2 g1f2 d8h4 f2g1 h4c4	1760	01050s10191n
UUdsc	r1b1r1k1/pp1n1pp1/2pqp3/3pN3/5P1R/1P1P4/P1PQ1PP1/R3K3 w Q - 4 20	h4h8 g8h8 e5f7 h8g8 f7d6	1760	050g0i0s10191n
Uqi99	1k6/1p2bpp1/2pr2p1/Q1P5/6r1/5q2/PP6/1KR1R3 w - - 0 28	e1e7 f3f5 b1a1	1760	0g0h0t11191o
VAVjs	6rk/pR1Q2pp/8/2P3n1/3P4/P2qPPP1/1B2n2P/5R1K b - - 0 31	e2g3 h1g2 d3f1 g2g3 f1f3	1760	0g0j0y1019
VGQG8	r6k/5Rr1/p5Qp/1p2q3/8/7K/1pP4P/5R2 w - - 0 30	f7f8 a8f8 f1f8 g7g8 g6g8	1760	0p0r101316
X6PLi	r1bqk2r/pp3ppp/8/2nnp3/2B5/PNP1PP2/3B2PP/R2QK2R b KQkq - 1 13	d8h4 g2g3 h4c4	1760	0g0s1c1o
Z0ygY	6k1/1p1P2pp/p1b1p1r1/4Q3/7q/2B3P1/5P1P/R4RK1 b - - 0 25	h4h2 g1h2 g6h6 e5h5 h6h5 h2g1 h5h1	1760	051317191d1n1w
Z2MnF	r1bq1rk1/pp1p1pbp/2n1pnp1/6B1/3NP3/2N5/PPP1BPPP/R2Q1RK1 w - - 0 9	d4c6 b7c6 e4e5	1760	011c1o
ZCJAy	4r3/ppb4p/8/7P/P7/2P1N1k1/1P2KR2/8 b - - 4 43	e8e3 e2e3 c7b6 e3e2 b6f2	1760	01050p0r101n1p
Zt0hh	r7/5q1k/2p5/4p2N/1bPpP3/pp1P2N1/8/K1B4Q w - - 0 39	h5f6 h7g6 h1h6	1760	0k0m1315191o
b08HA	r4r2/pp3pk1/3p3p/4pB2/2PpP3/P2q1P1Q/1P6/R6K w - - 0 26	a1g1 g7f6 h3h4	1760	0p13151o
bhpzD	6k1/5p2/6p1/4q3/1r5P/6RK/5QP1/8 b - - 4 49	b4h4 h3h4 e5h5	1760	050p13151n1o
c6mBY	8/2R3pk/8/5KP1/5P2/8/2p5/2r5 w - - 0 43	g5g6 h7h6 c7c8 c1a1 c8h8	1760	0p1013161m
c7JOM	8/5R2/8/p6p/p3p2P/4P1K1/1r2k1N1/8 b - - 1 47	a4a3 f7a7 b2b5	1760	010h0p1o
ddgVt	7r/k1p2ppp/Pp4b1/1B6/1b6/8/5PPP/2R3K1 w - - 0 27	c1c7 a7b8 c7b7 b8a8 b5c6 h8c8 b7c7	1760	0g0j0k0p1l1w
eiVYh	r6r/ppp1Q1pp/4b2k/5p2/5q1P/7K/P4P2/6R1 w - - 0 30	e7g7 h6h5 g1g5 f4g5 g7g5	1760	0p0r101316
f1WoQ	r6r/1bq1b1kp/p2pQ1p1/4n1P1/3NP3/2p5/PPP4P/1K1R1B1R w - - 2 20	e6e5 d6e5 d4e6 g7f7 e6c7	1760	010s10191n
f8pqO	7k/p6p/1p3rp1/8/6q1/PB1Q4/1P3PP1/6K1 w - - 0 36	d3d8 h8g7 d8e7 g7h6 e7f6	1760	0g0i0p0s10
fCegu	4kr2/4n2R/R1r5/3pPp2/3P4/3P1P2/P2K4/8 w - - 7 40	h7e7 e8e7 a6c6	1760	0g0p1o
gLKBq	1nkr4/QpP1p2b/3p3p/6r1/2PBPp2/P1NB2nq/5RPN/R5K1 b - - 0 23	h3h2 g1h2 g5h5 h2g1 h5h1	1760	050y101316191n
gaCc1	4r1k1/pQ4p1/3bb2p/7q/7P/4BPP1/PP3P2/R4RK1 b - - 1 21	e6d5 b7d7 h5f3	1760	010v191o
hq29X	5r1k/2p5/1p1b1r1p/3Q4/p1P1Rp2/P1B2q2/1PK5/8 w - - 0 37	c3f6 f8f6 e4e8 f6f8 e8f8 d6f8 d5f3	1760	0g0r191w
j6vXO	r5k1/5bpp/3q1p2/3p4/P7/1P2Pn1P/1BQP1PK1/2R2R2 b - - 5 25	d6h2 g2f3 f7h5	1760	1315191n1o
jYqR8	r3k1nr/1pq2ppp/p2bp3/3p4/3N1B2/1P3nQ1/P1P2PPP/RN3RK1 w kq - 4 14	d4f3 d6f4 g3g7	1760	011c1o
k5df2	3r1r1k/p5p1/2p3p1/5qQ1/2p4P/1PB5/P4PP1/2K4R w - - 1 26	g5h6 h8g8 h6g7	1760	0p13151g1o
kJX38	4B3/4P3/1p1q1P2/6Kp/8/pk6/6P1/8 w - - 8 55	e8f7 b3c3 e7e8q	1760	000d0g0p1h1o
kmk0f	5Q2/pp3Rp1/1kb3Bp/3nq3/1P2P3/P2r3P/6P1/6K1 w - - 2 35	f8c5 b6a6 c5a5	1760	1315191o
kpHUZ	1kr5/1r3pb1/7p/B3p2P/QP1pb3/8/KP4P1/3R4 b - - 0 38	e4c2 a4a3 c2d1	1760	0g0s0v1112191o
kziRQ	6rk/p2RR1p1/1p3Q1p/8/8/2P5/1q3PP1/6K1 b - - 0 36	b2b1 g1h2 g7f6	1760	0g0p0w1o
lQO5t	r4r2/3p2kp/p3p1p1/qpp1P3/4Q3/1P1P4/1PP3PP/R4R1K w - - 1 24	e4a8 f8a8 a1a5	1760	0g0p1o
nTHxi	r1bk2r1/1pp3q1/8/3n1p2/p3P3/4Q3/PPP2PPP/2KR3R w - - 0 19	d1d5 c8d7 h1d1	1760	0g0h191o
nylQY	6k1/5R1p/6p1/2r1p3/4P3/1B1P4/PK5r/8 w - - 1 43	f7f2 g8g7 f2h2	1760	010j0k0p1o
o1LPi	2k3nr/p7/2p5/1p3p1p/3q1Nb1/2QP4/PP1K2P1/R1B4R b - - 0 28	d4f2 f4e2 f2e2	1760	0s1315191o
olILh	r5k1/5p1p/2p2Pb1/p2pR2Q/P7/6q1/6P1/7K w - - 3 29	h5h6 g6e4 e5g5 g3g5 h6g5	1760	0g0p0s10
pILbR	r3kb1r/1p3pp1/p1n2n1p/2p1N3/2BPq3/8/PPP2PPP/R1BQ1K1R b kq - 3 12	c6e5 d4e5 e4c4 d1e2 c4e2	1760	010b101c
pmiAu	r3r3/p4pkP/8/4p3/4q3/7Q/PPP5/2K4R w - - 0 27	h3h6 g7h8 h6f6	1760	0p13151o
rR2jp	r1b2rk1/p1R1Qppp/1p2p3/4q3/8/8/5PPP/3R2K1 w - - 0 22	e7f8 g8f8 d1d8	1760	051315191n1o
s5UnF	5k2/4p2Q/6P1/4b3/1p4p1/4q3/BPPN1r2/2KR4 b - - 1 31	e3d2 d1d2 f2f1 d2d1 e5f4 c1b1 f1d1	1760	060i1317191n1w
sN7ah	1rb1k2r/p1Qpnppp/1p4q1/2b3B1/2B1P3/8/PPP2PPP/RN3RK1 b k - 0 11	c5d6 c4f7 e8f7	1760	011c1o
sWERG	5r2/8/1r2R2p/ppk3p1/6B1/P5PP/1P3PK1/8 w - - 2 45	b2b4 a5b4 a3b4 c5b4 e6b6	1760	0g0p10
u5BJ0	2r4k/p4pp1/2pr1N1b/8/P3R3/1qPQ2P1/5PK1/8 w - - 0 39	e4e8 c8e8 d3h7	1760	0d1315191n1o
uC0mu	r1b1r1k1/pp3ppp/2p5/6q1/3PNn2/2Q2B2/PP3PPP/R4RK1 b - - 10 19	e8e4 f3e4 f4e2 g1h1 e2c3	1760	0g0s10191n
wRzJ2	3rr3/2p3R1/5k2/p2P4/2b2P2/2N5/PPKQ4/7q w - - 0 32	d2d4 f6f5 g7g5	1760	0s1315191o
xCI0w	r2b1rk1/1pQ2ppp/pq2bn2/4p1B1/8/1N2PPP1/PP4BP/2RR2K1 w - - 3 20	d1d8 b6c7 d8f8 g8f8 c1c7	1760	01101119
z5B84	r6k/ppp2Qp1/3p3p/2b5/K1nqPNb1/3P4/PPP5/4R2R w - - 0 24	h1h6 g7h6 f4g6	1760	0y1315191n1o
00JYV	r2q1rk1/p1p1bppp/2pp2b1/4p3/4n1PN/2NP3P/PPP2PK1/R1BQ1R2 w - - 0 12	h4g6 e4c3 g6e7 d8e7 b2c3	1761	010y101c
00ZEc	1r3b2/5p1k/3P1qRP/r1n1p3/ppB5/P2Q1P2/1PP5/1K6 w - - 1 36	g6g7 h7h6 d3h7	1761	0k0m1315191o
0Nqqe	r5k1/p3p1b1/4Rrp1/1p1p4/3P1q2/8/PPP2PQP/R5K1 w - - 5 23	e6f6 g7f6 g2d5 g8g7 d5a8	1761	010r0s1019
0mOHg	2n1r1k1/1p3pp1/p3p2p/2BpP1q1/3P2P1/5P2/2rNN1K1/Q2R4 w - - 2 24	a1a4 e8d8 a4c2	1761	0g0s191o
0t7Zk	r3k1r1/1ppn1p2/p2p4/3PpR1p/1P2P1nq/P1NB2P1/2PQ3P/5RK1 b q - 0 21	g4h2 d2h2 g8g3 g1h1 g3h3	1761	0g0j0y10191g
4Q8Sa	4r1k1/4Bppp/6r1/6n1/2P5/P2RPP2/6KP/5R2 b - - 6 29	g5e6 g2f2 e8e7	1761	010j0k0p1o
4rSVb	r4br1/4q2k/p2ppQpP/8/4PP2/2B5/PPP5/1K5R w - - 2 31	f6g7 g8g7 h6g7 h7g8 h1h8 g8f7 g7g8q	1761	000g0j0k191h1n1w
4ydYk	6k1/pp4pp/8/4N2q/4P1n1/3P4/PP4P1/R1BQ2K1 b - - 0 23	h5h2 g1f1 h2h1 f1e2 h1g2 e2e1 g2f2	1761	0i0p0s13171w
5E3M4	1r6/pk3pp1/1q5p/2p5/2P1p3/6Q1/P1K3PP/3R4 w - - 2 28	d1b1 b6b1 c2b1	1761	010p1g1o
5rHp2	8/6kp/p1p2rp1/4Q3/8/8/PPq3PP/R6K w - - 2 26	a1f1 c2f5 f1f5	1761	0g0p1g1o
5tgYN	3Q4/8/1pb3pk/p1p2p2/P1Pn4/1P3P1P/3q2PK/3B1R2 b - - 14 40	d4f3 d1f3 d2d8	1761	0g0j0p111o
6heEr	6k1/1b2br1p/p2pQ2P/1p1q1pP1/5B2/8/PP3P2/2R3K1 w - - 0 33	c1c8 b7c8 e6d5	1761	0g0i191o
8Cifm	3r2k1/pp2b1p1/2p1bB2/2nr4/7Q/P4N2/1PP2P1P/2K3R1 b - - 0 20	e7f6 h4f6 d5d1 g1d1 d8d1 c1d1 g7f6	1761	01191w
8bw5q	8/2p1kp1p/5p2/2p5/Q1P5/4NqPb/P2r3P/4R1K1 w - - 3 33	e3f5 e7f8 a4e8	1761	0k0m0p13151o
9UZcK	rr4k1/q2b1pb1/4p3/4P1NR/4QBp1/1N4P1/1P3P2/1K6 w - - 2 28	h5h8 g7h8 e4h7 g8f8 h7f7	1761	101316191n
BAExs	8/p2r3p/R2P1pp1/2k5/5P2/P5P1/5K1P/8 b - - 2 36	c5b5 a6a7 d7a7	1761	0g0p1m1o1t
BCDsf	8/5R1p/pp5p/4p1kP/1b2P3/6P1/2rr1P2/1K5R w - - 4 32	f7f5 g5g4 h1h4	1761	0p13151o
BwSET	6r1/1p2k1p1/1p1q2Qp/4p3/2Bp1r2/1N1K4/6PP/7R w - - 4 34	g6d6 e7d6 c4g8	1761	01191o
CT9Ue	1k4r1/ppp2p2/1bp2P2/4PqN1/7R/3P2Qp/PP1BR1bK/8 b - - 8 33	b6g1 h2g1 f5f1 g1h2 f1h1	1761	050r0s101316191n
CazaW	8/5pk1/3p1b1p/4qQ2/1p6/1P1B2P1/P3PPKP/2r5 w - - 1 39	f5h7 g7f8 h7h6 f8e8 h6c1	1761	0g0i0p0s10
EKlvN	1rbq2k1/1pR2pp1/pQ2p2p/3pP3/3N4/1P6/P4PPP/6K1 w - - 3 28	d4c6 b7c6 b6b8	1761	0g0p1o
G1XWF	8/8/4q1pk/p7/3Q4/6KP/8/8 w - - 0 44	d4h8 h6g5 h8h4 g5f5 h4f4	1761	0p1013161i1s
Hcnec	r1b2rk1/p2p2pp/1Pp5/4p1B1/1P1bn3/P7/5PPP/2RQKB1R b K - 0 14	d4f2 e1e2 c8a6	1761	040g191o
Jt9z0	4r1k1/3Qbpp1/3p3p/8/1P6/4n3/4qPPP/5RK1 w - - 0 31	d7e8 g8h7 f2e3	1761	010p0s0t0w1o
LyjPL	r4rk1/p4ppp/np1p1q2/2pP2N1/7P/6P1/P1P2P2/R2Q1RK1 w - - 2 15	d1d3 f6g6 d3a6	1761	01191o
M8AVI	5k2/5pp1/3PP3/5P1p/1p1p3P/3Pb1P1/7K/8 w - - 0 45	d6d7 f8e7 e6f7	1761	00080g0p1o
NBOMx	4r3/R3P1pp/4k3/8/8/P1K2R1P/5pr1/8 b - - 0 35	g2g3 f3g3 f2f1q	1761	00010i0p1g1h1m1o
NK57I	5r1k/1b3R1p/1p4p1/p3r3/4P3/1BP2K2/PP2R1PP/8 b - - 5 30	f8f7 b3f7 e5f5 f3e3 f5f7	1761	010p101g
O4TN2	r1bq1rk1/pp3p1p/2pb1npP/3pB3/8/1B1P2Q1/PPP2PP1/RN2K1NR b KQ - 0 14	d6e5 g3e5 f8e8	1761	011c1g1o
Om81r	r3rbk1/ppq3p1/2p1p2p/2P1np2/1P1P1n2/P3Q1NP/1B3PP1/R3R1K1 w - - 0 20	e3f4 g7g5 f4e5	1761	010t191o
OqYic	rn1qk2r/pp3ppp/5n2/3Pp3/1bp3b1/2N2N2/PP2BPPP/R1BQK2R w KQkq - 3 9	d1a4 b8c6 d5c6	1761	010s1c1o
Pyjt2	5rk1/1b1r1p2/p4RpQ/3qp3/6P1/2P2RP1/PP2p2P/6K1 w - - 0 31	f6g6 f7g6 f3f8	1761	0j0x0y1315191o
RJozT	r2qkb1r/pp3pp1/4p1np/2npP3/8/P1NQBN1P/1PP2PP1/R3K2R w KQkq - 0 12	e3c5 f8c5 d3b5 d8d7 b5c5	1761	010s1019
T8AMy	r1b1k2r/pp3ppp/2n5/1qb4Q/4N3/2p5/PP3PPP/R1B1K2R w KQkq - 0 13	e4d6 c5d6 h5b5	1761	011c1o
U3tgc	8/5p1p/5kp1/8/2B2P1P/3P1KPr/8/8 w - - 3 34	f3g2 h3h4 g3h4	1761	0g0p1o1t
V3IbX	rnb1qrk1/p2n1pbp/1pB1p1p1/4N3/1P1P4/P1N1PQ2/1B3PPP/R3K2R b KQ - 0 13	d7e5 c6e8 e5f3	1761	01191o
VcMuX	r1b2rk1/1p4p1/p2p3p/2pPn1q1/P1P1Np2/4P3/1PB1QPPP/R4RK1 b - - 0 17	f4f3 e4g5 f3e2 f1e1 h6g5	1761	00011019
XGec5	8/1p6/p2k3p/3Pp1p1/1P2P2r/5K1R/1P4P1/8 b - - 3 41	g5g4 f3g3 g4h3	1761	0g0p0s1m1o
Xzh8u	6k1/2pR1pp1/1pN3bp/p7/8/2Pr3P/PP3KP1/8 w - - 2 32	c6e7 g8h7 e7g6 d3d7 g6f8 h7g8 f8d7	1761	010p0s1n1w
ZSQrw	rn3knr/pp2pB2/1bpB4/6q1/8/6N1/PPP3PP/R2Q1R1K b - - 0 18	h8h2 h1h2 g5h4	1761	050y13151c1n1o
Zo3yw	4r3/pp3Pk1/1bp3np/2q5/6Q1/2P5/PP2RPPP/4R1K1 b - - 0 32	c5f2 g1h1 f2e1 e2e1 e8e1	1761	06101316191y
aIuwR	2kr1b1r/1bpp3p/4q1p1/1p2Pp2/3Q1P2/3B4/1P1B2PP/RN3RK1 b - - 1 18	e6c6 f1f2 f8c5	1761	01191o
aaP3f	4r2k/p1pqr1pp/1pnp2p1/3B4/2P5/2P3P1/PP4PP/R2Q1RK1 w - - 0 19	d1f3 d7d8 d5c6	1761	0g191l1o
eGA6t	2r3r1/3q2b1/p3p1N1/1p1p1ppk/3P4/2P2PQ1/PP3K2/R4R2 w - - 0 31	g6f4 g5f4 f1h1	1761	1315191n1o
ebyQS	r4r2/p3b1k1/2p4p/6p1/1p2n3/4B2q/PPP1Q2N/3R1R1K w - - 0 26	e3d4 e7f6 e2e4	1761	010j191o
er1E6	r3k2r/pp1n1p1p/2p2np1/6B1/2P1qpBP/2P5/P1Q2P2/1K1R4 w kq - 0 20	g4d7 e8f8 g5f6 e4c2 b1c2	1761	0g1019
fRQo5	6k1/8/1p1q1n1P/2p3p1/P2n2P1/1P1Q1P2/6K1/8 w - - 1 55	d3g6 g8f8 h6h7 f6h7 g6d6	1761	000g0p10
je4J9	r1bq1k1r/pp1nb2p/2pNpnp1/8/8/7P/PPP1QPP1/R1B1KB1R w KQ - 0 13	c1h6 f8g8 e2e6	1761	0w13151c1o
jslXy	rnbqk1nr/p4ppp/4p3/1p1P4/2p5/P1Q1Bp2/1PP2PPP/R3KB1R w KQkq - 0 10	c3g7 d8f6 e3d4 f6g7 d4g7	1761	01101c
lGGSL	r2q1rk1/p5Bp/1n1pp1p1/2p5/1pP3n1/1P2P1P1/P1Q1NPKP/RN3R2 b - - 0 16	f8f2 f1f2 g4e3 g2h1 e3c2	1761	0g0s10191n
ljxek	r5k1/pbp3p1/1p5p/2p1n2B/4PB2/P6P/1PP3P1/R4K2 b - - 2 20	a8f8 g2g3 g7g5	1761	0g0p1g1o
miMkJ	3r3r/1bkp4/pqn1p3/2N5/1p2P1pp/3B3P/1PP3P1/4RRQK w - - 0 30	c5e6 d7e6 f1f7	1761	0g11191n1o
nVTCF	rnb2rk1/1p5p/p2q2pP/2pp1p2/3P1B1R/2P5/PP3PP1/RNQ1K3 b Q - 1 16	d6e7 e1f1 e7h4	1761	0g0s191o
oCOgs	8/6pk/P4p1p/4n3/4Q3/2p3P1/2q2P1P/4R1K1 b - - 1 28	c2e4 e1e4 c3c2 e4e1 e5f3 g1f1 f3e1	1761	000g0p0s1w
olz9v	1r3r1k/pp3Q1p/5b2/5b2/4Bq2/3P3P/P5R1/6RK w - - 0 31	g2g8 f8g8 f7f6 g8g7 f6g7	1761	101316191n
pbbmK	r2q2k1/2p2p2/p2p1n1p/2bP2N1/1p5B/3Q4/PPP2PPP/4R1K1 b - - 0 18	h6g5 h4g5 c5f2 g1f2 f6g4 f2g1 d8g5	1761	01050j0y191w
sHZFj	r7/1p5p/1p5k/5p1n/3Rb3/2p1K3/P7/6R1 w - - 0 36	d4d6 h5f6 d6f6 h6h5 e3f4	1761	0g0p0r10
sbRdV	3q2k1/6p1/4R2p/1Pp1Pp2/1pQ1pP2/4P3/1BP2KPP/3r4 b - - 0 28	d8h4 g2g3 h4h2	1761	0p13151o
tQHvv	r2q2k1/3n2p1/ppQ5/6b1/3P4/2B4P/PP2r1P1/3R1RK1 w - - 1 31	c6c4 g8h8 c4e2	1761	0g0s191o
uWrOA	4rr1k/3R3p/p3Pbp1/1pp1q3/4Q3/7P/2B3P1/7K w - - 2 34	d7h7 h8g8 e4g6 f6g7 h7h8 g8h8 g6h7	1761	051317191g1n1w
whork	2b2b1k/1ppq2p1/3p1pRr/p7/2P2P2/1P1QP3/PB3P1P/6RK b - - 0 24	h6h2 h1h2 d7h3	1761	050y1315191n1o
x7TIR	5Q2/4p2k/p2pP1p1/2p3Pp/2P1b2P/7K/P2B1R2/6q1 b - - 4 33	g1g4 h3h2 g4h4 h2g1 h4h1	1761	0i0p101316
xEory	r1bq1rk1/5ppp/p2p4/1p2p1N1/3p1nQ1/3B4/PPP2PPP/3R1RK1 w - - 8 19	d3h7 g8h8 g4h4 d8g5 h4g5	1761	010y1019
xboI0	rn2k2r/ppp2ppp/3p4/4b3/3q2b1/5NP1/PPP1Q2P/R1B1KB1R w KQkq - 2 11	f3d4 g4e2 d4e2	1761	011c1g1o
zkWVu	6k1/p4p2/B5p1/1pN1n3/2bnP3/6P1/5P1P/2B1K3 b - - 3 39	e5f3 e1d1 c4e2	1761	0p13151o
0KXc1	r5k1/pppn2p1/3qb2p/3pN3/3P4/2PB2PP/PPQ3K1/5R2 w - - 2 21	d3h7 g8h8 e5g6 h8h7 g6f8 h7g8 c2h7	1762	0k0m0y1317191n1w
0XKJS	6Qq/pp5P/2p5/2kp4/2n5/4p3/N6R/1K6 b - - 1 44	c4a3 b1c1 h8a1	1762	0p13151o
1lzg9	1r6/2q1bk2/Q2p1p1p/1R2p1p1/4P3/1NP2P2/1P3P1P/2K5 b - - 2 30	c7c4 b5b6 c4a6 b6a6 b8b3	1762	010p101p
2cyD4	8/1R6/5RP1/4k3/p7/8/rpr2PK1/8 w - - 1 46	g6g7 b2b1q b7b1 e5f6 g7g8q	1762	000g0p101h1m
2f64t	6k1/qb3r1p/p2pN1p1/P2Pp3/4B2b/5P1P/Q2R2P1/5K2 b - - 8 43	a7e3 d2d1 e3e4	1762	01191g1o
2n74A	2q1r1rk/1p2b1p1/p1p1Nn1p/2P1p3/4PP2/PQ5P/1B4P1/3RR1K1 b - - 0 26	c8e6 b3e6 e7c5 g1h1 e8e6	1762	0b0g0j0w10191n
2xaTI	5k2/5p1r/Q2p4/3Pp3/P3P2p/2r2B1q/4KP2/R7 w - - 0 27	a6d6 f8e8 d6e5	1762	0g0p1o
4pmvu	2r5/1b2bpkp/pR2p1p1/4P3/q1P1N3/3R1PPP/4Q3/6K1 b - - 0 29	b7e4 f3e4 e7c5 g1g2 c5b6	1762	0g0r0s1019
6iTqB	r2qk1nr/pp1n1ppp/3b4/3N4/2BPb3/5N1P/PP3PP1/R1BQK2R b KQkq - 2 10	e4d5 c4d5 d8a5 f3d2 a5d5	1762	010s101c
7Enus	r3r3/pp1bkppp/n3p3/1nqp4/3N4/3BPN2/PPQ2PPP/R3K2R w KQ - 2 15	c2c5 a6c5 d3b5 d7b5 d4b5	1762	011019
7YZ0W	2rr2k1/p4pp1/1p2pq1p/3P4/4N3/Pn3N2/2R1QPPP/4K2R b K - 3 21	f6a1 e2d1 c8c2 d1a1 b3a1	1762	0g10191g
7dWb3	r1r3k1/1Q3ppp/1n1q4/1Pp1p3/2BpP3/P6P/1P3PP1/2R1R1K1 b - - 4 22	c8c7 b7a8 b6a8	1762	01191o1t
7k9tr	8/3kpQR1/3p4/8/1p1qn3/4n3/NP6/1K6 w - - 5 36	f7e7 d7c6 e7b7 c6c5 g7c7	1762	0p101316
8Ogk5	8/ppp2N2/3p1Bp1/2b5/6k1/1P6/1Pn1rPK1/7R w - - 4 29	f7h6 g4f4 h1h4	1762	0p13151f1o
9T5s0	r4rk1/pR4p1/2pq3B/3N3b/2B5/7P/PP3bP1/R6K w - - 0 25	d5f6 g8h8 h6g7	1762	0k0m1315191o
Avgk1	1r2rk2/p6R/1p2p1P1/8/3b2N1/8/PP3P2/1K6 w - - 5 33	h7f7 f8g8 g4h6 g8h8 f7h7	1762	0p0r1013161x
CKpnA	5r1k/6pp/p7/1p5R/3P2Q1/3B2PK/PPP2r1P/4q3 b - - 7 29	f2h2 h3h2 f8f2 h2h3 e1h1	1762	050p1013161n
DcfnJ	5Q2/7p/6p1/p3q1k1/P2p2P1/1P2pP1P/8/6K1 w - - 1 52	h3h4 g5h4 f8h6 h4g3 h6h2 g3f3 h2e5	1762	050g0p1i1p1w
FpllU	8/R6p/3kP3/3P4/8/pr6/5K2/8 w - - 3 52	a7d7 d6e5 e6e7	1762	000g0p1m1o
GkhIS	rn3rk1/p3qp1p/1p4p1/2p1P3/4PQ2/1B6/PPP1p1PP/R3R1K1 b - - 1 20	c5c4 b3c4 e7c5 f4f2 c5c4	1762	010d0s1019
HA6w3	r2q2r1/4kp1p/pp1N4/2p3B1/4b3/P3P2P/1P3P1R/R2QK3 b Q - 0 22	g8g5 d6e4 g5g1 e1e2 g1d1	1762	0110191p
InNKl	r4b1r/pp4pp/4qk2/4p3/1B2P3/1QN5/P4PPP/R3K2R b KQ - 0 14	e6b3 a2b3 f8b4 a1c1 a8c8	1762	0b0g0w10191g
JeJIh	r1b4r/pp1n1k1q/2p5/3n1NQ1/8/8/PPP2PPP/R3R1K1 w - - 10 22	f5d6 f7f8 e1e8	1762	1315191o
LRUc3	2r2rk1/p5pp/bp2p3/4Np2/3Pp3/qP2P2P/5PP1/2RQR1K1 w - - 0 25	c1a1 a3e7 a1a6	1762	0g191o1p
Lmy0K	7R/8/1p2q1k1/pQbp1p2/P4Pp1/1P2P1P1/4K3/8 b - - 1 42	e6e3 e2d1 e3d4 d1c2 d4h8	1762	0g0p0s10
MH4BD	8/p1pR1ppk/6p1/8/2q5/5P2/P5PP/3R3K w - - 0 26	d7d4 c4b5 d4h4	1762	0g0p11121j1o
NRblB	r3k2r/pp2np2/4p3/3pq1P1/1P4bp/2P4P/P5P1/RN1QR1K1 w kq - 0 19	d1a4 e7c6 e1e5	1762	0g191g1o
OVTwC	3rr1k1/5pp1/p4n2/1p1p2Q1/1q3P2/1P1R3P/P5BK/3R4 w - - 3 33	d3g3 g7g6 g5f6	1762	01191l1o
PircS	N2k1br1/Q6p/1pbp2p1/5p2/3n3q/3B4/PPP2PPP/R4RK1 b - - 0 19	d4f3 g2f3 h4g5 g1h1 c6f3	1762	0w0y101316191n
QTPUl	8/8/p1rBp1k1/4P3/pK6/2R5/8/8 b - - 1 53	a6a5 b4a3 c6c3	1762	0g0i0p1o
Qzv8a	8/6Q1/5p2/3Ppq1k/8/6P1/6K1/8 w - - 2 47	g3g4 f5g4 g7g4 h5g4 d5d6	1762	0g0p0s101i
RI9da	4r1k1/pp3ppp/2pq4/4r3/4n3/3Q3P/PPP3P1/R3RNK1 w - - 2 25	e1e4 d6d3 c2d3 e5e4 d3e4	1762	011019
T4FtD	rn3r2/ppp3k1/7p/6p1/1b1q1RQ1/2N5/PPP3PP/R1B4K w - - 1 15	f4f7 g7f7 g4d4	1762	0e0g0j191o
TQegs	3r1rk1/2q2ppp/p3p3/1p1b4/P1P4Q/1B5P/1P2R1P1/2K1R3 w - - 0 26	b3c2 g7g6 c4d5	1762	01191o
TeAkq	r4r1k/1q6/n3QRPp/1p6/2pP4/p1N1P3/PPP3P1/1K6 w - - 1 27	g6g7 b7g7 f6h6	1762	000g0j0y191o
UiECJ	5rk1/2qnrpp1/2p2bnp/p7/Np6/1BP1B2P/PP4QP/3RR1K1 w - - 4 23	g2g6 e7e3 e1e3	1762	01191g1o
UoSLV	2r3r1/4bpkp/p1bppp2/8/4PP2/2pq2NQ/PR1N2PP/1R5K w - - 0 28	g3h5 g7h6 h3d3	1762	010j191o
Y6fwN	rnb2rk1/ppp2pp1/7p/2q1n3/2P5/P4NP1/3B2KP/RB1Q1R2 w - - 0 20	d2b4 c5c6 b4f8	1762	01191o1p
YglNV	1r3k2/5p2/2p2Qp1/3P1R2/qnP1N2P/8/p2R4/K7 b - - 0 40	b4c2 d2c2 b8b1	1762	0d111315191n1o
YysLW	5rk1/pp3rpp/4Q3/8/4P2P/6q1/P7/2R2R1K w - - 0 27	e6f7 f8f7 c1c8 f7f8 f1f8	1762	0p1013161n
Z53XN	3r1rk1/6pp/pp2p3/2b1P3/3BP3/3R4/PP5P/3R2K1 b - - 0 25	d8d4 d3d4 f8d8	1762	0g0p1g1n1o
bJWSL	r2qr1k1/5pp1/2b1p3/p2pP1p1/2p5/2P1PP2/1PQn2P1/RB2K2R w KQ - 0 21	h1h8 g8h8 c2h7	1762	050y1315191n1o
cTDZd	r5r1/pp1kqN1p/2nbp3/1N1p1p1Q/3PnP2/4B3/PPP3PP/R4RK1 b - - 6 16	e4f6 h5f3 e7f7	1762	01191o
ddzI5	4Qb1k/5rpp/p1r5/1bP4P/3B4/2K5/8/6R1 b - - 2 42	c6c5 d4c5 b5e8	1762	0g0j191o
eaCbx	1k4rr/p1pq4/P1p2p2/1p6/3P1Q2/2P4P/1P3PPK/R4R2 b - - 4 30	g8g2 h2g2 d7h3 g2g1 h3h1	1762	050p1013161n
ewcAP	r3k3/1pp2p2/p1p1b3/2P1p1N1/4P3/1PPRB1p1/P3KPqr/RN3Q2 b q - 1 20	e6g4 e2e1 h2h1	1762	0g191g1o
fq3c9	6rk/p3r1p1/1p2p1Rp/3p1p1Q/P4P2/2q1P2R/6PP/6K1 w - - 0 30	g6h6 g7h6 h5h6 e7h7 h6h7	1762	0p0y1013161n
gRl7t	6r1/ppp5/3k4/3P2R1/3P1p1K/2P3pB/PP6/8 b - - 4 37	g8g5 h4g5 f4f3 g5g4 g3g2 g4f3 g2g1q	1762	000g0p1h1w
giBMT	5r2/1p2q2k/4p1nb/3pP3/3P2P1/p3Q3/5RK1/B6R b - - 3 36	g6h4 h1h4 e7h4	1762	01191o
grYY3	r2qr1k1/ppp2p1p/6pb/2B2n2/5P2/4N2B/PPPQ3P/1K1R3R b - - 0 20	d8d2 d1d2 f5e3	1762	010w11191o
lu0PT	4Qr1k/p5p1/1qB5/5p2/8/2p1B3/P4KPP/RN6 b - - 0 24	b6b2 b1d2 f8e8	1762	010s0w191o
maJN9	2b3k1/p4ppp/8/B2Br3/2P5/6PP/PP1KNb1R/4n3 b - - 0 24	e5d5 c4d5 e1f3	1762	01191n1o
noWNH	8/1k3p2/R4ppp/2p2P2/Np4P1/3r3P/6K1/8 b - - 3 41	d3d2 g2f3 b7a6	1762	0g0p1o
otUMl	5rk1/5ppp/p5r1/1pppn3/8/PPPP2qP/1B2R1B1/1Q1R1NK1 b - - 6 27	e5f3 g1h1 g3h3 g2h3 g6g1	1762	030d0r0y101316191n
pj51o	5rk1/4Rp1p/p2pBQp1/1p1P4/5r2/2P4P/5PKP/3q4 w - - 2 32	e6f7 f8f7 e7e8 f7f8 e8f8	1762	0p1013161n
qMqdz	1k5r/ppp2Qb1/7p/3r2p1/1BqP1p2/P7/1PP5/2K1R3 w - - 4 27	e1e8 d5d8 e8d8 h8d8 f7c4	1762	0110191k
qt8OP	8/2Q5/4Bk2/3p2p1/3qp3/3n3P/6PK/8 w - - 2 39	c7f7 f6e5 f7g7 e5e6 g7d4	1762	0g0i0p101p
rVrbV	1r2r1k1/p4p2/2pp3p/6b1/6q1/PBPQ4/1PP2P1R/1K6 w - - 0 26	d3g6 g8h8 h2h6 g5h6 g6g4	1762	0110191g
rekxc	r1b2rk1/p4p1p/5Bp1/8/4p3/2P5/PqBQ2PP/1N4K1 w - - 1 20	d2h6 b2b6 f6d4 b6d4 c3d4	1762	010h1019
uf5fT	8/8/3p4/3P4/1pP5/1Pk2p2/5K2/8 w - - 4 54	c4c5 d6c5 d5d6 c5c4 d6d7	1762	000g0p101e
uiduu	2rqr1nk/pppb1pb1/3p1npp/3P4/1PB1PB2/P1N2N1P/2P1Q1P1/3RR2K b - - 1 19	f6h5 f4h2 g7c3	1762	010j191o
v4VcW	5qk1/2Q5/1p4r1/4p3/8/1P2B2r/P4PP1/5RK1 b - - 0 37	g6g2 g1g2 f8f3 g2g1 h3h1	1762	050p0x1013161n
vq6l2	2r2rk1/pp3p1p/6p1/q2R2Pn/2Q5/2N1PN1P/P1P2P2/2K4R b - - 2 22	a5a3 c1d2 c8c4	1762	0g191k1o
wZk3q	r1b2rk1/4Bppp/p2p4/5q2/6n1/1N1P4/PPP2PPP/R2Q1RK1 b - - 1 16	f5e5 e7d6 e5d6	1762	01191o
wcf9Z	r1b3k1/pp3p2/2p2q1p/3p2pQ/3Pr3/3B4/PP3PPP/RN3RK1 b - - 1 17	c8g4 h5h3 g4h3	1762	0g191o1t
xf5ao	4rk2/pN3pp1/1bp4p/8/8/2PR1qP1/PP1Q1P1P/6K1 b - - 10 28	b6f2 d2f2 f3d3	1762	0g0i0p1o
zkACI	8/8/6p1/2k2p1p/2PR3P/2K3P1/5P2/r7 b - - 5 41	a1a3 c3b2 c5d4 b2a3 d4c4	1762	0g0i0p101m
zvf0J	6k1/6p1/p2Bp1pp/1p6/1Pb1qP2/P5P1/4R2P/3Q1K2 b - - 17 43	e4h1 f1f2 h1d1	1762	0g0p1g1o1p
15G8I	3r4/2p5/1pn2krR/p2b4/4p3/2P3BP/2P2PP1/3R2K1 w - - 2 33	g3h4 f6f7 h6g6 f7g6 h4d8	1763	011019
2BpYN	1r4k1/2Q3p1/4q1pp/8/1p1Pp3/1Pn1P2P/2rN1RP1/4R1K1 b - - 1 37	c3e2 e1e2 c2c7	1763	0g0j191o
3V7e8	4r1k1/5ppp/p4n2/5N2/2q2P2/2p2Q2/PP4PP/5R1K w - - 0 29	f5d6 c4e2 d6e8	1763	010p0s1o
3xfF9	4r1k1/5p2/2bp2p1/7p/2q1N3/4Q2P/2P2PP1/3rR1K1 w - - 0 36	e4f6 g8g7 f6e8 c6e8 e1d1	1763	010s1019
42dOn	4r1k1/ppR4p/2p3p1/5pBn/P5q1/8/3N1PQP/6K1 b - - 4 25	e8e1 d2f1 e1f1 g1f1 g4d1	1763	05101316191g1n
4IEOj	r1b2rk1/2q4p/p3pppQ/1p1p4/5Bn1/2P5/PPB2PPP/R3R1K1 w - - 2 19	h6f8 g8f8 f4c7	1763	0g191o
513p2	1k3b2/p7/Pp5p/4P1p1/2pP4/6PQ/r4q1P/1R5K w - - 3 38	b1f1 a2a1 f1a1	1763	010p1o
516su	7r/ppb3k1/3q2p1/2p5/6Q1/2PB1R2/PP3P2/R5K1 b - - 15 39	h8h1 g1h1 d6h2	1763	051315191n1o
5lTYt	2bq4/4n1k1/p1r1Prp1/1p1p1pN1/3P1N2/8/PP1Q1P1P/6RK w - - 1 29	f4h5 g6h5 g5f7	1763	0g0j0k191n1o
5uQWY	2rq1r2/pp1k4/4p1p1/3pQ2p/3p4/3b3P/PP4PB/2R3K1 w - - 2 29	e5d6 d7e8 d6e6 d8e7 c1c8	1763	0i0x10131619
6FUiE	5k2/R7/6p1/3Pp2p/4Pr1P/4K3/8/8 w - - 19 53	d5d6 f8e8 a7e7 e8d8 e7e5 f4f6 e5d5 d8d7 e4e5	1763	0g0p0r1m1w
7p0AT	2kr4/ppp2ppp/2p2q2/2b5/3r4/2B3Pb/PPP1BP1P/RNQ1R1K1 b - - 6 14	f6f2 g1f2 d4f4	1763	050k0m0y1315191f1n1o
8dID1	r4b1r/2pb1kpp/p2p2n1/2pP3q/4P3/2P2N2/PP4PP/RNB2QK1 w - - 0 15	f3e5 f7e8 f1f7 e8d8 f7d7	1763	0k0m10131619
8ngUA	2r3k1/1p1n1p1p/p2P4/5R2/1P1Qp2q/P3P2P/6PK/8 w - - 1 32	f5f4 h4g5 f4g4 g5g4 h3g4	1763	010p101g
AWlMG	r4r2/pb3pkp/6p1/3N1p2/8/8/PqPQ1PPP/4RRK1 w - - 0 18	e1b1 b2e5 b1b7	1763	0g191o1p
B4j41	3kr3/R6p/1p6/5n2/8/3N1P2/1r2PK1P/6R1 b - - 0 27	e8e2 f2f1 f5e3	1763	0p13151o
Bi103	b7/p2Q2pp/1p2p3/kPppN3/3P4/P1P1q2P/6PK/8 w - - 1 33	d7a7 a5b5 a3a4	1763	0p0s111213151o
BxHTS	8/5k2/1p3P1p/P1p3p1/2Ppq3/P3r2P/6P1/3Q1RK1 b - - 1 33	e3e2 d1e2 e4e2	1763	0g0p1o
GYNY3	r1b3k1/2Q5/1p1p1qB1/p1nP4/2P2p2/8/PP6/2K4R w - - 1 29	h1h8 f6h8 c7f7	1763	1315191n1o
GwQbr	5r2/p3rpk1/3R3p/2p1PQpP/8/5P2/Pq2N1P1/5K2 w - - 6 29	f5f6 g7g8 f6e7 b2b1 f1f2	1763	0g0h0p0s10
IIEQU	8/pk2P3/1p6/2p2Q2/b2p4/3P4/1PPqRP2/1KN5 b - - 2 41	a4c2 b1a1 d2c1 a1a2 c1b1 a2a3 b1a1	1763	0i0p13171w
KpsCD	2rr2k1/p4pP1/2p1p3/1p1nP3/1b3P1q/1P2P1N1/PB2QKR1/2R5 b - - 10 30	d5f4 e3f4 d8d2	1763	010d191g1n1o
L1IAQ	r3k1nr/ppp3pp/5p2/8/1bBq4/5P2/PP1N1P1P/R2QK2R w KQkq - 0 13	d1a4 d4d7 a4b4 d7e7 b4e7	1763	010s1019
LHkSY	2r1r2k/p4Qpp/5n2/1p6/3p4/1P3N2/P1qP1PPP/R2R2K1 b - - 2 23	c8c7 f7c7 c2c7	1763	01191o1t
LxQsp	5R2/1p3Qpk/p5rp/8/P3P3/1P1P2rP/2P2RPK/4q3 b - - 6 30	g3h3 g2h3 e1g1	1763	0p13151n1o
RiCR5	2r3k1/4bpp1/pq2pn1p/1p6/1P6/P1N2Q2/1B1r1PPP/2R2RK1 w - - 3 21	c3d5 d2d5 c1c8	1763	010j191o
S23m8	2Q5/pQ4pk/8/4p3/3pP1n1/P5qr/4R1B1/6K1 b - - 0 41	h3h1 g1h1 g3h2	1763	051315191g1n1o
SJcMd	8/8/6p1/6PP/p3n3/P1k1P3/2p1K3/2R5 b - - 0 46	e4g3 e2f3 g3h5	1763	0g0p1o
SX0hS	1k6/1p6/p2P4/2p4p/4pPp1/2K5/7P/8 w - - 1 52	f4f5 b8c8 f5f6 c8d7 f6f7	1763	000g0p101e1l
TdVsg	r4r1k/ppp2pp1/3b1q2/8/1P3n2/P1N2Q2/5PPP/R1B2RK1 b - - 2 19	f6c3 f3c3 f4e2 g1h1 e2c3	1763	01050s10191n
TpdiI	k7/1p4p1/8/p1n1B2p/P1N5/K1P5/5rrP/3R4 w - - 4 34	d1d8 a8a7 e5b8 a7a6 d8d6 b7b6 d6b6	1763	0p13171f1w
XAfIR	r1bqr1k1/pp1n2p1/4p2p/3pp1N1/2pP3P/2P1P3/PPQ2PP1/R3K2R w KQ - 0 18	c2h7 g8f8 h7h8 f8e7 h8g7 e7d6 g5f7 d6c7 f7d8	1763	0g0s191w
YPY8o	1N4k1/5p2/p4r1p/1pb3p1/8/P2R1P1P/2P3P1/5K2 w - - 0 31	b8d7 f6f5 g2g4 f5f4 d7c5	1763	010p0s10
YWXEu	4r2k/5Qpp/4r3/2pp4/8/P3q3/1PP2RPP/5RK1 b - - 2 25	e6f6 f7e8 e3e8	1763	010p1o
ZOosu	r1b1Qrkb/p1q5/1p2p3/8/1n1p4/1N1B2P1/PPP5/2K4R w - - 0 26	h1h8 g8h8 e8f8	1763	050i0y1315191o
ZXoOc	1r6/1P2k1p1/2P5/8/1R1P1r2/7p/5K1P/8 w - - 1 49	f2g3 f4f8 c6c7 b8b7 b4b7	1763	000g0h0p101m
aBYv0	r1b2rk1/1pp3pp/3p4/p2Pp3/2P1Bp2/P1Q1q2P/1P4P1/2K2R1R w - - 0 19	c3e3 f4e3 e4h7 g8h7 f1f8	1763	0g0i0y1019
aFG4y	r4qk1/1ppbRr1p/3p2pQ/p2N1p2/2Pn3P/P2B4/1P3PP1/5RK1 w - - 5 27	d5f6 g8h8 h6h7 f7h7 e7h7	1763	030y101316191n1y
aW7VG	5rk1/5p1p/4p1p1/p3P3/Pp3P1b/1B1Q1q2/7P/2BR2K1 b - - 4 27	h4f2 g1f1 f2e3 f1e1 f3f2	1763	0j0k10131619
bDOJG	8/4k3/8/2pKPP2/ppp5/8/PPP5/8 b - - 3 41	b4b3 c2b3 a4a3 b2a3 c4c3	1763	0g0p101e1n
bOBXj	1kbr3r/p1p2pbp/Qpn2qp1/3BN3/3P4/2P1P1P1/PP3PP1/R3K2R w KQ - 8 18	e5c6 f6c6 a6c8 b8c8 d5c6	1763	010s1019
bx4d3	1k1r3r/pp4pp/2p2p2/3Rn3/4P3/2P2nB1/P1K2PBP/1R6 w - - 0 19	d5d8 h8d8 g2f3	1763	01191g1o
d1IvV	2r3k1/pp2p2p/4b1p1/8/3rP2Q/P1q5/2P1B1P1/1K5R w - - 0 23	h4h7 g8f8 h7h8 e6g8 h1f1	1763	0g1019
emeJP	8/p3Q1pk/1p3n1p/6rq/3Pp3/4NbP1/PP1N1P1P/2R3K1 b - - 0 31	h5h2 g1h2 g5h5 h2g1 h5h1	1763	050y101316191d1n
fKgWL	2k5/ppp3np/8/3rN1p1/3P2Pq/2P5/PP5P/R1B2RK1 w - - 3 23	f1f8 d5d8 f8d8 c8d8 c1g5 h4g5 e5f7 d8e8 f7g5	1763	050g0s191n1w
gGbwX	3qk2r/4b3/1r3p2/4nQ2/3P4/2N5/P4P1P/2KR2NR b k - 4 19	e7a3 c1d2 d8d4 d2e1 d4c3	1763	0g0i0r0v1019
grBoh	5rk1/pR4pp/2pp3r/5q2/2PP1Q1P/P1P1P1P1/6K1/2B5 w - - 0 25	f4f5 f8f5 e3e4	1763	0g0p1o
ijIvF	4b3/8/1Pk2Kp1/5p2/5P2/8/5B2/8 w - - 9 46	f6e7 e8d7 b6b7	1763	00080g0p1o
kXHqd	1r4k1/2R2p1p/6p1/4Q3/4P3/3B3P/b4qPK/8 w - - 2 29	c7c2 f2b6 c2a2	1763	010p0v1o
l0vsz	5rk1/1p1bQpp1/1pq5/8/8/1BP5/Pr4PP/3R1RK1 w - - 2 34	b3f7 f8f7 e7f7	1763	0g191o
lSG6j	QR6/5pkp/8/2p1b1K1/6P1/3n3P/P4r2/8 b - - 0 36	e5f6 g5h5 d3f4	1763	0p13151o
mki9W	5k2/RQ2rppp/5b2/1pq5/2p5/6BP/P5PK/8 w - - 6 34	b7b8 e7e8 g3d6 c5d6 b8d6	1763	0g0p0s10
ncHaT	8/6p1/8/1R1rkp1p/7P/4KPP1/8/8 w - - 0 41	b5d5 e5d5 e3f4 d5e6 f4g5	1763	0g0p101m
o4gKK	5rk1/R3Rp1p/2p3p1/6n1/2P2B2/5P2/P2r1P1P/6K1 b - - 2 23	g5h3 g1g2 h3f4	1763	0g0p0s1o
o8Vpl	r1b1r1k1/1p3ppp/pbnB4/8/P1P1B3/5Q2/5PPP/qN2R1K1 w - - 1 20	e4h7 g8h7 f3h5 h7g8 e1e8	1763	050y101316191n
sT9IR	8/2p5/8/PKp5/4k3/8/5b2/8 w - - 1 45	b5c4 e4f4 a5a6	1763	080g0p1o
sWJ5A	rn5k/1b2b1rp/p4p2/1p6/5p2/1BN1R3/PPP2PPP/3R2K1 w - - 0 20	d1d8 e7d8 e3e8 g7g8 e8g8	1763	0s101316191d1n
u1cHW	3r1k1r/p1q1n3/1p1Np2p/4Pp2/P2R1Pp1/3P2P1/2P3QP/R5K1 b - - 0 25	c7c3 d4c4 c3a1	1763	0g0s11191o1r
wckj2	5rk1/1B1Q1ppp/1p6/8/3P1n2/2P2q2/PP3P1P/R5K1 b - - 2 23	f4h3 d7h3 f3h3	1763	0g0p1o
xxe2x	1r3rk1/p1p2p1p/2p1pQpq/2PpB3/3P4/1P1bP3/P2N3P/R3K1R1 b Q - 3 19	h6e3 e1d1 e3g1 d2f1 g1f1 f6f1 d3f1	1763	0g0r0s191w
yfBKt	r1b2rk1/ppp2pp1/4qn1B/4p3/7P/2NP2Q1/PPP2PP1/2KR3R b - - 0 16	f6h5 g3g5 e6h6	1763	010j191g1o
zM1in	1k1rr3/p1p2ppp/BP6/7q/8/2P3P1/1Q4KP/1n2B3 w - - 0 27	b6a7 b8a7 b2b7	1763	00050k0m1315191k1o
zh13A	2r5/2r5/1pp1p3/p2kPp2/P1RP3p/4PKpP/2R3P1/8 w - - 1 39	c4c5 b6c5 c2c5	1763	0p13151m1n1o
zo6bL	8/6p1/5p2/7p/4k2N/1K4PP/8/8 b - - 5 55	g7g5 h4g6 e4f3	1763	010p0z1o
zrn61	r1bq1rk1/4bppp/p4n2/3pQ3/2B5/2N4P/PPP2PP1/R1B1R1K1 b - - 0 14	e7d6 e5d4 d5c4	1763	011c1o
1G5m7	rn5k/1pp3p1/p1bp2Pp/2b5/4Pp1R/1P1P3B/PBPN3r/2K5 w - - 0 25	h4h6 h8g8 h3e6 g8f8 h6h2	1764	0g0j0y10191g
1l9mT	r3r1k1/R1pq1pp1/2p2b1p/8/4N3/1P3Q2/1PP2PPP/R5K1 b - - 0 19	a8a7 a1a7 e8e4	1764	010w191o
2sBu7	1r5k/6pp/p3p3/3bPP2/4N3/p1pB4/1QP4P/K3R3 b - - 0 35	c3b2 a1b1 a3a2	1764	000p1113151o
4pZwV	r1b4Q/1p1nbkp1/pq2p3/3pP1P1/5r2/2P5/PP3PP1/1R2K2R w K - 2 19	g5g6 f7g6 h8h5	1764	051315191o
5VGGw	4r3/1pk5/p5p1/3p4/3P1p1p/1NP1rP2/PP1R3P/5K1R b - - 3 25	e3e1 f1g2 h4h3 g2h3 e1h1	1764	010i0p0r10
7j8qB	r3kb1r/1b1q1pp1/2p1p2p/p2nP1NQ/Pp1P4/3B4/1P3PPP/R1B1K2R w KQkq - 2 16	g5f7 d7f7 d3g6 f7g6 h5g6	1764	040g1011191g1n
8fLX3	2r2rk1/5pbp/Q3pqp1/7n/4P3/2N1BN1P/PP3PK1/3R4 w - - 5 21	e3g5 c8c3 g5f6	1764	01191o1t
8fYPx	8/2r2pkp/2P1q1p1/p7/1pQ5/8/P2R2PP/3K4 w - - 0 39	c4e6 f7e6 d2d7 c7d7 c6d7	1764	000g0p10
99Q9R	2k3nr/ppp2Qpp/8/2b5/3r4/2N5/PPP3PP/R1B1qBK1 w - - 1 15	f7f5 d4d7 f5c5	1764	010s191o
9R08s	6k1/3q1r2/p4p1Q/1p1p3R/8/P1Pb2P1/1P3bPK/4R3 b - - 0 44	f7h7 h6h7 d3h7	1764	0g191o
BGQak	r1bR2rk/1p3p1p/p6B/4bp1Q/PP6/2q5/5RPP/7K w - - 2 27	d8g8 h8g8 h5g5 e5g7 g5d8 g7f8 d8f8	1764	050y1317191w
BIr9X	5kr1/3q1p2/1pRb1r2/pP3P1p/P2PP1p1/3NQ1RP/6K1/8 b - - 1 36	g4h3 g2h3 g8g3	1764	050g0j191g1o
BvqJC	8/1p6/1p4P1/2p2R1P/P5k1/1P5r/2P5/5K2 b - - 0 41	g4f5 g6g7 h3g3 h5h6 f5f6	1764	0g0p0t101m
DV1t4	2rq1r1k/p3b1p1/2p1Q2p/4Bp2/3P4/P4PN1/6PP/R4nK1 w - - 0 23	e6h6 h8g8 h6g7	1764	0y1315191g1o
E2g6s	4r1k1/pb5p/3p2p1/2p5/2Pb4/P4RP1/1P4QP/2B4K b - - 0 29	e8e1 f3f1 e1f1	1764	0p13151g1o
Ed7w4	5k2/ppp5/3p3p/2b2p2/2P2P2/6rB/PPQ4N/4rR1K b - - 0 24	g3g1 f1g1 e1g1	1764	1315191d1o1y
F12JR	4k3/7p/3K1PPR/4N3/8/2r4P/8/qb6 w - - 0 60	f6f7 e8f8 e5d7 f8g7 f7f8q	1764	000p0r0x1013161h
GfeGi	r3kb1r/1pp2pp1/p1p5/8/3pN1pq/5P2/PPP2P2/R1BQR1K1 w kq - 1 15	e4f6 e8d8 e1e8	1764	0k0m1315191o
Giioe	2rn1r1k/3q4/p2p4/1p1PppQp/1P5P/8/P1P2N2/R3K2R w KQ - 2 29	g5h6 d7h7 h6f8	1764	0g0s191o
H5VZv	r1b2rk1/ppp3bp/2n3p1/3N4/2BP4/4P1q1/PP3PP1/R3K2R w KQ - 0 18	d5f6 g8h8 h1h7	1764	030k0m0y1315191o
HWGQU	rn2k2r/p1q1nppp/bp2p3/3pP3/8/2P1BN2/PP2BPPP/R2Q1RK1 w kq - 4 13	e2a6 b8a6 d1a4	1764	011c1o
Hcemm	r2qk1nr/pp1b1ppp/2n1p3/2p1P1bQ/3pNP2/8/PPPP2PP/R1B1KB1R w KQkq - 0 9	e4d6 e8e7 h5f7	1764	13151c1o
IZta3	8/2p3pp/1pn2k2/p7/3N4/P1P5/1P3PPP/6K1 b - - 2 25	c6d4 c3d4 f6e6 g1f1 e6d5	1764	010p0z10
IdtTM	r6r/ppp3pp/1k6/3BQ3/4P1b1/8/Pp1qNPPP/1R3K1R b - - 0 20	g4e2 f1g1 d2c1 b1c1 b2c1q	1764	0006101316191h
J1xMC	6k1/pp3ppp/2p4r/2Np4/1P6/P5P1/2P1qP2/3R1QK1 b - - 13 30	e2f3 f1g2 f3d1	1764	0g0p1o
LO2ia	4r1rk/pb4bp/1p2p2p/3pR2P/1q3N1Q/8/P4PP1/4R1K1 w - - 0 29	f4g6 h7g6 h4b4	1764	010j191o
MH607	8/8/3p2kp/p7/P1PKP2P/5p2/8/8 w - - 0 41	d4e3 g6f6 e3f3 f6e5 f3e3 h6h5 e3d3 e5f4 d3d4	1764	0g0h0p1e1w
NHcRW	Q7/3p3p/2r1k1p1/5pP1/Pp3P2/1P3q2/2P5/1K6 w - - 0 35	a8e8 e6d5 e8e5	1764	0p13151o
NIv3K	2r2rk1/4pp2/p2p2pQ/1p4B1/8/P1P5/1q4PP/5RK1 w - - 0 27	g5e7 b2c3 e7f6 c3f6 f1f6	1764	010p10
Nxx5a	1r4rk/pR2pp1p/3p3B/q1p1b3/2P2PQ1/4P3/P5PP/5RK1 w - - 1 29	b7b8 g8b8 f4e5	1764	0g191g1o
PCvZ9	3r2k1/pp5p/8/8/2Pp4/P7/5KPP/RNr1R3 b - - 2 24	d8f8 f2e2 f8e8	1764	0g0p1o
RNm6T	8/3k4/4bp2/p1P3pp/P2K4/1B6/7P/8 w - - 2 44	c5c6 d7c6 b3e6	1764	080g0i0p1o
RryqH	1r1b2k1/3bn2p/1q1p4/N1pPp1p1/2PNPp2/3B1P2/Q5PP/1R4K1 b - - 13 30	b6a5 a2a5 b8b1 d3b1 d8a5	1764	010i0j0w1011191r
S7KVz	6k1/ppq3b1/3N1rQ1/3P4/1n6/1P5P/2r3P1/4R2K w - - 0 26	e1e8 f6f8 e8f8 g8f8 g6e8	1764	050r101316191g
Ucs75	r1b1kr2/pppp1pQp/8/1Nb1P3/7q/8/PPP2nPP/R1B1KR2 w Qq - 3 12	b5c7 e8d8 c1g5 h4g5 g7g5	1764	010s101c
X8U1l	4r2k/p5p1/1p2p2p/3b1qb1/3RN3/P4QPn/1P3P1P/3R3K w - - 1 31	f3f5 e6f5 d4d5 f5e4 h1g2 h3f2 g2f2	1764	010b191t1w
Yv2Gn	r2q1bnr/pppbkBp1/3p3p/n2Qp3/4P3/2PP1N1P/PP3PP1/RNB1K2R b KQ - 2 9	c7c6 f7g8 c6d5	1764	011c1o1t
ZHbrq	8/1R6/p1r3p1/P1p4p/2P2P2/3PK1k1/8/8 w - - 1 41	b7b6 c6c7 b6g6	1764	0g0p1m1o1p
ZoVWW	3qr1k1/5ppp/8/p2Bpn2/1bP5/1r3P1P/3QNBP1/5RK1 w - - 2 26	d2c2 a5a4 c2f5	1764	010s191o
b7hRt	r4r1k/1b4pp/p2p1qB1/4p2Q/R7/2P1N3/1P3PPP/3R2K1 b - - 0 23	f6f2 g1h1 b7g2 e3g2 f2f1 d1f1 f8f1	1764	061317191n1w
bAM6R	8/8/1p6/2bK4/PpB2k2/1P6/8/8 w - - 10 48	a4a5 c5e3 a5a6	1764	080g0p1o
bVlt9	8/8/8/8/6p1/4RrP1/7k/4K3 w - - 8 62	e3f3 g4f3 e1f2 h2h3 f2f3	1764	0g0p101m
bbu3N	8/8/pp6/1k4K1/1P4p1/P3Bp2/8/8 b - - 1 55	g4g3 e3f4 f3f2	1764	00080g0p1o
bhD8w	4R3/p7/6k1/2N3p1/6rp/P1B2K2/1P5r/8 b - - 2 50	g4g3 f3e4 h2e2	1764	0g0p1o
dFvSk	r1bqk2r/ppppnp1p/6p1/3N2B1/2Pn4/8/PP2PPPP/R3KB1R w KQkq - 0 9	d5f6 e8f8 g5h6	1764	13151c1o
djSb8	r3k2r/3p1pp1/pp1bp3/4q3/8/2PBBQ2/PP3PP1/R3R1K1 b kq - 0 18	h8h1 g1h1 e5h2	1764	050y1315191n1o
ebMRu	3Q4/p4R2/4r1kp/2P1p3/6q1/3P4/1N2n1PK/5R2 b - - 3 34	g4h5 d8h4 h5h4	1764	021315191o
fXr5A	r4nk1/6pp/2pqp3/R3p3/2P1P3/3P4/2PBQ1PP/6K1 b - - 0 21	a8a5 d2a5 d6c5 e2f2 c5a5	1764	010p0s10
fkPMH	r4rk1/ppp2pp1/2B1bq2/2b1p1Np/3p4/2NP2P1/PPPQPP1P/R4RK1 b - - 0 11	d4c3 b2c3 b7c6 g5e4 f6e7	1764	010h0w1019
g8nYI	r2qr1k1/pp1n1pb1/2p2npp/6B1/3PN3/3B1Q1P/PP3PP1/R3R1K1 w - - 0 17	e4f6 d7f6 e1e8 d8e8 g5f6	1764	0g0j0s1019
hrLYB	4r3/2p1r3/pp1p1Rpk/5Q1p/4b1P1/2P4P/q1P5/5RK1 w - - 0 30	f6g6 h6h7 f5h5	1764	0i1315191o
huFt7	2k5/p4R2/3p4/1p6/4pR2/1KPq4/PP6/8 b - - 3 38	d3d1 b3a3 d1a4	1764	0p13151j1o
iqu4G	4r2k/2q3pp/8/3QN2P/3P2P1/1pP4R/1P3r2/2K5 w - - 0 29	e5g6 h7g6 h5g6	1764	0j0k0p13151n1o
mWopL	8/8/1r1p1p2/RP2ppk1/2P5/8/5P2/6K1 w - - 0 46	a5a6 b6b8 a6d6 b8c8 d6c6	1764	010p101m1p
pDIgv	3r2r1/2p5/ppn2k2/5PR1/3p4/P2P4/1P1KN3/7R w - - 1 33	g5g8 d8g8 h1h6 f6f5 h6c6	1764	010p0r101p
pEKcM	1r3rk1/pbp3pp/4n3/6q1/1Q1B1p2/5P2/PP2B1PP/RN3RK1 b - - 0 21	b7f3 e2f3 b8b4	1764	010j191g1o
pHtQy	r2q1rk1/p1pbBppp/2p5/3pP3/4n3/2Q5/PPPNNPPP/2KR3R b - - 0 12	e4c3 e7d8 c3e2	1764	01191k1o
rmtSn	5k2/1p3r2/p7/2qpr3/1P4Q1/8/4RPPP/4R1K1 b - - 0 33	c5f2 e2f2 e5e1 f2f1 f7f1	1764	0i0p1013161n
vkQaB	r3r1k1/p1p3b1/1p1p1qQ1/3P1Bp1/2n5/6P1/PP3PP1/R4K1R w - - 1 23	h1h8 g8h8 g6h7	1764	050y1315191g1n1o
xTMJ9	r1b2r2/pp3pk1/1n4p1/3pPpB1/2nP4/2P4Q/4q1PP/5RK1 w - - 0 30	g5f6 g7g8 h3h8	1764	1315191o
zQykp	4k1n1/pp1nbp2/2pq4/3p2N1/3P4/2P2Q1P/PP3PP1/6K1 w - - 0 23	f3f7 e8d8 g5e6 d6e6 f7e6	1764	040g0p0s10
1USWW	r3k3/1pq2pB1/p3p1p1/3p4/1Qn3r1/2N5/PPP2PPP/2KR3R b q - 4 19	c7f4 c1b1 c4d2 d1d2 f4b4	1765	010j10191k
2EGIw	5rk1/4Q1p1/7p/3p2r1/3Pp2q/4P2P/2R2PP1/5RK1 b - - 2 32	g5g2 g1g2 h4e7	1765	0g0j0p111o
2QndJ	r3k2r/p1qn1ppp/2pb4/1N1p3b/Q2Pn3/4PN1P/PP2BPP1/2R1BRK1 b kq - 0 14	c6b5 c1c7 b5a4	1765	01191o
38xwf	6k1/pp2Bp1p/1b3Qp1/8/P1q5/7P/2Pr1PP1/4R1K1 w - - 2 29	f6h8 g8h8 e7f6 h8g8 e1e8	1765	050p1013161f1n
3Z22v	2r5/8/4Q1p1/p2pP2k/Pp6/6P1/1P1q1P1P/2r2RK1 w - - 0 33	e6h3 h5g5 f2f4 d2f4 g3f4	1765	0p101316
4XuCe	6k1/p3r1pp/2Q1p3/8/8/P1P5/1P3P1K/3r4 w - - 4 31	c6a8 g8f7 a8f3	1765	0g0p0s1j1o
6SI13	1r4k1/3Q1pp1/p3r2p/8/1qB3PP/2p2P2/P1P5/KR5R b - - 6 29	b4b1 h1b1 b8b1 a1b1 e6e1 d7d1 e1d1	1765	051317191n1w
74Mwa	2k5/ppp2ppp/6q1/8/4r1B1/7P/PPP2b1P/R1BQ3K b - - 1 21	f7f5 g4f3 e4e1 d1e1 f2e1	1765	010h0s1019
7g4Nk	2r2k2/pp3p2/6p1/8/2qP1P2/7Q/P1P4R/2K5 w - - 6 40	h3c8 c4c8 h2h8 f8e7 h8c8	1765	0d0g0p101n1p
8kA8h	3Q4/p5kp/1p2Qpp1/8/P3PP1P/6P1/2r1q1BK/4n1R1 b - - 0 35	e1f3 h2h1 e2g2 g1g2 c2c1 d8d1 c1d1 g2g1 d1g1	1765	030s111318191n1w
8mUh9	r1b2rk1/pp3ppp/1b3q2/3B4/PP1p4/3P3P/2PB1PP1/R2QK2R b KQ - 0 14	f6e5 d5e4 f7f5	1765	010s191o
9gdgX	1rn3k1/p1r2p2/Pp2q1p1/4Pp1p/7Q/2PR4/2P3PP/5RK1 w - - 2 29	h4d8 g8g7 d8c7	1765	0g0s191o
AzRO3	4r1k1/p2q2p1/2pBr2p/4p3/P1Q2P2/8/2P3PP/3R2K1 w - - 0 31	f4f5 g8h8 f5e6	1765	010p1o
B0BZr	2r1r1k1/pp1bnpqp/4p1p1/3p4/3P1PPQ/1PP1R3/P1BN3P/R5K1 b - - 2 21	c8c3 e3c3 g7d4 h4f2 d4c3	1765	050b0g0s10191n
ES5SK	r2q1rk1/pQ2bppp/2Bp1n2/4nP2/8/2N5/PPP2PPP/R1B2RK1 b - - 0 12	a8b8 b7a7 e5c6	1765	011c1o
GOWHR	r2q2kr/pbppb2p/1pn4B/4Pp2/3P4/2PB4/P1P2PPP/R4RK1 w - - 0 16	d3c4 d7d5 e5d6	1765	0a0k0o1315191o
IXxRO	3rnrk1/pb3ppp/1pq1p3/2b5/4NP2/3B4/PP2R1PP/R1BQ3K w - - 12 22	e4c5 c6c5 d3h7 g8h7 d1d8	1765	010j101c
IYBVE	8/1q4p1/1P2Qpk1/4p3/7P/3rB1P1/6PK/8 w - - 1 43	h4h5 g6h7 e6f5 h7h8 f5d3	1765	0g0p0s10
IhHjP	1r4k1/R3Qppp/8/8/2q1P3/5P1P/3r2P1/5RK1 b - - 0 30	c4f1 g1f1 b8b1	1765	050p13151n1o
JnbT2	7r/1bqpk1r1/pp3nB1/5pQp/8/2N2P2/PPP3PP/3R2K1 w - - 0 22	d1e1 e7d8 g5f6 d8c8 f6g7	1765	0g0i0s1019
KFhIQ	r3q1k1/5ppp/pp6/2b3NQ/P3b3/1P1p4/3B1PPP/2R3K1 w - - 2 25	c1e1 e4g6 e1e8	1765	01191o
L3WHe	2kr3r/1p1nqppb/p1p1pn1p/7P/QP1PpBP1/2P4N/P4P2/R3KB1R w KQ - 0 20	a4c6 b7c6 f1a6	1765	0a0i1315191k1n1o
MV9O1	r5k1/pp4p1/4R3/6p1/3PQ1P1/2P3qP/PP6/5K2 b - - 4 28	a8f8 f1e2 f8f2 e2d1 g3g1 e4e1 f2f1	1765	010p0r1g1w
OC5AT	4B3/1pq2n1k/3bnB1p/7P/P3PP2/6Q1/6P1/7K b - - 0 38	c7c1 h1h2 d6f4	1765	0g191g1o
OSW5F	5N1k/pp2Q1rp/5p2/3P4/5q2/8/PPP4P/1K1N2n1 w - - 1 33	e7g7 h8g7 f8e6 g7f7 e6f4	1765	050g0p0s101n
QVhVn	3rk2r/1pq2pp1/p7/8/4pnB1/P1P5/1P3PPP/R1B1QRK1 b k - 0 21	f4e2 g1h1 c7h2	1765	0j0y1315191o
QiQfQ	4r3/5k2/pp3r2/5R2/2P3pN/PR4P1/2n3KP/8 b - - 0 44	c2e3 b3e3 e8e3	1765	0g0p0s1o
Sky6H	2r2rk1/R4p2/4pQp1/4P2p/4B2P/2p3P1/2nq1P2/6K1 w - - 1 31	e4g6 d2h6 g6f7 f8f7 f6h6 f7a7 h6e6	1765	010j11191w
Uks6M	r1b1k2r/pp1n2b1/2p3q1/2P4p/3PpB2/1QN1P2K/P2NBP2/R4R2 b kq - 0 23	d7c5 h3h2 c5b3	1765	010j0k11191o
X0moe	3r4/4R1bk/1p1BQ1pp/p3np2/P4q2/2P5/5PPP/5RK1 b - - 7 35	d8d6 e6d6 e5f3 g2f3 f4d6	1765	010j1011191n
XGRhV	5b2/p4p1k/4p1p1/qp1pP2B/3P1P2/P3B1P1/bPQ4P/7K b - - 2 30	a5e1 e3g1 a2b1	1765	010p0s1o
YH0Ej	5rk1/p4pp1/1p5p/4q3/1Q1r1N2/6N1/PP4PP/5R1K w - - 1 28	b4f8 g8f8 f4g6 f8g8 g6e5	1765	050g10191g1n
ZVm8O	r1b1r1k1/pp1n1pp1/2p5/4q1B1/4p3/2N3Q1/PPP2PPP/R3R1K1 w - - 0 16	e1e4 e5g3 e4e8	1765	0g0y191n1o1p
ZsCZA	8/p7/1p2p3/6kp/3P4/P3nPK1/1B6/8 w - - 0 40	b2c1 h5h4 g3f2	1765	010h0p1g1o
ZsDzA	6rk/2pb4/pp1p4/3P1p2/PPPqpQ2/K3N1p1/2B1RPP1/8 b - - 0 43	d4a1 a3b3 d7a4	1765	1315191o
fpJM6	2rq1rk1/1p1nbpp1/p2p1n1p/3Np3/2Q1P3/5N1P/PPP2PP1/R1B2RK1 w - - 3 14	c4c8 d8c8 d5e7	1765	0g1c1o
hL6LH	5k2/pp4p1/2p1Q2p/1q6/6N1/1n1p1P1P/6PK/8 w - - 6 39	g4e5 b5e5 e6e5	1765	0g0p1o
hWUvk	2k4r/1p6/p4r1p/3p1Rp1/2pNn3/2P1P2P/PPKN2P1/8 w - - 2 29	d2e4 f6f5 e4d6	1765	010p1n1o
i1Ug8	2r2k2/1R4pp/2q1p3/pQ1p4/P7/8/1P4PP/6K1 w - - 0 26	b5f1 f8g8 f1f7 g8h8 f7g7	1765	0p101316
i4Rv3	4q1rk/6b1/p1NpprRp/1p3p1Q/8/2P4R/PP3PP1/6K1 w - - 6 32	h5h6 g7h6 h3h6	1765	0y1315191n1o
i5zj3	3rrk2/6p1/p1b2P2/2q5/7Q/5P2/PPp1P1BP/3R3K w - - 1 34	h4h8 f8f7 h8g7 f7e6 g2h3 c5f5 h3f5	1765	0g191w
iGJpp	8/3k4/p5p1/1pB2p1p/7P/P3PqP1/Q4P1K/2r5 w - - 3 36	a2d2 d7c7 d2c1	1765	010p0s1o
ilX38	2kr4/pp3ppp/8/2b5/4b3/P1BrPN2/1P3PPP/2KR3R b - - 1 18	d3c3 b2c3 c5a3	1765	0i1315191k1o
kWJLS	r2q1rk1/ppp2pp1/3b1n1p/3p1p1P/3P2n1/2N1PP2/PPPBB1P1/R2QK2R b KQ - 0 12	d6g3 e1f1 g4f2	1765	0g1c1o
mNg28	r4rk1/p3qppp/2p1b3/1p2N3/4Pn2/P1N5/1PPQ1PPP/R2R2K1 b - - 0 18	e7g5 g2g3 f4h3 g1g2 g5e5	1765	011019
oioT7	4k2r/Q4p1p/4pp2/3q4/p7/2bP1N2/2r2PPP/3R1K1R w k - 0 25	a7a4 e8e7 a4c2	1765	0g0s191o
sAFgd	1k1r1b1r/1pR3p1/p4p2/5P2/4P1P1/P2p4/1q3BQ1/4R1K1 w - - 1 26	f2a7 b8c7 g2b2	1765	0g0j191o
sBUUb	8/p3kp2/7Q/6p1/8/P2P2KP/2p1qPP1/2R5 b - - 0 37	e2e5 g3f3 e5f4 f3e2 f4c1	1765	0g0p0s10
sMFrR	6Q1/p6R/1p3p2/2p1kq2/2PpN1n1/1P1P4/PBK2Pr1/8 b - - 9 40	g4e3 c2b1 g2g8	1765	0g0j191g1o
shiTU	5r2/pp3pk1/3pbnp1/q1r4p/3RP2P/1PN2PQ1/1PP3P1/1K5R w - - 1 20	b3b4 a5b6 b4c5	1765	010s191o
sk2Sg	8/1pRKR3/pk1p4/6q1/8/8/PP6/8 b - - 1 47	g5e7 d7e7 b6c7	1765	0g0p1j1o
tJZEX	8/6pk/5p1p/3Q4/5P2/3Pr2P/PP4BK/4q3 w - - 1 39	g2e4 e3e4 d5e4 e1e4 d3e4	1765	0g0p10
tcBMe	r3k2r/pp3ppp/4p3/2p1b3/2P1P3/5B1q/PP3P2/R1BQR1K1 b kq - 4 17	e5h2 g1h1 h2g3 h1g1 h3h2 g1f1 h2f2	1765	0j0k0y1317191w
ukdQk	2rq1r2/pb1pb3/1pn1p1k1/3n1pN1/3P2QP/P5B1/1P1N1PP1/R3K2R w KQ - 0 17	h4h5 g6g7 g5e6 g7f6 g4g6	1765	0k0m1011131619
v5zum	r2q1r1k/1bp3pp/p4b2/1p3Q2/3P4/PP1R1N2/1BP2PPP/2K4R b - - 0 18	b7f3 d3f3 f6g5 c1b1 f8f5	1765	010j1019
vw0op	5r2/8/R3Bkp1/1p1b3p/1PpP1P1P/2P1K3/8/8 b - - 0 40	f8e8 f4f5 g6f5 e3f2 e8e6	1765	0g0p101g
wEOeN	2r3k1/5pbp/3Q2p1/5q2/3N4/1P2B2P/1PR5/1K6 b - - 3 29	g7d4 d6d4 f5c2	1765	0g191o
xovoR	4r1k1/1p3pp1/2p3p1/2R5/1P1r1P1q/4P3/6PP/4RQK1 w - - 0 28	g2g3 h4e7 c5e5 e7e5 f4e5	1765	0g0p10
zH7od	5rk1/p4ppp/8/2p5/B3p2b/1Q1P1q2/P1PB1P2/4KR2 b - - 1 21	e4e3 d2e3 f3e3	1765	0g191g1o
zwi2f	r3k1nr/ppp2ppp/3p4/2b5/3PP1bq/2N2P2/PPP1B2P/R1BQ1K1R b kq - 2 9	g4h3 f1g1 c5d4 d1d4 h4e1 e2f1 e1f1	1765	0r13171c1n1w
0UaKd	4r3/pkp2ppp/2Nr4/3b4/3R4/1P5P/P2R2P1/2K5 w - - 0 29	c6a5 b7b6 d4d5	1766	010p0w1o
1WloX	2r2r1k/R5R1/6bp/p1p2qn1/B7/8/1PQ2PPP/6K1 w - - 0 35	g7g6 f5c2 a4c2	1766	01191o
2DvIP	2kr4/1pp3pp/p7/1N1n4/5q2/1Q6/PPP5/1K1R4 w - - 0 24	b5a7 c8b8 a7c6 b8a8 c6d8	1766	0g0p10111g
2qGDV	1b6/8/P7/4k3/1PKp1p2/8/3B4/8 w - - 0 49	d2f4 e5f4 c4d4	1766	080g0i0p1o
3e2Kx	r3r3/pp1qkn2/3p4/2pPpQ2/8/2P2N2/P1P5/R3K2R w KQ - 1 21	f5f7 e7f7 h1h7 f7f6 h7d7	1766	010510191n1p
44EGc	1k4nr/pp5r/4Np2/3Pb1pq/2Q3p1/4B1P1/PPP2PB1/3RR1K1 b - - 5 22	h5h1 g2h1 h7h1 g1g2 h8h2	1766	090y101316191n
46U35	r3r1k1/pp1n2p1/2p4p/5B2/3q4/7P/PP1Q2P1/2K2RNR b - - 0 20	d4c4 f5c2 c4f1	1766	0g0s191o
53m7e	4r1k1/ppp3pp/1bn2pq1/8/4NB1P/P2Q4/1P3PP1/4R1K1 w - - 2 24	e4f6 g7f6 d3g6 h7g6 e1e8	1766	0g0j0y1019
6qvOH	r4rk1/pp3p1p/3p2pQ/2pPp1b1/2Pn2q1/1P1B1P2/PB1P2PP/R4RK1 w - - 1 18	h6f8 g8f8 f3g4	1766	0g0y191o
72T21	8/4B2p/8/1k1n2PP/p7/8/5K2/8 w - - 1 53	g5g6 h7g6 h5h6 d5e7 h6h7	1766	000g0p101n
8QqSl	5rk1/5p1p/p3p1p1/2r4q/4P3/P3QbP1/1P3P1P/1BR2RK1 b - - 1 22	h5h2 g1h2 c5h5 h2g1 h5h1	1766	050y101316191d1n
9OHi4	r3k2r/pp3ppp/2p5/5p2/2qPn3/P2RBN2/P3QPPP/1K5R b kq - 0 16	e4c3 d3c3 c4e2	1766	010s191o
A4su0	r2q1r1R/1b4k1/4p1p1/1p2P3/1b6/1Np2P2/1PPQ4/2K5 w - - 0 27	d2h6 g7f7 h8h7 f7e8 h6g6 f8f7 g6f7	1766	040i1317191w
AXS00	2rr2k1/5ppp/Q2Bp3/4P3/pPb2P2/2qRp3/2P3PP/2R4K w - - 2 27	a6c8 d8c8 d3c3	1766	0g191o
AhLYe	r1b2k2/pp4pp/3p1q2/8/8/4Q3/PPP1rPPP/R1B2RK1 b - - 1 15	e2e3 f2e3 c8f5	1766	01191o
CvWk7	2k5/1q3pB1/7p/p2p2p1/P5P1/1pp2P1P/2B2K2/4R3 w - - 0 44	c2f5 c8c7 e1e7	1766	0g0p111o
DSCUW	8/6pp/8/8/P2k4/4p1P1/6KP/8 w - - 0 37	g2f1 d4d3 f1e1	1766	0g0h0p111e1o
DTvrJ	r3r1k1/pp3qp1/2n2B1Q/3p4/3P4/2P5/PP1N1P1P/2K3R1 b - - 0 22	e8e1 g1e1 g7h6	1766	0g191o
GAprY	8/6p1/7p/7P/kp3PP1/3K4/8/8 w - - 1 45	d3c2 a4a3 c2b1	1766	0g0h0p1e1o
I03A8	6k1/7p/B1p3p1/2Pp4/1P1b2b1/4qPQ1/P6P/4RK1R b - - 0 30	g4h3 g3h3 e3f2	1766	1315191n1o
JCrcd	8/1PR5/4K3/1r4k1/7p/8/8/8 w - - 0 69	c7c5 b5c5 b7b8q	1766	000g0i0p111h1m1o
JcBRm	r4rk1/1N3p2/p1n2qpp/4p3/8/4P3/PP3PPP/1R1Q1RK1 b - - 0 21	f6e7 d1d5 e7b7	1766	01191o
LIKhJ	6k1/p1Q2ppp/1p3q2/2pr1b2/4r3/P3P3/5PPP/3R2K1 w - - 0 27	c7b8 f5c8 b8c8 f6d8 c8d8 d5d8 d1d8 e4e8 d8e8	1766	060p13181w1y
M1OX4	2r3nk/5ppp/pQ3n2/3p1P2/q2PpBP1/P6P/1KP5/1R3B1R b - - 0 28	c8c2 b2a1 a4a3	1766	0i1315191o
MlFWN	8/8/8/2p3p1/2Pp4/2k5/4B3/4K3 b - - 5 46	d4d3 e2g4 c3c4	1766	080g0p0v1o
Nj9Ru	8/2p5/pkr3p1/3Q1p1p/PP2r3/6P1/5P1P/6K1 w - - 2 43	a4a5 b6b7 b4b5 a6b5 d5b5	1766	010p101j
NsTj8	q1b1r1k1/1p3pp1/rnpB3p/P2p4/1Q1Pp3/4P1P1/5PBP/RR4K1 w - - 2 31	b4b6 a6b6 a5b6	1766	01191o
NtM0r	2k1r2r/p4p1p/2Np1q1b/8/2P3b1/PQ6/1P4PP/4R1KR w - - 3 22	b3b8 c8d7 b8b7	1766	1315191k1o
OiKNX	8/5p2/4p3/8/3kP3/5KP1/8/8 w - - 5 51	f3f4 e6e5 f4f5 d4e3 g3g4 f7f6 f5f6 e3e4 g4g5 e4f4 g5g6 e5e4 g6g7 e4e3 g7g8q	1766	000g0h0p1e1h1l1w1z
PRyYL	5rk1/p4pp1/1p1Qb2p/8/4n1P1/2N1qR1P/PPP1B3/1K6 w - - 0 23	d6f8 g8f8 f3e3	1766	0g191o
RVslA	2r2rk1/2P1ppbp/p5p1/1p5n/5B2/1PN5/1P3PPP/R2R2K1 w - - 1 19	c3d5 h5f4 d5e7 g8h8 e7c8	1766	010s10191n
RYSmI	r2qk2r/pp2Bp1p/3p4/2p5/3nP1n1/2NP3P/PPP2QB1/R3K2R b KQkq - 0 15	g4f2 e7d8 f2h1	1766	0104191o
RmIP3	rn3rk1/5ppp/2p5/1p2NN2/p3q3/2P4P/PP3P1P/3R1RK1 w - - 0 22	f5e7 g8h8 e5f7 f8f7 d1d8 f7f8 d8f8	1766	060i1317191n1w
SXvIF	5rk1/pp5p/3ppP2/2pQ4/8/2P3K1/P2n2PP/5q2 w - - 0 28	d5g5 g8f7 g5g7 f7e8 g7e7	1766	0p0s101316
T63GK	2r1r1k1/pp3ppp/8/8/5b2/2N3q1/PPK1BR2/R5Q1 b - - 7 24	g3g1 a1g1 f4e3 g1f1 e3f2	1766	011019
TdO7i	2r5/4k1p1/1q1bppp1/B2p4/p2P4/1P1Q3P/PK3PP1/2R5 b - - 1 33	a4a3 b2b1 c8c1 b1c1 b6a5	1766	0g0p10
UdkLn	1b6/6Bp/P5pP/4p3/8/5k2/3K4/8 w - - 6 52	g7e5 b8a7 d2d3	1766	080g0h0p1o
XBROQ	r5k1/p4ppp/2p5/N7/Q2Br3/2Pn4/PP2bPKP/RR6 b - - 0 22	e4g4 g2h3 d3f4	1766	1315191o
XSum5	r1b2rk1/5pbp/p1Rp2p1/8/8/6PP/q3NPB1/3Q1RK1 w - - 0 21	c6c2 a2a5 g2a8	1766	010j11191o
XzHR4	4r1k1/p4ppp/5b2/1p5N/2q1BBR1/P1P5/6PP/3R2K1 b - - 2 26	c4c5 g1h1 c5h5	1766	0g0s191o
YooNR	4Q2r/1p3qkp/1r1b2p1/p1Np2P1/P1n4P/2P5/1PP1RP2/1K2R3 w - - 3 28	c5e6 f7e6 e8e6	1766	0g191o
YvxTl	3r1rk1/p4nb1/6B1/q1pn4/1p3N2/1P6/PNPB2P1/1K1R3R w - - 1 26	g6h7 g8h8 f4g6	1766	0y1315191o
ZDbcL	1r5k/5bR1/3q1B1p/pp1B1P2/2p5/6P1/PPP4P/4R1K1 b - - 0 31	d6f6 g7f7 f6d4	1766	0g191o
a6N71	r4rk1/p1p2p1p/2Q1bpp1/6q1/8/3P3P/PPP1BPP1/R4RK1 b - - 0 16	e6d5 c6d5 g5d5	1766	01191o
aISbv	8/1R2Qp1k/6p1/4P2p/p6K/3Q3P/6P1/2q4r b - - 3 42	c1f4 g2g4 f4g4	1766	0p0q13151g1o
axGgr	5rk1/p4ppp/3Q1b2/5N2/6qP/3P4/P5P1/5R1K w - - 1 31	d6f6 g7f6 f5h6 g8g7 h6g4	1766	010p0s101n
b0pHn	r1bq1rk1/1pppbpp1/2N4p/p7/2BPP3/2P1n3/PP1N1PPP/R2Q1RK1 b - - 0 11	e3d1 c6d8 d1b2	1766	011c1o
bN5Cw	7k/pb2b3/1p3p2/2p1pP1p/4q2P/1P2B3/1PP1QR1K/8 b - - 0 33	e4h4 h2g1 h4h1	1766	0p13151o
bSQyB	rn3rk1/pp2qpp1/2pbb2p/8/2NPB3/P2QP3/1P3PPP/R1B2RK1 b - - 2 15	e6c4 d3c4 e7e4	1766	010j1c1o
fJ1LM	r7/2pq1pkp/p1pp2p1/4rnQ1/4N3/8/PPP2PPP/3RR1K1 w - - 0 21	g5f6 g7g8 f6e5	1766	0g191o
gtS9H	r4r1k/p6p/3p4/B2N4/2qQ4/1R3pp1/R5P1/7K b - - 0 34	c4d4 a5c3 d4c3 d5c3 f3f2	1766	000g0t101119
h3Psg	8/6pk/b1p1Q2p/2rp4/2q3PP/2P1P3/1P1K1P2/1R1R4 b - - 0 29	c4d3 d2c1 c5c3 b2c3 d3c3	1766	0i0j0p0q1013161n
j01Bd	8/pp1k4/2b2B2/3pPp2/3r4/1P3KP1/P7/7R w - - 0 38	e5e6 d7e6 f6d4	1766	0g0j0p11121o
juXgc	r2q1rk1/1b3ppp/pp1p1n2/4p1Q1/2PbP3/P1NBBP2/1P4PP/R3K2R b KQ - 1 15	h7h6 g5h4 d4e3	1766	0g191o
kNaj9	6k1/1r3p2/4r1pp/8/1qPQ4/2Nn1P2/P5PP/RR5K b - - 0 28	b4b1 a1b1 b7b1 c3b1 e6e1 d4g1 d3f2	1766	0s1317191g1n1q1w
mICBF	rb4k1/4R1p1/2p1n1Qp/2Ppqp2/7P/2N5/5PP1/1R4K1 b - - 2 30	e5h2 g1f1 h2h1 f1e2 e6f4 e2d2 f4g6	1766	0g0s191w
mel4P	5k2/R3bppb/p3p2p/2B1P3/1Pr3P1/P6P/5P1K/3r4 w - - 0 32	a7a8 d1d8 a8d8	1766	0p13151g1o
oWCDz	2r4k/2r4p/p3Qp2/8/1p6/P7/1P3q2/K5RR w - - 0 31	h1h7 h8h7 e6h3 f2h4 h3h4	1766	050p1013161n
rINId	8/8/1pp5/8/p1k5/4K3/PPP5/8 b - - 1 44	a4a3 b2a3 c4c3	1766	0g0p1e1o
rL3Tl	6r1/ppp1kpPp/8/1P1b4/4N3/P7/5PPP/B5K1 w - - 1 25	e4f6 g8g7 f6d5	1766	010p0s1o
raBOU	4KR2/pp6/2r4k/3Nn3/2P5/8/PP6/8 b - - 4 55	c6c8 e8e7 e5g6 e7d7 c8f8	1766	010i0p0s10
t6jGo	r4k2/5p1p/3p3P/pppbrPR1/8/3R4/PPP5/2KB4 w - - 0 24	d3d5 e5d5 d1f3 d5e5 f3a8	1766	010p101n
tMVs2	8/1p1k1p1P/p1p5/2Pr2P1/1P6/P2q1p2/1K2RQ2/8 b - - 0 53	d3e2 f2e2 f3e2	1766	000g0p1o
tTAj0	3r1q1k/6p1/1P5p/1Q5P/p4p2/R3r3/1PP3P1/2K1B2R b - - 4 41	e3a3 b2a3 f8a3 b5b2 d8d1 c1d1 a3b2	1766	0g0i191k1w
tev0n	2r2rk1/5pp1/pp2pn1p/1N6/4b3/P7/1P3PPP/1BR2RK1 w - - 0 22	c1c8 f8c8 b5d6	1766	01191o
uYUoU	4r3/1p3Qbk/p1q3p1/2p1p3/4P3/1P4RP/5PP1/6K1 w - - 0 30	g3g4 g6g5 g4g5 c6h6 g5h5	1766	010p101g
xv6uW	rn2kb1r/pp3ppp/2pp1n2/8/6b1/2N2N2/PB2BPPP/R3R1K1 w kq - 4 13	e2a6 e8d7 a6b7	1766	010j0k191o
yjFpk	2k3nr/ppp2ppp/8/3rn3/1b4b1/2N1BN2/PPP1BPPP/R3K2R w KQ - 0 10	f3e5 g4e2 e5f7	1766	01191o
zDuyF	r3k1nr/bB4pp/Q1p2p2/1p1qpP2/1P6/P1P5/3P2PP/R1B1K2R b KQkq - 1 18	a7f2 e1f2 a8a6	1766	010j191o
0JdzY	3r1r2/pp6/4qpk1/2pN3p/1nP2P1P/3R4/PPQ5/2K5 w - - 0 25	d3g3 g6h6 c2g6	1767	0k0m1315191o
16fji	2k1r3/pppr1ppp/2pb3n/8/4PP2/2PB1QqP/PP4P1/R1B2RK1 b - - 4 17	d6c5 g1h1 d7d3 f3g3 d3g3	1767	0g0j1019
1Qrjy	R1br2k1/4bppp/8/3N2n1/4p3/1P4P1/1P1N1PK1/5R2 b - - 0 25	c8h3 g2h2 d8a8	1767	010j191o
1rBb8	5r1k/pp2qpp1/2r1p2p/3pP3/3P1Q1P/PP1R2R1/5PP1/6K1 w - - 5 27	g3g7 h8g7 d3g3 g7h7 f4g4 e7g5 h4g5	1767	050g0p0y11121n1w
3M3ws	7k/1p1q2p1/p2R3r/6p1/2P3r1/1P6/P3QPP1/3R2K1 b - - 0 33	g4g2 g1f1 h6h1 f1g2 d7h3	1767	0p1013161n1u
4j9zT	r2qk2r/pp2bppp/1n1pp3/3P4/2n3b1/2N1BN2/PP2BPPP/R2QK2R w KQkq - 0 12	e2c4 b6c4 d1a4 d8d7 a4c4	1767	010s101c
5lO3u	2kr4/pp3p2/2p1pb1p/8/1P1r2p1/P3Q3/3NKPPP/7R b - - 3 23	f6g5 e3d4 d8d4	1767	010p1o
65YyG	3r3k/p5pp/1p2BP2/2p4b/2Pp4/1P6/P3qQ1P/5RK1 w - - 0 30	f6g7 h8g7 f2f6	1767	00050p13151o
7chrk	3k4/1p6/p4P1P/4PK2/P2nB3/8/8/3r4 w - - 5 51	f5g6 d1g1 g6f7 g1g4 h6h7	1767	000g0h0p10
80kHt	3rk1n1/pp3ppr/2b3q1/2QN4/4P3/6B1/PPP5/4R1K1 w - - 6 27	d5c7 e8d7 e1d1 d7c8 d1d8 c8d8 c5f8 c6e8 f8e8	1767	050s1318191w
8Gvah	2kr4/ppp3pp/2p5/2q1N3/4QP2/1bP5/1P4PP/2K4R w - - 1 18	e4f5 c8b8 e5d7 d8d7 f5c5	1767	0g0j0p0s10
8ZpON	2kr1bnr/Qp3ppp/4q3/3Np3/2pnP3/8/PP3PPP/R1B2RK1 w - - 0 14	a7a8 c8d7 a8b7 d7e8 d5c7	1767	0g0i101c1k
9B99N	8/7p/6p1/1p6/5P2/k3P2P/6P1/2K5 b - - 2 47	a3a2 c1d2 b5b4 e3e4 b4b3	1767	0g0p101e1l
9sBzz	5r1k/p5p1/4Q2p/3N4/3q4/5r2/PPP1R2P/1R5K b - - 5 27	f3f1 b1f1 f8f1 h1g2 d4g1 g2h3 f1f3 h3h4 g1g5	1767	1318191w
A8RuL	1R6/4r3/6P1/1bk2P2/8/1p3KP1/8/8 w - - 1 54	f5f6 e7e6 f6f7	1767	00010p111o1r
Avm0f	2r3k1/5p1p/1r3p2/p2pq2Q/1b2p2N/8/5PPP/R4RK1 w - - 2 28	h5g4 g8f8 g4c8	1767	0g0s191o
B3aGr	8/1p6/p7/P2Pk2p/3R2p1/1r4P1/5KP1/8 w - - 2 47	d5d6 e5d4 d6d7 b3b2 f2g1 d4c4 d7d8q	1767	00010h0p1h1m1n1w
CIPTd	2kr3r/p4p2/2p1b2p/4p1p1/1b2P3/1P3PB1/P1PN2PP/3RK2R b K - 2 18	d8d2 d1d2 h8d8	1767	01191g1n1o
CivjE	7k/p6p/1p4p1/2pQP2n/1P1pPr2/3P1p1q/P2R1P1P/6RK b - - 5 36	h3h2 h1h2 f4h4	1767	050p0y111213151n1o
ClYDo	2rq1r2/7k/b2p1Bpn/p5Q1/N3PR2/1P1P4/6PP/7K w - - 5 32	g5h6 h7h6 f4h4	1767	05111315191f1n1o
EKVnF	6k1/p4ppp/4rn2/8/1Q6/8/1P3PPP/RNBqNK1R b - - 2 18	d1e2 f1g1 e2e1 b4e1 e6e1	1767	060i0s10131619
Ej3Xz	3r2k1/pp3qpp/2n2rN1/2p1pP1Q/3pPR2/1P4P1/P1P3BP/5bK1 w - - 0 22	h5h7 g8h7 f4h4 h7g8 h4h8	1767	050y101316191n
EmMUD	6k1/5R1p/6p1/8/7b/p7/B7/1K4r1 w - - 1 50	f7f1 g8g7 f1g1	1767	010j0k0p1o
GrG2H	1k3r2/pp3P2/1q6/3pb1N1/1P1n4/P3B3/2Q2K1P/3R3R b - - 0 29	b6f6 f2g2 d4c2	1767	0g0w191o
HwuT5	r2qkb1r/p1pn1p2/1p1ppn2/4P3/2BP1Qp1/6B1/PPP2PP1/RN3RK1 b kq - 1 13	f8h6 f4h6 h8h6	1767	0g1c1o1t
LB7ZL	1r4k1/2p2p2/p3p1bp/4P1p1/2B1P3/q2Q1PB1/Pr4PP/K2R3R b - - 5 24	b2a2 c4a2 a3b2	1767	0d1315191n1o
Lu7xE	r1b5/6kp/2p1p1p1/p2pP3/P2n4/2NB2Pq/1PP4P/R2Q1rK1 w - - 0 20	d3f1 h3f5 d1d4	1767	0g0j191o
MUPfp	8/pp6/1q5k/3P2r1/5Q2/2P5/P3B3/K7 w - - 2 37	f4h4 h6g6 e2d3 g6f7 h4g5	1767	0g0i0p0r10
MrVX3	8/8/3r4/5pPk/5P2/3p1K2/3R4/8 w - - 0 57	d2h2 h5g6 h2h6 g6g7 h6d6	1767	0g0p10111m1p
Oyq02	2r2r1k/5Qp1/pn4Pp/1p3Bq1/3p4/1P6/P1P5/1K3R2 w - - 2 42	f5c8 f8f7 g6f7	1767	000g191o
PNmrX	8/p2P2pk/2Q4p/5r2/4p3/P5KP/6P1/6q1 w - - 0 41	c6e4 g1f2 g3h2 f2f4 e4f4 f5f4 d7d8q	1767	00010p1g1h1w
QK0lF	1rb2rk1/5ppp/p1pq1n2/2bp4/4p2B/1PN1P3/P1P1NPPP/R2Q1RK1 w - - 1 13	h4g3 d6e7 g3b8	1767	0g1c1o1p
RfK4p	8/p7/8/1p1k1K1p/2pP4/P1P3P1/7P/8 b - - 0 28	a7a5 f5f4 b5b4 a3b4 a5a4	1767	0g0p101e1l
Rs8uZ	r6k/p1p3pp/2p5/4NnPQ/P3rq2/1P3N1P/5P2/5RK1 w - - 1 26	e5g6 h8g8 g6f4	1767	0g191g1o
SGt8S	r2Q4/pb1n2k1/1p5p/8/3PN1qp/P3P2P/6P1/6K1 w - - 0 28	d8e7 g7h8 h3g4	1767	0g0p0w1o
SPRzX	6rk/2R1R1b1/5PPp/8/6P1/8/5K2/2q3r1 w - - 0 46	f6g7 g8g7 e7e8 g7g8 c7h7	1767	000d0p0r1013161g
UvPCX	8/p5Bp/1p1kbN2/1P4P1/8/4K3/1r4P1/8 w - - 9 53	f6e4 d6d5 g7b2	1767	010j0p111o
V3jkR	2r4k/6p1/1B1qppB1/1p6/1n6/4P3/5PPP/3Q2K1 w - - 1 27	d1h5 h8g8 h5h7 g8f8 h7h8 f8e7 h8g7	1767	0i0p13171w
WEdEM	7r/6k1/7R/6P1/pP4K1/5P1p/1P6/8 b - - 3 49	h3h2 h6h8 g7h8	1767	000g0p1m1o
Wf1ax	5rk1/1pp2ppp/p4q2/3r4/3n4/8/PPP2PPN/R1BRQ1K1 b - - 3 17	d4c2 e1e2 d5d1 e2d1 c2a1	1767	010j0s1019
WmZYc	8/4rpk1/PR3Rp1/2K4p/r6P/6P1/5P2/8 b - - 11 41	e7e5 c5c6 g7f6	1767	0g0p0v1m1o
YFKtt	5rk1/1r3pbp/pp2pnp1/n2q2B1/P2PN3/8/QP2NPPP/2R2RK1 w - - 2 18	e4f6 g7f6 a2d5 e6d5 g5f6	1767	0g0s1019
YImMr	4r1k1/pB1q1p1p/6p1/1n6/3P4/P4Q1P/1P3PP1/2R3K1 b - - 0 27	b5d4 f3d1 d4e2 g1f1 d7b7	1767	010p0s10
Z2ZSR	4b1rk/5r1p/4pPB1/p2pP2Q/2pP4/q1P3B1/P6R/7K w - - 1 48	h5h7 f7h7 h2h7	1767	0y1315191d1n1o
ZWb9C	4b3/6R1/2p1p3/1p1pP2p/1P1B3p/1NPK1k2/6r1/8 w - - 4 41	b3d2 g2d2 d3d2 h4h3 d4g1	1767	0g0h0p10
ZYWOr	1r2r1k1/1p3p2/pNp2PBp/P3p3/1P6/6QP/2P1nPK1/q7 w - - 1 29	g6h7 g8h7 g3g7	1767	050k0m0y1315191n1o
aVUSH	2r3k1/p4ppp/5p2/8/3P1P2/PnrRPP2/4B2P/4K2R b K - 0 21	c3d3 e2d3 c8c1 e1f2 c1h1	1767	0d0g0p0r101p
ayAcs	6r1/2P2R2/p2k4/K7/8/P5p1/8/8 w - - 0 51	f7g7 g8g7 c7c8q	1767	00010i0p111h1m1o
b6sy6	8/5pkp/4pn2/3qQ3/4R3/7P/2rP1PP1/6K1 w - - 8 30	e4g4 g7f8 e5f6	1767	010i0p1g1o
buO23	2k4r/bpp2pp1/p1np2b1/2PNp3/1P6/P2PP1q1/5QB1/R1BR2K1 b - - 1 22	h8h1 g1h1 g3f2	1767	010i0y11191g1o
cb0AW	5rk1/1b4p1/p1p1pqQp/1pbp2pP/8/2PBP2R/P4PK1/6R1 w - - 4 27	g6h7 g8f7 h3f3 f6f3 g2f3	1767	0g10191g
d2cZn	8/3R3p/1Q1p1k2/3Pp3/P3q3/2P2r2/1P6/R2K4 b - - 2 37	e4d3 d1c1 f3f1	1767	0p13151o
eEeZD	8/8/1p6/2k1p1p1/2Pp3p/3P1K1P/6P1/8 w - - 1 47	f3e4 c5b4 e4e5 b4c3 e5e4 c3c2 e4d4 c2d2 d4e4 d2e2 d3d4	1767	0g0h0p1e1w1z
f6Ate	6rk/1pp2Rrp/1p1p1Q2/2q1p3/4B1nN/P5P1/1PP4P/7K w - - 5 32	h4g6 h7g6 f6h4 g4h6 h4h6 g7h7 f7h7	1767	0d0s111317191n1w
iBrBz	3rr1k1/5pp1/pq1p3p/8/2Q5/P4N1P/1b1R1PP1/3R2K1 w - - 4 27	d1b1 b6c5 c4c5	1767	01191o
l7nJ7	r2q1r1k/1pp1b1pp/pn6/4N1B1/4Q3/2N5/PP3PPP/R5K1 w - - 4 20	g5e7 d8e7 e5g6 h7g6 e4e7	1767	050g0j0y1019
ljN9N	r5k1/2RN2p1/p3p2p/1p1r1p2/5P2/bP4P1/2R1K2P/8 w - - 5 36	d7b6 a8e8 b6d5	1767	010p0s1o
mDzxu	r1b1k2r/3pppbp/p1N5/5p2/qp6/4P3/PPPQBPPP/1K1R3R b kq - 1 14	a4c6 e2f3 c6f6	1767	010t191o
mg2eg	5r2/2Rpk2p/p3p3/1p6/6P1/P3r2P/1P4K1/3R4 w - - 0 35	c7d7 e7f6 d1f1 f6g6 f1f8	1767	0g0p101m1p
nqHYN	3r2k1/1p3p1p/5Bp1/1q1P4/2n5/3R3Q/np3PPP/6K1 w - - 0 32	h3h7 g8h7 d3h3 h7g8 h3h8	1767	05101316191d1n
ob5I8	8/p1Q3pk/P2p2np/2pPp3/2P1b3/2P3P1/6BK/1q3N2 w - - 0 37	f1d2 b1d1 d2e4	1767	0g0p1o
pfuA6	q4rk1/4bpp1/4pn1p/rRnpN3/3Q4/4P1B1/2B2PPP/5RK1 w - - 1 24	b5a5 a8a5 e5c6 a5b5 c6e7	1767	010s1019
poB4i	r3n1k1/p3B1bp/2p3p1/3bq3/2B1Q3/8/P1P3PP/5R1K w - - 3 25	f1f8 g7f8 e4e5 d5c4 e7f8	1767	010i0w10191g
ppTFz	4kb1r/4qp1p/Q2p2p1/2n1p1P1/P3P2P/1BN2b2/1rPK1P2/R5R1 w k - 2 21	a6c8 e7d8 b3f7 e8e7 c3d5 e7f7 c8d8	1767	040g0i191w
pru9b	rn1q1rk1/ppp2ppp/3b2b1/3P4/2B5/2N2Q2/PPP2PPP/R1B2RK1 b - - 3 11	d8h4 g2g3 h4c4	1767	011c1o
qsuxw	1r6/5p2/b3pNp1/p1pp4/3k4/P5RP/2PP1P2/4K3 w - - 0 35	g3g4 d4e5 f6d7 e5d6 d7b8	1767	0g0p0s10
qwCBO	r1b3k1/pp1q1ppp/2pp4/6r1/2B5/2P2Q1P/P2N2P1/4R1K1 w - - 0 19	f3f7 d7f7 e1e8	1767	0y1315191g1n1o
t0ssw	r2r2k1/p4Rp1/1p2p2p/4P3/3q4/4Q3/P5PP/5RK1 w - - 0 23	f7f8 g8h7 e3d4 d8d4 f8a8	1767	0g0p0w10
tMtWd	5r2/2qPrpk1/1pp3pp/p1Q5/P1BN1p2/2P2P2/1P4PP/3RR2K b - - 0 25	e7e1 d1e1 b6c5	1767	01191o
tc8Dk	7Q/5kr1/6p1/2PK1p2/1q6/4R3/7P/8 b - - 0 43	b4d2 d5c4 d2e3	1767	0g0p0s1o
vIljY	4r1rk/pppbb1q1/3p3p/3P4/2PN1Q2/6P1/PPB2P1P/R4RK1 b - - 2 27	e7g5 f4f3 g7d4	1767	01191o
xfCkk	5k1r/p3pp2/Q4bp1/4q3/8/3B2P1/P1P4P/1R3R1K b - - 0 26	e5d5 h1g1 f6d4 f1f2 d4f2 g1f2 h8h2	1767	050g191w
yVAHm	1k6/1P6/2K3pp/5p2/4p2P/4PP2/6P1/8 b - - 0 45	f5f4 e3f4 e4e3	1767	0g0p1e1o
yWdrg	5k2/2p3p1/pp2P1K1/6pP/1P6/5P2/8/8 w - - 2 39	e6e7 f8e7 g6g7	1767	000g0i0p1e1o
zdNI6	6rk/p1r4p/6p1/8/8/3Q4/PP4q1/1K2R2R w - - 0 30	d3d4 c7g7 h1h7 h8h7 d4h4	1767	050p1013161g1n
0Ug7d	r5rb/3n1p1k/3p3p/p1pPp2p/PpP1PP2/1P1QBN1q/6P1/4RRK1 w - - 0 25	f3g5 h6g5 g2h3	1768	01191o
2IrWq	3r4/8/8/N1k4p/PR4p1/7P/2r2PP1/3q1RK1 w - - 2 35	b4b5 c5d6 f1d1	1768	0g0p0v1o
2TuB1	r4r1k/1p4bp/p7/3Qp2p/1q2P1b1/1BN1B3/PPP3P1/R3K3 w Q - 1 20	e3c5 b4d4 c5d4	1768	010s191o
2ZtFt	r3k1nr/ppp2ppp/4p3/1b1q4/8/2b1PKP1/PPQ2P1P/R1B2BNR w kq - 3 12	e3e4 d5h5 g3g4 h5g6 f1b5	1768	010h101c
34f9S	1r1qkb1r/1b4pp/p1np1p2/1p1Qp3/4P3/2N1B3/PPP2PPP/R3KB1R b KQk - 2 13	c6d4 e3d4 b7d5	1768	0g0j1c1o1t
36T1f	3R4/5Qpk/qr5p/8/4PP2/6P1/5KP1/8 b - - 0 36	b6b2 f2g1 a6b6 g1h2 b6d8	1768	0g0p0s10
3Ekrz	Qbk5/Rp1q3r/1Pp5/2P2RB1/3p2P1/3P1p2/5P2/6K1 b - - 2 38	h7h1 g1h1 d7h7 g5h4 h7h4 h1g1 h4h2 g1f1 h2h1	1768	051318191n1w
4hWTc	r3rbk1/pp1q1ppp/2np4/5Nn1/6Q1/2N5/PP3PPP/R2R2K1 w - - 0 16	f5h6 g7h6 g4d7	1768	010j11191o
68jwa	5kr1/3qpp2/3p1n1p/3b1P2/1pBN4/1P2Q2P/2P2R1K/8 w - - 0 31	e3h6 f8e8 c4b5	1768	0g11191g1o
7WYYW	7r/3r1p1k/p3pRnp/1p6/4b3/q2PQ2R/6PP/1B5K w - - 0 32	e3h6 h7g8 f6g6 f7g6 h6h8 g8f7 h3h7	1768	0i1317191w
8jHeJ	1r5r/p1p1kppp/1b2pn2/3qN3/QP3n2/P5P1/1BPP1P1P/RN2KR2 b Q - 2 17	d5e4 e1d1 e4e2 d1c1 e2f1	1768	060s10131619
9C3vZ	8/1B6/pk1qprp1/2p1R2p/p1Pp4/6P1/1PN1Q2P/6K1 b - - 0 34	d4d3 e2d1 d6e5	1768	0g0p0s1o
AYTyd	2kr3r/1pp2pb1/3p4/2PP3p/b2pP3/P5P1/1PQ1Bq2/1K1R3R w - - 0 26	e2g4 h5g4 c2f2	1768	010j11191o
Ad1g7	8/1R1B1p2/1p2Pkpp/5p2/2b5/4PPKP/1r6/8 w - - 1 37	e6e7 f6e7 d7b5 e7d6 b5c4	1768	00010j0k0p10
AhrJ3	5r2/p1R3bk/1p2P1pp/5q2/8/4Q3/1P4PP/2B3K1 w - - 5 36	e3h6 h7g8 h6g7	1768	0p13151g1o
Ao4XR	1r3r2/Q3ppkp/p2p2p1/2n5/4Nq2/4NP1P/PPP3P1/2KRR3 b - - 0 22	b8b7 a7c5 d6c5	1768	01191o1t
BO2pD	r1b2rk1/pp3ppp/4p3/1N2n1q1/2B1P3/Q7/PP3PPP/2R1R1K1 b - - 2 15	e5c4 c1c4 g5b5	1768	010b0j191o
Eik0s	1k1r3r/pq3p1p/b1pp2pb/Q3p3/N3P3/1B2P1P1/PPP4P/2KRR3 w - - 9 19	a4c5 b7b5 c5a6	1768	0g191k1o
FX0vr	3r4/7N/1p3R2/2p3R1/2rn4/8/4KP1k/8 w - - 4 44	e2d3 d4e6 d3c4 e6g5 h7g5	1768	010h0p10
Fii9a	2q1r1k1/1p4p1/1p4Q1/p2P4/2P1p3/P4p2/1PB2P2/5KR1 b - - 3 33	c8c4 f1e1 c4e2	1768	0p0s13151o
GNEDq	r5kr/pp1b4/1q5B/2bpPp1Q/8/3B4/PP4PP/R3K3 w Q - 0 20	h5g5 g8f7 g5g7 f7e8 g7h8	1768	0g0r0v0y1019
GgGdF	r4k2/p4ppp/2p5/3pn2b/8/1P5P/P2N1RP1/R6K w - - 1 22	f2f5 e5d3 f5h5	1768	010p0s1o
JhqeN	r5kr/1p1b2p1/p3N3/2p3R1/8/3P2q1/PPP1Q1Bn/4R1K1 b - - 2 22	h2f3 e2f3 g3e1	1768	0g0i0s191o
KiTy2	1br3k1/6pp/4b3/R1p1N3/1p2Pp2/1P1P1NqP/2P3P1/4Q1K1 b - - 10 35	g3e1 f3e1 b8e5	1768	01191o
LIhXS	5rk1/p3qp2/1p1Pp1p1/7p/1P1P1nn1/P2B4/1B3PPP/1QR2RK1 b - - 0 25	e7h4 h2h3 f4h3 g2h3 h4h3 f1e1 h3h2 g1f1 h2f2	1768	0y1318191w
LSdQx	r1b2rk1/1p1p1p2/p3pp1P/2b5/3qP3/P1N2P2/1PPQ4/R3K2R w KQ - 0 18	d2g2 g8h7 g2g7	1768	1315191o
NpA8p	r1bqk2r/pp2nppp/2n5/1BbN2B1/4Q3/8/PPP2PPP/R3K1NR b KQkq - 6 10	d8d5 e4d5 e7d5	1768	011c1o
O4Axf	5k2/5p2/8/1p2p3/4P3/1P2bPq1/P1P4p/1K2Q2R b - - 2 39	g3e1 h1e1 e3g1	1768	0g0h0p1o
O5vBx	6k1/1q3p1p/6p1/r2p4/Qb6/4P2P/5PP1/1R5K w - - 0 41	a4a5 b4a5 b1b7	1768	010p1o
Pye2X	1nk5/6r1/2q4r/1pQpPn2/1PpP4/2P3P1/1B1N1P1P/R5K1 w - - 5 34	c5f8 c8b7 f8f5	1768	010s191o
RSFO0	r5k1/pp2pp1p/2p3p1/8/3B4/2N1Q2q/PPP1B2b/R4R1K b - - 1 21	h2g3 h1g1 h3h2	1768	0j0k0y1315191o
RrpXB	5rk1/p2n2p1/1p5p/8/1P4QP/P2b4/1B1P1R2/2R1KN1q b - - 2 29	h1f1 f2f1 f8f1	1768	1315191d1o1y
SGubf	3r1rk1/p3q3/2p1n3/5pNQ/P3p3/4P1P1/6BP/5RK1 w - - 1 33	h5g6 e7g7 g6e6	1768	0g0i191o
TT3JZ	8/5p2/6pp/1pk1p2P/4P1P1/PK6/8/8 w - - 0 42	g4g5 h6g5 h5h6	1768	0g0p1e1o
UPT77	r7/4r2p/3k4/8/2P2R1P/p1P3P1/R1K2P2/8 b - - 6 49	e7e2 c2b3 a8b8 b3a3 b8a8	1768	010p10111m
UXR9G	7R/bpp2p2/p2p1kqQ/P3pN2/1P2P3/2PP1q2/2K5/8 w - - 2 33	h6h4 g6g5 h8h6	1768	0d0p0q13151o
Ur87Y	3rr1k1/p1b2pp1/7p/1p1Bp1qb/2N1P2P/P4QP1/1P3P2/3R1RK1 w - - 1 26	d5f7 h5f7 h4g5	1768	0g0s191o
VGdzi	3r2rk/p3bp2/7p/4p3/4N1q1/1Q2R3/PPP2PPP/6RK b - - 14 32	g4g2 g1g2 d8d1 e3e1 d1e1 g2g1 e1g1	1768	0s1317191n1w
WGPID	r3k2r/1pp1qppp/2np4/pB1b4/3NP3/P3Q3/1PP2PPP/2K4R w kq - 0 15	e4d5 e7e3 f2e3 e8g8 d5c6	1768	011019
Y11AI	r2qk2r/pp1bbp1p/4p2P/4P1BR/3pN1Q1/8/PP3PP1/n2K1B2 w kq - 2 19	e4d6 e7d6 g5d8	1768	0g191o
Yytx3	6k1/ppb2p1p/4bp2/2q5/2p2P2/P1Rr1Q2/1P4PP/5R1K w - - 5 23	f3d3 c4d3 c3c5	1768	01191o
ZFVAr	4r2k/pp4pp/3P4/1q1BB3/6PP/P1p2Q2/1P5K/5b2 w - - 0 31	e5g7 h8g7 f3f7 g7h8 f7f6	1768	050p1013161n
ZqBDa	2kr2nr/bpp2ppp/p7/4P3/3p2Pq/4BQ2/PP4PP/RN3RK1 w - - 0 16	f3f5 c8b8 e3g5 d4d3 g1h1 g8h6 g5h4	1768	010s191t1w
a1r4N	4r3/pppq1p2/5Qnk/6R1/3P3P/5P2/PPP2P2/2K5 w - - 1 24	g5h5 h6h5 f6g5	1768	050p13151n1o
a5axS	8/6k1/3p1N1p/5Bp1/1P1P2P1/1Q2P3/1P3PKP/r1q5 b - - 0 36	c1h1 g2g3 a1g1 g3h3 h1g2	1768	0p10111316
b6SLM	3r4/5p1k/2pq1Pn1/1p2p1Q1/p7/PbP4P/1P2BP2/1K4R1 w - - 3 30	g5h5 h7g8 g1g6 f7g6 h5g6 g8f8 g6g7 f8e8 e2h5 b3f7 g7f7	1768	040i0j0r1318191w
bL3Qi	r1bq1rk1/ppp2pp1/7p/2Pp4/8/4P1P1/Pb1N1PP1/1BRQK2R w K - 0 15	d1c2 f8e8 c2b2	1768	01191o
dAF0y	6k1/1r2pr2/p7/3PQ3/P1p4P/1qNb4/1P3R2/2K5 w - - 0 32	f2g2 d3g6 g2g6 g8h7 e5h5	1768	0r10131619
e4TQ3	rk6/2pr4/1pQ2p1p/6p1/2R5/8/P2q3P/KR6 w - - 8 37	b1b6 c7b6 c6c8 b8a7 c4a4	1768	0g0p101n
eB7sw	5rk1/1b3ppp/p3p3/1p1p4/1Pn2N2/P1rB4/R1P2PPP/5RK1 w - - 5 23	f4e2 c3a3 d3c4 a3a2 c4a2	1768	011019
eIXVa	q4k2/p1p1bpp1/3p2r1/7p/3QP3/1P4P1/PBP1P1KP/R7 b - - 0 19	e7f6 d4d5 a8d5 e4d5 f6b2	1768	010p10
eYrrB	5rk1/pp3p1R/4pPp1/3nP1P1/1b1PQ3/4r3/1qB4P/2R3K1 w - - 0 26	h7g7 g8h8 e4h4	1768	0y1315191o
fcAsO	3rk2r/1pq1n1pp/p1b1Q3/2N5/8/8/PP3PPP/1B2R1K1 w k - 5 24	b1g6 h7g6 e6g6 e8f8 c5e6 f8g8 g6g7	1768	0r0s11121317191g1n1w
g7zQz	5rk1/Q4ppp/1p6/1Pp2bq1/2B1p1n1/2NP2K1/P1P1NPP1/R1B2R2 b - - 0 15	g4e3 g3h2 g5g2	1768	0j0k1315191o
kl1Yk	2kr1r2/p2R4/1p2Q2p/2p1P1p1/8/1P6/PBq2PPP/3R2K1 b - - 0 22	c2f2 g1h1 f2f1 d1f1 f8f1	1768	060s101316191n
l421b	2q3kr/1pB1np1b/2n1p2Q/p2p2R1/3PP1P1/P4P2/1PP3B1/2KR4 b - - 4 22	h7g6 g5g6 e7g6 h6g5 c8c7	1768	011019
mSBay	8/7p/4ppp1/Nk1n4/1P2K3/P1rR3P/6P1/8 b - - 2 32	f6f5 e4d4 e6e5 d4d5 c3d3	1768	0g0i0p10
ml7Kb	r4rk1/1bq2pbp/p2p2p1/3Np3/P3nP2/1B6/1PP1Q1PP/R1B2RK1 b - - 1 18	b7d5 b3d5 c7c5 c1e3 c5d5	1768	0g0s1019
nwHAt	r2qrnk1/pp3pp1/2p3b1/3pB3/3P2P1/2P2P2/PP1Q2K1/4R2R w - - 2 26	h1h8 g8h8 d2h6 h8g8 h6g7	1768	050y101316191g1n
oox8W	rn1qkb1r/pp3ppp/3pb3/2p5/2P1n3/1P3P2/PB2P1PP/RN1QKBNR b KQkq - 0 7	d8h4 g2g3 e4g3 h2g3 h4h1	1768	01101c1t
p2Q8X	2r1kr2/p7/3p4/8/5R2/2p3P1/1P3P2/2K4R w - - 2 32	f4f8 e8f8 h1h8 f8e7 h8c8	1768	050g0p0r101m1p
pm7Pi	r6r/6k1/3qppp1/8/2PP3P/p2NPP1K/6Q1/R5R1 b - - 5 35	h8h4 h3h4 a8h8 h4g4 f6f5 g4g5 h8h5	1768	051317191n1w
q1nVw	2r3k1/4br1p/1p1p2p1/p1pBp2b/7P/P3P1B1/1PP5/2K2R2 w - - 0 28	f1f7 c8f8 f7e7	1768	0g0j0k0y191o
qrp0F	5rk1/p4ppp/1p1qR3/3P4/5RPP/3n1Q2/PP3P2/7K b - - 2 32	d6f4 f3f4 d3f4	1768	010p1o
ruHmL	4rrk1/pQ3pp1/1p1P3p/8/8/2N3q1/PPP1R1B1/1K6 b - - 0 29	g3e1 e2e1 e8e1 c3d1 e1d1	1768	06101316191n1y
sQ2Me	4r2r/pp1n1k1p/6p1/2p3B1/3pRp2/8/PPP3PP/4R1K1 w - - 0 22	e4e7 e8e7 e1e7 f7f8 e7d7	1768	0e0g0p0s10
sWaKV	4r1k1/1p3pp1/8/8/P2Q1Pn1/6R1/1P2q1PP/R6K b - - 0 25	e2e1 a1e1 e8e1 d4g1 g4f2	1768	0p1013161g1n1q
uAuTL	2k3r1/1pp5/1b2p3/pP1pP1q1/5P2/P1RQ3p/4R2B/7K b - - 0 35	g5g2 e2g2 h3g2	1768	001315191n1o
yqyB4	3Q2nk/p7/1p3r1p/3Np2q/1PP1Ppp1/PB3b1P/1B3P1K/8 w - - 0 35	d8g8 h8g8 d5f6 g8f8 f6h5	1768	050g0r0s1019
zMI0k	r1q1k3/2pb1pp1/p2p4/1p1Pp1br/1P2P1p1/PBN1Q1P1/2P2PK1/R6R w q - 4 20	h1h5 g5e3 h5h8 e8e7 h8c8 a8c8 f2e3	1768	01191n1p1w
zb66X	1rb1k2r/2p2pp1/p1pq3p/1pb1N2Q/4P3/3P4/PPP2PPP/R1B2RK1 b k - 2 13	g7g6 e5g6 f7g6	1768	01191o
1YHs0	b4k2/p3n3/Pp4pp/1B6/1B6/6P1/q6P/2R1K3 w - - 4 40	c1c8 f8f7 b5c4 a2c4 c8c4	1769	010p0r0s101g
1i7hE	3R4/6pk/pp4rp/1q6/4Q3/2R1KP2/3B1P1P/6r1 b - - 7 44	b5g5 e3e2 g5d8	1769	010s191o
2dx8Y	rn2k2r/pp3ppp/1q6/2bpN3/4nP2/2N5/PPP1Q1PP/R1B2R1K b kq - 2 12	e4g3 h2g3 b6h6 e2h5 h6h5	1769	0y1013161c1n
2qZUD	4r3/p3PR2/1p6/3b4/8/8/PP2kN1P/R5K1 b - - 0 34	e8g8 f7g7 g8g7 f2g4 g7g4	1769	0p1013161f
4ZJZw	1Q6/5ppk/5n1p/4P3/8/q1p3PP/5PBK/8 b - - 0 28	c3c2 e5f6 c2c1q f6g7 h7g7	1769	000g0p101h
5Gx0U	r1bq1rk1/2p2p2/p1np3p/1pb1pN2/4P1p1/PB1P2n1/1PP2PPP/RN1Q1RK1 w - - 0 14	d1g4 d8g5 f5h6 g8h7 g4g5	1769	0g0s10191g
67D5r	r2qk2r/ppp2ppp/5nn1/3P4/1bp5/2N2BB1/PP3PPP/R2QK2R w KQkq - 1 12	d1a4 d8d7 a4b4 d7e7 b4e7	1769	0g0s101c
82LTg	rn2k2r/ppp1q1pp/3bQn2/3p4/3P4/2NB1b1P/PPP3P1/R1B1R1K1 w kq - 0 12	e6c8 e8f7 e1e7	1769	0g0j1c1g1o
8OSVU	8/5B2/1b6/1np5/4NB1P/p5P1/2k5/6K1 b - - 0 47	c5c4 g1h2 a3a2 f7c4 a2a1q	1769	00010j0k0p101h
8XnIB	1k1r1r2/p5Q1/1pb5/3p1p2/6p1/5P2/q3B1PP/4RK1R w - - 0 27	e1a1 a2a1 g7a1	1769	01191o
8b7G3	r5r1/1b1q1kBQ/p3p3/1p6/3p2Pn/P1PB3P/5P2/2R1R1K1 b - - 0 28	h4f3 g1f1 g8g7	1769	0g0s0w191o
91voo	rn1qk2r/ppp1bppp/4pn2/6Bb/3P4/2NQ1N1P/PPP3P1/R3KB1R w KQkq - 2 9	g5f6 e7f6 d3b5 c7c6 b5h5	1769	010s101c
A5NF2	r4rk1/1pp3pp/1b1pb3/pP2pp2/P1P1Pq2/1B1P3P/3N1PP1/R2Q1RK1 w - - 0 17	c4c5 e6b3 d1b3 g8h8 c5b6	1769	0g1019
B68c7	rn1q1rk1/pp3pp1/2pb1n1p/3p1Q2/3P1B2/2P2N1P/PP3PP1/RN2R1K1 b - - 1 14	g7g6 f5c2 d6f4	1769	011c1o
BXXXi	r2q1rk1/pppb2pp/2n5/4bp2/4Q3/2NB1N2/PP3PPP/2KR3R w - - 0 15	e4d5 g8h8 f3e5	1769	0g0y191o
DVHH3	r1b1r1k1/1p2P1pp/p1nB3q/P7/2n5/2N5/1PP3PP/R2Q1RK1 w - - 0 23	f1f8 e8f8 e7f8q	1769	000y13151c1h1o
DW2o2	4r1k1/5pp1/2qp3p/1p1Nr1nP/4P3/P4P2/1P2R1P1/2QR2K1 b - - 3 26	c6c1 d1c1 e5d5	1769	01191o
EkVgp	4r3/8/pB2r3/P2p4/1Pp3k1/2P2ppN/6P1/3R1K2 w - - 0 40	d1d4 e6e4 g2f3 g4f3 h3g5 f3f4 g5e4	1769	050g0p0s1w
FLYG5	r3r2k/p2QP1pp/2p3b1/1p6/2n5/1B2q3/PPP3PP/3R1R1K w - - 5 30	d7e8 a8e8 f1f8 e8f8 e7f8q	1769	000y101316191h1n
FQQQy	Nn3rk1/pp4pp/3b4/6P1/1n2p2P/PP2P3/1KbP2BR/R1B3N1 b - - 0 21	d6e5 d2d4 e4d3	1769	0j0k0o0s1315191o
Fdxx2	3k1b1r/p1p3p1/4p3/5B2/6n1/6Pq/PPPPQ2P/R1B1R1K1 b - - 1 23	f8c5 d2d4 c5d4 c1e3 d4e3 e2e3 h3h2	1769	0g0y191w
IFjuE	2bqkb1r/p4ppp/8/1pNpn3/3p4/3P2P1/PPP1NP1P/R1BQK2R b KQk - 0 11	e5f3 e1f1 c8h3	1769	13151c1o
Ll4Ls	8/7k/4Q2p/4P1p1/3B2K1/pr6/5rPP/8 b - - 3 41	f2f4 g4h5 f4h4	1769	0p0s13151o
NfYv9	4R3/pp3k2/2p4Q/3p1b2/3P4/PK6/2rr4/5R2 b - - 4 50	c2b2 b3a4 d2d4 a4a5 b2b5	1769	0p101316
PgT9N	6k1/5p1p/p4qp1/8/2RQ4/KPN5/P1r2r2/6R1 b - - 1 32	f6d4 c4d4 c2c3	1769	0b0g191o
PpvCz	8/p6p/6p1/6k1/2r1qN2/4P1PQ/P4P1P/6K1 w - - 9 33	h3h4 g5f5 g3g4 f5e5 h4e7	1769	0p10111316
QjqvI	4k3/8/4p2B/4P3/pK3P2/PR6/8/4r3 b - - 0 63	e1e4 b4c3 e4e3	1769	0g0p1o
RDOLN	8/8/7p/6PP/4p2K/8/5k2/8 w - - 0 60	g5g6 e4e3 g6g7 e3e2 g7g8q e2e1q g8g3 f2f1 g3e1 f1e1 h4g4	1769	000g0h0p1e1h1w
RmXqC	6k1/4b1p1/p3pp2/1p2p1pQ/3q2P1/1Pn2r2/PKP5/2R5 w - - 8 39	h5e8 e7f8 e8e6 g8h7 c1h1 f3h3 h1h3 h7g6 e6e8	1769	0p0s13181w
Rmc7V	5r1k/1b6/p2p3r/B2Pp1p1/2p1P3/P1R3Pq/1P2Q2R/6K1 b - - 5 44	f8f1 e2f1 h3h2	1769	0i0y1315191o
TttEZ	8/7p/6pk/PQ3p2/3bq3/7P/8/1R3K2 b - - 4 52	e4f3 f1e1 d4c3	1769	070p13151o
VPJsZ	rn1qk1nr/ppp3pp/3b4/8/2B3b1/5N2/PPPP2PP/RNBQK2R b KQkq - 1 7	g4f3 d1f3 d8h4 e1d1 h4c4	1769	010s101c
XLlrc	5rk1/pQ3ppp/2p2q2/8/2B1p3/P1P1BnPN/2P2PKP/3r3R b - - 1 22	f3h4 g3h4 f6f3	1769	0d1315191n1o
Zs0Mw	r3r3/6p1/p4nkp/3P4/2p5/qPN2Q1P/P3b1P1/2B1R2K w - - 0 32	f3g3 g6h7 c1a3	1769	0g191o
aP8G1	rb1q1rk1/1p3ppp/pn6/4p3/4B3/PP2B1Pb/2P1PP1P/R2Q1RK1 w - - 1 17	d1d8 f8d8 e3b6	1769	010b1c1o
dHIko	r4r1k/pp2R1pp/4Q3/3N4/1P4n1/5q1P/P6K/5R2 w - - 1 27	e6g4 f3g4 f1f8 a8f8 h3g4	1769	010i0w1019
dj8fV	5rk1/4q2n/p6Q/1p2pr2/3p4/P2P4/1PP3PP/R4RK1 w - - 0 23	f1f5 f8f5 h6g6 g8h8 g6f5	1769	050g0r0s1019
dnQyE	1r4k1/RP1b2pp/2p1p1r1/1P1p4/2PPp3/4P1Pq/4BP2/3Q1RK1 b - - 0 22	g6h6 e2h5 h6h5 d1h5 h3h5	1769	0g10191l
dnjEe	3k4/p1R3Rp/1p6/8/5P2/6K1/PPPr2PP/6r1 b - - 0 30	d2g2 g3h3 g2g7	1769	0g0p1m1o1p
eZbDV	3r2k1/4npp1/3Q1n1p/1P6/4p3/1B5P/1B3PP1/rN2K2R b K - 0 26	a1b1 d6d1 d8d1 b3d1 b1b2	1769	0g0s0t1019
eeZGj	r3k2r/pp1qbpp1/2pp3p/4N2b/2P1P3/PB1P3P/1P3P1K/R1BQ1R2 b kq - 0 17	h5d1 e5d7 d1b3	1769	01191o
fgfAH	r2r3k/1q5p/p7/1p1b2Q1/8/PP6/1P3PPP/2R1R1K1 w - - 3 29	e1e7 b7e7 g5e7	1769	0g191o
ftZih	r4rk1/ppp2ppp/1bqpbn2/8/4P3/2NBBQ1P/PPP2PP1/R4RK1 w - - 3 12	d3b5 c6b5 c3b5	1769	0g191o1t
gP9yA	3r2k1/pp2q1p1/4r2p/5b2/5P2/1Q1N3P/PP4P1/2R1R1K1 b - - 0 28	d8d3 e1e6 e7e6	1769	01191o
hlWyv	r4rk1/pb2qpb1/1p1p2p1/2pP2Np/4P1nP/2NBBQ2/PP4P1/R4RK1 b - - 1 17	g4e3 f3e3 g7d4	1769	01191g1o
jK8FW	6nr/pk3ppp/N1p5/QpP5/8/2N2P2/P2P2PK/4q3 w - - 2 34	a5c7 b7a6 c7c6 a6a5 c6b5	1769	0i0p1013161n
kdj88	8/7p/3Pk1P1/5b2/1B3R1K/P1Pr4/8/8 b - - 0 46	d3h3 h4g5 h7h6	1769	0p13151o
mEwON	5b1r/p4k1p/4pq2/8/3n4/2Q5/PP3PPP/1R2K1NR b K - 2 18	f8b4 c3b4 d4c2 e1f1 c2b4	1769	050g0s10191g1n
n2NRr	8/8/1Pk3p1/3b1p1p/2pK1B1P/6P1/8/8 w - - 4 61	b6b7 c6b7 d4d5	1769	00080g0i0p1o
nyLNE	r1bq1r2/ppp1npp1/2n3k1/2bpP1N1/6Q1/2p5/P4PPP/RNB2RK1 w - d6 0 13	g5e6 g6h7 g4g7	1769	0j0k13151c1o
oleJr	1k4r1/1p6/pP1b4/2P2R2/3P4/6rP/2N2R1K/8 b - - 0 35	g3g2 h2h1 g2g1	1769	0k0m0p13151f1o
p22Uq	8/p1p4p/1p3k2/2N4B/6P1/8/P1n2PKP/3r4 w - - 0 30	g4g5 f6g5 h5d1	1769	010j0p1o
rU7MU	8/4rrk1/1q1p1p2/5RpP/P1Q1P1P1/3P3P/6K1/2R5 b - - 3 33	e7c7 c4b5 b6b5 a4b5 c7c1	1769	010p10
sXk00	r1bqk2r/ppp3pp/5n2/3PnpB1/Q3P3/2NP4/PP3KPP/R4B1R b kq - 1 11	c8d7 a4d4 f6g4 f2g1 d8g5	1769	0g0h0j1019
spaxL	8/p6p/1p2p1pk/1P3P2/P3PP1P/1P6/3K4/8 b - - 0 32	g6f5 d2d3 h6h5	1769	0g0p1e1o
tuSOz	r3Q3/pkr1bppp/1p2p3/P3P1q1/3p4/2P5/5PPP/2RR2K1 w - - 7 28	a5a6 b7a6 e8a8	1769	010i191o
vTRt1	8/8/P1k5/P3pbp1/2B5/3p4/5K2/8 w - - 0 38	c4d5 c6d5 a6a7 f5d7 a7a8q	1769	00080g0p101h1n
wXi7o	r4rk1/ppqn1ppp/4pnb1/8/Q1B5/2B1PN2/PP3PPP/R4RK1 b - - 3 14	d7b6 a4a5 c7c4	1769	01191o
xhKc1	2kr1bnr/ppp1pQpp/8/5q2/2Bn4/3P3P/PPP2PP1/R1B2RK1 w - - 1 12	f7f5 d4f5 c4e6 c8b8 e6f5	1769	010s101c
zidZE	6r1/3qp2k/p2p3p/Pp1PnP1P/1Pr2p2/2P4B/6QK/2R1R3 w - - 5 35	g2g6 g8g6 f5g6 h7g8 h3d7	1769	0e0g10191n
1rcof	1r6/2R5/RP3pkp/P7/6PP/6K1/4q3/5q2 w - - 0 50	h4h5 g6g5 c7g7	1770	0p13151o
2Lh24	2r4b/2q1p2k/p3pr2/1p1p3P/3B2Q1/8/PPP5/2K3RR w - - 5 27	g4g6 f6g6 h5g6 h7g8 h1h8	1770	0k0m0r101316191d1n
3fwsN	2k4r/1p1p1ppp/2n5/pR2P3/2q1P3/8/2PKQPPP/7R b - - 1 20	c4e2 d2e2 c6d4 e2d3 d4b5	1770	01050p0s10
4nN8i	8/ppp5/7p/PPP4k/6p1/3K4/8/8 w - - 0 37	b5b6 a7b6 c5c6 b7c6 a5a6	1770	0g0p101e1n
5GGC6	6k1/r2q1p1p/1Rb1pbp1/2Pp4/3P1P2/PQ2P3/3B2PP/6K1 w - - 4 25	b6c6 d7c6 b3b8 g8g7 b8a7	1770	010d0s10191n
6o0I6	r5k1/2R4p/6p1/1Bpn1p2/8/4rN1P/1PP3P1/1K6 w - - 5 40	b5c4 a8d8 c7c5	1770	010p1g1o
7gNTb	r2qr1k1/4bppp/p2B4/1ppQ1P2/8/8/PPP2PPP/3RR1K1 b - - 0 18	d8d6 d5d6 e7d6 e1e8 a8e8	1770	011019
8AAFy	1r6/3b1pkp/1p1p2p1/4p3/p1rN1R2/8/P1B2PPP/R5K1 w - - 0 26	d4f5 d7f5 f4c4	1770	010j191o
8Kzaz	3r1q1k/pb5p/1p4p1/3Nb3/P1B1P3/8/1P1Q2PP/5RK1 b - - 2 22	f8c5 g1h1 c5c4	1770	0g0s191o
8LEje	2rq2k1/1p2b1pp/p3p1P1/3pN3/2nPnr2/2PQ1N2/PP3P2/R3K2R w KQ - 0 18	g6h7 g8h8 e5g6	1770	000y1315191o
8TgSV	8/1R6/4k1p1/1p2r2p/5Kp1/P4P1P/8/8 w - - 0 43	b7b6 e6f7 f4e5	1770	0g0i0p1m1o
8dBtk	2k5/ppq2p2/2p1N1p1/6p1/3PQ1P1/2P4r/PP5b/4RR1K b - - 0 26	h2g1 h1g1 c7h2	1770	050j0k0y1315191n1o
8szH0	5rk1/2p2p1p/3p1Qp1/p2B1b2/2P5/8/q5PP/4R1K1 w - - 2 28	d5f7 f8f7 e1e8 f7f8 f6f8	1770	0p1013161n
9sDg1	4rrk1/ppQ2ppp/8/8/7b/2Nq4/PP4PP/R1B2RK1 b - - 0 17	d3f1 g1f1 e8e1	1770	050y1315191d1n1o
A5s2I	rn1qk1nr/1b3ppp/p3p3/1P6/1bB5/2N1PP2/1P1B2PP/R2QK1NR b KQkq - 0 12	d8h4 g2g3 h4c4	1770	010s1c1o
BEM8z	r3rknb/1p2pp1p/2qpb2P/8/p2BP3/P1N2P2/1PP5/2KR1BR1 w - - 0 20	d4g7 h8g7 h6g7	1770	000e1315191o
Bk8Yi	r1bq1rk1/pp3p1p/2np1bpB/2p2p2/2P1P3/2NP4/PP2B2P/R2QK1NR b KQ - 1 11	f6c3 b2c3 d8h4 e1f1 h4h6	1770	0d0g0r0s101c
C8Q0l	r1bq1k1r/4b2p/p2p1p2/nppP3Q/3N4/8/PPP2PPP/RN2R1K1 w - - 2 15	d4e6 c8e6 d5e6 d8e8 h5h6 f8g8 e1e3 e8g6 e3g3	1770	0g0r0s191g1l1w
F7eRy	4r3/4P3/5Ppp/6B1/2p3P1/1k6/6K1/5r2 w - - 0 40	g2f1 h6g5 f6f7 e8e7 f7f8q	1770	000g0p101h
F9HmR	r3k2r/pppqppbp/5p2/3P1b2/1n1P4/1QN1PN2/PP3PPP/R3KB1R b KQkq - 2 9	b4c2 e1d2 c2a1 b3b7 e8g8	1770	010c0h0s1019
H25b5	8/6k1/6P1/pp3PK1/1Pn5/8/8/8 w - - 0 51	f5f6 g7g8 g5h6 a5b4 f6f7	1770	000g0p0z10
HPggf	2Q5/1R3nkp/3p1q2/3P1Ppr/2P1Bp2/P4PpP/6P1/6K1 b - - 10 43	f6d4 g1f1 d4d1	1770	0p0y13151o
HQYVK	r1r3k1/p4ppp/1p6/8/R2nPN2/3Pq2P/6P1/3Q1R1K w - - 8 27	f4d5 e3g5 a4d4	1770	01191o
I73mm	r1bq1rk1/pp1n1ppp/2p5/3p2N1/8/2NPQ3/PPP2PPP/R3R1K1 b - - 0 14	d5d4 e3d4 d8g5	1770	010i191o
IvZ6M	r4k2/pp3pp1/2pb2p1/3P4/2nPN1P1/6qr/PPQB2B1/R3R1K1 b - - 2 21	h3h1 g1h1 g3h2	1770	050y1315191g1n1o
JZRkm	5r1k/1pp5/p1n1N1P1/3pp3/PP2Pr2/2PP4/5bP1/R4RK1 w - - 0 25	f1f2 f4f2 g6g7	1770	000g191n1o
K7c45	r4kr1/pp3p2/2p1pn1p/2P1Q3/3P1q2/5N2/PP3PPP/R3R1K1 b - - 2 19	f4f3 e5d6 f8e8	1770	01191g1o
LALfa	1kr3r1/pp2R1p1/2q1p1Pp/1n1p4/1Q1P1P2/P2N1P2/1P6/1K1R4 b - - 11 35	c6c2 b1a2 b5c3 b4c3 c8c3	1770	0g0s10191g
MF0tv	8/p2P1B2/1b5k/1P1K4/6pp/8/6P1/8 b - - 1 52	h4h3 g2h3 g4g3 d7d8r b6d8	1770	080g0p10
N02ML	4r3/2b2p2/p1k3p1/1p1RP2p/1P2K3/P5P1/1B3P1P/8 b - - 5 28	f7f5 e4d4 c7b6 d5c5 b6c5	1770	0g0p10
QFWYA	5b1r/Q4p1p/1pk2p2/2pqp3/8/3PR1P1/PPn2P1P/R5K1 w - - 5 27	a7a4 c6d6 a4c2	1770	010s191o
QXiOP	r1bqkb1r/pp3pp1/2n1pn1p/2p3B1/Q1pPP3/2N2N2/PP3PPP/R3KB1R w KQkq - 0 8	g5f6 d8f6 d4d5 e6d5 e4d5 c8d7 d5c6	1770	011c1g1w
QuMUj	1r3rk1/p4pb1/1p1p2p1/2pP4/1P3Nq1/P2PBBp1/2Q2P2/1R3R1K b - - 0 21	g4h4 f4h3 h4h3 h1g1 h3h2	1770	0r0y10131619
RcSDy	8/5rk1/8/p1r4p/1p4p1/1P1P1p1P/1PPR1KP1/5R2 b - - 1 39	f3g2 f2g2 g4h3 g2h3 f7f1	1770	00050g0j0k0p101m
Tfkki	r4rk1/1b4pp/p3p3/1p2B3/1P2P3/P2R4/6PP/3R3K w - - 2 26	d3d7 f8f7 d7f7 g8f7 d1d7 f7e8 d7b7	1770	050g0p0s1w
Uvuk2	8/5pk1/3p2p1/p3n3/2p2QN1/2P4P/Pr6/1r4BK w - - 9 40	f4h6 g7g8 g4f6	1770	0p13151o
WA8Kx	2r3k1/pQ3ppp/4bq2/3pR3/3n4/5N2/PP3PPP/5NK1 w - - 0 20	b7c8 e6c8 e5e8	1770	061315191n1o
X4hAL	4Q3/pp1r2pk/2pp2rp/5q2/1P6/P6P/4R1P1/3R2K1 w - - 10 29	d1f1 f5f1 g1f1	1770	010p1o
XNxqM	r3kbnr/1b1q1ppp/4p3/1p6/3P4/1Q2P3/5PPP/R1B1KB1R w KQkq - 0 13	f1b5 a8a1 b5d7 e8d7 b3b7	1770	050g0j10191g
XQXZ7	8/p1R4p/1p2k3/4Pp2/3P1P2/8/1R2KPrq/8 w - - 2 39	d4d5 e6d5 b2d2 d5e6 d2d6	1770	050p1013161j
Y7Scp	2k3r1/ppp2N2/2nb1n2/3p1p1p/3Pp2P/P3P1r1/1PP3BK/R1B1Q1R1 b - - 0 22	g3g2 h2h1 g2h2	1770	0k0m1315191d1o
YuBuX	1rb2rk1/1p2qpp1/pNpb3p/3pN3/3P1Pn1/1Q1BP3/1P4PP/2R2RK1 w - - 8 21	b6c8 b8c8 e5g4	1770	010b191o
ZlxPJ	r5rk/p6b/3p1PpQ/qp6/2pPP3/1B6/PPK2P2/6R1 w - - 0 31	h6h7 h8h7 g1h1	1770	050y1315191n1o
aMOlL	2k5/ppp1r3/3rP3/1P6/P4R2/R5p1/6PP/6K1 b - - 0 31	d6d1 f4f1 g3h2 g1h2 d1f1	1770	000g0p101m
bFbqn	1rq2rk1/1p3Rpp/2p2b2/p3N3/1PQ5/2P3P1/1n3PBP/4K2R w K - 1 25	f7f8 g8f8 c4f7	1770	050k0m0y1315191o
bhSMu	r6r/4R1pp/p7/1p1B4/1B3k2/PKN1q3/1P6/8 w - - 10 43	b4d6 f4f5 e7e3	1770	0g191o
bspVn	2rr4/p3b1pp/1p2kp2/3R4/2PR1P2/P7/1P2B2P/6K1 w - - 0 27	e2g4 e6f7 g4c8	1770	010p1o1p
fRghH	6k1/pb1R1r1p/6p1/8/4rP2/8/PPP3P1/2K4R w - - 2 28	d7f7 g8f7 h1h7 f7f6 h7b7	1770	050b0g0p101p
fop80	5br1/pp2pk1p/1n6/2p1P3/8/2N1Bq2/PP2NP2/3RK1R1 w - - 2 20	e5e6 f7e6 g1g8	1770	010i191o
g464h	2k2r1r/1pp4p/1pn2Q1n/4p1N1/4P3/1NP3Pq/PP3P1P/3R1RK1 b - - 2 20	h3f1 g1f1 f8f6	1770	01191o
gqOxH	6k1/5pp1/3N2b1/NP6/P2n2P1/6K1/2r2P2/1R6 b - - 4 33	c2c3 f2f3 g6b1	1770	010j0p1o
hiNBn	5q2/4RBk1/p3Q2p/1p3p2/1P1b1P2/3pp3/P5PP/4K3 b - - 0 38	d4c3 e1f1 e3e2 f1f2 e2e1q e6e1 c3e1	1770	000g0p0r1h1w
iATBu	7k/p4p1p/2Q3p1/4P3/7q/B3P3/P4P1P/1r3BK1 b - - 2 27	h4g4 c6g2 b1f1 g1f1 g4d1	1770	050p1013161g1n
jVkgz	5r1k/8/p2qR1Q1/1pRp2pP/1P1P1rP1/P4pK1/5P2/8 b - - 0 40	f4g4 g3g4 d6f4 g4h3 f4h4	1770	050k0m0p1013161n
kggGM	1rr5/3kbp1p/p1nppp2/1p1B2q1/4P3/1N6/PPP2QPP/1K1R3R w - - 4 19	d5c6 c8c6 f2a7 c6c7 a7b8	1770	0g0s101119
khJuz	2k5/R2rn3/4Q1p1/1p2p3/2p2q1P/6P1/5P1K/7R b - - 0 29	f4f2 h2h3 f2a7	1770	0g0p0s1o
lRLhd	1k3r1r/1pp4p/4R3/p2q4/3nQ2N/1P4P1/P4PP1/4R1K1 b - - 2 24	d5e6 e4e6 d4e6	1770	01191o
mxzUk	1rb2nr1/ppN2k2/2n1p1p1/q2pPpR1/5B1Q/8/2P2PPP/5RK1 w - - 2 23	g5f5 e6f5 h4f6	1770	0d1315191n1o
oC6Cn	5rk1/pp1rnppp/2n1p3/8/4N3/PB2PP2/1P1bKP1P/3R2R1 w - - 0 19	e4f6 g8h8 f6d7	1770	0g191g1o
pBB9q	rr4k1/p1Qnbpp1/2p4p/3q4/3P4/P4N2/1P3PPP/R1B2RK1 b - - 6 15	e7d6 c7d7 d6h2 f3h2 d5d7	1770	010j10191n
qYNxG	r4rk1/1bR2pp1/p3p2p/1p4q1/1P1P4/P1n1PN2/4BPPP/3Q1RK1 b - - 2 20	b7f3 e2f3 c3d1	1770	0g191g1o
qmAdu	4br2/3rRpkp/p5p1/1p6/3N4/2PB1P2/PP3KPP/8 w - - 2 30	d4e6 g7f6 e7d7	1770	010p1g1o
tcJlX	8/7P/8/8/5P2/4p1k1/5p2/5K2 b - - 0 46	g3f3 f4f5 e3e2	1770	000p1113151e1o
trUF4	r1b4k/pp1nb1pp/3qNB2/3B4/8/3P2P1/PPP4P/R2QR2K b - - 0 18	d6d5 e1e4 d7f6	1770	010t0w191o
v2bYQ	6k1/6p1/7p/5p2/3N4/Rp4P1/1r6/5K2 b - - 1 39	b2b1 f1g2 b3b2 a3b3 b1d1 b3b2 d1d4	1770	00010p1w
yaCn7	3Q4/8/5rp1/2p3kp/3p1N2/3P2PK/P7/3q4 w - - 8 49	f4e6 g5h6 d8h8	1770	020p13151g1o
ybE1D	5r1k/6pB/bqp2p2/r2p4/3p1P2/P4R2/2Q3PP/RN4K1 b - - 2 21	d4d3 c2f2 b6f2 g1f2 h8h7	1770	0g0j0k0y1019
zdJXO	1r3rk1/1R1bb1p1/p1nppn1p/q7/3NP3/2NQ4/P1P1BBPP/5RK1 w - - 1 18	d4c6 d7c6 b7e7	1770	0b0g191o
zjeFI	8/p6p/8/1p2k3/8/P1P2K1P/7P/8 b - - 1 40	e5d5 f3e2 d5c4 e2d2 c4b3	1770	0g0p10111e
1SkCC	r1k2b1r/2p1q1pp/Pp3p2/3pN3/3Pn3/2PQ4/5PPP/R1B1K2R w KQ - 0 18	d3h3 c8d8 e5c6	1771	0g191o
1wy3o	5r2/p7/1p5Q/3p1kP1/3P4/8/PPK2p2/6r1 w - - 3 35	h6f8 f5g5 f8f2	1771	0g0p0t1j1o1p
3ZV5k	2r1k3/7R/2p1p3/2Ppb3/3P1q2/6R1/PB4K1/8 w - - 1 41	g3g8 f4f8 g8f8 e8f8 d4e5	1771	0g0p0r10
4npuL	r6r/ppp2kpp/3qp3/2b5/2BnQ3/8/PPPP2PP/R1B2RK1 b - - 2 13	d4f3 g1h1 d6h2	1771	0k0m0y1315191o
5AdAB	4rrk1/1p2QNbp/1p1p2p1/q7/8/1B6/PP3PPP/R5K1 w - - 1 19	f7d6 g8h8 d6e8	1771	0g0j0k0y191o
9mT2q	6k1/p5p1/2p5/2Bpb2Q/4p3/4P2P/6q1/2RK4 b - - 1 37	g2f1 d1d2 f1d3 d2e1 e5g3	1771	070p0r101316
9wOgb	r2q1rk1/ppp1bppp/2np2b1/4p3/2B1n1PN/2NPB2P/PPP2P2/R2Q1RK1 w - - 0 11	h4g6 e4c3 g6e7 c6e7 b2c3	1771	010y101c1g
B94zi	8/8/KR4p1/p4p1p/Pr2kP1P/8/8/8 w - - 1 55	a6a5 b4d4 b6b4 d4b4 a5b4 e4f4 a4a5	1771	0g0h0p1m1w
DLGUS	6k1/2r4p/6p1/3P2P1/p3Pp2/1p3P2/PP5R/1K6 b - - 1 34	c7c1 b1c1 b3a2 c1c2 a2a1q	1771	00010i0p101h1m1n
EL3vH	2k2r2/pp4pp/2p5/8/4q3/P2QP1PP/1P2KP2/3R4 b - - 3 26	e4f3 e2d2 f8d8 d2e1 d8d3	1771	0g0p101g
EzXVN	3r1k2/p4p2/1pq5/2p3p1/4RbP1/P2P1Q2/1PP3B1/1K6 w - - 0 30	e4f4 c6f3 f4f3	1771	010p1o
F85Uz	r5k1/1b1p1p1p/p1nP1rpQ/5q2/1p2N3/8/PPP2PPP/R3R1K1 w - - 2 22	e4g5 f5g5 h6g5	1771	01191o
H4g10	3r4/pp2k1p1/6p1/1Bp1pp2/3nn3/P3RP2/1P4PP/3R2K1 b - - 0 23	d4f3 g2f3 d8d1	1771	0g0j0p0y1o
HSu2T	2r1rBk1/1p2pp2/3p2p1/p7/Pn2P1P1/1qb2P2/1P1Q3R/1K5R w - - 0 23	h2h8 c3h8 h1h8 g8h8 d2h6 h8g8 h6g7	1771	050y1317191n1w
IBZdk	r3kb1r/3p1ppp/p3pn2/q2b4/Np6/1P2QPB1/P5PP/2R1KB1R w Kkq - 1 18	g3c7 a5a4 b3a4	1771	01191o1t
IXQp3	r5r1/p4pk1/4p3/2p4q/3p1Q2/5N2/P1P1KR2/8 w - - 4 50	f2g2 g7h8 g2h2	1771	010p1g1o
Iss5z	2kr3r/1bp5/1n2pq2/2P1Npp1/8/2PBP1Pp/2Q2P1P/RR4K1 b - - 0 22	f6e5 c5b6 e5d5 g1f1 d5d3 c2d3 d8d3	1771	0111191w
J6exF	5rk1/ppr3p1/3bp3/3n1p2/3q2NQ/8/PP3PPP/R1B2RK1 w - - 0 25	g4h6 g7h6 h4d4	1771	0g0j191o
LF6VF	6rr/p1p2kp1/1p2p3/4nBQ1/q1P5/4BP2/5P1P/3R2RK b - - 0 28	h8h2 h1h2 e5f3 h2g2 f3g5	1771	01050s10191n
Mf0Ks	8/8/p7/P7/4K3/8/3k4/8 w - - 5 52	e4d4 d2e2 d4c5 e2e3 c5b6 e3d4 b6a6 d4c5 a6b7	1771	0g0p1e1w
OiMRA	rn2r1k1/ppp2Np1/5q2/5b1Q/1b3B2/8/PPP3PP/R4R1K w - - 2 16	f7h6 g7h6 h5e8	1771	010j0y191o
PN9O0	5rk1/pp5r/3p4/3Pp1q1/1PR1Q1p1/P3P1P1/6P1/5RK1 b - - 0 29	h7h1 g1h1 f8f1 h1h2 g5h6	1771	050i0p101316
PpNoa	r3k2r/1p1b2p1/3P2pn/pP1p1pq1/P4pPP/2PB2Q1/R7/1N4K1 w kq - 0 26	g3e1 e8f7 h4g5	1771	0g191o
QUZZf	r1b3k1/pp4pp/1n3q2/4p3/2P5/P2B3Q/6PP/4R2K w - - 0 26	h3h7 g8f8 e1f1	1771	01191g1o
RF1s2	r2k4/pb1p2pp/1p2B3/8/1B1Q2n1/6P1/P4p1P/5K2 b - - 0 29	b7a6 e6c4 a6c4 d4c4 g4e3 f1f2 e3c4	1771	050g0p0r0s1w
RtHMB	2k4r/ppp1b1p1/5n1p/2Pp1q2/Qn1Pp2P/2N1P1P1/PP1B1P2/R3KR2 b Q - 10 19	b4d3 e1d1 d3b2 d1c2 b2a4	1771	0g0s1019
SDVBD	8/6k1/p7/1p2p1pP/1P2P1K1/P7/8/8 b - - 1 43	g7h6 g4f5 h6h5 f5e5 g5g4 e5f4 h5h4 e4e5 g4g3	1771	0g0p1e1l1w1z
U8Bwq	8/2p5/PbK5/3P1p2/6k1/7p/B7/8 w - - 2 51	d5d6 h3h2 a2d5	1771	080d0g0h0p1o
UGEX9	1r5k/1p6/3R3p/p3N3/P2p1nq1/1Q1P2P1/1P3P1P/5K2 b - - 0 29	g4e2 f1g1 e2e1	1771	0p0s13151o
UOEGP	r3r1k1/5pbp/p3b1p1/1p1p1qB1/8/7P/PP1QNPP1/R3R1K1 w - - 0 25	e2g3 f5e5 e1e5	1771	01191o1t
UOTiQ	3r1rk1/p5pp/2pq1p2/2p1p3/1P4Q1/P2P3P/2n2PPB/R3R1K1 w - - 0 27	g4c4 f8f7 c4c2	1771	010s191o
USlcu	2r4r/1k1b1p1p/R2B2p1/8/1PB1P2b/3P1P2/K7/2R5 b - - 0 36	c8c4 d3c4 b7a6	1771	01191o
WCSL8	r1N5/ppp3k1/5n2/3P4/2P1B3/4BKb1/PP1Q2Pq/R7 b - - 0 24	h2h5 f3g3 f6e4	1771	0g0i191o
WDEkd	5R2/6pp/5pk1/p1B5/r1n2PK1/2P4P/8/8 w - - 0 34	f4f5 g6h6 f8f6 g7f6 c5f8	1771	0d0i0p1013161n
WL18u	r1b2rk1/1p3ppp/p1n2b2/q6Q/2B5/5N2/PP3PPP/R1B1R1K1 w - - 2 16	h5f7 f8f7 e1e8	1771	0y13151c1g1n1o
XGbGK	3rrbk1/p4pp1/6p1/3q4/1P1R4/P2Q2P1/5P1P/1N1R2K1 b - - 0 27	d5d4 d3d4 d8d4 d1d4 e8e1 g1g2 e1b1	1771	010s11191w
XLTtg	3rr1k1/2p2ppp/p5q1/8/3P4/1PB1PP1b/P3Q1PP/3RR1K1 b - - 2 21	e8e3 e2b2 e3c3	1771	01191g1o
Y5dNk	8/p7/5kPK/1p6/1P2p3/5r2/5R2/8 w - - 3 41	f2f3 e4f3 g6g7 f6f7 h6h7	1771	000g0h0p101m
YSpcl	8/8/6R1/2r1k1p1/1p4P1/4PK2/8/8 w - - 0 43	g6g5 e5d6 g5c5 d6c5 f3e2	1771	0g0h0p101m
YzRpE	2rR1rk1/pq3ppp/1p6/8/1P6/PQ5P/5PP1/3R2K1 w - - 5 26	d1d7 c8d8 d7b7	1771	010p1o
Z3Gvc	5kr1/p2b3R/1pp5/3p1PK1/3b4/2P5/P1P5/7R w - - 0 38	g5f4 d4g7 f5f6 g7f6 h7d7	1771	010h0p10
ZGi03	2r2r1k/1p2qp1p/p3pp2/8/4B3/2PnP1Q1/P1P2PPP/3R2K1 w - - 0 27	g3h4 f6f5 h4e7	1771	0g191o
ZmUUz	8/7p/6p1/7k/P4q1P/7K/Q7/8 w - - 2 39	a2d5 g6g5 d5g5 f4g5 h4g5	1771	0g0p101i
auVKB	Q2n2k1/p4ppp/8/8/3q4/5P1b/PP2r1PP/RN4RK b - - 2 18	h3g2 g1g2 e2e1 g2g1 e1g1	1771	101316191n
bratK	5k2/3q1pp1/4p1bp/3p4/3Q4/4P2P/4BPP1/1r3RK1 w - - 1 27	f1b1 g6b1 d4b4	1771	010p1o
dX0kr	r1b2rk1/p4pb1/2pQp1pp/8/5P2/2PB4/PP1q2PP/4RR1K w - - 4 19	e1e2 d2e2 d3e2	1771	01191o1t
fWACX	r4rk1/pp3ppp/8/2p1n2q/3p3P/1B1P4/PPPQ1P2/2KR2R1 w - - 3 18	g1g5 e5f3 g5h5	1771	01191o
flJ7c	r1bqk2r/ppp2pp1/8/3p3p/5Qn1/2P1P1P1/PP1NB1P1/R3K2R w KQkq - 0 15	e2g4 c8g4 f4g4 h5g4 h1h8 e8d7 h8d8	1771	01191p1w
fovAA	r1bq2k1/pp5p/3pp1rb/4P3/2P1P1B1/1PN1B3/P5R1/3Q1RK1 b - - 0 24	h6e3 g1h1 d8h4 g2h2 h4g4 d1g4 g6g4	1771	010i0r0t0y191w
hfzGm	r1bqr3/ppp2pkp/2n2np1/6B1/8/2PpPQ2/PP3PP1/RN2K1NR w KQ - 2 13	g5f6 d8f6 h1h7 g7h7 f3f6	1771	0g0i0s101c
hvfqf	2r5/1k6/3Q4/p1qpP2p/8/8/1pP3rP/1KR2R2 w - - 5 33	f1f7 c8c7 d6c5 b2c1q b1c1	1771	0g0p10111g
i6HJ2	r1q2rk1/3bbppp/3p1n2/pN6/2B1PB2/3P1Q1P/1PP3P1/R4RK1 b - - 0 16	d7b5 c4b5 c8c5 f1f2 c5b5	1771	010s1019
icPcg	5Q2/N4p2/1p2p1p1/p3k1r1/5q2/6NP/6PK/8 w - - 6 45	f8b8 e5d5 b8f4	1771	0g0i0p1o1p
jKutP	r3q2r/1p1k1p1p/p4n2/2bPQ1p1/2pn1p2/2N4P/PPB3P1/R1B1R2K w - - 7 19	c2f5 d4f5 e5f5	1771	0g191o
kV8Un	1k6/p7/1pQ5/3p3p/P2P4/1KP2P2/1P2q3/8 b - - 5 43	e2c4 c6c4 d5c4 b3c4 h5h4	1771	0g0h0p101i
mMJXe	8/5Qbk/6p1/3B1q1p/1B1P4/2P3P1/3n1P1P/6K1 b - - 0 32	f5b1 g1g2 b1f1	1771	0p13151o
mx20v	2rr4/p1q1k1pQ/bp2p1B1/n7/2PP4/8/P4PPP/2B3K1 w - - 1 24	h7g7 e7d6 c1f4	1771	0g191o
nuu7s	6k1/5ppp/b4q1n/1p6/4P3/1QP2P2/P1Rr2PP/4R1K1 b - - 6 23	f6b6 g1h1 b6f2 e1g1 d2c2	1771	011019
psNkL	r2qN1k1/p1pn1p2/1p5p/6p1/2P1p3/2N1n3/PP3PPP/R2Q2K1 w - - 0 20	d1d7 d8d7 e8f6 g8g7 f6d7	1771	01050s10191n
qBxoU	8/p1p2pk1/1r4p1/3Q4/P1nP4/2KNP1R1/1P2qP2/8 b - - 2 34	e2d2 c3c4 d2c2	1771	0p13151n1o
rckBt	rnb1k2r/1pqp1pp1/p3p3/P1pPb1B1/4P3/2N4P/1PP3P1/R2QKB1R b KQkq - 0 12	e5c3 b2c3 c7g3 e1e2 g3g5	1771	0d0g0r0s101c
t09ZK	r2qk2r/ppp5/5bp1/1N1n1b2/3QpB1p/8/PPP2PPP/R3KB1R w KQkq - 6 16	d4d5 d8d5 b5c7 e8f7 c7d5	1771	050b0g0i0r0s10191n
tDIUG	r1b5/pp4Q1/1kp2Q2/4p2p/2q5/5K1P/P4P2/6R1 b - - 5 26	c4d3 f3g2 d3h3	1771	0n0p13151o
uMdEb	r7/1p6/p2p4/2pPp1k1/2P5/3Kn3/PP4P1/5rBR w - - 0 31	g1e3 f1f4 g2g3	1771	010p0t1g1o
uaFne	5k2/5p2/p1p4P/1p1p2K1/1P1PB3/P1P5/8/8 b - - 0 46	d5e4 g5f4 f7f5	1771	0g0h0p1o
upWUp	r1b2rk1/pp2qppp/4pb1B/3pnP2/8/2PB2Q1/PP4P1/RN3R1K w - - 3 19	h6g7 f6g7 f5f6 e7f6 f1f6	1771	010s101c1g1n
uzyaL	3r3k/r1p3pp/p1R3q1/1p1Ppb2/4Np2/P2Q1B1P/1P3PPK/5R2 b - - 11 24	g6c6 d5c6 d8d3	1771	01191o
v6LcZ	2kr4/1pp2Rp1/p1qp3p/4r3/8/P5NP/RPPQ2P1/7K b - - 0 23	c6c4 f7g7 c4a2	1771	010s191o
vTRWK	7Q/pp2r3/6kp/2pP2p1/4n3/P4P1P/1PP3P1/4K3 b - - 1 27	e4f6 e1f2 e7e8 h8e8 f6e8	1771	010j0k0p101t
vgrHc	5r2/1pp1N1b1/r2pB2k/p3n1pp/4Pp2/1PP5/P4R2/5K1R w - - 2 36	h1h5 h6h5 f2h2	1771	051315191f1n1o
wJheK	r2qkb1r/pppb1ppp/2n5/4p3/2B2B2/2P2Q2/PPP1NPPP/R3K2R w KQkq - 0 9	c4f7 e8f7 f4g5 f7e8 g5d8	1771	040g0j0k10191n
yNMsy	8/p4R1p/6pk/2p1r2r/4PR2/5P2/q1P1Q1KP/8 b - - 0 36	e5g5 f4g4 a2f7	1771	0g0i0p1o
yNu4v	r3k1nr/ppp1b1pp/4Q3/8/4P3/8/P2B1PPP/qN3RK1 w kq - 0 15	d2c3 a1c3 b1c3	1771	0g191o1t
zurMc	7r/p1k1q3/2P1p3/3p1p2/P1nP3r/2N3P1/4Q2P/5RK1 w - - 0 31	c3d5 c7d6 d5e7	1771	0g191o
18rGv	r1b1k1nr/pppp1p1p/2n4b/3N4/2BqP3/3PpQ2/PPP3PP/R4RK1 w kq - 0 11	f3f7 e8d8 f7f8 h6f8 f1f8	1772	04101316191n
1sUgD	rn4k1/pb3r1p/1p6/1N3p2/2B2q2/8/PP3bPP/R2Q1RK1 w - - 0 18	f1f2 f4c4 b5d6	1772	0111191g1o
4FsQ3	5rk1/1b1p1rpp/p2PpR1B/1pp5/3n2QN/3P4/P3q1PP/5RK1 w - - 3 21	g4g7 f7g7 f6f8	1772	0i0y1315191n1o
4nIIV	1R6/5Qpk/6rp/8/8/7P/2q2PP1/6K1 b - - 5 41	c2d1 g1h2 d1d6	1772	010p1o
56uT3	r1bqk2r/ppppn1pp/2n5/6N1/2Bbp3/8/PP3PPP/RNBQ1RK1 w kq - 0 9	g5f7 d7d5 f7d8	1772	0g0s1c1o1t
6DHex	1r3rk1/1p3ppp/4pn2/q2p4/bb6/P1N1PN2/1P3PPP/2RQKB1R w K - 1 15	a3b4 a4d1 b4a5	1772	01191o
6LcRm	r3k2r/ppp1bppp/2n5/3Qp3/1P2N3/2P1Bq1P/P4P1P/R3K2R w KQkq - 1 16	e4d6 e7d6 d5f3	1772	0g0j191o
8TWzj	8/4N3/3P4/8/1PK2p2/6k1/r7/8 w - - 0 52	d6d7 a2a8 e7c8 f4f3 d7d8q	1772	000g0p101h1l
8tw4f	3r1r2/p1p1k1pp/1p2p1q1/4nB2/3P4/5Q2/PPP2PPP/3R2K1 w - - 0 17	f3a3 e7f7 f5g6	1772	01191o
9HLP0	5b1r/1pk3pp/p1b4q/2P1p3/8/1Q2P1P1/P6P/3R2K1 w - - 0 29	b3b6 c7c8 d1d8	1772	0p0x13151o
9IEQM	2r3k1/2Rb1ppp/p1r1p3/1p1p4/1P3P2/5P2/P3B2P/2R3K1 w - - 4 27	c1c6 c8c7 c6c7	1772	0g0p1o
AYjIZ	5rr1/1p3pkn/p1p1b2p/3pP1pR/3P3P/3B1R2/PPPB2PK/8 b - - 0 37	e6g4 h5h6 g7h6	1772	010s191o1t
AyCxD	5r1k/pp3rp1/7p/4R3/1P1P1Pq1/PQ2P3/5K1P/6R1 b - - 4 30	f7f4 e3f4 f8f4 f2e1 g4g1	1772	0g0i0p101n
BOGRP	8/5kpp/4p3/5p2/1B1p1P2/p2P2P1/P1r4P/1R5K b - - 0 32	c2b2 b1c1 b2b4	1772	010p0v1o
DLG43	6r1/ppp1q1pk/3p1rRp/7Q/4Pp1R/2PP3P/2P2P1K/8 w - - 7 31	h5h6 g7h6 h4h6	1772	090p13151n1o
Fn3hR	r1b1r1k1/pp3pbp/2n3p1/1N1p4/7q/1B2BP2/PPPQ2PP/2KR3R b - - 3 14	e8e3 d2e3 g7h6 e3h6 h4h6	1772	0110191g1n
FnpfV	8/p2qp1k1/1p1p1rr1/3P1pR1/1PP2P2/2Q4B/P4P2/7K w - - 0 29	h3f5 g6g5 f5d7	1772	010p0s1g1o
Fuvzz	1r5r/pQNnkpp1/2pqR2p/8/2B5/8/PPP2PPP/2K4R b - - 0 21	f7e6 b7a7 d6f4	1772	01191o
HPJGx	1r3r1k/b3q1p1/p2Pn2p/8/2P5/NP4P1/PB2Q1KP/3R1R2 b - - 0 29	e6f4 g3f4 e7e2	1772	0g0j191o
HacZ2	Qnk2b2/1pp2pp1/5n2/7r/8/2N1BqPp/PPP2P1P/3R2K1 w - - 1 21	a8b8 c8b8 d1d8	1772	051315191f1k1n1o
KaGoC	r1bqk2r/p3bppp/1p2p3/3pPn2/3n1B2/3B1N2/PP3PPP/RN1Q1RK1 w kq - 0 11	f3d4 f5d4 d1a4 c8d7 a4d4 e7c5 d4c3	1772	010s1c1w
OAVDP	r4rk1/pp1qbppp/2pp1B2/4p3/2P1P3/PPN2N1b/2PQ1PP1/R3R1K1 b - - 0 14	d7g4 f3h4 e7f6	1772	010w191g1o
PVrWR	r7/1p2br2/p1k5/3q4/2p2BQ1/8/PPP2PPP/4R1K1 w - - 5 26	e1e6 c6b5 e6e5	1772	01191g1o
QQBUC	4k3/1pQ3pp/2b1B3/1p1pP3/1P3P2/4p1P1/4P1KP/2q5 b - - 2 31	d5d4 g2h3 c6g2 h3g2 c1c7	1772	0g0j0k0p101112
QTNVB	r4Nk1/7p/p4pp1/3b3q/P7/1PP3P1/4RP1P/2Q1R1K1 b - - 0 28	h5f3 e2e4 d5e4 e1e4 f3e4	1772	011019
SMC7b	4k3/pbr1bp1p/1p6/3pBBr1/5n2/1P6/P4PPP/R3R1K1 w - - 0 23	e5f4 g5f5 f4c7	1772	010s0t191o
TjTrT	7r/pp5r/2P1p1kq/1P1p1pn1/3P1Q2/4P1P1/P4PB1/2R1R1K1 b - - 4 31	h6h1 g2h1 h7h1 g1g2 h8h2	1772	090y101316191n
U8k2T	8/1pp5/1pn1k2p/3pp1p1/1P2P3/2Pq4/r2B1Q2/5RK1 w - - 0 25	f2f7 e6d6 f1f6	1772	0p13151o
X2Tl0	1r4k1/5pN1/p4Pnp/1pbp2q1/2r5/P1PQ2PB/1P4KP/4RR2 b - - 0 27	g6f4 f1f4 c4f4	1772	01191g1o
ae6vR	r1b2kr1/2p3q1/p4n1Q/1p1p1p2/3P1N2/2P5/PP3PPP/4RRK1 w - - 9 26	f4g6 f8f7 e1e7	1772	1315191o
c0mKh	8/7p/3k2p1/pp6/2pB4/2P1N3/PP3r1P/2K5 w - - 2 40	e3c4 b5c4 d4f2	1772	0g0j0p1o
c49iO	8/5pp1/3p3p/4p2P/2P1PqPk/5P2/3Q2K1/8 w - - 15 53	d2f4 e5f4 e4e5 h4g5 e5d6	1772	0g0p101i
cOMFj	r3kb1r/ppp2ppp/2n1pn2/1B1N3b/8/P3BP2/1PP4P/2KRq1NR w kq - 0 13	d5c7 e8e7 e3c5	1772	0s1315191a1o
dBJtX	1brq1r2/1b4p1/p1n3k1/2pn1pN1/6QP/PP2P3/1B3PP1/1R2R1K1 w - - 0 20	h4h5 g6h6 g5f7 f8f7 g4g6	1772	0d101316191n
dZ8G5	8/n1k4p/8/1PP2K2/8/8/8/8 w - - 5 59	b5b6 c7b7 b6a7 b7a7 f5e6 a7b7 e6d7 h7h6 c5c6	1772	000g0p0s0z1w
dpk5W	r7/4kpb1/5p2/4pPPp/3p3P/1q1P4/1PQ5/1K1R2R1 b - - 1 30	a8a1 b1a1 b3c2	1772	010i0p1k1o
e4FQ6	8/6k1/2p1q3/2Q3K1/8/3P2N1/1PP4r/8 b - - 1 42	e6f6 g5g4 h2h4	1772	0p0x13151o
eeC8T	5r1k/pp1n3p/1q4p1/8/2B2QP1/8/PP3b1B/R4K2 w - - 0 29	f4f8 d7f8 h2e5 b6f6 e5f6	1772	0d0l101316191n
gay8O	5rk1/1p4p1/6Pp/3pQb1P/3P4/2r1p3/P1P2p2/2R2R1K b - - 5 33	f5e4 h1h2 e3e2 e5e6 g8h8	1772	000g0p10
jruXw	r5k1/2QR4/p3p1p1/1p2p3/4P2p/5r1P/PPP2qPK/R7 b - - 3 25	f3h3 h2h3 f2g3	1772	050p13151g1n1o
kMaWC	r2q1rk1/2p3p1/1bnp1n1p/1p1p4/p3P2B/P4N2/1P3PPP/RN1Q1RK1 w - - 0 16	h4f6 d8f6 d1d5 g8h7 d5c6	1772	010b0s1019
kOiPh	6k1/p4p1p/6p1/3rPp2/1r1PnP2/6P1/R4B1P/3R2K1 b - - 4 31	e4c3 a2a1 c3d1	1772	010p0s1o
lf8lo	5n2/3q1rpk/3P3p/2R5/2Q2P2/4P2P/6PK/8 w - - 3 41	c5c7 d7e6 c4e6 f8e6 c7f7	1772	0b0g0p10
mLe0g	1k6/p4R1R/1pK5/8/3rP3/3r1P2/P4P1P/8 b - - 0 33	d3c3 c6b5 c3c5 b5a6 c5a5	1772	0p1013161m
mLoCe	5b1r/nkpR1ppp/1p6/1N2p3/4P3/8/PPP2PPP/6K1 w - - 0 18	d7c7 b7a6 b5a7	1772	010p1o
nk0e9	r4rk1/p1q1ppb1/1p1pN1p1/8/8/1P1nP2R/1BP2PP1/1K5R w - - 0 24	h3h8 g7h8 h1h8	1772	0y1315191d1n1o
o1vbh	5k2/8/8/8/1P3P1p/6N1/3rRKn1/8 b - - 3 50	h4g3 f2g2 d2e2	1772	0g0p1o
ooAYF	6k1/2p2pp1/5q1p/p1PBQP2/1r4P1/1P3P2/P6P/4b2K w - - 0 28	e5e8 g8h7 d5f7 f6f7 e8f7	1772	0g0i0p0s10
oyPAF	1rbq1r2/p1p1b1kp/1p1p1p2/n2Q3B/3PP2N/7P/PP3PP1/RN3RK1 b - - 7 17	c7c6 d5f5 c8f5	1772	0g1c1o1t
pf7zV	7R/2k2b2/8/3Pp1Q1/8/1p2KPN1/1q4P1/8 b - - 1 41	b2c1 e3f2 c1g5	1772	0g0p1o1p
r9ceU	4r1r1/p3Nbbk/8/2p4P/5pQ1/P1q5/2P2PP1/1R2R1K1 w - - 1 31	g4f5 h7h8 f5f7	1772	0g0s191o
rISzV	7k/p2b3p/1p1qp2r/3n4/3P3r/P1R1Q1N1/1P3PP1/2R3K1 w - - 3 29	c3c8 d7c8 c1c8 h8g7 e3g5 h6g6 g5h4	1772	010i191n1w
rKFR1	4r3/R4p1p/p3p1pk/1b1pQ1R1/3P1P2/3q1P2/P1r2P1P/7K w - - 18 34	g5h5 g6h5 e5g5	1772	0d1315191n1o
uIJyC	rn3k1r/ppN2p1p/2p3p1/3p4/5P2/2N4Q/PPP2qPP/4R2K w - - 3 17	h3h6 f8g8 e1e8	1772	1315191o
uNoyH	r4rk1/pp3p1p/2n1b1p1/8/1Q2BPP1/4B2P/1P6/2KR2Nq w - - 2 19	b4f8 a8f8 e4h1	1772	01191o
ujzLe	kr6/ppQ3R1/2p5/2Pp3p/5r1q/7P/PP2R1K1/8 w - - 17 41	c7b8 a8b8 e2e8 h4d8 e8d8	1772	050p1013161n
vSgJY	2r1r1k1/1p3ppp/p7/3q4/P1PN4/8/2Q2PPP/2R3K1 w - - 0 26	c4d5 c8c2 d4c2	1772	0g0p1o
viKY5	r3k2r/ppp2pp1/4B2p/4P3/3q4/5Q2/P2N1PPP/R3K2R b KQkq - 0 14	d4a1 e1e2 a1e5	1772	0g0t191o
vyMhF	8/5ppp/p2k1b2/3bp3/PPn2P2/2NK4/4N1PP/2B5 w - - 0 33	c3d5 d6d5 e2c3 d5c6 d3c4	1772	050g0i0p10
0KYr1	8/4pp2/1p4p1/1k6/4K1P1/4P2P/8/8 w - - 0 43	h3h4 b5c4 h4h5	1773	0g0p1e1l1o
0mTuM	2rq3r/pB3pk1/4p1p1/2b1P3/5P2/2N5/PP2Q1PP/R4R1K b - - 0 22	h8h2 h1h2 d8h4	1773	050y1315191n1o
1AGtH	1r4k1/3qbppp/2r5/3Q1P2/p5PP/P1B5/1P6/1K1R3R b - - 0 27	d7d5 d1d5 c6c3	1773	0g191g1o
1kS5z	r4r1k/p4pp1/2pp3p/q4NbP/1pQpP3/6N1/PPP2nP1/1K1R3R w - - 0 22	c4d4 a5e5 d4f2	1773	0111191o
2LaX0	r2qr1k1/ppp3pn/3p3p/2b5/3n4/4NN1P/PPQ2PP1/R1B1K2R w KQ - 0 16	f3d4 c5d4 c2c4 d6d5 c4d4	1773	010s101c
4iUXK	r1b1kb1r/pp3ppp/4p3/3pq3/6n1/3BB3/PPQ2PPP/RN3RK1 w kq - 4 12	c2a4 c8d7 a4g4	1773	010s1c1o
5Qs8K	3r1rk1/1p4p1/p4p2/3bp1pP/6P1/8/PPP1BP2/1K1RR3 w - - 0 24	d1d5 d8d5 e2c4 f8d8 e1d1	1773	0g0p101g1n
6x4mZ	2k5/5R1R/p7/1pp5/4P1n1/P2r3p/8/6K1 b - - 3 40	d3d1 f7f1 h3h2 g1g2 g4e3	1773	000g0p0r0s10
8Xh8g	3r2k1/1p2b1pp/pB3n2/4p3/4P3/1pN5/P3NPPP/3R2K1 b - - 0 20	d8d1 c3d1 b3a2	1773	000g191o
9U1Gh	8/6P1/p3b3/1p6/1P1B3p/2P2K2/1k6/8 w - - 0 54	c3c4 b2b3 c4c5	1773	080g0h0j0k0p1o
ADw0k	r4rk1/ppp2p2/3p1q2/3P1b1Q/4R3/3B4/Pb3PPP/R5K1 w - - 2 18	e4g4 f5g6 d3g6 f7g6 g4g6 f6g6 h5g6	1773	0g0s191w
AJfjd	r2q2kr/ppp1b2p/3p1n2/6p1/2nPP1b1/2N5/PPPQ1RPP/R1B3K1 w - - 2 14	d2g5 g8f7 g5g4	1773	010y191g1o
AvHph	2r2r2/1bq1ppkp/p5p1/3p4/2p1R3/1P2PN2/PQ2BPPP/3R2K1 b - - 0 20	c4c3 b2a1 d5e4	1773	010h191o
CrXth	8/8/8/K7/ppk5/P7/1P6/8 b - - 1 51	b4a3 b2a3 c4b3 a5b5 b3a3 b5c4 a3b2	1773	0g0p1e1w
GDaTZ	5r2/p5k1/2r1p3/3p3p/3bpB2/2P4P/P1R2PP1/2R3K1 w - - 0 28	c3d4 c6c2 f4e5 g7g6 c1c2	1773	0g0p0r0w101n
GJHYe	r1bq1rk1/ppp2ppp/2n1p3/3pP3/3P4/2QB1N2/P1PB1PPP/4K2R w K - 3 11	d3h7 g8h7 f3g5 h7g8 c3h3 d8g5 d2g5	1773	01050d0y191n1w
GJbt2	2b2rk1/5p2/p1r3pp/1p1pQpq1/3P4/P1P5/1PB2PPP/1R2R1K1 b - - 3 26	c6e6 e5d5 e6e1 b1e1 g5d2 d5e5 d2c2	1773	010s191w
GRSRJ	r2qrbk1/1bp2ppp/p1np4/1p1N1N2/4P1Q1/8/PPP2PPP/R1B1K2R w KQ - 5 14	f5h6 g8h8 h6f7	1773	0g0s0y1c1g1o
GoiXU	8/8/pk2p1p1/p2pPpPp/3P1P2/1PK3P1/8/3B1b2 w - - 0 34	d1h5 g6h5 g5g6	1773	080g0p1n1o
H9Kfp	2r2rk1/ppp2pp1/4p3/8/Q2RN2p/3n4/PP2KP1P/7q w - - 0 29	e4f6 g7f6 d4g4 g8h7 g4h4 h7g6 a4g4	1773	0d0y1317191n1w
JYa7x	4brk1/R5p1/2p1p1Pp/2p1P2Q/3pq3/7P/3B2P1/6K1 w - - 1 30	a7g7 g8g7 h5h6 g7g8 h6h7	1773	050p1013161n
JhPUF	5bk1/5pp1/4p2p/3p4/q1rP2QP/2B1R1R1/1P3PPK/r7 w - - 8 37	b2b3 a4b3 c3a1	1773	0g0j11191o
JwYtA	5rk1/5pp1/r6p/pp2q3/4P3/P1N2Q2/BPPR1P2/6K1 b - - 0 31	e5g5 g1f1 g5d2	1773	0g0s191o
LLS7Z	8/4rpp1/8/prkp1Pp1/2p1p1P1/2N5/P1PRK3/8 w - - 6 43	d2d5 c5b4 c3b5	1773	010p1o
NEsrm	3r2k1/2q2ppp/p7/1p6/2b2B1Q/P1K5/1PP5/3RR3 b - - 1 30	c7a5 b2b4 a5a3	1773	0i0q1315191o
P7O0T	5rk1/2RQ1pp1/4p3/N2pP1p1/3P1q2/7P/6P1/6K1 b - - 3 28	f4d4 g1h1 d4a1	1773	010p1o
PMGTB	6k1/3r1pp1/1n2n2p/3p4/P2N2BP/1Pp3P1/5P2/3R2K1 b - - 4 34	e6d4 d1d4 c3c2	1773	000g0p111o
Qqeuf	r2qk2r/pp2bppp/2n1bn2/3p4/8/2NB1NQ1/PPP2PPP/R1B2RK1 b kq - 8 10	f6h5 g3g5 e7g5	1773	0g1c1o1t
Qrdtn	8/p1k5/1p5R/1Kp5/2P2PP1/1P5P/P3r3/8 b - - 0 38	a7a6 b5a6 e2a2 a6b5 a2a5	1773	050p1013161m
SHMdP	1R6/2q1kpp1/4pn2/b2p4/P7/1Qp1PN2/5PPP/6K1 b - - 3 28	c3c2 b3a3 e7d7 a3c1 c7b8	1773	00010h0p10
SM2VJ	4r1r1/3R2pk/p1pR3p/1p3p2/2b5/6QP/2q2PP1/6K1 w - - 0 37	g3g6 h7h8 g6h6 g7h6 d6h6	1773	0i101316191n
TklGy	2r3k1/5p1p/4p1pQ/p1q1P3/3p4/r1P3R1/6PP/2R4K w - - 0 29	g3h3 c5e5 h6h7 g8f8 h7h8 e5h8 h3h8 f8e7 h8c8	1773	010p1l1p1w
VdhRh	r3r3/pp4kp/2pb2p1/3p4/N2P2n1/1B3R1P/PPP2PP1/R1B2K2 b - - 0 18	g4h2 f1g1 e8e1	1773	0s1315191o
WDwbV	8/8/1p3P2/1P6/pK1k3r/P7/7P/5R2 b - - 2 42	d4d3 f1f4 h4f4	1773	0j0k0p13151m1o
Xdq0T	r7/1pp4k/pnnq1r2/4p2p/4P3/2PP3P/P1BBQ2K/6R1 w - - 0 27	e2h5 f6h6 h5f7 h7h8 f7g7	1773	0r10131619
ZU9d9	5k2/2pR2Np/1p3P2/1P5P/P1r5/6P1/4K3/1q6 w - - 0 45	g7e6 f8g8 f6f7 g8h8 f7f8q	1773	000p0r101113161h
ZphMo	4R3/5kp1/p6p/1pq5/2p2N2/2P5/2B2bPP/7K w - - 1 34	c2g6 f7f6 e8e6 f6g5 f4h3 g5h4 e6e4	1773	0p13171f1w
ca3NZ	r2qr1k1/pp3pb1/2n3p1/1N4n1/1P2p2Q/P3p3/1B1P1PP1/R3K2R w KQ - 0 20	h4h8 g7h8 h1h8	1773	0y1315191d1n1o
daTcU	6k1/1bRq1r1p/6p1/pP6/2Q5/4p2P/6P1/2R4K b - - 3 36	d7h3 h1g1 h3g2	1773	0p13151g1o
diUZm	2Q5/8/4ppkp/p7/5P1K/P5P1/3p1nqP/8 w - - 0 52	c8g8 g6f5 g8h7	1773	0p111213151o
eCMZP	r2q1rk1/1pp2ppp/pbnp2P1/4p1N1/2P5/4P3/PPQP1Pb1/R1B1K2R w KQ - 0 14	g6f7 f8f7 c2h7	1773	00010j0y1c1o
eYdc2	1k5r/pN3p2/P1p1p3/1p2P2p/1P6/1Q4pP/5qR1/7K b - - 0 39	f2f1 g2g1 f1h3	1773	0p13151o
fos4V	2r1r3/p4p2/1pp2pk1/3q2N1/1P5Q/7P/5PP1/5RK1 w - - 0 26	h4h7 g6g5 f2f4	1773	0p13151n1o
fuKtr	rRr5/2P3p1/4kp2/3N4/4p2P/5b2/5P2/4K1R1 w - - 3 34	b8a8 c8a8 d5b6	1773	010p1o
gbjT1	1r4k1/pq1Q1ppp/2n5/8/4P3/2P1B3/P1P2PPP/2KR4 b - - 5 19	b7b2 c1d2 b8d8	1773	010p1g1o
gdhTq	3r2rk/1pp3p1/p2bpq1p/4p3/P6Q/6RP/1PPB1PP1/4R1K1 w - - 5 28	d2g5 f6g5 g3g5	1773	01191g1o
h8jDo	rnbqr1k1/bppp1p2/p4NpB/4n3/2P2Q1N/8/PP3PPP/R3KB1R b KQ - 3 13	d8f6 f4f6 e5g4	1773	0g0j0k191n1o
h91c7	r2qk2r/2p2pp1/p1p2b1p/3pp3/4P1b1/3PBN2/PPP2P2/R2QRNK1 b kq - 1 15	d5e4 f1h2 g4f3 h2f3 e4f3	1773	01101c
iSrYj	4r1k1/ppqn1ppp/2pb1p2/8/2BP3N/2P2P1P/PPQ3P1/R1B3K1 b - - 0 15	e8e1 c4f1 d6h2 g1h1 e1f1	1773	0i0y10131619
izd7P	3r1rk1/pp3ppn/2pQ3p/8/1PP1N1b1/P2Pq1P1/1B4BP/R6K w - - 4 20	d6e5 f7f6 e4f6 h7f6 e5e3	1773	0g1019
j598t	2rqkb1r/1p1n1ppp/p3pn2/1Bp1Nb2/3PNP2/2P5/PP4PP/R1B1QRK1 w k - 0 14	e4f6 g7f6 b5d7 d8d7 e5d7	1773	0g0s10191g
kNm8L	2k3r1/ppp2p1p/2p2p2/5q2/3b4/PPNP1P1P/3PQ3/2R2K1R b - - 2 20	f5h3 f1e1 h3h1	1773	0g191o
ktezq	r2q1rk1/pb1p1ppp/1p2p3/1Bb5/4n3/2N1B3/PPP2PPP/R2QR1K1 w - - 0 12	c3e4 b7e4 e3c5 b6c5 e1e4	1773	010j101c
mmjoP	r6k/1b3pRP/p5r1/1p2p3/8/P1P2p1B/2P5/2K3R1 w - - 1 27	g1g6 f7g6 g7b7	1773	010p1o
mo4jD	3r1rk1/p4pb1/2p5/1p2PpQp/5P2/2P1q3/PP4PK/R4R2 w - - 2 35	f1f3 e3e2 f3g3 e2g4 g3g4	1773	0g10191l
oZY8k	rr6/2qk1p1p/2n1bp2/1R1pp3/8/2PP1NP1/1Q2PPBP/1R4K1 b - - 4 21	b8b5 b2b5 a8b8 b5b8 c6b8	1773	010d1019
p3aZa	2Q5/1p2rp1p/1P1p1kp1/pB1P4/P2b2Pq/2p2P2/5R1P/6K1 w - - 0 37	c8h8 f6g5 h8d4	1773	0g0p1o1p
pGwV3	r1bq3r/ppp1b1pp/2nk4/3np3/2B3Q1/2N5/PPPP1PPP/R1B1K2R w KQ - 6 10	c3e4	1773	13141b1c
pO8OR	5k2/5p1p/2b5/1P3R2/2P1n2r/8/P5PP/6RK b - - 0 32	e4g3	1773	0p13141b1g1q
qnS6v	1k3r2/1b1n1r2/pq2Q3/3pP1Bp/Rb1n3P/1pN1N3/1P3PP1/3R2K1 w - - 0 30	e6b6 d7b6 a4b4	1773	0b0g191o
r7JYN	2r1r2k/p5pp/8/1b3B2/3Q3q/P4P2/1P4PP/R2R2K1 b - - 0 23	e8e1 d1e1 h4d4	1773	010i191o
r7Y5c	5rk1/pQ1R1p1p/2p3p1/4brq1/2B5/2P4P/PP3PP1/5RK1 b - - 2 22	g5f4 g2g3 f4c4	1773	01191o
smZeM	1r5k/8/2pq1r2/1p1pNnR1/3P1p1P/1QP1nP2/1P3K2/6R1 w - - 4 36	g5h5 f5h6 h5h6 f6h6 e5f7 h8h7 f7d6	1773	010r0s191n1w
tUnRn	8/p7/1p3p2/1P5p/P2kp2P/8/3K1PP1/8 w - - 0 41	g2g4 h5g4 h4h5	1773	0g0h0p1e1o
thk91	2r2rk1/pR4pp/2n2p2/b3p3/4P2N/4B3/PP3PPP/2KR4 b - - 0 19	c6d8 c1b1 d8b7	1773	0g0j0k191o
uiSJV	1k1r1R2/pp4pp/1np1B3/3P4/8/8/Pq4PP/5R1K w - - 0 23	f8d8 b8c7 d5d6 c7d8 f1f8	1773	0p0t1013161f
vJEIe	1q1r2k1/p4pbp/6p1/8/P2P4/1nQ1PN1P/5PP1/2B2RK1 b - - 0 24	d8c8 c3b2 b3c1 b2b8 c1e2 g1h2 c8b8	1773	010w191n1w
vq18U	3r3k/1p2Np1p/p2pnPp1/6P1/4RB1q/1P3K2/PP6/3Q4 b - - 3 28	h4h5 f3f2 h5d1	1773	0g191o1p
wAEnF	4r3/p1pq4/3b2k1/2pR4/4rp2/1P1Q1R2/P1P3P1/6K1 w - - 2 30	f3f4 d6f4 d5d7	1773	01191g1o
wbPaK	8/p7/1p6/6k1/PP5p/5P1b/2P4K/8 w - - 0 42	h2h3 g5f4 c2c4	1773	0g0h0p1o
09Xh7	B4rk1/p1p5/3bp3/5pq1/3P2n1/2P5/PPQ1Pp2/R1B2K1R b - - 1 20	g4h2 h1h2 g5g1	1774	0d1315191n1o
0KKzx	rnbqk2r/pp3ppp/3p4/b1pP4/4n3/P1N1PN2/1P3PPP/R1BQKB1R w KQkq - 3 9	d1a4 b8d7 a4e4	1774	010s1c1o
0ltg8	2rqr1k1/pp4p1/1nb1p1P1/3np2Q/3P4/8/PP1N1PP1/R4RK1 w - - 0 21	h5h7 g8f8 h7h8 f8e7 h8g7 e7d6 d2e4	1774	0i0y1317191w
16L5R	r3k3/1p3pp1/1qn1p3/3pP1Br/p6N/1P4Q1/P5PP/5R1K w q - 1 34	g3f3 c6e5 f3h5	1774	01191o
3Kdrq	6k1/2r1bppp/2q1p3/4P3/2pP4/1rQ4P/3B1PP1/R1R3K1 w - - 5 30	c3b3 c4b3 c1c6 c7c6 a1a8 e7f8 d2b4 c6c1 g1h2	1774	010j191g1w
3fgtM	2Q5/p3qk2/8/1p1r2pR/1P3R2/P2bp2P/6P1/6K1 b - - 0 38	g5f4 h5d5 e3e2	1774	00010p1o
876qc	r3r2k/ppp3p1/1b3NQp/8/3q4/8/PP2RPPP/4R1K1 b - - 0 26	d4f2 g1h1 f2e1 e2e1 e8e1	1774	06101316191y
9LUWd	8/8/2p1p2k/p1P1P1pp/P3K2P/6P1/8/8 b - - 0 41	h6g6 h4g5 g6g5	1774	0g0p1e1o1z
ASsQu	Q7/p1pb1pkp/5q2/5p2/4p3/bPr1PP2/P1PPN1PP/1K1R1B1R b - - 2 21	c3b3 c2b3 f6b2	1774	0d1315191k1n1o
An7xg	2r1r1k1/2q2ppp/pp2p3/4n3/PBP5/2Q5/5PPP/3R1RK1 w - - 0 23	b4d6 c7c4 c3e5	1774	010v0w191o
C7xjx	5rk1/1p2qp1p/p6p/5P2/P1n1pP2/8/2P2QB1/3R2K1 w - - 0 28	f2g3 g8h8 g3c3 f7f6 c3c4	1774	010p0s10
Cz3aN	5r2/pp4bk/5rp1/qR5p/8/3B2QR/P1P3PP/6K1 b - - 1 28	f6f1 d3f1 g7d4	1774	010d191n1o
E09bP	5rk1/1R6/2p1pKpQ/p1P5/5P2/7P/P5q1/8 w - - 0 40	h6f8 g8f8 b7b8	1774	050p13151n1o
EFj5X	1k6/2p5/1p2P3/p1bP1p2/P4P1p/3R3P/4K3/6rB w - - 2 35	d5d6 c7d6 e6e7 g1g8 h1c6	1774	00010h0p10
G50J7	8/pppb2p1/5k2/7K/2PnpP2/P3R3/8/2R5 b - - 12 37	g7g6 h5h4 d4f5 h4g4 f5e3	1774	0g0k0m0p0s10
GSYIt	2rr2k1/2R2pp1/2p4p/ppNb4/4B1n1/6P1/PP3PP1/R5K1 w - - 2 24	c7c8 d8c8 e4f5	1774	01191o
Hkgx6	r2q1rk1/pp3pb1/2n3N1/4p3/2pPQ3/2P5/PP1N1n2/R1B1K2R w KQ - 0 19	g6e7 d8e7 e4h7	1774	0d0y1315191n1o
IPhXp	4k3/1P6/8/3R2p1/5b1p/8/3p2K1/4rR2 b - - 1 63	h4h3 g2h3 e1f1	1774	0g0i0p1o
Iirhz	r7/1p2Qrk1/1pp4p/4n2q/3NB3/5pP1/PPP2Pb1/R2R2K1 w - - 5 27	d4e6 g7h8 d1d8 a8d8 e7d8 f7f8 d8f8	1774	1317191w
Iyihi	8/8/7p/1pNkpp2/1P6/2K2PPP/1n6/8 b - - 2 39	b2a4 c5a4 b5a4 f3f4 e5e4	1774	0g0h0p0z1011
JPW0O	R7/6kp/3r2p1/p7/4pr2/2P1RB2/PP4PP/7K b - - 0 29	d6d1 f3d1 f4f1	1774	060p13151n1o
LMiF0	3r4/2R3p1/5pk1/4p1p1/p1B1P1P1/P3K1P1/5P2/1n6 w - - 6 39	c4f7 g6h7 c7c1 g7g6 c1b1	1774	0d0g0p10
Ln7zh	rn2k2r/pp2nppp/8/1p1N3q/5P2/8/PpP3PP/1K1RR3 w kq - 0 18	d5c7 e8f8 d1d8	1774	0s1315191o
MeHJk	8/8/2p4p/1p4p1/1P1K2P1/1kP4P/8/8 b - - 0 40	b3c2 c3c4 c2b3 c4c5 b3b4	1774	0g0p101e1z
O881B	8/3k4/1p2rP1R/p2p4/1p6/1P1K4/P7/8 w - - 1 53	f6f7 e6h6 f7f8q	1774	00010p111h1m1o
OQYKX	3K2k1/q2P1ppp/8/p7/1p3P2/1Pp4P/P3R3/3R4 b - - 5 44	a7b8 d8e7 b8f8	1774	0p13151j1o
OoLSc	r7/2K2kpp/3P1p2/1p6/8/5P2/p5PP/R7 w - - 2 51	d6d7 b5b4 a1a2 a8a2 d7d8q	1774	00010i0p101h1m
PMZV8	7R/p4k2/1pp2q2/5r2/3Pp3/4B3/PP3PK1/7R w - - 4 34	h1h7 f7e6 h7h6	1774	010p1g1o
Pd6jk	2rk1b1r/1Qp1npp1/3B4/1B1P4/6q1/6Pp/PPP2P1P/R4RK1 b - - 0 19	g4f3 d6e7 f8e7 d5d6 f3b7	1774	0g1019
PxYDi	8/p4p1p/1p4p1/8/4P1Pk/8/1nPQ1PKP/3q4 w - - 0 41	d2h6 h4g4 h2h3	1774	0p13151o
SGLOS	2r2rk1/2q2ppp/p2bbn2/1B2p3/4P3/2N1B2P/1PP1QPP1/3R1RK1 b - - 0 16	a6b5 c3b5 e6c4 b5c7 c4e2	1774	01101119
TM3h1	2b2rk1/1r4qp/2p5/p2pQ3/2p5/1P3N2/P1P2PPP/1R2R1K1 b - - 0 29	f8f3 e5g7 b7g7	1774	01191g1o
WV7tF	5bk1/p5P1/5p2/4pP2/2p1P1Q1/3rRKP1/Pq6/7R b - - 0 35	d3e3 f3e3 f8c5 e3f3 b2f2	1774	050p101316
Wm12S	r3n1k1/pp3Rp1/4P1Q1/6p1/2q5/7P/PP4P1/7K w - - 0 30	f7f8 g8f8 g6f7	1774	050p13151n1o
WvYqW	4r3/5p1p/pP3Pp1/P2p2P1/3P4/3kBK2/7P/8 w - - 1 45	e3f4 e8e1 b6b7	1774	000g0p1l1o
Yp2Pp	r1b1r1k1/pp3ppp/3b1q2/2pP4/2P3N1/2N5/PPP2PPP/R2QR1K1 b - - 1 13	e8e1 d1e1 c8g4	1774	010y191o
bC820	1r2r2k/5R1p/B4p2/8/5P2/2P1b1Q1/bP4PP/3K3R b - - 2 27	a2b3 d1e2 e3f4 e2f3 f4g3	1774	010j0k0r0s1019
cXrlT	6k1/5ppp/p2P4/8/8/1r3QK1/q5PP/3R4 w - - 1 35	d6d7 b3f3 g2f3	1774	000g0p1n1o
cvmpv	5r2/pbR4p/1p2pbpk/3q4/3P2Q1/1P3PBP/P5P1/6K1 w - - 0 28	g3f4 g6g5 g4h4 h6g6 h4h7	1774	101316191g
dmCRt	5rk1/5ppp/3b4/3p4/2p1pqQ1/2N4P/PP1PP1K1/R1B1N3 b - - 1 20	f4h2 g2f1 d6g3 g4g3 h2g3	1774	0d0g1019
gOgnI	6k1/p1p1q1rr/8/2P4P/3P2P1/2P2Q2/6PK/5R2 w - - 3 39	f3a8 e7f8 a8f8	1774	0p13151o
h6njQ	8/2R3b1/1q3nk1/3pp1p1/4PpP1/2Q2P2/1r1NK3/1R6 b - - 3 40	b2d2 e2d2 b6b1	1774	010j191o
hDiCr	4R1r1/1p3p1k/p1q2Qpp/8/2b5/7P/1B4P1/7K w - - 6 37	f6h8 g8h8 e8h8	1774	0p13151d1n1o1y
jlkqM	r2qk2r/ppp1bppp/5n2/4n3/2B2pb1/2N2N2/PPP3PP/R1BQ1RK1 w kq - 0 10	d1d8 a8d8 f3e5	1774	010w1c1o
mRdqo	4r3/p5pk/2p4p/8/5Q1P/2Rq1pB1/PP3P2/6K1 b - - 2 29	e8e1 g1h2 e1h1 h2h1 d3f1 h1h2 f1g2	1774	050p13171n1w
mZ94j	3r2k1/1p3p1p/p2r2pn/5q2/Q7/7P/P4PP1/3RR1K1 w - - 0 24	e1e8 d8e8 a4e8 g8g7 d1d6	1774	011019
nMJaS	3r1r1k/p1p4p/1p6/2b1qpP1/2B1b3/8/PPP5/1K2RQNR w - - 0 26	h1h7 h8h7 f1h3 h7g6 h3h6	1774	050y101316191n
ngINb	5k2/4r1p1/3Q1p1p/3p4/1pqP3N/4P2P/5PPK/8 w - - 2 38	h4g6 f8f7 g6e7	1774	0g0p0s111o
oXcCK	7r/1pp2p2/P2p4/2k1p3/2PbPq2/P2P2Bp/4QP2/1R3RK1 b - - 0 29	f4g3 g1h1 g3g2	1774	0y1315191g1o
qj2oH	3rr1k1/5Rp1/2p4p/1p6/p2qP3/P1bP4/B5PP/4QR1K w - - 0 29	f7d7 g8h8 d7d4 c3e1 d4d8 e8d8 f1e1	1774	0g0j0k191w
qsmoQ	r4bkr/pp2q1p1/8/2p1n2p/3pNNb1/3P2Q1/PPP2PPP/R1B2RK1 b - - 3 15	h5h4 f4g6 h4g3 g6e7 f8e7	1774	0110191t
rkeAj	7r/pp1b3Q/2k1p3/3pq3/1B2pP2/P1N5/1P2n1PP/R4R1K b - f3 0 22	e2g3 h1g1 e5d4 f1f2 h8h7	1774	0g1019
rpnWM	r1b1k2r/p3bppp/5n2/q3p1B1/3pN3/3B1Q2/PPP2PPP/R3K2R w KQkq - 4 12	g5d2 a5b6 e4f6 e7f6 f3a8	1774	0g0h0j10191g
sPHCd	3r2k1/1pq2pp1/4pb1p/p3N3/P2P3P/1P4Q1/2n1RPP1/2R3K1 b - - 6 30	c2d4 c1c7 d4e2 g1h2 e2g3	1774	0g0s10191n
sZhMD	5r2/2p1k1pp/1p6/p1PP4/3K4/8/P6P/5R2 w - - 1 28	d5d6 c7d6 c5d6 e7d6 f1f8	1774	0g0p0r101m
tDnmF	8/3kp3/3p4/1p1n4/3B1RP1/1Nr5/1K6/8 b - - 2 38	c3b3 b2b3 d5f4	1774	0g0p1o
tMHgT	r7/1q5p/p5pk/1pp1Q3/2P2R2/P2P1b1P/1P6/6K1 w - - 6 28	f4h4 f3h5 h4h5 g6h5 e5f6	1774	0p0q1013161n
tZYOm	1k4q1/p1p1Q3/1p1p1n2/8/2P4p/2P3rP/PP3R1K/4R3 b - - 3 30	g3h3 h2h3 g8g3	1774	050p13151n1o
tykx5	1k1r4/pppP4/2n3q1/2R2n2/5pN1/PP3P2/1N4Br/3Q1RK1 b - - 2 27	h2g2 g1g2 f5e3 g2f2 e3d1	1774	01050r0s10191n
vGqEu	r1b1k1nr/ppqppp1p/6p1/3P4/4P3/2N3P1/PP1B4/R2QKB1R b KQkq - 0 11	c7g3 e1e2 d7d6 f1h3 c8h3	1774	01101c1l
vjMSt	4k3/5p2/5p2/p1p4P/6P1/1P6/5P2/6K1 b - - 0 35	c5c4 b3c4 a5a4 h5h6 e8f8	1774	0g0h0p101e1l
vyA8d	2r1r2k/pp3pp1/3q4/8/1n1PB3/4BP2/PP1QKP1b/R3R3 b - - 7 21	e8e4 f3e4 c8c2	1774	01191g1n1o
w84nt	2r4k/5R1p/1p2Q1p1/p1r1q3/3p4/3B4/P5PP/6K1 w - - 3 29	f7h7 h8h7 e6g6 h7h8 g6h7	1774	050p1013161n
xt6iT	6k1/p1p2pp1/3N4/7p/1r4nP/1P2P1Pq/PBQ2P2/3R2K1 b - - 0 25	h3h2 g1f1 g4e3 f1e2 e3c2	1774	0g0y1019
y1dIn	6k1/1p2rp2/p2p2pQ/3q4/P5R1/7P/2r3P1/5R1K w - - 6 34	g4g6 f7g6 f1f8	1774	0p0x13151n1o
y4Jex	7r/8/1k1r2p1/2pPpp1p/4P2P/6P1/2R3K1/R7 w - - 0 35	c2b2 b6c7 a1a7 c7c8 a7a8	1774	0g0p101m
6lM3I	r2qk1nr/pppn1p1p/8/2b1P1N1/2B5/2N3pP/PPP5/R1Bb1R1K w kq - 0 14	c4f7 e8e7 c3d5 e7f8 g5e6	1775	041013161c
6u811	Q7/8/p4pkp/1nP3p1/1r6/5P2/4q1PP/5NK1 w - - 3 39	a8g8 g6f5 f1g3	1775	0g0p1o
BZ4zf	7r/1ppk2pp/p1p4n/5p2/5Q2/1Pqp1N2/P4PPP/3R2K1 w - - 0 21	d1d3 c3d3 f3e5 d7c8 e5d3	1775	01050p0s101n
CA5za	2r2rk1/1bqn1p1p/p3p1p1/1p6/3B1R2/1P2P2Q/P3B1PP/R5K1 w - - 2 22	h3h7 g8h7 f4h4 h7g8 h4h8	1775	050y101316191d1n
FMyRa	5r2/q4bpk/p6p/1p6/1P1NQn2/P7/4BPPP/2R3K1 b - - 0 31	f7g6 e4e3 a7d4	1775	010h191o
FbsV2	b5r1/5N1k/1RP1p3/8/4P3/2R4p/r4P1P/5K2 b - - 2 34	g8g1 f1g1 a2a1 b6b1 a1b1 c3c1 b1c1	1775	050p13171n1w
Gy9Hw	6k1/ppr5/7p/3br3/6B1/8/P2R1PP1/4RK2 b - - 0 31	d5g2 f1g2 e5e1	1775	010i0p1o
J62KA	2k1b2r/1pp5/p4K1P/8/1PPR2P1/8/8/8 w - - 11 46	f6g7 h8h6 g7h6	1775	0g0p1o1t
JwvtM	5k2/4R3/6pp/p2pPp2/3N1P1P/BP2P1Pn/6K1/4q3 b - - 10 45	e1g1 g2h3 g1h1	1775	0p13151n1o
KiXJi	2kr2nr/pp2pp1p/6p1/4nP2/2PpP1B1/7P/P1P3P1/1NB1R1K1 w - - 2 16	f5g6 e5g4 g6g7	1775	00010j0k191n1o
KvY11	1b1rr2k/pb4pp/1p6/1N2Pp2/1PB5/P1Q3P1/1B2K2P/8 b - - 0 29	b8e5 c3e5 e8e5 b2e5 d8e8 e2d3 e8e5	1775	010d0r191g1w
L12Hx	2rr2k1/3n1pp1/Q3p2p/1p2P3/1q3P2/1P1B1N2/5BPP/5RK1 b - - 0 32	d7c5 a6b5 c5d3 b5b4 d3b4	1775	010s1019
LwI9j	1R3bk1/p2n1ppp/4p3/2P5/N3n3/P2rN1P1/1B4KP/8 w - - 6 34	c5c6 d7b8 c6c7 b8c6 c7c8q	1775	000110191h1n
MDPMY	6k1/4pp1p/3p2p1/8/bP2P3/1N3P2/qbQ3PP/1R4K1 b - - 2 26	b2d4 b3d4 a4c2	1775	0g0p1o
MY62I	Q7/8/2B4p/8/1K2nk2/1P6/8/6q1 b - - 0 53	g1c5 b4a4 e4c3	1775	0p13151o
OBzYi	8/1p2pq2/1Bp1k3/2P1P2p/6rP/3Q4/5PP1/6K1 w - - 1 31	d3b3 e6e5 b3f7	1775	0g0i0p1o1p
QEf9X	r3kb1r/ppp1qpp1/2n1b2p/3n2N1/2Bp4/8/PPP2PPP/RNBQ1RK1 w kq - 0 10	g5e6 e7e6 f1e1	1775	011c1g1o
QVK4m	r4rk1/4bppp/p1N1p3/3p1n2/5B2/4P1Q1/Pq3PPP/R4RK1 w - - 1 19	c6e7 f5e7 f4e5	1775	010y191o
Rbhrp	rn1qkbnr/1p2p1pp/p3b3/8/8/P1NB4/1PPQ2PP/R4RK1 w kq - 0 16	d3g6 h7g6 f1f8 e8f8 d2d8	1775	050g0i1019
Rz9cF	rnbqr1k1/pp2bpp1/2p2n1p/4Q3/8/2NB1N2/PPP2PPP/R1B1R1K1 b - - 0 11	e7d6 e5e8 f6e8	1775	011c1o
SipHY	4r1k1/p4ppp/P5q1/1Q6/8/6P1/3prP1P/2R2RK1 w - - 0 28	b5e2 g8f8 e2d2	1775	0g0p1o
TGSjP	3r3k/p4pRp/1pq1pn2/2p2P2/2P5/P1Q1Pn1P/1P1r1PR1/7K w - - 1 26	g7g8 d8g8 c3f6 g8g7 f6g7	1775	0y101316191g1n
TVcK2	r3k1r1/2qp1p2/1b2pp1p/pB6/P3P3/7P/2PQ1PP1/R4RK1 b q - 2 19	c7g3 d2d7 e8f8 d7d6 g3d6	1775	0g10191g
UXXmA	5bk1/5Rp1/5qP1/3p1r2/6Qp/1P2P3/1PP2p2/7K w - - 0 34	g4f5 f6f5 f7f5	1775	0g0p1o1y
Uyyd0	r1b3k1/2P4p/2Q1p1p1/2P1b3/8/P5P1/4q2P/5R1K w - - 1 31	c6e8 g8g7 e8f8	1775	0p13151o
V6ppK	4k3/1p2rp1p/pQ2q3/8/8/7P/PP4R1/7K w - - 9 40	g2g8 e8d7 g8d8	1775	0p0x13151o
W1CiR	5rk1/5q2/2pp1rP1/1p2p1Qp/p2pP2P/P2P2P1/1PP3K1/4RR2 b - - 0 27	f6f2 f1f2 f7f2 g2h3 f2e1	1775	0e0g0p0s10
WMeVj	r5r1/1p6/p3Q3/2k1n3/7P/q6B/1pP5/1K5R w - - 0 28	e6e7 c5b6 e7a3	1775	0g191o1p
WwuWK	r2qk2r/pp3ppp/8/2b5/2BnP1b1/5N1P/PPP2PP1/R1BQK2R b KQkq - 2 12	d4f3 g2f3 d8d1 e1d1 g4f3	1775	050g0j101c
XX3ZE	4r2r/pp1n1pk1/2p5/6B1/3Pp1bP/2P1RNq1/PP1Q4/6RK b - - 1 24	g4f3 e3f3 g3f3	1775	0g0y191o
Y64aC	6r1/5ppk/1rp2q1N/2p1p2R/p1P1P3/3PK3/P5R1/7Q b - - 0 40	f6f4 e3e2 b6b2 e2d1 b2b1	1775	0g1019
ZJXHo	8/pppQB3/1k1p4/2b1p3/1N2P3/P2P2P1/7K/5q2 b - - 5 35	c5g1 h2h1 g1f2 h1h2 f1g1 h2h3 g1g3	1775	0j0k0p13171w
ZdAV6	r3k1nr/1pq2ppp/p3p3/2bpP3/3B4/3Q4/PP3PPP/RN3RK1 w kq - 0 13	f1c1 b7b6 b2b4	1775	01191o
arEKp	4r2b/p3kp1P/2p2q2/2p5/4p1Q1/2P5/PP3PP1/3R2K1 w - - 1 34	d1d7 e7f8 g4g8	1775	0p13151o
b5Dt8	r1q3rk/2p2p1p/3p1P1Q/pp2Pbp1/7R/7P/P1B3PN/b6K w - - 2 29	h6h7 f5h7 h4h7	1775	0y1315191d1n1o
cH4Ze	8/8/8/3p1k2/8/1P2p3/P3K3/8 b - - 1 40	f5e4 a2a3 d5d4 b3b4 d4d3	1775	0g0p101e1l
cP0XN	1k1r4/ppp2pp1/6p1/3pq3/6Q1/2P1P2P/P4PP1/2KR3R b - - 0 21	e5c3 c1b1 d8d6 g4d4 d6b6	1775	010p101l
cqNqb	r3kb1r/pb2qppp/1pp1pn2/1N2B3/3P4/6P1/PPP2PBP/R2Q1RK1 b kq - 2 14	c6b5 e5f6 g7f6 g2b7 e7b7	1775	010t101c
dgySC	r1bqk2r/ppp2ppp/2n1p3/3pN3/QbPPnB2/2N5/PP2PPPP/R3KB1R b KQkq - 6 7	e4c3 b2c3 b4c3	1775	0g1c1o
dliZy	r2qr1k1/1bp2ppp/1p2pn2/n5B1/Q2P4/P2BP3/1P2NPPP/R4RK1 b - - 0 15	d8d5 e2f4 d5g5	1775	01191o
eGltX	4r1k1/2p2ppp/ppP3q1/8/3Nr3/1PP2QPP/P6K/2B4R b - - 7 27	e4d4 c3d4 g6c2 f3g2 e8e2	1775	010d10191g1n
f8zub	r2k1br1/pp1q1p2/7p/4Q3/3n4/2N5/PPPP1PPP/R1B2RK1 b - - 2 15	d4f3 g1h1 f3e5	1775	0g191g1o
glYbS	r4rk1/pp1q1pp1/2n1N2p/3p4/2pP4/2P1b1P1/PP1Q1PBP/R4RK1 w - - 0 17	e6f8 e3d2 f8d7	1775	0g191o
hYGws	3rk2r/pp1q1ppp/2n1p3/4P3/1P1bN3/P3B3/5PPP/R2QK2R w KQk - 0 16	e4d6 e8f8 e3d4	1775	0g0w191o
hkiy3	1r3rk1/1Rq2p1p/p2pp1p1/3B4/b1P1Q3/4P1P1/P4P1P/1R4K1 b - - 1 28	e6d5 b7c7 d5e4	1775	0g191o
irsvL	r4r2/pp3p1k/2q2Pp1/7P/5Q2/5n1R/P6P/7K w - - 0 33	h5g6 h7g8 h3h8 g8h8 f4h6 h8g8 h6h7	1775	050k0m0p13171n1w
jpar4	8/8/4pk2/6p1/1pBPr1P1/1P2n1K1/2p5/2R5 w - - 4 53	g3f3 e4d4 f3e3	1775	010p1o
n7qd8	3k3r/ppp2ppp/3r4/1B1P3n/8/2N2P1q/PPP1QR1P/R5K1 b - - 3 17	d6g6 f2g2 h5f4	1775	0g191o
nik7X	8/p4k2/1p4p1/3R4/3Bp3/2P2b2/PP1K1P2/7r b - - 0 41	e4e3 d2e3 f3d5	1775	0g0j0p1o
oZXNw	1br3k1/1pr2pp1/p4q1p/4Q3/3p4/1P1P1N1P/1P1B1PP1/RR4K1 b - - 0 23	c7c1 b1c1 c8c1 a1c1 b8e5	1775	011019
puKEc	rr2n3/3n1pk1/3p1pp1/2pP3p/Pq2PP2/1RNQ2P1/1PRN2KP/8 b - - 2 22	c5c4 d3c4 b4c4 d2c4 b8b3	1775	0b0g0s101119
qjPKT	r4rk1/pp2ppbp/3p2p1/2p4P/3nPP2/2NP1N1q/PPP2Q2/R1B2RK1 b - - 1 13	d4f3 f2f3 g7d4 c1e3 d4e3 f3e3 h3e3	1775	0g0r0y191w1y
rI3Op	r1b2rk1/3p1pp1/2p4p/ppb1P2q/3n1P1N/1B1Q2P1/P5KP/RN3R2 w - - 0 18	b3d1 h5h4 g3h4	1775	01191o1t
rP14U	Q7/pp2kpp1/2p5/2P3q1/3P3n/P3P3/1P3Rb1/1BR3K1 b - - 0 29	h4f3 f2f3 g2f3 g1f1 g5g2 f1e1 g2e2	1775	0j0k0r1317191w
tIUkV	r1b2r2/1pqp1ppk/p3pb2/4nN2/2P5/2N1P3/PP2Q1PP/R4RK1 w - - 0 16	e2h5 h7g8 f5h6 g7h6 f1f6	1775	0g0i0j1019
tb797	6k1/pb5n/1p2rp2/2p4p/2P2P2/2Q2B1P/PB2N1K1/3r4 b - - 1 29	e6e2 g2g3 d1g1 g3h4 b7f3 c3f3 e2b2	1775	0g0i191g1w
vBnUA	r1b1r1k1/p4p1p/1p1p2pb/2pP1P2/2P4q/2NBB1NP/PP4K1/R1Q2R2 b - - 0 22	e8e3 c1e3 h6e3	1775	01191o
vLsJU	r3kb1r/ppq1pppp/2n2n2/1B3b2/8/3P4/PPP2PPP/RNBQK1NR b KQkq - 0 6	c7e5 g1e2 e5b5	1775	010s1c1o
wUcCo	2k5/p1p4p/1p3pp1/4n3/8/r3BNP1/P1r2PKP/R2R4 b - - 3 31	a3e3 f3d4 c2b2	1775	0g191g1o
z8UY3	3NB3/2R3pk/1p2p1np/p2bP3/3P2Q1/P4P2/3q1P1P/5K2 b - - 4 33	d2d1 f1g2 d5f3 g4f3 g6h4	1775	010s10191n
0Fm1B	rn2k2r/pp2bpp1/2p1pnp1/8/3q1B2/2NB3P/PPPQ1PP1/2KR3R w kq - 2 13	c3b5 d4a4 b5c7	1776	01191o
0Mspr	8/5ppp/R7/4p1k1/1r1p4/1n2PPP1/2r1NK1P/3R4 w - - 0 33	h2h4 g5h5 g3g4 h5h4 d1h1 h4g5 h1h5	1776	0p13171w
265U2	7r/pp2ppkp/3p1nP1/8/r7/3BB1P1/P4PK1/7R w - - 5 30	e3h6 g7g8 g6g7	1776	00010p1o
2SUa2	5Bk1/p1p2q2/3p4/2bQn3/6n1/2N5/PP3PP1/R4K1R b - - 2 26	g4e3 f1g1 e3d5	1776	0g191g1o
3NYti	r7/3R4/3pB1k1/1PpP2p1/2Pp1p2/3P2pP/6K1/8 b - - 4 51	a8a2 g2f3 g3g2	1776	000g0p1o
5Am9u	2r1rbk1/p1RR2p1/7p/1p6/6P1/5PN1/PP4P1/7K b - - 4 28	c8c7 d7c7 f8d6	1776	010p1o
6Injf	r6r/1p2qpk1/p3pNpp/4P1Q1/b2P3P/2P5/4B1P1/5RK1 w - - 0 30	f6h5 g7f8 g5g6	1776	0g0i191g1o
7LV05	5k2/2R4p/3N2p1/3p4/6N1/3n3n/r7/5K2 w - - 2 38	c7f7 f8g8 g4f6 g8h8 f7h7	1776	030p0r10111316
92H43	r4r1k/bpp3p1/p1np3p/4p3/PP2np1q/2P2B1P/2NP1PPN/R1BQ1RK1 b - - 3 17	a7f2 f1f2 h4f2 g1h1 e4g3	1776	0y10131619
9QAI7	5kq1/5p2/p1p2p2/1p2n3/7Q/1Pr4P/P5PK/5R2 w - - 2 36	h4b4 f8g7 b4c3	1776	010p0s1o
AIF1r	6k1/1p3ppp/p2q1n2/3pr3/2p3b1/N1PB4/PP1Q1PPP/R5K1 w - - 0 19	a3c4 d5c4 d3h7 g8h7 d2d6	1776	010j1019
ATPqq	r4rk1/5p2/pb1p2qp/1p1P1n2/4N1b1/2P4p/PP3P1B/RN1QR2K w - - 0 23	d1g4 g6g4 e4f6 g8h8 f6g4	1776	01050s10191n
CcAGO	4Q3/5p2/1p2pkp1/8/1P1b2Pp/7P/2r2PK1/8 w - - 3 44	e8h8 f6e7 h8d4	1776	0g0p111o1p
Ciq4r	6k1/7p/bp4p1/p3Q3/P1P5/1qNK2P1/8/8 w - - 1 39	e5b8 g8g7 b8a7 g7h6 a7a6	1776	010p0s10
Dpdzi	8/p3k2p/6p1/1P1B1p2/P2P1K2/4PPP1/8/4b3 b - - 0 34	e7f6 e3e4 e1d2	1776	080p13151o
FNbLr	rr3k2/Q3Npbp/6p1/2p1P3/2B1nPP1/1p2B2P/P1P5/2KR2R1 b - - 0 22	b3b2 c1b1 e4c3	1776	001315191k1o
FPtWc	1rbq2k1/p5b1/1p2prQ1/6N1/3p4/2P5/PP3PP1/R3K2R w KQ - 3 19	h1h8 g8h8 g6h7	1776	050y1315191g1n1o
G5cJW	5k2/1p6/p1p1Pp1p/5P1b/2Pq4/1P2R1RP/P2r3r/4Q1K1 w - - 0 39	e6e7 f8e8 g3g8 e8d7 g8d8	1776	000g0r1019
GUQBf	3qkb1r/2p2ppp/b1np1n2/r5N1/4p3/1PN1P2P/PB1PBPP1/R2Q1RK1 b k - 1 12	a6e2 c3e2 a5g5	1776	011c1o
GjTPj	r7/p5R1/3p1r1p/4p2p/Pp6/2b2kPP/2Q5/7K w - - 1 39	c2g2 f3e3 g2a8	1776	010p1o1p
IC5A8	8/6Rp/8/1P2k3/8/3p4/1r4PP/5K2 b - - 1 31	b2b1 f1f2 d3d2	1776	000g0p1m1o
Ib40p	R7/5p1k/5Ppp/p5nq/Pp6/5PP1/1PQ3KP/3R4 b - - 0 35	h5f3 g2g1 g5h3	1776	0p0s13151o
If12e	6kr/pp4p1/2p5/2Pq3b/1P1R4/P3P1B1/5P2/5QK1 b - - 6 38	d5h1 g1h1 h5f3 h1g1 h8h1	1776	050k0m0p1013161d1n
J9hI5	2kb1Q2/1pp5/p3q3/2P3Bp/6p1/1P4P1/P4P2/7K b - - 1 29	e6d5 h1h2 d5g5	1776	0g0p0s1o
Jx7IU	1n4k1/5p1p/4p1pB/1p2P1Q1/2pr4/5q2/1P3P1P/2K3R1 w - - 0 24	g5e7 f3f4 h6f4	1776	0g0p1o
KINEM	r2qr1k1/1Q2Bppp/p4n2/n2p4/3P4/1PP5/3N1PPP/RN2R1K1 b - - 0 18	a5b7 e7d8 e8e1	1776	0g1c1o
KwkKM	7r/p1R5/1p2p1k1/5p2/3P1Qpq/P3P3/1P4R1/6KN b - - 0 34	h4e1 f4f1 h8h1 g1h1 e1f1	1776	050g0i0j0p0r10
L0Xc6	rn1q1rk1/ppp2p2/3n1b1p/3p3Q/8/2PN3R/PP4PP/R6K w - - 0 19	h5h6 f8e8 h3g3 f6g5 g3g5 d8g5 h6g5	1776	0g0y191w
LCRTz	rn2k2r/5p1p/1p2pp2/3p4/5q2/3B1P2/PP3P2/2RQRK2 w kq - 0 21	c1c8 e8e7 c8h8	1776	0g191o1p
LLm0K	rn1q1rk1/ppp2ppp/3b4/8/3QP1b1/2N2N2/PP2BP2/R1B2RK1 b - - 0 13	g4f3 e2f3 d6h2 g1h2 d8d4	1776	0g0j0y101c
MZGsJ	8/1pp2bkp/3p4/p2P1PP1/2P3K1/1P1n4/P3R3/8 b - - 8 43	f7h5 g4h5 d3f4 h5h4 f4e2	1776	01050p0s101n
NoIQt	rn1qkb1r/1b3pp1/p3B3/1p2P3/3N2Q1/2P5/P1P3pP/R1B1K2R w KQkq - 0 16	e6f7 e8f7 g4e6	1776	0405111315191n1o
OlHdm	8/2p3r1/p4b2/Pp1p1k2/1PbPpPRP/2P1P2K/8/6R1 b - - 0 36	c4f1 g1f1 g7g4	1776	0g0i0p1o
OqwMY	2r5/8/3R3p/2p3r1/7k/P7/KPP4n/5R2 w - - 13 47	d6h6 g5h5 h6h5 h4h5 f1h1 h5g4 h1h2	1776	010p1g1w
PNMgM	6rk/1pp3bp/3p3q/pP2n2b/P1P1P3/5N2/1B2Q1PP/R4RK1 b - - 2 23	e5f3 f1f3 h5f3 e2f3 g7b2	1776	0g0y1019
QOnjq	6k1/p1P2p1p/6p1/2nB4/2Nb4/3b3P/P4r1N/R2K3R b - - 0 25	d3c2 d1c1 c5d3	1776	0f1315191o
R4fQS	1r1qk2r/p1p1ppbp/3p1np1/8/4P3/3P1N2/bBQ2PPP/1R2KB1R w Kk - 0 14	c2a4 f6d7 a4a2 b8b2 b1b2 g7b2 a2b2	1776	010s111c1w
S7I3W	r2qk2r/pppnbppp/8/3p1b2/4pPnP/1P2P3/PBPPB3/RN1QK1NR w KQkq - 1 11	e2g4 e7h4 e1f1 f5g4 d1g4	1776	01101c
SMIhz	4k3/2r2pQ1/p2p4/1p2pR1P/3qP1P1/3PbB2/PP6/1K1R4 b - - 0 32	d4d3 b1a1 d3d1 f3d1 c7c1	1776	06101316191n
SUDOx	r3kbnr/pp1bpp1p/1qn3p1/1B2P3/Q2N4/8/PP1P1PPP/RNB2RK1 b kq - 2 9	b6d4 b5c6 d4a4 c6a4 d7a4	1776	01101c1y
TBjoD	4r1k1/pQ3ppp/3p1n2/3P4/B2P4/2P5/PP4PP/4q1RK b - - 4 27	f6g4 b7f7 g8f7 a4e8 e1e8	1776	0g0p10
TLS08	k7/1p6/p4pQ1/2pR3r/2P5/1P6/PB2q1P1/3R2K1 b - - 1 40	e2e3 g1f1 h5h1	1776	0p13151o
WEmCO	R3n1k1/2p2p1p/1b4p1/p3p3/b1P5/3P1B2/P4PPP/6K1 w - - 2 28	c4c5 b6c5 a8a5	1776	010i0p1o
WyWAf	3r2rk/pp3q1p/2pp4/5b1P/1Q2p3/1PP1PB2/P4K2/3R2R1 w - - 0 30	b4d4 g8g7 h5h6	1776	0g191o
XaGgj	4R3/2p4k/8/R6b/3P4/b1P2r2/P3K3/8 b - - 2 36	f3f5 e2d3 f5a5	1776	0g0j0k0p1o
Xyyre	2r3r1/5ppk/3q1n1p/5P2/5P1Q/pPB5/P2p4/1K4RR w - - 0 30	g1g7 g8g7 h4h6 h7g8 h6h8	1776	101316191n
Y4ytm	1rq1kbnr/p2n1ppp/4p3/1B6/Q2P4/4P3/1P3PPP/RNB1K1NR b KQk - 1 11	c8c1 e1e2 c1b2 b1d2 b2b5 a4b5 b8b5	1776	010t1c1w
ZUveT	8/3R4/5K2/4P3/4k3/2pp4/P7/8 b - - 1 45	c3c2 d7c7 d3d2 c7c2 d2d1q	1776	000g0p101h1m
cEogp	Q4r2/3k3p/4q2p/1P6/3P4/6Pb/1PP2r1P/R5K1 w - - 2 29	a1a7 d7d6 a8c6	1776	0p13151o
d3EgN	r2qr1k1/ppp1bppp/2n5/1B1p4/3P2b1/B1P2N2/P3QPPP/R3R1K1 w - - 6 14	b5c6 b7c6 a3e7	1776	01191o
d7dax	r2r4/pp5Q/2p1qkp1/4np2/8/3BB1PP/PP3PK1/3R4 w - - 3 31	e3g5 f6g5 h7h4	1776	051315191n1o
dOQUK	2r2r2/1p4k1/p1n4p/5pp1/3P4/P3PRPq/1P1NQ2P/2R3K1 b - - 0 23	c6d4 e3d4 c8c1	1776	010j191o
eJDrh	7k/6p1/5qr1/3Q2N1/P4p1p/2P2P2/6PK/8 w - - 9 42	d5a8 f6f8 a8f8	1776	0p13151o
fEDpW	8/2p5/1kr3p1/4R2p/1KP1P3/p7/6PP/8 b - - 0 40	a3a2 e5b5 b6a7 b5a5 c6a6	1776	000g0p101m
fV84A	rnb4r/2q1bp1p/p6k/3R4/1p2n3/1B3Q2/PPP2PPP/5RK1 w - - 0 18	d5h5 h6g7 f3f7	1776	0x1315191o
gqnVs	r2r2k1/pp3ppp/2n1pnb1/2Bp4/3P2PP/P1NB1P2/1qP5/R2QK2R w KQ - 0 15	c3a4 b2a1 d1a1	1776	0111191o1t
hLlX2	rn1q2nr/p1p2kpp/1p1pp1b1/7Q/2B5/2P5/PPP2PPP/R1B2RK1 w - - 2 10	h5f3 g8f6 f3a8	1776	010s1c1o
hgpuQ	r1bqk1nr/ppp1pp1p/2n3p1/3p4/3bPB2/5N2/PPPN1PPP/R2QKB1R w KQkq - 0 6	f3d4 c6d4 f4e5	1776	011c1o
hi2iI	5r2/p1k2pp1/Pp1q3p/1br1p3/4Q3/4PNP1/4BPP1/5RK1 w - - 0 29	e4b7 c7d8 f1d1 d6d1 e2d1	1776	0g10191g
j3M7C	8/8/8/2p5/Kp1k4/PP6/8/8 b - - 0 59	d4c3 a3b4 c5b4 a4b5 c3b3	1776	0g0p101e1z
k7JVd	1k1r2nr/pp1b2qp/n2p4/3P1pp1/2Q5/PPN2N2/2P1P1PP/R3KB1R b KQ - 1 16	d8c8 c4d4 g7d4 f3d4 c8c3	1776	010b101c
kMEOM	3b2k1/3Q3p/p5pK/3NpP2/3p3P/5P2/6qP/R7 b - - 1 39	d8g5 h4g5 g2h2	1776	0p13151n1o
kXzp9	r1b4k/ppN1b1pp/7r/3Pp2q/5p2/1Q4PP/PP2PPB1/3R1RK1 b - - 0 17	c8h3 b3f3 h3g4	1776	0g191o
lE1d9	3b4/1k6/2p1p3/2P1Pp1p/pBpP1PpP/2K3P1/P1P5/8 b - - 5 37	d8h4 g3h4 g4g3 c3c4 g3g2	1776	00080g0p101n
nF1c8	8/8/8/1P6/2N1K2k/p7/n7/8 b - - 0 61	a2c3 e4d3 a3a2 d3c3 a2a1q	1776	000g0p0z101h
o1zLd	6k1/1pp2pp1/3pq2p/p2Pn3/8/2PQ1NP1/5PKP/8 w - - 1 28	d5e6 e5d3 e6e7	1776	000g0p1o
pJPwD	2kr4/2p2ppp/2p3b1/p7/P1R3P1/1r3P2/3pK3/3B3R w - - 0 28	d1b3 g6d3 e2d1 d3c4 b3c4	1776	010p0t10
pKTVB	8/pp6/k1B2P2/4p2P/1QPb3q/P7/5PP1/6K1 b - - 0 41	h4f2 g1h2 f2h4	1776	0p13151o
qZYZf	rn2r1k1/p1p2R1p/1p2p1p1/4P3/3P4/6P1/PP2QK1P/5q2 w - - 0 24	f2f1 g8f7 e2f3 f7e7 f3a8	1776	010p0s10
qldSd	5bk1/p5pp/3r4/1pR1N3/8/4P1P1/PP5P/5K2 b - - 0 31	d6f6 f1e2 f8c5	1776	0g0j0p111o
rWpkl	6k1/ppp2p1p/6p1/2PP4/r7/2P2R1P/6PK/8 w - - 0 26	d5d6 c7d6 c5d6 g8f8 f3e3 a4a2 d6d7 a2d2 e3e8	1776	000g0p1l1m1w
s7fbx	6k1/5pp1/2R1p3/r1N1n3/1PP3Pp/4KP2/7P/8 b - - 0 44	a5a3 e3f4 e5c6	1776	010p1o
t1khg	6k1/1q2r1p1/p4r2/2p1QP2/3p3p/1P5P/P1P2R1K/6R1 w - - 0 50	e5f6 b7c7 h2h1	1776	0g0h0p1g1o
tfA8Y	r6k/1R5p/6p1/p2B1b2/4p3/P4QK1/1q4PP/8 w - - 0 32	b7b2 e4f3 d5a8	1776	0g0j0p1o
vN5yu	r1b1k2r/1pp1bpp1/4p3/p3P3/3q4/P1NPB1p1/1P2BPP1/R2Q1RK1 b kq - 1 17	h8h1 g1h1 d4h4 h1g1 h4h2	1776	050y1013161c1n
wcTtT	8/n3k3/8/2P2R2/4p3/1BK5/8/1r6 w - - 0 54	f5f7 e7d8 f7a7	1776	0g0p111o1p
xZ9pF	4r1k1/3r1ppp/p4q2/1pp5/4p3/2PnRN1P/PP1Q1PPK/4R3 w - - 0 23	e3d3 d7d3 d2d3	1776	01191o
yy2rB	r5rk/pp3p2/2ppqPp1/7p/4P3/1P1P2Q1/PB4PP/R6K w - - 4 27	g3g5 g8g7 f6g7	1776	000g0p0y1o
yyZOo	3r2k1/R2R2p1/5b2/5p2/4pB1P/6P1/1r3PK1/8 w - - 3 33	d7d8 f6d8 a7a8	1776	010p1g1o
zVAh8	8/5p2/8/3k1P2/6p1/4K1P1/8/8 b - - 0 45	d5e5 f5f6 e5f5 e3d4 f5f6	1776	0g0p101e
zaDhn	8/4kp2/8/1PpPn1pp/4P1P1/4K3/4N1PP/3rB1R1 b - - 0 26	e5g4 e3f3 d1d3	1776	0p13151o
zsrV9	r2r4/p1pnk2p/1pQ1pp2/1B1P4/4q3/8/P1P2P1P/1K1R4 w - - 1 21	d5d6 c7d6 c6e4	1776	0g0j191o
02fKi	r2q2r1/pp2pk1n/2p1pb2/3p1nB1/3P1NQ1/2N5/PPP2P2/2KR4 w - - 0 19	g4h5 f7g7 f4e6	1777	0g0i0s11191o
0L5uX	8/1p4p1/p7/1PP1k2p/5p2/3K1P1N/1P5n/8 w - - 1 45	c5c6 e5d6 c6b7 d6c7 b5a6	1777	000g0p0z1011
1GiW4	3r4/p6p/3P1p2/4P1p1/2N1k1P1/1P6/4KP1P/8 w - - 1 32	e5e6 e4d5 e6e7	1777	000g0p1o
1Vs59	N1b3nr/pp1k1ppp/3b4/8/3nq3/3Q4/4BPPP/R1B1K1NR b KQ - 1 14	d4c2 e1d2 e4d3 d2d3 c2a1	1777	010s1019
2EesF	6k1/1b4p1/p3p1n1/1p1pP2p/2pPp2r/P1P1N2P/BP4P1/5RK1 w - - 2 28	g2g3 h4h3 g1g2 h3g3 g2g3	1777	010p101t
2Qt0J	k7/1p6/p3P3/2p1Q3/2P1bp2/KP3r2/P2R4/1q6 w - - 5 40	d2d8 a8a7 e5c5 b7b6 c5c7 e4b7 c7b8	1777	0p13171w
2ykTn	5r1k/1p2R1p1/2p5/8/K2P2Q1/8/PP4P1/2q5 b - - 0 34	c1c4 a4a3 f8a8	1777	0p13151o
51rUR	1k5r/p2p4/1p2p3/7p/1PP2q2/P4P1p/4Q3/2R2RK1 b - - 0 28	h8g8 g1h1 g8g2 e2g2 h3g2	1777	00010p10
5GTtn	r4rk1/4bp1p/p3p1p1/1pq1B3/5P2/1b1R3Q/PPP3PP/2K4R w - - 0 20	h3h7 g8h7 d3h3 e7h4 h3h4 h7g8 h4h8	1777	050s1317191d1n1w
5nEpM	3r2k1/p2b1pp1/1p5p/2bP3q/1P3P2/P1N3P1/3QN1KP/R2R4 b - - 0 27	d7h3 g2h1 h5f3	1777	1315191o
DfOB1	r4rk1/p3bpp1/4pn1p/2pp2B1/3q4/1P2R2P/P1PN1PP1/R2Q2K1 w - - 2 18	c2c3 d4d2 d1d2	1777	01191o1t
E8h3A	6k1/1p3p2/2p2K1P/p2p2P1/3P1R2/P1P5/4r3/8 w - - 2 47	h6h7 g8h7 f6f7	1777	000g0i0p11121m1o
EdMmP	r1bqk2r/ppp3pp/2np4/2b1p3/P1B1n3/5N2/1PP2PPP/RNBQ1RK1 w kq - 0 9	d1d5 h8f8 d5e4	1777	011c1o
FybUp	r5r1/4Q1bk/1q1p2pB/2pP2P1/3nP3/P1N4P/1P6/1R3R1K b - - 0 30	a8a7 e7f7 a7f7	1777	01191o1t
G6dK9	r3r3/ppp3kp/2n1b1p1/3B1p2/3Pn3/P3B1N1/5PPP/4RRK1 w - - 6 20	d5e6 e8e6 d4d5	1777	01191o
GAXQl	rnb1k1nr/pppp1N1p/6p1/8/2B1q3/8/PPPP2PP/RNBQ2KR b kq - 0 7	e4d4 g1f1 d4c4 d1e2 c4e2 f1e2 e8f7	1777	010s1c1w
HTPA8	5k2/4rppp/Q7/8/8/7P/Pr4PK/8 w - - 0 29	a6a8 e7e8 a8a3 b2b4 a3b4	1777	0g0p0s101j
IXRSP	3b1k2/p4ppp/2B2n2/1p2B3/8/2P3PP/Pr6/4R1K1 w - - 0 34	e5f6 g7f6 e1e8 f8g7 e8d8	1777	010d0p0s10
JvR32	4k1nr/p4ppp/2p1p3/3pP3/8/2N1qN2/PrP3PP/R4Q1K w k - 0 14	c3d1 e3a3 d1b2	1777	010s191o
KLWdv	2rr2k1/5pp1/p6p/8/1b2N2Q/2N1P3/Pq1B1PPP/1R4K1 b - - 3 28	b2b1 c3b1 c8c1 d2c1 d8d1	1777	06101316191n
KbfoY	B1bkr3/3p2pp/p1p2n2/1pb5/1P1n4/2NQ1P1P/P1PP2P1/R1B3K1 b - - 0 18	d4f3 g1h1 e8e1 d3f1 e1f1	1777	0k0m0y10131619
M1SHS	6k1/3b1rp1/p3p3/1p1p4/2n2N1R/P4P2/1P4P1/4R2K b - - 3 33	g7g5 h4g4 f7f4	1777	010p0s1o
Nmp6v	1r2r1k1/1pq2ppp/2p1bn2/p1P1R3/8/2Q2BP1/PB3P1P/R5K1 w - - 1 24	e5g5 c7e7 c3f6 e7f6 b2f6	1777	0g0j10191g
OK1G9	5rk1/5p1p/6p1/2Q5/3p2Pn/1q6/r4P1P/2B1RRK1 w - - 1 32	c5f8 g8f8 c1h6 f8g8 e1e8	1777	05101316191f1n
OXwU6	2Q5/5pkp/1Q3bp1/8/7P/5pB1/P3nPPK/3q4 b - - 0 35	d1g1 h2h3 g1g2 h3g4 h7h5	1777	0p101316
PhE2u	8/r7/1k3p2/2R5/3P4/2p1P3/5P2/6K1 b - - 1 38	a7c7 c5c3 c7c3	1777	0g0p1m1o
QBZz1	2r5/p4k1p/4p1p1/1q1p4/1P2p2P/P3P1PB/5PK1/3Q4 w - - 7 35	h3e6 f7e6 d1g4 e6e7 g4c8	1777	01050p101n1p
Qmvs3	2r4k/4p1b1/3p1pQ1/1prBP3/pN3Pn1/P6q/1PP1KR2/R7 w - - 1 31	a1h1 h3h1 d5h1	1777	0g191g1o
QpFN5	5rk1/pp2qpp1/2p1pn1p/3r4/3P4/2PBQ2P/PP3RP1/5R1K w - - 6 19	f2f6 g7f6 e3h6	1777	010i191o
R5Qcs	8/6k1/2p3p1/3pbq2/8/7Q/5P2/5K1R w - - 10 35	h3h8 g7f7 h1h7 f7e6 h8e8 e6d6 e8e7	1777	0p13171w
Shy8A	r4rk1/ppp1R1pp/3q1p2/8/7Q/8/P1bN2PP/4R1K1 w - - 0 21	h4c4 g8h8 c4c2	1777	010s191o
TETeC	5r2/1pBrk3/p1b1p1p1/6P1/4p2P/1P6/1PP5/1K1R1R2 w - - 5 31	d1d7 c6d7 c7d6 e7d6 f1f8	1777	0g0i0p10
TGkhN	b2r1bk1/3q1p1p/p4p2/4p3/PPN1R3/2P2N1P/2Q2PP1/3R2K1 b - - 0 26	d7d1 c2d1 d8d1 e4e1 a8f3 e1d1 f3d1	1777	010y191w
TqS9N	2b2rk1/6bp/1q1pp3/6pN/3nP3/3P2P1/6BP/3QBRK1 b - - 1 27	d4e2 g1h1 f8f1 g2f1 b6g1	1777	0i0k0m0y10131619
Uz44Z	r3r1k1/pp3pp1/2p1nn1p/3p1N2/3P1q2/3B1Q1P/PP3PP1/R3R1K1 w - - 0 18	e1e6 f4f3 e6e8 a8e8 g2f3	1777	010y1019
WQLz0	r1bqkb1r/5ppp/p1np1n2/1p1Np3/8/1N1QB3/PPP2PPP/R3KB1R w KQkq - 2 11	e3b6 d8d7 d5c7 e8e7 c7a8	1777	010s101c
YYgUp	1r6/2R4p/3Q1ppk/1p2pbN1/1P4n1/P3q1P1/6BP/7K w - - 4 27	c7h7 h6g5 h2h4	1777	1315191n1o
YraZ9	r2q1rk1/5ppp/p2p1n2/2pPnQ2/1p6/3BP3/PP1B1PPP/R4RK1 b - - 3 17	g7g6 f5h3 e5d3	1777	01191o
ZWwvv	3rr1k1/pp5p/5Rp1/2pbq3/8/PP2P1QP/2P3P1/5RK1 w - - 0 27	f6f8 g8g7 g3e5 e8e5 f8d8	1777	010w0y1019
a9TIG	3Q1N1k/1p4pp/3p2q1/p2Pn3/P7/1B5P/1PP2rPK/6R1 b - - 0 27	e5f3 h2h1 g6g2 g1g2 f2f1 g2g1 f1g1	1777	031317191g1n1w
aPx1K	1k1r3r/p1p1q1pp/1pn2n2/2pN2B1/4P3/8/PPP1QPPP/R4RK1 b - - 3 14	d8d5 g5f6 g7f6	1777	01191o
aa2SQ	7r/p3Rpk1/8/4b3/7r/6N1/P1P2PP1/5RK1 b - - 0 31	h4h1 g3h1 e5h2	1777	0p13151n1o
b0BZD	2kr1b2/pq1bpQp1/2p4r/1pBpp3/6p1/1BNP4/PPP2PPP/R3K2R b KQ - 3 25	d7e6 f7f8 d8f8	1777	01191o1t
bNu3v	rn2k2r/p1pnqppp/bp2p3/1N1pP3/3P4/5N2/PPP2PPP/R2QKB1R b KQkq - 3 9	a6b5 f1b5 e7b4	1777	011c1o
bvuSr	8/ppp4p/4R1p1/5N2/6kP/2q5/P5P1/2r2R1K w - - 1 31	e6e4 g4h5 g2g4	1777	0p13151o
dgYxb	r2q1rk1/ppp1n1pp/8/3p1b2/3Pn3/1BN5/PP2NPPP/R2QK2R b KQ - 1 13	e4f2 e1f2 f5c2 f2e1 c2d1	1777	040g0j0k101c1n
do3UU	8/8/8/4p1k1/4B1Nr/P1p2PKp/8/8 b - - 3 52	h3h2 g4h2 h4e4	1777	000g0p1o
eDzco	8/5pp1/3Q4/5qkp/8/7P/5PP1/6K1 w - - 4 48	h3h4 g5h4 d6g3	1777	050p13151i1o
fMJ5m	6rk/p1p3rp/1p3Q2/6R1/4q3/8/6PP/5R1K w - - 1 37	f6g7 g8g7 f1f8 g7g8 g5g8	1777	0d0p1013161n
gGWi7	3r1bk1/R2P4/5pp1/5n2/1r3B1P/5P2/KP1R4/8 w - - 3 43	f4c7 d8d7 d2d7	1777	01191o1t
iO0iB	1k6/5R2/pp1Pp1p1/4r2p/P6P/8/1P6/1K6 w - - 0 42	f7f8 b8b7 d6d7	1777	000g0p1m1o
iohZ7	8/p3Qpkp/1q3np1/3p2Nn/6PK/5P2/4p2P/8 w - - 0 40	e7f7 g7h6 f7f8 h5g7 g5f7	1777	0p1011121316
kECoy	3rk2r/p1p2pp1/1pn1p2p/3q4/4n3/1P3NP1/P1PN1P1P/R1BQR1K1 b k - 2 15	e4c3 c1b2 c3d1	1777	01191o1t
kvSV7	3k2r1/7p/4Q2p/p3p1q1/P1pP4/2P3PP/5r2/R4R1K b - - 1 28	f2h2 h1h2 g5g3 h2h1 g3g2	1777	050p0r1013161n
lALEL	5k2/3R3p/2p2ppb/P7/1R1B4/2P4P/1r2r1P1/6K1 b - - 3 37	e2e1 g1h2 h6f4	1777	0p13151o
lRArC	r5rk/5p1p/p4P2/3qpR2/3p4/3Q4/PR4PP/6K1 w - - 3 25	f5h5 e5e4 d3h3 d5h5 h3h5	1777	010p101l
m7NnY	3r2k1/QR3pp1/1p2p2p/8/4N3/2P1qBP1/Pr5P/5R1K b - - 0 27	e3f3 f1f3 d8d1 f3f1 d1f1	1777	101316191n
n4Y48	r7/2p2k1p/2p3p1/P1P2p2/2R5/1Q5P/5P2/q5K1 w - - 3 35	c4c1 f7f6 c1a1	1777	0g0j0k0p1o
npFXD	3r3k/pp4p1/3r2p1/8/4QR2/P1q4P/6P1/4R1K1 w - - 0 41	e4e8 d8e8 e1e8 h8h7 f4h4	1777	0p1013161n
oDT3h	r1b5/1p4k1/p2q1r2/3Pbp1Q/P7/7R/6PP/R6K w - - 0 29	h5h8 g7f7 h3h7 f7g6 h8g8	1777	0r10131619
oLWFW	3rk3/4b1p1/p3Q3/2q1p3/1p2P3/5r1B/PPP5/1K1R4 w - - 0 34	d1d8 e8d8 e6d7	1777	051315191g1o
pBrJd	3r1rk1/2q1b1pp/p2p4/2p1p1B1/1p2n3/8/PP1QNPPP/3R1RK1 w - - 0 23	d2d5 f8f7 g5e7 c7e7 d5e4	1777	010s10191g
pXeuA	4r1k1/p4pp1/1p5p/1N1pq2b/8/P1RQP3/1P1n1PPP/5RK1 b - - 2 24	d2f3 g2f3 e5g5 g1h1 h5f3	1777	0w0y101316191n
qhUSj	rr4k1/3nqpbp/5np1/p7/2P1N3/P4N1P/1BQ2PP1/R3R1K1 b - - 0 21	b8b2 c2b2 f6e4	1777	010i191o
qlgKm	8/p1r3p1/3k3p/5p2/PK3P1P/1PR3P1/8/8 b - - 8 44	a7a5 b4a5 c7c3	1777	0g0i0p1m1o
quvmr	8/p7/3p4/7P/r2p2r1/5k2/P5R1/3R2K1 w - - 0 38	d1f1 f3e3 g2g4	1777	0g0i0p1m1o
r9LEB	1r3k2/5pp1/6p1/3p4/Q7/P1P2P2/1P1Nq1Pr/2K3R1 w - - 1 29	a4f4 e2b5 f4h2	1777	010p0s11121o
rkw5V	4r1k1/6pp/p7/b2p4/1B1P4/1R6/1P4PP/6K1 b - - 5 34	e8b8 b3a3 a5b4	1777	010p1o
sxQGs	r4k2/1pN3R1/3p1q2/p4b2/8/1BP5/PK6/8 w - - 1 35	g7g8 f8e7 c7d5 e7e6 d5f6 e6f6 g8a8	1777	0g0j0k0p0r0s1w
t35bH	8/2p2kpq/p2p3p/3b2P1/7Q/4B2P/P3rP2/R5K1 w - - 0 43	h4h5 h7g6 h5e2	1777	010p0s1o
tNusO	1r1q3r/3pk3/pp1bpn2/n1p3B1/2P1B3/8/PP3PPP/R2QK2R w KQ - 1 18	g5f6 e7f6 d1d6	1777	01191o
vRTsl	r2q1rk1/1B4p1/pn5p/5b2/P2p4/7P/1P3PPK/1NRQR3 b - - 0 25	d8b8 h2g1 b8b7	1777	010s191o
xBGCf	2kr2r1/pbp2qp1/1p5p/3nn3/1P3P2/PQN1B1P1/6BP/3R1RK1 b - - 0 19	d5e3 g2h3 c8b8 b3f7 e5f7	1777	010s0t1019
xLUvX	4r2r/pp3k2/8/1Pb2p2/2p2N2/P3PPP1/3Q1KPq/R7 w - - 0 34	d2d5 f7g7 d5c5	1777	0g0s11191o
xdswq	r1r2k2/1b3pp1/pp2pq2/3P4/3PBn2/1PN5/P1Q2PPP/2RR2K1 b - - 0 21	c8c3 c2c3 f4e2 g1f1 e2c3	1777	01050s10191n
y0C45	r1bq1rk1/pp3ppp/2n1p3/4Q3/8/2PB1N2/P1P2PPP/R3K2R w KQ - 1 14	d3h7 g8h7 e5h5 h7g8 f3g5 d8g5 h5g5	1777	050g0y191n1w
1BcnR	rnbq1knr/1p2ppbp/p5p1/1B2N3/3Bp3/7P/PPP2PP1/RN1QK2R w KQ - 0 9	e5g6 h7g6 d4g7 f8g7 d1d8	1778	0g0j101c
1x0MA	7k/1bQp2pp/p2P4/1p3P2/7q/1BP5/P1P1r1PP/6RK b - - 3 25	b7g2 g1g2 e2e1 g2g1 h4e4	1778	0p0y1013161n
2y7xY	8/6k1/p2p1q2/1p4p1/5b2/PP5R/2Q5/4K3 b - - 3 54	f6e6 c2e2 e6h3	1778	0g0p0s1o
403CP	5rr1/1p5k/p1pq3b/3p1R2/7B/2PQ3P/PP6/6RK b - - 0 34	g8g1 h1g1 d6g6	1778	050g191o
5A3ZD	4r1k1/ppp3pp/5p2/2Pqr3/3pN2B/5Q2/PPP3PP/4R1K1 w - - 4 20	e4f6 g7f6 f3d5 e5d5 e1e8	1778	010j0y1019
5yfkV	2R5/1k3p2/N5p1/5q2/1K1B4/8/8/8 w - - 4 41	c8c7 b7a6 c7a7	1778	0p13151d1n1o
7HIHD	8/1pkn1p1N/4p1p1/2Pr4/8/2R4P/P4PPK/8 b - - 0 34	d5h5 h7f8 d7f8	1778	010p111o1t
86HVi	8/8/8/7p/4kB1P/3pp1P1/8/5K2 b - - 5 54	e4f3 f1e1 d3d2	1778	00080g0p1o
8QHk8	5k2/b7/3p2p1/3N4/4r3/2B4P/2P3QK/1q6 w - - 0 34	g2f3 f8g8 d5f6	1778	0g0p0s11121o1r
9XPZz	5rk1/5p1p/p1bN1p2/1p6/3R4/P4p1P/2P2r2/3R3K w - - 0 29	d4g4 g8h8 d6f7 f8f7 d1d8 c6e8 d8e8 f7f8 e8f8	1778	0d0i0p13181n1w
AMr0c	r1b1kr2/pppp2pp/2n5/5q2/2B1p3/2KPQ3/PPP3PP/RNB4R b q - 0 13	f5a5 c3b3 a5b4	1778	13151c1o
AP8GN	2r3k1/4ppbp/Q3b1p1/8/8/4BB1P/q4PP1/3R2K1 w - - 3 23	a6c8 e6c8 d1d8 g7f8 e3h6	1778	010s10191g1n
BNQ5t	5rr1/3p1p1p/p1b1p3/1p6/1P1P1R2/P1k5/4B3/2KR4 w - - 0 31	d1d3 c3c4 d4d5	1778	0j0k0p13151o
C9fZy	5rk1/5pp1/4p2p/P2b1q2/8/4Q1P1/5PP1/R3R2K b - - 0 26	f5h3 h1g1 h3g2	1778	0p13151g1o
CJFj4	4rrk1/1p2qb1p/p1p3n1/P1Pp2p1/3Q4/1PR1pP2/4BNPP/3R2K1 w - - 0 33	f2g4 g6e5 c3e3 e5g4 e3e7	1778	010v0w1019
Cichg	3B3k/3n1pp1/4p3/3nP3/2r1BP2/1R3KP1/7P/8 b - - 0 36	c4e4 f3e4 d7c5 e4d4 c5b3	1778	01050p0s101n
En5mM	6rk/ppp1R2p/1q3prB/8/6PQ/5P2/PPp3KP/8 w - - 0 26	e7h7 h8h7 h6f8 g6h6 h4h6	1778	0j0k0p1013161n
FLQJO	1k5r/p4p2/Pp1r3p/2B1n2q/2P3pP/1R1P2P1/5P2/2Q2RK1 b - - 0 31	e5f3 g1h1 h5c5	1778	0g0j191o
GRRii	8/p5k1/3b2p1/3p4/2pP1NKP/P1P2p2/1PR5/7r b - - 1 46	h1g1 g4f3 g1f1 f3g2 f1f4	1778	0g0i0p10111p
HrzFo	2rq1r2/1p2bppk/pn2p1Np/1b1p2B1/3P3P/3QP3/PP3PP1/1K1R3R w - - 0 19	g6f8 h7g8 d3h7 g8f8 h7h8	1778	0k0m10131619
HvnsG	2r4k/p3R1pp/1p1p1n2/8/2P2R2/8/P5PP/7K b - - 4 34	f6d5 e7a7 d5f4	1778	010p1o
JdLPF	r3k2r/ppp2p2/2n1bn1p/6N1/8/4P1P1/PPP2PP1/RN1K1B1R b kq - 0 11	e8c8 b1d2 h6g5 h1h8 d8h8	1778	010c0j0k0w1019
Kuk9X	7k/8/8/3p4/p2K1P2/1Pp5/2P5/8 b - - 0 39	a4a3 d4c3 d5d4 c3d4 a3a2	1778	000g0p101e1n
MeOYr	5r1k/pp4pp/2b1Q3/8/4P3/P3p1NP/1P3qPK/5R2 b - - 1 29	f2f1 g3f1 e3e2 f1g3 e2e1q	1778	000g0p101h1n
MzpTd	r4rk1/5ppp/b3p3/3pq2B/2p5/2P4R/2Q2PPP/3R2K1 w - - 2 25	c2h7 g8h7 h5f7 e5h5 h3h5	1778	0i0j0k0y101316191f1n
Nuykk	r4rk1/ppn1b1pp/2p1p3/2Pp4/3P4/P5PB/1P3q1P/R1BQR2K w - - 2 19	e1f1 f2f1 h3f1	1778	0g191o1t
PSTeZ	5r2/p4pkp/6p1/2pbq3/8/P2BP3/1P1n1PPP/R1Q2RK1 b - - 3 23	d2f3 g2f3 e5g5 g1h1 d5f3	1778	0w0y101316191n
PUNHm	3r1k2/3r1p1p/3N1QpP/8/5PP1/Pp2q3/1P6/K2R4 w - - 1 35	f6g7 f8e7 g7f7	1778	0p13151o
PpbJh	Q7/6rk/4Q3/P3p2r/4P3/3P1p2/2P2RBq/R4K2 b - - 0 37	h2h1 g2h1 h5h1	1778	111315191n1o
Q5lCh	6k1/p1p3p1/4p2p/2PpPr2/q4PQ1/8/P3N2P/5RK1 b - - 2 33	f5g5 g4g3 g5g3	1778	010p1g1o
RpZCt	5r1k/p2Q3p/5b2/8/8/1P2PN2/P1r3PP/6K1 b - - 16 30	f8d8 d7d8 f6d8	1778	0g0p1o
S8HPo	7r/1pk5/4Q1p1/3p1qN1/p1pP1P2/PnP3K1/1P4R1/8 b - - 0 43	h8h3 g5h3 f5e6	1778	0g0i0p1o
T0AcG	4k2r/3n1p2/2b1p2p/1p4q1/2pP2p1/5PB1/4B1PP/Q4K1R w k - 1 23	d4d5 g5f6 a1f6	1778	010j191o
UuC4x	r1bq1r2/1p2npbk/p1npp1pp/8/2BNP3/P1P1BQ2/1P2NPPP/3R1RK1 b - - 0 13	c6e5 f3g3 e5c4	1778	0g0s191o
Uxjnk	5rk1/pp2r1p1/3p4/6QR/2P1q3/7P/P5P1/5R1K w - - 4 28	h5h8 g8h8 f1f8 h8h7 g5h5	1778	050i0p101316
Voek9	r2q2r1/6k1/ppQP3p/4p1b1/1BPp4/3P2P1/PP5P/5RK1 w - - 1 27	c6b7 g7h8 f1f7 g8g7 f7g7	1778	0g10191l
Wi6Pl	r5k1/2p2ppp/2p4q/3p4/1B1Pn3/P3PPrP/1P2Q1P1/2R2R1K b - - 0 23	g3h3 g2h3 e4g3 h1g2 g3e2	1778	0g0s10191n
WsDaD	5r1k/p1q4p/1p5Q/4Nb2/5P2/1B4P1/PP1r3P/4R1K1 b - - 2 31	c7c5 g1h1 f5e4 e1e4 c5c1 b3d1 c1d1 e4e1 d1e1	1778	1318191n1w
aQOUr	4Q3/6kp/8/5pK1/5P2/2q4P/P5B1/8 b - - 0 39	c3f6 g5h5 f6h6	1778	0p13151o
axlCC	8/6p1/pppNk1p1/4Pb2/1pPK4/P2P4/7B/8 b - - 0 46	c6c5 d4e3 b4a3	1778	0g0p111o
dY7Cb	2r1nrk1/1bq2p1p/p3pBp1/1p4P1/1P1p4/P2BPR1Q/6PP/n2N2K1 w - - 0 25	h3h7 g8h7 f3h3 h7g8 h3h8	1778	050y101316191d1n
iKeAg	2r3k1/prq1bpp1/3p3p/4p3/4P3/Q1N5/PPPR1PPP/1R4K1 b - - 7 21	c7c3 a3c3 c8c3	1778	01191o
j06md	2r3k1/7p/3q1pp1/PQ1n2B1/3p3P/P5N1/5PP1/6K1 w - - 0 29	g3e4 d6e6 b5d5 e6d5 e4f6 g8f7 f6d5	1778	01050b0i0p0s1n1w
jMMhz	r5q1/1p3kpQ/p3p3/3p2R1/2pP4/2P2r1P/PP6/3K3R w - - 2 29	h7h5 g7g6 h5f3	1778	0g0p0s1o
jiuMA	r1bqk2r/pp1pbppp/2n5/3Np1B1/4n3/5N2/PP3PPP/2RQKB1R w Kkq - 0 9	g5e7 c6e7 d5c7	1778	011c1o
oAy6B	6k1/pp3pb1/3p4/q2P2Np/P1P5/1P5P/2Q2PP1/4R1K1 b - - 0 26	a5e1 g1h2 e1e5 g2g3 e5g5	1778	010p0s10
ofWHd	r7/ppq2kp1/2p2n1p/3b1N2/3N4/8/P1Q2PPP/KR6 w - - 6 24	b1b7 c7b7 f5d6 f7g8 d6b7	1778	050g0s10191g1n
oiy7E	r6k/pb1p1Bbp/1qpB2p1/8/4r3/7P/PPPQ2PK/4RR2 b - - 4 19	e4d4 d2g5 d4d6	1778	010s191o
pHO5q	1r6/pb3k2/4pq2/8/2QP4/4P3/1P2nPPP/R4R1K b - - 0 26	b7g2 h1g2 b8g8 g2h1 f6f3	1778	05101316191n
rXrzL	r4rk1/pp2ppbp/3p2p1/q2Pn3/6bP/4BNP1/PPPQ1PB1/R3R1K1 b - - 6 18	e5f3 g2f3 a5d2 e3d2 g4f3	1778	0g0s1019
s0tlO	4rk2/3Qbppp/8/2B5/p7/8/2q2PPP/3R2K1 w - - 4 27	d7e7 e8e7 d1d8	1778	0d0p13151g1n1o
sgZHI	6r1/2Pk1p1p/4pp2/1P6/2QP4/5q2/6PP/1N4K1 w - - 1 41	c7c8q g8c8 c4c8 d7c8 g2f3	1778	000g0p101h
u0ThN	4rqk1/p1p2pp1/2p4p/5b2/P1B1R3/3P1P2/Q5PP/6K1 w - - 5 23	c4f7 g8h7 e4e8	1778	0g0p0s1o
vj6j8	r3n2k/3r2p1/1pp4q/2ppP3/6bP/1BP3P1/PP1Q4/1K2RR2 w - - 0 28	f1f8 h8h7 b3c2 g7g6 f8h8 h7h8 d2h6	1778	050g0i0y191w
wI0m1	r1b1k2B/ppppqp1p/8/1Pb5/3nn1Q1/3B4/P1PP1PPP/RN2K1NR b KQq - 1 10	e4f6 g4e2 d4e2	1778	010j0k191o
wm8em	r3k2r/pp3ppp/2nb1n2/2pqNb2/3Pp3/2P5/PP2BPPP/RNBQ1RK1 w kq - 2 10	e2c4 d6e5 c4d5	1778	0g191o1t
zyRgZ	6k1/2p1p2p/Q5pB/1p6/Pnp5/6P1/1q5P/5K2 w - - 1 30	a6e6 g8h8 e6c8	1778	0p13151o
029k3	r5k1/1p2b1pp/1qpp4/p3p3/2P1P1b1/P1N2N2/QP4PP/5RK1 w - - 5 24	c4c5 g8h8 c5b6	1779	0g0j0k191o
0wUD9	2r3k1/p5pp/1p3p2/3q4/PP6/1np5/4R1PP/4Q1K1 w - - 0 31	e2e8 g8f7 e8c8	1779	010p1o
1kgLE	1r2r1k1/3R4/1qn2B1p/4pBpP/p7/P7/1P3PP1/R5K1 w - - 4 33	f5h7 g8f8 f6g7	1779	1315191o
2tm1s	3r3k/1p1q2pp/b2B1p2/8/2p1Q3/P1P4P/1P3PP1/4RK2 b - - 6 33	d7d6 e4e8 d6f8	1779	010p0t1o
34nw8	6rk/p2r1p2/4Nn2/2Q1R2p/PP3p2/5Pq1/6B1/5K2 w - - 5 39	e5h5 f6h7 h5h7 h8h7 c5h5	1779	050r10131619
3Hjnz	rn2r3/p1p3bp/1pk1b1p1/3N2p1/PPB5/8/2P2PPP/3R1RK1 w - - 1 18	c4b5 c6b7 b5e8 e6d5 d1d5	1779	0110191p
4U1yZ	b4rk1/6qp/p2p1R1Q/2p3N1/8/P2n4/1P4PP/5R1K b - - 0 30	g7h6 f6f8 h6f8 f1f8 g8f8	1779	0g1019
4ulBB	r3rbk1/1p3p1p/p1pp1np1/8/1PP2Pq1/3B1Q2/P3R1PP/4R1K1 w - - 8 31	f3g4 f6g4 e2e8 a8e8 e1e8	1779	011019
5SbLV	2k1r3/1p3Rp1/2p3p1/3p4/3P4/BP2n3/PP2KR2/2r5 w - - 7 30	f7f8 c1c2 e2d3 e8f8 f2f8	1779	010h0p10
5qztE	6rk/pb1n1p1p/4pPr1/1p1qB2Q/3pR3/1P1B1P2/P5PP/6K1 w - - 2 30	h5h7 h8h7 e4h4	1779	050y1315191g1n1o
62gyh	r2q2k1/pbpn2pp/1p1bp3/3pN3/2PP3r/1P1B1P2/PB3QPP/2R2RK1 b - - 2 15	d7e5 d4e5 d6c5 c4d5 c5f2	1779	0g10191g
8e0Rd	3r3k/ppN2Qbp/5np1/8/1PB1Pp2/P4P1P/1q3PRK/8 b - - 0 29	d8d7 f7e6 d7c7	1779	010v191o
8y9xc	1q1r2k1/6p1/3B1p1p/2P1p3/8/3QP2P/6PK/8 w - - 3 37	d3c4 g8h8 d6b8	1779	0g0p1o
B9yt0	2kr3r/ppp1n1p1/5p2/8/PP2RPp1/8/2PBQbPP/RN5K b - - 2 19	h8h2 h1h2 d8h8	1779	050y1315191f1n1o
D6H08	8/P7/8/8/1P6/2k1p3/3p4/3K4 b - - 0 56	c3d3 b4b5 e3e2	1779	000p1113151e1o
DH1YA	r1bqkb1r/ppp2ppp/1nn5/4p3/3p1B2/1B3Q2/PPP1NPPP/RN3RK1 w kq - 0 10	b3f7 e8f7 f4g5 d8f6 g5f6	1779	01040j0k101c1n
GqOQ7	8/3b2kp/2q1ppp1/2n5/6NQ/2P5/1KP2PPP/3r4 w - - 0 31	h4f6 g7g8 g4h6	1779	0p13151o
HkwXa	1k6/1p6/1pb1p3/8/8/2Pp2P1/PP3R1r/2R1K3 b - - 1 46	d3d2 f2d2 h2h1 e1f2 h1c1	1779	00010p0r0s101p
IB57N	rn2k2r/pp3pp1/2pbpn2/4q2p/8/P1P2QP1/1P2BP1P/RNB2RK1 w kq - 0 12	c1f4 e5c5 b2b4 c5d5 f3d5 c6d5 f4d6	1779	010b1c1w
IPtip	8/5p2/pb2p1pp/1p1kP2P/3P2P1/P1BK1P2/8/8 w - - 0 47	g4g5 h6g5 h5h6	1779	080g0p1o
IoCs8	8/p1p4p/8/3kpp2/P4P1P/P1K2P2/2P5/8 b - - 0 39	e5e4 f3e4 d5e4	1779	0g0p1e1o
L4dem	1r5r/k4ppp/p1p2q2/3p4/5P2/1R6/4Q1PP/1R5K w - - 2 29	e2a6 a7a6 b3a3	1779	050p13151n1o
L693X	1rq4k/5R2/1p1p1p1p/1PpNr3/2P1p2P/2Q1P3/5PK1/R7 b - - 0 34	c8g8 g2f1 g8f7	1779	010s191o
LEReo	2k5/1ppq2b1/p7/3p2B1/3r4/P3Q3/1P6/1K3R2 w - - 0 33	e3d4 g7d4 f1f8 d7e8 f8e8	1779	010p101n
MiQyj	4rr1k/6pp/p7/4p3/2PRQ3/qP4P1/P6P/4R1K1 b - - 0 24	a3c5 b3b4 c5d4 e4d4 e5d4	1779	0g0p10
N7UX7	r3k2r/pp1q1pbp/1n2p1p1/2QpP3/3P4/2P2NP1/PPB2PP1/1R2K2R b Kkq - 0 17	g7f8 c5a5 b6c4 c2a4 c4a5 a4d7 e8d7	1779	01191w
NFNcD	4r1k1/4q1b1/p1b3pp/1p6/2p1B3/2P2Q1P/PP3PP1/4RK2 w - - 1 28	e4d5 c6d5 f3d5 g8h7 e1e7	1779	0e0g0r0y1019
Ni4Wo	r2q1rk1/2p3pp/1p1p1b2/4pb1P/p1P3N1/4B3/PPP1QP2/1K1R2R1 w - - 0 21	g4h6 g8h8 h6f5	1779	010y191g1o
O454i	2r1k2r/R4ppp/b1pBP3/p2p4/3P4/7P/P1P5/4b1K1 w k - 0 28	e6f7 e8d8 d6e7	1779	00040p13151o
RWyTA	r1b1k2r/1p1p1p1p/6p1/p4p2/1P3P1Q/8/P2P1RPP/qN4K1 w kq - 0 18	f2e2 e8f8 h4h6 a1g7 e2e8 f8e8 h6g7	1779	010i191w
RieZb	1q2r1k1/1p3pp1/7p/2pr4/3pnPN1/1P4QP/2P3P1/R3R1K1 w - - 2 26	e1e4 e8e4 g4f6	1779	01191g1n1o
Rpei3	8/4rp2/6p1/3BP1K1/3k1PP1/8/8/8 w - - 7 58	g5f6 e7a7 d5f7	1779	0g0p111o
UYpD9	4r3/P5RP/5p2/2pb4/5k2/8/3K4/8 w - - 0 48	g7g8 d5g8 h7h8q	1779	000g0p1h1o
UoV07	r2q1rk1/4bppp/1n1p2P1/p1p2b1P/1p2P1Q1/P2PB3/1P3P2/R2NK1R1 w Q - 0 22	g6h7 g8h7 g4g7	1779	00050j0y1315191o
Uowrn	6k1/pp3p2/3P3p/8/3n2p1/6P1/PK2Q2P/2R3q1 b - - 7 38	g1c1 b2c1 d4e2	1779	050g0p1o
XZySP	r3qrk1/pbp1b1p1/1p2p3/3nPpPQ/6N1/P2P4/1P3PP1/R1B2RK1 w - f6 0 19	g5g6 e8g6 h5g6	1779	0g191o
XeOB0	rnq1k2r/p2bn1pp/4pp2/1P6/1Q6/2B2N2/P3PPPP/R3KB1R b KQkq - 2 13	e7d5 b4b2 c8c3 b2c3 d5c3	1779	01101c
Y5hQ3	8/pR1r1q1k/8/2p1pP1p/p1P5/2P3QP/5P2/6K1 w - - 5 35	g3g6 f7g6 f5g6 h7g6 b7d7	1779	0g0p0r10
ZsKMX	rn2kb1r/pQp1pppp/2q2n2/6N1/6b1/2N1B3/PPP2P2/R3KB2 w Qkq - 1 12	f1b5 g4d7 b5c6	1779	0g191g1o
cjj6z	3r1rk1/5ppp/4p2q/1Bp5/2P1Q3/NP5R/P4PPP/1K6 b - - 2 28	d8d1 b1b2 h6c1	1779	0n1315191k1o
d3JjW	8/2R1rp1p/p4kp1/1p1B4/1Pn3P1/7P/5K2/8 w - - 4 48	g4g5 f6e5 c7e7	1779	010i0p1o
eTPjo	r4rk1/1p5p/3N1np1/2PR4/1Q2B3/1P6/4P3/q4RK1 b - - 2 31	a1f1 g1f1 f6d5	1779	0g0j0k191o
fKkg1	8/1R1nk1p1/4b2p/2b1p3/1B1qP3/1r3P1P/6P1/1Q4RK w - - 3 37	b4c5 d4c5 b7b3 e6b3 b1b3	1779	0g0j10191g
fUmG0	5R2/4p1k1/3p2p1/3n3p/3N4/2P5/r5r1/2K2R2 w - - 2 38	d4e6 g7h7 f1f7 h7h6 f8h8	1779	020p101316
gfTe9	6k1/3R1pp1/7p/1r1B4/3P4/6P1/2r2PKP/8 w - - 1 28	d7d8 g8h7 d5e4 g7g6 e4c2	1779	0g0p0s10
hHpo8	8/kp6/1b4p1/1P2p2p/2Q2pnK/P1N2R2/2Pr3P/8 b - - 1 35	b6d8 h4h3 d2h2	1779	0p0u13151o
hhxin	6k1/pp1b3p/4p3/3pB2B/2pP3P/P1P1R3/1r3rP1/6K1 w - - 2 31	e3g3 g8f8 e5d6	1779	0p13151o
imDJa	5b2/5p1p/5Bp1/pp1p4/1k1P4/1P5P/1PK2PP1/8 w - - 0 33	f6g5 a5a4 g5d2	1779	080p13151l1o
jjB8l	r1b2r1k/pp1n2pp/1qpb4/4N1B1/2BPpP2/8/PPP2QPP/R5K1 w - - 2 18	e5g6 h7g6 f2h4	1779	0y1315191n1o
kzNke	4r1k1/p1pR4/1p1n4/5N1p/3B4/2K3P1/2P1r2P/8 w - - 4 34	f5h6 g8f8 d4g7	1779	0p13151o
nfE6G	3r2k1/Q2n1ppp/3qp3/3p4/2p5/2r1PB1P/5PP1/1R3RK1 w - - 6 28	a7a5 d8c8 a5c3	1779	010s191o
ozwSw	3r2k1/p4rp1/1p3q2/2b1Q3/8/2NP2P1/PP3PKP/4RR2 b - - 7 24	f6f3 g2g1 c5f2 f1f2 f3f2	1779	0g0s1019
qXU9p	rn1qk2r/pQ1bbppp/4p3/8/8/PB6/1PPP1PPP/R1B1K1NR b KQkq - 0 10	d7c6 b3a4 c6a4 b7a8 a4c6 a8a7 c6g2	1779	010v1c1n1w
rloDS	5k2/4Np1p/p3pPP1/3p2P1/q7/2p5/1rP4Q/2K5 w - - 1 42	g6g7 f8e8 g7g8q e8d7 g8c8	1779	000i0p1013161h
sHu4i	6k1/2p1r2p/3pP3/Q2P4/2P5/Pq4PK/7P/8 w - - 0 46	a5a8 g8g7 a8d8 g7f6 d8f8 f6g6 f8e7	1779	0g0i0p1w
tAiPw	r3r1k1/4qppp/p7/2pn3b/1p1P3P/3QN1R1/PPP5/1K3RN1 w - - 0 22	g3g7 g8g7 e3f5 g7h8 f5e7	1779	050g0s10191n
tjuHs	r1bq1rk1/1p1p1pp1/2P3np/8/4Q3/P1pB1N2/5PPP/R4RK1 w - - 2 18	c6b7 c8b7 e4b7	1779	00010s191o1t
xWF2A	3rr1k1/pp6/2b2qp1/8/4p1P1/P3P3/1b1BB2R/1R1QK3 w - - 2 23	d1b3 c6d5 b3b2 f6b2 b1b2	1779	011019
zGNsm	8/8/6RP/p2P4/4K1Pk/1pb5/8/8 b - - 0 57	b3b2 g6b6 c3b4 h6h7 b2b1q	1779	000g0p101h1l
zXjXJ	r2qk2r/pp3pp1/3p1bbp/4p3/3NP1P1/2NB3P/PPPQ1P2/2KR3R b kq - 0 14	f6g5 f2f4 g5f4 d3b5 e8f8 d4e6 f7e6	1779	01191g1w
0k2rI	r4k1r/5pbp/pq4p1/1B1b4/5Bn1/8/PPP1QPPP/2K1R3 w - - 0 18	e2e8 a8e8 e1e8	1780	1315191d1n1o
0xUFE	3r1r1k/1p2RBpp/2p5/4Q3/p3P1q1/6P1/P4PKP/8 w - - 6 30	f7h5 g4e4 e5e4	1780	0g0p1o
0xh4E	6k1/6p1/p3p2p/2p1N3/2P1Pr2/7P/P3RPPK/2r5 w - - 3 33	e5d3 c1c4 d3f4	1780	010p0s1o
146lk	8/p2N1pR1/1p6/2p2P2/2n1Pk2/P1N4r/1PP5/2K5 b - - 0 31	h3h1 c3d1 c4e3 b2b4 h1d1 c1b2 d1d7	1780	010p0s1w
1b1BF	r3k1r1/p1pq1p1p/1bpp1p2/4p2P/4P3/5N1P/PPPP2R1/R1BQ3K b q - 0 14	d7h3 g2h2 h3f3 d1f3 g8g1	1780	0r0y101316191d1n
2a0PP	8/8/4k2p/1N1b4/1p2BP2/2bK2P1/8/8 w - - 3 47	b5c7 e6d6 c7d5	1780	010p1o
4tMul	2r3k1/5pp1/4b2p/8/3qNQ2/8/P1r1PPPP/3RKB1R b K - 1 18	d4b4 f4d2 c2d2	1780	01191o
50aCV	r2qkb1r/pppb1ppp/5n2/n3p3/2B5/1QP1NP2/P2PN1PP/R1B1K2R w KQkq - 2 13	c4f7 e8e7 c1a3 c7c5 a3c5	1780	041013161c
5EuC6	8/1p4k1/3q3b/3P1B1R/QP1p1P1P/pK1P4/P4r2/8 b - - 10 36	d6d5 b3a3 f2a2	1780	0p13151o
6nH20	8/7p/1p1Q2pk/4p1q1/PP2P3/5pnP/5P1K/3R4 b - - 0 33	g3f1 d1f1 g5g2	1780	0d0p13151n1o
7QKaM	1Q6/5pp1/7k/4r2q/8/1P1BPbP1/P4P1P/R4RK1 b - - 2 37	h5h2 g1h2 e5h5 h2g1 h5h1	1780	05101316191d1n
7YO7x	1R6/5Npk/1K2pn2/P6p/8/7P/6P1/2r5 b - - 4 45	f6d7 b6a7 d7b8	1780	010p0s1o
87NQU	3r2k1/5p1p/1r4n1/1P1P4/5B1q/2P2Q2/5P1P/6RK w - - 0 32	f4g5 h4c4 g5d8	1780	010s0v191o
8W3ht	2r2bk1/5ppp/pN1p4/Q7/2qN4/Pn6/KPbB1PPP/3R3R b - - 0 30	b3c1 a2a1 c4a2	1780	0k0m1315191o
9WKO7	8/3Qq3/1p3kp1/1P3p2/4p3/4P1P1/5PK1/8 w - - 9 44	d7d4 f6f7 d4b6	1780	0g0p1i1o
9YkjQ	8/5p1p/2Q3p1/3NP3/5Pk1/1r4P1/7K/1q6 w - - 0 42	d5f6 g4f5 c6d7	1780	0p13151o
A50Nn	6r1/pRp1kp2/B1q1b3/7p/5n2/2P3Np/P3QPr1/4R2K w - - 8 29	g3f5 e7f6 e2e5 f6g6 f5e7 g6h7 e7c6	1780	0g0s191g1w
AfjAU	r2qkb1r/1pp2ppp/p3p1b1/3pP2n/3P1B2/2NP1P1P/PP2N1P1/R2QK2R b KQkq - 2 11	h5f4 e2f4 d8h4 e1f1 h4f4	1780	0g0r0s101c
CZf5x	3r2k1/p4pbp/8/6p1/8/1P1B2P1/3rPK1P/1R1R4 b - - 4 23	d8d3 d1d2 d3d2	1780	010p1g1o
GEEPI	r1b2rk1/2q4p/p2p1nPQ/1p6/3pN3/2P2P2/P1P3P1/R4RK1 w - - 0 23	e4f6 f8f6 g6h7 c7h7 h6f6	1780	000g0j0y1019
IFvYA	rnbqk2r/pp4pp/2pbpn2/3p1p2/2PP4/BP2PN2/P1Q2PPP/RN2KB1R b KQkq - 2 7	d6a3 b1a3 d8a5	1780	011c1o
IHcQm	rn1q3r/p1p5/1pkpR2p/8/3P1Q2/2P5/P1PN1PKP/R7 b - - 0 18	d8g8 g2f1 g8e6	1780	0g0s191o
IQAuV	6r1/1pp2p1k/p2p1r1P/3PpP2/4N1n1/3Bq3/PPP5/1K4RR w - - 5 27	g1g4 g8g4 e4f6 h7h8 f6g4	1780	01050r0s1019
K2DIx	5rk1/b1p2pp1/p7/P2B4/1P6/2P3PP/8/4KR2 b - - 2 24	f8e8 e1d2 e8d8 c3c4 c7c6 d2c3 c6d5	1780	010p1g1w
KB2UU	2k1r1n1/1pp4r/p5Q1/5p2/2P1b3/1P6/PR3PP1/4RK2 b - - 0 25	e4d3 f1g1 e8e1	1780	0i0j1315191o
KqmZ5	r5nr/pN2k1pp/2n1p2b/3pP3/1P1q4/P5BB/5P1P/R2QK2R b KQ - 0 18	d4e4 d1e2 e4h1	1780	010s191o
LBOfe	r1b2rk1/2q1bppp/p2p4/1p6/1P1B1n2/P4P2/2B3PP/R1Q1K2R w KQ - 0 20	c2h7 g8h7 c1c7	1780	010j191o
LWaQ2	8/p2Q4/1p4k1/3P3p/2q5/8/5K2/8 w - - 2 66	d7c6 c4c6 d5c6 g6f7 c6c7	1780	000g0p101i
MTaUE	5bk1/1R4p1/p4pQB/3p4/3q3N/7P/5PPK/4r3 b - - 0 35	f8d6 f2f4 d6f4 h6f4 d4f4 g6g3 e1h1 h2h1 f4g3	1780	0g0i0s191w
NGeQP	rn2k3/ppp2p2/8/5Q1r/8/2P3pP/PPKBq3/R7 w q - 2 24	f5c8 e8e7 a1e1	1780	01191g1o
NRqbC	rn1q2k1/ppp2pbp/6p1/5b2/2BPN3/5Q1P/PPP3P1/R4RK1 b - - 2 15	d8d4 f1f2 d4c4	1780	010s191o
OHQVC	rn2r3/2p3k1/ppbpP2p/6q1/2BN1R2/1QP4P/PP4P1/6K1 w - - 1 23	f4g4 g5g4 h3g4	1780	0g191g1o
OaaMk	r4rk1/ppp2ppp/5b2/3q2nQ/8/3B3P/PPP2PP1/R3R1K1 w - - 0 17	d3h7 g5h7 h5d5	1780	010y191o
OuFtV	5rk1/1QR2pp1/1p2p3/5r2/4q3/6P1/PP3P1K/5R2 b - - 0 30	f5h5 h2g1 h5h1	1780	0p13151o
PWxnZ	4rk2/pp2b2p/3p1np1/2pP1p2/1qP5/3BQP2/P4KPP/2R1R3 b - - 5 22	f6g4 f3g4 e7h4 g2g3 e8e3	1780	010d0j10191n
PbjvS	6k1/3P2p1/1R5p/p3p3/P1P1N2n/3P3r/4r3/R5K1 b - - 1 34	e2g2 g1f1 h3h1	1780	0p13151o
Pnck0	r3k1r1/p2N1pBp/1p2p3/2b5/8/1P2P3/P4P1P/3RK2b w q - 1 19	d7f6 e8e7 d1d7	1780	0s1315191f1o
QmtWk	7r/1p2k3/p2p1b2/2p1p1B1/4b3/6P1/1Pq2R1P/4R1K1 w - - 8 41	g5f6 e7e6 f2c2 e4c2 f6h8	1780	010s1019
Rrfga	4rbk1/pp1n1qpr/5nQp/2p4P/5BP1/2N5/PPP2P2/2KRR3 w - - 1 21	e1e8 f7e8 g6e8 f6e8 d1d7	1780	010b10191y
S9Evk	1r6/5Q2/3bp1p1/p2p3k/3P1P2/2q3P1/1p3PK1/8 w - - 0 38	f7h7 h5g4 h7g6	1780	0i0p13151o
SA0k8	3r2k1/5ppp/7r/pp1q4/3P4/1P2PPP1/PB6/R2Q1RK1 b - - 0 29	d5h5 d1d2 h5h1 g1f2 h6h2 f2e1 h1f1 e1f1 h2d2	1780	010r0y191w
SRVot	8/8/3p1rkp/2pPp1p1/2P2pP1/qPQ2P1P/n6N/4R1K1 w - - 3 27	c3c2 g6g7 e1a1	1780	0g0p1o
SYWLU	8/6p1/3kpp2/1pp4p/P3KP2/1PP5/6PP/8 b - - 0 34	c5c4 b3c4 b5a4	1780	0g0i0p11121e1o
UVELs	r7/p2n1k2/2p1pq2/3pp1r1/4P2Q/2P2PP1/PP4P1/3R1RK1 w - - 9 25	f3f4 e5f4 f1f4 f7g6 f4f6	1780	0110191g
VaZoO	6k1/1p1q2bp/p2r2p1/P2pNp2/1Pr5/2P1Q1P1/3R1PP1/2R3K1 b - - 1 31	g7e5 e3e5 c4e4 e5d6 d7d6	1780	0110191t
WkfYH	1k3r2/1p2r1pp/1Q5n/3pN3/q7/2P4P/P5P1/R6K w - - 1 27	b6d6 e7c7 d6f8	1780	010s191o
XcbVc	5r2/2q2ppk/2p1n3/p2p1N2/P3p1Q1/1rP5/5PPP/R4RK1 w - - 0 24	g4h4 h7g8 f5e7 c7e7 h4e7	1780	0g1019
YGhxE	r3kb1r/2p2ppp/p1p2n2/8/4N3/5q2/PPP2PPP/R1B1R1K1 w kq - 0 15	e4f6 e8d8 e1e8	1780	0k0m1315191o
Zq5hr	3R4/5pb1/6kp/p1p4N/6P1/2P5/r4P1P/6K1 w - - 5 36	d8g8 g6h7 g8g7	1780	0g0p1g1o
b56Hg	r1bq1rk1/p4ppp/2B1pb2/8/1n1N4/1P4P1/PB3P1P/RN1QR1K1 b - - 0 14	b4c6 d4c6 d8d1 e1d1 f6b2	1780	01101c
bSetg	R7/p4k2/1Pn3p1/3q4/5P2/2Qp2P1/P3p3/1R4K1 b - - 0 42	d3d2 c3d2 d5d2	1780	000g0p1o
bWo50	r4rk1/1bpp1p1p/p1n3pP/bp2q3/3N4/P7/BB3PP1/R2Q1RK1 w - - 0 18	d4c6 e5b2 c6a5	1780	01191o
cOU8g	6k1/1pR4p/p3P1p1/8/8/2P4P/r5P1/7K w - - 0 26	c7c8 g8g7 e6e7	1780	000g0p1m1o
dKJnh	8/2KPBk1p/5P2/8/3r4/6p1/8/8 w - - 0 54	e7d6 g3g2 d7d8q	1780	000g0p1h1o
dQ7fT	r2q1rk1/p4pp1/2p4p/1p2P1b1/3P2b1/2PB1N2/PB2Q1PP/5RK1 w - - 1 19	e2e4 g4f5 e4f5	1780	0g191o
dVwdO	3q2k1/5ppp/2p2r2/pr1p4/N1P1nQ2/1P2P3/P5PP/3R1RK1 w - - 1 23	f4e4 f6f1 g1f1	1780	01191o
dchGk	8/p7/Pp6/4p1p1/4P1P1/2k2P2/4K3/8 w - - 1 50	f3f4 e5f4 e4e5 c3b4 e5e6	1780	0g0p101e1l
eBcRy	3rk2r/5p2/p1p1bp1p/Npb1p3/4P3/P4N2/1PPR1PPP/2K4R w k - 3 19	d2d8 e8d8 a5b7 d8c7 b7c5	1780	050g0s1019
eLyC6	r1bq1rk1/pp1p2pp/4p3/3nP3/3P4/P1N3P1/1P2N2P/2RQKR2 b - - 0 16	f8f1 e1f1 d5e3 f1e1 e3d1	1780	050g0r0s1019
hEovW	4r1k1/2q5/3bp2r/p1p2N2/2Pp2p1/PP1N4/4QPP1/1R1R2K1 b - - 0 33	h6h1 g1h1 c7h7 f5h6 h7h6 h1g1 h6h2 g1f1 h2h1	1780	050s1318191n1w
hQsFv	r1b1k2r/1pp2ppp/p1nq3n/3N4/P2QPP2/8/1PP3PP/R1B2RK1 w kq - 1 14	d4g7 h8g8 d5f6 e8e7 f6g8	1780	0g0s101c
heRPk	2R5/5pK1/5p1P/8/5P2/p1p3P1/k7/2r5 w - - 0 39	h6h7 c1h1 c8c3	1780	000g0p1m1o
j5bmM	rn1qk2r/1b3p2/pp1p1n1b/2pPp2p/2P1P1p1/2NB2Q1/PP2NPPP/R1B1K2R b KQkq - 3 14	h5h4 g3h4 h6d2 c1d2 h8h4	1780	010e0j1019
lBx0n	2q1r1k1/pp4p1/4p1Qp/1P1pn3/1B1b2NP/P7/5PP1/R5K1 w - - 0 25	g4f6 g8h8 g6h7	1780	0y1315191g1o
ldfKm	r6r/ppkbQ3/2pq2p1/2Np4/3P4/3B4/PP3P2/1K2R3 w - - 4 27	c5e6 d6e6 e1e6 a8e8 e7d6	1780	0g10191g
m55pz	8/2p2kp1/Q2b2p1/5qB1/3P3R/Pp1N4/1P2p3/1KR2r2 b - - 4 32	f1c1 g5c1 e2e1q	1780	000g191g1h1k1o
nH1NZ	5rk1/pp3rp1/2pp3Q/8/4PRR1/6PK/P7/2q5 w - - 2 32	g4g7 f7g7 f4f8 g8f8 h6c1	1780	0g0i0j0p10
nVMdH	2b2rk1/pQ3ppp/5b2/3B2q1/1P5n/P5N1/2r2PPP/1R2R1K1 w - - 3 23	b7f7 f8f7 e1e8	1780	0y1315191g1n1o
oaYpe	2r3k1/pp4pp/q3p3/1b1pB3/3PB3/PQ2P2P/1P1b1PP1/3R2K1 b - - 2 20	b5a4 b3a2 a4d1	1780	0111191o1p
oi4Tp	8/p2r1ppk/5b2/8/3q1r2/PQ5P/1P3PP1/R4RK1 w - - 2 29	a1d1 f4f2 d1d4 f2f1 g1f1	1780	011019
ps437	rnb1k1nr/ppp2pp1/7p/3q4/1b1PN3/2N5/PP2PPPP/R1BQKB1R b KQkq - 0 7	d5e4 d1a4 b8c6	1780	011c1g1o
qSI4L	4r1k1/6pp/p1pqp3/1p6/3P2R1/n1N2Q1P/5PP1/6K1 w - - 0 31	c3e4 d6f8 e4f6 g8h8 f6e8 f8f3 g2f3	1780	010p1g1w
r9M9l	4r3/8/6pk/8/R3pKP1/2P2p1P/PP3P2/8 b - - 3 30	e4e3 f4f3 e3e2	1780	000g0p1m1o
rhPA6	4kr2/4qpR1/1r1p4/pNpPpQ2/2P1P3/8/P7/2K5 w - - 11 35	f5c8 e7d8 b5c7 e8e7 c8e6	1780	0p1013161g
sTdvt	6k1/pq2bpp1/4p1r1/1p6/2r5/P2RP1PQ/5P1P/3R2K1 w - - 5 31	d3d8 e7f8 d8f8 g8f8 h3h8 f8e7 h8d8	1780	051317191n1w
sdhrU	r2Br1k1/1p3ppp/p7/3P4/1bP3b1/NP1P4/P1Q1p1PP/RB3RK1 b - - 0 19	b4c5 d3d4 c5d4 g1h1 e2f1q	1780	000i0s101316191h
soP17	3r2k1/pbp2ppp/5r2/8/8/8/PPPN1PPP/3R1RK1 b - - 3 16	f6d6 f2f3 d6d2 d1d2 d8d2	1780	010p10
t0BAR	2r2rk1/pQ3p1p/5p2/3Np3/1b2q3/8/PP3PPP/R4K1R b - - 0 18	e4c4 f1g1 c4c1 a1c1 c8c1	1780	06101316191n
wEuEC	r2r2k1/p1p2ppp/4p3/2p5/5P2/2PQBbqP/PP3RP1/R6K w - - 1 21	f2f3 g3f3 d3d8 a8d8 g2f3	1780	011019
wVOIq	2kr4/1pp2ppp/p7/q3p3/4P3/P1P1BP1P/P3Q3/2KR4 b - - 0 22	a5c3 c1b1 d8d1 e2d1 c3e3	1780	0g0i0p0r101k
xN9TE	r1b1r1k1/ppp5/3b1q1p/3p2p1/8/2PP4/PP1NBPPP/R2Q1RK1 b - - 3 15	f6e5 d2f3 e5e2	1780	01191o
xRoso	2k3r1/1ppr4/p7/5P2/1P4R1/P1PnP1bp/5P1N/B2R2K1 b - - 1 25	g3h2 g1h2 g8g4	1780	0g0y191o
xcnsC	6k1/1p4p1/p6q/2pnBP2/P5QP/1PP5/6P1/6K1 b - - 4 41	h6e3 g1h2 e3e5	1780	010p0s1o
yn8fl	8/8/5p1k/5b2/2B5/1PQ1nP2/1r5P/6K1 b - - 5 40	b2b1 g1f2 e3d1	1780	0g0p1o
z6iVs	6k1/5ppp/p2rp3/3p4/qP4P1/P3QP1P/2r5/2R2RK1 w - - 0 28	c1c2 a4c2 f1c1 c2c1 e3c1	1780	010d0p10
09Ouj	6k1/pp4p1/4p1p1/3p4/1P4r1/P3q3/1BR4P/5Q1K w - - 4 30	c2c8 g8h7 c8h8 h7h8 f1f8 h8h7 f8g7	1781	050p13171n1w
0APYD	8/3Q4/6pp/5p1k/p4P2/1q5P/6PK/8 w - - 0 53	g2g4 h5h4 d7e7 g6g5 e7e1 b3g3 e1g3	1781	0p13171i1w
0P3KI	3r2k1/pp3p2/1b2p1pP/4P1p1/8/1P3QB1/P4P1K/2q5 w - - 0 33	f3f6 g8f8 h6h7	1781	000g0p1o
2Kyby	2k2b1r/pp3ppp/8/1b1r4/8/4BKP1/PP3PBP/R2R4 b - - 1 18	d5d1 a1d1 b5c6 f3e2 c6g2	1781	0110191p
2OAqG	q5k1/5pp1/3rpn1p/1Q1p4/2r5/5BP1/4PP1P/1R3RK1 w - - 0 23	b5c4 d5c4 f3a8	1781	0111191g1o
2i6rT	rnbq2r1/pppp1k1p/5b1B/8/8/8/P2N1PPP/R2QR1K1 w - - 2 14	d1h5 g8g6 h5d5	1781	13151c1o
4Unbh	7r/p2r2p1/2k1p2p/3p4/3QqP2/1R4R1/P1PK4/8 w - - 4 31	g3c3 c6d6 d4c5	1781	0p13151o
5Fmil	r3k1r1/ppq1bp2/2n1p2B/2Pp1b2/1P6/2P5/P2NBPPP/R2QR1K1 b q - 0 16	g8h8 d2f3 h8h6	1781	0111191o
5d7Xw	3r1rk1/pQ2pp1p/6p1/8/2P4b/1P5P/P3R1P1/7K b - - 0 27	h4g3 e2e1 g3e1	1781	0g0p1l1o
7Ryuc	3Qbrk1/1pp4p/p1q3pB/8/4R3/4PP2/P4KPP/8 b - - 11 36	c6e4 h6f8 e4c2 f2g3 g8f8	1781	010p0w101g
7a0PF	k2r3r/pp5p/6p1/2b1P2n/8/2N1BP2/PP2QPBq/2R1RK2 b - - 2 23	c5e3 e2e3 h5f4 e3f4 h2f4	1781	011019
8dhTg	3R4/P7/3k4/4pK2/5p2/5P2/r1p2P1P/8 b - - 3 42	d6c7 a7a8q a2a8 d8a8 c2c1q	1781	000g0h0p101h1m
9HJcO	1r6/4ppkp/p2p2p1/q1pP4/1rP2P2/3P3P/PR3RP1/2Q3K1 w - - 5 24	c1c3 g7g8 a2a3 a5b6 a3b4	1781	0g0p10
C85RE	r4rk1/p1q1bppp/1p1p2b1/n1pPp3/4n1PN/2NB3P/PPPB1P2/2KR1Q1R w - - 0 15	h4g6 e4d2 g6e7	1781	010w0y191o
Cu2lV	7Q/5qr1/p3pk2/1p1b4/2pP1P2/6P1/PP1KR3/8 w - - 8 56	h8h4 f6g6 h4g5 g6h7 e2h2 h7g8 g5d8 f7f8 h2h8 g8h8 d8f8	1781	050g0i0p111w
Egu2G	2r4r/5k2/R5p1/1p1nPp1p/3N1P2/1PP3P1/2K4P/7R b - - 0 29	d5b4 c2b2 b4a6	1781	010p1g1o
Fxczr	6k1/pp4pp/8/5pQ1/2P1RPn1/P2r3P/1P1r2P1/6RK b - - 0 31	d3h3 g2h3 d2h2	1781	0p13151n1o
G4ZJ6	r4rk1/1pq2ppp/p3p3/8/P5Q1/R1b1B3/2P1RPPP/6K1 w - - 0 20	a3c3 c7c3 e3d4 c3d4 g4d4	1781	0110191n
GRmqk	N4k1r/4bppp/3p4/4p3/4q3/K5P1/PP5P/R1BQ3R b - - 0 24	d6d5 a3b3 e4c4	1781	0j0k1315191o
HYSvA	3r1bk1/7p/1PBp2r1/P1pPp3/4PpPq/2N3n1/2Q2RPP/R5K1 b - - 0 30	h4h2 g1h2 g6h6 h2g1 h6h1	1781	050y101316191n
HvRPC	4Q3/p7/1p6/5pp1/1P4k1/P1p5/5PPK/2q5 w - - 10 52	e8e2 g4h4 g2g3	1781	0p13151i1o
JWSFl	1r6/p4kpp/5p2/2PN4/1Pn4r/P2K1PR1/7P/R7 b - - 0 40	b8d8 d3c3 d8d5	1781	010p1g1o
KtB3u	r3k3/pp3p1p/2pp4/4pRrN/4n3/8/PPP3PP/4R1K1 w q - 2 20	e1e4 g5f5 h5g7 e8e7 g7f5	1781	010p0s101n
L3ZNi	8/pp6/2bB4/2p2k1p/2P2P2/3K2P1/PP1R3P/4r3 b - - 7 33	c6e4 d3c3 e1e3	1781	0g0p1o
NRpDX	5r2/3n2bk/6pp/pQ2p1q1/1p6/4PP1P/PP3K1B/1NRR4 b - - 2 26	f8f3 f2f3 e5e4 f3f2 g5b5	1781	01050j10191n
Qpwxe	R7/7p/2q3p1/8/1P4kP/P4Q2/2r3P1/7K b - - 2 46	c6f3 g2f3 g4g3 a8d8 c2c1 d8d1 c1d1	1781	0p13171w
Sy7YB	4r1k1/ppbn2p1/2p1p2p/5p1q/3P1nr1/2P2QPP/PPB3K1/R1B1R3 w - - 0 23	c1f4 c7f4 h3g4 f5g4 f3f4 h5h3 g2g1	1781	010b191w
TMYOv	5r2/p3N1k1/1p3pP1/8/5N2/4P3/PPK2P2/6r1 w - - 5 36	f4e6 g7h6 e6f8	1781	0g0p0s1o
UDzHD	3RQ3/p4pkp/1q4p1/1p6/8/1P5P/P5PK/5r2 w - - 0 38	e8f8 g7f6 d8d6 b6d6 f8d6	1781	010p0s10
UF84C	8/8/3R4/p1rBP1p1/1p6/3K2kp/PPP5/8 b - - 0 43	c5d5 d6d5 h3h2 d3c4 h2h1q	1781	000g0p101h1n
UjENr	8/2p2P2/3k4/4pP1Q/1qPpP3/3P4/n3B2P/3K4 b - - 4 39	b4b1 d1d2 b1c1	1781	0p13151o
VlLDr	3r2r1/Qp1k4/2p2pp1/4p2p/P3P3/q4N1P/NnP2PP1/2K1R3 w - - 2 21	a7b7 d7e6 b7b2	1781	01191o
W0TML	r1br2k1/pp3ppp/4pn2/4N3/8/P1N3P1/BP1qQ1PP/5R1K w - - 4 19	f1d1 d2d1 c3d1	1781	01191o
WIt2h	r4rk1/1p4p1/2p5/p5pQ/4P3/1PPP4/5q2/3K2RR w - - 0 28	h5h7 g8f7 g1f1 f2f1 h1f1	1781	0g0p101g
WRy2J	r4rk1/ppp2pq1/1b1pb1n1/3N2NQ/2BnP3/8/PP3PPP/R4RK1 w - - 2 16	d5f6 g7f6 h5h7	1781	0y1315191n1o
WajZC	1k1r1br1/2p4p/QpP5/3b1pq1/1P1P4/P4B2/6PP/R4RBK b - - 0 30	g5g2 f3g2 d5g2	1781	0y1315191n1o1y
YSUVW	r1b1r1k1/5p1p/2p2Pp1/p1np4/1p5Q/4P3/P1q1N1PP/4RR1K w - - 0 23	h4h6 c5e6 e2d4	1781	0111191o
drj7d	rn2k1nr/ppp2ppp/3p4/2b1p3/4Pq2/7P/PPPPQ2P/RNBK1B1R w kq - 0 8	d2d4 f4f6 d4c5	1781	011c1o
ekvhB	r3r1k1/p1p2pp1/1bQp2qp/5bB1/1P1PN3/5N1P/P4PP1/R3R1K1 b - - 0 16	f5e4 e1e4 g6e4 c6e4 e8e4	1781	011019
esE6P	2k1r3/1pp3p1/5p2/4q2p/2PQ4/P3B3/5P2/K2R4 b - - 4 29	e8d8 a1a2 d8d4	1781	0g0p1o
gZO7X	k2r4/p4pp1/6p1/1N6/4pq2/PQ5P/3r1PP1/2R1KR2 b - - 2 30	d2e2 e1e2 f4d2	1781	051315191n1o
higUv	4r1k1/pp2P1pp/3p1b2/2p5/3q1PQ1/6P1/PP4KP/4R3 w - - 1 26	g4e6 g8h8 e6f7	1781	0g0p1o
j5zOE	5k2/3r1p2/p4rpP/1p6/P3RP1P/3pK3/1P1R4/8 w - - 0 37	e4e8 f8e8 h6h7 e8e7 h7h8q	1781	00010p101h1m1n
jQfmt	r1bqr1k1/1p1pbppp/3Bp1n1/1N6/1NP1n3/8/P3BPPP/R2Q1RK1 w - - 0 15	d6c7 e7b4 c7d8	1781	011c1o1t
kf29Z	4k2r/Q2b1ppp/1p2p3/2b5/4P3/4B3/Pq3PPP/2R3K1 w k - 1 20	a7b8 e8e7 e3c5 b6c5 b8b2	1781	0g1019
lV0yi	5rkr/1p3p2/p5p1/2P1pR2/1P1pq2P/P5QK/8/5R2 w - - 0 40	g3g6 f7g6 f5f8 g8h7 f1f7 h7h6 f8h8	1781	0i0p13171n1w
lzAmY	1r2kbr1/R2b2pp/3Np3/3pPn2/3B4/1P6/5PPP/1N3RK1 b - - 2 17	f8d6 e5d6 f5d4	1781	01191o
mbUow	3rr3/2p1k2p/2Q3p1/3P4/4n3/4B3/P3qPPP/1R2b1KR w - - 3 25	c6e6 e7f8 e3h6	1781	070s1315191o
nWkbq	2k5/4b2p/1rq3p1/2PQ4/3p4/8/1P3PPP/4R1K1 w - - 1 35	d5g8 c8d7 c5b6	1781	0g0p1o
nbyzF	4r1k1/1p1q1ppp/8/5R2/4P3/P3Q3/1P4PP/3rR1K1 b - - 2 27	d1e1 e3e1 d7f5 e4f5 e8e1	1781	0g0p10
o7IvW	3r2k1/1PQ2p1p/6p1/3pb1q1/8/5r1P/5PP1/2R2RK1 w - - 1 27	c7d8 g5d8 c1c8 f3b3 c8d8	1781	01050d10191g1n
oNoQc	r3r1k1/pp1n1ppp/2p5/3q4/8/P1P5/4QBPP/R2R2K1 w - - 4 23	d1d5 e8e2 d5d7	1781	01191o
olEj0	4k2r/Q3bppp/3qpn2/2p5/2P5/1rNPB1P1/3K1PBP/7R w k - 0 18	a7a4 f6d7 a4b3	1781	010s191o
otCCb	8/1p1q3k/p1p1N1pp/4pQ2/1P4P1/P1n5/5PK1/2Br4 w - - 0 41	e6f8 h7g8 f5d7 d1d7 f8d7	1781	010j0p0s10
qAYRx	r2q1r1k/pp1b3p/n2p1npQ/2pPp2P/2P1PpP1/P1N2P2/1P2N3/R3KB1R b KQ - 0 16	f6g8 h6f8 d8f8	1781	01191o1t
sN42C	7r/1Q1n1pp1/B1pkp1p1/1P4q1/3P4/2P4r/P4RP1/R5K1 w - - 1 24	b7c6 d6e7 f2f7 e7f7 c6d7 f7g8 d7e6 g8h7 e6h3	1781	050g0i0v191w
slaZc	5rk1/3q1ppp/2nb4/1p5N/1Pp1Pp1P/2Pp1b2/1B1P1P2/Q3K1R1 w - - 0 23	h5f6 g8h8 f6d7	1781	01191g1o
suEnw	4r1k1/2p2pp1/p1nq3p/3p1bN1/Q2P4/1PP5/1P3PPP/2KR1B1R b - - 0 20	d6f4 d1d2 e8e1	1781	0s1315191f1o
tRxKl	6k1/Q2R4/2qp1bpB/2p1p3/6P1/7K/5P2/8 b - - 0 43	c6h1 h3g3 f6h4	1781	0p13151o
uPqs9	r1b1kb1r/pp3ppp/1q1Npn2/2n5/5B2/3B1N2/PPP2PPP/1R1QK2R b Kkq - 1 10	f8d6 f4d6 b6d6 d3b5 e8e7	1781	010h101c
v8mKU	5rk1/2P2ppp/1P6/8/r1B5/6P1/5QKP/2q5 w - - 2 33	f2f7 f8f7 c7c8q	1781	000i0p13151g1h1o
vrpj6	r5k1/2P2pp1/2Q5/4p1q1/4P3/1PP2P1p/1P4PP/6RK b - - 1 28	h3g2 g1g2 a8a1 g2g1 g5g1	1781	000p101316
wSQLK	5r2/1p6/p2p2kp/3Npn2/2q5/P3R3/1P3QPP/1K6 w - - 0 31	d5e7 g6f7 e7f5	1781	010i0p1o
whD4g	3q1r2/1b1n1pk1/p2pp3/1p5Q/1P1bn3/P6R/B1P2PPP/R5K1 w - - 0 21	h5h6 g7g8 h6h7	1781	1315191o
ycssU	r5rk/1b3p1p/3q1P2/2b1p2N/p3n1Q1/3p4/BPP3PP/3R1R1K w - - 2 28	g4g7 g8g7 f6g7 h8g8 a2f7	1781	000e0y101316191n
zYChG	8/1p4pk/5rbp/P4p2/1P3Q1P/4PNK1/5RP1/5r1q w - - 1 49	f2f1 h1f1 f3g5 h6g5 f4f1	1781	010j101119
zwWDV	6k1/5p2/p2p1P2/2p5/2Pq4/P4Q2/4rRP1/6K1 b - - 3 36	e2e1 g1h2 d4h4 f3h3 h4f2 h3g4 g8f8	1781	0g0h0i0p1w
0D0b2	2r4r/p2qp1k1/1pP2pp1/8/4B3/3P2PP/1Q2P2K/1RR5 b - - 0 28	d7h3 h2g1 h3g3	1782	010i191o
0blcF	3k4/4RP2/1p2K3/p6r/P7/6P1/7P/8 b - - 0 39	h5h6 e6d5 d8e7 f7f8q e7f8	1782	0g0i0p101m
3lme2	1r5k/6pp/8/4Q1N1/5p2/1q5P/p5PK/1q2R3 w - - 0 44	e5e8 b8e8 e1e8 b3g8 g5f7	1782	0p1013161g1n1q
4rzzN	2r1brk1/5pp1/p1n1p2p/1p1p4/3P1QN1/P1qB3P/2P2PP1/R3R1K1 w - - 2 22	g4h6 g7h6 f4h6 c3d3 c2d3	1782	0g0y1019
5t9eI	r6k/1bp1qPb1/p4RQp/2pP4/8/2N5/PPB3PP/4N1K1 b - - 0 23	e7e1 f6f1 g7d4 g1h1 e1f1	1782	0i0t0y10131619
7KoGr	6k1/p3Qp2/1p4pp/3P4/5N1P/5PPK/P7/q7 b - - 0 37	a1h1 h3g4 f7f5	1782	0p13151o
7nllk	5q1k/1p3P1p/2p3P1/8/r2b4/3P1Q2/1PP4P/1K1R3R b - - 0 27	a4a1 b1a1 f8a3 a1b1 a3b2	1782	050p1013161g1n
85zet	1rbq2k1/1p2p2p/p2p2pQ/2pPn1PB/P3P3/2N5/1PP2P2/R3K2R b KQ - 0 20	e5f7 h5g6 f7h6	1782	01191o1t
879IL	rnbqkb1r/pp3p1p/2p1pnp1/3p4/2PP4/BP2PN2/P4PPP/RN1QKB1R b KQkq - 1 6	f8a3 b1a3 d8a5 d1d2 a5a3	1782	010s101c
97QHx	r4rk1/2q3pp/p2p4/5b2/P2Q3N/7P/3N1PP1/R5K1 w - - 0 26	d4d5 c7f7 h4f5 f7d5 f5e7 g8h8 e7d5	1782	010s0w191n1w
ABHSy	2r3k1/1b6/p1nBN3/q3bQ2/1pP5/1P6/4B1PP/3R2K1 b - - 0 30	e5h2 g1h2 a5f5	1782	0g0j191o
B0FOr	r7/1pp1k1q1/p1p4r/2b1p1p1/4N1Q1/3P2B1/PPP2PP1/R4RK1 b - - 8 20	a8h8 g3h2 h6h2	1782	01191l1o
BOlIb	8/4r1k1/PR6/1K5p/5R1P/6P1/5P2/2r5 b - - 4 54	e7e5 b5a4 c1a1 a4b3 a1b1 b3c3 b1b6	1782	010p1m1p1w
CRq5r	2r5/p2Q4/3p2pk/3p2p1/1p1P1P1P/8/PP3K2/7q w - - 1 33	h4g5 h6h5 d7h7 h5g4 h7h1 c8c2 f2e3	1782	0g0h0p1p1w
E8cqh	7Q/3k2K1/3Pp3/4P3/1p1B4/p7/8/7r b - - 0 53	h1h8 g7h8 b4b3 d4c5 b3b2 c5a3 b2b1q	1782	000g0p1h1w
EgPtq	2k5/p1pr1p2/2p5/1p2Q3/4P3/P1N4q/1P5B/2R4K b - - 1 25	h3f3 h1g1 f3e3 g1f1 e3c1	1782	010p0r0s10
EgZ6Z	3R4/8/8/r1k3p1/6P1/1p3P2/5K1P/8 b - - 1 44	b3b2 d8b8 a5b5	1782	000g0p1m1o
GJ9qL	r4rk1/p5pp/2pQp3/8/1b2PR2/8/PqP3PP/5R1K w - - 1 19	f4f8 a8f8 f1f8	1782	1315191o
Gkroj	r1bqk2r/ppp1np1p/6p1/3N2B1/3nP3/8/PPP2PPP/R3KB1R w KQkq - 0 10	d5f6 e8f8 g5h6	1782	13151c1o
H52ar	1q4kr/5R2/4p2p/p2pN1p1/3Pb1P1/P1P5/5QP1/4K3 w - - 3 39	f7g7 g8g7 f2f7	1782	050p13151n1o1s
ITZBu	r3r1k1/p1pn1pbp/2p3p1/6q1/4PP2/1PN5/PBP1Q1PP/R4RK1 b - - 0 14	g5c5 g1h1 g7c3 b2c3 c5c3	1782	011019
JeBNJ	8/1qpk1prp/1p1p2p1/pPnN2P1/4R2P/3R4/P1P2P2/2K5 w - - 1 29	d5f6 d7d8 e4e8	1782	0p13151o
K5YEM	5R2/pp1Nk1pp/4P3/8/3p2PK/3q3P/8/4R3 b - - 0 39	g7g5 h4g5 d3d2	1782	050g0p0s1o
KpzQl	rn1q1r2/pp2pp2/2pp2p1/3N4/2B1kP1R/8/PPP3P1/2K4R w - - 0 20	h1e1 e4d4 f4f5 d4c5 b2b4	1782	0j0k10131619
L5ZVZ	5r1k/ppqn2pp/2p1Q3/3pN3/3P1b2/1NP4P/PP4P1/5RK1 b - - 5 20	f4e3 g1h2 f8f1	1782	0g0i0j0y191o
LmLsb	2r3k1/QR4pp/5p2/2q5/2pp3P/6P1/P1P2P2/6K1 b - - 3 32	c5a7 b7a7 d4d3 c2d3 c4c3 a7e7 c3c2	1782	000g0p1w
LsBzX	4r3/ppb1Pk1p/2p2q2/3p4/5rQP/2P4K/PP6/4R1R1 w - - 0 34	g4h5 f6g6 g1g6	1782	01191o
MUFAJ	rn2k2r/1b3pp1/p2pp2q/1p2P1N1/3P2p1/2NB1P2/PP1Q2P1/R4RK1 b kq - 0 16	g4g3 g5h3 h6d2	1782	0g191o
MlGQo	8/p7/1P1P4/2P1p1k1/K1B1n3/B4Q2/8/q1b5 b - - 0 51	e4c3 f3c3 a1c3	1782	0g0p11121o1r
NfteB	5r1k/p5bp/1pp1n3/2Pp1N1q/1P1P4/2N4P/P4QP1/5RK1 b - - 1 29	g7d4 f2d4 e6d4	1782	0g0s1112191g1o
OoHmZ	r4rk1/1p4bp/p3pp2/1b1p4/5PQP/PP1Pq1P1/3N2B1/R1NK3R b - - 2 22	f6f5 g4f3 e3f3 d2f3 g7a1	1782	010r1019
PAoNh	3r2k1/pbb2p2/1p4p1/4p1Q1/1P6/7P/PBP2PP1/3R2K1 b - - 0 27	d8d1 g1h2 e5e4 b2e5 d1d5	1782	010j0k0p101g
PfP39	rnbq3r/p4kpp/2p5/3n4/5p2/5N2/PPPP2PP/RNBQ1K1R b - - 2 11	d5e3 f1f2 e3d1	1782	0g1c1o
R3bGM	2r3k1/3pR1bp/6p1/3p1qB1/8/3Q1NP1/1r3PKP/8 w - - 1 35	e7g7 g8g7 d3d4 g7g8 d4b2	1782	01050s10191n
R5Bag	rr4k1/3b1p1p/p2npbpB/3p4/1P6/q1NB1P2/2PQ2PP/1R3R1K w - - 0 20	b1b3 a3b3 c2b3	1782	01191o1t
RQSOA	5k2/5p2/1p2pp1p/2qp4/p3N3/4P2P/P1r1QPPK/RR6 b - - 0 39	c5c7 h2g1 c2e2	1782	010p11121o
SNxqt	r1b1k1r1/3p1p1Q/pqp1p3/8/2BbP1n1/2P5/PP3PPP/RNB2R1K b q - 0 13	g8h8 h7h8 d4h8	1782	0g1c1o1t
SvA6c	5r1k/6pp/1Q6/1Pp2q2/2b1P3/8/P5PP/R2R2K1 b - - 0 27	f5f2 g1h1 c4f1 b6g6 h7g6 d1f1 f2f1 a1f1 f8f1	1782	060p13181w
T3DtJ	8/8/1pPk2p1/pK1P1p2/P4P2/4bB2/8/8 w - - 10 57	b5a6 d6c7 d5d6 c7d6 a6b7 d6c5 c6c7	1782	00080g0p0r1w
VPhTp	r4rk1/ppqb1ppp/2p5/8/3PNnB1/P1P4P/1P3PP1/R2QR1K1 b - - 2 21	f7f5 e4c5 f5g4	1782	010s191o
WCYuy	3r1rk1/5p2/4p3/pPq2npR/P7/1Q3P2/NP4K1/4R3 w - - 5 34	h5g5 f5g7 g5c5	1782	0g191o
WkxDT	3r3r/pRN1kppp/4b3/2b1Pp2/5P2/3q1N1P/3B2P1/3QK2R b K - 0 20	d3e4 d1e2 e4b7	1782	0g0s191o
WuRge	rn1q1rk1/p5pp/1ppb1p2/3bN3/2BPpBP1/4P3/PPQ2P1P/R3K2R w KQ - 2 15	e5c6 b8c6 c4d5	1782	0b0g191g1o
XTWHW	1k2r3/p2q4/3p2p1/2p2ppn/5P1P/3R1Q2/PP6/1K6 w - - 0 38	d3b3 b8c7 b3b7 c7c8 b7d7	1782	010p101p
Zv7n6	r4rk1/pp4p1/2pp3p/4p2n/4p2q/1P1P1P1P/1PPQNPRK/R7 w - - 0 19	d2h6 e4f3 g2g7 h5g7 h6h4	1782	010y10191g
baQe8	8/8/p7/PP3p2/3KpP2/5k2/8/8 w - - 1 48	b5a6 e4e3 a6a7 e3e2 a7a8q	1782	000g0p101e1h
cEDI0	rnbq3r/pppp2p1/4kn1p/2b1p2Q/4P3/3P1N2/PPP2PPP/RNB1K2R w KQ - 4 7	h5e5 e6f7 e5c5	1782	010s1c1o
cKlzx	r3kb1r/ppp2ppp/2n1bn2/1N2p3/8/3Q4/qPPB2PP/2KR1BNR w kq - 0 12	b5c7 e8e7 d2b4 c6b4 d3d6	1782	0s1013161c1n
e9VTn	8/4Nppk/4p2p/3P4/7B/5P2/2r1rRPP/6K1 b - - 5 30	e2f2 h4f2 c2c1 f2e1 c1e1	1782	010p10
gjnoC	2k2r2/p6R/Ppb1p1P1/3pN3/3P4/3K4/8/2r5 w - - 0 42	g6g7 c6b5 d3d2	1782	00010h0p1o
gtDg2	r3kb1r/pbpqpppp/1pn5/1N1n2N1/2QP4/8/PPP2PPP/R1B1KB1R w KQkq - 6 10	c4d5 d7d5 b5c7 e8d7 c7d5	1782	050b0g0i0s101c1n
h8aN4	r1r3k1/pp1q1ppp/2n1pn2/3p4/1b6/1Q3N2/PP1PPPBP/RNB1K2R b KQ - 10 12	c6d4 b3d1 d4c2	1782	01191o
hMhpw	r4rk1/2pnq1pp/p1nbpp2/1p1p2P1/1P1P1P2/2PBPQ2/PB1N3P/R4RK1 w - - 0 14	d3h7 g8h7 f3h5 h7g8 g5g6 f8b8 h5h7 g8f8 h7h8	1782	050y1318191n1w
lCh3V	2Q2r2/1p6/1k2B3/1PqP4/4Q3/3P1p1P/5Pr1/R6K b - - 0 35	g2h2 h1h2 c5f2 h2h1 f2g2	1782	050r101316191n
mKCtX	r2qkbnr/pp2pppp/8/3p4/3n1Pb1/5N2/PPPN2PP/R1BQKB1R w KQkq - 0 7	f3d4 g4d1 f1b5	1782	011c1n1o
nKsNl	3q1rk1/Qbp2pp1/7p/2p1N3/8/3P3P/1PP2PP1/5RK1 b - - 2 18	d8d5 e5f3 f8a8 a7a8 b7a8	1782	010d0p101t
pTOlw	5rk1/1p1R2pp/p4q2/8/7r/2P3Q1/PP3PP1/5RK1 b - - 1 27	f6h6 d7g7 g8h8 g3h4 h6h4	1782	010p101l
pj7ms	3r2k1/pbq3b1/1p1rPp1p/4p1p1/4P1P1/6BP/PP1RQPB1/3R2K1 b - - 0 23	d6d2 d1d2 c7c1 g1h2 d8d2	1782	050g0w1019
q63Aa	3Q4/5ppp/B3pn2/8/1qp1kP2/4P2P/Pr4P1/6K1 w - - 0 29	d8d4 e4f5 d4e5 f5g6 e5g5	1782	0p101316
qMdvv	3r1rk1/1pp3pp/p1n5/2b1pp2/B7/2P2NR1/PPQNqPPP/4R1K1 b - - 5 17	c5f2 g1h1 f2e1	1782	0g0s191o
qarLS	1r1r1nk1/1b3Rpp/pp2pq2/1B2N3/3PP3/8/P4PPP/3QR1K1 b - - 0 19	f6e5 f7f8 g8f8 d4e5 d8d1 e1d1 a6b5	1782	01191w
sujCB	2k3r1/pp3R2/4p1p1/b2pQ3/2p5/7r/PPK1B1q1/1R6 w - - 0 24	e5e6 c8b8 e6d6 b8a8 f7f8 g8f8 d6f8 a5d8 f8d8	1782	061318191w
t8H5C	rn1R4/1p4pk/2r5/5PP1/4p3/8/p1P3K1/2R5 w - - 0 34	c1h1 c6h6 g5g6	1782	0p13151o
uHtrS	6k1/6p1/1p1P3p/1pp1P3/8/r2r1nP1/P4BBP/3R3K w - - 1 42	g2f3 d3f3 d6d7	1782	00010p111o
up1JP	2k5/5p1p/Ppp1p3/4P3/4p3/4P3/1P4rP/1K1R4 w - - 0 27	d1d8 c8d8 a6a7 d8e7 a7a8q	1782	00010p10111h1m1n
viJky	r4r2/1p3p1k/2q1p1pp/4P2B/4p1Q1/P2nP2P/6P1/R4RK1 w - - 2 26	f1f7 f8f7 g4g6 h7h8 g6f7	1782	050g0s10191n
vrawu	4Qbk1/2p3pp/p7/n1q1P3/8/2P4P/P1r3P1/5R1K w - - 2 30	e8f7 g8h8 f7f8 c5f8 f1f8	1782	060i0p101316
xmT2M	2r3k1/2q2ppp/p3p3/1p1p4/3Pn3/PP2P1P1/1Qr1NPP1/2R2RK1 w - - 3 27	c1c2 c7c2 f1c1 c2c1 e2c1	1782	011019
0lcrj	2k1r3/1pn1Rp1r/3p2pp/2p5/8/RPB5/1P3PPP/6K1 w - - 1 25	a3a8 c7a8 e7e8 c8d7 e8a8	1783	010i0p101k1p
2Ytcd	r4rnk/ppp2q1n/3p2QP/4pBB1/4P3/6b1/1P6/2KR3R w - - 2 28	g6g7 f7g7 h6g7 h8g7 h1h7	1783	00050r0y101316191d1f1g
7EteM	1nrqnrk1/1b2bp2/pp2p3/3pP1p1/P2P4/2N1QPB1/1PP1p1P1/2K1R2R w - - 0 21	e3d3 f7f5 e5f6	1783	0g0o191o
90wE2	7k/6p1/8/5Q2/3P1bK1/2B5/P6q/8 b - - 4 43	h2g3 g4h5 g7g6 f5g6 g3h3	1783	0p0s101316
9wdAH	5r2/7k/p3prpp/1pp1Nn2/5PQ1/1P1P3P/Pq2R1P1/3R3K b - - 4 34	b2e2 g4e2 f5g3 h1h2 g3e2	1783	050g0s10191n
BRn58	rn6/ppk1nNpq/2pbQ3/6p1/2BPb1PP/2P5/PP3P2/R4RK1 b - - 2 20	d6h2 g1h2 h7h4 h2g1 h4h1	1783	050y101316191n
CkBbX	4r1k1/p1p2p1p/2n3p1/2qp4/3P1PP1/2P2BBb/1PQ4P/4R1K1 b - - 0 31	e8e1 g3e1 c6d4	1783	0g0y191o
CwYMK	3r2k1/1p2q2p/2N1ppp1/8/8/2n1P1Q1/P4PPP/R4RK1 b - - 0 24	c3e2 g1h1 e2g3 h2g3 b7c6	1783	010s1019
DA3KS	7k/q5p1/7p/4PQ2/5P1P/8/4n1PK/8 w - - 1 40	f5c8 h8h7 c8c2	1783	0g0p1o
FIEuT	6rk/7p/q4pr1/p1p1pN1Q/P2pP3/1P3P2/2n2KP1/3R1R2 w - - 2 28	h5h7 h8h7 f1h1 g6h6 h1h6	1783	050y101316191n
FqTXX	5rk1/pp3ppp/3r1q2/2b1P3/P1B5/5P1b/1PP1Q2P/R1B2R1K b - - 0 18	h3f1 e2f1 f6e5	1783	01191o
GF5gE	r1k1r3/ppp4p/6p1/1Q2q3/8/2N5/PP3PPP/2KR4 w - - 0 21	b5d7 c8b8 d7d8 e8d8 d1d8	1783	060p1013161n
GNIBy	8/7p/p5p1/4p1k1/5p2/q1P1Q3/5PPP/1K6 w - - 0 41	e3e5 g5h4 e5f4	1783	0g0i0p1i1o
HTUrK	3Q4/1p3qkp/p7/6B1/r2n1P2/8/6PK/8 w - - 6 44	g5h6 g7h6 d8g5	1783	050p13151n1o
IxxNw	8/7p/6p1/5pP1/2k2K1P/4P3/8/8 w - - 4 43	e3e4 c4c5 e4f5	1783	0g0p1e1o
L2J3j	1k6/3r4/1pQ5/pK6/2P3P1/5P2/PP1r4/8 b - - 5 41	d2b2 b5a4 b2b4 a4a3 d7d3	1783	0p101113161j
LsU40	4kr2/1pp2p2/pqn1b3/7p/2P1N1p1/PP4P1/4Q1PP/3R3K w - - 1 27	e4f6 e8e7 f6d5	1783	0g191o
LseLk	8/1p3p1k/2prb1pp/1r6/4PQN1/8/q1P2PPP/5RK1 w - - 0 28	f4h6 h7g8 g4f6	1783	1315191o
MXbzW	2kr3r/1pp2pQp/p3p3/8/1b1PN3/1P1PK2P/q1P3B1/3R3R b - - 0 23	h8g8 g7f7 g8g2	1783	01191o1p
NazKa	5bk1/2R5/q3p2p/2p2B2/1nPp1B2/3P2PP/8/6K1 w - - 2 41	f5h7 g8h8 f4e5 f8g7 c7g7	1783	0g0p0r10
Nw30W	2nkr3/4p1RK/1ppp1p1B/Q4P2/2P2PB1/1N5q/8/8 b - - 1 50	e8h8 h7h8 h3h6 h8g8 b6a5	1783	01050i1011191n
PCavG	1k3r1r/ppq1b3/4p1b1/4P1P1/2Bp4/3n1N1p/PPRN2nQ/3K1RB1 w - - 0 33	c4d3 c7a5 d3g6	1783	011112191o
Qw5lh	7r/p6P/1p6/1k1K1B1P/8/3P1P2/8/8 b - - 0 52	a7a5 d5e6 a5a4 e6f6 a4a3 f5e6 h8h7	1783	0g0p1l1w
Riy6N	5r2/7k/p3p1p1/1p5P/4b3/2nB1N2/P4P2/4K2R w K - 0 27	f3g5 h7h6 g5e4	1783	010p1o
UPfRr	6k1/p1Qq1p1p/1p4p1/3r1b2/8/P1B5/1P4PP/4R1K1 w - - 1 37	c7b8 d7d8 e1e8 d8e8 b8e8	1783	0p0s1013161y
Ujqq0	1r2r1k1/6pp/p1p1bp2/3p4/8/1PP2Q2/q1BK1PPP/4R2R w - - 2 20	e1a1 a2b2 h1b1	1783	010d191o
V6flW	2r1k2r/3R1pp1/p3p3/1p2P3/5P2/P5pP/1PPQ1qP1/R6K b k - 2 22	h8h3 g2h3 g3g2 h1h2 g2g1q	1783	000k0m0p0y1013161h1n
VKsJp	rnb1k2r/ppp1qNpp/8/8/2Bp4/3K4/PPPP2PP/RNBQ3R b kq - 2 9	c8f5 d3d4 b8c6 d4c3 e7b4	1783	0r1013161c
W23aN	r4rk1/5p1p/pn1p2p1/1pp5/4P1R1/PP5Q/1Bq3PP/3R2K1 w - - 0 24	h3h7 g8h7 g4h4 h7g8 h4h8	1783	050y101316191d1n
WGfuR	3r3k/1p3pp1/p6p/8/2q1RQ2/4B3/PP4PP/3N2K1 b - - 0 23	d8d1 g1f2 d1f1 f2g3 f1f4	1783	010p0t101p
fBtow	7k/1Q1R2pp/p7/1p6/5n2/P2P4/1P2qB1P/6K1 b - - 6 32	e2d1 f2e1 d1e1	1783	0p13151o
hspmg	3rqrk1/p4p1p/1pp5/3b2N1/1P4Q1/P2p2P1/2P2P1P/R3K2R w KQ - 0 20	g5e6 g8h8 g4g7	1783	0j0k0y1315191o
jJWBk	r4q2/3k1p2/2p2B1r/p2pP2p/P2n4/8/2Q1B1P1/2R3K1 w - - 0 33	e5e6 f7e6 f6d4	1783	0g0j191o
ldhg4	6rk/1pp3q1/p2nprbp/4R3/3P2PR/7P/1PBQ1P2/6K1 w - - 3 28	h4h6 g6h7 h6h7 g7h7 c2h7	1783	0g0r0s1019
mTosP	r2qkbnr/pp2p1pp/b3Pp2/2pp1N2/8/8/PPP2PPP/RNBQK2R w KQkq - 0 9	f5g7 f8g7 d1h5 e8f8 h5f7	1783	1013161c1n
mduum	r6k/p2r2p1/7p/8/N2b1P1q/6QP/PP3nPK/1RB1R3 b - - 14 27	f2g4 g3g4 h4e1	1783	0g0i0j191g1o1p
niHxM	3r1r1k/1p3pRp/p6N/2b1p3/4PnRP/3p4/PPP2P2/7K w - - 0 27	g7g8 f8g8 h6f7	1783	0f0i0y1315191n1o
oVXZk	5r1k/1p4p1/p7/6p1/2pP1bP1/2Pn1B2/PP2K3/R3BN2 b - - 4 36	f8e8 f3e4 e8e4 e2f3 e4e1 a1e1 d3e1	1783	0g0i0r191w
p2FVF	1rb2rk1/2p3p1/p2p1q1p/3P1p2/4nQ2/BB3P2/PPP3PP/R4RK1 b - - 0 22	f6d4 g1h1 e4f2 f1f2 d4f4	1783	0g0j0y1019
pcT5f	4r1k1/pp3rpp/4N3/q3PR1Q/1bPBn3/8/PP4PP/R5K1 b - - 0 20	g7g6 h5g4 f7f5 g4e4 e8e6	1783	010s1019
qU1DA	6k1/2R3pp/2pr4/2p2p2/P7/4PP1P/5P2/6K1 b - - 0 28	c5c4 a4a5 c4c3 a5a6 c3c2 g1h2 c2c1q	1783	000g0p1h1l1m1w
sMRAA	r3k1nr/pp3pp1/2P1b2p/2b3P1/4B1qP/2N2N2/PP2P3/R1B1QK1R b kq - 6 16	g4h3 h1h3 e6h3	1783	0a1315191n1o
uMKZi	r1b2rk1/pp2ppbp/2np2p1/7q/2P1PPn1/2NB1N2/PP1BQ1PP/R4RK1 b - - 7 12	c6d4 e2e1 d4f3	1783	0g0y11191o
uQYIy	4b3/1pk1B3/3pKP2/2pP4/2P5/8/p7/8 w - - 0 47	e7d6 c7d8 d6e5	1783	080g0h0p1o
vASOg	2kr1qr1/pp3p1p/2p1b3/3pR3/3N4/3B4/P1P2PPP/RQ4K1 b - - 4 21	f8g7 g2g3 g7e5	1783	01191o
wqNof	6k1/2q3p1/4p1Np/3bPp2/3PpP2/Qp5P/6PK/8 w - - 4 44	a3f8 g8h7 g6e7 c7e7 f8e7	1783	0g0p10
xPmwK	rn1qkb1r/ppp1pp1p/6p1/3b4/2B1N3/5Q2/PPP2PPP/R3K2R w KQkq - 0 10	c4d5 d8d5 e4f6 e7f6 f3d5	1783	01050j1019
xxwpK	6k1/p1p2p2/6p1/2p5/4P3/3P3P/PrqBQPP1/2R3K1 b - - 1 24	c2c1 d2c1 b2e2	1783	0g0j0p1o
zw3Ux	2r5/1p2q3/p1nQ2bk/7p/3Pp1p1/P3P3/1P1K3P/2R2R2 w - - 2 39	c1c6 e7d6 c6d6	1783	01191o
zz1P3	6k1/p7/1ppN1Qp1/3p2n1/1P1P4/P7/2P3PK/4q3 b - - 2 36	e1h4 h2g1 g5h3 g2h3 h4f6	1783	0g0j0p10
0e3Xk	8/p3Rp1k/5n2/4K1B1/2p5/2Pr3P/P4r2/6R1 b - - 8 35	d3d5	1784	0p13141b
10D9u	2k3r1/1pp2p2/p2PbB2/8/4P2P/2P2n2/P3BP2/R4K1R b - - 0 24	e6h3 h1h3 g8g1	1784	1315191n1o
1LzUU	2Q5/pp5p/6k1/4q3/4b3/2P5/PP5N/R5K1 b - - 0 32	e5g3 g1f1 e4d3	1784	070p13151o
1WR5U	6k1/7p/2q1r3/p1P2r2/P1Q5/5PP1/7P/5RK1 w - - 7 36	c4g4 g8f8 g4f5	1784	0g0p0s1o
3MOBS	3r2k1/5p1n/p5p1/7p/1N1P4/3P3P/5PP1/1R4K1 b - - 2 31	d8b8 b1a1 b8b4	1784	010p1o
3SHYB	3rkb1r/1q3pp1/4p3/1p2Pn1p/p1p1N3/P4QBP/1P3PP1/1R2R1K1 w k - 4 35	e4f6 g7f6 f3b7	1784	0g0j191o
3kWaa	8/8/6p1/2p1k1P1/p1P2p1P/P4K2/8/8 b - - 1 53	e5f5 h4h5 g6h5	1784	0g0p1e1o1z
3x2rz	3r3k/pp4pp/4q3/2Pp4/1P1Npb2/P4bP1/3R1P1P/R1Q3K1 b - - 1 29	e6h3 c1f1 h3f1 g1f1 f4d2 d4f3 e4f3	1784	0g0y191w
4EbDL	1r1qr1k1/pbpnnpb1/1p1p2pp/3N4/2PPN3/6PB/PP3B1P/2RQR1K1 w - - 14 20	h3d7 b7d5 d7e8	1784	011c1o
4eIpo	8/k1p4p/prPb2p1/3Q4/2P5/1P2KRP1/r6P/8 b - - 0 35	b6b3 e3e4 a2e2 e4d4 e2d2	1784	0g0p0r10
5s7FN	r2qkb1r/1pp1nppp/p1N1p3/1B1p1b2/Q2P4/BPP1P3/P4PPP/RN2K2R b KQkq - 0 10	a6b5 c6d8 b5a4	1784	011c1o
72li1	8/6pk/7p/8/8/2K3P1/1R2r2P/8 b - - 2 41	e2b2 c3b2 h7g6 h2h3 g6f5 b2c3 f5e4	1784	0g0h0p1m1w
7EqkD	4r1k1/rRqn1pp1/2p1p2p/p1PpPn2/P2P4/B2P1N2/1Q3PPP/1R4K1 b - - 0 25	a7b7 b2b7 e8b8 b7b8 d7b8	1784	011019
8gm64	8/bP6/8/8/8/4NKp1/7k/8 w - - 5 61	e3f1 h2g1 f1g3	1784	0g0i0p1o
8hjqq	8/p7/2Q4p/kpp3p1/P7/K1P4P/1P4P1/5q2 b - - 3 46	f1a1 a3b3 a1a4	1784	0p13151i1o
9HCVv	rn1q1rk1/ppp3p1/2np2pp/b2N2N1/2B1PP2/8/PPP3PP/R1B2RK1 w - - 0 14	d5e7 g8h8 e7g6	1784	0k0m0y1315191o
9mgRS	r1bq4/2pp1kp1/p1n4p/1p2p3/4n3/P1P5/1PP2PPP/R1BQ1RK1 w - - 0 13	d1d5 f7e7 d5e4	1784	0g0s191o
BR3m0	6rk/5R2/1p1p4/2p1p3/2P4q/1P1P1PrP/1P3QP1/6RK b - - 10 30	g3h3 g2h3 h4f2	1784	0g0j0p1o
BYA3M	5r1k/5rp1/p2P3p/2P5/3Bq3/PQ4bP/3R2P1/3R2K1 b - - 4 35	f7f1 d1f1 f8f1 g1f1 e4e1	1784	05101316191n
CKZy7	4r1k1/2p2p1p/p2p2p1/1p1Q4/5P2/P5Pq/BP2r2P/4R2K w - - 0 30	d5f7 g8h8 f7f6	1784	0p0y13151o
EF9fX	r5k1/2p3pp/1p2pr2/p3Np2/2PP1P2/2q1P2P/6PK/1R1Q4 w - - 4 35	b1b3 c3b3 d1b3	1784	010p1o1t
EWE6q	5rk1/6pp/p2q4/3b3r/3Q1P2/1P1P4/P1P3P1/R1B2RK1 b - - 0 29	h5h1 g1h1 d5g2 h1g2 d6d4	1784	01050j10191n
FCWwP	1rbk4/1pN4Q/p1p5/3pn3/2P5/2N1P3/PPK1B1q1/8 w - - 4 30	h7h8 d8c7 h8e5	1784	0g0s191o
H98r7	2R5/5k2/2p2p2/3R2p1/1p4P1/5KP1/2r5/8 b - - 0 42	c2c3 f3f2 c6d5	1784	0g0p0w1m1o
HUii4	r1b1r1k1/pp4pp/2p5/b1qpNn2/5Q2/B7/P2PBPPP/RN3RK1 b - - 1 19	c5d4 f4d4 f5d4 e2d3 e8e5	1784	010b101c
Hjqv3	1k4r1/p1p1q1b1/1p1P4/2P5/1PQ5/P7/7B/R4RK1 b - - 0 29	g7d4 g1h1 e7e4 f1f3 e4f3	1784	0k0m0r1011131619
HrFeW	3r1rk1/pp3pbp/2q2np1/N3p3/2b5/2P4P/PPBBQPP1/R3R1K1 b - - 2 18	c4e2 a5c6 d8d2	1784	0b0g191o
J5149	1k6/pp2b1pp/8/4p3/3n4/P1PPN1P1/5r1P/2KRR3 b - - 0 24	e7a3 c1b1 f2b2 b1a1 d4b3	1784	0p0r1013161k
JLJ4O	r1b3k1/4brPp/p2p2p1/1p2n1N1/1q2P3/1PN1BP2/P1PQ4/2KR3R b - - 2 20	e7g5 e3g5 e5f3	1784	010b11191o
KWwVE	8/p3Q2p/5qp1/3p2k1/P1b5/8/1r3PP1/R1N3K1 w - - 4 37	f2f4 g5f5 g2g4	1784	0g0p1g1o
LjkFC	r1q2bkr/pp2p1p1/1n2P2p/4nQN1/3p4/2P5/PP4PP/RNB1K2R w KQ - 0 15	f5f7 e5f7 e6f7	1784	000y1315191n1o
Lrv8f	3k4/7p/3p1p2/R7/1N1p2B1/4q1p1/P7/3K4 w - - 2 42	a5a8 d8c7 b4d5 c7b7 d5e3	1784	0g0p0r0s10
MiwbV	4B3/8/2pp1p2/p3k1p1/7p/2P1P2P/2P2KP1/8 b - - 1 37	a5a4 e8f7 d6d5	1784	080g0h0p1l1o
PyCNL	3rr1k1/ppp2pp1/7p/Q3b2q/2PNp3/1P1P3P/PB3PP1/R3R1K1 b - - 0 20	e5h2 g1h2 h5a5	1784	010j191o
QOKbt	6k1/1ppr2p1/7p/5b2/P5P1/1P2PpQq/1B3P1P/5RK1 b - - 2 32	h3f1 g1f1 d7d1	1784	050p13151n1o
QxrRq	4kr2/3R4/1QP1ppp1/7p/4P3/5PKP/3q4/8 b - - 6 49	h5h4 g3h4 d2g5	1784	050p13151o
SgGJM	r1b3k1/pp1p1p1r/1bnP2p1/7n/2B4q/5Q2/PP1B1PPP/RN2R1K1 w - - 0 17	e1e8 g8g7 f3f7	1784	0y1315191o
So0Az	r1b2rk1/2pp1ppp/2p2q2/p1b5/8/2PB4/PBP2PPP/R2Q1RK1 w - - 0 12	d1h5 h7h6 h5c5	1784	01191o
SuCo7	2r3k1/ppq1ppbp/6p1/2Pnnb2/1P3B2/P2P1N1P/4BPP1/1RQ2RK1 b - - 2 26	e5f3 e2f3 d5f4	1784	010y191o
TNrk9	8/6pk/4Q2p/4P3/P3q3/3p2P1/2r2B1P/3R2K1 b - - 1 31	c2f2 g1f2 e4e2 f2g1 e2d1	1784	050g0p0s101n
TaGUn	6rk/ppp4p/8/3Pb3/1P2Pp2/6rB/P3QR2/6RK b - - 0 31	g3g1 h1h2 f4f3	1784	0j0k111315191a1o
UMJNA	2r2r1k/p5pp/1p1p1p2/3Pnq2/1Q6/P6P/1P3PPB/3RR1K1 b - - 1 24	e5d3 d1d3 f5d3	1784	010s191o
UeNuB	8/6kp/4p1p1/4Kp2/1PR2P1P/3r2P1/2Rr4/8 b - - 1 40	d3e3 c4e4 e3e4	1784	0p13151m1o
Wveag	8/p7/1p1k1P2/2p3pp/2P1K3/1P6/P7/8 w - - 1 48	e4f5 g5g4 f5g6 g4g3 f6f7 d6e7 g6g7	1784	000g0h0p1e1w
XJKHw	rnb1k1nr/pp3ppp/1qp5/2bpP3/N3P3/5P2/PPP1N1PP/R1BQKB1R b KQkq - 2 7	c5f2 e1d2 b6e3	1784	13151c1o
XTKer	r2qr1k1/pppb1ppp/1b3n2/3pP1B1/8/1QP5/PP3PPP/RN2RBK1 b - - 6 16	b6f2 g1f2 f6g4 f2g1 d8g5	1784	050g0j0y101c1n
a5lMa	2b2rk1/2qnbp1p/p2ppnpP/3N4/1r2P3/1N2BP2/1PPQ2P1/2KR1B1R b - - 1 16	f6d5 e4d5 b4b3	1784	01191g1o
aNhK2	r3rbk1/5ppp/2ppbn2/p1p5/P1P1P3/R1NQBP2/1q1N2PP/5RK1 w - - 0 18	a3b3 e6c4 d3c4	1784	01191o
bJCKX	2R5/5n2/8/8/6K1/3k1P2/2p5/8 b - - 3 56	f7e5 g4h5 e5c4	1784	0g0h0p1o
cZLsz	4rk1r/p4ppp/8/2p5/2q5/Q7/PPPK1PPP/3R3R b - - 3 22	e8e2 d2c1 c4c2	1784	0p13151o
eHpRn	2b3rk/5p1n/pr1p1q2/1p1Bn3/4PP2/2P3RQ/P1P3PP/5RK1 w - - 0 26	g3g8 h8g8 h3c8	1784	050g0y191o
fPi7h	r1b2r2/pp3Npk/7p/2bN3Q/8/1n6/q1P2PPP/5RK1 w - - 0 18	d5f6 g7f6 h5h6 h7g8 h6g6	1784	0i10111316191n
fiGb7	1r1qr1k1/2pbbppp/p7/3Q4/3Pn3/P2BBN1P/2P2PP1/1NKR3R b - - 0 16	b8b1 c1b1 e4c3 b1a1 c3d5	1784	050g0s101c1n
kvwMG	2r1k2r/p2nbpp1/4bn1p/qN1p4/3P2PB/1P3P2/P2QN2P/2R1KB1R b Kk - 4 16	c8c1 e2c1 e7b4 d2b4 a5b4	1784	0g10191g
nBvCc	8/p2n3k/3p4/PP6/8/8/P2NrpPP/1K1R4 b - - 0 30	e2d2 d1d2 f2f1q	1784	000g0i0p1h1o
qUqjU	2kr1b1r/1q1b1Npp/p4P2/1pp3B1/P3p3/3n4/1P3PPP/R2Q1RK1 w - - 2 22	f6g7 f8g7 f7d6	1784	000g191o
qbtnl	4r2k/5pp1/2p2n1p/1p1n4/p2P3B/PbP2PN1/1P2R1PP/1B4K1 b - - 1 32	g7g5 h4g5 h6g5	1784	01191o1t
rLj6k	3r2k1/5p2/7p/p1q3p1/8/1PrR3P/P2R1PP1/3Q2K1 b - - 0 29	d8d3 d2d3 c3c1	1784	010p1g1o
v6ka7	5q1k/1br5/p4r1p/1p1p1Q2/2nP1P2/1N1B4/PP4R1/4R1K1 w - - 0 35	f5f6 f8f6 e1e8 f6f8 e8f8	1784	0r0y101316191f1n
vl9G5	4rq1k/6pp/3Q1n2/2p5/8/N1P2P2/PP4PP/3R2K1 b - - 6 29	e8e1 g1f2 f6e4 f2e1 e4d6	1784	010p101g
vra50	2r1r3/pp4pk/6Np/2b1PQ2/q7/3p4/PP3RPP/5RK1 w - - 0 28	g6f8 h7g8 f5h7	1784	0k0m1315191o
w8cPv	2rr4/5pkp/3q1np1/p7/1nN5/2NP3P/1P1Q1PP1/3RR1K1 b - - 2 23	c8c4 d3c4 d6d2 d1d2 d8d2	1784	011019
xjUiC	r1q2r2/4p1kp/pn1p2p1/3P1PQ1/2P1n3/2p4P/P1P1B1P1/R4RK1 w - - 1 23	g5e7 f8f7 e7e4	1784	0g0s191o
xnf4T	r5k1/2p3p1/3q3p/2N2Q2/pP4n1/2PPr1P1/1P5P/R4RK1 b - - 0 24	e3g3 g1h1 g3g1 h1g1 d6h2	1784	050j0y101316191n
ychjp	r1b1k1nr/1p1pqppp/pbp5/4P3/2BNQ3/3P4/PPP2PPP/R1B1K2R b KQkq - 0 12	d7d5 e5d6 e7e4 d3e4 b6d4	1784	010s101c
0ygbI	8/pp2Q2p/6pk/8/8/2P5/3q1rPP/4R1K1 w - - 7 26	e7h4 h6g7 h4f2 d2f2 g1f2	1785	0g0p10
1XfGD	8/8/7p/5p1P/5P2/3k2K1/5P2/8 b - - 3 49	d3e4 g3g2 e4f4	1785	0g0p1e1o1z
1Y8T2	8/4k3/1p2p2n/1P1pK2p/2PP3P/4N3/8/8 b - - 0 41	h6g4 e5f4 g4e3 f4e3 d5c4	1785	0b0g0p0z10
1f5TU	r1bk3r/pp1pqppp/2nN1n2/8/5Q2/5N2/PPP1PKPP/R4B1R b - - 2 11	e7d6 f4d6 f6e4 f2g1 e4d6	1785	050g0s10191n
2ISIt	4r3/pp4kp/6p1/2Q2p2/2P5/P1N1r1P1/1P1KNn2/8 b - - 0 33	e3e2 c3e2 f2e4	1785	0g0p1n1o
2N64Z	r2q1k1r/5p2/2Qp3P/4pNp1/1p1P2P1/8/PP1n4/K5RR b - - 2 27	a8a2 a1a2 d8a5 c6a4 a5a4	1785	0205101316191n
35uv9	r3k1nr/p1q2pp1/2pp3p/6N1/2Q1P3/8/P4PPP/3R1RK1 w kq - 0 19	g5f7 c7f7 c4c6 f7d7 c6a8	1785	040g0i0s1019
3Kb7N	r1b2rk1/pp2npbp/4p1p1/q1p5/N2nPP2/1PB2N2/P1P1B1PP/R2Q1RK1 b - - 6 12	d4e2 d1e2 g7c3 a4c3 a5c3	1785	010j101c
3Njie	7k/1pP3pp/p4r2/4np1q/4p3/PQ2PnPP/1P2BPK1/2R2R2 b - - 0 27	h5h3 g2h3 f6h6 h3g2 h6h2	1785	050u101316191n
3lkH6	2r2r1k/pp3p1P/2q1p1pP/3n4/3P4/4NQ2/PPP2P2/1K1R3R b - - 1 24	d5c3 b2c3 c6f3	1785	0g0j191o
ByA2N	r5k1/3b1Rp1/pn2p1Bb/3pP3/pq1Pn3/3R4/5Q2/6K1 w - - 13 38	f7g7 h6g7 f2f7 g8h8 d3h3 g7h6 h3h6	1785	0d1317191n1w
DK40W	8/1p1RB3/4p2p/6p1/2N1k3/1P5P/2r1nPPK/r7 w - - 5 32	f2f3 e4f5 c4e3	1785	0g0p1o
DWvad	3r4/3kb3/4p3/p3P3/Pp6/8/2R2qPP/3r2RK w - - 0 37	g1d1 d7e8 d1d8 e7d8 c2f2	1785	0g0p10
Dhxw7	r1b2r2/2q3kp/p1nNQb2/1pp2p1B/8/P2P4/2P2PPP/4RRK1 w - - 1 24	d6f5 g7h8 e6f6 f8f6 e1e8 f6f8 e8f8	1785	0d0i1317191n1w
EGAb8	r3kb1r/1pp2pp1/p2p4/3P4/4NB2/6Pp/PPP2P1P/2KbR3 w kq - 0 17	e4f6 e8d8 e1e8	1785	0k0m1315191o
Ekvuc	r1bk1b1r/pp6/1qn1p1Q1/3pn1Np/8/8/PPP2PPP/R1B1KB1R w KQ - 0 14	g6f6 d8c7 f6h8	1785	010s111c1o
EyQk5	r3k2r/pp2ppbp/3p2p1/q1p2b2/3P2n1/P1PQBN1P/2P1BPP1/RR4K1 w kq - 1 13	d3b5 a5b5 e2b5 e8f8 h3g4	1785	011019
Fy7e7	1rb1R3/5pkp/p1p2qp1/3p3r/7P/P1P3P1/1PQ1BP2/1R4K1 b - - 4 24	c8f5 c2d2 b8e8	1785	0g0j191o
GHmTf	3k2nr/ppp2pp1/3b4/4q3/6B1/2P5/PPQ2PP1/R2R2K1 b - - 0 22	h8h1 g1h1 e5h2	1785	050y1315191n1o
KitDs	4R2Q/1p1r2p1/6k1/Pp4q1/4p1P1/7P/3p1P2/6K1 w - - 0 52	e8e6 g5f6 h8h5	1785	0p13151g1o
KkVK6	7k/1Q6/p1p2p1p/3q4/PK1P4/2P3P1/1P6/8 b - - 2 37	c6c5 b4a5 d5b7	1785	0g0j0p1i1o
LTMG3	2r4k/np3rpp/p4p2/n4P2/4PN1Q/3R4/1qP3PP/7K w - - 0 30	f4g6 h8g8 h4h7 g8h7 d3h3 h7g8 h3h8	1785	050y1317191g1n1w
NWpvl	6kr/pp1R1p2/2p1N1p1/4P3/4Q1Kb/2P5/PP3qP1/8 w - - 1 27	e4g6 f7g6 d7g7	1785	0p13151n1o
OYxL8	r2q1k1r/ppp3pp/8/2b1p2n/2BnP3/2NQ3P/PPPP2P1/R1B2RK1 b - - 4 12	d4f3 g1h1 h5g3	1785	0k0m0y13151c1o
PAqdY	4R3/k1p5/1pP2p2/p2r3p/1n1N4/7q/nP1Q4/1K6 w - - 1 33	d4b5 d5b5 e8a8 a7a8 d2d8 a8a7 d8c7 a7a6 c7b7	1785	051318191n1w
R6qlc	r3nrk1/p1p3b1/1p1p1q2/3Pp1p1/1PP5/P5pR/2QB1PPP/5RK1 w - - 0 23	c2h7 g8f7 f2g3	1785	010w191g1o
SM35a	5rk1/p1pr2pp/2R1p3/4N3/8/3b3P/PP3KP1/7R w - - 2 24	f2e3 d7d5 e5d3	1785	010h0p1o
TuDEy	8/5R2/4p1p1/4P3/2pP1N2/2P1nkPP/1r6/4K3 b - - 6 51	b2b1 e1d2 b1d1	1785	0p13151o
UZplv	2r3k1/pQ3pp1/7p/3p1N2/4n3/P3P2P/2q2PP1/3R2K1 w - - 6 28	b7c8 c2c8 f5e7 g8f8 e7c8	1785	050g0p0s101n
X8ftm	8/6p1/7p/5p1k/3q3P/4pPP1/2Q1K3/8 w - - 1 53	c2f5 g7g5 f5f7	1785	0p13151i1o
Y5dke	5K2/5B2/7P/2p1n1k1/8/8/8/8 b - - 0 80	e5f7 f8f7 g5h6 f7f6 c5c4 f6e5 c4c3 e5d4 c3c2	1785	000g0p1l1w
Yb5Wo	r3r1k1/2B1b1p1/1p3p2/p6p/3P4/1q3N1P/1P3PP1/R3QNK1 b - - 0 26	e7d6 e1b1 d6c7	1785	01191o
Yq2MM	6Bk/8/3p1r1p/2p5/5PR1/2r3P1/P1b3P1/4R1K1 b - - 3 30	c2f5 g4h4 h8g8	1785	010p1o
ZoEIY	3rr2k/p4Bp1/1p4p1/1P6/2n5/P5qP/Q5P1/R4RK1 b - - 2 27	d8d2 a2d2 c4d2	1785	01191o
asl6o	5rk1/2q2pp1/5n1p/3Pp3/4P3/r2NRQ2/1R3PP1/6K1 b - - 2 28	a3d3 e3d3 c7c1 d3d1 c1b2	1785	010s10191n
bsn5D	rnbq2k1/ppp1b1p1/6P1/3p4/3P1P2/6r1/PP4P1/R2QKB1R w KQ - 0 16	h1h8 g8h8 d1h5 h8g8 h5h7 g8f8 h7h8	1785	050y1317191n1w
dDNxf	4r3/pb3k2/1ppQp3/8/3Pq3/2P5/PP3PP1/4RK1R b - - 4 25	b7a6 f1g1 e4e1	1785	0g0i0p1o
edgjm	6k1/pp5r/3b1p1q/2P1n3/8/PN2P1P1/5PQP/R4RK1 b - - 2 27	e5f3 g1h1 h6h2 g2h2 h7h2	1785	0310131619
fjL9B	r2r1bk1/pp3pp1/3Bpn1p/2P5/8/P2Q1N1P/1qP2PP1/R2R2K1 w - - 2 18	d1b1 b2a1 b1a1	1785	01191o1t
gjBXr	6r1/p6k/1pQ1Npp1/8/3P4/K1P5/PP6/5q2 w - - 4 47	c6c7 h7h6 c7h2 f1h3 h2h3	1785	020p101316
go1lm	8/6p1/k7/2r4p/4QPn1/Pq1P2P1/1b5P/4R1K1 w - - 0 32	e4a8 a6b6 a8b8	1785	0g0p1o
gwkXf	r3q2k/p3N1p1/1p3r1p/2p3nQ/8/5P2/PP4P1/4RR1K w - - 6 29	h5e8 a8e8 e7g6 h8h7 e1e8	1785	010j1019
jLcJK	3r2k1/p3R2R/1p1p1rp1/2pPb3/P1P5/1P3p2/4q2P/4QN1K w - - 1 35	h7h8 g8h8 e1h4 h8g8 h4h7 g8f8 h7g7	1785	050r0y1317191n1u1w
k10qH	rnb3k1/pp6/3p2pp/2pP1p2/4rqP1/2P2N1P/PBQ3KR/R7 w - - 0 23	b2c1 f4f3 g2f3	1785	0g191o1t
le3Lg	r4k2/pp2rp2/6P1/3p1Q1p/2p4P/2P1n3/PPB1q3/R1K2R2 w - - 1 32	g6g7 f8g7 f5h7 g7f8 h7h8	1785	000510131619
lu4fA	r5rk/ppp1p2p/5p2/8/4QPn1/2N5/PPPq2PP/3R1RK1 b - - 4 19	d2e3 e4e3 g4e3 d1d2 e3f1	1785	010s1019
mhL3L	q4k1r/2pp2pp/p4n2/1pb5/3np3/2P1Q3/PP1P1PPP/RNB2RK1 b - - 1 15	d4f3 g2f3 c5e3	1785	0g0j0y191o
nZxBA	r2qr2k/1p6/5pP1/p2p1b2/3Q4/1Pn5/PP6/2K3R1 w - - 0 25	d4h4 h8g7 h4h7 g7f8 h7f7	1785	0r10131619
nx33u	8/8/3p4/3P1pk1/3K1Np1/8/5R2/1r6 b - - 3 58	b1b4 d4e3 b4e4	1785	0g0p11121o
oJfiW	1k1r4/1p3p2/pq1np1p1/2R5/P2PP3/1PN5/1K1Q1P2/8 b - - 3 27	b6c5 d4c5 d6c4 b3c4 d8d2	1785	0g0j0p101n
oflAu	1r6/7p/5kp1/4bp2/pNPp4/P2P2P1/K3R2P/8 w - - 2 46	e2e5 f6e5 b4c6 e5d6 c6b8	1785	050g0p0s101n
pOWQK	3rr1k1/1p2qpp1/p4n1p/4pQ2/8/1BpP2RP/PP3PP1/3R2K1 w - - 0 26	f5g6 e7f8 g6f6	1785	01191g1o
pTX0G	2kr1b1r/pp3ppp/2n2n2/8/Q3P3/q3p2P/P3BPP1/2RR2K1 w - - 0 19	c1c6 b7c6 a4c6 c8b8 d1d8	1785	0i101316191k
qehNL	8/1ppr1pk1/7p/pP1p4/P2P1nP1/5qN1/3Q3P/R5K1 w - - 4 30	d2f4 f3f4 g3h5 g7f8 h5f4	1785	01050p0s101n
rd8nN	1r1r4/5pk1/p6p/P1q5/1R1n4/5B1P/1Q3PP1/1R4K1 b - - 2 37	b8b4 b2b4 d4f3 g2f3 d8d1 b1d1 c5b4	1785	0d0g0i11191w
syvIM	6k1/3q4/r4P1Q/p2p2p1/3P4/2P5/PP4PP/6K1 w - - 1 28	f6f7 d7f7 h6a6	1785	000g0j0p1o
uHRav	r1bq1r1k/ppp2Bp1/1nn4p/6NQ/3p4/P1P5/2P2PPP/R1B1K2R w KQ - 0 13	h5g6 d8g5 c1g5	1785	011c1o
vREmm	3q1rk1/pp1bbppp/4pn2/6B1/4N2Q/6P1/PPr1PPBP/R4RK1 w - - 7 15	e4f6 e7f6 g2e4	1785	0d0g0y11191o
vT1l9	4QQ2/pkp5/1p6/4P1p1/3Pn3/1P3q2/5B2/5K2 b - - 0 45	e4g3 f1e1 f3e2	1785	0p13151o
wpTAn	r5k1/pb2qp1p/1p2p1p1/8/4NP2/2P4P/PP3QP1/3R2K1 w - - 4 28	d1d7 e7d7 e4f6 g8g7 f6d7	1785	050g0p0s101n
0EYEg	7k/1p4b1/p1qp1pB1/6pP/3P1pP1/2P1r3/PP1Q1R1K/8 b - - 1 34	e3h3 h2h3 c6h1 f2h2 h1f3	1786	050p0r101113161n
4BgG9	rnbqkbnr/pp3ppp/8/2PP4/1B6/5P2/PPP3PP/R2QKBNR b KQkq - 0 9	d8h4 g2g3 h4b4	1786	0g0s1c1o
6tLiI	3r2k1/q4ppp/p2ppn2/1p6/bPrNP3/1N3P2/P2Q2PP/2RR3K w - - 0 25	d4c6 c4c6 c1c6	1786	010s191o1y
7KkKG	6R1/3P4/3r4/8/8/5K2/6p1/6k1 b - - 1 56	d6d3 f3e2 d3d7	1786	0g0p1m1o
8JnRy	6k1/4pp2/7p/6p1/PP6/3NP1P1/1b3PP1/2q4K w - - 0 31	d3c1 b2c1 a4a5 c1d2 a5a6 d2b4 a6a7	1786	00010p111l1w
AGDYd	rn1q1r1k/pppb2pp/3b1p2/4N3/2QP1R2/7P/PPP3P1/RNB3K1 w - - 2 14	e5g6 h7g6 f4h4	1786	0y13151c1n1o
BzhtV	r5kr/p2qnR1p/1p2p1p1/4b3/4N3/8/PPPP1QPP/R1B3K1 b - - 1 18	e5d4 e4f6 g8f7 f6d7 d4f2	1786	010v10191g
CjFRo	4k3/3r1pb1/2B3p1/2Q1P1q1/5p2/P7/8/5K2 w - - 2 42	c6d7 e8d7 e5e6 d7e6 c5g5	1786	01050j0p10
GDxl5	Q1b1k2r/p3bppp/4pn2/q5B1/2p5/2N5/PPP2PPP/2KRR3 b k - 0 13	a5g5 c1b1 e8g8	1786	010c0h0t191o
Gdz2s	3r1rk1/ppp2ppp/8/2P1p3/3nn1b1/NB3P2/PPP3PP/R1B2RK1 b - - 0 13	d4e2 g1h1 e4f2 f1f2 d8d1 f2f1 d1f1	1786	061317191n1w
Inp57	4r1k1/pp2pr1p/6pQ/6N1/3PRnq1/PP4P1/5P1P/4R1K1 b - - 0 26	g4g5 h6g5 f4h3 g1g2 h3g5	1786	01050s10191g1n
JfZlo	7k/p4p2/3P2pp/1N6/2p3R1/2P2P1P/r3r1PK/8 w - - 1 34	d6d7 e2d2 b5d4	1786	000g0h0p1o
JhDh5	2q3k1/1prb1r1R/p4pp1/3Q4/4P1P1/1N3P2/PP6/1K1R4 b - - 0 24	d7e6 h7f7 e6d5	1786	01191o
LvCDf	8/3r2pk/5p1p/4p3/4Pn2/2R1QP1q/1P3P1P/6RK b - - 4 36	d7d1 e3f4 d1g1 h1g1 e5f4	1786	0g0p1011
MtEQ1	1R6/8/8/4n1PP/3k4/2p5/5P2/6K1 b - - 1 46	c3c2 b8c8 e5c4	1786	000g0h0p1o
NCh5Q	r1b2rk1/ppq4p/2p1p1p1/4Nn2/3PNn2/6P1/PP1QBP1P/2R2RK1 b - - 0 22	f4e2 d2e2 f5d4 e2e3 c7e5	1786	0b0g1019
OWpIs	Q7/p1p1k1pp/bq6/8/P7/R1b2N1P/2P3P1/2K4R b - - 4 26	b6b2 c1d1 b2b1	1786	1315191o
RaGgc	3kqQ2/2r2pp1/pr6/3p3p/2pPN2P/8/P1P2PP1/4R1K1 w - - 2 29	f8e8 d8e8 e4f6 e8f8 e1e8	1786	050k0m0p0r101316
SgZhu	r3r3/1pR2p1k/p4qpp/3P4/5pQ1/7P/PPB3P1/R5K1 b - - 0 26	f6b6 g1h1 b6c7	1786	010s191o
VKeMl	8/Q4prk/4p3/4bp2/1P5P/P5n1/6R1/6K1 b - - 5 61	e5d4 a7d4 g3e2 g1f1 e2d4	1786	050g0p0r101g1n
VT2EI	6k1/6pp/4pp2/1p1pP3/8/1P6/P4PPP/5K2 w - - 0 30	a2a4 b5a4 b3a4	1786	0g0p1e1o
VUD0B	r3n1k1/1p3pp1/2pq3Q/p3pP2/P1B5/1PP2P2/1r5P/6RK w - - 3 28	g1g7 e8g7 h6d6	1786	010i0y1112191o
VeeC3	5rk1/2p2pp1/1q5p/8/3QbP2/2P5/1P4PP/2BR2K1 b - - 2 24	f8d8 d4b6 d8d1 g1f2 c7b6	1786	0g0p0s0w101g1n1p
WYOQO	r1b2rk1/ppp2pq1/1b1p2nQ/4p3/4P2N/1B1P4/PPP2PPP/R4RK1 w - - 3 15	h6g6 g7g6 h4g6	1786	01191g1o
Z28YV	8/pp3k2/2p1p3/4p3/1PP1Pq1p/P2Q1P1n/6r1/3RKN2 w - - 4 40	d3d7 f7g6 d7e6 g6h5 e6h3	1786	0g0i0p0s10
bqF96	r4rk1/pp4pp/3bN3/3pn3/1P2n3/P4P2/4B1PK/RNBQR3 b - - 0 17	e5f3 h2h3 e4f2	1786	0k0m1315191o
cR3Lx	1k1r4/p6R/4p3/8/P3pp2/b7/2R2P1P/5K2 b - - 1 31	f4f3 c2e2 f3e2	1786	00010p1o
dhcY2	r4rk1/pp3ppp/2pqb3/3pR3/3P1Qn1/2NBR3/P4PPP/6K1 w - - 5 20	d3h7 g8h7 e5h5	1786	050g0y191n1o
e54Qs	r5qk/2p5/p2p1p1p/1pbQ4/4P3/5NBP/PP3P2/R4RK1 b - - 3 21	g8g3 g1h1 g3f3	1786	0g0y191g1o
eppdM	5r2/2p1N1bk/p2p4/1p2p3/4P3/3B4/PPP2qQ1/2K5 w - - 2 28	g2g6 h7h8 g6h5 g7h6 h5h6	1786	0p0r101316
hrXof	r3nrk1/p1pb1pp1/1pn1p3/2Pp3p/3P1BNq/P6P/1P1QPPP1/R3KB1R w KQ - 0 14	f4g5 h4g5 d2g5	1786	0g191o1t
iNVAm	4Q3/ppk5/3q1P2/1B6/2P5/P7/KP3r2/8 w - - 1 54	e8e7 d6e7 f6e7	1786	000g0p1o
jsfB0	1r5k/4Q1p1/pp5p/qB6/P7/1P4PP/6PK/8 w - - 0 40	b3b4 a5b5 a4b5	1786	0g0p1o1t
jvMJs	r2Nk1r1/ppp4p/2np4/2b1p3/2B1P1n1/2P4p/PP1P1P2/RNBQR2K b q - 0 12	g4f2 h1h2 g8g2	1786	0s1315191o
kUysp	8/5p1p/6p1/5k2/3P1P2/5K1P/4r1P1/8 w - - 0 30	g2g4 f5e6 f3e2	1786	0g0p0w1m1o
kgukM	4k3/1q5r/2bp4/p3pP2/2p3Q1/P1N5/1PP3PP/1R5K b - - 2 36	h7g7 g4g7 b7g7	1786	0g0p1o
lmNlr	r4rk1/1pp1bpp1/p2q1n1p/3P4/3QN2B/6R1/PPP2PPP/2K4R b - - 5 18	d6f4 g3e3 f4h4	1786	010s191o
m0ioR	7k/p1R2Qp1/1p3p1p/8/4P3/4KPP1/P6P/3r1q2 b - - 9 37	d1d3 e3f4 f1f3	1786	0p13151o
n0slT	6k1/5ppp/4p3/4P3/rr1p4/2p4P/5PPK/1R1R4 w - - 0 31	d1d4 h7h5 d4b4 c3c2 b4b8	1786	0g0p101m
oYb4V	2b1r3/1qP2ppp/p2Q4/Pp2P3/3R2Pk/1P6/7K/8 w - - 2 35	d6d8 e8d8 c7d8q	1786	000g0p1h1o
oitX9	b2r1r2/p1p1k1pp/2p1P3/2N5/2n2P2/6P1/PP4K1/3RR3 w - - 3 26	d1d7 d8d7 e6d7 e7f7 c5e6	1786	000e0g0j0k0r1019
owARs	2r5/2r2ppp/1k2p3/1p2P1n1/2R2N2/4b1P1/6K1/1R3B2 w - - 4 41	b1b5 b6b5 c4c7 b5b6 c7c8	1786	010i0j0k1019
qELgl	2r2r1k/1b2R1pp/8/1p3p2/8/P2p1N1Q/1P3PPP/2R3K1 b - - 0 27	c8c1 f3e1 d3d2	1786	000g0t191o
rpNE4	2r1r2k/2q3pn/p2p1p1Q/1p1R4/2B1p2P/1P6/P1P2PR1/2K5 w - - 0 26	h6h7 h8h7 d5h5	1786	050y1315191f1n1o
tbQvO	rn3r2/ppp3pp/3qb1k1/3p2B1/3P3P/5Q2/P4PP1/R3R1K1 w - - 1 17	e1e6 d6e6 f3f8	1786	010i191o
vYLvD	5rk1/pp1q3p/6p1/4Q1P1/5nb1/2P2P2/PP1N2P1/R4RK1 b - - 0 27	d7d2 f1f2 d2f2 g1f2 f4d3 f2g3 d3e5	1786	01050s0t191g1w
vdtVG	r2q1k2/5pbp/1rQ1p1p1/1p6/p2P1B2/2P4P/5PP1/2R1R1K1 w - - 2 30	c6c5 f8g8 f4c7	1786	0g191o
w5OeS	5rk1/7p/1q4pP/p3Q3/1p2P3/P1pP4/2P1N1B1/R3K3 b Q - 1 33	b6f2 e1d1 f2f1 g2f1 f8f1	1786	0p0r1013161n
wzgzk	8/p4k2/1p5p/3N4/Q2P1P2/4P2r/P4K2/r7 b - - 0 39	a1a2 a4a2 h3h2 f2f3 h2a2	1786	010p101n1p
xIbr6	6Q1/p7/3p4/3KbB2/4P3/3kq3/P7/8 b - - 3 54	e3c5 d5e6 c5c4 e6e7 c4g8	1786	0g0p101p
xemvA	4Qrk1/3N1ppp/7r/p7/Pp5q/5P2/6P1/2R1R1K1 b - - 4 31	h4d4 e8e3 d4d7	1786	010i191o
xl8mg	2k2rr1/ppq4p/2p5/5b2/3pNb1Q/3P1P2/PP4P1/R1B1KB1R b KQ - 0 21	f5e4 c1f4 f8f4	1786	01191o
zG7li	rn1qk1nr/1p1bp1bp/p3P1p1/1B1p4/Q7/2N2N2/PP3PPP/R1B1K2R b KQkq - 0 11	g7c3 b2c3 d7b5	1786	011c1o
3l4Ap	r4rk1/2p2ppp/p1p2n2/7b/B2qP1N1/3P3P/P1P2PP1/R2Q1RK1 b - - 2 17	h5g4 h3g4 d4a4	1787	01191o
4Owki	3rr1k1/4n3/p3qp1p/8/2P1p3/P1Q4P/1P4P1/1R3RK1 w - - 0 28	f1f6 e6d7 c3g3	1787	0g191o
5xrFM	r5k1/pp3ppp/5n2/2bP2r1/2B1p3/1QN1Pn1P/PP1N1P1R/R1B2K2 b - - 0 18	g5g1 f1e2 g1e1	1787	0q0u1315191o
6S53f	7k/6pp/p3Q3/1p2Pp1P/1q6/1P2P1P1/5PK1/3r3R b - - 1 29	b4e4 f2f3 e4c2 g2h3 d1h1	1787	0i0p101316
8iJFK	4r2r/1pRP4/p4pk1/5p2/3R1Pn1/8/PP2N1P1/5K2 b - - 0 31	h8h1 e2g1 h1g1 f1g1 e8e1	1787	050p1013161n
8taEC	8/8/8/5QKp/8/1k6/6Pq/8 w - - 0 47	f5h3 h2h3 g2h3	1787	0g0p1i1o
9HRiG	r2qk2r/pbppbpp1/1pn4p/4QN2/8/8/PPPP1PPP/R1B1KB1R w KQkq - 3 11	f5g7 e8f8 g7e6 f7e6 e5h8	1787	0g0j101c
9ICFa	2r3k1/2q4p/p2R1Qp1/1p3b2/4p3/P1Pn2R1/5PPP/6K1 w - - 8 32	f6f5 c7d6 f5c8	1787	01191g1o
AGMmq	r1b2rk1/pp2bppp/4pn2/q7/3Q4/2P1B1P1/PP3PBP/RN1R2K1 b - - 6 14	f8d8 d4d8 e7d8 b2b4 a5c7	1787	01101c
C0LVR	1rb2k1r/p3pP1p/1p4p1/2pq2N1/8/3PQ3/P5PP/5R1K w - - 1 27	g5e6 d5e6 e3h6	1787	0d1315191n1o
CFLSY	4r1k1/p7/1p1q2p1/5pR1/2R2P2/P4KQ1/1P3P1P/8 b - - 2 34	d6d5 c4e4 d5e4	1787	0p0s13151o
CiABJ	r3kb1N/ppp3pp/2n2q2/4p3/2B2n2/7P/PPPP1P1P/RNBQ1RK1 b q - 0 9	f6g5 d1g4 f4h3	1787	0g0w0y191g1o
DjmS2	6k1/ppp2ppp/8/3r3q/8/2P1QbP1/PPB2P1P/R5K1 b - - 1 22	h5h2 g1h2 d5h5 h2g1 h5h1	1787	050p0y1013161d1n
DvwNZ	8/p2n3k/3b2r1/q1r1p1P1/3p4/PQ6/1B2KP2/6R1 w - - 0 31	b3f7 h7h8 g1h1 g6h6 h1h6	1787	0r0s10131619
FPlRH	r5k1/2B1bpp1/pP5p/2pqP1n1/2N3P1/3P2P1/4Q2P/R3R1K1 b - - 2 28	g5h3 g1f1 d5h1	1787	0y1315191o
GCoQM	8/2r2ppk/7p/R7/2pp4/1P5P/P1P2PP1/6K1 b - - 0 30	d4d3 c2d3 c4c3 a5e5 c3c2	1787	000g0p101m
GYUrk	8/8/1R6/4ppkp/4p3/1p1rPPP1/4K1P1/8 w - - 2 51	f3f4 e5f4 e3f4 g5g4 b6g6	1787	0p1013161m
H8KJg	6k1/8/8/2Pp3p/2P1p1p1/1P6/4K3/8 w - - 0 41	c5c6 g8f7 c6c7	1787	000g0p1e1o
I67aM	rn2k2r/ppp3pp/3bp3/3n1q2/2B1ppQ1/1P5P/PBPP1P2/RN3RK1 w kq - 0 15	g4f5 e6f5 c4d5	1787	010b191o
JB0UX	3r4/5p1p/2qnk3/p1Bnp3/6Q1/PP3P2/4B1PP/3R2K1 b - - 1 30	f7f5 g4h4 c6c5	1787	010h191o
LcRyQ	6k1/5Rp1/p5p1/q1pB4/2Pp4/1P1P3P/P5Pb/7K w - - 1 30	f7f4 g8h7 f4h4	1787	0j0k0p13151f1o
LxhbA	6rk/pp5p/3p4/P2Pp3/1P2PpN1/1Q3Pq1/4B2R/5K2 b - - 4 39	g8g4 f3g4 g3b3	1787	0g0p1o
M0Zor	r6r/1p4p1/p5p1/7p/3R4/P4k1b/1P3P2/3R2K1 w - - 0 33	d1d3 f3e2 d3e3	1787	0p13151o
OVH7g	r6r/pp3kp1/2p1ppqn/8/3P1QP1/2P2N2/PP3P1K/2R3R1 w - - 5 25	f3e5 f7g8 e5g6	1787	0g191g1o
OiVZD	r1b2rk1/1p2qppp/2np4/p3nP2/2P1P3/1N1B2Q1/P2B2PP/R4RK1 w - - 1 19	f5f6 e7f6 f1f6	1787	0g191g1o
P4ZIo	r3k3/pp3pp1/2p1pnp1/3p2N1/2n1q1P1/2PN4/PPK1B3/R1BQ3r w q - 0 20	g5e4 h1d1 e4f6	1787	01191o
Pi7RR	2rqb2r/pp3pk1/2pbp1p1/8/2PP2P1/4B3/PP2QPP1/1BR1R1K1 b - - 2 22	h8h1 g1h1 d8h4 h1g1 h4h2 g1f1 h2h1	1787	050y1317191n1w
UG08H	R7/p2k4/2np4/2p2pR1/2P5/1P3KP1/P3r3/8 b - - 2 37	c6d4 f3f4 e2e4	1787	0p13151o1x
UHgZ1	7r/1k3p2/p3q2r/1p1p3R/3P4/5QP1/PP4P1/1K5R b - - 0 33	e6g6 b1a1 h6h5	1787	0g0p0w1o
UdwUQ	r1b1k2r/pp2ppb1/6pp/4q3/3n3P/5B2/PPPBNPP1/R2QK2R w KQkq - 6 14	d2c3 d4f3 g2f3 e5h5 c3g7	1787	0110111c1p
VjHNR	4rk2/5p2/p4Qp1/1p1q4/4p1N1/1PP4P/P4P2/6K1 w - - 2 39	f6h8 f8e7 h8e8 e7e8 g4f6 e8e7 f6d5	1787	050g0p0s1n1w
W2x8V	r5k1/1p3p2/p1b2PBp/4P3/3P4/2p3QK/3q3P/8 w - - 0 33	g6h7 g8h7 g3g7	1787	050k0m0p13151n1o
WTpbH	3r4/pp6/2b1p1k1/7p/2PN2r1/1P1R2P1/P6K/5R2 w - - 5 33	d4c6 d8d3 c6e5	1787	010p1n1o
XAvC5	3r2k1/p1p2rpp/2pq1B2/8/8/3Q1P2/P1P2KPP/R6R b - - 0 20	d6c5 f2f1 d8d3	1787	0g0j191o
XJjNv	8/5k2/6R1/4B3/4r3/3P4/r7/6K1 w - - 0 55	g6f6 f7e7 d3e4 a2a4 f6f4	1787	0g0h0p0w10
Y444e	8/4k3/2K1B3/2PPbP2/2r5/8/8/8 w - - 5 44	d5d6 e7f6 e6c4	1787	0g0j0p1o
YzmCa	r2qr1k1/1p3p2/p5pB/2bp1b1P/P7/2PQP3/1P1n1P2/R3K1R1 w Q - 0 19	d3f5 d2f3 f5f3	1787	0g191g1o
ZaL1C	5r1k/1pp2r2/1pnp2Qp/4p3/6R1/PPP2q1P/5P1K/6R1 w - - 0 28	g6h6 f7h7 h6h7 h8h7 g4h4 f3h5 h4h5	1787	050r0y1317191n1w
ZzYwS	8/3B2k1/8/1p2p3/p3P3/P7/KPP2p1R/5r2 b - - 1 43	f1a1 a2a1 f2f1q a1a2 f1f7	1787	00050g0p101h
b2zSM	r4rk1/2p2ppp/p1np1q2/1p2p3/3PPn2/2P2NN1/PPB2P1K/R1Q1R3 b - - 4 19	f6h6 h2g1 h6h3	1787	0g191o
bPP3W	r4r1k/5p1p/p1p5/1p5p/6R1/2p3P1/2Q3KR/q7 w - - 0 34	c2h7 h8h7 h2h5	1787	050p13151n1o
cLnqe	8/5k2/3p4/p1p1p1Pp/Pp2PP2/1P1P2K1/2P5/8 b - - 0 33	e5f4 g3f4 f7g6 f4f3 g6g5	1787	0g0p101e1z
d6Mz2	5rk1/6p1/5p2/1p3P2/4R3/1p4QP/6PK/2q5 w - - 1 32	g3b3 f8f7 e4e8 g8h7 b3f7	1787	0g0i0p10
dxBiI	r3k2r/pp3ppp/2n1b3/3qp3/4n3/PN3Q2/2P2PPP/R1B1KB1R w KQkq - 0 12	c2c4 d5d6 f3e4	1787	01191o
gVwqo	r2q3k/p2bbQ2/2p2p2/np1pP3/3P4/2P5/PP4PP/RNB4K w - - 1 21	c1h6 e7f8 h6f8 d8f8 f7d7	1787	0110191l
imx7x	6k1/1N3pp1/rn2p2p/pR1p4/P7/4PP1P/6P1/6K1 w - - 6 36	b7c5 a6a7 b5b6	1787	010p1o
j2FlF	1r4k1/pq3p1p/2R5/3p4/P2P1Q2/4pP1P/6P1/1rR3K1 b - - 0 32	b7c6 f4b8 b1b8 c1c6 b8b1 g1h2 e3e2	1787	000g0p1g1w
jIhxD	r2k3r/pp1bb1pp/8/5p2/1p2n3/5N2/PP1N1PPP/R1BR2K1 w - - 0 16	d2e4 f5e4 f3e5 d8c8 d1d7	1787	011019
jOrMi	5rk1/R6p/4p1p1/3r1pQ1/1p6/2P5/1q3PPP/2R3K1 w - - 0 28	g5h6 b2c1 h6c1 f8d8 a7a1	1787	0g0h0p10
jgN6L	1r4k1/5r2/3pNbp1/p3p3/qpp1P3/4Q1N1/PP4P1/1K5R w - - 2 26	e3h6 a4e8 h6g6	1787	010y191o
k0F93	2b2b1r/2N1kp1p/p7/2p1Npp1/1p2nB2/1P6/1PP3PP/3R2K1 w - - 0 22	e5c6 e7f6 f4e5 f6g6 e5h8	1787	0g10191p
lFEzu	8/8/6p1/p6p/k1K2p2/1p3P1P/1B6/8 w - - 0 46	h3h4 g6g5 h4g5 h5h4 g5g6 h4h3 g6g7 h3h2 g7g8q h2h1q g8e8	1787	00080p13181h1l1w
mNzND	8/8/1Q5p/p4k2/P4P2/1P2P3/4nqPK/8 w - - 1 61	e3e4 f5e4 b6f2	1787	0g0j0p111o
oPACp	r5k1/pp2r2p/2p2pn1/3p1n1q/3P4/2PQ1P2/PP2NBP1/R3R1K1 w - - 5 23	g2g4 h5g5 d3f5	1787	010s191o
porrU	2r2rk1/p2nqp1p/1p2p1p1/8/1PP1pPN1/P3B3/4Q1PP/3R2K1 w - - 2 20	d1d7 e7d7 g4f6 g8h8 f6d7	1787	050g0s10191n
ptpG5	r2qr1k1/1p3ppp/p2bbn2/3p2B1/3P4/3Q3P/PPB2PP1/RN2R1K1 b - - 4 17	e6f5 e1e8 d8e8 d3d2 f5c2	1787	01101c
rPzIm	8/5p2/6k1/R2B4/P2Pb1PK/2B1b3/1P6/6r1 b - - 0 37	e3f2 h4h3 g1h1	1787	0p13151f1o
uhcpw	5rk1/5rp1/7Q/3p1q2/p2Pp2P/P5R1/1P3PK1/5R2 b - - 0 40	f5f3 g3f3 e4f3 g2h3 g7h6	1787	0g0p1011121n1r
vDEg7	3rk1r1/p1p1q1pR/4b3/2P1P3/4Q1n1/P7/2P1PP2/RNB1KB2 b Q - 0 16	d8d1 e1d1 g4f2 d1e1 f2e4	1787	01050i0s10191n
vhp0b	3rr1k1/p4p1p/6p1/8/Q7/3bB3/P3qPPP/R2R2K1 b - - 13 30	d3c2 a4e8 d8e8	1787	0g0s191o
xELhW	r2q1r2/ppp2p1k/3p2p1/4b1Qp/6bP/2P1P3/PP1NBPP1/2KRR3 b - - 1 15	f7f6 g5g4 h5g4	1787	0g191o1t
yat9B	r3r2k/5Qbp/p5p1/1p3b2/3Pq3/1P2BN2/P4PPP/2R2RK1 b - - 2 22	e8e7 f7e7 e4e7	1787	01191o1t
yeDAy	2rr4/p5bk/1ppq2pp/4Pp2/1P2Q3/P3P2P/1BR2PP1/2R3K1 b - - 0 29	d6d1 c1d1 d8d1 g1h2 f5e4	1787	0g0y10191n
1AOP4	7r/1p3k2/p1p4r/5P2/3p4/1P1P1P2/P1P5/4RRK1 b - - 0 31	h8g8 g1f2 h6h2	1788	0p0q13151m1o
26boI	r4rk1/2q2ppp/1pn5/p1bNp3/P7/1P2QP2/1P2B1PP/R2R2K1 w - - 4 18	e3c5 b6c5 d5c7	1788	0g191o
3KnTl	r2q2k1/1p5p/p5p1/3p1p2/2pP3r/2P1PQ2/PP1NBRPb/R6K b - - 2 26	h2g3 h1g1 h4h1 g1h1 d8h4 h1g1 h4h2 g1f1 h2h1	1788	050j0k1318191n1w
3y6Fk	1R6/5p2/6kp/4n1pN/Pp4P1/4r3/6KP/8 w - - 1 38	b8g8 g6h7 h5f6	1788	0f0p13151o
4Pbzi	3r1rk1/pp4pp/3np1b1/3NN1P1/8/5R2/PP1q1P1P/4R1K1 w - - 0 24	d5e7 g8h8 e5g6 h7g6 f3h3	1788	0y10131619
51QOc	2K5/1p1r4/1Pb2k2/4p3/2R5/8/8/8 w - - 0 53	c4c6 f6e7 c6c7 d7c7 b6c7	1788	000g0p10
65hSL	2r2k1r/ppN1p1b1/6p1/7p/6N1/1P6/1P3PPP/2R2K2 w - - 0 22	c7e6 f8f7 e6g5 f7e8 c1c8	1788	010p0v10
6nwwJ	6k1/2Q4p/4p2p/2Pp4/P2P1K1P/4P3/6q1/5R2 b - - 0 43	g2h2 f4f3 h2c7	1788	010p1o1p
6vSbs	8/p7/1p1kP2p/3P2p1/5r2/P1B3KP/1P6/8 w - - 1 43	c3e5 d6e5 e6e7	1788	00010p1n1o
A9ikG	5r1k/1pp3p1/1p1p3p/3Pn2b/4Rr1q/1B4NP/PP1Q1PP1/R5K1 w - - 6 25	e4f4 f8f4 g3h5	1788	0g191o
AlQn9	7k/pp3qpp/2nN4/5r2/8/1P2P3/P1Q2PKP/3R1R2 b - - 0 26	f5g5 g2h1 f7f3	1788	1315191o
EQiFn	2r2k1r/p2q1ppp/1p2pn2/1Q1p4/1n6/5B1P/P4PP1/2R1R1K1 w - - 0 23	b5d7 f6d7 c1c8 f8e7 c8h8	1788	0b0g10191p
FA6tX	8/8/2pppk1p/1p2p1pP/p3P1K1/PP1PP1P1/2P5/8 b - - 0 34	b5b4 a3b4 a4a3	1788	0g0p1e1o
HNWKY	2k5/1p4p1/3P1p2/2P1qP2/1B5p/3Q1KbP/6P1/8 b - - 0 33	e5f4 f3e2 f4b4	1788	0g0p0s1o
HOyI9	8/pp1r1pkp/1q2p1p1/2n5/4B3/P1P3QP/1r3PP1/1R2R1K1 w - - 0 27	b1b2 b6b2 g3e5	1788	010s191o
ICfmf	6n1/8/1p1k2P1/p4P2/3P1K2/P7/8/8 w - - 1 50	f4g5 d6e7 d4d5 b6b5 d5d6 e7d6 f5f6 d6e5 f6f7	1788	000g0p0r0z1l1w
K6KRc	8/1p1R2pk/p5qp/5P2/1P1Q4/2P2r1P/4r1PK/6R1 b - - 0 32	g6g3 h2h1 g3h3 g2h3 f3h3	1788	0i0p1013161g1n
K6OBZ	8/2p2N2/1p3P2/4k2P/p1b3K1/P7/1P6/8 b - - 1 47	c4f7 g4g5 f7h5 g5h5 e5f6	1788	0g0i0p0t10
NRxuH	r4nk1/pp3pb1/3p3p/4q1B1/7P/8/PP4Q1/K4R2 w - - 1 28	g5f6 e5f6 f1f6	1788	01191g1o
OMiUS	5r1k/7p/6p1/p2q4/5n2/3BR3/6PP/4Q2K w - - 6 40	e1c3 h8g8 d3c4	1788	0g0p111g1o
PMQqY	2k3r1/pb1pqQ2/1pp4p/2P1P1r1/2B5/P1N5/2P2PPP/3R1RK1 b - - 0 18	g5g2 g1h1 g2h2 h1h2 e7h4	1788	050y101316191n
S6OjS	6Q1/8/8/8/1n1kp3/2p3PB/5r2/3K4 b - - 0 47	c3c2 d1c1 b4d3	1788	000f0p13151o
WVaii	2r1qrk1/2b3p1/p7/1p1p2Q1/2p5/2P2R2/PP4PP/3R3K w - - 7 44	g5d5 f8f7 d1f1 c8d8 d5f7 e8f7 f3f7	1788	010s191l1w
WfC35	5rk1/p2rnpp1/1p1N2n1/4P1P1/3P1q2/2P4R/PPQ3P1/6KR w - - 0 29	h3h8 g6h8 c2h7	1788	0y1315191n1o
X1Bwo	r4rk1/1pp1qppp/2n1b3/p1b5/2B1NQ2/P1PP4/1P1N1PPP/R3K2R b KQ - 4 13	e6c4 d2c4 f7f5	1788	01191o
XDiKh	5k2/3R4/4p1K1/4Nr2/p6p/6bP/8/8 w - - 1 48	d7d8 f8e7 e5c6	1788	0f0p13151o
XRo6f	6k1/4R1bp/p2Q1np1/1p1q4/2p5/P4P2/1PP2P1P/6K1 w - - 5 38	e7e8 f6e8 d6d5	1788	0g0i0p1o
YWp9o	r4qk1/ppp3rp/4p2Q/3nN3/4N3/3P1P2/PP3KPP/7R w - - 7 23	h6e6 g8h8 e6d5	1788	0g0s191o
c7jhx	3r2k1/p2P3r/2Q1R1q1/5p2/5P2/1P4p1/6R1/6K1 b - - 0 43	h7h1 g1h1 g6h5 h1g1 h5d1 e6e1 d1e1	1788	050p0r13171n1w
ccWoV	r4rk1/5pp1/1p2p2p/n2pP1RQ/1p1P3R/1P2P2K/P4q1P/8 w - - 1 35	g5g7 g8g7 h5h6 g7g8 h6g5	1788	050y101316191n
ctsvR	4r3/1p4pp/2pk4/Qpb5/3pp3/5rP1/PPR2P1P/6K1 w - - 2 30	b2b4 d4d3 b4c5	1788	010p1o1t
dZ6d8	r2q1rk1/p2bbppp/Q3pn2/1p1n4/3PP3/2N3P1/PP2NPBP/R1B2RK1 b - - 2 13	d5b4 a6a3 b4c2	1788	01191o
dkB1T	8/p5k1/1p3p1p/6p1/2p2bP1/P4PNP/1P1rR1K1/8 w - - 2 40	g3h5 g7f7 h5f4	1788	010p1o
fINTx	r4rk1/pp2b1pB/4pn2/2np2B1/8/2N1P3/Pq1Q1PPP/R3K2R b KQ - 0 14	g8h7 d2b2 c5d3 e1e2 d3b2	1788	0g0s10191n
h6hrD	2k4r/ppp2pp1/8/6B1/3Qq1b1/5N1P/PP4K1/R4R2 b - - 0 24	g4f3 f1f3 e4d4	1788	0g0w11191o
hpGNI	rn3bnr/2pb1kp1/p2p1q1p/1p6/3NP3/2N2Q2/PPP2PPP/R1B2RK1 w - - 2 10	f3h5 g7g6 h5d5 f7g7 d5a8	1788	0g0s101c
hs586	2r4k/pp1b1Q1p/3p2pB/4p1Pn/4P3/1Nq2P2/P1r5/1K1R3R w - - 4 26	h6g7 h5g7 h1h7 h8h7 d1h1 c2h2 h1h2 d7h3 h2h3	1788	050j0y1318191n1w
i67Al	r3k2r/1b2bp1p/p3p1p1/2npP3/5PQ1/2N1B3/Pq4PP/1BR2R1K w kq - 0 19	e3c5 e7c5 c3a4	1788	0111191o
jqJtO	3R4/p3r1k1/4Q1p1/5p1p/2P4q/P7/6P1/6K1 w - - 0 36	d8g8 g7h7 e6g6	1788	0p13151o1u
n78ne	1r4k1/5p1n/6p1/p3P3/q2RP2P/2P2P2/1P4Q1/2K4R b - - 2 29	a4a1 c1d2 a1b2 d2e3 b2g2	1788	0g0i0p101p
nPRBq	r2q1rk1/5p2/4pnB1/p6p/3P1n2/P1N1PK1P/1P4Q1/6R1 w - - 0 23	g6h7 g8h7 g2g7	1788	050k0m0y1315191n1o
p4cMP	6k1/7p/1p1p2p1/p1bPq3/2P4P/3BrRPK/P5Q1/8 b - - 6 40	e3d3 f3d3 e5f5 g3g4 f5d3	1788	050g0p0s10111n
p7kdY	6rk/p4prp/2p5/4QP2/2p2n2/P4q1P/BPP4K/3R2R1 w - - 1 35	e5g7 g8g7 d1d8 g7g8 g1g8	1788	0y101316191n
pAoIt	5rk1/2p3p1/8/PR1P4/2Q5/1P3rPq/4RP2/6K1 b - - 2 32	f3g3 f2g3 f8f1	1788	0d0p0x13151n1o
q2vXI	8/2kp4/p7/1pP5/1P5K/P1Q3P1/8/5q2 b - - 5 36	f1c4 c3c4 b5c4	1788	0g0p1i1o
riUH4	r5k1/4qppp/1r1p4/2p1pb2/3n4/PP1B3P/2P2PP1/R1BQR1K1 w - - 3 19	d3f5 d4f5 d1f3 b6a6 f3f5	1788	010s1019
rnlUX	1Rr5/2P5/3K1n1p/bN4pk/8/4PP2/6PP/8 b - - 4 42	a5c7 b5c7 c8b8	1788	010p0s1o
u4Ptu	1r4k1/5p1p/6p1/8/r2RP3/2K4P/pN4P1/R7 b - - 5 36	a4d4 c3d4 b8b2	1788	010p1o
uhSHe	5nk1/pq3pb1/3Br2p/2QpP3/5P2/7P/P7/3RR1K1 b - - 1 35	e6g6 g1f2 b7b2 e1e2 g6g2 f2g2 b2e2 c5f2 e2d1	1788	01050i0r0s11191w
vmUUZ	r3k2r/1bqp1pp1/p3p3/P1N5/1p1QP1n1/2PB1R2/1P1B2P1/RN4K1 b kq - 4 19	h8h1 g1h1 c7h2	1788	050y11121315191n1o
wB4J9	3r2r1/3kbp2/3pp3/1Pq4p/3Q3n/1B5P/1PP1NPP1/R2R2K1 b - - 2 25	h4f3 g1f1 f3d4	1788	0g191g1o
x6mNP	4r1k1/4r1bp/pp2q1pB/2p5/3p1Q2/1P1P4/P1P2RPP/5RK1 w - - 10 32	f4f8 e8f8 f2f8 g7f8 f1f8	1788	0y101316191d1n
yIuQO	r1b2qk1/ppp3bp/3p2n1/3Pp1PQ/2P2B2/2N3N1/PP3P1P/2KR3R b - - 0 16	f8f4 c1b1 c8g4 h5g4 f4g4	1788	010s1011191t
yMcBm	8/4p2p/p4pkb/3Q4/3P2P1/4P2P/PPq5/6K1 w - - 1 34	d5g8 h6g7 g8e8 g6h6 e8h5	1788	0p101316
0UbQJ	8/5p1p/5p2/8/2k1KP2/1R6/1P6/8 b - - 0 44	c4b3 e4f5 h7h5	1789	0g0h0p1o
1qsIY	rn3rk1/3b1ppp/p3pn2/1p1q4/4N3/2PB1Q2/PP3PPP/R4RK1 w - - 2 16	e4f6 g7f6 d3e4	1789	010d0y191o
3DowQ	3r2k1/5pp1/p6p/3qp3/4R3/P3R1P1/1P2QPKP/3r4 b - - 4 31	f7f5 e2d1 d5d1	1789	010p1g1o
5HvBn	8/2p1k3/1p3p2/p3p3/2P1R2r/2PK4/7p/6B1 w - - 0 38	g1c5 e7e6 e4h4	1789	0g0p1o
62cjq	r1bq3r/1p3k2/p1nQp2p/8/4P1nb/2N2N2/PPP3PP/2KR1B1R w - - 1 16	d6f4 d8f6 f4g4	1789	0g0s11191o
6cQgN	8/6pk/8/2p3KP/p7/1P6/P7/8 w - - 0 47	b3a4 c5c4 g5f4	1789	0g0h0p11121e1o1r
8nCv3	2r2r2/ppp2pkp/q2p4/2bP4/2N5/1R1Q2P1/2P3KP/1R6 w - - 0 25	d3c3 f7f6 b1a1 a6a1 c3a1	1789	0110191t
9tsdA	8/B1p1n3/1p4k1/3rp3/8/2P5/PP6/3RK3 b - - 1 28	d5d1 e1d1 e7c6 a7b8 c6b8	1789	0g0p101t
AmcmS	r5k1/pp3pp1/4p2p/7P/3Q2R1/P7/1PP5/1K5q w - - 2 26	g4g1 e6e5 d4g4 h1g1 g4g1	1789	010d0h0p10
B0akX	N2k3r/1p2pp2/p2pbn1p/4b1p1/4P3/1N1Q3P/1qPKBPP1/1R5R b - - 5 19	e5f4 d2e1 b2b1	1789	0g0v191o
CCG5E	2r1r2k/p5p1/1p3n1p/3B3q/2P4B/1P4Q1/P5PP/5RK1 w - - 12 36	f1f6 h5d1 f6f1	1789	01191o
Cv6vH	6k1/r4ppp/4p3/p3qn2/8/P1N1PQP1/1P1r1PKP/R2R4 b - - 10 24	f5e3 g2g1 e3d1	1789	01191g1o
DXFZa	3k1r2/1pp5/1p4Np/3qn3/6Q1/2PP3P/1P4P1/6K1 w - - 0 28	g4h4 d8c8 g6e7 c8b8 e7d5	1789	0g0p0s10
Dftyv	r2q1rk1/pb1nbppp/1p2pn2/8/3NNB2/2PB4/PP2QPPP/R4RK1 b - - 0 12	e6e5 e4f6 e7f6 d4e6 f7e6	1789	010s1019
DwIjE	r3r2k/1b3p2/2p4p/p7/Bq2n1QP/4R1B1/1PP3P1/4R2K b - - 3 28	e4f2 g3f2 b4g4	1789	010j0y191o
E9SQu	8/8/7p/2p1k1p1/2P1p3/4K1PP/5P2/8 w - - 6 45	g3g4 h6h5 g4h5	1789	0g0p1e1l1o1z
EQFeO	8/8/8/6p1/3Pr1k1/1P1K4/8/8 w - - 0 52	d3e4 g4h3 d4d5 g5g4 d5d6 g4g3 d6d7	1789	000g0p1l1w
Eciuh	r1b5/ppp2p1k/3p1p2/2P1p3/3nq3/2P5/PP1QBP1P/R3K1R1 b Q - 0 16	d4f3 e1d1 f3d2	1789	0g0s191o
F8IR5	8/pp2rk1p/8/8/4N2r/PP2R2P/8/1K6 w - - 10 39	e4d6 f7f8 e3e7 f8e7 d6f5 e7f6 f5h4	1789	01050j0p0r0s111w
FcsZB	5k2/ppp2p2/6p1/3P1b2/P1P2P2/1P4K1/1q3Q1p/4R3 b - - 1 35	b2f2 g3f2 f5e4 e1e4 h2h1q	1789	000g0i0p101h
GE6pl	8/ppkb1Q2/5p2/3P3p/PKP1r3/1N1q1n1P/1P3P2/R7 w - - 1 35	f7d7 c7d7 b3c5 d7c8 c5d3	1789	01050s10191n
HvWvj	4r2r/p7/1Ppkp2b/2Np1n2/1P1P1q2/2P5/4Q2p/4R1RK w - - 2 29	e2e6 e8e6 e1e6	1789	0u1315191n1o
I7pjt	r3r1k1/pQp2ppp/5p2/8/2b5/2PP4/PP2qPPP/R1B2RK1 b - - 0 17	e2f1 g1f1 c4d3 f1g1 e8e1	1789	0506101316191n
IMHZN	1brr2k1/1p3ppp/p3qn2/8/1P1n3P/P1N2BP1/1B3P2/2RQR1K1 b - - 3 21	e6e1 d1e1 d4f3	1789	0g0y1c1o
ISNVZ	5Q2/p5pk/1p5p/4PK2/3q1P2/3p1P2/P5r1/1R5R b - - 6 33	d4d7 f5e4 g2e2	1789	0p13151o
J1XfK	8/8/5pp1/5k1p/3K1P2/p5PP/P7/8 b - - 2 46	h5h4 g3h4 f5f4	1789	0g0i0p1e1o
MMKSf	3b4/3r1k2/2R1RB2/6pp/1p6/6PP/1Pr2PK1/8 b - - 0 34	c2c6 e6c6 d8f6	1789	010p1o
MOBgf	r1bk4/ppp2rpp/8/2b5/3Nn3/4B3/PP3PPP/3R1RK1 w - - 0 16	d4c6 d8e8 d1d8	1789	0k0m1315191o
OyMx8	8/4k1pp/4P3/p4PP1/8/2pr3P/P4R2/5K2 b - - 1 34	d3d1 f1g2 d1d2	1789	0g0p1m1o
RI5tL	4R3/8/2p4p/r1Pkbpp1/8/4PK2/8/2R5 w - - 2 48	c1d1 d5c4 e8e5	1789	0g0i0p1o
RkuOT	r1b4k/pp2nQp1/2p5/4q3/4B3/8/P3KPPP/7R w - - 0 21	f7e8 e7g8 e8e5	1789	0g191o
UsMEe	4rr1k/1ppn1pp1/p2q2np/3PN3/5P2/2NQ3P/PP4P1/4RRK1 w - - 11 27	e5f7 f8f7 e1e8	1789	010i0j0y191o
VmxBr	2R5/6pk/7p/8/8/3qQK1P/2p3P1/8 b - - 5 62	d3f5 f3e2 f5c8	1789	0g0p0s1o
W2sSw	3r1rk1/p1p1q3/2p1Rn1p/6p1/N6B/8/PPP1QKPP/R7 b - - 0 18	f6e4 f2g1 e7e6	1789	010k0m0v191o
WGyqh	r3r1k1/1p3ppp/p2q4/3p4/2pP1Nb1/P1P1RnP1/BP3PQP/4R1K1 w - - 11 26	g2f3 g4f3 e3e8 a8e8 e1e8 d6f8 e8f8	1789	0g0y191w
Xe3s9	5k2/1R6/5n2/P5p1/6Pp/4pB1P/5r2/6K1 w - - 2 38	a5a6 f2a2 a6a7	1789	00010p111o
XyPZY	rn1q3r/1pp2pkB/4p2n/p3P1N1/b1pP3P/2P3R1/5PP1/4K2R w K - 2 21	g5e6 g7h7 g3g7	1789	0k0m0q1315191n1o
YC3Pz	r1b3k1/pp3nbp/n2p1r2/PN1Pp2q/1P2P1p1/3N2P1/4BPP1/2RQ1RK1 w - - 4 25	c1c8 a8c8 e2g4 h5g6 g4c8	1789	01050s101119
ZJt1E	N1b2b1r/ppB1kppp/4pn2/1B1p4/5Q2/q7/5PPP/5RK1 w - - 0 21	c7d8 e7d8 f4c7	1789	051315191n1o
Zxkly	r2q1bk1/1bp2pp1/p2pr2p/1p1npN2/8/2P2N2/PPQn1PPP/RB2R1K1 w - - 0 20	f5e7 f8e7 c2h7 g8f8 h7h8	1789	0d0y1013161c1n
ag3YO	r2k4/2p3Q1/6p1/pP1PP3/P7/6PK/4q2P/6b1 w - - 5 47	g7f8 d8d7 e5e6 e2e6 d5e6	1789	0g0p10
bSTBr	1r5k/1p5p/p3K3/1n6/1P3b1B/1Bn5/8/8 w - - 11 49	h4f6 h8g8 e6e7 c3d5 b3d5	1789	0j0k0p101316
bWW2P	5rk1/1Q2Rrbp/p1p3p1/8/1P4N1/2P4P/1P1q1PP1/4R1K1 b - - 0 30	d2e1 e7e1 f7b7	1789	01191o
bt6Na	3n4/2p2p2/p2k2p1/1p1B3p/3PKP2/2P3PP/PP6/8 b - - 4 42	f7f5 e4d3 d6d5	1789	0g0i0p1o
cxlvi	6k1/pp3ppp/2q1b3/3r1PQ1/1Pp1r3/P6P/B1P1p3/3R1RK1 w - - 0 31	g5d8 d5d8 d1d8 c6e8 d8e8	1789	06101316191n1y
eduej	7Q/8/p2q2kp/5np1/P1p5/2Bp4/1P6/6K1 w - - 15 48	h8e8 g6h7 e8f7 f5g7 f7g7	1789	0p101316
foDAM	4k1r1/3r1p2/1R1N4/p1Q3q1/P1P5/1P5P/6P1/6K1 b - - 2 53	d7d6 c5g5 d6d1 g1f2 g8g5	1789	010p0w101n
gN4vN	8/Rbk5/5p2/P1p2p1B/2Pr1P1P/8/4K3/8 b - - 4 52	c7b8 a7b7 b8b7	1789	010p1o1t
hSj9U	3r2kr/ppp3p1/4R1Qp/8/8/3q4/P5PP/5R1K w - - 4 33	e6e8 d8e8 g6d3	1789	0g0i0p1o
hTf9F	r5k1/pp2b1p1/n2p3r/2pP1q2/6R1/P1N4N/1P1B1P1K/R2Q4 b - - 2 24	f5f2 g4g2 h6h3 h2h3 f2h4	1789	050r101316191g
iZU69	3rr1k1/p4pb1/np4pp/1N6/1P1B4/P2Q1bqP/2P3B1/1R2R1K1 w - - 0 25	e1e8 d8e8 d3f3 g3f3 g2f3 g7d4 b5d4	1789	010w191w
kGO9G	r1b2bk1/1pp2p1p/pq2p1p1/6N1/P1PPp3/1P2P3/5PPP/R2QK2R b KQ - 1 16	b6a5 e1f1 a5g5	1789	010s191o
kOb3J	rnb1k1nr/pp2pp1p/6p1/q3b3/5B2/2N5/PP3PPP/R2QKBNR w KQkq - 0 9	f1b5 c8d7 f4e5	1789	010v0w1c1o
mAu0N	6k1/6p1/3rpq1p/Nn1r1p2/1pRP1P2/1P3Q2/P5PP/3R2K1 b - - 0 29	b5d4 c4d4 d5d4	1789	0g191o
mVzYs	r2q2k1/ppp1b1pp/3pRr2/5n2/8/8/PPP2PPP/RNBQ2K1 w - - 1 14	e6f6 e7f6 d1d5	1789	010y191o
nRjjP	6k1/1p3p1p/4qb2/2p5/PpPp1P2/1P1PR3/3Q1K1P/5B2 b - - 0 32	d4e3 d2e3 f6d4 e3d4 c5d4	1789	0g0p0s101g
pAGL4	2r2r1k/3qbpRn/p6N/2np4/7B/2p1PP2/PP5P/1K4R1 w - - 0 25	g7g8 f8g8 h6f7	1789	0f0i0y1315191n1o
pB3pE	8/7R/3PBpp1/r4n2/3b1Pk1/6P1/7P/r4R1K w - - 1 32	h7h4	1789	1314191b1g
qRT6E	r1r5/p4kbp/1p1qNpp1/3B4/8/6P1/PPP2P1P/R3R1K1 w - - 0 24	e6g5 f7f8 g5h7	1789	0k0m1315191o
qZfqK	rn2k1nR/pppb4/3p4/3Pp1q1/6p1/1N2P3/PPP1BKP1/R2Q4 b q - 0 16	g5f6 f2g3 f6h8	1789	010s191o
rBfe6	r5k1/pp3rpp/3p4/1q1P1R2/3Qn3/2B1P1P1/PP5P/2R3K1 b - - 0 25	e4c3 b2c3 f7f5	1789	0g0w191o
sPDzK	8/6pk/7p/8/1R5n/2P4P/1P3rr1/R4N1K b - - 2 28	h4f3 b4g4 g2h2 f1h2 f2h2	1789	030p0r1013161l1n
tU5DI	2br1rk1/ppn4p/2p3pB/2N1p3/1P2P3/P1P5/2q1QPBP/3RK2R b K - 0 20	d8d1 e2d1 c2f2	1789	041315191o
uiEhF	r4rk1/2p3pp/p1P5/1p2q3/1P5n/4P1NP/P1P2RPK/R3Q3 b - - 2 23	f8f2 e1f2 e5a1	1789	0g191o
vGwMn	7r/6RP/3k2P1/8/5n2/5P2/8/6K1 w - - 1 56	g7g8 f4g6 g8g6	1789	0g0p1o
vyETo	6k1/8/bp2r2p/p1p3pQ/8/P2p1P2/Rb4PP/4B1K1 b - - 0 33	b2d4 g1f1 d3d2	1789	000j0k0p13151o
x1aqi	8/p2Qq2k/1p5p/1P3Kpn/P7/3R1PPP/8/8 b - - 3 52	h5g7 f5g4 h6h5	1789	0p13151o
xUTdN	k3r3/2Q2pp1/1R3q1p/3P4/P1P3b1/3B4/5PPP/6K1 b - - 0 28	e8e1 d3f1 e1f1 g1f1 f6a1 b6b1 a1b1	1789	050p13171n1w
xiFpE	7r/3k2p1/1br2p2/pp2p1p1/nB1PP3/1RPBK1PP/P7/7R w - - 0 33	d3b5 a5b4 b5a4 d7c7 a4c6	1789	010s10191g
yAJl6	6k1/6pp/pp2p1q1/1p2P3/1P3P2/P2rR2P/5QPK/8 w - - 9 30	f4f5 d3d2 f2d2	1789	0g0p1o
ymVIw	rnb2rk1/pp4pp/2p1p3/q7/1b1P1nB1/P5B1/1P1NPP1P/RN1QK2R b KQ - 2 13	f4g2 e1f1 g2e3	1789	0g191g1o
z6SSf	8/5P2/2k5/5r2/5R2/1p3K2/8/8 b - - 2 63	f5f7 f4f7 b3b2	1789	000g0p1m1n1o
1y81e	8/8/5k2/7P/1p1p2P1/2PPpK2/1P6/8 b - - 0 39	d4c3 b2c3 b4b3 f3e3 b3b2	1790	000g0p101e
2IBRW	2k2b1r/1pp2ppp/p1P1p3/8/2P5/5r2/PP3P1P/2KR3R w - - 0 18	d1d8 c8d8 c6b7	1790	00010i0p1k1n1o
2J0qT	2Q5/4b1k1/p2pB1q1/P2Pp3/4Pp1n/B1N4P/2r5/6RK b - - 10 35	c2h2 h1h2 h4f3 h2h1 g6g1	1790	050r0s101316191n
2bzyQ	r4r1k/p1p1B1pp/1b6/3qp3/3PN1Q1/2Pn4/PP3PPP/R4RK1 b - - 4 19	f8f4 g4e2 d5e4 e2e4 f4e4	1790	011019
3CgOU	2r2r2/4bp1k/3p4/p2R3N/1pq1p3/7B/PPP3RP/1K6 w - - 0 28	h5f6 e7f6 d5h5	1790	0d1315191n1o
3xsjI	r1b2rk1/pp3ppp/2p2q2/2b5/5P2/3B1Q2/PPP3PP/R1B2R1K w - - 2 16	f3h5 h7h6 h5c5	1790	01191o
4hJH9	7k/1p4pp/p4r2/1b1p4/1Q1P3q/P3P3/1P4PP/R3R1K1 b - - 0 25	h4f2 g1h1 b5f1 b4f8 f6f8 e1f1 f2f1 a1f1 f8f1	1790	060p13181w
4lU1q	rk6/1p6/2n5/8/3P4/1Q2PKP1/q4PP1/1R6 b - - 1 30	c6d4 e3d4 a8a3 b3a3 a2a3	1790	0g0p101g1n
5XTOX	8/2p2qk1/1p1p2n1/p2B2BQ/2P5/1P4PK/P6P/b7 b - - 0 35	g6f4 g3f4 f7h5	1790	0g0j0p111o
5vGYX	8/6Rp/5p2/7k/r4B2/1r1b3P/5PPK/8 w - - 4 41	g2g4 h5h4 f4g3	1790	0p13151o
62Jd1	8/1pp2pk1/p6p/5p2/5bq1/P1P3N1/1P1Q1PKP/8 w - - 0 32	d2f4 g4f4 g3h5 g7f8 h5f4	1790	01050p0s101n
6ng51	2k2b1r/ppp4p/2b1q3/3p4/5p2/3Nr1P1/PP2B2P/R2QR1K1 w - - 0 24	e2g4 e3e1 d3e1	1790	01191g1o
7gol0	rr4k1/5ppp/p7/3Qp3/P1R5/8/5PPP/1q2R1K1 w - - 3 24	c4c8 b8c8 e1b1	1790	010p1o
9OzGU	r5k1/2qrbppp/p3p3/4P3/1P3PP1/2p2P2/P1B5/R1B1Q2K w - - 2 30	e1e4 g7g6 e4a8	1790	01191o
AD3qv	3Nk1r1/p2n4/Pp6/1bp5/8/B1P3q1/2PQ2Bn/R3R1K1 b - - 1 26	e8d8 e1e3 h2f3 e3f3 g3f3	1790	0g0r0s0t1011191g
Ap0DZ	6r1/pp2k3/4p3/3pq3/7p/P4RnP/1P4PK/R3Q3 b - - 1 27	g3f1 h2g1 e5h2 g1f1 h2g2	1790	0k0m0p1013161n
AzHr0	5rr1/p4qpk/b3p3/1p1pPp1N/8/3P3R/PP4PP/R5K1 w - - 0 23	h5f4 f7h5 h3h5	1790	0j0k1315191o
BheRZ	3qb3/8/Qp2p3/p2kNp1p/2pP1Pn1/2P1P3/1P6/7K w - - 0 42	a6b7 e8c6 b7c6	1790	0p13151o
BpgjU	2n1r1k1/4Bp1p/1p4p1/2P5/1P4b1/8/3q1PPP/Q3R1K1 w - - 1 25	a1h8 g8h8 e7f6 h8g8 e1e8	1790	050j101316191f1n
Hz7g2	4Q3/6pk/5p1p/4p2K/P2p2P1/3P1b1P/2P1R3/6q1 b - - 18 41	f3g4 h3g4 g1h1 e2h2 h1h2	1790	0p1013161n
JErXQ	2k4r/pp3R2/6p1/2p3q1/3p2p1/1P1P4/P1P3P1/4Q1K1 w - - 1 27	e1e6 c8b8 e6d6 b8a8 f7f8 h8f8 d6f8 g5d8 f8d8	1790	060p13181w
KJyH7	2r2r1k/1p1b2pp/p2Pp2N/3p3Q/P2P4/3B4/1P1q1PPP/n4RK1 w - - 5 21	h6f7 h8g8 d3h7	1790	0y1315191o
MG31v	2r3k1/5p1p/P2N4/3PR2r/5pn1/1P3p2/6PP/3R1B1K b - - 0 32	h5h2 h1g1 f3f2	1790	0011121315191o1r
O7fwB	8/4kpp1/4p2p/p3n3/r3q1PP/2PB4/1RK5/3Q3R b - - 1 32	e5d3 d1d3 e4h1	1790	01191o
OzNUQ	3q3Q/1p1k4/2pb1n1p/p3r1p1/P3P3/2N5/1PP2PP1/3R2K1 w - - 2 26	d1d6 d7d6 h8d8	1790	050g0i191o
PNSip	4r1k1/5ppp/p7/2p5/P7/1rQP4/q3NPPP/4RK2 w - - 2 26	e2c1 e8e1 c3e1 a2a4 c1b3	1790	010p0s10
TY3I0	1k2rbnr/1pp2ppp/p2p4/P1qP4/3N4/1P5Q/2P2PPP/RNBR2K1 b - - 0 16	c5d4 c1d2 d4a1 d2c3 a1a2	1790	0g101c
Tuxr8	5nk1/7p/1p2q3/3p1R2/2bP3P/4Q1P1/8/6K1 w - - 0 31	f5f8 g8f8 e3e6	1790	0g0p0w1o
UVPTF	4rqk1/2p2pp1/p1Pp1b1p/1p1Q4/1P2R3/PB5P/2P2PP1/6K1 w - - 1 27	d5f7 f8f7 e4e8 g8h7 b3f7	1790	0g0p0y101g1n
VvwSL	5r1k/p4rp1/1p4Qp/8/7q/3P4/P5PP/B4RK1 w - - 0 28	a1g7 f7g7 f1f8 g7g8 g6g8	1790	0i0p0s101316
WkWjk	8/7P/8/8/pp1p4/5R2/1Pk2p1r/5K2 w - - 2 55	f3f2 h2f2 f1f2 a4a3 b2a3 b4a3 h7h8q	1790	000g0p1h1m1w
XUU1J	8/8/2P4P/8/3rp3/4k1K1/8/8 w - - 0 47	c6c7 d4c4 h6h7 c4c7 h7h8q	1790	00010p101h1m
XZS5X	rn1qkb2/pbp1ppr1/1p3n1p/3pN1pB/3P3B/3QP3/PPP2PPP/RN2K2R w KQq - 6 11	h5f7 g7f7 d3g6	1790	040g1c1n1o
YgMic	8/8/ppp2kp1/3p4/PP1K1PP1/1P6/8/8 w - - 1 40	b4b5 c6b5 a4b5 a6b5 d4d5	1790	0g0p101e
Yll7A	8/8/5p1k/p3p3/r5P1/2P1QK1P/6R1/4q3 b - - 15 50	a4f4 e3f4 e5f4	1790	0g0p1o
auqmL	5k2/p1p1r1pr/8/nPN1b1R1/3p1p2/P2PpB1P/1BP4K/8 w - - 1 40	g5e5 e7e5 c5d7 f8e7 d7e5	1790	01050s10191n
c77r8	r3r1k1/1pq2pp1/p1p2b1p/2BpnPnN/8/2P5/PPB2PPP/1R1QR1K1 b - - 4 19	e5f3 g2f3 e8e1 d1e1 g5f3 g1g2 f3e1	1790	050g0j0s191n1w
cbc9D	2b3k1/p7/1p1p2p1/2pPp2P/2PrB3/P3K2P/1PR5/8 b - - 0 30	d4e4 e3e4 c8f5 e4f3 f5c2	1790	050g0p0r101n1p
d35gI	r4k2/2p3p1/1p1p2P1/p2n4/2qPpB1Q/2P1P3/PK6/7R w - - 2 32	h4h8 f8e7 h8g7 e7e6 g7f7	1790	0i0p101316
dFwuS	3k4/5Rpn/3Bp2p/4P3/7P/3p1P2/2r3P1/5K2 b - - 1 35	c2c1 f1f2 d3d2	1790	000g0p1o
dItva	3r2k1/pp3ppp/3P1q2/4r3/8/1P3PQP/P2R1P1K/5R2 b - - 0 26	e5g5 g3h4 g5g2 h2g2 f6h4	1790	010j0p10
ePN96	4r1k1/7p/p5p1/Pp1p4/1PpPb1N1/5r1P/3B2n1/R4RK1 w - - 0 30	f1f3 e4f3 g4f6	1790	01191o
gWGU6	6b1/p5Pk/1pR5/8/8/1P5p/P1PB3r/2K5 b - - 1 33	h2d2 c1d2 h3h2	1790	000g0p111n1o
iOD4O	3q2k1/5rpp/p3pn2/np2N3/2p1P3/P1P1P2P/1P2Q1P1/5RK1 w - - 0 26	e5f7 g8f7 e4e5	1790	0g191o
iWrPz	6k1/pQ3pp1/6p1/8/3N3P/2P3P1/PP3P2/3qn1K1 b - - 2 28	e1f3 g1g2 d1g1 g2f3 g1h1 f3e3 h1b7	1790	0g0k0m0p111n1p1w
kmKDe	6k1/4n2b/pq1b1B1p/1p1P1pp1/1P3P2/P3r1P1/7P/R2Q1R1K w - - 3 28	f6d4 b6b7 d4e3	1790	0g0s0v191o
lcePm	rn2r1k1/1pq2pbp/2p3p1/p1PP4/3B2n1/2N5/PP1QN1BP/2KR3R b - - 2 15	g7h6 d2h6 g4h6	1790	01191g1o
mO1UU	rn1q1rk1/p1p3pp/1p2p1b1/3pb1N1/3PpB2/1QP1P3/PP3PPP/R3K2R w KQ - 0 14	g5e6 d8d6 e6f8 e5f4 f8g6	1790	010s1019
mUytB	5r1k/pp4pp/7r/P3PP2/3p1Q2/8/1PPq3P/2R2RK1 b - - 2 26	h6g6 f5g6 f8f4	1790	010p1o
o9p9n	r5rk/3R1Qpp/7B/2p5/1n6/qBn2P2/P5PP/K6R b - - 2 30	b4c2 b3c2 a3a2 f7a2 a8a2	1790	030i0s101316191n
oHenZ	r2q3r/p2nkppp/4pn2/2pp4/7P/QP3N2/P1b1PPP1/RN2KB1R w KQ - 0 13	f3d4 d8c7 d4c2	1790	01191g1o
oMo3C	4r3/1p3kp1/p1qb3p/2p2P2/3n4/1P4Q1/P4RPP/2R3K1 w - - 3 30	g3g6 f7e7 c1e1 e7f8 e1e8 c6e8 g6d6	1790	0g191w
oelmM	2b1kb1R/4p3/4Pp2/pr3P2/8/5KB1/P1r5/3R4 w - - 2 36	d1d8 e8d8 h8f8	1790	050i1315191f1n1o
qF5hp	1r2n2k/p3Qppp/r1p5/3p4/3P4/q3PP2/1P1R1P1P/1KB3R1 w - - 0 24	e7e8 b8e8 b2a3	1790	01191o
qY1dh	8/1p3pk1/p1p1b1p1/8/P3Pr2/2N2n2/1P1KB3/7R w - - 0 28	d2e3 g6g5 e2f3	1790	010h0p0w1o
tWtfB	3r1rk1/b2b1ppp/8/8/8/2N2n2/PPPQ1PKP/R1B1R3 b - - 1 21	f3d2 c1d2 d7c6 g2f1 d8d2	1790	010j1019
uwjXa	4k3/6R1/pp6/8/1P1P4/P2r1pPb/3B3P/4K3 b - - 9 48	d3d2 e1d2 f3f2	1790	000g0p1n1o
vvqHq	4nrk1/5p1p/4pBpQ/3p2P1/pP1P4/4R3/2q2P1P/6K1 w - - 0 29	h6h7 g8h7 e3h3 h7g8 h3h8	1790	050p1013161d1n
wUjtT	4q1k1/p1pr2pp/1pR2p1n/7P/3PrN2/4P1PQ/P4PK1/1R6 b - - 1 26	e4f4 g3f4 e8e4 h3f3 e4b1	1790	010d0s10191n
x3Vav	8/8/8/6P1/1P6/P4k1p/6N1/5K2 b - - 1 60	h3h2 g2h4 f3g3 h4f5 g3h3 f1f2 h2h1q	1790	00010h0p0z1h1w
yZNao	r5k1/pQ3pqp/n3p3/8/8/3B4/Pp3PPP/R4RK1 b - - 0 18	a8b8 b7b8 a6b8	1790	01191o
ylvLb	3r2k1/p2q2pp/1p2p3/2b1Q3/8/1P2P1P1/PB3PKP/3R4 b - - 1 23	d7b7 g2h3 d8d1	1790	0g0j0p1o
ztJqb	r6r/ppp3pp/4k3/5q2/3b2Q1/3P3P/PPP3P1/RNB4K w - - 2 18	g4d4 f5f1 d4g1	1790	010t191o
0ocsY	3k4/1q5p/8/4Q3/8/P2p4/1P6/K7 w - - 0 44	e5h8 d8c7 h8h7	1791	0g0p0v1i1o
0wgFw	8/8/6R1/5pp1/6kP/1r4P1/6K1/8 b - - 7 90	b3g3 g2f1 g4h4	1791	0g0p1m1o
1jBSX	8/1R5p/6pk/8/3n1P2/pP1K4/5P1P/8 b - - 2 40	a3a2 b7a7 d4b3 a7a2 b3c1 d3e4 c1a2	1791	00010p0r0s1w
3M12a	2k2Br1/ppp2p2/5q1p/8/2BPP3/1P1Q1P2/P5rP/R5RK b - - 3 24	g2h2 h1h2 f6h4	1791	050y1315191n1o
3P8Nn	1k6/pp2rqp1/2p4p/3p4/PQ1P2B1/2P3P1/5PPK/1n6 w - - 0 31	b4d6 e7c7 d6d8 c7c8 d8c8	1791	0p1013161k
41KKF	5rk1/p3q1p1/1p2p1P1/2r1P3/4Q3/2P1n3/PP6/1K5R w - - 2 29	h1h8 g8h8 e4h1 e7h4 h1h4 h8g8 h4h7	1791	050p13171n1w
57qpE	3B2k1/pb1n1p1p/1p6/2pP1Q2/6P1/7q/7R/5R1K b - - 4 38	b7d5 h1g1 h3g3 h2g2 g3g2	1791	0r10131619
7EfVx	5rk1/2p5/2bpp1rp/1p6/p2P1q2/P1P2P1P/1P2QBP1/R3R2K b - - 3 33	g6g2 h1g2 c6f3	1791	050g0y11191n1o
8pV72	8/p4r1k/6pp/8/P1P1P3/5q2/1Q1K1P2/2RR4 b - - 6 36	f3f2 d2c3 f7f3 d1d3 f3d3 c3d3 f2b2	1791	010p0r1w
AuAe1	3r2k1/1pp3pp/2b1p3/p7/6P1/8/PqB1Q1PP/R6K w - - 0 26	c2h7 g8h7 e2b2	1791	0g0j0p1o
BI118	r4rk1/1p3ppp/pbpp4/4pq2/1PP4Q/P2bP1P1/1B3P1P/R2R2KB w - - 2 19	d1d3 f5d3 h1e4 d3e4 h4e4	1791	0110191n
BrRBJ	8/7p/3k4/PppP1p2/5P2/4K3/7P/8 b - - 0 51	d6d5 a5a6 d5c6 a6a7 c6b7	1791	0g0p10111e
Bxf6t	7k/r6r/8/1Q6/8/p5K1/8/8 w - - 0 50	b5b8 h8g7 b8a7	1791	0g0p0v1j1o
CHmpw	2r2r1k/p4pqp/4p2Q/2bp2N1/8/6R1/P4PPP/5RK1 w - - 4 30	h6g7 h8g7 g5e6 g7f6 e6f8	1791	01050k0m1019
CPPca	8/6pp/7k/3Q1n2/5N2/5PPK/5q1P/8 b - - 0 50	f2f1 f4g2 f1g2 h3g2 f5e3 g2f2 e3d5	1791	01050p0s1n1w
CZ1z2	r2qkbnr/pp3ppp/4p3/2npP3/3B2P1/3Q1N1P/PPP2P2/RN2K2R w KQkq - 1 12	d4c5 f8c5 d3b5 d8d7 b5c5	1791	010s101c
EY4PR	5rk1/p2r1ppp/1p1Q4/4N3/P4P2/5Kn1/7q/4R3 w - - 0 32	d6f8 g8f8 e5d7 f8g8 e1e8	1791	05060w10131619
FWW4e	5k2/5pp1/3P3p/1B2P3/Pp3n2/2r2N1P/2p3P1/2R3K1 b - - 2 40	b4b3 f3d4 b3b2	1791	000g0p1o
GfIny	2r1r1k1/1p3pb1/p2p1Qp1/3q2B1/3p2b1/5R2/PPP2PP1/1K5R w - - 2 22	f6g7 g8g7 g5f6 g7g8 h1h8	1791	050y101316191d1n
HCMnM	8/6pk/3p4/p2Q4/2P2PPK/2q4P/8/8 b - - 0 41	c3e1 h4g5 e1e7 g5f5 g7g6	1791	0p1013161i
Hsw4O	1r4k1/3b1rpp/p4p1B/2pq1P2/3pp2P/1P3RQ1/P5P1/4R2K w - - 0 29	g3b8 f7f8 b8g3	1791	010t191g1o
IU2Hg	1r3r1k/3p1P1p/2bN4/2P5/6RP/p7/6P1/5R1K b - - 0 36	a3a2 h1h2 b8b1	1791	000g0p1o
LymHS	6k1/6q1/5Q1p/2p1p3/1pP1P3/1n1P3P/rP4P1/5RK1 w - - 1 31	f6e6 g8h7 f1f7	1791	0d0g0p1g1o
MR3Gc	rn2k2r/pb3p1p/1q1b1p2/3Np3/2B5/3P1P2/PPP3PP/R2QK1NR b KQkq - 1 11	b7d5 c4d5 b6a5 c2c3 a5d5	1791	010r0s101c
MdF0j	4q1k1/3n3p/p1p3p1/2p1pQ2/2P3N1/1P1P2P1/P5KP/8 w - - 0 34	f5d7 e8d7 g4f6 g8f7 f6d7	1791	050g0p0s101n
OOdZp	6k1/R5p1/5q1p/5P2/4Q1n1/8/PPP3P1/6K1 b - - 0 39	f6b6 g1h1 g4f2	1791	0g0p0s1o
OsASz	8/7p/2P1k3/5p1P/1pr5/1R4K1/5PP1/8 b - - 1 50	c4c3 b3c3 b4c3 c6c7 e6d7 g3f4 c3c2	1791	000g0p1m1w
PBdBp	r5qk/5r2/3p2QP/ppp1p1R1/n3P3/3P4/PPP2P2/2K4R w - - 1 27	g6g7 g8g7 h6g7 h8g8 h1h8	1791	000e0k0m0r0y10131619
QiV5K	7k/3P1n1P/6K1/8/8/8/1p6/8 w - - 0 53	g6f7 b2b1q d7d8q h8h7 d8h4	1791	000p0r1013161h
RNT8Z	r1b2R1r/pppp2pk/1b4np/1q3Q2/3P3P/2P5/PP4P1/RN4K1 w - - 4 17	f8h8 h7h8 f5b5	1791	0g191g1o
RV7cd	r1b2rk1/ppp2p2/5npb/4q2p/2B1PP2/2N5/PPPQ3P/2K3RR w - - 0 17	g1g6 g8h7 g6h6 h7h6 f4e5	1791	0g0j0k0y10191g
SUGCV	2kr3r/p1p2ppp/1p1bp3/qB6/2PPb1P1/P3P2P/1P1NQ3/2KR1R2 b - - 2 21	a5c3 b2c3 d6a3	1791	0a0i1315191k1n1o
YWuxg	2r2r2/3bbpk1/p1p2q2/1p4pP/4P3/P2P1QBN/1PP2PP1/R4RK1 b - - 1 22	f6f3 g2f3 d7h3	1791	01191o
aLyKJ	k2rr3/pp3p1p/2p1q1pb/4B3/2NQ1n2/P2P3P/1PP5/2KRR3 w - - 0 25	c4b6 a7b6 d4a4	1791	0d1315191k1n1o
aXPsw	r1bqk2r/ppppnp1p/6p1/3N2B1/3nP3/8/P1P2PPP/R3KB1R w KQkq - 0 11	d5f6 e8f8 g5h6	1791	13151c1o
as2Ko	2k2rr1/1bp3qp/8/1P1pN3/P2P4/2P1b3/R6N/3Q1R1K b - - 0 29	f8f1 d1f1 g7g1 f1g1 g8g1	1791	0r101316191d
atS6e	rn2k3/2pb1p1p/p2p3n/1p1P1P2/4P3/2QB1N1q/P1P2r2/R2K4 w q - 0 23	c3h8 h6g8 h8g8 e8e7 f5f6 e7f6 g8g5	1791	051317191w
bJk0B	4r1k1/5p1p/pQ4p1/1p6/8/2P2qb1/PP4R1/5RK1 b - - 3 30	f3f1 g1f1 e8e1	1791	050p13151d1n1o
bfrSv	rn1qkb1r/pp2pp1p/2pp1n2/6B1/3P2b1/4PN2/PPP1BPPP/RN1QK2R b KQkq - 0 6	g4f3 e2f3 d8a5 c2c3 a5g5	1791	010s101c
e0fjj	r2qk2r/ppp2pp1/2p5/4N3/4P3/4P1p1/PPP3P1/RN1Q1RK1 b kq - 0 12	h8h1 g1h1 d8h4 h1g1 h4h2	1791	050y101316191n
eSvwT	r5k1/1pp2pp1/p2p1q1p/3Pbb1Q/P2p4/1B1P3P/1PPB1PP1/4R1K1 w - - 8 19	f2f4 e5f4 d2f4	1791	01191o1t
fAhMH	2r4k/1p5p/8/1b1P2N1/4RP2/P3K3/1P5R/3r4 b - - 18 45	d1d3 e3f2 c8c2 e4e2 c2e2 f2e2 d3h3 e2f2 h3h2	1791	0g0j0k0p111w
fWHZR	3Q4/1p1P2kp/8/p4P2/PPP3p1/5pPq/2B1nb1P/6RK b - - 0 37	e2g3 g1g3 h3f1 g3g1 f1g1	1791	0p0y1013161g1n
gb048	k7/p7/Ppbb1B2/8/3p4/1P1Kp2R/2P3rP/R7 b - - 5 41	g2d2 d3c4 b6b5	1791	0p13151o
kmo7t	6r1/1p4pk/4Q2p/p7/2P2P1K/1P3q2/P4p1P/3R1R2 b - - 0 30	g7g5 f4g5 h6g5	1791	0p13151o
lTmVm	3k4/8/5N2/5K2/pp1r2R1/8/P6P/8 b - - 3 53	d4g4 f6g4 b4b3 a2b3 a4b3 g4f2 b3b2 f2e4 b2b1q	1791	000g0p1h1w
lvg8d	r2q3r/ppp1nkbp/2n1b1p1/3NppB1/2P5/3P1N2/PP2P1PP/R2QKB1R w KQ - 8 11	g5e7 c6e7 f3g5 f7g8 g5e6	1791	010i1019
m1NEQ	r2qr1k1/2p2pp1/pp2pP1P/4n1B1/8/2PBP3/P1P1QP2/R3K2b w Q - 1 18	h6h7 g8h8 f6g7 h8g7 g5d8	1791	000g0j0y1019
mR6rl	r2k1b1r/p4ppp/4pn2/4N3/1p6/8/PPP2PbP/R1BNK2R w KQ - 0 13	h1g1 g2b7 e5f7 d8e8 f7h8	1791	010r0s1019
mx12q	8/5pk1/3Qp2p/6p1/1pB1b1P1/p3q3/P1P4P/1K1R4 b - - 1 38	e4c2 b1c2 e3c3 c2b1 c3b2	1791	050p0s1013161n
n4dWA	8/2R2p1p/3r1k2/4p3/5p2/1B2rn2/PP6/2K4R w - - 2 42	h1h6 f6g5 h6d6	1791	010p1o1p
nsvCV	rn1q1rk1/5pbp/b2Np1p1/2pB4/P1N5/8/1P3PPP/R1BQ1RK1 b - - 0 17	e6d5 d1d5 a6c4 d5c4 d8d6	1791	010b1019
qD8cl	3r1r2/p2b1kp1/1p4q1/2p1P2Q/8/1P6/P1P2PPP/3R1RK1 w - - 3 25	d1d7 d8d7 e5e6 f7f6 h5g6 f6g6 e6d7	1791	0001191g1n1w
qyHIN	8/p4R2/1p2pPk1/2p5/2P1b3/1P6/P5rr/2K2R2 w - - 1 40	f7g7 g6h6 g7g2 e4g2 f6f7 g2f1 f7f8q	1791	00010p1h1w
rAZ6y	r3k2r/pb1n1ppp/5b2/qBp5/8/P1N1PN2/1P3PPP/R2QK2R b KQkq - 2 14	f6c3 b2c3 a5b5	1791	01191o
rkPyM	8/1p6/6p1/2Pp1p2/Pk1P4/4K1P1/8/8 w - - 1 40	e3f4 b4a4 f4e5 a4b3 e5d5	1791	0g0p101e
sVmpp	2r3k1/pp2q1bR/4p1Q1/4P1N1/3PpPP1/1P5K/P1r5/8 w - - 5 32	h7h8 g8h8 g6h7	1791	05111315191g1n1o
vJkA0	6k1/p5p1/8/1R6/2p4P/2P1p3/PP4r1/2K5 b - - 0 38	g2g1 c1c2 e3e2	1791	000g0p111m1o
x4i07	1k1r1r2/p5p1/PpR4p/4Pp2/3q1nP1/1B3Q1P/1PP4K/4R3 b - - 2 35	d4d2 e1e2 d2e2 f3e2 f4e2	1791	0g0s1019
xV8mX	1k1r2r1/Rn1p3p/4p3/1NQ5/1p3q2/6P1/P4P2/6K1 w - - 1 29	a7a8 b8a8 c5a7	1791	051315191n1o
xxsh0	8/5pk1/3R2p1/Q2pPp1p/bK1P1P2/8/2q3P1/8 b - - 1 41	c2c4 b4a3 c4b3	1791	0p13151o
yxWEW	1k4rr/pb6/5p2/2Qpn3/8/P5Pq/2P2P1N/1R2R1K1 w - - 5 30	b1b7 b8b7 e1b1 b7a8 c5d5 e5c6 d5c6	1791	051317191k1n1w
zMKP4	8/pp3pk1/3p2p1/8/3P1P2/P1P5/1P1qQKP1/4R2r b - - 16 37	d2f4 e2f3 f4h4 f3g3 h4g3 f2g3 h1e1	1791	0g0p1w
zlo35	rn4k1/pp3ppp/4b3/3q4/8/5N2/P1QB1KPP/4R3 w - - 0 22	c2c8 e6c8 e1e8	1791	061315191n1o
0MtOl	rn2k1r1/pp1q1p1Q/2pp1bn1/6B1/4P3/2N2N2/PPP2PPP/R3K2R b KQq - 0 12	g8h8 h7h8 f6h8	1792	01191o1t
0Q0PR	7k/p6p/5q1p/1p6/3P1nQ1/1P6/PBr2RbP/4R1K1 b - - 0 30	f4h3 g1g2 f6f2 g2h3 f2h2	1792	0j0s10131619
0xh43	r1b5/1pp1pkbp/pn4p1/4P2n/3q4/2NB4/PPP3PP/R1BQ3K w - - 0 14	d3g6 h7g6 d1d4	1792	0g0j191o
2nZpk	r2qbrk1/pp2b3/2p1p2Q/2PpPn1p/1P1P2p1/P1N5/4B2P/R1B2RK1 w - - 0 23	h6e6 g8g7 f1f5	1792	0g0w0y191o
3PFW5	r4rk1/1p3p1p/n4RpP/3P1N2/1P4q1/1KPQ4/6P1/4R3 b - - 0 34	a6c5 b4c5 g4a4 b3b2 a4a2 b2c1 a2a1 c1d2 a8a2 d3c2 a2c2	1792	0g11191n1w
5zJ3U	B5nr/p1p2kpp/3b4/4q3/2b5/4NP2/PP1P2PP/R1BQK2R b KQ - 0 14	e5g3 h2g3 d6g3	1792	0a1315191n1o
8lG92	r2q1rk1/ppp4p/1b1p2p1/8/1PnP2Q1/P3PR1N/1BP4P/RN3K2 b - - 1 21	c4e3 f1e2 e3g4	1792	0g191g1o
8oxrQ	8/8/p1R5/2p2b2/1kP5/1P4r1/PK6/8 w - - 8 49	a2a3 b4a5 c6c5 a5b6 c5f5	1792	0g0i0p0s10
94ai7	1kb4R/1p6/3p4/rQp1p3/p1P1P1p1/PqNn1p2/1P6/K7 w - - 16 40	h8c8 b8c8 b5e8 c8c7 c3d5	1792	05101316191k1n
AXkPj	rn2r1k1/1b3p1p/p5p1/1pp5/8/P2P1N1q/BPPK4/R2Q1R2 w - - 0 20	a2f7 g8h8 f7e8	1792	0g0y191o
Bqy4g	r3r1k1/pp3ppp/2p3b1/3p2q1/3PnQN1/6N1/PP3PPP/2R1R1K1 w - - 6 21	e1e4 g5f4 e4f4	1792	01191o
CjcTE	5r2/1p4kp/p1p2Rp1/2P3q1/1P1pB3/P2Q2PP/8/2R3K1 b - - 0 33	g5c1 f6f1 f8f1 d3f1 c1e3 f1f2 e3e4	1792	010p0r0s0t1w
DNcQw	6k1/R5p1/p2rP2p/1p6/8/1P6/P5PK/8 w - - 2 31	a7a8 g8h7 e6e7	1792	000g0p1m1o
FBMpp	3r1rk1/1pp2ppp/p1n2b2/2q1pb2/1PN5/2PP1N2/P1Q1BPPP/R2R2K1 b - - 0 15	c5c4 d3c4 f5c2	1792	0g191o
HJWaQ	6k1/6p1/p4bq1/1p1P4/1Pb1pP2/P3P1p1/1B4QP/2R3K1 b - - 1 34	g3h2 g1h2 g6g2 h2g2 f6b2	1792	0001050j0p101g
HnwEj	4rrk1/2p2p1p/p1q3p1/1p2Bb2/4R2Q/2P2P2/P5P1/4R2K w - - 5 29	h4h7 g8h7 e4h4 h7g8 h4h8	1792	050y101316191d1n
I0Bfb	5k2/p2Q4/7p/5r2/3P4/P4pPq/4rP1P/1R4RK b - - 4 37	h3h2 h1h2 f5h5 d7h3 e2f2 g1g2 f2g2 h2h1 h5h3	1792	050p13181g1n1w
J54CK	4k3/ppq1b3/5p2/2p4p/2P3rP/1P1PQ1PB/P3P2K/R7 b - - 1 28	g4g3 e3g3 e7d6	1792	010p111g1n1o
JZCKJ	r1b1k2r/1ppnq1p1/p1n4p/3pPpN1/3P1Q2/2N5/PPP2PP1/R3K2R w KQkq - 0 14	c3d5 h6g5 h1h8	1792	01191o
KboPx	5rk1/1R1Q1b1n/p6B/3pP2p/3P2p1/7P/PPq3BK/8 b - - 7 39	g4g3 h2g3 c2g6 g3h2 g6h6	1792	01050s1019
KtFIz	2k2r2/Qpp2pRp/3p4/4pP2/8/2P2P2/PP3P1q/2K5 b - - 3 23	h2h6 c1d1 h6g7	1792	0g0p0s1o
O8thR	r1bq1rk1/p1p1bpp1/1pp2n1p/8/2B1PP2/2N2Q2/PPP3PP/R1B2RK1 b - - 1 10	d8d4 g1h1 d4c4	1792	010s1c1o
Og3td	6k1/p4pp1/1q2p2p/Q2p4/1P6/P3K1P1/5PP1/8 w - - 1 28	a5b6 a7b6 a3a4 g8f8 a4a5 b6a5 b4a5 f8e7 a5a6	1792	0g0p1i1l1w
PY9YG	r4rk1/pp1n1p1p/q3p1p1/3p2PQ/3R4/2B4P/1PP2P2/5RK1 w - - 0 24	h5h7 g8h7 d4h4 h7g8 h4h8	1792	050y101316191d1n
QErww	4Rr1k/1p5p/2p3p1/r4q2/2Q5/6P1/P4PBP/6K1 w - - 4 32	e8f8 f5f8 c4c3 f8g7 c3a5	1792	0g0p0s10
Qwoax	r4rk1/1ppb1ppp/1b1p3n/pP2p1q1/P1BPP2N/2P1RN2/1B3KP1/R2Q4 b - - 0 21	h6g4 f2e1 g5e3	1792	0g0i0s191o
RRlnv	r1b2k1r/pp1n1pNp/1qn4Q/3pP3/5P2/2P3P1/PP2Kb1P/R1B2BNR b - - 4 14	c6d4 c3d4 b6h6	1792	010j191o
RWtRc	7k/p4P1p/2p3p1/8/2P2R1K/1P2r3/P4R2/6r1 b - - 2 42	g6g5 h4h5 e3h3 f4h4 h3h4	1792	0p0s1013161m
Ry48B	7k/8/6R1/1p5p/3b3p/pP1Q4/P5PK/2q5 b - - 10 56	c1g1 h2h3 g1h1	1792	0p13151o
RzF7v	6k1/6pp/p2Pp3/1p1bP3/2pN4/P3Q1Pq/1P5P/5K2 w - - 1 32	f1e1 h3h2 d6d7	1792	000g0h0p1o
TB8eb	4kb1r/1Qpb1ppp/3p4/1B1P4/3Bq3/3n4/P1r2PPP/R4KNR w k - 6 16	b7c8 e8e7 c8d7	1792	1315191g1o
UkFSq	r7/P5R1/1kp4P/1p3p2/2pP1p2/5rp1/8/R5K1 w - - 0 44	h6h7 g3g2 g7g8	1792	000g0p1m1o
VR3eU	r6r/ppp1bkpp/4pn2/q3nb2/2B5/2NP1Q2/PPP2PPP/R1B1R1K1 w - - 1 13	f3f5 e5c4 f5e6	1792	01191g1o
WW4OC	r2q1rk1/5pb1/bp1N3p/pNnPp1p1/P3Pn2/5P1P/1P2B1PB/R2Q1RK1 b - - 0 21	f4e2 d1e2 d8d6 b5d6 a6e2	1792	010w0y1019
WxHLY	1q2r2k/3r2p1/2p1P2p/p2b1Q2/1p6/1P2R3/P5PP/2R3K1 w - - 0 37	e6d7 e8e3 f5d5 c6d5 c1c8 b8c8 d7c8q	1792	00010s191h1n1w
YC9lc	2r2rk1/3b1ppp/4p3/2bpP2q/5P2/2NQB1P1/PPP4P/R3K2R b KQ - 6 17	h5f3 h1f1 f3e3 d3e3 c5e3	1792	010r1019
Zkikk	8/p5k1/1p1PRr1p/7P/6K1/1P6/8/8 w - - 5 40	d6d7 f6e6 d7d8q	1792	000g0p1h1m1o
aC6ra	5k2/1p3r2/3b2Rp/8/1qQ2Pp1/3P4/6KP/8 w - - 2 38	c4c8 f8e7 g6e6	1792	0p0x13151o
bsw2e	8/p1pb1p2/1p1p1P1p/3P2P1/3Pk3/P5K1/1P6/8 w - - 0 38	g5g6 f7g6 f6f7	1792	00080g0p1o
dSVxv	rn1qr1k1/ppp2pp1/3b4/7p/2PPn3/1P3N1P/P2NBP2/R1BQ1RK1 b - - 2 12	e4c3 d1c2 c3e2	1792	011c1o
eIoA5	r4rk1/ppp1nppp/3p1n2/2b1p1B1/4P3/P1NP3q/1PP1BP1N/R2Q1RK1 b - - 3 12	h3g3 g1h1 g3g5	1792	01191g1o
f3IwM	2rqr1k1/pp2bppp/8/3bPP2/1P1B2P1/P3Q3/4B2P/R1R3K1 b - - 2 24	e7g5 c1c8 g5e3	1792	0g0y191o
gODJi	5r1k/ppp3pp/1b1p1p2/3Np2b/1PB1PP1q/2PP3R/P2Qn1PK/R1B5 b - - 3 20	b6g1 h2h1 h4h3 g2h3 h5f3	1792	0i101316191n
gaXx9	r2qk2r/ppp2pp1/3p1n1p/2b1N3/4PN2/1B6/PP3PPP/R1Bb1RK1 w kq - 0 14	b3f7 e8f8 f4g6	1792	0413151c1o
jfJbH	r4rk1/ppB3pp/5q2/8/6Q1/P7/1Pn3PP/R4RK1 b - - 0 18	f6f1 a1f1 f8f1 g1f1 c2e3 f1f2 e3g4	1792	050g0s191n1w
jtngO	r2qk1nr/pp1bbpQp/2np4/1B6/4P3/5N2/PP3PPP/RNB1K2R b KQkq - 0 9	e7f6 g7g3 d8a5 b1c3 f6c3	1792	010s101c
jwZdT	r1q1r1k1/3bbppp/1Q1p1n2/p1nP4/P1PN4/2N5/3BBPPP/R4RK1 b - - 0 18	a8b8 b6a5 e7d8	1792	01191o
k1opS	rn5k/pQ4pp/2p5/6p1/3Pp1P1/4Pr1P/PP3qBK/R4R2 b - - 3 21	f3h3 h2h3 f2h4	1792	051315191g1n1o
lYeGD	4r2k/2P2Qp1/p1bP1p1p/1p6/1P6/P6P/1q4PK/3R4 w - - 4 32	f7e8 c6e8 c7c8q	1792	000g0p1g1h1o
nRQpz	3r3k/4R3/p7/3B2K1/PP5p/6p1/7r/8 w - - 2 53	g5g6 d8d6 d5e6 d6e6 e7e6 h2f2 e6e8 f2f8 e8f8	1792	0h0p0r13181w
oWCqk	8/8/6b1/6P1/5K1P/8/6k1/8 w - - 2 64	f4g4 g6d3 h4h5 d3e2 g4h4	1792	080g0h0p101l
pgNhv	8/6pp/5pk1/3R4/1r1P4/2p1P3/5KPP/8 b - - 0 34	b4c4 d5a5 c3c2	1792	000g0p1m1o
qVcQI	3r4/pp1rkpQp/4p1pP/8/3P4/P1P5/1q4P1/5RK1 w - - 4 34	f1f7 e7d6 g7e5 d6c6 e5c5	1792	0p1013161s
tcin7	8/ppk1n3/3RBN2/2p5/2Pp4/8/PP5K/5q2 w - - 7 40	f6e8 c7b8 d6d8 e7c8 d8c8	1792	0p1013161d
uVAN6	8/4k1p1/1p1p3p/1P1b1p1P/3KpP2/4P3/6P1/8 w - - 0 53	d4d5 e7d7 g2g3 d7e7 d5c6 d6d5 c6d5 e7d7 d5e5	1792	0g0p1l1w1z
v16kf	r2qk1nr/1b1pppbp/1p4p1/p1pPn3/2P1PP2/1P4P1/PB4BP/RN1QK1NR b KQkq - 2 9	e5d3 d1d3 g7b2 b1c3 b2a1	1792	010j10191t
yEkQ5	2kr1b1r/Rpp1p2p/4qp2/7Q/8/1PP1p1BP/1P3PP1/4KB1R b K - 0 17	e3f2 e1f2 e6b6	1792	000104050k0m191o
z3vvi	r1b1k1nr/pp3ppp/q1n1p3/3pP3/1P1P4/1R3N2/3BKPPP/3Q1B1R w kq - 1 17	b4b5 c6d4 f3d4	1792	010h0s191o
ztmmd	8/8/8/1R2rk2/5ppp/5P2/6PK/8 w - - 2 58	f3g4 f5e6 b5e5 e6e5 h2h3	1792	0g0p101m
0TfA3	1nkr4/1p3prp/1p2p3/1Bp5/3PPq2/1QP5/P5PP/R4RK1 b - - 0 24	g7g2 g1g2 d8g8 g2h1 f4e4 f1f3 e4f3	1793	050y1317191n1w
1m2bP	7k/5pRp/p3q3/3p1N2/6P1/2P2Q2/1r2rPKP/7R b - - 2 29	e2f2 f3f2 e6e4 g2g3 b2f2 g3f2 e4h1	1793	010s191g1n1w
4pQGf	7k/8/pq1R2p1/1p1Bp2p/4P3/2r4Q/Pb4PP/7K w - - 0 31	h3c3 b6d6 c3b2	1793	010p1o
5U78E	1r1qr1k1/8/bpB3pp/p7/2PQ1P2/1P4P1/P6P/2RR2K1 b - - 0 25	e8e1 g1f2 d8d4 d1d4 e1c1	1793	010w1019
66EdK	3r4/R4P1p/8/1p4P1/2k4P/P1p5/2Kp4/8 w - - 1 55	a7c7 c4d5 c7d7 d8d7 f7f8q	1793	00010i0p101h1m
6Jig2	5rk1/p1p2p2/2p2p2/4rPnp/3p4/3B3P/PPP5/4RR1K w - - 1 26	e1e5 f6e5 f1g1 f7f6 h3h4 g8h7 h4g5	1793	010p1g1w
7ILGM	7k/pp3Qp1/4R2p/3p4/2qP4/P1B3PK/1P2r2P/8 b - - 0 47	c4c8 f7e8 c8e8 e6e8 e2e8	1793	010p101g1y
92XlU	r4rk1/1b3p2/p1q1p2p/1p1N2b1/6Q1/P7/1P3PPP/R4RK1 w - - 2 23	d5e7 g8h7 e7c6	1793	01191g1o
99AZP	r1bq1b1r/ppp1k1p1/8/3Bp3/8/P1NP1Q2/1P1K1PPP/n6R w - - 1 14	f3f7 e7d6 c3e4	1793	1315191o
9bQQ1	r1b2rk1/ppbn2pp/2p1p3/2PpNp2/3P1P1q/P3P1nP/1P2N3/R1BQKB1R w KQ - 0 13	e5f3 h4e7 e2g3	1793	01191o
BW9ov	4rk1r/1R1RNpb1/2p1n3/p2p2Np/2p3p1/8/P4PPP/5K2 w - - 0 30	g5e6 f7e6 e7g6 f8g8 d7g7	1793	0j0s101316191x
Bsx91	6rk/1bbp1p1p/p1p1qpr1/1p2pN1Q/4P3/1P1PR3/1PP2PPP/R5K1 w - - 10 20	h5h7 h8h7 e3h3 g6h6 h3h6	1793	050y101316191n
ByJx2	1nk1r3/8/8/2Q5/6p1/2P2qP1/PP3P2/3R2K1 b - - 0 30	b8c6 c5d5 e8e1 d1e1 f3d5	1793	0g0h0i0p10
C6ehF	1r3rk1/p1p2b1p/3p2p1/4p3/1PP1Q1P1/PKBBP1q1/8/5R2 w - - 8 28	c3e1 g3h2 f1h1 h2h1 e4h1	1793	0110191t
CCUe4	r5rk/1p4qp/p3p2Q/3pNpn1/3P4/2P3PR/PP5P/R5K1 w - - 1 23	h6g5 g7g5 e5f7 h8g7 f7g5	1793	050g0s0v10191n
H7XtK	r2qk2r/pp1nnppp/3bp3/3pN3/3P4/8/PPP1QPPP/RNB1R1K1 w kq - 1 10	e5f7 e8f7 e2e6 f7f8 e6d6	1793	0104050j0s101c
HWOEL	8/pp6/2p5/PPPn4/2KP1p2/5Pk1/8/8 w - - 1 43	a5a6 b7b6 b5c6	1793	0g0p0z1o
ICODM	1k1r4/1pn3p1/1Bp5/2NbR1b1/6P1/P6p/1PR2P2/6K1 b - - 0 30	h3h2 g1h2 g5f4 h2g1 f4e5	1793	0001050s101119
IbtVm	5rk1/ppp2pb1/7p/2q5/4B3/P1P1R2Q/1P3KPP/8 b - - 6 30	f7f5 e4f3 f5f4	1793	010p1o
IkqVd	r4r2/4Rp1k/p2p1Bpp/2p5/4b3/1PQ4P/P4PPK/3q4 w - - 0 30	f6h8 d1d4 h8d4	1793	01191l1o
ItV62	k3r3/1p5p/p7/7Q/8/2p3PP/q3rR2/5RK1 w - - 0 41	h5e8 e2e8 f2a2	1793	010p1o
J0Qi1	3rr1k1/4ppbp/pQ2b1p1/q2NP3/5P2/P4B2/1P4PP/3R1RK1 b - - 2 21	d8d5 b6a5 d5a5	1793	01191o
LlZJc	r5k1/p3pr2/4Q1p1/2p4p/1p1q1pN1/3P4/PPP3PP/R6K w - - 2 26	g4h6 g8g7 h6f7	1793	010p0s1o
LvDrM	r4r2/p1pqpkb1/6NB/1p1bPp2/3P4/1P3P2/P2Q2P1/2KR3R b - - 0 21	d7c6 c1b2 c6g6	1793	010s11191o
NLHyr	r4qk1/pp1nb1p1/2p1pnB1/6B1/2PP4/1P2Q3/P4P1r/R4RK1 w - - 0 23	e3e6 g8h8 g1h2	1793	0g0w191o
NLs4C	4r1k1/1p3p2/3p2p1/1P2b1Bn/4P2q/3P1P2/2B3Q1/1R3RK1 b - - 2 29	e5d4 f1f2 d4f2 g2f2 h4g5	1793	0g0r1019
Nm6nV	4r1k1/5p2/p1N4p/1p1PPRp1/1P6/r2B3P/1b2K3/8 w - - 2 38	d5d6 a3c3 d6d7	1793	00010p1o
OzKB4	1r5R/3pN1k1/b1pP1pP1/2P1p3/1r6/1P6/2Kp4/8 w - - 5 42	h8h7 g7f8 g6g7 f8e8 g7g8q	1793	000i0p1013161h
RoTHd	4rkr1/ppp4p/8/3pP3/3P1nQ1/2P1q1BP/PP6/R2K4 w - - 0 32	g4f5 f8e7 g3h4 g8g5 h4g5	1793	0r10131619
RrLtm	rnr3B1/pb3p1Q/1p1pkq2/4p3/2p4P/P3P3/1P3P2/R3K1R1 w Q - 2 28	g1g6 c8g8 g6f6 e6f6 h7g8	1793	0110191g
S241p	6rk/pp3Rbp/3p2r1/2p1pR1Q/4P1B1/2qP3P/8/7K w - - 0 29	h5h7 h8h7 f5h5 g6h6 g4f5 h7h8 h5h6 g7h6 f7h7	1793	050d0i1318191d1n1w
UIxyb	r2q1rk1/1p1bNp1p/3p2p1/p1n2P2/2P1P3/8/PP1QB1PP/R4R1K b - - 0 18	d8e7 f5f6 e7e4 d2h6 c5e6	1793	010h0t101119
UPpsi	3Q4/pK6/1p2k3/3q4/1P6/8/2P5/8 w - - 6 48	d8d5 e6d5 b7a7 d5c4 c2c3	1793	0g0h0p101i
Vh8ha	1rq1kbnr/5pp1/p1n1p2p/3pP3/P2P4/3QBN2/5PPP/R3KB1R b KQk - 4 14	c6b4 d3d2 b4c2 e1d1 c2a1	1793	0g0s1019
VpGk2	8/2RR4/1p4k1/8/r6p/5KP1/7r/8 w - - 0 44	c7c6 g6f5 d7d5	1793	0p13151m1o
WXrux	r4rk1/2qbbpp1/p7/1p6/2BP1B2/2PQ4/P4PP1/R4K1R b - - 1 24	c7c4 d3c4 b5c4	1793	01191o
WvPAM	r4r1k/pp3R2/2p4P/3pN3/3P1P2/2P5/P7/K4n2 w - - 2 29	e5g6 h8g8 f7g7	1793	0p1113151o1x
X7egV	r4rk1/ppp1ppbp/6p1/4q3/2P1n1B1/PQN1B1P1/5P1P/R3K1NR b KQ - 0 13	e5c3 b3c3 g7c3	1793	010s191o
XixOm	3R4/6p1/p1P2pk1/5q2/4p2p/P3P3/5PKP/2R5 b - - 0 34	f5f3 g2f1 f3h1 f1e2 h1c1	1793	0g0p10111j1p
c32ld	r5k1/1pR2ppp/3r4/p3p3/4P1q1/PP1P1nP1/1Q2BP1P/3R3K b - - 0 25	d6h6 e2f3 g4f3 h1g1 f3d1	1793	0g0s1019
dj3o3	8/8/2R5/5k1p/5bpP/2P5/PP6/1K6 b - - 0 44	g4g3 c6c8 f5g4	1793	010p1o
driW3	5rk1/2q3b1/2p1N2p/1pPn4/p2Pp3/P1B1P1P1/QP5P/5RK1 b - - 0 29	f8f1 g1f1 c7f7 e6f4 d5e3 f1e2 f7a2	1793	050g0j0s191w
eLfLT	r1b2r2/pp3pp1/1qnp2k1/3nP1N1/1b1P2Q1/8/3B1PPP/RN3RK1 w - - 0 16	g5e6 g6h7 g4g7	1793	0j0k1315191o
fPdoR	6Q1/1prk4/p2P3p/6pP/2P3P1/1q3p2/8/5K2 w - - 1 53	g8f7 d7d6 c4c5 d6c5 f7b3	1793	010j0p0r10
g3chP	r1bq1rk1/3n1p1p/p1p1p1pQ/1p6/3nN1N1/3B4/PPP2PPP/R4RK1 w - - 4 16	e4g5 d8g5 h6g5	1793	0g191o
gaxYE	r3r3/ppp3k1/2bp3q/8/2P4P/1PNB4/P2Q1R2/2K5 w - - 2 31	f2f7 g7f7 d2h6	1793	0g0i191o
j7NWI	2k5/pppr1p2/5p1p/4p3/4Pb2/5B2/P4P1P/4K1R1 w - - 3 20	g1g8 d7d8 f3g4 f6f5 g4f5 c8b8 g8d8	1793	060i0p13171w
jNY87	8/p1p2p1p/2p2kp1/2P1q3/3rp3/1PQ4P/P4PP1/4R1K1 w - - 2 26	f2f4 e5d5 e1d1	1793	0g0p1g1o
joTJ5	r4bk1/5p1p/p5p1/P1nnN3/1p6/1P4P1/4NPK1/1R3R2 b - - 1 24	a8e8 f1e1 e8e5	1793	01191o
lOuzY	3rr3/1p3p1Q/1qp1N1pn/p1n4k/2P5/PP3PP1/7P/R2R2K1 w - - 1 33	g3g4 h5h4 h7h6	1793	0i1315191o
mFGhU	r4rk1/ppp1n1pp/2np4/2b1p1N1/4Pp2/1PPP3q/PB2BP1N/R2Q1RK1 b - - 1 15	h3g3 g1h1 g3g5	1793	01191g1o
mtwim	5rk1/7p/p1p5/1pNp4/1P4N1/P3r2P/6p1/5RK1 w - - 0 34	f1f8 g8f8 g4e3	1793	0g0p1o
nyrdg	6rk/p1p3b1/1pPp3p/1P1PNQn1/6P1/4q2P/P7/5R1K w - - 6 35	e5g6 h8h7 g6f8 h7h8 f5h7 g5h7 f8g6	1793	0k0m0r0y1317191n1q1w
pTGlP	1kb3r1/4q3/3r4/1p1p1Bpp/p1pP4/P1P1B1P1/1P1Q2P1/4R1K1 w - - 6 31	e3f4 e7f8 f4d6	1793	01191g1o
qmVE8	r2q3r/pp4pp/1bp1BP2/2k5/2b2B2/2P3P1/PP5P/R3K3 w Q - 0 22	b2b4 c5b5 a2a4 b5a6 e6c4	1793	0i10131619
rZcSk	3r4/8/p5kp/PbR3p1/4Rp2/6P1/5P1P/6K1 b - - 0 36	d8d1 g1g2 b5f1 g2f3 d1d3 e4e3 f4e3	1793	010p1w
s3ME4	r3b2k/1R2B1p1/4B2p/P2pN3/P1pPn3/8/4K1nP/8 b - - 2 39	g2f4 e2e3 f4e6	1793	0g0s1112191o
wMHHh	r2q1rk1/p1p2ppp/2Q1p3/1N1p4/3P2n1/4P3/PPP2PP1/R1B2RK1 b - - 2 15	d8h4 c6c7 e6e5 c7e5 g4e5	1793	011019
x0k9B	2r1r1k1/1p3pp1/pqn3p1/3p4/3N2P1/P1PQ3P/1P3P2/2KRR3 b - - 6 23	e8e1 d1e1 c6d4	1793	01191g1o
x7BPx	r2qr2k/2p2B2/p1np3p/1pb1p2n/4P3/2PP1Q1P/PP3PP1/R4RK1 w - - 1 17	f3h5 d8g5 f7e8 g5h5 e8h5	1793	010t1019
xFIDo	6rk/p1p2p1p/2p2PpQ/2q3P1/2Pn1R2/1P2r3/P6P/4R1K1 w - - 0 29	h6h7 h8h7 f4h4	1793	050y1315191n1o
xRD0z	2r5/2P2p2/2B3p1/2p4p/1PK3kP/6P1/1b3P2/8 w - - 1 47	c6d7 f7f5 d7c8 b2e5 c8f5	1793	0g0p0s1011121r
yCnJt	3k4/1Q4bp/p4pp1/1N2n3/1P4P1/7P/q1P2P2/6K1 w - - 0 29	b7c7 d8e8 b5d6 e8f8 c7d8	1793	0p0r0s101316
zpYoO	4rk2/1p1q3p/p5p1/8/1PB5/P7/5PPP/Q5K1 w - - 10 34	a1f6 d7f7 f6f7	1793	0p13151o
26aJc	r2q1rk1/pp2bppp/2pp4/8/2nP4/4BP2/PPBQ1P1P/R3R1K1 w - - 3 15	d2d3 g7g6 d3c4	1794	01191o
2GCYV	3R4/8/2k5/4pr2/7P/3p2P1/6K1/8 b - - 1 49	e5e4 h4h5 f5h5	1794	0g0p1l1m1o
444Ys	r2q1r1k/2pqb1R1/1nQ4B/p3Pp2/7P/8/b1P2PPK/8 w - - 2 27	c6g6 a2g8 g7h7 g8h7 g6g7	1794	0d0r0y101316191n
4N9X9	6rk/5p1p/p4p2/2pPbNr1/4Q2R/7P/qP3RP1/7K w - - 0 28	h4h7 h8h7 e4h4 h7g6 h4h6	1794	05101316191n
4WOuH	3r2k1/p1p3p1/2prRb1p/8/8/2N5/PPP2PPP/4R1K1 b - - 0 17	d6e6 e1e6 f6c3	1794	010p1o
5W3CC	8/p3r2p/5kp1/1PNRbp2/2P1p3/8/5P1P/6K1 w - - 9 43	c5d7 f6e6 d7e5	1794	0g0p111o
9GFR2	8/4kp2/1R1n4/r3p1p1/4P2p/4NP2/5PKP/8 w - - 6 45	b6d6 e7d6 e3c4 d6e6 c4a5	1794	050g0p0s10111n
A3I0k	r4r2/pp3pk1/2ppqN1p/4PR2/8/3n2PQ/PbP4P/7K w - - 2 30	f5g5 h6g5 h3h7	1794	1315191n1o
CNeRb	r4r2/1pp4p/5p1k/4R1R1/2p5/pb6/5PPP/1B4K1 w - - 0 31	g5h5 h6g7 e5e7 f8f7 h5h7	1794	010p0r10
D4PrZ	2kr2r1/R1p2p2/1p2p2p/1q2P1p1/3P4/2PN1Q1P/2Pn1PP1/6K1 w - - 0 23	f3b7 c8d7 b7c7 d7e8 c7f7	1794	04101316191k
DG59g	2kr4/ppp2pp1/5b2/4n3/2P1B3/1P2P2r/P4P1P/3R1K1R w - - 2 23	e4f5 c8b8 d1d8 f6d8 f5h3	1794	010i0s1019
DbKCe	5rk1/1p1R3p/p2p2p1/3Pp1Q1/Pq6/8/4N1PP/7K b - - 0 29	f8f1 e2g1 f1g1 h1g1 b4e1	1794	050p1013161n
DpQx2	r2r1qk1/1p1bn2p/p1n1ppp1/4P3/P1B5/R1B2NQ1/2P2PPP/5RK1 b - - 0 19	e7f5 g3f4 f8a3	1794	0g0j191o
EPO22	8/8/7p/p3p1pP/P1kb2P1/B4P2/1pK5/8 w - - 2 56	a3f8 c4d5 f8h6	1794	080g0p1o
F8wdM	4rk1r/1p4p1/p1np4/2q1ppp1/4B1bQ/4P3/PPPR1PPP/2K4R w - - 0 18	h4h8 f8f7 e4d5 c5d5 h8e8 f7e8 d2d5	1794	0g0t191w
Feuc1	r1bqr2k/p4p2/2p2n1p/3pR3/5Q2/2NP3P/PPP2PP1/R5K1 w - - 2 17	f4h6 f6h7 e5h5	1794	0g0y191o
Fjc20	6k1/ppp3p1/2pq3p/8/4p3/2KP4/PP4N1/2Q3R1 b - - 0 35	d6d3 c3b4 a7a5 b4a4 d3b5 a4a3 b5b4	1794	0p13171w
GDIZX	6rk/p2b1p1p/4pP2/3pP3/2p2q2/2P5/P1P1K3/1R4Q1 w - - 4 38	g1g8 h8g8 b1b8 d7e8 b8e8	1794	050p1013161n
GvjJx	8/8/R2pk3/1P2pn1p/2P3rP/7K/8/3R4 b - - 2 40	g4h4 h3g2 f5e3 g2g3 h4g4	1794	01050p0s10
HsxP0	1k1r4/b1p2ppp/8/8/4nP2/6P1/PPP1Q2P/7K b - - 2 23	d8d1 h1g2 d1d2	1794	0g0p1g1o
IHXXr	r1b2rk1/pppp1ppp/2n2n2/2qN4/2P5/4BN2/PP2PKPP/R2Q1B1R b - - 2 10	f6g4 f2g3 g4e3 d5e3 c5e3	1794	010i101c
JZg11	8/p4Qbk/3N3p/qp4p1/5p2/2P5/PPK2nP1/4r1NR w - - 2 31	h1h6 h7h6 d6f5 h6h7 f7g7	1794	05101316191g1n
LH7HH	5rk1/5r2/p2p4/P1pQ1P1p/6pq/2P1N3/1P3RP1/5RK1 b - - 1 41	g4g3 f1d1 g3f2	1794	000g191o
Mhsqh	2rq1r1k/2p2p1n/b1Pp2p1/p3pNQp/1p2P2P/5P1N/PPP3P1/R3K2R w KQ - 5 22	g5h6 f8g8 h3g5 d8g5 h4g5	1794	0g1019
NbSiC	8/7k/p1R3pp/P7/1p1bB3/5P2/5rPP/6K1 b - - 9 36	f2f3 g1h1 f3f1	1794	060j0k0p1113151o
OMU6M	1r2r1k1/3b1p1p/3p1Qp1/8/2q5/2B3P1/PP1R1P1P/5RK1 b - - 1 25	c4f1 g1f1 d7h3 f1g1 e8e1	1794	05101316191f1n
Q4KH5	2r4k/2P2ppp/8/p3pPb1/2R1Q3/6PK/1q5P/8 w - - 1 42	e4a8 c8a8 c7c8q g5d8 c8a8	1794	0001050p101g1h
SKEg9	r3kb1r/1b1q1p1p/4p1pP/1Np1P3/1n1p1P2/1P3N2/PB1PQ1P1/R4RK1 b kq - 2 21	d4d3 e2f2 d7b5	1794	010v1112191o
UNJCM	r4rk1/p2p1pp1/1pp4p/4b3/1PPn3q/P1NQ1P1P/5PP1/2RB1RK1 b - - 0 18	h4f4 g2g3 f4c1	1794	0g191o
V5CxV	r6q/1ppnkpp1/p2p3r/4p3/QPP1P1n1/2NP2P1/PB3RKP/7R w - - 3 18	f2f7 e7f7 a4d7 f7g8 d7g4	1794	050g0i0s1019
VQldy	r1bqk1nr/ppp2pBp/2nb4/8/8/1P2P3/P1PP2PP/RN1QKBNR b KQkq - 0 7	d8h4 e1e2 h4g4 g1f3 g4g7	1794	010s101c
VmC0W	8/1pk3p1/2b1p3/4r3/8/Q5P1/2P2qP1/2KR4 w - - 0 34	a3d6 c7b6 d6e5	1794	0g0p0s1o
W92YT	r1b2rk1/1p3pp1/p2p2qp/5R2/2BpP2P/5Q2/PP3PP1/R5K1 w - - 0 19	h4h5 c8f5 h5g6	1794	0g191g1o
ZEKJy	1r4k1/2pb1rp1/3p3q/7Q/pp2P3/3P2RP/PbP3P1/5R1K w - - 0 22	h5f7 g8h8 f7d7	1794	0g0s191o
aHVFo	1r3Bk1/3P2pp/p3pq2/3P4/4Kp2/2PQ1P2/P6P/R6R b - - 0 27	f6f5 e4d4 f5d5	1794	0p0s13151o
aq0z6	7r/1b2ppk1/p2pq1p1/1p1N4/3nP3/P2P4/1P3QPP/N1r2R1K w - - 0 27	f2d4 e6f6 d4f6 e7f6 f1c1	1794	010t1019
b52II	5rk1/pb6/1p1PN2p/n3q1N1/6Q1/8/PbP2PPP/6K1 w - - 1 25	g5f3 e5g7 e6g7	1794	010j0k191o
bhQLM	5r1k/2p3p1/7p/1P1QNr2/3P2q1/2P3p1/6R1/R5K1 b - - 2 37	f5f1 a1f1 f8f1 g1f1 g4d1	1794	050r101316191n
by2Zw	5r1k/pp2r1p1/3p1pQp/2p2P2/7q/6R1/P1P3PP/5RK1 w - - 2 31	g3g4 h4g4 g6g4	1794	010p1o1t
c1wXd	5k2/4R3/5K2/4p2p/6p1/6P1/r5PP/8 b - - 5 40	a2a6 e7e6 a6e6 f6e6 e5e4	1794	0g0h0p101m
eCTaw	2kB2n1/p6p/1p1p2q1/2p5/1P2P3/2Q5/P4PbP/2R1R1K1 b - - 0 20	g2f3 d8g5 g6g5 g1f1 g5g2	1794	0j0k10131619
fXFQv	2k5/1pp2N1n/p7/2p3p1/4q3/2P3P1/PP4P1/3Q1K2 b - - 0 21	e4c4 f1f2 c4f7	1794	0g0p0s1o
gecUg	r1q3k1/2P2pp1/3B4/3pP2p/4b2r/8/1R3PP1/2Q1R1K1 b - - 0 28	h4h1 g1h1 c8h3 h1g1 h3g2	1794	05101316191g1n
iiF9s	6k1/2p3pp/2b2p2/1p2pP1P/4P1Q1/4R1P1/r1q5/4R2K w - - 1 37	e3e2 c6e4 g4e4 c2e4 e2e4	1794	010p10
jiIsA	3r4/p1qp2bk/2n1p1pp/1pB1Pn2/5PQ1/2N5/PPP4P/3R1RK1 b - - 2 26	c6e5 f4e5 c7c5	1794	010j191o
kG64w	rn3k1r/pppqb1pp/3p1n2/8/3NP1b1/1QN5/PP3PPP/R1B2RK1 w - - 4 11	b3b7 c7c5 b7a8	1794	011c1g1o1t
lSIEv	5k2/5b2/3p1P2/7p/Bp3K1P/4P3/8/8 b - - 2 56	b4b3 e3e4 b3b2 a4c2 f7a2	1794	00080d0g0h0p10
mIUzM	7r/1p1k2pp/p2bp3/3q4/8/2QP2PP/PP5K/5R2 w - - 2 27	c3g7 d6e7 g7h8	1794	010p0s1o
mRUAP	8/6K1/2k2p1p/4p3/8/5P2/6PP/8 b - - 0 45	f6f5 f3f4 e5e4 g2g4 e4e3 g4f5 e3e2 f5f6 e2e1q	1794	000g0p1e1h1l1w
mkfKu	8/r5k1/6p1/1K3p1p/R4P1P/P7/2P5/8 b - - 0 39	a7a4 b5a4 g6g5 h4g5 h5h4	1794	0g0h0p101m
mohJb	2r2r1k/p3Q1Rp/1p3p1B/8/8/Pn6/KPq2P1P/8 w - - 0 23	g7g8 f8g8 e7f6 g8g7 f6g7	1794	0i101316191n
mzLQs	4R3/ppp2p1k/3b1B1p/7q/3P1P2/8/Pr5P/5Q1K w - - 0 26	f1d3 h5g6 e8h8	1794	0p13151d1g1o
n5n9q	1k5r/pBp1q1pp/3r1p2/8/8/PQ2P3/1P3PPP/4K2R w K - 1 19	b7c6 b8c8 b3b7 c8d8 b7a8	1794	0j0k0p1013161k
oUSLk	8/8/p3rp2/1bR5/5p1k/6R1/6PK/8 w - - 0 45	g3h3 h4g4 c5h5 f4f3 h3h4	1794	090p101316
ojk3C	r1bqk2r/ppp2pp1/3p3p/b2P4/4n3/2N2N2/PP2BPPP/R2QK2R w KQkq - 0 12	d1a4 c7c6 a4e4	1794	0g0s1c1o
q4SU3	3r2k1/p4pp1/5q1p/4NQ2/b1p1Pn2/P1P4P/1P3P2/2K1R2R b - - 0 27	f6e5 f5e5 f4d3 c1b1 d3e5	1794	01050s10191n
qmjCU	7r/5R1p/2p5/4p1pk/1q1p2N1/3P4/pPP2PK1/1R6 w - - 0 43	b1h1 h5g4 f2f3	1794	0p13151n1o
qpcSp	8/6pk/4Nn2/1P4B1/8/1r5P/p4PK1/4R3 b - - 1 42	b3b1 g5f6 g7f6	1794	010p1o
sPgbZ	6k1/p3prbr/1pQ5/2qPp3/2P5/1P1R1P1B/P6K/6R1 b - - 5 34	h7h3 h2h3 c5g1	1794	0g0i191o
ugpuB	6k1/p2rbppp/1pp1q3/3rP3/8/P1B3Q1/1PP3PP/4RR1K w - - 5 25	f1f6 e7f6 e5f6	1794	0111191g1n1o
vVa9Y	3r2k1/1qp3p1/pp6/2p1P1N1/P2n2P1/1P1Qpr2/2P3K1/7R w - - 0 33	h1h8 g8h8 d3h7	1794	050y1315191n1o
wMqwY	rnbqkbnr/pp4pp/2p5/3p1p2/2PPp3/BP2P3/P4PPP/RN1QKBNR b KQkq - 1 6	f8a3 b1a3 d8a5 d1d2 a5a3	1794	010s101c
xUDmW	r3k1nr/ppp2pb1/1q5p/3P2p1/2n1Np2/5R2/PPP3PP/R1B1Q2K w kq - 0 15	e4f6 e8f8 f6d7	1794	0f0k0m1315191o
0uaW9	r1b2rk1/1p4pp/3q4/pPp3Q1/P1P1P2P/R1nP1N2/5PB1/4K2R b K - 2 27	d6d3 g5d5 c3d5 a3d3 d5f4	1795	011019
0x3aC	b5k1/p2p2p1/1p2p1rp/5p2/1P1q4/P2BR1RQ/2P3PP/6K1 b - - 9 23	g6g3 h3g3 f5f4	1795	01191g1o
1JbCk	7k/pp4pp/3p4/2PB1r2/1P2p2q/P4pBP/3P1P2/R2Q1RK1 b - - 2 22	h4h3 d1f3 e4f3 d5f3 f5f3	1795	011019
2Qxdn	2r2rk1/2q4p/3p2pP/p2Nn1P1/1p1R4/7R/PPP3Q1/1K6 b - - 3 27	f8f1 g2f1 c7c2 b1a1 c2c1 f1c1 c8c1	1795	060i1317191n1w
2dOTu	7k/p5Rp/1r3PpB/2p5/2Pp3q/8/Pr4PP/2Q1R1K1 b - - 0 32	h4f2 g1h1 f2g2	1795	1315191o
2ehPR	8/8/pp6/8/P1P1p1p1/1Pk3P1/4K3/8 w - - 2 49	a4a5 b6a5 c4c5	1795	0g0h0p1e1o
389ak	8/kp6/3Qp3/3q4/6P1/3p4/5P2/6K1 w - - 1 47	d6d5 e6d5 g1f1	1795	0g0h0p1i1o
4GCJL	B3k2r/p1ppBpp1/np6/8/1PPP4/P3q3/3Nn1KP/R2Q1R2 b k - 0 18	h8h2 g2h2 e3g3 h2h1 g3h3	1795	05101316191n
4aeU8	r5k1/1p3p1p/6p1/p1BP4/2P2n2/P4Pq1/5QB1/4R1K1 b - - 2 25	f4h3 g1f1 h3f2	1795	0g0s191o
4d28B	r1b1k2N/ppp3pp/8/8/4P1nq/1P5P/1PP2bP1/RNBQ1R1K b q - 1 14	h4g3 d1g4 c8g4	1795	0g191o
53dHF	r4r1k/3PQ2p/5p1P/q2pP1p1/2pP2P1/1pP5/1P1N4/2KR3R b - - 5 26	a5a1 d2b1 a1b2 c1b2 a8a2 b2c1 a2c2	1795	050q1317191k1n1w
5EFEM	2r3k1/1p3p1p/p4BpQ/3pPq1P/1P1P4/P2r1P2/1K6/R2R4 b - - 10 35	d3b3 b2b3 f5c2	1795	05111315191n1o
5tJkT	1k1r1b1r/ppp1pp2/2n5/1NPp3p/3Pn1pq/4PP2/PP4BN/R2QBRK1 b - - 0 17	g4g3 e1g3 e4g3	1795	0g191o
6mfbe	r4rk1/p2b2p1/1qpp3p/7B/P1P5/1PN2Q2/6Pb/1R3R1K w - - 0 24	h5f7 g8h8 h1h2 d7e8 f3h5 e8f7 f1f7	1795	010w191w
6vl58	r4rk1/1pp2ppp/p4q2/3P4/2N1R3/3B1b2/PP6/R1B2QK1 b - - 1 19	f6g6 g1h2 f3e4 d3e4 g6e4	1795	010y1019
7bBpb	8/p4kp1/2B1pq1p/1Pb5/8/7P/6P1/3Q3K w - - 7 35	d1h5 g7g6 h5c5	1795	0g0p0s1o
83X94	1r1qr1k1/3p1ppp/b1B5/p3p1b1/4P3/2N2Q2/PPP2PPP/1K1R3R b - - 0 15	d8b6 c6b5 a6b5 c3b5 b6b5	1795	011019
ARbB7	r4rk1/ppq3pp/3b1pb1/2pPp3/4N1Q1/2PP2P1/P4RBP/1R4K1 w - - 4 22	g4e6 g6f7 e6d6 c7d6 e4d6	1795	0g1019
AsiSf	r5k1/7p/p3p1p1/qb1pP3/3B1r1P/1P4R1/2P4Q/2K3R1 w - - 0 30	g3g6 h7g6 h2f4	1795	0g0j191o
BmewF	8/3q1kp1/4p2p/Bp6/b3P3/5P2/R5PP/R5K1 b - - 0 36	d7a7 g1h1 a7a5	1795	010p0s1o
CvBH5	5r1k/1p3pbp/p7/4pN2/2Q2n1q/2B5/PP3PPP/3R1RK1 b - - 6 21	f4h3 g2h3 h4c4	1795	010j191o
FryJu	1r6/1p3RR1/pk1N4/2pP4/6pq/P7/1PP3r1/1K6 w - - 1 33	f7b7 b8b7 g7b7 b6a5 d6c4 a5a4 b2b3	1795	0p13171w
GedMH	2r2rk1/pb4pp/1p1p4/3P1p2/4n1q1/PQ2R1P1/1B3PBP/5RK1 w - - 2 22	f2f3 e4c5 f3g4 c5b3 e3b3	1795	010s1019
Hps7C	8/3n4/pkNb3B/3Pp2p/K3Pp2/5P1P/8/8 b - - 14 59	d7c5 a4b4 c5e4	1795	0g0j0k0p111o
IItLA	1r6/p2qkp2/4p3/QBp1P1p1/8/P1P1Pb2/3R1P1P/4K1R1 b - - 4 29	d7b5 a5b5 b8b5 d2d1 f3d1	1795	011019
JEdgc	r3kb1r/5ppp/p7/1ppqpb2/3nN3/3P1Q1P/PPP2PP1/RNB2RK1 w kq - 4 12	e4f6 g7f6 f3d5 a8d8 d5b7	1795	0g0j101c
L8fGt	1r4k1/5pp1/p3p2p/1QPn4/3P4/2p5/5PPP/2RR2K1 b - - 0 32	a6b5 g1f1 b5b4 f1e2 b4b3	1795	010p101l
MfwB2	5r1k/ppp1q1pp/2np4/3B4/5Q1N/2BP2Pb/PPP4P/6K1 w - - 5 20	h4g6 h7g6 f4h6	1795	0y1315191g1n1o
OFsyT	8/R1p5/5pk1/8/PP5p/7R/5KPb/2r5 b - - 1 35	h2g1 f2e2 g1a7	1795	010p1o1p
P4JSO	r4rk1/pp3pbp/3Q2p1/4p3/P3n3/4BB1P/1PqR1PP1/R5K1 w - - 0 19	d6f8 g7f8 d2c2	1795	0g191o
Pplgi	r2qkb1r/pp1b1p1p/3p2p1/1BpP4/2Q5/8/PPP2PPP/R1B1K2R b KQkq - 0 11	d8a5 c1d2 a5b5	1795	01191o
R4lnp	2r5/3k1p2/2p2RP1/Pp1b1P2/1Pp5/4P1K1/2B3P1/8 b - - 0 38	d7e7 f6f7 d5f7	1795	010p1o1t
R6of7	8/6k1/6p1/4RpK1/1r2P2P/8/8/8 b - - 1 39	b4e4 e5e4 f5e4 g5f4 g7h6 f4e3 h6h5	1795	0g0p1m1w
UhNYs	2R5/5rkp/1P2p3/p7/3Pp3/P4p1P/3K4/8 w - - 0 46	c8c7 f3f2 c7f7 g7f7 d2e2	1795	0g0p101m
Ul7hV	8/6pk/p1Q1p1rp/3p2qb/P3p3/1P2P3/2R2PPP/6RK b - - 2 32	h5f3 h2h3 f3g2 h1h2 g5e5 f2f4 e4f3	1795	0j0k0o0p0y13171w
VnuSo	2r2k1r/pQ3pp1/3p3p/1B3b2/3q2nB/8/PP3PPP/4RK1R w - - 0 19	b7c8 f5c8 e1e8	1795	1315191d1n1o
Wv7Bk	r1bq1rk1/1p2ppbp/p2p2p1/3N1PQ1/2npP3/6P1/PP2N1BP/R4RK1 w - - 0 17	d5e7 g8h8 f5f6	1795	010y191o
XlOSC	8/2qkn3/b3p1r1/1p1p4/1PpP3B/2P2rP1/2NQ1P2/4RRK1 b - - 5 30	e7f5 e1e5 f5h4	1795	01191g1o
XqFKV	1k5r/1b1r1p2/p6q/2pP4/2PpP1Q1/3B2P1/6R1/1R4K1 b - - 0 34	h6e3 g2f2 e3d3	1795	0g0s191o
ZRr0V	8/pk3B2/4Q3/bNp2p2/2P3bK/3r4/PP6/R4R2 b - - 13 54	a5d8 e6e7 d8e7	1795	1315191o
aPP5c	2r1r3/1b3Rkp/p2pq1pN/1p1N4/4P1Q1/P2n4/1PP3PP/4R2K b - - 0 24	e6f7 h6f7 d3f2 h1g1 f2g4	1795	010s1011191n
cIXpc	1r4k1/1q2bp2/p2p2p1/1r2pPPp/2p1P2P/2P1B3/PPQ3R1/1KNR4 b - - 2 28	b5b2 c2b2 b7e4 b1a1 b8b2	1795	010i0j0s10191g1n
eIVCd	1r2r1k1/1p2bppp/p2p1n2/2p5/2P1PB2/8/q1N1QPPP/1R3RK1 w - - 0 18	b1a1 a2b3 f1b1 b3c3 a1a3	1795	010d1019
efbrp	r4rk1/ppp2bp1/3p1qPp/8/4P3/1BP5/P2Q2PP/RN3RK1 b - - 0 17	f6f1 g1f1 f7c4 f1e1 f8f1	1795	050e0k0m0y101316191d1n
eky4D	1r3rk1/1p3ppp/3p4/4pP2/2PpP3/R5PP/4q1B1/2Q3K1 w - - 1 26	g2f3 e2e3 a3e3	1795	010p1o1t
g9cyO	1r1r2k1/pp2bppp/2b4q/Q7/2B2R2/P1P1P1PP/1P3P2/R5K1 w - - 11 31	f4f7 g8h8 f7e7	1795	01191o
iQ1S8	2r2rk1/p2n1pp1/1p2p3/3pPP1p/3P1R1q/3Q4/PP4PP/R1B3K1 b - - 2 19	c8c1 a1c1 h4f4	1795	0g191o
jO7Qj	r1bqk2r/5pp1/p3p2p/1pnnP3/2B5/1N4BP/PP3PP1/R2QK2R b KQkq - 1 16	b5c4 b3c5 d8a5	1795	011c1o
kfkJP	r3r1k1/ppp2ppp/3q1n2/4p3/1n2P3/2BP2Q1/1PP1B1PP/R4RK1 w - - 0 16	c3b4 d6b4 f1f6	1795	01191g1o
kjnFI	1r6/8/1qp1k3/3pN3/P2PpQ2/b1P5/1p1B1P2/1K1b2R1 b - - 3 32	d1c2 b1c2 b2b1q g1b1 b6b1	1795	00050r101316191h1k
l00CS	8/pkp1rp2/1p6/3q1pQ1/3P1n2/1PP2N1P/P4PP1/R5K1 b - - 1 24	d5f3 g2f3 f4h3 g1g2 h3g5	1795	010i0p0s101n
mej5l	3rk3/ppR2r1p/4p2b/5p2/8/B7/P6P/6RK w - - 6 28	g1g8 h6f8 g8f8 f7f8 c7e7	1795	0p0q0r1013161d1n
ndVUI	2kr3r/pp3ppp/3b4/2pP1q2/2P5/4Bp1P/PP1N1P2/R2QR1K1 b - - 1 17	f5g6 e3g5 g6g5 g1f1 g5g2	1795	0y10131619
pghd1	r4rk1/pbp4p/1p4pQ/3q1B2/3p4/5P2/P1P3PP/3R1RK1 w - - 0 22	f5e4 d5c5 e4b7	1795	01191o1p
qYnnr	r3k2r/pp3ppp/2bbpn2/3pq3/8/1N1BBQP1/P4P1P/1R3RK1 w kq - 1 15	e3f4 d5d4 f4e5 c6f3 e5d6	1795	011019
rJiId	r2q1rk1/ppp2pp1/2np3p/3N2bb/8/1P1P1B1P/PBPQ1PP1/R3R1K1 w - - 1 16	d2c3 c6e5 f3h5	1795	0g191o
rUrKB	r3k2r/pbq2p1p/1p2p1p1/3n2B1/3b4/8/PPQNBPPP/R4RK1 w kq - 0 15	c2a4 b7c6 a4d4	1795	0g0s191o
tqezd	4r3/1R5R/3b1k2/P4p1p/3Pr3/2B5/1P5P/5K2 b - - 5 38	e4f4 f1g2 e8g8 h7g7 g8g7 b7g7 f6g7	1795	010p0r1w
wvAKW	6kr/p1pr1npp/4q3/2Q5/8/1P3R2/6PP/5RK1 w - - 1 28	f3e3 e6e3 c5e3	1795	0g191o
x5mGr	8/kb1R1N2/p7/1p2Q2n/1n2P3/2N5/PPP2qP1/1K6 b - - 1 27	f2c2 b1a1 c2c1 c3b1 b4c2	1795	101316191q
xQVrK	6q1/2p2k1P/1p1p4/1b1Pp3/4P1N1/3P4/1r4PK/8 w - - 0 44	g4h6 f7g6 h7g8q	1795	000g0i0p0s111h1o
xfCNT	5r2/1p3r1p/6k1/p2p4/1p1Nb2P/8/P4RP1/5R1K w - - 4 29	h4h5 g6h5 f2f7 f8f7 f1f7	1795	010i0p10
y2dtK	4r1k1/2p3np/1pq1rRpB/8/2P5/2Q4P/6P1/7K w - - 1 34	f6f8 e8f8 c3g7	1795	0j1315191n1o
z4HRN	8/2P5/pR6/P7/1Pk2ppp/r7/5PKP/8 b - - 0 51	f4f3 g2f1 a3a1	1795	0p13151m1o
zYEa2	r4qk1/1pp4p/6p1/3pP3/p1n1p3/2P1P3/PP4PP/R1BQ2K1 w - - 0 20	d1d5 f8f7 e5e6 f7e7 d5c4	1795	0g0p0s10
2rII7	1k3q2/1p6/p1pp1np1/4p2r/PP1bP3/2NP1Q1P/2PK4/5R1R b - - 1 28	f8h6 d2e2 d4c3	1796	010i191o
40ErP	6k1/6p1/R7/2P5/6pP/6P1/p4K2/r7 b - - 0 35	a1h1 a6a2 h1h2 f2e3 h2a2	1796	0g0p101m1p
5hJZf	1r1r1bk1/4np1p/2P1p1p1/Pn2P3/8/1R3N1P/5PPB/1R4K1 w - - 0 31	c6c7 b5c7 b3b8 d8b8 b1b8	1796	000g1019
6UJLb	2k2rr1/pp1b1Q2/4p3/P2p1N2/2q5/2P5/1BP2PPP/2KR3R b - - 0 20	c4f4 d1d2 f8f7	1796	0g191o
8QBNA	r2q1rk1/3nbpp1/p1bp3p/3Pp3/2p2P2/3B2B1/PPQ1N1PP/2KR3R w - - 0 17	d3h7 g8h8 d5c6	1796	0g191o
9z0S8	7r/1bp5/pbk1NQ2/1p1pP3/1P4rq/P1P4P/5PN1/R1B2RK1 b - - 1 25	g4g2 g1g2 h4h3 g2g1 h3h1	1796	050y10131619
CS2E2	r1bq1rk1/pppn2p1/4p2p/5pNQ/3b2N1/8/PPP2PPP/R3KB1R w KQ - 0 12	g4h6 g7h6 h5g6 d4g7 g6h7	1796	0y1013161c1n
FiYSq	2r1rb2/p4ppk/q4n2/3p1N1P/3N1B2/1P1nPP2/1P1Q4/1K1R3R b - - 8 29	d3b4 d2b4 f8b4	1796	0g1112191l1o1r
FzgI2	7k/pp1Q2p1/2pb4/3p2B1/3P2n1/P1N2Rq1/1P4P1/6K1 b - - 0 27	g3e1 f3f1 d6h2 g1h1 e1f1	1796	0d0i10131619
HiioL	1r1q3r/3nkp2/3Npnbp/pp1p4/1Q1P2pN/6P1/PP2PPBP/R4RK1 w - - 0 19	d6f5 e7e8 f5g7	1796	0k0m1315191o
HqUeJ	4r1k1/3N2p1/p6p/2pP4/2P3B1/P2Qb2P/5rPN/1R3n1K b - - 0 35	f1g3 h1g1 f2f1	1796	0k0m0y1315191f1o
IyVTd	r3r1k1/pp3ppp/2n1bn2/8/2pP1N2/q2BR2P/P2B1PP1/R2Q2K1 w - - 0 17	d3h7 f6h7 e3a3	1796	0g0j11191o
J2T6p	r1b2r2/ppp3qk/2n3pp/3Q1p2/2PP3N/2PB4/P4P1P/R3K1R1 b Q - 3 16	g7e7 e1f1 e7h4	1796	010s191o
MfmJP	1r6/1PQ5/6p1/3q2k1/8/P5P1/7K/8 w - - 0 52	c7f4 g5h5 f4h4	1796	0p13151o
N39Ae	4r3/pkpRn1pp/1p2Bp2/4p3/4b3/4B3/PPP2PPP/2K5 w - - 3 22	e6f7 e4f5 f7e8 f5d7 e8d7	1796	010p10
OEWap	4k3/4bp1p/2b1pp2/8/2Np3Q/8/PPP2PrP/R1B1R2K b - - 0 23	g2g4 e1e4 c6e4 f2f3 e4f3	1796	0j0k0y101316191a
PQRRM	4r3/Rpk2ppp/4r1q1/N7/6n1/3PBQ2/PPP2PPb/R4K2 b - - 1 21	g4e3 f2e3 e6f6 a7b7 c7c8	1796	0g10191g
Qm3kl	8/8/2pb2P1/3p1k2/1p1Pn3/1P1NP2r/2P1K1R1/8 w - - 3 41	g6g7 e4f6 g2f2 f5g6 f2f6	1796	000g0p10
Rgsb7	5rk1/3np1q1/p2p2p1/1pp1n3/4PR2/P2P3Q/2P3PP/5RK1 w - - 4 26	h3e6 f8f7 f4f7 e5f7 e6d7	1796	010y1019
SMbIG	r3k2r/1b2bp1p/pq3p2/3NpP1Q/2B5/8/PPP3PP/1R2K2R b Kkq - 0 16	b7d5 c4d5 b6a5 c2c3 a5d5	1796	010r0s1019
U0bYn	4R3/p2r3k/2Q3p1/5pP1/1P1q4/P3R1p1/6P1/6K1 b - - 2 43	d4e3 e8e3 d7d1 e3e1 d1e1	1796	0d0p1013161n
UaaOR	1k2rr2/pp1q4/2p1B3/2b4p/6p1/2B5/PPP1Q1PP/4R2K w - - 1 25	c3e5 c5d6 e6d7	1796	01191k1o
VFkiZ	8/8/8/5k2/4p3/4K1Pp/7P/8 w - - 4 49	e3d4 f5e6 d4e4	1796	0g0p1e1o1z
W13oh	4r1k1/5p2/p4P2/1p3K1R/7R/5r2/8/8 w - - 7 43	f5g4 f3f6 h5h8	1796	010h0p1m1o
Xx0Cg	1r3r2/1p4k1/p4q1p/P3n2Q/3Nppp1/2P5/1P4P1/3R1R1K w - - 2 32	f1f4 f6f4 d4e6 g7h7 e6f4	1796	050g0s10191n
YLh2a	5rk1/4p2p/p2p2p1/2pP4/q1PbQ3/4N3/PP4PP/1RB4K b - - 2 26	a4d1 e3d1 f8f1	1796	061315191n1o
YRsEX	rn1qkb1r/3ppp1p/b2P1np1/1Np5/8/4P3/PP3PPP/R1BQKBNR b KQkq - 0 8	a6b5 f1b5 d8a5 c1d2 a5b5	1796	010s101c
Z1HoK	rnb1k2r/pp3ppp/4p3/3p4/3P4/P1q2NP1/4PPBP/R2Q1RK1 w kq - 0 13	a1c1 c3c1 d1c1	1796	01191o
Zls1e	7r/pp1kp3/4q3/6P1/P3Q1P1/3P4/1r5p/R4R1K w - - 0 30	e4d4 e6d6 d4b2 d6d5 b2g2	1796	0g0p0s10
aKUbA	1k1r3r/2p1qpb1/BN1p2p1/3n4/3Q1P2/4B2p/PPP5/1K2R1Nb w - - 1 20	b6d7 e7d7 d4a7	1796	0d1315191k1n1o
abzqx	2b2rk1/p1B2pbp/4q1p1/1B1N3n/2P5/6P1/Pr2PP1P/R2Q1RK1 b - - 1 15	b2b5 c4b5 g7a1 d1a1 e6d5	1796	010j1019
d3yMy	1n5k/1Q1B4/1p1pP3/5p2/4p3/5q1P/PPPK4/R7 b - - 7 36	e4e3 d2d3 f3b7	1796	0g0j0p1o
dH9Oc	3r1r2/pp6/5N1k/5Q2/3qp1P1/7P/PP6/1R3K2 w - - 0 34	g4g5 h6g7 f5h7	1796	0p13151o
dTZyW	1k5r/1P1Q4/4R1q1/3p2p1/P1nP2p1/2P5/5PP1/R4K2 b - - 0 27	h8h1 f1e2 g6c2	1796	0p13151o
e3n8i	4r1k1/4rp1p/5p2/1pp5/4p3/2P2P1P/PP2R1P1/1K2R3 b - - 0 25	e4f3 e2e7 e8e7 e1e7 f3f2	1796	00010p101m1n
f5f0C	2b1Q3/7k/1P1p2r1/1PpP3K/4P3/7P/5bP1/8 b - - 0 47	g6h6 h5g5 f2e3	1796	0p13151o
fOGTG	7r/8/p3P1k1/4Q3/P1p2P2/4q1r1/2P2RP1/R5K1 b - - 2 36	g3g2 g1g2 e3h3 g2g1 h3h1	1796	050p1013161g1n
gi858	r3k2r/pp2qpp1/2p2n2/3p1p2/2PP1Pp1/P1N1P1K1/1P4P1/R1BQ1R2 b kq - 1 16	f6e4 c3e4 e7h4	1796	0d1315191n1o
hFtp2	2r3kr/5p2/1p2pQp1/p3P3/2PqP3/P1R5/1B4PP/7K w - - 7 31	f6h8 g8h8 c3h3 h8g7 b2d4	1796	01050j0p101n
hO8Cd	1r2kqr1/R7/1P1p4/4p1np/4P1pB/1Q1P2P1/5P1P/5RK1 b - - 0 28	g5h3 g1h1 f8f3	1796	0y1315191o
hoyOX	1r4k1/r4p1p/4p1p1/B1b1P3/KPb2P1P/2P5/4B1R1/3R4 b - - 4 36	a7a5 b4a5 c4b3	1796	1315191n1o
kRGk7	6k1/1p3pp1/2np1r2/Q7/4P2R/Pq1P2pP/1P4P1/2R4K b - - 0 31	f6f1 c1f1 c6a5	1796	010p0w1o
kuIvS	8/4B3/4p3/3p1ppp/k2P4/P3PK2/2b2PPP/8 b - - 1 41	c2d1 f3g3 h5h4 g3h3 d1g4	1796	080p10111316
l3XgE	rn4k1/pp4pp/2p1p2r/3p1p1b/2PP1N2/1P1BP1Pq/PB1Q1R2/2R1N1K1 b - - 6 18	h3h1 g1h1 h5f3 h1g1 h6h1	1796	050k0m0r0y101316191d1n
lKlTX	5r1k/pp4bp/3Q4/4p3/P3P3/1qP5/1P3r2/1K4RR w - - 1 27	h1h7 h8h7 d6g6 h7h8 g6g7	1796	05101316191n
mCvL4	r1b1k2r/pB3p1p/4p1p1/2p5/2Pq1P2/3P1QPP/PP4K1/R4R2 b kq - 0 17	d4b2 f1f2 b2b7	1796	0g191o
nH9dx	r5k1/pp1b2q1/3p4/3P2p1/P2QBnP1/2N5/1P5R/5K2 w - - 7 36	d4g7 g8g7 h2h7 g7f6 h7d7	1796	050g0r10191p
nOZlD	r3k2r/pp1q1pb1/3p2p1/2p5/4PN2/2NPQR1p/PPP5/R5K1 b kq - 0 19	g7d4 g1h1 d4e3	1796	01191g1o
ncBoF	5rk1/5pbp/n2p2p1/qB1Qp3/4P3/2P2P2/1P4PP/2B2RK1 b - - 2 19	a6c7 d5b7 c7b5	1796	01191o
ndfuI	3r2k1/p4pp1/1p5p/2p5/2b2qP1/5B2/PPQ2PP1/4R1K1 w - - 0 26	e1e4 c4d3 c2d3 f4c1 d3f1	1796	010p10
p49lB	r4rk1/bp3ppp/p1n5/5bN1/3p1q2/3B1N2/PPP2PPP/R2QR1K1 w - - 8 16	g2g3 f4d6 d3f5	1796	01191o
qBfXa	3r2k1/1Q3ppp/p3pq2/8/8/P7/1Pr3PP/R1B2RK1 b - - 1 19	f6f1 g1f1 d8d1	1796	051315191n1o
qvSxv	8/pR3pk1/3p4/3P1p2/1P1P1np1/P3r3/7K/2RB4 b - - 0 36	g4g3 h2g1 e3e1	1796	0p13151o
soMLW	4k3/1R3nr1/p3pb2/2pB3Q/5P1p/B3PK1P/P2q2P1/6R1 b - - 0 32	g7g3 f3e4 g3e3	1796	1315191o
tMdEi	r4rk1/pp1n1ppp/2pb4/4p3/8/4N3/PPP2PPP/R1B2RK1 w - - 2 14	f1d1 a8d8 d1d6	1796	01191o
uYTsj	8/2r3k1/5qp1/2r2pQ1/2P1p3/7R/P4PP1/5BK1 w - - 14 47	h3h7 g7h7 g5f6	1796	010i0p1o
wXeYY	2k5/6R1/4N3/4n3/r1p5/6K1/1P6/8 w - - 5 41	g7g8 c8b7 e6c5 b7b6 c5a4	1796	0g0p0r0s1011
wchQb	4kb1r/p4ppp/4p3/1r1R1b2/4q3/1BP1B3/PPP2PPP/2KR4 w k - 0 17	d5d8 e8e7 e3g5 f7f6 d1d7	1796	0910131619
x47Xe	8/ppR3pr/7p/6p1/3kb1P1/1B5P/PP3P2/6K1 w - - 5 30	c7c4 d4d3 c4e4 d3e4 b3c2 e4f3 c2h7	1796	050g0p1n1p1w
xU8M6	6k1/5p1p/1R3p2/p3n3/3NK3/r1P3PP/8/8 w - - 0 30	b6b8 g8g7 d4f5 g7g6 b8g8 g6h5 g3g4 e5g4 h3g4	1796	0p13181w
yjpza	8/p2nqpkp/6p1/6Q1/3P4/2P1rNP1/PP3KB1/7R b - - 4 28	e3f3 g2f3 e7g5	1796	0g191o
zv1N4	r4rk1/ppp1bpp1/3pqn1p/8/P1N5/7R/1PP1QPPP/R1B3K1 w - - 3 16	h3e3 e6d7 e3e7	1796	01191o
0Kf1S	5r1k/ppp3pp/8/7n/1PB1N1K1/PN2RnP1/1R3P2/3r4 b - - 2 34	f3e5 g4h3 e5c4 b2e2 c4e3	1797	010s1019
0Nx4I	2r4r/pp2p1kp/4qpp1/8/1P6/P7/1BNKQPPP/3R3R b - - 0 22	c8c2 d2c2 e6e2	1797	01050i191o
0l3Hz	1k2r3/4R3/Bpp2p2/3b4/P7/6P1/5qP1/4R2K w - - 0 45	e7b7 b8c8 e1e8	1797	0j0p13151o
215kx	3r3r/2pk4/2pp1p2/4n1p1/4P1P1/2N2P1q/PP3R1N/3R1QK1 b - - 2 25	e5f3 g1h1 h3h2 f2h2 h8h2	1797	030r0y10131619
3K8Xe	2b4r/p1k1n3/1p1p1N2/2pPpr1P/P1P1R2N/1P4P1/6K1/5R2 b - - 4 29	f5f1 g2f1 h8f8	1797	01191g1o
45yQB	1Q6/1p1r1p2/2b3pk/p2q4/3P3b/1P3P1P/P4PBK/3R4 w - - 0 26	b8h8 h6g5 f3f4 g5f5 g2d5	1797	0g0j1019
54pFt	2r1r1k1/pp2Bp1p/1n4p1/3q4/2pQ4/2P5/P1P1RPPP/4R1K1 w - - 0 22	d4h8 g8h8 e7f6 h8g8 e2e8 c8e8 e1e8	1797	050j0y111317191f1n1w
77ZjK	r5k1/2p2rb1/1np1p3/p3PNq1/2P5/1P1B4/PBQN3K/R3R3 b - - 0 29	g7e5 e1e5 f7h7 f5h6 h7h6	1797	0d0r101316191n
7cW69	8/8/pB2K3/P1p1p3/3bP3/3P4/2k5/8 b - - 4 51	c2d3 e6d5 c5c4 b6d4 e5d4	1797	080g0p101l
7hfa8	3rr2k/2q3bp/2pBb1p1/p3Pp2/P1B2P1P/1PQ5/6P1/3R1RK1 b - - 2 25	d8d6 d1d6 c7d6	1797	01191o
8bDUj	r2qkbnr/pp3ppp/2n5/1BN2b2/3P4/8/PP3PPP/R1BQK1NR b KQkq - 2 8	d8a5 c1d2 a5b5 d1e2 b5e2	1797	0g0s101c
8cPfK	8/P5R1/6p1/1K3p2/6kP/8/8/r7 w - - 2 50	g7g6 g4h3 g6a6	1797	0g0p111m1o
9BOId	8/6r1/2p1p2p/p1Pn4/k1Nr4/PR3RP1/2K5/8 w - - 0 61	c4b2	1797	0p13141b
A6C3H	8/pp6/8/2Pk1p1p/1P1PpP1P/P3K3/8/8 b - - 2 39	d5c4 e3d2 c4d4	1797	0g0p1e1o
BnZrh	2r1r2k/p2q2pp/2pb4/8/1B1P4/1Q4P1/PPR2P2/2R3K1 b - - 4 24	c8b8 a2a3 a7a5	1797	01191o
DEf8D	r1bqk2r/2p2ppp/ppn1p3/3n4/2BP1N2/2N1P1P1/PP4PP/R2Q1RK1 b kq - 1 11	d5e3 d1f3 e3f1 f3c6 c8d7 c6e4 f1d2	1797	010s1c1w
E5DWW	1N4r1/5k2/p6p/4Pp2/1P3Pb1/4P3/5P1P/1RR3K1 b - - 0 27	g4e2 g1h1 e2f3	1797	0j0k0p13151a1o
ERQLc	2r3k1/r1q2ppp/3p1b2/p1nP4/2PN4/1P4Q1/P4PPP/3RR1K1 w - - 1 25	d4b5 c7b8 b5a7 b8a7 g3d6	1797	010s1019
GDyrG	rnb1k1nr/ppp1ppbp/6p1/1N4N1/8/3P4/PPP1BP1q/R1BQK1R1 w Qkq - 0 12	g5f3 h2h3 b5c7	1797	011c1o
Hm0Xg	3k4/8/3PQ3/8/8/2Pqb3/PP6/7K b - - 0 53	d3f1 h1h2 e3f4	1797	0p13151o
IgQ64	6k1/5p1p/R1p1p1p1/2qpn3/6PP/8/5PK1/1Q6 w - - 0 31	b1b8 c5f8 b8e5	1797	0g0p0s1o
JvD32	2rq1r2/1p3pk1/p4n2/2n1B2p/8/2pB1P1R/P3KP1P/2R5 w - - 0 24	c1g1 g7h6 e5f4	1797	1315191a1o
Kg27c	r2q4/4kr2/p2p2Q1/2pPpP2/4n3/1P6/P5PR/6K1 w - - 0 37	g6e6 e7f8 h2h8 f8g7 e6h6	1797	0p1013161u
L0usr	r4rk1/pp4b1/6Np/2np1b2/5p1q/2P4P/PPQ1BPP1/3R1RK1 w - - 0 23	c2f5 f8f5 g6h4	1797	010w191o
LBQFn	8/ppk2p2/5pq1/7p/7P/3R3K/6P1/3R4 w - - 0 48	d1c1 c7b6 d3b3 b6a5 c1a1	1797	0p1013161j
LrU4Q	3rr1k1/1p3pp1/p1p3qp/4P3/3P1NP1/P6n/1P2BB1P/R1QR3K b - - 0 32	g6e4 f4g2 h3f2	1797	010w0y191o
LsRSN	3q2k1/3Q3p/8/3pNp2/1ppP4/4P2P/1P5K/8 b - - 3 32	d8d7 e5d7 c4c3 b2c3 b4b3	1797	0g0p10
McgAn	r4k2/ppq1p2r/4Pp2/2P5/2BRN3/8/PP3Q2/5K2 b - - 0 31	h7h1 f1g2 h1h2 g2f3 h2f2	1797	0g0r10191p
QqlYq	5k2/8/b4P2/4K2B/8/1p6/7P/8 b - - 0 48	a6d3 e5d4 b3b2 d4d3 b2b1q	1797	00080g0p101h1l
RaKDU	r3r1k1/1pp3p1/p1pb2pp/6q1/4P1P1/1P1P3P/P1P1QP2/R1B2RK1 b - - 1 17	g5e5 f2f3 e5a1	1797	01191o
RiBGl	2k1r3/pp4R1/2p1p3/3p2p1/2PPn1Qr/1Pq1P3/P5P1/2B2RK1 w - - 8 31	g4e6 e8e6 f1f8 e6e8 f8e8	1797	101316191k1n
Rw4Fk	1kn2Q2/pp3p2/1q2p1p1/4br2/8/2P5/PP3PB1/1K1R1R2 b - - 2 29	e5c3 f8a3 c3b2 a3b2 f5b5	1797	0110191g
ULjDR	4rr2/2p3k1/p3p1p1/4P3/2qNQ3/8/P2p2PK/3R4 w - - 0 34	d4f5 e6f5 e4c4	1797	0g0j0p1o
W6JQG	6rk/ppp4p/3p3b/3P4/2P2Q2/4n1Pq/PP2pR1P/1R4K1 w - - 4 35	f4d4 h6g7 d4e3	1797	010i191o
XPUng	r1b3k1/pp4p1/1n4q1/3p2N1/7Q/4p3/PP1N2PP/5RK1 w - - 1 21	h4h8 g8h8 f1f8	1797	051315191n1o
YKCn5	2r3k1/R2n1p1p/1pq1p1pB/2NpP3/8/1Pn2N2/5PPP/2Q2K2 b - - 0 30	c6b5 f1g1 c3e2 g1h1 e2c1	1797	0g0s101119
YeDrp	3r2k1/ppp1q2p/4b1p1/2Pp3r/1P1Q1P2/4P3/P3BP1P/2R3RK b - - 0 24	h5h2 h1h2 e7h4 h2g2 h4h3	1797	050n0y101316191n
ckaLv	3r1rk1/1p3p2/2p3pB/pnP1pNQ1/6P1/P1P4q/8/RB2K2n w Q - 2 24	f5e7 g8h7 b1g6 f7g6 g5g6 h7h8 g6g7	1797	0j0y1317191w
e4Uir	2k3r1/pp1n4/2p1p3/3q1p1Q/3P3p/P1P2R1P/1P2R2K/8 b - - 0 30	d7f6 h5f7 d5f3	1797	0g0p1o
fb1ne	8/p4k1p/6p1/2n1B3/Pr1p4/3P3P/6P1/R5K1 w - - 3 27	e5d6 b4a4 a1f1 f7e6 d6c5	1797	010p10
gk6gN	r2qbknr/pp5p/2n1p3/b2pP1BQ/3P4/P1N5/1P3PPP/R3KB1R w KQ - 1 14	h5f3 e8f7 g5d8	1797	0g191o
i3Uzf	7k/p5pp/2rq4/1p2bQ2/4r3/7P/P4PP1/2R3K1 w - - 0 30	f5c8 c6c8 c1c8 d6d8 c8d8	1797	060p1013161n1y
jS0sI	r5r1/7p/pp4p1/1k2Bp2/1n3PP1/1P2p2P/P7/2R2RK1 w - - 1 30	a2a4 b5a5 c1c5 b6c5 e5c7	1797	0p1013161n
joo4u	2r3k1/pp3p1p/1q3np1/4r1Q1/2bb4/P1N1B3/1P3PPP/1R1BR1K1 w - - 10 22	g5e5 d4e5 e3b6	1797	01191o
joqtc	r2q1rk1/5pbn/3p3Q/1pp2P2/p2p1P2/P2P1R1P/BPP3P1/R5K1 w - - 1 22	f3g3 d8f6 g3g6	1797	01191g1o
kbpkf	8/4B1p1/7k/5K1P/p5p1/8/8/8 b - - 0 50	g4g3 e7c5 g3g2 f5g4 a4a3	1797	00080g0p10
lAvZ3	6k1/5pp1/4p2p/3p4/7q/1PQ4b/4PP2/2R3K1 b - - 1 44	h4g5 c3g3 g5c1	1797	0g0i0p1o
o4fJm	2kr3r/p1q2p1p/2p1b3/3p4/nR4p1/8/PPP1Q1BP/2K4R w - - 0 22	e2a6 c8d7 b4b7 a4c5 b7c7	1797	010s10191g
oSjmK	5rk1/2pr3p/p4Bn1/1p1q2Q1/8/8/P1B3P1/5R1K w - - 0 38	c2b3 d5b3 a2b3	1797	01191g1o
rw1ft	8/R5pp/8/2P5/4Nk1n/1P3P1P/P3r1PK/8 b - - 2 43	h4f3 h2h1 e2e1	1797	0p13151g1o
shg6J	r1b3nr/pp3Qbk/1q4pp/4N3/3pp3/8/PPP3PP/RNB2RK1 w - - 2 16	f7g7 h7g7 f1f7	1797	050q13151c1n1o
uPC9k	8/7p/6pk/3Q1p2/5p1b/5B1P/4RPPK/4q3 b - - 3 44	h4g3 f2g3 f4g3	1797	0p13151n1o
ukSzS	r2r2k1/1b3Np1/pq1Np1n1/1p2P2Q/8/P6P/1P4P1/2R1RK2 b - - 0 25	b7g2 f1g2 g6f4 g2h1 f4h5	1797	050g0s10191n
uujGQ	8/8/4rk1p/1p3P1K/1P3P2/8/8/8 w - - 0 48	f5e6 f6e6 h5g6	1797	0g0p1o
w62Z6	8/8/8/1K6/8/p7/P2k4/8 b - - 1 71	d2c3 b5a4 c3b2 a4b4 b2a2 b4c3 a2b1	1797	0g0p1e1w
wH4eO	r3r1k1/p1p2ppp/bpp5/8/6n1/1P1N3P/P1PP1PP1/RNB1RK2 b - - 2 14	a6d3 c2d3 g4h2	1797	0g191o
0rLvs	3r1rk1/1pq2ppp/p1n2b2/8/2Pp4/1P1B1Q1P/P1N2PP1/R3R1K1 w - - 1 17	f3f5 g7g6 f5f6	1798	0g191o
1EDqb	r1b3k1/1p2qpbp/1Pp3p1/p1np4/P2Pr3/5N2/1B2BPPP/R2Q1K1R w - - 0 16	b2a3 e7f6 a3c5	1798	01191o
1WR96	4r1k1/1p4pp/6r1/1P1qpp2/P2n4/3Q4/1B1P1RPP/R5K1 b - - 2 25	g6g2 f2g2 d4f3 d3f3 d5f3	1798	010y10191n
2k1qG	1Qbk1br1/p4p1p/p1pp4/3q1P2/8/8/PPP3PP/4RR1K w - - 1 21	e1e8 d8e8 b8c8 e8e7 f5f6	1798	050i0r101316191n
34MHt	2k3nr/pbp1q3/1pn1Rp1p/2b2Qp1/2B5/5N2/PPP2PPP/RNBr2K1 w - - 1 14	e6e1 c8b8 e1d1	1798	0g0j0k191o
3kvSN	4rkr1/ppq5/5np1/2NpRn1p/3P1QP1/1P5P/P4P2/6K1 w - - 2 28	e5e8 f6e8 c5e6 f8e7 e6c7	1798	0g0r0s101119
5QG7T	1r3rk1/pq2Bpbp/b1p3pn/3pP3/QP1P2P1/N1P2N1P/P4P2/1R2K2R b K - 0 17	a6b5 a3b5 c6b5 a4b3 b7e7	1798	011019
5UjPl	r3k2r/pp1qppbp/2np1np1/8/3NPP2/2N1B3/PPP3PP/R2Q1RK1 b kq - 0 10	f6g4 d4c6 g4e3	1798	01191o
67qRJ	2r2rk1/1p3pp1/p3p1p1/3pB1Q1/3P1PP1/2P1n2R/P2q3P/5RK1 w - - 3 27	h3h8 g8h8 g5h6 h8g8 h6g7	1798	050y101316191g1n
6xbkb	rn1q1b1r/ppp3pp/3p1kb1/4p2Q/2PP2P1/8/PP3P1P/RN2KBNR w KQ - 1 9	h5h4 f6f7 h4d8	1798	0g191o1p
9Ar6p	5rk1/3bq1p1/1Q2p2p/3pP1n1/P2N4/2N5/1PP3PP/5RK1 b - - 0 23	g5h3 g2h3 e7g5 g1h1 f8f1	1798	0d0i0y101316191n
9UEyS	r1bq1bkr/1ppp2pp/p1n5/4P1N1/3p2n1/2P5/PP3PPP/RNBQK2R w KQ - 2 9	d1b3 d7d5 e5d6 c8e6 b3e6	1798	0j0k0o0y1013161c
BK6Nt	1r3rk1/4qp1p/3pb1p1/8/4P3/2Q2BP1/1P3P1P/1R3RK1 b - - 2 25	b8b3 c3d4 b3f3	1798	01191o1p
By4HX	8/8/8/1n1Pk3/4P1PP/PKp2P2/8/8 b - - 1 50	e5d4 a3a4 d4d3 a4b5 c3c2	1798	000g0p0z10111n
DfIs7	4RR2/p5pk/3q3p/1p6/2n4P/6P1/5P1K/8 w - - 0 32	h4h5 d6f8 e8f8	1798	010p1l1o
Ds8Xo	3N4/R4pkp/6p1/1ppP2P1/7n/2P5/3r4/5K2 w - - 1 37	d8e6 g7h8 a7a8	1798	0p13151g1o
FCrO3	7k/R5p1/4p2p/3p4/3P4/4PPQP/7K/1r2Bq2 b - - 0 37	b1b2 e1f2 b2f2 g3f2 f1f2	1798	0g0p10
G3hqD	r1b5/3n4/p2B1k2/2pB2p1/1pP2pK1/3P3P/PP6/4R3 b - - 0 32	d7e5 g4h5 c8g4 h3g4 a8h8	1798	0d0k0m0p1013161n
Gqii8	2r4r/pppbn2q/6kp/1N2pNp1/4P1Q1/3PP3/PPP3PP/5RK1 w - - 3 19	f5h4 g6g7 g4d7	1798	0g0j191g1o
IHync	8/8/1P1Rn1kp/8/8/1b4P1/1b4PP/rR4K1 w - - 2 32	b1a1 b2a1 b6b7 a1e5 b7b8q	1798	000g0p101h
LoEbk	4rbk1/p5p1/2p5/2PpN1Q1/3P1R2/7P/Pr1q4/5RK1 w - - 3 30	f4f8 e8f8 f1f8 g8f8 g5d8	1798	05101316191n
MllTI	2r2rk1/p1R2ppp/1pb5/q3p3/3p1Q2/1BP3P1/PP1R1P1P/6K1 w - - 0 25	f4f7 f8f7 c7c8 c6e8 c8e8	1798	0i101316191g1n
N7gb9	r1b1k2r/1p2nppp/p1n1p3/1B1pP3/1b1P4/1P3N2/1P1B1PPP/RN2K2R w KQkq - 0 11	d2b4 a6b5 a1a8	1798	011c1g1o
OE3kv	4r2r/p5Rp/1p2PR2/7k/3b4/8/PP4PP/7K w - - 1 39	g2g4 h5h4 f6h6	1798	0p13151o
OP5Aa	8/8/1p6/p1b2p1p/8/PkB2K2/1P3PPP/8 b - - 2 35	c5a3 c3a5 b6a5	1798	080g0p1o
PHRkw	3Q4/3b1pkp/4pN2/3pP1q1/3P4/2P1n2P/6PK/8 w - - 1 44	d8g8 g7h6 g8h7	1798	0p1113151o
QBiXM	r3k2r/1ppnpp1p/p2q2p1/7n/3bP3/2NBB2P/PPP1QP2/2KR3R w kq - 2 13	e3d4 d6d4 d3b5 d4e5 b5d7	1798	011019
QXTI4	8/pp1kr3/3b4/2p3PQ/4q3/4B3/PP2PP2/R3K3 b Q - 4 24	e7h7 h5h7 e4h7	1798	010p1o
QgS65	8/p4k2/6p1/1pn1P1Kp/6PP/8/PB6/8 b - - 0 36	c5e6 g5h6 h5g4	1798	0g0i0p111o
R65w9	r2qkb1r/pp3pp1/4p1p1/2npP3/3p1P2/BP1Q4/P1P3PP/RN3RK1 w kq - 2 13	a3c5 f8c5 d3b5 d8d7 b5c5	1798	010s1019
SjX1Z	1r3r2/4pk1p/3ppPp1/8/5q2/4R2Q/3K3P/2n5 w - - 0 34	h3e6 f7e8 e6e7	1798	0p13151o
VeFO6	7r/3nkP2/pp1pB1Pb/2pPp2R/P1P5/5K2/1P6/8 w - - 5 38	h5h6 h8h6 g6g7	1798	000g0p1n1o
Wmmgt	r1bqkb1r/p1p2ppp/2n2n2/1p1Pp1N1/2B5/5Q2/PPPP1PPP/RNB1K2R b KQkq - 1 6	c6d4 c4b5 d4b5	1798	011c1o
XhdNd	4rr1k/p1p3p1/2p2q1p/2b5/6Q1/3PB3/PPP2PPP/R4RK1 b - - 4 17	e8e3 d3d4 c5d4 g4d4 f6d4	1798	011019
Yf2a1	8/8/2nN1pk1/6p1/3p2P1/1pPP1P2/3R1K1P/8 b - - 0 40	d4c3 d6e4 c3c2	1798	000g0p1o
c44wB	r4rk1/1pq1ppbp/6p1/p2p4/PnbP1PP1/2N1P3/1B1Q2BP/R1R3K1 w - - 0 19	c3d5 b4d5 g2d5	1798	01191o
cRGPn	2rqr1k1/4npp1/p1b1pn1p/1pP1R3/1P5N/P6P/3B1PP1/1BRQ2K1 b - - 4 21	d8d4 h4f3 c6f3	1798	010s191o
coXRf	5rk1/3PQp1p/p5pP/4p3/6P1/8/1PPK1P2/7q w - - 0 31	e7f8 g8f8 d7d8q	1798	00050p13151h1o
eH2Yh	1r4rk/3R1Qbp/7q/1n5p/2N5/3B4/PP6/K5R1 b - - 3 33	g7b2 a1b2 b5d6	1798	0g0j0k191n1o
eTpqq	4rr2/p4pk1/1p4p1/2p3p1/PnP3B1/1P3R1P/4qB2/3Q2K1 w - - 1 30	f3f7 f8f7 g4e2	1798	010j191o
eW5fy	6r1/4R3/5p2/k2P1P2/P3B2K/1PR4P/8/5r2 b - - 2 48	f1f4 h4h5 g8g5 h5h6 f4h4	1798	0p101316
f3bhq	r1b1k2r/pppp1ppp/5n2/2bNq3/2BnP3/8/PPP2PPP/R1BQ1RK1 w kq - 0 9	c1f4 e5f4 d5f4	1798	011c1o
fC5Mt	6k1/1pNn1b1p/4PB2/pP1p3P/P2b4/3B1K2/8/8 b - - 0 40	f7h5 f3f4 d7f6	1798	0g0p111o
g9Lda	2rqr1k1/p4ppp/4pn2/5N2/1pPP4/1PB4P/P3QPP1/R4RK1 b - - 0 19	e6f5 e2f3 b4c3	1798	010t0w191o
gEXbw	r5k1/5p1p/pp1p2p1/8/1PP5/P3rQ2/1q3PPP/4R1K1 w - - 0 25	f3a8 g8g7 f2e3	1798	0g0p0t0w1o
h50qP	4Qbk1/p1pN1pp1/8/2pr3p/8/2P3P1/r6P/6K1 w - - 2 32	e8f8 g8h7 d7f6 g7f6 f8f7	1798	0g0p10
jReRh	2k3rr/ppp1qpRp/2n5/3p4/3P1Q2/2P1PP2/PP3P1P/R3K3 w Q - 1 15	f4g4 e7e6 g7g8 h8g8 g4g8	1798	0g1019
jc79Y	5rk1/6pn/Q6p/1p2R3/8/5N2/1q3PPP/6K1 b - - 0 26	f8f3 e5e8 f3f8	1798	010p1o
jmHnd	r1bq1rk1/3n1ppp/8/p2p4/P1pP4/1pP2NQ1/1P4PP/RB3RK1 w - - 1 20	b1h7 g8h7 f3g5 h7g8 g3h4 d8g5 h4g5	1798	050g0y191l1n1w
kBgm6	3r2k1/5pp1/7p/p6n/2qpP3/5P1P/3Q1BPK/R7 w - - 0 40	d2a5 c4c8 a5h5	1798	010p0s1o
mmdlr	2rr2k1/1b2n1bp/1q2ppp1/1NB5/1P2p3/P4P1P/2PQB1P1/3R1R1K b - - 0 24	d8d2 c5b6 d2e2	1798	01191o
n1DXL	1k6/1p4R1/2p4p/2P4P/1P6/3p2P1/P5r1/1K6 b - - 0 41	g2g1 b1b2 d3d2	1798	000g0p1m1o
nIUvb	1r1r2k1/p1q1bppp/1p6/2pn2B1/8/6P1/PPQ2PBP/3RR1K1 w - - 0 23	d1d5 d8d5 e1e7	1798	01191o
nMMLp	r3nrk1/ppp2ppp/1b6/3q4/3n2b1/5N2/PP2BPPP/RNBQR1K1 w - - 0 15	f3d4 g4e2 d4e2	1798	011c1o
nWiaT	7r/1p3kp1/pqp1pb1p/5P2/2Q5/8/PPP3PP/3r1R1K w - - 0 23	c4e6 f7f8 f1d1 b6c7 d1d7 c7d7 e6d7	1798	010p0w1w
pkrZW	7k/p5qp/4Pp2/3Q2p1/P2Pp3/4P1PK/1r5P/R7 b - - 0 39	g5g4 h3h4 b2h2	1798	0i0p13151o
psN6E	3r4/pp3kp1/2r1pp2/4P1p1/3p4/2P2R1P/PP3PP1/3R2K1 b - - 1 27	d4c3 d1d8 c3c2	1798	00010p1m1n1o
rK6jB	8/6k1/1p4p1/p4PP1/P1rp2K1/1P6/8/8 w - - 0 47	f5f6 g7f7 b3c4 d4d3 g4f3	1798	0g0h0p0w101m
sGIFp	6k1/p1p1qppp/1p1p4/3Pb3/6Q1/3B2RP/P4PPK/4r3 w - - 5 24	g4c8 e7f8 d3h7 g8h7 c8f8	1798	010i0p0y10
tP6JS	r1b1k2r/pp3ppp/3p1n2/2pP4/1b2P3/2NQ4/qP3PPP/2R1KBNR w Kkq - 0 11	d3b5 c8d7 b5b4 c5b4 c3a2	1798	0110191t
tsbXT	5rk1/2p2rbp/1pPp1qp1/pP1Pp3/4B3/P2Q1P2/5P1P/2B3RK w - - 3 25	c1g5 f6f3 e4f3	1798	01191o1t
uMpp2	r5k1/1R3pbp/2ppr1p1/2P1n3/p3P3/2q1B1PP/P4P2/3QRBK1 b - - 0 22	c3e1 d1e1 e5f3 g1h1 f3e1	1798	050g0s10191n
uQetb	4R3/3r1k2/3p2p1/3P1p2/q4P2/8/4Q1K1/8 w - - 3 51	e2e6 f7g7 e8g8 g7h7 e6g6	1798	0p1013161u
vBY48	r7/8/2k2p1p/3Rp3/8/2p1NPP1/r6P/1K1R4 b - - 2 33	a2b2 b1c1 a8a1	1798	0p13151o
vFreZ	r1b1k2r/1pq1bp1p/p3pnpB/3Pn3/8/1NNB4/PPP1QPPP/R4RK1 b kq - 0 14	e5g4 h6f4 c7f4	1798	0111191o
woScl	r1b3k1/p1p5/1p3Q2/3P1p2/2P5/2P5/P2q3K/R7 w - - 4 30	h2h1 d2e3 a1g1	1798	010h0p1o
y5RQM	1r6/p7/8/PRPPk2p/2K2pp1/8/5P1P/8 b - - 0 40	b8b5 c4b5 e5d5 c5c6 d5d6	1798	0g0p101m
yTIUf	4k3/6Q1/1q6/pP4p1/2pB4/4n1PK/P6P/4R3 b - - 2 36	b6e6 g3g4 e6g4	1798	0p13151o
z3AaR	2r1r1k1/1p3pbp/p5p1/3Nq3/5p2/P4Q2/1PR2PPP/3R1K2 w - - 5 23	c2c8 e8c8 d1e1 e5b8 d5e7 g8f8 e7c8	1798	010s191w
zhgy5	8/p1p5/1p1p4/3PpNbk/PPP1P3/5K2/8/8 w - - 5 45	f5g7 h5g6 g7e6	1798	0g0p1o
12Wu8	2k3QK/2p5/R7/8/8/1p4r1/8/8 b - - 0 48	g3g8 h8g8 b3b2	1799	000g0p1o
1BYu1	2kB3r/pp4pp/4p3/1b6/1b6/2P2B2/P4PPP/R3K1NR b KQ - 0 18	b4c3 e1d1 h8d8 d1c2 c3a1	1799	010s1019
1Guk3	8/p1p4p/2P5/1P6/Pk1r4/2N5/2K5/3B4 b - - 10 44	d4c4 c2d3 c4c3	1799	0g0p1o
1LebR	r1bk1b1r/pp1p1ppp/3P1n2/1NP5/1q6/5B2/P3Q2P/R2KR3 w - - 0 22	e2e7 f8e7 d6e7 d8e8 b5d6	1799	00101316191n
1dPJM	3r2k1/6p1/1NQ1r3/p3p3/P4p2/1qPP4/5PP1/1R1R2K1 b - - 2 28	b3d1 b1d1 e6c6	1799	0g191o
6PV1B	6rk/pp1Q2bn/4P3/8/7r/8/PPP5/2K3R1 b - - 0 26	g7h6 c1d1 g8g1	1799	0g0j0p111o
6qqNT	rnb2rk1/pp3ppp/8/3P4/5P1q/2NB3P/PP3bP1/R1BQ1R1K b - - 1 15	c8h3 f1f2 h3g4 h1g1 g4d1	1799	010j0k0y101c1n
7Wl5C	8/8/8/k1K5/p1p5/Bp5p/8/5b1B w - - 2 62	h1b7 b3b2 a3b4	1799	080p13151l1o
9ro2d	r7/1p4Rp/3kp3/2n1n3/1R2P3/P1p5/4BP1r/2B1K3 w - - 1 28	b4b6 e5c6 c1f4 e6e5 f4h2	1799	010s1019
A03C5	8/2K5/2b1k3/1p3pBp/2p2P2/2P5/P6P/8 b - - 10 47	b5b4 c3b4 c4c3	1799	080g0p1o
B7Tg7	1q2r2k/p3r1p1/7p/3Q4/8/1P3P1P/P4KP1/R2R4 b - - 0 25	e7e2 f2g1 b8g3	1799	0g0p1o
BGCyu	1r4r1/pp3p1k/1q3p1p/3b4/3R4/4Q1R1/PP3PPP/6K1 w - - 10 25	e3h6 h7h6 d4h4	1799	051315191n1o
BsS33	8/6p1/2k2p1p/5P2/p5P1/P3K2P/8/8 w - - 1 38	e3d4 c6d6 d4c4	1799	0g0h0p1e1o
BzB6m	4QQ2/pp5p/6p1/4P2k/q4r2/8/1P3P1P/2R4K b - - 0 28	a4e4 h1g1 f4g4 g1f1 e4d3 f1e1 g4g1	1799	0p1113171w
DJ34j	8/8/5p2/1pp1k1P1/3p2K1/8/2P5/8 w - - 0 43	g5g6 e5e6 g4h5 c5c4 h5h6	1799	0g0h0p101e
EBzgm	7r/8/k5p1/p4bPp/P1n5/1R4P1/1P4BP/6K1 w - - 2 36	g2f1 h8c8 b3c3	1799	010p1g1o
EJd69	5r1k/6r1/p2q1pQ1/1p1Pp3/4P3/P3b1NP/1P4P1/5R1K w - - 1 30	g6g7 h8g7 g3f5 g7g8 f5d6	1799	050g0r0s10191n
Hgk0f	r2r2k1/pp3ppp/4b3/8/1Q6/1q1B4/1P3PPP/3R1RK1 w - - 2 17	d3h7 g8h7 b4h4 h7g6 d1d8 a8d8 h4d8	1799	0105191n1w
HrbNf	1r2q1k1/5pp1/2p4p/3p4/3b4/1PN5/2PQ1PPP/R5K1 b - - 1 21	e8e5 a1e1 d4c3 e1e5 c3d2	1799	010p10
IK6bj	3r2k1/p5pp/b2rp3/4R3/3p1P2/1Q3BPq/PP5P/R6K w - - 4 28	e5h5 h3h5 f3h5	1799	01191o1t
J5Q7w	5rk1/p5r1/3Q3p/3b4/8/3q1N1P/PP1N1PPK/R6R b - - 2 24	g7g2 h2g2 d5f3 g2g1 d3d6	1799	050g0j1019
Kfz5z	1r1qr1k1/p4pp1/2p2B1p/b1Pp4/3P1n2/P1NQ3P/2B2PP1/4RRK1 b - - 0 21	f4d3 f6d8 d3e1	1799	0g191o
Kg6EA	r1b2rk1/pp3ppp/2n2n2/2bp4/5B2/P1N1PN1P/1q3PP1/R2QKB1R w KQ - 0 11	c3a4 c5b4 a3b4	1799	010s191o
L9rl1	r1b5/1p1n2bk/3p3p/1PpP4/p1P1Pr1p/P1N5/1BK1Qq1P/4R1R1 w - - 0 28	g1g7 h7g7 c3d1	1799	0g0j0k191n1o
LJmUF	4rrk1/pb4pp/1p1bpq2/n4p2/P4n1P/2P2N2/BB3PP1/R2QRNK1 w - - 3 18	d1d6 b7f3 d6f4	1799	0g0t11191o
Lk01P	r1bq2k1/pp1n2pp/2n1p3/3pN2Q/1b1P3r/2NB4/PP3PPP/R4RK1 w - - 2 14	d3h7 g8h8 e5g6	1799	0y1315191o
LvoMr	1R3bk1/r1q2p1p/2p1p1p1/2p5/2P5/rR3QP1/4PPBP/6K1 w - - 0 25	b8f8 g8f8 b3a3 a7a3 f3a3	1799	010w1019
PBj2D	3r4/8/2pN1kp1/2rb3p/7P/3BRPK1/5P2/8 w - - 0 47	d6b7 c5c3 b7d8	1799	010p0s1o
QgWSg	r4r1k/1pp3p1/p4n1p/8/P6q/2B2BQ1/1P3KP1/RN2R3 b - - 2 26	f6g4 f2g1 h4g3	1799	0g0i191g1o
QjScv	4r1nQ/ppp1kq2/3pn2B/4p2p/1P2PP2/8/P5PP/2R2RK1 b - - 0 24	g8f6 h8g7 e6g7	1799	01191o1t
RaEJr	3r1rk1/1b3ppp/p2q4/n3pP2/2P1n3/3B1NNP/1R2Q1P1/3R2K1 w - - 0 28	g3e4 b7e4 e2e4	1799	01191o
RfCm3	r2qk1nr/pp3ppp/2n1b3/1Bb5/8/4N3/PPP2PPP/R1BQK1NR b KQkq - 4 8	d8a5 c2c3 a5b5	1799	010s1c1o
UXZ6m	8/5pk1/3Pp1pp/2p5/p3P3/3q2PP/2R3QK/1r6 w - - 0 43	c2d2 d3e3 d6d7 b1g1 d7d8q	1799	00010p101h
W24tv	2rq1rk1/5ppp/p3pn2/1pb5/4b3/P1BQPN2/1PB2PPP/R4RK1 w - - 4 17	d3d8 f8d8 c3f6 g7f6 c2e4	1799	010b1019
WPWqN	6k1/p6p/1p1p2p1/2pP3n/2Pb2q1/1P5N/P1Q1N1B1/7K b - - 4 34	g4e2 c2e2 h5g3 h1h2 g3e2	1799	01050r0s10191n
WbRY9	2k1r2r/pp3ppp/2p2nn1/2PpN3/P2P4/2N1P1q1/1P2Q1P1/R4K1R w - - 1 19	h1h3 g3g5 e5f7	1799	01191o
YXERL	7r/pppkn2p/2np1q2/4pPrQ/1P6/2NPP3/P1P3PP/R4RK1 w - - 3 16	c3e4 g5h5 e4f6 d7c8 f6h5	1799	0g0s1019
YieKK	1rb2r1k/1pNq2pp/pB1p1pn1/P3n3/2B1P3/4K3/1PP5/R2Q3R w - - 0 24	h1h7 h8h7 d1h5	1799	050y1315191n1o
ZT7Ap	r4rk1/1p2bpp1/n1p1pq1p/p6Q/4BB1P/6P1/PPP2P2/R2R2K1 w - - 1 20	f4e5 g7g6 e5f6 g6h5 f6e7	1799	0g10191t
a30I9	4rrk1/pp4p1/1b1p4/3q1PPp/3p1P1P/3B4/PPP1Q3/1K2R3 w - - 2 29	d3c4 e8e2 c4d5 g8h8 e1e2	1799	0g10191g
b968X	4r3/pp1k4/2nn1B2/2p5/2P2P2/3Br1P1/P2KR2P/R7 b - - 0 26	e3e2 d3e2 d6e4 d2e1 e4f6	1799	010r0s1019
c189D	rn1q1r2/ppp2ppk/7N/4b2Q/1PP1n3/P7/2P3PP/RN3RK1 w - - 0 17	h6f7 h7g8 h5h8	1799	0j0k0s13151c1o
dSBJJ	4B3/4R3/1P6/2k2p2/P5b1/7p/2K5/3r4 w - - 1 53	b6b7 d1d8 e7c7 c5b6 c7c8 b6b7 c8d8	1799	000g0p1w
eFinf	1r1r2k1/p4p2/5qpQ/3Pp3/2p1B2P/2P3R1/P4PP1/6K1 w - - 1 29	e4g6 f7g6 g3g6 f6g6 h6g6	1799	0g0p0s10
eLom7	2r5/1k2r1p1/1p2P2p/1q1p1Q1P/1R6/1KP1P3/8/R7 b - - 0 44	c8c3 b3c3 d5d4 e3d4 b5f5	1799	050g0j0p101n
h9qvF	r7/p1pqbkpQ/3p1B1p/2pb4/2N5/3B3n/PPP2PPP/R4R1K b - - 0 21	d5g2 h1g2 d7g4 g2h1 g4f3	1799	050y101316191n
hPz1E	5rk1/1R4p1/p6p/3P2r1/4Pp1q/5Pn1/PP2BQPP/2R3K1 b - - 0 30	h4h2 g1h2 g5h5 h2g1 h5h1	1799	050y101316191n
hcwAh	5rk1/2n1Q3/p5pP/3p1p2/6P1/5N2/P1P2PK1/qr6 w - - 2 38	h6h7 g8h8 e7f8 h8h7 f3g5	1799	000i0p0r101316
hjEhd	7k/n4Qp1/p1pp3p/1p4P1/3P3q/2P5/PP4P1/5K2 w - - 0 32	f7e8 h8h7 g5g6	1799	0p13151o
ikqPo	4r1k1/r2q1pp1/2pPbp1p/ppP5/1P2BP2/P3Q3/6PP/R4RK1 b - - 0 25	e6d5 e4f5 e8e3 f5d7 a7d7	1799	010j1019
jGIP2	5rk1/1p1b1ppp/4p3/1PbpPn2/5P2/1P1Q2P1/3NK1BP/rN5R b - - 6 22	d7b5 d3b5 f5d4 e2d3 d4b5	1799	01050r0s10191g1n
klEQU	8/8/5p2/4k1p1/2p1P3/4KPP1/8/8 w - - 0 47	f3f4 e5e6 e3d4	1799	0g0p1e1o
lBPC4	5k2/1n4p1/5p1p/2P2P1N/3K2PP/3n4/8/8 w - - 0 46	c5c6 b7d6 d4d3	1799	0g0p0w0z1o
ljZI4	rnbqk2r/p3bpp1/4p2p/4P3/PppP4/2P2N2/2B2PPP/RN1QK2R w KQkq - 0 13	c2e4 b8d7 e4a8	1799	011c1o1t
m4fPP	1k1r3r/ppp5/1PP2n2/P2p1n2/3Ppq2/1Q3b2/1B1R1P2/1NK2B1q w - - 0 32	b6a7 b8a7 b3b7	1799	00050j1315191g1k1o
mDIZP	7k/pp6/6P1/6K1/2p4P/8/P7/8 b - - 1 49	c4c3 g5f6 h8g8 h4h5 c3c2	1799	000g0p101e
mQqDt	r5k1/6rp/P7/8/5p2/2Qn1q1P/2N3P1/R5K1 w - - 0 48	c3g7 g8g7 g2f3	1799	01191o
nNiv9	r5k1/5p1p/rp1Bp3/2bp4/4p3/PR6/5PPP/4R1K1 w - - 2 26	b3g3 g8h8 d6e5 f7f6 e5f6	1799	0p1013161a
qmXGu	q3Qr1k/3P2pp/p4p2/2b1p3/3p4/6PP/6RK/8 w - - 2 41	e8a8 f8a8 g2c2 h8g8 c2c5 a8d8 c5c8 g8f8 c8d8	1799	010p1g1w
qyv0m	1k2r3/p1p3p1/Q2b4/1p5q/3B4/5N2/PPP2PPr/R3RK2 b - - 0 24	h2h1 f3g1 h1g1 f1g1 h5h2 g1f1 h2h1	1799	05111317191n1w
rLLhT	r4rk1/2p4p/p5pQ/3Pq3/2p1pRb1/P1N3K1/1P4P1/R7 w - - 0 26	g3g4 f8f4 h6f4 h7h5 g4g3 h5h4 g3g4	1799	010t191w
rZap4	5rk1/5p1p/4p3/p2p1p2/Q2P4/1Rr1q1P1/P5BP/1R5K b - - 1 25	c3c1 g2f1 e3e4 h1g1 c1b1	1799	0g1019
sIvm2	8/8/R1bB1p2/2P2kpp/8/6P1/P2r4/5K2 b - - 3 35	c6b5 f1e1 d2e2 e1d1 b5a6	1799	0g0p0r0s1011
sgnHb	r1bq1k1r/ppp1np2/3p1Npp/4n3/2B1P3/2Q2N2/PP3PPP/R3K2R w KQ - 2 13	f3e5 d6e5 a1d1	1799	0g191o
sto5L	8/3r4/2K1kp1p/R6P/6P1/6R1/3b4/8 b - - 0 51	d7d6 c6b7 d2a5	1799	0g0p0w1o
vWLBQ	1r1r2k1/1p2qppp/3p4/1P1Rp3/4n3/Q4N2/P4PPP/5RK1 w - - 0 22	d5e5 e7e5 f3e5	1799	01191o
wdWPJ	1r1r2k1/p1q2pbp/B1Q2np1/8/4P3/1P2BP1P/P4P2/1RR3K1 b - - 0 19	d8d1 g1g2 c7c6 c1c6 d1b1	1799	010w1019
