0PCHw	rnbq1k1r/1p4b1/3N3p/1N1Pn1pQ/1p2Pp2/3B4/PB3PPP/R3K2R b KQ - 8 19	c8g4 b2e5 g4h5 e5g7 f8g7	2300	0g101119
306BG	8/4p2p/K5p1/1p3p2/7P/2P2k2/PP3P2/8 w - - 1 31	a2a4 b5a4 c3c4 f5f4 c4c5 f3f2 c5c6	2300	0g0p1e1l1n1w
3ktlU	2rq1rk1/pb2bpp1/1p2Nn1p/8/1PP4B/P4N2/4QPPP/R3R1K1 b - - 0 19	b7f3 g2f3 f7e6 e2e6 f8f7	2300	010h0w1019
4Efjb	8/8/2P5/3Bk3/2b2p2/p7/2K5/8 w - - 0 45	d5c4 e5d6 c4d5 f4f3 d5f3 a3a2 c2b2 a2a1r b2a1	2300	080g0p0t1l1w
4H0no	r5k1/1pR2p2/p4bp1/5p2/5B2/5Q1P/Pq2r1P1/5R1K w - - 2 25	c7b7 b2a2 b7b6	2300	01191o
5216K	1n6/1P5p/1K1k4/8/7P/5p2/8/5N2 w - - 0 51	f1d2 b8d7 b6a7 d6e6 d2f3	2300	0g0h0p0z10
5RfWP	r1bq1rk1/ppp2pp1/2p2n1p/8/3P3B/3B4/PPP2PPb/RN1Q1RK1 w - - 0 11	g1h2 f6g4 d1g4 c8g4 h4d8	2300	010t101c
6Yd6F	r5k1/5bpp/2p4q/3pP3/1P6/r2BQ2P/2P3P1/2K1RR2 b - - 3 28	h6e3 e1e3 a3d3 c2d3 a8a1 c1c2 a1f1	2300	0d0g191k1n1p1w
7IGaq	1r1qkbnr/p2b1ppp/3p4/1BpP4/P3P3/1Q6/1PP2PPP/RN2K1NR b KQk - 0 10	d8a5 b1d2 b8b5	2300	011c1o
7IUyq	8/7p/1K2p1p1/1p6/1k1p4/5P2/5P1P/1B6 b - - 1 37	b4c3 b6b5 d4d3 b1d3 c3d3	2300	080g0p10
7Pz3c	4r1k1/5pp1/1R5p/pP1p2q1/Pb1N4/1Q1B2P1/5PP1/6K1 b - - 0 27	e8e1 d3f1 e1f1 g1f1 g5c1 f1e2 c1e1 e2f3 e1e4	2300	050n1318191n1w
8ABgN	k1r5/3N2p1/4pb1p/2Bp4/pR6/Pb3P1P/6P1/7K w - - 6 38	d7b6 a8b7 b6a4 b7a6 b4b3	2300	010j0k0p0r0s10
8eImK	6k1/p6p/6p1/3bp3/3p4/1P3PP1/P1r4P/2rRQ1K1 b - - 2 36	d4d3 d1c1 d3d2	2300	00010p11121n1o
8vFQx	8/5k2/2PR2p1/8/1PK5/4p2P/6P1/4r3 b - - 0 46	e1c1 c4d3 c1d1 d3e3 d1d6	2300	010p101m1p
9Ogcb	r2q1rk1/pp3pp1/2n1bn1p/1B1p4/3N3B/2N5/PPP2PPb/R2Q1RK1 w - - 0 13	g1h2 f6g4 d1g4 e6g4 h4d8	2300	0g0t1019
9pwxu	5bk1/5p1p/5pb1/1p2pN2/2p1q1P1/1nPr1N1P/1P3PB1/1Q1R2K1 w - - 0 25	f3e1 d3d1 b1e4	2300	01191o
9uOCR	8/8/pp1k2p1/2p1pp2/2P1PPpP/1P1K2P1/P7/8 w - - 0 35	e4f5 g6f5 f4e5 d6e5 d3e3	2300	0g0h0p101e
9vu28	2r1r1k1/p4p1p/2b1q1p1/2Qpb3/8/B2B4/PPP3PP/4RR1K b - - 8 20	d5d4 e1e5 e6e5 c5e5 e8e5	2300	0g10191l
AmIa3	r4rk1/p5pp/2Q5/2p2nq1/4R3/2P4P/PP3PP1/4R1K1 w - - 3 24	c6d5 g8h8 d5a8	2300	0g191o
BbUPm	rn1q1r2/p4pkp/3p2p1/2pQ1bP1/1pP4P/1P2P3/P4P2/RN2K1NR w KQ - 1 16	d5a8 d8e7 b1d2	2300	0g0h0t191o
D4pmS	3r1rk1/1p2nqpp/p3bp2/3p4/B1n5/2Q1P3/PBP1NPPP/3R1RK1 b - - 3 19	b7b5 a4b3 b5b4 c3b4 c4b2	2300	010i1019
ELWQK	1q5k/1p3Rp1/p4pQp/8/7P/2P2P1K/1P4P1/4r3 b - - 12 39	e1h1 h3g4 h1h4 g4h4 b8h2 h4g4 h2g2 g4f5 g2c2 f5e6 c2g6	2300	050g0i0p0v1n1p1w
Ecpmw	3k4/R5p1/7p/2KP1r2/8/8/8/8 w - - 11 41	c5c6 f5f2 a7a8 d8e7 d5d6 e7f7 d6d7	2300	000g0p0r1m1w
EjSZX	2q5/5p1k/6p1/P1P1rn2/2Q5/6P1/1B4K1/8 w - - 0 41	c4f7 h7h6 b2e5 c8c6 g2h2	2300	010h0p0w1011
FkjNY	r3r1k1/1p1bq1p1/p1n1pn2/3p2N1/7Q/2P1R1B1/PP3PPP/R5K1 w - - 6 21	g3d6 e7d6 e3h3 g8f8 h4h8 f6g8 h3f3 f8e7 h8g7 e7d8 g5f7 d8c7 f7d6	2300	010d0i0s191l1n1w
G2Vm9	8/8/6p1/2k4p/5Kp1/7P/5P2/8 w - - 0 51	h3h4 g4g3 f2g3 c5d4 f4g5	2300	0g0p101e1l
GZBSO	2kr4/ppN2b1p/8/n3pp2/7N/P2P3P/qPP1QP2/2KR3R b - - 0 22	a5c4 c2c3 a2a1 c1c2 a1b2	2300	101316191k
GxE6z	2k2r2/1p4pp/pQp1p3/1PPp4/7P/P5PK/1q6/4R3 w - - 1 36	b6a7 b2f6 a7a8 c8d7 a8b7 d7e8 b7c6	2300	0g0i0p1k1w
HJKNJ	6k1/pp3ppp/4p3/2Pp4/8/r3PP2/6PP/1R4K1 w - - 0 26	c5c6 a3a1 b1a1	2300	0g0p1m1o
HeQvO	6k1/1p1r2pp/p4pqP/3p4/P2P4/5PQ1/5P2/2R3K1 w - - 1 32	c1c8 g8f7 c8f8 f7f8 g3g6 h7g6 h6h7 f8f7 h7h8q	2300	000g0i0p1h1n1w
IBEGt	R6Q/1p2rk1p/8/1Pp2p2/2b5/6qP/6B1/7K w - - 0 39	a8f8 f7e6 h8f6 e6d7 g2c6 d7c7 f6e7	2300	0g0i0p0r1w
If6hB	8/5p2/4p1p1/3kP2p/p4PP1/P2K3P/8/8 b - - 0 35	h5g4 h3g4 g6g5 d3e3 g5f4 e3f4 d5d4	2300	0g0p0r1e1w
IlklA	r1b1r1k1/ppp2p1p/6p1/8/n6P/qRP1BN2/P1P1Q1P1/1K3B1R b - - 9 18	a3b3 a2b3 a4c3 b1b2 c3e2	2300	010s10191n
JKRX0	4r1k1/p6p/8/2p3p1/3b2n1/1P1PpqP1/P1P1Q1NP/4R1K1 w - - 0 28	e2f3 e3e2 g2e3 e8e3 f3d5	2300	0g0t1019
JaYRm	r3k2r/pp1b1p1p/1q2p1p1/2bp4/8/2N3Q1/PPPB1PPP/R4RK1 w kq - 0 14	c3d5 e6d5 g3e5 d7e6 e5h8	2300	010s10191n
KcnBf	8/8/R7/3pP3/3Pk3/2K1p3/PPP2rP1/8 b - - 0 39	f2f1 e5e6 e3e2	2300	000g0p1l1m1o
LFnuP	8/5kpK/6Rp/7P/4P1r1/3P4/8/8 b - - 5 45	g4g6 h5g6 f7f8 d3d4 h6h5 d4d5 h5h4 d5d6 h4h3 d6d7 f8e7 h7g7 h3h2 d7d8q e7d8 g7f7 h2h1q	2300	000g0p1h1l1m1w
LUoRX	6k1/1pp2p2/p4q2/3Pr3/2P1p3/1PB1Q3/P5P1/6K1 w - - 7 39	e3d4 e4e3 d4e5	2300	0g0p1o
LycbJ	1r4k1/p3nppp/2p1pn2/2q5/Q1P5/2N3P1/P3PPBP/1R4K1 b - - 1 19	b8b1 c3b1 f6g4 e2e3 c5f5	2300	0g1019
MuBws	4r1k1/ppp1rpbp/2qp2p1/3R4/3BPP2/2PQ2PP/PP4K1/4R3 b - - 10 22	e7e4 e1e4 c6d5	2300	0b0g191g1o
NA06e	r4rk1/1p2q1pp/p1p1b1n1/3pPB2/3P2Q1/4P1BP/PPR3PK/5R2 b - - 2 24	f8f5 f1f5 e7d7 c2f2 g6e7 f5f4 e6g4	2300	0g11191l1n1w
NJDFV	2r4r/3Q1pp1/1p3k1p/3p4/4pK2/P1P1P1P1/1Pq2PP1/1R5R b - - 1 26	c2f2 f4g4 f2e2 g4h4 g7g5 h4h3 e2h5	2300	0p13171w
NPxJI	r4rk1/ppp2pp1/2p4p/8/3PP3/2N2QPb/PPP4q/2R1KR2 w - - 4 16	f1f2 h3g4 f3g4 h2g1 f2f1	2300	011019
NYo4r	2r3k1/ppp1r1pp/3pNp2/2b1nP2/4P2Q/1P4RP/1q4P1/5R1K w - - 4 25	h4f6 e5g6 f6b2	2300	0g191g1o
NqwVF	1r4r1/3qk2p/3bp3/5Q2/3P4/5N2/P4PnP/R3R1K1 w - - 0 27	f5h7 e7f6 h7d7 g2e1 g1f1 e1f3 d7d6	2300	010i191p1w
Nw3zN	3kr3/Qp1r1p2/p1p5/P2p2qp/2RP4/8/1P2N1PP/4R1K1 b - - 0 27	g5e3 g1f1 d5c4	2300	0g0w191o
P879P	rn1qkb1r/pp3ppp/4p3/2pn4/2B3b1/N1P2N2/PP1P1PPP/R1BQK2R w KQkq - 0 7	d1a4 b8c6 c4d5 d8d5 a4g4	2300	0g0j101c
PtqED	2k4r/1pp5/p3p3/6P1/2Pn4/P2rp1B1/5RKP/5R2 w - - 0 33	f2f8 h8f8 f1f8 c8d7 g5g6	2300	0g0p10
PwUXS	r6r/2p2k1p/3p4/3PpN2/1p2P3/pP3Q2/PbP5/1KB3q1 w - - 0 37	f5d6 f7e7 f3f7 e7d6 f7e6 d6c5 e6c6 c5d4 c6c4	2300	0k0m0r1318191n1w
PzXiv	5r2/4qppk/4p2p/p2pP2Q/3Pn3/2r1BR2/P5PP/5RK1 w - - 2 23	e3h6 c3f3 h6g5 h7g8 g5e7	2300	010j0k10191n
QHyl1	1R2r3/4pp1p/p1k3p1/2ppB3/5P2/2P4P/P5P1/6K1 b - - 0 31	e8b8 e5b8 c6b7 b8e5 f7f6 e5f6 e7f6	2300	0g0p1t1w
RPlmt	4r1k1/2p2ppp/p1Pb1n2/1p3b2/3P3Q/1BP1qP2/PP4PP/R1B2N1K b - - 6 19	e3e1 h4e1 e8e1 h1g1 f5d3	2300	0g10191g
SNVOS	2rqnrk1/1b1np1bp/p1p3p1/1p4N1/3pB3/2P4P/PP1NQ1P1/R1B2RK1 w - - 0 16	e4d5 c6d5 e2e6 g8h8 f1f8 g7f8 g5f7 h8g7 f7d8	2300	0d0g0i0s111c1n1w
SSrRq	3r4/pk6/2Rp4/1Pp1p3/2P1P2p/3P1PpP/6K1/8 b - - 4 39	a7a5 c6a6 d8a8 f3f4 e5f4	2300	0g0p101l1m
SUtj6	3r1rk1/pp3ppp/2b1p3/8/4PP2/2Q3P1/q2N1R1P/2R3K1 w - - 0 26	c1a1 d8d3 c3c1 a2a1 c1a1	2300	010d10191t
Sg5fp	6k1/6p1/2r2pPp/5P2/2pp3r/P4R2/1P3K1P/2R5 w - - 2 33	c1e1 g8f8 f2g3 h4h5 h2h4	2300	0g0h0p101l1m
Ssc3z	3k3r/1p3ppb/p6p/QBq1P2P/4p1P1/2P5/PP3P2/2K4R b - - 1 23	d8e7 h1d1 a6b5	2300	0g0h0p1o
TMThL	8/pp6/2q3p1/2p1Qbkr/2p5/P1P5/1P3P1P/4R1K1 w - - 8 39	e5e3 g5g4 e3g3	2300	0p13151o1s
TfNQ8	rn1qkb1r/pp3ppp/2p1pn2/6B1/3PN3/6P1/PPP2P1P/R2QK1NR b KQkq - 2 8	d8d5 e4f6 g7f6 g5f6 d5h1	2300	0g101c1g1t
Tuivr	3rk2r/1p3ppp/p1npq3/2pRN3/2N5/3Q4/PPP2PP1/2K4R b k - 2 19	c6b4 d3g3 b4d5	2300	0g0s11191o
UTsxQ	r5k1/5ppp/p1Q5/1p6/1Pb5/5N1P/2q2PP1/3Rr1K1 w - - 0 23	f3e1 c2f2 g1f2	2300	0g1112191o
VHCZZ	8/5K1p/8/k5p1/8/7P/8/8 w - - 0 57	f7f6 a5b4 f6g5 b4c5 g5h6 c5d6 h6h7 d6e6 h7g6 e6e7 g6g7	2300	0g0h0p1e1w
VbxBQ	7R/1b2k1p1/p2R1p2/1p1N1P2/1nq1P3/4B3/PPP3B1/1K6 b - - 3 27	b7d5 d6d5 c4c2 b1a1 b4d5	2300	0g0s1019
W4433	r1bk4/pp1pnQ2/6p1/2p5/2B3P1/2NPKp1r/PPP3q1/R7 w - - 4 20	f7f8 d8c7 c3b5 c7b6 f8d8 b6a6 b5d6 b7b5 c4b5	2300	0j0k0s1318191w
WIFAn	2q2rk1/5p2/R3pQbp/3p3P/3P4/4rP2/4B1P1/4R1K1 b - - 0 28	e3e2 e1e2 c8a6	2300	0b0g11191o
WYErh	5rk1/1p5p/pP1r4/5R1Q/2qBp3/2P5/5nPP/3R3K w - - 1 31	f5f2 f8f2 d4f2 d6d1 h5d1	2300	0g101119
Xrrwz	6k1/p4ppp/3Bp3/3n4/q7/P3PN2/3Q1PPP/1r3BK1 b - - 8 26	a4a6 f3e1 a6d6	2300	0g11191g1o
ZGCAM	2r3rk/1p3p2/p1n1p2p/3pP3/3P2q1/P1P2QP1/5PK1/7R w - - 2 25	f3f6 g8g7 f6h6 h8g8 h6h8	2300	0p0r0y101316
ZRdUJ	4r3/1pp2pk1/3P2q1/p1b1N3/P4Qp1/8/1P4PK/R4R2 b - - 2 35	g4g3 f4g3 e8h8	2300	0g11191o
ZmRfV	8/4k3/1p2P3/p5K1/1P6/P7/8/8 b - - 0 48	a5b4 a3b4 e7e6 g5f4 e6d5	2300	0g0h0p10111e
aDIH5	4r3/5pkp/p2p2p1/2pP4/2n4q/P5NP/2Q2PP1/R5K1 w - - 0 24	c2a4 e8e5 a1c1 h4d4 a4c4 d4c4 c1c4	2300	010p1w
aniW6	3rr2k/5pbp/1p6/p1p1p3/2P1q3/4B2P/PP2QP1K/3R2R1 w - - 0 25	d1d8 e8d8 g1g7	2300	0g191o
axK5U	5b2/5ppk/4b2p/2nQP3/2p1NB2/2q4P/P4PP1/5RK1 b - - 2 29	c3c2 e4f6 g7f6	2300	01191o
b0tKk	8/p1r2p1p/R5p1/1p1Rrk2/1Pn5/1B4P1/5P1P/6K1 w - - 11 34	b3c2 f5g4 d5d4 g4g5 f2f4 g5h6 f4e5	2300	0g0p0s1w
b5zCz	3r4/8/2P1k3/1PK5/8/8/8/8 w - - 9 51	c6c7 d8g8 c5c6 e6e5 b5b6	2300	000g0p101m
b80kU	k6r/1b1R1Qpp/p4p2/1pq5/8/1B6/PPP2PPP/6K1 b - - 1 25	c5g5 f2f3 g5e3 g1f1 h8e8 f7e8 e3e8	2300	010p1l1w
bLdpd	r6k/3p2pp/p3p3/1p2Pp1Q/4bP1K/4B3/P5qP/R5R1 b - - 1 21	g7g5 h5g5 g2h2	2300	1315191o
bW7g4	5rk1/2p4p/1p1p4/p1nP3p/4P1b1/2N1K1N1/PPP2r2/R5R1 w - - 3 23	g3h5 f8f3 e3d4 g8f7 g1g4	2300	0110191g
bZCGQ	5k2/3n2pp/4B3/8/2pN1P2/2Pb3P/qr4PK/2Q3R1 b - - 2 34	d3e4 c1f1 b2f2 f1f2 a2f2	2300	0g1019
boYfH	4r1k1/4P2p/p5p1/1p6/1Bb5/P2p2P1/2n3BP/4R1K1 w - - 1 32	g2c6 c2b4 c6e8	2300	010p1o
drnYA	4k2r/pp1n1ppp/3Bpn2/q2p1b2/3PP3/8/PPrN1PPP/R2QKB1R b KQk - 0 12	c2d2 d1d2 a5d2 e1d2 f6e4 d2e3 e4d6	2300	050g0s191w
eG2j4	6k1/p3r1pp/RrR1p3/1p1pP3/8/1P1B4/1P3bPP/7K w - - 6 27	c6c8 g8f7 a6a1 g7g6 a1f1 f7g7 f1f2	2300	010p1g1w
ekTHn	8/3k1p2/p2Pp2p/1p4p1/1P2q1P1/P3r3/1Q4P1/3R2K1 w - - 0 35	b2c1 e3e1 d1e1	2300	0g0p1o
exali	r2q1rk1/p3R3/5pp1/2p5/3p4/P4b2/1P3PPP/R3Q1K1 w - - 0 21	e1e6 g8h8 g2f3 d8c8 e7d7 c8d7 e6d7	2300	010w191w
fRnHv	6k1/2R4p/p1Q2r2/4Pbp1/3P1p2/2p4P/6PK/4q3 w - - 0 32	c6d5 f5e6 d5d8 f6f8 d8g5 g8h8 g5g7	2300	0p0s13171p1w
fdmi4	r1bq1rk1/ppp2Npp/8/3np3/2P5/2N1P3/PPP3PP/R2QK2R b KQ - 0 11	d8h4 g2g3 d5c3 g3h4 c3d1	2300	0g1019
gKy7i	r2q1rk1/pp3pB1/2p1bn2/4R3/7Q/3P4/PPP2KPP/RN6 b - - 0 16	f6g4 f2g3 d8h4 g3h4 g8g7	2300	0g0j0s1019
hmfNi	r1bq1rk1/ppp2N1p/2n1p1pb/3nP3/3PN3/P3B3/1P3PPP/R2QKB1R b KQ - 0 12	f8f7 e3h6 d8h4 d1d3 h4h6	2300	010s101c
j0O3J	r2r2k1/4bp1p/p1q1p1p1/1p5Q/2p2P2/1P1P2R1/PBP3PP/R5K1 w - - 0 20	h5h7 g8h7 g3h3 e7h4 h3h4 h7g8 h4h8	2300	050y111317191d1n1w
j2aND	3rrnk1/pp2bp2/2p3pp/8/1q2BQ2/1P2P1P1/PB3P1P/2RR2K1 b - - 1 22	d8d1 c1d1 e7g5	2300	0g11191o
japr9	1k1r4/1pp5/3q4/Rp1Pp1p1/7p/P2Q2bP/6P1/6BK w - - 0 31	g1a7 b8c8 a7c5	2300	0g0p1o
jcvkD	6k1/ppR3b1/3p3p/3Pp1r1/2K5/5q2/PPPQ1P2/4R3 b - - 4 32	g5g4 c4b5 g4d4 d2d4 e5d4	2300	0g0p10
kYFa9	3r1rk1/p1p2p1p/1pb1p1p1/3q4/5P2/P2BQP2/1P4PP/2RR2K1 w - - 1 22	d3e2 d5a5 c1c6 d8d1 e2d1	2300	0g10191l
l2mhw	5rqk/pR5p/3p4/3pn2Q/2P1r3/1P6/P5PP/5RK1 w - - 1 25	f1f8 e4e1 f8f1	2300	0g191g1o
lpATe	1r6/pp3rk1/6pp/4p3/4B1Q1/4q1PK/4P2P/1R6 w - - 3 31	g4g6 g7h8 g6f7 e3e4 f7f6	2300	0g0i0p10
lxtLo	8/8/p1r2kp1/2P2p1p/P2Kp3/6P1/1R5P/8 w - - 3 46	b2b6 c6e6 c5c6 e4e3 c6c7 e6b6 c7c8q	2300	000g0p1h1m1w
miuVW	3k1r2/p2q2p1/Qp1Np2p/3nP3/3P1p1P/B5P1/P4P2/6K1 w - - 2 33	d6b7 d8e8 a6a7	2300	0g0p0v111o
ngkfn	8/7p/1R6/2p3pk/3p2q1/8/2p1r1P1/5QK1 w - - 0 44	f1f7 h5h4 b6h6 h4g3 h6h3 g4h3 f7f3 g3h4 f3h3	2300	0p0s13181n1w
nqRtl	6k1/p4p1p/1p2b3/2pr1p2/5Q2/3BR3/PqP2PPP/6K1 w - - 0 28	f4b8 g8g7 e3g3 g7f6 b8h8 f6e7 h8b2	2300	0g0p111p1w
oOVJU	r1bq1rk1/pp3pp1/3b3B/4NP2/2nPp3/6Q1/PP4PP/RN3RK1 b - - 0 15	d6e5 d4e5 d8b6 f1f2 b6h6	2300	010s1019
oQflN	5k2/1p1R1r2/n1p2N1p/p3B3/2P3p1/q7/5PP1/5BK1 w - - 5 32	d7d8 f8e7 d8e8	2300	1315191f1o
ogqaE	r2qk2r/p1p1b1pp/2p5/5p1b/Q2P4/2P2p1P/PP3PP1/R1B1R1K1 w kq - 0 15	c1g5 e8g8 g5e7	2300	01191g1o
piCL2	r4rk1/ppp2ppp/1b1p4/3P4/1PB2n1q/P4P2/1B1Q1P1P/R3R2K w - - 3 17	e1e4 h4f2 d2f2	2300	01191o
qDsFP	2kr3r/ppp2p2/6pp/4P1q1/2bP4/P1P2Q2/3N1P1P/2R1K2R w K - 2 20	h2h4 g5e7 d2c4	2300	0g0i191o
qJO7R	6k1/1p1q1ppp/r7/n1Q5/P1p5/3p4/5PPP/4R1K1 w - - 5 29	c5c7 g7g6 c7d7	2300	0g0p1o
rG2re	r1b4r/pp2kpNp/1q2pnp1/3pQ3/8/1P6/P1PB1PPP/4KB1R w K - 1 14	d2g5 b6b4 e1d1	2300	0g0h191o
s9b8B	3r4/R1Qbq1k1/2p3p1/1p1p4/1P1P1KP1/4P2B/5P2/8 b - - 0 39	e7h4 f4f3 h4h3	2300	010p1o
smcrP	r4k2/4Nppp/5q2/P1p5/2bp2Q1/8/5PPP/4R1K1 w - - 1 29	g4e4 a8d8 e4h7 c4e6 e7c6	2300	0g0p10
tE1pc	8/8/8/4k2p/4p2P/6P1/4K3/8 b - - 3 65	e5d4 g3g4 h5g4 h4h5 d4e5	2300	0g0h0p101e1z
tVw4a	r4r1k/pR3bpp/2p5/4Q3/2qPp3/b3B3/P4PPP/1R4K1 w - - 2 23	e3h6 f8g8 b7b8 a3f8 b8a8	2300	010v10191g
tdVOe	r3k2r/pp2nppp/1q2p3/3pPb2/1b1n4/5N2/PP1BBPPP/RN1Q1RK1 w kq - 0 11	f3d4 b6d4 d1a4 e7c6 e2b5 e8g8 b5c6 b7c6 a4b4	2300	01191g1w
tm0CD	r1b5/pp2Q3/1k2p3/3pP3/P2b1P2/6PB/2q5/4R2K w - - 1 29	e7b4 b6c7 b4d6	2300	0n0s1315191o
tm4c9	6k1/ppp2ppp/2qr4/8/5n2/2N2N2/PPP2P1P/3RQ1K1 b - - 1 20	d6g6 g1f1 g6g1 f1g1 c6g6 f3g5 g6g5 g1f1 g5g2	2300	050y1318191n1w
uWk2r	6k1/8/5P1K/6P1/1p6/1P1r4/3p4/3R4 b - - 2 58	g8f7 h6h5 d3d4 g5g6 f7f6	2300	0g0p101l1m1z
vHTC6	r2r2k1/1b3pbp/p1ppqnpB/1p2p1N1/1P2P3/2NP4/1PPQ1PPP/R3R1K1 b - - 8 17	g7h6 g5e6 h6d2 e6d8 a8d8	2300	0g0t1019
wvJ6D	r2qk2r/pppn1pp1/2n4p/4p3/2BP2b1/P1P2N2/5PPP/R1BQR1K1 w kq - 2 13	f3e5 g4d1 e5c6 e8f8 c6d8	2300	0g0j0k10191n
wwdcK	6k1/Q1b2pp1/3q3p/n2p3b/3P4/3B1N1P/P2r1PP1/2R3K1 w - - 0 22	a7a8 d6d8 a8d8 c7d8 f3d2	2300	0g1019
xPHcP	6R1/2r2p2/8/p2BP2n/P1PP3k/4K1pp/8/8 w - - 6 54	d5f3 f7f5 g8h8	2300	0g0p111o
zyTH1	8/5p2/pp2p3/4Pk1p/P1P2P2/6K1/8/8 w - - 1 63	a4a5 h5h4 g3f3 b6a5 c4c5 h4h3 c5c6 h3h2 f3g2 a5a4 c6c7 h2h1q g2h1	2300	000g0h0p1e1l1w
0Bae3	2r2r2/pp4bk/6R1/q2p3B/3Pp2P/1Q2P3/PP3P2/R4K2 b - - 0 23	a5d2 g6g2 c8c2 b3c2 d2c2	2301	0g1019
0usYl	4rrk1/ppp2ppp/2nb1q2/3Q4/4n3/4BB1P/PPP2PP1/RN3RK1 w - - 1 13	f3e4 c6b4 d5f5 f6f5 e4f5	2301	0g1019
1oUyx	3r1b1r/1Qpkqp2/3p3p/3n2p1/1n6/2P2NB1/1P3PPP/1K1R1B1R b - - 0 17	e7e4 f1d3 d5c3 b2c3 e4b7	2301	0g0j10191k
1wHAv	r2q2k1/pbp3p1/1p1pp1rp/5B2/1P1P4/1Q2P3/PP1N1PPP/R4RK1 b - - 0 16	g6g2 g1h1 g2g1 h1g1 d8g5 f5g4 g5g4	2301	050k0m0s1317191n1w
2GCBD	1k2r1qr/pb4p1/1p1p3p/1P1Nn3/2Q1P3/5P2/P1P3PP/R2R2K1 w - - 1 26	c4c7 b8a8 d5b6 a7b6 d1d4 e5c4 d4c4 g8c4 c7c4	2301	0g191k1n1w
2Ssa9	5r1k/3B4/p3R2p/1p3p2/3P4/P1P3pq/2Q2P2/4R1K1 b - - 0 27	g3f2 g1f2 h3h2 f2f1 h2c2	2301	0001050p101p
3K9Iq	8/5pkp/p1q3p1/3p1P2/1PrbR3/8/P2BQ1PP/5K2 w - - 0 33	e4d4 c4d4 e2e5 c6f6 d2h6 g7h6 e5f6	2301	0d0g0i0p0s111n1w
4IfJr	r1b2rk1/pp3pp1/2p4p/7Q/4B3/3P4/q1P2RPP/5R1K w - - 0 19	c2c4 a2f2 f1f2	2301	0g191l1o
4RHVX	2rr2k1/1b3ppp/pq2p3/1p6/1b4N1/1P6/PB2QPPP/1R2R1K1 w - - 1 23	e2e5 b4f8 g4h6 g8h8 h6f7	2301	0g0i0y1019
50sNC	r3k2r/pp1bppbp/1qN3p1/1BnQ4/8/2NP3P/PPP2PP1/R1B1K2R b KQkq - 0 12	b7c6 d5f3 g7c3 b2c3 b6b5	2301	010s1019
68n1v	4k2r/3p1p1p/r5pQ/8/4P3/2qP4/P3KP1P/1R5R b k - 1 21	a6a2 e2f3 c3f6 h6f4 a2f2 f3f2 f6f4	2301	050g0i0p1w
9JROk	5rk1/1R4p1/p5r1/3Pp3/4Pp1q/5P1p/PP3R1P/5Q1K b - - 0 28	f8c8 f2d2 g6g2 d2g2 h3g2 f1g2 c8c1 g2g1 c1g1	2301	000g0p1l1w
9KUj7	8/8/8/6Rp/3p4/P3k1P1/1P3r1P/2K5 b - - 0 50	f2f1 c1c2 d4d3 c2c3 f1c1	2301	0g0p101m
9cHoX	8/6p1/3r1r1p/6k1/6P1/7P/2Q3K1/8 w - - 4 39	g2g3 f6f7 c2c5 g5g6 c5d6	2301	0g0p0s101j
9sF6X	r5n1/p2pkp2/4p2p/2p5/3Q4/1P6/P1KN2q1/5R2 w - - 0 24	d4c5 e7d8 f1g1 a8c8 c5c8 d8c8 g1g2	2301	010p1w
ALiEB	2k5/3n4/5p2/3R2P1/8/1P6/PKN1p3/7r b - - 0 45	h1d1 d5a5 d1d2	2301	0g0p111o
AbMxg	r3r1k1/pp1q3p/4n1pQ/2p3P1/P1B3n1/1P6/1B1P3P/5RK1 w - - 0 25	f1f8 e8f8 c4e6 d7f7 h6g7	2301	0i0y101316191g1n
AyNaC	1k2r3/1Pq2np1/Q3p3/p3np2/P2P4/B6r/5P1N/R4RK1 b - - 2 25	e5f3 h2f3 h3g3 g1h1 e8h8 f3h2 g3g1 h1g1 c7h2	2301	050j0y1318191n1w
BHTlC	3qr1k1/3p1ppp/br3n2/pN3Q2/P3PB2/8/1Pp2PPP/R4RK1 w - - 2 20	f4c7 b6b5 a4b5 d8c7 b5a6	2301	0g0s1019
Cdqk1	8/1b4k1/4p2p/pB1pPp1K/3B1P2/4P2P/1P6/2b5 b - - 1 34	c1d2 b5d7 b7a6	2301	01080h0p1o
ClgcB	8/8/1P1k4/P4p2/2K2P1p/7P/5b2/8 w - - 2 50	c4b5 d6d7 a5a6 d7c8 b5c6 f2b6 c6b6	2301	080g0p1w
Cp6nD	8/8/5pkp/4Q1p1/2p3PP/2P3K1/6P1/8 b - - 0 43	g5h4 g3h4 f6e5	2301	0g0p0w1i1o
CxVG1	8/2p1kq2/1p5p/1P1Qp3/2P3p1/4P1P1/5PKP/8 b - - 5 40	f7d5 c4d5 e5e4	2301	0g0h0p1i1o
DFmOe	r1bqk3/ppp2p1p/2np2r1/8/1bB1PB2/1Q3N2/P2N1P1P/R4K1R b q - 1 12	d8f6 c4f7 f6f7 b3f7 e8f7	2301	010s1019
DYbqx	8/R2R2pk/3p3p/8/3q4/5p1P/5PPK/8 w - - 0 31	d7g7 d4g7 a7g7 h7g7 g2g4	2301	0g0h0p101j
E0BAw	1r2q2r/p1R1pkbp/3pNnp1/p7/4PB2/1Q6/P4PPP/5bK1 w - - 0 28	e6d8 f7f8 b3b8	2301	010k0m0v191o
E6UBs	1q3r1k/1r3p1p/2p2Pp1/p1PpP1Q1/8/P4R2/1B4PP/1b4K1 w - - 2 28	g5h6 f8g8 h6h7 h8h7 f3h3	2301	050y101316191n
EBwv3	r1b2rk1/2p2pp1/p2bp2p/1p1Pq2N/2n5/1BP5/PP3PPP/R1BQ1RK1 w - - 5 18	c1f4 e5f5 b3c2 c4b2 d1e2 f5h5 e2h5	2301	011c1w
ECZzL	8/1p6/p1p1kp2/Pr5p/1PRP1K1P/5P2/8/8 b - - 6 43	e6d5 c4c5 d5d4	2301	010p11121m1o
ELVLH	r6q/1pp1n3/p1k5/2p1p1Q1/4PpPr/2BP2P1/PPP2P2/R4RK1 b - - 0 20	h4h1 g1g2 h8h3 g2f3 h1f1 g5f6 c6d7	2301	0g0i0y191w
Fx1aC	r3kbnr/pp2pp1p/1n4p1/1N1Pqb2/Q1B5/4B3/P3KPPP/6NR w kq - 4 15	b5d6 e8d8 a4e8 d8c7 d6b5	2301	0k0m0s10131619
G8xQS	5rk1/6b1/p4n2/1p4p1/3Pq3/NP3Q1P/P5P1/5RBK b - - 3 31	f6h5 f3e4 h5g3 h1h2 g3f1 h2h1 f1g3	2301	0g0s191l1n1w
GoJhm	2r1k1r1/p2nqp2/4pB2/1B5p/P7/5b2/1PPQ1PP1/R3R1K1 b - - 6 24	g8g2 g1f1 g2h2 b5d7 e7d7 d2d7 e8d7	2301	0g191w
Ihbhz	2kr3r/pp3p2/1qPb3p/5p1P/5N2/5P2/PPPQ4/2KR3R b - - 0 22	d6e5 f4d3 e5b2 d3b2 d8d2	2301	0g10191k
JPg5H	8/2PB4/5R2/8/b3Pp1P/4k3/2r5/3K4 b - - 0 61	c2c6 d1e1 c6c1	2301	0j0k0p13151o
JdpEo	4rk2/1b2q3/2p3pp/1p2rp2/7P/P1Q5/1PB2RP1/4R1K1 w - - 2 33	f2e2 e5e2 c3h8 f8f7 c2b3	2301	010r10191n
Jwqm0	8/8/5k2/3p1ppp/3Pp3/4P1PP/4KP2/8 w - - 1 47	e2d2 f6e6 d2c3 e6d7 c3b4 d7c6 b4a5	2301	0g0h0p1e1w
Ky1Et	2k1r3/p2r1ppp/8/1pb1P3/3N1B2/8/P1P2PbP/R2R2K1 w - - 0 24	d4b3 d7d1 a1d1 g2a8 b3c5	2301	01101119
LHMlA	2r2rk1/pp1q1ppp/4p3/3pB3/3P4/1P1R1Q2/n4PPP/5RK1 w - - 0 24	f3f6 g7f6 d3g3 g8h8 e5f6	2301	0d0w0y101316191a1n
LS4zL	r4r2/pqpn1p2/1p1ppkp1/6N1/2PP3Q/6P1/PP2PP1P/R4bK1 w - - 0 18	g5e6 f6e6 d4d5 b7d5 c4d5	2301	050g0j0k10191n
Lgv1y	r2q1rk1/ppp2ppp/7b/4P3/3n2b1/2NB1N2/PP2QPPP/3R1RK1 w - - 5 15	e2e4 d4f3 g2f3 g4f5 e4f5	2301	011019
LvQsT	r6k/7p/p2RP2P/5p2/8/4p1r1/1P6/1K1R4 w - - 0 32	d6d8 g3g8 d8a8 g8a8 e6e7 a8e8 d1d8 h8g8 d8e8	2301	000g0p1g1m1w
M1O1B	1k1r3r/pp2Q3/1q1p4/1B2pP2/8/2P3R1/PP5P/3R3K b - - 0 27	h8h2 h1h2 b6f2 h2h3 d8h8 e7h4 f2f5 g3g4 f5f3	2301	0105191g1n1w
Mc4Lu	r4k2/1pp3pp/p2p4/4qb2/2B4P/8/PPP3P1/1K1R1R2 w - - 2 20	d1d5 e5h2 d5f5	2301	010p1o1p
NXMLT	5rk1/p4p1p/4p1pQ/3p4/1p1q1N2/1P3RKP/P5P1/2r5 w - - 0 29	h6f8 g8f8 f4e6 f8e7 e6d4	2301	01050p101g1n
OcFyI	r3kbnr/1p3pp1/p2p1q2/2p1p2p/2PnP1P1/3P1N2/PPBN1PP1/R1BQ1RK1 b kq - 0 12	h5g4 f1e1 f6h6	2301	0g191o
PZspQ	r2q2k1/ppp2ppB/1b2r3/nP6/6bP/2N2NPn/PBPP1PK1/R2Q1R2 b - - 0 18	g8h7 f3g5 d8g5 h4g5 g4d1	2301	010t1019
PaVOS	3k3r/1b2bQpp/pN1p4/1pn5/3p3q/N2B4/PPP2PPP/2KR3R b - - 2 18	h4h6 c1b1 h8f8 f7f8 e7f8	2301	0110191t
QvoJC	8/3q2p1/2R1R3/p2p1k1p/Pp5P/6P1/1P3PK1/8 b - - 0 37	d7e6 c6e6 f5e6 g2f1 e6e5 f1e2 e5d4	2301	0g0h0p1j1w
RbUS3	r4r2/pp2qpkB/1b4p1/3p4/3p2P1/2P2n1Q/PP1B3P/5R1K w - - 0 24	h3h6 g7f6 d2g5 f6e6 g5e7	2301	0g10191g1p
Rpp4N	1rbqrnk1/5pbp/p1p1p1p1/2P5/3NNP2/6PB/PB2Q2P/RR4K1 b - - 0 23	b8b2 b1b2 d8d4	2301	010b0w191o
S3r3z	2kr3r/1q2b1Q1/p1p1P1p1/3p1p2/PP5p/3P3P/6PB/R4RK1 b - - 4 26	e7c5 b4c5 b7g7 a1b1 g7a7	2301	010j1019
TiaDg	5rk1/1b4pp/2p1p3/p1pp2P1/P1P2qN1/1P1PQ2P/8/4R1K1 w - - 0 30	g4f6 f8f6 g5f6 f4e3 e1e3	2301	0g0p10
U6F4v	4r3/ppp3k1/3p1qn1/2bPpbQ1/7R/2P2N2/PP3PP1/R5K1 w - - 6 25	h4h7 g7h7 g5f6 e8f8 f6g5	2301	010i1019
UEIBB	5rk1/1Qp3pp/1p6/p3p3/2P4q/8/PP1PK1PP/R1BR4 b - - 0 22	f8f2 e2d3 h4d4 d3c2 d4c4 c2b1 c4d3	2301	0p13171w
VHzrN	r1bq1rk1/1p2np1n/p2p3Q/2pPp1pP/2P1P1P1/2NB1PN1/PP6/R3K2R b KQ - 1 17	g8h8 g3f5 c8f5 e4f5 e7g8	2301	011019
VjV8c	b2r2k1/2R3p1/p3p2p/1p3p2/4PQ2/1P3P1P/q5P1/6K1 w - - 0 34	f4e5 d8d1 g1h2 a2a1 e5e6	2301	0g0p10
VmkgN	r2qr2k/2p1n1b1/pp1p3p/3Np1p1/1PP5/4P1P1/P1Q2PP1/3R2KR w - - 0 28	d5f6 e7f5 f6e8	2301	01191o
WM7cg	7r/p7/2pnq1k1/5pp1/2PP2P1/5P2/P1QBNKRr/8 w - - 3 29	e2f4 g5f4 g4f5 g6f6 f5e6 h2g2 f2g2	2301	0g0k0m0s191n1w
WYLcQ	2b2rk1/p4pp1/3bp2p/3pN3/3Qn3/4BN2/Prq2PPP/R3R1K1 w - - 0 19	a1c1 d6c5 c1c2 c5d4 f3d4 b2c2 d4c2	2301	01191t1w
XFl83	r1br2k1/pp3p2/2p3pp/8/8/1Bb1BP1P/P1P2P1K/R5R1 w - - 0 20	g1g6 g8f8 e3c5 f8e8 g6g8 e8d7 a1d1	2301	0g0y191g1p1w
Xev2t	r1b2k1r/pppp2pp/8/4nPNQ/2n1PB2/8/P1q3PP/3R2K1 w - - 0 20	g5e6 d7e6 d1d8 f8e7 f4g5	2301	101316191n
Ynjrs	2rb1k2/P4ppp/4p3/3pN3/3B4/2P5/5PPP/6K1 w - - 1 31	e5d7 f8g8 d7b8 d8c7 a7a8q	2301	00010p101h1l
Z1sgW	3r1rk1/p4qBp/1p2p3/8/b1P3Q1/P3P3/3R1PPP/3R2K1 b - - 0 30	a4d1 g7f8 d1g4	2301	01191o
Z7CXE	4r1k1/4q3/Q4pp1/2p5/1pPb4/1P5R/P5PP/5R1K b - - 2 37	e7e1 h3f3 d4f2 f3f2 e1f2 f1g1 e8e1	2301	0d0g0p1l1w
clhEz	8/1rRq1k1p/3PNnpb/p7/8/p7/P4PPP/4R1K1 w - - 2 28	c7b7 d7b7 e6d8 f7g8 d8b7	2301	050g0s10191g
f5TZf	3r1k2/1p2nr2/p2q3p/3NRpp1/2pQ1p2/5P2/PPP2P2/3R1NK1 b - - 0 25	e7c6 e5e8 f8e8	2301	0g0s191o
fBpHu	2k3r1/p2n1prp/2p1pp2/2P5/3q4/P5PP/4QP1K/R4R2 w - - 0 25	e2a6 c8d8 a1d1 d4c5 a6b7	2301	011019
fEfvE	1r3rk1/ppp1q1pp/2n1bb2/1Q2Np2/2P5/1P2P1P1/PB3PBP/R2R2K1 b - - 0 16	f6e5 b2e5 a7a6	2301	011112191o
glmlE	r5k1/p4pp1/2p5/q2p1b2/1pNr4/4P1B1/PPQ2PPP/K1R4R b - - 0 22	d5c4 c2f5 a5f5	2301	0111191o
htE7k	8/8/8/2pk4/8/1KP5/R2r4/8 b - - 0 52	c5c4 b3a3 d2a2 a3a2 d5e4 a2a3 e4e3	2301	0g0h0p1m1w
iNSSe	8/8/1p3kPN/p1b1p2P/P1P2p1P/r7/2R3K1/8 b - - 0 48	a3g3 g2h2 c5g1 h2h1 f4f3	2301	0g0p0r10
jfrQQ	8/2R5/p1p3k1/3p4/P2P1n1p/8/1PP5/2K5 b - - 1 39	h4h3 c7e7 h3h2 e7e1 f4e2 e1e2 h2h1q	2301	000g0i0p1h1w
k5oIP	r2q1rk1/1b1nbppp/p3p3/1p1n2B1/3P4/2NB1N2/PP2QPPP/3RR1K1 w - - 12 14	e2e4 d7f6 g5f6 d5f6 e4b7	2301	0g1019
kFHdc	3r1rk1/p1n2pqp/1p6/2pB2p1/2P1Q3/PP2P1P1/7P/3R1RK1 w - - 2 26	f1f7 g7f7 d5f7	2301	0g0y191o
kHMM9	3r2k1/pP4pp/4p3/1P6/4p1q1/P3PpP1/1R3P1P/2Q3K1 b - - 0 27	g4h3 c1f1 h3f1 g1f1 d8d1	2301	050p101316
lUNHp	8/1p3k2/p3N3/3pP2P/1P3K2/n7/8/8 b - - 0 62	f7e6 h5h6 a3c4 h6h7 c4e5	2301	0g0p0t0z10
m37a7	2rr1k2/5ppQ/4b2p/p1q4P/1pp5/6P1/PP3P2/1B1RR1K1 w - - 4 34	h7h8 f8e7 e1e6 e7e6 d1d8 c8d8 h8d8	2301	0g0i11191w
mAeMp	2r1k3/p4pB1/4p1p1/3n2Q1/8/q6r/P4P2/1K1RR3 w - - 3 34	g5d5 c8c1 d1c1 a3d3 d5d3	2301	0g10191g
mHUle	r1b2bnr/ppNk1ppp/2N5/3pp3/1q3B2/4P3/P1PQ1PPP/R3KB1R b KQ - 0 10	b4d2 e1d2 e5f4	2301	011c1o
mJQoL	4r1k1/pp3ppp/4q1b1/b2pn1B1/3P2P1/2P4P/PP3P2/R2QR1K1 b - - 0 19	e5f3 d1f3 e6e1 a1e1 e8e1 g1h2 a5c7 g5f4 g6e4	2301	0g0i0j0y191n1w
n6Iak	7k/p3n3/1rp2qp1/Q2p1r1p/3P3b/2P2R1P/PP2B1P1/R1B3K1 b - - 0 27	f6e6 f3e3 h4f2 g1h1 f2e3	2301	0g0s1019
nqJQk	3r1rk1/4b1pp/2Q5/1p5q/4NPp1/1R2P3/1B4RP/7K b - - 0 27	d8d1 g2g1 g4g3 e4g3 d1g1 h1g1 h5d1 g1f2 d1b3	2301	01050s191g1w
oCQjN	r4rk1/1p3pbp/p2qb1p1/2pN4/2P5/3B2P1/PP1Q2P1/2KR3R w - - 2 20	d3g6 h7g6 d5f6 g7f6 d2d6	2301	010j0y10191n
oLFN2	6k1/5pp1/p1b5/P4P2/1Bp1p1P1/2PR2KP/8/8 b - - 0 48	c4d3 g3f2 d3d2 f2e2 e4e3	2301	000g0p10
ojELQ	4rk2/pp3pp1/6p1/8/1b1r4/1B2BP1q/PP3QR1/R4K2 b - - 1 31	e8e3 f2e3 d4d2 e3d2 b4d2	2301	0g10191g1n
oxWTS	6r1/p4p2/6p1/5k1p/6nq/1PQ5/P4PP1/4R1K1 w - - 6 42	c3c5 f5f6 c5e7 f6g7 e7h4	2301	0g0p101p
pZjtO	5r1k/1p2q1np/p3B1R1/2rp4/3QpP2/8/PPP4P/1K4R1 b - - 0 26	h7g6 g1g6 h8h7 g6g7 e7g7	2301	0g101119
q5tyJ	r2r4/p1p1kppp/2Q5/2P5/3Pp1n1/4P3/PB3Pqb/2KR1N1R w - - 3 17	h1h2 g4h2 c6c7	2301	0b0g191o
ryT9W	2r2rk1/pp3ppp/1qb1pb2/8/4n3/1P1BPN2/PB3PPP/1QR2RK1 w - - 4 18	c1c6 b6c6 d3e4 c6e4 b1e4	2301	0g1019
s6KeH	1rb1k2r/2p1qpp1/p6p/1pb1P3/2p2Pn1/2N1B1P1/PP2Q1BP/R2R2K1 w k - 3 19	g2c6 e8f8 d1d8 e7d8 e3c5	2301	0g0i1011191n
sK5xj	3r4/ppp1kB1p/4P1p1/8/1Pr4P/P2R1Pb1/4K3/7R w - - 3 30	d3d8 e7d8 e6e7 d8e7 f7c4	2301	00050g0j0p0r10
sjcs8	8/5k2/5pp1/5P1p/3K2P1/7P/8/8 w - - 1 42	d4d5 g6f5 g4f5 f7e7 d5c6	2301	0g0h0p10111e
t1EtT	8/1Q2B1pp/4p1q1/R3bk2/5p1P/2Pr4/PP3PP1/6K1 b - - 8 30	d3d1 g1h2 g6g3 f2g3 f4g3 h2h3 d1h1	2301	0p13171n1w
tCDMh	6rk/p1q2p1p/8/2Q1bP1n/4N3/3R2PP/PPP4K/5B2 b - - 0 27	h5g3 c5c7 g3f1 h2h1 e5c7	2301	010k0m10191n
xHh6i	2r2rk1/pp2bpp1/4p2p/Pb2N3/1B2B3/8/1R3PPP/4K2R b K - 0 24	c8c1 e1d2 e7g5 f2f4 g5f4	2301	10131619
xqCGA	8/5pk1/4p1p1/p6p/4N2P/1P1Q2P1/P4PK1/b1q5 w - - 9 38	d3d7 c1b2 e4d6	2301	0g0p111o
ybTd5	6k1/4P1p1/pq5p/1p1P4/2p1Qr1P/1P6/P4rP1/R3R2K b - - 0 32	f2f1 e1f1 f4e4	2301	0g0p1o
yk1VG	r5k1/2p2p2/p3q1p1/8/1p1B1Q2/6PP/5P1K/8 w - - 0 32	f4h6 f7f6 h6g6 g8f8 d4c5	2301	0g0p0v10
zgQzM	4r1k1/2R2p2/6pp/3Q4/2B5/2b4P/5PP1/q1B3K1 b - - 0 32	a1c1 g1h2 c1f4 g2g3 f4c7	2301	0g0s0t1019
1hwaT	r3r1k1/1pp2ppp/p7/3P1qn1/1P1Q4/N4PP1/P3PK1P/R2R4 b - - 2 21	e8e2 f2e2 a8e8 e2d2 g5f3 d2c1 f3d4	2302	050g0i0s191n1w
2FnU8	8/8/8/p7/1p6/1k2K3/3N4/8 b - - 3 54	b3c2 d2c4 a5a4 e3d4 a4a3	2302	0g0h0p0z101l
2dLq0	r3r1k1/pp3pp1/2p2n2/1q3N1p/5Q2/2PR2P1/6P1/5R1K w - - 2 30	f4g5 b5f5 g5f5	2302	0111191o
3hkaf	1k3r1r/R1p5/1pP5/1P1P4/3Q2p1/6P1/1P3pKP/2q2R2 b - - 1 31	h8h2 g2h2 c1h6 h2g2 h6h3	2302	050p1013161n
3k3QX	rn2kbnr/p3q1pp/1p1pQ3/8/4P3/5N2/PP3PPP/R1B1K2R w KQkq - 1 12	e6d5 g8f6 d5a8 e7e4 a8e4	2302	0g101c1g1t
46tJP	3q3k/pp2r1b1/2b2pB1/8/5B1P/6K1/PQ2N3/4R3 b - - 0 25	d8d5 e2d4 e7e1	2302	0g1112191o
5ksTr	8/8/2k4p/5pp1/2KP1P2/pp4PP/1P6/8 w - - 0 44	c4b3 g5g4 h3h4 a3a2 b3a2	2302	0g0p101e1l
6Cz0r	8/5p2/6pp/4P3/4kP1P/1K4P1/8/8 b - - 0 47	h6h5 b3b4 e4f3 b4c5 f3g3 c5d6 g3f4 d6e7 f4e5	2302	0g0p1e1l1w
6FBA6	1k5r/1N3p1p/QP2p1p1/3pq3/8/8/6PP/6K1 w - - 0 40	a6a7 b8c8 b7d6 e5d6 b6b7	2302	000g0p0r101n
6HWbt	8/p1r5/3k1R2/8/P4P1P/3p2K1/8/8 b - - 1 44	d6e7 f6f5 d3d2 f5d5 c7d7 d5d2 d7d2	2302	000g0h0p1m1w
6nwdO	8/8/2P5/4b3/7k/4PK1P/8/8 w - - 1 48	f3e4 e5c7 e4f5	2302	080g0h0p1o
7eXHr	2r1kb1r/3Nq1pp/4Q1b1/3p2p1/3P2P1/2P5/P4P1P/R4RK1 w k - 1 20	d7f8 e7e6 f8e6	2302	01191o
8nEoV	3q3r/Q1p3kp/5np1/4p3/1b6/2NP4/PrP2PPP/2R2RK1 w - - 2 17	c3d1 b4a3 a7a3	2302	01191o
8yl5Y	6rk/6p1/pQ3p1p/1p6/8/P2PR3/1P1q1PPP/2r2RK1 b - - 3 31	d2d1 h2h3 d1f1	2302	0g0p1o
90MHF	r2qr1k1/pppn1ppp/2bb4/3P4/2B5/8/PP1NQPPP/R1B2RK1 w - - 1 14	e2d1 c6d5 c4d5	2302	0g111c1l1o1t
9FaeW	3rkb1r/2p1n1pp/p1p1Qp2/4p3/4P3/2q3BP/P1P2PP1/3R1RK1 w k - 4 16	d1d8 e8d8 f1b1 c3e1 b1e1	2302	0d0g10191l
9o3Q8	5q2/pbp3k1/1b5p/4P1p1/5r2/P2B4/1PQ2PPP/3R1RK1 b - - 0 29	f4g4 d3e4 b7e4 c2e4 g4e4	2302	0g1019
9vI1n	8/8/8/1pk3pp/2p5/P1P1KP1P/8/8 w - - 1 41	e3e4 c5b6 e4f5 b6a5 f5g5 a5a4 f3f4 a4a3 f4f5 b5b4 f5f6 a3b2 f6f7	2302	000g0p1e1l1w
9vLmj	r4r2/pp4kp/2q2pp1/2b2b2/7R/1Q1p3P/PP1N1PPB/2R3K1 w - - 0 21	c1c5 c6c5 b3b7 f8f7 h4h7 g7h7 b7f7 h7h8 f7f6	2302	01050i191w
AVvPA	r2q1rk1/1p2bp1p/p1n3pB/2p1PR2/P1BpN3/2PP2Q1/1Pn3PP/6K1 w - - 1 20	h6f8 d8f8 f5f7 f8f7 c4f7	2302	010y10191g
BEY1X	5r2/1p6/8/3P2p1/8/7R/PPP2k1p/7K b - - 5 46	g5g4 h3h2 f2f1 h2g2 f8h8	2302	0g0h0p101m
BXhZk	8/8/2pK2k1/2Pb2n1/8/8/8/3R4 w - - 10 59	d1d5 c6d5 c5c6 g5e4 d6e7	2302	0g0h0p101n
C2J0A	3r2k1/p2r3p/2p3pb/5p2/8/1PBbN3/PK1R1PP1/3R4 w - - 0 27	c3a5 d8e8 d2d3 d7d3 d1d3	2302	01101119
CKaQz	r3r1k1/pp3ppp/2p5/2b1p3/1P2P1n1/2PB1N1q/P1Q2P1N/R4R1K b - - 0 18	e8e6 f1g1 g4f2 c2f2 c5f2	2302	0g0r0y10191l
CRLXw	4k3/8/p5P1/P1pPp3/1pP1K3/1n6/8/8 w - - 1 53	d5d6 b3a5 d6d7 e8d7 g6g7	2302	000g0p0r0z10111n
DArN3	1k2r3/1p1r3p/p2n2p1/5p2/8/3BPP2/nPNR1KPP/4R3 b - - 1 26	d6c4 d3c4 d7d2 e1e2 d2e2 f2e2 e8c8	2302	0g0j11191w
EJFKR	1k6/p1p5/Ppb3Q1/8/1P1pr1p1/3P2Br/2P3KP/R4R2 b - - 0 30	e4e2 g2g1 e2g2 g1h1 g2h2 h1g1 h2g2	2302	0k0m1317191d1w
EM4uz	6k1/1Q3p1p/P5pq/4p3/4P3/2r3P1/6R1/6K1 w - - 0 39	b7b8 h6f8 a6a7 c3c8 g2b2	2302	000g0h0p10
EWNjq	2kr3r/2p1q1p1/P3p3/p1Pp1p1p/b2Pn3/P2BPN2/5PPP/1R3RK1 w - - 2 20	a6a7 c8d7 f3e5 d7e8 b1b8	2302	000g1019
F6GPl	3r1rk1/4bpp1/pq2b2p/1p1pPp2/3n4/2N1B3/PPQN1PPP/R2R2K1 w - - 0 18	c2d3 e7c5 b2b4	2302	01191o
FDw1B	8/8/3k1p2/1p1N4/P2K1P2/n7/8/8 b - - 0 50	a3c2 d4e4 b5a4 d5c3 a4a3 e4d3 c2b4	2302	0g0p0w0z1w
FZNqh	Q7/3k4/pp1b4/2p2pB1/2p2Pb1/2P3P1/PP1Nq3/6K1 b - - 4 35	e2e3 g1h1 e3e1 h1h2 e1d2	2302	0g0p0r0s10
Fa2jl	8/2k2p2/p6p/N1p3p1/Pp3PP1/1P5P/1n2N3/6K1 b - - 0 31	c7b6 a5c4 b2c4 b3c4 b6a5 g1f2 a5a4	2302	010p0z1w
GIlTo	3r2k1/p4p1p/2p3p1/1p2r2q/P1pP4/7P/1P1Q1PPK/2R1R3 w - - 0 26	g2g4 h5g5 f2f4 e5e1 f4g5	2302	010p0s10
HIuDZ	8/5p1k/1p2p2p/4P1q1/5Q2/P5K1/1P6/8 w - - 1 36	f4g5 h6g5 a3a4 h7g6 b2b4 g6f5 a4a5	2302	0g0p1i1l1w
HOGhH	2r1r1k1/pp4qp/8/3P1ppQ/P1P5/1P1n3P/1B4P1/R3RK2 b - - 2 28	e8e1 a1e1 g7b2 h5e2 b2e2	2302	0g1019
IJwHZ	r5k1/2q2ppp/p3pn2/1p1r4/3N1Q2/2P3P1/PP1R1PP1/3R2K1 b - - 3 21	e6e5 f4f3 e5d4 d2d4 d5d8	2302	0e0g0s1019
KIVjU	2r3k1/pp4pp/3pN3/3P1Q2/4p3/4bnP1/PqP4P/5R1K w - - 2 25	e6g5 e3g5 f5c8 g8f7 c8e6 f7f8 e6e4	2302	010j191g1w
KOuPk	4r1k1/5pbp/4b1pq/8/5Qn1/P1N1P3/1P2P1BP/2R2RK1 b - - 4 22	g6g5 f4g3 g7e5 g3h3 e5h2 g1h1 g4f2	2302	0g0y191w
KQZs9	r6k/3q1rpp/p1n5/1p1bp1B1/2pP2QN/2P4R/5PPP/R5K1 w - - 0 23	h4g6 h8g8 h3h7	2302	0g0j0y191g1o
KRPAG	r7/p5k1/1b4p1/3p2Q1/3q4/P7/1P4BP/5R1K w - - 0 40	g2d5 a8f8 g5e7 g7h6 e7f8	2302	0g0i0p10
KRxe2	r2qkb1r/pp2pppp/5n2/3p2B1/3n2b1/3B1N2/PPP2PPP/RN1Q1RK1 w kq - 0 8	g5f6 d4f3 g2f3 g7f6 f3g4	2302	01101c
KecdN	8/1p1b1k2/2pPp3/p1P2p2/Nn3P2/1P3B2/1P5K/8 w - - 1 39	f3h5 f7f8 a4b6	2302	0g0p111o
MDee4	r2qk2r/p2bbpp1/2p2n1p/1B1p4/5B2/8/PPP1QPPP/R3R1K1 w kq - 0 15	f4c7 e8g8 c7d8	2302	01191o
N4FJi	r1bq2k1/5r1p/p3pbpB/3p4/PQ1p4/1P3N2/1P4PP/R4R1K w - - 4 22	f3e5 f6e5 f1f7 g8f7 a1f1 e5f6 h6g5	2302	01050j191g1n1w
NjyGc	r5k1/2qn1p1b/p2p1b1p/1pp2P2/4r1N1/P6P/BPP3P1/R2Q1R1K w - - 0 23	d1d5 e4g4 d5a8 g8g7 h3g4	2302	010s1019
NvXw6	2b2rk1/1p4pp/1p2pp2/3pN3/1bPPn3/P6P/1P2BPP1/R4K1R b - - 0 20	f6e5 a3b4 e4g3 f1e1 g3h1	2302	0110191g
OPNoq	8/1p6/3p2p1/p2P2p1/P1P2p2/1P2k2P/3b1NP1/6K1 w - - 2 39	c4c5 e3e2 c5c6 b7c6 d5c6 d2e3 c6c7	2302	000g0p1w
OVUGI	r4k2/1p2r3/p3p1R1/5q1Q/8/P4P2/1P5P/7K w - - 6 35	h5h8 f8f7 g6g7 f7f6 g7g8 e7g7 h8g7	2302	0j0k0n0p0r13171w
OW8BA	r7/8/5pRP/3p1P2/2pk2P1/1p6/3K4/1N6 b - - 0 46	a8a2 d2e1 a2a1 e1f2 a1b1	2302	0g0p101g
QGOzi	4rk2/p4ppp/8/2p2K2/2Br4/1P3P2/P1P3PP/R6R b - - 0 21	g7g6 f5f6 h7h6 c4f7 d4d6 f7e6 e8e6	2302	0p13171l1w
QJBTg	6k1/ppqr2b1/2pp3p/5b2/2P2PpB/1PN5/P2Q2PP/4R2K w - - 1 25	c3d5 c6d5 d2d5 d7f7 e1e7 c7e7 h4e7	2302	010r0s11191g1n1w
QNu6B	8/8/6p1/pp1pkp1p/3R4/1Pr1PKPP/P4P2/8 b - - 1 35	c3c2 a2a4 b5b4	2302	0g0h0p111m1o
RIUE0	4q2k/7p/3p3b/pprNrp2/8/2PR1Q2/PP4PP/5RK1 b - - 2 28	e5d5 d3d5 e8e3	2302	0111191n1o
RMJ5X	r3k1r1/1bp1qp1p/p3p3/2p1B3/8/1P1P4/P1PN1PPP/R2Q1RK1 b q - 0 16	g8g2 g1h1 g2h2 h1h2 e7h4 h2g1 h4h1	2302	050k0m0y1317191n1w
Re4JX	8/5p2/4k1p1/5P1p/4K1PP/8/8/8 b - - 0 55	g6f5 g4f5 e6d6 e4f4 f7f6	2302	0g0h0p101e1z
SI8Hw	8/1p6/p2p4/P1pP1k2/5P1p/1P4K1/2P5/8 w - - 0 45	g3h4 f5f4 c2c4 f4f5 h4h5 f5f6 h5h6	2302	0g0h0p111e1l1w1z
TdztP	8/3R1p1k/4r1n1/1p3NPp/1q5P/1P3PQK/r7/3R4 b - - 3 40	g6f4 g3f4 b4f4 d7f7 h7g6 f7g7 g6f5 g7f7 f5e5 d1e1 e5d5	2302	010h191w
Tsqqj	r2q3k/p1p1n1pp/1p2pr2/3bPpN1/2Q5/8/PPP2PPP/R3R1K1 w - - 1 18	e5f6 d5c4 g5f7 h8g8 f7d8	2302	010s10191n
UBbo8	3R2rk/5p1p/p3p1n1/1p2P3/5rp1/1P2QPKP/P2R3N/7q w - - 0 39	d2d1 g8d8 d1h1	2302	0g11191o1t
UXALH	rn1q1Nk1/ppb2ppp/2p1p3/8/6P1/7P/PPPn1PB1/R1B1QRK1 b - - 0 14	d2f3 g2f3 d8d6 e1e5 d6e5	2302	0g101c1n
UlSp0	q5r1/3Q2pk/7p/4Bp2/5P2/1PKP2P1/r1P1R3/8 b - - 14 54	g8c8 c3d4 c8d8 d7d8 a8d8	2302	010p101g
Vt3TU	3r2k1/r4ppp/4p3/1p6/p1qP4/R1P4P/1PQ2PP1/R5K1 b - - 9 29	b5b4 c2a4 a7a4	2302	0g0p1o
XAUcz	8/R7/p2r1k1p/1p4p1/1P1nR3/P4p2/5PPP/5K2 b - - 0 34	d4c6 a7a6 d6d1 e4e1 d1e1 f1e1 f3g2	2302	00010d0p1w
XR8Qa	r1b2rk1/pppp1qpp/2n5/3QP3/2B5/2N4P/PP5P/R1B3K1 w - - 0 14	d5e4 d7d5 e5d6	2302	0g0o191g1o
XmjjD	2r3k1/5p2/N3p1pp/P2pP3/1P2q3/1Q3NP1/5P1P/5K2 b - - 2 41	c8c1 f1g2 e4e2	2302	010p1o
Z70eD	3r3k/5pb1/1B2pNp1/p2bP2p/2q5/4Q2P/PR1R1PPK/2r5 b - - 4 29	c1h1 h2h1 c4f1 h1h2 f1g2	2302	05101316191n
ZMKy0	8/4k3/4q1p1/2p1p3/6QP/3P2PK/8/8 b - - 0 48	e5e4 g4e6 e7e6 h3g2 e4d3	2302	0g0p101i
ZVjDC	8/8/7p/p3PB2/6pP/1p3kP1/3KbP2/8 w - - 0 49	f5d3 b3b2 d3e2	2302	080g0p1o
ZXtDg	3r1rk1/pR4p1/2p4p/4p1q1/P1N1P3/2P1b1PP/2Q1Bn1K/5R2 w - - 4 28	h3h4 g5g6 c4e3	2302	0g191o
Zc9AZ	r2r2k1/p5pp/2pbRp2/3p4/P2P1PQ1/2N5/1qP3PP/4R1K1 w - - 2 22	e6e7 d6e7 e1e7 b2c1 c3d1 c1d1 g4d1	2302	0g191n1w
bHsTB	r3k3/2q2pp1/p3p1p1/1p1pn1Nr/5Q2/4P2P/PP4P1/R4RK1 w q - 2 21	g5e6 f7e6 f4f8 e8d7 f8a8	2302	0110191n1p
cRLQT	4r2k/1pp2pR1/p6p/4P3/3B4/2Pr1n2/PP6/6RK w - - 0 29	e5e6 f3g1 e6f7 e8f8 g7g8	2302	00010k0m0p101n
cjKHQ	2r3Rk/7P/p7/1p1p4/3p1P2/P4P2/4K3/8 b - - 0 42	c8g8 h7g8q h8g8 e2d3 a6a5 d3d4 b5b4 a3b4 a5b4	2302	0g0p1l1m1w
cvR42	r1b2rk1/ppp1qppp/8/3n4/8/5n1P/PP1QBPP1/RN2R1K1 w - - 0 14	e2f3 c8e6 d2d5 e6d5 e1e7 d5f3 g2f3	2302	011c1w
czvEp	8/5p2/1p1n2p1/1p1k2r1/1P6/2PP3K/4BP2/R7 w - - 13 36	f2f4 g5f5 e2f3 d5e6 f3g4 e6f6 g4f5	2302	0g0p1g1w
dzLfv	r4r1k/3nbppB/b3p2p/q2pP1N1/1pnP1N1P/P7/2Q2PP1/R1B2K1R w - - 0 20	g5f7 f8f7 f4g6 h8h7 g6f8 h7g8 c2h7 g8f8 h7h8	2302	0k0m0y1318191n1w
eG0r2	r3r3/1p3pkP/1q3np1/2nNb3/4P3/pP6/P1QB2B1/1K1R3R b - - 2 27	f6d5 e4d5 c5b3 c2b3 b6b3 a2b3 a3a2	2302	000g191k1n1w
epsGC	7r/pRp2pkr/3p1qp1/8/2PP4/3QP2P/P4PP1/5RK1 b - - 0 22	h7h3 g2h3 f6f3 e3e4 f3d3	2302	0g0p101n
es6Ot	3krr2/6Q1/p4R2/5P2/4p1P1/6KP/P7/1q6 w - - 6 45	f6d6 d8c8 d6c6 c8b8 g7c7 b8a8 c6a6	2302	0p0r13171w
f8rwy	r1bqk2r/1p3p2/pbpP4/6pp/2B1n3/2P3BP/PP3PP1/RN1Q1RK1 b kq - 0 15	e4g3 f1e1 e8f8 e1e7 h8h7 d1d3 g3f5	2302	01191g1l1w
fjw7u	r2q3r/pbp1bp1k/3p4/2p2N1n/4PQ2/2N5/PPP2PPP/R4RK1 w - - 4 16	f4g4 e7f6 g4h5	2302	01191o
gcl2U	5B2/3k4/p4p2/4b2p/P1K1P1p1/1P2P1P1/7P/8 b - - 1 40	e5g3 h2g3 h5h4 g3h4 g4g3 e4e5 g3g2	2302	0001080p1n1w
heg3i	8/2k5/2P5/3Pbp2/6pp/BK5P/6P1/8 b - - 1 43	f5f4 h3g4 f4f3 g2f3 h4h3	2302	080g0p101l1n
jIsPJ	2rqr1k1/p2npb1p/1p1p1ppB/n2B4/2P2N2/2P3P1/P3PP1P/1R1Q1RK1 w - - 0 18	d5f7 g8f7 f4e6 d7c5 e6d8	2302	0g0y10191t
ja1Oz	3r2k1/p5pp/4b1q1/4Qn2/2r1N3/4B3/PP3PPP/R3R1K1 b - - 14 24	c4e4 e5e4 e6d5	2302	0g191n1o
jv6Wq	8/5p2/8/4p1P1/4P2p/4K3/7P/2k5 b - - 0 54	c1c2 e3f3 c2d3 h2h3 d3d4	2302	0g0p101e
jw9Rb	8/8/p1p1K1k1/P1Pp1p1p/3P1B1P/1bP5/8/8 w - - 34 65	e6d6 b3a4 c3c4 d5c4 d4d5 c6d5 c5c6 a4c6 d6c6	2302	080g0p1n1w
k7MDz	4r2k/pb3p1p/3Q1Pp1/8/2P4q/PB5P/1PP3PK/5R2 b - - 0 27	b7g2 d6d7 g2c6 d7c6 e8e2 c6g2 e2g2	2302	010p1n1w
kbxGj	8/6pk/p1Q2q1p/4p3/1P6/P7/1KP5/8 w - - 3 47	c6f6 g7f6 a3a4 h6h5 b4b5 a6b5 a4a5	2302	0g0h0p1i1l1w
l4TRg	2rq2k1/1p1B3p/p5p1/3p4/6Q1/2b5/PP4PP/R4rK1 w - - 0 21	a1f1 d8b6 g1h1 c8f8 g4e6 b6e6 d7e6 g8g7 f1f8 g7f8 b2c3	2302	01191w
lSbOJ	r1bq1rk1/pp3pp1/7p/3Bb3/3np3/2P1N3/PP3PPP/R1BQ1RK1 b - - 0 15	d4f3 g2f3 d8h4 f3f4 e5f4	2302	0g0y10111c1n
mNgf4	r2qk2r/2pn2pp/p1n1p3/1p4b1/5B2/2N4P/PPP1Q1P1/R4RK1 w kq - 0 16	e2e6 d8e7 e6c6	2302	0g0s191o
mywWd	4r2r/2q2k2/p4P1p/1p6/2p3P1/P1P1BQ1P/8/R5K1 w - - 1 27	f3d5 e8e6 d5h5 f7g8 h5g6 g8f8 e3h6 h8h6 g6h6	2302	0g0p0r1w
nkSSI	r3r1k1/5p1p/1b4p1/p1pq1PQ1/3p4/5R2/P5PP/2BR3K w - - 3 27	f5g6 d5g5 g6f7	2302	000g0y191n1o
nt93g	rn3rk1/pp2bppp/2p1q3/3pNb2/3PnP2/2N5/PPB3PP/R1BQR1K1 w - - 8 14	g2g4 e4c3 g4f5 e6e5 e1e5 c3d1 e5e7	2302	0g1c1w
oCuID	8/5k1p/5p2/3Kp1P1/8/5PP1/8/8 w - - 1 47	g5f6 f7f6 g3g4 h7h6 d5d6 h6h5 g4h5	2302	0g0p1e1l1w
oeoxa	4r3/5prk/p2p3p/1p1B1Pp1/2pqP1PP/5Q2/PPP5/2K2R2 w - - 0 30	f5f6 g7g8 d5f7	2302	0g0p1o
ofmzD	r2q1rk1/pbpnbpp1/1p2pn1p/6B1/3PP2Q/2NB1N2/PPP3PP/R4RK1 b - - 1 11	h6g5 f3g5 f6h5 h4h5 e7g5	2302	010j10191l
orVJR	5rk1/pbp1b1p1/1p1q3p/3P4/1PP1n3/P2QP2P/5PP1/R1B2RK1 b - - 0 19	e4f2 f1f2 f8f2 g1f2 d6f6 f2e2 f6a1	2302	01050s191n1w
pAupB	1R2b1k1/r3rpp1/p7/3PqP1Q/3pP2P/3P3P/6B1/5R1K b - - 0 38	e5b8 f5f6 e7e5 h5g4 g7g6	2302	010h0t1019
pNqve	Qn4k1/2p2bpp/p4n2/8/8/2P1q3/P3B1PP/R3K2R b KQ - 0 16	e3c3 e1f2 c3d4	2302	0g0s11191o
pg0FZ	k5rr/p7/1p3Q1B/3PP1P1/2bn3p/P1q5/5P1K/3RR3 w - - 1 35	e1e3 c3c2 d1d4	2302	0g11191o
r6fu2	r1b2kr1/pN2nNpp/1p2pp2/8/1P2P3/5P2/P2K2PP/2R2B1R b - - 0 17	c8b7 c1c7 b7c6	2302	01191o
reVZY	2r1kb1r/p6p/2bp1qp1/2pQp3/2P1N3/3P1NP1/P3PP1P/1R2K2R b Kk - 1 18	f6e7 b1b8 c6d5 b8c8 e8d7	2302	0110191l
sWhNP	6k1/ppp4p/4R1p1/8/2B5/q1P1n3/Pr4PP/5R1K w - - 2 25	e6g6 g8h8 g6g8	2302	0k0m0p13151d1o
sczj5	r5k1/pppnqpb1/7p/3PN1p1/2PPrpb1/1P6/PBQ1B1PP/4RRK1 b - - 5 15	e4e2 e1e2 g4e2 c2e2 f7f6	2302	011019
sq9Bn	1r2r3/pppb2k1/2np3p/6q1/2PP1R1N/2PQ2P1/P4P1P/1R4K1 w - - 1 26	b1b5 g5f4 g3f4 e8e1 g1g2	2302	011019
tFB2a	2kr2r1/p5pp/1pP1pp2/n7/P5Q1/8/2q2PPP/R2R2K1 w - - 4 22	g4e6 c8b8 d1c1 c2d3 c6c7	2302	00011019
tU3Vk	r2q1r2/pp2bkpp/2n1bn2/2pp2B1/8/2NP2P1/PPP2PBP/R2QR1K1 w - - 4 12	g5f6 e7f6 d1h5 f7g8 e1e6	2302	010i1019
uKxQl	4r1k1/pq3pbp/6p1/1pQ5/3p1B2/P4nPP/1P2NK2/R4R2 b - - 0 24	d4d3 e2g1 g7d4 c5d4 f3d4	2302	010d0s1019
uNWpr	8/p7/1p3k2/2p5/5P2/1P4PP/6K1/8 b - - 0 52	c5c4 b3c4 a7a5 g2f3 a5a4 f3e4 a4a3	2302	0g0p1e1l1w
uQOWD	5rk1/5p1p/5R2/p2pp3/q7/1rP5/1P4PP/1R1Q3K w - - 0 25	f6b6 b3b6 d1a4	2302	010p1o
vvFFR	r3k1nr/p2nbpp1/1pp3qp/4pN2/4P3/4BN1b/PPP1BPP1/R2QR1K1 w kq - 2 16	d1d7 e8d7 f3e5 d7c7 e5g6	2302	050g0s101c1n
wuepx	8/8/8/1p6/k2K4/5P2/8/8 w - - 2 54	f3f4 b5b4 f4f5 b4b3 d4c3 a4a3 f5f6 b3b2 f6f7 b2b1q f7f8q a3a4 f8a8	2302	000g0p1e1h1l1w
xEsQH	R6Q/1b1p1pp1/pqk4p/7n/7K/P4P2/8/RB6 b - - 3 31	b6f2 h4h5 f2f3 h5h4 g7g5	2302	101316191n
xKHP8	1r4kB/1r5p/4p3/3p1pp1/5b2/3q4/R5PP/Q2R3K w - - 6 40	d1d3 b7b1 d3d1 b1a1 h8a1	2302	0g0t101119
xRyRF	8/4pp2/2K3p1/8/1k6/5P1P/7P/8 w - - 1 41	c6d7 e7e5 d7d6	2302	0g0p1e1o
xkuo1	r1b2rk1/pp2npbp/2n3p1/qBPpP3/5B2/2N2N1P/PP3PP1/R2QK2R b KQ - 4 11	d5d4 f3d4 f8d8 b5c6 e7c6	2302	0g101119
yQ8fb	r4r1k/pp2Nppp/8/3R4/1Q2n3/5qP1/PPP2P2/5K1R w - - 8 25	h1h7 h8h7 b4e4 g7g6 e4f3	2302	050g0y1019
zn503	2r4k/pb2r2p/1p4p1/2q1N3/P2Q4/1P1p3P/5PP1/5RK1 w - - 3 32	e5f7 h8g8 f7h6 g8f8 d4h8	2302	0k0m10131619
02prq	5r2/1bq4Q/p2kpr2/1p1n1pN1/5Pn1/8/PP4PP/3RRBK1 w - - 3 28	e1e6 f6e6 h7c7 d6c7 g5e6 c7d7 e6f8	2303	050g0s11191g1w
0UANF	3r2k1/r3b1pp/p2Bbp2/8/2N1P3/1P1R1P2/6PP/3R2K1 b - - 0 33	a7d7 d6e7 d7d3 d1d3 d8d3	2303	011019
10AM9	r5k1/pp3rpp/2p3p1/2PQ2B1/4pPb1/4q3/P5PP/3RR2K w - - 0 22	d5d8 f7f8 e1e3 a8d8 d1d8	2303	0g1019
1ODv9	8/8/7p/6p1/3nk1P1/6KN/5P2/8 b - - 1 45	d4e2 g3g2 e2f4 h3f4 g5f4 g2h2 e4f3 h2g1 f3g4	2303	0g0p0z1w1z
2bNri	2r5/p7/1p3k2/2p2n2/2Pb2p1/PP6/2B2PKB/4R3 b - - 1 42	f5h4 g2g3 h4f3 e1e4 d4e5 g3g4 f3h2	2303	0g0i0p1w
2kjyK	2k2r2/Qpp2p2/7p/2P2q2/1P4p1/P4PP1/4nKP1/3r1R2 w - - 0 26	f1d1 c7c6 a7a8 c8c7 a8f8	2303	0g0p101p
2nyF1	4kr2/5p1R/4pQ2/5P2/2Pp4/p7/PqP3P1/3K4 b - - 2 36	d4d3 f6b2 a3b2	2303	000g0p111o
3JhIw	2r5/p7/3R4/2p2k2/2Pb1BN1/6P1/r4PKP/8 w - - 2 40	g2f3 a2a3 g4e3	2303	0g0p1o
4MAGK	1N2kb1r/p1p2ppp/4b3/8/4P2q/8/PPPP1PPP/R1BQK2R b KQk - 0 11	e6g4 g2g3 h4h5 d1g4 h5g4	2303	0110191t
5AxNk	4r1k1/1R2Ppbp/p1p2qp1/3b4/P1p5/5NBP/4QPP1/6K1 w - - 0 26	b7b8 e8b8 g3b8	2303	0g1112191o
5ai58	8/6Kp/6p1/8/4kP1P/8/8/8 w - - 4 53	g7h7 e4f5 h7g7	2303	0g0p1e1o
5cNla	8/2B1b3/8/1kpP1p2/1p3P2/1P4K1/8/8 b - - 3 52	c5c4 d5d6 e7f6	2303	080g0h0p1o
5z9eX	5rk1/p4pp1/7p/qB1Q4/P2P4/3KPN2/1r3PPP/Rn5R b - - 2 20	b2d2 f3d2 a5d2 d3e4 b1c3 e4f3 c3d5	2303	010s11191n1w
74UQe	rn1qk2r/1b2bppp/p2pp3/1p4B1/3Nn3/P1NB1P2/1PP3PP/R2Q1RK1 w kq - 0 11	d3e4 e7g5 e4b7	2303	01191o
7mVCD	3r1r1k/p1pnq1pp/2p5/1pN2bP1/3P1P2/PQ2B2P/1P2B3/R3K2R b KQ - 1 19	d7c5 d4c5 d8d3 b3d3 f5d3	2303	0d0g1019
8FlD4	7r/3pbp2/pn2k1p1/4P1P1/1p2R1Pn/6B1/q1r4P/3R1Q1K w - - 5 30	f1f6 e7f6 e5f6	2303	0j0k1315191n1o
8Pgpu	r5k1/1b3rpp/1p4q1/p1b1pp2/2P5/PP2PNP1/4BP1P/R2Q1RK1 b - - 0 18	f5f4 f3e5 g6e4 e2f3 e4e5 f3b7 f7b7	2303	010d191w
9cc5n	r5r1/pp2Q1p1/2p1N1kp/4P3/4P3/1pq4P/P1P3P1/2K2R2 w - - 0 22	f1f6 g6h7 f6h6 h7h6 e7g5 h6h7 g5h5	2303	050p13171g1n1w
A2lOi	8/6bk/3Pq2p/p3p2p/4N3/5QP1/6K1/8 w - - 0 44	f3d3 h7g6 d6d7 g7f6 e4f6	2303	000g0j0k0p10111l
AKgPu	1r6/b1pk4/4b3/1P1nppp1/7q/3PPB1P/2KBQP2/1R5R b - - 0 25	h4a4 c2c1 a7c5 d2c3 d5c3	2303	0g101119
BFVYm	3RBk1r/1bq1ppb1/6p1/4p1Np/P1P4P/5P2/1P4P1/1K5R w - - 1 22	h1d1 g7f6 e8f7 f8g7 g5e6 g7f7 e6c7 h8d8 d1d8	2303	0g0j0k0s11191l1w
BHlzG	r4rk1/1bqp1pp1/pbn1p2p/1p5Q/1P2Pn2/P2B1N2/1B2NPPP/2R2RK1 w - - 6 17	e2f4 c7f4 c1c6 b7c6 b2e5 c6e4 e5f4	2303	0g191n1t1w
DeOP1	2r3k1/pp2Q1b1/1q1p2p1/3P1bP1/2p1nP2/2N5/PPP1N3/2KRB3 b - - 2 24	g7f8 e7e4 f5e4	2303	0g11191o1t
GSZYm	r3k2r/p2pppbp/6p1/4P3/8/2B5/PPP2P1q/R2QKR2 w Qkq - 0 16	d1f3 e8g8 f1h1 h2h1 f3h1	2303	0110191t
H1eJ4	2r3k1/ppN3p1/2n2r1p/3pN3/1q1P4/7P/PPP3P1/R2Q2K1 w - - 1 18	c7d5 b4d4 d1d4 c6d4 d5e7 g8h7 e7c8	2303	010s191w
HYf1l	2r1r1k1/5ppp/2Q5/3N1q2/3Pn3/4B2P/5PP1/1R4K1 w - - 1 31	c6e8 c8e8 d5e7 g8f8 e7f5	2303	0g10191n
HvG1k	8/5kP1/2p4K/pp6/3B4/8/8/6r1 w - - 0 56	d4g1 f7g8 g1b6 b5b4 b6a5 b4b3 a5c3	2303	0g0h0p0t1w
IFhth	8/R6p/1r1p1kp1/2pP4/1p2PK2/1P6/2r5/5R2 w - - 0 43	e4e5 d6e5 f4g4 c2f2 f1f2	2303	0j0k0p1013161m
J0bPz	6k1/p1p2ppp/2pp4/5N2/6Q1/2q3P1/P5KP/1r6 w - - 0 32	f5h6 g8f8 g4c8 f8e7 h6g8	2303	0p1013161g
JW2aM	r5r1/p4k2/2q3pp/4Qp2/3B4/2PB1P2/2P4P/6K1 w - - 4 26	d3b5 a8c8 b5c6	2303	010p111o
JkZlu	r5rk/1bpRP1pp/6p1/1pq5/p1B5/2Q2P2/P5PP/5R1K w - - 0 26	c4g8 c5c3 d7d8 c3f6 d8a8 f6e7 a8b8	2303	01191n1w
Kho7k	8/6K1/5p2/4pk1p/6p1/4PP2/5P1P/8 w - - 0 40	g7h6 h5h4 h6h5 g4f3 h5h4	2303	0g0p101e
LLIrz	8/5kp1/2pP4/3p3p/6PP/7K/PP6/8 b - - 0 37	d5d4 h3g3 d4d3 g3f3 h5g4	2303	0g0p101e1l
LUaIK	6r1/pbpk4/1p6/3Pp3/4Pp2/P1N2Pp1/1PP1K1PR/4R3 b - - 0 30	b7a6 e2d1 g3h2 e1h1 g8g2	2303	000b0g0j0p0w10
LYF7R	r3r1k1/2p1p2p/qb3PpB/3P4/p2N4/P1Q2P2/1P4PP/R3K2R b KQ - 0 23	b6a5 f6f7 g8f7	2303	01191g1o
MyqhD	r5k1/2qr2pp/pp2p3/2p2p2/P1BR2Q1/3P3P/1PP2PP1/R5K1 b - - 0 22	f5g4 c4e6 d7f7	2303	0g191o
NOhvJ	8/8/1p3pk1/p1p2p2/P1P2PPK/8/2P5/8 w - - 1 42	g4g5 f6g5 f4g5 f5f4 h4g4 f4f3 g4f3	2303	0g0p111e1w1z
NWXqC	3r1rk1/pp2bppp/8/4Nb2/R2q1B2/6P1/2Q1PP1P/1R4K1 w - - 2 22	e2e4 f5e4 c2e4 d4e4 a4e4	2303	0110191y
Ooo6j	6k1/3r2pp/3Bb3/pQ1pP1r1/2p2pq1/P4R2/1P3PPP/4R1K1 w - - 1 31	b5b8 g8f7 f3f4 g4f4 b8f8 f7g6 f8f4	2303	0g0y191n1p1w
PMPfy	8/5Npp/1pk1p3/2p1P1P1/Pp3PP1/1Pn2K2/8/8 b - - 0 42	c5c4 f7d6 c4b3	2303	0g0p0z1o
QlOn4	1r2r1k1/p3Npp1/7p/1Q6/P1Pb4/7P/3q1PP1/1R3RK1 b - - 12 26	g8f8 b5b8 e8b8	2303	010h191o
RZYdi	r1bqk2r/pp1nbppp/5n2/2pN2B1/2P5/3B1N2/PP3PPP/R2QK2R b KQkq - 6 10	f6d5 c4d5 e7g5 d1e2 e8f8	2303	0g0h0j1019
RiDaJ	rnbqr1k1/pp1p1ppp/5n2/2p3B1/1bPPP1N1/2N3P1/PP3PBP/R2QK2R b KQ - 1 10	f6e4 g5d8 e4c3 g4e3 c3d1	2303	010j0k10191g1n
RpQKK	6k1/8/B5R1/4N3/1p1n4/4n3/6rP/7K b - - 3 44	g2g6 e5g6 b4b3 a6d3 d4c2 d3c4 e3c4	2303	0g0p1l1w
TGGol	5rk1/R7/3pP1p1/1P1P3p/2PQP2K/6P1/7P/5q2 b - - 3 38	f8f4 h4g5 f4g4 g5h6 f1c1 d4e3 c1e3	2303	0p13171w
Tfjny	4rbk1/5ppn/5q1p/1ppQNP2/4B3/2P1R2b/1P3P2/2B3K1 w - - 2 26	e5f7 f6f7 d5f7 g8f7 e4d5 f7f6 e3e8	2303	01050i0y191n1w
U5vDr	q1r5/5Qpk/5b1p/4Bb2/2B5/3P1N1P/5rPK/3R2R1 b - - 0 29	a8f3 e5g3 f6e5 f7f5 f3f5	2303	0g10191g
UdA5U	r2qr1k1/p2nbppp/1pN2n2/3p4/2pP1B2/1QP5/PP3PPP/RN2R1K1 w - - 0 14	b3d1 d8c8 c6e7 e8e7 e1e7	2303	0g0s10191l
UmU3X	6k1/1bq2p1p/p3p1p1/8/1B1P3P/1P1QPpP1/P1r2P2/4R1K1 b - - 2 25	c7g3 f2g3 f3f2 g1f1 b7g2 f1g2 f2e1n	2303	00050g0k0m0p0s1h1n1v1w
VGyne	rnb2rk1/pp3pp1/2p4p/3p2N1/8/3B1Q2/Pq3PPP/R3R1K1 w - - 0 18	f3f7 f8f7 e1e8 f7f8 d3h7 g8h8 e8f8	2303	0i0s1317191n1w
VK2Tm	r3r1k1/p2n1ppp/2p2q2/3p4/6b1/P1BP1N2/1PP2PPP/R2Q1RK1 b - - 4 16	d5d4 c3d4 g4f3 d4f6 f3d1	2303	011019
VkxbG	8/8/2k5/Kp2p3/2p1Pp2/2P2P2/2P5/8 b - - 4 61	c6c5 a5a6 b5b4 c3b4 c5b4 a6b6 c4c3 b6c6 b4a3 c6d5 a3b2 d5e5 b2c2	2303	0g0p1e1w1z
WHfo3	8/p7/5R2/k1qpp3/2B5/1P6/2P1KP2/8 w - - 1 47	c2c3 c5c8 b3b4 a5a4 f6a6 c8a6 c4a6	2303	0g0p1l1w
WXbjA	b3r1k1/pq4bp/3Np3/2B3r1/8/3P3P/PP2QR1K/4R3 b - - 2 32	g7e5 e2e5 g5g2 h2h1 g2g1 h1g1 b7h1	2303	050k0m1317191n1w
XyQdH	r4rk1/p6p/b1p2p2/2q5/2PpQP2/1P4PB/P3K2P/2R4R b - - 0 22	c5h5 e2d3 h5h3	2303	010s11191o
Y8Gbm	r1b1qnr1/pp3pbk/2pP4/4P1Qn/4P3/2NB1N2/PP3PPP/2R1R1K1 b - - 0 18	g7h6 g5h5 c8g4 h5h4 g4f3	2303	0110191g1n
ZEIEM	r2q4/pp2kpbQ/2n3r1/3pP1p1/3P2p1/4B1P1/PPP3K1/5R1R w - - 10 25	f1f7 e7f7 h1f1	2303	050g191n1o
ZUQo2	2r3rk/1p3p1p/p2Q4/3P3p/P1P5/1Pq4P/4RPP1/5RK1 b - - 2 22	c3f3 g2g3 f3e2	2303	010p111g1o
Zz4c8	8/8/1p5p/3p1p2/3Pk3/r1P3PP/p2K4/R7 w - - 0 41	a1f1 f5f4 f1f4	2303	0p13151m1o
a2TxH	4rrk1/ppp2p1p/5BpQ/2Pb4/8/P4nP1/5P1P/RB3K2 b - - 7 26	e8e1 f1g2 e1g1 g2h3 d5e6 b1f5 e6f5 g3g4 f5g4	2303	1318191a1w
aCICT	3Q4/p4Pk1/1p4P1/1qp1bP2/8/1P1r3P/P7/3R2RK b - - 0 43	d3h3 h1g2 h3h2 g2f3 b5e2	2303	0p0r101316
bxGN7	5r1k/1p4p1/p2p2Rn/3P3q/1PP1p3/P3Q3/5rRN/7K w - - 0 35	g2f2 f8f2 g6h6 h5h6 e3f2	2303	0g1019
cSKWm	r3kb1r/ppp2ppp/4pq2/5b2/8/2NB4/PPnPQPPP/R1B1K2R w KQkq - 0 10	d3c2 f5c2 d2d3 f6g6 e2c2	2303	010j101c1l1t
d6Xc2	2bq1rk1/1r1nppbp/5np1/1BpP4/4PB2/2N2N2/1PQ2PPP/R3K2R b KQ - 2 14	f6h5 f4e3 g7c3 b2c3 b7b5	2303	010j1019
dPrLY	4k3/1R3p2/1P4p1/3P1p1p/4pP1P/3r2P1/4K3/8 w - - 3 56	b7a7 d3b3 b6b7	2303	000g0p1m1o
dSDcE	4k2r/1p3ppp/2N1pq2/2n5/1bP1Q3/3P4/5PPP/B4RK1 b k - 0 18	c5e4 a1f6 b7c6 f6g7 h8g8	2303	010w1019
dhBc6	r3kb1r/pQp1q1pp/5n2/8/8/2N2R2/PPP3PP/R1B3K1 b kq - 0 16	e7e1 f3f1 f8c5 c1e3 e1e3 g1h1 e8g8	2303	0c0d0g0h0y191w
dp45K	3r2k1/5pp1/p3b2p/1p1B4/3QPq2/7P/PP3RP1/6K1 b - - 1 29	d8d5 d4d5 f4c1 f2f1 c1e3	2303	010p101n
eCS3Z	8/8/R2rk2p/6p1/8/4K1P1/P7/8 w - - 0 45	a6d6 e6d6 g3g4	2303	0g0h0p1m1o
eabF6	2kr4/1p6/2prpB1p/1q4p1/5p2/5P1P/2Q3PK/R7 w - - 0 28	a1a8 c8c7 c2h7 d6d7 f6d8	2303	0g0p10
f1KTB	QQ6/6pk/7p/1p6/3pn3/7q/5P2/4K3 b - - 0 40	h3h1 e1e2 e4c3 e2d3 h1d1	2303	0p101316
g8Fh4	8/1pR3pk/p1b3rp/2KpB3/PP1P4/8/8/8 w - - 1 69	b4b5 b7b6 c5b4 a6b5 a4b5	2303	010p10
hT9no	r3k3/1p6/p2p1prp/2pPp3/P1P1P2q/5PPb/1P2N3/R3QBK1 w q - 2 26	g1h2 h4h5 f1h3	2303	01191o
hYt4i	8/8/1p1p4/pPp2k2/P1P1p3/6KP/8/8 w - - 0 53	h3h4 d6d5 c4d5 c5c4 g3f2	2303	0g0h0p101e
iaH0c	8/8/8/5k2/5p2/5Rp1/6Kp/8 b - - 7 63	f5g4 f3b3 f4f3 g2h1 f3f2 b3g3 g4f4 h1h2 f2f1q	2303	000g0p0r1h1m1w
img11	8/8/6p1/5p1p/1k3P1P/4K1P1/8/8 b - - 1 40	b4c3 e3e2 c3c2	2303	0g0h0p1e1o1z
j7lK3	5r1k/6p1/8/4P3/3Pq3/2P2rPp/PPQR1P1P/5RK1 b - - 8 39	f3g3 f2g3 e4h1 g1h1 f8f1	2303	050d0i0p1013161n
jBGSx	8/4Qp1k/P5pp/8/7P/6P1/3p1PK1/3q4 b - - 1 38	d1b3 e7e4 d2d1q a6a7 b3b5	2303	000d0g0h0p101h1i
kLjUJ	6k1/pp4p1/1b1q4/3P1Rp1/6R1/PQ4PK/1P5P/6r1 b - - 4 29	d6h6 g4h4 h6h4 g3h4 g5g4	2303	0p1013161n
kMhhY	5k2/2r3p1/p3Q3/1pNp4/5b2/2P4r/PPB2Pq1/R2K4 w - - 1 33	c2g6 g2g6 e6g6	2303	0g191l1o
koZxR	R7/8/P3k3/2p4p/8/6P1/1r1p3P/5K2 w - - 0 42	f1e2 b2a2 a6a7 e6f7 a8h8	2303	000g0p101m
lubRC	3r3r/1ppk1ppp/8/1P1qn3/Q3b3/PN4P1/5R1P/R2B1K2 w - - 4 26	a4e4 d5e4 b3c5 d7c8 c5e4	2303	01050s10191n
mKSD9	r2qr2k/pb3p1p/1p1p1np1/5NQ1/2P5/1P1B1N2/P4PPP/4R1K1 w - - 7 19	e1e8 f6e8 g5h6 h8g8 f3g5 d8g5 h6g5	2303	0g0y191g1w
nGNw5	rn1r4/pbN2P1k/1pqp2p1/7p/3P3Q/8/PPP2PPP/3R1RK1 w - - 1 21	f7f8n d8f8 h4e7 h7g8 d4d5	2303	000g0s10191h1v
nwRTs	r3k2r/BpQnppbp/2p2np1/8/1q6/2N5/PPP1B1PP/2KR3R w kq - 1 13	d1d4 b4d4 a7d4	2303	0g191o1t
nxoiT	8/8/3p2pp/1p5P/1P1k1PP1/5K2/8/8 b - - 0 36	g6h5 g4h5 d6d5 f4f5 d4e5 f3g4 d5d4 f5f6 e5f6 g4f4 d4d3	2303	0g0p111e1l1w1z
qPDL6	8/p7/2p1p3/2P5/2Kp4/3P1k2/P1PBpr2/4R3 b - - 10 51	f2f1 c4d4 f3f2 e1e2 f2e2	2303	0g0p10
qoLPZ	3k4/7p/3p3p/pB4r1/Pb2bPP1/3R3P/2R5/6K1 b - - 0 37	g5b5 a4b5 e4d3	2303	0g0p1o
riva9	r6k/6Rp/p2qBn1r/1p1Pnp2/8/P3PP2/QB3P1P/6RK b - - 0 25	h6h2 h1h2 e5g4 h2g2 d6h2 g2f1 h2f2	2303	050k0m0y1317191n1w
rmrSk	1r4k1/5p1p/2p3p1/p1P1Rb2/1P5P/PK2B3/3r1PP1/R7 b - - 8 26	a5a4 b3a4 f5c2 a4a5 d2d7 e5e8 b8e8	2303	050g0p111l1w
rvyKH	r3rbk1/1p3p2/2p2R1Q/1p1qP2N/3P4/P5P1/1P5P/3b2K1 w - - 1 31	h6g5 g8h7 f6h6 f8h6 h5f6 h7h8 g5h6	2303	0i0s1317191n1w
s30jz	8/5pk1/q3p1p1/3pP1Np/3P1P1P/Q5P1/KP6/3b4 b - - 4 44	d1b3 a2b3 a6c4	2303	050n0p1113151g1n1o
s9nmG	5b2/pR1QNkp1/4pp2/3p4/3n4/8/P2q1PBP/2R3K1 b - - 0 23	d2c1 g2f1 d4e2 g1g2 c1g5 g2h1 g5g1	2303	111317191g1w
tY9HV	r4rk1/p4p2/1p1pq3/4p2R/4P2B/3B1P2/PPP3P1/R3K3 w Q - 2 22	d3c4 e6g6 h5g5 g6g5 h4g5	2303	0g10191g
tfRKP	r1bk1b1r/1p4pq/p3p3/3pQ3/3p4/8/P2B1PP1/2R2RK1 w - - 0 19	d2g5 d8d7 c1c7 d7e8 c7c8 e8f7 c8c7	2303	0g0i0r191w
ukC8l	4k3/1q6/4pQ1p/pp1bP3/3n4/P5RP/5PPK/2r5 w - - 3 34	g3g8 e8d7 f6d8 d7c6 d8d6	2303	0p0r1013161s
ukiF8	r4rk1/1b3ppp/p3p3/1p1q4/3n4/1P1B1N2/P4PPP/2RQR1K1 w - - 0 16	d3e4 d4f3 d1f3 d5e4 e1e4	2303	011019
vuDuS	3r2k1/2p3qp/4p3/p5bP/8/4K1R1/Pr3PQ1/8 w - - 3 33	g3g5 d8d7 h5h6 g7g5 g2g5 g8f7 g5g7	2303	0g0p1g1w
vuHpl	rn1q1rk1/ppp2p1p/4n1p1/4Q3/P6P/P7/2PP1PP1/1NB1KB1R w K - 2 12	c1b2 e6d4 e5d4 d8d4 b2d4	2303	0110191l
w6CJL	8/1p4pk/2PQ2pp/8/1P2K3/5r1r/7P/8 w - - 1 46	c6b7 f3e3 e4d5 e3d3 d5c6 d3d6 c6d6	2303	000g0p1j1n1w
wCAhJ	8/8/2b5/1p6/1P6/2P1Kpk1/2B5/8 b - - 1 52	c6d5 c2d3 d5c4	2303	080g0p111l1o
xCNd6	r6r/ppp1k3/2b1p1Q1/4P3/7q/2PB4/PP4P1/3R2K1 w - - 1 27	g6g7 e7d8 d3h7 c6d5 g7h8 d8d7 h8a8	2303	0g0j0k0v191g1p1w
xFjJR	1r4k1/p1pb1p2/2ppr2p/8/4N3/1P3R2/P1P2PPP/4R1K1 b - - 2 20	f7f5 f3f5 e6e4 e1e4 d7f5	2303	010j0p10
yReyH	r4rk1/pp2pp1p/3p2p1/2p1b2q/4Pn2/1BPPK1R1/PP1N1P2/R1BQ4 b - - 3 17	e5d4 c3d4 c5d4 e3f4 e7e5	2303	101316191n
yU6i6	8/8/6p1/2pp1p1p/p1kP1P1P/P1P3P1/2K5/8 w - - 3 48	d4c5 c4b5 c2d2 b5c5 d2d3	2303	0g0h0p101e1z
yZKQB	3q3b/5kQ1/3p1P2/2pP4/2P2R1B/1P5P/r3r1B1/6K1 b - - 1 32	h8g7 f6g7 f7g8 h4d8 e2g2	2303	011019
zYX7r	rn3rk1/ppp1q1pp/4pb2/4N3/3Q4/8/PPP2PPP/RN3RK1 b - - 0 12	b8c6 e5c6 b7c6 d4e3 f6b2 b1d2 b2a1	2303	01191p1t1w
zgYKS	8/8/8/3p4/3P1pk1/3K4/7P/8 w - - 4 55	d3e2 f4f3 e2e3 f3f2 e3f2	2303	0g0h0p101e1z
0qzI4	8/2p3pp/2p5/2k5/ppP4P/1P1K1P2/n5P1/2N5 w - - 0 31	c1a2 a4b3 a2c1 b3b2 c1b3	2304	0g0p0z10
2ALTF	r2qk2r/b4ppp/p3b3/2pNP3/B2n4/B4Q1P/P4PP1/R4RK1 b kq - 2 18	e8f8 f3e3 d8d5	2304	0g0h191o
3LWrP	2r2r2/1p6/p1b1p3/3pN1p1/5kP1/1PP4P/1P6/4R1K1 w - - 3 34	g1f2 d5d4 e5d3	2304	0f0p13151o
8Nkja	8/3k4/5p2/6pr/4RP1P/6K1/8/8 w - - 0 51	h4g5 f6g5 g3g4 h5h4 g4g5	2304	0g0p101m
8T7Q5	r5k1/p4p1p/1p4p1/3PQ2P/2P3b1/1P6/P2p1PPK/2q5 w - - 0 32	h5h6 c1h1 h2h1 d2d1q h1h2 g8f8 d5d6 d1d6 e5d6	2304	0g0p1w
9JxHO	8/8/5pK1/1k2b1p1/4P3/5PP1/7P/8 w - - 1 57	h2h4 e5g3 h4h5	2304	080g0h0p1o
9jMbl	rn1q1rk1/1b3Np1/p2b3p/1p6/8/1QPB2P1/PP1N2PP/R4RK1 b - - 0 18	d6c5 g1h1 d8d3 f7e5 d3d5 b3d5 b7d5	2304	010j0s191w
AZ3g0	r2q1rk1/pppn1ppp/3p4/4p1b1/3P4/2PBBQ1P/PP3P2/R3K2R w KQ - 0 14	f3f5 g7g6 f5g5 d8g5 e3g5	2304	011019
DahEY	8/8/2p5/p3k1p1/1pp1P1P1/2P1K3/PP6/8 w - - 0 35	c3b4 a5b4 a2a4	2304	0g0h0p1e1o
EHk2k	8/p6p/4k1p1/1pppPp2/5P2/1PPK2P1/1P4P1/8 w - - 0 29	b3b4 c5b4 c3b4 e6d7 d3d4 d7c6 e5e6 c6d6 e6e7 d6e7 d4d5	2304	000g0i0p1e1w
EcQgP	5r1k/5qp1/p5rp/1p1n1b2/2pBp3/P1P2P2/1P3QPP/R2BR1K1 w - - 4 30	f3e4 f5e4 e1e4 f7f2 d4f2	2304	0g0s1019
EwOHr	8/7p/p3KPk1/8/1p3PP1/4n3/8/8 w - - 0 48	f4f5 g6h6 g4g5 h6g5 f6f7	2304	000g0p0r0z1011
FA6YZ	2r1r1k1/2q1bB1p/p4npB/1p6/4b3/2N3R1/PPQ2PPP/3R2K1 b - - 0 21	g8f7 c2b3 c7c4 c3e4 f6e4	2304	0g0t1019
G1amT	4rrk1/p2nq1p1/1p1bp2p/3p4/3PB2N/1QP5/PP1B2PP/4RRK1 b - - 0 18	e7h4 g2g3 f8f1 e1f1 h4e4	2304	010t0y1019
G3NlV	1rb2rk1/ppp2pp1/2n2b1p/3p2NQ/3P1q2/2PB4/P1P2PPP/1R2R1K1 w - - 0 15	h5f7 f8f7 e1e8 f7f8 d3h7 g8h8 e8f8	2304	0i0y1317191n1w
GA2op	8/5p2/p1p3p1/1p1kP2p/PP1P3P/2K3P1/8/8 w - - 0 42	a4b5 a6b5 c3d3 d5e6 d3e4 f7f6 e5f6 e6f6 d4d5	2304	0g0p1e1w1z
Ghpvo	r3k2r/1bq2p2/p2ppnp1/1p2b1Qp/4PB1P/P1N2BP1/1PP2P2/R4RK1 w kq - 0 17	f4e5 f6h7 e5h8 h7g5 h4g5	2304	0g1019
IiSu6	r4r2/p5pk/7p/1Q3R2/2pPq3/P1P4P/1P5K/5R2 b - - 2 30	a8b8 b5b8 f8b8	2304	0g0p1o
IwqbI	8/8/2r1p1kp/p4p2/q4Pp1/1pB3P1/1P2Q2P/2K1R3 b - - 1 42	c6d6 e2e6 d6e6	2304	0g0p111l1o
JL85k	7r/1p1kb2p/2r1pp2/q2p4/p1nP1N2/P1NQ4/1PP1R1PP/2KR4 b - - 1 19	c4b2 c1b2 e7a3 b2a3 c6c3	2304	050g0i10191k
JTdIg	8/4nk2/3n4/8/Q7/7P/1r4PK/8 w - - 1 45	a4d4 b2g2 h2g2	2304	0g0p0s1o
Kx8PG	r4nk1/pR2rp2/2p4p/3p1Q2/3P1PPq/4PR2/P5P1/6K1 w - - 4 31	g2g3 h4h2 g1h2	2304	0g1112191o
LXall	8/8/1p1k4/pPp1p3/P1P2Pp1/4K1P1/8/8 w - - 0 39	e3e4 e5f4 e4f4	2304	0g0p1e1o
LcckK	6rk/p4Q1p/2p3p1/1p1p4/1P3P1P/P1q5/4RP2/6K1 w - - 2 31	e2e5 c3e5 f4e5	2304	0g0p1o
LdonE	r4rk1/2qbbppp/p2p1n2/np2p3/3PP3/P1NQBN2/1PB2PPP/3R1RK1 w - - 2 15	d4e5 d6e5 c3d5 f6d5 e4d5	2304	010s1019
Lh7tG	1R6/2pkbp2/1qNp4/1P1Pp2r/1P2P1p1/2BQnnPp/5P1P/5B1K b - - 14 32	e3d1 d3f3 g4f3 b8b6 c7b6	2304	011019
Lqx2e	r5r1/5ppk/p6p/1ppq1PRQ/4p3/P2P3P/1PP2P1K/6R1 w - - 2 26	g5g7 g8g7 g1g7 h7g7 f5f6 g7f6 h5d5	2304	050g0p1n1w
O7VRp	8/p4N2/4pPk1/3pK3/3n4/P7/8/8 w - - 2 51	f7h8 g6h7 f6f7 h7g7 e5d4	2304	000g0p0z1011
O9TIa	r2r2k1/pp2bppp/2p1p3/q1n1P3/4n1P1/4B2P/PPPNQP2/1K1R1BR1 b - - 6 16	e4c3 b2c3 c5a4	2304	0g191n1o
OJ9MG	8/pp6/8/2P5/P2p1k1p/7P/1P3KP1/8 b - - 0 38	a7a5 b2b4 a5b4	2304	0g0p1e1l1o
PygoB	r5k1/1p3ppp/3Nb3/4B3/1b2P3/p7/4BPPP/R5K1 b - - 1 24	f7f6 d6b5 f6e5 b5c7 b4c3	2304	011019
QWuju	8/ppk5/1r5p/3b1r2/2q4P/1NP5/PKQ5/4R1R1 w - - 0 39	c2f5 b6b3 a2b3 c4b3 b2c1	2304	0g0t10111219
QYcrd	8/5pkp/Q2b2p1/1pp4n/5q2/5B1P/PP3PP1/4R1K1 b - - 0 26	f4h2 g1f1 h5f4 g2g3 f4h3	2304	0g0p10
SxGG8	b5k1/2r1bppp/1q2p3/pBp1P3/Pp2P3/1P1Q1PP1/1B5P/3R2K1 b - - 3 27	c5c4 b2d4 b6b5 a4b5 c4d3	2304	010j0k101119
T3sVk	3r1rk1/pb3ppp/1qp2n2/1p6/3B4/1BP2Q1P/PP3PP1/R4RK1 b - - 0 17	c6c5 d4c5 b6c7	2304	0g191o
TsX3R	8/5k2/p5p1/1p6/8/P7/2p3K1/2B5 b - - 3 56	f7e6 g2f2 e6d5 f2e3 d5c4	2304	080g0h0p10
UaHOd	r1bqr3/pp1k4/4pbQ1/1Np5/8/1P3R2/2PP1PPP/6K1 w - - 3 24	f3d3 d7c6 d3d8 e8d8 g6f6 d8d2 b5c3	2304	010b0h191p1w
Ut3jl	rq4k1/1b2brp1/p6p/1p1Bn2Q/8/4B3/PP3PPP/R2R2K1 w - - 2 20	d5f7 e5f7 d1d7 b8e8 d7b7	2304	0g101119
V47F4	4q1k1/1Q2Ppp1/7p/2r5/1pP5/1r4P1/5PKP/4R3 w - - 0 35	e1d1 c5e5 d1d8 e5e7 b7e7 e8d8 e7d8	2304	0g0p1g1l1w
VObJ0	1r2r3/4ppk1/3p3p/1pnbqPp1/p1P1P3/P7/1P1Q2PP/1B2RR1K w - - 0 30	f5f6 e7f6 e4d5 e5e1 f1e1	2304	010w1011191t
Vgtbz	8/2p3p1/1p6/1P3Pk1/2P2p1p/3P3P/5KP1/8 b - - 0 55	g5f5 f2f3 f5e5 f3g4 e5d4 g4h4 d4d3	2304	0g0p1e1w
VkgEY	8/1pR2p1k/p2r2pp/8/8/1P3PqP/P1Q3P1/7K b - - 7 48	d6e6 c7f7 h7g8	2304	0g0p111l1o
WkARX	1rbr2k1/p1p2ppp/2B5/4P3/1b2Q1nq/7P/PPP2PP1/RNB2RK1 b - - 2 13	h4f2 f1f2 d8d1 f2f1 b4c5 c1e3 c5e3 e4e3 d1f1 g1f1 g4e3 f1e2 e3c2	2304	050g0s1c1n1w
X06AR	4b1k1/p7/P3ppPR/1p1p1p2/5P2/5BR1/7P/4q2K w - - 1 46	h1g2 b5b4 g6g7	2304	000g0p11121o
X13Ir	8/7p/Ppn4P/2Pk4/6p1/4Kp2/8/8 w - - 0 57	c5b6 g4g3 a6a7 f3f2 e3e2 c6d4 e2f1	2304	000g0p0z1w
XrH9E	3r3k/5R1p/3qp3/2p3Q1/2P5/PP2p2P/6P1/6K1 b - - 9 36	d6d4 f7f4 e3e2 f4d4 e2e1q g1h2 d8d4	2304	00010j0k0p0w1h1w
YNRG7	8/6p1/3k1p1p/3p4/5K2/4PP1P/6P1/8 w - - 1 44	f4f5 d6c5 f5g6 c5c4 g6g7 c4d3 e3e4 d5d4 g7f6 d3e2 e4e5 d4d3 e5e6 d3d2 e6e7 d2d1q e7e8q	2304	000g0p1e1h1l1w
YWNMq	rk5r/p1p3p1/Qp1p2qp/4p1b1/4R3/2P1BP2/P1P3PP/1R4K1 w - - 2 20	e3b6 c7b6 b1b6 a7b6 a6b6 b8c8 b6c6 c8d8 c6a8 d8e7 a8h8	2304	0g0s191n1p1w
YZuwZ	3r2k1/p5p1/1p3p2/4pQ2/8/4B3/q4PPP/2Rr1RK1 b - - 2 30	a2e2 c1d1 d8d1 f5c8 g8f7	2304	0g0h1019
Ybpt9	8/6p1/8/K2k1p2/1P6/6P1/8/8 b - - 3 46	g7g5 b4b5 f5f4 b5b6 d5c6 g3f4 g5f4 a5a6 f4f3 b6b7 f3f2 b7b8q f2f1q a6a5 f1a1	2304	000g0p111e1h1l1w
Ytyny	r2q2k1/1b3rp1/p3p2B/1pb1n3/3N4/2P5/P1Q1BP1P/R3K1R1 w Q - 1 21	h6g7 f7g7 g1g7 g8g7 d4e6 g7f6 e6d8	2304	050g0s11191w
ZvMbl	8/6k1/8/8/6pp/1P2K3/P7/8 w - - 0 62	a2a4 h4h3 e3f2 g7f6 a4a5 h3h2 f2g2 h2h1q g2h1	2304	0g0p111e1l1w
ZxeoH	q7/6k1/5pp1/pR4r1/P1Qp3r/5P2/5KP1/3R4 w - - 2 38	c4c7 g7h6 b5b8	2304	0g0p1o
a7M6M	3r4/4Q3/pp1r4/2kp4/4nP1p/P1q5/2PR2PP/3R2K1 w - - 12 43	d2d5 c5c6 d5d6 e4d6 e7d8	2304	0g1019
a8fHC	rnbqkb1r/pp3ppp/5n2/3N2B1/3Q4/5N2/PP2PPPP/R3KB1R b KQkq - 0 8	d8d5 g5f6 d5a5 d4c3 f8b4	2304	0g101c1g
aHFCs	r3k2r/1p3ppp/p1n1pn2/3p2B1/1b1P4/5B1P/PqP1NPP1/1R1QK2R w Kkq - 2 13	c2c3 b4c3 e1f1	2304	010h11191o
abHMk	2r3k1/6p1/7p/1QN1p3/3rB3/PP1Pq1P1/4R1R1/4K3 b - - 4 36	e3c1 e1f2 c8f8 e4f3 f8f3 f2f3 d4f4 g3f4 c1f4	2304	050r1318191n1s1w
akFd6	r1b1k2r/2p2ppp/p1Np1q2/1pb5/4P1n1/1B2B3/PPP2PPP/RN1QR1K1 b kq - 2 11	c5e3 f2e3 f6f2 g1h1 f2h4 h2h3 g4f2 h1g1 f2d1	2304	0g0s191w
any1J	2r2rk1/R5pp/4p3/3pNp2/P3nP2/1PP1R1Pb/1B5P/7K b - - 0 25	d5d4 c3d4 c8c2	2304	0111191o
auCMX	3r1rk1/ppNbqppp/2n5/8/4N3/8/PPP2PPP/R2QR1K1 b - - 0 14	d7e6 d1f3 e7c7	2304	010j191o
b7x5t	1r3rk1/p1pnqppp/2p5/2bpP3/5P2/2N3P1/PPPBQ2P/2KRR3 b - - 0 15	c5a3 c3a4 a3b2 a4b2 e7a3	2304	0g10191k1n
bhEc0	8/2p4p/p7/2p1k1PP/5N2/2K5/8/3b4 w - - 1 45	g5g6 h7g6 h5h6 e5f6 f4e6 f6e6 h6h7	2304	000g0p111n1w
cMpjl	8/8/4k3/pp2pp1P/6P1/1P1K4/5P2/8 w - - 0 39	h5h6 e6f6 g4f5	2304	0g0p1e1o
cVJsY	1r3rk1/1b1N2p1/p1p1R1np/6q1/N4p2/1P1P2P1/P1P2P1P/1R1Q1K2 b - - 1 23	f4g3 h2g3 g5g3 d7f6 f8f6 e6f6 g3h3	2304	01191g1w
dUgEb	r1bq1rk1/pp2b1pp/2n1p3/3pP3/2p2PQP/2NB1N2/PPP3P1/R3K2R w KQ - 0 13	d3h7 g8h7 g4h5 h7g8 f3g5 e7g5 h4g5	2304	050g0y191n1w
dnt15	8/1R4pk/p3Q3/7p/1P1K1P2/P7/4p1qP/8 b - - 3 48	g2g1 d4d5 e2e1q	2304	00010p1h1o
egPjP	r3k2r/ppp1nppp/2n5/1B2q3/8/N4Q2/Pb3PPP/R1BR2K1 w kq - 0 13	b5c6 e7c6 a3c4 b2a1 c4e5	2304	011019
fX0PB	8/p1p5/2pk1B2/1p3K2/2P5/8/8/8 b - - 4 48	d6c5 c4b5 c6b5 f5e4 c5c4	2304	080g0h0p10
fYCG1	7k/1bp1Npp1/8/1p1n1PP1/8/p1P3K1/1rB1RP2/8 w - - 1 34	e7g6 f7g6 e2e8 h8h7 f5g6	2304	0d0p0w1013161n
frgDK	2rr2k1/p4pp1/4p1bQ/1pq5/8/1BPp2R1/PP3PPP/2R3K1 w - - 1 24	g3g6 f7g6 b3e6 g8f8 h6f4	2304	0g0i0s10191g
hyOrH	7k/5Q2/p3Rb1p/1p3pp1/8/3P1KP1/2P2N1P/5q2 b - - 2 39	g5g4 f3e3 f1e1 e3f4 e1f2	2304	0i0p101316
iO76z	5rk1/5p2/2B1RQ2/p5pp/P1P4q/1P4P1/2P4b/5R1K b - - 0 35	h2g3 h1g2 h4h2 g2f3 f7e6 f6f8 g8f8	2304	0g0j0k0r191g1w
iaMEw	4r3/1p4bk/p2p3p/2pN2BQ/3nP3/P7/1P3qPP/1R2n2K w - - 4 27	d5f6 g7f6 h5f7 f6g7 f7f2	2304	010s10191g1n
ijzg1	8/8/2p3pp/2k1pp2/2P1P3/2K2PPP/8/8 w - - 0 41	e4f5 g6f5 g3g4 f5g4 f3g4	2304	0g0p101e
jJXsT	2R5/r5pk/p2qp2p/3p1p2/3P1PPQ/4P2N/Pr1p3P/6K1 w - - 2 34	h3g5 h7g6 h4h5 g6f6 g5h7 f6e7 h5e8	2304	0p13171g1w
jJa7j	1n5r/1k1q2b1/1Pp4p/2PpP1p1/3Pp3/2N1P1P1/Q7/5bK1 w - - 0 30	e5e6 f1a6 e6d7	2304	0001191o
jdL7g	1r4k1/6qp/p1p1R3/2p2p2/2P2P1b/3P1N1P/PP1Q4/5K2 b - - 3 31	b8b2 e6e8 g8f7 f3e5 g7e5 e8e5 b2d2	2304	010p1w
kmMQ0	8/2r2k2/3R4/p3P1R1/Pp3P2/1r6/8/4b2K w - - 0 63	d6f6 f7e8 g5g8 e8d7 f6d6 d7e7 g8g7	2304	0g0p0r1w
n6Nu3	r1bqr3/ppp2pkp/8/8/2pB4/8/PP2QPPP/RN2K2R b KQ - 0 13	d8d4 e2e8 c8g4 e1g1 a8e8	2304	0g0j10191g1l1n
nR3Q6	r1bqk2r/pp1nbppp/5n2/2pN2B1/2P5/3B1N2/PP3PPP/R2QK2R b KQkq - 0 10	f6d5 c4d5 e7g5 d1e2 e8f8	2304	010h0j1019
oaz6m	8/8/pp3k2/5P1p/P1P1K3/8/8/8 w - - 1 55	a4a5 b6a5 c4c5 h5h4 c5c6 h4h3 e4f3 h3h2 f3g2 h2h1r g2h1	2304	0g0p1e1l1w
oqZtG	8/2pB4/3p4/3P1p2/1P2p1k1/4Kp2/8/8 b - - 0 62	g4g3 d7f5 f3f2 e3e2 g3g2 f5h3 g2h3	2304	00080g0p1w
p8va6	6k1/1p3rp1/p3q2p/3p4/P1p1n2Q/2P1PR1P/1P4P1/4R2K b - - 3 31	f7f3 g2f3 g7g5 h4g4 e4f2 h1g2 f2g4	2304	0g0p0s1w
pUOEW	8/6p1/5p2/4p3/1k2P3/6KP/P7/8 w - - 1 44	g3g4 g7g6 h3h4 b4c4 a2a4 c4d3 a4a5 f6f5 e4f5	2304	0g0p1e1l1w
qLdwh	2r3r1/q2kbp2/2p1p3/1pPpPp2/p4PPp/P1P1Q2P/1P3B2/1K1R2R1 b - g3 0 26	h4g3 g1g3 e7c5	2304	0g0o11191o
qOL7l	2kr3r/1ppqnRb1/p2p4/3P2Bp/2PN2n1/3Q4/PP1N2PP/1R4K1 b - - 0 20	g4e5 f7e7 e5d3	2304	010s191o
qcDAj	8/5k1r/3p4/p2P4/7p/K7/PP4R1/8 b - - 2 41	h4h3 g2h2 h7h4 b2b4 a5b4	2304	0d0g0p101l1m
r0qTT	7r/4k2r/1p3p2/p1p1n1p1/P2pPNP1/1P1P2K1/2P2R2/3B1R2 b - - 0 36	g5f4 f2f4 h7h2 f4f6 h8h3 g3f4 e7f6 g4g5 f6e6	2304	0d0g0h0v11191w
rEll6	5rk1/5pp1/p5rp/1pbqn3/3p4/1PN4Q/PBP1RPPP/3R2K1 b - - 11 25	d5f3 h3f3 e5f3 g1h1 d4c3	2304	0g1011191g
rtnzo	2q3k1/2r2p2/2r1p3/p2pP1p1/4n1Q1/1PN1R2R/P4PP1/6K1 b - - 0 39	c6c3 g4h5 g8f8	2304	0g0h191o
svHpn	8/5pk1/3q1np1/p1pPr3/P1B2Q2/1P5P/5RPK/8 b - - 6 35	g6g5 f4f6 d6f6 f2f6 g7f6	2304	0g0p10
uxRi0	r5k1/pp2nr2/2bqp2Q/b2pN3/3P2PP/P1N5/1P3P2/2R2RK1 w - - 1 21	h6h8 g8h8 e5f7 h8g8 f7d6	2304	01050r0s10191n
yFDaj	8/p7/8/3k1pp1/1p6/1P1K1PP1/P7/8 b - - 1 37	f5f4 g3g4 a7a6	2304	0g0h0p1e1o1z
yU4Gs	r1b2rk1/pp3pbp/2np2p1/3N4/4Pp2/5N2/PPPBBqPP/R2Q3K w - - 0 15	d2e1 f2c5 b2b4 c6b4 e1b4	2304	0g1019
ycu6Y	3r2k1/6pp/2p5/1p3n1b/4N3/5P2/PPRp1PKP/3B4 b - - 1 25	h5f3 d1f3 f5h4 g2g3 h4f3	2304	0g0p101n
yfnbs	r2qr3/p1p5/2Q4p/6pk/8/8/PPP2RPP/7K w - - 1 24	c6f3 g5g4 f3f7 h5h4 g2g3 h4h3 f7h5 d8h4 h5h4	2304	0p13181w
zJVLO	4r2k/8/2bR1r1p/p1p5/1pB1qpQ1/1P6/P4PPP/3R2K1 b - - 1 31	f6d6 d1d6 e4e1 c4f1 e1f1 g1f1 c6b5	2304	050g0y191n1w
zKrGL	8/8/4p3/b2k3P/3B2p1/4P3/p4PK1/8 w - - 0 51	h5h6 e6e5 d4e5 d5e5 h6h7	2304	00080g0p101n
zfbt2	3r1rk1/ppp3pp/4p3/8/8/2PB1P2/PP1R2nP/2K4R w - - 0 19	h1d1 f8f3 d3h7 g8h7 d2d8	2304	010j0p101l
0KJqo	6k1/ppp2ppp/1r3q1P/3p4/5P2/P1P1rBQ1/1P4P1/2KRR3 b - - 0 22	e3c3 c1b1 c3c1 b1c1 f6b2	2305	050j101316191k1n
0kT08	4Q3/r2qbRpk/2p4p/1pPp4/1P1PpN1P/4PnP1/5K2/2B5 w - - 5 33	f7g7 h7g7 f4h5 g7h7 e8f7 h7h8 f7g7	2305	051317191n1w
0laoC	8/p3Qp1k/1bR4p/1P1r1qp1/P7/5N1P/5PPK/8 b - - 3 34	f5f4 g2g3 f4f3 c6f6 d5d7 f6f3 d7e7	2305	0g0i0p11121w
1by6Z	rnb3r1/p4pk1/2pQ2p1/q5P1/4P3/1Pp2B2/PP6/R3K2R w KQ - 0 21	h1h7 g7h7 d6h2 c8h3 h2h3 h7g7 h3h6	2305	051317191n1w
1fAdw	5r2/p5bk/2Qpq1pp/8/3NPp2/P7/1r3PPP/2RR2K1 b - - 0 23	g7d4 d1d4 f8c8 c6c8 e6c8	2305	011019
23zgM	2r2rk1/1p3ppp/p7/4P3/5Q2/6R1/qP3PPP/5bK1 w - - 0 24	f4h6 g7g6 g3h3 f8d8 h6h7 g8f8 h7h8 f8e7 h8f6 e7d7 f6d6 d7e8 h3h8	2305	0p13181g1l1w
2JILX	8/p4k2/7p/4Q1pP/4B1P1/P7/1r2q3/7K w - - 4 42	e4d5 f7f8 e5f6 f8e8 d5c6	2305	070p0r101316
2JMQe	5b1k/5Qp1/2p5/2PpP3/1P1P1B2/p5PK/2q5/8 b - - 5 51	a3a2 f7f8 h8h7 f8f7 c2g6	2305	000g0p101n
3zlQ5	6Q1/1p6/8/2K5/8/5k2/Pq6/8 w - - 6 56	g8b3 b2b3 a2b3 f3e2 b3b4 e2d2 b4b5 d2d3 b5b6	2305	0g0p1i1l1w
43SbW	3r3r/pkp5/1n3p2/4p1p1/Q2N2q1/P2KP1P1/8/1RR5 w - - 0 34	c1c7 b7c7 a4a7 c7c8 b1c1 b6c4 c1c4	2305	050i1317191g1n1w
4TImp	2r2r2/4R3/1kp2Q2/pp5p/P1p5/2P5/1P4q1/1K6 w - - 7 37	f6d4 c6c5 d4d7 b5a4 d7a7 b6b5 e7b7 b5c6 b7b6 c6d5 a7b7 d5e5 b7g2	2305	0g0p1p1w
5RI7f	5r1k/3n1p1P/p3p1pP/3p4/2nP1Q2/2P2N2/q1B2P2/1R1K4 w - - 0 28	b1b8 f8b8 f4f7 b8b1 c2b1	2305	0g0i1011191n
5TntU	8/8/8/P2R2p1/r2p1k2/3K4/8/8 w - - 0 54	d5d4 a4d4 d3d4 g5g4 d4d3 g4g3 d3e2 f4g4 e2f1 g4h3 f1g1	2305	0g0h0p1m1w
7RB80	6k1/pp3r2/8/3p2q1/6PR/2P3Q1/PP6/6K1 b - - 5 37	g5c1 g1h2 c1f1 g3b8 f7f8	2305	010p101l
7RbQF	4k3/8/1b2BBp1/1p6/3pN3/1P1rpK2/7P/8 w - - 6 43	f3e2 d3c3 e4c3	2305	010p111o1t
8agAw	3r4/1Q3p1p/7k/3p1q2/3Nn1p1/2P1P2P/PP3PP1/R5K1 b - - 1 27	f5f2 g1h2 g4h3	2305	0g0p1g1o
8hTX6	4r1k1/2p2pbn/2r3p1/1pq1p3/3pP1PB/1P1P1N1P/p1n1R1B1/2RQ1NK1 b - - 1 28	c2e3 c1c5 e3d1 c5c6 a2a1q	2305	000110191h
9HNDD	2k4r/4bppp/4r3/B1pp4/8/3P1P2/PPPK1P1P/R6R b - - 5 17	e6a6 a5c3 d5d4 c3d4 c5d4	2305	010p101t
AAUnT	5k2/6p1/6Kp/8/6PP/8/8/8 w - - 1 50	g6h7 h6h5 g4g5 f8f7 h7h8	2305	0g0p101e1l1z
ADs8T	r2qkbnr/pbpp1pp1/1pnP3p/8/2B1P3/5N2/PP3PPP/RNBQK2R w KQkq - 1 9	c4f7 e8f7 d1d5 f7e8 d5h5 g7g6 h5g6	2305	040513171c1n1w
AYlES	4k3/pp1r1p2/2p1pBp1/q6r/2PP4/2P3QP/6P1/4R2K w - - 1 23	g3b8 d7d8 b8b7	2305	0g0i0p111o
AhwIG	8/p4p2/2p5/3P1Kp1/1P4Pk/P7/8/8 b - - 0 42	c6d5 a3a4 d5d4 f5e4 h4g4 b4b5 f7f5 e4d3 f5f4	2305	0g0h0p1e1l1w
BRzmQ	8/5pkp/1Qq1p1p1/P2p4/8/2r5/5PPP/R5K1 w - - 0 30	b6b2 d5d4 a5a6	2305	010p1o
Brcn9	8/4kp1p/2R3p1/2pP4/2P2P2/6PK/r3r2P/2R5 b - - 2 30	e2h2 h3g4 f7f5 g4f3 a2a3 c1c3 a3c3	2305	0p13171m1w
BuK5N	rn1R1b2/ppp1p2p/2b1k3/2P4Q/8/8/PP2NPrP/RNB4K b - - 1 18	g2g4 d8d5 c6d5 h5d5 e6d5	2305	010j0k0y1019
Chx2E	8/6pp/4pp2/8/4KP2/6P1/k6P/8 w - - 0 49	e4d4 a2b2 d4c5 e6e5 f4e5 f6e5 c5d5 e5e4 d5e4	2305	0g0p1e1w
CkeJN	8/8/4R3/p3r3/2p2k2/P1P5/4K3/8 w - - 0 50	e6e5 f4e5 e2f3 a5a4 f3e3	2305	0g0h0p101m1z
DvkJb	1r2k2r/1b1pb1pp/p4p2/1p1Bp3/3nN3/6B1/PP2KPPP/2RR4 w k - 6 19	d1d4 e5d4 d5b7 b8b7 c1c8 e8f7 c8h8	2305	0g191n1p1w
E5LDu	r5k1/3N1ppp/2p5/q3Q3/1b6/1P3P2/rBPP2PP/1K1R3R b - - 0 24	a2a1 b2a1 a5a2 b1c1 b4a3 e5b2 a2a1	2305	0d1317191g1k1n1w
ETvS5	3b4/8/k7/5p2/1KP2Bp1/6P1/8/8 w - - 0 45	b4c5 a6b7 c5d5 d8c7 f4c7	2305	080g0p10
EsbMY	3N2k1/8/1qRbp1pp/4Bn2/8/7P/p4PP1/4Q1K1 b - - 3 37	b6b1 c6c1 b1c1 e1c1 d6e5	2305	011019
Fizkc	3k2r1/pp5p/2pbQp2/8/P2P1P2/2P2q2/1P3P1P/R3RK2 b - - 0 22	f3g2 f1e2 g8e8 e6e8 d8e8	2305	0g0p101g
HW1st	3r2k1/p4p1p/6p1/4Qn2/8/P2r1NP1/1q3PBP/R2b1RK1 b - - 1 25	f5d4 f3d4 b2a1 d4c6 a1e5	2305	0g1019
HsOpN	8/6pp/4p1k1/8/5n1r/P4PK1/1NR2P2/8 b - - 1 42	g6h5 b2d3 f4d3	2305	0g0p1o
I9jIs	4r1k1/6Np/p5p1/1p1b4/3qn3/1P1B3Q/P5PP/4RR1K b - - 1 25	e4f2 f1f2 e8e1 f2f1 d4f2	2305	0g0i0j0s10191g
Iycp4	Q1k3r1/p1b3p1/4p2p/1p2q1r1/3p3N/3P3P/PPP2PP1/R4RK1 b - - 9 23	c8d7 h4f3 g8a8 f3e5 g5e5	2305	010j1019
JhDN2	4r1r1/8/2k2Q2/2pp4/8/7q/PPP2PR1/4RK2 b - - 16 37	c6b5 a2a4 b5a5 f6c3 h3c3 b2c3 e8e1 f1e1 g8g2	2305	0g0h0p1w
Jhuii	6r1/4P3/1k1r1Pbp/ppNp4/3P1P2/2P5/7P/5R1K w - - 1 39	f1g1 d6f6 c5d7 b6c6 d7f6 g6e4 f6e4	2305	0g0p0s1w
K6zDa	r1bq1rk1/p1p2ppp/1pP5/b3p1P1/2Q1P3/P1P3N1/5P1P/R1B1KB1R b KQ - 2 15	c8e6 c4d3 d8d3 f1d3 a5c3 e1e2 c3a1	2305	010b0s191g1w
KM2Yp	r1b2rk1/ppp2pp1/3p3p/2b1R1NQ/8/3B4/2P2PPP/1q2B1K1 w - - 0 16	h5f7 f8f7 e5e8 f7f8 d3h7 g8h8 e8f8	2305	0i0y1317191n1w
KnWOj	2b2rk1/4b3/p3p1PP/1p2p1p1/n2pP1B1/P5r1/2P5/BK3R1R w - - 4 31	h6h7 g8h8 g6g7 h8g7 f1f8	2305	00010r0y101119
Ky2Du	5k2/1p3p2/6p1/1pP1p2p/P2pP2P/6P1/5K2/8 w - - 0 39	c5c6 b7c6 a4a5 f8e7 a5a6	2305	0g0p101e1l
L1chA	2rq1rk1/p3b2p/Q2pp1p1/8/4P3/8/PP4PP/RNB2RK1 b - - 0 17	d8b6 a6b6 f8f1 g1f1 c8c1 f1e2 a7b6	2305	01050i191n1w
Lp36F	8/6R1/5p1n/1p2p2k/2p5/2PB1KP1/1r3P2/8 w - - 12 49	d3g6 h5g5 g6e8 g5f5 e8d7	2305	0j0k0p101316
MuLjS	7Q/8/3p4/p2P1qk1/P5p1/1P4K1/8/8 w - - 6 61	h8h4 g5g6 h4g4 g6f6 g4f4	2305	0g0i0p101g1i
MynaS	r5k1/4brp1/4p2Q/p7/1n2NP2/6R1/1P4PP/1BBq1bK1 w - - 1 30	h6h7 g8h7 e4f6 h7h8 g3h3 d1h5 h3h5	2305	050k0m0y111317191n1w
NF0gk	r1b1k2r/1p3p2/p1pp1q1p/4pNpQ/4Pn2/PBPP3P/1P3PP1/R4RK1 w kq - 4 20	h5f7 f6f7 f5d6 e8d7 d6f7	2305	0104050i0s10191n
NHfgc	8/2p5/n2p4/PN1Ppp2/2P2k2/8/8/3K4 w - - 1 41	b5c7 a6c7 c4c5 c7b5 c5d6 b5d6 a5a6 d6b5 d5d6 b5d6 a6a7	2305	00010p0z1n1w
O8gAf	1rb2r2/2p2pk1/p2p4/1pbnpP2/4P3/2NP4/PPP1K2R/R7 w - - 0 22	h2g2 g7f6 c3d5	2305	0w1315191o
Oc1ec	rnbr2k1/ppp2ppp/1b6/3q4/1P6/P2Q4/1BP1NPPP/R3KB1R w KQ - 1 13	d3d5 d8d5 c2c4	2305	011c1o
PY0xy	3rr1k1/p1q1bppp/2p5/3pN1B1/4b2Q/6R1/PPP2PPP/4R1K1 w - - 0 18	g5e7 c7e7 h4e7 e8e7 e5c6	2305	0g1019
PrLyP	1r2r3/6kp/3Nqnp1/5p2/1pNQ4/5R1P/1PP3PK/8 w - - 4 44	f3e3 e6d7 d6e8 b8e8 d4d7 f6d7 e3e8	2305	050g0j11191w
QFqWr	5k2/5p1p/4p1p1/3p4/P6r/4PP2/5P2/R5K1 w - - 0 29	f3f4 f8e7 a4a5	2305	0g0h0p111l1m1o
QMWca	r3k2r/pp2ppbp/6p1/8/2qnP1Q1/2B2N2/P1P3PP/R4R1K w kq - 0 16	c3d4 g7d4 e4e5	2305	010h191o
R60M5	r2q1r2/ppp1k1pp/3p4/2bP4/3p4/1BP5/PPQ2P1P/R1B1K2b w Q - 0 15	c2e2 h1e4 e2e4 e7f7 e4e6	2305	0n10131619
SLLfM	8/8/8/1r4pk/1r6/5RK1/5R1P/8 b - - 9 48	b4g4 g3h3 g4g1 f2g2 g5g4 h3g3 g1g2 g3g2 g4f3	2305	050g0p0r0s1l1m1w
SWpMp	r7/Pr4pp/R3pp2/2kp4/5P2/4K2P/6P1/R7 w - - 9 48	a1c1 c5b5 a6a2	2305	0g0h0p1m1o
UCIZo	3R4/6p1/2p2p1k/3r1P2/6Pp/7P/5K2/8 w - - 0 38	d8h8 h6g5 f2e3 d5e5 e3f3 g7g6 h8g8 g5h6 g8g6 h6h7 g6f6	2305	0g0p0r111m1w
Ua9by	4r1k1/p2Rbp1p/6p1/2q5/3r4/5B1P/P3QPP1/5RK1 w - - 0 24	d7d4 c5d4 f3c6 e8f8 e2e7	2305	0g1019
Uz94Z	4r3/pk4p1/npNqp2p/8/2Q2P2/7P/6P1/2R4K w - - 2 41	c6a5 b6a5 c4b5 d6b6 b5e8	2305	0g0p0s101n
VKWPj	r2q1rk1/pp2bppp/2p1p3/3nN1P1/3Pb2P/4B3/PPPQBP2/2KR2R1 b - - 2 17	e7b4 c2c3 d5c3 d2c3 b4c3	2305	011019
WEqbC	2B2rk1/2P2ppp/8/1n6/p7/1pR3P1/5P1P/3R2K1 b - - 0 29	b5c3 d1d8 c3b5	2305	010p0t111o
XmsJZ	4b3/6p1/4p1n1/1P1kP1P1/3P2K1/P2B4/8/8 w - - 1 48	b5b6 d5c6 d3b5 c6b6 b5e8	2305	0g0p101p
Xp4Lg	8/4k1p1/1p3p1p/3P4/P7/7P/4K1P1/8 w - - 1 36	e2d3 e7d6 d3c4 f6f5 c4b5	2305	0g0p101e
YOJPx	4r3/6bk/3p2pp/1Q6/p5P1/P6P/BPP1p3/1K2Rq2 w - - 1 36	a2g8 e8g8 e1f1 e2f1q b5f1	2305	010p101y
Yu79G	4r1k1/p5p1/np2P2p/2pq4/1P1B4/2P3P1/2Q4P/4R1K1 w - - 0 29	c2g6 e8e7 d4f6	2305	0g0p1g1o
YykDv	6k1/5pbp/2p3p1/p5P1/BnQ1Pp2/1P3P2/1qP1K2P/3r3R w - - 0 27	h1d1 b4c2 d1d8 g7f8 d8d2	2305	0g1019
Z43fJ	3r1b1r/p1k1pppp/B1n5/q1pn1b2/3P4/1QP2P2/PP3BPP/R3K1NR w KQ - 0 14	b3b7 c7d6 d4c5	2305	0g0w191o
aDzNl	b4rk1/2R1B3/P2n2B1/8/3p2PK/4p3/7P/8 b - - 5 42	e3e2 g6h7 g8h8 c7c1 f8f1 h7d3 f1c1	2305	000g0h0p1w
bVEhp	5b2/p6k/6p1/1p2qpPp/4pN1Q/2P1P2P/PP3RK1/3r4 w - - 6 35	f4h5 g6h5 h4h5 h7g7 h5d1	2305	0g0p0s10
c0lbW	3r4/p4ppp/1p2pk2/2b5/7Q/2qB1PP1/P4P2/1R1K3R b - - 7 22	g7g5 h4h6 f6e7 h6g5 e7e8	2305	010h10191g
dnbh9	1r2N3/4k3/q2p2RQ/2nPp3/pp2P3/5P2/PP2b1P1/1K5R b - - 0 28	e2d3 b1c1 a6c4 c1d2 c4c2 d2e3 c2e2	2305	0q1317191k1w
fG5la	r1b1r1k1/ppp2pp1/1b1p1q1p/8/NPB1n3/P1P5/4QPPP/R1B2RK1 w - - 2 19	a4b6 c7b6 f2f3 c8e6 f3e4 f6c3 c4e6	2305	010v191w
h4rhf	3r2k1/5ppp/2R5/4P3/4KP2/2p3P1/2r4P/3R4 b - - 2 33	f7f5 e4f5 d8d1	2305	0g0p1m1o
hiE4x	1Qbk3r/p1p3pp/3bBn2/8/8/4B3/P1P2PPP/qN3RK1 b - - 4 15	a1e5 b8c8 d8e7 g2g3 h8c8	2305	010j10191n
iDJzQ	3rk2r/ppp2ppp/8/4P3/2P3Q1/8/PPqNKPPP/R4B1R b k - 0 14	c2d3 e2d1 d3d2	2305	1315191o
iU62G	2r5/5p2/bp3kp1/3Bp2p/2P4R/4P1P1/1r3P1P/2R3K1 w - - 0 25	c1a1 g6g5 h4e4 a6b5 c4b5	2305	010p10
ipMj8	Q7/3k4/3pp3/8/4Pb2/1P3q2/N7/K3R3 b - - 0 46	f4e5 a1b1 f3b3 b1c1 e5f4 e1e3 f4e3	2305	070p0r13171w
jssDf	8/8/R4np1/4k3/6PP/5PK1/8/3r4 w - - 17 54	f3f4 e5e4 a6e6 e4d4 e6f6	2305	0g0p10
k0fsy	8/7p/6p1/8/4k1PP/6K1/8/8 b - - 1 45	h7h6 g3f2 e4f4 g4g5 h6h5	2305	0g0h0p101e1l
k5ljZ	6r1/ppq3p1/2p2nnk/2Pp1R1p/PP1Pp3/4P2P/4Q1PN/5NK1 w - - 1 26	e2h5 f6h5 h2g4 h6h7 f5h5	2305	0i101316191n
kXjem	8/8/8/2K1kp1p/8/5P1P/6P1/8 b - - 0 56	h5h4 c5c6 e5f4 c6d7 f4g3 d7e6 g3g2	2305	0g0p1e1l1w
lc7Mb	8/5p2/R3b1P1/7k/4P1N1/3r1PKp/8/8 b - - 0 46	e6g4 a6a5 f7f5 g6g7 d3f3 g3h2 f3f2	2305	0g0p1g1w
nDZTY	3rr1k1/1bqnbp1p/p3pnp1/1p1p2B1/3NP3/P1PB1PN1/1P1Q2PP/4RR1K w - - 0 17	e4e5 d7e5 e1e5 c7e5 g5f4 e5f4 d2f4	2305	01191n1t1w
nMf5E	8/8/6p1/1prk2P1/4pP2/4K3/2R5/8 w - - 0 48	c2c5 d5c5 f4f5 c5d6 f5f6 b5b4 e3e4 b4b3 e4d3 b3b2 d3c2 b2b1b c2b1	2305	0g0p1m1w
ni9QA	r2qkbnr/5pp1/p1n1p2p/1p1pPb2/Q2N4/N1P4P/PP3PP1/R1B1KB1R w KQkq - 0 10	a3b5 a6b5 a4b5	2305	0g191g1o
nwRX2	2b3k1/8/4pPp1/pq1p2P1/1Bpn1P2/P7/1KP4Q/8 w - - 0 37	f6f7 g8f7 h2h7 f7e8 h7e7	2305	00050p0r101316
nyz1G	2kr2r1/Qpp1bR1p/8/3p2q1/4nN2/4P1P1/PPP4P/R1B3K1 b - - 0 17	e4g3 a7a8 c8d7 a8d8 g8d8	2305	0g1019
o4CHQ	rq3rk1/4nppp/p1p1p3/b2pP3/4NB2/P5QP/1P3PP1/2RR2K1 w - - 3 19	e4f6 g8h8 g3h4 g7f6 h4f6	2305	0g0y10191g1n
oyrWL	5r1k/2q4p/p2r2p1/3N1p2/3b4/5QPP/P3RP2/4R1K1 b - - 8 39	c7c6 e2d2 c6d5	2305	0g11191o
p2Ews	8/2p5/p7/P2Pp3/6k1/4K3/8/8 w - - 0 43	e3e4 g4g3 e4e5 g3f3 e5d4	2305	0g0h0p10111e
pPAKL	r1kR3r/pp4p1/4Q1p1/2P2q2/8/8/PP2KPPP/7R b - - 2 21	c8d8 h1d1 d8c7 e6e7 c7c8	2305	010h0p0t10
qNjmB	b5k1/4bppp/8/1P2Q3/1p6/5NPP/5PB1/3q2K1 w - - 1 34	f3e1 e7d6 e5e8 d6f8 g2a8	2305	0g0h0p0s1011
qOuhz	2krr3/ppp2p1p/4bp2/q7/1nPP4/1Q3N2/1P1B1PPP/1K1R1B1R b - - 1 17	e6f5 f1d3 f5d3 b3d3 a5a2 b1c1 b4d3	2305	0g0w191k1w
qSVLD	8/8/6P1/2pK4/P2b4/8/2k5/8 w - - 2 54	d5c4 c2d2 a4a5	2305	080g0h0p1o
r1EXE	r1b1k2r/pppn1pp1/5b1p/1B2n3/8/2P2N2/PP3PPP/RNBR2K1 w kq - 2 13	f3e5 f6e5 b5d7 c8d7 d1e1 f7f6 f2f4 e8g8 f4e5	2305	0g1c1g1w
s0ujj	1k2r2r/ppqn1pp1/2p2n2/5QBp/5b2/P1N2B1P/1PP2PP1/R2R2K1 b - - 10 22	f4h2 g1h1 e8e5 f5d3 e5g5	2305	0110191p
tRNEj	4r1k1/pb2n1p1/3Rpq1p/2p2p2/5n2/2P2NN1/PPQ2PPP/1B4K1 w - - 4 23	c2a4 f6f8 a4f4	2305	010s11191o
u4Yvr	8/7p/3k1pp1/2p4P/1p2KPP1/1P6/2P5/8 b - - 0 31	f6f5 g4f5 g6h5	2305	0g0i0p1e1o
uYPk0	r1b3rk/2q1bp1p/2nppp1Q/8/pp2PN1P/1B3N2/PPP2PP1/1K1R3R w - - 0 18	f3g5 f6g5 h4g5 g8g7 f4h5 g7g6 h6h7 h8h7 h5f6 h7g7 h1h7 g7f8 h7h8 g6g8 h8g8	2305	050k0m0y1318191n1w
vtuIF	r2q3r/p1p3p1/5pkp/3QPb2/2B5/bP3N2/P2P2PP/n2K3R w - - 0 17	d5f7 g6h7 f3g5 f6g5 f7f5 g7g6 f5f7	2305	0q1317191w
wLud8	2r2rk1/p5p1/2pQ4/2pp1Pp1/3q4/1P5K/P4R2/5R2 w - - 0 34	d6e6 g8h7 f2h2 d4h4 h3g2 h4h2 g2h2	2305	0g0p1g1l1w
xoeQO	r2b3k/5ppp/p2pq3/1p2rN2/2n5/2P1B2Q/PP2K3/5RR1 w - - 4 35	h3h7 h8h7 g1g7 h7h8 f1h1 d8h4 h1h4 e6h6 h4h6	2305	050y1318191n1w
xx7p5	8/7p/p3k1p1/1p3p2/1PpK1PP1/P1P4P/8/8 b - - 1 36	f5g4 h3g4 h7h5 f4f5 e6f6 g4h5 g6h5	2305	0g0p1e1w
yAMb2	r3k2r/4bpp1/p3p1np/8/1p2Q3/1q1b1NB1/5PPP/2R3K1 w kq - 0 26	e4c6 e8f8 c6a8 e7d8 a8d8	2305	0s10131619
yBO09	4k3/pR6/4P1p1/7p/5P2/2pn4/2r3PP/1R5K b - - 4 32	c2b2 b7b2 c3b2 h1g1 a7a5 g1f1 a5a4	2305	000g0h0p1l1w
zHMI3	6rk/ppp1R1pp/8/5p2/1qbQ4/8/1B3PPP/6K1 w - - 6 33	e7e8 b4b2 e8g8 c4g8 d4b2	2305	010p10
ztgGw	6k1/p1p1pr1p/6p1/4p3/2PnQ1b1/2N3Pq/PP2P2P/2R1R1K1 b - - 0 23	g4f3 e2f3 d4f3 e4f3 f7f3	2305	010s10191n
05iL1	2kr4/p1p2Q1p/1pP1p3/PP4r1/7q/7P/5PP1/R4RK1 b - - 0 26	h4h3 g2g3 g5h5 f7h5 h3h5 a5b6 c7b6	2306	010p1g1w
0pWM4	rnbq1rk1/pp2bppp/4pn2/2pPp3/5P2/2N2N2/PPP3PP/R1BQKB1R w KQ - 0 8	d5d6 e5e4 d6e7	2306	00011c1o
1gcWM	N6k/pp4p1/8/2b3q1/6rp/1Q4P1/PPP2P1P/R4RK1 b - - 0 23	h4g3 g1g2 g3f2	2306	000g0j0k191o
1haw3	8/8/3k4/p1p2R2/Pp3K2/1Pn2P2/8/8 b - - 0 48	c5c4 b3c4 b4b3 f5a5 b3b2	2306	000g0p101n
1oQe9	3nr1k1/ppR3b1/3Q3q/6p1/3Pp3/2P5/PP4P1/5RK1 w - - 2 31	d6d7 h6g6 c7c8	2306	0g191o
26Gxc	7r/p4kb1/3q1n2/PPp1p1p1/2Pp1pP1/1Q1P3P/1B3PK1/RR6 b - - 2 28	f4f3 g2f3 e5e4	2306	050g191o
3Q032	r3rnk1/1pq1bpp1/p2p3p/4p2B/4b3/P5B1/1P3PPP/1QR2RK1 w - - 0 21	h5f7 g8f7 b1a2 f8e6 c1c7	2306	0105101c1g1n
3n2q9	5Q2/bp6/k4r2/3p1P2/1P1q4/3P3P/6P1/4R2K w - - 3 45	f8f6 d4f6 e1e6 a6b5 e6f6	2306	050g0p0r0s101n
457ls	4k3/1p6/p3N1p1/4Q3/4KP2/5P2/PPrq4/R7 b - - 2 28	d2e2 e4d5 e2c4 d5d6 c4c6	2306	0p101316
48ESh	2r2rk1/p4ppp/1p2p3/1B2q3/3bb1P1/P3P2P/1P3Q2/2R2RK1 w - - 0 26	f2f7 f8f7 c1c8 f7f8 f1f8	2306	0i0y101316191n
48M4E	r3r1k1/p4pp1/5n1p/qQ1p1B2/N2Pn3/4P1P1/P4PP1/1RR3K1 b - - 2 25	a5b5 b1b5 e4d6 f5d3 d6b5	2306	01050s101119
54Agb	8/p7/2p5/1p6/1P3kpK/P1P5/7P/8 b - - 1 42	a7a6 h4h5 g4g3 h2g3 f4g3 h5g5 g3f3	2306	0g0h0p1e1l1w1z
6Ra36	1r4k1/p1B2ppp/b7/1q6/1b1P4/1QP1P3/P4PPP/2KR3R b - - 0 22	b4a3 c1b1 b5f5 b1a1 b8b3	2306	0g0j0r10191g1k
7b77C	3r2k1/pp3pp1/1q3n1p/3bN3/3Q4/6P1/PP4BP/3R2K1 w - - 4 26	d4b6 a7b6 e5c4	2306	0111191o
8dVX3	r3r3/ppp4p/5p2/b2P1P2/2Pk4/1PN3P1/P2K3P/2R4R b - - 4 24	e8e3 h1f1 e3d3 d2c2 d3c3	2306	0g0p0r10
9WdYu	2rqr1k1/5pbp/p5p1/Pp1p1b2/1PnBp3/4P3/1Q1NBPPP/2R2RK1 w - - 7 23	c1c4 d5c4 d4g7	2306	01191o
9liAR	r1k5/1p3ppp/p2Rp1n1/8/B7/P4nB1/1PP4P/2K5 w - - 0 22	a4d7 c8c7 d6a6 c7d7 a6a8	2306	010j0k0p101k
A5oXk	6k1/1p2p1bp/p5p1/3qp3/1r6/8/5QPP/4RR1K w - - 0 29	e1e5 b4b2 e5d5 b2f2 f1f2	2306	0g0p1011
AYBSq	r4r1k/1p3Ppp/2n5/4nQ2/p3R3/1Bq5/P5PP/5R1K w - - 0 25	e4h4 h7h6 b3c2 c3c2 f5c2	2306	011019
AilmJ	8/p7/4k1pp/3pP3/P2K2P1/7P/8/8 w - - 0 39	a4a5 a7a6 h3h4 g6g5 h4h5	2306	0g0h0p101e1l1z
B0AWK	2kr3r/pp3ppp/4p3/8/1nq5/2N1PNP1/PP3PP1/2Q3KR w - - 8 20	h1h4 c4c7 h4b4	2306	01191o1p
BS5Y8	3r3r/1kp3pp/pn6/3P3q/Q3pp2/1NKnB3/P4PPP/R6R w - - 0 21	a4c6 b7b8 e3b6	2306	0g0i11191o
BZCiO	8/4k3/P2pp1p1/6P1/1r2PP2/1p1K4/1R6/8 w - - 2 42	a6a7 b4a4 b2h2	2306	000g0h0p1m1o
DnKRE	8/8/4k3/7p/4K1pP/5P2/8/8 b - - 0 47	g4g3 e4e3 e6f5 f3f4 f5g4 f4f5 g4h3	2306	0g0p1e1w1z
E7VNh	1r1q1rkn/3bbp1n/1p1p4/p2PpPB1/4P3/2N4P/PP1QB1P1/2R2RK1 w - - 1 22	g5e7 d8e7 f5f6 h7f6 d2g5	2306	0g0y1019
ExVCi	5r2/3q1ppk/4p2p/1p2P2Q/r1p3R1/4R2P/5PP1/6K1 w - - 2 40	g4g7 h7g7 e3g3 g7h7 h5g4 d7d1 g4d1	2306	050g0p1n1w
F069B	r2k2r1/pp2qp1p/5NpB/5b2/7Q/P1Pn4/5PPP/3R2K1 w - - 19 29	h4d4 d8c8 f6g8	2306	0111191o
FGbdm	8/8/3P4/p1p1p3/2P1Pk2/1P4p1/5p2/5K2 w - - 0 71	f1e2 f2f1b e2f1	2306	0g0p111e1o
FiyFU	r4r2/p4p2/1p2pPkp/2p1P1q1/4R3/4Q1P1/PPP5/5RK1 w - - 1 26	e3d3 a8d8 e4d4	2306	0g0j0k0p1l1o
Fonv2	2r1k1r1/1p3p2/1p1Q3p/pP2p3/P3Pn1q/2P1N3/5PPP/R4RK1 b - - 0 19	g8g2 e3g2 h4g5 d6e5 g5e5	2306	0g0y101112191n
GQiVp	7r/4nk1p/Q4ppb/2Pb4/1pB5/1P3N2/KR4PP/3q3R b - - 2 23	d1h1 c4d5 e7d5 a6b7 d5e7 b2e2 h8e8	2306	0g0h0t11191w
JS7sP	3rr1k1/1p1qbppp/p1n5/2p1p2Q/8/PP1PP1Pb/1BP2PBP/1N1R1RK1 b - - 4 20	h3g4 g2c6 b7c6 h5e5 e7f6 e5c5 f6b2	2306	010s191p1w
JcOee	2r1rbk1/3nqpp1/2b4p/p2pPQ1P/3B4/1BP3R1/P3N1P1/R3K3 w Q - 1 24	b3c2 d7f6 f5f6 e7f6 e5f6	2306	0g10191g1l
K13zd	rq1r2k1/5p1p/4n1p1/1PN1Q3/7P/1R6/1P3PP1/4R1K1 b - - 0 25	a8a1 b3e3 b8e5 e3e5 a1e1 e5e1 e6c5	2306	011112191w
K5aBr	4Rrk1/6p1/1p1p3p/3P4/1PPK2p1/4Qp2/5q2/4R3 b - - 5 48	f2e3 e8e3 g4g3	2306	0g0p11121o
KWlNe	5r2/p4k1B/5n1P/6Q1/3Rp3/4P1P1/PP3P1K/2qq4 w - - 1 35	h7g6 f7e6 g5f5 e6e7 f5e5	2306	0r10131619
KyMhi	8/8/1p6/P5k1/2PK1p2/8/8/8 b - - 0 55	b6a5 c4c5 g5f6 c5c6 f6e7 d4c5 e7d8	2306	0g0h0p11121e1w
Lwn3U	2r5/6k1/pb1p2p1/3Pp1Pp/b1q1Bp1P/2B2P2/1P1Q2K1/4R3 w - - 11 46	d2f4 c8f8 c3e5 g7g8 e5f6	2306	010h10191g
MNhmk	r1k5/ppp3pp/3q4/2bQr3/3N1B2/3P4/PPP3PP/R5K1 w - - 0 22	d5g8 c8d7 g8g7 e5e7 f4d6 e7g7 d6c5	2306	01191k1w
Mu4Tu	2r2QBr/1bk1n3/p2p1bpp/3q1p2/Np1p4/1P6/P1P2PPP/4R1K1 w - - 4 24	e1e7 c7b8 g8d5 f6e7 f8e7	2306	011019
NorpQ	r4rk1/ppq2ppp/2nbpn2/1BPpN3/4bB2/2P1PN1P/PP3PP1/R2QK2R b KQ - 0 11	d6e5 f3e5 c6e5 d1d4 c7a5	2306	011019
O4M33	8/3k1KP1/2p5/2P2R2/2q5/8/8/8 w - - 5 68	f7f8 c4h4 f5f7 d7e6 g7g8q	2306	000d0g0h0p101h1j
Ovqyd	2k1r3/p1p4p/1p6/3pn3/3P1Q1p/2P2P2/2P1K1PP/1q2R3 w - - 0 29	e1b1 e5g6 f4e3	2306	010p0t1o
Ow2AY	8/2p5/pk6/3R4/K2p2P1/1P1P4/1r6/8 b - - 0 38	b2a2 a4b4 c7c5 d5c5 a6a5 c5a5 a2a5	2306	0g0p1m1w
PVMNo	rn1qk2r/pb3ppp/1p1b1n2/2ppN3/8/1QN3P1/PP2PPBP/R1B1K2R w KQkq - 2 12	c3d5 b7d5 g2d5 d6e5 d5a8	2306	0110111c1t
PYELg	r3k2r/ppp2ppp/8/3N1q2/3Pp1n1/1P6/PBPP1PPb/R2Q1R1K w kq - 2 13	d5e3 g4e3 f2e3 f5g5 h1h2	2306	011019
PiSdE	rnb5/4qk2/2p1p2Q/3n1r2/3P4/6R1/P1P2PPP/5RK1 w - - 2 24	h6g6 f7f8 g6g8	2306	1315191o
PpQog	r2qr1k1/pp2b2p/3p2p1/2pP1pN1/2P2P1n/2Q1BPR1/PP5P/R5K1 b - - 1 22	e7f6 c3d2 e8e3	2306	0g0j191o
Q0F9U	2R5/6pk/7p/7P/1p4P1/r1P2K2/8/8 b - - 0 56	a3c3 c8c3 b4c3 f3e2 h7g8	2306	0g0h0p101m
Q7ini	2b5/8/p4p2/P6p/2KP1P2/3B1kP1/8/8 b - - 10 52	f3g3 d4d5 h5h4 c4d4 h4h3	2306	080g0p101l
QFJD4	8/1p6/1p5p/PPpp1k1P/3P1p1K/2P2P2/8/8 b - - 0 40	b6a5 d4c5 f5e6	2306	0g0h0p11121e1o
R2iOf	r6r/pp2q1p1/5bkp/1B2p3/2QpP1b1/5N1P/PPP3P1/3R1RK1 b - - 0 18	g4f3 f1f3 a7a6 b5a4 b7b5 a4b5 a6b5	2306	0g0s191w
S2KL5	3k1b1r/p2r1ppp/8/3pQb2/1q1PnB2/4P3/P4PPP/2RK1B1R w - - 4 19	c1c8 d8c8 e5e8 c8b7 e8b8 b7c6 b8c8 d7c7 c8c7	2306	050r1318191n1w
SGkhp	r2qr1k1/ppp2pp1/1n1p1b1p/3P1b2/P7/2N1BNnP/1P2BPP1/2RQR1K1 w - - 1 18	e2b5 e8e3 e1e3	2306	01191o
Son7Q	1r6/2q2pk1/2p3p1/3p2P1/Pp1PbP2/4B2B/5K2/3Q2R1 b - - 0 37	b4b3 h3g2 e4f5 d1e2 b3b2	2306	000110191l
TAHeL	4rk2/q2r2p1/p1p2p1p/1pP1Q3/1P2P3/1P3R1P/6PK/5R2 w - - 3 32	f3f6 g7f6 e5f6 d7f7 f6h8 f8e7 f1f7 e7f7 h8h7	2306	050g0p1n1w
Tqir2	k7/8/2p5/7P/1rB5/p5P1/5PK1/8 w - - 4 45	h5h6 b4b5 g3g4	2306	0g0h0p1o
UZcM5	k2r3r/3p1p2/B1b1p3/1Q2P1pp/Pb1q1n2/NP6/5P1P/R2R2K1 w - - 4 24	a6b7 c6b7 d1d4	2306	0g191o
VHiWK	2qr1rk1/pp3p2/2n4p/2bR2p1/5B2/1QP3P1/PP3PBP/5RK1 b - - 1 19	d8d5 b3d5 c6e7 d5f3 g5f4	2306	011019
VSUPT	r1b2r1k/4bp1p/p1qp1Nn1/1p3QP1/7R/PN1PB3/1P5P/5RK1 b - - 10 25	c6g2 g1g2 g6h4	2306	050g0y191n1o
VV4os	8/2Q3kp/3p2p1/1Pp2q2/p7/P5bP/1P1P2B1/6K1 b - - 3 29	g7h6 c7e7 f5f2 g1h1 g3e5 e7e5 d6e5	2306	0g0h0p0r1w
VVzXz	6k1/p3qpp1/2QN3p/8/5nP1/5P1P/PP2R2K/8 b - - 0 36	e7e2 h2g3 e2e1 g3f4 g7g5 f4f5 e1e6	2306	0p13171w
XKqHE	8/1kp5/1pq5/p7/4Q1P1/3K4/8/8 w - - 2 43	g4g5 a5a4 e4c6 b7c6 g5g6	2306	0g0p101i1l
XVT9t	4rrk1/ppp2ppp/3b2n1/3q3B/1P1N4/P1P2Q1P/3R1R1P/2B3K1 b - - 6 21	e8e1 f2f1 d5g5 f3g2 e1f1 g1f1 g5h5	2306	010s191g1w
YX8oh	r4rk1/2q2ppp/p2bpn2/1p4Q1/2pN4/4P1P1/PBP2PbP/R4RK1 w - - 0 21	d4f5 f6e8 b2g7	2306	0g0j191o
YgwAc	r3k2r/pp4p1/2p1p3/4b2p/4P2q/5Q2/PPPB4/R4RK1 w kq - 0 19	f3f7 e8d8 d2a5 b7b6 a1d1 d8c8 f7e6 c8b8 e6e5	2306	0g0r0s191w
ZdfHJ	2bkr3/6p1/1NP2p2/1P1P4/8/6P1/5KP1/8 w - - 1 32	d5d6 e8h8 c6c7 d8e8 b6c8	2306	000g0i0p0r10
ZilEd	r4rk1/pb3ppp/1p1b4/1Nq2p2/5n2/2P4P/PP3PP1/R1BQRBK1 b - - 3 18	f4h3 g2h3 d6h2 g1h2 c5f2 f1g2 f2g2	2306	050d0i0y1317191n1w
axJSi	8/2p4p/p1p2p2/1p6/5P1P/2k3P1/P1r5/2R2K2 w - - 0 29	c1c2 c3c2 g3g4 c2b2 g4g5 f6g5 f4f5	2306	010h0p1l1m1w
bA3kk	r3k2r/3pbppp/4p3/Rq1nP3/2bPQ3/5N2/3B1PPP/1BR3K1 b kq - 0 20	a8a5 d2a5 e7a3 c1c4 b5c4	2306	011019
bTphc	1r6/p6p/3PPppk/7q/5Pr1/8/P1R2Q1P/3R3K b - - 0 38	h5d5 d1d5 b8b1 c2c1 b1c1 d5d1 c1d1 f2e1 d1e1	2306	0p13181n1w
bm3ic	4r1k1/5pp1/p4b1p/2qrp3/1N2Q3/1P6/P4PPP/R4RK1 b - - 3 23	d5d4 e4c6 e8c8 c6c5 c8c5 b4a6 c5c6 b3b4 c6a6	2306	0g191w
dDZJK	5nk1/1b6/p7/1p1pb2p/8/2P1B1qP/PPB3P1/R2Q1K2 b - - 3 31	d5d4 c2b3 g8g7 e3d4 b7g2 f1e2 g2f3	2306	0g0h191w
dRi9g	r2q4/k1p2Q2/pp2R3/5P2/7p/5PnP/Pb3BK1/8 w - - 2 31	e6b6 b2d4 f2d4 g3f5 b6d6 f5d4 d6d8	2306	0g0j0k191g1w
dZaAG	Q7/3Bk1p1/P7/8/8/1P2q1b1/P4R2/7K b - - 1 30	e3e1 h1g2 e1f2 g2h3 f2h2 h3g4 h2h4 g4f3 h4h1 f3g3 h1a8	2306	0g0p0r0s111p1w
dhMVU	2r3k1/1p2rp1p/p5p1/1b1P4/3q4/1PN2Q1P/P4PPK/2R4R b - - 4 26	e7c7 c3b5 d4e5 f3g3 e5g3 h2g3 c7c1 h1c1 c8c1	2306	01191n1w
diZL0	4rrk1/pbp2ppp/3q4/1Q4N1/2p3P1/2N5/PPPP2PP/R1B2RK1 b - - 0 15	d6d4 g1h1 d4f2 f1f2 e8e1 f2f1 e1f1	2306	0y1317191n1w
dqhNc	r3k2r/4bpp1/p1ppp1p1/2p5/4P3/1PPP2qP/PB1K4/RN1Q3R b kq - 0 17	g3g2 d2c1 e7g5 b1d2 g5d2	2306	011019
eRmZD	2bk1r2/r5p1/p1pP2Qp/q1p4B/2P4b/7P/PP3PP1/R1B2RK1 b - - 3 19	c8f5 g6g3 h4g3	2306	0g191o1t
f8n3Z	8/8/4k2p/5p1P/8/5PK1/8/8 b - - 2 54	e6e5 g3f2 e5f4 f2g2 f4g5	2306	0g0p101e1z
fLE3R	8/5pp1/1p1k2p1/p2p4/PP1K3P/2P3P1/5P2/8 b - - 0 44	b6b5 a4b5 a5a4 c3c4 a4a3	2306	010p10111e1l
fvIYg	r4rk1/p1p2ppp/b1Nq1n2/2bP4/8/2N5/PPPP1PPP/R1BQR1K1 b - - 2 10	c5f2 g1f2 d6f4 f2g1 f6g4 d1g4 f4g4	2306	01050y191n1w
hH9HC	3r3k/p3r2p/1p1b2p1/3Bp1B1/4P3/PP1p3Q/4q1PP/5RK1 w - - 0 34	g5f6 e7g7 f6g7 h8g7 f1f7 g7h8 f7h7	2306	050s111317191f1w
inIkN	6k1/1p3p2/p1p3q1/2Pp4/3Pr3/P3P3/3K3Q/3R4 w - - 5 35	d1h1 g8f8 h2b8	2306	0g0p1l1o
ityzm	5k2/1b1R4/p3r2p/1p4n1/P1p2q2/8/1P3PP1/1B1QR1K1 b - - 4 37	g5h3 g1h1 h3f2	2306	0g0i11191o
j4TOZ	r4rk1/4Q1p1/4p2p/1pp1p3/p3P3/2P3PP/PP1q1P1N/R3R1K1 b - - 0 23	f8f2 h2g4 f2g2 g1h1 g2g3 e7e6 g8h8	2306	0g0h0y191w
jCA7q	3q4/b4R2/k4p2/1p1p1P2/4Q3/P6P/1Pr5/3R3K b - - 0 43	c2h2 h1h2 d8b8 h2g2 d5e4 f7f6 a6a5	2306	050g0h0p0r111n1w
kZUGe	3k4/pp3B2/2b1r3/4P3/5P2/2p3R1/P7/6K1 b - - 1 43	c3c2 g3c3 e6h6 c3c2 h6h1 g1f2 h1h2 f2e3 h2c2	2306	00010p0r1l1p1w
l2Mjv	5rk1/pp3pp1/2p1p1bp/2q5/2B5/1P4R1/r4PP1/4RQK1 w - - 0 26	b3b4 a2f2 b4c5	2306	0111191o
ld8Jo	8/1q4pk/8/5p1P/4pB2/1p4PK/1Q3P2/8 b - - 2 62	e4e3 b2b1 b7e4 b1e4 f5e4 f2e3 b3b2	2306	000d0g0p1w
lsEuc	5k2/1p5p/4p1p1/1P3p2/3Pp3/4PPP1/6KP/8 w - - 0 35	f3e4 f5e4 g2h3	2306	0g0h0p11121e1o
mjJTb	r1R2r1k/5Ppp/4Q3/pp6/5q2/1P1p4/P4P1P/2R3K1 w - - 0 30	c8f8 a8f8 c1c8 f4f7 e6f7	2306	010p101g
ml4fM	r2r2k1/4pp1p/2p3p1/p1Pq1b2/8/2Q2N1P/P3BPP1/2R3K1 w - - 3 25	e2c4 d5d7 c4f7 g8f7 f3e5 f7g8 e5d7	2306	050g0s191n1w
neGvc	8/5p2/4pK2/1r5p/1k3P1P/1P3R2/8/8 b - - 3 52	b5f5 f6e7 e6e5 e7d6 f5f4 f3e3 f7f6	2306	0g0h0p1m1w
orNlY	8/5p2/4p3/4P1R1/3P1k2/4r3/3K4/8 b - - 2 68	e3e4 g5h5 e4d4	2306	0g0p1m1o
q4Bun	r1b2rk1/pp5p/3b1qp1/3pn3/2p5/P1P1BN2/1PQ1BPPP/R4RK1 b - - 1 16	e5f3 e2f3 f6e5 f3d5 e5d5	2306	0d0g0y10111219
rJmS4	b4bk1/5ppp/p7/3qNp1Q/3B1P2/4P2P/PR4PK/1r6 w - - 12 36	e3e4 f5e4 b2b1	2306	0g191o
rkgES	1R6/2P4p/3kp1p1/p4p2/Br3P2/1p6/5KPP/8 b - - 2 39	b4f4 f2e3 f4e4 e3f3 d6c7 b8b3 e4a4	2306	0g0p0s1w
s3zUD	8/4k3/1p2pp2/1P2P1p1/4K2p/5P1P/6P1/8 w - - 0 49	e5f6 e7f6 f3f4	2306	0g0p1e1o
tDELl	5rk1/ppp2Rpp/6n1/3PN3/2P1R2q/4n2P/PPQ1N1P1/6K1 b - - 0 24	h4e1 g1h2 e3c2	2306	01191o
tXjsu	r3r1k1/bpp2ppp/p2p4/8/PP2P1q1/2PQ1N2/1B2RP2/R6K b - - 1 23	g4h3 h1g1 e8e6	2306	0g191o
tzBIp	5rk1/5pp1/pp1Np2p/3nP3/3p2Q1/P4R1P/1q3PPK/8 w - - 0 28	d6f7 f8f7 g4e6 d5f6 e5f6	2306	0b0g0p10
uoiz1	2r3k1/5pp1/3P3p/R1p1p3/2b5/6P1/5KBP/8 w - - 0 43	d6d7 c8d8 a5a8 g8f8 a8d8	2306	000g0p10111g
ur59W	rn3rk1/pb2qpp1/2p1p3/1p1n2N1/3P3P/2N1P3/PP3PP1/R2QK2R w KQ - 2 14	c3d5 e6d5 d1h5 e7e4 g5e4	2306	0g101c
vXJIO	brr2k2/3q1p2/4pb1R/3p4/p2P4/P1BQ4/1PB2PP1/2KR4 b - - 0 25	c8c3 d3c3 f6g5 c1b1 g5h6	2306	010s1011191n
wJIRw	1Q6/8/2qb3Q/5kp1/8/6PK/7P/8 b - - 0 56	g5g4 h3h4 d6g3 h4h5 c6h6 h5h6 g3b8	2306	0g0j0p1w
xLrQY	8/5pk1/5bpp/8/pR2p1P1/2P4P/1P2KP2/2r1N3 b - - 1 35	a4a3 b2a3 f6c3	2306	010i0p111o
xjJCf	r2q1rk1/ppp1n1bp/2np2p1/3NN3/2P1P1bB/8/PP2BPPP/R2QK2R b KQ - 0 11	g4e2 e5c6 e7c6 h4d8 e2d1	2306	0110111c
ybU7n	3r2k1/ppp1Qppp/2p5/7q/2P2P2/1P6/P5PP/R2r1R1K w - - 5 24	g2g4 h5g4 a1d1 g4d1 f1d1 d8d1 h1g2	2306	010p1w
yf1xp	r1b1k1nr/pp2ppb1/2np4/6B1/2N3q1/3B1N2/Pp4PP/1R2QRK1 w kq - 0 15	c4d6 e8f8 d6f7	2306	0g111c1g1o
yiVqE	r5r1/1p2kp2/pQb1pn1p/6q1/7p/1N3B2/2P3PP/3R1R1K w - - 6 25	f3c6 b7c6 b6b7 e7f8 b7a8	2306	0g0v101119
yp7nD	q7/p2PR3/1p2Qpkp/2pr4/P7/6P1/1PP2PK1/8 b - - 3 44	d5e5 f2f3 e5e6 e7e6 a8d5	2306	0g0j0k0p10
zIMxy	1rbq1rk1/3p1ppp/p1p1pn2/8/1b2P3/1PNBB3/P1PQ1PPP/R4RK1 b - - 4 11	d8a5 e3d4 e6e5 a2a3 e5d4 a3b4 d4c3 b4a5 c3d2	2306	000g191w
zger3	6R1/8/1p1q1rpk/p4pp1/1n1p4/1P3PP1/2P4P/4Q1K1 w - - 2 39	e1e8 d6e6 g8g6 h6h7 e8e6	2306	010p10
zlqrr	6k1/1pp5/1p1pp2p/4p1pq/PP2P3/3PrrRP/8/5RQK w - - 5 27	f1f3 e3f3 g1d1 f3g3 d1h5	2306	0g0p10
1IX47	3r1rk1/1p1qn1pp/p2pb3/2n1pp2/2N4B/8/PPP2PPP/R2QRBK1 w - - 4 17	d1d6 d7d6 c4d6	2307	0111191o
2jzHy	3rr1k1/p4ppp/8/1P3Q2/q7/3N4/PP1B1PPP/RN3K1R b - - 6 21	a4d1 d3e1 d1e2 f1g1 e2e1 d2e1 e8e1	2307	060i1317191n1w
3G4mt	8/8/3k2p1/1p5p/pP3K1P/6P1/1P6/8 b - - 0 40	d6d5 f4g5 d5c4 g5g6 c4b3	2307	0g0p101e
3LRoX	r1bqk2r/pp2ppbp/2np2p1/8/3NP1n1/2N1B3/PPP1BPPP/R2Q1RK1 w kq - 3 9	e2g4 c8g4 d4c6 g4d1 c6d8	2307	01101c
3dFmn	2r1r3/8/p7/1p3p2/1R3P2/P1P1pq1P/kP2R2K/3Q4 b - - 3 36	f3h3 h2h3 e8h8 h3g2 c8g8 g2f1 h8h1	2307	050p13171n1w
3sMwH	2r2r1k/4b1pp/1q1p4/3Ppb1P/pp2B3/5P2/PPPQ4/1KNR2R1 w - - 2 23	d2g2 e7f6 e4f5	2307	0g0v191o
4LabD	6k1/1p5p/2p5/2npR1pN/2r3P1/b1NB3P/2K5/8 b - - 2 31	c4c3 c2c3 a3b2 c3b2 c5d3 b2c3 d3e5	2307	050g0i0r0s11191n1w
4tAL5	3Q4/1q6/4p1pk/3bPpRp/2p2P2/7P/r5PK/8 w - - 2 45	d8h8 b7h7 g5g6 h6g6 h8f6	2307	050p1013161g1n1s
5b0Yf	2k3r1/5R2/PP1p4/2pN1p2/2PbPQ2/5n1r/8/R4K2 b - - 2 35	g8g1 f1e2 g1g2 e2d1 h3h1	2307	0r10131619
6E8zp	3rrbk1/2pq1pp1/2bp1n1p/1p1N1P2/2BQP1P1/1P5P/1BP5/3RR1K1 b - - 1 20	c6d5 c4d5 c7c6	2307	0111191o
7fudV	3r1rk1/pp3ppp/5n2/8/2Pq2n1/6P1/PPQB1P1P/3R1RK1 w - - 5 20	d2a5 d4c5 a5d8	2307	01191o
7oVoI	r5r1/ppp1Qqkp/8/8/3P2N1/8/PP6/4R1K1 w - - 7 32	e7e5 g7g6 e1f1 f7f1 g1f1	2307	0g0p10
8oNCj	6k1/1p2Q1p1/4b2p/p3P2K/3p1qP1/3r4/P6P/5B2 w - - 0 41	e7e8 f4f8 e8e6 f8f7 e6f7	2307	0g0p0s101112
9bsI6	r1b1rk2/2p2ppQ/p6p/1p2q3/1b6/2N5/PPB2PPP/R4RK1 w - - 0 18	a1e1 e5e1 h7h8 f8e7 f1e1	2307	010v0w10191n
9jIre	8/8/5k2/1p3Pp1/1P2p1P1/8/3K4/8 w - - 2 51	d2e2 f6e5 e2e3 e5d5 f5f6 d5e6 e3e4	2307	0g0p1e1w1z
A8zKO	8/5q1k/p2p2p1/8/Pp1B4/6KP/1PP1Q2R/5r1b w - - 8 41	h2h1 f1h1 e2e4 h1h3 g3h3	2307	0g0p101n
AXYjD	6k1/p1rb1p2/1pn2p2/5Bp1/3N4/1P5P/P4PP1/3R2K1 w - - 1 25	d4b5 d7f5 b5c7	2307	0g0p111o
BUjEa	1qr3k1/p4ppp/4p3/2p1P3/4Q3/1P3N2/n4PPP/3R2K1 w - - 0 23	f3g5 g7g6 e4h4 h7h5 g5f7	2307	010p10
BXlvp	r1r3k1/1pq2p1p/6p1/p3Pb2/5P2/P2BQ2P/1PP3P1/2KR3R b - - 2 21	c7c2 d3c2 c8c2 c1b1 c2c3 d1d3 c3d3 e3d3 f5d3	2307	0g0j0k191k1n1w
BkCV8	5r2/3b1p2/4pkpQ/4p3/1p2P1P1/qP3N2/2K5/3R3R b - - 2 28	a3a2 c2d3 d7b5 d3e3 a2e2	2307	10131619
Br3lv	8/3kb3/p3N2p/3pq2b/Pp1N2Q1/1P4P1/1K6/8 w - - 2 42	e6c5 d7e8 g4g8 e7f8 g8f8 e8f8 c5d7 f8e7 d7e5	2307	050g0k0m0p0r0s1n1w
CsOE5	6k1/p5pp/q4p2/1p1P4/6P1/1PQ3KP/8/8 w - - 0 34	c3c6 a6a3 c6e6	2307	0g0p1i1o
D1JRL	r4rk1/1b3ppp/nQ2pn2/pp2q3/7N/1P4P1/3PPPBP/R1B1K2R w KQ - 5 14	d2d4 e5c7 b6c7	2307	0111191o
Da3Um	8/6pk/8/pR2n2P/5nP1/P2p4/1P3P2/4K3 b - - 3 36	e5f3 e1d1 f4h3	2307	0g0p11121o
DdUqr	r4rk1/pb2qpbp/1p2pnp1/8/3BN3/1B3P2/PPP3QP/2KR3R w - - 4 16	d4f6 g7f6 d1d7	2307	01191o
FoBEA	r4r2/ppp3bQ/2k2q2/3p4/N3n3/4PN2/PPP2PPP/2KR1R2 b - - 2 17	f8h8 f3d4 f6d4 h7h8 d4d1	2307	0110191k
GV5CB	8/pp4p1/4k3/2p3p1/1P1PK2p/P7/1P5P/8 w - - 0 39	b4c5 g5g4 d4d5 e6f6 e4f4 g4g3 h2g3	2307	0g0p0r111e1w
GWRTA	8/p7/1p3k2/7p/PP2K1p1/2P5/6P1/8 b - - 1 43	h5h4 e4f4 h4h3	2307	0g0p1e1l1o
IrKxg	r1b2b1r/pp2n1pp/2k1q3/3pP3/2B1Q3/8/PPP2PPP/R1BR2K1 w - - 2 15	c4d5 e7d5 c2c4 c6c7 c4d5	2307	0g0s101c1n
KhP9p	3B1r1k/3P2p1/8/8/6q1/pP6/P3RPBp/3R1K2 b - - 1 38	g4h3 f1e1 h3g2	2307	0g0p111o
KxwxI	8/5p2/P1R2p1p/6k1/4K1P1/7r/8/8 w - - 0 42	c6c5 g5g4 c5a5 f6f5 e4d4 h3h1 a6a7	2307	000g0p1l1m1w
LYX3A	r5k1/1pR2pp1/p3pn1p/3r2q1/1b6/5Q1P/PB3PP1/1B2R1K1 w - - 9 24	b2f6 g5f6 f3e4 g7g6 e4b4	2307	0110111219
M61ob	r4k2/p1p1rp1R/2Q2p2/3p4/1P1b4/P1q3P1/2P4P/1KB5 w - - 0 30	c1h6 f8g8 h7g7 g8h8 c6a8 e7e8 a8e8	2307	1317191w
MAC79	r4r2/pp3pkp/3p2p1/4b1q1/2P3b1/1PN2B2/P3QPPP/2R2RK1 b - - 9 21	g5f4 g2g3 f4f3 e2f3 g4f3	2307	0g1019
MrCui	r2q1rk1/ppp2ppp/2np1n2/4p3/1bB1P1b1/2NPQ3/PPP1NPPP/R1B2RK1 b - - 4 8	c6d4 e2d4 e5d4 e3d4 b4c5	2307	01101c
NZ9S4	8/p2P1k1p/2q2bpB/2p5/4b1P1/P4R1P/1P4K1/4R3 w - - 1 33	d7d8n f7g8 d8c6	2307	000g0p111g1h1o1v
OG50m	8/5ppp/3N4/3P4/k1R1p3/4K3/rp3PPP/8 b - - 1 34	a4b3 c4c8 a2a4 d6e4 a4e4 e3e4 b2b1q	2307	0001050d0h0p0r1h1l1w
OacRa	4r1k1/pp3pb1/2p3rp/3pP3/3P1Q2/1qP2N1P/6P1/2B2R1K w - - 0 31	f3d2 b3c3 f4f7 g8h7 f7e8	2307	0g0s1019
P2GVI	8/5k1p/1Bn5/2Pp1p1K/3P1P2/6P1/4r3/3R4 b - - 0 37	e2h2 h5g5 c6e7 g3g4 h7h6	2307	0p1013161l
P7tZJ	r3q1k1/p1p2R1p/3p2p1/3Q4/2P5/2P1P1P1/P5PP/6K1 b - - 0 19	c7c6 d5f3 e8f7	2307	0g0p1o
PS8CT	8/8/8/7R/5k1P/6p1/4r3/5K2 b - - 3 54	g3g2 f1g1 f4g3 h5g5 g3h3 h4h5 e2e1 g1f2 e1f1	2307	000g0p0r1m1w
PcRpA	r4r1k/ppp2p1p/2n2qp1/4pN2/4P3/2PP4/PP3K2/RNBB2R1 w - - 2 21	c1g5 f6e6 d1b3	2307	0g191o
QC5LP	1r1q1rk1/pbp2pp1/1bp4p/6N1/7P/2PB2P1/P2Q1P2/3R1RK1 w - - 0 18	d3h7 g8h8 d2d8 b8d8 d1d8 f8d8 g5f7 h8h7 f7d8	2307	050g0j0s191w
QrvFb	2rqk2r/1b2bppp/p3p3/1p2P3/3N2R1/8/PP3PPP/RNBQ2K1 b k - 0 15	h7h5 g4g3 d8d4	2307	011c1o
RVg2S	r4Rk1/ppp3pp/2npP3/8/P3p1nq/2PP2N1/2PB2BP/R2Q2K1 b - - 0 16	a8f8 h2h3 g4f2 d1h5 h4g3	2307	0g1019
RWqlg	3rk2r/1Qp2ppp/p1n1pq2/8/3Pb3/2P1PN1P/P3BPP1/R3K2R b KQk - 2 15	c6d4 b7e4 d4f3 g2f3 f6c3 e1f1 c3a1	2307	010j0s191w
SFsP9	5k2/ppq4p/2n3n1/2pQ4/2Bp2P1/2P5/PP1B2K1/r7 w - - 2 29	d5g8 f8e7 d2g5 e7d6 g8e6	2307	0r10131619
SHP1r	2q3rk/1pp2Q1b/3p1P2/1P6/2P2P2/2B2RP1/r7/4R1K1 b - - 0 32	c8h3 f7g7 g8g7 f6g7 h8g8 e1e8 g8f7 e8f8 f7g6 g7g8r h7g8 f8g8 g6f7	2307	01191w
StFY8	8/7p/5N2/8/6p1/8/5K1k/8 b - - 1 40	g4g3 f2f3 h7h5 f6h5 g3g2 h5f4 g2g1q	2307	000g0p0z1h1l1w
T7D8R	2r2r2/1p1k1qQ1/pn5p/n2pP3/b1pP4/2P1B1P1/PP5P/R3R1K1 w - - 1 29	e5e6 d7e6 e3g5 e6d6 g7h6	2307	0g0j0k0r10191g
TX2by	7r/p1p2pk1/1b3p1r/4p3/2RqP1P1/1B1P1Q1P/P5K1/7R b - - 12 34	h6h3 c4d4 h3h1 f3g3 b6d4	2307	0g10191n
UPlEU	3r1rk1/b4pp1/RN2b2p/4P3/1R2P3/5NP1/6PP/7K b - - 0 28	d8d1 f3g1 f8c8	2307	010d0h191o
Uup4k	8/8/1p1k1p2/2p2P2/p1PPp2p/P3K2P/1P6/8 b - - 1 39	c5d4 e3e4 d4d3 e4d3 d6e5 d3e3 e5f5	2307	0g0p111e1w
VfbxF	6rk/pp2p2p/3p4/2pRP2r/2P5/4B2q/PP3QPP/4R1K1 b - - 0 28	h3h2 g1f1 h5f5	2307	0g0y191g1o
Vmr3u	r3r1k1/1b2pp2/p2p2pB/q1p5/1b2PPN1/2NP4/B2K4/6RR w - - 1 24	g4f6 e7f6 g1g6 g8h7 h6f8 h7g6 h1h6	2307	0j0k0y1317191d1g1n1w
Yw9RG	2r5/3Rbk2/4q1p1/1Q3p1p/4p3/p1P3P1/1P6/1K1R4 w - - 0 39	d1d6 e6d6 d7d6 e7d6 b5d7	2307	0d0g0p1011121g
YwjOB	5rk1/4RR1p/2bp2p1/8/4P1B1/4r2P/P5P1/6K1 b - - 0 24	f8f7 g4e6 e3e1 g1h2 e1f1	2307	010h0p10
ZMQRO	r7/pp4pk/2np1r1p/2p1p3/4p2q/PQPP2R1/1P3P1P/R1B3K1 w - - 4 20	b3b7 a8g8 b7c6 f6f2 c6e4 h4e4 d3e4	2307	010s191w
ZhmE5	8/R7/p1rk2p1/1P5p/P7/1K2p3/6PP/8 w - - 0 39	b5c6 e3e2 a7d7 d6e6 d7d8 e6e7 c6c7 e2e1q c7c8q	2307	000g0p0r1h1l1m1w
ZwX9W	r2qr1k1/pp2bp1p/5Bp1/2p1Pp2/2P4Q/1P2R3/P4PPP/4R1K1 w - - 0 29	h4h7 g8h7 e3h3 h7g8 h3h8	2307	050y101316191d1n
ZzuQM	r4r1k/p2q1p1p/2p2pb1/4p3/3b4/P2P1Q1P/1PP3P1/R1B1KB1R w KQ - 1 18	f3f6 h8g8 c2c3 d4c3 b2c3	2307	011019
aMgNS	7r/8/R7/1p6/4p3/P1P1kp1P/1P4P1/5K2 b - - 0 41	h8d8 g2f3 d8d1 f1g2 e4f3 g2g3 d1g1	2307	0g0p0w1l1m1w
aTPm6	2kr4/ppp2p2/8/1Pb2q1p/6n1/2N1PPP1/PBpPK1BP/2Q4R b - - 0 21	f5d3 e2e1 g4e3 d2e3 c5e3 g2h3 c8b8 h3f5 e3d2	2307	0e0g0i191w
ccKjw	2r3k1/1bq3r1/p3n1B1/2p1p3/2Q5/8/PP3PP1/2KR4 w - - 0 26	c4e6 g8f8 d1h1 g7g6 e6g6 c7f7 h1h8 f8e7 h8h7	2307	0g0r191g1l1w
cjbVZ	r1bqr1k1/p4p2/3bp2Q/3p4/6nP/2NB4/PPP2P2/R3R1K1 w - - 0 19	h6h7 g8f8 h7h8 f8e7 c3d5 e7d7 d3b5	2307	0y1317191g1w
dL7rw	4rk2/p3npbQ/1p1Bp3/3pR1N1/3P1qP1/2r5/P1P5/1R4K1 w - - 0 23	g5e6 f7e6 e5f5 e6f5 d6f4	2307	010j101112191g1n1r
eM66s	8/p1k3p1/np6/2p2Pp1/7P/8/8/5K2 w - - 0 45	f5f6 g7f6 h4h5 a6b4 h5h6	2307	010p0z1011121l
eROGN	r6r/1p2ppk1/2p1q3/2Pp4/1P1P1n2/5P2/P1Q3B1/RN1K2R1 b - - 10 35	e6e3 g1e1 e3d4	2307	0g191o
eeVFT	r2q4/1b2p1kp/p2p2P1/2p1n3/4P3/1Pp2r2/PPKQ4/6RR w - - 0 23	d2h6 g7f6 g6h7 f6f7 g1g7	2307	00010i0j0k1019
f3ZnZ	8/p1p3PR/2k3rp/2p5/8/7K/PP6/8 w - - 5 40	h3h4 g6g2 h4h5 c6d5 h5h6 d5e6 h7h8	2307	0g0h0p1m1w
fMdbG	8/3k4/8/4KP1p/6p1/6P1/8/8 w - - 1 57	e5f4 d7d6 f4g5 d6e5 f5f6 e5e6 g5g6 h5h4 f6f7 e6e7 g6g7	2307	000g0h0p1e1w
fVG4D	5Q2/1b1N3p/p5p1/3p1p1k/8/3q3P/5PPK/1q6 w - - 5 50	d7f6 h5g5 h3h4 g5f4 f8d6	2307	0p101316
fmSBF	5rk1/6pp/6p1/8/R2P2P1/2P3KP/1P3r2/R7 b - - 6 31	f8f3 g3h4 h7h6 a4a8 g8h7	2307	0g0p101l1m
fx1yO	4r1k1/ppQ2Rp1/2p1p2p/5b1P/8/1B6/P4qPK/8 w - - 0 32	f7g7 g8h8 c7e5 f2h4 h2g1 h4e1 e5e1	2307	0g0p1w
gUJ35	1k1r3r/1bpp4/1p6/1B2p3/R1P1q2p/8/Q4pPP/R4K2 w - - 3 34	a4a8 b7a8 a2a7 b8c8 b5a6 e4b7 a7a8	2307	0d1317191g1k1n1w
gaXKY	5r1k/1QR2p1p/1p3bp1/pq6/5P2/1B2r3/PP4PP/5RK1 w - - 2 29	c7f7 f6g7 f7f8 g7f8 b7f7	2307	0d0g0y1019
gtE5c	3r4/p2kn3/1p2p3/4P3/2P3Q1/3q4/3N1PP1/1R2K3 b - - 0 36	d8h8 g4h3 h8h3	2307	0g0p111l1o
gym6B	rnQ4r/pp3kp1/3p3p/2pPp3/5P2/P3P3/6PP/q1BK3R w - - 2 19	c8e6 f7f8 f4e5 a1e5 h1f1	2307	0g1019
hPKJB	r1b2rk1/pp4pp/8/2p1n3/4N3/1PP1q1P1/PB2P1BP/R2Q3K w - - 8 19	b2c1 e3e4 g2e4	2307	0g191o1t
i5zQu	r1b1k2r/p3ppbp/6p1/q2p4/3B1P2/8/PPP3PP/R2QKB1R w KQkq - 2 12	b2b4 a5b4 c2c3 b4d6 d4g7	2307	010h1019
iL30t	3r1bk1/3q1p2/p4PN1/1p6/8/3p2QP/PP4P1/3R2K1 b - - 0 32	f7g6 g3g6 g8h8 f6f7 d7d4 g1h1 d4g7	2307	010p1w
iLlE8	5rk1/2pR1np1/p6p/1pq5/7Q/2P3P1/PP3P2/4R1K1 b - - 1 26	f7e5 e1e3 e5d7	2307	0g0p1o
icMzH	8/1p5k/5P2/6B1/pr1p2K1/R3p3/8/8 w - - 0 57	f6f7 h7g7 g5e7 g7f7 e7b4	2307	000d0g0p10
jFbV9	3rk2r/3pb1p1/4p3/1Q3pPq/1B6/3R4/PPP2P2/1K4R1 b k - 0 32	h5g4 g1d1 g4b4	2307	011112191o
jMqQN	8/8/6p1/1p2k3/p1p3pP/P1P3P1/1P3K2/8 w - - 8 51	f2e3 e5f5 e3d4 f5e6 d4e4	2307	0g0h0p101e1z
jXFNQ	r3k2r/pp3ppp/4p3/3pnn1B/3q4/1PB2Q1P/P4PP1/R4RK1 w kq - 0 18	f3f5 d4c3 f5e6	2307	0g191g1o
jkbV8	r3r1k1/2pq2pp/1pn2pn1/p2p4/P2P1bP1/1NPQ1N1P/1P1BRP2/4R1K1 w - - 5 19	d3f5 e8d8 e2e8 d7e8 e1e8	2307	010y1019
kDG5d	8/8/1p3pp1/pP3k2/P2pbP2/3B2KP/2P5/8 w - - 0 40	h3h4 e4d3 c2d3 g6g5 f4g5 f6g5 h4h5	2307	080g0h0p1l1w1z
kuTTp	5rkr/1pR1Qppp/p1b1p3/4P3/2B5/8/2q2PPP/4R1K1 w - - 6 28	e7f7 f8f7 c7c8 c6e8 c8e8 f7f8 c4e6	2307	0y1317191n1w
m8495	5k2/p4r2/8/3RP3/3P1pp1/1R6/2P2PK1/4r3 b - - 1 44	f4f3 g2g3 e1g1 g3h4 g4g3	2307	0g0p101m
mS7Vz	6b1/6k1/1R6/5PN1/6K1/1p6/8/1r6 w - - 0 54	f5f6 g7h8 b6b8 b1f1 f6f7 f1f7 g5f7	2307	000g0p111g1w
nDbS3	8/5pkp/2BPr1p1/1QP5/8/8/P4pPP/4qR1K b - - 3 34	e6e2 b5e2 e1e2 c6b5 e2b5	2307	0g0p10
nJ4H0	8/8/8/8/3p1k2/4p3/4Kp2/R7 b - - 1 71	d4d3 e2d3 f4f3 a1h1 e3e2 h1h3 f3g2	2307	000g0p1m1w
nTsFJ	5rk1/3bp1Bp/6p1/3n4/1pr5/qP3P2/P1NQ2P1/1K1R3R b - - 1 24	c4c2 d2d5 e7e6	2307	0g191o
o41bd	1Qbk2rr/2p2p2/2p2p2/6qp/4R3/3P4/PPP2PP1/5RK1 w - - 2 24	e4d4 d8e7 b8c7 e7f8 c7c8	2307	010i0v1019
o9Mgf	6k1/b4p1p/3pp1P1/8/7P/5R2/2qrBPK1/5Q2 w - - 2 37	g6f7 g8f8 f1a1	2307	000g0p1o
oBUeB	4rk2/3q1r2/p2p4/1p1Q3p/1Pp1PP2/P3R1K1/8/1B5R b - - 1 36	d7g4 g3f2 g4f4 f2e2 f4f2 e2d1 f2e3	2307	0g0i191w
oCYMc	r4rk1/pp3ppp/4p2q/3bN1R1/8/P7/1P1Q2PP/3R2K1 w - - 12 32	e5g4 h6h4 g2g3 h4g5 d2g5	2307	011019
oUgef	rn2kb1r/p2q1ppp/1p3n2/1N1pp3/8/P1N1P3/1PP2PPP/R1BQK2R b KQkq - 1 9	a7a6 c3d5 a6b5 d5f6 g7f6	2307	01101c1t
p5bKW	r1b2rk1/ppqnbppp/2p2n2/4N3/2B5/2N5/PPP2PPP/R1BQR1K1 w - - 1 12	e5d7 c8d7 e1e7	2307	0g0j111c1o
pls52	4r2k/p4p1p/5NpQ/2qP4/8/2N5/P1PK1PPP/1R6 b - - 6 27	c5d4 d2c1 e8e1 c1b2 d4b4 b2a1 b4c3	2307	0i0p0s13171w
rYJQF	6k1/8/p3PQ2/4R2p/2pp2bP/2P5/P6q/4K3 b - - 4 38	h2g1 f6f1 g1g3 f1f2 g3e5	2307	0g0p0r0s10
rvyWH	r3r1k1/3n1ppp/1p1p1q2/3P4/1p6/1P3NPB/4RP1P/R2Q2K1 b - - 0 20	a8a1 e2e8 d7f8 d1a1 f6a1	2307	0110191g
sGk1B	4r1k1/p1p2pp1/1p5p/2n5/3qP3/1B1P1PPb/P1PQK2P/R6R b - - 2 19	c5e4 d3e4 e8e4 f3e4 h3g4 e2e1 d4a1 e1f2 a1h1	2307	010v191n1p1w
sbKFt	r4rk1/pp1n2p1/3B2p1/2ppp1qn/3P4/2N1PP2/PPP1BR2/R2Q3K b - - 1 17	h5g3 h1h2 g8f7 d6f8 a8f8	2307	0g10191n
srky5	8/6p1/5k1p/1p6/1K6/6P1/5P1P/8 b - - 4 41	f6e5 f2f3 e5d4 b4b5 d4e3	2307	0g0p101e
tgk9Z	6k1/1p3bbp/p1p3p1/q7/3PQR2/3B4/6P1/6K1 w - - 0 36	d3c4 g7d4 e4d4 f7c4 d4c4	2307	0g0p10
vGL0y	8/4b3/4bkp1/1pNpN3/1P1P2pp/q3P3/3Q2P1/6K1 w - - 2 38	d2f2 e6f5 f2h4 f6g7 h4e7	2307	0g0i0p101p
vmxOU	8/3k4/1N2p3/1p1p1p1p/5P1P/6P1/5K2/8 b - - 2 50	d7c7 g3g4 f5g4 f4f5 e6f5	2307	0g0h0p0z1011
w2TuP	1k4rr/1n2q3/R2p1p2/3Pp3/4PB2/2N4B/1PP2Q1K/5R2 b - - 0 34	h8h3 h2h3 e7d7 h3h2 d7h7 f4h6 h7h6 f2h4 h6h4	2307	050r1318191n1w
wKQKq	r3k1nr/1p3ppp/pq2p3/2bpP3/3n4/3B3P/PPN2PP1/R1BQ1RK1 w kq - 4 14	b2b4 d4c2 b4c5	2307	0g1c1o
wgRn9	4k3/r2n2bp/p2R2p1/1p2p1P1/PBp1qnQ1/8/2P4P/5RK1 w - - 10 33	f1f4 e5f4 d6e6 e4e6 g4e6	2307	0g0r0s101112191n
wnnkr	r2qk1nr/pp3pbp/2npp1p1/3NP3/1pP2Pb1/5N2/PB1PB1PP/R2QK2R w KQkq - 0 11	d5c7 d8c7 e5d6 g7b2 d6c7	2307	000105101112191n
y5xCN	6R1/3r1r1k/7p/p7/qP1BbPP1/P1Q5/5K2/8 w - - 10 45	g8h8 h7g6 h8h6 g6h6 c3h3 h6g6 h3h5	2307	051317191n1w
yTZJ7	2kr1b1r/ppp2p1p/2n1p3/3n2Qq/6b1/2NP1NB1/PPP1BPPP/R4RK1 b - - 0 11	d5c3 b2c3 h5g5 f3g5 g4e2	2307	010w1019
0HdH1	5r1k/6p1/2QBB2p/3Pb1q1/4p3/4P1P1/1P5P/2R3K1 b - - 0 35	g5e3 g1g2 f8f2 g2h3 f2h2 h3h2 e3g3 h2h1 g3h2	2308	051318191n1w
0JxY0	1r6/6RP/5p2/5p2/4p3/1kp1P1P1/5P2/6K1 b - - 2 38	c3c2 g7g8 c2c1q g1g2 c1c8 h7h8q c8g8	2308	000g0p1h1m1w
0hdec	4rrk1/p5pp/2qb4/2p1p3/1p1pN3/1P1PnRPP/PBP3Q1/4R1K1 w - - 2 25	f3e3 d4e3 e4f6 f8f6 g2c6	2308	0g0j10191n
1H16V	7r/pp3pk1/4bnp1/2bNq3/7p/4PBP1/PP2QP1P/3RB1K1 b - - 3 22	e6d5 e1c3 d5f3	2308	0111191o
1JHR0	2rqr1k1/5p1p/p2npnpQ/1p1B2N1/3P1R2/2P3P1/PP3P1P/4R1K1 b - - 0 23	e6d5 e1e8 d6e8	2308	010t191o
1aJeT	8/7p/pp1k2p1/1Pp1p1P1/2P1K2P/P1P5/8/8 b - - 0 41	a6a5 e4e3 d6e6 a3a4 e6f5 e3f3 e5e4	2308	0g0p1e1l1w1z
2hXut	r5R1/1p1k4/p2pR3/2pPpq2/2P1p3/8/PP3r2/2KQ4 w - - 9 30	d1a4 b7b5 g8g7	2308	0g0p1o
3PqBJ	8/3R1pk1/5qp1/Q6p/Pp2P3/1K6/2P3P1/8 b - - 4 44	f6c3 b3a2 b4b3 c2b3 c3a5	2308	0g0j0p10
3WI9u	4k3/8/p1P2p2/1p3p2/1K6/8/PP6/8 w - - 1 57	b4a5 e8d8 a5a6 d8c8 a6b5 f5f4 b5c4 f4f3 c4d3 f3f2 d3e2	2308	0g0p1e1w
3yZ9B	4rk2/5p2/p7/1p4p1/1qp5/4pP1R/PbQ1K1P1/7R w - - 0 38	h3h8 b2h8 h1h8 f8g7 h8e8	2308	0g0i0p101n1p
5mh99	2r3k1/1p1q1pb1/p3p3/3pPpPQ/2rB2nR/2P5/PP4PP/5R1K w - - 5 26	h5h7 g8f8 h4g4 f5g4 g5g6	2308	01101112191n
5yC6x	k2r4/1p6/p2n3p/4Q2P/8/8/1KP1B1P1/4r3 w - - 3 43	e5a5 d6c4 e2c4	2308	0g0p0s111o
8hYy2	4r1k1/p1Rq1p1p/1p1p2p1/3P4/3p1b2/1P1Q4/P4PPP/2R3K1 b - - 7 22	d7c7 c1c7 e8e1 d3f1 f4h2 g1h2 e1f1	2308	010p0y111g1n1w
9P2OJ	r5k1/pp4pp/1b2b2q/3Pn3/5p2/2PB3N/PP2N1PK/R3QR2 b - - 2 23	e5g4 h2h1 h6h3 g2h3 e6d5 d3e4 d5e4 f1f3 e4f3	2308	0i111318191n1w
9gr3r	r4rk1/pp2bppp/2n5/2pp4/8/2B2N2/PPP2P1P/2KR2R1 w - - 0 18	g1g7 g8h8 g7g8 h8g8 d1g1 e7g5 g1g5	2308	050k0m0y1317191f1n1w
9hNeN	8/p4pp1/4bk2/2Qp2b1/8/8/qrB3PP/2R4K w - - 8 34	c1f1 g5f4 f1f4 f6g5 c5e3 a2a1 f4f1	2308	0g0j0k0r191w
9sO5u	5rk1/2Nb2pp/1p1p2r1/p2Pp3/2P1Pp1q/1Q5P/PP2BPPK/R4R2 b - - 3 23	g6g2 h2g2 f4f3 e2f3 h4h3 g2g1 f8f3 b3f3 h3f3	2308	01050i0s191n1w
AJ9KJ	8/8/p2k2pp/2p1p3/P3K1PP/1P3P2/8/8 w - - 1 43	h4h5 g6h5 g4h5 d6e6 a4a5 e6d6 e4f5	2308	0g0p1e1l1w1z
AdHVO	8/p4k2/1p5p/5p2/5P1P/P2K4/P7/8 b - - 0 29	f7g6 d3d4 g6h5 d4e5 h5g4 h4h5 b6b5	2308	0g0h0p1e1w
B2Mpj	3r3k/pp6/7p/2b1Ppp1/8/3bB1NP/PP1K2P1/3R3R b - - 1 29	c5b4 d2c1 d8c8 e3c5 c8c5	2308	0r101316191f
BXaGH	r4r1k/pppb2p1/2q2nQp/2P2p2/3B3P/8/P4PP1/R3R1K1 w - - 4 28	e1e7 f8g8 e7g7 g8g7 d4f6 c6f6 g6f6	2308	01191g1w
Cq0NP	r2q1rk1/pppb1pp1/1b4Qp/2p5/4N3/1B6/P4PPP/4RRK1 w - - 1 18	e1d1 c5c4 b3c4 b6d4 d1d4	2308	0110191g
DWQVn	5q1k/p1Q3p1/2b1Pr1p/P7/3P2B1/2r5/6PP/1R3RK1 b - - 2 26	f6f1 b1f1 f8f1 g1f1 c6b5 f1f2 c3c7	2308	050g191n1w
EcKZp	3r2k1/pb3p1p/1pn1p1p1/3qB1Q1/1P1P4/P4P2/6PP/2R3K1 w - - 1 25	c1c6 b7c6 g5f6 g8f8 f6h8 f8e7 e5f6 e7d6 h8d8	2308	010i0v0y11191n1w
GGV3K	8/R7/5p1P/8/2r3P1/8/1k3P1K/q7 w - - 0 50	a7a1 b2a1 f2f4	2308	0g0h0p1o
GKGiw	r1bq2rk/p2nn1pp/1p1p1p2/4pP1Q/4P2N/2PBpR2/P1P3PP/R5K1 w - - 0 18	h4g6 e7g6 h5h7 h8h7 f3h3 g6h4 h3h4	2308	050y1317191g1n1w
GreIZ	r5k1/pp3pp1/2p2B1p/8/2P5/PP1Br3/2K1b3/6R1 w - - 0 28	g1g7 g8f8 d3h7 e2d3 h7d3	2308	010p101l
HGRrQ	3q1r1k/6Rp/3pBp2/1pbPp3/8/6QP/p1P2PP1/6K1 w - - 0 35	g7h7 h8h7 e6f5 h7h8 g3h4 h8g7 h4h7	2308	050p13171n1s1w
HOFBx	r5k1/1pp2pbp/p1n2np1/8/N1P1p3/1PB1PBP1/P2r1P1P/R4RK1 b - - 1 15	e4f3 c3d2 f6e4 a1d1 b7b5 c4b5 a6b5	2308	0g11191n1w
J0Yjm	r4B2/1k6/1q2Q1p1/2pp4/p1b1P1P1/2P1P3/2B5/K2R3r w - - 1 37	e6e7 b6c7 d1h1	2308	0g11191o
JLJ27	r2q1rk1/pp1n1ppp/2pbpnb1/6B1/2BN4/2NP3P/PPP2PP1/R2QR1K1 w - - 8 12	d4e6 f7e6 e1e6 d6h2 g1h2	2308	0110111c
KIn0C	5n2/2q2kp1/1pp1p1p1/1B3pP1/P2Ppr2/1Q2P3/1P4K1/2R5 w - - 0 34	e3f4 c7f4 c1c6	2308	010p1o
MJz8G	r1b1k1nr/ppp2ppp/3p4/8/N2nq3/1B2P3/P1PB1PPP/R2QK2R w KQkq - 4 12	a4c3 e4g2 b3d5 g2g6 e3d4	2308	01101c
Mn6Fa	8/8/2P5/1K2kp2/1P2p3/6p1/r4PP1/5R2 b - - 0 37	g3f2 c6c7 a2c2 f1f2 c2c7	2308	000g0p101m
NGKHN	5rk1/1p3pp1/p1p5/2PP3b/1PBP1R1P/PQ6/7K/4q3 b - - 2 35	e1d2 h2g3 f8e8	2308	0g0h0p0s1o
O048J	8/1Rp5/2P5/4rkp1/P5p1/6K1/5P2/8 w - - 1 43	b7b5 e5b5 a4b5 f5e6 g3g4	2308	0g0p101m
PBXIM	2r3k1/p5pp/2P1p3/5p2/2P1b2q/1P1r4/PB2QPP1/3RR1K1 b - - 2 24	d3h3 g2h3 h4g5 e2g4 f5g4	2308	0g0y10191n
QNE81	2r4k/3P4/pB4p1/P4p1p/4p3/2q5/4P3/3R1K2 w - - 0 39	b6d4 h8h7 d4c3	2308	0g0p0s11121o
REqo0	1k3b1r/pb3Q1p/1p2p2p/1P1pP3/P7/1Nrq3P/5PP1/1RR3K1 w - - 0 26	c1c3 d3b1 c3c1 b1c1 b3c1	2308	0g1019
RZdjU	r2q1rk1/2p2p2/p2p1b1p/1p1b1N2/8/P2P3P/1PP2PP1/R2QR1K1 w - - 0 17	f5h6 g8g7 h6f5 g7g6 d1g4	2308	010y1019
RriVL	2b2rk1/5r2/p1Q1pq1p/1p1nR1p1/1P1P4/6P1/5P1P/1B1RB1K1 b - - 0 29	f7c7 c6d6 f8d8 d6c7 d5c7	2308	0g1011191t
SIDih	R7/5kp1/4pb2/p7/q2n4/Pp2Q3/1P1B1P1P/K1R5 b - - 1 34	a4a3 b2a3 d4c2 a1b1 c2a3	2308	0k0m0s101316191n
U2S7k	r7/PQ2ppk1/5rpp/2pN4/3b1q2/8/RP3PPP/5RK1 b - - 0 31	f4f2 f1f2 f6f2 a2a4 f2b2 a4d4 b2b7	2308	0g0j0k0y191n1w
UFj2a	8/p7/2pp1k2/3P1p1p/1pP2K1P/1P6/P5P1/8 b - - 0 33	c6d5 c4d5 a7a6	2308	0g0h0p1e1o1z
UP9pp	r2q1r2/p1pp1ppk/1pn5/3Q4/6n1/P3BN2/2P2PPP/R3K2R w KQ - 1 14	d5f5 h7g8 f5g4	2308	0g0s191o
Ucyzp	r4rk1/ppp1q2p/3p2p1/8/2P5/7P/PP2QBP1/R3K2R b KQ - 2 17	a8e8 e2e7 e8e7 e1f1 e7f7 f1g1 f7f2	2308	010r11191g1l1w
Un4hi	2r5/2k2Q2/p7/5R2/P7/qN5P/2r2P2/1K1R4 b - - 7 39	c7b8 f5b5 a6b5 f7f4 c2c7	2308	0g0h1019
Uppsr	2k2b1r/1pp3R1/p1p2r2/4p2p/P1N1P3/2P1Bn1P/1P3PK1/3R4 w - - 1 21	g7c7 c8c7 e3b6 c7c8 d1d8	2308	05101316191d1k1n
V2hYp	3r3k/1p4pp/p1p2p2/6q1/2Q1P3/1P3PP1/P1Rr1R1P/6K1 b - - 2 26	g5e3 c2d2 d8d2 c4f1 d2a2	2308	0g0p101g
VkTd2	4rrk1/5ppp/B2b4/1p6/2pP1P2/P1P1R1P1/2b4P/R1B3K1 b - - 0 26	e8b8 a3a4 c2a4	2308	01191l1o
XGdsT	1rbq1r2/p5kp/3p2p1/2p1p1Q1/1p2P1n1/3P2NN/PPP5/R2R2KB b - - 1 22	g4f2 g5d8 f2h3 g1h2 f8d8	2308	0g0r10191n
YYrYM	6k1/2q2pp1/7p/1Nr5/8/pPbR3P/P1Q2PP1/6K1 b - - 4 31	c3e5 c2e2 c5b5	2308	0g0p1l1o
ZT6n1	r4rk1/p1p1bppp/1p6/4p3/2P1nP2/1QNqB3/PP4PP/4RRK1 w - - 0 15	c3d5 d3b3 d5e7 g8h8 a2b3	2308	0110191n
a6haq	8/8/2n4N/1p4pp/5r1k/8/6P1/5RK1 w - - 3 55	g1h2 f4f2 f1f2	2308	010p1o
aivvb	8/6p1/7p/2k2p1P/2p2P2/2P2KP1/8/8 b - - 2 36	c5b5 g3g4 b5a4 g4f5 a4b3	2308	0g0p101e
akPr2	8/p7/2p5/1p3kpK/8/2P4P/PP6/8 w - - 0 35	b2b4 a7a6 a2a3 f5f6 h5h6	2308	0g0p101e1l1z
auL5Z	8/8/K3k2p/6pP/3BppP1/8/5P2/8 b - - 0 47	e6d5 d4c3 d5c4 c3e1 c4d3	2308	080g0h0p10
ayiiT	4rk2/7R/p5p1/5p2/b2pB2b/3P1Q1P/5PPq/4RK2 b - - 0 33	e8e4 f3e4 f5e4	2308	0g191o
azH1Z	1k1r4/pp3p2/1b6/3n4/3P4/P2B1N2/1qPK1PQP/1R5R b - - 2 23	b6a5 d2e2 d5f4 e2e3 f4g2	2308	0g0s1019
bAkcj	2kr2r1/pp2Rp2/5p1p/2Pp2q1/1P4b1/2NB1n1P/P1P2PP1/R2Q3K b - - 0 18	g4h3 d3f5 g5f5 d1f3 h3g2	2308	0g0y1019
ciaqm	r4Nk1/pp4b1/7q/3p1Q2/6p1/2P2n1b/PPB2B1P/R3R2K b - - 0 27	h3g2 h1g2 h6h3 g2h1 h3h2	2308	050y101316191n
du4ee	r1b1k1nr/2p2p1p/p1pbq1p1/3pN3/5B2/2NP3P/PPP1QPP1/R4K1R b kq - 1 14	f7f6 e5c6 d6f4	2308	01191o
ganPG	r2q1rk1/ppp1bppp/3p4/3Pn3/2n5/8/PP2BPPP/RNBQR1K1 w - - 0 13	f2f4 c4b6 f4e5	2308	01111c1o
gbqgT	2rr4/4q1kp/pp4p1/4p3/3pRn2/PP1P4/1Q3PPP/2R2BK1 b - - 0 25	f4h3 g2h3 e7g5 e4g4 g5c1	2308	011011191n
gnK49	r3r1k1/5ppp/3p4/p1pP2qn/1p2P3/PP1Q2PP/2B4K/RN2R3 b - - 2 27	g5f6 e1f1 f6a1	2308	0g191o
id1Sb	6k1/6p1/qQ2p2p/1b1pPp1B/2pB1P1P/1p2P3/rP4P1/1R4K1 b - - 9 42	a6b6 d4b6 c4c3 b6d4 b5d3 b1c1 c3b2	2308	00010d191w
ifRDh	5r1k/1p4Rp/p1q3p1/3pp3/PP6/4QN1P/6P1/4n1K1 w - - 0 31	e3h6 e1f3 g2f3 c6c1 h6c1	2308	010p10
jhTyf	8/1p5k/p2p2p1/P1pP2Kp/2N4P/1n4P1/8/8 w - - 1 48	g5f6 b3d4 c4d6	2308	0g0p0z111o
kLCOj	8/6n1/p5p1/3k3P/3p2K1/8/P2B4/8 w - - 0 51	h5h6 g7e8 g4g5	2308	010p111o
kVLSZ	r6r/2q1kp2/2pbpp2/p1Np4/1P1P2Q1/2P3P1/P6P/R4RK1 w - - 1 20	c5e6 a8g8 g4g8 h8g8 e6c7	2308	0g1019
lNnUn	2r2k2/2p1bppp/2RBp3/Pp1n4/1p1PN3/4P1P1/1P3PKP/8 b - - 6 27	f7f5 d6e7 d5e7 c6e6 f5e4	2308	010p1011
nBvIp	4q1r1/7R/p2p1kP1/PppPb3/5pQ1/2P5/1P3RK1/2r5 w - - 4 51	f2f4 e5f4 g4f4 f6g6 h7h6 g6g7 f4f6	2308	0r0s111317191n1u1w
nj9pA	r4rk1/ppn1b1p1/3p2qp/2pPp3/2P1n1P1/2N2N1P/PP3R2/R1B2QK1 w - - 0 20	f1d3 e4f2 d3g6 f8f3 c1h6	2308	011011191g
o8qPV	2k5/1p5p/pK1PP1p1/2p2p2/5P2/3n2P1/5P1P/8 w - - 0 49	e6e7 c8d7 e7e8q d7e8 b6c7	2308	000g0p0z101h
oHZjU	6k1/5ppp/r1r1p3/2Rpq3/pQ6/P3P2P/6PK/2R5 w - - 0 31	h2h1 c6c5 b4c5 g7g6 c5c8 g8g7 c8a6	2308	0g0h0p0s111w
opPXN	rn4k1/pp3ppp/2p2q2/3rN3/8/7P/PP2QPP1/3R1RK1 w - - 2 18	e5c6 b8c6 d1d5	2308	0b0g191o
p6bHp	r1b2R2/ppr3kp/1n2p1p1/8/4q3/8/PP1QB1P1/5RK1 w - - 0 26	f8g8 g7g8 d2d8 g8g7 d8f8	2308	05101316191n
pCCJ3	2k5/pppb2bn/4Q1pp/2P1Pp2/1P3P2/P1N3P1/1B1q2nP/4R1K1 w - - 1 28	e6g8 h7f8 e1e2 d2d4 g1g2	2308	0g0s0v1019
pfQgb	3r4/8/1R4pk/1P4q1/2P1Pp2/1P3P1p/1Q3P1P/5K2 b - - 1 38	g5g1 f1g1 d8d1	2308	050p13151n1o
piOKr	2rqr1k1/1pp1bppp/p1n1p1b1/3n2B1/3PN3/2PB1N2/PP3PPP/R2QR1K1 b - - 7 14	g6e4 g5e7 e4f3 d3h7 g8h8	2308	01101c
q5mXD	8/1pk1b3/1P2p3/P1P1Pp2/1B1Kp1p1/8/6P1/8 b - - 0 39	c7c6 a5a6 b7a6 b6b7 c6c7	2308	080g0h0p10
qCSak	2r3k1/p2N2pp/4p3/3p4/3P2Pq/3Q3n/PrP3K1/2R2R2 w - - 0 24	d3h3 b2c2 c1c2 c8c2 g2g1	2308	010h1019
rHN4v	8/5pp1/1pk1p2p/4P3/pPP5/2K5/5PPP/8 w - - 0 33	c3b2 b6b5 c4b5	2308	0g0p11121e1o
rW3FV	k7/P7/8/2K2ppp/8/5P1P/5P2/8 b - - 2 49	h5h4 f3f4 g5g4 h3g4 h4h3 g4f5 h3h2	2308	000g0p1e1l1n1w
rcXg7	8/4k1pp/4PP2/5P2/7P/p2pr3/R6K/8 b - - 0 41	e7f6 a2a3 d3d2 a3e3 d2d1q	2308	000g0p101h1m
sMvRa	2r3k1/5pb1/1p2n1pp/3RN3/1B6/P6P/5PP1/6K1 b - - 6 36	e6c7 d5d3 g7e5	2308	010p1o
tA0Fg	r3kbnr/pppq1ppp/8/4N3/3nP1b1/4B3/PPPN2PP/R2QKB1R b KQkq - 0 8	g4d1 e5d7 d4c2 e1d1 c2e3	2308	010b0r0s101c
tJMgA	3rk3/8/1B2Pp2/5P1p/ppr5/2pR3P/P1K5/1R6 b - - 2 44	d8d3 c2d3 c3c2 b1c1 b4b3 a2b3 a4b3 d3c4 b3b2 b6e3 b2b1q	2308	000g0p111h1n1w
tbACU	6r1/1pp2k2/p2pb1N1/5pKN/1P1q4/1B6/P5R1/6R1 w - - 8 37	b3e6 f7e6 g1e1 e6d5 h5f6	2308	01050r1019
uqvEF	3r2k1/p5pp/1p3pn1/2pr3q/5P2/P3Q1P1/1B5P/3RR1K1 w - - 0 27	e3e6 g8f8 g3g4 h5h2 g1h2	2308	0110111219
vEdOz	4r3/4kp1Q/p7/3p2P1/2pP4/2P5/qrBK3P/2R5 w - - 1 33	g5g6 b2c2 c1c2 a2b1 h7f7	2308	0g0p10
vNV6E	8/4k2K/6p1/p4pP1/P6P/8/8/8 w - f6 0 51	h4h5 f5f4 h5g6	2308	010p1e1o
xsdF7	2r5/8/4pPpk/p7/1p3P2/P1p3PP/2Q5/4K3 b - - 1 36	b4b3 c2c1 b3b2 c1c2 c8b8 c2b1 c3c2	2308	000g0p1j1l1w
yTCOo	2rq3k/1p4p1/2np4/p2Q2Np/2P4P/PP1b4/5r2/2R3RK w - - 0 28	d5d3 d8g8 d3g6 f2f6 g6h5 f6h6 g5f7 g8f7 h5f7	2308	0g0s191w
zhPbV	8/p7/5k2/1PB3pP/2n3P1/p2K1p2/8/8 w - - 0 58	d3c4 a3a2 c5d4 f6e6 c4d3	2308	0g0h0p0t101112
14fB3	2rr4/1p3pkp/p3P1p1/5n1P/2P2q2/1PN2Q2/P2R2P1/3R3K b - - 2 26	f4h4 h1g1 d8d2 d1d2 h4e1	2309	0g0y101119
1O3Bg	8/1pp5/3p1k1p/p2P1p1P/2P2Kp1/1P4P1/P4P2/8 w - - 0 36	a2a3 c7c6 d5c6 b7c6 b3b4	2309	0g0p101e1l1z
1UXGB	3rqk2/3rN2p/p3Q3/2P1B3/1P6/P3p3/6PP/6K1 w - - 2 32	e6h6 f8e7 h6f6	2309	0p1113151n1o
2DodO	3r3k/1p4p1/p3pn2/7r/5P2/P3P1P1/3B4/3R1RK1 b - - 0 28	h5d5 d2a5 d5d1 a5d8 d1d8	2309	010p10
3nJUm	8/p7/1p1kn1p1/2p2P1p/2P2P2/5K1P/P3R3/8 b - - 0 45	e6d4 f3f2 d4e2 f5g6 e2c3 g6g7 c3e4 f2f3 e4f6	2309	0g0h0p0s1w
3tXiY	7R/2k5/3r4/1PK1p3/5p1p/8/8/8 w - - 8 51	b5b6 d6b6 h8h7 c7d8 c5b6	2309	0g0i0p0r101m
3wSdQ	8/p4k2/1b1R4/3nPB2/6p1/5p2/P6P/5K2 b - - 3 40	d5e3 f1e1 f3f2 e1f2 e3f5 f2g2 f5d6	2309	000g0j0k0p0r0s111w
47mKU	4k3/5p2/2N3p1/3P3p/1b3P1P/1rpK2P1/2R5/8 w - - 7 49	d3c4 b3b2 c6b4	2309	0g0p1o
5XiW4	r1b1r3/p2n2kp/1p3qp1/2p5/2Pp2n1/1P1B3P/P3QPP1/1RB1R1K1 w - - 0 26	e2e8 g4e5 f2f4	2309	0g0t191o
6GyIG	8/2p5/6p1/P2pQbkn/3B3P/4p3/5bP1/5rNK b - - 0 42	g5g4 d4e3 f1g1 h1h2 f2g3	2309	0g0h101119
6oSVo	3n4/1bpqn1k1/3p2rp/1p2p2Q/1P1P1p1P/1BP5/3B1PP1/R3N1K1 b - - 0 29	b7g2 e1g2 d7h3	2309	0g1112191n1o
6th99	8/5pkp/1Qb3p1/8/1B1p1n2/PP6/2q2PPP/5BK1 b - - 0 29	f4h3 g2h3 c2e4 b6c6 e4c6	2309	0g0p101l1n
79Bur	8/8/5p2/pp2k2p/3pP1P1/1P3K1P/P1P5/8 b - - 0 39	h5g4 h3g4 b5b4	2309	0g0h0p111e1o1z
7BdCB	8/p7/1p6/4p3/Pk6/5K2/7P/8 w - - 0 43	h2h4 b4c4 f3e4 a7a5 h4h5 b6b5 h5h6	2309	0g0p1e1l1w
7DUcl	4r3/1k6/3R2p1/2R5/3p2pp/2n4P/P4PP1/6K1 b - - 0 50	e8e1 g1h2 g4g3 f2g3 h4g3 h2g3 c3e4	2309	050g0p1w
8r2kg	r1bq1r1k/ppp2ppB/2n5/3p2N1/3P4/8/P4PPP/R1BQb1K1 w - - 0 14	d1h5 c8g4 h5h4 e1f2 g1f2	2309	01101c
9Sg9a	2r1k2r/4bppp/3pp3/2q3PP/5P2/1ppR1Q2/P1P1N3/1KR5 w k - 0 29	d3c3 b3c2 b1a1 c5c3 e2c3	2309	011019
A7mOP	2kq1n1R/6p1/p5p1/4p1b1/4Q3/1BP2P2/PP1r4/1K6 w - - 5 27	h8f8 d8f8 e4a8 c8c7 a8f8	2309	0g0r10191g1n1p
AA4qK	r3k2r/1pp2ppp/4bn2/p1bq4/8/P2Q1N1P/1PPP1PP1/R1B1KB1R b KQkq - 5 11	f6e4 d3d5 c5f2 e1e2 e6d5 d2d3 e4g3 e2f2 g3h1	2309	01040s191n1w
BzMqq	2r2rk1/3R4/p1q1p1Pp/1p2pn2/1P4Q1/P3P3/5PP1/3R2K1 w - - 0 30	g6g7 f8f7 d7d8 c6e8 d8e8	2309	000g0r0y1019
D68pQ	6k1/1B4p1/1p2p2p/3n1p2/1P1Ppq2/P3r2P/3Q2P1/2R3K1 w - - 0 31	b7d5 e6d5 c1c3 e3c3 d2f4	2309	0g0p10
Dkab3	r1b1qb1r/pppp1k2/2N4p/6p1/8/8/PPP2nPP/RNKQ3R w - - 0 13	d1h5 f7g7 h5e8	2309	011c1o1p
DuSFK	5k2/5Ppb/7p/2rpP3/6P1/P1r4P/8/2R2RK1 w - - 0 28	e5e6 c3c1 e6e7 f8e7 f7f8q	2309	00050g0p101h1n
DwAl1	6k1/pq5p/4pPp1/2P5/1P4Q1/3r2PR/3r1P1P/1R4K1 b - - 2 36	b7d5 f6f7 g8f8	2309	010h0p1o
GiGNy	8/5R2/P7/4PK2/r7/4kp2/8/8 b - - 5 51	a4f4 f5g6 f4f7 g6f7 f3f2 f7g7 f2f1q	2309	000g0p1h1m1w
Gx1fg	2r3k1/8/pqr1PQ1P/3p4/1b1P4/3K1N2/1P3PP1/R6R b - - 0 34	c6c3 b2c3 c8c3 d3d2 c3f3 d2e2 f3f6 h6h7 g8h8	2309	0g0j0k191n1w
HUptm	r1b3k1/p3nr1p/2p1p1pQ/5p2/2Pp2q1/5N2/PP3PPP/3R1RK1 w - - 6 20	d1d4 g4d4 f3d4	2309	011112191o
I9T7I	r1b1nrk1/pp2qppp/2pb1n1B/3Pp3/4P2N/2NB2Q1/PPP3PP/R4R1K w - - 3 15	f1f6 e7f6 h6g5	2309	0g1112191g1n1o
IbtG7	2r3k1/p4ppp/8/2bB1q2/8/PQ4P1/4rP1P/2R2RK1 b - - 1 24	e2f2 f1f2 c5f2 g1g2 c8c1	2309	0g1019
IvnD7	1r1q2k1/Q5pp/2p5/2RbP3/p5B1/3p2P1/r4P1P/2R3K1 w - - 0 32	c5d5 c6d5 c1c7 b8b1 g1g2	2309	0d0g0h101112191n
JW7th	r3r1k1/1b3p2/p2bp1nQ/1p1q4/1P1P4/P2B1N2/5PPP/3RR1K1 w - - 5 21	d3e4 d6f4 e4d5 f4h6 d5b7	2309	011019
KAGBw	8/1R5p/3p1kp1/3P4/4PK2/r6P/6P1/8 b - - 2 40	g6g5 f4g4 f6g6 b7h7 g6h7	2309	0g0p101m
Kroiu	6k1/4nqpp/8/3b1p2/4pP2/rN2Q1PP/1R1RPKB1/r7 w - - 10 31	b3a1 a3e3 b2b8 f7f8 b8f8 g8f8 f2e3	2309	0d0g191n1w
KwVR9	2r5/5p2/1R6/1p2pPk1/3pPnp1/P1r2B2/P6P/1K4R1 w - - 7 36	g1g4 g5h5 g4f4 c3f3 f4f3	2309	010i0j0k0p10
L7gro	8/2B4k/p3q1p1/P4p1p/1P6/8/4r1PP/2Q2RK1 b - - 0 40	e6e4 c1g5 e4d4 g1h1 d4f2 h2h4 f2f1	2309	010p1w
LcNur	r7/4n3/5p2/p1p1pP2/1p2p1pk/1PPP2N1/1P3K2/R7 w - - 0 37	a1h1 h4g5 h1h5 g5f4 g3e2	2309	0p101316
MBwf4	r3kb1r/ppp1pppp/2n5/3p1q2/3P2nN/1P2P1P1/PBP2PKP/RN1Q1R2 b kq - 2 10	f5f2 f1f2 g4e3 g2h1 e3d1	2309	0g0s101c1n
Mqbcl	r1r3k1/1pqbbpp1/8/pPPp3p/P2Pp1n1/4P2P/1B1NBPP1/2RQK2R b K - 0 16	g4e3 d1b3 e3g2	2309	01191o
OZSpo	rnb1k1nr/pp3ppp/1q2p3/bBppP3/3P4/P1N2N2/1PP2PPP/R1BQK2R b KQkq - 4 7	b6b5 b2b4 b5c4	2309	011c1g1o
Or3ps	8/2r1k2p/4pp2/1B1pb2Q/P7/8/3q3P/5R1K w - - 2 32	h5e8 e7d6 e8f8 c7e7 f8d8 e7d7 d8d7	2309	0g0p111w
QSZaE	r4rk1/1p1b3p/p2q2p1/3pp3/PPn4Q/2P2N2/2B3PP/3RR1K1 w - - 2 26	h4c4 d6b6 c4c5 b6c5 b4c5	2309	0g1019
QT0lP	8/8/4p3/3p4/r1rP3k/4KP1p/7R/7R w - - 0 42	h2h3 h4g5 h3h6 c4c3 e3f2 a4a2 f2g3	2309	0g0h0p111m1w
QX82N	8/2p3pk/2p4p/3pQPrN/p1qP4/3b4/6PP/4R1K1 w - - 1 30	e5g7 g5g7 h5f6 h7h8 e1e8 g7g8 e8g8	2309	030p13171n1w
Qb53g	R3r1k1/5pp1/5n1p/3p1b2/5r2/5BN1/6P1/R5K1 w - - 0 41	g3h5 f6h5 a8e8 g8h7 f3h5	2309	010i0w10111219
R6YKT	2kr3r/1ppb1pbp/pqn2np1/3p2B1/B7/P1N2N2/2PQ1PPP/R3R1K1 w - - 2 17	g5f6 g7f6 c3d5 b6a5 d2a5 c6a5 a4d7 d8d7 d5f6	2309	010b0s191w
R8IXv	6n1/ppp5/4k2p/3p1p2/3P1P2/P3PN2/1PP2br1/2KR1N2 w - - 5 28	d1d2 g8f6 f3e1 g2g1 d2f2	2309	010p10
RRbbe	r3r3/3q1p1k/p1pB3p/1p2Pb2/1P1Q4/P6P/B1P4K/6R1 w - - 0 34	g1g7 h7g7 e5e6 g7g6 e6d7	2309	000g0j0k10191n
RziOV	r5rk/ppp2p1p/8/6N1/2p3b1/2Pp2B1/PP1QqP2/R5K1 w - - 2 23	g3e5 g8g7 g5f7 h8g8 f7h6	2309	010y10191g
S14G8	8/4PR2/7p/3K1P1k/7p/4r3/8/8 b - - 0 54	h4h3 d5d4 e3e1 f7f6 e1e7	2309	0g0p101m
SFOLr	r1b1rnk1/ppb2ppp/2p1p3/6B1/2P3q1/P2B2N1/1PQ2PPP/R4RK1 w - - 2 16	f2f4 h7h6 d3e2 g4g3 h2g3	2309	0110191l1t
SqfTA	r1bqnrk1/pp2n1p1/3bppN1/3p3Q/2pP1B2/2P1P3/PP1N1PPP/R3K2R w KQ - 4 14	h5h8 g8f7 h8f8 f7g6 f4d6	2309	010y10191p
T0dLz	5r1k/1pp2Bp1/pbqP3p/4R1n1/P5b1/2N3B1/1P1Q1PPP/5RK1 b - - 0 24	c6g2 g1g2 g4f3 g2g1 g5h3	2309	050y101316191n
T7VoK	6k1/3b1q1p/p3pBpQ/1p2P3/1P1p1PP1/2rB4/4K3/2n4R w - - 4 43	h1c1 c3c1 f4f5 e6f5 h6c1	2309	010j10191n
UtBt6	8/8/5pk1/7p/4KP1P/3r2P1/8/8 w - - 0 56	f4f5 g6f7 e4d3	2309	0g0p0w1m1o
UvMy9	r1b2rk1/pp3ppp/8/4p1Q1/2B3n1/2N5/Pq4PP/R4R1K w - - 0 18	f1f7 b2a1 f7f1 g8h8 f1a1	2309	010j0k10191n
Uxulj	r1b2rk1/2q2p1p/p5P1/1p6/3B2Q1/1Bn5/P1P3PP/R4RK1 b - - 0 19	c8g4 g6f7 f8f7 b3f7 c7f7 f1f7 c3e2	2309	0g0t191n1w
VB1aq	4r1k1/pp2rpp1/5q1p/3Qn3/5P2/2P5/PP2R1PP/1B2R1K1 b - - 0 22	f6b6 g1h1 e5g4 d5d7 g4f2	2309	0g1019
Vc41P	8/8/p4pp1/8/1P3k1P/P7/4K3/8 b - - 0 50	f4e4 e2d2 e4d4 a3a4 d4c4 b4b5 a6b5	2309	0g0p1e1w
Vcs5y	r2q1rk1/ppp3pn/3pb2B/2b1pp2/2P1P3/1PN3QP/P1P1NPP1/R2R2K1 b - - 0 13	d8f6 e4f5 f6h6 f5e6 c5f2 g3f2 f8f2	2309	010s11191w
WF0Cq	8/8/1Kp5/1p1brp2/pB2k3/P7/3R4/8 w - - 6 71	d2e2 e4d4 b4c5 d4d3 e2e5	2309	010i0p10
WzgNB	r2k3r/ppp2BN1/2np1N2/2b1p1q1/4P3/3P1b2/PPP2P2/R3K1R1 w Q - 0 20	g7e6 d8e7 f6d5 e7f7 e6g5	2309	010s1019
ZJLSM	Q7/4q2k/4r1pp/2p1b3/1p6/1P5P/1B4P1/R6K w - - 0 51	b2e5 e6e5 a1a7 e7g7 a7g7	2309	0g0p101g
aYZ3x	r2q1rk1/2p3pp/3p4/p1pb1P1Q/2Pn1P2/3B4/PP4PP/R4RK1 w - - 0 18	f5f6 f8f6 d3h7 g8f8 h5d5	2309	010j0y101119
bnulb	q4rk1/3nbppp/3p4/4p3/4N3/1p2BP2/1P2B1PP/1K1RQ2R b - - 2 22	a8a2 b1c1 a2a1 c1d2 a1b2 d2d3 b2c2	2309	0i1317191k1w
c1dP3	r2q1r2/pb1n1pkp/1p1p2p1/3n4/8/2NB1N2/PP1Q1PPP/2KR3R w - - 0 15	d3e4 d5c3 d2c3 d7f6 e4b7	2309	0g1019
cD9y0	r2qk2r/1bp2pp1/p2p1n2/1p2pP1N/1b2P2B/1PNP4/1PP3PP/R2Q1RK1 b kq - 0 14	b4c5 g1h1 f6h5	2309	010w1112191o
eHItv	4r3/1pp3pQ/1b2k1Bp/p2p4/3P2P1/2P1q2P/P7/5RK1 w - - 0 30	g1g2 e8e7 g6f5 e6d6 h7g6	2309	0g0h0p10
f08YG	7k/pp2Q1p1/7p/8/4N2P/3n1rPq/PP6/3R2K1 w - - 3 34	e7e8 h8h7 e4g5 h6g5 e8h5 h7g8 h5f3	2309	0g0p0s1n1w
fPZa5	2k5/8/8/3pP3/p1PK4/8/6P1/8 b - - 0 54	a4a3 d4c3 d5d4 c3b3 d4d3	2309	0g0p101e
fdC1U	2r3k1/5ppp/B2bbn2/4p3/1p2P3/1Pq2PPP/2QN3K/2R5 w - - 0 28	a6c8 e6c8 c2d1 c3d3 c1c8	2309	010j10191l1p
ffXxT	r2q1rk1/ppp2ppB/2n5/2b1p2b/8/3P1N1P/PPP2PP1/R1BQ1RK1 b - - 0 11	g8h7 f3g5 d8g5 c1g5 h5d1	2309	010t101c
ftrKN	1k5r/rb2QR2/1p6/1p6/4p3/P6P/1q4BK/8 w - - 8 40	e7d6 b8a8 f7f8 b7c8 d6c6 a7b7 c6c8 a8a7 c8a8	2309	0r1318191w
gBYbj	8/p3k3/1pRrppp1/1P1p3p/1K1P3P/P3PP2/6P1/8 b - - 2 30	d6c6 b5c6 a7a6 c6c7 e7d7 c7c8b d7c8	2309	0g0p1l1m1w
gP0oE	2r5/3k4/5p1p/1P1pp3/8/1R1KPN2/2r3PP/R7 b - - 0 30	e5e4 d3d4 c2c4 d4d5 c8c5	2309	090p101316
h9RBd	8/3kn3/3p2pp/N1pPp1pP/2K1P1P1/2P2P2/8/8 w - - 0 48	a5c6 g6h5 c6e7 h5g4 e7f5	2309	0g0p0z10
hMnB4	6k1/p4pp1/2p3q1/1p4Pp/4bQ2/1B2P1KP/PP1r2P1/5R2 b - - 3 27	h5h4 g3h4 g6h7 h4g4 d2g2	2309	050g0p10
hi206	7k/6p1/5n2/p3p1Q1/1b6/1Br2PKP/P3q3/3R4 w - - 1 45	g5h4 f6h7 d1d8 b4f8 d8f8	2309	101316191g
iPteN	3r4/2p1kppp/2q5/2P2b2/4p3/B3n2P/1Q3PP1/3R2K1 w - - 0 31	b2e5 f5e6 e5g5 f7f6 g5g7 e6f7 d1d8	2309	010s191w
iwMTL	1r2brk1/p4ppp/nq2p3/3pN3/2pPnB2/2P1P3/RP2BPPP/1Q3RK1 b - - 5 17	e4c3 b2c3 b6b1 f1b1 b8b1	2309	0g1019
j07Be	1k4r1/ppp4p/1n2Np2/1Q1P4/8/1P4P1/P2qRP2/6K1 b - - 4 32	d2d1 g1g2 a7a6 b5c5 d1e2 c5c7 b8a7 e6c5 g8b8	2309	0d0g0h0p1w
jCHAv	8/p1p5/PpP5/3P2k1/2P2rp1/3K3p/4B3/6R1 b - - 1 47	h3h2 g1h1 g4g3 d5d6 g3g2 d6d7 f4f8 h1h2 g2g1q	2309	000g0p1h1l1w
jHzrp	r2qkb1r/3p1pp1/p3p3/1p2Pn1p/5Q2/1BN4b/PPPB1P2/R3K1R1 w Qkq - 0 16	f4h2 h3g4 g1g4 h5g4 h2h8 d8h4 h8h4	2309	01191w
jggXW	8/p1R1Q1pk/bp2p2p/3p1p2/1q1P4/4P1P1/PP3P1P/6K1 b - - 3 25	b4e1 g1g2 e1f1 g2f3 f1h1 f3f4 h1e4	2309	0p0y13171w
kSSnU	3k4/1pq5/4p1b1/2Pp1p2/3P3r/4P1N1/6Q1/R5K1 w - - 2 33	g3f5 g6f5 g2g5 d8d7 g5h4	2309	010d0p0r0s101n
lY3Be	4rrk1/pp3p1p/2p2p2/3q3b/8/PPQ2PP1/2P3BP/R3R1K1 w - - 0 20	g3g4 h5g6 f3f4 g6e4 a1d1	2309	0g10191l
lzoIy	8/8/8/3kppK1/5P1P/6P1/8/8 b - - 1 53	e5e4 h4h5 d5e6 h5h6 e6f7 g5f5 e4e3	2309	0g0p111e1l1w
m4axR	r1br2k1/pp3pb1/2n1p1p1/6N1/4NPP1/2P4Q/qP1B4/2K4R w - - 0 24	h3h7 g8f8 h7g7 f8g7 h1h7 g7f8 h7f7 f8g8 e4f6 g8h8 f7h7	2309	03050y111318191n1w
mSbQ8	4r3/pp1k1Rq1/n1b5/3p2b1/6P1/4QP2/PP2P3/2KR1BN1 b - - 0 23	e8e7 f7g7 g5e3 c1b1 e7g7	2309	0g0h0s10191g
moULu	r4rk1/2q2pp1/4pn1p/pb1pN3/1ppQ1P2/2P1P1R1/PPB3PP/R5K1 w - - 4 20	e5d7 f6h5 d7f6 g8h8 f6h5	2309	0g0y10191g
mx5aH	2k5/8/2K3p1/2P4p/5p2/8/6PP/8 b - - 5 46	h5h4 h2h3 g6g5 c6d6 g5g4	2309	0g0p101e1l
okaVL	8/8/2p2pk1/1pP2rp1/1P3PR1/5KP1/1q2Q3/8 b - - 1 45	b2e2 f3e2 g6h5 e2f3 f5d5 f4g5 d5d3 f3e4 h5g4 e4d3 f6g5 d3d4 g4g3	2309	0b0g0i0p1w
pJ2jH	5rk1/pb5p/1p6/3Pp2Q/2r2q2/4R3/5PP1/5RK1 w - - 0 31	e3g3 g8h8 g3f3 f4f3 g2f3	2309	011019
pgQd7	8/7p/p7/P3k3/1Pp5/7P/4pK2/8 w - - 0 47	b4b5 e2e1q f2e1 e5d6 b5b6	2309	0g0p101e
pqWXq	1k1r3r/bP2n1pp/4p3/1B2P1B1/1n6/1N1p1R2/2p3PP/R6K w - - 0 26	g5e7 d3d2 b3d2 d8d2 e7b4 d2d1 f3f1 d1a1 f1a1 a7e3 b4a3	2309	0g0h0s0t191w
pruUm	8/1R3R2/4p1p1/3qk2p/p7/4P1P1/5P2/6K1 w - - 0 41	b7d7 d5c5 d7d4	2309	0g0p1j1o
psRWn	r4r1k/1pp1qp1n/2nbp1p1/6PR/p2PN3/2P2P2/PPQ3P1/R1B1K3 w Q - 0 18	e4f6 e7f6 h5h7 h8h7 g5f6	2309	010r0y1019
qm8cE	2r3k1/4b1pp/p3Pp2/1p2p3/8/Pq4NQ/1P4PP/6RK w - - 0 28	g3f5 b3h3 g2h3 e7f8 e6e7	2309	00010p10
rM2hR	5r1r/ppp3k1/2n2n2/7p/5N1q/1P2P2P/1PP3P1/R2Q1K1R w - - 1 18	g2g3 h4g3 h1g1 g3g1 f1g1	2309	0g10191g
rbs8O	8/7p/3k1p2/2pP2p1/2K2P2/7P/6P1/8 w - - 0 45	f4f5 h7h5 g2g3 g5g4 h3h4 d6e5 c4c5	2309	0g0p1e1l1w1z
sOwur	8/4kp2/4p3/1P2B1b1/r2PK3/5P2/1R6/8 b - - 0 36	a4a3 d4d5 a3e3 e4d4 e3e5	2309	010p10
sXd9D	r1b2rk1/p1p2ppp/2B5/3pP3/4n2q/6P1/PPP2b1P/RNBQ1RK1 w - - 0 12	f1f2 e4f2 g3h4 f2d1 c6a8	2309	01101c
t4gZw	5r2/3Q1pk1/p2b3p/1p1Pq1p1/2p5/2P3P1/PP5P/3B1RK1 b - - 5 30	e5d5 f1f2 d5d1	2309	0g0p1o
tFqlk	4rrk1/2p2ppp/p7/1p2p2n/3P2q1/1PPQB2R/P5PP/5RK1 w - - 0 21	f1f5 h5f4 f5f4 g4h3 g2h3	2309	0g1019
tVyAa	8/1R6/8/2p3pP/1n6/1k6/p7/K7 b - - 2 58	g5g4 h5h6 g4g3 h6h7 g3g2 b7b4 c5b4 h7h8q g2g1q	2309	000p1113181h1l1w
tnvPb	8/5k2/p4p2/2P1n1p1/PP1N3p/8/2K3P1/8 w - - 0 36	b4b5 a6b5 a4a5 g5g4 a5a6 h4h3 g2h3 g4g3 a6a7 g3g2 d4e2 e5c6 a7a8q	2309	000g0p0z1h1l1w
txYyT	6k1/1b3rp1/3p3p/pp6/5q2/1P6/PB3QPP/4R1K1 w - - 0 25	e1e8 g8h7 f2f4 f7f4 e8e7 f4g4 e7b7	2309	010p0w1w
uRfwI	5R2/8/3K4/2P5/1r6/6k1/5p2/8 b - - 7 59	b4f4 f8f4 g3f4 c5c6 f2f1q c6c7 f1h3	2309	000g0h0p1h1m1w
uvcfc	5rk1/1p4p1/p2qpp1p/3nN3/3PR1N1/3Q3P/PP3PPK/2r5 w - - 0 24	g4h6 g8h8 e4h4 d6e5 d4e5	2309	0d0g0y10191l
x4iib	2r3R1/p2k1r2/4p3/4Pp2/3qp2Q/8/P5P1/5R1K w - - 9 34	h4h5 f7e7 f1d1	2309	010p11121g1o
y3OF1	r3k1r1/p2pq3/1pb5/5p1p/3N1B2/2P1P3/PP3PPP/R2Q1RK1 b q - 1 18	g8g2 g1h1 g2h2 h1h2 e7h4 h2g1 h4h1	2309	050k0m0y1317191n1w
z4t0Z	8/4r2p/2Bp3k/5Qq1/8/2P3b1/1P5P/5RK1 b - - 1 36	g3f2 g1f2 g5f5	2309	050g0k0m0p0v111o
zkZEg	1r1q1rk1/p3nppp/2p1p1b1/4N3/6P1/1P1P1Q1P/P1PN1P2/R3K2R b KQ - 0 15	d8d4 e5g6 f7g6	2309	010s191o
09ZOA	8/1p6/8/p1k5/Pr3R2/6P1/5P1K/8 b - - 0 44	b4f4 g3f4 b7b5 a4b5 c5b5	2310	0g0p101m
0K4vt	2Q5/4b3/2r1r1pk/5p2/p3p3/8/1P3PPK/8 w - - 2 45	c8h8 h6g5 g2g3 g5g4 h2g2 f5f4 h8h3 g4g5 h3h4 g5f5 h4f4	2310	0p13181l1s1w
0gGN8	r1bq1rk1/pppp1pp1/1n5p/2b1P3/2BB2Q1/1P6/P1PP1PPP/RN3RK1 b - - 0 13	d7d5 e5e6 c5d4	2310	010w1c1o
1C7Ic	8/R2n2Q1/2p1q3/2pr1kp1/6b1/1P2P3/PB1P4/2K5 w - - 2 32	g7h7 e6g6 e3e4 f5f4 h7g6	2310	0g0i101119
2KOAc	5k2/5R2/8/2p1N2K/3p4/3P2p1/8/2r5 b - - 1 46	f8e8 f7g7 c1h1 h5g6 g3g2	2310	000g0p10
2j0DU	4k3/5p2/1p2pPp1/3pP1Pp/3P3P/2Pr4/2R3K1/8 w - - 4 33	c2a2 d3c3 a2a8 e8d7 a8f8	2310	0g0p101l1m
3Usnc	r3r1k1/1R3ppp/p1pp3q/8/n3P3/5NQ1/4BPPP/5K1R b - - 0 24	h6c1 f3e1 a4c5	2310	0g191o
3q8tu	2rq3r/pp1kbp1p/b3p2Q/3pP3/3P4/P5NP/1P1N1PP1/2R1R1K1 b - - 4 22	e7g5 c1c8 d7c8 h6g7 g5d2	2310	011019
4ovfP	1r3rk1/1b1p1p1p/pp6/2pQ1Nq1/3n4/P2B4/1PP2PPP/R3R1K1 w - - 1 19	f5e7 g5e7 d5h5	2310	0d0g191n1o
57HDg	r6r/2pk1Pbp/p2pN3/1p1P3B/8/2q3P1/PnP2P2/2K1Q2R w - - 0 24	e6c5 c3c5 e1e6 d7d8 e6e8 h8e8 f7e8q	2310	000d1317191h1n1w
5Jf6V	8/2R5/r3k1p1/2pp3p/P3pP1P/1P2K1P1/8/8 b - - 12 52	a6b6 c7c5 b6b3	2310	0g0p111m1o
5LWh7	r4r2/p5k1/1p2R1pp/3b1p2/3q4/3n1PQ1/PP4PP/5R1K w - - 1 30	g3g6 g7h8 g6h6 h8g8 h6g5 d4g7 e6g6	2310	010i191g1w
5s470	8/2R5/4pkP1/1pP1p3/q2pB1P1/2rP4/1R6/1K6 w - - 6 39	g4g5 f6g5 b2g2 g5f4 c7f7 f4e3 f7f3	2310	050p13171d1w
5sS0H	4r1k1/p1qn1p1p/6pQ/8/8/1B4P1/P4P1P/3R2K1 w - - 6 27	b3f7 g8f7 h6h7 f7f6 h7d7 c7d7 d1d7	2310	050g0i0p1w
6P4tz	4r1k1/R4pp1/1p3q1p/8/8/PQ5P/1P3PP1/6K1 b - - 0 27	e8e1 g1h2 f6f2 b3f3 f2g1 h2g3 e1e3	2310	0g0i0p1g1w
7FMuQ	8/p7/7k/3K4/2p5/P7/8/8 w - - 0 47	d5c4 h6g5 c4b5 g5f6 b5a6 f6e5 a6a7 e5d5 a7b6 d5d6 a3a4 d6d7 b6b7	2310	0g0h0p111e1l1w
7MrmL	rnb2k1r/ppp2Bpp/8/q5N1/3Pp3/2b4P/PPPQ1PP1/R3K2R w KQ - 1 12	b2c3 h7h6 f7e6 c8e6 g5e6	2310	011019
7RACN	r1b1k2r/p2p1pbp/1qp1pnp1/6B1/N1B1P3/5Q2/PPP2PPP/R3K2R b KQkq - 5 10	b6a5 g5d2 a5a4	2310	0g0s191o
8YgzZ	5rk1/3Q2p1/pq5p/1p1pP1b1/8/1P6/PB1N2PP/7K w - - 5 27	e5e6 g5f6 b2f6 f8f6 e6e7	2310	00010p10
8mFti	8/8/p1p2p2/2p3p1/4PkP1/5P2/PP2K3/8 w - - 0 33	b2b3 f4e5 e2e3 e5d6 f3f4	2310	0g0p101e1l1z
9LDlr	8/6k1/1K3p2/6pP/6P1/8/8/8 w - - 1 51	b6c5 f6f5 g4f5 g5g4 c5d4 g4g3 d4e3 g7f6 h5h6 g3g2 e3f2 g2g1r f2g1	2310	0g0p1e1w
9g1Fq	bk4B1/2p4p/1p3p2/2b5/6n1/4PNPq/PPP1QP1P/3R1RK1 b - - 0 21	a8f3 d1d8 b8a7 d8a8 f3a8	2310	0g1019
A7VzV	r3k2r/pp3ppp/1q6/4PbB1/1n6/2N1n1P1/PP4BP/R2QN2K w kq - 1 16	g5e3 b6e3 d1a4 f5d7 a4b4	2310	010s1019
ACmmu	8/8/4k1pp/pp1pP3/2pPb2P/P1K2BP1/1P6/8 w - - 2 36	f3e4 d5e4 a3a4 b5a4 c3c4	2310	080g0i0p1011
ASxoG	3r1rk1/ppp1qpbp/2n3p1/3n1b2/8/2PBPNNP/PP2QPP1/R1B2RK1 b - - 2 14	d5c3 b2c3 f5d3	2310	0g11191o
AWG0N	2r2rk1/pp3pp1/1q6/3Q4/8/PBPP3P/5P2/1K1R3R b - - 0 26	c8c5 d5c5 b6c5	2310	01191o
AkVAu	5r1k/7p/pq4p1/1p6/2rb2N1/1Q3P1P/PP3BP1/3R3K w - - 2 31	b3c4 b5c4 f2d4 b6d4 d1d4	2310	0g0s1019
BiU09	r4rk1/1pq3pp/p1np1p2/4pPP1/7b/1PP4P/P2BQ1B1/R4K1R w - - 0 19	e2c4 g8h8 c4h4	2310	010s191o
CLKZo	4rrk1/R1p3bp/3p2p1/1P2n3/2PB1q2/5P1P/1Q2B1P1/3R2K1 b - - 2 30	e5f3 e2f3 e8e1 d1e1 g7d4 b2d4 f4d4	2310	0d0g0i0s191n1w
CSHNQ	8/8/4p3/1p1pPk2/PK1P4/8/5P2/8 b - - 1 57	b5a4 f2f3 f5f4 b4a4 f4e3 a4b5 e3d4 f3f4 d4e4	2310	0g0p111e1w
DLwQG	1k4r1/ppp2p2/2p3r1/2b5/4P2q/3P1Q1P/PPP1NPP1/R4RK1 b - - 4 19	g6f6 f3f6 h4f6	2310	01191o1t
DOVRL	2b4k/1r2q1rp/2Q5/p3Np1R/3P4/Pn2P3/1K2N3/8 w - - 3 36	c6c8 g7g8 e5g6 h8g7 c8g8 g7g8 g6e7	2310	01050t191g1w
Dr7v0	3r2k1/ppp2p1p/8/8/1n1B4/1q2NN2/2b1QPPP/2KR1B1R b - - 1 17	b4a2 c1d2 b3c3	2310	1315191g1k1o
Dt8bF	3r1r1k/ppp4p/2q4p/b4b2/8/1Q3N1P/PP2BPP1/R2R2K1 w - - 3 23	d1d8 f8d8 f3e5 c6e6 e5f7	2310	0g1019
DtIRf	8/q6k/3PR1pp/5r2/4Q3/3P2P1/P5KP/8 b - - 2 41	a7f2 g2h3 f2f1 h3g4 h6h5 g4h4 g6g5 h4h5 f1h3 e4h4 g5g4	2310	0j0k0p1113181w
EEhCY	3K4/6qk/6pp/8/4Q1PP/8/8/8 w - - 4 48	e4e7 g7e7 d8e7 g6g5 h4h5	2310	0g0h0p101i
F4T6A	r4rk1/3b1pbp/p1N3p1/4Pp2/1q3P2/1P1P1Q2/P5PP/R1B2R1K b - - 0 20	b4c5 d3d4 c5c6	2310	01191o
GK0Vc	r1b2rk1/pp3ppp/2Nq4/8/6n1/1B1P4/PPP3PP/RNBQRK2 b - - 2 12	d6f6 f1g1 f6f2 g1h1 f2h4 c1f4 g4f2 h1g1 f2d1	2310	010s1c1w
Gfse5	8/6p1/4p3/2n2PP1/3N4/2k5/8/6K1 b - - 0 45	c3d4 f5f6 g7g6 f6f7 c5d7	2310	0g0h0p0t0z10111l
Gmwnu	r2q1rk1/pp2ppbp/2p3p1/5b2/2P1n3/4BNP1/PPQ1PPBP/R4RK1 w - - 2 13	g3g4 e4g3 g4f5	2310	01191o
HPmkd	8/p1p4p/1p2p1p1/2k2P2/4K3/1PP5/1P5P/8 w - - 0 33	f5g6 h7g6 e4e5	2310	0g0p1e1o
HfuRA	8/3k1p1p/1rp1pp2/3q4/2rP1B2/Pp1RQ3/1K3PPP/2R5 b - - 10 29	c4c2 b2b1 b3b2	2310	00010e191o
J60if	2rqr1k1/pb2ppbp/1p3np1/8/2BP4/1P2QN1P/P3NPP1/2R1R1K1 w - - 1 20	c4f7 g8f7 f3g5 f7f8 g5e6 f8g8 e6d8	2310	050g0s191n1w
JJX1A	3rr1k1/pppq1pbp/2n3p1/8/P3p2Q/BB3PR1/2P2P1P/6RK w - - 0 21	g3h3 h7h5 g1g6	2310	010j191g1l1o
JPXmX	1Q6/pb1k1q2/1p1Bp3/2p3P1/2P5/8/PP1RnPP1/1K6 b - - 0 40	f7h7 g5g6 b7e4 b1a1 h7h1 d2d1 h1d1	2310	060p13171w
JgMKQ	2R5/5p1k/p6p/6p1/4Pq2/2Q5/b5P1/6K1 w - - 0 37	c8h8 h7g6 h8g8 g6h5 c3h3 f4h4 g2g4	2310	0p1113171w
JqKgH	r1b4k/3n4/1q1p1np1/p2Pp3/2p1P3/P1P2K2/2NQN3/R7 w - - 0 24	d2h6 h8g8 h6g6 g8f8 a1h1 f8e7 h1h8 d7f8 g6g7	2310	0g0r0y191l1w
KqPrV	2r5/p3N2k/Pp6/3Q3p/1P1Pp1b1/4P1Pp/2r2P1K/4R3 b - - 0 29	c2f2 h2h1 g4f3 h1g1 h3h2 g1f2 c8c2 e1e2 c2e2 f2f1 h2h1q	2310	000p13181h1n1w
L7ii8	2kr2nr/ppnq1p1p/2p3pP/4Bp2/8/P1N5/1PP3B1/R2QK2R b KQ - 2 17	d7d1 c3d1 d8e8 d1e3 e8e5	2310	01101c1g
LPMwr	r4k2/pppn1Pp1/8/3Pp3/2P1N1b1/4Q1P1/PPP3qr/R3KR2 w Q - 0 19	e3a3 c7c5 d5c6 d7c5 a3c5	2310	0j0k0o10131619
Ldybd	r5k1/4npp1/2pr3p/B2nN3/N7/P7/1PR2bPP/R5K1 w - - 0 29	c2f2 a8a5 e5c4 a5a4 c4d6	2310	0g0s1019
LvZ2i	4b3/3k4/3b4/p2ppN1P/2p3B1/2P5/P5K1/8 w - - 2 43	h5h6 e8g6 f5h4	2310	0g0j0k0p1o
LykHH	8/8/5Kp1/p2kP3/2n3P1/2B5/8/8 w - - 7 43	e5e6 c4d6 e6e7	2310	000g0p111o
MYNuz	r4rk1/pp3ppp/8/3qn3/3n1B2/3Q4/PP3PPP/R3R1K1 w - - 0 17	f4e5 a8d8 a1d1 d4f3 d3f3 d5f3 g2f3	2310	0g191l1w
MycTI	2kr3r/1pp4p/p1np2p1/3n4/Q1B4q/2P1P2P/PP1N2P1/2KR3R w - - 1 20	d2f3 h4e4 d1d5	2310	0g0j191o
NUNsK	1r3rk1/p4p1p/b4npQ/q1p1p3/3pP2P/1P3PN1/P1P3P1/1K1R1B1R w - - 2 18	g3f5 g6f5 h6g5 g8h8 g5f6	2310	0g0s10191n
OM7pA	8/8/2p2k2/pp3p2/3P1K2/1P2P3/P7/8 w - - 0 50	a2a3 f6e6 f4g5	2310	0g0p1e1l1o1z
PBE8r	6k1/1R3R2/6qp/8/5B2/2N2KP1/PP3P2/4r3 b - - 1 34	g6h5 g3g4 h5h1 f3g3 e1g1	2310	0p10111316
PGAaZ	r1bN2k1/ppB4p/5bp1/8/2P5/1P3pP1/P4P1P/5RK1 b - - 0 20	c8h3 f1e1 a8c8	2310	010d0p111o
Pre26	3rr1k1/Nb3ppp/1p3n2/2qp4/2P5/3B3P/PPQ2PP1/R3R1K1 b - - 0 21	e8e1 a1e1 c5a5 e1e7 a5a7	2310	010s1019
R7PO4	8/5p2/4p1k1/pp6/4K2P/4P3/P4P2/8 w - - 2 41	e4d4 g6h5 d4c5	2310	0g0p111e1o
RcdaA	rn1q2k1/pp3pp1/7p/2bpPR2/6n1/2N5/PPP3PP/R1BQ3K b - - 0 14	d8h4 h2h3 h4g3 d1g1 c5g1	2310	0g1019
Rt4Gd	2k4r/p1p3p1/2Qr3p/q7/8/1P6/1P3P2/1K2R1R1 w - - 0 30	c6a8 c8d7 g1g7	2310	0p13151o
S07Hq	2kr3r/pppn1ppp/3b4/4q3/3NQ3/7P/PPPN1PP1/R1B1R1K1 b - - 0 13	e5h2 g1f1 h8e8	2310	01191o
S86BU	rnb2rk1/ppp2ppp/5n2/3P4/2B2B2/2P2N2/PPP1K1PP/R6R b - - 0 10	f8e8 e2d3 c8f5 d3d2 e8e4 f4g5 e4c4 g5f6 g7f6	2310	010r0s191w
SEPCE	4r1k1/1p4p1/p6p/3P4/1q2rP2/1PR2Q2/P5PP/5RK1 b - - 0 32	b4d4 g1h1 e4f4 f3f4 d4f4	2310	0g0p0w1011
SkB08	2rr2k1/1p3ppp/p1nBp3/q2p1b2/3Pn3/Q3PN2/PP2BPPP/R1R3K1 w - - 6 16	a3a5 c6a5 d6c7 c8c7 c1c7	2310	0g0s1019
Str3H	7k/pQ4p1/2p4p/8/5r2/2q5/P5PP/4R2K w - - 0 29	e1e8 h8h7 b7b1 g7g6 e8e7 c3g7 e7g7	2310	010p1w
T19bf	r4r1k/1bbq1pp1/p4Q1N/1p1p4/1P6/PB1P3P/1BP3P1/1R3R1K b - - 0 23	g7f6 f1f6 d5d4	2310	0g0h191o
T5SsT	1r1qkbnr/pQpb2pp/2np1p2/8/2BNP3/P7/1B3PPP/RN2K2R w KQk - 1 12	d4c6 b8b7 c4f7 e8f7 c6d8 f7e8 d8b7	2310	01050r0s1c1n1w
TNGiD	8/4P2N/2Pk4/8/8/4PKP1/1p5P/8 b - - 0 45	d6e7 c6c7 e7d7 h7f6 d7c8	2310	010p0z10
TfM9n	r3k1nr/ppp2ppp/8/3PNq2/8/2P5/P1P3PP/R2QK2R w KQkq - 1 14	d1e2 g8f6 e5g6 f6e4 g6h8	2310	0g0j0k10191g1l
UPxfY	1k6/ppR2ppp/6q1/3r4/P4B2/6P1/1P3Q2/6K1 b - - 0 32	d5d1 g1g2 g6e4 f2f3 e4f3 g2f3 d1f1 f3g2 f1f4	2310	01050i0p0r1w
VlKL4	3r2k1/5ppp/R4n2/8/1R2p2q/1Q5P/2P2PP1/6K1 b - - 0 25	d8d1 g1h2 f6g4	2310	0p13151g1o
W3MgR	r3Nk2/q7/4b1pp/4Q3/8/P1P2P2/1P1R2PP/3RK3 b - - 0 40	a7g1 e1e2 e6c4 d2d3 g1g2 e2e3 a8e8 e5e8 f8e8	2310	010r191g1w
X2M8t	8/4bkp1/1ppBp1pp/1qPp4/1P1P4/4P2P/3Q1PP1/6K1 w - - 9 31	d2a2 e7d6 c5d6 b5b4 a2a7	2310	0g0p10
XnI1b	8/1p3k2/2p2bp1/3p4/1P1B1KP1/2P4P/8/8 w - - 2 34	d4f6 f7f6 h3h4 b7b6 h4h5	2310	080g0p101l
YimYi	8/8/8/NPb3P1/3k2P1/1Pp2K2/8/8 b - - 0 41	c3c2 b3b4 d4c3 b4c5 c2c1q	2310	00010p101h
ZhxI1	8/7p/3k2p1/3P1p2/4p3/bK4PP/BB3r2/1R6 b - - 1 50	a3b2 b1b2 e4e3	2310	010p111o
aRWqu	2k2r2/pnpq2p1/1p4np/1P2N3/PQPP4/8/4rBPP/R4RK1 b - - 6 25	f8f2 f1f2 d7d4	2310	010b191g1o
awrmK	6k1/6pp/1R6/5P2/1P1P4/p3K2P/r7/8 b - - 0 37	a2a1 b6a6 a3a2	2310	00010p111l1m1o
cIpqM	4r1k1/4p2p/1Q1b1pp1/7q/2r5/P5P1/1P1R1P1P/3R2K1 w - - 1 30	b6b3 e8c8 d1c1 h5b5 b3b5 c4c1 g1g2	2310	010h191g1w
cOoet	3k4/pQpn4/8/8/q2PpP2/8/3N1Pr1/1R2K3 b - - 0 26	a4d4 b7a8 d8e7 a8e4 d4e4 d2e4 g2g1 e1d2 g1b1	2310	0g0p1p1w
coYPg	3Q1b1k/7p/3p2p1/3Pp3/B3p1b1/P3B1P1/1P2qP2/2K5 b - - 2 41	e2e1 c1c2 g4d1 c2b1 d1a4	2310	0g0j0k0p101k1p
d0KxW	8/p2q2kp/1p4p1/2b1P2P/3p4/1B3Q2/5PK1/8 w - - 1 39	f3f6 g7h6 f6f4 g6g5 f4f6	2310	0g0p101112
dqnB0	r5k1/q4pp1/n1p4p/B1Ppr3/3N4/Q2RP3/PP4PP/2K5 w - - 2 23	d4c6 a7c5 a3c5 a6c5 d3c3 c5e4 c6e5	2310	010s191w
fJoSW	1r1q1rk1/p1p2ppp/7B/3p4/8/3R1P2/PbQ2P1P/2K3R1 w - - 0 19	c2b2 b8b2 h6g7 h7h5 g7f6 g8h7 f6d8	2310	010j0k0s191g1n1w
fsmBe	r3kbnr/ppp3pp/2n1bq2/8/2BPp3/4B3/PPP3PP/RN1QK1NR w KQkq - 4 8	c4e6 f6e6 d4d5 e6e5 d5c6	2310	0g0s101c
gJaYK	r1b2rk1/1pp2pp1/p2b1q1p/3PR3/Q1B2P2/6B1/PPP3PP/5RK1 b - - 0 16	b7b5 c4b5 d6e5 f4e5 f6b6 f1f2 b6b5	2310	0d0g0s191w
grPJk	6k1/r1q2p2/7p/pBpR4/P4P1P/4K3/P7/3R4 w - - 0 34	d5d7 c7b6 d1d6 a7d7 d6b6	2310	0d0g0p10
hFkKn	b2r2k1/1r3ppp/2pNp2n/4P3/P2p1PP1/qP1P3P/2PB1Q2/1K1R3R b - - 3 24	b7b3 c2b3 a3b3 b1c1 b3a3	2310	0110191k1n
hIrpX	8/3R1Nkp/6p1/5n2/P7/5P2/2PR2KP/4rr2 b - - 0 35	f5h4 g2g3 f1f3 g3h4 e1e4 h4g5 f3f5	2310	0p13171n1w
i5rWt	7k/2p2Rp1/7p/3p4/6KP/1P1BrQP1/P1P5/3q4 b - - 4 46	h6h5 g4h5 e3f3 f7f3 d1f3	2310	0g0p101g
iO8Zy	6rk/pp2p1b1/1q1pB1QP/2r2b2/8/2P5/PP4P1/3R3K w - - 0 35	h6g7 g8g7 g6e8 h8h7 e8h5	2310	000r10131619
iPOV1	3r2k1/5p2/1q2p1p1/2nb2Pp/r1B4P/Pp2QP2/1P1N4/1KR4R w - - 2 29	c4d5 d8d5 d2e4	2310	0g191o
iZlVX	8/1p5P/p1p3n1/P1P5/1PK1P1p1/3B4/5k2/8 b - - 6 48	g4g3 e4e5 g6e5 c4d4 e5f7 d3e4 g3g2 e4g2 f2g2 d4e3 g2g3	2310	000g0h0p11121l1w
laRSy	8/8/8/1K1pk3/R3p3/P3P3/1Pr5/8 b - - 0 44	c2b2 a4b4 b2b4 b5b4 d5d4 b4b3 d4d3	2310	0g0p1m1w
lyQfZ	8/2p4p/1p1p2p1/3Pk1P1/2P2p1P/r2R1P1K/P7/1n3B2 w - - 6 41	d3a3 b1a3 f1d3 e5d4 d3g6 h7g6 h4h5 g6h5 g5g6	2310	0d0g0p1n1w
m70KD	1rk4r/3q1p2/b1p2P1p/p1B1Q1b1/N1P4n/3P3N/P6P/1R3RK1 b - - 6 26	b8b1 f1b1 h4f3 g1h1 f3e5	2310	010s1019
mMrfs	3r3k/p1bn2p1/2B3np/2P1p3/4P3/3N1r1P/PB3PK1/3R1R2 b - - 2 27	f3d3 d1d3 g6f4 g2g3 f4d3	2310	050g0s10191n
mPebx	rnb2rk1/pp1p1ppp/1qp5/4b2Q/2B1P3/2N5/PPP2PPP/R3K1NR w KQ - 4 9	h5e5 d7d6 e5g3	2310	0g0t1c1o
oFfN8	r3kb1r/pp3ppp/2np1n2/q3pP2/2B5/2N1B3/PPP2PPP/R2QK2R b KQkq - 2 9	d6d5 c4d5 e8c8 d5c6 d8d1	2310	010c10111c1g
p4egt	8/8/8/8/5kpR/4r3/6PK/8 b - - 9 52	e3e1 g2g3 f4f3 h4h5 e1e2	2310	0g0h0p101l1m
pWBNc	3r1r2/2p1n1kp/1p1bQ2q/p6p/3P4/2P2RPP/PP6/5RK1 w - - 0 29	f3f7 f8f7 f1f7 g7g8 f7f6 g8h8 f6h6	2310	010e0j0k191w
qClpZ	2r3k1/pb2b1pp/1p2Pp2/8/1n1NPB2/6P1/PP2QP1P/1r3BK1 b - - 6 23	b7a6 d4b5 c8c2	2310	0g191o
qcjyO	8/3q1kp1/1p1Pp2p/p1p1Pp1P/P1P2P2/1P3Q2/6K1/8 w - - 2 33	f3a8 d7e8 a8b7 f7g8 d6d7	2310	000g0p101i
s3rwH	2k4N/ppp3pp/5r2/3Pp3/8/5nNK/PPPP1qP1/R1BQ3R b - - 3 19	f6h6 h3g4 f3h2 h1h2 f2f4	2310	0d0r0x101316191n
s4kSx	2rr2k1/pb2q1pp/4pp2/N7/3ppP2/PQR5/1P3PPP/3R2K1 w - - 0 22	c3c8 d8c8 b3b7 e7b7 a5b7	2310	011019
sUTW8	r4rk1/2Qq2p1/p6p/1p1N2n1/1P1n1p2/P2BP2P/5PP1/2R2RK1 b - - 0 21	d4f3 g1h1 d7d5	2310	01191o
tXo9M	5k2/7p/p1RPR1pP/P7/3p4/3P4/1P1q4/5K2 b - - 0 34	d2f4 f1e1 f4g3 e1d2 g3g2	2310	010p0r101j
u8XVd	7Q/ppqkn3/4p3/3pP3/b2n4/P2B1P2/2P2P1P/1RBK3R b - - 0 18	a4c2 d1d2 c2d3	2310	0g0s11191o
uF4Yr	1r1r2k1/5p1p/pq2b1pb/2p1P3/4Q3/PPN2N1P/1KP2PP1/3R3R b - - 6 26	d8d1 h1d1 e6b3	2310	01191o
uIUIZ	2kr3r/1pp1qpb1/3p2bp/Qp1P2p1/6P1/5P2/PP2B2P/2KR3R w - - 0 20	a5a8 c8d7 e2b5 c7c6 b5c6 b7c6 a8c6	2310	0w1317191k1w1y
vUFbC	r2r4/p4pk1/1qpp2p1/7p/2P1PP2/1PN1n2P/P3Q3/3R1R1K w - - 3 24	c3a4 e3f1 e2b2 f7f6 a4b6	2310	0110191n
wGtTH	r2q1rk1/pp2ppbp/4b1p1/2pnPn2/8/1B3N2/PPP1Q1PP/RNBR2K1 w - - 2 13	c2c4 f5d4 f3d4 c5d4 c4d5	2310	01101c
wJrcK	4rrk1/pbp1q1p1/1pn4p/2b2pNQ/5B2/6P1/PPP3BP/R2R3K w - - 4 20	g2d5 g8h8 h5g6 e7g5 f4g5	2310	0g0y1019
wj8DQ	r4r2/3q1pk1/1p2pnpp/p1p1Q3/3N4/P2P1P2/1PP3R1/2K3R1 w - - 0 33	d4e6 d7e6 g2g6 f7g6 e5e6	2310	0g0i1019
wnSoc	8/6kp/p4p2/1p1p1K1P/1P1P4/P7/8/8 w - - 3 52	f5e6 g7h6 e6d5 h6h5 d5e6	2310	0g0p101e
x5lSA	2kr3r/ppp1n1pp/5p2/8/3b4/1PN2bP1/PBP4P/2K1RBR1 w - - 0 16	f1h3 f6f5 g1f1 f3c6 e1e7	2310	0d0g1019
xn0RE	rn1qk2r/pbp2ppp/1p3n2/3p4/1b1P4/2N1PN2/PPQ2PPP/R1B1KB1R w KQkq - 1 8	c2a4 b8c6 f1b5 d8d7 f3e5	2310	010s101c
yDmE9	r1bq2rk/pp3ppp/2nb4/3pR2N/8/1P4QP/PB3PP1/R5K1 w - - 1 19	e5e8 d8e8 b2g7 g8g7 g3g7	2310	0j0y101316191n
zGBDG	1r5k/4q1pp/3p2r1/1p2p1n1/4P3/1BPQ1P2/1P3P1P/R1B2RK1 b - - 0 25	g5h3 g1h1 g6g1 f1g1 h3f2 h1g2 f2d3	2310	010i0k0m0s191n1w
090xo	6k1/pp1r2p1/5QR1/2p1r3/8/P1PP4/1P2q1PP/5R1K b - - 0 31	g8h7 g6g7 d7g7	2311	010p1o
10ZGs	8/2k5/1b1p4/1bpPp1p1/4PpP1/r1BP1P2/4B3/2R1K3 b - - 33 63	a3c3 c1c3 b6a5 e1d2 b5a4	2311	0g0h0p1011121g1n1r
2HBml	3r2k1/pQ3pp1/2p3n1/3qP3/8/P4PPp/1PP4P/3R1RK1 b - - 0 26	d5c5 g1h1 d8d1 f1d1 c5f2 b7c8 g6f8 c8h3 f2f3 h1g1 f3d1	2311	0g0j0p0s1w
2xSyz	3rr1k1/2bn1p1p/p1p4P/8/1qp1P3/1P4P1/P3Q1BP/5RK1 w - - 0 28	e2g4 g8f8 g4g7 f8e7 f1f7 e7d6 g7d4 d6e6 g2h3 e6f7 d4g7	2311	0y1318191n1w
32DBW	4r1k1/1p1Q2pp/2r2bn1/3N4/3q4/8/PP4PP/5R1K w - - 0 26	d7e8 g6f8 d5e7 f6e7 e8f7 g8h8 f7f8 e7f8 f1f8	2311	060i0s1318191w
3fsVX	7r/p1p1k1p1/3pbqp1/1Qb5/8/2P5/P2N1PPP/R1B2RK1 b - - 4 19	f6e5 d2f3 c5f2 f1f2 e5b5	2311	0g0j1019
3uj8d	r4rk1/pb2bppp/2p1q3/4p3/QB2N3/6P1/PP2PP1P/R4RK1 b - - 7 15	e6c4 b4e7 c4a4	2311	01191o
7BMj6	2r2rk1/pb2R1p1/1p5p/8/2Np1q2/P2B1nN1/1PP3PP/R2Q3K b - - 1 26	f4h4 g2f3 b7f3 d1f3 f8f3	2311	010s10191n
7Dda3	r2q1rk1/p7/2p4p/6p1/7n/2NP1pP1/PPPQ1P1P/R3R1K1 b - - 0 23	d8d7 d2e3 a8e8 e3e8 f8e8	2311	010d1019
8Cr1r	r2q1rk1/pp2n1pp/2p1R3/2bp2B1/6n1/8/PPP2PPP/RN1Q1BK1 w - - 1 15	d1g4 f8f2 g5e3 c5e3 e6e3	2311	01101c
8c7wm	2r3k1/p3p3/4p1pQ/3p4/8/2q5/P1P2PP1/2K4R w - - 0 22	h6h7 g8f8 h7h8 c3h8 h1h8 f8f7 h8c8	2311	0g0p0r1p1w
90Jhk	8/p7/1p4p1/2pk1p1p/PP1PpP2/2K1P1P1/6P1/8 w - - 0 28	d4c5 b6c5 b4b5 c5c4 c3b4 d5d6 b4c4	2311	0g0p1e1l1w1z
ALxeV	5Nk1/pp2B2p/6pQ/3pPp2/3P2P1/1qr5/5P1P/2n2RK1 b - - 2 25	c1e2 g1g2 c3h3 h6e3 h3e3	2311	0g0y1019
ARuTQ	k5r1/p6R/8/7P/4p3/8/r5P1/3R2K1 b - - 0 30	a2g2 g1f1 g2g1 f1e2 g8g2 e2e3 g1d1	2311	0g0i0p1m1w
Aaijf	4rrk1/pp3ppp/1n6/1q4B1/4N1Q1/1P6/1b3PP1/2R1R1K1 w - - 0 24	g5f6 b2f6 e4f6	2311	0g0y191g1o
BKzcq	4q2k/1p2r1rp/3p1QP1/p4p2/3P4/3R1P2/PPP5/5K1R b - - 5 33	e7e1 f1g2 e8g6 f6g6 g7g6	2311	0g0p0r10
Bt2Xb	8/6p1/K7/1pp5/8/1Pk5/P6P/8 b - - 1 46	c3b4 a2a3 b4b3 a6b5 c5c4 a3a4 c4c3 a4a5 c3c2	2311	000g0p1e1l1w
C3UeV	r3k1r1/1b2b2p/p3p2p/1p3p2/1q1NN3/7P/1P2QPP1/R2R2K1 w q - 0 22	e4f6 e7f6 e2e6 b4e7 e6g8	2311	0g0j0r0s10191n
COAFc	5rk1/rB3pp1/3Pn3/p1p4p/2Pb2q1/4B1P1/P2Q1PKP/1R3R2 b - - 1 25	a7b7 f2f3 b7b1 f3g4 b1b2 d2b2 d4b2	2311	01191g1w
CorEF	8/7R/1p6/3B2k1/3b2n1/P5K1/2r3P1/1R6 b - - 5 38	c2c3 d5f3 d4e5 g3h3 g4f2	2311	0p0r10111316
D4nX9	r4rk1/pp3ppp/1qnp4/5bNQ/2B2B2/8/P1P3PP/b4R1K w - - 0 17	c4f7 f8f7 h5f7 g8h8 f7f5	2311	0g0s1019
DN1eK	6rk/pp1r1pp1/1nq1pN1p/8/5Q2/2P5/PP3PPP/R4RK1 b - - 9 23	e6e5 f6d7 e5f4	2311	011112191o
Dg1IJ	8/1R3pk1/p3p1pb/4P3/P2PKP2/r1r5/B4P2/R7 b - - 0 28	c3f3 a2e6 f3f4 e4d5 a3a1	2311	010p10
Ex3UC	6r1/1q1Q4/4p1k1/1p3p2/2p5/2P1PnP1/4NPK1/3R4 b - - 8 42	f3h4 g2f1 b7g2 f1e1 h4f3	2311	0k0m0p101316
F4iWw	7r/pp1q2pp/2pBRbk1/5n2/2Q4P/3P4/PP3PP1/2K5 w - - 1 29	h4h5 g6h5 g2g4 h5g6 g4f5 g6f5 c4e4	2311	050g0r0s11191w
G4FdF	4rrk1/5pp1/1p5p/p2pP3/b1pQ2R1/2PqPN1P/1P4P1/5RK1 w - - 2 31	d4d3 c4d3 g4a4	2311	0g0j1112191o
GDbdp	b2r2k1/2qn1ppB/2n1p3/3pP3/8/1P3N2/1BP2PPP/3Q1RK1 b - - 0 18	g8h7 f3g5 h7g8 d1h5 d7f8	2311	010h0t1019
GjVxi	2r2rk1/3nbp2/p2p1nPP/4p3/4q2P/1Np1B3/PPP3Q1/3R1RK1 w - - 0 22	g6f7 g8f7 g2e4	2311	000g0k0m0w0y191g1o
HMzeW	4R3/5pk1/p1p3P1/8/3b3Q/2qb1K1P/P7/8 w - - 1 34	e8g8 g7g8 h4h7 g8f8 h7f7	2311	050p1013161n
I48Ab	3rr1k1/6pp/pb6/1p6/3Nq3/P1P1RRP1/1P2Q2P/6K1 b - - 0 39	d8d4 g1g2 d4d2 e3e4 d2e2 e4e2 e8e2	2311	0g11191g1w1y
IQm0A	4rk2/1p3p2/3P2p1/p2P2Pp/B1K2P2/7P/8/8 w - - 1 45	d6d7 e8a8 d5d6	2311	000g0p11121o
JHPfC	3r1k2/Q7/1p2pbpp/8/2PpR3/3P3P/p4PPK/1q6 w - - 0 29	e4f4 f8g8 f4f6	2311	0g0p1g1o
JSKSl	2r1k3/4q2Q/3pb3/ppn1p2R/3nP1Bp/P1N5/1PP3P1/1K6 w - - 6 31	h7g6 e8d7 h5h7	2311	010d1112191g1o
JYWWN	2kr2r1/pppq1p2/2nb1p1p/1B1N4/3P2b1/P4NP1/1PP2P1P/R2QR1K1 b - - 0 14	d7f5 b5c6 b7c6 d5e3 f5f3	2311	011019
Jw2j5	3r2k1/1R3p1p/4p1p1/p7/P3Q3/q1r1R2P/2P2PP1/6K1 w - - 0 23	e4f3 d8f8 e3c3	2311	0g0p0w1o
Jy82G	8/2R1rk1p/3rNbp1/pQ1Ppp2/n7/qN4B1/6PP/6K1 w - - 4 32	b5e8 f7e8 c7c8 d6d8 c8d8 e8f7 d8f8	2311	050u1317191g1n1w
K3vJS	r1b2rk1/1p1p1ppB/p1n5/q5Q1/8/5N2/PP3PPP/R3R1K1 b - - 0 15	g8h7 g5h4 h7g8 f3g5 a5f5	2311	010t1019
KGgLp	r4rk1/p3Bpbp/2p1b1p1/7n/2B1P3/2N2Q1P/PPq3PK/R3R3 w - - 3 18	e1e2 c2c3 b2c3	2311	01191o1t
KHjfr	r1b5/ppp2kp1/2n4p/2b1p3/2Pq2n1/2NP4/PP3PPP/R1BQ1RK1 w - - 3 13	c1e3 d4d6 c3e4	2311	01191o
KgKz7	3r1rn1/6pk/2q4p/1ppR2PQ/8/4BP1P/1PP5/3R2K1 b - - 0 31	g7g6 d5d8 f8d8	2311	01191o
LeKQP	2r3k1/2q1nppp/3p4/1P2p3/P3P3/2r5/3Q1PPP/2R2RK1 w - - 0 24	b5b6 c3c1 b6c7	2311	000111191o
M0pNM	r6k/pp1b1qp1/2pBp2p/4np2/2PP4/3B2QP/PP3PP1/4R1K1 b - - 1 25	f5f4 g3g7 h8g7 d6e5 g7g8	2311	010h1019
OdMq8	r4rk1/1pp2ppp/p2p4/2P1n3/2P1P3/P1N3qb/1PB1Q1P1/R1B1R1K1 b - - 1 15	h3g2 c1f4 e5f3 e2f3 g3f3	2311	0g0s1019
OqUuZ	8/8/4p3/5kPp/8/5KP1/6P1/8 b - - 0 53	f5g5 g3g4 h5h4	2311	0g0h0p111e1o
PBGF4	r1bq1rk1/ppp2pp1/2np2P1/4p1b1/4P3/P1NP4/BPP1QPP1/R3K2R w KQ - 0 15	g6f7 f8f7 e2h5	2311	000g0y191g1o
PEc01	6k1/ppq2rr1/2p1p1RQ/4Pp2/2PP4/1P6/P7/R6K b - - 2 32	g7g6 h6g6 g8h8 a1g1 f7h7 h1g2 h7g7 g2f2 g7g6	2311	0g0p0r1g1w
PKLBa	8/8/6k1/7p/6P1/2n1NP1K/3p4/8 b - - 0 43	g6g5 h3g3 h5h4	2311	0g0p0z111o
PnCw9	3rqk2/4b3/8/5p2/2p2P2/2P2B2/1P2K2Q/3R4 b - - 14 42	e7h4 e2f1 d8d1 f3d1 e8e1 f1g2 e1d2 g2h3 d2d1	2311	0g0i0j0k0p0r0s1w
Qh8sq	5k2/pp3Bp1/5q1p/8/1n1pr1Pb/1Q5P/PP3P2/2R3K1 w - - 2 26	c1c8 f8e7 b3b4 e7f7 c8f8 f7g6 f8f6	2311	01191p1w
Qi2of	1b1k1r2/R7/5r1p/1B1p4/1P1p2P1/P7/8/4R2K w - - 1 31	a7d7 d8c8 e1c1 f6c6 b5c6	2311	0g0p0r10
REXsN	8/8/8/4pp2/5kpK/8/5PPP/8 w - - 0 60	h4h5 e5e4 h5g6 g4g3 h2g3	2311	0g0p101e
SYm1Y	R7/4k3/3p3p/4p3/1P2P3/3Pbprq/1PQ2R1N/7K b - - 0 32	g3g1 h1g1 h3g2	2311	051315191g1n1o
ScGrO	6k1/pp1rpp2/3p2p1/q2P4/3QP3/8/1P4PP/2R3K1 w - - 2 23	c1c8 d7d8 b2b4 d8c8 b4a5	2311	010p10
TC0kb	4r3/8/2Q2pkp/1p1q1p2/8/1P1p2P1/3N1P1P/2R3K1 b - - 3 34	e8e1 d2f1 d5c6 c1c6 d3d2	2311	00010p101g
TD5Rw	K7/P7/2k5/2P5/r7/8/5B2/8 b - - 0 56	a4g4 f2g3 g4g3 a8b8 g3g8	2311	0p1013161l
Vmmh5	r3k2r/1bq1bppp/1p2p3/pNp1Pn2/P1Pp1P2/1P1P1NP1/2nBQ1BP/R3K2R w KQkq - 7 16	e1d1 c2e3 d2e3 f5e3 e2e3	2311	0g0h1019
Wwv6e	r2q1rk1/2p1bppp/p1np1n2/1p1Np1B1/4P3/PB1P1Q1P/1PP2PP1/R3K2R b KQ - 0 12	f6d5 b3d5 c6d4 f3d1 e7g5 d5a8 d8a8	2311	0g191w
XA2eK	5r2/ppr2p2/3qpRpk/3p2Rp/8/2P4P/PP2Q1P1/7K w - - 13 38	e2h5 h6g7 f6g6 f7g6 h5g6 g7h8 g5h5 c7h7 h5h7	2311	0p13181g1n1w
Xyilb	1r1qr1k1/6bp/4b1p1/p2p1p2/2p5/B1P4P/P1BQ1PP1/1R2RK2 w - - 0 23	b1b8 d8b8 c2a4	2311	01191o
YE1X8	r5k1/6pp/p2b2qr/3p1b2/2pPp3/4Q1N1/PPB3P1/R4RK1 w - - 0 25	g3f5 d6h2 g1h1 h2f4 f5h6 g6h6 e3h3 h6h3 g2h3	2311	01191w
YbTuf	4r1k1/1Q3pp1/1p3q1p/pNp1n3/P2p1n2/1B1P3P/1PP2PP1/4R1K1 w - - 1 23	b3f7 f6f7 b7f7 g8f7 b5d6 f7e6 d6e8	2311	050g0s191n1w
ZXZGg	8/7k/1p1p1r2/p2q1pR1/n2N4/P1P2P2/6P1/K3R3 w - - 7 35	d4f5 d5f5 e1h1 f6h6 h1h6 h7h6 g5f5	2311	0g0p0r1n1w
ZYmdo	8/8/p1p5/Pp2k3/1P4PK/8/8/8 b - - 1 62	c6c5 b4c5 b5b4 g4g5 b4b3 g5g6 b3b2	2311	000g0p1e1l1w
aPb4R	8/5p2/7p/1p2k3/1P4PP/6K1/8/8 b - - 1 40	e5e4 h4h5 f7f6	2311	0g0h0p1e1o
aoRwG	3k2n1/p1p3P1/1p1qP3/7K/3pQ3/3P4/P7/8 w - - 1 46	e4a8 d8e7 a8f8 e7e6 f8g8	2311	0g0p0s10
bRVCR	r3rnk1/pp3ppp/5n2/2bpq3/P2N4/1P3P2/1Bb1NQPP/R2R1BK1 w - - 0 18	d1c1 c5d6 f3f4	2311	01111c1o
bWxFM	8/8/1k2p3/1p1pPp1p/PKpP1P1P/1P6/8/8 b - - 0 38	c4b3 b4b3 b6a5 a4b5 a5b5	2311	0g0p101e1z
cuJkU	8/1P3k1p/Q5p1/2bPBq2/8/P6P/1r3PP1/6K1 w - - 1 35	a6e6 f5e6 d5e6 f7e6 e5b2	2311	0g0p1011
dRDtn	6k1/p5p1/2p4p/2q5/4Q3/P3p3/KP6/N7 b - - 0 41	c5d5 e4d5 c6d5 a1c2 e3e2 a2b3 h6h5 b3c3 h5h4 c3d2 h4h3	2311	000g0p1l1w
doe15	2r1kr2/ppq2pQ1/4b1p1/4R2p/3bPp2/1B3P2/PPP3PP/5R1K w - - 3 23	e5e6 f7e6 b3a4	2311	0g191n1o
dpEyU	6qk/1R1BK2p/8/8/4Q1p1/8/5r2/8 b - - 10 47	g8f8 e7e6 f2f6 e6d5 f8d6 d5c4 f6f4	2311	0g0p1g1w
eGuA5	3r1rk1/5ppp/p2bpn2/1p2B3/2P2Q2/4NP2/P2q1P1P/R4R1K w - - 7 22	f4f6 d6e5 f6e5	2311	0g1112191o
eus7E	1k1r1n2/1p4pp/pR6/r2Pp3/4P2P/P1NB2P1/KP6/8 w - - 13 35	b2b4 d8c8 b4a5 c8c3 d3a6	2311	0g0p101g1t
eyRJg	8/5PR1/4r3/6Pk/8/2r2K2/8/8 w - - 1 58	f3f4 c3c8 f4f5	2311	0g0h0p111m1o
fbIUa	1r2r1k1/p1p2pbp/3p1np1/2p1q1B1/4b3/2NQ1N1P/PPP2PP1/1R3RK1 w - - 0 19	f3e5 e4d3 e5d3	2311	011112191o
g9taG	r2qk2r/1bp4p/p1n3p1/1pbQ4/3Np3/1BP5/PP4PP/RNB1R1K1 b kq - 0 14	d8d5 b3d5 c6d4 d5b7 d4c2	2311	010j0k101c
i2myE	6r1/2qpk3/2p1p3/p7/6Rr/7P/PPPQ1PK1/4R3 b - - 0 30	g8g4 h3g4 c7h2 g2f1 h2h3 f1e2 h3g4	2311	0g0p1w
iBL0g	8/8/5p2/4kPpp/2K3P1/7P/8/8 w - - 0 47	g4h5 e5f5 c4d5 g5g4 h3g4	2311	0g0p101e
jwEq8	5k2/5p2/p2p2p1/1p1Pr3/2P5/1P4P1/P7/4R1K1 w - - 1 32	e1e5 d6e5 c4b5 a6b5 a2a4	2311	0g0p101m
k15Wd	1k1r3r/1pBq2p1/4bp2/1Np4n/8/1P2PPP1/P1PPB2p/R2Q1R1K b - - 0 18	d7c7 b5c7 h5g3 h1g2 g3f1 d1f1 e6h3 g2h1 h3f1	2311	010r0s191n1p1w
kUr53	3Q4/5pk1/5n2/2q1p1p1/Pp2Pb1p/1Pp2N1P/2B2PP1/5K2 b - - 1 35	f4g3 f2g3 h4g3	2311	0g0p1n1o
mITV4	r1b2r2/pp4qk/3R4/3B1p2/2Pn2n1/P1N2pP1/1P5P/4RQK1 w - - 0 27	f1h3 g4h6 e1e7	2311	0g191g1o
mJ0G8	8/8/p7/1pp1kppp/2P5/1P1K1PPP/P7/8 w - - 1 34	c4b5 a6b5 a2a4 c5c4 d3c3	2311	0g0p101e
nQe4V	r5k1/pp3ppp/4pn2/5q2/7Q/1BP3RP/PP1r2PK/4R3 w - - 2 23	h4h6 f6h5 h6d2 h5g3 h2g3	2311	0g10191g
nRvZF	5rk1/2p3pp/1b1p4/1Q6/8/5N2/1Pq2PPP/4R2K w - - 2 26	b5d5 g8h8 d5f7 h7h6 f7f8	2311	0g0p10
ruC7v	4br2/R6p/2Pnpk2/3nNp2/3P3P/5N2/5P2/4K3 w - - 3 37	f3g5 f8h8 g5h7 h8h7 a7h7	2311	011019
shbkL	r5k1/p1Q2ppp/2b1r2q/6n1/2PB4/4P1P1/P3BP1P/1R1R2K1 b - - 2 23	h6h2 g1h2 e6h6 e2h5 h6h5 h2g1 h5h1	2311	050y1317191d1n1w
spnmA	8/2P1r3/1p3pk1/1P5p/3R2pK/6P1/6P1/8 b - - 0 46	e7e1 d4g4 g6h6 g4g6 h6g6 c7c8q e1h1 c8h3 h1h3 h4h3 g6g5 g3g4 h5g4	2311	0g0h0p1l1m1w
t5Z2B	r5k1/5ppb/2p5/rp2p1q1/3pP1P1/PB1P1P2/2P1QK2/R6R w - - 2 31	h1h5 g5f4 a1h1 g8f8 h5h7	2311	0d0g10191l
tQ6ai	8/P7/r2k2p1/4pp1p/2K4P/4B1P1/5P2/8 w - - 2 45	c4b5 a6a2 e3b6	2311	0g0h0p11121o
tljkh	3r4/1p1q2k1/p3n1p1/4Pp1Q/3p4/P6P/1P1r4/6RK w - - 0 47	g1g6 g7f8 h5h8 f8e7 h8f6 e7e8 g6g8 e6f8 g8f8	2311	0p13181w
vD4s3	6k1/6p1/p6p/1pbqBp2/4rP2/1Q4P1/PP5P/5R1K b - - 1 36	e4e5 b3d5 e5d5	2311	0g0j0k0p1o
vJyFK	1r4k1/p1R3bp/2p3p1/3b2N1/8/4BP1P/P5P1/6K1 b - - 0 23	g7e5 c7d7 e5g3	2311	010p1o
vtkSu	2b1rk2/5r2/4pq2/3p3Q/1p1N2R1/1P3P2/1KP1N3/8 w - - 4 40	g4g6 f6g6 h5g6	2311	0g11191o
wF20s	r4rk1/p2pq1bp/1p3p1B/2p2Q2/2n5/2N3R1/PPP4P/6K1 w - - 0 23	g3g7 e7g7 h6g7 g8g7 f5g4 g7h8 g4c4	2311	01050s191w
wqgWv	r1b3k1/ppq5/2nb2pB/2p1pr2/3p4/3P1N2/PPP1QPPP/R3RBK1 b - - 0 16	f5h5 h6d2 e5e4 g2g3 e4f3	2311	011019
wv5AQ	r3k3/ppp4p/2n2B2/5n2/1P4b1/P3PNP1/2P2KP1/R2Q1B1q b q - 4 17	h1h6 f6g5 g4f3 g5h6 f3d1	2311	011019
yL3mF	8/p6p/6p1/1p1k1p2/3p1P2/1P1K4/P1P3PP/8 w - - 2 30	b3b4 g6g5 f4g5	2311	0g0p1e1l1o
yjmrT	8/6pp/8/5P1P/1pp2kP1/p7/K7/8 w - - 1 44	h5h6 c4c3 a2b3 g7h6 f5f6 f4e3 f6f7 a3a2 b3a2 c3c2 f7f8q	2311	000g0p1e1h1w
0rdnV	4r3/p6k/1p4p1/rq5p/3R1P1P/1Q4P1/1B5K/8 w - - 0 45	b3f7 h7h6 d4d2 e8e2 h2h3 b5f5 f7f5 a5f5 d2e2	2312	0g0p1l1w
1I3as	8/1p5k/2qPQ2p/p5p1/5r1n/2B4P/5P2/4R1K1 w - - 3 41	e6e7 h7g6 e1e6 g6h5 e6h6 h5h6 e7g7 h6h5 g7h7	2312	050p13181n1w
1a1jk	6k1/5p2/2P1p1pp/p3P3/q2p1P2/2Q5/5KP1/8 w - - 0 44	c3c1 d4d3 c6c7	2312	000g0p1i1l1o
2GM9F	6r1/pp1kn2Q/4p3/1P6/P1qR1P2/8/R6P/1N5K b - - 0 31	c4d4 h7g8 d4e4 g8g2 e4b1 g2g1 b1a2	2312	010i0s191w
2vwLb	r2qr1k1/3b1p1p/p5p1/1pbpPp2/8/PP3Q2/1BPN1PPP/R3R1K1 w - - 0 18	e5e6 d7e6 f3c3 c5f2 g1f2	2312	0g1019
2w3MA	8/1k1b2Q1/1q2p3/3pP3/r2NnP1P/Pp6/1P6/1KR4R b - - 4 31	e4d2 b1a1 a4a3 b2a3 b6d4 c1c3 d4c3	2312	111317191k1w
5Tssi	8/p7/1pp5/5kpp/1PPPp3/4K1PP/8/8 w - - 0 36	b4b5 c6c5 d4d5	2312	0g0h0p1e1o
5YGxb	r4rk1/ppp2pp1/1q2p2p/1N6/2P3n1/1B1Q4/PP3PPP/1R2R1K1 b - - 0 19	b6f2 g1h1 f2e1 b1e1 g4f2 h1g1 f2d3	2312	0g0s191n1w
5qNyv	1rbq1rk1/ppN2ppp/2nQ1b2/1N2p3/4P3/8/PPP2PPP/R3KB1R b KQ - 0 11	a7a6 d6d8 f6d8 c7d5 a6b5	2312	01101c
6nJwE	8/8/5k2/p1p2p2/P1Pp1K2/1P4P1/8/8 b - - 0 46	f6e6 f4f3 e6e5	2312	0g0h0p1e1o
7FzzR	8/8/6Pk/4p2P/3p2P1/3P4/3b1PK1/8 w - - 1 58	g2f3 h6g7 f3e4 g7f6 g6g7 f6g7 e4e5	2312	00080g0i0p1w
7co9Y	5rk1/2PP3p/R3p1p1/4P3/5r2/8/4p2P/1R4K1 b - - 0 36	f4g4 g1h1 f8f1 b1f1 e2f1q	2312	000p101113161h1m
82I0x	8/p4K2/2p5/1P6/2Pk4/P7/8/8 b - - 0 46	c6c5 a3a4 d4c4 f7e6 c4b4 e6d5 c5c4 a4a5 b4b5	2312	0g0p1e1l1w
8UOPN	5r2/2p2p1r/p2k3p/1pb2RpB/8/1P4P1/P5PP/5R1K w - - 3 26	f1d1 d6c6 d1c1	2312	010p1o
9NeXA	1k6/1p6/3p4/p2Q4/3P4/P1K1P3/RPPN2r1/2q5 b - - 0 28	c1d2 c3c4 d2e2 c4b3 e2c2	2312	0p101316
9QK0K	8/1R5R/1P4k1/5npp/6P1/7K/5r1P/8 b - - 0 51	h5g4 h3g4 f2f4 g4h3 g5g4 h3g2 f5e3 g2g3 f4f3 g3h4 f3h3	2312	050p13181w
9lccv	1r6/1pqr1k2/RQ2p2p/2P2pp1/2pP4/P3P3/5PPP/1R4K1 b - - 1 29	b7a6 b6b8 c7b8 b1b8 c4c3 b8b4 c3c2 b4c4 d7b7 h2h4 b7b1	2312	000g0p1l1w
9n86k	r3brk1/5qpp/p1p2p2/1p2pPbN/3pP1QP/1P1P2R1/1PP3P1/R5NK b - - 0 22	g5h6 h5g7 h6g7	2312	01191l1o
AGImX	5rk1/1b3pp1/7p/8/1P1Q1q2/2P2PnP/6P1/1BR1R1K1 b - - 0 24	g3e2 e1e2 f4c1 g1h2 c1b1	2312	010i0s1019
BC9vb	r1b2q1N/ppp1k1pp/3p1n2/3Bp3/3nP3/8/PPPP1KPP/RNBQ1R2 b - - 0 10	c8g4 d1e1 d4c2	2312	01191o
BXImQ	8/8/2p5/p1p2k2/1pP3p1/1P2K2P/P7/8 w - - 0 42	h3g4 f5e5 e3f3	2312	0g0h0p1e1o
Bc9aD	1k5r/1p6/PB1p4/P2P2p1/4rp1q/1R1Q4/6KP/7R b - - 2 31	f4f3 d3f3 e4g4 g2f1 g4f4	2312	0d0g10191g
Bd8Pn	8/8/4k3/4ppP1/7p/4KP1P/8/8 b - - 0 47	e6f7 f3f4 e5f4 e3f3 f7g7 f3f4 g7g6	2312	0g0p1e1w1z
CE3DL	8/8/1p1Rk1p1/p3p2p/4P2P/P7/1P3KP1/8 b - - 0 36	e6d6 f2e3 d6c5 b2b3 a5a4 b3a4 c5c4	2312	0g0h0p1w
DVgMJ	3r1bk1/pp3p1p/3n2p1/2pn4/4NB2/6PP/PP3PB1/4R1K1 w - - 0 23	f4d6 f8d6 e4d6	2312	0g11191o
Elcn9	8/8/8/6p1/5qPk/p6P/P5Q1/6K1 b - - 1 54	f4g3 g2g3 h4g3 h3h4 g3h4	2312	0g0p101i1z
FDf2T	8/5pp1/4p2p/4P3/1p1P1P1P/1k4P1/8/1K6 w - - 7 52	d4d5 e6d5 f4f5 d5d4 e5e6 f7e6 f5e6 d4d3 b1c1	2312	0g0h0p1e1l1w
FIviS	4rk1r/3R1p2/1pQ5/p1p1Pp2/7p/P1P1P3/1P1KNq2/8 w - - 0 34	c6f6 h8h7 e5e6 e8e6 d7d8 e6e8 f6d6 f8g7 d8e8	2312	0g0i0p1w
FVEXt	4r3/p1R5/1p1P2pk/1P5p/P7/3RnBP1/7K/4r3 b - - 4 46	e8f8 d3e3 e1e3	2312	010p11121o
Fp0ED	8/pp2k3/2p1b3/P1P2pp1/1P1PB3/4K1P1/8/8 w - - 0 39	a5a6 b7a6 e4c6	2312	080g0i0p1o
GUZKC	2k1r3/ppp2ppp/3r4/5q2/P2P2n1/2P1B3/1P3PPP/R2QR1K1 b - - 4 17	e8e3 f2e3 f5f2 g1h1 f2h4 d1g4 h4g4	2312	0g0y191n1w
GdUaD	7k/1p6/8/6B1/1R5p/P4Kbr/P1P5/8 b - - 1 42	g3e1 f3f4 e1b4	2312	0g0j0k0p111o
GtMxy	r4rk1/4p1bp/1qp3pB/3nP2b/4N3/Pp1B4/1P1Q4/2K1R2R w - - 2 25	h1h5 g6h5 d2g5 f8f7 e5e6	2312	0110191n
HHrHw	4rrk1/ppp3p1/2n4p/2b5/2P2P2/4PQP1/PB1qR1BP/R5K1 b - - 4 20	e8e3 e2e3 c5e3 g1h1 d2b2	2312	010y1019
HQjDs	2kr4/2p4p/2q1p1b1/3pPnQ1/1p6/4P3/NPPB1PPP/2KR3R b - - 1 21	c6c2 c1c2 f5d4 c2c1 d4e2	2312	050k0m101316191k1n
HczLe	r1b2rnk/pp1p2pp/2p2P2/8/1bB2N2/1P2R1q1/PBP2PPP/R5K1 w - - 0 19	f6g7 g3g7 f4g6 h7g6 e3h3 g8h6 h3h6	2312	000s1317191f1g1n1w
Hl8rS	5rk1/p1p2pp1/4r2p/3Qn2q/5R2/2N5/PPP3P1/5RK1 w - - 19 32	f4f5 h5g6 f5e5 e6e5 d5e5	2312	011019
HtXBL	7r/p3kp2/7p/q7/3PP3/1K1BQ3/PPP5/R7 b - - 0 28	h8b8 d3b5 a5b5 b3c3 b5b2	2312	0g0p0r10
I64qb	4R3/2b2ppN/p5pk/8/5rP1/7P/P4PK1/8 w - - 5 38	e8h8 f4d4 h3h4	2312	0g0p1l1o
I9ExH	2rr2k1/6pp/1p2pp2/4P3/bR3P2/3n1N1Q/6PP/1K3B1R b - - 6 27	a4c2 b1a1 c8a8 b4a4 a8a4	2312	0r101316191f1k
Ib9rc	1rb1r1k1/2qp1pbp/p5pB/1pp2nN1/4p2Q/1PNP4/1PP3PP/R4RK1 w - - 2 18	f1f5 g7d4 f5f2	2312	0g191o
IlA8v	6k1/pbr1rpp1/1p3q1p/1B1pN3/3pn3/QP2P2P/P1R2PP1/2R3K1 w - - 0 26	e5g4 f6h4 c2c7 e7c7 c1c7	2312	0g1019
IukME	2r3k1/3qpp1p/1pr3p1/pQ1pP1b1/2nP4/B1PB2PP/2R2P1K/R7 w - - 0 28	d3c4 d5c4 e5e6 d7e6 b5g5	2312	010j101119
Iwmwz	2k2r2/2p4R/Pp5p/4p1pn/PNB1P3/3P2bP/4b1K1/5r2 w - - 5 35	c4e6 c8b8 a6a7 b8a7 h7c7 a7b8 b4a6 b8a8 e6d5	2312	00050i1318191k1w
J1BdN	r4r2/p3RN1k/6pp/2p2b2/8/3B3P/P5P1/3n3K w - - 2 33	f7g5 h7g8 d3c4 f8f7 e7f7	2312	010k0m1019
Jewc7	3r2k1/6p1/4pr1p/1pp5/pP2P3/P4P2/2PR2PP/6K1 w - - 0 32	d2d8 f6f8 d8f8 g8f8 c2c3	2312	0g0h0p101m
KWzH4	r4rk1/2q1bpp1/p1n1bn1p/1pppN3/3P1P2/2PB4/PP1N2PP/R1BQR1K1 w - - 1 14	e5c6 c7c6 f4f5 e6f5 d3f5	2312	011019
KaTGl	8/5k2/1R5K/6P1/5P2/8/rp6/8 b - - 0 50	b2b1q g5g6 b1g6 b6g6 a2h2 h6g5 h2g2 g5f5 g2g6	2312	000g0p1h1w
L2HDh	8/6kp/1p2p1p1/1P2P1K1/5P1P/8/8/8 b - - 2 48	h7h5 f4f5 e6f5	2312	0g0p111e1l1o1z
LD2Oi	r3k2r/pR2pp1p/2n3p1/8/4P3/2q2B2/P2Q1PPP/4K2R b Kkq - 2 15	c3d2 e1d2 e8c8 d2e3 c8b7	2312	0c0g0j0k1019
MHWE6	2r3k1/pp4pp/5b2/4P3/8/7P/PP1r1PPB/1Q4K1 b - - 0 25	c8d8 b1f1 d2d1	2312	0g0p1g1l1o
MTUR9	2kr4/8/1RP1R2p/p5p1/2B5/1P1P2PK/1q5P/8 b - - 0 42	g5g4 h3g4 b2d4 g4h3 d4b6	2312	050g0p0s10
N7hkN	8/8/8/2K2pp1/4pk2/8/5P2/3B4 b - - 1 54	e4e3 f2e3 f4e3 c5d5 g5g4 d5e5 g4g3	2312	080g0p1l1w
OfEYH	r1bq1rk1/pp3p2/4p2p/2P3p1/3b4/1P3NP1/3B1PBP/R2Q2K1 w - - 0 22	d2a5 d4f2 g1f2	2312	01191o
OsK9H	4r3/p4kr1/1nq2N2/3p1P1p/2pQ3P/8/PPP5/1K4R1 w - - 1 37	g1g7 f7g7 f6h5 g7h6 d4g7 h6h5 g7g5	2312	050k0m0r1317191n1w
OvEn3	r3r1k1/2q1bp1p/p1p3p1/1p2Q3/1Pn5/P1NR4/5PPP/4R1K1 w - - 4 27	e5c7 e7d6 e1e8 a8e8 d3e3 d6c7 e3e8	2312	01050j0t0y191w
P5VuF	3rk3/1p3R2/p3b1p1/2P1Q1N1/4P3/1q1r4/6PP/2R3K1 b - - 0 31	d3d1 f7f1 d1c1	2312	0g1112191o
PRsjz	q4rk1/5pp1/pn1Np2p/1p2P3/1P5b/P5PP/1BB2P2/2Q1R1Kb w - - 1 26	d6e4 h4g5 f2f4 g5e7 g1h1	2312	0110191l
PnF7C	8/3B4/6kP/5p2/5K2/1p1b4/1P6/8 w - - 1 66	d7f5 d3f5 h6h7 g6h7 f4f5	2312	00080g0i0p101n
Q2ebW	8/8/8/p1k1p3/P1P5/2K5/8/8 b - - 3 44	e5e4 c3b3 c5d4 c4c5 d4c5 b3c3 c5d5	2312	0g0h0p1e1l1w1z
Qnhtv	3rr1k1/p4ppp/1p1Np3/8/2P5/BP1Q2P1/P3KP1q/R7 b - - 2 23	h2h5 e2d2 h5a5 b3b4 a5e5 a1e1 e5d6 d3d6 d8d6	2312	0g0s11191w
Qsuga	r1b2rk1/2p2ppp/p1pq1R2/4N3/1p1PP3/2N1P3/PPPQ2PP/R5K1 b - - 0 14	g7f6 e5d3 b4c3	2312	010t191o
R3BCW	8/8/8/1k3ppp/p3p3/1PP1P1PP/3K4/8 w - - 0 39	c3c4 b5b4 b3a4 h5h4 g3h4	2312	0g0p101e
Sndq3	5rk1/Q1R3p1/5n1p/3p3P/p3p3/6B1/P3bPPK/q7 w - - 0 34	c7g7 g8h8 a7e7	2312	011112191o
T2FKK	7r/7P/5N1K/8/3k2n1/8/2p5/2R5 w - - 0 60	f6g4 d4d3 g4e3	2312	0g0p0t1o
THBKQ	5rkr/ppnnq1pp/2p1b3/4P3/3BNR2/5Q2/PPP3PP/5R1K w - - 4 22	e4f6 g7f6 e5f6	2312	010y191n1o
TwPA7	r1b1kb1r/ppp2ppp/2np1n2/4p3/Q1B1q2N/2P5/PP1P1PPP/RNB2RK1 w kq - 2 8	f2f3 e4h4 c4f7 e8f7 a4h4	2312	01040j101c1n
UP2Nx	2rq1rk1/3n1ppp/1p6/p2p1b2/1b1Pn3/4PN1P/PP1NBPP1/R1BQK2R b KQ - 6 14	e4g3 f2g3 f5c2 e1g1 c2d1	2312	010d10191n1t
UntQo	6k1/5p2/p6p/3N2p1/R3P3/5PbP/P4r2/6K1 w - - 4 41	d5e7 g8h7 e7f5 f2f3 g1g2 f3c3 f5g3	2312	0g0p1w
VBmLT	3rk3/2p1p3/pp6/3P4/2PqP3/7P/PP2B3/5Q1K w - - 6 37	e2h5 e8d7 f1f5 d7d6 f5e6 d6c5 e6e7 d8d6 e7c7	2312	0g0p0s1w
VLgBP	8/1p6/p5k1/P1PP1p2/2K1qQp1/8/8/8 w - - 1 52	f4e4 f5e4 c5c6 e4e3 c4d3 b7c6 d5c6	2312	0g0p1i1w
W6Sja	5nk1/pp1r1pp1/4p1np/3pP2Q/6RP/3B1R2/q4PPK/8 w - - 2 28	d3g6 f8g6 g4g6 f7g6 h5g6 d7e7 f3c3 a2f2 c3c8 f2f8 c8f8	2312	010y191l1n1w
WKBiv	6k1/pr1n1ppp/1p3B2/8/5P2/1P6/q5PP/3RR2K w - - 0 25	e1e8 d7f8 e8f8 g8f8 d1d8	2312	050p1013161f1n
X8VHs	2r1q2k/p5b1/Q2R1r1p/p3Pppn/8/2P4P/PP4PN/4R1K1 w - - 3 31	e5f6 e8e1 h2f1	2312	01191o
XXIEs	6k1/p4pp1/1p1bb2p/3p4/PPpP1nPq/2P1QPN1/4B2P/5RK1 b - - 6 36	f4h3 g1h1 d6f4 e3f4 h3f4	2312	0d0g0y10191t
XzfZa	5k1r/R5p1/8/4B2p/P1B1bP2/8/6r1/7K w - - 2 34	e5d6 f8e8 a7e7 e8d8 e7e4	2312	010p0s10
YE7yQ	6k1/8/p2Bp3/1p1pPq2/1P4p1/P1P4p/5Q2/5K2 b - - 1 50	h3h2 f2f5 h2h1q	2312	000g0p1g1h1o
YOqcL	r6k/p5p1/2pp3p/Q3p3/1P2P3/2P2q1P/P6K/R4B2 b - - 1 23	f3c3 f1g2 c3a1	2312	0g0p1o
Yvg2b	8/5p2/6pk/p1p3Rn/1pPr1q1Q/1P1P3R/P3r3/1K6 w - - 0 48	h4h5 g6h5 h3h5	2312	091315191n1o
ZYxup	7r/pppkbp2/3P4/8/2B1P1p1/2P2Pr1/PP3R2/3R1K2 b - - 0 24	h8h1 f1e2 g4f3 f2f3 g3g2 f3f2 g2f2 e2f2 h1d1	2312	010p0r1w
b6e1L	r1bq3k/1pp2Q2/p4N1p/2b1P3/P2N4/8/1PP3PP/R5K1 b - - 2 21	d8d4 g1h1 c8f5 f7h5 d4f4	2312	010t1019
c1l20	8/8/p7/2p1k3/6P1/4K3/P7/8 w - - 2 40	e3d3 a6a5 d3c4 a5a4 c4c5 e5f4 c5b4 a4a3 b4a3	2312	0g0p1e1w
c99Gv	r1b2rk1/1pq1ppbp/p1np1npB/8/2BNP3/2N2P2/PPPQ2PP/2KR3R b - - 5 11	g7h6 d2h6 c6d4 d1d4 e7e5 d4d2 c7c4	2312	01191g1w
cMmYF	3r4/1p5k/1Pp2pp1/4p2p/1PB1P3/RQP3Pq/3b1P2/6K1 w - - 0 39	c4e6 f6f5 e6f5 g6f5 b3f7 h7h8 f7f6	2312	0d0g0p1n1w
cnM88	5rk1/4rppp/2q5/ppPn4/3PpQP1/PBP4P/8/3KRR2 w - - 1 25	f4d6 d5c3 d1c2 c6d6 c5d6 e7d7 c2c3	2312	010h191w
fpDCj	r2k1b1r/p1q1p3/2p1Qp2/3p2p1/2N4p/6P1/P5PP/3RR2K w - - 0 24	d1d5 c6d5 e6d5 d8e8 c4d6 c7d6 d5d6	2312	0g0s191g1n1w
gBtFV	R7/8/2p4p/2P1Bb1k/K2P3P/P5P1/1r6/8 b - - 0 43	b2b5 g3g4 f5g4 d4d5 g4d1	2312	0p101316
gUmla	N4k1r/1b1pbppp/p3pn2/7q/8/4BP2/PP2QP1P/2RB1RK1 b - - 2 17	e7d6 f3f4 h5g6 e2g4 f6g4	2312	0g1019
gWV2G	1r6/1N1pkpq1/ppp3pp/8/4P3/3PNQ1P/P1P3PK/8 w - - 4 27	f3g3 b8b7 e3f5 g6f5 g3g7	2312	010p101n
jDKXp	r1b1k1nr/ppp2ppp/6n1/4P3/8/2qB4/P1P3PP/R1BQ1R1K w kq - 0 13	d1f3 c8e6 d3b5 c7c6 f3c3	2312	010j10111c
jo87n	2r3k1/5ppp/1n2p3/p2pB3/2r5/P1RQPP1P/1q4P1/2R3K1 w - - 0 25	c3c4 d5c4 c1c4 b6c4 e5b2	2312	011019
kLYRP	8/p7/1p6/2p2k2/2Pb2pP/4p1P1/PPK1N3/8 w - - 0 35	e2d4 c5d4 c2d3 a7a5 b2b3 e3e2 d3e2	2312	0g0p1l1w
kdB5p	8/5k2/1p2qQp1/p5P1/P1P1p3/1P4KP/8/8 b - - 4 49	e6f6 g5f6 g6g5	2312	0g0h0p1i1o
nQEHy	r5k1/pb3ppp/5b2/2Nq4/4r3/1PPN3P/1P1Q1PP1/3R1RK1 b - - 2 31	e4e2 d3f4 d5d2 d1d2 e2d2	2312	011019
ofhDZ	1k1r2r1/ppp1qp1p/3b1p2/5R2/3p2nN/3Pp1P1/PPP1Q1BP/5RK1 w - - 7 21	f5b5 c7c6 g2c6	2312	0111191g1o
pq46V	8/8/4k1pp/1p2p3/4K1PP/P7/5P2/8 w - - 0 37	h4h5 g6g5 f2f3 e6f6 e4d5	2312	0g0p101e1l1z
qhCjQ	4r1k1/8/3p3p/3q2p1/3Q1p2/2B2P1K/6PP/7R b - - 1 33	g5g4 f3g4 e8e3 d4e3 f4e3	2312	0g0p0r10
qkNrc	3r3k/6pp/1p6/p1b2P2/P3Q3/1PR1R1qP/3p2P1/3B2K1 b - - 3 35	g3e1 g1h2 c5d6 g2g3 d6g3 e3g3 e1e4	2312	010i191g1w
r6eQN	1r1q1rk1/1b2npp1/p5p1/4N1Pn/1P1pp3/PB6/3N1P2/R2QK2R w KQ - 0 20	e5g6 e7g6 d1h5 f8e8 h5g6	2312	0b0g10191g1t
rqtib	r1b1k2r/1pp2ppp/p2q4/6N1/2P1p3/1Q1n4/P4PPP/RN1R2K1 w kq - 0 15	g5e4 d6d4 b3d3 d4d3 d1d3	2312	011019
sijR4	4r2k/pb4pp/1p1qB3/8/3P4/6Q1/PP4PP/4R1K1 b - - 2 24	d6g3 h2g3 b7d5 e1c1 d5e6	2312	0g0p10
skVXo	5r1k/3rb1pp/1R6/4p3/P1P1Np2/3P2P1/1Q2qPKP/5R2 b - - 3 29	f4f3 g2g1 d7d3 b2e2 f3e2 f1e1 d3d1	2312	000111191g1w
tQ3WV	r2qr2k/pp4pp/2pb1n2/3p2B1/3P2n1/2P4Q/PPB2PPP/RN3RK1 b - - 2 15	d6h2 g1h1 e8e1 f1e1 g4f2 h1h2 f2h3	2312	0g0i0s1c1n1w
trmjl	r2r1nk1/pb2p2p/4p1p1/1p6/2p3Q1/2q1B3/P1B2PPP/2R2RK1 w - - 0 21	c2e4 c3f6 e4b7	2312	0111191o
tv1Mz	6k1/pp4pp/8/5p1r/P5q1/3R2B1/6PP/2R4K w - - 0 38	d3d8 g8f7 c1c7 f7g6 d8d6 g6g5 c7g7	2312	0i0p0q13171f1w
u01R0	8/8/8/ppk3p1/6P1/PP1K4/8/8 b - - 0 46	c5d5 d3e3 d5e5 b3b4 a5a4	2312	0g0h0p101e1z
uDWXg	r4r2/pppn1k2/4R3/2bpp1B1/4P2Q/5q2/PPP2P2/RN2K3 w Q - 1 21	e6e7 c5e7 h4h7 f7e6 h7e7	2312	0r101316191n
ug6m4	2r5/8/pp3knR/3bpBp1/1P1N4/P4P2/6PP/6K1 b - - 0 33	c8c1 g1f2 e5d4 f5g6 f6g7 h6h7 g7g6	2312	010p1w
uwyYK	8/1p6/8/p7/k7/2p5/2K3P1/8 w - - 0 55	g2g4 a4b4 g4g5 a5a4 g5g6 a4a3 c2b1 b4b3 g6g7 a3a2 b1a1 c3c2 g7g8q	2312	000g0p1e1h1l1w
uxKTE	3r3k/6b1/6Qp/5p2/3P1P2/4PK2/Pq3P2/7R w - - 0 33	h1h6 g7h6 g6h6 h8g8 h6g5 g8f7 g5d8	2312	0g0p0r0s1w
vElCd	3r1rk1/ppqnbppp/5n2/2ppN3/2P5/1P2Q1N1/PB3PPP/R4RK1 w - - 0 16	g3f5 d7e5 b2e5 c7d7 e3g5 d7f5 g5f5	2312	0g1112191w
vyteQ	5b2/1q1p1k1p/pP2p1p1/1n3b2/1Q6/5N2/5PPP/3RK3 w - - 5 39	d1d7 b7d7 f3e5 f7g8 b4f8 g8f8 e5d7 f8e7 b6b7 e7d7 b7b8q	2312	00050g0s191h1n1w
wC4tD	rnQq2nr/p1p1kBpp/3b4/8/3pb3/1KP1P1P1/PP5P/RNB4R w - - 1 15	c8e6 e7f8 f7g8 d8f6 e6e4	2312	0g0s1019
wsag9	6k1/p5pp/2r5/1p4Q1/1b1q4/1P1p2P1/P3b1BP/4R2K w - - 0 30	g2d5 c6e6 g5d8 g8f7 d5e6 f7e6 d8d4	2312	010j0s11191g1w
xZAKB	r7/pp1q2kp/3p2p1/2pBprP1/2P5/1P3Pn1/P2Q1RP1/R5K1 w - - 5 29	g1h2 d7e7 h2g3 f5g5 g3h2 g5h5 h2g1 e7h4 f2f1	2312	010h191w
y6rcP	r2qk2r/p3ppbp/5np1/2p1N3/8/2N1B3/PPPQ1PbP/2KR3R w kq - 0 13	d2d8 a8d8 d1d8 e8d8 h1g1	2312	011019
yTGKC	5rk1/pb4p1/1p2p1p1/2b5/6P1/2P4R/P3K2P/3Q4 b - - 7 31	b7a6 h3d3 f8d8 d1a4 a6d3	2312	010p101g
yoqtY	8/1pR5/3p2P1/p4p2/3P1Pk1/1P2r3/PB1n2K1/8 b - - 0 31	e3e2 g2g1 g4g3 c7c3 d2f3 c3f3 g3f3	2312	0g0p0r1w
zjea8	1r2r1k1/pbq2pb1/1pnpP1pp/2pQ2N1/5P2/2P1B1P1/PP4BP/R4RK1 b - - 0 17	h6g5 e6f7 c7f7 d5f7 g8f7	2312	01101119
0mosF	2n1k3/2B5/1p6/2p1pp2/2P1P3/3K4/2P5/8 w - - 0 43	e4f5 c8e7 d3e4	2313	0g0p111o
1A8Xe	8/7R/6p1/6kp/7n/1B3P1P/P1R1rb1K/8 b - - 4 36	f2g3 h2g1 e2e1	2313	0k0m0p13151f1o
1TrTA	8/8/8/4k2p/4p2P/6P1/4K3/8 b - - 3 62	e5d4 g3g4 h5g4 h4h5 d4e5 h5h6 e5f6 h6h7 f6g7 h7h8q g7h8 e2e3 g4g3	2313	0g0p1e1w1z
1yZlD	r4r2/pp2npkp/3p2p1/2pPp2n/2P1P2q/1PQ3NP/P1B3P1/2B2RK1 w - - 3 27	g3h5 h4h5 c2d1 h5h4 f1f4	2313	0110191g
24Sk6	3rk1nr/ppp3pp/2n1b3/2b1Pp2/1P3P2/2P5/P5PP/RNB1KBNR b KQk - 0 9	c6b4 c3b4 c5d4 g1e2 d4a1	2313	0110191n1t
2az4k	6k1/5p1p/6p1/3q4/1B4P1/3pQ1b1/6P1/6K1 w - - 0 33	e3e8 g8g7 b4f8 g7f6 e8e7	2313	0p101316
3fSno	7R/8/1r6/3R3p/P3B2k/n7/6PK/1qr5 w - - 0 44	g2g3 h4g4 h8g8 b6g6 g8g6	2313	101316191f
4xmW8	8/p4bkp/5p2/3pq1p1/1Qp5/2P3PN/PP3PP1/6K1 b - - 0 25	e5e1 g1h2 d5d4	2313	010p111o
5XjV3	6k1/pp3p1p/3Bp1r1/3N1b2/3P3q/4Q3/Pr3PP1/R4RK1 b - - 0 20	g6g2 g1g2 f5e4 e3e4 h4e4	2313	050g0s10191n
6IIiw	8/8/k4p1K/1R5P/P4rp1/8/8/8 b - - 0 48	g4g3 b5b2 f4g4	2313	0d0g0p1m1o
7FtBn	rn3rk1/ppp1pp1p/1n4p1/8/8/1Bq1BQ1P/P1P3P1/2KR3R w - - 0 16	b3f7 f8f7 d1d8 g8g7 e3h6 g7h6 f3c3	2313	0g0j0y191n1w
7Li8x	1k6/1p6/3b4/2pP3P/2P5/p2PB3/r4PP1/1R4K1 b - - 0 46	a2b2 b1f1 a3a2 e3h6 d6e5	2313	000g0h0p10
8VXL1	2r2rk1/8/p2pPpp1/1p5p/1P2q1PQ/P4P2/3nB2P/2R1R1K1 b - - 0 29	e4e2 e1e2 d2f3 g1f2 f3h4	2313	0b0g0s10191n
96QIe	r4rk1/3R1p2/p4Ppp/1p2p3/4bn2/5Q2/PqB2RPP/6K1 w - - 0 28	c2e4 b2c1 d7d1	2313	01191o
9Q4ak	r1b1kb1r/1pqn2pp/p3p3/3p4/5p2/2N1Q3/PPP1BPPP/R3R1K1 w kq - 0 14	e3e6 e8d8 e6e8 d8e8 e2h5 e8d8 e1e8	2313	050k0m0r1317191d1n1w
A7Ozz	2r3k1/6p1/p7/5R2/2n4R/1Q3P1K/P1B1r3/6q1 w - - 5 39	b3c4 c8c4 h4h8 g8h8 f5f8	2313	05101316191f1n
AlCN1	r3n1k1/ppp3b1/3p3p/2nP1r2/2P1N2q/2N1B2P/PPQ2P2/R3K2R b KQ - 0 17	c5e4 c3e4 f5e5 e4g3 e5e3 f2e3 h4g3	2313	010i191w
BTZto	2rqr1k1/pp3p1b/4p3/3pN2Q/3P2P1/1PP4P/P2b4/R1R3K1 w - - 0 27	h5f7 g8h8 f7f2 e8f8 f2d2	2313	0g1019
BnTsm	r1bqk2r/pp1nbpp1/2p2n1p/3pN3/3P1B2/3BP3/P1QN1PPP/1R3RK1 w kq - 0 13	e5c6 b7c6 c2c6	2313	0g191o
DiQzx	r3k2r/ppp1bppp/5n2/4p2b/2B1P3/2NP1N1q/PPP2Q2/R1B2RK1 b kq - 1 14	h5f3 f2f3 e7c5 c1e3 c5e3 f3e3 h3e3	2313	0g0r0y191w1y
EHS0s	8/8/8/5k2/3P1N2/4Pnp1/PPR1K3/6r1 b - - 3 45	f5e4 f4d3 g1g2	2313	0g0p111o
EsK8Q	4r3/ppp1n1kp/3q1p2/3p2p1/3P2QP/1PP2NP1/P3rP2/R4RK1 b - - 2 24	h7h5 g4h5 e8h8 h5g4 e2e4	2313	011019
FOOEz	8/8/3p4/2k4K/p1p3r1/P1R5/8/8 w - - 2 55	h5g4 c5d4 c3c1 c4c3 g4f3 d4d3 c1d1	2313	0g0p0t1m1w
GNU5V	r7/1kq1n3/3bRp2/1B1p1Pp1/3P3p/2P1B2P/1P2Q1P1/6K1 b - - 2 25	d6h2 g1h1 a8a1 e2f1 a1f1	2313	0g0y1019
HqFlA	1k4r1/p5r1/Qp2p3/7p/4q3/7P/2P2RP1/5R1K w - - 0 32	f2f8 g8f8 f1f8 b8c7 a6c8 c7d6 f8d8 d6e5 c8c3 e5f5 c3g7	2313	0g0p1p1w
I617U	4r3/ppk5/1np3p1/5pp1/3R4/1BP3RP/PP1KnPP1/8 b - - 2 27	e2g3 f2g3 c6c5 d4d3 c5c4	2313	010p10
I89P4	8/2p4p/b3k3/p1p3p1/P3P1P1/1P5P/2P5/1N1K4 b - - 1 34	a6f1 h3h4 g5h4	2313	0g0p1o
IIGct	1r6/8/8/pN2kp1p/P1P5/3K1pP1/2B4P/8 b - - 5 69	b8d8 d3e3 f3f2 e3f2 d8d2 f2e3 d2c2	2313	00050g0p0s1w
JEdJd	8/R7/5nkp/5N2/4rp2/6PK/8/8 w - - 2 45	f5h4 g6g5 a7a5 f6d5 a5d5	2313	0g0p10
LFHuQ	3r1r1k/1p4pp/p7/2bBP3/2pnQP1q/8/PPP3PP/R1B2R1K b - - 4 21	d4f5 e4f3 d8d5 g2g4 f5e7	2313	0g0h10191l
M7Mno	r7/pppb2kp/4p1p1/8/2P5/3B1q2/PPQ2b2/4RK1R w - - 0 23	d3e4 f3f4 c2f2 a8f8 f2f4	2313	011019
M8pbK	rn4nr/pppkqBb1/3p3p/4P1p1/3P2b1/2N2Np1/PPP4P/R1BQ1RK1 w - - 1 11	e5d6 e7f7 f3e5	2313	0g191n1o
MVRDD	3B4/2R3kp/B2q2p1/P4p2/1p2pP2/1P6/6PP/7K b - - 2 32	g7h8 h2h3 d6a6	2313	010h0p1o
NiHoW	r1bq1rk1/p1p2pp1/7p/3p4/4nP2/1B6/P1P3PP/R1BQR1K1 w - - 0 15	d1d5 d8d5 b3d5	2313	010s191o
OBFjH	8/6p1/8/2k1K2p/pppp4/3P2PP/PPP5/8 w - - 0 43	b2b3 c4b3 c2b3 a4b3 a2b3	2313	0g0p101e
OXPK5	r2q1b1r/pb3k1p/3p1np1/2p3B1/8/2Q5/PPPN1PPP/R4RK1 w - - 2 14	g5f6 d8f6 c3b3 f7g7 b3b7	2313	010s1019
PAkAl	6k1/pp5p/6p1/5pKn/1Bn1p2P/P1P5/7P/3r1BR1 w - - 0 25	f1c4 g8g7 b4f8 g7f8 g1d1	2313	0g0p0t10
QDzGJ	8/7p/1R5p/4r1k1/8/5K1P/6P1/8 w - - 1 34	h3h4 g5h4 f3f4 e5e4 f4e4	2313	0g0p101m
RT0aO	r1b3k1/p1p2ppp/1p1r4/8/2B3n1/2N2RP1/PP3P2/2K4R w - - 0 21	c4f7 g8h8 f7d5 c8b7 d5b7	2313	0g1019
RtI0D	8/8/1R6/5pk1/1P4p1/4K1P1/r7/8 b - - 0 43	a2g2 b4b5 g2g3	2313	0g0p1m1o
T2n66	1rb3k1/R3brp1/4pp1p/1PNp4/3P4/5NP1/5PP1/1R4K1 b - - 0 24	e7c5 a7f7 c5b6 f7g7 g8g7	2313	0g1019
TNA52	6k1/p5p1/1p3p1p/nPb1pN2/8/2q2PBP/6PK/3Q4 w - - 0 36	d1d5 g8h7 d5f7 c5f8 f7f8	2313	0g0p10
TRoE0	8/5p2/5pk1/1r1R3p/4K2P/5PP1/8/8 b - - 12 48	f6f5 e4e5 b5d5 e5d5 f5f4 g3f4 g6f5	2313	0g0p1m1w
Upt76	4r1k1/p7/1p3Q2/3p1B2/8/2q2N1P/5PPK/2r5 w - - 3 33	f5h7 g8h7 f3g5 h7g8 f6f7 g8h8 f7h7	2313	050p0r0s13171n1w
VAsBD	r1q2b1r/pp1kpQNp/2np1n2/8/4P3/2N5/PP3PPP/R1B1K2R b KQ - 0 13	c6d8 f7b3 f8g7	2313	011c1o
VXUBx	6k1/6p1/3RP3/1p1p2q1/3P2P1/5Q1P/PP3r2/4R1K1 b - - 0 36	f2f3 e6e7 f3g3 g1h2 g5d2 h2g3 d2e1	2313	0g0p0r0s0t1w
Vy5Am	8/3kr3/3r2PR/8/ppp1R3/8/1PK5/8 w - - 0 43	e4e7 d7e7 g6g7 b4b3 c2c1 d6h6 g7g8q	2313	000g0p1h1m1w
XUH46	6rk/Rp1r1p1p/4pPpQ/3p4/3P4/2P4P/5qP1/R6K w - - 3 27	h6g7 g8g7 a7a8 d7d8 a8d8 g7g8 d8g8 h8g8 a1a8	2313	050p13181n1w
YCUWP	r6r/pp3pkp/2np4/5p2/8/2N1B3/PqPQ2PP/6K1 w - - 0 19	e3h6 g7f6 d2d6	2313	0q1315191o
YaFUp	5k2/6p1/p1p3p1/1p1p2p1/3P1qP1/P1P2Q1P/1P4P1/6K1 w - - 2 31	f3f4 g5f4 g4g5	2313	0g0h0p1i1o
YoIdt	r1bq3r/pppk1npp/1bnp4/5p1Q/2BPP3/7P/PP3PP1/RNB1K2R w KQ - 0 11	h5f5 d7e7 f5f7	2313	0s13151c1o1s
ZBVmE	3r4/pp1rnpbk/1q1Nbnpp/2p5/2P1PB2/P4N2/1PQ1BPPP/R2R2K1 b - - 0 17	f6h5 f4e3 d7d6	2313	01191o
aYetb	8/4P3/1p1n4/pP6/P1p3k1/6p1/6N1/5K2 w - - 0 65	g2e3 g4h3 e3c4 h3h2 c4d6 g3g2 f1e2 g2g1q e7e8q	2313	000g0p0z1h1w
aZSQI	r3k2r/pp3ppp/4N3/8/3P2P1/3K4/PP5q/R1BQb3 w kq - 0 26	d1a4 e8e7 c1g5 f7f6 a1e1	2313	0g0j1019
angtr	1r3k2/6p1/5q1p/3Q1b1P/p1Pp1P2/Pp1r1N2/1P6/2KR2R1 b - - 7 33	d3c3 b2c3 b3b2 c1d2 d4c3	2313	000g0w10191k1n
bQXgg	7N/8/5kp1/1p6/1PpK4/P7/8/8 b - - 2 60	g6g5 a3a4 g5g4 a4b5 g4g3	2313	0g0p0z101l
crL9r	5rk1/1p4p1/4p3/R2pP1qp/3Pp3/1pP1P1P1/3B2QP/6K1 b - - 0 25	b3b2 a5b5 g5g4 h2h3 g4d1	2313	00010p10
eekaa	8/8/8/pp6/3N4/1k6/2pK4/8 b - - 1 56	b3b2 d4c2 a5a4 c2d4 a4a3	2313	0g0h0p0z101l
etD4p	r1b1k1nr/pp5p/2nbp1p1/2p5/3q4/2N5/PPP1BPPP/R1B1QRK1 w kq - 0 13	c3b5 d4d5 c2c4	2313	011c1o
f3D0m	6r1/8/1p4P1/2p1RK2/P2k4/1P1P4/8/8 b - - 0 45	g8f8 f5e6 f8e8 e6f7 e8e5	2313	0g0i0p101m1p
fR8iy	8/3k1p2/pp1p4/3P3p/1K2PP1P/8/P7/8 b - - 0 32	f7f5 e4e5 d6e5 f4e5 f5f4 b4c3 b6b5	2313	0g0h0p1e1l1w
gBHe0	r2q1rk1/7p/4p1p1/2pbPp2/pp1p1n1B/3P1N2/PPP1Q1PP/R2R3K w - - 0 28	e2d2 f4g2 h4d8	2313	01191o
hGTcn	r2q1rk1/ppp2ppp/8/3Ppb2/2B1N1n1/2P4P/PP3bP1/R1BQR1K1 w - - 0 13	e4f2 g4f2 d1f3 f2h3 g2h3	2313	010s101c
hMTEz	8/2p2B2/1nP5/1P3k1p/4pp1P/3p2P1/3K1P2/8 b - - 2 52	e4e3 d2d3 e3f2 d3e2 f4g3	2313	000b0g0p1011
hMqCC	r3k2r/1ppbqpp1/p3p3/3p2PN/2nP4/2P2P2/P1PQP3/2KR1B1R w kq - 1 16	h5f6 e8d8 h1h8 d7e8 h8e8	2313	0g0j1019
iv2eX	8/8/B7/P1p3k1/3b4/6p1/2KB1p2/8 b - - 1 62	g5g4 a6f1 g4f3 a5a6 c5c4	2313	080g0h0p1011
jNWuI	r1bq1rk1/ppp2pbp/2n2n2/6BB/2ppN3/4P3/PP3PP1/R2QK1NR w KQ - 0 12	d1f3 c6e5 e4f6 g7f6 f3f6 d8f6 g5f6	2313	010y1c1w
jYcsG	1k1r1b1r/pp6/3p1pn1/4q2p/3Nb1B1/8/PP4PP/RN1QR1K1 w - - 0 19	g4f5 e4f5 e1e5 d6e5 d4c6 b7c6 d1d8	2313	010j191k1w
k7Vqw	8/8/pp2k3/3p1n1p/PP1P1PpP/2K3P1/8/5B2 b - - 4 40	a6a5 b4a5 b6a5 f1d3 f5g3	2313	0g0p10
kA8qF	6k1/4rp2/p1b3p1/8/3R2BP/1P2p1P1/P3K3/8 b - - 0 32	f7f5 d4d6 c6b5 e2e1 f5g4	2313	010p0r10
ke1dL	8/3q3k/1Qp2Bp1/p2p3p/3P4/1P2bP1P/6PK/8 b - - 0 38	d7d6 f6e5 d6e5 d4e5 e3b6	2313	0g0p0s10
lvDQW	8/5k2/R4p2/1p3Kp1/4P3/5P2/8/5r2 w - - 6 42	a6f6 f7e7 f5g5 b5b4 f3f4	2313	010h0p101m
m1oBm	1r2k1nr/pp3pbp/4p1p1/4q3/2Pp4/P4Q2/3B1PPP/RN3K1R w k - 2 16	d2f4 e5c5 f4b8 c5c4 f1e1	2313	010h10191p
mddZT	8/4k3/4p1P1/4K2P/8/5b2/8/8 w - - 1 53	h5h6 e7f8 e5f6 f8g8 h6h7 g8h8 g6g7 h8h7 f6f7 f3h5 f7f8 h7g6 g7g8q	2313	00080g0p1h1w
mhbGq	8/8/8/5PkP/3p1P2/4p3/4K3/8 b - - 0 43	g5h5 e2d3 h5h6	2313	0g0h0p1e1o
mlDfq	8/8/8/7p/3k1p2/4pPP1/4K1P1/8 b - - 0 45	f4g3 f3f4 h5h4 f4f5 h4h3	2313	0g0p101e1l
mx5VB	r4r1k/ppp3pp/3b2q1/6B1/3nN2Q/8/PPP2PPP/4RRK1 b - - 0 17	f8f4 g5f4 d4f3 g1h1 f3h4	2313	0g0y1011191g1n
n2L12	r1b3k1/pp1n4/2p1p3/1PPp1p2/3P2pp/2N1P1q1/P3R1Nr/1R1QBBK1 b - - 1 23	g3h3 e1h4 h2h1 g1f2 h3f3 f2e1 h1f1 e1d2 f1d1	2313	010r0y191p1w
o0WQZ	r5k1/2n5/P2R3p/1r2P2K/8/8/7P/R7 w - - 8 45	a1g1 g8f7 d6f6 f7e7 g1g7	2313	0g0p0r10
otvO2	2rq1rk1/pb2bp1p/1p2p1p1/3pP2n/3Q1P2/2N1B1PP/PPP3BK/R4R2 b - - 2 15	e7c5 d4d2 c5e3 d2e3 d5d4	2313	0g1019
ovO5q	2kr3r/pp6/1Pp3p1/4ppq1/4Pb2/1BN2P2/1PP3QP/3R1RK1 b - - 2 23	g5g2 g1g2 h8h2 g2g1 d8h8	2313	050g0h0y1019
oy3kK	3Q3r/pppb1Pk1/3b3p/3Br3/8/2N1q3/PP4PP/n4R1K w - - 3 26	d8g8 h8g8 f7g8q	2313	000e1315191h1o
qdIOQ	1Q2nk2/p7/7p/2P5/8/2P2NPP/PPq2pK1/8 b - - 0 27	c2e2 b8f4 f8g8 f4g4 e8g7 g4c4 e2c4	2313	0g0h0p1w
qeMfh	r1bqkb1r/1pp2Npp/p7/4p2Q/2pnP3/2N5/PPPP1PPP/R1B1K2R b KQkq - 3 9	g7g6 h5e5 e8f7 e5h8 d4c2	2313	0g0v101c1n
r7C5Q	r4rkR/ppp3b1/3p2N1/3P1bQ1/2PBq1p1/8/PP4P1/2KR4 b - - 2 22	g8f7 g5e7 e4e7	2313	0g11191o
rFAk6	4r2r/1ppq1pk1/p2p1n1p/6p1/2PP4/2NQ2Pb/PP1BP1BP/5RK1 w - - 4 19	d3f3 d7e6 g2h3	2313	01191o
rJqxD	2b5/8/pK2k3/1p6/2p2P2/P1Pp4/1P1B4/8 w - - 4 43	b6c7 c8d7 f4f5 e6e7 f5f6 e7f6 c7d7	2313	080g0i0p0r1w
rl40s	r1bqk2r/2p1bpp1/p1N2n1p/6B1/N2pP3/3P4/PPP2PPP/R2QK2R b KQkq - 0 10	d8d7 c6e7 h6g5 e7c8 d7a4	2313	01101c
se24M	r1b3k1/PR3pp1/p2q3p/3p4/3N4/1Q2P3/5PPP/6K1 b - - 4 29	d6c5 h2h3 c8b7	2313	010p1o
sqENo	8/8/6p1/2pB3p/1P1b1kP1/3K1P2/8/8 b - - 0 33	h5h4 b4c5 h4h3 d3d4 h3h2 c5c6 h2h1q	2313	00080g0p1h1l1n1w
t1CCf	r2r2k1/pp1nbpp1/2p1p3/q3Pn1p/2PP3P/3Q1NP1/P4P2/R1BR1NK1 b - - 0 15	d7e5 f3e5 d8d4 c1d2 a5e5	2313	0b0g0i0j0w101119
tyskF	r2q1Nk1/pbp2pp1/1p2p2b/8/3Pn1Q1/2NB4/PPP3PP/R4RK1 b - - 0 15	d8d4 g1h1 e4f2 f1f2 d4g4	2313	0g0j0s1019
uBYqm	2r3k1/p1q1rppp/Q1pRp3/1p6/7P/8/PP3PP1/3R2K1 w - - 4 29	d6c6 c7c6 a6c6	2313	0g0p1o
vFWUv	r4rk1/pp1nqppp/2p1b2n/2b3N1/2BpPB2/6Q1/PPP3PP/RN2KR2 w Q - 14 13	g5e6 f7e6 f4h6 f8f1 c4f1	2313	010j10191g
wJ6mp	rnb1r1k1/6p1/2p1pp1p/q2N4/1p1P4/2PB1NB1/1P1Q2PP/1K1R3R b - - 0 19	a5a1 b1c2 b4b3 c2b3 a1a4	2313	050n101316191k
ytQP8	rr4k1/5ppp/5q2/3p3P/8/1N2P3/2B3Q1/2K3RR b - - 0 29	b8b3 c2b3 f6c3 c1d1 c3b3 d1e2 a8a2 e2f3 a2g2	2313	010r0s191n1p1w
z0iiN	6k1/8/4R1p1/1p1p4/ppnP2P1/7P/P4K2/8 b - - 0 35	b4b3 a2b3 a4b3 e6e1 c4a3	2313	0g0h0p10
zmkFm	2r5/2Pk4/1R1P4/1p6/4p3/5p1P/3K4/8 b - - 1 43	f3f2 d2e2 c8f8	2313	000g0h0p1m1o
16F68	8/8/8/1ppp1k1p/p7/PPP1K1PP/8/8 w - - 0 42	b3b4 c5c4 e3d4 f5e6 g3g4	2314	0g0p101e
1gRiF	5k2/p3bp2/7p/5Q2/5P2/P2R2PK/4q2P/8 b - - 0 40	h6h5 d3d2 e2d2	2314	010p1l1o
31mPz	8/4R3/6K1/1p1B1P2/5kb1/r7/8/8 w - - 2 49	e7e4 f4g3 f5f6	2314	0g0p111o
4DM8O	r2q1r2/1p2b1pk/p4npp/3pN3/P5PB/2n1PP1P/1PQ5/R4RK1 w - - 0 20	e5g6 c3e4 g6f8	2314	0g191o
4hnYQ	2b2rk1/4rp1p/4q1pQ/p3p1P1/2p5/B4R1P/5RPK/8 w - - 2 38	f3f6 e6d7 h6f8 g8f8 f6f7	2314	010510191g1n
7PXJX	1r3bk1/2R2ppp/4p3/3bP3/r2P1P2/2Q5/pBN3PP/6K1 b - - 4 32	b8b3 c3b3 d5b3	2314	01191o
7fSO3	2b2rk1/1p3ppp/4pq2/8/2Pn4/Q2B1N2/5PPP/5RK1 w - - 1 19	f3d4 f6d4 d3h7 g8h7 a3f8	2314	010i1019
7xWfT	r4rk1/2q3pp/b1pN4/p2pp3/3P1B2/2P5/PP3PPP/R2QR1K1 b - - 0 18	e5f4 e1e6 a8d8	2314	010t191o
8TOi8	6q1/1P5k/3Q3p/p1p2p2/P3pP2/1Pn5/5K1P/1B6 b - - 0 43	e4e3 f2f1 e3e2 f1f2 e2e1q f2e1 g8g1	2314	00050g0p0r1h1w
9JVq8	r6k/pp5p/3p3p/4n3/2P5/P1P1P2q/3QBrR1/R5K1 w - - 0 24	g1f2 a8f8 f2g1	2314	010h0t191o
9UFsF	r6r/1p1kn2p/1q2pQp1/1p1pPp2/8/2N5/PP3PPP/R1R3K1 w - - 2 21	c3d5 e7d5 f6g7 d5e7 c1d1	2314	0g10191n
9fovm	2kr3r/2p2ppp/p1Qb1n2/3N4/3P4/P3BbPq/1P3P1P/R4RK1 w - - 2 18	c6a8 c8d7 d5f6 g7f6 a8f3	2314	010j1019
9oSBQ	2b1k1r1/6rp/p2bpq2/1p1pn2p/3P4/2PB2P1/2N2P1P/R2QR1K1 w - - 0 20	d4e5 d6e5 d1h5 g7f7 e1e5 f6f2 g1h1 f2f3 h5f3	2314	0g0r0s191w
9tVqo	2b3k1/5ppp/p1q5/P1p5/1P1b4/1B1Q1PP1/2R3KP/2B1r3 w - - 5 28	d3d4 e1e2 g2g1	2314	0g0h191o
A4BQ7	rn1qkb2/5pp1/b4n2/4N3/8/7P/2p2PB1/r1BQR1K1 w q - 0 27	e5c6 d8e7 d1d8	2314	0j0k13151c1g1o
AcJHA	4k3/1p2r3/3p1R2/3q4/1P5Q/7P/1P3P1K/8 b - - 0 36	e7g7 h4h8 g7g8 h8g8 d5g8	2314	010h0p101l
BajuN	r1b2bkr/pp2pNpp/1n6/3qn2Q/3p4/8/PPP3PP/RNB2RK1 w - - 2 13	f7h6 g7h6 f1f8 g8f8 c1h6 f8g8 h5e8	2314	050j0y13171c1n1w
C6mFg	r4rk1/ppp2pp1/3pb3/4p1qp/2B1P1n1/P1NPPRQ1/1PP3PP/5RK1 w - - 2 15	c4e6 f7e6 h2h3 f8f3 f1f3	2314	0g1019
CBuG0	r3k3/1p1n1pp1/p1q5/3Nn1P1/8/P3PP2/1PPQ1K2/7R w q - 1 21	h1h8 d7f8 h8f8 e8f8 d2b4 f8g8 d5e7	2314	050g191n1w
E176h	8/1pPk1p2/pP1Bp3/1b1pPp2/6rP/7K/R3n2P/5R2 b - - 6 41	e2g1 f1g1 g4g1 a2f2 b5f1 f2f1 g1f1	2314	0g0p1w
ErQjQ	2krr3/ppp2pp1/2n4p/2bN4/Q1P5/3P1N2/1q3PPP/R4RK1 w - - 5 17	a1a2 b2a2 a4a2	2314	0111191o1t
FFI48	rnb2rk1/p3qppp/2p1p3/1B6/4Q3/3P1N2/PPP2PPP/R3K2R b KQ - 0 11	f7f5 e4a4 c6b5	2314	010w191o
FNuMj	4r3/3R1pk1/p5p1/8/8/3n1BP1/P2r1P1P/1R4K1 b - - 6 34	d3e5 d7d2 e5f3 g1g2 f3d2	2314	010p0s10111n
FubzQ	8/1p4Q1/pR5p/P1kp2pP/5rP1/8/2P2q2/7K w - - 2 36	g7c7 c5d4 b6b4 d4e3 c7c3 e3e2 c3d3 e2e1 b4b1	2314	0p1113181w
FzwOx	r1bqk1nr/pppn1ppp/8/4b3/3NP3/8/PPPPN1PP/R1BQKB1R b KQkq - 0 7	d8h4 g2g3 h4e4	2314	011c1o
H96e6	8/2R5/bp2P1p1/2pB1k2/3r4/7P/6PK/8 w - - 1 46	e6e7 a6b5 c7c6	2314	000g0p1o
HONHH	r1b3r1/pp3kb1/2pp1q1p/7P/2P1Q3/6B1/PP3PP1/4RRK1 w - - 0 27	g3h4 c8f5 e4f4 f6h4 f4h4	2314	0g1019
HOQR8	2kr2r1/1pp2p1p/p1b1pp2/P7/2BP4/4P3/3N1PPP/1R3RK1 b - - 0 18	g8g2 g1h1 g2g1 h1g1 d8g8	2314	050k0m0y101316191f1n
KNLnP	8/8/4p1k1/p3P1pp/1p1PK3/P6P/6P1/8 w - - 0 36	a3b4 a5b4 g2g4	2314	0g0p1e1o
KTcOe	r1b4r/pp3nk1/3B1q2/8/3Q1N1p/5nP1/PPP4P/1K1R4 w - - 2 28	d6f8 h8f8 f4h5 g7g6 d4f6	2314	010r0s10191n
LTsrb	r4k1r/ppp2p1p/2nPR2p/7Q/2B5/P7/3q1PPP/6K1 w - - 1 19	e6e8 f8e8 h5f7 e8d8 d6c7 d8c8 c4e6 d2d7 f7d7	2314	0004051318191n1w
MFf1j	2b2r2/6bk/1q4pp/1Bn1B3/2P3p1/8/1P1Q1NPP/4RK2 b - - 0 27	c5d3 e5g3 d3e1	2314	0g191g1o
NkArr	r4brk/2qb2p1/p1p1ppQp/2pp4/5P2/1P1PP2R/PBP3PP/RN4K1 w - - 6 18	b2f6 g7f6 h3h6 f8h6 g6h6	2314	0i0y101316191n
OAhyl	1kr4r/1p1n1ppp/p7/3pp2P/N2P2P1/1R1QPP2/PP1KN3/q7 w - - 4 23	d3a6 c8c7 a4c5 d7c5 d4c5 h8e8 c5c6	2314	0g11191g1w
OpEoo	2kr4/p1p5/1bpq3p/6p1/5p2/1QPN3P/PP4R1/1K4BR b - - 0 27	d6d3 g2c2 d3e4 g1b6 e4h1	2314	0g0t10191k
OtXzs	3r2k1/2R1Qp1p/6p1/8/4p1b1/5qPP/3r1P2/2R2BK1 w - - 1 28	f1e2 f3f5 h3g4	2314	01191o
P8394	3k3r/pp1r2p1/2nq4/2p4p/3p4/6Q1/PP1BR1PP/4R1K1 w - - 4 27	d2g5 d8c8 e2e8 h8e8 e1e8 c6d8 g5d8 d7d8 g3d6	2314	010r191g1w
PfiCE	8/7p/8/pP1p3k/P2P4/2K2p1P/8/8 w - - 0 40	c3d2 h5h4 d2e1 h4g3 e1f1	2314	0g0h0p101e
Rkg5J	2krr3/ppqn4/2pb1p2/6p1/3P1P1p/2P1B2Q/PP1N2PP/R4RK1 b - - 0 18	g5g4 h3h4 e8e3	2314	01191o
SPl7A	4r1k1/p6p/2R3p1/6q1/5pP1/4pQ1P/PP1rR2N/6K1 b - - 2 29	g5b5 e2d2 e3d2	2314	000g191o
SeNeU	5b1r/ppkn1Q1p/2q3p1/2P5/4p3/8/P4PPP/1RR3K1 w - - 0 21	c1d1 f8c5 d1d7 c6d7 b1b7 c7b7 f7d7	2314	050g0i191g1n1w
SvFeT	r2q1r2/5pkp/p2p1p2/2p1pn2/2B5/2P2P2/PP1Q3P/R1B3K1 w - - 0 19	c4d3 d8c8 d2g2 g7h8 g2h3	2314	011019
TUGr2	r2r2k1/2qnbppp/b1p1pn2/6N1/2P4P/1p1BBN2/1PQ2PP1/1K1R3R w - - 0 20	d3h7 g8f8 c2g6	2314	0g0y191o
TZ7Fh	r3k2r/1pp1ppb1/p1n5/5Q1p/2n5/2P2N1P/1P3PPB/qNKRR3 w kq - 3 20	e1e7 c6e7 f5d7 e8f8 d7d8 a8d8 d1d8	2314	061317191n1w
ToKmv	1rbn1rk1/2N1n1p1/p5qp/1p1Pp3/2B3P1/2P4P/PP2Q3/R3K1R1 w Q - 0 25	d5d6 b5c4 d6e7 f8e8 c7e8	2314	00010j0k0s1019
Tq5rQ	r2qk2r/pp2bppp/4p3/2pn1b2/3n4/P4NP1/1P1NPPBP/R1BQ1RK1 w kq - 0 10	e2e4 f5g4 e4d5	2314	010s1c1o
TtmVA	3r4/1pkn2p1/2p2p2/pnP1p3/N1N1PP2/1P1R2Pr/2K5/3R4 w - - 7 26	f4e5 f6e5 c4e5 h3h2 c2c1 d7e5 d3d8	2314	0111191w
TywFN	8/1p6/2pp3p/3Pk1p1/1PPpP1P1/5K1P/8/8 w - - 0 29	d5c6 b7c6 b4b5 d6d5 e4d5	2314	0g0p101e
UAAhy	r2qk3/p2p1p1p/1p1Q1pr1/3Pp3/3nP3/3B4/PP3PPP/R4RK1 b q - 0 15	d4f3 g1h1 f6f5	2314	01191g1o
UCem1	r6r/ppp3pk/2n3bp/2qp3P/6P1/3P1p2/PPP1QP2/R3K1NR w KQ - 0 18	h5g6 h7g6 e2e6 g6h7 h1h6 g7h6 e6f7	2314	050q1317191n1w
UQdcN	r2qr1k1/pp1nbppp/6b1/2pP4/2P1N3/3QBN2/PP3PPP/R3R1K1 b - - 2 15	f7f5 e4g3 f5f4	2314	01191o
V36QH	4r1k1/p4p1p/2ppq1p1/7N/2r5/4B1Q1/P4P1P/3R2K1 w - - 2 24	d1d6 c4g4 h5f6 e6f6 d6f6 g4g3 h2g3	2314	0g0s11191g1w1y
VARYk	8/3k4/6p1/1K3n1p/1P5P/8/5B2/8 w - - 1 60	b5a6 f5d6 b4b5	2314	0g0h0p1o
WpTsn	4r1r1/6k1/4p1q1/2R2pBp/7P/4QPP1/8/6K1 w - - 1 43	c5c7 g7h8 e3e5 g8g7 c7g7 g6g7 g5f6	2314	0g0p0r1g1w
XMjfE	r5k1/1b2R1p1/p1qp3p/1p6/8/P1P2r2/2Q2PPP/4R1K1 w - - 0 25	c2g6 c6c3 g2f3	2314	01191o
XrMgG	5r1k/pp4p1/7r/8/2QPR2q/2P3Nb/PP3PP1/5RK1 b - - 1 31	h3g4 f2f3 h4h2	2314	0d0g191l1o
YJWa6	r1b1r1k1/pp1n1ppp/3p1n2/q2P4/1bB1P3/P1N2P2/1P1BN1PP/R2Q1RK1 b - - 0 12	a5c5 g1h1 b4c3 d2c3 c5c4	2314	010s101c
YTzrb	r5k1/pqp2Rp1/1p4Q1/8/2PPn3/P3P3/7P/R1B4K b - - 0 27	e4g3 h1g1 b7h1 g1f2 h1f1 f2g3 f1g1 g3f3 g1g6	2314	0g0k0m191n1p1w
YocHE	r2qk2r/pp1n1pp1/2p2np1/2bpp3/8/P2P2P1/1PPNPPBP/R1BQR1K1 b kq - 0 10	c5f2 g1f2 f6g4 f2g1 g4e3 d2f1 e3d1	2314	01050y1c1n1t1w
ZjN9S	6k1/5ppp/pp2b3/7q/PP3P2/4P1P1/3r2BP/1Q2R1K1 b - - 0 26	e6h3 b1e4 d2g2 e4g2 h3g2	2314	010p10
ZqUm7	r3r1k1/pp1n1pp1/2p2n1p/7b/3PN3/1PPB1NqP/P1Q3P1/2R1R1K1 b - - 0 18	f6e4 d3e4 h5f3	2314	0g191g1o
ZxZAb	r5rk/pp2Qpbp/6q1/4Pp2/4pB2/2P4P/PP1R1PP1/5RK1 b - - 0 20	g7h6 e7f6 g6f6 e5f6 h6f4	2314	011019
Zz1Re	8/P7/8/5R2/r2p4/2k5/8/1K6 b - - 0 46	a4a7 f5c5 c3d2	2314	0g0h0p1m1o
aHEUG	1krn2Q1/pp4p1/3p3p/3Bpbq1/2R2P2/8/PP4PP/2K1R3 b - - 0 27	g5f4 c1d1 f5g4	2314	0g191g1o
aYRlT	8/3k2p1/R6p/1p2PP2/1P5P/2pr2P1/5K2/8 b - - 0 56	c3c2 e5e6 d7c7 a6a7 c7b6	2314	000g0h0p101m
aesv9	4rr1k/5p2/3pb3/1pp3Q1/4P3/1p3N1P/P4RK1/3q4 w - - 6 33	g5h6 h8g8 f3g5 e6f5 f2f5	2314	0g1019
bP2XP	6k1/p2RP3/1pp3p1/8/6B1/4Q1KP/PPP2r2/5q2 b - - 4 32	f2g2 g3h4 f1f6 e3g5 f6f2	2314	0p101316
d1K12	r2q1rk1/4bppp/p1bpp3/1p4B1/4n3/1BN5/PPP1QPPP/3RR1K1 w - - 0 14	c3e4 e7g5 d1d6 d8c7 d6c6	2314	010s1019
eemZv	r7/5pr1/4b1k1/p2p1N2/2pP4/P1P4R/1q4BP/5RK1 w - - 1 36	h3h6 g6g5 h2h4 g5g4 f5e3 g4g3 f1f3	2314	0r111317191d1w
ghPTc	r2qkbnr/pQp2ppp/4p3/1N6/1npP4/5P2/PP3PPP/R1B1KB1R b KQkq - 2 8	a8b8 b5c7 e8d7 b7a7 d8c7 a7c7 d7c7	2314	010h1c1w
hSDTi	r1b2rk1/pppp2pp/1q1b4/3Pnp2/8/P4N2/KPP1QnPP/RNB2B1R w - - 5 18	c1e3 d6c5 e3f2	2314	01191o
iH1IN	5r2/3q2k1/pp1p2pp/2pPp1n1/2P1P1P1/5B2/PP1Q2K1/5RN1 b - - 5 32	f8f3 g1f3 d7g4	2314	0b0g191o
iargk	r3r1k1/ppqb2p1/4p1Qp/3pP1b1/3P4/PP1p3R/2P3PP/R1B3K1 w - - 0 20	c1g5 c7c3 a1f1 e8f8 g5f6	2314	0d0g10191g1l
jFKBs	3r2k1/pp2q1p1/3bp2p/8/3B4/P1P1Q3/1P3PPP/3R2K1 b - - 1 23	e6e5 d4a7 d6c5 d1d8 e7d8 e3e2 c5a7	2314	010p1w
jHiDw	r3k2r/ppp5/3qpp1p/2b2b2/N2n4/3P1N2/PPPQBPPP/2KR3R b kq - 5 12	d4e2 d2e2 d6f4 f3d2 f4a4	2314	010s1019
jmDwQ	k1r4r/1p6/pQ1P1p1p/6p1/1P4n1/P3PqP1/B4P2/3R1RK1 b - - 0 30	g4f2 f1f2 f3d1	2314	010i0y191o
jqKop	r1b3k1/1p4bp/5q2/3P3n/pB1p2p1/P2P1pP1/1P2rP1P/2RQNRKB b - - 4 24	h5f4 g3f4 f6f4 e1f3 g4f3	2314	0110191n
kQZSw	1k6/8/1PK5/2N2n2/6p1/p7/P7/8 b - - 0 54	f5d4 c6d5 g4g3 c5e4 g3g2	2314	000g0p0z1011
l9f0J	6rk/p1p2Qbp/np1p4/3P3R/1PP1p1P1/P3P2P/8/4qB1K w - - 6 33	h5h7 h8h7 f7f5 h7h8 f5h5 g7h6 h5h6	2314	050y1317191n1w
laZ1A	5rk1/1b1n1ppp/pp1qP3/2b5/3N4/2BB4/PP2Q1PP/5RK1 w - - 3 23	d3h7 g8h7 e2h5 h7g8 e6f7 f8f7 h5f7	2314	00050g0y191n1w
lcACY	r2qkB2/ppp1bp1p/2np4/8/2Q1P3/2p2N2/PP3PPP/RN2K2R b KQq - 0 11	c3b2 f8e7 b2a1q e7d8 a1b1 e1e2 b1h1	2314	000g191g1h1p1t1w
ld0Mk	4r2r/ppqb2p1/3b2k1/2p1P3/3np3/2BPQ3/PPP3PP/4RRK1 w - - 1 22	e3g3 g6h7 e5d6	2314	01191o
lkKje	8/k1p2PQ1/p7/bppP4/8/KP3r2/P7/8 b - - 0 42	f3f2 b3b4 a5b4 a3b3 a6a5 a2a3 a5a4	2314	0p13171l1w
lmBRC	r5k1/pp3pbp/2p1p1p1/4n3/3B4/8/PPP1BPPP/3R2K1 w - - 0 20	f2f4 e5c4 d4g7	2314	010p1o
luBUH	r1b3r1/pp1knQ2/5B2/2qp3K/5PP1/2P4P/P7/3R4 w - - 8 31	f6e7 g8h8 h5g6 c5e7 d1d5 d7c6 f7e7	2314	010i0r191w
mEYXj	8/p2q2pp/2nPpk2/1BP2p2/P7/7P/4KPP1/1R6 w - - 1 30	b1d1 f6f7 b5c6 d7c6 d6d7	2314	000g0p101l
mIRhr	3r2k1/p4ppp/1p2b3/3p2n1/2rN3q/4PB1P/PP2QPP1/R2R1K2 w - - 9 21	e2c4 d5c4 d4f5 g5f3 f5h4	2314	0g10191n1t
nE2th	8/8/p6R/kp1K4/3P2rP/4p3/P7/8 b - - 0 54	g4e4 d5e4 e3e2 e4d5 e2e1q	2314	000g0p101h1m1n
nuKMr	3r3k/pp4p1/2pr3p/2q1p3/2P2pQ1/1B1b3P/PP1R1PPK/3R4 w - - 4 30	d2d3 d6d3 d1d3 d8d3 g4c8 h8h7 c8f5 g7g6 f5d3	2314	0g0s191n1w
obGem	5rk1/pbp3q1/1p6/2np2pQ/8/2P2P2/PPB4P/4R1K1 w - - 1 32	e1e5 c5e4 c2e4 d5e4 e5g5	2314	0110191g
ou1UC	1r1q1r1k/p5pp/3p4/2p5/4Q2b/1P5P/P1P2PP1/R1B2RK1 b - - 0 17	h4f2 f1f2 f8f2 g1f2 d8f6 e4f4 f6a1	2314	01050s191n1w
pYcWS	6k1/6B1/7P/4p1K1/8/3p4/8/8 b - - 0 58	g8h7 g7e5 d3d2 g5f5 d2d1q	2314	00080g0p101h
pqqrW	2r3k1/pp1r2p1/8/4p1N1/3n4/1P2NP2/P1P3PP/2KR4 b - - 4 23	c8c2 e3c2 d4e2 c1b2 d7d1	2314	010i0j0p101k1n
pxjaL	2r3k1/2p2ppp/1p5q/p3Pp2/4Q3/2P3R1/PP1r2PP/5RK1 w - - 0 26	e4f5 c8f8 e5e6 h6e6 f5g5	2314	010p10
q6qwQ	8/8/1p3p2/p2k2p1/PP1P2P1/2K5/8/8 b - - 1 37	a5b4 c3b4 f6f5	2314	0g0p1e1o
q9H4o	r3r1k1/ppRn2p1/5nQ1/6N1/3qp3/B5Pb/P4P1P/4R1KB b - - 6 26	e4e3 g5h3 e3f2 h3f2 e8e1	2314	000g0j0s10191n
rOwIL	8/p6k/2p4b/4P2p/NQp1P1b1/1PK2pP1/1B5q/R4R1B b - - 0 33	h2d2 c3c4 g4e6 c4c5 h6f8 c5c6 d2d7	2314	1317191n1w
s7XQz	6r1/pp1k4/2p1R3/8/3P3r/2PB4/P4P2/4RK2 b - - 0 33	h4h1 f1e2 h1e1 e2e1 g8g1 e1d2 d7e6	2314	01050p1w
sEbmr	7Q/8/4p1k1/4PbP1/2p2K2/2P5/8/q7 w - - 4 54	h8g8 g6h5 g8e8 f5g6 e8h8 g6h7 h8h7	2314	0p0r13171w
t5zQn	2k2r2/2p4q/1p1p3p/pP2pb1r/2PbB1PB/P2P3P/3Q4/4RR1K b - - 0 27	f5e4 d3e4 f8f1 e1f1 h5h4	2314	0g0j0r0y1019
tT4yr	3r2k1/3r4/7Q/1p2q3/2p2R2/6P1/PPB4P/7K b - - 2 32	e5e1 h1g2 d7d2 g2h3 d2h2 h3h2 d8d2 h2h3 e1h1 h3g4 h1h6	2314	050g0p1n1p1w
trSJ9	5rk1/1pp3p1/1p2p3/4p1qp/4Pr2/2P1Q1PP/PP3P2/R4RK1 w - - 0 20	g1h1 f4f2 e3g5 f2f1 a1f1	2314	0g0p10
uNQZD	8/5p1p/4p1p1/1k2P1P1/1bpP1P1P/8/8/R5K1 b - - 2 36	c4c3 g1f2 b5c4 f2e3 c3c2 a1c1 c4c3	2314	000g0p1w
vEQR3	rn2k2r/pp3pbp/2p1p1p1/4N2n/2Pq4/3B4/PP3PPP/R1BQR1K1 w kq - 2 13	d3g6 d4d1 g6f7 e8f8 e1d1 g7e5 f7h5	2314	01040b1c1n1w
vJaEK	r2q1k1r/1pp1bp2/p1np1N2/4p1B1/2B1P2P/3P1Q1b/PPP2PP1/2KR4 w - - 0 16	f6d7 f8e8 c4f7 e8d7 f3h3	2314	0410131619
w2cCM	4rrk1/1Q3pp1/1p1p2qp/8/3PnBb1/2P2N2/PP4PP/4RRK1 b - - 1 20	g4f3 f1f3 e4c5 e1e8 c5b7	2314	0110191g
wCFpY	6k1/pprb1p1p/6p1/K2BP3/1Pr3P1/P6P/4PP2/3R3R b - - 4 28	c7c5 b4c5 c4a4	2314	0p13151d1n1o
y8Unu	rnb1k2r/pp3pbp/3p2p1/q1pP2B1/4n3/1QN2N2/PP3PPP/R3KB1R w KQkq - 0 10	b3b5 a5b5 f1b5 b8d7 c3e4	2314	011019
yNYuD	rnb2rk1/pp3ppp/4p3/3pN3/8/P1qB3P/2P1Q1P1/2R2RK1 w - - 2 14	d3h7 g8h7 e2h5 h7g8 e5f7 f8f7 h5f7	2314	050g0y191n1w
08UfW	8/5p2/4pk1p/3P2p1/2p1P1P1/5PP1/3RK3/6r1 b - - 0 45	g1g2 e2e3 g2d2 e3d2 e6d5 d2e3 f6e5	2315	0g0p111m1w
0BsKy	6r1/2P5/p7/1p6/1P6/P1K3p1/3R3k/8 b - - 1 53	g3g2 c3d4 g8c8 d4c5 c8c7	2315	000g0h0p101m
135Vd	8/7r/1r4k1/pB1R2p1/P1Pp1pP1/1P1PpK2/4R2P/8 b - - 5 39	h7h3 f3e4 f4f3 e2e3 d4e3 e4e3 b6e6	2315	01050p1w
1KyLG	5rk1/2rR1p2/p1n3p1/qp2Pp1p/5P1N/3Q4/PPP3PP/1K1R4 b - - 0 24	c7d7 d3d7 f8d8 e5e6 d8d7	2315	050g101119
1QaUG	r1bq2rk/p1p2ppp/1pnp4/3n2B1/4PQ2/8/PPP2bPP/2KR1BNR w - - 0 13	e4d5 f7f6 f4f2	2315	01111c1o
2FsR6	8/P5k1/3p1r1p/3Q1p2/8/2P1n1P1/5r1P/6K1 w - - 2 37	d5b7 f6f7 b7f7 g7f7 g1f2	2315	0g0p10
2IkwF	3r3k/1RP3pp/p3p1n1/P3Pp2/8/1B3P2/2R2PKP/3r4 b - - 0 30	g6f4 g2g3 d1g1 g3f4 g7g5 f4e3 g1e1 c2e2 f5f4 e3e4 e1e2	2315	0i0p13181n1w
357sN	2k5/Qp1q1p1r/p1pp1R1p/P5p1/2P1r3/8/1PP3PP/5RK1 w - - 0 25	a7a8 c8c7 a8g8	2315	0g0p1o
3UQJF	8/5p2/3p1k2/3P2p1/4P3/5KP1/8/8 b - - 1 48	f6e5 f3e3 f7f5 e4f5 e5f5	2315	0g0p10111e
3pTDh	r7/pp2p2k/2q1p2P/2p1b3/8/2P4P/P3Q3/R1B3K1 w - - 1 28	e2e5 a8g8 c1g5 c6d5 e5d5 e6d5 h3h4	2315	010h0p0t111w
3yISu	k7/pp1R2pp/3Q4/B2pP1KP/3P1R2/1P2q3/P3b3/8 b - - 9 35	e3g3 g5f5 g3h3 f4g4 h3g4	2315	0p101316
45zOy	4r1k1/1p3p1p/6p1/3P4/3Q4/5q2/PP3P1P/3R2K1 b - - 0 27	e8e4 d4d3 e4e1 d1e1 f3d3	2315	010i0p10
5vJau	4r1k1/6pp/p7/5Q2/3q1PPP/8/P1R3K1/8 b - - 0 31	g7g6 f5c5 e8e2 c2e2 d4c5	2315	0g0i0p0r1011
6UnWl	8/8/6P1/p7/b2Pk3/4P3/3K4/8 w - - 0 46	d4d5 a4b3 d5d6 b3e6 g6g7	2315	00080g0p1011121l
70xbh	2r3k1/pp3Rp1/1b1r2Np/5P2/1K6/1B2Pb2/PP3P2/8 w - - 5 36	f7f8 g8h7 b3g8	2315	0k0m1315191o
7LUoU	8/p7/Pp3p2/1Pp2k1p/2Pb3P/8/3B1PK1/8 b - - 0 36	f5e4 d2a5 e4d3 g2f3 d3c4 a5b6 c4b5	2315	080g0p1w
7eMrg	1k4rr/pp6/8/8/Pp1QBPq1/3P3b/7P/RN4RK b - - 4 31	h3g2 e4g2 h8h2 h1h2 g4g3 h2h1 g3h4 g2h3 h4h3	2315	050j1318191n1w
7oyOQ	3r1rk1/pb3ppp/1pp5/3nn1q1/3B4/1BP4P/PP1N1PP1/2RQ1RK1 w - - 2 18	b3d5 d8d5 f2f4	2315	01191o
8tzbS	2R2q1k/pQ4p1/2p4p/3p4/3P2P1/2N1n1KP/PP3r2/8 b - - 9 29	e3f1 g3h4 g7g5 h4h5 f1g3 h5g6 f2f6	2315	0p13171w
8vZgR	r2q1rk1/1pp2ppp/p1nbpn2/8/3P4/2PB4/PP2NQPP/R1B2RK1 w - - 1 13	f2h4 c6e7 f1f6 e7g6 d3g6 h7g6 c1g5	2315	010h0j1c1w
9GNec	rnb1k2r/1p2bpp1/p3p2p/3p4/4NP2/PN1B2P1/1qPQ3P/R3K2R w KQkq - 0 15	e4c3 b8c6 a1a2 d5d4 a2b2	2315	0110191t
9NM1z	r1bq1rk1/p4pp1/2pb3p/n7/B3Q3/3P4/PPP2PPP/RNB2RK1 b - - 0 15	f8e8 e4f3 d8h4 h2h3 h4a4	2315	01101c
9NSWQ	2B5/3b2rp/7k/2pNPp2/2P5/3KP3/P7/8 w - - 4 45	c8d7 g7d7 e5e6 d7d6 e6e7 d6e6 d5f6 h6g6 e7e8q e6e8 f6e8	2315	000g0p0r1h1w
9Oq1D	k4r1r/p2b4/Bpp5/2p3q1/4P1p1/2PP2Qp/1P3P1K/R4R2 w - - 3 31	a6b7 a8b7 a1a7 b7a7 g3c7 a7a6 f1a1 a6b5 c3c4 b5b4 c7b6	2315	050i0j0s1318191n1w
9pEkZ	r1b1r1k1/2q1bpp1/2p2n1B/p2p4/8/2PB1N1P/PP1Q1PP1/R4RK1 b - - 0 15	g7h6 d2h6 f6e4	2315	0111191o
C24oD	8/1p6/p7/PPP1k3/5p2/3K3p/7P/8 b - - 0 39	a6b5 c5c6 e5d6 c6b7 d6c7 b7b8q c7b8	2315	0g0p111e1w
CGz49	1k3b1N/ppp1p1pp/2nr3n/8/7q/2N2B2/PPPP1P2/R1BQ1RK1 b - - 2 13	h6g4 f3g4 d6h6 g4h5 h6h5 d1h5 h4h5	2315	010d191l1n1w
D4uR2	5rkr/ppq2p2/5QN1/8/4P1p1/8/PP4PP/3R1RK1 b - - 0 28	c7h2 g1f2 f7g6 d1d8 h2h4 f2e3 h4f6 f1f6 f8d8	2315	0b0g0w191g1w
DNhje	3r1k1r/5p2/p4p1R/2pB1P2/b1PqP3/7R/P5PP/1Q3K2 b - - 0 35	h8h6 h3h6 d8d5 e4d5 d4f4	2315	0110191n
DiRxw	6k1/5pp1/7p/8/8/1p2K1PP/1RNr4/8 b - - 2 63	d2g2 e3f3 b3c2	2315	000g0p11121o
DshVZ	8/8/8/pp6/2pK2kP/5N2/2P5/8 b - - 1 42	g4f3 h4h5 a5a4	2315	010h0p0t111o
EOG5O	r2q1rk1/pp5p/2npb1pQ/2p5/4P3/3B1N1P/P1PN2P1/5RK1 w - - 5 20	f3g5 f8f1 d3f1 d8e7 g5e6	2315	011019
EigkI	5rk1/3n1pp1/B6p/2p1n3/N2p1P2/Pr1P4/1P3PKP/1R3R2 b - - 0 22	f8a8 a4c5 d7c5	2315	01191o
EjZiz	8/8/6p1/7p/N1pk3P/P2n1KP1/1P6/8 b - - 0 45	d3b2 a4b6 c4c3 f3e2 b2c4 b6c4 d4c4 e2d1 c4b3 d1c1 b3a3 c1c2 a3b4	2315	0g0h0p0z1w
FV8a1	1r6/Rb6/1P3kp1/P4p1p/3K4/3P2P1/8/8 w - - 5 53	a7b7 b8b7 d4c5 b7d7 a5a6	2315	0g0p101n
GCFYb	2r2rk1/pp3ppp/8/8/3Q4/P7/qPP2RPP/2KR4 b - - 3 21	c8d8 c2c3 d8d4	2315	010p11121o
GZ2ij	5rk1/p1Q1pp2/5qp1/8/2b2B1p/5K2/P4PPP/R6R b - - 1 21	f6c3 f3g4 c4e6 g4h4 g6g5 f4g5 c3c7	2315	0g0i0r191w
HrUzh	6k1/5ppp/4p3/p1P1P3/1p1Pq3/1P2Q1P1/5P1P/6K1 b - - 1 28	e4e3 f2e3 g8f8 g1f2 a5a4 b3a4 b4b3	2315	0g0p1i1w
HuhGC	8/1p6/1P1k1p2/3P2p1/4K2p/6P1/7P/8 w - - 0 44	g3g4 d6c5 e4f5 c5d5 f5f6 d5c5 f6g5	2315	0g0p1e1l1w
J324n	4rR2/6kp/p1p3q1/1p1p1R1p/1P1P3r/P1P2QP1/4p1K1/8 w - - 2 36	f5f7 g7h6 f8e8 h4e4 e8e4 g6e4 f3e4 d5e4 g2f2	2315	0g0p0v1w
JiduR	r1bqk2r/1p1nbppp/p1n5/3N2P1/2pP1BQ1/8/PPP2P1P/2KR1BNR b kq - 0 11	d7b6 d5c7 d8c7 f4c7 c8g4	2315	0110111c
Jvm9s	2k5/1p3p2/2q2p2/1R3P2/3Q4/P2Br1r1/2P4P/6K1 w - - 0 35	h2g3 e3g3 g1f2	2315	010p111o
LfLhu	1k6/pPr1n3/3Q4/8/3r2P1/3KP1q1/P7/1R6 w - - 0 37	d6d4 c7b7 b1b7 b8b7 d4b4 b7c6 b4e7	2315	050g0p0s0t1w
MP304	r4rk1/p5p1/1p1b1q1p/3b1p2/4pP2/4B2P/P1P1Q1PN/R2R3K w - - 0 26	e2d2 d5f7 d2d6 f6d6 d1d6	2315	011019
NJvuO	3rkb1r/2q1npp1/1np1p2p/pQ2P3/3P1B2/4NN1P/PP3PP1/2R2RK1 b k - 0 16	c6b5 c1c7 b6d5	2315	01191o
NqLYF	2r5/pp4pQ/2ppk1Bp/3Nb1q1/2P5/7b/PPK2R2/8 w - - 0 28	d5c7 e6d7 f2f7	2315	0g191o
ORQNX	8/pp6/2pp1k2/3P1p1P/P1P2Kp1/6P1/6P1/8 b - - 0 40	c6d5 c4d5 b7b6 h5h6 a7a6	2315	0g0h0p101e1l
PPADw	8/7P/p4p1K/P7/8/B4P2/2pk2r1/8 w - - 2 54	h7h8q g2h2 h6g7 h2h8 g7h8 d2e3 h8g7 f6f5 g7f6 e3f3 f6f5	2315	000g0p1h1w
PXHqn	8/8/1P6/8/p1PB1pk1/3P4/6PK/1r6 w - - 0 52	c4c5 g4f5 c5c6 f5e6 b6b7 e6d6 d4e5 d6e5 c6c7	2315	000g0p1l1n1w
QijHf	2kr1b1r/pp1qppp1/5n2/1bP4p/1P6/P1N3QP/2P1NPP1/R1BR2K1 b - - 4 15	d7d1 c3d1 d8d1 g1h2 f6g4 g3g4 h5g4	2315	0g0y1c1g1w
Qx6uP	4Q3/8/1Pp1p3/2P2k2/4q3/3p2K1/7P/8 w - - 2 51	e8h5 f5f6 h5f3	2315	0g0p111i1o
RomKO	6k1/1b1q3p/6p1/1p1PR3/p7/1B4QP/Pr4P1/7K w - - 1 34	e5e7 d7e7 d5d6 a4b3 d6e7	2315	0001050j0k0p101n
RrfEc	8/8/6pp/4Pp2/2nB1k2/5P2/1Pb2KPP/8 w - - 1 35	h2h4 g6g5 g2g3	2315	0p13151l1o
SwtVl	8/p1K5/1p6/1P3p2/P3p1k1/4P3/5P2/8 b - - 7 52	g4f3 c7b7 f3f2 b7a7 f5f4 e3f4 e4e3 a4a5 e3e2 a5b6 e2e1q	2315	000g0p1e1h1w
TyuNS	r1bk1b1r/p1p1qBpp/1pn2n2/8/3P4/1Q6/PP2NPPP/RNB1R1K1 b - - 0 10	c6a5 b3g3 e7f7	2315	011c1o
UPIzq	2kr2nr/1p5p/p1pb1p2/2pN2p1/8/5PBP/PPP1KP2/R2R4 w - - 0 19	d5b6 c8c7 d1d6 d8d6 b6c4	2315	0g0j10191g1k1n
URs8U	2r3qr/1b1n1k2/p3p3/1p1pPBQ1/3P4/7R/PP3PPP/R5K1 w - - 1 26	f5g6 g8g6 h3f3 f7g7 g5e7 g7g8 f3g3	2315	0g0s11191g1n1w
UTQN0	5r2/6k1/ppq2pp1/2pN3p/2P5/6QP/3r1PP1/4R1K1 w - - 4 35	d5e7 c6e8 e7f5	2315	0g0p1g1o
UaSlp	1bkr2r1/p4p1p/2q1p3/3p4/2PB4/8/PP2QPPP/2R2RK1 b - - 0 19	d5c4 g2g3 d8d4	2315	010j191o
Ue2AE	5r2/3R2k1/7p/4n1q1/2pN1p2/2P2Q2/2P3P1/6K1 b - - 0 30	g7h8 f3e4 e5d7	2315	0g0h0p0w1o
UmoAF	2r1r1k1/p4pp1/2n4p/1p1Np3/2P1P3/1n2PN1P/6P1/2RR2K1 w - - 0 23	c4b5 b3c1 d1c1 c6d4 c1c8	2315	011019
Uzx3Y	5k2/6p1/1p5b/p1p2bp1/5P2/P5P1/1P5P/3R2K1 w - - 0 40	f4g5 h6g5 d1f1 f8e7 f1f5	2315	010p101g
VyzHS	8/1k6/6p1/1P1Npp1p/2K2b2/7P/6P1/8 w - - 0 44	d5f4 e5f4 h3h4 f4f3 g2f3 g6g5 h4g5 h5h4 g5g6 h4h3 g6g7 h3h2 g7g8q	2315	00010p111h1l1w
WOKTP	8/7P/5B2/1p1p1K2/2k5/4P3/5r2/8 w - - 5 61	f5g4 f2f6 h7h8q	2315	000g0h0p1h1o
YbqMt	6k1/ppq2ppp/2pb4/4rQ2/2P3P1/4B2P/PP3PK1/3R4 w - - 1 30	f5d3 e5e6 e3f4 h7h5 f4d6	2315	0g0p10
Ygb6l	8/p6p/6pk/8/P2Q4/4P1PK/1P2q2P/8 b - - 7 39	e2f1 h3h4 f1f5 d4f4 g6g5	2315	0g0p101i1l
bbczI	r4rk1/1bp2pp1/p3pq1p/1p2b3/4P1Q1/PBP1B2P/1P3PP1/R4RK1 w - - 2 17	f2f4 e5c3 e4e5 c3e5 f4e5	2315	0g1019
dDB3p	2bq1rk1/p1b3pp/2p5/4pp2/8/2NPB1P1/Prn2PBP/R2Q1RK1 w - - 0 21	e3c1 b2b4 d1c2	2315	0g11191o
eQd4M	Q3bk2/5pb1/4p1p1/3pPPN1/3n2P1/4B3/1q2BK2/8 w - - 0 34	g5h7 f8g8 h7f6 g7f6 a8e8 g8g7 e5f6	2315	0g0s191g1w
emzZ9	r5k1/ppq2pp1/1n2p2p/3pP3/1RrP4/Q1P2N2/P4PPP/1R4K1 w - - 12 25	b4b6 c4c3 b6b3	2315	01191o
fFlRU	r4rk1/1R5p/p1npR1p1/2p2n2/2P4B/P1qP1N2/5PPP/3Q2K1 b - - 0 19	f5h4 f3h4 c6d8	2315	01191o
fhHt3	R3r3/2pk4/1p1p1p2/1P4p1/2Pp2P1/3P1P2/4PK2/8 w - - 4 37	a8e8 d7e8 f3f4	2315	0g0p1m1o
gXHA3	r2qr2k/ppp2ppB/8/2PpNb2/1n1P4/1QN5/PP3PPP/R3K2R b KQ - 4 16	b4c2 b3c2 f5c2 h7c2 f7f6	2315	010s10191g
gbOSf	3r4/pBn1r1kp/1n1N2p1/5p2/8/4p2P/P5P1/2RR1K2 w - - 0 36	d6f5 g6f5 d1d8 c7e6 d8d6	2315	010j1019
hU6Wg	3r1rk1/1pp4p/p1b1p1p1/4Pnq1/1PN5/P4B1P/1B2QPP1/R4RK1 b - - 2 21	f5d4 b2d4 c6f3 e2f3 f8f3	2315	0110191g
hbfjR	2rr4/5pkp/pp4p1/4N3/3N1n2/PPR1P3/5PPP/2R3K1 b - - 0 28	c8c3 c1c3 f4e2 g1f1 e2c3	2315	01051019
hwtzs	r1b2rk1/1pq2ppp/p1n1pb2/8/1Q6/2PB1NN1/PP3PPP/R3K2R w KQ - 2 14	d3h7 g8h7 b4f8 c7e7 f8e7	2315	010i0y1019
iI2v2	r5k1/1b4r1/p3R3/1p1p1Q1p/6p1/1Pq2B2/P4PPP/R5K1 w - - 1 28	f3d5 c3a1 e6e1	2315	0g0j0k191n1o
idyvR	3b4/1p1k4/p3p3/2Kp4/P2P4/1P3P2/4N3/8 b - - 0 37	d8a5 b3b4 b7b6	2315	0p13151l1o
k6BKv	4r3/pp3pk1/2q2bp1/8/P2P1NQ1/2PK2P1/1r6/R3R3 w - - 0 30	e1e8 c6e8 f4h5 g7f8 h5f6	2315	0g0i10191g
kEMif	5rk1/p1Q1b1p1/3p3p/4n3/3PP2q/2P2P2/PP1N1P1P/R4RK1 b - - 0 21	e5f3 d2f3 h4g4 g1h1 g4f3	2315	010s10191n
kxSK3	7r/rp6/6p1/4PpPk/3R3P/p3NK2/8/8 w - - 1 43	e3f1 f5f4 d4f4 a3a2 f1g3	2315	0b0p1013161l
la3Ch	8/5k2/6p1/1p1pPqPp/1P1P3P/2rb4/2pQ1P1K/R5R1 b - - 3 39	f5h3 h2h3 d3f1 h3h2 c3h3	2315	050k0m0p0r1013161d1n
mc5X9	1r3rk1/5p1p/4p1pP/p2n4/2Q4R/1P6/1K1R1Pq1/4B3 w - - 0 32	c4d4 f7f6 d4a7 d5e7 a7e7	2315	011019
mpcPV	5rk1/4qppp/Q2pp3/1p5P/2n3P1/8/PPP2P2/2KR3R b - - 1 21	e7g5 c1b1 g5e5 c2c3 e5e2	2315	0g0p10
nWtF1	r3kb1r/pp1q2pp/2n1bp2/2pnN3/8/1QNP2P1/PP2PPBP/R1B2RK1 b kq - 0 10	d5c3 e5d7 c3e2 g1h1 e6b3	2315	01101c1n
nXqL6	8/6p1/5k1p/5PP1/3pq2P/6K1/3Q4/8 b - - 0 44	f6f5 g5h6 e4g4 g3h2 g4h4	2315	0g0i0p101i
oAQcK	rnb3rk/pp2pQ1p/1n3ppB/8/5NP1/P4q2/3K1P1P/5B2 w - - 6 28	h6g7 g8g7 f7f8 g7g8 f4g6 h7g6 f8h6	2315	0y1317191g1n1w
oDka4	rnb1kb1r/ppppq1pp/7R/6p1/2B1P3/3P1Q2/PPP5/RNB1K3 w Qkq - 1 11	f3h5 g7g6 h6g6 h7g6 h5g6 e8d8 c1g5	2315	011c1g1n1w
qtnT5	r4rk1/1p1qppbp/pN1p2p1/5bB1/2PPn3/P7/1P2BPPP/R2Q1RK1 b - - 4 15	d7d8 b6a8 e4g5	2315	01191n1o
reTwz	r4rk1/1ppq1pp1/p2p2nQ/3N4/1P2P3/2P5/P4PPP/3R1RK1 b - - 0 19	g7h6 d5f6 g8g7 f6d7 f8d8 d7b6 c7b6	2315	0g0t191t1w
stzIS	r1r3k1/1QPR1pp1/4pq1p/8/8/7P/p4PP1/3R2K1 w - - 0 30	b7a8 c8a8 d7d8 a8d8 c7d8q f6d8 d1d8	2315	00010p1h1n1w
swMCx	3r2k1/pq3pp1/1p1rp2p/2pPQ3/2P5/3R3P/PP3PP1/3R2K1 w - - 1 28	d5e6 d6d3 d1d3 d8d3 e6e7 b7e7 e5e7	2315	00010p1n1w
tBJwL	3r4/1p2k3/pQ1p2p1/3P3n/P5pq/3P4/1P5P/5RK1 w - - 0 30	b6e3 e7d7 f1f7 d7c8 e3c1 c8b8 c1c7 b8a7 c7b7	2315	0p13181w
tKtKH	r4rk1/pp4b1/2pp2pp/3Pp1q1/P1P1Pp2/1PNB1PnP/8/2RQRNK1 b - - 0 21	g3e2 g1f2 g5g1 f2e2 g1g2	2315	0k0m0r0y101316191n
u7XKg	2k2r2/p1q4B/2bNp1p1/2bpP3/1pp2Q2/2P1P1P1/PP3PP1/R3K3 b Q - 2 20	c5d6 e5d6 c7g7	2315	01191o
ug05U	2r5/2qbppkp/3p2p1/p2P3P/6P1/pN2QP2/1Pr5/1K1R3R w - - 0 24	h5g6 h7h5 h1h5 c2b2 b1a1 b2b1 d1b1 c7c3 e3c3	2315	0g191w
wjgS4	3r3k/1p1R2pp/pqp2p2/7b/1P2P3/P4PP1/Q5BP/7K w - - 7 29	a2f2 d8d7 f2b6 d7d1 g2f1	2315	010p10
wuDVl	N6k/3q2pp/p4p2/4n3/P7/5P2/Q1R3PP/3r1BK1 b - - 0 30	d7d4 c2f2 d1f1 g1f1 d4d1	2315	05101316191g1n
xJu5I	6k1/pr4p1/b5Pp/2p4R/P2p1p2/BPqP1Q2/2P2P2/1K6 b - - 5 30	b7b3 c2b3 a6d3 b1a2 d3b1 a2b1 c3f3	2315	010p0s10
xX89S	8/p1p1b1kP/1pq1ppp1/4n1N1/2P2Q2/4B2K/P4P1P/3r4 w - - 1 37	h7h8q g7h8 f4h4 h8g7 h4h7 g7f8 h7h8	2315	00051317191h1w
yEozk	1r4k1/1pr2ppp/p2Pp3/8/5P2/2R3P1/P6P/6K1 w - - 0 26	d6c7 b8c8 c3d3 g8f8 d3d8 f8e7 d8c8	2315	000g0p1l1m1w
yY6vP	5rk1/1b6/p2p1rpQ/2p1p2n/2P1P2q/3P1P1N/1P4PK/R5R1 w - - 1 26	g2g3 g6g5 h6f8 g8f8 g3h4	2315	010r1019
yiOwp	r2qk2B/p1ppbp1Q/bp6/8/3PP3/8/PnP2PPP/RN2K2R b KQq - 0 10	e7b4 c2c3 d8g5 h7g8 g5g8	2315	0d0g1019
ysw95	r1bqr1k1/ppNpbppp/2n2n2/6B1/8/6Q1/PPP2PPP/2KR1BNR b - - 0 11	f6e4 g5e7 e8e7	2315	01111c1o
z8Eig	2krr3/Bpp1qppp/bb6/3n4/Q7/P2P3P/1P2BPP1/R4RK1 w - - 3 19	e2g4 d8d7 a1e1	2315	01191g1o
zQyjp	8/6k1/R7/1r3PK1/7p/8/8/8 w - - 0 63	a6a7 g7f8 g5g6 b5b3 a7a8 f8e7 f5f6 e7e6 a8e8	2315	0g0p0r111m1w
zYw8Q	r1bq1rk1/ppp5/3p2p1/6n1/4P2Q/2bB4/PPP5/2KR3R w - - 0 19	d3c4 f8f7 b2c3	2315	010w191g1o
0B4kv	3r4/5kpp/P2b2p1/1B6/4R3/1P6/3n1PKP/8 w - - 0 31	e4e8 d8e8 b5e8 f7e8 a6a7	2316	00010p10111n
0bhjs	4rrk1/6b1/p3N1B1/1p5p/2n2p1P/1Q3P2/PP3q2/1K1RR3 b - - 0 25	c4d2 d1d2 f2e1 d2d1 e1e6	2316	0g0i0s1019
0qPNj	8/8/pp2p1p1/2p2k1p/PPP2P1P/3K4/8/8 w - - 1 38	a4a5 b6a5 b4b5 a6b5 c4b5	2316	0g0p101e
0tdso	N1k5/2P3p1/2K2p2/1p4pP/6P1/p1P2P2/b7/8 b - - 2 46	a2d5 c6d5 c8d7 d5c5 a3a2	2316	000g0p101n
0xqtI	2k1r2r/3p3p/2pB2p1/p2q4/3Q4/8/5PPP/5RK1 w - - 1 31	d4d5 c6d5 f1b1	2316	010h0p1o
1EGvn	k4r2/1p6/4p1Q1/1q1p2p1/3n4/4R3/4NP2/5K2 w - - 1 37	g6g7 b5b1 f1g2 b1f5 e3a3 a8b8 g7d4	2316	010p0s111w
2U2xE	2kr1b1r/ppp2p2/2n2pq1/1P6/3p4/P1N1Q1B1/2P2PpP/R2R2K1 w - - 0 20	b5c6 d4e3 d1d8 c8d8 c6b7 e3f2 g3f2 d8d7 b7b8q	2316	000g11191h1k1n1w
2xPxL	5R2/1k5p/p2pr1n1/1p1qp3/8/4P3/PP6/1KQ5 w - - 2 37	c1c8 b7b6 c8d8 b6c5 d8c7 d5c6 b2b4 c5d5 e3e4 d5d4 c7c6	2316	010i0p1w
3Mq0j	8/8/8/8/P4kp1/3K4/8/8 w - - 0 54	a4a5 g4g3 d3e2 f4g4 e2f1 g4h3 f1g1	2316	0g0h0p1e1l1w
3YMum	5r1k/p6p/3Q2p1/1p2NpR1/8/5PKP/P3q3/8 b - - 2 42	f5f4 g3g4 e2g2 g4h4 g2f2 g5g3 f2g3	2316	0p13171w
4NopP	8/8/5p2/6kp/P3KR2/r5P1/5P2/8 b - - 3 40	a3a4 e4f3 a4f4 g3f4 g5h4	2316	0g0h0p101m
4tMJ5	rnb2rk1/p1ppq1pp/5n2/1B4B1/4P3/2P2Q2/P1P2PPP/R3K1NR b KQ - 0 9	e7c5 f3d3 c5g5	2316	010s1c1o
546jf	r1bqk2r/ppp1b1pp/1nn5/7Q/2BNp3/8/PPP2PPP/RNB2RK1 b kq - 3 11	g7g6 d4c6 g6h5 c6d8 b6c4	2316	010h101c
5F8EZ	3r2k1/1p1r2b1/1p2R3/6R1/P1P5/1P4P1/2K3P1/5B2 b - - 0 32	d7d2 c2b1 d2d1 b1a2 d1a1	2316	0p0s1013161d
5QyIC	r3r1k1/1p2qp1n/b4b1Q/p2R3N/4p3/P6P/1PP2PPN/4K2R w K - 7 23	d5g5 h7g5 h5f6 e7f6 h6f6	2316	0g0i0s10191n
6w1CH	3k2r1/pppq4/2pb4/8/3pP3/3Q1B1b/P1P2PP1/3R1RK1 b - - 3 25	h3g2 f3g2 d7g4 d3g3 d6g3	2316	0g10191n
7n18S	8/8/8/r2kp1p1/1R4P1/2PK4/8/8 w - - 6 45	b4b5 a5b5 c3c4 d5e6 c4b5	2316	050g0p0s101m1n
87aA2	8/Q3N1p1/5pkp/3p4/1P1P4/5qPK/7P/8 b - - 3 49	g6h5 a7a2 g7g5 a2d5 f3f1 d5g2 g5g4	2316	0h0p13171l1w
890sC	4Q3/p4pk1/1p3qp1/3P2n1/1P4P1/2P3K1/P7/4R3 b - - 0 37	f6f3 g3h2 f3f2 h2h1 g5f3	2316	0g0p10
AVOq0	8/R7/4qkp1/1pp5/5B1P/6P1/P4P2/6K1 w - - 2 40	f4g5 f6f5 a7e7 e6d5 f2f3 d5f3 e7f7	2316	0g0p1l1w
CGuBV	8/7p/p7/1p2pp2/1Pk4P/P5P1/2K2P2/8 b - - 0 37	e5e4 h4h5 h7h6 c2d2 c4b3 d2e3 b3a3	2316	0g0p1e1l1w1z
DGb3O	r4r2/ppp2pk1/2p2np1/5qB1/3Q1Pp1/2P4P/P1P5/R3R1K1 w - - 0 19	e1e5 c6c5 e5f5 c5d4 g5f6	2316	0g1019
FNWis	5r2/p1p5/2Q5/4Pr1k/3P4/2P5/PP4KP/8 b - - 4 31	f8g8 g2h3 f5f4 c6f6 f4f6	2316	0g0p10111j
Fh71f	r2q1rk1/1B3ppp/p2p1n2/2p5/4PPP1/3Q4/PPP4P/R4RK1 b - - 1 18	d8b6 d3b3 b6a7	2316	0g1112191o
HEpl5	5r1k/Q5Rp/4p3/5ppq/3P4/2P3P1/P4PK1/8 b - - 0 36	f5f4 a7e7 f4f3 g2g1 f8b8 g7g8 h8g8 e7e6 h5f7	2316	0g0p1l1w
HWjsT	5rk1/5rbp/p5p1/1pRP4/3pP2q/P2Q1B1P/2R2PP1/7K b - - 8 24	f7f3 g2f3 h4h3 h1g1 g7e5	2316	0g0h0i0y1019
HjW2n	r3q1k1/1Qb3p1/4pp1p/3n4/3P1N2/6P1/PP5P/K2R3R b - - 1 28	e8a4 a2a3 a8b8 b7b8 c7b8	2316	0110191t
I1Rxt	rnb4r/5R1p/1pk1p1p1/p1p5/4P3/1QP5/PP2q1PP/3R3K w - - 0 21	d1d6 c6d6 b3b6 d6e5 b6c5 e5e4 c5d4	2316	050i1317191n1w
IBvqE	r2k1r2/pbpqbBQp/1p6/4p1B1/3n4/N2P4/PPP2PPP/R4RK1 b - - 2 16	d4e2 g1h1 b7g2 h1g2 d7g4 g2h1 g4f3	2316	050y1317191n1w
ITatF	r1b5/pp1p3p/3R2pn/1NpR4/P1k5/5P2/1PPK2PP/r7 w - - 4 25	d5d4 c5d4 d6d4 c4c5 b2b4 c5c6 d4d6	2316	0u1317191n1w
JWk8J	1r3r2/1b3kq1/4p3/3pn3/6Q1/pP2R2R/P1P2PP1/2K5 w - - 6 26	h3f3 f7g8 g4e6	2316	0g0i191o
JaaCk	4r1r1/pp1k1p1p/3p4/3q2n1/P3P3/5P2/2QB2PP/2R1K2R b K - 2 21	g5e4 c2c7 d7e6 f3e4 d5e4 e1d1 e4g4 d1c2 e8c8	2316	010r191g1w
KXJmz	8/8/1p1k4/p2P4/2P3p1/P5K1/8/8 w - - 3 49	a3a4 b6b5 c4b5	2316	0g0p1e1l1o
L414o	r5k1/1q1n2pp/bB2p3/2ppPp2/Q4P2/5BP1/3NP2P/1R5K b - - 0 27	a6d3 a4a8 b7a8	2316	0111191o
L6ivP	8/p7/P4p2/3k4/1K6/5P2/8/8 b - - 3 70	d5c6 b4c4 c6b6 c4d5 b6a6	2316	0g0p1011121e
LohMy	3r2k1/pB3pp1/1p2pb1p/4N3/3P2Q1/P4P2/1qr3PP/R2R2K1 b - - 1 23	d8d4 f3f4 f6e5	2316	01191o
M6gQA	8/2N4p/7P/1pp1k1p1/3pP3/3K4/2P5/8 b - - 3 40	c5c4 d3e2 b5b4 c7d5 b4b3 c2b3 c4b3 d5b4 e5e4	2316	0g0p0z1l1w
MXdAk	8/8/4kp1p/p1p2p2/2P1pPPP/PP2K3/8/8 w - - 1 44	g4f5 e6f5 h4h5 f5e6 e3e4 f6f5 e4d3	2316	0g0h0p1e1l1w1z
N0hWl	3b4/1N2k3/7p/1b1p2pP/p2P1pP1/2B2P2/1P1K4/8 w - - 0 46	c3b4 e7d7 b7d8 d7d8 b4f8 d8d7 f8h6	2316	0g0p1w
N8ehZ	2rr2k1/p4pbp/1p4p1/3n4/3B4/2N3P1/PP3P1P/2RR2K1 w - - 3 22	c3d5 c8c1 d5e7 g8f8 d4g7 f8g7 d1c1	2316	0g0y191n1w
NCR5A	r4kr1/p1p2p2/1p1p3p/2P1p3/4Pq2/2PP1NNb/P2QBP2/R3R1K1 b - - 3 21	g8g3 g1h2 g3g2 h2h1 g2h2 f3h2 f4d2	2316	010i0k0m0y191w
NMg5q	r3k2r/pp1nb2p/2p1Rp2/8/8/8/PPPB1PPP/3R2K1 w kq - 1 17	d1e1 d7e5 d2b4	2316	01191g1l1o
Ny8Bl	6r1/pbr3pk/1p1qpp1p/2p4Q/3PpPN1/1PP1P3/P4P1P/2R3RK w - - 4 23	h5h6 g7h6 g4f6 h7h8 g1g8	2316	030i0j101316191n
PaeyI	2kr4/6pp/4N1p1/p2nB3/Pp1P2P1/2p2P2/8/5RK1 b - - 0 29	b4b3 e6c5 b3b2	2316	000g0p111o
Pzq8q	8/5kp1/P3p3/3p1p2/1r1B4/1p6/4PP1R/1K6 b - - 0 38	b4d4 h2h8 d4a4 h8a8 a4a2	2316	0g0p0t10
QUerK	8/5p1K/3k1p2/4pP2/8/3P4/8/8 w - - 1 51	h7g8 d6e7 g8g7	2316	0g0p1e1o1z
QptI1	r5k1/1p5p/pPp1p1p1/P1P1Nq2/3Ppr2/1Q5P/5bP1/4RRK1 w - - 0 29	f1f2 f4f2 e5g4 a8f8 g4h6 g8h8 h6f5	2316	0g0s191n1w
Qraxw	3r1r2/p4pkn/1p1p4/2pPpQp1/2q1P3/2P1R1B1/P4PP1/R5K1 w - - 5 25	g3e5 d6e5 e3h3 f8h8 h3h7 h8h7 f5g5 g7f8 g5d8 f8g7 d8g5	2316	010d0s191n1w
RYnwx	r3r1k1/pp2Ppbp/2n1b1p1/q5B1/4N3/5N1P/PPPQ1PP1/2KR1B1R b - - 0 12	g7b2 c1b2 a5a2 b2c3 a2a3	2316	05101316191k
SAdjF	q6r/4pnk1/3p1Rp1/1bpP4/4P1NQ/1r4N1/2R3PP/6K1 w - - 1 37	f6f7 g7f7 c2f2 f7g8 h4e7	2316	050g0i10191n
SP7ph	3b4/2q3kp/p1b3p1/1ppQ1p2/3p3P/1BPP1PN1/PP3P2/6K1 w - - 6 37	d5g8 g7h6 g8f8 c7g7 f8d8	2316	0g0i0p10
Tcu1I	r7/1kq4p/3Rp3/4P3/2Q5/4P2P/2P3PK/1r6 w - - 4 32	c4e6 b1b6 e6d5 b6c6 d6d7	2316	010p0r101g
UyIrs	2r5/7R/2r1k1p1/4P3/3K4/8/4R2P/8 b - - 0 42	c6c3 h7e7 e6e7	2316	0g0p1l1m1o
VZp9E	7r/p4pk1/4pqrb/2pp3R/1p6/2P1PN2/PP2K2Q/7R w - - 10 31	f3e5 b4c3 e5g6 f6g6 h1g1	2316	0110191g
X7Tbh	4rr2/7p/p2p1qk1/1p1P4/4bB2/2P3PP/PP5K/3Q1R2 w - - 5 41	d1g4 g6f7 f4h6	2316	0g1112191g1o
XKw8y	5K2/P1Q3pp/4p1k1/3b1p1n/7P/8/rp6/8 w - - 0 43	c7f7 g6h6 f7e7 h5f6 e7g7 h6h5 g7g5	2316	0p13171w
XggJx	r2q1rk1/1b1Nbppp/pp3n2/3p2B1/2pP4/2NBP3/PPQ2PPP/2R2RK1 b - - 0 13	c4d3 d7f6 g7f6 c2d3 f6g5	2316	011019
Y9JOP	7k/5Qpp/3q4/8/P7/3rr2P/6P1/R5RK b - - 0 36	e3h3 g2h3 d3h3 h1g2 h3h2 g2f3 d6d3	2316	0g0p1n1w
YO7Wb	r2q1kr1/p2bbp2/5n2/3p4/7P/1P1B4/PB1N2PP/R1Q1R1K1 b - - 0 20	d8b6 g1h1 f6g4 e1e2 g4f2 e2f2 b6f2	2316	010s1c1w
aW4ym	8/8/2N2pkp/3P2pn/3NP3/1r1n2PK/7P/5R2 b - - 3 37	h5f4 f1f4 d3f4 h3g4 h6h5	2316	0p1013161g
bbFHI	8/6pk/Q2NP2p/4q3/2P5/pP4PP/P2RpP2/2K1R3 b - - 3 33	e5c3 c1b1 c3d2	2316	0g0i0p1k1o
dnsmN	3rk2r/5ppp/p1n1p3/PqR5/1p1PpP2/1Q6/1P1B1PPP/5RK1 b k - 2 20	c6d4 b3b4 d4e2 g1h1 e2g3 h2g3 b5f1 h1h2 e8g8	2316	010c0h0j0y191w
egZn6	8/1p6/p1p4p/P1P3p1/1k2P1P1/5K1P/8/8 w - - 0 43	e4e5 b4c5 f3e4 b7b5 a5b6 c5b6 e4f5	2316	0g0o0p1e1l1w
ernfe	2r3k1/pp1b2p1/2nqpr1p/3p2NP/5n2/2PBB3/PP3PP1/R2QR1K1 w - - 0 18	d3h7 g8h8 g5e4	2316	01191o
hLqS7	5k1r/2R2p2/1p1p1p1p/1Q6/3q1r2/3P4/6PP/R6K w - - 1 32	b5e8 f8e8 a1a8	2316	050p13151n1o
hZ0aw	2r3k1/R2n1pp1/2b1p2p/1p6/2PP1B1P/5P2/3N2P1/6K1 w - - 2 30	d4d5 e6d5 c4d5 c8a8 a7c7	2316	010p10
hdSCa	R7/P4ppk/8/2p2P1p/2P1P3/3P4/r7/3K4 b - - 0 44	h5h4 a8c8 h4h3 a7a8q a2a8 c8a8 h3h2 d1d2 h2h1q	2316	00010p1h1l1m1w
hrzSO	2k2rr1/2p5/p1R5/1p3q2/3P3p/2P1Pp2/PP1N1Q1B/R4K2 b - - 2 31	f5h3 f1e1 g8g2 c6c7 c8d8	2316	011019
i4Eu9	r4r1k/p1Q1N2p/5ppB/2pp4/4q3/4P2P/1P2bPPK/8 w - - 4 27	h6g7 h8g7 e7f5 g7h8 c7g7	2316	050k0m0y101316191n
itf3h	2r2kr1/1bq2p2/pp1p1P2/2pNn3/2P1P1BQ/P2P3P/1P6/2R1R1K1 b - - 2 29	e5f3 g1f2 f3h4 d5c7 c8c7	2316	0110191g
iwKwu	2qr4/2pbk3/1p4R1/p3b3/2Q1P1B1/7P/PP3P2/6K1 w - - 4 34	c4d5 d7g4 d5e5	2316	0g11191o
kSLux	5r2/2Q2p1k/4r1p1/1p4p1/1P1R4/Pp4P1/5P1P/6K1 b - - 0 34	e6e1 g1g2 b3b2 d4d7 h7g8 c7c2 b2b1q c2b1 e1b1	2316	00010p1h1j1w
l2lne	1nkr4/ppp2R1p/3p4/PP2p3/2B1P1p1/2q5/6Q1/6K1 w - - 0 27	g2g4 b8d7 g4d7 d8d7 f7f8 d7d8 c4e6 c8b8 f8d8	2316	060i0p13181n1w
l4UD0	8/7p/1pp2k2/4pP2/P7/1P2K2P/8/8 w - - 1 37	b3b4 f6f5 a4a5 f5e6 a5a6	2316	0g0p101e1l
lkRJd	r1b2rk1/pp1nppbp/3p1np1/q1p3N1/2PP4/1PN1P3/PB2BPPP/R2QK2R b KQ - 3 9	c5d4 e3d4 a5g5	2316	0g0j191o
mKMOQ	r2qk2r/1bpn1pb1/p5pp/1p2N3/3nP3/PBN3BP/1PPQ1PP1/3RR1K1 b kq - 0 16	d7e5 d2d4 e5f3 g2f3 g7d4	2316	010j1019
mNdTP	5rk1/pp1q2bp/2n5/3p1p2/Q2n2pN/6B1/PP1R1PPP/3R2K1 b - - 1 23	b7b5 a4a3 f5f4	2316	01191o
nuhkO	8/kp4R1/p1p5/n1K5/8/8/8/8 w - - 0 61	c5b4 a7b6 g7g6 a5b3 b4b3	2316	0g0p10
oECVH	8/7p/1p4p1/1P1bppP1/Pk5P/3K1P2/8/3B4 b - - 2 42	d5f3 d1f3 e5e4 f3e4 f5e4 d3e4 b4a4 e4e5 a4b5	2316	080g0p0r0s1n1w
pGiqC	2r1r1k1/2P2ppp/5b2/p1q5/1pP5/3B2B1/PP4PP/1R3Q1K w - - 1 28	f1f5 c5f5 d3f5	2316	0111191o
pHCOF	r1b2rk1/pp3ppp/4p3/3p4/1Q3P2/P3P3/2q1B1PP/3R1RK1 w - - 0 19	e2d3 c2c6 d3h7 g8h7 b4f8	2316	010i0y1019
py0NQ	2rk4/8/1K4R1/3P1p1p/3P1P1P/1P2n3/8/8 w - - 1 50	g6d6 d8e8 d6e6 e8d7 e6e3	2316	010p0r0s1011
q2mQV	4rrk1/2q2p2/p1n2Qp1/1ppp3p/7N/3P3P/PPP2PP1/R3R2K w - - 4 22	h4g6 f7g6 f6g6 c7g7 g6c6	2316	0g0i0y1019
qodvl	4r1k1/4rp1p/6pq/8/P1B2nR1/1PQ2P2/6PP/2R4K b - - 6 40	f4d5 c3a1 h6c1 a1c1 e7e1 c4f1 e1c1	2316	050g0j0s11191g1n1w
rLbR6	1k1r3r/4pp2/p1QPb3/qp1RP3/6n1/1P3NP1/1N2B1P1/2R3K1 b - - 0 28	d8c8 f3d4 e6d5	2316	010w11191o
sGBc9	q1r1rbk1/1b1n1ppp/pp3n2/3P4/8/1PN1NPPP/PB2Q1B1/2R1R1K1 b - - 0 20	e8e3 e2e3 f8c5	2316	0111191g1n1o
tGinN	1r2r1k1/3bbp1p/3p2pP/1ppB2Q1/4n3/2B5/1PP2PP1/qNKR3R w - - 0 20	g5g6 h7g6 h6h7 g8f8 h7h8q	2316	000i0y101316191g1h1n
tlu3U	4r1k1/6Np/1p6/p2pq3/6P1/1r2PQ2/3K4/1BR4R b - - 0 31	b3e3 b1h7 g8g7 c1c7 e5c7	2316	0g0w1019
uS2EP	7r/3R2R1/5p2/1p1bk3/1P1p4/3P1PPP/r1P3K1/8 w - - 4 35	g7e7 d5e6 f3f4 e5f5 g3g4 f5f4 d7d4 f4e5 d4e4	2316	0g0p1g1w
vXaxt	5bk1/6pp/p5r1/1p3R2/7q/P2r2NP/1P4QK/6R1 w - - 0 31	f5f8 g8f8 g2f1 f8g8 f1d3	2316	01050s10191n
vbPRl	8/pQ3ppp/3bk3/2p5/3pnB2/5b2/PPPNq2P/2K2R2 w - - 10 26	b7b3 c5c4 b3f3 e2f3 f1f3	2316	0g1019
wW7PS	8/1p6/p1pp3p/P2Pk1p1/2P3P1/1P2KP2/8/8 w - - 0 40	d5c6 b7c6 b3b4 e5e6 b4b5	2316	0g0p101e1l
xPzTU	r7/pp2p1k1/1q4P1/2p5/3b4/N7/PP2Qr2/2KR3R w - - 0 20	e2e7 g7g8 h1h8 d4h8 e7h7 g8f8 h7h8	2316	0g0i0r191n1w
yIiBy	r4rk1/2qp1R1p/p1b3p1/8/1p3NQ1/1P6/1PP3PP/5R1K w - - 1 23	f4g6 f8f7 g6e7 g8f8 g4g8	2316	0g0k0m0y10191g1n
zWggz	r1bq2nr/ppp5/5k1p/3Pp1pQ/1P2Pp2/P1N5/1P4PP/R1B2RK1 w - - 2 15	c1f4 e5f4 f1f4 g5f4 h5h4 f6g7 h4d8	2316	0g191n1p1w
zo7J2	1r3r2/6k1/p1b1p1p1/2Pn1p2/3P1P2/3B3Q/PP6/K6R b - - 1 28	f8h8 h3f1 d5e3 h1h8 b8h8 f1c1 h8h1 c1h1 c6h1	2316	0g191g1w
01A5W	4r1k1/pp3p2/3p1Ppq/5P2/8/6RP/PP2rQ2/6RK w - - 3 40	g3g6 f7g6 f6f7 g8f7 f5g6 f7e7 f2e2	2317	00050g0k0m0p0v0w1n1w
1EWie	r4rk1/pp1q1ppp/3p3B/2pP4/2n1NP2/6QP/PbP3P1/R3R1K1 w - - 0 19	h6g7 b2g7 e4f6 g8h8 f6d7	2317	0g0y10191g1n
1cXqV	5rk1/3b1pp1/3N3p/3PP1n1/2p3P1/q2n2NP/2B2R1K/5Q2 w - - 1 34	d6c4 a3c5 c2d3	2317	010b191o
1xNjo	8/5k2/3p2p1/p1p1p2p/1pP1K1nP/1P2N3/P4r2/6Q1 b - - 1 40	g4f6 e4d3 e5e4	2317	0p13151o
28y1e	6k1/pp4r1/8/3pQ3/3Kp3/q7/8/6RR b - - 1 39	a3d3 d4c5 d3c4 c5d6 c4c6	2317	0p101316
31DFp	1r3rk1/5ppp/3p4/3Bp3/QP2P2P/3K3R/5qP1/R7 b - - 1 25	f2d4 d3e2 b8b4 a4a7 b4b2 e2f1 b2b1 a1b1 d4a7	2317	010i11191w
36eYe	4r2k/1b5p/6p1/p1q5/PpB2p1P/1P1QpN2/2P5/1K3R2 b - - 0 36	b7f3 d3d7 f3c6	2317	0111191o
3HPvj	r2rb3/5pkp/4pqp1/4N3/1p1QNn2/8/P4PPP/R3R1K1 w - - 10 27	d4b2 f4d3 e5d3 f6b2 d3b2	2317	011019
3WoSh	2r1r1k1/1b3ppp/1nn1p3/pB1pP3/1q1P4/1PRQ1N2/5PPP/4RNK1 b - - 2 23	c6e5 c3c8 e5f3 d3f3 e8c8	2317	011019
3wKlh	8/6p1/8/3p1pP1/1k1K3P/2p4b/2B5/8 w - - 0 46	h4h5 f5f4 h5h6 f4f3 d4e3	2317	080g0p101l
3yxvm	4r2k/4Q2p/p1qP2p1/P1p1n3/4Pp2/4b3/1P4PP/3R1R1K w - - 1 33	e7f6 h8g8 d6d7	2317	000111191o
4XWmg	r4r1k/1pq4p/p5B1/4n2Q/5B2/8/PbP3PP/3R1RK1 b - - 3 21	c7b6 g1h1 e5g6 d1d7 b2g7 d7g7 h8g7	2317	0g191l1w
4agh6	1k3r1r/1pp2R1p/p3P1p1/2pP2qn/7P/P2P4/1PP5/1K3R2 w - - 0 31	f7f8 g5d8 e6e7	2317	000g0p1g1o
5Tqdt	7k/6pp/8/6p1/1B2K3/5P2/6Pn/8 w - - 0 40	b4d6 h2f1 e4d3 h7h5 d3e2 f1d2 e2d2	2317	0g0p1t1w
5iMPh	4k3/pp6/3p1K2/8/5P2/8/P7/8 w - - 3 36	f6g7 e8d7 f4f5	2317	0g0h0p1e1o
6cCRY	5r1k/6pp/1Q2R3/3P2rq/1P4N1/P4p1P/5PP1/4R1K1 b - - 1 32	g5g4 b6d6 g4g2 g1f1 f8g8 e6e8 g8e8	2317	0g191l1w
6rXB7	8/1R2N1pk/5p1p/2P2P2/6K1/1P4P1/3n4/7r b - - 0 40	h6h5 g4f4 h1e1 g3g4 h5h4 b7b4 e1e7	2317	010p1l1w
7lMKI	3r2k1/p2r1ppp/2q1p3/5n2/5P2/2P1B1P1/PP2Q2P/R2R2K1 b - - 5 22	d7d1 a1d1 d8d1 e2d1 c6g2 g1g2 f5e3 g2h1 e3d1	2317	050g0s191n1w
7uib5	r4r2/pbppk1p1/1p2Pq1p/7Q/3N1n2/2P5/P1P1RPPP/3R2K1 w - - 3 20	d4f5 f6f5 d1d7 e7f6 d7f7 f8f7 h5f7 f6g5 h2h4 g5g4 f2f3 b7f3 g2f3 g4f3 f7f5	2317	0g0j191g1n1w
8Onkz	4r1k1/p1p2pp1/3n3p/2N5/5P1b/2B4P/PPPRr1P1/3R2K1 b - - 2 28	h4f2 g1f1 e2d2 d1d2 f2c5	2317	010s1019
9mI86	2kr3r/p2q1pp1/1bp5/3p2Nn/P4Bb1/1QP1P1P1/6BP/R4RK1 w - - 1 20	a4a5 h5f4 a5b6 f4e2 g1f2	2317	0g1019
AFtxA	r1b1r2k/pp4R1/2p4p/5p1Q/5q1B/2P4P/1P6/1K4n1 w - - 0 38	g7h7 h8h7 h5f7 h7h8 h4f6	2317	050r0s101316191n
AYSCr	8/8/8/5P1p/pk2K2P/6P1/8/8 b - - 0 44	b4c5 f5f6 c5d6 e4d4 d6e6 f6f7 e6f7	2317	0g0p1e1w
AdwQm	1r1r4/ppN1kppp/2nb2b1/6P1/5BB1/1P5P/1P3P2/R2R2K1 w - - 7 24	d1d6 d8d6 a1e1 e7f8 f4d6	2317	0g1011191n
B2SyY	6r1/pQ5k/6q1/7p/1P1P1r2/7P/P3R2K/R7 b - - 0 39	g8g7 e2g2 g7b7 g2g6 h7g6	2317	0g0h0p1011
BiTeN	8/8/8/5K2/4P3/4kpr1/8/R7 b - - 1 58	f3f2 a1a3 e3d4 a3g3 f2f1q	2317	000g0h0p101h1m
Cc0RH	8/p4p2/6p1/1k2K2p/3P3P/4P1P1/5P2/8 b - - 1 37	a7a5 e5e4 b5c4 d4d5 c4c5	2317	0g0p101e1l
DAh4p	4r2k/1b3R2/p1q3pp/1p5N/8/P7/1P3QPP/4rR1K b - - 4 35	e1f1 f2f1 c6g2 f1g2 e8e1 f7f1 e1f1	2317	1317191g1n1w
EOmAC	r2qkbnr/2pp1pp1/b1nP3p/p7/Pp2P3/1B3N2/1P3PPP/RNBQK2R w KQkq - 1 12	b3f7 e8f7 d1d5 f7e8 d5h5 g7g6 h5g6	2317	040513171c1n1w
Eb2C3	r4k2/5pp1/5b1p/3P4/1pp5/5P2/PPK3PP/3RR3 b - - 1 25	a8a2 d1b1 b4b3 c2d1 f6b2	2317	0g0i0p10
EhnOP	3r2k1/4qppp/p2p4/8/3Q1B2/7P/P1P1r1P1/R2R2K1 b - - 3 22	e7b7 d4d5 e2e1 d1e1 b7d5	2317	010i1019
F8rZ4	5r1k/pp4p1/6n1/2ppp1NP/8/2P5/bP1K4/7R w - - 0 29	h5g6 h8g8 g5f7 f8f7 h1h8 g8h8 g6f7	2317	000g0j0k0p1w
FSzdY	r1bq1r1k/p5pp/p1p5/2p1p1P1/2Q5/1P2P3/PBPPN3/2Kn3R w - - 0 16	g5g6 h7h6 h1h6 g7h6 b2e5	2317	0g0y10191g1n
GB5O3	5k2/5p2/p3p1pb/3p3p/Pp1P4/1PN1P2P/5PP1/6K1 w - - 0 28	c3a2 a6a5 a2b4	2317	0g0p1o
HFjnB	6r1/p3p1k1/4Pp2/q2p2p1/3B2P1/7R/P1P5/K6R w - - 3 26	h3h7 g7f8 h1b1 a5c7 d4f6	2317	010p101l
I1Nu6	8/8/p1p4p/P2p1k2/1PpP2P1/2P3P1/4K3/8 b - - 0 47	f5e4 g4g5 h6g5 g3g4 e4f4	2317	0g0h0p101e1z
Il7rU	3r4/6pk/p2P1pNp/4pP2/P2bP1P1/1R5P/1p6/7K b - - 4 37	d8d6 b3b8 d6d8	2317	0g0p1o
IleeE	r3r1k1/ppqn1ppB/2nbp3/3p3b/3P3B/2P2N1P/PP3PP1/R2QRNK1 b - - 0 14	g8h7 f3g5 h7h6	2317	010t11191o
J5wGh	r3r2k/3b3p/2pq1pp1/1pNp4/p2P4/P1P1QP2/2P1R1PP/4R1K1 w - - 3 30	e3e8 a8e8 e2e8 d7e8 e1e8 h8g7 e8d8 d6e7 d8d7 e7d7 c5d7	2317	0g0y191g1w
Ja8Rf	r1b1r3/1pqnkpQN/4p1p1/4P3/8/1Pp4P/P4PP1/R2R2K1 w - - 5 25	g7f6 d7f6 e5f6	2317	1315191n1o
Jo6lv	r1b1kbr1/2p2p2/ppnp3p/4p3/4P2q/1BPP1N2/PP3PP1/R1BQ1RK1 b q - 4 14	g8g2 g1g2 h4h3 g2g1 c8g4 f3h2 g4d1	2317	050g0y191n1w
LZNGJ	r1bqr1k1/pp1nbppp/2npp3/6N1/8/2P1B3/PPB2PPP/R2QR1K1 w - - 8 16	d1h5 e7g5 h5h7 g8f8 h7h8 f8e7 e3g5 d7f6 h8g7	2317	0g0v0y1c1n1w
LwOWM	r2q1r1k/pbp2ppp/1pn1pb2/4N3/3P4/3BB3/PPP2P1P/R2QK1R1 w Q - 6 14	d1h5 g7g6 d3g6 f7g6 e5g6	2317	0g0y101c1g
LyVe7	r6r/5pk1/3R2pb/p1BPp1q1/P1N1Pn1p/2NP1P1b/2Q2RPP/6K1 b - - 4 31	h3g2 f2g2 f4g2 c2g2 g5c1 g2f1 c1c3	2317	010s11191w
MSiAi	r1bq1r1k/pp4p1/2pb3p/4p3/1PB1p3/2P3QP/P5P1/R1B2R1K w - - 0 18	c1h6 g7h6 g3g6 d8g5 g6d6	2317	0g10191n
OjPnV	5Q2/p1p5/1pkrp3/6p1/P2P4/2q5/2P2P1P/2KR2R1 b - - 2 24	c3a1 c1d2 a1d4 d2e2 d4e4 e2f1 d6d1	2317	0i0j0p0v13171w
QUmSt	7k/1pp1q1p1/7p/4P1N1/1P6/7P/Q5PK/3r4 w - - 2 31	a2a8 d1d8 a8d8 e7d8 g5f7 h8g8 f7d8	2317	050g0p0s1n1w
Qejw2	2r1kb1r/1p3ppp/p4n2/q3p3/1P2N3/P2Q3P/2nB1PP1/R3KB1R w KQk - 0 18	d3c2 c8c2 e4f6 g7f6 b4a5	2317	01101c1n
S0wj1	rnb1k2r/pp3pbp/3p2p1/2q5/4p3/5N2/PP2BNPP/R2QR1K1 w kq - 0 16	a1c1 c5b6 c1c8	2317	01191o1p
ScF76	4k3/8/2pPK3/1pP5/p1p5/P7/1P6/8 w - - 7 53	d6d7 e8d8 e6d6 c4c3 b2c3 b5b4 a3b4 a4a3 b4b5 a3a2 b5c6 a2a1q c6c7	2317	000p1113181e1w
THkI4	r1bq1rk1/p4ppp/3b4/1p6/2p1p3/2P1PP2/PP2NP1P/R1BQNRK1 b - - 0 15	d6h2 g1h2 d8d1	2317	0g0j0y1c1o
UAsts	8/1R1pk3/4prp1/5p2/5r2/8/P7/K2R4 w - - 0 44	d1d7 e7e8 d7h7	2317	0g0p1m1o
UBQUT	r3r3/3n2p1/1q6/p4kB1/2BP4/5N2/Pb3P2/1K4RR w - - 2 31	f3h4 f5e4 g1g4	2317	1315191f1o
UJlkc	8/8/1p2k1p1/p6p/P4P2/1P3KP1/8/8 b - - 1 40	e6f5 f3g2 f5g4 g2f2 h5h4 g3h4 g4f4	2317	0g0i0p11121e1w1z
VcNjV	2kr1r2/bbppR3/6q1/p2P2Bp/2Q4P/2N2N2/PP4P1/R4K2 b - - 0 25	b7a6 c3b5 g6b6 f1e1 a6b5	2317	0g10191g
XA7Li	2r1r1k1/3n1ppp/8/3p1n1P/3B1P2/2P5/P3N3/RN2K2R b KQ - 0 23	f5d4 c3d4 c8c1 e1f2 c1h1	2317	0g0r10191g1p
XuJ7z	2R5/3k3p/3Pppp1/p3P3/P7/3r4/6P1/6K1 w - - 6 46	e5f6 d3d1 g1f2 d7c8 f6f7 d1d6 f7f8q	2317	00010p1h1m1n1w
Xvz0f	r7/p4Q2/kp4p1/2p5/5pP1/8/PP3qP1/4R2K w - - 11 34	f7c4 b6b5 e1e6 a6a5 b2b4 c5b4 c4c7 f2b6 e6b6	2317	0g0p1w
YCV77	r3qn1k/1p4Rb/p2p1p1P/2pPp3/2P1r3/8/PP1B1K1Q/6R1 w - - 4 36	h2g2 e8g6 g7g6	2317	0g191o
Yqc2S	8/RK4pk/1P6/8/1P6/7p/2r5/8 w - - 0 57	a7a3 h3h2 a3h3	2317	0g0p111m1o
YvqqU	8/7p/2Q2pk1/3q4/2bB4/8/p4PP1/6K1 w - - 1 38	c6f6 g6h5 f2f3 d5d4 f6d4	2317	0g0p1011121l
Z6HYW	rn1r2k1/5ppp/1p1qp3/pP2N3/3P4/8/4QPPP/1R1R2K1 w - - 5 22	e5f7 g8f7 e2f3 f7e7 f3a8	2317	01050s10191n
ZmEvo	8/7p/4kpp1/5P2/4K1PP/8/8/8 b - - 0 49	g6f5 g4f5 e6d6 h4h5 d6c5	2317	0g0h0p101e
adD83	6R1/2k5/Q3p3/3p4/2pbn3/7q/P4P2/6K1 w - - 0 36	g8c8 c7d7 a6b7 d7d6 b7c7	2317	0n0p0r101316
aqZ9m	8/p5k1/4P1p1/7p/3p1bN1/1P1P4/P5K1/8 w - - 1 44	e6e7 g7f7 g4f6 f7e7 f6d5 e7e6 d5f4	2317	00010p0s111w
bA6e3	r4rk1/2q3p1/2pbp3/p2pn3/Np2n3/1P2PP1P/PBQPB3/R3K1R1 b Q - 0 20	e5f3 e2f3 d6g3 e1d1 f8f3	2317	0g0s0w10191n
daexb	5r1k/Q5pp/2p2q2/P2b4/8/4B2P/5PP1/4R1K1 b - - 0 24	f6g6 f2f3 d5f3 g2g4 f3g4	2317	010p101g
dncCR	8/7p/3k4/5p2/1P1pp1P1/3P4/4K2P/8 b - - 0 35	f5g4 d3e4 h7h5 e2d3 h5h4	2317	0g0h0p10111e1l
f1huk	r5k1/6b1/7p/2B2Q2/2p5/1q1n3P/1P4PK/5R2 w - - 1 38	f5d5 g8h7 d5e4 h7h8 e4a8	2317	0g0r0s101119
fgFwe	1r1q1rk1/5ppp/2p2b2/3p4/1Pb5/P1B1QP2/4N1PP/R3R1K1 b - - 3 24	f8e8 c3f6 d8f6 e3f4 c4e2 f4f6 g7f6	2317	01191w
gmbSY	2b5/4q1k1/5p1p/1p1p2p1/pN1P4/P4QP1/1P3P1P/6K1 b - - 0 37	e7e1 g1g2 c8h3 g2h3 e1f1 h3g4 h6h5 g4f5 f1h3 g3g4 h3f3	2317	050g0p1n1w
i52Cn	8/5p2/2p1k1p1/pp4Pp/P1P1PP2/1K5P/8/8 b - - 0 34	b5b4 h3h4 e6d6 b3c2 d6c5 c2d3 b4b3 d3c3 b3b2	2317	000g0p1e1l1w
iOdLC	7k/ppqn2pp/2pbQp2/3p2B1/3P4/5N1P/PPP2PP1/6K1 w - - 2 20	g5f4 d7f8 e6d6 c7d6 f4d6	2317	010p10
jJgmN	2rqr1k1/1bpnbppp/p3pn2/1p2N3/3PNB2/3B3P/PPP2PP1/R2QR1K1 w - - 5 14	e5f7 g8f7 e4g5 f7g8 g5e6	2317	050g0i0y101c1n
jjWDN	5rk1/pp3pbp/3pp1p1/q7/3Bn1bP/1BP2N2/P1P3Q1/2KR1R2 b - - 3 18	a5a3 c1b1 e4c3 b1a1 c3d1	2317	0g0s101119
kmxhi	r5r1/pp2p1q1/1kpbNn1p/5Q2/8/3R3P/PPP3P1/7K w - - 3 29	d3b3 b6a6 e6c7 d6c7 b3a3 c7a5 f5a5	2317	1317191n1w
l0rkq	8/3k1r2/R7/p1P1p3/4P2p/6pK/P7/8 w - - 5 40	c5c6 d7d6 c6c7 d6d7 a6a8 d7c7 a8a7 c7b6 a7f7	2317	000g0j0k0p0r1m1p1w
l6uIR	3r2k1/1p3ppp/p7/5Pb1/P2p3q/1P3N2/B3Q3/R1BK4 b - - 3 29	h4h1 f3e1 d4d3 e2g2 d3d2	2317	00011019
ndEHe	5rk1/5r2/p2p3p/1p4pq/2PN1b2/PP1P3P/4Q1P1/R4R1K b - - 1 27	f4e5 f1f7 h5f7 a1d1 e5d4	2317	0g1019
npEwv	8/2R4p/p1R5/3q1ppk/4p3/PP1pP1P1/6KP/8 b - - 5 35	h7h6 g3g4 f5g4	2317	0g0p111j1l1o
o4nJ7	2r3k1/pp2ppB1/q5p1/3Pn3/4P3/1B3P2/P3Q1P1/5K1R b - - 0 23	c8c1 f1f2 e5d3 f2e3 c1h1	2317	01101119
pQEKp	8/8/p1k5/5pp1/1P2p2P/2K1PpP1/5P2/8 b - - 0 51	f5f4 c3d2 f4g3 f2g3 g5h4	2317	0g0p101e
pwufw	r3k3/pp1n1p2/2n1p2p/1Q1pP1q1/3N2r1/4P1B1/PP3PP1/R4RK1 b q - 3 19	g4g3 f2g3 g5e3 g1h1 c6d4	2317	0g0i0s1019
qoH3F	8/5N1k/2n2Qpp/8/4P3/p6P/2q2PP1/1r3RK1 b - - 1 25	b1f1 g1h2 c2b2 e4e5 b2b8	2317	010p10
rjEZl	4r1k1/pp4p1/2p4p/8/4p1n1/2PQ1PP1/PP2K1P1/4R2q w - - 0 27	d3c4 g8h7 e1h1 e4f3 e2d2	2317	0g0h0p10
sQrHZ	2b1r1k1/p5pp/2p5/3pP1rq/P5P1/2P1RBQ1/8/4R1K1 w - - 0 29	f3d5 c6d5 g4h5	2317	010w191o
sgdrN	3r4/1pq1b1kp/2p3p1/p2P4/2p1N1Q1/6P1/PPP4P/2KR4 w - - 1 24	d5d6 e7d6 e4g5	2317	010p0s1o
tqFhb	r3k2r/p2pbppp/bqp1p3/3nP3/4N3/1P4P1/P1P2PBP/R1BQK2R b KQkq - 0 11	e7b4 c1d2 d5e3	2317	0g11191o
u2UpM	6k1/4Qpqp/2bp2p1/p1p5/1rB4R/5P1P/5P2/6K1 w - - 2 29	e7d8 g7f8 c4f7 g8f7 h4h7 f7g8 h7h8 g8h8 d8f8	2317	050g0i0p1g1w
ua6Dy	1rk5/3R2p1/2P4p/2Q2BP1/7P/K1P2P2/7q/4R3 b - - 2 36	h2b2 a3a4 b2b3 a4a5 b3a2 c5a3 a2a3	2317	0p0r13171w
upntF	5rk1/1q3p2/p2Q2pp/1p6/5P2/4Rb1P/Pb3P2/4R1K1 w - - 0 28	e3e8 f8e8 e1e8 g8h7 d6f8 h6h5 e8e7 b7e7 f8e7	2317	0111191g1w
wEc41	r7/Pkr2pp1/3R2p1/3p4/6P1/4PK1P/8/R7 w - - 15 37	a1b1 b7c8 b1b8 a8b8 d6d8 c8d8 a7b8q	2317	00050g0i0p0r111h1m1n1w
wmHva	5rk1/pp5p/6pP/P2Np3/1P2P3/8/r7/2KR1R2 b - - 2 25	f8f1 d5e7 g8h8 d1f1 a2a1 c1d2 a1f1	2317	0g0p0r1p1w
wq23T	2r1r3/p1q3k1/2pbpp1p/1p2Np2/1P1P4/P3Q2P/5PP1/2RR2K1 w - - 0 29	c1c6 d6e5 c6c7	2317	0g191o
wyo03	8/8/5p2/krR3p1/p7/2K3P1/1P3P2/8 w - - 4 43	c3c4 b5c5 c4c5 g5g4 c5c4 f6f5 c4c5	2317	0g0h0p1g1m1w
x5YSM	6rk/p1RN2R1/7p/3b4/7p/8/r5P1/7K w - - 3 34	g7h7 h8h7 d7f8 h7h8 c7h7	2317	050k0m0p0r1013161n
x5moL	2b2rk1/4Qppp/1p2p3/q3P3/r7/5N2/P4PPP/2R2RK1 w - - 0 25	e7f8 g8f8 c1c8 f8e7 f1c1 b6b5 c1c7 a5c7 c8c7	2317	0105191l1w
xMEFE	2rr2k1/p5p1/bp2pqp1/4N3/3Pp3/1P2Q1P1/P2K1PP1/2R4R b - - 2 24	f6e5 c1c8 a6c8	2317	0g191g1o
xhOFJ	6k1/pp1r1pp1/4qn1p/2p5/2P5/PQ2P2P/1B3PP1/3R2K1 b - - 1 21	e6b6 b2f6 b6b3	2317	0g0p11121o
y0pLD	7r/bp3k1p/p1nBq1pQ/5b2/4pR2/2P5/P4PPP/1R4K1 w - - 2 27	b1b7 f7e8 h6g7 h8g8 g7c7	2317	0g1019
y8YJt	r3k1B1/pp1n1q2/2p1p3/4P1p1/3P1B2/5K2/PPP5/RN1Q4 b q - 0 20	f7h5 f3f2 h5d1	2317	0g191o1p
yfbmM	6k1/8/1PrN2pp/2P2p2/4p3/8/3r1PP1/2R3K1 w - - 1 45	c1b1 c6d6 c5d6	2317	0g0p111l1o
ysmGV	1N4k1/6p1/pRn4r/1p1r4/4p3/P1P5/1P4RP/1K6 b - - 5 40	c6b4 c3b4 h6b6	2317	0g0j0p111l1o
yzDHl	rn1qk2r/1b1nppb1/pp1pB1p1/6Pp/P2NP3/2N1BP2/1PP4P/R2QK2R b KQkq - 3 12	f7e6 d4e6 g7c3 b2c3 d8c8	2317	0g0r1019
00YHj	5k2/1p6/8/4p2B/1R2Pp1p/3r2pP/4K3/8 b - - 2 50	d3e3 e2f1 f4f3 h5f3 e3f3	2318	0g0p10
02cM5	r1bq2k1/3p1N2/p1p1pbn1/2p2p2/4PP1Q/2NP4/PPP4P/R1B2RK1 b - - 0 15	f6d4 h4f2 d4f2 f1f2 g8f7	2318	0g0y1019
1FWXX	8/k1q2p1p/1p2p1p1/p3P3/1PPQ4/P6P/6P1/1K6 w - - 0 32	b4a5 c7c5 a5b6 a7b6 d4d6 c5d6 e5d6 b6c6 c4c5	2318	050g0h0p111g1i1w
1fXg0	4k2r/1p3ppp/5n2/5b2/P3p3/1PN2P2/5rPP/R1K2B1R w k - 1 24	c3d1 f2f1 h1f1	2318	0111191o1t
1nCie	6k1/p6p/8/1P1R1p2/5P2/8/4q3/2KR4 w - - 1 47	d1g1 g8f7 d5f5 f7e6 f5e5 e2e5 f4e5	2318	0g0p0s1j1w
2DBnU	1B6/6p1/p1k2p2/1p1p1P1P/Pb1P4/1P2K3/8/8 b - - 0 45	b5a4 b3a4 c6b6	2318	01080h0p1o
34F5y	8/8/p4r2/8/1P1pk1p1/P2R4/4K1P1/8 b - - 11 51	f6f2 e2f2 e4d3 a3a4 d3c4 b4b5 a6b5	2318	0g0i0p1m1w
4pDBg	r3k3/5ppQ/3q4/1p6/2pPp3/P7/7P/R5K1 w q - 0 32	h7e4 e8d7 e4b7 d7d8 b7a8	2318	0g0p0s10
8Tf2x	8/1p6/1p5R/2p4r/2P1K1k1/PP3p1p/5P2/8 w - - 1 50	h6h5 g4h5 e4f3 h5h4 a3a4 h3h2 f3g2 h2h1b g2h1	2318	0g0p1l1m1w1z
8ZHL3	8/2pr1ppp/pb2k3/2R2b2/5B2/6P1/P4PBP/6K1 w - - 8 31	c5e5 e6f6 e5f5 f6f5 g2h3 f5e4 h3d7	2318	050g0p0r1n1p1w
BZZKN	8/2K1kpp1/1pR4p/3PP3/1r6/7P/p7/8 w - - 0 52	d5d6 e7e6 d6d7 e6f5 d7d8q a2a1q d8d7 f5e4 d7g4	2318	000g0j0k0p11121h1m1w
CDcwb	r3b3/5Bk1/4Q3/2Pp4/1n1P1N2/6P1/1q3PK1/2q5 w - - 1 45	f4h5 g7f8 e6d6 f8f7 d6f6 f7g8 f6g7	2318	0r1317191n1w
D12Xb	5Q2/p2k2n1/1p2p1p1/3nP2p/3P2PP/Pq6/8/5RK1 w - - 4 40	f8d6 d7c8 d6c6 d5c7 f1f8 g7e8 f8e8	2318	0p0x13171g1w
DWfeI	5r2/1p3qk1/p3r3/2Q1p1p1/P1P1P1Np/1P3PnP/4nRPK/1B1R4 b - - 4 35	f7f4 f2e2 g3e4 h2h1 e4c5	2318	0g0j0k0y10191n
FhIPk	8/1b3k2/4N2p/q4r2/2pp2Q1/8/P1p2P1P/4R1K1 w - - 0 37	g4g7 f7e8 e6c7 e8d8 e1e8	2318	0k0m0p0r101316
Figf7	8/p5pk/1p5p/2pq4/3p4/7P/r4PP1/3QR1K1 w - - 2 48	d1d3 h7g8 d3g6 a2f2 g1f2 d5f7 g6f7	2318	010p1w
Gmz64	1R6/1P3p2/4p3/3pP3/3P1k2/1r6/4K3/8 b - - 2 50	f4e4 b8h8 b3b2 e2d1 b2b7	2318	0g0p0r101m
H05gz	r1b1r1k1/pp3p1p/2P3pB/4bn2/2B4q/2N2QP1/PPP2P1P/R4RK1 b - - 0 14	h4c4 c6b7 c8b7	2318	0g0t11191o
JEOMH	5rk1/pp4pp/8/5n2/4N3/P2P4/1PqQ2K1/R1B5 b - - 6 28	f5e3 g2g1 f8f1 g1h2 c2c7	2318	0g0r10191g
JZSn7	3r2k1/p5bp/1p4p1/5p2/2r1q1P1/4P2P/PP3Q1N/R1B2RK1 b - - 0 25	c4c2 f2f3 g7e5	2318	01191o
KI1WD	r2r1bk1/1p1b1pp1/p6p/3n3q/8/PQ2B2P/1P3PP1/1BRR2K1 w - - 0 23	d1d5 d7e6 b3d3	2318	01111c1o
LBSVS	1n1q2k1/3r1pbp/rp1N2p1/3Q4/PB1Pp3/4P3/5PPP/R1R3K1 b - - 2 22	g7f8 d5e4 f8d6 b4d6 d7d6 e4b7 d6d7	2318	01191w
LBfFV	r2qr1k1/ppp2ppp/2bp4/8/4n3/2BB3P/PPP2PP1/R2QR1K1 w - - 0 14	d3e4 c6e4 d1d4 d8f6 e1e4	2318	0g0w1019
LXEbN	r3rbk1/pp3ppp/2p5/3bB3/P5Q1/2P3N1/q4PPP/2R1R1K1 w - - 6 26	e5g7 e8e1 c1e1 d5e6 g4g5	2318	010h101119
MEIyN	2r2rk1/5p1p/p3p1pP/1p1p2q1/1P3RP1/P3Q3/5PK1/2R5 w - - 0 33	c1c8 f8c8 f4c4 b5c4 e3g5	2318	010j0p10
MVOc5	6k1/1p2r2p/p4ppB/P3p2P/6Q1/1P6/3r1qPK/8 w - - 2 36	g4c4 e7f7 c4c8 d2d8 c8d8 f7f8 d8f8	2318	0p13171w
MW6w7	8/kp6/8/K2pN3/3P4/1r2P2R/2r5/R7 b - - 1 45	b3b6 e5d3 b6a6	2318	010p111l1o
NJuCq	4r1k1/pppq2pp/2p2b2/8/2n2B2/2NP4/PPP2PPP/R2Q2K1 b - - 3 16	c4b2 d1d2 b2a4 c3a4 f6a1	2318	010j1019
O7N9M	r1b1k2r/p1p1qpbp/2p3p1/3p4/8/2Q1BP2/PPP3PP/RN2K2R w KQkq - 2 13	c3g7 e7e3 e1d1 c8a6 h1e1	2318	0d0g10191g
OXyuB	8/5N2/8/1p1kp3/8/6P1/5P1P/6K1 b - - 0 39	b5b4 f7g5 e5e4 f2f3 e4e3	2318	010p0z101l
Ox18U	r6r/p1R5/5pk1/1P2pq2/4Nn2/B1Q3P1/P5P1/4R1K1 b - - 0 36	f4e2 e1e2 h8h1 g1h1 f5f1 h1h2 a8h8 c7h7 h8h7	2318	050s1318191n1w
QTXCK	r1b1k3/p2p1r2/4p1QB/3pP3/8/8/PqP2bPP/R4RK1 w q - 0 19	g1h1 b2e5 g6g8 e8e7 h6g5 e7d6 g8f7	2318	010i191w
R0yLW	6rk/1N1P1p1p/p4p2/Pp3Q2/3b1P1q/6rP/7K/1BR2R2 b - - 2 33	g3g2 h2h1 g2h2 h1h2 h4g3 h2h1 g3g2	2318	051317191n1w
RQGgj	8/6p1/8/ppB3kP/2b2RP1/6K1/r7/8 w - - 1 36	c5e3 g5h6 f4c4	2318	0g0j0k0p1l1o
SpaRE	1k5r/pp3pr1/2p5/4PN2/5n2/5Pp1/PP1R2P1/4R1K1 b - - 1 34	g7g5 f5g3 g5g3	2318	010p1o
Sydw5	r1b3nr/ppp1b2p/2kp4/n3p1BB/3PP3/2N5/PPP2PPP/R3K2R w KQ - 1 12	h5e8 c8d7 d4d5 c6b6 g5e3 c7c5 e8d7	2318	0g191w
TjJEe	r3r1k1/3q2p1/p2b2Qp/1p1pp3/1P1PnN2/P3P2P/6P1/2R1BRK1 w - - 0 25	f4d5 e5d4 d5b6 d7e7 b6a8	2318	0g0s1019
Tl753	8/5ppk/6b1/R5Pp/7P/1pp5/2P2B2/1K6 b - - 0 46	g6c2 b1c1 c2d3 a5b5 d3b5	2318	0g0p101l
VGQ5k	r6r/1p1n1pk1/p2p2p1/3Pp3/1P2PPbq/2NB4/P3N1P1/R3QRK1 b - - 2 19	h4h2 g1f2 h8h3	2318	0d0g11191g1o
Yb1a0	8/8/8/p1p1K3/8/1Pk5/P7/8 b - - 2 49	c3b2 e5d5 b2a2 d5c4 a2b2	2318	0g0p101e
Z2RpA	k1nr3r/pp2q3/2p2p1p/2Np2p1/R2P1B1P/Q1P3P1/P3PP2/6K1 w - - 2 27	a4a7 c8a7 c5a4	2318	010h11191k1n1o
a0C5s	2r2r2/pn2bkp1/2n1R2p/2p2p2/5B2/2P2NN1/P5PP/4R1K1 w - - 3 24	e6c6 c8c6 f3e5 f7g8 e5c6	2318	01050s10191n
a9ZrZ	6k1/4q1p1/p6p/1p6/2pP4/1PP1Q3/P4PPP/6K1 b - - 1 31	e7e3 f2e3 c4b3 a2b3 a6a5 g1f2 a5a4 b3a4 b5a4	2318	0g0p1i1l1w
aFdYr	8/4pk1p/3rNrp1/1Q1Pbp2/8/4PBP1/q4PP1/1R3K2 w - - 1 28	b5e8 f7e8 b1b8 d6d8 b8d8 e8f7 d8f8	2318	050u1317191n1w
adFat	r2qkbnr/1Q3ppp/p1n5/2p1P3/8/1P6/PBPP1PPP/RN2K1NR b KQkq - 0 9	g8e7 b1a3 a8a7 b7a7 c6a7	2318	01101c1l1t
b2uc5	8/5k2/2R1n2p/3p2pP/3P2P1/2prBK2/5P2/8 w - - 3 39	c6e6 c3c2 e6c6	2318	0g0p111o
b4afZ	1r5r/p5k1/1p1p1p1q/1PpB1R2/2PbP3/5QP1/P5KP/3R4 b - - 4 30	h6h3 g2h1 h3h2	2318	1315191o
b7lyW	2kr2r1/4bp1p/p1pq4/2pp3N/8/P1QP1n2/1PP1NRPP/R1B2K2 b - - 6 20	d6h2 h5g3 g8g3 e2g3 h2g1 f1e2 f3d4 c3d4 c5d4 c1g5 g1a1	2318	0g191w
d2ZAg	8/p3BQ2/1p4p1/6bp/7k/P1P5/1Pq2r2/KR6 w - - 2 41	f7c4 h4g3 e7g5	2318	0g0i0p1o
dDKiA	3r4/1p6/3r4/p2nk1p1/P1BR1p2/1P3P2/5K1P/3R4 b - - 3 41	d5c3 d4d6 c3d1 d6d1 d8d1	2318	0g0p101y
dNEQh	8/8/3k1p1p/N2p4/2pP4/Pp2B1P1/1P1n3P/6K1 b - - 2 44	c4c3 a5b3 d2f3 g1g2 c3b2 g2f3 b2b1q	2318	000g0p1h1w
dPpj7	r4rk1/1p2qpp1/p1n4p/2b1N2b/2P1N3/3P3P/PP2BPP1/R2Q1RK1 b - - 0 15	h5e2 e5c6 e7e4 d3e4 e2d1	2318	011019
dQnqc	r3r2k/5p1p/p1p1b2Q/2Np3P/7q/1P2R3/2P2P1P/3R2K1 b - - 6 24	h4g4 e3g3 g4d1 g1g2 d1d4 c2c3 d4e5	2318	0g0s191w
davtr	8/6q1/8/7k/2Q3pp/7P/6PK/8 b - - 0 67	g4g3 h2g1 g7a7 g1h1 a7a1 c4f1 a1f1	2318	0p13171i1w
e7KwM	2r2rk1/5ppp/8/Q7/8/2pp3P/P4PPK/2R5 b - - 1 28	d3d2 c1d1 f8d8	2318	000g0h0p1j1o
ebjv0	2k4r/pp1b4/2n2N2/7q/2p5/2P2pPp/PPBQ1P2/4R1K1 b - - 1 30	h3h2 g1h1 d7h3 d2d7 h3d7 f6h5 h8h5	2318	000d0g191l1w
ezN5X	r1b4r/1pq2Q2/p1k1p3/3pb3/2p5/2P1PN2/PP3PP1/R3K2R w KQ - 3 21	h1h8 e5h8 f7e8 c6b6 e8h8	2318	010s1019
fBdfy	2rqk2r/1p3ppp/p3p3/2bnP3/6R1/3Q1N2/PP3PPP/R1B3K1 b k - 4 16	d5f6 d3d8 c8d8 c1e3 f6g4	2318	01101119
fPKs3	2r2rk1/p2nbppp/1p2p2n/2PpP3/P2P1PP1/q1PQ1N1P/3N4/1R3RK1 w - - 2 20	b1a1 d7c5 d3c2 a3a1 f1a1	2318	0110191t
gLd8s	8/4n3/4kp2/3Np1p1/2K1P1Pp/7P/5P2/8 w - - 8 58	d5e7 e6e7 c4c5 e7e6 c5c6	2318	0g0h0p0z10
gNm6p	r1q1k2r/1p1bppbp/2np1np1/p7/2BNP3/2N1BP1P/PPP1Q1P1/R4R1K b kq - 0 14	f6h5 e2f2 c6d4	2318	01191l1o
gUIIO	5rk1/5ppp/8/4R3/1b6/3N3P/5PP1/q1Q3K1 b - - 4 29	a1c1 d3c1 f8d8 f2f4 d8d1 g1h2 d1c1	2318	0g0p0s1l1w
h7hlI	1Q6/5p1k/p4n1p/3p2p1/3P1N2/7P/q4rP1/2R3K1 w - - 0 27	b8f8 f2g2 f4g2	2318	0g0p1o
i8gRR	8/1N6/P7/1n1k4/2p1p3/4P1K1/8/8 b - - 0 61	c4c3 b7a5 c3c2 a5b3 d5c4 b3c1 c4c3 g3f4 c3b2 c1e2 b5c3 e2c3 c2c1q	2318	000g0i0p0z1h1w
iTjIf	5r1k/1p1bb1pB/4pp2/3p4/3P3N/q2Q4/5PPP/5RK1 w - - 5 23	h4g6 h8h7 g6f8 h7g8 d3a3	2318	010k0m0s1019
kgeOj	5r2/1pp4k/7p/p6q/3P4/1Q5P/PP2p1R1/2K3R1 b - - 3 33	f8f1 c1c2 h5f5 b3d3 e2e1n c2c1 e1d3	2318	000g0k0m0p0s1h1v1w
kh4mF	8/Q4kpp/4pp2/8/3P4/2P5/Prq2PPP/4RK2 b - - 0 28	f7g6 d4d5 c2d3 f1g1 b2b1 a7e3 d3e3	2318	010h0p1g1w
ktsdt	4r3/5k2/p4P1p/1b2B1p1/1bN5/1P2R2P/5PP1/6K1 b - - 0 35	b5c4 b3c4 b4c5	2318	010p111o
mYYcJ	3rr1k1/p1p2pp1/8/4q2p/8/1Q6/PPP3PP/R4R1K w - - 0 22	b3f7 g8h7 f1f5 e5e1 a1e1	2318	010p10
msILt	1r1q2k1/4p3/pp1p2p1/2pP2bp/2P5/4r1NR/PP6/1K1Q3R w - - 2 26	h3h5 g6h5 d1h5 e3e1 h1e1	2318	0g10191n
naURE	1k1r3r/1pp3p1/8/R3p3/1P2Q3/3q2Pp/5P1P/5RK1 w - - 0 25	e4d3 d8d3 f1a1 b7b5 a5a8 b8b7 a8h8	2318	0g0p1l1p1w
oYgHi	8/1p6/p2k4/P4p2/1PP1p1pp/4P1PP/5K2/8 b - - 0 51	g4h3 g3h4 f5f4	2318	0g0p1e1o
pYERh	r4bnr/ppp2kpp/2np4/6q1/3pP3/2P2b2/PP4PP/RNBQK2R w KQ - 0 9	d1b3 d6d5 c1g5	2318	0g1c1o
rCyjg	r1b2rk1/pp1p1pp1/2np1n1p/8/2B1P3/2N2QPq/PPP2P1P/R1B2RK1 b - - 1 11	c6e5 f3e2 e5c4	2318	010s1c1o
sAiYW	2rq1k1r/pQp2pb1/3p1pnp/3P4/B7/8/PP2RPPP/2R3K1 w - - 6 21	c1c7 c8c7 b7c7	2318	0g191o
sfIFN	5k2/5p2/8/pNp2nP1/3p1P2/3Pr3/PPPQ2Br/2K5 b - - 0 32	e3g3 g2f1 h2d2	2318	010p1o
tF2wB	8/8/1p3K1p/p5pP/P3P1P1/3k4/8/8 b - - 0 53	d3e4 f6g7 b6b5 a4b5 e4d5 g7h6 a5a4	2318	0g0h0p1e1w
tUhxT	rnb1kbr1/pp2np2/3p1Bpp/q1pNp3/2P5/3P2P1/PP1QPPBP/R3K1NR b KQq - 5 9	a5d2 e1d2 e7d5 g2d5 b8d7	2318	0g1019
tpb4g	5k2/6p1/5p2/3pP1PP/1pp5/4K3/1P6/8 w - - 0 39	g5f6 g7f6 e5e6	2318	0g0p1e1o
uqSFC	r2qrnk1/pp2bpp1/2p2nbp/3p4/3P2PB/2NBPP1P/PPQ1N3/4RRK1 b - - 0 15	f6g4 h4e7 d8e7 f3g4 e7e3	2318	0g0y101119
vO7Pb	8/7p/5ppk/1pQ2q2/8/KP2P3/P7/8 w - - 2 40	c5f5 g6f5 a3b4 h6g7 a2a4 b5a4 b3a4 g7f7 a4a5	2318	0g0h0p1i1w
vmk0R	8/8/5pp1/1pk5/p4P1p/P2K1P1P/1P6/8 b - - 3 47	b5b4 a3b4 c5b4 d3c2 b4c4	2318	0g0h0p101e1z
wxrUz	r2q1rk1/1b4pp/p2p4/1ppP1pN1/4N3/bP6/5PPP/1R1QR1K1 w - - 0 21	d1h5 h7h6 h5g6 h6g5 e4g5 d8g5 g6g5	2318	01191n1w
z9Rrb	3r1r2/ppp2pRR/5k1n/4pP2/2Q1P3/2B5/1K6/3q4 w - - 6 29	c4e6 f7e6 g7g6	2318	1315191n1o
z9tey	8/p5kp/8/6p1/4PP2/P1pp2P1/7P/3K4 w - - 0 36	f4g5 g7f7 h2h4	2318	0g0h0p111e1o
zJjky	2nkr2r/p5pp/3p1p2/8/3q1PQ1/1P6/P5PP/2R4K w - - 0 25	c1c8 d8e7 c8c7 e7f8 g4g7	2318	0p0r101316
zsesm	r3r1k1/pp3p2/2p3pp/3pb1qn/8/2PB3P/PP3PPB/R1Q1R1K1 w - - 0 22	e1e5 e8e5 f2f4 e5e1 c1e1	2318	0g0s10191n
0PAuU	r1b2rk1/ppppnppp/8/q3P3/1bB2P2/P1N5/1PPB2PP/R2Q1RK1 b - - 0 12	a5c5 g1h1 b4c3 d2c3 c5c4	2319	0g0s101c
15paP	2kr2nr/pp3ppp/2n5/q2PN3/1b4b1/2N1B3/PP2BPPP/R2QK2R b KQ - 0 11	b4c3 b2c3 a5c3 e1f1 g4e2	2319	0g0s1019
1SfiB	8/5kB1/p6P/1p1P1pp1/1n6/6K1/8/8 w - - 1 51	g7c3 b4d5 h6h7 d5c3 h7h8q	2319	00010p101h
1b1dR	3rr3/5pk1/p2q2p1/6P1/3pnp2/1B6/PPP4Q/2KR3b w - - 1 29	h2h6 g7g8 d1h1 d6e5 h6h7 g8f8 h7f7	2319	0s1317191w
1iaoa	2k5/1ppq4/P4p1r/1P2p3/P2pP2p/3P1p1P/2Q2Pr1/R1R4K w - - 2 31	c2c7 d7c7 a6a7	2319	000g0p1g1k1n1o
2WOo0	8/7R/4ppp1/5k2/5P2/4K1P1/6r1/8 w - - 0 52	e3f3 g2g1 h7h1 g6g5 h1g1	2319	0g0p101m
2iikV	2kr3r/2pq3p/R4p2/p3p3/6p1/5P2/2QP1P1P/2B2RK1 b - - 1 24	g4f3 g1h1 d7b5 a6a8 c8b7	2319	0g0s1019
3qGAT	2rr2k1/4q1pp/p2bp3/5p2/1P6/P3PP2/1B2QP1P/R4RK1 b - - 2 21	e7g5 g1h1 g5h5 f3f4 h5e2	2319	0g0y1019
4zgx4	r3b3/1k4p1/4p2p/1p1p1p2/rPqB3P/P2R3R/1KP1QPP1/8 b - - 7 31	a4a3 d3a3 c4e2 a3a8 b7a8	2319	0g1019
5M1QI	r1b2rk1/pp3pp1/1qpp1B1p/4p3/2B1P3/2NQ4/PPP3PP/R4n1K w - - 0 15	a1f1 g7f6 d3g3 g8h7 f1f6 b6d8 g3h4 d8f6 h4f6	2319	010w191w
5pmA6	2kr4/pp4p1/2p2pp1/4b3/P3P1qP/2P1P3/1PQ4P/3RK2R b K - 2 25	e5g3 h2g3 g4g3 c2f2 d8d1 e1d1 g3f2	2319	0g0i0p0r1n1w
6FWyM	8/5kp1/4p1p1/2Ppp3/Q3q2P/7K/6P1/8 w - - 6 45	a4e4 d5e4 h3g3 f7e7 g3f2	2319	0g0h0p1011121i
71CGC	2rq1rk1/pb3ppp/3b1n2/2p5/3pPB2/5BN1/PPQ2PPP/3R1RK1 w - - 2 18	f4d6 d8d6 e4e5 d6e5 f3b7	2319	0g0j1019
8ZjiK	3r1q2/7k/p2N4/4Q1Pp/4P3/KP6/P4r2/6R1 w - - 7 32	g5g6 h7h6 g6g7 f2a2 a3a2	2319	000g0p10
9hLnW	2k4r/2p1bp1p/p7/1p1BP3/2q2Pp1/2P1K1B1/1P1Q1P1P/3R3R b - - 2 22	e7c5 d2d4 c4d5 d4c5 d5c5	2319	0110191g
A0HrN	8/8/8/8/5P1p/6k1/4K3/8 b - - 3 51	h4h3 f4f5 h3h2	2319	000g0p111e1o
B6uas	1k1r1bnr/1ppqpppp/p7/8/1QBP1Bb1/2P1PN2/PP3PPP/R3K2R b KQ - 0 11	g4f3 g2f3 e7e5 b4b3 e5f4	2319	011019
C5BDQ	R7/P7/5p2/5k2/6pK/8/r4P2/8 b - - 1 47	a2a3 f2f3 a3f3 a8b8 f3h3	2319	0p1013161m
CWN2S	8/1k4pp/2p2p2/P1Bp1P2/3PnKP1/4P2P/8/8 b - - 6 41	e4c5 d4c5 b7a6 e3e4 d5e4	2319	0g0p10
CnS6I	5rk1/pp4pp/2q5/8/3rPP2/P2p4/1PbQ3P/2RBR2K w - - 6 28	d1c2 d4e4 c2b3 e4c4 d2g2	2319	0g10191g
DJADS	r2qkb1r/4pppp/p2p1n2/4n3/2p1PP2/P1P4P/B1QN2P1/R1B1NbK1 w kq - 0 16	f4e5 f1d3 e1d3 c4d3 c2b3 e7e6 e5f6	2319	01191w
Dj5MM	r6k/1p2b1p1/2b1Q1P1/2qn4/8/pP6/P2B4/1K2Rr2 w - - 0 32	e6h3 e7h4 h3h4 h8g8 h4h7 g8f8 h7h8	2319	0s1317191w
EjPJI	8/5k2/p7/5P1p/P7/1P2bK2/8/8 w - - 0 57	f3e3 f7f6 b3b4	2319	0g0h0p11121o
FMn2v	r4rk1/pp3p2/5b1Q/2p1nq2/3pR3/3P1NP1/PPP2PKP/R7 w - - 3 19	e4f4 f5g6 f4f6 g6h6 f6h6	2319	0g1019
FUrvg	6k1/4R3/5pN1/1N5p/4P1PK/r7/7P/4n3 b - - 2 42	e1g2 h4h5 a3h3 g6h4 g2f4 h5h6 h3h4	2319	0i0p13171w
FaSSW	6k1/pp1n2B1/2pb2Q1/5r1n/3P4/6P1/PP3NKP/q7 w - - 0 30	g7e5 h5g7 g6g7	2319	0j0k1315191o
GLM3z	2r2r2/pp6/2b1knQ1/7p/3p1B1P/2P3P1/PPB2qP1/1R5K w - - 0 31	g6f5 e6f7 c2b3 f7e7 f4d6 e7d6 f5f2	2319	010j0r191w
Grc1Q	7k/q1N2bp1/8/P3p2p/1Q6/KP6/8/8 w - - 5 52	b4b6 a7b6 a5b6	2319	0g0p1o
HAtKY	4r2k/1pp3p1/p4BQp/5P2/1P6/P2r1K2/8/6b1 w - - 5 46	f3g2 d3d2 g2h1	2319	0g0h0p1o
Hu4Kh	8/8/6k1/pp1p4/2PKp2P/PP6/8/8 b - - 0 41	d5c4 b3c4 b5b4 a3b4 a5a4	2319	0g0h0p101e
JuzHW	2r1k3/1pq2rp1/5p2/4pP2/3p4/BB1P4/P1P4R/1K6 w - - 3 33	h2h8 e8d7 b3e6 d7c6 h8c8	2319	010i0p0r0s101g
JxZIw	r2q1rk1/pb3pp1/2B2b1p/4p3/1Pn5/5Q2/P1PP1PPP/RNB2RK1 b - - 0 14	e5e4 c6e4 b7e4 f3e4 c4d6 e4d5 f6a1	2319	01191t1w1y
Jyvb7	r1bq1rk1/ppb2pB1/2p1pn2/2P5/4N3/P2B2P1/1P3P1P/R2QR1K1 b - - 0 17	g8g7 e4f6 g7f6	2319	010t191o
KLiqr	4r1k1/2p2pp1/5q1p/2Q5/2P1R3/P1P2P2/1r4PP/2R3K1 b - - 0 27	e8e4 f3e4 f6g6 c5f2 b2f2	2319	0g0p1011
KOHQb	8/5k2/4p1pp/4K3/6PP/5P2/8/8 w - - 1 53	g4g5 h6g5 h4g5 f7e7 f3f4 e7f7 e5d6	2319	0g0p1e1l1w1z
KvZOU	2r1r1k1/3q1ppp/8/R6Q/2P5/1P5P/4RPPK/8 b - - 2 31	d7c7 e2e5 f7f6	2319	010p1o
Lfayv	8/8/2p1p1k1/1PB1PpP1/8/1K4p1/8/8 b - - 0 70	c6b5 c5e3 g3g2 b3b4 f5f4 e3g1 g6g5 b4b5 g5f5	2319	00080g0p0v1w
M39h3	8/8/p2k2Pp/P4p2/2P2K2/8/4n1P1/8 w - - 0 42	f4e3 e2c3 g6g7	2319	000g0h0p0z1o
MIfkH	2r1kb1r/pp1b1ppp/4p3/3pP3/1n6/1QN2N2/P3BPPP/q1B2RK1 w k - 5 14	c1b2 c8c3 b3c3 a1a2 f1a1 a2a1 b2a1	2319	01191t1w
MW0ZN	r4rk1/2p2ppp/p2p2n1/1p1P4/4P1n1/1BR2NNq/PP3P2/R2Q2K1 b - - 2 20	g6h4 f3h4 h3h2 g1f1 h2f2	2319	0s101316191n
Np3M8	8/6k1/4ppp1/4P2p/5P2/5PKP/8/8 b - - 1 38	f6e5 f4e5 g6g5 f3f4 g7g6 f4g5 g6g5	2319	0g0p1e1l1w
OymsH	4r1k1/2Q2p2/3N3p/p6q/P1B2Bn1/1P1p2P1/4nPK1/R4R2 b - - 4 32	e2f4 g3f4 h5h2 g2f3 h2h3	2319	0q10131619
PjKC0	r1b2r2/pp1p1kpB/4p3/2p3qQ/1nP5/1P2P3/P4PP1/RN2K2R b KQ - 2 14	g5h5 h1h5 g7g6 h5g5 b4c2 e1d2 c2a1	2319	010s191w
RTdgV	2k1rn2/ppp3p1/4N1q1/7r/3P2Q1/2P4P/PP2RPK1/R7 b - - 0 25	e8e6 e2e6 f8e6 g4g6 e6f4 g2g3 f4g6	2319	010s191n1w
RyXc2	3n2k1/b6p/p1bp1ppB/2qNp3/2P1P1B1/P6P/6P1/1Q5K w - - 2 35	h6e3 c5c4 e3a7 c6d5 e4d5	2319	0110191p
Srfrb	8/p4Q2/6Rp/2p5/2Pp1P2/4qkP1/4r2P/5K2 w - - 1 41	f7d5 e3e4 d5h5 f3e3 h5e2	2319	0p101316
TJks5	rn1qkbnr/pp1b1ppp/8/8/2B1p3/1Qp5/PP3PPP/R1B1K1NR w KQkq - 0 9	c4f7 e8e7 f7g8 d8a5 b3f7 e7d8 f7f8	2319	01040i111c1w
TWpW8	3rr3/3kq3/QR3Rp1/8/P6p/8/6PP/6K1 b - - 0 31	e7c5 g1h1 e8e1 f6f1 e1f1 a6f1 c5b6	2319	0g0p1w
UwstB	5nr1/1ppk2pp/p2p1p2/3P4/P1RNr3/4P3/1P4PP/5RK1 w - - 0 24	f1c1 c7c5 d5c6 b7c6 c4c6 f8e6 d4f5	2319	0g0o0p1l1w
V8S9J	8/8/2k5/5p2/5Pp1/6K1/7P/8 w - - 0 49	g3h4 c6d5 h4h5 g4g3 h2g3	2319	0g0p101e
V9eTw	r6r/5nk1/1qnNp1p1/p2pP1B1/1p1P2P1/7Q/PP5P/5RK1 w - - 0 28	f1f7 g7g8 f7g7 g8g7 g5f6 g7g8 h3h8	2319	051317191n1w
Vd66P	1r4k1/5ppp/8/p3rN1q/1p2Qn1b/3p1P2/PP3P1P/3RRB1K w - - 0 32	e4f4 h5f5 f4e5 f5e5 e1e5	2319	0g0t101119
Vkv43	8/p7/R7/1n1rpkp1/1P3pR1/P4PP1/4K3/8 b - - 0 42	b5d4 e2f2 d4f3	2319	0g0p1o
Vl07B	3r2k1/p5pp/2R1pb2/2Rr4/3P4/2P5/P4PPP/2B3K1 b - - 0 21	d5c5 c6c5 d8b8 f2f4 b8b1 g1f2 b1c1	2319	010p1g1l1w
W8eCD	8/6pp/2p5/Ppk5/5K2/P6P/6P1/8 b - - 0 38	c5d6 a5a6 d6c7 f4e5 c6c5 e5d5 c5c4 d5d4 c7b6	2319	0g0p1e1l1w
WBueW	r4r2/pp1Q3n/1q5p/4B1pk/2B2p1P/8/PPb2PP1/R5K1 w - - 2 23	c4e2 f4f3 g2g4 h5h4 e5g3 h4h3 e2f1	2319	1317191w
Xhi3u	8/p7/5p2/3p1kp1/5p1p/P1PN1K2/2P2P2/8 b - - 3 38	h4h3 f3e2 h3h2	2319	000g0p0z1o
ZBsU8	8/7p/2pk3P/1p3pp1/P1PK1p2/8/5PP1/8 w - - 0 33	c4b5 c6b5 a4b5	2319	0g0p111e1o
ZnMIN	8/8/1k2p1p1/p3P1P1/1pK2P1p/7P/P7/8 b - - 0 41	b6c6 c4d4 a5a4 d4c4 b4b3 a2b3 a4b3 c4b3 c6d5 b3b2 d5e4	2319	0g0p1e1l1w1z
coHpK	6k1/r4rbp/2p2p2/p1PpPN2/1p1P2Q1/1P1q4/P1nB2RP/6K1 w - - 2 30	f5h6 g8h8 g4c8 f7f8 c8f8 g7f8 g2g8	2319	0s1317191n1w
cq9I9	2k3rr/1p6/p1p1p3/P4p2/3P2n1/6q1/1PP1Q2P/R3R1BK w - - 0 27	e2e6 c8b8 e6g8 b8a7 d4d5 g3g1 h1g1	2319	010j0k191w
dv65Z	8/4R3/k2P4/P3n3/6p1/4p3/2r5/1R3K2 b - - 5 43	c2f2 f1e1 e5d3 e1d1 f2d2	2319	0p0r1013161x
exfBY	4r2k/ppp2Qpp/7q/2bP4/2P2R2/2N5/PP4PP/4rR1K b - - 2 26	c5d6 g2g3 d6f4 f1e1 e8e1	2319	0g0y1019
f0rcP	r1bq1rk1/ppp2ppB/2n5/2bpP3/5B2/5N2/PPP2PPP/R2QK2R b KQ - 0 10	g8h7 f3g5 h7g8 d1d3 g7g6	2319	010h0t101c
f2Kme	rn1qk2r/8/pp1bp3/2npNbpp/5B2/2P1P2P/PP2BPP1/R2Q1RK1 w kq - 0 16	e2h5 e8f8 e5f7 g5f4 f7d8	2319	010s1019
fK6RC	8/2k1b3/8/4Pp2/3N1P1p/1p1P3P/2PK4/3r4 w - - 0 44	d2d1 b3b2 d4b5 c7c6 b5c3 e7c5 d1e2	2319	0g0h0p0r0t1l1w
fhAcj	2rR2k1/p1q2ppp/2b5/1BB5/P3p3/1nP1P3/4QPPP/R5K1 b - - 0 22	c8d8 a1d1 c6b5	2319	0g1112191o
gqeSp	2r2n2/pp1k4/4p3/2ppPpb1/Pq6/1PNP4/2P1K3/1R2B2Q w - - 2 30	c3e4 b4d4 e4g5 d4g4 g5f3	2319	010h1019
hw4oW	1R6/5qpk/pb5r/1p2Pp2/3N4/2P5/PP2Q1PP/7K b - - 3 35	b6d4 c3d4 f7c7 e2f2 c7b8	2319	010p10
i3TU5	2r3k1/4np1p/pq2pQp1/1p2Pn2/3p1BP1/8/PP3PKP/2R1R3 b - - 0 27	b6b7 f2f3 e7d5	2319	01191o
isqG6	Q7/2p2pk1/3b4/6pP/1P6/P1P2K2/R2N1P2/3rr3 b - - 0 33	f7f5 d2f1 g5g4 f3g2 e1f1	2319	0g0p0r101l
jTrHQ	8/7p/1Q5P/p7/P1p1r3/2kp4/6PK/8 b - - 0 50	d3d2 b6a5 c3d3 a5d5 e4d4	2319	000g0h0p101j
ju1OC	r1bq1r2/pppp1Bpk/2n4n/2b4Q/3pP3/8/PPP2PPP/RNB1K2R w KQ - 0 9	c1h6 f8f7 h6g5 h7g8 g5d8	2319	0g0j0k101c
kJsS7	5rk1/6b1/p3bBQp/3p2p1/8/2Pp3P/1q6/RB2R1K1 b - - 0 33	f8f6 g6e8 g7f8	2319	0g0h191o
kQXaB	r2q1rk1/p4pp1/2p4p/2b1p3/4nB2/2PP1B1P/PP3P1P/R2Q1RK1 b - - 0 17	e4f2 f1f2 c5f2 g1f2 e5f4	2319	0g0y1019
l3kWP	r1bq3r/pp1nk3/2n1p1Q1/3pP1b1/3PN3/8/PP3PPP/R3K2R w KQ - 0 15	g6g7 e7e8 e4d6	2319	0f0s1315191o
mbh3y	7k/p1p2rp1/3p1r2/2p2Pq1/4QR2/1P5p/P1P4P/5R1K w - - 0 34	f1g1 g5f4 e4f4	2319	010p1o
mc2wl	r3k2r/ppp2ppp/8/2b1Pb2/1P2p2q/2P5/P1QN1PPP/R1B2RK1 b kq - 0 12	c5f2 f1f2 h4f2 g1f2 e4e3 f2e3 f5c2	2319	050g0y191n1w
mwbKx	3rk3/1b5p/p5p1/1pp5/P1p1rP2/2P5/6PP/3BRRK1 w - - 0 26	d1f3 e4e1 f1e1 e8f8 f3b7	2319	010p0r10111g
nZhtS	r3r3/5p2/p1k5/1p1b4/7Q/1P1R3P/P1q3P1/4R2K w - - 0 38	h4f6 c6b7 e1e7 e8e7 f6e7 c2c7 e7c7 b7c7 d3d5	2319	010e191w
nbeGf	r1bq2k1/ppp3r1/4pb1Q/3nN3/3P2p1/B1PB4/P4PPP/R3R1K1 b - - 1 19	f6g5 h6h5 d5f6 d3h7 f6h7	2319	011019
neAj3	rn1q1rk1/4pp1p/p2p2p1/1p1b2B1/2p1N3/PP2PN2/2P2PPP/Q4RK1 w - - 0 14	g5e7 d5e4 e7d8	2319	01191o
nz4tV	r1b2rk1/pp3pp1/8/q7/2P1N3/bPp2Q1P/5PB1/1K1R3R w - - 0 22	e4f6 g7f6 d1d5	2319	0g191n1o
oS69z	8/8/2p4k/2Pp2q1/3Pp1bP/2N1P3/P7/2Q3K1 b - - 0 37	g5h4 c1d2 h4g3 d2g2 g3e3	2319	0g0i0p0r10
orA6V	r1b2rk1/p3ppbp/6p1/q2R2B1/4N3/5Q2/PPP2PPP/5RK1 b - - 0 14	a5d5 e4f6 e7f6 f3d5 c8e6 d5a5 f6g5	2319	010t191w
pBW3D	r2q1rk1/pp5p/3pp1pB/2pPbP1n/2P5/3B4/PP4PP/1R1Q1RK1 b - - 1 16	d8h4 g2g3 h5g3	2319	0g191o
pIEWa	r3r2k/p1p2Qp1/7p/6q1/2B1b3/5P2/PPPR2PP/2K1R3 b - - 2 20	e4g6 e1e8 a8e8 f7e8 g6e8	2319	0110191y
q7FNl	5rk1/pp2bqpp/4p3/2B1Q2n/4P3/2NP4/PPP3PP/R5K1 b - - 0 16	e7f6 e5d6 f8d8 d6d8 f6d8	2319	0110191t
rVE08	4rr2/2p3kp/p2b1qp1/1p1Q4/4N3/1P1P3P/1PP2PP1/R1B1R1K1 b - - 0 21	f6f2 e4f2 e8e1	2319	0y1315191f1n1o
rqxSu	8/8/1k2p1pp/2p1p3/K1P1PP1P/6P1/8/8 b - - 0 52	e5f4 g3f4 e6e5 f4f5 g6f5	2319	0g0p101e
rvsVh	8/8/1p5k/p1p3pp/P1Pb4/3q2P1/3R3P/2QK4 b - - 7 44	d3f1 d1c2 f1c4	2319	0g0p0v1o
t3Wai	4n3/p2r3p/1p1Pkpp1/3R4/3K4/B6P/PP3PP1/8 b - - 5 31	e8c7 d6c7 d7d5 d4c4 b6b5 c4b3 e6d7	2319	0g0p1t1w
twLx2	1r3rk1/1p1qnp1p/p1nNp1pQ/3pP3/6B1/8/PP3PPP/R2R2K1 w - - 2 19	d6e4 d5e4 d1d7	2319	0g0j11191l1o
uC4Wd	k3r1r1/p1p3q1/3p4/pQ4b1/3p3p/3P3P/1P1B1RP1/5RK1 w - - 2 30	b5c6 a8b8 f2f7 g5e3 d2e3 g7g2 c6g2 g8g2 g1g2	2319	0g191w
uxaJA	8/8/n7/3p4/pp6/4N3/2NK4/1k6 b - - 3 48	a4a3 e3d5 a3a2	2319	000g0p0z1o
v94uU	3r1rk1/5ppp/p1q5/4Q3/8/7P/PP2RPP1/R5K1 b - - 0 22	d8e8 e5h5 g7g6 e2e8 g6h5 e8f8 g8f8	2319	010p1w
vOO59	8/5pp1/4p2p/3pPP1P/pp1k2P1/4N3/3K4/8 w - - 1 44	g4g5 h6g5 f5f6	2319	0g0p0z111o
vQY5W	8/8/P7/8/2k5/1p6/2p5/2K5 w - - 0 63	c1d2 c4c5 a6a7	2319	000g0p1e1o
w4bj3	3R4/1b3p2/p1r1rpkp/2p1pN2/1p6/1P2R3/1P3PPP/6K1 w - - 6 28	d8g8 g6f5 e3f3 f5e4 g8g4 e4d5 f3d3	2319	0p0q13171n1w
xZ7sm	5rk1/1pR1Rp2/1q4p1/pP3p1p/P1Qr4/7P/5PP1/6K1 w - - 0 36	e7f7 b6c7 f7f8 g8f8 c4c7	2319	0g0k0m0p10
z2gDn	2kr4/pppbb2r/6P1/5p2/5P1p/1P1P3K/P3Q3/qNB1R3 w - - 1 23	c1b2 a1a2 g6h7	2319	0001191o
zVHAZ	4k3/1p3p1Q/p3p1p1/3pP3/P3q2b/1P6/2r3NP/5R1K w - - 1 29	h7f7 e8d8 f7f8 d8c7 f8d6 c7c8 f1f8 h4d8 d6d8	2319	040p13181w
0oD99	8/p7/3p4/1Ppb4/4k3/P1P5/2K5/5B2 w - - 0 48	f1g2 e4e5 g2d5 e5d5 c2b3 c5c4 b3b4	2320	080g0p11121w
0vsAX	2k4r/pp3Pp1/8/8/2NN1bp1/2P2P2/PP5r/R4RK1 b - - 0 26	h2h1 g1f2 h8h2 f2e1 f4g3 e1d1 h1f1	2320	0i0r1317191w
11ovK	8/8/3R2pp/5p1k/p4P2/P2K2PP/4r3/8 b - - 2 45	e2g2 g3g4 f5g4 h3g4 g2g4	2320	0g0p101m
1BNnp	6k1/p4ppp/8/1PP5/2R5/2br3P/5PP1/4K3 w - - 1 33	e1e2 d3d2 e2e3 c3a5 c4a4 d2d5 a4a5	2320	0g0h0p1w
2GPHz	2kr4/ppp2p1p/4n3/4P3/2P1Qq2/7P/PP2K1B1/7R w - - 0 27	e4b7 c8d7 g2c6 d7e7 b7b4 d8d6 e5d6	2320	0g0p1k1w
2QqVL	4r3/1p3kp1/2pQ4/p3p1Pn/P3P3/2q2P2/3RK3/8 w - - 0 38	g5g6 f7g8 d6e6 e8e6 d2d8 e6e8 d8e8	2320	0d0p13171n1w
3620L	2r3k1/2q2prN/1n4pQ/p2Pp3/1pp1b3/8/B4PPP/3R2K1 w - - 1 33	h7f6 g8f8 d5d6 c7d6 d1d6	2320	0g0s1019
3Q8fH	7k/1b3Bpp/1n3q2/2R5/1p1p4/1Q1P2P1/1B2rP1P/5RK1 b - - 0 26	f6f3 f7d5 b6d5 b3d5 b7d5 c5c8 d5g8	2320	0g191w
3wOf8	r2qkb1r/pppb1ppp/2np1n2/6B1/2B1P3/2Q2N2/PPP2PPP/RN2K2R b KQkq - 4 7	d6d5 e4d5 f8b4 d5c6 b4c3	2320	010d101c1g
4K48Q	6r1/1b3qrk/4p3/pp1pQ3/2pP3N/P3P1P1/1P4R1/6K1 w - - 7 40	g2h2 g7g3 h4g2 h7g6 e5g3	2320	0g0j0k0r0v0w10191l
4a3he	r1bq1rk1/pp4p1/1bn4B/5p1Q/4N3/2P5/P4PPP/R4RK1 w - - 0 19	h5g6 f8f7 e4g5 d8f6 g6h7 g8f8 h7h8	2320	010y191g1w
5fonc	1r4k1/2p1qpp1/7p/2b5/p4P2/2PQ2P1/PP5P/1BK2R2 b - - 3 23	c5e3 c1c2 b8d8 f1e1 d8d3	2320	010p10
5nsvq	r1bqkbnr/2p2pp1/p2p3p/1p2n1N1/3QP3/1B6/PPP2PPP/RNB1K2R w KQkq - 0 9	g5f7 e5f7 d4d5 d8d7 d5a8	2320	01040s10191n
5uX1I	6rk/7p/4b1p1/4Pp2/1rpqpP1Q/6RP/1P4PK/4R3 w - - 0 37	h4f6 g8g7 f6f8 e6g8 f8b4	2320	0g0s1019
6Yc0C	rn5k/1p3Rb1/p1ppQ2p/8/P1P1N1K1/6P1/1P6/4q2q w - - 0 27	e6e8 h8h7 e4f6 h7g6 f7e7 g6f6 e8f7	2320	0j0k0r1317191n1w
6bCp8	8/7p/8/2k2K1P/p3N3/8/8/8 b - - 1 54	c5b4 h5h6 a4a3 e4f6 a3a2	2320	000g0h0p0z10
6cSX5	2r5/8/p1P5/2K1k3/1PP2pP1/5P2/8/8 w - - 1 47	b4b5 a6b5 c4b5 c8d8 c6c7	2320	000g0p101m
6fna4	2krqb2/p2b1p2/2n1pQp1/1p1pP3/2pP2PN/2P5/PP1NBPP1/R3K3 b Q - 0 19	f8e7 f6f4 g6g5 f4e3 g5h4	2320	010s1019
6rPSO	6k1/2P2p2/3bp3/4N3/3q4/8/2Q2PP1/6K1 b - - 0 35	d4a1 g1h2 a1e5 g2g3 d6c7	2320	0g0p0s10
6sAqA	1r1r4/p1q3k1/5bp1/2p1p2p/2Q5/P2n1P1P/NP4P1/1R1R2BK b - - 1 27	d3b2 d1d8 b2c4 d8b8 c4b6 b8b6 a7b6	2320	010s191l1w
7Qm8R	2rqkb1r/pp3p1p/3p2b1/3Np3/6Q1/2N5/PP1K1PPP/n4B1R w k - 0 17	d5f6 d8f6 g4c8 f6d8 f1b5 e8e7 c3d5	2320	0i1317191w
7venx	r2q1r2/p1pp3k/1p5p/4Bp1Q/2B5/8/PPb2PPP/R5K1 w - - 1 18	c4g8 f8g8 h5f7 g8g7 f7g7	2320	101316191n
80xh4	r4r1k/pp4p1/2p4p/P2p1b2/3Qp3/1BP1B2R/2P3PK/4q3 w - - 2 28	e3h6 f8f6 h6d2 f5h3 d2e1	2320	010j0k10191g
88Kan	r4rk1/q4p2/p1p1n1pp/1p1pPQ1B/2p2P2/P7/1P4R1/3R3K w - - 0 24	h5g6 f7g6 f5e6 g8h8 g2g6	2320	0g0i0w0y1019
8ESzH	N2k1b1r/pp4pp/2bp4/4n3/6nq/2NB1P1P/PPP3P1/R1BQR1K1 b - - 0 17	e5f3 d1f3 c6f3	2320	010y191o
91hyU	r2q1rk1/p1p3pp/1pPp4/3Pbb2/4N3/1B1Q1R1P/P5P1/1R4K1 w - - 2 22	b1f1 g7g6 g2g4 f5e4 f3f8 d8f8 f1f8 a8f8 d3e4	2320	0g0s191l1w
9OnRL	8/p7/1p5p/4ppk1/1PP5/4K2B/8/8 w - - 1 41	c4c5 b6c5 b4c5 g5f6 c5c6 f6e7 h3f5 e7d6 f5e4	2320	080g0h0p1w
9pmwQ	R2Rn3/6p1/4Q2k/1p4r1/1PpP1pB1/2P4q/5P2/6K1 b - - 0 37	g7g6 d8e8 g5g4 e6g4 h3g4	2320	010h10191g
Crbu1	2b3Q1/8/p6p/5p2/2pp3k/P3n3/1qrN2P1/4R1K1 w - - 0 46	d2f3 h4h5 g2g4 e3g4 g8f7	2320	10131619
ELwEl	4k3/R7/5K2/4P3/6p1/8/8/6r1 w - - 0 59	a7a8 e8d7 e5e6 d7d6 a8d8	2320	0g0p0r101m
EbklT	6rk/p6p/2pR1pq1/2n2b2/2P2P1Q/1P5P/P3R1P1/7K b - - 2 33	c5e4 d6d3 e4f2 e2f2 f5d3	2320	010j1019
Ev0mB	8/2R3pp/4N1k1/3p1p1n/1Q5K/1P2PP2/q5PP/r7 b - - 6 33	a2f2 h4h3 f2g3 h2g3 a1h1	2320	0p1013161n
Fl77m	r3k2r/pp4pp/6n1/1P2P3/P2NQp2/2q4B/8/R1B2K2 w kq - 0 25	h3d7 e8d7 e4b7	2320	050g191n1o
Guoed	8/7p/6p1/4kP2/6P1/8/K6P/8 b - - 0 47	g6f5 g4f5 e5f5 a2b2 f5g4 b2c1 g4h3 c1d2 h3h2 d2e3 h2g3 e3e2 g3g2	2320	0g0h0p1e1w
GwfSl	r2q1rk1/p1b1n1p1/1p3p1p/2p5/3p2Q1/1P4N1/PBPP1PPP/2K1R2R w - - 0 19	e1e7 d8e7 g3f5 f8e8 f5e7	2320	01050y10191n
H9BdJ	8/8/3K2p1/2p2p1p/1k3P1P/1P4P1/8/8 w - - 8 48	d6c6 c5c4 b3c4	2320	0g0p1e1o1z
I6fvn	8/8/8/3P4/6R1/5ppk/8/6K1 b - - 0 55	f3f2 g1f1 h3g4	2320	000g0p0w1m1o
IgLkX	2rr3k/2pR2bp/Q4qp1/1p2p3/4Pp2/2P2N1P/PP3PP1/3R2K1 b - - 0 25	f6a6 d7d8 g7f8	2320	01191o
JFbCO	r3qr1Q/pppnbk2/3p1pp1/3Pp1nB/4P3/2N5/PPPB1P2/R3K2R w KQ - 0 17	h5g6 f7g6 h1h6 g6f7 h6h7 g5h7 h8h7	2320	050q1317191n1w
JNRkc	r3r1k1/ppp2p2/1b1p3p/3P1qpB/8/6BP/PP3P2/R2QR1K1 b - - 4 24	e8e1 d1e1 f5h3 e1c3 h3h5	2320	0g0y1019
Jp1sQ	3r2R1/1p3P2/2p5/5kP1/p2r4/8/KP6/8 w - - 3 46	g8e8 f5g5 f7f8q	2320	000e0g0p1h1m1o
KCkmz	8/8/3k4/6Pn/7P/7K/8/8 w - - 1 47	h3g4 h5g7 h4h5 g7e6 h5h6 e6f8 g4f5	2320	0g0h0p0z1l1w
M04Bo	r6k/7p/p1p3rP/Pp1p4/1b2pB2/4P3/4KP2/2R3R1 w - - 0 31	f4e5 h8g8 g1g6 h7g6 h6h7 g8h7 c1h1 h7g8 h1h8 g8f7 h8a8	2320	00050g0p1p1w
MXIs6	1nb3r1/R7/5R2/1kp1N3/1p1n1P1p/1P5P/5K2/8 w - - 12 52	a7a5 b5a5 e5c4 a5b5 f6b6	2320	050u101316191n
PhOug	4r1k1/1b4bp/1pp3p1/5pq1/QPPP4/P3pP1P/1B2B1P1/3R2K1 b - - 0 26	g5g3 d1f1 g7h6	2320	010h11191o
PpuQO	8/1k6/pp1p4/1p4N1/1P1NPPp1/P7/5r1r/2RRK3 b - - 12 38	g4g3 d4e2 f2e2 e1f1 g3g2 f1e2 g2g1q	2320	000g0i0j0k0p0r1h1w
PvuM9	r2qr1k1/pppb1pbp/2np2p1/8/3Nn3/2N3PP/PPP2PBK/R1BQR3 w - - 0 12	e1e4 e8e4 d4c6	2320	0g111c1o
Q4mNZ	r3k2r/3p1ppp/p3p3/2b5/1p4n1/4NQPq/PPPB1P2/R3RK2 w kq - 2 22	f1e2 g4e3 f3a8 e8e7 a8h8 h3h5 f2f3	2320	010h191p1w
QOExa	6k1/5pp1/2R5/7p/1BpP4/P3p2P/2r2PP1/6K1 b - - 0 27	c2c1 g1h2 e3f2	2320	000g0i0p111o
QsILR	2b3R1/pkP5/1p1B4/4P3/4K1p1/P4r2/8/8 b - - 5 49	c8f5 e4d4 f3d3 d4c4 d3d6 c7c8r f5c8 g8g7 d6d7	2320	0g0p111w
RzkfH	2r1krn1/p2p3R/1p3Pp1/4P1B1/3n4/3B4/PP6/1K6 w - - 3 31	f6f7 f8f7 d3g6	2320	00010s191g1o
Sp2rr	r4k2/p1qb2b1/n1p1p2r/1p3p2/4N3/PP3Q1P/1BP2PP1/3R1RK1 w - - 0 26	b2g7 f8g7 f3g3 c7g3 d1d7 g7g6 e4g3	2320	01050i0r0w191g1n1w
TgrVV	1k1r2r1/ppp2p1p/3b4/4pn2/4Q2q/3P4/PPPB1P1N/R5RK w - - 0 20	e4h4 f5h4 d2g5 h4g6 g5d8	2320	010s1019
U2jEh	5R2/6p1/3p3p/2pPb1k1/8/3BpP2/P3P1KP/r7 w - - 17 57	f3f4 e5f4 f8f5 g5h4 f5f4	2320	0g0i0p0s10
UHKwL	5r2/3b4/8/4k1K1/1P1p1R2/4P3/B7/8 b - - 3 44	d4e3 f4f8 e3e2 f8f7 e5d6 f7f3 e2e1q	2320	000g0p1h1n1w
UdmSu	r5r1/pp2kp2/2p2n1Q/3b4/3P4/2P1PN2/P4PPP/R4RK1 b - - 2 20	g8g2 g1g2 a8g8 g2h3 d5e6 h3h4 g8g4	2320	050g0y191n1w
Uy9WQ	5bk1/2N2n1p/1Q4p1/3B1p2/5q2/7P/6P1/6K1 w - - 0 38	d5f7 g8f7 b6b3 f7e7 c7d5	2320	050g0p10
WFNWO	8/1K2k3/1P3R2/6p1/2r1N3/4bP2/8/8 b - - 0 49	c4e4 f6f5 e4e6	2320	0g0p1o
WTrth	3r1rk1/2q2p1p/ppb1p1p1/2p5/2Q1Pn2/2P1BN2/P1PR1PPP/3R2K1 w - - 1 20	e3f4 d8d2 f4d2 c6b5 c4b3	2320	0g101119
Wfdqg	rnbq1rk1/pp2b1pp/2p5/3pp3/5B2/2PB1Q1N/PPP3PP/2KR3R w - - 0 11	f3h5 e5e4 d3e4 d5e4 d1d8	2320	0g101119
Y8s4b	8/R7/1k1rp2p/R2p2p1/7n/1PpN4/2Pq2PP/7K w - - 5 38	a5a6 b6b5 a7b7 b5a6 d3c5 a6a5 b3b4	2320	0p0r13171n1w
YJHhq	2kr4/1pp5/p2pp2P/4p3/3nP3/3P4/PPP2P2/2K3R1 w - - 0 23	g1g7 d8h8 h6h7 h8h7 g7h7	2320	00010p10
YqO9a	r2q1rk1/1b3ppp/p1n1pb2/1p2N3/3P2Q1/2NB4/PP3PPP/R4RK1 w - - 2 14	g4e4 g7g6 e5c6 d8d6 e4f3 f6d4 d3e4 b7c6 e4c6	2320	010d191w
Z9Hm9	4r1k1/4qpp1/p4n1p/1p2p3/3nN3/P2Q4/BPr3PP/4RRK1 w - - 0 21	e4f6 g7f6 d3g6	2320	0d0g0y191g1o
ZajNK	2r2rk1/5pp1/p3p2p/qp1pP3/bb1P4/2NKPN2/1Q4PP/1BR4R b - - 1 19	b4a3 b2a3 a4c2 c1c2 a5a3	2320	0g0j1011191n
Zq1q3	r4rk1/1ppQ2pp/p3pq2/8/4B3/2P1P1P1/PP3PP1/R3K2R b KQ - 0 15	f6f2 e1d1 f8d8 e4h7 g8f8	2320	040g10191g
b5DEH	2kr4/P3r1p1/1Q2p3/1Np2p2/2P2Pqb/1PB1K2p/4N3/R7 b - - 0 34	g4f3 e3f3 d8d3	2320	051315191f1n1o
bHDYH	2r3k1/1p4b1/p2p1n1p/3Pp1p1/PP2P1q1/2NQBnP1/7P/1R3R1K b - - 5 29	c8c3 d3c3 f6e4 c3c8 g4c8	2320	0b0g0i1019
bcBnj	4b1k1/R5p1/7p/5N2/4KPP1/p6r/8/8 w - - 0 44	a7a8 a3a2 a8e8	2320	0g0p111g1o
bjRsn	1r1q2r1/2k1b1p1/p2p1p2/1bpPpP2/4P3/n1B5/2PNQ1PP/1R3RK1 w - - 4 25	c3a5 c7d7 b1b5 a6b5 a5d8	2320	011019
dPcST	4r1k1/pp4p1/2pq1p2/3p1P2/1P1P1N1p/PQ3R1P/2Pr2P1/4bRK1 w - - 0 30	f3e3 e1f2 f1f2 d2d1 g1h2	2320	0g0h1019
e0QCR	8/2p4p/2p4P/p5kp/3P1p2/P1P2K2/1P6/8 w - - 4 44	a3a4 g5f5 b2b4 a5b4 c3b4 h5h4 a4a5 h4h3 a5a6 h3h2 f3g2	2320	0g0p1e1l1w
e9qtF	rn1qk2r/2p2ppp/p3pn2/1p2P3/2pP4/P1P2b2/2Q1BPPP/R1B1K2R w KQkq - 0 11	e5f6 f3e2 f6g7 h8g8 c2h7	2320	00011019
gLUn5	8/7p/3k2p1/8/1PP5/3p2P1/4p2P/4K3 b - - 2 49	d6e5 e1d2 e5e4	2320	0g0h0p1e1o
gwUBU	8/k4pp1/prp3r1/1pQpP3/3P4/5P1q/6P1/R1R3K1 w - - 0 29	a1a6 a7a6 c1a1 a6b7 c5e7 b7b8 e7d8 h3c8 d8b6	2320	050g0p0s111g1n1w
gxbJu	r3k1nr/ppp2ppp/2n2q2/3Pp3/1b4b1/3P1NP1/PPPN1PBP/R1BQK2R b KQkq - 0 7	b4d2 c1d2 c6d4 d2g5 d4f3 g2f3 f6f3 d1f3 g4f3	2320	010s1c1w
gyVcB	2Q5/p4pkp/5bp1/8/5P2/4r3/P3q1PP/R3R1K1 b - - 5 24	e2d2 e1d1 f6d4 g1h1 d4a1	2320	0g0p10
hDPqz	5r1k/p3qr1p/1p1n2Q1/2pPp3/2n1p3/P1P3NR/6PP/2B2RK1 w - - 0 26	c1g5 f7f1 g3f1 e7g7 g6g7 h8g7 g5h6	2320	01050y11191g1w
iUxHj	r1b2r2/pp3pk1/2n2np1/2q3N1/4p3/2Np4/PPPQ1PP1/R3K2R w KQ - 0 16	g5e4 c5h5 h1h5	2320	01191o
j2P6Z	7r/3kb1p1/pqnpp2p/2p5/4P1n1/1B1P1N2/2PB2PP/3Q1RK1 w - - 2 22	b3e6 d7e6 f3d4 e6d7 d1g4	2320	050g0j10191n
j7DOG	3r1k2/1Q3p2/5q2/2P1p2p/1P4pN/4P1P1/2R2PKP/3n4 b - - 7 43	f6f2 c2f2 d1e3 g2h1 d8d1 f2f1 d1f1	2320	0p13171n1w
kmjPg	r2q1rk1/pp3ppp/2n2n2/2b5/2P1N2N/8/PP1PQPPP/R1B2RK1 b - - 0 11	f8e8 d2d3 f6e4 d3e4 d8h4	2320	0g0j0w101c
l36BK	1k1r4/pp3pp1/1q2p3/5nNp/1P3PnP/3r1R2/PB1P2P1/2R1Q2K w - - 13 23	b2e5 g4e5 e1e5 d3d6 g5f7	2320	0g10191g
lAvWc	r4r1k/2q3pp/6p1/1Q6/6Pb/7P/PPP2P2/R1B2RK1 b - - 0 20	h4f2 f1f2 c7g3 f2g2 g3e1 g1h2 f8f1 b5f1 e1f1	2320	0g191l1n1w
lx0Ra	2rqr1k1/pp3ppp/5n2/3pb3/6b1/1PNQP2P/PB2BPP1/1R3RK1 b - - 0 15	c8c3 b2c3 g4e2 d3e2 e5c3	2320	01101119
m0w2j	R1bkr2r/5Q2/1p1p4/2pP4/5q2/3B4/5PPP/b5K1 w - - 0 26	f7f4 e8e1 d3f1 a1e5 f4g5	2320	010t1019
mRcHk	4r2k/2r2p1n/b4q2/p2pNBRp/1p1P1Q1P/5P1K/PP6/3R4 b - - 8 31	h7g5 h4g5 f6f5 f4f5 a6c8 f5c8 e8c8	2320	011112191g1n1r1w
my0Zl	2r3k1/pb4pp/1p2p2r/5p2/2PP4/1Q2PPqP/P5P1/3R1BRK b - - 8 25	b7f3 g2f3 h6h3 f1h3 g3h3	2320	0i0y101316191n
nMiiW	1k1r4/pq6/1p3p1p/1Pb1r1p1/4P2P/1Q1P2P1/3B2K1/R4R2 b - - 1 31	e5e4 d3e4 b7e4 f1f3 d8d2	2320	0g10191g1n
oAhBA	8/4p3/1K1p4/3Pkp2/PpBr4/1P6/2P5/8 w - - 0 42	a4a5 f5f4 a5a6 f4f3 a6a7 d4c4 b3c4	2320	000g0p111l1w
oDH3i	8/5kpp/8/8/1p6/P1pK1P1P/2R3P1/1r6 b - - 0 39	b4b3 c2c3 b1d1 d3e2 b3b2 e2d1 b2b1q	2320	000g0p0r1h1m1w
ou8oT	5R2/2r5/3k4/1p1P1p2/3K1P2/8/8/8 w - - 0 49	f8f6 d6d7 f6f7 d7d8 f7c7 d8c7 d4c5 b5b4 c5b4 c7d6 b4c4	2320	0g0h0p1m1w
pUoRL	r1b1k2r/ppp1qppp/3b1n2/3p4/8/1P2PQ2/PBPP1PPP/RN2KB1R b KQkq - 4 8	c8g4 b2f6 e7e6 f6g7 g4f3	2320	01101c1n1t
rBmug	8/K7/1p1pk3/2p5/P1P5/8/8/8 w - - 0 43	a7b6 d6d5 c4d5 e6d6 a4a5 c5c4 a5a6 c4c3 a6a7 c3c2 a7a8q c2c1q a8c6 c1c6 d5c6	2320	000g0p1e1h1l1w
rM5xi	r1bq1rk1/p2npp1p/3p2p1/p5N1/3Q2B1/8/PP3PPP/R4RK1 w - - 0 14	g5e6 f7e6 g4e6 f8f7 e6f7 g8f7 d4d5 f7e8 d5a8	2320	050g0s191n1w
sBC2Y	4r1rk/8/b1p3Np/1q1p1Q2/p7/2P5/P3RP1P/4RK2 b - - 2 30	g8g6 f5g6 b5e2 e1e2 a6e2 f1e1 e2h5 g6e8 h5e8	2320	0g0j0k191g1w
sNt0w	3r2k1/5ppp/pp1r1n2/n1p1qb2/2P1B3/PP1PB1P1/2Q2P1P/3RR1K1 w - - 0 20	e3f4 e5e6 f4d6 e6d6 e4f5	2320	0110191p
slxQL	rn3rk1/ppp1pp1p/6p1/4bb2/3q4/8/PPP1QPPP/R1B1KBNR w KQ - 0 11	g1f3 d4b4 c1d2 b4b2 e2e5	2320	010h101c
tfQV2	r7/pp2bk2/2p2p1Q/7P/2q3P1/P7/1Pb2P2/2R1R1K1 w - - 3 29	h6g6 c2g6 h5g6 f7g6 c1c4	2320	0110191n
twBQa	2r2rk1/3q2p1/p3p2p/1p1pP3/3N2Q1/2n5/B4R2/5RK1 w - - 2 30	f2f8 c8f8 f1f8 g8f8 g4f3 f8g8 f3c3	2320	050g0s191w
txlNn	3r2k1/5pp1/2P4p/1R6/2B1b2P/P5P1/5P2/6K1 b - - 0 32	d8d1 c4f1 d1f1 g1f1 e4d3 f1g1 d3b5	2320	050g0p0s1n1w
uFNnU	4r1k1/3b2p1/5p2/1pbp3p/5B2/P1PB1PK1/1P2R1PP/8 b - - 1 25	e8e2 d3e2 g7g5 h2h4 g5f4	2320	010p10
v0rzb	6Q1/q7/P2p4/2pPpk1p/1p2n1p1/6P1/4K3/4B3 w - - 4 40	g8c8 f5g6 c8b7 a7b7 a6b7	2320	000g0p10
vohdN	2b2Bk1/p1q1pp1p/6p1/3p3r/8/PB3N2/1PP2PPn/R2QR1K1 b - - 0 22	h2f3 d1f3 c7h2 g1f1 c8a6 c2c4 d5c4 f3c6 a6b5	2320	0d0g191w
wHNtG	1r1q1k1r/pp3Bp1/8/4Ppb1/8/1Q2P1P1/PP6/R1B3K1 w - - 1 21	f7g6 d8d7 c1d2	2320	0g0h191o
wO3kH	8/4k3/8/2PKP2p/5Pp1/8/7P/8 b - - 0 40	h5h4 d5e4 h4h3 f4f5 g4g3 h2g3 h3h2	2320	000g0p1e1l1w
xsQ86	8/8/1p6/8/1PP1k3/3bp1p1/4B1P1/5K2 w - - 4 52	c4c5 b6c5 b4c5 d3b1 c5c6	2320	080g0p10
xuoKs	N6r/pp2kpp1/2np3p/2b1p3/2B1P1bN/3P4/PPP2PqP/R2QKR2 b Q - 3 12	c5f2 f1f2 g2g1 e1d2 g1f2	2320	0104050i0s10191n
z5wG7	3r1rk1/pppn1ppp/1b6/3pPnN1/3P2P1/2P4P/P4P2/RNB2RK1 b - - 0 19	f5d4 c3d4 b6d4 e5e6 f7e6	2320	0g1019
zpkvw	3R2N1/8/3np2p/2k3pP/5p2/3p1K2/8/8 b - - 5 67	g5g4 f3f4 d3d2	2320	000g0p1o
05B1i	4r1k1/p1q2pbp/5np1/3p4/Q2B4/1N5P/P1r2PP1/3R1RK1 w - - 4 26	d4f6 e8e4 f6d4 c2c4 a4a7 g7d4 a7c7	2321	010e191w
09Ko8	r2qk2r/pp3ppp/5n2/2b1n3/6B1/8/PPPP1PPP/RNBQR1K1 b kq - 2 9	c5f2 g1f2 d8d4 f2f1 f6g4	2321	01050y101c1n
114dd	3N2k1/6p1/1Pp2p2/2P5/p2P4/7P/1r3PPK/8 w - - 2 36	d4d5 a4a3 d5c6 a3a2 c6c7	2321	000g0p10
1B3P6	7k/1pp1pQ1p/3p1p1B/3P4/r1PKP2R/p4q2/P1P5/8 b - - 0 25	e7e5 d5e6 c7c5 d4d5 f3d1 h6d2 d1d2	2321	0p13171w
1K5SO	2b5/4k3/p3p1pp/2p1Nr2/3P4/8/5PPP/3R2K1 w - - 0 29	g2g4 f5e5 d4e5	2321	010p1o
20WMy	8/8/3p2k1/p1pP2pp/P1P1KP2/8/7P/8 b - - 0 38	g5g4 f4f5 g6g5 f5f6 g5f6	2321	0g0h0p101e1l1z
2ai0j	8/1p3pp1/pP4p1/Pk6/3K1P2/6PP/8/8 w - - 1 39	d4d5 b5a5 d5c5 f7f6 g3g4 g6g5 f4f5 a5a4 c5d6 a6a5 d6c7	2321	0g0p1e1l1w1z
2qnfZ	8/6p1/4p2p/4k1P1/6KP/8/5P2/8 w - - 3 48	g5h6 g7h6 g4h5 e5f5 h5h6	2321	0g0p101e
31Kuy	3r1r2/pp3ppk/2p4p/5P1R/3qQ3/8/PPP2P2/1K4R1 w - - 1 23	f5f6 g7g6 h5h6 h7h6 e4h1 d4h4 h1h4	2321	050i0j0k0p13171n1w
4tt4I	8/7k/8/5PK1/R5p1/P7/6rp/8 w - - 0 40	a4a7 h7g8 g5g6 g8f8 f5f6 g2e2 a7h7	2321	0g0p111m1w
7kDpa	1r1r1b1k/5ppp/p3p3/2p3P1/2n1qPNP/4P3/P3Q1R1/2B2RK1 w - - 1 28	g4f2 e4d5 f1d1	2321	0111191o
83HbA	2kr4/Qpq2pbp/p3b1p1/3rp3/8/P4P2/1PP1BBPP/1K1R3R w - - 2 19	f2b6 d5d1 e2d1 c7b8 a7b8 c8b8 b6d8	2321	0g191k1w
8aysm	5rk1/7p/1Q1p2pb/3Pppq1/1P2n3/3BP2P/r4PPB/2R2RK1 b - - 2 26	e4f2 f1f2 g5e3 b6e3 h6e3	2321	010s1011191g
A0u31	8/pQ3ppk/3b4/3r3p/6nq/4P2P/PP3PP1/R1B2RK1 b - - 0 22	h4f2 f1f2 d5d1 f2f1 d6h2 g1h1 d1f1	2321	0i0y1317191g1n1w
AITWN	r1b3rk/2bq1p2/p1p2p1p/8/2B5/2N2N2/PP3PPP/R2Q1RK1 b - - 7 20	g8g2 g1g2 d7h3 g2h1 c8g4	2321	050d0g0y101c1n
B7bfe	4rr1k/1ppq1ppp/p2b1n2/8/3nN3/1PNP4/PBPQ1PPP/1R3RK1 b - - 2 15	f6e4 c3e4 e8e4 d3e4 d4f3 g2f3 d6h2 g1h2 d7d2	2321	010y191n1w
Cv8eY	r4rk1/p1qn2pp/2p1p3/4NpQ1/Pp1PnB2/1Pp4P/5PP1/3RR1K1 w - - 9 22	g5e7 a8e8 e7d7 c7d7 e5d7	2321	011019
FNCgc	5rk1/R4p1p/1R2pQp1/2p5/8/2P4P/5PPK/3r1q2 w - - 3 29	a7f7 f1g1 h2g3 d1d3 g3h4 g1f2 f6f2	2321	0g0p1w
FSN9Q	8/pp3Qbk/3p3p/5R2/5B1q/1P5P/1P3rP1/7K b - - 0 30	f2f1 h1h2 h4e1	2321	0d0g0h0p111o
GZsd1	r7/1p1k1p2/p3pq1p/8/2B1b1r1/1Q4B1/PP3P1P/2R3K1 w - - 0 24	b3d1 d7e8 d1g4	2321	010s191o
Gwypk	8/1r1k4/r1p1p2p/P1npPpp1/1R1N4/R6P/5PP1/6K1 w - - 0 48	d4b3 d7c8 b3c5 b7b4 c5a6	2321	0g0p0s10
H9agl	6k1/5ppp/4bn2/8/1B6/3B1pP1/1Pr4P/R3RK2 b - - 4 36	e6h3 f1g1 f3f2 g1h1 h3g2	2321	00010r0s101119
HNYpc	5k2/1N3ppp/2p5/p4P2/2P3n1/PPr3P1/7r/3R1RK1 w - - 0 30	d1d8 f8e7 f5f6 g7f6 f1e1 g4e5 g1h2	2321	010i0p1w
IWGrz	3r2k1/p4pb1/1p2p1pp/n1p1P3/q1P1BPPP/2Q1B3/5K2/2Rr3R w - - 3 32	c1d1 d8d1 e4c2 a4c2 c3c2	2321	010s1019
IrAne	6rk/7p/4q3/Q3n2p/P1p1bB1P/4N3/5PP1/5RK1 b - - 2 36	g8g2 e3g2 e5f3 g1h1 e6h3 f4h2 h3h2	2321	111317191n1w
JGACb	1r3rk1/4q1pp/3p1p2/1Rb5/4P3/3Q2B1/5PPP/4R1K1 w - - 1 26	d3b3 e7f7 b5b8 f7b3 b8b3	2321	0g1019
Jpx4W	r4qk1/1p4p1/1b1p3p/pb2p3/4P3/8/3Q1PPP/R1B1R1K1 w - - 0 22	a1b1 f8f2 d2f2 b6f2 g1f2	2321	011019
KChTG	5rk1/ppq2p1p/1b2p1p1/3pQ3/2rN1P2/2B5/PP4PP/5R1K w - - 8 24	e5g7 g8g7 d4f5 g7g8 f5h6	2321	050k0m0y101316191n
KyuvB	2k5/1pp3r1/pn1p1pp1/3q4/1P4pr/P2N4/1KQ2PP1/2R1R3 w - - 0 30	e1e8 c8d7 c2c7 d7e8 c1e1 d5e5 e1e5	2321	0g0s191n1w
Kz1vQ	6k1/3QRrbp/6p1/8/p1qp3P/6P1/PPP2P2/6K1 w - - 3 34	b2b3 a4b3 a2b3 f7e7 d7d8 g8f7 b3c4	2321	0g0p0s1n1w
LGFvI	8/8/6R1/4pp1P/4k1PK/5r2/8/8 w - - 0 61	h5h6 f3f1 h4g5 f1h1 g4f5	2321	0g0p101m
LeIjV	8/4ppk1/p2P2p1/P2P3p/1p3P2/1r2R1P1/2b4P/5BK1 b - - 0 35	b3e3 d6d7 b4b3 d7d8q b3b2 d8b6 e3b3	2321	000d0g0p0t1w
LoU0a	8/3k3p/6p1/5PP1/4K3/8/8/8 w - - 1 44	f5g6 h7g6 e4d5 d7e7 d5e5	2321	0g0h0p101e1z
LqK7O	q4r1k/2p3p1/7p/8/1P3bP1/2PQ1R2/3N2P1/6K1 b - - 1 25	f8d8 d3d8 a8d8	2321	010p1o
MMWX6	2Q2nr1/p4k2/2Rq1p2/P2p3p/3P3n/3BP2P/6P1/2R3K1 b - - 0 31	g8g2 g1f1 g2g1 f1g1 d6g3 g1f1 g3g2 f1e1 h4f3 e1d1 g2d2	2321	051318191n1w
MwCOF	4r3/p2nk3/bpr1p2p/q1pp3P/P4Q2/2PP2PB/5P2/R3R1K1 w - - 4 29	h3e6 c6e6 e1e6	2321	0g11191o
MykPx	r4rk1/1pp3p1/p2p3p/2bPp3/2P1N3/7q/PP2BP2/R2Q1RK1 b - - 1 18	f8f4 d1d3 f4g4 e2g4 h3d3	2321	010i1019
NF2Bl	r3k1r1/1pp1np2/3p1Q1p/pBbPp3/6qN/3P2P1/PPP2P1P/R3K2R b KQq - 1 15	c7c6 d5c6 g4b4 c2c3 b4b5	2321	010h0s1019
Nu5Wx	r4r1k/pb2qp1p/5p1N/2p1pP1Q/2Pp4/1P6/P5PP/4RRK1 w - - 2 28	f1f4 f8g8 h6f7 e7f7 h5f7	2321	0g0y1019
OYeT8	1r4k1/1p5p/4N3/pP6/P2p2p1/2p5/6PP/2R4K b - - 1 34	d4d3 c1c3 d3d2 c3d3 b8c8	2321	000g0h0p10
P0BAr	2b5/p3bP2/2p2Bkp/8/8/PP3RK1/3r4/R7 b - - 0 39	e7d6 f3f4 d6f4 g3f4 d2f2	2321	050g0p0r10
PARa7	8/ppk5/8/3pP3/2pP1p1r/2P3rP/PPB2R2/R6K b - - 0 32	g3h3 h1g2 h3g3 g2f1 h4h1	2321	0g0p0r10
PbUUV	r6k/1b2q1b1/p2p2pp/1ppBnr2/2P2N2/3PB1P1/PP5P/1R1Q1RK1 w - - 0 18	d5b7 e7b7 f4g6 e5g6 f1f5	2321	010j0r0y1019
Qr9zB	1r3r1k/R5p1/3p1p1p/5P1Q/3pP3/1BqPb1R1/2P3PP/5K2 b - - 4 32	b8b3 h5d1 b3a3 g3g7 a3a7	2321	0g1019
RZPGG	8/5p1p/4b2P/p2P1p2/P1B1kPp1/2K3P1/8/8 b - - 0 42	e6d5 c4d3 e4f3 d3f5 d5e4	2321	080d0g0p10
S1KIY	7k/p2P2p1/7p/1P6/P7/3Q1p1P/5P1K/q7 b - - 2 45	a1e5 h2g1 e5g5 g1f1 g5c1 d3d1 c1d1	2321	0p13171i1w
S28sL	5r2/pp1n1pk1/1q6/3pPPb1/3P4/5R1P/PP1Q4/1b4K1 w - - 0 25	d2g5 g7h7 f3f4 b6h6 f4h4 h6h4 g5h4	2321	01191g1l1w
U96tk	1R6/5ppk/p6p/8/2p4Q/2B5/6PK/3r1q2 w - - 4 37	b8h8 h7h8 h4h6 h8g8 h6g7	2321	050i0p1013161g1n
UsZSo	6k1/8/P3n3/8/1PNpp2p/8/2P5/4K3 b - - 1 40	h4h3 e1f1 e4e3 a6a7 e6c7 a7a8q c7a8 c4e5 e3e2 f1e2 h3h2	2321	000g0p0r0z1l1w
W1NRQ	r3qr1k/p2p1ppp/1p2p3/2p1PnBQ/1n5N/3R4/P1P2PPP/5R1K w - - 6 19	d3h3 f7f6 h4g6 e8g6 h5g6	2321	0g10191g1l
W1nj5	3r4/6p1/4pk1p/8/P1n5/1R4P1/5PBP/6K1 b - - 0 32	d8d1 g2f1 d1f1 g1f1 c4d2 f1g1 d2b3	2321	050g0p0s1n1w
YKfHK	5r2/p6p/6pk/2Q5/8/3R1r1P/PP1p4/6K1 b - - 1 39	f3d3 c5f8 h6h5	2321	0g0p1j1o
Zzqpy	6k1/q3pr1p/3R2pB/8/2P1Q3/1b5P/5PPK/8 b - - 0 26	a7b8 e4b7 b8d6	2321	010p1g1o
bP0TO	8/8/8/1p3p2/2p5/5KP1/PP5k/8 w - - 0 39	a2a3 h2h3 f3f4 h3g2 f4f5	2321	0g0p101e1l
bUebY	4rk2/1pp2b1n/p6K/8/2P1p3/1P6/P1B2P2/3R1R2 b - - 2 33	e8e6 h6h7 f7g8 h7h8 e6h6	2321	0p1013161n
bebje	r5k1/2p2ppp/1p1p3q/8/2P2NnP/3QP1P1/r2R1P2/1R4K1 w - - 5 26	d2a2 a8a2 d3f5 a2a8 f5g4	2321	0g1019
blRAJ	4r1k1/ppp3p1/2n4p/3pN3/3P2b1/1PP1r1P1/P3BKP1/RN2R3 b - - 2 21	c6e5 f2e3 e5f3 e3f2 f3e1 e2b5 c7c6	2321	010j0k191n1w
bo2Ej	8/p2R1bk1/1p4n1/5p1Q/1P2rP2/P1q3P1/5K2/3R4 w - - 1 44	d7f7 g7f7 h5f5 c3f6 f5e4	2321	050g0r0s101119
cFTJQ	r1b1r1k1/pppp2pp/5p2/4q3/2PQ4/5P2/PB3P1P/R5RK w - - 2 17	g1g7 g8g7 d4g4 g7f7 b2e5	2321	050g0j0y10191n
cvFyi	r2qr1k1/ppp2ppp/2bp4/8/2P1n3/2BB4/PP3PPP/R2QR1K1 w - - 0 14	d3e4 c6e4 d1d4 d8f6 e1e4	2321	0g0w1019
cve9w	8/8/p3p3/4Bp2/4kPn1/3p2Pp/P6P/2R3K1 b - - 3 40	d3d2 c1d1 e4d3	2321	00010h0p1o
dBL8l	r2r4/p1P1b3/q3P1k1/4Bp2/1P3Pp1/PQ2P1Pp/7P/2RR2K1 b - - 0 31	a6e2 b3b2 d8d1 c1d1 e2d1	2321	0g0y1019
dlZj5	r3k2r/1p1bppbp/pq1p1np1/1B6/1n2PP2/2NQB2P/PPP1N1P1/R3K2R w KQkq - 2 12	e3b6 b4d3 b5d3	2321	01191o
droAN	1r3k2/2p2ppp/1p1P2b1/p3p1B1/2P4P/P5P1/5PB1/6K1 w - - 1 27	g5e7 f8g8 d6d7	2321	00010p111o
e9MgF	8/8/7p/5pp1/r7/P1k4P/5PP1/RK6 b - - 3 48	a4e4 a3a4 c3b3 b1c1 e4e1 c1d2 e1a1	2321	0g0p0r111l1m1p1w
eHkjc	r2q1rk1/1b2bppp/p3p3/1pP5/2P1B1NQ/1P6/PB3PPP/2KR3R b - - 0 18	e7g5 g4e3 g5e3 f2e3 d8h4	2321	010e0r0s1019
eSq63	8/R7/5p2/7K/6PP/1k6/p4r2/8 b - - 0 58	f2f4 a7a2 b3a2 g4g5 f6f5	2321	0g0h0p10111m
f18cZ	3r2k1/ppp3pp/4P3/1P6/P7/4b2K/3p2B1/5R2 w - - 0 33	e6e7 d2d1r f1d1 d8e8 g2d5	2321	000g0p10
fJIZr	8/8/3Q3p/1kp1PK2/r7/4P1P1/7r/8 b - - 2 49	h2f2 f5e6 a4a6 e6e7 a6d6	2321	0g0p10111g1j
g4M8l	8/p7/1p5k/3p2qp/P2PpQ2/1P2K2P/6P1/8 b - - 1 36	h5h4 f4g5 h6g5	2321	0g0p111i1l1o
gyGHK	8/7r/1p1p2k1/p1pPp1pp/P1P1P1B1/1P2P1R1/3K2P1/8 b - - 0 42	h5g4 g3g4 g6h5 g4g3 g5g4 g3f3 g4f3	2321	050g0p1l1w
hC4BE	r2r2k1/p4p1p/3Nb3/4P1Pp/2Pp4/2b2N2/P3KP1P/1R5R b - - 0 19	d8d6 e5d6 e6c4 e2d1 c4d5 f3h4 d5h1	2321	0b0g11191w
i0JH8	7r/k5p1/BrR4p/4p3/4n3/6bP/2P3P1/R5K1 w - - 6 31	a6c8 a7b8 c6b6 b8c8 b6b4	2321	010i0j0k0r1019
jfhnU	2r2rk1/p4p1p/3Qb1pb/q7/8/1P3B2/PBP2PPP/1K1R3R b - - 4 21	c8c2 b1c2 e6f5	2321	010511191n1o
jqEvr	r3k2r/1pp2pp1/pn1bp1p1/4n3/P3NB2/1B3P2/1PP3PP/3RK2R w Kkq - 2 17	d1d6 c7d6 e4d6 e8e7 f4e5	2321	011019
k7WTC	8/4k1pp/4p2q/p2p4/P5Q1/7P/1r4PK/5R2 w - - 0 30	g4d4 b2c2 d4a7 e7d6 a7b8	2321	0g0p10
ksd7A	2r1r1k1/1p1q1ppp/p1n5/3pb3/3PB1P1/P1N4P/1P1Q1P2/3RR1K1 b - - 0 22	d5e4 d4e5 d7d2 d1d2 c6e5	2321	0g0j1019
kxeVt	7k/1pp4p/p5p1/q6n/3P3P/1Q3PPK/PP6/R3r3 w - - 1 29	b3f7 h7h6 f7f8 h8h7 b2b4 a5b4 f8b4	2321	010p1w
mjVdc	8/4k3/6p1/4P2p/4K2P/8/8/8 w - - 5 54	e4d5 g6g5 h4g5 h5h4 d5e4 h4h3 e4f3 h3h2 f3g2 h2h1q g2h1 e7e6 g5g6	2321	0g0p1e1w1z
nRsHD	8/8/5k1p/p1p2p2/2P2K1P/1P4P1/8/8 w - - 0 39	g3g4 f5g4 f4g4 f6g6 h4h5 g6f6 g4f4 f6e6 f4e4	2321	0g0h0p1e1w1z
nbcJJ	8/5p2/5kp1/4r3/PR3K1P/8/8/8 w - - 0 45	b4b6 e5e6 a4a5 f6e7 b6e6	2321	0g0p10111l1m
oeKkz	8/4b1k1/p3p1p1/4Pp1p/PP1pqP2/1Q1N2KP/5P2/8 b - - 4 46	e4h1 f2f3 h1g1	2321	0p0q1113151o
oz7Fo	rn1qkb1r/pp3ppp/4p3/3n4/2B3b1/2N2N2/PP1P1PPP/R1BQK2R w KQkq - 0 9	d1a4 b8c6 c4d5 e6d5 a4g4	2321	0g0j101c
pmWoz	r3r1k1/pp1n1p1p/2p2qp1/3p1b1Q/3P1P2/3B2R1/PPP1N1P1/R5K1 w - - 1 18	h5f5 f6f5 d3f5	2321	01191g1o
quhSz	8/1p2p3/p7/6P1/2k5/P3p3/1Pn1NP2/7K w - - 0 42	g5g6 e3f2 e2g3	2321	0g0h0p0z1o
sXYqG	1n1q1b1r/2p1p1pp/5k1n/1N3P1Q/8/1P6/3P3P/2B1K1Nb w - - 1 14	c1b2 e7e5 h5h4 g7g5 f5g6 f6g6 h4d8	2321	0g0j0k0o0r191p1w
tNgd2	r7/7Q/3bkp2/p1pnp2p/2PP2b1/P3B3/1P1K1Prq/1R2R3 w - - 2 28	c4d5 e6d5 h7b7 d5e6 d4d5 e6f5 b7h7	2321	050s1317191w
u6J1U	r5k1/pp1b1r1p/4pBp1/3pP1Q1/2p2PP1/P1P1q1n1/2P1B3/R2K3R w - - 3 21	g5g6 g8f8 h1h7 e3e2 d1c1 f7h7 g6h7	2321	0g0i0y191w
uDaB7	8/1p6/8/8/3kN1P1/2pp1P2/8/3K4 b - - 1 51	b7b5 g4g5 b5b4 e4d6 b4b3	2321	0g0p0z101l
ucr1w	3k4/8/8/1B2p2P/pp2P3/2p2P2/P1Kb4/8 b - - 1 35	b4b3 a2b3 a4a3 h5h6 d2h6 c2c3 h6c1 c3c2 a3a2 c2c1 a2a1q	2321	00080g0p1h1l1w
vIIHp	k3r3/5ppp/1Q3n2/P2p4/qbp5/8/2P1NKPP/3R3R b - - 10 28	b4c5 b6c5 f6e4 f2g1 e4c5	2321	050g0s10191n
vvPFI	rn3rk1/pp6/3pP3/2pP1p1p/2P3bq/2N2B2/PPQ2PRb/R6K w - - 0 23	f3g4 h2e5 g4h3	2321	0g0j0k11191o
w83xa	r1r5/pb2kP2/1p1ppnR1/2p5/q1PP3Q/2PBP3/P2N1P2/1K1R4 b - - 2 24	a4d1 b1b2 d1d2 d3c2 d2c2 b2c2 b7e4 c2b3 e4g6	2321	050g0s0t11191w
wKQwS	1k6/1P5R/3p4/2bPp3/2K5/p4P2/8/8 b - - 13 53	a3a2 h7h1 c5d4 c4b5 b8b7	2321	000g0p101l
wj1lW	4b2k/6p1/5pPp/p1pp1P2/P7/1PR5/2P2KP1/3r4 w - - 0 35	c3e3 e8d7 e3e7	2321	0g0p1o
xVW5N	r1q1r1k1/pp2bppp/2p2n2/2P1n1B1/3PN3/5Q2/PP4PP/4RRK1 w - - 0 20	d4e5 f6e4 f3f7 g8h8 g5e7	2321	0g0y1019
xmShr	8/8/pp2p2p/2p1k1p1/PPP3P1/4PKP1/8/8 w - - 0 38	b4c5 b6c5 a4a5 e5f6 f3e4 f6g6 e4e5 h6h5 g4h5	2321	0g0p1e1l1w1z
xvTBr	8/8/8/2k3p1/1p2K1P1/1B3P2/1n6/8 w - - 2 51	f3f4 g5f4 g4g5 f4f3 e4f3 b2d3 f3e4	2321	0g0p1l1w
yCmbK	4N3/8/2K5/2pP1k2/2B1p3/b1n5/8/8 w - - 2 58	d5d6 a3c1 e8g7 f5e5 g7e6 c3b5 d6d7 b5d4 e6d4	2321	000g0p1w
yEYck	8/1R2bkpp/r3bp2/8/2p2B2/3N1P2/5KPP/8 w - - 0 36	d3b4 e6c8 b7c7	2321	010p1g1o
yd1L0	6k1/8/4r3/P7/2pN2pp/2Pn4/2R3PK/8 b - - 3 43	g4g3 h2h3 e6e4	2321	0g0p1o
zye5j	3r1nk1/r4p1p/p2p2p1/1p1NpPPR/4P3/1P1B1nP1/1PP5/1K5R w - - 0 23	d5f6 g8g7 h5h7 f8h7 h1h7 g7f8 f5g6	2321	0g0i0y191w
0r8FD	8/p2r2r1/bp3R1p/3R4/6k1/6P1/PP3P1P/4K3 w - - 0 31	f2f3 g4h3 e1f2 d7d5 f6h6 d5h5 h6h5	2322	0p13171n1w
154tY	r4rk1/pp1q1ppp/3p4/2pNn3/4PNb1/2PP2P1/PP3R1P/R1Q3K1 w - - 1 20	d5f6 g7f6 f4d5 g8g7 d5f6 d7e6 c1g5	2322	010y191n1w
1hU1h	2kr3r/pbp1qp1n/1p2p1p1/4P2p/8/2PB3P/PP1NQPP1/R4RK1 b - - 0 16	e7d7 d3a6 d7d2 a6b7 c8b7	2322	0g1019
20OO2	r2k1b1r/pppqn3/3p1n1p/3Pp1NQ/4Pp2/2N5/PPP3PP/R1B2RK1 w - - 1 14	g5f7 d8c8 h5h4	2322	010s1c1o
22FyH	8/8/8/1P4k1/P3p2p/5K2/8/8 w - - 0 48	f3e4 g5g4 e4e3 h4h3 e3f2 h3h2 f2g2 h2h1q g2h1	2322	0g0p1e1w
2zlNT	8/R1R2pkp/4pnp1/1r1p4/3P2PP/4bPK1/8/8 w - - 0 33	c7f7 g7g8 f7f6 e3d4 a7a8	2322	010i0p10
49ZNK	3r2rk/5ppp/p7/2p1qP2/1p2nN1R/7P/PPP3Q1/6RK w - - 0 28	f4g6 f7g6 h4h7 h8h7 g2g6 h7h8 g6h5	2322	050y111317191g1n1w
4EU48	8/6p1/p2P2kp/4B3/4p3/5bP1/P2r3P/2R2K2 b - - 4 37	e4e3 c1e1 d2f2 f1g1 f2g2	2322	010p0r1011
52nFV	3r2k1/3r1p1p/2pq1Qp1/4N3/p7/4R1PP/P1P2P2/6K1 w - - 2 28	e5d7 d6d7 e3d3 d7d3 c2d3	2322	0g0p1011
5AFYY	r1b4r/pppq2pp/1bn3k1/3pP1N1/8/2P3Q1/P4PPP/RNB2K2 w - - 1 16	g5e6 g6f5 e6g7 d7g7 g3g7	2322	0g0i0j0k0r1019
5dDqJ	5b2/4k3/2p2p2/1P1K1Pp1/8/7p/8/6B1 w - - 0 39	d5c6 g5g4 g1h2 g4g3 h2g3	2322	080g0p101l
5njr2	4r1k1/pp5p/6p1/5p2/8/3RqnPP/PP4Q1/3R3K b - - 1 30	e3d3 d1d3 e8e1 g2f1 e1f1	2322	010d0p0r101n
6VyOY	3r2k1/p1prbp1p/3P2p1/2p5/P7/5B1P/2R2PP1/3R2K1 w - - 0 30	d6e7 d7d1 g1h2 d8e8 f3d1	2322	00010p101n
6sg4w	r4nk1/4q3/2p1P2R/3p2pP/p1pP4/P1N1Q3/1PP5/1K6 b - - 0 32	g8g7 h6g6 f8g6	2322	0g0p111o1t
7kvXM	5bk1/1q5p/1P1p2p1/p2Ppp2/P3P3/3Q4/5PPP/6K1 w - - 1 36	d3b5 f5e4 b5c6 b7a6 b6b7 a6d3 h2h3	2322	000g0h0p1w
8QTQG	6k1/2r2p1p/p3p1pb/N2p4/2P1R3/1B6/P5PP/2R3K1 b - - 0 30	d5e4 c1c2 h6e3 g1f1 e3b6 c4c5 b6a5	2322	010p0t1t1w
8zKHc	r1bq1rk1/ppppnpp1/2n4p/2b3N1/2B1P3/2P5/P4PPP/RNBQ1RK1 w - - 0 9	g5f7 f8f7 c4f7 g8f7 d1h5 f7g8 h5c5	2322	01050s1c1w
9B9l4	2R5/6p1/4p3/p3Pk1p/r4P1P/5PK1/8/8 w - - 0 41	c8f8 f5g6 f4f5 e6f5 e5e6 f5f4 g3h3 a4a3 e6e7	2322	000g0p1m1w
9OTlx	8/8/5k2/4R3/1p4pp/pK6/6P1/4b3 w - - 4 62	e5e1 f6f5 e1f1	2322	0g0p0t111o
9okv5	r5k1/5r2/7p/p1PQ2p1/1pP3P1/4pPq1/8/4RR1K w - - 1 38	d5a8 g8g7 e1e2 g3h3 h1g1	2322	0g0p0t10
A3rJj	r4rk1/1p4p1/p1q1p2p/2bnB3/7Q/P1N5/1PP3PP/R4R1K w - - 3 21	h4g4 c6d7 c3d5	2322	0g191o
AQvuQ	k1r4r/ppP5/5N2/2P1n2q/5Bn1/6P1/PQ3PB1/3R1K2 b - - 0 27	g4e3 f2e3 h5d1 f1f2 e5d3	2322	0j10131619
ASaBT	r3brk1/1pB1bppp/4pn2/1p1pN3/2NP4/P1PB3P/1P3PP1/R4RK1 b - - 0 16	d5c4 d3c2 f6d5	2322	0g191o
BQ602	r2qkbnr/p3p1pp/n4p2/1b2N3/3P4/4PQ2/1P3PPP/R1B1K1NR w KQkq - 0 11	f3h5 g7g6 e5g6 h7g6 h5b5	2322	0g101c
Blx84	rq3k2/pp3ppB/2p4p/2Pp1Q2/3P1nnP/2B5/PP3PP1/4R1K1 b - - 5 23	f4e2 g1f1 g4e3 f2e3 e2g3 f1g1 g3f5	2322	010s191n1w
BvKuq	r4rk1/ppp2p2/3p1p2/3Np3/2B1P2b/P2P4/1PP5/2KR4 w - - 2 20	d5e7 g8g7 e7f5 g7g6 f5h4	2322	010p0s10
CX7Md	2r4k/6b1/7p/6p1/1pB5/1K3R2/PP2QP2/2q5 b - - 6 38	c8c4 e2c4 c1d1 b3b4 d1f3	2322	0g0p0r0s101n
DIZSg	4Q3/4p1k1/1P1p1p2/3P1K1p/3B1P1b/7P/4q3/8 b - - 4 43	e7e6 e8e6 e2d3 e6e4 d3h3	2322	0p0s10111316
DXLoA	8/8/8/pp1Pkp2/P1P5/5K2/8/8 w - - 0 45	a4b5 a5a4 b5b6 e5d6 c4c5 d6c5 b6b7	2322	000g0p1e1w
DXo6N	8/pp1k1r2/4p2B/3p4/3nnP2/N7/P5PP/R4RK1 b - - 2 20	d4e2 g1h1 e4g3 h2g3 f7h7 g3g4 h7h6	2322	1317191g1n1w
DYnkg	8/3R4/R5pp/5kn1/P4n2/1B6/7r/5K2 b - - 0 45	h2h1 f1f2 g5e4 f2e3 h1h3 e3d4 h3d3	2322	0g0p0r1w
DyevV	r4rk1/1pq2ppp/p1nb1n2/2pp2Q1/5B2/P2P3P/BPP1NPP1/R4RK1 b - - 2 14	c6d4 e2d4 d6f4	2322	0g0i11191o
E3DDU	4r3/1R6/pP6/PkP5/4p3/4Kp2/8/8 b - - 0 78	e8f8 b7d7 f3f2	2322	000g0p11121l1m1o
EhW2Y	r1bqk2r/1p3p2/p2p4/2pPp1b1/2P1P1B1/P1N3p1/1PN3P1/R2Q1RK1 b kq - 1 19	g5e3 c2e3 d8h4 g4h3 c8h3	2322	010d0y10191n
F6tqr	r4r2/1ppk2pp/p1pb4/8/6n1/6P1/PPPPRPKP/RNB5 b - - 4 17	a8e8 e2e8 f8f2 g2g1 d7e8	2322	0g0i0w10191n
FSMx1	4r3/2pk2p1/Q1p3qp/3p1b2/P2P1P2/2P5/1R4P1/5RK1 b - - 0 29	f5d3 f4f5 g6g3 a6d3 g3d3	2322	0g0p0s10
FaBeO	2k4r/ppp2p2/4p3/1Pq1P1pp/3Bn3/P7/4Q1PP/RN3RK1 b - - 0 18	c5d4 g1h1 h5h4 e2e4 d4e4	2322	0g0s10191l
FlZQf	8/p1Q3pk/5bbp/5p2/5P2/P2r4/1P2R1PP/6K1 b - - 0 28	d3d1 g1f2 f6d4	2322	010p1o
Ft6cT	4r1k1/1RQ3pp/2p5/4Bn2/2Pn4/5P2/r5PP/4K3 b - - 9 38	a2e2 e1d1 e2e5	2322	01191o
GzaP3	r2r4/pR3pk1/2N5/4P1p1/2R3b1/6B1/P4PP1/6K1 b - - 4 32	d8d1 g1h2 a8h8 g3h4 h8h4 h2g3 d1d3 f2f3 g4f3 g2f3 h4c4	2322	01191w
HFdxE	q7/3N1Qpk/7p/8/3p4/5PP1/4n1KP/8 w - - 1 36	d7f6 h7h8 f6e8 a8e8 f7e8	2322	0g0p101g
IZxfA	r2qkb1r/ppp1nppp/2n5/1B1pQ3/8/P1N1PN1P/1Pb2PP1/R1B1K2R w KQkq - 4 10	f3d4 d8d7 b5c6 b7c6 d4c2	2322	01101c1g
InGiZ	2r3k1/pp3ppp/4p3/1b6/2N5/1P3qP1/P1Q2P1P/3R2K1 w - - 1 22	c4e5 b5e8 d1d8 c8d8 e5f3	2322	010p10
Jng9n	4rk2/8/3b2pp/4Np2/1p1PQ3/6qP/1P4P1/5R1K w - - 0 34	f1f5 g6f5 e4f5 f8g8 f5f7 g8h8 f7e8	2322	0g0p0r0s1n1w
KcSg2	r3k1r1/ppp2pPp/2n5/b5B1/2p5/5Q1P/P4PP1/qN3RK1 w q - 0 15	g5f6 a1f6 f3f6	2322	0g191o
LvqPs	r4rk1/ppp3pp/2n2q2/3p4/1b2p3/2P3NP/P2PQPP1/R1B2RK1 w - - 0 15	g3h5 f6g6 c3b4	2322	010w191o
M2Hx9	r2q1k1r/2ppp1bp/p1n2np1/3B4/3P1B2/1Q2PN2/PP3PPP/R3K2R b KQ - 2 11	a8b8 b3c4 b8b4 c4a6 f6d5	2322	011019
MQ02Y	8/2b5/3k2p1/1Kp5/P1P3P1/7P/8/8 w - - 3 47	h3h4 c7d8 h4h5 g6h5 g4h5	2322	080g0p10111l
Ml5bj	4r1k1/5p2/3p3p/P5p1/2p5/1Q6/1PKB2bP/R5q1 w - - 0 31	b3a4 g2e4 c2c3 g1g2 a4e8	2322	0g0p10
Nf44u	rr4k1/4ppb1/2p2Pp1/3pn1Np/p2q3P/P2B4/1P1Q1P2/1K1R2R1 w - - 0 24	d3g6 d4d2 g6h7 g8h8 f6g7 h8g7 d1d2	2322	00010y11191n1w
NtAQ1	5qk1/6r1/p6Q/7R/3pb1P1/7P/P4P2/6K1 w - - 1 43	h6e6 f8f7 e6c8	2322	010p0s1o
NubF3	4rrk1/2p2ppp/1pQ5/2b5/4pP2/3p4/5RRK/4q3 w - - 4 32	g2g7 g8h8 c6f6 c5e7 g7g8 h8g8 f2g2 e1g3 g2g3	2322	050k0m1318191n1w
P10bB	8/p4p2/1pp2k2/8/PP1P2K1/6P1/8/8 w - - 0 45	b4b5 c6c5 d4c5	2322	0g0p1e1o
Qovqf	2rr2k1/6pp/4p3/p1n4P/5P1R/3BP1P1/p1PKR3/B7 b - - 0 31	d8d3 c2d3 c5b3 d2e1 c8c1 e1f2 c1a1	2322	0g0s191n1w
RGBY1	r4rk1/1ppb1q1p/3p2pb/p2P4/4p1P1/PP2P1NP/3QB2N/2RR2K1 b - - 0 24	f7f2 g1h1 f2g3	2322	0g0s191o
Rx35P	5Q2/1k4r1/pp2P3/2p5/P2q1B2/4R3/1P3K1P/2q5 w - - 0 31	f8b8 b7c6 b8a8 g7b7 a8c8 c6d5 c8b7	2322	0g0i0p1w
SNTj2	6k1/7p/pp2p1p1/8/P3P3/2pP1P2/2Rb2PP/6K1 b - - 0 29	b6b5 a4b5 a6b5 g1f2 b5b4 c2d2 b4b3	2322	010p1l1n1w
TCfz7	8/6p1/1n1k3p/r2p4/P1pRp1P1/K1N1Pp1P/5P2/8 w - - 10 43	a3b4 a5a8 a4a5 a8b8 a5b6	2322	010p10
TM1z4	5r2/ppk5/7p/8/3Q2B1/6PK/q4r1P/5R2 w - - 4 40	d4c5 c7b8 c5d6 b8a8 d6f8 f2f8 f1f8	2322	060p13171w1y
TSvUy	r3k1nr/pp3ppp/2pp4/2b1p2b/2B1Pq2/P2PNP1P/1PP1QP2/R1B1K2R w KQkq - 3 12	e3g4 f4c1 a1c1	2322	0g191o1t
XHWs8	8/K4p2/3kp3/P7/8/8/6P1/8 b - - 0 38	d6c7 a7a6 c7c6 g2g4 e6e5	2322	0g0h0p101e
Z3Stn	8/8/6pp/5p2/3k1P1K/5PPP/8/8 b - - 0 54	d4e3 g3g4 e3f4 g4f5 g6f5 h4h5 f4f3	2322	0g0p1e1w
Z6Wbv	3q1b1k/1p5p/p1p3p1/n2p1p2/1Q1P4/2P2B1P/PP3PPB/5K2 w - - 2 29	h2c7 f8b4 c7d8	2322	0g0p1o
aHvkD	8/8/2p2k2/1p5K/1P5p/1P2Q2P/6q1/8 w - - 4 57	e3f4 f6e6 f4g4 g2g4 h5g4 e6d5 g4h4	2322	0g0p0r1i1w
abKFj	4r1k1/p5bp/3Rp1p1/2p5/2B1qr2/1Q6/PP3RPP/6K1 w - - 0 25	d6e6 e8e6 c4e6 g8f8 b3b8	2322	0g1019
bcF3w	2rq4/1p5p/4p3/1Q1pPp1k/pP1Bn1p1/P3P1P1/5PK1/2R5 w - - 0 29	b5b7 c8c1 b7h7	2322	0g0p111n1o
bvhIN	8/p4p2/2p2k2/2p2p1p/P4K1P/2PP2P1/8/8 w - - 0 28	a4a5 c5c4 d3c4 c6c5 a5a6 f6e6 f4g5	2322	010p1e1l1w1z
d34DD	3r4/pq1r1pk1/1p2p1p1/1Pp2nQR/2P1NP2/P2Pb3/6PP/2BR3K b - - 2 33	b7e4 c1b2 e6e5 b2e5 e4e5 f4e5 e3g5	2322	0g191w
eB3cS	r2qkbnr/ppp1pppp/2n5/1B2N3/6b1/2N5/PPPP1PPP/R1BQK2R b KQkq - 7 6	g4d1 e5c6 d8d6 c6e5 c7c6	2322	01101c
ex93L	3r2k1/pp3pp1/4P2p/8/3qQ3/8/P4PPP/2R3K1 w - - 0 25	e4d4 d8d4 e6e7 d4e4 c1c8	2322	000g0p10
gbSri	7k/ppp3pp/6rn/3QR1q1/3n1p2/1P1P3P/P1P2PP1/R4NK1 b - - 0 23	g5e5 d5e5 d4f3 g1h1 f3e5	2322	010510191g1n
goZHd	8/5bk1/1p4pp/pPpBPp2/P1P2P2/8/5K1P/8 b - - 0 43	f7d5 c4d5 g6g5	2322	080g0p1o
hCt0I	r1b2k1r/ppQp2p1/4q3/4Nnp1/8/8/PPP2PPP/4R1K1 w - - 0 18	c7d8 e6e8 e5g6 f8f7 g6h8 e8h8 d8h8	2322	0g191g1w1y
hIP7q	2r2b2/5k1p/2rqp1p1/1Q1p1pP1/3P1P1P/2P1R3/6B1/4R2K w - - 9 39	e3e6 d6f4 b5d5	2322	0b0g11191o
hOMCV	8/4B3/2p1p3/1p2P3/pKpP4/2Pk4/8/8 b - - 14 58	d3c2 e7f8 c2b2	2322	080g0p1o
hr2m9	5r2/1pp5/p1qk1b2/3N4/2P1p1Q1/3P2PP/PP4P1/5RK1 b - - 3 27	f6d4 g1h2 f8f1 g4g6 d6d7 g6h7 d7d8	2322	010h0i0j0p1w
hswhP	3rr1k1/5ppp/p3p3/6q1/1BQ2n2/P4B2/1P3PPK/2RR4 b - - 5 27	d8d1 c1d1 g5h4 h2g1 f4h3 g2h3 h4c4	2322	0g0j191w
hwsYA	6k1/5ppp/5b2/5P2/p2BB3/2p3P1/3R1PKP/8 b - - 0 32	c3d2 e4c2 a4a3	2322	000g0p11121o
kbm82	r2q1r1k/p4pbp/1pn5/3p1p2/2pP4/2P1P1NQ/PPB4P/1R4K1 w - - 0 25	h3f5 d8h4 g3h5 h4h5 f5h5	2322	0g1019
ksQyT	r2q1rk1/pp2bppp/2n5/5P2/2B1pP2/7R/PPPB2PP/R2Q2K1 b - - 0 17	d8d4 g1h1 d4c4 d2c3 f7f6 d1h5 h7h6	2322	0g0h0s191l1w
l5gqp	4r1k1/1p3qp1/p1p4p/P2pn3/3Qp3/2B1PrNP/1P2KP1R/3R4 b - - 7 32	f3g3 f2g3 f7f3 e2d2 f3g3	2322	0d0g10191n
lSuhT	5rk1/p2R2p1/4p3/4P3/5r2/1Q6/7P/6K1 b - - 0 37	f4g4 b3g3 g4g3 h2g3 f8a8	2322	010h0p101j
mjyAM	8/8/8/p1Q5/P2pK3/1P2b3/2Pk4/4q3 w - - 0 64	c5a5 d2e2 a5e1 e2e1 e4d3 e3d2 d3d4	2322	0g0p1w
n6Qgs	5rk1/p3ppbp/6p1/4nP2/8/2N4q/P2Q1PB1/R4RK1 b - - 0 20	e5f3 g2f3 g7e5 f1d1 e5h2	2322	0d0g0s10191n
nItwO	8/8/8/2pP2kp/1pPp1r2/1P2R1K1/6P1/8 w - - 4 53	e3e5 f4f5 d5d6 f5e5 d6d7	2322	00010p101m1n
nvrnl	2r2rk1/1pq2ppp/p3bn2/2b1p3/4P3/P1N1B1Q1/1PP1BRPP/R6K w - - 6 18	e3c5 c7c5 f2f6	2322	0g191g1o
pdlS1	rn2k2r/1p4p1/p2qppp1/b1pp2N1/3P4/2P2Q1P/PP3PP1/R1B2RK1 w kq - 1 16	c1f4 d6d7 g5e6	2322	01191o
pzEzo	5rk1/pp1Q1ppp/2p2qn1/8/5b2/1B6/PPPN1PPP/4R1K1 b - - 1 18	g6e5 d7b7 f4d2	2322	01191o
qLtbP	r1b1qr1k/ppp1n1bp/2npN1p1/4pp2/4PP2/1QPP2P1/PP4BP/RNB2RK1 b - - 6 11	c8e6 b3e6 d6d5	2322	01111c1o
rkdKZ	8/8/1p3kp1/1P1K3p/7P/5P2/8/8 w - - 0 52	f3f4 f6f5 d5c6 f5f4 c6b6	2322	0g0p101e1l
sAgCP	3rk1r1/1Q6/3p1p2/1N2p2p/P2PP1n1/5q1p/1P3P1P/2R2BK1 w - - 1 28	b5d6 d8d6 c1c8 d6d8 f1b5 e8f8 c8d8	2322	0i0r1317191g1n1w
sSEyd	1rb4k/Q5p1/pn1q1p2/3P4/4P2N/7P/P4PP1/1R4K1 b - - 1 36	b8b7 a7a6 b6c4 a6b7 c8b7	2322	0110191l
t5NuP	8/7p/1p1kn1pP/p1pB1pP1/2P2P2/PP6/3K4/8 b - - 1 35	e6f4 d5g8 d6e7	2322	0g0h0p111o
tUVX2	2r1k2r/1bqp1ppp/3bpn2/1N6/4PB1Q/2Nn4/PPP2PPP/2KRR3 w k - 1 15	c1b1 d6f4 b5c7	2322	0g0h11191o
vG09N	8/8/7p/5kp1/5p2/6PP/5PK1/8 b - - 2 47	f5e4 g3f4 g5f4	2322	0g0p1e1o1z
vfp2J	7k/pp3rbp/6p1/4n3/1PP3P1/4P1Pq/1BQ4P/1R2R1K1 b - - 2 26	e5f3 g1h1 f3e1 b2g7 h8g8 b1e1 f7f1 e1f1 h3f1	2322	0s1318191w
wSV5s	3r3k/pbp1qNrp/1p2p2Q/4Pp2/2BP1n2/2P4R/P4PPP/3R2K1 b - - 0 21	e7f7 h6f4 g7g2 g1f1 g2g4 f4h6 b7g2 f1e2 g2h3	2322	0d0g0s191w
xTmVS	3rk3/pQp1Bprp/3q4/3b4/2p5/2N2N2/P4PPP/3R1RK1 b - - 0 17	g7g2 g1g2 d6g6 g2h1 d5b7	2322	010510191g1n
xlgQ3	1k1r2r1/1pp2p1p/3p3n/1N1Pn3/4P2q/2N3P1/PPP1Q2P/R4RK1 b - - 0 20	g8g3 h2g3 d8g8 f1f3 e5f3 e2f3 g8g3 f3g3 h4g3	2322	0d0g0s191g1n1w
ylX6g	2r2rk1/p4q1p/Pp2R1p1/2b1Q3/8/8/1B3PPP/5RK1 b - - 2 29	c5f2 g1h1 f2d4 f1f7 d4e5	2322	0g101112191r
z7aRB	4b3/1p3P2/4K2p/2p5/2B4P/pP6/Pk6/8 b - - 0 57	e8f7 e6f7 b7b5 c4b5 b2a2	2322	080g0p101n
zXcqB	5rk1/p5pp/2p1N3/1p6/8/P2R4/1PP2q1P/1K1R4 w - - 0 23	d3d8 f8d8 d1d8 g8f7 d8f8 f7e6 f8f2	2322	0g0p1p1w
0MzuM	1n4k1/r1q1bpp1/p3p2p/1N2P3/1p6/2N1Q3/PP3PPP/3R2K1 b - - 1 22	a6b5 c3b5 c7c2 d1c1 a7d7	2323	0d0g0h1019
159vA	r6k/1pp1b2p/pn4q1/5RN1/2nP2p1/P2Q2P1/1PN4P/2B3K1 b - - 2 26	c4d6 g5f7 d6f7	2323	0g191o
17RI3	3r2k1/5pp1/rpp4p/8/P7/n1N2P2/1RP1K1PP/7R b - - 4 29	a3c4 b2b4 d8d2 e2e1 d2c2 b4c4 c2c1 e1f2 c1h1	2323	010p1n1p1w
2pLW6	8/6k1/1p4b1/1P3qQ1/5P1P/4p1P1/4P2K/8 b - - 3 46	f5g5 f4g5 g6d3 e2d3 e3e2	2323	000d0g0p101n
3YNBn	8/6p1/p5PP/4krNK/1P6/2PP4/8/8 b - - 6 46	e5f6 h6h7 f5g5 h5h4 g5g1	2323	0g0p10
5bC2M	1q1r1k2/1b2R1rp/4Qp2/8/2B1pP2/2R3P1/PPP4P/2K5 b - - 0 23	b8f4 g3f4 g7g1 c4f1 g1f1	2323	101316191n
6CFUR	8/8/1p4kP/2bK2P1/1p3P2/8/P7/8 w - - 5 47	f4f5 g6h7 d5e6	2323	080g0h0p1o
6FcSh	6R1/Q5p1/3P1pk1/1r3q2/4p3/1PK5/1PP2P2/8 b - - 12 48	f5e5 c3d2 e5d5 d2e3 d5g8	2323	0g0p0s10
6wPBa	2r3k1/4Bpbp/p5p1/4N3/3Pp3/P3P2P/1PnK1PP1/7R b - - 1 21	c2d4 e3d4 g7h6 d2e2 c8c2 e2d1 c2c1	2323	010p1n1w
7VzJ3	r5r1/2p4k/1pP1p2p/1P1pNb2/pQ1PpP1q/P3P1RP/6RK/8 b - - 12 36	f5h3 b4e1 h3g2	2323	0g0j0k191o
84tIh	r1q1nrk1/p1p2p2/1p5p/4Pb2/1b6/1PN1QN1P/1P3PPK/R3R3 w - - 0 20	c3d5 c8e6 d5b4	2323	01191o
8aBO8	1r3r1k/6p1/2p4p/4p2Q/P6P/3n1NR1/5qPK/R7 w - - 2 37	h5g6 f2a7 g6d3	2323	01191o
BI5sh	2k3r1/2p4p/1PRr4/4p3/3p1p2/3Pn1P1/3N3P/R6K w - - 1 32	c6d6 c7d6 a1a8 c8b7 a8g8	2323	0g0p101p
BMZ4J	r1b2br1/ppp2k1p/2np1P2/8/3B3Q/2N5/P1q3PP/4RRK1 w - - 4 17	h4h5 c2g6 h5d5 c8e6 d5e6	2323	0r10131619
CBdnB	8/1p6/p2kp1p1/P5Pp/3Pp2P/4P1K1/5P2/8 b - - 3 43	b7b5 a5b6 a6a5 b6b7 d6c7 g3f4 a5a4 f4e5 a4a3 e5f6 a3a2	2323	000g0p1e1l1w
CUgdl	6Q1/5R2/b3k1N1/3p3K/2pPp3/2P1P3/8/1q4r1 b - - 0 45	g1h1 g6h4 h1h4 h5h4 b1h1 h4g3 h1g1	2323	050g0p1n1w
DK82f	1r4k1/3nbppp/4p1b1/3pP3/3P1P2/B4N2/Q1q1B1PP/R5K1 b - - 2 23	c2a2 a1a2 b8a8 a2b2 e7a3	2323	0110111219
DrbpQ	4r1k1/p6p/6pB/5p2/4p3/7P/Pq2BPP1/3R2K1 w - - 4 28	e2c4 g8h8 h6e3 b2f6 e3d4	2323	010p101g
Dz0iL	8/5p2/1p1p1k1p/p1pP4/P1P2KP1/1P5P/8/8 w - - 0 35	h3h4 f6g6 h4h5 g6f6 g4g5 h6g5 f4g4	2323	0g0p0r1e1l1w1z
EBGNU	2r1kb1r/1p1b2p1/p3pp1p/3pN1q1/8/1P3Q2/PB3PPP/R3R1K1 w k - 0 22	h2h4 g5h4 e5g6 h4g5 g6h8	2323	010s1019
Ev6Hp	rr4k1/3q1ppp/8/3Q2P1/7P/p4P2/1P6/1KRR1B2 b - - 0 36	d7d5 d1d5 a3b2 c1d1 a8a1 b1c2 b2b1q d1b1 a1b1	2323	0001191h1w
F6sQH	1r1q1rk1/p3n1bp/1pn3p1/2p2p2/5P2/2NP3P/PPP3B1/R1B1QRK1 w - - 3 17	g2c6 e7c6 e1e6 g8h8 e6c6	2323	010s1019
GPvxT	1rb2rk1/1p2qpp1/BNn1pn1p/3p4/1P1P4/P3PN2/5PPP/2RQ1RK1 b - - 0 16	b7a6 c1c6 b8b6 c6b6 e7c7	2323	010j0t10191n
GRdy0	5r1k/1Q2n1bp/2PpB1p1/2PPp3/8/8/P2BKPPP/7q w - - 0 25	b7e7 h1b1 e7f8 g7f8 c6c7	2323	000g0t0y1019
HFU7K	2r5/6k1/4q1p1/p1p1PRQ1/1p6/4p2P/1P4PK/8 w - - 1 38	f5f6 e6e8 e5e6 e3e2 g5e5	2323	0d0g0p10
IRd78	8/R7/3ppkpp/p2r4/P2P1PP1/4K2P/8/8 w - - 0 46	e3e4 g6g5 f4f5 d5f5 g4f5	2323	0g0p101m
KDBKR	r3k2r/pp3pp1/2p1pb2/q2p1n1p/N2P1Q2/PP2B3/2P2PPP/R3R1K1 w kq - 4 18	e3d2 a5d8 f4f5	2323	01191g1o
KkLEI	r6k/1p3rpp/p4p2/2qpR3/4b2R/2P2Q2/P2B1PPP/6K1 w - - 1 26	f3e4 c5f2 g1f2 f6e5 e4f3	2323	0110111219
LGR8n	8/8/4pR2/3pP3/3Pk3/r7/3K4/8 b - - 9 61	a3a6 d2c3 a6c6	2323	0g0p111l1m1o
M3esc	2kr3r/pp1nqppp/1b3n2/2P3B1/Q5b1/2P2NP1/PP2P1BP/RN3RK1 b - - 0 12	e7c5 g1h1 g4f3 e2f3 c5g5	2323	0b0g1019
MDcDw	3r1rk1/1b2qppp/3Np3/p1n5/P7/2P5/2B1QPPP/3RR1K1 w - - 2 24	e2h5 h7h6 h5c5	2323	0g1112191o
NtOsR	r3r1k1/4qpp1/2p4p/p3Q3/1bP5/1P4P1/PB3P1P/R3R1K1 b - - 0 21	e7f8 e5g7 f8g7 e1e8 a8e8 b2g7 g8g7	2323	01191l1w
NxfoS	7k/p4pp1/4p2p/8/2PQP3/2P1nqPB/P6P/6K1 b - - 4 30	f3e2 d4e3 e2e3	2323	0g0p1o
OyPaO	1r6/1N1nk2r/p1p3p1/P4p1p/3R4/1R5P/2P3P1/6K1 w - - 3 33	b7c5 b8b3 d4d7 e7e8 d7h7	2323	010p0r101n1p
QVFuA	8/8/4p3/pp5p/3P1PpP/5k2/PP4p1/6K1 w - - 0 45	d4d5 e6d5 f4f5 d5d4 f5f6 d4d3 f6f7	2323	000g0p1e1l1w
Qy7zO	rnb2r2/p3kpp1/2pb3p/4N3/Np2n3/1B6/PPPB1PPP/2KR3R b - - 0 14	e4d2 d1d2 d6e5 h1e1 e7f6	2323	0g0h0w1019
RUUZD	8/1p4p1/p1p2k1p/P1P5/1P1Pp1PP/8/6K1/8 b - - 0 39	f6e6 g2f2 e6d5 f2e3 g7g6 g4g5 h6h5	2323	0g0h0p1e1l1w1z
TpvXF	r4r1k/p3qpb1/4bNpB/4p3/7Q/8/PPP2PPP/3R1RK1 b - - 0 19	g7f6 h6f8 f6h4 f8e7 h4e7	2323	011019
TtXVA	1rr3k1/4pp1p/2q3pb/2N1P3/2Q5/5N2/P1R3PP/2R3K1 b - - 8 28	h6c1 c2c1 b8b5	2323	01191o
TzpqD	2b2r2/pp1k1p1p/4p3/4Q3/7P/3BK3/q4P2/8 w - - 6 30	d3b5 d7e7 e5c5 e7d8 c5d6 c8d7 d6d7	2323	0p13171w
U777p	3q1rk1/3n2b1/p3p1Bp/1p2P3/1P1B4/P4R2/6PP/2Q3K1 b - - 0 25	f8f3 g2f3 d7f8 g6e4 d8d4	2323	0g0j1019
UCcXD	1B6/8/3b4/3k1p1p/5P2/3K3P/8/8 w - - 20 58	b8d6 d5d6 d3c4	2323	080g0h0p1o1z
V1h0l	5rk1/p1r1q1pp/1pb1pp2/1B4n1/Q1pPP3/P2N1P2/1PR3PP/2R3K1 b - - 2 23	c6b5 a4b5 c4d3 c2c7 d3d2	2323	000110191n
VKat0	7r/ppp2p1p/2p5/3kPB2/3P4/4K2P/PPP1N2r/8 w - - 1 26	e2c3 d5c4 f5d3 c4b4 a2a3 b4a5 b2b4 a5b6 c3a4	2323	0p13181w
Vsi71	8/5k2/p1p5/1pP1PK1p/1P6/P7/8/8 w - - 0 38	f5g5 f7e6 g5h5 e6e5 h5g5 e5e6 g5g6	2323	0g0h0p1e1w1z
X2reG	8/1Pk3r1/2P2p2/p7/P3K3/8/6p1/6R1 w - - 1 52	e4f3 g7g8 g1g2	2323	0g0p1m1o
X3C69	2rq1rk1/p3bppp/1p6/3n4/3p4/3Q1N2/PP1B1PPP/RN2K2R b KQ - 3 16	d5b4 d2b4 c8c1 e1e2 c1h1	2323	0g10111c1n1p
XUe7l	8/1R6/p3p1k1/3pPr2/3R1PK1/r7/8/8 w - - 2 38	b7e7 f5f7 e7e6	2323	0g0p111m1o
Xg1sU	r5k1/4qp2/2pp2p1/1p2p3/p3P1Q1/1BPn3P/PPR2PP1/5K2 w - - 0 24	g4g6 g8f8 b3f7 e7f7 g6d6 f8g8 d6d3	2323	0g0i0p0s1g1w
Xk7j9	3k4/R7/4Kp2/3P2p1/8/8/8/5r2 w - - 2 57	a7a8 d8c7 d5d6 c7c6 a8c8	2323	0g0p0r101m
YqKKn	1k1r3r/ppp2p2/7p/3R4/2P5/7Q/P1q2PP1/4R1K1 w - - 0 25	d5d8 h8d8 h3d7 d8c8 e1e8 c2d1 d7d1	2323	0g0p1w
ZgVD0	3rr1k1/4qppp/p7/7b/P2NP3/6Q1/3R1PP1/4R1K1 w - - 8 29	d4c6 e7d7 d2d7	2323	0g0s191o
c34SM	rn2rk2/pp5p/2q3p1/4Qn2/1b6/P2B1P2/2P3PP/4RRK1 w - - 0 24	e5h8 f8f7 d3c4 c6c4 h8e8 f7g7 a3b4	2323	010i0r191w
dmPOv	rnb2k1r/p3bpR1/2p1pN2/1p2P1B1/2pq4/8/PPQ2P1P/R3KB2 w Q - 2 16	g7g8 h8g8 g5h6 g8g7 h6g7 f8g7 c2h7 g7f8 h7h8	2323	051318191n1w
eNRdO	3r3k/p5p1/2q4p/1BP2p2/1P1b4/P5P1/7Q/2BR1K2 b - - 0 38	c6f3 f1e1 d4f2 h2f2 d8d1	2323	0j0r0s0x10131619
f3yxC	5rk1/pp3p2/q7/6N1/5R2/3QP3/PPr4P/3R1K2 b - - 6 31	f8d8 g5e6 d8d3	2323	0g191g1o
fU1n7	r4rk1/2p2p1R/2Qp2P1/p3q3/8/1pP2P2/4PPB1/1K1R4 b - - 0 23	e5e2 g6f7 g8h7 c6e4 e2e4	2323	011019
iUhxM	r6k/1p4Rp/p2pN1p1/3P4/4p1P1/1P1n4/P4rK1/7R w - - 0 35	g2g1 h7h5 g7g6	2323	0g0h0p1g1o
jfZBz	r2q1rk1/2pp2bp/1pn1ppp1/1N2P3/p1P2PPP/P3BQ2/1P1R4/2K4R w - - 0 18	h1d1 f6e5 d2d7 c6d4 d1d4 e5d4 d7d8	2323	0g191l1w
m9hlo	4bk2/4nppp/pp1P2q1/2p1B3/4Q1P1/2N4P/PP3P2/7K b - - 0 26	e8c6 d6e7 f8e8 f2f3 c6e4	2323	0g0h0p101g1n
meUtd	r3k2r/1pqnn1pp/pb2p3/3pP3/3B1NP1/3B2QP/PPP5/2KR3R b kq - 5 22	b6d4 f4e6 d4b2 c1b2 c7b6 b2a1 b6e6	2323	050g0s0t191w
n4XGz	6k1/2pNn3/4r3/p2p2pr/2p2Bp1/2q3Pp/PP3P2/1R2R2K w - - 0 31	b2c3 e6e1 b1e1 g5f4 d7f6 g8f7 f6h5	2323	010r0s0t191w
oPryK	4r2k/5p1p/p3q3/6R1/8/2Q5/PPP2PPP/6K1 b - - 4 30	f7f6 f2f3 e8c8 c3c8 e6c8	2323	0g0h0p10
ofczE	6r1/p7/2nBkp1N/2Ppp3/2p2Pp1/P3K2P/Pr6/R7 w - - 0 32	f4f5 e6d7 h6g8 c6d4 g8f6 d7c6 d6e5	2323	010p1w
ogNzC	r3kbnr/1p3pp1/p1n1B2p/2p1N3/8/8/PPP2PPP/R1BqR1K1 w kq - 0 13	e6f7 e8e7 e5g6 e7f7 g6h8 f7f6 e1d1	2323	01040k0m0s1c1w
or9NH	rn3rk1/5ppp/p3p3/1p1pB2P/3P1P2/8/PPP1q3/2KR2R1 w - - 0 22	g1g7 g8h8 g7g8 h8g8 d1g1 e2g2 g1g2	2323	050k0m0y1317191f1n1w
pVtTl	r7/3r1pkp/4bnp1/q7/1N2P3/P1Q2P1P/1PP3P1/2KR1B1R b - - 6 22	a5g5 d1d2 a8c8	2323	01191o
pc8RZ	2kr3r/1pp3bp/p5p1/3P3n/1qN1Q1b1/2N1B3/PPPR1P1P/2K4R b - - 0 24	g4f5 e4h4 g7f6 c4b6 b4b6	2323	011019
qHUJt	3b3r/2pk1ppp/R1N1p1b1/1pB1P3/p5P1/P6P/1r3P2/2R3K1 w - - 2 28	c1d1 d7c8 c6d8 h8d8 a6a8	2323	0g1019
qXN4v	8/8/3k4/p2P1ppp/P2K2P1/7P/5P2/8 b - - 0 45	f5g4 h3g4 h5h4 d4e4 h4h3 e4f3 d6d5 f3g3 d5e4	2323	0g0h0p1e1l1w1z
sTUCy	5r1k/1p3pRp/p3N3/5P2/4pb2/P1rb4/KP3q2/R2Q4 w - - 0 37	g7h7 h8h7 d1h5 f4h6 h5h6 h7h6 a1h1 f2h4 h1h4	2323	051318191n1w
svnMz	7k/p6p/3q1p1Q/4pP2/2BnP3/1PK3P1/2P3P1/8 b - - 8 35	d4b5 c3b2 d6a3 b2b1 b5c3	2323	0p101316
tCvby	1r3rk1/1p3ppb/p1p1pn1p/P1Pp2qP/NP1P2Pb/2Q1PP2/3B2K1/5BNR w - - 7 23	g1h3 f6e4 h3g5 e4c3 g5h7	2323	0110191t
vJHVh	8/4r1p1/p6p/1p1Pk3/8/1P1R1K2/6PP/8 w - - 4 41	d3e3 e5f6 e3e7 f6e7 b3b4	2323	0g0h0p101m
vNXZa	4r3/p3N2k/1ppp1qpr/7p/4Q3/1P2R3/P1P2PPP/1K6 w - - 0 30	e7d5 e8e4 d5f6 h7g7 f6e4	2323	0g0p0s10
vOayi	r4rk1/pp1q1pp1/2n1pb1p/1Bp1N2b/5B2/3P3P/PPP2PP1/R3QRK1 b - - 3 14	d7d4 b5c6 d4f4 e5d7 b7c6	2323	0g1019
vh7qL	r3k2r/p1p2ppp/2pbp1q1/3p4/3P2bN/2N1P3/PPPB1PK1/R2Q1R2 b kq - 5 13	g6h5 f1h1 g4d1	2323	0g191o
vtCfb	2r3k1/7p/1q1p1bpP/3Pp3/rP6/p1P2P2/N2Q4/1K4RR w - - 0 29	d2c2 a4b4 a2b4	2323	01191o
wKlGb	8/6p1/p4p1p/4p3/1Bp2kPP/P1Pb1P2/5K2/8 w - - 1 38	b4c5 e5e4 c5d6	2323	080p13151o
y9Gev	r3r1k1/pp2p1bN/1qnpb1p1/8/3P4/2P3P1/PPQN1PP1/2KR3R w - - 0 16	c2g6 e6f7 h7f6 e7f6 h1h8 g8h8 g6f7 g7h6 d1h1 e8e1 h1e1	2323	0d0g0i0r0y191g1n1w
zHBwA	2rqr3/p4pkp/b5p1/3p4/4p1n1/1P2P1P1/P2N1P1P/2RQRBK1 b - - 1 18	c8c1 d1c1 d8f6	2323	0g191o
zcsuf	2kr1b1r/pq4p1/3p3p/1NpnpN2/4n3/BP4P1/P4P1P/R2Q1RK1 w - - 0 18	d1g4 d8d7 g4e4	2323	01191o
zelHh	r1b1k1nr/p1q4p/2pbp1N1/2pp3Q/2P5/8/PP1P1PPP/RNB1R1K1 b kq - 0 11	c7f7 g6f4 d6f4 h5f7 e8f7	2323	01101c
1GX4P	1r1qk1nr/1b1p1pbp/B1n1p1p1/8/4P3/P1N2N2/2PPQPPP/1RB1K2R b Kk - 0 12	b7a6 e2a6 g7c3 b1b8 c6b8	2324	01101c
1bn2Z	8/3N2kp/p7/8/P2p1B1P/4q3/1rp2RP1/5RK1 b - - 1 35	c2c1q f4e3 c1e3	2324	000g0p1g1h1o
3nl6x	8/8/5K2/5P2/8/1p4k1/2r5/1R6 w - - 5 83	b1b3 g3g4 f6g6	2324	0g0h0p11121m1o
5fYDZ	5rk1/p5pp/2R1pr2/3p4/P2N1q1n/1P1Q3P/5PP1/5RK1 b - - 4 26	f6g6 g2g3 f4d4 d3d4 h4f3 g1g2 f3d4	2324	050g0s191n1w
7zAZv	2kr2nr/ppp2Q1p/4bbpP/4N3/6q1/2P1B3/PP2PP2/2KR1B1R b - - 0 17	d8d1 c1d1 g4a4 b2b3 e6f7 b3a4 f6e5	2324	01051c1k1w
8zcrT	r4rk1/ppp2ppp/8/4N3/5nb1/P1Qq4/1PPN1PPP/R1B2RK1 b - - 0 14	d3d5 d2f3 f4e2 g1h1 e2c3	2324	010s1019
9Wobz	6k1/1p1b1p1p/5np1/p3n1N1/3p1B1Q/P2B3P/1PP2PPK/4q3 w - - 10 26	g5e4 e1e4 d3e4	2324	0g11191o
9jKM1	6kn/p1pqPrpp/3n4/3Q2B1/5P2/8/PP5P/2R4K w - - 1 26	c1c7 d7c7 d5a8 d6c8 e7e8q	2324	000g0i10191h1n
9tm5f	3rk2r/p4ppp/2p1pnb1/4B2P/1n4P1/3P4/qPPNQPB1/2KR3R b k - 0 22	b4d3 c2d3 g6d3 e2d3 d8d3	2324	0g10191k
APAm5	1k1r3r/1p2bpp1/p2pq3/2p4p/2P1n3/1PN1B1P1/P2Q1P2/2KRR3 w - - 0 19	c3e4 e6e4 e3f4 e4e6 e1e6	2324	011019
B1Y7x	rn3k1r/pp6/2p1p3/4b1BB/3q2b1/8/PPP1Q1P1/RN1R3K w - - 2 20	e2f1 g4f5 d1d4 h8h5 d4h4	2324	0g10191g
C5Y19	2rq1rk1/1b2bppp/p3p3/1p1pP3/3P1B2/n2B1N1P/5PP1/R2Q1RK1 w - - 0 20	a1a3 e7a3 d3h7 g8h7 f3g5 h7g8 d1h5	2324	01050d0y1c1n1w
CvxvU	r1b5/1pp4p/p1nk4/3n2N1/8/8/P1K2PPP/3RR3 w - - 4 24	g5e4 d6e7 e4c3 e7f8 c3d5	2324	0g0j0k0r1019
Dgkqh	6k1/3q1pp1/1Q2p1p1/1p1pP3/pr6/R6P/5PPK/8 w - - 2 39	b6b8 g8h7 b8d6 d7c8 d6b4	2324	0g0p10
EihRQ	1r5k/1R3Qp1/6Bp/4q3/1Kp5/5P1P/P1P5/8 b - - 1 33	b8b7 f7b7 e5b2 b4c4 b2b7	2324	0g0p101p
Eyhz6	8/R6p/5Q2/2pq2rk/5p2/8/6P1/6K1 w - - 2 40	a7h7 h5g4 h7h4 g4h4 f6h6 g5h5 h6f4	2324	050p13171n1w
Gri9h	6BQ/1p4k1/4P1n1/5K2/8/1p6/8/8 b - - 0 58	g7h8 f5g6 b3b2 g8f7 b2b1q	2324	000g0p101h
Gw7jT	3k3r/R5qB/1p1pQ3/1P2b3/8/6r1/6P1/6K1 w - - 1 37	a7a8 d8c7 e6c4 c7d7 h7f5 d7e7 c4e6	2324	0r111317191w
HMqDI	5r2/3P4/6p1/8/2K3k1/2P3p1/8/6R1 b - - 0 54	f8d8 g1d1 g3g2 c4b5 d8d7 d1d7 g2g1q	2324	000g0i0p1h1m1w
IXzpL	3r2k1/1p3pp1/pQb1p2p/8/2Pr4/PP3PB1/6PP/2q2R1K w - - 0 29	f1c1 d4d1 g3e1	2324	0g0h0t191o
IiICx	8/8/2k5/ppP5/8/P1K5/8/8 b - - 1 47	c6c5 c3d3 c5d5	2324	0g0h0p1e1o1z
JO5G0	rn1qr3/ppp2pp1/7k/3n2Nb/3P1bP1/3Q3P/PPP2K2/R1B4R w - - 2 15	d3h7 h6g5 h7f5 g5h6 f5h5	2324	0r101316191n
KRRBl	r2q3r/1p1bk3/5n1p/1p1Qp1pB/2P1P3/3P2B1/PP4PP/6K1 w - - 0 23	d5c5 e7e6 c5e5	2324	1315191o
KebbF	r7/p1k1b3/2npQ2p/1p1Bp3/4P3/2PPq2P/PPK4P/R4R2 b - - 3 21	e3e2 c2b3 c6d4	2324	0g191o
MkKjW	r1b1k1nr/pp1pppbp/1q6/8/3nP3/1P2BN2/P4PPP/RN1QKB1R b KQkq - 1 8	d4f3 g2f3 b6f6 a2a4 f6a1	2324	0g101c1t
NjUFH	2r2rk1/pp1bppbp/1q1p2p1/8/3nPPn1/1PN1B1P1/P3N1BP/R2Q1R1K w - - 2 14	e3d4 g7d4 c3d5 d4a1 d5b6	2324	01101119
ORb0p	r4rk1/1b3ppp/p3pn2/1pq1N3/3n2P1/2NQ4/PP3P1P/RB2R1K1 w - - 5 21	e5d7 d4f3 d3f3 b7f3 d7c5	2324	011019
PZrVt	8/p7/1p1PKN2/8/2p5/P2k4/6b1/8 w - - 1 48	f6g4 c4c3 d6d7	2324	00010p111l1o
Pt6FK	1k1B4/pp3ppr/1bp3p1/3n4/4B1Q1/P2P2P1/1q3P1P/R4RK1 b - - 0 22	b6f2 f1f2 b2a1 f2f1 a1f1 g1f1 d5e3 f1g1 e3g4	2324	050g0i0s191w
QA4KN	8/p5pk/1P6/P4p1p/2Q1p3/1PN2nPP/3r1PK1/3r4 w - - 0 35	c3d1 d2d1 c4f1 d1f1 g2f1 a7b6 a5a6	2324	0g0p1n1w
RuFZA	8/5k2/4p1pp/1pb1P3/2P2PPP/P1QK4/6q1/2B5 b - - 2 46	b5c4 c3c4 g2f1 d3c3 f1c1	2324	010p0v10
SUxES	3r1r1k/6pp/2P5/1P1q4/2Q5/3p1pP1/3N1R1P/6K1 w - - 1 37	c6c7 d5c4 d2c4 d8c8 b5b6	2324	000g0p1011
VewS9	r4rk1/5pbp/p2p2pB/1pp1p2n/4P2q/P1NP1P1b/BPPQ1P1K/R3R3 w - - 4 16	h6g5 g7h6 g5h4 h6d2 h2h3	2324	0110191t
X9vvv	3r1k2/ppp1bppp/2n5/5b2/2BN4/1QB1qP2/PPP3PP/1K1R4 w - - 3 18	d4e6 f7e6 d1d8 f8f7 d8d1	2324	010h0j101119
XIIS0	4r1k1/1q4p1/1p1BPrpp/8/P3Q2n/1P5N/5P1P/3RR1K1 b - - 3 38	f6e6 e4e6 e8e6	2324	0g191o
YwAdR	3N2k1/Bp4b1/7p/3r1p2/7R/2Pb3P/PP2p1P1/R6K b - - 0 31	d3b1 a1b1 d5d1 b1d1 e2d1q	2324	00010d0s10191h1n
Z92fa	1r6/3R4/1p3pk1/1r4pR/2b1P3/5P1P/6PK/8 w - - 2 40	d7h7 g5g4 h5h6 g6g5 h2g3 f6f5 f3f4	2324	0p13171l1w
ZuRmd	7k/5B1p/5RpB/qb6/p2pP3/3P1QN1/6PP/2r1b1K1 b - - 3 32	e1f2 g1f2 a5e1	2324	050k0m1315191n1o
ZzwvB	r2q4/1p1kpr2/3pR2B/3P4/1pP3Q1/p7/7P/4K3 w - - 2 26	e6e7 d7e7 g4e6	2324	050k0m0p13151n1o
ajNhs	r2qk1nr/pp3pbp/2n3p1/2p1N3/4P1b1/2PP4/PP2B1PP/RNBQ1RK1 b kq - 0 9	g4e2 e5c6 d8d3 d1d3 e2d3	2324	01101c
bwgfE	r2qr3/pb1n1p1k/4pb2/2p3p1/2P5/1P3QP1/PB3P2/3R1RK1 w - - 0 22	f3h5 h7g8 d1d7	2324	01191o
c1v4O	3r1k2/4b1p1/1qp1ppQ1/pp1nBP2/3P2P1/2P4r/PP2B3/R4RK1 b - - 0 24	h3h6 g6h6 g7h6	2324	0g191o1t
cwqdb	r2k4/p1n3p1/2p2p1p/Q4p2/2PPb2N/6q1/PP3BPb/R4R1K b - - 6 29	g3h3 a5f5 e4g2 h4g2 h3f5	2324	010i0s10191g
czNeV	2k1rb1r/ppp1q1pp/2n1Qn2/3p2N1/3P4/2PB4/PP3PPP/RNB1K2R b KQ - 0 10	e7d7 e6e2 e8e2	2324	010h111c1g1o
dECd6	5r2/ppp2qkp/3pn1p1/7P/5p2/4Q3/PP4R1/6RK w - - 0 32	e3c3 g7g8 h5g6 f7f5 g6h7	2324	000g0i0k0m0p101g
dEORU	6k1/6pp/5b2/5N1K/1Q3P2/4P1P1/2r4P/5r2 b - - 0 48	c2h2 f5h4 g7g6 h5h6 h2h4 g3h4 f6g7 h6g5 f1g1	2324	0i0p13181f1w
dMen3	4r3/8/3k1P2/3pp1P1/8/8/6K1/4R3 b - - 2 48	e8g8 e1f1 g8g5 g2h3 g5g8	2324	0g0h0p0r101m
dwfrV	1r3r1k/6pp/bp1N4/1Qn1ppq1/2Pp4/3P2P1/P3PP1P/1R3RK1 w - - 4 20	b5c5 b6c5 d6f7 h8g8 f7g5	2324	0110191n
eCvJg	r4k1r/1p2nB2/p2qPb1p/2pp1p1Q/4pP1N/P6P/1PP3P1/R1B2K2 w - - 0 22	f7g8 h8h7 g8h7	2324	0g191l1o
f9NbP	r1b2k2/pp6/2pb2B1/3p1p1Q/P2P1P2/1P2q2P/5n1P/1R4K1 w - - 0 32	h5h8 f8e7 h8e8 e7f6 e8f7	2324	0r10131619
fFHiC	rnb1k2r/pp3pbp/4pnp1/2p3B1/2B1P3/2N2N2/PqP2PPP/R2QK2R w KQkq - 0 9	c3b5 e8g8 a1b1 b2b1 d1b1	2324	0g10191t
fLXij	8/pkp5/1p6/PQ3p2/1b2rP2/3RB1R1/5KP1/7q b - - 0 36	h1e1 f2f3 e1f1 e3f2 f1e2	2324	101316191u
gCYF5	8/pK6/8/4k3/8/8/P7/8 w - - 3 49	b7a7 e5d6 a7b6 d6d7 b6b7	2324	0g0h0p101e
hFbvc	8/1pp1k2p/p1prPpp1/8/1qP1Q1P1/5P1K/1P5P/4R3 w - - 0 32	g4g5 f6g5 e4e5 b4e1 e5e1	2324	010p10
iDyRa	r4rk1/pb3ppp/1q2p3/1pnnP1BQ/2p1N3/6P1/PP3PBP/3R1R1K w - - 0 17	d1d5 e6d5 e4f6 g7f6 g5f6	2324	010y1011191n
iuVK9	r1b2Nk1/1p4p1/p1n1pq1p/3p4/1P1P2n1/P2B4/2Q1NPPb/R1B2R1K b - - 0 18	f6h4 f8g6 h4h5 c1g5 h6g5	2324	0g1019
ix3dY	2kr4/1pp3pp/1p3p2/8/1P1nr3/P7/1B1R1PPP/R4K2 w - - 0 23	f2f3 e4f4 g2g3 f4f3 f1g2	2324	010h0p10
jjsQw	3rr1k1/q4pp1/2n4p/pp2p3/3PP1nN/2P5/PP1QB1PP/R4RK1 b - - 0 18	c6d4 c3d4 d8d4 d2a5 a7a5	2324	0g1019
jktop	8/p4kbQ/2p2r2/3p4/7P/2qB4/PrP5/2K3RR b - - 3 26	b2b1 c1b1 c3a1 b1a1 f6f1	2324	050k0m101316191f1n
kKhwC	r1b2k1r/pp4pp/1q1NpP2/2bpn3/5Q2/4B3/PPP2PPP/R3KB1R b KQ - 2 14	b6b4 f4b4 c5b4 c2c3 b4d6 f6g7 f8g7	2324	010s1c1w
kplkm	5Q2/8/1k1n3B/1pp5/pq6/7R/P1B1r1P1/R1KNr3 b - - 0 38	e1d1 c1d1 b4e1	2324	051315191n1o
kuwsy	r4b1r/pp2kp1p/3qp2p/3p4/1Q6/5N2/PP3PPP/2R1K2R w K - 2 18	b4b7 e7f6 b7a8	2324	0g0s191o
kwtGg	rn2kb1r/pp3ppp/1q2p1b1/2p1P1B1/4n3/2P2N2/PP1N2PP/R2QKB1R w KQkq - 1 12	d1a4 b8c6 d2e4	2324	01191o
l1rX7	8/8/p2k1Ppp/1p1P4/4K2P/8/8/8 w - - 0 54	h4h5 g6h5 e4f5	2324	0g0h0p1e1o
nAZxy	6k1/R7/4r2p/3P2p1/1P2p2q/2P1Qp1P/5P1K/8 b - - 0 40	g5g4 a7a8 g8h7 e3a7 e6e7	2324	0g0h0p10
oPT9X	8/4k1p1/7p/p1PK1P2/8/8/7P/8 w - - 1 37	d5c4 e7d7 c4b5	2324	0g0p1e1o
oV0SB	4r1k1/B4p1p/6p1/5q2/5P2/1P4Pn/P3R1KP/5Q2 b - - 4 32	f5d5 g2h3 d5h5	2324	010p1n1o
p3qH8	3r4/pp5k/2q2b1p/5p2/4p3/1Pn3P1/P1Q2PBP/2RR2K1 b - - 5 28	c3d1 c2c6 b7c6	2324	01191o
pLLnR	2rr2k1/5ppp/bp1b1nq1/p3p1B1/P1PN3Q/1P3N1P/5PP1/R2R2K1 w - - 0 23	d4c6 c8c6 f3e5	2324	0111191n1o
pyZyi	r6k/pp3p1r/2p2N1p/8/3PR3/2P5/PP3Pq1/1K2R3 w - - 2 29	e4e8 a8e8 e1e8 h8g7 f6h5 g7g6 h5f4 g6f6 f4g2	2324	010p0r0s1w
qCghY	8/8/8/1P3Bp1/4R1P1/P1k2P2/3p2KP/3r4 b - - 0 47	d1e1 e4c4 c3c4	2324	0g0p111o
r4A2S	r4qk1/pR2b3/2p1p3/2PnBrp1/2QPN2p/4P2P/P4PK1/7R b - - 1 24	f5f2 g2g1 f2g2 g1g2 d5e3 g2h2 e3c4	2324	050g0s191n1w
rxBIu	r3kb1r/pp3ppp/1q2p3/3pn3/3n2Q1/1P1BB2P/P4PP1/RN2K2R w KQkq - 0 14	g4d4 b6d4 d3b5	2324	011c1o
s6LsN	r1bq1rk1/1p1nppbp/p4np1/2PNN3/5B2/4P3/PPP1BPPP/R2QK2R b KQ - 0 9	f6d5 d1d5 d7e5 d5d8 f8d8	2324	0g10111c
sHB46	3rr1k1/ppp1qp2/7p/6p1/2Qn4/5RPP/P1P3P1/5R1K w - - 0 22	f3f7 e7e6 c4c7 e6e5 f7f8 e8f8 f1f8 d8f8 c7e5	2324	010y191w
tx3lO	4r3/5p2/5k1P/3p3K/8/6R1/8/8 w - - 5 57	g3f3 f6e7 f3e3 e7d7 e3e8 d7e8 h6h7	2324	000g0p0r1m1w
uCfDr	r2qkb1r/pQpn1ppp/5n2/3p1b2/8/5NP1/PP1PPPBP/RNB1K2R b KQkq - 2 7	d7c5 b7b5 c7c6 b5c6 f5d7 c6a8 d8a8	2324	010h1c1t1w
wc9Wc	1k3b1r/p1p3p1/Qp3p1p/3nB1q1/8/6N1/PP3PPP/4R1K1 w - - 0 22	e5f4 g5g6 e1d1 f8c5 d1d5	2324	011019
xMShA	8/7k/1p2Q3/p2pPp2/3Pq3/1P4KP/P4PP1/2b5 w - - 3 42	e6d7 h7h6 d7c6 h6g5 c6c1 f5f4 g3h2	2324	0g0p0r0s1w
xyhD2	6k1/1pb3r1/2p2pqp/p1Pp4/P2P1P2/1Q2R1BP/1Pn3BK/8 w - - 8 33	g2e4 f6f5 e4c2	2324	0g0v191g1o
xyliQ	8/8/2p5/2p2p2/P1P2Np1/1P2K1k1/6P1/3n4 w - - 1 42	e3d2 g3f4 a4a5	2324	0g0h0p0z1n1o
z5f9o	r1b1k2r/ppp1bpp1/7p/6N1/7Q/1P6/PP1q1PPP/R3R1K1 w kq - 0 16	e1e7 e8e7 g5f3 e7f8 f3d2	2324	0g0j0k10191n
z7bNl	3rr1k1/1bq3bp/p5p1/1p6/2pBpn2/P1P4P/1PB1N1P1/3RR1QK w - - 0 33	d4b6 f4e2 b6c7	2324	0111191o
zoRhe	k5r1/1p1P3p/pQ6/1b6/8/7P/P5r1/2R4K b - - 0 39	b5d7 c1c7 d7c6 c7c6 g2g1 b6g1 g8g1 h1g1 b7c6	2324	0g0p0r1l1n1w
ztN8T	2Q5/1pN2ppk/3p2p1/p6r/5P2/P7/1P3KPq/2RR4 b - - 0 27	h2f4 f2e2 h5e5 e2d3 e5e3 d3c2 f4e4 d1d3 e4d3	2324	0n0p13181w
zvS2x	r2qr1k1/1pp2b1p/p4pp1/8/3n1b2/P1NB1N1P/1PQ2PP1/R3R1K1 w - - 0 20	e1e8 f7e8 f3d4 d8d4 c3e2 d4e5 c2c4 e8f7 c4f4	2324	010d0w11191w
1vyy2	3r2k1/3N1p1p/p2p2p1/1p6/1P6/P3q2P/6P1/b2Q1R1K w - - 2 24	d1a1 d8d7 f1e1 e3e5 e1e5	2325	010p10
2BhtX	7k/1B5p/4p3/p1N1Pp2/1pbp1P2/2b5/2K4P/2B5 b - - 3 40	a5a4 c5a4 d4d3 c2b1 d3d2 c1d2 c3d2	2325	000g0p0r1l1w
2NmSz	1k6/3n1p2/1b2P1p1/1r2P2p/4BP2/3K4/6PP/8 w - - 0 35	e6e7 d7e5 d3e2 b8c7 e7e8q	2325	000g0h0p101h
2mmsm	r6k/p1pp4/1p2p2b/4PrNq/3P1n2/2P2NR1/PP5P/4R1QK b - - 4 27	h6g5 f3g5 f5g5 g3g5 h5f3 g5g2 a8g8 e1f1 f3g2 g1g2 f4g2	2325	010y191n1w
3RnF6	2rr2k1/ppq1nppp/3R4/4p3/1Q2P3/8/PPPR1PPP/2K5 w - - 5 18	d6d8 c8d8 b4b7	2325	01191o
3SaAj	5R2/8/2R2np1/p4pk1/8/8/6PK/r7 b - - 5 57	f6g4 h2h3 a1a3 g2g3 a3a2 c6g6 g5g6	2325	0g0p1l1w
3uuoT	r3k2r/pp2nppp/2n5/q1PpPb2/8/2NB1N2/PP3PPP/R2QK2R b KQkq - 2 11	d5d4 d3f5 e7f5 e1g1 d4c3	2325	0g1019
4DrpH	r2qk2r/pp1n2p1/2p1N3/7p/6n1/2NP4/PPP3PP/R2Q1R1K b kq - 0 15	d8h4 e6g7 e8d8 h2h3 h4g3 h3g4 h5g4 h1g1 g3e3	2325	010j0k0y191n1w
6b5Pp	6R1/2r5/p1k1p3/3rPpQ1/3P3p/3R1K2/P5P1/7q w - - 6 56	d3c3 c6b6 g8b8 b6a7 c3c7 a7b8 c7c1 h1c1 g5c1	2325	0g0i0p0r111r1w
7Tnje	1r5k/p5Rp/4N1p1/P2Pp3/3p4/Q3n1P1/1r3qBP/6RK b - - 0 31	f2g1 h1g1 b2g2 g1h1 b8b1 a3c1 b1c1	2325	050j0y1317191w
AKR8i	1r4k1/p1pbqp1p/2pp2p1/5P1Q/4r2n/1BP1B3/P1P3PP/4RR1K w - - 0 19	f5g6 h7g6 f1f7 g6h5 f7e7 b8b3 e7e4	2325	0g0j0k0y11191w
AQeta	4r1k1/p1pr2pp/4n3/5b2/3N4/1P4B1/P4PPP/3RR1K1 b - - 0 24	e8d8 g3h4 g7g5 h4g5 e6g5	2325	011011191l
BxX7P	R7/P4p2/6p1/5k1p/7P/r4P2/6K1/8 b - - 2 42	f5f4 a8b8 a3a2 g2h3 a2a7	2325	010p101m
DI5Ba	8/6p1/5p2/8/1N3P1p/1K2k2P/6P1/8 b - - 0 51	e3f2 b3c4 f2g2 c4d5 g2h3	2325	0g0p0z10
DQYl6	8/2p1b3/7k/1p1Pp2P/1Pp1P3/2P2Rp1/2K5/8 b - - 2 44	e7h4 f3f1 h6h5 c2d2 h5g4 d2e2 g3g2 f1g1 g4g3	2325	000g0h0p1l1w
DdlfF	2kr2nr/pp4R1/2np1q2/2p1p1Q1/4P2p/2PP1B2/PP3P2/RN2K3 w Q - 3 16	f3g4 c8b8 g7g8 f6g5 g8g5	2325	011019
EOnLe	1Q3bk1/1p3p2/pNp5/4pB1p/2P1P1pq/7n/PP1R1P2/5R1K b - - 2 26	h3g5 h1g1 g5f3 g1g2 h4h2	2325	0j0k0r0s101112131619
EZirD	4r3/5ppk/2b1p3/p2pP2P/n2q1B2/Q4P2/2PKB3/1r1R3R w - - 3 28	a3d3 d4d3 e2d3	2325	0g191o
F8rpf	2Q5/3q4/k2Np3/1p2P1P1/n1p5/2P1P1p1/8/5K2 b - - 2 43	d7c8 d6c8 b5b4	2325	0g0p111o
FFYNY	4rr2/pR4k1/2q5/3Q2B1/3P4/P1P5/5PPP/6K1 b - - 0 29	g7h8 g5f6 f8f6 d5h5 f6h6	2325	0g0h0p10
Hl9vD	2k3r1/5p2/p2p1q2/2pP4/4P1Pr/1P1P1PQ1/P4KP1/1R3R2 b - - 2 28	g8g4 g3g4 h4g4	2325	010p1g1o1t
I4eoU	3qr1k1/pp5p/6p1/3Nnp2/1PrQR3/3n4/PB4PP/5RK1 w - - 1 28	d4c4 e5c4 e4e8 d8e8 d5f6 g8f7 f6e8	2325	01050s191n1w
JAN4P	8/4p1k1/5pP1/3Pp2Q/4P3/6K1/5P2/2q5 b - - 6 50	c1g1 g3h3 g1h1 h3g4 h1e4	2325	0g0p0r1011121i
KMHWo	r2q1rk1/pp3pp1/3bp3/1B5p/8/5NP1/PPP2n1P/R2QR1K1 w - - 0 17	g1f2 d8b6 f2g2 b6b5 d1d6	2325	010t1019
L6YEO	8/4Q2p/6pk/3p4/p4P2/2qP3P/6PK/8 w - - 5 36	g2g4 c3d2 h2g3 d2e1 e7e1	2325	0g0h0p101i1l
LuL6b	r1bq1rk1/pnn2ppp/2Qb4/4p3/2P5/3P1N2/PP2BPPP/RNB2RK1 b - - 0 14	b7c5 b2b4 c8b7 c6d6 d8d6	2325	010d101c1t
MMDLx	r2q1rk1/pp3ppp/2N1pb2/2P4n/1P1p2bP/P2BQ3/1BPN1PP1/R4RK1 b - - 0 16	d4e3 c6d8 f6b2	2325	0g0j11191o
MMgSE	r4rk1/ppp2ppp/2bq1n2/3p4/3N4/P1PBP1P1/1P3PP1/R2QK2R w KQ - 5 15	d3h7 f6h7 d4f5	2325	0g0y191n1o
MR4HC	1k6/pp2p1B1/n1q5/3p1pn1/5N2/6K1/1Pr5/3Q3R w - - 0 36	h1h8 b8c7 f4d5	2325	0g11191o
MkoIe	2k3rr/pp1b1p2/2n1pQ2/2Pqn3/2PNp3/P3B3/2P1BPPP/R4RK1 b - - 0 17	c6d4 c4d5 d4e2	2325	0g0y191n1o
Mx6iT	6k1/ppq2pp1/7p/B3P3/P4P2/1P1r4/2b3QP/K1R5 b - - 5 33	c7c5 g2c2 c5a3 a1b1 d3b3 c2b3 a3b3	2325	0g0p0r11121n1w
Nreb3	8/6R1/4k1p1/1ppp1r2/5PK1/2P5/2P5/8 w - - 0 38	g7g6 f5f6 g4g5 f6g6 g5g6	2325	0g0p101m
PHOoH	r1q1k2r/p1pn2pp/1pNbpp2/8/Q4B2/2P3P1/PP2PPKP/3R1R2 b kq - 3 14	d7c5 a4c4 c8b7 f4d6 b7c6 f2f3 c7d6	2325	0g11191g1w
QPt4I	r3r1k1/pbq2p1p/n1pR2p1/4b3/BP3Q2/P4N2/2P2PPP/5RK1 w - - 1 20	f3e5 c7d6 f4f7 g8h8 f7e8 a8e8 e5f7 h8g7 f7d6	2325	0g0s191n1w
QfuVP	8/p4pp1/8/8/6PP/2K5/5kP1/8 w - - 1 47	g4g5 g7g6 g2g4 f2g3 h4h5	2325	0g0p101e1l
QwMgc	2r2rk1/1b1nbppp/4pn2/1qp1p1B1/2N5/1B1P1N2/1P3PPP/R2QR1K1 w - - 2 18	b3a4 b7f3 d1f3 b5b4 a4d7	2325	011019
R98wy	r1b2k2/2q1n1rQ/pp1Nppp1/2P1p3/8/1N1B4/PP4RP/6K1 w - - 2 25	h7g7 f8g7 d6e8 g7f7 e8c7	2325	01050r0s1011191n
STgcd	8/4k3/p2r4/1p1R2p1/1P4P1/1P1K4/8/8 w - - 3 60	d5d6 e7d6 d3d4 d6e6 d4e4	2325	0g0h0p101m1z
SZqP7	3r3R/p1p1k3/3p1Npp/5b2/1rPB4/6P1/P4P1P/6K1 w - - 2 29	f6d5 e7e6 d5b4 d8h8 d4h8	2325	0g0p0s10
Sk0iG	8/8/1R1P4/p5k1/5pp1/1P1r4/5P1P/6K1 b - - 0 45	d3d1 g1g2 f4f3 g2g3 d1g1	2325	0p1013161m
TNVau	3r1rk1/ppq1nppp/3b4/3Bn3/8/2P3N1/PP3PPP/R1BQR1K1 b - - 0 15	d6c5 c3c4 e5c4	2325	01191o
Tf0d9	r3rb2/pb3k2/3q1Pp1/3P2Qp/2p1R3/2p2P2/P5N1/3R1K2 w - - 2 35	g2h4 d6f6 e4f4 f6f4 g5f4	2325	011011191g
VKQe7	6k1/pp4bp/2p3p1/5pN1/5r2/3R3P/PP4K1/8 w - - 0 32	d3d8 g7f8 g5e6 g8f7 e6f4	2325	010p1011
X0KI9	8/8/3K1p1p/8/5kP1/7P/8/8 b - - 4 42	f4g3 d6e6 g3h3 e6f5 h3g3	2325	0g0p101e
YBwCv	7k/6pp/8/p1p5/PpBqP3/1P1Q1PP1/6KP/3n4 b - - 2 39	d1e3 g2f2 e3c4 d3d4 c5d4	2325	0g0j0k0p10
YxRCE	rn1qk2r/pQp2ppp/5n2/4P1B1/6b1/8/PPP3PP/RN2KB1R b KQkq - 0 9	d8d1 e1f2 d1d4 g5e3 f6e4 b7e4 d4e4	2325	0g0r1c1w
ZKf7S	6k1/1p2Qpp1/1qb4p/5r2/1P6/8/5PPP/3R1BK1 w - - 3 32	e7d8 b6d8 d1d8 g8h7 f1d3 g7g6 d3f5	2325	0g0p1g1w
ZUVuI	2R5/4Q3/p4ppk/1p6/4P3/1P2bP2/3rq1PP/7K w - - 2 35	c8h8 h6g5 h2h4 g5f4 e7c7 d2d6 c7d6	2325	0p13171w
ZjWOU	2r5/4k1P1/R7/8/5PP1/1pp5/4P3/2K5 b - - 1 52	b3b2 c1c2 c8b8	2325	000g0h0p1m1o
aRhZr	8/4k3/6p1/5p2/5P1K/7P/8/8 w - - 4 53	h4g5 e7f7 g5h6 f7f6 h3h4 f6f7 h6h7	2325	0g0p111e1l1w1z
aXAvz	3R4/pq3p2/1p2p1pk/4P2p/1Q2bn2/P7/1P5P/6K1 w - - 2 37	h2h4 f4h3 g1h2	2325	0g0p11121l1o
bCsPy	8/4k3/pb2pp2/1p1Pn3/1Kp5/N1P5/PPBr3P/R4R2 b - - 1 34	e5d3 c2d3 d2b2	2325	1315191f1n1o
bEi1G	8/8/p4p2/3kp1pp/PPp4P/6P1/1P2KP2/8 w - - 0 37	g3g4 g5h4 g4h5	2325	0g0p1e1o
bIg90	2k4r/1pprq3/3bpn1p/pN2p3/P3P3/1Q2B2p/1P3PP1/2R1R1K1 w - - 0 21	b5a7 c8d8 a7c6 d8e8 c6e7	2325	0g10191k
bXv8H	r1b2rk1/ppN3bp/3p2p1/7q/2PnP3/3P2BP/PP1Q1PB1/R3K2R b KQ - 0 16	g7h6 d2d1 h5a5 b2b4 a5c7	2325	0g0s10111219
bqfR8	r5k1/5ppp/p2Nb3/8/3Bpn2/PP6/5PPP/4R1K1 b - - 2 24	a8d8 e1e4 d8d6 e4f4 g7g5 f4e4 f7f5 e4e5 d6d4	2325	010p1w
cAre2	2rqr3/1b3pbk/pp1p2pp/8/P2Bn3/2NB3P/1P1Q1PP1/2RR2K1 w - - 0 20	d3e4 b7e4 d4g7 h7g7 d2d4 d8f6 d4f6	2325	0105191w
dX7in	r4rk1/1bq2p2/p3p3/1pp1N1p1/5P2/2PBp3/PP5P/2KR2R1 w - - 0 22	g1g5 g8h8 d1g1 f7f5 g5h5 c7h7 e5g6	2325	0g0y191g1l1w
dk5k7	r1q3k1/4b1p1/p1pp3p/1p2p3/3NP1Q1/1P5r/1PP2P2/R4RK1 w - - 2 22	d4f5 e7g5 g4h3	2325	0g191o1t
dmMvi	r2k1b1r/ppp2Qpp/2b1P3/2p5/2B1n2q/8/PPP2PPP/RNB2RK1 b - - 4 13	e4d6 f7f4 h4f4 c1f4 d6c4	2325	0b0g0s101c
fgUbu	3rk2r/p4p1p/3B2p1/qp6/2p5/5Q2/Pb3PPP/3K1B1R w k - 7 20	f3c6 d8d7 c6e4 b2e5 e4e5 e8d8 e5h8	2325	0s1317191w
g23K7	1br1r1k1/1p2qppp/p7/5Q2/2B5/8/P4PPP/2RR3K w - - 6 33	c4f7 e7f7 f5c8	2325	010s11191o
gKvvd	Q4nk1/5ppp/8/8/5Pbq/1NPPB3/Pr4PP/R5K1 b - - 3 23	b2e2 a1f1 e2e3	2325	01191o
htp0c	6qk/p5pp/1p6/5Q2/5Bn1/6P1/PP2r2P/5RK1 b - - 0 31	g8a8 f1f3 g4h2 f4d6 h2f3	2325	0g0p101l
k8LYQ	2k5/8/2pp4/p7/PpK1n1P1/1B5P/1PP2r2/4R3 b - - 1 38	f2d2 e1e4 d6d5 c4c5 d5e4	2325	0g0p0s101n
lhXkX	r2qnrk1/pp1b3p/6p1/3pP2Q/8/1P6/PB4PP/2R2RK1 w - - 0 20	f1f8 g8f8 h5h7	2325	0g0y191o
ngjXk	2r5/pR1R3p/2r3pk/5p2/8/P1n1P2P/5PP1/6K1 w - - 0 40	d7h7 h6g5 b7f7 c3e2 g1h2	2325	010h0p10
nv7YH	6k1/p5p1/1p3q1p/5p2/2R1pP2/1QR1P1PK/P2r3P/7r w - - 9 31	c4d4 g8h7 d4d2	2325	0g0j0k0p1o
oBDr1	6k1/1b2r1pp/p3P2P/8/5RQ1/3p4/PP2q1P1/7K w - - 1 34	f4f8 g8f8 g4f4 f8g8 f4b8 b7c8 b8c8 e7e8 c8e8	2325	050p13181g1n1w
orJTC	r1bq1rk1/ppp3pp/2n5/3pP3/7n/1P1B4/PB1N1PPP/R2Q1RK1 b - - 0 13	d8g5 g2g3 g5d2 d1d2 h4f3	2325	01101c1n
ppTA1	8/5p2/8/1pk2bP1/5P2/N7/3K4/8 b - - 1 44	b5b4 a3c2 b4b3	2325	0g0p111o
qSwY6	r3r1k1/1ppqbp1n/p1np3Q/8/3PP3/2N2B1P/PP3PP1/R3R1K1 w - - 1 17	f3g4 e7f8 h6h7 g8h7 g4d7	2325	010y1019
qxZW0	6k1/3b2p1/2p1q1p1/1p2Q2p/4Pn1r/1P2NP2/P7/1K1R1B2 w - - 1 41	e5g5 h4h1 g5f4	2325	01191o
tiUlC	4r1k1/1p3ppp/2p1q3/3p4/4n3/B1b2Q1P/rPB2PP1/3RR1K1 w - - 0 23	e1e4 d5e4 f3c3	2325	010b0w11191o
tznnl	5R2/6pk/2q5/p5p1/8/3Q2Pb/4PP1P/6K1 b - - 4 31	g7g6 f2f3 c6c5 e2e3 c5f8	2325	0g0h0p0s10
uGqPd	1rb2rk1/2p2ppp/pp2p3/5q2/1b6/5B2/PPQ1NPPP/3R1RK1 w - - 6 16	c2c7 c8b7 f3b7	2325	01191o
ukufs	3q1rk1/pp2bpp1/2r1b2p/8/3NR2B/7P/PPP2PP1/R2Q2K1 b - - 0 17	e7h4 d4c6 b7c6 d1d8 h4d8	2325	011019
w8ZhW	8/1p4k1/p2p2p1/P1pP1p2/2P2P2/5K1P/6P1/8 w - - 1 42	f3g3 g7f7 g3h4	2325	0g0h0p111e1o
xCyC8	8/8/8/2kr1R2/1p4P1/5K2/8/8 b - - 1 51	d5f5 g4f5 b4b3 f5f6 c5d6 f6f7 d6e7 f7f8q e7f8 f3e2 b3b2	2325	000g0p1m1w
zBGHX	8/B1p2p1k/6pp/p3QB2/P1PK1P1b/3P3P/8/7q b - - 8 35	h4f6 e5f6 h1a1 d4e3 a1f6	2325	010p1011121g1n1p
zY0xF	3Q4/1k6/3p1p2/3Pb3/P1P2nP1/1P3P2/8/4rRK1 b - - 12 52	f4h3 g1h1 e1f1 h1g2 f1f2 g2h3 f2h2	2325	0i0p0r13171d1w
zif7y	r2q1rk1/ppp2ppp/2n5/3p4/1P1bN1b1/PB3N2/5PPP/1RBQR1K1 b - - 2 14	d5e4 e1e4 g4f5	2325	011c1o
2KDJq	1rr3k1/4bpp1/7p/3PpP2/2P5/1pQR1N2/qP4PP/3R3K b - - 0 35	e5e4 d3e3 e7b4 c3b3 a2b3 e3b3 e4f3	2326	010s11191w
2sjJU	5rk1/pb4pp/2p1p3/3n4/2B3rN/6P1/PP3n1P/2BR1RK1 w - - 0 25	c4d5 f2h3 g1g2	2326	01191o
3Hu7Q	r1b1r3/1p1q1kb1/pB1p1Rp1/3P4/2B5/1Q6/PP4PP/5RK1 b - - 0 24	g7f6 b6d4 e8e1 f1e1 f6d4	2326	0g1019
3nHPC	r3k2r/3q1pp1/p1p2n1p/3p3b/5N2/2NP3P/PPP3Q1/R4RK1 w kq - 1 18	f4h5 f6h5 g2e2 d7e7 e2h5	2326	010s1019
3zd7i	7k/2p2pp1/1p5P/8/r2P4/1K2P3/P2q4/RQ5R b - - 2 33	a4b4 b3a3 d2c3 b1b3 b4a4 a3a4 c3a5	2326	050p0r13171g1n1w
4hzJ2	3r1rk1/ppN1bpp1/5np1/3p4/1n3B2/q4PPB/3QP2P/1R1R3K w - - 0 27	b1a1 a3b3 d1b1 b3c4 b1c1	2326	010d101119
4rtGS	4rrk1/1pp2pp1/p2p1nnp/3Pp3/4P1q1/P1P1P3/1PBN2PK/R2Q1RN1 b - - 1 18	g4h4 g1h3 f6g4 h2h1 h4g3 d2f3 g6h4	2326	01191w
655a3	8/8/5p2/3b2p1/8/4kPKP/8/7B b - - 1 51	f6f5 h1g2 d5e6 g2f1 f5f4	2326	080g0p10111l
8GptN	8/8/2P5/7k/3K2p1/8/5R2/1r6 w - - 1 54	c6c7 b1c1 f2f5 h5h4 f5c5	2326	000g0p101m
8r60f	rnbqk2r/pp3ppp/2P5/1B6/1b2nP2/2N5/PPP3PP/R1BQK1NR b KQkq - 0 8	b4c3 b2c3 d8d1	2326	011c1o
9Rltr	4rr2/ppp3kp/4R3/6q1/6P1/1Q4K1/P6P/5R2 w - - 1 29	e6e8 f8f1 e8g8	2326	0g0p1o
A137r	5rk1/5pb1/1pq1r2p/2p1PN2/8/1P1PB2Q/1P5P/5RK1 w - - 1 33	h3g3 e6g6 f5e7	2326	0g1112191o
BtVKY	4r1k1/6pp/p3p3/1pB1Q3/1P4n1/5bPq/3R4/1B4K1 w - - 2 31	e5e6 e8e6 d2d8 e6e8 b1a2 f3d5 a2d5 g8h8 d8e8	2326	061318191n1w
C8Cii	6b1/8/3k2P1/5P2/1pP2K2/8/P7/8 b - - 0 45	g8c4 f4e4 c4a2 e4d4 d6e7	2326	080g0h0p10
CZ2nR	5k2/2R5/1r5P/2p5/p3P3/p7/1P6/2K5 w - - 0 47	h6h7 a3b2 c1b1 b6h6 b1b2	2326	000g0h0p10111m
CfwMA	r4rk1/1p4pp/2pp4/p6q/2P3n1/1PQ1P1KN/PB3P2/5RR1 b - - 5 25	f8f3 g3f3 g4e5 f3g2 h5g4 g2h2 e5f3 h2h1 g4h3	2326	050i0k0m0r0s1318191n1w
Cwtrs	r6r/1pp1kpp1/p1p2qn1/2b1p3/4P3/3P2P1/PPP3PN/R1BQRN1K b - - 4 14	f6f1 e1f1 h8h2 h1h2 a8h8 c1h6 h8h6 d1h5 h6h5	2326	050y1318191f1g1n1w
Czv59	2r5/P3k3/4p3/8/3P4/4K3/2p5/R7 w - - 1 44	e3d2 e7d7 d2c1	2326	0g0p1m1o
D0gl5	4k1r1/1p1b2pp/pq1Bpp2/3pP3/r7/7Q/P4PPP/1N3RK1 w - - 0 24	h3h7 e8f7 h7h5 g7g6 h5h7 g8g7 h7h8 b6d6 e5d6	2326	0g0r191w
D9YJO	4r2k/pp1b2b1/6p1/6Np/1PB5/PQ5P/1q4P1/5R1K w - - 2 30	b3b2 g7b2 f1f7 b2g7 f7d7	2326	0g1019
DezW3	r1b2rk1/pp3pb1/2nq3B/2ppp2Q/7N/3P2P1/PPP4P/R4RK1 w - - 4 16	h6g7 g8g7 h5g5 g7h7 f1f6 d6f6 g5f6	2326	050g0y191w
DvVgY	4rqk1/1b4p1/p2p1pPp/1p1P1P1Q/2p4P/2P3b1/PPKB2B1/4R3 w - - 8 32	d2h6 g7h6 g6g7	2326	000g11191n1o
Dwfi5	3r1r2/8/p3Q1pk/1p2P3/4p3/2P4P/PP4P1/7K b - - 0 33	e4e3 e6g4 d8d2	2326	0g0p111j1o
FALeJ	8/3b1pk1/3P2pp/1p1P4/4P3/r6P/rpB3P1/1R2R2K b - - 2 32	a3c3 e1e2 a2a1 h1h2 c3c2	2326	0g0p101g
FAepB	6k1/p4p1p/2p2Pp1/1p6/3P1R1P/1PP2Q1K/P4P2/2q1r3 b - - 2 30	e1h1 h3g3 c1f1 f3h1 f1h1	2326	0d0g0p10
HQ5Pc	5r1k/1ppq2p1/1p5B/8/6N1/2P4Q/PP3P1K/8 b - - 0 34	g7h6 h3h6 d7h7	2326	010p1g1o
HTgZC	1r3r1k/p1p2p2/2p4p/4b3/8/P1P3q1/1P4Bn/R1Q1R2K w - - 2 29	c1h6 h8g8 g2e4 g3g7 e1g1	2326	0110191g
Jbj2v	4r1k1/5ppp/1p6/5q2/1R2pP1Q/r3n1P1/P6P/1B2R1K1 w - - 0 26	b4e4 f5e4 b1e4	2326	01191o
KSF3s	r1b3nr/ppk1qB1p/2p3p1/4n3/4PQ2/2N1P1P1/PPP4P/3R1RK1 w - - 5 18	d1d5 g6g5 f4e5 e7e5 d5e5	2326	010s10111219
KVu8e	r4rk1/2p2q2/p3p1pP/1p2B1p1/4Q3/2P5/PP3P2/R3K3 w Q - 4 25	h6h7 f7h7 e1c1 a8d8 d1h1	2326	000c0d0g0p10
KX2cI	r1b1k2N/ppp3pp/1b1p1n2/2q1p3/2BnP3/2PP4/PP1K2PP/RNBQ3R b q - 0 11	d4b3 c4b3 c5f2 d1e2 b6e3 d2d1 c8g4	2326	010d191g1n1w
MPffq	r5nr/2k2p1p/2pp2pb/pR6/4PB2/PP2NP2/1P3P1P/2R1K3 b - - 0 18	h6f4 e3d5 c7d8	2326	010h0t191o
Mis19	6k1/5p1p/p5p1/2Q5/1q3n2/1P3P2/P5PP/2R3K1 b - - 0 36	b4d2 c5c8 g8g7 c8c2 d2c1 c2c1 f4e2 g1f2 e2c1	2326	01050p0s1n1w
MwTAd	2r3k1/pp3pp1/7p/8/5P2/PP1N4/1B1N1bPP/7K b - - 1 26	c8d8 d3f2 d8d2	2326	010p1o
N2wGo	3rk2r/p2b1p1p/1qn1p1p1/1B3nQ1/P1p1N3/8/5PPP/3RR1K1 w k - 2 21	e4f6 e8f8 f6d7	2326	0g0i11191o
NHwuh	2qr1rk1/1p1bnppp/p4n2/2bPB1N1/N1P1p3/P6P/4BPP1/2RQ1RK1 b - - 3 19	d7a4 d1a4 c8f5 e5f6 g7f6 g5e4 f5e4	2326	010d0s191t1w
NIB6D	q3rk2/pb2RppB/1p3n1p/3r4/8/PN4P1/2Q2P1P/4R1K1 w - - 10 29	c2c7 d5d7 e7e8 a8e8 e1e8	2326	0g1019
O0Ij7	8/8/6BP/2bk2B1/4p3/P1pp4/P7/3K4 b - - 0 51	c3c2 d1d2 e4e3 d2d3 c2c1q	2326	00080g0i0p0r101h
PC4Wd	1n6/p3kp2/3qp2r/8/3Pn1p1/PP6/4BQ1P/5RK1 w - - 5 27	f2f7 e7d8 f7g8 d8c7 g8g7 b8d7 g7h6	2326	0g0s191w
TqJXe	8/5pp1/4p2k/R3Pr1P/5P2/6K1/8/8 b - - 0 46	h6h5 a5a2 g7g5	2326	010p111m1o
UGOCj	8/8/K7/1p1k1p1p/8/2B2PP1/8/8 b - - 0 52	f5f4 g3f4 h5h4 f4f5 h4h3 f5f6 d5e6 c3e5 b5b4 a6b5 b4b3	2326	080g0p11121l1w
V5mj6	4rrk1/pp3p1p/2qb1Qn1/2p5/2P2P2/3PBR2/PP2B2P/R5K1 b - - 2 21	e8e3 f3e3 d6f4 f6c6 f4e3 g1h1 b7c6	2326	050g0i0y191n1w
VKsxA	4k3/p1pp1p2/1p6/3qp1B1/5PQ1/3PK3/PPP4r/R3N3 b - - 0 22	d5d4 e3f3 e5e4 d3e4 d4f2	2326	0p101316
VjGVC	r3r2k/1b2b2p/p2pNnpP/1p4B1/4P3/P4QR1/1Pq2PP1/R3K3 w Q - 0 20	g5f6 h8g8 g3g6 h7g6 h6h7 g8h7 f3h3 h7g8 h3h8 g8f7 e6g5	2326	00050j0y1318191n1w
WO4p4	R7/8/4pk2/7p/P5p1/1KP2P2/7r/8 b - - 1 55	g4g3 a8g8 h5h4	2326	0g0h0p111m1o
XShhI	4rrk1/ppqn2pp/2p1Rpn1/3p4/3P4/2PQ1NP1/PP1N1PP1/4R1K1 b - - 2 16	d7e5 d4e5 e8e6	2326	010v11191o
XZzdQ	r2qr1k1/1b1p1pp1/pp1Q1n1p/n2B4/PP2P3/2N5/2P2PPP/R1B1R1K1 b - - 0 14	f6d5 c3d5 a5c4 d6g3 b7d5 c1h6 d8f6	2326	011c1w
Y2u5u	2Q2qk1/5ppp/5n2/1B4B1/3PP3/8/Pr3bP1/2Rb3K w - - 2 27	c8f8 g8f8 c1c8 f8e7 c8e8 e7d6 g5f4	2326	051317191g1w
YEkuI	r2q1r2/5p2/2p2kpp/1pb1n3/4PN2/3BP1RP/1PP3P1/5Q1K w - - 0 31	f4g6 f6g7 g6e5	2326	0g0i0j0k11191o
YRpdC	1rbq1rk1/1p2bp1p/p3p1p1/2p5/P1B1QP2/3PB2R/1PP3PP/R5K1 w - - 0 17	f4f5 e6f5 e4f4 g6g5 f4b8	2326	010d1019
aDl00	8/8/3p2p1/2pPp2k/2P1P2P/7K/4nN2/8 b - - 18 61	g6g5 h4g5 h5g5 f2d1 g5f4	2326	0g0p0z10
aOwa6	r2q1bnr/2p5/2n2pk1/p3P3/Pp2P1P1/1QP2N2/4NPp1/R1BR2K1 b - - 1 22	d8d1 b3d1 h8h1 g1g2 h1d1	2326	0g0y10191n1p
bs3Yz	2rk3r/3b2pp/3R1p2/pp1Nb3/8/5B1P/PPP5/2K1R3 w - - 2 25	e1e5 f6e5 f3g4 c8c7 d5c7 d8c7 d6d7	2326	050g191g1n1w
cl6dz	k2r3r/pp6/2p2p2/3p1Q2/3q4/1P4p1/P1P3B1/R3RK2 b - - 0 30	h8h4 a1d1 h4f4 f5f4 d4f4	2326	0g0r0s10191l
dU8J8	2rr2k1/1q3p1p/5Bp1/8/p7/PbRR1P2/1P4PP/1Q4K1 b - - 8 32	b7b6 f6d4 d8d4 c3c8 d4d8 g1h1 d8c8	2326	010j0k0s191n1w
dyOPE	8/7p/3k2p1/5p2/PK2pPP1/1P5P/8/8 b - - 0 40	f5g4 h3g4 h7h5 b4c4 h5h4	2326	0g0h0p1011121e
eHrMW	8/1r6/2k5/3p4/1Rp1p1K1/2P4P/8/8 w - - 0 56	b4b7 c6b7 h3h4 d5d4 g4f4 e4e3 f4f3 d4c3 f3e3 c3c2 e3d2 c2c1r d2c1	2326	0g0p1l1m1w
em4OE	r1b2rk1/4npp1/p3p2p/1p1p3N/3q4/1P1B2Q1/2P2PPP/1R2R1K1 w - - 2 26	c2c3 d4c3 d3h7 g8h7 g3c3	2326	0g0j1019
g55og	8/5Rpp/2k1P3/1p6/1Pp2PP1/8/r6P/6K1 b - - 0 37	c4c3 e6e7 c6d7 e7e8q d7e8 f7c7 c3c2	2326	000g0p1m1w
h5pvQ	3q1rk1/1pp3pp/5p1n/1p1pPP2/rb1P4/P5Q1/3N2PP/R1B2RK1 w - - 0 19	d2b3 h6f5 f1f5	2326	01191l1o
jBADK	r1b2rk1/ppq2ppp/2nbp3/3pN3/3PnB2/2PB1N2/PPQ2PPP/R3K2R b KQ - 4 11	f7f6 d3e4 d5e4 c2e4 f6e5	2326	01101119
mT4jM	2kr3r/1p4pp/p2pb3/2pNq3/2PnPp1Q/3B1P2/PP5P/2KR2R1 w - - 12 22	g1g5 d4f3 g5e5 f3h4 e5e6	2326	0110191t
n3c46	2kB3r/ppq5/2pbp3/3p3p/3P2n1/8/PPP2PP1/R2QRNK1 b - - 0 18	d6h2 f1h2 c7h2 g1f1 h8f8	2326	0g0y1019
nSDag	2r1r3/1p1b1pkp/p5p1/2pP2q1/2P5/1P1B1KP1/P2Q1P1P/3R1R2 b - - 0 22	g5h5 f3g2 d7h3 g2g1 h5f3	2326	0g1019
nx8yA	5r2/1p1bnP1k/p3pR1p/8/7P/5BQ1/Pq4PK/8 w - - 0 43	f3e4 e7f5 e4f5 e6f5 g3g6 h7h8 g6h6	2326	0i1317191w
o79bq	2b1r3/pq4k1/2Q2r1p/1B2p1pP/5pP1/2P2R2/P1PR4/7K w - - 0 34	c6b7 c8b7 d2d7 f6f7 d7b7 f7b7 b5e8 b7b1 h1g2 e5e4 f3f1	2326	010j0s191w
oWcCB	r5k1/ppR4N/4p1p1/4Pn2/3q1QK1/P7/6PP/8 b - - 11 37	f5e3 g4f3 d4f4 f3f4 e3d5 f4g5 d5c7	2326	01050p0s1w
ov13b	8/4rpk1/6pp/8/6P1/p4Q1P/1q3RB1/7K b - - 4 43	a3a2 f2b2 a2a1q g2f1 a1b2	2326	000g0p0r0s101h
pAveq	4k3/p3n2Q/2r3p1/1p2b3/5rB1/1P1p1P1K/P2P3P/7R b - - 8 29	f4f8 f3f4 f8h8 h7h8 e5h8	2326	0g10191g
pJIuM	8/7p/2k5/3R1K2/p4N1P/1p4P1/1P3P2/4r3 b - - 0 40	a4a3 b2a3 b3b2 d5c5 c6b6	2326	000g0h0p10
pPVRr	8/8/p6R/1p2pk2/2p5/2P2K1P/r4PP1/8 w - - 0 45	g2g4 f5g5 h6e6 a2f2 f3f2	2326	0g0p101m
psJlE	8/8/4p3/5kpp/3K3P/5PP1/8/8 w - - 0 43	h4g5 f5g5 d4e5 h5h4 f3f4 g5g6 g3h4	2326	0g0i0p1e1w
qFdSP	5bk1/3b1q2/p2p4/1pp1p1p1/4P3/3P3Q/P1P3PP/5RK1 w - - 0 32	h3h8 g8h8 f1f7 d7e6 f7f8	2326	0g0p0s10
qJ4VP	7k/5R2/1p3P1p/3B4/4P3/2p5/Pb1n2PP/6K1 b - - 0 35	c3c2 f7c7 b2d4 g1h1 d4c5 c7c5 b6c5	2326	000d0g0p1l1w
qM5MO	1k6/1p3r1p/1P3qb1/2P1b3/6Q1/7P/1P4P1/R6K w - - 1 37	a1a8 b8a8 g4a4 a8b8 a4e8 f6d8 e8d8	2326	050p13171n1w
qZi8t	3r2k1/1Q2R2p/3P2p1/p4p2/8/2q5/3RK3/6r1 w - - 14 38	b7d5 g8h8 d6d7	2326	000g0p111o
r1hLD	4k3/1pp2pQ1/p1r4p/5ppq/8/PP2P1P1/5P2/3R2K1 w - - 2 29	g7e5 c6e6 e5h8 e8e7 h8d8	2326	0p0r101316
rthR8	6k1/4bpp1/1Q2b2p/P3B2P/8/1P2R3/5PPK/2rr4 b - - 0 41	e7h4 e3e1 d1e1	2326	0111191o
s9Lqy	3q3k/1p4p1/1pb3rp/4Np2/1PQ2B2/P3P3/2P2PPP/5RK1 b - - 1 22	g6g2 g1h1 g2h2 h1h2 d8h4 h2g1 h4h1	2326	050k0m0y1317191n1w
sDjXz	3Q4/2pB1pkp/5rp1/p1P5/1pK1PPP1/P4n1q/1P6/2R5 w - - 3 39	d8f6 g7f6 g4g5 f6g7 d7h3	2326	050g0j0p101n
sO7HN	4r3/1p2rpk1/p1nN2p1/2P1qb1p/2P4P/P5P1/3Q1PB1/1R2RK2 b - - 10 28	e5e1 b1e1 e7e1 d2e1 f5d3	2326	0g10191n
tOCPq	1k2r1r1/pb1Q4/1p6/4bpq1/1PPp4/P2P1P2/R4B1p/4RK1B w - - 0 35	d7b7 b8b7 f3f4 b7c7 f4g5	2326	0g0j0k10191n
wXRsi	8/5k2/3pB2p/3PpK2/4PnP1/8/8/8 b - - 3 46	f4e6 d5e6 f7e7 f5g6 d6d5	2326	0g0p101z
xHGs0	5rk1/5pp1/3pqn1p/p1p5/3rP2B/1PQ5/P4PPP/3RR1K1 b - - 3 24	d4d1 e1d1 e6g4 f2f3 g4h4	2326	010s1019
xaMIQ	3r1rk1/1b2bppp/1qn2n2/1p2pQ2/1p2N3/PB2PPN1/1B4PP/4RRK1 w - - 0 21	e4f6 e7f6 b3c2 g7g6 f5f6	2326	0g0y10191l
zCgq4	1r6/8/8/3k3p/6bP/Pr6/KP3RP1/4R3 w - - 3 36	f2d2 d5c4 e1c1 c4b5 a2b3 g4e6 b3c2 b8c8 c2b1 e6f5 c1c2	2326	0g0i0p111w
zGKg7	6rk/5p2/2p1qp1r/8/3P2P1/1P2PQK1/P4P2/2R2R2 b - - 4 29	f6f5 f1h1 g8g4 f3g4 f5g4 h1h6 e6h6	2326	010p1w
024nn	2k5/1bp3pp/1p2p3/2n1b3/2P5/Q4BqP/PP1r2P1/4RRBK b - - 0 25	g3g2 f3g2 b7g2	2327	0y1315191n1o1y
12RNF	r5k1/2p2pp1/2Np3p/1P1Pp3/2P1Pb2/5P2/6KP/5R2 w - - 1 33	c4c5 f4e3 b5b6 c7b6 c5d6	2327	0g0i0p10
2x3dh	8/p1BR4/kp4rp/P2P4/1PP1p3/3pb3/6P1/5K2 w - - 0 35	c7b8 g6f6 f1e1 b6b5 c4c5	2327	0g0h0p10
3VDAV	8/6k1/p2R4/r5PP/3p4/8/8/5K2 w - - 1 54	h5h6 g7h7 d6d7 h7g6 d7g7	2327	0g0p0r101m
3Xws6	r2r2k1/1p3ppp/p7/Q3n3/4N3/P5PP/2P1qPK1/R4R2 w - - 0 22	a5e5 d8e8 f1e1 e2e1 e5e8 a8e8 a1e1	2327	010t191w
6KC4t	3r1rk1/5ppp/p5n1/1p1b1N2/8/2qB2Q1/P1P3PP/3R1R1K w - - 0 25	f5e7 g8h8 d3g6 c3g3 h2g3	2327	010j1019
7GqxG	r1b2rk1/1pp2p2/p1np2p1/4pNqp/PPB1Pn1N/2PPR2P/5PP1/R2Q2K1 w - - 0 18	e3g3 g5f6 h4g6 f4g6 d1h5 c8f5 e4f5	2327	0g191g1w
8eY5a	r2R1r2/ppp1b2k/6BB/8/4P1b1/5Q2/P5PP/1q3R1K b - - 0 23	h7h6 f1b1 g4f3 d8a8 f8a8 g2f3 h6g6	2327	010t11191w
8n7aJ	4Rr1k/p2p1rp1/1p1q3p/8/8/P1B5/1P2QbPP/5R1K w - - 0 27	c3b4 f8e8 e2e8 f7f8 e8f8 d6f8 b4f8	2327	0g0s191w1y
9QzHE	8/1p3pp1/p3p2p/2P4P/3kPPn1/1P6/3r2P1/2R2BK1 w - - 1 29	f1a6 g4e3 a6b7	2327	010p111o
9zXnQ	8/8/6p1/2Pk3p/3B1K2/p1P3P1/8/8 b - - 1 48	a3a2 f4e3 d5c4 c5c6 a2a1q	2327	00080g0p101h
BVjet	3k2rr/R4pb1/2R5/p2NpP2/4K3/1P4p1/1P5p/8 w - - 0 46	a7a8 d8d7 c6c7 d7d6 a8a6	2327	0p0r101316
CajX1	6k1/pp6/4b1p1/2q2p2/4pB1P/8/PQ3PP1/6K1 w - - 0 31	b2f6 e6f7 f4h6 c5f8 h6f8	2327	0g0p10111l
CvTHH	6k1/8/4b1p1/1P1p1p2/3P4/4P2p/5P2/2KB4 w - - 0 41	d1f3 g8f7 b5b6 e6c8 f3d5	2327	080g0p10
DKdw0	r2qkn1r/3b2p1/p3pp1p/3pN3/B1pPn3/2P1PQP1/P4PP1/RN2K2R w KQkq - 0 17	a4d7 f8d7 f3h5	2327	0g191o
DZYcY	r4rk1/1b3pbp/2nppqp1/2p4n/1pP1PPPP/pP1PBN2/P2NBQ2/2KR3R w - - 1 17	e4e5 d6e5 d2e4 f6d8 g4h5	2327	011019
DbXIs	r1bq1rk1/ppb2ppp/2n1pn2/4N3/1P6/P2BP3/1BP3PP/RN1Q1RK1 w - - 3 12	e5c6 b7c6 f1f6	2327	011c1o
DwXpC	5r2/3n3k/p2P2p1/3P4/4QBq1/P2B2Pb/7p/2R4K b - - 4 39	f8e8 e4g6 g4g6 d3g6 h7g6	2327	011019
EN2aY	8/8/5p2/p1p2k2/1p5P/PPP3K1/8/8 w - - 0 40	c3b4 c5b4 a3b4 a5b4 g3f3	2327	0g0h0p101e
EVqZq	1r4k1/1q3pbp/p1r3p1/2BNp3/1PQ1P3/P6P/1K4P1/5R2 w - - 7 36	f1f7 b7f7 d5e7 g8h8 c4f7	2327	010i0j0s10191n
EqOjR	r1b2rk1/pp3ppp/2q1p3/3n4/5P2/4Q3/PPB1N2P/2K3RR w - - 5 18	g1g7 g8g7 e3g3 g7h8 h1g1	2327	050g0h10191n
G6NxI	5rk1/ppb3pp/1q2p2n/3pn3/3P2P1/1P2Q2P/PB1N3N/5RK1 w - - 4 23	f1f8 g8f8 b2a3 f8g8 a3c5	2327	01051019
GEGnT	1k4r1/1p3p2/p2p3r/2p1pB2/4P2q/2PP1Q2/PP4PP/R4RK1 b - - 3 21	h4h2 g1f2 h6h4 f5h3 h4f4 f2e2 f4f3	2327	010y191g1w
H7nno	r3k1nr/pp1n1ppp/4p3/1q1pPb2/N7/5N2/PPP1KbPP/R1BQ1B1R w kq - 2 11	c2c4 d5c4 e2f2	2327	010h191o
HyRZ9	8/5p2/2nk2pp/3p3P/1p1N2P1/3P1P2/2P1K3/8 w - - 1 38	d4c6 d6c6 g4g5 h6g5 h5h6	2327	0g0p0z10
IQlN3	r2q1rk1/1bp1bppp/p2p1P2/1p6/3P4/5N1P/PPn2PP1/RNBQR1K1 b - - 0 13	c2e1 f6e7 e1f3 d1f3 d8e7	2327	0g0y101c
JR3R1	8/k7/b6R/3r4/1p5P/P1P5/KP4P1/8 b - - 0 34	a6c4 b2b3 d5d2 a2b1 c4d3 b1c1 d2c2 c1d1 b4a3	2327	0g0p1w
Jq0ep	3r2r1/7p/p1R2n2/2R1B1q1/kP2B3/P5Pb/5P1P/6K1 w - - 9 28	e4c2 a4a3 c5a5 a3b4 e5c3	2327	101316191n
KRGXa	2k1r3/ppp2R1Q/4q3/6p1/8/2P5/PP1RN1rB/4K3 b - - 0 33	g2e2 e1d1 e2d2 d1d2 e6d5 h7d3 d5f7	2327	050g0i0r191w
KmKuN	5k1r/pp2ppbp/3p2p1/5qB1/B2Pn3/5N2/PP3PPP/2R2RK1 w - - 7 18	f3h4 f5g4 h2h3	2327	0g191o
L8xCB	2k1r2r/1pp2R2/p1q5/8/3p1Q1n/P1N5/1P4PP/5R1K w - - 4 26	c3d5 c8b8 f7c7 h4g2 f4g3	2327	011019
LUZZ4	5rr1/ppp4k/6p1/4P1R1/3P2R1/7P/PP5K/4q1Q1 b - - 2 31	f8f2 g4g2 f2f1	2327	010p1o
Ljp8P	2r4r/bpq2kp1/p3pp2/8/4bP2/1P1N2Q1/PB4PP/3R1R1K w - - 2 24	d3e5 f6e5 b2e5 h8h2 g3h2	2327	0g1011191n
LpLhA	r1b1k2r/pp3pp1/5q1p/2p1b3/2BPP3/1Q1P4/PP4PP/R1B1R1K1 b kq - 0 15	e5h2 g1h2 f6h4 h2g1 h4e1	2327	01050s10191n
MH3wQ	5r2/p3r1q1/2p1pk2/3p2pQ/1p3N2/1P2P3/P1PP4/1K5R w - - 6 32	h1f1 e6e5 f4g6	2327	0g0j0k0p1l1o
OLFfk	2k4r/ppp2p2/3P4/2bR1p2/2N1p3/2P2pPr/PPQ4P/R6K b - - 0 25	f3f2 h1g2 h3h2 g2f1 h2h1 f1e2 h1a1	2327	000g0y191p1w
PgYBq	5rk1/bp4pp/p3pq2/3p4/4pQ2/4PbPP/PP3PB1/2R1R1K1 b - - 4 26	f6b2 c1b1 b2d2	2327	011112191o
Pkwva	8/8/2pk2p1/p4pPp/1pPP1P1P/P2K4/8/8 w - - 0 39	a3b4 a5b4 d3c2 c6c5 d4c5 d6c6 c2b2 c6c5 b2b3 c5d4 b3b4	2327	0g0p1e1w1z
Q2wG5	2Q5/2p1qpbk/1pPp4/3Pp3/2r1P2P/6P1/6P1/5RK1 w - - 2 33	c8d7 g7f6 d7e7 f6e7 f1f7 h7g6 f7e7	2327	0b0g0p0r0s11121p1w
Qe7KN	5r1k/1pqbQ2p/p5p1/8/3NR3/1BP5/PP3bK1/R7 b - - 1 30	c7g3 g2f1 g3d3 e4e2 d3h3	2327	0r10131619
R1tIP	8/8/3pK3/5pp1/5k2/8/2B5/8 b - - 1 65	d6d5 c2f5 d5d4 f5c2 g5g4	2327	080g0h0p101l
UZgzW	5r1k/P2r3p/6p1/2q2p2/3p4/3Bb3/2P2QPP/R4R1K w - - 1 29	a7a8q e3f2 a8a4 d7e7 f1f2	2327	000g0w10191h
UvElG	2r2rk1/1b1nbppp/ppq2B2/1N1p4/1P6/P1N2B2/2PQ1PPP/2R2RK1 b - - 0 16	d7f6 c3d5 f6d5	2327	01191o
VB7oQ	r1br3k/p5pp/2p5/6q1/2B1P3/4p3/PPP1Q1PP/RNK4R b - - 4 22	c8g4 e2e1 d8d1 e1d1 g4d1	2327	010s1019
Wsyom	8/5p2/7p/6p1/1K3P2/5kP1/8/4N3 b - - 2 53	f3g3 f4g5 h6h5 e1d3 h5h4 d3e5 h4h3 g5g6 f7g6	2327	0g0p0z1l1w
XHcgi	3r4/2p3kp/3b1r2/4pP1Q/4P1PP/2B5/PPq5/4RRK1 b - - 0 34	d6c5 g1h1 d8d3 f1f3 d3f3 h5g5 g7f7	2327	0d0g0h191w
Xbzoc	r3kbnr/pp3ppp/2n1p3/3pPb2/3B4/P1N4P/1qP1NPP1/R2QKB1R w KQkq - 1 10	a1a2 b2a2 c3a2	2327	011c1o1t
XdY6g	r5k1/p2p2pp/2qQp3/2p2r2/2Bn4/8/PRPP1P1P/1R4K1 w - - 4 21	b2b8 a8b8 b1b8 g8f7 b8f8 f7g6 d6c6 d4c6 c4d3	2327	0111191g1w
Xjhjk	r2kr3/p2n2pp/1R1p4/2pN1p2/Q3PPq1/8/PPP3PP/4R1K1 b - - 0 18	e8e4 e1e4 g4d1 g1f2 d1d5	2327	010s10191n
ZKEQi	1r4k1/4rppp/5n2/1pqp4/p7/P1PB1P2/1P1Q1P1P/R5RK w - - 0 23	g1g7 g8g7 d2g5 g7f8 g5f6 e7e6 f6h8 f8e7 h8b8	2327	050g0i0y191n1p1w
ZpvJ3	r3nrk1/p2R1ppp/1pb1p3/2b1P1B1/2B1N1P1/1P5q/P1p1QP1P/5RK1 w - - 4 20	d7d3 h3f1 g1f1	2327	0g191o1t
Zqbsd	8/7k/5p1p/6pP/4P1P1/5K2/8/8 w - g6 0 46	e4e5 f6e5 f3e4 h7g7 e4e5 g7f7 e5f5	2327	0g0p1e1w1z
c7GpC	3r2k1/4Rp2/1p2bPp1/6Np/1p6/6P1/1P2K2P/8 w - - 2 30	e7e6 f7e6 f6f7 g8f8 g5e6 f8f7 e6d8	2327	000g0p0s0w1n1w
cHvZP	3r3k/5p1p/rp2pp2/4n3/1Q2P2P/1N6/4qPP1/1R3RK1 w - - 2 25	b4e7 e5f3 g1h1	2327	0111191o
cuUGh	7k/1q1pQ2p/4p1p1/p7/5r2/8/P1r3P1/3R2RK w - - 0 43	e7d8 h8g7 d1d7 b7d7 d8d7	2327	010p0s10
dEfdq	8/5pkp/Rn2pbp1/6q1/3P4/2QBPPP1/7P/1rB1K2R b K - 2 26	g5e3 e1d1 b1c1 c3c1 e3d3	2327	0g0i0r0s10191g
dIxyR	4Rqk1/7p/2p3p1/7n/2PPQ3/4P2P/5nPK/5r2 w - - 7 28	e8f8 g8f8 e4f3 f8e7 g2g4	2327	010p10
dZM4G	r4rk1/p1R2ppp/3pn3/8/2BQ4/6qP/P1P3P1/5R1K w - - 5 23	c7f7 f8f7 c4e6	2327	0b0g191g1o
dtN6c	4k1nr/5pbp/p2pp1p1/B3n3/2q1b3/1N6/BPPQ1PPP/2KR3R b k - 1 19	g7h6 c1b1 h6d2	2327	0g191g1o
e5Q82	6k1/1p4pp/pPp3b1/3p1p2/3P2P1/3B3P/PP3P2/4rK2 w - - 0 26	f1e1 f5g4 d3a6 g4h3 e1f1	2327	0g0h0p10
eaXaG	2r3k1/p3QRp1/4p1qp/3b4/2B1r3/1P5P/P5P1/5RK1 b - - 0 30	e4c4 f7g7 g6g7	2327	0g11191o
fKSqD	8/7p/8/2K1k3/8/P3npN1/7P/8 b - - 1 41	f3f2 a3a4 h7h5 h2h4 e5f4	2327	000g0p0z1011121l
fRwMk	8/p7/7p/1pk1rR2/2P1p1PP/PP1pK3/8/8 b - - 1 36	e5f5 g4f5 b5c4 b3c4 c5d6	2327	0g0h0p101m
faZoc	2r1r3/ppp3PR/2k5/3b1p2/3P4/1P6/P1P2PP1/1K5R w - - 1 28	h1h6 e8e6 c2c4	2327	010p1o
g5rAJ	r3k2r/1b1p1pp1/pp1qp3/7p/2P3n1/2NB3P/PP1Q1PP1/3RR1K1 w kq - 6 19	h3g4 h5g4 d3e4 d6d2 d1d2	2327	011019
g9fq1	1r4k1/1p2rpp1/p1pRPq1p/4R3/5P2/3Q2P1/PP4KP/8 w - - 7 31	e6f7 f6f7 d6d8	2327	000g0p0y1o
hdl66	rnq2rk1/pppbbpp1/3p3B/3P3Q/3N4/3B4/PP3PPP/R4RK1 b - - 0 13	d7g4 d4f5 c8f5 h5f5 g4f5 d3f5 g7h6	2327	0g191w
i28B9	8/8/8/1p2k2p/pP2ppP1/P6P/3K1P2/8 b - - 0 41	h5g4 h3g4 e5f6 d2c3 f6g5 c3d4 e4e3	2327	0g0p1e1w
iHZem	r1bq1rk1/1pp2ppp/p1n2n2/2b1N3/8/1BP5/PP1P1PPP/RNBQR1K1 b - - 0 10	c5f2 g1f2 c6e5 e1e5 f6g4	2327	010w0y101c1n
ibh0u	7k/8/5K2/4P3/6R1/5p2/8/4r3 w - - 3 62	f6f7 e1h1 g4f4	2327	0g0p111m1o
jApOE	r6k/2p3bp/1BP5/1P1Pp3/4npp1/6P1/1P5P/3R1BK1 b - - 0 32	c7b6 d5d6 g7f8	2327	010p0t111o
jdD8P	2r1k3/2q2p2/p1NP2pb/3Pn2r/5Q2/3B1P1p/PP4PP/R3R1K1 b - - 0 25	c7b6 f4d4 c8c6 d4b6 c6b6	2327	010j1019
jqGCQ	8/6k1/RP5r/3b2K1/8/2P5/8/8 w - - 3 52	a6a7 d5f7 a7f7 g7f7 g5h6	2327	0g0i0p0r10
k4q5g	r4rk1/p3Bppp/B1bp4/4Nq2/1p2n3/8/P1Q1NPPP/R2R2K1 b - - 0 19	f5f2 g1h1 e4g3 e2g3 c6g2	2327	0j0y10131619
klD0k	r4rk1/p1p1pp1p/p2p2p1/4P1Nn/3P1b2/2P2N1q/PP2QP1B/R4RK1 b - - 5 16	h3g4 g1h1 f4h2	2327	010y191o
kte5z	8/2P3pk/1P5p/P4P2/R5PK/4r2P/3r4/2R5 b - - 4 50	d2h2 g4g5 h2h3 h4g4 h6h5 g4f4 h3f3	2327	090p13171m1w
lPI35	r4r2/1pp3nQ/4bkp1/8/p3PP2/P7/1PP3K1/7R w - - 1 30	h1h6 e6f7 e4e5 f6e7 h7g7	2327	0g0i0p101112
leZKT	6k1/5R1p/1q1p2p1/2pP4/3b2P1/7P/4r2B/5R1K w - - 0 29	f7f8 g8g7 f1f7 g7h6 g4g5 h6g5 h2f4 g5h5 f7h7	2327	050p13181f1w
mTlto	4k2r/1p2bppq/2p5/4B3/8/1QN5/PP3PPn/R2BR1K1 b k - 0 20	h2f3 g1f1 h7d3 c3e2 h8h1	2327	0d0y10131619
mc6pF	8/1pR5/8/P5rk/1P3p2/5Kp1/8/8 w - - 1 48	c7c5 h5g6 c5g5 g6g5 b4b5 g5h4 a5a6	2327	0g0p1l1m1w
n7qYo	r4rk1/p2pQpbp/2p3p1/7P/4N1P1/3qBPK1/8/7R w - - 0 20	e4f6 g7f6 e7f6 d3e3 h5h6 e3c3 f6c3	2327	0g191n1w
nV8Yu	6k1/1q1nbpp1/Q3p2p/3pP3/3P4/5NP1/Rr3P1P/5BK1 w - - 0 27	a2b2 b7b2 a6a7 g8f8 a7d7	2327	0g10111219
nYqej	4r1k1/2q3bp/p2p2p1/P1pPrp2/2P1nB1P/2NQ2P1/5P2/1R2R1K1 b - - 4 26	e4c3 f4e5 c3b1	2327	0g191o
nkxzf	r1b2rk1/ppp2ppp/1b6/8/3pN3/3P1N1P/PqPQ1PP1/R4RK1 w - - 0 15	a2a4 f7f5 f1b1 b2b1 a1b1	2327	0110191l1t
oHAIh	5rk1/ppQ3pp/5r2/2B4q/4p3/8/PP2nPPP/3R1R1K b - - 5 23	f6c6 c7c6 b7c6 c5f8 g8f8	2327	011019
osHwD	r3k2r/ppp2ppp/4p3/2b1P3/2B1b2q/PQ6/RPn2PPP/1NBR2K1 w kq - 3 15	b3b5 c7c6 b5c5 h4g4 f2f3 e4f3 d1d2	2327	010s191w
pCjR5	6k1/1p4p1/1npqrpQ1/3p2p1/1P1P4/2P2N1P/5PK1/4R3 w - - 0 27	e1e6 d6e6 f3g5 e6d7 g6h7 g8f8 h7h8 f8e7 h8g7	2327	0g0i0p0v1w
pMC91	5rk1/p1p2p1p/1pn3p1/3p1q2/3Pr3/2P1P1R1/PPQ2P1N/6RK w - - 2 27	f2f3 e4f4 c2a4 f4h4 a4c6	2327	011019
pNrCo	r1b2rk1/pp3ppp/1q2p3/3pP3/5P2/2n5/P1P1BBPP/R2Q1RK1 w - - 0 14	f2b6 c3d1 b6d4 d1c3 d4c3	2327	0110191t
pk7sR	5k2/p1r2p2/5Rp1/1bP1R3/3rB1PP/8/8/6K1 b - - 1 45	c7e7 e5e7 f8e7	2327	0g0p11121o
qQIin	q5rk/p3QR2/7p/1p4pP/3b4/5R2/PPp3K1/8 b - - 13 44	d4g7 f7g7 g8g7 e7f8 a8f8 f3f8 g7g8	2327	0g0p1w
qVwas	5r2/5r2/pp2qpkp/3p1Rp1/4p3/2P5/PP5Q/2K4R w - - 4 39	h2h5 g6f5 h1f1 f5e5 h5h2	2327	0p1013161n
vZTQt	8/8/2P5/1P6/K5bp/P5k1/8/8 w - - 0 55	b5b6 g4f3 a4b5 h4h3 b6b7	2327	00080g0p1011
vktrv	2r1k3/1N3RR1/p4p2/2pPp3/2P1nb2/BP6/P1KP3r/8 b - - 2 31	h2d2 c2c1 d2e2 c1b1 e4c3 b1a1 e2a2	2327	030j0k1317191w
vl16p	4r3/pp3qkp/2n3p1/5nB1/3p1Q2/3B4/5PPP/4R1K1 w - - 4 31	e1e8 f7e8 g2g4	2327	011112191o
wPIQQ	6k1/1B3pp1/P4n1p/P7/1b1pp3/1N4PP/2r2r2/3Q2K1 w - - 0 31	d1c2 f2c2 a6a7	2327	000111191n1o
y2maC	2r2r1k/p7/q3R2p/2Q3p1/2P2p2/2n4P/5PPB/4R1K1 b - - 4 30	c3e2 e1e2 a6a1 e2e1 a1e1 e6e1 c8c5	2327	0g191n1w
yYJU1	Q7/6rk/1P1P4/6nq/3Bpp2/5P1b/4K3/1R5R b - - 1 43	h5f3 e2d2 e4e3 d2c3 f3a8	2327	0g0j1019
zxqQH	8/8/8/p4k2/P1p4P/3p4/3K2P1/8 b - - 1 42	f5e4 h4h5 c4c3 d2c3 e4e3 h5h6 d3d2 c3c2 e3e2	2327	000g0h0p0r111e1w
2VW3n	r2qkb1r/pQp1pp1p/6pn/5bN1/2B5/2N5/PP1P1PPP/n1BK3R w kq - 0 11	c4b5 f5d7 b5d7 e8d7 b7d5 d7c8 d5a8	2328	01050v191w
4E2OO	5r2/1b2n1k1/p2q1p1p/2rPp1pP/4P1P1/1p3PN1/3Q4/1BR2RK1 w - - 2 26	d2b4 f8c8 b4b7 c8c7 b7b4	2328	01101119
5XRx7	rn1qk2r/pbppbppp/1p2p3/6B1/2PPn3/2NB4/PP3PPP/R2QK1NR w KQkq - 0 7	d3e4 b7e4 g5e7 d8e7 c3e4	2328	01101c
5dztY	b3q1k1/5p2/5Bp1/7p/1p3n2/1B6/1PPQ1PPP/5K2 b - - 4 27	e8b5 f1g1 f4e2 d2e2 b5e2	2328	0g0p10
6nky4	3rk3/p4bR1/1p2r3/5R2/1BP5/8/P4PP1/K7 b - - 8 38	e6e2 g7g8 f7g8 f5f8 e8d7 f8d8 d7d8	2328	010p1w
7grRa	1rr5/5p2/4p1p1/1p5p/2p4P/5PP1/2k1K3/R2R4 w - - 0 35	a1b1 c2c3 e2e3 b5b4 d1c1	2328	0p1013161m
7pAoM	7k/pbrR1Qp1/1p5p/4qp2/4p3/4P1P1/PP3PBP/6K1 b - - 3 23	c7c1 g2f1 b7a6 h2h4 a6f1	2328	0g0p101g
7rbwu	3r3r/1k2bpnp/2q1p1p1/1N2P3/8/5Q2/PPP3PP/1K1R3R w - - 4 23	f3f7 g7f5 b5d6 b7a8 d6f5 g6f5 f7e7	2328	0b0g0r0s191g1w
8648T	8/5rk1/3Q1pp1/q2Np2b/3bP2P/pP6/P5R1/1K3R2 b - - 0 42	h5f3 f1f3 a5e1 b1c2 e1e4 f3d3 e4g2	2328	0g0s191n1w
99j8V	2r4k/1R6/1p3bp1/p4pPp/8/2P5/PP2r3/1K1R4 w - - 0 32	g5f6 e2e6 b7f7 e6f6 f7f6	2328	0g0p101l
9wSRD	8/8/2p1b1p1/1p2P1P1/1pPP1K1k/1P6/8/8 w - - 0 41	d4d5 c6d5 c4b5 d5d4 b5b6 d4d3 f4e3	2328	080g0i0p1w
BnRMR	8/8/5p1p/5KPk/8/8/5P2/8 b - - 0 45	f6g5 f5f6 h5g4 f6g6 h6h5 f2f3 g4h4 g6h6 g5g4 f3f4 g4g3	2328	0g0p1e1l1w1z
CKfWI	r1b4Q/p1p1kpr1/1p2p3/3p2p1/1b1q4/2NB4/PPP2PPP/R4RK1 w - - 0 15	c3b5 d4e5 b5c7 e5c7 h8g7	2328	010i1019
CMLAl	5rk1/bpp2pp1/p1n4p/8/PP3N2/1QP3NP/3Rrp1K/3R4 b - - 0 27	f2f1n h2h1 f1g3	2328	000f0i0k0m1315191h1o1v
DEUba	rnbqkb1r/ppp3pp/5p2/3nN3/2B5/8/PPPPQPPP/RNB1K2R b KQkq - 1 6	f6e5 e2h5 g7g6 h5e5 d8e7 e5e7 d5e7	2328	011c1g1w
Dn94g	r4rk1/p5pp/NpRq1b2/1P1p4/3P4/P4b2/4B1PP/3Q1RK1 b - - 0 22	f3e2 c6d6 f6d4 g1h1 f8f1 d1f1 e2f1	2328	0g0i0j0s191n1w
EBrsY	5k2/R6p/1p2K1p1/4N3/1nP5/6P1/p4r2/8 w - - 0 48	e5d7 f8g7 d7f6 g7h6 f6g4 h6h5 g4f2	2328	0g0j0k0p0r0s1w
FUfMo	3r2k1/3r1p2/p5pp/1p1P3n/2P5/P4R2/5KPB/3R4 w - - 0 30	c4c5 d7d5 d1d5 d8d5 c5c6 d5c5 c6c7 h5g7 f3d3	2328	00010h0p1l1w
FwMLG	5rk1/p3pp1p/4b1p1/8/8/q3B2P/P1Q2PP1/1K1R1B1R b - - 3 21	e6a2 c2a2 f8b8 f1b5 b8b5 b1c2 a3a2	2328	0g0i11191k1n1w
GLLsH	5r1k/3r3p/p4q2/1p6/8/2P1Q1R1/PP3P2/4RK2 b - - 4 34	d7d3 e3e5 f6e5 e1e5 d3g3	2328	0g0p101g
H1Eej	4k3/1bq2pp1/2n1p2p/rBQ1P3/3R4/8/1N3PPP/5K2 b - - 6 33	b7a6 d4d8 e8d8	2328	01191o
HGdvG	3r2k1/pp3ppp/5q2/2n5/4p1Q1/P1P3N1/1P1rRPPP/R5K1 w - - 6 21	e2d2 d8d2 g4c8 f6d8 c8c5	2328	0g0s1019
HQBnK	5r2/1pq1r2k/pn2P2p/5pp1/3R1p2/2N5/PP3QPP/4R1K1 w - - 4 25	d4b4 b6c8 c3d5	2328	01191o
HhnFD	3r1rkb/1bq1n2p/ppnNp1pP/2p1Pp2/2P2P2/P3BN2/1PR1B1P1/3QK2R b K - 5 19	c6e5 f4e5 b7f3 e2f3 h8e5	2328	010b0j1019
HmUqi	3k2r1/1p2b2Q/6qp/p2pB2N/2nP4/1pP4P/1P4r1/4RR1K w - - 1 37	e5c7 d8c8 h7g6 g2g6 e1e7	2328	011019
IBnSJ	8/1p2kr2/p6p/3R2p1/3Pp1P1/1PRnBr1P/1P3PK1/8 b - - 0 31	f3f2 e3f2 d3f4 g2g1 f4d5	2328	010p0s101n
ING0i	2qr3k/pp4p1/3rRp1p/7Q/8/8/P4PPP/4R1K1 w - - 0 29	e6d6 d8d6 e1e8 c8e8 h5e8	2328	0d0g0p0s10
J45AL	3q4/1p2Rrkp/r5p1/pN3b2/2p1Q2P/P5P1/5P2/5RK1 w - - 2 32	e7f7 g7f7 e4b7 f7g8 b7a6	2328	050g0s1019
JJanK	r1b2b1r/5Q2/pqnkp3/1pppp3/3P1P1P/2P5/PP1N1PP1/2KR3R w - - 0 17	d2e4 d5e4 d4e5	2328	0k0m0q0w1315191n1o
JmIqz	2Q5/p4k2/4p3/2BpP3/6P1/6r1/3K4/q7 w - - 0 60	c8f8 f7g6 f8g8 g6h6 c5f8	2328	0p10111213161r
JrPjp	R2rr3/1k4pp/1p1b1p2/1Q1p4/1P3P2/2q5/6PP/5R1K w - - 2 29	b5d5 c3c6 a8a7 b7a7 d5c6	2328	0g0i1019
KE8H7	2kr2r1/pp3p1p/2b2p2/8/1P6/1P2P3/3NBPPP/R4RK1 b - - 0 20	g8g2 g1h1 g2g1 h1g1 d8g8 e2g4 g8g4	2328	050k0m0y1317191f1n1w
LOAfv	r5k1/8/P3p2p/4b3/3PpPPq/3rB2P/7K/R1Q2R2 b - f3 0 38	e5d4 c1e1 h4e1	2328	01191o
LPphc	2r2rk1/pb3ppp/4pn2/q2p4/4N3/P4N2/2QBBKPP/R4R2 b - - 0 18	a5b6 e4c5 c8c5	2328	01191o
MTqRq	q6r/1ppbkp1N/2np2nQ/2b1p3/2B1P3/1P1P3P/2P2PP1/5RK1 w - - 4 21	h6g5 e7e8 c4f7 e8f7 g5f6 f7e8 f6g6 e8d8 g6f6 d8c8 f6h8	2328	04050g0i0s191n1w
MlMGv	r1b3k1/1p2qppp/p6P/6P1/1P1Pp3/4Q3/1P2B3/5RK1 w - - 1 27	e2c4 c8e6 d4d5 e6d5 c4d5	2328	0g0p10
N5Bwa	4Qbk1/5p1p/1p4pB/6N1/1q6/3p3P/2r2PP1/4R1K1 b - - 1 28	b4e1 e8e1 d3d2 e1e2 c2c1 g1h2 d2d1q e2e8 d1d6 g2g3 d6e7	2328	000g191h1n1w
O3oUC	4r1k1/pp3p2/2q1nQp1/2p5/2Pp4/P2B3P/1P3PP1/4R1K1 b - - 6 24	e6f8 e1e8 c6f6	2328	0g0j0p1l1o
OWW2v	r5r1/1p1q4/4pk2/p2n1p1p/3P3P/1P2QP2/P1P5/1K2R1R1 w - - 2 34	e3h6 f6e7 g1g8 a8g8 h6h7 e7d6 h7g8	2328	050g0s191w
Osyw6	8/1p4b1/p5p1/3kp3/5pP1/PPBK4/2P3PP/8 b - - 6 31	e5e4 d3d2 e4e3 d2d3 g7c3	2328	01080p0r10
Qdy5z	8/8/8/R2rkppp/8/5P1P/5PK1/8 w - - 13 47	f3f4 g5f4 a5d5 e5d5 g2f3 d5e5 h3h4 e5e6 f3f4	2328	0g0p1l1m1w1z
Qx7EL	6k1/1p6/p3rp1p/5q2/2Q2n2/6PP/P4P2/3R2K1 w - - 1 36	c4c8 g8f7 d1d7 e6e7 d7e7 f7e7 c8f5	2328	010p0r1w
SpxN5	r1b2rk1/pp2qppp/2n1p3/3pn3/6Q1/2NB1N2/PPP2PPP/R3K2R w KQ - 0 12	d3h7 g8h7 g4h5 h7g8 f3g5 e7g5 h5g5	2328	01050y191n1w
Sy7N8	5rk1/1pp4p/6r1/p1pPPb2/2P4q/2N1QR1P/PP5K/R7 b - - 2 21	f5h3 f3f8 g8f8 e3h3 h4f4	2328	011011191n
TWZ46	2r3k1/6p1/2Pq4/p2p4/Qb3rB1/4Bp1P/1PR2P2/2R3K1 b - - 3 33	f4g4 h3g4 d6e6 g1f1 e6g4	2328	0g1011191n
UePbw	5r1k/2R3p1/1p1p2qp/1P6/4r2n/2P2PNP/Q5P1/5RK1 b - - 0 28	g6g3 f3e4 g3e3 a2f2 f8f2	2328	0g10191n
VTlj3	4r1k1/2p2ppp/1p1p2q1/pPbQ4/P1P1rP2/6B1/6PP/3RR2K w - - 0 27	f4f5 g6g4 h2h3 g4g3 e1e4	2328	011019
WJ7sV	r3k3/pp1bqp1r/2n1p1p1/2p5/3pNP2/3P2R1/PPP3QP/R1B3K1 w q - 0 19	f4f5 e6f5 c1g5 f5e4 g5e7	2328	010d1019
WcXPd	rn6/pp5p/2p3p1/4p3/2B5/2k2P2/PqP1Q1P1/6K1 w - - 9 32	e2e5 c3c2 c4d3 c2d3 e5b2	2328	0g0i0p10
X1kKN	8/2pn2p1/ppk1p2p/2P2p2/PP1K1P2/3N4/6PP/8 w - - 1 35	b4b5 a6b5 d3b4 c6b7 c5c6 b7c8 c6d7 c8d7 a4b5	2328	000g0p0s0z1w
XIQ6G	2r5/1p2p3/3p1kp1/p4n2/P4N2/1B2n3/1PP4r/2K2RR1 w - - 3 31	g1g6 f6e5 f4d3 e5d4 f1f4	2328	101316191f
XNH4G	8/6pp/5p2/5K2/6PP/4k1P1/8/8 b - - 0 50	e3f3 h4h5 f3g3 g4g5 f6g5 f5g5 h7h6	2328	050g0p1e1w
XUMs3	r3k2r/ppp5/3p2pp/3P2q1/2P5/1PN1n3/P5PP/2RQ1RK1 w kq - 2 19	d1e2 e8c8 c3e4 g5g2 e2g2 e3g2 g1g2	2328	0g191g1w
XijP6	r1bq3r/ppp1k3/5pQ1/2b1p1N1/8/3P4/PP3PPP/nNB2K1R w - - 0 14	g6g7 e7d6 g5f7 d6e6 f7d8	2328	0g0s1019
XkryK	8/6pp/2k5/2p2p2/1pP1pP2/pP2PP1P/P3K3/8 w - - 0 42	f3e4 f5e4 e2f2 c6d6 f2g3 d6e6 g3g4 e6f6 f4f5	2328	0g0h0p111e1w
Z4FA8	r3r3/3nNQbk/p5pp/2pN4/3p3P/3P4/qPp2PP1/2KRR3 w - - 0 25	d5f6 d7f6 f7a2 c2d1q c1d1	2328	010j0s1019
ZLQNC	8/8/8/1p4p1/1k4p1/5PP1/1K4P1/8 b - - 0 51	b4c4 f3f4 g5f4 g3f4 g4g3	2328	0g0p101e
ZYGbO	2r2k2/5p1p/6pP/p2R2P1/1p2b3/nP6/PK1R4/8 w - - 1 36	d5d8 c8d8 d2d8 f8e7 d8h8 a3b5 h8h7 b5d4 h7h8	2328	0g0h0p1w
a8y4M	r1b1kb1r/pp3ppp/1q2p3/3pP3/2pn1PP1/2N2N2/PPP1Q2P/R1B2RK1 w kq - 0 12	f3d4 f8c5 f1d1	2328	010h1c1o
as2oo	8/8/3p2k1/p1pP2pp/1p4P1/1P1K3P/P1P5/8 w - - 0 39	d3c4 h5h4 c4b5 g6f6 b5b6 f6e5 b6c6 c5c4 b3c4	2328	0g0p1e1w1z
bnmlT	r6r/5kpp/4pn2/8/3pp3/BP5Q/2q2PPP/R4RK1 w - - 0 21	a1c1 h8c8 c1c2	2328	01191o
cM2Uu	r7/8/1R1b4/r1kpp1Pp/2p3bP/2P1PN2/p3BK2/1R6 w - - 0 33	f3d4 a8f8 f2g2 f8f2 g2f2 g4d7 b6c6 d7c6 d4e6	2328	0h1318191l1w
cbMwl	3Rrrk1/pq4p1/1n5p/2p1p1B1/2P2p2/1P4P1/P3QP1P/3R2K1 w - - 0 24	d8e8 f8e8 g5f4	2328	0111191o
dZtrf	2r2rk1/5pbp/p5p1/2pR4/1p3Pq1/8/PPP2PBQ/4R1K1 w - - 1 24	f2f3 g4f5 d5f5	2328	01191o1t
dhHPl	4rrk1/pp3p1p/1q2P1pn/3p2R1/8/2P3Q1/PP1N3P/4R2K w - - 1 25	e6e7 e8e7 e1e7	2328	000g11191o
eZTKz	2k4r/Qp3pp1/p3p3/2B5/P5n1/6N1/3R2Pr/4qRK1 b - - 2 33	h2h1 g3h1 h8h1 g1h1 e1h4 h1g1 h4h2	2328	051317191g1n1w
fQUcP	3rr1k1/pbqn1ppB/1p2p3/2bnP3/2N5/1P3N2/PB3PPP/R2QR1K1 b - - 0 17	g8h7 f3g5 h7g8 d1h5 d7f8	2328	010h1019
grVZX	5rk1/1pp3p1/p2p2p1/3PP1q1/1P2B3/2N1n2b/P2Q2P1/R5K1 w - - 4 25	a1e1 h3g2 e4g2 g5g2 d2g2 e3g2 g1g2	2328	01191w
hkgpl	8/p4pp1/Pb1k3p/3Pp3/1R1p3P/5BP1/2K1PP2/5r2 w - - 9 33	b4b6 a7b6 c2b2 d4d3 a6a7	2328	000g0p101n
hwvuY	8/1QP2pkp/5bp1/8/3q4/6P1/2R2rBP/5RK1 b - - 0 39	f2f1 g1f1 d4d1 f1f2 f6d4	2328	050k0m0s10131619
jGkDR	3rr1k1/ppp3q1/4b1p1/1B2pp2/8/2P5/PPPQ1PP1/2KR3R w - - 2 22	d2d8 e8d8 d1d8 g8f7 d8h8	2328	0g0h0r1019
jextu	8/8/p2k3p/6p1/pP2p1P1/1K2P2P/8/8 w - - 0 41	b3a4 d6d5 b4b5 a6b5 a4b5	2328	0g0p101e
jh5Fv	1rB5/4Pkpp/p7/7P/n3p3/1bp3R1/2P5/2KR4 b - - 0 31	b3a2 d1f1 f7e8	2328	010h0p1l1o
kb5Nx	3r2k1/p1pr2pp/q1p5/2P1p3/PP2Pp2/1b1P1Q2/2K1N1PP/R2R4 w - - 1 26	c2b3 d7d3 e2c3	2328	010h191o
l4eU1	2r2rk1/1b2bppp/p3pn2/1p6/1P6/PB2P3/1BRN1PPP/2R3K1 w - - 4 19	c2c7 c8c7 c1c7 f8d8 c7e7	2328	0e0g0s1019
mTWl3	8/8/8/1p5p/1P6/4KP1k/8/8 b - - 2 53	h3g3 f3f4 g3g4	2328	0g0p1e1o
q4B2O	r1b2rk1/pp3ppp/2n5/2q1p1N1/8/2nB4/PPP2PPP/R2Q1RK1 w - - 0 14	d3h7 g8h8 d1h5 c3e2 g1h1 e2f4 h5h4 c8g4 h7g6 g4h5 g6h5	2328	0g0j0k0y1c1w
qdYBK	3r2k1/5p1p/p1q3pb/1p3b2/2pB4/Q1P4P/PP3PP1/3R1BK1 w - - 2 27	d4g7 g8g7 d1d8	2328	0g0j11191o
qjahe	1r3rk1/2p3pp/4p3/2qp1p2/3N4/RnPQP1P1/1P3PP1/4K2R b K - 5 21	b3c1 d3d2 b8b2 d2c1 c5a3	2328	0b0g0j1019
sMSzi	2k4r/q1b1Rpp1/1RQr1n2/7p/p7/P4B1P/5PP1/6K1 w - - 1 29	e7c7 a7c7 b6b8 c8b8 c6a8	2328	050r0s10111316191g1n
trYOn	5rk1/2R1n1p1/p5np/P2pp3/P2P2qP/2PQ2BN/3N2P1/6K1 b - - 0 23	e5e4 d3a6 g4g3 c7e7 g6e7 a6e6 f8f7	2328	010h191w
ueiGH	1r5k/1p2q1b1/p2p1N2/3P1QP1/P1Pp1P2/6K1/1P6/4R3 b - - 1 38	e7e1 g3g2 e1h4	2328	0g0p0t111o
unhtq	4R3/5ppk/p1p4p/P1P5/3P4/5qPb/5P1P/1Q4K1 b - - 2 44	f7f5 b1f1 h3f1	2328	010h0p1o
vDaCZ	3rr1k1/pp3ppp/6q1/2R5/1P1B4/P4b2/6PP/3QR1K1 w - - 0 23	e1e8 d8e8 d1f3 g6b1 f3f1	2328	010w1019
vdlHK	r4rk1/5p2/3p3Q/q1p2NP1/4PP1P/3P4/1B2n3/1K1R4 b - - 8 32	a5a2 b1c2 a2b2 c2b2 f8b8 b2c2 a8a2	2328	050r1317191k1n1w
xHvGO	r1b2rk1/2qpBpbp/p1n3p1/1p1QP3/8/5N2/PPPN1PPP/R3K2R b KQ - 6 21	c6e7 d5a8 e7c6	2328	01191n1o
1Pg7T	3R4/1p1P3p/p3q1k1/P1p2p2/3b1P2/4n1B1/4Q3/2K5 b - - 3 51	e6b3 d8g8 b3g8	2329	0g0p111l1o
5z1PF	r5rk/ppb2R1p/2p5/8/6Q1/7P/PqP3P1/3R3K w - - 4 25	f7h7 h8h7 g4h5 h7g7 d1d7 g7f6 d7f7 f6e6 h5f5 e6d6 f7d7	2329	050x1318191n1w
62iSa	1r3rk1/2p2ppp/7q/2B1PQ2/p1P5/1N1P2P1/PP5P/3K3R b - - 2 27	a4b3 a2b3 h6c6 c5f8 c6h1	2329	0g0s1019
6Hn6P	3r2k1/pp2rpp1/5nnp/q7/2N1P3/P1N2PQ1/1P4PP/R2R2K1 b - - 5 23	a5c5 g3f2 d8d1 a1d1 c5c4	2329	0g0s1019
7ciRA	8/p7/2p1k3/8/2P2K2/8/P7/8 b - - 0 46	e6d6 f4e4 d6c5 e4d3 c5b4 d3d4 a7a5	2329	0g0h0p1e1w
AJGqq	r7/1p4kp/4p3/4p3/1PPr4/P2R3P/3pKPP1/R7 b - - 3 29	d4d3 e2d3 a8a3 d3d2 a3a1	2329	050g0p101m
AVduy	4r3/5p1p/5Pk1/3B1R2/Pb2p1PK/1P6/8/8 b - - 2 35	e4e3 f5g5 g6f6 g5f5 f6g7 d5c4 e3e2	2329	00010p1w
B98Y5	8/8/pp5p/4k3/1PP2p2/3K2P1/6P1/8 w - - 0 39	g3f4 e5f4 d3d4 f4f5 d4d5	2329	0g0h0p101e
BeO2i	r4rk1/pp1b1ppp/1qn2n2/1BR1p1B1/3pP3/3P1N2/PPQ2PPP/5RK1 b - - 2 15	c6b4 c2c4 b4d3 c4d3 b6c5	2329	010i1019
Bsn6U	2k4r/pp3p1p/1q3p2/2pb4/4Q3/1P3NP1/2Pr1PBP/R5K1 w - - 2 21	g2h3 c8b8 e4f4	2329	01191o
C3CMH	6k1/3r1ppp/8/2bb1N2/5P2/4P3/4BKP1/3R4 w - - 4 34	e2b5 d5c6 d1d7 c6d7 b5d7	2329	010p101y
FVRJ8	1k3r1N/pPp3pp/8/4p3/5n1q/5Q2/PPPP3P/RNBK3R b - - 3 17	e5e4 d2d3 e4f3	2329	0g191o
GhUae	6k1/1P4p1/8/2p1q3/3p4/4p2P/4Q1K1/8 w - - 0 57	e2a2 g8h7 a2b1 d4d3 b7b8q	2329	000g0p10111g1h1i
GqjF9	2rq1rk1/1p1nb2p/p2pb1p1/3Np3/4P1P1/1P3P2/PBPQ4/2KR1B1R b - - 1 16	e7g5 f3f4 f8f4	2329	0g191g1o
HukfZ	r2r2k1/pp2qppp/3b1n2/3N4/1P1QbP2/P3PB2/1B4PP/R4RK1 b - - 0 16	e4d5 f3d5 d6c7 d5f3 d8d4	2329	0g0j1019
IGzq4	5r1k/2q3pp/pr6/2p3N1/3P2Q1/1P4b1/P4PP1/4RK2 w - - 2 28	g4f5 f8f5 e1e8 f5f8 e8f8	2329	101316191n
Ijmim	3rr1k1/pp2b1p1/1nq1P1Np/8/2p1n2B/N2p4/PP1Q1PPP/2R1R1K1 w - - 2 24	g6e7 e8e7 e1e4 c6e4 h4e7	2329	0g0s1019
IqW2p	6k1/pp4pp/1q3n2/4Q3/6bP/2N5/1PP1B3/2K5 w - - 0 33	e2g4 b6g1 g4d1	2329	0g0h0p111o
JhIeR	8/b7/3k4/PP1P4/2P4p/8/5p2/5K2 w - - 0 42	b5b6 a7b8 a5a6 h4h3 f1f2 d6c5 a6a7	2329	00080g0p1w
KlEoC	2r1qk1r/3p2bp/3P4/Q2R1p2/1p2p3/7N/PnP2PPP/1K5R w - - 0 24	d5f5 f8g8 h3g5	2329	0g11191o
KmWR2	5rk1/1p3p1p/p5p1/3p4/5Q2/Pbq2NP1/1b2PPBP/1R4K1 w - - 2 23	f4d2 c3d2 f3d2	2329	01191o
KrFqR	r4rk1/ppp2pp1/7p/3P1q2/2n5/6P1/PPP1B1KP/RN1Q1R2 b - - 7 16	c4e3 g2g1 f5h3 e2f3 e3d1	2329	010s1019
MNtAV	5k2/1p4bQ/p2rq3/5B2/5P2/1P2P2p/P7/5RK1 b - - 4 37	e6e3 g1h1 d6h6 h7h6 g7h6	2329	0g0p10111t
MZIvv	4rBk1/2N2pPp/1p6/1Knb1Nb1/r5P1/8/1P6/6RR b - - 9 37	a4a5 b5b6 e8b8 b6a5 g5d2 b2b4 d2b4	2329	1317191n1w
Mp11k	r6k/pp2qn1p/2p1b2b/5R2/2P1Q3/2N4P/PP2B1P1/R5K1 b - - 2 22	f7d6 e4d4 h6g7 f5e5 d6f7 d4c5 e7c5 e5c5 g7d4 g1h1 d4c5	2329	050g0h0s191w
NC5Um	r1bq1rk1/ppp2ppp/4pn2/4P1B1/1b6/2NB4/PPP1n1PP/R2QK2R w KQ - 0 10	d1e2 d8d4 e5f6 b4c3 b2c3 d4c3 e1f2	2329	0g0h1c1w
OUylb	1r4k1/p2Qp2p/2n2rp1/2q3N1/5Bn1/2N3P1/P4P1P/R4bK1 w - - 0 20	c3e4 c5f5 e4f6 g4f6 d7f5	2329	010s1019
PJyhB	5rk1/ppp3pp/2npq3/2b1p1B1/4P1n1/2PP2Q1/PP3PPP/RN3RK1 b - - 5 13	f8f2 f1f2 c5f2 g3f2 g4f2	2329	0g0s1019
PT3H0	8/8/2p5/p1ppp3/P1P2pPk/1P1P3P/6K1/8 b - - 2 40	e5e4 d3e4 d5e4 g2f1 e4e3	2329	0g0p101e1z
PxHi0	r1b1qrk1/p1p2pbp/1pn1p1pB/8/4B3/2N2P2/PPPQ1P1P/R4RK1 w - - 2 14	h6g7 g8g7 c3b5	2329	01191o
QcKlN	8/8/P7/6P1/1R1b3P/4kP2/r7/5K2 b - - 10 60	e3f3 b4b1 a2h2 f1e1 h2h1 e1d2 h1b1	2329	0g0p0r111p1w
Qrkwc	2r3k1/p2p1p2/1p6/2pN1pq1/QPP2P2/P2PnK2/4N3/2R2R2 b - - 2 27	g5g2 f3e3 c8e8 e3d2 e8e2 d2c3 g2g7 d5f6 g7f6 d3d4 f6d4 c3b3 e2b2	2329	0x11121318191n1r1w
RWhtz	2r2r1k/4qppp/p2p1b2/1ppBnP1Q/4P3/P1P1B3/1P4RP/6RK w - - 2 24	g2g7 f6g7 g1g7 h8g7 h5h6 g7h8 f5f6 f8g8 f6e7	2329	00050g0y11191n1w
Vibff	7k/p7/1pR4p/1PbPp1p1/P3bp2/8/6PP/7K w - - 2 38	c6c5 b6c5 d5d6 e4f5 a4a5 h8g7 b5b6 a7b6 a5b6	2329	010p11121l1n1w
XrQUC	2r1r3/5pk1/1p3b1p/6p1/p1bpBP2/P2N1KP1/1PP4P/2R1R3 b - - 7 26	g5g4 f3f2 e8e4 e1e4 c4d3 c2d3 c8c1	2329	0b0g0i0j11191w
XvEQ7	4Rr1k/1p4bp/p4p2/2p3pQ/2P5/P2r2nP/1q3PP1/4R1K1 w - - 0 31	h5f7 h7h6 e8f8	2329	010y191g1o
YVl3U	4qr1k/1b2bp2/7p/1p2P2N/3P2P1/rB1Q4/7P/5RK1 w - - 0 32	f1f6 e8c6 f6c6	2329	0g191o
YtjpT	8/8/6p1/P1Bk1n1p/4p3/1PK5/8/8 w - - 3 53	a5a6 d5c6 b3b4 h5h4 b4b5 c6c5 a6a7	2329	000g0p1l1n1w
ZCvR3	2k1r2r/pp1n1p2/3R4/7p/7P/1QP1q1p1/PP4PN/5R1K w - - 0 23	d6d7 c8d7 b3b7	2329	050g0i191k1o
Zijej	r1b1rnk1/1pq2p2/1bp4p/p2pn1N1/P2P1Q1B/2NB4/1PP2PPP/R3R1K1 b - - 1 18	e5d3 f4c7 e8e1 a1e1 b6c7 c2d3 h6g5	2329	0g0j191w
aW2OI	r4rk1/p1b2p2/1p2pp2/8/1P1P4/P4Q2/5PPq/R3RK2 w - - 0 22	f3g4 g8h7 e1e3 f6f5 e3h3 h2h3 g4h3	2329	010s191w
dpbVn	2n5/6k1/3p3p/p1pPp1pP/1rR1P3/1P2K1P1/P5B1/8 b - - 3 30	b4c4 b3c4 g5g4	2329	0g0h0p1o
dtOnk	r5k1/pp3ppp/4p3/1b6/8/P2rPN2/1P2KPPP/2R4R w - - 2 18	a3a4 b5a6 b2b4 d3b3 b4b5	2329	010h0p101l
eomnJ	r2q2k1/1R6/3p1pp1/p1rP3p/2PbP2R/7P/4B1P1/1Q5K w - - 0 32	e4e5 f6f5 h4d4	2329	0g0j191o
f00sC	2kr3r/p2n1pp1/2p5/1pq4p/4P1n1/2N2B1P/PPP2QP1/3R1R1K w - - 4 22	f3g4 h5g4 d1d7 c5f2 d7d8 h8d8 f1f2	2329	010r191w
gkLyG	r2q1rk1/pb3pb1/1p2p2p/4N1p1/3p4/1BP3P1/PP1Q2PP/4RRK1 w - - 0 19	e5f7 f8f7 b3e6 b7d5 f1f7 d5e6 f7g7 g8g7 e1e6	2329	01050b0y191g1w
h21Ad	3r2k1/p3q2p/3p2p1/3Pp3/4P1b1/P1BBQn2/6KP/1R2R3 b - - 1 31	e7h4 e1h1 h4h3 g2f2 d8f8	2329	0g0h101119
h447o	5r1k/1pp3qP/p2p4/8/3PQn2/4NP2/PPP5/2K4R b - - 4 32	f4e2 c1d1 e2g3 h1g1 g3e4	2329	010p0s10
hX9aQ	r1brn1k1/1p1q2bp/p1n1ppp1/1N6/Q1PP4/B4NP1/P4PBP/R3R1K1 b - - 3 17	a6b5 a4a8 e8c7 c4b5 c7a8	2329	0g10191n1t
hhIZL	8/1p6/4p3/1pP4p/P3kpp1/8/4KP1P/8 w - - 0 32	c5c6 b7c6 a4a5 e4d5 a5a6 c6c5 a6a7	2329	000g0p1e1l1w
iz6Q1	r1k4r/p3R2P/2pp1p2/7Q/4P3/2q5/P2n2PP/7K w - - 0 28	h5g4 f6f5 g4g8 h8g8 h7g8q	2329	000p0r1013161h
jPngM	8/2p5/8/p1k1p2p/P3P1pP/1P1K2P1/2P5/8 b - - 1 31	c5b4 d3d2 c7c6 d2d3 c6c5 d3d2 c5c4 b3c4 b4c4 c2c3 c4b3 d2d3 b3a4	2329	0g0p1e1l1w1z
kmjdT	8/r6k/3p1Q2/2pPpPp1/4P1Pp/3bB2P/P4K2/1r6 b - - 0 40	b1f1 f2g2 a7a2 e3d2 a2d2	2329	0p0r101316
kobq3	5r1k/ppq3pp/3b4/3Bn3/2p5/4P3/PP3PPP/R1BQK2R b KQ - 0 17	e5d3 e1f1 d3f2 d1d4 f2h1	2329	010j0k0s101119
lEu9z	1r6/6qk/R1Q3pp/3p4/3P4/2p1P1PP/5P1K/8 b - - 3 45	g7f7 h2g2 b8b2 a6a7 f7a7	2329	0g0p10
lTLq6	8/8/p1p1p2p/3k2p1/1P1P2P1/P2K1P2/8/8 w - - 0 34	a3a4 e6e5 d4e5 d5e5 d3c4 e5d6 c4d4	2329	0g0h0p1e1l1w
ljzO9	b1q2rk1/4b1pp/1B1p4/1B1Ppp2/2R5/P2Q4/5PPP/6K1 b - - 5 23	c8b8 b5d7 b8b6	2329	01191o
m1pw7	r4rk1/2p1q2p/1p1p2p1/pPnP4/2PQp1B1/2B5/P4P1p/5R1K w - - 2 22	g4e6 c5e6 d5e6 f8f6 d4f6 e7f6 c3f6	2329	010y191w
mKDAr	8/r5pp/Pp6/2p5/3k4/1P1np1P1/4K2P/R3B3 w - - 4 35	a1d1 d4e4 d1d3 a7a6 d3e3	2329	010p10
oeY9K	r1b1k2r/ppq2pp1/2pp3p/4p2n/2B1P3/2NPP1Q1/PPP3PP/R4RK1 w kq - 2 13	f1f7 c7f7 c4f7	2329	040g1112191o
pbxBz	r5k1/p1p2p1b/1p4nQ/2q2n2/3R3N/4P1P1/5P1P/3R2K1 w - - 2 23	h4f5 c5f5 d4d8 a8d8 d1d8 g6f8 h6f8	2329	1317191w
pohNB	2r2rk1/pb1n1pp1/1pp1pq2/7B/2pb4/1PNR3P/PB2QP2/2K3R1 w - - 0 20	d3d4 f6d4 c3e4 c4c3 b2c3	2329	0110191l1n
qVlum	r4rk1/ppp2ppp/2np2q1/4p3/2P1nP2/1P4P1/PB4BP/R2Q1RK1 w - - 0 16	f4f5 g6g5 b2c1	2329	01191o
r4qHe	2kr1bnr/ppp3pp/8/4np2/2Q1q3/2P2N2/PP3PPP/R1B2RK1 w - - 0 15	c4e4 f5e4 f3e5 f8d6 e5f7	2329	010b0w101c
rBAaO	1r6/5p2/2ppk3/2p1n1Q1/p3P2P/P3P1P1/1r4B1/6K1 w - - 3 35	g2h3 f7f5 g5f5 e6e7 f5e6 e7f8 e6d6	2329	0g0i0p1w
sEG0d	8/5kp1/P6p/3R4/2pP4/4r3/K7/8 w - - 1 40	d5e5 e3e5 d4e5	2329	0g0p111m1o
tjl8o	6k1/6p1/1R1p1p2/1p1q2p1/3Pp3/2r4P/4QPP1/6K1 w - - 0 34	b6b8 g8f7 e2h5 f7e6 h5e8 e6f5 b8b5	2329	0g0p1g1w
v9WmT	2k4r/1p3p2/p3p3/2P1bp1p/1qRr3Q/1P6/P4PPP/3R2K1 w - - 0 26	h4d4 e5d4 c4b4	2329	0g191o
wVSM7	2r1r2k/1b4pp/pp6/5QBN/P7/2q2P2/1n4PP/R4B1K w - - 0 27	h5f6 c3c2 f5c2 c8c2 f6e8	2329	0g1019
0rtaZ	r4b1r/1p4pp/p1p3k1/4p3/2QnP3/3P2P1/PPP5/R1B1K3 b Q - 0 18	b7b5 c4c3 f8b4 c3b4 d4c2 e1d2 c2b4	2330	050g0i0r0s191g1n1w
24kBI	8/pp4QP/1kp2n2/8/3P1qP1/P1P4K/6P1/8 b - - 0 38	f6e4 g7e5 e4f2 h3h4 f4g4	2330	0p101316
2niwj	r4rk1/pp2ppbp/6pB/2p1n3/8/3P1q2/PPPQ1P1P/R3RBK1 w - - 2 15	h6g7 f3g4 g1h1 e5f3 f1e2	2330	011019
3HwIK	6k1/5p2/3r2P1/pp6/3PR1R1/KP6/P2r4/8 b - - 0 51	b5b4 a3a4 d6d5 a2a3 d2a2 g6f7 g8f8	2330	0g0p1m1w
5YbxN	8/4p2k/3p2p1/p2P4/5nQ1/PP3BK1/7P/2q5 b - - 6 46	c1e1 g3f4 e1e5	2330	0p1113151n1o
5bYud	8/4b3/8/K2Nk3/3pP2N/1p1P4/8/8 b - - 1 56	e7h4 d5b6 h4d8 a5a4 d8b6	2330	0g0p0t10
5fq6i	5rk1/3b3p/1q1p2p1/pP1Pp3/2Q1P3/1P1B4/6PP/4R2K b - - 2 39	f8c8 c4a4 b6e3 a4a5 e3d3	2330	010p10
5mQo2	2k1r3/p1p2qpp/8/4p3/1P1P4/2PQ2Pb/3R3P/2R1K3 b - - 3 37	e5d4 d2e2 f7f1 e1d2 d4c3 c1c3 e8d8 d3d8 c8d8	2330	0g0j0k0p0r1g1w
5sDqo	R2b3r/p2P4/1p2k3/8/1P2p3/P4p2/5P2/3RK3 b - - 4 46	e4e3 f2e3 d8h4 e1f1 h8a8	2330	0g0j0p10
6BHhI	6k1/3b1pbp/5np1/3N2q1/2PB1N2/3Q3P/1r4P1/5RK1 b - - 3 30	f6d5 d4b2 d5f4 f1f4 g7b2	2330	01101119
74kAt	rnb2rk1/pp3pbp/1q3np1/4N1B1/3p4/2PB1Q2/PP4PP/RN3RK1 w - - 2 13	e5c4 b6c5 g5f6	2330	011c1o
7lV7d	r2b4/4q3/3pk3/p3p2Q/1p6/1P4p1/PP6/1K3R2 w - - 0 35	h5g4 e6d5 g4c4	2330	0n0p13151o
7rSeg	4brk1/1p3p1n/p3p1B1/3pB3/3P4/1K2b2P/PPr1Nq2/R5R1 w - - 0 24	g6f7 g8f7 g1g7	2330	050k0m0y1315191d1n1o
8P60H	r1r4k/pp4pp/3BP3/5Q2/3n1P2/6P1/Pq2B2P/3R1K2 w - - 1 32	d1d4 b2d4 e2d3 g7g6 d6e5 d4e5 f5e5	2330	0g0s191l1n1w
8PcKN	rn3rk1/p1p3p1/1p3pp1/3qN1Bn/3P4/P6P/1PP2P2/R2QR1K1 w - - 0 17	c2c4 d5d6 e5g6	2330	0g191o
9Q8Qo	3r4/p4kp1/7p/2b1Rp2/2p2B2/2P4P/P1P2PP1/6K1 b - - 1 26	d8d1 g1h2 c5d6 e5f5 f7e6 g2g4 g7g6 f4d6 g6f5	2330	0g0p1g1w
9grg1	7Q/8/5p2/p2q4/4pK2/P7/1R6/4k3 b - - 3 57	d5e5 f4e3 e5c3 e3e4 f6f5 e4d5 c3h8	2330	0g0j0p0s1w
AMbCb	6k1/pp2Qpp1/2p3b1/1qPrP2p/8/5N1P/PP4P1/4R1K1 w - - 4 29	e7e8 g8h7 f3g5 h7h6 h3h4	2330	0g0h0p0y10
AWkTR	7Q/p2r4/1p4p1/2p2pkp/P3p3/2PqP2P/1P2RKP1/8 w - - 4 34	h3h4 g5h4 h8f6 g6g5 f6f5 d3e2 f2e2	2330	050g0i0p1w
AeNj1	2k4r/Qn2p1bp/B4np1/3p4/3P1P2/B1q1P3/P4KPP/R6R b - - 2 20	f6g4 f2f1 c3a1 f1e2 a1a2	2330	0g0v1019
AoZTU	r4r1k/p2q1p1p/3bpN2/2p2p2/6Q1/8/P1PP1PPP/R4RK1 b - - 1 16	f5g4 f6d7 f8d8 d7f6 d6e5 f6g4 e5a1	2330	0g0s191w
BRPlS	4r1k1/pb2rp1p/1pq3p1/8/1P1Nn3/PR1Q3P/B1P2PP1/4R1K1 b - - 0 21	e4c5 d4c6 e7e1 g1h2 c5d3	2330	0g0j10191n
Bypqe	r5kr/2p2p2/p5p1/6B1/1Q1bq2P/7R/P3BPP1/4K3 w - - 0 24	h3e3 e4d5 e2f3 d5c5 b4c5	2330	01101119
CBACd	4b3/8/6p1/1pk5/1pPp1P2/pP1B2P1/P2K3P/8 b - - 1 46	e8f7 c4b5 f7b3	2330	01080p111o
CdZMz	8/8/3p1p2/3P1P1p/1k2P2P/2p5/8/1K6 b - - 1 57	b4c5 b1c2 c5d4 e4e5 d4e5	2330	0g0p101e
D4XsW	5r1k/2R3p1/p2p2Q1/3Pp3/PP5b/4Br1q/3R1PpP/6K1 b - - 3 29	f3g3 g6h5 h8g8 h5h4 h3h4	2330	0g10111219
DPSX3	8/3B4/2R5/1pk4P/5P2/6K1/p5P1/1r6 b - - 4 58	c5b4 c6a6 b1b3 g3g4 b3a3 a6a3 b4a3	2330	010h0p1w
ELy5l	rnbq1rk1/ppp2ppp/8/4P3/2B1Np1Q/5N2/PPpP2PP/R1B2K1n w - - 0 14	e4f6 g7f6 e5f6 c8f5 h4h6 f5d3 f1g1 d8f6 h6f6	2330	0g0y191n1w
F3fxo	8/p7/1p3kpp/7P/1P3KP1/P7/8/8 b - - 0 41	g6h5 g4h5 b6b5 f4e4 f6g5	2330	0g0p101e1l
FV2db	8/4k2p/4Pp2/p7/1P3K2/2r1R1PP/8/8 b - - 0 43	c3e3 f4e3 a5b4	2330	0g0p0w1m1o
Fi8T2	8/p2Q1pk1/3N2p1/2P4p/1P5b/P3KP1P/2q2P2/8 b - - 8 37	h4f2 e3f4 c2d2 f4e5 d2d4	2330	0p101316
IrDIh	4n3/p5pN/4p3/3k2PP/5P2/4K3/8/8 w - - 1 47	h7f6 g7f6 h5h6 e8d6 h6h7	2330	000g0p0z101n
JugoS	1r1r2k1/3P2p1/4R2p/pq4b1/1p4Q1/1P5P/2P3PK/4R3 w - - 1 40	e6e8 d8e8 e1e8 b8e8 g4c4 g8f8 c4b5	2330	0g191n1w
JvYMz	3q1rk1/R5p1/5p1p/4Q3/3p4/8/P1r2PPP/5RK1 w - - 0 23	e5g3 f8f7 a7f7 g8f7 g3b3	2330	050g0p10
LkAWH	8/8/6p1/p7/8/7P/k5P1/2K5 w - - 4 51	h3h4 a2b3 g2g4 b3c4 h4h5 g6h5 g4h5	2330	0g0p1e1l1w
Nz9Pe	1rb1k2r/p2npp1p/2p3p1/q2pP3/2pP1P2/P1N1QN2/2PK2PP/1R5R w k - 4 19	e5e6 f7e6 b1b8 d7b8 e3e5	2330	0g1011191g
OVMzg	r2qr1k1/1b1n1pbp/pp1Bp1p1/3P1n2/P7/1BN2N1P/1PP2PP1/R2QR1K1 b - - 0 16	f5d6 d5e6 d7c5 e6f7 d6f7	2330	01101c
P07ZS	8/4q3/2pp4/p3pP2/PpPkP2b/3P4/4K2P/2Q5 w - - 4 42	c1a1 d4c5 a1g1 h4f2 g1f2	2330	0p101316
PAeBb	5r2/2k5/p1Np1q2/P1pP4/1pP4p/3P3P/1P5K/1R1Q4 b - - 0 34	f6f2 h2h1 f8f3 d1f3 f2f3	2330	0d0g0p10
PJDRs	8/1R3p1P/8/8/2bbPP2/8/1pk3K1/8 w - - 1 39	b7b2 d4b2 e4e5	2330	0g0h0p1n1o
PepZU	r3k1r1/1b2np1p/p3p3/q2p4/2P5/2B5/PPQ1BPPP/R4RK1 b q - 2 18	d5d4 g2g3 d4c3	2330	01191o
SSA8d	5rk1/4b2p/3P4/p1p3PP/6Q1/2NP4/RPq3B1/6K1 b - - 0 27	c2f2 g1h2 e7d6 h2h3 f2e3	2330	010r0w1019
TBSjE	r2qk2r/2pnp1bp/p3Q1p1/1p6/8/2PB1N2/PP3PPP/R4nK1 w kq - 0 15	d3g6 h7g6 e6g6 e8f8 f3g5 d7e5 g5e6 f8g8 g6g7	2330	0s1318191l1w
Ta11W	2rr2k1/1b2qpbp/Bp3pp1/8/3B4/1P2P3/P3QPPP/2RR2K1 b - - 0 18	c8c1 d1c1 e7a3 a6b7 a3c1	2330	0105101119
UuvKv	8/5p2/3k3p/pp1p2p1/3K1P2/P1P3PP/1P6/8 b - - 0 36	g5f4 g3f4 a5a4	2330	0g0h0p1e1o
VAjF5	r1qr2k1/ppp2ppp/2n2b2/4N2b/2P5/1P1P3P/PB2BPP1/1R1Q1RK1 b - - 0 15	h5e2 d1e2 f6e5 b2e5 d8e8 d3d4 f7f6	2330	010w1c1w
VN2Uf	1R6/r6k/2pp2rp/pp6/4q3/1P6/P2Q2PP/R1B3K1 b - - 0 23	g6g2 d2g2 e4e1 g2f1 a7g7 c1g5 g7g5 g1h1 e1e4 f1f3 e4f3	2330	0s1318191n1w
VpjcK	5rk1/1bp1bppp/3p1n2/4p3/Bq2P3/3PBN2/5PPP/Q3R1K1 w - - 0 19	e1b1 b4a5 b1b7 f8a8 e3d2 a5a4 b7b8 a8b8 a1a4	2330	0g0i191p1w
VrPMV	8/r3k3/6R1/4P3/5p2/3p2p1/3K4/8 w - - 0 51	g6g7 e7e6 g7a7 g3g2 a7a1 f4f3 d2e3	2330	0g0p1m1p1w
WhSbc	4rbk1/pp3ppp/2p2n2/8/1PnN4/P5Q1/5PPP/R1B1qBK1 w - - 0 21	c1b2 e1d2 b2c3	2330	0g11191l1o
X1cUi	r2q3r/pp1nb1p1/2p1Qnkp/8/2BP3P/7R/PPbB1PP1/R3K3 w Q - 2 16	h3g3 g6h7 g3g7 h7g7 e6f7	2330	05101316191n1s
YycHx	N4b1r/4kppp/p3p1b1/4n3/3n1q2/1Q5P/PP2BPP1/3R1RK1 w - - 5 19	b3b4 e7f6 d1d4 f8b4 d4f4	2330	011019
aHC1n	6k1/pp4pp/3Q4/2p3P1/2b3K1/2P2P2/PP4P1/4q3 w - - 4 34	d6b8 g8f7 b8f4	2330	010p1o
bGJL0	3R4/r1p2pbp/2k1b3/7p/pP2pP2/4P2P/1PP3P1/2KR2B1 b - - 0 24	a4a3 b2a3 g7c3 d1d4 a7a3	2330	010p0w10
dpCLv	7k/1ppb2pp/1p3p2/8/8/rBP3P1/2P2PP1/4R1K1 w - - 0 22	e1d1 d7e8 d1d8 a3a1 g1h2	2330	010p101g
dwf75	8/5kp1/5p1p/7P/5PPK/8/8/8 b - - 2 42	f7e6 h4g3 e6d5 g3f3 d5d4 f4f5 d4d3	2330	0g0h0p1e1w1z
fkNwC	5rk1/1b2np1p/1rn3p1/q5N1/2B2P2/2Q5/1PP3PP/3R1R1K w - - 3 26	c4f7 f8f7 d1d8 c6d8 c3a5	2330	010i0y1011191n
h4xlX	8/ppp2kpp/2b5/3q4/1P3P1P/P2B2PK/4Q3/8 b - - 6 35	d5h1 h3g4 c6f3 e2f3 h7h5 g4f5 h1f3	2330	0g0i0p0s1n1w
hTfYG	4k2r/1q2bp2/p1bp4/2p1p1n1/P1P1PpPp/3Q1B1P/1P3P1K/RN2R3 b k - 4 27	b7b2 b1d2 b2d2	2330	0g191o
hsjy1	8/8/8/3k1p2/4p2P/R4rPK/8/8 w - - 2 55	a3f3 e4f3 h3h2 d5d4 h2g1 d4e3 g1f1	2330	0g0h0p1m1w
k6xiw	6k1/r4pp1/4p2p/1R1n4/2qP4/B5PP/1Q3P2/6K1 w - - 1 35	b5d5 c4d5 b2b8 g8h7 b8a7	2330	0d0g0p0s101n
kCKQw	8/8/q1p1k3/3p1p2/Q7/K4P1P/6P1/8 b - - 1 55	a6a4 a3a4 f5f4	2330	0g0h0p1i1o
kLCVi	3k4/8/1R5P/2p5/P7/8/1pr3P1/6K1 b - - 0 43	d8c7 a4a5 c2c1	2330	0g0p11121m1o
kXyrj	r2qr1k1/p1p2pp1/2pb1n1p/5Q2/5B2/2N5/PPP2PPP/R3R1K1 b - - 4 15	e8e1 a1e1 g7g6 f5d3 d6f4 d3d8 a8d8	2330	0g191w
l4iLT	2k1NN1n/5p1P/2K1p3/3pP1p1/3P2P1/5n2/8/8 w - - 3 60	e8d6 c8d8 d6f7 h8f7 f8e6 d8e7 c6d5	2330	0g0p0r0z1w
lDkBq	8/5pk1/3p2p1/8/Q3K2P/P7/1P1q3P/8 b - - 5 49	d2e2 e4d5 e2e6 d5c6 e6e8 c6b6 e8a4	2330	0g0p1i1p1w
lR3oS	3rkb1r/p1pb1ppp/Q7/4P1B1/3q4/8/PPP2PPP/RN2KB1R b KQk - 0 12	d4d1 e1d1 d7g4 d1c1 d8d1	2330	050k0m1013161c1d1n
m0M5R	rn1qk2r/pp2bppp/2p1p3/5N2/8/6P1/PPP2PBP/R1BQ1nK1 w kq - 0 11	f5g7 e8f8 g7e6 f7e6 c1h6	2330	0g10111c
m9H9N	4q1k1/R5pp/2p1P3/1b1p1P2/3rp3/1Q2P2P/6PK/8 w - - 0 40	e3d4 e8b8 b3g3 b8a7 f5f6	2330	0g0p0t101g
mpfRc	2r5/p4kpp/8/5p2/3b1P2/1N3rPb/PP1PRP1P/R1B3K1 b - - 6 23	f3f2 e2f2 c8e8 b3d4 e8e1 f2f1 e1f1	2330	0y1317191d1g1l1n1w
mrJg0	7k/pp5p/8/2P3p1/1P1qpp2/P5PP/1Q2RP1K/3r4 b - - 1 33	d4b2 e2b2 e4e3 b2e2 d1d2	2330	010p10
nNoNs	7k/1pp1qrp1/1p1p3p/3P3R/8/3P2QP/rPP5/6RK w - - 5 28	h5h6 h8g8 g3g6 e7e2 g6h7 g8f8 h7h8 f8e7 h6e6 e2e6 d5e6	2330	0g0p0s1g1w
pMUae	5rk1/ppp2ppp/1q5b/8/2Q5/2P2B2/Pr4PP/4RR1K w - - 0 20	c4f7 g8f7 f3h5 f7g8 f1f8 g8f8 e1e8	2330	050j0k0m0y1317191d1n1w
pULuq	rnb2rk1/pp3p2/2p4Q/4p3/4P3/2NB2q1/PPP5/2KR4 w - - 2 19	c3e2 g3g6 d1g1 c8g4 h6h4 g4e2 g1g6 f7g6 d3e2	2330	0g191g1w
pjwMw	r4r1k/q1p3pp/3p1p2/P1p5/4PP2/1RBQ4/6PP/1R4K1 b - - 0 33	c5c4 c3d4 a7a6 d3e3 c4b3	2330	010j0k1019
qTOBQ	2k3r1/Qp1n1p2/2p5/8/1PP2Bq1/P2R2P1/4r2P/3R2K1 b - - 0 31	g4f4 a7a8 f4b8 a8b8 d7b8	2330	0110191g
sFNIz	r1r3k1/q3ppbp/3p2p1/P1nP4/2RNP3/8/2QB1PPP/5RK1 b - - 4 22	g7d4 c4d4 c5b3 d4c4 c8c4	2330	01101119
uH3Ur	2kr2nr/1pp2p1p/p2pb3/8/4P3/2Q4N/1PPN2qP/1K1R3R w - - 2 17	h3f4 g2g5 f4e6 f7e6 c3h8 g8f6 h1g1 g5g1 h8d8 c8d8 d1g1	2330	0g191t1w
ueBVK	8/8/6R1/p1r5/3p2P1/3k1P2/5K2/8 b - - 0 44	d3c2 g6d6 d4d3	2330	0g0p1m1o
ueHwB	3r1k2/3r1pp1/pb5p/8/1P2NnP1/PB4KP/5P2/3R1R2 b - - 4 33	d7d3 d1d3 d8d3 g3f4 b6c7	2330	010e0s10191n
uyRvL	r4rk1/1bq1b1pp/pp6/2ppp2n/P4P2/2NP1N1P/1P1BQRPK/4R3 w - - 0 23	e2e5 c7e5 e1e5 e7f6 e5h5	2330	010s1019
y2PtT	r1b1k2r/pppp1ppp/2n5/2b1P3/2P1P2q/2NK4/PP4PP/R1BQ1BNR b kq - 6 8	c6b4 d3d2 h4f4 d2e1 f4f2	2330	1013161c
y4VmF	8/P7/3R4/7p/7P/4P1P1/4kP1K/2r2q2 w - - 3 52	a7a8q f1f2 a8g2 f2g2 h2g2 e2e3 d6d5	2330	000g0p1g1h1w
y6m3G	r4rk1/4q1pp/2p1b3/p3Np1Q/2BP4/b1p1P2P/P4P2/1K1R2R1 w - - 4 25	c4e6 e7e6 g1g7 g8g7 d1g1 g7h8 e5g6 e6g6 g1g6 f8b8 b1c2	2330	01050y11191g1n1w
yWBUu	8/8/p1p1k2p/PpP5/1P2PK2/8/8/8 b - - 3 46	e6f6 f4g4 f6e5	2330	0g0p1e1o
0CwfG	4r3/1pp4k/p2p1b1p/3PnPp1/1PP2pPq/5P1P/P4Q1K/1BR2R2 b - - 4 27	e5f3 f2f3 e8e3 f3g2 e3g3 f1f3 g3g2	2331	010d191n1w
0LQm2	r5k1/5Npp/4Q1P1/3p4/2pPn3/2n5/6PP/2q1BRK1 b - - 0 35	c3e2 g1h1 e4f2 f1f2 c1e1 f2f1 e1f1	2331	0i1317191w
0NAdx	q5r1/r4N1k/5Q1p/3p1P2/1P1Pp3/P7/6PP/3R2K1 b - - 0 38	a8f8 f7g5 h6g5	2331	010p1o
221CS	8/8/1p5p/p2k2p1/P4PP1/4K2P/8/8 b - - 0 53	g5f4 e3f4 b6b5 f4e3 b5b4	2331	0g0h0p101e
24mIP	rn6/1b2q1kp/1p3rp1/5B2/8/1pQ2N2/PKPN1PPP/3RR3 b - - 0 19	e7a3 b2b1 b3a2 b1a1 a3c3	2331	000j10131619
2MtfJ	r5r1/3k4/1qpbp2p/4Q3/1P1pP3/p5P1/N6P/2KR3R w - - 1 30	d1d4 c6c5 d4d6 b6d6 h1d1	2331	0110191g
2vK21	5rk1/pp3p1p/4pBp1/8/1n6/5P1P/PPrR1P2/4K2R w K - 0 20	d2c2 b4c2 e1d2 c2b4 f6e7 b4c6 e7f8	2331	010p0s111w
4uqEb	5rk1/Qb1p1ppp/8/1q2Pn2/3P4/8/PP1N1PPP/2KR3R b - - 2 17	f8a8 a7c5 a8c8	2331	01191g1o
5BeGI	r1b3kr/pp4p1/3Q1q1p/8/8/8/PPP3PP/2KRR3 w - - 0 24	d6f6 g7f6 d1d8 g8h7 e1e7 h7g6 d8h8	2331	0d0g0i11191w
5ngjh	rnb2kr1/ppqpppbp/3N2p1/4R3/3Q4/2P1P3/PP3PP1/R3KBN1 w Q - 10 15	e5e7 c7c3 b2c3	2331	0g111c1o
8N8b8	8/8/3k4/1r6/1p1N4/2pK1P2/8/8 w - - 0 52	d4b5 d6d5 b5d4 b4b3 d4b3	2331	0g0p101l
8zUbq	rkb5/pp1r3p/8/2Q1pN1q/4P3/8/PPP5/2KR4 w - - 1 21	d1d7 c8d7 c5e5	2331	01191o
AFuJW	1Q6/1p1r1ppk/p1qR3p/P1p5/2P1r3/2P1P2P/5PP1/3R2K1 b - - 0 31	e4e8 d6d7 e8b8	2331	010p1o
BE0hK	5bk1/1Rr2p1p/5p2/p2BrN2/P1P1P3/3b2P1/6KP/2R5 b - - 0 30	e5d5 b7c7 d3e4 g2g1 d5f5	2331	010b0s1019
BGQpv	r5k1/pp1q3p/2n3p1/2nP4/8/3B1Q2/PP1B2PP/5RK1 b - - 2 22	c6e5 f3f6 c5d3 d2h6 d7f7	2331	011019
CFxEZ	4k3/R3bp2/4p1p1/4Pnp1/1pp5/5P2/1r3BPP/R5K1 w - - 0 28	a7a8 e7d8 a1d1	2331	0g0p1o
DRUsK	5rk1/5pp1/p6Q/8/pr6/5RRP/5PK1/q7 w - - 0 41	f3f6 a1f6 h6f6	2331	0g0p1g1o
E0yYI	8/1p6/1k1p4/p2P4/K1P5/1P2q3/P2R1R2/8 b - - 0 47	e3c5 a2a3 b6a6 b3b4 c5c4 f2f8 b7b5	2331	0b0p13171j1w
Fl2pH	8/8/1k6/3K1ppp/8/5P1P/1P3P2/8 b - - 2 37	h5h4 d5e5 g5g4 f3g4 f5g4 h3g4 h4h3	2331	0g0p1e1l1w
GANRo	r3r1k1/pR4pp/n1p5/3b2B1/3p4/3PnQ1P/P1P3BK/4q2R w - - 6 32	b7g7 g8g7 f3f6 g7g8 h1e1	2331	050g0y10191n
Gn9QA	3rrbk1/1b1q1ppp/p4n2/1p2pNN1/1P2p3/1P1P2Q1/5PPP/R1B1R1K1 w - - 0 22	f5h6 g7h6 g5e4 f6g4 e4f6 g8h8 f6d7	2331	0g0j0k0w0y191g1n1w
GqxHp	5rk1/4q3/R1pb2PQ/4pP2/4P3/1P1p4/7P/6K1 w - - 0 31	f5f6 e7d7 f6f7 f8f7 g6f7	2331	000g0p0r10
HmMKq	r5rk/1pp3b1/3p1n1p/p2Ppb2/2P1p2q/4B2P/PP1NBP2/2KQ2RR w - - 10 21	g1g4 f6g4 h3g4 h4h1 d1h1	2331	0g10191n
HvGxE	8/8/6pk/7p/r6P/R5P1/K7/8 b - - 0 46	a4a3 a2a3 h6g7 a3b4 g7f6 b4c4 f6f5 c4d3 f5g4	2331	0g0p1m1w
IGwt8	3k4/3P1p2/6p1/8/5nN1/5r1p/8/3R3K w - - 0 42	g4e5 f4d3 e5d3 f3f5 d3b4	2331	0g0h0p10
LOu3a	3k4/p1b3R1/4B3/5pp1/6r1/5KP1/P7/8 w - - 2 36	g7d7 d8c8 e6f5 g4g3 f3f2 c8b8 d7c7	2331	010p1w
NaNnT	5rk1/6p1/8/1N2R3/1P1R1n1P/5K2/2r2P1P/8 b - - 4 35	f4g6 f3e4 c2e2 e4d3 e2e5	2331	010i0j0k0p0r101p
Nr6gL	3q1rk1/1ppbbppp/3p1n2/6B1/1p2P3/1N6/1PPQBPPP/rNKR3R b - - 3 13	f6e4 g5e7 a1b1 c1b1 e4d2 d1d2 d8e7	2331	0105191k1w
OEoCE	4Q3/1R4pk/2p4p/8/4P3/3n1PN1/2q2P1P/6K1 b - - 0 28	c2f2 g1h1 f2e1 h1g2 d3f4	2331	0p101316
OzjnI	8/5p2/4p3/6pK/5kP1/7P/5P2/8 b - - 2 55	e6e5 h5h6 e5e4 h6g7 f4f3	2331	0g0p101e1l
P86li	5r2/pb2qppk/1p2p2p/4P2Q/2r1p1R1/2N5/PP4PP/5R1K w - - 2 23	f1f6 e7f6 e5f6	2331	0111191o
PfAPd	6r1/p1p2k2/1p1q1P1p/8/3Pbp1Q/7P/PP3P1K/6R1 w - - 2 33	g1g8 f7g8 h4g4 g8f7 g4g7 f7e6 f6f7	2331	0001050p0r1w
QG0RE	r6r/p1Qn1kpp/5n2/8/8/4P2P/P2N1PP1/1q2K2R w K - 0 18	d2b1 h8c8 c7h2	2331	010h0t191o
QrRXA	5r2/p2q2pk/7p/1r2b3/Q1P2p2/1P6/P2P1PPP/RN3RK1 b - - 0 20	f4f3 c4b5 f8f4 a4f4 e5f4	2331	0d0g10191n
RKtIn	8/1b3R1p/1p2pB1k/1P1pP1p1/5P1K/4P1PP/r4q2/8 w - - 0 43	f6g5 h6g6 f7f6 g6g7 g5h6 g7h8 f6f8	2331	0p13171f1w
RpNL7	r2k3r/2bq4/2p1p1Q1/1p1n4/p2p1P2/P2P4/BPP3PP/R3R1K1 w - - 1 24	a2d5 d7d5 g6f6 d8d7 f6g7 d7d6 e1e5	2331	0g0r0s191w
RsyZR	8/1b4pk/p1q3rp/2bN1p2/1PQ1p3/6BP/P1P2PPK/3R4 b - - 0 24	c5f2 c4c6 f2g3	2331	0g191n1o
Sosgr	1nr5/1b3k1p/p3p1pP/1n1pPpP1/RP1N1P2/2rB4/2PK4/1R6 w - - 3 33	d3b5 a6b5 a4a7 c3c7 d4b5	2331	010w10191g
T4dGQ	4r1k1/pppb1pp1/2n4P/3n4/1P1p4/P2P1Q1P/q1PB1PB1/1NKR4 b - - 0 19	c6b4 a3b4 d7a4 f3f7 g8f7 g2d5 a2d5	2331	0d0g191n1w
U5dht	2r3rk/q3Bp2/4pP1n/2RpP2p/3P2p1/3Q4/6PP/5RK1 w - - 7 30	d3d2 h8h7 d2c2 g8g6 c5c8	2331	010i0r1019
WKiKR	2kN1b1r/2r1np2/5n2/3Pp1p1/4P2p/R4P2/PP2KP1P/3R4 w - - 4 27	a3a8 c8d7 d8f7	2331	01191o
WW8kf	8/6p1/2p2k1p/K7/8/P4b2/6PP/8 w - - 0 39	g2f3 f6e5 a5b6 e5d6 a3a4 c6c5 b6b5	2331	0g0p1l1w
Ws20y	6k1/p4p2/3p3Q/2p5/1r6/1PqRK1P1/P4P1P/8 b - - 0 34	c3e1 e3f3 e1e4	2331	0n0p13151o
XMuYI	4k3/1P2pp1p/6p1/P3Q3/1b2P3/4KP2/2r2P2/3R1Bq1 b - - 4 40	g1f2 e3d3 c2c3 e5c3 f2f3 d3c4 f3c3 c4b5 c3c5 b5a4 c5a5	2331	0g0p0s1n1p1w
Xcxd6	4r1k1/ppR3p1/1q1r1n1p/3p4/5N2/1P1QPP2/P5PP/2R3K1 b - - 10 31	e8e3 c7c8 f6e8 c8e8 e3e8	2331	010j0k1019
ZbOHZ	r1b2rk1/1pq1bppp/p1p2n2/4n1N1/3B4/1BN4P/PPQ2PP1/R3K2R w KQ - 0 14	c3d5 e5d3 c2d3 c6d5 d4f6	2331	0g1019
Zpq69	1r3rk1/7q/n4p2/p1p3P1/3P2Q1/2P1PN2/P4P2/2KR3R b - - 0 26	b8b1 c1d2 b1b2 d2e1 h7h1	2331	0g0r0v10191k
ZsSZa	r1b2rk1/pp3pp1/5b1p/3p2NQ/3p3P/3B4/1qPK1PP1/4R2R w - - 0 18	h5f7 f8f7 e1e8 f7f8 d3h7 g8h8 e8f8	2331	0i0y1317191n1w
aZQtp	5rk1/pp4p1/5q1p/1B1p1r2/4p3/8/PPQ3PP/R4RK1 b - - 3 25	f6b6 g1h1 b6b5 f1f5 f8f5	2331	0g0s1019
bJArQ	r2n2k1/1p1RRb2/8/2p2pNN/p6K/1q6/7P/8 w - - 2 35	e7e8 f7e8 h5f6 g8h8 d7h7	2331	030r101316191n
bSCdI	5rk1/5p2/6p1/3R4/3P4/2P2R2/5QPK/1qr5 b - - 2 31	c1h1 h2g3 b1e4 f3e3 e4d5	2331	0g0p1011
c6gPO	5r1k/2RP2p1/1q1KQ2p/3P4/p4p2/5P2/8/8 w - - 16 60	d6e7 b6c7 e7f8 c7d8 f8f7	2331	0g0h0p1011
c9taj	5k2/p7/2p2bQ1/6N1/2P4P/1P2q3/P5P1/7K b - - 2 37	e3e1 h1h2 f6e5 g2g3 e1g3 h2h1 g3h2	2331	0p13171w
cSIKZ	3r3k/p5pp/1p2Q3/2p2p2/2P2B2/P2r1P2/3N2RP/q1NK4 b - - 1 30	d3c3 d1e2 c3c1	2331	01191o
dGvSF	r2q1rk1/pbp1bppp/1p1p1n2/3Np3/2PnP1P1/B2P3P/P3NPB1/R2Q1RK1 w - - 4 14	d5e7 d8e7 e2d4 e5d4 e4e5 b7g2 e5f6 e7f6 g1g2	2331	011c1w
dHnbM	8/pp3r2/5P1p/2p1K2k/3pP3/1P5b/P1P5/6R1 w - - 2 40	g1g7 f7f8 f6f7 c5c4 b3c4	2331	00010p10
ewgUy	8/7p/8/4K3/4p3/4Pk2/7P/8 w - - 5 53	e5d4 h7h6 h2h3 h6h5 h3h4 f3g3 d4e4 g3g4 e4e5	2331	0g0h0p1e1l1w1z
g1u0M	2r5/5pkp/1p3qp1/p2p1b2/1n1N1P2/4P3/1Q1PB1PP/1R4K1 w - - 3 22	g2g4 f5g4 e2g4	2331	0111191o
g73rt	4rrk1/pbp5/1p1q1ppQ/4R3/8/2PB4/P1P2PPP/4R1K1 b - - 0 19	f6e5 d3c4 f8f7	2331	0g11191o
gVlvQ	8/p7/1p2Rrqk/3Q2pp/3P1b1r/2P4P/PP3P2/3K3R w - - 2 34	e6f6 g6f6 h1e1	2331	0g0h191g1o
i23xA	1k1r2nr/ppp4p/3pB3/1q3bN1/1P3p2/PR2bN2/6PP/3Q1R1K w - - 0 20	a3a4 b5a4 e6f5	2331	010i191o
i33xQ	8/2R2p1k/4q2p/1N6/P4P1K/1P4PP/8/8 b - - 6 45	h7g6 b5d4 e6f6	2331	010p1o
iLs7n	2rq2kr/p2n1p1p/1p1b1n1B/7b/2BP4/4Q2P/PPP3P1/4RRK1 w - - 3 20	e3g5 h5g6 c4f7 g8f7 g5d5	2331	050y101316191g1n
iNSVI	8/7k/p5pp/1p3p2/1Pq2N2/2b2Q1P/3r2P1/4R1K1 w - - 0 36	e1e7 c3g7 f4e6	2331	010p1o
jEbLw	4r1k1/1pp2pp1/p6p/5N2/4n3/1P6/q5PP/5RQK w - - 0 28	g1d4 e4f6 f5g7 a2e2 d4f6	2331	010b0p10
lgQMW	8/2P2p2/pk6/6Q1/pn2q3/K7/1P4p1/3R4 b - - 4 47	e4f3 a3a4 f3d1	2331	0g0p0s111o
m3kpC	k6b/Ppq5/4B3/4B3/8/5p2/8/R1R4K b - - 0 42	c7h7 e5h2 h8a1 c1a1 h7e4 e6h3 f3f2 h3g2 e4e1	2331	00010j0k0p0r1w
mCwAN	r1bqr3/1p4k1/3p1np1/p2Pp1Q1/4P3/5p2/PP2N3/R3KB1R w KQ - 0 19	h1h6 e8g8 g5g6 g7f8 g6f6 d8f6 h6f6 f8e7 f6f3	2331	010i0w191w
mQ2Gs	8/5Qbk/4P2p/7P/5p2/1p3P2/2q1N3/5K2 w - - 2 46	e6e7 b3b2 f7g6 c2g6 h5g6 h7g6 e7e8q	2331	00050g0p111h1w
n4AjC	5rk1/pp3pp1/1q2p2p/4R3/1bPr4/1P3Q2/P4PPP/R1B3K1 b - - 4 22	b6d6 c1f4 d4f4 f3f4 b4c3	2331	0110191n
nGGaI	3r1k2/p2p1r1p/1p2p3/1qp1Q2P/2n5/5P2/PPPR4/2K3R1 w - - 4 27	g1g8 f8g8 e5g5 f7g7 g5d8 g8f7 d2d7 b5d7 d8d7	2331	050g0r0s191n1w
nfJXA	kr1r4/1p3pp1/pQ3n1p/N2p4/3N4/2PpP1P1/PP3q2/2KR4 w - - 0 28	a5c6 f2b2 b6b2	2331	01191o
oPQIb	8/8/8/3p4/P7/4k3/6K1/8 w - - 1 58	a4a5 d5d4 g2f1 d4d3 f1e1 e3d4 a5a6 d4c3 e1d1	2331	0g0h0p1e1l1w
oxLUA	4k1r1/1b2bp2/p5qp/8/1n6/2N3Q1/PPPP1PPP/R1B1K1R1 b Q - 7 20	g6e6 e1d1 g8g3	2331	0g0j191o
pIXsD	2b2r2/7k/p1p4p/2qB1ppQ/2P5/1r6/5PPP/4NRK1 w - - 0 30	d5f7 c5d6 c4c5 d6f6 f7b3	2331	010j10191l
qSAiT	8/pp3b2/8/5pb1/1P1k2P1/P1q5/1Q6/5RK1 w - - 6 48	f1d1 d4c4 b2e2 c4b3 d1d3	2331	0g0p101g
rbLdB	r6k/pp4pp/3q4/8/2PN4/1Q6/P5bP/5RK1 w - - 0 24	d4f5 d6g6 f5h4 g6c6 h4g2	2331	010p10
rbYP7	8/8/2k5/p1p3K1/p2p2P1/1P3P2/2P5/8 w - - 0 47	b3a4 c6d5 g5f4 c5c4 g4g5	2331	0g0h0p101e
rnkXR	r2qk2r/ppp2pp1/2n5/3p3p/3Pp1P1/2P1P3/PP1NB1PK/R1BQ1R2 b kq - 0 12	h5g4 h2g1 h8h1 g1h1 d8h4 h1g1 g4g3 d2f3 e4f3 f1f3 h4h2 g1f1 h2h1	2331	050j0k111318191n1w
sQL3x	R7/1p4pk/2pQ3p/p3p3/4P2q/2NPn2b/PPP3PP/R6K b - - 0 20	h4f2 a8h8 h7h8 d6f8 f2f8	2331	0g1019
sW5uI	8/8/6k1/5p2/5Pp1/4P1K1/8/8 b - - 1 45	g6h5 g3f2 h5h4 f2g2 g4g3 e3e4 f5e4 f4f5 e4e3 g2f3 h4h3	2331	0g0h0p1e1w1z
spM87	2r4r/pQ1bqkbp/6p1/3N4/5B2/8/PPP2PPP/2KR3R b - - 0 17	c8c2 c1b1 c2b2 b7b2 d7f5 b1c1 g7b2	2331	0g0s191n1w
t3g6l	8/6p1/8/5pPP/2n2k2/5P2/1pK2P2/8 w - - 1 45	h5h6 c4d2 c2b2 g7h6 g5g6 f4f3 g6g7 d2e4 g7g8q	2331	000g0p0z1h1w
tJq3g	1k1r3r/pp2q1pp/2n3b1/1N1p4/3PnbQ1/1B6/PPP2PPP/R1B3K1 w - - 2 16	c1f4 e4d6 g4g3	2331	010t191g1o
tpZCv	r1b4k/ppppr3/6q1/4n3/3Q4/2P5/P5PP/R4R1K w - - 0 26	d4h4 e7h7 h4d8 g6g8 f1f8	2331	0g0r0s10191g
tvJJY	6k1/5p1p/4p1p1/1Q1p4/3P4/B4q1P/6r1/7K w - - 0 40	b5b8 g8g7 a3f8 g7f6 b8e5	2331	0p101316
wfJg3	rkb5/pp5p/n2b2p1/Q2Bp3/3r4/P7/1q4PP/2R2R1K w - - 0 27	c1c8 b8c8 d5e6 c8b8 a5d8	2331	05101316191k1n
wn5by	2r5/p4k2/4p1p1/3r1p1p/3Pn2P/4QN1q/PP2RP2/3RK3 w - - 4 43	f3e5 d5e5 e3h3	2331	010j11191o
x7bKe	r2b2k1/1p4n1/8/8/1P3r2/7Q/5P1P/6RK w - - 0 32	g1g7 g8g7 h3g3 g7h6 g3f4	2331	050g0p0r0s101n
xSaWa	6B1/8/2p5/4bK2/p1P5/8/k7/8 w - - 0 56	c4c5 a2a3 f5e5 a3b4 e5d6	2331	080g0j0k0p0w10
yFOMn	1k5r/1pp5/p3Bpb1/3Pn3/1P4p1/2P1N1P1/P4P2/3R2K1 b - - 0 30	e5f3 g1g2 h8h2 g2f1 g6d3 d1d3 h2h1 f1e2 h1e1	2331	0p0u13181n1w
yf4g0	4r3/1p3k2/p4Pp1/R1p1r1Pp/3p3P/1PPPpK2/1P2R3/8 b - - 0 37	e5f5 f3g3 c5c4 b3c4 f5a5	2331	0g0j0p101m
yzeAS	r1b1k2r/p1p2p1p/2pq4/3pb1p1/8/3B4/PPP2PPP/RN1QR1K1 w kq - 2 13	f2f4 g5f4 d1h5	2331	01191g1o
zPGTg	6k1/7p/P2b2p1/1B1P4/6r1/6P1/6PK/5R2 b - - 0 34	g4h4 h2g1 d6c5 f1f2 h4b4 a6a7 c5a7	2331	010p111g1w
0CKIB	1b3k2/3r1pR1/p2PpB1p/1pp1n3/7N/8/5PPP/6K1 w - - 0 34	g7h7 e5g6 h4g6 f7g6 h7d7	2332	0g0p10
1KoGF	2r1k1r1/pQ3p1p/4p2p/P1p3bq/3p4/1N6/1PP2PP1/R2KR3 w - - 2 24	g2g4 h5g4 f2f3 g4f5 b7c8	2332	0g0h1019
25dDA	r1b1kbnr/1p3Npp/p1B1q3/2pp4/8/8/PPPPQPPP/RNB1K2R b KQkq - 0 9	e8f7 e2e6 f7e6 c6a4 b7b5 a4b3 c5c4	2332	010t1c1w
2BWe9	Q4rk1/p3bpp1/6b1/6Pp/5PnP/P1N5/1P5R/R2QKBq1 b Q - 1 21	g1g3 h2f2 g3f2	2332	040s1315191o
2SMCf	r1q2r1k/p2R2pp/2n1Q3/2P3N1/8/1N4P1/P4P1P/b5K1 w - - 0 25	e6e4 f8f5 e4f5	2332	0g191o
3Poa0	1Q6/5k2/4pr1p/2R3p1/p2Pq3/2P2p1P/1P4P1/6K1 w - - 2 39	c5c7 f7g6 b8e8 g6f5 c7c5 f5f4 e8b8 f4e3 c5e5	2332	0g0p1g1w
3fRhk	r1b1kbnr/pp3ppp/2n1p3/2qp4/N4B2/P4N2/1PP1PPPP/R2QKB1R b KQkq - 1 7	c5c4 e2e3 c4a4	2332	0g0s1c1o
7n1iA	8/2BPRb1p/5pk1/6p1/Pp2p1P1/3r3P/5P2/4K3 b - - 5 39	b4b3 d7d8q b3b2 d8b8 d3b3	2332	000d0g0p101112
8jVdg	5rk1/p1P2pp1/4b3/2N1p3/3pP3/7P/P5n1/2R3K1 w - - 0 30	c5e6 f8c8 c1b1 g8h7 b1b8 c8c7 e6c7	2332	010p1l1w
8wgxq	5r1k/1pb3p1/p2pB2p/4p3/1P1nP2q/P2P1N1P/2P2rP1/R1BQ3K w - - 5 22	f3h4 f2f1 h1h2 f1d1 h4g6 h8h7 g6f8	2332	0g0s0t191w
ALUHX	r1b2rk1/p3Qp2/1p2p1qp/4R1N1/8/8/PPP2PPP/R5K1 b - - 1 18	f7f6 g5e6 f8e8 e6f4 e8e7	2332	010s1019
FulDX	r3r1k1/pp1q1pp1/1b5p/1NppPP2/6RP/P1BQ3K/1P5P/8 w - - 2 27	g4g7 g8g7 e5e6 d5d4 e6d7	2332	000g0j0k0y10191n
HxnO4	r2qr1k1/2p2bbp/1p4p1/p2nN3/8/2PB2B1/PPQ3PP/2KRR3 b - - 0 20	g7e5 g3e5 d8g5 c2d2 e8e5 d2g5 e5g5	2332	0g0w191w
IgV1Q	8/1R3p1p/3k1Np1/1B4P1/3Pp3/p3n2P/1nr5/6K1 w - - 2 39	f6e8 d6e6 e8g7 e6d5 b7d7	2332	0p0r1013161f
JCI4H	r6k/1p1n4/1p5p/2pN2p1/3pP3/PQ1P1rP1/5q1P/RR5K w - - 2 24	a1a2 f3d3 a2f2 d3b3 b1b3	2332	0g10191t
JfFYy	1k1r3r/2p3q1/p7/2b1Q3/5P2/2P3P1/PP2R2P/4R2K b - - 1 29	g7g3 e5c5 h8h2 e2h2 g3e1 c5g1 e1e4	2332	0g0i191g1w
KXvuo	3r4/p2Pr1k1/1p2ppp1/2p4p/2q2P1Q/6R1/P5PP/3R2K1 w - - 0 33	g3g6 g7g6 f4f5 e6f5 h4c4	2332	01050j0p101n
LhTZB	6k1/p4p2/2q2p1p/2p3p1/2r2PQN/4N3/P3n2P/5R1K w - - 2 33	h4g2 c4f4 g4e2	2332	010h191o
MS0wk	2k2r2/ppp3bp/2N3pn/2q5/P2rP3/1PBP2P1/2Q3b1/2R1R1K1 w - - 0 22	c3d4 g7d4 c6d4 c5d4 g1g2	2332	011019
Mptzm	8/8/6kp/5q2/P4p2/1P2pR1P/3pQ1PK/2rR4 b - - 2 47	c1d1 e2d1 f5d3 f3f4 e3e2	2332	000g0p10
NFNCG	8/8/4kppp/8/6PP/5PK1/8/8 b - - 1 57	e6e5 f3f4 e5e4 g4g5 f6g5 f4g5 h6h5	2332	0g0h0p111e1w1z
Nmz0F	3k2r1/4p3/3nP3/2Q5/8/7K/6p1/8 w - - 4 51	c5a5 d8c8 a5a8 c8c7 a8g8	2332	0g0p101p
NvnWb	r1bq2rk/pp3p1p/4pPpQ/2p1p3/2BnP2N/3P1R2/PPn1N1PP/6K1 w - - 7 19	f3h3 d4e2 g1h1 e2g3 h2g3 d8f6 h6h7 h8h7 h4f5 f6h4 h3h4	2332	0h0j0k1318191l1n1w
OQsjo	7Q/1p6/p2pB1pb/2pPp2k/2P1P3/1P5K/5q2/1R6 b - - 1 38	f2h4 h3g2 h4e4	2332	0g0p111o
OT73i	2k2b1N/3np1p1/2p1pnQp/1p1p2P1/3q3P/r1N5/P1PB1P2/2KR3R b - - 0 21	d7e5 g5f6 e5g6	2332	01191o1t
P5dOl	7r/5rk1/3R4/2p5/2P1Ppnq/2Q5/P5P1/3R1NK1 b - - 2 34	f7f6 d6d7 g7g6 c3f6 g4f6	2332	0g0h1019
PBVHt	8/8/1p6/p1N5/6pp/1P3Pk1/P3K1P1/8 b - - 0 43	g4f3 g2f3 b6c5	2332	0g0p0w0z1o
PM2lg	8/8/5Pp1/p2r2B1/Pb1k4/1P1p4/8/2RK4 w - - 4 43	c1c4 d4e5 c4b4 a5b4 f6f7	2332	000g0p101n
Qgk22	8/6p1/3k3p/8/rRKPp3/6P1/7P/8 b - - 2 44	a4b4 c4b4 d6d5 b4c3 h6h5 h2h3 g7g5 g3g4 h5h4	2332	0g0h0p1l1m1w1z
R51xY	8/2P5/3N2kp/6p1/5pK1/2R4P/1r6/8 b - - 0 43	b2f2 h3h4 h6h5 g4h3 g5g4	2332	0p1013161l
VZBKU	2r3nQ/pp2kp1p/4p3/3pP3/8/2P1b3/Pq1N2PP/1R1R1K2 b - - 5 18	b2c2 b1b7 e7f8	2332	0g0h191o
aDSFh	8/1pR3pk/p6p/P7/1B2b3/P3r2P/6P1/6K1 w - - 2 37	c7e7 e3e2 g1f1 e2g2 e7e4	2332	010p10
b7sxV	r1bq1rk1/2p3pp/1b3p2/p2p1Q2/1p1P2N1/3BP2P/PPP3PK/R1B5 w - - 1 20	g4h6 g7h6 f5h7	2332	0y1315191n1o
bqbX5	r4rk1/1pp2p1p/p1np1p2/8/1P1bP1q1/P1NQ1NPb/2B2P2/R3R1K1 w - - 0 19	f3d4 c6d4 c2d1	2332	01191o
cl0Lm	8/8/4ppk1/4P1p1/4P1K1/7P/8/8 w - - 0 48	e5f6 g6f6 g4h5 e6e5 h5h6 g5g4 h3g4	2332	0g0p1e1w
dx04h	1b4k1/2r2pp1/3p3p/3Br3/2R5/4P1P1/5P1P/3R2K1 w - - 1 31	d1b1 c7c4 b1b8 g8h7 d5c4	2332	010p101n
ebfbZ	2r4k/3q3n/p2P1p1P/2Q1pPp1/4b3/2P1R3/6P1/3R2K1 w - - 0 44	c5c8 d7c8 d6d7 c8d8 e3e4 h7f8 e4b4 d8d7 d1d7	2332	000g191l1n1w
esVod	4r3/2k5/2p5/1pP4p/1P1RPpp1/7P/5KP1/8 b - - 1 40	e8d8 d4d8 c7d8 g2g3 f4f3	2332	0g0p10111m
f2bEE	8/p7/1p4k1/3p2p1/2pP2K1/2P3P1/PP6/8 b - - 0 38	b6b5 g4f3 g6h5	2332	0g0h0p1e1l1o1z
gEtTr	8/8/2k1p1p1/1pBpP1p1/1K4P1/5p1P/8/8 w - - 0 42	c5d4 f3f2 d4f2	2332	080g0p1l1o
gq7dI	8/1p6/2pp1kp1/p2P3p/P1P1K2P/1P4P1/8/8 w - - 0 33	d5c6 b7c6 b3b4 a5b4 a4a5 b4b3 e4d3	2332	0g0h0p1e1l1w
hAZOy	r2q1rk1/1bp1bppp/p7/1p1nN3/8/2N2Q2/PPP2PPP/R1BR2K1 b - - 3 14	d5c3 d1d8 a8d8 c1g5 b7f3	2332	01101c
hbScz	8/8/5ppp/3k4/5KPP/5P2/8/8 w - - 1 48	h4h5 g6h5 g4h5 d5e6 f4e4 f6f5 e4d4 f5f4 d4e4	2332	0g0p1e1w1z
j8KpM	4r1k1/pp1q1ppp/2pnr3/8/3PN3/2P5/PPQ3PP/4RRK1 w - - 1 19	e4c5 e6e1 c5d7	2332	0g0s11191o
jAAOC	1r6/pp2n3/2pR2p1/4k3/4Pn2/5P1P/P5P1/3R2K1 b - - 0 25	f4d5 d6d7 e5e6 d7e7 d5e7	2332	0g0p101l1t
jfUAA	3r1rk1/4pp1p/p5p1/1pp1b3/3q4/P1N2RPP/1PP3PK/R2Q4 w - - 1 20	f3d3 d4f2 d3d8 f2g3 h2g1 e5d4 d8d4	2332	01191w
kdvwl	8/p5b1/2p1Q1pk/1p1p3p/4P3/2P3qP/PP2B3/5R1K b - - 2 37	g7e5 f1f2 g3f2 e6e5 f2e1 h1g2 e1e2	2332	0g0p0r0s1w
mZilk	r1b1kbnr/2pp2pp/1p2qP2/1p6/8/4Q3/PPPB1PPP/2KR1B1R w kq - 1 13	f6f7 e8f7 e3f3 g8f6 f3a8	2332	0001050s101c1g
mgghd	8/8/2pk2p1/2r2p1p/P1R1p2P/1K2P1P1/5P2/8 w - - 2 43	c4c5 d6c5 b3c3 c5b6 c3b4	2332	0g0h0p101m1z
n8qJn	5rk1/1p2r1pp/p2p4/3Pbq2/2N5/6P1/PP2QPKP/2R1R3 b - - 5 24	e5g3 c4e3 f5f2 e2f2 g3f2	2332	0g101119
pI4eW	5R2/pb6/3Qp3/kpp4p/2P4P/1P2P1K1/P1q5/5R2 b - - 7 34	c2g2 g3f4 g2h2 f4g5 h2d6	2332	0g0p101p
pzHon	6k1/pp2rrp1/2pp3P/8/6Q1/1P3P2/1BP2q2/2K3R1 w - - 0 26	h6h7 g8h7 g1h1 h7g8 g4c8 f7f8 h1h8 g8h8 c8f8 h8h7 f8e7 f2f1 c1d2	2332	0001050i0p0s1g1w
rW4Zo	8/p7/Pp6/1kr5/4q2Q/6PK/1P3P2/5R2 b - - 4 40	e4f3 f1e1 c5h5 h4h5 f3h5	2332	0g0p101g
s1qcu	8/6pp/8/2p5/1p1k4/7P/6P1/1R5K b - - 1 43	d4d3 h1g1 d3c2 b1f1 b4b3	2332	0g0p101m
sVCWu	r3k2r/pp1n1ppp/2p1b3/3p4/3P4/3B4/PB3PPP/4RRK1 w kq - 1 16	f2f4 g7g6 g2g4 e8c8 f4f5 e6f5 g4f5	2332	01191g1l1t1w
sifDc	r3k2r/ppq2ppp/3bp3/3pn3/5B2/P1N5/1PP2PPP/R2Q1RK1 w kq - 2 14	c3b5 c7e7 b5d6 e7d6 d1h5	2332	0g1019
tHZDe	1q3rk1/2p1p1bp/b1p3p1/p3Np2/P1PPnB2/3BP3/1r3PPP/2RQ1RK1 b - - 4 16	g7e5 f4e5 b2d2 d1e1 d2d3	2332	010v1019
uVA0k	2kr3r/pppb1pp1/2p2q2/2P5/4P1np/2P2PP1/PPQ1B2P/RNB2RK1 b - - 0 13	g4h2 g3g4 h2f1 e2f1 f6f3	2332	010b1019
upxv9	r2q1rk1/pp2n1p1/3pb2p/2p5/4QP2/8/PPPB3R/2K4R w - - 0 22	e4e6 f8f7 h2h6 g7h6 e6h6	2332	0g0y1019
vJT3i	4r3/1kq5/p1R4p/1p3p2/1P3Q2/P5P1/5PBP/6K1 b - - 0 29	e8e1 g2f1 c7f4	2332	0g0p1o
vMDdD	r1b2rk1/ppp3b1/2n4p/5p1P/7B/2P5/PP1NB1q1/R2QK2R w KQ - 0 19	d1b3 g8h8 e2f3 f8e8 e1d1	2332	010h101c
vQyH6	6k1/4p3/3pPppQ/p2P3p/2r3qP/2P3B1/P4RPK/4r3 w - - 4 43	f2b2 c4c8 g3e1	2332	0g0j0p111l1o
yspJ0	6rk/pp4pp/6p1/2Q5/1P2P3/P3n3/1Nq3B1/6RK b - - 3 30	c2f2 c5d6 f2b2	2332	0g191o
zPaCB	4k2r/rbq2ppp/p3N3/2b1P3/4pP2/3QB3/PRP4P/1R4K1 b k - 0 20	f7e6 d3c3 c5e3 c3e3 b7c8	2332	0g0h0t1019
zRGcD	r1b2rk1/ppqnbp2/2p1pn1p/8/2PPN2P/5N2/PPQ2P2/2KR1B1R w - - 0 15	h1g1 g8h8 c2d2	2332	0g1c1o
zopPe	r6r/pp1knpp1/1q2p3/3pn2p/1b1P2P1/2N1BP2/PP2N2P/R2Q1RK1 w - - 0 14	c3a4 b6b5 d4e5	2332	01191o
0dqNJ	5rk1/pp3pp1/2p4p/4PP1P/2P5/3rbN2/PP4R1/R3K3 w Q - 1 22	e1e2 f8d8 f3e1 d3d2 e2e3 d2g2 e1g2	2333	0g0p1w
1svkA	2k4r/1pn1bpp1/1Bp1p1p1/P3P3/q7/1B5P/1PQr1PP1/4R1K1 w - - 0 24	b3e6 c7e6 c2a4	2333	010j191o
1vA4O	3r3r/kp2R3/p2p1p2/2pP3p/N5p1/P5q1/1PPb4/1K2RQ2 w - - 2 32	e7b7 a7b7 e1e7 b7b8 f1a6 g3e1 e7e1	2333	050g0i191n1w
2ChYK	r6k/6b1/3B3p/1R6/4pp2/5P2/6PP/6K1 b - - 0 34	a8a1 g1f2 e4e3 f2e2 a1a2 e2d3 a2d2	2333	0g0p1w
3WtkZ	r6r/1kpb1p2/2p1pn2/4N2p/1b1PP1pP/1B2BP2/2P3P1/1K1R3R b - - 2 23	b4c3 b3a2 h8b8 d1d3 b7c8	2333	0g0j0k10191l
3s863	8/8/8/p2k2pp/1p1p1P2/PP1K2PP/8/8 w - - 0 49	a3b4 g5f4 g3f4 a5b4 h3h4 d5c5 d3e4 d4d3 e4d3 c5d5 d3e3	2333	0g0h0p1e1l1w1z
5CvUW	4b2k/4q1pp/1pnN4/p1pp4/P4Q2/5PN1/1PP3PP/6K1 b - - 3 31	g7g5 f4c1 e7d6	2333	010p1o
5ZTsg	2kr1br1/pbp2p2/1p2pP2/7p/2P3p1/1NN4q/PP3PPP/R2Q1RK1 w - - 3 17	d1d8 c8d8 f1d1 d8c8 g2h3	2333	0105101112191n
6ChxG	r1b2rk1/pp1ppNbp/6p1/8/2B5/4B3/PPP2PPP/R2n1RK1 b - - 0 11	d1e3 f2e3 d7d5 c4d5 e7e6 d5e4 f8f7	2333	0g11191w
6CnMJ	8/Bk6/8/1p2p1p1/1P3p1p/1K3P1P/6P1/8 b - - 0 50	b7a7 b3c3 e5e4 f3e4 g5g4 h3g4 f4f3 g2f3 h4h3	2333	0g0p1w
6JHZu	rnb2bkr/pp4pp/2p2B2/4N3/3qp3/6Q1/PPPN1PPP/R5K1 w - - 2 16	e5g4 c8g4 f6d4	2333	0g0j191l1o
7Wl2F	r1bq1r1k/1p3p2/p3p2p/3pn1bQ/7P/2NB4/PP3PP1/2R1R1K1 w - - 0 19	h4g5 d8g5 h5g5 e5f3 g2f3	2333	0110191g
8nN0y	r2r4/4ppkp/2b3p1/q2B4/1Q4PP/5P2/NPP5/1K1R3R b - - 0 23	d8d5 b4a5 d5a5	2333	0g191o
BV6eo	2rr2k1/4qp2/4p1pQ/pp2n2p/3PN3/7P/5PP1/3R2K1 w - - 0 30	d4e5 d8d1 g1h2 f7f5 e4f6 e7f6 e5f6 d1d7 h6g6	2333	0b0g191n1w
BoxGB	r2q1rk1/1b3p1p/3p2p1/pp2Nn2/5Q2/1B6/PP3PPP/2RR2K1 w - - 0 21	e5f7 f8f7 b3f7 g8f7 g2g4	2333	0g0y1019
CLbTu	8/1p4p1/p1p1k1p1/P2p4/1P1P1PPK/2P5/8/8 w - - 7 45	h4g5 e6f7 f4f5 g6f5 g5f5 g7g6 f5e5 f7e7 g4g5 e7d7 e5f6	2333	0g0p1e1l1w1z
CO7JN	8/1p3kp1/p1p4p/P1PpKP2/1P1P2P1/8/8/8 b - - 2 45	f7e7 e5f4 e7f6 f4e3 f6g5 e3f3 h6h5 g4h5 g5f5	2333	0g0i0p1e1w1z
Cx8OS	7k/1p1b2pp/2P4r/3pq3/4p3/1Q2PrP1/4BP1P/2R2RK1 b - - 0 24	e5h5 h2h4 h5h4 g3h4 h6g6 g1h1 f3h3	2333	0y1317191n1w
D0BV7	3R4/8/8/pk6/7r/P1p1K3/6P1/8 b - - 1 45	h4c4 d8d5 b5a4	2333	0g0h0p1l1m1o
D5TcW	2kr3r/1p6/pP2pp2/3p3q/3P2b1/2PB1N2/4Q1KP/R5R1 b - - 2 27	g4f3 e2f3 d8g8 g2f2 h5h2 g1g2 g8g2 f3g2 h2f4 f2e2 h8h2 g2h2 f4h2	2333	0d0g0i0s191g1w
D9vf8	r4rk1/ppq1b2p/2p3p1/2P5/3PPn2/2BQ4/PP4PP/R4RK1 w - - 0 20	d3c4 f8f7 g2g3 f4h3 g1g2 h3g5 h2h4	2333	0111191w
DYJPl	4r1k1/2Q2ppn/p4q1p/1p3r2/8/1P2B3/P4PPP/2R1R1K1 w - - 2 24	e3d4 e8e1 c1e1 f6d4 c7c8 h7f8 c8f5	2333	0g0s191n1w
DvHTk	2k1r1r1/1pp5/p1n5/4pp2/1P4bP/P1QP4/5P1P/R3R1K1 b - - 0 25	g4e2 g1h1 e2f3	2333	0j0k0y1315191a1o
EKqWP	4r3/6k1/1R6/3P3p/1P3R2/5KP1/7r/8 b - - 0 36	e8e2 g3g4 h2f2 f3g3 h5h4 g3h4 f2f4	2333	010i0p1l1m1w
FQmpu	2b2k2/1pp1qp2/1p1p1R2/6QP/8/1N6/1rP3P1/6K1 w - - 0 24	h5h6 b2b1 g1h2 e7e5 g5e5 d6e5 h6h7	2333	00010h0p1w
G05TR	r1bqr1k1/5pn1/p2p1b1B/1pp5/6Q1/PB1P4/1PP3PP/R4RK1 w - - 2 26	b3f7 g8f7 g4g7	2333	050g0y191g1o
GVtZI	4r3/5rkp/p2Q1pp1/4P3/3p2qP/5N2/P4PP1/4R1K1 w - - 3 31	e5f6 f7f6 e1e7 e8e7 d6e7 f6f7 e7f7 g7f7 f3e5 f7f6 e5g4	2333	01050e0p0s1n1w
GfJlG	r1bqkb1r/1pp3pp/p4p2/3nN3/2B5/P2P3P/1PP2PP1/R1BQK2R b KQkq - 0 10	f6e5 d1h5 g7g6 h5e5 d8e7 e5e7 d5e7	2333	010t1c1g1w
HP8Yi	r1b1k3/ppp1qp2/2np4/4p2p/2B1P1r1/2PPBQ2/PP1N1P1K/6RR b q - 3 17	e7h4 f3h3 h4h3 h2h3 g4g1	2333	0g0j0k0r1019
IFDhS	4r3/1pq2kp1/2p2p2/p2p4/3P3P/PP2PRr1/2PKQ3/5R2 w - - 0 31	e2h2 g3f3 h2c7 e8e7 c7e7 f7e7 f1f3	2333	0g0p1w
IJ8L7	6k1/p4p2/8/2Q5/4r3/6P1/PbP1n1PK/8 w - - 0 40	c5c8 g8g7 c8b7 e4e8 b7b2	2333	010p0s10
J4DRK	6k1/3q1p2/r2N2p1/2p1Q3/p6r/2P3RP/PP3P1K/8 w - - 2 40	d6f5 d7f5 e5f5	2333	0g0p1g1o
JBDs8	3rr1k1/1pq2bpp/pn3p2/2NP4/3b3B/1P3B1P/P4PP1/2RQR1K1 b - - 0 22	e8e1 d1e1 d4c5 b3b4 c5b4	2333	0g0w1019
JYH4v	4B3/8/2p2ppk/P3n1p1/1P4P1/3r4/4RK1P/8 w - - 6 48	e2e5 f6e5 e8c6 d3a3 c6b7 h6g7 a5a6	2333	0b0g0p1l1w
LcXf5	8/2k4p/4p3/1p3PP1/p1n2K2/6P1/8/2N5 w - - 0 38	g5g6 h7g6 f5g6 c4b6 g6g7 b6d5 f4e5 d5e7 e5e6	2333	000g0p0z1w
LsZgh	rn1q1rk1/1p1b2pp/p2b4/3P1p2/4pR2/1QN1P1P1/PP4BP/R1B3K1 w - - 3 18	b3b7 d6f4 g3f4 b8c6 d5c6	2333	011019
MQKft	r1b2rk1/pp2q1p1/2nbpn1p/3p2N1/3P4/3B1N2/PPQ2PPP/R1B1R1K1 w - - 0 15	d3h7 g8h8 f3h4	2333	0g0h11121c1o
N0I89	2r1r1k1/pq4pp/2R1pp2/4Nn2/2QPp3/P1B5/1P3PPP/6K1 w - - 2 21	c6e6 e8f8 e6c6 g8h8 e5f7	2333	0g0j0k0y1019
NTGTR	3r2k1/1pR2pp1/1n1P1bp1/p7/8/P2R1P2/5BPP/1r1B2K1 w - - 4 34	c7b7 b1d1 d3d1	2333	0g1112191o1r
O14jU	r3kb1r/pp2pppp/1n1q4/4n3/6b1/2PB1N2/PP3PPP/RNBQ1RK1 w kq - 1 12	f3e5 g4d1 d3b5 b6d7 b5d7 d6d7 e5d7	2333	011c1n1w
P7em2	3r3k/p6p/1pRr1N2/4p3/8/3n1PP1/P2R3P/6K1 w - - 1 34	d2d3 d6d3 c6c7	2333	0g0p111n1o
Qb7sH	2r2rk1/1bq1bppn/p3p2p/1p2p3/3B2Q1/P1NB3P/1PP2PP1/3RR1K1 w - - 0 18	d3h7 g8h7 d4e5 c7e5 e1e5	2333	0g0w0y1019
RUebF	8/8/p3K3/1p3pkp/8/1PP3P1/7P/8 w - - 0 48	c3c4 b5c4 b3c4 a6a5 c4c5 a5a4 c5c6	2333	0g0p1e1l1w
RzM2x	8/8/1p6/p1k1pp1p/7P/PPP1KP2/8/8 b - - 3 40	a5a4 b3a4 c5c4 e3d2 c4b3	2333	0g0p101e
S9zEJ	4rkrQ/pR3p2/2p2n2/3p1B2/3P1P2/4P3/4q1P1/1R4K1 w - - 7 31	h8h6 g8g7 b7f7 f8f7 b1b7 e8e7 b7e7 f7e7 h6g7	2333	050g0s191g1n1w
SCQin	4k2r/4ppbp/b1p3p1/p7/Pq1PPB2/2N2N2/1n3PPP/2Q2RK1 w k - 4 19	c3d5 b4c4 d5c7 e8d8 c7a6	2333	0g101119
SrO4T	r1bqr1k1/pp3npp/2nb1p2/3pN1P1/2pP1P2/2P4P/PPB5/RNB1QRK1 w - - 1 16	c2h7 g8h7 g5g6 h7g8 g6f7	2333	00050g0s101c1n
Ut7IH	Q1b1k2N/2p3pp/1p6/p3p3/3bP3/K7/PPP2qPP/RNB4R b - - 0 17	f2f8 a3b3 f8b4	2333	1315191o
VFTLA	r1b3k1/1pqnb1p1/p3p3/3pP1PQ/5r2/2P5/PP3PP1/R3K2R w KQ - 0 18	h5h8 g8f7 g5g6 f7g6 h8h5	2333	050y10131619
W4qIj	Q2r1r2/1p1k2np/1Pbp2p1/3P4/3p2P1/P2B1P1q/8/2R2RK1 w - - 7 31	a8b7 c6b7 c1c7 d7e8 f1e1 g7e6 e1e6	2333	0q1317191n1w
W9vTk	3Q4/8/2p4K/2pk2p1/5qP1/P6P/8/8 b - - 6 40	f4d6 d8d6 d5d6 h6g5 d6e5 g5g6 c5c4 h3h4 c4c3 h4h5 c3c2	2333	000g0p1i1l1w
WIr3A	8/p4B1p/1p6/1P3kPP/5p2/3b4/P4K2/8 w - - 1 45	f7g6 h7g6 h5h6 f5g5 h6h7	2333	00080g0p10111n
WPGlM	4B3/r5k1/3p1rp1/p2P1n1P/1pPp1K2/1P1P4/5R2/R7 w - - 4 40	f4g5 a7e7 e8g6 f6g6 h5g6	2333	0g0p10
XFt6S	3rr1k1/ppq2ppp/4b3/2p5/2n1PN2/P2nBPP1/1PQ3BP/R4R1K w - - 4 22	f4e6 c4e3 c2d3 d8d3 e6c7	2333	011019
XrVkD	4k3/1K1b1r2/2r3p1/P2pBp2/1Pp2R1P/4R3/2P5/8 b - - 4 49	e8d8 b4b5 d7e8	2333	0d0g0j0k0p1o
YVVk6	2kr1b1r/pp4pp/1q2b3/P3PQ2/8/1PP5/5PPP/RNB1K2R b KQ - 0 15	d8d1 e1d1 b6d8 d1e2 e6f5	2333	050g10191n
a9Rhn	5r2/6k1/p2p2p1/2rP3P/P1B1p2R/1P3p1R/5K1P/8 b - - 0 37	c5c4 b3c4 e4e3 f2e3 f3f2 h5g6 f2f1q	2333	000g0p0r1h1n1w
afFEj	3b1k2/1R6/3K1p1p/4r3/2P3P1/3B4/8/8 w - - 1 56	b7b8 e5e8 d6d7	2333	0g0p1g1o
bZce1	8/p5p1/1pp2k2/2p2P1p/4Pb2/6K1/P1P4P/8 w - - 0 30	g3f4 g7g5 f5g6 c5c4 g6g7 f6g7 f4e5 b6b5 e5d6	2333	000g0o0p1w
cmW9j	r2q1rk1/ppp1bppp/3p4/8/1nnPQ3/2N2N1P/PP3PP1/R1B2RK1 w - - 0 13	d4d5 c4e5 e4b4 e5f3 g2f3	2333	010j10111c1l
eR62l	r1b3k1/pp3p2/2pb2pp/4r2q/2B1Q3/2N3RP/PPP3P1/R5K1 w - - 0 21	e4g6 h5g6 g3g6 g8f8 g6d6	2333	0g0y10191g
fQMk5	4k3/1p2p1b1/p1r3p1/qP1p2P1/8/B2Q4/P3R3/4K3 w - - 1 30	e1f1 a5b5 e2e7 e8d8 d3b5 a6b5 e7g7	2333	0g0h0p0s111w
fwo31	6k1/p2r2pp/4N3/2br4/2Q5/P7/1q4PP/5R1K w - - 2 32	c4c5 h7h6 c5c8 d7d8 e6d8	2333	0g1019
hr7Lh	rn2kbnr/p4ppp/b3p3/q7/2BP4/4P3/P1PN1PPP/R1BQK2R w KQkq - 1 11	d1f3 a6c4 f3a8 f8d6 a1b1	2333	01101c1g1t
iTRS0	8/6p1/p3k2r/1p2p3/2p5/2Pn4/PP2RPK1/3R4 b - - 5 30	d3f4 g2f3 e6f5 e2e5 f5e5	2333	0g0p0s10
iaV3C	1R3rk1/p2q3p/3p2p1/5p2/2bpr3/P1P1P2Q/2P3PP/1R4K1 w - - 0 24	b8b7 d7g7 b7g7	2333	01191o
icKLB	3rb3/6k1/4p2p/2R3pP/3rB3/1P3QPK/P4P2/6q1 w - - 1 39	c5g5 h6g5 h5h6 g7g8 h6h7 g8g7 h7h8q g7h8 f3f8	2333	00051318191h1n1w
jXBi1	8/8/p2k4/1p3p1p/2PK1P1P/8/P7/8 b - - 0 40	b5b4 c4c5 d6c6 d4c4 a6a5 c4d4 a5a4 d4c4 b4b3 a2b3 a4a3 c4c3 c6c5 b3b4 c5b5 c3b3 a3a2 b3a2 b5b4	2333	000g0h0i0p1e1l1w1z
l1Yib	7k/3P1p1r/1q2p2r/p3Pp2/2P2P2/5QP1/P4RK1/3R4 b - - 0 42	h6h2 g2f1 h2f2 f3f2 h7h1 f1g2 b6f2 g2f2 h1d1	2333	0g0p0s1w
l7uDO	r1r3k1/5pp1/3p2n1/1p1N2QR/4P3/1qB5/6P1/2K5 w - - 0 31	h5h8 g8h8 g5h6 h8g8 h6g7	2333	05101316191g1n
lJSeR	4r1k1/p6p/6p1/1pB5/2pP4/2P2qQ1/PPB4P/6K1 b - - 1 29	f3g3 h2g3 e8e2 c2d1 e2e1 g1f2 e1d1	2333	010p0s1w
lMqNO	8/4k3/6K1/5p2/p3p2P/P7/5P2/8 b - - 0 42	f5f4 h4h5 e7f8 h5h6 f8g8 h6h7 g8h8 g6f5 e4e3	2333	0g0p1e1l1w
mIMPL	6k1/r1r5/2p1PP2/2P3K1/4p2p/7P/4p3/1R6 w - - 2 53	g5g6 c7c8 e6e7	2333	000g0p111m1o
nCSDt	3rr1k1/ppq2ppp/5n2/3bR3/nP1Q1P2/P2B2NP/1BP3P1/4R1K1 b - - 2 25	d5e6 d4a7 a4b2	2333	0111191o
nTO1D	8/8/7P/4k3/3p2P1/pPrR4/4K3/8 b - - 0 57	c3d3 e2d3 e5f6	2333	0g0h0p1m1o
nxg6X	r3k1nr/ppp2ppp/2n5/3qN3/1b1P2b1/2N5/PPP1BPPP/R1BQK2R b KQkq - 0 7	g4e2 d1e2 c6d4	2333	0g111c1g1o
o3aHy	8/8/1p2k1p1/3R1p1p/7P/1P3KP1/8/8 b - - 0 44	e6d5 f3f4 d5e6 f4g5 e6f7	2333	0g0h0p10
oIii8	2k4r/pp3pp1/4p3/1P1p3r/P2n2b1/5N2/2BN1PP1/2R1RK2 b - - 1 22	h5h1 f3g1 g4e2 e1e2 h1g1 f1g1 d4e2	2333	050g191n1w
oivXn	2b3rk/5QNp/pq1b1p2/4p3/1P5B/P6P/5PP1/4R2K b - - 0 27	g8f8 f7c4 h8g7	2333	01191o
p3NnK	8/2k5/2p1P2p/5Kp1/8/6bP/6B1/8 w - - 0 45	e6e7 c7d7 f5f6 g3d6 g2c6	2333	00080g0p10
qL1VF	6k1/pb2r3/3b2pQ/1p1q2P1/3P1p2/1PP1pP2/P5K1/5R1R w - - 4 36	h6g6 e7g7 g6e8 d6f8 h1h8 g8h8 e8f8 d5g8 f1h1 g7h7 h1h7 h8h7 f8h6	2333	050i0r0y1318191g1w
qjRom	4r3/4P3/6k1/1p1K2Bp/3P1p1P/P7/8/8 w - - 0 54	d5e6 f4f3 g5e3 e8e7 e6e7	2333	0g0p101l
rFDbj	r7/1b2q1kp/3p2p1/p3p3/Pp2P3/1P4N1/1P2Q1PP/5RK1 b - - 3 24	b7a6 e2g4 e7a7 f1f2 a8f8 g3f5 g7h8	2333	0d0g0h0p1w
t8QG8	6k1/p4pp1/1p2p3/3q4/1P2Q3/4PKP1/5P1P/8 w - - 4 31	e4d5 e6d5 b4b5	2333	010h0p1i1o
tKbJS	r2qr1k1/pp3pp1/2nb4/7p/3P1pN1/1BPQ2nP/PP3RP1/R5K1 w - - 0 22	g4h6 g7h6 d3g6 g8h8 g6h6 h8g8 h6g6	2333	010y191g1n1w
thyIh	2rqr1k1/5pb1/p4npp/3Np3/8/4P1B1/PP1Q1PPP/2RR2K1 b - - 0 19	d8d5 d2d5 f6d5 c1c8 e8c8	2333	011019
ttfiw	r2r2k1/4qp2/p2p3b/Pp1Pp1pp/1P2P2P/4QPB1/5PK1/2R2R2 b - - 1 27	e7f6 h4g5 h6g5 f3f4 e5f4	2333	011019
ursC1	2k2bQ1/pp1r1p2/3p3p/2pR4/8/6B1/PPP3qP/2K4R b - - 1 19	g2d5 h1f1 d5g5 g8g5 h6g5	2333	010t1019
vak9Z	8/5pkp/6p1/8/4n2K/6PP/8/5R2 b - - 8 59	g6g5 h4g4 h7h5 g4h5 e4g3 h5g5 g3f1	2333	050g0i0p0s1w
vsPxF	8/4Q2p/p4ppk/8/b1PpP1P1/2nP1P1P/4r3/4qNK1 w - - 2 35	e7f8 h6g5 f3f4 g5f4 f8f6	2333	050i0p0q101316
vwQcE	5rk1/1R4b1/7p/1Npp2p1/4p3/3nP2P/4QqPB/r4RK1 w - - 0 30	e2f2 f8f2 b7g7 g8g7 f1a1	2333	010r1019
xRAYA	2r5/6pp/3R1pk1/4p3/b3P1P1/3BBP2/1p2K2P/8 b - - 1 39	a4b5 d3b5 b2b1q	2333	00010i0p1h1o
yBl6J	rr6/5bkp/2p2pp1/8/1p1P1NP1/2P2P2/2PQ4/qNK1R2R b - - 1 24	a1b1 c1b1 b4c3 b1c1 a8a1	2333	0j0k101316191k1n
ycn0i	2r2r2/1p3pkp/p5p1/2Pp1q2/8/bP2PN2/2R2PPP/3Q1RK1 w - - 2 22	d1a1 g7g8 f3d4 f5c2 d4c2	2333	0g0s1019
ygywf	8/5p2/4pp1p/1k1p4/1p1P1PPP/1K6/8/8 w - - 1 38	h4h5 b5c6 g4g5	2333	0g0p1e1l1o
z0ZV6	8/8/3k1ppp/4p3/1pP1K1P1/1P3P1P/8/8 w - - 0 40	f3f4 e5f4 e4f4	2333	0g0p1e1o
zEtl9	r5rk/1b1n3B/p4q1p/1p1p2N1/3Pp3/2P4R/PP4QP/R5K1 w - - 4 28	h7g8 a8g8 h3h6 f6h6 g5f7 h8h7 g2g8 h7g8 f7h6	2333	050g0j0r0s191g1n1w
zpKVw	2b2r2/6bk/p1p3pp/2q4n/4P3/1BN2N1P/1PP2PPQ/4R1K1 b - - 2 25	f8f3 g2f3 g7e5 f3f4 h5f4	2333	0110191n
0jbFz	8/pBP3q1/1pR1b3/3k1p2/3P2p1/P2KP1P1/r7/8 w - - 0 31	c6b6	2334	0j0k0p13141a1b
2YSar	8/8/7p/p7/1p4P1/2nk3P/P4K2/2R5 b - - 0 41	c3a2 c1d1 d3c2 f2e1 b4b3	2334	010p10
3IIof	2r2r2/6kp/pq1pp1p1/1p6/2pNP3/P1Pn1R2/1P4PP/1R1Q3K w - - 0 25	d4e6 g7g8 e6f8 c8f8 f3f8	2334	0g0s1019
4EMNK	4k2Q/1p3p2/1bpp4/5bp1/1PP1q3/P3P1Pp/4BP1P/2R2RK1 b - - 0 22	e8d7 f2f3 e4e3 g1h1 e3e2	2334	0g0s1019
4hVXV	1rb2rk1/7p/1p4pP/p1p1qpB1/P7/5R2/2P3Q1/3R2K1 w - - 0 33	f3e3 c8b7 e3e5	2334	0g191o
8Ru72	r4rBk/4bn2/p5Q1/1ppqP3/8/4B1P1/PP3P2/R3K2R b KQ - 4 23	d5h1 e1e2 h1f3 e2f3 f7e5 f3e2 e5g6	2334	01050k0m0s0t191n1w
8weKJ	6Q1/1R3p2/p1p1q3/P1P2k2/5P2/6K1/4p1P1/3r4 w - - 2 40	g8g4 f5e4 g4e2	2334	0g0p1o
9GbNH	r3k1r1/pp2bpQp/1qpp1n2/4pP2/2B1n3/2P4P/PP4PK/RNB2R2 w q - 3 15	c4f7 e8d7 f7e6 d7d8 e6g8	2334	040g0s1019
9UoBR	r1b2rk1/1pqn1ppp/p2bp3/4R3/5B2/2NB4/PPP1QPPP/R5K1 w - - 6 17	d3h7 g8h7 e5h5 h7g8 e2d3	2334	050g0y10191n
A1n8A	r3r1k1/5pp1/2R5/p1P2q2/3PpP2/N3n1Pb/P2Q4/B2R2KB b - - 1 34	f5g4 d2e3 g4d1	2334	0g11191o
ALq9a	2kr3r/pp3Rp1/2n4p/8/3PnN2/1BP4q/PP6/RN1Q2K1 b - - 0 17	h3e3 g1h1 e4f2 h1h2 f2d1	2334	0g0r0s1019
CtADC	7B/1b1p1k1p/3q2p1/2pN4/p3P3/P1QP3P/5KP1/7r w - - 2 35	c3g7 f7e8 d5f6 e8d8 g7g8 d8c7 f6e8 c7c6 e8d6	2334	0g0p0s1w
E7wqP	8/p7/2p2k2/1P4pP/1P2K3/P7/8/8 b - - 0 42	c6b5 e4f3 f6g7	2334	0g0h0p1e1o
EtYCF	3r3k/1p4p1/p2q3p/2r1p3/Q1Pn4/5P2/PP1R1BPP/R5K1 b - - 3 30	d4f3 g2f3 d6g6 f2g3 d8d2 a4b4 g6d6	2334	0g0h0j191n1w
FDNAI	5rk1/1p4p1/p6p/4pr2/1PP4q/2P5/P3Q1PP/3R1R1K b - - 1 27	h4e4 f1f5 e4e2 f5f8 g8f8	2334	0g0p10
FiD3z	8/8/3bkp1R/4p3/6r1/3K4/6B1/8 w - - 2 57	g2h3 e6f5 h6h4 f5f4 h4g4	2334	0g0p101g
Fq8sc	1r3rkb/1p1q1p1p/p2p2pP/2B1n3/2P1P1n1/1PN5/P3BPP1/1R1Q1RK1 b - - 0 19	d6c5 d1d7 e5d7 e2g4 f7f5 e4f5 g6f5 g4f5 f8f5	2334	010t191w
GfQz1	r3r1k1/ppp1qp1p/2n2p2/8/2BP4/5b2/P4PPP/R2QR1K1 w - - 0 17	e1e7 f3d1 c4f7 g8f8 e7e8 a8e8 f7e8	2334	010s191w
Ghi3d	8/2kP4/p3Pb2/P1B2P2/2p5/1p3K1p/8/8 w - - 0 49	c5b6 c7d6 b6d4	2334	080g0p1o
GwxQh	3r2k1/p4ppp/1q6/1Q1pp3/4r3/N5PP/PPP2P2/R1B3K1 b - - 7 25	e4e1 g1g2 b6d4 b5d3 d4d3 c2d3 d8c8	2334	0g191w
IYBYJ	q4rk1/p1n2p2/4p1p1/3pP1NP/b1pP1B2/b7/P2NBP2/KQ5R b - - 0 25	c4c3 d2b3 a3b2 b1b2 c3b2	2334	00011019
KNo0Y	8/p4ppp/2k5/2br3q/4Q1b1/5N1P/PP4K1/4RB1R b - - 0 26	g4f3 e4f3 h5g6 f3g4 d5g5	2334	0g10191g
M0qrX	5rk1/4Rppp/p1b5/8/1PBK2P1/P6q/8/5R2 w - - 0 37	e7f7 f8f7 f1f7 c6b5 f7f3 b5c4 f3h3	2334	0g0j0k0p1w
Nzw7n	2r1k2r/pp3pb1/1q5p/3pP1p1/5p2/1P1Q3P/PBn2PP1/RN2R1K1 w k - 6 19	e1c1 e8g8 c1c2 c8c2 d3c2	2334	011019
O3CcC	2b2r2/r1pn2k1/pp2pq1p/8/3P1Qp1/3B4/PPP3PP/R4RK1 w - - 0 22	f4e4 f6f5 f1f5	2334	0g191o
PBeeW	5r2/Bpq4k/3p1pn1/3Pp3/B3P3/2PQ2Pb/P6P/1R4K1 b - - 0 27	b7b5 a7e3 b5a4	2334	01191o
PP4r8	1k5r/1bp1n3/ppn5/3p4/P2P3r/2NR3B/1PQ1PP1K/R7 b - - 3 24	c6b4 c2d2 b4d3 d2d3 b7c8	2334	010s1019
PP9ay	rn4k1/ppq3p1/8/3p2NQ/2pP1rPP/P1PbP3/3K4/R6R w - - 0 19	h5e8 f4f8 e8f8 g8f8 g5e6 f8e7 e6c7	2334	050g0s191n1w
PjMke	r5k1/3r1pb1/2N2np1/2pp1q1p/P7/5BB1/1Pn2PPP/R2QR1K1 w - - 4 23	e1e5 c2a1 e5f5	2334	01191o1t
QLdUK	4r1k1/p4ppp/1p6/3Rbp2/7P/P3r1P1/5PB1/R5K1 w - - 0 24	a1d1 e3a3 d5e5	2334	010p1l1o
QW7HK	7r/8/8/3k2PP/5PK1/8/8/8 w - - 3 64	g5g6 d5e6 g4g5 h8b8 f4f5	2334	0g0p101m
Qjb9r	1r4k1/5p1p/p2q2p1/3b4/PPR2b2/1NQ5/5PB1/6K1 w - - 0 31	g2d5 d6d5 c4f4	2334	01191o
QvS9H	r2q1rk1/pppb1ppp/3b1n2/1B4B1/3Q4/2N5/PPP2PPP/3RK2R b K - 6 12	d7b5 c3b5 d8e8	2334	0g191o
RQzsX	4Q3/3P1pkp/4n1p1/1p6/2q5/6P1/3r1PKP/4RR2 b - - 0 31	c4d5 g2g1 e6g5 e8e5 d5e5 e1e5 g5f3 g1g2 f3e5	2334	050g0p0s1l1w
S9a1R	1r4k1/5pp1/4p2p/4P3/1p3P2/2R1B3/p5PP/R5K1 b - - 1 29	b4c3 a1a2 b8b1 e3c1 b1c1	2334	010p10
TSPIc	4r3/p1pq3k/1p4pB/7R/3P4/P2Q4/1P3PK1/4r3 w - - 3 31	h6f8 h7g8 d3g6 g8f8 g6f6 d7f7 h5h8	2334	0i0j0k0p0x13171g1n1w
UMlsn	r4rk1/p1p2ppp/4bq2/3N4/1b6/3B4/PPP2PPP/R2Q1RK1 b - - 0 12	e6d5 d1h5 f8d8	2334	010h0t11191o
UZF66	r3k1nr/pp3ppp/2pbp3/q6b/4N3/1B1P1n1P/PPPB1PP1/R2Q1RK1 w kq - 0 12	d1f3 h5f3 e4d6 e8d7 d2a5	2334	01101c1n
XK2rI	7k/pp4bp/2np2p1/2p5/P3PP2/1QP4q/1P5P/R3R1K1 b - - 0 24	g7d4 c3d4 h3b3	2334	010p11121o1r
XOzWP	8/8/1kP5/3K1N2/6pb/7P/8/8 b - - 0 51	g4h3 d5d6 h4d8	2334	0g0h0p1o
YLs76	8/1p5p/p3rk2/6p1/4R1K1/5P2/PP5P/8 b - - 1 42	e6e4 f3e4 f6g6 g4f3 h7h5 f3e3 g6f6 e3d4 f6e6	2334	0g0h0p1l1m1w
YY7jJ	r4r1R/5p2/2pp3R/2b3k1/p2pP1p1/p2P2B1/1PP3P1/2K5 w - - 0 28	g3h4 g5f4 h6f6 f4e3 c1d1 a3a2 h4f2	2334	0p13171w
YvnkD	5rk1/1pp3p1/p6p/8/2PnRn1q/P2P2Nb/1P1Q1PP1/4R1K1 w - - 0 23	e4d4 h3g2 d4f4 h4f4 d2f4 f8f4 g1g2	2334	0g0t191w
Z1Net	8/6kp/1p3np1/p1rbb3/7Q/P2P2PP/1P2NP2/5K2 w - - 2 40	d3d4 c5c4 b2b3 e5c7 b3c4	2334	0g0p0s10
ZCXFo	3rr1k1/1ppbqpb1/p2p1npp/3P4/P2NP2B/1PQ2P1P/3N2P1/R3R1K1 b - - 0 20	f6d5 h4e7 d5c3	2334	0g191o
ZEAjc	2b2rk1/5ppp/2p1p3/Q2p4/5P2/2P2N2/Pq2r1PP/R4R1K w - - 1 22	f1b1 b2c2 f3d4 c2e4 d4e2	2334	010s1019
ZPtzs	R7/p1k2p2/1p5p/r7/2pR2B1/P1q5/5PP1/6K1 w - - 0 35	d4c4 c3c4 a8c8 c7d6 c8c4	2334	010p101n1p
akB8E	r3r1k1/pp4pp/1np3p1/8/3Pp1PR/2q1B3/2PNQP2/2K4R b - - 3 22	c3a3 c1b1 b6a4 e2c4 g8f8 c4b3 a4c3 b3c3 a3c3	2334	0g191k1l1w1y
attD2	r4r2/5pkp/b3pqp1/2Rp4/1P6/R3P1P1/P2Q1PBP/6K1 b - - 0 21	a6c4 c5c4 a8a3	2334	010j11191o
bGQdC	4b1k1/4bpp1/4Nr2/7Q/1P5p/2q4P/r4PP1/3RR1K1 w - - 0 31	e6g5 c3c2 d1d2	2334	01191o
dPNxn	5rk1/r5pp/2Bq1p2/p1nPp2P/1P4P1/2PpQP2/P7/2KR3R b - - 0 30	a5b4 c3b4 a7a2 e3c5 a2c2 c5c2 d3c2	2334	000g0r0s191w
dT9Zc	4k3/ppp2b2/7Q/3PqBKp/2P2N2/1P3p1P/8/8 b - - 9 40	f3f2 f4g6 e5e3 g5h5 e3h6	2334	000g0p1011
g2WiZ	r3r1k1/p4p1n/q3b1pB/3pn3/2p5/6PP/2P1Q1PK/1R2R3 w - - 0 26	e2e5 f7f6 e5c7 e6f7 b1b7	2334	011019
gLwS6	r1bqr1k1/pp1n1pp1/8/2pn2bQ/3P1B2/3BP3/PP3P1P/R3K2R w KQ - 0 15	h5h7 g8f8 f4d6 d8e7 h7h8	2334	0y101316191g
gqprS	8/8/1p2k1pp/p1p5/2PP1PP1/P3K3/8/8 b - - 0 33	c5d4 e3d4 h6h5 f4f5 e6f6 g4h5 g6h5	2334	0g0p1e1w
h7wH1	r4r2/pp3q1k/4b3/2b2n2/5P2/2PB2R1/P5P1/R2Q3K w - - 3 30	d1g4 h7h8 g3h3	2334	0g191g1o
hBNzD	2kr1b1r/pp2npp1/1q2p3/2P1P2N/3p2PP/2P1B3/P1Q2P2/RN2K2R b KQ - 0 17	b6c6 h1f1 d4e3	2334	0g191o
hi0nl	1r3r2/pp3pk1/5Np1/1P2Qnqp/3n4/P7/5PPP/1R2R1K1 w - - 5 25	f6e4 f7f6 e5c7 f8f7 c7b8	2334	010i0j0k1019
jI55J	r1b1Q3/pp1pn1rk/3N3p/4R3/P3P3/5q2/5PPP/4R1K1 w - - 1 28	e5g5 g7g5 e8e7	2334	010i191n1o
jnSWp	5rk1/QR4b1/4p2p/3q1p1P/B3n1p1/8/PP3PP1/4R1K1 b - - 0 29	g7d4 a4b3 d4a7 b3d5 a7f2 g1f1 e6d5	2334	010s11191w
kAgLu	8/1q4pk/5n1p/1p3N1b/5Q2/1P1P2PK/P4R2/8 b - - 3 42	b7h1 f2h2 h5g4 f4g4 h1f1 h3h4 f6g4	2334	0g0p1n1w
kIVcf	5rk1/1NR3b1/p6p/1p1ppP2/1P2n3/PK1QB3/6q1/8 w - - 0 49	d3d5 g8h8 b7d6 g2f3 d5e4 f3e4 d6e4	2334	0111191w
m4ILn	8/p1p4Q/2kb4/n1p3Pp/2P4P/6q1/P5P1/5R1K w - - 3 37	h7e4 c6b6 e4b1	2334	0g0p1o
nM9b1	3r3k/6p1/1p3rB1/6N1/1nbp1p2/5P2/5KPP/3RR3 w - - 3 29	d1d4 d8d4 e1e8 c4g8 g6h7	2334	0g1011191n
njvw7	3r2k1/1Q4pp/3q4/1p6/2PnP1PP/8/PP6/2KB1R2 b - - 0 27	d4b3 a2b3 d6d2 c1b1 d2d3 d1c2 d3f1	2334	010d0p0s1n1w
oVB36	6k1/1p3ppp/2N1n3/1P3N2/6q1/B5P1/3r3P/Q5K1 w - - 2 29	f5h6 g8h8 h6g4	2334	0g191o
ooSa8	5r2/1b1n2k1/p2pp1p1/2p3q1/1p2P1nR/3P1N2/PPP3B1/R3Q1K1 b - - 8 26	f8f3 g2f3 g4e5 g1f2 g5h4	2334	0g0j0k0r0v0y10191n
oxNoL	r2q1r1k/ppp3pp/3p2p1/3B4/3pP1P1/P2P4/1PP1Qb2/2KR3R w - - 0 18	e2f2 d8g5 f2d2	2334	01191o
p5hsk	2r2r1k/1p3p1p/p2p1p1Q/1b6/3pP1P1/2qB3P/P3KP2/1R4R1 w - - 2 23	b1b5 a6b5 e4e5 c3d3 e2d3	2334	0g10191n
pYFJT	r4rk1/1p3ppp/1p2p1q1/3n4/6R1/1PQP2PP/PB2N1P1/R5K1 b - - 4 21	d5c3 b2c3 g6h6 g4g7 h6g7 c3g7 g8g7	2334	01191w
piegD	r2qkb1r/pp3ppp/2p2n2/5p2/3P1B2/P1N5/1Pn2KPP/R2Q1B1R w kq - 0 13	d1c2 d8d4 f2f3	2334	010h1c1o
qnIk2	6k1/5pp1/7p/8/2P5/7P/5qP1/6K1 w - - 0 38	g1f2 f7f5 f2e3 g8f7 e3d4 f7e6 d4c5	2334	0g0h0p1w
qsdfh	r5k1/2p2ppp/p2b4/1p3b2/3PrNPq/P7/BP3PP1/R1BQ1RK1 b - - 0 21	e4f4 c1f4 d6f4	2334	0g191o
rT5ao	6k1/3R4/P7/8/7p/6pP/1K4r1/8 w - - 4 48	b2b3 g2f2 d7d8 g8f7 a6a7	2334	000g0h0p0r1011121m
sZNdw	8/8/3p1k2/2pP1p2/1pP2Ppp/3K2P1/P6P/8 w - - 0 40	d3c2 f6e7 c2b3 h4g3 h2g3 e7d7 b3a4 d7c7 a4a5 c7b7 a5b5	2334	0g0p1e1w1z
tFwPX	4k3/4P3/8/4K3/R7/3p4/8/3r4 w - - 0 63	e5d6 d1e1 a4a8 e8f7 a8f8 f7g7 f8f2	2334	0g0h0p0r1m1w
tIPpk	8/6p1/4k1P1/5p1P/5K2/8/8/8 w - - 0 45	f4g5 f5f4 h5h6 g7h6 g5h6 f4f3 g6g7 e6f7 h6h7	2334	000g0h0p1e1w
to0vP	8/5Qbk/6pp/1pPP4/1q1p2P1/7P/2B3K1/8 b - - 0 35	d4d3 c2d3 b4d2	2334	010p111o
uE11m	8/b7/8/7p/1P2pkp1/P1P5/3RK3/8 b - - 1 45	g4g3 d2d7 g3g2 d7f7 f4e5 f7a7 g2g1q	2334	000g0h0p1h1w
uSYcr	2r2rk1/pR3ppp/8/5b2/1nB5/5N2/PP3PPP/2R3K1 b - - 0 21	b4a2 c4f7 f8f7 c1c8 f5c8	2334	011019
udh2u	8/4Q1b1/3p2pk/6np/P2P3q/4BP1P/1r3PK1/R3R3 b - - 2 31	b2f2 e3f2 h4h3 g2g1 g5f3	2334	0i101316191n
vfxgd	8/7p/8/p5K1/P1k5/2P5/7P/8 b - - 2 39	c4b3 c3c4 b3a4 g5f4 a4b4	2334	0g0p101e
w9Hym	4b3/8/3k1p2/6pN/p2K2P1/7P/1P6/8 b - - 1 48	e8h5 g4h5 d6e6 d4e4 f6f5 e4d4 e6f6	2334	0g0h0p1w
w9lea	rn1q2k1/1b3p1p/pp4p1/3p4/8/1PN1rB2/P5PP/R2Q1RK1 w - - 0 21	f3d5 b7d5 c3d5 e3e6 d5f6 d8f6 f1f6	2334	0g0y191w
wH3gb	8/7k/2p2K1P/3p2PP/1P2r3/8/1P2p3/4R3 b - - 0 40	d5d4 g5g6 h7h6 g6g7 h6h7	2334	0g0p101l1m
xiLHx	3rr1k1/pb2pRb1/1p2PnN1/2p5/2B1q3/7Q/PP4PP/5RK1 w - - 10 28	f7f8 e8f8 g6e7	2334	0i0y1315191n1o
yStZL	8/1p6/1k1p4/3P4/4P3/8/6Rr/5K2 b - - 2 60	h2g2 f1g2 b6c5 g2f3 c5d4 f3f4 b7b5 f4f5 b5b4 e4e5 b4b3 e5e6 b3b2 e6e7 b2b1q	2334	000g0p1h1l1m1w
zTamv	1k4r1/1p5p/pP3n2/3pp3/8/Q3BP1q/P5PP/4R1K1 w - - 2 31	a3d6 b8a8 e3g5	2334	0g0p0s1o
2LNiz	1n4k1/r4r2/pb4pB/1p1Q4/8/P2B4/1PP2qPP/R2K1R2 b - - 3 21	f2f1 d3f1 a7d7 d5d7 f7f1 d1e2 f1f2 e2e1 b8d7	2335	0111191g1n1w
3JV0W	4r2k/1Q4p1/7p/5p1b/3q1P2/1B5P/PP3RP1/5K2 b - - 3 31	e8e1 f1e1 d4e3 e1f1 e3c1 b3d1 c1d1	2335	050p1113171n1w
3V73g	r1br2k1/ppq2ppp/2pb1n2/4pNB1/4P3/P1Q2N1P/1PP2PP1/R4RK1 b - - 4 15	f6e4 g5d8 c7d8 c3d3 c8f5	2335	011019
4NREG	Q7/P5pk/7p/r7/1r3PK1/6PP/8/8 b - - 0 45	h6h5 g4h4 g7g5 h4h5 g5f4 h5h4 f4g3 h4g3 a5a3	2335	050g0j0k0p1j1w
4iA6e	r1b1r1k1/ppp1qp1p/3p1bp1/8/2nNP3/8/PP1NBPPP/R2Q1RK1 w - - 0 14	d2c4 e7e4 d4b5 e4e2 b5c7	2335	01101c
6Khp6	8/5p2/1p1N2k1/p4b2/5P1p/P4K2/1P4P1/8 w - - 0 37	d6f5 g6f5 a3a4 f7f6 b2b3 f5e6 f3g4	2335	0g0p1l1w1z
6ipcF	1r3r2/p6k/3p3p/1p6/1PPbBPq1/3P4/2Q2P2/1R3R1K b - - 7 30	h7h8 f2f3 g4h4 c2h2 f8f4	2335	0g0h0r1019
7ljv6	1r3rk1/7p/p2b2pP/2p1ppQ1/2q1b3/2B1P3/P2P1RP1/2R1N1K1 w - - 2 33	d2d3 e4d3 e1d3 c4d3 f2d2 d6e7 g5e7 d3e3 g1f1	2335	010h0s191w
8ViPK	r2qr1k1/pp3p2/2n3p1/5bN1/4N3/4Q3/Pb2BPP1/R3K2R w KQ - 0 19	e3b3 e8e7 b3b2	2335	01191o
9tXDn	2r3k1/1b1r1ppp/p2qp3/1p1p4/2n3n1/3Q2NP/PPB2PP1/2R1R1K1 w - - 0 24	d3h7 g8f8 h7h8 f8e7 g3f5 e7f6 h8g7	2335	0y1317191g1w
A0l23	r1br2k1/p4p1p/3Np1p1/4q3/3p4/3Q4/P4PPP/R4RK1 w - - 0 20	d6f7 g8f7 d3f3 e5f6 f3a8	2335	01050s10191n
ATCr9	6r1/3r1k2/4p1qp/4B3/5P2/P2pQ1PP/1P4RK/8 b - - 2 33	d3d2 f4f5 g6f5 g2d2 d7d2 e3d2 f5e5	2335	000g0p1w
CNPZo	5r1k/6pp/5q2/P1Q5/3Pp2n/4P1KP/5P2/R4R2 b - - 2 33	f6f3 g3h4 f8f4 e3f4 f3f4 h4h5 g7g6	2335	0p13171n1w
CQicN	r7/6p1/5k2/4p2p/1PPpP2P/pQ1B1P1q/2K5/5R2 b - - 1 40	h3f1 d3f1 a3a2 b3b2 a2a1q b2a1 a8a1	2335	000g0p1h1n1w
Cj4ZB	8/p1p5/8/P1k2p1p/2P2Pp1/1K4P1/7P/8 b - - 4 35	c5d4 b3b4 a7a6	2335	0g0h0p1e1o
DDyLV	4r1k1/Q4p1p/p5p1/Pp1Np3/2pnPnRq/2N4P/1P3rPK/R4B2 b - - 3 29	d4f3 h2h1 h4h3 g2h3 f2h2	2335	030i10111316191g1n
EQLex	r2qkb1r/2pb1ppp/5n2/1B1pN3/4P3/2P5/PPnPQPPP/R1B2K1R b kq - 2 11	c2a1 e5c6 d7c6 b5c6 f6d7	2335	010h0t101c
EzLel	2r5/7R/k4p2/8/2P1PP1P/p1K3P1/8/8 b - - 0 37	c8b8 h7d7 a3a2 d7d1 b8b1	2335	000g0p10111l1m
EzuRp	r2qk2r/pQp1npbp/2n1b1p1/3N4/8/4P1P1/PP1P1PBP/R1B1K1NR b KQkq - 0 9	e6d5 g2d5 d8d5 b7a8 e8d7	2335	0g0h101c1n
FbUdu	8/2q1PB1k/7p/p2p4/P3p3/4P3/3R1K2/8 w - - 5 42	f7g6 h7g6 e7e8q	2335	00050g0p1h1o
G5Vzg	r1b1k2r/pp2Bpp1/4p1n1/q2pP2p/2pP3P/P1PB2Q1/2P1NPP1/R3K2R b KQkq - 0 13	g6e7 g3g7 h8g8 g7h6 c4d3	2335	011019
IuIy0	8/1p6/p2k4/P1Pp4/3P4/3K4/8/8 b - - 0 54	d6c6 d3e3 c6b5 e3f4 b5b4 f4e5 b4c4	2335	0g0h0p1e1w1z
MJeVe	2r1r1k1/1p3ppp/p3pn1P/3p4/3P1Bq1/b3Q3/4NPP1/2R2RK1 w - - 0 22	c1c8 e8c8 f2f3 g4h5 e3a3	2335	011019
MPI8h	3r2k1/5p2/2qp1Pp1/p3nNP1/Pp2P2r/1Pp4B/2P2QK1/3R3R b - - 6 43	c6e4 g2g3 h4g4 h3g4 e4g4 g3h2 e5f3 f2f3 g4f3 f5h6 g8f8	2335	0g0h0r191w
MrgJa	3r4/pp2Rpkp/1q3np1/8/8/QP4P1/P2r1PBP/5RK1 b - - 4 24	d2f2 e7f7 g7f7 f1f2 d8d2	2335	0g10191g
NAvq2	1r4r1/5p2/4pPpk/3pR1Rp/pqp2P1P/4P3/PPQ5/2K5 w - - 0 35	c2e2 b4b2 e2b2 b8b2 c1b2	2335	0g0p10
OH2YE	8/5p2/pp4p1/2k1P3/P1r1RPP1/8/5K2/8 w - - 7 49	e4c4 c5c4 f4f5 g6f5 e5e6 f7e6 g4g5	2335	0g0h0p1m1n1w
OLz6U	rn3rk1/pp2pp1R/5n2/6N1/6B1/2b1P3/P1Qq1PP1/R4K2 w - - 1 17	c2g6 f7g6 g4e6 f8f7 e6f7 g8f8 g5e6	2335	0f0y1317191n1w
P9ASF	8/1p6/p3p2b/P2pPp2/3P4/2P1PK2/3N4/5k2 b - - 2 41	f1e1 d2b3 h6f8 b3c1 e1d2 c1e2 f8h6 e2f4 h6f4	2335	010p1l1w
PITqy	1r1Rr1k1/R3P1pp/2p5/5p2/4P3/7P/1p4P1/1K6 w - - 3 34	a7d7 g8f7 d8b8 e8b8 d7d8 f7e7 d8b8	2335	050d0g0p1l1m1w
Q12C2	8/8/2p5/pp3kr1/3P4/1P1K4/P7/6R1 w - - 0 47	g1g5 f5g5 d4d5 c6d5 d3d4	2335	0g0p101m
QeZyz	1k2r3/p1pQ3p/8/1N6/5q2/6P1/PPP4K/R7 b - - 0 30	e8e2 h2h3 f4h6 h3g4 h6g6	2335	0g0p10
QfkyG	8/8/p3k3/1p3pP1/2p5/P1P2K2/1P6/8 b - - 3 52	e6f7 a3a4 b5a4 f3e3 f7g6	2335	0g0p101e
R6nka	r1r3k1/p2bppbp/3p1np1/qP6/3BP3/1PN4P/P1Q1BPP1/R4RK1 b - - 0 14	e7e5 d4e5 d6e5	2335	011112191o
RwNlK	8/8/1R6/2p5/P7/1r6/1k1K4/8 w - - 0 40	a4a5 c5c4 b6b3 b2b3 d2c1 b3b4 a5a6 b4c3 a6a7	2335	000g0p0w1l1m1w
S64jk	r4k1r/pp3ppp/4pn2/1Q4N1/1b1q4/2N5/PP3PPP/R3K2R w KQ - 2 14	b5b7 b4c3 e1f1 d4d7 b7a8	2335	0110191n
SOcXo	8/5pp1/4k2p/p1p1P2P/1p2K1P1/1P6/P1P5/8 b - - 0 31	g7g5 h5g6 f7g6	2335	0g0p1e1l1o1z
UOcwQ	6k1/pp3p2/1q5B/2p1rP1p/3r2pP/1P6/P1PQ2P1/3R3K w - - 0 30	d2g5 b6g6 g5d8 d4d8 d1d8 g8h7 f5g6	2335	010p0y1n1w1y
UVLWk	2r2r2/pp3p1k/3p1b1p/3N4/P1q1P1QP/8/6P1/7K w - - 0 27	d5f6 h7h8 g4f5 c4f1 f5f1	2335	0g0p10
Uka6W	8/1pNbn1p1/1Pp2k2/2Pp3p/3PpPp1/4P1P1/4BK1P/8 w - - 4 43	e2a6 d7c8 c7e8 f6e6 e8d6 e6d7 a6b7 c8b7 d6b7	2335	0g0p0r1w
VBoAP	5r1k/ppp3rp/8/7P/5B2/2P1PQ2/PP4q1/2K2R2 w - - 1 28	h5h6 g2f3 h6g7 h8g7 f1f3	2335	000g0p0w101n
VaWOP	4r3/pp3pkp/1qn5/8/1bP5/1P4P1/P1QPbPBP/RN2R1K1 b - - 1 17	b6f2 g1f2 b4c5 d2d4 c5d4	2335	050y101316191n
WzKOq	2r5/P5kp/5pp1/8/8/7P/3p1PP1/3Q2K1 b - - 1 40	c8c1 a7a8q c1d1 g1h2 d1e1 a8a7 g7h6 a7d4 d2d1q d4f4 h6g7	2335	000g0h0p1g1h1j1l1w
XrU9L	8/6P1/5K2/p7/1p6/k5r1/P4R2/8 w - - 0 46	f2f5 a5a4 f5g5 g3g5 f6g5	2335	0g0p10111m
YnKVz	3rk3/p1p1n3/2n2Q2/1pK5/5BP1/2N4r/PPP5/R7 b - - 9 34	h3c3 c5b5 d8b8 b5a4 b8b4	2335	10131619
ZgBbf	r4rk1/pppn1qNp/3pp2B/4p1Q1/4P3/P1NP3P/1P3bP1/R4n1K w - - 0 17	g7f5 f7g6 f5e7 g8f7 e7g6 f1g3 h1h2	2335	0g0j0k0s191w
ZjWOS	2r2k2/1p4pp/6q1/P3Bp2/3PbP2/P6P/5QP1/4R2K b - - 2 37	c8c2 e1e2 g6g2 f2g2 c2e2	2335	0g0p101g1n
az6N9	8/8/7p/2k3p1/4Kp1P/5P2/5P2/8 b - - 0 42	g5h4 e4f4 h6h5 f4e3 h4h3	2335	0g0p101e1l
b8rIh	1r6/1P6/4K3/5p2/4k3/8/8/1R6 w - - 2 59	b1b4 e4d3 e6f5 d3c3 b4b1	2335	0g0h0i0p101m
bKOpm	8/3K4/4pk2/2Np4/3P4/3n4/8/8 w - - 20 59	c5d3 f6f5 d3e5 f5e4 e5c6	2335	0g0h0p0t0z10111l
bmJcJ	2k5/ppq2p2/2P1p2r/3p4/3B4/P3PBbr/5P2/2RQ1RK1 b - - 0 25	g3h2 g1g2 h3g3 f2g3 c7g3 g2h1 h2g1 f3h5 g3h2	2335	0d0j0k0y1318191n1w
col0E	1r2r1k1/pb3ppp/6q1/2Qn4/8/1BB4P/PPP3P1/R4RK1 b - - 0 22	d5f4 b3f7 g6f7	2335	01191o
ctv3j	r2q4/pbpnp1kp/1p2Qrp1/6N1/2N4P/1P4n1/P1P3P1/2KR1B2 w - - 2 17	d1d7 f6e6 g5e6 g7f6 e6d8	2335	010s1019
dlQVv	r3kb1r/pp3ppp/8/3QP3/8/B1q5/P1P2PPP/5RK1 w kq - 2 17	e5e6 c3c7 e6f7	2335	000104191o
fO3gc	8/2Q2kp1/3P2p1/2pbP2p/4q3/6BP/6P1/6K1 b - - 2 33	f7g8 c7b8 g8h7 b8b2 h5h4 g3f4 e4f4	2335	0g0h0p1w
fdUas	5qk1/R7/6p1/8/8/pR2p1P1/4P1KP/8 b - - 1 40	f8f2 g2h3 f2f1 h3h4 f1f6	2335	0g0p101j
ftivR	2q1r1k1/p4p2/1b1R3p/1Q2n1p1/4p3/PPP3Pb/4PPNP/4R1KB b - - 2 27	b6f2 g1f2 c8f5 f2g1 e5f3 e2f3 f5b5	2335	01050j0y191n1w
gPcpt	2r2rk1/3Q1p1p/6p1/p1PB4/P3q3/R2n4/5PPP/2R3K1 b - - 6 32	c8c5 c1d1 c5d5 d7d5 e4d5	2335	011019
gbNl8	2r5/6b1/2P4p/3Pk3/2K5/4B2P/8/8 w - - 1 49	e3d4 e5d6 d4g7 c8a8 g7c3	2335	0g0h0p10111p
jBBO2	3r1r1k/p6p/3Q2p1/1b1Np3/8/2P1q3/PP3RP1/5RK1 b - - 11 27	e3f2 f1f2 d8d6 f2f8 h8g7 f8a8 d6d5	2335	01191w
k91gV	3r1r2/pp3pkp/6p1/2qNP3/2Pn2B1/P6P/1P4K1/2QR4 w - - 3 28	b2b4 c5c6 d1d4	2335	0g191o
kQHIp	r2qr1k1/ppp2p1p/4b1p1/6N1/5P2/2Qn3P/P1PN1PP1/3R2K1 w - - 0 17	d2e4 d3f4 e4f6 d8f6 c3f6	2335	010s10191l
l3ZF7	r3r3/bp1q1ppk/3p1n1p/p4P2/P2Pp2R/1B4Q1/1P3PPP/R1B3K1 w - - 4 23	c1h6 g7h6 g3g5	2335	0g191g1n1o
mRwJy	6k1/R7/5K2/5pp1/5N2/6r1/6Pn/8 w - - 0 43	a7g7 g8f8 f4e6 f8e8 g7e7	2335	0p0r1013161x
mnK3h	8/8/5r1p/5kp1/4r3/3Q3P/6PK/8 w - - 18 57	d3d5 f5f4 g2g3 f4e3 d5b3 e3d4 b3b2 d4d5 b2f6	2335	0g0p1j1p1w
mt3ln	r1bqkb1r/ppp2npB/4p3/3p3Q/8/8/PPPN1PPP/R1B2RK1 b kq - 0 11	g7g6 h5g6 d8h4	2335	011c1o
o0Zx4	8/1p4k1/4K3/p5P1/3P4/8/8/8 w - - 0 52	d4d5 a5a4 d5d6 a4a3 d6d7 a3a2 d7d8q a2a1q d8e7 g7g6 e7f6 a1f6 g5f6	2335	000g0p0r111e1h1l1w
po0WH	r3r1k1/pp3ppp/2pq4/8/BnNbR3/7P/PPP2PP1/R2Q2K1 b - - 1 18	d4f2 g1f2 d6f6 d1f3 e8e4 f3f6 g7f6	2335	050g0y191g1n1w
psR4C	5rk1/p4ppp/1r2p3/1Bbq4/Q7/2B5/PPK1NPbn/R5R1 w - - 0 20	g1g2 d5g2 a1g1 g2g1 e2g1	2335	010d10191n
qO740	2kr2r1/bpp2p2/p2p3p/P5q1/1P1PP3/2P2Pnb/2QN1RBP/R5K1 w - - 0 26	g2h3 c8b8 h2g3 g5g3 h3g2	2335	010h0t0w1019
rDlV9	8/7p/K1k3p1/2b2p2/P1P1p2P/4B1P1/5P2/8 b - - 0 40	c5e3 f2e3 h7h6 a6a5 c6c5	2335	080g0p101l
rJewt	4r1k1/p1p2ppp/2P5/3P4/2QKNq2/3B4/Pr4PP/R6R b - - 3 22	e8e4 d3e4 f4f2 d4c3 f2d2	2335	101316191n1u
rijLK	2kr1b1r/pp1b2pp/5n2/2pN1q2/8/5B2/PP3PPP/R1BQR1K1 b - - 0 15	d7c6 g2g4 f5g6	2335	0g11121c1o1r
sQlXG	5rk1/5ppp/3Qb3/p2BN2q/3P4/P1r3P1/2P4P/R4R1K b - - 0 28	e6d5 d6d5 c3c2 d5g2 c2g2	2335	0g1019
sai4K	6rk/pp3qp1/2p1p1Rp/5p1Q/3PpP2/2P1P2P/PP3P1K/8 b - - 0 25	g8f8 g6h6 g7h6 h5h6 h8g8	2335	0g0p101l
ukh8F	7k/6qn/3Q1pr1/1p6/1P2r1NR/2P3PP/7K/8 w - - 0 41	d6d8 g7g8 g4f6 e4h4 f6g8	2335	0g0i0s1019
v1efo	8/p1p5/1p1k2pp/1P6/P3pPKP/8/5P2/8 w - - 0 42	h4h5 g6h5 g4h5 d6e6 h5g6	2335	0g0p101e
vxe6Z	2k1rq1r/ppp2pnp/8/4nN2/PPB5/2P2Q2/6p1/3RR1K1 w - - 0 24	e1e5 e8e5 c4a6 e5e1 d1e1	2335	0g10191n
vxssR	8/1Q4pk/p1p4p/P4K2/1P2P3/5Pq1/8/8 b - - 0 39	g3g6 f5f4 g6g5	2335	0n0p13151i1o
wXvbu	r1bqk2r/pppp1ppp/2n5/2b1N3/4n3/6P1/PPPP1PBP/RNBQ1RK1 b kq - 0 6	e4f2 f1f2 c5f2 g1f2 c6e5	2335	010y101c
wtsBB	r4rk1/3b1ppp/p2qp3/1p1nN1P1/2pP1P2/P2BP3/1P5P/R2Q1RK1 w - - 1 17	d3h7 g8h7 d1h5 h7g8 f1f3	2335	050g0h0y10191n
0gP2J	r1b3k1/ppp2p1p/2p5/8/3q2p1/2PPr2P/PP4PK/RNBQ1B1R b - - 3 17	e3h3 g2h3 d4f2 f1g2 g4g3	2336	0d101316191n
2V2Bt	2r2r1k/p5q1/1p2Q3/5B2/2pP4/1P3bP1/P4P2/R3R1K1 b - - 0 28	c8c6 e6c6 f3c6	2336	0g191o
36tfz	8/pp2R3/3P1r2/6k1/5p1p/5P2/PP6/2K5 w - - 9 45	e7e5 g5g6 d6d7 f6c6 c1b1 c6d6 e5e6 d6e6 d7d8q e6e1 b1c2	2336	000g0i0p1h1m1w
3j7YY	rn1qkr2/pppbbpQ1/7p/3PNp2/7P/8/PPP2PP1/RN2KB1R b KQq - 0 11	e7f6 g7g3 f5f4 g3f4 d8e7	2336	01101c
48Jqt	r2r2k1/1pQP1pb1/6p1/PN6/2NPp1n1/B3P2p/4qP2/4RRK1 b - - 1 28	e2f3 c7g3 h3h2 g3h2 g4h2	2336	000g0y101119
7Amlq	6k1/Rb3p2/3p1PP1/1pp1r2q/6Q1/Pp6/1P6/1K6 w - - 0 42	a7a8 b7a8 g4c8 e5e8 c8e8	2336	0p0s101113161n
7Wjb4	r1bq3r/ppk2p1p/1n4p1/8/2PQ4/1P6/P4PPP/R3K1NR w KQ - 3 17	d4c5 c7b8 c5e5 d8c7 e5h8	2336	0g0i1019
7bwnW	4rk2/p3r1p1/1p1R1p2/2pB1P2/3n2P1/P6P/1P1R1K2/8 b - - 3 33	e7e2 d2e2 e8e2 f2f1 f8e7	2336	0g0p0r10
BUE03	r4r1k/pp4p1/8/2Q1b3/4BP2/6qP/PP4P1/1R3R1K b - - 0 31	f8f4 f1f4 g3f4 c5g1 f4e4	2336	011019
CMrc9	8/4R1pk/7p/4K2P/5RP1/5r2/6r1/8 b - - 1 83	f3e3 e5d4 e3e7	2336	0g0p1m1o1p
CUs3T	4Q3/p4r1k/1p1P2p1/5p2/2b5/1P1p4/P1r2PPP/R5K1 b - - 0 27	d3d2 e8e3 f5f4	2336	00010p1o
EkETh	4N3/p6p/1p2B1pk/8/3bP3/6QP/PP1q4/5K2 b - - 8 30	d2d1 f1g2 d1e2 g2h1 e2e4	2336	0g0p0r10
EkICs	8/8/8/6Kp/5p2/6kP/6P1/8 b - - 1 51	h5h4 g5f5 f4f3 g2f3 g3h3	2336	0g0i0p10111e1l1z
Ewkkb	5k2/p6R/7N/2p1Pbp1/7r/1P4K1/P7/8 w - - 2 41	h7h8 f8g7 h6f5 g7h8 f5h4	2336	0g0p0r0s10
FY7m1	1n1k2r1/1Bp4q/p2bp3/4n3/NP6/P7/4QRP1/3R2K1 b - - 2 30	h7h2 g1h2 e5f3 h2h3 g8g3	2336	050k0m101316191d1n1x
Fx161	1r1q1rk1/1b3ppp/3bp3/p1pn4/P1N5/1P1P4/1BP1QPPP/RN3RK1 b - - 4 16	d6h2 g1h2 d8h4 h2g1 d5f4 e2e5 f7f6 e5f4 h4f4	2336	01050y1c1n1w
GaTXO	r2qkb1r/pppb1ppp/2np1n2/3N1P1Q/4P3/1B1P2P1/PPP4P/R1B1K2R w KQkq - 3 14	d5f6 d8f6 c1g5 g7g6 g5f6 g6h5 f6h8	2336	050g1c1w
JNjTv	5b2/p2k4/8/1N2p2p/2P1P1pP/1P1P2P1/5K2/8 b - - 0 38	f8b4 d3d4 a7a6 b5c7 d7c7	2336	0g0p101l
KX6L6	1br4k/1b3prp/1p3p2/p2p4/P2N4/1P1q2PQ/5P1P/2R1R1K1 w - - 0 25	c1c8 b7c8 e1e8 g7g8 e8g8 h8g8 h3c8	2336	01050s191w
Ln8pt	7k/6p1/p1R4p/P7/4P3/2P2pKP/3rr1P1/6R1 b - - 2 38	f3f2 g1f1 e2e3 g3f4 e3e1 f1f2 d2f2	2336	00010p1m1w
N9hNb	r2q1r1k/5ppn/p3pn1p/1p2N1bQ/2pP4/2P3B1/PP2RPPP/4R1K1 w - - 8 30	h5f7 f8f7 e5f7 h8g8 f7d8	2336	010s10191n
OT2WL	r2b2kr/3q2p1/3p1pQ1/pp1bpP2/1Pp3RN/2P1B2P/P4P2/R5K1 w - - 4 26	a1d1 h8h7 d1d5	2336	01191o
Ofpll	8/8/8/4p2p/3k2PP/5K2/8/8 b - - 0 52	e5e4 f3e2 h5g4 h4h5 d4e5 e2e3 g4g3 h5h6 e5f6 h6h7 f6g7 h7h8q g7h8	2336	0g0i0p1e1w
PHaP2	2k1r3/pp3Q2/1np4P/2K5/4r3/2P5/PP1R4/8 b - - 0 42	b6a4 c5d6 e8d8 f7d7 d8d7	2336	0p101316
SKDPu	8/5p2/2k1p3/3pP2P/6K1/3n4/5P2/8 w - - 1 50	f2f4 f7f6 h5h6 f6e5 h6h7	2336	000g0p0z101l
SKT8D	2r1r3/pp2kp2/3q1b1R/4N3/P2P4/2P2Q2/6PP/6K1 w - - 3 28	h6f6 d6f6 f3b7 e7f8 e5d7 f8g7 d7f6	2336	010s191w
T2Huv	5r1k/pb1n4/1p2p2p/2p1b3/4N1Q1/2PBK3/PP5q/R5R1 w - - 0 29	a1f1 e5f4 f1f4 h2f4 g4f4 f8f4 e3f4	2336	0g191w
TbC8l	1nkr3r/5p2/b1p1p3/1p1pPp2/pP1P3q/P1QN2NP/2P2P2/R3RK2 b - - 5 25	f5f4 g3h1 f4f3 e1e3 h4h3	2336	011019
UBTMW	8/4R3/1pk4P/p2p2K1/P1p1p3/2r5/8/8 w - - 0 70	h6h7 c3g3 g5h4 g3g1 e7e6 c6d7 e6h6 g1h1 h4g5	2336	000g0h0p1m1w
V3yRt	8/8/4n2p/1pk2p2/p4PpP/PP1K2P1/4N3/8 w - - 0 45	b3a4 b5a4 e2c3	2336	0g0p0z1o
V9gut	r7/7k/3Npp1p/1p5P/pPpP1P2/2Q1P2R/2PK4/6rb b - - 2 31	a4a3 h3h1 g1h1 d6c4 a3a2	2336	000g0p10
XCyOe	r6k/p1p1b1pp/2p3q1/4P3/3Q4/5r2/PPPB2PP/R3R1K1 b - - 1 19	a8d8 d4e4 e7c5 g1h1 f3f1 e1f1 g6e4	2336	0g0i191g1w
XnQWK	r1b1k2r/pp3ppp/1q1p1n2/4p3/1b2P3/B1N4P/2P1NPP1/1R1QKB1R b Kkq - 3 12	f6e4 d1d3 b6f2 e1d1 e4c3 e2c3 b4a3	2336	01040s1c1g1w
Ym5WL	2k5/ppp2r1p/7p/3P4/3np2q/8/PP3PPP/RN2QRK1 b - - 2 16	d4f3 g2f3 f7g7 g1h1 h4h3 f1g1 h3f3 g1g2 f3g2	2336	0y1318191n1w
ZYSPB	2k3rr/Qpp4p/2q1p1b1/3pP3/P7/5P2/1PP1B3/2KR2R1 w - - 1 22	g1g6 h7g6 e2b5 c8d8 b5c6	2336	0g10191n
a3Te2	2bqk2r/Q4ppp/p3pn2/1p1pP1N1/1b6/1B6/PPpB2PP/RN2K2R b KQk - 2 14	c2c1q e1e2 c1c7 a7c7 d8c7	2336	000g10191g1h
aRbtv	r1b4r/p2np2p/k1n1N1p1/1pP5/5B2/3Q4/P4KPP/7q w - - 1 23	e6c7 a6b7 d3b5 d7b6 b5a6 b7b8 c7e6 c6e5 f4e5	2336	070i0j0k0s1318191w
cEQTG	8/p4p2/3k2p1/PP1p1nP1/3K4/3B4/8/8 w - - 1 48	d3f5 g6f5 a5a6 d6c7 d4d5 f5f4 d5e4 f4f3 e4f3	2336	0g0p1w
cQfWF	4r2r/1p2bkpp/1p1pN3/8/2Q2B2/8/P3KPqP/8 w - - 2 24	e6d8 f7f6 c4f7	2336	0k0m1315191o
cut3T	8/1p6/p1p5/P3k1pp/1P2p3/2P1K1PP/5P2/8 w - - 0 32	c3c4 e5f5 e3d4	2336	0g0p1e1l1o1z
dPrHs	r1bqr1k1/pp5p/2pB2p1/2P1bp2/4p3/6P1/PPB2P1P/R2Q1RK1 w - - 0 18	c2b3 c8e6 d6e5 d8d1 b3d1	2336	010v0w1019
dfQhK	4R3/1p4k1/1r1p2p1/p4pP1/5P2/1r6/1P5R/1K6 w - f6 0 46	h2e2 b3b2 e2b2 b6b2 b1b2	2336	0g0p101l1m
f2VgD	3r2k1/p4p1p/3b1np1/1pp5/4PB2/P1P3NP/1P3P2/R5K1 w - - 1 22	f4d6 d8d6 e4e5 d6e6 e5f6	2336	0g0p0s10
gbdUc	rnbqk2r/ppp2ppp/3b4/8/2P3n1/4P1P1/PP3P1P/RNBQKBNR b KQkq - 0 6	g4f2 e1f2 d6g3 h2g3 d8d1	2336	04050g0j101c
gdyQi	r3k2r/pp3pp1/2p1b2p/3pb1qB/1P6/P1NQ4/2P2PPP/4RRK1 w kq - 2 18	f2f4 g5h5 e1e5 h5h4 f4f5 e8g8 f5e6	2336	010s191w
h9e4I	r4rk1/1b3p1p/2N1p1pP/p5q1/P1pQ4/1pP5/1P4P1/2KRR3 w - - 6 27	c1b1 f7f6 d4d7 f8f7 c6e7	2336	010h1019
hUHrD	r3kN1r/ppp1q1p1/2n4p/3nPp2/6b1/1BPQ4/PP3PPP/RNB1K2R b KQkq - 0 12	c6e5 e1g1 e5d3	2336	0g191o
hVkzD	r4rk1/ppp3b1/4q1p1/8/4b3/2P1PNQ1/PP2BP2/2KR3R b - - 8 21	e6a2 h1h4 g7c3 g3g6 e4g6	2336	011019
hZwyw	8/1Nk5/P1P5/1K4p1/6P1/8/8/4r3 w - - 3 45	a6a7 e1e8 b7c5 e8a8 c5a6	2336	000g0p10111l
hagXP	r1b2r2/1pp2p1p/3q4/p2pp2R/3PkN2/3RP1P1/PPP3P1/2K5 w - - 2 22	f4e2 e5d4 e3d4 d6h6 h5h6	2336	0110191l
jwZkl	7k/1RR5/7p/3Q2p1/3Pp1n1/r3P1P1/5NPq/5K2 b - - 0 30	h2g1 f1g1 a3a1 b7b1 a1b1 c7c1 b1c1 f2d1 c1d1	2336	051318191n1w
lIOYU	3r1rk1/1b1q1ppp/p1n5/1p1B2N1/1P3B2/P6P/1b3PP1/2RQ1RK1 w - - 3 19	d1c2 g7g6 d5c6	2336	01191o
lSpor	1rb2rk1/pp3ppp/4pq2/8/4B3/8/PP1Q1PPP/R4RK1 w - - 2 15	d2d6 b8a8 e4h7 g8h7 d6f8	2336	010i0y1019
lWDLk	r4rk1/1p1bn1bp/pqn1p1p1/3pP3/N4B2/3B1N1P/PP1Q1PP1/R3R1K1 b - - 6 17	b6b4 d2b4 c6b4 a4c5 f8f4	2336	010b101119
mdB5B	8/8/2p2k1p/p5p1/P1P1K1P1/1P6/8/8 w - - 0 37	b3b4 a5b4 a4a5 b4b3 e4d3 b3b2 d3c2 b2b1r c2b1	2336	0g0p1e1l1w
meqNI	1r1q1rk1/3bppb1/p2p1np1/n1p5/2B5/PP2PNN1/1BQP1PP1/1R2K2R w K - 1 16	b2f6 a5c4 f6g7	2336	0g11191o
oCUAc	r6k/pp4p1/2p1Bqbp/8/5nQ1/1P5P/P4PP1/3RR1K1 b - - 6 27	g6h5 g4f5 h5d1 f5f6 g7f6 e1d1 f4e6	2336	0b0g191p1w
oeUNN	r1b2rk1/p1q1n1pp/2pb4/4pp2/2P5/2N3P1/PP2QPBP/R1B2RK1 w - - 2 16	c4c5 d6c5 e2c4	2336	010d1c1o
oleN7	5r1r/pp3R1p/1k6/2pB4/P3P1bP/6b1/1PPK2P1/R7 w - - 1 22	a4a5 b6a6 d5c4 b7b5 a5b6 a6b6 a1a6	2336	050j0k0o1317191d1w
pVYur	2kr4/ppp2ppp/1q3p2/2b5/3r4/3B1Q1P/PPP2PP1/3R1RK1 w - - 3 16	c2c3 d4d6 b2b4 c5f2 f1f2	2336	011019
t5mSe	4r1k1/pp1q1ppp/2p5/3p2b1/8/2P1RP1P/PBQ2PK1/8 w - - 3 22	c2f5 e8e6 e3e6 d7e6 f5g5	2336	010p10
tG7jO	8/4n3/5B2/6P1/1pk2K2/2P5/8/8 b - - 1 39	b4b3 f6e7 b3b2 g5g6 b2b1q	2336	000g0p101h1n
ulcKI	4q3/2p3r1/p2bk1P1/6Q1/2p5/2P5/1PB5/2K5 w - - 0 41	c2f5 e6d5 f5d7 e8e5 g5g2 e5e4 d7c6 d5c6 g2e4	2336	01050i0j0k0p0r111w
vtSYd	2k3r1/pbp2p2/1p1qpp2/1N1Pn2p/2P4P/1P4rB/PB2QR1K/R7 b - - 10 21	e5f3 f2f3 g3g2 h2h1 d6h2	2336	0k0m0r101316191n
w8KWD	r7/3kbQ2/p1bpp3/q7/1p6/1P5B/P1P4P/2KR4 w - - 5 28	f7e6 d7d8 d1d6 e7d6 e6d6 d8e8 d6c6	2336	010i0s191w
wTUR1	r1b1kn1r/1p3p2/1qpp1p1b/4p3/3PP2p/1BPQNN1P/PP3PP1/R3K2R b KQkq - 5 15	h6e3 f2e3 b6b3 a2b3 a8a1 e1f2 a1h1	2336	0111191p1w
wWBWw	1n4n1/p1p3k1/1p1p1qp1/4pP2/4P3/8/PPP3Q1/2K2R2 w - - 0 22	f5g6 f6g6 g2g6 g7g6 f1f8 b8a6 f8g8	2336	010p0s1w
wgKzZ	r4rk1/1pp3p1/6Qp/p1bbp3/5p2/P1BP3q/1PP2PPN/R3R2K w - - 0 19	e1e5 f8f6 e5d5 f6g6 g2h3	2336	0g1019
y2RRH	7Q/6p1/p3pb1p/3bNk2/qp3B2/3P3P/1P3PP1/6K1 w - - 5 32	h8h7 f5f4 e5g6 f4g5 f2f4 g5h5 g2g4	2336	0p13171n1w
z6y0N	6k1/5pp1/4p2p/PR2Pq2/4r3/6PP/1Q3P1K/8 b - - 2 49	e4e1 b2d2 f5e4 d2e1 e4e1	2336	010d0p10
1HAct	8/1p3k2/2P2p2/P1Q2np1/1P2K3/3N2qP/8/8 b - - 1 41	g3g2 e4f5 g2f3 d3f4 f3f4	2337	0p1013161n
1MQl6	8/5p2/6p1/2K4p/7P/1kp3P1/1P3P2/8 w - - 0 40	b2c3 b3c3 c5d6 c3d2 d6e7	2337	0g0p101e
48gqJ	2kr1b1r/ppp2p1p/2n5/4pbp1/Q1B1q3/2P2N1P/PP1P1PP1/R1BK3R w - - 0 11	h1e1 e4f4 d2d4 f4f3 g2f3	2337	0g101c1t
4aSoZ	2kr4/pp4pR/3qp3/4n3/2p1QB2/1P3PP1/P1P5/2K3N1 b - - 1 23	d6a3 c1b1 d8d1 f4c1 a3c1	2337	10131619
5YU8T	r4rk1/1Np3p1/p1bqp2p/5p2/3P3b/3QPB2/PP3PPP/R3K2R b KQ - 0 17	c6b7 f3b7 d6b4 d3c3 b4b7	2337	010s1019
6YtCM	r1b1k2r/pp1n1ppp/2p1pn2/q2p2B1/1bPP4/1QN1P3/PP1N1PPP/R3KB1R b KQkq - 6 8	d5c4 d2c4 b4c3 b3c3 a5g5	2337	01101c
77iey	r4rk1/p1p3p1/3p3p/4pnq1/2P5/P3PR2/1PP1Q1PN/5RK1 w - - 0 19	e2f2 e5e4 f3f5 f8f5 f2f5	2337	0g0w10191l
7luRS	6k1/1pN3r1/1P1p1n2/3Pp2p/4Pp1n/1Q3Pqb/1P3RP1/2R1NBK1 b - - 8 32	f6g4 f3g4 g3b3	2337	0111191g1o
8HKuE	r3kbr1/ppp5/2np1p2/8/3P1p1q/2P4b/PP1NBPP1/R2QR1K1 w q - 0 18	e2c4 f8e7 c4g8	2337	010j0k1c1o
ATbEd	6R1/2B5/8/P2p4/3P4/4K3/r4p2/5k2 b - - 5 73	f1e1 c7g3 a2a3 e3f4 a3g3 g8g3 f2f1q	2337	00010p1h1w
Blx7I	7r/5Q2/p5p1/1pp1p3/4P2q/2PPkP2/PPK5/R4B2 b - - 6 38	h4f2 c2b3 h8h2 a1e1 f2e1	2337	0d0g0p101l
Bvz9x	5k2/8/6K1/5P2/7p/7r/R7/8 w - - 0 49	a2a8 f8e7 f5f6 e7e6 a8e8	2337	0g0p0r101m
CYbyT	r3kb1r/pppq1p1p/3p1n2/6p1/3PPpb1/P1N2B2/1PP3PP/R1BQ1RK1 w kq - 0 11	c3d5 e8c8 d5f6	2337	0g1c1o
F7Qw7	8/p5p1/6k1/6B1/1K3PPP/2p5/P4b2/8 b - - 1 34	f2h4 g5h4 c3c2 f4f5 g6h6	2337	00080g0h0p101n
FaUrG	1k2r3/ppp2p2/2prbBp1/8/8/3PQB1P/2q2PP1/R5K1 w - - 0 25	e3a7 b8c8 a7a8 c8d7 a8e8 d7e8 a1a8 e6c8 a8c8 e8d7 f3g4 d6e6 c8d8	2337	051318191d1g1k1n1w
GREuJ	r4rk1/pp3ppp/8/1q3b2/8/2P1B1Q1/P1P3PP/3R1RK1 w - - 6 19	c3c4 b5c4 f1f5	2337	0g0i191o
Ir4he	1kr5/1p2b2p/8/8/r4PP1/3B3P/P1P5/1KR1R3 b - - 1 40	a4b4 b1a1 e7f6 e1e5 b4f4	2337	010p101g
J7iBl	4k1r1/1rp1qp2/p1np4/1p1n2pp/3pP3/2P3Pb/PP1NQP1N/R3R1K1 w - - 0 19	e4d5 e7e2 d5c6 e2e1 a1e1 h3e6 c6b7	2337	000111191g1n1w
JL3Ej	r1b1k2r/p3ppbp/1q4p1/6P1/4nP2/1P2Q3/P1P4P/2KR1BNR w kq - 0 19	e3b6 a7b6 f1b5 c8d7 b5d7 e8f8 d7c6 e4c3 c6a8	2337	010s191w
JjRp5	8/7p/8/K5p1/1pk3P1/7P/P7/8 w - - 0 58	a5b6 h7h6 b6c6 b4b3 a2b3	2337	0g0p101e
JnPYx	4rrk1/1bq3bp/p1npR1p1/1p6/3P1p1B/2PQ1N2/PP1N1PPP/4R1K1 b - - 2 21	c6e5 e6e5 d6e5	2337	01191o
KVQd9	8/8/4P1pk/p6p/1rRN3K/1P4P1/5n2/8 w - - 3 45	d4f5 g6f5 c4b4	2337	0g0p1o
KmuDa	4r2k/2R4p/p4bp1/1p3n2/1P3P2/P4nBP/B3NP2/5K2 b - - 0 31	f3d2 f1e1 f5d4 e1d2 e8e2 d2d1 e2a2	2337	0g191p1w
L7IbR	rn1q1rk1/pbp2ppp/1p1b2n1/3B4/8/1P2PN2/PBP2PPP/RN1Q1RK1 b - - 4 10	b7d5 d1d4 d8f6 d4f6 g7f6	2337	011019
LKxCD	3r2k1/1r1P1pp1/2b4p/1p3B2/2p5/7P/1P3PP1/3RR1K1 w - - 1 30	e1e8 d8e8 d7d8q	2337	000g0p111h1o
Lbu5Z	8/8/8/2N1p2p/4P3/4k3/2K5/8 b - - 3 55	h5h4 c5d3 h4h3 d3e5 e3f4	2337	0g0p0z101l
LlsJP	8/8/7p/pQ2kpp1/8/P1P4P/1P2pqP1/7K b - - 5 50	e5f4 b5b8 f4e4	2337	0g0h0p1i1o
Ln7TH	1kb3r1/p1b1qp2/1p4p1/3p3Q/8/1P2PB2/PB3P2/2R4K w - - 0 32	h5d5 e7h4 h1g1 h4h2 g1f1 c8a6 c1c4	2337	0g191w
MULJD	4Q3/p1p2p1k/5rp1/2p5/8/1P1B1qPp/P1P1RPbP/6K1 b - - 3 29	g2f1 e8e4 f1e2	2337	0g0p1o
McUrd	5r1k/pp6/4R2p/4b1p1/2B4P/1P1Q2P1/P2B3K/q7 b - - 0 32	f8f2 h2h3 a1h1 h3g4 h1d1	2337	0g1019
N4q0M	8/8/1p4p1/P3k1pp/P2pP3/3K3P/6P1/8 b - - 0 40	b6a5 g2g3 g5g4 h3h4 g6g5 h4g5 h5h4 g5g6 e5f6 d3d4 h4h3	2337	0g0p1e1w
O2mvc	2b5/3pkp2/pp4p1/1P1B3p/P3PP1P/4K3/6P1/8 w - - 0 31	a4a5 b6a5 b5b6	2337	01080p1o
P0Ngl	rn3qk1/1p1p2p1/p1n1p2p/4P2Q/8/8/2P2PPP/R3KB1R b KQ - 0 18	f8b4 e1d1 b4d4 f1d3 d4a1 d1d2 a1a5	2337	0g0s191w
QQNuG	r4rk1/pp1B1ppp/8/2b4Q/2b5/2N5/Pq3PPP/3RR1K1 w - - 0 19	h5c5 b2c3 d1c1 c3d2 e1d1	2337	0d0g1019
STz1l	r2r4/1q3pp1/p1k1b2p/RpB1P3/1P1P3Q/2K5/6PP/R7 w - - 2 28	a5a6 a8a6 h4d8	2337	0g0i11191o
SVWSu	2k4r/5p2/Pqp1p3/4P3/7r/5PK1/4Q1P1/R4R2 b - - 3 39	h8g8 g3h4 b6d8 h4h3 g8h8 h3g4 d8h4	2337	0p13171n1w
WW1aj	3r4/2R4p/3p1p1k/p2Pp1p1/KpQ1P3/1P6/P2q4/8 w - - 1 49	c4f1 d2a2 a4b5 d8b8 b5a6	2337	0g0p1011
X3glM	2r1nrk1/3RQppp/p3p3/4q3/1p6/3B4/PPP3PP/5RK1 w - - 0 22	e7f8 g8f8 d7f7 f8g8 f7f8	2337	050j0y101316191n
XpBQV	8/5k1r/3q1p2/1p3P2/4P3/7r/PQR4P/6RK b - - 1 37	d6f4 g1e1 f4f3 h1g1 h3g3 c2g2 g3g2 b2g2 h7g7 g2g7 f7g7	2337	0g0p0s111g1w
YXBaS	1Q5R/4kpp1/2q5/pp2p1P1/3bN3/P4PK1/8/2r5 w - - 7 38	h8e8 c6e8 b8d6	2337	0p13151n1o
ZwyKE	r2r1k2/p3qppB/bpn1p2p/1R4NQ/8/8/P1P2PPP/4R1K1 w - - 4 21	b5f5 e6f5 e1e7	2337	0g191o
bRRvk	4r1k1/p1p3pp/2P5/pP1R3r/P4Pq1/6P1/6QP/3R3K b - - 0 35	e8e2 d5h5 e2g2 d1d8 g8f7 d8d7 f7f6	2337	0g0h0p1w
cDpjU	1r5r/p3ppkp/3p2p1/1Pq3nP/5Q2/1P6/2P1B3/1K3R1R w - - 0 27	h5h6 g7f8 h1g1	2337	01191o
cqObP	2kr4/ppp1bpp1/8/2P4p/4qP2/3rB3/PPQ3PP/R3R2K w - - 5 21	e3g1 e4d5 e1e7 d3d2 c2e4 d5e4 e7e4	2337	010j191l1p1w
dIp68	rnbq3r/pppkb2p/6p1/3pP2Q/8/3B2P1/PPPN1PP1/R3K2R w KQ - 0 13	h5g4 d7e8 d3g6 h7g6 h1h8	2337	0g1019
exEwy	4r1k1/2R2pp1/p3qn1p/1b1p4/1P1Q4/P1B3P1/2B2PKP/8 b - - 9 30	e6h3 g2h3 b5f1 h3h4 g7g5	2337	0510111316191n
f7P21	8/8/2k4p/p1P1p2P/2K2p2/P5P1/8/8 w - - 0 42	g3g4 e5e4 c4d4 f4f3 d4e3 c6c5 g4g5 h6g5 h5h6	2337	0g0p111e1l1n1w
hKSJv	2qr1b1k/6p1/p2P1p1p/1p2pn2/1P2B3/PQ4P1/1B3P2/3R2K1 w - - 1 30	d6d7 d8d7 d1c1 c8c1 b2c1	2337	000g1019
hVkb3	4rrk1/ppp2pp1/3p2bp/2b5/5Q2/2BB4/qPP3PP/2KRR3 w - - 4 19	d3c4 e8e1 d1e1	2337	01191o
hafsg	8/4k3/3p2K1/3Pn3/2p1N2P/8/8/8 w - - 2 52	g6g7 e5d7 h4h5 d7f6 h5h6 c4c3 e4c3	2337	0g0h0p0z111l1w
i01hs	8/7k/6pp/2K2P2/6P1/8/8/8 w - - 0 64	c5d6 h7g7 d6e7 g6f5 g4f5 h6h5 f5f6	2337	0g0p1e1w
j1CGW	rn1qk2r/pbppbpp1/1p2p2p/8/3Pn2B/2NB1N2/PPP2PPP/R2Q1RK1 w kq - 0 9	d3e4 b7e4 h4e7 d8e7 c3e4	2337	01101c
jhD9i	8/5k1p/p1P5/8/P2pR3/4p1PP/2r5/5K2 b - - 6 42	d4d3 e4e3 c2c1 f1g2 d3d2	2337	000g0p0r101m
kOfqX	1R6/8/8/7P/2k3K1/8/1p1r4/8 b - - 2 50	d2d4 g4g3 d4d3	2337	0g0p1m1o
kiIkU	8/8/3p4/2p1k1p1/1PK1Pp1p/5P1P/6P1/8 b - - 0 41	c5b4 c4b4 e5d4 b4b5 d6d5 e4e5 d4e5 b5c5 e5e6	2337	0g0h0p1e1w
lKJcZ	8/1r6/1P1k4/1R6/7K/6p1/8/8 b - - 0 55	g3g2 b5b1 b7h7 h4g3 h7h1	2337	000g0p101m
mYJch	8/5K2/8/4kppp/8/5P1P/5P2/8 w - - 0 43	f7g6 g5g4 f3g4 h5g4 h3g4 f5g4 g6g5	2337	0g0p1e1w
mpCtL	r1bq1rk1/ppp2ppp/2n1P3/6N1/1bpP2Q1/8/P4PPP/RNB2K1R w - - 0 13	g4h5 h7h6 e6f7 f8f7 h5f7	2337	00010y101c
mt58H	8/7p/1p3k2/p1pp2p1/P2P2P1/1PP1K2P/8/8 w - - 1 35	d4c5 b6c5 b3b4	2337	0g0p1e1o
nTXWL	r3r1k1/p4Rn1/2p3Q1/3p4/3q4/2N5/PPP3K1/R7 b - - 3 28	e8e6 g6g7 d4g7 f7g7 g8g7	2337	0g0r101119
nteiQ	r3rb1k/p1qn1Q1n/7p/3p3P/Np1P3B/1p2PP2/P7/2K3RR w - - 1 27	a4c5 h7g5 h4g5 h6g5 g1g5 f8h6 g5g6	2337	0g0h1112191r1w
qmCJi	r1b3k1/4pp1p/2pr1np1/p7/2Q1P3/1Bq1BP2/P1P2KPP/R6R b - - 1 17	f6g4 f2g3 c3c4 b3c4 g4e3	2337	0g1019
qzJAT	2r2r2/1p1b2kn/p2p2p1/P1qPp2p/2p1P2b/2P3NP/1P3RPN/3BQR1K w - - 14 32	f2f8 c8f8 g3h5 g6h5 e1h4	2337	0g0j1019
rqXLK	2r2r2/4ppkp/p4np1/q1n1Q3/1p4b1/P1N2N2/1PP1BPPP/1K1R3R w - - 0 17	a3b4 a5b4 d1d4 b4b7 d4g4 c5d7 e5d4	2337	010d191g1w
sP0Hl	3r1rk1/3n1pp1/p4n1p/q1pNP3/1p3P2/7P/PPPQ2P1/1K1R1B1R b - - 0 17	f6d5 d2d5 d7e5	2337	01191o
tsWkn	5rk1/p5rp/1pR1pq2/3pN3/1P1PnR2/P3Q1P1/7P/7K b - - 0 31	e4g3 h2g3 f6h6 h1g2 h6f4 e3f4 f8f4	2337	010y191g1n1w
v01RN	4rrk1/p5p1/2P1p1q1/3pQ1P1/5P1n/P4B1p/5R1P/3R2K1 b - - 0 29	h4f3 f2f3 g6c2 f3h3 c2d1	2337	0g0y101119
vpFXx	r2q1rk1/pp1b1pbp/4pnp1/4N3/2B5/2N5/PP2QPPP/R2R2K1 w - - 0 14	e5d7 f6d7 c4b5 d7e5 d1d8	2337	011019
y7QDv	r1b2Q2/pppk1p1p/8/4p3/2B1K3/6q1/PPPP4/R1B5 b - - 3 15	g3f4 e4d3 f4f3	2337	1315191o
yY2RT	6k1/pp6/7p/1P1q1p2/P2P2p1/B1Q1PnP1/6KP/2R5 b - - 0 40	f3d4 e3e4 d5e4 g2g1 d4e2 g1f2 e2c3	2337	0g0j0k0p0s1w
0gKqm	Q7/pp1kP1pp/2pP1p2/8/6K1/4q3/PP5P/R7 b - - 7 39	h7h5 g4f5 e3d3 f5f4 g7g5	2338	0p101316
0vpeP	8/p7/3k3p/3p2p1/1P1Pp1P1/P3K2P/8/8 b - - 0 37	a7a5 b4b5 a5a4	2338	0g0h0p1e1o
11Qpf	8/1p6/p2Pnkp1/8/2r5/8/P4PB1/4R1K1 w - - 1 33	e1e6 f6e6 g2d5 e6d5 d6d7 c4c6 d7d8q	2338	00050g0p1h1n1w
161CP	r7/1p2bk1p/p2p4/5q2/3B1P2/2N2Q2/PPP5/R4nK1 b - - 1 21	f1d2 f3b7 a8g8 g1f2 f5f4 f2e2 f4d4	2338	010r0s191w
234bO	8/8/6k1/4p3/3n2P1/6K1/8/2B5 b - - 2 45	d4e2 g3f3 e2c1 f3e4 g6f6 g4g5 f6e6 g5g6 c1b3	2338	0g0h0p0s1w
2rieR	8/1k6/4Kp2/5P1p/1P4p1/8/7P/8 w - - 0 47	e6d5 h5h4 d5e4 b7c6 e4f4 g4g3 h2g3 h4h3 f4f3 c6b5 g3g4 h3h2 f3g2	2338	0g0p1e1l1w
363Y9	r1b2k2/pp3ppp/8/2pp4/P2n4/R2Q4/1P3PPP/1N2rBK1 b - - 1 18	c8f5 d3d2 d4e2 d2e2 e1e2	2338	0g0y1019
49Usi	2r3k1/3R1rpp/4p3/1p2P1Q1/2q5/8/6PP/3R2K1 w - - 11 30	d7f7 c4c5 f7f2	2338	0g0h0p111o
4pZxp	8/1p2n1pQ/5p2/6k1/2qP4/7P/rP1K1PP1/8 w - - 5 38	f2f4 g5f4 h7h4 f4f5 h4g4	2338	050p101316
4svou	r5k1/p6p/1pP1Pqp1/7b/2P1Q1n1/2NB4/PP4PP/R5K1 b - - 1 23	f6f2 g1h1 f2h4 h2h3 g4f2 h1h2 f2e4	2338	0g0s191w
5rCJG	r1b2rk1/1p2qppp/2p1p2n/p2BB1N1/3P2P1/7P/PPP1QP2/2KR3R b - - 0 15	e6d5 g5h7 g8h7	2338	0111191o
78Bb5	2r3r1/p1p5/1p6/1k6/1N1Q4/2P3pP/P1P1Kp2/q7 w - - 4 36	d4d3 b5a4 d3a6	2338	0p13151o
7G8ok	5Q2/4r2p/6p1/R4pk1/1p1q4/7P/P3r1P1/5R1K w - - 0 38	f1f5 g6f5 f8f5 g5h6 f5g5	2338	0p1013161n
7Pfgw	1Q6/6p1/6p1/2p5/2P2p2/5P1P/2k1K1P1/1q6 w - - 0 50	b8b1 c2b1 e2d3 b1a2 d3e4 a2a3 e4d5 a3b4 h3h4 g6g5 h4h5	2338	0g0h0p1i1l1w1z
7ffTh	8/2rn1p1k/6pp/3Qb3/b2pP3/1p1P2PP/1P1N1R1K/qB6 w - - 1 56	f2f7 e5g7 d5d4 d7f6 f7c7	2338	0g1011191g
82KuO	r7/pp2rkpQ/n1p2q2/5P2/6P1/8/PP1R3P/2K2R2 w - - 4 27	g4g5 f6g5 f5f6 e7e1 f1e1	2338	0g10191g
8MmqA	4r3/6kp/3Qpp2/p2p4/P1p1qP2/4P3/8/KR6 w - - 0 39	d6d7 g7f8 b1g1	2338	0g0h0p0s1o
8NYJ0	8/P3r3/3Q1pk1/4p1p1/2ppb3/8/1q4PP/5R1K w - - 0 38	d6f6 g6h5 f6h8 e7h7 h8h7 e4h7 a7a8q	2338	00010p0s1h1w
9IwPS	8/Bk6/1P1p3p/4pK2/3b2P1/7P/8/8 b - - 1 37	d6d5 f5e6 e5e4 e6d5 e4e3 d5d4 e3e2	2338	00080g0p1l1n1w
9UbMZ	8/5p2/8/4k1pp/5P2/4K1PP/8/8 b - - 0 45	g5f4 g3f4 e5d5 f4f5 d5e5	2338	0g0p101e
9o8n3	2rr2k1/pbq1bppp/1p2p3/2n1B3/8/1P2PNP1/P3QPBP/2R2RK1 b - - 1 16	b7f3 e5c7 f3e2 c7d8 c8d8	2338	01101119
AIU0v	1N6/p5kp/2BP2p1/5p2/8/r7/2p3PP/2R4K b - - 1 33	a3b3 c1g1 b3b1	2338	0g0p1o
AZe0L	5Q2/7p/5pp1/p5k1/8/5qP1/Pr3P1P/5BK1 w - - 4 33	f8c5 g5h6 c5c1 h6g7 c1b2	2338	010p0s10
BMMkL	r3r1k1/ppqn1ppp/2p2n2/2b5/N1b5/4PNP1/P4PBP/R1BQR1K1 w - - 2 15	a4c5 d7c5 d1d4 c5d3 d4c4 d3e1 f3e1	2338	010s191w
COkIc	3rR3/1pk5/p1p5/P2p4/1K1P4/2P5/2P5/8 w - - 1 39	e8d8 c7d8 c3c4 d5c4 b4c4	2338	0g0p101m
CjYxt	3r2k1/p3bpp1/1p5p/1bp1n2Q/1P2q3/2P1B2P/P4PP1/R3R1K1 w - - 0 18	e3c5 e4g6 h5g6 e5g6 c5e7	2338	011019
CrSVQ	8/6p1/7p/p4P2/8/6K1/P1Rk4/8 b - - 0 45	d2c2 g3g4 c2d3 g4h5 d3e4	2338	0g0p0t10
DYExN	8/6p1/4k1Pp/6p1/5K1P/5P2/8/8 w - - 0 57	h4g5 h6h5 f4e4 h5h4 f3f4 h4h3 f4f5 e6e7 e4f3 h3h2 f3g2 h2h1q g2h1	2338	0g0p0r1e1l1w
FCHXl	r2q4/4kpQ1/3p4/p3b3/2p2n2/1p6/PP3PPP/RN1KR3 b - - 1 22	f4e6 g7h7 e5b2 a2b3 b2a1	2338	0g10191t
FZmdb	6k1/ppqn3p/3pR1p1/3Q4/8/1P5P/P5PK/b4r2 w - - 0 26	e6g6 g8f8 d5g8 f8e7 g6e6	2338	0k0m0p0x101316
G1AgI	r5k1/ppqbn1p1/6r1/3p1n1N/3Pp3/PB5Q/3B1PPP/1R3RK1 b - - 0 25	f5d4 h3e3 d4f3 e3f3 e4f3	2338	0g0y10191g
Gm57Z	8/4b3/1p6/p1kPPK2/2P5/8/P7/8 w - - 1 46	f5e6 e7h4 e6d7 c5c4 d5d6 c4d5 e5e6 h4g3 e6e7 g3d6 e7e8q	2338	00080g0p1h1w
Gxjn9	8/8/2ppk2p/1p5P/p1PP1K2/1P6/1P6/8 w - - 0 39	d4d5 c6d5 c4b5 a4b3 f4e3 e6d7 e3d4	2338	0g0i0p1e1w
HSVi0	5r1k/1p3r2/pqp1RbQ1/8/3P1P1p/2P3P1/PP4K1/7R w - - 1 27	h1h4 f6h4 g6h6 h8g8 e6g6 f7g7 h6g7	2338	0r0s1317191n1w
HpG90	rnb3k1/ppp2ppp/3b2q1/8/3Nr3/2P2Q2/PP2B1PP/RNB2RK1 b - - 1 13	c8g4 f3f2 g6h5 h2h3 g4e2	2338	01101c
InvBL	2Q5/6pk/2pq3p/p2p4/Pp1PnNPP/5r2/1PP5/1K4R1 w - - 5 35	g4g5 h6g5 h4g5 f3f4 g5g6	2338	010p101n
KK1zF	2r1k2r/1p2ppb1/p2pbBp1/q7/4P1Pp/2N4P/PPPQ1PB1/1K1R3R b k - 0 15	c8c3 d2c3 a5a2 b1c1 g7f6	2338	011011191k
KNVJu	r5k1/1pp3pp/1b1pNqn1/1N1Ppr1n/p1P5/P4PP1/1PQ3KP/1RB2R2 b - - 9 24	g6h4 g3h4 f6g6 g2h1 f5f3	2338	0d0g0i10191n
L6fhk	Q7/4kp1p/2p1b1pP/1n4P1/1K6/8/1R2RP2/3q1B2 b - - 0 35	d1d6 b4a5 d6a3 a5b6 a3a8	2338	0g10191p
LlsCQ	r2r1k2/pp2n2p/4Npp1/1B3b2/5P2/2K5/P1P3PP/1R2R3 b - - 9 19	f5e6 e1e6 e7d5 c3b2 d5c7 b5c4 c7e6	2338	0g0r0s191w
MoPhR	n4rk1/p3p3/1q5p/6p1/8/8/Pb2R1PP/2RQ3K w - - 2 28	c1b1 b6f6 e2b2	2338	01191o
N6H2N	rn2r2k/pp4bp/4b1p1/2pN1p2/2B2P1B/1P3N2/P4KPP/3R4 w - - 2 20	d5c7 e6c4 c7e8 b8a6 e8g7	2338	0g0s1019
O4ORZ	8/2K5/3P4/4n3/7p/3N2k1/8/8 b - - 7 51	e5d3 d6d7 d3c5	2338	0g0p0t0z111o
OxvCN	r2q1k1r/pQp2ppp/4b3/bB1nN3/1n1P4/8/PP3PPP/RNB2RK1 b - - 4 12	a8b8 b7a7 b8b5 b1a3 a5b6 a7a4 b5a5	2338	010d191p1w
PVRqZ	8/1p6/p7/8/1kr4K/7P/6P1/2R5 w - - 0 54	c1c4 b4c4 g2g4 c4d5 h4h5 d5e6 h5h6 e6f7 h6h7	2338	0g0h0p1l1m1w
PcD7K	2r5/4kpp1/2B4p/3PPP2/p7/6PP/r7/4R1K1 w - - 0 31	d5d6 e7f8 e5e6 f7e6 f5e6	2338	0g0p10
QOO9F	r2r4/1P1PR3/8/P7/K7/3k4/5p2/8 w - - 0 68	b7a8q d8a8 e7f7	2338	000g0p11121h1o
QjEBR	1r4k1/2p2pp1/3p3p/2nPp3/2P5/pN1P3P/P3KPP1/1R6 b - - 2 27	b8b3 a2b3 a3a2 b1a1 c5b3	2338	000g0p101n
QnpWy	r3r1k1/pp3ppp/8/2PR4/1Pqn4/P1N3QP/5PP1/3R2K1 b - - 0 21	c4d5 c3d5 d4e2 g1h2 e2g3	2338	010s10191n
UOW2Z	1R5r/5p2/3Qpk1q/3P2r1/8/5P2/P4RPP/6K1 b - - 2 35	g5d5 b8h8 h6c1 f2f1 c1e3 g1h1 d5d6	2338	010p1n1w
VRv9N	r3kb1r/pp3ppp/2n5/qNppP3/5P2/3Q3P/PPPN1PP1/R3K2R b KQkq - 2 12	c6b4 d3e2 b4c2 e1d1 c2a1	2338	0g0s1019
X61nq	4Rrk1/2q2rpp/p4p2/1p1p1N2/1PpP2Q1/P1P4P/5PP1/4n1K1 w - - 0 34	g4g7 f7g7 f5h6 g8h8 e8f8 g7g8 f8g8	2338	0i0y1317191n1w
XO9Ao	8/8/3k1ppp/1p1p4/1P1K2PP/2P5/6P1/8 w - - 1 40	g4g5 h6g5 h4g5 f6g5 g2g4	2338	0g0h0p101e1z
XaZiZ	rn2kb1r/ppp1qppp/8/8/4nB2/2N2NP1/PPP4P/R2QK2R w KQkq - 0 11	c3d5 e4c3 d5e7 c3d1 e7d5	2338	0g101c
XiyMG	r4b1r/p5pp/p4k2/3p1pN1/1n1P1n1P/1PN2P2/1P1K4/R3R3 w - - 0 21	a1a6 b4a6 c3d5 f6g6 d5f4 g6h6 g5f7	2338	0i1317191n1w
aJogf	1qr3nQ/1b2kp2/pp3Np1/3p3p/5b2/NP1B1P1P/P5P1/3R2K1 w - - 6 31	d1e1 f4e5 f6g8	2338	0g191g1o
avMBn	r5k1/2P5/3R2p1/p1pP2p1/2P1p3/6P1/P4r2/7K w - - 0 31	d6d8 f2f8 d8a8 f8a8 d5d6 e4e3 d6d7	2338	000g0p1m1w
bNVHY	5r2/R2R4/5ppk/1p2p3/3rP3/5P2/5PKP/8 w - - 5 39	d7h7 h6g5 g2g3 f6f5 h2h4 g5f6 a7a6 d4d6 a6d6	2338	0p13181m1w
bz53o	rn3k1r/pp3ppp/8/2p1q3/5N1Q/P2P4/1PP4P/2KR4 w - - 0 18	h4d8 e5e8 f4e6 f7e6 d1f1 f8g8 d8e8	2338	0i1317191g1n1w
dX6V8	8/2p5/1p3k1p/p1pP1pp1/P1P2PPP/1P4K1/8/8 b - - 1 40	g5h4 g3h4 f5g4 h4g4 f6g6	2338	0g0h0p101e1z
dY0Rn	8/6k1/8/ppp3KP/8/P1P5/2P5/8 b - - 0 59	a5a4 g5f4 b5b4 c3b4 c5b4	2338	0g0p101e1l
daobj	5k2/2Kb1pN1/2p1p3/1p5P/1P1r4/8/7R/8 w - - 1 57	h5h6 f8g8 g7h5	2338	0g0h0p1o
dlII9	4k3/p1p3bp/3P1qp1/2p1pp2/2Q5/2P4P/Pr3PP1/4R1K1 w - - 1 23	d6c7 e8d7 c4c5 d7c8 e1d1	2338	000g0h0p10
efQQO	8/p2r1p2/R2Pp3/4k1p1/PP1p2P1/5P2/7P/6K1 b - - 0 32	d7d6 a6d6 e5d6	2338	0g0p1m1o
ehOSv	8/p1p5/5N2/2k1K3/8/P4Pn1/8/8 w - - 0 41	f6e4 g3e4 f3e4 c5c6 e5e6	2338	0g0h0p0z10
ehxuM	4kr2/4bp1Q/4b3/3q2P1/5B1P/1P6/2P5/2N2RK1 b - - 0 27	e6h3 f1f2 e7c5 g1h2 c5f2	2338	0g10191g
fhY6I	r6r/pQp1nkpp/3qpp2/1B3b2/3P4/2P1PN2/P4PPP/R4RK1 b - - 1 14	a7a6 b5e2 h8b8 b7b3 b8b3	2338	0110191t
fuQo0	2k3r1/ppp1RpPp/2nr2qB/1Nb5/P1pp1Q2/5b2/1PP2PPP/R5K1 w - - 0 17	e7c7 c8b8 f4f3 g6h6 f3f7	2338	0g0w1019
gbNzS	8/p5B1/1p2k3/2p2p2/2PppKP1/8/PP6/8 b - - 1 39	e4e3 g4f5 e6f7 g7d4 c5d4	2338	080g0h0p1011
gmZQP	2r1r1k1/1bp2ppp/pnNqp3/2Q1R3/3P4/P6P/BP3PP1/2R3K1 b - - 8 22	b6d7 c5d6 c7d6	2338	0g0s191o
hKrnt	2kr4/1pp2pp1/pq5p/3r4/2Qb4/3RB3/PPP3PP/1K2R3 w - - 0 22	c2c3 b6c5 d3d4 c5c4 d4c4	2338	011019
hdxpF	r1b3k1/pp1n2bp/3p2p1/3P4/q1P1Q3/5N2/PP3PPP/5RK1 w - - 0 20	e4e8 g7f8 f3g5 d7e5 e8a4	2338	0g1019
jPKxJ	6r1/8/2k3P1/2Ppp2p/PB3p2/2P2K2/3r4/6RB b - - 0 33	g8f8 g1e1 e5e4 e1e4 d5e4	2338	0g0p0r101l
jiu8C	r5rk/1p4p1/3q1pQp/p1p4N/3bR3/3P3P/P5P1/5R1K w - - 0 29	e4d4 d6d4 h5f6 d4f6 f1f6	2338	011019
k7P0a	2kr3r/pp3ppp/q1pbp1b1/1N6/P5P1/4B3/1P2QP1P/R1R3K1 w - - 0 19	c1c6 a6c6 b5a7 c8d7 a7c6	2338	050g0i0s10191n
k9bnZ	3r2k1/2p5/5p1p/p3Q3/1p5P/1P4P1/q1P3B1/2K5 w - - 0 30	e5e6 g8g7 e6e7	2338	0g0p1o
kTn2O	2kr3R/pp2bpp1/2qp4/8/5B2/2N2np1/PP2NP2/R2Q1K2 b - - 0 24	g3g2 f1g2 f3h4 g2f1 c6g2 f1e1 h4f3	2338	00050k0m1317191w
knnX2	8/1R3P2/4K3/8/p7/k7/8/5r2 w - - 0 59	b7b5 f1f7 e6f7 a3a2 f7e6 a4a3 e6d5 a2a1 d5c4 a3a2 c4b3	2338	0g0p111l1m1w
l1QAt	8/5NR1/4kp2/8/3pKP2/1r6/5b2/8 w - - 8 59	f7d8 e6d6 d8b7 b3b7 g7b7	2338	0g0p10
lrmik	rn1q1k1r/p1p2p2/1p1p1b1p/3P4/4N1Q1/P7/1PP2PPP/R3R1K1 w - - 3 24	e4f6 d8f6 e1e8 f8e8 g4c8 e8e7 a1e1 f6e5 e1e5	2338	050d0g191n1w
m6mje	6k1/p2R1pb1/Q5p1/3Bq2p/P3n3/7P/1r3PP1/6K1 w - - 0 28	d5f7 g8h8 d7d8 g7f8 d8f8 h8g7 f8g8 g7f7 a6g6 f7e7 g8e8	2338	0g191w
n3NHV	r2q1rk1/1pp2ppp/p3p3/4Pb2/Pb2n3/2NB4/1PP1NPPP/R2QR1K1 b - - 2 13	e4f2 g1f2 b4c5 f2f1 d8h4	2338	050g10111c1n
of8PN	8/2k3p1/R2r3p/2p5/7P/4K3/P3P3/8 w - - 5 37	a6d6 c7d6 h4h5	2338	0g0h0p1m1o
pOnr2	8/p7/1p6/5ppp/1P1Qq2k/P3P3/5PK1/8 w - - 2 44	f2f3 e4d4 e3d4 g5g4 f3f4	2338	0g0h0p101i
pqEE9	5rk1/pp1bb1pp/1qn1p3/3pPr2/1P1P4/P2B1N2/6PP/R1BQ1RK1 b - - 1 17	f5f3 f1f3 f8f3	2338	01191o
qHI08	2k1r2r/2p3bp/2P5/5Pp1/3N4/3n2B1/P4P1P/R4RK1 b - - 0 27	g7d4 a1d1 d3e5 g3e5 d4e5	2338	010t1019
r9HGA	r4rk1/1p3pp1/pnpb1q1p/5b2/8/2N2NP1/PP1QPPBP/R3R1K1 w - - 8 17	e2e4 b6c4 d2e2 f5g4 e2c4 g4f3 e4e5 d6e5 g2f3	2338	010d0s191w
sTZRl	3k4/8/1p6/2pN2N1/2r2P2/5K2/8/8 w - - 0 37	g5f7 d8e8 f7d6 e8f8 d6c4	2338	0g0p0r0s10
tHXma	1r3r1k/p1R3p1/7p/8/3pb3/3B3Q/P4qPP/3R3K w - - 2 27	h3g4 f2g2 g4g2 e4g2 h1g2	2338	011019
tmgjW	4r1k1/ppp1qppp/2np1n2/4rPB1/1P6/P1P1NQ2/5KPP/R4B1R b - - 5 17	f6e4 f3e4 e7g5	2338	0g0j0s191o
uO6BR	8/8/pp5p/2p1kP2/2P1P1K1/8/P7/8 b - - 2 38	b6b5 c4b5 a6b5 g4h5 e5f6	2338	0g0p101e
uZl7k	r5k1/1R4p1/p1p2n2/6Q1/4B3/6P1/q4P1P/6K1 b - - 2 29	a2f2 g1f2 f6e4 f2e3 e4g5	2338	01050p0s1011121n
uilQ7	1r4r1/3k1pRp/p2p1P2/1pp5/3pPQ1P/3P4/qPP5/2KR4 w - - 0 25	f4g4 d7c7 g7g8 b8g8 g4g8	2338	0g0p10
vxnFS	7k/pN5p/8/8/3pP3/3n2P1/PP5P/7K b - - 0 37	d3b2 b7a5 d4d3 a5b3 b2c4 h1g2 d3d2 b3d2 c4d2	2338	000g0p0z11121l1w
xXarX	r2q1r1k/pppnp1bp/3p1Np1/5bB1/3P4/2PBQN2/PP3PPP/R3K2R b KQ - 0 11	e7f6 d3f5 g6f5 g5h6 f8e8	2338	0110191g
yCnke	8/1b2b1k1/p3p2p/1p1qP1p1/5p2/P1PQ1P1P/1PB4K/6N1 w - - 1 33	d3h7 g7f8 c2g6 d5d2 h2h1 b7f3 g1f3 d2d1 f3g1	2338	0d0g0h0p1l1w
yvaiU	8/7p/5rp1/2k1p3/2P3P1/5R1P/6K1/8 b - - 1 40	f6f3 g2f3 c5d4 g4g5 e5e4 f3f2 d4c4 f2e3 c4d5	2338	0g0h0p1m1w
z5l60	7k/2R2rb1/5Np1/8/r2Pp3/1Q2Pp2/3K1P2/q7 w - - 0 41	b3b8 f7f8 b8f8 g7f8 c7h7	2338	030r101316191n
zk4I4	r4rk1/pp3ppp/1q6/3P4/4Q3/3n4/PP3PPP/1BR1R1K1 b - - 0 21	b6f2 g1h1 f2e1 c1e1 d3f2 h1g1 f2e4	2338	010s191n1w
zx8FW	2r3k1/3b1p2/3q2pQ/pp1P3R/7P/5BP1/P4P2/2r1R1K1 b - - 0 27	c1e1 g1g2 d6f6	2338	0g0t1112191o
0F3PE	8/kp1R4/pr1p1P2/2q5/2P5/1P1pQ3/1P3P2/1K6 b - - 1 35	d3d2 b1c2 c5f5 c2d2 f5d7	2339	000g0p0s1011
1tNcu	3k4/4NR1p/3B4/3pP3/8/7K/4r1rn/8 w - - 7 39	e7c6 d8e8 f7f8 e8d7 c6b8 d7e6 f8f6	2339	0p0r13171f1w
2KuTd	r2qk2r/ppp2ppp/3b1n2/3N3b/4P3/3Q1N2/PP3PPP/R1B1K2R w KQkq - 1 13	d5f6 d8f6 d3b5 c7c6 b5h5	2339	010s101c
2bm67	7r/2p3k1/4p1p1/1bPp2p1/3P2P1/P3PRK1/3Q2R1/5q2 b - - 11 38	h8h3 g3h3 f1h1 h3g3 h1h4	2339	050p1013161n
3bRg1	8/5kP1/5b1P/p7/8/1b1K4/2R5/8 b - - 0 59	b3c2 d3c2 f6g5 h6h7 f7g7 h7h8r g7h8	2339	0g0p111w
4B1Gu	r5k1/p4ppp/bp2pn2/8/1PN2q2/2N5/P5PP/R2QR2K b - - 0 19	f6g4 d1d6 e6e5 d6e5 g4e5	2339	0g10191l
4MiY1	5rk1/1rq3pp/3b4/3Pp3/1B2Q3/5P2/6PP/RR5K b - - 0 26	b7b4 b1b4 f8f4 e4f4 e5f4	2339	0110191n
56UZd	2r4r/1p1b1k1p/p2B1bp1/1n2p3/4P3/2N3N1/PP6/1K3RR1 w - - 3 38	c3d5 b5d6 f1f6 f7e8 f6d6	2339	010s1019
6XC9Y	6k1/4qr2/p3B1p1/1pbPQ2p/8/5r2/PP4PP/2R4K w - - 0 30	g2f3 g8h7 c1c5 e7c5 e6f7 c5f2 f7g6	2339	0g11191g1w
6blZp	5rk1/5pbp/p3p1p1/1p5P/1q1r1PQ1/8/2B2PR1/6RK w - - 2 32	h5g6 h7g6 c2g6 f7g6 g4e6 f8f7 g2g6 b4f8 g6g7 f8g7 g1g7 g8g7 e6e5 g7h7 e5d4	2339	050g0i0s191g1w
6quIW	6k1/6r1/p1nq2BP/1p3P2/4p1Q1/P1P1N1bK/1P3r2/4R3 w - - 0 47	g6h7 g8f7 g4g7	2339	0g0j191g1o
6yc1D	8/5Q2/5p1k/6qP/3P1P2/6P1/2p3K1/8 b - - 0 34	g5g7 f7c4 g7b7 g2f2 b7b2	2339	0g0p101i
7Mi1V	r3k2r/bpp2p1p/p1p1b2p/P2qP2Q/1P1P4/2PB3P/5PP1/RN3RK1 b kq - 2 15	h8g8 g2g3 a7d4 c3d4 d5d4 h5f3 d4a1	2339	010s191w
7jAPW	8/6pp/8/p5P1/7P/Pkpp4/8/2RK4 b - - 1 42	b3b2 a3a4 g7g6 c1c3 b2c3	2339	0g0p101l1m
8ex6j	8/P3R3/8/8/6pp/1P1Bp1r1/2P2kPK/8 b - - 0 46	g3h3 g2h3 g4g3 h2h1 g3g2 h1h2 g2g1q	2339	000p13171h1n1w
8pbMP	8/p7/3p1p2/1p1P1PP1/1P3K1k/P7/8/8 b - - 0 50	f6g5 f4e4 h4h5 e4f3 g5g4 f3f4 g4g3 f4g3 h5g5	2339	0g0p1e1w
8vzVe	r2q1r1k/1Qp1b1pp/p2p1n2/P3p3/1P2P3/5N1P/2P2PP1/R1B1R1K1 b - - 2 19	d8d7 b4b5 a6b5 a5a6 f8b8	2339	011019
9UuKd	8/8/2k5/p1Ppp1pp/P2P4/3K1P1P/8/8 b - - 0 34	e5d4 d3d4 h5h4 d4c3 c6c5	2339	0g0p101e1l1z
AEijI	8/5k2/6p1/6R1/4KP1p/4P1r1/8/8 w - - 2 41	g5g3 h4g3 e4f3 g6g5 f4f5	2339	0g0h0p101m
Ad0y8	8/3k2KP/8/1p6/8/4P3/p6r/4R3 w - - 1 43	e1a1 b5b4 a1a2 h2a2 h7h8q	2339	000g0i0p101h1m
AxBoW	r1b2r1k/ppp3pp/2nb1q2/4ppN1/2B5/2P1B3/PPP1QPPP/R4RK1 w - - 4 14	g5h7 f6g6 h7f8	2339	011112191o1r
BbQZF	rq3r1k/ppb2pp1/2p1p2p/2P3NQ/3P4/7P/PP4P1/5RK1 w - - 5 25	f1f6 c7h2 g1h1 h8g8 f6h6 g7h6 h5h6 f8d8 h6h7 g8f8 h7f7	2339	0y1318191n1w
Bge3I	8/p2N3k/1p4bp/3p4/3r4/P3R3/1P5P/7K w - - 0 38	d7f8 h7g8 f8g6	2339	010i0p1o
CXxS0	3rr1k1/pb3pp1/1q5p/5Q2/2P2R2/1P1B4/Pb3PPP/R5K1 w - - 0 22	f5h7 g8f8 h7h8 f8e7 a1e1 b6e6 e1e6 e7e6 h8h7	2339	010y191w
Dav6a	1q3br1/4kB2/p2p1p2/7p/2Q1P3/5PP1/Pr5P/R4RK1 b - - 0 22	d6d5 c4c5 e7f7 c5d5 f7g7	2339	010h0v1019
Dz0T0	6k1/5pp1/pp2p2p/4P3/2PQN3/PP1n3P/4q1PK/8 b - - 0 30	d3e1 e4f2 e2f1 d4e4 f1f2	2339	0g0p1011
Epjnf	2b5/5p1p/p3Nqp1/1p3p1k/8/4Q3/P4PPK/8 w - - 7 46	e3f3 h5h6 f3h3 f6h4 h3h4	2339	020p101316
FAipD	2r5/3p1p1k/p2PpBp1/1p3bQ1/2q5/2P4P/P4PP1/6K1 w - - 8 30	g2g4 f5g4 h3g4 c8c5 g5h4 c5h5 g4h5	2339	010p111w
G1Vhz	r4rk1/1p1b1ppp/p1n1p3/3p2N1/3P4/4P3/Pq2B1PP/R2Q1RK1 w - - 0 17	d1d3 f7f5 f1b1 c6b4 b1b2	2339	010d10191t
GVzyT	3r2k1/pb2qB1p/1p3bpB/2p5/4P1Q1/2P5/PP4P1/5R1K b - - 0 24	g8f7 h6g5 d8d6	2339	0g0h11191o
GktEd	2k2b1r/1pp3pp/p3bp2/2N1p3/6P1/2P1nB1P/1P3P2/3R2K1 w - - 0 24	f3b7 c8b8 d1d8 b8a7 c5e6 a7b7 f2e3	2339	0g191k1w
HHGFA	4r1k1/3b1pbp/pq1p1np1/n1pP4/2P5/2N1BP2/PrNQB1PP/1R3RK1 w - - 3 19	b1b2 b6b2 f1b1 f6e4 b1b2 e4d2 e3d2 e8e2 c3e2 g7b2 d2a5	2339	050d0g191t1w
IXsqc	5r2/ppr3k1/3qR2p/5bpQ/3P4/1P4P1/PB3PBP/6K1 b - - 0 31	f5e6 d4d5 g7h7	2339	0g0h0t191o
If2pm	8/8/8/1p1p1k2/2p2P2/1P3K2/2P5/8 w - - 0 40	b3c4 d5c4 c2c3 b5b4 c3b4 c4c3 f3e3 c3c2 e3d2 c2c1b d2c1	2339	0g0p1e1l1w
JVq56	r1b3k1/pp3rpR/5pQ1/2p1p1q1/4p1P1/PP6/6R1/6K1 w - - 2 30	h7g7 f7g7 g6e8 g8h7 g2h2 g5h6 h2h6 h7h6 e8h5	2339	051318191n1w
Jf9e5	8/5p1p/8/5K2/k3PP2/6P1/3b4/8 w - - 1 53	f5f6 h7h5 f6f7 d2f4 g3f4 h5h4 e4e5	2339	01080h0p1w
JqxAV	2r4r/pp1k1ppp/1q2pbb1/3p4/1P1P1B2/P1N1R3/5PPP/2RQ2K1 w - - 3 19	c3d5 e6d5 d1g4 b6e6 e3e6	2339	0110191n
JxZpC	8/p6p/6p1/3k1p2/PP1p2P1/3K1P1P/8/8 b - - 0 39	f5g4 f3g4 g6g5 a4a5 a7a6 b4b5 a6b5 a5a6 d5c6 d3d4 c6b6 a6a7 b6a7	2339	0g0p1e1l1w
KWuqs	8/5p2/4k2p/6P1/2pP2P1/4K2P/8/8 b - - 0 59	h6g5 e3e4 e6d6	2339	0g0h0p1e1o
MYsDO	r1bk1b1r/2p1nQ1p/p2q1pp1/1p6/3P4/2P2N2/PP3PPP/RNB1K2R b KQ - 0 13	e7d5 e1g1 c8e6 f3g5 f6g5	2339	011019
Mz0xh	r4rk1/1p3ppp/p5q1/P2R4/1pB3n1/4PN2/1P2QPP1/6K1 w - - 0 24	f3h4 g6f6 e2g4	2339	010j11191o
NauH7	rn3rk1/p1qb2bn/2pp2p1/4ppNB/1PP1P2P/2N3B1/P4PP1/R2QK2R b KQ - 0 15	g6h5 d1h5 h7f6	2339	01191o
Nc5aS	8/7p/6p1/1p3kp1/p4P1P/P1P2K2/8/8 w - - 0 42	h4g5 f5e6 f3e4 e6d6 e4d4 d6c6 c3c4 b5b4 a3b4	2339	0g0p1e1w1z
OYlq8	8/1p2k3/p5p1/P1pPKn2/2P2P2/2N5/8/8 b - - 5 46	f5d6 c3a4 d6c4 e5e4 e7d6 e4d3 c4a5	2339	0g0p0z111w
OdPQZ	1r3rk1/5ppp/pR6/2pP4/2PbPp1q/P1N2P2/3Q1P1P/1R5K b - - 0 25	b8b6 b1b6 h4h3 d2d1 d4c3	2339	0g1019
Onskg	5r2/1p1b1r1k/p5pp/2p4q/3pP1n1/2P2P2/PP1R1QPN/3B1R1K w - - 11 37	f3g4 f7f2 d2f2 f8f2 g4h5	2339	0g1019
Poi1G	8/8/8/4p3/3p4/1K1P4/2Pk4/8 b - - 5 59	d2c1 c2c4 e5e4 d3e4 d4d3 c4c5 d3d2	2339	000g0p1e1w
QDChm	8/p2kr2R/1p6/3p4/3P4/3K4/PP6/8 w - - 4 43	h7e7 d7e7 d3e3 e7e6 e3f4	2339	0g0h0p101m
QQU6s	rn2k1nr/ppp2p1p/3pbq1b/8/2B1PB2/3PQ3/PPP3PP/RN3RK1 w kq - 3 10	f4h6 f6h6 e3d4	2339	011c1o
QaHho	5r1k/p4pp1/1r6/4nB2/5n2/5PNq/PP3P1P/1Q1R2RK b - - 2 29	h3h2 h1h2 e5f3 h2h1 b6h6 g3h5 h6h5 f5h3 h5h3	2339	050s1318191n1w
QfPvJ	1k1r1b1r/1p1q4/BQ1p1p2/P2b2p1/3P1P2/4B3/1P1K2p1/R1R5 w - - 0 33	a6b7 d7b7 b6d8 b8a7 c1c7	2339	0g0i10191g1k
RU3bR	r2q1kr1/2p4R/1pnp2p1/p3p1pQ/4PbP1/P2P1P2/NPP5/1K5R w - - 0 25	h5h6 f8e8 h7g7 g8g7 h6g7 c6e7 h1h8 e8d7 h8d8	2339	010r191p1w
SKPXc	8/4R2p/3rP1pk/8/2B5/4KP2/6rP/8 w - - 0 39	e7d7 d6e6 c4e6	2339	0g0p1o
STEba	4n3/1p6/p1pK4/P3PR2/1P6/8/5Pk1/2r5 w - - 7 64	d6d7 c6c5 b4c5 c1c5 d7e8	2339	0g0h0p10
TVwpx	1k1r1bnr/p6q/1p1pbp2/2P5/1P2PPp1/Q3B3/3NB1P1/RR4K1 b - f3 0 23	h7h1 g1f2 g4g3 f2f3 h1h5 f3g3 h5h4 g3f3 e6g4	2339	0y1318191w
U7psl	8/3rkr2/R2bppQ1/8/8/2q3P1/P4P1P/3R2K1 w - - 0 36	d1d6 d7d6 a6a7 d6d7 a7d7 e7d7 g6f7	2339	050g191n1w
V3Ora	1R3r2/2k1b3/4Q2N/2qn4/8/2P3R1/4NPPP/6K1 b - - 0 31	c5f2 g1h1 f2e1 e2g1 e1e6 b8f8 e7f8	2339	0g191w
VAlSm	2kr2r1/1pp1bp2/p2pqn2/3Np1Bp/4P2Q/PP1P2P1/1P5N/R3RK2 b - - 0 22	f6d5 e4d5 e6f5	2339	01191o
ViZus	2r3k1/5R2/r5p1/p1p1Q2p/3pP3/2q5/P1P1K1PP/5R2 b - - 5 31	d4d3 c2d3 c3e5	2339	0g0j0p1o
VkWBz	rkbq2nr/1p4pp/p2b1p2/3P1p2/P1P1P3/B5Q1/5KPP/n4BNR w - - 0 19	a3d6 b8a7 d6c7 d8c7 g3c7	2339	0110191k
Wj0Ru	r1b1k1r1/ppp1qp1p/2pn4/8/8/4BN2/PQ2KPPP/RN5R b q - 2 13	e7e3 e2e3 d6c4 e3e2 c4b2	2339	01050s10191n
YDvMT	1r4k1/4Rp1b/p4p1p/1p3r2/8/1B5P/P5P1/R5K1 w - - 0 28	e7f7 g8h8 f7h7 h8h7 b3c2 h7g7 c2f5	2339	010p1g1w
YROys	8/8/2k5/1p2KP2/2p5/2P5/8/8 b - - 0 57	b5b4 c3b4 c4c3 b4b5 c6d7 b5b6 c3c2 b6b7 d7c7 b7b8q c7b8 f5f6 c2c1q	2339	000g0h0p111e1h1w
ZDJqI	r4r1k/ppp2pp1/q2b3p/8/3Pb2B/5PR1/P5PP/R1Q3K1 w - - 0 21	h4f6 d6f4 f6g7 h8h7 c1f4	2339	0g0s101119
agg6m	2r2rk1/2qbbp2/p3p1pp/1p2P2n/3NN3/4QB2/PPPR3P/2K4R w - - 0 20	f3h5 c7e5 d4f3	2339	0g11191o
b9746	3q1r2/1r3p1k/p1p5/2p1p1bp/2PpP1Q1/1P1P1R1P/P5P1/5RK1 w - - 0 26	g4h5 h7g8 f3g3 f7f6 h3h4 b7h7 h5g4	2339	0g191w
bXhFA	6k1/1Q6/p2pN1p1/P2P1p1p/2P2PnP/6P1/4K3/2q5 b - - 6 41	c1c2 e2e1 c2f2 e1d1 g4e3 d1c1 f2c2	2339	0p0r1113171w
bcR2G	5rk1/pp3Rb1/4Q1p1/1n1B4/1q1P4/1P6/PKP3P1/3R4 b - - 0 25	b4a3 b2a1 g7d4 c2c3 d4c3 a1b1 a3b2	2339	111317191w
bknug	6k1/1p1rbpp1/1Bp1qn1p/3Pp2b/1P6/2PPQN1P/1P1N1PP1/5RK1 b - - 0 19	f6d5 e3e5 h5f3 d2f3 d5b6	2339	011019
ccsBC	2rq1rk1/1p1bnppp/p3p3/3pn1B1/Q7/2PB1N2/P4PPP/1R3RK1 w - - 0 15	d3h7 g8h7 a4h4 h7g8 g5e7 e5f3 g2f3	2339	01050s191n1w
czYeB	8/pR4p1/3N1pkp/4p3/P2pbP2/1P5P/5RPK/2r5 b - - 1 38	e4b7 d6b7 e5e4 f4f5 g6h7	2339	010h0p10111l
en4Ds	1r1k1r2/2qn2b1/6B1/pp1Pp3/2p1R3/P1B3R1/1P1Q2P1/6K1 b - - 2 28	b5b4 a3b4 a5b4 c3b4 c7b6	2339	01101119
fwPyd	r5k1/pp3qp1/7R/3p4/8/6Q1/PPP2rPP/2K1R3 b - - 0 21	f7f5 g3f2 f5f2	2339	010p1o
gJW2K	r4r2/p2n2pk/1p5p/3Q4/1N2R3/2P3qP/PP4P1/5RK1 b - - 2 25	f8f1 g1f1 a8f8 f1g1 g3f2 g1h2 d7f6 d5c6 f6e4	2339	01050s191w
gLwo6	5r2/1p6/p1p1R2p/3p2qk/3Q4/2P2P1p/P5B1/6K1 w - - 1 35	e6e5 f8f5 d4g4 g5g4 f3g4 h5g4 g2h3 g4h3 e5f5	2339	050g0i0p1g1w
hf6kd	r1bqk3/1pp2p2/p3pn2/4P3/2BP3B/8/P1Q2PrP/R3K2R b KQq - 0 16	d8d4 h4f6 d4a1 c2d1 a1d1	2339	010s1019
huezi	r5k1/5ppp/p2Br3/3p4/Pp6/3P1N1q/1PP2P2/R2QR1K1 b - - 0 22	e6d6 f3e5 d6h6 d1f3 h6g6 e5g6 h3f3	2339	0g0i191l1w
jhhNa	rnb3k1/ppp2pp1/5q1p/5N2/4Q3/8/PPP2PPP/RN4K1 w - - 0 15	e4e8 g8h7 f5e7 f6e7 e8e7	2339	0g0s1019
jnxWj	4q2k/6p1/7p/pP6/P7/3p2P1/5PP1/2Q2K2 b - - 1 36	e8e2 f1g1 e2c2 c1f4 d3d2	2339	000g0p101i
kMvWo	B5k1/p4ppp/8/2b5/1B6/P2p4/1PP1rqPP/1R1Q3K b - - 2 24	c5b4 a3b4 d3d2	2339	000g191o
m1XLc	rnbqr1k1/pppp1ppp/8/2b3B1/2BNn3/2N5/PPP2PPP/R2QK2R w KQ - 0 8	c4f7 g8f7 d1h5 f7g8 g5d8 e4f6 h5e8	2339	01050y1c1n1w
m9bjW	3r2k1/1b3p1p/p3p1pB/1p1r4/3R2Q1/P6P/1q4P1/3R2K1 w - - 0 26	g4g5 d8e8 g5f6	2339	0g11191o
msUA8	2krr3/ppp1qppp/2n1P3/8/2P3Q1/8/PP3PPP/RN2KBNR b KQ - 0 12	e7b4 b1c3 b4b2	2339	0g191g1o
nwZFL	8/8/3r3p/1kP3pK/5p2/5P2/7P/8 w - - 0 53	c5d6 b5c6 h2h3 c6d6 h5h6 g5g4 h3g4	2339	0g0p1l1w
oT5Vj	rn1qk2r/1b2bppp/p3pn2/1N1pN3/8/1Q4P1/PP1PPPBP/R1B2RK1 b kq - 2 10	a6b5 b3b5 b8d7 b5b7 d7e5	2339	01101c
pqF5q	5rk1/1p6/2p2qp1/Q4b1p/2P2p1P/1P3BP1/P4P2/3R2K1 b - - 3 35	f4g3 f2g3 f5c2	2339	0g0p111o
rLMKT	r3kb1r/6p1/p2p1pb1/1ppPn3/4P2P/1P2Np1R/PB1KQNq1/R7 w kq - 0 23	e2e1 g2h3 f2h3	2339	01191l1o1t
rQJr8	1r1r2k1/p1QN1pp1/7p/7P/2P1n3/1P2q3/P1KN2R1/8 w - - 0 30	c7e5 e3c3 e5c3 e4c3 d7b8	2339	011019
rjRoo	r6r/pQpqk1p1/2npbn1p/8/4P3/2P2N2/PP1N1PPP/R1B1K2R b KQ - 2 14	a7a6 f3d4 c6d4 c3d4 h8b8 b7a8 b8a8	2339	01191l1t1w
sR0VB	r2q1rk1/2p2ppp/p2p2b1/1p2p3/1b2n1PN/1PNP3P/1PPBQP2/2KR3R w - - 0 15	h4g6 e4c3 d2c3 f7g6 c3b4	2339	011019
tmCVv	rn2kb1r/pp1q2pp/4pn2/2pp1b2/3P1B2/P1N2P2/1PPQP3/R3KBNR w KQkq - 0 10	f4b8 a8b8 e2e4	2339	01111c1o
tvhbu	3r2k1/pb3ppp/1p2p3/2b5/4qPN1/PQB1n1P1/1P5P/3R2K1 w - - 0 26	d1d8 c5f8 d8f8 g8f8 b3b4 f8e8 b4e4 b7e4 g4e3	2339	050b0g0t0y191w
ue3t7	4br1k/1pp2qb1/p2p1R1p/3P4/P1PB1nP1/1PNQ1N1P/2B5/7K b - - 0 30	f4d3 f6f7 f8f7 d4g7 h8g7	2339	011019
vScah	8/2p2kp1/1b4p1/p3R3/4P1P1/5K2/8/8 b - - 0 37	c7c6 f3e2 a5a4 e2d1 a4a3 d1c2 a3a2	2339	000g0p1l1w
vlzSI	2r4r/ppkqp3/4Rb2/5Q2/5R2/2P4P/PP4P1/7K w - - 7 40	e6f6 e7f6 f4c4 c7b8 f5d7	2339	010i1011191n
yEGQW	4B3/5p2/4bK2/2r4k/P2p1R2/6RP/2p5/4r3 w - - 0 50	g3g8 c5f5 f4f5 e6f5 g8h8 f5h7 h8h7	2339	0p13171l1w
12xjo	8/1k6/2r4p/4Rp2/P7/5r2/2R5/2K5 w - - 11 44	e5e7 b7b6 a4a5 b6b5 e7e5 b5b4 c2c6	2340	0g0i0p0r1m1w
357Td	8/5pkp/P3b1p1/4q3/3n4/2RQ3P/1PP2PP1/6K1 b - - 0 37	e5e1 g1h2 d4e2 d3e2 e1e2	2340	0g0p10
3eZ77	3r1rk1/2q2ppp/p2Rp1n1/1p1BP3/8/3Q1N2/PP3PPP/3R2K1 b - - 0 20	g6e5 d6d8 e5d3	2340	0g191o
4056B	2r3k1/pb3ppp/1p6/1N1p4/1P3P2/P2nQ1P1/2r3BP/5RK1 b - - 4 30	d5d4 g2b7 d4e3	2340	01191o
46kNU	3qr1k1/1b3p1p/pp1r1b2/3p2p1/N5n1/PP2B3/3Q1PPP/3RRBK1 w - - 2 27	e3b6 d6b6 e1e8 d8e8 a4b6 e8b8 g2g3	2340	010h0j191w
5b7hV	6k1/p7/1ppp1Bq1/8/2P1r1r1/1P3Q2/P3PK2/7R w - - 1 34	h1h8 g8f7 f6g5 f7e6 h8h6 g6h6 g5h6	2340	010j0k0p0r1g1w
6whVK	8/8/7p/2kbpB2/4P2P/5K2/8/8 w - - 0 59	e4d5 c5d5 f3g4 e5e4 g4h5	2340	080g0p1011
7RkCH	5rk1/pp6/3b4/5P2/3PQ3/P4N1P/1PP1KP2/2q5 w - - 2 28	e4g4 g8f7 g4g6 f7e7 g6e6 e7d8 e6d6	2340	0g0i0p0r0s1w
7X3wV	2k5/R1p5/P7/1r1pK3/3P4/8/8/8 b - - 0 49	c8b8 a7b7 b5b7 a6b7 c7c6 e5d6 b8b7 d6c5 b7c7	2340	0g0h0p0w1w
7lAXw	4rrk1/2p3p1/1p1p1q1p/p1b5/2P5/PP3N2/5PPP/3QRRK1 w - - 0 25	e1e8 f8e8 b3b4	2340	01191o
8Qtbz	2kr3r/pp2q1p1/2p5/2b2P1p/2P2Bn1/2N4P/PP2Q1P1/3R1R1K b - - 0 19	d8d1 e2d1 g4f2 f1f2 c5f2	2340	0g0s1019
8TItU	6k1/5ppp/1Bb2n2/8/1bP2P2/p2B3P/6PK/1R6 b - - 4 37	b4c3 b6a5 c3a5	2340	010p1l1o
8dsB0	3r4/2r1kp1R/p4pB1/1p2p3/1P1p4/P1b2P1P/2P2P2/5RK1 b - - 2 35	d8g8 h7f7 e7d8 f7f6 c7g7	2340	010d0h0p101g1n
AkPGm	5R2/ppp3pk/7p/6r1/PP5N/8/3r4/R4K2 b - - 3 29	d2h2 h4f3 h2h1 f1f2 h1a1 f3g5 h6g5	2340	010p0r1p1w
B2tpy	2r3k1/pbr2pp1/7p/1P1p4/P7/4P3/1KN2nPP/2R2BR1 b - - 4 27	d5d4 f1e2 d4d3	2340	01191o
C8btq	5rk1/5ppp/p1pb4/1p2r3/8/2PPNbPq/PP1Q1P1P/R1BBR1K1 b - - 2 19	h3h2 g1h2 e5h5 h2g1 h5h1	2340	050y101316191d1n
Casru	5k1r/p6p/5b2/2p2Qp1/3qrp2/7P/P1PB2P1/3R1R1K w - - 0 23	d2c3 d4c3 f5e4	2340	0g0i191o
DTAEz	r4r2/p2Q3p/3p4/2p3k1/2P1p3/PP2P3/RB3P1q/4K3 w - - 5 30	f2f4 e4f3 b2f6 g5f6 a2h2	2340	0g0j0p10
Ei2cs	r4rk1/1p2q1pp/p1pBP1b1/8/2Q5/1P6/1P4PP/4RR1K b - - 3 23	f8f1 e1f1 e7d6 e6e7 g8h8	2340	0g0h1019
FdYig	r2q1rk1/ppp1bppp/3p4/4n1B1/2B1n3/P1N5/1PP1QPPP/R4RK1 w - - 0 14	g5e7 e4c3 e2e5 d6e5 e7d8 a8d8 b2c3	2340	01191w
GIrQK	2r1k3/q4p2/4pQp1/2rp1p2/1p3P2/pPPP2P1/P6P/1KR1R3 w - - 0 33	e1e6 f7e6 f6h8 e8f7 h8h7 f7f6 h7a7	2340	0g0p1n1p1w
GpXUP	8/2p2Qpk/5pqp/2P1b3/P7/4B3/5PK1/8 w - - 2 42	f7g6 h7g6 c5c6 e5c3 e3b6	2340	0d0g0p10
HGZ3i	3rr1k1/pp2qppp/8/3p4/2nNn3/1P2P1PP/P3NPK1/2RQ1R2 b - - 0 21	e4f2 g2f2 e7e3 f2g2 e3e4 g2h2 c4e3 f1f2 e3d1	2340	050g0j0s11191w
IrESW	8/2Q2ppk/1r2r1qp/1p1p4/3P1P2/P1P4P/6P1/R4RK1 b - - 0 26	e6e2 f1f2 e2f2 g1f2 g6c2 f2g1 b6g6	2340	050d0g0p1w
J5c6p	8/kp6/pN2b1p1/P2N4/2Q3P1/8/1Pn3KP/2r5 b - - 0 38	e6d5 c4d5 c2e3 g2f3 e3d5	2340	050g0p0s10
KoTa1	5rk1/2q2pb1/p3bBpp/1p2P2P/2pp1Q2/3B4/1P3PP1/3R2K1 w - - 0 31	f6g7 g8g7 f4f6 g7g8 h5g6 c4d3 g6g7	2340	0001050i0y191n1w
LNJ8S	r3kr2/ppB1bb2/2n2Q1p/3q4/8/3P4/PPP2PpP/RN2R1K1 w q - 0 18	c7d6 f7e6 f6e6	2340	01191g1o
LfCN5	8/1pk1bp1P/2p1q3/2n1p3/1Q1pPP2/1P1P4/r3NB2/3K2RR b - - 8 31	c5d3 b4c4 d3b2	2340	0g0s191o
Lx61E	r4rk1/4Rppp/8/1pp5/3q2n1/1B6/PP1N1PPP/2RQ2K1 b - - 0 19	d4f2 g1h1 f2h4 d1g4 h4g4	2340	0g0y1019
OH5D4	1r2k1nr/3bppbp/p2p2p1/q2N2P1/1n2P3/1N2BP2/1PPQB2P/2KR3R b k - 4 16	a5a1 b3a1 b4a2 c1b1 b8b2	2340	0j101316191d1k1n
PQ92I	5k2/p7/3p4/1P1PpPpp/P2p1b2/3B1P1P/5KPq/3Q1R2 b - - 3 29	f4g3 f2e2 h2g2 f1f2 g2f2	2340	0i0p1013161s
ROtaN	5r1k/6p1/1Q6/2p4p/2P1p3/P3B3/1P1RP1KP/4q3 b - - 0 35	e1f1 g2g3 f8f3 e2f3 f1f3 g3h4 f3g4	2340	0p0r1113171n1w
RnN5M	8/8/8/6k1/ppPK2B1/5P2/P7/8 b - - 0 45	a4a3 d4d5 b4b3 a2b3 a3a2	2340	00080g0p1011
SPg6D	r4rk1/ppp2ppp/2nbpq2/7b/3P4/2PB1N1P/P1P2PP1/R1BQR1K1 w - - 7 12	g2g4 h5g6 c1g5 f6f3 d1f3	2340	0g1011191t
SrXhG	r4rk1/pp2ppbp/2bp2p1/q7/2PBnPPP/2N2B2/PP6/R2QK2R w KQ - 0 14	d4g7 g8g7 f3e4	2340	010w191o
T2ZK5	3r1rk1/pp3ppp/1n6/7q/3nN2b/4QPB1/PP4PP/R2R1BK1 b - - 2 21	d4c2 e3f2 c2a1	2340	010s11191o
TizhP	2r2bk1/6pp/3np1P1/3pN2P/8/pPq2Q2/2P5/1K3R2 w - - 0 28	f3c3 c8c3 f1f8 g8f8 g6h7 d6f7 e5f7 f8f7 h7h8q	2340	000g0i0j191h1w
Tsl6F	R7/6qk/2p1p3/3b1p2/Q4b1N/2n3P1/5P1P/5K2 w - - 6 39	a4f4 g7b7 f4b8 b7b8 a8b8	2340	010t1019
URrvm	8/8/8/p4n2/P7/2K2k2/6p1/1R6 b - - 2 57	f5g3 c3d3 g3f1	2340	0g0h0p11121l1o
UgX0W	8/p7/4p1k1/1p1p1pp1/1P1P4/P3PKP1/6P1/8 b - - 1 38	g6h5 f3e2 h5g4	2340	0g0p1e1o
V972h	1r3k2/1bp3pp/p1N5/1pq2n2/8/5Q2/PPP3PP/4R2K w - - 8 25	c6b8 b7f3 b8d7 f8g8 d7c5	2340	0g0s10191n
VYKxr	r5k1/1p2bpp1/pB1p1n2/4p2n/2r1P2P/1PN2P2/1qPK1Q2/R5R1 w - - 0 21	b3c4 b2b4 a1a4	2340	0g0t191o
W6nuT	3r3k/2n3pp/1q6/1b3P2/2Q1N3/6PP/6BK/1R6 b - - 5 33	d8d1 c4c5 b6c5	2340	01191o
WEvc2	8/8/8/6p1/4kp1p/7K/5B2/8 b - - 5 68	e4f3 f2d4 f3e2	2340	080g0h0p1o
XKwj2	8/p1p2rpk/2Q4p/3nB3/3Pb3/4R2P/P3qPP1/5RK1 b - - 4 32	e2f1 g1f1 d5e3 f1g1 e4c6	2340	050g0j10191g
Xr4PQ	r7/2k2npp/pR3p2/2B5/8/3K1P2/P5PP/8 b - - 0 26	f7e5 d3d4 a8d8 d4c3 e5d7 b6a6 d7c5	2340	010p0r0s1w
YDWVG	2Q5/4q1k1/p3Bp2/1p2b3/2n1P3/6P1/3r1P1P/2R3K1 w - - 4 44	c8g8 g7h6 e6f7 e7f7 g8f7	2340	0g101119
YkgaD	4k3/1pp4p/6N1/3pp3/6q1/3K4/P1PP2PP/RNB4R b - - 1 32	g4e4 d3c3 e4c4 c3b2 c4b4	2340	0p0q0r101316
YwnWO	r1b2r2/pppp1ppk/8/3nB3/3P1Q2/2P3N1/q1P2P2/2KR4 w - - 0 20	d1h1 h7g8 h1h8 g8h8 f4h6 h8g8 h6g7	2340	051317191g1n1w
bkQlQ	r4rk1/6pp/p1N5/2QP4/Pp2p3/1P1P2qb/5RP1/2N3K1 w - - 0 27	c5f8 a8f8 c6e7 g8h8 f2f8	2340	060i101316191n
dEAVX	1Q6/1Rbk2p1/2p1r3/7p/P2r4/2P4P/6P1/5K2 b - - 0 31	d4f4 f1g1 e6e1 g1h2 e1h1 h2g3 h5h4	2340	0p13171w
ezHZs	r5k1/pp4p1/2p2qP1/3p4/3Pp1RP/2P2r2/PP1Q1P1R/2K5 b - - 0 31	e4e3 f2e3 f3f1 c1c2 f6f5 d2d3 f1c1 c2c1 f5d3	2340	010i0p0s1w
f3YcA	7r/1p1r1kp1/p1pB4/3pP3/4qP1p/7P/P4QP1/5RK1 w - - 7 37	f1e1 e4f5 e5e6 f5e6 e1e6	2340	0g0p0s10
fDcs5	r1bq1bk1/1p5p/6p1/p2pr1Nn/5B2/2PB4/PP5P/R2Q1RK1 w - - 2 19	d1h5 g6h5 d3h7 g8h8 f4e5 f8g7 g5f7 h8h7 f7d8	2340	0g0s191n1w
fGEkN	8/2k2p2/K3p1p1/6P1/8/8/1P6/8 w - - 4 63	b2b4 c7b8 a6b6	2340	0g0h0p111e1l1o
iWGEY	2r2brk/1n3qp1/3p1pRp/1pPNpP1P/1P4Q1/2R5/3B1PP1/6K1 b - - 0 33	f7d5 d2h6 g7h6 c3g3 g8g6 g4g6 c8c7 g6f6 f8g7	2340	0g0t11191w
jVwq9	rn1qk2r/1b1pbppp/p4n2/1p3pB1/8/1BN5/PPP2PPP/R2QR1K1 w kq - 0 12	g5f6 g7f6 c3d5 b7d5 d1d5	2340	01101c1g
kKE0W	r7/P1NR2p1/2k2p1p/2b1p1n1/8/5P1P/2P3K1/R7 b - - 2 37	a8a7 a1a7 c6d7 a7b7 d7c6 c7a6 c6b7	2340	010p1w
ktvCG	r5k1/4bppp/p1q5/1pprP3/3N4/P1Q4P/1PP2PP1/3R1RK1 b - - 4 22	c6d7 e5e6 f7e6 d4e6 d7e6	2340	011019
ngGqg	r2q1rk1/ppp2pp1/2nb3p/8/4NP2/3B2R1/PB4PP/R2b2K1 w - - 0 17	g3g7 g8h8 g7h7 h8h7 e4g5 h7g8 d3h7	2340	050k0m0y1317191n1w
ngrSp	8/8/8/1p3k2/1P4p1/p1N5/5K2/8 b - - 3 48	f5f4 f2g2 f4e3 g2g3 e3d3	2340	0g0p0z10
nzUPK	r2q1rk1/pp3pp1/7p/3ppb1n/3n1P1P/1B1P1Qb1/PPP1N1P1/RNB2K1R w - - 2 16	e2d4 e5d4 f3h5 d8e7 c1d2 f8e8 b1a3	2340	010h191l1w
pUJYO	8/8/6P1/8/p1b2K1P/N1pk4/8/8 w - - 1 59	h4h5 c3c2 a3c2 d3c2 h5h6 a4a3 h6h7 a3a2 h7h8q	2340	000g0p1h1w
qXLz2	6k1/1p6/7p/p3q1p1/6R1/4r1N1/PP3Q2/6K1 b - - 1 39	h6h5 g3f1 e3e2 f2e2 e5e2	2340	010p10
qXkgs	rnbq1rk1/pp2nppp/8/3N4/2B5/5N2/PPP1QPPP/R4RK1 b - - 0 12	e7d5 a1d1 d5f4 c4f7 g8h8 e2e5 d8f6	2340	01191w
r3r4V	6k1/qr3ppp/4bn2/3p4/Q7/K1N2N2/2P3PP/3R1B1R b - - 0 24	a7c5 a3a2 d5d4	2340	010j0k0s191o
rhkCE	1r4rk/R4Qpp/1q6/4B3/4P3/1P3P1b/1PPK3P/4R3 b - - 2 29	b6f2 e1e2 b8d8 a7d7 d8d7 f7d7 f2e2 d2e2 h3d7	2340	010s191w
sbsrm	8/5P2/3p3p/3R2b1/k4r2/2pB3P/4K3/8 w - - 1 57	d5d4 f4d4 f7f8q c3c2 d3c2	2340	000g0i0p10111h
stJRw	8/8/p1p5/PpK5/1P6/2P5/2k5/8 b - - 1 58	c2c3 c5b6 c3b4 b6a6 b4c5 a6b7 b5b4 a5a6 b4b3 a6a7 b3b2 a7a8q b2b1q b7c8 b1f5	2340	000g0p1e1h1l1w
tCtr2	r4rk1/7p/5pp1/3pQ3/1q1P1PN1/7P/p4PP1/2R3K1 w - - 0 30	g4f6 f8f6 e5d5 f6f7 d5a8 g8g7 a8a2	2340	010p0s1w
tShHF	4n2k/B1p1b1p1/7p/3R4/5Pq1/1Q6/PP3PrP/3RK3 b - - 2 29	e7b4 b3b4 g2g1	2340	0g11191n1o
toIzC	r4bk1/1pR3p1/3BppQ1/3p4/q2P4/1b2PN1P/5PP1/6K1 b - - 2 33	a4a1 g1h2 f8d6 f3e5 d6e5 d4e5 a1e5	2340	0g0s191w1y
uBtCn	4r1k1/p4p1p/2N3p1/5b2/2p5/P1Q3Pq/1P6/2KR4 w - - 2 29	c6e7 g8f8 e7f5 h3f5 c3h8 f8e7 d1e1	2340	0g0p1w
uuvlW	3r2k1/2p3pp/p1N2q2/1r1b1p2/8/1P3Q2/P4PPP/R3R1K1 w - - 5 23	c6d8 d5f3 e1e8 f6f8 e8f8	2340	0g0y10191n
zJVYM	r4rk1/pp1qbpp1/5n1p/2pN3P/5Bb1/3P4/PPP1BPP1/R2Q1RK1 b - - 0 13	f6d5 e2g4 f7f5 g4f3 d5f4	2340	0g1019
zMQYE	R3r1k1/4rpp1/6p1/2q5/5Q2/1B1n1P2/6PP/R6K w - - 0 33	b3f7 g8h7 f4h4 c5h5 h4h5	2340	0g0s1019
zRCQQ	r1b2rk1/pp3pp1/7p/1R1p2NQ/3n4/3B4/q1P2PPP/4R1K1 w - - 2 18	h5f7 f8f7 e1e8 f7f8 d3h7 g8h8 e8f8	2340	0i0y111317191n1w
0VqTM	2rr1k2/Q7/p3p1p1/4Pb2/1p2qP1R/1P6/PBP5/1KR5 b - - 8 43	e4c2 c1c2 f5c2 b1a1 d8d1 b2c1 d1c1 a1b2 c1b1	2341	0q11121318191d1k1n1w
0WRM8	4r1k1/5p2/8/7p/2p2pp1/P1B5/1P2R2P/1q2QK2 b - - 3 41	b1d3 e1d2 d3f3 f1g1 f3e2	2341	0g0i0p0r101g
0sQZg	2Rr4/pp1Pk1pp/8/1P1Q4/P3p1qr/5pP1/5P2/5RK1 w - - 6 37	d5e5 e7f7 e5e8 d8e8 d7e8q	2341	000g0p0r101h
1lOtB	r2q3r/5bQ1/p1kb1n1p/1p3P2/P1p5/2N5/BPP2PPP/3RR1K1 b - - 0 22	h8h7 d1d6 d8d6	2341	01191o
2OQtl	8/8/8/p7/8/1P2Kq2/8/7k w - - 0 50	e3f3 h1g1 f3e2 g1g2 e2d3 g2f1 d3c4 f1e2 c4b5	2341	0g0p1w
2iPgI	r4rk1/p1p2pp1/3b3B/3q4/4R3/5Q2/PPP2PPP/R5K1 b - - 0 18	f7f5 e4e7 d5f3 e7g7 g8h8 g2f3 f8f6 g7g5 f6h6	2341	01191w
45E9n	4r1k1/1Q3p2/3b4/3P2qp/4Pp2/5B1b/5PP1/1R3R1K b - - 1 36	h3g2 f3g2 g5h4 h1g1 f4f3 b7f7 g8f7	2341	0g0s191n1w
4MnQk	r2qkbnr/pp2pppp/8/3pn3/5Pb1/8/PPP3PP/RNBQKBNR w KQkq - 1 7	f4e5 g4d1 f1b5 d8d7 b5d7	2341	01101c1n
5jS2v	3q1r1k/pp1nRp1p/3p1npN/6Q1/3P4/2Pp3P/PP3PP1/6K1 w - - 7 24	e7d7 f6d7 h6f7 f8f7 g5d8	2341	010i0y1019
6LjwO	3r1rk1/5p1p/6pR/1p5B/3p4/3Q2RP/P3pqPK/8 w - - 0 33	h5g6 f2g3 d3g3 f7g6 g3c7 f8f7 c7d8	2341	0g191w
6R209	6k1/5pp1/5q1p/1pp1N3/1n1p2Q1/2nP2NP/2P2PPK/8 w - - 6 33	g4c8 g8h7 e5d7	2341	0g0p1o
6uLHj	r4Bk1/5p2/2pb1qp1/1p1n4/p2P4/2PQ1b2/PPB2PPP/R3R1K1 b - - 0 19	d6h2 g1h2 f6h4 h2g1 f3g2 g1g2 d5f4 g2g1 f4d3	2341	01050s191n1w
6zUfs	2rr2k1/1b3ppp/p2q1nn1/1p1P4/2BR4/1QN2N1P/PP3PP1/4R1K1 b - - 1 21	b5c4 b3b7 c8c7 b7c6 c7c6	2341	0110191t
7TmAu	8/4kP2/8/3p1KN1/2pPn3/1p6/1P6/8 w - - 3 71	g5e4 d5e4 f5g6 e7f8 d4d5 c4c3 d5d6 c3b2 d6d7	2341	000g0p0z1l1w
8f1rk	r4r2/p3N1kp/2pQ1pp1/8/8/8/P1P3PP/7K b - - 0 25	a8d8 e7f5 g7h8 g2g4 d8d6	2341	0g0h0p10
8gmac	N2k3r/pp4p1/3p4/4p2n/1PPNP3/P4P2/2nP2PP/2B2K1R b - - 0 19	h5g3 f1g1 c2d4 h2g3 d4e2 g1f2 h8h1 f2e2 h1c1	2341	0g0i0s0w191w
9YkSN	2rq2k1/5p2/p5pp/1pb5/2b1nP2/P2QB2P/1P2N1P1/1B2R1K1 w - - 8 30	d3e4 d8d2 g1f2	2341	010h0t191o
AWgLF	8/7p/4k1p1/1p3p2/pPp1p3/2P1PPPP/1P4K1/8 b - - 0 34	e4f3 g2f3 e6e5 h3h4 h7h6	2341	0g0h0p101e1z
C2vAA	5rk1/p3bp2/1p2p2q/3nB2p/5Pp1/8/P3QP1P/1B4RK w - - 4 32	g1g4 h5g4 e2g4 e7g5 f4g5 f7f5 g5h6	2341	010j0k0y11191n1t1w
CBcHJ	1k6/6r1/PPp1b3/4Pp1p/3p1P2/1R3BrP/7K/8 w - - 1 45	a6a7 g7a7 b6a7 b8a7 b3a3 a7b6 h2g3	2341	00050g0k0m0p0r1w
CJ7VO	3r1knr/p1p3pp/1bQ1R3/8/3q4/BP6/P1P1KPPP/RN6 b - - 2 17	f8f7 c6f3 f7e6	2341	0g0h191o
CQsEg	2k2r2/1p2qp2/p1p1P2p/Pr1p2p1/3Q4/5PB1/6PP/2R2K2 w - - 3 30	d4a7 f7e6 c1c6 c8d7 c6c7	2341	010p101k
D4nEr	8/8/2p3p1/k1B1p2p/P1PpP3/3P1K1P/3b2P1/8 b - - 0 48	d2b4 c5a7 b4d6	2341	080g0h0p1o
DBf1W	r1b2rk1/pp2pp2/n5pp/8/8/5N1P/qb1BBPP1/1R1QK2R w K - 0 16	d1c2 c8f5 b1b2	2341	011c1o
DYiOv	Rnkr4/1p1n1p1p/1P1p3q/1QpP4/3r4/6BB/5PPK/8 w - - 0 35	b5c5 d6c5 a8b8	2341	1315191d1g1k1n1o
E5ESN	2r2rk1/1p4pp/p2p4/Pb1PpP2/qP1pP3/5BP1/1Q5P/2R2RK1 w - - 5 22	c1c8 b5f1 c8f8 g8f8 g1f1	2341	0g1019
ESsSm	r3r1k1/p1p2pp1/2N1b2p/4R3/P2PQ1q1/B1P3Pn/5PKP/4R3 b - - 4 23	e6d5 e4d5 h3f4 g2g1 f4d5 e5e8 a8e8	2341	010511191g1n1w
F9ttn	8/1p4p1/1p3ppk/8/3p2PP/P7/1P3P2/5K2 w - - 2 31	f1e2 g6g5 h4h5 g7g6 h5g6 h6g6 e2d3 f6f5 f2f3	2341	0g0h0p1e1l1w
FruAV	2r1kb1r/5pp1/2n4p/1Q6/5B2/8/qPPR1PPP/4K2R w Kk - 1 18	b5b7 a2e6 d2e2	2341	0g0h191g1o
HYj0n	r2k4/p4R2/1p1bp2p/1B1p2q1/8/P7/5QP1/7K w - - 2 33	f7d7 d8c8 d7d6 g5h5 h1g1	2341	0g0p0s10
JhCHt	r1bq1rk1/pp2bpp1/2p1pn1p/4N3/3P1B2/3BQ3/PPP2PPP/2KR3R b - - 2 12	f6d5 e3e4 f7f5 e4f3 d5f4	2341	0g1019
JlqVq	r2q1r1k/3b1ppB/ppn1p3/3p4/3P1PQ1/2N2N1P/PPPK1b2/R7 w - - 1 20	g4h5 f8e8 f3g5	2341	0g191o
KY3VO	2k5/p1p2r1p/2p3b1/2P3BP/6P1/4pr2/PP2R1K1/3R4 b - - 0 29	g6e4 g2h2 f3f2 e2f2 e3f2	2341	00010p0r101l
