SooU8	2r3k1/pp4pp/4p3/qb1pQp2/2rB1P2/P1P4P/2PK2P1/3R3R w - - 0 22	e5g7	658	0y1314191b
Su4D1	8/1k3p2/1P1p1p1p/KP1P1P2/2P1p1P1/7P/8/8 b - - 0 46	e4e3 a5b4 e3e2	658	000g0p1e1o
UwOUz	2k4r/ppp2ppp/4pn2/3r4/8/P4P2/1PPBn1PK/R3QR2 b - - 0 17	d5h5 e1h4 h5h4	658	021315191o
X5Xwf	k1q2R2/p5Rp/4P3/1r6/1Pp1b1P1/b1P3BP/P2r4/K7 w - - 1 35	f8c8 b5b8 c8b8	658	0t1315191d1k1o
XQmfp	1r3r1k/6p1/4N1Pp/4QP2/8/3b3B/P2q4/K3R3 w - - 3 35	e5g7	658	111314191b
Ylnte	4r2k/pp4pp/3Q4/8/4q3/P7/1P3PPP/2R3K1 b - - 0 25	e4e1 c1e1 e8e1	658	060p13151n1o
ZZmg8	r2q1bnr/ppp1k1pp/2np1p2/5P1Q/2BpP3/8/PPP3PP/RNB1K2R w KQ - 3 9	h5f7	658	13141b1c1s
ZjonC	r3kbnr/1pp1ppp1/p7/3P3q/6p1/2N2PP1/PPP4P/R1BQ1RK1 b kq - 0 14	h5h2	658	0y1314191b
aDuUG	8/6p1/5p2/4nk1p/1R5P/6P1/5K2/8 b - - 3 48	e5d3 f2e3 d3b4	658	0g0p0s1o
aMkIg	r3k3/1pp2pp1/8/p1PPp2r/2P5/P3BnP1/5P1P/R4R1K b q - 1 24	h5h2	658	030p0y1113141b
bdIbw	r1b2rk1/2p1qppp/pp2p3/8/3Q4/P1B5/1PP2PPP/3RK2R w K - 0 15	d4g7	658	0y1314191b
dAW8X	6rr/1Q6/p3P2k/1p5p/5P2/P1N2n2/1PP1R2n/6RK b - - 0 33	g8g1	658	031314191b
doFe6	8/r4k2/6p1/7R/6pP/8/5K2/8 w - - 0 45	h5h7 f7e6 h7a7	658	0g0p1m1o1p
drsLp	2r3k1/4pp1p/p5pP/8/1p2P1P1/q1bQBP2/P7/1K1R4 w - - 1 28	d3d8 c8d8 d1d8	658	0p13151n1o
eUVT6	8/6pp/r2bpk2/3p1p2/3P3P/1B3Pn1/PP3BP1/2R3K1 b - - 4 30	g3e2 g1f1 e2c1	658	010p0s1o
fE71n	r3k2r/pp1b3p/1npbpp2/6Nq/3PP3/2P1B3/P1Q1BPPP/R4RK1 b kq - 0 16	h5h2	658	0y1314191b
fGZhC	8/p2nkp2/6pp/8/4K1P1/PB5P/1P3P2/8 b - - 7 49	d7c5 e4d5 c5b3	658	0g0p0s1o
fNKwq	6k1/pp4pp/8/3p3b/3P3N/1Pn5/P5PP/2R3K1 b - - 1 28	c3e2 g1f2 e2c1	658	0g0p0s1o
gWBxh	r2q3k/1bpnbrpB/1p2pn1p/6N1/3P3P/p1P1B3/PPQ2PP1/2KR3R w - - 0 16	g5f7	658	0t0y1314191b
iZAui	r2r2k1/1p2qppp/pnp1p2b/3nP1N1/1P1P3P/P2Q4/1BR1NPP1/4K2R w K - 3 19	d3h7 g8f8 h7h8	658	0y1315191o
iyaG2	3rk3/5p2/1P2pQb1/2q4r/5P1p/7P/3R2P1/7K w - - 0 37	d2d8	658	0p0x1113141b
k2vIn	2k4r/1pp5/p1npp3/2P1p2q/4P1p1/2PP2B1/P4PP1/R2Q1RK1 b - - 0 20	h5h1	658	1314191b
kek1c	r7/6R1/4p3/3b2p1/3Q2Pk/2P5/P4P1K/2q5 w - - 1 40	g7h7	658	0p111213141b
m0Rkf	b5k1/5pp1/7p/1Pp1q3/8/1P3p2/2B3PP/3Q2K1 w - - 0 26	d1d8 e5e8 d8e8	658	0p0s13151o
m4vMq	2r3k1/5ppp/8/4p3/2P1b2b/7Q/3Bq1BK/1R6 w - - 0 29	h3c8 h4d8 c8d8	658	060t1315191o
n83F6	7k/2p3pp/p2p4/1p6/8/5P2/PP1R3P/4n1K1 b - - 0 28	e1f3 g1f1 f3d2	658	0g0p0s1o
nAoLf	8/1R6/8/4N1pk/4n3/P1r5/4Kn2/8 w - - 0 53	b7h7	658	020p1113141b
ns9L7	7k/pp1b3r/2pQp3/2P1P3/8/3B1pPp/PP1q1P1K/8 w - - 0 36	d6f8	658	0p111213141b1r
obSkE	8/8/3k1p1p/6p1/2BPn3/6P1/5P1P/5K2 b - - 1 36	e4d2 f1e2 d2c4	658	0g0p0s1o
p41Kw	2r2rk1/4R2p/3Qp1p1/8/5R2/8/P5PP/7K b - - 0 22	c8c1 d6d1 c1d1 f4f1 d1f1	658	060p1013161j
pV3Lf	4r1k1/pp1P4/6p1/5pB1/6n1/P2R4/1P2r1P1/3R2K1 b - - 0 39	e2e1 d1e1 e8e1	658	0p13151o
rCyAP	r1bq1rk1/pp3ppp/n1p1p3/6b1/2PPQ3/P4N2/1P4PP/RB3RK1 w - - 0 16	e4h7	658	0y13141b1c
rMT4L	r2q1rk1/p2p2pp/1pp2b1n/5QN1/6R1/2P5/PP3PPP/R1B3K1 w - - 2 18	f5h7	658	0y1314191b
rhlbN	1rr3k1/7p/1B1N1ppb/1RPb4/3p2q1/3P2P1/2R2P1P/3Q2K1 b - - 2 30	g4d1	658	0t111314191b
rzQdd	2kr3r/Qpqb1ppp/8/1B6/2P1p1n1/B7/P4PPP/3R1RK1 b - - 0 18	c7h2	658	0y1314191b
st9W7	8/1R2P3/2P2pkp/3Pb1p1/4R1P1/8/7r/r1B3K1 b - - 4 49	a1c1 e4e1 c1e1	658	0p0t13151o
t1xwH	r2q1r2/1pp1bpkp/2n1nNp1/p3P3/2P4Q/P2B4/1P3PPP/R4RK1 w - - 0 19	h4h7	658	111314191b
tAHiw	8/ppp3pp/8/3n1k2/5P2/1K6/1P5P/4R3 w - - 7 34	e1e5 f5f4 e5d5	658	010p0s1o
tOLnR	r2q4/pp1k4/3p2p1/2pNn3/2P1PQb1/8/PP3K1R/R7 b - - 0 27	e5d3 f2e3 d3f4	658	010s191o
v0AkH	4rbk1/ppp1qppp/5nn1/2PP4/3P1p2/1P2rB1P/PB1Q2P1/3NRRK1 b - - 6 17	e3e1 f1e1 e7e1 d2e1 e8e1	658	0g0y1019
vvt7Y	3r3r/2pk1p2/B2p4/7q/3PR1b1/5NP1/1P3P1p/2RQ3K b - - 0 26	g4f3 d1f3 h5f3	658	0s1315191o
w3pc4	r1bq1rk1/ppp1bppp/8/3Pp1N1/2P4P/2NQn3/PPP2PP1/R3K2R w KQ - 0 12	d3h7	658	0y1314191b
wYlHz	r4k2/pb3pb1/1p2Pqp1/2p1N1Np/4P1nP/3B4/PPP2PP1/R2QK2R b KQ - 0 16	f6f2	658	041314191b
wZTdo	3r1r2/p2R2kP/4pp2/3p4/3B4/8/P2K1P2/7R b - - 0 28	d8d7 h7h8q f8h8 d4f6 g7f6	658	010p0t10
wyQUP	r3k2r/1pqb1pp1/p1n1p3/2Np1P1p/4P1n1/2PB4/PP2N1PP/R1BQ1R1K b kq - 0 14	c7h2	658	0y1314191b
xq2W3	8/8/4p1pk/6qp/2P5/4KQ2/1P4P1/8 w - - 4 46	f3f4 e6e5 f4g5	658	0g0h0p111g1i1o
ySty5	r2q1r2/pp2ppkp/n2p2p1/2n5/2P5/PPNBPN1P/1Q3PP1/R3K2R b KQ - 0 14	c5d3 e1e2 d3b2	658	0g0s191o
zAl4L	8/7p/3k2p1/K3p3/PP6/8/6PP/8 b - - 0 39	e5e4 a5b5 e4e3 b5c4 e3e2	658	000g0p101e1l
zvk4o	4rrk1/7p/2p5/pp4P1/3p4/2bKP1B1/P1P3Q1/3R3R b - - 0 29	e8e3	658	1314191b1f
00A9Q	2rq1rk1/1p3p1p/p1pn2p1/P1Np4/1P1PnP2/4P3/5PBP/R1Q3RK b - - 3 22	e4f2	659	0y111314191b1q
2RmTT	2kn4/R1p2ppp/2P2n2/1P6/1P6/2p2b2/4rPPP/5RK1 w - - 0 22	a7a8	659	0p13141b
32Mq0	8/5p1k/5ppp/3q4/4Nb2/P6P/1P2Q1P1/K7 w - - 0 32	e4f6 h7g7 f6d5	659	0g0p0s111o
4sU61	r1bq3k/ppp4p/2pb1n2/8/3Qp3/2N5/PPPP1PPP/R1B2RK1 b - - 3 12	d6h2 g1h2 d8d4	659	0g0j0y191o
5QwHr	5r1k/1R4p1/5q2/8/6Q1/8/1P3PPP/2R3K1 b - - 0 31	f6f2 g1h1 f2f1 c1f1 f8f1	659	060p1013161n
7iL9v	8/p4ppk/2b4p/8/5Q2/P1N1r3/1P4RP/7K b - - 0 32	e3e1 f4f1 e1f1	659	0p13151g1o
8h3QG	r5k1/pp6/2p3pp/5p1r/3PNp2/2P1b1PP/PP5K/4RR2 w - - 1 31	e4f6 g8f7 f6h5	659	0g0p0s1o
942Fn	2b3k1/5p1p/6p1/2pN4/P1PbP3/3B3P/1p4P1/7K w - - 1 30	d5e7 g8f8 e7c8	659	010p0s111o
AVkHZ	k7/ppp1r3/4q3/4ppP1/3Q1B1r/2P5/PP4K1/4R3 w - - 0 36	d4d8 e6c8 d8c8	659	0p13151o
BYBGA	6k1/3r4/R7/8/2N2P2/6P1/P3n1PK/8 b - - 4 38	d7h7 a6h6 h7h6	659	020p13151o
Ba0In	2kr2r1/pppb4/3pp2b/7p/2QPp2q/1P3P1P/PB1N4/1KR4R w - - 0 21	c4c7	659	1314191b1k
CCo7j	8/8/6k1/1p3p2/1N3Pp1/2B1n1P1/5K2/8 b - - 11 45	e3d1 f2e2 d1c3	659	010p0s1o
CSzhs	r5k1/p1q3pn/1pp1P2r/8/N7/1P6/PB2QPP1/R4RK1 b - - 0 25	c7h2	659	1314191b
DJ73i	r7/1b3pkN/6p1/1pP1Rp2/1P1R4/8/5PPP/6K1 b - - 0 31	a8a1 d4d1 a1d1 e5e1 d1e1	659	0p101316
FJ3JC	8/k7/3b4/2p5/2P5/1PN2K1p/8/8 w - - 0 45	c3b5 a7a6 b5d6	659	0g0p0s1o
G0kDh	1r2k2r/p2b1pb1/3Pp2p/2p1N3/6p1/2q3BP/P1P1KPP1/1R5R w k - 0 21	b1b8 d7c8 b8c8	659	0t1315191o
Ga7yu	rn4nr/ppp3kp/4p2q/7B/8/5Q2/1PP4P/RK6 w - - 0 19	f3f7	659	1314191b
HNVBA	r2q1rk1/p1p2ppp/4bb2/3p4/7Q/2NB4/PPP2PPP/R4RK1 w - - 0 15	h4h7	659	0y1314191b
HixqW	8/7p/5k2/pp1rp2p/1P5P/P1r1NPP1/8/1K6 w - - 0 41	e3d5 f6e6 d5c3	659	0g0p0s111o
HvBim	4R3/1b5k/p5pp/8/2P5/P4r1P/1PQ2b2/3R3K b - - 0 35	f3h3	659	0m0p1113141b
ImEqj	6k1/p4p1p/6p1/1b6/8/3p4/PR3PPP/5K2 b - - 0 30	d3d2 b2b5 d2d1q	659	000j0k0p13151h1o
J8lA3	r2q1rk1/pb3ppp/1p2pb2/4n3/3PQ3/2NB4/PP3PPP/R2R2K1 w - - 0 16	e4h7	659	0y111314191b
JwljC	r2qk1r1/1pp1nb2/1b3Q1p/pP2N3/P3P3/B1PP4/5P1K/5R2 w q - 0 23	f6f7	659	041314191b
KXTzh	8/5k1p/6p1/5p2/5P1P/1r2B1K1/6B1/8 w - - 1 41	g2d5 f7f6 d5b3	659	0g0p0s1o
L4mAD	5r2/6pp/3k4/4p3/1P1pK3/P2R1P2/6PP/8 b - - 0 34	f8f4	659	0p13141b1m
M30ef	r4rk1/pp3ppp/1q2pb2/8/2P5/1P1Q4/P1B2PPP/3R1K1R w - - 0 19	d3h7	659	0y1314191b
MOfs9	r7/pp2Q1bk/6Rp/4P3/6nP/8/PP4PN/6RK b - - 0 28	g4f2	659	111314191b1q
MyjPw	6k1/5p2/4pR1p/6pK/2BNR1P1/1P5P/5P2/6rr b - - 0 43	h1h3	659	0p13141b
O0bED	6k1/3n2pp/p3p3/q2pPp2/N2P1P2/BP2Q3/2r1N1PP/6K1 b - - 0 33	a5e1	659	1314191b
ORG3s	1r6/p2bRp1p/k1N5/2Pp4/5Q2/8/P1P2PPP/6K1 b - - 0 26	b8b1 f4c1 b1c1 e7e1 c1e1	659	060p101316
Pcshy	2k4r/2p1Qp1p/3r4/6Pp/5P2/P1n5/1R4BP/K2R4 b - - 0 32	d6d1 b2b1 d1b1	659	031315191o
QhHfa	7R/5p2/p2p4/1p2k1P1/4P3/P3K3/8/6r1 w - - 1 47	h8e8	659	0p1113141b1m
Rn70E	r1r3k1/2Q2p1p/p2p2pP/1n2p3/P3Pq2/1P1P4/1KR5/8 w - - 2 41	c7c8 a8c8 c2c8	659	0p13151o
TUEVQ	3r3k/pp4pp/8/2p1q3/6Pb/P6P/2PQ4/5RK1 w - - 0 26	d2d8 h4d8 f1f8	659	060p13151n1o
TrxIg	6rk/1q1R1p1p/8/4pN1B/pp6/4P2P/P5PK/3R4 b - - 0 35	b7g2	659	0p13141b
W2Myv	8/5p2/5k2/4pN2/3pp1PK/2Rbr2P/8/8 w - - 0 40	c3c6	659	0p0q1113141b
YctYQ	1R5Q/4k3/8/p3N3/8/4n1PK/8/5r2 b - - 0 49	f1h1	659	020p1113141b
ZQnwo	2R5/1p6/4N1pk/6b1/8/3K3p/r4P2/8 w - - 0 51	c8h8	659	020p1113141b
ZURnE	6k1/1b3p2/6rp/pp1pR1r1/3Q4/P2P2Pq/BP3P2/5RK1 w - - 0 32	e5e8 g8h7 e8h8	659	0y1315191o
aQuIV	r3kb1r/p1p2ppp/1p2p1n1/4P1B1/4P3/8/PPP3PP/R2K1B1R w kq - 3 12	f1b5 c7c6 b5c6	659	0a1315191o
b7Rjo	5k2/6p1/4BpP1/8/8/1r2P1KP/6P1/8 b - - 0 51	b3e3 g3f4 e3e6	659	0g0p0s1o
bCm6f	r1b1k1r1/p4pPp/2p2q2/3pp3/8/1BN2QPn/PPP2P1P/R4R1K b q - 3 17	f6f3	659	0t0y1314191b
cKRcy	4rk1r/ppp1n2p/2npBp2/b7/4PB2/2P4P/P4PP1/RN3RK1 w - - 1 17	f4h6	659	0a1314191b
cXRV5	2bqr1k1/1r2pp1p/3p2pB/p2P4/PpPQ4/1P3N2/5PPP/4R1K1 w - - 7 22	d4g7	659	1314191b
dBxyo	8/4k3/4p1p1/1pp2p1p/p2n1P1P/P2PK1P1/1P6/4R3 b - - 1 37	d4c2 e3d2 c2e1	659	0g0p0s1o
dNmYm	6k1/8/8/1r6/2P3p1/8/1P6/6K1 w - - 0 43	c4b5 g8f7 b5b6 f7e6 b6b7	659	000g0p10
dXNh9	r3k2r/4b2b/5p1P/3p4/p6p/P1P4P/3N3B/2KR2R1 b kq - 0 25	e7a3	659	0a1314191b1k
fdAps	r1b2rk1/pp3ppp/1np1pb2/3q4/3PQB2/2PB1N2/PP3PPP/R4RK1 w - - 3 15	e4h7	659	0y1314191b
gQf1Q	2bqk2r/p2pppbp/6p1/3QP3/2B5/4B3/PrP2PPP/R3K2R w KQk - 0 12	d5f7	659	041314191b
gWizm	3rr1k1/p1p1Qp1p/2P2p2/8/2b5/P7/1PP2PPP/R3K2R b KQ - 0 17	e8e7	659	0p13141b1f
ieqLF	3r2k1/5ppp/2p1p3/p1P5/P7/4P3/n1K1BPPP/1r1R4 w - - 0 28	d1d8	659	060p0t13141b
jM4Ua	r3qk1r/ppp1b2p/2npB2p/4pp2/3PP3/2P5/PP3PPP/RNB1K2R w KQ - 0 11	c1h6	659	0a1314191b
kjwaN	r2q1rk1/1p1bbpp1/2pp3p/p7/2PQn3/1P2P1P1/PB3PBP/R4RK1 w - - 0 14	d4g7	659	0y1314191b
kty9t	2rqk2r/R4ppp/4p3/1p1b2P1/1bpPnQ2/8/1P1NNP1P/2B1KB2 w k - 1 17	f4f7	659	041314191b
lIRDS	r2q3k/p2p1p1p/1pbNp3/2p5/5P1b/P2BP3/1PPP3K/R1B2R2 w - - 2 24	d6f7 h8g8 f7d8	659	0g0s191o
nFHnu	r2qkbnr/pppbp1pp/2n2p2/8/2BPP3/1Q6/PP3PPP/RNB1K1NR w KQkq - 2 6	c4f7	659	13141b1c
nFRQq	1r6/4k1p1/5p1p/5P2/3NP1P1/rpPK3P/8/1R6 w - - 8 52	d4c6 e7d6 c6b8	659	010p0s111o
oSpQi	2r3k1/1p3pp1/p4n1p/q7/4NQb1/1B6/PP3PPP/4R1K1 b - - 0 30	a5e1	659	0t0y1314191b
pLuWz	4r1k1/pp2rppp/4q3/8/3p2N1/8/PPP3PP/R2QR2K b - - 2 20	e6e1 d1e1 e7e1 a1e1 e8e1	659	0610131619
pptvE	8/6bk/p3q3/Pp3p1p/1B4n1/5NPK/6Q1/8 w - - 8 51	f3g5 h7g6 g5e6	659	0g0p0s111o
qIYQU	4r2k/7p/6p1/1R4P1/6BP/PP1r2PK/5R2/5n2 b - - 2 42	d3g3	659	0p13141b
rM4vY	r6r/ppp2k1p/1nnb1p2/4qN2/2P5/8/PP3QPP/RNB2R1K b - - 2 16	e5h2	659	0y1314191b
tDq92	8/5k1Q/4p3/5p2/4p1q1/PPK1P2p/5P2/8 b - - 7 46	g4g7 h7g7 f7g7	659	0g0p1i1o
tcUEr	4rr2/p2qNppk/8/2p1Q3/4P3/P3P3/1PP4P/2K4R w - - 0 25	e5h5	659	020p13141b
tdEij	r1b1k2r/pppp2bp/4p1p1/4P3/3P1Bnn/P1N3N1/BPP2PPP/R5RK b kq - 0 14	g4f2	659	0y1314191b1q
thM0R	8/5R2/6pk/5bpp/2p2P1P/6K1/8/8 w - - 0 46	f4g5	659	0p13141b
u3WZs	3k4/p6R/1p1K4/1Pr4p/8/4p3/6P1/8 w - - 7 53	h7h8	659	0p13141b1m
uLmkg	7k/pp4pp/1b3p2/2p4q/5Q1B/8/1P4KP/8 w - - 0 29	f4b8 b6d8 b8d8 h5e8 d8e8	659	060p101316
wbF2l	4r1k1/ppp2ppp/3bq3/2PN4/P2B4/5Q1P/1P3PP1/R5K1 b - - 0 18	e6e1 a1e1 e8e1	659	0y1315191f1n1o
wi1XV	6r1/bp3pk1/5p1p/1P5Q/7R/P7/5qPP/1B2R2K b - - 1 26	f2e1	659	060t1314191b
wlU8R	5k2/5p2/5P1R/6R1/1P4P1/8/6PK/q3r3 w - - 2 47	h6h8	659	0p13141b1j
wt1zR	3r4/6p1/p4bk1/2B2p2/1P3Q1P/5bP1/P4P2/3R2K1 b - - 0 32	d8d1 g1h2 d1h1	659	0p13151d1o
wti0n	r2q1r2/p1pn2k1/1p2ppB1/6pQ/2PP3n/4PP2/P4P1P/R4RK1 w - - 2 19	h5h7	659	1314191b
xDW2e	r6k/2r1P2p/5Nn1/p2p1p2/1p6/3P4/PP4P1/1K5R w - - 0 31	h1h7	659	030p1113141b
y8I5a	8/pp4pp/4k3/2p1p1P1/2n3KP/8/PPR5/8 b - - 1 34	c4e3 g4f3 e3c2	659	0g0p0s1o
yNLeh	3k4/8/2K2R2/2P2P2/8/8/8/r7 b - - 0 52	a1a6 c6d5 a6f6	659	0g0p1m1o1p
zmxTU	3Q3R/2k2pp1/p3p3/1p2Pb2/3q4/1P3P2/P1P3K1/8 b - - 1 33	d4d8 h8d8 c7d8	659	010p1o
zy7he	r4rk1/pp1q1ppp/8/3P4/4pn2/PPQ5/1B3PPP/4KB1R w K - 1 20	c3g7	659	0y1314191b
01o70	8/8/q7/P7/1K6/1N1k4/8/8 w - - 1 59	b3c5 d3d4 c5a6	660	0g0p0s1o
025Et	2r3k1/1Q3ppp/8/8/4B3/2q1P3/R4PPP/4R1K1 b - - 0 24	c3e1	660	0p0t13141b
1oJUz	r3r1k1/ppp2pp1/7p/3P4/2P4q/2Q3P1/PPP2PP1/R1B2K2 b - - 0 18	h4h1	660	0p13141b
2iT4j	2kr3r/ppp2ppp/1n6/3nN2b/3P3b/2N3PP/PPPB4/R3KB1R b KQ - 0 15	h4g3	660	0l1314191b
2rM7L	2r3k1/p4pp1/7p/1P2n2q/4B3/P3P3/5PPP/2RR2K1 w - - 0 29	c1c8	660	0p13141b1f
3AKvs	8/8/5k2/5p1P/1Nb1pKP1/2r5/p1P2P2/R7 b - - 0 37	c3f3	660	0p0q13141b
3Gz3G	5k2/p4P2/2p5/8/r6P/2K2R2/2P5/8 b - - 0 38	a4a3 c3b4 a3f3	660	0g0p111m1o1p
3N3bX	2k3r1/1pp5/1pn2B2/5N2/P7/3P1n1R/1PP4P/6RK b - - 0 39	g8g1	660	031314191b
3NyQp	r1b2r2/pp2Nppk/3pn3/2p5/4R3/2P5/PP3PPP/2K2B1R w - - 2 20	e4h4	660	021314191b
3aH1b	r1b1k2r/pppp1pp1/5B2/2P1q2p/2B1P1n1/7P/PPP2PP1/RN1Q1RK1 b kq - 0 11	e5h2	660	13141b1c
5GLkW	5k2/2R5/5p2/5P2/6P1/p1K5/8/r7 b - - 3 45	a1c1 c3b4 c1c7	660	0g0p111m1o1p
5mWxm	1B6/8/4k3/KR1n4/8/6P1/1P6/4r3 b - - 9 49	e1a1	660	020p111213141b
69MIt	6rk/pppbQ2p/4pn2/8/2P3q1/6R1/PP1B1PPP/3R2K1 b - - 2 23	g4d1 d2e1 d1e1	660	0s0t1315191o
6Yjbq	2kr2r1/5Q1p/p3p3/1pbqN3/8/8/PPP3PP/R1B2R1K b - - 0 20	d5g2	660	0y1314191b
8yA0t	6k1/4bpp1/p5p1/8/N2B1n2/8/1P3PPP/6K1 b - - 0 25	f4e2 g1f1 e2d4	660	010p0s1o
9sxuu	8/R7/6Pk/5K1P/8/1p6/p5r1/8 w - - 2 52	a7h7	660	0p13141b1m
AW5Ce	r3r1k1/pb3ppp/2pb1n2/8/2N5/2N5/PP1P1PPP/R1B1R1K1 b - - 0 18	e8e1	660	0t0y1314191b
AhCcD	5k2/5pp1/P1R5/1p3n1p/8/5KPP/P7/8 b - - 0 44	f5d4 f3e4 d4c6	660	010p0s111o
Ak82T	6k1/5pp1/2Q4p/3p4/1P6/6P1/P2qrPK1/2R5 w - - 1 30	c6c8 e2e8 c8e8	660	0g0p11121o
B7jtY	3q2k1/3n1p1p/Q5p1/2bp4/6n1/2P2NP1/P6P/1B1R3K b - - 0 25	g4f2 h1g2 f2d1	660	010s11191o
BU9py	rnb1k1Br/pp4pp/2pb4/4qp2/4P3/8/PPP2PPP/RNBQ1RK1 b kq - 0 9	e5h2	660	0y13141b1c
CFdY6	1q4k1/p4pbp/6p1/2p5/2PpP3/P2P3r/5PB1/R1Q2RK1 b - - 1 34	b8h2	660	1314191b
CramD	6q1/7k/8/1p3K2/4N3/P5P1/8/8 w - - 8 60	e4f6 h7g7 f6g8	660	0g0p0s111o
Dhu7r	r3k2r/ppbn1Np1/n1pqp2p/5b2/3P4/P1N1B2P/BPP1Q1P1/R4R1K b kq - 0 16	d6h2	660	1314191b
EXfVK	6kb/1rpq1r2/2Rp2b1/1p1P2p1/1P1Qp1n1/P4P2/1B6/5BK1 w - - 0 46	d4h8	660	0y1314191b
EZq17	1k3bnr/ppp2R2/3p4/7p/5B2/7B/PPP1rP1P/2K5 w - - 0 20	f7f8 e2e8 f8e8	660	060t1315191o
Esgzs	r3k2r/ppq1b1p1/4pPp1/2np4/3B4/2P5/PPQN1PPP/4RRK1 b kq - 0 18	c7h2	660	0y1314191b
Frm94	6k1/1q3ppp/2p3b1/2P1r3/1P2p3/P6P/5PP1/3RR1K1 w - - 0 26	d1d8 e5e8 d8e8	660	060p13151o
GrCbU	4r3/8/1Bk2pp1/K1P5/PP3PP1/8/8/8 b - - 0 44	e8a8 b6a7 a8a7	660	0p13151o
Gube8	1rb2rk1/4bp1p/pq1pp3/6Pp/2PQP2P/2N5/PP3P1N/2KR2R1 b - - 0 18	b6b2	660	1314191b1k
H5v7s	8/5pk1/8/7R/4N1p1/5nP1/4r1P1/7K b - - 1 48	e2e1	660	0p1113141b
HHsAG	r6k/7p/5p2/8/2pQ4/5P1P/P5RK/2q1r3 w - - 0 38	d4f6	660	0p13141b
HNWMQ	2r1kb1r/pp3ppp/2n1pq2/2ppN3/3P2n1/1P2P3/PBPNBPP1/R2QK2R b KQk - 5 10	f6f2	660	041314191b
JGLUD	3Q1bk1/7p/6p1/2p1B3/p1P1R3/3P3P/2r2qPK/8 b - - 5 31	f2g2	660	0p1113141b
JJ71V	r1q2rk1/1bpp1p2/p1n1pB2/2b1P1Np/8/2PB4/PPP2PPP/3R1RK1 w - - 0 19	d3h7	660	1314191b
MC4sK	8/8/5r1k/7P/6PK/4P3/8/8 w - - 1 55	g4g5 h6g7 g5f6	660	0g0p0s1m1o
NrTfy	r6k/ppp5/2bpP2p/3P3q/8/3Q1p1P/PPBB3K/6r1 w - - 0 32	d3h7	660	1314191b
PG6wY	3r2k1/ppp2prp/8/4R3/3q4/Q7/P4PPP/4R1K1 w - - 4 21	e5e8 d8e8 e1e8	660	060p13151o
PY9Tt	4k2r/2p3pp/1p6/4pr2/8/2N3P1/PPPR1n1P/2K2R2 b k - 1 19	f2d3 c2d3 f5f1	660	010j0p1o
Qmefc	r3kb1r/1bq2ppp/pp2p3/3P4/NPPN2n1/P2QB3/5PPP/2R2RK1 b kq - 0 15	c7h2	660	0y1314191b
SM2rt	3r4/4k3/1KP3p1/5p1p/7P/1R3PP1/1P6/8 b - - 4 46	d8b8 b6c5 b8b3	660	0g0p1m1o1p
ThK9a	1b2r1k1/1pq2pp1/p7/3p1N2/4rnQp/BPP1P2P/P5P1/2R1R2K w - - 0 33	g4g7	660	0y1314191b
VFMXL	r2n1rk1/2pbqppp/pn1bp3/1p6/3P4/PP2PN2/1BQN1PPP/1BR1K2R w K - 4 14	c2h7	660	0y13141b1c
VYXZO	r1q2rk1/pp3ppp/3b1nb1/2n5/8/4P1N1/PP1BNPPP/R2QKB1R b KQ - 1 14	c5d3	660	13141b1c1q
X6BPe	r4rk1/p2q1ppp/2p2b2/3b2N1/2p1QB2/2Pp3P/PP3PP1/R4RK1 w - - 4 19	e4h7	660	0y1314191b
XH0RB	3r1k2/4bp2/6p1/6Pn/6K1/8/8/Q7 w - - 2 65	a1h8	660	0p13141b
YjSws	8/5p1k/6pp/1R3n2/5P2/5K2/7P/8 b - - 0 44	f5d4 f3e4 d4b5	660	0g0p0s11121o
ZMgBs	8/8/4p1k1/8/1P3np1/8/5Q2/2K5 b - - 0 84	f4d3 c1d2 d3f2	660	0g0p0s1o
eJpgU	1B4k1/1p6/pP4pp/1R1P1q2/3bN3/3P1r2/3Q3P/2R4K b - - 0 34	f3f1 c1f1 f5f1	660	1315191o
ezV5s	r5k1/1pn1B3/p2p2B1/2pP4/2Pb2p1/7q/PP1Q3P/5R1K b - - 2 25	h3f1	660	0t0y1314191b
gQSIX	5r1k/pr5p/1p1Q2p1/8/8/P7/KPP1q3/7R w - - 0 35	d6f8	660	0p0t13141b
glNYJ	8/R5p1/4pk1p/1pr5/2p5/2P3P1/Pn1N1PKP/8 w - - 0 33	d2e4 f6e5 e4c5	660	0g0p0s1o
h6pWD	3r1rk1/pp4pp/5p2/8/2P3N1/P2PP2P/1P2n1P1/R4R1K b - - 0 20	e2g3 h1h2 g3f1	660	0g0p0s1o
hR9kG	8/5p2/4k3/8/rP3P2/2P5/2K4R/8 b - - 0 57	a4a2 c2d3 a2h2	660	0g0p111m1o1p
hqELc	2r3k1/pp3ppp/2pQ4/8/4P3/8/PqP2PPP/3R2K1 w - - 0 21	d6d8 c8d8 d1d8	660	060p13151n1o
i1kfx	r5k1/ppq3pp/2p3r1/3p1nN1/2P5/4Q2P/PP3PP1/3RR1K1 w - - 5 23	e3e8 a8e8 e1e8	660	0y1315191n1o
j95QJ	7k/1b4pp/p7/1p1rRp2/8/2N2q2/PPP4P/6K1 w - - 0 32	e5e8	660	060p13141b
kFxkd	1r2rb1k/6pp/p2pRp2/1ppP4/1q1p2Q1/1N4B1/PP3PPP/4R1K1 b - - 15 25	b4e1 e6e1 e8e1	660	061315191o1y
lCAFC	7r/8/p2p4/6kp/3q1QP1/P2P3P/1P6/1K3R2 b - - 6 40	d4f4 f1f4 g5f4	660	0g0p111o
mcK0J	8/7p/8/KP6/P3p2P/5k2/8/8 b - - 0 39	e4e3 b5b6 e3e2 b6b7 e2e1q	660	000g0p101e1h
o4GCW	6k1/P1N2p2/2b1r2p/2p5/2P2p2/1P5P/3p2P1/3R2K1 b - - 3 37	e6e1 g1f2 e1d1	660	0g0p1o
qJH8I	1Q6/8/b4q1k/7P/p7/1N6/PP6/K7 b - - 0 40	f6f1 b3c1 f1c1	660	0p13151o
qMsvE	5bk1/3q3p/5Qp1/p2pn3/7P/8/7K/5R2 w - - 2 44	f6f8	660	0p1113141b
qN5nM	r6k/pp3pp1/1bn5/5qBp/2p1R2P/2P5/PPQ2PB1/5K2 w - - 6 29	e4e8 a8e8 c2f5	660	0g0j0y191o
r9eXL	r5k1/7p/pp2r1p1/3p1p2/2q2B2/P7/1PRQ2PP/5R1K b - - 0 28	c4f1	660	0t1314191b
tusap	rn1q1bkr/1p2p1pp/p7/2p3N1/4P1Q1/1P6/P2P1PPP/RNn2K1R w - - 0 12	g4e6	660	1314191b
u1BuA	7b/1p1qk3/p2p4/2pPn1PB/2P1N3/8/PP3Q2/2K5 b - - 3 28	e5d3 c1c2 d3f2	660	0g0p0s1o
u65F1	1k2r3/1p3pr1/1Np5/Q6p/5P2/7P/PPq3P1/R4R1K b - - 3 25	c2g2	660	1314191b
uBbzY	r6k/5Bq1/5Q1p/4P3/2pPP3/1pP5/7P/q5RK w - - 2 37	f6g7	660	0p13141b
uXaZS	r1b2rk1/pp3pbp/6p1/4p3/2p1P3/1PP2NPn/P1QP1RBP/R1B3NK b - - 0 19	h3f2	660	0t0y1314191b1q
uiZEP	3q4/6k1/4p1p1/2Np1pPp/1pnP1P2/rP6/2Q4P/6K1 w - - 0 45	c5e6 g7f7 e6d8	660	0g0p0s1o
utct3	8/ppk2p2/2pbpp2/4q3/P1P1P1Q1/1P6/8/3R1RK1 b - - 0 30	e5h2	660	0p1113141b
vR43p	8/8/p4k2/1p1R3P/2n5/8/2P3K1/8 b - - 4 47	c4e3 g2f3 e3d5	660	0g0p0s1o
vU8gP	2r2rk1/4bppp/p3p3/1p4P1/4Pq2/PNQ5/1P5P/1KR1R3 w - - 2 25	c3c8 f8c8 c1c8	660	0111191o
vrxSK	r3k2r/p1p2p2/Pp1p1b2/1P1Pp1p1/2P1P3/5b2/4BP2/R2Q2K1 b kq - 0 27	h8h1	660	1314191b1d
vtWVr	r4rk1/1p3pp1/p2bp2p/3P4/1P3q2/P1NB3P/5PP1/2RQ1R1K b - - 0 20	f4h2	660	1314191b
vxV8C	r2qk2r/p2pnpp1/2p5/1p2P1P1/4b1Pp/1B3Q2/PPP2P2/R3K2R w KQkq - 0 16	f3f7	660	041314191b
wcZjV	8/5ppk/1r6/3R3P/P1P5/1P1P4/2K5/3n4 b - - 6 44	d1e3 c2c3 e3d5	660	0g0p0s1o
wvUba	8/5pk1/4p1p1/3n3p/4K2P/6P1/5P2/1R6 b - - 11 48	d5c3 e4f3 c3b1	660	0g0p0s11121o
yEQPw	3r2k1/6pp/1p2p3/1Bb2p2/2P5/1P5Q/5RPP/6K1 b - - 0 28	d8d1	660	0p13141b1g
yjpN5	3r2k1/5p1p/2P3p1/2rB4/8/4P2P/5PP1/3R2K1 w - - 1 37	d5f7 g8f7 d1d8	660	0g0j0p111o
yynHn	r1b1r1k1/pp3ppp/1q1P4/1Q6/8/3n1N2/PPP2bPP/R1BK1R2 w - - 0 15	b5e8	660	0t0y1113141b1c
zU2o8	6k1/p3pp1p/4n1pQ/P1p1p3/4P2P/1R4K1/5PP1/5qr1 w - - 3 30	b3b8 e6d8 b8d8	660	0p13151o
0ZJKz	3rr3/1pp2ppk/p4n1p/3N1P2/4P1P1/P6P/1P1R3K/3R4 w - - 1 30	d5f6 g7f6 d2d8 e8d8 d1d8	661	0g0j0p10
3kIgP	b5k1/3r3p/4p1p1/3nB1N1/8/1P2qP2/6PP/2R4K w - - 0 32	c1c8 d7d8 c8d8	661	0s1315191f1o
4IB9a	6k1/p2r3p/1p2b1p1/3p4/1Pp1NP2/4P3/P3PK1P/3R4 w - - 1 34	e4f6 g8f7 f6d7	661	0g0p0s1o
4TKJm	5rk1/7p/1Q4p1/2pP4/3q4/1P6/P4rPP/2R2R1K b - - 1 27	f2f1 c1f1 f8f1	661	060p13151o
541Z8	4rrk1/p3bp1p/2p5/5p2/8/1P2PP2/PBPPK3/R7 w - - 2 27	a1g1 e7g5 g1g5	661	0p13151f1o
6SvN3	6Q1/1p5B/2pkp3/3p4/3P2K1/2r3PR/6r1/q7 w - - 0 40	g8d8	661	0p0q13141b
ANqST	3r1r2/ppp5/6k1/5pp1/7P/2Q3R1/PPPq2P1/1K5R b - - 0 24	d2d1 h1d1 d8d1	661	060p13151n1o
AsAF9	3r2k1/2p2pp1/Q1P4p/1p2p3/1P2P3/P2q4/5PPP/2R3K1 b - - 0 27	d3d1 c1d1 d8d1	661	060p13151n1o
Bw1XZ	r4k2/5p2/1r2p1p1/p3P3/R5pR/7P/5PK1/8 w - - 0 47	h4h8 f8g7 h8a8	661	0g0p1m1o1p
CaCKd	8/6p1/1n3k1p/1P6/pR3K1P/6P1/8/8 b - - 8 55	b6d5 f4e4 d5b4	661	0g0p0s111o
DJUjG	r2qkb1r/pp1np3/2p4p/3p1bp1/3P4/2P1P1P1/PP2BPP1/RN1QK2R w KQkq - 0 12	e2h5 f5g6 h5g6	661	13151c1o
DuA78	r4rk1/1pqn2pp/2pbp3/8/p2pP1n1/3P1R2/PPPN2PP/R1BQ1NK1 w - - 5 17	f3f8 a8f8 d1g4	661	010j0y191o
EEIbY	r2qk2r/pp3pp1/2pp1b1p/3Bp2Q/3nP2P/3P4/PPP2PP1/2KR2NR w kq - 0 12	h5f7	661	041314191b
F1iTb	4r1k1/p4ppp/1p1p1q2/1QpPr3/2P3b1/6P1/PP3PP1/R3RBK1 w - - 2 21	b5e8 e5e8 e1e8	661	061315191o1y
FIMg9	2kr1bnr/p2n1p2/2p1p2p/6p1/2B2B2/3P1P2/PPP2P1P/R3R1K1 w - - 0 16	c4a6	661	0a1314191b
GH00v	2k4r/pppn4/3b3p/1q6/4Q3/7P/PPP2PBP/1K2R3 w - - 3 26	e4e8 h8e8 e1e8	661	1315191k1n1o
H5855	r5k1/pp3ppp/8/2p1q1b1/P7/2P5/1P3QPP/5RK1 w - - 0 26	f2f7 g8h8 f7f8 a8f8 f1f8	661	060p1013161n
HQ9mh	rnbq3r/ppk3pp/3p1b2/1Bp5/4P3/2N2N2/PP3PPP/R1B1K2R w KQ - 0 11	c3d5	661	13141b1c
HjEI1	r2q1rk1/pp1bpp1p/2np2p1/2p4n/P1BbPP2/2NP3P/1PPB2PN/R2Q1R1K b - - 2 12	h5g3	661	13141b1c
HyvXb	8/p4p2/2p3pp/1k2P3/N4P2/7P/4r1PK/8 w - - 4 48	a4c3 b5c4 c3e2	661	010p0s111o
J5TQg	8/2p5/p6k/2p3p1/2P5/3K4/PP3N1b/8 w - - 2 26	f2g4 h6h5 g4h2	661	0g0p0s1o
JanIn	r3k2r/pp1n1p2/3qB2p/3p4/2pP2n1/2P5/PPQNN1PP/R4RK1 b kq - 0 17	d6h2	661	0y1314191b
Jjh3j	3r2k1/p2rRppp/1p6/2pP4/2P3b1/1P4P1/P1B4P/4R2K w - - 4 31	e7e8 d8e8 e1e8	661	0p0y13151o
KAOXe	8/3b4/4p1k1/pPR1KpP1/P4n1P/8/8/8 b - - 1 45	f4d3 e5d4 d3c5	661	0g0p0s1o
LPyN2	6k1/1p2b1pp/p1bqN3/P7/3p2Q1/3Pp3/6PP/5R1K w - - 2 37	g4g7	661	0p1113141b
MfLXF	2n4k/1p4pp/p4pn1/8/3P4/2N2BP1/Pq4PP/4R2K w - - 0 26	e1e8 g6f8 e8f8	661	060p0s13151o
MvNTZ	rbb2rk1/3N2pp/1pP1n3/pB1p1p2/3P1q2/5P2/PB3QPP/4RR1K b - - 2 25	f4h2	661	0y111314191b
PSjGz	6k1/pp3ppp/5b2/1P1p4/5QK1/P4pNP/6r1/4q3 w - - 0 37	f4b8 f6d8 b8d8 e1e8 d8e8	661	0p101316
PbpjJ	1r4k1/pq3pp1/2p1p3/4Pb1P/2B3P1/P1N1BP2/P2QN3/2KR3R b - - 0 24	b7b1 c3b1 b8b1	661	1315191d1k1n1o
Pt47Z	r2q1rk1/pp2bppp/3p1n2/2p1nNB1/4P3/1BN2P2/PPPQ1P1P/R4RK1 b - - 0 12	e5f3 g1h1 f3d2	661	010s191o
QMKxO	8/1b4k1/p3q1p1/1pp5/3pP1Q1/PP1R1P2/6KP/8 b - - 0 40	e6g4 f3g4 b7e4	661	0g0p111o
QQGPf	5r1k/1pp3p1/1p1p3p/8/2Bn1R2/7P/PP2RPP1/6K1 b - - 0 24	d4e2 c4e2 f8f4	661	010p0w1o
S8Lyc	2b3k1/2q2p1p/pp3P2/2p5/3p4/1P1P4/P1P1R2P/5RK1 w - - 0 33	e2e8	661	0p13141b
SIelN	rnbq1rk1/pp4pp/2p5/4N3/4PN1b/8/PPP3PP/R1BQ1K1R b - - 0 12	d8d1	661	0t13141b1c
Sm5lL	2kr2n1/ppp1qNp1/1b6/3P4/4P1p1/2P5/PP4PK/RN1Q1R2 b - - 0 16	e7h4	661	1314191b
TLYH7	r1b1k1nr/1pqp3p/p3p1p1/4P1p1/3NP3/B1P5/P1P1B1PP/R4RK1 w kq - 0 15	f1f8	661	1314191b1d
Tsqpm	4Q3/2k2np1/2P4p/1K6/8/8/8/8 b - - 0 54	f7d6 b5c5 d6e8	661	0g0p0s1o
Tvs1g	4r1k1/1pq2pp1/p2b3p/5N1P/2nQr3/2P1B3/1P3PP1/3RR1K1 w - - 5 26	d4g7	661	0y1314191b
U2WHv	rn6/k2b4/ppp4p/P1Q5/2B5/3PK2P/2P1N1P1/7q w - - 0 26	c5b6	661	1314191b
UBn6u	r2q1rk1/ppp2pp1/3p3p/2nPpN2/4P1Q1/2P5/PP3PPP/R1b1R1K1 w - - 0 16	g4g7	661	0y1314191b
ULVQh	5q1r/ppk4p/3Q1p1p/2n1r3/2BRP3/5P2/PPP3PP/2K4R b - - 0 19	f8d6 d4d6 c7d6	661	01191o
VJkMo	5rk1/p4ppp/2pp1b2/q3p1N1/P7/1B1QP2P/N1P3P1/3b2K1 w - - 0 25	d3h7	661	0y1314191b
VKTkE	1k1r3r/p3b1p1/1p1qp3/8/3P4/2P2B2/4QPPP/RR4K1 b - - 0 23	d6h2 g1f1 h2h1	661	1315191o
WIKAl	6k1/p1p2pp1/4p3/1q5p/3P4/P3P1B1/3Q1PPP/6K1 b - - 0 28	b5b1 d2c1 b1c1	661	060p13151o
X4LU2	3r2k1/p1p1bp1p/6pP/4p3/6PQ/2PbP3/P2P4/B2RK3 b - - 0 30	e7h4	661	0a0p13141b
aIwQq	6k1/q4ppp/4p1b1/1QN5/pP1r4/P6P/5PP1/2R3K1 w - - 0 32	b5e8	661	0p13141b
cnlpE	8/3bk1pp/R3p3/4p3/1p6/8/PP3PPP/5K2 b - - 0 24	d7b5 f1e1 b5a6	661	010p0s1o
cxEZQ	rnb1q1kr/ppp2ppp/3p4/8/1b6/2NB1N2/PP1K2PP/R1B1R3 w - - 0 14	e1e8	661	0y1314191b
d42vf	4nr2/3q4/5p1k/1p2pP1P/1P1p2Q1/PB6/7K/8 w - - 0 51	g4g6	661	0p13141b
dNBPV	3B4/5p2/6kp/6p1/2q3N1/6PP/6PK/8 w - - 1 52	g4e5 g6f5 e5c4	661	0g0p0s1o
dWmy4	rnb2rk1/2qpppb1/p5p1/1p1N3p/3NP1n1/PB3Q1P/1PP2PP1/R1B2RK1 b - - 3 12	c7h2	661	13141b1c
ep91I	2kr3r/2p5/p3pnq1/1pPp1p1p/b2P1Q1R/4P1B1/P2N2PP/2R3K1 w - - 0 25	f4c7	661	1314191b1k
etK2J	3rkb1r/2p2pp1/p3q2p/7P/P7/4p3/1PPQ1PP1/2KR3R w k - 0 18	d2d8	661	1314191b
fTQhD	5rk1/3n2p1/p2Np3/8/8/7R/2Q2PKP/q7 w - - 0 34	c2h7	661	0p13141b
gIyir	rn3r1k/pbpp2pB/1p2p3/4P3/3P4/2P3q1/PPQ3P1/R1B2RK1 w - - 1 18	f1f8	661	0t0y1314191b
gNwCt	R7/1r4pk/3p1pNp/7P/4P3/8/1p4PK/4r3 w - - 0 40	a8h8	661	0p0u13141b
hQE9x	r4rk1/ppp2pp1/3p3p/6q1/2BNP3/2PP3b/P1P1QP1K/R4R2 b - - 13 21	g5g2	661	1314191b
iKioH	r1bqk2r/ppp2pp1/1n2p3/4P1p1/2Pn4/P2BBQP1/1P5P/RN3RK1 w kq - 0 15	f3f7	661	041314191b
jrfHk	2kr4/pp3pp1/2p4p/3n3P/6r1/3B4/PPPK2P1/3R3R w - - 2 24	d3f5 c8c7 f5g4	661	010p0s1o
nQfbj	r1r2k2/1R3ppp/4p3/p1Np4/2nP4/4P3/PP4PP/1K3R2 b - - 8 23	c4d2 b1c2 d2f1	661	010p0s111o
nXdGs	r2r1bk1/1b4p1/pN2ppp1/3q2N1/1P6/2P1B3/6PP/R3QRK1 b - - 3 22	d5g2	661	0y1314191b
oBwMU	2r3k1/1brnbppp/pq2p3/1p2P3/3P4/P1nQ1N2/1PB3PP/R1B1R2K w - - 0 19	d3h7 g8f8 h7h8	661	0y1315191o
obKyC	2r1kb1r/2q2pp1/p1p1p1p1/3p2B1/3P2P1/2NQ4/PPP1RP2/R5K1 b k - 0 17	c7h2 g1f1 h2h1	661	0y1315191o
pGKxo	3qr2k/7r/p3bNn1/1p1pP3/2p2P2/2P5/PP4P1/2KR3R w - - 0 27	h1h7	661	030y1314191b
sZNuw	2q1k3/3R4/p2R2pp/P1p5/1p6/1P2K3/6PP/8 b - - 2 36	c8d7 d6d7 e8d7	661	0g0p111j1o
u5FPu	8/1rK2p2/5k2/8/2P5/8/8/8 w - - 0 52	c7b7 f6e5 c4c5 f7f5 c5c6 f5f4 c6c7	661	000g0p1l1w
wxC5E	r1bqk2r/ppppbppp/8/2nQ2N1/2n4P/8/PPP2PP1/RNB1K2R w KQkq - 0 9	d5f7	661	0413141b1c
xtm5Z	Nn1k3r/pp1b2pp/4p3/8/1b6/8/PPQpP1PP/R2KNB1R b - - 0 15	d2e1q	661	001314191b1h
xvvIP	rn2kbnr/ppq3p1/4ppN1/3p4/3P4/5Q2/PPP2PPP/RNB2RK1 b kq - 0 10	c7h2	661	0y13141b1c
z4ABm	1kr1r3/1p3ppp/pQ1p4/8/8/1P1R4/PP3PPP/1K2R3 b - - 0 24	e8e1 d3d1 e1d1	661	0p13151j1k1o
zDyku	r2qr1k1/pp3pp1/3pnbN1/3pp2Q/4P3/3P3P/PPP2P2/R3K1R1 w Q - 0 19	h5h8	661	1314191b
0JJJu	r2qkbr1/pb1nnp1p/1p1ppBpP/1p2P3/3PN3/5N2/PPP2PP1/R2QK2R w KQq - 0 13	e4d6	662	13141b1c1q
1fl4e	2B5/2p1kp2/1p5p/8/1r4P1/p1N1KP2/7P/8 w - - 2 39	c3d5 e7d8 d5b4	662	010p0s1o
3bJF2	k2r4/pp4b1/3Q2bp/3p2p1/8/8/Pq4PP/2R4K w - - 0 34	d6d8	662	060p13141b
4dht3	8/1b2k3/1p5p/3P4/P2B1N2/1P5P/2Bn4/2b3K1 b - - 6 42	d2f3 g1f2 f3d4	662	0g0p0s111o
6Cgtp	8/8/Rk6/8/1p6/7P/6PK/8 b - - 0 46	b6a6 h3h4 b4b3 h4h5 b3b2 h5h6 b2b1q	662	000g0p1h1w
8rpW6	2kr3r/ppp2pp1/2Nb4/4q2p/4n3/4P2P/PPP1QPP1/RNB2RK1 b - - 0 13	e5h2	662	1314191b
9Yqk1	8/8/1p6/2p5/1k1nPR2/p6P/5PP1/1B4K1 b - - 1 40	d4e2 g1f1 e2f4	662	010p0s1o
AMyXL	r2q1k1r/pp1nb1p1/2p1Qnp1/8/2BP4/8/PPP2PPP/R1B1K2R w KQ - 1 13	e6f7	662	13141b1c
BWH6d	7k/p4rpp/5p2/7q/2Q5/8/P4PPP/3b1R1K w - - 0 32	c4c8 f7f8 c8f8	662	0p13151o
C2R9S	r4rk1/pp1n1p1n/2p1b2Q/3p2N1/3P1q2/2N4P/PPP2PPb/R3R2K w - - 0 18	h6h7	662	0y1314191b
CKvpy	6r1/p5k1/1p3p2/2pP3B/2P2QPP/1Pn2P2/P7/6K1 b - - 0 43	c3e2 g1f2 e2f4	662	0g0p0s1o
DL2NN	r4rk1/5pbp/2b2Qp1/p3B3/1p2p3/8/P1q1B1P1/R4R1K w - - 2 29	f6g7	662	0y111314191b
F9JbS	8/5k2/p2p4/2nP4/1pP5/1P4K1/P2R4/8 b - - 2 51	c5e4 g3f3 e4d2	662	0g0p0s1o
FJdlT	r1b2k1r/pp4p1/3R3p/8/5Bn1/1BN3Pq/PPP2P1P/4R2K w - - 3 21	d6d8	662	1314191b1f
GQ6oL	r1b2bkr/pp4pp/8/3pP3/4pB1q/8/PPP2PPP/R2Q1RK1 w - - 0 14	d1d5 c8e6 d5e6	662	0y1315191o
Gt6sC	1b1rr1k1/1pq2ppp/p1n5/3p4/8/3B1NPb/PPP1QP1P/3NRRK1 w - - 1 18	e2e8 d8e8 e1e8	662	0y13151c1o
Haphe	Q1b2knr/p1q2pb1/4p1p1/1B4B1/8/8/PPP2PPP/3R1RK1 b - - 4 18	c7h2	662	0y1314191b
InPk2	3r4/1p4kp/p1n3p1/3np3/2B5/6N1/PPP2PP1/1K1R4 b - - 3 22	d5c3 b2c3 d8d1	662	010j0p1k1o
K82iL	r2r2k1/p5p1/1p2p2p/8/3qP3/5P1P/3Q2P1/R2R2K1 w - - 0 29	d2d4 d8d4 d1d4	662	0g0p1o
KG1C9	8/6r1/8/1PNpp2p/5k2/2PK4/6PP/8 w - - 1 46	c5e6 f4f5 e6g7	662	0g0p0s111o
KmdEB	8/p7/1p1b4/3pN1kp/2pP1p2/2P2K2/PP3P2/8 w - - 0 50	e5f7 g5h4 f7d6	662	0g0p0s1o
LKhlV	r1b1r1k1/2p2pp1/p1pbp2p/8/3P1P2/5BPq/PP1Q1P1P/RN3R1K b - - 6 18	h3f1	662	0t0y1314191b
Lt2R8	r1r3k1/1p3ppp/4p3/1P6/4P3/RQ6/5PPP/6K1 b - - 0 20	c8c1 b3d1 c1d1	662	060p13151j1o
NYKv4	r1bqk1nr/ppppbp2/6pp/3Q4/2BnP3/8/PPP2PPP/RNB1K2R w KQkq - 0 8	d5f7	662	0413141b1c
OGNTo	6k1/pp4pp/2r5/8/4r3/1PpR2P1/P1P4P/5RK1 w - - 2 32	d3d8 e4e8 d8e8	662	0p13151m1o
Og5Ke	rnb1k2r/ppp2ppp/4p3/4P1B1/1b2n3/2N5/PPP2PPP/3RKBNR w Kkq - 1 8	d1d8	662	13141b1c1d
Omb4m	6k1/R5p1/p5Bp/1pn5/5p2/2P3bP/PP2r3/6RK b - - 2 37	e2h2	662	0p13141b1d
Q9Nlf	8/5p2/4p3/4Pn2/2K2k2/6p1/6Q1/8 b - - 7 92	f5e3 c4c3 e3g2	662	0g0p0s111o
QJ3U3	rn1q1bnr/ppp1k1pp/3pb3/3Q2N1/4P3/2p5/PP3PPP/RNB1K2R w KQ - 4 9	d5e6	662	13141b1c1s
QnyuT	7k/5R2/4Np2/3P4/4P3/4nPPK/8/6r1 b - - 0 51	g1h1	662	020p1113141b
Qw6Mr	4r1k1/pp5p/2p4q/3p4/1Q1RrpP1/2P5/PP3PP1/R5K1 b - - 2 31	e4e1 a1e1 e8e1	662	0p0y1113151o
R4aNu	8/8/4kbB1/2p2n2/2Pp1B2/3P1K2/8/8 b - - 8 65	f5h4 f3e4 h4g6	662	0g0p0s111o
SNhIR	r3k2r/4npp1/p3p3/3q3p/P1NP3n/1P1Q2PP/N4P2/R2R2K1 b kq - 0 23	d5g2	662	1314191b
SrCuu	5k2/p4ppp/8/2p5/3b1P2/8/P1B1b2P/1R5K b - - 2 28	e2f3	662	0l0p1113141b
SxmqV	2kr4/pppq1p2/3bppb1/4n1N1/6P1/3PBQ2/PPP2P2/2KR3B w - - 0 17	f3b7	662	1314191b1k
TY7HN	2r2N2/6R1/p6p/3k4/3p4/3b2N1/P4PPP/6K1 b - - 0 31	c8c1 g3f1 c1f1	662	0p13151d1o
Te0f8	2R5/8/p2r4/1p6/3r2p1/P4p1k/KPR4P/8 w - - 0 40	c8h8 d6h6 h8h6	662	0p13151m1o
TrFkf	r4rk1/pp3bpp/5q2/3pn3/7Q/2NB4/PP3PPP/R4RK1 w - - 0 18	h4h7	662	0y1314191b
UK4fX	1r3rk1/p1p2nnp/3pN1p1/3q4/8/2Q5/PPP2PPP/R4RK1 w - - 0 22	c3g7	662	0y1314191b
URicE	4R3/6p1/6pk/p1pr4/P7/2P5/2KN3r/8 w - - 4 44	e8h8 h6g5 h8h2	662	010p1o1p
UeJ83	6k1/ppp3p1/3p2p1/3P2b1/2R1P2P/3P3P/7q/3K1Q2 b - - 0 30	h2d2	662	0p13141b
UtlMr	2r3k1/5ppp/p7/1p4r1/6q1/P1PbP3/1P2NQP1/R4RK1 w - - 0 30	f2f7 g8h8 f7f8 c8f8 f1f8	662	06101316191n
VEeP1	r1b1k2r/ppp2ppp/3b1n2/1N1pq3/8/4P3/PPPBBPPP/R2Q1RK1 b kq - 3 10	e5h2	662	0y13141b1c
VjUgA	r1b2r2/pp3p2/2n1N1pk/3pPR2/3P3q/7Q/P1Pb2PP/R5K1 w - - 2 18	h3h4	662	020t1314191b
WCsF3	8/1p1r4/p1p3k1/6pp/2NN4/2BK4/P7/2b5 w - - 5 47	c4e5 g6h6 e5d7	662	010p0s111o
WvFGr	Qn2k2r/p2bpp2/2p5/3P4/2P2p2/4p3/q3BPPP/3K3R w k - 0 20	a8b8 d7c8 b8c8	662	0t1315191o
Xj2G7	r7/ppp4p/4N1pk/4P3/8/P3r3/1PP5/2KR4 w - - 1 24	d1h1 e3h3 h1h3	662	020p13151o
ZeBvg	6k1/1b4pp/2p1p1P1/2b5/3q4/p7/5N1P/4QBK1 w - - 0 34	e1e6 g8h8 e6e8 c5f8 e8f8	662	0p101316
aNvCT	r3k2r/pppqpp1p/6p1/3n4/3Q1P2/8/P5PP/R1B1K2R w KQkq - 0 15	d4h8	662	060t1314191b
aZmY5	2k5/ppp2p1p/8/5p2/b1q1pP2/3BK3/PQ3PPP/7R b - - 0 24	c4d3	662	0p13141b
c6K53	r3r1k1/ppp2ppp/2nb4/7N/P1BP3q/4PP2/1P3P1P/R1BQ2RK b - - 0 16	h4h2	662	0y1314191b
d527K	5b1r/1pk2ppp/1N1p4/Q2PpnqP/4n3/2P5/PP3PP1/R3KB1R b KQ - 4 18	g5d2	662	1314191b
f8iXB	1rq2rk1/4bppp/4p3/p2n4/1PbQ4/P5P1/1BP2PBP/R3R1K1 w - - 0 17	d4g7	662	0y1314191b
hxaF1	6k1/3qr2p/1p4p1/p3n3/2PP4/8/P4QPP/5R1K w - - 0 34	f2f8	662	0p1113141b
i5h2T	r2qk2r/pp2bppp/4p3/1b1pN1B1/4n3/2P2Q2/PP1N1PPP/2KR3R w kq - 4 13	f3f7	662	041314191b
inBUW	8/R4pkp/6pb/1p6/4P3/1P5P/P1P3P1/6K1 b - - 0 25	h6e3 g1f1 e3a7	662	010p0s1o
jrXXS	r3k2r/1p1qpp1p/p2p2p1/7P/3QP1n1/2N5/PPP2PP1/R3K2R w KQkq - 0 14	d4h8	662	060t1314191b
jsG4i	4R3/pk2P1b1/5q2/6N1/1N3Pb1/8/1P4P1/2K1R3 b - - 0 40	f6b2	662	1314191b
l0sJf	6k1/2R3p1/4N2p/8/7K/6P1/5nP1/5r2 b - - 5 47	f1h1	662	0p1113141b
nG1om	rn2kb1r/pbpp1ppp/1p2p3/3P4/2P1n2q/P1N1PN2/1P3PPP/R1BQKB1R b KQkq - 4 7	h4f2	662	041113141b1c
nSFPp	r2qk2r/4bppp/p1p1p3/3pN1P1/8/4B2P/PPP2Q2/2KR3b w kq - 0 18	f2f7	662	041314191b
nz1gJ	4r1k1/p4pp1/1p1q3p/2pPr3/6P1/P4Q2/1P1R1PP1/3R2K1 b - - 6 26	e5e1 d1e1 e8e1	662	0p0y13151o
omUUe	5rk1/p4pp1/1p5p/4Q3/4b3/1P1r4/P4RPP/2B4K b - - 0 28	d3d1 f2f1 d1f1	662	0p0s13151o
p0Lxy	1r4k1/p4ppp/2p2n1q/2Pp4/1P3Q2/P3PpP1/5P1r/1R2RBK1 w - - 0 26	f4b8 f6e8 b8e8	662	0t0y1315191o
pbdfT	8/4k2p/3p3P/3PpKP1/8/8/8/8 w - - 1 52	g5g6 h7g6 f5g6 e5e4 h6h7	662	000g0p101e
qIMuE	r1b3rk/pp1n2bp/3N2p1/4p3/2B5/8/PP3PPP/R4RK1 w - - 0 19	d6f7	662	1314191b1q
qRms5	r1b4r/pppkbQ2/3p4/3Pp1B1/2P3q1/8/PP3P1P/R3K2R w KQ - 2 17	f7e7	662	1314191b
qzCMh	6k1/Qp3ppp/2p5/4q3/8/2P4P/P4PP1/6K1 w - - 0 25	a7a8 e5b8 a8b8	662	060p13151i1o
s4Dm1	4r3/p5p1/8/2p1pk1p/4N3/1P4KP/P1P3P1/8 w - - 7 38	e4d6 f5e6 d6e8	662	0g0p0s1o
sjrJG	3r3k/1p4pp/p1p1Q3/8/3q4/5PP1/4R1KP/8 w - - 1 29	e6e8 d8e8 e2e8	662	060p13151n1o
tKxvq	8/3k4/4b1p1/7p/6rP/2Q1K3/8/8 b - - 18 66	g4g3 e3d4 g3c3	662	0g0p111o1p
uofkp	6k1/6p1/5pQP/4qP2/6PK/8/8/8 b - - 0 68	e5h2	662	0p13141b1i
vdP7l	8/1pk2p1p/p5p1/P1npp3/8/4NP2/1R3KPP/8 b - - 7 39	c5d3 f2e2 d3b2	662	010p0s1o
wzqSx	r1bk1bnr/pp1pq1p1/2p5/8/4PQ2/6P1/PPP4P/RNB2RK1 w - - 5 13	f4f8 e7f8 f1f8	662	011c1o
xWgO6	5rk1/3p1ppp/2p1p3/q2rP3/3n2P1/P6R/2Q2P1P/1R4K1 w - - 1 28	c2h7	662	0y1314191b
yEZPT	4R3/5p1k/6b1/2P5/3B4/3n1P2/2r2PKP/8 w - - 5 34	e8h8	662	0p13141b1d
yvEJN	6k1/5ppp/8/8/R1r5/4r2P/1P4P1/6K1 w - - 0 33	a4a8 c4c8 a8c8 e3e8 c8e8	662	060p1013161m
zLJJb	8/pb5k/4p1np/2Rq4/3P4/3Q4/PN4PP/6K1 b - - 0 33	d5g2	662	0p13141b
zxo0O	r2qk2r/pB1b3p/3Pppp1/8/P1NQ1n2/1P6/2P2PPP/R4RK1 b kq - 0 22	f4e2 g1h1 e2d4	662	010s191o
05gec	5r1k/5p2/p2pqN1b/1r4R1/p1p1P1R1/6PP/6PK/8 w - - 0 32	g5g8 f8g8 g4g8	663	031315191o
05zfA	r1b1r1k1/pp3pp1/1q5p/3n4/3P4/2PB1N2/PP3KPP/R1B1R3 w - - 0 17	e1e8	663	0t0y1314191b1f
0AOTV	r2qkbnr/p2ppppp/1pn5/3Q4/2B5/5N2/PPP2PPP/R1B1K2R w KQkq - 1 9	d5f7	663	0413141b1c
14jlV	8/8/1K3pp1/7p/P4P1P/1p6/1P6/3k4 w - - 0 45	a4a5 d1c1 a5a6 c1b2 a6a7 b2c1 a7a8q	663	000g0p1e1h1l1w
1HyYa	r4rk1/2R5/7p/1p2p1p1/4B3/1P2B3/3R1PPP/6K1 b - - 0 25	a8a1 e4b1 a1b1 c7c1 b1c1 d2d1 c1d1	663	0p13171w
1s3Pp	r3k2r/1p2ppP1/1qp3p1/3p3p/p1nP1B1P/2N1PP2/PPP1Q3/2KR3R b kq - 0 15	b6b2	663	1314191b1k
2Mvri	r1b2rk1/ppp2pp1/3bp2p/3p4/2Pq1P2/3B2P1/PP1Q1P1P/RNR3K1 w - - 2 13	d3h7 g8h7 d2d4	663	010j191o
3Lr2z	6k1/p4ppp/4p3/3P4/8/1r2Q3/1q3PPP/2R3K1 w - - 1 22	c1c8	663	060p13141b
41bGH	3r3k/6pp/p7/1p2q3/8/P2Q1n1P/1P4P1/5K2 w - - 0 33	d3d8 e5e8 d8e8	663	060p0t13151o
5CmC3	6k1/5p1p/R6P/5bp1/3K4/5P2/4rr2/8 w - - 1 47	a6a8 f5c8 a8c8 e2e8 c8e8	663	0p101316
5qGfB	6k1/pp3p1p/6pB/3p2Q1/8/2P2q1P/PP2r1PK/8 w - - 0 29	g5d8 e2e8 d8e8	663	0p13151o
6SFoG	r2q1rk1/pb1n3n/1p4p1/3pp3/2PP4/1P4P1/P1Q2PP1/RN2K2R w KQ - 0 16	c2g6 g8h8 g6h7	663	0y1315191o
7fjYE	r3k2r/3q1pp1/3bb1np/p1p1p3/PpPpP1nP/1P1P1NP1/3B1PBN/2RQ2RK b kq - 4 19	g4f2	663	0y1314191b1q
85A7x	8/5p2/6pk/3q3p/2n2P2/2Q4P/6PK/8 w - - 6 48	c3h8	663	0p13141b
8lLVW	b3r3/R4pkp/6p1/8/2p1pQP1/2P2nNB/P2r4/5R1K b - - 0 35	d2h2	663	03111314191b
AlfrX	2k2r2/ppp3p1/7p/4R3/2N5/8/PPPn1rPP/4R1K1 w - - 3 22	e5e8 f8e8 e1e8	663	0g0p1k1o
Bu8IY	r4b1r/pp1n2pp/1kp5/4P3/P4BP1/2Pb3P/3N1PB1/2KR3R b - - 2 23	f8a3	663	0a1314191b
CaCEj	8/8/7K/1p1p2P1/p7/P1k4P/8/8 w - - 0 48	g5g6 b5b4 g6g7 b4b3 g7g8q	663	000g0p101e1h
D2xT7	4r1k1/p1p2p1p/1p4p1/4b3/4R3/BP6/P3NPPP/6K1 b - - 2 22	e5h2 g1h2 e8e4	663	010j0p1o
EREd8	1k1r4/pp6/5Q2/4p2p/1Pb1P2B/P2p3N/1Pq2P2/K1N5 b - - 2 28	c2c1	663	0t1314191b
Eb7m1	8/1p6/1k2p2r/8/1p2P1P1/5PP1/2R2K2/8 b - - 3 50	h6h2 f2e3 h2c2	663	0g0p1m1o1p
FlxNY	r2qk2r/pp1bb2n/2np2p1/2p4Q/2P1P3/2NPB1PP/PP4B1/R4RK1 w kq - 0 16	h5g6	663	1314191b
Hh1wD	8/8/p7/5ppk/2N5/P6p/r2R3P/7K b - - 1 40	a2a1 d2d1 a1d1	663	0p13151o
IwdPq	r3k2r/ppb2ppp/2nqpn2/3p1N2/3P4/2N1B2P/PPP1BPP1/R2QR1K1 b kq - 0 12	d6h2 g1f1 h2h1	663	0y1315191o
JSw6T	1r3rk1/3q1pp1/1b1pb2p/p2p2N1/5B2/1PPQ2P1/P4P1P/R3R1K1 w - - 0 23	d3h7	663	1314191b
Juy5L	2r1kb1r/p3pppp/Qp4q1/2PPN3/4Pn2/P7/3PbPPP/R1B2R1K w k - 0 18	a6c8	663	0t1314191b
KzifI	5rk1/pp3q2/6p1/7p/3P4/2Q5/P4PPP/3R2K1 b - - 0 29	f7f2 g1h1 f2f1 d1f1 f8f1	663	060p1013161n
MgSbD	8/4n2p/4k3/3p4/2pPp3/2N1K1P1/5P1P/8 b - - 3 39	e7f5 e3f4 f5d4	663	0g0i0p0z111o
N5PgL	2rr2k1/bp3ppp/p7/8/P4Pq1/1P1Q2P1/1B3PK1/3RR3 w - - 7 28	d3d8 c8d8 d1d8	663	0y1315191o
NbfbJ	r3k2r/ppp2p2/3q1n2/3p4/4P1p1/1N3B2/PPP2PP1/R2Q1RK1 b kq - 0 16	d6h2	663	1314191b
NxT2C	4r1k1/p4ppp/8/2pR4/4R3/P7/5PPP/2r1N1K1 b - - 2 25	c1e1 e4e1 e8e1	663	060p13151o1y
OQK4q	6r1/1Q6/2pk4/4p2p/P3Ppn1/2PP4/7P/1R5K b - - 0 35	g4f2	663	0f0p13141b
PeHsJ	r4rk1/p4pp1/p4q1p/3pbQ2/3P4/2PB3P/1P4P1/5RK1 w - - 0 21	f5h7	663	1314191b
Qzdpi	r4rk1/pp3bp1/2p2b1p/3n4/3PQ3/3B3P/Pq3PP1/RN2R1K1 w - - 0 18	e4h7	663	1314191b
R38Sw	r2q1rk1/pp2bppb/7p/3n4/3Q4/1P2P3/PB2BPPP/R2R2K1 w - - 0 15	d4g7	663	0y111314191b
RvyHz	k4r2/6pp/p1P5/bP1p4/P2B4/4p3/2R1K1PP/8 b - - 3 35	f8f2 e2e3 f2c2	663	010p1o1p
SleHE	8/8/5k2/3n1p1p/R6P/4p1P1/4K3/8 b - - 3 70	d5c3 e2e3 c3a4	663	0g0p0s111o
TM0Is	5rk1/2R4p/4R1p1/8/2P5/8/2r3PP/6K1 b - - 0 27	c2c1 e6e1 c1e1	663	0p13151m1o
VADF5	1r1q1rk1/3nppbp/3p2p1/Q7/1P6/4P1P1/3BRPBP/1R4K1 b - - 4 23	d8a5 b4a5 b8b1	663	0g191o
VBi0J	2kr1b1r/ppqbppp1/8/1B5p/3N2n1/2NP3P/PPPQ1PP1/R1B2RK1 b - - 0 11	c7h2	663	13141b1c
VzRZg	3rk2r/5ppp/1qp1b3/p3p3/P3P3/Q1P1B3/1P4PP/RN2KR2 b Qk - 0 17	b6e3	663	1314191b
Xkg1X	r2qr1k1/pp3ppp/2pb4/5b2/3PR3/P4N2/1PQ2PPP/R1B3K1 w - - 1 16	e4e8 d8e8 c2f5	663	0g0j0y191o
XwC9h	r2qk2r/pp1nb3/4p1pp/3bP2Q/2BP4/2P4P/PP4P1/R1B2RK1 w kq - 0 20	h5g6	663	1314191b
Zo3Ws	6k1/R4p1p/4bKp1/8/5P2/4r3/1r6/8 w - - 0 37	a7a8 b2b8 a8b8 e6c8 b8c8 e3e8 c8e8	663	0p13171w
aY1cl	5rk1/pp5p/2b3pB/4q3/1P1p2R1/P2Q4/2B4P/6K1 b - - 1 30	e5e1 d3f1 f8f1	663	1315191f1o
bDduI	r1b1k1nr/ppp2ppp/2n5/2b1p3/3q4/2NP1N1P/PPPB1PP1/1R1QKB1R b Kkq - 8 9	d4f2	663	0413141b1c
c5n4i	8/8/5kp1/2b4p/6P1/5K2/3N1P2/8 w - - 0 39	d2e4 f6g7 e4c5	663	0g0p0s111o
d05DI	4rb1k/1p4pp/1qp2r2/p1n1p1N1/P2pQ3/1B1P4/1PP2PPP/1K1R1R2 w - - 3 19	e4h7	663	0y1314191b
d0Q2b	r2q1bnr/ppp1k1p1/2np3p/4p1N1/4P1Q1/7P/PPP2PP1/RNB2RK1 w - - 4 12	g4e6	663	13141b1c1s
dB7dE	r1br4/1pK2k1p/1Pp1p1p1/P2p1pP1/3P1P2/6P1/4BP2/R6R b - - 8 39	d8d7	663	0p0q13141b1d
dO6LN	6k1/pp3p1p/4rPp1/8/3R1q2/1P5P/P4PP1/6K1 w - - 0 26	d4d8 e6e8 d8e8	663	0p1113151j1o
duIlF	r4rk1/6p1/p1Np3p/1pnPpq2/5p2/2P2P2/P2Q2PP/1R2R1K1 w - - 2 26	c6e7 g8h8 e7f5	663	0g0s191o
fSoDJ	7r/4N1pk/1p1p4/pPb1r3/P4R2/3q2P1/5P2/5RK1 w - - 1 35	f4h4 e5h5 h4h5	663	021315191o
gkkMy	r5k1/5rpp/3p4/3Pb3/p7/3B1Q2/3q2PP/5R1K w - - 0 23	f3f7 g8h8 f7f8 a8f8 f1f8	663	10131619
iJ35V	8/2b3p1/2P4p/1P1nk3/8/1P4P1/6K1/3R4 b - - 1 49	d5e3 g2f3 e3d1	663	0g0p0s111o
n2aEh	8/r3bR2/4p3/4N1pk/4K3/4P2p/8/8 w - - 2 45	f7h7	663	020p13141b
nF9LO	8/5p1k/5qpp/4P3/8/7P/6B1/6K1 w - - 0 40	e5f6 g6g5 g2e4	663	0p11
ncxHk	5r1k/pp3q1p/4R1p1/3Qp3/1P6/P3P3/5PPP/2R3K1 b - - 0 36	f7f2 g1h1 f2f1 c1f1 f8f1	663	060p1013161n
oSym3	r4rk1/ppp1qpp1/2nb3p/3np1N1/2B3bP/PP2P3/1BQP1PP1/R3K2R w KQ - 0 13	c2h7	663	1314191b
pgIYl	3n1k2/p2P1p2/8/1P6/8/8/P2KR3/r7 w - - 1 43	e2e8 f8g7 e8d8	663	0g0p0s1o
qaW8k	6k1/8/p5q1/8/6Q1/6K1/5P2/8 b - - 1 50	g6g4 g3g4 a6a5	663	0g0h0p1i1o
smmH0	3r4/2N3k1/1pp2ppp/p7/6P1/P1P5/1P3P1P/4K3 w - - 1 33	c7e6 g7h7 e6d8	663	0g0p0s1o
t5TsY	8/1p2R3/p1p5/2Pp1pp1/1r5k/1P3PbP/6K1/6N1 w - - 0 42	e7h7	663	0p13141b
tFQfs	6k1/3p1ppp/bp6/p1pP4/2P2PP1/8/Pb4K1/R1B1rB2 w - - 0 28	c1b2 e1a1 b2a1	663	010p0t1o
uYZOY	r1b2k1r/p2n1pp1/1p2p1n1/q2pP1Q1/2pP3p/P1P2N1P/2PBBPP1/R4RK1 w - - 0 15	g5d8	663	1314191b
vLf31	2k5/1b6/2pq1p2/4p1p1/1R2P1p1/1PR3B1/3r1PPP/2Q3K1 b - - 0 29	d2d1 c1d1 d6d1	663	060s11121315191o
yD4zq	r1b1k2r/2q2ppp/p1n1p3/1pPpn3/5B2/2P2N2/PP2BPPP/R2Q1RK1 b kq - 1 13	e5f3 e2f3 c7f4	663	010j0y1c1o
yW4T9	8/8/5k2/1R5K/6P1/r7/8/8 b - - 0 65	a3h3	663	0p13141b1m
znEu5	r4k1r/ppp2ppp/3q4/5b2/2BN2n1/3P3P/PP2QPP1/RN3RK1 b - - 0 13	d6h2	663	1314191b
068pD	3rr3/pp1k4/3b2pp/2pRN3/8/4P2P/PPP3P1/2K4R b - - 2 22	e8e5 d5e5 d6e5	664	0g0p1o
1ELXZ	6k1/p3R3/1p6/2p5/4K3/2P5/PPr3PP/8 b - - 0 39	c2e2 e4d3 e2e7	664	010p1m1o1p
1Ki4P	5b2/1pp4k/p6P/3pn1Q1/8/2P2BP1/PP5K/8 b - - 0 37	e5f3 h2h3 f3g5	664	0g0p0s1o
2ZDLE	8/4P3/6p1/7p/5RrP/8/5k2/7K b - - 0 54	g4f4 e7e8q f4h4	664	0p13151m1o
3OpBP	6k1/6p1/2n1b2p/2P1p3/2PpPr2/P7/1R1Q1rPP/3R1B1K b - - 0 27	f2f1 d1f1 f4f1	664	061315191o
4E7VK	rb1q1rk1/pb3ppp/4p3/2np4/1P1Q4/P4N2/1B2BPPP/5RK1 w - - 0 19	d4g7	664	0y1314191b
4q4YZ	2r3k1/pp3rpp/q2nNp2/3P4/6PP/P1Q2P2/1B4K1/2R5 w - - 3 31	c3c8 d6c8 c1c8 f7f8 c8f8	664	0y10131619
4uqx7	rn3k1r/pp4pp/2pb1pB1/3p4/3P2qB/7P/PPP2PP1/RN2R1K1 w - - 0 15	e1e8	664	1314191b1d
6g98N	8/3q1ppk/7p/7P/4PQP1/2p5/3r1P2/2R3K1 b - - 2 41	d2d1 c1d1 d7d1	664	010p111o
6ite4	1rb3k1/5ppp/2Q1pb2/P2p4/1B3P2/3PP3/2P2KPP/1r6 w - - 3 25	c6e8	664	0p1113141b
6kmls	8/pppk4/3np3/6R1/2PP4/1P4P1/P4KP1/8 b - - 0 34	d6e4 f2f3 e4g5	664	010p0s1o
7JMZ1	2rkn3/1R3p2/2P1p1p1/1P1bP2p/5P2/6P1/4B3/6K1 w - - 0 45	b7d7	664	0p0q1113141b
7mQzR	2r5/7p/p3N1pk/1p6/2n1r3/5R2/P6P/6RK w - - 2 34	f3h3 e4h4 h3h4	664	020p13151o
7x11v	8/8/r2k4/3p2pR/8/2P5/5KP1/8 w - - 0 45	h5h6 d6e5 h6a6	664	0g0p1m1o1p
8qWTg	2r5/3k4/4pp1p/3P4/p2P4/bp4NP/5PP1/1Q4K1 b - - 0 34	c8c1 b1c1 a3c1	664	010p0s1o
9LArh	r2k4/pp3p1p/2p5/4n3/1bP1pN2/1PN4b/P2B1P1P/R5KR b - - 0 18	e5f3	664	111314191b
9OkIU	r4rk1/1p3p1p/2nq2pP/1ppp1bP1/8/2QP1N2/PPP2P2/2KR3R w - - 0 19	c3g7	664	1314191b
9Orhn	1r1q1rk1/ppp1nppp/2nb4/6N1/5P2/3Q2P1/PPP1P1bP/RNB2RK1 w - - 0 11	d3h7	664	0y13141b1c
9TBHP	R2r2k1/5pp1/4pn1p/1p6/2pP1q2/2P5/1PB2PPP/6K1 w - - 0 28	a8d8 f6e8 d8e8	664	0p0t13151f1o
ARqaz	7k/p2R1r1p/1pp3pP/q1P1p3/6p1/4P3/PP2B3/3K4 w - - 0 30	d7d8 f7f8 d8f8	664	0p13151o
CNeFa	r7/3N3R/6p1/p7/4R2P/2r2Pk1/6P1/6K1 b - - 2 40	c3c1 e4e1 c1e1	664	0p13151o
CyI2z	6k1/p5pp/5p2/8/3B4/P6P/1P4P1/2n3K1 b - - 1 28	c1e2 g1f2 e2d4	664	010p0s1o
FOk2g	r2qr1k1/3b1ppp/ppp5/8/P2Qp3/1nB1P3/1P2BPPP/R3R1K1 w - - 0 19	d4g7	664	0y1314191b
FfND7	8/p4k2/1p3bpp/3qpp2/7P/P1P3P1/1P1NQP2/5K2 b - - 1 39	d5h1	664	0p1113141b
Hj3zO	r5k1/6p1/5p1p/1pPpp2q/1P4R1/6P1/4Q1P1/6K1 w - - 0 33	g4g7 g8g7 e2h5	664	0g0j0p1o
HsJue	2rr2k1/1b2bppp/p3p3/3n4/Pp5Q/1Pp1qP2/N1B3PP/R3BR1K w - - 4 23	h4h7 g8f8 h7h8	664	0y1315191o
IVXsi	r2qkb1r/pp2pppp/2n2n2/2p5/4P1b1/2P3Q1/PP3PPP/RNB1KBNR b KQkq - 0 7	d8d1	664	1314191b
JHWrc	1r6/5ppp/4p3/1k1p4/pp1P4/P3P2P/2K3P1/1R6 w - - 1 40	b1b4 b5c6 b4b8	664	0g0p1m1o1p
NpDJF	8/5b1N/p1p1k1p1/1pBp2Kp/3P3P/1PP5/P7/3n4 w - - 4 38	h7f8	664	0p13141b
O2GKR	r5k1/pppnq1p1/1b1p1r1p/3Pp1N1/8/3Q4/PPP3PP/R6K w - - 0 19	d3h7 g8f8 h7h8	664	0y1315191o
OXNpQ	2r1kbr1/4pp1p/p2pbp2/Rq1N4/4PP2/5B2/P1PQ2PP/5R1K b - - 16 21	b5f1	664	0t0y1314191b
OfX7o	3r1k1r/p1N1ppbp/2p3p1/2n5/4P3/5P1P/PPP2P2/2KR3R w - - 2 17	d1d8	664	060t1314191b
PqB9e	2r4k/1r3Rp1/4p2p/1q1pP3/p2P2p1/2P5/1PQ2R1P/6K1 w - - 4 31	f7f8 c8f8 f2f8	664	0p1113151o1r
QWshj	2r3k1/p4pp1/1r2p2p/4P3/2q1BP2/P3P3/3Q2PP/3R2K1 w - - 0 26	d2d8 c8d8 d1d8	664	0p13151f1n1o
RjT7p	7k/6bP/2R5/8/p5PP/r1P2K2/8/8 b - - 0 37	a3c3 c6c3 g7c3	664	0g0p1o
TK9OV	rn2r1k1/pp3ppp/3p4/1Qq5/4n1b1/2N3P1/PPP2PBP/R3K1NR w KQ - 0 14	b5e8	664	0t0y1314191b
Torsg	5rk1/pb3p2/3n2p1/3p2q1/P2Q3R/2P5/2P3PP/4R1K1 w - - 3 29	h4h8	664	1314191b
Totjr	6k1/pb1n2b1/1pqP4/2p1pN2/2P5/4P1P1/PP3PP1/2RR2K1 w - - 1 28	f5e7 g8f8 e7c6	664	010s191o
UjQMO	8/p4ppk/Qp1P3p/2p1n3/2q5/1K6/PP3PPP/8 w - - 0 27	a6c4 e5c4 b3c4	664	0g0p1o
Uw2ew	K7/P3R3/2k1p3/8/5P2/8/8/3r4 b - - 6 79	d1d8	664	0p13141b1m
VaSFs	r1b1k2r/1pq2ppp/p3pn2/2bP2B1/3N2n1/P1N5/1PPQBPPP/R4RK1 b kq - 0 14	c7h2	664	0y1314191b
WOyjA	4r1k1/p3rppp/2p1b3/1p6/3P4/P6P/1PBN1P2/2R1RK2 b - - 0 22	e6h3 f1g1 e7e1 c1e1 e8e1	664	0g0i0j1019
X0YOy	8/4kp1p/2B3p1/8/5P2/5P2/1Pn1K1PP/8 b - - 4 45	c2d4 e2d3 d4c6	664	010p0s1o
Y2umT	5rk1/pp4p1/3P3p/2P2q2/3Bpb2/1P6/P4PQr/R2R2K1 w - - 2 35	g2g7	664	0y111314191b
YRWfR	8/8/8/6Kp/7P/6k1/8/8 w - - 5 60	g5h5 g3f4 h5g6	664	0g0p111e1o
YlMUk	4Q3/6k1/1p2p1p1/p2pPrqp/P2P4/6R1/6PP/2R3K1 b - - 0 32	g5c1	664	0p13141b
Yyhm2	rnb1r2k/ppBqb1p1/5N1p/3n4/3P4/3Q4/PPP3PP/R3K2R w KQ - 7 17	d3h7	664	1314191b
Z2gtX	1r1qk2r/Q4p1p/5p1b/2p5/6b1/1P6/PB1PNPBP/R2K3R b k - 0 14	d8d2	664	1314191b
Z2kzi	1r3r2/4N1pk/8/1pP3R1/2q3P1/3p4/4RPK1/8 w - - 0 37	g5h5	664	020p1113141b
ZMq8l	rn2qrk1/ppp3pp/5B2/3p4/3P4/2b3Q1/PPP1b1PP/2KR1B1R w - - 0 13	g3g7	664	0y1113141b1c
ZrdTe	r4rk1/1b2qppn/pp2p2p/4P3/P3Q3/2NB4/1PP3PP/R4RK1 w - - 2 19	e4h7	664	0y1314191b
b9Iy5	4r1k1/p4pPp/bp6/3R4/1B3R2/2r5/P1P3PP/6K1 b - - 1 22	e8e1 f4f1 e1f1	664	0p13151d1o
bLTCc	8/2p3kp/p2p1p2/3B4/3b3N/P5KP/1r2b1P1/6R1 w - - 0 30	h4f5 g7h8 f5d4	664	010p0s1o
bgZsa	5r1k/2p4p/3p3Q/2pP4/1qP3p1/1p6/P1n4P/1B5K w - - 0 32	h6f8	664	0p1113141b
cVD31	r3k2r/pp1b1ppp/2Pbpn2/7q/8/1BN2P2/PP4PP/R1BQ1R1K b kq - 0 17	h5h2	664	0y1314191b
dql4x	6k1/5pp1/7p/1p6/8/4B1P1/r3qn1P/1Q1R2K1 w - - 0 38	d1d8	664	0p13141b
eUBxH	8/8/P6R/8/7p/3Nk3/1PP4r/2K5 b - - 0 45	h2h1 d3e1 h1e1	664	0p13151o
ep0g4	8/8/4b3/1k6/p7/2K2N2/1P6/8 w - - 0 59	f3d4 b5c5 d4e6	664	0g0p0s111o
gSHW0	1k6/pb4p1/4p3/2q1Np2/5P2/P5Pp/5R1P/5K2 w - - 0 40	e5d7 b8c7 d7c5	664	0g0p0s111o
gm4aW	4k3/8/2pp4/6Np/P2P1RpP/1r6/Nrb3P1/K1R5 b - - 5 34	b2b1 c1b1 b3b1	664	1315191d1o
h2M0F	r1b4r/pppp2kp/1b1q4/6B1/2BN2n1/2N5/PP2QPPP/R4RK1 b - - 0 14	d6h2	664	0y1314191b
hK76S	4r1k1/p2n1pp1/2Q5/2Pp3p/3P4/2N2PPq/P4R1P/4R1K1 b - - 0 24	e8e1 f2f1 e1f1	664	0x0y1315191o
hu9K7	r4rk1/p2b2pp/2Np2q1/1ppPp3/4P3/1P2bP2/PB3RP1/R2Q2K1 w - - 4 21	c6e7 g8f7 e7g6	664	010s191o
iEEl8	5r1k/7p/p2RB2P/P2Np3/bB2Pp1b/5K2/6P1/8 b - - 12 52	a4d1	664	111314191b
iVAeS	3r1rk1/pB4pp/5p2/4bQ2/8/1Rq4P/P1P2PP1/4R1K1 b - - 2 21	c3e1	664	0t1314191b
mJKPZ	1r1q1rk1/p1pnbppp/1p1p4/2nb4/2PQP3/1P3NP1/PB3PBP/R3R1K1 w - - 0 14	d4g7	664	0y111314191b
oez4D	5r1k/pp1R4/7p/4p3/4q3/8/PPr3PP/5R1K w - - 0 28	f1f8	664	0p13141b1j
swXne	4r1k1/ppb3pp/2p1b3/2B1p2q/1PPp4/1P5P/5QPK/5RN1 w - - 0 29	f2f8 e8f8 f1f8	664	0y1315191d1n1o
szJTK	Q1b2rk1/p4ppp/1b1p4/8/2B1PBn1/2P5/P5PP/RN4RK b - - 0 18	g4f2	664	1314191b1q
tLhNw	1rb1kb1r/5ppp/pqp1p3/4p1B1/4n3/1P6/P1PQ1PPP/2KR1B1R w k - 0 13	d2d8 b6d8 d1d8	664	1113151c1d1o
uE44o	1r1q1brk/5p2/3p1P1p/1b1Nn2Q/P6R/2P5/1P3PPP/R5K1 w - - 1 25	h5h6 f8h6 h4h6	664	0y1315191n1o
vOP2E	4r3/5pp1/1B2k2p/p7/1n2P3/1P3P1P/1P3KP1/2R5 b - - 2 32	b4d3 f2e3 d3c1	664	010p0s1o
vRC9V	8/8/8/6kp/1R3n2/6P1/5K2/8 b - - 0 53	f4d3 f2e2 d3b4	664	0g0p0s111o
viEbq	8/5p2/p5pk/1pq4p/5P2/7P/PQ4PK/8 w - - 3 47	b2h8	664	0p111213141b1i
wPpNk	8/8/6p1/4q3/7R/5P1P/4k1P1/6K1 w - - 1 51	h4e4 e2d3 e4e5	664	0g0p0s1j1o
xi9Ap	5rk1/1p2qbpp/p1p2p2/6r1/5n2/2P3PQ/2B3P1/2R2RK1 w - - 0 30	h3h7	664	0y1314191b
xp6Nf	8/1b1r1k2/p2PpPR1/2P2pp1/3p4/3P2P1/P4P2/6K1 w - - 3 45	g6g7 f7f6 g7d7	664	0g0p1o1p
xyueL	8/2p2pk1/1p4pp/pP6/nb2R3/6P1/2N1KP1P/8 b - - 1 42	a4c3 e2d3 c3e4	664	010p0s111o
zswAK	8/8/4pp2/p2k2pp/R1nP4/3K4/6PP/8 b - - 2 41	c4b2 d3e2 b2a4	664	0g0p0s1o
0mwYo	8/8/3b4/3P4/6p1/3K4/3N1k2/8 w - - 4 65	d2e4 f2f3 e4d6	665	0g0p0s1o
14pxL	8/8/p7/r3N1p1/3P2P1/4PK2/3k4/8 w - - 6 44	e5c4 d2c3 c4a5	665	0g0p0s1o
1CNhF	r2q1rkb/1b1n1p1p/4pPp1/2p1P3/p2p2N1/P2P1R1P/1BP1B1P1/R1Q3K1 w - - 0 21	g4h6	665	1314191b
1wtRJ	r2q1rk1/2p2pp1/p2p3p/1p6/1P2Q3/P2B1P2/4RP1P/5K2 w - - 6 27	e4h7	665	0p13141b
3DOFQ	8/2k5/8/1P2K1p1/3pP1Pp/3B4/8/8 b - - 0 58	h4h3 e5d4 h3h2 e4e5 h2h1q	665	00080g0p101h
3gRT1	6k1/pR5p/4K3/4P1pP/n5P1/8/8/8 b - - 0 39	a4c5 e6f6 c5b7	665	0g0p0s1o
4yb2h	r1q2rk1/5ppp/4P3/p2P4/3Q4/5N2/5PPP/B2b2K1 w - - 0 27	d4g7	665	1314191b
6Ai4y	7k/3RR3/1p5p/p2N4/2r5/8/PP3r2/1K6 b - - 1 34	f2f1 e7e1 f1e1	665	0p13151o
87QbM	8/6pk/7p/3R4/8/8/P2prPPP/3R2K1 b - - 1 32	e2e1 d1e1 d2e1q	665	000p13151h1m1o
9Pgh0	r4Bk1/pbp4p/1p2p1p1/3q4/3P3Q/3B4/PPP3PP/RN4K1 b - - 0 16	d5g2	665	0y1314191b
AQqe0	r3r1k1/p1b2ppp/2Q2n2/2p1q2N/2Pp4/3P3P/PP1N1PP1/R1B2RK1 b - - 0 18	e5h2	665	1314191b
AsqFo	3r2k1/1pQ2ppp/p3p3/1q6/3b4/P1P4P/1P3PPK/8 w - - 0 28	c7d8 b5e8 d8e8	665	0p0s0t13151o
C7nVk	3k4/5R2/3P4/2p2B2/8/1p6/6KP/q7 w - - 0 65	f7f8	665	0p13141b1f
D3aA9	8/8/R1b3pk/7p/8/5P1P/6P1/5K2 b - - 2 48	c6b5 f1f2 b5a6	665	0g0p0s1o
D425z	8/8/8/6Kp/p1k4P/P7/8/8 b - - 3 48	c4b3 g5h5 b3a3	665	0g0p1e1o
DCUjc	r2qkb1r/p2p2p1/1pbPp3/4B3/2P3p1/3B4/PP3PPP/R4RK1 w kq - 0 18	d3g6	665	1314191b
DyXHy	8/8/8/8/r3k3/7R/8/3K4 w - - 21 67	h3h4 e4d5 h4a4	665	0g0p1m1o1p
E17xx	8/3k1n2/4n3/1RP1p2p/4P2P/5KP1/8/8 b - - 0 52	e6d4 f3e3 d4b5	665	0g0p0s111o
F9QIT	8/pkp4p/2p1qp2/6p1/N3Pn1B/5PK1/PPP2P2/3R4 w - - 0 22	a4c5 b7b6 c5e6	665	0g0p0s1o
G2I3K	r1b1k2r/pp1p1ppp/3b4/2pPq3/1PB5/2N5/1P2N1PP/R2Q1R1K b kq - 0 15	e5h2	665	0y13141b1c
HDmzy	6K1/3R3p/6pk/6b1/5r2/8/8/8 w - - 2 61	d7h7	665	0p1113141b
HVFSp	4r2k/1p4p1/p4p2/3Q2p1/2P5/1P4qP/PB1R2P1/5K2 b - - 0 32	e8e1	665	0p0x1113141b
HbNzY	2Q2bk1/p6p/4p2p/3pN3/P7/1P2q3/3N2PP/7K b - - 0 26	e3e1 d2f1 e1f1	665	0p0s13151o
Hq0TD	8/8/8/K3P1kp/P3P3/8/8/8 b - - 0 50	h5h4 a5b6 h4h3 a4a5 h3h2	665	000g0p101e1l
IPp0D	8/6B1/8/5b1p/2p4k/2P4P/7K/8 w - - 0 51	g7f6	665	080p13141b
JYT7K	4kr2/1p3n1R/p2p1p2/5P2/4PbRP/2PK4/PP6/8 b - - 6 48	f7e5 d3e2 e5g4	665	010p0s1o
JxMZC	r1r3k1/7p/q5pB/3P3b/5R2/2b5/P1P2Q2/5RK1 w - - 0 28	f4f8 c8f8 f2f8 a8f8 f1f8	665	101316191d1n
KwIlL	6k1/5b1p/5ppB/1p6/1P6/1n3P2/B3rP2/3R3K w - - 1 35	d1d8 e2e8 d8e8 f7e8 a2b3	665	010p10
LuAcJ	5rk1/pQ5p/6p1/2p5/2Pp3R/1P2pPP1/P1q1P1K1/8 w - - 6 33	b7h7	665	0p13141b
M0XkP	1r1q3k/pb1n1rbB/2p1p3/1p1nN2p/3P2pP/P3P1B1/1PQ2PP1/R3K2R w KQ - 0 20	e5f7	665	0t0y1314191b
MvfLD	6k1/pp3pp1/7p/8/2P5/3r1P1P/PB3K2/R7 b - - 1 27	d3d2 f2e3 d2b2	665	010p0s1o
NTSS1	2kr1b1r/pp2pppp/1q3n2/3P4/2B1PBn1/1PN2N2/P4PP1/R2QK2R b KQ - 0 13	b6f2	665	0413141b1c
NgwjZ	1k5r/p4p2/2p2n2/1p4Qp/6pP/1B1P1bP1/Pq6/4RRK1 b - - 1 29	b2g2	665	1314191b
SXrCN	r1bqkbnr/pp1np3/4p1p1/3p3Q/3p4/2N5/PPP2PPP/R1B1K1NR w KQkq - 0 9	h5g6	665	13141b1c
UIMXl	8/R4bk1/2p1p2p/2Pp1p2/3P1Pn1/P2BPKP1/1r6/7R b - - 4 43	b2f2	665	0p0q0u1113141b
UjEZ4	3r1qk1/p3n3/1p3npp/2p2b2/4N3/P1PP2P1/1PQ1RP2/4R1K1 w - - 14 28	e4f6 f8f6 e2e7	665	0g0j0y11191o
WhCA3	r4rk1/p5pp/1pp3n1/2p1p1NQ/2q3b1/2N5/PP3PPP/3RR1K1 w - - 1 18	h5h7	665	0y1314191b
X2cdm	2r5/3R1B2/2P2k1K/pP4p1/P4p2/5P2/8/8 b - - 0 57	c8h8	665	0p13141b
XFUlB	k7/8/BR4pp/3r4/1B6/4npPK/P6P/8 b - - 0 38	d5h5	665	020p1113141b
ZGIJt	3r1rk1/1b3ppp/pN6/1pN3q1/1PpP4/P7/2Q2PPP/2R2RK1 b - - 0 22	g5g2	665	0y111314191b
ZO3o9	8/2P4p/b4Rp1/3kPp2/1B3P2/4p3/r5PP/4K3 b - - 5 45	a2a1	665	0p13141b1f
ajrl3	r2r2k1/pp3p1p/2q3p1/3R4/7P/3Q4/PP3PP1/4R1K1 w - - 1 23	d5d8 a8d8 d3d8	665	0g0p111o
bnUQV	r4rk1/p5pp/2Np2q1/3p4/4p3/2P2Ppb/PPQN4/R3R1K1 w - - 1 21	c6e7 g8h8 e7g6	665	010s191o
c40FV	7k/5pp1/4p1b1/pB6/Pp5q/4n2R/1P2Q1PP/3r3K w - - 2 31	e2d1 e3d1 h3h4	665	01191g1o
eInqD	r2q1rk1/1R3ppp/p2p1n2/2p1b2N/4P1Q1/7P/P1PB1PP1/5RK1 w - - 6 21	g4g7	665	0y1314191b
eSUX0	8/8/6R1/8/7k/6p1/2PK4/7r w - - 0 43	g6h6 h4g4 h6h1	665	0g0p1m1o1p
eW212	r3r1k1/2p2ppp/p4n2/8/3N1b2/1PPR4/1P1P1PPP/RNB3K1 b - - 0 15	e8e1	665	1314191b
ejfSy	r2r2k1/1p3pp1/p2bp1p1/8/4N3/1PPR4/1P3PPP/R5K1 b - - 1 22	d6h2 g1h2 d8d3	665	0g0j0p0y1o
fShYw	7k/pbp3pp/1p2Q3/2q5/8/1P1P1r2/P1P2R1P/6K1 w - - 0 29	e6e8 f3f8 e8f8 c5f8 f2f8	665	060p101316
gWQ9v	8/5p2/1P2bk1p/pR3p2/Pq1p2p1/8/2R2PPP/4N1K1 b - - 7 38	b4e1	665	0p0t13141b
hortv	1rqr2k1/pp1nbppp/3pb3/2p3Q1/2P5/1P4P1/PB2PP1P/3RR1KB w - - 0 19	g5g7	665	0y1113141b1c
iMGVK	r2qk2r/1ppbpp1p/6p1/P1np4/8/5P2/4P1PP/QNB1KBNR w Kkq - 0 13	a1h8	665	060t13141b1c
iMyqw	2b1r1k1/3p1ppp/p1pQ3R/1p2P3/8/3B2q1/PPP3P1/1K2R3 b - - 0 23	g3e1	665	060t1314191b
iuj3N	8/8/8/8/8/R4Pk1/2r5/6K1 b - - 6 61	c2c1	665	0p1113141b1m
jrLOq	8/5k2/8/1p3b2/1P1P1B2/P5p1/1P5p/7K b - - 0 45	f5e4	665	080p13141b
l8iXn	r6k/ppb2Qpp/8/3pP3/4b3/8/3q2PP/5R1K w - - 7 28	f7f8 a8f8 f1f8	665	060p13151n1o
lau72	r5k1/4b1p1/p1pp2qp/1p2p3/2P1N1b1/1P1P1P2/1P1Q1P1P/R3R2K b - - 0 21	g4f3	665	0y1314191b
mqSqG	7k/1p2Qpb1/p1rr4/4pB1p/P3P2P/1P4P1/8/6K1 w - - 2 40	e7e8 g7f8 e8f8	665	0p13151o
ocxNu	4rk2/2p2p1Q/1p5p/1PbP2p1/8/1B6/5RPP/6K1 b - - 0 33	e8e1	665	0p13141b1g
pEQxi	r1b1k2r/pp3p1p/2q1pp2/8/1bp1P3/2N5/PP1Q1PPP/2KR1B1R w kq - 2 12	d2d8	665	1314191b
pNU9v	2k5/p1p3pp/1p3p2/3Bpn1P/8/1P4P1/P1P5/6K1 w - - 0 23	d5e6 c8b7 e6f5	665	010p0s1o
q0eeK	3r2k1/p1p2ppp/b3p3/2p1P1qP/3r2P1/2N5/PPP2Q1R/1K3R2 w - - 6 23	f2f7 g8h8 f7f8 d8f8 f1f8	665	06101316191n
rXdlm	r2q1rk1/p1p1bppp/2pp2b1/5P2/2P3P1/1P6/PB1NP3/R2QKB1R b KQ - 0 14	e7h4 h1h4 d8h4	665	1315191o
reqR4	3r2k1/p4ppp/1p3n2/3b2B1/B7/8/P1P2PPP/3R3K b - - 6 23	d5g2 h1g2 d8d1	665	0g0j0p1o
sB36i	8/R7/1p6/2p2kp1/7p/1PP4K/1P3rP1/8 w - - 2 47	a7f7 f5e4 f7f2	665	0g0p1m1o1p
sHhwQ	7R/r4k2/6p1/8/7P/5pK1/8/8 w - - 0 61	h8h7 f7e6 h7a7	665	0g0p1m1o1p
sRLG0	3R4/8/5pk1/4p3/4P2K/3P4/8/6r1 w - - 0 56	d8g8 g6f7 g8g1	665	0g0p1m1o1p
uGHbw	1r3rk1/p1p2p1p/2Bp2p1/3Pb3/3pPq2/1P1R3P/P3QPP1/5RK1 b - - 3 19	f4h2	665	1314191b
uq4FM	8/5pk1/3pb1p1/1p2p2n/pP2P2P/P4P2/2K5/3RN3 b - - 1 37	e6b3 c2c1 b3d1	665	0g0p111o1p
vU6XG	4rr1k/p1p2p1p/5Np1/8/4B2Q/4B3/Pqp3PP/7K w - - 2 26	h4h7	665	1314191b
vVcPv	r1b2rk1/1p3pp1/p6p/n7/PP1Np2q/2P5/Q5PP/RNB1R1K1 b - - 3 17	h4e1	665	0t0y13141b1c
wk0hX	rnb1k2r/pp1p1pp1/1b3q1p/1N2p3/1P2P3/N1P5/P4PPP/R2QKB1R b KQkq - 1 10	f6f2	665	0413141b1c
xFwUp	3r1nk1/pp3rp1/4p3/1q1pP3/5R2/P1P5/1PBQ2PP/5R1K b - - 0 31	b5f1 f4f1 f7f1	665	061315191o1y
zPNAA	4r2k/p5p1/1p4Pp/8/2r5/5Rq1/P7/5R1K w - - 0 51	f3f8 e8f8 f1f8	665	0p13151j1o
zUgrz	8/3K4/2N5/2pP4/2q3k1/8/8/8 w - - 0 54	c6e5 g4f5 e5c4	665	0g0p0s1o
0zURy	r2qk1nr/2pn1pb1/pp1pp3/8/P1PP4/2N1PQPp/1P1N3P/R3BRK1 w kq - 1 17	f3f7	666	0413141b1c
1oamR	6k1/2r3pb/p1r1p2p/2p1N3/P4p2/1P6/5PPP/3RR1K1 w - - 6 34	d1d8	666	0p13141b
2IpnQ	2k3r1/2p2p2/R1p2B1r/1p1bP3/3R1P1p/2P3p1/2P3PP/6K1 w - - 0 24	a6a8 c8b7 a8g8	666	0g0p1o1p
3KLEI	8/6pk/p2R1p1p/1p3P2/6PP/P1PK4/1P6/4r3 b - - 2 40	e1d1 d3e4 d1d6	666	0g0p1m1o1p
4dMya	4r3/p1p5/8/1p6/4N1k1/2P2pP1/PP3K2/8 w - - 3 42	e4f6 g4f5 f6e8	666	0g0p0s1o
4lIuE	1r4k1/5ppp/2p1pnq1/r2p4/5Q2/7P/6P1/4R2K w - - 0 35	f4b8 f6e8 b8e8	666	0p13151o
4o9fx	rn2kbnr/pp2p1pp/2p5/3q1p2/3N4/2NPB1Pb/PPP1BP1P/R2QR1K1 b kq - 1 15	d5g2	666	13141b1c
55ReF	6R1/4k3/7p/2N1p3/KPPnP2P/8/1r6/8 b - - 4 46	b2a2	666	020p13141b
5cvgY	r4rk1/5ppp/pp1qp3/3p4/3P2n1/2PQ4/PP1NRPPP/4R1K1 b - - 2 19	d6h2 g1f1 h2h1	666	0y1315191o
62KOb	r5k1/ppp3pp/2np2b1/4p1N1/2P1P3/3PnB2/PP1Q1qPP/RN5K b - - 6 16	f2f1	666	1314191b
63CNU	2r2rk1/1p3ppp/p7/3Bb3/1P6/1K1Q1P2/P5q1/R6R w - - 0 32	d3h7	666	1314191b
7V8Wr	r3rk1n/1pp1qpp1/1p1p4/6P1/4P1b1/1NN5/PPP5/1K1R1B1R w - - 0 21	h1h8	666	061314191b
D5Zna	rk3bnr/pppR1qp1/7p/8/4P3/2N5/PPP2PPP/2K4R w - - 0 22	d7d8	666	061314191b
DOls6	8/8/5b2/6p1/8/1p6/1P1N1k2/3K4 w - - 2 53	d2e4 f2e3 e4f6	666	0g0p0s111o
DbxOj	6k1/5pp1/5q1p/5B2/5Q2/6PK/r6P/8 w - - 2 32	f4b8 f6d8 b8d8	666	0p13151o
FDosJ	1k1q4/p5p1/Pp2p2p/1Pp1P3/2P1Qr2/5P2/7P/6K1 w - - 0 35	e4b7	666	0p13141b
FGm84	8/4Bk2/3p2p1/4p3/1Q1nP1BP/1P4PK/P1r5/2r5 b - - 4 38	c1h1	666	0p1113141b
FQAFc	r4r2/p4pkp/1p3n2/3q4/3B4/5P2/1P4PP/3Q1RK1 w - - 0 22	d4f6 g7f6 d1d5	666	0g0j191o
HFLLD	r4r1k/bpp3pp/8/pP2B2q/P1B5/3P1b2/1Q2nPPP/R4R1K w - - 0 22	e5g7	666	0y1314191b
HiEp1	r2qk2r/pp3ppp/2n5/3B4/8/2P1PQ1P/P1P3P1/2K4R w kq - 1 16	f3f7	666	041314191b
IZ5DP	4r2k/5Qpp/3p1b2/6q1/1n6/1B6/2P2PPP/1R1b2K1 w - - 1 26	f7e8	666	060t1314191b
IjTnc	r1br1k2/5NbQ/2p1p1p1/pp6/n1B1P3/8/1PP3PP/R1B4K b - - 0 21	d8d1 c4f1 d1f1	666	061315191o
JeK1x	5k2/pp2ppb1/1q6/2Qp1p1p/2B2P1P/8/PrP3P1/2KR4 w - - 2 26	c5c8 b6d8 c8d8	666	0p13151o
JzRGx	4r2k/p5pp/1pq5/6B1/3Q4/P7/1P3PPP/2R3K1 b - - 2 26	c6c1 g5c1 e8e1	666	060p13151n1o
L0Ybn	Q3q1k1/p7/3p2p1/5nP1/8/1P2r3/P1P5/1K2R3 w - - 2 33	a8e8 e3e8 e1e8	666	0g0p1o1y
LMblL	8/1p3k2/5p1P/2r5/6n1/2P4R/PP3P2/7K b - - 0 37	g4f2 h1g2 f2h3	666	0g0p0s1o
MRLWE	2r3k1/5ppp/3Qp3/8/1p6/2q3P1/P4PKP/3R4 w - - 4 40	d6d8 c8d8 d1d8	666	060p13151n1o
MwooG	1Q1n2k1/5ppp/8/pP2R3/P4q2/5B2/5PPP/2R3K1 b - - 0 35	f4c1 f3d1 c1d1 e5e1 d1e1	666	0p0t101316
NonKb	2kr3r/2p2pp1/p1p2n2/8/4P1p1/2N5/PP1BQPPq/R3RK2 b - - 5 18	h2h1	666	1314191b
OnXgD	r4r1k/1b4pn/p2qB2p/Pp1p1p2/1PpPpN2/2P1P2P/2Q2PP1/4RRK1 w - - 4 31	f4g6	666	1314191b
PMhyl	r1bq2r1/pp3p1k/4pPp1/3pn3/3P2P1/N1PB1R2/7P/R5K1 w - - 0 21	f3h3	666	111314191b
PettC	8/8/1k6/3n2p1/1PK3P1/8/8/5B2 b - - 4 65	d5e3 c4b3 e3f1	666	0g0p0s1o
QgFGm	8/p6p/5p2/5k2/1P1K4/P4NP1/6rP/8 w - - 0 37	f3h4 f5e6 h4g2	666	0g0p0s1o
Qrx1T	2kr2nr/Bpp2ppp/3bp3/4q3/2B5/5P1P/PP2QPP1/R4RK1 b - - 0 13	e5h2	666	1314191b
SPNIm	2r3k1/3r1pp1/n1P1p2p/8/8/4P1PP/5PK1/2R5 w - - 0 34	c6d7 c8c1 d7d8q	666	000g0p1h1o
T0lGt	8/8/4N1pk/5p2/4p3/3b2K1/2r5/R7 w - - 0 44	a1h1 c2h2 h1h2	666	020p13151o
UQ0hj	3r3k/2R5/4q2p/3pp1p1/4Qp2/7P/6P1/6K1 w - - 0 54	e4h7	666	0p13141b
UyCCm	R7/2q1kpp1/1p5p/2p1r3/3p1Q2/1P1P3P/2P2PP1/5K2 b - - 3 33	e5e1 f1e1 c7f4	666	0g0j0p111o
Y6q3z	r4rk1/pp1q1ppp/2p2n2/4N3/8/2NP4/PPP1B3/R1B1Q1RK b - - 0 18	d7h3	666	1314191b
YBZQi	3k4/p2Pn1p1/4Pp1p/2p4P/8/2B5/P7/2K5 w - - 0 35	c3a5	666	0p13141b
YLneh	5k2/5p1p/2bR1pp1/1pP5/4P3/1P3P2/rrB1RKPP/8 b - - 2 29	b2c2 e2c2 a2c2	666	0g0p1o
YVb3l	2r1k3/p5p1/4p1p1/P1p5/2N2P1P/2rPPK2/8/R7 w - - 1 30	c4d6 e8d8 d6c8	666	0g0p0s111o
Z2EWn	8/8/5p1p/2k3p1/2PpPP1P/1K1P1BP1/8/1n6 b - - 0 43	b1d2 b3c2 d2f3	666	0g0p0s111o
ZbYxz	5b2/5pkp/1R4p1/p3p3/8/2P2P2/PP4PP/6K1 b - - 0 28	f8c5 g1f1 c5b6	666	010p0s1o
aGrkb	4r1k1/p1q2ppp/8/4r3/8/2P3Q1/PP3PP1/R3R2K b - - 4 23	e5e1 a1e1 e8e1	666	0g0p1o
bYNo6	3Q4/p7/1p6/2p1kbp1/2P5/4p3/4Bp2/5K2 b - - 0 57	f5h3	666	0p111213141b
byhV6	4r2k/3n1p1n/4pNp1/qb1pP1P1/3P4/1p5R/5PP1/1q1R2K1 w - - 0 41	h3h7	666	030y111314191b
c0aK5	6k1/pp1b2pp/2p5/3pr3/4B3/2P4P/PP1K2P1/4R3 w - - 0 24	e4h7 g8h7 e1e5	666	010j0p111o
d3jsw	2R5/p3pk1p/6pB/4qb2/8/4PQ2/P4PPP/6K1 b - - 0 25	e5a1 c8c1 a1c1 f3d1 c1d1	666	060p101316
e0iOB	r5k1/6p1/6Q1/3Pp1P1/1p6/2q5/2PR1P2/1K2R3 b - - 2 34	a8a1	666	0p0x13141b
e0m3N	2r5/1N3kp1/p3pp2/3p2p1/r2P2P1/2P3K1/1P3P1P/2R5 w - - 0 36	b7d6 f7g6 d6c8	666	010p0s1o
eurfm	r7/1R3p2/1p5p/1N1pk3/4b2P/2P3P1/1P3P2/6K1 b - - 0 32	a8a1 g1h2 a1h1	666	0p13151d1o
fYKeB	3r1r1k/pp4pB/1bp1p2p/3np1q1/3P2P1/P2Q1R1P/1PP5/1K3R2 w - - 0 27	f3f8 d8f8 f1f8	666	0y1315191o
fhIJ8	3R4/pkp1r1p1/7p/Pr2q3/1P4Q1/2P5/5PPP/3R2K1 b - - 3 31	e5e1 d1e1 e7e1	666	060p13151n1o
gJQbO	r2q1rk1/2p1bppp/p7/1p2p3/4P1n1/2PP1PNb/PPB4P/R1BQ2RK b - - 0 17	g4f2	666	1314191b
hHvZ3	8/1p3p2/4pk1p/6p1/p1PP2P1/Pp3bP1/1K6/6R1 w - - 1 39	g1f1 f6e7 f1f3	666	0g0p111g1o
iGmri	6r1/ppp2pk1/5Rpp/3q4/1P6/2Q5/PB3PPP/6K1 b - - 0 22	d5d1 c3e1 d1e1	666	0p13151o
jZzHT	r6k/p1p2ppp/b7/4N1q1/3P1n2/2P3P1/PP3P2/R3R1K1 w - - 8 25	e5f7 h8g8 f7g5	666	010s191o
kLIGh	6k1/pR3ppp/3p4/2bP2q1/8/5P2/P1P1rP1P/5K2 w - - 0 26	b7b8 g5d8 b8d8 e2e8 d8e8	666	060p101316
kPpjt	8/8/4p1p1/3pP3/RP3Pk1/P7/4n3/1K6 b - - 0 46	e2c3 b1b2 c3a4	666	0g0p0s1o
kdoTg	4r1k1/ppp2r1p/6pQ/3p4/8/7R/PPP2RPP/6K1 b - - 0 23	e8e1 f2f1 e1f1	666	0p13151j1o
kueyk	r1bq3r/pp1pp1kp/2n3p1/4b3/8/1BN2Q2/PP3PPP/R1B2RK1 w - - 2 13	f3f7	666	13141b1c
lEzaM	2b4r/k6r/p4N2/1p6/4P3/2P5/PP3RPP/4R2K b - - 2 35	h7h2 h1g1 h2h1	666	0p13151o
lgQ7t	8/5p2/1r3k2/7R/7P/6p1/6P1/6K1 w - - 0 38	h5h6 f6f5 h6b6	666	0g0p111m1o1p
mS0kL	7k/2q3bp/4Q1p1/1pPr1p2/8/4P1PP/5PK1/8 w - - 0 40	e6e8 g7f8 e8f8	666	0p13151o
mhJ8n	r4rk1/1pb2pp1/p1n4p/2pq4/P4pQP/NP1P2P1/1BP2P2/R4RK1 w - - 0 18	g4g7	666	0y1314191b
mkXVr	rn2k2r/pp3ppp/2pbpn2/2P4q/3P4/4BB2/PP3PPP/RN1Q1RK1 b kq - 0 10	h5h2	666	0y13141b1c
ooJ0u	r3k1nr/ppp2ppp/8/2b1P3/3qp1b1/1B6/PPPP1QPP/RNB1K2R b KQkq - 6 9	d4f2	666	0413141b1c
pZfHt	2r2k1K/3R3R/4p1r1/2P1Pp2/pP3P1p/P4P2/8/8 b - - 9 49	g6g8	666	0p13141b1m
pgUEV	8/p1r5/1p2q1k1/1P3R2/2Pp2p1/3Pp1Pp/4P2P/R4QK1 b - - 0 50	e6f5 f1f5 g6f5	666	010p11121o
r6adF	5rk1/pp4p1/1Pp4p/3p4/1Q1P4/2P1r3/2P2RPP/6K1 b - - 0 27	e3e1 f2f1 e1f1	666	0p13151j1o
rdACD	4k3/5p2/5P1p/1b1PPKp1/1P4P1/7P/8/2B5 b - - 6 45	b5d3	666	080p1113141b
sDISI	8/1P6/7k/8/P1P5/8/5Rp1/2K5 b - - 0 45	g2g1q c1d2 g1f2	666	000g0p0s1h1o
sRbNx	rn2Qb1k/p3p2p/1p4p1/7q/P2P4/2P3B1/1P5P/5nKR w - - 2 30	e8f8	666	0t0y1314191b
sYhMi	8/8/7b/2P1ppp1/1p6/1k3P1P/5K2/8 w - - 0 51	c5c6 b3a2 c6c7 b4b3 c7c8q	666	00080g0p101h
smVaK	8/2N1k3/4bn2/2p3p1/8/6K1/1P1R4/8 b - - 1 50	f6e4 g3f3 e4d2	666	0g0p0s111o
tuoR7	8/5ppk/3p3p/8/3R4/1pn4P/4QPP1/6K1 b - - 0 35	c3e2 g1f1 e2d4	666	0g0p0s0t1o
tx49G	2r3k1/ppr2ppp/8/8/3p3P/P2Pn1P1/1RP5/1NK1Q3 b - - 0 27	c7c2 b2c2 c8c2	666	0p13151k1o
uvhAh	r7/4p3/P3k3/R2Np3/5p1p/4b2P/6P1/7K w - - 2 43	d5c7 e6d7 c7a8	666	0g0p0s1o
vv4dD	6k1/pbr2pp1/1p3r2/8/2p1B3/2P5/P4PPP/3RR1K1 w - - 0 26	d1d8	666	0p13141b1f
xkHwQ	8/8/5K2/7p/6rk/6p1/8/3R4 w - - 2 66	d1h1	666	0p1113141b1m
yZ0E7	8/pq3p1p/1pbn1kpb/4p3/2P5/5N1P/P1B2PP1/4Q1K1 w - - 0 32	e1e5	666	1314191b
zrOO9	8/2R3pk/7p/4P3/6PK/3r1r1P/8/R7 b - - 0 45	f3h3	666	0p13141b1m
36wuI	5rk1/p1p3p1/1p3r1p/4b3/8/P4P1P/1P2B1KP/R3R3 w - - 0 27	e2c4 g8h8 e1e5	667	0g0j0p1o
3ey96	2r1k1nr/pp1b1ppp/4p3/3pP3/3P4/1P1B4/P4PPP/RN2K2R b KQk - 2 13	c8c1 e1d2 c1h1	667	0g191o1p
49VRo	8/8/8/2K1P3/2pP4/3k1P2/8/8 b - - 0 66	c4c3 e5e6 c3c2 c5d6 c2c1q	667	000g0p101e1h
4RHQD	6k1/6r1/4P1P1/2p5/3p4/1p1P4/4RK2/8 w - - 1 59	e6e7 g7e7 e2e7	667	000g0p1m1o
5GaLP	2Q5/8/8/5q2/6pp/5k2/5P2/5K2 w - - 23 81	c8f5	667	0p0t1113141b1i
6CqmM	8/3N4/p7/1p1q1p1k/8/2B5/1P3K2/8 w - - 6 57	d7f6 h5g5 f6d5	667	0g0p0s111o
6KpG4	N1bk1b1r/pp1p1ppp/1q1Pp1n1/8/4n3/2P5/3B1PPP/R2QKBNR b KQ - 1 13	b6f2	667	0413141b1c
6g3IA	r1r5/p2p1k1p/5Bp1/3p4/8/R7/1P3PPP/2R3K1 b - - 0 30	c8c1	667	060p0t13141b
7JfbC	r2r2k1/2pn1ppp/p1N2b2/1p1P4/4RP2/PK6/1PP1B1PP/3R4 b - - 3 22	d7c5 b3b4 c5e4	667	010s191o
7Zusa	r2qk2r/1p1b1pbp/p1np2p1/4p3/1PB1PQn1/2P2N2/P2N1PPP/R1B1K2R w KQkq - 0 12	f4f7	667	041314191b
8VtrK	3r1rk1/1b2ppbp/p5p1/1p2N3/3Pq3/PB2B3/1P4PP/R2QR1K1 b - - 0 18	e4g2	667	0y1314191b
8Yu1d	rnb2r2/pp3Npp/5n2/1B1k4/3p4/8/PP1K1PPP/4R2R w - - 1 16	e1e5	667	1314191b1f
8mPnT	r1b1r1k1/p5pp/8/3p1P1Q/2p4N/2q5/P1n3PP/1R3RK1 w - - 2 22	h5e8	667	0t0y1314191b
BQmU5	k7/1R2r3/7p/3Q4/8/P1P3p1/P5P1/7K b - - 0 49	e7e1	667	0p13141b1j
BorwJ	2kr1b1r/ppp3p1/4pn1p/8/1q3B2/2Q5/PPP2PPP/RN2R1K1 w - - 0 14	c3c7	667	1314191b1k
CPWup	7k/R4rpp/8/8/1p1p4/3P3P/1q3PP1/5RK1 w - - 0 29	a7a8 f7f8 a8f8	667	060p13151j1o
CRaPu	r6k/p5p1/b1pq3p/1p6/2P4Q/1P5P/P4PP1/R1B2K2 b - - 1 25	d6d1	667	0p13141b
CXBHU	5rk1/p5p1/5q1p/4R3/8/3P4/P1P2RPP/2Q3K1 b - - 0 32	f6f2 g1h1 f2f1 c1f1 f8f1	667	060p101316
CjcFT	3r2k1/p4p2/5P1p/8/2P3rp/Q7/PP4RP/7K b - - 0 28	d8d1 g2g1 d1g1	667	0p13151j1o
DMgy1	8/7p/8/p7/8/1k1K2P1/5P1P/8 b - - 1 40	a5a4 f2f4 a4a3 f4f5 a3a2	667	000g0p101e1l
DUqRI	r3qr2/6pk/1p1b1p2/pPn1pP2/2BpR3/3P4/2PB1PPP/R5K1 w - - 0 25	e4h4 e8h5 h4h5	667	1315191f1o
FJBxK	3rqr2/ppp3kp/2nn1p2/4p1N1/2P4Q/2NP2Pb/PP3P1P/R4RK1 w - - 0 19	h4h7	667	1314191b1s
Fuikz	3r2k1/pB3pp1/4p2p/4P3/5P2/6QP/Pq1r1P1K/5bR1 w - - 0 24	g3g7	667	1314191b
G8aeP	r4rk1/pp2bppp/2n5/2pqN2B/5n2/1P1P3P/PBP2PP1/RN1QR1K1 b - - 0 14	d5g2	667	0y1314191b
H8INg	r1bqkb1r/pppnp3/6p1/3p1p1Q/3PnP2/3BP3/PPP3PP/RNB1K2R w KQkq - 0 9	h5g6	667	1314191b
H9SiP	3rk2r/ppp2p2/5p1p/2b1N3/4R3/8/PPP2PPP/RN4K1 b k - 0 13	d8d1 e4e1 d1e1	667	0y1315191o
HNwkx	r1bqk2r/pppn1ppp/5n2/2bQp3/2B1P3/5N2/PPP2PPP/RNB1K2R w KQkq - 4 7	d5f7	667	0413141b1c
HQzcN	7k/pRR5/7p/1r6/8/6P1/4nPPK/8 b - - 4 39	b5h5	667	020p13141b
I0JIJ	r1b1k2r/pp2ppbp/2Np2p1/7q/6n1/P1N1B1P1/1PP1PPBP/R2Q1RK1 b kq - 0 11	h5h2	667	0y13141b1c
KzkWY	r2qk2r/p4ppp/2p1B3/n1Q5/8/2n5/P4PPP/R1B1K1NR b KQkq - 0 14	d8d1	667	13141b1c
LGvbu	r4kr1/pp3p1p/4pp2/3p4/3P3q/2P4B/PP2QP2/R3R2K b - - 1 23	h4h3	667	0t0y1314191b
Lr76c	2r3k1/pb3ppp/1q2p3/2QpP3/8/1N6/PP3PPP/2R3K1 w - - 1 20	c5c8 b7c8 c1c8 b6d8 c8d8	667	060p101316
MLCtK	3R4/5p2/pn3B2/3pPp1k/3Pq2N/1P4K1/P7/8 w - - 6 38	d8h8	667	0p1113141b1f
MMXd8	5r1k/1p4pp/p3R3/2p5/q7/8/PPP3PP/5R1K w - - 0 27	f1f8	667	060p13141b1j
Mvenh	6k1/5p1p/2N1pB2/3b1p2/5P2/P1P3PP/1P3R1K/1r6 b - - 0 33	b1h1	667	0p1113141b1d
O9Ww0	8/8/3p4/P2Bb3/1p1kP3/6p1/6K1/8 w - - 1 67	a5a6 d4c3 a6a7	667	00080g0p111o
PlxiJ	5r1k/5p1p/5qpQ/3p4/3P4/7P/1R4K1/8 w - - 0 38	h6f8	667	0p0t1113141b
Q6m2U	5rk1/4Rpp1/1q1p4/2p2b2/2P4Q/3n2KR/2P3PP/r7 w - - 0 27	h4h8	667	1314191b
QDbbP	8/1k3B2/8/5p1p/8/1PR2bP1/3r1P1P/5K2 b - - 0 38	d2d1	667	0p1113141b1f
R0iT8	1r4k1/3bqpp1/p3p2p/P3P3/3P1PPP/2P5/2BQ4/2KR4 b - - 0 30	e7a3	667	0p13141b
Rnqzb	8/5p2/5Rp1/1b1kP3/1P1Br3/2Kp3P/8/8 w - - 22 56	f6d6	667	0p13141b1f
Rvvns	r7/pp3kbR/q1n1p1p1/3p1pP1/3P4/1B4Q1/PPPB1P2/2K5 b - - 0 22	a6f1 d2e1 f1e1	667	1315191o
ShPSe	6rk/1p3p2/2p2N1q/p3P3/P7/8/1PP3RP/7K w - - 0 34	g2g8	667	030p13141b
SlUep	8/8/2N5/5pp1/2b2k2/P1R2P2/1P4rP/K7 b - - 15 38	g2g1 c3c1 g1c1	667	0p13151f1o
TrlVw	8/8/8/8/6k1/3r3N/6PK/8 w - - 0 58	h3f2 g4h5 f2d3	667	0g0p0s1o
URkD9	r3r1k1/bp3ppp/p1pp2q1/5N2/1PP1N2n/P2QP3/1B4PP/R4RK1 b - - 0 21	g6g2	667	0y1314191b
Ui4Sh	1nbqkbnr/r2p1ppp/8/1ppQP3/2B5/5P2/PP4PP/RNB1K1NR w KQk - 0 10	d5f7	667	0413141b1c
V2kim	8/6k1/8/8/3P4/1r2P3/1P2K2R/8 b - - 0 41	b3b2 e2f3 b2h2	667	0g0p111m1o1p
VCQEp	8/8/3nk2p/1pKp2p1/p5P1/P1P4P/1P1R4/8 b - - 11 58	d6e4 c5b5 e4d2	667	010p0s111o
VL9IP	r4rk1/pp1b1ppp/2Bb1n2/q3p1N1/8/3P1Q2/PPP2PPP/RNB1R1K1 b - - 0 12	a5e1	667	0t0y1314191b
VPbNe	r5k1/ppQ2ppp/8/3p4/3qb3/8/PP3PPP/2R3K1 w - - 0 24	c7c8 a8c8 c1c8	667	060p13151n1o
VdjYI	1r1qkb1r/1b1p1p1p/p1nP1np1/1pBBp3/4P3/1QP2P2/6PP/RN2K1NR w KQk - 2 15	d5f7	667	041314191b
VeY0b	3r3k/R3R2p/5p2/5N2/8/6P1/pr5P/6K1 b - - 1 36	d8d1 e7e1 d1e1	667	0p13151o
VhCSl	6Q1/7K/4Pk2/8/2P1r3/8/8/8 b - - 0 66	e4h4	667	0p13141b1j
WkkOz	k6r/ppQ5/4pq1P/3r1p2/4n3/P7/5PP1/2R1RK2 w - - 6 34	c7c8 h8c8 c1c8	667	061315191n1o
XIwUw	r1b2r2/pp2N1pk/1n6/3p2p1/2pP4/P1N4P/1PP2qP1/R2QR2K w - - 0 19	d1h5	667	021314191b
ZEdPs	r1bqk2r/ppp2pp1/2n2n1p/4p2Q/1bB5/2NPB3/PPP1NPPP/R3K2R w KQkq - 4 9	h5f7	667	041314191b
ZagGG	3k3q/ppp5/8/3p2N1/8/4nP2/P5PP/6RK w - - 0 28	g5f7 d8e7 f7h8	667	010p0s1o
b5qiy	r3k2r/2qnbppp/4p3/p7/QP1N2n1/3BB3/PP3PPP/R4RK1 b kq - 0 18	c7h2	667	0y1314191b
c9Ctg	r1bq1rk1/3n4/p1p2b2/1p1n1Q2/3P4/2PB4/PP1N1PP1/R1B1K3 w Q - 1 19	f5h7	667	1314191b
cEjdU	1r6/8/8/4RK2/3k4/8/8/8 b - - 41 106	b8f8 f5e6 f8e8	667	0g0p1m1o
cHpv5	r3k2r/1p2n1pp/p1b1ppq1/8/2PQ4/PP1B4/1B3PPP/R4RK1 b kq - 2 20	g6g2	667	0y1314191b
ca8uA	8/p4kpp/2p5/3r4/PP1nN3/8/6PP/2R3K1 b - - 0 35	d4e2 g1f2 e2c1	667	0g0p0s1o
dECQF	8/7p/K7/3p4/1P1k3P/8/8/8 w - - 1 48	b4b5 d4e3 b5b6 d5d4 b6b7 d4d3 b7b8q	667	000g0p1e1h1l1w
do9f4	4r3/pp2p1k1/1q1p4/5rN1/P5Q1/3p3R/1PP2PPP/2B3K1 b - - 0 22	b6f2 g1h1 f2f1	667	0y1315191o
eIbe2	2krr3/pp6/4p3/4Bpp1/3P4/P7/5PP1/2q1R1K1 w - - 0 30	e1c1 c8d7 c1c7	667	0p0t13151d1o
eMcXg	r3r1k1/pp3ppp/8/3p4/2p5/1PP2QPq/P4P1P/RN2R1K1 b - - 0 20	e8e1	667	0t0y111314191b
ePKNx	8/8/8/5b2/8/6k1/P6p/3B3K b - - 0 50	f5e4 d1f3 e4f3	667	080p13151o
fj7YZ	8/7k/2b1p3/2P1B2p/2PKpPp1/1r4P1/R6P/8 b - - 6 38	b3d3	667	0p0q13141b1f
g6nyC	rn2kb1r/p4pp1/1p2p3/3pN2p/3P1Bb1/4P3/PP3PPP/R3KB1R b KQkq - 0 11	f8b4	667	0a1314191b
i0pFj	7R/5p1p/4p1p1/3k2P1/2p4P/8/5K2/3r4 w - - 2 52	h8d8 d5e4 d8d1	667	0g0p1m1o1p
k5lyX	r1b2rk1/3nbppp/p3p3/1p1p4/3p4/q4NB1/2Q2PPP/1BR1R1K1 w - - 0 19	c2h7	667	0y13141b1c
lUypu	2kr3r/ppp2ppp/3bpn2/4q3/1PPP4/P1N1BQ2/5PPP/R4RK1 b - - 0 14	e5h2	667	0y111314191b
lnGtk	7B/8/pp1n4/3P4/3K1k2/8/P7/8 w - - 0 42	h8e5 f4f5 e5d6	667	0g0p0s111o
lpwO8	7K/1R5P/5k2/8/8/r7/8/8 b - - 12 61	a3a8 b7b8 a8b8	667	0p13151m1o
luusd	8/8/4pp2/8/1k1nPPPP/1p4K1/8/2R5 b - - 3 39	d4e2 g3f3 e2c1	667	0g0p0s1o
mJcah	5rk1/p1p2ppp/1p6/4q3/2P1r3/5B2/PPQ2PPP/R3R1K1 b - - 1 20	e4e1 a1e1 e5e1	667	0y1315191o
mKWCI	2kr4/2p2ppp/p3p3/q1prP3/2Q2PP1/P3B3/1P5P/3R1RK1 b - - 1 25	d5d1 f1d1 d8d1	667	01191o
mQcZV	r2q1rk1/p1pn1ppp/1p2pb2/8/3PQ3/3B1N2/PPP2PPP/R4RK1 w - - 1 13	e4h7	667	0y1314191b
nMsAj	2k4r/1b1pQpp1/2q5/ppp5/3p1B2/P2P4/1PP2P1P/4R1K1 w - - 3 26	e7e8 h8e8 e1e8	667	0p13151f1k1n1o
nNmNC	r3k2r/pppn1ppb/2q1p3/1N1P2P1/3P1Q2/8/PPP5/2KR1BNR b kq - 0 17	c6c2	667	1314191b1k
pfGQG	r1br2k1/ppq2ppp/2n2b2/2pp4/P1B5/2P2N2/2PBQPPP/R3R1K1 w - - 0 15	e2e8 d8e8 e1e8	667	06111315191n1o
qTQtq	1r4k1/7p/4P1p1/3N4/3n4/8/5PPP/2R3K1 b - - 0 30	d4e2 g1h1 e2c1	667	010p0s1o
sokqL	6k1/5p1p/2p3pP/1p1p4/1P1P1Pq1/1P1bP3/5P2/Q3K2R b K - 0 31	g4e2	667	0p13141b
tK6hT	8/p4ppk/2p5/8/2P2NPp/1P3nrP/P4R2/7K b - - 7 41	g3g1	667	030p1113141b
tY55R	3QN1k1/4rpp1/1p4qp/2p5/p2P4/P3n3/1P4PP/2R2RK1 b - - 1 30	g6g2	667	0y111314191b
uGvhs	2r2r1k/6q1/2b1Q3/1p2P3/pR6/P6P/5PP1/5RK1 b - - 4 33	g7g2	667	1314191b
vOGHi	r1bq1rk1/2p2ppn/p3p3/np6/3P4/2N1PNP1/PPQ2PP1/R3K2R w KQ - 0 13	c2h7	667	0y1314191b
wen8p	8/6k1/4Q3/6p1/1P2r1r1/P3K3/8/8 w - - 1 61	e6e4 g4e4 e3e4	667	0g0p111j1o
ymqb0	1r3rk1/p2bppBp/1qpp1np1/8/4P1P1/2N2P2/PPPQ3P/2KR1B1R b - - 0 13	b6b2	667	1314191b1k
ztbom	r1b2rk1/pp4pp/4p3/2q2p2/2B1p3/8/PPQ2PPP/R3K2R w KQ - 0 19	c4e6 c8e6 c2c5	667	0g0j191o
07BzL	r1bqn1k1/1pp2pp1/p1np3p/1N6/8/3B4/PPP1QPPP/4R1K1 w - - 0 19	e2e8 d8e8 e1e8	668	0y111315191f1o
0l9TH	r4bnr/p3p1pp/4p3/3p4/3NkP2/4P3/PP1PK2P/RN5q w - - 0 16	b1c3	668	1314191b
0pMZp	QKR5/1N1k1p2/4p1p1/3pP1Pp/r7/8/8/8 b - - 0 61	a4a8 b8a8 d7c8	668	0g0p1o
1PCct	3rr1k1/pp1q1ppp/2p5/3bQ3/3PR3/6P1/PP3PBP/4R1K1 w - - 3 25	e5e8 d8e8 e4e8 d7e8 e1e8	668	0610131619
1XXE3	8/2r5/5p2/1kp2P2/2QpP1p1/KP3p2/2q5/3R3R b - - 12 48	c2c4 b3c4 b5c4	668	010p111o
1YL2h	6k1/5p2/4p1pK/R1Nr3p/1P6/P2Pn2P/8/8 w - - 3 39	a5a8 d5d8 a8d8	668	0p13151o
28ns8	6k1/1p2rppp/p7/4nq2/3Qp3/1P2P3/P1R2PPP/6K1 w - - 0 33	d4d8 e7e8 d8e8	668	0p0s13151o
2i9U0	7k/1B1r2pp/3B1p2/2p2b2/1b6/4P3/5PPP/R5K1 w - - 3 29	a1a8 d7d8 a8d8	668	060p13151o
2n2pP	2b5/4k3/p1p3K1/2p1pp1P/2P5/1P6/P5P1/8 w - - 0 40	h5h6 e5e4 h6h7	668	00080g0p1o
3Q98o	1Q2r1kr/5p1p/b4q2/3p1N2/P1p3P1/1p3P2/1b1B3P/1R3K1R w - - 2 30	b8e8	668	0t0y1314191b
4QD0C	r3r1k1/pp2qpp1/2p1n2p/2Np4/1P1P4/P2QP2P/5PP1/1BR2K2 w - - 3 23	d3h7 g8f8 h7h8	668	0y1315191o
4Tbs9	1q2rrk1/1p2bppp/p1bp4/3n4/3QPP2/1P3N2/PB4PP/2RR2K1 w - - 0 17	d4g7	668	0y1314191b
4ikjY	r2q1rk1/1b1nbppB/4p3/3p4/p1P5/1P6/PB1NQPPP/R1R3K1 b - - 0 15	g8h7 e2h5 h7g8 b2g7 g8g7	668	0g0t1019
6nuGP	3B4/p2k3p/1np3p1/2p5/2Ppr3/8/PP3PPP/RN4K1 b - - 0 22	e4e1	668	060p13141b
6uG78	3r4/1p3pkp/p5p1/3qp3/P2p3n/1P1R2P1/3R1P1P/3Q2K1 b - - 0 36	d5g2	668	0p13141b
7L5xZ	6k1/p2B2p1/8/2p4p/2n5/P6P/5K2/8 w - - 2 39	d7e6 g8h7 e6c4	668	0g0p0s111o
89wZz	2r5/8/2kP4/3N4/PKp5/1p6/1P6/8 w - - 1 47	d5e7 c6d6 e7c8	668	0g0p0s1o
8KDLS	3r4/ppp1q1k1/6Bp/8/PP6/NQP1r3/5PPP/R5K1 b - - 1 25	e3e1 a1e1 e7e1	668	1315191o
9ZQyu	r5kr/p4ppp/1p1Qp3/2p1P3/2P4n/6Nq/PPP2P1P/3R1RK1 w - - 3 23	d6d8 a8d8 d1d8	668	061315191n1o
9uAPY	2k5/p1p4p/1p3Np1/8/8/1P6/P6r/R4K2 b - - 0 30	h2h1 f1e2 h1a1	668	0g0p1o1p
ADLZn	8/8/6pp/2k2p2/2P1K1P1/8/6P1/8 w - - 0 41	g4f5 g6f5 e4f5	668	0g0p111e1o
Alq9h	rnq3rk/ppp3pp/5p1N/5b2/3P1P2/8/PP2BPPP/R3K2R w KQ - 0 17	h6f7	668	1314191b1q
B9SxV	r4rk1/2p2pp1/pb5p/np6/3PQ1P1/2P2N1P/qPB2P2/2KR3R w - - 0 21	e4h7	668	1314191b
BRLnD	k1r5/4Rp1p/p1N5/1p3rb1/1P6/6P1/P1R4P/7K w - - 3 30	e7a7	668	030p1113141b
BxPBO	4b2k/1pq2r2/p2pp1QP/8/4P3/P1N1P3/1P4RK/5r2 w - - 1 39	g6g8	668	1314191b
CDe5k	8/6k1/2pP4/1p1b2K1/p1p5/8/PPP5/8 w - - 1 42	d6d7 g7f7 d7d8q	668	00080g0p1h1o
CjBQc	6rk/5p1p/p3RP1q/1p1p3P/3B4/P1P4n/2P3R1/7K w - - 0 42	g2g8 h8g8 e6e8 h6f8 e8f8	668	050g0p1011
EehWS	4r1k1/7p/1Q4p1/4qp2/pn6/8/1P3PPP/1B1R2K1 b - - 1 38	e5e1 d1e1 e8e1	668	060p13151n1o
GgK1a	7k/p1r2np1/1p2R2p/3p4/P2p3q/B1P2P2/2Q3PP/6K1 w - - 0 39	e6e8	668	0p13141b
JRbaG	6k1/4b2p/p1ppq1pB/2p1p3/P1P1P3/1r1P1Q1P/7K/5R2 w - - 4 27	f3f8 e7f8 f1f8	668	0p0y13151d1n1o
JXeq8	3Qq1k1/pb3ppp/4r3/2pp4/3p4/1P3P2/PBP3PP/4R1K1 w - - 2 24	d8e8 e6e8 e1e8	668	060p13151o1y
JYOQE	r4r1k/1b2qppn/p3p3/1p4NP/2pP4/4P3/PPQ2PP1/R3K2R w KQ - 0 18	c2h7	668	0y1314191b
K9CDr	8/R7/5kp1/4r1bp/2B5/P3p3/1P5P/1K6 w - - 3 41	a7f7	668	0p13141b1d
KsLnb	1N6/8/p4k2/Ppr3p1/7p/4K2P/6P1/8 w - - 0 49	b8d7 f6e7 d7c5	668	0g0p0s111o
MOEQH	3Q4/2p3pk/1pp1r1q1/6Nr/6b1/3P1pP1/PPP4R/4R1K1 b - - 7 32	g6g5 h2h5 g5h5	668	01191o
McoaT	2k1r3/1pp2p1p/1p6/3P4/2P5/Pb2rP2/1P1R1BPP/2K2B1R b - - 2 22	e3e1 f2e1 e8e1 d2d1 e1d1	668	101316191d1k1n
Mt97J	7k/6r1/2R2N1p/8/8/3p3P/6PK/rq6 w - - 2 47	c6c8 g7g8 c8g8	668	030p13151o
N0TGu	1nk4r/QpP2p1p/4p3/6p1/3r4/N7/P3nPPK/R4R2 b - - 0 21	d4h4	668	021314191b
N0zNW	1r3r2/p3ppkp/2p2nP1/4q3/np4P1/5P2/PPPQ4/1KN2RNR b - - 0 19	e5b2	668	111314191b1k
NOPlN	8/2p1kp2/2Bp3p/2b1p2r/1p1PPq2/2P2Q2/1P3PP1/R4RK1 b - - 0 27	f4h2	668	1314191b
NsyJm	r1b1kbnr/1pqp1ppp/p3p3/2p1n3/4PB2/2PP1N2/PP2BPPP/RN1Q1RK1 b kq - 2 7	e5f3 e2f3 c7f4	668	010j0y1c1o
OMLwo	r5rk/p1p4p/1p1p4/3Pb1N1/2P2pR1/1R5P/P4P2/3K4 w - - 1 28	g5f7	668	0f0p111213141b
Okwy4	8/pp4p1/7p/7k/5Q2/2q1P3/P2r1PPP/3R2K1 b - - 15 37	d2d1	668	060p0t1113141b
OsnKI	8/pbp5/6kr/2P3p1/3B1pK1/2P5/PP2R1P1/8 b - - 5 38	h6h4	668	0p13141b1f
Pq9cD	4rrk1/ppqnn1pp/2pbbp2/3ppN1P/5PQ1/1P1PP1P1/PBPN2B1/R4RK1 w - - 1 17	g4g7	668	0y1314191b
RrTi3	6k1/p4pp1/1n2p2p/3pP3/3N4/P1q2Q2/5PPP/4R1K1 b - - 0 27	c3e1	668	0p0t13141b
SNEuo	3r1k2/4rp2/p2p2p1/1ppP2P1/3bPKP1/1P5R/P1B5/7R w - - 15 35	h3h8 d4h8 h1h8 f8g7 h8d8	668	0g0p101n1p
SNHzZ	k3r3/p4ppp/2p5/8/8/1R3Q2/qPP2P1P/2K5 w - - 0 29	f3c6	668	0p13141b
ULz4h	r1bqk1nr/ppp2p2/2np4/b5p1/3PP3/1QPB4/PP4PP/RNB2RK1 w kq - 0 11	b3f7	668	041314191b
UxB4S	r4rk1/pp3ppp/3p2q1/2pNn3/4P3/4B1P1/PPP1BP1P/R2R2K1 w - - 2 16	d5e7 g8h8 e7g6	668	0g0s191o
We8ND	6RQ/p7/3r1b2/p4p2/P1B1pk2/1P6/2P5/1K6 b - - 0 48	d6d1 b1a2 d1a1	668	0p13151d1o
Xb5o0	8/pp5p/3k4/1P3R2/3P4/4PK2/8/1r6 b - - 0 55	b1f1 f3e4 f1f5	668	010p111m1o
Y6QAU	r4r1k/1p2N1np/3pp1p1/p1p1n3/4P3/P2PN2P/1PP2RPK/5R2 w - - 0 26	f2f8 a8f8 f1f8	668	061315191o
YXBRV	1k1r4/pp1r1p1p/P4Q2/3q4/8/8/5PPP/RR4K1 b - - 0 27	d5d1 b1d1 d7d1 a1d1 d8d1	668	060p1013161n
Yof1X	1b2rr1k/6pp/3qb3/p1pp4/4n1Q1/PP2PB1P/1B4P1/3RRNK1 w - - 5 26	g4g7	668	0y1314191b
ZaY4x	4r3/8/8/8/4kp2/8/3K4/6R1 w - - 6 53	g1e1 e4d5 e1e8	668	0g0p1m1o1p
aOeq9	r4rk1/1p2nppp/p3pq2/2p5/8/P2Q2P1/1PP2PP1/2KR3R w - - 0 17	d3h7	668	0y1314191b
aQYO9	r2qk2r/p2b1ppp/2p5/2b1p3/2B1n3/5Q2/PPP2PPP/R1B1K2R w KQkq - 0 12	f3f7	668	0413141b1c
aRas7	7k/6p1/1p1pq2p/p4r1N/Pb1Q4/1P1P3P/1P2r1P1/5R1K w - - 0 40	d4g7	668	0y1314191b
bfVRI	5bk1/pp3p2/6pp/3b4/3pN3/P2P1PP1/P5KP/2N5 w - - 1 29	e4f6 g8g7 f6d5	668	010p0s1o
bvkCd	3rr3/p1p2pk1/5p1p/8/4B1qP/1Q1P4/PPP5/1K1R2NR b - - 1 23	g4d1	668	0t1314191b1k
cIALv	5r1k/pp5p/6p1/4b1P1/1Q2p3/P5nP/KPR1p3/4q3 w - - 0 36	b4f8	668	0p0t1113141b
cIh7p	1r3r2/6k1/p1p2p2/1pP1pRN1/1P1pP1p1/P2P4/6B1/6K1 w - - 0 42	g5e6 g7f7 e6f8	668	010p0s1o
cv9fW	5k2/5ppp/1p1N1n2/2pq4/8/6r1/4R1B1/4R1K1 w - - 0 36	e2e8 f6e8 e1e8	668	1315191n1o
dDnZe	8/3k4/8/2P1K2R/4P3/2r5/8/8 b - - 0 50	c3c5 e5f6 c5h5	668	0g0p111m1o1p
dNLXm	6k1/5ppp/5n2/2p5/PpN5/1PnNP3/r4PPP/2R3K1 b - - 4 26	c3e2 g1f1 e2c1	668	010p0s111o
e7Qgr	2kr2nr/ppp2ppp/2p5/2b5/4P1bP/2Q5/PPP2P1P/RNB1KB1R b KQ - 0 9	d8d1	668	13141b1c1d
eZhrP	k1r5/4R2p/1pNp4/1B6/2K5/2P5/1P3r2/1b6 w - - 8 39	e7a7	668	030p13141b
ehqTA	3R4/8/4k1p1/3p1p2/2n2P2/5KPP/8/4r3 w - - 14 56	d8e8 e6d6 e8e1	668	0g0p1o1p
hB6jB	rn3b1r/pp3kpp/4bn2/5B2/5q2/2P5/P1P1QPPP/R3K1NR w KQ - 0 13	e2e6	668	13141b1c
kSAPa	4r1k1/1R4p1/p4p2/3p3p/3P1B1P/5PQ1/2q3P1/5n1K w - - 2 40	g3g7	668	0p1113141b
mOwj8	6k1/p4p1p/2N1b1p1/3rP3/8/3p2PP/P2R2P1/6K1 w - - 0 28	c6e7 g8f8 e7d5	668	010p0s111o
n3y7a	6r1/pppq1p2/2n2B1k/4Pp2/2nP1Nr1/2P2R2/P5PP/R5K1 w - - 0 26	f3h3 g4h4 h3h4	668	1315191f1o
n8Uov	rk1q1bnr/p5pp/B1pPp3/4N3/5p2/8/PPPP2PP/R1B1K2R w KQ - 2 15	e5c6	668	1314191b1k
nL143	3r4/6k1/ppp4p/2N1bP2/8/7P/PP3R2/7K w - - 0 34	c5e6 g7f6 e6d8	668	0g0p0s1o
oBc25	5rk1/5p2/1QR1b3/3pB1N1/3Pq2p/8/5PPP/6K1 b - - 0 28	e4e1	668	1314191b
oQFpV	6k1/4Q1pp/4p3/3pP3/2pq4/4pK2/P3B3/8 w - - 0 30	e7e8	668	0p13141b
p6Lkb	8/8/6k1/8/8/3R2p1/1r4P1/6K1 b - - 2 53	b2b1 d3d1 b1d1	668	0p13151m1o
pnesN	8/2r1k2p/1p6/pPNpPp2/1n1P1P2/7P/8/6RK w - - 0 35	g1g7 e7e8 g7c7	668	0g0p1o1p
pynXL	2r1r1k1/p3bpp1/1p5p/n2q4/2RP4/1Q2BN1P/P4PP1/2R3K1 w - - 3 23	c4c8 a5b3 c8e8	668	0g191o
rOEho	4k3/pb4pp/1p2Bp2/5N2/P3qP2/2n1P2P/6P1/4Q2K b - - 2 38	e4g2	668	0p13141b
s9Kud	1r6/5pkp/2Nb2p1/4P3/P2Q2P1/2P5/7r/1B1K1R2 b - - 0 38	b8b1	668	1314191b
t9txu	r1b1k3/ppp2pp1/2p5/4q3/4P1pr/2NPP1P1/PPP5/R2Q1RK1 b q - 0 13	e5g3	668	0y1314191b
uVMQt	rq5r/pb1Pb1k1/2p3p1/2Pp4/P2P4/4B3/5PPP/RN1Q1RK1 b - - 0 19	b8h2	668	0y1314191b
ua7Mt	2r3k1/6p1/pb3nNp/8/1P6/P3p2P/2B3P1/4R2K w - - 2 40	g6e7 g8f8 e7c8	668	010p0s1o
uqRbm	3r2k1/6pp/p1Nbpp2/1p6/8/1P5P/1PP2PP1/3R2K1 b - - 1 27	d6h2 g1h2 d8d1	668	010j0p1o
v1h3i	r5k1/pp4pp/8/5q2/2PB4/PP1P1rQb/7P/7K w - - 0 28	g3g7	668	0p1113141b
wBrb7	3r2k1/p4ppp/5q2/1rp5/4Q1P1/P1P4P/8/2R1R1K1 w - - 0 28	e4e8 d8e8 e1e8	668	060p13151n1o
xep2H	3r1k2/1pR3p1/p2P2Bp/R3PP2/8/4n3/P4r1P/7K b - - 0 33	f2f1	668	0p13141b
xyTbD	5r1k/p1p3pp/2p1Q3/2b1p3/3r4/2N5/PPPP1qPP/R4R1K b - - 2 19	f2f1 a1f1 f8f1	668	061315191o
yRRZs	8/2p4p/6p1/2npPp2/2kP1P2/2P5/1RPK1P1P/r7 w - - 0 39	b2b4	668	0p0q13141b
1NauH	2r5/6kP/5p2/3pr3/6P1/1P5Q/PP6/K1R5 b - - 0 40	c8c1	669	060p111213141b1j
1XNzR	4kr2/1p4R1/7p/2B5/2p5/2P2n1P/Pr6/3R3K b - - 9 38	b2h2	669	030p13141b
1mzVT	5Q2/5K2/6p1/4k3/6r1/8/8/8 b - - 7 72	g4f4 f7g8 f4f8	669	0g0p1j1o1p
29btC	4k2r/2R1p2p/p4ppB/4n3/8/P5P1/n3PP1P/6K1 w k - 0 25	c7c8 e8d7 c8h8	669	0g0p111o1p
2p4KB	3rk3/5pR1/3P1r1p/1pN5/7b/8/PP4K1/2R5 w - - 6 31	g7g8	669	0p13141b
6VtMg	r2q1r1k/2p4p/p2b1Np1/1p2p3/5n2/3Q3R/PPP2PPP/R1B3K1 w - - 0 18	h3h7	669	030y1314191b
76e7T	rnb1kb1r/3p1ppp/4p3/1PP3q1/4Q3/8/P3PPPP/RN2KBNR b KQkq - 2 10	g5c1	669	1113141b1c
78JEe	1k5r/p6p/qpp1QB1b/8/4pP2/3r2P1/1PP4P/2KRR3 b - - 1 26	a6a1	669	1314191b
8ToDA	6k1/5pp1/p3p3/7p/P4P2/2r1q1nP/1R4PK/1QN5 w - - 6 38	b2b8 c3c8 b8c8	669	0p13151o
A5bMq	2k5/1pp2p2/4pp2/1Q1n4/3P1q2/P1P2P2/4KNrr/R4R2 w - - 1 27	b5e8	669	1314191b
Ap6Op	1r1qkbnr/pppbpppp/2n5/8/2BP4/1Q2P3/PP3PPP/RNB1K1NR w KQk - 3 7	c4f7	669	0413141b1c
BCrgD	2kr1bnr/ppp1ppp1/7p/5q2/3nN3/3B1P2/PPPB1P1P/R2Q1RK1 w - - 1 14	e4d6 d8d6 d3f5	669	010j1c1o
Cfe4L	8/6p1/p1b3np/Pp3k2/1Pn2P1P/1R4P1/4NK2/8 w - - 5 42	e2d4 f5f6 d4c6	669	010p0s1o
DVXCT	1r2R3/Q1p3pk/7p/8/8/8/P4PPP/6K1 b - - 0 26	b8b1 e8e1 b1e1	669	060p13151j1o
DpOvZ	8/1b6/8/4p3/4Pp2/1N1k1K2/8/8 w - - 4 60	b3c5 d3d4 c5b7	669	0g0p0s111o
EAS5b	r1bq2rk/ppp1b1pp/2npp3/5pNn/2B5/1PN1P1QP/PBPP1P2/R3K1R1 w Q - 11 13	g5f7	669	1314191b1q
EXU9O	r1r3k1/p1Qp1ppp/1p6/4nq2/8/4B3/PP3PPP/2RR2K1 w - - 7 18	c7c8 a8c8 c1c8	669	061315191o
EaiB8	1rr3k1/6pp/2p5/p1Pp2P1/P2P1n2/1pK1PN2/5P2/1R4R1 b - - 0 25	f4e2 c3d3 e2g1	669	010p0s1o
EzP4r	6k1/2p4p/6p1/prPN4/2R5/Pn4P1/5P1P/5K2 b - - 2 32	b3d2 f1g2 d2c4	669	010p0s1o
HHgD1	8/8/6R1/4pk2/1p6/1P2K3/P7/8 b - - 0 48	f5g6 e3e4 g6f6	669	0g0h0p1o
HfGcZ	5rk1/5ppp/8/B3p3/P2nP3/1p5P/6P1/1BR3K1 b - - 0 31	d4e2 g1f2 e2c1	669	0g0p0s1o
HgcLn	8/p7/7r/4k3/8/3PK3/5N2/8 w - - 0 51	f2g4 e5e6 g4h6	669	0g0p0s1o
I2Yx8	8/4r2k/1pb1P2p/p1b4q/2Pp4/3P1pp1/7R/2B1RQK1 w - - 0 54	h2h5 f3f2 f1f2 g3f2 g1f2	669	010t1019
IFifS	2N1k1r1/5p2/p2p4/P2Pp3/4q2P/6Pb/5P2/R5K1 w - - 0 37	c8d6 e8e7 d6e4	669	010p0s111o
Jf12c	3r2k1/1b3rp1/7p/1p5Q/8/P4P1P/1P1q2PN/3R1R1K b - - 2 27	d2d1 f1d1 d8d1	669	01191o
Jynae	r1bq1rk1/pppn2pp/2n1N3/4Pp2/3p1B1b/2NB2Q1/PPP2PPP/R4RK1 w - - 2 14	g3g7	669	0y1314191b
KKsG0	4r2k/ppq3p1/7p/8/6n1/2P5/PPQ3PP/4R2K w - - 0 30	e1e8	669	0p13141b
KmXFP	rn1q1rk1/2pb1pbp/p2p3B/4p1Qp/1p1PP3/5P2/PPP1N1P1/2KR1BN1 w - - 0 14	g5g7	669	0y13141b1c
KrInV	rn1qkb1r/p2bpp1p/1p1p1np1/2p5/2B2P2/1QPP1N1P/PP4P1/RNB2RK1 w kq - 0 10	c4f7	669	041314191b
N5Nwo	8/1R5p/p4Bp1/6Pk/2P4n/1B5K/P2p1R1P/4r3 b - - 4 34	e1e3 f2f3 e3f3	669	0p0q13151o
NVPq5	rnbq1rk1/ppp1b1pn/3pp3/6N1/8/2N4Q/PPP2PPP/R1B1K2R w KQ - 0 10	h3h7	669	0y13141b1c
O9D2n	1rr1b1k1/5p1p/4pPp1/4N1B1/3R4/2P5/R4PPP/6K1 b - - 0 25	b8b1 g5c1 b1c1 d4d1 c1d1	669	0610131619
OMPIb	6k1/3rp2p/2N1p1p1/8/p2p1QP1/P1nP4/2P2P1P/6K1 b - - 1 32	c3e2 g1g2 e2f4	669	0g0p0s1o
OsRql	r2q1r2/ppb2pk1/2p1pNp1/4Pn2/2PP3Q/7P/P4PP1/R4RK1 w - - 4 24	h4h7	669	1314191b
P7I9z	1rb2k1r/1pq2pp1/p2Np3/2p1n1p1/Q1P5/P3PB1P/5PP1/1R1R2K1 w - - 8 23	a4e8	669	1314191b
PCRdz	2Q5/ppp3rk/3p3p/3Pp3/2P5/5PP1/PP2q2P/2R1NR1K b - - 0 31	e2f1	669	0p0t0y13141b
PYNQR	6k1/5ppp/2p5/1bq1PQ2/p1p5/2P3RP/4R1PK/3r4 b - - 2 28	c5g1	669	0p13141b
PdaTW	4rrk1/ppq2ppp/6n1/3p1NP1/3Q4/2P2n2/PP4P1/R4R1K w - - 0 20	d4g7	669	0y1314191b
QdGr7	1r3rk1/ppp2p2/6pp/8/1n1PN1q1/8/PP2PP2/1Q1RK3 w - - 0 22	e4f6 g8g7 f6g4	669	0g0s191o
Rpet8	8/8/8/5p1p/5P1P/1k1p1bP1/8/1NK5 w - - 4 74	b1d2 b3b4 d2f3	669	0g0p0s1o
Rpu50	rqb1k1n1/1p1nb3/2ppN3/p2Pp2r/2P2p1p/2NQB2P/PP3PP1/R3K2R w KQq - 0 17	d3g6	669	111314191b
SEzkk	r1b1k2r/1pqp1pp1/p1n1p3/2p3Pp/P1B1P1n1/3PB3/1PPQ2PP/RN3RK1 b kq - 0 11	c7h2	669	0y1314191b
Uek89	4rr2/1b1p2pk/p6p/1p1q4/3B2Q1/P5P1/1P3P2/2R2RK1 w - - 3 27	g4g7	669	1314191b
Vg1jx	rn1qkb1r/1b2p2p/p3P3/1p1p2p1/P1pP3B/8/1P3PPP/R2QKB1R w KQkq - 0 13	d1h5	669	1314191b
WDVUb	3k4/pp3ppp/2p1p3/2P5/5n2/1P6/P4PPP/2R3K1 b - - 1 25	f4e2 g1f1 e2c1	669	0g0p0s1o
XZjNG	1n2k2r/2p3pp/p2p1q2/8/2P5/2NPb1pB/PP2P1KP/R2Q3R b k - 2 16	f6f2	669	1314191b
YhC8I	2kr3r/pp3ppp/3b4/2p1q3/8/3PB2P/PP2QPP1/R3R1K1 b - - 0 16	e5h2 g1f1 h2h1	669	0y1315191o
Yqjkv	r3kb1r/1p3ppp/p1b1p3/4q1B1/2P5/4p3/PP1Q1PPP/3RKB1R w Kkq - 0 16	d2d8 a8d8 d1d8	669	1315191d1n1o
aUsaR	1r5k/6p1/4Q2p/pP2P3/q4P2/8/6PP/3R3K b - - 0 41	a4d1	669	060p0t13141b
amoaT	5k2/p4pp1/7p/2N3b1/4P3/1P3P1P/P5P1/6K1 b - - 0 30	g5e3 g1f1 e3c5	669	010p0s1o
bsDtu	4r1k1/1p3qp1/2pp3p/p2P4/P1P1N1B1/2Q3Pb/1P5P/2N3K1 b - - 0 27	f7f1	669	1314191b
c2zNm	5rk1/2p3p1/p6p/3p1q2/2pP1R2/P1P2pP1/1P1Q1P1P/6K1 b - - 6 39	f5b1 d2e1 b1e1	669	0p0y13151o
c9IO3	8/5pk1/7p/7K/2p5/1p2NPP1/1P5P/8 b - - 1 52	c4c3 b2c3 b3b2	669	00010p0z1o
cw3Rr	6k1/1p1r1pp1/4p2p/6n1/2P5/BB6/P4bPP/3R2K1 w - - 0 32	g1f2 d7d1 b3d1	669	0g0p0t1o
dEhkF	5rk1/R1Q2ppp/2p3q1/2npN3/8/P3P3/5PPP/1R4K1 b - - 0 24	g6b1	669	060t1314191b
fK8Ta	2rr3k/1R2pQqp/3b2pP/p4pN1/5P2/3P4/6P1/5R1K w - - 4 30	h6g7	669	001314191b
ftbkF	1k6/pppn1p1p/5q2/3P4/3P4/2P3Q1/PP1b1p1P/5B1K w - - 0 27	g3g8 d7f8 g8f8 f6d8 f8d8	669	0p1013161k
fueg5	r2qk2r/p1pbbppp/5n2/2p1N3/8/1Q6/PPP2PPP/RNB1K2R w KQkq - 1 11	b3f7	669	0413141b1c
fwXL2	r2q1rk1/pp1n1bpp/2pppb2/6N1/2PP4/1P4P1/P1Q2PBP/R1B2RK1 w - - 0 14	c2h7	669	0y13141b1c
gXyy9	8/p5Q1/1p2Pk1p/5p2/2pP4/2P1P3/P3K3/8 b - - 0 46	f6g7 e6e7 g7f7 e7e8q f7e8	669	0g0p10
gkWTl	8/8/4p3/1P4p1/4k3/PR3pKP/r7/8 b - - 4 46	a2g2	669	0p0q13141b1m
hExl8	8/6pk/8/1p2B1Q1/2bKpP2/8/5P2/7q w - - 6 50	g5g7	669	0p1113141b
iKX49	2r3k1/5p1p/3R2p1/p3Q3/4P3/5P1P/1rq3P1/3R3K w - - 0 32	d6d8 c8d8 d1d8	669	0p13151o
jD3yo	8/8/1p6/8/k5P1/q6K/Q7/8 w - - 2 58	a2a3 a4a3 g4g5 b6b5 g5g6 b5b4 g6g7 b4b3 g7g8q	669	000g0p1h1i1l1w
jcZwZ	8/3nk1p1/R7/4p2P/4P3/3K4/8/8 b - - 6 66	d7c5 d3c3 c5a6	669	0g0p0s1o
kWY2B	8/5p2/2k4r/R6P/3p4/3K4/8/8 w - - 0 51	a5a6 c6d7 a6h6	669	0g0p111m1o1p
kZdmJ	r3kbnr/ppp1qppp/8/4n3/2Pp4/PP3P1P/3B1PP1/RN1QKB1R b KQkq - 0 9	e5f3	669	0m0q13141b1c
lZlh9	1r1Q1Rqk/p6p/1r1p4/2nP4/P3P3/8/6PP/4R1K1 w - - 4 34	f8g8	669	1314191b
nrlHJ	5rk1/pb3p2/5b2/1p6/2P4R/2P5/PPQN1q2/1K6 w - - 0 26	c2h7	669	1314191b
nyaKG	8/N7/8/4b3/1k5p/p6P/2K5/8 w - - 0 67	a7c6 b4b5 c6e5	669	0g0p0s1o
oCC2p	8/1pr2k2/p6R/2P2pp1/Pb6/4PP1P/5P2/6K1 w - - 0 36	h6h7 f7e6 h7c7	669	0g0p111o1p
oF9if	3Rr1k1/p5pp/1p3p2/5P2/5P2/P1PQ4/5qPP/4R2K b - - 0 29	f2e1 d3f1 e1f1	669	0p13151o
pnoxx	1r6/2p2p2/2p2k1p/P1N3p1/1P2P1P1/2P2K1P/8/8 w - - 3 42	c5d7 f6e6 d7b8	669	0g0p0s1o
qC2lH	8/pB3p2/1r3k1p/6p1/P5P1/2N3K1/6P1/8 w - - 1 35	c3d5 f6e5 d5b6	669	0g0p0s11121o
rHael	5R2/8/1r6/8/5p2/5k1K/5P2/8 b - - 0 59	b6h6	669	0p1113141b1m
seRwh	r3r1k1/3np1bp/1p2Rpp1/p2p4/q2P1PP1/2PQ3P/PP1N3B/1K1R4 b - - 3 21	a4d1	669	0t1314191b1k
sxGf6	4rk2/3R1pp1/p2pB2q/1p1Pb2p/1P2P2P/P4Q2/6P1/7K b - - 2 33	h6c1 f3d1 c1d1	669	0p13151o
t6AEr	r3k2r/pQp2ppp/4p3/2b1q3/3n4/8/PPPPBPPP/RNB1K2R b KQkq - 0 11	e5e2	669	1314191b
tFiqT	1q5k/p2r1Rpp/8/8/6P1/2P3b1/PP4P1/5R1K w - - 0 33	f7f8 b8f8 f1f8	669	060p0s13151o
tpxv2	r4rk1/p2n1ppp/1p1q4/6b1/4Q1b1/3B1N2/PP3PPP/R3R1K1 w - - 0 19	e4h7	669	0y1314191b
vAY9b	r1bqk2r/pp2n1b1/1np2pp1/4p2p/2B1P3/2N1BP2/PPPQ2PP/2KR2NR w kq - 2 12	d2d8	669	111213141b1c
vWENO	4r1k1/pp3pp1/7p/8/2B5/P6P/1P1p2P1/3R3K b - - 1 32	e8e1 h1h2 e1d1	669	0g0p1o
w8qf6	8/1pBr3p/1Pk3p1/6P1/4b1N1/8/7K/8 w - - 7 62	g4e5 c6d5 e5d7	669	010p0s1o
wL2R0	1b1r2k1/1b2qr2/p1p4Q/1p1pp1N1/8/1BPR4/PP4PP/5R1K b - - 1 30	f7f1	669	060t1314191b
wiJqQ	8/p1r3k1/2pN4/3ppPp1/4P1r1/8/PPP1R1P1/6K1 w - - 2 37	d6e8 g7f7 e8c7	669	010p0s1o
xahxD	r1b1kb1r/pp2pppp/1qnp4/8/4P1n1/2N2N2/PPP2PPP/R1BQKB1R b KQkq - 8 8	b6f2	669	0413141b1c
xoo56	7k/p5p1/1p6/2p1Q3/4P3/5P2/P6K/4n3 b - - 0 44	e1f3 h2g3 f3e5	669	0g0p0s1o
xsRC5	6R1/pp4p1/5kP1/8/7p/P7/1PP2r2/2K5 w - - 5 32	g8f8 f6g5 f8f2	669	0g0p1m1o1p
yBZBy	2r3k1/5ppp/p6q/PpP4r/1P2P3/5N2/3Q2PP/3R1nK1 w - - 0 33	d2d8 c8d8 d1d8	669	061315191n1o
ytxCQ	8/b3pp1p/P2p1kp1/2rP4/7P/R1N2KP1/8/8 w - - 9 40	c3e4 f6e5 e4c5	669	0g0p0s111o
yxY6s	8/8/8/5pKP/4k3/8/8/8 w - - 1 47	h5h6 f5f4 h6h7 f4f3 h7h8q	669	0p
zC5XQ	8/5ppk/3b1q1p/p2P1P1P/1p6/1P1BR2Q/P5P1/7K b - - 4 38	f6a1 d3b1 a1b1 e3e1 b1e1	669	0p101316
zZC0e	4B3/R5p1/3r4/6pK/P4k2/8/8/8 b - - 6 46	d6h6	669	0p13141b
0QhWr	6rk/pp6/7p/7b/8/P2P1Q2/2P2P1P/5R1K b - - 0 42	h5f3	670	0p13141a1b
0hsko	8/pp6/2b1Q3/1k3p2/2rp1P2/3R3P/Pq4PK/3R4 b - - 0 37	b2g2	670	0p1113141b
0rQMb	8/6bp/1p1k2p1/p3Np2/P1P2P2/3K3P/1P4P1/8 b - - 0 30	g7e5 f4e5 d6e5	670	0g0p1o
1hw1K	r1b2rk1/ppp1bppp/2n1p3/7q/3PP1n1/P1NBB1N1/1P3PPP/R2Q1RK1 b - - 4 12	h5h2	670	0y13141b1c
2DScx	8/R7/8/8/8/4K3/6rp/6k1 w - - 0 73	a7a1	670	0p1113141b1m
2Tvd1	8/p7/1p2R3/2p5/8/2P2k2/r4P1P/6K1 b - - 0 41	a2a1 e6e1 a1e1	670	0p13151m1o
2Wn7O	4r1k1/1pp3pp/p7/3prb2/8/6QP/PPR3P1/1K3N1R b - - 0 26	e5e1 g3e1 e8e1	670	1315191g1k1o
4iKq8	5r1k/2R4p/5Np1/3bP3/p4K2/8/r1B3PP/8 w - - 4 36	c7h7	670	030p13141b
5BsYx	2kr3r/pbp1n2p/1pq3p1/8/P2N4/3B3P/6P1/RNBQ1RK1 b - - 0 18	c6g2	670	0y1314191b
5tQaq	4r1k1/1pp3P1/6pR/8/6b1/4p3/PKP5/6N1 w - - 0 32	h6h8 g8g7 h8e8	670	010p1o1p
5xBP5	8/8/8/8/5pp1/4k1P1/4r1PK/4R3 w - - 2 67	e1e2 e3e2 g3f4	670	0g0p111m1o
64OXo	7r/1p3pk1/p2p2p1/2pP4/P1PbP2r/8/1P5Q/3NRR1K b - - 1 29	h4h2	670	0y1314191b1f
6lAcX	4r1k1/p1q2ppp/8/2pp1P2/Q3nN2/2P4P/Pr4P1/4RRK1 w - - 0 22	a4e8	670	0t0y1314191b
7862l	6rB/1p1k4/4p3/3pn2p/4P3/P6P/1q4P1/R2Q1R1K b - - 0 26	b2g2	670	1314191b
CsyVW	8/2p1kp2/1p1r4/p7/PbP1PPB1/1P6/4K2R/8 b - - 0 38	d6d2 e2f3 d2h2	670	0g0p1o1p
DOcYq	6k1/7p/8/3p2p1/P1pK4/2P5/8/7b w - - 0 44	a4a5 g5g4 a5a6 g4g3 a6a7 g3g2 a7a8q	670	00080g0p1h1l1w
DdOcs	8/4b3/1p5p/6p1/p2p2P1/P1N1k2P/1P6/3K4 w - - 0 40	c3d5 e3e4 d5e7	670	0g0p0s1o
EDhWf	3r2k1/pp2pp1p/6p1/q1P5/4P3/3R4/P1Q2PPP/6K1 b - - 0 20	a5e1	670	0p13141b
Eha1F	rnbq1k1r/ppp2p1p/6pb/3p2N1/3P1Q2/2N5/PP2PPPP/R3KB1R w KQ - 4 11	f4f7	670	13141b1c
F0tKO	1r6/4R3/1p6/p7/2B1Pk1K/1P6/P7/8 b - - 2 46	b8h8 e7h7 h8h7	670	0p13151o
F2T6t	8/5p2/5Pp1/3k4/4NPK1/8/r7/8 w - - 12 83	e4c3 d5e6 c3a2	670	0g0p0s1o
F4nBb	5rk1/1Q3p2/p4R1p/6q1/4P3/3B4/P1r3PP/5R1K b - - 4 36	g5g2	670	1314191b
GRD1Q	rnbk1b1r/ppp2ppp/5N2/8/2n5/8/PPP2PPP/RNB1R1K1 w - - 2 12	e1e8	670	13141b1c
GxMS4	2k3r1/pp4q1/8/4p1rp/1B1pQp2/P2P1R2/1PP2K2/4RB2 b - - 6 31	g5g2 f1g2 g7g2	670	1315191n1o
Iv9Fz	5r2/2r2k2/4pP2/P2p4/1P1P2Rp/2P4P/6P1/7K w - - 4 61	g4g7 f7f6 g7c7	670	010p111m1o1p
K7Bpy	r2qkbnr/pp1np1p1/2p2p1p/3p4/3P1P1B/3PP3/PP4PP/RN1QK1NR w KQkq - 0 8	d1h5 g7g6 h5g6	670	13151c1o
KSc4f	3rk3/pQ2b3/2p3qp/3b4/3p4/BP3P2/P1Pp2PP/R5K1 w - - 0 20	b7e7	670	1314191b
NduCz	8/8/8/8/8/1RK5/1p2k2r/8 w - - 14 52	b3b2 e2f3 b2h2	670	0g0p111m1o1p
NqiZr	6Q1/pb6/7k/1pp5/3pq3/1P5N/P1P3PP/6K1 b - - 0 28	e4e1	670	0p1113141b
OcIEG	r2q1rk1/pb3ppp/1p1bp3/3n2Q1/2B4P/PP3P2/1BPN4/3K2NR w - - 1 17	g5g7	670	0y1314191b
OfXpe	5r1k/2RR3p/1p4b1/p2B4/3P2p1/4n3/7P/6K1 b - - 6 42	f8f1	670	0p13141b
TQ2hf	r2q2rk/ppp2pbp/4p3/4Np2/3P1B2/2PQ4/2P1BP1P/5RK1 w - - 4 19	e5f7	670	0y1314191b1q
U4ood	r5rk/p2n2bp/2pN2pN/1p2P2q/3P4/5pP1/PP3P1P/2R2RK1 w - - 0 21	h6f7	670	1314191b1q
UEwGT	8/p3q1kp/1pp3p1/2p1P3/5Q2/1Pn4P/P1P2NP1/6K1 b - - 4 28	c3e2 g1h2 e2f4	670	0g0p0s1o
VyjTq	6k1/p2r2p1/Qp2pp1p/8/3p2q1/1P4P1/P1P2P2/4R1K1 w - - 2 32	a6c8 d7d8 c8d8	670	010p0s1o
WxJHv	3r2k1/p4ppp/2n1b3/8/Q1N5/2P2qP1/PP3P1P/2KR4 w - - 0 24	d1d8 c6d8 a4e8	670	1315191o
X9saW	6k1/2R4p/8/p4p2/8/7P/2r1r1P1/3R2K1 w - - 0 38	d1d8 e2e8 d8e8	670	0p13151m1o
Xggc1	6k1/5p2/6p1/1p1R1n2/8/1P6/P5K1/8 b - - 4 52	f5e3 g2f3 e3d5	670	0g0p0s1o
Y1mb0	5r2/p1p4p/1p6/2k1p3/4Pp1B/5K2/PPP4P/8 w - - 4 34	h4e7 c5c6 e7f8	670	010p0s1o
Yg1z1	2r2rk1/R3bppp/3pp3/8/1q1P1B2/5Q2/1P3PPP/4R1K1 b - - 1 22	b4e1	670	0t0y111314191b
YpXmr	6k1/p6p/1p6/3p1p2/1P1Bq1pP/P3P1P1/5P2/2Q3Kb b - - 0 36	e4g2	670	0p13141b
Zf3y0	r1r5/2q2pkp/3pp1p1/p5P1/Pp2PQB1/1b5P/1PP4R/1NKR4 b - - 0 23	c7c2 h2c2 c8c2	670	0q1315191d1k1n1o
Zl5vq	4R3/5pk1/p4b2/2qp1Qp1/Bp6/1Pp3P1/P1P4R/1K6 b - - 0 40	c5g1 f5f1 g1f1 e8e1 f1e1	670	0p0s101316
ZnASt	r7/2p3bk/p1Pp1Ppp/3Qp3/PPR5/4B2q/5P1P/5R1K b - - 0 29	h3f1	670	0t0y1314191b
bg0qe	B2r2k1/2p2ppp/pp1bp3/8/P2P1q2/2P4P/1P2QP2/R5RK b - - 0 23	f4h2	670	1314191b
bhAcO	5rk1/pb1p2pp/1ppqp3/8/8/3B1P2/P1P4P/R2Q1K2 w - - 0 22	d3h7 g8h7 d1d6	670	010j0p1o
c41Em	r6k/bb3Rp1/p3p1B1/1p4q1/1P6/P6P/2Q2PP1/2B2RK1 b - - 0 27	g5g2	670	0y1314191b
ckXoT	8/8/4n2N/2p1p1p1/1p1kP2p/1P3P2/2K3PP/8 w - - 0 48	h6f5	670	0p0z1113141b
copWo	2r1bk2/pp2bppQ/1q2p3/3pP3/1n1P4/1Pr1P3/P5PP/RB2NRK1 w - - 8 22	h7h8	670	1314191b
fz1W1	8/8/1R4b1/2p1pPk1/2PpP1P1/3Pn1K1/r5B1/8 w - - 0 40	b6g6	670	0p1113141b
gIN6p	8/p7/1p3kn1/2pp3R/3P4/2P5/P5KP/8 b - - 1 37	g6f4 g2g3 f4h5	670	0g0p0s1o
gTMB4	r4r2/p5k1/1p3p2/2pnp3/8/PP1Ppq2/1BP4Q/2K4R w - - 0 28	h2h7	670	1314191b1s
gng4I	r1b2k1r/pp3pbp/4p1p1/1Np3B1/2P3n1/8/PP3PPP/3RKB1R w K - 0 15	d1d8	670	1314191b1f
gozSv	r4r2/pp3kp1/4p3/q2p3p/3N1PnP/2R5/PPP1Q3/R3K3 w Q - 0 23	e2e6	670	0n1314191b
gxrLk	r1bq1rk1/ppp2p2/2n1p1p1/3pB2Q/8/4P3/PPPN1PPP/R4RK1 w - - 0 13	h5h8	670	1314191b
iJPIC	3B2k1/6pp/R2p1r2/2p1pP2/2P1P3/3P4/4nPPK/4N3 b - - 0 37	f6h6 d8h4 h6h4	670	020p13151o
itQpI	5rk1/1pqb2pp/1Pp4r/2Pp4/3Qp3/4P3/4BPPP/R4RK1 b - - 0 21	c7h2	670	0y111314191b
izQNy	8/5kpp/8/1N6/2r5/1p3PP1/5PKP/8 w - - 0 31	b5d6 f7f6 d6c4	670	010p0s111o
jL1Y7	8/2N1k2p/8/1P3p2/1r6/5PK1/6PP/8 w - - 0 39	c7d5 e7d6 d5b4	670	0g0p0s1o
jn5tz	6k1/pp3p1p/1q4p1/5N2/3R1P2/P7/1r2r1PP/3R3K w - - 0 26	d4d8 b6d8 d1d8 e2e8 d8e8	670	0p101316
lKbgj	r2qk3/3p1Np1/p3p3/1pbnP3/4QP2/1P6/1P4PK/R4R2 b q - 0 19	d8h4	670	1314191b
nbmU9	4k3/1R1b2p1/p4p2/8/P4P2/1P5r/2N2K2/8 b - - 1 28	h3h2 f2e3 h2c2	670	0g0p1o1p
nsqOP	8/2K1k3/6p1/3Pp3/1p4Pp/1Pb2P2/2P5/8 w - - 0 41	d5d6 e7f7 d6d7 e5e4 d7d8q	670	00080g0p101h
oDmpm	6k1/pR5p/6p1/7q/5P1P/1P4PK/r3r3/3R4 w - - 1 38	d1d8 e2e8 d8e8	670	0p13151j1o
oQ1cQ	8/p6k/2p4p/6p1/2p1N1r1/3P4/PPP3P1/6K1 w - - 0 32	e4f6 h7g6 f6g4	670	010p0s1o
ogS6M	rr4k1/2R2ppp/4p3/p3P3/1p1P4/2n5/2BN1PPP/2R3K1 b - - 1 24	c3e2 g1f1 e2c1	670	010s191o
oj1J5	4rr2/pp3k1p/2q2pp1/3b4/3B2RQ/2P5/P4PPP/4R1K1 b - - 5 23	e8e1	670	0t0y1314191b
q31QF	1kb1r3/p2p2pp/p4p2/3Bn3/1B6/6P1/PPP4P/2KR4 w - - 8 27	b4d6	670	0l0p13141b
qWBKo	8/7p/8/2knpB2/1p6/1P3P1P/2K3P1/8 b - - 0 36	d5e3 c2d3 e3f5	670	0g0p0s1o
qczrB	6k1/1B5p/6p1/P7/1p6/1r4P1/4p2P/4K3 w - - 0 48	b7d5 g8f8 d5b3	670	0g0p0s1o
sQxvX	6k1/ppp2p1p/2n4P/2pRr1r1/2K2p2/2P5/P7/3R4 w - - 0 36	d5d8 c6d8 d1d8 e5e8 d8e8	670	0p1013161n
tWQvQ	8/8/6p1/7p/4rP1P/1R4K1/4k3/8 b - - 4 65	e4e3 b3e3 e2e3	670	0g0p11121m1o
uiFqS	r1b1kb1r/1pq2pp1/p3p2p/8/3QP1n1/1BN1B3/PPP3PP/3R1RK1 b kq - 3 14	c7h2	670	0y1314191b
uzupU	k2r3r/ppR5/1q3p2/5p1p/2Q5/1P2p2P/P1R2PP1/6K1 w - - 0 28	c7c8 d8c8 c4c8 h8c8 c2c8	670	060p1013161n
v3hoU	5R2/8/8/6k1/1pK5/8/6r1/8 w - - 5 51	f8g8 g5f6 g8g2	670	0g0p111m1o1p
xE1zY	2r3rk/6pp/3N4/8/3b1p1P/6P1/5PK1/2q5 w - - 0 45	d6f7	670	0p13141b1q
xmfw6	4r3/1R5p/p1pk4/2Np4/3P1p2/P4K1P/1PP2P1r/8 w - - 3 31	b7d7	670	0p0u13141b
xozjW	8/8/6p1/r6p/PP6/1k4K1/8/8 w - - 1 57	b4a5 b3b4 a5a6	670	0g0p0t111o
xz3Ck	3r4/3r2k1/2p4p/5pp1/pB1b4/P1P2P1P/1P3P2/1R1R2K1 b - - 0 29	d4f2 g1f2 d7d1 b1d1 d8d1	670	010j0p10
y8yWI	r1bk3r/1p1pnB1p/pq4p1/8/4P3/1Q6/PP3PPP/2R2RK1 w - - 2 17	b3b6	670	0t1314191b
yOVkE	2k5/2p2Q2/2pp4/8/P2br1PP/1P3RB1/2P1r3/1K6 b - - 0 33	e2e1 g3e1 e4e1 b1a2 e1a1	670	0p1013161d1n
zhH5H	r1b2r1k/ppp2npp/4P3/6q1/1Q6/2P5/P1P3PP/R4RK1 w - - 0 19	b4f8	670	0t0y1314191b
1X3G4	3r2k1/1p3ppp/p7/2rB4/P4P2/8/1PP3PP/3R2K1 w - - 1 22	d5f7 g8f7 d1d8	671	010j0p1o
26jar	2k3r1/ppp1B2p/5n2/8/2P1p2P/4Nn2/P4P2/RN1Rb2K b - - 0 25	g8g1	671	03111314191b
3XUHf	6k1/5p1p/4p1p1/7q/3P3Q/2PPR1Pb/5P1P/6K1 b - - 6 29	h5d1 e3e1 d1e1	671	0p13151o
3kSj5	1R4bk/6p1/3p1N1p/4p2P/6P1/3p4/1Pr2P2/6K1 w - - 9 37	b8g8	671	030p1113141b
49I7R	4r1k1/6p1/2p4p/pp6/2n1NP2/8/P1P3PP/4R1K1 w - - 1 25	e4f6 g7f6 e1e8	671	010j0p1o
4DGna	7k/8/5P1r/R4K2/8/8/8/8 b - - 0 87	h6h5 f5e4 h5a5	671	0g0p1m1o1p
4YgRE	rnbq3r/pp5k/2pp2pp/2bQ4/3N4/4B3/PPP2PPP/RN3RK1 w - - 0 13	d5f7	671	0q13141b1c
4xjyg	3r1k1b/p3q3/1p2Bp2/2pPp1pQ/2P3P1/8/PP3PK1/8 w - - 0 40	h5h8	671	0p13141b
5Ekzq	r4rk1/1pp4p/p2p2p1/3P4/3NBPn1/P5P1/1P5P/R1B4K b - - 2 26	g4f2 h1g2 f2e4	671	010s191o
8uWb9	2kr2r1/ppp1n2p/5p2/3p1N2/4q3/4P2P/PPP1BPP1/R2Q1R1K b - - 0 16	e4g2	671	0y1314191b
9uDOU	5r1k/5Qpp/8/2n1p3/pq2P3/1B6/P4PP1/3R2K1 w - - 1 29	f7f8	671	0p0t1113141b
AJJby	5kb1/1p4p1/pbp3P1/3pNPK1/P7/8/P7/5B2 w - - 5 42	e5d7 f8e7 d7b6	671	0g0p0s1o
AJXmN	8/8/8/6P1/4p3/6K1/4k3/8 w - - 1 61	g5g6 e4e3 g6g7 e2d2 g7g8q	671	000g0p101e1h
AeibK	rnb1k2r/ppp2ppp/8/3pb3/4q3/4BN2/PPP3PP/RN1Q1BKR b kq - 0 11	e4e3	671	0y13141b1c
AztLA	2r4r/pbQ2p1k/p3p1pp/8/1P1P1P2/5q2/3RN2P/4K3 w - - 9 36	c7f7	671	0q1314191b
B2EDb	3r2k1/5p2/p3pBp1/1p2P2p/4b3/P1r5/5PPP/3R2K1 w - - 0 28	d1d8 g8h7 d8h8	671	0p13151d1o
BSWpW	r3qrk1/pbpn1pb1/1p1p3p/4p1N1/1PPP4/2N1P1n1/P1Q1BPPP/R3R1K1 w - - 0 15	c2h7	671	1314191b
Cc1ns	r5nk/p2n2pp/2q4N/8/3P4/8/P4PPK/5R2 w - - 0 27	h6f7	671	0p111213141b1q
Ck24k	r2qr1k1/pp1b1pbp/2ppp2B/6Qp/2BPP3/2N2P2/PPn1NKP1/R7 w - - 0 16	g5g7	671	0y1314191b
CrlG3	r1b1r1k1/pp3ppp/5b2/3q1P2/3p2Pn/3N4/PP1N1B1P/R2QR1K1 w - - 6 18	e1e8	671	060t13141b1c
DhnUn	r3kr2/5pp1/2p1p1p1/1p6/3P4/2nB1QPP/R5P1/K3R3 b q - 0 27	a8a2	671	031314191b
Ds5BB	r2qkb1r/3bpppp/p1np1n2/1p6/2B5/1Q3N2/PPP2PPP/RNB2RK1 w kq - 0 11	c4f7	671	0413141b1c
Exe1X	3r3k/pp3ppp/4p3/8/2P5/1B2Q3/P2r1RPP/7K b - - 0 37	d2d1 b3d1 d8d1 f2f1 d1f1 e3g1 f1g1	671	010p1n1w
HBKEd	3r2k1/p1R2pp1/7p/1P5q/1P2Q3/4P3/5P2/4K3 b - - 1 35	h5d1	671	0p1113141b
HZIii	7r/7p/p3N1nk/5R2/6B1/8/Pr4PP/6K1 w - - 0 43	f5h5	671	020p1113141b
HyfxV	r1b1r1k1/ppp2pp1/7p/3p4/3P1Q2/3R1P2/PPP1qBPP/1K2R3 b - - 1 18	e2e1 f2e1 e8e1 f4c1 e1c1	671	0110191k
I2Isf	r1b3r1/ppp2k2/2n1p2B/3q4/7Q/2N5/P4PPP/R4RK1 b - - 4 19	d5g2	671	0y1314191b
IXCOh	8/pppk1r2/3p2R1/8/3PN3/4n1PK/PP6/8 b - - 2 32	f7h7 g6h6 h7h6	671	020p13151o
J6xvm	8/6p1/8/3k3P/pP6/2p3B1/2P1K3/8 b - - 0 41	a4a3 e2d3 a3a2 g3e1 a2a1q	671	00080g0p10111h
JCT24	1kn1R3/1B1q2pp/Q7/8/2P5/8/P4PPP/6K1 b - - 0 34	d7d1 e8e1 d1e1	671	0p13151o
KLoTW	2r3k1/6p1/2N2p1p/3p4/3Pn3/7P/5PP1/4R1K1 w - - 2 38	c6e7 g8f7 e7c8	671	010p0s1o
Kb9fw	6k1/1R6/1pr3p1/p2R4/Pr5P/6P1/5K2/1q6 w - - 0 43	d5d8	671	0p13141b1j
LgHJU	5r1k/6pp/p1p2b2/1p2q3/1Q6/PB4P1/1P3PKP/3R4 w - - 4 32	b4f8	671	0p0t13141b
MReex	8/5k1p/4p3/3pPpp1/2qB4/pp5P/5PP1/3Q2K1 w - - 0 39	d1h5 f7e7 h5h7	671	0g0p1o
MmINA	r4rk1/pb3ppp/2p2q2/4p3/7Q/3BpP2/PPP3PP/R3K2R w KQ - 0 17	h4h7	671	0y1314191b
NCfoa	8/pp2kp2/8/4np1p/4p3/4K1P1/PP1R2P1/8 b - - 3 41	e5c4 e3e2 c4d2	671	0g0p0s1o
Nfxvx	8/8/p6p/1p2k3/6r1/2P5/PP2Q3/4K3 b - - 0 45	g4e4 e2e4 e5e4	671	0g0h0p1g1j1o
Nuuvs	4r1k1/pp3r2/2pPq2p/2P3p1/8/1P6/P1Q2RPP/3R2K1 b - - 0 31	e6e1 d1e1 e8e1 f2f1 e1f1	671	0p1013161n
OPba3	rnb1k2r/ppp2ppp/3p3n/2b1p3/4P2q/1PN2N1P/PBPP1PP1/R2QKB1R b KQkq - 2 6	h4f2	671	0413141b1c
PGdxh	4r1k1/pp3pbp/6p1/4n3/2P1P3/PP2P2P/3R1P2/5RK1 b - - 0 22	e5f3 g1g2 f3d2	671	0g0p0s1o
PpltK	8/6k1/8/1p1R1p2/5P2/P5P1/2n3K1/8 b - - 0 47	c2e3 g2f3 e3d5	671	0g0p0s1o
QjF0K	8/1p3k2/p7/3p1P2/5Kpp/3P2n1/6P1/2R5 b - - 1 46	g3e2 f4g4 e2c1	671	0g0p0s111o
RB4lE	8/2b5/7p/pp1P4/3k1NPp/1P3K2/P7/8 w - - 2 54	f4e6 d4d5 e6c7	671	0g0p0s111o
RPZ00	6k1/7p/6p1/3R1b2/7P/8/5PK1/8 b - - 0 47	f5e4 g2g3 e4d5	671	0g0p0s1o
Rjj1Z	8/7p/2p3p1/r3k3/P7/5KP1/1N3P1P/8 w - - 14 43	b2c4 e5d5 c4a5	671	0g0p0s111o
S8wv0	2r2k2/R4p2/1p2p3/4P2p/2nP1P2/8/7P/1R3K2 b - - 0 36	c4d2 f1g2 d2b1	671	0g0p0s111o
SMLCR	r1b3kr/p1p1R1pp/2p5/3n4/8/2P5/PP1N1PPK/R7 w - - 2 18	e7e8 g8f7 e8h8	671	010i191o1p
SsgKH	5r1k/p1p3pp/2b5/4P3/4Np1q/2P2P2/P1Q3PP/4R1K1 b - - 2 26	h4e1	671	0p0t13141b
U0QuC	r1bq1r1k/ppp2Bpp/2np4/2b1p1N1/4P3/2PP3Q/PP3nPP/RNB1K2R w KQ - 0 10	h3h7	671	0y1314191b
U3Igq	2N2r1k/1bpn1ppp/pp1p4/6q1/2P5/3B4/PP3PPP/2RQR1K1 b - - 0 16	g5g2	671	0y1314191b
UC1so	7r/p7/2R3p1/4p2p/4k3/4NrP1/PP2K3/8 w - - 1 31	c6c4	671	0p0q1113141b
UWBFQ	4rnk1/bb3ppp/p3p3/1p6/4PPn1/P2Q2NP/6P1/1BB4K b - - 2 27	g4f2 h1h2 f2d3	671	0g0s191o
UaXqP	8/5pp1/4pkp1/8/3PnP2/1B2PKP1/7P/8 b - - 2 36	e4d2 f3e2 d2b3	671	0g0p0s1o
V6qox	6rk/R7/5R2/4p2p/8/4KP2/7r/8 w - - 0 45	f6h6	671	0p13141b1m
Vp9rU	8/8/8/p5k1/P7/3B1Pp1/4n1K1/8 b - - 13 50	e2f4 g2g3 f4d3	671	0g0p0s111o
XkfM6	2kr1b1r/pppbqp2/7p/6p1/3nn3/3B2B1/PP3PPP/R1Q1K1NR w KQ - 0 15	c1c7	671	13141b1c1k
Xl9CE	8/3k3p/6p1/1p1PK3/7P/2P5/1n4P1/4B3 b - - 10 45	b2d3 e5f6 d3e1	671	0g0p0s1o
YYYCp	3Q4/p5pk/2p5/2P2p2/7p/P5nP/6PK/2r5 b - - 0 33	c1h1	671	0p0u13141b
YoU1v	2N3k1/6p1/p1p2rq1/PpPp4/1P2p3/2P1B3/5P2/4KR2 w - - 1 58	c8e7 g8f7 e7g6	671	0g0p0s1o
YxEcr	8/R7/4p3/5p1k/5P2/5KP1/8/7r w - - 0 58	a7h7 h5g6 h7h1	671	0g0p111m1o1p
ZA3Tc	8/8/1R6/3p4/1p1k2r1/1P6/8/2K5 w - - 2 46	b6b4 d4d3 b4g4	671	0g0p1m1o1p
ZcM3x	1k1B4/pp3bpp/2prq3/P1N1p3/1n2P2P/2R2P2/1P2Q1P1/1KR5 b - - 0 28	e6a2	671	111314191b
ZhcoZ	r2q1rk1/ppp1bppn/2n4p/4p3/8/3Q4/PPB2PPP/RNB1R1K1 w - - 0 16	d3h7	671	0y13141b1c
a8JLc	2r5/2PRn3/4pk2/5p1p/7p/P1n1P3/5PPP/2R3K1 b - - 2 29	c3e2 g1f1 e2c1	671	010p0s1o
agX15	8/kp4R1/p1p5/KnPp4/1P1Pp3/4P1B1/1P6/7r b - - 15 35	h1a1	671	0p1113141b
b6cgM	4r1k1/1b3p1p/1p4pQ/p2n1pP1/8/P4R2/1P1R2PP/2N4K b - - 0 26	e8e1 f3f1 e1f1	671	060s1315191o
bls8N	r4rk1/pb2nppp/1b2p3/2Pq4/8/PN2B3/1P2NPPP/2RQ1RK1 b - - 0 15	d5g2	671	0y1314191b
c4Eb1	6k1/1p6/2p2p1P/p2p2p1/8/2PB4/r1P5/3K2R1 b - - 1 28	a2a1 d1d2 a1g1	671	0g0p111o1p
d0xM0	r1q2r1k/p2R4/bbp1pNpp/4P3/6P1/8/PPP2P1P/R5K1 w - - 0 22	d7h7	671	031314191b
d3rBA	3R2rk/1p2Q1pp/6p1/1qP1B1P1/pn6/bB5P/P1P2P2/1K6 b - - 2 32	b5f1 d8d1 f1d1	671	1315191k1o
dIbRB	5bk1/pp1r3p/3p4/2p1p3/4NnP1/8/PPP1n2P/3R1R1K w - - 4 32	e4f6 g8f7 f6d7	671	010s191o
dQez8	3q4/pp4k1/2p3pp/3p4/1P1N4/P1P2PP1/2P4P/7K w - - 0 30	d4e6 g7f7 e6d8	671	0g0p0s1o
dUFVE	1r3k2/5ppp/8/Rp1Nn3/1P2P3/4KP2/6PP/8 b - - 4 33	e5c4 e3d4 c4a5	671	0g0p0s1o
eFkhX	5rk1/1rbR1p1p/ppN1pp2/8/8/2P5/PP3PPP/4R1K1 b - - 2 23	c7h2 g1h2 b7d7	671	010j0p111o
eQg51	8/5k2/5p2/4nP1P/1B3K2/8/8/8 b - - 11 69	e5d3 f4e4 d3b4	671	0g0p0s1o
f1mT4	r2qkb1r/3bp2p/p4pp1/1p1p4/P1nP4/2PBP1B1/2Q2PPP/R3K1NR w KQkq - 1 15	d3g6 h7g6 c2g6	671	1315191o
fPZRX	rn3k1r/pp2n1pp/1qppB3/4p3/4P3/2NP4/PPPK1bPP/R1BQ3R b - - 1 10	b6e3	671	13141b1c
fpuuS	r4rk1/1p1q1p1p/2p5/4P2p/4NP2/pP5P/PbP3BK/2B2R2 w - - 0 23	e4f6 g8h8 f6d7	671	010s1112191o
gluBa	r1b1k2r/2qp1ppp/p1p5/2p5/4P1n1/2N2N1P/PPPP1PPb/R1BQR2K b kq - 2 11	g4f2	671	0y13141b1c
i0p1i	1k6/1p4p1/7p/p7/P1B5/5KP1/2P2P1P/1n6 b - - 0 30	b1d2 f3e3 d2c4	671	010p0s1o
kVbeT	2r3k1/p5pp/2N2p2/8/4p3/8/PPP2KPP/8 w - - 2 28	c6e7 g8f7 e7c8	671	0g0p0s1o
l5YGl	4N3/1k5p/pp4p1/5p2/4nP2/5Q2/3q2PP/3R3K b - - 1 35	d2d1 f3d1 e4f2 h1g1 f2d1	671	050g0p0s101n
m4XKl	rn1q3r/ppp1b2p/2kp1p2/2Pn2p1/P2P2bB/8/1P3PPP/RN2KBNR w KQ - 0 13	f1b5	671	1314191b
obdiZ	8/2p1kp1p/N1Rb1p1r/8/4P3/5P1P/PrPR2P1/7K b - - 0 25	b2b1 d2d1 b1d1	671	0p13151f1o
oozIS	8/5pp1/6kp/2n5/3p4/5P1P/PR3K2/8 b - - 2 39	c5d3 f2e2 d3b2	671	0g0p0s1o
pFrYx	r4rk1/pp2qpp1/8/2b5/1n1p3R/3Q2NP/PPP2PP1/R5K1 w - - 3 20	d3h7	671	1314191b
pU53O	rn3rk1/ppp1qppp/8/3p4/2PB2Q1/7P/PP2nPP1/R3K2R w KQ - 0 14	g4g7	671	0y1314191b
qOkGr	8/8/1r5P/5pR1/5P2/6PK/5k2/8 b - - 0 69	b6h6 g5h5 h6h5	671	0p13151m1o
reV4E	6k1/p7/1p2Pn2/8/2pP4/6K1/P2B4/8 b - - 1 37	f6e4 g3f4 e4d2	671	0g0p0s111o
rkkHM	8/4k1p1/8/pp6/5P1r/1B4N1/P4K2/8 w - - 0 36	g3f5 e7f6 f5h4	671	0g0p0s111o
ruDAW	r2q1rk1/ppp2ppp/3p4/5N1b/3QPb2/1nN2P2/PPP3PP/3R1RK1 w - - 0 18	d4g7	671	0y1314191b
s5CCv	r2qkbn1/2p2pp1/p2p4/2p3Nr/2Q1P1bP/2N5/PPP2P2/R1B1K2R w KQq - 0 13	c4f7	671	041314191b
tnqm4	4N1k1/pp6/5p1p/2Pb2p1/8/7P/1P3PP1/6K1 w - - 0 38	e8f6 g8f7 f6d5	671	0g0p0s1o
ttNjk	r4rk1/pbp3bp/1p1p4/3Pp1N1/2B4P/8/PPQ2qP1/2KR3R w - - 0 17	c2h7	671	0y1314191b
v4Fbm	8/3r1p2/P3p3/1p3p1p/2pk3P/5KP1/8/1R6 w - - 3 48	b1d1 d4c5 d1d7	671	0g0p1m1o1p
xPV3p	r1b2rk1/ppqpppbp/6p1/3N4/2BQP1n1/4BP2/PPP3PP/R4RK1 b - - 2 11	c7h2	671	0y1314191b
xYoVh	3n4/4k1p1/4b1Bp/4B2P/3KP3/6P1/8/8 b - - 2 63	d8c6 d4e3 c6e5	671	010i0p111o
ynteo	r2q1rk1/pp3pp1/2n4p/3p2N1/1b1P2b1/2N1B3/PPQ2PPP/R4RK1 w - - 0 14	c2h7	671	1314191b
1j02j	1r3k2/6p1/6P1/pp5R/8/8/5PPK/8 w - - 0 40	h5h8 f8e7 h8b8	672	0g0p111m1o1p
1z4fB	rn2k2r/p1q2pp1/2p1p1p1/2Pp4/1P1P4/2RBP3/4QPPP/1R4K1 b kq - 0 20	c7h2 g1f1 h2h1	672	0y1315191o
3PZvP	8/p5b1/3kPN1p/2p2Pp1/3nK1P1/P6P/1P6/8 w - - 3 48	f6e8 d6e7 e8g7	672	0g0p0s1o
5bbdo	r3k2r/pp1bpp1p/2np2p1/1qp3B1/4P3/2Q2N1P/PPP2PP1/1R2K2R w Kkq - 0 12	c3h8	672	0t1314191b
696x4	8/7R/6p1/6k1/6B1/6bP/2r3P1/6K1 b - - 0 34	c2c1 g4d1 c1d1	672	0p13151f1o
72jeZ	1k6/1p5R/1P2K3/2P5/8/p7/3r4/8 w - - 0 47	h7h8 d2d8 h8d8	672	0p13151m1o
7OkGf	r1bq1rk1/1p2bpp1/p3p2n/4P3/8/2NB4/PPQ2PPP/2KR3R w - - 0 15	d3h7 g8h8 d1d8	672	010j191o
85jIg	3k2r1/1R6/p3p3/2P5/P6p/3n3P/6PK/8 w - - 1 40	b7b8 d8e7 b8g8	672	010p1o1p
AOzki	2r1k3/p1q1pp2/3pN3/1p1P4/6QP/8/PPP5/1K4R1 b - - 2 28	c7c2 b1a1 c2c1 g1c1 c8c1	672	060p1013161n
BECHK	7r/pR3pp1/2pPk3/4P3/4K3/7p/8/8 w - - 0 32	b7e7	672	0p13141b1m
Bbggo	8/5k2/5P1K/6P1/5r2/8/4R3/8 b - - 6 75	f4h4	672	0p13141b1m
DpoAv	2r3k1/1R4pp/5p2/1p1b4/8/PP2B2P/6r1/2R4K w - - 0 34	c1c8	672	0p0t13141b
E3c7L	5k1r/3n2p1/7p/R1p5/1p6/4P3/1P1N2PP/6K1 w - - 1 30	a5a8 f8e7 a8h8	672	0g0p1o1p
EQhlO	r1b3k1/1p3rpp/p1n5/8/P1B5/8/1P3PPP/R3R1K1 w - - 0 18	e1e8	672	1314191b1g
EhXGx	6k1/p3rpp1/3N3p/8/Pn6/4P2P/1P3KP1/2R5 b - - 2 34	b4d3 f2f3 d3c1	672	0g0p0s1o
GfIus	8/8/7p/4kpp1/8/6PP/3r1PK1/6N1 w - - 0 45	g1f3 e5d5 f3d2	672	0g0p0s1o
GfXBd	8/8/p1p3K1/1b6/7k/8/2R5/8 b - - 0 52	b5d3 g6f6 d3c2	672	0g0p0s111o
Hhvlj	4k2r/p4ppp/1p1bp3/8/2R5/2P1BP2/P4P1P/6K1 w k - 5 19	c4c8 e8d7 c8h8	672	0g0p1o1p
JMYhG	8/3b1p2/p4kp1/2r1N2p/P3P3/6P1/7P/6K1 w - - 0 35	e5d7 f6e7 d7c5	672	0g0p0s0t1o
JXpIT	1r5k/p5pp/8/7P/2Q5/P7/KP5q/2R5 w - - 3 35	c4c8 b8c8 c1c8	672	060p13151n1o
KNSDU	r1r3k1/5p1p/b3p1p1/p2pP3/3Q4/P5R1/5PPP/RBq3NK b - - 2 26	c1g1 h1g1 c8c1 d4d1 c1d1	672	0506101316191n
LRLDN	2r2k2/2q1pP2/3pn2p/4P3/1p3PP1/1P1QR3/PPr5/1KNR4 b - - 2 30	c2c1 d1c1 c7c1	672	1315191k1o
LS5lI	8/8/8/8/PK4pk/1R6/8/1r6 b - - 4 57	b1b3 b4b3 g4g3 a4a5 g3g2	672	000g0p101m
LcBB7	r4k2/p6p/1p2B1pr/2pP4/2P5/2Q1Pn2/P4P1R/6RK b - - 0 24	h6h2	672	031314191b
MiPpr	r4rk1/pb6/1pp1pq2/7Q/3P3R/2P5/PP3PPP/R1B3K1 b - - 0 21	f6f2 g1h1 f2e1	672	061315191o
O4uCY	rnb1k2r/pp1p1pp1/4p2p/2q1P3/6n1/2NB1N2/PPP2PPP/R2QK2R b KQkq - 1 9	c5f2	672	0413141b1c
OwpEr	8/5K1k/8/8/8/6r1/p7/5R2 w - - 0 70	f1h1 g3h3 h1h3	672	0p13151m1o
PTJDo	rnb1kb1r/p3pppp/3p4/1p6/8/1RQ1BN2/q1P2PPP/4K2R w Kkq - 0 14	c3c8	672	0t1314191b
SX6Go	8/2r3k1/3b3p/4q3/P2Np3/7P/1P2QPP1/3R3K b - - 3 37	e5h2	672	0p13141b
So7Zd	8/r4pk1/6p1/1P6/8/2P5/2K4R/8 b - - 0 58	a7a2 c2d3 a2h2	672	0g0p1m1o1p
TpV3r	1r1q1rk1/1p2bppp/p3b3/3n4/2PQ4/1P4P1/PB3PBP/R3K2R w KQ - 0 16	d4g7	672	0y1314191b
Usvjk	3r2k1/pp3ppp/4p3/2P3b1/1P4Pn/4p2P/P6R/1Q1rK1N1 w - - 2 32	b1d1 d8d1 e1d1	672	01191o
W8oum	8/4k1K1/1n6/1p3P2/1P6/8/1P5P/8 w - - 2 55	f5f6 e7e6 f6f7	672	000g0p0z1o
WUP9m	r2qk1nr/ppp2ppp/3p4/7Q/2BpP3/P1bP3P/1PP2P2/2KR3R w kq - 0 15	h5f7	672	041314191b
ZF6ue	r4rk1/3q1p1p/4p1p1/2P1P3/p3NP2/4Q2P/RP4P1/6K1 w - - 2 27	e4f6 g8g7 f6d7	672	0g0p0s1o
aUPMN	R5Q1/8/1k2p3/4P1P1/1pPP4/5ppr/8/5K2 b - - 0 53	h3h1	672	0p13141b1j
bOUEv	r2r1bk1/p6p/P1p2pp1/Q1PqP3/8/1pR1P1B1/5PPP/1R4K1 b - - 0 27	d5d1 b1d1 d8d1	672	061315191n1o
bnMr9	rn3rk1/ppp4p/3p2pB/3Pp2n/2P3Pq/2N5/PP3N1P/R2QKB1R b KQ - 0 13	h4f2	672	041314191b
c31Lm	5r1k/1bB4p/p5p1/1pb5/2Bp4/1P5P/P5P1/7K w - - 0 34	c7e5 f8f6 e5f6	672	0l0p13151o
c9EOr	rn3r1k/ppp1R1pp/8/4N3/3q4/4Q3/PP3PPP/RN4K1 b - - 0 16	d4d1 e3e1 d1e1	672	0y1315191o
deTb6	4q2k/pbp3pp/8/2p1r1P1/3p4/7P/PPPB1RP1/5RK1 w - - 0 23	f2f8 e8f8 f1f8	672	060p0s13151o
eZgzo	4r1k1/5pp1/2p4p/p4b2/P1P1N3/1P2R2P/6P1/4K3 w - - 3 33	e4f6 g7f6 e3e8	672	010j0p1o
fO5U2	r3brk1/p3bp1p/2p3p1/2qp4/8/P1Q1PB2/1B3PPP/R3K2R w KQ - 0 21	c3h8	672	1314191b
hVug8	r4k1r/pb1n1pp1/2pNp3/1p6/6Nq/1B1P4/PPP1QPP1/R4RK1 b - - 0 18	h4h1	672	1314191b
iBBlZ	r4rk1/1q2bppp/4b3/p1p1pN2/1p4Q1/PP1P3P/B1P3PK/R4R2 w - - 4 20	g4g7	672	0y1314191b
iVR6u	7k/2N3pp/R1Pp4/8/3b4/1P6/P1P2r2/2K1Q2q b - - 8 34	h1e1	672	0p0t13141b
ioFA5	5bk1/7p/3P4/2p1p3/4Qn2/1P1q1P2/R5PP/5R1K b - - 2 43	d3f1	672	0p0t1113141b
j9foF	8/1p4p1/p1p1b1pp/P1PpPk2/1P3P1P/5KP1/8/8 w - - 13 51	g3g4	672	080p13141b
jEdUR	rnbqk2r/ppp2pb1/3p3p/4P3/2BP1QpP/2P5/PP2n1PR/RNB1K3 w Qkq - 0 12	f4f7	672	0413141b1c
kYIAX	r1q1r1k1/1b4pp/p1n1pp1B/1p2b1Q1/3pN3/P2R4/1PB2PPP/4R1K1 w - - 0 23	g5g7	672	0y1314191b
l53cA	8/pp6/2p5/2PpN1k1/1P1Pn3/P2KR1P1/5r1P/8 b - - 4 41	f2d2	672	0p0u13141b
lAGDw	2kr3r/2q2pp1/4p3/p2p2P1/Pp6/1PP2Q2/N4PB1/1R3RK1 b - - 0 27	c7h2	672	1314191b
lDuJl	r1bq1r1k/pp1pn2p/6p1/2pB1p2/1PP1pP2/P3P3/1bQPN1PP/5RK1 w - - 0 15	c2b2 f8f6 b2f6	672	0y1315191o
lYAAl	8/8/8/p2pPp2/P1K2k1p/7P/8/8 w - - 0 45	c4d5 f4g3 e5e6 f5f4 e6e7 f4f3 e7e8q	672	000g0p1e1h1w
meNUm	8/p3Q3/2Pk1ppp/4p3/7P/6P1/P4P2/6K1 b - - 0 40	d6e7 c6c7 e7d7 c7c8r d7c8	672	010p10
mlFtl	5B1k/6b1/7K/2pB4/2P1p3/3P4/4n3/8 w - - 0 48	f8g7	672	0p13141b
nX8Pk	r2qk2r/2pnb3/p3pppB/1p2P3/3P4/P1P2P2/2Q2P1P/R3K1R1 w Qkq - 0 16	c2g6	672	1314191b
niIMN	5k2/1p3ppp/p7/1b5q/8/P4r2/1P3PPP/3RR1K1 w - - 0 33	d1d8 b5e8 e1e8	672	0p13151o
oKI44	8/8/1ppk3p/1p1n1K2/1P3P2/P5P1/7P/5B2 b - - 0 36	d5e3 f5g6 e3f1	672	0g0p0s1o
ollzq	3R4/5p1k/p5pp/1pP5/8/1PQ2PqP/r7/7K w - - 0 39	c3h8	672	0p13141b
p6XbO	1R6/1p6/p1p2kp1/8/1P4Kp/4P3/5r1P/8 w - - 0 44	b8f8 f6e5 f8f2	672	010p111m1o1p
pJKa3	8/1r3kpR/1p3p2/p4P2/P1pnP3/5PK1/8/2R5 b - - 1 50	d4e2 g3g4 e2c1	672	0g0p0s111o1r
q1Cww	8/8/r4k2/3Bp3/3bP3/1K5R/8/8 w - - 0 56	h3h6 f6e7 h6a6	672	0g0p111o1p
q4z5N	8/8/p3R3/3P1p2/1P3P2/K1k5/8/5r2 b - - 0 50	f1a1	672	0p1113141b1m
qFrBO	4r1k1/5ppp/8/8/P7/1PbB3P/2Pp1PP1/3R1K2 b - - 5 31	e8e1 d1e1 d2e1q	672	000p13151h1o
qcUms	8/7p/5K1P/8/5k2/8/8/8 w - - 1 54	f6g7 f4e5 g7h7 e5f6 h7g8	672	0g0p101e
rVWZE	r2q1bkr/pp2p1pp/1n6/6N1/6Q1/8/PP1N1PPP/n1BK3R w - - 0 14	g4e6	672	1314191b
rpqHI	3r2k1/pp3ppp/5n2/4r3/6b1/6P1/PPPB2BP/R1K1R3 b - - 5 18	e5e1 d2e1 d8d1	672	1315191d1k1o
s2Yrs	8/7r/5R1P/8/2p3P1/K1k5/8/8 b - - 0 61	h7a7 f6a6 a7a6	672	0p13151m1o
s4KG0	6k1/ppbq2pp/4p3/3B4/8/PQ3KP1/1P3P1P/2r5 w - - 0 30	d5e6 d7e6 b3e6	672	010p0s1o
sTi45	r3kb1r/pp3ppp/1qn5/3pP3/4nB2/1PP2B2/P4PPP/RN1QK2R b KQkq - 0 11	b6f2	672	0413141b1c
sWPsh	8/8/1k3p1p/4pP2/4P3/Np1P4/3b1K1P/8 w - - 2 44	a3c4 b6b5 c4d2	672	0g0p0s111o
slplT	r1qbr1k1/ppp2ppp/8/1Q1Np3/4P3/8/PP3PPP/2RR2K1 w - - 2 17	b5e8	672	0t0y1314191b
tJAcL	5rk1/pqp4p/1p1p2p1/3P4/2PQ1n2/1P3N2/PB3PPP/R5K1 b - - 2 29	f4e2 g1f1 e2d4	672	010s191o
vgl3r	r2qkbnr/pppn1pp1/4p1p1/3p4/3P1PP1/7P/PPPNP3/R1BQKB1R b KQkq - 0 8	d8h4	672	13141b1c
wHdqq	6k1/4Q2p/5p2/2PP2q1/4b3/1p5P/1P4PK/4R3 b - - 0 48	g5g2	672	0p13141b
y9krn	8/4R2p/pP6/1k4P1/4K3/8/5r2/8 b - - 0 44	f2e2 e4d3 e2e7	672	0g0p1m1o1p
zN60y	r3kb1r/1bqp1ppp/p1n1p3/1p6/3NP1n1/P1NBB3/1PP2PPP/R2Q1RK1 b kq - 5 11	c7h2	672	0y13141b1c
zQHxV	3r2k1/pp1rnp1p/3P1pp1/8/6P1/1P3P2/P2R2P1/3R2K1 w - - 0 27	d6e7 d7e7 d2d8	672	000g0j0p1o
0CmRU	3b4/8/3p1k1p/3n3P/PP2R3/8/8/1K6 b - - 0 45	d5c3 b1c2 c3e4	673	0g0p0s1o
0wI7T	bb3k2/p4p1p/6p1/5N2/5P2/1B5P/P2r2P1/2R4K w - - 0 36	c1c8 d2d8 c8d8	673	0p0s13151o
1hDHi	r1bqkbnr/pp1ppp2/2n4p/6Np/2BpP3/8/PPP2PPP/RNB1K2R w KQkq - 0 7	c4f7	673	0413141b1c
2MWzd	2kr3b/p2np3/2p3p1/3qBp2/3Pp3/P3P3/3NQPP1/2R1K3 w - - 0 21	e2a6	673	1314191b
4n2Rm	8/8/1p1k3r/pR6/P5K1/8/8/8 w - - 3 55	b5b6 d6d5 b6h6	673	0g0p1m1o1p
4vSBG	r1b1k1nr/p1p2ppp/2pp1q2/2b5/2B1P3/2N4P/PPPB1PP1/R2QK2R b KQkq - 2 9	f6f2	673	0413141b1c
50xRZ	3r1k2/R3b1r1/5p2/2pP3R/1pP1p2P/1P4P1/6K1/8 w - - 2 37	h5h8 g7g8 h8g8 f8g8 a7e7	673	0g0p0r10
53565	8/8/p1n2k1p/P5p1/1p1p4/4rP2/1PPK2P1/7R w - - 0 37	h1h6 f6e5 h6c6	673	010p111o1p
5B5iV	2r2rk1/8/1Q1p2np/3Pp1p1/4PpPn/1RP2P1P/q5BK/2N1BR2 b - - 6 37	a2g2	673	111314191b
5ZjQL	2kr3r/pp3ppp/2p1pn2/2b5/QPN1P3/2Pn2P1/P5BP/R1B3RK b - - 0 18	d3f2	673	1314191b1q
6aQC9	3r2k1/p5pp/8/8/5r2/2N5/PQ4PP/3R3K b - - 1 22	d8d1 c3d1 f4f1	673	060p13151o
8jPVJ	r3r1k1/5ppn/3N2bp/p1pPP3/p1P2Q2/1q6/1P2RPPP/1B1R2K1 b - - 2 27	b3d1 e2e1 d1e1	673	0s0t1315191o
9Efk1	5R2/8/8/6p1/5p1k/5P2/2r3P1/5K2 w - - 2 56	f8h8 h4g3 h8h3	673	0p13151m1o
9HREr	r3k2r/1p3ppp/3bp3/p6B/8/P6P/1PQP1qP1/R1B1R2K b kq - 3 17	f2e1	673	0t0y1314191b
9iesQ	k2q4/pp1P1p1p/5rp1/8/4p3/8/P4PPP/2RR2K1 w - - 0 30	c1c8 d8c8 d7c8q	673	000p0s13151h1j1o
BXw5w	1r6/p3kp2/5p2/7p/Pr3P1P/R2PN1P1/2P5/6K1 w - - 3 32	e3d5 e7d6 d5b4	673	0g0p0s1o
Ba7wm	6k1/6p1/2b2p1p/5N2/p7/2P2P1P/5KP1/8 w - - 0 36	f5e7 g8f7 e7c6	673	0g0p0s1o
CLQVb	rnb1Q3/pp6/1n3r1k/3p2qP/2pP4/2N5/PPP3P1/R3K2R w KQ - 3 19	e8h8	673	1314191b
CrSM7	8/1pp5/8/p2p1K2/P2k2P1/8/8/8 w - - 0 49	g4g5 d4e3 g5g6 d5d4 g6g7 d4d3 g7g8q	673	000g0p1e1h1l1w
DrTxm	8/p2k1p2/1p1Pp3/8/6P1/3R2nr/PPP5/2K3R1 b - - 1 26	g3e2 c1d1 e2g1	673	0g0p0s111o
E8dtS	3r2n1/1kp1p1Qp/3p1pb1/8/1p2q1P1/4B2P/PPP1NP2/2KR3R b - - 1 18	e4c2	673	1314191b1k
EKHM1	r4rk1/q4ppp/2p1p3/2Pp4/1p6/PNPQPPn1/6P1/R3K2R w KQ - 0 19	d3h7	673	0y1314191b
Ebikj	r2q1rk1/4n1pp/p3pp2/1bbp2N1/5B2/2P1P3/1PQN1PPP/R3K2R w KQ - 0 15	c2h7	673	0y1314191b
ElZ81	r4rk1/p1q1bppp/2p1N3/3p4/N5n1/1P6/PBP1QPPP/R4RK1 b - - 0 16	c7h2	673	0y111314191b
HYBVB	2kr4/pp3p2/4p3/2q1P1N1/2p5/4Q1p1/P1P3P1/4R1K1 b - - 0 31	c5e3 e1e3 d8d1 e3e1 d1e1	673	0p101316
HaPFT	2b3k1/5rp1/p3p1Np/2pp3N/P2b4/1P4Q1/2P2rPP/4R2K b - - 0 28	f2f1 e1f1 f7f1	673	061315191o
N4CHX	1kr4r/ppq2ppp/4p3/1Q1pN3/8/1R1R4/PPP3PP/1K6 b - - 0 22	c7c2 b1a1 c2c1	673	1315191k1o
NMnML	5r1k/1R4Rp/4pp2/6q1/2N1P2n/6bP/4Q1P1/7K b - - 1 33	g5c1 e2d1 c1d1	673	1315191o
OEGTJ	r4rk1/5bpp/1pp1q3/p3Q3/6P1/2B4P/P1P2PB1/1R4K1 w - - 1 28	e5g7	673	0y1314191b
OPjPw	5k2/1p3pp1/2p4p/8/P1P1B3/bP2B3/n4PPP/3K4 b - - 5 33	a2c3 d1c2 c3e4	673	010p0s111o
OS5nX	r3r1k1/ppp2pp1/1b1p3p/3P1b2/3B4/2P2qPP/P1P1RP1K/R2Q4 w - - 0 20	e2e8 a8e8 d1f3	673	1119
On03k	2q3k1/5pp1/p6p/Pp2QPn1/2p2PP1/2P5/1PB4K/8 b - - 0 30	g5f3 h2g2 f3e5	673	0g0p0s111o
PEcwG	r1bq1rk1/pppp1ppp/7n/2b1n1N1/2Bp4/3Q4/PPP2PPP/RNB1K2R w KQ - 0 8	d3h7	673	0y13141b1c
QcrLe	2r2rk1/p3qppp/4p3/1p1n4/7R/2P2N2/PPQ2PPP/5RK1 w - - 0 19	c2h7	673	0y1314191b
RfbEt	r3k2r/ppp2ppp/2n1p3/2bP4/6b1/1P5B/PBPPP2P/RN2QK1R b kq - 0 13	g4h3	673	0a1314191b
Rjnsi	4Q3/1K6/6pk/6q1/7p/8/8/8 w - - 0 77	e8h8	673	0p111213141b1i
SLK7I	6rk/ppq5/4pN2/1bppPp2/5b1P/2PP1B2/PP6/6RK w - - 0 29	g1g8	673	030y111314191b
T50Qj	3r3k/pp5p/3P4/b2B4/5B2/5PP1/7P/7K w - - 0 37	f4e5	673	0l0p1113141b
UL8ED	r2qkr2/p3n1Q1/2p5/1p1pP2p/3P2pN/2N3Pn/PP3PKP/R6R b q - 4 24	f8f2	673	0u1314191b
UYhfm	2r3k1/5p1p/b3p1p1/3p1n2/1B3P1P/1P2P3/P1qP1QP1/R3K1NR b KQ - 2 20	c2c1 a1c1 c8c1	673	1315191f1n1o
UdquE	2r3k1/p4ppp/1pN2n1b/8/8/P1P3PP/6BK/1R6 w - - 2 25	c6e7 g8h8 e7c8	673	010p0s1o
VAGou	8/1K1k4/3R4/5p2/5P1p/7P/8/8 b - - 0 52	d7d6 b7b6 d6d5	673	0g0h0p1o
VUftE	rn4k1/ppp3pp/2q5/4p1N1/2n5/4BP2/PP3P1P/2KR2R1 w - - 2 19	d1d8 c6e8 d8e8	673	0y1315191o
Vrgr4	5r1k/1p4Rp/2pQ1p2/7q/3P4/1P4P1/5PK1/4r3 w - - 0 32	d6f8	673	0p0t13141b
VryVn	8/7R/2P1k1p1/5p2/1p3P2/4NKP1/r5P1/4b3 b - - 0 45	a2f2	673	0p0q1113141b1d
Vwu6p	8/5pk1/p1r3p1/2rR3p/2P5/3KP3/2R3PP/8 b - - 1 34	c5d5 c4d5 c6c2	673	010j0p1m1o
WVL2S	3r2k1/ppq2ppp/1bn1p3/8/1P3P2/P1Q3P1/1B1r2BP/R4R1K w - - 2 19	c3g7	673	0y1314191b
ZtdMO	N4bnr/pp1k3p/8/6p1/8/6P1/PPb1PP1P/R3KB1R b KQ - 0 13	f8b4	673	0l1314191b
a26cd	r1b2rk1/1p1n2p1/6QB/p2pP2P/3q4/2N5/PP3bB1/1R3R1K b - - 1 24	d4h4 g2h3 h4h3	673	0y1315191o
aEWwK	8/p4p2/4pk2/1P3p1p/P1R2K1P/4P1P1/r4P2/8 b - - 5 37	a2f2	673	0p13141b1m
am4hu	rnbq3k/pp2brpB/5n1p/3p2N1/3p4/2P5/PPQ2PPP/R1B1R1K1 w - - 0 15	g5f7	673	0t0y13141b1c
avV3N	rn3rk1/ppQ2ppp/8/3q4/8/5NN1/PPb2PPP/R1B1KB1R b KQ - 0 12	d5d1	673	13141b1c
bESce	4k3/8/2N1PPK1/8/8/7p/8/7r w - - 0 52	f6f7 e8f8 e6e7	673	000p13151o
bFwZZ	8/R4p1p/4Pk2/1p3P2/5K2/8/4r3/8 w - - 1 46	a7f7	673	0p1113141b1m
bm3vV	7k/7P/5PK1/6N1/8/8/5r2/8 w - - 1 63	g5f7	673	0p13141b
brj2R	r1b1k2r/ppp1bppp/2nq4/1B1P2B1/3N2n1/2N5/PPP2PPP/R2Q1RK1 b kq - 0 9	d6h2	673	0y13141b1c
d8Rcg	r4rk1/p1p2ppp/5n1q/3pnN2/3N4/4P3/PB1PBPb1/R2Q1RK1 b - - 1 17	h6h1	673	1314191b
dOwif	8/2Q4p/p2P1ppk/1p6/6q1/3P4/1P3PP1/5K2 b - - 5 44	g4d1	673	0p13141b1i
e0Ni2	r1br2k1/ppp2ppp/2n2n2/8/2Q4q/1BP4P/PP3bPN/RNB2RK1 w - - 0 14	f1f2 h4c4 b3c4	673	0g1c1o
eaCzR	7r/1p3kn1/pN1R1p2/2p2Pp1/P1P3P1/1r6/5K2/3R4 w - - 0 49	d6d7 f7f8 d7d8	673	010p111o
ejKJS	5r2/p6p/1b4k1/6p1/2r1ppN1/8/PB3PPP/R4K2 w - - 0 30	g4e5 g6f5 e5c4	673	010p0s1o
fEW5P	6k1/1R3pp1/p3p3/1n4Np/8/7P/3b1PP1/6K1 w - - 3 39	b7b8	673	0p1113141b
fo5W2	4rk2/6p1/5p1p/p7/2B2P1N/1Pb1p1P1/P3K2P/8 w - - 2 39	h4g6	673	0p13141b
hIjRA	r4rk1/1pp1b1pp/p1n1q3/5p1N/2P1pP2/P1Q5/1P2B1PP/2KR3R w - - 0 25	c3g7	673	0y1314191b
iHMfA	5k2/5p2/2p5/2N1q3/7P/2R2PP1/7K/8 w - - 3 45	c5d7 f8e7 d7e5	673	0g0p0s1o
j2W3f	8/R1p5/5kp1/p6p/8/2b5/2P3P1/6K1 b - - 5 42	c3d4 g1f1 d4a7	673	0g0p0s1o
jTsZB	8/8/p2K1nkP/1p6/1Pp5/8/1P1B4/8 b - - 0 49	f6e4 d6c6 e4d2	673	0g0p0s1o
jgwwX	r4rk1/p1p2pp1/1p2p2p/8/3PQ3/2P1PN2/P4PPP/1Bq2bK1 w - - 0 20	e4h7	673	1314191b
kOMnI	N4rk1/p2nb1pp/2p2pq1/3pP3/3P4/P4N2/1PP2PPP/R1BQ1bK1 b - - 0 14	g6g2	673	0y1314191b
l2Qim	8/8/Pq5k/1B6/1KR2ppp/8/6P1/8 w - - 2 47	c4c6 b6c6 b5c6	673	0g0p0s1o
m6jjl	2B2b2/p2R4/4Pkp1/1p6/2n2P2/6PK/4q3/8 w - - 5 47	d7f7	673	0p0q13141b
mrHmS	r1bq1rk1/pppn1p1n/3p3Q/3Pp1b1/2P1P1P1/2N2P2/PP2N3/1K1R1B1R w - - 1 16	h6h7	673	0y1314191b
nmeaM	6k1/R6p/8/5p2/1p2rP2/3R1KP1/7P/2q5 w - - 0 43	d3d8 e4e8 d8e8	673	0p13151j1o
o1COp	7k/pp2r2p/7B/3Q1pb1/2p3q1/6P1/1P4KP/8 w - - 2 36	d5d8 e7e8 d8e8	673	0p13151o
oMTYB	1r2r1k1/4qpp1/2bppb1p/2p5/2p5/1P1Q1NP1/2B2P1P/1R1R2K1 w - - 0 27	d3h7 g8f8 h7h8	673	0y1315191o
p57gS	3r1rk1/pp3p2/7p/2p3p1/1nP5/1PbB1PB1/P2R1P1P/3R2K1 w - - 3 22	d3h7 g8h7 d2d8 f8d8 d1d8	673	0g0j10111219
qWHqE	rn2k2r/ppp1bpp1/3q1np1/3P4/2B5/2N5/PPP1QPPP/R1B1R1K1 b kq - 3 12	d6h2 g1f1 h2h1	673	0y13151c1o
r9tBA	6qk/5rpp/p4p2/4pP1R/1b1pP2Q/3P3R/1P2r1PP/5NK1 w - - 7 30	h5h7 g8h7 h4h7	673	0y111315191o
ra2SX	3r2k1/4b1pp/p3Rn2/1pp5/3r4/PPN5/5PPP/RBB3K1 b - - 0 20	d4d1 c3d1 d8d1 e6e1 d1e1	673	060s101316191n
uxcRg	1k6/1P6/PK6/8/2b5/8/8/8 w - - 0 76	a6a7	673	00080p13141b
vVC9R	2r3k1/5pp1/2B5/3N2p1/p1PB4/3b2PP/1P3PK1/4b3 w - - 11 38	d5e7 g8f8 e7c8	673	010p0s1o
vdqDl	r2b1rk1/1p5p/2p4R/2P5/1P4q1/6p1/2Q2PK1/1RB5 w - - 0 31	c2h7	673	1314191b
vj0A5	5r1k/pp1R3p/5N1b/5P2/8/8/Pr6/6K1 w - - 0 34	d7h7	673	030p13141b
wCrGT	8/8/2K5/1P6/1kp5/8/8/8 b - - 1 54	c4c3 b5b6 c3c2 b6b7 c2c1q	673	000g0p101e1h
xqVXS	3rk2r/pR3p2/3q1R1p/b2N4/2P3n1/8/4N1PP/5Q1K b k - 2 21	d6h2	673	1314191b
yd5o4	rnk2b1r/ppp2q1p/4N2n/3Q4/4ppbP/1P6/P1PP2P1/RNB1K2R w KQ - 0 12	d5d8	673	13141b1c
yzezy	8/pp5p/8/6K1/P7/1Pk5/2R4P/8 b - - 0 44	c3c2 g5h6 c2b3	673	0g0p1o
02O2z	4r1k1/5ppp/2N5/1p1B2N1/6Pn/P7/2P1rP1P/2R3K1 b - - 2 28	e2e1 c1e1 e8e1	674	1315191o
0eFrM	rn1qkbnr/pp1bp3/5pp1/3p3Q/3P1P2/2P5/PP4PP/RNB1K1NR w KQkq - 0 9	h5g6	674	13141b1c
0fhpv	r7/P2R4/2Bb2k1/2pP3p/2P1Kpp1/3P4/8/8 b - - 1 45	a8e8 d7e7 e8e7	674	0p13151o
1oL78	8/pp2kR2/2p2n1Q/7r/5P2/4r3/1P6/5RK1 b - - 0 35	e7f7 h6h5 f6h5	674	0g0p111o1t
2PH0Z	5r1k/4R1pp/p1b5/8/3Q1P1P/6P1/p1q5/6K1 w - - 5 47	d4g7	674	0p1113141b
2dqyc	r4rk1/ppqn1p2/2p5/3p1Qpn/3P1b2/3B3P/PPP2PP1/R3R1K1 w - - 0 18	f5h7	674	1314191b
2w83a	6k1/pp3ppp/8/8/3r1q2/P1Q2P1P/1P2rP2/1K4R1 w - - 0 23	c3c8 d4d8 c8d8 e2e8 d8e8	674	0p101316
4G2Kt	2b5/p3k2p/P5pP/8/8/1K6/R7/8 b - - 4 55	c8e6 b3c3 e6a2	674	0g0p1o1p
5A5MZ	r5k1/p5pp/2N5/3rp3/8/3p2P1/3R1P1P/6K1 w - - 1 31	c6e7 g8f7 e7d5	674	010p0s1o
5LaQl	2r3k1/4Qppp/p1p5/3p4/8/7n/PPB3PP/2R3RK b - - 0 26	h3f2	674	0p13141b1q
6EDvs	1k6/1p1r3p/p1pb4/q4R2/4P3/1P1P4/PQP3PP/3N3K b - - 1 26	a5e1 f5f1 e1f1	674	0p0s13151o
6JqV5	4k3/6Q1/1p1B4/p2p4/P2P4/1P2qP2/r5PP/2R4K b - - 2 38	e3c1	674	0p0t1113141b
6Og0e	r4rk1/2Q3pp/p1pPp3/7q/8/P6P/1B3PP1/5RK1 w - - 0 28	c7g7	674	0p13141b
6TsRS	2r2r2/2q1p3/p2p1k2/1p1Bb2Q/4P2P/5P2/PPP5/2K3R1 w - - 6 25	g1g6	674	1314191b1f
6bHFS	6rk/8/4NR1p/6p1/5p2/2P3q1/PKP5/8 w - - 2 26	f6h6	674	0p13141b
6hh7n	8/p4pk1/1p3p2/2p5/3P4/2P1P1P1/P1P4r/2R2K2 b - - 0 32	h2h1 f1e2 h1c1	674	010p1m1o1p
703Wl	3k3r/R7/1p1Pp2p/3p4/6P1/3b4/P6P/7K w - - 0 31	a7a8 d8d7 a8h8	674	010p1o1p
8FN9m	r3k2r/5ppp/p7/qpb1P3/1npN1Pb1/P4N2/1PP1QPPP/3RKB1R b Kkq - 0 16	b4c2	674	0k0m1314191b
9CIkq	7r/1p3p2/3p1kp1/pPbR4/P3P1Pr/5PN1/6P1/1R3K2 b - - 5 35	h4h1 g3h1 h8h1 f1e2 h1b1	674	010p101n1p
9WjBG	r3k2r/pp1n1ppp/1qp3n1/4p3/4P3/1P1P1NPP/P1P1B2K/R2Q3R b kq - 0 16	b6f2	674	0q1314191b
A6w8a	8/8/6k1/5R2/5K1P/8/6r1/8 b - - 18 64	g2f2 f4e3 f2f5	674	0g0i0p1m1o1p
AnRz6	r4r2/pp5k/2ppRq1p/8/6Q1/8/PPP2PPP/R5K1 b - - 6 27	f6f2 g1h1 f2f1 a1f1 f8f1	674	060p1013161n
B9x5Y	5k2/2R2p2/6p1/pp2PN2/4PP2/Pb3K2/1r6/8 w - - 0 30	c7c8	674	0p13141b
BLGUe	6R1/1r6/8/5k1K/7P/8/8/8 b - - 0 51	b7h7	674	0p13141b1m
BMHyL	1k1r3r/2q1B2p/1p4pP/p2p2Q1/3Pb3/1PP5/P5P1/2KRR3 b - - 1 26	c7c3	674	111314191b1k
CRgbS	rn1qkb1r/pp3pp1/2p2np1/8/4B3/8/PPP1QPPP/RNB1K2R w KQkq - 0 11	e4c6	674	0k0m0q13141b1c
CUGhA	8/5R2/5pr1/8/5K1k/8/8/8 w - - 16 74	f7h7 g6h6 h7h6	674	0p13151m1o
CcTkk	8/8/p3k3/1p1p2p1/1P1np1P1/P3R3/6P1/4K3 b - - 1 43	d4c2 e1d2 c2e3	674	0g0p0s111o
ENSAN	2kr1b1r/3b2pp/p1n2p2/1B5q/8/2N3B1/PP3PPP/R4RK1 w - - 0 18	b5a6	674	0a1314191b1k
FHap2	6r1/1k3rP1/pp6/3ppN2/1P6/2PK4/P7/6R1 w - - 1 37	f5d6 b7c6 d6f7	674	0g0p0s111o
GGqaO	8/2p2p2/2K5/1N6/8/2P2P2/2q1k1P1/8 w - - 7 58	b5d4 e2f2 d4c2	674	0g0p0s111o
I3cnO	r4rk1/pR4pp/4p3/3p4/2p5/P5Q1/4qPPP/3R2K1 w - - 0 24	g3g7	674	0p13141b
J5aNN	8/1R6/1p6/7k/8/4K3/7r/8 w - - 0 45	b7h7 h5g4 h7h2	674	0g0p111m1o1p
JGmG5	6r1/2pk4/1p1p1p2/pP1PpP2/2q5/B7/P4KBQ/8 w - - 0 38	h2h7 d7c8 h7g8	674	010p0s1o
LT5hv	4kr2/6p1/p5P1/np1R2Bp/7P/2r2P2/P5K1/8 w - - 0 31	d5d8	674	0p13141b1d
LVKad	1r3k2/p4ppp/8/4N3/4pP2/2K1P3/P5PP/8 w - - 3 28	e5d7 f8e7 d7b8	674	0g0p0s1o
NWnFG	3r2k1/4qr2/1pb1p1p1/2ppBpP1/P5n1/1PP3K1/4Q1P1/R6R w - - 4 29	h1h8	674	1314191b1d
NpfLr	8/1p4kb/p1p1B3/8/3bN3/P5P1/1P5P/5R1K b - - 0 31	h7e4 f1f3 e4f3	674	0l0p0t13151o
OazTn	5r1k/ppq3pp/2p1R3/8/7Q/P1N4P/1P3rP1/3R3K b - - 0 28	f2f1 d1f1 f8f1	674	1315191o
PDbfp	7k/4b1pp/2q1Pp2/1pp2n1N/8/1P1Q2BP/r7/3R2K1 w - - 0 36	d3d8 e7d8 d1d8 c6e8 d8e8	674	101316191n
PSugE	2r4k/5ppp/6q1/8/5PQ1/P6R/1r6/5R1K w - - 8 45	g4c8	674	0p0t13141b
SBxzZ	r1b2r2/pp5k/4p3/2q1N3/4P2n/2p4P/PP2Q3/2K3R1 w - - 0 24	e2h5	674	111314191b
SDc1Z	5rk1/pppR2pp/4p1q1/4P3/8/P1P4r/1B3Qb1/5RK1 w - - 0 27	f2f8	674	1314191b
SSVez	3n4/q4kp1/2p4p/5P2/2pRN3/2Q5/1P3PPP/6K1 b - - 2 35	a7a1 d4d1 a1d1 c3e1 d1e1	674	0p101316
SyyUX	2k5/ppp1qNp1/5n1p/8/4p3/7P/PPP3P1/3RR2K w - - 2 26	d1d8 e7d8 f7d8	674	010p1k1o
T68iZ	8/8/5k2/5P2/6K1/6p1/8/1B6 b - - 1 73	g3g2 g4f3 g2g1q	674	00080g0p1h1o
U6HXe	1r2k2r/3b1ppp/p3pq2/2pN4/5P1P/P2Q2P1/1PP5/1K2R2R b k - 0 20	f6b2	674	1314191b1k
UAuBv	5rk1/rp1n1ppp/5q2/3P1QN1/4R3/P7/1b2n1PP/5R1K w - - 3 28	f5h7	674	0y1314191b
VZVIM	2rq1rk1/pp3pp1/4bb1p/3p4/3P3B/n4N2/1PQ2PPP/1BR2RK1 w - - 0 18	c2h7	674	13141b1c
WPeHW	r5k1/1pp2pp1/p1q4p/3Np3/1P2R3/P2R4/5PPP/6K1 w - - 1 24	d5e7 g8f8 e7c6	674	0g0p0s1o
WoVgc	2R5/r5k1/p3BrPp/1p6/4K3/1P6/P5P1/8 w - - 2 42	c8g8	674	0p1113141b
X0Fkm	6k1/5ppp/8/Pr2p3/2P1P3/2N1b3/1P3q2/1K1R4 w - - 0 24	d1d8	674	060p13141b
a1B89	1k1r3r/pppqn1pp/3b1p2/1N6/3Q3B/4P2P/PPP1bPP1/R4RK1 w - - 0 15	d4a7 b8c8 a7a8	674	1315191k1o
a5IES	4r3/5pkp/p5p1/1p2n1B1/2p5/2P4P/P1B2PP1/4R1K1 b - - 1 29	e5f3 g2f3 e8e1	674	010j0p111o
ad4jG	6k1/p4ppp/8/2Rr4/P7/1r3P2/6P1/6K1 w - - 0 43	c5c8 d5d8 c8d8	674	060p13151m1o
b7e8n	r3r1k1/1pp1qpp1/p2p3p/3Pn3/3R4/6P1/PPPQ1PBP/4R1K1 b - - 0 19	e5f3 g2f3 e7e1	674	010j0y11191o
c3LV4	6k1/3bqpp1/p6p/1p1BP3/1P6/P4Q1P/1b3PPB/2r1R1K1 b - - 7 30	c1e1	674	060t1314191b
cPOBQ	5rk1/ppp3pp/5B1q/2pP4/2P2pQ1/5P2/PP2r2P/R5RK b - - 0 28	e2h2	674	0y1314191b
cT1Uq	8/1p1k1ppp/4p3/pRPb4/8/P4P2/4K2P/8 b - - 4 34	d5c4 e2d2 c4b5	674	0g0p0s1o
cmnKE	rn2k3/1b3p1p/4p3/pPpp4/P1q1nB2/3QPP2/2N1K1rP/R4B1R w q - 0 20	f1g2 c4d3 e2d3	674	010t191o
d4rfm	r1bq1rBk/pp1n1pp1/4p2p/3p2bn/3P1B1P/2P5/PPQN1PP1/R3K2R w KQ - 0 14	c2h7	674	1314191b
dHXod	1r2qr2/2p1n1pk/p2p1p2/1p3P2/P3P3/1B1R4/1PP3PP/5RK1 w - - 0 23	d3h3 e8h5 h3h5	674	1315191f1o
dawaz	8/5p1p/pk3bp1/1pN1p3/1P2P2P/P4PP1/5K2/8 w - - 4 36	c5d7 b6c6 d7f6	674	0g0p0s1o
dknyN	r2qk2r/3p1ppp/pbn1p3/2p1N3/1nP5/3B1Q2/PP3PPP/R1B1R1K1 w kq - 3 16	f3f7	674	0413141b1c
eYIPZ	5K2/5RP1/4k3/4P3/8/8/8/2r5 b - - 0 63	c1c8	674	0p13141b1m
ghLUB	r1bqk2r/pp3pQp/2p1p3/1Bb1P3/7P/8/PPP3P1/RNB2R1K b kq - 0 14	d8h4	674	0y13141b1c
h9oJH	1r6/8/2K5/PR3kp1/3P1p2/7P/8/8 b - - 0 69	b8b5 c6b5 f4f3 a5a6 f3f2	674	000g0p101m
i2wU9	r4k2/1b3ppp/p1pp4/Pp2b3/2P1n3/7Q/4BPP1/1R5K b - - 2 26	e4f2 h1g1 f2h3	674	0g0s191o
irCCP	8/r2k4/P6R/4p3/8/8/6K1/8 w - - 1 55	h6h7 d7c6 h7a7	674	0g0p111m1o1p
kXW1y	rnb1k2r/pp3ppp/1qpp4/4p3/2B1P1n1/2NPBN2/PPP1K1PP/R2Q1R2 b kq - 5 9	b6e3	674	1314191b1s
kbcDS	r4rk1/p1q2p1R/b1p3p1/3p4/3pN3/P3P1P1/1PB2PP1/R3K3 w Q - 0 19	e4f6	674	0f1314191b
kowQh	r3r2k/6pp/2p1p3/ppP1N3/1P1P1Q1q/P3P1p1/1B5P/R4RK1 b - - 1 29	h4h2	674	0y1314191b
lBaD5	1R6/Q3R1pk/2b3rp/2p5/2P5/P2P2P1/3r1P1P/6K1 b - - 5 33	d2d1 e7e1 d1e1	674	0p13151f1o
m92Va	5k2/5pp1/1r5p/4N3/8/1P4P1/5PKP/8 w - - 7 37	e5d7 f8e7 d7b6	674	010p0s1o
mWS8g	8/p4R2/1p1k3p/1BpPb3/4P3/8/Pr6/4K3 w - - 0 32	f7d7	674	0p1113141b1d
mZXJS	r1b1kn1r/pp2n3/2p1Bp2/4p1pp/1P2P3/2N2N2/P1PR1PPP/3R2K1 w kq - 5 17	d2d8	674	1314191b1f
n0q18	8/1R6/p4kp1/5p2/P7/2P2n2/2r4P/5R1K b - - 2 44	c2h2	674	030p13141b
nRwBb	r1bqr1k1/ppp2ppp/8/2n3Pn/2Q5/7P/PP2PPB1/R1B2KNR b - - 3 13	d8d1	674	13141b1c
nx1Pu	8/6pk/4P1qp/8/4KQ2/6P1/8/8 w - - 2 56	f4f5 g6f5 e4f5	674	0g0h0p1g1i1o
oKg9p	1r6/8/p1pk2p1/P2p1pP1/1P1B1P2/2P1P3/4K3/8 w - - 7 66	d4e5 d6d7 e5b8	674	0g0p111o1p
oRLt3	5rk1/2p2ppp/2p5/1bQnPN2/8/8/rPPB1PPP/2KR2R1 b - - 0 21	a2a1	674	061314191b
okARr	2rq1rk1/5pp1/1p2p3/p2bB1Q1/P1NPn2n/1P6/4BP1P/2RR2K1 w - - 1 27	g5g7	674	0y1314191b
orxNw	2kr3r/1pp1R1pp/p2p1Bq1/3b1p2/2B2P2/7P/PP4P1/R2Q2K1 b - - 0 24	g6g2	674	0y1314191b
oy1M6	3q2k1/1b3p1p/2p1n1pb/1pP5/1P1pPN2/3N1P2/3Q2PP/5BK1 w - - 6 30	f4e6 h6d2 e6d8	674	0g11191o
pcBwY	r1b1kb1r/pp1p1ppp/3q4/3Bp1B1/3nP3/1Q6/PP3PPP/2KR2NR w kq - 1 11	d5f7	674	0413141b1c
qWnnu	2r3k1/1b5p/3PpQp1/8/1pP2P2/1P6/1B4PP/1q1B3K b - - 0 40	b1d1	674	0p0t1113141b
rYKVK	3k4/4p2r/Q2P1p2/1p6/1Pq3b1/2P1b1B1/1P4PP/5R1K b - - 2 39	c4f1	674	0t111314191b
rmdrl	8/3r4/2RPk3/5p2/1P1Kp2p/7P/6P1/8 b - - 1 45	d7d6 d4c5 d6c6	674	0g0p1m1o
sBmj7	2q3k1/5pp1/2Q1p2p/2KpP3/5P1P/1P6/6P1/8 b - - 3 43	c8c6 c5c6 d5d4 c6c5 d4d3	674	0g0p101i1l
smh56	r2q1rk1/ppnb1ppp/2pbp3/6N1/2PP2n1/P3P1P1/1PQN2BP/R1B2RK1 w - - 1 13	c2h7	674	0y13141b1c
tErgZ	r1b3k1/qp4pp/p1n1p2r/3p3Q/8/3B1N2/PPP2PPP/R4RK1 w - - 2 19	h5e8	674	1314191b
tzv3T	8/6R1/8/6N1/6PP/7K/8/r5k1 b - - 0 72	a1a3 g5f3 a3f3	674	0p13151o
uOjYW	r2r2k1/pp2qp2/2b1p2p/2P5/3P2n1/3Q2P1/P1B2P1P/2R2RK1 w - - 0 23	d3h7 g8f8 h7h8	674	0y1315191o
upvZV	r1bqk2r/pppp1pbp/8/6N1/5Qn1/6B1/Pn2PPPP/RN2KB1R w KQkq - 0 10	f4f7	674	0413141b1c
uuKht	r5rk/4p1bp/1q1p2p1/2p3N1/2B2P2/PP2P3/R5PP/5RK1 w - - 0 24	g5f7	674	1314191b1q
vKQPn	8/2p5/Pk6/2p5/3n1p2/R6P/5P2/4K3 b - - 1 49	d4c2 e1e2 c2a3	674	0g0p0s1o
vpW2i	2rr2k1/pp2qp2/4p3/4P1p1/3P1nP1/3Q3P/P1B5/3RR1K1 w - - 1 33	d3h7 g8f8 h7h8	674	0y1315191o
vyFvo	8/pp6/8/2k5/n1p5/2N5/R3KPPP/8 b - - 0 30	a4c3 e2e3 c3a2	674	0g0p0s0t1o
wV8CM	r4rk1/1p1q1bpp/p4Q2/8/P7/2B5/1P3PPP/4R1K1 w - - 0 27	f6g7	674	1314191b
wr3pM	4rrk1/bpp5/p1b3pp/8/1P5q/P5NP/1BQ2PP1/1B1R2K1 w - - 0 26	c2g6	674	0y1314191b
xO0La	8/6p1/2k3n1/R1P1p2p/3pK3/7P/8/8 w - - 6 57	a5a6 c6c5 a6g6	674	0g0p1o1p
yKtzR	r1b1r1k1/1p3ppp/2p5/p2p4/1n1N1P2/3B2P1/P2K3P/4R1R1 w - - 6 26	e1e8	674	0t0y1314191b
yQo13	2rr2k1/pp3ppp/8/8/4Q3/8/1PR2PPP/6K1 b - - 0 22	d8d1 e4e1 d1e1	674	060p13151j1o
zO2Vd	8/6kp/6p1/3R4/5PR1/6PK/8/2q5 b - - 3 60	c1h1	674	0p1113141b1j
13M3q	b7/8/8/2K5/3P4/8/2P2k2/8 w - - 2 52	d4d5 a8b7 d5d6	675	080g0p1l1o
3sfx1	4r1k1/5n1p/1p4p1/pP6/P7/2Q3bP/6P1/1N4K1 b - - 2 34	e8e1 c3e1 g3e1	675	0g0p0s111o
4ZyDw	r2qkb1r/1ppbpppp/p4n2/n7/2BP4/PQN1P3/1P3PPP/R1B1K1NR w KQkq - 3 9	c4f7	675	0413141b1c
4iGLD	5r2/p3kpQ1/4p1p1/2R5/q1nP4/2P5/P3RPPP/6K1 b - - 18 29	a4d1 e2e1 d1e1	675	0p0s13151o
7eokc	6k1/4p3/1q2p2p/3pP1pP/p1pQ2P1/PpP4B/1P3K2/8 b - - 2 35	b6d4 c3d4 c4c3 b2c3 b3b2	675	000g0p10
82815	8/8/8/3p1k2/4pr2/4KP2/8/5R2 w - - 0 56	f3e4 d5e4 f1f4	675	0g0j0p1m1o
9S5JY	4r2k/p4qpp/4P3/8/1p6/8/6PP/4R1K1 w - - 0 36	e6f7 e8e1 g1f2 e1f1 f2f1	675	000g0p10
9tRoz	r6r/ppp1kp2/3b3p/4p3/4P1b1/1P4N1/P1P2PPP/R3KB1R b KQ - 4 14	d6b4 c2c3 b4c3	675	0a1315191o
AqLzC	1q2r3/4Nppk/8/3p4/8/2P5/PP3QP1/6K1 w - - 0 33	f2h4	675	020p13141b
Bvp4B	r1bqr3/3p1p1k/p1n1pp1B/7p/2p5/2N3Q1/PPP2PPP/R4RK1 w - - 4 16	g3g7	675	1314191b
CDJwk	6k1/p4ppp/4b3/8/3r3q/5B2/PP4PP/RN2Q1KR b - - 1 18	h4e1	675	0t1314191b
CDbzf	8/2N5/4rpkp/pp4p1/2nR2P1/2PK4/P1P4P/8 b - - 2 36	e6e3	675	0p0u13141b
CU3v3	r1bq1b1r/ppp1k1pp/2np1n2/6NQ/3pP3/8/PPP2PPP/RNB1K2R w KQ - 4 8	h5f7	675	13141b1c1s
CWcH6	r4rk1/1p1b1pp1/p3pq1p/3p4/3P4/4P3/P1Q2PPP/1Bb2RK1 w - - 0 16	c2h7	675	1314191b
D1fIP	k7/1p3p2/p7/1r1NP1B1/8/8/5Kp1/8 w - - 2 45	d5c7 a8b8 c7b5	675	0g0p0s111o
DKPa6	r1bqr1nk/ppp3pp/2n5/6N1/2Bp4/B1P5/P4PPP/RN3K1R w - - 0 14	g5f7	675	13141b1c1q
DwaMS	6k1/1p1r1ppp/p7/2Q1pP2/4P3/1nP3P1/1q2B2P/4RK2 w - - 1 31	c5c8 d7d8 c8d8	675	060p0s13151o
EXEsr	r1q4k/pb1n1rpB/1p2pn1p/2p3N1/2PP3P/8/PPQ2PP1/2KR3R w - - 0 16	g5f7	675	0t0y1314191b
EilYs	8/8/3k3r/R7/8/2K5/8/8 w - - 14 82	a5a6 d6d5 a6h6	675	0g0p1m1o1p
FLqBe	b5k1/R6R/7p/8/1r5P/6P1/5P2/6K1 b - - 8 44	b4b1 g1h2 b1h1	675	0p13151d1o
GCuyq	r6k/5Qpp/1p2p3/p2pN3/3PbPP1/2R5/1q3P1P/R5K1 b - - 0 28	b2a1 c3c1 a1c1	675	0s0t1315191o
GPvTm	5rk1/2Q3p1/pp3q2/8/1P5P/P3P3/5P2/3RK2R b K - 0 32	f6f2	675	040p13141b
GjjF1	r1bq1rk1/pp3ppp/2p1pb2/4N3/3P1n2/2PQP3/P1B2PPP/R4RK1 w - - 0 15	d3h7	675	0y1314191b
Gjq8D	r1b3k1/pp1R1pp1/4p2p/nP6/4Bb2/2P5/P4PPP/R5K1 w - - 0 19	d7d8	675	1314191b1f
GliNn	8/8/R7/6p1/P4k2/1P3r1P/1r4PK/8 w - - 0 45	a6f6 f4e4 f6f3	675	0g0p1m1o1p
H2vbu	k7/p5Rp/5p2/8/2r2r2/8/P5K1/1R6 w - - 1 45	g7g8 c4c8 g8c8	675	0p13151m1o
HN5N1	8/8/p3pBpk/2b2p2/2P2P2/1P6/P2r1PRP/6K1 b - - 5 36	d2d1	675	0p13141b
In3vh	r4rk1/pp3ppp/8/2bpB3/6b1/1P2P3/P4PPP/R3KB1R b KQ - 0 13	c5b4 e5c3 b4c3	675	0a1315191o
J8QwD	r2q1rk1/1pp2p2/p1nb1Qnp/4p2N/8/P1PP3P/1P3PP1/R3KB1R w KQ - 2 15	f6g7	675	1314191b
JYhtY	8/2k5/p2p3p/3n4/1PB4P/P4PP1/6K1/8 b - - 0 45	d5e3 g2f2 e3c4	675	010p0s1o
Je4oq	6k1/4Bpp1/p3p2p/1p2P3/3n1P2/P2B3b/qP5N/2R3K1 w - - 0 26	c1c8	675	1314191b1f
KUQuc	8/1k4p1/1P2p3/PK1pP1p1/2pP2P1/5r1P/8/1R6 b - - 2 55	f3b3 b1b3 c4b3	675	0g0p1m1o
KgPZk	3r1rk1/ppp1q1pp/2npp3/4P1N1/2NP1n2/P6P/1PQ2PP1/R3R1K1 w - - 5 18	c2h7	675	0y1314191b
KrAei	r4rk1/pp2bpp1/2b1p2p/1q4N1/3pQB1P/3P4/PP3PP1/R4K1R w - - 7 18	e4h7	675	1314191b
Lkor4	6k1/2p2p2/5p1p/p3q3/P2R4/2P2Q2/1P2rPPP/R5K1 b - - 1 27	e2e1 a1e1 e5e1	675	0p13151o
M09vr	6k1/1r1r1ppp/8/1P2P3/3p1P2/3p1qP1/7P/R2qB1K1 w - - 0 41	a1a8 b7b8 a8b8 d7d8 b8d8	675	060p101316
NNcd3	r4rk1/2q1Bppp/p1b1p3/1p1p4/4P1n1/P1NB4/1PPQ1PPP/3R1R1K b - - 0 16	c7h2	675	0y1314191b
NmVlq	1k3r2/p4pp1/Bp1q1n2/7p/8/2Q2P2/5P1P/2R4K w - - 4 29	c3c8 f8c8 c1c8	675	0p13151d1n1o
NrWFl	2b4r/p1Npk1pp/3p4/Qp6/2qn4/8/PP2PPPP/2R1KB1R b K - 1 17	c4c1	675	0t1314191b
OSD26	6k1/6pp/4p3/1q6/3Q4/4KR2/1PP3r1/8 w - - 0 38	d4d8 b5e8 d8e8	675	0p13151o
Q0sPK	3r4/1b1qb1pk/p3p2p/1pn1B3/3N2Q1/P1N1n3/1PP3PP/5RK1 w - - 0 24	g4g7	675	1314191b
R72ej	5r2/pr4pk/3q2bp/3p1B2/7P/2P4Q/P5P1/R4R1K w - - 1 31	f5g6 d6g6 f1f8	675	0g0j191o
RZaGh	3q1rk1/p4p1p/bp3Pp1/3Q1p2/2r5/2N2RP1/PP4BP/2R3K1 b - - 0 23	d8d5 c3d5 c4c1	675	01191o
T8Z5W	8/8/3N4/3b4/2pQ4/1kP5/1q4PK/8 b - - 2 61	b2g2	675	0p1113141b
UjWXM	8/pp5p/4N1pk/5p2/1n2r3/8/PP6/1K1R4 w - - 8 35	d1h1 e4h4 h1h4	675	020p13151o
Z7tPX	r1b2rBk/5pp1/p1n1p2p/q1pp2b1/3P3P/P1P1B3/2Q2PP1/R3K2R w KQ - 0 18	c2h7	675	111314191b
auSSo	1k2r2r/p1p2ppp/Bpb1p3/7q/1nPR4/6P1/PP1Q1P1P/1K1R4 w - - 0 23	d4d8 e8d8 d2d8 h8d8 d1d8	675	101316191f1k1n
b0egz	r7/4k1p1/2p5/pp2p3/2pP2n1/2P1P1P1/P1B1QPPq/R4K2 b - - 5 26	h2h1	675	0p13141b
bKcMc	r1b1k2r/p2p1p2/1ppb2pp/8/3qNP2/1B4Q1/PPP3PP/R1BR3K b kq - 0 17	d4d1 g3e1 d1e1	675	060t13151c1o
bmgZw	8/4p3/2Qp1b2/8/3P1B1P/4P1PK/r4q2/k7 w - - 2 45	c6c1	675	0p13141b
cdQCS	2k5/p4p2/1pn4p/6p1/P7/1bn1N3/1N3PPP/2R3K1 b - - 1 28	c3e2 g1f1 e2c1	675	010p0s111o
cjZvz	6k1/1R4pp/8/K3Nb2/1p6/8/Pr4PP/8 w - - 0 32	b7b8 f5c8 b8c8	675	0p13151o
dMrdz	8/8/6p1/3kPp2/5n1B/4K2P/6P1/8 b - - 1 45	f4g2 e3f3 g2h4	675	0g0p0s1o
dOywW	3N4/4n1k1/4p1p1/2b1P1P1/5P2/5K2/8/8 w - - 0 54	d8e6 g7f7 e6c5	675	0g0p0s111o
earnC	8/p7/4pR2/2p3Pk/2P2p2/1P3N1K/5rn1/8 w - - 0 39	f6h6	675	0p13141b
eokka	8/4b1k1/1pR2p2/3b3Q/6N1/8/r4PPP/6K1 b - - 0 35	a2a1 c6c1 a1c1	675	0p13151o
f2BPD	5rk1/1pp2p2/1b3p1Q/p2bq2N/7r/P2P4/1P2BPPP/2R2RK1 b - - 0 24	e5h2	675	0y1314191b
fInPH	rnb1n1k1/pp4pp/2p5/8/N3Q3/1P3BP1/P2qPP1P/R5K1 w - - 0 18	e4e8	675	0t0y1314191b
gAcSM	1r3k2/7R/4p3/1p2P1p1/1K5p/P5P1/8/8 w - - 0 59	h7h8 f8f7 h8b8	675	0g0p1m1o1p
gHGlu	8/8/5k2/p1pp1p2/4bP2/1PN1K1P1/P6P/8 b - - 0 32	d5d4 e3d2 d4c3	675	010p0s1o
hzzGC	r3kb1r/1p1n2p1/p2q4/3N1pB1/2P1P1p1/8/PP3PPN/R2Q1RK1 b kq - 0 16	d6h2	675	0y1314191b
iY9hP	r1bqr1k1/p1p2p1p/2pb2p1/3p4/8/2Nn4/PPP1QPPP/R1B1RK2 w - - 0 15	e2e8 d8e8 e1e8	675	010y1c1o
ifeIp	r2k3r/pppP1B1p/3b2p1/4q3/8/8/PPP3PP/RN1Q1R1K b - - 0 17	e5h2	675	0y1314191b
ivPo4	6R1/8/3p3k/3p1p2/b2P4/3PK1Br/5P2/8 w - - 2 58	g8h8 h6g6 h8h3	675	0g0p1o1p
jquT7	2r5/1p3k1p/p2R1p2/2p1nP2/4PN2/P3K2P/1P6/8 b - - 1 28	e5c4 e3d3 c4d6	675	0g0p0s1o
jt206	5rk1/1b4p1/p3pnqp/1p3P2/2pP4/P1R5/1P2QPPP/1B1R2K1 b - - 0 25	g6g2	675	0y111314191b
kFzJQ	r2qkb1r/pb1p1ppp/2n5/2pQP3/2B5/8/PP3PPP/R1B1K1NR w KQkq - 1 10	d5f7	675	0413141b1c
lZGOJ	r5rk/1p4bp/p1pN4/P2n1bq1/3Pp3/2P4P/1P3PPB/RN3RK1 w - - 0 27	d6f7	675	111314191b1q
ljO84	5rk1/p3q1pp/1p6/2p1p1N1/2Pr2n1/6P1/PPQ1RPKP/R7 w - - 4 22	c2h7	675	0y1314191b
ln5Fs	r1b1Qr1k/1p2p2p/p2q4/2pPb3/2P2P2/4B2P/5K2/1R4R1 w - - 5 26	e8f8	675	0t0y1314191b
mgGWq	r1bq1b1r/pppp2k1/2n2npp/3Q4/2BpP3/8/PPP2PPP/RNB1K2R w KQ - 4 9	d5f7	675	13141b1c
nZ9qU	Q4b1k/6pp/p2p4/1p2n3/8/P3q3/1PP2rPP/R4R1K w - - 2 23	a8f8 f2f8 f1f8	675	061315191o1y
oGsS7	rn1q1bkr/ppp3pp/1n6/4p1N1/3P2Q1/8/PP3PPP/RNB1K2R w KQ - 0 11	g4e6	675	13141b1c
p0bMt	8/8/3k4/3p4/3P4/3K2R1/r7/8 b - - 6 64	a2a3 d3d2 a3g3	675	0g0p111m1o1p
pWOzR	1k1r3r/pppbqp1p/3p2pP/4p1P1/1Pn1P3/2PPQ3/5P2/R3K1NR w KQ - 0 20	e3a7 b8c8 a7a8	675	1315191k1o
plOrh	1r2r1k1/1b3pp1/1p5p/p2pQ3/P1P4q/2PB1P2/6P1/4RRK1 w - - 0 22	e5e8 b8e8 e1e8	675	0y1315191f1o
q34lG	8/5p2/p1r2k2/1p4p1/8/2P5/KP6/7R w - - 0 41	h1h6 f6e5 h6c6	675	010p1m1o1p
rKK5n	8/p7/5k2/3n4/3PKp2/8/Q5P1/8 b - - 0 55	d5c3 e4f4 c3a2	675	0g0p0s111o
rcMJF	2r1q3/7k/2P1pQp1/p2pN2p/Pp6/1Pn1P3/5PPP/2R3K1 b - a3 0 30	c3e2 g1h1 e2c1	675	010p0s111o
rw2Xv	8/2R2Rpk/7p/8/6q1/1Pp5/P1K5/8 w - - 0 39	f7g7 g4g7 c7g7	675	0g0p0s1j1o
saEhh	4rrk1/1q3p1p/p4PpQ/1pb1P3/4N3/P2p4/1PP4P/R1B2R1K b - - 1 25	b7e4 f1f3 e4f3	675	0t0y1315191o
tUxgo	6b1/8/1R6/6p1/1P3p1k/5P2/1r4P1/6K1 w - - 1 49	b6h6 h4g3 h6h3	675	0p13151o
tZpHv	7k/p5bp/5pp1/8/Q2rP3/3q4/P3NKPP/8 w - - 0 31	a4e8 g7f8 e8f8	675	0p13151o
tekm3	r4rk1/ppq2ppp/2p1p1b1/8/1P1P4/P3PP1P/1B1NBRP1/R2Q1nK1 b - - 2 23	c7h2 g1f1 h2h1	675	0y1315191n1o
uO997	r1b2rk1/pppnqpp1/4p3/b2p2P1/3P4/2P1P3/PPQ2PP1/RN2K2R w KQ - 0 15	c2h7	675	1314191b
vVg4P	r1bqkbnr/1p3ppp/2n5/1p2N3/2Qp4/8/PP2PPPP/R1B1KB1R w KQkq - 0 9	c4f7	675	0413141b1c
vhKYY	4b1k1/5ppp/1bN5/p2P1q2/1p6/NB1p4/PP3PPP/5RK1 w - - 0 25	c6e7 g8f8 e7f5	675	0g0s191o
vnsCc	nkr5/1pq2pp1/R7/4P2p/1Q6/8/PPP3PP/1K2R3 b - - 0 26	c7c2 b1a1 c2c1 e1c1 c8c1	675	060p1013161n
vqKfa	rn3rk1/ppb3pp/2pq1n2/3p1b2/N3P3/1N6/PPP1BPPP/R1BQ1RK1 b - - 0 13	d6h2	675	0y13141b1c
wE09a	3r4/p2k1p2/1p2pQpr/3qP3/3P4/P1R3P1/1PR2P2/6K1 b - - 1 35	h6h1	675	0p13141b
wEDIO	3B4/7p/r3k1p1/p5P1/PpP5/3N4/4K3/8 w - - 5 52	d3c5 e6f5 c5a6	675	0g0p0s1o
weHYl	5rk1/1p3ppp/2p2n2/p2n3q/P3B3/1Q3P1P/1P3P2/4R1RK b - - 3 24	h5h3	675	0y111314191b
woPmw	r5k1/5ppp/2pbpP2/qp6/1p1P3P/1B6/1PPBQP2/rNK3RR b - - 0 21	a1b1 c1b1 a5a1	675	051315191k1n1o
xoJLZ	r3r2k/ppq2p1p/3p1p2/4n1B1/4P3/2N3Q1/PPP3PP/R5K1 w - - 0 17	g5f6	675	0y1314191b
zNFik	N1bk3r/pp1p1ppp/2p4q/4N3/4P3/1n4P1/PPP1Q2P/1K3B1R b - - 2 18	h6c1	675	1314191b
ztiT3	rnbqkb1r/pp3p1p/3p1np1/2pQ4/2B1P3/2N2N2/PP3PPP/R1B1K2R w KQkq - 2 8	d5f7	675	0413141b1c
zwBPy	8/2pk4/p1p4p/1p6/6b1/1P3N2/P1P2KP1/8 w - - 2 33	f3e5 d7e6 e5g4	675	010p0s1o
0C6Yp	8/6R1/3kp3/2r4p/2P5/2n4P/5PP1/2R3K1 b - - 2 31	c3e2 g1f1 e2c1	676	0p
0zxzU	2b2r1k/2p4r/p1p4Q/3p3P/3P4/2P5/PP4P1/6K1 w - - 0 28	h6f8	676	0p13141b
1FdCM	3r3r/ppp1k2p/3bppn1/8/6P1/1P2P2P/P1P2P2/2KR1BNR b - - 0 14	d6a3 c1b1 d8d1	676	0i0j1315191f1k1o
1SEQ4	r1b1k2r/pppp1pp1/3b1n1p/5N2/4P2q/1BN2Q2/PPP2PPP/R1B2RK1 b kq - 0 10	h4h2	676	0y13141b1c
1gN8h	4r1k1/p1p2ppp/8/2b5/8/2NP4/PPP2RPP/4R1K1 b - - 0 20	e8e1	676	0p13141b1g
2fFO2	8/pp3kp1/8/1r2pPP1/r3N3/2P1K3/8/4R3 w - - 1 40	e4d6 f7e7 d6b5	676	0g0p0s111o
3lCdB	4rrk1/pn3pp1/7p/5Q2/7q/3BB3/P1P3PP/5RK1 w - - 1 26	f5h7	676	111314191b
48oNB	r7/1kB2r2/1Pp1N3/3p4/3P4/2Q1n1p1/6P1/6K1 b - - 0 40	f7f1	676	0p13141b
4jBX3	6r1/1pp2p1k/pq1p1n1p/5N2/2P1r3/1P5R/P4PPP/3R2K1 w - - 0 25	h3h6	676	1314191b
6Qu6o	r1b2rk1/pp4pp/2pNp3/2P1N1q1/3PRn2/1P2Q3/5PPP/R5K1 b - - 4 20	g5g2	676	0y1314191b
7nCuN	8/3k4/6p1/2K2pP1/5P2/8/8/8 w - - 6 89	c5d5 d7e7 d5e5	676	0g0p1e1o1z
8SFXt	1r4k1/p1pR3p/4p1nB/1r6/8/2P2P2/P1P3P1/2K4R b - - 2 21	b5b1 c1d2 b1h1	676	010p1o1p
8gMve	rnbqk1nr/pp3ppp/3p4/4b3/2B1PQ2/2N5/PP3PPP/3RK1NR w Kkq - 1 11	f4f7	676	0413141b1c
8uIdJ	k1b2Br1/p1Qp4/2pP4/1pP1p3/4q3/P7/1P5p/K4R2 w - - 0 43	c7c8	676	0p0t13141b1k
AkUze	8/8/8/5k1K/5P2/1P3R2/1r6/8 b - - 2 45	b2h2 f3h3 h2h3	676	0p13151m1o
AoHzK	r1b1r1k1/ppp2ppp/3b1B2/4q3/4P3/2NB4/PPP2PPP/R2Q1RK1 b - - 0 11	e5h2	676	0y13141b1c
AozBW	2rqk2r/p3bp2/2p1P3/3p1Q1p/3P2pn/P1N1B3/1P3P1P/3R2RK w k - 1 25	f5f7	676	041314191b
BZDBB	rnb1k2r/1p1p1pp1/p3p3/2B1q3/2P1N3/3B1Q2/PP3PP1/R4RK1 b kq - 0 16	e5h2	676	111314191b
BdC1m	8/8/1P6/2K3p1/1r6/5k2/8/8 w - - 0 53	c5b4 g5g4 b6b7 g4g3 b7b8q	676	0p
C5ZRM	2rr2k1/p4ppp/4p3/3b4/3P3R/B5P1/3NqP1P/1Q4K1 w - - 1 32	b1h7	676	111314191b1r
DPJ6X	2kr3r/Rb1p4/1p1Pp3/2p3p1/4P1n1/4R3/3q1PP1/Q5K1 w - - 2 27	a7a8 b7a8 a1a8	676	1315191k1n1o
DcnOx	r1b1k2r/ppp1qBpp/5n2/n3p1B1/3P4/PQP1P3/5PPP/R3K1NR b KQkq - 0 11	e7f7 b3f7 e8f7	676	011c1o
DwfrM	6k1/1B3N1p/6p1/8/q6n/6P1/5P1P/3R1K2 b - - 0 41	a4d1	676	0p0t13141b
E0SAX	8/1b3kp1/2p2p2/1p1p1N1p/1P1PpP2/2P3PP/3K4/8 w - - 0 34	f5d6 f7e7 d6b7	676	010p0s1o
EWSjC	6r1/8/8/8/4k1N1/6P1/6K1/8 w - - 19 66	g4f6 e4f5 f6g8	676	0g0p0s1o
FEi45	5knr/4bppp/prB5/1p6/2p5/P5P1/1P3P1P/3RR1K1 w - - 0 26	d1d8 e7d8 e1e8	676	1315191d1n1o
FSgmN	r5k1/1b3rpp/1p6/p1n5/1N3Q2/P7/1qP3PP/5R1K w - - 0 26	f4f7 g8h8 f7f8 a8f8 f1f8	676	0610131619
GPrHC	3rr3/ppk2ppp/2p5/2Q5/8/2B5/PPP2PPP/5K2 b - - 0 22	d8d1 c3e1 d1e1	676	0p13151o
I2Bnd	1nkr4/Qnq1ppbb/7p/6P1/3P4/4B1N1/PPP2PP1/2KR3R b - - 0 22	c7c2	676	1314191b1k
I8X1X	6r1/8/8/8/3k4/8/R3K3/8 b - - 12 73	g8g2 e2f3 g2a2	676	0g0p1m1o1p
JK8n2	4k2r/r7/2p1pp2/8/4P2p/pP3P2/K1PR4/3R4 w k - 2 27	d2d8 e8f7 d8h8	676	0g0p1m1o1p
KHCQp	r2r2k1/pp1R1ppp/2p1p3/8/1nP5/P1q4P/4QPP1/3R2K1 w - - 0 23	d7d8 a8d8 d1d8	676	061315191o
M0zys	R7/3R1pk1/4p3/5r1p/4N1p1/3Bn1P1/2r2P1P/6K1 b - - 2 43	c2c1 d3f1 c1f1	676	1315191o
M4fu7	5rk1/pp1b1ppn/4p3/q2p3N/2rQ4/2N2P2/PPP3PP/1R3RK1 w - - 5 18	d4g7	676	0y1314191b
M9vPh	k2r4/1pQ5/pP1p4/P1pPb2p/5qp1/5p2/5P1P/3R1R1K w - - 8 43	c7d8	676	0p0t13141b1k
MQuYm	1K6/3k2pp/1P3p2/N7/4p3/8/7P/8 b - - 0 53	e4e3 b8a7 e3e2 b6b7 e2e1q	676	000g0p0z101h
Mt6Ud	3N1k1r/4n1p1/p3p3/4q1p1/Q1B5/8/PP3PPP/5RK1 b - - 0 21	e5h2	676	1314191b
Nbrp1	1r2k2r/5ppp/p3pq2/2bN4/8/8/PPP1QPPP/1K1R3R b k - 0 17	f6b2	676	1314191b1k
O7p8Q	r2r3k/1bp2pnp/p2bpNp1/1p1n4/3P1P1R/2PBB3/PP1N3P/2K3R1 w - - 12 20	h4h7	676	030y1314191b
PBEXU	1k3r2/pp6/5P2/4N2p/5P1P/2K5/8/8 w - - 1 40	e5d7 b8c8 d7f8	676	0g0p0s111o
PyNFa	r1b1k2r/p3ppbp/1qpp2p1/8/4PPn1/2NB3P/PPPB2P1/R2QK2R b KQkq - 0 11	b6f2	676	13141b1c
Q3szw	rnbqkb1r/pp1pp2p/2p2p2/4B1p1/3Pn2P/4P3/PPP2PP1/RN1QKBNR w KQkq - 0 6	d1h5	676	13141b1c
Q8c75	4q3/1k6/bn3p2/1p2pN2/3pPnP1/PP6/1QBN4/1K6 w - - 3 43	f5d6 b7b8 d6e8	676	0g0s11191o
QQjdi	r3r1k1/pppn1ppp/3p1q2/3P4/2P5/1P5P/P1Q1RPP1/4R1K1 w - - 0 22	e2e8 a8e8 e1e8	676	010y191o
Qm1rg	5rk1/pp4pp/2n1P3/6n1/2pP4/P1P5/2QN1qPP/R1B2B1K b - - 2 20	f2f1 d2f1 f8f1	676	061315191n1o
RnwW9	r3r1k1/pb2qp2/2pp2p1/6P1/4nP2/2QB1K2/PPP5/R5NR w - - 0 26	c3h8	676	1314191b
SiT1D	8/8/b3R2p/P7/3KNkp1/8/1r6/8 w - - 6 53	e6f6	676	0p0q13141b
TM4nV	5rk1/pp3bb1/2n2r2/q2p1QNp/3P1BnP/P1N1P3/1P3PP1/R4RK1 w - - 7 20	f5h7	676	1314191b
Tn59N	3Q4/4ppkp/3p2p1/4b3/P1P5/3qP2P/5PP1/1R4K1 b - - 0 30	d3b1	676	0p13141b
WDb7E	7k/2p3pp/p2p1b2/5n1P/2P1r3/N2p1n2/P4P1P/1R1K2R1 w - - 0 24	b1b8 f6d8 b8d8 e4e8 d8e8	676	0y10131619
XFgUL	1b2r1k1/1p1R1p1p/p5p1/2P5/8/1P2B2P/P4PP1/q1Q3K1 b - - 4 29	a1c1 e3c1 e8e1	676	0p13151f1o
YS7eu	6k1/5ppp/8/3p2P1/3P1P1P/4q3/1KQ5/8 w - - 0 35	c2c8 e3e8 c8e8	676	0p13151i1o
Z1z1C	2r3k1/pp4pp/8/3N4/1b3P2/7P/PP4P1/1K1RqB1R b - - 2 24	e1d1	676	0t1314191b1k
bn56v	5k2/8/4RPp1/8/5P2/4KP2/8/6r1 b - - 0 49	g1e1 e3d4 e1e6	676	0g0p1m1o1p
edOFC	R7/2p2p2/2pk1K1p/8/P2P4/r5p1/8/8 w - - 0 43	a8d8	676	0p1113141b1m
efJoq	r1b1qrk1/ppp1b2n/2np3Q/6N1/3P4/2N5/PPP3PP/R3K2R w KQ - 0 17	h6h7	676	0y1314191b
fbXtE	6k1/pp3p2/2P3pp/P3Pb2/5P2/3r2P1/2R3BP/6K1 b - - 0 38	d3d1 g1f2 f5c2	676	010j0p1o
fcCiC	8/8/1R4p1/4KPkp/7r/8/8/8 w - - 2 58	b6g6	676	0p0q1113141b1m
ffXdk	3r3k/1p4pp/p3Q3/5n2/2pr4/7P/PqP2PP1/4RBK1 w - - 1 26	e6e8 d8e8 e1e8	676	061315191n1o
fuTtd	rnb1rk2/pp2qp1Q/2p5/6b1/3PB3/8/PPP1NP1P/R3K1R1 w Q - 4 17	h7h8	676	1314191b
godGm	r3k2r/1b2Npp1/p6p/1p4q1/3B4/2N5/PPP2PPP/R2Q2K1 b kq - 0 17	g5g2	676	0y1314191b
grczR	3r2k1/ppp3pp/8/1P2b3/4NR2/P7/2R3PP/7K b - - 0 20	d8d1 f4f1 d1f1	676	0p13151o
hKE5g	8/bppk2pp/3p1r2/pP1P4/P2Pr3/2P3B1/1Q4PP/5R1K b - - 2 29	f6f1	676	060p0t13141b
iwYJS	8/1p3pkp/2pp2Bb/p7/8/2P3R1/PP1q1NPP/4R1K1 b - - 0 29	d2e1	676	0p0t13141b
j9fJ8	1k1r3r/bb1p1N2/4pp2/7p/4PPn1/PN6/1PP3PP/1R1Q2RK b - - 0 21	g4f2	676	1314191b1q
kby1N	2r1r3/bp3p2/p1k2P2/3p3R/5B2/2P4Q/PP2q1PP/R6K b - - 2 29	e2e1 a1e1 e8e1	676	061315191n1o
l6hYp	r1k2b1Q/pp3p1p/4P3/2p4P/8/3P1p1q/PPP3rB/R6K w - - 3 31	h8f8	676	0t1314191b
lOQxC	r3k2r/2q2pp1/p1n1pbp1/2Np4/3P4/3BP3/PP3PPP/1R1Q1RK1 b kq - 2 18	c7h2	676	0y1314191b
nJynY	4r2k/6p1/B6p/P7/8/6bP/5pP1/3R1K2 b - - 0 35	e8e1 d1e1 f2e1q	676	000p13151h1o
p9zif	r4rk1/1p3ppp/p4q2/4pQ2/5n2/3B4/PP3RPP/R5K1 w - - 0 24	f5h7	676	0y1314191b
rEIOZ	br6/2qnppk1/2p3p1/6Np/3P1n1P/2P2N2/2B2PP1/R1Q3K1 b - - 7 24	f4e2 g1f1 e2c1	676	010s191o
rIhaj	6k1/pp4pp/1bp2p2/2q1pP2/4P2P/P1P3PB/1P2Q2K/8 b - - 3 34	c5g1	676	0p13141b
rOADb	8/p5pp/4kp2/2pp4/4nPP1/5K2/P6P/1R6 b - - 2 36	e4d2 f3e2 d2b1	676	0g0p0s111o
sV4Cc	5b1k/1b5r/p2pnNp1/4p1P1/q1p1P3/4BP2/PPPR4/2K4R w - - 0 30	h1h7	676	030y1314191b
tGCeW	r4rk1/1b1q1ppp/p7/1p6/2pPQ3/P1n2PB1/2B3PP/1R2R1K1 w - - 4 28	e4h7	676	0y1314191b
tLNXj	6r1/p4k1p/1p3p2/2p2P2/P1PbB3/1R1P1K1P/8/8 w - - 3 37	e4d5 f7g7 d5g8	676	0g0p1o1p
tu9UP	r4rk1/1b1n1ppp/p3pq2/1pb5/3N3Q/3B1P2/PPP1N1PP/1K1R3R w - - 9 17	h4h7	676	0y111314191b
u2jXN	2kr3r/ppp2pp1/2Bb1n2/4q2p/8/P3P2P/1PPB1PP1/RN1Q1RK1 b - - 0 12	e5h2	676	1314191b
uDJbx	8/8/1R1Pk3/4P3/6pp/1K6/6PP/2r5 b - - 0 59	c1b1 b3c2 b1b6	676	0g0p1m1o1p
uGlcv	3r4/ppk2p2/3p2p1/3n3p/5P2/1P3NPP/P1P1R3/1K6 b - - 0 26	d5c3 b1c1 c3e2	676	0g0p0s1o
udKpH	2rr4/pq1k1n2/1p1p1B2/3P1P2/P7/7P/1PP5/4R1RK w - - 0 32	e1e7	676	0q1314191b1d
uz1qh	4b3/ppr3k1/6pp/3p4/3N3P/2Pp4/P2K2P1/R7 w - - 0 29	d4e6 g7f6 e6c7	676	0g0p0s111o
wE67H	6k1/5p2/p3p3/3pP3/8/4q2P/5b2/3Q1R1K b - - 0 36	e3h3	676	0p13141b
wFQyg	6k1/1b1r3p/1pp1pp2/8/2P1N1PP/r2B4/2K5/7R w - - 0 29	e4f6 g8g7 f6d7	676	010p0s1o
wleEB	8/7p/4p1kP/pB1pPnp1/P7/5r2/3K4/7R w - - 6 47	b5e8	676	0p1113141b
yA5D3	1k4rr/ppq2p2/2p1pp2/7p/1PQP3P/5BP1/P2B4/R4RK1 b - - 0 21	c7g3 f3g2 g3g2	676	0y1315191o
yVmEW	2r1rk2/pp3p2/5n2/6p1/3P2P1/5B1Q/PP3PP1/1K2R3 b - - 0 29	e8e1 f3d1 e1d1	676	0p13151k1o
z1lyz	2Q2r2/pp1B2pp/4p3/2p5/8/4k1B1/PPP3PP/2K5 b - - 0 26	f8f1 g3e1 f1e1	676	0p13151o
zheEy	6k1/1b3pp1/p6p/3q4/8/1P5P/PB3PP1/3R1RK1 b - - 1 25	d5g2	676	0p13141b
zznjY	8/8/8/4P3/3k4/1p6/bK6/8 w - - 0 49	e5e6 d4d5 e6e7 d5e6 e7e8q	676	00080g0p101h
0a7RM	8/1p1r1k1p/pR1p2pb/4p3/2P5/5P2/PPR3PP/6K1 b - - 1 34	h6e3 g1f1 e3b6	677	010p0s1o
2azIP	4R3/p1R2p1p/3b1p2/1k1N4/8/7P/Pr3PP1/6K1 b - - 0 27	b2b1 c7c1 b1c1 e8e1 c1e1	677	0p1013161f
4PFFU	r1bqr1k1/p2p1pp1/2p2b2/1p5Q/2nP4/7R/PPP2PPP/RNB3K1 w - - 4 16	h5h8	677	13141b1c
4xlcK	r2qkb1r/2p2ppp/p1p5/3nP3/8/2p2Q1P/PPP3P1/R1B2RK1 w kq - 0 13	f3f7	677	041314191b
7txtu	r1bq1rk1/5ppp/p2bp1n1/1pP5/1P1QR3/P7/1BB2PPP/R5K1 w - - 0 23	d4g7	677	0y1314191b
7wQ4e	5R2/1r3p2/2p5/pkP5/p7/1nP5/1P6/1K3R2 b - - 10 51	b3d2 b1a2 d2f1	677	0g0p0s111o
80ie3	4r3/1p1k4/5p2/2p4N/1p4p1/2P5/PP3P2/5K2 w - - 0 33	h5f6 d7e7 f6e8	677	010p0s111o
8B4xY	1k1r4/ppp3pp/8/q3pQ2/1n6/5N2/PN4PP/1K1R4 w - - 0 25	d1d8	677	061314191b
99uYY	rn2k1nr/ppp3p1/4p2p/8/4qp1N/1QPP4/PP4PP/RNB3KR b kq - 0 12	e4e1	677	1314191b
9LbjA	3rk2r/1b2npb1/p1p1p1p1/1pB1q1Qp/1P1NP2P/3P4/P3NPP1/2R1K2R w Kk - 8 17	g5e7	677	1314191b
9dCSX	1k1r4/1p4p1/5p1p/pq2b3/2RpP3/P6P/1PP1QPB1/1K6 w - - 1 31	c4c8 b8c8 e2b5	677	0g0j0p1k1o
9sblK	1b3rk1/p4ppp/2rq4/2pp4/4N3/1P2P2P/PB2QPP1/R2R2K1 b - - 0 19	d6h2 g1f1 h2h1	677	0y1315191o
A2vzO	3r1r2/p1RP4/1pN2k2/5b1K/3R4/8/P5P1/8 b - - 2 38	f8h8	677	0p1113141b1f
A5i0N	8/1b4kp/5R2/P3P2r/3p1P2/8/6rP/6RK w - - 0 43	g1g2 b7g2 h1g2	677	0g0p1o
AKYiM	6r1/p7/2N5/3k4/1P1P4/P7/8/5K2 w - - 3 63	c6e7 d5d4 e7g8	677	0g0p0s111o
AYNPD	2b3kr/4Rp2/p3p1q1/3pP3/1p1N1Q2/6Pp/PP3P1P/6K1 b - - 1 29	g6b1 f4c1 b1c1	677	0p13151o
BAZOy	1r1r4/5ppp/p3k3/4p3/8/NP2P3/P1Pn1RPP/3R2K1 b - - 3 20	d2f3 g2f3 d8d1	677	0g0j0p1o
By8uS	7k/5K2/6Pp/1p6/1P4P1/8/8/4q3 w - - 0 61	g6g7 h8h7 g7g8q	677	000p13151h1i1o
CwL4M	6k1/5ppp/p2B4/1p1n4/1P6/b2P3P/2R3P1/5K2 b - - 1 33	d5e3 f1e2 e3c2	677	0g0p0s1o
EoPqq	6R1/8/3kP2p/8/6K1/4b1P1/8/3r4 w - - 1 50	g8d8 d6e6 d8d1	677	010p111o1p
F7csM	8/8/1p1k4/3Pn3/1R6/8/5K2/8 b - - 1 58	e5d3 f2e3 d3b4	677	0g0p0s1o
FlOgD	2kr2nr/ppp2pp1/6q1/4p1Bp/8/5P2/PPP2P1P/3RQRK1 w - - 2 16	d1d8	677	1314191b1d1k
G0LlM	r3k2r/ppp1bpp1/3q2p1/1P1P4/2B5/P7/1B1P1PPP/R2Q1RK1 b kq - 2 16	d6h2	677	0y1314191b
GF7oj	8/1n3k1p/4p1p1/P7/rP3P1P/6P1/2R4K/8 w - - 3 45	c2c7 f7f6 c7b7	677	0g0p0s1o
Ixpd4	8/pk3r1p/n5p1/Pp6/2p1N3/7P/6PK/2R5 w - - 0 47	e4d6 b7c6 d6f7	677	010p0s1o
JoyGP	6k1/6pp/8/p2n4/1p6/1P4P1/4B2P/5K2 w - - 0 40	e2c4 g8f7 c4d5	677	0g0p1g1o
K6GAu	2rrb1k1/ppq2pp1/2n2b1p/8/3p4/2PQ1N2/PPB2PPP/3RR1K1 w - - 0 20	d3h7 g8f8 h7h8	677	0y1315191o
M578R	r1b1k1nr/ppp2ppp/2N5/8/8/2N1b3/PPP2PPP/3RKB1R w Kkq - 0 10	d1d8	677	1314191b
MHdSi	8/pp1r1p1k/3q2n1/5Q2/4pbN1/1P5P/PB3PP1/R5K1 b - - 2 34	d6d1 a1d1 d7d1	677	1315191f1n1o
MVXhc	8/8/8/k2p1KP1/2pP4/PR2P3/8/8 b - - 0 52	c4b3 g5g6 b3b2 f5e5 b2b1q	677	000g0p101h
NVGy5	6k1/p3r1p1/Pp2Nn1p/3p4/5N2/4R3/5PPK/8 b - - 4 40	f6g4 h2g3 g4e3	677	010p0s1o
NfxlE	6k1/1ppn2pp/p6r/1P1p3r/3P4/4PPP1/P1Q2R2/1RB3K1 b - - 0 22	h5h1 g1g2 h6h2	677	090y1315191o
Njsv0	4k2r/1p2ppbp/p2pb1p1/q7/4P2P/2B2P2/PPPQ2P1/1K1R1B1R b k - 0 14	a5a2 b1c1 a2a1	677	1315191k1o
Pye2R	1R6/p1rk2pp/b1N2p2/3Pp3/4P3/P1p1P3/5KPP/8 w - - 0 37	b8d8	677	0p0u13141b
QeG8I	r1bq1k1r/pp1pb1p1/4p2p/2pnPpNQ/8/3P3N/PPP2PPP/R1B2RK1 w - - 2 12	h5f7	677	13141b1c
UnFXR	r1br2k1/p1p2ppp/1bp5/8/4R3/2P5/PP3PPP/RNB3K1 b - - 0 14	d8d1 e4e1 d1e1	677	0s1315191o
WvvDD	4r3/1p1kr2p/3p4/p2Pn1B1/P7/2P2P2/1P4PP/3RR1K1 b - - 6 25	e5f3 g2f3 e7e1 d1e1 e8e1	677	0g0j0p10
Xw0lc	3q1rk1/1b1r1ppp/1p6/pN1n4/P2QP3/6R1/1P3PPP/5RK1 w - - 0 22	d4g7	677	0y1314191b
Xwakl	2r3k1/5pp1/2Nrp2p/3P4/1p2P3/b1p1P2P/P1R3P1/5RK1 w - - 3 31	c6e7 g8f8 e7c8	677	0g0p0s1o
YAH34	6k1/2R3pp/2p1p3/2P3q1/1r1P4/4P3/6PP/5RK1 w - - 0 25	c7c8 g5d8 c8d8	677	0p13151j1o
YLVuj	8/6pk/p3p1N1/8/1P2pN2/q7/R6P/K1R5 b - - 0 34	a3c1	677	0p13141b
YoNF4	8/1rk5/7p/6p1/8/P5P1/1pK3P1/4R3 w - - 1 42	e1e7 c7c6 e7b7	677	0g0p11121m1o
Z0wAv	8/p1kn2P1/1p6/8/2PQ2r1/1P3r2/P3b1K1/8 w - - 1 52	d4g4 f3f2 g2f2	677	010p0t1o
ZVRqZ	rqb3k1/4rppp/p7/P1p1p3/5P2/4B3/1PPQ2PP/R4RK1 w - - 0 19	d2d8 e7e8 d8e8	677	0s1315191o
amPIP	1r6/5pkp/3n2p1/p2P4/P1B2P2/1PR3P1/5K1P/8 b - - 2 43	d6e4 f2e3 e4c3	677	010p0s111o
awyQr	4rrk1/pp3ppp/4b3/3pN1q1/2pP1n2/2P1Q2P/PP3PPK/R2B1R2 b - - 8 22	g5g2	677	1314191b
bCeJ0	5k2/1R6/4B3/1Kp1P2p/2Pp1P2/3r2P1/3n4/8 b - - 1 55	d3b3 b5c5 b3b7	677	010p111o1p
bUNfF	8/3k1ppp/8/1P6/2r2P2/3NK2P/8/8 w - - 1 43	d3e5 d7e8 e5c4	677	0g0p0s1o
bgvdR	1r3qk1/p1nbR2p/2p3p1/5p2/2P4Q/3B4/P4PPP/bN4K1 w - - 0 18	h4h7	677	0y1314191b
c4L2h	5b1r/1kp3pp/1pqp1p2/Q2N4/8/1R4B1/2r2PPP/1R4K1 b - - 1 24	c2c1 a5e1 c1e1	677	010y191o
cXn4M	4r3/pp1k3r/3B1R2/3pP3/7p/6nP/PP4P1/2R3K1 b - - 1 30	g3e2 g1f2 e2c1	677	0g0p0s1o
csAGb	N7/p4Rpp/2kp4/4p3/P1P5/3PK1Pb/1r6/8 w - - 1 29	f7c7	677	0p13141b
cvVZ5	6k1/1p1prp1p/1p4pB/3n4/2Q5/7q/1PP5/2KR4 w - - 0 31	c4c8 e7e8 c8e8	677	0p13151o
dwLMu	8/8/P5R1/1k1bBp2/2p2P2/2P3KP/r7/8 b - - 0 44	a2g2 g3h4 g2g6	677	010p111o1p
eskVd	6k1/5p1p/pBNb2p1/P2P4/r7/4P2P/5PP1/6K1 b - - 0 30	a4a1	677	0p13141b1f
ffujt	r1b2rk1/5ppp/4p3/1q1pP1P1/2pn4/8/P1QBBPP1/R3K2R w KQ - 0 19	c2h7	677	0y1314191b
fkL6u	rn3k2/4n1pp/2P3q1/pp3p2/4b3/1B6/PPP2PPP/R2Q1RK1 b - - 0 16	g6g2	677	0y1314191b
fkT2F	r1b2k1r/pp2ppbp/6p1/1B6/4P3/4B3/P4PPP/q2Q1RK1 w - - 0 14	d1d8	677	1314191b
ga1Fg	6k1/p4R2/1p1N3p/3PN3/6p1/6P1/P3nPKP/2r5 b - - 0 42	c1g1	677	0p0q13141b
gervd	5k2/5pp1/4p2p/1P1p4/2q5/1Q3P1P/6P1/5K2 w - - 1 53	b3c4 d5c4 b5b6 f8e8 b6b7	677	000g0p101i
hJ1kb	1r4k1/4p2p/2ppp1p1/q5B1/4P3/2Q5/P1P3PP/K2R3R b - - 0 20	a5c3	677	0p0t13141b
hPSip	2rq1rk1/p1p1bpp1/1p2p3/n5P1/3P2n1/2P5/PPQ2PP1/R1B1K2R w KQ - 0 18	c2h7	677	1314191b
hgjNf	2kr3r/1pp1qpp1/p4n1p/3pP3/3P2P1/PP3N1P/b1PQB3/2KR3R b - - 0 17	e7a3	677	1314191b1k
ieKbR	8/pp6/2pk4/6K1/3n4/5P2/PPP5/6R1 b - - 0 34	d4f3 g5f4 f3g1	677	010p0s111o
iqmdr	7r/P4p2/5k2/2p5/2N1P1p1/8/R3K3/8 b - - 2 49	h8h2 e2e3 h2a2	677	0g0p111o1p
iy1KT	8/8/2p2p2/2p2p1p/2P2P1P/pkNK2P1/8/8 b - - 0 48	a3a2 c3a2 b3a2	677	000g0p0z1o
jBv4O	3rr1k1/b4p1p/pq4p1/1p6/2p1N3/P1P3P1/1P2RP1P/2Q1R1K1 w - - 4 29	e4f6 b6f6 e2e8	677	0g0j0y191o
jCYBa	r2q1rk1/p4pp1/1p2pb1p/2p3N1/4QP1P/1P6/P1PP2P1/R3K2R w KQ - 0 16	e4h7	677	1314191b
jZohz	6rk/pp4pp/2p2bnN/8/3p1P2/P7/1qPB2PP/5R1K w - - 0 26	h6f7	677	1314191b1q
jq9B3	4r1k1/1p5p/pn4p1/8/4Nr2/P7/1PP5/2KRR3 w - - 1 27	e4f6 f4f6 e1e8	677	0g0j0p1o
kI2hv	8/2p5/pp6/4P3/3Pkpp1/2P5/PP3K2/8 w - - 1 42	e5e6 e4d5 e6e7	677	000g0p1e1o
mq47p	1k6/p5pp/Pp3r2/8/1Q1P4/4P3/5qPP/2R4K b - - 0 32	f2f1 c1f1 f6f1	677	060p13151n1o
oNR4X	1r1qk2r/1p2bpp1/4pnbp/pNnp4/P4PPP/1PN1PQ2/1B1PB3/2KR3R b k - 2 17	c5b3	677	1314191b1k
olj6E	8/8/8/1p1kb1p1/1P1Bp1Pp/2K1P2P/8/8 b - - 1 75	e5d4 e3d4 e4e3 c3d3 e3e2 d3e2 d5d4	677	00080g0i0p111w
pjNyy	2kr3r/3nq1bp/p1p3p1/5n2/3P1B2/2PB3P/PP2N1P1/4RRK1 w - - 0 18	d3a6	677	0a1314191b1k
qBEly	8/8/p7/R4K2/2k4r/8/P7/8 b - - 1 36	h4h5 f5f4 h5a5	677	0g0p11121m1o1p
rMXUM	r4rk1/ppp2pp1/6qp/3pP3/1P1P4/1BN2b1P/1P3P1K/R1Q2R2 b - - 2 21	g6g2	677	1314191b
sfxCN	r1b4k/ppp2rpp/8/8/2B5/5P2/P2q1P1P/R3R1K1 w - - 0 19	e1e8 f7f8 e8f8	677	061315191o
viIt8	2r5/6k1/2pKn1p1/1p2P2p/p6P/2P2P2/PP6/3R3B b - - 1 39	c8d8 d6e6 d8d1	677	010p1o1p
xAQRI	rn1qr1k1/ppp2ppp/2bb4/6NQ/8/6P1/PPP2P1P/RNB1R1K1 b - - 2 13	e8e1	677	0t0y13141b1c1f
yec57	3R4/8/3pkp2/p5p1/2PK4/7P/4r2P/8 w - - 8 58	d8e8 e6d7 e8e2	677	0g0p1m1o1p
zGZVU	8/pp3p1b/2pb1p2/3n1Pk1/P2P2P1/1P3K2/3N2B1/8 w - - 3 35	d2e4 g5h4 e4d6	677	010p0s1o
zIXJB	2kr3r/B1pqb1pp/1p1pp3/6P1/7P/3Q4/PPP2P2/2KR3R w - - 0 18	d3a6	677	1314191b
zTvvd	r3r1k1/1p4b1/2p2nQ1/3p4/6P1/1BNP1n1P/PPP2P2/R2KR3 b - - 0 24	e8e1	677	1314191b
zbsl8	8/8/8/6p1/8/4NBP1/1q1k1PK1/8 w - - 14 55	e3c4 d2c1 c4b2	677	0g0p0s111o
0QFfu	r2k2nr/pp3ppp/8/1B1p1p2/1b6/1P5P/P1KN2P1/R3R3 w - - 2 19	e1e8 d8c7 e8a8	678	01191o1p
1ClIv	8/6pk/7p/5p2/2R1b3/r6N/2P5/2K2B2 b - - 0 40	a3a1 c1d2 a1f1	678	0g0p1o1p
2OGnD	5r1k/ppQ3bp/5qp1/3P4/P3R3/1P6/5PPP/2R3K1 b - - 0 30	f6f2 g1h1 f2f1 c1f1 f8f1	678	060p1013161n
2irMH	8/p7/5k2/3R1b2/PP3B1K/6R1/8/1r6 b - - 0 41	b1h1 g3h3 h1h3	678	0p13151d1o
2qCdF	r2qkb1r/pp3ppp/2bp4/4p3/2B5/2n1BQ2/PPP2PPP/R4RK1 w kq - 0 11	f3f7	678	041314191b
34UfP	8/8/PR3pk1/5p2/8/1K2P2P/8/r7 b - - 0 47	a1b1 b3c2 b1b6	678	0g0p1m1o1p
3II9J	8/6p1/7p/1K3p1P/p2P1k2/2P5/5B2/8 b - - 0 37	a4a3 d4d5 a3a2 d5d6 a2a1q	678	00080g0p101h
3P40D	1r3rk1/5ppp/pNp5/2Ppb2q/6Q1/4PP2/PP3P1P/R4R1K b - - 4 18	h5h2	678	0y1314191b
3SxsC	R7/2p4k/1q4pp/1p1P1r2/2n1Q2N/2P3bP/5PP1/6K1 w - - 0 32	e4e7 f5f7 e7f7	678	1315191o
4UQwX	2r2rk1/pp4pp/3bpq1P/3p2N1/2nP4/P1P5/1PQ2P2/R1B1K2R w KQ - 1 21	c2h7	678	0y1314191b
5SkKx	4r1k1/pp4pp/2n1b3/q1N1p2Q/2p1p3/BP4P1/P2r3P/R4KR1 w - - 4 22	h5e8	678	0t0y1314191b
6XXhj	3kr3/1r2b3/3p2Qp/2p1P3/7N/q3B1P1/7P/3RKR2 b - - 0 32	a3e3	678	0q0t1314191b
6cvH8	r2qkb1r/pp4pp/2p1p1b1/3p4/6n1/2NBP3/PPQ2PPP/R1B1K2R w KQkq - 0 12	d3g6 h7g6 c2g6	678	011c1o
7AiEr	r3k1nr/ppp2pp1/8/4q3/2P3Q1/B7/P4PPP/R4RK1 b kq - 1 16	e5h2	678	0y1314191b
82u6S	k7/pp5b/4rp2/3N4/3p2P1/P4N1P/5P2/5K2 w - - 4 36	d5c7 a8b8 c7e6	678	0g0p0s1o
8r4z1	6k1/p2Qbp1p/2n3q1/4P3/3P1B2/2P5/Pr4PP/R4RK1 b - - 0 19	g6g2	678	1314191b
91dDw	r1bq1rk1/5pp1/p1pp3p/4p3/4Pn2/1B4Q1/PPPB1PPP/R4RK1 b - - 1 20	f4e2 g1h1 e2g3	678	0g0s191o
9Ro6N	5k2/pB3pp1/7p/2R1Pr2/8/3P1bP1/PP3P1K/4R3 b - - 4 25	f5h5 h2g1 h5h1	678	0p13151d1o
AZ7rW	2k1r2r/pp4pp/2nBN3/b7/6n1/1QP4P/P4qP1/RN2R2K b - - 1 18	f2e1	678	0t0y1314191b
B4Piw	8/8/6k1/r5n1/P1B5/1P4KP/3R1P2/8 b - - 5 46	g5e4 g3f4 e4d2	678	010p0s1o
BZKOg	1k3b1r/ppp2p1p/3r4/5B2/6n1/8/PPP5/2KRR3 w - - 0 20	e1e8 d6d8 d1d8	678	061315191o
BapeM	5k2/5pp1/3N3p/8/1P6/2P2n2/1P1r4/5R1K b - - 3 36	d2h2	678	030p13141b
DPwBx	4B3/8/R5p1/5pkp/4p3/1r4Pn/5P2/5K2 w - - 0 46	a6g6	678	0p0q13141b1d
Egn3A	3r3k/2Q3pp/2p1Bp2/5n2/p3q3/2R4K/6P1/8 w - - 0 46	c7d8	678	060p0t13141b
FNkx1	3k4/1p1b2Q1/2pp4/p2PB1N1/2P5/8/P4qBP/4R2K b - - 0 38	f2e1 g2f1 e1f1	678	0t1315191o
FZuCA	2r3k1/5pbp/2N3p1/3pp3/2n1b3/2K1P2P/1P3PP1/2B2B1R w - - 2 23	c6e7 g8h8 e7c8	678	0g0s191o
Fli8y	5k2/1p3pp1/pB2p3/P3P2p/3P3P/r4P2/6K1/8 w - - 1 33	b6c5 f8e8 c5a3	678	0g0p0s1o
GGbqo	r5k1/p1p2ppp/8/6B1/3Qp1bq/8/PPP3PP/RN2R1K1 b - - 0 16	h4e1	678	0t0y1314191b
GJhga	2r3k1/pp3p1p/8/4Bqp1/4b3/P2Q2P1/1P5P/3R2K1 w - - 2 29	d3d8 c8d8 d1d8	678	0p13151f1n1o
HQYnm	5k2/1p4p1/2pb4/p5r1/P2K1N2/2P2B2/1P4P1/8 w - - 0 54	f4e6 f8e7 e6g5	678	010p0s111o
IKt2B	k2r2r1/pp2Rp1p/8/3q4/8/4B2Q/PP3PPP/R5K1 b - - 6 24	d5d1 a1d1 d8d1	678	1315191n1o
JI5Uu	8/2p1k3/1p1p4/1P2p3/2P1P3/r7/3K2RP/8 b - - 10 42	a3a2 d2e3 a2g2	678	0g0p1m1o1p
LgSBN	5rk1/p1b5/1pq3p1/3R2Q1/6N1/4P2P/P4PP1/6K1 b - - 0 33	c6c1 d5d1 c1d1	678	0p13151o
LsOl7	8/4kppp/8/1B1nP3/3p1P2/6PP/4K3/8 b - - 0 35	d5c3 e2d3 c3b5	678	0g0p0s1o
M2BdQ	5k2/p4pp1/b6p/7q/8/2P2P2/PP4P1/3RR1K1 w - - 0 30	d1d8	678	0p13141b
NOo80	r2r2k1/pb2bppp/1p2pB2/8/6q1/P1N5/1PQ2PPP/1BR1R1K1 b - - 0 18	g4g2	678	0y1314191b
Ndzy1	3r4/1bN3kp/p5p1/5p2/3p4/3P4/PP1K1P1P/2R5 w - - 0 29	c7e6 g7f6 e6d8	678	0g0p0s1o
OS9HB	4kb1r/3qpp1p/2Np2p1/r1nP4/1Q6/8/2P2PPP/4K1NR w Kk - 0 18	b4b8 d7c8 b8c8	678	111315191o
OWl58	rn4k1/8/pp5p/2pP1Q2/2Pb1pp1/3B4/PP3qPP/R1B1R2K b - - 0 25	f2e1 d3f1 e1f1	678	0t0y1315191o
P0PYz	r3k2r/pppb4/3b4/5Pp1/3P4/2P1NnP1/PP4BP/R1B2R1K b kq - 0 20	h8h2	678	030y1314191b
PAcC3	3k4/5pp1/4p1n1/r2pP1p1/1Np3P1/7P/PPR2PK1/8 w - - 2 35	b4c6 d8c7 c6a5	678	010p0s1o
PRBjk	r7/6pp/3k1p2/1PpN4/1p2P3/8/1P3PPP/3K3R b - - 0 27	a8a1 d1d2 a1h1	678	0g0p1o1p
QDzMh	r2q1rk1/p1p1npp1/2p4p/2b2N2/4R3/2P1B3/PP3PPP/RN1Q2K1 b - - 0 12	d8d1	678	060t13141b1c
R2tqx	r2q1r2/p1p3kp/3b1pp1/3Q4/8/4B3/PPP2PPP/RN2R1K1 b - - 0 15	d6h2 g1h2 d8d5	678	010j0y191o
RxfEp	4rr2/pp3pk1/2p3p1/3pPq1p/3P4/P4R1R/1P1Q1PPP/6K1 b - - 5 30	f5b1 d2c1 b1c1	678	060p13151o
TqcQX	2r2rk1/1p2Q2p/p2pb1pB/4n3/P3P3/8/6PP/2R4K b - - 0 26	c8c1 h6c1 f8f1	678	061315191o
UJ24N	5r1k/ppq1b1p1/n7/2PB4/3P4/PP5P/1B2Q3/6K1 w - - 0 27	e2h5	678	1314191b
UKhT3	r4rk1/pR2R1pp/3p4/5q2/8/8/2P2PPP/3Q2K1 b - - 0 20	f5f2 g1h1 f2f1 d1f1 f8f1	678	060p101316
UTAj6	8/5bk1/p2q1p1p/1pp3p1/4P3/2P1NP1P/P3QKP1/8 w - - 8 43	e3f5 g7f8 f5d6	678	0g0p0s1o
UdLTa	r3qr1k/ppp3p1/3p1p2/4ppP1/2B1PR2/2P5/PP5P/R5K1 w - - 0 22	f4h4 e8h5 h4h5	678	0p0y13151f1o
Utt5o	r7/ppp2k2/5B1p/2p3p1/4P3/2Qq4/P3bPPP/RN4K1 b - - 0 19	d3d1 c3e1 d1e1	678	0y1315191o
Vm2Yr	r2r2k1/pb3ppp/1p2p3/3q4/3Q1P2/P1B1P3/1P3RPP/R5K1 w - - 1 18	d4g7	678	0y1314191b
WKVKT	8/p3b3/2p1k3/1p6/3R3p/1P5P/6P1/6K1 b - - 3 41	e7c5 g1f1 c5d4	678	0g0p1g1o
XnMnD	k2n4/2K5/6p1/P7/5B2/8/8/8 b - - 6 56	d8e6 c7d6 e6f4	678	0g0p0s111o
XqvdN	r2q1rk1/2p1npp1/1p5B/p2pPb2/P5Q1/2P5/2P3PP/R4RK1 w - - 0 16	g4g7	678	0y1314191b
Xz7EB	7r/p3kpp1/3bpn2/1p1p1b2/3P1P2/P1P2BB1/3N3P/2KR3R b - - 0 26	d6a3	678	0a1314191b1k
Y929w	b6Q/8/8/8/4p2P/pk2P3/1p6/1K6 b - - 0 54	a3a2	678	000p13141b
YbcEz	r1b3k1/pp3pp1/5n1p/8/8/2N4P/PP4P1/1BbR1K2 w - - 0 20	d1d8 f6e8 d8e8	678	1315191f1o
ZVWZF	2r1r3/ppq1bk2/2n1p2B/2ppP3/3P3p/2P3QP/P1P2PP1/1R3RK1 w - - 0 19	g3g7	678	1314191b
aKwO9	r2qr1k1/pb1nbpp1/1pp1p2p/3pP3/8/2PQP2P/PPBN1PP1/RN3RK1 w - - 1 16	d3h7 g8f8 h7h8	678	0y13151c1o
aZUE3	2kr2nr/ppp3p1/2nq4/5p2/8/P1BP1B2/1PPQ1PpP/R3R1K1 b - - 3 18	d6h2	678	0y1314191b
b2Ah9	8/8/8/8/8/R3pk2/4np2/5K2 b - - 8 60	e2g3	678	0p13141b
cIxQo	4r2k/1Q4pp/p3P3/5p2/P1B2b2/1P2pP2/3r3R/6RK b - - 0 37	d2h2	678	111314191b1d
ctzQ6	8/6pk/3Np2p/1pB5/1P6/5n1P/r7/3R3K b - - 1 42	a2h2	678	030p13141b
dEjji	2rqk2r/p4ppp/4p3/1b2P3/3P4/8/PP3PPP/RNQ3KR b k - 2 18	c8c1	678	060t1314191b
dVQVC	r2q1rk1/p1p2ppp/2p2n2/3p4/2P3B1/4Q3/PP1P1PPK/RNB2R2 b - - 0 14	f6g4 h2g1 g4e3	678	010s191o
eUlBl	8/5K2/8/r6k/5Pp1/8/p7/R7 w - - 0 50	a1h1	678	0p1113141b1m
elfwA	5r1k/p5pp/2p1Q3/8/3P4/1r6/6PP/5R1K b - - 0 32	f8f1	678	060p1113141b1j
esulo	2r1r3/p5kp/1n4p1/5p2/8/1P1Q4/P2P1PPP/2R2K1R b - - 0 27	c8c1	678	0p0t13141b
gVSfd	r4r1k/pp5p/8/2pBn3/P1P2B2/3q2P1/7P/R5K1 w - - 0 25	f4e5 f8f6 e5f6	678	0l1315191o
gzMPl	8/8/1Kp2k1p/2P5/1P2p2P/8/8/8 b - - 1 54	e4e3 b4b5 e3e2 b5c6 e2e1q	678	000g0p101e1h
hoSn0	8/2R5/p5b1/3pk3/PP6/8/1KP1r3/8 w - - 1 48	c7e7 e5d6 e7e2	678	0g0p11121o1p
iUZLB	r3kbnr/pbpp1ppp/1p6/1B2q3/4P3/2N5/PPP2PPP/R1BQK2R w KQkq - 0 8	d1d7	678	13141b1c
jJe3U	r2qk2r/ppp3Q1/5p2/4b3/3nN3/3P4/PPP2PP1/R1B1RK2 b kq - 0 17	h8h1	678	1314191b
jSDMi	3k4/5pp1/p1p1n3/1p5p/5n1P/1BP5/PP3P2/2K1R3 b - - 1 30	f4d3 c1d1 d3e1	678	010p0s1o
jX3QW	4r1k1/p1p2ppp/b1p5/8/3QP2q/2P5/PRP3PP/4R1K1 b - - 0 17	h4e1	678	0p0t0y13141b
jp2QX	r5rk/pp3R2/4pN1p/8/3q4/4n1P1/P6P/6RK w - - 0 28	f7h7	678	031314191b
l0J8T	8/8/6N1/8/p1K5/PR6/2k5/8 b - - 0 56	a4b3 g6f4 b3b2 f4d3 b2b1q	678	000g0p101h
lwZgB	r4Nk1/p1p2ppp/1pn1p3/3b2q1/3P4/3B4/PP3PPP/R2Q1RK1 b - - 0 15	g5g2	678	0y1314191b
mhBUF	5r1k/2P3p1/6Qp/5P2/3b4/6P1/3r2RP/7K b - - 0 38	d2d1 g2g1 d1g1	678	0p13151d1o
mkVvZ	r4rk1/5R1p/p2p1bp1/3Q4/5B2/2q5/P4PPP/4R1K1 b - - 0 23	c3e1	678	0t1314191b
muJlp	r2q2kr/2p3b1/1p2RBpp/p3N3/2P5/Q7/PP3PPP/RN4K1 b - - 0 18	d8d1	678	061314191b
pgqwm	2r2k1r/1p3pp1/p2b1q1p/8/B3Q2P/8/P4P2/4R1K1 w - - 1 25	e4e8 c8e8 e1e8	678	1315191d1n1o
qWeio	8/8/4k3/5p1R/8/6PK/8/4r3 b - - 0 59	e1h1 h3g2 h1h5	678	0g0p1m1o1p
qbHFw	r1b2nk1/b7/ppn1N3/3pP3/Pp1P2P1/1NPB4/6PP/5RK1 w - - 0 28	f1f8	678	0y1314191b1f
qcA4c	4kb2/3npr2/ppR2n1p/2p3p1/8/5K2/PBPP1P1P/4R3 w - - 2 27	c6c8	678	1314191b
qfbOC	3r3k/R5p1/3p3p/3P4/4PpP1/7P/1Q5K/4q3 w - - 0 35	b2g7	678	0p13141b
qwpci	6B1/1p5Q/2p3p1/p3qpk1/P4p2/3P4/1PP3PP/4r1RK b - - 3 36	e1g1 h1g1 e5e1	678	050p13151o
s9lQG	2r3k1/p4pp1/7p/1R1N4/3b3P/3P2P1/5rBK/8 w - - 0 36	d5e7 g8h8 e7c8	678	010p0s1o
sbad0	R7/2pr1ppk/2p4p/8/P7/1P3P1P/1N3KP1/1b6 b - - 0 29	d7d2 f2g3 d2b2	678	010p0s1o
tbTfE	6rk/7p/8/4p3/4q3/4Q2P/5PP1/5RK1 b - - 1 27	e4g2	678	0p13141b
tooNe	2rqk2r/3nnp1p/p7/1p1pPQ2/1b1P4/2N1B3/PP4PP/R4RK1 w k - 1 17	f5f7	678	041314191b
vE5lK	3R4/1R4pp/2q1k3/3p1p2/4r3/PQ6/2P2PPP/6K1 b - - 0 30	e4e1	678	060p13141b
vLPQj	7k/p1p3pp/2p2b2/5R2/P1P5/6P1/3rr2P/1R5K w - - 1 30	b1b8 d2d8 b8d8 f6d8 f5f8	678	060p101316
wBIUf	1k6/1p6/p1p1p1p1/2b1N3/P3P2p/7P/2P3P1/7K w - - 0 42	e5d7 b8c7 d7c5	678	010p0s111o
weaAa	r2qkbnr/pppbp3/2n2pp1/2P4Q/3Pp3/8/PP3PPP/RNB1KB1R w KQkq - 0 9	h5g6	678	13141b1c
xIdEG	8/7k/4r1p1/2Pq1p2/8/2Q2N1P/P5PK/8 w - - 13 54	f3g5 h7g8 g5e6	678	0g0p0s1o
xO9Pm	6R1/p7/5k2/8/PP2p1p1/8/3p1r2/3K4 w - - 2 49	g8f8 f6e5 f8f2	678	0g0p111m1o1p
xwVMy	rnbqkbnr/1ppp1ppp/p3p3/8/5PP1/7P/PPPPP3/RNBQKBNR b KQkq - 0 3	d8h4	678	13141b1c
ya1id	8/8/5p2/pr3k2/7R/5PK1/5P2/8 w - - 1 48	h4h5 f5e6 h5b5	678	0g0p11121m1o1p
ymzfR	rq4k1/bbpn1ppp/4r3/1pp5/1P6/N2N2QP/PB1P1PP1/R4RK1 w - - 0 19	g3g7	678	0y1314191b
0s80I	8/KP1n2pk/7p/4n2P/3r4/8/P7/1RR5 b - - 2 48	d4a4	679	020p13141b
1tURW	1r6/5b2/2k1p1pp/p1PpBp2/5P2/1q2P1PP/1R1KQ1B1/8 b - - 4 44	b3b2 e5b2 b8b2 d2d3 b2e2	679	0110191p
2LC7v	2r3k1/p4ppp/Qp6/2p5/4q3/1N6/PK6/2r5 w - - 0 39	a6c8 e4e8 c8e8	679	0p0t13151o
2zFh4	8/p1R5/1p5p/1P1k2p1/P3p3/6P1/3r1PK1/8 w - - 0 49	c7d7 d5e6 d7d2	679	0g0p111m1o1p
41ASy	6k1/3p1rpp/8/4P3/1pQ5/1P6/P5KP/5n2 b - - 3 33	f1e3 g2g3 e3c4	679	0g0p0s1o
4MY6M	rnbq1k1r/ppp1n1p1/3p1b2/6pB/4P3/1QN5/PP3PPP/R1B1K2R w KQ - 0 11	b3f7	679	13141b1c
4rNH5	r1b1qr2/pp3p1k/3ppBp1/4n1Qp/1N2P1P1/2P4P/PP3P2/R4RK1 b - - 0 19	e5f3 g1g2 f3g5	679	010s191o
5ppBK	2kr3r/ppp2ppp/2nb1n2/1P5q/3P4/P1N1BB2/2PQ1PPP/R4RK1 b - - 0 15	h5h2	679	0y1314191b
6JzQ7	2n3k1/2P2pp1/4p2p/3r4/2Rb4/P5P1/5P1P/3R2K1 b - - 4 35	d4f2 g1f2 d5d1	679	010j0p1o
9pInh	r1b2rk1/ppp1nppp/8/3q2NQ/8/8/PPP2PPK/R1B1R3 w - - 0 15	h5h7	679	0y1314191b
ACCPd	1k4r1/ppp1b1p1/4Qp2/PPP1p3/3Pp3/6q1/4P3/R2R1KBr w - - 4 27	e6g8 e7d8 g8d8	679	0t1315191k1o
B0whR	8/pp3Q1p/2p3pk/6N1/5P1K/1P4P1/P6P/3q2b1 b - - 2 35	d1h5	679	0p13141b
ChZeL	3r1rk1/p4bpp/1p3p2/8/3q4/PP3P1Q/2B2RPP/3R3K b - - 0 27	d4d1 c2d1 d8d1 f2f1 d1f1	679	0610131619
D7S0j	r3k2r/1bq2pb1/p3pPpp/1p6/6n1/1BN4N/PPP1Q1PP/R1B2R1K b kq - 0 18	c7h2	679	0y1314191b
EGzGW	r1bq2rk/ppp2p1p/2np3B/2b1pnN1/2B1P3/2NP4/PPP4P/R2QK2R w KQ - 0 12	g5f7	679	0y1314191b
FBonx	8/5ppk/1p2p2p/3p1q2/3Q4/P7/1Pr4P/6RK w - - 0 34	d4g7	679	0p13141b
G9FmH	r4rk1/2n1bppp/b2q4/6P1/1p2PN1P/5P1B/1KPQ4/3R3R w - - 0 24	d2d6 e7d6 d1d6	679	0111191o
GysGD	8/3k4/2N5/2P2p2/KP6/5r2/5P2/8 w - - 1 54	c6e5 d7c7 e5f3	679	0g0p0s1o
H8V4A	4k2r/5ppp/2R1p3/3n4/3P4/r3P3/p3BPPP/R5K1 w k - 1 26	c6c8 e8e7 c8h8	679	010p1o1p
HuSTM	8/4Nppk/4p3/pR5p/1p6/8/r2r2PK/8 w - - 10 42	b5h5	679	020p1113141b
I5iUs	r3k2r/pp1n1p2/4p3/3nP1B1/1qQP4/8/P4PPP/R1R3K1 w kq - 3 19	c4c8 a8c8 c1c8	679	1315191f1n1o
Jgqhc	6k1/7p/8/1P4p1/R2Np1P1/5n1P/P2r4/5B1K b - - 0 43	d2h2	679	030p1113141b
JjTFj	7k/R7/6KP/2p5/8/8/pr6/8 w - - 4 57	a7a8 b2b8 a8b8	679	0p1113151m1o
KKtQb	4B3/2p4k/1p1p1p1p/3P2pP/4n3/8/4K1P1/8 w - - 0 58	e8g6 h7g7 g6e4 f6f5 e4f5	679	0g0p0s10
KOuLS	6k1/5pp1/1p5p/p7/P7/1P6/3r1qPP/1Q2R2K w - - 1 35	e1e8	679	0p1113141b
LWSqh	5r2/2RQ2pk/6np/4p3/4b3/8/PP4PP/5R1K b - - 0 29	f8f1	679	0p13141b
LmLSH	r1bb1r1k/p1pp1pp1/7p/3pP2N/6Qq/2P5/PP3PPP/R3R1K1 w - - 0 22	g4g7	679	0y1314191b
LyyDy	7k/p1R5/6K1/8/5P2/8/8/3q4 w - - 0 51	c7c8 d1d8 c8d8	679	0p1113151j1o
MBi4F	2B5/p4R2/1p1kP3/6p1/P5P1/1Pb5/2P3r1/2K5 b - - 12 40	g2g1 f7f1 g1f1	679	0p13151f1o
MX5cQ	r4rk1/pp3p1p/8/3pBp2/2P2P2/2P5/P2KB3/6qR w - - 0 22	h1g1	679	0p0t13141b1f
NjtB4	4r1k1/1p3R1p/p1pp2nP/6p1/4P1q1/2Q3P1/PPP5/1K1R4 b - - 0 29	g4d1	679	0p0t1113141b1k
OJogm	q4rk1/2pQ2pp/4p3/2n5/8/b4N2/P4PPP/B4K1R w - - 1 18	d7g7	679	1314191b
PGWp5	8/1p6/p7/2k2Kp1/P2N1b2/1P5P/8/8 w - - 7 57	d4e6 c5b4 e6f4	679	0g0p111o
Pg6dw	r4r1k/qb1R4/p4Npp/1pb1pN2/4P3/1n5P/PP3PP1/R5K1 w - - 0 25	d7h7	679	03111314191b
PsHch	5rk1/1p3rpp/p1p5/2NpP3/1P1P2B1/P3n3/3R2PP/R5K1 b - - 0 28	f7f1 a1f1 f8f1	679	0y1315191o
R5tdl	r1b3kr/ppp5/1b2p1pp/3qnn2/3pN3/8/PPPNQPPP/R1B2RK1 w - - 2 17	e4f6 g8f7 f6d5	679	010s1c1o
RwzDi	r1bq1rk1/2p2p2/p7/np1pP1Np/3P3P/b1P1B3/P1QK1PP1/3R3R w - - 0 17	c2h7	679	1314191b
TN290	2k1r3/ppp3pp/8/5pN1/2P5/1P1r4/P2n1PPP/4R1KR b - - 3 20	e8e1	679	060p0t13141b
UMGXG	8/8/6p1/6P1/5pPN/3k1K2/8/2b5 w - - 3 53	h4g6 d3d4 g6f4	679	0g0p111o
UbIxZ	8/8/6B1/8/PN6/1P4kP/2Pr4/6K1 b - - 0 45	d2d1	679	0p13141b
VukvE	6k1/4qp1p/p5pB/1pp1b3/4Q3/2P4P/1P3PP1/5RK1 b - - 0 24	e5h2 g1h2 e7e4	679	010j0p111o
WSpsB	8/2k2b2/7p/2P1R1p1/1b3p2/3K1P2/6P1/8 w - - 1 69	e5e7 c7c6 e7f7	679	0g0p0s1o
X7H5M	4r1k1/1q3ppp/5b2/p1pP4/PrP5/1P3N2/3Q2PP/4R1K1 w - - 0 31	e1e8	679	060t1314191b
XZpnA	r4rk1/pp2bppp/4p3/P4b2/8/2P2N2/P2B1PPP/2KR1B1R b - - 0 17	e7a3	679	0a1314191b
Y0SIB	8/1p6/p2k4/8/2pP3r/P1P1N3/KP6/8 w - - 3 34	e3f5 d6d7 f5h4	679	0g0p0s1o
YbVRZ	r5k1/4R1pp/2p1p3/8/3B1n2/1P6/P1P3PP/6K1 b - - 1 24	f4e2 g1f1 e2d4	679	010p0s1o
YkL3R	7R/8/8/5p2/8/1r3k1p/8/5K2 w - - 4 54	h8h3 f3f4 h3b3	679	0g0p1m1o1p
YzgMd	r4Bk1/pp1n1pb1/2pp2p1/4q2p/2PP2nP/P1NB1Q2/1P3PP1/R4RK1 b - - 0 16	e5h2	679	1314191b
ZErgc	3k4/2p3B1/p4p2/6p1/P2r4/5K1P/8/8 w - - 0 43	g7f6 d8d7 f6d4	679	0g0p0s1o
aQtNK	r5k1/ppb2p1p/2pq2pP/6N1/3P2Q1/2P5/PP2BPP1/R5K1 b - - 0 20	d6h2 g1f1 h2h1	679	0y1315191o
aUPqs	r1bq1rk1/pp3ppp/4p3/8/3P4/b1PQnN2/P1B2PPP/1R2K2R w K - 0 16	d3h7	679	0y1314191b
b1kLs	6rk/p3R1pp/1p1P1p2/8/3qP3/3P1RQP/6PK/r7 b - - 4 29	d4g1	679	0p13141b
bKETz	8/5pk1/3n3p/R5pP/8/4KP2/6P1/8 b - - 8 57	d6c4 e3e4 c4a5	679	0g0p0s1o
cCG6H	r2qkb1r/pppbnp2/2np1p1p/4P3/2B5/1Q3N2/PP3PPP/R1B2RK1 w kq - 0 14	c4f7	679	041113141b1c
ciAL6	rn1qk2r/2p2pb1/p3p1p1/1p1pP1Np/3P3P/P1N1P3/1PP1bQP1/2KR3R w kq - 0 16	f2f7	679	041314191b
cnCLZ	5q1k/pp3r2/4Q2p/1B6/3P4/4n3/PP4PP/4B1K1 b - - 0 29	f7f1 b5f1 f8f1	679	0p13151n1o
euLU6	r2q1rk1/1p3pp1/2b2n1p/3p1N2/p2p4/1B1P2QP/PPP2PP1/R4RK1 w - - 0 19	g3g7	679	0y1314191b
exxox	6k1/3B1ppp/bp1Q4/p3r3/7q/2P1P3/PP4PP/4R1K1 b - - 0 23	h4e1	679	0p0t1113141b
fub6B	r3kb1r/ppp1pppp/1qP5/5b2/2P1n3/7P/PP1B1PP1/RN1QKBNR b KQkq - 0 9	b6f2	679	0413141b1c
h5fpi	8/5pk1/8/1p1P1p2/8/1PKBNbb1/P7/8 w - - 2 49	e3f5 g7f6 f5g3	679	0g0p0s111o
jENRN	3r2kn/2P2p1p/4pP1P/p3P1p1/8/1p6/5B2/6K1 w - - 0 47	c7d8q	679	000p1113141b1h
jKgSs	5r1k/pb3p2/1p2pN1P/2p2r2/8/3P2RP/PP2nP2/1K4R1 w - - 1 35	g3g8 f8g8 g1g8	679	030y1315191o
jsbkE	r2q1rk1/1p2bppp/p3p2B/3b4/3Q2n1/5NP1/PP3PBP/R5K1 w - - 0 17	d4g7	679	0y1314191b
jsv2n	r5k1/ppp3pp/3p4/2b1n1q1/2PPpB2/1P5b/P3BPPN/R2Q1RK1 b - - 0 18	g5g2	679	0y1314191b
lRsdt	2kr3r/p2nqp2/2p1pn1p/8/P2P2p1/2PB2B1/1P3PPP/R3R1K1 w - - 0 21	d3a6	679	0a1314191b
mB89U	3r2r1/1k4b1/p7/1ppNq1P1/4p3/4P2P/PPP3Q1/1K1R1R2 b - - 0 28	e5b2	679	1314191b1k
nYdZL	4kn2/3n2R1/p3N3/2ppPp2/5P1B/Pq2P3/8/5K2 w - - 0 46	g7e7	679	0p13141b1d1x
nfqyL	3r2k1/pb1rpp1p/1pq3pb/4P3/3B1P2/4Q2P/PP1RN1PK/5R2 b - - 12 26	c6g2	679	1314191b
nroiL	8/6p1/5p2/4p1k1/1P1p2P1/2n3K1/3R1PP1/8 b - - 2 48	c3e4 g3f3 e4d2	679	0g0p0s1o
obbXD	1k4r1/ppN2p1p/8/7Q/4qP2/3r4/PP4PP/2R2R1K b - - 4 20	e4g2	679	1314191b
oelkA	r1b1k1nr/pp3pp1/2p3qp/Q2pP3/2B4B/8/P4PPP/R4RK1 w kq - 0 16	a5d8	679	1314191b
oik8k	r3r1k1/ppn1q1p1/1bp1p2p/3pP1N1/3P3P/2PQ2B1/PP4P1/5RK1 w - - 0 25	d3h7	679	1314191b
ouYMP	r1bq1k1r/pppnb1pp/4Qn2/8/2B5/8/PPPP1PPP/R1B1K1NR w KQ - 1 9	e6f7	679	1113141b1c
pSgxo	2r2k2/p4p2/1p3p2/8/8/1P2P3/P2pQPPP/2qR2K1 b - - 7 29	c1d1 e2d1 c8c1 g1f1 c1d1	679	050d0g0p101g1n
pe8gK	1n4k1/1q2rpp1/b6p/QppPp3/7P/1P1B1NP1/5P2/R5K1 w - - 0 29	a5d8 e7e8 d8e8	679	0y1315191o
rzApr	8/7p/1p1kn1p1/p1p2p2/2P5/1P1K3R/1P4PP/8 b - - 1 40	e6f4 d3e3 f4h3	679	0g0p0s1o
s5srA	8/4R3/p5kp/1p1bB1p1/1P4P1/P6K/4r3/8 w - - 4 46	e7g7	679	0p13141b1d
t5ioU	2r1r1k1/6P1/bp5B/p4N1R/PbPp4/1P1Q4/5PP1/4RK2 b - - 0 29	e8e1	679	11121314191b1d
tNVob	8/p3rpk1/1p4p1/7p/2P5/2K2N2/PP4R1/8 b - - 2 45	e7e3 c3d4 e3f3	679	010p0s111o
uWD2A	4r2k/p5rp/1p3Q2/2p1Bp2/5P2/1P4qP/P3P1R1/R5K1 b - - 1 25	g3g2	679	1314191b
ufR01	3b4/R7/p2k1p2/8/1p2pP1P/8/P5P1/6K1 b - - 1 43	d8b6 g1f1 b6a7	679	0g0p0s111o
ug7ni	3r4/2PP4/1N3k1K/1p4p1/1P6/6P1/8/8 b - - 0 42	d8h8	679	0p1113141b
wBdnt	6k1/5pp1/4p2p/p2nP2P/P3Q3/1p1B1K2/5B2/2q5 w - - 0 43	e4h7 g8f8 h7h8	679	0g0p111o
xLlzS	6k1/1rRNbppp/q3p3/5n2/P7/6P1/1P3P1P/2R3K1 w - - 0 28	c7c8 e7d8 c8d8	679	06111315191o
y6rLV	2r3k1/KP3ppp/8/2n3P1/7P/8/8/8 w - - 0 41	b7c8q	679	00060p0t13141b1h
1hJfw	6k1/pp4pp/2p1br2/4N3/1P1Pp3/1P6/2P1n1PK/R2Q4 b - - 0 23	f6h6	680	020p13141b
1nanB	r6r/pp1nbkpp/2p1pnq1/8/6P1/P1N4P/1PPBQP2/1R2R1K1 w - - 1 18	e2e6 f7f8 e6e7	680	01191o
2BduM	1R2R3/6pk/p2p2q1/2PP2r1/P1P4p/7P/5p1K/2Q3r1 w - - 6 42	e8h8	680	0p13141b
36xb5	8/4kn2/1p3p2/1B3K2/6P1/4P3/8/8 b - - 7 65	f7d6 f5f4 d6b5	680	0g0p0s11121o
46tDV	3r2k1/p1p4p/4b1p1/2pqb3/7Q/N3B2P/PP3PP1/R5K1 b - - 3 25	d5d1 a1d1 d8d1	680	0y1315191f1n1o
4H4LF	rnbqkbn1/ppppp3/5p2/4B1pr/3P4/3BP3/PPP2PPP/RN2K1NR w KQq - 0 7	d3g6	680	0l13141b1c
4Np6Y	8/6pk/p6p/5p2/1R6/2r4P/1p3PP1/1N4K1 b - - 1 35	c3c1 g1h2 c1b1	680	0g0p0s1o
4QS9w	r7/8/4kPp1/p3p1P1/r3N3/2P1K3/P7/7R w - - 1 35	e4c5 e6f5 c5a4	680	0g0p0s111o
4rObU	2r3k1/5ppp/1pN5/2p5/3pBKP1/1b3P1P/p7/R7 w - - 2 36	c6e7 g8f8 e7c8	680	010p0s1o
59V79	6k1/3q4/2p5/2B4K/1P2P1N1/7P/8/8 w - - 7 54	g4f6 g8f7 f6d7	680	0g0p0s111o
6qkL8	2rr4/p3R1p1/5pB1/kp1p4/Nb1P2b1/1P1K2P1/P4PP1/8 w - - 0 30	e7a7	680	1314191b
7V7P9	8/pp4p1/2p5/2b5/4p1P1/P5k1/1P1NK3/8 w - - 0 37	d2e4 g3g4 e4c5	680	010p0s1o
9AbVN	8/P4p2/5P2/1R6/8/5kp1/7p/5n1K b - - 0 64	g3g2	680	000p13141b
9FApd	8/3rr1kp/p2p1p1q/P1p1pQp1/2P1P1P1/3R1B2/5PP1/1R3K2 b - - 0 36	h6h1 f1e2 h1b1	680	0g191o1p
9LTod	4bk1r/1pN2ppp/1bn5/1p3q2/8/5N2/PPP2PPP/R3R1K1 w - - 0 18	e1e8	680	1314191b
9TkVm	8/5ppk/4p2p/P7/1P6/5P2/2rq3Q/1R1R3K b - - 0 34	d2h2	680	0p13141b
BY3vL	8/1p6/p4Qpk/3p4/P4P1K/6P1/7P/3q4 b - - 0 40	d1h5	680	0p13141b1i
Bc4IH	r4k2/5p2/p3b3/1p5R/8/1PN5/1PP5/6K1 w - - 1 35	h5h8 f8g7 h8a8	680	0g0p1o1p
Bd7L0	r5k1/ppp1b1pp/3qp3/8/7r/2N2Q2/PPP2PPP/R4RK1 b - - 2 15	d6h2	680	0y1314191b
D9cYX	2kr1b1r/3b1ppp/p7/2pp4/5B2/4P3/PP1K1PPP/R4B1R w - - 0 17	f1a6	680	0a111314191b1k
DG69G	4r3/p3qp1k/2PP3p/4rp2/3R4/8/P2Q1PPP/3R2K1 b - - 0 29	e5e1 d1e1 e7e1 d2e1 e8e1	680	060p101316
DNoqX	r2q3k/pb4bP/1pp1B1Q1/3pn1R1/5r2/2N5/PPP5/2K4R w - - 0 27	g6g7	680	0y1314191b
EpV2T	r2q2rk/pp4pp/3N1bn1/8/2B5/8/PP3PPP/R1B3K1 w - - 0 20	d6f7	680	1314191b1q
GtB3g	rn1q1rk1/pbp1bppp/1p6/3p1N2/2pQn3/6P1/PP2PPBP/RNB2RK1 w - - 0 11	d4g7	680	0y13141b1c
J5vUv	8/8/7R/1k5K/p5P1/r7/8/8 b - - 0 59	a3h3 h5g6 h3h6 g6h6 a4a3 g4g5 a3a2 g5g6 a2a1q	680	0p
JFLIQ	1k5r/1pp1pp2/p4bpq/8/3P2Q1/2P3N1/PP2RPP1/R4K2 b - - 2 22	h6h1 g3h1 h8h1	680	06111315191n1o
KVXTX	r1b2k1r/2ppq3/p4pp1/1pb3BQ/3p4/1B6/PPP2PPP/RN4K1 w - - 0 16	h5h8	680	0t1314191b
L3gWh	5k2/5Pq1/8/p7/4bBPp/4P2P/5R1K/8 w - - 2 53	f4d6	680	0p111213141b
LWSTx	r1bq1r1R/ppp2pk1/2np1np1/8/2P5/2p2N2/PP1QPPP1/R3KB2 w Q - 0 12	d2h6	680	111314191b1u
LeMe1	2r5/4Pk2/5P2/8/4K3/8/2R5/8 b - - 0 52	c8c2 e7e8q f7e8	680	0g0p0t111m1o
LtGKb	2R1Nbk1/5p2/4p1p1/p2r4/2p3P1/2P4P/P7/2K5 w - - 1 36	e8f6 g8g7 f6d5	680	0g0p0s111o
M1WsP	rnb2rk1/pp2b1pp/3p1q2/2pP3B/4p3/2N1N3/PPP2PPP/R2QK2R b KQ - 5 13	f6f2	680	0413141b1c
Niwp2	r2q1rk1/pp1b1ppp/1b1p4/3P4/4Q1n1/2N5/PPB2PPP/R1B1R1K1 w - - 11 18	e4h7	680	0y13141b1c
NrtR7	5rk1/p5pp/8/8/4R3/1PR3P1/P1Pr2PP/6K1 b - - 0 25	d2d1 e4e1 d1e1	680	0p13151m1o
OQpXJ	7R/8/5pk1/7p/5K2/8/8/6r1 w - - 6 52	h8g8 g6f7 g8g1	680	0g0p1m1o1p
OVg13	8/1p1k4/6N1/2p5/5K2/3r1P2/6P1/8 w - - 2 45	g6e5 d7d6 e5d3	680	0g0p0s111o
OhgyK	8/1p2Pkp1/3q1p1p/8/8/P7/5PPP/4R1K1 w - - 1 35	e7e8q	680	000p13141b1h
Phzzs	3r1r1k/2q2ppP/p7/2p4P/8/1pQ5/1R1b4/3K2R1 w - - 0 31	c3g7	680	1314191b
Q6Opk	r3rbk1/1bpp1ppp/1p6/p3B1q1/N1P5/P3P3/1P2BPPP/R2Q1RK1 b - - 0 15	g5g2	680	0y13141b1c
QGrbs	k3r3/p1R3pp/P1q5/1Nbp4/5Q2/1P6/2P3PP/4R2K b - - 0 29	e8e1 f4f1 e1f1	680	061315191o
RPTGy	2kr3r/ppp5/2q1p3/2b1N2p/5np1/3P3P/PPP2PP1/R1B1QRK1 b - - 0 18	c6g2	680	0y1314191b
RTZ2r	r3r1k1/1ppN1ppp/p1p5/6q1/4Pn2/1P1P3P/PBP2PP1/R3QRK1 b - - 0 15	g5g2	680	0y1314191b
S3Ito	rn2k2r/ppp2pbp/6p1/4nbB1/8/8/PPP2PPP/3RKBNR w Kkq - 0 11	d1d8	680	13141b1c1d
S9kaj	r1b2rk1/pp5p/6p1/3NRp2/2P3n1/3B4/PP3QPP/4R2K b - - 0 20	g4f2 h1g1 f2d3	680	010s191o
TF1hx	8/2p1k3/1p1p3b/1P1Pp2p/2P2p1P/3K1PN1/5P2/8 w - - 0 52	g3f5 e7f6 f5h6	680	0g0p0s1o
TqYIk	8/2k3q1/2p5/pp6/P4R2/1BP5/1K6/8 w - - 0 39	f4f7 g7f7 b3f7	680	0g0p0s1o
U3EZ2	r1b1k2r/5ppp/2pBp1q1/p2pP1Q1/5P1K/P7/1P4PP/R6R w kq - 6 22	g5e7	680	1314191b
VPZuO	6k1/6pp/3p1p2/2p1p3/4P1P1/8/r2B1K2/5B2 w - - 2 43	f1c4 g8f8 c4a2	680	0g0p0s1o
VpHQz	r4Nk1/ppq2ppp/2p5/3p1b2/3Pn3/2P2B2/PP3PPb/RN1QR2K b - - 1 15	e4f2	680	0y1314191b
WXSsj	r1b2rk1/p5pp/2p2pq1/4p3/4Nn2/3P1N1P/PPP2PP1/R2Q1RK1 b - - 1 16	g6g2	680	0y1314191b
XJ1Xg	r3k2r/pR3ppp/2nbp3/1B2q3/8/5P2/P1PB1P1P/3Q1RK1 b kq - 3 15	e5h2	680	0y1314191b
XLNLe	r1b1k1nr/ppq2pbp/2p3p1/4p1B1/4P3/8/PPPQ1PPP/2KR1B1R w kq - 0 13	d2d8 c7d8 d1d8	680	13151c1d1o
XNZaQ	5Rnr/1k3ppp/8/1pp1P3/2p2P2/2KbP3/1P1N2PP/2Br1B1R b - - 0 18	b5b4	680	1314191b
XQb3e	4rk2/R6p/n2P2p1/4q3/8/2P2B2/P5PP/3Q3K b - - 0 27	e5e1 d1e1 e8e1	680	060p13151o
XtaxY	1R6/1P6/8/5p2/8/4k3/1r6/4K3 b - - 0 53	b2b1	680	0p1113141b1m
YP9qC	1Q3b1r/2pkpppp/2q2n2/8/2pP4/2N3Pb/PP2PP1P/R1BR2K1 b - - 4 14	c6g2	680	1314191b
YPWlW	4r1k1/2p1qpp1/3b1n1p/R7/2P5/2N4P/1PQB1PP1/6K1 b - - 2 22	e7e1 d2e1 e8e1	680	1315191f1n1o
Z4L02	8/8/4p3/3knp2/5K2/8/8/4R3 b - - 1 75	e5d3 f4f3 d3e1	680	0g0p0s1o
Z5dbW	7k/p2Q3p/2r2p1q/8/2p5/6R1/P4PPP/6K1 b - - 0 33	h6c1 d7d1 c1d1	680	060p13151o
Zdv93	2r3k1/2p5/6p1/1b1Nppp1/1P6/5P1P/6P1/R5K1 w - - 2 33	d5e7 g8f7 e7c8	680	010p0s1o
ZvC6C	4r1k1/2pN1ppp/p1Qbq3/8/PP6/5N1P/5PP1/4R1K1 b - - 2 28	e6e1 f3e1 e8e1	680	1315191f1o
bY9pb	6k1/pp1n1ppp/3p2q1/P2Np3/8/1P2P3/1r1P1PPP/4QK2 w - - 3 28	d5e7 g8f8 e7g6	680	010p0s1o
bt7yN	r1b1k1nr/pppp1ppp/2n5/2b1p3/2B1P2q/3P1N1P/PPP2PP1/RNBQK2R b KQkq - 2 5	h4f2	680	0413141b1c
c0ED9	2r3k1/p4ppp/1q4b1/3pP3/6Q1/1P2b1P1/PB5P/3R3K w - - 0 26	g4c8 b6d8 c8d8	680	060t1315191o
ct3TB	5k1r/1pp2p2/p2p3p/3P1qp1/3Q4/2P3P1/PP3PP1/4R1K1 w - - 1 23	d4h8	680	0p0t1113141b
eB8LH	1Q1k4/8/6p1/8/p6P/6PK/2q5/8 b - - 3 63	c2c8 b8c8 d8c8	680	0p11
eKwlB	5r1k/p2R3p/5N2/2b5/8/2P5/PP2b1PP/7K w - - 1 30	d7h7	680	030p13141b
f0Mxi	6k1/5p1p/pQ2R1p1/4p1q1/2P1b3/2P5/P5PP/3R2K1 b - - 0 35	g5g2	680	0p1113141b
fZw5q	6Q1/7p/8/5p1P/P4P2/1ppk4/2p5/2K5 b - - 0 40	b3b2	680	000p13141b1i
fgD6d	4r1k1/p2r2pp/np1N1b2/8/2p2B2/2P5/PP3PPP/4R1K1 w - - 0 24	e1e8	680	0y1314191b
fzC6o	5rk1/p4p2/1p2pQp1/3b4/7P/Pq6/1P3P2/K1BB2R1 b - - 0 30	b3a2	680	1314191b
g83xb	r7/3r4/2p1pk1p/1p4p1/3P1n2/2P2QP1/2B1RP1P/6K1 b - - 0 28	a8a1 c2b1 a1b1 e2e1 b1e1	680	0p101316
g8Pc8	r3k2r/1ppq1pp1/1b5p/4p1P1/P1p1P3/B1Pn1N2/2KP1PP1/RN3Q1R b kq - 0 17	d7a4	680	1314191b
gijVd	8/P1p4p/6p1/8/8/4k2P/1P1p2P1/2R2K2 b - - 0 44	d2c1q	680	000p13141b1h
hZKdX	2kr1bnr/ppp1pppp/2n5/1Q6/6b1/4P3/PP3PPP/R1BNKBNR b KQ - 0 8	d8d1	680	13141b1c1d
hrPwS	2r3k1/1q3ppp/8/4P3/1r3n2/3R3P/P2Q1PP1/5RK1 w - - 5 28	d3d8 c8d8 d2d8	680	061315191o
jKjRE	r1b1r1k1/ppp3pp/2n5/3q1p1Q/3Pp3/2B3NP/PPP2PP1/R3R1K1 w - - 2 15	h5e8	680	0t0y1314191b
jyjKD	3r2k1/p2P1ppp/8/2p1R3/2r1P1P1/7P/8/6K1 w - - 1 37	e5e8 d8e8 d7e8q	680	000p13151h1m1o
kHkYo	r1bq1rk1/pp3ppp/1b1p3n/6N1/1PB5/P2Q4/5PPP/R1B2RK1 w - - 2 16	d3h7	680	0y1314191b
lWyqR	2b4k/1p1p3p/3P1rpP/q7/5P2/1p4P1/P7/3RR1K1 w - - 0 31	e1e8 f6f8 e8f8	680	0p0s13151o
nC7Nw	rnb1k1nr/pp3ppp/1q2p3/2bp4/8/2N2N2/PPPBPPPP/1R1QKB1R b Kkq - 5 7	c5f2	680	0413141b1c
nZ9hR	r2k4/p5R1/1p3pNp/2pP4/2n5/8/5PPP/6K1 w - - 0 31	g7g8 d8c7 g8a8	680	0g0p1o1p
nztOR	2kr1b1r/pppn1ppp/4b3/3N3q/5Q2/1B4P1/PPP4P/R1B1K2R w KQ - 0 15	f4c7	680	13141b1c1k
oTIYr	N1bk2nr/pp1p1ppp/q7/1Rb1P3/8/4PN2/2nBKPPP/3Q1B1R b - - 3 13	a6b5	680	0t1314191b
pF1bY	8/5k1p/8/B1R1pp2/5n2/5K2/P4P1P/3r4 b - - 4 35	d1d3	680	0p0q13141b
pNVRr	2r2rk1/pp3ppp/B7/q7/3B4/1bN4P/1P1Q1PP1/2KR3R b - - 0 18	a5a1	680	1314191b
pv1fv	7k/p6p/1p4p1/1P2p3/P1r2p2/R1Br3P/5PPK/8 w - - 3 37	c3e5 h8g8 a3d3	680	010j0p1o
qtfPG	8/3N1p2/4p1k1/1p2P3/p2P3p/P5r1/1P1RK3/8 b - - 3 48	g3g2 e2f1 g2d2	680	0g0i0p1o1p
rNsgv	2kr2q1/1b1p1p2/p7/1p5p/7P/1BNQ4/PPP2P1K/R4R2 b - - 0 28	g8g2	680	1314191b
rb06Z	rnb1kb1r/pp1p1ppp/1q6/4P3/4nB2/1P6/P2NPPPP/R2QKBNR b KQkq - 2 7	b6f2	680	0413141b1c
sxDqB	6k1/6pp/4P3/8/6rq/5p2/P4PbP/1RB1R1K1 w - - 0 29	b1b8 h4d8 b8d8	680	0p13151o
t2VZT	3r2k1/1q3ppp/4p3/3p2Q1/8/7P/4rPP1/5RK1 w - - 0 32	g5d8	680	060p0t13141b
tMWtm	4n3/pp1k4/2p5/3pBP2/PP1Pp3/2P4P/1r6/3K3R b - - 0 39	b2b1 d1c2 b1h1	680	0g0p1o1p
u5IDv	5r2/ppq2p1k/2pr1n1p/2b1pN2/4P3/1PP3QP/1P3PP1/R3R1K1 w - - 2 23	g3g7	680	1314191b
urUcq	1r6/4Pp2/4n1k1/pp1R2p1/2pB4/5P1P/PPP2PK1/8 b - - 2 41	e6f4 g2g3 f4d5	680	0g0p0s1o
v58ub	r3k2r/pp1n1ppp/2pbp3/q5B1/3Pn3/3B3P/PPP2QP1/R4RK1 w kq - 0 13	f2f7	680	041314191b
vCcnb	r1br1k2/pp2Npb1/7p/3Bq1pQ/5p2/8/PPPB2PP/R5K1 w - - 0 19	h5f7	680	1314191b
w3g0b	r1bq1rk1/pp3ppp/2n5/6N1/1b6/2NQn1P1/PP2PP1P/R3KB1R w KQ - 0 13	d3h7	680	0y13141b1c
wCmhU	r4rk1/ppqn2pp/8/3p2N1/3Pp1Q1/2P4P/PP4Pb/R1B2R1K b - - 3 19	f8f1	680	0t0y1314191b
xkV48	8/5p1p/1K1kp1p1/P1p3P1/2P5/3n3P/8/8 w - - 1 43	a5a6 d3e5 a6a7	680	00010p0z111o
yGI3a	2kr3r/3n1pp1/p1p1pnp1/8/3P1B1q/2P4P/PP2B1P1/R4RK1 w - - 0 18	e2a6	680	0a1314191b1k
yhQA6	6k1/2pbq1pp/p2p4/P2Pp3/1pN1Pn2/1P1N2Q1/1P4PP/6K1 b - - 2 27	f4e2 g1f1 e2g3	680	0g0p0s111o
zF75s	r5k1/p1p2ppp/4b3/7q/8/P2Q1P2/1PP2KP1/3R4 w - - 1 23	d3d8 a8d8 d1d8	680	060p13151n1o
ziK8J	r1b1kb1r/1pqp1pp1/p1n1p3/7p/3NP1n1/2NBB2P/PPPQ1PP1/R4RK1 b kq - 2 10	c7h2	680	1314191b
0DTKO	5k2/p1q3p1/2p2bQ1/2p2P2/2Pp3N/1Pn5/1r3P2/4R1K1 w - - 2 34	e1e8	681	0x1314191b
0Wxf0	r1b1kb1r/pp2nppp/1B3q2/1p6/8/2N4P/PPP3P1/R2QR1K1 w kq - 2 18	d1d8	681	13141b1c
2zpSB	r1bq3k/1p4pp/p2Nn3/P2pP3/3P4/6P1/5P1P/R1B2RK1 w - - 0 24	d6f7 h8g8 f7d8	681	010s191o
3UB91	6rk/1p1RR3/2p4p/p7/8/7P/1q3PP1/6K1 w - - 0 33	e7h7	681	0p13141b1j
3W8hF	3r2k1/2p1nrpp/p1p1Qp2/4p3/8/2N5/P1q2PPP/3R2K1 w - - 0 22	d1d8	681	1314191b
3avet	R7/5p1k/1P4pp/8/P1q5/5QP1/5PKP/3r4 b - - 4 40	c4f1	681	0p13141b
45EtC	8/5k2/R4Bp1/3pPp2/p1pP1PpK/2r5/8/8 b - - 1 39	c3h3 h4g5 h3h5	681	0p0q13151o
6QGmq	3r3k/1p1bnrpB/p2qpn1p/3pN3/3P4/2P4P/PPQ2PP1/R3R1K1 w - - 0 19	e5f7	681	0t0y1314191b
7aO9d	1rb2rk1/R2n1ppp/1q2p3/1p4N1/1npP4/4P1P1/1PQN1PBP/R5K1 w - - 5 16	c2h7	681	0y1314191b
7gRsw	B1r2k2/p6R/4p1p1/4Pp2/7P/5P2/3n2P1/6K1 w - - 5 42	h7h8 f8g7 h8c8	681	0g0p111o1p
7nYcV	r2qk2r/ppp1bppp/2p2n2/8/2B1P1b1/4Q3/PPP2PPP/RNB1K2R b KQkq - 5 8	d8d1	681	13141b1c
8HLP6	rn1qkbnr/p1ppp3/1p4p1/4P3/3P2Q1/8/PPP2P1P/RNB1K1Nb w Qkq - 0 8	g4g6	681	13141b1c
8y8XJ	r1k2br1/pppn1Npp/8/n2NpbB1/2P5/P7/1P2PPPP/2KR1B1R b - - 2 13	a5b3	681	1113141b1c
8y9fq	r3r3/1pp3k1/p1npB1p1/8/1P1b4/P1N4Q/5qPP/R1B1R2K b - - 1 24	f2e1	681	060t1314191b
9YPBk	2r3k1/p4ppp/1p5q/3pr3/3P1PQ1/2P5/PP4PP/6K1 w - - 0 28	g4c8 e5e8 c8e8	681	0p0t13151o
9lpqz	2k5/1pp3R1/p5p1/2N3P1/1P3n2/r7/3p1K2/8 w - - 0 37	g7g8	681	0p1113141b
BNCoL	8/1r2kpp1/pB2p2p/2PnP3/8/1R6/5PPP/5K2 w - - 5 31	b6d8 e7d8 b3b7	681	010j0p1o
CobGG	8/4r3/6pk/2N1n3/6P1/4RpP1/5P1K/8 b - - 2 47	e5g4 h2g1 g4e3	681	0g0p0s1o
F5rSE	1k1r1bnr/pp1n1p1p/2pp4/Q5p1/N2PPp1q/5P2/PPP1K2P/R1B2B1R w - - 6 12	a5d8	681	0t1314191b1k
FnEfp	6k1/R4pp1/1p2pn1p/1Pp5/2P5/7P/1r5r/1BR2K2 w - - 6 35	a7a8 f6e8 a8e8	681	0p13151f1o
G4Vu8	r1b2rk1/ppp2ppp/1bn2q2/6N1/3n4/1B1QB3/PP3PPP/RN3RK1 w - - 0 14	d3h7	681	0y13141b1c
GWxm6	kn1r3r/pp3ppp/8/1N1q4/P2n4/5P1P/1P4PB/2R2RK1 w - - 0 28	b5c7	681	1314191b1q
GhAU0	r1b2rk1/pp4pp/2Nbp3/3p1p2/5q2/3B1P2/PP1NQ1PP/1R2R2K b - - 0 17	f4h2	681	0y1314191b
GjAib	rn2kb1r/pp2ppp1/2pq4/5bN1/2B3p1/2NP4/PPP2PP1/R1BQ1RK1 b kq - 1 10	d6h2	681	13141b1c
HHish	8/2r5/7p/KPPnk1p1/4N3/5P1P/1P1R2P1/8 b - - 2 35	c7a7	681	020p13141b
HgWlG	2k5/pp6/2p5/3b2pP/3P2r1/P1PB4/1P6/5K2 w - - 0 36	d3f5 c8d8 f5g4	681	010p0s1o
I6xri	r3k2r/B1qp1pp1/p1b1p3/1p5p/1P2P1n1/P1NB3P/2P1QPP1/R4RK1 b kq - 0 15	c7h2	681	1314191b
IQRoh	5rk1/p1p4p/4prp1/4R3/8/1P1P4/P1P2qPP/R2Q3K b - - 0 20	f2f1 d1f1 f6f1 a1f1 f8f1	681	060p101316
JM4jh	1r6/5pbk/p1qp2p1/Q2Np2p/4P1P1/5P1P/PR1P4/K7 b - - 0 30	c6c1 b2b1 c1b1	681	0p13151o
K3DmB	r2k1qnr/1bpp2Qp/pp2p3/8/P3P3/2NPP2P/1PPnN1P1/R5K1 w - - 0 16	g7f8	681	0t1314191b
KN6yI	3r2k1/1p3pp1/p1p1r2p/Q7/3P1n2/5P1q/PPB2P2/R4RK1 w - - 0 30	a5d8 e6e8 d8e8	681	0t0y1315191o
KaGMI	8/1P1r3p/3P2k1/5q2/8/8/2Q3P1/3R3K b - - 0 45	f5c2 b7b8q c2d1	681	0g0p111o
KiLF3	r1b1k2r/pp1p1ppp/1qn1p3/8/4P1n1/2N5/PPP2PPP/R1BQKB1R b KQkq - 4 9	b6f2	681	0413141b1c
Kxke6	r4rk1/ppp1bppp/2q5/8/2PP1n2/1P2Q2P/P2N1PP1/R1B2RK1 b - - 2 18	c6g2	681	0y1314191b
KzXCv	r1b2rk1/ppp2p1p/3b1B2/4q3/2BQ4/8/PPP2PPP/R4RK1 b - - 0 14	e5h2	681	0y1314191b
NO9WS	6k1/1p6/2n1b1qR/6B1/3p4/P3p1Q1/6PP/6K1 b - - 1 48	g6b1 g3e1 b1e1	681	0p1113151o
OMT0c	3r1rk1/p1p2ppp/2p5/2b1p3/4P3/5P1P/PPP3P1/R1B2K1R b - - 0 14	d8d1 f1e2 d1h1	681	0g0p1o1p
OUjgW	5k2/pp1r1Ppn/2pNQ1np/8/3PN2q/8/PP4PP/4R1K1 b - - 2 29	h4e1	681	0t0y1314191b
P6cgb	6k1/pp3p1p/6pP/3Q4/8/1P5P/2r1r3/6RK b - - 0 33	e2h2	681	0p13141b1j
Q6Wyn	8/5Rp1/3kp2p/3pN3/1r1PnP2/7P/6P1/6K1 w - - 5 41	f7d7	681	0p0u13141b
QAwzh	8/3R1pp1/p1r1pk2/1pP4P/1P4P1/P6r/R4K2/8 b - - 0 40	h3h2 f2e3 h2a2	681	0g0p1m1o1p
QJZQP	1B4k1/1p3pp1/4p2p/3p4/3PnP2/8/6PP/6RK b - - 0 34	e4f2	681	0p13141b1q
S1wEW	r1r5/p2kp3/2np2Q1/5N2/1p1p2P1/1Pn2N2/2PK4/q2R1B1R b - - 4 26	a1d1	681	1314191b
SEVb6	r2q1rk1/ppp2ppp/2n1b3/3p2N1/4Q3/2P5/PPP2PPP/R1B2RK1 w - - 0 13	e4h7	681	0y1314191b
SIRVq	8/8/1K5p/2P5/1pk3P1/8/8/8 b - - 1 50	b4b3 c5c6 b3b2 c6c7 b2b1q	681	000g0p101e1h
SciD0	8/6k1/7p/7K/1R4P1/pP6/P4r2/8 b - - 0 48	f2h2	681	0p13141b1m
Sg2Uo	8/2k5/K3R3/1P6/P2r4/8/8/8 b - - 2 77	d4a4	681	0p13141b1m
UimXs	rn3rk1/ppp1qb1p/3b1p2/3p3Q/3P4/2PB4/PP3PPP/RN3RK1 w - - 0 14	h5h7	681	0y13141b1c
UsJ4L	5k2/5pp1/p4r1p/1p6/1P3Q2/6P1/P1q2P1P/4R1K1 w - - 0 34	f4b8 c2c8 b8c8	681	0p13151o
Uydnv	3q2k1/5ppp/p5r1/1pN1R3/5nb1/8/PP3P2/4RK2 w - - 0 35	e5e8 d8e8 e1e8	681	060s1315191o
VTMmv	rn3rk1/pp3ppp/8/3N1q2/5P2/4BN2/PP1R1KPP/R7 w - - 2 17	d5e7 g8h8 e7f5	681	0g0s191o
Y9P2g	5K2/2Q2p1k/1N5p/8/8/8/3r4/q7 w - - 4 58	c7f7 a1g7 f7g7	681	0p13151o
ZcBay	3q3k/6R1/pnr2p1B/1p3P2/6P1/Pp3r1P/2P3K1/3R4 w - - 0 34	d1d8	681	1314191b
Zv1Lz	5r1k/3R3p/4B1p1/1P6/1p6/1Pb5/2P2qPP/3Q3K b - - 6 38	f2f1 d1f1 f8f1	681	060p13151o
akrOQ	r4rk1/ppp2ppn/2nqp3/3p4/3P2b1/2P1PNP1/PPQN1PP1/R3K2R w KQ - 0 12	c2h7	681	0y1314191b
at1jm	6k1/p4ppp/2p5/8/2BqP3/P3rQP1/1r5P/6KR w - - 0 34	f3f7 g8h8 f7e8	681	060p13151o
ayIeu	8/6p1/8/k4KP1/1p5P/2B5/8/8 b - - 0 51	b4c3 f5g6 c3c2 g6g7 c2c1q	681	000g0p101h
brN8i	rbb3kr/1pq3pp/p1p5/2B1p2Q/4P3/8/PP3PPP/RN3RK1 w - - 4 17	h5e8	681	1314191b
c5XiG	8/1p2r3/p1p1pkrb/2P1Np2/P2P1P2/4P3/4K3/6R1 w - - 0 43	g1g6	681	0p0u1113141b
c9HKf	8/5ppk/7p/1N2p3/1N2P1P1/8/2r3PP/r2R1K2 b - - 2 30	a1d1	681	0p0t13141b
cNXP4	1kr3r1/5R2/p1q1pQ2/3p4/1p1P4/6P1/PPP2P2/1K5R b - - 4 29	c6c2 b1a1 c2c1 h1c1 c8c1	681	060p1013161n
d1k6k	8/1p6/2p4p/p5k1/P3pp2/8/1PPK1R2/8 b - - 1 45	e4e3 d2e2 e3f2	681	000g0p0s111m1o
duDQ5	4rRk1/p1p1P2p/6p1/2p5/3pb1P1/1P6/P1P1N1PP/6K1 b - - 2 24	e8f8 e7f8b g8f8	681	010p1o
fkzGl	8/8/5p1p/2b4k/5P2/6K1/B7/8 w - - 0 57	a2f7	681	080p1113141b
fz6nU	8/8/2p5/p1k3p1/P3KrRp/7P/2P3P1/8 w - - 9 49	g4f4 g5f4 e4f4	681	0g0p11121m1o
h2cQu	7r/k4pp1/p7/1pN5/1P1p3p/5BnP/P2R2PK/8 b - - 4 28	g3f1 h2g1 f1d2	681	0g0p0s111o
hcvjI	1r3k2/2p2p1R/p2p4/8/1p2Pp2/5n2/PPP2PP1/2K5 w - - 0 26	h7h8 f8e7 h8b8	681	010p1o1p
hmgl8	5rk1/ppp2ppp/8/2b1P3/1NB2Pb1/5N2/PPP4P/3R3K b - - 0 17	g4f3	681	0l0t0y1314191b
iJEeV	r7/7k/p2R3p/1p6/4Nn2/P6b/1PP4P/2K3R1 b - - 3 27	f4e2 c1d2 e2g1	681	010p0s111o
iQdg0	1r2kb1r/1b1p1ppp/p3P3/1p1Q4/5q2/P4B2/1PP2PPP/R3K2R w KQk - 0 16	d5d7	681	1314191b
ict1i	4r1k1/p4n1p/1pQRbBp1/8/5Pq1/8/PP4PP/6K1 w - - 2 30	c6e8	681	0t111314191b
jVjj5	4k3/R4p2/2p4r/6B1/4P3/6pP/PrP1R1P1/7K b - - 1 29	b2b1 g5c1 b1c1 e2e1 c1e1	681	0p101316
jc8ID	5k2/q5pp/5r2/7Q/5P2/6P1/Pb4KP/4R3 w - - 8 32	e1e8	681	0p1113141b
kjdYX	8/8/5k1p/5p1K/1r1pnN2/5RP1/5P1P/8 w - - 0 40	f4d5 f6e6 d5b4	681	0g0p0s111o
l4RnT	r2q1r2/2p1bpk1/ppnp3p/4p1n1/P1N1P3/2PP2P1/1P2NP1Q/R1B2RK1 b - - 0 16	g5f3 g1h1 f3h2	681	0g0s191o
l7uYe	6k1/p1q2pp1/1pn4p/1B3Q2/5n2/2P4P/P2r1PP1/4R1K1 w - - 0 25	e1e8	681	1314191b
lE8t4	r5k1/6pp/1p6/3Rqp2/1P6/p7/Q1B2PPP/6K1 b - - 0 29	e5e1	681	0p13141b
lK1Ys	8/p1b4p/2Qq2pk/3P4/8/7P/PP4P1/3R3K b - - 2 30	d6h2	681	0p13141b
lt73A	r2q1rk1/5ppp/pp2p3/2p1P3/P1P5/2NPbB2/1P2Q1PK/R4R2 b - - 0 20	d8h4	681	1314191b
mJLQl	1r4k1/5ppp/4p3/p1P5/7P/P1PrR3/1P1p3Q/K2N1q2 w - - 6 38	h2b8 d3d8 b8d8	681	060p0t13151o
r9lSr	r3k2r/2pp1p2/1p3q1p/p3p3/3bP3/3Q4/PP3PPP/R1BBK2R b KQkq - 0 16	f6f2	681	041314191b
rA4VJ	3k4/6R1/4K2p/1Np5/p7/5r2/8/8 w - - 0 49	g7g8 f3f8 g8f8	681	0p13151o
rYy8c	r3k1nr/ppp1qppp/8/4n3/2Pp1B2/5PPB/PP1Q1P1P/R4RK1 b kq - 0 11	e5f3 g1h1 f3d2	681	010s191o
sYrOv	3r1k2/pp3p2/2n3p1/4q1N1/8/5Q2/P4PPP/5BK1 w - - 2 31	f3f7	681	0p13141b
tO3Xp	r2qk2r/1p3ppp/p4b2/7Q/2Bp4/3P4/PPP2PPP/R1B3K1 w kq - 0 15	h5f7	681	04111314191b
uNA3X	5rk1/1R3pbp/6p1/8/1P6/2n2N1P/5PP1/2B3K1 b - - 0 34	c3e2 g1f1 e2c1	681	010p0s1o
uTTLo	2rqk2r/p2b1ppp/8/2nQP1b1/4P3/2N5/PP4PP/R1B2RK1 w k - 0 17	d5f7	681	041314191b
vE44l	8/8/5Q2/8/6P1/p6K/1kq5/8 b - - 2 65	c2c3 f6c3 b2c3	681	0g0p111i1o1r
w0ceT	6r1/kp6/pb6/3b1p2/5Q2/8/PP4PP/2R1R2K b - - 0 37	d5g2	681	0p13141b
wLs2j	8/8/pp2rk1p/3Rb1p1/2P1R1P1/5p1P/P4P2/4K3 b - - 1 39	e5c3 e1f1 e6e4	681	010j0p111o
xLvDn	8/6pk/p1p4p/1p2q3/4P3/1P3Q2/2P3PP/7K b - - 3 31	e5a1 f3d1 a1d1	681	060p13151i1o
yOxSW	1R6/5ppk/2P4p/8/8/1K1P2P1/8/7r b - - 0 32	h1b1 b3c4 b1b8	681	0g0p1m1o1p
z5Nir	2q3k1/5ppp/1p6/p7/Pn1Pr3/1P2P2P/5QP1/5RK1 w - - 0 26	f2f7 g8h8 f7f8 c8f8 f1f8	681	060p101316
zjFcX	8/8/1R6/K1k5/8/7r/8/8 b - - 19 71	h3a3	681	0p1113141b1m
0p961	3r1kr1/p1p2p2/1pq1pR2/8/3P4/2P1Q2P/P1P3P1/4R1K1 b - - 0 28	c6g2	682	0p13141b
1Rp4u	r3qrk1/3b1pp1/p3p2p/1p6/3P4/4P1N1/2Q2PPP/1Bb2RK1 w - - 0 19	c2h7	682	1314191b
1otAS	1k6/pbp1b3/Bp6/3pPp2/QP3P2/P7/1K1N2r1/6q1 w - - 0 32	a4e8 e7d8 e8d8 b7c8 d8c8	682	0s10131619
2sdzD	6k1/1R2rppp/8/8/8/8/3r2PP/6K1 w - - 0 32	b7b8 d2d8 b8d8 e7e8 d8e8	682	060p1013161m
3J8iQ	5r1k/6pp/p4q2/1p6/4Nr2/P6P/4Q1P1/R4R1K b - - 5 29	f4f1 e2f1 f6f1 a1f1 f8f1	682	0g1019
3gSAk	rn1r2k1/p3qppp/1p2p3/2p5/3P4/2P2P2/P1Q1b1PP/1BR2RK1 w - - 0 16	c2h7 g8f8 h7h8	682	0y1315191o
3zzv5	r2qkb1r/pp1npppp/2p2n2/5b2/2BP1B2/1Q2P3/PP3PPP/RN2K1NR w KQkq - 3 7	c4f7	682	0413141b1c
6FdjD	8/k7/6K1/1p2q3/3Q2P1/2P5/8/8 b - - 1 60	e5d4 c3d4 b5b4 g4g5 b4b3 g6f7 b3b2 g5g6 b2b1q	682	000g0p1h1i1l1w
6WA4K	1r3k2/p1p4p/8/4p1r1/4P3/2N2n2/PP2QP1R/6RK b - - 0 25	g5g1	682	031314191b
8Oofo	b5k1/5pp1/7p/1pQqN3/3P4/2P4P/1P4P1/6K1 b - - 0 28	d5g2	682	0p13141b
AEQfP	k7/p7/1p2N3/3r2p1/2n5/8/6PP/4R1K1 w - - 4 40	e6c7 a8b7 c7d5	682	010p0s1o
ASjrQ	r6k/pbpQ2pp/1p1pp3/8/3Pq3/2P4P/P1P3PN/R4RK1 b - - 0 18	e4g2	682	0y1314191b
B9zWn	8/1n1N1k2/2r4p/2P3p1/3K4/6P1/7P/8 w - - 3 50	d7e5 f7e6 e5c6	682	010p0s111o
CC1gu	3r1rk1/1p1b1pbp/p3p3/5q2/2Pp2Q1/1P4R1/P3BPPP/5RK1 w - - 4 22	g4g7	682	0y1314191b
CRYuX	k3r3/bpB5/2N5/3p4/4r3/8/1PK5/R7 w - - 1 41	a1a7	682	030p13141b
DYyle	rbb1k1nr/pp3ppp/2n5/1N5q/3N4/8/PP2BPPP/R1BQ1RK1 b kq - 0 11	h5h2	682	0y13141b1c
E0rMZ	8/8/6Rp/1P1k1p2/P4P1P/5PK1/8/r7 b - - 0 58	a1g1 g3f2 g1g6	682	0g0p1m1o1p
E83Fh	r2qkb1r/p2nppp1/7p/4N3/2QP1n2/2N1P3/5PPP/R3K2R w KQkq - 0 15	c4f7	682	041314191b
EOfM1	8/4b3/1k3p2/pp2p2p/1P2P3/P1KBNP1b/8/8 w - - 0 41	e3d5 b6a6 d5e7	682	010p0s1o
F4xxp	2r1r1k1/p4p1p/8/2p5/3bb3/Q4pPN/PP1P3P/R1B2R1K b - - 0 26	f3f2 a3f3 e4f3	682	000j0k0y1315191o
FIq9g	r2k3r/p5p1/4p2p/p2b2pB/3N4/3Q4/Pq4PP/4RRK1 b - - 0 25	b2g2	682	0y1314191b
GKs53	r1bk3r/pppNq1pp/3n1p2/7Q/1b1p1B2/3B4/PPP2PPP/RN3K1R b - - 0 12	e7e1	682	13141b1c
H4pau	6k1/pp3ppp/8/4np2/8/4q3/PP4PP/RNQ4K b - - 0 23	e3c1	682	060p0t13141b
H9BMA	1R6/6k1/1P4p1/5p2/5P1K/6P1/1r6/8 b - - 6 45	b2h2 h4g5 h2h5	682	0p13151m1o
IDfUH	7k/8/3PB3/p7/3bPp2/5n2/P1r4N/5R1K b - - 0 42	c2h2	682	030p13141b
IDrqC	7k/6r1/2p2N2/2K5/7p/8/1rP1R3/8 w - - 2 39	e2e8 g7g8 e8g8	682	030p13151o
IVz7M	8/6k1/6p1/4P1Kp/3R1P1P/4r1P1/8/8 b - - 1 43	e3g3	682	0p13141b1m
IwADu	rnb1k2r/pp1pppbp/6p1/2q1P3/1P4n1/2P2N2/P2B1PPP/RN1QKB1R b KQkq - 0 8	c5f2	682	041314191b
KDuY7	3b2k1/pp5p/5p2/4qNp1/1P2P3/4BQ2/P4PPP/6K1 b - - 0 26	e5a1 e3c1 a1c1 f3d1 c1d1	682	060p101316
KETFf	1rb1k3/3p1p2/p3pq2/2Q5/2P1PP2/2NP4/P3B3/2KR4 b - - 0 22	f6c3	682	0t1314191b1k
KceU6	r4rk1/1b3p2/p3p1p1/1p5Q/1P1B1q2/3R3P/2P2PP1/4R1K1 w - - 0 26	h5h8	682	1314191b
Mv3Z6	1k6/1p1r3p/5b2/2Np4/PP3p1P/2P5/2K2nP1/8 w - - 0 41	c5d7 b8c7 d7f6	682	010p0s0t1o
NyVm5	r3k2r/pp3ppp/1q1pb3/8/2nQ2PP/P1N1P2B/1PP1P3/2KR3R b kq - 3 16	b6b2	682	1314191b1k
OVucw	8/8/R7/8/2P1p3/1P2k3/Pr6/4K3 b - - 3 47	b2b1	682	0p13141b1m
OiHC9	2kr4/ppp2pp1/3P4/2b1P3/4qB2/6P1/P3P3/R2Q1K1R b - - 2 23	e4h1	682	0t1314191b
PiH5S	2k3r1/1p6/p1p1P2p/8/NP4r1/P4Q2/5b1P/3R3K b - - 0 30	g4g1 d1g1 g8g1	682	0p13151d1o
QMKAp	7k/6pp/1bq5/8/8/5r1P/3Q2P1/3R3K w - - 0 34	d2d8 b6d8 d1d8 c6e8 d8e8 f3f8 e8f8	682	060p13171n1w
QV4n0	4n3/p4k2/5ppp/2BNn3/6P1/1P5P/P4K2/8 b - - 5 39	e5d3 f2e3 d3c5	682	0g0p0s111o
QxKrO	k7/pp6/8/3p4/5Q2/4B3/PP2KP2/6rq w - - 0 37	f4f8	682	0p111213141b
R14No	3r1k2/pp2ppb1/1n4p1/2p5/8/1bP1P1P1/PP3PP1/2KR3R w - - 0 19	d1d8	682	060p0t13141b
SkCXn	8/ppR2pk1/8/P7/4pq2/1B5P/KP6/8 w - - 0 44	c7f7 f4f7 b3f7	682	0g0p0s111o
TDcqh	8/1k4r1/3n1p1p/P1R1p3/B1p1P2P/2K1P3/8/8 b - - 0 69	d6e4 c3c4 e4c5	682	0g0p0s1o
UlIUa	8/8/5p2/5k1K/1R3P2/5r2/8/8 b - - 0 58	f3h3	682	0p13141b1m
UqqQN	8/8/5k2/3b1P2/p3pKB1/P1b1B3/8/8 b - - 1 48	c3e5	682	080p13141b
VKSbf	8/8/5p1p/4p1k1/8/2qp2NP/5PP1/3K4 w - - 0 52	g3e4 g5f4 e4c3	682	0g0p0s1o
Vb0nz	r3k2r/pppqn1p1/3p4/4p1p1/1P2P3/P5PB/2P2P1K/R1BQ3R b kq - 0 18	d7h3 h2g1 h3h1	682	1315191o
VfMnh	5k2/6R1/6K1/4P3/5r2/8/8/8 b - - 0 56	f4g4 g6f5 g4g7	682	0g0i0p1m1o1p
Vgjab	r4rk1/p4pp1/2Npb1qp/2p5/4PR2/2P3P1/P5BP/Q5K1 w - - 4 21	c6e7 g8h7 e7g6	682	010s191o
VkHII	2r1r2k/pp4pp/8/2pP4/P3P3/B4PP1/R1n3KP/3R4 b - - 2 30	c2e3 g2g1 e3d1	682	0g0p0s1o
VldBi	Qnk5/1ppr1p1p/3p1Bp1/3N2P1/4RP2/5q2/PPP5/1K1R4 b - - 0 27	f3d1	682	0t1314191b1k
Vmu23	7k/6p1/7p/6q1/7N/6Q1/6PP/2R4K b - - 4 48	g5c1 g3e1 c1e1	682	060p0t13151o
XARk1	1Q6/2rk4/2qNp3/b2nP3/3P4/1p6/5PPP/1R4K1 b - - 0 43	c6c1 b1c1 c7c1	682	061315191n1o
XIac1	3r2k1/p1Q2pp1/4p2p/3q4/1p6/1P2P3/P4PPP/2R3K1 b - - 2 25	d5d1 c1d1 d8d1	682	060p13151n1o
YL39S	1k6/pppr1p1p/4p3/2b2n2/3p1P2/3P1q2/PP1B1P1K/4R1R1 w - - 0 28	g1g8 c5f8 g8f8 d7d8 f8d8	682	0610131619
YYxwS	2r4k/p4p1p/1p2p2Q/3pq3/8/2P5/PP6/K6R w - - 0 30	h6h7	682	0p13141b
akUF5	2rr4/1R4pk/p1nBp2p/2p1P2q/8/2P3Q1/P4PPP/3R2K1 b - - 0 26	h5d1	682	060t11121314191b
bFgPD	r3kbr1/pp3p1p/3p4/2p2P2/3p2n1/3P4/PPP1N2P/R1BQ3K b q - 0 15	g4f2	682	0f1314191b
bYutw	5Q2/3R2pk/6pp/1p3r2/p7/P1p2P1P/6PK/2q5 w - - 4 38	f8g7	682	0p13141b
bsZQH	6k1/pp4pp/1q6/3pQp2/3P1P2/1P6/P5PP/2r2NK1 w - - 1 23	e5e8	682	0p13141b
cf83E	5k2/p4p2/6p1/4BpPp/5P2/rP3K2/8/8 w - - 1 37	e5d6 f8e8 d6a3	682	010p0s1o
d7T4i	2bQ1r1k/4R1pp/pp6/8/2pP2P1/P1P4P/2P4K/4q3 w - - 2 34	d8f8	682	0p0t13141b
dUo4i	2k4r/pbp2p1p/1p4p1/P7/1PqR4/2P5/2Q3PP/5R1K b - - 0 22	c4f1	682	0p0t13141b
dnSgZ	8/p1R5/1p1p4/3Pkpp1/1P6/P4PK1/5P2/4r3 w - - 0 35	c7e7 e5d5 e7e1	682	0g0p111m1o1p
dvh1W	r4rk1/ppp2pp1/2pb3p/6Nq/1P4b1/2PQ1NP1/P4P1P/R3R1K1 w - - 0 19	d3h7	682	1314191b
eiF2e	8/8/5qnk/8/2P2p2/3P1B2/PPK2N2/8 w - - 3 48	f2g4 h6g7 g4f6	682	0g0p0s111o
fORHH	8/p1p5/4R2p/kP6/P1P5/2K3bP/6r1/8 w - - 0 47	e6a6	682	0p1113141b
h5IuJ	3b4/8/7p/2k2pp1/2P2N2/3K3P/6P1/8 w - - 0 47	f4e6 c5d6 e6d8	682	0g0p0s1o
hZXVm	2r3k1/p4pp1/qp2b2p/2np2Q1/3B4/P5P1/1P2PPBP/2R3K1 w - - 0 25	g5g7	682	0y1314191b
i9pAh	2b2b1k/7p/1p3pr1/p2p1q1Q/3P1P1R/PP4P1/3B2PK/8 w - - 0 39	h5h7	682	0y111314191b
mwRSG	r3kb1r/1pp2ppp/p4n2/3qn3/3N4/1BP4b/PP3PPP/RNBQ1RK1 b kq - 3 10	d5g2	682	0y13141b1c
n7NTv	r3kb1r/ppp1qppp/2n3b1/3Q4/8/2P1B3/P2N1PPP/2KR1BNR b kq - 0 11	e7a3	682	1113141b1c
nFgbJ	6k1/1p2rp1p/pNp3p1/2P5/1P3R2/P1n1PpP1/5P1P/6K1 b - - 2 30	c3e2 g1h1 e2f4	682	010p0s111o
ntyfA	r1b2rk1/pp2pp1p/2p3p1/3Pq3/6n1/1P1BP3/P2N1PPP/R2Q1RK1 b - - 1 13	e5h2	682	0y1314191b
oIV8h	1r3rk1/pbp2pp1/7p/5Q2/8/2qB4/P1P2PPP/R4RK1 w - - 0 18	f5h7	682	1314191b
oLmNh	4k3/1R6/3pB1p1/5PP1/4P2K/2r5/5n2/8 b - - 2 51	c3h3	682	0p111213141b
og19J	r1bqkb1r/2p2ppp/p2p1n2/1p5Q/3pP3/1B6/PPP2PPP/RNB1K2R w KQkq - 2 9	h5f7	682	041314191b
ot1R8	8/5pk1/4p3/4P2p/3K1Pnb/8/8/6Q1 b - - 7 74	h4f2 g1f2 g4f2	682	0g0p0s1o
otDSZ	8/8/5k2/2N5/7p/8/5rPK/8 w - - 0 58	c5e4 f6e5 e4f2	682	0g0p0s1o
ql6xr	8/5R2/2k1pBp1/b3K1Pp/3P1P2/8/P7/7r b - - 2 55	h1e1	682	0p1113141b
r7Vth	r2r4/1p3kpp/pb3p2/3p4/B5b1/1NP2P2/PP2N2P/3RRK2 b - - 0 22	g4h3	682	0a1314191b
rGbFT	r4k2/pp3p2/2p2p2/5Pp1/2nPr3/2P1B2Q/1P2RP1P/qBK5 w - - 3 26	h3h8 f8e7 h8a8	682	01191o1p
rPr3Y	3r2k1/p4ppp/5b2/2pQ4/3p1N2/8/PqP2PPP/4R1K1 w - - 1 20	d5d8 f6d8 e1e8	682	060p13151n1o
rde2m	1r4k1/1q4p1/p6p/4RP1P/2p5/2Q5/PrP5/K5R1 b - - 3 33	b2b1 g1b1 b7b1	682	0p13151o
sWcWa	5r2/1p6/2kB4/2P5/3P2Q1/1P6/2Rn2PP/6K1 b - - 0 38	f8f1	682	0p13141b
sXhhR	4R3/8/8/1Kp5/1p2n3/2k5/P1P5/8 b - - 13 47	e4d6 b5a4 d6e8	682	0g0p0s111o
skwQv	r3k1nr/p1pbq1pp/2pb1p2/Q3p1P1/2PpN3/3P4/PP2PP1P/R1B1K1NR b KQkq - 5 10	d6b4 a5b4 e7b4	682	0g0s191o
tIrKX	8/6p1/pkp2p1p/4pP2/3nP3/6R1/PP4PP/6K1 b - - 1 31	d4e2 g1f2 e2g3	682	010p0s1o
tSX0Q	4r1k1/p4pp1/2pbqn1p/1p6/2nP4/1PN2N1P/P1Q2PP1/R1B3K1 b - - 0 21	e6e1 f3e1 e8e1	682	0y1315191f1n1o
tp2Tj	8/8/1pq2k2/8/8/5QP1/6PP/7K b - - 7 43	c6f3 g2f3 b6b5 h1g1 b5b4 g1f2 b4b3 f2e3 b3b2	682	000g0p1i1l1w
uP39G	6k1/8/p4r2/3b4/7R/6P1/PP5P/2r1R1K1 b - - 2 36	c1e1	682	0p0t13141b1f
usNP0	6k1/1p3bp1/2p1q3/2P1BpQp/p2P4/8/r4PP1/4R1K1 w - - 0 36	g5g7	682	0p13141b
utoxY	8/pp3rk1/6p1/3QP2p/P2P2q1/5p2/2P3PP/5RK1 b - - 1 32	g4g2	682	0p13141b
vKqwh	8/1b3pp1/4k2p/P1Pp4/8/2K3P1/5PBP/8 b - - 8 39	d5d4 c3d4 b7g2	682	01080j0p1o
vlVZQ	4Q3/5p2/3p2pk/2pP4/5PP1/1Pp3K1/P7/1q6 w - - 0 39	e8h8	682	0p13141b1i
yAjHK	6k1/pp3ppp/5qb1/3Rr3/2r1p3/7P/PP3PP1/3R2K1 w - - 0 25	d5d8 f6d8 d1d8 e5e8 d8e8	682	060p101316
0XL5E	2r2Nk1/3nq2p/p5pQ/5p2/2Pp4/P6R/5RPP/7K b - - 0 33	e7e1 f2f1 e1f1	683	0s1315191o
0apGL	4r3/p1p3kp/8/1p3R2/2pN4/8/PPp1rPPP/2R2K2 b - - 1 27	e2e1 c1e1 e8e1 f1e1 c2c1q	683	0p
11C70	5k2/1p5P/2p1KP2/2P5/8/8/8/q7 w - - 0 54	h7h8q	683	000p1113141b1h1i
1fscm	4rrk1/5pbp/2pPq1p1/p1Q3B1/1P4n1/P1NR3P/5PP1/R5K1 b - - 0 24	e6e1 a1e1 e8e1	683	0y1315191n1o
1q6vx	4r1k1/B2b2pp/2r1pn2/1B3p2/8/P7/5PPP/2R1R1K1 b - - 2 28	c6c1 e1c1 d7b5	683	010j11191o
1ywAz	5rk1/5p1p/4q1p1/8/6Q1/1P4PK/5R1P/8 w - - 8 50	g4e6 f7e6 f2f8	683	0g0p111o
3ICMd	3r1rk1/ppp3pp/4b3/2q1p3/2B1P3/1P6/P1QN1PPP/3RK2R b K - 0 18	c5f2	683	041314191b
41TWT	2r3k1/p1P5/5n2/2P2N2/8/8/P2K2P1/8 w - - 1 39	f5e7 g8f8 e7c8	683	0g0p0s1o
4RE1q	1r3k2/6pb/2B1P2p/p1N5/2P2K2/1P6/8/8 w - - 1 41	c5d7 f8e7 d7b8	683	010p0s1o
4taaB	4Q3/1pq2rkp/p3R1p1/3p4/3P4/2P4P/P5P1/7K b - - 2 32	f7f1	683	0p13141b
5ITPO	2r4k/pb5p/4pp1r/1Qp5/4pPR1/1NP1Pn1N/PP4R1/7K b - - 0 30	h6h3 g2h2 h3h2	683	030y111315191o
5LVlE	4r1k1/pp3pbp/4qnp1/2p5/2P5/1P3N1P/P1QRrPPB/3R2K1 b - - 7 25	e2e1 f3e1 e6e1 d1e1 e8e1	683	06101316191n
5Lx0P	4r1k1/5Bp1/2n5/4qP2/4r2p/3pQ3/P4PPP/3RR1K1 b - - 0 29	g8f7 e3e4 e5e4 e1e4 e8e4	683	010t1019
5ja6B	q5k1/5pp1/7r/3RPP2/r3P3/3R1Q1p/5b1P/7K w - - 0 42	d5d8 a8d8 d3d8	683	010s191o
5lFNY	r2q1rk1/p4p2/b4Qp1/2pp1n2/4p3/2NP3R/PP4PP/R6K w - - 4 22	h3h8	683	0x1314191b
6L5hG	5rk1/3N2pp/5q2/Q2R1p2/2p1pB2/P3P3/5PPP/6K1 b - - 0 27	f6a1 d5d1 a1d1 a5e1 d1e1	683	0p0s101316
6sAzp	3r1rk1/pp3pp1/q6p/4N3/P3P1B1/8/1PQ3PP/5R1K b - - 0 23	a6f1	683	0t1314191b
7h31H	6k1/2b2ppp/p1q4r/2p5/2P5/7Q/PB1P1PP1/3R1K2 w - - 6 33	h3c8 c7d8 c8d8 c6e8 d8e8	683	0p101316
7ibjh	4q3/ppp2r1k/3p1P2/3P1R1r/3P4/2P5/P6P/6RK w - - 0 45	f5h5	683	0p13141b1j
8UkPQ	rq4k1/1b1p1R1r/p2Np3/1pBnP1p1/7Q/8/PP4P1/2R4K w - - 0 29	h4h7	683	0y1314191b1u
8W1pD	2R5/R6p/5ppk/8/3P2n1/5N2/Pr4PP/6K1 b - - 0 30	b2b1 c8c1 b1c1 f3e1 c1e1	683	0p101316
Ag4NP	4r1k1/3brpp1/1qp2b1p/3p1Q2/8/P1PB4/1PK2PPP/7R w - - 6 25	f5h7 g8f8 h7h8	683	0y1315191o
BCbsW	6k1/3rBp2/3P2p1/3b3p/2pR3P/6P1/3R1P1K/r7 b - - 10 49	a1h1	683	0p13141b1d
BW6RQ	6k1/8/5pp1/2p5/N7/Pp3P1P/6r1/KR6 b - - 0 40	g2a2	683	0p13141b
Bm1LL	r3k2r/ppq2p2/2n1pp2/3p4/3P2B1/1PP5/P2N1PP1/RN1Q1RK1 b kq - 0 16	c7h2	683	1314191b
BsLCL	2R5/4rkp1/3b4/p4n1p/P7/5P1P/2Q3P1/5KBq w - - 10 43	c2f5	683	0q0t111314191b
D9uBh	8/5k1p/1n2b1p1/1B3pP1/5K1P/2B2P2/8/8 b - - 4 57	b6d5 f4e5 d5c3	683	010p0s1o
DJ0Wr	8/ppQ2ppk/2p4p/3p4/3P3q/2R1Bb2/PP3P2/4K3 b - - 1 29	h4h1 e1d2 h1d1	683	0p13151o1s
E6Rrz	8/1p6/2b5/8/2P3NB/P4k1P/1b2p3/4K3 b - - 1 59	b2c3	683	0p1113141b
FnC0m	4b2r/p3k1pp/R4p2/1p3B2/2p5/2Pn4/PP4PP/3R3K b - - 1 32	d3f2 h1g1 f2d1	683	010p0s111o
G5GCj	2rr4/3qbp1k/4p2B/n2pP3/Pp6/1np3QP/R4PP1/1N3RK1 w - - 3 25	g3g7	683	1314191b
G5yvK	r3kb1q/ppp1pp1p/8/3N1p2/8/4B3/P4PPP/n2R2K1 w q - 0 17	d5c7	683	0f1314191b
HICsA	8/5kp1/1p1bp3/p7/3P4/PPn2NP1/5P1P/2B3K1 b - - 6 33	c3e2 g1f1 e2c1	683	010p0s1o
HLkye	r4rk1/2RR1p1p/p4p2/q1N5/8/1P2PQ2/1b3PPP/6K1 b - - 3 24	a5e1	683	1314191b
ILT55	8/p3k3/1p5p/3P1Kp1/1Pn3P1/7P/2B5/8 b - - 5 38	c4e3 f5g6 e3c2	683	0g0p0s1o
IUEbG	8/1k6/3p4/1PpP1K2/2P2p2/1P3n2/2B5/8 b - - 1 42	f3d4 f5g4 d4c2	683	0g0p0s1o
IYXWI	3r2k1/1p3ppp/4p3/r3P3/2K5/1p1BP3/1P3PPP/3R4 w - - 0 25	d3h7 g8h7 d1d8	683	010j0p1o
IloJQ	8/R4pk1/p7/1p6/8/1Nn5/5rPP/K5R1 b - - 5 29	f2a2	683	030p13141b
IuM6H	2r3k1/6bp/8/pp1Np3/6K1/2P3P1/3R1P1P/8 w - - 0 37	d5e7 g8f8 e7c8	683	0g0p0s111o
JDGSZ	r3br1k/1p6/p1p1p1R1/3pPp1q/P1PP4/2NB4/1P2QP1P/7K w - - 0 29	e2h5	683	0t0y1314191b
JaZyq	r1bqr1kb/2pnn2p/p2ppppB/1p5P/2BPP1P1/2N2P2/PPPQ4/2KR2NR w - - 0 13	c4e6	683	0a0y1314191b
KoZVu	rn1qr1k1/pp3R1p/2p1p1p1/3n2b1/3P3Q/2NB4/PPP3PP/R5K1 w - - 0 15	h4h7	683	0y1314191b1u
LVbC6	r2q2k1/pp6/7p/2p1nPp1/3p4/3P2PP/PPPQ2N1/R5K1 b - - 0 22	e5f3 g1f2 f3d2	683	0g0p0s1o
Mi5dr	rq4k1/3n1ppp/b3p3/7r/2N3n1/1PB1P2P/2Q1BPP1/R4RK1 b - - 2 22	b8h2	683	1314191b
Mv8df	6k1/1p1r3p/6p1/5p2/P1P1N3/5P1P/3p2P1/2bR1K2 w - - 0 34	e4f6 g8g7 f6d7	683	0g0p0s1o
N2ukl	6k1/1p3p1p/p1b1pp2/2b5/P7/1P2PP2/6PP/RB1r1NK1 w - - 5 24	b1h7 g8h7 a1d1	683	010j0p1o
N7fIf	5r2/1p6/p2N2kp/2bpn3/6p1/2Q5/PPP3PP/5R1K b - - 0 28	f8f1	683	060p0t13141b
NkWFb	r3r1k1/1bq1bppp/p1p1p3/1p5P/1PPPQn2/P4N2/5PP1/RB2R1K1 w - - 1 21	e4h7 g8f8 h7h8	683	0y1315191o
OMkLl	r4rk1/pp5p/2p1q1pB/4p3/5Q2/P7/1P4PP/5R1K w - - 0 30	f4f8 a8f8 f1f8	683	0p13151d1o
PCeth	6k1/pN3pp1/2n3r1/5P1q/2P5/5PPB/4P3/Q5RK b - - 2 29	h5h3	683	0t1314191b
PQkup	6R1/8/2kp1b2/8/4n3/7K/3p4/3R4 b - - 1 60	e4f2 h3g2 f2d1	683	0g0p0s111o
PXbQO	r2q1b1r/1ppk1Bp1/p1np1n1p/4p3/3PP3/1QP2b2/PP3PPP/RNB1R1K1 w - - 1 10	b3e6	683	1314191b
Pff7h	r1bqk2r/1p3pp1/p1np3p/2p1p2Q/P1B1n2b/2PP3P/1P3PP1/RNB2RK1 w kq - 0 11	h5f7	683	0413141b1c
PqtF6	8/8/K7/R2pk3/r7/8/PP6/8 b - - 3 57	a4a5 a6a5 d5d4	683	0g0h0p1m1o
QWm6f	8/7p/5k2/4pP2/6PP/7r/1R2K3/8 b - - 0 60	h3h2 e2e3 h2b2	683	0g0p1m1o1p
RDr6e	6k1/7p/2Q5/4r3/K1P5/1P4P1/P1Nq3P/8 b - - 2 37	e5a5	683	0p13141b
TaDyS	1nk1rb1r/1pp3pp/4p3/6P1/QPPnbPB1/6R1/P2B3P/5K2 w - - 1 25	a4e8	683	0t1314191b
Tei0m	8/4R2p/8/k7/5P2/5rBb/7P/6K1 b - - 1 39	f3f1	683	0p13141b1d
Uq6sm	4r1k1/2q2pPp/p1p3n1/2p1P2N/2Pp4/1P1P3b/PB4rP/1R2R2K w - - 2 30	h5f6 g8g7 f6e8 g7h8 e8c7	683	010s1019
VDBws	r3r1k1/pR6/1p2n2p/8/3P2q1/3Q4/PP4PP/5RK1 w - - 0 27	d3h7	683	111314191b
VMfGb	4kn2/R7/1p3p1Q/5p2/3r4/1P6/1Pr3PP/5K2 b - - 0 35	d4d1	683	0p1113141b
VO1fb	6k1/1pQ2p2/p1n3pp/8/5Pq1/1PP5/2P2BPP/6K1 b - - 0 29	g4d1 f2e1 d1e1	683	0p13151o
VOmk8	1k1r3r/pP3p2/5p2/N3p3/4P3/8/P3RPPP/6K1 w - - 1 30	a5c6 b8b7 c6d8	683	0g0p0s11121o
VSNr5	3rr1k1/1ppq2pp/4p3/2P2p2/4p3/R3P3/3BNPPP/1Q2K2R b K - 0 22	d7d2 e1f1 d2d1 b1d1 d8d1	683	0610131619
VdQTE	8/6k1/1p1b4/6pp/8/2N2QPq/PP3P1P/5R1K b - - 0 36	h3f1	683	0p0t13141b
Vi5ix	r1b2r1k/6pp/pq2p3/1p6/3P3b/P3B3/1P4PP/1BR2RK1 w - - 0 23	f1f8	683	0t0y1314191b
VpkJt	8/8/3k3p/3P2p1/2n1K1P1/7P/8/5B2 b - - 9 65	c4d2 e4d3 d2f1	683	0g0p0s1o
VyZQp	8/1p2k2p/p3p3/2n1Kp2/2P2P2/8/1R4P1/8 b - - 7 43	c5d3 e5d4 d3b2	683	0g0p0s111o
W9gay	5rk1/1R3pp1/7p/4bN2/p7/4Q2P/5PPK/1q6 w - - 0 35	e3e5 b1f5 e5f5	683	0g0p0t1o
WZTU2	r3k2r/pb3ppp/1p2p3/1N6/3P2n1/P4PP1/BP6/R2Q3K b kq - 0 19	g4f2 h1g1 f2d1	683	010s191o
XoFGJ	7r/1p1P2k1/p4p2/2P2p2/1P3P2/P5pr/2R4N/6RK b - - 1 31	h3h2 c2h2 h8h2	683	0p13151o
Y67TJ	8/pp2k1p1/R5p1/4P3/3P4/7P/6PK/8 b - - 0 42	b7a6 h2g1 a6a5 g1f2 a5a4 f2e3 a4a3	683	0g0p1l1w
YQG9h	3r2k1/1p3pp1/n1p4p/4r3/1Bq1BP2/P5P1/4P2P/3R1RK1 w - - 0 23	d1d8 e5e8 d8e8	683	0t0y1315191f1o
ZEUEV	2k4r/ppp2pp1/7p/3nP3/8/2PP2B1/P1K3PP/3R4 b - - 2 22	d5e3 c2d2 e3d1	683	0g0p0s1o
ZKyiw	2kr3r/p2p3p/1pp2p1n/6p1/4P3/P1bB1PB1/1PP3PP/2K4R w - - 0 19	d3a6	683	0a1314191b
ZlcrJ	8/6k1/2K3q1/3P2Qp/8/8/8/8 w - - 4 60	g5g6 g7g6 d5d6	683	0g0p1i1o
Zzlcp	6k1/1q3r1p/p3pBpP/7r/2pN1Q2/2p3P1/P4P2/R3R1K1 b - - 8 32	b7h1	683	1314191b
aCQ7Y	8/8/8/4K3/8/5k1p/7P/8 b - - 3 61	f3g2 e5e4 g2h2 e4f3 h2g1	683	0g0p101e
aaXyk	8/1R5p/p4Npk/4nb2/7P/8/2r3BK/8 w - - 3 43	b7h7	683	0p13141b
bnlES	6k1/5ppp/p7/3n4/1p1q4/1P1B1P1P/P1Q2PK1/4r3 w - - 3 34	c2c8 e1e8 c8e8	683	0p13151o
cAtMv	4k2r/p2n2pp/3bpp2/1p1p4/3P4/1P3N2/PN3PPP/2R3K1 w k - 0 19	c1c8 e8e7 c8h8	683	010p1o1p
czlwW	3r2k1/5ppp/6b1/pN4P1/P2Q3P/3r1q2/KP1R4/6R1 w - - 0 34	d4d8 d3d8 d2d8	683	061315191o1y
d8e3E	3k4/p2bnp2/8/4N1rp/1p2P3/5P2/PPP1N3/3K1B2 w - - 0 28	e5f7 d8c7 f7g5	683	010p0s111o
eIpxd	k7/pp6/2p5/1r3P2/3P2B1/KP1n3P/8/5R2 b - - 2 39	b5a5	683	020p13141b
ejqLN	r1b3k1/pp2Bpbp/6p1/1QPP4/8/6p1/P5PP/4qB1K w - - 0 28	b5e8 g7f8 e8f8	683	0y1315191o
fZ2z8	k2r1b1r/p2npppp/2q2n2/8/Q2P1B2/6P1/PP3P1P/R4RK1 w - - 0 18	a4c6	683	0t1314191b1k
fqmbp	r1b2q1r/ppp1k1pp/1b1p4/nP2N3/4P3/1BP5/P2P1PPP/RNBQK2R b KQ - 2 10	f8f2	683	0413141b1c
gmD1K	3r1rk1/pp4pp/2n1q3/3p4/3P4/BPP5/P4QPP/5R1K w - - 0 25	f2f8 d8f8 f1f8	683	0y1315191d1o
h1KyP	8/R5b1/2p4p/5k2/8/1P6/P6P/6K1 b - - 0 39	g7d4 g1f1 d4a7	683	0g0p0s1o
hUYVJ	3r2k1/5p1p/Rp4p1/2p5/2P2P2/1N3K2/5P2/8 b - - 4 35	d8d3 f3e4 d3b3	683	010p0s1o
haS1t	4Rn1k/ppp3R1/7p/5N2/8/3P4/2q3P1/5K2 w - - 3 45	e8f8	683	0p0t13141b
ixEkJ	2r5/r4p1p/4k1p1/p3P3/2pR1PPB/2K5/P6P/8 w - - 1 33	d4d6	683	0p13141b1f
jpSnm	r4rk1/1p4p1/pbb1pp2/7q/3p1PRp/3P3P/PP4PN/R1BQ2K1 w - - 2 23	g4g7 g8g7 d1h5	683	010j0y191o
kBbqR	3r2k1/1p1r1pp1/7p/1Np5/8/P6P/1PPn1PP1/R2R2K1 b - - 0 23	d2f3 g2f3 d7d1 a1d1 d8d1	683	010j0p10
kTtgG	1r3k1r/p2Qppbp/b5p1/3RP3/2p2P2/1Pq3P1/P1P3BP/2K4R w - - 0 19	d7d8 b8d8 d5d8	683	061315191n1o
kue1Q	r4rk1/3n1ppp/2Rpp3/p2p4/8/Q5Pn/1P4BP/2R3NK b - - 0 25	h3f2	683	111314191b1q
luXwR	5r1k/p3Qp1p/1p2rp2/q7/2pP2R1/2P3P1/P4P1P/2R3K1 w - - 12 29	e7f8	683	0p0t0y13141b
lzdJs	1r3r2/3k1p1p/4p2P/2qp4/p5P1/P1Q5/B1PN4/K4R2 b - - 1 36	c5c3	683	0t1314191b
ncdmk	r4k2/5p2/8/7R/8/6PP/p4PK1/r7 w - - 0 48	h5h8 f8g7 h8a8	683	010p1m1o1p
oKjK2	3r3k/6p1/p3p3/np2PpN1/8/2R3P1/5P1P/6K1 w - - 0 35	g5f7 h8g8 f7d8	683	0g0p0s111o
ocWOv	8/5pk1/3b4/3p3p/3P4/2KBn1P1/5R1P/8 b - - 2 45	e3d1 c3d2 d1f2	683	010p0s1o
opzg1	r4rk1/p3b1p1/bp2pPQp/3pPp2/2qP4/2P4R/PPB4P/RNB3K1 b - - 0 18	c4f1	683	1314191b
p4mjs	4r3/pk4pp/1pnB4/3Q2PP/1P2q3/4PKP1/8/8 w - - 0 35	d5e4 e8e4 f3e4	683	010p1o
qatJT	r4rk1/p3B1pp/4p3/3p4/8/2q2Q2/6PP/5R1K w - - 0 24	f3f8 a8f8 f1f8	683	0p13151d1o
qbgY5	8/r7/4pk2/2Q1p3/1p6/5B2/4nPPK/4R3 b - - 4 41	a7h7 f3h5 h7h5	683	020p13151o
qtXul	2k1r2r/pbpn2q1/1p2N2n/P3Pp1p/2BP4/8/2P1QPPP/R1B2RK1 b - - 0 19	g7g2	683	0y1314191b
rvg6M	r7/4kp1p/r7/4P3/1pN5/1P1P1bP1/1R5P/1K2R3 b - - 6 34	a6a1 b1c2 a1e1	683	0g0p1o1p
sGhOx	3b4/R4pp1/6kp/4p3/8/5P1P/6P1/6K1 b - - 0 36	d8b6 g1f1 b6a7	683	0g0p0s1o
tMVxy	r1b1r1k1/pp3ppp/4p3/3p4/3P1P2/B1n1P2R/P1Q1BqPP/R6K w - - 0 19	c2h7	683	0y1314191b
tdUja	4r1k1/5ppp/Rb6/1Q6/1P1qP3/4rP2/6PP/4R1K1 w - - 0 28	b5e8	683	0t1314191b
uM1wM	8/4k1q1/p7/4p3/8/PP6/KP6/2R5 w - - 0 56	c1c7 e7e6 c7g7	683	0g0p1j1o1p
uSjcA	6r1/5p2/4k2p/4P3/2N5/8/1R5P/2r2B1K b - - 0 50	c1f1	683	0p0t13141b
uo1RE	6k1/3r4/1p5p/3N2p1/8/P2P4/1PP2K2/8 w - - 3 37	d5f6 g8f7 f6d7	683	0g0p0s1o
v9AK8	r4rk1/2p2ppp/8/p2p2q1/1b1B4/1P2Pp1b/P1QP1RP1/RB4K1 w - - 0 19	c2h7	683	0y1314191b
wNum3	1q5k/6pp/8/4Q3/5n2/3P3P/6PK/8 w - - 2 41	e5b8	683	060p0t13141b
wxMsr	r3r2k/ppp2Bp1/1B3n1p/4q3/6b1/1QN5/PP3PPP/3RR1K1 b - - 0 18	e5e1 d1e1 e8e1	683	061315191o
xL9ip	4kb2/8/4KP2/B1p3p1/p1Pp2P1/P7/4p3/8 w - - 0 64	f6f7	683	00080p13141b
xb9L4	3rk3/1bR2ppQ/p3q3/4p3/3p4/6P1/7P/6K1 w - - 0 31	h7h8	683	0p13141b
y20Zc	4r3/pk4p1/1pprp1Pp/3n1p2/1P6/P1q2Q1P/8/K2RR3 w - - 1 38	f3c3 d5c3 d1d6	683	01191o
yEORP	8/8/2R1bpk1/8/5P2/5K2/8/8 b - - 6 61	e6d5 f3f2 d5c6	683	0g0p0s1o
yt9Yz	rn3rk1/pbpp2pp/1p4q1/2P1Pp1n/2pN1P2/3B4/P3N1PP/R1BQ1RK1 b - - 0 15	g6g2	683	0y1314191b
yuMzK	3r3k/4R1p1/pR5p/5B2/8/6P1/r6P/7K b - - 0 38	d8d1 e7e1 d1e1	683	0p13151o
yw6id	2r2k1r/1p4p1/p3pn2/3p4/B3p2p/4P2P/PP4P1/2R3K1 w - - 0 26	c1c8 f8e7 c8h8	683	0g0p1o1p
z1qHB	4r1k1/pp1b1pPp/2pb4/3p4/7q/1PNP1Q1P/PBP3P1/r4R1K w - - 0 24	f3f7	683	0y1314191b
zi5Du	k1r5/pp3q2/5n1p/5Qp1/8/2P2PP1/1P1R2P1/rbK4R w - - 0 37	f5c8	683	0t1314191b1k
zrfNL	8/r4pk1/1b1p2p1/3Pp3/1R2P3/5QP1/r3BqK1/1R6 w - - 0 43	f3f2 b6f2 g2f2	683	011112191o
03Cnf	8/pR6/3k4/3Nn3/4P3/1KP5/8/4r3 b - - 0 46	e1b1 b3c2 b1b7	684	0g0p1o1p
04BWh	8/1pkn3Q/2pb4/p3q3/8/8/PPB2RPP/7K b - - 0 30	e5e1 f2f1 e1f1	684	0p0s13151o
134Yx	1Nk5/4p3/pK1n4/1p1r4/8/2p5/P1P5/5R2 w - - 12 42	f1f8 d6e8 f8e8 d5d8 e8d8	684	0g0p0r1011
1vFJl	r4rk1/pp3ppp/8/1N1p4/6n1/1PQ5/PB1N2Pq/R3bK2 w - - 0 18	c3g7	684	0y1314191b
2TSA2	r3kbnr/pb1p2pp/1pn1Pp2/2p5/5q2/3Q1N2/PPP2PPP/RN2KB1R w KQkq - 0 10	d3d7	684	13141b1c
36Kvj	r1b3rk/2p3pp/p1Pp3N/2b1p3/p7/2P5/PP3PPP/R4RK1 w - - 0 19	h6f7	684	1314191b1q
3hRRU	2K3k1/r5rp/3pR1p1/3P4/8/8/6PP/5R2 w - - 4 41	e6e8	684	0p13141b1m
3tCr3	r4rk1/5pp1/p1R2n1B/5P2/Pq1P4/5Q2/5PPP/4R1K1 b - - 0 26	b4e1	684	0t1314191b
4SZ8B	4r2k/R6p/1p2p3/p3P2Q/8/1P4PK/P1qp3P/8 w - - 0 41	h5e8	684	0p0t13141b
5YahJ	r1b2r1k/p4p2/2pQpb2/4q3/8/3B2RP/P1P2PP1/6K1 w - - 10 27	d6f8	684	0t1314191b
65bjs	rnbqkbnr/ppppp2p/5p2/6P1/4P3/7p/PPPP1P2/RNBQKBNR w KQkq - 0 5	d1h5	684	1113141b1c
6Tlyj	6k1/4Qp1p/5P2/P5n1/8/1P5P/5K2/3q4 w - - 1 48	e7e8	684	0p13141b
7Devx	8/1pR3pk/7p/1r6/p5P1/2P4P/P7/K1R2r2 b - - 2 45	f1c1	684	0p0t111213141b1m
7yZ3R	8/4k1qB/4p3/5p2/1P6/1KR2P2/2P5/8 w - - 2 53	c3c7 e7f6 c7g7	684	0g0p1o1p
8QQ6M	8/pb6/4k3/4p1pp/1PP2p2/1N1K1P1P/6P1/8 w - - 2 39	b3c5 e6f5 c5b7	684	0g0p0s1o
8TuRU	8/8/6pk/7p/P3RP1K/6P1/8/r7 b - - 6 48	a1h1	684	0p13141b1m
8klKE	r4k2/1pR3Rp/3p4/1P1b4/3P3P/8/1n3P1P/6K1 b - - 0 28	a8a1 c7c1 a1c1	684	0p1113151f1o
B884c	8/8/8/3K3R/1r3k2/8/8/8 b - - 0 38	b4b5 d5d6 b5h5	684	0g0p1m1o1p
Bm6Jm	r2q1bkr/p1p1n1pp/1pQ1pp2/8/8/1PN5/PBPP1PPP/2KR3R w - - 6 13	c6e6	684	0y1314191b
C1BpV	r5kr/ppp3pp/2nqN3/8/2Q3n1/8/PB3PPP/RN3RK1 b - - 0 16	d6h2	684	0y1314191b
CBZKn	6k1/Rp2rp2/2p5/5Pr1/7p/1PB5/8/5K2 w - - 1 40	a7a8 e7e8 a8e8 g8h7 e8h8	684	0p101316
CE1hl	3r4/2p1k1p1/pp2p2p/8/3NP3/2Pn3P/P5PK/1R6 w - - 0 26	d4c6 e7d6 c6d8	684	010p0s1o
CnPj6	3r1k2/pp2Npp1/8/5N2/8/7P/PP3PPb/2B2K2 b - - 4 29	d8d1 f1e2 d1c1	684	010p0s1o
Cszro	2N5/8/1p1p2kp/3rnpp1/8/6P1/1P5P/5RK1 w - - 0 36	c8e7 g6f7 e7d5	684	010p0s1o
Deo09	rnbq1b1r/ppp1k1pp/3p1n2/4p2Q/2BPP3/8/PPP2PPP/RNB1K2R w KQ - 1 7	h5f7	684	13141b1c1s
DlxPA	7k/1R4pp/p4b2/1p6/4q3/P3P2P/1P3PP1/3N2K1 w - - 0 24	b7b8 f6d8 b8d8 e4e8 d8e8	684	060p101316
Ey1TQ	3r1k2/pp5p/3p2p1/1Q6/1P2P2q/2P1bP1P/P5P1/1R1R1K2 b - - 0 30	h4f2	684	0p13141b
FCXPR	2n1r1k1/pp5p/2p3pq/3prB2/3N4/6Q1/PPP2PRP/1K4R1 b - - 1 27	e5e1 g1e1 e8e1	684	061315191o
FT0S2	r5k1/2q2ppp/2p3r1/P2p3N/1P1n4/2P2P2/4R1PP/4R1K1 w - - 0 32	e2e8 a8e8 e1e8	684	0y1315191o
HKX11	r4r2/p5k1/4p3/3p3Q/8/3R4/P4qPP/2R4K b - - 2 28	f2f1 c1f1 f8f1	684	060p13151n1o
I6v38	rn1q1rk1/4bppp/p1b1p3/4P3/P3Q3/2nB1N2/3B1PPP/1R3RK1 w - - 0 17	e4h7	684	0y1314191b
I8Akw	2kr1bnr/Qp3ppp/8/2p5/5B2/2P2b2/PP3P1P/RN1BK2R b KQ - 0 12	d8d1	684	13141b1c1d
IS6tm	rn2k2r/pb3ppp/1p2p3/4PqB1/7Q/P1P1p3/2P2P1P/2KR3R w kq - 0 17	d1d8	684	1314191b1d
J6Dqw	1r2nr1k/p1pb2pp/3p4/2p1q3/2Q1P3/2N3PP/PPP5/2K2R1R w - - 0 19	f1f8	684	060t1314191b
Ji6oy	2r2rk1/pp1n1pp1/1q2p2p/3p2N1/3P4/2P3P1/PPQ1NnP1/2KR3R w - - 0 16	c2h7	684	1314191b
LdVAE	5n1k/8/1ppq2pN/p2p4/5P2/1P6/P3B1PP/5R1K w - - 0 43	h6f7 h8g7 f7d6	684	0g0p0s1o
LdYSA	4R3/8/8/5Rp1/3p2Pr/3kb3/PP6/1K6 b - - 8 34	h4h1 f5f1 h1f1	684	0p13151o
MsGIt	r1bk1bBr/pppp1Qpp/2n2p2/8/8/3q1N2/PPp2PPP/RNB3KR w - - 2 11	f7f8	684	0t13141b1c
MuGn0	2r5/8/4p3/5p2/2k4P/6P1/2p1KP2/2R5 w - - 2 59	c1c2 c4d5 c2c8	684	0g0p1m1o1p
NMog9	r1b3k1/ppp1qppp/2n5/8/1b2Bp2/1P4Q1/PBP3PP/3K2NR w - - 0 15	g3g7	684	0y1314191b
NXEA7	3r3k/5Qpp/p2P4/2p3q1/2p5/8/Pr4PP/3R1RK1 w - - 0 23	f7f8 d8f8 f1f8	684	060p13151n1o
PLkMm	8/8/8/2k3p1/3pP1P1/2rK2P1/N7/8 w - - 1 67	a2c3 d4c3 d3c3	684	0g0p111o
QDEgT	r2q1rk1/p2p1ppp/1p2p3/2b5/2PnN3/1P4Q1/PB2BPPP/3R1RK1 b - - 0 15	d4e2 g1h1 e2g3	684	010s0t191o
QOuU3	rnbq1rk1/ppp2pp1/4p3/3p2b1/3P1P2/2P5/PPQ2P2/RN2K1NR w KQ - 0 13	c2h7	684	13141b1c
Qlo74	8/2r1b1p1/5kp1/5p2/2BK3P/6P1/R4P2/8 w - - 4 50	a2a6 e7d6 a6d6	684	0g0p111o
RVuov	r3k1nr/ppp2ppp/3p4/2b1p3/2B1PP1q/2NP1P1b/PPP1K2P/R1BQ3R b kq - 4 10	h4f2	684	13141b1c1s
ShDOQ	1r3rk1/2p1bppp/p3p3/1p2P3/3q3P/P2B1P2/1P3P2/R2QK2R w KQ - 0 18	d3h7 g8h7 d1d4	684	0g0j0y191o
SwUEY	6k1/5rpp/p7/6PP/P7/6q1/1P6/1K1R1R2 w - - 0 34	d1d8 f7f8 f1f8	684	0p13151j1o
T4mY3	r1b1k2r/pp2b1pp/2p5/3pQ3/B3pB1q/8/PPP3PP/RN2R1K1 b kq - 3 13	h4e1	684	0t0y1314191b
THymN	Q7/6p1/1p2N1pk/p4p2/2P5/7P/5qP1/4n2K w - - 2 55	a8h8	684	020p1113141b
TJDPL	8/8/8/4k1pp/5p2/5B1K/8/8 b - - 3 51	g5g4 h3g2 g4f3	684	080g0p0s1o
UGJNY	5rk1/2bN2p1/2p4r/Pp1bPnR1/2pP1QK1/P1B2p2/2P2P2/6R1 b - - 2 35	h6h4	684	1314191b
UH6SK	5k2/5pp1/2N4p/pp6/r4P2/P1n3P1/6BP/2R3K1 b - - 4 35	c3e2 g1f2 e2c1	684	010p0s1o
VYT1D	2r5/4b2p/8/3k1p2/P1N1pP2/1PB1K1P1/7P/8 w - - 0 37	c4b6 d5c6 b6c8	684	0g0p0s111o
XJOfc	8/1kp5/1pn1pB2/3pP3/1P1P4/5K2/2R5/8 b - - 0 44	c6d4 f3f4 d4c2	684	0g0p0s1o
XPoQo	1b2k3/1p3pp1/3P4/pP6/3p1B2/P2P1K2/7P/8 w - - 2 30	d6d7 e8d7 f4b8	684	00080g0j0p1o
ZJ4NH	6k1/5ppp/p2p4/1ppP2Q1/4qP2/1P3RKP/P5P1/7r w - - 11 31	g5d8 e4e8 d8e8	684	0p13151o
ZuKKc	2k3r1/1p4p1/2p2n1p/5N2/8/2P5/PPK3P1/6R1 w - - 2 36	f5e7 c8d8 e7g8	684	0g0p0s111o
bWjpN	r2q1rk1/1bpnnp2/p2pp2b/Pp4NP/3P4/1BP1P3/1P1N1PP1/RQ2K2R w KQ - 1 16	b1h7	684	1113141b1c
bc4ss	2r1k2r/p2n1pp1/1p2p2p/3n4/3P3B/P3PN2/3q1PPP/1RR3K1 w k - 0 19	c1c8	684	0t1314191b1f
be7Ie	1rb1r1k1/1p3p1p/p2p2p1/3P4/P1BbN3/7P/1P3PPB/4R1K1 w - - 0 22	e4f6 d4f6 e1e8	684	0g0j0y191o
dpNhO	3r3r/2pk1q2/Q1pPb3/6p1/4n3/8/PP2BBpP/3RR1K1 b - - 0 28	f7f2	684	0y1314191b
dz1za	6k1/4qppp/2Q5/8/2P5/5P2/P2R1KPP/1r6 b - - 2 29	e7e1	684	0n0p13141b
fTv2q	5k2/4pPnp/p1r5/2N5/1p4P1/1PbPB2P/q1P1R3/5R1K w - - 0 30	c5d7	684	111314191b
gLpL7	1r3r2/2p1Nppk/6p1/p7/P2R3q/1P2P3/2P5/5RK1 w - - 0 26	d4h4	684	020p1113141b
hOJZn	r3k2r/ppp2ppp/2nPb3/2b5/6n1/2PB1N2/PP4PP/RNBQ2RK b kq - 0 13	g4f2	684	1314191b1q
hQw8z	6k1/Qpp3qp/3p2p1/3Pb3/2P5/1P4P1/P5BP/6K1 b - - 0 28	e5d4 a7d4 g7d4	684	0p
iSbAQ	r3r2k/pp2N2p/3p1pp1/8/4P1qn/2Q5/PP3PPP/6RK w - - 0 23	c3f6	684	0y1314191b
j45TO	rn2kbQ1/ppp4p/6p1/3p4/8/5q2/PPPPB2P/RNBK3R b q - 1 11	f3h1 e2f1 h1f1	684	0t1315191o
jAtYH	r3r3/1p1bbp1k/2qp3B/p1p5/2P1P3/6QP/PP3PP1/R4RK1 w - - 0 20	g3g7	684	1314191b
jPI8T	rn1q1knr/pb2b1pp/1p3p2/2p1N2Q/2Pp4/1B1P4/PP3PPP/RNB2RK1 w - - 2 11	h5f7	684	13141b1c
kdiSC	5r2/3k3p/2n1ppr1/1BPp4/P3b3/2P2P2/1P5P/RN2R2K b - - 0 23	e4f3	684	0y1314191a1b
lNnP9	8/1p3kbp/p5p1/4P3/2p1p3/P1B5/1P2K1PP/8 w - - 2 31	e5e6 f7e6 c3g7	684	01080i0j0p1o
lSsvf	8/3B1p1k/2pp4/p2p4/8/1P5P/P1r2PK1/8 w - - 0 33	d7f5 h7g7 f5c2	684	0g0p0s1o
mTxis	5r1k/3q2pp/2r1p3/3p1n2/3P4/Q4P1P/P3R1P1/4R1K1 w - - 9 32	a3f8	684	0t1314191b
nJA0w	1r4k1/2p2p2/p4qpQ/3p4/2pP3P/r4P2/1P2RP2/1K2R3 w - - 0 30	e2e8 b8e8 e1e8	684	0p13151o
oVb3f	r1b4Q/ppp1k1p1/2nb1qB1/4p3/8/8/PPP2PPP/R4RK1 w - - 2 21	h8e8	684	1314191b1s
qTL8M	r4rk1/2pb1pb1/p1nppq2/6p1/1p1PQ3/1B3PB1/PPP1N1P1/2KR3R w - - 2 18	e4h7	684	1314191b
qWsQp	6r1/8/p3k1n1/1p1p2R1/3P1r2/P1P5/1P6/2K3R1 w - - 0 37	g5g6 g8g6 g1g6	684	010p1o
qpN5C	2bk1b1r/p1qp3p/2p1pN2/3n3Q/5P2/8/PrPB2PP/R3KB1R w KQ - 0 14	h5e8	684	1314191b
rk9bW	r3r1k1/pb2bpp1/3p1nq1/2p1P3/7p/2PB3P/PPQ2PPB/3RRNK1 b - - 0 23	g6g2	684	0y1314191b
sLcYY	r2q2k1/pp3pbp/3p2p1/2pN2r1/2B1P2Q/2P5/PP3PPP/R3R1K1 b - - 2 17	g5g2 g1g2 d8h4	684	010j0y191o
tWSlV	2rq1rk1/p2bbpp1/1pn1p2p/4P1N1/3P3P/4B1P1/P4PB1/1QR2RK1 w - - 0 19	b1h7	684	13141b1c
tmE1y	1B4k1/5p2/2N1n2p/1ppr4/5p2/1Pb4P/P1P2P2/5RK1 w - - 2 29	c6e7 g8f8 e7d5	684	0g0p0s1o
u0aLh	b2r1k2/p4pp1/4p2p/1p2P3/4qnNQ/7P/PP3PP1/5RK1 w - - 2 30	h4d8	684	0t111314191b
u3YGo	7k/p4p2/6pp/1B2b3/8/1P2P2P/P2rRPP1/6K1 b - - 3 28	d2d1 e2e1 d1e1	684	0g0p1o
u4a13	4r1k1/pp1r2pp/3p1p2/2p4Q/4P3/2P1R2P/qP1R2P1/6K1 w - - 0 28	h5e8	684	0p0t0y13141b
uhbq2	7r/1Q3pk1/5pp1/P6q/1P1P4/4P1P1/5P2/2R2K2 b - - 2 37	h5h1 b7h1 h8h1 f1e2 h1c1	684	010p101p
uvCF9	r4k1r/1pq2n2/p3pQ2/2PpBp2/1P6/P7/5PPP/2R2RK1 b - - 3 26	c7e5 f6e5 f7e5	684	01191o
uwJ8u	5rk1/p5Rp/2p2pp1/2p2q2/3p1Q2/1P5P/P4RK1/8 b - - 0 29	g8g7 f4f5 g6f5	684	010p0t1o
vgKzz	r5k1/1p2pp1p/1p4p1/2pp1n2/8/3P3P/4Q3/r2B1RNK b - - 3 27	f5g3 h1g2 g3e2	684	0g0s191o
vrxSL	r6k/ppp2rRp/n2p4/4p1QP/1P6/P7/5q2/K5R1 w - - 0 32	g7g8 a8g8 g5g8	684	1315191o
xoQcM	8/3N1k2/6p1/p1p2p2/P1r5/6PP/5PK1/8 w - - 0 41	d7e5 f7e6 e5c4	684	0g0p0s111o
xuTO6	3r1r1k/pppq1ppp/2n1B3/4p3/4Q1P1/P1P4P/1PP2P2/R1B1K2R b KQ - 0 14	d7d1	684	1314191b
yFNp0	8/8/1Rp5/P2p4/1rk5/8/1K6/8 w - - 0 69	b6b4 c4b4 a5a6 b4c5 a6a7	684	000g0p101m
zssOx	3q1kr1/p4p1p/1p2pQpP/1Nn5/8/6P1/PPP2P2/2K5 w - - 0 26	f6d8	684	0p0t13141b
0e0Nq	r4knr/1p1Qp1b1/p3P1pp/2q2p2/5P2/2N5/PP3P1P/2KR3R w - - 0 18	d7d8 a8d8 d1d8	685	1315191n1o
1THZe	6nk/r1p1p1bp/p6N/3n4/3P4/q3B3/PpP3PP/1K1R3R w - - 0 25	h6f7	685	111314191b1q
2bcg6	1r3rk1/p1p2ppp/2p2P2/3pP1q1/5Q2/7b/PPP3PP/RN3RK1 b - - 2 18	g5g2	685	0y111314191b
3nbQ7	5rk1/pp1bQ1pp/2p1p3/3pP3/2PPp1P1/4q3/PP2BR2/6K1 w - - 4 25	e7f8	685	0p0y13141b
3pRca	r5k1/1bp2ppp/p2b4/1p1Pr3/5B2/2N5/PPP2PPP/R3R1K1 b - - 9 18	e5e1 a1e1 d6f4	685	010j0y191o
4yAgq	r1bqkr2/pp1p1n2/2p3n1/8/4N3/1B3p2/PPP2PPP/R3R1K1 w q - 0 17	e4f6	685	0k0m0q1314191b
5GJaC	8/4kp1p/5N2/6P1/1r5P/5PK1/8/8 w - - 5 46	f6d5 e7f8 d5b4	685	0g0p0s1o
6uGNu	r3k2r/ppp2ppp/2n5/3p4/1N6/4PB1b/PBPP1PqP/RN1QKR2 b Qkq - 0 13	g2f1	685	1314191b
9hHFw	4r1k1/3q2n1/pp1p2Q1/2pP2B1/P1Pb4/2N2B1P/1P6/R6K b - - 0 31	d7h3	685	0y111314191b
9jroR	1q6/4rp1k/2R2Qp1/4r2p/8/5P1P/6P1/2R4K b - - 0 45	e5e1 c1e1 e7e1	685	0p13151o
A2ZQi	8/p1p5/1p1p4/k2Pn3/2P2R2/8/P4K2/8 b - - 0 49	e5d3 f2f3 d3f4	685	0g0p0s111o
ALc9L	2r3k1/p1q2ppp/2b1pb2/2r5/3NP1n1/2N5/PB1QBPPP/2R2RK1 b - - 11 19	c7h2	685	0y1314191b
BKLTK	r2r2k1/pb3ppp/1p2p3/3q4/1P1N1P2/P7/4B1PP/2RQ1RK1 b - - 0 17	d5g2	685	0y1314191b
Bs1Ki	7r/1p6/p1ppk3/4n3/2P1PQ1P/1P3P2/P4K2/8 b - - 1 42	e5d3 f2e3 d3f4	685	0g0p0s111o
C1b1s	6k1/5pb1/2p3p1/2p1p2p/1pP1P2P/1PQP2P1/5P1K/6N1 b - - 0 43	b4c3 g1e2 c3c2	685	00010p1o
CStjC	2k5/2pnB3/2Kp4/1P1PpP2/1P2P3/6P1/8/8 b - - 2 63	d7b8	685	0p13141b
Cr13n	2R5/8/2R3p1/1pPp2k1/2bP2p1/2P2pK1/P4P1P/4r3 b - - 0 35	e1g1	685	0p1113141b
D01Rw	r1b2r1k/pp4pp/8/b3n1qP/3P4/1BP5/PP1N2P1/R2Q1RK1 w - - 0 19	f1f8	685	060t1314191b
EKUYm	6k1/7p/6p1/3R2P1/3P2K1/7P/2n5/8 b - - 0 56	c2e3 g4f4 e3d5	685	0g0p0s111o
EhUIZ	r7/pp2kp2/2p2nrp/4p3/N3P1b1/1B2Rp2/PPPQ1P1P/5K2 b - - 1 25	g4h3 f1e1 g6g1	685	1315191o
FLjCw	8/8/5K2/8/6rk/6p1/8/6R1 w - - 6 73	g1h1	685	0p1113141b1m
GTW8g	r1bqk2r/pp1npp2/2p3pb/4N2p/3PP3/1Q4P1/PP1NBPP1/2R1K2R w Kkq - 3 15	b3f7	685	041314191b
GwRMn	r5k1/1Q3ppp/8/p7/2Bp2b1/3P4/PPP2qPP/R1B1b2K b - - 1 17	f2f1	685	1314191b
H4mkg	7R/6r1/2p5/8/8/8/p1K5/k7 w - - 0 53	h8h1 g7g1 h1g1	685	0p13151m1o
Hon9d	k4r1r/P3Rp2/5p2/2pb4/3pB3/5PP1/1PP3K1/8 w - - 3 34	e4d5	685	0p0t13141b
Hzkk0	3q4/2r2pkp/6p1/6b1/8/Q5N1/PPB2PPP/1K1R4 b - - 2 25	d8d1 c2d1 c7c1	685	1315191d1n1o
IQvcI	r1b1qrk1/pp1n1pb1/2p4p/4p1N1/2P5/2N1P1n1/PPQ1BPPP/R2R2K1 w - - 0 15	c2h7	685	1314191b
J0825	4r1k1/p4p2/1p5p/6p1/2PN4/1P4Pq/P1QR1P1P/6K1 b - - 0 29	e8e1	685	0p13141b
JbMUF	4r1k1/pp3pbp/3q1np1/6B1/7Q/2N5/PP3PPP/3R2K1 b - - 1 19	d6d1 c3d1 e8e1	685	061315191n1o
Lzkwl	6k1/5pp1/2b1p2p/4n3/p1r5/5PPP/1RB4K/8 w - - 0 37	b2b8 c6e8 b8e8	685	0p13151f1o
MkEKh	rnbqn2k/pp1pp3/2p3Pb/4P1rQ/2BP4/2N5/PPP3P1/R3K1N1 w Q - 0 14	h5h6	685	0t0y1314191b
NW3e5	3k4/p1p1bQ2/2pq4/8/3Pp2r/6P1/PP6/RN3RK1 b - - 0 24	d6g3	685	1314191b
O5ZnH	2b2rk1/3pppbp/p1p3p1/q7/4N3/1P2BP2/1PPQ2PP/2KR3R b - - 0 14	a5a1	685	1314191b
OFtBN	1rbq1rk1/4npp1/p1p1p2p/3pP1N1/3P4/8/PPQN1PPP/R4RK1 w - - 0 14	c2h7	685	1314191b
OLJKT	r2qr1k1/1pp2pp1/p6p/5p2/4R1Pn/P1PPQ3/BP6/4R1K1 w - - 0 27	e4e8 d8e8 e3e8 a8e8 e1e8	685	0g0s1019
PPoHI	5rk1/Q2nqppp/8/3B2N1/1b1P2P1/4r3/P4PP1/2R2K1R b - - 0 20	e3e1 c1e1 e7e1	685	1315191o
PkynR	8/p7/P7/5kpp/1R6/2N3P1/1n6/2K5 b - - 0 40	b2d3 c1d2 d3b4	685	010p0s1o
PpaS9	r1bqk2r/pp1pbppn/7p/2pQP3/2B5/8/PPP2PPP/RNB2RK1 w kq - 2 10	d5f7	685	0413141b1c
R9dpL	r1bq1rk1/2nn2pp/p1p1p3/1p4N1/P1p5/2b3P1/1PQB1PBP/3R1RK1 w - - 0 17	c2h7	685	0y1314191b
RLvnH	r4rk1/1pq1bppp/2pp4/p1nP2P1/2P1PQ2/2N2PNB/PP5P/R3K2R b KQ - 0 15	c5d3 e1d2 d3f4	685	0g0s11191o
RtTaK	6k1/5pp1/p3R2p/1p1p4/2pP4/q1P3Q1/P1P2PPP/6K1 b - - 0 24	a3c1 e6e1 c1e1	685	0p13151o
SIqYf	4r2k/2q3pp/8/5r2/Q4p2/P5bP/1B6/K2R4 w - - 0 43	a4e8 f5f8 e8f8	685	0t1315191o
TMHl9	8/7p/6p1/2bp4/5kP1/5P1P/4K3/2N5 w - - 3 68	c1d3 f4g3 d3c5	685	0g0p0s1o
TSelC	r4rk1/pp2ppbp/2p3pB/5b1P/1q1P4/2P2N2/P2Q1PP1/2KR1B1R b - - 0 16	b4b1	685	1314191b
TVvuD	8/8/3p4/2p1k3/2P2p2/1n1Q4/4KP2/8 b - - 1 54	b3c1 e2d2 c1d3	685	0g0p0s1o
VMOgM	r4rk1/p2q1ppp/bp2p3/3nP1N1/1n1P4/N5P1/1PQ2PBP/2R1R1K1 w - - 9 18	c2h7	685	0y1314191b
VT6AX	r3kb1r/pp3ppp/2p5/4n3/N1P5/4P1Pb/PP3P1P/R1B1QBKR b kq - 0 18	e5f3	685	1314191b
WtKGG	6r1/6pk/R7/4PR2/p4P2/5K2/4rP1p/5b2 w - - 0 38	f5h5	685	0p13141b
Wwac3	2k5/3R4/2P1R3/p5p1/P7/2r5/2r5/3K4 w - - 5 44	e6e8	685	0p1113141b1m
XfIPi	r2qkb1r/ppp2p1p/3p1np1/4p3/1n2P3/PP3Q1P/1P1PNPP1/RNB1K2R b KQkq - 0 9	b4c2	685	0g1b1c
XkLZ7	r1b1k3/p1p2p1p/1pp2n1B/8/3b4/2N5/PPP1B2P/4RK1R b q - 2 16	c8h3	685	0a1314191b
XyyOI	8/6p1/5p1p/4kP2/1N1rP1PP/1P6/4K3/8 w - - 5 50	b4c6 e5e4 c6d4	685	0g0p0s1o
YJV4Q	r4rk1/1p3p2/p5p1/2pPN2p/2P5/2Q3qb/PP1RB1P1/3R2K1 b - - 4 27	g3g2	685	0y1314191b
YV7kx	R1r1k3/1R3p1p/4p1p1/8/8/7P/5rPK/8 w - - 4 37	a8c8	685	0p0t1113141b1m
as5gu	6k1/p1p3pp/qp3Rn1/8/2P5/1P2P2P/P5P1/3R2K1 w - - 0 26	d1d8 g6f8 f6f8	685	0p13151o
byEx0	7k/5Qp1/p1nq2Pp/1p6/4rR2/2pp3P/P5PK/2B5 w - - 1 37	f7f8 d6f8 f4f8	685	0p13151o
cBRU3	8/8/5k2/6pp/1R6/8/Pn3K1P/8 b - - 0 37	b2d3 f2f3 d3b4	685	0g0p0s1o
cBtaE	8/2b5/4k3/3n1p2/4p3/8/P3K3/2BR4 b - - 3 41	d5c3 e2f1 c3d1	685	0g0p0s111o
crHwI	6rk/pb4pp/1q3n2/1p2N3/3P3P/4P1P1/5P2/2R1R1K1 w - - 0 35	e5f7	685	1314191b1q
dJ4zn	rn2k2r/ppp2ppp/3Ppn2/7q/3P4/5N2/PP2BPb1/RNBQ1RK1 b kq - 0 10	h5h1	685	13141b1c
eNDXu	6k1/pp3rpp/1n2p2q/1Q1p4/3P4/2P3N1/PP4PP/5RK1 w - - 0 26	b5e8 f7f8 e8f8	685	0p0y13151o
fANjV	4k2r/p1p2pp1/Ppn5/1B2pP1p/3RK2P/5Q2/1P1q2P1/7R b k - 0 25	d2d4	685	1314191b
gQJIl	8/5p2/7k/1P1n2pP/2B5/7P/6K1/8 b - - 2 48	d5e3 g2f3 e3c4	685	0g0p0s111o
gjAs7	6R1/8/1k2p3/6p1/4p1P1/1r5P/6K1/8 w - - 0 51	g8b8 b6c5 b8b3	685	0g0p111m1o1p
gjNrS	1r2k2r/3n1pp1/2Q1pq2/2b4p/7P/5N2/PPPB1PP1/2KR3R b k - 2 17	f6b2	685	1314191b1k
hdgnT	4q1k1/3p1p1p/p1b3pB/1p6/3bN3/Pn5P/1P3PP1/4R1K1 w - - 0 31	e4f6 d4f6 e1e8	685	0j0y1315191f1o
iAo14	r4rk1/1bp2pp1/pb3q1p/np2p3/3P4/1P1Q1N1P/P1B2PP1/RN2R1K1 w - - 0 18	d3h7	685	1314191b
iOdmC	6k1/6p1/4prp1/1N6/P2P2P1/6Pp/7P/2r1Q1K1 b - - 2 41	c1e1	685	0p0t13141b
iTPoH	1k1r3r/ppp2Np1/2n5/4q3/8/2P1B3/PP2QPB1/R4RK1 b - - 0 18	e5h2	685	1314191b
igD33	3r3k/p1p1qrbp/1p3np1/2n1p3/1P3p1P/PQPR4/3N1PP1/2BR2K1 w - - 0 25	d3d8 e7d8 b3f7	685	010y191o
jKwnQ	6k1/5p2/6p1/1p5P/1P1p3P/3P1P2/2P4r/2R2K2 b - - 0 31	h2h1 f1e2 h1c1	685	0g0p1m1o1p
jrdp6	8/7p/PR6/6p1/r6k/2K2Pb1/8/8 w - - 2 54	b6h6	685	0p1113141b
k6FFw	r1b2rk1/ppp2pp1/2n1p3/4P3/3P4/2n3Q1/P4PPP/R1B2RK1 b - - 1 15	c3e2 g1h1 e2g3	685	010s191o
kwone	8/7p/4p1p1/1B1p1k2/5P2/5K2/2n3PP/8 w - - 3 36	b5d3 f5f6 d3c2	685	010p0s1o
lbOrQ	4k3/7Q/2p5/5B2/8/1P4PK/P3q3/4r3 b - - 2 47	e1h1	685	0p1113141b
lgbUV	k2r4/p3ppbp/2p1b1p1/8/3P1B2/4P1P1/P2K1PBP/8 w - - 0 23	g2c6	685	0l0p1113141b1k
mAj6j	3rr1k1/ppp2pp1/2p4p/4bQ2/4N3/2PqB2P/PP3PP1/R2R2K1 b - - 0 16	d3d1 a1d1 d8d1	685	0y1315191f1o
ns0Ea	2r5/4k3/p3P2p/1p1Pn3/2P5/1P4P1/P6P/2K1R3 b - - 1 37	e5d3 c1d1 d3e1	685	010p0s111o
oBAUg	2r3k1/5r1p/5ppQ/3pp3/8/8/q4PPP/2R3K1 w - - 0 34	c1c8 f7f8 c8f8	685	0p0x13151o
paMpm	8/8/2r2k2/5p1K/4p3/6R1/5PP1/8 w - - 1 57	g3g6 f6e7 g6c6	685	0g0p1m1o1p
qPUTQ	r2q3r/ppp1k1p1/2npBb1p/4p2Q/8/8/PP3PPP/R1B2RK1 w - - 2 16	h5f7	685	1314191b
rvbXG	r3k2r/bpqn1pp1/p3p3/P2p2Bp/1P1NB1nP/2P1P3/3Q1P2/RN3RK1 b kq - 0 19	c7h2	685	1314191b
seJcS	5rk1/2q1ppbp/p5p1/1p1P4/2r3n1/P1N4P/1P1BQPP1/1R3RK1 b - - 0 22	c7h2	685	1314191b
sotRs	r1b1r1k1/pp3p1p/3P2p1/2B5/5N1P/1R1P2P1/2n2PB1/b4K1R b - - 0 20	e8e1	685	111314191b
tSxX9	5R2/1pp3p1/7p/4b2k/2P3p1/pP6/P7/6K1 w - - 0 44	f8f5 h5g6 f5e5	685	0g0p0s1o
uzBDh	8/5ppk/8/7p/8/5PPP/4K3/1r1B4 w - - 3 38	d1c2 h7g8 c2b1	685	0g0p0s1o
v30I6	5n1k/5p2/5N2/p1p1Pn2/P5R1/1rP4P/5K2/8 w - - 0 47	g4g8	685	030p1113141b
v4Xsh	rnb2rk1/ppp1qpp1/4p2p/8/2PP4/4P2P/PP1NP1P1/R2QKB1R b KQ - 0 11	e7h4 g2g3 h4g3	685	1315191o
w0Pjg	8/4k3/R3n3/6bB/4K1Pp/8/5P2/8 b - - 12 67	e6c5 e4f3 c5a6	685	010p0s111o
wBJRj	6k1/p2q1p2/1p2p1pQ/4P3/1P6/P6R/5PPP/3r1BK1 b - - 4 30	d1f1 g1f1 d7d1	685	050p13151n1o
x9ERv	2k5/ppp2N2/7p/8/2PP4/1P4P1/7r/1R2K3 b - - 0 35	h2h1 e1d2 h1b1	685	010p1o1p
xsw0X	8/8/R4p2/5b2/6kp/6p1/6P1/5K2 b - - 3 59	f5d3 f1e1 d3a6	685	0g0p0s1o
zDlQw	2r2B1r/1p5k/p5p1/3Bp3/6Pn/8/1PP5/1K5R w - - 3 30	h1h4	685	0p0t13141b1f
zQnK4	r4rk1/1bq2ppp/p3p3/1p1nn3/3PQ3/P1BB4/1P3PPP/2R2RK1 w - - 0 18	e4h7	685	0y1314191b
zb6qt	r1b2rk1/ppp2pp1/2n4p/2bpp3/6Pq/2PP1P1P/PP1NP1B1/R2Q1KNR b - - 3 10	h4f2	685	13141b1c
zbyyq	r6k/pp4pp/n1p1Q1p1/7P/3q2P1/5r2/PPP1R3/1K3R2 w - - 0 22	e6e8 a8e8 e2e8 f3f8 f1f8	685	06101316191n
0Nm5Q	6kb/1p1n1p2/p3pBp1/3pP3/3P2P1/5N2/PPr1qPK1/7R w - - 0 29	h1h8	686	0y11121314191b1d
13Gkq	r1b2k1r/ppp3p1/3p2Bp/2bP4/8/5q2/PP3PPP/R1B1R1K1 w - - 0 16	e1e8	686	1314191b1d
17qYE	r3r1k1/pp2qppp/8/n2p4/P1pP4/2PQ2P1/1P2BPP1/2R1K2R w K - 0 19	d3h7 g8f8 h7h8	686	0y1315191o
1QOvP	8/8/5kpp/5p2/1r5P/2pKN1P1/1bR2P2/8 w - - 2 37	e3d5 f6f7 d5b4	686	0g0p0s111o
1zHgs	8/1Rb2kp1/p6p/1b6/6P1/1P1p3P/3B2K1/8 b - - 3 45	b5c6 g2f2 c6b7	686	0g0p0s111o
2Y8lM	8/p3rk2/R2K2pp/8/5P2/6P1/P6P/8 b - - 6 37	e7e6 d6c5 e6a6	686	0g0p1m1o1p
3VK4f	1k3bnr/pP4p1/4p3/5pN1/3r4/8/PPB2P2/R1B2RK1 b - - 0 20	d4g4	686	1314191b
4SPHO	5r1k/5pp1/p6P/3N3P/3R1P2/6n1/PPP5/2K5 b - - 0 37	g3e2 c1d2 e2d4	686	010p0s111o
4vxE0	6k1/p6p/1p2N3/8/1P3Q2/P2r3P/5KP1/q7 w - - 0 34	f4f8	686	0p13141b
58W4K	4r2k/1p1n1Qp1/1qp3B1/3p4/p6r/P1P4P/1P3bP1/2KR4 w - - 0 26	f7e8 d7f8 e8f8	686	0s1315191o
6oaJg	5r1k/p6r/1p1p3Q/2p1p1Pn/4P3/3P3P/P1q5/6K1 w - - 0 28	h6f8	686	0p13141b
71F0a	5rk1/p1p1nppp/3q4/4nQ1P/2PpB3/6P1/Pr1NPP2/R2R2K1 w - - 1 19	f5h7	686	0y1314191b
7AVdm	r1b1N1k1/pp3ppp/3p4/2p1nNq1/2B1Pn2/P2P4/1PP3PP/R2Q1RK1 b - - 0 16	g5g2	686	0y1314191b
8J3l4	1k2r3/p7/1p5p/4P3/3n2B1/P7/2P5/K3R3 b - - 3 42	d4c2 a1b2 c2e1	686	0g0p0s111o
95VZd	3Rr2k/p1p1P1pp/2B3nb/8/2P5/1P5K/PB5P/6q1 w - - 0 31	d8e8 g6f8 e8f8	686	0t1315191o
9qxhA	r2q1rk1/2b2pp1/n1p1p2p/1p1nP1N1/p2P4/2P3N1/P1Q2PPP/R1B1R1K1 w - - 0 18	c2h7	686	1314191b
ANoN4	6k1/2p3pp/p1N1n3/3rp3/4n3/2p1B2P/PP3PP1/5RK1 w - - 0 25	c6e7 g8f8 e7d5	686	0g0p0s1o
CKz63	2k5/1pp2Npp/p1n1R3/3N4/8/1P6/r4PPP/6K1 b - - 0 23	a2a1 e6e1 a1e1	686	060p13151o
COdkA	2Rbk3/pR3p2/5q1p/8/1P6/4P1Q1/5PPP/6K1 b - - 0 37	f6a1 c8c1 a1c1	686	060p13151o
ClmyK	3r2k1/p1p1Rp1p/b4bpP/8/1p4P1/PB3P2/K1Pr4/4R3 w - - 3 31	e7e8 d8e8 e1e8	686	0y1315191o
DRkE3	rn2r1k1/pp3ppp/2p2b2/3p2B1/3P4/3b4/PPP2PPP/RN2R1K1 w - - 0 14	e1e8	686	060t1314191b
EKGVm	4r2k/1p4pp/p4Nr1/4pQ2/4q3/7P/PPP3P1/3R1R1K b - - 0 27	e4g2	686	111314191b
EaRNc	7k/5pp1/7p/4P3/7q/5R2/PPQ3PP/4R2K b - - 0 30	h4e1 f3f1 e1f1	686	0p0t13151o
Eelek	3r2k1/3rbpp1/p1n1p2p/qp1nP1N1/2pP4/P1P2N1P/2Q2PP1/R1R1B1K1 w - - 0 23	c2h7 g8f8 h7h8	686	0y1315191o
FkC7o	8/2P3pk/8/8/8/1P5p/P4P1r/2R2K2 b - - 0 38	h2h1 f1e2 h1c1 c7c8q c1c8	686	0g0p101m1p
FnjMV	r3k2r/6R1/2p1p2p/p1PpPq2/8/5P1P/P3QP2/6RK b kq - 0 26	f5h3	686	0p13141b
G5F2h	rnq2rk1/ppp2ppp/3b4/3QN2b/3P1B2/4P3/PP3PPP/R3KB1R b KQ - 0 11	d6b4	686	0a1113141b1c
G9yYn	8/8/2k1p3/4Pp1p/2NK1Pp1/1b4P1/7P/8 w - - 15 64	c4a5 c6d7 a5b3	686	0g0p0s111o
GflRp	r1bqk2r/pppn2p1/4p2p/3n4/8/B2B1N2/P1PQ2PP/5RK1 w kq - 0 15	d3g6	686	0a1314191b
HAo6u	3r2k1/ppq2pp1/2p5/5P2/1Q2R1pK/5P1P/PP1r4/4R3 w - - 0 33	e4e8 d8e8 e1e8	686	0g0p1o
HxPsF	2R5/pp3pk1/6p1/8/7Q/7P/Pq1r1rP1/6K1 w - - 2 26	h4h8	686	0p1113141b
J2PGR	r3k2r/1b1p1ppp/p1Nqp3/1p6/4P1n1/2NB4/PPPQ1PPP/R4RK1 b kq - 0 15	d6h2	686	0y1314191b
JoK3y	6B1/6pp/5p2/2p1kP2/3b2PP/1P2NK2/8/1b6 w - - 3 47	e3c4	686	0p1113141b
K64fn	r1b1r1k1/pp3ppp/3p4/2bq2N1/3p3P/1P1P1nP1/P1PBQ1B1/2KR4 w - - 2 18	e2e8	686	0t0y1314191b
L3IWS	2brkr2/p2n3R/2p3R1/8/2P1PN1p/1P6/P4KPP/8 w - - 12 31	g6e6	686	0q1314191b
Lusuq	1R6/8/8/5p2/5K1k/8/8/6r1 w - - 8 65	b8h8	686	0p13141b1m
MK8Pq	r1b1kbnr/pp1np3/1q2N1p1/2pp3Q/3p4/8/PPPB1PPP/RN2K2R w KQkq - 0 12	h5g6	686	13141b1c
Muvl5	2b3k1/6p1/5n1p/p1p2N2/PpPp1bP1/1P1B3P/8/4B2K w - - 0 36	f5e7 g8f7 e7c8	686	010p0s111o
NNK3H	4r3/p4pk1/5p2/2p2B2/3p2PP/1P2r1b1/P1P3R1/3R1K2 b - - 2 28	e3e1 d1e1 e8e1	686	0p13151d1o
ONbOS	3r3k/6pp/3p1r2/Q3p3/1pP5/4NpP1/PP2nP1K/4RR2 b - - 0 32	f6h6	686	111314191b
OVkvl	8/n1p5/2P1kp1p/p3b1p1/B3K3/B4P1P/P5P1/8 w - - 3 40	a4b3	686	0p13141b
P6s3z	r4rk1/p1p3pp/2p5/3pP3/1B1P2Pq/5R1P/P7/5RK1 w - - 0 24	f3f8 a8f8 f1f8	686	0p13151d1o
PUlG0	8/pNB4p/4k3/7n/P7/1r5P/5K2/8 w - - 0 31	b7c5 e6d5 c5b3	686	010p0s1o
Q16gY	6k1/6p1/4p2p/8/1P6/8/3p1P1P/1RrK4 w - - 2 44	b1c1 d2c1r d1c1	686	0g0p1m1o
U87cX	2B3k1/1pr2ppp/1q2p3/p2pP1P1/Q2P2P1/8/1P3R2/5nK1 w - - 0 26	a4e8	686	0p13141b
UwC31	5k2/R5p1/4K2p/p6P/5rP1/5P2/8/8 w - - 2 46	a7a8	686	0p1113141b1m
VMmg0	r4rkn/2p1q1p1/p1p2p2/3pPQN1/3P4/8/PP3P2/2KR4 w - - 0 23	f5h7	686	1314191b
VNEdS	6k1/p1r2pp1/1p2pq1p/4n3/2P1B3/1P4P1/P2Q1P1P/3R2K1 w - - 2 27	d2d8 f6d8 d1d8	686	0p0s13151f1o
VeRxs	k3b3/pp4pp/7q/n1r5/5PP1/2P4P/PP4B1/3R1RK1 w - - 0 30	d1d8 c5c8 d8c8	686	0s1315191o
VuU4H	8/5k1p/4p3/2nbP1p1/PR6/8/1P5P/2K5 b - - 1 34	c5d3 c1c2 d3b4	686	0g0p0s1o
VvgQe	r1k1q3/pppn1P1r/3p3p/4p3/4P3/2P5/PP1N1P1P/R1B1K3 w Q - 0 19	f7e8q	686	00111314191b1h
WCA2K	1r3k2/5p2/3p4/p1qPp2Q/4P3/6p1/5P2/5RK1 w - - 0 45	h5h8 f8e7 h8b8	686	0g0p1o1p
XViSD	8/8/2b5/1p3k2/1P3p1P/5N2/5K2/8 w - - 1 48	f3d4 f5g4 d4c6	686	0g0p0s1o
XyKOs	8/1kr5/5Q2/2P3p1/3P4/3N2P1/4n1PK/8 b - - 0 53	c7h7 f6h6 h7h6	686	020p13151o
Z16nS	2bq3r/1p4b1/6k1/pQ4R1/3Pp3/P3P3/1P3PpP/5RK1 b - - 0 31	d8g5 b5g5 g6g5	686	0g11191o
ZZgwP	r1bqk2r/pp1n2p1/2pBpp1p/2Pn4/3P3P/3B1NP1/PPQ2P2/R3K2R w KQkq - 3 16	d3g6	686	0a1314191b
ajNbl	1k1r1b1r/pp3Qpp/2pN4/3bP1q1/BP1p4/8/P1P3PP/R4RK1 w - - 6 19	f7b7	686	1314191b1k
byLjh	6k1/p4rpp/1pb5/2p2P2/2P3Pq/3Q3P/P4R1K/4R3 b - - 0 25	h4f2	686	0p0t13141b
cFPzj	rnbq4/ppp5/7p/2N1k3/3N4/8/PPP3PP/R2Q2K1 b - - 0 17	d8d4 d1d4 e5d4	686	010s191o
cf1co	8/8/8/6Pk/3N1P2/1p6/3K1P2/3b4 b - - 6 50	b3b2 d2d1 b2b1q	686	00010p11121h1o
clZLB	2r3k1/5pp1/1pNrp1bp/pB6/P2P4/2P3P1/1P5P/2K2R2 w - - 3 30	c6e7 g8h7 e7c8	686	0g0p0s1o
cwv6n	r4rk1/1pbq1ppp/pB2p3/3p3R/1P6/P4PP1/6B1/1Q5K w - - 0 25	b1h7	686	0y1314191b
dRzTl	1k1r1b1r/p1p3pp/Qpq5/8/1P1R4/P1N1P1P1/5P2/2K4R w - - 0 21	d4d8	686	0t1314191b1k
eguMv	6k1/2p1Kp2/4p3/1p1pP3/1P1P1P1P/4nPB1/8/8 b - - 2 58	e3f5 e7d7 f5g3	686	010p0s1o
fVMio	r1br1k2/1pq1pp1p/3p2p1/p2P4/P2Q2P1/1B3P1P/1PP5/R3R1K1 w - - 3 21	d4h8	686	1314191b
fmca4	1Q2q1k1/5ppp/p7/1p6/8/8/P3rPPP/4R1K1 w - - 1 26	b8e8 e2e8 e1e8	686	060p13151o1y
fyX2K	rnb1kb1r/pp3ppp/2p3q1/4p1B1/2P5/5N2/PP2PPPP/R2QKB1R w KQkq - 0 10	d1d8	686	1314191b
gIV6g	6r1/pB1kn3/1p2pbq1/1P2P3/2Pp1P1p/3P2P1/8/1RBQ1RK1 b - - 0 25	g6g3 b7g2 g3g2	686	0y1315191o
gWxmJ	2k3r1/1b1p1p1p/p7/2pN4/4P3/8/1PP3PP/R6K w - - 0 29	d5e7 c8c7 e7g8	686	010p0s1o
hgzds	3k4/1p3p2/p1p5/P1P2P2/1PB5/5P2/r6p/3K3R b - - 1 41	a2a1 d1e2 a1h1	686	0g0p1o1p
iYSsN	1r3rk1/5p2/B7/3P1R1p/6n1/1P4P1/PB4KP/8 b - - 1 34	g4e3 g2h3 e3f5	686	010p0s111o
j6IdA	8/6kp/8/1Bp3p1/P1P3P1/7r/1R3K2/8 b - - 0 46	h3h2 f2e3 h2b2	686	010p1o1p
jK9O4	1k6/p4p2/P1p1pQ1p/1pP1P3/5nP1/4q2P/7K/8 w - - 0 43	f6d8	686	0p13141b
l75Di	8/4R2p/r5b1/2p5/1kP5/1P6/1K6/8 w - - 2 49	e7b7 a6b6 b7b6	686	0g0p1o
r0mrs	7k/pp4p1/4p1B1/2bpq1N1/2p2n1P/P1P5/1P3r2/1KR4R w - - 4 32	g5f7 h8g8 f7e5	686	010s191o
r1Eds	r1b1r2k/pp2bppB/2pq4/3pN3/3P1P2/2N1n1P1/PPQ3P1/R4RK1 w - - 1 17	e5f7	686	0y1314191b
s6nNf	r3r1k1/ppp2ppp/8/4Rb2/3q1P2/4Q3/PP1N2PP/R1B3K1 b - - 1 18	d4e3 e5e3 e8e3	686	010y191o1y
sl03y	8/6k1/p1p1np1p/1p1p1P1R/6P1/1P3K2/PbB3P1/8 b - - 0 34	e6d4 f3f2 d4c2	686	0g0p0s1o
t0OJQ	2r4k/pp3ppp/8/P2p4/1P2p1Q1/2qn4/1nR2PPP/R2B2K1 b - - 1 32	c3e1	686	1314191b
urq7P	2r3k1/p3rppp/1p3q2/3b4/6Q1/P3p2P/1PP3P1/R3R1K1 w - - 0 29	g4c8 e7e8 c8e8	686	0t0y1315191o
uyWZl	1r4k1/5pp1/p1q3p1/3RPp2/2p5/r1P2Q1P/4R1PK/8 w - - 0 38	d5d8 b8d8 f3c6	686	0g0j0p111o
vP8ZS	6k1/1p3ppp/8/p1NP2b1/P3p3/8/1PP3PP/6K1 b - - 1 27	g5e3 g1f1 e3c5	686	0g0p0s111o
wVKci	1r6/6kp/p2pb1p1/2p3N1/1pPn1RP1/1P1P3P/P5B1/6K1 b - - 2 31	d4e2 g1h2 e2f4	686	0g0p0s111o
yxi5m	r2q4/ppp3pn/2nbbk1p/3Q1p2/5N2/P4N2/1P3PPP/R1B3K1 w - - 0 19	d5e6	686	1314191b
00NiV	rn2qrk1/ppp2N2/3pPpp1/3n4/6b1/8/P1QN1PPP/R4RK1 w - - 0 19	c2g6	687	0y1314191b
1gbqd	3rr3/p1k3pp/2p5/1p4bP/3P2P1/2PK4/P1PN4/5RR1 b - - 1 28	e8e3	687	0p0q13141b1d
2KxZz	6k1/5pp1/1P6/r7/P7/8/5PKp/8 w - - 1 41	b6b7 h2h1q g2h1	687	00010p1m1o
2vEES	1k4r1/1qN2pbp/p2P4/1p2p3/PP6/4Q1Pb/5P1P/2RR2K1 b - - 4 27	b7g2	687	1314191b
2wXLU	rn3bkr/1p4pb/p3q3/2p1N3/2BPpB2/4P3/PPP2P2/R3K2R w KQ - 0 20	c4e6	687	0y1314191b
3LWPu	4r3/8/2p5/5Np1/1n3kP1/1P5P/1PPR4/1K6 b - - 0 41	e8e1 d2d1 e1d1	687	0p13151o
3T8KQ	r3r2k/ppp1qPp1/3p3p/8/1P1Q4/PB6/2P2PPP/R3R1K1 b - - 0 18	e7e1 a1e1 e8e1	687	061315191o
3fMDT	r2r1k2/ppp1qppQ/2nb4/3bp1N1/8/2PP4/PP3PPP/R1B2RK1 w - - 4 16	h7h8	687	1314191b
4L5xg	4rr1k/p5pp/1pR1Rp2/1P6/5p2/1Q6/P5PP/q3B2K b - - 6 34	a1e1 e6e1 e8e1	687	061315191o1y
4OuiO	2r3k1/p4p2/1p2p3/4P1p1/P2P2R1/8/5r2/6RK w - - 0 35	g4g5 g8f8 g5g8 f8e7 g8c8	687	0g0p101m1p
4UQwh	r2q1r1k/2pn4/ppn1B1Pp/4p3/3pP3/1N1P4/PPPQ1P2/R3K3 w Q - 0 19	d2h6	687	0y1314191b
4fi33	8/8/6pk/5q1p/p2Q1P1P/1p4P1/6K1/8 w - - 0 58	d4h8	687	0p13141b1i
5CSkE	1qr3k1/1p2Rp2/p6B/5QpP/3P1b2/8/PP3PP1/6K1 b - - 0 35	c8c1 e7e1 c1e1	687	0p13151o
5IBwp	r1b4k/1p5p/5rp1/8/2B1P3/2B2P2/4N1PP/1qb1K2R w K - 0 26	c3f6	687	0l111314191b
5TFLy	Q5bk/3q3p/p4b1N/5r2/1Pp1p3/2P4P/P4PP1/6K1 w - - 0 38	a8g8	687	0p1113141b
5Zqjj	3r1r2/1p4pk/p5pp/2p1B3/3PRPPn/7P/PP6/4Q1K1 b - - 1 31	h4f3 g1f1 f3e1	687	010p0s1o
5coDw	r1b2rk1/pp3p2/1q2p2p/2bpB1p1/6n1/1PPBP3/P1QN1PPP/R3K2R w KQ - 1 14	d3h7	687	1314191b
6LgwF	8/2P2r2/P7/4p1p1/2R1B3/4k2p/2P5/3K4 b - - 0 47	f7f1	687	0p13141b
772vV	3k3r/1bpp1p1p/1p3np1/pN1P4/2P3P1/7P/PPq1NQ2/K2R1B1R b - - 0 24	c2d1 e2c1 d1c1	687	0t1315191o
7IXji	r1bqk2r/pp1n4/2pB3p/3p2p1/3P4/1P2Pp2/P1Q2PPP/R3KB1R w KQkq - 0 14	c2g6	687	1314191b
7fc3M	6k1/ppp3p1/6rp/3r4/3P1P2/P1B4q/1P2n1RP/3Q1RK1 w - - 2 33	d1e2 g6g2 e2g2	687	010t191o
7qWCq	6k1/R3p2p/4rnpB/5p2/2p2P2/P1b5/5KPP/8 w - - 2 34	a7a8 f6e8 a8e8 g8f7 e8f8	687	0p101316
8IGG3	r4rk1/pbq2p1p/1p1bpp1Q/2p5/3P4/2PB1N2/PP3PPP/2KR3R b - - 1 15	d6f4 h6f4 c7f4	687	0g0s191o
9Rws6	8/pr3k1p/R3b1p1/1N3p2/4p2P/P7/1P3PP1/6K1 w - - 3 31	b5d6 f7f6 d6b7	687	0g0p0s111o
9hU6e	2kr3r/p1p4p/2p3p1/2b5/4R3/8/PPP2PPP/R1B3K1 b - - 0 18	d8d1 e4e1 d1e1	687	0p13151o
9mSsT	8/5p2/1n3k2/rp6/3R1PP1/7P/7K/8 w - - 2 42	d4d6 f6e7 d6b6	687	010p0s11121o
A7tga	6k1/7p/1p2pB2/8/3n1P2/8/2p4P/2R3K1 b - - 3 41	d4e2 g1f1 e2c1	687	0g0p0s111o
AX8ON	rn4k1/pR4pp/1p2r3/8/1P6/2P5/P5PP/3R2K1 w - - 5 29	d1d8 e6e8 d8e8	687	0p13151o
AaOP6	2kr1b2/ppp2Np1/4pn2/4q2r/6B1/2NP4/PPP2PP1/R2Q1RK1 b - - 0 14	e5h2	687	1314191b
BcnjS	6k1/3q1ppp/4p3/2p5/4p2P/6P1/6P1/Q5K1 w - - 0 28	a1a8 d7c8 a8c8	687	060p13151i1o
CtrJf	r1b3k1/ppp2rpp/3p4/1Q2P3/2B1P3/2N4P/PP4q1/n2K4 w - - 0 17	b5e8	687	1314191b1g
DMwgw	3r2k1/p5pp/1p3r2/2bbN3/5P2/1P4P1/P2R3P/3R3K w - - 0 30	d2d5 d8d5 d1d5	687	19
DoSxH	5r1k/1p4p1/4q3/P2p3p/3Q4/2P2P1P/8/6RK b - - 0 38	e6h3	687	0p1113141b
DqUJz	r2qk2r/1bpn1pp1/1p1p2n1/1p1PpQN1/4P3/2P5/PP3PPP/R1B1R1K1 w kq - 0 18	f5f7	687	041314191b
DzofV	8/2b2p2/5kp1/7p/7P/4NKP1/5P2/8 w - - 7 36	e3d5 f6e6 d5c7	687	0g0p0s1o
Ek17T	rnb1k2r/ppp3pp/8/3P1pq1/4P1n1/1N6/PPP3PP/RN1Q1BKR b kq - 0 10	g5e3	687	1314191b
Fd3NA	r1b3k1/ppp2rpp/1n6/8/8/1B5P/Pq3PP1/3R1RK1 w - - 0 17	d1d8	687	1314191b1g
GKwvd	r3kb1r/ppp2ppp/3p1n2/8/2PPp1q1/1PBnP3/P2N1PPP/RN1Q1K1R b kq - 1 11	g4d1	687	0t13141b1c
GXfQI	rn1qk2r/pp2ppbp/2p2np1/4N3/2QP4/4P3/PP2bPPP/RNB1K2R w KQkq - 0 9	c4f7	687	0413141b1c
GhfCj	5rk1/4bppp/p3p3/4n3/3RP3/8/1P3P1P/2B2RK1 b - - 0 21	e5f3 g1g2 f3d4	687	0g0p0s11121o
GlCNf	8/6pk/4p2p/pB1p4/Pp3P2/7K/P1n4P/8 w - - 1 46	b5d3 h7g8 d3c2	687	010p0s1o
IYZrZ	2kr1r2/1bqpb1p1/pp2p3/7Q/2PpP1nP/1P1P3N/P2N1PB1/R4RK1 b - - 0 21	c7h2	687	111314191b
IzijD	3r2k1/1q3p1p/6p1/1pp1N3/5n2/2PP4/1P3PPP/1Q2R1K1 b - - 0 30	b7g2	687	0p13141b
J4Kni	4r1k1/2p3pp/8/4Bp2/5P1q/1P6/Q2R2PP/7K b - - 0 36	h4e1	687	060p1113141b
Jt1Cb	8/8/4k1r1/6B1/5PK1/6P1/8/8 w - - 1 74	f4f5 e6f7 f5g6	687	0g0p0s111o
KAfzq	5nrk/4NQp1/bp5p/8/6n1/6P1/P4qPP/6RK w - - 4 37	f7g8	687	1314191b
KfJSm	6k1/p4ppp/4pb1P/4P1P1/3p1P2/1P3Q2/7K/2r1q3 w - - 0 33	f3a8 c1c8 a8c8 f6d8 c8d8	687	0p101316
Kfzig	4r1k1/p3qp2/2Qp3p/1p4p1/5b2/1BP4P/PP3PP1/3R2K1 b - - 0 27	e7e1 d1e1 e8e1	687	0p0y13151n1o
L8NJ5	2kr1b1r/3np2p/p7/1B1P1ppb/3P4/1P3PB1/1P2N1PP/4K2R w K - 0 16	b5a6	687	0a1314191b1k
LJ1jh	r1b2rk1/ppq2pBp/2p3p1/3p4/N5n1/1P2PB2/P1PP2PP/R3QRK1 b - - 0 14	c7h2	687	0y13141b1c
MPryN	8/8/7p/K7/6Q1/7k/P7/8 b - - 0 58	h3g4 a2a4 h6h5 a5a6 h5h4 a4a5 h4h3 a6a7 h3h2 a7b8 h2h1q	687	000g0p1h1l1w
Mz9V5	r1br2k1/p1p1nppp/1b2q3/6B1/2p5/2P2N2/PP3PPP/R2QR1K1 w - - 0 15	d1d8	687	060t13141b1c
NFkrD	8/7p/2q1r1p1/3k4/1Q6/2B2P2/P4PKP/8 w - - 11 47	b4d4	687	0p13141b1s
OFElr	6k1/p5pp/2p5/2bp3p/6PB/8/PPb1N2P/2R4K b - - 0 27	c2e4	687	0l0p1113141b
PocHH	2r3k1/5pBn/p2p2pP/1p1Pp3/1P2P2P/P1q3R1/3K1P2/8 w - - 0 34	g3c3 c8c3 d2c3	687	010p1o
Q1s5i	6k1/p4pbp/3p2p1/3P4/3q4/Q1B5/P4PPP/1B4K1 b - - 0 26	d4d1 c3e1 d1e1	687	0p0s13151o
Q2QbI	1r4k1/5pp1/p6p/1p6/3R4/PPn1PN1P/5PP1/6K1 b - - 0 40	c3e2 g1f1 e2d4	687	010p0s1o
QNrpz	8/8/p3pRp1/3p4/r2k4/8/6K1/8 w - - 0 50	f6f4 d4c5 f4a4	687	010p1m1o1p
QeR7M	5R2/8/4k1p1/8/3b4/6P1/4qPK1/8 w - - 7 55	f8e8 e6f5 e8e2	687	0g0p1o1p
QsKru	r6k/p1p2rpp/1p1pp3/5pB1/3q4/P7/1PP2PQ1/2K3R1 w - - 0 25	g2a8 f7f8 a8f8	687	0p0t0y13151o
RCXbj	1r6/3P2pk/7p/8/1P6/P5P1/2R3KP/3n4 b - - 0 47	d1e3 g2f3 e3c2	687	0g0p0s1o
S14KO	8/6k1/1B5p/P4p1P/4p3/3n2K1/5P2/r7 w - - 0 41	b6d4 g7f7 d4a1	687	0g0p0s11121o
SePca	1k5r/ppp3Qp/1q6/8/2B1P3/7P/PPP5/3r2nK w - - 0 28	g7h8 d1d8 h8d8	687	0p0t13151o
TnpWs	r4rk1/p4p1p/4bBp1/3qp3/3p2P1/5P2/PPPQ3P/1K1R1B1R b - - 0 17	d5a2 b1c1 a2a1	687	1315191k1o
U1m6K	r5k1/1p2bppp/4p3/2P5/1P1B4/2nR4/5PPP/2R3K1 b - - 0 21	c3e2 g1f1 e2c1	687	010p0s1o
Unb6h	r6k/2PR2pp/8/1p6/3p1K2/5P1q/3r4/8 w - - 0 41	d7d8 a8d8 c7d8q	687	00060p13151h1j1o
VYBMM	8/7k/7q/3R4/7P/P4p2/4nP1K/3R4 b - - 0 41	h6h4	687	0p13141b
Vbdi3	N4b1r/pp1k1ppp/2p1pn2/5b2/q1P4P/5P2/PPPBQ1P1/2KR2NR b - - 0 14	a4c2	687	1314191b1k
YQ1EU	4r1k1/p5p1/1p1bqn1p/2Pp4/N7/P2P3P/1PQ2PP1/3RB1K1 b - - 0 23	e6e1 d1e1 e8e1	687	0y1315191o
YR2yv	1rb2rk1/p2nBppp/1qpp4/4p2P/4P1n1/2N2N2/PPPQ1PP1/2KR1B1R b - - 0 13	b6b2	687	13141b1c1k
YtDkW	8/8/p3p1pk/8/2pQ1P2/2P3P1/q6P/7K w - - 2 55	d4h8	687	0p13141b1i
Zs3U4	2k3r1/pbp5/1p1p1p2/1P1P4/P1P1P3/3B1P2/N3R2q/3R1KQ1 b - - 0 35	g8g1	687	1314191b
bsCvN	4r1k1/5ppp/5r2/p1pB4/1p6/2P5/PP3PPP/4R1K1 w - - 0 32	e1e8	687	0p13141b
cYSS9	5r1r/4k2p/pp2pN1R/2p5/2b2P2/3R2P1/PP4P1/2K5 w - - 0 24	d3d7	687	0p13141b
cjtNh	6rk/7p/p2pNbp1/1p4N1/8/1P4P1/2P2PPK/8 w - - 0 37	g5f7	687	0p13141b
ctg6L	2r5/8/2N2pkp/6p1/8/4PKP1/5P1P/8 w - - 10 55	c6e7 g6g7 e7c8	687	0g0p0s111o
d9P2u	5rk1/6pp/2Q1p3/2Pp4/3Pp3/4P3/1B3qPP/R6K b - - 0 26	f2f1 a1f1 f8f1	687	060p13151n1o
dFRJI	8/p6p/1p2k1b1/3p4/5PP1/P4K2/8/7R b - - 0 35	g6e4 f3e3 e4h1	687	0g0p111o1p
f6z6h	r1b1k2r/pppp1ppp/2n2q2/2b1N3/4B3/6PP/PPPP1P2/RNBQK2R b KQkq - 0 7	f6f2	687	0413141b1c
fEqYn	8/6p1/p3p2p/4P3/P1k2K1P/1q3N2/5PP1/8 w - - 4 57	f3d2 c4d5 d2b3	687	0g0p0s1o
fgUEy	3b4/p4Qpk/4N3/3q4/4nP2/P3P3/4N1PP/6K1 b - - 0 33	d5d1	687	0p13141b
fiFbx	1r4k1/3p1ppp/p3p3/Pr2P3/3PP1Pq/5Q2/7P/R4RK1 w - - 2 29	f3f7 g8h8 f7f8 b8f8 f1f8	687	060p1013161n
fuoZO	5k1r/1p2p3/3p2Q1/p2P1P2/4P3/8/2r2RPP/7K b - - 0 32	c2c1 f2f1 c1f1	687	0p13151j1o
h547U	r2qr1k1/ppp1pp1p/3p2pB/3P4/4nP2/2Q5/PPP3PP/R4RK1 w - - 0 17	c3g7	687	1314191b
hnGHU	2r3k1/1p3p1p/p2pb3/3N2p1/8/2P2P2/PP4PP/2K4R w - - 3 24	d5e7 g8g7 e7c8	687	0g0p0s1o
hr0KC	r1bq2k1/1p1nbrpp/4p3/3pP1N1/p1pP4/2P3Q1/PPB3PP/1RB2R1K b - - 4 18	f7f1	687	060t13141b1c
hs0lN	2r2rk1/pp2bppp/1q2p2n/3pP1N1/3n1P2/2PQ4/PP4PP/1RB1K2R w K - 0 15	d3h7	687	0y1314191b
iLF5u	8/p2Q2bk/1p6/7p/P4B1P/3R2PK/8/1q6 b - - 0 45	b1h1	687	0p1113141b
ig3J3	4k3/p2q2r1/2n5/1p2p2p/4Np2/3P1bP1/PPPB1P1P/R3K1R1 w Q - 4 23	e4f6 e8d8 f6d7	687	0g0s191o
jIbRw	8/8/3p4/3kp1R1/8/4P3/3K1n2/8 b - - 7 47	f2e4 d2d3 e4g5	687	0g0p0s1o
jQdyP	8/5R2/2p3p1/p4N1p/P1B2nkP/1P6/5nPK/3r4 b - - 0 33	d1h1	687	0p13141b
kAAJs	4r1k1/p5pp/6n1/1p1b2q1/3P4/2P5/PP3QPP/4R1K1 w - - 0 29	e1e8 g6f8 f2f8	687	0p13151o
kYC36	r5k1/pRB5/2n1b2p/2b3p1/2P1Bp2/5N1P/P4pPN/5K2 b - - 0 26	e6c4 e4d3 c4d3	687	1315191o
lkXDP	6k1/pp4pp/4p3/8/7P/4Q1B1/P1q5/6K1 w - - 0 38	e3e6 g8h8 e6e8	687	060p13151o
mKK2J	1R6/5p2/7p/6p1/2N5/p3P1PP/1bb2P2/1k3K2 b - - 3 38	c2d3 f1g2 d3c4	687	010p0s1o
mMzy0	b2r2k1/P4pp1/3b3p/8/8/8/1B3PPP/3R1BK1 b - - 1 31	d6h2 g1h2 d8d1	687	010j0p111o
mneU1	2kr1b1r/pppn2pp/q3pn2/1N4B1/2QP4/8/P4PPP/1R2KB1R w K - 4 16	c4c7	687	13141b1c1k
nF5pv	3r4/6k1/8/1p1P1p2/b3pN1p/P5P1/7P/1R4K1 w - - 0 44	f4e6 g7f6 e6d8	687	0g0p0s1o
nboA1	3r3k/3P2pp/p3R3/8/5P2/7P/5PPK/3q4 w - - 0 30	e6e8 d8e8 d7e8q	687	00060p13151h1j1o
plhHJ	k3r3/p2B1Q2/1pbB4/8/8/2P5/PP3Pn1/5K2 b - - 4 36	e8e1	687	0p13141b
qIwPu	8/p7/p7/7k/P5n1/1PB4p/2P4N/6RK b - - 0 35	g4f2	687	0p13141b
qO3tc	r4rk1/1p4pp/1Q1pp3/p3p3/P1NPP3/2P2P1n/1P3RPP/6RK b - - 0 25	h3f2	687	0t0y1314191b1q
qvcdG	r1k5/2p5/p5Q1/1qpPp1Pp/7P/8/PPP5/1K3R2 b - - 0 39	b5f1	687	060p0t13141b
rKj8X	r4r1k/p5p1/1p5p/2pBn2Q/3pP3/1P2R3/PBP2qPP/R6K b - - 2 25	f2f1 a1f1 f8f1	687	061315191n1o
tI8sc	6k1/p4q1p/1p2n1p1/3Q1P2/6P1/1P4B1/P5K1/8 b - - 0 44	e6f4 g3f4 f7d5	687	0g0j0p1o
twEwC	4r3/ppp3k1/3p2p1/3N4/2P3P1/8/PP2n1PK/5R2 b - - 3 27	e8h8	687	020p13141b
umgxE	3r3r/6pp/2p2kP1/3nnP2/p7/P6P/1qB2Q2/1N1K1R1R w - - 3 29	f2h4	687	1314191b
uzQIl	8/1R3pk1/Q5pp/3Pp3/3qPb2/7P/6P1/7K b - - 0 46	d4d1 a6f1 d1f1	687	0p13151o
wXU5p	r5k1/2B2ppp/2Nb4/1p6/3P4/1R2P2P/5PP1/6K1 b - - 0 29	a8a1 b3b1 a1b1	687	0p13151f1o
wa9Gt	1r6/8/1p2pk1p/6p1/8/3KP1P1/5P1P/3R4 b - - 6 30	b8d8 d3e2 d8d1	687	0g0p1m1o
x4IL3	1r4k1/R4p1p/4p1p1/3n4/6P1/8/1PR5/5K2 b - - 3 46	d5e3 f1e2 e3c2	687	0g0p0s1o
xVb7F	2kr4/pp3p2/3p4/2b3pr/3pP3/N2B1P2/1PPB2P1/R4K2 b - - 2 22	h5h1 f1e2 h1a1	687	01191o1p
yDtAv	rnb1kb1r/pp2pppp/8/2qp4/4n3/2N2NP1/PPPBPPBP/R2QK2R b KQkq - 1 7	c5f2	687	0413141b1c
yRTAT	8/2kp1p2/pp3B2/8/8/1K6/PP5r/8 w - - 0 33	f6e5 c7c6 e5h2	687	010p0s1o
yhJOi	8/6p1/Pb6/1p1k1P1p/1P1pp3/6PP/2K1R3/8 b - - 1 43	d4d3 c2d2 d3e2	687	000g0p0s1o
zXtkZ	4R3/6k1/p1p4p/7p/P3B3/6P1/1r1r3P/6RK b - - 11 49	d2h2	687	0p13141b
0UnBK	2rqk2r/3bbppp/p3p3/1pp1N3/4n3/5Q1P/PPPP1PP1/R1B1R1K1 w k - 0 15	f3f7	688	0413141b1c
1HgR1	r5k1/pp1nr2p/3b2pQ/2pP1BN1/2P4P/8/PP2qPP1/R5KR b - - 2 22	e2e1 a1e1 e7e1	688	0y1315191f1n1o
1VSxW	3r2k1/1b3ppp/pQ6/3p1P2/3P2n1/2N3q1/PP2r1B1/R5K1 w - - 0 27	b6d8 e2e8 d8e8	688	0t0y1315191o
1xmKZ	3r3k/1pR4r/5Np1/p7/8/1P6/1n3PP1/6K1 w - - 0 35	c7h7	688	030p13141b
4O0GO	rn2k2r/ppp2pp1/3np3/3p4/6Qq/1B1P4/PPP2PPN/RN3RK1 b kq - 0 12	h4h2	688	0y13141b1c
4X3k2	2kr3r/ppp1n1pp/1bn5/4p1P1/1P1pP2P/P2P3q/2PNB3/R1BQK3 w Q - 0 16	e2g4 h3g4 d1g4	688	010s191o
4YTLN	r1br2k1/pp2nppp/1np1pq2/8/P7/B2Q1NP1/P3PPBP/R4RK1 w - - 1 13	d3d8	688	060t1314191b
5Vr7d	6k1/p4rp1/2pr4/B3p1b1/4q1P1/1B3p1P/PPP2P1Q/RK2R3 b - - 7 28	e4e1 a5e1 d6d1	688	061315191n1o
60aQZ	4r1k1/pp3p1p/6p1/8/3p2N1/P7/1P2BP2/4K3 w - - 0 28	g4f6 g8f8 f6e8	688	010p0s1o
7AZyV	1b3rk1/pR5p/2p1p1p1/2P2q2/P2Pp2Q/6P1/1B5P/6K1 w - - 2 32	h4h7	688	0p13141b
7UGBZ	2r4k/1q4pp/8/8/1r1Q4/7P/5PP1/3R2K1 w - - 0 36	d4d8 c8d8 d1d8	688	060p13151n1o
7ZJE3	rnbk2nr/p2p1R1p/1pp5/3N4/2B1P3/3P4/PPP3PP/R5K1 w - - 0 14	f7f8	688	1314191b
85A2t	3N2k1/1p4pp/8/1N2p3/1r2P3/8/R1P2PPP/6K1 b - - 0 30	b4b1	688	060p13141b
9pIkC	2R2r1k/6pp/4Q3/8/P2r4/6P1/3q3P/6K1 w - - 0 40	c8f8	688	060p13141b
AflGZ	7r/R5Qp/6p1/3pPp1k/3P4/4P1Pq/2r2R1P/6K1 b - - 2 29	c2c1 f2f1 h3f1	688	0p13151o
B0600	2rr1k2/p1q1bp2/6Q1/8/3p1p2/2P2P1P/P2R4/2K3R1 w - - 1 27	g6g8	688	1314191b
CK9MY	b7/2k5/P1p2p2/5P2/3K4/2P5/2P3B1/8 b - - 5 37	c6c5 d4c5 a8g2	688	080g0j0p1o
D81Pq	8/5p2/4p2p/3nk3/2R4P/6P1/6K1/8 b - - 0 49	d5e3 g2h3 e3c4	688	0g0p0s111o
Dcrzf	8/1k6/8/1Np5/2P1b3/1P4Pp/P4K1n/8 w - - 0 38	b5d6 b7b6 d6e4	688	010p0s1o
Fyfz1	r2qkbnr/pbpnp3/1p1p3p/5p2/3P3p/4P1BP/PPPN1PP1/R2QKB1R w KQkq - 0 9	d1h5	688	13141b1c
GCvpF	8/6p1/4kp1p/7P/5P2/1r4n1/1pN5/1R2K3 w - - 0 46	c2d4 e6d6 d4b3	688	010p0s1o
GTH53	2k5/ppp2pp1/4p1p1/1Q6/3P1b2/2P3qr/PPK1R3/8 w - - 2 28	b5e8	688	0p13141b
GVFhD	6k1/5pp1/3p3p/3q4/1P1b4/1R1Br1PP/2Q4K/8 w - - 4 41	c2c8 e3e8 c8e8	688	0p13151o
GdbIF	8/8/2k2n2/P1P5/1K1R4/1P6/r7/8 w - - 7 57	d4d6 c6c7 d6f6	688	0g0p0s1o
HLoNc	r5rk/pp3p1p/2pbpp2/q7/7R/P2B4/2PP1PPP/R2Q2K1 w - - 4 19	h4h7	688	0y1314191b1d
IIa5s	8/3k1p2/4p1p1/2bp4/r4P1R/5K2/4B3/8 w - - 0 45	e2b5 d7e7 b5a4	688	010p0s1o
J7oUP	3rr1k1/ppp3pp/4np2/3P4/P1N1P3/1P1Q2N1/6K1/8 b - - 0 30	e6f4 g2f3 f4d3	688	0g0p0s1o
JDWXR	2b3k1/1q3ppp/1pQ1p2n/pP1pP3/P2P1nP1/5N1P/3NBP2/6K1 w - - 4 27	c6e8	688	1314191b
JiIZ1	rb3rk1/2qn1pB1/p3p3/7Q/3pb3/5NP1/PP3P1P/R4RK1 w - - 0 19	h5h8	688	1314191b
K8XfX	6k1/2R3p1/8/6N1/2pr1PK1/1n6/8/8 w - - 1 48	c7c8 d4d8 c8d8	688	0p13151o
Kcbfv	8/8/8/6K1/7p/5k1P/8/8 b - - 6 60	f3g3 g5f5 g3h3 f5f4 h3g2	688	0g0p101e
KjpaC	4r3/2p5/3pP3/pP2p1pk/P1p1PpN1/5P2/1P4K1/8 w - - 1 45	g4f6 h5g6 f6e8	688	0g0p0s111o
Kk9SA	2k3r1/ppp5/r7/5N1p/1PPP4/7P/P6K/3R4 w - - 5 36	f5e7 c8d8 e7g8	688	010p0s1o
LXUpN	6R1/6p1/2k2p1p/2r1p3/1K2P3/5P1P/8/8 w - - 0 50	g8c8 c6b7 c8c5	688	0g0i0p1m1o1p
MkSGU	3r2k1/p4ppp/5q2/8/2p1Q3/1P2R1P1/P4P1P/6K1 w - - 2 29	e4e8 d8e8 e3e8	688	060p13151n1o
Oiy8G	r3k2r/1b2Bppp/p3p3/3q4/8/3B4/P1P2PPP/R2Q1RK1 b kq - 0 14	d5g2	688	0y1314191b
PEZ7z	3q1rk1/pp2bppp/2r5/8/P1p1N3/2QnP3/1B1P1PPP/R4RK1 w - - 6 19	c3g7	688	0y1314191b
PPypa	2r1kb2/Q4p2/2b1p3/2p1P2p/2pP3q/2P1B1Pp/PP5N/R4RK1 b - - 0 22	h4g3	688	0y111314191b
RWeJ0	8/7p/6p1/5pk1/8/4R1KP/8/8 b - - 3 47	f5f4 g3g2 f4e3	688	0g0p0s111m1o
RfRYi	4r3/pb3p1k/1p2nBp1/3pP3/8/PqrB1R2/6PP/3R3K w - - 0 29	f3h3 h7g8 h3h8	688	111315191d1o
RlGHi	3n2k1/1pq3pp/7r/p2p1pNb/3P1b2/P1B1Q2P/1P1N1PP1/4R1K1 w - - 8 26	e3e8 h5e8 e1e8	688	0y1315191n1o
SA5KX	8/8/2k3p1/5p2/1PK1n3/8/8/5R2 b - - 3 56	e4d2 c4d3 d2f1	688	0g0p0s111o
SPJW7	r7/1R6/p1B1pk2/1p6/3p4/P7/1P2nPPK/3N4 b - - 0 34	a8h8 b7h7 h8h7	688	020p13151o
Sx8QZ	2k5/pp1n4/3B4/5P2/P1p2P2/2P5/5r2/R2K4 b - - 0 40	f2f1 d1e2 f1a1	688	0g0p111o1p
TQW74	r3kb1r/ppp2pp1/3p1n2/4p1N1/4P3/3P2Pq/PPP2P2/R1BQ1RK1 b kq - 0 14	h3h2	688	1314191b
TanjJ	8/5kPK/1pp5/4P3/pPP4B/P7/8/7r b - - 8 48	h1h4	688	0p0t13141b
TkCjb	r2qkbr1/1p1bnp2/p3p3/2p1P1p1/4N2p/6B1/PPP2PPP/RN1Q1RK1 w q - 0 14	e4f6	688	1314191b1q
UQ6Yd	2k4r/1p4pp/1Bp2p2/8/R7/6P1/P4PKP/3r4 w - - 2 32	a4a8 c8d7 a8h8	688	010p1o1p
UfwwF	rn1q1r2/2pn1pkp/b3p1p1/p3P1N1/1p1PN3/7Q/PPB2PP1/R4RK1 w - - 2 19	h3h7	688	1314191b
VG8at	1k1r1b1r/ppp2ppp/4bn2/1P2q3/Q7/P1N2B2/3P1PPP/R1B1R1K1 b - - 1 16	e5e1	688	0t0y13141b1c
VnYkj	1r4k1/1Qn2ppp/2n1p3/q7/3P4/5B2/3N1PPP/1R4K1 w - - 1 21	b7b8 c6b8 b1b8 c7e8 b8e8	688	0610131619
XCweu	r1k1br2/pppn4/7q/3p3p/3P3Q/3n2P1/PPP1R3/1K2R3 w - - 0 28	e2e8 f8e8 e1e8	688	061315191o
XGoTX	3r2k1/5pp1/pp5p/8/3nB3/7P/PP3PP1/2R3K1 b - - 1 28	d4e2 g1h2 e2c1	688	010p0s111o
XOuHl	3k4/p1p4R/1p2K3/4p3/4P3/r7/8/8 w - - 0 40	h7h8	688	0p13141b1m
Yd0nT	6k1/5pp1/5n1p/8/1p6/1PqQP2P/3NK1Pb/rB6 w - - 9 31	d3d8 f6e8 d8e8	688	1315191o
Yh4xA	r1b1k2r/1pP1npb1/6p1/1pP1p2p/8/2N5/PP2N1PP/3R1RK1 w kq - 0 18	d1d8	688	1314191b
ZeyNQ	r2k3r/p1p2ppp/3b4/3nq3/Q2P4/8/PP3PPP/RNB2RK1 b - - 0 14	e5h2	688	0y1314191b
aYO4T	Nn3rk1/pp3qpp/3p4/4p3/8/2PP4/P1P2RPP/R1BQ2K1 b - - 0 13	f7f2 g1h1 f2f1 d1f1 f8f1	688	0610131619
bVs7Z	8/1p2n3/3n2kp/1pR5/2pP2PP/2P5/PP3K2/8 b - - 1 34	d6e4 f2f3 e4c5	688	010p0s1o
bxvrs	rn2r1k1/ppp1b1pp/8/4Pp2/8/1P3N2/b1PB1PPP/2KR1B1R b - - 0 14	e7a3	688	0l1314191b
dKex9	7k/1b2bppp/p3p3/1p2P3/8/P1NQ2BP/1PP2qPK/8 b - - 4 26	f2g2	688	0p13141b
da1nm	8/8/p7/2k5/P7/6P1/7r/1R3K2 b - - 2 44	h2h1 f1e2 h1b1	688	0g0p1m1o1p
dikwn	6k1/p4ppp/8/8/7P/5PK1/P1q3P1/1R2r3 w - - 0 28	b1b8 c2c8 b8c8 e1e8 c8e8	688	060p1013161j
eXuxO	2kr3r/1ppb1q2/1p1p3p/4p3/4P1P1/1P1P4/1PPQ2PP/R3N1K1 w - - 0 18	a1a8	688	061314191b
fAU1f	1R6/2r2p2/6p1/p6p/k6K/r7/8/3R4 w - - 34 75	d1d4 c7c4 d4c4	688	0p0q13151m1o
gqWK3	7k/ppp5/2nb2pp/3Q4/3P4/2P4P/PP3r1P/6RK b - - 1 21	f2h2	688	0p13141b1d
hY0iA	r5k1/5pbp/2b3p1/q1pR4/8/pP2BP2/P1Q1N1PP/4R1K1 b - - 0 24	a5e1	688	0t0y1314191b
jLT7t	3q2k1/5pp1/1p3n1p/3Br3/8/6P1/3QPP1P/4R1K1 w - - 1 24	d5f7 g8f7 d2d8	688	0g0j0p111o
jgyNA	5k2/3r1pp1/1p1P3p/pP6/8/1P4P1/5P1P/2R1b1K1 w - - 0 36	c1c8 d7d8 c8d8	688	0p13151o
kAr2t	2r3k1/pp4p1/b2rp1Np/7B/3p4/P4P2/1P4PP/4R1K1 w - - 2 34	g6e7 g8f8 e7c8	688	010p0s111o
kM8JG	r4k2/pp6/2p3p1/8/8/1PKP3R/P6P/6b1 w - - 0 35	h3h8 f8e7 h8a8	688	010p1o1p
lBYDd	Q7/ppp5/2n2kp1/8/3qp1b1/8/PPP2PPP/RNB1K2R b KQ - 0 12	d4d1	688	1314191b
ldTlO	r5k1/ppp2ppp/8/3NR3/3P4/1PP2PP1/P2n3P/6K1 b - - 2 25	d2f3 g1f2 f3e5	688	0g0p0s1o
n4QG2	R7/7p/6p1/2p5/8/1PP5/3kp1PP/6K1 b - - 0 40	e2e1q	688	000p13141b1h
nRnnN	2k5/1p3B1p/p1p5/2P1p1P1/6r1/2K5/5P2/8 w - - 2 38	f7e6 c8d8 e6g4	688	0g0p0s1o
naKBy	2r3k1/p1q2pbp/4p1p1/3p4/1P6/4P3/P2Q1PPP/RNR3K1 b - - 0 20	c7c1 d2c1 c8c1	688	061315191o
nxrrt	2br2k1/p4ppp/2pp3n/6N1/4P1q1/4Q3/P4PPP/RN1R2K1 b - - 0 21	g4d1 e3e1 d1e1	688	0t0y1315191o
p4iCJ	2r5/1pr1kp2/p3pp1p/n2p4/1b1P4/1PN1P1P1/1PRNKP1P/2R5 w - - 3 23	c3d5 e6d5 c2c7 c8c7 c1c7	688	010j1019
qaTeo	3r4/Rp3ppk/2r1b2p/3N4/1P6/P6P/6P1/3R3K w - - 1 29	d5f6 g7f6 d1d8	688	010j0p1o
sU0Rv	3r2k1/pb2R1p1/2q4p/8/8/6QP/P4PP1/6K1 w - - 4 27	g3g7	688	0p13141b
scJY9	8/r3k3/5RK1/8/8/8/8/8 w - - 30 80	f6f7 e7d6 f7a7	688	0g0p1m1o1p
tfC0t	6k1/1pp1Rpr1/p6R/3r4/1PPq4/P7/4KP2/8 w - - 0 37	e7e8	688	0p13141b1j
vSGP4	rnbqkb1r/p2pn1pp/1p3p2/2p1p3/2BP4/1QP1P3/PP3PPP/RNB1K1NR w KQkq - 2 6	c4f7	688	13141b1c
vjXlg	r1b1k2r/pp1p1pp1/5qnp/2bNp3/4P3/8/PPP2PPP/R2QKBNR b KQkq - 1 10	f6f2	688	0413141b1c
vrg0g	rnb2k1r/ppN1ppbp/6p1/4P3/8/4n3/PPP2PPP/2KR1BNR w - - 1 11	d1d8	688	0613141b1c
wVqP8	8/3k2p1/1p3p1p/1P3P1P/3K4/8/8/8 w - - 3 58	d4d5 d7e7 d5c6	688	0g0p1e1o1z
wx9TC	8/6k1/4b3/4p1BP/3bP2K/2p5/2B5/8 b - - 1 50	d4f2	688	080l0p13141b
xJAv5	r4rk1/p4ppp/2N1b3/2pq4/Q2P4/2P5/P4PPP/R5K1 w - - 1 19	c6e7 g8h8 e7d5	688	0g0s191o
xak9O	8/8/8/r3k2p/3N3P/5KP1/8/8 w - - 3 61	d4c6 e5f6 c6a5	688	0g0p0s1o
xv2nz	1n6/1k6/8/1P3K2/6P1/8/8/8 w - - 0 61	g4g5 b8d7 g5g6 b7b6 g6g7	688	000g0p0z10111l
z2JRH	8/6p1/6k1/R5N1/6K1/2r5/P6r/8 w - - 0 48	a5a6 c3c6 a6c6	688	0p0q13151o
0XzsM	7k/5q2/7p/7P/1P1pQ3/4bP2/2P3P1/7K b - - 0 46	f7h5 e4h4 h5h4	689	0p13151o
1H7IA	6k1/8/p2P3p/1p6/1P3p2/2r5/P3r1PK/3R4 w - - 0 37	d6d7 c3e3 d7d8q	689	000g0p1h1m1o
1s6Q8	1r3rk1/5pp1/4p2p/p3q3/4B3/8/1PP1QPPP/4R1K1 w - - 1 22	e4h7 g8h7 e2e5	689	010j0p1o
3pK7l	2r3k1/1p3ppp/3b1n2/p5Qq/8/2N2N2/1P4b1/2R2R1K w - - 0 28	h1g2 h5g5 f3g5	689	010t191o
3zroy	3n4/p2b2Q1/2kP4/8/5K2/P7/6P1/8 b - - 0 46	d8e6 f4e3 e6g7	689	0g0p0s1o
4eBBi	rnbqkb1r/1p2pppp/p4n2/1Np5/Q1Pp4/5N2/PP1PPPPP/R1B1KB1R w KQkq - 0 6	b5c7	689	0k0m13141b1c
57d4t	1Q4r1/5k2/1RNp4/4p3/8/5n1b/5P1P/7K b - - 0 37	g8g1	689	030p13141b
5U8tk	5r2/p1k5/2P5/3K1p2/5N2/P7/8/8 w - - 6 71	f4e6 c7b6 e6f8	689	0g0p0s1o
5ZWlQ	R6Q/2p1rkp1/1p1p1pq1/3P4/1Pb3P1/5P1P/8/7K w - - 0 46	a8f8	689	0p0q13141b
5c0Oa	8/8/3p2p1/2pPk3/4P3/4K3/8/2Bb4 w - - 2 37	c1b2	689	080p13141b
64gZZ	6k1/1pp5/p2b2p1/7p/8/1PB2P1P/1PP1r3/6RK b - - 2 32	e2h2	689	0p13141b1d
7VImf	8/5p2/5kp1/8/3n1P2/R3K1PP/8/8 b - - 10 57	d4c2 e3f3 c2a3	689	010p0s111o
8SQJ0	r1br2k1/pp2bppp/8/2p1P3/2PqpP2/4Q3/PP2B1PP/R1BR3K b - - 4 16	d4d1 e2d1 d8d1	689	0g0y191o
994Aw	2rq1k1r/p2n1pp1/1p1p4/1Ppn1P2/2P2P1p/2Q5/PB4PP/4R1K1 w - - 0 24	c3g7	689	1314191b
9ZL41	2b3k1/2p3pp/p2p4/3P2q1/1P1P4/5Q2/R4PPP/6K1 b - - 0 28	g5c1 f3d1 c1d1	689	060p13151o
AEton	3r1rk1/p1R2pp1/1pn4p/3qP3/8/P3B3/1Q3PPP/2R3K1 b - - 2 32	d5d1 c1d1 d8d1	689	0611121315191n1o
CCglG	r6r/ppqk1pp1/2p1pbb1/3p4/3P2P1/4PQ2/PPP1NPB1/R4RK1 b - - 0 16	c7h2	689	1314191b
CsaRu	r2qkb1r/p1pp1ppp/n1b2n2/2P3N1/4p3/1QN5/P2PPPPP/R1B1KB1R w KQkq - 1 9	b3f7	689	0413141b1c
Cwrfo	2r4k/pb4p1/7p/8/3p4/3Br1qP/PP1Q1RP1/5RK1 w - - 4 27	f2f8 c8f8 f1f8	689	1315191f1o
DTfkQ	r5k1/p2p2pp/2bBrp2/8/5P2/P7/1P4PP/2R1R1K1 w - - 3 26	e1e6 d7e6 c1c6	689	010p1o
Dbyo6	r1bq1rk1/pp3p1p/4p1p1/3p4/4Q3/N1P5/PP2BPPP/R2R2K1 b - - 0 13	d5e4 d1d8 f8d8	689	01191o
DwZQc	6k1/4npp1/p2q3p/3B4/8/6PP/1P3P1K/3Q4 w - - 1 36	d5f7 g8f7 d1d6	689	0g0j0p111o
E2Mes	8/5k2/2R4K/6P1/8/6r1/2P5/8 b - - 0 43	g3h3	689	0p13141b1m
EKnxH	2r1k2r/ppq1bpp1/4pnp1/3p4/P1PB4/1P2P3/3N1PPP/R2Q1RK1 b k - 0 15	c7h2	689	0y111314191b
EtLUx	1r6/2k1ppb1/p2r3p/2pP1Pp1/2P1N3/P7/R4PPP/1R4K1 b - - 0 28	b8b1	689	060p0t13141b
GcTri	6k1/3b1qpp/1rp5/3p1pP1/1b1P1P2/1Q1BP3/5K2/R6R b - - 1 26	b4e1 f2e1 b6b3	689	0g0j191o
HFiuj	5rk1/1Q3pp1/p3p2p/qp2P3/R7/4B3/5PPP/4R1K1 b - - 0 26	a5e1	689	0p0t13141b
ITaBk	r3r1k1/5pp1/4b2p/1qb2N2/p1p1PpP1/P1QpP2P/1P4B1/1R2R1K1 w - - 0 25	c3g7	689	0y111314191b
IYFCX	5rk1/p4pB1/1pp5/5r1Q/2q5/2n4P/P4PP1/5RK1 w - - 0 30	h5h8	689	1314191b
JT18T	4r1k1/5pp1/7p/1n6/2p1NK2/2P1R2P/5PP1/8 w - - 6 46	e4f6 g7f6 e3e8	689	0g0j0p111o
JVM7a	8/8/5k2/7p/3NP2P/1r1P1K2/8/8 b - - 0 45	b3d3 f3e2 d3d4	689	0g0p0s1o
Jj69o	6kr/p4pp1/q3p1Pp/2Bp4/P7/2P3Q1/2Pn2PP/5RK1 b - - 0 25	a6f1	689	0p0y13141b
Kzjik	r5k1/5r2/p1nqb1p1/1ppp2P1/4p3/PP1PP3/1BP2P2/R3K1NR w KQ - 0 19	h1h8	689	1314191b1d
L9lzk	2R3rk/1p6/p3pN2/4P3/6pP/3q4/PP3R1K/8 w - - 2 33	c8g8	689	030p13141b
LPmoV	2b3r1/3pk2p/4p2p/1Pp1Q3/1pN5/4P1q1/6B1/1R3RK1 b - - 1 32	g3g2	689	1314191b
La9ud	8/3p3p/8/2k5/3nP3/2N2PK1/1r4PP/8 w - - 4 46	c3a4 c5c6 a4b2	689	010p0s1o
LzgCL	1r3r1k/1Q4p1/p4p1p/2p5/P7/8/1Bq4P/K5RR w - - 1 35	b7g7	689	1314191b
Mdjc9	1k1r3r/ppp2pp1/2p5/3nPQ1p/1q6/3PP2P/NPP3P1/2K1RB1R b - - 0 17	b4e1	689	0t1314191b
MsKaT	5r2/ppk5/5p2/4bRN1/7p/P1P5/1P5P/1K6 w - - 1 34	g5e6 c7d6 e6f8	689	0g0p0s111o
MxMDT	8/8/3K1p2/5P2/5kP1/8/8/8 b - - 2 58	f4g4 d6e6 g4g5	689	0g0p1e1o1z
NYcl7	rnbqkbnr/ppppp2p/5p2/6p1/5P2/4P3/PPPP2PP/RNBQKBNR w KQkq - 0 3	d1h5	689	13141b1c
Nq2Gl	2r3k1/pp3ppp/3P4/5Q2/2qN4/8/5PPP/R5K1 b - - 0 27	c4c1 a1c1 c8c1	689	060p13151n1o
Se3j0	2k5/pp2RB1r/2b2p2/8/7P/P3R1P1/1PP2P1K/3r4 b - - 8 28	d1h1	689	0p13141b1d
Sinin	r5k1/pp3ppp/3q1B2/3p1b2/7r/P3PB2/1P1Q1PPP/R4RK1 b - - 0 17	d6h2	689	0y1314191b
Skrg2	Q7/ppkn2b1/2pp2p1/5b1p/6n1/2Pq4/PPBB3P/2KR2NR b - - 1 23	d3c2	689	1314191b1k
SuSKl	6k1/5p1p/5Pp1/p5Bq/3pr2P/6Q1/2r5/4R1K1 w - - 0 38	g3b8 c2c8 b8c8 e4e8 e1e8	689	0p101316
SxDnK	5R2/8/8/8/6rk/5K2/8/8 w - - 26 58	f8h8 h4g5 h8g8	689	0g0p1m1o
Ta6RM	8/7p/2p5/1p5B/1Pk2P2/P2bpK2/1B1b3P/8 w - - 8 40	h5f7	689	080p13141b
TuxUS	1k6/pppr2p1/6rp/1P3p2/PB2P3/2Q2n1P/5P2/2R2B1K b - - 0 30	g6g1	689	03111314191b
U83UG	2r1k2r/pp1q1p1N/1b2p1p1/3pP3/3P1P1P/P1PQ2R1/6P1/nN3K2 w k - 0 22	h7f6 e8d8 f6d7	689	010s191o
UKjl7	1r1q1rk1/ppp2ppn/2b1p3/8/3P4/4PNP1/PPQ2PP1/R3K2R w KQ - 0 18	c2h7	689	0y1314191b
VF7XT	1r4k1/5p1p/p2q2p1/b1pBp1P1/4P2P/1PpQ1P2/P3K3/6R1 w - - 1 30	d5f7 g8f7 d3d6	689	0g0j0p0y1o
VK2nA	8/2p1k1p1/2P2p1p/3P1n1K/4BP1P/8/8/8 b - - 3 41	f5g3 h5g6 g3e4	689	0g0p0s111o
W4HQH	3r2k1/p4p2/4b1pp/2p1R3/4n2N/1P2BP2/P5PP/6K1 b - - 0 27	d8d1	689	0p13141b
WBx9e	8/8/8/1Q6/8/PK6/2rr4/3k4 w - - 1 51	b5f1	689	0p13141b1j
WCySr	1r3r1k/pp6/3bBqnp/2pP3Q/8/P6P/1P3PP1/R4RK1 w - - 0 23	h5h6	689	0y1314191b
WOXQd	k6r/pp3pp1/2pQ2p1/8/6P1/8/PPP2q1P/2KR4 w - - 4 22	d6d8 h8d8 d1d8	689	060p13151n1o
Xj5Nv	r1b1k1nr/1p1p1ppp/pqN1p3/8/2P1PP2/2B5/PP2KbPP/RN1Q1B1R b kq - 2 10	b6e3	689	13141b1c
Xx92R	r1bq1r2/pp1n1p1k/3p1n1B/3pb1Q1/2B1P3/7P/PP3PP1/3R1RK1 w - - 2 19	g5g7	689	1314191b
ZOtlu	r5k1/5ppp/4p3/1p1p4/q7/7P/P1Q2PP1/2R3K1 w - - 2 29	c2c8 a8c8 c1c8	689	060p13151n1o
aUnoL	7k/3R2p1/pP5p/5r2/8/P7/2P1p1PP/4R2K b - - 0 32	f5f1 e1f1 e2f1q	689	000p13151h1m1o
aWe15	1r4k1/3q1p1p/p3p1pb/4Pn2/Pr1PNP2/1P6/5BPP/1R1Q2K1 w - - 1 30	e4f6 g8g7 f6d7	689	010s191o
acd9v	8/8/8/5k2/1p3b2/1P1P2pp/PB2K3/7R b - - 1 52	g3g2 h1g1 h3h2 g1g2 h2h1q	689	000g0p101h
asFY3	rn1q1b1r/pp5k/2p2npp/4NQ2/3P2PP/8/PPP2P2/R1B1K3 w Q - 0 16	f5g6	689	1314191b
b6vQX	7r/1b4bk/4q1B1/p1pp2Q1/Pp3B2/1P1P2K1/2P2RP1/8 b - - 4 43	e6g6 g5g6 h7g6	689	01191o
bDk8O	7Q/1ppk2pp/3b1p2/1P2q3/1n6/3pB3/P4PPP/R4RK1 b - - 0 21	e5h2	689	0y1314191b
cIk13	2k4r/ppp2pp1/2Bqpn2/8/3P4/4P3/PP3PP1/R1BQ1RK1 b - - 2 16	d6h2	689	1314191b
dIYf6	8/8/8/3p3p/3Pkp2/5N1P/r2n1PP1/3R2K1 b - - 3 42	d2f3 g2f3 e4f3	689	0g0p1o
dUZBY	1b3k2/pp3p1p/4p3/PP3p2/8/4Pq2/1Q3PR1/3B2K1 b - - 0 33	f3d1	689	0p13141b
dczOc	8/8/7p/4N1p1/1p4P1/2k2K2/6P1/8 b - - 1 56	b4b3 f3e4 b3b2	689	000g0p0z1o
e2IJL	8/8/6p1/8/p7/P1PK1k2/1P6/8 b - - 1 66	g6g5 d3d2 g5g4	689	0g0h0p111e1l1o
fLjYs	3r3k/p1q3p1/2p2b1p/1r4n1/8/2P3P1/PPQ1R1BP/4R2K w - - 10 35	e2e8 d8e8 e1e8	689	0y1315191o
fhOCs	6k1/R6p/5Kp1/8/5PrP/8/8/8 w - - 0 48	a7a8	689	0p13141b1m
hFZ09	rn2k2r/ppR2ppp/5p2/3b4/8/5N2/PP2PPPP/4KB1R w Kkq - 0 15	c7c8 e8e7 c8h8	689	0g191o1p
hHvIM	4k2r/p5pp/1p1b1p2/3Pp3/8/4B3/PP3PPP/2R3K1 w k - 2 19	c1c8 e8f7 c8h8	689	0g0p1o1p
hJ9wg	1r4k1/5pp1/4p2p/q2p4/p7/P1Q1BP2/6PP/2KR3R b - - 0 25	a5c3	689	0p0t13141b1k
hcHVJ	6rk/1b3p1p/4pp2/1pp2P2/3r4/3P4/P1B1Q1PK/5RR1 b - - 0 27	d4h4	689	1314191b
hmX70	r7/2Q5/8/3q2Pp/p6P/8/PPR5/2K1k3 b - - 0 41	d5d1	689	0p1113141b
hwEQM	4r3/3qr1kn/1ppp2p1/p4p1p/2PP3P/P3RpP1/1P2Q1B1/4R1K1 w - - 0 41	e3e7 e8e7 e2e7 d7e7 e1e7	689	0g0s1019
j73rF	7r/ppq1kp2/2p1pn2/3p2P1/3P3p/1P1PP2K/PB1Q4/2R1N3 b - - 0 29	c7g3	689	1314191b
juys4	5r2/pp2q3/2p1Pk2/3p1pp1/1P5Q/2P1R3/P5PP/7K w - - 0 43	h4h6	689	0p13141b
k4QKn	2R5/7p/3k1pp1/1p2p3/1P6/P1K3PP/5P2/3r4 w - - 14 47	c8d8 d6e6 d8d1	689	0g0p1m1o1p
k9a62	2r2rk1/3R1ppp/p3p3/1p6/8/PPn1PB2/5PPP/2R3K1 b - - 1 20	c3e2 f3e2 c8c1	689	0g0j0p1o
kslm3	2k3nr/1pp1q2p/p4p2/2p1n1pB/4P3/P1P5/3N1QPP/R3K2R b KQ - 0 18	e5d3 e1f1 d3f2	689	0g0s191o
l9rvK	r4rk1/p4p1p/bqp3PQ/3pPp2/5P2/6b1/PPP1N1P1/R1B2K1R b - - 0 17	b6f2	689	1314191b
lCOjn	rnbqkb1r/p2p1ppp/1pp5/3Q4/2B1P3/5N2/PPP2P1P/R4K1R w kq - 0 11	d5f7	689	041314191b
lE8Rx	4r1k1/pp2q2p/6p1/2p2P2/3n1P2/4Q1PP/PP4K1/3RR3 b - - 0 34	e7e3 e1e3 e8e3	689	010p1o
lcinM	3q2r1/5p1k/rp1p2nn/p2PpN2/P3P3/8/1PPQ2PP/4R1K1 w - - 0 25	d2h6	689	1314191b
lz93R	r2r1k2/pp2npp1/2p4p/8/2PN1P2/1P4PP/2KR4/3R4 w - - 1 31	d4e6 f7e6 d2d8 a8d8 d1d8	689	010j0p10
m3u1B	5r1k/ppp3bp/2np2p1/2P1p3/1P2Pq2/P2P4/5P2/R1BQ2KR b - - 1 25	f4f2	689	0y111314191b
oLtO6	5k2/2R2p2/4p3/1P4p1/2KP2P1/8/8/1r6 b - - 4 54	b1c1 c4b4 c1c7	689	0g0p111m1o1p
p1W8o	8/1p6/p1p1q1pk/P6p/1P1Qp2P/2P3P1/5P2/5K2 w - - 2 40	d4h8	689	0p1113141b1i
pH6zE	6r1/pp2kp1Q/5p1p/2P5/3p4/P6P/5RP1/3q2K1 w - - 3 40	f2f1 g8g2 g1g2	689	010p1o
pkpT9	3bNrk1/r2q1ppp/1p6/p3Q3/P7/1P3PP1/R5K1/5R2 w - - 0 29	e5g7	689	1314191b
q3ywO	r5k1/p1q5/3p3N/1p1P2p1/1Pr5/2Q4P/P4PP1/2R3K1 b - - 0 30	g8h7 c3d3 h7h6	689	010p1o
rhDOJ	5bk1/p4ppp/4p3/1p6/3P4/PBn1P3/5PPP/2B3K1 b - - 1 24	c3e2 g1f1 e2c1	689	0g0p0s1o
snhRM	3r2k1/2q2p1p/1p2pQp1/p7/8/P1P1R2P/1P3PP1/7K b - - 5 38	d8d1 e3e1 d1e1	689	0p13151o
tIp1g	6k1/1p3p1p/p1q3p1/3r2b1/4Q3/2B3P1/PP3P1P/1R4K1 b - - 4 27	d5d1 b1d1 c6e4	689	010j0p1o
tXiuB	b5k1/P2r1ppp/4p3/2n5/8/4P1P1/4K2P/1R6 w - - 1 39	b1b8 d7d8 b8d8	689	060p0s13151o
u1tAK	2k2rr1/pppn4/2q2p2/4P2p/5B2/2NQ3P/PPP4K/3R1R2 b - - 2 23	c6g2	689	1314191b
ugdO3	8/1b5k/4r2p/5pp1/PP6/2R4P/2P1p1P1/4K3 w - - 1 34	c3c7 h7g6 c7b7	689	010p0s1o
uxc69	r4rk1/p4pp1/2p1p2p/q2pP1N1/2bP2P1/P1P1n3/2Q2P1P/R3R1K1 w - - 0 18	c2h7	689	1314191b
v6flU	r1bqk2r/1pp2ppp/3p1n2/p1nPp3/2P1P3/P4P2/1P1NN1PP/R2QKB1R b KQkq - 2 9	c5d3	689	13141b1c
vWEeY	8/4R3/6p1/p4k2/1p5P/8/5rPK/8 w - - 0 48	e7f7 f5e4 f7f2	689	010p1m1o1p
vq78O	1b2rrk1/pp3ppp/8/q2n4/6b1/1P1Q1NP1/P1B2P1P/R3R1K1 w - - 0 19	d3h7	689	0y1314191b
wCjQW	r1q1r3/p1p3k1/1p3p1p/3Pp1p1/2PnRP2/3B2P1/P1P4P/R3Q1K1 b - - 0 27	d4f3 g1h1 f3e1	689	0g0s191o
x7CHM	1r1r3k/5pp1/4p2p/p2bN3/q1p5/P1R3Q1/2PPRPPP/6K1 b - - 3 29	b8b1 e2e1 b1e1	689	0y1315191o
xCnzS	1r2k2r/p1q2p2/b1P1N3/N2p4/6p1/1P6/P1QB1PP1/2R3K1 b k - 0 28	c7h2	689	111314191b
y1pfA	rnbq2nr/ppp1k1pp/3bpp2/3pN2Q/3P4/4P3/PPP2PPP/RNB1KB1R w KQ - 2 6	h5f7	689	13141b1c
yAzA7	1r1k1b1r/p1p2ppp/2B5/6q1/3pQ1b1/8/PP1P1PPP/RNR4K w - - 0 16	e4e8	689	1314191b
ygYmb	2r1rk2/p3q1pp/1p1R1P2/8/1Q6/8/PP3PPP/4R1K1 b - - 0 25	e7e1 b4e1 e8e1	689	060p13151o
zN8fR	8/p1n5/2P1p3/K3k3/1P6/2r3N1/8/6R1 b - - 4 44	c3a3	689	0p13141b
zjjlX	r5k1/1p3pbp/p1Pp2p1/2p2b2/PqP2P2/3B3P/2Q3P1/3RrKNR w - - 11 31	d1e1 f5d3 c2d3	689	01191o
0nfho	8/5N2/7p/1k3rp1/2p5/4B3/2K2P2/8 w - - 8 52	f7d6 b5c6 d6f5	690	0g0p0s111o
0zGgE	3r2k1/p1p2ppp/8/2p1q3/8/4PQ2/2P3PP/5RK1 w - - 0 23	f3f7 g8h8 f7f8 d8f8 f1f8	690	060p1013161n
1Ah6J	5r1r/p1pk4/1pp1bn2/q7/5P2/2BP3P/PPPQ2P1/1K2R2R b - - 0 23	a5a2 b1c1 a2a1	690	1315191k1o
1MDf6	r3k2r/ppp2p2/5q1p/8/3Pp1pN/2PnP1P1/PP2KPP1/R2Q3R b kq - 4 17	f6f2	690	1314191b
1VVhn	r2k1bnr/2q3p1/p3pPp1/3p2B1/Q7/P7/1P3PPP/RN3RK1 b - - 0 16	c7h2	690	0y1314191b
2g3P1	8/pp3p1p/3k4/4n3/7R/8/P4P1P/6K1 b - - 2 31	e5f3 g1g2 f3h4	690	0g0p0s1o
34qCO	8/8/6p1/p2K1k1p/P2R3P/4r1P1/8/8 w - - 0 46	d4f4	690	0p1113141b1m1r
3H8eM	r1bq1rk1/1p1p1pp1/p1p4p/8/1bPQn3/1P4P1/PB2PPBP/R4RK1 w - - 0 13	d4g7	690	0y1314191b
3Kioj	r7/pp1R4/2p3pk/4p1qp/5nP1/6QP/PPP2P2/5RK1 b - - 3 22	f4e2 g1g2 e2g3	690	010p0s1o
3KlQw	1R6/8/8/6p1/1P5k/7r/5K2/8 w - - 0 49	b8h8 h4g4 h8h3	690	0g0p111m1o
3OFQj	8/8/4n2p/6p1/R3K2k/8/8/8 b - - 1 59	e6c5 e4f5 c5a4	690	0g0p0s1o
4Y7mW	8/7R/6p1/5pk1/3r3p/5P2/2B2K2/8 b - - 3 49	d4d2 f2e3 d2c2	690	0g0p0s111o
4hX3M	8/Np2b3/2p1p3/4Pk1p/5P2/1P2K2P/P7/8 b - - 0 30	e7c5 e3f3 c5a7	690	0g0p0s1o
54wvv	r3k2r/1pp2p2/p1n5/2pqp1p1/6N1/3P3P/PPP2P2/R2Q1RK1 w kq - 0 16	g4f6 e8f8 f6d5	690	0g0s191o
6ZKGj	r4rk1/p5pp/1p3pb1/2nP4/4P3/P4PN1/PB4PP/R3K2R b KQ - 0 26	c5d3 e1e2 d3b2	690	010s191o
6jke4	5k2/p1R2ppp/r2r4/8/2P5/6P1/5P1P/4R1K1 w - - 3 29	c7c8 d6d8 c8d8	690	0p13151m1o
73kcn	r4rk1/1b3p1p/p2p1BpP/1pp2P2/2P4Q/1B2p3/PPPq2PK/4RR2 b - - 0 23	d2g2	690	1314191b
7pj0t	1r6/6p1/4p2p/1k1p4/7P/6P1/2K3P1/5R2 w - - 0 44	f1b1 b5c5 b1b8	690	0g0p1m1o1p
8zsKo	3R4/8/8/6p1/5prk/8/6P1/6K1 w - - 0 62	d8h8 h4g3 h8h3	690	0p0q13151m1o
9Cq8N	r1k1r3/pppb2q1/6n1/3R2Bp/6pP/8/PPP1QPP1/2K4R w - - 1 24	e2e8 d7e8 d5d8	690	1315191d1k1n1o
9hG2p	7k/p6p/5r1P/2rR1pp1/8/5P2/PP3P2/5K2 w - - 0 31	d5d8 f6f8 d8f8	690	0p1113151m1o
BpeCC	4r1kb/5p1p/3N2pP/2pn2q1/1nB5/1P3QP1/5PK1/8 w - - 0 33	f3f7	690	11121314191b
BvM8E	2r1r1k1/p3qp1p/1p1p2pB/3P4/3Q4/P5P1/5PBP/6K1 w - - 0 26	d4g7	690	0p13141b
DqTdu	1r6/8/2kp2P1/8/3K2R1/8/8/8 b - - 4 52	b8b4 d4d3 b4g4	690	0g0p111m1o1p
FNV6A	2kq2r1/pp1b1p2/4p3/1P1pP3/P1pPn2p/2P2N1P/2N1R1r1/2R1Q1K1 w - - 0 29	e2g2 g8g2 g1g2	690	0111191o
FyrDE	8/7R/8/6k1/6r1/5K2/8/8 w - - 31 96	h7g7 g5f6 g7g4	690	0g0i0p1m1o1p
GdIwb	r3kb1r/2q2pp1/p1p1pnp1/3p2B1/3P2P1/2N2Q2/PPP2P1P/R4RK1 b kq - 1 13	c7h2	690	0y1314191b
Gq6SN	3r2k1/pn3ppp/2p5/4p1B1/3bP3/1P4P1/P4PBP/3R2K1 b - - 2 25	d4f2 g1f2 d8d1	690	010j0p0y1o
HGAyB	1N3b2/5p2/1k5p/1p2PK2/8/7P/P7/8 w - - 1 48	b8d7 b6c6 d7f8	690	0g0p0s1o
Hb7J7	rn1qk1nr/ppp2pp1/7p/4b3/2B5/3P1QP1/PPP5/RN2K2R w KQkq - 0 12	f3f7	690	0413141b1c
IYehy	3b4/pb3kp1/1p3p1p/4pN2/2K5/1P2PP2/PB4PP/8 w - - 2 28	f5d6 f7e6 d6b7	690	0g0p0s111o
Ix7gU	4r2r/k4p2/B3qn1p/2p1p3/P3P1b1/2P3B1/5PP1/1Q2R1K1 w - - 0 28	b1b7	690	1314191b
J2mv9	1k1r3r/ppp2ppp/2nb4/3Nq3/Q7/4BB1P/PP3PP1/R4RK1 b - - 0 15	e5h2	690	1314191b
L1ZgS	4r3/7p/p7/1k2PN2/3K4/P6P/6P1/8 w - - 1 40	f5d6 b5c6 d6e8	690	0g0p0s1o
LEJdG	r3k2r/pppb1ppp/3bp3/8/2P1Bq2/5P1P/PPQ1NP2/R3BRK1 b kq - 0 18	f4h2	690	1314191b
LGIvN	8/7p/pk6/7P/6P1/7r/P1R2K2/8 b - - 0 47	h3h2 f2f3 h2c2	690	0g0p111m1o1p
LR6mt	8/p2R1p2/5kp1/7p/P2K1P2/1P2P3/6rP/8 b - - 1 32	g2d2 d4c3 d2d7	690	0g0p1m1o1p
LuCrJ	r4rk1/p4ppp/8/4Q3/4n2q/1bB5/PPP3PP/R4RK1 w - - 0 17	e5g7	690	0y1314191b
M8Dmx	2kr3r/ppp2ppp/2Nbb3/4q3/2P5/P6P/1P1BBPP1/R2QR2K b - - 0 17	e5h2	690	1314191b
MkXbw	6k1/p1p1P1B1/3p4/1Pp2R1p/P1P1p1n1/6PK/3q3P/5Q2 b - - 0 39	d2h2	690	0p13141b
Mxd67	5rk1/5ppp/1p2pq2/3p4/4NPQ1/6R1/P1P3PP/R6K b - - 0 23	f6a1 g4d1 a1d1	690	060p0t13151o
NxUoV	8/1Q4pk/1p2p2p/p2p1q2/3P2n1/P3PP2/1P2R1P1/6K1 b - - 6 37	f5b1 e2e1 b1e1	690	0p13151o
O41Li	5r2/8/4pk2/5n2/1qRp4/1P3P2/1BP4Q/1NK5 b - - 2 34	b4e1	690	1314191b
PUgDM	r2q1r1k/ppp4p/5p1B/2b1p3/3n4/1B1P2Q1/PPP2PPP/R4RK1 b - - 3 14	d4e2 g1h1 e2g3	690	010s191o
PX3od	r1bq1rk1/1pp2pp1/pb2p2p/6N1/1PBP1n1P/P3P3/2Q2PP1/R3K2R w KQ - 0 16	c2h7	690	1314191b
PyoBn	2r1r1k1/b4pp1/p3qP2/1p2p3/3p1nQB/1P1P1P2/P7/R3R1K1 w - - 1 38	g4g7	690	0y1314191b
QE940	8/3k1p2/p3p3/4P1pp/P3b3/RN4KP/6P1/6r1 w - - 10 39	b3c5 d7e7 c5e4	690	010p0s1o
QwXQq	r1b4k/pp4pp/5r2/5p2/2N1p3/1Q2P1q1/PP2B3/3R1R1K w - - 2 23	d1d8 f6f8 d8f8	690	061315191o
RkUmY	5r2/p1k5/2p4p/2Npp1p1/6Pn/2PP4/PP5K/R7 w - - 3 35	c5e6 c7d6 e6f8	690	010p0s1o
S2wB0	3rr1k1/1ppq1pp1/p3B2p/P7/8/2b3Q1/1PP2PPP/R2R2K1 b - - 0 23	d7d1 a1d1 d8d1	690	061315191o
T3o8c	4k3/5pp1/3P3p/3BP3/br6/1p4P1/1R1K1P1P/8 b - - 9 37	b4d4 d2c3 d4d5	690	010p0s1o
Toix2	r4k1r/pb4p1/1pnq1bBp/8/8/1QP1PN2/PP3PPP/R3K2R w KQ - 0 16	b3f7	690	1314191b
UjTkn	2r4k/1p4pp/p2Q1p2/4n3/4P3/1P5P/P1P1qPP1/3R2K1 w - - 0 26	d6d8 c8d8 d1d8	690	060p13151n1o
VzAQr	r1b2rk1/pp1p1ppp/4p3/4P3/3q4/3B4/P3KPPP/R2QR3 w - - 2 15	d3h7 g8h7 d1d4	690	0g0j0y191o
YVqnR	3rr1k1/1b3pbp/1qnpp1p1/p1p4n/1p2PP2/2PP3P/PP1NB1PN/1R1Q1RBK b - - 3 18	h5g3	690	1314191b1q
ZS6Jf	4n1k1/5p2/5Pp1/p1r1p1P1/1p2P1N1/3P4/bP2K2Q/8 b - - 3 44	c5c2 e2e3 c2h2	690	010p1o1p
ZimUQ	6k1/6p1/1p1p3p/3P4/2P5/5pq1/7R/4Q2K b - - 0 49	g3e1	690	0p13141b
acSs0	7q/7P/3k2K1/p2n1pN1/8/5P2/P7/8 w - - 6 49	g5f7 d6e6 f7h8	690	0g0p0s11121o
b43ea	6k1/2p3pp/2P5/8/3N1B2/r2nRP2/6PP/6K1 b - - 0 32	a3a1 e3e1 a1e1	690	0p13151o
cfIAw	6k1/pp1n2p1/2p1p1Np/3pPq2/3P4/6Q1/PPP3PP/6K1 w - - 3 23	g6e7 g8f7 e7f5	690	0g0p0s1o
cvt6x	8/2p3b1/8/5KPk/8/1pR5/8/q7 w - - 0 53	c3h3	690	0p13141b
d60Wq	r3k2r/1bqp1p2/p1p1p3/2b3Pp/4P1n1/P1NB1Q1P/1PP3P1/R1B2R1K b kq - 0 14	c7h2	690	1314191b
dWrSt	8/1Q3K2/3kp3/2r1p3/8/8/8/8 b - - 13 58	c5c7 b7c7 d6c7	690	0g0p0s1j1o
dg5ch	8/8/4k2p/P1p3p1/2P5/7P/5KP1/1n6 w - - 0 47	a5a6 b1d2 a6a7	690	000g0p0z1o
dykrm	2kr1r2/ppq1n2p/4N1p1/2p5/8/5n2/PPP1QPPP/RN3R1K b - - 2 19	c7h2	690	0y1314191b
e7rLK	8/8/8/p1k2K2/P7/8/8/8 b - - 6 55	c5b4 f5e4 b4a4	690	0g0p1e1o
ewxWx	r4rk1/pp4pp/2p5/3pP3/2P5/5BqP/P3QbP1/R3R1K1 w - - 0 20	e2f2 g3f2 g1f2	690	0111191o
fJuBR	7Q/8/2pkp3/3p4/3P2P1/4P3/3r1PK1/1q6 w - - 0 42	h8d8	690	0p0q13141b
fMMpN	6k1/1p1r1pp1/p5Pp/8/4R3/1B5P/Pr2pK2/8 w - - 1 34	e4e8	690	0p13141b1g
fSBlO	r2qkbnr/pppbp3/2n3p1/1B3p1Q/4p3/2N5/PPPP1PPP/R1B1K2R w KQkq - 0 9	h5g6	690	1113141b1c
geGRq	7k/P5pp/8/8/8/5P1P/6r1/R2K4 b - - 0 37	g2g1 d1d2 g1a1	690	0g0p111m1o1p
hI1iT	8/1p3pkp/p7/5P2/P3N3/1r1P4/3K3R/8 b - - 1 41	b3b2 d2e3 b2h2	690	010p111o1p
hyFBr	r1bq1rk1/8/p1n1p1p1/3pP1P1/1p1P4/2P5/P1Q3P1/R1B1K2R w KQ - 0 18	c2g6	690	0y1314191b
i0ZVG	rn3k1r/1q2npp1/p4b1p/4p3/4P3/6B1/PPP1QPPP/2KR3R w - - 0 18	d1d8	690	061314191b
iL8vE	2r5/5k2/1p3p2/6p1/4N2p/3P3P/2P1KPP1/8 w - - 1 34	e4d6 f7g8 d6c8	690	0g0p0s1o
ia1kM	8/8/5b2/6p1/3p1kP1/3KN2P/8/8 w - - 0 49	e3d5 f4g3 d5f6	690	0g0p0s1o
lVuc6	2kr2nN/pppb4/4pq1p/3p4/3Pn3/2P1P1P1/PP1N1PP1/R2QKB1R b KQ - 2 16	f6f2	690	041314191b
lczxl	5r1k/3R4/p4Np1/1p3n1p/1Pn2B2/P6P/B4PPK/4r3 w - - 4 43	d7h7	690	031314191b
mVpcf	r1b3k1/1p3p2/3RpBp1/p3P2p/1n2q3/3p4/5PPP/5RK1 w - - 0 36	d6d8 g8h7 d8h8	690	0y1315191d1o
mtCHQ	5b2/1Q3Pk1/8/8/4K3/1n6/8/8 b - - 4 86	b3c5 e4e5 c5b7	690	010p0s111o
my9Xk	r1b2rk1/ppp2pp1/2n5/6q1/1P4P1/P3P3/1BQPP3/R3K2R w KQ - 0 22	c2h7	690	111314191b
nbC8O	2r1k2r/1p4pp/pBp2pq1/3pP3/2P1n1b1/Q2BPN2/PP3PPP/R5RK b k - 4 18	e4f2	690	0y1314191b1q
nltIi	1nkr4/6Q1/5p2/7p/8/P7/P2q1PPP/1R4KR b - - 4 24	d2d1 b1d1 d8d1	690	060p13151n1o
p2Mwr	r1b1k2r/pp1p1ppp/1qn5/8/1P2n3/5N2/1P1N1PPP/R1BQKB1R b KQkq - 0 10	b6f2	690	0413141b1c
pCOJQ	r5rk/pp4bp/2qp2p1/6N1/5p2/PB5P/2P3P1/R4K1R w - - 0 22	g5f7	690	1314191b1q
pLGwP	8/8/3k4/1p2pB2/bP2K3/P7/8/8 b - - 6 82	a4c2 e4e3 c2f5	690	080g0i0p1o1p
q5oeZ	r1b1kbnr/pppp1Bpp/5q2/n3p3/4P3/1Q6/PPPP1PPP/RNB1K1NR b KQkq - 0 5	f6f7 b3f7 e8f7	690	0g111c1o
q99fw	2kr3r/1pp2pb1/p2qp1pp/2N2b1P/3n1Bn1/2N2Q2/PPP2PP1/2KR1B1R w - - 0 16	f3b7	690	111314191b1k
qsRlB	8/8/3b2pk/5pNp/1p2p2P/2r1P1P1/5PK1/1R6 w - - 6 55	g5f7 h6g7 f7d6	690	010p0s11121o
rHxD1	1Q1r2k1/p3R3/5ppp/8/8/5P1P/q5P1/7K w - - 4 33	b8d8	690	0p0t13141b
rt2Iz	3R4/5K1k/5B2/4P3/8/2b2r2/3p4/8 w - - 0 74	d8h8	690	0p13141b1d
t18xM	2r3k1/R4ppp/1p6/3pbN2/8/1P5P/5PP1/6K1 w - - 5 29	f5e7 g8h8 e7c8	690	010p0s1o
tcvvx	8/8/5p2/r2k4/p1b4R/P4PK1/1P6/8 w - - 2 39	h4h5 d5d4 h5a5	690	0g0p1o1p
tpzCB	2r3k1/p3pB1p/b2p2p1/1p6/4P3/N1R2P2/6PP/7K b - - 0 25	g8f7 c3c8 a6c8	690	010p0t1o
ty7pB	4r1k1/pp3pp1/7p/3p1P1Q/5r2/2B1R3/PP4PP/7K b - - 0 28	f4f1	690	060p13141b
u866j	5q1k/1b3p1p/p2p3Q/1p2pP2/4P2P/3P4/PP1NK3/8 w - - 7 39	h6f8	690	0p0t13141b
vCPP3	2R5/pp2b2k/6pp/q7/8/1P6/P4rP1/1K2R3 w - - 0 40	e1e7 f2f7 e7f7	690	0p13151o
vCy93	8/8/r7/3R3p/2n1p2k/P3P1N1/6KN/8 b - - 0 43	c4e3 g2f2 e3d5	690	0g0p0s1o
w9m3s	rnb2rk1/pp3ppp/2p5/3pq3/2P1B3/4K2Q/P5PP/1N3R2 w - - 0 16	h3h7	690	0y1314191b
wn7m1	2k1r3/pp1r1p2/2p5/2Q5/6p1/6Pp/PP3P1P/5K1B b - - 2 26	d7d1	690	0p13141b
wxNIn	6k1/p5p1/1p5p/2p2p2/P3nP2/6P1/4K2P/3R4 b - - 0 35	e4c3 e2d3 c3d1	690	0g0p0s111o
xCBw6	2r5/4Nppk/p7/Np1R3p/1b2b3/4P2P/5PP1/6K1 w - - 3 33	d5h5	690	020p13141b
xJDfS	2k2r1r/ppp3pp/3bR3/8/3N2Q1/7P/PPPB1qP1/R6K b - - 1 18	f2f1 a1f1 f8f1	690	0y1315191f1n1o
xthIy	1r3rk1/p2qbpp1/2pp3p/5N1b/2P1n3/2Q4P/P2N1PP1/R1B2RK1 w - - 0 17	c3g7	690	0y1314191b
yoPvt	8/2b5/4k1p1/3p2P1/2pP1P2/2P1K1Bp/8/8 w - - 3 55	f4f5 e6f5 g3c7	690	080g0j0p1o
ypG9m	r2qk1r1/1pp2p2/p1np3p/2b1p3/2B1N3/P2PBP2/1PPQ1P2/R4R1K b q - 0 14	d8h4	690	1314191b
zhTv5	8/4p2p/1P2nk2/6p1/5p2/1Q2b3/2K4P/8 b - - 0 43	e6d4 c2d3 d4b3	690	0g0p0s111o
00ghH	5r1k/6p1/1Q2pq1p/P2P1r2/8/2P1R3/6PP/4R1K1 b - - 0 39	f5f1 e1f1 f6f1	691	0p13151o
0acZr	r2qkbnr/p2bpp1p/1p1p2p1/8/2B1P3/1Q3P1P/PP3P2/RNB1K2R w KQkq - 0 11	c4f7	691	0413141b1c
0wqe3	4N1k1/p5P1/6K1/1Pr5/8/8/8/8 w - - 2 66	e8f6	691	0p13141b
1IQd6	1k1r4/1pp2p2/7Q/RR6/1q1pP3/3Pn1P1/1P4BP/6K1 b - - 4 30	b4e1 g2f1 e1f1	691	1315191o
1JMsq	r5k1/5ppp/1pp5/p3Q3/P2P4/2P2q2/1P3P2/4R1K1 w - - 0 27	e5e8 a8e8 e1e8	691	060p13151n1o
1KvP5	3r1r1k/p3R1p1/1p3p1p/3q4/6QP/6P1/PP2R2K/8 w - - 8 37	g4g7	691	0p13141b
1bfPO	r4b1r/1p6/pkbRP2p/3BP3/5p2/1P3N2/P4PPP/2R3K1 b - - 0 27	f8d6 e5d6 c6d5	691	010b191o
1pQHP	5rk1/ppp3pp/4pq2/1b6/4p3/2P1P3/PPB3PP/R1B1Q1K1 b - - 5 19	f6f1 e1f1 f8f1	691	0y1315191d1o
1uUmG	rn5r/pBqp1pk1/1p2p1p1/6N1/2PP2P1/P1PQ4/5PP1/R4RK1 b - - 0 17	c7h2	691	1314191b
22RJa	r3k2r/pp3ppp/5n2/2b5/2PQpPb1/2N3N1/PPnP1KPP/R1B2B1R b kq - 0 12	c5d4	691	111314191b
2AnMB	2r2k2/1p2ppbp/6p1/2Br3n/2R5/1P3P2/P3NPKP/5R2 w - - 1 22	c5e7 f8e7 c4c8	691	010j11191o
2Bc8v	rn4k1/pp3ppp/5n2/8/1P6/P2PbN1P/N3BqP1/1KRb3R w - - 0 20	c1c8 f6e8 c8e8	691	061315191o
2GnRQ	2r3k1/5ppp/2N1pn2/8/8/1B5P/P2r1PP1/R5K1 w - - 1 27	c6e7 g8f8 e7c8	691	010p0s1o
2oK8R	rn4k1/pq3ppp/5n2/2P5/1P6/P5bP/2Q2P2/3R1RK1 w - - 0 24	d1d8 f6e8 d8e8	691	111315191o
2rlO8	8/1N3k1p/5Pp1/1b1p4/pp6/8/PPPK3P/8 w - - 0 34	b7d6 f7f6 d6b5	691	010p0s1o
3V8VC	4nk2/3b1r1p/3b1p1P/1p1r1p1N/p1q2Pp1/P1P1R1P1/1PB1Q2K/2B1R3 w - - 13 41	e3e8 d7e8 e2e8	691	111315191o
4TfxU	8/6p1/2b1k1p1/2P1r2p/1P1RP3/5K1P/6P1/8 w - - 0 41	d4d6 e6e7 d6c6	691	0g0p0s1o
5gFxB	1r4k1/4Bp2/p5pb/3Pp2p/4P2P/5P1B/8/3K3R b - - 0 29	b8b1 d1e2 b1h1	691	010p111o1p
5kPTX	rnb2rk1/ppp1qpp1/4p2p/8/3P4/2P1P2P/PP1NP1P1/R2QKB1R b KQ - 0 11	e7h4 g2g3 h4g3	691	1315191o
6CcfD	7k/pp5p/r2N4/2nP4/2P5/6R1/8/1K6 w - - 6 45	d6f7	691	0f0p1113141b
6J6oB	rnb2bkr/ppp3pp/8/5P2/3p1Pq1/6N1/PPPP3P/R1B1KB1R w KQ - 0 13	f1c4 c8e6 c4e6	691	0l0y13151c1o
6XY0z	r3k2r/pp3ppp/2qbp3/3p1b2/Q2P1B2/2P5/PP3PPP/RN2K2R w KQkq - 0 12	a4c6 b7c6 f4d6	691	01191o
6bKcY	7k/8/6RK/6P1/2B4p/7P/8/5q2 w - - 0 58	g6g8	691	0p13141b1d
828HN	r6k/2p3p1/p5Qp/8/1p1P2bq/4n1r1/PP3RB1/5RK1 w - - 14 31	f2f8 a8f8 f1f8	691	1315191o
9Mg54	r3k2r/pp4pp/2pb1q2/7b/4p3/1P4PP/P1PNPP2/R2Q1RK1 w kq - 0 15	d2e4 f6e5 e4d6	691	0g11191o
AHD2w	1Nb1k2r/p1b2ppp/3qpn2/1p1p4/1P1P4/2PB4/P4PPP/RN1Q1RK1 b k - 0 14	d6h2	691	0y1314191b
AIoj7	1k1B4/1p5r/2p5/7p/4R2P/2P2n2/PP6/1K6 b - - 2 39	f3d2 b1c2 d2e4	691	010p0s1o
AOD3F	r6k/B3bB1p/3p2p1/7P/4P3/6P1/2r2PK1/8 w - - 0 41	a7d4 e7f6 d4f6	691	0l0p13151o
BrUQh	r4rk1/ppp2ppp/4pq2/8/3PQP2/4P2R/PPPb2PP/R5K1 w - - 0 17	e4h7	691	0y1314191b
D1VdM	6k1/5bp1/Np5p/5p2/8/2P4P/PP3PP1/5K2 b - - 0 29	f7c4 f1e1 c4a6	691	010p0s1o
Exi0P	r1bq1rk1/1p1p1ppp/1nn1p3/4P1N1/1b1P3P/1p6/PPQB1PP1/RN2K2R w KQ - 0 13	c2h7	691	0y13141b1c
FxXY8	8/8/2r4p/5Np1/6P1/5PK1/4k3/8 w - - 2 47	f5d4 e2d3 d4c6	691	0g0p0s11121o
FzjNc	5r1k/p5pp/2p5/8/2QN1r2/6N1/PP3qPP/5R1K b - - 9 27	f2f1 g3f1 f4f1 c4f1 f8f1	691	0610131619
G6ErJ	8/5pk1/5r2/4Q3/5R1K/8/1P1q2P1/8 b - - 0 42	d2f4 e5f4 f6f4	691	0g0p1o
GEGzH	8/5ppp/8/3Nk3/6P1/r3P2P/2K3B1/8 b - - 0 36	a3a2 c2d3 a2g2	691	0g0p1o1p
Gl804	8/1p2k1p1/p5r1/3p4/4n1PK/2PN4/PP2Q3/8 b - - 0 40	g6h6	691	020p13141b
He4eA	r2kbb1r/ppq2ppp/3p4/1B1n4/1p6/5N2/PBP2PPP/R3R1K1 w - - 0 16	e1e8	691	1314191b1d
JCZOY	8/8/8/6pp/8/6KP/1R4P1/3r2k1 b - - 0 69	d1d3	691	0p13141b1m
JPWZ2	8/4bppk/4pn1p/1N2q3/8/2N2Q1P/P2p1PP1/5K1R b - - 3 26	e5e1	691	1314191b
KEMGH	n1kq1b1r/2p3pp/2Pn4/4p3/8/8/1P3PPP/R1B1R1K1 w - - 0 28	a1a8	691	111314191b1k
LrF02	3r1rk1/pp1qb1p1/8/PPp1P1B1/2N3Q1/2P2p1P/5P2/R2R1K2 b - - 0 34	d7d1 a1d1 d8d1	691	1315191o
MtDVn	4rr2/ppp3kp/3p4/3N1pBQ/4q3/8/PPP3PP/R6K b - - 1 22	e4e1 a1e1 e8e1	691	061315191n1o
N0h9C	4r1k1/p1p2pp1/2p4p/b2p1PN1/8/1P2rQ2/P1P2PPP/3R1K2 b - - 0 25	e3e1 d1e1 e8e1	691	0p13151d1o
NM98N	8/4kp1p/4n1p1/3R2P1/7P/8/6K1/8 b - - 2 45	e6f4 g2g3 f4d5	691	0g0p0s1o
NeEed	6k1/3R4/1p2N1p1/5p1p/3K1P2/1P4P1/P6r/8 b - - 1 40	h2d2 d4e3 d2d7	691	010p111o1p
OCQYj	r2qkb1r/pp2pppp/3p1n2/2p1N3/b1B1P3/2P4P/PP1P1PP1/RNB1K2R w KQkq - 0 8	c4f7	691	041113141b1c
OwW1f	1r2r3/R2n1kb1/6pp/3Np3/2Pp4/3P2P1/3BPP1P/4K2R b K - 1 23	b8b1 d2c1 b1c1 e1d2 c1h1	691	0110191p
RV6BI	4Q3/8/8/1p2P3/p1p5/P1P2k1K/1P6/4q3 b - - 0 45	e1g3	691	0p13141b1i
RWgXr	r1bqkb1r/pp2p1pp/n1p5/4N3/2B1p3/8/PPPP1PPP/R1B1K2R w KQkq - 0 9	c4f7	691	13141b1c
RtiUk	6k1/1b3rp1/p3N2p/1p2P2P/3p4/2P3R1/PP4RK/5r2 w - - 0 36	g3g7 f7g7 g2g7	691	010p1o
SFafQ	1rb3k1/p3rppp/2R5/8/2p5/1P6/P1P2PPP/3R2K1 w - - 0 19	d1d8 e7e8 d8e8	691	060p13151o
SYA2x	2r5/8/8/4k3/2R3p1/2K3P1/8/8 b - - 0 41	c8c4 c3c4 e5e4	691	0g0h0p1m1o
TQCy5	r1b1k1nr/ppb2ppp/2Pq4/8/2B5/1QN5/PP3PPP/R1B2RK1 b kq - 0 13	d6h2	691	0y13141b1c
TQWvq	rnbq1k1r/ppp1p1b1/4Pn1p/3p2pQ/3P4/6B1/PPP2PP1/RN2KBNR w KQ - 1 11	h5f7	691	13141b1c
TT0XY	r6k/p1p2p2/5N1b/1p2P2P/5PR1/2P1q3/PP5K/6R1 w - - 0 34	g4g8 a8g8 g1g8	691	030p1113151o
TXLub	r6k/pp4qp/2p5/3pR3/1P5n/P2Q1P2/6BP/3R2K1 b - - 0 35	g7g2	691	1314191b
U1eF6	8/8/1p5k/2p5/5n2/2R3P1/P7/6K1 b - - 0 55	f4e2 g1f2 e2c3	691	0g0p0s1o
UDzlv	5rk1/1q2b1p1/p1r1P2p/1p2p3/1P2Np2/PQ6/5PPP/2R2RK1 b - - 1 25	c6c1 f1c1 b7e4	691	010j191o
UpGH0	2k5/1p3pp1/2p3p1/p4q2/2P1N3/6K1/4R1PP/8 w - - 0 30	e4d6 c8c7 d6f5	691	010p0s1o
Vwbuo	3rr1k1/2q2p2/pp1bpp1p/2p5/P1B1P3/7P/1PP2PP1/R2QR1K1 b - - 0 22	d6h2 g1f1 d8d1	691	0g0j191o
W3VdI	2kr1b1r/pppq1pp1/5n2/4p3/3P4/5QPP/PP4BK/R1B2R2 w - - 0 19	f3b7	691	1314191b1k
WLj6u	r7/8/3k3p/3p1P2/1P1Q4/pKP4P/P3r1P1/8 b - - 4 40	e2b2	691	0p0q13141b1j
Whtax	1k1r4/pp4r1/8/P2PN1pp/1P2P3/2n5/6PP/2R2RK1 b - - 3 29	c3e2 g1f2 e2c1	691	010p0s1o
XzPnm	5R2/pp5k/4Rnq1/3P4/3b1Q2/6pP/PP4P1/7K b - - 0 39	g6b1 e6e1 b1e1 f4f1 e1f1	691	0p101316
Y786N	8/7k/2q3p1/P3pb1p/2B4P/1P6/8/K1R5 w - - 1 38	c4g8 h7g8 c1c6	691	0g0j0p111o
YZxtN	8/1p4bp/1R4pk/1b6/3P4/1B3P2/5KPP/8 b - - 4 33	g7d4 f2e1 d4b6	691	0g0p0s1o
Z32Jp	8/8/8/8/kr6/2K2R2/8/8 b - - 4 64	b4b3 c3d4 b3f3	691	0g0p1m1o1p
ZCnPt	r2q1r2/1p1k1pp1/p1p1p1np/2PpP3/1P1P3P/2NQ4/P2NKP2/R6R b - - 0 17	g6f4 e2e3 f4d3	691	010s191o
ZdcUk	r3k2r/ppb2ppp/2p1pB2/2P1q3/8/3B1Q2/PP3PPP/R4RK1 b kq - 0 15	e5h2	691	0y1314191b
ZzkJu	8/4b1p1/8/r2k4/P4R2/8/6KP/8 w - - 7 53	f4f5 d5c4 f5a5	691	010p1o1p
aQDYQ	6k1/p5bp/1pN3p1/3r1p2/3pn3/BP4PP/P4PK1/3R4 w - - 3 30	c6e7 g8f7 e7d5	691	010p0s111o
b02wm	8/pp4pk/2pq2Qp/4N3/1P1Pn3/P6P/5PP1/6K1 b - - 2 32	d6g6 e5g6 h7g6	691	0g0p1o
cXiBa	8/8/5kp1/5p2/7p/2r1NP1P/r4PK1/5R2 w - - 6 42	e3d5 f6e5 d5c3	691	0g0p0s1o
csVJq	2r1q1k1/pb4pp/5p2/1p6/1Q1Pr3/1PP4P/P4RPB/3R2K1 b - - 13 28	e4e1 d1e1 e8e1	691	0g0y191o
dFXXI	2r5/2P5/1P6/5p2/4k3/6P1/3Kpq2/4R3 w - - 2 59	e1e2 f2e2 d2e2	691	0g0p0s111j1o
dOubQ	5r2/5R2/5K2/5p2/5Pk1/6P1/8/8 b - - 15 61	f8f7 f6f7 g4g3 f7e6 g3f4	691	0g0p101m
eXBU4	2rq3k/pp1b1rpB/1n2pn1p/3p2N1/3P1P2/6P1/PP3P1P/RQ3RK1 w - - 0 18	g5f7	691	0t0y1314191b
erJif	r1b1R3/5q1k/p1Pp2pp/3P4/8/1P4P1/7P/5RK1 w - - 0 30	f1f7	691	0p111213141b
feXgX	1n4k1/6pp/p7/5p2/1p3P2/6KP/r4PB1/5R2 w - - 0 30	g2d5 g8f8 d5a2	691	0g0p0s1o
gCFgJ	1r1q1r1k/5pp1/p1p2b1p/3p4/3P4/3Q4/PPB1bPPP/1R2R1K1 w - - 0 19	d3h7	691	1314191b
gbgOm	B5k1/5pp1/3Bp3/7p/4PP2/8/1r2nRPP/7K b - - 0 31	b2b1 f2f1 b1f1	691	060p13151o
gtNhS	6k1/2r2p2/2P1p2p/p5p1/Pp1P4/1Rn1P2P/5PP1/2R3K1 b - - 3 33	c3e2 g1f1 e2c1	691	0g0p0s1o
hlLbU	8/8/8/8/5R2/r2k4/8/5K2 w - - 7 80	f4f3 d3c4 f3a3	691	0g0p1m1o1p
jHQO7	7k/8/3N4/7P/5P2/1r1B2K1/8/8 b - - 0 73	b3d3 g3h4 d3d6	691	0g0p0s0t111o
jVtdZ	r3rk2/1ppb4/3p1q1p/3P1N2/2P1p1P1/pP6/K1BQ1P2/6RR b - - 3 28	f6b2	691	1314191b
jlf6a	r2q1k1r/pb4b1/1pn1Pp1p/3p2pQ/2pP3P/2P3p1/PP1N1PPN/R4RK1 w - - 0 18	h5f7	691	1314191b
kvufL	4B3/4p3/3p2pp/3Pk3/2P3PP/5K2/8/1n6 b - - 1 44	b1d2 f3e2 d2c4	691	0g0p1o
msVMi	2r2rk1/3R1pp1/p7/8/5P2/6PP/PP1p4/K2R4 b - - 0 33	c8c1 d1c1 d2c1q	691	000p13151h1m1o
n5IRv	1r1qk2r/1ppb1p1p/5p2/p7/P1P5/2nP1NQ1/4PPBP/R4RK1 b k - 2 18	c3e2 g1h1 e2g3	691	0g0s191o
nduob	6k1/1pp2rpp/8/8/8/6PP/rP5K/3R1R2 w - - 0 27	d1d8 f7f8 f1f8	691	0p13151m1o
nerjs	r1b2rk1/pp3pbp/6p1/1N2q3/2PB2n1/1N1p4/PP3PPP/1R1Q1RK1 b - - 3 18	e5h2	691	0y1314191b
nvJmt	3k3r/p4ppp/BbpP4/8/6n1/B4P2/P3N1KP/3R4 b - - 0 27	g4e3 g2g3 e3d1	691	010s191o
nzBex	5rk1/ppp1q3/5RBQ/3p4/3b4/8/PPP3PP/4R2K b - - 0 28	e7e1 f6f1 e1f1	691	0t1315191o
oPRVw	2r5/2p4k/7p/1P1Bp3/4P3/4br1q/R1Q4R/4B2K b - - 2 42	h3f1	691	11121314191b
pyBWu	k6r/pp4p1/2p1p1p1/7q/1P3Q2/6P1/P1P2RBr/4R1K1 b - - 6 28	h2h1 g2h1 h5h1	691	1315191n1o
qaKqI	r4rk1/1p1b1pB1/p2p4/2p1p1q1/4n2Q/3P4/PPP3PP/R4RK1 w - - 0 18	h4h8	691	1314191b
rkn9v	2r5/4k2p/4pp2/1P4p1/p1PN1b2/7P/P1R3P1/6K1 b - - 2 33	f4e3 g1f1 e3d4	691	0g0p0s1o
sRh5R	r1b2k1r/pp2nBpp/2p2q2/4n1N1/4P3/2P5/P1PQ1PPP/R3K2R w KQ - 0 15	d2d8	691	1314191b
uVR7s	rnb2rk1/4qp1p/2p3pP/p2p1pP1/2P5/4PN2/pQ1P1P2/R3K2R w KQ - 0 20	b2g7	691	1314191b
uszmK	8/1p4pk/p1p4p/P2pB3/3Pn1QP/2P5/1P4PK/5q2 w - - 1 33	g4g7	691	0p13141b
vetIB	rnbqkb1r/ppp2p2/3p4/4p2n/6p1/3PB1P1/PPP1P1BP/RN1Q1RNK b kq - 2 10	h5g3	691	0y13141b1c1g1q
wyorU	3r1rk1/pp1n1ppp/3R4/2B5/4P3/8/PPP2PPP/2K4R b - - 0 17	d7c5 d6d8 f8d8	691	010p0t1o
xdD6y	r1b3k1/p4rpp/1q1Bpb2/2pp4/Q7/8/PP2NPPP/3R1RK1 w - - 0 19	a4e8 f7f8 e8f8	691	0y1315191o
xjcSF	8/8/4B1P1/7K/2P2k2/8/8/2r5 b - - 0 71	c1h1 e6h3 h1h3	691	0p13151o
y3cS4	r3q1rk/5p1p/p3p1p1/2pnN3/1P6/P3P3/1Q3PPP/1B4K1 w - - 0 27	e5g6	691	0k0m0y1314191b
z2QaX	r1b1k1nr/pp3ppp/1qn5/3pp3/7b/PBNP1P2/1PP1N1PP/R1BQ1K1R b kq - 6 10	b6f2	691	13141b1c
zAmIy	6rk/4R3/p6P/2p5/2Pp1r2/8/P1P1R2P/7K b - - 3 37	f4f1	691	0p13141b1m
zjz4N	6r1/4pk1p/3p1p2/R2P1P2/8/1Q2B3/4r2P/7K b - - 2 36	e2e1 e3g1 e1g1	691	0p13151o
zlQPl	8/4k1pp/8/3p3P/8/1Nn3K1/p4RP1/8 b - - 1 45	c3e4 g3f3 e4f2	691	010p0s1o
zuPSl	r2q1r2/pp2b1k1/2np1pP1/5P1Q/2n4P/2N5/PP3P2/R4RK1 w - - 0 21	h5h7	691	111314191b
0RHPN	5r2/pp2k3/4p3/6P1/8/1P3PK1/P2B4/8 w - - 1 53	d2b4 e7d7 b4f8	692	0g0p1o1p
0ZmbC	4k3/3n2Bp/R2bp3/8/7P/1K6/8/8 b - - 2 34	d7c5 b3c2 c5a6	692	0g0p0s1o
0h81z	r1b1k2r/ppp2ppp/2n5/2b1q3/4B3/6P1/PPPPQ2P/R1B1K1NR w KQkq - 1 10	e4c6 b7c6 e2e5	692	0g0j1c1o
1spWf	8/8/5p1K/8/7k/5rpp/8/R7 w - - 0 68	a1a4 f3f4 a4f4	692	0p13151m1o
3Ah3g	3r4/8/1kp2p1p/pp1n4/3PB3/P4NP1/K4P2/2B5 b - - 5 42	d5c3 a2b3 c3e4	692	010p0s111o
3OK2o	2kr3r/p6p/2p4b/2Np1p2/8/5P2/PPP3PP/3R1RK1 b - - 1 20	h6e3 g1h1 e3c5	692	0g0p0s1o
4QsuG	1r4k1/r5pp/3RNq2/p1Q2P2/1pn1P2P/8/PPP5/1K4R1 b - - 0 30	f6b2	692	1314191b1k
4n5dh	2r5/pN3kp1/7p/4p3/3n4/8/5PP1/3R1K2 w - - 3 38	b7d6 f7e6 d6c8	692	010p0s1o
54SHz	3r4/2R2p2/2K3p1/3P1k2/p4P2/4nB2/P7/8 w - - 3 52	c7f7	692	0p1113141b1f
569ip	3r3k/q2r1pp1/p3p2p/8/PPQ2P2/4b2P/3R2P1/3R3K w - - 1 31	d2d7 a7d7 d1d7	692	0g191o
6eOCh	r7/1p6/p3Rbkp/5np1/6P1/2P4P/PP6/5R1K b - - 0 38	f5g3 h1g1 g3f1	692	010p0s1o
8MqIu	1rb2n1k/6rp/p2pNq2/1p1PpP2/nPp4P/2P1B3/P2Q3K/1BR3R1 b - - 6 33	f6h4	692	1314191b
8o1iH	r2q1r2/pn2bpk1/4ppP1/1pp1P2Q/3p1P2/3P4/PPP2P2/R3R1K1 w - - 1 22	h5h7	692	1314191b
8rtlX	8/8/p7/6kp/4q1n1/8/6Q1/5R1K b - - 6 43	e4g2 h1g2 g4e3 g2g1 e3f1	692	050g0p0r0s1011
8vCKm	r1bqk1nr/2p2p2/pn1b2pp/1p2p3/1P2P3/1BN2Q1N/P1P2PPP/2KR3R w kq - 0 15	f3f7	692	041314191b
9jPOq	8/6Q1/1p2qPp1/7k/3n2pP/P3p3/6K1/8 w - - 4 49	g7h8	692	0p13141b
B5hJ3	8/5pk1/p2R2p1/1p6/1P6/P6P/7K/2b5 b - - 1 50	c1f4 h2g2 f4d6	692	0g0p0s1o
BHY4D	r3kb1r/1b1p1ppp/pq2p1n1/1p6/4P3/1n1Q1N2/PB3PPP/2RR1NK1 w kq - 0 15	d3d7	692	1314191b
BhNWX	r6k/pp3Qpp/3p4/2qP4/8/6P1/PP5P/5R1K w - - 5 24	f7f8 a8f8 f1f8	692	060p13151n1o
C2hhW	3r1rk1/pp3pp1/2pp2n1/5N1q/3QPP1p/1P5P/P1P3P1/R3R1K1 w - - 1 21	d4g7	692	0y1314191b
CjU7y	2r5/1pp5/3p3p/r1P1pn1k/p2P1p1P/P4Pp1/BP4P1/1K1R3R w - - 1 32	a2f7	692	0p13141b
CoJk6	rn2R3/1Q3pp1/p2P3p/5k2/2q2B2/6KP/PPP3P1/7R b - - 0 22	c4f4	692	1314191b
CsSv0	r1bqk1nr/ppp1bppp/3p4/4N3/2Q1P3/8/PPP2PPP/RNB1K2R w KQkq - 0 8	c4f7	692	0413141b1c
CtPyV	8/2B2pkp/3P2p1/2p2b2/2P5/1P4P1/4Bb1P/7K b - - 0 37	f5e4 e2f3 e4f3	692	080l0p1113151o
D1nFe	r1bqkb1r/ppp3pp/2np1p2/3Q4/2B1P3/8/PPP2PPP/RNB2RK1 w kq - 0 9	d5f7	692	13141b1c
D2ndL	8/6p1/p2b3p/1ppQ4/3p2Pk/NP1P1p1q/1PP1rP2/5RK1 w - - 0 39	d5h5	692	0p1113141b
ENszJ	8/4K3/4p3/4P3/2Rp4/3k4/8/8 b - - 0 58	d3c4 e7e6 d4d3 e6f7 d3d2 e5e6 d2d1q	692	000g0p1h1w
F6Phq	3q1rk1/4nppp/3p4/1p1n1N2/3Q1P1P/1P6/P5P1/5RK1 w - - 2 27	d4g7	692	1314191b
FxVtY	6R1/8/8/6p1/5p1k/5P1r/5K2/8 w - - 4 70	g8h8	692	0p1113141b1m
H7kVt	2k5/5pb1/4p1p1/1p1r4/1PpPQP1q/2P1B2r/1P4RP/4R1K1 b - - 2 34	h4e1	692	0t0y1314191b
HD45z	8/4k3/8/p3P2P/n4K2/8/8/8 w - - 0 46	h5h6 a4c5 h6h7	692	000g0p0z1o
Hsfg8	r2qkbr1/pppb1p1p/3p4/4N3/2Q1P2P/2N5/PPPP4/R1B2R1K b q - 0 17	d8h4	692	0y13141b1c
HzSBM	3r4/nB6/P7/4N1k1/6p1/4K3/8/8 w - - 2 53	e5f7 g5h5 f7d8	692	0g0p0s1o
ID0nP	2kr2nr/ppp3pp/2nbbp2/3N4/2P5/6PP/PP1NP1P1/R2QKB1R b KQ - 0 13	d6g3	692	0a13141b1c
IYlND	7k/p3q3/1p1p2r1/3Pr1b1/P1P2N1p/1P2pK2/6R1/6R1 w - - 0 44	f4g6 h8h7 g6e7	692	0g0s191o
IbQVm	5k2/8/p7/P3KQq1/3Pp3/8/8/8 b - - 8 59	g5f5 e5f5 e4e3 f5f4 e3e2	692	000g0p101i
IcrJQ	3n1k2/pp3ppp/8/2b1N3/P3b1P1/2P4P/1B2BP1K/8 w - - 0 21	e5d7 f8e7 d7c5	692	010p0s1o
JoSR9	2r5/p4kpp/1p2pp2/3n4/2NP4/3BPP2/P4KPP/8 w - - 2 27	c4d6 f7f8 d6c8	692	0g0p0s111o
K8V8W	rb2r1k1/ppqB1ppb/2p2n1p/2Pp4/3P3N/4B2P/PP1N1PP1/R2Q1RK1 b - - 0 15	c7h2	692	13141b1c
KKk5s	3r2k1/pp3ppp/8/1qr2R2/4pP2/2P3PP/PP1R3K/8 w - - 0 30	d2d8 b5e8 d8e8	692	0p0t13151j1o
KmmrR	r3r1k1/3q1pbp/6p1/2pPP3/ppQ2Bn1/6N1/P5PP/1R2R1NK b - - 0 26	g4f2	692	1314191b1q
LTZgU	6k1/pp4pp/2pR4/2q1P3/4r3/P6P/1PP3PK/5R2 w - - 0 32	d6d8 c5f8 f1f8	692	0p13151j1o
LuyLf	6k1/r4pp1/7p/8/2n2P2/P5PP/2R3K1/1N6 b - - 2 47	c4e3 g2f3 e3c2	692	0g0p0s1o
LxcSh	6k1/5pp1/4b3/qp2Q2p/3BP3/5P2/PPP3PP/2K5 b - - 3 28	a5e1	692	0p13141b
M0g5P	r4rk1/pp1b2pp/3bpq2/3p2N1/1P6/2P1B3/P1Q2PPP/R3R1K1 w - - 4 19	c2h7	692	0y1314191b
NZj1t	8/7p/3N1kp1/1p6/8/5KP1/3r1P1P/8 w - - 1 43	d6e4 f6e5 e4d2	692	0g0p0s1o
NrvtA	r2q1rk1/1b3ppp/p3p3/1p1n4/3BNP1b/2P2BQ1/PP4PP/R4RK1 w - - 3 16	g3g7	692	0y1314191b
O4xad	2r2rk1/1p3pp1/p7/4b1P1/3R2QB/1N2p3/PPq4P/K1R5 b - - 5 29	c2c1 b3c1 c8c1	692	061315191o
Oy1X6	4r3/1p6/3p4/p1pP1N1k/P1P3p1/1P6/8/6K1 w - - 0 37	f5g7 h5g5 g7e8	692	0g0p0s1o
P6gsQ	5r1k/1p4pp/pQ6/3P1q2/2B1p3/1P4P1/P4p1P/5R1K b - - 1 30	f5f3	692	0p13141b
PnJXS	r2q3r/pQ2R1pk/5n1p/8/3p4/N7/1P3PPP/2B3K1 w - - 3 25	e7g7	692	0q1314191b
QGjud	r3k2r/1p5p/pn2p1p1/2p1b3/4q3/4B2Q/P1P3PP/3R1RK1 w kq - 0 23	h3e6	692	111314191b
RczyW	8/R3K1pk/5p1p/4nP1P/8/8/8/8 b - - 2 65	e5c6 e7d6 c6a7	692	0g0p0s1o
Rm2cW	2rqk1nr/1p3ppb/p3p3/3pB1PQ/8/2b4P/PnP3B1/R4R1K w k - 0 19	h5f7	692	041314191b
Rn71h	rn3b1r/pN1k1pp1/2p1p2p/4P3/1Q1P2b1/6P1/PP3P1P/R3KBNR b KQ - 0 14	f8b4	692	0a1314191b
RqXHL	8/8/1b6/4k1pp/4p3/6P1/3NK1PP/8 w - - 0 46	d2c4 e5d5 c4b6	692	0g0p0s1o
T7ZlK	r4rk1/pp3p2/2b1pBpQ/3q4/8/2p5/P1B2P1P/R3R1K1 b - - 0 21	d5h1	692	1314191b
TpyH9	r3r1k1/ppp2ppp/2nb2b1/4q3/8/P1NP3P/1PPB1PP1/R2QRBK1 b - - 3 16	e5h2	692	1314191b
VK6Dg	r1b4k/p4rp1/4p2p/3n4/3pB2Q/8/1qPK1PPP/3R3R w - - 0 21	h4d8 f7f8 d8f8	692	0y1315191o
WcJK5	8/pp5B/8/2k1q3/2n1P3/3R2P1/5PKP/8 w - - 1 53	d3d5 e5d5 e4d5	692	010p0s1o
XB8Lp	r1b2rk1/pp3pp1/1bp3np/3p2qN/8/2Q3P1/PP1N1PBP/R4RK1 w - - 4 19	c3g7	692	0y1314191b
XFVj6	3r4/p5kp/1pn3p1/2N2p2/3p4/8/PP3PPP/3R1K2 w - - 0 27	c5e6 g7f6 e6d8	692	010p0s1o
XUtbd	8/5p2/4k1p1/1b1pP2p/1N3P1P/P5K1/1P1R2Pn/8 b - - 5 36	h2f1 g3f2 f1d2	692	010p0s1o
XehZA	8/8/r4k2/8/1p2K3/8/7R/8 w - - 0 50	h2h6 f6e7 h6a6	692	0g0p1m1o1p
Y1yFZ	5r1k/7p/p2pB1p1/1p1Pp3/3pPR2/PQ1P1p1r/1P3P2/5K2 b - - 0 33	h3h1	692	0p13141b
YZmRP	1k5r/Rp3p2/2p5/8/R4PK1/4r2p/2P5/8 w - - 0 33	a7a8 b8c7 a8h8	692	0g0p1m1o1p
YaJxz	rnb1kbnr/pp3ppp/2p1q3/6B1/3Qp3/3B1N2/PPP2PPP/RN2K2R w KQkq - 0 8	d4d8	692	13141b1c
Ygza9	2r5/8/8/8/8/2k5/2pR4/2K5 w - - 5 72	d2c2 c3d4 c2c8	692	0g0p1m1o1p
ZQ05e	2r3k1/p5p1/1p3p1p/3N4/8/4PN2/Pr4PP/3R2K1 w - - 1 30	d5e7 g8f8 e7c8	692	0g0p0s1o
ZmDnn	8/p6p/1p2RkpP/5q2/5P2/8/PP4K1/4R3 b - - 0 37	f5e6 e1e6 f6e6	692	010p1j1o
ZnMpM	2r1k2r/pp2pp1p/q2p2p1/3P3n/4PPQ1/3PB1PP/Pb4B1/R4RK1 w k - 0 17	g4c8	692	0t1314191b
Zz5Lc	R7/5p2/4p1pk/4P3/5P1r/8/6K1/8 w - - 0 59	a8h8 h6g7 h8h4	692	0g0p1m1o1p
aAuji	5r1k/2Q3pp/2p5/p7/P3p3/2P2q2/1P3PR1/6K1 w - - 2 32	c7g7	692	0p1113141b
ayDYJ	r4rk1/ppp2ppp/3p4/4p2b/2B1P1nq/P2P1N1P/1PPN1P2/R2QK2R b KQ - 2 14	h4f2	692	041314191b
bSO3N	8/8/4b2p/6p1/1pP2kP1/5P1P/2p2K2/2N5 w - - 0 44	c1d3	692	0p1113141b
cLZ6i	3r1k1r/pR3p1p/2Bp2p1/3Pb3/5q2/7P/P3QPP1/4R1K1 b - - 2 26	f4h2 g1f1 h2h1	692	0y1315191o
csy2U	8/6K1/8/5k1p/6pP/6P1/8/8 b - - 0 54	f5e4 g7h6 e4f3 h6h5 f3g3	692	0g0p101e
d9wOh	r1b2rk1/1pq2ppn/p2p4/4p1b1/3N3Q/3B4/PPP2PPP/R3R1K1 w - - 0 18	h4h7	692	0y1314191b
deBOr	r5k1/pp4p1/2p1r3/3pP1qp/5R2/2P1Q3/P5P1/4R1K1 w - - 7 28	f4f8 a8f8 e3g5	692	010j0p1o
dwgU7	5b2/1kp5/p4p1N/1p1R2r1/7R/7P/PPP5/1K6 b - - 0 29	g5g1 d5d1 g1d1	692	060p13151o
eJDIU	7r/1Bp3k1/p2p2p1/8/2PP3r/1P6/P5R1/3R2K1 b - - 0 35	h4h1 g1f2 h1d1	692	0g0p1o1p
eSNBZ	r4rk1/bb1q1ppp/p7/n1p1p2n/1p2P3/P2P3P/BPP3PN/R1BQ1RNK b - - 1 17	h5g3	692	1314191b1q
eZnBX	r5k1/p5pp/2pp1nN1/3p1b2/3P4/2N5/PPr2PPP/R4RK1 w - - 0 16	g6e7 g8f8 e7f5	692	0g0s11191o
fU2y6	8/6bk/8/3Np3/3nPp1P/5P1N/6RK/5r2 b - - 4 50	d4f3	692	0p1113141b
ft8UN	1r5k/7p/3p1b2/6N1/5P2/2p3RP/8/7K w - - 0 45	g5f7	692	0f0p13141b
hNKWu	4R3/8/1p3k2/p7/2pP4/P1P1KP2/1P6/7r b - - 4 44	h1e1 e3f4 e1e8	692	0g0p1m1o1p
hYWjP	2r5/p7/1p2pRp1/3p2k1/2rP4/8/PPB2R2/1K6 b - - 2 30	c4c2 f2c2 c8c2	692	010p1o
hzPj2	r5k1/5ppp/ppN5/2p2b2/8/K1P5/PP1r1PPP/R6R w - - 1 20	c6e7 g8f8 e7f5	692	010p0s111o
iJTj0	1r4k1/5pp1/p1N1bq2/1p4Q1/n3P3/3B1PRP/PPP5/1K6 b - - 2 27	f6b2	692	1314191b1k
inEP7	rn2k1nr/p1p2ppp/1p2p3/3P4/3P2bq/1QP3P1/PP1N4/R1B1KBNR b KQkq - 0 9	h4g3	692	13141b1c
kKxmL	2r2b1r/p3kp2/bp2pN1p/4P3/1n3p2/6P1/PP3PBP/R2R2K1 w - - 2 19	d1d7	692	0u1314191b
kguMp	r3rk1b/ppp1q3/3p2B1/8/3B4/2P5/PPP2P2/1K5R w - - 0 23	h1h8	692	1314191b1f
knubq	r4bk1/pp2rp2/3N2pp/1NpPn3/2P5/4R1P1/PP3P1P/4R1K1 b - - 2 21	e5f3 e3f3 e7e1	692	010i0j0y11191o
l785m	8/6B1/r4P2/4k1K1/8/8/8/8 w - - 3 69	f6f7 e5e6 f7f8q	692	000g0j0k0p111h1o
m6FQv	8/8/8/6p1/3k2Pp/7P/4K3/8 b - - 6 63	d4e4 e2f2 e4f4	692	0p
mQkC0	r2r2k1/pp3pb1/3N2p1/8/4p1P1/5Q2/PqP5/3RK2R w K - 0 22	f3f7	692	1314191b
mWMJb	2r3k1/R4pp1/4N1bp/3pQ3/8/1P2P3/5qPK/8 w - - 0 46	e5g7	692	0p1113141b
nDFDm	r1b1k1nr/2p2ppp/p1N5/2b5/4q3/2P1B3/PP4PP/RN1Q1RK1 w kq - 0 13	d1d8	692	1314191b
nKnvv	b7/3k4/p3p2q/1p1nPp1B/2pP1Pp1/2P3K1/P6Q/1N6 w - - 4 33	h5e8 d7e8 h2h6	692	0g0j0p1o
op7eY	2kr1b1r/ppp1pppp/5N2/3Pq3/8/5Q2/PPP2PPP/1RB1R1K1 b - - 0 14	e5e1	692	0t0y1314191b
p32Gt	8/p2N4/7p/3RP3/7k/1P1n4/P3r3/K7 b - - 1 40	e2e1	692	0p13141b
pjQU6	4rr1k/pp1n2pp/8/3P4/2PQ4/8/PP1Bq1PP/4R1KR b - - 2 19	e2e1 d2e1 e8e1	692	0y1315191o
qLvZe	rnb1kb1r/ppp2p1p/4p1p1/5qB1/2P5/2P2N2/PP3PPP/R2QKB1R w KQkq - 2 9	d1d8	692	13141b1c
qvPvn	5rk1/pn3qpp/1p1p4/4p3/1PP1Q3/2B5/P4PPP/3R2K1 b - - 2 24	f7f2 g1h1 f2f1 d1f1 f8f1	692	060p1013161n
rgApC	3N1k2/pQN2p1p/6p1/2r2p2/P4Pn1/8/1P4PP/6RK b - - 0 33	g4f2	692	0p13141b1q
riqYz	r4r2/p1R2pk1/7p/1p1p1B2/3n1RP1/8/PPP2P1P/2K5 b - - 6 24	d4e2 c1d2 e2f4	692	010p0s1o
rrctn	8/8/8/6p1/4knP1/2K5/8/2B5 b - - 4 55	f4e2 c3b2 e2c1	692	0g0p0s1o
scWOY	8/1k1r4/R4p2/4b3/1P2p3/2P4R/5PPP/6K1 b - - 0 33	d7d1	692	0p13141b
u6VqN	6k1/5p2/6p1/3r4/1p2N3/7P/5PP1/5K2 w - - 0 49	e4f6 g8g7 f6d5	692	0g0p0s111o
ug2ch	4r2k/2r2Qpp/2p5/3p4/p7/2q4P/P4PP1/3R2K1 w - - 0 34	f7e8	692	060p0t1113141b
wu9Td	rn3rk1/p1pp1ppp/1p2p3/4P3/2Pq4/3B1P2/PP1Q1P1P/R4R1K w - - 0 14	d3h7 g8h7 d2d4	692	0g0j0y191o
xKbwT	r5kr/ppp1QRb1/3p2p1/6N1/1PPpN2q/P2P4/4P2P/6RK b - - 0 24	h4h2	692	0y1314191b
xmJWv	8/4pk2/6p1/4P3/P1R3np/2P5/2K5/8 b - - 1 37	g4e3 c2d3 e3c4	692	0g0p0s111o
yQPMk	r1q1r1k1/6pp/p3Np2/1pb1n3/6Q1/Pp2P3/1B3PPP/2RR2K1 w - - 1 22	g4g7	692	0y1314191b
yasdz	8/pp6/2p1p3/4Pk2/2PP2R1/1P4K1/P2B4/7r b - - 7 35	h1g1 g3f3 g1g4	692	0g0p1o
zMAZe	3r1rk1/p1p2pp1/1p1p3p/n2qP3/8/P1PB2P1/5P1P/R2Q1RK1 w - - 0 20	d3h7 g8h7 d1d5	692	010j191o
zQl5B	r2q1rk1/pp1nppb1/8/3p2p1/3P2b1/2P3P1/PPQN1PP1/R3K2R w KQ - 0 16	c2h7	692	1314191b
1FxPU	8/8/6P1/8/5k1K/8/4R3/3r4 b - - 0 61	d1h1 e2h2 h1h2	693	0p13151m1o
1HvsO	7k/p5rP/1p3n2/5b2/8/1KPR4/P4q2/7R w - - 10 45	d3d8 f6e8 d8e8 g7g8 h7g8q	693	000k0m0p0r1013161h
1J13C	3br2k/p1p3pp/3Rrn2/2p5/N6Q/1Pp4R/PB4PP/7K b - - 0 25	e6e1 h4e1 e8e1	693	061315191o
25fq4	6k1/1R6/5pK1/p7/8/7r/7P/8 w - - 3 40	b7b8	693	0p13141b1m
26PAQ	7r/2p2q1k/1bB1pQ1p/4P1p1/7P/6P1/6P1/7K w - - 0 36	f6f7	693	0p0q0t13141b
2zMlQ	6k1/5ppp/2P5/1R5P/8/8/1pr1r1P1/5RK1 w - - 1 43	b5b8 e2e8 b8e8	693	0p13151m1o
4ucKd	8/8/4pp2/5kp1/3P1n1p/5P2/5K2/4R3 b - - 9 59	f4d3 f2e2 d3e1	693	0g0p0s11121o
66aTg	2kr1b1r/ppp2ppp/5n2/8/6b1/2P1Q2B/PP3P1P/RNB1KR2 b Q - 2 13	d8d1	693	13141b1c
6kDnt	3r1B1k/5ppp/8/4p3/1p2Nn1P/5P2/PPP3P1/1K1R1B1R b - - 0 24	d8d1	693	060t1314191b
7K6YE	8/2pk1pQp/p1b1pn2/8/3P4/2N1P1P1/Pq4PP/R4RK1 b - - 0 18	b2g2	693	0y1314191b
7Kqd6	1r4k1/p4ppp/1p1pr3/2p5/2P4q/P1Q1PP1P/1P3P1K/3R2R1 w - - 2 21	c3g7	693	0p0y13141b
8UJgy	8/4Nppk/p7/6r1/8/1R6/PPn2K2/8 w - - 0 33	b3h3 g5h5 h3h5	693	020p13151o
9BcfU	3k3r/1Rp1q3/3pp1n1/PQb1p3/2P1P1p1/3P2p1/4NPP1/6K1 w - - 0 35	b7b8	693	1314191b
9Myhf	rn3rk1/p1pp1ppp/1p2pq2/6N1/2PP4/2P3P1/P1Q1PPbP/R4RK1 w - - 0 12	c2h7	693	0y1314191b
9pFe2	3rk2r/ppp2ppp/2p5/4P3/4P3/6Pb/PPP2R1P/RNB3K1 b k - 0 16	d8d1 f2f1 d1f1	693	0s1315191d1o
9wZUI	4r1k1/p4ppp/1qQ3b1/4P3/8/6P1/1r4BP/R3R2K w - - 0 25	c6e8	693	0t1314191b
AFDq0	6K1/3R4/8/5P2/3pn3/4k3/8/8 b - - 0 64	e4f6 g8f7 f6d7	693	0g0p0s1o
B0cLx	7k/pp4pp/2p5/2P5/3P1r2/P3Q1PK/1q5P/8 w - - 0 36	e3e8 f4f8 e8f8	693	0p13151o
B8Ufr	r5k1/1p4p1/2p3qp/p1NpQ3/3P1R2/8/PP3PPP/1R4K1 b - - 0 23	g6b1 e5e1 b1e1	693	0p0t0y1113151o
C4C6G	4r3/Q4pk1/P5p1/8/3P3p/7P/1r3PP1/5K2 b - - 0 33	b2b1	693	0p13141b1j
DPW1o	5k2/1R3p1p/2r1pBp1/5nP1/5K2/5P2/7P/8 w - - 0 50	b7b8 c6c8 b8c8	693	0p13151f1o
DXwGZ	3r3k/6pp/8/p5Q1/3nqP2/3rP1KP/8/8 w - - 0 38	g5d8 e4e8 d8e8	693	060p0t13151o
Df9yA	8/5p1p/1p3kp1/8/1P2B3/6KP/P2R1nP1/8 b - - 0 36	f2e4 g3f4 e4d2	693	010p0s0t1o
ECmzO	2r3k1/pp3ppp/1q2b3/8/1P6/P4B2/5PPP/2Q1R1K1 w - - 0 23	c1c8 e6c8 e1e8	693	060p13151n1o
EEiRk	8/8/3P3k/4p3/5p2/4rP1P/3K4/8 w - - 0 53	d6d7 e3f3 d7d8q	693	00010p1h1m1o
EUcDT	8/7k/6p1/3q3p/2pQ4/2P4P/6P1/6K1 b - - 3 51	d5d4 c3d4 c4c3	693	0g0p111i1o
F72gp	5k2/6R1/1rR4p/3P1N2/8/7P/r4PPK/1q6 w - - 6 41	c6c8	693	0p1113141b
FY5Gj	8/1P1R4/4pk2/2Np4/2nP4/4P3/P1P2r2/2K5 b - - 0 41	f2f1	693	0p13141b
FiWrU	r1bq3r/5pk1/p2b4/1p1Q1Pp1/2p4p/P1P1P3/1PBP2PP/R1B2RK1 b - - 0 22	d6h2 g1h2 d8d5	693	0g0j0y191o
Flk8G	8/1pR4p/p2pknp1/P4p2/8/4KP1P/1PP3P1/8 b - - 4 39	f6d5 e3d4 d5c7	693	010p0s1o
Gf4q9	5bnk/p5pp/7N/2qp1p2/4p3/4P1P1/5P1P/5BK1 w - - 0 40	h6f7	693	0p1113141b1q
I5jeH	3r4/5bp1/7k/5Pp1/8/6R1/3p4/3B3K w - - 2 46	g3h3 f7h5 h3h5	693	0p13151d1o
IkTAF	1rr3k1/1p3p1p/p3p1p1/P1q5/3R1P2/2P5/1P3QPP/R6K w - - 1 26	d4d8 c8d8 f2c5	693	0g0i0j0p111o
JXole	4qnkr/5pb1/p3p1p1/1p1pP1Pp/1P1P1P1P/P3BNn1/2B5/R1Q3K1 b - - 1 35	g3e2 g1f2 e2c1	693	010s191o
LV0mo	r1b1k1nr/pppp1ppp/1q4n1/4P3/3P4/2N5/PPPB2PP/R2Q1BKR b kq - 2 9	b6d4 d2e3 d4e3	693	0y13151c1o
Lr25S	8/3rp2p/4kpp1/8/N7/1P5P/P4PP1/6K1 w - - 0 32	a4c5 e6d6 c5d7	693	010p0s1o
NUG7K	5rk1/pp1q2p1/2nBb2p/3P4/4B1p1/P1P5/2P4P/5RK1 w - - 0 31	f1f8	693	1314191b1d1f
PVZgi	q3n1rk/5p1p/4pp2/P1Q5/3P4/1P2P3/3N1PPP/5RK1 b - - 0 34	a8g2	693	0p13141b
PXttB	1N6/7p/1k3bp1/p1p2p2/P1K1p3/4P1PP/5P2/8 w - - 9 47	b8d7 b6c6 d7f6	693	0g0p0s1o
PkzGM	5rk1/5p1p/p5p1/Pppr4/3nN3/8/5PPP/1R3R1K w - - 0 24	e4f6 g8g7 f6d5	693	0g0p0s1o
Q5txU	1r6/1Pk2ppp/2B1p3/1P1pP3/3n1P2/8/6PP/2R3K1 b - - 8 41	d4e2 g1f2 e2c1	693	0g0p0s1o
QFPDS	r4k1r/pp3pp1/n4q2/7p/Q5bP/P1N3B1/5PP1/1R2KB1R b K - 0 17	f6c3	693	1314191b
QnhW7	1k6/p1p3pp/Bp1p4/8/7q/BKP5/P3Rr2/8 w - - 6 34	e2e8 h4d8 e8d8	693	0p13151f1o
Qv2n0	8/p3k1pp/8/1PPn1p2/3ppP2/6PP/P5K1/3R4 b - - 2 36	d5e3 g2f2 e3d1	693	0g0p0s111o
SdruY	7R/1p1k3p/p3p3/3pPp2/1P1b4/P2n4/5PPP/3R3K b - - 1 28	d3f2 h1g1 f2d1	693	010j0k0p0s1o
Ul8sn	5rk1/pp3pp1/1bp1p1p1/8/q7/5QN1/P5B1/B4R1K b - - 7 29	a4h4 g2h3 h4h3	693	1315191o
V63kM	8/1kp3p1/1p1b4/4p3/Q1N5/1KP2q2/PP1B4/3R4 b - - 2 37	f3d1	693	0p0t1113141b
VTyqA	r2n1r2/1pp1bp1k/p2pqn1p/4pN2/B3P3/2PP2Q1/PP3PPP/R2R2K1 w - - 2 17	g3g7	693	1314191b
VvN5g	b1r5/P4p2/4pk2/3pn3/7p/2P4P/2BB1P2/R5K1 b - - 1 42	e5f3 g1f1 f3d2	693	0g0p0s1o
W3NxW	3r4/6k1/2p3pp/2N5/8/R4P2/PP5r/2K5 w - - 0 36	c5e6 g7f6 e6d8	693	010p0s1o
WgHSL	r2qr1k1/p1pn2pp/1p2R3/8/3n1B2/1QN4P/PP3PP1/R5K1 w - - 1 19	e6e8	693	0k0m0y1314191b
XWcbK	5bk1/ppnq3p/6b1/4p3/1PP1N3/P3N1P1/4Q1B1/6K1 w - - 0 29	e4f6 g8h8 f6d7	693	0g0s191o
XtJo3	r3r1k1/ppp2ppp/8/4n3/3R3P/3B4/PPP1NP2/2K4R b - - 0 18	e5d3 d4d3 e8e2	693	010j191k1o
YbxCW	r2q1b2/2p2kpp/p1n1b3/1p1n4/8/7P/PP2QPP1/RNB1R1K1 w - - 0 19	e2e6	693	0n1314191b
Z5pok	3bk3/1b3ppp/2p1p3/p1B1P3/4N3/1P6/5PPP/6K1 w - - 0 27	e4d6 e8d7 d6b7	693	010p0s1o
ZHcpa	1k6/p4p1B/Kp2p3/4P1P1/2P4P/8/4b3/8 b - - 0 46	e2c4	693	080p13141b
ZxYy2	r2qr2k/2p2p1p/p4p1B/1pbppb2/4P1Q1/1P1P3P/1PP2PP1/R3K2R w KQ - 0 17	g4g7	693	1314191b
b3MD0	r4rk1/pp3pp1/3R3B/2p1P2n/6Q1/8/qPP2PPP/2K4R b - - 0 17	a2a1 c1d2 a1h1	693	01191o1p
ccB4e	r3r1k1/1b3R1p/p2q2p1/1p6/1P2p2Q/P6P/4p1P1/2R3K1 w - - 0 33	h4h7	693	1314191b1u
dijzd	6k1/8/7p/2b3p1/Bp6/3R4/P1P3PP/3n3K b - - 6 38	d1f2 h1g1 f2d3	693	010j0k0p0s1o
e12Ja	r4rk1/p1n2p2/1pp1b1pp/7q/1P2N3/2PB3P/P1Q2P2/R4RK1 w - - 0 23	e4f6 g8g7 f6h5	693	0g0s191o
e4wPY	k1q5/1R6/p1p3r1/2Pp1p1p/3P1P2/PQ2Bn2/6r1/1R5K w - - 14 38	b7b8 c8b8 b3b8	693	0s1315191o
ePE4z	r3r1k1/p4ppp/2pb4/4q3/2P5/1P2B2P/P1Q2PP1/R4RK1 b - - 0 21	e5h2	693	1314191b
fcpXo	8/4k3/2B5/1pK5/1Pb2B1b/7P/8/8 b - - 10 61	h4f2 f4e3 f2e3	693	080p13151o
ff4iU	r1b2rk1/1p1n1p1p/p2qpp2/8/2P5/3B1P2/P5PP/1R1Q1R1K w - - 0 21	d3h7 g8h7 d1d6	693	0g0j0y191o
g0kBc	r1b3k1/6p1/pp4Qp/3pP2R/8/2P4n/PP4PP/6RK b - - 0 31	h3f2	693	0p13141b1q
gF0vO	2k2b1r/pp3pp1/2p4p/2qr4/5B1P/4QP1R/PPP2P2/2KR4 w - - 0 16	e3e8 d5d8 d1d8	693	1315191f1k1o
gPLCJ	6k1/ppp3pp/8/5R2/2P1r3/2q4P/P5PK/3R4 w - - 0 24	d1d8 e4e8 d8e8	693	0p13151j1o
gX2G5	6rk/5p1p/3pp3/5p2/1P6/2R5/2B2PrP/2R2K2 b - - 1 31	g2g1 f1e2 g1c1	693	0g0p1o1p
gc46B	1r2qrk1/6pp/4p3/p2pN3/PbbP4/4P3/1R4PP/Q1RN2K1 b - - 1 31	f8f1	693	1314191b1d
goZ5X	r1b1k2r/ppp2N2/2np1q1p/2b3p1/2B1P3/2PP2P1/PP3PP1/RN1QK2R b KQkq - 0 11	f6f2	693	041314191b
gre7d	2kr1b1n/ppq5/2p1p2p/3nP1p1/3PB1P1/2PN2BP/PP3RK1/5Q2 b - - 2 25	d5e3 g2f3 e3f1	693	0g0s191o
ho4ok	3rkbnr/p1p3pp/2p5/4Np2/4P1b1/8/PPP2PPP/RNB1K2R b KQk - 0 9	d8d1	693	1314191b1d
jAuzj	8/N1k4p/1p2pp1K/8/5P2/r7/6PP/8 w - - 6 40	a7b5 c7b7 b5a3	693	0g0p0s1o
kFiq5	3R4/pp3pkp/2p1p1p1/8/1q6/4BB2/P1P2PPP/6K1 b - - 0 29	b4e1	693	0p1113141b
kGPSk	8/6k1/Q3pqp1/P7/8/3N4/1PP3PK/5r2 b - - 2 42	f6h4	693	0p1113141b
krP0I	8/1R6/7r/p2p1k2/1n6/8/5P2/1R3K2 b - - 0 48	h6h1 f1e2 h1b1	693	0g0p1o1p
l8tGb	6k1/pp5p/2p2qp1/8/2P2N2/1P2Q1Pb/P6P/6K1 b - - 4 29	f6a1 e3c1 a1c1	693	0g0p111o
mB6DJ	r2r2k1/ppp3pp/7q/2P2p2/8/1P2nQPN/PBP3B1/RN4K1 b - - 0 20	d8d1 f3d1 e3d1	693	0g191o
mwuIf	3k3r/R5pp/p1p5/5n2/8/8/P1PK1PPP/8 w - - 0 22	a7a8 d8e7 a8h8	693	0g0p1o1p
odBO9	5k2/5pp1/1N2p2p/pp1pq3/8/8/PP3PRP/7K w - - 0 32	b6d7 f8e7 d7e5	693	0g0p0s1o
pPiaP	2k1r3/pppr2p1/5n1p/1Q6/Pn5P/2R2N2/5PP1/5K1R b - - 0 20	d7d1 f3e1 d1e1	693	1315191o
poYmd	6k1/5ppp/p3p3/8/3q4/Pp3P2/2Q3PP/7K w - - 0 30	c2c8 d4d8 c8d8	693	060p13151i1o
pqY83	r4k2/pppq1pp1/2npr2p/5B2/8/2P4P/PPPQ1PP1/R3R1K1 b - - 1 18	e6e1 a1e1 d7f5	693	010j0y191o
qMUI8	5rkr/1bp2ppp/pp2p1N1/1q6/3P4/4PP2/PP4PP/R1B2RK1 w - - 0 18	g6e7	693	1314191b1q
qevrm	r4rk1/pbq2p1p/1pn1p1p1/8/3p3Q/2PB1NP1/PP3PP1/3RK2R w K - 0 16	h4h7	693	0y111314191b
rBlUw	5B2/R7/p3p3/Pk3p2/2b5/8/5PPK/1r6 w - - 3 43	a7b7 b5a5 b7b1	693	010p1o1p
rChub	3r2k1/p3Qppp/6q1/6n1/8/4P3/PP3PP1/5RK1 w - - 0 31	e7d8	693	060p13141b
rNWK2	3rr1k1/2p2ppp/p1Q5/1p6/5B2/2P2N2/PP3PPP/5K2 b - - 0 23	d8d1 f3e1 d1e1	693	0p13151o
rdtxe	r2q1rk1/1b1n1ppp/p3p3/1p6/1P6/P3P3/1bQN1PPP/1BR2RK1 w - - 0 17	c2h7	693	0y13141b1c
sA99E	8/8/1KP1k2p/6p1/p4p2/1r3P1P/1R4P1/8 w - - 1 48	b2b3 a4b3 c6c7	693	000g0p11121m1o
sK9LU	5b1r/p2R1ppp/2B5/4R3/5p2/5PPk/Pr5P/6K1 w - - 1 26	e5h5	693	0p13141b
sjjlV	r4rk1/pb2bp2/1p2p3/n2q1N1p/8/1P2P2P/PB3PP1/1BR2RK1 w - - 2 19	f5e7	693	0t0y1314191b
skZwd	5r1k/pp2nr1p/1q2p1p1/4P1N1/8/1P1P3Q/P5PP/R4R1K b - - 1 27	f7f1 a1f1 f8f1	693	061315191o
svagc	6k1/1p5p/4p1pP/3p2P1/P7/6qn/1Q2R3/5B1K b - - 0 40	g3g1	693	0p13141b
tWjjF	r5k1/3b2pp/2p1p3/4Bq2/4p1Q1/4P2P/5PP1/5RK1 w - - 2 26	g4g7	693	0p13141b
u40m0	1r6/3k2p1/8/2Pn2p1/1P4P1/P3P3/4KP2/1R6 b - - 1 36	d5c3 e2d3 c3b1	693	010p0s1o
uVvuM	rn3rk1/2q2ppp/p3b3/bp1pP3/3p1B2/2PQ3P/P1B2PP1/1R3RK1 w - - 0 19	d3h7	693	0y1314191b
ub4GA	2r1k2r/ppq1bpp1/2n1p1p1/2Pp4/3P2P1/4B3/PPQNNPP1/R4RK1 b k - 0 16	c7h2	693	1314191b
v9l2L	2r1n1k1/p4pp1/1pN4p/2pp4/2P5/7P/PP3PP1/3R2K1 w - - 0 25	c6e7 g8f8 e7c8	693	0g0p0s1o
vYtNV	7Q/p4kr1/2p3b1/3pPq2/1p1P4/6R1/PPPB4/2K3R1 b - - 2 31	f5c2	693	1314191b1k
wVAVK	2r1r1k1/pp3ppp/1Q6/8/1P6/P6P/4RPP1/5K1R b - - 0 21	c8c1 e2e1 c1e1	693	0p13151j1o
wgzeU	5k2/3B4/5PK1/1p6/p1n5/8/P7/8 b - - 7 54	c4e5 g6f5 e5d7	693	0g0p0s1o
wtOYe	4r1k1/2p2pPp/p7/1p6/4B3/P5P1/1n5P/4R2K w - - 0 28	e4h7 g8h7 e1e8	693	010j0p1o
xG7fG	8/pb6/1b5p/4pkp1/2B5/PPN2PP1/2P4P/7K b - - 0 41	b7f3	693	0l0p13141b
xQ6NA	rn5k/1b4p1/p3R2B/1p1p3n/7q/2NB1r2/PPP2PPP/R5K1 w - - 0 19	e6e8 f3f8 e8f8	693	0y1315191o
xozlI	2rq2rk/pp2p1np/2b2bp1/6N1/8/1B6/PPP2PPP/R1B1R1K1 w - - 0 19	g5f7	693	13141b1c1q
y0dzm	2Rq4/R4pk1/4r1np/4p1p1/4P3/BP2Q3/P4PPP/7K b - - 0 33	d8d1 e3e1 d1e1	693	061315191o
yRlT6	5r1k/6p1/7p/4P3/2R5/6B1/1P1r2PP/6K1 b - - 0 32	d2d1 g3e1 d1e1	693	0p13151o
yYnq7	8/2r1k3/p6p/3PK3/6PP/1P6/P7/8 w - - 1 47	d5d6 e7d7 d6c7	693	000g0p0s1m1o
z687l	r1N2r1k/p2p1pbp/2p1p1p1/8/4P2P/5Q2/qPPB1PP1/2KR1B1R b - - 0 13	g7b2	693	1314191b1k
0YkMX	r4rk1/pp3ppp/2pN4/4P3/5n2/6R1/PPP3PP/2K4R b - - 1 19	f4e2 c1b1 e2g3	694	0g0p0s1o
0c9BF	8/4ppkp/2r3p1/p7/2nR4/5P1P/P4PK1/2R5 b - - 1 30	c4e3 f2e3 c6c1	694	010j0p1o
2Mj7g	8/4kp2/3p4/4b3/4n3/6pQ/8/7K b - - 0 66	e4f2 h1g2 f2h3	694	0g0p0s111o
37iQs	r3k2r/8/p1n1pn2/3q1p1p/Pb1P2PP/4P1B1/3NBP2/R2Q1K1R b kq - 0 18	d5h1	694	0t1314191b
3lkPE	5rk1/2r1bppp/p3p3/1pp3q1/3P4/4P2R/PPQ1P1B1/2R3K1 w - - 1 22	c2h7	694	0y1314191b
455T8	4r3/p1k4p/6pB/q1p2p2/2Ppr2P/PP1Q4/2P2P2/R2K3R b - - 0 29	e4e1 h1e1 a5e1	694	1315191o
4B9qh	8/7k/3R1nrp/4P3/1P5N/2r5/8/5R1K b - - 2 38	c3h3	694	0p13141b
5MoN2	8/8/3n1k2/4p2p/4P3/4K3/3B3P/8 b - - 2 54	d6c4 e3d3 c4d2	694	0g0p111o
5PQmh	rn2qrk1/pbppb1p1/1p2p1Qp/5pN1/2PP1B1P/P3P3/1P3PP1/R3KB1R w KQ - 2 13	g6h7	694	111314191b
6Ed9Z	3r2k1/ppp2p2/7p/2b1P1p1/4N3/2P1nPB1/PP5P/R1KR4 b - - 0 21	d8d1	694	1314191b1k
6nRQ8	r4rk1/2p2qp1/p7/1pP1R3/3P4/P6Q/5PPP/3R2K1 b - - 0 26	f7f2 g1h1 f2f1 d1f1 f8f1	694	060p1013161n
7INEi	3qk3/ppP1r3/4R2p/4Q3/2P2p2/8/PP3PPP/6K1 b - - 0 29	d8d1 e5e1 d1e1 e6e1 e7e1	694	060p1013161y
7eLLB	1r6/1qp3k1/p2p2pp/1p2p1N1/5n2/PP2R3/2PQ1PPP/4R1K1 b - - 0 35	b7g2	694	0y1314191b
AheoD	r1b1r1k1/1pp2pp1/p4q1p/3pn3/Q2P4/2PBP3/P4PPP/R4RK1 w - - 0 14	a4e8	694	0t0y1314191b
BBKxI	r4rk1/2p2ppp/p2p4/1p6/3PPR2/5P1q/PPQ2P1P/R1B4K b - - 0 21	h3f1	694	1314191b
BxFZF	3R4/8/8/8/8/3r4/2kpK3/8 w - - 2 69	d8d3 d2d1r d3d1	694	0g0p1m1o
CSvOx	8/6k1/8/1K4PB/2p4P/3b4/8/8 b - - 0 63	c4c3 b5b4 c3c2 b4c3 c2c1q	694	00080g0j0k0p101h
Cw3Ga	8/p7/5b1k/3p3P/Pp3PP1/1P3K2/2P5/8 w - - 0 41	g4g5 f6g5 f4g5	694	080g0p0s1o
DHope	8/8/4N1pk/r3p3/Pn1pP3/3P4/2p1r3/R1K2R2 w - - 3 38	f1h1 e2h2 h1h2	694	020p13151o
Eqljp	3r2k1/p4rpp/8/1p6/8/2PqnQPK/P4R1P/8 w - - 0 29	f3f7 g8h8 f7f8 d8f8 f2f8	694	060p101316
F2M5e	6k1/3q1ppp/3P4/1P1QB3/p5n1/P5P1/6KP/8 b - - 3 40	g4e3 g2f2 e3d5	694	0g0p0s111o
G3JEh	4r2k/pp5p/4p2p/3bR3/8/3B1P2/PP3b1P/5R1K b - - 0 21	d5f3	694	0l0p13141b
HPQYI	8/2p1R1R1/p7/3Pn1PK/1PP1k3/7P/7r/8 b - - 0 43	h2h3	694	020p13141b
IYF0t	R7/8/6pk/5p2/5P1r/8/5K2/8 w - - 0 58	a8h8 h6g7 h8h4	694	0g0p111m1o1p
JZ1zp	4r3/6p1/4bk1p/R7/P7/8/1PP2PPP/5K2 b - - 0 33	e6c4 f1g1 e8e1	694	060p13151o
K1bmD	2r3k1/p4p2/2rn1n2/6pp/2B1P3/P1R2PP1/7P/2R3K1 w - - 0 32	c4f7 g8f7 c3c6 c8c6 c1c6	694	010j1019
LA0nI	r4rk1/5n1p/2p2qp1/2Np2pP/1p6/pP3N2/P1PQ4/1K1R3R b - - 0 29	f6b2	694	1314191b
LGLfl	7k/4n2p/6p1/6P1/2B1K3/P1P1B2r/P7/8 w - - 2 35	e3d4	694	0l0p1113141b
LaN3A	rnb1k1nr/pp1p1ppp/1q2p3/2b3B1/8/5N2/PPPNPPPP/R2QKB1R b KQkq - 1 5	c5f2	694	0413141b1c
N5g55	8/8/1n1k1pp1/1P6/4bKP1/2R4P/4P3/8 b - - 6 47	b6d5 f4e4 d5c3	694	010p0s1o
NOSjs	3r1k2/1q3pp1/7p/p7/P7/6PP/4Q2K/3R4 w - - 0 51	d1d8	694	0p13141b
NcKAd	2r3k1/6p1/p1N2p1p/8/p7/4nK2/6PP/4R3 w - - 4 41	c6e7 g8f7 e7c8	694	010p0s1o
Nxfrp	N1b4N/pp5p/2k3p1/3n4/1n6/6P1/PP1P1bBP/R1BK3R b - - 1 17	c8g4 g2f3 g4f3	694	1315191o
OkZaM	r6k/1ppb3p/3p4/p1nPppBq/2P1P2P/2N5/PP3P2/2K3R1 w - - 0 25	g5f6	694	11121314191a1b
P4d9b	4r1r1/2p2b2/1pN2P2/1Bkn3p/2P5/P6q/1P1R4/1K1R4 w - - 1 34	d2d5 f7d5 d1d5	694	0q1315191o
PHAwO	2Q1Bk2/7p/7p/p2p2b1/8/P7/4qPPP/3R2K1 b - - 0 32	e2d1	694	060p0t13141b
PSUZu	5k2/5pp1/p6b/1p6/5q2/P1Pr1P1Q/1P5P/4R2K w - - 0 35	h3c8 d3d8 c8d8	694	0p13151o
PcUhW	1r1q1rk1/1bb2p1p/p1n1pp2/1ppnP1N1/8/2P3P1/PPQ2PBP/R1B1R1K1 w - - 0 16	c2h7	694	0y13141b1c
QfGqG	6k1/p4ppp/4p3/8/8/2Q1PB2/qb1r1PPP/R5K1 w - - 2 25	c3c8 d2d8 c8d8	694	060p13151o
RP6RP	8/5k2/5p2/3n4/2K5/8/8/5R2 b - - 8 70	d5e3 c4b3 e3f1	694	0g0p0s1o
RkcgH	8/8/6kP/6P1/2r2P2/3N4/2pK4/8 w - - 3 56	d3e5 g6f5 e5c4 c2c1q d2c1	694	0g0p0s10
SmNPg	8/p7/5p2/B1n1kPp1/3b2Pp/8/6B1/7K w - - 2 55	a5c7	694	0p111213141b
SuGNi	8/2pp1p2/p4K1k/5P2/1P6/8/pr6/R7 w - - 0 54	a1h1 b2h2 h1h2	694	0p13151m1o
UugAt	r3k2r/pR2npbp/6p1/3q4/8/3P1N2/P1P1QPPP/4K2R w Kkq - 0 15	e2e7	694	1314191b
VHdHA	4r3/8/8/5RPP/7K/8/6k1/8 b - - 0 68	e8e4 f5f4 e4f4	694	0p111213151m1o
Wkyil	2r5/2P5/8/5kPK/2R2P2/8/8/8 b - - 2 54	c8h8	694	0p13141b1m
XPxCL	3b3k/7p/4B1n1/8/p7/4B3/P1q4P/5K2 w - - 0 50	e3d4 g6e5 d4e5 d8f6 e5f6	694	0l0p101316
Xkki6	r2qn1rk/pp3p1p/5N2/2p1p3/3p4/P2P1N1b/1PPBB2P/R5RK w - - 0 23	g1g8	694	030y111314191b
YmTfq	r1br2k1/pp3ppp/8/4p1q1/2P1Bn2/1P2QN2/P4PPP/R4RK1 b - - 1 17	g5g2	694	0y1314191b
ZOfTM	r1b2rk1/pp1p1p1p/4p1pP/4n1P1/5Q2/2N5/PP3PB1/R3K3 b Q - 0 21	e5d3 e1f1 d3f4	694	0g0s191o
ZPClt	4r1k1/5ppp/2n5/1Bnp4/p7/2q2P2/P4PKP/2NrR2R w - - 0 26	e1e8	694	060t1314191b
ZSZUa	r4rk1/pp3pb1/2n4p/2p3p1/8/4PNB1/bPQ2PPP/qBKR3R w - - 6 18	c2h7	694	1314191b
a0FY5	2q3k1/3rbpp1/4p2p/1p6/8/P3B2Q/1P3PPP/2R3K1 b - - 1 25	c8c1 e3c1 d7d1	694	060p13151n1o
aYC3Z	8/1k3p2/3Rp1p1/KP1nP1P1/5P2/1P6/2r5/6N1 b - - 8 52	c2a2	694	020p1113141b
an7gq	r5k1/ppq3pp/1bb5/6B1/6n1/4PB2/PP3PPP/2RQ1RK1 b - - 0 21	c7h2	694	0y111314191b
cRCBf	r3k2r/pppb1pRp/8/4pP2/1q2P3/3PpQ2/PPP1K2P/R4B2 b kq - 2 17	b4d2	694	1314191b
cSQUf	rnb2rk1/1p4pp/pq2p3/3pN3/P3p3/2N5/1PP1QbPP/R1B2RK1 w - - 0 13	f1f2 b6f2 e2f2 f8f2 g1f2	694	011019
cjJNH	8/p5k1/bp5p/6p1/8/6B1/P4PPP/r4BK1 w - - 0 29	g3e5 g7g6 e5a1	694	0p
daFBI	2r5/8/7R/3q2p1/3pN1k1/4br2/P3QR2/6K1 w - - 3 41	e2f3	694	1314191b
diTbR	r1kq1bnr/pp2pQpp/8/8/2B5/4Bn2/PP3PPP/RN1R1K2 b - - 6 12	d8d1	694	0t13141b1c
ehJFR	rnbq1k1r/ppp1b1pn/4Q1Bp/4p3/7P/8/PPP2PP1/RNB1K2R w KQ - 0 12	e6f7	694	13141b1c
fENfW	2rq3k/1b1nbrpB/4pn1p/ppp1N3/3P1B1P/4P3/PP3PP1/RQ2K2R w KQ - 0 17	e5f7	694	0t0y1314191b
g6sqk	r1b4k/ppp2rpp/8/3P2q1/3PQ3/2P2P2/PP4PP/R3R1K1 w - - 1 22	e4e8 f7f8 e8f8	694	0s1315191o
gB01U	rnb2rk1/p1p2ppp/4pq2/1p6/3Pn3/1P2P3/PB1N1PPP/R2QKB1R b KQ - 0 12	f6f2	694	0413141b1c
gJbne	8/8/1p6/2k5/PrP2K2/2R5/8/8 b - - 3 60	b4c4 c3c4 c5c4	694	0g0p1m1o
gTKdw	8/6p1/8/6P1/7P/8/4p3/2kqQK2 w - - 0 77	f1f2 d1e1 f2e1	694	0g0h0p11121i1o
gYatL	8/4k3/1p3N1r/p3K3/6P1/P7/1P6/8 w - - 1 60	f6g8 e7f8 g8h6	694	0g0p0s1o
gkie6	2kr1bnr/ppp5/5q2/3p4/6b1/3P3p/PPQ1NPPB/RN3RK1 w - - 0 19	c2c7	694	13141b1c1k
h85Pq	3q1r2/2pp1p1k/r1p2P1p/p7/6Q1/2P4p/P1P2PPP/R4RK1 w - - 2 17	g4g7	694	0p13141b
hC4R2	2r3k1/p1p1bp1p/2N3p1/P2p4/2b4P/6PB/5P2/6K1 w - - 0 29	c6e7 g8f8 e7c8	694	010p0s1o
hz42l	4r1k1/2p2pp1/1pPp2p1/p7/Q3r1RP/8/PPP5/1K5R b - - 0 29	e4e1 h1e1 e8e1	694	060p13151j1o
iJm1r	8/3R4/3R4/kp2p1pp/4P3/P7/1r3r1P/6K1 w - - 3 42	d7a7	694	0p13141b1m
iQG54	rnb1kb1r/ppp2ppp/8/6B1/4n3/2N2N2/PP3PPP/3RK2R w Kkq - 0 10	d1d8	694	111314191b1d
iXVQ2	rnbqkbnr/ppppp2p/8/5pp1/4P3/3P4/PPP2PPP/RNBQKBNR w KQkq - 0 3	d1h5	694	13141b1c
ieQbO	5qk1/7p/6p1/p7/1p6/1P2R2P/P1P2P2/4R1Kb w - - 0 31	e3e8 h1c6 e8f8	694	0g0p1g1o
ilocJ	7R/5r2/7p/1p1P2p1/4rqPk/5P2/PP5P/2R3K1 w - - 0 38	h8h6	694	0p13141b1j
l7kpT	2rr2k1/1pp2ppp/p3p2B/5q2/3Pp1Q1/2P1P3/P1K2PPP/R7 w - - 7 23	g4g7	694	0p0y13141b
lJO76	1r6/6p1/4pk1p/pPNp1p2/P2P1P2/4P2P/6P1/6K1 w - - 1 38	c5d7 f6e7 d7b8	694	0g0p0s1o
mhvzi	r4r2/1pp1Nppk/p7/4p2p/4n1q1/P5P1/1PP3PQ/2KR3R w - - 2 23	h2h5 g4h5 h1h5	694	021315191o
mqrYX	7k/3RB1p1/5p1p/1p6/1PbKPP2/r7/6PP/8 b - - 6 47	a3d3 d4c5 d3d7	694	010p1o1p
n8XLe	r7/4Np1p/1k2p1p1/4R3/5n2/B1P2P2/PP3KPP/8 b - - 0 33	f4d3 f2e3 d3e5	694	010p0s1o
nD0uW	5q2/2k2P2/p1p1P3/3p4/Pp1p4/3P4/2P5/1K2R3 w - - 0 48	e6e7 f8f7 e7e8q f7e8 e1e8	694	000g0p101h1j
nTzIz	8/1q4p1/1P3pk1/1Q5p/7P/6PK/8/8 b - - 1 50	b7h1	694	0p13141b1i
oE26y	3rr1k1/6pp/2Q1Pp2/8/3q4/2R5/6PP/2R4K b - - 1 35	d4d1 c1d1 d8d1	694	060p13151n1o
oWx6M	rnbqk2r/pp1p1ppp/2p5/2bQP3/2B5/5N2/PPP2nPP/RNB1K2R w KQkq - 0 7	d5f7	694	0413141b1c
pT1K1	8/5Q2/8/5Kp1/7k/7r/8/8 b - - 16 62	h3f3 f5g6 f3f7	694	0g0p1j1o1p
qEMoM	5r2/1p2k1pQ/2p3Bp/p2p4/P2P4/1KP5/1P5R/r5q1 w - - 18 42	h7g7 e7d8 g7f8	694	0g0i0p1o
qLtMc	8/8/6k1/6pp/2NpP3/3r1P2/6PK/8 w - - 0 61	c4e5 g6g7 e5d3	694	0g0p0s11121o
qddsY	6k1/2p3pp/2p1p3/2Np1p2/P1nP1P2/2P2qP1/1r5P/4Q1KR w - - 0 30	e1e6 g8h8 e6c8	694	060p13151o
qsOiW	r1b1kb1r/1pqp1ppp/p3pn2/8/3NP1n1/2NBB2P/PPP2PP1/R2Q1R1K b kq - 0 10	c7h2	694	1113141b1c
rrFkw	5k2/5p1p/2qb4/7N/6QP/6PK/PP6/8 b - - 6 45	c6h1	694	0p13141b
s3nrV	rn2kb1r/pp2pppp/2p2n2/6B1/2q5/7Q/PPP2PPP/R3K2R w KQkq - 0 10	h3c8	694	1314191b
uBMSe	r2bk3/pp1q1pp1/3p4/2pN4/4P2p/P1BP1PrP/1PP2Q1K/R4R2 b q - 0 28	d7h3	694	1314191b
udSIc	2k5/ppp5/4n3/1P1q3p/P2n2p1/4Q3/5P2/3R1K1R b - - 1 38	d5h1	694	0p0t13141b
vN889	rnb4k/pp3Rpp/2p5/4b2Q/2Bq4/4r3/PP4PP/RN4K1 w - - 0 16	f7f8	694	1314191b
wQ2e9	5k2/p4p2/1qp3p1/2Np4/8/1P3B1p/P1K5/5R2 w - - 6 45	c5d7 f8e7 d7b6	694	0g0p0s1o
xJop5	6k1/q4rpp/1RP2p2/3pp3/1Qb5/4P1P1/5P1P/6K1 w - - 0 31	b6b8 a7b8 b4b8	694	010p1o
xYqhU	r5k1/pp3p1p/1q1p1bp1/2pP1b2/2P1N2P/5Q2/PP2NPP1/2KR3R b - - 0 17	b6b2	694	1314191b1k
yJB1r	3r1rk1/p3ppb1/2p3p1/1pN2b1p/7P/2B2P2/PPP3P1/1K1R1B1R b - - 0 21	d8d1	694	0t1314191b1k
yulpU	5k2/2rr4/4ppQ1/p7/8/1P1p1P2/P2Rn1PP/7K b - - 0 47	c7c1 d2d1 c1d1	694	060p13151o
zHZoC	2N3k1/pp3ppp/8/2pq4/8/1P3PK1/P6P/R7 w - - 0 31	c8e7 g8f8 e7d5	694	0g0p0s1o
zasMu	3r3k/6pp/1p2Q3/5p2/p7/2P5/PP4Pq/1K2R3 w - - 1 31	e6e8 d8e8 e1e8	694	060p13151n1o
0MIU4	1r6/1kp5/3p3Q/1p6/3q4/1P3P2/P4RPP/3R3K b - - 0 38	d4d1 f2f1 d1f1	695	0p0t13151o
0P5mz	R7/8/7P/3r4/2k5/6B1/4nPPK/8 b - - 0 51	d5h5 g3h4 h5h4	695	020p13151o
0ScPv	2r4r/4kpR1/p2p4/1p1Pp2p/1Q1nPb2/N2B4/PP3P1P/2RK4 b - - 0 22	c8c1	695	1314191b1d
1Ct0f	r2q2r1/pbp1p3/1p1pknP1/5p1Q/4P3/1P6/P1PP1PR1/RN2K3 w Q - 1 19	h5f5	695	1314191b
2C6xk	4r2k/p3r2p/1p6/3N2p1/5b2/1B6/PPPR3P/2K2R2 b - - 1 27	e7e1 f1e1 e8e1	695	1315191g1o
2eg9c	1k1r1b1r/ppR2ppp/3p4/3nq3/4P3/1Q6/PP3PPP/5RK1 w - - 0 19	b3b7	695	1314191b1k
377Z7	8/4bkpp/8/R7/5n2/5P2/1P5P/5K2 w - - 3 34	a5f5 f7e6 f5f4	695	010p0s1o
3LdiT	1r4k1/7p/3p2pP/1R2p3/2P1P3/p7/1P1q2P1/1K3R2 w - - 0 39	b5b8	695	0p0t13141b1j
3dwyo	r1b1k1nr/ppp2BQp/3p1q2/4p3/3bP3/4N3/PPPP1PPP/R1B1K2R b KQkq - 0 11	f6f7 g7f7 e8f7	695	011c1o
3eG4T	3r1qrk/pp3p1p/2p1pp2/8/2PP3R/P6Q/1P3PPP/R5K1 w - - 0 24	h4h7	695	0p0y13141b
4XshB	2rq2k1/2r3pp/p3p3/1p1bN3/1P1P1Q2/2R5/2R2PPP/6K1 b - - 5 31	c7c3 f4f7 g8h8 c2c3 c8c3	695	011019
51fF3	r1b2r2/pp3pk1/2q1pNn1/4P3/7Q/1P6/P1P3PP/R4RK1 w - - 0 19	h4h7	695	1314191b
6h1ZN	8/ppr3kp/2r2Rp1/8/4N1P1/3n3P/PP6/1K3R2 b - - 5 35	c6c1 f1c1 c7c1	695	0p13151o
7OIEF	3R4/pp3kpp/2p5/8/2PK4/2N5/Pr6/8 b - - 3 33	b2d2 d4e3 d2d8	695	0g0p1o1p
7qpht	5R2/5Npk/2p1p1r1/1p2P2q/3P3p/7P/rPn3P1/5RK1 w - - 0 35	f8h8	695	1314191b
9Jpq0	r2qkbnr/pp1np1p1/4p3/2pp2Bp/3P3P/3Q4/PPP2PP1/RN2K1NR w KQkq - 0 9	d3g6	695	13141b1c
9e0Yx	3n4/8/8/1pB1Kpk1/p7/P1P5/8/8 w - - 1 51	c5e7 g5g4 e7d8	695	0g0p0s1o
9jMyU	5rk1/4Bp2/3P3p/6p1/8/P5Pn/6BP/6RK b - - 0 33	h3f2	695	0p13141b1q
9ofGl	2r2rk1/ppp1npp1/1b1q3p/3n2Nb/3P4/1B2B2P/PPQN1PP1/2R2RK1 w - - 0 17	c2h7	695	1314191b
ARijS	2r4k/R5pp/P1pp4/3n4/2QP1p2/2P2P2/3b2PP/5K2 b - - 0 31	d5e3 f1e2 e3c4	695	010p0s1o
B254P	6k1/4rppp/r2p2q1/2n3B1/2Pb2Q1/3P2P1/5PBP/5RK1 w - - 0 25	g4c8 e7e8 c8e8	695	0y1315191o
CIQzB	2r4k/R6p/5N2/4pn2/5p2/1p3P2/1Pb3K1/2B5 w - - 2 55	a7h7	695	030p13141b
CrOTt	4r1k1/1p3p2/p3pBp1/4P2p/3nN3/1P5P/P5P1/2R3K1 b - - 0 26	d4e2 g1f1 e2c1	695	010p0s1o
EHEkB	6k1/p4ppp/8/4p1P1/4P3/1p5P/r3pK2/2Rr4 w - - 1 46	c1c8 d1d8 c8d8	695	060p13151m1o
ESa9C	r2q1k1r/pp3ppp/3N4/4Pbb1/3p4/1Q1P4/PP2B2P/R5K1 w - - 2 19	b3f7	695	1314191b
F34ZV	rnb1kb1r/pp2pppp/8/2qP4/4P1n1/2N5/PP1B1PPP/R2QKBNR b KQkq - 0 7	c5f2	695	0413141b1c
FurNf	2r3k1/4Qp1p/6pB/1b2P3/2nP4/1NP2N1P/r1q3P1/1R2R2K b - - 0 30	c2g2	695	0y1314191b
H0SuA	3r1rk1/ppp3p1/4p2p/2N1p2q/1P6/3PBn2/P3QPPP/4RR1K b - - 0 19	h5h2	695	0y1314191b
Huyic	8/4k3/4p2p/4P3/1R5P/1p6/1P3K2/2n5 b - - 4 51	c1d3 f2e3 d3b4	695	0g0p0s111o
JCZoX	8/8/6k1/p3Q1p1/P7/7P/3n4/6K1 b - - 0 54	d2f3 g1f2 f3e5	695	0g0p0s1o
JPsDG	k4r2/rpQ5/5q2/p7/8/5p2/P4PPP/2R3K1 w - - 0 46	c7c8 f8c8 c1c8	695	060p13151n1o
JRLTM	6k1/r5pp/2p2p2/p2p4/P1nP1B2/4P3/5PPP/1R3K2 b - - 2 27	c4d2 f1e2 d2b1	695	010p0s1o
JdvQK	1r5k/5p1p/4pp2/2q5/2PN4/1P6/3Q1PP1/6RK b - - 0 31	c5h5	695	0p13141b
JkbNS	r1b2r1k/pp3ppp/1q1Qp3/3p4/3n4/1BP5/PPP2PPP/2KR3R w - - 0 17	d6f8	695	0t0y1314191b
JuCb2	r3kbnr/1bpp1pp1/pp4qp/4P3/2B5/2N1Q3/PPP2PPP/R1BR2K1 b kq - 3 11	g6g2	695	0y13141b1c
KdR76	8/7p/2r1k3/p2p2p1/1P1Kpp2/2P4P/P2B2P1/2R5 b - - 1 32	c6c4	695	0p1113141b
Kr5zd	5r2/1p2pPkp/6p1/2P5/8/PBn1P2P/6P1/2R3K1 b - - 2 34	c3e2 g1h2 e2c1	695	010p0s111o
MyvFg	2rqk2r/pp1nbppp/8/4p3/2QnP3/2N5/PPP3PP/R1B2RK1 w k - 2 14	c4f7	695	0413141b1c
NxpO1	rn1k2n1/1p5r/p2B4/1B1P1b2/3P4/6Pp/PPP5/2K1R1R1 w - - 0 21	e1e8	695	1314191b1d1f
Pf04G	8/7p/p4K1P/Pp6/1Pk5/8/8/8 w - - 2 61	f6g7 c4b4 g7h7	695	0g0p111e1o
QBpsV	r5k1/1p5p/3b2p1/1q1P2N1/8/8/2R2PP1/2Q3K1 w - - 0 35	c2c8 a8c8 c1c8	695	010p1o
R19Ad	4k2r/p3pp1p/2pp2p1/8/3QP2n/P1N4b/1P3P1P/R5KR b k - 0 20	h4f3	695	1314191b
R2VCg	5k2/2Q3pp/1p3p2/pPq5/P7/7P/6P1/6K1 w - - 1 33	c7c5 b6c5 b5b6 f8e7 b6b7	695	000g0p101i
RZjiy	2k4r/ppp2n2/5N2/6p1/8/4NnP1/PPP4P/5R1K b - - 0 24	h8h2	695	030p13141b
SiycI	r1bq2rk/p2p1p2/2p1p2p/2b1P2Q/5n1P/3B4/PPP2PP1/RN3RK1 w - - 0 16	h5h6	695	0y1314191b
T884x	1b2r1nr/1k4pp/1Bpqpp2/P7/4P3/4Q3/1P3PPP/RN3RK1 b - - 2 18	d6h2	695	0y1314191b
UK553	8/2b1k2p/1p4p1/5p2/2B1nP1P/4PK2/PB6/8 b - - 2 33	e4d2 f3g3 d2c4	695	0g0p0s11121o
UmGnW	r1b2r2/pp1n2pk/2nbq3/3p4/3P4/5N2/PP1N1PPP/R1BQ2K1 w - - 0 14	f3g5 h7g8 g5e6	695	0g0s11191o
VS6JI	3K1k2/8/4PPb1/8/8/8/8/8 w - - 5 59	e6e7 f8f7 e7e8q	695	00080g0p1h1o
VeNWY	1r6/p3ppk1/2ppbnp1/q6p/4P2P/P1N2P2/2PQB1P1/2KR3R b - - 2 17	a5a3	695	1314191b1k
VqUz2	8/3k4/2p2p1N/2B1p2p/7P/2n5/B5r1/K4R2 b - - 0 45	g2a2	695	030p13141b
VtmgS	8/6k1/3pn3/p1p1pK2/P1P1P1P1/3P4/2B5/8 b - - 6 45	e6d4 f5g5 d4c2	695	0g0p0s1o
XulCR	2kr3r/pp3p2/2nqppp1/8/8/1P1P4/P3BPPP/2RQ1RK1 b - - 1 17	d6h2	695	0y1314191b
Y2jK6	3r3r/1kp5/2n2b2/N3p3/1p2Pp2/1PP2Pp1/1BK3P1/R6R b - - 1 25	c6a5 h1h8 d8h8	695	0g191o
YhobK	6k1/pb2rppp/1p4q1/3Q4/6P1/P7/5PP1/R5K1 w - - 0 26	d5d8 e7e8 d8e8	695	0p0s13151o
Z0DTF	r3k3/1pp2p2/p3b2p/2p1p3/4P3/1P1P1P1P/1PP2P1K/6R1 w q - 1 19	g1g8 e8e7 g8a8	695	010p1o1p
ZOxHx	r4r1k/pp3p2/4bq1p/2p2p1Q/3b4/3B3R/PPP2P1P/1K4R1 w - - 0 27	h5h6 f6h6 h3h6	695	0y1315191o
ZiHWC	1r6/4k3/6p1/1P3p1p/2KN1P2/6PP/8/8 w - - 3 69	d4c6 e7d6 c6b8	695	0g0p0s1o
aPCNj	6k1/1bp2p1p/p4p2/1p2rN2/8/P6P/1PP2PP1/3R2K1 w - - 1 25	d1d8 e5e8 d8e8	695	0p13151o
aQFxz	5k1r/5Pp1/6K1/7P/8/8/5B2/8 w - - 1 55	f2c5	695	0p13141b
adJlP	5r1k/7p/p5p1/8/5N1P/P1P3P1/5RK1/2r5 w - - 3 32	f4g6 h7g6 f2f8	695	010j0p1o
anbPr	r1b2r2/pp4k1/2p2qP1/3p3Q/6n1/N1P5/PP2PbP1/R2K1B2 w - - 2 19	h5h7	695	1314191b
cKQRC	2rqk2r/pp1bppbp/5np1/4N3/2QP4/8/PP3PPP/RNB1K2R w KQk - 1 13	c4f7	695	0413141b1c
cPBP6	6k1/4Rpp1/2p4p/pr1p4/3P4/2P3qP/1PQ3P1/6K1 w - - 0 33	e7e8	695	0p13141b
cgGTk	4r1k1/5pbp/Q5p1/1p6/8/4B3/P4PPP/1qR3K1 b - - 2 29	b1c1 e3c1 e8e1	695	060p13151n1o
ciJCg	r1bq1rk1/pp3ppp/2nb4/4p3/3PQ3/3B1N2/PP3PPP/R1B1K2R w KQ - 0 12	e4h7	695	0y13141b1c
eG5CB	r2qkb2/pp1np1p1/2p1pn2/3p2pr/3P1B2/3B3P/PPP2PP1/RN2K2R w KQq - 0 11	d3g6	695	0l13141b1c
eIua6	r1bk3r/pppp1ppp/2n2n2/8/2B1R3/B1Q2N2/P2K1PPP/R7 b - - 0 13	f6e4 d2c2 e4c3	695	010s191o
fGpa7	8/8/3kp3/3p1p2/3K1n2/5P2/8/6R1 b - - 1 51	f4e2 d4d3 e2g1	695	0g0p0s111o
fHTvD	8/4p2p/2k5/p1P3P1/P2RN1n1/8/r5P1/6K1 b - - 4 35	a2a1 d4d1 a1d1	695	0p13151o
fVcx9	2Rk4/1Q1q3p/1b1r2p1/3Pp3/1P2P1P1/P4P2/6P1/1K6 b - - 4 48	d7c8 b7c8 d8c8	695	0g0p1o
g3l56	3r3k/p1Q4p/4pp2/8/2Pn4/3P4/PPq5/K2R1B2 b - - 3 35	c2d1	695	060p0t13141b
gtIgg	8/r7/5K1k/5P2/8/1R6/7p/8 w - - 0 52	b3h3	695	0p13141b1m
heho9	4k3/4r3/p7/1p4K1/2p1Qp2/P1P2P2/1P6/8 b - - 4 48	e7e4 f3e4 f4f3	695	0g0p1o
iS5PM	8/p7/5P2/8/3P4/P2b2k1/4p3/5RK1 b - - 0 43	e2f1q	695	000p1113141b1h
iiAvk	r1b1k1nr/pp1p1ppp/1q2p3/4N3/4PP2/8/PPP1KbPP/RN1Q1B1R b kq - 3 9	b6e3	695	13141b1c
iwSio	r1b2rk1/pp1p1ppp/1qn1pB2/8/4P3/P1N2N2/1PP1KbPP/R2Q1B1R b - - 0 9	b6e3	695	13141b1c
jsaY3	5R1r/pp4Q1/3kp1P1/2qp3p/8/8/PP4PP/7K b - - 3 30	c5c1 f8f1 c1f1	695	0p13151o
jyqvk	8/2q2p2/2B2kpp/2Q1b3/3r4/1P5P/P3RPP1/6K1 b - - 10 36	d4d1 e2e1 d1e1	695	0p13151o
k4bYj	8/8/7p/5K1P/8/5k2/8/8 w - - 3 58	f5g6 f3e4 g6h6	695	0g0p1e1o
kFaQ7	1rb4r/4kppp/p3p1n1/N2p4/8/6P1/PPP2P1P/2KR1B1R w - - 2 20	a5c6 e7d6 c6b8	695	0g0s191o
lnHbV	8/8/8/1r1k4/5R2/5pK1/5P2/8 w - - 0 57	f4f5 d5d6 f5b5	695	0g0p111m1o1p
mo5eQ	4r3/p4Rpk/5n1p/8/1P4r1/5Q2/P4PPP/4R1K1 b - - 0 24	e8e1	695	0p0t13141b
nHN01	r3k1nr/1pp3pp/p1nbp3/3p1N2/B6q/8/PPPPQPPP/RNB2RK1 b kq - 0 9	h4h2	695	0y13141b1c
nLTgx	r7/3bn2k/1p5p/1P1P2p1/1qP5/r1N1R1P1/4Q1KP/8 w - - 0 44	e3e7 b4e7 e2e7	695	0g0s191o
nbqOl	3Q4/5k2/2P5/B2K1p1p/8/5r2/4p3/8 b - - 0 65	f3d3 d5c5 d3d8	695	0g0p1o1p
oPyUW	1rb2rk1/p4ppp/2p1pq2/1p5Q/3P1n2/3BB3/PPP3PP/2KR3R w - - 0 19	h5h7	695	0y1314191b
ojaSt	r1b2rk1/1p5p/2p1p1pP/3pBp2/1b1P4/2n1P1PB/2PN1P2/2Q2RK1 b - - 1 23	c3e2 g1h2 e2c1	695	0g0s191o
qiNdt	8/6p1/5k2/3K1n1P/6B1/8/8/8 b - - 6 73	f5e3 d5d4 e3g4	695	0g0p0s111o
qnllc	4r2k/4Bp1p/3p2p1/pp1P1b2/8/b7/5PPP/4R1K1 w - - 0 28	e7f6 h8g8 e1e8	695	0j0p13151f1o
qzmQX	6k1/pp2rpp1/2n4p/2pRp1N1/4P3/1P1Q3P/P1P2PPK/4q3 w - - 0 25	d5d8 c6d8 d3d8 e7e8 d8e8	695	0p0s1013161n
r2TCo	8/7p/8/2P4P/pk1K4/8/8/8 b - - 0 60	a4a3 c5c6 a3a2 c6c7 a2a1q	695	000g0p101e1h
rKp40	6k1/8/5p2/6p1/P1r1B1p1/4P1P1/1P2K2P/8 w - - 1 43	e4d5 g8f8 d5c4	695	0g0p0s1o
rP3RA	2r2r1k/pp3ppp/8/1PP1Q3/3P1Pqn/R7/6PP/2N2RK1 b - - 0 23	g4g2	695	0y1314191b
re5TZ	1b6/8/3B4/3K4/3P4/6p1/5kP1/8 b - - 2 50	b8d6 d5d6 f2g2	695	080g0p1o
rv9d2	2r1k3/pb1p1ppr/1p6/3pPP2/1BqQ2P1/8/PPP4P/2KR3R b - - 0 17	c4c2	695	1314191b1k
sH7Lt	3r1rk1/ppp2ppp/2n1qn2/4pNQ1/6P1/P2P1b1P/1PP2PB1/2KR3R w - - 0 17	g5g7	695	0y1314191b
tV8HZ	8/1K1Qqk2/8/P5p1/8/8/8/8 w - - 0 68	d7e7 f7e7 a5a6 g5g4 a6a7	695	000g0p101i
ucyzP	2r5/pR6/3Bk1p1/2P5/6P1/1P6/1P2nPPK/8 b - - 0 36	c8h8 b7h7 h8h7	695	020p13151o
um7Fu	5rk1/pR4p1/5p2/P1r3qp/4pR1Q/2B1P2b/2PP2P1/6K1 b - - 2 28	g5g2	695	0y1314191b
uonkD	6k1/pR4pp/5p2/3r4/8/2B3P1/PP3bPK/8 b - - 1 31	d5h5	695	0p13141b1f
vxNGj	8/5pk1/3R3p/p6K/P2P2P1/5r2/8/8 b - - 1 48	f3h3	695	0p13141b1m
wPit7	7Q/8/6p1/5p2/5P2/4k3/4p3/4K1n1 b - - 0 57	g1f3	695	0p1113141b
x27uM	8/8/r4rp1/p4p1p/Pp1pp1kP/1P1P1RP1/2P3K1/1B2N3 w - - 0 52	f3f4	695	0p13141b
xPwil	N6r/Bp2pp1p/2kpbnp1/8/P3P3/2b5/2P1BPPP/3K3R w - - 1 16	e2b5	695	1314191b
xoZZ6	8/2r1k3/n1P1p2p/N2pN1p1/3Pn3/4P2P/6P1/1R3K2 b - - 6 38	e4d2 f1e2 d2b1	695	0g0p0s1o
yyujR	5rk1/pp1n2pp/2pp4/4p2n/4P3/3PR1pP/PPP1N1P1/R2K4 b - - 3 21	f8f1 d1d2 f1a1	695	0g0p1o1p
z1qCJ	1B1b4/3Pk1pp/1pB1n3/p7/8/P4KP1/7P/8 b - - 3 39	e6d4 f3e4 d4c6	695	0g0p0s1o
0Y6E1	5rk1/6pp/P7/3R4/2n4P/2N5/6K1/8 b - - 0 44	c4e3 g2g3 e3d5	696	010p0s111o
1Pz7f	r1k2br1/p2Rp2q/n1p1Pp1p/3p3Q/3P3P/2N2N2/5PP1/6K1 w - - 3 19	h5e8	696	1314191b
1SbYH	7k/pp5B/6Q1/3p4/4n2P/2P3PK/PP1q4/5r2 w - - 0 33	g6g8	696	0p1113141b
1vYcr	r4r1k/pQ3Rpp/1p2p3/1Bp5/7b/3P4/PPP1q1PP/5R1K b - - 2 20	e2f1 f7f1 f8f1	696	061315191o1y
3SlYj	8/5pk1/4b3/PB6/3P4/2P5/1P1N3p/6bK b - - 0 48	e6d5 d2f3 d5f3	696	0p13151o
5RBon	7k/1r4pp/p7/3P1b1q/PP2p3/2R1B1Q1/5PPP/3R2K1 b - - 0 27	h5d1	696	060t1314191b
5iWmE	3r2k1/4nppp/1QpN4/p3P3/8/P2q3P/6P1/5R1K w - - 2 38	b6d8	696	0p0t13141b
701h0	2qr1rk1/3b1ppp/p2np3/1p2P3/8/3Q1N2/PPB2PPP/3R2K1 w - - 0 22	d3h7	696	0y1314191b
7PdxI	r4rk1/ppp1qpp1/4p3/4P1Np/P1pP3P/1nP3P1/R1Q2Pb1/4R1K1 w - - 0 19	c2h7	696	1314191b
7eTUi	r1bqkbnr/pp3ppp/2np4/2pQ4/2B1P3/8/PPP2PPP/RNB1K1NR w KQkq - 0 6	d5f7	696	0413141b1c
7mb0v	1n1q2k1/4rp1p/p2p2p1/3Bb3/1p6/8/1PP1QPPP/3R1RK1 b - - 4 21	e5h2 g1h2 e7e2	696	0g0j0y191o
8Dnpp	r1b1Qnk1/1p4p1/p4b2/2pqp1N1/2P4P/3P2n1/PP3P2/R1B1R1K1 b - - 0 23	d5h1	696	111314191b
9LXLk	8/5p2/5bp1/1pN4p/1P6/5PkP/6P1/5K2 w - - 13 48	c5e4 g3f4 e4f6	696	0g0p0s1o
9RymH	6k1/2R2p2/6p1/7p/r3P2P/4bPK1/p5P1/B7 w - - 3 44	c7c8 g8h7 c8h8	696	0p13151d1o
9XaLM	7k/6pp/b5p1/PP1Q4/4p1n1/8/6PP/2r2rBK w - - 2 38	d5d8 f1f8 d8f8	696	0p13151o
9b3wP	2q5/5pk1/5pp1/p2r4/3NQ2p/2P4P/1P3P2/6RK b - - 1 32	c8h3	696	0p1113141b
BajKK	rnbqkbnr/ppppp3/7p/5pp1/2PP4/4P3/PP3PPP/RNBQKBNR w KQkq - 0 4	d1h5	696	13141b1c
C8Exz	r3k2b/p1pbnp1N/1p1qp1pQ/3p4/8/3B4/P1P2PPP/1R3RK1 w q - 0 18	h6f8	696	1314191b
CTZWI	2kn3r/pppq3p/3b2p1/3Q1p2/3P3P/2P5/PP4PN/RN3RK1 b - - 0 18	d6h2 g1h2 d7d5	696	0g0j0y191o
Dd9YX	7k/6pb/p1nr4/1p1p1pNP/1Pn5/1R2P1P1/5PK1/7R w - - 12 42	g5f7 h8g8 f7d6	696	010s191o
EVNBn	r1b2r1k/pp1nb1p1/2p3p1/5p2/2BPqB2/2Q5/PP3PPP/R4RK1 w - - 0 16	c3h3 e7h4 h3h4	696	1315191o
Eq5ly	1rr3k1/1q5p/6p1/5p2/2R1b3/P1Q3P1/7P/2R3K1 w - - 1 52	c4c8 b8c8 c3c8 b7c8 c1c8	696	0g1019
FbfyU	r1b2rk1/p1pp1ppp/1p2p1q1/b3B3/1P1PP3/2PBnN2/P2N2PP/R1Q2RK1 b - - 1 15	g6g2	696	0y1314191b
Gkza6	r4bk1/1p1b1p2/p2p2pp/2p5/2P1N1P1/1P2PP2/P5BP/2R2K2 w - - 1 23	e4f6 g8g7 f6d7	696	010p0s1o
GrmFG	3r1kr1/1b5p/3P4/pp3q2/2pB4/2P5/P5PP/4RRK1 w - - 0 29	f1f5	696	111314191b1f
HZJNa	3r1r1k/pB4pp/8/4Bp2/P1QP1Pq1/4PR1b/6PP/R5K1 b - - 3 22	g4g2	696	0y1314191b
Hm84B	2R5/8/8/4rk2/3K4/8/8/8 w - - 0 63	c8f8 f5e6 f8e8	696	0g0p1m1o
HnprZ	2b3k1/4bpp1/pp2p1n1/3pP3/P2P2Pp/2BB4/1P1N1PKP/8 b - - 0 27	g6f4 g2f3 f4d3	696	010p0s1o
J25LM	1r2q2k/7p/p4pn1/2pB4/2P5/1P4P1/PB2PP1P/5RK1 w - - 0 25	b2f6	696	0l0p1113141b
KV7tS	7k/6pp/3q4/4p2P/2Qp4/1P6/1KP5/8 w - - 1 44	c4c8 d6d8 c8d8	696	060p13151i1o
KX0Cu	4k3/2R5/3K1p2/2p3p1/3b2P1/8/8/8 b - - 13 57	d4e5 d6c5 e5c7	696	0g0p1o1p
Lvx6x	3r3k/5pp1/pp1N2qp/2Pb4/2P5/1P2Q2P/P4PP1/4R1K1 b - - 0 26	g6g2	696	0p0y1113141b
MFklj	6k1/R5b1/p7/1p3p2/8/8/6P1/6K1 b - - 1 36	g7d4 g1f1 d4a7	696	0g0p0s111o
MQaXl	r3r1k1/1pqn1ppp/p3N3/2b5/6n1/2N1BB2/PP3PPP/R1Q2RK1 b - - 0 17	c7h2	696	0y1314191b
MaZyv	rn3rk1/pp2bppp/2p2p2/8/3q4/3B1P1P/PPP2P2/R1BQ1RK1 w - - 0 11	d3h7 g8h7 d1d4	696	0g0j0y191o
NAOeY	8/7p/3k4/3Ppp2/4r3/1RK1P1PP/8/8 b - - 0 39	e4e3 c3d2 e3b3	696	0g0i0p111m1o1p
NT6CE	8/4k3/4p1p1/4K2p/2RP1P1P/6r1/8/8 b - - 1 53	g3e3	696	0p13141b1m
NTTfV	4k2r/Rp2bppp/4p3/3pP3/1PNP4/2r2N2/1R3PPP/6K1 b k - 0 20	c3c1 f3e1 c1e1	696	060s1315191o
NVSVf	2r2rk1/pp2Rppp/2qPB3/8/3Q4/8/PPP4P/1K3R2 b - - 0 22	c6c2 b1a1 c2c1 f1c1 c8c1	696	06101316191n
Ngu5Z	1k2r3/1r6/pQp5/P4p2/3p3p/3P1PqP/1P2R1P1/7K w - - 0 39	e2e8	696	0p13141b
O1D8i	7k/p3R2p/5r2/8/4KP2/7r/P7/6R1 w - - 0 41	e7e8 f6f8 e8f8	696	0p13151m1o
PdvIW	r7/pp2R1p1/k1p4p/5b2/q7/2PN4/PP1P2PP/R1B4K w - - 0 26	d3c5 a6b5 c5a4	696	0g0s191o
Pephp	4R3/6p1/3k1p1p/1pp5/5PP1/1P2K3/P6P/3r4 w - - 3 37	e8d8 d6c6 d8d1	696	0g0p1m1o1p
QPX2d	7k/pp5p/6p1/3p4/8/5BbP/PP1Rp1P1/7K b - - 0 35	e2e1q	696	000p13141b1h
QS6IT	5rk1/1bp3p1/1p1p3p/p5qB/2P5/8/PP2QPPP/4R1K1 b - - 5 22	g5g2	696	0p0y13141b
QmdzD	7R/8/3p4/4pp2/2r2k2/8/4K3/8 w - - 4 49	h8h4 f4g5 h4c4	696	0g0p111m1o1p
QySyS	rn1R1bk1/pq3ppp/4p3/8/2P5/1B6/P1PQ2PP/7K w - - 5 23	d8f8 g8f8 d2d8	696	051315191n1o
R12VP	6k1/5ppp/2r5/2Bb4/1p5P/5PP1/1P3K2/R7 w - - 0 30	a1a8 c6c8 a8c8	696	060p13151o
Rtkj6	r2q1rk1/p1pb1pp1/1p5p/3PQ3/3PP3/8/PPBNn1PK/R4R2 b - - 0 23	d8h4	696	021314191b
SFw9r	2kr3r/pppnqpp1/1b2p1b1/4P3/2PP2p1/4PQ1P/P5B1/RNB2RK1 w - - 0 17	f3b7	696	1314191b1k
SixlO	8/R4pkp/6p1/8/5P2/1P6/6PP/b5K1 b - - 0 26	a1d4 g1f1 d4a7	696	010p0s1o
SvJij	7q/4Qp1k/pr1pp2P/2p3p1/2P3p1/8/5PK1/7R w - - 1 34	e7f7 h8g7 h6g7	696	000j0k0p1113151o
T4glZ	3Q1rk1/1p2nppp/2p2q2/4p3/2n1P3/2P2P2/P1P2P1P/2KR3R w - - 0 16	d8f8 g8f8 d1d8	696	05061315191n1o
TUBmP	8/p5pk/Ppp1Q3/3p3r/8/7R/1PP2q2/1K6 w - - 1 40	h3h5	696	0p0t13141b
Tw94i	6k1/p1R2p1p/1pn2Pp1/2p5/5P2/1P3KP1/Pr5P/8 w - - 0 34	c7c8 c6d8 c8d8	696	0p0s13151o
UNxv0	8/5pkp/6p1/8/1N6/2P5/7r/2R2K2 b - - 1 41	h2h1 f1e2 h1c1	696	0g0p1o1p
UaN3w	r6k/1pqb4/p6b/3Bp1pQ/8/P1P5/1r3PP1/R4RK1 w - - 2 33	h5h6	696	0t1314191b
UjQAX	8/1p6/p2q1p1k/P2P2p1/1P2Q2p/K7/2Bn4/8 w - - 6 42	e4h7	696	0p13141b
W5OQX	6k1/5rpp/4p3/4P3/2P5/1P6/r3q1PP/3R1R1K w - - 0 32	d1d8 f7f8 f1f8	696	0p13151j1o
WczOQ	1k2r3/1p3p2/p6p/6p1/8/3P1Q2/2q2PPP/1R3K2 w - - 0 27	f3b7	696	0p13141b
WvMdw	2k5/5n2/p2B1Pp1/1p1P2P1/1P3K2/8/8/8 b - - 0 66	f7d6 f6f7 d6f7	696	0g0p0t1o
Xg7jc	rnbqk2r/1pp2ppp/1p6/4p3/2B1P3/3PnQ2/PPP2PPP/R3K1NR w KQkq - 0 9	f3f7	696	0413141b1c
Y9wlH	1k5r/ppp5/5q1p/6p1/3Pp3/1P6/P1Q3PP/2R3K1 w - - 0 27	c2c7 b8a8 c7c8 h8c8 c1c8	696	060p1013161n
YTlGh	4k3/1pr2pp1/p2Rp3/3n3r/6pB/P5P1/1P5P/3R3K w - - 1 30	d6d8	696	0p13141b1d
ZN2pR	6k1/2q2pp1/5n1p/1R6/3p4/1BrP3P/Q4PP1/6K1 b - - 0 34	c3c1 b3d1 c1d1	696	0p13151o
a7k1F	6k1/3b1rpp/2p5/p1B3n1/P2p2P1/3P3P/2r2PK1/1R6 w - - 0 33	b1b8 d7c8 b8c8 f7f8 c8f8	696	0p1013161d
aJj2p	8/R1p3pk/6rp/1P6/Pr6/7P/5R1P/7K b - - 0 42	b4b1 f2f1 b1f1	696	0p13151m1o
akGcm	r4r1k/ppp1n1pp/1q6/8/2Q5/2N5/PPbRBPPP/4K2R b K - 8 18	b6f2	696	041314191b
bHoLW	3q3r/5pk1/6p1/2B1p3/3pP1n1/4bN1P/PPQ3P1/R2R3K b - - 1 25	g4f2 c2f2 e3f2	696	010s191o
buTXE	6k1/3Pbp1p/5p2/4n3/4p3/5QP1/1P1R1P1P/6K1 b - - 0 42	e5f3 g1f1 f3d2	696	010p0s111o
cdPOy	5r2/1pp3p1/p1k1p3/2b3Np/4P1nP/PP3P2/1BP3P1/3R3K b - - 2 27	g4f2 h1h2 f2d1	696	010p0s1o
cienH	r1b1r1k1/1p1p1ppp/3B4/p7/6n1/P2B4/2PK1P1P/R3R3 w - - 2 20	e1e8	696	0t0y1314191b
cjdd2	8/8/8/PP2k1p1/5bP1/2NRpK1P/1r6/8 b - - 2 62	b2f2	696	0p13141b1f
eVoMZ	r5k1/pb1p1ppp/1p1pr1q1/4B3/2P5/PP2P3/3RBPPP/3Q1RK1 b - - 0 18	g6g2	696	0y1314191b
ereNn	6k1/5ppp/2P1p1b1/pp2P3/4P3/PQ3P2/1B1R1qPP/4R2K b - - 0 29	f2e1	696	060p0t13141b
evU6X	r3rq1k/2R5/5N1p/pp2P3/5P2/3P3P/8/5RK1 w - - 0 36	c7h7	696	030p13141b
flHl6	3rr3/5nbp/k1P2pp1/2R5/pP2pP2/P2bB1PP/1K4B1/4R3 w - - 2 34	c5a5	696	111314191b1f
ftmML	r3r1k1/p1p1pp1p/2p2Bp1/2Pb4/3Nq2Q/2P5/P4PPP/3R1RK1 b - - 0 22	e4g2	696	0y11121314191b
gceM8	5rk1/1p4pp/8/5r2/1PPP4/P7/3pR1PP/3R2K1 b - - 2 37	f5f1 d1f1 f8f1 g1f1 d2d1q	696	0001050p101h1m
h8FuI	r5rk/pp2p1bp/6pN/2P5/8/2qbB3/P4PPP/R4RK1 w - - 0 19	h6f7	696	1314191b1q
hFDUL	1r3k2/5p1p/6p1/4N3/1P6/6P1/5P1P/5K2 w - - 1 32	e5d7 f8e7 d7b8	696	0g0p0s1o
hOQb0	5rk1/2p1bppp/p3p3/3q4/Q1NP1P2/2P3NP/Pr4P1/1R2R2K b - - 0 25	d5g2	696	0y1314191b
hOXDs	r3k2r/ppp2ppp/3p4/2P5/2B1Pp1q/5n2/PPP1NP1P/R2Q2RK b kq - 0 15	h4h2	696	0y1314191b
hR0ib	3r4/8/1P6/4P3/3B1p2/2P2k1K/8/8 b - - 0 41	d8h8	696	0p13141b
iAjf5	1r4k1/p4ppp/5n2/6B1/8/2n3P1/P4PBP/2R3K1 b - - 9 37	c3e2 g1f1 e2c1	696	010p0s1o
iB3bV	4r1k1/p2b1pp1/7p/8/4B3/8/PP4PP/RNr1R2K b - - 2 24	c1e1	696	060t1314191b
iGOq8	1q2r2k/p5p1/8/2p4p/2Qp4/1P1R3P/P1P2PP1/6K1 b - - 0 27	e8e1	696	0p13141b
iRZan	r1bqkb1r/3p4/3Pp1p1/2p1p2Q/1pP5/pP5P/P2N1PP1/R1B3K1 w kq - 0 18	h5g6	696	1314191b
il6Qo	rn1k1b1r/ppp2Bpp/4p3/8/4q3/5Q2/PPPP1PPP/R1B1R1K1 b - - 0 12	e4e1	696	0t0y1314191b
jzsLD	8/1b6/1P6/1N1p1k2/3Pp3/4K3/8/8 w - - 0 60	b5d6 f5e6 d6b7	696	0g0p0s1o
kURyN	5k2/2pr2p1/1p4B1/4P3/2Pp2n1/P2K4/1r6/7R w - - 1 43	h1h8 f8e7 h8e8	696	0p13151d1o
kZTsD	4b3/p2rkp1p/2B5/6p1/8/R5P1/P4P1P/6K1 b - - 4 33	d7d1 g1g2 e8c6	696	010j0p111o
khSV9	8/3b3p/5p2/1p6/4kP1P/PNK3p1/6P1/8 w - - 2 46	b3c5 e4f4 c5d7	696	0g0p0s1o
lwlj1	r4kr1/p2q1p2/R2b3p/1P1p1n2/1PpP1p2/2P2N1P/4Q1P1/2B1R2K b - - 10 23	f5g3 h1h2 g3e2	696	0g0s191o
mDgUH	r5k1/pp4pp/3pbr2/5p2/N1p1PP2/4Q1P1/PP2n1PK/RB3R2 b - - 0 21	f6h6	696	021314191b
meFEM	3rk1nr/1pp2pp1/1bp5/2q1PbBp/p1B5/2N2N2/PPP3PP/2KRR3 w k - 0 17	d1d8	696	1314191b1d
mjxte	r1bqk1nr/p1pp1pp1/1p5p/n3P3/2B5/BQ3N2/P4PPP/R4RK1 w kq - 4 14	c4f7	696	041314191b
oLS3h	r4rk1/1bq1bppp/p3p3/1p6/1P6/P2QPN1P/2B2PP1/R1Bn2K1 w - - 0 19	d3h7	696	0y1314191b
oMTIY	1k1r4/pp3pbp/6p1/8/3Nr3/2P5/P4PPP/2RR2K1 w - - 3 22	d4c6 b7c6 d1d8	696	0g0j0p1k1o
oZQPi	1r1q1k2/1Q5p/p5p1/3Br3/8/8/PP3PPP/3R2K1 w - - 1 25	b7f7	696	0p13141b
pB5Rl	1r3k2/2R2ppp/3P4/rP2P3/1n1KBP2/1b4P1/p6P/2R5 w - - 0 34	c7c8 b8c8 c1c8	696	1315191o
pFtmA	2r3k1/3p3p/3P4/6p1/Q3p3/7P/2p5/2Rq3K w - - 5 45	c1d1 c2d1r a4d1	696	0g0p1o1y
pLhQy	6k1/2R2p2/6p1/3Rpr1p/2P2Pn1/6P1/6K1/8 b - - 1 50	g4e3 g2h3 e3d5	696	010p0s1o
pLkbp	8/4qQ2/6K1/8/2kp2P1/8/8/8 b - - 1 62	e7f7 g6f7 d4d3 g4g5 d3d2 g5g6 d2d1q	696	000g0p1h1i1w
r4xns	r1k4r/p1pbb1pp/1p6/4qPB1/3n4/5Q2/PPP3PP/R4RK1 w - - 0 18	f3a8	696	0t1314191b1k
rWpco	8/3r3p/8/5P2/1k4P1/2p5/2R3KP/8 b - - 0 42	d7d2 c2d2 c3d2	696	000g0p1m1o
sx1Jp	1k6/1b4b1/pp4pp/3qNp2/P2p4/6NP/1P1B1PP1/4Q1K1 b - - 0 27	d5g2	696	0y1314191b
tHzx9	r3q1k1/p6p/2p1pQ2/2b1p3/4P3/2N5/PPP3P1/3R3K b - - 2 21	e8h5 f6h4 h5h4	696	0p13151o
truaM	1Rr4k/4R3/p4bpp/P2p4/8/7P/2n2PP1/6K1 w - - 4 39	b8c8	696	0p0t13141b
wGPjA	r3kb1r/pp3ppp/n1p1p3/3p1b2/3P3q/P1N2PP1/1PPBP3/R2QKBNR b KQkq - 0 10	h4g3	696	13141b1c
xYyvn	4r1k1/ppp2ppp/8/1Q1RP1q1/4r3/8/PPP3PP/1K5R w - - 3 19	b5e8	696	0p0t0y13141b
ya1vV	6k1/5pp1/4pq1p/Q2p4/P7/8/1R3rPP/5RK1 b - - 0 24	f2f1	696	0p13141b
yfkk2	rn1q1rk1/ppp1bppp/4p3/8/2pP4/2NQPNP1/PP3PP1/R3K2R w KQ - 0 11	d3h7	696	0y1314191b
ygw51	1R6/5pp1/1Pk1p2p/8/2r2PKP/8/8/8 w - - 1 51	b8c8 c6b6 c8c4	696	0g0p1m1o1p
ynKB9	2kr3r/ppp1Bpp1/2n3q1/7p/2P5/5b2/PP2BPPP/R1Q1R1K1 b - - 0 15	g6g2	696	0y1314191b
ywQw7	6k1/5ppp/8/8/8/5PK1/q6P/3Rr3 w - - 0 27	d1d8 e1e8 d8e8	696	060p13151j1o
zP3tj	5rk1/5ppp/QP1p1R2/3B4/2P5/6bP/2q3P1/3R3K b - - 0 36	c2d1 f6f1 d1f1	696	0t1315191o
0CnQc	r2qkbr1/p3np1N/1p1p1npp/2pPp3/8/3P2P1/PPP2PBP/R2QK2R w KQq - 0 13	h7f6	697	13141b1c
1rCVi	r3r1k1/pp4p1/2pb3p/n4p2/3P2R1/P5Pb/1PQN1P1P/R1B3KB b - - 0 19	e8e1 d2f1 e1f1	697	0y1315191d1o
25wzp	6k1/p2Nrppp/8/6Pn/3P4/4B2P/q4P2/2R3K1 w - - 0 24	c1c8 e7e8 c8e8	697	060p13151o
3Zk0s	5rk1/ppp3pp/3Bpq2/8/4Q3/1BP5/P4PPP/R5K1 b - - 0 20	f6f2 g1h1 f2f1 a1f1 f8f1	697	060p1013161n
4Q5xR	rnb2b1k/pppp3p/8/3n4/8/8/PPP3PP/RN3RK1 w - - 0 16	f1f8 h8g7 f8c8	697	010s0t191o
4ZmZ1	8/P7/8/2p1pkp1/8/2P5/r4pK1/5R2 w - - 1 60	f1f2 a2f2 g2f2	697	0g0p1m1o
4eyiI	8/p7/8/2p1b3/1k6/1P6/PN6/3K4 w - - 12 51	b2d3 b4c3 d3e5	697	0g0p0s1o
53b9F	r3k2r/ppp2ppp/4p3/3pP1q1/1b1Pb3/2P1P3/PP2B1PP/R1BQ1RK1 b kq - 0 11	g5g2	697	0y1314191b
56H69	8/5p2/5k2/1p2p1pp/1P1nP3/P5K1/8/2R5 b - - 1 43	d4e2 g3g2 e2c1	697	0g0p0s1o
5jlJ1	r2q1rk1/pb3ppp/2pp1b2/8/4Q3/3B4/PPP2PPP/R1B1R1K1 w - - 4 14	e4h7	697	0y1314191b
5kOdp	8/4r3/4Pk2/pp2Qq2/8/P1P5/5PP1/4R1K1 b - - 6 41	f5e5 e1e5 f6e5	697	0g0p1o
62Gjj	r1bk1bnr/ppp2Bpp/2p5/4Q3/3nP3/8/PPPP1PqP/RNB1K2R w KQ - 2 9	e5e8	697	13141b1c
6IU95	2k5/1p6/pB3p2/2b1pb2/2r5/2P5/PP3PB1/2KR4 w - - 1 27	d1d8	697	0p1113141b1d
6Vc7D	2kr3r/1pq3pp/p3Nnb1/8/6n1/P1NPB3/1PP2PPP/R2Q1RK1 b - - 0 18	c7h2	697	0y1314191b
9uiUV	1r3k2/5ppp/1N2p3/P2n4/3r4/8/5PPP/R4RK1 w - - 3 26	b6d7 f8e7 d7b8	697	0g0p0s1o
A0Mi9	4k3/1R6/1p2n3/8/P3K1p1/8/8/8 b - - 3 47	e6c5 e4d5 c5b7	697	0g0p0s111o
AffwD	rn1q1b1r/ppp1k1pp/3pbn2/4p1N1/8/1QPP4/PP3PPP/RNB1K2R w KQ - 4 9	b3e6	697	13141b1c1s
DNgis	rn1qkb1r/p1ppp3/1p3Pp1/7Q/3P4/8/PPP4P/RNB1K1Nb w Qkq - 0 10	h5g6	697	13141b1c
DSShY	4r2k/p4Qpp/8/8/8/1B5P/P1P2PP1/2qR1K1R b - - 2 25	c1d1	697	0p0t13141b
Dq1Nv	5rk1/p3R2p/1b6/3q4/2Rp1p2/1P1Q4/P5Pp/5K2 w - - 0 33	d3h7	697	0p1113141b
E0Q7c	8/4k1p1/pbpN1p2/5Pp1/8/4PK2/1P6/8 w - - 2 51	d6c8 e7d7 c8b6	697	010p0s111o
E84GH	r1b1qrk1/ppp2ppp/5n2/4pN2/1bB1P3/2N3Q1/PPP2PPP/R3K2R w KQ - 4 12	g3g7	697	0y1314191b
EFNpi	r5k1/p5pp/4pq2/8/8/6Q1/P1P1RPPP/R5K1 b - - 0 26	f6a1 e2e1 a1e1	697	0p0t13151o
EPxnH	r2qk3/ppp1n1Bp/6pQ/8/2B1P1b1/2P2P2/PP3b1P/RN3R1K b q - 0 17	g4f3	697	0l0y1314191b
EtrgY	1n5k/6pp/8/8/3Bq3/2P5/4N1PP/5RK1 w - - 0 26	f1f8	697	0p13141b
ExHHQ	rnb1k1nr/ppp2ppp/8/2bP4/2B2p1q/5N2/PPPP2PP/RNBQ1K1R b kq - 5 6	h4f2	697	13141b1c
F6wWY	rn4rk/p3p1bp/1pp3pN/8/3P4/2P5/P1P2PPP/R1B3K1 w - - 0 20	h6f7	697	1314191b1q
FFN1C	3r1rk1/p1p2ppp/2p5/2b3q1/3N4/1P1PPR1b/PBP3P1/R3Q1K1 b - - 0 18	g5g2	697	0y1314191b
Fe0V3	8/r3pp2/P1r5/4Pkp1/8/2PK2PP/4N3/R7 w - - 5 46	e2d4 f5g6 d4c6	697	0g0p0s1o
GIwJo	8/p5k1/6p1/5p2/P2r1N2/6P1/5P2/6K1 w - - 3 38	f4e6 g7f7 e6d4	697	0g0p0s1o
HVy4E	2kr3r/Qppqp3/2b2p1b/3p3p/3P1P2/2P1P3/PP1N1P1P/R3K2R w KQ - 2 17	a7a8	697	1314191b
HkwTQ	r4b1r/pp3kpp/4p3/3p1nq1/8/5P2/PPP1Q2P/RN2R2K w - - 0 22	e2e6	697	0n1314191b
HxHjI	3r2k1/1p1r1ppp/p3p3/8/5P2/P1PBP3/3RK1bP/3R4 w - - 0 28	d3h7 g8h7 d2d7	697	010j0p111o
IHLYH	3r1rk1/2pqbpp1/p1np3p/1p1nP1N1/3P1Bb1/2NQ4/PPP3PP/4RRK1 w - - 0 15	d3h7	697	1314191b
IT5fj	2K5/3Q2k1/7p/8/6q1/P7/8/8 b - - 1 54	g4d7 c8d7 h6h5 d7c7 h5h4 a3a4 h4h3 a4a5 h3h2 a5a6 h2h1q	697	000g0p1h1i1l1w
KCrA9	3R4/2r3pp/4k3/8/Nb6/1P1p1NP1/P3n2P/3K4 b - - 2 36	c7c1	697	0p0u1113141b1f
LdckD	2r1kr2/1p1b2p1/p3p1q1/3pP2p/1B1P2P1/1P6/P3Q2P/5R1K w - - 0 27	f1f8	697	1314191b1d
M3eCJ	6k1/p5pp/1n4b1/3pr3/3N4/1P2B1Q1/P4PPP/1qR3K1 b - - 2 29	b1c1 e3c1 e5e1	697	061315191n1o
MXWr0	rn2kb1r/pp3ppp/1qp1b3/8/B5n1/2N2N1P/PPPP1PP1/R1BQK2R b KQkq - 0 8	b6f2	697	0413141b1c
MYfhj	2r3k1/pp3p1p/2q1pPpP/3b2P1/1P1p4/P2P2Q1/1B3P2/2R3K1 b - - 5 28	c6c1 b2c1 c8c1 g1h2 c1h1	697	0p1013161d
MtVl8	6k1/3q1ppp/2p2p2/1pP5/1P1P1bP1/Q4b1P/5r2/K2B3R w - - 0 28	a3a8 f4b8 a8b8 d7c8 b8c8	697	0610131619
N4tCS	r4r1k/3q1p1p/p4p2/2bppN2/8/2P3Q1/PP3PPP/R4RK1 w - - 2 19	g3g7	697	1314191b
N69SH	5k2/2p4p/6p1/2r2p2/3N3P/6P1/4KP2/8 w - - 0 35	d4e6 f8e7 e6c5	697	010p0s111o
N9Jh4	3b4/3k4/3p4/1PpP1Kp1/P5P1/5p2/4b2R/4B3 b - - 4 65	e2d3	697	0p13141b
O4gsf	8/P5p1/5p2/4p2p/7P/1P3QPk/4r3/7K b - - 4 44	e2e1 f3f1 e1f1	697	0p13151j1o
R6qDc	rnbqkbnr/pp1pp2p/2p2p2/6p1/2PPP3/8/PP3PPP/RNBQKBNR w KQkq - 0 4	d1h5	697	13141b1c
RAXqN	8/1p1R4/1p2rk1p/2p1N3/4nP2/P1P4b/1P5P/6K1 w - - 4 41	d7f7	697	0p0u13141b
RdcJj	2k1r3/2p5/p3r2p/4n1p1/3B4/1PP4P/5PP1/R3R1K1 b - - 3 31	e5f3 g2f3 e6e1 a1e1 e8e1	697	010j0p10
Rku8H	8/8/3k2r1/2pp4/5Pp1/1R4P1/6K1/8 w - - 0 47	b3b6 d6e7 b6g6	697	0g0p1m1o1p
RzP4I	4r1k1/4pp2/p5p1/5b2/8/2B2P2/P1P2K2/3r3R w - - 0 29	h1h8	697	0p13141b1d
SxD24	5rk1/5pp1/pbN4p/1p1P1q2/1P2n3/7P/Q4PP1/5RK1 w - - 1 26	c6e7 g8h7 e7f5	697	0g0s191o
T25js	1k4r1/1pp5/p7/2QR4/P1P2q2/6p1/7r/3R2K1 w - - 0 37	d5d8 g8d8 d1d8	697	0p13151o
U1pjU	rnb2rk1/pp5p/2pbp3/3pNP2/3P3q/2PBpN2/PP2K1PP/R2Q3R b - - 1 13	h4f2	697	1314191b
UmlxD	7r/7p/p3kp2/4p3/8/2n1B2P/P2N1PP1/2R3K1 b - - 9 37	c3e2 g1f1 e2c1	697	010p0s1o
VOVXI	1k3r2/2p4p/p4N2/5P2/1p6/r1N2K2/5P1P/2R5 w - - 2 38	f6d7 b8c8 d7f8	697	010p0s1o
W9Xec	3nK3/5p2/pp1k1P2/4R3/8/2B5/PP4r1/8 b - - 9 39	g2g8	697	0p13141b
WDCrW	8/4kp2/2P1p1p1/pB1p4/3n2P1/P5K1/5P2/8 w - - 0 41	c6c7 e7d6 c7c8q	697	000g0p1h1o
Wy0y4	4r1k1/2p3pp/p1Q5/3p2q1/3P4/P4R1P/1P4P1/7K w - - 1 26	c6e8	697	0p0t13141b
XBixE	r6r/1pqn2kp/2p2pp1/3p4/2PN1P2/4P3/4B1PP/1R3RK1 w - - 2 25	d4e6 g7f7 e6c7	697	0g0s191o
Y2cAG	8/3R2p1/P5kp/6b1/8/B1PKp3/1P6/r7 b - - 3 49	a1d1 d3e2 d1d7	697	0g0p1o1p
YvhnH	4r1k1/6pp/2Q1p3/2N5/4n3/1P6/P1P1KPq1/8 w - - 0 29	c6e8	697	0p0t13141b
ayAeF	1r4k1/5ppp/r1p1p3/p1P1P3/3Pp3/P2qP2P/5QP1/2B2RK1 w - - 3 25	f2f7 g8h8 f7f8 b8f8 f1f8	697	060p1013161n
bIFOz	r4rk1/pp3pnp/1b5q/1N2pb2/2PP3P/5PR1/PP2Q3/3K2R1 w - - 4 25	g3g7 h6g7 g1g7	697	010y191o
bdaTY	r1n2k2/p2r1ppp/3N4/8/8/3R1PP1/P4P2/4R1K1 w - - 0 29	e1e8	697	0p13141b
cATe9	1r6/4k3/p2pp2p/6p1/P1nNP3/2P2PP1/2K5/R7 w - - 1 34	d4c6 e7f7 c6b8	697	0g0p0s111o
cHxwp	8/q7/1R6/P1pk4/3p2n1/1P1P3p/1KP4B/8 w - - 6 42	b6d6	697	0p13141b1d
eh3NH	8/1N6/P7/1KP5/4k3/5p2/8/4b3 b - - 0 54	f3f2 b5c6 f2f1q	697	000g0p111h1o
fZeps	6k1/p1p3pp/2p5/3p4/3P2q1/2P4P/PP1Q2bK/RN3r1R b - - 2 19	f1h1	697	1314191b1d
gPsnU	5rk1/ppp3pp/2b2q2/3pr1N1/3P4/3Q4/PP3PPP/4R1K1 w - - 0 19	d3h7	697	0y1314191b
gXyvY	5k2/R4p2/4n3/2p1RK1p/3r3P/8/8/8 b - - 17 56	d4f4	697	0p0u1113141b
gju3Q	rnbqkb1r/pp1np3/4p1p1/2Pp3Q/5P2/8/PPP3PP/RNB1K1NR w KQkq - 0 11	h5g6	697	1314191b
hEE2N	8/1p6/2p5/p1P5/5P2/3k4/PP2p3/4K3 w - - 0 66	f4f5 d3d4 f5f6 d4c5 f6f7	697	000g0p101e1l
hOYIO	8/pb6/4kp1p/8/1P5P/3N2K1/P7/8 w - - 4 41	d3c5 e6d5 c5b7	697	0p
idAmJ	r3k2r/2pnbppp/p1q3b1/1p1Q4/5BP1/5N1P/PPP1BP2/2KR3R b kq - 0 17	c6c2	697	1314191b1k
ir8CQ	rnb2r1k/ppp2p1p/3b4/3qp3/7Q/2PB4/PP3PPP/RN3RK1 w - - 0 17	h4h7	697	0y13141b1c
j0sbM	4r1k1/3b1pbn/8/1p1P4/1p1qP3/1P4P1/3N1PBP/rQ1R1RK1 w - - 7 28	b1a1 d4a1 d1a1 g7a1 f1a1	697	011019
jSCL3	8/6k1/8/1R1Np3/4Pp1p/2P2PbP/2r3P1/6K1 b - - 2 47	c2c1	697	0p13141b1f
jbVj6	1r2r1k1/p3bpp1/b3p2p/n3P3/3P4/q1PQ1N2/P1BK1PPP/3R3R w - - 7 22	d3h7 g8f8 h7h8	697	0y1315191o
kQdm0	1k4r1/ppp4r/4Q3/5p2/1P1P4/2q3P1/4BP2/3R1K2 w - - 0 36	e6g8	697	060p0t13141b
l2QCP	8/6pp/8/2pb4/k1N5/3K2P1/7P/8 w - - 0 37	c4b6 a4a5 b6d5	697	010p0s1o
lVRX3	3r2k1/3P1ppp/8/5PP1/2K2n1P/8/4R3/8 w - - 1 41	e2e8 d8e8 d7e8q	697	000p13151h1o
nT41A	r2r2k1/2p3pp/1p2b3/p3P3/3nBP2/2K1B3/PPP3PP/RN5R b - - 1 17	d4e2	697	1314191b
nxve1	6rk/pp5p/5q1p/2p4r/4Q1b1/6P1/PPB2P2/3RR1K1 w - - 0 29	e4h7	697	1314191b
o5tGm	r7/pppq3p/2n1n2k/3Bp3/2P3P1/3P3P/PP6/R4Q1K w - - 0 25	f1f6	697	1314191b
ocxsa	8/5p2/1R4p1/4pkPp/1P5P/1r3PK1/8/8 w - - 5 38	b6f6	697	0p0q1113141b1m
p9wbR	8/6pk/4Q2p/3q4/8/7P/P2r2P1/4R2K b - - 4 35	d5g2	697	0p111213141b
qp4jy	r1bqk2r/p1pp1pp1/1p5p/4P3/2Bb4/2P2Q2/P1P2PPP/R3K2R w KQkq - 0 13	f3f7	697	041314191b
rB71U	8/3k1p2/p3NQ2/1p1pP3/1P1Pq3/P3n3/6P1/5RK1 b - - 0 36	e4g2	697	0p13141b
s0Tgo	6k1/1pp5/p2p1p2/3PbN2/P1P3PK/1P4P1/3r4/1R6 b - - 2 35	d2h2	697	0p13141b
t0sW3	7k/p4rpp/1n2Q3/4p3/1P2P3/q7/2Pr1PPP/4R1K1 w - - 0 28	e6e8 f7f8 e8f8	697	0p0s13151o
t9koN	8/7p/4b1p1/5p2/1p3P1P/1k4P1/1PN5/2K5 w - - 7 56	c2d4 b3c4 d4e6	697	0g0p0s1o
tZuX4	8/5p2/4p1p1/R3P1Pp/2k4r/5P2/4K3/8 w - - 2 54	a5a4 c4d5 a4h4	697	0g0p1m1o1p
tbuA0	r5k1/p4Rpp/3B4/3P4/2Pp4/P2P2b1/2q1r1PP/5RK1 w - - 0 21	f7f8 a8f8 f1f8	697	1315191d1o
tnbDU	r6k/6pp/p7/1p1Q4/4p3/1P4P1/P3qP1P/R5K1 w - - 1 33	d5a8	697	060p0t13141b
uKCPB	r4r1k/7p/p4R2/5p2/8/2Q5/PPP3P1/1K1R2q1 b - - 2 30	g1d1	697	0p0t13141b
uldhP	4r1k1/6pp/8/2N5/1P6/P1b5/3p1PPP/3R1K2 b - - 3 29	e8e1 d1e1 d2e1q	697	000p13151h1o
v8hiY	1n3rk1/1p1bbppp/4p3/1qnp4/8/3PPN2/1Q2BPPP/BN3RK1 w - - 0 16	b2g7	697	0y1314191b
vEuNO	8/8/4kp2/3p2pP/3P2P1/5P2/2R2K2/7r b - - 11 67	h1h2 f2g3 h2c2	697	0g0p111m1o1p
vKoDO	8/1N6/6p1/pk3bP1/8/5P2/4K3/8 w - - 0 40	b7d6 b5b4 d6f5	697	0g0p111o
vdXqD	r4rk1/pppP1qpp/8/b7/3B4/2PPR2Q/P4PPP/RN4K1 b - - 2 21	f7f2 g1h1 f2f1	697	0y1315191o
wOjgQ	6k1/5p1p/2B1p1p1/2Ppb3/1P6/r1P1R2P/2Q2PP1/6K1 b - - 0 25	a3a1 c2c1 a1c1 e3e1 c1e1	697	0p1013161f
x4InZ	r5k1/p2b1Npn/1b6/1p2P2p/2p1Q1n1/8/PPPB2PP/R5RK b - - 0 26	g4f2	697	1314191b1q
x8Gs9	8/2Rnk2p/6p1/p7/PpKBP2P/6P1/8/3r4 b - - 2 46	d1c1 c4b5 c1c7	697	0g0p111o1p
xSHG3	8/p5q1/Kp3p1k/4pP2/3pQ3/P2P3P/1P6/8 w - - 12 51	e4h4	697	0p13141b1i
xn472	r2q1rk1/pR5p/2n5/3p4/2pP4/P4bP1/2Q2P1P/4R1K1 w - - 0 21	c2h7	697	1314191b
yoSE5	rnbk3r/pp3Bp1/2p4p/4q3/1Q2N1n1/2N5/PP4PP/R1B2R1K b - - 0 16	e5h2	697	0y1314191b
zBVZg	r5rk/pp4qp/3p1n2/3P4/3Q1PP1/7P/PP4BK/R4R2 b - - 0 25	f6g4 h3g4 g7d4	697	0g0j191o
zI7mJ	8/5k1p/6p1/5p2/2r1NP2/4K1P1/8/8 w - - 0 57	e4d6 f7f6 d6c4	697	0g0p0s1o
zoOw7	2r3k1/1pq3pp/p3p3/P1Pp4/3Qp3/2P1RP1r/1B3P2/1N3RK1 b - - 0 25	c7h2	697	1314191b
1EiYx	8/5p2/p4Rbk/1p2P3/2p2KP1/P7/1P3Q2/6q1 b - - 0 48	g1f2	698	0p0t13141b
1RyE7	r3k2r/1b3pp1/p2Pp3/1pb5/4PP2/P5Pp/1P1BN2P/2R2Q1K b kq - 0 23	b7e4 f1f3 e4f3	698	0y1315191o
1xZJL	3r1r2/6pk/p7/1p1B4/8/P5q1/1R3p2/3Q3K w - - 0 36	d1h5	698	0p13141b
24eYu	1k6/p1rR1pp1/Ppp2b2/4q3/8/3Q2PB/5P2/6K1 w - - 14 34	d7d8 f6d8 d3d8 c7c8 d8c8	698	0p1013161n
3Ame1	8/p7/2R5/7p/3P4/2rk4/7K/8 w - - 0 47	c6c3 d3c3 d4d5 c3b4 d5d6	698	0g0p101l1m
4Bi8F	1k2r2r/ppq3p1/2p1pp2/1P5p/1PB1P1n1/4B2P/2P1QPP1/3RR1K1 b - - 0 23	c7h2 g1f1 h2h1	698	0y1315191o
4JMGG	k4b2/1p4p1/p3p1p1/3q4/2NP2P1/7r/PP2KP2/2RQ4 w - - 6 29	c4b6 a8a7 b6d5	698	0g0p0s1o
5VLbM	r2q1rk1/pp3ppp/2p5/3p1p2/2P3Q1/1P2P2P/PB1P2P1/R5K1 w - - 0 19	g4g7	698	0p0y13141b
5dbBx	5N1k/pb4p1/5pQp/4p3/8/7P/PP1r1qPK/2R5 w - - 2 33	g6h7	698	0p13141b
6aazc	r2b1rk1/p5pp/1pq1p3/2P3N1/5n2/3Q2P1/PP3P1P/R3R1K1 w - - 0 20	d3h7	698	0y1314191b
7L5ZH	r4rk1/1bp3pp/p3pq2/1p4N1/2n5/P1N1b3/BPQ2PPP/3RR1K1 w - - 0 19	c2h7	698	0y1314191b
8UBk3	Q7/8/6p1/6Pp/2p4P/3k4/1p1p4/3K4 b - - 0 48	b2b1q	698	000p13141b1h1i
8UZGx	7R/8/7p/P5r1/6Pk/5P2/3qr2P/6RK w - - 0 45	h8h6 g5h5 h6h5	698	0p13151j1o
8d7w1	r1bq1r1k/pp2n1pp/8/3Pp1N1/2n2p2/3Q4/PPP2PPP/RN2K2R w KQ - 0 15	d3h7	698	0y13141b1c
9RIh9	4b3/8/8/3k3p/5KNP/8/8/8 w - - 0 77	g4f6 d5d6 f6e8	698	0g0p0s11121o
9pILh	8/3k4/2N3r1/1K6/P7/8/8/8 w - - 3 61	c6e5 d7e8 e5g6	698	0g0p0s1o
9xT6R	3r3k/6p1/8/2R1N3/PP5p/8/7r/1K6 w - - 1 33	e5f7 h8g8 f7d8	698	010p0s111o
AjyMW	8/4r3/6R1/pp6/6P1/5k1K/P6P/8 b - - 0 43	e7h7 g6h6 h7h6	698	0p13151m1o
C3qK4	3R1Q2/1N3ppk/6bp/8/P3n3/4PN1P/3R1PPK/2r2r2 b - - 6 35	f1h1	698	1314191b
CdAGF	r6r/ppp2kpp/2nbpn2/7q/PP1P4/2P2R2/3N2PP/R2Q2K1 w - - 2 15	f3f6 g7f6 d1h5	698	010j191o
CkTTK	5r1R/1p1bppk1/p2p1np1/q7/3nP1P1/2r2P2/PPPQ4/2KR1B2 w - - 0 17	d2h6	698	1314191b1u
DFj0A	r2qkb1r/pppbp1p1/2n1pn1p/3p4/3P2PP/2NB4/PPP2P2/R1BQK1NR w KQkq - 3 9	d3g6	698	0a13141b1c
Dkyc7	6r1/3N1p1k/p1P1p2p/3p1p2/8/1P5P/P4b2/3R3K w - - 0 31	d7f6 h7g6 f6g8	698	0g0p0s1o
Fk9b1	5rk1/4Qp1p/p1p5/1pPp4/3P1Nq1/1P2P1Pb/P4R1P/6K1 b - - 6 32	g4d1 f2f1 d1f1	698	0p0y1113151o
G95j1	6k1/p4pp1/1bN3p1/1p1r4/6P1/1P1n2BP/P4PK1/R7 w - - 4 28	c6e7 g8h7 e7d5	698	0g0p0s1o
GPPPt	1r3rk1/p1p1bp1p/1p2p1P1/4P3/6Q1/2Pq1P2/P2B1P2/2KR3R b - - 0 18	e7a3	698	071314191b
Goiqv	r4rk1/ppp1nppp/1q6/4P3/2B1QB1b/1PP5/P5PP/R4K1R b - - 0 16	b6f2	698	1314191b
H09AB	8/8/3p4/3Pp1k1/4PpPp/5P2/6K1/8 w - - 1 76	g2h3 g5g6 h3h4	698	0g0p1e1o1z
H7hui	8/8/3nk3/R2b4/4p1P1/4K3/1P6/8 b - - 5 54	d6c4 e3d4 c4a5	698	0g0p0s1o
HLIlI	6k1/pp6/3p4/1PbN1rn1/8/7P/5PK1/5R2 w - - 0 34	d5e7 g8f7 e7f5	698	010p0s1o
HVBtC	3rk2r/pp2qppp/2n2P2/2p5/5Q2/5bP1/PPP1PPBP/RN2K2R b KQk - 0 11	e7e2	698	1314191b
HcTqg	r1r3k1/p3pp1p/2N1b1p1/8/1R6/8/P1P2PPP/R5K1 w - - 1 24	c6e7 g8f8 e7c8	698	0g0p0s1o
I1hrv	r2q1rk1/ppp2pp1/2nb4/4p1Pn/4Q3/P1NB1b2/1PP2PP1/2KR3R w - - 0 14	e4h7	698	1314191b
I6N5p	r1r3k1/5ppp/4p3/pN1pn3/P7/1P4P1/2RqPPBP/2R3K1 w - - 0 20	c2c8 a8c8 c1c8	698	061315191o
I95jU	8/3R4/1p6/p4pk1/P7/8/3K4/6b1 w - - 2 44	d7g7 g5f4 g7g1	698	0g0p111o1p
INLOh	kr6/8/P3R2p/1ppp2q1/8/5P2/Q5PP/7K b - - 1 38	g5c1 e6e1 c1e1	698	060p13151o
IzGRP	8/p7/4k3/4P1pp/PP6/6P1/7r/1R3K2 b - - 0 50	h2h1 f1e2 h1b1	698	0g0p1m1o1p
J8A2I	r4rk1/2p2ppp/p3p3/1p1b2q1/3P4/2PN2PP/PP1N4/R2Q1RK1 b - - 0 19	g5g3	698	0y1314191b
JTvnu	6k1/5ppp/p2pp3/n2N1q2/1p1P4/1P3PP1/Pr5P/3Q1RK1 w - - 0 25	d5e7 g8f8 e7f5	698	0g0p0s1o
JggzM	8/8/1k3n2/4r1p1/PP2P1P1/5K2/8/3R4 w - - 7 50	d1d6 b6c7 d6f6	698	0g0p0s1o
Jo0pv	8/8/r4k2/7R/5p2/5B2/1r4P1/6K1 w - - 12 60	h5h6 f6e5 h6a6	698	010p1o1p
KOpNG	8/r3kp2/2p4p/N5pn/4Pp2/PBP1nR2/4K2P/8 w - - 1 37	a5c6 e7f8 c6a7	698	0g0p0s111o
KRWGY	2r4k/p5p1/6bp/Q7/1P2N3/P2rRP2/6PP/3R3K b - - 0 33	d3d1 e3e1 d1e1	698	060t1315191o
KiBDL	5k2/2R1bp2/6p1/p7/B7/7p/7K/8 b - - 1 40	e7d6 h2h3 d6c7	698	0g0p0s1o
Kk96V	3r1rk1/2p3pp/p4p2/1p1R4/3P4/1BP2P2/PP1q1P1P/R5K1 w - - 0 23	d5d8 g8h8 d8f8	698	060j0k0p13151o
KmZER	2r3k1/5ppp/8/3N2P1/5P2/8/q1pK2BP/2Q5 w - - 0 37	d5e7 g8f8 e7c8	698	0g0p0s111o
L0tJy	5k2/p4p2/1p1p2pp/2pP4/2P2P2/1P2Q1Pb/P2R1K1P/q7 b - - 7 32	a1f1	698	0p13141b1s
L4LaG	1rbr2k1/p1p2pp1/2p2q1p/2bP4/4N3/3Q1P2/PPP3PP/1K1R1B1R b - - 3 15	f6b2	698	1314191b1k
LOGVJ	2r1k3/4PRp1/8/8/1pp3p1/6P1/PP6/6K1 w - - 6 39	f7f8 e8e7 f8c8	698	0g0p1m1o1p
LjCLK	n3N1k1/3r1p1p/p4npB/2pP4/2Pq4/PP4PP/4QPK1/8 w - - 7 36	e8f6 d4f6 e2e8	698	0d0y1315191o
MBzJA	8/5k1p/1p3n2/2p2K1P/2r5/3N1P2/2p5/2R5 w - - 0 46	d3e5 f7e7 e5c4	698	0g0p0s111o
MjKg6	r1bq1rk1/pp3pbp/2p3p1/3np1N1/3P1P2/3B3Q/P1P1N1PP/3R1RK1 w - - 0 19	h3h7	698	0y1314191b
MulPG	5rk1/p4rpp/b1p1p3/2Pp4/pP1Pp3/P3P1B1/R2K1PPP/2R5 b - - 5 22	f7f2 g3f2 f8f2 d2c3 f2a2	698	0g0p101p
N9DCh	1r6/2k1Bp2/p1p1p3/4P2N/2pP2p1/P1P3P1/7P/1b4K1 w - - 3 32	e7d6 c7b7 d6b8	698	010p1o1p
OHZsd	r5k1/ppp2ppp/8/3Q4/8/1P5P/P1q2PP1/3R2K1 w - - 0 25	d5d8 a8d8 d1d8	698	060p13151n1o
OqIsS	3r2k1/2p1bppp/2pq4/8/p2P4/2PQP3/P1B2PPP/1rB3K1 w - - 0 20	d3h7 g8f8 h7h8	698	0y1315191o
Q2x3D	8/8/1kpR1p1p/6bP/PP2B3/3K1P2/8/2r5 b - - 0 36	c1d1 d3c4 d1d6	698	0g0p111o1p
QkpWc	8/5kp1/3b1n2/1pp5/6Pp/4BQ1P/1PPN1PK1/3rr3 b - - 0 30	e1g1	698	1314191b1f
SUddq	8/4kp2/5r1p/8/6P1/4N1KP/5P2/8 w - - 2 38	e3d5 e7e6 d5f6	698	0g0p0s1o
SmI3z	5kBQ/6q1/4p2p/1p1p2p1/p7/P1P1K3/1P6/8 w - - 1 52	h8g7 f8g7 g8e6	698	0g0p111o
T9kIm	2r3k1/1pP2ppp/4b3/1p6/4P3/8/PP4PP/3R2K1 w - - 0 22	d1d8 c8d8 c7d8q	698	00060p13151h1o
TtjFB	rnbq1rk1/ppp3pp/3P4/1P6/7N/4p2P/PBP1B1P1/RN1QK2R b KQ - 0 12	d8h4 g2g3 h4g3	698	13151c1o
TzZR8	r3r1k1/1pb2pp1/p1n1b2p/2B5/4Qq2/2P2N1P/PPBN1Pn1/R3R1K1 w - - 0 22	e4h7	698	111314191b
UsBwm	1r4k1/5p1p/1Pr3p1/3NK1P1/4P3/8/8/1R6 w - - 2 45	d5e7 g8h8 e7c6	698	0g0p0s1o
VHnpx	6k1/ppp1Rr1p/6pB/1P2b3/P1n3P1/2P1p2P/8/6K1 w - - 1 30	e7e8 f7f8 e8f8	698	0p13151d1o
VWQSO	2rq1rk1/pp1b1pb1/3p3B/4p1Qp/4P3/1NN2p2/PPP5/2KR4 w - - 0 19	g5g7	698	0y1314191b
WNonC	3k1b1r/r3p1p1/3p3p/8/nNpP1B1P/8/P1BK1P2/7R w - - 3 32	b4c6 d8c7 c6a7	698	010s191o
Wc3UA	2rk3r/pR3pbp/6q1/1B1b1p2/8/1N5P/P4PP1/3R2K1 w - - 0 22	d1d5 g6d6 d5d6	698	1315191f1o
Wf2rT	2r5/2qkbQ2/1p2p1p1/3pP3/p2N4/1N1b2B1/PP3PP1/K1R5 b - - 0 32	c7c1 b3c1 c8c1	698	061315191o
Wh4ku	8/R7/2p3k1/P5p1/2r3N1/5Pp1/6K1/r7 w - - 1 40	g4e5 g6f5 e5c4	698	010p0s111o
WigUt	rqb2rk1/pp3ppp/3bp3/1P1p4/N6P/P2n2Q1/1B3PP1/2R2RK1 w - - 0 19	g3g7	698	0y1314191b
XV4OT	1brqr1nk/p2n1ppp/1pp1p3/3pN3/1PPP1PP1/P3P2P/1B1NQR2/R5K1 w - - 3 17	e5f7	698	0y1314191b1q
XiQzM	k7/pp3q1r/2pQ4/3p2p1/3P4/8/PPP5/1K5R w - - 0 36	d6d8	698	060p13141b
YSo0i	4rr1k/2R3pp/3q4/pp1P1b2/5p2/PBQ1p3/1P3PPP/4R1K1 w - - 2 28	c3g7	698	0y111314191b
Yu0G6	8/r7/krp1p3/1b1pP2R/7P/p2P4/R5K1/8 w - - 0 46	a2a3 b5a4 a3a4 a6b5 a4a7	698	0g0i0p0r101p
ZhrgH	6k1/R1R3p1/7p/8/4N1Pn/p3P3/r4P1P/6K1 b - - 2 43	a2a1 c7c1 a1c1	698	0p1113151o
ZkKBa	6rk/2p1r2p/1p1n1q2/p2Q1p2/3Pp2R/2P5/B4PPP/6K1 w - - 0 42	d5g8	698	0y1314191b
aGhdx	6k1/5p1p/p1n3p1/8/2q2P2/5r2/1Q1R3P/K2R4 w - - 0 41	d2d8 c6d8 d1d8	698	0p13151n1o
agUAa	3r4/8/4R3/p7/5P2/1B3k2/PPR4P/6K1 b - - 0 48	d8d1 e6e1 d1e1	698	0p13151o
bSqDs	rbb2rk1/1pq2pp1/2p3p1/p2P4/4N3/PP2P3/1B3PPP/R2Q1RK1 b - - 0 18	c7h2	698	0y1314191b
bazaW	r3k2r/pp3pp1/2nqpnp1/3p4/3P4/1Q1BP3/PP3PPP/R1B2RK1 b kq - 1 13	d6h2	698	0y1314191b
bgNPx	8/3R3p/8/5pp1/5p1k/r4P2/6P1/5K2 w - - 0 41	d7h7 h4g3 h7h3	698	0p13151m1o
c5xfi	3r3k/2p1p2p/1p6/p4nN1/2P2P2/1P6/P6P/6RK w - - 0 33	g5f7	698	0f0p1113141b
cpOGZ	7k/5r2/4b1Q1/p7/1pp2p2/5P2/PP6/1K6 b - - 0 35	e6f5 g6f5 f7f5	698	0g0p0s1o
d15un	8/1k6/2p1r3/1p6/8/PP1N4/8/1K6 w - - 0 53	d3c5 b7b6 c5e6	698	0g0p0s111o
dSHRh	r1qr2k1/ppp2pp1/2n3b1/4P2Q/7R/2B5/PPP3PP/5RK1 w - - 6 19	h5h8	698	1314191b
de6Uc	8/8/3p1k2/3P3p/2K3pP/6P1/8/8 b - - 1 51	f6e5 c4d3 e5d5	698	0g0p1e1o
dhDk8	3r3k/pp2Qr1p/2p2p2/4nbpN/1PP5/4P3/q3BPPP/4K2R w K - 0 22	e7d8 f7f8 d8f8	698	0y1315191o
dqbg2	3r2k1/8/p3R1pp/3n1p2/PpNP4/1P1K4/3N1PPP/8 b - - 1 37	d5f4 d3e3 f4e6	698	0g0p0s1o
epUcD	2kr3r/ppp2ppp/3b1n2/1N2q3/8/4B2P/PPP1QPP1/R2R2K1 b - - 3 14	e5h2 g1f1 h2h1	698	0y1315191o
erdE6	4k3/1R6/4K3/p1p4p/7P/5r2/8/8 w - - 0 54	b7b8	698	0p1113141b1m
fRR5P	r3kb1r/pppbpp1p/2n2p2/1B6/1q2p3/2N5/PPPQ1PPP/3RK1NR w Kkq - 4 10	d2d7	698	13141b1c
gB1SF	rb3R2/6pk/p6p/2P5/1P6/P6P/5PP1/6K1 b - - 2 32	b8h2 g1h2 a8f8	698	010j0p1o
gCF3v	8/2q4k/6p1/p5Pp/1p5P/2PQ4/PP1N1r2/R2R2K1 b - - 0 42	c7h2	698	0p13141b1u
gzMVW	5k2/1ppR1p2/1b3K2/1r6/8/8/8/8 w - - 0 48	d7d8	698	0p13141b
hNhUV	8/1p3kpp/3n4/p1p3B1/1b6/3r1N2/5PPP/2R3K1 w - - 2 38	f3e5 f7e6 e5d3	698	010p0s1o
hTIOH	8/4r3/3p4/P2R1pkp/1P2n3/8/K5P1/7R b - - 0 39	e4c3 a2b3 c3d5	698	010p0s111o
hXNpc	3r4/ppp1k1pp/1n3B2/5b2/1P6/P1P5/2B2PPP/R5K1 b - - 0 22	e7f6 c2f5 f6f5	698	010p0t1o
i7iNk	5k2/8/7r/1R3K2/8/8/8/8 b - - 22 75	h6h5 f5e4 h5b5	698	0g0p1m1o1p
iiZ2j	8/1p6/p4k2/8/1r3N2/5KP1/1P6/8 w - - 0 45	f4d5 f6e6 d5b4	698	0g0p0s1o
jQitO	8/p3k3/2B1np1p/5K2/P5P1/7P/8/8 b - - 1 46	e6d4 f5e4 d4c6	698	0g0p0s1o
jY5sv	8/6k1/6pp/8/3N1bP1/5P2/6K1/8 w - - 2 58	d4e6 g7f6 e6f4	698	0g0p0s1o
jkNU2	8/8/8/1p4P1/5p2/1k6/2n5/2K5 w - - 0 49	g5g6 c2e3 g6g7 b3c3 g7g8q	698	000g0p0z10111h
jvFYC	r1b2r1k/2p2pp1/p2p3p/Pp1NpPq1/1P2Pn2/2PP1R1P/B1Q1n1PK/R1B5 b - - 14 27	g5g2	698	1314191b
k2Pn9	1k2r3/pP4pp/B2r1pn1/3p4/q2P4/4B2P/1P3PP1/2R3K1 w - - 0 24	c1c8 e8c8 b7c8q	698	001315191h1k1o
kQmPZ	2r4k/p1p2p1p/1pn2Nr1/4p2Q/8/1BPqP3/PP4PP/5RK1 w - - 1 20	h5h7	698	0y1314191b
kZDFK	r1bqn2k/pn5p/5pp1/1N1Q4/8/1B6/PPP2PPP/R5K1 w - - 0 19	d5g8	698	1314191b
l6AqH	1r6/7p/3p1pkP/p1pPp3/PrP1PpP1/1P3P1R/1R6/1K6 b - - 11 69	b4b3 b2b3 b8b3	698	010p111k1m1o
nEYxS	5r2/pkbR4/2b2q2/1p1p4/6Q1/P1PN3P/1PB3P1/4R2K b - - 0 38	f6f1 e1f1 f8f1	698	1315191f1n1o
nf4s2	8/p7/P5k1/7R/5PpK/6P1/2r4P/8 b - - 0 55	c2h2 h4g4 h2h5	698	0p
oUUhM	3r1r1k/1pp3p1/p6p/3pq3/P2B2n1/3P3P/BPP2QP1/R4RK1 b - - 0 20	e5h2	698	1314191b
r9Cnm	1k2r3/1p5p/p1B3p1/2P1b3/1P5Q/P6P/3r1PP1/3R2K1 b - - 0 29	d2d1	698	0p0t13141b1f
rQSFF	r1b2rk1/p1p2pp1/1bp5/4P3/7R/4q1P1/PPQ3KP/R7 w - - 0 22	c2h7	698	1314191b
rt1SC	r4rk1/pp3ppp/2p2q2/3P2b1/2p1Q1P1/2N4R/PPP5/R2K4 w - - 4 21	e4h7	698	0y1314191b
rxsNk	7k/5p2/1n2pNpP/3pP1N1/3P1K2/3P2P1/2q2P2/6r1 w - - 0 40	g5f7	698	0p1113141b
sMpZs	rnbqkb1r/pp2p1pp/1n1p4/4N3/3P4/1QP5/PP3PPP/RNB1K2R w KQkq - 0 10	b3f7	698	13141b1c
saS6b	5k2/p4ppp/b7/3nN3/3P4/1P6/P1q2PPP/4R1K1 w - - 0 29	e5d7 f8g8 e1e8	698	060p13151o
szpy7	4r3/p3qk1p/1p4p1/2pP1p2/5P2/1P1Q1KP1/P3R2P/8 b - - 3 29	e7e2 d3e2 e8e2	698	010p1o
wKI0c	r1r5/6pk/p3Q2p/3N4/4b3/P1P1P2P/1q4P1/R4RK1 b - - 0 27	b2g2	698	1314191b
x7XSV	r1bqk1r1/pp1pnpbp/2n1pQp1/6N1/2B1P3/2N5/PPP2PPP/R1B1K2R w KQq - 5 9	f6f7	698	0413141b1c
xLT6Q	3rkb1r/pp1n2p1/q1n1p3/3p3p/P2p3P/BP3N2/3N1PP1/RQ3RK1 w k - 0 17	b1g6	698	111314191b
xTnUX	8/8/8/p2Pp1p1/1b2Pk1p/5r1P/4K3/6R1 w - - 0 49	g1g4	698	0p13141b
y39Ig	r2qk2r/ppp2ppp/8/4p1P1/2B1n3/2bP3P/PP6/n1BK1Q1R w kq - 0 14	f1f7	698	041314191b
yHpEk	4r1k1/5p1R/p4br1/2p5/p1P5/P1P2P2/1P2qP1Q/1K5R w - - 7 42	h7h8 f6h8 h2h8	698	1315191n1o
yUgAG	2R5/8/2pk4/8/1p6/1P6/3r4/1K6 w - - 2 57	c8d8 d6e6 d8d2	698	0g0p1m1o1p
zWPjo	7r/1b1Q1pk1/1p3p2/1P6/2P2Pp1/4p3/5P2/2R3KN b - - 0 35	h8h1	698	0p1113141b1d
0UL7A	b3kb1r/4pppp/8/3NP3/2p1P3/1p4P1/5PBP/3R2K1 w k - 0 20	d5c7	699	0f0p13141b
1lyMA	8/k4p1p/P3p1p1/1K6/1N1b4/8/6PP/8 w - - 1 41	b4c6 a7a8 c6d4	699	0g0p0s1o
22vjI	5r2/4Qpk1/4p3/4P1p1/4Bn2/1P6/P3nPPK/5R2 b - - 0 36	f8h8 e4h7 h8h7	699	020p13151o
2InvF	5Q2/7p/1p4p1/3p1p2/q1n1n1Pk/4PP2/6BK/2r5 w - - 0 46	f8h6	699	0p13141b
2tifh	4rbk1/5p1p/6p1/p7/P3N3/5P1P/6P1/3R2K1 w - - 2 37	e4f6 g8g7 f6e8	699	0g0p0s1o
3Dn5j	1r1qkb1r/1pp2ppp/p4n2/1b2N3/8/1QP1P3/PP3PPP/RN2K2R w KQk - 0 12	b3f7	699	0413141b1c
3JpcR	r1b4k/1p2n1pp/1ppp2q1/4p1r1/2B5/P1PP1Q1P/1P1N1PP1/R4RK1 w - - 0 18	f3f8 e7g8 f8g8	699	0s1315191o
3sE51	r1b2r1k/pp4pp/1q6/2Npp3/3n4/6P1/PPP3KP/R2Q1R2 w - - 2 19	f1f8	699	060t1314191b
4769k	r4rk1/2p4p/p3p3/1p6/3PQ3/1Pq2P2/2B2P1P/7K w - - 0 29	e4h7	699	0p13141b
5Neox	8/7p/8/2p3k1/2P5/5Br1/4KN2/8 w - - 15 66	f2e4 g5f4 e4g3	699	0g0p0s111o
5uZ6f	r4rk1/2qbbpp1/1nn1p2p/pp1pP1N1/3P4/4B1P1/PPQN1PBP/2R1R1K1 w - - 0 17	c2h7	699	1314191b
6UcZm	2r4k/6bp/3r2p1/p2P1pN1/1p6/1B6/P4PPP/3R2K1 w - - 3 38	g5f7 h8g8 f7d6	699	0g0p0s1o
6ciQs	r2qkb1r/pp1np1p1/2p2npp/4p3/2PP4/2NB1P2/PP4PP/R1BQK2R w KQkq - 0 11	d3g6	699	0a13141b1c
6rQ6N	1k6/pp5p/4r3/5N2/5P2/4p1P1/n1P1K2P/3R4 b - - 1 29	a2c3 e2e1 c3d1	699	010p0s1o
7Dzoq	8/4K3/p2B4/1p3P1p/1Pb3k1/P7/8/8 w - - 5 46	f5f6 g4f5 f6f7 c4f7 e7f7	699	00080g0p10
8sqDk	4k1nr/ppr2ppp/4q3/2b5/3Q4/4B3/PPP2PPP/2KR3R w k - 0 14	d4d8	699	1314191b
93eXe	6k1/7p/2N3p1/Prpr4/4p3/1P1p2P1/5bPK/1R1R4 w - - 8 43	c6e7 g8g7 e7d5	699	010p0s1o
9TwRS	8/1R3r2/3pk3/pP2p3/P3P1p1/3P3p/8/6K1 w - - 2 43	b7f7 e6f7 b5b6 f7e8 b6b7	699	0p
A1S3o	8/R2bk2p/3n2p1/3P4/3K1P2/8/7P/8 b - - 9 47	d6b5 d4c5 b5a7	699	0g0p0s111o
CvcYg	r2b1r2/p4p1k/1p3P1p/2pqp3/8/6QP/P5P1/4RRK1 w - - 1 29	g3g7	699	1314191b
D62f0	r1bq1rk1/1pp2ppp/pb1P4/n7/4Qn2/3BPN2/PPPN1PPP/R3K2R w KQ - 0 12	e4h7	699	0y1314191b
DgRBg	6k1/2p5/2N2p1p/p2r4/1p3bPP/1P6/P1P5/1K5R w - - 5 31	c6e7 g8f7 e7d5	699	0g0p0s1o
DuPNe	8/p4k2/6p1/1n5p/2R2PnP/6P1/1P4K1/8 b - - 0 38	g4e3 g2f3 e3c4	699	0g0p0s1o
E3uLh	r2r2k1/p2b1p1R/2p1p1p1/3nP3/3p3R/1P1B3P/6P1/6K1 w - - 1 34	h7h8 g8g7 h4h7	699	091315191o
F1uRN	8/5k2/7K/5p1P/8/8/8/8 b - - 1 59	f5f4 h6g5 f4f3 g5f4 f3f2	699	000g0p101e1l
FqsIG	r1b2r1k/pp4p1/2p2p1p/4pN1q/2B1Pb2/3R2QP/PP3PP1/3R2K1 w - - 4 22	g3g7	699	0y1314191b
GbfxX	3k4/1pp4p/p6P/4r1N1/PPP1p3/5b2/2K5/5B2 w - - 5 40	g5f7 d8e7 f7e5	699	010p0s1o
HnICX	8/8/1k1r2R1/p5K1/7P/6P1/8/8 b - - 0 41	d6g6 g5g6 a5a4 g3g4 a4a3 g4g5 a3a2 g6h7 a2a1q	699	000g0p1h1l1m1w
IPqc7	r1b1kb1r/pppp1ppp/2N5/4q3/6n1/8/PPP1BPPP/RNBQ1RK1 b kq - 0 8	e5h2	699	0y13141b1c
IQmVF	k5r1/1p3Q2/p5r1/8/8/PPP2n2/7P/5R1K b - - 2 38	g6g1 f1g1 g8g1	699	030p13151o
IUUH8	r6k/6pp/p3Qb1q/3pR3/1p6/6N1/PPP2rPP/R6K w - - 3 26	e6e8 a8e8 e5e8	699	061315191n1o
JNdHF	4r3/p1b1P3/7P/3p4/1P5k/6RP/P1P3PK/4R3 b - - 0 38	c7g3 h2g1 g3e1	699	0g0p0s111o
JThjB	rn2k2r/bbqp1p2/p3p3/1p4Pp/4P1n1/PNNB1R2/1PP1Q1PP/R1B4K b kq - 0 14	c7h2	699	0y111314191b
JcAi4	2k5/p1p5/1r6/8/3KQ3/8/8/8 b - - 6 55	b6b4 d4c3 b4e4	699	0g0p1j1o1p
KBqig	2r5/p7/1p2kp2/1P1p3P/P2P1K2/8/2B2P2/8 w - - 3 49	c2f5 e6f7 f5c8	699	0g0p111o1p
KKQWn	8/2k4p/2Prp1p1/p7/1qRP4/1P2P3/2Q3PP/6K1 b - - 1 38	b4e1	699	0p13141b
KPSgD	r4r2/p3Nppk/2p5/3p4/1p1P1n2/2P2P2/PP3P2/2KR4 w - - 0 26	d1h1 f4h5 h1h5	699	020p1113151o
LKVMB	r2qr1k1/pp3ppp/2p5/3pB1Q1/3Pn3/2P4P/P1P1RPP1/R5K1 w - - 1 17	g5g7	699	0y1314191b
M0omS	r1b2rk1/pp4bp/3p2p1/2pNP2n/1P2P3/2PP4/P2Q2PP/R1B2R1K b - - 0 19	f8f1	699	060t1314191b
NSvwd	2r2rk1/pp1b1pP1/4p3/5q2/3P3Q/P4N2/1P1R2P1/K6n w - - 0 26	h4h8	699	111314191b
OsvK4	6B1/R6p/3q2pk/2p5/p1P2p1P/6P1/5P2/6K1 w - - 0 58	a7h7	699	0p111213141b1d
Ovh5B	rn1qr2k/pb1p1ppB/1p3n1p/6N1/2P5/8/PBQ2PPP/R4RK1 w - - 2 18	g5f7	699	0y1314191b
PPMwL	6k1/pb4r1/2p1p1P1/1p3p1q/3P3P/4P1Q1/PP5P/R5K1 w - - 1 34	g3b8 b7c8 b8c8	699	0p13151o
Pp4pm	r4rk1/pppq1p1p/2p1b1pB/2b4n/4P3/2NP3P/PPP3PN/R2Q1R1K b - - 4 14	h5g3	699	1314191b
Qoodo	2r5/5p2/6p1/R1p1k2p/2K5/4P3/5PPP/8 w - - 6 29	a5c5 c8c5 c4c5	699	010p1m1o
R7Bpp	2k5/1pp5/7p/1NQ5/6p1/P1P2nP1/5PKP/4q3 b - - 10 28	e1g1	699	0p0q13141b
RWJpd	2B1n3/p7/1p6/1K4p1/5kP1/2P5/P7/8 b - - 9 44	e8d6 b5a6 d6c8	699	0g0p0s1o
SM6Mu	r4r1k/p5pp/8/2pPp1q1/1p2Q3/2P2P1R/P5P1/1K1R4 w - - 0 26	e4h7	699	0p1113141b
SY4Nj	2k5/2p2r1R/ppKn4/4p3/3b4/P7/8/8 w - - 2 34	h7h8 f7f8 h8f8 d6e8 f8e8	699	0p101316
SwDOr	r1b4k/ppp3pp/3q4/8/6n1/P4r1P/1P1BBPP1/R2Q1RK1 b - - 0 18	d6h2	699	1314191b
TDlMc	2r3k1/pp3pb1/7p/4B3/2nP4/3B4/PP6/RK3Q2 b - - 0 36	c4d2	699	111314191b
UFecY	6B1/1kp3p1/p7/1p6/2P2p2/1P3q2/P6P/R5K1 w - - 0 35	g8d5 f3d5 c4d5	699	0g0p0s1o
UXblb	4q1k1/pbp1rppp/1p6/3p2N1/3P4/P1PQ4/2P2PPP/R5K1 w - - 2 18	d3h7 g8f8 h7h8	699	0p0y13151o
V2ySc	8/7p/p5p1/N1np1p2/3k3P/1P3P2/P2K2P1/8 w - - 0 35	a5c6	699	0p0z13141b
VF2UI	7k/2b4p/6p1/2P5/3PRP2/2r3PP/7K/8 w - - 1 38	e4e8 h8g7 e8e7	699	010p111o
VkobZ	rn2r1k1/pp3ppp/3p4/8/4B3/1N2B2b/PPPQ1PqP/R3KR2 b Q - 0 16	g2f1	699	1314191b
WoPRz	b7/7k/7p/4BNP1/2rP4/6P1/5P2/6K1 b - - 0 43	c4c1 g1h2 c1h1	699	0p13151d1o
XMMdg	6B1/7p/6p1/4k3/1P5P/P1R2PK1/8/r1n5 b - - 2 39	c1e2 g3f2 e2c3	699	0g0p0s111o
XMx8w	r3kb1r/1p2ppp1/p1np4/3P4/2P1NBb1/8/PP2NP1p/R2Q1R1K b kq - 0 17	g4f3	699	13141b1c
XRwsL	r1b3k1/pp3ppp/1q6/3rQ3/1P1P4/P2n4/1B3PPP/R4RK1 w - - 0 20	e5e8	699	1314191b
XaWRx	8/8/1K3k2/2p1p1p1/2P3P1/1P6/P7/8 b - - 0 55	e5e4 b3b4 e4e3	699	0g0p1e1l1o
YEpnG	8/7R/1p2P3/p2p2k1/3P2qp/P1B1P3/1P3K2/8 w - - 0 47	h7g7 g5f6 g7g4	699	0g0p1o1p
YQPgm	8/2kR1ppp/1p6/8/q7/4P1PP/5P2/3R2K1 b - - 1 35	a4d7 d1d7 c7d7	699	010p1j1o
Ynp46	8/8/p1b5/3p1pk1/1P1P4/P3N1K1/8/8 b - - 1 42	f5f4 g3f3 f4e3	699	0g0p0s1o
ZF2JQ	4r1k1/1p3p1p/p1q3pB/3p4/P2Q4/8/1P3PPP/2R3K1 b - - 0 28	c6c1 h6c1 e8e1	699	060p1113151n1o
ZYBKe	r3k3/ppp2rpp/3p4/4p3/4P1b1/8/PP1Q2PP/RNB1qBKR b q - 1 15	f7f1	699	0y1314191b
ZkAIn	2r2k2/R4pp1/1p2p2p/2p5/PP1n4/7P/5PP1/2R3K1 b - - 0 27	d4e2 g1h2 e2c1	699	0g0p0s1o
aF9E3	8/pp1k4/3B3p/2pK1Pp1/2Pp2P1/1P5P/P7/8 b - - 0 39	d4d3 d6c5 d3d2	699	0001080p1o
aVWGH	8/1b6/4k3/3pPpb1/1p1P2p1/3K4/1PB3P1/4B3 b - - 9 44	b7a6	699	080p1113141b
aeSL8	5rk1/p6p/b1p1p3/3pbqB1/PR2p2Q/7P/B1P3P1/4R2K b - - 0 23	f5f1 e1f1 f8f1	699	0y1315191f1n1o
asuur	3r4/pp3pkp/2pN2p1/4pb2/8/1P3P2/1PPR2PP/6K1 w - - 4 24	d6f5 g6f5 d2d8	699	0g0j0p1o
bCmuD	5k2/P1p4p/1n6/3N2p1/1p6/7P/1P2p1P1/2R2rK1 w - - 4 33	c1f1 e2f1r g1f1	699	0g0p1o
bTjIl	8/8/8/R6P/P7/4n1k1/6r1/7K w - - 2 51	a5g5 g3h4 g5g2	699	0g0i0p1o
bWqjK	r2q1rk1/p1p2ppp/1p2p3/b5P1/2P1b2P/PQ2P3/1B1P1P2/R3KBR1 b Q - 0 16	d8d2	699	1314191b
chUm9	r3kbr1/5p1p/pp1np3/3pBpq1/2PP4/5P1P/PPQN2P1/R3R1K1 b q - 0 17	g5g2	699	0y111314191b
ckFNc	8/8/7K/8/4k3/6Pp/7P/8 b - - 2 56	e4f3 h6g7 f3g2 g3g4 g2h2	699	0g0p101e
d6ZgC	r2qr3/1p1bkppp/4pn2/p7/PnNpPB2/3P1NP1/1P3PBP/R4RK1 w - - 0 17	f4d6	699	1314191b
e1Lid	5rk1/5p1p/R2Q2p1/2B1b3/4q3/7P/2r2PP1/5RK1 w - - 1 25	d6f8	699	1314191b
e3OTy	1r6/1Bp1q1k1/p1Pr1p1p/2Q1p3/P1b5/2P3PP/5P2/R2R2K1 b - - 2 25	d6d1 a1d1 e7c5	699	0g0j191o
eUIW5	1k2r3/5R1R/8/8/1P6/P7/r7/7K b - - 9 45	e8e1 f7f1 e1f1	699	0p13151m1o
ejICA	3r3k/r2P1pp1/5b1p/4R3/P4P2/4P2P/2B4K/8 w - - 5 39	e5e8 d8e8 d7e8q	699	000p13151h1o
f6Dy8	5r2/p5p1/2Q3pk/5p2/3P1q2/2P1p3/P5RP/6K1 w - - 6 36	c6g6	699	0p13141b
f9OTc	8/8/1k1p4/p2P4/K1P5/1P6/1R6/2r5 b - - 21 84	c1a1 b2a2 a1a2	699	0p13151m1o
fIxzq	2r2k2/7R/4p1pp/pp1p2p1/3P2P1/4PP2/PP3K1P/8 w - - 2 36	h7h8 f8g7 h8c8	699	0g0p1m1o1p
g51Ar	rn1qk2r/pppb3p/3b2p1/3Qpp2/P3n3/1B6/1PPP1PPP/RNB1K1NR w KQkq - 1 10	d5f7	699	13141b1c
hBDFb	r5k1/6pp/5p2/p1p1n3/3pR3/PP3P1P/1P1B3K/1R6 b - - 0 28	e5f3 h2g2 f3d2 b1e1 d2e4	699	010p0s10
hLbCQ	4rk2/pp3ppQ/4q3/2pp1B2/5Bn1/2P5/PP4PP/R5K1 b - - 3 25	e6e1 a1e1 e8e1	699	0y1315191n1o
hTprv	8/8/5k2/1p3p2/1r3N1P/5KP1/8/8 w - - 2 59	f4d5 f6e6 d5b4	699	0g0p0s1o
he5aE	6k1/1R4pp/8/1P1p3B/5n2/7P/3r4/7K w - - 0 32	b7b8	699	0p13141b1f
htuD8	4r1bk/7p/p7/8/1p6/3B1P2/1PPK1Q2/7q w - - 0 41	f2d4 e8e5 d4e5	699	0p13151o
i8zpO	5k2/R4p2/4b3/1r4pp/1n2Pp2/7P/2P2NP1/K3R3 b - - 0 27	b4c2	699	0p13141b
iA0Pm	1k6/2p2K1p/pp6/6r1/4B1n1/PP6/2P5/3R4 w - - 9 41	d1d8 b8a7 d8a8	699	0p13151d1o
iBemn	3k4/8/p3pR2/1bP4P/1P4P1/P2p1P2/8/6K1 b - - 0 42	d3d2 f6e6 d2d1q	699	00010p1h1o
iOaf1	rnbq1rk1/6pp/2pbP3/pp1pB3/3P4/2N1PN1P/PPP3Q1/2KR1n2 w - - 0 15	g2g7	699	0y1314191b
iUMV6	r1b2r1k/p1p2p1p/1p1p1q2/4p1N1/3P2nQ/2N5/PPP1PPP1/R3KB2 w Q - 2 16	h4h7	699	0y1314191b
iZTad	8/8/6k1/7p/R6K/5PP1/Pr6/8 b - - 0 49	b2h2	699	0p13141b1m
ja955	1br1k2r/ppq2ppb/4p2p/3p1N2/6Q1/1B1PB2P/PPP2PP1/R4RK1 b k - 0 18	c7h2	699	1314191b
k1lHx	8/8/5pp1/6Pp/5K1P/5P2/4k3/8 b - - 0 66	f6g5 f4g5 e2f3	699	0g0p1e1o
kgHCI	3r3k/6pp/p7/4bQ2/2pP4/2q5/P5PP/5RK1 w - - 0 29	f5f8 d8f8 f1f8	699	060p13151n1o
lDmH7	r1b2rk1/pp3ppp/1q2p1n1/1B1pP1B1/8/2N5/PPP1QbPP/R2R2K1 w - - 0 13	e2f2 b6f2 g1f2	699	01191o
lEUju	r1b1k2r/ppp2ppp/3b1n2/3Nq3/4P3/3B4/PPPB1PPP/R2Q1RK1 b kq - 0 10	e5h2	699	0y13141b1c
lRYS7	5b1r/1kp2ppp/p3p3/7q/2P5/5b1P/PP1BBPP1/R3K2R w KQ - 0 16	e2f3 h5f3 g2f3	699	010s191o
lerfU	2r3k1/1Q3ppp/4b3/8/4pq2/P7/1PP3PP/1K1R4 w - - 2 25	b7c8 e6c8 d1d8	699	060p13151n1o
lhHfv	6k1/p3np1p/1p2p1pK/4P3/5PP1/1P3Q2/P6P/3qq3 w - - 0 37	f3a8 e7c8 a8c8 d1d8 c8d8	699	0p101316
lrPNr	1R6/8/5k2/7p/1P2PKpP/1r4P1/5P2/8 b - - 3 42	b3f3	699	0p0q13141b1m
m9J9c	2krr3/pp3p1p/3p1Ppb/8/Nq1p2P1/1P1Q4/PBP2PP1/R2K1B1R b - - 0 17	b4e1	699	1314191b
mMzkT	r1b2rk1/1p2qppp/p1n1p3/4p1N1/2B1Q3/8/PP3PPP/2RR2K1 w - - 1 16	e4h7	699	0y1314191b
nCDpv	r5k1/pp1b1pp1/4p2p/4P3/4Bn2/5N2/PP3PPP/2R3K1 b - - 3 24	f4e2 g1f1 e2c1	699	0g0p0s1o
nChWO	8/8/8/2k5/3q1QKp/7P/8/8 w - - 3 63	f4d4 c5d4 g4h4	699	0g0p1i1o
nk4xM	8/p5k1/1p4p1/2pP1pKP/2Pr4/1P6/P4RP1/8 b - - 0 42	d4g4	699	0p0q13141b1m
oRLYb	4r3/1k6/1p5p/2pbPNp1/3p2P1/7P/4KP2/1R6 w - - 4 37	f5d6 b7c6 d6e8	699	010p0s1o
q4Awg	8/2k5/4r3/3R4/5P2/2p5/1bB3K1/8 b - - 0 48	e6e2 g2f3 e2c2	699	010p0s1o
rbPXN	r3r1k1/2pN1ppp/p2b1n2/1p1p1P2/8/1BNP3P/PPP3P1/R1BbR2K b - - 0 18	e8e1	699	0t0y1314191b1f
rdrD4	k7/p3p3/2p1Q1p1/3p4/3P4/7r/KPPq4/7r w - - 0 34	e6c8	699	0p13141b
sQSR6	8/1ppRQpk1/rb3qp1/p3p2p/P3P3/2P5/1P3PP1/3R1K2 b - - 3 29	f6f2	699	0p1113141b
snigM	r2q1rk1/p1pn1pp1/1p1p3p/4pN2/4P1QP/1P1Pb3/1PP2PP1/R4RK1 w - - 0 19	g4g7	699	0y1314191b
tVq1X	2r4k/4NRpp/6r1/3p2B1/pp6/6bP/PPq5/5R1K w - - 2 31	f7f8 c8f8 f1f8	699	061315191o
tr7A0	8/p4ppk/1p3bp1/8/5B2/3rR1P1/PQ3P1P/K7 b - - 0 34	d3d1	699	0p13141b1g
ugQSZ	2k1r3/ppp3pp/3b4/4q3/8/1P2B3/P1P1QPPP/4R1K1 b - - 2 20	e5h2 g1f1 h2h1	699	0p13151o
v8x9h	6R1/pBbk4/K5p1/P4p2/r7/7P/6P1/8 b - - 16 46	a4a5	699	0p1113141b1d
vFbmN	5rk1/1q3ppp/p5r1/2b1PR1Q/2pP4/8/PP3BPP/5R1K b - - 0 30	b7g2	699	0y1314191b
vYq7X	r2qr1k1/pp3ppp/2p5/2bpn3/8/1BN1P1BP/PPPQ1P2/R4RK1 b - - 0 15	e5f3 g1g2 f3d2	699	0g0s191o
vmyoV	3r4/8/K1k5/2P3Qp/8/8/8/8 b - - 0 61	d8a8	699	0p1113141b1j
wBiM7	5r2/2R5/r3p3/5Ppk/8/2B4P/1PK5/8 w - - 0 50	c7h7	699	0p1113141b
wQInR	6r1/1ppbk3/p2p1p2/3Pp3/2B2P2/P5qP/1P1QRbP1/R6K b - - 4 26	g3g2	699	0y1314191b
wYd76	3q4/p5k1/4bpp1/n1N2n2/B4P1p/2P4P/PP4PB/7K w - - 0 35	c5e6 g7h6 e6d8	699	010s11191o
y1tz4	8/2k5/8/1P1K3R/1r6/8/8/8 b - - 13 69	b4b5 d5d4 b5h5	699	0g0p1m1o1p
ylFDK	r2q3r/p1p3kp/3b1np1/6B1/3Q4/2NP4/PPP2PPP/R3R1K1 b - - 10 19	d6h2 g1h2 d8d4	699	0g0j0y191o
z4tKl	r4rk1/ppp2pp1/2nN2qp/8/3P4/3B1N1b/PP3PP1/R2Q1RK1 b - - 0 14	g6g2	699	0y1314191b
