08XzM	r1bqkb1r/p1p1pppp/8/1N1P4/Q1Pn4/8/PP3PPP/n1BK1BNR w kq - 0 10	b5d6	700	0k0m13141b1c
1lseO	6k1/5p1p/4pP2/p3P1P1/3P4/P1p2Q2/1r5q/2R2K2 w - - 0 37	f3a8 b2b8 a8b8	700	0p13151o
2Oo6r	4r1k1/R4ppp/1p3r2/6N1/1P2Q3/4P3/b4qPP/3R3K b - - 1 30	f2f1 d1f1 f6f1	700	061315191n1o
6Ygxn	r3k2r/ppp2pp1/2b1p2p/1B2P3/6q1/P3B3/1PQ2PPP/R3R1K1 b kq - 0 18	g4g2	700	0y1314191b
6dft2	8/5p2/8/2BpPN1k/3P1K2/8/1r6/8 b - - 5 42	b2f2 f4g3 f2f5	700	0g0i0p111o1p
97PFL	rnbq1rk1/pp2pp1p/2p3pQ/3p2N1/3P2n1/2N5/PPP1PPP1/R3KB1R w KQ - 4 12	h6h7	700	0y13141b1c
BSSkd	1r6/5k1p/p2p1p1B/2pP1p2/P2b1P2/1P4R1/4r1PP/5R1K w - - 2 30	g3g7 f7e8 g7g8	700	0g0p111o
CCf9l	rb3rk1/ppqN1ppp/2p1pn2/2Pp3b/3P4/1P1BP2P/PBQN1PP1/R4RK1 b - - 0 14	c7h2	700	1314191b
D2xXa	4k3/8/RP6/5p2/4bP2/8/8/5Kb1 b - - 4 54	e4d3 f1g1 d3a6	700	0g0p0s111o
DwIUZ	2kr4/1pp2Qp1/p6p/1PP5/1r2p1P1/7P/1P1qPPB1/R4K1R b - - 1 25	d2d1 a1d1 d8d1	700	061315191n1o
HGLlA	r3k2N/pp4pp/2p5/4pq2/2N3nP/2PP2P1/PP3P2/2KR2R1 w q - 0 20	c4d6 e8d7 d6f5	700	0g0s191o
Je5Xk	8/4pk2/3p2p1/3P1p2/4nP2/3R2PK/8/8 b - - 2 43	e4f2 h3h2 f2d3	700	0g0p0s111o
MHnoq	3r3k/3r1pp1/P7/2Q4p/8/3qPB2/5PPP/2R3K1 b - - 1 35	d3d1 f3d1 d7d1 c1d1 d8d1	700	060p1013161n
N0G1L	3r1k2/p4ppp/1pQ5/4P3/8/8/PP3rPP/3R3K b - - 0 28	d8d1	700	0p1113141b1j
NFwOu	2r5/1b2kp1p/2rp1p1b/3BpP1N/pp2P1Pq/1P1R4/P1P1Q2P/1K1R4 b - - 3 28	c6c2 e2c2 c8c2	700	011112191o
NgxN9	4rk2/1p3prp/p6Q/8/2P1q3/R7/5PPP/5RK1 b - - 5 27	e4g2	700	0p1113141b
PPFyU	5r1k/6pp/8/p1Qr2q1/8/1P6/P4PB1/2R3K1 w - - 0 32	c5f8	700	0p0t1113141b
QWe7x	r7/pR6/1n4pp/3p1k2/2pP1P1n/2P5/PP3P1P/4R1K1 b - - 2 28	h4f3 g1f1 f3e1	700	010p0s1o
SYTI1	3r2k1/5ppp/pqp1p3/8/5Q2/P1bP2P1/7P/5R1K w - - 0 28	f4f7 g8h8 f7f8 d8f8 f1f8	700	060p1013161n
VWWED	8/q3kp1p/2bp1pp1/8/3N4/7P/5PPK/8 w - - 0 33	d4c6 e7e6 c6a7	700	010p0s0t1o
XQ0kg	6k1/5ppp/q2p4/8/1Q1P4/P3P1P1/1P1R2KP/2r5 b - - 1 27	a6f1	700	0n0p13141b
ZIQPo	8/1pb5/p4kp1/5p2/PP3N1P/4pP2/7P/5K2 w - - 3 45	f4d5 f6e5 d5c7	700	0g0p0s111o
a3JBh	8/6k1/5ppp/8/4N1K1/8/8/8 b - - 3 59	f6f5 g4g3 f5e4	700	0g0p0s0z1o
c8Hbt	6k1/3p3p/2b1pQp1/p7/5P2/3B4/q5PP/5R1K b - - 0 31	a2g2	700	0p1113141b
cHkPy	2k3r1/pppr1p1p/4pBp1/3pP3/2Pn4/2Q4P/P1P2PP1/R4RK1 b - - 1 17	d4e2 g1h2 e2c3	700	010s191o
dcHoa	1r2k3/6Rp/3p4/3P4/2p1rPP1/4p1K1/2PbR2P/8 w - - 1 34	g7g8 e8f7 g8b8	700	0g0p1o1p
ijrSD	4r1k1/pb2rp2/1p4pp/4q3/8/P5Q1/BP3PPP/2RR2K1 b - - 1 28	e5e1 d1e1 e7e1 c1e1 e8e1	700	0y101316191n
kOGae	3n1k2/2N2p1p/4p1p1/p3P1P1/1qRP4/8/P1Q3PP/6K1 b - - 0 37	b4e1	700	0p1113141b
kkIin	1k6/p4R2/2p2p2/8/1pP4n/7r/1P1r1P2/4RK2 w - - 5 42	e1e8 d2d8 e8d8	700	0p13151o
qKNx3	3r2k1/pp3p1p/8/3B1p2/1P2P3/P1r2PP1/7P/3R2K1 w - - 1 26	d5f7 g8f7 d1d8	700	010j0p1o
qZsmu	r1b4k/1pR5/p3prpp/4p3/P7/6P1/1q4PP/3R3K w - - 0 27	d1d8 f6f8 d8f8	700	0p13151o
sfL2N	r1b1r1k1/pp4pp/2p4b/3pP1qQ/3P2P1/3B4/PPP4P/1K1R3R w - - 1 19	h5e8	700	0t0y1314191b
wN5MN	8/4k2r/4p3/3bP3/6K1/8/2R5/8 w - - 1 51	c2c7 e7d8 c7h7	700	0g0p111o1p
zpyUg	1r4k1/1P3ppp/4p3/4P3/3P1P2/4K2P/2R3P1/q7 w - - 0 41	c2c8 b8c8 b7c8q	700	00060p13151h1j1o
zxchP	8/1N6/5p2/pr3k2/5P2/2PK4/8/8 w - - 4 47	b7d6 f5f4 d6b5	700	010p0s1o
062Zq	r4rk1/ppp2Rpp/8/4n3/2B5/2P2R1P/P1P3P1/6K1 w - - 0 19	f7f8	701	0k0m0p13141a1b1f
0HdHI	2n3kr/1bq2Np1/p3Q3/1p3p2/8/3B1PP1/PPP5/3R1RK1 b - - 0 29	c7g3	701	0y1314191b
0qquc	r6r/4k3/4p2p/2p1n3/6P1/1BP4P/PP6/4Q1K1 b - - 1 34	e5f3 g1f2 f3e1	701	0g0p0s1o
38UBM	3N2k1/p6p/5Ppr/5n2/8/1P6/P7/3K1R2 b - - 2 35	f5e3 d1e1 e3f1	701	010p0s111o
3HjJP	r6k/p5pp/n1p5/1pb2Q1n/8/1BN3BP/PPP3P1/3R3K b - - 0 24	h5g3 h1h2 g3f5	701	0g0s191o
88LRO	r1r3k1/5pbp/p1Np1pp1/8/2p2P2/8/PPP3PP/R2R2K1 w - - 2 22	c6e7 g8f8 e7c8	701	010p0s1o
8UOLS	6k1/1R6/3p2Kp/3Pp3/1p3b2/pP2nP2/P7/8 w - - 2 44	b7b8	701	0p13141b
9HQ4t	r1bR1bk1/p1p2p1p/2p3pB/8/8/8/PPPKnPPP/8 w - - 0 17	d8f8	701	0p0y13141b1d
A3JRx	rn1q1k1r/ppp2ppp/1b6/1B1P2Q1/4p3/2P5/PP3PPP/RNB3K1 w - - 5 14	g5d8	701	0t1314191b
A6tvI	8/kp3r2/p3qP2/2p1B2p/4RK1P/2P5/1P6/8 w - - 3 56	e5b8 a7b8 e4e6	701	0g0j0p111o
A6wyZ	8/2p5/2Rk1p2/P5p1/6P1/8/4K3/8 b - - 0 39	d6c6 a5a6 c6b6	701	0g0p1o
AQ6zQ	4b3/2b3k1/8/p1K3p1/P2N2p1/1B6/6P1/8 w - - 2 48	d4e6 g7f6 e6c7	701	010p0s111o
Aj8b5	3r2k1/2p5/1p1n1Rpp/8/3P2PP/P7/5K2/2B5 b - - 1 37	d6e4 f2e3 e4f6	701	0g0p0s1o
EMtPm	7k/p4Rrp/2p3p1/8/1p6/1B3n2/PKP2P1P/3r4 w - - 0 25	f7f8 g7g8 f8g8	701	0p0s13151d1o
Ik194	8/1p6/r5k1/5pN1/5P2/2B2KP1/8/8 b - - 5 52	a6a3 f3e3 a3c3	701	0g0p111g1o
J1bbF	rn3rk1/p1p2qpp/1p2R3/6N1/8/1Q6/PP3PPP/R5K1 b - - 2 17	f7f2 g1h1 f2f1 a1f1 f8f1	701	06101316191n
JgSnH	r1b2rk1/bpp2p1p/p4qp1/8/PP2N3/2P2P1n/2Q2P1P/RNB2R1K b - - 2 16	f6f3	701	0y13141b1c
KOQSd	r4rk1/5pp1/3qp1b1/2p3Pp/1nB4P/2PPQP2/pP2N3/K2R3R b - - 1 28	b4c2	701	1314191b
KwvTk	8/8/1R6/5k2/8/1KP5/8/4r3 b - - 26 72	e1b1 b3c4 b1b6	701	0g0p111m1o1p
L2eII	1N3k2/5p2/1b2pp1p/pp6/1P6/P3P2P/5PP1/5K2 w - - 0 32	b8d7 f8e7 d7b6	701	0g0p0s1o
MtL4Z	3b1k2/pp2qpn1/4p2Q/3pP3/P2P3P/1P2PN2/7K/8 w - - 1 35	h6h8	701	0p13141b
O0dSz	4r1k1/p5b1/Q1pp2p1/7p/3Pq2P/2P1n3/PP3PP1/2K1R2R b - - 1 20	e4c2	701	1314191b
OPy4J	rq2bk1r/p1p1n2p/1p2Bnp1/5p2/PQ1R3P/B1P2P2/6P1/2K3NR w - - 0 18	b4e7	701	1314191b
QXSMm	8/b3kppp/4p3/4N3/8/1P6/4KPPP/8 w - - 2 31	e5c6 e7d6 c6a7	701	010p0s1o
SE515	8/8/6p1/6Bp/3kpP2/6PP/4K3/r7 w - - 0 46	g5f6 d4d5 f6a1	701	0g0p1o1p
XYXEH	r4rk1/1b1q1p1p/p3p3/1pp2p2/1b1PN3/3BP3/PP3PPP/R2Q1RK1 w - - 0 15	e4f6 g8g7 f6d7	701	0g0s191o
XvOIN	r4rk1/ppb4p/5pq1/2p1nN2/2PpP3/3P2P1/PP2QP2/R3R1K1 w - - 1 23	f5e7 g8h8 e7g6	701	010s11191o
apfuA	2rq1rk1/4bp2/p3b1pB/1p1p4/3Q4/8/PP4PP/RN3RK1 w - - 3 22	d4g7	701	1314191b
eFRAz	r4r1k/pp4p1/6Q1/3pP3/5n2/7q/PP4R1/R5K1 w - - 2 33	g6g7	701	1314191b
gkNIZ	6k1/p5pp/4P3/1rbP1B1b/2p2P2/2B5/7P/4RN1K b - - 2 37	h5f3	701	0l111314191b
hro6l	5k2/p3rppp/1p6/8/1P6/P7/r4PPP/3RR1K1 w - - 0 34	d1d8 e7e8 e1e8	701	0p13151m1o
jok70	5n2/8/p1pk1p2/1p2p1p1/1P2P2p/1PPKBP1P/6P1/8 w - - 1 41	e3c5 d6c7 c5f8	701	0g0p111o1p
jrUsg	8/3K4/2p1P3/3k4/5b1p/2P2p2/8/8 w - - 0 60	e6e7 f4e5 e7e8q	701	00080g0p111h1o
ktDb9	8/5p2/k5p1/pp1q4/5p1P/1P1Q4/1BPP4/2K4R b - - 3 33	d5h1 d3f1 h1f1	701	060p0t13151o
mX279	5k2/p3p3/4Pb2/8/1R4R1/5PK1/rpr3P1/8 w - - 0 41	b4b8 c2c8 b8c8	701	0p1113151o
o7IAv	8/1rK5/4p1p1/8/2P3k1/8/8/8 w - - 0 61	c7b7 e6e5 c4c5 g4f3 c5c6 e5e4 c6c7 e4e3 c7c8q	701	000g0p0t1h1l1w
o9qe8	8/8/2p5/2P5/8/Rp6/p1k5/K7 b - - 3 71	b3b2 a1a2 b2b1q	701	000p13151h1m1o
oYYKx	2b5/7p/2k3p1/3N4/4PKP1/8/8/8 w - - 0 52	d5e7 c6d7 e7c8	701	0g0p0s1o
ocpLp	3b3k/7p/r4N2/4Bp2/ppn5/1P4R1/P5PP/6K1 w - - 0 31	g3g8	701	030p1113141b
olSze	r1b1k2r/ppqp1pp1/4p3/1Bb4p/4P1n1/2N2Q1P/PPP2PP1/R1B2RK1 b kq - 4 11	c7h2	701	13141b1c
s3RiU	2r4k/pp4pp/3BQp2/4n2n/5q2/5P2/P3rP1P/3R2RK w - - 0 23	e6c8	701	0t1314191b
thKLe	8/3Q2b1/p5P1/1p2qR2/2k1p3/P7/1P6/K7 b - - 15 57	e5b2	701	0p1113141b
v9vJD	7k/B1R1rnpp/p4b2/1p6/8/1P5P/P5P1/6K1 w - - 0 32	c7c8 f7d8 c8d8 e7e8 d8e8	701	060p101316
xTNPk	1k6/ppp3pp/8/4b3/8/P4Q2/1qP1KPP1/3r4 w - - 0 34	f3f8 d1d8 f8d8	701	0p13151o
xxwIV	2r5/2r2pk1/p3pn1p/1pNp2p1/1P1P4/4PPP1/P1R2K1P/2R5 w - - 2 28	c5e6 f7e6 c2c7 c8c7 c1c7	701	0g0j0p10
z9qo2	r3brk1/6p1/5p2/p2p2n1/1p4NQ/3BP3/PP2NP1P/2R3K1 b - - 0 23	g5f3 g1g2 f3h4	701	010s191o
zY4yK	rn2r2k/1p3pbP/p1p5/3b1B2/3N1PR1/2P3P1/P1Q2P2/4R1K1 b - - 0 26	e8e1 g1h2 e1h1	701	0y1315191d1o
01Vbe	2r5/3Qnk1p/3R4/4B2b/Pp2p3/1P2P3/5PPP/6K1 b - - 4 32	c8c1 d6d1 c1d1 d7d1 h5d1	702	010p0s10
2I4v1	r1n1k2r/1p3p1b/p2qp1p1/3pn3/5Q1N/2N4P/PPP2PP1/2KR1B1R b kq - 3 17	e5d3 d1d3 d6f4	702	0g0j1c1o
4bcYI	rn1qkb1r/p4ppp/4p3/1b2N3/4n3/5Q2/3P1PPP/RNB2RK1 w kq - 0 12	f3f7	702	0413141b1c
65ZuC	8/8/1k6/3K2R1/r3P1P1/8/8/8 b - - 2 64	a4a5 d5e6 a5g5	702	0g0p111m1o1p
7KLSP	1r1r4/pp4k1/3p1qp1/4npp1/3Q4/PP4P1/4PPBP/2R2RK1 b - - 6 24	e5f3 g2f3 f6d4	702	010j191o
7atMh	6r1/2b4k/1p2n3/p1p1p3/P1P1P1Bp/3R1P1P/1R4K1/8 b - - 0 44	e6f4 g2h1 f4d3	702	010p0s1o
8D0AE	r2r2k1/4qpp1/p3p2p/1p6/2nPQ3/P2B1b1P/1P3PP1/2R2RK1 w - - 0 24	e4h7 g8f8 h7h8	702	0y1315191o
96kev	1r6/4NR2/2p1p2k/p7/8/4r3/P2R2P1/K7 b - - 0 36	e3e1 d2d1 e1d1	702	0p13151o
9GqcB	5rk1/1p4p1/1q1p2p1/p3n3/P1rNP3/2P5/1P3R2/1K3R2 w - - 0 36	f2f8 g8h7 f1h1	702	1315191o
9J7Fj	8/4R1R1/5p1p/1p1r4/1Pp4n/7k/8/7K w - - 4 51	e7e3 h4f3 e3f3	702	0g0p111o
9trST	8/5p1k/R4b1p/3p4/5Bnq/1B5P/PPP3P1/4Q2K b - - 0 28	h4e1	702	0t1314191b
BcVbY	r1q2rk1/pp3ppp/3b4/2pp2N1/3P4/P3P3/1PQN1Pb1/R4RK1 w - - 0 16	c2h7	702	0y1314191b
CEikg	3R4/8/2k5/5p2/6p1/2r3P1/6K1/8 w - - 2 49	d8c8 c6d6 c8c3	702	0g0p111m1o1p
F40Lb	5k2/3p4/p4p1N/1p1b4/3B4/1P5P/P4PP1/2n3K1 b - - 2 37	c1e2 g1f1 e2d4	702	0g0p0s1o
F4yDO	3k4/ppq2p1p/2pb4/8/P1nP4/5QP1/1PP2P1P/R4K2 b - - 0 20	c4d2 f1g2 d2f3	702	0g0p0s1o
F5XxY	6k1/2p3pp/1pN5/pn3r2/8/7P/5PP1/R5K1 w - - 0 32	c6e7 g8f7 e7f5	702	010p0s1o
FqlGo	2r3k1/5ppp/3p1q2/1PnPp3/5nQ1/r4N1P/5PP1/3RR1K1 w - - 0 31	g4c8 f6d8 c8d8	702	060t1315191o
KPAlR	6k1/pQp4p/6p1/2p1br1q/2P5/2NR3P/PP4P1/5R1K b - - 0 24	f5f1	702	0t1314191b1f
OFqYV	r1b5/pp4kp/2q1ppr1/8/3Q4/4B3/PPP2PPP/3RR1K1 b - - 1 21	c6g2	702	0y1314191b
QNJKQ	rn1qkb1r/p2bp3/2p2pp1/1p1n3Q/P1pP4/2N1P3/1P3PPP/R1B1KB1R w KQkq - 0 11	h5g6	702	1314191b
SHA17	8/5pk1/4n3/3RP3/3p4/3Pb3/1B2K3/8 b - - 2 42	e6f4 e2f3 f4d5	702	0g0p0s111o
SHwU0	r2q1rk1/2p3pp/p2b1p2/8/8/1P3Q2/PB1R1PPP/R5K1 b - - 0 20	d6h2 g1h2 d8d2	702	010j0y191o
TIuZh	r3nrk1/pp2qppp/2p2n2/5b2/3PN3/3Q1N2/PPB2PPP/R4RK1 w - - 1 15	e4f6 e8f6 d3f5	702	0g0j0y191o
U6cmv	r2q1rk1/1pp1bppp/p2pb3/3n4/2BQP3/1P6/PBP2PPP/2KR3R w - - 0 12	d4g7	702	0y1314191b
Uck0H	4k3/1p3ppp/p1n5/2p5/2q1N3/8/P4PPP/3BK2R w K - 0 26	e4d6 e8d8 d6c4	702	0g0p0s1o
X8UEh	r3k2r/2p3np/p2b4/1ppq1p2/4p1N1/1P2P2P/P1QP1PP1/2R1KR2 w kq - 0 21	g4f6 e8f7 f6d5	702	0g0s191o
ZV310	8/8/8/3nk3/1PK5/6p1/P7/5B2 b - - 3 51	d5e3 c4d3 e3f1	702	0g0p0s11121o
b5GXa	r4rk1/pn3qp1/1p2R1pp/8/4Q3/P7/BP3PPP/R5K1 b - - 2 23	f7f2 g1h1 f2f1 a1f1 f8f1	702	06101316191n
b60dY	8/p7/1p2p1pk/3bQpq1/3Pp3/1PP1P3/P3BP2/2K5 w - - 5 33	e5h8	702	0p1113141b
cj04n	2r2b1k/p4Qpp/4p3/n2p4/3P4/2q5/P4PPP/RRB3K1 b - - 2 21	c3e1	702	1314191b
eeahL	3r2k1/pp3pp1/7p/3PP1b1/2pR4/8/PPP3PP/R5K1 b - - 0 23	g5e3 g1h1 e3d4	702	010p0s1o
fD748	rk4nr/1p1Qp1b1/2n3p1/p1BN2p1/4P2q/P2B4/1PP2P2/R4RK1 b - - 4 21	h4h1	702	1314191b
gs0Re	6k1/R3K3/4P2r/8/8/8/8/8 b - - 3 58	h6h7 e7d6 h7a7	702	0g0p1m1o1p
jM8nL	8/6pk/1p4Q1/1P1P1P2/1P5p/4p1qP/6P1/7K b - - 1 40	g3g6 f5g6 h7g6	702	0g0p1i1o
jmBFm	2r1r1k1/pb2qpp1/4p3/3n2N1/3P4/2p4P/PPQ1BP2/2KR2R1 w - - 0 23	c2h7 g8f8 h7h8	702	0y1315191o
jywyz	1r2k2r/3p1pqp/B1p1p1p1/p1B1Q2n/4P3/2P5/P1P2PPP/4K2R w Kk - 0 19	e5b8	702	1314191b
kNavu	2k2b1r/ppp1pppp/2n5/q2r4/5Bb1/2N5/PPP1NPPP/R2QK2R w KQ - 0 10	d1d5 a5d5 c3d5	702	0g191o
lS4As	5rk1/5ppp/5b2/8/1p6/1P5P/K1P3P1/4QB1R b - - 0 28	f8a8 f1a6 a8a6 a2b1 a6a1	702	0p1013161d
mvT1M	6k1/2nr1p1p/2r1p1p1/1p6/2p1NP2/P7/6PP/1R2R2K w - - 4 33	e4f6 g8g7 f6d7	702	010p0s1o
o81id	8/r2k1ppp/P2p4/2n1p3/8/2P1P3/1R3KPP/R7 b - - 6 28	c5d3 f2e2 d3b2	702	0g0p0s111o
oIZWA	6nk/p5pp/1r5N/5p2/3P2P1/2p4P/P4P2/5K1R w - - 0 38	h6f7	702	0p13141b1q
oYJfw	8/5k1p/7K/6P1/1R6/8/6r1/8 b - - 0 39	g2h2 b4h4 h2h4	702	0p13151m1o
ppWQ9	4k2r/p2p1p1b/1pr1p2p/q7/5N1p/B1b2P2/PP1Q2P1/2KR3R w k - 0 25	d2d7	702	111314191b
q2zNw	r4bk1/5bpp/3P1p2/P1Q1p3/1nP1P3/5P1P/5KPN/1R6 b - - 0 38	b4d3 f2g3 d3c5	702	010s191o
vF2Ql	r2qr1nk/pp1n1ppb/2pbp2p/4N3/2PP1P2/1B2B1NP/PP4P1/R2QR1K1 w - - 3 16	e5f7	702	0y13141b1c1q
vw5LW	5k2/R7/5Kp1/p4p1p/r6P/1r4P1/8/8 w - - 0 57	a7a8 b3b8 a8b8	702	0p13151m1o
1pRfd	r1b1n1k1/pp4p1/2npp3/5q2/5P2/2PQ4/PB2R1PP/5RK1 w - - 6 21	d3f5 e6f5 e2e8	703	010y191o
5SvTF	2kr4/1bP3pp/1B6/1P6/4p3/3p2P1/4P2P/6K1 w - - 0 37	c7d8q	703	000p1113141b1h
5zgYP	rn2r1k1/ppp2p1p/6pB/4Q3/1P6/3R4/1PK2PPP/1q6 w - - 2 19	c2b1 e8e5 d3d8 e5e8 d8e8	703	0y101316191f
CcHuK	2r3k1/pp3pbp/6p1/3Np3/3nP3/1P6/P2r1PPP/1R1B1RK1 w - - 1 19	d5e7 g8f8 e7c8	703	010s11191o
Chzvy	r1bq2rk/pnp1b1pp/1p5N/5p2/1P1PpB1P/2P5/P2N2P1/2KR3R w - - 0 19	h6f7	703	1314191b1q
D6zFD	r1b1k2r/1pqpbpp1/p1N1p3/7p/4P1n1/2PBB2P/PP1N1PP1/R2Q1RK1 b kq - 0 11	c7h2	703	13141b1c
DVdoZ	8/ppp2k2/5p2/8/3P2p1/P1PN2n1/1P1B3K/8 b - - 0 32	g3f1 h2g2 f1d2	703	010p0s111o
EZrEP	6rk/4Qp1p/8/p1ppP3/8/5N2/PPq3PK/5R1R b - - 4 27	c2g2	703	0p13141b
EimZi	8/1q5k/1p4p1/5p2/7P/4Q1PK/P7/8 b - - 6 49	b7h1	703	0p13141b1i
FNfst	r2r2k1/p3b2p/1p3pp1/4p3/P7/4R2Q/5PPP/2B3K1 b - - 0 27	d8d1 e3e1 d1e1	703	060p0s13151o
G2vIO	8/8/6kp/p1P2rp1/R2K4/P4P1P/6P1/8 b - - 0 48	f5f4 d4c3 f4a4	703	0g0p1m1o1p
IzjxA	8/p3p3/1p2P2k/2p1BPp1/6P1/1qPn2K1/4R3/8 w - - 0 37	e2h2	703	0p1113141b1f
LFX5Q	5rk1/p4qpp/8/2ppR3/8/1P1Q4/P1P2PPP/6K1 b - - 2 25	f7f2 g1h1 f2f1 d3f1 f8f1	703	060p101316
NVTYf	8/p7/1p1k3p/3pnP1P/5K2/2P5/P7/4R3 b - - 2 41	e5d3 f4f3 d3e1	703	0g0p0s1o
Nuxbj	5rk1/1p4bp/p1p1p1p1/2PpP3/1P1N4/P2R2QP/5qP1/6K1 w - - 0 28	g3f2 f8f2 g1f2	703	0g0p1o
PNzWv	1kr2r2/pp4pp/3q4/8/n5B1/8/1PQ2PPP/2R3K1 w - - 0 28	c2c8 f8c8 c1c8	703	1315191d1o
R0UJj	5k2/3Q1pp1/2p4p/pp1p4/3P4/2q4P/P4PPK/8 w - - 0 36	d7d8	703	0p13141b1i
Ref6a	r4rk1/p4ppp/bqp5/8/4Q3/3B4/P1P3PP/R4R1K w - - 3 18	e4h7	703	1314191b
SkhSo	1r1r2k1/p4pp1/1p4q1/3B2Pp/2P1pP2/1QP4b/P2R4/3R2K1 w - - 0 28	d5f7 g6f7 d2d8 b8d8 d1d8	703	010j0y1019
Slq4f	1r2r1k1/7p/2p1b3/R1PpP1p1/3Q1p1q/1P3P2/1P2N1PP/4R1K1 b - - 0 28	h4e1	703	0t0y1314191b
TBLLw	8/3b4/7p/5p2/1Pk2p2/3NpP1P/2K3P1/8 w - - 1 53	d3e5 c4d5 e5d7	703	0g0p0s111o
TC3dM	8/1pp2k2/1p1p3p/6p1/3P1nP1/P4PK1/1P4P1/2R5 b - - 5 41	f4e2 g3f2 e2c1	703	0g0p0s1o
TZzzl	2r1r3/p3k1pQ/1p1qNpBp/3Pb2P/1Pb3P1/P7/6K1/2R4R w - - 8 35	h7g7	703	0q1314191b
WhMIm	3QB3/6pp/2R2p1n/4p3/4P2P/r5Pk/5P2/6K1 b - - 0 44	a3a1 c6c1 a1c1 d8d1 c1d1	703	0p101316
WpAl7	1r6/p4kpp/2p5/5N2/2r2P2/8/2P3PP/2K4R w - - 0 25	f5d6 f7f6 d6c4	703	0g0p0s1o
b8HGl	N6r/3k2pp/1p6/p1b1p3/4n3/1Q1P4/PPP3PP/R4K2 b - - 1 20	e4d2 f1e1 d2b3	703	010p0s1o
crUzb	r4rk1/ppp3pp/3bp3/4N3/3PR3/8/PPP2qPP/R1BQ3K b - - 4 18	f2f1 d1f1 f8f1	703	061315191o
dY90k	8/pp4k1/5b2/2Pp2q1/1P1Np3/P3P2p/5P2/4QK2 w - - 2 36	d4e6 g7h6 e6g5	703	0g0p0s1o
eWrzL	r3r1k1/pp3ppp/2p3n1/2n3Q1/3pb1PP/PPN5/1P2BR2/2KR4 b - - 0 24	c5b3	703	1314191b1k
fllOi	rnb1k1nr/pppp1ppp/5q2/2b5/2B1P3/2P5/PP1N1PPP/R1BQK1NR b KQkq - 4 6	f6f2	703	0413141b1c
i0Fvi	r4k2/p2R2p1/5pb1/1p3q2/2p5/2N4Q/PPP3PP/2K5 w - - 0 31	h3h8	703	0p13141b
kaKk4	8/1p6/2pk4/4n1P1/8/4R3/6PK/8 b - - 4 47	e5g4 h2g3 g4e3	703	0g0p0s1o
oX1A8	2r5/3q1rk1/p2p2p1/3Np1b1/n1p1P3/P4P2/1PP4Q/K6R w - - 0 30	h2h7 g7f8 h7h8	703	1315191o
pQtcV	6rk/R3R3/7K/4P2p/4bn2/8/8/8 w - - 3 44	e7h7 e4h7 a7h7	703	0p13151n1o
psfv1	k3r3/pp5q/2b5/4QP2/8/2P5/PP4P1/2KR4 w - - 1 31	e5e8 c6e8 d1d8	703	060p13151n1o
shr0Y	8/p1r1k1pp/n3p3/2N2p2/1P6/P5P1/5P1P/2RK4 w - - 4 31	c5a6 c7c1 d1c1	703	0g0p0t1o
tef7h	r1bq1rk1/pppp1ppp/2n5/4P1n1/7Q/3BPN2/PPP3PP/RN2K2R b KQ - 6 9	g5f3 g2f3 d8h4	703	0g0j1c1o
urAgu	r3k1nr/1pBb1ppp/p1Pb4/4q3/4P3/8/PPP2PPP/RN1Q1RK1 b kq - 0 11	e5h2	703	0y13141b1c
vkebV	8/5Rpp/R2bB2k/5P2/6KP/6P1/Pr4b1/8 b - - 2 37	b2b4 e6c4 b4c4	703	0p13151f1o
wmIX4	2r3k1/1p2pp1p/6p1/3N3n/8/4P3/1b2NPPP/5RK1 w - - 0 24	d5e7 g8f8 e7c8	703	0g0p0s1o
z9BUd	r1b2r2/ppppNppk/3n4/8/3Q4/5qP1/PPP2P1P/2KR2R1 w - - 0 17	d4h4 f3h5 h4h5	703	021315191o
3KNmM	1rr3k1/3qbppp/4p3/8/2pP4/1Q2B3/5PPP/RR4K1 w - - 0 21	b3b8 c8b8 b1b8	704	0111191o
3tPCF	2r1r1k1/1R3pp1/7p/pbP5/2R2Q2/P2p4/5PPP/6K1 b - - 0 27	e8e1	704	060p1113141b
4UVMc	r1b2rk1/5pp1/2p1pb2/q1Pp4/N4P2/4P2R/P1Q3PP/2R3K1 w - - 0 26	c2h7	704	1314191b
55cPa	r3kb1r/1pqnppp1/p5p1/3B4/2P5/8/PP3PPP/R1BQ1RK1 b kq - 0 14	c7h2	704	0y1314191b
8rmSh	3r4/p1knRR1p/2p1p3/q1PpP2B/1r1P4/8/P2QN1PP/6K1 b - - 4 22	b4b1 d2c1 b1c1 e2c1 a5e1	704	011019
9SK8Z	6k1/bpp2ppp/6N1/p2p3r/1PP5/P3Pb2/4BP2/R2QR1K1 b - - 0 23	h5h1	704	111314191b1d
9u47h	r3k2r/1p4pp/1qp1p1p1/p5P1/1b1PP3/2P5/P1PQ4/2KR1BNR b kq - 0 17	b4a3	704	1314191b
CBKt8	5rk1/pp4p1/2p4p/7Q/8/1PP5/P2r2PP/5R1K b - - 0 27	f8f1	704	0p13141b1j
DjCKV	rnb1k1nr/ppp2ppp/1q6/2b1p3/4PP2/2N3P1/PP1PN2P/R1BQKB1R b KQkq - 0 8	c5f2	704	13141b1c
EjvkE	1r4k1/pp2brp1/8/3QP3/3P4/1N1qP3/P5RP/5RK1 b - - 2 29	d3f1	704	1314191b
FpMsM	7k/pp4p1/8/7r/Q7/1KP1P2P/PP1q4/8 w - - 0 36	a4e8 h8h7 e8h5	704	010p0s1o
Frvsq	2r1r1k1/5p1p/p2pp2Q/1p2n1P1/4NP2/1B2q3/PPP5/1K4NR b - - 0 25	e3e1	704	1314191b
HkjjZ	N6r/pp1bkp2/3p2p1/4p3/P1B1P2q/3P1PR1/1PP4P/R1Q4K b - - 0 18	h4h2	704	0y1314191b
IyvXp	1k3r2/2p2pp1/p3p3/3nN3/PP6/2r2P2/6P1/1R2R1K1 w - - 5 27	e5d7 b8c8 d7f8	704	0g0p0s1o
Jg9UW	1k1r1b1r/pppnqpp1/3p3p/1PnPp3/1QP1P3/2N1BB1P/P4PP1/R3K2R b KQ - 2 16	c5d3 e1d2 d3b4	704	0g0s191o
K6TqV	r1b3k1/p4ppN/1ppqp3/3p4/3P4/P1P1P2P/1P2BPP1/R2Q1nK1 b - - 0 15	d6h2 g1f1 h2h1	704	0y1315191n1o
KHhjq	2r3k1/5ppp/2Np4/1p6/6P1/2P5/r5PP/5RK1 w - - 1 21	c6e7 g8f8 e7c8	704	010p0s1o
Lt3bO	4R3/3n1k2/pp3pq1/7p/7Q/6B1/PP3PPP/6K1 b - - 0 25	g6b1 e8e1 b1e1	704	0p13151o
OKGhq	1k5r/p1p1qp2/2p2n2/7p/P2NP1p1/4B3/1PPN1PP1/R4K2 w - - 2 18	d4c6 b8a8 c6e7	704	0g0s191o
QZCyP	2k5/p1pb3r/1p3p2/3R4/6Pr/2P1BP2/PP4P1/R5K1 b - - 0 28	h4h1 g1f2 h1a1	704	010p1o1p
SeYyt	7R/8/2k5/8/5P2/7K/8/2r5 b - - 2 56	c1h1 h3g4 h1h8	704	0g0p111m1o1p
SogBT	8/r7/3p2k1/6B1/3P4/2n5/5PP1/2R3K1 b - - 2 37	c3e2 g1f1 e2c1	704	0g0p0s111o
UX5za	2k3r1/1pp2p1p/p1pP1Q2/8/8/5P1q/PPP2P1P/RNB2R1K b - - 0 14	h3f1	704	0t0y1314191b
X6ptV	5k2/1b3p2/pN5p/3pb1p1/1n6/1P4NP/5PP1/1B2K3 w - - 6 36	b6d7 f8e7 d7e5	704	010p0s1o
aYaI8	3qn2k/1n3rpp/2r2b1N/ppp1pP2/4P3/1PP1B2P/P1B2P2/R3K1R1 w Q - 0 24	h6f7 h8g8 f7d8	704	0g0s191o
gLJ2S	8/4k3/3pP1p1/p2P1p1p/1p1K3P/1Pr5/P1R5/8 w - - 2 47	c2c3 b4c3 d4c3	704	0g0p111m1o
iRksQ	8/8/7p/4p1p1/5pP1/R4P2/3k3r/5K2 w - - 12 55	a3a2 d2e3 a2h2	704	0g0p1m1o1p
icG2J	r2qnrk1/3pbppp/p1b1p3/np2P3/8/P1NQ1N2/1B3PPP/1BRR2K1 w - - 3 16	d3h7	704	0y13141b1c
jiBpc	8/2n4p/4k3/2Pp1pp1/2bK4/5B2/3B1PPP/8 b - - 7 39	c7b5 d4e3 d5d4	704	0p13151o
opbFA	rnb2k1r/pp2npp1/6qp/1B1QP3/8/5N2/PP3PPP/R3K2R w KQ - 0 14	d5d8	704	1314191b
qhPni	8/8/3p3k/3Pp1p1/4P2p/4r3/5NK1/8 w - - 0 55	f2g4 h6h5 g4e3	704	0g0p0s1o
qizTW	4k3/R3n1p1/4p3/4P3/3K1P2/8/8/8 b - - 28 63	e7c6 d4c5 c6a7	704	0g0p0s111o
rDjCO	4Qb1k/8/1n6/p2pP1NN/Pp1P1P2/1P2q3/1Br5/5K2 w - - 3 41	e8f8	704	0t1314191b
rm3xg	r3k2r/1bqp1pp1/ppN1p3/7p/1bP3n1/1P2PB1P/PB1N1PP1/R2Q1RK1 b kq - 0 13	c7h2	704	1314191b
sEfF5	6k1/p3Rr1p/6p1/8/2PRN3/1P6/P3r1PP/6K1 b - - 0 34	e2e1	704	0p13141b
sqhW9	r7/Pb2kp2/1P2p1p1/3p3p/1r6/7P/5PP1/R1R3K1 w - - 3 37	c1c7 e7d6 c7b7	704	0g0p0s1o
tTYeX	6k1/2p3p1/8/Q2p1b1p/3P3P/1P2q3/P4rP1/K1R2B1R b - - 7 26	e3c1	704	0t1314191b
whTaU	4r1k1/1pp1rpp1/p2p3p/3PnN2/8/7P/PPP1RPP1/4R1K1 b - - 6 21	e5f3 g2f3 e7e2 e1e2 e8e2	704	0g0j0p0y10
ye1qm	rn2r1k1/ppp2ppp/8/1Q1q4/4b3/3B1N2/PPP2PPP/2KR3R w - - 0 13	b5e8	704	0t0y111314191b
z4E7Q	r2r2k1/5p2/p5p1/1p2PpP1/5P2/P4K2/1P5R/7R w - - 0 37	h2h8 g8g7 h1h7	704	090p13151m1o
3iM0A	4k3/pp4p1/2pQ1P2/2PpB2b/8/b2P2p1/6P1/4KR2 b - - 0 35	a3b4 e5c3 b4c3	705	0p13151o
4N8U8	6k1/2p2p1p/4r1p1/2ppB1Q1/1p2bP2/4P2P/2q3P1/5RK1 w - - 1 30	g5d8 e6e8 d8e8	705	0p13151o
5Vux1	4r1k1/2q1r2p/1p4p1/p1ppb1N1/P6Q/2P4P/1P3PP1/4RRK1 b - - 1 27	e5h2 g1h1 e7e1	705	0g0j0y191o
6rBTD	5rk1/p3qpp1/P1N1pb1p/1r1p4/3P4/1Q4P1/R4P1P/4RBK1 b - - 0 25	b5b3 c6e7 f6e7	705	01191o
7Kvi7	3q3r/5pk1/B3p3/7p/1P1p4/P2Q1P2/2RB1pPK/8 b - - 0 35	d8h4	705	0p13141b
7S1nb	8/p2R4/1p1p4/2pPp2k/4Pp2/5P2/7r/5K2 w - - 0 42	d7h7 h5g5 h7h2	705	0g0p1m1o1p
7jh9z	6k1/5p2/3pp1pK/Q5rp/5q2/8/8/8 w - - 0 43	a5a8	705	0p13141b
7qhPA	Q7/3kpp2/p1ppb3/q7/4P1n1/2b3B1/PPP2PP1/1K1R1B2 b - - 0 19	a5a2 b1c1 a2b2	705	1315191k1o
BIeye	r7/8/1R2pkp1/p6p/1p1P1P2/2n1P1P1/P6P/2R3K1 b - - 1 31	c3e2 g1f2 e2c1	705	0g0p0s1o
C3nfk	2kr4/1p3pp1/4p2p/8/3PpQP1/3qP2P/1R6/1K6 w - - 1 30	b2c2 d3c2 b1c2	705	0g0p111o
CO0Hc	1r6/4kpp1/4p2p/1p1pP3/1PnNnP2/3R3P/6P1/2B3K1 w - - 15 38	d4c6 e7d7 c6b8	705	010p0s1o
EWL1m	8/pp5p/8/2Ppk3/1R3n2/1P6/P4K1P/8 b - - 8 34	f4d3 f2g3 d3b4	705	0g0p0s1o
Ed96H	r4rk1/p4ppp/q1R1p3/3pP3/3P1P2/4nN2/2Q3PP/4BRK1 b - - 0 22	a6f1	705	0y1314191b
FuTtv	1N6/4k3/3pp1b1/7p/3bP3/1B3K1P/2P5/8 w - - 17 43	b8c6 e7f6 c6d4	705	0g0p0s11121o
GX0ZO	r1br2k1/ppq2ppp/8/8/6n1/1N2BP2/P1P1Q1PP/R4RK1 b - - 0 19	c7h2	705	0y111314191b
HCFsM	8/5kp1/N5bp/8/1P3p2/2P1p2P/6P1/4BK2 b - - 0 40	g6d3 f1g1 d3a6	705	010p0s1o
HV1CX	8/pp3Qbp/6pk/7q/2B1R3/3KR3/P5P1/8 b - - 9 40	h5d1	705	0p13141b
JtVUw	2r5/6bk/6p1/4p2p/4P2P/P5N1/1PpB1n2/2K2R2 b - - 5 38	f2d3	705	0p1113141b
LxUnJ	4r1k1/6p1/1p2r2p/p1pNnR2/8/1P1P3P/P1P3P1/4R1K1 b - - 0 30	e5f3 f5f3 e6e1	705	010j0p1o
StioU	8/2k3r1/R1p1pp2/P2p4/5P2/7p/3K4/8 w - - 0 34	a6a7 c7d6 a7g7	705	0g0p1m1o1p
VOglK	2k3r1/pbp5/1p1p4/1P3NBp/P1P2Pp1/3P4/5K1P/8 w - - 7 35	f5e7 c8d7 e7g8	705	0g0p0s1o
WHl8m	8/8/7K/8/6k1/6Pp/7P/8 b - - 0 46	g4f3 h6g7 f3g2 g3g4 g2h2	705	0g0p101e
WVvMR	2b1k2r/4pp1p/p2p2p1/3P4/1R6/4PP2/1b2B2P/4K2R b Kk - 0 21	b2c3 e1f2 c3b4	705	0g0p0s1o
YbOWM	1rb2rk1/1p1n1pb1/p2p2pp/2pP4/P4Pn1/2NB1N2/1P3BPP/1R1QR2K b - - 0 17	g4f2 h1g1 f2d1	705	010s191o
ZARHh	1r4k1/R1pq1p1p/4p1pb/1r6/2nPN3/2P3P1/2Q1RPBP/6K1 w - - 5 23	e4f6 g8g7 f6d7	705	0g0s191o
ZDDPw	8/6b1/1p4p1/p1k2p1p/P4N2/1PP2K1P/6P1/8 w - - 9 40	f4e6 c5d6 e6g7	705	0g0p0s111o
ZQFpj	3r1k2/p5pp/Q1p2p2/2P1q3/1P1pr3/P5P1/3R1PP1/3R2K1 b - - 10 28	e4e1 a6f1 e1f1	705	0g0p0y1o
bR54N	r1b4r/p1kp3p/2p2p2/8/2PB1n2/8/P1B2PPP/R4RK1 b - - 4 21	f4e2 g1h1 e2d4	705	0g0s191o
bo42Y	r1b2rk1/p2pQ2p/1p1B1pp1/6b1/3N3P/8/PPPR2q1/2K5 w - - 0 24	e7f8	705	0y1314191b
c9idZ	4r1k1/5ppp/p3q3/1p1Q4/8/1Pb2B2/P1P3PP/3R3K b - - 2 24	e6e1 d1e1 e8e1	705	060p13151n1o
ch1dH	2kr3r/3nbpp1/p1p1pnp1/2Pp4/1P1P1BP1/4PP1P/1P1N4/4KB1R w K - 0 18	f1a6	705	0a1314191b1k
dV1je	2kr2r1/B1pbqp2/p2b1n1p/3Pp1p1/4P3/P1N5/1PP1BP1P/1K1R2R1 w - - 0 18	e2a6	705	0l1314191b1k
fTTdo	3r2k1/2p2p1p/6p1/1p1qp3/1Pn1N3/2Q4P/2P2PP1/1R4K1 w - - 4 26	e4f6 g8f8 f6d5	705	010p0s1o
fag91	8/1r3k2/2R5/5p2/p2P1RpP/P1P3n1/1P6/2K5 b - - 1 41	g3e2 c1d1 e2f4	705	0g0p0s1o
ia67O	r2q1bkr/ppp1p1pp/1nn5/6N1/3P1pQ1/8/PPP2PPP/RN2K2R w KQ - 0 11	g4e6	705	13141b1c
jFfqG	1r2q1r1/p2n3k/2ppp1p1/2p1b1Qp/4PB2/3P2RP/PPP1N1P1/1R4K1 w - - 4 21	g5h6	705	1314191b
mkwr0	8/8/8/6k1/8/4K2R/2r5/8 b - - 0 61	c2c3 e3d4 c3h3	705	0g0p1m1o1p
mvzuG	5k2/pp2r2Q/2pq2P1/3p2p1/3Pp3/1BP3b1/Pr6/6K1 w - - 0 36	h7h8	705	0p13141b
nBHIE	6R1/8/3k4/8/6P1/2pr4/6K1/8 w - - 0 54	g8d8 d6c5 d8d3	705	0g0p111m1o1p
nw1zV	8/4r3/5p1k/1R6/6pN/6P1/r4PK1/8 w - - 4 56	h4f5 h6h7 f5e7	705	0g0p0s1o
pzeLV	4rk2/2q3p1/bp2pNQp/p2pP3/3P3P/P5P1/1P3P2/6K1 w - - 2 30	g6e8	705	0p1113141b
q0okX	3rk2r/1p3pp1/p4n1p/2b1N3/2P3b1/8/PPP2PPP/RNB1K2R b KQk - 0 14	d8d1	705	1314191b1d
rLsJa	rn1qk2r/3bnpbp/3pp1p1/2p2P2/1p2P1PP/pP1PBN2/P1PQB3/1NKR3R b kq - 0 14	g7b2	705	1314191b
vJoii	r1b2rk1/pppp1ppp/8/3q4/8/P2B2P1/1PP2P1P/R2Q1RK1 w - - 0 16	d3h7 g8h7 d1d5	705	010j0y191o
zH3uD	8/8/4k2r/3p4/8/3p4/R6P/4K3 w - - 0 49	a2a6 e6f5 a6h6	705	0g0p1m1o1p
4leN1	6r1/8/8/5p2/4p1k1/1R6/5P1K/8 w - - 4 51	b3g3 g4f4 g3g8	706	0g0p1m1o1p
4mITJ	6k1/2q2pp1/p3pn1p/1p6/1n1QB2P/1P2P3/Pr3PP1/3R2K1 w - - 0 31	d4d8 c7d8 d1d8 f6e8 d8e8	706	0y101316191f
4so0p	8/pp4k1/5ppp/2Np4/3r4/6KP/PP3PP1/8 w - - 0 32	c5e6 g7f7 e6d4	706	010p0s1o
5cla2	7R/pk4p1/2p5/8/r7/2KN4/5P2/6r1 w - - 2 47	d3c5 b7c7 c5a4	706	010p0s111o
6kvi3	r1b1k2r/pppp1ppp/3b2n1/3Qq3/2B1P3/2N5/PPP2PPP/R1B2RK1 b kq - 8 10	e5h2	706	0y13141b1c
7TYRd	r5k1/p1q2ppp/3b3B/3p4/4p1Q1/2P2NP1/PP2bP2/R5K1 w - - 0 23	g4g7	706	0y1314191b
7Y2lO	r1b2rk1/5ppp/n1p5/pp1p4/3q1PP1/2NB4/PPPQ3P/2K2R1R w - - 1 20	d3h7 g8h7 d2d4	706	0g0j0y191o
8G8Pn	rn1qr1nk/pbp1p1bp/1p4pN/8/8/6P1/PPPN1PBP/R1B2RK1 w - - 0 18	h6f7	706	13141b1c1q
8i7eu	3k1r2/pp2r3/7p/3P2p1/1PPb2Q1/P7/6PP/5R1K b - - 0 30	f8f1	706	060p13141b
8n2yj	6k1/5ppp/4pq2/8/1Q6/1Pr5/r4PPP/5RK1 w - - 0 27	b4b8 c3c8 b8c8 f6d8 c8d8	706	060p101316
Cas0o	8/4kp1p/6p1/8/1r1Nn1P1/1p2P2P/1R2KP2/8 w - - 8 48	d4c6 e7e6 c6b4	706	0g0p0s1o
ClQsH	8/8/3k4/p5p1/P1bK4/6P1/8/8 w - - 0 56	d4c4 g5g4 c4b5 d6d5 b5a5	706	0g0p1011
DK5U7	1r6/R5p1/3P1pk1/2B4p/pn5P/5PP1/5K2/8 b - - 1 46	b4d3 f2e3 d3c5	706	010p0s1o
Emo1W	1k6/pp3p2/2p1pQ1p/2P2r2/8/4q1P1/P4R1P/6K1 w - - 4 28	f6d8	706	0p13141b
EumVF	4rr2/ppp4k/7p/3PN2P/2PB4/5R2/PPq5/1K6 w - - 0 33	b1c2 f8f3 e5f3	706	0g0p111o
FiLDE	1r1k1bnq/p1pp1Q2/1p2p3/n7/4N3/1P2P1P1/P1PP1RpP/R5K1 w - - 0 19	f7f8	706	0t1314191b
HK1Or	3b4/8/8/4P2k/1B3p1p/5P1K/8/8 w - - 0 54	e5e6 h5g6 e6e7 d8e7 b4e7	706	00080g0p10
I3ZFH	2k5/pp6/2p1r3/2P1P1p1/1P6/3R1p1n/P6P/4R2K b - - 5 37	h3f2 h1g1 f2d3	706	010p0s111o
KdjBj	6k1/6p1/prN4p/5q2/1p6/1P1p3P/P2B1PP1/2R3K1 w - - 0 32	c6e7 g8h7 e7f5	706	0g0p0s1o
M8kDb	8/7p/7P/8/1r2k3/3p2R1/6P1/3K4 w - - 0 42	g3g4 e4f5 g4b4	706	0g0p1m1o1p
NH1F5	2r3k1/5p2/2B3p1/1P5p/P3p3/3nb1P1/2R3KP/B7 b - - 1 44	d3e1 g2h3 e1c2	706	010p0s1o
NIeee	5k2/5pp1/p4b1p/2p5/2B5/P7/2Pr2bP/1Q2R1K1 b - - 1 24	f6d4 e1e3 d4e3	706	0p13151a1o
NdQUm	3rR3/p5kp/1pp3p1/5bp1/P7/1B6/1PP2PPP/3R2K1 b - - 0 22	d8d1 e8e1 d1e1	706	060p0t13151o
P36zb	8/8/8/5p2/1pP5/1Pk2K2/8/8 w - - 4 58	c4c5 c3b3 c5c6	706	0g0p11121e1l1o
POPGH	1k6/ppp2p2/2q4p/3b2p1/1P6/B4PP1/1QBrnRKP/8 w - - 3 25	b2h8 c6e8 h8e8	706	061315191o
QCRaA	r7/1Q6/p3pkp1/1p3p2/8/1B6/P1P1nPPK/1R3R2 b - - 0 28	a8h8 b7h7 h8h7	706	020p13151o
RqClh	r1b2rk1/4ppbp/p2q2p1/1p1Q4/1N2P1n1/2P1B3/PPB2PPP/RN3RK1 b - - 0 13	d6h2	706	0y1314191b
TOvLb	7k/ppn5/8/1P1pr1B1/P1pb2P1/4R3/2B2K1P/8 w - - 4 37	g5f6 h8g8 f6e5	706	0g0p0s1o
TPkQl	6k1/6p1/p3pb2/P6p/1pNP2n1/3R4/1P6/7K b - - 4 41	g4f2 h1g2 f2d3	706	0g0p0s111o
U2Two	r1b1r1k1/ppp2pp1/7p/2bq4/8/2PB2BP/P1P2PP1/R2Q1K1R w - - 1 17	d3h7 g8h7 d1d5	706	0g0j191o
UVDkK	2k3r1/p1p2p1p/1p2n3/3b2q1/3PP3/1P6/P2N1PPP/R2Q1RK1 b - - 0 18	g5g2	706	0y1314191b
UvpqB	7k/2R1B1bp/pq4p1/3p4/8/5P2/P3Q1PP/7K b - - 0 29	b6b1 c7c1 b1c1 e2d1 c1d1	706	060p101316
VRugu	4r1k1/1p2rp2/p5pp/2PN1n2/NP6/P3b2P/1R4P1/5R1K b - - 7 37	f5g3 h1h2 g3f1	706	0g0s11191o
YIjL7	8/8/6p1/p6p/1kPK1P1P/6P1/8/8 b - - 1 56	a5a4 d4d5 a4a3 c4c5 a3a2 c5c6 a2a1q	706	000g0p1e1h1l1w
YR6Mu	rn3rk1/p1p2ppp/1p2p3/4P3/2Pq4/3B4/PP1Q1P1P/R3K2R w KQ - 0 14	d3h7 g8h7 d2d4	706	0g0j0y191o
YixOa	8/8/6bP/8/2kp4/1p3N2/3K4/8 w - - 0 70	f3e5 c4d5 e5g6	706	0g0p0s1o
YuSke	6k1/5pp1/p2p4/2pPr1p1/1p2B1QP/1Pq2P2/P1P5/2K5 w - - 0 30	g4c8 e5e8 c8e8	706	0p13151o
Z3cXU	8/8/4k1p1/1p1p4/1B1P1K1P/8/P4n2/8 b - - 4 44	f2d3 f4g5 d3b4	706	0g0p0s111o
ai6Hf	8/p3q1pk/2p4p/3p4/2p2Q2/P1P2P2/1P1R1KPP/r7 b - - 0 33	e7e1	706	0n0p13141b
aqMgZ	5rk1/ppp5/3p1qpp/3Pp3/2P2r1P/6R1/PP1NQPK1/7R b - - 1 24	f4f2 e2f2 f6f2	706	0g0s11191o
bgMgN	8/p5r1/8/1p6/6k1/8/P1K5/5R2 w - - 0 54	f1g1 g4f3 g1g7	706	0g0p111m1o1p
bqb3B	4r2k/ppp1r1pp/6q1/5p1b/2BP1p2/2PQ1P1P/PP3NP1/R3R2K b - - 1 22	e7e1 a1e1 e8e1	706	0g0y191o
d9PIa	8/2k4P/8/8/5P2/8/pR3P2/7K b - - 0 44	a2a1q h1g2 a1b2	706	000g0p0s111h1o
d9r0q	8/5k2/3b1p1p/8/4p3/4PbP1/3K1P1P/1r3BR1 w - - 0 29	f1c4 f7e7 g1b1	706	010j0p1o
fDTtR	6R1/pk5p/1p6/4R3/8/1P3q2/5PPP/6K1 b - - 0 34	f3d1 e5e1 d1e1	706	0p13151j1o
fjeom	r4rk1/pppb2p1/1b2p1Q1/3pB3/3P4/3KP1P1/PP3q2/R1R5 w - - 2 22	g6g7	706	0y1314191b
iFGxp	5k2/2q2pp1/1p3b1p/pBp4P/P3Q3/2P3P1/1P3PK1/8 w - - 0 38	e4e8	706	0p111213141b1r
ig5BH	8/4k3/1K6/P1P4p/1n2b3/4R3/8/8 b - - 5 45	b4d5 b6b5 d5e3	706	0g0p0s1o
kYg0u	3R1Q2/4qpk1/4p2p/6p1/3p4/2r2P1P/5PK1/5B2 b - - 0 47	e7f8 d8f8 g7f8	706	0g0p111o
nq4Pu	r5k1/p4ppp/2R1r3/3p4/Q2P1q2/4b3/PP3PP1/2R4K w - - 1 22	c6c8 a8c8 c1c8 e6e8 c8e8	706	0610131619
oLX2c	b2rR3/p1k3pp/5p2/5N2/1R6/P1P5/5PPP/6K1 b - - 0 30	d8d1 e8e1 d1e1	706	0p13151o
ovaNa	8/8/4p3/2kn1p2/1p6/5P2/4K3/3R4 b - - 3 58	d5c3 e2d2 c3d1	706	0g0p0s1o
rO9Wg	1b2rrk1/pp3pp1/2pqN2p/3n4/3P4/3B1Q1P/PP3PP1/R1B2RK1 b - - 0 16	d6h2	706	13141b1c
rqTt8	7k/pR4rp/1p6/2p5/6n1/1BP5/PP4PP/1q4BK w - - 0 29	b7b8 g7g8 b8g8	706	0p13151d1o
uUqNp	2r3k1/3pqppp/1p2p3/pP2N3/1p1P4/1QnBP2P/5PP1/2R3K1 b - - 4 21	c3e2 d3e2 c8c1	706	010j191o
vEEnn	8/b7/P5p1/3kpp1p/R1n5/2PK2PP/5P2/8 b - - 1 44	c4b2 d3c2 b2a4	706	0g0p0s1o
vxD9g	8/8/7R/5p2/1r3k2/8/6KP/8 w - - 0 46	h6h4 f4g5 h4b4	706	0g0p111m1o1p
xFISf	3rkr2/6RR/2p1K3/pp1nP3/8/8/1P6/8 w - - 0 35	g7e7 d5e7 h7e7	706	0p0q13151n1o
xxhoc	r1b1RQ2/p4prk/2p5/3p3B/5P2/P7/2q3PP/5R1K b - - 5 27	c2g2	706	1314191b
zb3ZA	r1b2rk1/ppq1nppp/3b4/2p1p1N1/7P/PPn1P3/1BQPBPP1/R3K2R w KQ - 0 13	c2h7	706	0y1314191b
zo40H	r1b2rk1/1pq2ppp/p3p3/8/6n1/1BN4P/PP2QPP1/R1BR2K1 b - - 7 20	c7h2 g1f1 h2h1	706	0y13151c1o
26nF2	6k1/p5p1/1p6/3rpN2/7P/2P3P1/PK1p1P2/3Rn3 w - - 1 42	f5e7 g8f7 e7d5	707	0g0p0s1o
3CgZK	r2qk2r/1bpnpp2/p7/np1Q2B1/8/1BP2N2/P1P3PP/R3K2R w KQkq - 4 17	d5f7	707	041314191b
3HcCa	r6k/5pbb/p4q2/1p6/8/NPB3Q1/P6P/K5R1 b - - 0 31	f6c3 g3c3 g7c3	707	0l1315191o
7oTh6	3r1rk1/p1b3pp/bnq2p2/2p1pN2/2P5/7P/PPQN1PP1/R1B1R1K1 w - - 4 20	f5e7 g8h8 e7c6	707	0g0s191o
7qGsv	8/8/8/3RK2p/2p1b2P/2P3k1/8/8 b - - 0 51	e4d5 e5d5 g3h4	707	0g0p1o
89aYn	1r4k1/5ppp/p3p3/8/P1R5/1P4Q1/5PKP/1q6 w - - 1 32	g3b8	707	060p0t13141b
8GhYW	8/6pk/4p3/p2pPp2/3P1P1n/P1q5/1R2Q2P/7K b - - 1 40	c3c1 e2d1 c1d1	707	0p13151o
8srx1	8/1p6/p4k2/1b4p1/4R3/2P3P1/1P6/1K6 b - - 1 41	b5d3 b1c1 d3e4	707	0g0p0s111o
AlKL3	5k2/p3R2p/1p3pp1/5q2/1P6/P7/2rQ1P1P/6K1 w - - 8 38	d2d8	707	0p13141b
BgT6q	r1bqkbnr/pp2pppp/8/1N6/Q1np4/8/PP3PPP/R1B1K1NR w KQkq - 0 9	b5d6	707	0k0m13141b1c
DTJWV	1n2k2r/1p1b1ppp/2pb1n2/1P1Nq3/2P1p3/4P3/3PBPPP/B2QNRK1 b k - 0 14	e5h2	707	0y1314191b
GtEes	8/5kp1/2r2p1p/1Rp4P/n3PB2/P1P2PP1/4K3/8 b - - 0 34	a4c3 e2d3 c3b5	707	0g0p0s111o
IPbuB	5k2/p1pq3p/3p2p1/3Pn3/4P3/6P1/PP1Q3P/2R3K1 b - - 0 24	e5f3 g1f2 f3d2	707	0g0p0s1o
J3KAN	r4k2/1R3pp1/5n1p/pP6/r5P1/7P/2P1N3/2K2R2 b - - 0 31	a4a1 c1b2 a1f1	707	010p1o1p
KGq7e	r4r1k/ppp3pp/5q2/3N4/6Q1/7P/2PB1Pp1/2KR2R1 b - - 0 21	f6a1	707	1314191b
L65v1	4k3/1p2r2p/p4qp1/2QB4/P1P2P2/1P5K/7P/8 w - - 6 52	c5c8	707	0p13141b
MnrbM	5rk1/1b1p1ppp/1q6/p2PP3/1p6/4bN2/2Q1K1PP/1BR5 w - - 0 28	c2h7	707	0y111314191b
Mx5au	6BQ/8/4p3/p4p2/5P2/k5PK/8/3r4 b - - 0 48	d1h1 h3g2 h1h8	707	010p111o1p
MxDIg	3r1rk1/p2R1ppp/2Q1p3/8/4N3/2B2q2/PPP2P1P/1K1R4 b - - 1 19	f3d1 d7d1 d8d1	707	061315191o1y
NOg6A	4B3/6p1/1R6/5p2/4p1k1/6r1/5K2/8 w - - 0 47	b6g6 g4f4 g6g3	707	0g0p1o
Olyil	6k1/rR3ppp/8/2p5/8/1P4P1/1r3P1P/6K1 w - - 0 22	b7b8	707	060p13141b1m
P3Tg5	r1b1kb1r/ppp2ppp/3p4/8/5n2/5N2/PPP1B1PP/R3R1K1 w kq - 0 13	e2b5 e8d8 e1e8	707	0k0m1315191d1o
P850F	6k1/p3pp1p/6p1/2p4P/6P1/7r/P1P1B3/R2K4 b - - 0 28	h3h1 d1d2 h1a1	707	010p1o1p
S7BL2	8/8/8/K1P5/1pk5/8/8/8 w - - 1 54	c5c6 b4b3 c6c7 b3b2 c7c8q	707	000g0p101e1h
SiUlb	6k1/pp3rpp/2p3p1/3p2r1/3P4/1P6/P6K/4RR2 w - - 2 29	e1e8 f7f8 f1f8	707	0p13151m1o
SvC1e	3r3k/4NRpp/p2p4/2p1p1P1/4q3/4B3/P3n1PP/5R1K w - - 2 29	f7f8 d8f8 f1f8	707	061315191o
TVWyT	r3k1nr/pp2ppbp/2p3p1/4q3/2B1P3/P1N2Q2/1P3PPP/3RK2R w Kkq - 0 12	f3f7	707	041314191b
TiyRW	r2q1rk1/ppp2pp1/8/6b1/3pQ3/2P1P3/PP3P2/RN2K2R w KQ - 0 19	e4h7	707	1314191b
UW4JT	8/5k2/8/5p1R/4p3/4P1PK/1P3P2/1r6 b - - 0 39	b1h1 h3g2 h1h5	707	0g0p111m1o1p
Wpps1	6k1/5pbp/3Np1p1/3pP3/P1bP1P1q/B7/1Q4PP/6K1 b - - 4 32	h4e1	707	0p13141b
Y3VY7	8/pppR4/1b1p1k2/3Bp2K/4P3/1P1P2P1/P1r5/8 w - - 0 31	d7f7	707	0p13141b1d
b96qr	r3r1k1/ppp1qppp/5P2/2np4/8/P7/1PQ2PP1/1R1K1BNR b - - 0 18	e7e1	707	1314191b
dnNZx	6k1/pp1N1p1p/1np3p1/2p5/4r3/1P5P/P4PP1/3R2K1 w - - 0 27	d7f6 g8g7 f6e4	707	010p0s1o
fAKrF	6k1/pB1r1pbp/1p4p1/4p1N1/1P1n4/4B2P/P4PP1/2R3K1 b - - 0 25	d4e2 g1h2 e2c1	707	0g0s191o
fXHsd	6k1/1p3pp1/pb1p1n1p/2qP1Q2/4R3/P4R2/5PPP/6K1 b - - 0 33	c5c1 e4e1 c1e1	707	0p13151o
hZbhy	6k1/1p1N3p/1p4p1/2br1p2/8/6P1/P4P1P/2R2K2 w - - 0 34	d7f6 g8f7 f6d5	707	0g0p0s1o
i0avI	2k2bnr/ppp1pppp/8/4q3/3r4/5P2/PP2NPPP/R2QKB1R w KQ - 0 11	d1d4 e5d4 e2d4	707	01191o
i88FB	R7/6pp/8/1k5P/p3PKP1/8/8/1r6 w - - 1 53	a8b8 b5c4 b8b1	707	0g0p111m1o1p
j1w1F	k7/5pp1/p2np3/7p/5P2/2K3R1/6PP/8 b - - 4 44	d6e4 c3d3 e4g3	707	0g0p0s111o
jC1IX	3r2k1/1p3ppp/2p4q/1p6/4P3/P1Pr1Q2/1P2K2P/5R2 w - - 0 40	f3f7 g8h8 f7f8 d8f8 f1f8	707	060p1013161n
kP6xD	8/5kpp/4pb2/1p6/7P/4PPP1/PP1B2r1/1R2K3 b - - 2 26	g2g1 e1e2 g1b1	707	0g0p1o1p
kxQm2	3r4/1r6/3k4/2N1pp1p/6pP/1P4P1/P2pKP2/8 w - - 0 42	c5b7 d6e7 b7d8	707	0g0p0s0t1o
nYhpI	8/8/2bn4/3k1PR1/1p4P1/6K1/P7/8 b - - 0 50	d6e4 g3h4 e4g5	707	0g0p0s1o
ngzsd	2kr4/1ppr1pp1/7p/pP6/P2b4/B4N2/5PPP/1R1R2K1 b - - 3 20	d4f2 g1f2 d7d1 b1d1 d8d1	707	010j0y1019
nvUHX	8/8/4B3/4p3/8/k3r2P/p1P3P1/R1K5 b - - 7 59	e3e1 c1d2 e1a1	707	010p111o1p
piwHB	rbb2rk1/1p1p1pp1/2p2B1p/p3qP2/2BQP3/P1P5/1P4PP/RN3R1K b - - 0 16	e5h2	707	0y1314191b
s2mZi	r2q1r1k/6pp/p1pp4/n2B2b1/3PP3/2P2R2/P1P2QPP/5RK1 w - - 0 21	f3f8 d8f8 f2f8 a8f8 f1f8	707	060s10131619
sNJsc	1r3rk1/pp4pp/2pb4/3pq3/1P2N3/P3P3/2Q1BPPP/R4RK1 b - - 0 19	e5h2	707	0y1314191b
1FdtL	r4r2/pp1nq1pk/2n1B3/3p4/3b4/PP4N1/1BP1QP2/R3K3 w Q - 0 23	e2h5	708	111314191b
1FvEo	4R3/8/5pk1/5p1p/5P2/6r1/6P1/6K1 w - - 0 54	e8g8 g6h6 g8g3	708	0g0p111m1o1p
1S1I0	8/2N5/3k1p1p/1p1P2p1/8/2b3PP/5P2/6K1 w - - 3 42	c7b5 d6d5 b5c3	708	0g0p0s1o
3klhs	8/8/2bPK3/8/2p3k1/2P2p2/5B2/8 w - - 1 54	d6d7 c6d7 e6d7	708	00080g0p1o
3nHwM	r2r2k1/5ppp/5n2/ppnqpN2/2p5/P3P1P1/1P2QP1P/R3BRK1 w - - 2 20	f5e7 g8h8 e7d5	708	0g0s191o
5FtAL	8/6kp/4Q1p1/5pK1/P7/1P2R1P1/7r/5q2 b - - 1 44	h7h6	708	0p13141b
5b2vZ	r3k2r/1p1qpp1p/6p1/p2P4/1b1QP3/8/P4PPP/2R2KNR w kq - 0 16	d4h8	708	060t1314191b
8SdKP	7r/1p1b4/1k1p4/p1pP4/P1P1Pp2/1BP2Pb1/4N2p/5K1R b - - 1 48	d7h3	708	0p1113141b
8icVT	8/8/p7/1p6/3p4/4p2Q/PP1k4/5K2 b - - 0 49	e3e2 f1g2 e2e1q	708	00010i0p1h1i1o
E6yl7	6k1/p1p2p1p/2bq2p1/3pr3/5Q2/1P1B4/P1P2PPP/4RK2 b - - 3 24	e5e1 f1e1 d6f4	708	0g0j0p1o
EKpA2	2n5/2r2R1R/4p3/3pk2N/8/1PP1KP2/r7/8 b - - 0 43	c7c3	708	0p13141b
EvzPi	4r1k1/pbp5/3b1B2/6p1/1P2P3/P1Q2P1q/2P4P/R5RK b - - 1 26	h3h2	708	1314191b
J57Ix	3bk3/1B6/7p/p2PP3/4R3/3n4/6PP/7K b - - 2 43	d3f2 h1g1 f2e4	708	010p0s111o
Jtq2i	8/8/p7/1p2b3/1k2Pp2/1P3Pp1/P5K1/2N5 w - - 2 38	c1d3 b4a3 d3e5	708	0g0p0s1o
KMazR	rnbqkb1r/pp3pp1/5n1p/2pp4/8/5N2/PPPPBPPP/RNBQR1K1 w kq - 2 7	e2b5	708	0k0m0q13141b1c1f
KQQFB	r1b1k2r/1p1p1ppp/1bp5/p3P1q1/B2P1n2/B1P1Q3/P4PPP/RN3RK1 b kq - 6 14	g5g2	708	0y13141b1c
MNc8R	8/4R1pk/2p2q1p/5r2/5r2/2P1Q3/PP4PP/4R1K1 b - - 10 30	f4f1 e1f1 f5f1	708	0p13151o
Uz5Vu	1r1qr3/1b2p2k/p2p2pp/8/1p1BPQ2/1P6/1P3PPP/2R3K1 w - - 4 30	f4f7	708	1314191b
VWR51	r2q2kr/ppp4p/2n1bp1Q/8/2B5/2P5/PPP2PPP/R4RK1 w - - 4 17	c4e6	708	070t0y1314191b
WQEZK	2r2rk1/1b3pBp/pp1pp1p1/8/P3q3/1P6/2PQNPPP/R3R1K1 b - - 0 18	e4g2	708	0y1314191b
XLR5n	8/5pkp/6p1/Q1b1p3/8/1BP5/PP3rRP/7K b - - 0 28	f2f1 g2g1 f1g1	708	0p13151d1o
YEDm3	r4rk1/pp1n1ppp/1qp1p3/3nP3/3P4/5NP1/PPQN1PP1/R3K2R w KQ - 1 14	c2h7	708	0y1314191b
eG0ew	r3k1nr/1pp2pp1/p1p5/4N3/1b2P1Qq/2N5/PPPP1PP1/R1B2RK1 b kq - 0 10	h4h1	708	1314191b
eT5Lv	3R4/1p3p2/p1b3pk/8/5P1n/8/PPPK4/8 w - - 0 33	d8h8 h6g7 h8h4	708	010p1o1p
flOuM	8/1k4p1/2p1rpp1/4n3/1N6/1P5P/5PP1/4R1K1 b - - 2 31	e5f3 g2f3 e6e1	708	0g0j0p1o
g6F6o	r5k1/2q3p1/1pP2p1p/pQ2p3/3pPn2/3P1P1P/1P1N2P1/2R3K1 b - - 0 31	f4e2 g1f2 e2c1	708	0g0p0s1o
hQ45Q	3r1rk1/ppp3pp/3bpp2/4N1q1/3P4/2P4R/PPQ2PPP/R5K1 w - - 4 19	c2h7	708	0y1314191b
hohja	2r2k2/1R3pp1/2N1p2p/1P1p4/2n5/6P1/r3PP1P/1R3K2 b - - 6 28	c4d2 f1g2 d2b1	708	0g0p0s111o
jWYG0	r6k/2pR2pp/p3q3/1p3p2/8/P5QP/1P4P1/7K w - - 0 35	g3g7	708	0p13141b
nbz1i	r5k1/pp4p1/7p/3N4/8/4Pr2/PP2N2K/2R5 b - - 0 25	f3f2 h2g3 f2e2	708	010p0s1o
oyiLc	2rkr3/1p1Bqpp1/p2R1n1p/8/3Q4/B7/P4PPP/3R2K1 b - - 0 21	e7e1 d1e1 e8e1	708	061315191n1o
qluAP	r1b1k1r1/ppp2pnp/5B2/8/2p5/5N2/P4PPP/2KR3R w q - 0 16	d1d8	708	1314191b1d
rd7HQ	6R1/p1pk1p2/1p1p1q2/8/2PPQ2r/1P6/P4P2/2K5 w - - 4 27	e4e8	708	0n0p13141b
s57jj	8/6pp/8/1p1n1kP1/1P1P1r2/2PK4/8/4R3 w - - 2 50	e1e5 f5g4 e5d5	708	010p0s1o
ufBCD	8/2p3k1/p2p4/3P4/2P5/R3K3/P4Nr1/8 b - - 8 43	g2g3 e3d4 g3a3	708	010p1o1p
zSU6V	6r1/p2k2p1/4b3/3p1p2/P1p2P2/8/4nQPK/3RR3 b - - 0 35	g8h8 f2h4 h8h4	708	020p13151o
0iZ7L	r3k1nQ/ppp2p1p/3p4/2bNp3/3nP3/8/PPPPBqPP/R1BK3R b q - 0 10	f2e2	709	1314191b
1Wn1w	rn1q3r/ppp4k/6pp/6b1/3p2b1/2NBB3/PPPK1QPP/4R2R w - - 0 22	f2f7	709	0q1314191b
2C4i1	8/8/r7/7R/p1kPKPrP/Bp6/8/8 w - - 7 68	h5c5	709	0p1113141b1d
2Catt	r1bk1r2/p1pp2R1/1pn1p1Bp/8/1QPP3p/K1P2P1q/P7/3R4 w - - 2 22	b4f8	709	0t1314191b
3bA2J	8/8/3p4/3Pp3/2k1P1Bp/4K2P/8/5r2 w - - 4 53	g4e2 c4c3 e2f1	709	0g0p0s111o
5rFKx	8/1k3p2/3b2pp/1ppP4/4q1P1/3N3P/1PQ2P2/1K6 w - - 3 35	d3c5 d6c5 c2e4	709	0g0j0p0s111o
5xglx	3N2rk/6pp/p2Q4/8/5p2/8/Pr3qPP/R6K w - - 0 33	d8f7	709	0p1113141b1q
6MHL4	r1b2rk1/pp3ppp/5n2/8/3q4/P1NB4/1P3PPP/R2Q1RK1 w - - 0 15	d3h7 f6h7 d1d4	709	0g0j0y191o
7UJeX	3r4/2N5/1P5p/p1kP2p1/6P1/8/1P4K1/8 w - - 5 40	c7e6 c5b6 e6d8	709	0g0p0s11121o
9IJ9d	b5k1/p4ppp/2p1pn2/2P5/4P3/P5P1/2r2PBP/3R2K1 w - - 1 27	d1d8 f6e8 d8e8	709	060p0s13151o
AmI6e	4r1k1/3P1p1p/p4Pp1/1p4P1/2p5/7P/Pb5B/7K w - - 0 35	d7e8q	709	000p13141b1h
B6Gwh	r1b2rk1/1p3ppn/p1p1pq1p/4p3/2PP1n2/P4N2/1PQ2PPP/1BR1RNK1 w - - 0 17	c2h7	709	0y13141b1c
BRxTY	6k1/1p6/p5Pr/3p2N1/P1n3P1/4PP2/2R2K2/8 b - - 0 36	h6h2 f2g3 h2c2	709	0g0p1o1p
Bu6E0	8/5N2/2k5/6Kp/8/5r1P/8/8 w - - 0 55	f7e5 c6d5 e5f3	709	0g0p0s111o
Cv9Je	k3r3/1p1q3p/p2r2p1/3pRp2/P4Q2/2P4P/1P4P1/5R1K w - - 2 31	e5e8 d7e8 f4d6	709	010j0p1k1o
D4sNr	8/1pkp2p1/7p/4P3/3n1P2/p7/3K2PP/R7 b - - 3 34	d4b3 d2c3 b3a1	709	0g0p0s1o
EAjZK	2r3k1/p1P2rp1/4p2P/4B2P/3P4/q2bP3/5Q2/2R1K1R1 b - - 0 37	a3c1	709	0t111314191b
FFAZ6	3rk3/p5pp/2p5/3nP1N1/2pR4/P3P3/1P5P/5K2 b - - 1 27	d5e3 f1e2 d8d4	709	0g0j0p1o
GBgEZ	8/8/6k1/P7/5p2/7P/1pr3B1/7K w - - 0 49	g2e4 g6g7 e4c2	709	0g0p0s1o
GOr59	3rb3/ppp3kp/2p4b/2N2p2/8/1B6/PPP3PP/1K3R2 w - - 2 22	c5e6 g7f6 e6d8	709	0g0p0s1o
HFUzN	r5k1/pb3p2/1p1q1Pp1/2p1R3/2pP1Q2/2P4P/PP3KP1/8 w - - 0 31	e5e8 a8e8 f4d6	709	0g0j0p1o
HyXDm	r7/1kq1b2r/3p1p1P/pBpPpPp1/np2P1N1/4BP2/K4Q1R/6R1 b - - 1 42	a4c3 a2a1 c3b5	709	0g0s11191o
I8otP	r1bq2k1/pp2n1pp/2p4r/4p3/2P1n2N/3Q2P1/PP2P1BP/R4RK1 w - - 0 18	d3d8	709	0t1314191b
KY6rl	8/8/8/4ppk1/P1B1n2p/4PK1P/6P1/8 b - - 0 44	e4d2 f3f2 d2c4	709	0g0p0s1o
KbfNE	8/8/8/4k2b/R4p2/4p3/8/4K3 w - - 1 69	a4a5 e5d4 a5h5	709	0g0p1o1p
Kl0Ol	8/8/4k3/3p2p1/r5P1/3NKP2/8/8 w - - 6 53	d3c5 e6e5 c5a4	709	0g0p0s1o
L3n37	7r/p2n1R1P/1p1k2p1/2p5/P2p2p1/1P1K2P1/5P2/7R b - - 0 39	d7e5 d3e4 e5f7	709	010p0s111o
N7umj	7k/p4p1p/b7/5B2/8/1P1p2P1/P2B3r/3R1K2 b - - 0 37	h2h1 f1f2 h1d1	709	0g0p1o1p
NXqIr	r6k/ppq1rQpp/2p1pR2/8/3P4/1B5P/PPP3P1/7K w - - 0 22	f7f8 a8f8 f6f8	709	060p13151n1o
Ot5AX	7Q/2q2k1n/p4p2/2p5/2PpP3/P2P4/1r2BK1P/8 w - - 0 53	h8h7 f7e6 h7c7	709	0g0p1o1p
PLe5p	6rk/2R1R3/7p/1p1p4/p2q4/5P1P/P5P1/7K w - - 0 32	e7h7	709	0p13141b1j
PvYWU	r3k3/1p3b1R/p7/7p/4P1p1/6P1/1PP4P/2K5 w q - 2 32	h7h8 e8e7 h8a8	709	0g0p1o1p
QAPZK	r4rk1/pp3ppp/1qn1Bb2/8/7P/P5Q1/1PPB1PP1/2KR2NR b - - 0 18	b6b2	709	1314191b1k
U1KIj	r4rk1/1p1bnppp/p3p3/3pP3/P2q1P2/3B4/1P1Q2PP/R3K2R w KQ - 1 16	d3h7 g8h7 d2d4	709	010j0y191o
UthTl	r1bq3r/pppp1pkp/2nb4/8/2B1n3/5Q2/PPP2PPP/RNB1K2R w KQ - 0 9	f3f7	709	13141b1c
UuzDF	8/3R4/1k1pK3/2p1p3/1p2P3/1P1r4/1P6/8 w - - 0 55	d7d6 d3d6 e6d6	709	0g0p1m1o
VSvY3	6k1/5p2/p5p1/P2r3p/1p2N3/1P2K1P1/2P3P1/8 w - - 0 38	e4f6 g8g7 f6d5	709	0g0p0s11121o
VZtPF	2k5/1pp1r1pp/p3p3/4P3/2PR4/KP4r1/P7/5R2 w - - 0 28	f1f8 e7e8 f8e8	709	0p13151m1o
VvtfI	8/5pk1/6p1/p1Q4p/7P/3P2PK/2P3P1/4q3 b - - 0 43	e1h1	709	0p13141b1i
Wem86	4k2r/Rp2npp1/4p3/3pP2p/7P/1r3N2/5PP1/5RK1 w k - 0 20	a7a8 e8d7 a8h8	709	0g0p1o1p
XDmNw	r2q1rk1/pp3pbp/3p1np1/2p1n3/2P5/PP2P1PB/1B1QNP1P/RN3RK1 b - - 0 13	e5f3 g1h1 f3d2	709	010s191o
XXLi8	8/p7/1pp5/kP2p1p1/4KbP1/8/4B3/8 w - - 0 59	b5c6 b6b5 c6c7	709	00080g0p111o
ZRPy5	r3qrk1/1pp2ppp/8/1p1nnQ2/3P4/4P1P1/PP3PP1/2R1K2R w K - 0 16	f5h7	709	0y1314191b
aAElU	4r1k1/2q2Qpn/1bp4p/p3p3/P1B1P1P1/1PB4P/2P4K/4R3 b - - 0 31	c7f7 c4f7 g8f7	709	0g191o
blsQK	r1b2rk1/pp3ppp/2nqpn2/8/N1p5/3BP3/PP2NPPP/R2Q1RK1 w - - 0 12	d3h7 f6h7 d1d6	709	010j0y1c1o
cbuY7	8/4r1k1/4B3/5PPK/8/8/8/8 w - - 5 62	f5f6 g7f8 f6e7	709	000g0p0s1o
eZOs0	r2r2k1/6pp/1pp1Rp2/7b/p1B5/P2P4/1PP4P/R5K1 w - - 0 24	e6e8	709	0k0m0p13141b1f
kJvGW	1r3k2/5pp1/P1p1p3/2NpP2p/P2P4/8/5PP1/5K2 w - - 2 36	c5d7 f8g8 d7b8	709	0g0p0s1o
md7TC	3r4/ppk1r1p1/2n2pB1/2N5/8/8/PPP2PPP/3R2K1 b - - 6 22	d8d1	709	060p0t13141b
nZSG6	8/8/1b2k3/5p1p/5P1P/3rBK2/6R1/8 w - - 6 46	g2g6 e6f7 g6b6	709	0g0p111o1p
nutQD	rn2kbnr/p3pppp/B1p5/q1N5/P2P4/4P3/3p1PPP/R2QK1NR w KQkq - 0 11	d1d2 a5d2 e1d2 b8a6 c5a6	709	01101c
pDTli	5k2/5p2/5p1K/5PN1/r7/6R1/8/8 b - - 0 57	a4h4	709	0p13141b
pliPw	r5k1/P1R3pp/3r4/4N3/3P4/1p2P3/1P2n1PK/R7 b - - 0 34	d6h6	709	020p13141b
rRTr7	8/8/3p1R2/2pP1Pk1/Pp3r2/1B1P4/P5r1/2K5 w - - 1 56	f6g6 g5f5 g6g2	709	0g0p111o1p
s8ja6	3r4/5pkp/8/1p1nNRPP/p1pp4/P2P4/1PP3K1/8 b - - 0 36	d5e3 g2f3 e3f5	709	0g0p0s111o
tZA9h	8/8/1r2k3/4p2p/4K2P/8/8/6R1 w - - 0 57	g1g6 e6f7 g6b6	709	0g0p1m1o1p
vaMgw	8/1p1k3p/p3p2P/3pP3/3P4/2P1n3/P4Q1K/8 b - - 0 36	e3g4 h2g1 g4f2	709	010p0s111o
vkJwN	r4rk1/pb3ppp/2q5/2p1pNQ1/3pn3/8/PPP1NRPP/R5K1 w - - 1 19	g5g7	709	0y1314191b
03CME	8/3q4/k7/1p3KP1/8/1Q6/8/8 w - - 3 74	b3e6 d7e6 f5e6 b5b4 g5g6 b4b3 g6g7 b3b2 g7g8q	710	000g0p1h1i1w
0lyu3	1r6/4k3/4p3/P3Pp2/1nN2R1p/1P5P/5K2/8 b - - 2 39	b4d3 f2e3 d3f4	710	0g0p0s11121o
0z3WJ	2R5/8/1k6/8/K7/8/8/1r6 w - - 22 83	c8b8 b6c6 b8b1	710	0g0p1m1o1p
1ErIX	8/5p1k/2p3pp/1pP1P3/1Pb5/K5P1/1QBq1P2/8 w - - 12 44	c2g6 h7g6 b2d2	710	0g0j0p1o
1f5jT	8/7R/p7/1k6/1p4PK/8/r7/4N3 b - - 2 58	a2h2 h4g3 h2h7	710	0g0p111o1p
1nOk6	r4rk1/3b2N1/p3p2p/1p1pPpq1/7n/2PQR3/PPB2PP1/R5K1 b - - 0 21	g5g2	710	0y1314191b
3J9Nd	4r1k1/1p5p/2p1p1n1/3p1p1N/p2P4/P5PP/1P3P2/4R1K1 w - - 1 36	h5f6 g8f7 f6e8	710	0g0p0s1o
41F5m	r1b2r1k/pp3p2/2nb3p/2p4q/3pQ2N/3B4/PPP2PPP/1K1R3R w - - 2 17	e4h7	710	1314191b
43col	7k/3P3p/p3Np2/4b3/8/P7/2r2PPP/6K1 w - - 0 40	d7d8q	710	000p13141b1h
4mOwb	rn3rk1/pp3ppp/2q5/2bNN3/5P2/3B2P1/PP4P1/R1BQ1R1K b - - 2 15	c6h6 d1h5 h6h5	710	13151c1o
5NJ8i	3r2k1/Bp1Nppbp/n1p3p1/8/4n3/8/PP2NPPP/3R2K1 w - - 3 18	d7f6 g7f6 d1d8	710	010j0y191o
8Qoy0	8/R7/p5p1/3k4/1p4P1/1Pb4P/P4K2/8 b - - 2 52	c3d4 f2f3 d4a7	710	0g0p0s1o
8THRn	r7/8/4k3/3Np3/1P2Pp2/2P2P2/4K3/8 w - - 7 46	d5c7 e6d6 c7a8	710	0g0p0s111o
9KHQk	r6k/1Q4pn/7p/6q1/3BP1P1/5P2/PP5P/K1R5 b - - 0 29	g5c1	710	0p13141b
9r2cD	8/2B5/8/7R/8/2K4p/6k1/7r b - - 3 59	h1c1 c3b4 c1c7	710	0g0p1o1p
CxFGH	r4rk1/ppQ3pp/b1p5/2P2pn1/4p1q1/P2pP1P1/1B3PK1/R2R1BN1 w - - 2 30	c7g7	710	0y1314191b
DoL2w	4k3/8/p7/8/3K2R1/3P4/r5PP/8 b - - 1 33	a2a4 d4d5 a4g4	710	0g0p1m1o1p
JL0zR	6k1/7p/2r2p1b/p2Np3/3p4/1P3P1P/P5P1/1K2R3 w - - 2 33	d5e7 g8f7 e7c6	710	0g0p0s1o
JRNCk	r1b1k1nr/pppp1ppp/8/2b1p3/4P3/1PN3P1/PBQP1q1P/R2K1BNR b kq - 1 9	f2f1	710	0t13141b1c
M8D0G	r4r2/1p3pk1/p2P3p/3PbQ1p/6P1/8/Pq5P/1B2RR1K b - - 0 29	b2h2	710	0y1314191b
MMtHl	3R4/bQ3ppk/p3p2p/6q1/8/8/P4PPP/2R3K1 b - - 2 37	g5c1 d8d1 c1d1	710	0p0t13151o
MO0k8	1B4k1/6p1/5p2/3R1PpK/r7/7P/8/8 b - - 8 45	a4h4 h5g6 h4h6	710	0p0q13151o
Ml560	r1bqkbnr/pp1n1ppp/8/4N3/2Qp4/8/PP2PPPP/RNB1KB1R w KQkq - 0 7	c4f7	710	0413141b1c
NfOe0	r2qk2r/ppp2ppp/3b1n2/4N3/2Q2Pb1/2N1B3/PP3KPP/n4B1R w kq - 0 12	c4f7	710	041314191b
PnfbQ	r3k2r/bbqp1pp1/p1p1p3/5PPp/4P1n1/2NB1Q2/PPPB3P/R4R1K b kq - 0 15	c7h2	710	0y1314191b
QJCjQ	rnb1kb1r/1p2pppp/pq1p4/5N2/4P1n1/2N5/PPPB1PPP/R2QKB1R b KQkq - 7 8	b6f2	710	0413141b1c
QYN5c	8/1p5p/1Q6/p3q1p1/3r1k2/P1R2PPP/1P6/6K1 b - - 0 35	f4g3 f3f4 g3f4	710	010p1o
TNbx8	1r1q1b1r/p1p1k3/2B2pQ1/4n3/3pN3/7P/PPP5/R3K2R w KQ - 0 19	g6f6	710	1314191b
VPOkI	2r2rk1/pp3ppp/8/8/3P1P2/Pb1BP3/1P1R2PP/4K2R b K - 0 25	c8c1 e1f2 c1h1	710	010p1o1p
Xkq44	7r/1pR2pb1/pP1k4/P2Pp1p1/4P1q1/4Q3/6Br/R5K1 w - - 0 33	e3c5	710	1314191b1u
XroR3	2r2r2/1Q4pk/p5pp/4B3/3P2P1/8/PPqb1p2/K2R1R2 w - - 1 28	b7g7	710	1314191b
YSChi	r4k1q/5n2/p3P1Q1/1ppP4/8/2P4P/PP6/6K1 w - - 0 31	g6f7	710	0p13141b
YqpVh	6k1/2p1B2p/5npb/3p4/3P4/5qP1/4N2P/1R1QK2R b K - 0 26	f3h1 e2g1 h1g1	710	0g0t191o
ZeKeM	r2qr1k1/1npp1pp1/pb3P1p/1p6/3P4/PPN2Q2/2B2PPP/R1B1R1K1 b - - 0 18	e8e1	710	060t13141b1c
cu970	2k3r1/1pp2p2/p6p/3P4/3Q2pP/1P4b1/PBP2pP1/4RK2 b - - 0 27	f2e1q	710	000p13141b1h
d215N	8/1kp2r2/pp6/3N4/2P5/1P4R1/r7/6RK b - - 3 34	f7h7 g3h3 h7h3	710	0p13151o
d8B3J	8/5kpp/2r1p3/p1p5/P2p4/1PnN2P1/7P/4R1K1 w - - 4 33	d3e5 f7e8 e5c6	710	010p0s1o
dM1Sx	8/p7/8/3k4/1P5P/4RRP1/5P1K/r1r5 b - - 0 49	c1h1 h2g2 a1g1	710	090p13151m1o
ggozF	3r3k/1b4qp/p3R3/1p3p2/3r4/7B/PP2Q1PP/3R2K1 w - - 2 31	e6e8 d8e8 e2e8	710	0g11191o
lzuh4	1r3r1k/p2RN2p/5pp1/q7/2b5/1B6/PQ3PPP/4R1K1 b - - 7 23	a5e1	710	0t111314191b
mDrLy	2kbn3/1p6/p1p4p/2P1B1p1/1P3p2/P7/2B4P/6K1 w - - 0 40	c2f5	710	0l0p1113141b
o4aS9	5r1k/pp5p/2n4Q/3p4/2pPq1P1/2P2P2/2P2K2/5R2 w - - 3 33	h6f8	710	0p0t13141b
oSpDy	3rr1k1/p1p2ppp/1p6/5N2/8/P6P/1PPR1PP1/2K2B1R b - - 0 17	e8e1 d2d1 e1d1	710	0p13151k1o
oTAFo	5r2/pp4R1/2k5/2p3BB/8/8/PPP1r1PP/6K1 b - - 2 33	e2e1	710	0p13141b
q8HIc	1Rr3k1/5ppp/8/p7/P7/8/2r2PPP/2R3K1 w - - 2 25	b8c8 c2c8 c1c8	710	060p13151m1o1y
s3B5B	7k/8/4P2K/3Q2P1/8/7P/8/1q6 b - - 2 55	b1h7	710	0p13141b1i
sQ9rY	3q4/2N5/8/5P2/3k4/6K1/6P1/8 w - - 0 43	c7e6 d4e5 e6d8	710	0g0p0s1o
tpRtr	2rk3r/q2nQ1bp/1p2p1p1/pP1pN3/3P4/P2B4/1B3PPP/R4RK1 b - - 0 20	d8e7 e5c6 c8c6	710	010t191o
u7CiL	3r2rk/5R2/3p3p/1p4N1/1q2p3/1P2R1P1/P4P1P/b5K1 w - - 0 40	f7h7	710	1314191b
w0dYr	5r1k/pb4n1/3Q1b2/2p4q/7r/3B4/P1P1R1PP/5R1K w - - 10 33	d6f8	710	0t111314191b
yi8hQ	r2q1k2/pp3r2/2p3Qp/4N1p1/2pP2P1/2P4P/PP4P1/6K1 w - - 2 26	g6f7	710	0p13141b
1kiCR	4R3/8/8/5pp1/3p4/5P2/r2k2PP/5K2 w - - 6 44	e8e2 d2d3 e2a2	711	0g0p111m1o1p
2Lig2	r2q1rk1/pp1b1pp1/2p5/4P3/3n1P2/7R/P1Q3PP/R1B3K1 w - - 0 25	c2h7	711	111314191b
2XBcL	r6k/pp2rQp1/1bpq3p/8/6P1/3B4/PPPK2P1/1R3R2 w - - 3 28	f7f8 a8f8 f1f8	711	0y1315191f1n1o
3WfFC	6k1/2r2p2/2q1p1pp/4P3/1PPP1n2/2R5/1Q3BPP/6K1 b - - 4 37	c6g2	711	0p1113141b
44Crs	r1bq1rk1/pp3ppp/3bp3/4n3/6nQ/3B4/PPP1NPPP/RNB1K2R w KQ - 8 11	h4h7	711	0y13141b1c
77Zej	3r3k/5ppp/p2r4/1p1N1b2/5N1q/1Q3B2/PP4PP/4R1K1 b - - 11 26	h4e1	711	0t0y1314191b
A0m6H	6k1/5p1p/2B3p1/r7/P1p5/2n4P/5PP1/2R3K1 b - - 1 35	c3e2 g1f1 e2c1	711	0g0p0s1o
Bmyov	r1b2rk1/pppn1p2/3p1Bp1/3P4/2P3P1/5P2/PP4K1/7R w - - 1 29	h1h8	711	0p13141b1d
BtaYA	3r2k1/p1N2ppp/1p3b2/8/1Pp5/P3P3/R2n1PPP/3R2K1 b - - 5 24	d2f3 g2f3 d8d1	711	010j0p0y1o
DaDbL	r2k4/2p1ppRp/p4n1Q/8/B1pq4/4p3/PP6/2K5 w - - 2 30	g7g8 f6g8 h6f8	711	0d0p13151n1o
Enqlf	2kr3r/1p3ppp/p2q4/3Pp3/3nB3/6Q1/PPP2PPP/R4RK1 b - - 0 16	d4e2 g1h1 e2g3	711	0g0s11191o
FusjH	rn1qkb1r/pbppp3/1p5p/6p1/3PPp2/2P3B1/PP1N1PPP/R2QKB1R w KQkq - 0 11	d1h5	711	1113141b1c
H4cMl	8/8/5ppk/7p/1p3P1K/4R1PP/8/8 b - - 0 49	g6g5 f4g5 f6g5	711	0p13151m1o
HYOKn	r1b2rk1/ppp2ppp/8/2b3N1/2B2q2/2PQ4/P1P3PP/R3K2R w KQ - 0 14	d3h7	711	0y1314191b
HaUS2	5r1k/3R4/6Q1/1p6/2b5/1P6/5rPP/4R1K1 b - - 0 28	f2f1 e1f1 f8f1	711	0p13151d1o
HcHnQ	5kn1/2p5/1p1p1p2/p2PrP2/2P5/q2B2P1/P2Q1P1P/4R1K1 b - - 1 35	e5e1 d2e1 a3d3	711	010p0y1o
HzAdv	8/8/5k1K/8/5PP1/7P/4n3/8 w - - 5 64	g4g5 f6f7 g5g6	711	0g0p0z111o
IaxLG	r6k/p6p/1p1Q2pB/2pP1p2/8/2q3Pb/P1B2R1P/4R1K1 b - - 4 32	c3e1 f2f1 e1f1	711	0t0y1315191o
IjQ0A	2q4k/6p1/7p/p3Q2P/1pP5/1b6/5r2/K5R1 w - - 0 41	e5g7	711	0p13141b
K1M2s	1R6/2p1kp2/4p3/pB1pB3/3P4/K3n3/PPb2r2/2r5 w - - 0 34	b8e8	711	1314191b1d1f
K91Fs	5rk1/p1p3p1/2p5/5qQ1/3P3K/6R1/PP6/8 w - - 0 41	g5g7	711	0p13141b
KB4f9	6k1/p1p2rpp/7q/8/2B3P1/2P1R3/PP1r1P1P/R5K1 w - - 0 23	e3e8	711	0p13141b1g
Nyi69	1r1q1rk1/pb1p1ppp/1p2p3/2b1Q3/2P1n3/1P4P1/PB2PPBP/R4RK1 w - - 0 14	e5g7	711	0y1314191b
OiN7v	8/8/8/7p/1R6/3k3r/8/2K5 w - - 2 46	b4b3 d3e4 b3h3	711	0g0p1m1o1p
Q218y	1r1r2k1/8/p5pP/4q3/np6/3P4/PPPQN3/1K4RR b - - 1 32	e5b2	711	1314191b1k
QXQaM	5Rbk/ppp5/n1n2N1q/8/3p4/2P5/PP4PP/6K1 w - - 0 27	f8g8	711	030p13141b
QnQrW	r1r3k1/p4pbp/2bp1np1/3qp3/1P6/1N2P1BP/PP2BPP1/R2Q1RK1 b - - 0 17	d5g2	711	0y1314191b
S4SjH	6k1/p5pp/4pp2/5n2/3P4/1B3P1P/Pr3P2/4R1K1 w - - 3 29	b3e6 g8f8 e6f5	711	0g0p0s1o
SAjx0	6k1/b1p2pp1/p4q1p/3p4/P2P4/3Q2P1/1rN4P/4R2K w - - 0 36	e1e8	711	0p1113141b
TfS7Y	r1bqkb1r/ppp1pppp/8/1NnP4/Q3PB2/3p4/PP3PPP/R3K1NR w KQkq - 2 10	b5d6	711	0k0m13141b1c
VVK3B	7r/5kp1/p4p1r/1p2p3/1P2N3/P2P1RP1/2P2R2/6K1 b - - 7 37	h6h1 g1g2 h8h2	711	090p13151o
XCuxm	r2r2k1/pb3pbp/1p4p1/2pqN3/8/2PPB2P/PP1QB1P1/R4RK1 b - - 0 16	d5g2	711	0y1314191b
ZS6nh	r1bkr3/pppp1ppp/8/1P6/2N5/P1P5/2QP2PP/qNB3KR b - - 2 14	e8e1 g1f2 e1h1	711	010i0y191o1p
ZkQoB	8/3k4/4p1p1/6P1/1K3B1P/8/5n2/8 b - - 0 59	f2d3 b4b5 d3f4	711	0g0p0s111o
ZyxC0	3B4/1p2nkp1/1P5p/4KP1P/8/8/8/8 b - - 5 51	e7c6 e5d6 c6d8	711	0g0p0s1o
dVCUW	3rnr2/ppp2kp1/3b2p1/6P1/3RP1B1/2N5/PPP2P2/2K4R b - - 0 21	d6f4 c1b1 d8d4	711	0g0j191o
epbOK	4r3/kp2qp2/p1P1r2p/P7/8/6Q1/5PPP/RR4K1 b - - 0 29	e6e1 b1e1 e7e1 a1e1 e8e1	711	060p1013161n
fv6Uk	4r1k1/pp2r1pp/2pN4/b5P1/2P5/P2P3P/1BP5/R2K1R2 b - - 0 25	e7e1 f1e1 e8e1	711	1315191d1o
g1DTy	8/pp2k1pb/2p2n1p/8/2P2PPP/1P4K1/P2R4/8 b - - 0 30	f6e4 g3f3 e4d2	711	010p0s1o
hmwt5	rn1q1rk1/p1p2ppp/4pb2/1p4N1/2pP4/6P1/PPQ1PPbP/RN3RK1 w - - 0 13	c2h7	711	0y1314191b
ldPZY	4r1k1/p1Q2p1p/6p1/8/2P5/2bn1B2/P5PP/4RK2 b - - 0 28	e8e1	711	0p13141b1d
mocvv	r3k1r1/1b1p1pq1/p1n1pQ2/1p5p/4P3/3B3N/PPP3PP/R4R1K b q - 2 21	g7g2	711	0y1314191b
phT3Z	8/3r1p2/6p1/p4p2/2pk1K1P/6P1/P1R5/8 w - - 6 45	c2d2 d4c5 d2d7	711	0g0p1m1o1p
psoK6	1R6/5p1k/5Pp1/8/3P4/1K6/5P2/5r2 b - - 0 42	f1b1 b3c4 b1b8	711	0g0p1m1o1p
qn4qu	2Q5/2P3k1/p6p/1p2p3/3pP3/q2P2bP/2R3P1/6K1 b - - 0 39	a3a1 c2c1 a1c1	711	0p13151o
rmzEG	1r2kb1r/1b1p1ppp/p5q1/4P3/2p5/2N1n2Q/PPP2PPP/2KR3R w k - 0 19	h3d7	711	1314191b
tXuu6	1B5k/2R3b1/8/8/4P3/4PPK1/2p5/8 b - - 1 59	g7e5 g3g4 e5c7	711	010p0s1o
wgycH	4r2k/ppp5/8/4n3/5B2/8/PP3PP1/4R1K1 b - - 3 31	e5f3 g2f3 e8e1	711	0g0j0p1o
yYSlC	r1bB1rk1/2pp1p2/p1n5/1p1np3/4P3/1B1P4/PPP2bPP/R2Q1K1R b - - 0 14	d5e3 f1f2 e3d1	711	010s191o
4nar6	2r3k1/R4rp1/bq5p/8/5Q2/3P3P/2P3PK/8 w - - 0 28	f4f7 g8h8 f7g7	712	0p13151o
5TQNN	r1b2k2/pp1pq1pQ/2p1p3/2PnPrN1/3Pp3/8/PP3PPP/3R1RK1 w - - 4 20	h7h8	712	111314191b
6EEAN	r1b1k1nr/pp1p1ppp/8/qN2N3/1nPp4/1P6/P3PPPP/R2QKB1R b KQkq - 0 9	b4d3	712	0k0m13141b1c
6X9e5	3rr1k1/pp3pp1/2p4p/6n1/2BBbP2/1P2P1PP/P6K/3R1R2 b - - 2 23	g5f3 f1f3 e4f3	712	0g191o
7Fwt2	6r1/8/4pk2/3pRb2/pBpP4/P1P2P2/1r5R/7K b - - 10 46	b2b1 e5e1 b1e1	712	0p13151o
AtDgH	r3kb1r/1p1b2p1/1pn1p2p/2p2p2/3Pp2B/2P1P3/PP1NBPPP/R3K2R w KQkq - 0 13	e2h5 g7g6 h5g6	712	0l111315191o
CpFOi	8/8/5kp1/6p1/6P1/P6r/R4K2/8 b - - 1 53	h3h2 f2e3 h2a2	712	0g0p111m1o1p
DKc1K	r4rk1/pppb1p1p/1b1p4/3Pp3/2B1N3/2P4P/PP3PP1/R3KR2 w Q - 1 15	e4f6 g8g7 f6d7	712	010s191o
E3Krk	4r1k1/p4p1r/1p5p/2p3pN/3p4/6P1/P4P1P/4R1K1 w - - 0 33	e1e8	712	0p13141b
Er5E7	r5k1/ppq3pp/4R3/3Q4/8/2P5/PP3rPb/RN5K b - - 0 17	f2f1	712	1314191b
HHc3z	5rk1/ppb3pp/2p5/3p4/3P4/2P2R2/PP2Q1bq/R4KB1 w - - 0 26	e2g2 h2g2 f1g2 f8f3 g2f3	712	011019
Hp7w7	r2q1rk1/ppp2ppp/1b1p4/4p3/1P2P1n1/P1NP1BPb/2PB1P1P/R2QR1K1 w - - 5 13	f3g4 h3g4 d1g4	712	01191o
JhmLW	7k/1p4pp/p1p5/2N5/4P3/1P1P4/1PP5/2b3K1 b - - 3 36	c1e3 g1h1 e3c5	712	0g0p0s1o
KMq4M	r1bk1bnr/pppp1Qp1/2n4p/4p1q1/2B1P3/3P4/PPP2PPP/RN2K1NR w KQ - 1 7	f7f8	712	0t1314191b
L312v	6k1/6p1/r3p2p/1pbnBq2/6Q1/1P4PP/P3RP2/6K1 w - - 5 35	g4g7	712	11121314191b
O7ZJs	5rk1/p5p1/np1p1q1p/2p4Q/2P1B3/2P5/P4PPP/3R2K1 b - - 2 25	f6f2 g1h1 f2f1 d1f1 f8f1	712	060p1013161n
OUO3m	2r5/6p1/p2B4/1p2Pk1p/P4P2/2P3P1/1n3K1P/2R5 b - - 2 40	b2d3 f2e2 d3c1	712	0g0p0s1o
PEVYG	r2qkbnr/pp1bp3/5pp1/3pP2Q/3n4/8/PP3PPP/RNB1K1NR w KQkq - 0 10	h5g6	712	13141b1c
QmKyG	2r2rk1/5ppp/2q1p3/1p2N3/p1pP1n2/P1P4P/1PQ1RPP1/4R1K1 b - - 4 26	c6g2	712	0y1314191b
RL4Zo	1r1r4/p3q2p/3p2pk/PPpBnp2/2P1p2P/4P1P1/3Q1P2/1R1R2K1 b - - 4 34	e5f3 g1g2 f3d2	712	0g0s191o
RUtc7	6k1/5p2/5B1p/6p1/8/P6P/2rp1PP1/3R2K1 b - - 0 29	c2c1 g1h2 c1d1	712	0g0p1g1o
RnrU1	8/p3r2p/4k1p1/2p1P3/3n1PPP/P1R3K1/8/5R2 b - - 7 42	d4e2 g3f3 e2c3	712	010p0s111o
SVrWO	1k1r4/1p3ppp/1p2p3/2b1P3/3N4/4P3/PP4PP/3R2K1 w - - 3 22	d4c6 b7c6 d1d8	712	0g0j0p1k1o
TkQ7P	r1q1r1nk/ppp1b1pp/3p3N/3PR3/8/2N5/PP3PPP/R1B3K1 w - - 0 20	h6f7	712	1314191b1q
Tpxvi	8/pp5k/3p2rp/1P6/P3r2P/4Bp2/5P2/3R1R1K b - - 1 33	e4h4	712	0p13141b
VsSVb	N4rk1/pp3pp1/3p3p/4b2Q/3q4/3B1R2/PPP5/1K5R b - - 0 27	d4b2	712	1314191b1k
XyjSO	rq3rk1/1b2bppp/p7/1p2pQNn/8/2N4P/PP4P1/R1B2RK1 w - - 1 20	f5h7	712	0y13141b1c
bD4WY	6k1/2r3p1/p1p4p/1p2bPN1/P3P3/2P2r1P/1P4P1/3R3K w - - 0 33	d1d8	712	0p13141b
bJRP0	2r2rk1/p4Rpp/1p1b2q1/8/8/PQ4P1/1P4PP/5R1K w - - 1 29	f7f8	712	0k0m1314191b
bXKHJ	2r3k1/p6p/2q1pRpQ/8/8/8/1R4PP/7K b - - 0 32	c6c1 h6c1 c8c1 f6f1 c1f1	712	060p0s101316
ckS7i	6r1/1p5k/1pppq2p/4prpb/1P1P1nN1/P1P2PQ1/2B4N/R4RK1 b - - 1 27	f4e2 g1f2 e2g3	712	0g0s191o
dTgDW	r2q1r2/1pp2p1k/pb1p1p1p/4pN1b/3PPn2/P1P3Q1/1PB2PPP/RN3RK1 w - - 6 17	g3g7	712	1314191b
euC8B	8/3k1N2/8/3P2p1/2r2p2/4p2P/6P1/4K3 w - - 0 57	f7e5 d7d6 e5c4	712	0g0p0s1o
fxskg	6k1/p3b2p/bp1p2p1/3Pp3/4P3/1P1nBKNP/P1B3P1/8 b - - 2 26	d3e1 f3f2 e1c2	712	010p0s1o
lKEvA	1q3r1k/p4P1p/4Qbp1/8/2p4P/P5P1/5P2/4R1K1 w - - 0 37	e6f6	712	0p0t13141b
mgozV	2r2rk1/2qn1pp1/5np1/1P2p3/p6P/1PQ1BP2/P3B1P1/1KR4R b - - 0 23	c7c3 c1c3 c8c3	712	01191o
mjy5m	8/r3k1p1/3q4/P1p1p3/3nP3/2Q4P/5PP1/RR4K1 b - - 8 46	d4e2 g1h2 e2c3	712	0g0p0s1o
nxAYV	4q3/6k1/p1R1p1pp/1p1n4/1P1P4/P4PPP/2Q3K1/8 b - - 1 42	d5e3 g2f2 e3c2	712	010p0s1o
oTg4R	3rk3/1pRb4/3Qp2p/pB1pn3/P6P/5P2/1P3P2/5K2 b - - 3 30	d7b5 a4b5 d8d6	712	0g0j0p1o
phZXF	3R4/3R1p1k/2p3b1/2p1B2p/2P3pP/1P6/q3rPP1/6K1 w - - 4 33	d8h8	712	0p13141b1d
rBwzh	r1b1k2r/ppp2ppp/2p5/8/2BQP1nq/2P5/PP3PPP/RNB2RK1 b kq - 0 9	h4h2	712	0y13141b1c
s4Smz	6k1/4npp1/1p2p2p/3pP2P/P2Q4/5PK1/1R4P1/2r5 b - - 0 37	e7f5 g3f2 f5d4	712	0g0p0s111o
sBi0e	8/3k2b1/8/p3P3/r2PK3/8/1R6/8 w - - 1 49	b2b7 d7c6 b7g7	712	0g0p11121o1p
v9qYm	8/4R2R/6P1/3B4/1rPk2p1/6P1/r7/6K1 b - - 0 41	b4b1 e7e1 b1e1	712	0p13151o
vLYvJ	2r2rk1/5p2/4p1p1/p6p/7P/1P3R2/PNqP2Q1/K5R1 b - - 0 24	c2c1 g1c1 c8c1	712	061315191n1o
xFsZO	6k1/p4ppp/2pb4/4q3/1P6/P3P2P/4QPP1/2B3K1 b - - 0 25	e5h2 g1f1 h2h1	712	0p13151o
0YsZ1	1rb2rk1/p1q1Bppp/4p3/3p4/6n1/1PNB4/P1P2PPP/R1Q2R1K b - - 0 14	c7h2	713	0y13141b1c
0dkjL	6k1/1b2rpp1/p6p/1p4q1/2p5/1P5P/2Q2PP1/3R1BK1 w - - 0 27	d1d8 e7e8 d8e8	713	0p13151o
0sctU	rnb1k1nr/p4ppp/2p5/1p6/4p2q/1P2N1P1/PBPPP3/RN1QKB1R b KQkq - 0 11	h4g3	713	1314191b
2cGjV	6k1/1p3ppp/p1p1p3/8/q1P5/6QP/PP3PPK/8 w - - 4 27	g3b8	713	060p13141b1i
3FalB	Qn2k2r/p4p1p/2pbp3/3p2p1/3P1P2/1BP4q/P1P4P/R1B2R1K b k - 1 18	h3f1	713	0t0y1314191b
6i2ti	2r5/8/7p/6p1/2k3P1/7P/2p1KP2/2R5 w - - 4 37	c1c2 c4d5 c2c8	713	0g0p111m1o1p
8Vf0s	3r2k1/5ppp/p7/3nr3/1p1qP3/3P1Q1P/1P4P1/3R1R1K w - - 0 24	f3f7 g8h8 f7f8 d8f8 f1f8	713	06101316191n
8yGHU	Q1b2r1k/p3p2p/n2p2pb/8/3PPn2/5P2/BPP2B1P/1NKR2NR b - - 0 18	f4e2	713	0k0m1314191b
AQLZA	7k/8/3p4/3P3p/1p5P/1P1RBrPK/2r5/8 w - - 2 51	e3d4 h8g8 d3f3	713	0g0j0p111o
BPj40	3r2nk/p6p/3Np2P/2N1Pp2/1p3Qpq/1P6/1PP2P2/2K5 w - - 3 32	d6f7	713	0p13141b
DoiDi	4rk2/2pn1rpq/1p1p1p1N/pP1Pp2Q/2P1P3/6RP/6P1/5RK1 w - - 1 45	h5f7	713	1314191b
DyQOD	2Q2q1k/p4rp1/1p2p2p/n3P3/3PB3/r3P3/6PP/5RK1 w - - 2 31	c8f8 f7f8 f1f8	713	1315191f1o1y
EVhx9	2r4k/p5b1/1p1r2p1/1P1Pp1Nn/5p1P/4BP2/1P4R1/1K4R1 w - - 2 36	g5f7 h8h7 f7d6	713	0g0s191o
EyTLA	r3r2k/pp4R1/2b4p/5N1q/8/2Q1P3/PPP5/1K1R4 b - - 2 26	h5d1	713	0t1314191b
GkWaG	5R2/8/4k3/7p/6p1/4r3/6PK/8 w - - 0 39	f8e8 e6f6 e8e3	713	0g0p111m1o1p
I3x5v	r1b2rk1/p2p1ppp/1p1qpn2/8/2P5/3BP3/5PPP/R2Q1RK1 w - - 0 20	d3h7 f6h7 d1d6	713	010j0y191o
IWhee	r4rk1/4R1p1/7p/p3P3/Pp5P/1Pn5/5PPB/2R3K1 b - - 2 28	c3e2 g1f1 e2c1	713	0g0p0s1o
LLT3J	8/8/8/8/3K3R/kr6/8/8 b - - 11 68	b3b4 d4e5 b4h4	713	0g0p1m1o1p
MIuRQ	r3kb1r/pp2qppp/2p2n2/7P/5N2/5nN1/PPQ2PP1/R1BK1B1R b kq - 2 13	e7e1	713	13141b1c
MVYpf	r4r2/p2q3k/Bpbp1p1p/2p1pNp1/2P1Pn1P/5PQ1/PP4P1/RN3RK1 b - - 0 27	f4e2 g1f2 e2g3	713	010s191o
Nr5jn	2r2k2/3P2RR/8/2r5/1p6/4b3/PP2N1B1/1K6 b - - 0 36	c5c1 e2c1 c8c1	713	1315191d1n1o
ORM3y	8/3nk2p/2R3p1/5p2/1rp2P1P/2N3P1/8/6K1 w - - 2 40	c3d5 e7f7 d5b4	713	0g0p0s1o
PXCO9	rnbq3r/ppp1k1pp/8/2bpP1N1/3p4/5Q2/PPP2PPP/RNB1K2R w KQ - 2 10	f3f7	713	13141b1c
QonzI	6k1/pp3ppp/2p3rq/3p4/1P1P1RQ1/P3rnP1/1B4K1/5R2 w - - 0 32	g4c8 e3e8 c8e8	713	0y1315191o
R51aq	r3k2r/ppp2ppp/5n2/1q6/2N5/4P3/PP2QPPP/R3K2R w KQkq - 1 14	c4d6 c7d6 e2b5	713	0g0j191o
YAFMN	r5qk/pb2b1pn/1p2n1rp/3p1p2/2pP1N1P/2P5/PPQ2PP1/RBB2RK1 w - - 0 22	f4g6	713	0t0y1314191b1q
ciCBk	rnb3nk/2p1b1pp/p6N/1p6/3q4/8/PP3PPP/RNB2RK1 w - - 0 14	h6f7	713	13141b1c1q
dQZ5X	rnb2Bk1/p4ppp/1qpp4/5N2/1p2n3/1B6/PPP1NPPP/R2QK2R b KQ - 0 12	b6f2	713	0413141b1c
dWyz6	6k1/2rN1ppp/Q7/5P2/Bp1qP3/1P1n1P2/P1P4P/1K4R1 b - - 2 30	d4g1	713	0t1314191b
ehC9D	4r3/7p/pp2bk2/3pp1p1/PP6/1K2RPP1/7P/3R4 b - - 1 32	d5d4 b3b2 d4e3	713	0g0j0k0p1o
ejdgC	8/5p2/5k1p/3R4/1p1P2P1/1P5K/2P1n3/8 b - - 1 42	e2f4 h3g3 f4d5	713	0g0p0s1o
g0QGT	3r2k1/4qp1p/1p4p1/1P1B4/1p1R4/4P3/5PPP/3R2K1 w - - 0 28	d5f7 g8f7 d4d8	713	010j0p1o
hEExJ	1k1r4/pp1n1ppp/q7/Q1p5/8/P1R5/1PP3PP/1K6 w - - 4 28	a5d8	713	0p0t13141b1k
jFMBa	4r1k1/1b1nr3/pp4pp/3p1q2/3p1P2/3P1B1N/PPP3QP/R3R2K b - - 5 28	e7e1 a1e1 e8e1	713	0g0y191o
jnsLD	r4r1k/p5p1/2ppPq1p/1pb5/4QPP1/P1P5/BP4PK/R1B2R2 b - - 0 21	f6h4	713	1314191b
kCm4j	r3r1k1/ppq2pp1/7p/2pp4/3PN1n1/1B1Q4/PPP2PPP/4RRK1 b - - 0 21	c7h2	713	0y1314191b
lkmJH	7k/6p1/3N3p/p6P/P5P1/2b3K1/8/8 b - - 1 48	c3e5 g3f3 e5d6	713	0g0p0s111o
lyz5F	rn2r1k1/pp3p1p/2pb2pQ/3p1b2/8/1B1P4/PPP2PPP/R1B1N1KR b - - 0 15	e8e1	713	0y13141b1c
oo9Cs	5k2/2N3p1/5pPp/p1b1pP1P/1p6/PK6/8/8 w - - 0 45	c7e6 f8e7 e6c5	713	0g0p0s1o
qxzni	3r4/pb5k/p4Q1p/2P5/1P6/P7/6RP/7K b - - 0 40	d8d1 f6f1 d1f1	713	0p13151g1o
rFeYM	4k1r1/R5p1/2p5/4p1N1/3p3P/6b1/P7/6K1 w - - 0 52	a7a8 e8e7 a8g8	713	010p1o1p
rMlxz	7k/5pp1/p6p/1p3Q2/1P2P2P/P2r1qP1/6K1/8 w - - 0 38	f5f3 d3f3 g2f3	713	010p1o
sqXxi	5R2/6R1/1r4p1/2pB2P1/p2pP1r1/P2Pk3/2P5/2K5 b - - 0 38	g4g1 f8f1 g1f1	713	0p13151o
usxET	6r1/2p4k/1p1p2qp/p2P1n2/P1P1QPp1/1P6/1B4NP/5R1K b - - 1 35	f5g3 h2g3 g6e4	713	010j0y11191o
vfjU6	8/8/3k4/5PQ1/6P1/6PK/8/6q1 b - - 0 70	g1h1	713	0p13141b1i
wX39r	r1bq2rk/pppn2pp/3b1p1N/8/3PpP2/2P1B3/PP4PP/RN3RK1 w - - 0 16	h6f7	713	13141b1c1q
xqR9h	2kr3r/1p3pp1/p3p1bp/3pP3/N1q2P2/8/PPP3PP/R2Q1R1K w - - 2 18	a4b6 c8b8 b6c4	713	0g0s191o
y8BQQ	5bk1/7p/6p1/p1pbp3/1p2N3/1P4P1/PB5P/5K2 w - - 0 32	e4f6 g8f7 f6d5	713	010p0s1o
0Bv81	8/7p/5pk1/1pp3p1/6P1/7Q/1P3P1P/r2rN1K1 b - - 0 35	d1e1 g1g2 e1g1	714	0g0p0t111o
0HqjM	r1b1r1k1/ppp2ppp/8/2bP4/3N1B1q/2PP1Q2/PP4PP/RN3K1R b - - 0 12	e8e1	714	13141b1c
0PS4N	6k1/p3bpp1/1pp4p/8/1PPnBPP1/P1B5/7P/6K1 b - - 1 29	d4e2 g1f2 e2c3	714	010p0s1o
0fGq2	r1b2rk1/pp3pp1/4p2p/3pP3/3q1P2/3B4/P1PQK1PP/R6R w - - 0 16	d3h7 g8h7 d2d4	714	0g0j11191o
0hwp7	k2r4/1p3p1p/8/pP6/P2pqB2/6P1/3Q1P1P/6K1 w - - 0 34	d2a5	714	0p13141b
0j6Oz	r4r2/p3ppkp/2ppb1p1/q7/4N3/8/PPPQBPPP/1K1R3R b - - 0 14	a5a2 b1c1 a2a1	714	1315191k1o
1lUi3	8/3b3k/p4q1p/1p2rp1P/2pQ2pN/PB6/1PP2PP1/2K4R b - - 0 32	e5e1 h1e1 f6d4	714	0g0j191k1o
355bP	8/8/b1N5/4B3/5P2/3k3P/7r/3K4 b - - 10 57	h2h1	714	0p1113141b
7Dob4	r1b1k2r/p1qp1pp1/4p3/1B5p/N2NP1n1/7P/PPPB1bP1/R1Q2R1K b kq - 0 16	c7h2	714	13141b1c
9XVZJ	r6r/p2qk1p1/1pnbN2p/2p3NQ/4pP2/8/PPPP2PP/R1B4K w - - 2 16	h5f7	714	1314191b
AxAS5	8/Pbk2p2/2p3p1/3p2P1/2n3B1/7P/1P6/1K3R2 b - - 3 40	c4d2 b1c1 d2f1	714	010p0s11121o
CfE5r	8/1p6/p1b5/5N2/1Pk5/8/P1K5/8 b - - 1 54	c6e4 c2d2 e4f5	714	0g0p0s1o
GOL5C	4r1rk/6bn/p4p1p/1p1pP1p1/1B1P2RN/P1Pp3P/1P2N2K/8 w - - 0 37	h4g6	714	1314191b1q
GmJiW	r1b1k1nr/pppp1ppp/2N5/2b5/4P2q/3B4/PPP2PPP/RNBQK2R b KQkq - 2 6	h4f2	714	0413141b1c
GxVnQ	2Rr1k2/7R/5rp1/1pKp4/8/1p2p3/P6P/8 w - - 1 51	c8d8	714	0p0t13141b1m
HEcum	8/1r3k2/7R/4p3/4K3/8/8/8 w - - 2 55	h6h7 f7e6 h7b7	714	0g0p1m1o1p
IQmrb	r3k2r/ppp2pp1/2pqb3/2B4p/4P1n1/3P3P/PPP1BPP1/RN1Q1RK1 b kq - 0 10	d6h2	714	1314191b
IbNvZ	8/8/3PR3/5pp1/7p/3r1k2/5P1P/5K2 w - - 2 46	e6e3 d3e3 f2e3	714	0g0p1m1o
LF08g	r7/5p2/8/p3nk1N/p6p/2P3P1/P6P/4R1K1 b - - 0 30	e5f3 g1f2 f3e1	714	010p0s111o
LFcOa	6k1/3p2pp/Np1Pp3/2P4r/2Pnb3/P1R5/5P2/3R1K2 b - - 0 32	h5h1	714	0p1113141b1f
NtmxL	1R6/7p/8/P7/4r2b/k4P2/2P4P/1K6 b - - 0 37	e4e1	714	0p13141b
PovfZ	4r2k/ppq3pp/4Q3/4Nr2/2P5/PP5P/6P1/7K w - - 0 31	e6e8 f5f8 e8f8	714	0p0t13151o
QCeId	3r3k/1p1b2p1/p2p2Pp/Q2B4/2P2r1P/3qp3/P5P1/7K w - - 0 30	a5d8 d7e8 d8e8 f4f8 e8f8	714	0p0s0t101316
SU4sU	8/5ppk/4p2p/1Q1pP3/5P2/7P/p1rr4/R5RK b - - 0 37	d2h2	714	0p13141b1j
T39Aq	r5rk/pbp3pp/1p6/3pN3/3P4/8/P4PPP/R5K1 w - - 0 21	e5f7	714	0p13141b1q
VWdVA	6b1/p5k1/1p2n1P1/2p1R2P/7K/P4r2/8/4R3 w - - 1 48	e5e6 g8e6 e1e6	714	0g0p1o
XGPVK	3r3k/p4pp1/8/4PP2/4R3/P2n1B2/1P5P/7K b - - 4 36	d3f2 h1g2 f2e4	714	0g0p0s111o
YAflB	8/3b2k1/3BR3/3pP1p1/p3r1P1/P5K1/8/8 w - - 1 41	e6e7 g7g6 e7d7	714	0g0p0s1o
YCnkp	r3qrk1/ppp1bppp/6b1/4Q3/6P1/1P3N1P/PBP2n2/2KR3R w - - 0 19	e5g7	714	0y1314191b
Z82tx	2r2rk1/p2p2pp/5q2/2QNN3/3P4/8/4bPPP/R5KR b - - 0 23	f6f2	714	111314191b
apGse	6k1/5p2/p1br2pp/1p1n4/3N1p2/1P5P/PB3PP1/3RK3 w - - 12 48	d4c6 d6c6 d1d5	714	010b0j0p1o
b16Ct	1r4k1/1p2n1p1/1p1p3p/pP2p3/P1r3B1/7P/R4PP1/4R1K1 w - - 2 28	g4e6 g8f8 e6c4	714	0g0p0s1o
bXfWq	r2q1rk1/1ppbn3/3b1p2/pP1pp3/P7/2PQB3/4BPP1/RN2K2R w KQ - 0 19	d3h7	714	13141b1c
cle1k	8/1R6/3r4/Q2p1p2/2kPnPbK/2P5/P7/8 b - - 0 58	d6h6	714	0p13141b
dCauU	2kr3r/pbp1q1p1/1p1p3p/2nPpp2/1PP5/P3BP2/3QP1PP/2KR1B1R b - - 0 17	c5b3 c1b2 b3d2	714	010s191o
dYaSU	r3r1nk/p3b1pp/n1p4N/2Pp4/q2P4/1N3P2/PB4PP/R3R1K1 w - - 0 24	h6f7	714	1314191b1q
dcIcb	rq3k1b/3R4/p3p1p1/1p6/8/1P3P2/1PP5/2K4R w - - 0 29	h1h8	714	0p13141b
eij3t	8/pBpkpp1p/2p5/6N1/8/1P3P2/P1P5/2K3b1 b - - 1 32	g1e3 c1d1 e3g5	714	010p0s111o
fj9BI	r1b3k1/5rpp/p1p5/1p6/3P3q/1B4bP/PPP2P2/RN2R1K1 w - - 0 18	e1e8	714	1314191b1g
gdhtO	8/8/7p/R3npk1/4p3/4K1PP/8/8 b - - 9 51	e5c4 e3e2 c4a5	714	0g0p0s1o
grA7w	3r1rk1/pp4p1/4pp1B/3p4/1b4Q1/3P3P/qPP2PP1/2KR3R b - - 0 24	a2a1	714	1314191b
hqGRo	8/r3k1p1/5p1p/4n3/PR2N1P1/8/5K1P/8 b - - 4 36	e5d3 f2g2 d3b4	714	0g0p0s1o
hwhnL	r3r1k1/1b2qpp1/p2p3p/1p1P4/2pbBP2/P5PP/1PQB2K1/R3R3 w - - 7 29	e4h7 g8h8 e1e7	714	010j0y191o
mnEwr	r4rk1/4bp1p/pp1p4/qP1n1P2/P2BP3/8/2P3PP/R2Q2K1 w - - 0 27	d1g4 e7g5 g4g5	714	0y1315191o
mosgw	1r3rk1/ppbn1ppp/2pq4/3p2N1/1P1P4/P3P2P/1BQ1bPP1/R3K2R w KQ - 0 17	c2h7	714	0y1314191b
ouSkN	r5k1/2p5/p2p2pB/8/2pb1P2/1P5Q/4r1RP/7K b - - 0 28	e2e1 g2g1 e1g1	714	0p13151d1o
puOF3	rn3rk1/ppp2ppp/3b1n2/4q3/8/2N2Q2/PPP1BPPP/R1B1R1K1 b - - 5 11	e5h2 g1f1 h2h1	714	0y13151c1o
qD1at	r1b1r1k1/ppp3b1/6n1/3q1pN1/3N2p1/3B4/PP3P2/R1BQ1K1R b - - 0 17	d5h1	714	0t13141b1c
qGmxM	r3r1k1/1b3p2/7p/3p2b1/2pN1Pp1/PpP5/1P1KB1PP/3RR3 b - f3 0 25	g5f4	714	1314191b
u34We	8/p2k3p/8/4B3/1P4P1/7P/7r/2R2K2 b - - 0 31	h2h1 f1g2 h1c1	714	010p111o1p
uhtgb	8/8/4N1p1/2P2p2/8/5k2/2r4P/6K1 w - - 0 53	e6d4 f3e4 d4c2	714	0g0p0s1o
wr1P9	1r4k1/p3p2p/2p2rpQ/5b2/3p4/2q5/P1P1BPP1/2RK3R w - - 0 21	h6h7 g8f8 h7h8	714	0g0y11191o
xherv	5rk1/p2Q2pp/4p3/1p6/2b5/R7/P4rPP/R5K1 b - - 0 21	f2f1 a1f1 f8f1	714	0p13151d1o
y0M9V	2r4k/1Q4R1/p6p/2p5/8/4q3/PP4PP/4rR1K b - - 2 29	e1f1	714	060p0t13141b
ynzgC	8/8/1KB5/2P3k1/4b2p/8/8/8 b - - 2 50	e4c6 b6c6 h4h3	714	080g0p111o
zfqqK	4r1k1/5ppp/p7/2p3Q1/2P5/1P1p1q2/P5RP/4R2K b - - 0 31	e8e1	714	0p13141b
0ZdT1	8/4kp2/4p3/4Pn2/1pK5/8/P7/3R4 b - - 1 43	f5e3 c4b3 e3d1	715	0g0p0s1o
3w6bi	8/5p2/4p1p1/2kpPbPp/p1p4P/P1R1K3/1P6/8 b - - 1 43	d5d4 e3d2 d4c3	715	0g0p0s1o
45KKA	1r1q1Nk1/4bpp1/b2p3p/p1pPn3/2P5/2n3P1/P1Q2P1P/R1B2RK1 w - - 0 20	c2h7 g8f8 h7h8	715	0y1315191n1o
6ZQBj	4k3/8/5p1R/1p3B1K/p1p3P1/P5P1/1r6/8 b - - 0 50	b2h2 h5g6 h2h6	715	0g0p1o
6ePPA	8/8/8/8/7p/2k3b1/2p5/2K4R b - - 3 68	g3f4	715	0p13141b
92Pu8	3R4/5p2/4pBp1/1p2P2k/p7/rr1BK3/7P/8 w - - 6 43	d8h8 h5g4 h8h4	715	0p1113151d1f1o
97Q88	7k/pp1n2pb/2pq3B/8/3P3r/5Q2/PPP2PP1/4RRK1 b - - 0 25	d6h2	715	1314191b
ADOwI	6k1/ppp2p2/6pp/2nr1b2/4N2P/P4P2/1PB3P1/1R4K1 w - - 0 29	e4f6 g8g7 f6d5	715	0g0p0s1o
E2xE8	7k/pp4pp/2pbr3/3p3q/N2P4/4BR2/PP2Q3/6K1 w - - 4 31	f3f8 d6f8 e2h5	715	010j11191o
ElFuK	1k2r3/p1p3B1/1p5p/5R2/2P3n1/1P4P1/P1KN3P/8 b - - 0 34	g4e3 c2d3 e3f5	715	010p0s1o
K6b8f	8/8/5kp1/5p2/1r5p/4NK1B/5P2/8 w - - 2 47	e3d5 f6e6 d5b4	715	0g0p0s111o
KZTB9	4r3/8/6p1/1P3pk1/2R3b1/8/2P5/2K2B2 b - - 0 37	e8e1 c1b2 e1f1	715	0g0p0s1o
Lhiky	3r4/1pp3kp/p2b1pp1/5r2/2P2N2/5P2/PP3P1P/R4RK1 w - - 1 23	f4e6 g7g8 e6d8	715	0g0p0s1o
MPgd3	r2q2k1/1p1brppp/p7/2pp4/3P3Q/2N5/PPP2PPP/R3R1K1 b - - 3 17	e7e1 a1e1 d8h4	715	0g0j0y191o
NiWtb	r3r1k1/pbp3p1/1p2p2p/2q5/5PQ1/2BP3N/PPn3PP/R4R1K w - - 0 20	g4g7	715	0y1314191b
Nj3Yi	6k1/6p1/p7/3p4/3P1pP1/Q1P2P2/1Pq1n1PK/4RN2 b - - 7 40	c2h7	715	020p13141b
OSXHI	2r4k/pp4p1/8/3R3q/5P2/1B4P1/P6P/5R1K w - - 0 30	d5h5	715	0p13141b1f
Qsn7W	1r2kr2/5p1R/2pp1QR1/4p3/1q2P1P1/pP1P4/P1P2P2/2K5 b - - 0 24	b4e1	715	0p13141b
SRg4e	8/8/4K3/8/6p1/8/2k5/1R6 b - - 0 61	c2b1 e6e5 g4g3 e5d4 g3g2	715	000g0p10
Ul911	4r2b/1k1qr2p/p2p4/2pP1QP1/5P2/3p4/PP5P/4RRK1 w - - 0 29	f5d7 e7d7 e1e8	715	0111191o
XnB1x	2k3r1/1pp2p2/p6p/4pn2/6B1/1PPPP2P/P1K5/3R4 b - - 2 26	g8g4 h3g4 f5e3 c2d2 e3d1	715	010p0s10
bDkal	rn1q1rk1/pbp2pbp/1p1pp2B/6Qp/3P4/2N5/PPP1PPP1/2KR1BN1 w - - 0 11	g5g7	715	0y13141b1c
bcA9v	r1b2rk1/1pq1ppbp/p2p2p1/3n4/2PQ4/1P2PB2/PB3PPP/R3K2R w KQ - 0 13	d4g7	715	0y1314191b
bnCwB	r2q1rk1/pbp1b1pp/1p1pp3/3P4/1PP5/P1Q1Pp2/1B3PPP/R4RK1 w - - 0 16	c3g7	715	0y1314191b
cFbJS	8/p4p1k/6p1/4Qr1p/8/8/P5PP/5R1K b - - 0 34	f5f1	715	060p0t13141b1j
eaJPN	r3r1k1/3n2p1/R2qp2p/2p1p3/2Bp4/1P1P2QP/2P2PP1/4R1K1 b - - 0 22	a8a6 c4a6 d6a6	715	0g11191o
i0UmT	r7/p3qp1p/2p1N1pk/3p4/8/5R2/P5P1/6K1 w - - 0 31	f3h3 e7h4 h3h4	715	020p13151o
io1Za	1r5k/6p1/p6p/1p1BR3/5n2/8/PP3KPP/8 b - - 0 30	f4d3 f2e3 d3e5	715	0g0p0s111o
kAbM5	5R2/8/6kp/8/4K3/5P2/8/6r1 w - - 6 54	f8g8 g6f6 g8g1	715	0g0p111m1o1p
ktZAA	3r4/6k1/5pp1/p1p1P1N1/P7/1P5P/6PK/8 w - - 0 56	g5e6 g7g8 e6d8	715	0g0p0s1o
oIugP	1b3rk1/p4p1p/6p1/1pp5/3nB3/2R5/P4PPP/3R2K1 b - - 3 24	d4e2 g1f1 e2c3	715	0g0p0s1o
oZ4o4	Q1Rq4/4kppp/1p2p3/8/P7/4PN2/5PPP/6K1 b - - 0 23	d8d1 f3e1 d1e1	715	0p13151o
sdAHo	rnbq1rk1/ppp2ppp/3p1b2/3P4/3N4/3B4/PPP2PPP/R1BQ1RK1 b - - 4 9	f6d4 d3h7 g8h7	715	010t1c1o
tLPaJ	r1bqk1nr/pp1nbpp1/2p4p/3Qp3/2B1P3/2N2N2/PPP2PPP/R1B1K2R w KQkq - 0 8	d5f7	715	041113141b1c
tnkdL	k6r/1p4p1/p1p2p2/R2p1q1r/Q2P4/6BP/PP4P1/6K1 w - - 0 34	a5a6 b7a6 a4a6	715	0p1113151k1n1o
u5knu	6k1/5p1p/2p3p1/1qP5/2r2P2/1p1QP2P/6P1/1R5K b - - 1 33	c4c1 b1c1 b5d3	715	0g0j0p1o
uAQzr	2b2rk1/ppN2pp1/3p1q1p/2b1p3/2P1P2N/6P1/PPP2P1P/R2QK2R b KQ - 2 14	f6f2	715	041314191b
xLoKu	4R3/8/3k4/2p5/8/2n3P1/3r3P/7K w - - 0 43	e8d8 d6e5 d8d2	715	010p111o1p
ydici	8/5Qbk/3pp1p1/p6p/3BPP1P/P4qP1/8/6K1 w - - 0 41	f7g7	715	0p1113141b
yvjq5	2r3rk/6pp/6n1/p1qB2N1/3p4/1P4P1/P4P1P/5RK1 w - - 0 29	g5f7	715	11121314191b1q
0FQ7F	r1br4/pp3ppp/1bn1pk2/8/8/3B1N2/PPP2PPP/R1B2RK1 w - - 0 13	c1g5	716	1314191b
0asd1	4Q3/7k/p7/1p6/2pPb3/2P4q/P3p1P1/4R1K1 b - - 1 41	h3g2	716	0p1113141b
3W0zA	3rr1k1/bpq2p1p/p1p3p1/P4b2/1P2NP2/3BP3/2Q3PP/3RR1K1 w - - 1 22	e4f6 g8g7 f6e8	716	0g0s191o
3y46C	7k/pp4p1/1qp2r1p/4p2Q/3bB3/3P2P1/PP2R1KP/8 w - - 0 35	h5e8 f6f8 e8f8	716	0p13151o
40TBC	8/5ppk/pQ2p2p/Pqp5/8/5P1P/6PK/8 w - - 1 42	b6b5 a6b5 a5a6 b5b4 a6a7	716	000g0p101i
50XCZ	3r4/1p2k3/p1b5/2Pp2R1/2nP1P2/P5P1/2B3KP/8 b - - 2 40	c4e3 g2f2 e3c2	716	0g0p0s1o
5ULRR	2R5/p3p1kp/4q1p1/8/3p4/1P2bQ2/P5K1/8 w - - 0 37	f3f8	716	0n0p1113141b
76v33	8/8/8/1p1k2p1/1P1p2P1/3P4/1P6/4K3 b - - 23 59	d5e5 e1f1 e5f4 f1f2 f4g4	716	0g0p101e
8cVUu	3r2k1/5rpp/2nq4/p3pP2/2B4P/P1p2P2/Q1P5/1K1R3R b - - 1 25	d6d1 h1d1 d8d1	716	1315191k1o
8r40B	2rbr1k1/p1p2ppp/1pP4q/3p2n1/N2P4/3B1PBb/PP4PK/2RQR3 w - - 2 21	e1e8	716	0t0y111314191b
9ADua	4r1k1/5ppp/p7/1pnq4/3P1P2/P1PQ3P/1P4P1/4R1K1 w - - 0 33	e1e8	716	0p13141b
AWEkJ	r1bqk2r/pp1n3p/2pB1p2/2Pp1p2/3P4/2P1PQ2/P4PPP/R3K2R w KQkq - 0 17	f3h5	716	1314191b
BMzOr	r2r2k1/p1q1ppBp/2p3p1/3p4/2P1P1n1/1PN5/P1Q2PPP/3R1RK1 b - - 0 18	c7h2	716	0y1314191b
BQPTF	6k1/p4nbp/2bPp1p1/1pp1P1Pq/8/1P2QP2/PN3K2/4RR2 b - - 2 31	h5h2	716	0q111314191b
C4J9j	2q3k1/p3bppp/3p4/3Nn3/4rB2/6PP/P4P1K/5R2 w - - 0 26	d5e7 g8h8 e7c8	716	010s0t11191o
CM6eh	r1b2r1k/pp3ppp/4pb2/8/5Pq1/Q7/5PPP/1R1R3K w - - 0 24	a3f8	716	0t0y1314191b
CSjcC	Rb3rk1/5ppp/2nqpn2/2Np4/1P1P4/1B2QP2/1PPB1P1P/5RK1 b - - 0 20	d6h2	716	0y1314191b
CT12e	2rqr2k/1b1n1ppB/p2bp2p/1p1pN3/3P4/P1B1P3/1PQ2PPP/2R1R1K1 w - - 7 20	e5f7	716	0y1314191b
I4MgY	2r3k1/pb3p1p/1pN1p1p1/8/3p1P2/P3P1qP/1PQ3P1/5RK1 w - - 5 29	c6e7 g8g7 e7c8	716	0g0p0s1o
IQsLp	r3k1nr/1p2bppp/p3p3/2p1P3/P4P2/R1Nq1P2/1P1P3P/2BQK2R b Kkq - 2 14	e7h4	716	071314191b
K8vGR	8/p4k1p/5pp1/8/2r1B2P/4K3/P4PP1/8 w - - 0 35	e4d5 f7f8 d5c4	716	0g0p0s1o
PNuUr	4r3/7p/1knB1p2/1q6/1b3Q2/7P/P5P1/1RR1r2K w - - 1 37	c1e1 e8e1 b1e1	716	01191o
PV8fa	6k1/1p1N4/5bp1/3q1p1p/3P1P1P/3K4/p5P1/3R4 w - - 0 47	d7f6 g8f7 f6d5	716	0g0p0s0t111o
QKJpH	8/1p1n4/3Bk1p1/2Pb2P1/1K2p3/8/4B3/8 w - - 2 52	e2g4 e6f7 g4d7	716	0g0i0p111o1p
RL2hE	2r2rk1/pp1b1pbp/6p1/3q4/P3Np2/5Q1P/1PB2PP1/R4RK1 w - - 0 21	e4f6 g7f6 f3d5	716	010j191o
RyiLL	1r4k1/3R1ppp/p4b2/4p3/Q3P3/2q1BP2/Pr4PP/3R2K1 w - - 4 26	d7d8 b8d8 d1d8 f6d8 a4e8	716	0y101316191n
Sjtpe	4q3/4p1rk/p2pN2p/1p1P3P/n2Q4/8/PPP5/2K5 w - - 0 34	d4g7	716	0p13141b
Sp7MC	6R1/8/4kp2/7P/8/5PK1/8/2r5 b - - 0 58	c1g1 g3f4 g1g8	716	0g0p111m1o1p
XWYd5	3k4/1p4pp/p4p2/3p4/1P1rnN1P/4R1P1/8/6K1 w - - 0 32	f4e6 d8e7 e6d4	716	010p0s11121o1r
Y5oNq	8/1p1k4/1P6/2BPn3/5K2/8/8/8 b - - 0 75	e5d3 f4e3 d3c5	716	0g0p0s111o
YvD5X	1k1r4/pp4Q1/8/2p2P2/b7/2P1q1N1/PP4PP/K3R3 b - - 2 29	e3e1	716	060p0t13141b
bRugq	8/2k1K3/2p5/2Pp2N1/3b4/8/8/8 w - - 0 56	g5e6 c7c8 e6d4	716	0g0p0s111o
cDoKR	2kr2r1/p1pp4/1p2p3/7p/2P1Q3/3K2Pn/P4q1P/3R4 w - - 0 25	e4a8	716	0p13141b
cQGnU	5rk1/6q1/8/3R3Q/8/5pP1/2P2P1P/6K1 b - - 1 40	g7a1 d5d1 a1d1	716	0p13151o
cdawf	r1bq1rk1/pp1n3p/2p3p1/3pP3/6PR/P1N1P3/1PPBB3/R2QK1N1 b Q - 0 16	d8h4	716	0t13141b1c
fpC5X	2r2rk1/pp3p1p/5qpQ/3p1p2/8/7R/PPP2PPP/3R2K1 w - - 0 24	h6h7	716	0p0y13141b
iDJ4H	4r1k1/6pp/2Q5/q2p4/6bP/3BKp2/1P3P2/7R w - - 1 33	c6e8	716	0p0t13141b
iEHZF	1r4k1/4p1rp/p2p4/1pp1p3/q1P1P3/3P1N1P/2Q2PP1/1R4K1 w - - 0 32	c2a4 b5a4 b1b8	716	0g0p1o
kgtm6	rn3rk1/pp3ppp/2pq4/4p3/2P5/2PB1P2/P2Q3P/R4R1K w - - 1 17	d3h7 g8h7 d2d6	716	0g0j0y191o
l7dlK	r5k1/p5pp/1pp5/3nP3/5r2/B4B2/P5PP/5R1K w - - 1 25	f3d5 c6d5 f1f4	716	010j0p111o
mHbWU	8/kp1r4/p7/Pn3N2/KP2R3/8/8/8 b - - 0 46	b5c3 a4b3 c3e4	716	0g0p0s1o
oS1m2	7r/pp3pk1/8/2pPR1pr/8/P1P3P1/1P4P1/1R4K1 b - - 2 35	h5h1 g1f2 h1b1	716	010p1m1o1p
x3z2n	6k1/5r1p/r3R1pB/8/3b4/7P/1P3PP1/6K1 w - - 0 30	e6e8 f7f8 e8f8	716	0p13151d1o
xl1s8	8/7p/R7/6p1/5nPk/p6P/4q3/6RK w - - 3 53	a6h6 f4h5 h6h5	716	0p1113151o
xq3AX	r3k2r/p4pp1/8/1p1pBq2/1bpPn1B1/4P2P/1P3PP1/R2Q1K1R b kq - 0 21	f5f2	716	1314191b
y0eBB	6k1/1p3pP1/3p4/3Pr1R1/P7/7K/8/8 w - - 1 53	g5e5 d6e5 d5d6	716	0g0p1m1o
y9H7y	r1bq1rk1/pp4pp/2p1pb2/3pNp2/2PPnP2/4P3/PPQN1PBP/R5RK b - - 3 14	e4f2	716	0y1314191b1q
0B0MH	4r3/2R1bk2/8/P3Qp2/5Bq1/6Pp/1P3P1P/6K1 b - - 0 32	g4d1 e5e1 d1e1	717	0p13151o
0JmAe	r2q1k1r/1b1ppp1p/p3P1pb/Pp6/3Q4/2N2N2/1PP2PPP/R3K2R w KQ - 1 14	d4h8	717	0t111314191b
0KcR3	Q7/6k1/5q1p/8/2B5/P7/KPP2r2/8 w - - 9 55	a8g8	717	0p13141b1s
1L3kj	7k/4r1pp/4P3/5p2/P3n3/3QP3/4K2P/r7 w - - 0 34	d3d8 e7e8 d8e8	717	060p0s13151o
2OSK4	rnb2r1k/pp4p1/1qP4p/5p2/5Bn1/2NQ1NP1/PPP3BP/R4K1R b - - 2 15	b6f2	717	1314191b
3v8hi	5k2/1R5p/4p1p1/1p6/2n2qP1/P2R3P/1PP5/1K6 w - - 0 34	d3d8	717	0p111213141b
Axwtb	r2qkb1r/ppp1pppp/5n2/4N3/8/1QP3P1/P2PPPbP/R1B1K2R w KQkq - 0 10	b3f7	717	0413141b1c
BjZva	r4rk1/pp3ppp/3b1B2/1Q6/4pq2/1N3P2/P5PP/R3R2K b - - 0 21	f4h2	717	0y1314191b
G906C	8/8/5p2/2R5/2P2pk1/8/3n1K2/8 b - - 0 60	d2e4 f2e1 e4c5	717	0g0p0s1o
HzwFN	8/8/8/5k1p/5p2/1r3Nb1/6P1/5R1K w - - 0 50	f3d4 f5e5 d4b3	717	010p0s1o
IVxiy	r5k1/1b4pp/p1n1R3/2p5/1pB1P3/8/PPPr3P/2K5 w - - 0 22	e6e8	717	0k0m0p13141b1f
JikMm	8/8/2R3K1/p7/6p1/5nk1/8/8 b - - 1 63	f3e5 g6f5 e5c6	717	0g0p0s111o
MTBKB	3r4/7p/pp4pk/4N3/4p1P1/P1P4P/P4P1K/8 w - - 0 35	e5f7 h6g7 f7d8	717	0g0p0s1o
NaCYU	7r/4bkpp/1pb2B2/2pq4/8/3P4/PPP2PPP/R2Q1RK1 b - - 0 18	d5g2	717	0y1314191b
O7v1h	8/5p2/6k1/3Kp3/6n1/8/8/5R2 b - - 3 53	g4e3 d5d6 e3f1	717	0g0p0s111o
P8Dct	8/6pk/p6p/1p3N2/1q1QP3/8/PP4PP/6K1 b - - 5 39	b4e1	717	0p1113141b
RKAPJ	2r3k1/ppbq2pp/4p3/P2pP3/1B1P1Q2/7P/1Pb3P1/5RK1 w - - 0 28	f4f8 c8f8 f1f8	717	0y1315191d1n1o
RSshZ	8/3b2k1/4p2p/3nP1pP/2BP4/2P3B1/P5P1/5K2 b - - 0 37	d5e3 f1e2 e3c4	717	010p0s1o
RdnXB	r1b3k1/p4ppp/5q2/2p5/8/P2B4/1PPb1PPP/R3Q1K1 w - - 0 16	e1e8	717	1314191b
UhNpB	rnb3k1/ppp2ppp/8/8/8/1N2r3/qPP2PPP/2KR1B1R w - - 0 15	d1d8 e3e8 d8e8	717	060s1315191o
VJfGN	8/5p2/3p3Q/np3kP1/4bn2/P6P/1PP2qP1/6RK w - - 1 34	h6f6	717	0p13141b
WLTv1	2kr4/ppp2p2/8/1P1nP1pp/3q4/3B4/P2Q4/RK6 w - - 0 29	d3f5 c8b8 d2d4	717	0g0j0p1o
Xj2FG	4r1k1/pb2rppp/1pp5/4n3/5P2/1BN4P/PPP3P1/3RR1K1 b - - 0 21	e5f3 g2f3 e7e1 d1e1 e8e1	717	010j0y1019
XzTIw	8/8/8/4k1p1/4npP1/5K1P/8/1B6 b - - 5 62	e4d2 f3e2 d2b1	717	0g0p0s1o
Y5Iup	8/4r3/4p3/k3P1R1/3Pp1P1/7r/1R2K3/8 b - - 0 50	h3h2 e2e3 h2b2	717	0g0p1m1o1p
YuO9v	Q7/8/3R4/6pk/1p3n2/1P3PK1/2P1r3/8 b - - 0 52	e2g2	717	0p0u111213141b
ZXNHf	6rk/6n1/p4R1p/1p4n1/4B3/4K3/P7/8 w - - 3 46	f6h6 g5h7 h6h7	717	0p13151o
ZXZ7I	3r2k1/pp4pp/4Pp2/5P2/4Q3/3rB1Pq/PP3R1P/R5K1 b - - 0 26	d3d1 a1d1 d8d1 f2f1 h3f1	717	0y10131619
b4hiE	2k5/pp1n4/2p1r1r1/8/5q2/3Q4/PPP5/1K1R1B2 w - - 0 34	d3d7 c8b8 d7d8	717	1315191o
ctUTL	7k/pp4rp/8/8/5p2/1P3PbP/PBq3P1/3R3K w - - 0 29	d1d8	717	0p13141b1g
dU7Ue	8/p7/8/4k3/1p1n3R/7P/r5PK/3R4 b - - 1 34	d4f3 h2g3 f3h4	717	0g0p1g1o
esPr3	r5k1/1p3ppp/4p3/1P2P3/3n1PP1/p3K2P/8/1R2R3 b - - 1 32	d4c2 e3d3 c2e1	717	0g0p0s111o
fxFLH	8/pp5p/6pk/5n2/4p3/1P6/P5KP/3R4 b - - 1 43	f5e3 g2f2 e3d1	717	0g0p0s1o
oWrMe	6k1/p4r1p/4p1pQ/3p1b2/8/5q2/P6P/2R1K3 w - - 0 35	c1c8 f7f8 c8f8	717	0p0x13151o
od3Ic	4r1k1/5p2/4rn1p/1pp1N3/p1qP1Pp1/P1PQ2P1/1P2R1P1/4R1K1 b - - 3 27	c4d3 e5d3 e6e2 e1e2 e8e2	717	011019
pJAW3	5rk1/2p2p1R/p5qQ/4p3/4P3/1BP5/P2r1P2/6K1 w - - 0 47	h6g6	717	0p13141b1g
rJ2fx	r1b1k2r/ppp2pp1/2pq4/2b4p/4P1n1/3P3P/PPP1BPP1/RNB1QR1K b kq - 6 10	d6h2	717	13141b1c
sXAn5	r1bq2k1/ppp2ppp/3b4/3Q4/8/2P1PNP1/PP1N2P1/R3K2R b KQ - 0 14	d6g3 e1f1 d8d5	717	0g0j191o
spCY9	8/8/8/8/8/7p/5B1k/4K3 b - - 0 67	h2g2 e1e2 h3h2	717	00080g0p1o
tnwqO	3r3k/6pp/p7/2p1q3/7b/3QB3/P1P3PP/5RK1 w - - 8 33	d3d8 h4d8 f1f8	717	060p13151n1o
v8Tz2	r2q4/p5pk/1pp1pr1p/2Pp4/1PbP2Qb/2N1P1R1/P5P1/R1B3K1 w - - 0 19	g4g7	717	1314191b
vEE0Z	5b2/N2k4/1B6/p3PP1p/Pp3K1P/6P1/1P1n4/8 b - - 4 55	f8h6	717	0p13141b
wfO3j	2b2rk1/3pb1pp/2p2n2/P1P5/2P5/8/3N2PP/B2Q1BKR b - - 0 17	e7c5 a1d4 c5d4	717	0l1315191o
xrwAe	1q3k1r/4np2/1p4p1/2N2P1p/4P1n1/Q6P/PPP3P1/R1B2R1K b - - 0 22	b8h2	717	1314191b
zwa2O	r4bk1/1p5p/6p1/p7/4P1n1/P1BB2Nb/1P5P/R5K1 w - - 0 26	d3c4	717	0l11121314191b
zx2zu	1r5k/7p/1r6/5pp1/B2PpP2/P1P1P1PP/3R3R/2K5 b - - 0 38	b6b1 c1c2 b8b2	717	090p13151k1o
0nEdG	8/pp4Rp/2k1p3/3pB3/3P4/7P/2q3P1/6K1 w - - 0 28	g7c7 c6b5 c7c2	718	0g0p1o1p
1HyiF	3b4/6kp/4p1p1/p1R5/P3P3/5PP1/7P/6K1 b - - 0 36	d8b6 g1f1 b6c5	718	0g0p1g1o
20N2c	2r3k1/p4ppp/4p3/Q7/3P4/1Prn3P/PR3PP1/1K1R4 b - - 0 32	c3c1 d1c1 c8c1	718	0p13151k1o
3IuyC	r1b4k/5r1p/p2p2pB/P1pPp1Q1/2n1P3/2P4q/2B2P2/R3R1K1 w - - 0 38	g5d8 f7f8 d8f8	718	0y1315191o
3JkZH	r2qkbnr/pp1np1pp/2p5/4Np2/2QP2b1/8/PP2PPPP/RNB1KB1R w KQkq - 1 7	c4f7	718	13141b1c
8kHgG	3r1k2/p3rP2/1p5n/n2pP3/3p2P1/P1P5/2q4P/2B1RRK1 w - - 0 32	c1h6	718	111314191b
9au9t	2k4r/2p4p/p1p2p2/6p1/4Pn2/P3BP2/P2P1P1P/2R3K1 b - - 1 21	f4e2 g1f1 e2c1	718	010p0s1o
Bupjv	r4rk1/1bp2ppp/p1N1p1q1/2p5/Q2p4/2P1P3/PP3PPP/R4RK1 w - - 0 17	c6e7 g8h8 e7g6	718	010s191o
C7tNn	r4k2/1p3ppQ/p4b2/8/3p4/1P1Br3/P1P2KPP/8 w - - 2 24	h7h8 f8e7 h8a8	718	0g0p1o1p
CCsd5	2r5/6k1/p1r1ppnp/1pNp4/1P1P2P1/P1R2P2/5K2/2R5 w - - 2 45	c5e6 c6e6 c3c8	718	0g0i0j0p111o
CN44q	r2q2k1/pp4p1/7p/2p5/3b1Q2/8/PP2NPPP/3R2K1 b - - 1 20	d4f2 g1f2 d8d1	718	0g0j0p1o
Ffki5	r2q3k/p5pp/5r2/1pP5/1P6/P1Q2nP1/7P/2R2RK1 w - - 0 27	f1f3 f6f3 c3f3	718	01191o
G1Suj	8/8/1p1k4/p2P1K2/P3n3/1P6/4B3/8 b - - 2 53	e4g3 f5f4 g3e2	718	0g0p0s111o
GGFVz	6k1/pbp3p1/1p4P1/3ppK1P/P1n5/6N1/2P3P1/3R4 b - - 1 38	c4e3 f5e5 e3d1	718	0g0p0s1o
H76AM	3r1r1k/p4Qpp/6n1/1B4q1/8/2P1pR2/PP4P1/5RK1 w - - 5 28	f7f8 g6f8 f3f8 d8f8 f1f8	718	0610131619
HXrL0	rnb1k2r/ppp2ppp/8/4q3/1b6/2nQB3/PPP2PPP/2KR1BNR w kq - 0 11	d3d8	718	13141b1c
L9jaS	k1brr3/2p2ppp/p1Np3q/8/4P3/1R6/PPP2P2/1K1R4 w - - 0 23	b3b8	718	031314191b
N7juZ	8/1p3p2/4p3/8/7P/2k1qK2/8/8 w - - 0 62	f3e3 b7b5 h4h5 c3c2 h5h6 b5b4 h6h7 b4b3 h7h8q	718	000g0p0t1h1l1w
ON08E	3k4/3Pn1pp/3Rp3/8/5P2/6KP/8/8 b - - 2 42	e7f5 g3f3 f5d6	718	0g0p0s1o
PXI1F	3r2k1/6pp/Q3pp2/1p6/3qP3/8/P4PPP/2R3K1 b - - 0 25	d4d1 c1d1 d8d1	718	060p13151n1o
SAxJI	r1b1k2r/1p3ppp/p1pp4/2b5/4PPn1/3B4/PPPB2PP/R2Q2RK b kq - 0 14	g4f2	718	1314191b1q
W7bX2	8/5P2/3R4/2p5/8/1p2kb1R/1P4r1/2K5 b - - 0 54	g2g1 d6d1 g1d1	718	0p13151d1o
WhW4a	r2r2k1/5pp1/2n2q1p/3p4/pp3P2/3BR1P1/PPP1Q2P/1K2R3 w - - 0 25	e3e8 d8e8 e2e8 a8e8 e1e8	718	0y101316191f1n
Wkf8v	6k1/5pp1/3Pb3/1p6/1Q5p/P6P/1P1q4/K1R5 b - - 3 34	d2c1	718	0p0t1113141b
ZcnmC	rn2kb1r/ppp2pp1/2q1pn2/4N3/2PP2b1/2N3Pp/PP2BP1P/R1BQ1RK1 b kq - 1 10	c6g2	718	13141b1c
apXHq	7k/p5r1/7p/2p1Q1p1/2P1K1P1/2P2PP1/6r1/8 b - - 3 44	g2e2 e4d5 e2e5	718	0g0p1j1o1p
bEVQ0	3r4/p5pp/3B1pk1/2P5/3P2q1/5P2/P1bQr1PP/R4RK1 b - - 0 24	g4g2	718	0y1314191b
cTd8D	8/5Kpk/8/6r1/8/1R6/8/8 w - - 4 62	b3h3 g5h5 h3h5	718	0p13151m1o
d2xnK	r7/5kp1/p5p1/1p1P4/1P2PP2/1R5P/7r/R4K2 b - - 0 31	h2h1 f1f2 h1a1	718	0g0p1m1o1p
dQ0Hg	1r4k1/6p1/1P5p/2pN4/3n4/7P/5PP1/2R3K1 b - - 2 41	d4e2 g1h2 e2c1	718	0g0p0s1o
g2jQG	r4rk1/ppp2ppp/2nq4/8/4P1n1/2NP4/PPP1N1PP/R3QRK1 b - - 6 13	d6h2	718	0y1314191b
koJGe	3r4/3rk1p1/5p1p/p6B/1q6/1P4Q1/PB3PPP/2R3K1 b - - 4 27	d7d1 c1d1 d8d1 h5d1 b4e1	718	101316191n
n2fam	8/8/2p5/1p6/4KP2/1k6/8/8 w - - 0 47	f4f5 b5b4 f5f6 b3c2 f6f7 b4b3 f7f8q	718	000g0p1e1h1l1w
nK2LR	7k/pq4bp/3rQ1p1/4pp2/3p2b1/3P2P1/PPPB1P2/R5K1 w - - 0 24	e6e8 g7f8 e8f8	718	0y111315191o
oyXQx	8/5pk1/4p1p1/4P3/1pQ1pP2/r1P3K1/6P1/8 b - - 0 39	a3c3 c4c3 b4c3	718	0g0p0s1j1o
pRfL2	4r1k1/2b2pp1/p2q3p/1p3N2/4P2Q/2P4P/PP1BRPP1/R5K1 b - - 4 25	d6h2 g1f1 h2h1	718	0y1315191o
qOGwv	8/3b1N1p/6k1/1ppp2p1/4p3/1P6/P4PPP/5K2 w - - 2 41	f7e5 g6f5 e5d7	718	010p0s1o
sJp9x	4rr2/pp2Nppk/5b2/q7/8/4R3/P1P2PPP/3R2K1 w - - 0 20	e3h3 f6h4 h3h4 a5h5 h4h5	718	0210131619
t2vFL	6k1/6p1/2KP2P1/2P2P1P/8/2n5/p7/8 w - - 0 57	d6d7 a2a1q d7d8q	718	000p0z13151h1o
tcBX0	r1b2rk1/pp1q1ppp/3b4/3Q4/8/4PN2/PP2BPPP/R4RK1 b - - 0 16	d6h2 f3h2 d7d5	718	010j0y191o
vjHEx	8/2Q5/2p1q1p1/6kp/8/2P3P1/5K2/8 w - - 3 50	c7f4	718	0p13141b1i
xs25O	2k1r3/p2n1p1Q/1p3Pp1/2p3P1/8/4qP2/PPPN3P/R1K4R b - - 3 19	e3e1 h1e1 e8e1	718	061315191n1o
yHegC	6R1/p7/1p5k/7p/7P/5PK1/PP6/3r4 b - - 4 55	d1g1 g3f4 g1g8	718	0g0p1m1o1p
z8hWI	3r3k/R6p/8/4N1p1/3n1p2/7P/5PK1/8 w - - 0 36	e5f7 h8g7 f7d8	718	010j0k0p0s1o
0LROK	8/7p/5pk1/1p1rBR2/p3K3/P1P5/1P6/8 b - - 0 41	d5e5 f5e5 f6e5	719	0g0p111o
0iDgX	4rrk1/p1p4R/5p2/1q1p2p1/2nP1P2/P1P1P1P1/2Q2P2/2K5 w - - 0 27	c2g6	719	0p13141b
12lnh	8/4k3/6K1/1R6/3p4/3P4/1Pb5/8 b - - 0 53	c2d3 g6g5 d3b5	719	0g0p0s111o
4pM3f	2r3k1/5ppp/8/qN1b2Q1/P2p3P/5P2/1PP3P1/R1K1R3 b - - 0 23	a5e1	719	1314191b
8aGNI	2r5/k7/p2Q4/4p3/6p1/6R1/PP3P1P/1K3N1q b - - 4 34	h1f1 d6d1 f1d1	719	0p0t13151o
8upmV	8/8/4k3/5R2/3PK3/8/8/r7 b - - 12 68	a1e1 e4f4 e1f1	719	0g0p111m1o
91B2o	2r2bk1/5pp1/p2p3p/1n1Pp3/1P6/PBnR1P2/1B4PP/2R3K1 b - - 2 37	c3e2 g1f1 e2c1	719	0g0s191o
9Wtld	r2r2k1/pp2ppbp/6p1/2p5/3n4/3P2P1/PP1BPPBP/2RR2K1 b - - 2 14	d4e2 g1f1 e2c1	719	0g0s11191o
BZ0xP	8/8/8/2k5/6p1/4KpP1/5P2/8 w - - 4 52	e3f4 c5d4 f4g4	719	0g0p1e1o
CeQIM	8/5p2/6p1/2B2p1p/p3bP1P/P5K1/5P2/6k1 w - - 9 64	f2f3 g1f1 f3e4	719	01080j0k0p1o
DStvD	1b5r/6k1/5pn1/P2B4/R2QP3/7P/5PPq/2R2K2 b - - 0 37	h2h1 f1e2 h1c1	719	01191o1p
EGtL9	r2q1r2/pp2N1pk/n7/2npP3/2P2P2/R7/6PP/5R1K w - - 0 24	a3h3	719	021314191b
EQ5SG	r5k1/5p2/3p2pp/2pP4/1pP2PqP/rP2R1P1/1Q5K/4R3 w - - 2 35	e3e8 a8e8 e1e8 g8h7 e8h8	719	0p0y101316
Ey7UI	3r4/8/8/4kpN1/7P/6P1/5PK1/8 w - - 7 53	g5f7 e5d4 f7d8	719	0g0p0s1o
FdhjU	6k1/1p3pp1/1bp4p/p2p1N1q/7P/P1Q3P1/1P3r2/3R2K1 w - - 0 37	c3g7	719	0p13141b
I7Cd2	r1bqk2r/pppp1ppp/2n5/8/5B2/5P1P/PPP1P3/RN1QKB1R b KQkq - 0 10	d8h4 e1d2 h4f4	719	010s1c1o
ICB6c	rnb1r1k1/ppp1qppp/3p1n2/8/2PP4/P1P2N2/4BPPP/R1BQ1RK1 b - - 1 10	e7e2 d1e2 e8e2	719	011c1o
ItxkB	1r4k1/6bp/2r3p1/p1BN1p2/1P6/7P/5PP1/5R1K w - - 0 33	d5e7 g8f7 e7c6	719	010p0s1o
LVnty	3r2r1/p3kp2/2q2p2/5Q2/3P4/4p3/P1P2PPP/R3R1K1 b - - 0 22	c6g2	719	0p13141b
LwAjU	6k1/2p2p1p/Q2p2p1/8/8/4bN2/PRr3PP/7K b - - 0 31	c2c1 f3e1 c1e1 a6f1 e1f1	719	060p101316
M3Uj6	2r2rk1/p3qpp1/3np3/1p1p3R/3P4/2P5/PPQ2PPP/R5K1 w - - 0 21	c2h7	719	1314191b
MW5DX	8/6RK/r3k3/8/8/8/8/8 w - - 31 83	g7g6 e6f5 g6a6	719	0g0p111m1o1p
NLhgY	3kr3/pp1n3p/2p5/P7/1P6/2P2B2/3N1bPP/R2K4 b - - 2 25	e8e1 d1c2 e1a1	719	010p1o1p
PB9wt	1rb3k1/p1p2ppp/1pB2q2/3rR3/8/2P5/PP3PPP/R1B3K1 w - - 0 18	e5e8	719	061314191b
PmU7Y	8/5R2/8/8/5K2/8/4r3/4k3 b - - 45 92	e2f2 f4e5 f2f7	719	0g0p1m1o1p
Q44cn	2r3k1/5p2/4bP2/3q4/6pp/P2B4/1PPQ3P/1K3R2 b - - 5 39	d5a2 b1c1 a2a1	719	0p13151o
RJZJq	3rk3/2Rn2p1/p3pb1p/1pBb4/8/1P1B1N2/P5PP/6K1 w - - 6 31	d3g6	719	111314191b
SbFHU	6k1/2p3p1/4p2p/5p2/3P4/1rn1P1P1/3N1PP1/2R3K1 b - - 13 33	c3e2 g1f1 e2c1 d2b3 c1b3	719	0g0p0s10
T7mBV	r1b1k1nr/pp3ppp/4p3/q1Np4/1n6/B4N2/P1P1PPPP/R2QKB1R b KQkq - 0 8	b4c2	719	0k0m13141b1c
TWk3C	2r3k1/ppq2pb1/2r3bp/3pN1p1/3P4/1P2P1BP/P2Q1PP1/R1R3K1 b - - 0 24	c6c1 d2c1 c7c1 a1c1 c8c1	719	0g1019
aLELX	2r2r1k/5p1p/p3bb2/3q1p2/8/6R1/1Q2R1PP/6NK w - - 8 30	b2f6	719	0t1314191b
bGwQi	8/2p5/3kp3/3p4/1r1n4/2Q5/1PP5/2K5 b - - 3 49	d4e2 c1d2 e2c3	719	0g0p0s111o
cYrdK	r3kb1r/p1p2ppp/2p1pq2/5b2/8/5Q2/PPPP1PPP/R1B1K2R w KQkq - 0 11	f3c6 e8d8 c6a8	719	010s191o
fzR0e	4k3/3b2B1/2p2Q2/1pPp1p2/1P1P4/2q2PPB/1r5P/6K1 w - - 2 33	f6f8	719	0p13141b
hfM4m	3q1r2/1p5k/5bR1/3p3p/5Q1P/1N6/r1PK1P2/8 w - - 1 28	f4h6	719	1314191b
hkEr6	3r4/pk4pp/2p5/8/8/3rBb2/PPR3PP/2K2R2 b - - 0 23	d3d1 f1d1 d8d1	719	0p13151d1o
ixvnb	r3r1k1/pp3p1b/2q2p1b/7P/2pP1P2/2P4N/PP1R1Q2/K2B3R b - - 4 26	c6h1 f2g2 h1g2	719	0g0t191o
jCf7j	2r3k1/5Npp/5R2/3R4/3P4/1P2b3/1P4PP/7K b - - 0 29	c8c1 f6f1 c1f1	719	060p13151o
kYph3	8/5kpp/5b2/4pN2/P1q1P3/7P/2r2PP1/R4RK1 w - - 1 27	f5d6 f7e6 d6c4	719	0g0p0s1o
nQgk0	5r1k/ppq3p1/5R1p/3p4/8/2PB4/PPn3PP/4R2K w - - 0 28	f6f8	719	0p0t13141b1f
nbeo8	r3r1k1/1pq2p1p/p2p2p1/2pP4/P1Nb1PQ1/2N5/1P3RPP/R1B4K b - - 0 19	e8e1 f2f1 e1f1	719	061315191o
njsSN	8/1Q6/8/p1qR4/8/1P2k3/P5PP/1n4K1 b - - 0 42	c5c1 d5d1 c1d1	719	0p13151o
o15va	r1bq2k1/p4pp1/2p2n1p/n7/8/2NBr3/PPP1N1PP/R2QK2R w KQ - 0 17	d3h7 g8h7 d1d8	719	0g0j1c1o
sed90	5r1k/2Q3p1/p2N3p/4p3/1P3q2/1P4R1/1P3rPK/8 w - - 2 36	c7g7	719	0p1113141b
toWYP	8/8/1p1k4/3p2p1/K1pP2P1/2Pn1P2/P7/3B4 b - - 18 48	d3b2 a4b4 b2d1	719	0g0p0s1o
utxLE	2k1r3/1pp4q/p3p1r1/n7/Q7/2P2N1P/1P3PP1/3R3K w - - 0 31	a4e8	719	0t1314191b
vMXpr	3R4/pp3pk1/2p3pp/2P1q3/5Q2/1P2P3/P4PPP/6K1 b - - 2 29	e5a1 d8d1 a1d1	719	060p13151o
xxrUL	r3kb1r/ppp2pp1/4p2p/3pP1q1/3Pb3/3BP3/PPP3PP/R1BQ1RK1 b kq - 1 11	g5g2	719	0y1314191b
3902F	8/7p/2R1n3/P1b2k2/8/8/4K1PP/8 b - - 0 50	e6d4 e2d3 d4c6	720	0g0p0s1o
AEiec	1k1r4/p6p/8/1P3Q2/8/3r4/3K2PP/8 w - - 0 38	f5d3 d8d3 d2d3	720	0g0p1j1o
BSui7	5k2/5p1p/p5p1/1p2P3/8/KPn5/P1PR3P/8 b - - 1 34	c3b1 a3b4 b1d2	720	0g0p0s1o
Bs5TW	1r6/6kp/B5p1/1p1R4/1P3P1P/P5P1/K3n3/8 b - - 2 34	e2c3 a2b2 c3d5	720	0g0p0s111o
E7pIA	8/2N1b2p/1k6/1p6/1P3PP1/P4n1P/K7/8 w - - 3 43	c7d5 b6c6 d5e7	720	0g0p0s1o
FxBvI	r4rk1/1p1b1p1p/p2p2pb/2pP1P2/3pP2q/1P1P4/P2QB1PP/2B1RRK1 w - - 3 20	d2h6 h4h6 c1h6	720	0g191o
G5cn6	8/1p4p1/4K2p/3P1p2/3k4/4nPP1/7P/8 w - - 1 44	d5d6 d4d3 d6d7	720	000g0p0z1o
IGYOd	1r3rk1/2qbbpp1/3p1n1p/3P4/2p1N3/3Q1P1P/2B1N1P1/R4RK1 w - - 0 23	e4f6 g7f6 d3h7	720	0d0y1315191o
Jc62n	8/5p1p/3p1kp1/8/2P1K3/2r1N1P1/5P1P/8 w - - 8 47	e3d5 f6e6 d5c3	720	0g0p0s11121o1r
KX3aH	B7/8/2p2kp1/1p3p1p/1n5P/2P1K3/8/8 w - - 0 44	c3b4 c6c5 b4c5	720	0g0p0t1o
QVqqO	6k1/6p1/2Nrpn1p/1p3q2/p3p3/1P5P/PQ3PP1/2R3K1 w - - 0 36	c6e7 g8f7 e7f5	720	0g0p0s1o
R6g6I	r4k1r/p1pqb1p1/1pN2nBp/8/3P2b1/1Q6/PP3PPP/RN4K1 w - - 0 18	b3f7	720	1314191b
RJfQy	1rbr2k1/1pq2pbp/p3pnp1/2p1n3/1P2P3/1NN1BP2/P2QB1PP/2RR2K1 w - - 0 19	d2d8 c7d8 d1d8	720	0g0y191o
WRiln	r3k3/ppq2pp1/2P1p1p1/8/4p1P1/2B1P2r/PP2QP2/R4RK1 b q - 0 18	c7h2	720	1314191b
X936A	4r1k1/6pp/p1p2p2/3pnP2/3B4/1PP5/P4PPP/4R1K1 b - - 1 25	e5f3 g2f3 e8e1	720	010j0p111o
Zub72	2r1k2r/1pq1bpp1/p1n1p1p1/3p3n/Q2P2P1/P1NBPP1P/1P6/R3BK1R b k - 0 18	h5g3 f1g2 g3h1	720	010s191o
ZvWRf	r1b1k2r/p5pp/2p5/n1b1pp2/6nq/2NB1Q2/PPPP1PPP/RNB2RK1 b kq - 5 12	h4h2	720	0y111314191b
a0vRD	r7/Prp5/2p1p3/4Pkpp/1P1p1P2/R4K2/5P1P/6R1 w - - 0 39	g1g5	720	0p13141b1m
ab13T	r1bq4/p1bpk2p/2p1prp1/6Q1/4N3/2P5/PP3PPP/2KR1B1R b - - 1 17	c7f4 g5f4 f6f4	720	0g0s191o
cE3vl	r4rk1/ppp3pp/3q1p2/3Pn3/4P3/6PB/P2Q1P1P/R4RK1 b - - 4 17	e5f3 g1g2 f3d2	720	0g0s191o
d96zz	r4rk1/ppp2pp1/3p3p/4p1q1/4Pn2/1P1PQN1P/1PP2PP1/R4RK1 b - - 1 16	g5g2	720	0y1314191b
eejQV	r2qr3/p1p2pk1/1p5p/2NPP1p1/2P2pn1/3Q4/PP4PP/R1B1R2K b - - 0 17	g4f2 h1g1 f2d3	720	010s11191o
fPZEH	8/8/4p3/2k1b3/3r2P1/4Q3/2P5/2K5 b - - 2 40	e5f4 e3f4 d4f4	720	0g0p111g1o
gcZDQ	Q7/8/8/5k2/2b1p3/3p2Pp/5P1P/5K2 b - - 0 52	d3d2 f1g1 d2d1q	720	000j0k0p13151h1o
iyLuX	3r1rk1/pp1q1p2/1bn3pp/4pb2/2B1N2P/P1PP1P2/1P6/R2QK2R w KQ - 0 20	e4f6 g8g7 f6d7	720	010s191o
j4C0B	4r1k1/2p3pp/p1RN4/5r2/8/8/PPP2RPP/6K1 b - - 0 21	e8e1 f2f1 e1f1	720	0p13151o
kSZE4	r3k1nr/2p2ppp/ppp4q/4P3/2N2b2/5Q2/PPP2PPP/R1B2RK1 b kq - 2 13	h6h2	720	0y111314191b
lv0Ui	4k3/p1pqr1r1/2p2RP1/7Q/8/3P3P/P1P3P1/7K w - - 1 28	h5h8 g7g8 h8g8	720	0p13151o
nMTo9	rnbqkbBr/pp4pp/3p4/2p1p3/1P6/1QP5/P2P1PpP/RNB1K2R w KQkq - 0 8	b3f7	720	13141b1c
nv5EB	2rq1bk1/pp3ppp/8/3p2B1/8/2PQ1P1b/PPB2P2/R3R1K1 b - - 0 20	d8g5 g1h2 g5g2	720	0y1315191o
qHWdr	rn4k1/pp3ppN/3p3p/3P4/6b1/3B4/PP1K1PPP/4R3 w - - 4 19	e1e8	720	0p13141b
sRHUz	2k5/1b3r2/2p4R/p2p4/P1nPp3/4P1B1/1p3P2/1R3K2 b - - 1 45	c4d2 f1e1 d2b1	720	0g0p0s1o
saMKS	5qrk/1b5p/p2p3Q/1p2pP2/4P3/P1NP4/1P6/1K5R w - - 1 34	h6h7	720	0p13141b
tBA9G	3r4/4bpk1/7p/2p1p3/3pPp2/1B3P2/PPR1KP1P/8 b - - 1 33	d4d3 e2d2 d3c2	720	000g0j0k0p0s111o
uP32i	r7/1p2nk1p/2bQp1pP/q2p2P1/P1pP4/2N5/4BP2/R3K2R b KQ - 0 30	a5c3 e1f1 c3a1	720	0g0s191o
v3dpv	8/p2Pk1p1/1p2P3/1Ppn2P1/P5K1/8/2B5/8 b - - 2 52	d5e3 g4h5 e3c2	720	0g0p0s111o
zR57E	r2r2k1/1pq2ppp/p3N3/3p4/4P1n1/2P1B3/P1P3PP/1R2QRK1 b - - 0 18	c7h2	720	0y1314191b
0ZmE4	8/8/3k4/3n1p2/1PBP3b/2P5/8/1N3K2 b - - 0 47	d5e3 f1e2 e3c4	721	010p0s111o
2QKmG	rnbqkb1r/pp2p3/2p4p/4N1p1/2PPn3/6P1/PP3PP1/R2QKB1R w KQkq - 0 11	d1h5	721	1314191b
3ejF1	1r2k3/1q2b3/p3p1r1/4Pp1Q/N3b2p/1BR5/1P4PP/6RK b - - 1 35	e4g2 g1g2 b7g2	721	0y111315191o
6IPST	r4rk1/3nqppp/p2p4/1pp1p3/3nPPbN/PB1P2Q1/1PPB2PP/R4RK1 b - - 2 16	d4e2 g1h1 e2g3	721	0g0s191o
8LBER	r2qk2r/p1p2ppp/8/4P3/2B1n3/8/PP3bPP/RNBQ1K1R b kq - 0 14	d8d1	721	0t13141b1c
8vcV4	r1bq1nrk/p3b1pp/1pn1p3/2p1PpN1/2Pp1B1P/3P1NP1/PP2BPK1/R2Q1R2 w - - 2 17	g5f7	721	1314191b1q
BBYPb	1r4k1/5pp1/pB1p3p/P2qp1b1/1pR5/1Q3P1P/1P4PK/8 w - - 0 30	c4c8 b8c8 b3d5	721	010j0p1o
Bgpzt	8/p2r1k2/1p1r1p2/5P2/6P1/2P1Q1K1/PP6/8 b - - 3 44	d6d3 e3d3 d7d3	721	0g0p1g1j1o
BnFlB	r1b2rk1/5p1p/p3p1p1/2q5/1pNb1P2/1B1P2P1/PPQ3P1/R1B2R1K b - - 0 19	c5h5	721	1314191b
EQLOi	r3kbr1/pp3p1p/5B2/2p5/4p3/2Pn3P/PP3PP1/R2B1K1R w q - 4 15	d1a4 b7b5 a4b5	721	0a1315191o
Ee3Xb	6k1/8/5p1p/p2npB2/1p6/1P3PPP/5K2/8 w - - 0 35	f5e6 g8f8 e6d5	721	0g0p0s1o
FcBo8	r4Nk1/ppp3pp/1b4q1/3b1p2/3P1B2/P1P4P/1P3PP1/R2Q1RK1 b - - 0 18	g6g2	721	0y1314191b
Fzmml	5r2/p3ppkp/1p1p2p1/2r5/3P4/1Q1n1P2/PP4PP/1R4RK b - - 0 25	d3f2	721	0p13141b1q
GX4BR	8/1k3r2/2n1R3/pKP5/P7/6B1/8/8 b - - 14 61	c6d4 b5a5 d4e6	721	010p0s1o
GfLl8	rr6/3b1k2/2pQpp2/3p4/pp1PpP1p/3qP2B/6PP/RR1N3K b - - 7 35	d3f1	721	111314191b
GivvJ	r4Nk1/pbp1qrp1/1p6/8/1n1P4/2b3P1/PPQ1PP1P/R1B2RK1 w - - 2 17	c2h7 g8f8 h7h8	721	0y1315191n1o
H48c5	2r3k1/1p3ppp/p7/4P3/8/5Q2/1P3RK1/1q6 w - - 0 36	f3f7 g8h8 f7f8 c8f8 f2f8	721	060p1013161n
HvzkX	3k4/8/1r1PK3/p7/P7/8/8/1q4R1 w - - 0 57	g1g8	721	0p13141b1j
JnN48	8/6bp/2p1k1p1/p1P2p2/2Pp4/P5P1/1B2KP1P/8 b - - 4 30	d4d3 e2d3 g7b2	721	080g0j0p1o
LlNPX	2kr1b1r/1ppqn1p1/B2p4/4p3/3P2p1/4BQ1P/PPP2P2/R3K2R w KQ - 0 17	f3b7	721	1314191b1k
OlEwo	8/2p2pk1/1p1p2p1/3Pp3/2P1P3/5P2/4R1pr/1R4K1 b - - 0 33	h2h1 g1g2 h1b1	721	010p11121m1o1p
OzclE	r5kr/4Qpp1/p6p/1P6/1PpP4/2q5/2Bn1P1N/4R1K1 w - - 5 27	e7e8 a8e8 e1e8	721	1315191f1n1o
PWMH6	4r3/4P2p/6pk/KPBn1p2/5P2/6PP/8/4R3 b - - 0 40	e8a8 c5a7 a8a7	721	020p13151o
S8r3I	r1bk4/pp2b3/1np1p2Q/4N3/1q6/2NB2P1/PP3r1P/2KR3R b - - 0 18	b4b2	721	1314191b1k
VMpUd	r1b2rk1/2q1bp1p/p1npp1pP/1p4P1/3QPP2/2N1B3/PPP1B3/R3K2R w KQ - 1 17	d4g7	721	1314191b
WJEE8	8/8/1r1p4/3K3R/3PPk2/8/8/8 b - - 0 53	b6b5 d5d6 b5h5	721	0g0p1m1o1p
YqWqR	8/6p1/1b3k1p/8/1P4n1/2P5/6KP/1N1R4 b - - 1 39	g4e3 g2f3 e3d1	721	010p0s1o
d9S3y	5r2/1pkb4/p2p1p2/2p1p3/P3P3/2PP4/1P2nQPK/R7 b - - 0 30	f8h8 f2h4 h8h4	721	020p13151o
eJm1H	2k4r/pp3p1p/1q2b1p1/3rN3/4Q3/8/PPP2RPP/R1B3K1 b - - 0 18	d5d1 e4e1 d1e1	721	0y1315191o
eK8OB	6r1/p2k4/2p5/4p3/3rNp2/1P3R2/P1P1KP2/8 w - - 2 38	e4f6 d7e6 f6g8	721	010p0s111o
hge3U	r2q1k1r/1b2b1pp/p1n1Qn2/1p6/8/1BN5/PPP2PPP/R1B2RK1 w - - 1 14	e6f7	721	13141b1c
l41yu	1k1r1r2/1pp3b1/p2q2pp/2N2pp1/Pn1P4/2N1PQ1P/1P3PP1/R3K2R w KQ - 1 19	f3b7	721	1314191b1k
lOk8s	6k1/R4p1p/6p1/8/8/1P4P1/PB1r1r1P/n1K5 w - - 0 30	a7a8 d2d8 a8d8	721	0p13151f1o
ltksE	3rk2r/pp2bnpp/5B2/2pq4/4QP2/1P2P3/P1PP2PP/R4RK1 w k - 0 19	e4e7	721	1314191b
nUhTk	R7/8/4k3/8/8/p3r3/K7/8 w - - 0 73	a8e8 e6f5 e8e3	721	0g0p1m1o1p
p0DYM	r1bq1rk1/pp4p1/3N1pN1/4np1Q/3p4/2P5/PP4PP/R1B3K1 w - - 1 18	h5h8	721	1314191b
qGkHP	3k4/3b4/1p2n2r/pPp1N3/P1PpR1KP/3P4/8/8 w - - 5 43	e5f7 d8e7 f7h6	721	0g0p0s1o
rgrPC	r1b2rk1/ppp2ppp/2p5/2b5/3qP1P1/2N5/PPPP1PP1/R1BQK2R b KQ - 0 9	d4f2	721	041314191b
soulo	r7/p4rk1/3Q4/3Pp3/3nq3/5pP1/PPP2P2/2KR3R b - - 0 24	e4c2	721	1314191b1k
tO9vL	8/pp6/2p3p1/1PP1k2p/P1B4P/6P1/2n3K1/8 b - - 0 45	c2e3 g2f3 e3c4	721	0g0p0s1o
uFBJf	r1bq3k/ppp4p/6p1/4p3/2B5/P1PP2Q1/2P4P/5n1K w - - 0 26	g3e5 d8f6 e5f6	721	0p13151o
ujC0R	5r1k/p1q4p/1p4pQ/4P1P1/3Pb1B1/2P1B1r1/P2K4/2R5 w - - 3 35	h6f8	721	0t111314191b
uslfg	2r3k1/4Rppp/1p6/2p1Q3/2q4P/6P1/5P2/6K1 w - - 0 30	e7e8 c8e8 e5e8	721	0p13151o
wIuC5	1br3k1/pp3ppp/2p2qb1/3p4/3PB3/P1P4P/1P4P1/2RQBN1K b - - 0 24	f6f1	721	0t0y1314191b
xZhap	8/p4np1/2p1k3/1pP5/1P4PP/P2P1K2/5P2/8 b - - 0 34	f7e5 f3f4 e5d3	721	0g0p0z1o
yJtax	r4rk1/p3bppp/n2p1n2/q2Pp3/b3P3/2N1BPP1/P3N1BP/R2QK2R w KQ - 3 16	d1a4 a5a4 c3a4	721	0g191o
zeoO5	r1b1k2r/p3ppb1/3p1np1/2pP3p/q3nB2/p2BPN1P/NPP1QPP1/2KR3R w kq - 0 15	d3b5 a4b5 e2b5	721	010s191o
zwnUY	r1b2rk1/pp5p/3bp3/3p1p2/2P3Bq/1P2P3/PB4PP/R2Q1RNK b - - 0 18	h4h2	721	0y1314191b
14CMV	r2q1rk1/pbp2ppp/1p1np3/4N3/2PP4/PBn1P1Q1/1B3PPP/R4RK1 b - - 4 16	c3e2 g1h1 e2g3	722	0g0s191o
1ELLe	5rk1/5ppp/8/2Q5/8/5nNP/r7/3R2RK b - - 0 28	a2h2	722	031314191b
2A49L	5R2/pp6/2p3Q1/3kb3/3q4/8/PPP3PP/7K b - - 0 35	d4d1 f8f1 d1f1	722	0p13151o
2TUfM	8/4k3/2p5/b2p3R/3N4/3KP2P/2P4r/8 b - - 3 34	h2d2	722	0p13141b1d
2iA9U	8/7R/p1r2k2/2P2pp1/4p3/4P3/P5P1/6K1 w - - 0 43	h7h6 f6e5 h6c6	722	0g0p111m1o1p
3RqrP	2r3k1/3Nqp1p/2p3p1/p7/3Q4/2P3P1/6PK/8 w - - 4 35	d7f6 e7f6 d4f6	722	010p1o
64dUq	8/pb5p/1pp1k1p1/8/P1PK1P2/6P1/6BP/8 b - - 1 32	c6c5 d4c3 b7g2	722	080g0j0p1o
7FuT1	3r2k1/ppq2pp1/2pr3p/3P4/1P1n4/P5P1/2Q1RPBP/4R1K1 w - - 3 30	e2e8 d8e8 e1e8	722	0y1315191o
7woFh	8/8/7p/pk3P2/1r3R1P/8/4K3/8 w - - 5 54	f4b4 a5b4 f5f6	722	0g0p1m1o
9Xx5G	1r4k1/5pp1/4p3/3p4/2b1n2p/4P3/5QPP/6RK b - - 0 30	e4f2	722	0p1113141b1q
C1oKq	6k1/1Q3pp1/pB3r1p/6rb/2P1n3/1P2R3/P6P/4K3 b - - 2 35	g5g1	722	1314191b1f
C97TL	5rk1/p1p2ppp/2N5/3p1q2/3P4/4B3/Pr3PPP/4Q1K1 w - - 1 20	c6e7 g8h8 e7f5	722	0g0p0s1o
COi6x	2kr3r/3pnppp/pp2p3/2p2P2/P1Bb1B2/3P1KP1/1PP4P/RN6 w - - 1 17	c4a6	722	0a1314191b1k
DGCe0	r1b2q1k/1p4pB/pn2p3/2ppP1N1/2nP4/2P5/PP2NRPP/6K1 w - - 0 22	f2f8	722	0y111314191b
F3RYn	8/8/8/6kp/3R1n2/3P2K1/8/8 b - - 0 50	f4e2 g3f3 e2d4	722	0g0p0s111o
FUzli	6k1/pb3p2/7p/6p1/2PP4/P1P3B1/3r1RPP/7K b - - 2 33	d2d1 f2f1 d1f1	722	0p13151o
FeViC	r5k1/1bp2ppp/5b2/1p1qN3/3p4/1P1Q4/1BP1BPPP/4R1K1 b - - 0 17	d5g2	722	0y1314191b
JW4Ni	8/5k2/p1p4p/8/PP4P1/7r/R4K2/8 b - - 0 35	h3h2 f2e3 h2a2	722	0g0p1m1o1p
Jrwmw	r5rk/pp5p/7R/4qp1Q/8/2N5/PP4RP/7K b - - 0 27	e5e1 g2g1 g8g1	722	1315191o
JxYd8	r5k1/pp4pp/2pq2b1/3pn3/4pNP1/PP2P2B/2PQ1P2/R4RK1 b - - 0 21	e5f3 g1h1 f3d2	722	010s191o
OoPmk	8/8/8/8/4K3/p2p4/P1P1k3/8 w - - 0 63	c2d3 e2d1 d3d4 d1c1 d4d5 c1b2 d5d6 b2a2 d6d7 a2b1 d7d8q	722	000g0p1e1h1l1w
Rap5W	2b2rk1/R4p2/6pp/8/3p2P1/3P1N1P/Pr2PP2/4K2R b K - 0 18	b2b1 e1d2 b1h1	722	010p1o1p
ShNDz	8/1N5k/4r1p1/8/4n2P/1R6/1P3PP1/1K6 b - - 0 32	e4d2 b1c2 d2b3	722	010p0s1o
TqUS9	8/1P6/8/8/8/6bp/5kB1/7K b - - 0 65	h3g2	722	00080p1113141b
V6hVd	2r2rk1/p4p1p/1n2p1p1/8/4BP2/P1q1P3/2Q2P1P/R5RK b - - 1 23	c3c2 e4c2 c8c2	722	0g191o
VQQvA	8/7R/8/8/5p2/r4k2/8/5K2 w - - 16 71	h7h3 f3e4 h3a3	722	0g0p111m1o1p
X3xOM	8/pp2r1pk/6pp/2p1n3/2P5/1P4P1/P1BR1P1P/6K1 b - - 1 36	e5f3 g1g2 f3d2	722	0g0p0s11121o
XD9VI	4R3/8/3k4/8/8/1KP5/1P6/3r2b1 w - - 8 63	e8d8 d6c5 d8d1	722	0g0p1o1p
YAymS	8/8/1p1k4/p7/P1PP2P1/1p2R3/1b5P/6K1 b - - 0 44	b2d4 g1f1 d4e3	722	0g0p111g1o
YOuoK	8/5k2/7K/4p2P/8/8/8/8 b - - 4 49	e5e4 h6g5 e4e3 g5f4 e3e2	722	000g0p101e1l
Z2P7L	rnb1kb1r/ppp2pp1/4p2p/3pN3/3PnP1q/3BP3/PPP3PP/RNBQ1K1R b kq - 5 7	h4f2	722	13141b1c
abEMl	2r2r1k/5Rpp/1pN5/p1nBP1b1/8/P7/1P4PP/R6K b - - 0 25	f8f7 d5f7 c8c6	722	01191o
aueh8	8/6k1/1R4pp/5p2/5K1P/2n5/8/8 b - - 7 53	c3d5 f4e5 d5b6	722	0g0p0s1o
bViGu	r4rk1/1pp2ppp/1b4q1/p2B4/3PPp1B/P1P2P1b/1P4PK/R2Q1R2 b - - 1 19	g6g2	722	1314191b
cbccb	5r1k/1Q4p1/P7/2p4p/6R1/5P1P/6K1/4q3 w - - 0 47	b7g7	722	0p13141b
dWOCu	1r4k1/5ppp/4p3/p3P1P1/3q4/B2n1QP1/2r3BP/5R1K w - - 5 31	f3f7 g8h8 f7f8 b8f8 f1f8	722	06101316191n
dok09	3r1r1k/p5p1/1p5p/5q2/P2R4/8/2PQ2PP/3R3K b - - 0 34	f5f1 d1f1 f8f1	722	060p13151n1o
dz8NJ	1R6/4bp1p/2k1p1p1/3p4/5P2/PK5P/6P1/2r5 w - - 0 42	b8c8 c6b7 c8c1	722	010p111o1p
eJyRD	3r4/7p/3p1kp1/p1nB1p2/2P2P2/1P4P1/P4K1P/4R3 b - - 9 40	c5d3 f2f1 d3e1	722	010p0s111o
eY1TU	r4rk1/1p2qppp/8/2bnp3/b2p3Q/P2BP2P/1B3PP1/R4RK1 w - - 0 21	h4h7	722	0y1314191b
fN1Ne	1r3k2/4pp1p/6p1/P2PN3/3nP3/4b3/R5PP/5K2 w - - 1 32	e5d7 f8e8 d7b8	722	0g0p0s111o
fYsy9	r1b1kr2/2p2pQp/2n1p3/2qp4/4N3/8/P3PPPP/RN2KB1R b KQq - 0 14	c5c1	722	13141b1c
gYaRc	1r6/4kpp1/4p3/p3n1P1/2P5/1P6/P7/2K1R2B b - - 1 28	e5d3 c1d2 d3e1	722	0g0p0s111o
gqTC0	6k1/6p1/p2Q1p1p/2P1q3/8/7P/6PK/8 w - - 0 36	d6e5 f6e5 c5c6 g8f7 c6c7	722	000g0p101i
gy8sU	4k3/p1Q3p1/4p3/6P1/4R2r/8/PP4P1/K7 b - - 0 35	h4h1 e4e1 h1e1 c7c1 e1c1	722	060p1013161j
hNbWD	6k1/1pp1r3/p2p3p/3P4/2PbPpBq/PP3P2/3N2QP/7K w - - 1 36	g4e6 g8h8 g2g8	722	0k0m0p0y13151o
iSe8A	7k/1b4p1/p2q2P1/1p1prQ2/4n3/3Br3/PPP4P/R4RK1 w - - 1 24	f5f8 d6f8 f1f8	722	0y1315191o
idEFI	r5k1/1p3ppp/4p2b/q2pP3/3P3P/4P1P1/5Q2/5RK1 w - - 0 26	f2f7 g8h8 f7f8 a8f8 f1f8	722	060p1013161n
irpxj	rnb1k3/ppp2p1p/4p3/4b3/8/1PPB4/P4PPP/R3K1NR b KQq - 0 13	e5c3 e1e2 c3a1	722	010s191o
jHsNV	6k1/5pp1/1pN1p2p/3pN3/1P6/2n2P2/r5PP/2R3K1 b - - 2 27	c3e2 g1f1 e2c1	722	010p0s1o
kxaRr	r5k1/1p4pp/2p5/4R3/p2PQ3/2P1P3/5KPP/2q5 w - - 0 27	e5e8 a8e8 e4e8	722	0p13151o
lF5nh	4r1k1/5p2/p5qp/8/1p1Q4/3P4/1Pr1RPP1/6K1 w - - 0 34	e2e8 g8h7 d4h8	722	0p1113151o
meIPj	3r2k1/6p1/p2b1pPP/3p1P2/1p2p3/4R3/1PP5/2K4R b - - 2 39	d6f4 c1d1 f4e3	722	010p1g1o
rYwDo	rnb1k2r/pp1p1pp1/2p2q1p/2bPp3/2P1P2P/2N5/PP3PP1/R2QKBNR b KQkq - 0 8	f6f2	722	0413141b1c
rdCpt	2r5/p4p1p/1p3pk1/4n3/4P1PP/1PN2P2/P4K2/2R5 b - - 2 34	e5d3 f2e3 d3c1	722	0g0p0s111o
rqrvQ	2r3k1/p1r2ppp/8/3p4/3P4/P1p1PPP1/3N3P/R1R3K1 b - - 0 22	c3d2 c1d1 c7c1	722	000g0p111g1o
rshAq	3r3k/5p1n/p1n2b1Q/2p2q2/1p2R2P/2PP2P1/PP3P1K/4R3 w - - 0 33	e4e8 d8e8 e1e8	722	0y1315191o
trtAF	1k6/1b6/p2p4/1p1qp1Q1/8/6NP/PPP5/5RK1 b - - 1 29	d5g2	722	0p1113141b
twrxP	5r1k/1pp5/1pn4p/1P1Np3/4N2q/P1PP1Rp1/3Q1PpP/3R2K1 b - - 0 29	h4h2	722	0y1314191b
u68LM	8/8/8/6k1/8/R4K2/7r/8 b - - 0 72	h2h3 f3e4 h3a3	722	0g0p1m1o1p
uu22u	7k/pp3B1p/3B2p1/8/8/P6P/7K/1q6 w - - 0 35	d6e5	722	0l0p13141b
w8biZ	r4rk1/1pp1bppp/6q1/p2Np3/PnP2n2/BP1P1N1b/4BPP1/R2Q1RK1 w - - 2 17	d5e7 g8h8 e7g6	722	0g0s0t191o
wJw8Z	3r3k/pp3Qp1/1q5p/4P3/4B2b/P6P/1P1p2P1/5R1K w - - 0 28	f7f8 d8f8 f1f8	722	0p13151f1n1o
zf13e	1r6/5pkp/p2p2P1/3Pp2P/4PbQ1/8/q6N/4R1RK b - - 0 33	a2h2	722	1314191b
04MQ7	r1b2rk1/pp2qppp/2n1p3/3p2N1/8/1B1QP3/P1P3PP/R4RK1 w - - 2 17	d3h7	723	0y1314191b
0Niss	7k/p5pp/3PB3/2p1p1P1/2P4P/P2Pb3/1q6/3R1K1Q b - - 0 41	b2f2	723	0p13141b
0ogWu	8/8/2pb4/p2p4/P2P2k1/2P1K3/8/2N5 b - - 3 49	d6f4 e3d3 f4c1	723	0g0p1o1p
1j4RC	4r1k1/pp3pp1/4q2p/8/6Q1/1P3P2/7P/6RK w - - 1 35	g4g7	723	0p13141b
3FEXP	1rq3k1/5r2/2p1p1pp/2bnPp2/3P1P2/4B1PP/1R1Q3K/1R6 w - - 0 31	b2b8 c8b8 b1b8	723	0g191g1o
3m0bJ	r1b1kb1r/pp1p1pp1/4p3/8/P2P2p1/BP3nP1/2P2P1P/RN1Q1R1K b kq - 2 14	h8h2	723	030y1314191b
5HFmM	6k1/5pp1/pQ5p/P1pNP3/2p1P2q/2P5/6PP/6K1 b - - 0 34	h4e1	723	0p13141b
6hDi1	4r2k/1pp3pp/3p2q1/3P4/1PP5/5QPb/5P1P/B3R1K1 b - - 0 29	e8e1	723	0p0t13141b1f
6nu90	5k2/1b3p2/4p2p/pp2P3/3P1Q1P/P5K1/1P1R1NP1/1r4q1 b - - 4 38	g1g2	723	0p1113141b1s
8682d	8/7k/8/p7/R3K2P/6r1/8/8 b - - 1 45	g3g4 e4d3 g4a4	723	0g0p111m1o1p
A6tCF	6R1/5r1p/4b2k/1p2p1p1/4P3/1q3P1P/6PK/2Q5 w - - 0 51	c1g5	723	0p13141b
DKslY	r7/pp2PQ2/1k4p1/2p5/8/8/PP1Pn1PK/2B5 b - - 0 27	a8h8 f7h7 h8h7	723	020p13151o
Kumbn	7R/4k3/4P3/3P3K/5P2/6r1/8/8 b - - 0 61	g3h3 h5g4 h3h8	723	010p1m1o1p
LjFW0	8/3k1p2/1ppp4/7p/P2PPP2/1PR2K2/5P2/7r b - - 0 28	h1h3 f3e2 h3c3	723	0g0p1m1o1p
MM1Bx	r4r1k/6R1/5pBn/p4N1Q/2P5/1P6/P4qPP/4R2K b - - 0 30	f2e1	723	060t1314191b
Nnaza	r1bq2k1/pp3rpp/1np5/8/5Q2/2N1P3/PPP3PP/2K2R2 w - - 0 18	f4f7 g8h8 f7f8 d8f8 f1f8	723	0610131619
OVG6p	5rk1/1bR2ppp/p3p3/8/1P2N3/5Bb1/PP3PPP/3rR1K1 b - - 0 20	d1e1	723	0t0y1314191b
PGtv1	rn1qr1k1/pp2bppp/2p2n2/5b2/3PN3/6P1/PPQ1NPBP/R1B1K2R w KQ - 3 11	e4f6 e7f6 c2f5	723	0g0j0y1c1o
RYsfN	8/3k2pp/p4p2/3p4/3P1B2/bP2KP2/P5PP/8 b - - 3 29	a3c1 e3d3 c1f4	723	01080i0p111o1p
SWPQb	6rk/p4p2/8/1p3N2/5R2/7P/r5P1/6K1 w - - 2 35	f4h4	723	0p13141b
UDHmy	r1bq1r1R/pp1n1pk1/8/3pp3/3P4/2P2P2/P3P1P1/R1Q1KB2 w Q - 0 18	c1h6	723	1314191b1u
ZGeSL	8/8/8/8/5k2/8/1r3NP1/6K1 w - - 3 54	f2d3 f4g4 d3b2	723	0g0p0s111o
ZIVer	3r4/p2k1p2/Pp1P1p2/1P2b3/6PK/3Q1P2/3R3P/8 b - - 0 41	d8h8 d3h7 h8h7	723	0p13151f1o
g4khJ	2r3k1/R4pp1/7p/8/7q/2r4P/P5P1/5Q1K w - - 1 28	f1f7 g8h8 f7g7	723	0p13151o
gYbEt	2k1r2r/bpp3q1/p2p1p2/3P1n1p/2BPR1p1/P2Q4/1P3PPN/R5K1 w - - 4 25	e4e8 h8e8 d3f5	723	010j191o
hSukh	1r5k/p4Rpp/1q4n1/8/3rb3/1B3Q2/P5PP/5R1K w - - 0 24	f7f8 g6f8 f3f8 b8f8 f1f8	723	06101316191n
iQQU0	8/8/1p4K1/4k3/P4qp1/1P6/2P1Q3/8 b - - 5 48	f4e4 e2e4 e5e4	723	0g0p1i1o
jU94i	r2q1rk1/1bpn1pbp/p2p3B/1p2p1Qp/3PP3/2NB1N2/PPP2PP1/R3K3 w Q - 0 14	g5g7	723	0y1314191b
k0mqk	5k2/pp3p2/1q3Npp/2p5/1nP5/1P2PP2/P1b1B1PP/5RK1 w - - 1 23	f6d7 f8e7 d7b6	723	0g0p0s1o
kFZgH	r1b1r1k1/ppp1qp1p/6p1/2b5/7Q/5N2/PPP2PPP/RNB1R1K1 b - - 0 14	e7e1 f3e1 e8e1	723	0y13151c1o
kolHI	6k1/7p/1pN2pp1/3rp3/r2b4/8/3P1PPP/1R3RK1 w - - 0 28	c6e7 g8f7 e7d5	723	010p0s1o
lFDdK	NR6/pp3p1p/5k2/2b5/5p2/3P4/PPP2rRP/7K b - - 0 24	f2f1 g2g1 f1g1	723	0p13151d1o
mTmeW	8/2r3pp/1R4p1/2pkP3/3P2PP/3K4/8/8 w - - 0 53	b6d6	723	0p0q1113141b1m
nnxBg	2r3k1/1R3ppp/Q3p3/8/3r4/5P2/2R3PP/7K b - - 0 32	d4d1 a6f1 d1f1	723	060p13151j1o
o54Hq	3rk3/Qp4b1/2b1p1p1/6P1/8/B2B4/PPP5/1K3R1r b - - 2 32	h1f1 d3f1 d8d1	723	111315191o
oXZiZ	r1b2rk1/pp4pp/2p5/3p1p2/8/2N2PPn/PPQ1P1BP/R5RK b - - 0 18	h3f2	723	1314191b1q
pvfdG	5r1k/p1pQ1ppp/2Nb4/7q/3p4/8/PPP2PPP/R1B2RK1 b - - 5 20	h5h2	723	0y1314191b
rG9MU	r4k2/ppp4p/4Q1p1/2qp4/4p3/3P4/PPn2rPP/1RBK3R w - - 2 19	c1h6	723	071314191b
rxr2c	8/5p1k/7p/3N2p1/3R1nr1/8/7P/5K2 w - - 0 44	d5f6 h7g6 f6g4	723	010p0s1o
sUJVK	8/1p6/2pBk3/4P2r/1P2pKp1/4RbP1/P7/8 b - - 6 50	h5f5	723	0p0q111213141b
tsXsb	r1b2rk1/ppp1np1p/5q2/3p3Q/1b1p1B2/3B4/PPP2PPP/R2K3R w - - 0 15	h5h7	723	0y1314191b
uu3Cx	5R2/3r1p1k/6p1/1p2Bp1p/p1r5/6PK/6P1/8 w - - 0 38	f8h8	723	0p13141b1d
vPwca	8/8/5b2/8/5p2/2P3k1/1PBK1N2/6r1 w - - 8 62	f2e4 g3g2 e4f6	723	010p0s1o
z6xjW	r2qkbnr/1b3ppp/p2p4/nppQ4/4P3/1B3N2/PPP2PPP/RNB2RK1 w kq - 2 10	d5f7	723	0413141b1c
zQ1Fm	3r3k/3PR1pp/5p2/p7/r2nP3/5P1P/3b2P1/5R1K w - - 0 34	e7e8 d8e8 d7e8q	723	00060p13151h1o
18Zjr	r5k1/pp3bpp/8/8/5q2/P1Q3RP/1P4PK/8 w - - 4 36	c3g7	724	0p13141b
3tqXd	7k/1r4bp/p2B2p1/N4p2/3P4/Rp2P2P/5PP1/6K1 b - - 3 31	b3b2 a5b7 b2b1q	724	00010p1h1o
5dfKE	rn2r1k1/ppp1n1pp/3q1p2/3p3Q/3P4/2N5/PPP2PPP/R1B2RK1 w - - 0 13	h5e8	724	0t0y1314191b
5l9M4	6k1/8/1b6/p6K/5P1P/2P5/PP4b1/3R4 b - - 0 37	g2f3 h5g6 f3d1	724	010p0s1o
7Aveu	5r1k/5Bp1/1q4P1/1p3R1r/p7/P2p4/1P4K1/3R4 w - - 0 34	f5h5	724	0p0t13141b1f
7pRSL	r1b2r1k/1pq4p/p1n2bpQ/4pp2/2B5/1NP1R3/P1PB1PPP/R5K1 w - - 4 18	h6f8	724	0t0y1314191b
9hXQa	r1b1k2r/pp3p2/1qpp1n2/3Pp1Bp/2P1P1n1/2N2BP1/PP3P2/R2QKN1R b KQkq - 0 14	b6f2	724	041314191b
B3BGK	8/8/5p1R/7p/3bP1kP/6P1/r4PK1/8 w - - 1 43	h6g6	724	0p1113141b
B6Vdg	5rk1/6B1/p1n1pr2/3p3Q/P1b5/2P5/2B3PP/R5K1 b - - 0 31	f6f1 a1f1 f8f1	724	1315191d1o
BuUDt	r3kb1r/1pqn1pp1/p3pnp1/8/3P4/1BN5/PP3PPP/R1BQ1RK1 b kq - 3 14	c7h2	724	0y13141b1c
DSxVE	rn1q1b1r/pp2k1pp/3pbn2/2p1p1N1/4P3/1QP5/PP1P1PPP/RNB1K2R w KQ - 4 8	b3e6	724	13141b1c1s
Drq4f	8/4r3/4Pkp1/p4nNp/2p1RP2/P1P5/4K3/8 b - - 8 41	f5g3 e2f3 g3e4	724	0g0p0s111o
F90Ql	5r2/p5k1/4p1p1/P2pPNq1/2pP4/2Pn1KR1/R1Q3PP/4r3 b - - 7 36	f8f5	724	0t1314191b
FMv7Y	8/8/5k2/1pR3p1/1Pb2n1p/P4P1P/5KP1/8 b - - 1 42	f4d3 f2e3 d3c5	724	0g0p0s1o
GOdEE	8/8/2R5/5k1K/2P2P2/5r2/8/8 b - - 0 55	f3h3	724	0p1113141b1m
HEnml	8/8/1n1Bpkp1/1b2p2p/4P2P/4KPP1/6B1/8 b - - 3 44	b6c4 e3f2 c4d6	724	0g0p0s111o
HMtad	6k1/p2r1p2/1p2pQ1p/5p2/5q1P/2P1R3/PP3PP1/6K1 b - - 1 28	d7d1 e3e1 d1e1	724	0p13151o
HNLg8	2r3k1/6pp/4R3/r2q4/P7/2p5/3p1QPP/4R2K w - - 0 42	e6e8 c8e8 e1e8	724	0p13151o
HOKT7	4Rb1k/p1q4p/1p4p1/4Pp2/1P1P1P2/P1r1B1PP/Q4K2/8 b - - 4 37	c3c2 a2c2 c7c2	724	0g0p0s1o
InlZE	r4qk1/p3p2p/3p2pQ/2p5/2P5/8/PP2nPb1/R3K2R w KQ - 0 18	h6h7	724	1314191b
JOSn3	kq6/p4p2/Q1p4p/2Nb1p2/3P4/8/P2P2PP/7K b - - 0 32	b8b1 a6f1 b1f1	724	0p13151o
K7MJy	r5k1/p1q1pp1p/6p1/8/1Pp5/B1P2Q2/P5rP/2R1R2K b - - 0 25	c7h2	724	1314191b
KBSme	5r1k/3b1p1p/3Qqp2/1p6/p3P3/P4P2/1PP4P/1K5R w - - 1 26	d6f8	724	0p0t13141b
RL5MB	1r3rk1/5pnp/p3p1P1/3pP3/1qpP1PP1/4Q3/PPKN4/3R3R b - - 2 29	b4b2	724	1314191b
U4aiQ	r7/8/4k2p/2B2pp1/5n2/p4N2/5KPP/R7 b - - 3 39	f4d3 f2g1 d3c5	724	010p0s1o
UT0Kq	7R/4rk1p/6p1/8/8/6P1/7P/7K w - - 0 46	h8h7 f7f6 h7e7	724	0g0p1m1o
VIDiv	2k4r/1pp2ppp/p1b5/8/1NP5/Q5R1/PP2q1PP/3R3K b - - 0 19	e2d1	724	111314191b
VoqE8	1r4k1/1qpP1ppp/1r6/p1p2P2/6PP/P1P5/2QB3R/2K1R3 b - - 0 32	b6b1 c2b1 b7b1	724	1315191k1o
WkA76	8/4k1p1/2R1p2p/2P4P/5P2/1n6/4K3/8 b - - 6 48	b3d4 e2e3 d4c6	724	0g0p0s111o
XCIbr	1k2r1r1/7p/pqp4B/5B2/3N4/P4Q2/5PPP/1R4K1 b - - 0 28	b6b1 f5b1 e8e1	724	1315191n1o
Y03ce	r3k2r/pp3pp1/2pbpn2/6Qp/Nq6/1P1P3P/P1P2PP1/R1B1R1K1 b kq - 2 17	b4e1	724	0t0y1314191b
YSmKQ	8/3k4/6p1/1PKN4/5pr1/2P5/8/8 w - - 0 46	d5f6 d7e6 f6g4	724	0g0p0s1o
YaTco	5k2/5ppp/pqp5/1bN5/8/5B1P/5RP1/7K w - - 8 41	c5d7 f8g8 d7b6	724	0g0p0s1o
YqmXf	7k/pQb2rpp/3q4/2p2p2/2P5/1P2P2P/P1N1RPP1/4R1K1 b - - 0 37	d6h2 g1f1 h2h1	724	0y1315191o
ZGj38	r3k2r/ppp2pp1/2p2B2/2b1N2p/4P1q1/2NP3b/PPP2PP1/R2Q1RK1 b kq - 0 11	g4g2	724	0y1314191b
ZMfUN	5N1k/1p6/p2p3p/2pP4/2P2Ppq/8/PP4Bn/R5K1 w - - 0 28	f8g6 h8g8 g6h4	724	0g0p0s1o
ZyyyM	k6r/1p3p2/1Pbr4/p2p2p1/2p4p/2Q1P1nP/P4q2/RKR5 w - - 0 38	c3h8 c6e8 h8e8 d6d8 e8d8	724	0t101316191k
aFaT4	3q2k1/pp3rp1/2n1Q2p/7P/3P4/2P2p2/PP6/5RRK b - - 1 31	d8h4 e6h3 h4h3	724	0p13151o
acUtD	r1b1k2r/pp1p1ppp/8/4p3/3n3B/P1P5/2P1PPPP/R3KBNR b KQkq - 0 11	d4c2 e1d1 c2a1	724	010s11191o
avSxn	8/5p2/4k3/3n2p1/R3K1Pp/5P1P/8/8 b - - 3 49	d5c3 e4d4 c3a4	724	0g0p0s111o
b3dcV	8/p6R/8/8/k4B1P/2P3P1/5r1r/2RK4 b - - 10 44	h2h1	724	0p13141b
bTyXM	2Q2b1k/5p1p/6p1/3pPp2/3nqP2/5NP1/3B1K1P/8 w - - 0 36	c8f8	724	0p0t13141b
dRE1A	8/8/8/7p/p1k3p1/5p2/1nN2K1P/2R5 b - - 3 50	b2d3 f2e3 d3c1	724	0g0p0s1o
dWSCf	4r2k/6pp/p4r2/1p1p2N1/2p5/P1P2P2/1q4PP/4R2K w - - 0 36	e1e8 f6f8 e8f8	724	0p0t13151o
iB1Xy	8/8/1pnk3p/pK3p2/P3p2P/1P4P1/4BP2/8 b - - 1 36	c6d4 b5b6 d4e2	724	0g0p0s111o
iEiT8	r3k3/ppp2prp/2n1b3/8/2pP4/2P2q2/P3RPPP/R1BQ2K1 w q - 0 15	e2e6 f7e6 d1f3	724	0g0j191o
k3FdL	bk6/6R1/BKp5/1p6/3r3p/P4P2/1r4P1/8 w - - 0 37	g7g8 d4d8 g8d8	724	0p13151o
kaL8I	4k2r/R2bpp1p/3p2p1/3P4/4P1n1/3r1N2/P5PP/4R2K w k - 0 26	a7a8 d7c8 a8c8 e8d7 c8h8	724	0g10191p
leB85	r1b2bkr/pp1qp1pp/3pN3/2p1nQ2/8/8/PPPP1PPP/RNB1K2R w KQ - 2 10	f5f8	724	0y13141b1c
o0H3n	3R4/pp4k1/2b2npr/3p4/8/2q5/PP2RPP1/6K1 w - - 0 30	e2e7	724	0p13141b
oZax8	8/2Q5/4pk2/4p3/P3P3/2KP4/1P6/5r2 b - - 0 38	f1c1 c3b3 c1c7	724	0g0p1j1o1p
p5ftB	rnr3k1/2Q2ppp/b3p3/p2q4/P2Pn3/B3PN2/5PPP/2R1K2R w K - 1 18	c7c8 a6c8 c1c8 d5d8 c8d8	724	0610131619
pTyXH	3r2k1/5ppp/8/8/8/4P3/3R1PPP/2rR2K1 b - - 0 29	c1d1 d2d1 d8d1	724	060p13151m1o1y
rD2xH	7Q/2kBp3/3p2r1/3q4/nR3P2/2P1B1pK/P7/7R b - - 0 39	d5h1	724	1314191b
sCGW2	4r1k1/pp3ppp/2Pb1n2/8/8/P4B1P/1Q3PP1/1N4K1 b - - 0 21	e8e1	724	0p1113141b1f
tmMJ4	r4rk1/2b2bp1/ppQq3p/8/1P1pB3/P7/1B1P1PPP/R1N2RK1 b - - 0 27	d6h2	724	0y1314191b
uR770	8/5p1p/1pB5/p1b1p1p1/P1P2k2/1P1R3P/1r4P1/4K3 w - - 0 38	d3f3	724	0p1113141b1d
urUXH	4r1k1/ppp2ppp/1n6/3Pq3/8/2N2Q2/PP3PPP/3R2K1 b - - 3 19	e5e1 d1e1 e8e1	724	060p13151n1o
1idCi	r4rk1/ppp1npp1/3bpq2/3p4/3P4/2P1PNP1/PPQ2PP1/R3K2R w KQ - 0 19	c2h7	725	1314191b
4ITfR	rn3rk1/p1p2p1p/bp2p1pb/3qP3/4N3/3P1N2/PP2QPPP/R4RK1 w - - 0 15	e4f6 g8h8 f6d5	725	010s191o
4jYSc	rnb1kN2/1pp3p1/p4q1p/3Pp3/2B3n1/3P4/PPP2PPP/RNBQK2R b KQq - 0 10	f6f2	725	0413141b1c
7k7TH	2r2rk1/pq3ppp/4pb2/1p2N3/1PpP1Q2/P1P2PnP/1B4P1/R2R2K1 b - - 4 23	g3e2 g1f2 e2f4	725	0g0s191o
8HA5O	4r1k1/5p1p/pqp1r1p1/1p1P4/8/P1P2P2/1P1R2PP/3QR2K b - - 0 26	e6e1 d1e1 e8e1	725	060p0s13151o
8ansg	rnbk1bnr/pppp1Qpp/8/8/2B1P3/2N5/Pq3PPP/R3K1NR w KQ - 1 9	f7f8	725	0t13141b1c
9Wr2x	3r4/p4rkp/6p1/1pN5/6P1/P2p3P/1n3PK1/3R1R2 w - - 0 31	c5e6 g7f6 e6d8	725	010p0s1o
ARk0q	2k5/2P4p/2K5/5pp1/8/6P1/7P/8 b - - 3 55	f5f4 g3f4 g5f4 c6d5 f4f3	725	0g0p101e
Cea7F	R4q1k/5pp1/6bp/2PQ4/1r1P4/4B3/5PPP/6K1 b - - 4 31	b4b1 e3c1 b1c1	725	060p13151o
FVhhI	8/8/5k2/6pp/5p2/2K4P/p1N3r1/6R1 w - - 0 44	g1g2 a2a1r c2a1	725	0g0p0t111o
FeYAk	4r3/3r1p1k/p2pnBp1/1p6/2q1P1P1/4R3/PPPR2KP/8 w - - 0 30	e3h3 h7g8 h3h8	725	1315191d1o
FiXhZ	8/1b2Q1pk/6p1/p7/1ppB4/2P1K1P1/7P/3r4 b - - 3 37	d1e1 e3d2 e1e7	725	0g0p111o1p
G24Uf	r3kb1r/pb3pp1/3p3p/2qPpN1P/6n1/1BP5/PP3P2/R1BQK2R b KQkq - 0 16	c5f2	725	041314191b
Hxf2F	1k1r4/pp6/2p2pp1/2P1q2p/3N4/P2Q1P2/1P4Pb/R4K2 w - - 1 26	d4c6 b7c6 d3d8	725	0g0j0p1k1o
IXgaF	R7/8/5KPk/p7/3n4/2b5/8/8 w - - 1 53	a8h8	725	0p13141b
KRkQu	r3k2r/p2npp2/5b1p/N1p3p1/8/1P2PPP1/P4P2/1R2KB1R b Kkq - 0 19	f6c3 e1e2 c3a5	725	0g0s191o
NBnTH	r4rk1/1pp2pp1/1p1p2qp/3Np3/8/2P2b1P/PP1Q1PP1/R4RK1 w - - 4 19	d5e7 g8h7 e7g6	725	0g0s191o
NqF40	1Qb5/4kp1p/5r2/p4q2/p7/3P4/PPP2PPP/RN1Q2K1 b - - 0 20	f5f2 g1h1 f2f1 d1f1 f6f1	725	0610131619
OYmZj	R7/3p3p/3k3r/3p1K2/5P2/8/8/8 w - - 0 53	a8a6 d6e7 a6h6	725	0g0p111m1o1p
QTFq1	r3r1k1/ppp2pbp/6p1/3P2BP/2BP4/2P4b/PP3P1P/RN1Qn1KR b - - 2 18	e1f3 d1f3 e8e1 c4f1 e1f1	725	0d0y101316191d1n
SM8x3	2r3k1/1p4pp/8/3R4/5R2/8/PP2r1PP/1K6 b - - 0 24	e2e1 d5d1 e1d1	725	0p13151m1o
VWS1d	6k1/5pp1/p6p/1p2n3/7r/3BP2P/P4PK1/2R5 w - - 3 36	c1c8	725	0p111213141b1f
XjSIr	r7/pp3p2/4rBpk/2p1n3/2P5/5R2/P5PP/7K w - - 0 28	f3h3	725	0p13141b1f
YtUJ3	5K1k/4PPp1/3q3p/8/2p3Q1/5P2/7P/3q4 w - - 0 72	g4g7	725	0p1113141b1i
ZJbXg	3R4/5p1p/1p2k1p1/1pp3P1/6K1/PP5P/2P1r3/8 w - - 2 35	d8e8 e6d6 e8e2	725	0g0p1m1o1p
c9FKq	4r1k1/3Q1ppp/p7/P2P4/3qr2P/2p5/5PP1/R3R1K1 w - - 2 28	d7e8 e4e8 e1e8	725	060p13151o1y
cP1R6	2r3k1/4R3/p5Kp/3bR3/2p3nq/P7/1P6/8 w - - 0 36	e7e8 c8e8 e5e8	725	0p13151o
cRIZ4	6k1/6r1/3PP3/6r1/2p1Q1P1/2P4p/7P/6K1 b - - 0 42	g5g4 g1f2 g4e4	725	0g0p0s1j1o
cW7K9	8/6rp/8/2k5/p1pNK2P/P1P3p1/6P1/8 w - - 7 52	d4e6 c5d6 e6g7	725	0g0p0s1o
erwHq	2r3k1/1p2ppbp/3pb1p1/8/1Q5P/P3qP2/1PPR2P1/1K3B1R b - - 6 19	e3e1 d2d1 e1d1	725	1315191k1o
f2NZ1	5k2/5p2/4p1P1/p2pP3/np3Q2/5P2/P3K3/6q1 w - - 0 36	f4f7	725	0p13141b
gn2rv	8/8/1n1Q1p2/5k2/1P6/4P3/pK4P1/8 b - - 0 57	b6c4 b2a2 c4d6	725	0g0p0s111o
hidtn	8/R7/5p2/5Pk1/8/5K2/8/6r1 w - - 5 59	a7g7 g5f5 g7g1	725	0g0p111m1o1p
mDWcO	6k1/1p4p1/2p1p2p/8/1q1p2B1/3P2PP/r4PK1/5Q2 w - - 0 42	g4e6 g8f8 e6a2	725	010p0s111o
mVjuj	5k2/pp6/2p1pq2/3pN1pp/3P4/1B6/PPP1N1P1/6K1 w - - 0 26	e5d7 f8e7 d7f6	725	010p0s1o
n8iEv	r4r1k/1p5p/2p3Q1/6b1/2PpPqN1/3P3R/p3KP2/R7 w - - 1 37	g6h7	725	1314191b
nHbIK	r7/2NkbQ1p/pp1p1nr1/4pP2/P3b3/1B2BR2/1PP4P/R6K b - - 3 21	e4f3	725	0t0y1314191a1b
nX7lN	4r3/pp3pkp/3q4/2p5/1n1p4/3P2N1/PPP2PPP/R4RK1 w - - 0 23	g3f5 g7g6 f5d6	725	0g0p0s1o
oLJ2o	6k1/5ppp/4pqN1/1bP5/8/4QB2/5PPP/6K1 b - - 0 29	f6a1 f3d1 a1d1 e3e1 d1e1	725	0p101316
ocJNm	8/p7/1p6/1Ppk4/3pN1b1/P2P2P1/5K2/8 w - - 0 48	e4f6 d5d6 f6g4	725	0g0p0s11121o
uykJj	6k1/pp3p1p/2q3p1/7r/5P2/1P2P3/PQ1R1KP1/2r5 w - - 0 28	d2d8 c6e8 d8e8	725	0p13151o
wu4C1	7k/ppp3rp/2n2B2/8/5P2/3r4/PP5P/2K1R3 w - - 0 27	e1e8	725	0p13141b1g
xMQ0p	2Rrk2r/1p3ppp/pN2p3/1b1p4/3P4/8/PP3PPP/2R3K1 w k - 4 20	c8d8 e8d8 c1c8	725	050g0p1o
xoEPp	5q1k/4R1p1/pb2Q2p/1p2B3/2p5/6P1/PP3P1P/6K1 b - - 7 45	f8f2 g1h1 f2f1	725	0p13151o
yLtiH	2r2rk1/1ppn4/p2pp2p/6p1/PP1PPn2/2R2N1P/5PPB/3R2K1 b - - 2 24	f4e2 g1f1 e2c3	725	010s191o
1XJZU	4r2k/6pp/3R1n2/1Q3B2/1P3P1P/q7/2P5/1K6 b - - 1 32	e8e1 d6d1 e1d1	726	0p13151o
2RbTO	1R6/7p/6p1/2kp1p2/1p3P1P/5KP1/2r5/8 w - - 2 36	b8c8 c5d4 c8c2	726	010p111m1o1p
2U3Wn	5k2/1p2r2n/p4p1p/2pp1P2/6RP/1P1P2R1/1Pr3P1/6K1 w - - 0 35	g4g8 f8f7 g3g7	726	090p13151o
7eIos	r1bq1rk1/p4pp1/7p/1p2b3/2p1Qn2/2P5/PPBN1PPP/R1B3K1 w - - 0 19	e4h7	726	1314191b
8R4Si	8/5k2/1p4p1/p2N4/2pP2b1/2P1P3/P1P4P/7K b - - 0 34	g4f3 h1g1 f3d5	726	0g0p0s1o
8oB6Q	2r2n1k/7P/p4p2/1p2p3/5pR1/3B1P2/PPP3P1/1K1R3r b - - 2 30	h1d1	726	0p0t1113141b1k
8qtx6	2R5/8/8/8/3p4/8/3k3r/1K6 w - - 4 70	c8c2 d2e3 c2h2	726	0g0p1m1o1p
BFfhT	r4rk1/p4ppp/1p1p4/2p2Pq1/1P2Pn1b/P1P2R1P/BB4P1/R2Q2K1 b - - 2 19	g5g2	726	0y1314191b
BxkUA	5qk1/r4pbp/2p5/2N1pQ2/1p2P3/7P/1P2RPPB/6K1 b - - 0 26	a7a1 e2e1 a1e1	726	061315191o
CtNFP	5r1k/ppq3pp/2b2b2/r3pN2/3p3N/Q7/PPP2PPP/2R2RK1 w - - 10 21	a3f8	726	0t0y1314191b
E1v3z	r6k/r4Pp1/4B2p/3n4/7P/2n1BP2/P2R1P2/K3R3 b - - 7 30	a7a2 d2a2 a8a2	726	031315191o
IH99y	r1bq1rk1/pp3ppn/1np1p3/8/2pP4/2N1PNP1/PPQ2PP1/R3K2R w KQ - 0 12	c2h7	726	0y1314191b
KFLQR	2kr3r/1p3p2/p4p2/P1bB1b2/5q1p/1QP5/1P4PP/RN3R1K b - - 0 21	f4f1	726	0t0y1314191b
KdqwM	2kr1b1r/ppp1ppp1/2N2n2/1Q3bq1/3P4/2N4p/PPP1BPPP/R3R1K1 b - - 0 13	g5g2	726	0y1314191b
Ml1JJ	2N3k1/pr3p2/6pp/4p3/8/4P1P1/2p2P1P/2R2K2 b - - 0 33	b7b1 f1e2 b1c1	726	010p1g1o
MwBGT	4rk2/ppR3p1/5p1p/3r1q2/3P2Q1/1P4P1/P4P2/5RK1 w - - 2 27	g4g7	726	0p13141b
PReyj	r6r/1pq2p2/p1npbk2/2b1p3/2B1P2P/3P4/PPPQ1PP1/R4RK1 w - - 0 17	d2g5	726	1314191b
S7fZG	r2qk2r/pp3ppp/3p1b2/2p1nP2/4NB2/2PP2N1/PP3K2/R1Q4R b kq - 0 21	e5d3 f2f3 d3c1	726	0g0s11191o
SSWFc	1R6/1p6/p5k1/3p4/8/8/PP4r1/2K5 w - - 0 42	b8g8 g6f6 g8g2	726	0g0p1m1o1p
SxVDm	2r3k1/5ppp/p3p3/1p6/2b1P3/Pq4N1/5QPP/5RK1 w - - 1 23	f2f7 g8h8 f7f8 c8f8 f1f8	726	060p1013161n
UAKxJ	r1b1kr1b/3npp1Q/3p4/2pP2P1/pp1qPP2/P3N3/1PPBN2P/2KRR3 b q - 3 23	d4b2	726	1314191b1k
UAS0h	8/1pp2r2/2n2k2/pR6/5B2/P5P1/1PK5/8 b - - 4 33	c6d4 c2d3 d4b5	726	010p0s111o
WO1oi	r2q1rk1/1pp2pbp/p2p1np1/3Np1B1/2PnP3/3P2P1/PP3PBP/R1Q2RK1 b - - 2 14	d4e2 g1h1 e2c1	726	0g0s191o
YyFaZ	5r2/8/8/5k2/8/4R3/6K1/8 w - - 62 79	e3f3 f5e5 f3f8	726	0g0p111m1o1p
ZRG4E	8/8/8/8/p6P/3K4/kp5P/6Q1 b - - 0 57	b2b1q g1b1 a2b1 h4h5 a4a3 h5h6 a3a2	726	000g0p1h1i1w
ZjcOH	r1b3k1/pp3pbp/6p1/2Bn2q1/8/P6P/R1P2PP1/4Q1K1 w - - 0 20	e1e8 g7f8 e8f8	726	0y1315191o
Zqfsl	1R6/5kp1/p2P3p/8/4q3/6P1/4rP1P/3Q2K1 b - - 2 34	e2e1 d1e1 e4e1	726	0g0p0s1o
bHYjR	2Q5/p2RR2p/6pk/5pq1/8/8/PPP2PPP/6K1 b - - 6 32	g5c1 d7d1 c1d1 e7e1 d1e1	726	0p101316
bhjZe	2r2k2/5pp1/4p3/p2p4/5PNQ/3n3P/3q2P1/6RK w - - 5 46	h4h8 f8e7 h8c8	726	0g0p11121o1p
dsBKn	2r2rk1/1b2ppbp/pp1p1n2/6N1/3P4/PBP3Bq/1PQN1P2/R3R1K1 b - - 0 22	h3h1	726	1314191b
dyKYU	1R6/8/P1k5/8/1KP5/8/8/6r1 b - - 14 68	g1b1 b4c3 b1b8	726	0g0p11121m1o1p
eOkmg	6k1/1p6/6KP/3R4/2pP4/2P4n/8/8 b - - 0 48	h3f4 g6f6 f4d5 f6e5 d5c3	726	0g0p0s10
epVCO	8/2pk1rR1/p2pp2Q/Kp6/5r2/P7/1PP5/8 b - - 9 39	f4a4	726	0p13141b1j
hIEaB	rn1qkb1r/pQ3ppp/5n2/4p3/2B3b1/1N2P3/PP3PPP/RNB1K2R b KQkq - 0 9	d8d1	726	13141b1c
hX7QG	7r/1pk4p/2n5/8/1pK3R1/1P1P4/6PP/7R b - - 0 25	c6e5 c4b5 e5g4	726	010p0s1o
iSG0t	4r1k1/6pp/3R4/2R5/8/1P3PP1/4r1P1/5K2 b - - 0 33	e2e1 f1f2 e8e2	726	090p13151m1o
jvyot	R7/5p1p/1p2p1k1/4Pb1p/1P3P1K/4P3/6r1/8 w - - 6 40	a8g8 g6h6 g8g2	726	0g0p11121o1p
lAoBL	5r2/pp3pkp/3R2pN/8/r4P2/6P1/1PP2P2/2K4R b - - 0 25	a4a1 c1d2 a1h1	726	010p1o1p
lbotx	8/1R6/r3knpp/2B2p2/2P5/PK6/7P/8 w - - 1 45	b7e7	726	0p13141b1d
mEjfU	r1bqkb1r/pp1pn2p/5pp1/3Qp3/2B1P3/2N5/PPP2PPP/R1B1K2R w KQkq - 2 9	d5f7	726	13141b1c
n04qD	r2q2k1/pbpp2pp/1p2p3/4P3/3n4/2P3QP/PP3BP1/RN3RK1 b - - 0 16	d4e2 g1h2 e2g3	726	010s191o
p3IF2	6kb/3b1p2/1r1p1Ppp/B3p1P1/2PpP2P/P2P4/3K2B1/R7 b - - 0 31	b6b2 d2c1 b2g2	726	0g0p111o1p
pyYkD	r3kbnr/pp2pppp/2n1q3/3N4/8/5P2/PPP1BP1P/R1BQK2R w KQkq - 1 10	d5c7	726	0f13141b1c
qof8W	4r1k1/1p3pp1/p1b4p/4R3/P7/1PR1B2P/5PPK/1r6 w - - 6 28	e5e8 c6e8 c3c8 g8h7 c8e8	726	010p101g
qxlAm	6k1/1B6/5p1p/pp6/1P5P/6P1/r5P1/6K1 w - - 0 32	b7d5 g8g7 d5a2	726	0g0p0s111o
vrfxc	4rrk1/pppq1ppp/2n5/6N1/3pQB2/8/bPP2PPP/2KR3R w - - 3 15	e4h7	726	0y1314191b
wv2Cn	2kr2r1/ppp5/4p3/2b1p2R/4P1n1/2PP4/PP4PP/R1BQ3K b - - 0 19	g4f2 h1g1 f2d1	726	0g0j0k0s191o
xdFR9	r1b3k1/ppp3pp/2nq4/8/2P1N1n1/5r2/PP1PBPPP/R1BQ1RK1 b - - 1 12	d6h2	726	0y1314191b
zuvUu	4Q3/5pkp/5Np1/p5Pn/1p2P3/5P2/1qPK3P/8 w - - 10 39	e8g8	726	0p0q13141b
0dLGx	8/8/3KN3/4P3/3p4/1n6/k7/8 b - - 0 58	d4d3 e6c7 d3d2 c7d5 d2d1q	727	000g0p0z101h
0dtiN	5rk1/7p/P1p1p1p1/3p4/3P1R2/q1P2Q1P/P5P1/2r2BK1 w - - 0 25	f4f8 a3f8 f3f8 g8f8 a6a7	727	000g0p1011
13n3j	5Q2/1k6/5p2/1P6/4q1p1/2P3Pp/5P1P/5RK1 b - - 0 41	e4g2	727	0p13141b
2OX4y	8/R3Q1p1/1pk1p2p/3pb3/2r2q2/2P5/1P3PPP/5RK1 b - - 0 26	f4h2	727	0p13141b
68hp8	2Q5/8/4rkp1/1p2r2p/p6P/P5K1/1P3P2/8 w - - 0 44	c8f8	727	0p0q13141b1j
6GUOK	8/2r3p1/7p/7P/3K1kP1/2P1N3/8/8 w - - 5 50	e3d5 f4g5 d5c7	727	0g0p0s111o
6ldxL	r1b1r1k1/ppp2ppp/2n2q2/2bB2N1/8/3P4/PPP2PPP/RNBQ1K1R b - - 0 10	f6f2	727	13141b1c
7PLyP	r1b2k1r/p3ppb1/2p2N2/2Nq4/3P2P1/4B2p/PP4PP/R2Q1RK1 b - - 0 18	d5g2	727	0y1314191b
7axMk	6k1/Q1b2ppp/4p3/8/3P1P2/6KP/6P1/7q w - - 0 30	a7a8 c7b8 a8b8	727	060p13151o
7ohBb	5bk1/5p1p/8/1p2p1p1/4P3/P2n1PP1/1BR3KP/8 b - - 2 35	d3e1 g2f1 e1c2	727	010p0s111o
9WaFn	4r3/p2RP3/8/6P1/5k2/5N2/PPP1n1PK/8 b - - 0 30	e8h8 f3h4 h8h4	727	020p13151o
9h50Y	4k3/5p1p/6pP/R3pb2/8/8/1r3PP1/3K3R b - - 0 36	b2b1 d1d2 b1h1	727	0g0p1o1p
BPlGJ	8/8/p1p1k3/1p1pP2P/1P1P4/1PP4r/2R2K2/8 b - - 0 39	h3h2 f2f3 h2c2	727	0g0p1m1o1p
C9ILs	r5k1/pp2pR1p/2b3p1/2q5/2Pb4/1P1B2P1/P1Q3P1/5R1K b - - 0 28	c5h5	727	1314191b
Dkens	r1b1r1k1/p1q2pp1/2p2n1p/1p6/8/1BN2Q1P/PPP2PPb/R1B1R2K b - - 3 17	e8e1	727	0t0y13141b1c
F747W	6k1/4pp1p/3p2p1/1B1p4/1P1N4/2Q2N1q/r3RP2/2R1K3 b - - 8 30	h3h1 f3g1 h1g1	727	1315191o
Gc8cQ	rnb1k1nr/pppp1ppp/5q2/2b1p3/4P3/3P2P1/PPP2PBP/RNBQK1NR b KQkq - 0 4	f6f2	727	0413141b1c
HlHu9	r5k1/5pb1/2p3p1/2Pp1b1p/p6P/2P1P1P1/P2N1Q2/K5R1 b - - 0 38	g7c3	727	0l0p1113141b
IXOxF	r1b1k1nr/ppp2Npp/2np1q2/2b1p3/2B1P3/3P4/PPP2PPP/RNBQK2R b KQkq - 0 6	f6f2	727	0413141b1c
KlRRa	6k1/5pp1/4p1b1/1n2P2p/3PPR1P/p1B5/R3K3/8 b - - 0 43	b5c3 e2d3 c3a2	727	010p0s1o
NnUbM	8/5k2/PR6/5p1P/8/1K6/8/7r b - - 0 54	h1b1 b3a4 b1b6	727	0g0p11121m1o1p
P2ngH	1k6/pp6/4pp2/3p4/3P1PN1/2r5/P7/5RK1 b - - 0 25	c3g3 g1f2 g3g4	727	010p0s1o
PQaYE	1rbqr1k1/5p2/1ppp3p/p5p1/4P3/1PN2PPn/P1P1B2P/1R1QR2K b - - 1 19	h3f2 h1g1 f2d1	727	0g0s191o
PaVjr	8/1R5p/2P3p1/8/5p2/2k2P2/4r1PP/2K5 b - - 0 45	e2e1	727	0p13141b1m
QYxj9	r2q1rk1/1p1n1p1p/2p3p1/pPPpPb2/6P1/5P2/PR1BP2P/3QKB1R b K - 0 15	d8h4	727	111314191b
VZLR4	3Q4/b5k1/6p1/1b2p2p/8/6P1/7P/7K b - - 0 47	b5c6 d8d5 c6d5	727	0l0p13151o
WxE8r	2k3rr/pp1n1Np1/3b4/2p1q3/Q5P1/2PP3p/PP5P/R1B2RK1 b - - 0 17	e5h2	727	0y1314191b
X0z2m	4R3/1p6/2pk1pp1/p6p/5K1P/6P1/PP1r1P2/8 w - - 10 35	e8d8 d6e6 d8d2	727	010p111m1o1p
a7Arl	B1b1N1kr/5p1p/p6q/1p2p3/3n4/2Q5/P1P2PPP/2R1K2R b K - 0 19	h6c1	727	0t1314191b
bEsAu	8/6p1/3k1p2/3p4/1N1P4/2P5/Pr5P/3K3R b - - 1 31	b2b1 d1d2 b1h1	727	0g0p1o1p
fzU0A	3r2k1/pp4pp/2nb4/8/4N3/P3B3/1P3PPP/3R2K1 b - - 0 20	d6h2 g1h2 d8d1	727	0g0j0p1o
g9qEv	8/2P2p2/1P4k1/5p2/6p1/5PP1/1r2Q1KP/2r5 b - - 2 60	b2e2	727	0p0t13141b
hStdG	8/1b1N1p2/4k1p1/7p/4P2P/5K2/6P1/8 w - - 2 43	d7c5 e6f6 c5b7	727	0g0p0s1o
hTf4E	1k4nr/pp5p/8/2N5/2R5/4P3/Pq5P/5K2 w - - 0 32	c5d7 b8a8 c4c8	727	060p13151o
iXkj8	r1q2rk1/3n1pbp/bpN1pnp1/p2p4/2Pp4/1P1BP3/PBQN1PPP/R2R2K1 w - - 2 14	c6e7 g8h8 e7c8	727	0g0s191o
iaPql	8/1ppbq1k1/p2p3p/P2Pn3/1P3Q2/4NBP1/5K1P/8 b - - 14 44	e5d3 f2e2 d3f4	727	0g0p0s1o
jDPIp	r3k1r1/pppq3p/2np1n2/2b1p3/4P3/2N4N/PPP1BP1P/R1BQRK2 b q - 0 14	d7h3	727	0t1314191b
jMqCg	r3r1k1/ppp2ppp/2b4n/4PP1Q/8/P1Nq4/BP4PP/R1B2R1K b - - 0 20	d3f1	727	0t0y1314191b
lNQZI	8/5p2/2p1r3/p5pk/8/P2rqP2/2Q3PP/1R2R2K b - - 14 38	e3e1 b1e1 e6e1	727	060p13151o
lYpBu	r5k1/2rR1pp1/1q2p2p/p7/1pP5/1P6/2Q2PPP/3R2K1 w - - 0 22	d7d8 a8d8 d1d8	727	0p13151o
maIaM	7k/nppR2p1/1b6/pb2p1N1/6P1/2P5/3N1r2/1K6 w - - 0 31	d7d8 b5e8 d8e8 f2f8 e8f8	727	10131619
mmel9	r5k1/pp1b1p2/2p1qQp1/4p3/4P3/8/PPP1B3/2K4R w - - 4 30	h1h8	727	0p0x13141b
n359y	3k2r1/p7/2bqpp1r/2p2n2/2Pp1P1p/PQ1P4/3B2PP/1R2NRK1 w - - 0 25	b3b8 d6b8 b1b8 d8e7 b8g8	727	0g0r10191p
nlBdr	2r3k1/pp3pp1/1b2r2p/3q4/3pNp2/PP3Q1P/1P3PP1/3R1RK1 w - - 4 27	e4f6 e6f6 f3d5	727	0g0j191o
nw6XT	r1b4r/ppq1kp2/4np2/1B2b3/8/2N3P1/PP6/R1B1QRK1 w - - 5 22	c3d5 e7f8 d5c7	727	0g0s191o
nwOzj	5rk1/pp5p/3q2p1/6P1/3pp1Q1/BPP5/P2P1r1R/3R2K1 b - - 0 28	d6h2	727	0y111314191b
sJx3l	r5k1/pp2qpp1/2p2n1p/2Ppn3/PP1Q4/1BN2P1P/5PP1/4R1K1 b - - 3 22	e5f3 g2f3 e7e1	727	0g0j0y191o
sVq4Q	4r3/8/8/2P1kp2/p7/K1R5/8/8 w - - 4 49	c3e3 e5d4 e3e8	727	0g0p1m1o1p
t1dJI	3r2k1/5pp1/4p2p/1RP1P3/3p4/5N2/P1b2PPP/5K2 b - - 0 35	c2d3 f1e1 d3b5	727	0g0p0s111o
tYsFw	2R1n1k1/pr3pp1/1r2p2p/1P1qN3/3P4/3QP3/4KP2/1R6 w - - 15 33	c8e8	727	0t1314191b
twiAm	r1bq2k1/pp3ppp/8/2ppr3/8/1P1P4/P1P2QPP/RN3RK1 w - - 0 16	f2f7 g8h8 f7f8 d8f8 f1f8	727	0610131619
vTPL7	r2qkb1r/p2n1ppp/2p2n2/1p4N1/3Pp3/1QN1P2P/PP2bPP1/R1B2RK1 w kq - 0 12	b3f7	727	041314191b
x9ZID	rn1q1rk1/pp5p/6pQ/3p1p2/3b4/2Np3R/PPP3PP/R6K w - - 0 17	h6h7	727	0y1314191b
y9CgV	8/5K2/R5p1/1k4P1/p7/8/8/8 b - - 0 55	b5a6 f7g6 a4a3 g6f7 a3a2 g5g6 a2a1q	727	000g0p11121h1r1w
yAIrO	5k1r/1b3ppp/p4n2/8/2q5/2N2N2/PPP3PP/3RR1K1 w - - 0 20	d1d8 f6e8 e1e8	727	1315191o
yo7Ag	6k1/5pp1/p4r2/8/1P1Q1n2/6P1/7P/6K1 b - - 0 39	f4e2 g1g2 e2d4	727	0g0p0s1o
1A5tG	r1b1k2r/pp1p3p/3Q2p1/4B3/1n2q3/2b2N2/P1P1PPPP/1R1K1B1R b kq - 6 16	e4c2	728	13141b1c
1Qn1b	8/4k3/2p1p1p1/pp3p1p/1n3P1P/1P2K1P1/P7/R7 b - - 2 32	b4c2 e3d2 c2a1	728	0g0p0s1o
3Jvhs	1rb5/3pqP1k/p4p1b/1p1n4/4PP2/2N3Q1/PPP3P1/R3K3 w Q - 0 21	g3g8	728	1314191b
3M7ko	1k2r2r/1p3ppb/pN5p/P1b1P3/2PR1Np1/8/1P5P/5RK1 w - - 1 29	b6d7 b8a7 d7c5	728	010s11191o
4TbTX	5r1k/pp4p1/7p/3pP3/2nP2q1/8/PPQ3PP/5RK1 w - - 0 27	f1f8	728	0p1113141b
5TPHX	2kr3r/p1q5/Nn2b3/1P1p2p1/3PppPp/4P3/P3BPP1/R1R3K1 w - - 0 27	c1c7	728	1314191b1k
5Zc3A	8/3k4/3P2P1/7p/8/8/1R3K2/7r b - - 0 60	h1h2 f2e1 h2b2	728	0g0p111m1o1p
5iyLL	8/5kp1/1R3n1p/8/6P1/4K2P/8/8 b - - 0 40	f6d5 e3d2 d5b6	728	0g0p0s111o
7AIXC	4r3/2k3p1/2p5/1p2pP1p/p5nP/P1P5/1PKR4/3R4 b - - 1 40	g4e3 c2c1 e3d1	728	010p0s111o
7GbLN	8/5pk1/6p1/4P3/5P1K/6QP/8/3q4 b - - 6 49	d1h5	728	0p13141b1i
7HKuS	2k1r1r1/pp2bp1p/5p2/2pqN3/8/4B3/PP2QPPP/2R1R1K1 b - - 0 17	d5g2	728	0y1314191b
8jybv	1r6/4k3/3p3p/4n1p1/1P1QP3/3P2PP/5P2/6K1 b - - 0 43	e5f3 g1f1 f3d4	728	0g0p0s1o
BIqZ4	7k/5pp1/2r1pN1p/1p2P3/5nq1/1P1Q4/P5PP/5RK1 w - - 2 29	d3h7	728	0p13141b
Dhp1Y	r2qk2r/p1pnppbp/3p1np1/2p2bN1/3P1B2/1Q2P2P/PP1N1PP1/R3KB1R w KQkq - 0 12	b3f7	728	041314191b
EcNUc	2r1q2k/6pp/p4p2/2pQn3/3p4/NP1P4/P1P2PPP/4R1K1 b - - 2 22	e5f3 g2f3 e8e1	728	010j0p0y1o
FSuP5	8/8/6p1/1P2Rp2/5P2/1r4k1/3K4/8 w - - 0 62	e5e3 b3e3 d2e3	728	0g0p111m1o1r
GaN5I	8/p2q2kp/1p4p1/2p5/4QP2/1P2B1Pb/P3P2P/6K1 b - - 4 27	d7d1 g1f2 d1f1	728	0p13151o
GszTT	3r1r1k/p5p1/2p3P1/8/q7/1p1n3P/PP2QP2/1K6 w - - 0 30	e2h5 h8g8 h5h7	728	0p13151o
GuAyQ	r5k1/pp2p1bp/4p1p1/8/8/2NqQn2/PP3P1P/R1B2R1K b - - 3 18	d3f1	728	0t0y111314191b
HGyBD	5b2/8/2p5/1pN1p1kP/1P2P3/2K5/8/8 w - - 3 49	c5e6 g5h5 e6f8	728	0g0p0s111o
ICNeL	r4r1k/pp1Q2pp/8/q7/8/8/PPP2RPP/RNB3K1 b - - 0 18	a5e1 f2f1 e1f1	728	0s1315191o
ITzQI	2r2bk1/5p1p/2r1p1p1/pp1q4/3pNPP1/PP1P3P/1RP2R2/3Q2K1 w - - 2 25	e4f6 g8h8 f6d5	728	0g0s11191o
IxpgX	5r2/pp4kp/2p3p1/4N3/1P1P3P/P5K1/3R1nP1/8 b - - 3 36	f2e4 g3h2 e4d2	728	0g0p0s1o
KfGbM	6k1/p4pp1/1pr4p/5N2/8/4PnP1/7P/1R5K w - - 0 34	f5e7 g8h7 e7c6	728	010p0s1o
LPXiw	r3r1k1/p6p/1pp2qp1/2n1R3/2P3R1/2Q1PP2/P3BP2/5K2 w - - 4 24	e5e8 a8e8 c3f6	728	0g0j0y191o
LWiMv	4r3/2p5/1p1p3k/pP1P2p1/P2P3q/2PQpPn1/2B3P1/4R1K1 b - - 2 39	h4h1	728	0p111213141b1r
N7GIY	8/8/2kPp3/4P3/pKp1r3/8/2R4P/8 w - - 2 53	c2c4 e4c4 b4c4	728	0g0p1m1o
Napgo	3b4/8/1k3p2/p1p1pPp1/2P1P2P/1P3P2/1K1B4/8 b - - 0 57	g5h4 d2e1 h4h3	728	01080p111o
Q39F2	8/3N4/4k3/6p1/6P1/3b2K1/8/8 w - - 3 60	d7c5 e6e5 c5d3	728	0g0p0s1o
QhITB	r4rk1/pppbqBp1/2nb1R1p/4p1NQ/4P3/8/PPPP2PP/R1B3K1 b - - 0 13	f8f7 h5f7 e7f7	728	01191o
SFYxX	8/1K6/2p5/p7/1P6/5k2/8/8 w - - 0 51	b4a5 c6c5 a5a6 c5c4 a6a7 f3e2 a7a8q	728	000g0p1e1h1w
SlIZO	r3k2r/1pp2pp1/1p6/3Np3/4Pqb1/1P6/P1Q2PPP/R4RK1 b kq - 1 19	f4h2	728	0y1314191b
U9Hu8	5rk1/5pp1/pp2q2p/4rN2/1P4Q1/P3PR2/6P1/6K1 w - - 1 34	g4g7	728	0p13141b
UHjW9	4rrk1/ppp2pp1/3n1q1p/3pR3/3P2b1/2PQ1N2/PPB2PP1/R5K1 w - - 2 21	d3h7	728	1314191b
VJnzT	6k1/5pp1/3p1n1p/1p1P4/1q4b1/rP3P2/2B1QP2/4R1K1 w - - 0 28	e2e8 f6e8 e1e8	728	1315191f1n1o
WVXBa	r2q1k1r/pp1bb1p1/3p1nB1/2p3p1/4P3/1QN5/PPP2PPP/R3K2R w KQ - 0 13	b3f7	728	1314191b
XOjt6	7k/3RR3/p4pqp/1p1p4/8/1P6/P2P1PPP/6K1 b - - 3 27	g6b1 e7e1 b1e1	728	0p13151j1o
YYpf2	r1b2rk1/pp4pp/3b1q2/1Bp1N3/3p4/P3P3/1P1B1PPP/R2QK2R b KQ - 0 15	f6f2	728	041113141b1c
YzFSw	r6k/p2R4/1p2qNpp/2p5/P1P2p1b/1P3P2/2P5/7K w - - 0 37	d7h7	728	030p13141b
acJ52	r2kr3/ppp1nQ1p/3bbNp1/1P2ppB1/8/3P4/Pqn2PPP/1N3RK1 w - - 0 18	f7e8	728	111314191b
ekR8l	4r2k/6pp/1P6/8/4q3/1Q6/5PPP/1R4K1 b - - 0 33	e4e1 b1e1 e8e1	728	060p13151n1o
eokXr	3r1r1k/8/4p1Q1/1p6/p1pP1P2/2P1K3/P6q/7R w - - 1 35	h1h2	728	0p0t13141b
fY5pC	k7/p1p3pp/2p1b3/4P1B1/2q5/1R6/PK3P1P/3R4 w - - 1 25	d1d8 e6c8 d8c8	728	0p13151o
kD1Zz	6k1/pp4pp/2p5/8/6q1/P2R4/4r1B1/5RK1 w - - 1 28	d3d8 e2e8 d8e8	728	0p13151o
kl7kY	2kr1b1r/ppqn1p2/2p1p3/3P4/PPP1N1np/2B5/2Q1BPP1/R4RK1 b - - 0 18	c7h2	728	1314191b
kq4tM	8/4p3/4k1p1/6P1/2p1K2P/1n6/8/5R2 b - - 3 42	b3d2 e4d4 d2f1	728	0g0p0s1o
oKqRx	2r3k1/4p3/7p/3N1p2/5Pp1/r1p1P1P1/6P1/2R2K2 w - - 0 32	d5e7 g8f7 e7c8	728	010p0s1o
osIdn	2kr3r/p1qb1p2/Pp4p1/3p3p/3N2n1/2PB1PP1/1PQ3P1/R4K1R b - - 0 20	g4e3 f1f2 e3c2	728	0g0s191o
p0B1x	8/8/1p3k2/2bK4/2P5/2N5/8/8 w - - 4 49	c3e4 f6e7 e4c5	728	0g0p111o
rhpEM	r1bq1b1r/pp2k2p/2np1p1p/4p2Q/2BpP3/7N/PPP2PPP/RN2K2R w KQ - 2 10	h5f7	728	13141b1c1s
s6X3o	r1bq1k1r/pppp2pp/2n5/3QP1N1/1b4n1/2N5/PP3PPP/R1B1K2R w KQ - 4 11	d5f7	728	13141b1c
trKCE	r1b2r1k/p4pp1/4p3/1p1pP1N1/8/4P1P1/qPQ2P1P/2KR3R w - - 0 18	c2h7	728	1314191b
uTrhe	6rk/p6p/1p2p3/4P3/3Pb3/4PQ2/PP5P/R6K b - - 1 31	e4f3	728	0p0t1113141a1b
vcHvD	3R4/pp2kp2/2p1pq1p/7P/2n1B3/8/PPP2P1Q/1K1R4 b - - 0 31	f6b2	728	0p1113141b1k
wG5V1	1k6/r7/1n6/5p2/2pNpP2/p1P1P3/3K4/R7 w - - 0 49	d4c6 b8c7 c6a7	728	0g0p0s1o
wQj6s	1r5r/4k2p/p3p1p1/1p4P1/2nNK3/P7/7P/1R1R4 w - - 1 34	d4c6 e7e8 c6b8	728	0g0p0s0v1o
xzOyx	4b1k1/1p6/p5p1/3p3p/3P2p1/B1PB1nP1/PP4KP/8 b - - 5 35	f3e1 g2f2 e1d3	728	0g0p0s1o
yLpom	8/1pp4p/4N1pk/p1b1n3/P7/r7/4K3/5R2 w - - 10 39	f1h1 a3h3 h1h3	728	020p13151o
yZhlh	8/p4k1p/1p1P1Q2/2p3p1/7P/1P4P1/P7/7K b - - 0 38	f7f6 d6d7 f6e7 d7d8r e7d8	728	0g0p10
0J3Vn	r3r1k1/1p3ppp/2pp4/p7/3QPn1q/PPN2P1b/2PRBP1P/6RK w - - 3 22	d4g7	729	0y1314191b
8zece	8/8/pp2k1n1/3p2P1/4n1K1/1PP5/P7/7R b - - 4 40	e4f2 g4f3 f2h1	729	0g0p0s111o
ARAML	r2q2kr/ppp3pp/4pn2/1b1pQ3/P2P4/B1P5/2P2PPP/R3K2R w KQ - 0 14	e5e6	729	0y1314191b
Bc9mW	r1b1k2r/5pp1/p2p4/1ppPp3/3P2pq/P2P4/BP3PPP/R2QNRK1 b kq - 0 16	h4h2	729	0y1314191b
GZ8MQ	1k1r4/pp3p1R/4p1p1/q2pP1P1/4NP2/5Q2/PPP3P1/1K6 b - - 0 21	a5e1 f3d1 e1d1	729	0p13151k1o
Ge77b	8/4kpn1/8/6PP/6K1/8/8/8 w - - 4 62	h5h6 g7e6 h6h7	729	000g0p0z1o
HZ0vM	2r2rk1/pp4pp/4pp2/2P1P3/5P1n/P7/1B1R1P1P/2R3K1 b - - 0 25	h4f3 g1f1 f3d2	729	0g0p0s1o
HgNow	2kr3r/pppn1p2/4pq1p/8/3P1Q2/P1P1P1B1/5P1P/R3K1R1 w Q - 3 19	f4c7	729	1314191b1k
Hs1YA	2b5/8/5pk1/3N4/5Kp1/6P1/7P/8 w - - 4 68	d5e7 g6f7 e7c8	729	0g0p0s1o
IHV10	6k1/2p3p1/2P1p2p/8/rn2P3/5P2/pR3KPP/R7 b - - 10 35	b4d3 f2e2 d3b2	729	0g0p0s1o
IxfQ5	3r2k1/1p2npp1/p6p/8/1P6/P1q1P2P/2BN1PP1/2R1K2R w K - 5 23	c2h7 g8h7 c1c3	729	0g0j191o
JBUdp	4r1k1/1pp2pp1/1p1q3p/3Pr3/1P6/P2R1Q1P/5PP1/3R2K1 b - - 10 26	e5e1 d1e1 e8e1	729	0p0y13151o
JDilU	r1b2k2/pp4pp/1np2n2/8/2B3r1/q1PQ4/P1P2PPP/R3R1K1 w - - 2 17	d3d8 f6e8 d8e8	729	1315191o
KWHBU	r3r1k1/pbppqppp/1p6/3P4/1bPp4/7P/PPQP1PP1/RBB2K1R w - - 3 13	c2h7 g8f8 h7h8	729	0y1315191o
LNzwz	r4q1k/1pp1np1r/5N2/p2pP3/3P2p1/P7/1P3P2/1K4RR w - - 0 28	h1h7	729	030y1314191b
MojlX	r6k/p5r1/1pppqNp1/5p2/2PP1R2/2P4P/P4BPK/8 w - - 0 32	f4h4 g7h7 h4h7	729	030p0y13151o
NB65E	r2qkb1r/p3pppp/1p3n2/1Nnp1b2/Q1Pp1B2/4P3/PP3PPP/R3KBNR w KQkq - 4 9	b5c7	729	0k0m1314191b
PFy4d	r4rk1/pp1b1qpp/4p3/3pR3/3P2Q1/PBN5/1P3PPP/R5K1 b - - 0 19	f7f2 g1h1 f2f1 a1f1 f8f1	729	06101316191n
Q3s5J	2r5/ppr1kppp/2n1p3/3p4/3P4/PP2P3/2RNKPPP/2R5 b - - 8 21	c6d4 e3d4 c7c2 c1c2 c8c2	729	0g0j0p10
QZy66	8/p1b4p/8/2P2p2/PP1kpN2/3p2PP/3K4/8 w - - 1 40	f4e6 d4c4 e6c7	729	0g0p0s1o
TNe5j	6k1/pR3ppp/8/3qP3/8/5QP1/5PKP/6r1 w - - 5 32	g2g1 d5b7 f3b7	729	0g0p0t1o
Uvkb0	r1b3k1/pp2rppp/8/4n3/2q5/7P/PPP2PP1/R2QRNK1 w - - 0 16	d1d8 e7e8 d8e8	729	0s1315191o
WgVRF	r1b2r1k/1p1p1ppp/p1nQ4/q2np3/2B1P3/8/PPP2PPP/R1B2RK1 w - - 0 12	d6f8	729	0t0y13141b1c
YHDKH	8/5R2/8/2bkPK2/6P1/8/3r3P/8 w - - 3 41	f7d7 d5c4 d7d2	729	0g0p111o1p
YU7Eb	8/5k2/5n1R/5p1P/rB3P2/P7/6PK/8 b - - 0 51	f6g4 h2h3 g4h6	729	010p0s1o
YVNfG	6k1/4p2p/r1p1p1qQ/p2pP1P1/1p1P4/2P5/PP6/5RK1 w - - 0 25	f1f8	729	0p0x13141b
aojcw	3r2k1/1q3p2/1p2pQp1/p2r3p/7P/1P4P1/P1R1PP2/2R3K1 b - - 1 29	d5d1 c1d1 d8d1 g1h2 d1h1	729	0p0y101316
breez	8/p3b1pp/1p2kp2/1P2p3/4P3/2P1NP2/5KPP/8 b - - 2 25	e7c5 f2e2 c5e3	729	0g0p1o
cUktH	8/2k2r2/4p2p/8/6P1/8/R6K/8 w - - 0 48	a2a7 c7d6 a7f7	729	0g0p111m1o1p
d8cGA	4kq2/5p2/4pQ2/1p1pP1p1/8/2r1P3/4BKP1/8 w - - 0 43	e2b5 c3c6 b5c6	729	070p13151o
dUa3d	r4rk1/pp2qppp/4p1b1/3pQ1P1/7P/bP6/PBPP2B1/2KR3R w - - 1 17	e5g7	729	0y1314191b
dsKEn	8/4bk1p/1R6/1p6/2p5/P7/6PP/6K1 b - - 2 32	e7c5 g1f1 c5b6	729	0g0p0s1o
efDbk	1k1r3r/1p3p1p/1PB1p1p1/p2pP3/QR1B4/8/P2q1PPP/2R3K1 b - - 0 21	d2c1 a4d1 c1d1	729	060t1315191o
ew8BF	2rr2k1/1b3p1p/p3pp2/1p6/5b2/P3P2Q/1P3RP1/R1B4K b - - 0 24	d8d1 f2f1 d1f1	729	0y1315191f1o
fgUhz	5R2/1r1k1p2/8/6p1/4p1Pp/7P/3K4/8 w - - 0 45	f8f7 d7c6 f7b7	729	0g0p111m1o
flgCl	3r2k1/1b3qpp/pp6/4b3/P2p1pPQ/BP1P3P/2r1NK2/R5R1 w - - 0 29	h4d8 f7e8 d8e8	729	0t0y1315191o
grr4I	r3r1k1/1p4pp/p1pb2p1/2p1p1q1/4Pn2/1P1PQ2P/PBP2PP1/R3RNK1 b - - 2 18	g5g2	729	0y1314191b
hd15u	2r2rk1/ppqb1ppp/2n1p3/4n1B1/4Q3/3B1N2/PP3PPP/R2R2K1 w - - 0 18	e4h7	729	0y1314191b
hd7K8	6k1/1pp1rppp/8/3b4/Qp6/3P1PP1/6KP/8 w - - 0 29	a4a8 e7e8 a8e8	729	0p13151o
i2Zhz	r7/p1p2Q2/kp1N1b1B/2nPp3/8/2R4p/PP3P1K/5q2 w - - 2 35	c3a3 c5a4 a3a4	729	021315191o
iROAX	r4r1k/1p6/p1p3Q1/3BNp2/3P3q/8/6PP/4R1K1 b - - 0 32	h4e1	729	0t1314191b
lXYKB	r4rk1/1bp2p1p/pp4B1/3q4/8/P7/1PQ2PPP/2RR2K1 b - - 0 20	d5g2	729	0y1314191b
ldIf3	6k1/p1R3pp/8/8/1PK2P2/4P3/6r1/8 b - - 1 37	g2c2 c4d3 c2c7	729	0g0p1m1o1p
nBFEw	5r2/1p3kq1/p3p3/3P4/4Q3/1PP5/PK6/8 w - - 5 45	e4e6	729	0n0p13141b
ntzin	5k2/pb3ppp/8/2p1P3/2Bp1P2/8/Pq4PP/1R3RK1 b - - 1 22	b2g2	729	0p1113141b
oN9sE	8/8/1n3N2/6p1/7k/8/6PK/8 w - - 0 53	g2g3	729	0p0z13141b
oiDl2	r1bqnr1k/ppp4p/5ppQ/4P3/2B1p3/8/PPP2PPP/R1B3K1 w - - 2 17	h6f8	729	0t0y1314191b
pHjRJ	5rk1/3p2p1/p5pp/5r1P/1p1pb2P/3P1P2/PPPBQ3/4R2K b - - 0 28	e4f3 e2f3 f5f3	729	010p0s1o
q4pJs	6k1/1r1r1ppp/2p2n2/p1B1p3/q3P3/1R1P3P/1PQ2PP1/3R2K1 w - - 3 28	b3b7 d7b7 c2a4	729	0g0j191o
rHuBO	r5k1/2b1R2p/6p1/2pP1pN1/1pP5/1P5P/5PP1/6K1 b - - 8 39	a8a1 e7e1 a1e1	729	0p13151f1o
sRPYU	8/2b2p2/2k2p2/p1P2P2/P2K4/2N5/8/8 b - - 0 40	c7e5 d4c4 e5c3 c4c3 c6c5	729	0g0p101z
tKpM8	8/1k2bRp1/p1b1p3/1p1qP1BP/2pP4/2P3Q1/7K/8 b - - 0 30	d5h1	729	0p13141b
tNPW6	8/8/8/8/R2K2k1/5r2/8/8 b - - 11 64	f3f4 d4d5 f4a4	729	0g0p1m1o1p
v4rx1	1k2r2R/5Rp1/1p4p1/2p3P1/P7/7P/r4PK1/8 w - - 3 38	h8e8	729	0p0t13141b1m
xkgQN	5R2/8/8/6k1/8/3K4/6r1/8 w - - 0 58	f8g8 g5f4 g8g2	729	0g0p1m1o1p
xqMng	5k2/p3bppp/6b1/2R5/1B6/4PP2/6PP/3rN1K1 w - - 3 30	c5c8 d1d8 c8d8	729	0p13151g1o
znrDV	r1b2k2/ppp3pB/3P1q2/8/3n4/1Q6/P4PPP/bN3RK1 w - - 0 18	b3g8	729	1314191b
0WzV2	r3r1k1/ppp1qp1p/2np2pB/5P2/4P3/2Q3R1/PPP3PP/3R2K1 w - - 3 20	c3g7	730	1314191b
2MZX8	4bk2/8/5Kp1/1p3p2/1P4rR/8/8/8 w - - 2 52	h4h8	730	0p13141b
2XWrC	6k1/1p3ppp/3r4/p1nP4/8/1P3B2/P4KPP/2R5 b - - 1 28	c5d3 f2e3 d3c1	730	010p0s111o
3mQkh	6k1/3q1p1p/1p3p1P/8/8/Q5P1/5P1K/8 w - - 0 38	a3a8 d7c8 a8c8	730	0p13151i1o
3weGg	4r1k1/5pp1/3p3p/3P1Pn1/1Bp3PP/2P2pK1/5Q2/8 b - - 0 42	g5e4 g3f3 e4f2	730	010p0s1o
67q3d	r4r2/pppqNppk/1bn3p1/4p1B1/Q7/P4P2/1P3P1P/R3K1R1 w Q - 2 18	a4h4	730	021314191b
6ERGA	3r4/7p/p3p1p1/1ppkPp2/5P1P/1P2P3/P1K4R/8 w - - 5 32	h2d2 d5e4 d2d8	730	0g0p1m1o1p
6rpPU	r1bqkb1r/pp1n1ppp/2pp1n2/4p3/2B1P3/1QP2N2/PP1P1PPP/RNB1K2R w KQkq - 3 6	c4f7 e8e7 b3e6	730	040q13151c1o
6y5Ip	rnb1k2r/ppppqppp/8/4n3/1bP5/1P3NP1/P2NPP1P/R1BQKB1R b KQkq - 4 7	e5f3	730	13141b1c1g1q
8MwPO	r1bqr1k1/1p1nbp1p/2pp2pB/p1n5/P2QP1P1/2N3NP/1PP2PB1/4RRK1 w - - 4 14	d4g7	730	111314191b
8SJdx	6k1/5p1p/8/p2r1N2/8/6KP/5PP1/8 w - - 0 41	f5e7 g8f8 e7d5	730	010p0s1o
92nRx	r4rk1/1ppN1p2/p1p4p/7q/4P3/2NPK3/PPP3P1/R7 w - - 0 24	d7f6 g8h8 f6h5	730	0g0p0s1o
9QWQf	r1b4k/pp2q1pp/2p5/2np4/2B1r3/1P2PQ2/P1P3PP/R4RK1 w - - 0 19	f3f8 e7f8 f1f8	730	061315191o
9X2vE	8/1p6/pkp5/5P2/8/4R1P1/1qP1K1P1/8 w - - 1 40	e3b3 b2b3 c2b3	730	0g0p0s1j1o
9xB4J	5R2/k1q5/1p3p2/pPp1b1p1/P1P1Q3/7P/6P1/3r2BK w - - 2 36	f8a8	730	0p13141b
BPhAa	1r2k2r/5pp1/Q1Nqpn2/3p2p1/3P4/2N1P3/PP3PPP/R4RK1 b k - 0 16	d6h2	730	0y1314191b
BfPsP	6rk/1pp1R3/7b/p6p/3P4/2P1p3/qPB3PP/5RK1 w - - 2 30	e7h7	730	0p13141b1d
Dxww6	2r3k1/pp3ppp/1b2b1q1/3pN3/3P4/4Q3/PPP2PPP/2KRR3 b - - 7 20	g6c2	730	1314191b1k
Dxx4R	r1b2rk1/p1q1ppbp/1p4p1/8/2BPP3/8/PBQ2PPP/2KR3R w - - 0 15	c4f7 f8f7 c2c7	730	0g0j191o
FIw0H	6k1/pp3p2/6pQ/7p/7P/PP2p3/KB1rq3/8 w - - 3 45	h6h8	730	0p1113141b
FnYJa	2r2r1k/pp4pp/3b1N2/4qQ2/8/1B3R1P/PP4P1/5R1K b - - 0 24	e5h2	730	1314191b
FomT1	r3r3/4kp2/2p4p/p1npB1p1/7P/1PP1PP2/P4KP1/5R1R b - - 0 22	c5d3 f2e2 d3e5	730	0g0p0s111o
GOxJY	8/5p1p/4k3/8/8/1r1N3P/6PK/8 w - - 2 49	d3c5 e6d5 c5b3	730	0g0p0s11121o
HZ2U5	2r3k1/6p1/p4p2/5N1p/1p1p1b1P/5P2/PP1p1B2/3R2K1 w - - 0 33	f5e7 g8f7 e7c8	730	0g0p0s1o
Hp8E0	5rk1/pb3pp1/1bR1p3/4Q1p1/1pP5/3BP1Pq/1B3P1P/6K1 w - - 14 36	e5g7	730	0y111314191b
HquBa	r3k3/3q4/7P/p4p2/3P4/3K2Q1/PPP5/8 w q - 0 31	g3g8 e8e7 g8a8	730	0g0p1o1p
L3I4q	rnb2rk1/pppp1ppp/8/2b1P3/7q/2NB1N2/PPP3PP/R1BQ1K1R b - - 6 8	h4f2	730	13141b1c
LPzDS	8/8/2R3p1/pP3pNk/P4P1P/4n3/r6P/7K b - - 4 59	a2a1 c6c1 a1c1	730	0p13151o
MdArB	1k3b1r/2r2ppp/1p1p4/3P4/1P6/2q2B1P/R4PP1/R5K1 w - - 0 26	a2a8 b8b7 a1a7	730	091315191k1o
Og4wI	r3k2r/p2n1ppp/1qp1p3/3pP3/5P1b/BP6/P1P1N1PP/R2Q1K1R b kq - 4 14	b6f2	730	1314191b
RZxcc	r2R1Q2/3n2pk/4p1pp/1PB1P3/p1p4P/8/2q2PP1/6K1 w - - 3 26	f8h8	730	0p111213141b
S2DbF	2kr1r2/1p1b1p2/p3p3/2p1q3/2P1B3/1K6/P3Q2P/R4R2 w - - 0 34	e4b7 c8b7 e2e5	730	0g0j191k1o
Sp72Z	r1b1k1nr/pp3ppp/1qn1p3/2bpP3/N4P2/6P1/PPPBN2P/R2QKB1R b KQkq - 3 10	c5f2	730	13141b1c
TJN3W	rnbqkb1r/pp3pp1/2p5/3Bp1p1/8/3P1Q2/PPP2PPP/RNB1K2R w KQkq - 0 9	f3f7	730	0413141b1c
UIeHp	6k1/4rpp1/pq1p3p/2pPnP2/2P5/7P/1PQ2NP1/4R1K1 b - - 2 29	e5f3 g2f3 e7e1	730	0g0j0p0y1o
UTYvL	2B2nk1/4qp2/1p4p1/4b3/4Q3/1P2B1PP/7K/8 b - - 1 38	e5g3 h2g3 e7e4	730	010j0p111o
WmLlV	6k1/pp3pp1/1b5p/3N1q2/1P6/P4nP1/2r2PKP/3R1R2 w - - 1 23	d5e7 g8h7 e7f5	730	010s191o
Wr3zt	8/8/4k3/2B2pK1/5P2/2n5/8/8 b - - 0 56	c3e4 g5h6 e4c5	730	0g0p0s1o
XW3oH	rn1qkbnr/p2bp3/2p2pp1/1p5Q/P1p5/4P3/1P1P1PPP/RNB1KB1R w KQkq - 0 9	h5g6	730	13141b1c
YGGVm	5rk1/p3bppp/2Q1p3/8/5P2/7n/PP1P2PP/R1B3RK b - - 0 20	h3f2	730	1314191b1q
Yna3n	6k1/R4p1p/1p2pPp1/3bP3/B1q5/2b5/P5PP/3R3K w - - 1 28	a7a8 d5a8 d1d8	730	0p13151n1o
Z4CRW	3k3r/p4Bpp/1pp5/2p5/4Pn2/8/PPP2P1P/2K3R1 b - - 0 21	f4e2 c1d2 e2g1	730	0g0p0s1o
ZXz0e	5k2/5p1b/p4p1p/7P/1P4Q1/r4qP1/2p2PK1/4R3 w - - 0 42	g4f3 a3f3 g2f3	730	0g0p1o
ZpT5Y	2r5/6pp/5pn1/4p3/p1k5/4B3/4KPPP/1R6 w - - 6 36	b1c1 c4d5 c1c8	730	010p111o1p
cJhLi	r2R4/4P3/6pk/1p5p/2p5/2P5/5PPP/6K1 b - - 1 46	a8a1 d8d1 a1d1	730	060p13151m1o
e2Jze	rnb3kb/ppp2p1p/3p1qPB/8/4rP2/8/PPPQB1P1/2KR2NR b - - 0 14	f6b2	730	13141b1c1k
e8Z37	1k6/pp3p2/8/1N4p1/1nP3n1/6K1/P2r4/7R w - - 0 27	h1h8 d2d8 h8d8	730	0p13151o
enPZL	r7/2r2p1k/1q2p1pP/p1np4/3Q1P2/1P2P2R/P6P/2R3K1 w - - 0 29	d4g7	730	1314191b
fbOv5	8/5pk1/6p1/2bBp3/6P1/2P4q/7R/5R1K b - - 5 48	h3f1	730	0p0t13141b
gmgtC	r2q2k1/6pp/1b2r3/1Rp2N2/p1PpPBn1/3P4/P5PP/1R1Q3K b - - 6 34	g4f2 h1g1 f2d1	730	0g0s191o
iqi2P	4rk2/6p1/R5p1/1p2npB1/8/2P3P1/P4P1P/6K1 b - - 0 34	e5f3 g1g2 f3g5	730	010p0s1o
jqG75	rn4k1/p4ppp/8/3P4/4qBn1/7P/PP2bPP1/2R1KB1R w K - 0 21	c1c8 e4e8 c8e8	730	061315191o
kDbR3	rnbqk1nr/pp3ppp/3p4/2bQN3/4p3/8/PPP1PPPP/RNB1KB1R w KQkq - 0 6	d5f7	730	0413141b1c
loi7N	r1b1r1k1/1p2ppb1/pq1p2p1/5N1n/4P2P/4QP2/PPP1N3/1K1R1B1R b - - 2 17	b6b2	730	13141b1c1k
lzY5r	8/8/5p2/5R2/2pr4/3r2PK/R6P/2qk4 w - - 0 54	f5f1	730	0p13141b1j
mXSqR	6r1/4qppk/4bR2/ppprB3/4R3/1P1P3P/1PP3P1/7K w - - 0 27	e4h4	730	1314191b
oKsPs	3r1bk1/1p3pp1/1np2r1p/1q2N3/p2P4/P2Q2P1/1P2RP1P/1B2R1K1 w - - 11 28	d3h7	730	111314191b
pAta6	r1bqk2r/pp1pnpbp/2n3p1/3Q4/2B1P3/5N2/PP3PPP/RNB1K2R w KQkq - 1 9	d5f7	730	0413141b1c
ri7KB	8/2P1kp2/4p3/7r/8/4RP2/1r6/2R1K3 b - - 0 63	h5h1	730	0p1113141b1m1r
sMRWB	2r5/p7/p2B2k1/2b4p/2R4P/4P3/6P1/6K1 b - - 1 35	c5e3 g1f1 c8c4	730	0g0j0p1o
vcakq	R5rk/2p1n3/2Ppb1q1/4p2p/1P2Pp2/5P2/3QBBPp/3N1R1K b - - 0 31	g6g2	730	0y111314191b
wzZIH	r4rk1/ppb2ppp/2pq1n2/3p4/2P5/1P2PB2/PB2QPPP/R2R2K1 b - - 0 15	d6h2 g1f1 h2h1	730	0y1315191o
x2N2r	k2r1r2/p1p2ppp/PpNp4/1P6/8/4P3/6PP/2R3K1 w - - 9 28	c6d8 f8d8 c1c7	730	010j0p1o
yw0ao	r7/5p1k/2q3p1/7p/p2QP2P/R5P1/5P2/6K1 b - - 9 40	c6c1 g1g2 c1a3	730	0g0p0s11121o1r
2Fb1V	7k/p4p1p/5Np1/4R1K1/1r6/7r/P6P/8 w - - 0 32	e5e8 h8g7 e8g8	731	0p0q13151o
3W6ba	6k1/6p1/1p3pNp/p2r4/4p3/3b4/PP3RPP/6K1 w - - 0 36	g6e7 g8f8 e7d5	731	010p0s1o
4CCEi	r1k5/1ppb4/p3p1Rr/3pN3/3P4/1PP5/P7/1K6 w - - 0 31	g6g8 d7e8 g8e8	731	0p13151o
6CMGY	8/7p/p5pP/1p1kBp2/2pP1P2/P1P3b1/1P2K1b1/3N4 w - - 15 47	d1e3 d5e4 e3g2	731	0g0p0s1o
6Sj12	7k/p1q3p1/1p4Qp/8/6PK/2P5/P6P/8 b - - 5 40	c7h2	731	0p13141b1i
6hWkN	3r4/pp1nN1pk/3Pb3/2P1n2p/5r2/6q1/PPP1Q1P1/R1B3K1 w - - 0 22	e2h5	731	021314191b
6uVOi	1rr3k1/3bbppp/p2p4/1p2pP2/1P6/1PN3Pn/PB4BP/2RQ2RK b - - 0 27	h3f2	731	1314191b1q
8QlVJ	8/5k2/4p2p/2p3pP/1p1n4/1P2N3/r1P2PP1/2R3K1 b - - 9 42	d4e2 g1f1 e2c1	731	010p0s111o
9lxvR	R7/7k/8/K5P1/8/8/1r6/8 b - - 0 62	b2a2 a5b4 a2a8	731	0g0p111m1o1p
AkWfH	r2q2rk/ppp3pp/2b5/3nN3/3P4/P3P3/1P3PPP/R1B1K2R w KQ - 0 18	e5f7	731	1314191b1q
E6Oi6	2r5/5k2/1p3pp1/4p3/3nNP2/4n1P1/PP4B1/5RK1 w - - 1 31	e4d6 f7e6 d6c8	731	0g0p0s111o
ErcmR	4r1k1/ppp1rpp1/3p3p/3Nn3/7P/2P2P2/PPP3P1/2KRR3 b - - 4 19	e5d3 c2d3 e7e1	731	010j0p1o
Gd0Vv	5k2/5bp1/p7/1p1pR1PP/3P3K/P1P5/1P1n4/8 b - - 0 43	d2f3 h4g4 f3e5	731	0g0p0s111o
GhHeo	r4rk1/2pq1ppp/p3b3/4P3/4Q3/2nB4/P1P3PP/b2NR2K w - - 3 23	e4h7	731	0y1314191b
GhWoQ	8/3k4/2pP4/p1Pr4/N6p/1P3p1K/P2n1R2/8 w - - 1 46	a4b6 d7d8 b6d5	731	010p0s111o
H0cxz	2r2rk1/5ppp/p2q1b2/1p1p4/4N1n1/PP2P3/1B1Q1PPP/2R2RK1 b - - 4 20	d6h2	731	0y1314191b
JGydi	7r/8/8/8/2k5/3R4/3K4/8 b - - 5 86	h8h2 d2e3 h2h3	731	0g0p1m1o
JIm9b	3r1rk1/6p1/p6Q/1pp2pR1/4R3/2Pq4/PP5P/6K1 w - - 0 36	h6g7	731	0p13141b
LPikV	6Q1/2p1k3/1q3r2/4p2p/1P2P1p1/8/5PPP/3R2K1 b - - 5 33	b6f2 g1h1 f2f1 d1f1 f6f1	731	060p1013161n
M1wC5	8/3r3p/1p2kpp1/1Pn5/2Pp2P1/3B2P1/3K1P2/R7 b - - 5 38	c5b3 d2c2 b3a1	731	010p0s111o
M66JS	rn1q1b1r/pp3kpp/2p1b3/8/8/1P4P1/P2PQP1P/R1B1R1K1 w - - 0 15	e2e6	731	0n1314191b
NkqEo	2r3k1/5r1p/2p3pQ/8/4R3/1pq2PP1/4RK1P/8 w - - 0 36	e4e8 c8e8 e2e8 f7f8 e8f8	731	0p0x101316
O6B9O	4r3/p6p/1p4p1/5kP1/4NP2/1P2P2P/P5K1/8 w - - 1 37	e4d6 f5e6 d6e8	731	0g0p0s111o
OXl1H	8/6k1/4R3/8/6P1/4K3/8/3r4 b - - 0 62	d1e1 e3d4 e1e6	731	0g0p1m1o1p
Ouoau	r1b1k2r/ppp2ppp/8/2bpP3/7q/2PB4/PP4PP/RNBQ1K1R b kq - 4 10	h4f2	731	13141b1c
QPbJZ	6k1/6Bp/2pp1Pp1/2p3P1/2Pb2K1/1r2r3/8/5R2 w - - 0 46	f6f7 g8g7 f7f8q	731	000p13151h1o
RTj2o	r4rk1/pp1bn2p/1qn1p1pB/1B2Q3/3N4/8/PPP3PP/R5K1 w - - 0 18	e5g7	731	1314191b
RsBNX	R7/ppp3pk/4Q2p/8/8/2P4n/P5PP/6RK b - - 0 24	h3f2	731	0p13141b1q
UuNcP	2b1rr1k/pp4pp/4p3/5q2/3B4/PQP1R3/1P3PPP/3R2K1 b - - 1 24	f5f2 g1h1 f2f1 d1f1 f8f1	731	06101316191n
W4Oet	2r4k/6p1/7p/3R4/p6P/1n1P4/1P3P1R/1K6 b - - 4 34	c8c1 b1a2 c1a1	731	0p0u13151o
ZoVSj	r1b1k1r1/ppq1bp2/2p4p/4p2n/4Pp2/2N2P1P/PPPQB1PN/3R2RK b q - 4 17	h5g3	731	1314191b1q
dMUex	1r3rk1/p4pb1/1pn3p1/2pqp1N1/5PQ1/2PPB1Pp/PP1N3P/R3R1K1 b - - 0 20	d5g2	731	11121314191b
eipPl	r1b1r1k1/p1p2ppp/5b2/3q4/8/3B4/PPP2PPP/R2Q1RK1 w - - 0 13	d3h7 g8h7 d1d5	731	010j0y191o
eyM8V	2Q5/R7/2p2rp1/pk6/8/8/PPP2q2/1K5R b - - 12 35	f2f1 h1f1 f6f1	731	060p13151n1o
fpqwi	6k1/6pp/1bN5/P7/1P6/8/4p1PP/5R1K b - - 0 35	e2f1q	731	000p13141b1h
frbo0	8/5ppp/p3p3/nk6/3KPP2/6P1/7P/R7 b - - 1 44	a5b3 d4c3 b3a1	731	0g0p0s111o
gXhkL	7r/1p4p1/p1k1p3/2Pp4/1PnP1PKP/4P3/7R/3R4 b - - 0 37	c4e3 g4g5 e3d1	731	010p0s1o
h8jzh	1r3rk1/5ppp/8/1p2q1P1/p1P4P/PP1Qp3/2B3b1/3N2K1 w - - 0 42	d3h7	731	0y1314191b
hMtci	4k3/7R/p1P2p2/5P2/1P4PK/P7/r7/8 b - - 0 48	a2h2 h4g3 h2h7	731	010p1m1o1p
hso03	8/8/3k4/3p4/P2P1p2/NBb2Ppb/4K3/8 w - - 4 47	a3b5 d6d7 b5c3	731	0g0p0s111o
jQ0Iz	4k3/rb1p4/3p2q1/1B1Ppn2/P1P1Q1p1/8/1P3PPP/R4R1K b - - 0 31	f5g3 f2g3 g6e4	731	010j0y191o
jY393	1r6/5p2/RPB1bkpp/4p3/4P3/5NPP/6P1/5K2 b - - 0 35	e6c4 f1g1 c4a6	731	010p0s1o
lNM94	8/p7/8/1p4K1/7P/Pk6/8/8 w - - 1 44	h4h5 b3a3 h5h6 b5b4 h6h7 b4b3 h7h8q	731	000g0p1e1h1l1w
lqOYH	r4rk1/1pp2ppp/3p1q2/p7/8/P1PQnP1b/5P1P/RB2R1K1 w - - 0 19	d3h7	731	0y1314191b
lx6pQ	r1bqkb1r/pp1pp3/2n2p2/6B1/3p4/8/PPP1B1PP/RN1Q1RK1 w kq - 0 12	e2h5 h8h5 d1h5	731	13151c1o
mAgQF	8/1q5k/3Bp1p1/1PQ1P2p/7P/4n1PK/5P2/8 b - - 2 49	b7h1	731	020p1113141b
sFhRV	5rk1/5ppp/2r5/1p2p3/1N3nP1/P1PP4/BP2nPPK/4RR2 b - - 2 27	c6h6	731	021314191b
uXgdw	8/5p2/p1kP1n1p/4p1p1/PR4P1/4KP1P/8/8 b - - 0 38	f6d5 e3e4 d5b4	731	0g0p0s1o
v2xmT	r1bnr2k/pp3Qpp/3R4/4ppq1/8/BNP5/P1P2PPP/5RK1 w - - 10 18	f7e8	731	060t1314191b
vbJVb	r1b2rk1/1p3ppp/p2p4/8/P5n1/1NPB4/3N2PP/R3R2K b - - 3 23	g4f2 h1g1 f2d3	731	010s191o
vrP1t	1k2N3/1p1P3p/6p1/1p2p3/1P2Pq2/7P/Q5P1/5n1K b - - 0 42	f4h2	731	0p13141b
xw4ow	4rrk1/2b3pp/p1q1p1b1/1p3p2/3PN3/5QPP/PP3P2/R1B1R1K1 w - - 0 23	e4f6 f8f6 f3c6	731	0g0j191o
yTjWa	r1bqkbnr/p2p2pp/1pp3n1/3Q4/2B1P3/8/PPP2PPP/RNB1K2R w KQkq - 0 9	d5f7	731	13141b1c
zda5x	1r3k2/1p3pp1/p3b3/4P1p1/4B3/P5P1/1P3KP1/7R w - - 5 28	h1h8 f8e7 h8b8	731	0g0p1o1p
0TwIx	2r3k1/4R1pp/p7/8/2pB1P2/6P1/P2n3P/6K1 b - - 2 30	d2f3 g1f1 f3d4	732	0g0p0s1o
0sRrJ	5r2/4Np1k/p4Kp1/1p1pP3/6r1/5R2/P7/8 w - - 4 40	f3h3 g4h4 h3h4	732	0p13151o
1GCAp	1r3rk1/1p3ppp/2p2q2/p2pnP2/P2Q4/1B5P/1PP2PP1/R3R1K1 b - - 1 18	e5f3 g2f3 f6d4	732	0g0j191o
1SS0A	r1r3k1/p3pp1p/3pb1p1/q6P/4P1P1/2B2P2/PPPQ4/1K1R1B1R b - - 0 17	a5a2 b1c1 a2a1	732	1315191k1o
1UxnE	1k3r2/pp2q1p1/3b4/2p1p3/2PnP3/1P3rPB/P2Q3P/RNB2R1K b - - 0 26	f3f1 h3f1 f8f1	732	0g0y191o
1WmOq	r6k/pb4b1/1p3npp/2p1qp2/2P1pN1P/PQ2P3/1P1rBPPR/1K5R w - - 0 22	f4g6 h8h7 g6e5	732	010s11191o
1bFd9	2b3k1/r1q2rpp/2p2b2/1p6/4Q3/7P/BPP2PP1/R4RK1 w - - 0 21	e4e8	732	111314191b1g
24U4Y	Q7/6k1/p4p1p/2p2qp1/1pP5/1P5P/PB6/1bK3R1 b - - 0 31	f5c2	732	0p13141b
2ixcQ	r3k2r/p4pp1/2pbp2p/3p4/3P1q2/2P4P/PP2QPP1/RN3RK1 b kq - 2 14	f4h2	732	1314191b
3oR1E	3rQ2k/3P2p1/1p5p/p1p5/q7/8/5P1P/1R1R3K b - - 2 33	d8e8 d7e8q a4e8	732	010p1o1y
4ZWd3	3r2k1/1p3p1p/3Pp1p1/1N6/4nP2/2P5/P5PP/3R3K b - - 2 31	e4f2 h1g1 f2d1	732	010p0s111o
583cZ	2r3k1/2Q2ppp/6q1/p1p2b2/PpPp4/3P3P/1P3PP1/4R1K1 w - - 4 29	c7c8 f5c8 e1e8	732	060p13151n1o
5WRs6	8/pp6/2p5/8/3Pk3/5N1r/PP2K3/8 w - - 9 45	f3g5 e4d5 g5h3	732	010p0s1o
8UHVF	3r1rk1/7p/2pp1qp1/pp2p3/4P3/2NR3Q/PPP2PPP/3R2K1 b - - 3 20	f6f2 g1h1 f2f1 d1f1 f8f1	732	06101316191n
8xSa6	Q4r2/8/2B1R3/7k/3p4/3Pn3/1P4pP/6K1 b - - 0 39	f8f1	732	0p13141b
9Higs	6k1/1p4pp/p3p3/3p2Q1/P2q4/2r5/5R1P/1B4K1 w - - 0 30	g5d8	732	0p13141b
AbO1I	6k1/8/7p/R2K4/1p5r/1P6/P7/8 b - - 0 55	h4h5 d5c4 h5a5	732	0g0p111m1o1p
BVArj	r1b1r2k/pp3Qpp/1qpp4/2b5/4PP2/PBNn3P/1P4P1/R1B2R1K w - - 1 17	f7e8	732	060t1314191b
BzfTA	8/2kn2pp/1pp5/b2p2N1/5r2/3B4/2K2PPP/R7 w - - 0 25	g5e6 c7d6 e6f4	732	0g0p0s1o
CUzmC	2r3k1/p4p2/b1P2p1p/N3nP2/3N2P1/P6P/5K2/2R5 b - - 4 33	e5d3 f2g3 d3c1	732	010p0s1o
D0Kb6	3r4/R1p1kqp1/3p3p/4p3/4Pr2/2P4Q/PP4PP/1K5R b - - 6 29	f4f1 h1f1 f7f1	732	0g0p1o
DIzgn	8/3b4/p7/3N1p2/1P2k1p1/4P1P1/5K2/8 w - - 10 59	d5f6 e4d3 f6d7	732	0g0p0s1o
EUNvI	r7/8/4ppk1/4b1p1/2R1P1P1/2P5/2K3R1/8 b - - 13 54	a8a2 c2b3 a2g2	732	0g0p111o1p
FohMk	r4rk1/1pp1Bpp1/p1nq3p/8/3PP1n1/P1NQ4/1P2N1PP/2R2RK1 b - - 0 17	d6h2	732	0y1314191b
GsLTZ	5r1k/p5p1/3p3b/2p1p3/1qP1B3/1P5R/P4rPP/3Q1RK1 b - - 1 28	f2f1 d1f1 f8f1	732	0g0s191o
HBkO5	r6r/ppp1kp2/3p4/4qQ2/4P3/2P5/PP2BPP1/3R1RK1 b - - 0 22	e5h2	732	1314191b
JE8YA	3Q4/2p1B2p/2k3p1/1R6/8/2P5/P1q3PP/7K b - - 4 39	c2c1 d8d1 c1d1	732	060p13151o
LEMp0	8/8/p1r4p/R1P4K/3k4/8/P7/8 b - - 10 45	c6c5 a5c5 d4c5	732	0g0p111m1o
NQreY	4r1k1/pp2r1p1/1np4p/8/3PB3/2P5/P3R1P1/4R2K w - - 0 28	e4h7 g8h7 e2e7	732	010j0p1o
NrxLW	2r3r1/pb2q1bk/1p2p1p1/3pP1P1/3B2P1/2P5/PP2Q3/4RBK1 w - - 0 29	e2h2 g7h6 h2h6	732	1315191o
Ou3l4	8/p4k1p/8/8/5KP1/8/r3B2P/8 w - - 1 48	e2c4 f7g6 c4a2	732	0g0p0s1o
PcCd6	6k1/7p/5R2/8/6PP/P1P2K2/8/6r1 b - - 0 43	g1f1 f3e4 f1f6	732	010p1m1o1p
R5IBi	1r6/1P2kpp1/7p/2pBn3/4P3/5P2/5K1P/2R5 b - - 1 33	e5d3 f2e3 d3c1	732	0g0p0s1o
R5s5D	r4k2/ppp1q3/3pp1Q1/3nP3/NP6/P5RP/5rP1/6K1 w - - 4 25	g6g8	732	1314191b
Re7lO	r2q2kr/1p5p/3pb1pQ/p3n1P1/2P1PR2/P7/1P1N4/2KB3R b - - 0 25	e5d3 c1c2 d3f4	732	010s191o
Sgvux	3q2k1/5ppp/pnQ5/2p1r3/6B1/1P6/P4PPP/3R2K1 b - - 1 26	d8d1 g4d1 e5e1	732	060p13151n1o
Sn2yC	7k/8/3p2Rq/p3b3/4Q3/7P/5PP1/6K1 b - - 1 38	h6c1 e4e1 c1e1	732	0p13151o
UVwFg	1r1q1k1r/2p1bp2/p1B1pn2/1p4B1/2pP3P/2N5/PP1Q1P2/R3K3 w Q - 5 18	g5h6 h8h6 d2h6	732	0111191o
Ud6gk	r4rk1/5p1p/p2p2pP/1p3Pq1/3QP1n1/2P1N3/P3K3/R6R w - - 0 28	d4g7	732	1314191b
Zbyxf	r4r2/1b1n3k/p1pq2pp/1p3p2/3bp3/PB2Q2P/1P3PPN/R1B1R1K1 w - - 0 22	e3h6	732	1314191b
bvYqy	5rk1/p2Q4/5ppp/q6N/8/6P1/P5KP/8 w - - 2 28	d7g7	732	0p13141b
eodGu	r4rk1/4qpp1/2p5/pp1pP3/2b4R/4P2P/PPQ2P2/1K1R4 w - - 0 24	c2h7	732	1314191b
fZiMO	8/6pk/6p1/6r1/5P2/8/Q3K3/8 b - - 0 50	g5g2 e2e3 g2a2	732	0g0p1j1o1p
ffWHx	1r4k1/p1q2p1p/6p1/2pp3N/3b2P1/5P1P/P3Q3/4R2K w - - 0 29	e2e8 b8e8 e1e8	732	0p13151n1o
gDGeJ	rn1q1rk1/pp3ppp/2p1p1b1/2b5/2B2PP1/2NP4/PPP3P1/R1BQ1R1K b - - 2 13	d8h4	732	1314191b
ghkzd	5k2/5pp1/1b2p2p/p1n1B3/PpP5/4P2P/5PP1/3BK3 b - - 9 37	c5d3 e1e2 d3e5	732	0g0p0s11121o1r
gyDOC	r1b4r/p1pk1pb1/p1Np3p/2nP2p1/8/P1N3B1/1PP2PPP/R3R1K1 w - - 2 16	e1e7	732	0u1314191b
h4or6	6k1/p4pp1/1p5p/2p5/P2n4/1P4P1/2P4P/2R3K1 b - - 1 35	d4e2 g1f2 e2c1	732	010p0s1o
h9GuM	r1b2rk1/ppp2ppp/2n5/2b1p3/4P1Pq/P1PP1N1P/5P2/R1BQKB1R b KQ - 2 10	h4f2	732	0413141b1c
l517U	2kr3r/1ppqn2p/4p1p1/1b1pPp2/3P3Q/2P5/3N1PPP/RN3RK1 w - - 0 19	a1a8	732	061314191b
lUymW	3r2k1/ppq2pp1/7p/2p5/3b1P2/1P2BQ1P/P1P3P1/3R2K1 b - - 0 23	d4e3 f3e3 d8d1	732	0g0j0p0y1o
lkZyD	r3r1k1/pbpq1ppp/1p2p3/4P3/2P3n1/B2BP3/P2Q1PPP/R4RK1 w - - 1 15	d3h7 g8h7 d2d7	732	0g0j0y191o
n1pbv	8/2p5/1p1p2r1/p2P4/4p3/2P3k1/3K4/5R2 w - - 2 53	f1g1 g3f4 g1g6	732	0g0p1m1o1p
n9IIb	1rbq2rk/pp1nb1pp/4p3/4N3/3P4/6P1/PP3PBP/R1B1R1K1 w - - 0 17	e5f7	732	13141b1c1q
nWZAI	rn1q1rk1/p1pp1p1n/1p2p2Q/6N1/2PP3p/2P3P1/P3PPbP/R3K2R w KQ - 0 13	h6h7	732	0y111314191b
oQUY1	r2q1r2/1bp2p1k/p2p1p1B/1p2P3/1P6/6QP/P4PP1/b3R1K1 w - - 2 21	g3g7	732	1314191b
on76j	5Q2/8/6p1/6kp/8/4P3/q5PK/8 w - - 4 42	f8f4	732	0n0p1113141b1i
p9n8P	8/8/r4k2/6p1/P6R/5K2/8/8 w - - 0 45	h4h6 f6e5 h6a6	732	0g0p1m1o1p
pTCgl	6k1/3b2pp/4pp2/1pB1n3/4P3/PP4P1/5KBP/8 b - - 1 32	e5d3 f2e3 d3c5	732	0g0p0s1o
qQ9N6	rq3rk1/p1p2pp1/1p3B1p/4n3/1P2P3/3B1P2/1P1Q1P1P/R4RK1 b - - 0 17	e5f3 g1h1 f3d2	732	0g0s191o
rC2Xo	1k5r/p1p2Np1/8/1p3R2/8/1Q2R2p/PP1q2PK/8 b - - 0 29	d2g2	732	0p13141b
t3J8r	7k/pbp3Np/1p4q1/n3Qp2/3P4/8/PPP2PPP/4RRK1 b - - 0 23	g6g2	732	0y1314191b
wBlCA	3q2k1/2p2p1p/1pB1p1p1/4P3/1PPb1P2/P7/5P1P/3Q2K1 b - - 1 30	d4f2 g1f2 d8d1	732	0g0j0p111o
wCa8D	6k1/p3ppbp/2p2np1/8/8/6Pb/PPPR1P1P/R1Br1BK1 b - - 0 16	d1f1	732	0y1314191b1d
woUY3	8/6pp/1n6/1BBnp3/p3k3/P5P1/4KP1P/8 b - - 7 36	d5c3 e2d2 c3b5	732	0g0p0s111o
xs7tF	rnb2rk1/pp3ppp/2p5/2Pp1QN1/4P3/8/PPP3qP/R1B1KR2 w Q d6 0 14	f5h7	732	0y1314191b
yTbf4	r1bq1rk1/pp3ppp/3P4/8/2PQn2b/5P2/PP5P/R1BK1BR1 w - - 0 15	d4g7	732	0y13141b1c
ypLak	8/8/6pk/5pr1/7Q/7K/8/8 b - - 0 62	g5h5 h3g3 h5h4	732	0g0p1g1j1o
z53sz	1r3rk1/R4ppp/1p2pn2/8/3P4/3Q1B1P/PP3PPq/2R2K2 b - - 0 21	h2h1 f1e2 h1c1	732	0g191o1p
273hq	b5k1/5p1p/6p1/pRPn4/3P4/P7/5PPP/4rBK1 w - - 5 30	b5b8 g8g7 b8a8	733	010p0s1o
2ScAz	r5k1/p5pp/2p5/3b4/3P4/6RN/5Q1K/1N2r3 b - - 0 32	e1h1	733	111314191b1d
3f0tF	2kr3r/B1pn1pp1/1p1bpq1p/8/8/2PB4/PP3PPP/R2Q1RK1 w - - 0 14	d3a6	733	0l1314191b
9WEAE	6k1/8/3q2p1/p2p1pP1/P4p1Q/2bP1P2/8/1r1BR2K w - - 0 40	e1e8 d6f8 e8f8	733	010p111o
9zApu	3r3k/6b1/7p/4p1p1/8/PQP3P1/1P1p2PP/4R2K b - - 0 45	d2e1q	733	00060p13141b1h
ADa29	r1bq2rk/pp1nb1pn/2p2p1N/3p4/3P1P2/1P2P3/PBPN2PP/R3K2R w KQ - 0 17	h6f7	733	111314191b1q
B3FnY	8/4R3/1pk3bP/8/3b1K2/8/8/8 w - - 5 64	e7e6 c6c5 e6g6	733	0g0p0s1o
Bb2OM	R7/3r1p1k/4n2p/2P3p1/8/1R1q4/P4PPP/2Q3K1 b - - 3 39	d3d1 c1d1 d7d1	733	060p13151o
Bkyz3	6r1/pp2q2k/3b3P/8/2pP4/2P2Q2/PP1BN3/5R1K b - - 6 33	e7h4 f3h3 h4h3	733	1315191o
DCFua	2R5/r3kppp/p7/4p3/3nP3/5P2/6PP/2R3K1 b - - 1 27	d4e2 g1f1 e2c1	733	0g0p0s1o
DjkDi	3r2k1/pp3bpp/2p5/4q3/2P5/1P3QP1/P1P4P/5R1K w - - 0 29	f3f7 g8h8 f7f8 d8f8 f1f8	733	060p101316
GdcOI	3r1k2/p5pb/5p2/5P2/3NB3/2P5/PP6/4K3 w - - 0 43	d4e6 f8e8 e6d8	733	010p0s111o
Gxjim	6k1/pp3p1p/2p1r1pB/3pP1Q1/1b2b1P1/1P5P/5P1K/q7 w - - 6 27	g5d8 e6e8 d8e8 b4f8 e8f8	733	0p0y101316
HPBfj	8/8/8/5R2/1p1k3P/p7/P4P2/1K3b2 b - - 0 43	f1d3 b1a1 d3f5	733	0g0p0s111o
JFUei	7k/8/4r3/p5B1/P6P/5P2/2R1pKP1/8 b - - 0 46	e2e1q	733	000p13141b1h
JXDzf	2r3k1/pp2p3/4p1pp/8/2n5/2N1P1P1/PP3P1P/1R3K2 b - - 3 25	c4d2 f1e2 d2b1	733	0g0p0s111o
JxNwR	8/6k1/4Kp2/6p1/1P3RP1/8/8/8 b - - 0 66	g5f4 b4b5 f4f3 b5b6 f3f2 b6b7 f2f1q	733	000g0p1h1w
Ksykj	4rrk1/ppq2pp1/2p4p/8/3PQ2b/5N2/PPB2PPP/R5K1 w - - 0 19	e4h7	733	1314191b
LcZ0d	2r4r/1p2n1p1/4k1Pp/p2pPn1R/2pP4/P4N2/1qPQ1P2/2K4R w - - 0 27	c1b2 c4c3 d2c3 c8c3 b2c3	733	010t1019
LmwGL	1r3r1k/p1pb2pp/2nb1q2/5PN1/2Q1pPPP/8/PPPB4/2KR1B1R b - - 2 17	f6b2	733	11121314191b1k
OdXca	5r2/4n2k/2B1p1pp/1P1pP3/2bP4/4B3/1Q4PP/5RK1 b - - 0 35	f8f1	733	1314191b1d
SzDZd	8/3k3r/R6P/4r1PK/8/8/8/8 w - - 7 68	a6a7 d7e8 a7h7	733	0g0p1m1o1p
XbscY	2r2k2/2q2ppp/Q3p3/1B1RP3/1p3P2/8/PPP3PP/1K5R b - - 0 27	c7c2 b1a1 c2c1 h1c1 c8c1	733	060p1013161n
XfORu	8/8/5k2/5p1K/5P2/8/4R3/6r1 b - - 25 64	g1h1 e2h2 h1h2	733	0p1113151m1o
YZMXS	1r4k1/2b2ppp/4p3/4q3/5Q2/1P3R1P/5PP1/5RK1 b - - 8 38	e5f4 f3f4 c7f4	733	010p1o
aBAnk	2k4r/ppp2R2/7p/2n1B3/8/P7/1P4PP/2K5 b - - 0 26	c5d3 c1c2 d3e5	733	010p0s1o
aVonp	2r1r1k1/1bqnbpp1/pp2p2p/4P3/2Pp4/1P3N2/PBQ3PP/RB2R1K1 w - - 0 23	c2h7 g8f8 h7h8	733	0y1315191o
auuj0	3N4/2R5/3n1p1p/3k2p1/3P2P1/4KP2/8/3r4 w - - 6 40	c7c5	733	0p0q1113141b
auwpX	3r2k1/6pp/p3pp2/1p1b4/1Pr1p2n/P5P1/1BPQ1P1P/2RR2K1 b - - 0 24	h4f3 g1f1 f3d2	733	010s191o
cCLJ9	1Q6/3p1qpk/p1b1p1Np/2r4P/1P6/P7/5PP1/6K1 w - - 2 31	b8h8	733	0p13141b
cCr0q	3r1rk1/4bppp/pn2p3/4P3/Pp1B4/1P4P1/5P1P/2RR2K1 w - - 0 22	d4b6 d8d1 c1d1	733	011112191o
fiEh4	1r6/5pk1/7p/p5p1/B1P5/1Pn4P/5PP1/2R3K1 b - - 2 38	c3e2 g1f1 e2c1	733	0g0p0s1o
i0kcT	5k1r/4rp2/1q5p/3n1P2/2p5/2Q5/BPPN2PP/2KR4 w - - 4 36	c3h8	733	0t1314191b
iFXIY	8/R7/5k2/7K/6P1/3B4/P5r1/8 b - - 0 46	g2h2	733	0p13141b
icwK2	3q2k1/1p3ppp/p3p3/4P3/8/1P1B3P/Pb3PP1/3Q2K1 w - - 1 24	d3h7 g8h7 d1d8	733	010j0p1o
pMl1Y	6k1/pp3bpp/2p4q/4b3/5p2/2PQ3P/PP4P1/5R1K w - - 0 34	d3d8 f7e8 d8e8	733	0p13151o
pQ5N9	7k/4R2p/3rp1pB/p7/3r1b2/8/P2p2PP/3R3K w - - 0 31	e7e8	733	0p13141b1f
szPD0	1r3rk1/5ppp/3bpn2/p3q3/3B4/1BP2Q2/PP3PPP/R4RK1 b - - 3 18	e5h2	733	0y1314191b
x1xVp	r4rk1/1pp4p/p7/2pP4/3n3R/3P1bP1/PP3P1P/1Q3RK1 b - - 0 26	d4e2	733	1314191b
y1LlY	3R4/8/6p1/2k4p/7P/1p3KP1/5P2/2r5 w - - 9 47	d8c8 c5d4 c8c1	733	0g0p111m1o1p
zGvYe	8/8/1r3k2/8/1p6/1K5R/1P6/8 w - - 1 59	h3h6 f6f5 h6b6	733	0g0p111m1o1p
zYrGM	8/p2k2p1/4p3/2p1Pn2/4KPP1/P7/P7/8 w - - 0 36	g4f5 e6f5 e4f5	733	0g0p11121o
01xzs	r5k1/6pp/p1R5/4Pp2/1P3P2/4P3/1P3P1r/R4K2 b - - 2 28	h2h1 f1g2 h1a1	734	010p1m1o1p
0uTUT	r7/2prbkpp/ppp2p2/8/2b1P3/P2NB3/1PP2PPP/R2R2K1 w - - 4 19	d3e5 f6e5 d1d7	734	0g0j191o
1AsJd	r3k2r/3n1ppp/2qBp3/R3P3/2BP1n2/2P5/2Q2PbP/R5K1 w kq - 0 19	a5a8 c6a8 a1a8	734	0g11191o
1I37Y	8/8/r3p1k1/PRP2pP1/3PnP2/4P3/4K3/8 b - - 2 58	e4c3 e2d3 c3b5	734	0g0p0s111o
1P42c	7k/6p1/p6p/2N2Q2/2pNp3/q2b4/4RPPP/1BR3K1 b - - 0 33	a3c1 e2e1 c1e1	734	0s0t1315191o
2cdYs	2r5/1p5p/p2p2p1/2k5/P4n2/8/1P3PPP/1R4K1 w - - 0 33	b1c1 c5d5 c1c8	734	010p1o1p
58TzN	6N1/3k4/p3p3/1p2P1p1/3pr3/2B5/PP4P1/6K1 w - - 0 37	g8f6 d7c6 f6e4	734	010p0s1o
5s9LA	4r1k1/2q1bppp/p2pp3/8/P1P1b3/1rQ4P/1B3PP1/2RR2K1 w - - 0 25	c3g7	734	0y11121314191b
6OYeZ	rnb1kb1r/pp2pppp/1q6/8/2B1n3/B4N2/P1PP1PPP/RN1QK2R b KQkq - 3 7	b6f2	734	0413141b1c
6aB4V	2kr3r/p1p2pp1/b1p4p/8/2P4P/1KQB2q1/P5P1/R6R w - - 2 22	d3f5 c8b8 c3g3	734	0g0j11191o
8u604	Q6k/5pp1/4p2p/1p6/2b1N3/2P4P/1Pq2PP1/3rR1K1 b - - 5 36	h8h7 e1d1 c2d1	734	010p1o
9GvEj	8/5p1p/1N2pkp1/2b5/5P1P/4P1P1/6K1/8 w - - 1 36	b6d7 f6e7 d7c5	734	0g0p0s1o
A4wtL	4k2r/pp1n1ppp/4p3/8/8/b4N2/Pq2QPPP/2RK3R b k - 0 20	b2c1	734	1314191b
ATXmy	rnbqkbnr/ppppp2p/8/6B1/3Pp3/8/PPP2PPP/RN1QKBNR w KQkq - 0 4	d1h5	734	13141b1c
Aay99	8/8/4k1p1/2K3P1/p4P1p/P6P/8/8 b - - 0 37	e6f5 c5d6 f5f4 d6e6 f4g5	734	0g0p101e
B8DvF	3R4/8/5pk1/5p1p/3K3P/4PPP1/6r1/8 b - - 2 57	g2d2 d4c3 d2d8	734	0g0p111m1o1p
BsVC4	6r1/pp3p1k/2p1qpr1/3p1N2/3PnR2/4P1N1/PPP1K1PP/8 w - - 0 28	f4h4 g6h6 h4h6	734	111315191o
C4N0T	2r1r1k1/1b3pbp/p2B1P2/8/P1pP4/1pP1n1QN/1P2q1PP/RB3RK1 b - - 0 25	e2f1	734	0y111314191b
DEF8R	r1bq1k2/ppp4p/3p1Pp1/4n1N1/1Q6/8/PP3PPP/R3K2R b KQ - 1 19	e5d3 e1d2 d3b4	734	010s191o
DVMtQ	3R4/p2P2pk/2q2p1p/1p6/8/P7/1P1R1PPP/6K1 b - - 0 46	c6c1 d2d1 c1d1	734	060p0s13151j1o
DVUEm	r4rk1/p2n2p1/1pp1p2p/3p4/3q4/P2B1P2/2P3PP/R2Q1R1K w - - 4 19	d3h7 g8h7 d1d4	734	010j191o
EK8yZ	3k4/1P1P4/3K3p/2p3pP/2P3P1/8/8/q7 w - - 0 47	b7b8q	734	000p1113141b1h1i
EVSkv	8/4b3/2K1kp2/6p1/3P2P1/2B5/8/8 w - - 4 50	d4d5 e6f7 d5d6	734	080g0p111o
EuzcI	7k/p1r4p/4B1p1/r1p1p1P1/8/5P2/6KP/3R4 w - - 0 41	d1d8 h8g7 d8g8	734	0p13151d1o
Fd29h	6k1/pp3ppp/3pq3/6Q1/6PP/P4P2/1PPK4/8 w - - 3 28	g5d8 e6e8 d8e8	734	0p13151i1o
FyY4y	r3qrk1/1ppb1p1p/4pbpQ/p5N1/P7/1BP4P/1P3PP1/R1B3K1 w - - 0 20	h6h7	734	0y111314191b
GdcnL	8/2b5/7p/5kp1/8/5KPP/7B/8 w - - 5 48	g3g4 f5e6 h2c7	734	080g0j0p1o
HQWk3	Q7/5k1p/p2pqppB/1p6/6PP/2P3K1/PP2r3/5b2 w - - 4 40	a8f8	734	0p13141b
HzyNd	3rr3/3N1p1k/3p1p2/3P2p1/4P1P1/1Pp1B3/P1Pn1N2/2K5 w - - 0 32	d7f6 h7g6 f6e8	734	010p0s11121o
IT3dI	2r1r1k1/pp3pp1/7R/8/8/3p2Q1/P2R1PP1/5K2 b - - 0 25	c8c1 d2d1 c1d1	734	0p13151j1o
KiGL9	8/8/4RK2/r2k4/8/8/8/8 w - - 42 100	e6e5 d5d4 e5a5	734	0g0p111m1o1p
LlkjG	7Q/pp1k1pp1/1b1P4/8/5q2/8/PP4PP/2R4K b - - 0 33	f4c1	734	060p13141b
M5kb1	r3kb1r/pp3pp1/4p1n1/3pPbBp/3q4/P1N4P/1PP1BPP1/R4RK1 w kq - 0 13	e2b5	734	0a1314191b
MJsj4	r3r1k1/ppQ3p1/1qn1N2p/4p3/1P6/P1n4P/2P2PP1/R4RK1 w - - 0 19	c7g7	734	0y1314191b
MboYC	6k1/1b5p/p7/1pP5/1P1B1n2/P5P1/4p2P/4N1K1 b - - 0 42	f4h3	734	0p13141b
NHMou	r1q2rk1/1p2pp2/p2p2p1/2pP3p/2PbPPb1/3B2P1/PP1QN2P/1R2R2K b - - 3 19	g4f3	734	0l1314191b
Opdyb	2r4k/pp3ppp/1q3b2/5P2/4RB2/1Prp4/P3QP2/R5K1 w - - 0 29	e4e8 c8e8 e2e8	734	061315191o
PGEIO	7k/6p1/5p1p/4p3/8/1PPQ3P/r4qN1/3R3K b - - 0 35	f2g2	734	0p13141b
PHoyH	2r3k1/p2bqpp1/2r1p2p/3p4/8/2bQP3/PPB2PPP/2R2RK1 w - - 0 22	d3h7 g8f8 h7h8	734	0y1315191o
PY5DU	r2q1rkn/1pp1bppp/p2p4/5P2/5Pn1/1BN3R1/PPP3PP/R1BQ3K b - - 4 14	g4f2 h1g1 f2d1	734	010s1c1o
QlYUs	7r/1pp2bk1/1p1p3p/6P1/1PB1PQ2/2qP2KP/8/8 w - - 0 27	f4f7	734	0p13141b1s
R7aHA	r1b3k1/ppp2ppp/3p4/3P1qB1/2B4Q/2P5/PP3bPP/4R1K1 w - - 0 18	h4f2 f5f2 g1f2	734	0g191o
SXm0b	8/8/6p1/5kPp/1pK4P/1P6/8/8 b - - 2 50	f5g4 c4b4 g4h4 b4c5 h4g5	734	0g0p101e
U3Csk	r4rk1/1p3pbp/3p4/4pP2/p4n2/P1P3Q1/2P1B1P1/2KR3R b - - 0 20	f4e2 c1d2 e2g3	734	0g0s0t191o
UDkiQ	5k2/4R1p1/pq3p1p/7P/1pr3P1/1P3P2/2P1R3/1K6 w - - 0 35	e7e8 f8f7 e2e7	734	090p13151j1o
XviRv	8/2b5/5kpp/8/5NP1/5P2/6K1/8 w - - 6 53	f4d5 f6e6 d5c7	734	0g0p0s111o
Y1oZ1	r7/pp2p1bk/5n2/5p2/2n1q3/5N2/PP4PP/R1BQ3K w - - 0 26	f3g5 h7g6 g5e4	734	010s11191o
YUxIu	1r4rk/6p1/2q2p1p/p6R/7Q/b6P/5PP1/B2R2K1 w - - 0 33	h5h6 g7h6 h4h6	734	1315191n1o
YeAUx	3q2k1/p1p2ppp/8/8/8/3PrQPP/4r3/5RK1 w - - 2 28	f3f7 g8h8 f7f8 d8f8 f1f8	734	060p101316
YejEI	3r2k1/p1pq2pp/8/5p2/2Pb4/3Q4/PP2NPPP/4R1K1 b - - 0 22	d4f2 g1f2 d7d3	734	0g0j0p1o
aWKdM	6k1/p3r1p1/1p3p1p/8/8/8/PN1p1PPP/3R2K1 b - - 4 41	e7e1 d1e1 d2e1q	734	000p13151h1o
bbh58	3r2k1/p4ppp/2q5/1pp5/5Q2/PN1p2P1/4r1PP/R4RK1 w - - 2 29	f4f7 g8h8 f7f8 d8f8 f1f8	734	06101316191n
fzCLK	2r2k2/2P2pp1/7p/2K5/6P1/7P/2R5/8 b - - 2 50	c8c7 c5d5 c7c2	734	0g0p111m1o1p
g2qhv	5r1k/pbp3pB/7p/2pPp1q1/2P1Q3/8/PP4PP/5RK1 w - - 8 27	f1f8	734	0p0t0y13141b
gWDln	3r2k1/5p2/6p1/3pB1Qp/p2Pb3/R1P4P/5PPK/1q3q2 w - - 0 36	g5d8 g8h7 d8h8	734	1315191o
glXJI	5rk1/1p3pb1/p2pbpp1/q6p/4P2P/2B2P1B/PPPQ4/1K1R3R b - - 0 17	a5a2 b1c1 a2a1	734	1315191k1o
i0C0c	6k1/5bP1/4r2Q/8/p4K2/P4PP1/1P6/5r2 w - - 3 50	h6h8	734	0p111213141b
iB2X2	8/1r2k3/6R1/5K2/8/8/8/8 w - - 0 51	g6g7 e7d6 g7b7	734	0g0p1m1o1p
ibiQr	r3k2r/pb1p1p1p/3PpPp1/1ppq2N1/7P/8/PPP2PP1/R2QR1K1 b kq - 2 17	d5g2	734	0y1314191b
jQtCx	8/p7/8/kr6/8/P4K1R/8/8 b - - 2 41	b5b3 f3f4 b3h3	734	0g0p111m1o1p
jU9ol	8/k7/1r6/8/8/3K3R/8/8 b - - 9 70	b6b3 d3d4 b3h3	734	0g0p111m1o1p
jUMiJ	r3k2r/4Bppp/1qppb3/p3p3/P3n3/1NP5/1PB2PPP/R2QK2R b KQkq - 0 14	b6f2	734	041314191b
mOgJC	2Q2b1r/2ppk2p/4p1p1/p3Pp2/3n1Nn1/1PN4P/P4qP1/R1B1R2K b - - 1 18	f2e1	734	0t0y111314191b
nApAV	8/6R1/p1k5/2P5/2P3KP/8/r7/8 b - - 0 43	a2g2 g4f5 g2g7	734	0g0p111m1o1p
nszk8	8/8/pK6/1p6/1P1k4/8/8/8 w - - 8 70	b6a6 d4c4 a6a5	734	0g0p1e1o1z
oUMSp	8/5p1k/PQ4p1/7p/4r3/2r5/1B2nPPK/R4R2 b - - 0 32	e4h4	734	021314191b
pB8JI	r1b2rk1/1p3pbp/p2q2p1/2p5/3NP1n1/P1NP4/1PPBB1PP/R2Q1R1K b - - 0 14	d6h2	734	0y1314191b
pXTE5	1k1r2nr/pp3ppp/3b4/8/5qB1/8/PPQ2PPP/2R2RK1 w - - 1 18	c2c8 d8c8 c1c8	734	1315191d1k1n1o
qdwmK	r3k1r1/5p2/p2Q4/1q2p3/1p3n2/1N4B1/P4PPP/2R1K1R1 b q - 2 27	b5e2	734	1314191b
qlPJY	8/p2k2pp/1p2r3/5Q2/P2P1P1q/4P2R/6PP/4R1K1 b - - 4 34	h4e1	734	0p0t13141b
qxjMQ	2r5/p7/kp6/5R1P/7r/P5R1/5PP1/6K1 b - - 2 35	c8c1	734	0p111213141b1m
rdQ5z	R7/4kp2/2B1p1p1/p3K1P1/8/8/8/6r1 w - - 12 47	a8e8	734	0p13141b
tmn8f	r1b2rk1/1p3pp1/p6p/3qn3/1P6/P2BP1P1/5PP1/R2Q1RK1 w - - 0 17	d3h7 g8h7 d1d5	734	0g0j191o
vsEEL	4r1k1/5ppp/p7/3Q4/2B2bP1/2q5/P5PP/R5K1 w - - 0 27	d5f7 g8h8 f7e8	734	060p0s13151o
xjhqt	rnbqr3/ppppbk1p/2n2ppB/8/2P5/1NN3P1/PP2PPBP/R2Q1RK1 w - - 5 11	g2d5	734	0a13141b1c
3mBom	r4k1r/1p3q2/p5pp/2pQ4/2Bb4/7P/P1P2PP1/3R2K1 w - - 0 26	d5f7	735	1314191b
4OZgi	8/3N4/8/8/2QpP1p1/3P2P1/1k3PKP/2q5 b - - 0 62	c1c4 d3c4 d4d3 d7f6 d3d2 f6g4 d2d1q	735	00010p1h1w
5Xynt	8/5RRp/6pk/8/6K1/6P1/4p2q/6r1 w - - 0 44	g7h7	735	0p13141b1j
6ehSS	6k1/p4p1p/6p1/1pq1P3/2prBP2/4Q2P/6P1/2R4K b - - 1 30	d4d1 e3e1 d1e1	735	010p1o
9mqIk	3rr1k1/p1p2ppp/2Q5/1p6/4NB2/3P1PPq/PR5P/5R1K b - - 0 22	h3f1	735	0t0y1314191b
A9MJt	4r3/1p6/2p2pk1/1pB5/3P1pP1/1PPN1K2/1P6/8 b - - 1 40	e8e3 f3f4 e3d3	735	010p0s1o
BqlJ9	r4rk1/1p5p/2bpN1p1/p2q4/6p1/1P6/PQPN2P1/R6K w - - 2 32	b2g7	735	1314191b
Cbdz8	4r1k1/p1q2ppp/2p1rp2/2P5/3R4/1P3Q1P/P4PP1/3R2K1 b - - 2 22	e6e1 d1e1 e8e1	735	0p0y13151o
DMys5	5rk1/p5pp/8/3pR3/7Q/P5P1/1Pr4P/5R1K b - - 0 26	f8f1	735	0p13141b1j
EOp7W	1R6/p1k4p/P2R1B2/2q1P3/8/8/6PP/7K b - - 0 36	c5c1 d6d1 c1d1	735	060p13151o
FA708	8/1b3p2/6pp/3pPp2/pk3P2/8/5K2/R7 w - - 2 56	a1b1 b4c5 b1b7	735	0g0p1o1p
FGHAD	7r/4k3/6p1/p4p2/2p2N2/P3P2P/1PP4K/8 w - - 5 44	f4g6 e7d7 g6h8	735	0g0p0s1o
FcxhS	r7/ppk2B1p/5pn1/2b1pb2/2P5/2P2NP1/P2N1P1P/2KR3R b - - 0 19	c5a3	735	0a1314191b
FmPT4	6k1/1p1r1p2/p3b1p1/3pP3/4p3/2r5/PP3PPR/K6R w - - 0 29	h2h8 g8g7 h1h7	735	090p13151o
HNL1y	6k1/pp5p/2b1n1p1/2PB4/3R2P1/7P/PP4K1/8 b - - 0 42	c6d5 d4d5 e6f4 g2f3 f4d5	735	01050p0s10
ICOU9	4r1k1/pb3ppp/1qpQ1b2/8/3p4/1P6/PB3PPP/4R1K1 w - - 0 26	e1e8	735	061314191b
IPY7S	5r2/2qpppkp/r1p3p1/p3n3/N3P3/6P1/PPPQ1P1P/R4RK1 b - - 2 16	e5f3 g1g2 f3d2	735	0g0s191o
Ixrci	8/8/p1b3N1/2p2kpp/8/1P6/P1P2K2/8 w - - 2 40	g6e7 f5e6 e7c6	735	010p0s111o
N96Ke	2r3k1/p4ppp/8/2p1p1P1/4qnQP/1P1r4/P4R1K/R7 w - - 1 32	g4c8 d3d8 c8d8	735	060t1315191o
NTXNK	6rk/ppp3p1/8/5BRp/4Pp2/2P2P1P/r7/7K w - - 0 39	g5h5	735	0p13141b
PwVrq	2b2k2/6bp/1p1q1rP1/5Q2/1P1p4/6P1/5P1P/4R1K1 w - - 0 32	f5c8 d6d8 c8d8	735	0p13151o
RKicn	1r4k1/2R5/4p1Kp/4rnp1/8/3P4/P7/2R5 w - - 0 32	c7c8 b8c8 c1c8	735	0p13151o
TG2qa	rnbq1k1r/ppp1b1p1/4pp1p/4N2Q/2PPpB2/4P3/PP3PPP/R3KB1R w KQ - 2 11	h5f7	735	13141b1c
Tlkrg	r6r/3p1pk1/3q3p/p1n3pQ/1pB5/1P3P2/P4P1P/4R1K1 w - - 0 27	h5f7	735	111314191b1s
UCKS6	1R6/p5p1/3p1k2/3Pp2p/8/P2P4/1P1KBq2/8 w - - 0 38	b8f8 f6g5 f8f2	735	0g0p1o1p
Ua3GI	r6k/7p/p2p1qpP/1p1Qp3/8/8/PPP5/2K5 w - - 0 39	d5a8 f6d8 a8d8	735	0p0t13151o
UlDR4	3r3k/p6p/1p2p1p1/4N3/7P/2P2P2/PP4n1/2K4R w - - 0 31	e5f7 h8g7 f7d8	735	0g0p0s1o
WUWNM	7k/3BB2p/6p1/p3b3/8/1P6/P2r3P/6RK b - - 0 34	d2h2	735	0p13141b1d
XXS25	2r3k1/Npp3p1/3pRb1p/3P4/1PP5/5PP1/P7/6K1 b - - 0 30	f6d4 g1f1 d4a7	735	010p0s1o
YsjIy	6k1/2p4p/1p1p2p1/p3p3/2P1Q1P1/1P4Bq/P6P/7K b - - 0 38	h3f1	735	0p1113141b
anPB6	r1b2rk1/ppp2ppp/8/8/7q/1P1PPB2/PBP1K1P1/R2Q2Rn b - - 10 18	h4f2	735	1314191b
b2gII	6k1/R5bp/p5p1/1p1Prp2/3B4/5P1P/PP3P2/6K1 b - - 2 30	e5e1 g1h2 g7d4	735	0g0j0p111o
bJPAm	r2qkb2/1b3pp1/pp1p2r1/2p2Q2/4P2p/2NP4/PPP3PP/R1B2RK1 w q - 1 17	f5f7	735	041314191b
dOBDw	5k2/1ppq1p2/1p1p1QP1/4p3/2P1P3/2P4r/1P3P2/5RK1 b - - 0 24	d7g4	735	0p13141b
dvPOQ	5rk1/1Q6/4p3/4P3/3P3P/1pq5/p4PK1/1B6 w - - 2 42	b7h7	735	0p13141b
ewLnH	r2q1rk1/5ppp/p2b4/npp5/4R3/2P2N1P/PP3PP1/RNBQ2K1 b - - 0 16	d6h2 g1h2 d8d1	735	0g0j191o
f4pMn	8/8/4b3/1k5p/2p4P/2K2N2/8/8 w - - 0 68	f3d4 b5b6 d4e6	735	0g0p0s1o
gxGnN	r1bq1k1r/pp1nb1pp/2p1Qn2/8/2B5/2NP4/PPP2PPP/R1B1K2R w KQ - 1 11	e6f7	735	13141b1c
iUbmu	r7/8/1k1b4/1p4p1/1p2PpP1/1P1P3P/pK1B1N2/R7 b - - 1 49	d6e5 d3d4 e5d4	735	0g0p111o
iv1Qo	r5k1/1p3r1p/p2P2pQ/2P5/P2q2p1/4R3/6PP/4R2K w - - 0 33	e3e8 a8e8 e1e8 f7f8 h6f8	735	0p101316
jVZdZ	8/8/1k6/3pB1P1/K2Pb3/7r/8/6R1 b - - 3 65	e4c2 a4b4 h3b3	735	0g0p1o
kVYsS	8/p5kp/2pp2p1/6N1/2P2b2/1P5P/P1b3P1/2N3K1 w - - 7 35	g5e6 g7f6 e6f4	735	010p0s1o
khSW2	8/8/8/K7/p7/P1k5/8/8 b - - 4 65	c3b3 a5b5 b3a3 b5c4 a3b2	735	0g0p101e
khqvJ	6k1/N3Rb1p/p4K2/8/7P/2r5/5PP1/q1b1R3 w - - 0 31	e7e8 f7e8 e1e8	735	1315191n1o
laIma	8/1p6/pR6/2p1nk2/8/4Kp2/PP5P/8 b - - 5 46	e5c4 e3f3 c4b6	735	0g0p0s111o
oKPjz	5Bk1/pp3pp1/1q3n1p/4Nb2/2Br4/1P3P2/4R1PP/2RQ2K1 b - - 0 21	d4d1	735	0k0m1314191b
p0U9c	8/6p1/4kp1p/4p3/3pK3/3N3P/5PP1/8 b - - 5 36	f6f5 e4f3 e5e4 f3e2 e4d3	735	0g0p0s0z10
pjw54	r2r2k1/1b3ppp/ppq2n2/4pN2/8/P6P/NPP1BKP1/1RQ5 w - - 1 23	f5e7 g8h8 e7c6	735	010s191o
qr3MB	8/1q1P1rk1/5b2/p2Q4/4N1p1/8/PPP5/1K1R4 b - - 0 47	b7b2	735	0p1113141b
wf2o5	2q3k1/6pp/pp6/3p4/2n1p3/PN2P1P1/1PQ2PKP/8 b - - 4 26	c4e3 f2e3 c8c2	735	0g0j0p1o
y0Utw	4r3/2p3k1/p1Nppqpp/1p6/2P1pn2/PP4QP/5PP1/3R1RK1 b - - 1 31	f4e2 g1h2 e2g3	735	010s191o
yZsfl	3r4/ppp3k1/6p1/8/1n1q1PP1/2RN3P/P2Q2K1/8 w - - 5 40	c3c7 d8d7 c7d7	735	0g0p111o
yoHH6	8/2R5/3p4/p2P4/2K5/k2B4/8/r7 b - - 1 55	a1c1 c4b5 c1c7	735	0g0p111o1p
0Q2Fk	6k1/p4rpp/2p5/8/2B5/5P2/P2q1PPP/4R1K1 w - - 0 25	e1e8	736	0p1113141b1g
6dY6Q	8/5k2/8/2p5/1p5P/1P2bp2/P1R5/1K6 b - - 0 45	f3f2 c2f2 e3f2	736	000g0p1o
9LKGy	8/2r1kpp1/p1P1p3/2R5/1nN1P3/5P1P/5KP1/8 b - - 2 37	b4d3 f2e2 d3c5	736	0g0p0s111o
9lCls	r1bqkb1r/pp3Bpp/2n2n2/4p3/8/1N3P2/PPP3PP/RNBQK2R b KQkq - 0 9	e8f7 d1d8 c6d8	736	010t1c1o
APcU1	2q3k1/1pb3pp/p1p2p2/3p1N2/3P2Pn/1QP3PP/PP5K/8 w - - 0 29	f5e7 g8f7 e7c8	736	0g0p0s1o
CyQsj	5rrk/pq2bP1p/5p2/2p4Q/2Np4/7P/PPP3P1/R1B2R1K b - - 0 22	b7g2	736	0y1314191b
EWSl2	r1b1kb1r/p2p1pp1/1pn5/1Bp1p3/4P1Qq/2NP4/PPP2PPN/R1B2RK1 b kq - 0 10	h4h2	736	0y13141b1c
ErFYV	4r3/p5pp/NpP1kp2/8/8/1KB3P1/7P/8 w - - 3 32	a6c7 e6d6 c7e8	736	0g0p0s1o
FxHyQ	r4k1n/pp3pp1/1qp1p3/4P1B1/4BP2/P3n1P1/4K2R/8 w - - 0 33	h2h8	736	111314191b1f
Kx1KR	8/1p4rp/p7/4pk2/P5q1/1P6/5PPQ/3R2K1 b - - 13 40	g4d1	736	0p0t13141b
NWiPT	4b3/8/8/Kp6/1P1B1p2/6k1/P7/8 b - - 4 69	f4f3 a5b6 f3f2 d4f2 g3f2	736	00080g0p10
OIAam	1B6/8/p7/P2p1k1p/1PpP1p1P/5P1K/8/8 b - - 0 44	c4c3 b4b5 c3c2 b5a6 c2c1q	736	00080g0p101h
ObUdT	8/p5k1/1p4p1/2pK4/2P3n1/1P2P3/P7/5B2 b - - 1 56	g4e3 d5e4 e3f1	736	0g0p0s111o
OxKIZ	2r5/7p/p3N1pk/8/8/1P1n2P1/P5K1/5R2 w - - 3 31	f1h1	736	020p13141b
PITGu	5rk1/p7/1p2p1p1/2p4p/2P5/2R1PNPP/P4PB1/2n3K1 b - - 0 27	c1e2 g1f1 e2c3	736	0g0p0s1o
QYjF2	r4rk1/ppb3pp/2pqp3/5pQ1/8/1P1P1B1P/PBP5/R4RK1 b - - 0 19	d6h2	736	1314191b
QymSm	8/4p3/p5p1/1p6/1R6/3R3P/r1r5/k6K w - - 6 69	d3d1 c2c1 d1c1	736	0p13151m1o
Rmw6e	r1b1k2r/pppp1ppp/4p3/2b5/4P1nq/1BNP1QP1/PPP2P1P/R1B2RK1 b kq - 0 9	h4h2	736	0y13141b1c
RwJyi	1k1r1n1r/pp5q/2pp4/P3pnQ1/4P3/2P3N1/1P3PP1/R3R1K1 w - - 0 24	g5d8	736	0t1314191b1k
RxL0i	r1b1r1k1/ppppqpp1/2n5/2b1n1NQ/3p4/P7/1PP2PPP/R1B2RK1 w - - 6 14	h5h7 g8f8 h7h8	736	0y13151c1o
SujAw	8/p7/4b3/1p3p2/1P3Pp1/Pk4P1/3KN3/8 w - - 13 45	e2d4 b3a3 d4e6	736	0g0p0s1o
TnEcl	2r4r/pp1b1kp1/4p3/3pP3/4qP2/2PQB1P1/P7/1K1R2N1 w - - 1 19	d3e4 d5e4 d1d7	736	010j191o
VQJgk	3k4/3P4/1pp1n3/5B2/7p/P5P1/4KP2/8 b - - 1 39	e6d4 e2f1 d4f5	736	0g0p0s1o
WkXhS	8/8/2n1kp2/6p1/1P1PP3/5PP1/5K2/8 w - - 1 42	d4d5 e6f7 d5c6	736	0g0p0s0z1o
Xo17u	rn1k2r1/pppb4/1N5p/3Q4/4P3/2P3q1/PP3PP1/R1B2RK1 b - - 0 16	g3g2	736	0y1314191b
XzQYt	r7/P2k1N1p/2p3p1/5p2/2r5/5P2/3p2PP/R5K1 w - - 0 32	f7e5 d7e6 e5c4	736	010p0s1o
Z8zKb	4R3/pp3rk1/2p2Np1/3p1bP1/3P1P2/8/PP1K1R2/7r w - - 8 29	e8g8	736	0p0u13141b
bTrQi	4rrk1/6pp/1p2N3/pPb2p2/q7/5PQ1/3p3P/2R1RB1K w - - 0 31	g3g7	736	0y111314191b
dB3pq	2kr4/1pprn1p1/pb2p2p/4P2P/PP3P2/2P2B2/6P1/R1B2K1R b - - 3 20	d7d1 f3d1 d8d1 f1e2 d1h1	736	0g10191n1p
eSxRp	1r6/7p/8/3R2R1/2k1p3/4P1P1/7r/3K4 b - - 2 56	b8b1	736	0p13141b1m
fV8qX	2k4r/pp5q/2p1p2r/5ppn/P2P4/2P2PP1/1PB2Q1R/5K1R b - - 7 25	h5g3 f2g3 h6h2 h1h2 h7h2 g3h2 h8h2	736	0g0j191w
fu5Ma	r5k1/ppq2ppp/2p2p2/5N2/3P1bP1/2P1Q2P/PP3P2/4R1K1 w - - 3 20	e3e8 a8e8 e1e8	736	0p0y13151n1o
fyjVY	3r2k1/1p1N2pp/p4p2/3R1p2/8/8/5KP1/8 w - - 1 31	d7f6 g8f7 d5d8	736	010j0p1o
hepCu	6k1/7p/3q2p1/1PpP1r2/6nP/1P1R4/3Q2P1/4R1K1 b - - 5 37	d6h2	736	0p13141b
ipgUY	r6r/3Q1p1k/NR2pPpp/P2p1n2/2pP4/2P5/3q2PP/6K1 w - - 0 35	d7f7 f5g7 f7g7	736	0q1315191o
kZVHu	8/2p4k/6pp/Nb4q1/1p6/8/PPP2QPP/6K1 b - - 0 30	g5c1 f2e1 c1e1	736	0p13151o
kbbXp	8/1p5r/5pk1/1Pp5/p1P1P1B1/6P1/1P6/6K1 w - - 1 48	g4f5 g6g7 f5h7	736	0g0p111o1p
lN52I	r3rk2/ppp1p2p/2nb2p1/5b2/8/1B6/PPP3PP/R1BR2K1 w - - 0 18	c1h6	736	0a1314191b
nQlDq	8/p5pp/P7/4p3/3nk3/P1K4P/6P1/6B1 b - - 8 47	d4e2 c3d2 e2g1	736	0g0p0s111o
nlic8	7k/ppq2p2/5p1p/3p3r/Q1pPp3/2P1PNP1/PP6/R4RK1 b - - 0 28	c7g3	736	0p0y13141b
o8gsf	4r1k1/p4r1p/1p4pQ/5p2/8/7P/PPq2PP1/4R1K1 w - - 0 27	e1e8 f7f8 h6f8	736	0p13151o
oC3d5	5Q2/1p4pk/p1b2p1p/8/8/P7/1q4NP/R4RK1 b - - 0 25	b2g2	736	0p13141b
oYBMl	8/3k4/2p5/3bQ3/5P2/7q/PP4P1/3R2K1 b - - 1 42	h3g2	736	0p1113141b
qlhZv	6B1/B1k3pp/5p2/8/1P6/2q1P3/5PPP/R5K1 b - - 4 39	c3a1	736	060p0t13141b
rprTF	rn1q1rk1/ppp2ppp/8/8/2BbR3/8/PPP2PPP/R1BQ2K1 b - - 0 13	d4f2 g1f2 d8d1	736	0g0j0y191o
seTMi	6rk/pp3p1p/2p2P1N/8/1PP5/3P3R/P3n2P/6RK b - - 0 32	g8g1	736	0p1113141b
vvlZf	6k1/2r2p1b/R3pB2/p2pP1K1/2n2P2/3r4/7R/8 w - - 9 50	a6a8 c7c8 a8c8	736	1315191f1o
wnxZQ	r1b2rk1/pp3ppp/8/4p3/3qQ3/3B3P/PPP3P1/R3KR2 w Q - 3 19	e4h7	736	0y1314191b
xI4Mh	R7/5pp1/7p/p3k3/8/2K3P1/4rP1P/8 w - - 0 40	a8e8 e5d5 e8e2	736	0g0p1m1o1p
zCVlN	8/8/1p1b2k1/6n1/6RK/pBP2R2/3r4/8 b - - 11 50	d2h2 f3h3 h2h3	736	0p13151o
23Kgk	3r3k/p1N3pp/1p1P4/1r3p2/4p3/4R1P1/1n3PBP/3R2K1 b - - 0 35	b2d1 c7b5 d1e3	737	010t191o
3sOcV	r2qkb1r/pp3pp1/3p1nn1/2pP3p/6bP/2N2N2/PPP1BPP1/R1BQR1K1 w kq - 2 11	e2b5	737	0k0m0q111314191b1f
4ZwpF	8/2b3k1/2b4p/p1N1p1p1/2P1Pn2/3KB2P/6P1/3B4 w - - 1 49	e3f4 e5f4 c5e6 g7f6 e6c7	737	010p0s1011
4uAjH	8/2p3pk/3q3p/8/3p4/1QnP4/5PPP/2R3K1 b - - 0 30	c3e2 g1f1 e2c1	737	0g0p0s1o
53NkX	8/7p/r3kp2/8/P1K2R2/7P/5PP1/8 b - - 2 46	a6a4 c4d3 a4f4	737	0g0p1m1o1p
5GVR9	2k1r3/1p4p1/8/p1P4p/1p6/1PnN4/P1K3PP/2R5 b - - 4 34	e8e2	737	0p0q13141b
5jAZw	r3r1k1/pp3ppp/8/2b1p3/2P1R3/3P1QP1/PP3q1P/R1B4K b - - 0 16	f2f3	737	0t0y1314191b
8FThm	8/1ppk4/p7/2b3p1/8/5qPb/PPP3RP/R1Q4K b - - 4 34	f3g2	737	0p13141b
9XFkS	r4rk1/b1ppqppp/b7/pp2P1N1/3P4/P3n3/1PQ2PPP/RN2R1K1 w - - 0 17	c2h7	737	0y1314191b
ANOuL	6k1/1R4p1/6p1/3p3p/PKb5/3r4/5P1P/2R5 b - - 4 36	d3b3 b4c5 b3b7	737	0g0p1o1p
AVkLk	r3r1k1/ppq2ppp/5b2/2p5/8/1P4NP/P1Q1RPP1/4R1K1 w - - 0 23	e2e8 a8e8 e1e8	737	0y1315191o
AbRja	r2k1bnr/pbqp1Qpp/1pn5/4p3/2B1P3/8/PPPPNPPP/R1B1K2R w KQ - 1 9	f7f8	737	0t13141b1c
BDIp4	r6r/2pqb2p/pp1pNn1k/6p1/3PP3/4Q3/PB3PPP/RN3K2 w - - 0 23	e3g5	737	1314191b
Bzs8F	4r1rk/5R2/5N1p/1pP1P2P/pPq5/6P1/8/5NK1 w - - 0 50	f7h7	737	030p1113141b
C2fnC	r5k1/ppp2ppp/5B2/b2q4/2p1r1Q1/P7/1P3PPP/R4RK1 w - - 0 18	g4g7	737	0y1314191b
EGPUf	k6r/pp1q4/2p1p3/4Qp2/2PPpPp1/6r1/PP3R1P/7K w - - 0 34	e5h8 d7c8 h8c8	737	0p0t13151k1o
EGUgt	r1b1k2r/pp3ppp/1q6/4P3/4n3/5P2/PP1B2PP/R2QKB1R b KQkq - 0 14	b6f2	737	1314191b
F7H0l	5r2/8/R3b3/4Pkpp/5p2/P1B2P2/1P2K1PP/8 b - - 2 46	e6c4 e2e1 c4a6	737	0g0p0s111o
FyHeZ	1nq3k1/r2bp1b1/p2p1nNr/1p5p/3P4/1P5P/PBP2PP1/R2QK2R w KQ - 1 17	g6e7 g8f7 e7c8	737	010s191o
GPEPx	rnb1k2r/pp1p1ppp/2P5/2b1p3/6Q1/P7/1PPP1qPP/R1BK1BNR b kq - 1 8	f2f1	737	0t13141b1c
GsK2x	8/8/8/2p2PP1/1p5R/1PkP4/2P2r1P/2K5 b - - 0 49	f2f1	737	0p13141b1m
H8wGI	2r1r1k1/5pp1/1p1B2np/8/1Q6/1B6/PP3PPP/5K2 b - - 0 27	c8c1 b3d1 c1d1 b4e1 d1e1	737	0p101316
Hrjnx	8/8/p1N1k3/8/P1K1P3/1P6/7r/8 b - - 2 46	h2c2 c4b4 c2c6	737	0g0p1o1p
I6R5Y	8/8/P1B2k1p/1n3P1P/6P1/5K2/3b4/8 b - - 4 59	b5d4 f3e4 d4c6	737	0g0p0s111o
IPjcp	r1b1k3/pp3p2/2P3n1/5p2/B1p4q/2bP4/PPP3Q1/R1B2KN1 b q - 0 18	h4e1	737	1314191b
IucsQ	4r1k1/p1p2p2/1p5p/4n3/2Pq1pb1/3B4/P1PQ1PP1/1R2N1K1 w - - 2 23	d3h7 g8h7 d2d4	737	0g0j191o
JWYtw	5r1k/pq1r2pp/3QRb2/3p4/3PnB2/1P2R2P/P4PP1/6K1 w - - 7 32	d6f8	737	0t0y1314191b
MMv9p	r4rk1/n1q1bppp/p1b5/Pp2P3/2p5/2PQBN2/2B2PPP/R4RK1 w - - 0 19	d3h7	737	0y1314191b
N3B6c	7k/6pp/8/3Br3/8/1Q5P/4pPPK/4q3 w - - 0 41	b3b8 e5e8 b8e8	737	060p0s13151o
NApAX	2r2r1k/p2n1pp1/bpq4p/8/3P3B/2P1PN2/P1Q2nPP/1BR3K1 w - - 0 22	c2h7	737	1314191b
OQ11K	6k1/p4pp1/7p/6q1/1rPp4/7P/2Q2PP1/4R1K1 w - - 0 26	e1e8	737	0p13141b
QBAf1	4q3/pp2b1k1/4Rpp1/2p5/6P1/2n2P2/PP6/4R1K1 w - - 0 33	e6e7 e8e7 e1e7	737	010p0s1o
R4QxF	2r5/pp3kpp/8/3p1N2/Pn6/R1n2N1P/5PP1/6K1 w - - 5 29	f5d6 f7e6 d6c8	737	0g0p0s1o
RaoKN	4r1k1/p4p2/1p2q1p1/3B3p/5b2/1Q5P/PP3PP1/3R2K1 b - - 3 32	e6e1 d1e1 e8e1	737	0p13151f1n1o
T4zQ3	r3r1k1/2p2ppp/p1Pbb3/Q3p2q/p3N3/6R1/PPP2PPP/R1B3K1 b - - 13 18	h5d1 a5e1 d1e1	737	0y111315191o
V5BFB	r2qkb1r/1ppbn1pp/p1n2p2/3Qp3/2B1P3/2P2N2/PP3PPP/RNB1K2R w KQkq - 2 9	d5f7	737	13141b1c
VOEft	r3k2r/pp1nn3/1qp1Qp2/3p3p/5PP1/2BP1NbP/PPP3B1/R4K1R b kq - 4 19	b6f2	737	1314191b
VPmDB	3r2nk/p5pp/1p2p3/2p1N3/1P2P1P1/P6P/1B2KP2/8 w - - 0 24	e5f7	737	0p13141b1q
Vpk0g	1b3r1k/6p1/p6p/2NQ4/1P6/P3PrPq/7P/3R1RK1 b - - 0 31	f3f1 d1f1 f8f1	737	0x1315191o
W3Wiz	r1b1k2r/1pp2ppp/p1p5/2b5/3qP1P1/3P4/PPP2PP1/RNBQK2R b KQkq - 0 9	d4f2	737	041314191b
Woo8d	8/5p2/p3q2k/1p3R1P/7K/2p5/P4R2/8 w - - 0 54	f5f6 e6f6 f2f6	737	0g0p0s1j1o
XHl0H	r6k/p1p1rn1p/1p4p1/3P3n/3P4/qB2Q3/5RPP/4R2K w - - 0 36	e3e7 a3e7 e1e7	737	0g191o
ZHyTy	6k1/5pp1/p5r1/6n1/P1R5/4N2P/1P3P1K/8 b - - 0 34	g5f3 h2h1 g6g1	737	030p13151o
Ziwjm	4r3/3r2p1/R2P2kp/1p2n3/3B4/8/6PP/4R1K1 b - - 1 33	e5f3 g2f3 e8e1	737	010j0p111o
bCrNI	2k1r3/1pp5/1pn2p2/5N2/6p1/1PPPr1P1/P2QP1K1/8 b - - 3 31	e3e2 d2e2 e8e2	737	0g0p0s1o
bFjwj	2r3k1/5ppp/p7/1p6/3pP3/3R2Pn/1P5P/3Q3K b - - 2 27	h3f2 h1g1 f2d1	737	010p0s1o
bctQw	8/pb1p1k2/1p2pn2/2p5/2P5/P1P2P1q/6R1/3K1Q2 w - - 1 35	g2g7 f7g7 f1h3	737	010j0p1o
bxeQj	8/7p/p3ppk1/8/1R2P3/3N3q/1PPK1P2/8 w - - 0 28	d3f4 g6g5 f4h3	737	0g0p0s1o
cEVBX	6k1/5ppp/8/4N3/q3b3/7P/5QP1/3r1B1K w - - 0 35	f2f7 g8h8 f7f8	737	0p13151o
fmGZl	8/bp3B2/p2p3k/4n3/1P2PR2/8/P6P/4K3 b - - 2 44	e5d3 e1d2 d3f4	737	010p0s111o1r
haMDv	8/5pk1/pB4p1/P6p/7P/8/1r4P1/6K1 w - - 1 38	b6d4 g7h6 d4b2	737	0g0p0s11121o
hqqFW	r3k2r/pp2b1pp/5p2/2P5/1P1Q1n2/P7/1B3PPP/R5K1 b kq - 0 23	f4e2 g1f1 e2d4	737	0g0s191o
iA6cl	8/5pk1/1r3p1p/5P2/6P1/3K2Q1/8/8 b - - 30 60	b6b3 d3e4 b3g3	737	0g0p1j1o1p
ilLFX	8/p5Q1/1pkp4/2p5/2P2PK1/1P5P/q7/8 b - - 6 52	a2g2 g4f5 g2g7	737	0g0p111i1o1p1r
jZz7G	r1b2rk1/1p1n1qp1/p1n1p2p/3pP3/5RQP/2N2N2/PPP2P2/2K2BR1 b - - 2 16	f7f4 g4f4 f8f4	737	01191o
jpzHB	r4r2/ppp1q1pk/4b2p/4Qp2/8/3RPP1N/PPP4P/1K4R1 b - - 2 19	e6a2 b1a2 e7e5	737	0g0j11191k1o
kn6aQ	3k3r/Qpq3p1/p2p1p2/3BR2r/4P3/2P2R2/1P3PP1/6K1 b - - 0 51	h5h1	737	111314191b
lU89W	3k1b2/p5pp/2B1p3/2n2pP1/2P2B1P/1P6/P4P2/2K5 b - - 0 27	c5d3 c1d1 d3f4	737	010p0s1o
nOujO	r5k1/3b2pn/2p1pp1p/P1Rp4/3P3N/P3P2P/2Q1qPPB/6K1 b - - 3 29	e2e1	737	1314191b
nPP3G	4r3/1p2r1k1/p5p1/7p/2p5/2PbN2P/PP2R1P1/4R1K1 w - - 1 44	e3f5 d3f5 e2e7 e8e7 e1e7	737	0g0j0p10
o1S9m	3q1k2/p3b3/1p3p1N/2p1p1rQ/2P1P3/3P2P1/5K2/4R3 w - - 13 35	h5f7	737	0p13141b
oThy1	r2k3r/2qpnQpp/4p3/1P6/2n5/P1P3P1/7P/2KR1R2 w - - 6 25	f7f8 h8f8 f1f8	737	1315191n1o
osMaQ	8/3Nb1k1/2n1B3/2p2ppP/4P3/7P/4KP2/8 b - - 0 38	c6d4 e2d2 d4e6	737	010p0s1o
pviPF	r2qkb1r/ppp2ppp/7B/4p3/2Qn4/2N4P/PP2PPP1/R3KB1R b KQkq - 0 10	d4c2	737	0f13141b1c
qjupS	2r5/8/1p6/p7/4B2b/P4K1k/1P1R4/8 w - - 0 49	e4f5	737	0p13141b
sF9CC	r1bq1r1k/pp1n2bp/2pp4/5p2/2BPp2N/2P3P1/PP1NQPP1/R3K2R w KQ - 0 15	h4g6	737	1314191b1g
sWTTL	2rq1rk1/1b1nbp1p/1p2p3/pP4Np/2N5/3BP3/1B1P1PP1/R3K2R w KQ - 0 20	d3h7	737	0y111314191b
uaAYt	r6k/pb6/2p4p/5p1Q/1qBP4/6P1/PP3P2/2K5 w - - 0 25	h5h6	737	0p13141b
vvzNI	r4rk1/1b3pbp/p2Bp1p1/1pPq4/8/3BP3/PP3PPP/R2Q1RK1 b - - 2 16	d5g2	737	0y1314191b
wkUwJ	2r3k1/5ppp/4p3/1p6/p1q3PP/2P1bQ2/PP2r3/1K3R1R w - - 2 30	f3f7 g8h8 f7f8 c8f8 f1f8	737	06101316191n
wnEew	r4rk1/ppp2ppp/3p2qn/2bNp1n1/2P1P3/3P3P/P1P2PP1/R1BQ1RK1 w - - 2 14	d5e7 g8h8 e7g6	737	010s191o
wv1JB	1q3rk1/p2b1ppp/1b6/3p4/1P2N1n1/P3P3/1BP2PPP/R2Q1RK1 b - - 0 15	b8h2	737	0y1314191b
wxKPJ	8/5p2/1kp1b3/p3P3/3PK3/P5p1/1PP3B1/8 b - - 0 36	e6d5 e4f4 d5g2	737	080g0p1o1p
zVqur	r2r2k1/2p1npp1/3p1q1p/pP2n3/R1PQPP2/6N1/4B1PP/5RK1 b - - 0 29	e5f3 e2f3 f6d4	737	010j0y191o
1mUSD	5r1k/pp5p/4p2n/3pP3/P1pP1N2/2P5/1P1K4/5R2 w - - 1 37	f4g6 h7g6 f1f8	738	0g0j0p1o
2UrBy	r3k3/3p3n/p2Bp3/5p2/1p1b4/1B6/P5RP/7K w q - 0 33	g2g8 e8f7 g8a8	738	0g0p1o1p
3Ue7c	8/1BR5/5k2/5p2/P4P2/2K1P3/7r/1b6 b - - 3 61	h2c2 c3d4 c2c7	738	0g0p111o1p
86zzS	2r5/5pk1/1r1bp3/1PNp2p1/3P4/6PK/1RR3P1/8 w - - 2 42	c5e6 f7e6 c2c8	738	0g0j0p111o
8PYhE	8/p7/1p6/4P1k1/3P2Pp/1P5r/P2RK3/8 b - - 1 37	h3h2 e2e3 h2d2	738	0g0p111m1o
8vGga	8/R4p1p/2k2r2/3p4/5P2/3P4/5K1P/8 w - - 5 39	a7a6 c6d7 a6f6	738	0g0p111m1o1p
A2cx2	r4rk1/1n3pp1/2p1q1b1/3p3p/R2B2P1/1P3P2/R5BP/3Q3K w - - 2 32	a4a8 f8a8 a2a8	738	0g191o
A8DVv	5k2/R2K2p1/7p/3P1P1P/5P2/8/4r3/8 b - - 2 69	e2e7 d7c6 e7a7	738	0g0p111m1o1p
Bx1aj	8/p6k/2p4p/1p6/1P2PpNp/P4r1P/3r4/6RK w - - 3 38	g4f6 h7h8 g1g8	738	030p13151o
E5OHC	6k1/5ppp/3p4/1p5q/p3PPnb/P1P4Q/1P4PP/R1B2R1K b - - 3 29	g4f2 h1g1 f2h3	738	0g0s191o
EIpbR	r7/ppp1k1p1/3b4/4p1p1/2B1P1b1/8/PP1NnPPK/R1B2R2 b - - 0 16	a8h8	738	021314191b
EhGj8	8/1pk3pp/4p3/2n1N3/8/2n4P/P5P1/2R3K1 b - - 1 28	c3e2 g1f1 e2c1	738	010p0s1o
FfFdC	6k1/5pp1/5n1p/2p2B2/1b1p4/5N1P/5rPK/R7 w - - 0 31	a1a8 f6e8 a8e8	738	0p13151f1o
Fr1I8	r1bq2k1/ppp1rppp/3b4/3p4/1PPQ1P2/P4BP1/1B1N3P/R4nK1 w - - 0 16	d4g7	738	0y1314191b
Icakj	rn2r1k1/ppp2ppp/1b6/8/2bPNp2/2P2N2/PP4PP/R1B1R2K w - - 2 16	e4f6 g7f6 e1e8	738	010j0y191o
J0zm4	r3k2r/p2q1pp1/2pP1n1p/1Np5/2P1pP2/8/PP4PP/R2Q1RK1 w kq - 0 17	b5c7 d7c7 d6c7	738	00010s191o
MM355	r5k1/pp4pp/2p3p1/3q4/4p3/1P2P1QP/PBPP1rP1/R2K3R b - - 0 19	d5d2	738	1314191b
PC2y5	8/2k1npp1/8/2PP4/2K4p/7P/5PP1/8 w - - 1 40	d5d6 c7d8 d6e7	738	000g0p0s0z1o
S3XfM	r1b3k1/pp2rp1p/q3p1p1/8/8/8/PQ3PPP/1R1R2K1 w - - 0 21	d1d8 e7e8 d8e8	738	1315191o
TEFaE	5rk1/pp3ppp/1qp1p3/3rQ3/8/1P4RP/P1P2PP1/5RK1 w - - 3 19	e5g7	738	0p0y13141b
WCfYK	6k1/p4ppp/5n2/P1p5/2P5/3r1QP1/5PKP/q7 w - - 0 23	f3a8 d3d8 a8d8 f6e8 d8e8	738	0p101316
WPKsW	8/p1pk4/1p6/2p5/2Pr1b2/1P6/P2BK3/3R4 w - - 6 31	d2f4 d4d1 e2d1	738	0g0p111g1o
WZ60M	7r/ppk2Bp1/6p1/8/3R1n2/7P/PPP2PP1/6K1 b - - 3 29	f4e2 g1h2 e2d4	738	010p0s1o
Xj5Lo	3q2k1/1p3Rp1/p1r1R2p/2p4b/3p2Q1/3P4/P5PK/1r6 w - - 0 29	g4g7	738	1314191b
Xr0cY	r2qk2r/p2pn1bp/1pn1p1p1/2p3N1/4P3/2P2Q2/PP3PPP/RNB1R1K1 w kq - 2 13	f3f7	738	13141b1c
Xwi5C	4rrk1/p4ppp/2p5/3p2B1/4nPb1/1BP5/P1P3PP/R1Q3RK b - - 0 18	e4f2	738	1314191b1q
XzZlX	2k3r1/R4pn1/p1p1b3/3p2pp/3B2P1/2P1PP2/P3K2P/8 w - - 0 26	a7a8 c8d7 a8g8	738	0g0p1o1p
ZdyUT	2kr3r/ppp2Qpp/2n2n2/2bN4/5Pb1/5N2/PPPKPqPP/R4B1R w - - 5 12	f7c7	738	1314191b1k
acj5Y	8/5pk1/3P2p1/6Kp/5P1P/8/5P2/8 b - - 0 45	f7f6	738	0p13141b1e
cDTuS	8/2b3kp/6p1/1B3p2/P1NP4/2n3PP/r4P2/2R3K1 b - - 10 39	c3e2 g1f1 e2c1	738	010p0s111o
cGF5H	3r1r2/ppk4p/2ppBp2/4n3/1PP1P1pN/P7/1B3KPP/R7 b - - 0 21	e5d3 f2e3 d3b2	738	010s191o
eQJCV	r2r2k1/p3pp1p/2p3pQ/2qb4/8/7R/P4PPP/5RK1 w - - 2 22	h6h7 g8f8 h7h8	738	1315191o
ezwac	5rk1/pQ4bp/1q2Nnp1/4n3/8/7P/P1R2PPK/8 w - - 1 29	b7g7	738	1314191b
f8iWk	6k1/r4pp1/b3pn1p/3p4/2pP4/P3PP2/2B3PP/1R4K1 w - - 0 29	b1b8 a6c8 b8c8 f6e8 c8e8	738	0p1013161f
fqZvm	r5k1/5rp1/p3b2p/2p1n3/2PpPpP1/3P1P1P/3Q3K/RR6 b - - 1 28	e5f3 h2g2 f3d2	738	0g0s191o
gNP8V	8/5pk1/2p2p1p/3b3q/5Q1N/6P1/PPP2P2/6K1 b - - 1 32	h5d1 g1h2 d1h1	738	0p13151o
i8Ogl	2kr1r2/pppb2b1/4p1pp/2N5/1PBn1nP1/q1P2Q2/P4B2/3R1K1R w - - 0 23	f3b7	738	111314191b1k
jQjNK	8/1p4k1/p1b3p1/2q2pNp/4pP1P/2P3Q1/PP2R1PK/3r4 w - - 1 29	g5e6 g7f7 e6c5	738	0g0p0s1o
lir5b	1r2k2r/pppbqBpp/2n5/8/8/1Q2PN2/PP3PPP/R3K2R b KQk - 0 14	e7f7 b3f7 e8f7	738	01191o
mppRf	1r4k1/5p1p/6p1/1pR1P3/p4n2/5N2/5KP1/1R6 b - - 3 42	f4d3 f2e3 d3c5	738	0g0p0s1o
orSrp	6k1/5ppp/p5b1/1p2q3/2p2N2/2P1PQ1P/5PPK/3r4 w - - 0 35	f3a8 d1d8 a8d8 e5e8 d8e8	738	0p101316
psmpx	6k1/1pR5/8/6p1/1r4p1/r5P1/3R1K2/8 w - - 2 40	d2d8	738	0p13141b1m
rqKbq	8/8/1p1P1B2/p6k/4Nn2/8/P3r3/7K w - - 3 58	e4g3 h5g6 g3e2	738	010p0s111o
sGKJj	r4rk1/5pp1/4b3/1p6/4Qp2/pP5P/PqBK4/3R2R1 w - - 0 33	e4h7	738	1314191b
slBBV	8/7k/7p/1Q4p1/pP4P1/P4PKP/8/3q4 b - - 0 50	d1g1	738	0p0q13141b1i
vH1LH	r3kbnr/1p3pp1/p3p1p1/2Ppq3/1P1B4/P1N5/2P2PPP/R2Q1RK1 b kq - 1 14	e5h2	738	0y1314191b
vPHUI	1r2kb1r/pQ1p1ppp/1p2p3/4P3/1qR5/1N1B4/PP3PPP/5RK1 b k - 0 15	b8b7 c4b4 f8b4	738	0g191o
w9MYz	7k/1Q4p1/5nP1/5PK1/4r3/8/8/8 b - - 10 49	e4g4	738	0p0u13141b
xwwyU	4n2k/2pnq1p1/1p1p1r2/3P2Bp/1PPPp3/7P/2B3P1/Q4RK1 b - - 1 25	f6f1 g1f1 e7g5	738	010j0y191o
14vzG	4r2r/pQp2kpp/5n2/2b5/2P5/8/PP1P1RPP/R1B3K1 b - - 0 15	e8e1	739	1314191b1g
1IzLC	6R1/ppqk1p2/2p2p2/2b2p1p/8/2NP3P/PPP3r1/R4Q1K b - - 0 28	g2h2	739	1314191b1f
3bk2j	2r1k2r/Q4ppp/2pBp3/5b2/2pPn3/2q1P3/P4PPP/R4RK1 w k - 1 17	a7e7	739	111314191b
4HZqv	8/8/8/8/8/1K6/R7/3k2r1 w - - 3 64	a2a1 d1e2 a1g1	739	0g0p1m1o1p
4gsfG	8/p3r3/4P3/2pB1N1k/2Pb2p1/6P1/P3R1KP/3r4 b - - 3 42	d1g1	739	0p13141b1d
52jxO	8/3r3p/Rp1r4/p2PK1k1/P5P1/2N5/1P6/8 w - - 0 37	c3e4 g5g4 e4d6	739	0g0p0s1o
5dxwX	8/4n3/4p1k1/R3P1pp/p2KP3/Pb5P/1P3PP1/8 b - - 0 34	e7c6 d4c5 c6a5	739	0g0p0s111o
6DwTq	r5k1/p4pp1/1pp2b2/5b1p/1Bn4P/5NP1/PP6/K5QR b - - 1 31	f6b2	739	111314191b
6kw1c	r4k2/1p3p2/3p1q2/p1pP2pQ/3pPbP1/P2P4/1P3PK1/3B3R w - - 1 30	h5h8 f6h8 h1h8 f8e7 h8a8	739	0g0p101p
6oCbO	2r3k1/5ppp/p3p3/1p6/1P2q3/P6P/2r2QP1/1R3R1K w - - 2 27	f2f7 g8h8 f7f8 c8f8 f1f8	739	060p1013161n
6pFKj	5k2/1p3p2/4pP1P/p3r3/6P1/6K1/8/8 w - - 0 43	h6h7 e5g5 h7h8q	739	000g0p11121h1m1o
7MbuZ	3b1rk1/R4p1p/p3p1p1/1p2N3/5P2/2P2P1P/PP6/6K1 b - - 2 30	d8b6 g1f1 b6a7	739	0g0p0s1o
8g6oj	2k5/ppp2ppp/5b2/2p5/P5rP/3B4/1PPr4/R4K1R w - - 0 21	d3f5 c8d8 f5g4	739	010p0s1o
9Kl10	r1b1k3/1ppp1p2/p1P1p3/7Q/4Pq2/P1N1b3/1PP3P1/R2K1BN1 b q - 0 18	f4f1	739	0t1314191b
B022e	R7/3k3r/2p5/2Pp2p1/7p/8/PPP5/2K5 w - - 2 40	a8a7 d7e6 a7h7	739	0g0p1m1o1p
B0Ag7	6k1/6pp/8/1p2N3/p5P1/4K2P/8/8 b - - 1 48	a4a3 e5c6 a3a2	739	000g0p0z1o
C2AGR	r2n2rk/1b3p1n/3p1Pp1/pp2p1P1/4P2R/1NqBBR2/P1P4P/6K1 w - - 0 25	h4h7 h8h7 f3h3	739	050y1315191n1o
C8Ym1	8/7p/4kpp1/4p3/6PP/1r1N1P2/4K3/8 w - - 1 49	d3c5 e6d5 c5b3	739	0g0p0s1o
CpWkz	r3k2r/ppp2ppp/2N5/1B1pP3/4nQbq/6P1/PPP3P1/RNB2K1R b kq - 0 12	h4h1	739	0t1314191b
EBvB8	3r1k2/pp2qp2/2pbr3/3p4/3P1P1Q/2NB4/PPP3PP/5RK1 w - - 3 24	h4h8	739	111314191b
GBQZA	r6k/4Nppp/5n1b/p7/3R4/8/6PP/1R4K1 b - - 0 30	h6e3 g1f1 e3d4	739	0g0p0s1o
HCPEk	k3r3/pr5p/8/8/5B2/P1P3P1/2q4P/1R2R1K1 w - - 0 34	e1e8 b7b8 b1b8	739	0p0t13151d1o
JHYmP	r2r2k1/p3qppp/1p6/5Q2/1P6/P3PbP1/2Bn1P1P/R3K1R1 w Q - 3 21	f5h7 g8f8 h7h8	739	0y1315191o
LclaL	8/8/1P5p/8/8/8/5r2/Q3K1k1 b - - 0 74	f2f1 e1d2 f1a1	739	0g0p1j1o1p
LzMQl	3r4/6k1/p1bp2p1/P1p1prNp/2P5/1P2R3/6PP/3R2K1 w - - 7 40	g5e6 g7f6 e6d8	739	0g0p0s1o
N00Zk	1r2k2r/4bppp/q1np4/3Np3/1p2n3/4B3/PPP2PPP/R2QK2R w KQk - 0 15	d5c7 e8d7 c7a6	739	010s11191o
NOeke	3rrknQ/ppqR2p1/4pp2/6N1/P7/2P3P1/1P3PBP/3R2K1 b - - 0 23	d8d7 d1d7 c7d7	739	01191o
NckZ9	8/p2r4/4p1N1/8/2K2Pk1/PP6/2P5/8 w - - 3 46	g6e5 g4f4 e5d7	739	0g0p0s1o
PZ8k2	1r3rk1/2q1n3/2P4p/1p1Pp1p1/4Pp2/1B6/PP4PP/4RRK1 w - - 0 27	d5d6 g8g7 d6c7	739	00010j0k191o
PzFeP	r3k2r/pp1q1pp1/2n1p3/1QNpP3/3P4/4P1Pp/PP2K2P/2R4R b kq - 0 20	c6d4 e3d4 d7b5	739	0g0j11191o
QAeHF	8/6pp/8/P5P1/3k4/4p3/2pK3P/8 w - - 0 46	d2c2 e3e2 c2d2 e2e1r d2e1	739	0g0p101e
QSlcE	r4nk1/1p4pb/1Pp1p2p/2PpP3/6qP/1N3RP1/8/2BQ3K w - - 0 33	f3f8 a8f8 d1g4	739	0g0j0y191o
RaIu6	4b3/p4k1p/1p4pP/5p2/3B1n2/P7/5PP1/2R3K1 b - - 3 36	f4e2 g1f1 e2c1	739	010p0s111o
SgBPN	2q2rk1/2rnppbp/p1Npbnp1/P1p5/Q1P5/3PP1P1/5PBP/R1B1K1NR w KQ - 1 15	c6e7 g8h8 e7c8	739	0g0s191o
SiJe2	8/8/p7/1p1KP3/7p/1P4k1/P7/8 b - - 0 46	h4h3 d5d6 h3h2 e5e6 h2h1q	739	000g0p101e1h
T7o11	8/2Pk4/8/8/8/1P2p2K/6p1/6B1 b - - 0 51	e3e2 h3g2 e2e1q	739	00080g0p111h1o
UPSqH	3rr1k1/pp3ppp/1b3q2/2p5/3pQ3/1P3N2/P4PPP/R3R1K1 w - - 1 20	e4e8 d8e8 e1e8	739	061315191o
VP6RD	1qr5/3bQ2p/pp3Bpk/5p2/4p3/1Q2P2B/P4PPP/6K1 b - - 0 28	c8c1 b3d1 c1d1	739	111315191o
VpaGQ	1r3k2/7p/r7/p3N3/R4P2/7P/6PK/8 w - - 4 45	e5d7 f8f7 d7b8	739	0g0p0s111o
Wyivm	r2qkb1r/p3pppp/1p3nb1/1Nnp4/Q1PN1B2/4P3/PP3PPP/R3KB1R w KQkq - 5 10	b5d6	739	0k0m1314191b
X2dmr	2r3k1/5ppp/5n2/3p1N2/1p6/2PR4/1P1R1KPP/7r w - - 5 37	f5e7 g8f8 e7c8	739	010p0s111o
YolUM	5rk1/R4pp1/4p2p/1P1bP3/P4nPP/8/5K2/2R5 b - - 3 35	f4d3 f2e3 d3c1	739	0g0p0s111o
ZmEvi	r3r1k1/5pp1/p6B/1p6/6n1/2N5/PPP2QPP/6RK b - - 0 31	g4f2	739	0t1314191b1q
aeqvR	2r1r1k1/5p1p/p1p1p1p1/2B5/4Pn2/1PR4P/P1P2PP1/3R2K1 b - - 0 21	f4e2 g1h2 e2c3	739	0g0p0s1o
dbZ8U	r4k2/1b4p1/p1n2pP1/1pq1p2p/P2p4/1Q5P/1PP3P1/R3R1K1 w - - 1 29	b3f7	739	1314191b
eBnds	8/2p5/1p1p1rkp/p2P4/4P2K/2PB4/P1P5/8 w - - 0 47	e4e5 g6g7 e5f6	739	010j0k0p1o
essDP	5b2/R7/5pk1/4p1p1/4P1Pp/5P2/5K1P/8 b - - 2 44	f8c5 f2f1 c5a7	739	0g0p0s1o
et1q2	r4rk1/2p2ppp/p1n5/1p2P3/4n3/2P2b1P/PB3PP1/R2B1RK1 w - - 0 17	d1f3 c6e5 f3e4	739	0g191o
hlrO5	4r1kr/1qp2pp1/3b3p/1N6/2Q2n2/4B3/PPP2PPP/3RR1K1 b - - 4 22	b7g2	739	0y111314191b
htkTm	r1b2rk1/5ppp/4p3/pp1n4/3q4/P2B3P/1PPQ1PP1/R4RK1 w - - 0 16	d3h7 g8h7 d2d4	739	010j0y191o
jBexg	8/p7/8/1N3kp1/2r2p2/5K2/6P1/6B1 w - - 0 41	b5d6 f5f6 d6c4	739	0g0p0s1o
jMvXW	3r2k1/1p3p1p/1b4p1/2p5/r1P2q2/2QR4/PP5P/1K1R4 w - - 0 27	d3d8 b6d8 d1d8	739	1315191o
kXWrY	8/8/2p2p2/2r2k2/4bP2/3p3R/1P1K4/4B3 w - - 0 58	h3h5 f5f4 h5c5	739	0g0p111o1p
kl9qo	6k1/p4ppp/2p5/3p4/6P1/P1P2B1n/6PP/1N4RK b - - 0 26	h3f2	739	0p13141b1q
l9lej	8/8/8/5Np1/2p4p/7P/1k1K2P1/8 b - - 2 43	c4c3 d2d3 c3c2 f5e3 c2c1q	739	000g0p0z101h
nWqEp	8/6R1/2p5/8/5Kpk/5b1p/r7/8 w - - 0 42	g7h7	739	0p1113141b
onGvb	3b2k1/pp5p/2n1q1pQ/8/5P2/PP2P3/1BP3P1/6K1 w - - 0 28	h6g7	739	0p13141b
pA9jp	r4rk1/5ppp/p2pp3/1p3bb1/4q3/2Q2N2/PB5P/R1R4K w - - 0 28	c3g7	739	0y1314191b
pLd0Y	r1br3k/1p3pb1/p3pNpp/4NnB1/P1q5/8/1PP2PPP/R3R1K1 w - - 0 19	e5f7	739	0y1314191b
uYoKR	7k/1p1qbp1p/p3pp2/4p3/4P2R/2P4Q/PP3PPP/3r2NK b - - 10 23	d1g1 h1g1 d7d1	739	05060p1113151n1o
v8wze	3k4/6r1/3PP2R/1p1K4/1P6/8/6p1/4r3 w - - 1 61	h6h8 g7g8 h8g8	739	0p13151m1o
woObl	8/4k3/4r3/pR6/P4R1p/5P1P/4r1P1/5K2 b - - 0 46	e2e1 f1f2 e6e2	739	090p13151m1o
yOQxP	r1b3k1/1pp3pp/3p4/p1bP3Q/2PNB3/1P2n3/P4qPP/R1B4K b - - 1 18	f2f1	739	1314191b
zCiTt	r6k/2q2p1p/2pbpPp1/6P1/4P3/1P1QR2P/r3B3/3R3K w - - 2 35	d3d6 c7d6 d1d6	739	0g1112191o
zrr6H	3r4/6k1/8/8/3Np1P1/6K1/8/8 w - - 2 54	d4e6 g7f6 e6d8	739	0g0p0s111o
24Zuk	r1b1k2r/ppp2ppp/2pq4/2P5/6n1/2P5/PP2BPPP/RNBQ1RK1 b kq - 0 10	d6h2	740	0y13141b1c
2eFJA	3r2k1/p5pp/2B3p1/2P1b3/1P1p1q2/3Q3P/1N3PP1/4RRK1 b - - 4 25	f4h2	740	1314191b
2rCfn	r1b2rk1/pp2Qp1p/2p2npB/5B2/3P4/4P3/P2NKPPq/8 w - - 0 18	e7f8	740	0y1314191b
3TmLL	2r2bk1/6p1/p6B/3q1R2/P2p2Q1/3P2PP/2r3P1/5RK1 b - - 0 30	d5g2	740	1314191b
6Ew1u	8/5p1p/b3p1p1/1pp5/2k1P3/1NP2P2/3K2PP/8 w - - 1 32	b3a5	740	0p13141b
7AEb8	3rkb1r/1p3ppp/p7/2p1p3/4q3/8/PPP1B1PP/R3QK1R w k - 0 16	e2b5 a6b5 e1e4	740	0g0j191o
7fkkP	1r1r3k/5pbp/pp1N2p1/2n5/2P2N2/4P1P1/5PBP/1R4K1 w - - 2 25	d6f7 h8g8 f7d8	740	010s191o
9YKo9	8/4Np2/3b4/7p/7k/4P2P/6K1/8 w - - 12 54	e7f5 h4g5 f5d6	740	0g0p0s11121o
9cP5U	4r1k1/4Rppp/R7/3n4/2P5/2n2B2/Pr4PP/6K1 w - - 0 28	e7e8	740	060t1314191b
ARh5J	8/6p1/5pkp/8/3n1K2/2R5/5P1P/8 b - - 8 42	d4e2 f4e3 e2c3	740	0g0p0s1o
D2Mob	5r1k/pp4pp/3r4/4p3/2R5/2P1P3/PP3QPP/3R2K1 b - - 0 24	d6d1 f2e1 d1e1	740	0p0t13151j1o
DQUV4	3r4/3P1p2/1R2pk1p/p3n1pP/2PR2P1/6P1/1P6/6K1 b - - 2 42	e5f3 g1f2 f3d4	740	0g0p0s111o
DYGyV	r1b2rk1/pp3pn1/4p1p1/6P1/3pN1p1/3P4/PPP1BP2/2KR3R w - - 0 17	e4f6	740	1314191b
E5yJ9	R4bk1/2pqrppp/8/1P6/3N4/Q2P4/1PP3PP/7K b - - 10 25	e7e1	740	060p13141b
E6eBN	1R6/p6p/2p1k3/2np1p2/P4P1K/4r2P/8/3B4 w - - 0 45	b8e8 e6d6 e8e3	740	0g0p1o1p
EdRDu	8/2r5/2P5/2PPk1p1/6p1/P7/4K3/8 w - - 3 54	d5d6 c7c6 d6d7 c6c5 d7d8q	740	000g0p101h1m
F0IqR	r2q1k2/p1p1b3/1p3p1r/4p2B/8/1Q6/PPP2PPP/RN4K1 w - - 0 17	b3f7	740	1314191b
Gs5f3	8/8/2p5/1p1k2rp/1K1P4/P7/8/2R5 w - - 6 54	c1c5 d5e4 c5g5	740	0g0p1m1o1p
HBHNC	1n5r/5Bk1/b3p3/3pP1NP/1p1P1P2/2P1K2Q/q6P/6R1 b - - 4 28	a2e2	740	1314191b1s
HbVJj	5rk1/1pp4p/p3p1rp/6q1/7n/PP5P/2P1NRP1/5RK1 w - - 0 28	f2f8 g8g7 f1f7	740	090y1315191o
IlLoH	3b2k1/1p4p1/p4p1p/3P4/1p1N1P2/1P1P3P/P7/6K1 b - - 1 34	d8b6 g1g2 b6d4	740	0g0p1g1o
JM6q5	2kr3B/ppp2p2/7p/P5q1/1PB5/3P3n/4RP2/1N2QK2 b - - 0 21	g5g1	740	1314191b
Jx2EY	2b3k1/2r3pp/p3p3/3p4/Q2Ppr1q/2P5/PP2B1PP/1R3RK1 w - - 0 19	a4e8 f4f8 e8f8	740	0y1315191o
JyZaN	6k1/p4pp1/Pp5p/3q4/2RN2bn/Q3P3/5PP1/5RK1 b - - 0 32	d5g2	740	111314191b
KohmB	4r3/8/3k4/pP1p4/3P1p2/2PB1K2/1P4P1/8 b - - 8 62	e8e3 f3f4 e3d3	740	0g0p0s11121o
M9sZC	8/1p3r1k/4Qqpp/8/8/1P5P/1P3PP1/4RK2 b - - 12 38	f6f2	740	0p13141b
PVzve	4r1rk/p1R5/1p1R2Bp/1Pp2b2/5P2/8/P6P/6K1 w - - 0 32	c7h7	740	0p13141b1d
REXvW	r3kb1r/1pq1p3/p1n3p1/1N2n2p/8/1Q6/PP4PP/R1BR2K1 w kq - 0 18	b5c7	740	0f0t1314191b
RXmQk	rn3rk1/pp3ppp/2pq4/8/6P1/3B1P2/bPPQ3P/2KR3R w - - 0 17	d3h7 g8h7 d2d6	740	010j0y191o
RakMm	8/8/7p/2pk2pP/3P2P1/3K4/8/8 w - - 0 59	d4c5 d5c5 d3e4 c5d6 e4f5	740	0g0p101e
RmZNy	3r2qk/7p/6p1/5p2/3b1P2/4Q1P1/4BB1P/6K1 w - - 6 50	e3d4 d8d4 f2d4	740	0g0p111o
Rrv5D	8/5N2/2k3b1/3p3p/3K1P2/8/7P/8 w - - 1 46	f7e5 c6d6 e5g6	740	0g0p0s1o
SMpLk	2k3r1/pppn4/2b1p1q1/3p2P1/3P4/2P1P3/PPQ5/2KR3R w - - 0 25	c2g6 g8g6 h1h8	740	0g191o
U0IPZ	4r3/p2R4/1p2n1k1/4p1p1/4Kp2/1P3P2/P1P2NPP/8 b - - 1 36	e6c5 e4d5 c5d7	740	0g0p0s1o
V9SZ8	4r1k1/1p3pp1/p3r2p/1q2n3/2pQ4/P3P1P1/1P3P1P/2RR1BK1 b - - 1 24	e5f3 g1g2 f3d4	740	0g0s191o
VdjUH	r5k1/1pq2ppp/p1p5/2Pp4/PPbQrP2/2B1P3/5RPP/4R1K1 w - - 1 24	d4g7	740	0y1314191b
WGWuF	r1b4k/1pq2rpp/p1n5/8/2B2b2/8/PP2QPPP/R2R2K1 w - - 0 19	e2e8 f7f8 e8f8	740	0y1315191o
WWinf	8/1p2r2k/p2p1pRp/3QbP1P/2r5/8/4RKP1/2q5 w - - 0 36	d5g8	740	1314191b1u
XE9A1	r1q3rk/1p2R3/2n3Bp/p1p2p2/8/8/PPP2PPP/3R2K1 w - - 0 31	e7h7	740	1314191b1d
Y1fY3	r1bqr2k/pp1n3p/2p3pb/3pNp2/3P4/1B1QP1P1/PP2N1PP/R4RK1 w - - 8 16	e5f7 h8g7 f7d8	740	010s191o
YBGIM	rn1qk2r/p1pp1p2/1p2p2p/3n4/2P4B/2QB1p2/PP5P/2KR4 w kq - 0 16	c3h8	740	0t1314191b
Yl9t8	2k1rB2/pp4p1/8/7p/3N4/1BP3b1/PP3RP1/4R2K b - - 0 25	e8e1 f2f1 e1f1	740	0t1315191f1o
YyVmn	8/2R4p/P4pk1/6p1/8/2K3P1/7P/1r6 b - - 0 40	b1c1 c3b4 c1c7	740	0g0p111m1o1p
a2FwK	6k1/pp3rpp/q7/8/6rP/1P6/1KR2R2/8 w - - 0 36	c2c8 f7f8 f2f8	740	0p13151j1o
ay2yf	6k1/2R2ppp/p1p3b1/8/2B5/P1P4P/1r3PPK/8 w - - 3 24	c7c8	740	0p13141b
dO1pF	r3k2r/pp1nppbp/3p2p1/1q6/N2P4/5N1P/PPQn1PP1/2R1K2R w Kkq - 0 15	c2c8 a8c8 c1c8	740	061315191n1o
dpWEQ	r4rk1/p5pp/b1p2q2/6R1/3B4/2P3Q1/P1P3PP/R5K1 b - - 2 20	f6f1 a1f1 f8f1	740	1315191d1n1o
eZWSB	3r1r1k/2R3pp/bB1q4/p3Qp2/P7/6P1/1P4BP/6K1 w - - 0 29	e5g7	740	111314191b
fQa6v	6k1/p5pp/2r5/3R4/2p5/2Pnr2P/PP4P1/5RK1 w - - 0 29	d5d8 e3e8 d8e8	740	0p13151o
fSdqo	2r3r1/pp6/3k4/4n2p/4Q3/1B2P3/PP3PPP/6K1 b - - 1 32	c8c1 b3d1 c1d1	740	0p13151o
fz7NO	3r2k1/p1p5/6pp/1pP5/1n2p1B1/1r2P3/2R2P1P/2R3K1 w - - 0 32	g4e6 g8g7 e6b3	740	010p0s1o
gpMI2	r4rk1/5Np1/p3p3/1p1bP2Q/2p5/P3q3/1PP3PP/5R1K w - - 1 25	h5h8	740	1314191b
jvoLE	R7/4rpp1/1p5k/p6P/6PK/1r6/8/8 w - - 3 45	a8h8	740	0p13141b1m
kIlo0	r4rk1/2R2ppp/2Np4/3P1b2/8/1p6/5PPP/1R4K1 w - - 2 27	c6e7 g8h8 e7f5	740	0g0p0s1o
kjeTc	r1b1k1nr/ppp2ppp/2np4/2b5/2B1P2q/2N2N2/PPP2PPP/R1BQK2R b KQkq - 4 7	h4f2	740	0413141b1c
lWvpl	2NR4/1p2R3/p4k1p/5Bp1/4P3/4n3/r6P/7K b - - 3 34	a2a1 d8d1 a1d1	740	0p13151o
meSF4	8/p3k2r/Pp6/1Pp1p3/2P1PpB1/3P1K1p/8/5N2 b - - 9 58	h3h2 f1h2 h7h2	740	000g0p111o
oA5sr	2kr3r/ppp2ppp/3b1n2/4q3/1PN5/P4B1P/2P1QPP1/R4RK1 b - - 4 17	e5h2	740	1314191b
oaBSd	8/8/5R1R/1B2pP2/KP2b1k1/2r5/2r5/8 b - - 4 41	c2a2	740	0p1113141b
q3Gyl	r2b2rk/pp2N1qp/5R2/4p3/3p3Q/P2P3P/BPP3P1/5R1K b - - 0 24	g7g2	740	0y1314191b
qFR2n	r3kb2/1p3p2/p1b1p3/4P1p1/2QP2r1/5N1p/PP3P1P/R4R1K b q - 0 23	c6f3	740	0y1314191a1b
qPuMf	8/pp4pk/4Q1n1/3pPr1p/3P4/2r5/P4RPP/6K1 b - - 0 28	c3c1 f2f1 c1f1	740	0p1113151o
qlvSs	r3r1k1/1pp1bpp1/p3q2p/8/4p1Q1/P1B1P3/1P3PPP/3R1RK1 w - - 0 20	g4g7	740	0y1314191b
qqO9H	8/3bpk2/B4p2/3Pn2p/3BP1p1/6P1/5P1P/6K1 b - - 1 28	e5f3 g1g2 f3d4	740	0g0p0s111o
sLHaM	3rr1k1/pp3ppp/1np5/3b4/4N3/6P1/1P2RPBP/4R1K1 w - - 5 23	e4f6 g7f6 e2e8 d8e8 e1e8	740	010j0y1019
szK9y	2r3k1/5ppp/4p3/p7/2q1pQ2/4P1P1/7P/5RK1 w - - 0 41	f4f7 g8h8 f7f8 c8f8 f1f8	740	060p1013161n
uLZp7	rnb1k1BN/pp5p/3p1q2/2p5/4P1pb/2N5/PPPP2K1/R1BQ3R b q - 0 12	f6f2	740	1314191b
uNfaN	1r3k2/R6R/3rp2p/2p1n3/8/6PK/2P4P/8 w - - 3 34	h7h8	740	0p13141b
wBv7e	r3k2r/p2nnpbp/1p3qp1/2p5/8/3QB3/PPP1NP1P/2KR4 w kq - 4 17	d3d7 e8f8 d7d8 a8d8 d1d8	740	0610131619
xrVn4	6k1/2p2ppp/3p4/p2P4/b1P2q2/5B1P/1Q4P1/7K w - - 0 31	b2b8 a4e8 b8e8	740	0p13151o
yCIy9	r7/8/8/2k5/8/4K2R/8/8 b - - 0 56	a8a3 e3f4 a3h3	740	0g0p1m1o1p
zUqtE	r3k2r/1p1n1ppp/p2b4/2BPq3/Q7/2N5/PP3PPP/R4RK1 b kq - 0 15	e5h2	740	0y1314191b
zrFQ5	q4r1k/6b1/3p2p1/8/1p6/1B4QP/1P3PP1/6K1 w - - 0 30	g3h4 g7h6 h4h6	740	0p13151o
0PPCi	r2q3k/1ppb1rpB/2nbpn1p/3pN3/p2P4/2P1P1B1/PPQ2PPP/R3K2R w KQ - 0 15	e5f7	741	0t0y1314191b
1RQWo	8/4b3/6k1/5p2/3BnPp1/6Pp/7P/1R3K2 b - - 3 45	e4d2 f1e2 d2b1	741	0g0p0s111o
2VOUC	rn1q1bnr/4k1pp/4pp2/pb2N2Q/1pNPP3/1Pp5/5PPP/R1B1KB1R w KQ - 2 14	h5f7	741	1314191b
4KyXW	R7/ppk1p3/2pp4/5Bq1/4P3/2P2Q2/P7/K7 b - - 4 35	g5c1	741	0p13141b
4jQqf	4r1k1/ppq1rpp1/2p4p/2np4/5N1P/3Q2P1/PPB2P2/3R2K1 w - - 3 29	d3h7 g8f8 h7h8	741	0y1315191o
5Cay5	r2q1rk1/ppp4p/2n1p1pB/3pPb2/3P3b/2PB3P/PP4P1/RN1Q1KNR b - - 0 12	f5d3	741	0m1314191b
6UzCC	8/8/5k2/2r3p1/6P1/6N1/7K/8 w - - 1 47	g3e4 f6e5 e4c5	741	0g0p0s1o
8hFxJ	7r/pbk4p/1bp3pn/5p2/B3PN2/2N2P2/PP4PP/2KR4 b - - 3 18	b6e3 c1c2 e3f4	741	0g0s191o
9Nccz	6k1/5pp1/1brp3p/1p1Np3/8/P6P/5PP1/3R2K1 w - - 2 40	d5e7 g8f8 e7c6	741	010p0s1o
Ax3Fd	8/6R1/1p1k1p2/1PqP1Qp1/2P3Np/7P/6PK/4r3 b - - 4 46	c5g1	741	0p13141b
BVkDr	8/5k2/7p/R4K2/5P2/6P1/7r/8 b - - 3 52	h2h5 f5e4 h5a5	741	0g0p111m1o1p
CCxr8	1r6/2pk3p/p2b4/2P4p/3N4/2PPR3/5PP1/6K1 b - - 0 42	b8b1 e3e1 b1e1	741	0p13151f1o
I1zuo	3r4/1p4p1/5k2/4b3/4p1K1/P1PpBp1P/1P3P2/3R4 w - - 8 35	e3g5 f6e6 g5d8	741	010p1o1p
I5MIf	8/8/2p5/2Pk4/3Br3/2PK4/8/8 w - - 12 59	c3c4 d5e6 d3e4	741	0g0i0p1o
JMBxh	r3r1k1/pp3ppp/8/2pP4/5PQP/3P3b/PP3R1P/R1B3K1 b - - 0 20	e8e1 f2f1 e1f1	741	0y1315191d1o
KBAoN	r4k1r/4bPp1/p2p2P1/8/Pp1NP1pP/4B3/P1P1QK2/q7 w - - 0 24	d4e6	741	1314191b
LIc21	1k2r3/pp2r1pp/2p2p2/3b4/3P4/P1PBB1b1/1P2R1P1/3KR3 w - - 2 30	e3f4 g3f4 e2e7 e8e7 e1e7	741	010j101119
LlWhS	8/p6p/8/5p1Q/5kP1/3r3P/P2r1P1K/8 w - - 10 43	h5f5	741	0p13141b1j
NTBmW	7r/p1p5/1p3k2/3R1p2/8/P5PP/1Pn3K1/2R5 b - - 1 32	c2e3 g2h2 e3d5	741	0g0p0s1o
OgWlR	3Q4/8/p5pk/P1P2b2/6nK/6P1/6P1/5r2 b - - 1 36	f1h1	741	0p13141b
Pi9ah	r4rk1/p1p2pp1/2p1p2p/1b5q/3PB3/1PQ1P1P1/P4P1P/2R1K2R b K - 0 18	h5e2	741	1314191b
PoX25	r6r/ppp1kppp/2n2n2/4pb2/1bP4N/1PN1P3/P2B1PPP/2KR1B1R b - - 6 11	b4a3	741	0a1314191b
Pq3g0	r5k1/2Bb1ppn/1N1P3p/8/2p2bP1/P1N3KP/1r6/R2R4 w - - 0 34	g3f4 b2b6 c7b6	741	010t11191o
Sz0cW	6rr/1bqk1p2/p2p4/2p2R1p/PpPbP1p1/1P1P3P/3NB1P1/1R1Q3K w - - 0 23	f5f7 d7d8 f7c7	741	0g191o1p
TJ1NW	6k1/pp2rpp1/2pN2p1/3pn3/8/3P3P/PPP2PP1/4R1K1 b - - 3 25	e5f3 g2f3 e7e1	741	010j0p0y1o
UL7ms	8/R6R/6p1/pN4Bb/5P1P/Pk1r4/1P6/2K5 b - - 0 37	d3d1	741	0p13141b1d
UdUo8	5rk1/2p3pp/1pP1pq2/8/6Q1/2N5/2P2PPP/R5K1 b - - 0 23	f6f2 g1h1 f2f1 a1f1 f8f1	741	060p1013161n
UoAwp	1k6/ppp2p2/5np1/5N2/1qn1P3/2Nr2P1/PP5R/1K6 w - - 0 26	h2h8 f6g8 h8g8 b4f8 g8f8 d3d8 f8d8	741	06111317191w
Vd56V	R7/6p1/7k/4PB2/7P/8/1r5r/5K2 w - - 5 42	a8h8	741	0p1113141b1f
WKRne	r2qk2r/1p3ppp/p1N1pn2/8/Qbp2Bb1/4PN2/PP2KPPP/R4B1R b kq - 0 11	d8d3	741	1314191b
XNUA7	r1b1k2r/ppqp1ppp/4p3/2b5/2BNP1n1/2N5/PP2QPPP/R1B2RK1 b kq - 0 11	c7h2	741	0y13141b1c
XbFpi	2r1k2r/pp1N1pp1/2n1p1p1/3pq3/8/P2Q4/1PP2PPP/R1B2RK1 b k - 0 17	e5h2	741	0y1314191b
ZiatA	2r1r3/7k/4p1RP/p2pn3/1p1Q4/5p1B/PP6/K7 b - - 0 41	c8c1	741	060p1113141b
ZyKc1	r1b2rk1/1p6/4pq2/p2n3p/3PQ2P/P4N2/5P2/1BRR2K1 w - - 0 25	e4h7	741	1314191b
aPtao	4r3/p5pp/5p2/1kp5/3pN3/1P1K1BP1/5P1P/8 w - - 1 33	e4d6 b5b4 d6e8	741	0g0p0s1o
cHfjm	r4r2/1pp2p1k/p1npq2B/2b1p1Q1/2P1P3/2NP1b2/PP3P2/R3KB2 w Q - 0 17	g5g7	741	1314191b
cY4gd	1k1r4/1pp3pp/1n2Bp1q/p1N4b/P2P1n2/2P3QP/2P2PP1/1R3RK1 b - - 2 23	f4e2 g1h2 e2g3	741	0g0s191o
cp8FZ	r4rk1/7p/1pN3p1/p1pb1p2/1b1P4/3BP2P/5PP1/RR3K2 w - - 4 33	c6e7 g8h8 e7d5	741	010s191o
cqjTx	6k1/1p3pp1/3p4/1P1Pp2P/4q3/4r3/6QP/2R1B1K1 b - - 5 38	e3e1 c1e1 e4e1	741	0g0p111o
dpcuX	7k/8/p1p4p/4K3/2P2R1n/3P1p2/7P/8 b - - 4 40	h4g6 e5e4 g6f4	741	0g0p0s111o
fZqqa	2r1k1BN/3b2pp/n4q2/1pb1p3/p7/P2P4/1PP2PPP/RNBQK2R b KQ - 0 15	f6f2	741	041314191b
frReb	1r1qkb1r/4pppb/3p1n1p/1NpP1P2/Q3P1P1/P4N1P/1n1B2B1/R3K2R w KQk - 0 17	b5c7	741	0k0m1314191b
hVPzV	r1b2rk1/pp2bp2/2n4Q/2p1p1N1/2PpP1n1/3P3P/P3qP2/RN3RK1 w - - 0 16	h6h7	741	1314191b
iBSDg	8/p2q1p1k/1p4p1/2p5/P1Pn1Q2/R5PP/1P3PB1/6K1 b - - 3 35	d4e2 g1h2 e2f4	741	010p0s1o
inPFA	r4rk1/1bp2pp1/5q1p/2pP4/4P2P/pP3N2/P1P1QPP1/1K1R3R b - - 0 18	f6b2	741	1314191b
jL0Av	2r5/6k1/1p2n3/pP1pP3/P1rP3N/7P/6P1/1Q4K1 b - - 8 39	c4c1 b1c1 c8c1	741	0g0p0s1o
jPucj	8/8/pk2p3/1p1b4/8/P7/4K3/5R2 b - - 0 50	d5c4 e2e1 c4f1	741	0g0p11121o1p1r
kf9cP	8/P7/8/8/4pp2/4P3/1PPK1k2/8 b - - 0 37	f4e3 d2c3 e3e2 a7a8q e2e1q	741	00010p101e1h
kgOAf	r6k/p1p2Qp1/3N2pq/3P3r/2B5/3P4/PP5P/5RRK b - - 0 34	h5h2	741	111314191b
kmGI9	5k2/5ppQ/3rpq2/1B6/P5P1/7P/5P2/6K1 w - - 0 32	h7h8 f8e7 h8e8	741	0p13151o
lpcqx	3r4/2k5/2np2p1/1p1Pp1P1/r7/1P1R4/2PB4/2KR4 b - - 0 32	a4a1 c1b2 a1d1	741	0g0i0p1o1p
mCRyw	2nkr3/2p3p1/p2P4/1p6/3P2q1/2P2QPp/PP5P/R1B2R1K b - - 0 26	g4f3 f1f3 e8e1 f3f1 e1f1	741	0y10131619
mnzAW	r2k3r/pbp2ppp/3b4/1B2Pq2/8/3P2Pn/PP3P1P/RNBQRK2 b - - 0 15	f5f2	741	1314191b
n77pd	8/2k3q1/p1Pp3r/Pp1P1R1p/8/4PQ2/5PPP/R5K1 b - - 0 31	g7a1 f3d1 a1d1	741	060p0t13151o
nOD33	rnb1k1nr/pp3pp1/2pp3p/2b1p3/6Pq/2NP1N1P/PPPBPPB1/R2QK2R b KQkq - 2 7	h4f2	741	0413141b1c
nOH2P	8/p7/2k5/8/8/P6P/4K3/5B1r w - - 0 50	f1g2 c6d6 g2h1	741	0g0p0s11121o1r
rBHGR	8/7r/p1Pp1k2/1p1Pp1Pr/1P2RpK1/5P2/1P5R/8 b - - 0 41	h5g5	741	0p1113141b1m
sfUoT	8/3r4/5pk1/6p1/2K3P1/1p5P/5P2/2R5 b - - 3 51	d7c7 c4b3 c7c1	741	0g0p1m1o1p
th9DF	r4rk1/p4ppp/2pR4/4PQ2/2b3P1/1q1B1K2/n6P/7R w - - 0 25	f5h7	741	1314191b
vUK6p	rn3Bk1/ppp3pp/4p3/3pN3/3n1P2/3R4/PP4PP/2R3K1 b - - 1 17	d4e2 g1f2 e2c1	741	010s191o
wSeIx	8/8/p1B1Pk2/1pP2np1/1P5p/P4K1P/8/8 b - - 0 39	f5d4 f3f2 d4c6	741	0g0p0s1o
wZKe5	8/p4pp1/1p5p/7R/r3k3/2P5/P2K2PP/8 w - - 1 27	h5h4 e4d5 h4a4	741	0g0p1m1o1p
y99eD	r1b2rk1/pp2bppp/5n2/8/3q4/3B3P/PP3PP1/RNBQ1RK1 w - - 0 13	d3h7 f6h7 d1d4	741	0g0j0y1c1o
yHoQE	r4rk1/pp3p1p/6p1/4qPB1/6n1/1BP2Q2/P1P2PPP/R4RK1 b - - 0 18	e5h2	741	0y1314191b
ySya0	8/8/4p3/6p1/6P1/4KP2/6k1/8 w - - 5 45	f3f4 g5f4 e3f4	741	0p11
zGs19	8/p1pB2kr/P7/8/5Pp1/6P1/2b2P1p/2R4K b - - 0 40	c2e4 f2f3 e4f3	741	0p13151o
0Hr1a	3r2k1/1b3p1p/pq4p1/3P1r2/P1B4P/1P6/1B2RnP1/4Q1K1 w - - 0 29	e2e8 d8e8 e1e8	742	0y1315191o
17c8n	6k1/5pp1/2q2n1p/p2p1N2/8/PP1Q2PP/5PK1/8 w - - 9 42	f5e7 g8f8 e7c6	742	0g0p0s1o
38H0e	rnb2k1r/pppp1Bpp/8/4P3/4n2q/4P3/PPP3PP/RN1Q1KNR b - - 2 8	h4f2	742	13141b1c
450OG	r5k1/p1p2pp1/3p1q1p/2p5/8/2PQR3/P1P2rPP/4R1K1 w - - 0 22	e3e8 a8e8 e1e8	742	0p0y13151o
4gs8s	4r1k1/5pp1/1R3b1p/8/8/P4RB1/2Q1r1PP/7K b - - 0 27	e2e1 g3e1 e8e1 f3f1 e1f1	742	06101316191n
5jKYU	4r1k1/3n1pbp/2rp2p1/1P1N4/P7/4B3/R4PPP/6KR b - - 0 25	c6c1 e3c1 e8e1	742	061315191n1o
5pMmw	3r3k/pp4p1/1np1R1Bp/5P2/3P2q1/2PKQ3/P1P5/8 w - - 1 37	e6e8 d8e8 e3e8	742	0p13151o
6F8XT	5r2/1p4Q1/p1kp4/P1b4p/2PPP3/8/5rPP/R6K b - - 0 29	f2f1 a1f1 f8f1	742	060p13151o
6jz85	4rr1k/3Q2pp/1p6/pPbP4/P3n3/5q1P/1B3P2/2R2RK1 w - - 1 24	d7g7	742	0y1314191b
7MSET	5rk1/2pR1ppp/r1p5/p3PP2/4Q3/2P5/q1P3PP/2K4R b - - 0 17	a2a1 c1d2 a1h1	742	0g0p1o1p
7UsXH	r1b3k1/ppp2p2/4pB2/3pP3/2nP4/3B1N2/qPP2PP1/2K4R w - - 0 21	h1h8	742	111314191b1d
9W3FN	8/3k4/4p1K1/6P1/3p3P/8/8/8 b - - 0 45	d4d3 g6h6 d3d2 g5g6 d2d1q	742	000g0p101e1h
AckHo	2r3k1/p5pp/2p5/3p1p2/3Pn3/4BB2/P3KP2/1R6 b - - 3 28	e4c3 e2d3 c3b1	742	0g0p0s1o
C7w6Y	r1b1kb1r/1pqp1pp1/p1N1p3/7p/2P1P1n1/2NBB3/PP3PPP/R2Q1RK1 b kq - 0 10	c7h2	742	0y13141b1c
CN5b5	r4rk1/pp1Q2p1/2p1pq1p/8/4R3/8/PPP2PPP/R4BK1 b - - 0 17	f6f2 g1h1 f2f1 a1f1 f8f1	742	060i10131619
ClDRw	3r1rk1/p6p/1p2pnp1/5qR1/2PP1P2/1Q2B2P/P4P2/6RK b - - 4 23	f5h3	742	0y1314191b
HmuGb	7Q/pp2kp2/4pNp1/4Pn2/1b2N1p1/1P6/r1q4P/6RK w - - 4 34	h8e8	742	1314191b
Izl1Q	r4rk1/ppp1R1pp/3p4/5p2/8/P1P3Q1/1Pq2PPP/3R2K1 w - - 0 21	g3g7	742	0p0y13141b
JaRE8	2r1k2r/5ppp/p3p3/np4P1/q2PQ2P/2R5/2PB1P2/2K2B1R b k - 8 23	a4a1	742	1314191b
K3eWX	r3nrk1/1b2bppp/p2q4/1p1pn1PP/3B1Q2/1NN2P2/PPP1B3/2KR3R b - - 2 19	e5d3 d1d3 d6f4	742	0g0j191o
LgAeA	r1b3k1/pp3p1p/3q2pQ/2p5/n2b4/PR1P3P/B1P1RPP1/6K1 w - - 4 23	e2e8 d6f8 e8f8	742	0x0y1315191o
MAoYB	5r1k/4R1p1/p1qp3p/8/8/1Qp1n1PP/4PN2/1R4K1 b - - 0 34	c6g2	742	111314191b
NQBMO	7r/1pr1p1n1/p1k5/2p2b1p/2P1NPpP/1P4P1/P1KRB3/3R4 w - - 1 25	d2d6 e7d6 d1d6	742	0q1315191n1o
ODVDu	Q7/5ppk/p6p/8/1q6/4P3/3R1PPP/6K1 b - - 0 31	b4b1 d2d1 b1d1	742	060p13151o
PwZhk	rn3rk1/p4p2/1pp1n1pP/6p1/4P3/2B1KP2/PPR5/6NR w - - 0 27	h6h7	742	001314191b
Q7XEy	2kr1bnr/npp2Np1/p3p3/P2q1b2/1P1P4/N1P3Pp/4BP1P/R1BQ1RK1 b - - 0 16	d5g2	742	1314191b
RkeyX	1r3k1r/ppq1npp1/3Q2p1/6B1/6P1/7P/P1P2PB1/4RRK1 b - - 0 20	c7d6 g5e7 d6e7 e1e7 f8e7	742	010t1019
S8mcy	rnb2rk1/ppbp1ppp/2p2n2/4qNB1/2B1P3/2NQ4/PPP2PPP/R4RK1 b - - 10 10	e5h2	742	0y1314191b
Se1Iu	rn5k/pp4pp/2p2q2/2r5/4Qb2/2P3PP/P4PB1/R4RK1 w - - 0 19	e4e8 f6f8 e8f8	742	0y1315191o
T16sm	5rk1/1p4pp/p2p1q2/2pP4/4R3/1Q6/PP3PPP/R5K1 b - - 0 23	f6f2 g1h1 f2f1 a1f1 f8f1	742	060p1013161n
Tgw1I	r7/P3k3/6p1/R2RKp2/2r2P1P/8/8/8 b - - 0 47	c4e4	742	0p0q13141b1m
UGCHB	2r3k1/1q3p1p/b1r3p1/p2pR3/3Q4/1P4P1/PP3P1P/4R1K1 w - - 0 28	e5e8 c8e8 e1e8	742	0y1315191o
UfMUC	2k3r1/pp3p2/2pQp1r1/1P1p3p/P2P4/2P2n1B/4P3/R6K b - - 0 27	g6g1 a1g1 g8g1	742	030p0y13151o
VD4BS	6k1/1p4r1/1Pp1q2n/p1P1P3/P3Q3/7P/8/4R1RK b - - 3 47	e6h3	742	0p1113141b
X4APy	5r1k/2p3p1/1ppp4/6qp/8/P1PQ1p1P/1P3N1K/3R4 b - - 1 33	g5g2	742	0p13141b
XzowY	r3nk2/1bq1pp1p/p1np2p1/1p5P/4P1P1/P1Q2P2/1PP1B3/R3K2R w KQ - 0 19	c3h8	742	1314191b
aQW4L	6r1/ppp5/1b2Pp2/8/6P1/1P3k1P/P4P2/2B1R1K1 b - - 0 27	b6f2 g1f1 f2e1	742	010p0s111o
cyDHd	2r1r1k1/1p4bp/6p1/pN1R4/5p1B/R7/1P3PPP/5K2 b - - 0 25	c8c1 d5d1 c1d1	742	1315191o
d46tI	8/1p3pk1/p1p3P1/8/5QP1/1PP5/1r2rPK1/8 b - - 0 33	e2f2 f4f2 b2f2	742	0g0p0s1j1o
ebbuk	3r2k1/1p4P1/1p2b3/4n3/4p3/P7/1PP3P1/4KB1R w K - 1 25	h1h8 g8g7 h8d8	742	0g0p1o1p
g40BI	8/2R1K3/5pk1/4p3/5nP1/8/8/8 b - - 9 92	f4d5 e7d6 d5c7	742	0g0p0s11121o
geplE	r4q1k/6pp/p6n/1p4N1/2r1Q2P/P1P5/1PKR4/8 w - - 1 35	e4h7	742	1314191b
hMPxG	3R4/pk6/2p2q2/1pn5/8/1P4Q1/P4PPP/6K1 b - - 0 35	f6a1 d8d1 a1d1	742	060p13151o
k3yat	1N6/8/5k2/p1r1ppp1/8/3K1P2/B7/8 w - - 0 40	b8d7 f6g7 d7c5	742	010p0s111o
kPrFE	r4rk1/p4p1p/n1p5/1p3p2/1P5P/P2K4/1B1P1P2/1R6 w - - 0 26	b1g1	742	0p13141b1f
kwowq	5rk1/Q2R1p2/4P1pK/p3P1P1/5q2/7P/8/8 b - - 1 55	f4h4	742	0p111213141b
mW2Yq	6k1/1p5p/5Q2/4q3/2p5/8/P2r3P/2R2RK1 b - - 0 33	e5h2	742	0p13141b
pVnii	8/5pp1/8/4P2p/p1q1k2P/P4RBK/6P1/8 w - - 14 65	f3f4 e4d5 f4c4	742	0g0p1o1p
pkcTC	6rk/p1p4p/1p1p4/3Pp1r1/2P1Qp2/1P1B1P1P/P1R5/5K2 b - - 0 32	g5g1 f1f2 g8g2	742	090p13151o
tILU7	r1q5/3b1kb1/1p1p1n1p/rN1Pp2P/PQP1P1p1/5pP1/2BK1P2/R6R w - - 0 27	b5d6 f7g8 d6c8	742	010s11191o
ucbX4	r1b2rk1/ppp2ppp/8/2b1pq2/4B3/2BP3P/PPP2PP1/R2QK2R b KQ - 2 14	f5f2	742	041314191b
vh6C7	1n6/5k2/p5pp/1pp2p2/8/1PPr1NPP/P4P2/4R1K1 w - - 4 36	f3e5 f7f6 e5d3	742	0g0p0s1o
wHAyX	1qb3k1/6pp/4p2r/1Np5/P1Q5/4PB2/5PP1/R4RK1 b - - 0 24	b8h2	742	1314191b
yZOvz	rnb1k2r/pp2Bppp/8/2qp4/4n3/2PB1N1P/PP3PP1/RN1QK2R b KQkq - 0 10	c5f2	742	0413141b1c
yzYDH	r6r/pppkb1p1/2nqppB1/8/2PP4/1P2B3/P4PPP/R2Q1RK1 b - - 0 15	d6h2	742	0y1314191b
zYY1L	6k1/p4ppp/8/8/4n3/2q2QPb/P1PBKP1P/R6R b - - 0 19	c3d2	742	1314191b
1ygWe	3rq1k1/p7/1p5b/2pNpp2/2P3p1/PQ2PbP1/1P1R4/2K1B3 w - - 8 35	d5f6 g8f7 f6e8	743	0g0s11191o
40CKQ	2r5/2P1k2p/8/3nB3/p1R5/8/6PP/5K2 b - - 3 39	d5e3 f1e2 e3c4	743	0g0p0s11121o
4cJQ5	1Q6/5k2/8/8/8/1K6/8/r7 b - - 0 62	a1b1 b3c4 b1b8	743	0g0p111j1o1p
4jWzu	2kr2qr/pbpp4/1pn4p/3N2p1/5Q2/5P2/PPP4P/2KR1B1R w - - 0 19	f4c7	743	1314191b1k
4kNt9	R7/3b1p1p/1k4p1/3P4/p7/5P1P/Br4PK/8 w - - 0 39	a8b8 b6c5 b8b2	743	0g0p11121o1p
5f4jp	8/p5kp/5p2/1P1n2p1/P1B3K1/7P/6P1/8 b - - 4 36	d5e3 g4f3 e3c4	743	010p0s1o
64dmT	5R2/p5r1/4q2k/2p3p1/6p1/4p3/PPQ3P1/2K5 w - - 4 35	f8h8 g7h7 c2h7	743	0p13151o
6E3TP	4r3/pp5p/2p4r/4k3/6BP/6P1/PP4K1/R7 w - - 0 32	a1e1 e5d4 e1e8	743	0g0p1o1p
6YKva	5q1k/1b3rb1/4p1RB/pp2Pr2/2pPp3/P1P1P2Q/1P4PP/R5K1 b - - 0 27	f5f1 a1f1 f7f1	743	0y1315191o
79v1p	r3k1r1/ppp4p/3b4/5Q2/1PPP1Pp1/1P2Pb2/1B3P1P/R3KR2 b Qq - 0 20	d6b4 b2c3 b4c3	743	0a1315191o
7xXbt	1Q6/6kp/p1q3p1/1pp1Np2/8/1PP3PP/P2r4/5RK1 b - - 7 35	c6g2	743	0p13141b
9HLPm	r4k1r/pp1n1pp1/2pN4/3p4/3P2Nq/4P3/PP2BPP1/R1BQ1RK1 b - - 0 14	h4h1	743	1314191b
9r078	4r1k1/p2qp3/1p1pN3/5p2/8/1PQ1Pb2/P4P2/R3K3 w Q - 0 26	c3g7	743	0p13141b
AupO3	7k/p5Rp/4p1pP/P2p4/2pP4/4P1rn/5r2/1R5K w - - 1 37	b1b8 f2f8 b8f8	743	0p13151o
BxugU	r2qr1k1/2p2ppp/p2b3P/1p2n3/8/2N5/PP1BNQP1/2KR3R b - - 0 21	e5d3 c1b1 d3f2	743	0g0s191o
CKiHI	2b2rk1/5Bq1/5R1p/p7/1p3Q2/6P1/P5PK/8 b - - 5 48	f8f7 f6f7 g7f7	743	0g0p1o
COgQK	5k2/4R1p1/5p1p/5P2/Pr4P1/8/7r/K3R3 w - - 0 40	e7e8 f8f7 e1e7	743	090p13151m1o
CkdgG	r1r5/2knp2p/1p3pp1/1Pp5/P1B4P/4PK2/5PP1/R2R4 b - - 0 26	d7e5 f3e4 e5c4	743	010p0s1o
CwKkN	7k/2p3pp/5pq1/2B1p3/6Q1/3r3P/5RPK/r7 w - - 0 33	g4c8 d3d8 c8d8 g6e8 d8e8	743	060p101316
EVXPc	r4rk1/pp3ppp/2p1p3/2P1N2q/1PR3n1/P2P2P1/4PPBP/3Q1RK1 b - - 0 20	h5h2	743	0y1314191b
Efd4q	r4rk1/pp3pp1/2p5/1PP5/P2bQ3/6Pq/R6P/2B2R1K b - - 0 26	h3f1	743	0t0y111314191b
FF6Hw	8/8/p1n5/2p1k2p/P1Pp2pP/3P1pP1/1K3P2/N7 b - - 5 41	c6b4 a1b3 b4d3	743	0g0p0z1o
FwpU7	5bkr/p2Q2pp/3N4/1p2p3/P7/8/1P1q1PPP/R5K1 w - - 0 24	d7f7	743	0p13141b
GHzgG	2rkr3/pR4K1/4P3/8/8/8/P7/8 w - - 7 39	b7d7	743	0p0q13141b1m
Gccr4	7r/k3n1pp/1R6/BP2pp2/P2p1n2/8/5PPP/2R3K1 b - - 2 28	f4e2 g1f1 e2c1	743	010p0s1o
JWsFn	8/8/7p/1p2kp2/1P5b/7P/3NK3/8 w - - 3 50	d2f3 e5d5 f3h4	743	0g0p0s1o
N32u2	rqb3k1/pp2n1pp/8/1N1R4/1bB1P3/5r2/PP3PPP/R5K1 w - - 0 17	d5d8	743	0k0m1314191b1f
OhXWY	8/1pb4k/p6p/P2P1p1q/1P3r2/4Q3/1B6/6K1 w - - 0 41	e3e7 h5f7 e7f7	743	0p0s13151o
OpDLT	r4rk1/2pN1ppp/1pn4q/p7/3PPnP1/2P2N1P/bPQ5/2KR1B1R b - - 2 18	f4d3	743	0k0m1314191b
PlhbG	r3r1k1/pp2b1pp/n1p1R3/6P1/P3pP2/1PN4P/2P1N3/4R1K1 b - - 2 22	e7c5 g1g2 e8e6	743	0g0j191o
QHrOs	6rk/6p1/6p1/R2R4/8/1p3P2/6PK/1r6 w - - 0 42	d5h5 g6h5 a5h5	743	0p13151m1n1o
QP0Z4	1q4kr/p3p2p/bpBp2pB/3p4/P1PbP2P/8/1P3PP1/R3K2R w KQ - 0 20	c6d5 e7e6 d5e6	743	0a0y1315191o
RaAjz	2kr4/1p3ppp/p5b1/2pN4/2PP4/PPK2P2/6rP/6RR b - - 3 24	g2c2	743	0p13141b1d
RiF0g	1RR5/4kppp/1P2p3/3pP3/5P2/1r6/r5PP/4K3 b - - 4 34	b3b1 c8c1 b1c1	743	0p13151m1o
SUo9T	8/7p/5kp1/8/5n2/4K3/6PP/4B3 b - - 2 53	f4g2 e3d2 g2e1	743	0g0p0s1o
TyfLe	8/1p1r1r1p/p6k/7P/4pP1Q/4K3/PP6/8 w - - 0 40	h4g5	743	0p13141b1j
WFont	4rbk1/3N1p1p/2rp2p1/p7/4P3/P2R3P/5PP1/3R2K1 w - - 0 28	d7f6 g8h8 f6e8	743	0g0p0s1o
WKjKL	4rrk1/p4ppp/8/1P2q3/3pR1n1/1P1Pn3/2PQ2PP/R2NN1K1 b - - 2 26	e5h2	743	0y1314191b
WYJuu	r1bqkb1r/pp1ppppp/1n6/n1p1P3/2B5/1QP2N2/PP1P1PPP/RNB1K2R w KQkq - 5 7	c4f7	743	0413141b1c
Xo3q4	8/4kp1p/8/1p6/1r1B4/7P/5PP1/5K2 w - - 0 40	d4c5 e7e6 c5b4	743	010p0s1o
YPoga	6k1/R4ppp/8/2n1p3/4p3/2Pn3N/2K2PPP/1r6 w - - 0 29	a7a8 b1b8 a8b8	743	060p13151o
YjJ6f	2r3k1/4bpp1/4b2p/8/2P1Q3/2p2P2/P1Br1qPP/R3R2K w - - 3 34	e4h7 g8f8 h7h8	743	0y1315191o
ZJ2ws	rnbq1rk1/ppp3p1/5bpB/3R4/2B1p3/2P4P/PPP2PP1/2K4R w - - 0 14	d5d8 g8h7 d8f8	743	010j0k0y191o
bAERm	6k1/3n2bp/2N3p1/NP1q1p2/r3p3/8/4QPPP/5RK1 w - - 0 29	c6e7 g8f7 e7d5	743	0g0s191o
bboVQ	8/8/3KP1k1/3N3p/1P1P4/6pP/4r3/8 w - - 0 54	d5f4 g6f5 f4e2	743	0g0p0s1o
bpNME	8/8/8/r7/4k3/8/4K2R/8 w - - 5 71	h2h4 e4d5 h4h5 d5c6 h5a5	743	0g0p101m1p
c9MqU	5k2/p1p4P/1b1p1r2/1P1P4/2P3R1/3B1P2/6P1/7K b - - 0 45	f6h6 g4h4 h6h4	743	0p13151f1o
cTFjE	r1b2rk1/p2n1pp1/1p5p/2ppPQ2/3P2Pq/3B4/PPP1N3/R4RK1 w - - 2 19	f5h7	743	1314191b
cizS4	r2q3k/1pp3pp/pP6/8/1P2n3/PQ2PP2/5P1P/R3K2R b KQ - 0 18	d8d2 e1f1 d2f2	743	0p13151o
daMk8	8/1r2k3/8/5K2/8/4p3/7R/8 w - - 0 68	h2h7 e7d6 h7b7	743	0g0p1m1o1p
dsQhr	4kb1r/5ppp/q7/P2np1B1/3p3P/7R/1P3PP1/Q5K1 w k - 2 23	a1a4 a6b5 a4b5	743	1315191o
eAqJu	3r2k1/1b3ppp/1Qq1p3/8/1P2PP2/6P1/6BP/7K w - - 2 37	b6d8 c6e8 d8e8	743	0p0t13151o
eetZE	rn3rk1/pp3ppp/b2p4/8/5PP1/5N2/PPQ1PqP1/R2K1B1R w - - 2 15	c2h7	743	0y1314191b
eqLBE	r2qr1k1/pp1n4/2p1p1pB/4Q3/8/2NB3P/PPP3P1/7K w - - 0 23	e5g7	743	1314191b
fX0aC	r1b2rk1/6pp/p1p5/2qp1p2/3QR3/5P2/PP1N2PP/RN4K1 b - - 0 16	c5c1 e4e1 c1e1	743	010y191o
gAguE	r2q2nk/3b2b1/p2p2pp/2pPp1N1/2P1P3/P5PP/3B2B1/R2Q1K2 w - - 0 24	g5f7 h8h7 f7d8	743	0g0s191o
iaTAR	2k1r3/2p2p1p/p4p2/QR1P4/3r4/8/2P2PPP/6K1 b - - 0 25	d4d1 a5e1 d1e1	743	060p13151j1o
it7Pk	r1bq3r/pppnk1pp/2nbpp2/3pN2Q/3P1B2/4P2P/PPPN1PP1/R3KB1R w KQ - 2 9	h5f7	743	13141b1c
iuZK7	r3kb1r/ppp4N/5p2/n2qp2p/8/8/PPPP1PPP/R1B2RK1 w kq - 0 13	h7f6 e8f7 f6d5	743	010s191o
lcx2f	6k1/1r6/7p/4RP2/1p5P/4K1P1/8/8 b - - 0 45	b4b3 e3f3 b3b2	743	000g0p1m1o
ll6Vp	r3k2r/ppp2ppp/6q1/b1Q1P1B1/3n2b1/2P5/P4PPP/RN2R1K1 w kq - 0 16	c5e7	743	1314191b
nYkkZ	r4k1r/p1p2ppp/Q1B5/2p1p1q1/4Pn2/2PP1P2/PP3P1P/RN3R1K b - - 2 15	g5g2	743	1314191b
npbSK	8/8/3n4/2N2kpp/p7/4KP1P/1P6/8 b - - 1 41	d6c4 e3d4 c4b2	743	0g0p0z1o
otO7Y	r5k1/ppBn1ppp/6q1/3P4/2P5/5Q2/P3RPPP/6K1 b - - 0 22	g6b1 e2e1 b1e1	743	0p13151o
pMuR7	r2q1rk1/pp3ppp/8/3n4/3P4/3QPb2/P5PP/1BR2RK1 w - - 0 19	d3h7	743	0y1314191b
pUyPP	rn1q1k1r/p4ppp/1p1b4/1B1QNb2/3P1n2/4P3/PP3PPP/R3K2R w KQ - 0 13	d5f7	743	1314191b
qEG52	8/8/8/8/3K1kpp/8/7P/3B4 b - - 1 45	g4g3 h2g3 h4g3	743	080g0p1o
qIlwq	r2qkb1r/1p2np2/p1npb1p1/3Np1p1/4P3/1N1B4/PPP2PPP/R2Q1RK1 w kq - 0 12	d5f6	743	1314191b
qkR5t	5k2/6p1/7p/5B2/5P1P/2R3P1/1r6/2r1B1K1 b - - 0 51	c1e1	743	0p0t13141b
s6oiS	r2q1rk1/pb1n4/1p2pp2/3p2bR/3P1B2/2P5/PPQN1PP1/2K5 w - - 0 19	c2h7	743	1314191b
tHNM3	8/6pp/1R6/5Pk1/8/2n1K3/P7/8 b - - 0 46	c3d5 e3d4 d5b6	743	0g0p0s1o
ul9ap	r2q1kr1/1b3p2/1p2p3/p1ppP1NQ/5n2/3P3B/PPP5/R3R1K1 w - - 0 30	h5f7	743	111314191b
vnZ2E	8/6pk/6r1/4B2p/1R3K2/8/1P6/8 b - - 0 49	g6g4 f4e3 g4b4	743	0g0p1o1p
xDZta	5r1k/2p4p/p7/6P1/1Q1nP2P/2NP4/PPr5/1K3R2 b - - 0 28	f8f1 c3d1 f1d1	743	0p13151o
y9Iiq	3r2k1/2Q2ppp/8/8/3q4/8/P2r2PP/RR5K b - - 0 31	d2d1 b1d1 d4d1 a1d1 d8d1	743	060p1013161n
ySRFZ	2Q4R/4k3/p2p4/4pP2/1p1pP3/3P4/PPq5/K2R4 b - - 0 32	c2d1 c8c1 d1c1	743	0p0t13151o
0V7tX	3qr1k1/p1p2ppp/8/1pbBB3/1n3P2/3P2P1/P1P1N2P/R2Q1R1K b - - 0 18	d8d5 f1f3 d5f3	744	0y1315191o
1P2KY	2kr1br1/1ppq1p1p/4b2p/1P1pP3/1n1P4/2N2N1P/5PPK/R2Q1R2 w - - 0 16	a1a8	744	061314191b
3BnsL	kn1r3r/pp6/2p2nqp/1N1p4/1P4p1/PB6/6PP/2R1R2K w - - 0 30	b5c7	744	1314191b1q
5Fhvm	2r2k2/pppR3R/8/8/8/1P4K1/r7/8 w - - 0 35	h7h8	744	0p13141b1m
7cVda	1r4k1/2p2p2/p1qp1pbQ/3N4/8/8/PPP2PPP/2KR4 b - - 1 21	c6c2	744	0p1113141b1k
7grVT	8/5p2/1p2b3/p1k3r1/3R1R2/P2B2P1/1PP1P2r/1K6 b - - 0 32	h2h1 f4f1 h1f1	744	0p1113151f1o
8r0FC	8/4K2b/2kP4/7p/7P/8/1p6/1N6 w - - 8 58	d6d7 h7b1 d7d8q	744	000g0p111h1o
9IVVt	3k2nr/2p2ppp/2B5/R3P3/2P5/6P1/2brnP1P/5R1K w - - 1 21	a5a8 d8e7 a8e8	744	1315191d1o
9Ricp	6k1/p3pp1p/2n3p1/1q6/2r5/2QR4/5PPP/3R2K1 w - - 2 28	d3d8 c6d8 d1d8 b5e8 d8e8	744	0p1013161n
9Z9BY	8/R3p1bk/3p3p/8/3PP1QN/4q1NP/6PK/1r6 b - - 0 38	e3g1	744	111314191b
CIdj9	5k2/5ppp/8/3pq3/3Nr1nr/P1P3QP/1P3PP1/R3R1K1 b - - 10 27	e4e1 a1e1 e5e1	744	0y1315191o
CVFLG	3r4/4Qp1k/1R4pp/8/3P4/3bPB2/r4RPP/6K1 b - - 0 34	a2a1 b6b1 a1b1 f3d1 b1d1 f2f1 d1f1	744	1317191d1w
EUKYl	2r2k2/3R4/6p1/4P3/8/4P3/5PK1/q1r4Q w - - 2 38	h1h8	744	0p13141b
FTvAG	8/8/8/5p1p/7P/3k2P1/R5K1/4r3 b - - 0 57	e1e2 a2e2 d3e2	744	0g0p111m1o
FV5IH	6k1/5np1/1R1pr1Np/4p3/2r5/6PP/5P2/3R2K1 w - - 1 33	b6b8 f7d8 b8d8	744	010p1o
HgLgD	r6r/2pb3k/p2p3p/1p1Q4/4PN1q/P7/1PPB1bPP/R6K w - - 4 23	d5f7	744	0q1314191b
I74FO	r1bq1rkn/pp3pp1/1bn1p2p/3pP1NP/3P4/2PB4/P4PP1/RNBQK2R w KQ - 0 12	d3h7	744	13141b1c
IBE9i	5rk1/p1p2ppp/2q5/7n/5P2/2Q5/PBPr2PP/2R2R1K b - - 7 20	c6g2	744	0y11121314191b
IOJ8q	4r3/p4kp1/1p1b3p/2pPn3/7P/6PB/PP1B1P2/R5K1 b - - 1 31	e5f3 g1g2 f3d2	744	0g0p0s111o
LqdtK	5rk1/pr4p1/2p5/2q1pp2/B1P5/PPnPB1Q1/5PPP/R4RK1 b - - 2 23	c3e2 g1h1 e2g3	744	010s191o
Lsu7A	3r2k1/b4pp1/5q2/6p1/1PQ5/2P4P/4BPK1/7R b - - 0 39	f6f2	744	0p1113141b1s
Lu3rx	r1b2rk1/p2p2pp/2pQpp2/4P3/N7/7n/PPP3PP/R3R1NK b - - 0 18	h3f2	744	1314191b1q
LvGDi	8/1R6/3p4/3Pp3/4Pp1k/P6r/8/5K2 w - - 0 46	b7h7 h4g3 h7h3	744	0g0p1m1o
PPywi	1n4k1/r5pp/p1p1q3/2P5/1P6/5RP1/2P2PP1/3R2K1 w - - 0 28	d1d8 e6e8 d8e8	744	0p0s13151o
Ppt4R	r3r1k1/p3ppbp/2p3p1/q2p2PP/1P1P1B2/3RP1Q1/1PP2P2/2K4R b - - 0 19	a5a1 c1d2 a1h1	744	0g191o1p
QFVWr	2kr1b1r/p4ppp/1p6/2pn4/8/2P1B1P1/PP1N1PKP/R3R3 b - - 5 16	d5e3 e1e3 d8d2	744	010j191o
Qwlha	r4rk1/1bp2ppp/1p1p1n2/p3p3/2PP4/2QBqP2/PP4PP/R4K1R w - - 0 18	d3h7 f6h7 c3e3	744	010j191o
RD6Yy	3r4/5pk1/6p1/p5P1/8/1P1p4/P3QPP1/3R2K1 b - - 0 40	d3e2 d1d8 e2e1q	744	000g0p111h1o
Sf1wA	8/8/4Rk2/8/1P6/8/P5rp/K6R b - - 0 53	f6e6 h1h2 g2h2	744	0g0p0t1m1o
TfN0P	2br1rk1/ppq2pp1/1np1p2p/3pn3/3P1P2/2PQ1NPP/PPB2P2/R3R1K1 w - - 0 17	d3h7	744	1314191b
U92DC	8/8/4k3/8/P2K3R/r7/8/8 b - - 6 50	a3a4 d4c3 a4h4	744	0g0p111m1o1p
V334I	4N3/pp3p1k/6pp/7q/4P3/5P2/P4P1P/3R3K w - - 0 32	e8f6 h7g7 f6h5	744	0g0p0s1o
WPgcI	r1bk1bnr/ppqp1Qpp/8/2p1P3/2B5/8/PP1P1PPP/R1B2RK1 w - - 1 13	f7f8	744	0t13141b1c
WtAnY	2b1r1k1/p4np1/2p4p/8/2Pq2P1/1P4BP/P1Q1R1K1/8 w - - 0 43	e2e8	744	0t1314191b
YFJ0j	5r1k/4R2p/8/2p5/2b5/2P5/P1P1p1PP/4R1K1 b - - 4 26	f8f1 e1f1 e2f1q	744	000p13151h1o
YSESK	2r2rk1/1b3ppp/pp2p3/2p3B1/P7/1PQ2NP1/5PBP/1Rn3K1 b - - 0 21	c1e2 g1f1 e2c3	744	010s191o
Yq9Fu	8/2p3pp/3k1p2/4p3/2p1P3/r1NbP2P/P5PK/2R5 w - - 0 39	c3b5 d6c5 b5a3	744	010p0s111o
apSPP	r4rk1/ppp1b1p1/5q1p/3Pp3/2BP2Q1/4R3/PP3PPP/R1B3K1 b - - 0 15	f6f2 g1h1 f2f1 c4f1 f8f1	744	06101316191n
d5HKY	1k1r1r2/1p3pp1/p2p1b1p/1q2nP2/3Q2P1/1BR1B3/PPP4P/5RK1 w - - 11 21	d4a7	744	111314191b
d5ezh	6k1/pp2R2p/3pNr2/2pP1q2/2P3bK/1P4P1/PQ5P/8 b - - 12 30	f5h5	744	0p1113141b
eyojR	2R5/p5pk/7p/3Q4/2PP4/4r1Pq/P4R1P/6K1 b - - 0 31	e3e1 f2f1 e1f1	744	0p0x13151o
fC5L4	8/3R4/4K1k1/5p2/1p2n1p1/6P1/5P2/8 b - - 0 48	e4c5 e6d5 c5d7	744	0g0p0s11121o
fpCTj	5rk1/pQ3ppp/8/3p4/3P4/2P5/PPq1RPPP/1R4K1 b - - 0 23	c2b1 e2e1 b1e1	744	0p0t13151o
hgrHM	8/5k2/8/7r/1R3K2/5P2/8/8 b - - 2 45	h5h4 f4f5 h4b4	744	0g0p111m1o1p
ibheg	2k2q1r/p1p1R1pp/1b6/3Q2B1/3p2n1/1P1P4/1PP2PPP/RN4K1 b - - 4 19	f8f2 g1h1 f2f1	744	0y1315191o
iipHb	r3k2r/pp3pp1/2p1p1p1/3PN3/2P2q2/8/PP3PPP/R2Q1RK1 b kq - 0 15	f4h2	744	0y1314191b
il9vL	8/pp6/8/4k3/4P2p/5K2/PP3N1r/8 w - - 1 38	f2g4 e5d6 g4h2	744	0g0p0s1o
kOz0U	8/Q5p1/2qBkp2/pp2p2p/n3P2P/5P2/2P3PK/8 w - - 6 37	a7e7	744	0p0q1113141b
ktXeN	4r1k1/p5p1/4p2p/R7/1PPB4/7P/6P1/2n3K1 b - - 0 35	c1e2 g1f2 e2d4	744	010p0s1o
l0HHC	r3k1r1/pp1b1p1p/4pB2/8/1P4n1/P1q1PN2/6PP/R2Q1BKR b q - 10 18	c3e3	744	0y1314191b
lU233	rnb1k2r/ppp2ppp/8/2b1p3/4P1n1/1PP5/P2PN1PP/RNBQKB1R b KQkq - 0 8	c5f2	744	13141b1c
p7tXn	3qrb1k/5p2/1np2P1p/2p5/2P3Q1/p2r2R1/6PP/B4RK1 w - - 0 34	g4g8	744	1314191b
qKalR	r1bq1r1k/ppp1p1bn/4B1pp/8/7N/2Nn4/PPP2PPP/R1B1R1K1 w - - 0 14	h4g6	744	0y13141b1c
t068A	rn2k2r/pp3pp1/2p1p3/3pP3/3P2Bq/6Q1/PPP2P2/RN3RK1 b kq - 0 15	h4h1	744	1314191b
tsOKv	8/p2r1k2/1pN4p/1Pp5/R2pn3/1P4P1/2P4P/6K1 w - - 8 38	c6e5 f7e6 e5d7	744	0g0p0s1o
vmvYh	2b1k2b/5p2/2pB4/1pPpP3/1P4pq/2N1P1P1/5P2/Q3K3 b - - 0 22	h4h1 e1d2 h1a1	744	0g0p1o1p
wgvAQ	r4rk1/1bq1ppBp/p5p1/1p1p1P2/4P1n1/PBNQ4/1PP3PP/R4RK1 b - - 0 18	c7h2	744	0y1314191b
wslSK	r2qkb1r/p2b4/1pnPpp1p/1B6/3p4/2N5/PPP2PPP/R2Q1RK1 w kq - 0 14	d1h5	744	13141b1c
x4QQW	rnbq1rk1/p4ppp/3b4/2pQ4/8/2P2N2/PP3PPP/RNB2RK1 b - - 0 11	d6h2 f3h2 d8d5	744	0g0j0y111c1o
xTrn6	6r1/1p2kp2/5p2/3pN3/p3b1PP/4P1Q1/4BP1K/r7 b - - 0 35	a1h1	744	0p13141b1d
yFVc8	8/1p6/1P1K4/8/1k6/8/8/8 b - - 2 57	b4b5 d6d5 b5b6	744	0g0p1e1o
0YuLu	8/8/1q2k3/3p1p1P/6Q1/6P1/r4PK1/8 w - - 0 48	g4g6 e6e7 g6b6	745	0g0p1o1p
14mf9	2r4k/3R2pp/8/P3Ppq1/4b3/1QP5/6P1/3R2K1 b - - 2 37	g5g2	745	0p13141b
4bZWI	6k1/2p3p1/2B4p/B1b5/2n5/3p3P/5PP1/6K1 w - - 1 37	c6d5 g8f8 d5c4	745	0g0p0s1o
5Igpk	r1bq1rk1/pp2b1pp/1np1p3/3n2NQ/3Pp3/2P5/PPB2PPP/R1B1R1K1 w - - 0 13	h5h7	745	0y13141b1c
5ocMU	3r2k1/q4ppp/4p3/p5Q1/P7/8/2r2PPP/RR4K1 w - - 6 27	g5d8	745	060p0t13141b
6HOtS	rnb3nk/pp2p1bp/1q1NB1p1/8/2p5/2N5/PPPP2PP/R1B4K w - - 0 18	d6f7	745	1314191b1q
88DIz	2Q5/5p1p/PR6/3p2p1/1P6/1k6/5rPP/K7 b - - 0 47	f2f1 c8c1 f1c1	745	0p1113151j1o
ALMBm	r1q2rk1/pp3ppp/2p5/3Nb3/8/6P1/PP2PPKP/2RQ1R2 w - - 0 16	d5e7 g8h8 e7c8	745	0g0s191o
BlpUB	4r1k1/pp2q2p/2p1r1p1/3pRn2/5P2/1P1Q4/P5PP/3NR1K1 w - - 0 24	e5e6 e7e6 e1e6	745	01191o
ChjVu	7k/ppR3r1/5p1p/4p2P/6q1/8/P4PPQ/3R2K1 b - - 0 31	g4d1	745	0p13141b
DBog7	2kr2qr/2ppn1p1/1p2p2p/p3P3/4Q1P1/P4n2/1PPB1P1P/1K1R3R w - - 0 25	e4a8	745	1314191b
G14LK	r1bqr1k1/p6p/2p3pB/b2p1p2/P2Q4/6P1/1PP3PP/R4RK1 w - - 3 19	d4g7	745	1314191b
G7ReZ	6k1/p4ppp/1p6/3P1P2/4P1R1/P4n2/2r4B/6RK b - - 0 28	c2h2	745	030p13141b
HL9h6	6k1/r1r2p2/pp2p1p1/4B1Pn/2P5/1P6/P4P2/1K1R4 w - - 0 28	d1d8 g8h7 d8h8	745	0p13151d1o
InT5q	6Q1/1ppn4/p7/7K/2P1k3/1P6/P7/8 b - - 0 42	d7f6 h5g6 f6g8	745	0g0p0s1o
K8bar	1r1k4/8/P2b4/6p1/2bPp3/8/1P1P4/R1BBK3 b Q - 0 28	d6g3	745	0a0p13141b
LLPDr	r2q1rk1/pbp1bpp1/1p2p2p/8/2PnN3/1P3P2/P1Q2P1P/RBB2RK1 w - - 1 18	e4f6 g7f6 c2h7	745	0d0y13151c1n1o
LQhk2	8/4k3/5n2/3P2K1/p7/2B5/6P1/8 b - - 2 42	f6e4 g5f4 e4c3	745	0g0p0s1o
O1Nz9	5r1k/6pp/1p6/p7/8/PP3R2/6PP/4qQ1K b - - 1 31	e1f1 f3f1 f8f1	745	060p13151o1y
PR9By	3k4/1b1n2pp/1p1qpp2/pP1pN3/3P1P2/2Q1P1P1/P4KBP/8 w - - 0 26	e5f7 d8e7 f7d6	745	0g0p0s111o
PfMVJ	8/5k2/3R4/1p3Pp1/1Nb5/4n1K1/8/8 b - - 0 49	e3f5 g3g4 f5d6	745	0g0p0s1o
PhgHb	1k1rr3/pp5p/3q4/1P6/7Q/P4B2/5PPP/R5K1 b - - 0 26	d6d1 a1d1 d8d1 f3d1 e8e1	745	060p1013161n
PxCMJ	3r1r1k/5pp1/5N1p/p7/2P5/1P1N1R2/1R4PP/q1Q4K b - - 3 41	a1c1 d3c1 d8d1 f3f1 d1f1	745	060s10131619
Q1lGX	r5k1/pp3ppp/2pb4/3p4/6NQ/7P/PPP1RPP1/2qN2K1 b - - 4 21	c1d1 e2e1 d1e1	745	0s0t1315191o
QBpC5	R2n2k1/4rppp/2p5/1pP2b2/1P1Bn3/5B2/6PP/6K1 w - - 0 34	a8d8 e7e8 d8e8	745	0t1315191o
R37Tn	8/1kp2p1p/p3qp2/8/P2p4/1PpNb1P1/K1P4P/5Q2 w - - 5 34	d3c5 b7a7 c5e6	745	0g0p0s111o
SCGYa	3k4/1p4p1/1b1P4/1p4rb/5N1p/PBP1p3/1P6/2K1R3 w - - 4 37	f4e6 d8d7 e6g5	745	010p0s111o
SNT9N	7R/8/8/1kp4P/3n2K1/6P1/Pr6/8 w - - 0 55	h8b8 b5c4 b8b2	745	0g0p1o1p
TBuWL	5N2/2p4P/8/8/6R1/3pk3/7r/3K4 b - - 3 43	h2h1 g4g1 h1g1	745	0p13151o
TcB96	6k1/5p2/6p1/2r4p/4P3/P1b2R2/6PP/2R3K1 b - - 1 28	c3d4 g1f1 c5c1	745	010j0p1o
Tq0Xe	1b4k1/r4rBp/4R1pP/p2qP3/4p3/4P3/1P3PP1/4K2R w K - 0 29	e6e8 f7f8 e8f8	745	0s1315191d1o
Vo8qv	8/p2N4/1p6/8/1PP3r1/P4k2/1K6/8 w - - 0 40	d7e5 f3f4 e5g4	745	0g0p0s1o
XCBQ7	2k5/ppr2p2/8/3Np3/4P1P1/P6P/2p3K1/5R2 b - - 3 29	c2c1q f1c1 c7c1	745	000g0p111h1o
YONEG	r5kr/5p2/p4Qp1/4p3/7R/8/Pq3PPP/4R1K1 w - - 2 28	h4h8	745	0p0x13141b
YaHBS	2qr2k1/p4ppp/1p2p3/2n1P3/1BbR1P1P/1P4P1/P6K/3Q4 w - - 0 27	d4d8 c8d8 d1d8	745	060s1315191o
a4iaH	rnbqk1nr/pppp1ppp/8/2b1p3/6P1/5P2/PPPPP2P/RNBQKBNR b KQkq - 0 3	d8h4	745	13141b1c
cqBzl	8/6pp/8/p4PP1/1k6/5K2/8/8 w - - 0 42	f5f6 g7f6 g5f6 b4c5 f6f7	745	000g0p101e
dQ0i0	r4r2/1p1b1k2/pq1pp1pQ/8/3bP3/1BN2P2/PPP5/2KR3R b - - 3 19	d4e3 h6e3 b6e3	745	0g0s191o
gVrw5	r4rk1/p2n1ppp/2p2n2/1p1q1N2/2p5/4P3/PPQP1PPP/R1B1K2R w KQ - 0 15	f5e7 g8h8 e7d5	745	0g0s191o
gwpVP	r1bq3r/1p1pn1k1/p1n1B1p1/8/4PQ2/2b5/PP3PPP/R1BR2K1 w - - 0 16	f4f7	745	13141b1c
hevhN	6k1/p2b2p1/3p2pp/2p1p3/4P3/2PB1PKP/r5P1/7R w - - 0 23	d3c4 g8f8 c4a2	745	0g0p0s1o
jFIjQ	8/8/1p2k1p1/p5p1/P1P1prP1/1PK1RP2/8/8 w - - 0 45	e3e4 f4e4 f3e4	745	0g0p1m1o
jHuj2	2R5/6pp/pk2p3/4P3/3K4/6P1/1r5P/8 w - - 0 34	c8b8 b6c6 b8b2	745	0g0p111m1o1p
jTD6z	2qb2k1/6pp/p2Q4/1p4r1/8/2P2r2/PP3PPP/R3R1K1 w - - 0 26	e1e8 f3f8 d6f8	745	1315191o
kY6Ac	2rr2k1/4qppp/p1p3n1/1p5Q/2PP3R/bP6/P4PPP/B2R2K1 w - - 2 26	h5h7 g8f8 h7h8 g6h8 h4h8	745	06101316191n
krrxm	2kr3r/pbppqppp/1p6/4P3/1n3P2/2Q2N2/PPPRB1PP/2KR4 b - - 6 13	b4a2 c1b1 a2c3	745	010s191o
lVAtd	8/p2r1p1k/1p2p1p1/2b5/4Q1Pn/8/7P/2BR3K b - - 0 37	d7d1 e4e1 d1e1	745	0p0s13151o
leFXK	rn3k2/ppr4p/8/1p1p1p2/3N4/8/PB3PPP/R5K1 w - - 0 24	d4e6 f8e7 e6c7	745	0g0p0s1o
mCn02	4r3/p5k1/2p2p2/1p4pp/3Pp3/P1P5/1P1N1KPP/3B4 b - - 1 35	e4e3 f2e1 e3d2	745	000g0k0m0p0s1o
miaIW	2r3k1/6pp/p4p2/3N4/4P3/4bPB1/6PP/7K w - - 4 27	d5e7 g8f7 e7c8	745	010p0s1o
nr66I	2rr2k1/4ppb1/p5pn/N3Pb2/1P3P2/1QP2P2/B2B1q2/2K1RR2 b - - 5 31	f2d2	745	1314191b1k
o0wXT	2k5/1br2p2/4p1r1/pB1pP3/1p1P3Q/q7/6PP/2NR2K1 w - - 5 39	h4h8 g6g8 h8g8	745	1315191o
oMc5v	r3k2r/1p2n1p1/p3Q2p/3p3P/6P1/1n6/PPP2P2/RKR5 b kq - 0 24	b3d2	745	1314191b1q
oj6cW	6k1/6p1/p2Q4/8/1P6/P2K2PP/8/2r5 b - - 4 43	c1d1 d3c4 d1d6	745	0g0p1j1o1p
p7zRG	7k/4Rprp/p7/1p1qpP2/8/6R1/PP4PP/7K w - - 0 32	e7e8 g7g8 g3g8	745	0p1113151j1o
pN5Ih	8/8/3p1k1r/1P1PpP2/P7/7n/4QPKP/8 b - - 0 37	h3f4 g2f1 f4e2	745	0g0p0s1o
qMkwW	1r6/5ppp/R7/1P1p2k1/2rP2P1/4PK2/2p2P2/7R w - - 2 33	h1h5	745	0p13141b1m
s7i8u	r1b2rk1/ppp2ppp/3p4/8/2PQP2P/2NB1P2/PP5n/R3K2R b KQ - 0 13	h2f3 e1f2 f3d4	745	010s191o
tOGMQ	6k1/p3bppp/b3p3/1p1pP3/1P1q1P2/P5P1/3r1rP1/RQ2N1KR w - - 0 25	b1h7 g8f8 h7h8	745	0y1315191o
uo7mJ	5rk1/5ppp/p2Rpn2/8/Np6/5N2/PP1K1P1P/8 b - - 0 24	f6e4 d2e3 e4d6	745	0g0p0s1o
w3056	r1b1k1nr/pppp1ppp/2B2q2/2b1p3/4P3/1P6/PBPP1PPP/RN1QK1NR b KQkq - 0 5	f6f2	745	0413141b1c
x3tol	2bqk3/4n2Q/p6p/1pNpP3/1P4p1/P7/6PP/6K1 w - - 2 35	h7h8 e7g8 h8g8	745	0g0p1o
xfLUw	rn2kb1r/pRp2pp1/4p1p1/3pq3/3N4/2P5/P1PP1PPP/2BQ1RK1 b kq - 0 11	e5h2	745	0y1314191b
0tUGB	r1bq1rk1/ppp1Bppp/4p3/8/5n2/2NR3P/PPP2PP1/2K3NR w - - 0 13	d3d8 f8d8 e7d8	746	01191o
2EwLm	1rb1k2r/p1qp2Qp/4p3/5p2/5nn1/2P2N1P/PP1N1bP1/R1BK1B1R b k - 3 16	g4e3	746	13141b1c
3mvSN	4k1nr/3p1p2/1p2p2p/1N2q1p1/1bPP4/5PP1/2Q2P1P/3K1B1R b k - 0 19	e5e1	746	1314191b
4DSKD	rn2kb1r/1b2pp1p/p5p1/1pp1q3/8/8/PPPPBPPP/R1BQR1K1 w kq - 2 13	e2b5 a6b5 e1e5	746	0g0j1c1o
5NLZW	5rk1/p5p1/1qp1p3/3p2Rb/3Q3P/1NP5/PP3r2/R3K3 w Q - 0 27	d4g7	746	111314191b
5ZsPO	1R6/7p/1p3k2/p7/8/1P6/P2p1r2/3K4 w - - 0 46	b8f8 f6g5 f8f2	746	0g0p1m1o1p
62AQt	5q2/7p/p5pk/Q5R1/K1P1P3/PP6/r7/8 b - - 2 42	f8a3	746	0p13141b
6b422	r2qkbr1/ppp1np1N/3p1np1/4p3/6b1/3P2P1/PPP1PPBP/RN1QK2R w KQq - 0 9	h7f6	746	13141b1c
8Oa3G	4k3/p3P2p/1p4p1/8/1B3n2/5P2/PP3K1P/8 b - - 1 36	f4d3 f2e3 d3b4	746	0g0p0s111o
8XwUf	r4rk1/ppp2pp1/2np3p/4p1q1/4P1b1/2NP4/PPPQBPPP/1K1R3R w - - 0 12	d2g5 h6g5 e2g4	746	0b0g191o
8nPcv	2N3k1/p6p/4p1p1/5p2/1P3P2/P2p2P1/5b1P/6K1 w - - 0 36	g1f2 d3d2 f2e2 d2d1q e2d1	746	0g0p10
9Tb2o	3k4/3P2p1/2B1Rn2/p4Ppp/8/1r5P/8/6K1 w - - 0 33	e6e8 f6e8 d7e8q	746	000g0p111h1o
B4X3t	5r2/p6p/1p6/2pP1k2/2P1p3/8/PP5P/4R1K1 w - - 0 28	e1f1 f5e5 f1f8	746	0g0p1m1o1p
DIoyh	4R3/pb3p1k/1p4pp/8/2r2qP1/P1Q2P1P/4K1B1/8 w - - 1 32	e8h8	746	0p13141b
DqAaJ	8/P3R3/6pp/5p2/5P2/5kP1/r6P/6K1 b - - 0 56	a2a1 e7e1 a1e1	746	0p1113151m1o
EDcdB	3q2k1/5pbp/6p1/4p3/1BR1B3/2P1Q3/4KP2/r7 b - - 2 35	d8d1	746	0n1314191b
GlxHq	3k4/1K1n4/7p/1P6/3bP3/3R4/8/8 b - - 6 57	d7c5 b7c6 c5d3	746	0g0p0s1o
HI3EE	1rb2r1k/1pp4P/p2p4/6N1/2P2p2/6R1/PP3P2/2K4R w - - 0 27	g5f7 f8f7 g3g8	746	0d0p13151n1o
HKDYz	2k2r2/1p2q1pp/p3pr2/3PQ3/P2Nn1P1/8/1P5P/R4RK1 b - - 0 26	f6f1 a1f1 f8f1	746	010y11191o
HLjH1	2rq1rk1/p2b1ppp/8/1pP1Npb1/1P1R4/P2P4/4B1PP/R2Q2K1 b - - 1 21	g5e3 g1h1 e3d4	746	0g0s191o
Iyt1V	6k1/7b/1p6/6p1/2r5/4KBNr/1P6/6R1 w - - 0 38	f3d5 g8g7 d5c4	746	010p0s111o
JorMN	6k1/1p3p2/p5pb/2R4p/4Nqn1/2P5/PP2QPP1/5RK1 b - - 0 28	f4h2	746	1314191b
K8jsL	8/1p6/2p2pk1/2np4/1Q6/5PBP/5K2/8 b - - 1 57	c5d3 f2e2 d3b4	746	0g0p0s1o
KpHUS	r3k2r/p2qpp1p/1p4p1/2p1Q3/5P2/3P4/PRP3PP/5RK1 w kq - 1 18	e5h8	746	060p0t13141b
LIcpZ	r7/5p2/2p1bPpk/2p5/1p2R3/qP1P1N1P/r1P3P1/5RK1 w - - 0 27	e4h4	746	111314191b
LNRce	r1b1r1k1/ppp2ppp/6n1/3q4/3NN3/2P5/PPQ2PPP/R3R1K1 w - - 3 15	e4f6 g7f6 e1e8	746	010j0y191o
OqwTa	rn1q1k1r/pp2n1pp/3Npp2/1bB4Q/8/8/PPP2PPP/R3K2R w KQ - 0 13	h5f7	746	1314191b
QPF24	kr4r1/1p6/6p1/1R2p2p/3pp2P/P2P2R1/5PP1/K7 w - - 0 39	b5a5	746	0p13141b1m
RnXqh	r4rk1/pp2qppp/4b3/2p1P3/2PnBP2/P1Q3PP/1P1N4/2KR3R b - - 6 19	d4e2 c1b1 e2c3	746	0g0s191o
RtcnQ	r4k1r/pp1q1p1p/3b1P2/2pQ4/3p4/8/PPP2PPP/RN2R1K1 b - - 0 15	d6h2 g1h2 d7d5	746	0g0j0y191o
SfLQd	1k3b1r/ppp2ppp/8/4Q3/3rp3/P7/1q1B1PPP/3RK2R w K - 0 18	e5e8 d4d8 e8d8	746	1315191k1o
TMAMb	8/4nk2/1B1p2p1/p7/Pb2NKPP/1P6/8/8 b - - 4 47	e7d5 f4f3 d5b6	746	010p0s111o
Vrj7q	8/p7/7p/P5p1/1r1k4/3B4/2PK1PPP/8 w - - 0 41	c2c3 d4c5 c3b4	746	0g0p0s111o
VxoTo	8/5kpp/4r3/3B4/2pP4/1p4P1/1P3n1P/2K1R3 b - - 1 35	f2d3 c1d1 d3e1	746	010p0s111o
WX1gM	r1bqkb1r/p1pp1ppp/1pn2n2/4p2Q/2B1P3/5N2/PPPP1PPP/RNB1K2R w KQkq - 0 5	h5f7	746	0413141b1c
Wnenl	8/5k1p/2b1N1p1/p1p3P1/3p3P/3P4/P3K3/8 w - - 6 46	e6d8 f7g8 d8c6	746	0g0p0s1o
WuBYp	2k3r1/p1p4p/5p2/8/1Pp5/P3P1r1/7N/2R3RK b - - 3 27	g3g1 c1g1 g8g1 h1g1 c4c3 g1f2 c3c2	746	000g0p0r1w
YABM0	6k1/pp4rq/4p2p/3pB1pQ/3Pp3/2P5/PP4PP/6K1 w - - 0 31	h5e8	746	0p13141b
Yo2oE	2r2brk/pp5p/3p4/3Qp1qb/8/1P3N2/PBP2PPP/R4RK1 b - - 9 20	g5g2	746	0y1314191b
b488l	8/7p/5k1P/p1b1N3/P3K3/8/8/8 w - - 0 53	e5d7 f6g5 d7c5	746	0g0p0s1o
b7sOy	2kr3b/Qpp2p1p/3pp3/8/PP6/N1P1Pq2/5P1P/R3KR2 b Q - 0 16	h8c3	746	071314191b
boLWX	6k1/5ppp/rq3bn1/8/B3Q3/7P/1P1r1PP1/1R2R1K1 w - - 7 30	e4e8 g6f8 e8f8 g8f8 e1e8	746	05101316191d1n
cUvyI	1R6/5ppk/1pr3p1/8/2P5/PK6/1P3r2/2R5 w - - 5 29	c1h1 f2h2 h1h2	746	0p13151m1o
dfS0D	1qr1r1k1/5p2/6p1/5NR1/1B5Q/P3PB1P/1P3PP1/6K1 b - - 8 36	c8c1 f3d1 c1d1 b4e1 d1e1	746	10131619
djfFf	r6r/4k3/p7/1pNpb1pp/2p2q2/2P5/PP2QPPP/R2BR1K1 b - - 1 24	f4h2 g1f1 h2h1	746	0y1315191o
dzaqr	r3rk2/p1p1qp1p/2pb4/3n4/6Q1/4B2P/PPP2PP1/R5K1 w - - 2 19	e3h6	746	1314191b
eOL9f	5rk1/5rp1/4Q3/1nP5/3P4/1P6/P1K2R2/8 b - - 6 45	b5d4 c2c3 d4e6	746	0g0p0s1o
f0OTc	3rr2k/7P/p1Q5/8/1p6/8/PPP5/2K5 b - - 0 32	e8e1	746	0p13141b1j
ffBwW	5rk1/pb3ppp/1p2p3/7q/2P2Pn1/2BQ3P/PPB3P1/R6K b - - 2 24	g4f2 h1h2 f2d3	746	0g0s11191o
iO2hT	r4r1k/2pq2pp/p7/1p1p2b1/3n1R2/1B1P2B1/PPPQ2PP/R6K w - - 3 21	f4f8 a8f8 d2g5	746	0g0j0y191o
m4jWs	r5k1/n5pp/P1p1P1p1/2Np3r/3P3q/8/4QPPP/RR4K1 b - - 0 30	h4h2 g1f1 h2h1	746	0y1315191o
oGtxC	6k1/p5qp/1p2p1p1/2p1p1B1/3nP3/P2P1P1P/2PQ3K/4R3 b - - 0 30	d4f3 h2g3 f3d2	746	010p0s1o
oKnKw	3r1rk1/pp4bp/5pp1/q1P1Nb2/2P5/1Q2P3/PB4PP/RN2R1K1 b - - 0 18	a5e1	746	0t0y111314191b
pPRH4	8/1p4pk/1p1q1pbp/p2Pp3/P3Pn2/1P2B2P/2B2PP1/2Q3K1 b - - 2 29	f4e2 g1h2 e2c1	746	0g0p0s111o
qdsVl	3r2r1/1k5p/pp1p1p2/2pP1P2/6q1/Q5P1/PP4P1/2R1R1K1 w - - 1 27	e1e7 d8d7 e7d7	746	0g0p1o
sGCXu	5k2/1pn3pp/2pq4/2P1BP2/pP6/P7/7P/6K1 w - - 0 35	e5d6 f8f7 d6c7	746	0g0p0s1o
sPBTF	8/8/8/7P/4k1p1/5bK1/8/6B1 w - - 1 102	h5h6 e4d5 h6h7	746	00080g0p1o
tRfpV	2R5/p4kpp/5p2/8/5q2/2Pr1P2/1P3KP1/4Q3 w - - 0 26	e1e8	746	0n0p13141b
tkFyu	r4rk1/1bpqbpp1/p3p2p/1p2P3/8/2PBP1B1/P4PPP/R2Q1RK1 w - - 1 16	d3h7 g8h7 d1d7	746	0g0j191o
tnGaZ	8/1R6/3qp1p1/8/1p5k/6RP/6PK/8 w - - 2 48	b7h7	746	0p13141b1j
vHkqn	2r2r2/pp4kp/4p1p1/2RpP3/3n1P2/1P4P1/P5BP/2R3K1 b - - 4 24	d4e2 g1f1 e2c1	746	0g0p0s1o
xSuis	r3nr1k/2q4p/bn1p1p1Q/p1pPpp2/1pP1P3/3B1N1P/PP3PP1/2R2RK1 w - - 0 24	h6f8	746	0t0y1314191b
xeXCe	r2qr1k1/2p2ppp/p2p1P2/1p6/2nP4/5Q2/PPB2PPP/RN2R1K1 b - - 0 17	e8e1	746	060t1314191b
xmMY6	q1r2rk1/5p2/pR2p1pB/2Ppn3/P2Q2P1/8/5P1P/2R3K1 b - - 1 32	e5f3 g1f1 f3d4	746	0g0s191o
xrMcd	8/1p1r1k1p/pr1b1pp1/3R1P2/1P6/2P2N2/P4P1P/4R1K1 b - - 0 32	d6h2 g1h2 d7d5	746	010j0p1o
06IFD	rn1q1b1r/5kp1/p2pb2p/8/3Nn3/1Q6/PP3PPP/R1B1K2R w KQ - 0 13	b3e6	747	0n13141b1c
38qb9	r1b2r2/p1q2pk1/2p1p1p1/3pn2P/5Q1P/2N2P2/PPP5/2KR1B1R b - - 1 17	e5d3 f1d3 c7f4	747	010j191o
3nEUu	r1b3k1/1p5p/p7/3N2p1/4p3/1P3pPq/P2N1P1P/R2QR2K b - - 0 30	h3g2	747	1314191b
4NwJW	8/r7/8/3p4/P2P1B2/1R1b1kPK/4pP2/4R3 b - - 2 41	a7h7 f4h6 h7h6	747	0p13151o
5nTmS	6k1/4K2p/p3pPp1/3pb3/1p5P/8/8/8 w - - 0 39	f6f7 g8h8 f7f8q	747	00080i0p13151h1o
6AlFP	1br3k1/pb3pp1/1p6/1P2pN1p/8/P3P3/3r1PPP/R3NRK1 w - - 1 27	f5e7 g8f8 e7c8	747	010s191o
7xbKZ	8/7p/6b1/1p2P3/p2P4/P7/1Pkn2Q1/7K b - - 0 46	g6e4 g2e4 d2e4	747	0g0p1g1o
8r4OP	8/5kp1/1R3n1p/6p1/8/4K1PP/5P2/8 b - - 2 47	f6d5 e3d4 d5b6	747	0g0p0s111o
CVGMf	8/5kpp/ppb1Np2/3p4/3P4/5P2/PP3KPP/8 w - - 2 29	e6d8 f7e7 d8c6	747	0g0p0s111o
DMM1W	5rk1/p1qp2pp/b1pbp3/2p2rNQ/2P1R3/3P4/PP1B1PPP/R5K1 w - - 5 19	h5h7	747	0y1314191b
DrPvQ	2kr4/1p6/p1p1R2p/3pP1p1/N2P2nb/2P5/PPK4P/5R2 b - - 0 29	g4e3 c2b3 e3f1	747	010p0s1o
F0iSR	8/7p/3r4/1R3bk1/6p1/6P1/PPB3K1/8 b - - 1 42	d6d2 g2g1 d2c2	747	0g0p0s111o
FFw6e	6r1/pk4rn/1pp5/3pP3/1P3N2/P3Pn1Q/2R4P/2R4K b - - 1 32	g7g1 c1g1 g8g1	747	031315191o
G7JkD	6k1/4q2p/p2p2p1/1p3r2/4r3/P1PQ2R1/1P4PP/3R2K1 b - - 1 30	e4e1 d1e1 e7e1 d3f1 f5f1	747	0p10111316
H28Sz	1R6/pp4p1/5kP1/2n5/2P3P1/1P6/P4r2/1K6 w - - 5 53	b8f8 f6g6 f8f2	747	010p1o1p
K4cXn	2r3k1/1p1n2p1/3p3p/1N1NpP2/1Pn5/6P1/6K1/2R5 w - - 2 35	d5e7 g8h7 e7c8	747	0g0p0s111o
KNy4U	3r2k1/pp3ppp/4p3/4P3/3r1Q1P/1q6/6P1/4RRK1 w - - 1 30	f4f7 g8h8 f7f8 d8f8 f1f8	747	060p1013161n
KhVcN	7R/8/2k2p2/1p1ppP2/8/p3b1P1/P1r2PKP/8 w - - 0 43	h8c8 c6b6 c8c2	747	010p1o1p
LAl73	R7/7p/2k5/4P3/5p2/p1r5/7P/6K1 w - - 3 42	a8c8 c6d7 c8c3	747	0g0p1m1o1p
M9c9c	4rk1r/6p1/p2P4/2p2qQ1/2B5/P6P/1P3P2/R5K1 w - - 0 28	g5f5	747	0p0t1113141b
Mwlgi	r1b1k2r/p4ppp/2p5/n1N1p3/B5nq/3P4/PPP2PPP/RNBQ1RK1 b kq - 0 12	h4h2	747	0y1314191b
NldH6	r5k1/pp3ppp/1q6/3p4/3n1Q2/1P6/P3r1PP/R1B2R1K w - - 3 21	f4f7 g8h8 f7f8 a8f8 f1f8	747	06101316191n
Ob4SD	r5k1/1p4p1/p2Qp3/8/8/n7/PP6/KR3R2 b - - 0 36	a3c2	747	0p1113141b1q
PbeBm	rn2k1nr/ppB1ppbp/6p1/8/2p1P3/2N2q2/PP3PPP/3RKB1R w Kkq - 0 10	d1d8	747	13141b1c1d
QCHie	3b4/r7/2P4p/2NB2k1/4P3/5K2/8/8 w - - 2 49	c5e6 g5f6 e6d8	747	010p0s1o
SMe4m	r2q1rk1/p3bppp/2B1p3/2P5/3P1n2/4P3/5PPP/RNQ2RK1 b - - 0 20	f4e2 g1h1 e2c1	747	010s191o
STnGV	2k4r/p4prp/1p2p3/q1ppP3/P1nP3R/2P2QP1/2P1NP2/R4K2 b - - 4 21	c4d2 f1g2 d2f3	747	0g0s11191o
SdnzZ	5rk1/1p2rppb/2p4p/p4P2/P2P4/BPPn4/5RBP/2R3NK b - - 0 28	d3f2	747	0t0y111314191b1q
Uyrm8	6k1/Q4pb1/2bN2pp/4p3/2p1q3/P6P/BPP2PPK/8 b - - 1 27	e4g2	747	0p13141b
Xg7r8	2b3r1/kpp3pp/3b4/3R3P/5P2/6N1/PP6/2K1R3 b - - 2 27	d6f4 c1c2 f4g3	747	010p0s1o
XvKHC	1r3rk1/2pq1N2/1p1b2p1/p7/8/3QB2P/PP3PP1/R5K1 w - - 0 23	d3g6	747	1314191b
Z3Vrz	8/6R1/3k4/1P6/P1KB4/2P4p/6r1/8 b - - 0 43	g2g7 d4g7 h3h2	747	00010p111o
aXAF2	8/8/5R2/4p3/4P2k/4PK2/8/r7 b - - 0 49	a1f1 f3e2 f1f6	747	0g0p1m1o1p
bHk3H	2r3k1/p4ppp/1q6/3p1b2/8/8/P2RQPPP/K1N1R3 b - - 0 23	b6b1	747	1314191b
cFDvz	6k1/2R3p1/7p/2P5/KP1n4/4N3/1r6/8 b - - 0 47	b2a2	747	020p13141b
cY7Y3	3R4/3P4/8/5pp1/8/5k1P/3r4/5K2 b - - 0 54	d2d1	747	0p13141b1m
d81K9	6rB/1bp4k/pnp1N1qp/5p2/1P6/1Q3P2/P1P3PP/4RRK1 b - - 0 25	g6g2	747	0y1314191b
dpIex	r1bqk2r/ppp2pp1/3b3p/8/2BQ4/6PP/PPP2P1K/RNB2R2 b kq - 0 12	d6g3 f2g3 d8d4	747	010j1c1o
eIJhZ	5k2/7p/6p1/p4p2/Pp1r1N2/6P1/7P/6K1 w - - 0 36	f4e6 f8f7 e6d4	747	010p0s1o
fBpLI	1n1qkbnr/2p1pppp/8/1N6/Q1p5/5b2/1P1P1PPP/2B1KB1R w Kk - 0 10	b5d6	747	0k0m13141b1c
g0MiI	2kr3r/pp3ppp/2n5/2b5/3R4/4BN2/PP3PPP/2K4R w - - 0 17	d4d8 h8d8 e3c5	747	010j191k1o
gcXPb	r5k1/5ppp/2p5/1p2P3/4q3/1Qp1PR2/P2r2PP/1R4K1 w - - 2 28	b3f7 g8h8 f7f8 a8f8 f3f8	747	060p1013161n
gdkhc	r6k/5rpp/p7/2NR1n2/8/6B1/PP4PP/5R1K b - - 1 30	f5g3 h2g3 f7f1	747	010j191o
ggXGA	1q1r2k1/5pp1/p1Rp3p/1p1Pp3/P5n1/1P1Q1N1K/6P1/5B2 b - - 1 39	g4f2 h3h2 f2d3	747	0g0s191o
i76w7	rn1q1r1k/6pp/2p5/pp1pP3/6b1/4N2P/PPPN1RP1/2K2R2 w - - 0 21	f2f8 d8f8 f1f8	747	060s1315191o
iQAxq	2b2rk1/p2r1ppp/2p1p3/8/5qP1/3Q4/PPPR4/2K4R w - - 1 24	d3h7	747	1314191b
iWeFc	r2q1rk1/ppp1bp1p/6p1/3pP3/2P2B2/2N2Q2/PPn1KP1P/R4B1R b - - 0 16	c2d4 e2e3 d4f3	747	010s191o
jwsHd	3rr3/4qp1k/2p3pP/1p2Q3/p1PnP3/P7/1P3PB1/2R2N1K w - - 1 36	e5g7	747	111314191b
mMsC2	r1bq1k1r/1ppp2pp/5n2/p3N3/1n1PP3/1Q6/P4PPP/RN2K2R w KQ - 0 13	b3f7	747	13141b1c
o0IdS	3r1b2/5pk1/pp2pNpp/4P3/2P2P2/PNK3P1/1P4B1/4n2R b - - 0 27	d8d3	747	111314191b1f
oA2OT	4r1k1/p4p1p/2p3p1/1p6/2B5/1P5P/P4RPK/3r4 w - - 0 23	c4f7 g8g7 f7e8	747	010p0s1o
sipcR	1k1r4/1p1r1p1p/2pb1B2/p7/2P5/1P5P/P4PP1/3R1RK1 b - - 6 24	d6h2 g1h2 d7d1 f6d8 d1f1	747	010j0p10
tH6lS	8/p5k1/1p3r2/3P2p1/2P4p/5P1P/P4KPB/8 w - - 2 37	h2e5 g7g6 e5f6	747	0g0p1g1o
tX7TS	6Q1/8/5p2/p3qk2/3p4/P6P/6P1/7K w - - 4 53	g8g4	747	0n0p13141b1i
tbsy1	8/6p1/6Bp/p2kbK2/P3R3/5P1P/6r1/8 b - - 10 39	g2g5	747	0p13141b1f
tn1Ar	3q2k1/p3b1p1/3p2n1/4n2p/2P4P/2NPBBP1/P2Q1P2/4K2R b K - 0 23	e5f3 e1e2 f3d2	747	010s11191o
unvhV	4rqk1/pp1RBr1p/1bp1Q1p1/5p2/2P5/5B2/P5PP/3R3K b - - 0 24	e8e7 d7e7 f8e7 e6e7 f7e7	747	011019
uxZ3A	8/3q4/pP1p4/2p1p2k/P1P1P2b/3P1PrP/1R5K/1R1Q4 b - - 6 37	d7h3	747	0p13141b
x5R4w	r3k2r/pbq1Bppp/2n1p3/1B1p4/Q2N2n1/8/PP3PPP/RN3RK1 b kq - 0 14	c7h2	747	0y1314191b
yjUdG	2Q5/8/5K2/pp2P3/1k6/2q5/8/8 w - - 3 51	c8c3 b4c3 e5e6 b5b4 e6e7 b4b3 e7e8q	747	000g0p1h1i1w
0FxNY	3r1r1k/pp3pbb/2n2N2/2P5/q2P4/P1B2P2/4P3/R3KBNR w KQ - 0 20	h1h7	748	030y1314191b
0clj5	4k3/5RK1/8/8/r7/8/8/8 b - - 19 65	a4g4 g7f6 g4f4 f6e6 f4f7	748	0g0p101m
2Kyx8	1k5r/1p3p1p/p2p4/2pn1q2/4R3/2PQ1pP1/PPK2B1P/8 w - - 2 29	e4e8 h8e8 d3f5	748	010j0p1o
5OfF7	r3r1k1/1b1N2pp/p2Q1p2/1p6/5P2/P7/1PP3RP/7K b - - 0 22	e8e1	748	0p13141b1g
5aGFE	1k6/1r3p2/4b1p1/4P3/8/Q5KP/6P1/8 b - - 3 52	b7b3 a3b3 e6b3	748	010p0s1o
6eJw2	r4r1k/1bp5/pp1bpqBp/7Q/3P4/2P4P/PP3PP1/R4RK1 w - - 0 20	h5h6 h8g8 h6h7	748	0y1315191o
8UnRy	2kr1b1r/1pp1q2p/p2p2p1/4np2/1PPQ4/P3P1P1/1B1PNP1P/R2R2K1 b - - 1 16	e5f3 g1g2 f3d4	748	010s191o
9bmm5	r5k1/1bq1bpp1/p1n1p2p/1p1r2N1/1P6/P4NP1/2Q2PBP/R4RK1 w - - 0 21	c2h7 g8f8 h7h8	748	0y1315191o
APfpG	rnbk3r/pppp1Bpp/8/2P1p3/4q3/4B2P/PPP1N1P1/RN3RK1 w - - 0 11	e3g5	748	0l13141b1c
BPwv8	8/8/4p3/6P1/3r1P2/N7/6K1/k7 w - - 1 52	a3c2 a1b2 c2d4	748	0g0p0s1o
BeTLN	3r4/2k2ppp/KpP2n2/8/2P5/8/P1Nb1PPP/R2R4 b - - 0 24	d8a8 a6b5 a8a5	748	0p13151d1o
EVFFq	6rk/1b1qb1r1/p3p2p/1p2P3/3nBQ2/1P6/P2N2PP/2RR3K w - - 0 27	f4h6 g7h7 h6h7	748	0y1315191o
FSkN2	8/6R1/1r1p4/3PkPp1/4n1P1/4PK2/8/8 w - - 3 55	g7e7 e5d5 e7e4	748	010p111o
FhjPZ	4rk1r/p1Q2pp1/4p3/6qp/2pP2b1/2N1P1P1/PP2P3/1R3RK1 w - - 1 18	c7f7	748	1314191b
H2Yq1	2kr3r/ppp1nppp/1bp1bq2/8/NP2P3/P4P2/2PBQ1PP/2KR1B1R b - - 2 13	f6a1	748	1314191b
HuZzl	2kr1b1r/ppp1pppp/4q3/3N4/Q1pn1B2/6PP/PP2PPB1/R3K2R b KQ - 0 12	e6e2	748	1314191b
IAkY8	8/5p2/5P2/p2pP1k1/Pp3qp1/1P4Q1/8/6K1 w - - 6 55	g3f4 g5f4 e5e6	748	0g0p1i1o
Ig0bg	8/1pq3pk/2p4p/3p2r1/BP1BbQ1P/2P2nP1/8/5RK1 w - - 1 30	f1f3 c7f4 f3f4	748	0111191o
Jo3WG	4r1k1/2B2ppp/8/1r6/1P6/4n1PK/P7/RNR5 b - - 2 26	b5h5	748	021314191b
LJr5H	r4rk1/pb3ppp/3b4/2p4q/1p2P3/1P3Q2/PBB2PPP/R4RK1 b - - 0 22	h5h2	748	0y1314191b
LlpFe	8/4p3/5k2/2pP4/2P1K1n1/1P6/8/3B4 b - - 6 54	g4f2 e4e3 f2d1	748	0g0p0s111o
MN3KT	8/8/p1N5/P1B5/1P6/6k1/r7/6K1 b - - 0 51	a2a1	748	0p13141b
MadXU	6k1/p3Rppp/1p3n2/8/2P5/1P1p1PPP/P5B1/6K1 b - - 0 26	d3d2 f3f4 d2d1q	748	000g0p1h1o
N989i	3Q4/8/1p6/p1p1k3/P1P5/1P4bp/4p3/7K b - - 0 53	e2e1q	748	000p1113141b1h
NN3at	r1br2k1/pp2pp1p/6pB/2Pq4/2p5/2Q2N1P/PP3PP1/5K1R w - - 2 19	c3g7	748	1314191b
NZxL3	1k1r4/p2Prp2/1p5p/2p3q1/2b2p2/P1P2B1P/1R1Q1PP1/3K3R w - - 1 28	d2d6	748	1314191b
NsX4e	8/R7/4pk2/8/4p3/4Bn2/PP2KP2/7r b - - 2 35	h1e1	748	0p0u1113141b
RHiOU	8/8/1pR1pk2/3n1pp1/8/3K1PP1/8/8 b - - 7 50	d5b4 d3c3 b4c6	748	0g0p0s111o
RlapW	6k1/5ppp/p3pR2/3p4/2p5/P7/r1PQ1PPP/6K1 b - - 0 32	a2a1 d2c1 a1c1	748	060p13151j1o
SZF4T	8/8/1ppp4/p3k3/P1P2pp1/1PP5/5K1R/8 b - - 1 56	g4g3 f2g1 g3h2	748	000g0p0s1m1o
SZucz	rn2k2r/ppp3pp/3b1n2/3P3b/3Np3/2PP2QP/PP1N2P1/R1B1KB1R b KQkq - 0 13	d6g3	748	0l13141b1c
U8vpL	r2qk2r/p4ppp/3bb3/2pQ4/8/5N2/PPP2PPP/R1B1R1K1 b kq - 0 14	d6h2 f3h2 d8d5	748	0g0j0y191o
V5KhA	8/6pp/6b1/2b1k3/2P2p2/5P2/3R1P1P/6K1 w - - 0 40	d2d5 e5e6 d5c5	748	010p0s1o
WLzsj	r2q2kr/1p4pp/p1pp4/P5P1/3pP1Q1/8/1P1P2PP/2B2RK1 w - - 0 17	g4e6	748	0p13141b
Y4J1q	3r2k1/5pp1/7p/p7/1p2RP2/7P/q2r2P1/1Q2R2K w - - 0 42	e4e8 d8e8 e1e8	748	0p13151o
YyJYA	5r1k/2R5/1p2pN2/5B1p/8/pP3b2/P4b2/1K6 w - - 0 42	c7h7	748	030p13141b1d
Z984l	r1b1k2r/pp2ppbp/1q4p1/3P4/N1p1P3/P2n1P2/1P1BN1PP/R2Q1K1R b kq - 3 16	b6f2	748	13141b1c
Zd9z5	3k2r1/2p4p/2Br4/p1bP4/5p2/1R2pP2/2P4P/1K2R3 w - - 0 32	b3b8 d8e7 b8g8	748	010p1o1p
a5fNN	7r/k7/5R1P/2p2P2/1pB1P3/1P2b3/1K5P/8 b - - 0 34	e3d4 b2c2 d4f6	748	010p0s111o1r
am7Ay	7B/2k1n2p/p4R2/4q3/4N3/1P2PQ2/P4PPP/6K1 b - - 0 25	e5a1 f3d1 a1d1	748	060p13151o
bf765	r1b2rk1/5p1p/p4p2/2pq1P2/3pN3/P2B4/1PP3PP/4RRK1 w - - 2 19	e4f6 g8h8 f6d5	748	0g0s191o
cpAHT	r1b2rk1/ppp2ppp/3p1q2/4n3/3QPP2/1B5P/PPP3P1/R1B2RK1 b - - 0 13	e5f3 f1f3 f6d4	748	0g0j0y191o
dGZtZ	2r4k/pb1Q1Bbp/1r4p1/2q5/5P2/2N5/P1PB2PP/2KRR3 b - - 0 19	c5a3	748	111314191b
dQC7a	rn1q3k/1b4p1/p3pNQp/1pp1P3/2pP1n2/P7/1P3PPP/2R2RK1 w - - 3 20	g6h7	748	1314191b
dfZ7P	6k1/pb2Rrpp/1p2N3/n5B1/2p5/3n1P2/P5PP/6K1 w - - 5 35	e7e8 f7f8 e8f8	748	1315191o
f6jz1	k5r1/br5p/2Q1p3/N1PpPpn1/3P4/P3P2P/1B5K/8 b - - 2 35	g5f3 h2h1 g8g1	748	031315191o
fjW2G	2r2rk1/ppp2ppp/8/6q1/3pN3/3P1n1b/PPP2PP1/R2Q1RK1 w - - 0 18	d1f3 g5g2 f3g2 h3g2 g1g2	748	011019
gJ9Ca	5r1k/pp4rp/2pp4/7N/8/2Q2q2/PP4PP/6K1 w - - 0 28	c3g7	748	0p13141b
hqsxE	r1bqr2Q/pppnk1p1/8/3pP1N1/1b1n4/2N5/PPP2PPP/R1B2RK1 w - - 7 17	h8g7	748	13141b1c
i40Vp	6k1/5pp1/r3q2p/2pRb3/1pP5/1P1Q3P/6P1/6K1 w - - 0 35	d5d8 e6e8 d8e8	748	0p13151o
iE4xZ	r4rk1/1pB4p/p1bNp3/2n3b1/2PR4/1P4P1/P3B2P/3R2K1 b - - 1 30	g5e3	748	111314191a1b
iZsEV	3r2kr/pp5p/5p1B/4p1PR/1b6/2p2P2/PPb3P1/n1K2B2 w - - 0 21	f1c4 d8d5 c4d5	748	0a1315191o
jPvMt	8/7p/R5b1/P7/3kp1PP/3p4/3K4/8 b - - 0 51	e4e3 d2e1 d3d2	748	000g0p1o
kYnSd	8/Np6/5pk1/1P1q4/P7/7p/5PNK/8 w - - 0 41	g2f4 g6g5 f4d5	748	0g0p0s111o
l42nN	8/8/6p1/1k1p4/3B2P1/1pP5/1b1K4/8 w - - 2 45	c3c4 d5c4 d4b2	748	080g0j0p1o
lHlPQ	2rqnrk1/pb1nb1p1/1p2p1P1/3pp2Q/3P1P2/2P5/PP1N3P/R1B2RK1 w - - 0 17	h5h7	748	1314191b
lJcTn	1r2rk2/4p1b1/p2p1p1p/q2P3P/1pb3Q1/5P1B/PPPB4/1K1R2R1 b - - 3 26	a5a2 b1c1 a2a1	748	1315191k1o
lQoEd	2r5/6p1/6k1/b2N2pp/P2P4/R1P3PP/6K1/2n5 w - - 2 43	d5e7 g6h6 e7c8	748	010p0s1o
mJlF0	5rk1/5ppp/3q2b1/3B4/P7/6RP/3Q2PK/8 w - - 3 27	d5f7 g6f7 d2d6	748	0g0j0p111o
njYGS	3r1rk1/3p1qb1/1p2n2R/pP1B4/P1P2P2/4PP1P/2Q4K/8 w - - 1 36	c2h7	748	1314191b
p4aL6	8/K2k4/2p3p1/7p/5B1P/n1P3P1/8/8 b - - 0 41	a3b5 a7b6 b5c3	748	0g0p1o
pLHjK	8/8/2R5/2Pp4/3r4/2K1k3/8/8 w - - 0 66	c6e6 d4e4 e6e4 e3e4 c5c6	748	0g0p10111m
pRHLu	8/3r1pR1/5Pn1/3p1K1k/3P4/7P/8/8 w - - 13 51	g7h7	748	0p1113141b
pWqHw	2q2rk1/pp2np2/5r1p/8/1b1P4/3QR3/PPB2P2/R5K1 w - - 0 25	d3h7	748	1314191b
pmrNh	r6k/pp2b2p/6p1/3B4/8/5PBb/P1P2P1P/6K1 w - - 0 22	g3e5 e7f6 e5f6	748	0l0p13151o
q5YaT	r7/ppN2k1p/6p1/2b2r2/2P1Q3/3P4/PP2nPPK/R1B2R2 b - - 0 21	f5h5 e4h4 h5h4	748	021315191o
qAg6f	2kr2r1/2qp2p1/pp2p3/4Pp2/N1PQ1P1p/P4PnP/1P6/R2R2K1 b - - 2 21	g3e2 g1f2 e2d4	748	0g0s191o
sQYM3	1nb3k1/5pnp/pqNp2p1/1p1Pp3/1P2P3/1N4P1/P3QPBP/6K1 w - - 2 23	c6e7 g8f8 e7c8	748	0g0s191o
tpZl8	5rk1/1p1R2p1/p1p5/8/PPR5/1rP1P3/6PP/6K1 b - - 1 26	b3b1 d7d1 b1d1	748	0p13151m1o
u972w	r5k1/1p3p2/1N1p1q1p/pP1Pp1p1/4Pn2/2Q5/1P3PPP/5RK1 b - - 0 23	f4e2 g1h1 e2c3	748	0g0p0s1o
ubzRW	r1b3nr/ppk2ppp/3p4/8/4P3/8/PqPQ1PPP/3RKB1R w K - 0 13	d2d6	748	0n1314191b
uysvD	5r1k/pp4p1/2p5/7B/8/1PQ3Pb/P4r1P/3R2K1 b - - 1 32	f2f1 d1f1 f8f1	748	0p13151d1o
wKeDj	8/2r5/8/6k1/3N4/1KPBn3/8/8 w - - 0 46	d4e6 g5f6 e6c7	748	0g0p0s111o
wckbb	8/8/1kp5/pp2RB2/P2n4/6P1/7K/8 b - - 2 47	d4f3 h2h3 f3e5	748	0g0p0s1o
1QH33	3r1k2/5p1p/p4p2/1p6/2bN4/P4P2/3R1KPP/8 w - - 3 32	d4e6 f7e6 d2d8	749	010j0p111o
1cJ8l	r3b1k1/3P1pp1/6np/1p6/2pqN3/5P2/6PP/3R1BK1 w - - 0 38	d1d4 e8d7 d4d7	749	01191o1t
2e1qn	8/6p1/p6p/1pk5/3n1K2/6R1/1P5P/8 b - - 4 43	d4e2 f4e3 e2g3	749	0g0p0s1o
2ftjh	8/3k4/1K1p4/3P2p1/5b2/8/8/6R1 b - - 34 87	f4e3 b6b5 e3g1	749	0g0p0s111o
2i5z4	4r3/pp3k2/2pprP2/4npB1/5P2/4R3/PPP3PP/4R1K1 b - - 0 23	e5f3 g2f3 e6e3 e1e3 e8e3	749	010j0p0y10
2m6P3	8/6pp/2k2p2/2Bnp3/1PN4P/1r2PKP1/5P2/8 w - - 10 35	c4a5 c6b5 a5b3	749	0g0p0s111o
2oH9o	3r4/1p4k1/p1b3p1/5p2/3N1P2/1P1B4/P1PK4/8 w - - 3 44	d4e6 g7f6 e6d8	749	010p0s1o
3Yn5v	r3k2r/ppp1n1pp/2P5/1B4q1/8/7b/PP3PPP/RN1QR1K1 b kq - 0 13	g5g2	749	0y1314191b
44Srt	r5n1/pq5p/5pk1/3P4/2P2p2/1P5N/PB2r1PP/R4RK1 w - - 3 23	h3f4 g6f7 f4e2	749	010s191o
4qbLj	4r3/1pnbRkp1/2p2q1p/5p2/p1PP4/P2B2N1/4Q1PP/4R1K1 b - - 0 30	e8e7 e2e7 f6e7 e1e7 f7e7	749	011019
5R5FB	8/5p2/1p1R2p1/p3Pk2/P4P2/4KP2/8/1r6 w - - 4 46	d6f6	749	0p13141b1m
5lkP3	r1b4r/ppp1k1pp/2p5/2b5/3qn3/1B3Q2/PPPP1PPP/RNB1R1K1 b - - 1 10	d4f2 f3f2 c5f2 g1f1 f2e1	749	010s1019
6Si3u	r4rk1/2p2q1p/2Q5/p3B1p1/3Pp3/1P2P3/P4PPP/2R3K1 b - - 0 26	f7f2 g1h1 f2f1 c1f1 f8f1	749	060p1013161n
9d7Gv	5r1k/5p1p/1q6/3p1b2/3P1P2/Q7/Pr3P1P/2RR2K1 w - - 1 26	a3f8	749	0t1314191b
9dLCK	8/1pp1q1k1/6p1/p3Pr2/3r4/PP4Q1/6PP/1RB2R1K b - - 0 28	f5f1	749	060t1314191b
9t4lt	8/2q4k/8/3b2p1/4RPP1/6K1/8/4R3 w - - 2 58	e4e7 c7e7 e1e7	749	0g0p0s111o
ADbvU	8/8/1p2p1RP/p2kP1K1/2p2P2/8/P5r1/8 w - - 1 46	g5f6 g2g6 f6g6	749	0g0h0p1m1o
BDgyq	rnb2r2/5p1k/pq2p2p/2pp4/1p4Q1/1P1PP3/PBP5/2KR1BN1 w - - 2 19	g4g7	749	1314191b
Bjpnz	1r4k1/p4p2/4p1pb/3p3p/Pn1P4/1P2PNP1/5K1P/1RR5 b - - 5 29	b4d3 f2f1 d3c1	749	010p0s111o
DbnYx	8/6kp/2pq2p1/p3np2/P1BQp2P/2P3P1/1P3PK1/8 b - - 4 33	d6d4 c3d4 e5c4	749	0b0g0p111o
Dc6aA	r1r5/3kb1pp/p1Rp3n/1p1Np3/4P3/8/PP1B1PPP/2R3K1 b - - 4 22	c8c6 c1c6 d7c6	749	01191o
FBZwh	r5k1/pppb1pp1/1b1p3p/3P4/1P1n4/P1Q4P/1B3PP1/3R2K1 b - - 3 22	d4e2 g1f1 e2c3	749	0g0s191o
FXdSD	3r2k1/3P1pP1/7p/2p5/1p2N1q1/8/1P4B1/3R2K1 w - - 0 38	e4f6 g8g7 f6g4	749	0g0p0s111o
Hd4E1	r2q1nr1/ppb4k/2p1b2p/2Pp1pp1/3PpPn1/1P2P1P1/P4NBP/R1BQ1NRK b - - 1 18	g4f2	749	0t0y1314191b1q
J15xP	8/8/8/8/8/4p2R/1r2k3/6K1 w - - 0 71	h3h2 e2d3 h2b2	749	0g0p1m1o1p
J7FVV	r3r1k1/pp1bRppp/2p5/3p3q/B2N1Pn1/3PQ1P1/PPP4P/4R1K1 w - - 9 20	e7e8 d7e8 e3e8 a8e8 e1e8	749	0610131619
JBPBV	2kr3r/pppb2qp/2n2p2/3p4/3P4/2PQnN2/PP2B1PP/RN3R1K b - - 7 17	g7g2	749	0y1314191b
Jnpyn	8/8/p1K5/P7/1k6/8/8/8 w - - 4 55	c6b6 b4c4 b6a6 c4c5 a6b7	749	0g0p101e
KjSbK	rnbqk1nr/pp2bppp/2ppp3/6B1/3PP3/2N2N2/PPP2PPP/R2QKB1R b KQkq - 3 5	e7g5 f3g5 d8g5	749	011c1o
M8rjl	r2q3r/p3k2p/3pn1p1/2pQp1P1/4N1P1/3P4/PPP2PK1/R4R2 b - - 0 23	e6f4 g2g3 f4d5	749	0g0s191o
MAnzT	R7/3p1pBk/3rpP2/4n1pp/1p1nP2P/8/2P2KP1/8 w - - 0 39	a8h8 h7g6 h8h6	749	0p0q13151d1o
MCcq0	3r2k1/p5pp/2P3b1/8/5pN1/P4P2/1B1n2PP/3R2K1 b - - 1 30	d2f3 g1f2 d8d1	749	010j0p1o
NbFma	rnb1kb1r/pp1ppppp/5n2/8/3q4/8/P2BPPPP/2RQKBNR w Kkq - 0 9	c1c8	749	060t1113141b1c
O7wTW	2r4r/4k3/pq1p1p1b/4pPpP/2P1B3/2N3Q1/P7/4R2K w - - 3 40	c3d5 e7f7 d5b6	749	0g0s191o
PVfrB	1R6/2n1kpp1/4p2p/1pK5/1P6/2P3P1/5P1P/8 b - - 3 37	c7a6 c5b5 a6b8	749	010p0s1o
Q5OzQ	4r1k1/p5p1/1p5R/3p1r2/2p3Q1/2P5/P5PP/6K1 b - - 0 28	e8e1	749	0p13141b1j
TDp8X	r1b3r1/6k1/p3p1Bp/1p1p3P/P1pq1p1Q/1P3P2/8/1K2R3 w - - 2 36	h4e7 g7h8 e7h7	749	1315191o
Ueb7v	5k2/2pr1ppp/R7/p7/8/P6P/2r2PP1/4R1K1 w - - 0 25	a6a8 d7d8 a8d8	749	0p13151m1o
Yzq0i	8/8/3p1k1p/p1pPb3/P7/4K2P/8/6R1 b - - 0 49	e5d4 e3d2 d4g1	749	0g0p111o1p
al87T	3r2k1/1p4p1/6p1/1RP1p3/2R2p2/5P1P/3r1BP1/4K3 b - - 0 34	d2d1 e1e2 d8d2	749	090p13151o
bWv6l	r2k3r/pp1b1Qpp/2n5/1qb1N3/8/2P5/PP3PPP/R1B1K2R w KQ - 1 13	f7d7	749	1314191b
eg477	r1b2k1r/pp3pp1/2pN4/7p/3Pn3/P3PQPq/1PP2P1P/R4RK1 w - - 0 18	f3f7	749	1314191b
fjuAp	4r1k1/p4p1p/3p2p1/2pP2n1/2Q5/6P1/P4r1P/R1K1R3 b - - 4 34	e8e1	749	0p0t1113141b
hj8Yx	r4rk1/ppp2pp1/3b3P/8/3nN2P/P2P4/bPPBB3/2KR2R1 b - - 0 23	d4e2	749	0t1314191b
i5Qs0	7k/2p3p1/p6p/4PQ2/2pP2P1/R3rPBq/5R1P/6K1 b - - 0 35	e3e1 f2f1 e1f1	749	0p0x13151o
jQhlZ	1k1r3r/pp3p2/2p1p3/4P2p/1P2QPp1/P2R4/2q3PP/5R1K w - - 0 23	d3d8 h8d8 e4c2	749	0g0j0p1o
jYxV9	r3r1k1/pp3ppp/8/2P5/5R2/1PQ3PP/PB4K1/4q3 w - - 0 28	c3g7	749	0p13141b
jqjsH	r1b2rk1/pp2bppp/4pn2/8/3q1P2/2NB3P/PPPQ2P1/R3K2R w KQ - 0 13	d3h7 f6h7 d2d4	749	010j0y191o
kLIAC	r4rk1/2pq1pp1/3b3p/p7/P3P3/1NPQ3P/1P3PP1/R1B1R1K1 b - - 0 22	d6h2 g1h2 d7d3	749	010j191o
kgeol	4r3/8/6k1/3p2P1/2b4p/P6P/3B1K2/2R5 b - - 0 42	e8e2 f2f3 e2d2	749	0g0p0s1o
nSbav	2k1r3/1p2r1pp/2pBPp2/p7/2B5/2P5/PP2KP1P/R7 b - - 1 23	e7e6 c4e6 e8e6 e2f3 e6d6	749	010p0s10
nekgX	r4r1k/pp2R1pp/1q6/4Q1B1/2p5/2N5/PPP2PPP/1R4K1 b - - 1 18	b6f2 g1h1 f2f1 b1f1 f8f1	749	06101316191n
p0RSi	r4k2/pp3r2/2pp1B1R/5q2/4Pp2/1P1P4/1PP1KP2/8 w - - 0 32	h6h8	749	0p13141b1f
pMe9U	6k1/p4pp1/3q3p/3B4/2p5/P1B1r2P/1P4P1/3R2K1 w - - 5 34	d5f7 g8f7 d1d6	749	0g0j0p1o
rArPZ	4r1k1/pp3p2/5p1p/6nQ/8/8/P3RPPP/2r1N2K b - - 1 25	c1e1 e2e1 e8e1	749	060p13151o1y
rLKpt	6k1/1pp2rpp/8/3q4/1P1P1R2/6P1/2b2P1P/4Q1K1 w - - 0 25	e1e8 f7f8 e8f8	749	0p13151o
rXLkF	1r2r1k1/2b2pp1/p2q3p/2QR4/1P6/4B2P/P4PP1/5RK1 b - - 0 27	d6h2	749	1314191b
rfDLy	1r1q1rk1/pp2bppp/3p1n2/2p1n3/2P5/PPN1P1PB/1B1QNP2/R2R2K1 b - - 0 18	e5f3 g1g2 f3d2	749	010s191o
tIqYG	8/7R/8/2pK4/1kP5/1r6/8/8 w - - 2 68	h7b7 b4c3 b7b3 c3b3 d5c5	749	0g0p101m
tgw8V	r1bq1rk1/1p1npp1p/p1np2p1/5N2/2P1P3/2Q1BP2/PP2B1PP/R4RK1 w - - 1 14	f5h6	749	1314191b
txwxV	rn5k/pp4pp/7r/3B4/5p1q/3P1P2/PP2NP1P/2R3RK w - - 3 22	c1c8 h4d8 c8d8	749	1315191o
u8AYs	1r4k1/2r3pp/p3p3/3p1p2/5B2/1Pn5/P1P2PPP/R4RK1 b - - 1 22	c3e2 g1h1 e2f4	749	010p0s1o
vztwX	r1bqkbnr/pp1np3/2p1p2p/3p4/3P1Pp1/2PB1N2/PP4PP/RNBQK2R w KQkq - 0 9	d3g6	749	0a13141b1c
xO6Nu	r5k1/pp1nrpp1/2p4p/6N1/3P3P/2nQP3/qP3PP1/2KR3R w - - 0 18	d3h7 g8f8 h7h8	749	0y1315191o
xdphU	r1bqkb2/pp2np2/3p3p/2pNpP2/4P1r1/3P3N/PPP3BP/R1B2RK1 w q - 0 13	d5f6	749	13141b1c
xgPuZ	4rrk1/ppb3p1/1q5p/3p1N2/4p1Q1/2P5/PPB3P1/1R5K w - - 1 29	g4g7	749	0y111314191b
xhR6j	6k1/1q4pp/p2Rp3/8/1p3P2/1P2n1P1/P6P/4Q1K1 b - - 2 38	b7g2	749	0p13141b
xoOcc	r1br2k1/p4ppp/qb6/4R3/3p4/2N2N1P/1P2QPP1/3R2K1 w - - 2 25	e5e8 d8e8 e2e8	749	0y1315191o
xsOyU	r1bq2k1/p4ppp/4p3/3r4/1P2n3/2P5/2P2QPP/R4R1K w - - 0 24	f2f7 g8h8 f7f8 d8f8 f1f8	749	0610131619
0W7nz	8/pp1k1p2/4rPp1/3K2Pp/7P/2P5/PP6/3R4 b - - 0 38	e6d6 d5e4 d6d1	750	0g0p1m1o1p
0bEEx	5r2/8/8/B1k5/5N2/1r3PKP/6P1/8 w - - 1 41	f4e6 c5d6 e6f8	750	0g0p0s111o
1AfW7	1r4k1/5ppp/4p3/8/1P1RN3/2n1P2P/5PP1/6K1 b - - 0 33	c3e2 g1h2 e2d4	750	010p0s1o
2gQt0	r5k1/3n1ppp/3b3B/2pNp3/1p6/3P1P2/1PP2P1P/4K1R1 b - - 1 19	a8a1 e1e2 a1g1	750	0g0p1o1p
3GS5N	r1b3k1/p6p/2p3p1/1pn1Q3/8/2P5/PP4PP/2K2R2 b - - 0 31	c5d3 c1d2 d3e5	750	0g0p0s1o
3IQgD	3rr3/1p3pk1/p1p5/5R2/1b1P4/1P2qB2/P1Q3PP/3R3K b - - 2 30	e3e1 d1e1 e8e1	750	061315191n1o
4wdBk	3Q4/3b3q/2p1p1k1/3pPp2/2pP1B2/2P3p1/4BPNP/6K1 b - - 1 34	h7h2 g1f1 h2h1	750	0p13151o
69xlt	5r1k/p1R2p1p/1p2b2Q/3p4/6P1/3qP2P/5P2/6K1 w - - 0 38	h6f8	750	0p0t1113141b
7G2X0	2kr1r2/2pq4/1b5p/p1n1pb2/PpPp2nP/1P1P1QP1/2B3KN/R1B1R1N1 w - - 2 27	f3a8	750	111314191b
8d2mD	8/8/1RK5/p7/P7/1rk5/8/8 w - - 0 50	b6b3 c3b3 c6b5 b3c3 b5a5	750	0g0p10111m
9FG9w	rn1qkb1r/pp2pppp/1n6/1b2N3/3P4/1Q6/PP3PPP/RNB1K2R w KQkq - 0 10	b3f7	750	0413141b1c
BrdUC	r2q1rk1/ppp1b1pp/3p2n1/3P4/3QbP2/1P4PP/PB4B1/R4RK1 w - - 0 19	d4g7	750	0y1314191b
C1wxa	8/2k5/8/PR3K2/7r/8/8/8 b - - 0 55	h4h5 f5e4 h5b5	750	0g0p111m1o1p
CkhAh	1k4r1/pp6/8/1P4rp/P1R4K/2R3P1/8/8 w - - 5 39	c4c8 g8c8 c3c8 b8c8 h4g5	750	0g0p101m
CoZsJ	r3r1k1/p4pp1/6np/8/P1NR4/1P3Q2/4qPPP/2R4K b - - 0 28	e2e1 c1e1 e8e1	750	061315191n1o
DAeL5	6r1/4pp1k/p1p1b2p/Pp2P3/5P2/2Pr4/5PBK/2R4R w - - 3 36	g2e4 h7h8 e4d3	750	0g0p0s1o
DKOTs	7r/pQ3pk1/2nq2pp/4N3/3P4/P6P/1P3PP1/6K1 w - - 0 31	b7f7	750	0p1113141b
DyyAY	8/5p2/1K3p2/4k1p1/P5P1/8/8/8 w - - 3 65	a4a5 f6f5 a5a6	750	0g0p1e1l1o
FkuxP	8/pp3p1k/3p1p1p/4pn2/5qN1/2P4K/PP4R1/8 w - - 6 28	g4f6 h7h8 g2g8	750	030p13151o
G9A7p	8/8/2k1p3/4r2p/1pn3p1/6P1/P4RKP/3R4 b - - 5 42	c4e3 g2g1 e3d1	750	0g0p0s1o
GKjC9	r4rk1/pbp2ppp/1p4q1/3Np3/1PBbP3/7P/P1P1QPP1/R4RK1 w - - 1 16	d5e7 g8h8 e7g6	750	0g0s191o
H2TuT	4b1k1/5p1p/4pqpQ/2B5/5P2/1p5P/6PK/8 w - - 0 42	h6f8	750	0p13141b
HaWop	3r4/1qk1N3/1p1p2rp/1Pp1p1b1/3pP1Q1/3P4/R1P3PP/5RK1 b - - 1 26	g5e3 g1h1 g6g4	750	010j0y191o
I59qw	r3k1r1/p3bp1p/1pnq4/3Q4/2p3nP/2PpP3/PP4BP/RNB2R1K b q - 0 17	d6h2	750	0y1314191b
IO6xb	2q2rk1/2p2pbp/brNp2p1/2nPp3/B1P1P3/2N5/5PPP/R1Q1R1K1 w - - 10 31	c6e7 g8h8 e7c8	750	0g0s11191o
IeE8H	r2q1rk1/1b5p/p3p1pQ/1p1pbp2/3P4/2PB3R/PP3PPP/R5K1 w - - 0 19	h6h7	750	0y1314191b
JcxwQ	r5rk/3R2p1/7q/8/8/2PBQ3/1P1K4/8 w - - 0 43	e3h6 g7h6 d7h7	750	0p13151d1o
KI64i	r3n1k1/5pp1/4b2p/P7/4Pn2/2Q2P1P/6P1/1R4K1 b - - 0 42	f4e2 g1f2 e2c3	750	0g0p0s1o
KOVqe	r7/4kpb1/1n1p2b1/4p1p1/2p1P1P1/1N3PB1/qPPQ4/2KR3R b - - 1 30	a2a1 b3a1 a8a1	750	061315191n1o
KgNsL	r1bq1r2/pppk2p1/5n1p/4R3/1P1P4/1Q6/P4KPP/RNB5 w - - 1 17	b3e6	750	0n1314191b
KkEIO	8/5kp1/7p/1prnR3/5B1P/5PPK/8/8 b - - 5 54	d5f4 g3f4 c5e5	750	0g0j0p111o
KmBuW	4k2r/2p2p1p/2b2p2/3r4/2pB4/2P3P1/4KP1P/1R4R1 w k - 1 26	b1b8 e8d7 b8h8	750	010p1o1p
MPF8c	1r3rk1/5ppp/pq1p2n1/2bB4/Pp2PPP1/4B2P/1PPQ4/2K3RR b - - 2 21	c5e3 d2e3 b6e3	750	0g0s191g1o
N63jO	r1b1k2r/ppp2ppp/2pq4/2b5/2B1P1n1/3P3P/PPP2PP1/RNBQ1RK1 b kq - 0 8	d6h2	750	13141b1c
NU3d6	Q7/2pk1q2/1R1p4/1p4p1/8/3P2P1/1PP1nPPK/8 b - - 0 30	f7h5	750	020p13141b
NUPlT	6R1/pp3p1p/4k3/3p4/1P6/P3r3/6PP/6K1 w - - 0 27	g8e8 e6d6 e8e3	750	0g0p1m1o1p
OtNvO	rnb1k2r/bp1pnppp/pq1Qp3/6B1/4P3/1NN5/PPP2PPP/R3KB1R w KQkq - 7 9	d6e7	750	13141b1c
Ow7Vn	5rk1/7p/pq2p1p1/1p1RQ3/8/P7/5PPP/1R4K1 b - - 0 29	b6f2 g1h1 f2f1 b1f1 f8f1	750	060p1013161n
QOiap	r1b1rbk1/6pp/p1p1p3/qpPp1p2/2nPNN2/P3P2P/1PQ2PPB/RB2R1K1 b - - 0 22	a5e1	750	0t0y1314191b
RIwdo	8/2p5/4n3/1R1p4/P3k3/8/2K5/8 b - - 2 46	e6d4 c2d2 d4b5	750	0g0p0s1o
TiKwM	8/5P1p/8/8/8/pk2P2P/2p5/RrK5 w - - 1 54	a1b1 c2b1q c1b1 a3a2 b1a1	750	0g0p101m
YirgI	7r/pp3kb1/3p3r/2pP4/3p1Pp1/3P2P1/PP1Q1R2/4R1KB b - - 0 29	h6h1 g1g2 h8h2	750	090y1315191o
ZIwEb	r2qkbnr/1pp1pppp/p7/1b2N3/2Q1P3/8/PP3PPP/R1B1KB1R w KQkq - 2 10	c4f7	750	0413141b1c
bgHGI	2r2rk1/pb3p2/1p2p2p/n3P1q1/3PB3/P2QnP2/4NBP1/R4RK1 b - - 3 20	g5g2	750	0y111314191b
c2Fav	r2q1rk1/ppp2ppp/2n5/3np3/4P3/3P1N1P/PPP3P1/RN1Q1RK1 b - - 0 12	d5e3 d1d2 e3f1	750	0g0s191o
cTlHu	8/6kp/2bb1p2/8/8/2N1N1P1/5K1P/8 w - - 9 57	e3f5 g7g6 f5d6	750	0g0p0s1o
d3Su7	8/4n1k1/6p1/R1p1Pp2/5P1K/1P4P1/P2r4/2R5 b - - 0 39	d2h2 h4g5 h2h5	750	0p13151o
dREOZ	5k2/p1p2r1p/1p5P/2pPp3/2PnN3/5PR1/PP6/2K5 b - - 5 30	d4e2 c1d2 e2g3	750	0g0p0s111o
efjLr	8/p3kpQ1/2pR4/2q5/6PP/2B2P2/PPP5/1K6 b - - 0 33	c5g1 c3e1 g1e1 d6d1 e1d1	750	0p101316
ewfTR	3r1k2/1p1P1pp1/8/rB6/5K2/1p3P2/8/4R3 w - - 2 44	e1e8 d8e8 d7e8q	750	000p1113151h1o
fX52z	3b4/3b4/2p3k1/p1Pp2pp/P7/1P3NP1/3B3P/6K1 w - - 1 52	f3e5 g6f5 e5d7	750	0g0p0s1o
fxruQ	rn3rk1/pp3pp1/2pb3p/3pN3/2PPb1q1/1P6/P2B1PPP/RN1QR1K1 b - - 7 16	g4g2	750	0y13141b1c
g4Tgd	4r1k1/2N2ppp/1p2r3/4n3/8/2P5/P4PPP/R3R1K1 b - - 3 24	e5f3 g2f3 e6e1 a1e1 e8e1	750	0g0j0p10
gayoX	2Rr1k2/5ppp/p1pP4/1p6/8/5P2/P4PKP/3R4 b - - 0 27	d8c8 d6d7 c8d8	750	010p1m1o
gibpc	r2qk2r/ppp2p1p/2np1p2/2b1p2Q/2B1P3/7b/PPPP1PPP/R1B1K2R w KQkq - 0 8	h5f7	750	0413141b1c
hK6jS	6k1/2r2ppp/2N1p3/1r1p4/3P4/7P/5PP1/2R2K2 w - - 0 30	c6e7 g8f8 c1c7	750	010j0p1o
iion6	r2q1b1r/pp1bk1pp/2np4/3Q1p1B/2P1p3/1P2P3/PB3PPP/R3K1NR w KQ - 6 12	d5f7	750	13141b1c
jyTDz	1k2r3/ppp2ppp/5n2/1P2Q3/Pbq5/2N5/2P2PPP/3RB1K1 w - - 1 22	e5e8 f6e8 d1d8	750	061315191n1o
jzubV	rq3k1r/1b2b1pp/p3Qn2/1p6/8/1BN5/PP3PPP/R4RK1 w - - 1 18	e6f7	750	1314191b
mkDBd	5rk1/p5pp/1p2R3/2p5/P6N/2P5/1P2prPP/1R4K1 b - - 1 28	f2f1 b1f1 e2f1q	750	000p13151h1o
n4eEg	8/p1p3p1/1p1r2Rk/7p/4B2P/2P2PK1/PP6/8 b - - 0 33	d6g6 e4g6 h6g6	750	0g0p111o1r
oV6rk	3rrk2/6p1/p3Pp1p/1pp2P2/3pR3/8/PPP2KPP/4R3 w - - 2 26	e6e7 e8e7 e4e7	750	00010p0s1m1o
rWH3O	4r1k1/3q2p1/p2p3p/1ppP4/3nNP2/1P4PP/P3Q1K1/4R3 w - - 7 33	e4f6 g7f6 e2e8 d7e8 e1e8	750	010j0p0y10
sVXYK	r3k2r/2p2ppp/p2p2q1/1p1Pp2N/4Pn2/2P1RN1P/PP3PP1/R2Q2K1 b kq - 0 18	g6g2	750	0y1314191b
u2fk3	4r1k1/1p3pp1/p4n1p/8/1Q4b1/2N1q3/PP3NPP/R5KR b - - 11 27	e3e1 a1e1 e8e1	750	061315191n1o
u54Jp	4k2r/1p1n1ppp/3Qp3/2q3B1/8/8/PPr2PPP/R2R2K1 b k - 3 17	c5f2 g1h1 f2g2	750	0y1315191o
uRmqZ	6k1/Q1p2ppp/1rB2n2/8/2q5/1n4P1/6KP/8 w - - 0 34	a7a8 b6b8 a8b8 f6e8 b8e8	750	0p101316
v3jER	2r3k1/5p2/3q1Bp1/4Pp1p/5P1P/7K/6P1/8 w - - 0 38	e5d6 c8b8 d6d7	750	000g0p0t1o
vN0N4	4Q3/8/2r3pk/2r5/5PKP/8/8/8 w - - 3 57	e8h8	750	0p1113141b1j
vc6fC	r4r2/1p4pp/p1k5/1Np4b/P4p2/2P2P2/1P4PP/R2R2K1 w - - 0 23	d1d6	750	0p0u13141b
wMsIx	7k/ppp3rp/8/8/6R1/4P3/PPPrq1PP/5RK1 w - - 0 26	f1f8 g7g8 g4g8	750	0p13151j1o
xjnag	8/1pq2pk1/4bN1p/rp1p2pP/2pP1p2/2P5/5PP1/1R2R1K1 w - - 4 40	f6e8 g7f8 e8c7	750	0g0p0s1o
xyVkO	7Q/8/3kpp2/3p4/p4P2/PpP5/5q1P/2KR4 b - - 2 44	f2c2	750	0p13141b
zcY3u	r3n1k1/1b3pBp/pp4p1/3q4/3P4/4P3/PP2BPPP/R2Q1RK1 b - - 0 15	d5g2	750	0y1314191b
0AfKT	3R4/p1r2p1k/1pq3p1/4Q3/5P1p/P1P1P3/5P2/4K3 w - - 1 39	e5h8	751	0p13141b
1Ewqq	r1b2rk1/4nppp/pp2p3/4b3/P1BNNq2/2P1Q2P/1P3PP1/R4RK1 b - - 0 18	f4h2	751	1314191b
1U0ym	3r3k/6p1/8/8/2q1P1Pp/P1R1QP1b/2PR3P/6K1 b - - 8 37	c4f1	751	0p13141b
2NSKE	8/p6p/1p2k1p1/8/1P1p4/P2rn2P/4N1PK/4R3 w - - 9 41	e2f4 e6d6 f4d3	751	0g0p0s1o
2gObh	2r5/p6p/3p1k2/1P1Q1p2/2P1nP2/P7/K7/8 b - - 5 34	e4c3 a2b3 c3d5	751	0g0p0s1o
2yjDn	8/2r5/R3p3/1p2Pkpp/1b1P1p2/1P3P1P/4KNP1/8 b - - 2 40	c7c2 e2f1 c2c1	751	0g0p1o
4ZOYn	3r2k1/1pp2p1p/p2r2pP/8/2n5/2Pq1PQ1/PP2R3/2K1R3 w - - 1 31	e2e8 d8e8 e1e8	751	0y1315191o
4wqMm	k2r1n1r/p3q1p1/Qp2p3/1P2P3/3n4/6P1/P5KP/R1R5 w - - 2 27	c1c8 d8c8 a6c8	751	1315191k1o
5qTrX	r5k1/1p2ppbN/p2q2p1/8/6n1/2P1B3/PP2QPPP/R4RK1 b - - 0 17	d6h2	751	0y1314191b
7coL3	rnb1k2r/pppp1ppp/8/4P3/1bP1n2q/5P2/PP1NP1BP/R1BQ1KNR b kq - 3 8	h4f2	751	13141b1c
8nnea	r1b1k2r/2p2pp1/2pq4/pp5p/3bP1n1/P1NP1B1P/1PPB1PP1/R2Q1RK1 b kq - 3 12	d6h2	751	13141b1c
9VuiF	8/1k3ppp/p7/Kp2n3/3B3P/1PP3P1/5P2/8 b - - 2 37	e5c6	751	0p13141b
9mGbY	8/8/2n2K1k/p1P3p1/1n6/4RPP1/7P/8 b - - 0 43	b4d5 f6e6 d5e3	751	0g0p0s1o
AAZTQ	1R6/8/5k2/4p3/6K1/8/8/5r2 w - - 0 60	b8f8 f6e6 f8f1	751	0g0p1m1o1p
AJblL	3R1n1k/1p4pp/p7/5p2/4p3/PQ6/5PPP/q1r1N1K1 w - - 5 38	d8f8	751	060p0t13141b
Bx75L	8/p1r1k2b/1p3p1p/1P4p1/4P1P1/2p1NP1P/8/2R3K1 w - - 4 44	e3d5 e7d8 d5c7	751	0g0p0s111o
CBbtu	2b1k2r/rpp2pp1/p2p3p/3Pp1qB/1PP1Pn2/P1N5/3N1PPP/2RQ1RK1 b k - 0 16	g5g2	751	0y1314191b
DFA73	7k/p1p3p1/2n5/1p2p3/1P5q/1BPP3Q/P5K1/r7 w - - 0 33	h3h4	751	0p0t13141b
DYlBD	r2q1rk1/2p2ppp/8/p5N1/4Q3/8/PP3PPP/3n1RK1 w - - 0 20	e4h7	751	1314191b
F83PY	1b1r4/1Pk5/2P5/2K5/7p/8/6p1/5R2 w - - 0 53	f1f7 d8d7 f7d7	751	0p13151o
HS2e9	r1b2rk1/p4ppp/1pn5/3qp3/8/1N1B4/PPPQ1PPP/R4RK1 w - - 0 13	d3h7 g8h7 d2d5	751	0g0j0y191o
KCFg8	8/5R1p/4p3/2P3k1/3P4/5K2/8/7r b - - 1 44	h1f1 f3e4 f1f7	751	0g0p111m1o1p
KU498	r2q1b1r/2pk4/p3b1Q1/np1p2p1/P7/1BP5/1PP2PPP/R3R1K1 w - - 1 16	g6e6	751	0n1314191b
MiBWw	6k1/pp3ppp/2p5/3p4/PP6/2P1q1PQ/7P/7K w - - 0 31	h3c8 e3e8 c8e8	751	0p13151i1o
MvNA4	r3nrk1/2bb1ppp/2n1p3/p2pP1B1/2pP4/2p2N2/PqQ2PPP/1B1RRNK1 w - - 0 18	c2h7	751	0y1314191b
OOVJ4	3q1bnr/pr1bkB1p/2np2p1/4p1N1/4P3/2N5/PPP2PPP/R1B1K2R w KQ - 0 12	c3d5	751	13141b1c
ObJpT	8/pp4k1/2pN4/8/7r/P7/1PP4P/2K5 w - - 0 38	d6f5 g7f6 f5h4	751	0g0p0s1o
PFN0O	r5k1/ppp2ppp/7P/8/6b1/2QP1N2/qPP1rPP1/2KR3R b - - 0 17	a2a1	751	1314191b
QkR08	8/6kp/p2rQ1p1/1p2pp2/1P3q2/P1N5/5p2/3K1R2 w - - 0 40	e6d6 f4d4 d6d4	751	0g0p0t111o
Rr61I	1r3rk1/4ppq1/p2p2pQ/1bpP3N/5P1P/1P6/P1B2nPK/7R w - - 3 27	h6g7	751	0y111314191b
SoIRx	7k/p1p1r1p1/1p2pNQp/1B3p2/7P/5P2/P1p3PK/2q5 w - - 2 34	g6h7	751	0p13141b
TT8xv	8/pR2p3/3r1kp1/rNp2b2/4pP2/1P2P3/1PP3R1/1K6 b - - 0 36	d6d1	751	0p13141b
UKf8d	8/ppk3pR/2p5/4P3/4pPP1/6q1/P3Qb2/7K b - - 7 32	g3g1	751	0p13141b
UQ73A	r4rk1/1p4p1/p1p1p2p/2Pp1p1q/1P1P4/P3PNn1/1B3QP1/R3R1K1 b - - 1 21	h5h1	751	1314191b
Umnl1	2r5/1bp2p1k/p5p1/1p2P2p/5P2/PP1Q3q/2P3RN/3R2K1 b - - 0 26	h3g2	751	0y1314191b
VKcCA	r3k2r/pp2Bpp1/1q2b3/3pR3/6n1/1N1P2P1/PPP2PB1/R2Q2K1 b kq - 0 15	b6f2	751	0y11121314191b
VKciV	r3r1k1/1pq2pp1/p2p3p/2pP4/2P1N3/4R2P/Pb3PP1/4RQK1 w - - 0 21	e4f6 b2f6 e3e8 a8e8 e1e8	751	010j0y1019
WDe2P	r4k2/pb2qp1Q/1p3pB1/8/2p5/8/P4PrP/R4K2 w - - 6 29	h7h8	751	111314191b
X3odZ	5b2/3N1k1p/p5p1/2pP1n2/2Pp4/P2r4/R4PPP/5K2 w - - 3 37	d7e5 f7g7 e5d3	751	0g0p0s1o
Xl0wA	k4b2/p4p2/Ppq5/1Pp2Q2/5B1R/6Pp/7P/6K1 b - - 0 42	c6g2	751	0p1113141b
YJmem	1r5k/1p4p1/3p3p/1P5q/2P1NPnP/6P1/R4bK1/1R1Q4 b - - 0 32	g4e3 g2f2 e3d1 b1d1 h5d1	751	0g0s1019
ZKiNB	8/8/4R3/8/5k1K/5P2/2r5/8 b - - 0 53	c2h2	751	0p13141b1m
ZQnp0	1r3n1k/pp1n2pp/3N1p2/3Pr2P/4p3/8/PP4P1/2B1RR1K w - - 3 29	d6f7 h8g8 f7e5	751	0g0s11191o
aLNV8	rn1q1rk1/pbp3p1/1p2pp2/3nP1NQ/1b1P4/2N5/PP3PPP/R1B1K2R w KQ - 0 13	h5h7	751	1314191b
aZKr0	r3k1nr/ppp2q1p/1b1pN3/8/4P3/2N2PP1/PP4B1/R2Q1R1K b kq - 0 18	f7h5 g2h3 h5h3	751	0y1315191o
c0SW8	8/4k2p/2P3p1/1rNK2P1/7P/8/8/8 w - - 3 54	c6c7 b5c5 d5c5	751	000g0p111o
cBoF1	8/p5b1/1p1q2kp/3p1p2/3P4/2PB1Q2/PP4P1/6K1 w - - 0 33	f3f5	751	0n0p13141b
cwHkq	1r4k1/6pp/2q5/R2p1Q2/1r1P1P2/4P1P1/1P1R3P/6K1 b - - 0 27	c6c1 g1g2 c1d2	751	010p0s1o
fm1no	5r2/8/pp1P4/1k6/6Rp/7P/PPR1Nr1P/6K1 b - - 2 47	f2f1 g1g2 f8f2	751	090p13151o
fqRNA	5r1k/6rp/6pN/p7/4p3/6P1/2q4P/5R1K w - - 0 30	f1f8 g7g8 f8g8	751	0p13151o
g01Ci	r1b1r3/pp3k1p/4pnp1/8/3q4/P2B2P1/1P4PP/R2QK2R w KQ - 0 17	d3g6 h7g6 d1d4	751	0g0j191o
hFKVN	2r1r3/6kP/p2p1b1R/2pPp1N1/2P5/P2B1P2/1P4P1/2K4R b - - 2 30	f6g5 c1c2 g5h6	751	010s0t191o
hhlR3	r4r2/ppR3pk/5q1p/3Q3B/8/8/PPP2PPP/R5K1 b - - 0 21	f6f2 g1h1 f2f1 a1f1 f8f1	751	06101316191n
igviB	8/1p2k2p/1P4b1/PNR1Pp2/5P1K/6P1/3r4/8 b - - 0 44	d2h2 h4g5 h2h5	751	0p13151d1o
iiodK	7r/5B2/1bPk2p1/p4p2/P1Pp1P2/3P2P1/4PN1r/R4K2 b - - 0 28	h2h1 f2h1 h8h1 f1g2 h1a1	751	010p101n1p
ijVDt	r1k2b1N/pp1np1p1/2p1p1Qp/3p4/3P1q1P/5P2/PPPN1n2/2KR3R w - - 3 18	g6e8 c8c7 e8a8	751	01191k1o1p
jCQHs	2r3k1/5pp1/p1P1p2p/8/4n3/3R3P/P5P1/2R4K b - - 1 25	e4f2 h1g1 f2d3	751	0g0p0s1o
kbVnS	q3k2r/1b2pp2/3p2p1/1Np4p/4PP1P/3PQ1P1/1b4B1/4R1K1 w k - 0 22	b5c7 e8d7 c7a8	751	0g0s191o
lBMIy	2kr3r/p2n1pp1/1pp1p2p/8/P1B1PB2/2bP4/6PP/1R3R1K w - - 0 23	c4a6	751	0a1314191b
m9756	r2q1rk1/p2nnppp/1p6/2ppPQNP/3P2P1/8/PP1N1P2/2R1K2R w K - 1 19	f5h7	751	0y1314191b
nNs6l	6k1/5pp1/1p1qp2p/p7/2P3P1/1P3Q2/P2rRPP1/6K1 b - - 2 32	d2d1 e2e1 d1e1	751	0p13151o
pMilU	rn3rk1/ppp1p2p/4b1pQ/3q4/3Pp3/8/PPP1PPP1/2KR1BNR w - - 2 13	h6h7	751	0y1314191b
pv6e6	5k2/5ppp/8/2PpN3/8/2r2P1P/7r/1K2R3 w - - 2 43	e5d7 f8g8 e1e8	751	060p13151o
rfAy6	2rq1rk1/p3pp1p/1pbp2pP/6P1/3QPn2/2N5/PPP1B3/R3K2R w KQ - 0 18	d4g7	751	1314191b
t5ol0	r2qk2r/3nbppp/p2pp3/6N1/P7/3bBQ2/1PP2PPP/R4RK1 w kq - 0 16	f3f7	751	041314191b
u8qwR	1k1r4/p1p4p/PpQb2p1/8/1P1q4/4r3/6R1/5RK1 w - - 8 40	c6b7	751	1314191b
vF7HG	r4r1k/pR5p/3p2p1/2p1b3/2q1P2Q/P6P/5PP1/5RK1 w - - 0 21	h4h7	751	1314191b
vOB5w	r5kr/1p2p2p/pqbppnpQ/8/4P1P1/1B3P2/PPP5/2KR3R w - - 0 22	b3e6	751	070y1314191b
vfvQ6	8/8/p2R4/6r1/1p6/5pB1/4rP2/5K1k w - - 2 61	d6h6 g5h5 h6h5	751	0p13151o
w3D1T	8/8/8/4P3/3K4/1k2Bp2/8/3n4 w - - 4 79	e5e6 d1c3 e6e7	751	000g0p1o
wITiO	4k3/7p/p2P4/4P3/6p1/2P3P1/7P/6K1 b - - 0 51	a6a5 g1f2 a5a4	751	0p
xcGGk	8/1k6/8/1K5p/p6P/P7/8/8 w - - 1 48	b5a4 b7b6 a4b4	751	0g0p111e1o
xjwNm	2r3k1/R4pp1/2rqp2p/3p4/1P6/2P2Q2/5PPP/5RK1 w - - 1 22	f3f7 g8h8 f7g7	751	0p1113151o1r
yU42u	2k5/4np2/8/1rp5/1p2N3/1R5P/6PK/8 w - - 0 36	e4d6 c8d7 d6b5	751	010p0s111o
3vS7Q	4rrk1/ppp3p1/2pb3p/5p2/2NP4/2RqBQ1P/PP2RPP1/6K1 b - - 0 20	d3d1 e2e1 d1e1	752	0y1315191o
4abKU	3r2k1/5pp1/2Q4p/4qP2/8/7P/R5P1/3R3K b - - 0 35	d8d1	752	0p13141b
5bFnp	r1bq1rk1/1pR3pp/p3p3/4p3/3P2Q1/8/PP3PPP/5RK1 w - - 0 19	g4g7	752	0y1314191b
5cMiB	8/2q3k1/R5pp/2p2p2/1pNp4/1PnP1Q1P/2P1rPP1/6K1 b - - 7 31	e2e1	752	0p13141b
6PF8k	2r2k2/5pb1/4p2p/1p6/4b1q1/1N5P/P2Q1PP1/1B1R2K1 b - - 0 34	g4g2	752	111314191b
803IP	r1q1k1nr/1p3ppp/4b3/6P1/1n1Q4/1P1P3P/1BPN1PB1/1K1R3R b kq - 0 18	c8c2	752	1314191b1k
80O86	r1bqkbr1/p1ppn2p/1p3Q2/8/2B1P3/8/PPP2PPP/RN2K2R w KQq - 1 10	c4f7	752	13141b1c
8DlDM	6k1/6pp/3p4/pppq1N2/2n1nPP1/P6P/2Q5/4B1K1 w - - 0 34	f5e7 g8f7 e7d5	752	0g0p0s11121o
9XccQ	1r4k1/1b3pq1/pQ2p1p1/8/P7/3B3P/2P3P1/5R1K b - - 0 30	b7g2 h1g2 b8b6	752	0g0j0p1o
AAWXd	3k4/1p5p/p1pp2b1/8/1PPnN3/P2P3P/7K/4R3 b - - 11 48	d4f3 h2g3 f3e1	752	0g0p0s11121o
Clc70	rnb1k1nr/ppp2pp1/3b3p/4q3/1P1N4/P1N5/2P1BPPP/R1BQR1K1 b kq - 2 11	e5h2 g1f1 h2h1	752	0y13151c1o
Cpa77	r3k2r/4bppp/p3bn2/1R6/QPP5/8/P2N1PPP/q1B3K1 w kq - 0 17	b5b8	752	0k0m1314191b
Czv0q	r2q1r1k/p4p1p/2pb1p2/8/3Q4/2N5/PPP2PNP/R4RK1 b - - 0 15	d6h2 g1h2 d8d4	752	010j0y191o
Du9pQ	2k2b2/ppp3p1/2n1p3/6B1/2Bp2r1/8/1PP2P2/2KR4 w - - 0 25	c4e6 c8b8 e6g4	752	0g0p0s1o
FFpJD	q5k1/b1p3p1/p2p1Q1p/3b4/1PP4n/P3P2P/1B3P1K/6R1 b - - 0 26	h4f3 f6f3 d5f3	752	010s191o
GHK9N	8/5p2/p3p3/3pPp2/PP3P2/6k1/8/7K w - - 0 50	b4b5 a6b5 a4b5 g3f4 b5b6	752	0g0p101e
Hfucf	r3kbnr/pp3ppp/4p3/3p1bB1/3q4/8/PPP1BPPP/RNQ1K2R w KQkq - 0 10	e2b5	752	0a13141b1c
HsUqg	8/4R1pp/8/K5k1/3n2P1/7P/8/8 b - - 2 51	d4c6 a5b6 c6e7	752	0g0p0s1o
I06Y0	8/p3r2p/3Npkp1/3n4/2R2P2/P5P1/1P4K1/8 b - - 0 42	d5e3 g2f2 e3c4	752	0g0p0s111o
IDIVv	r4b1r/1p2kppp/pq6/3p4/4n3/2PQ4/PP1N1PPP/R1B1R1K1 b - - 2 15	b6f2 g1h1 f2e1	752	010s191o
JGIpD	5r2/p3k3/2p1p1pb/4P2p/3PKP2/2B5/P7/5R2 w - - 8 29	c3b4 e7e8 b4f8	752	0g0p1o1p
K0jal	3q1rk1/1p3pp1/2pp3p/2b4n/4P3/2N4P/1BQP2PN/R6K b - - 0 21	h5g3	752	1314191b
KwPTQ	5rk1/pb3ppp/1p3n2/1B1r1N2/8/5P2/PR4PP/5RK1 w - - 5 22	f5e7 g8h8 e7d5	752	010s191o
LDHGK	r6k/6pp/8/2KQ4/8/4rp2/8/8 w - - 1 48	d5a8 e3e8 a8e8	752	060p0t13151j1o
NgskJ	r4rk1/3q1ppp/p3p3/1pb5/8/P2B1P2/1P1QN1PP/5R1K w - - 2 21	d3h7 g8h7 d2d7	752	0g0j0y191o
Nynhs	3R1bk1/1p1rp2p/6pB/5p2/8/7P/5PPK/8 w - - 0 29	d8f8	752	0p13141b1d
ONGEo	2b2k2/p4ppp/2q5/7P/5n2/2P5/P1P2PP1/3RR1K1 w - - 0 25	d1d8 c6e8 e1e8	752	0p13151o
S864j	6r1/1p3p2/2kr1p1p/PppN4/4P3/2P2PP1/4K2P/R7 w - - 4 27	d5e7 c6c7 e7g8	752	0g0p0s1o
SisV3	r1bq1k1r/pp2n1p1/2pp3p/2b2p1Q/8/1Bp5/PP3PPP/RNB1R1K1 w - - 2 14	h5f7	752	13141b1c
TysqW	rn2r1kb/pp2pp1p/2p3pB/4q3/4N3/8/PPPQ2PP/2KR1B1R b - - 0 15	e5b2	752	13141b1c1k
UIMnj	N1bk2B1/pp6/2np1p2/4p2p/4P3/8/PPPP1bPP/R1BK3R b - - 0 14	c8g4	752	0l1314191b
WAGLR	1k3b1r/pp1r3p/7p/8/2Qp4/8/P1P2PPP/qN2R1K1 w - - 0 18	e1e8 d7d8 e8d8	752	1315191k1o
We3sD	rnbq1k1r/pp3pp1/2p1p3/3pPnQp/1b1P3P/2N5/PPPB1PP1/2KR1BNR w - - 2 10	g5d8	752	0t1314191b
Xycf3	rn1qkbnr/p4ppp/1ppp4/4p3/2B1P3/2N2Q1P/PPPP1PP1/R1B1K2R w KQkq - 0 7	f3f7	752	0413141b1c
Y1n0t	r7/p4pkp/8/2R5/5p2/7P/Pn4P1/4K2R b K - 0 22	b2d3 e1e2 d3c5	752	010p0s1o
a2gGg	8/3r3p/p1k1b1p1/2p2p2/P7/1PPNP3/2K5/7R w - - 6 35	d3e5 c6c7 e5d7	752	010p0s1o
be1Bm	5k2/8/5p2/1K1B4/2p5/3b1P2/6PP/8 b - - 0 48	c4c3 b5b4 c3c2 b4c3 c2c1q	752	00080g0j0k0p101h
by3tZ	1r3r2/p6p/8/2RB4/2P1P3/2k1P3/P5PP/6K1 b - - 0 27	b8b1	752	0p13141b
c3hpS	6k1/ppp3Pp/2p2Qb1/3q4/8/7P/PP2rBP1/5RK1 w - - 2 27	f6f8	752	0p1113141b
cB76j	8/2k5/2p1n1B1/p1p1p3/2P5/P2K4/1P4P1/8 b - - 3 38	e6f4 d3e4 f4g6	752	0g0p0s1o
dN939	8/8/3Q1K2/5p2/kr6/1r2P1P1/8/8 w - - 36 71	d6a6	752	0p1113141b1j
dv4HX	5rk1/Q6R/b4q1p/3p4/4p3/4P3/5PPP/2R3K1 b - - 3 35	f6f2 g1h1 f2f1 c1f1 f8f1	752	060p1013161n
ePN2D	r1b2rk1/p4ppp/1p2p3/5q2/3n1P2/P3Q2P/1PPB2P1/2KR1B1R b - - 2 18	f5c2	752	1314191b1k
f4lwY	8/8/1p2p1k1/1Kp3p1/2P1P1P1/3Ppn1P/1P2N3/8 b - - 1 50	f3d4 e2d4 c5d4	752	0g0p0z1o
fL5rE	2r3k1/5ppp/p2b1q2/3P4/Pp1P4/1Rr1BB1P/Q3RPP1/7K b - - 0 25	c3c1 e3c1 c8c1 e2e1 c1e1	752	0y101316191f1n
h1Z7D	2r2r1k/p2R2b1/6Qp/2q1p3/8/2N5/PP3PPP/R5K1 b - - 2 26	c5f2 g1h1 f2f1 a1f1 f8f1	752	06101316191n
ivaZv	4R3/1p3Npk/p5p1/3pKpB1/1r6/8/P7/8 b - - 3 37	b4e4 e5d5 e4e8	752	010p1o1p
jADkW	2k1rr2/1ppn2pp/6p1/3P4/1PP1q1P1/R6P/P3BP2/4QK1R b - - 6 23	e4h1	752	0t1314191b
lMcqm	r4rk1/pbp1qpb1/1p1p4/4p3/3PPn2/1BP2NQ1/PP4PP/R1B2RK1 b - - 2 18	f4e2 g1h1 e2g3	752	010s11191o
lpStd	4k3/R7/4K1p1/6r1/P6p/8/8/8 w - - 0 47	a7a8	752	0p13141b1m
mVA6E	3q1rk1/r4pp1/3b3p/p2Q4/Pp1pR3/3P3P/1PP2PP1/R1B3K1 b - - 1 21	d6h2 g1h2 d8d5	752	0g0j191o
mzZw4	8/p7/1p1p1p1p/1P1Pk1p1/P1P5/1r1BKPPP/8/8 w - - 1 36	f3f4 g5f4 g3f4	752	0p13151o
ngJA1	6k1/1p1R1p1p/p4Kp1/2b1Pp2/P1p2P2/8/7q/3R4 w - - 0 35	d7d8 c5f8 d8f8 g8f8 d1d8	752	050p1013161n
o3tPr	3k2r1/1pp3qp/p2b4/5p2/3N4/P1N2P1P/1PP3P1/R4RK1 w - - 1 21	d4e6 d8e8 e6g7	752	0g0s191o
ojK7c	8/8/8/4K3/8/5k1p/7P/8 b - - 8 74	f3g2 e5e4 g2h2 e4f3 h2g1	752	0g0p101e
pip3i	5rk1/pp3pBp/2p3p1/3p1q2/3P4/2P3Q1/PP2RPPP/6K1 b - - 0 21	f5b1 e2e1 b1e1	752	0p0y13151o
pmvTD	8/8/8/8/8/kr6/2K2R2/8 b - - 26 69	b3b2 c2d3 b2f2	752	0g0p111m1o1p
qY9KK	7k/6p1/1q3p1p/1P2p3/P3P3/3Q3P/2r2PP1/B2R2K1 b - - 0 35	b6f2 g1h2 f2g2	752	0p13151o
reE3S	8/1r4p1/1Bb1k2p/2P1pp2/p7/P5P1/5K1P/3R4 w - - 1 43	d1d6 e6f7 d6c6	752	010p0s1o
sLeUT	rnb1k2r/pp2ppPp/3p2p1/2q5/4n3/2B5/PPP2PP1/RN1QKBNR b KQkq - 0 9	c5f2	752	041113141b1c
sVtC1	rnbqr1k1/5ppp/p4b2/1p1p4/2pP4/2P2N2/PPB1QPPP/RN2R1K1 w - - 0 14	e2e8 d8e8 e1e8	752	0y13151c1o
se22D	3rk3/1p1b1p2/p2Bp2b/q3n1p1/4Nn2/3B4/PPP2PPP/3R1RK1 w - - 0 23	e4f6	752	1314191b
t2XOo	7k/7p/1p1R2p1/p1p2p2/P1P5/1P1K4/5PPP/4r3 b - - 3 30	e1d1 d3e2 d1d6	752	0g0p1m1o1p
tDHAj	k2r4/P1R3pp/8/2p2p2/2r5/6P1/3p1P1P/3Q2K1 b - - 1 34	c4c1 g1g2 c1d1	752	0g0p1g1j1o
tH30W	r6k/p5pp/2Qp1r2/8/P7/2p1P1PK/4q2P/8 w - - 4 42	c6a8 f6f8 a8f8	752	0p0t13151o
toRpm	3b4/5p2/8/3k1p2/2pP4/1pK1PPP1/1P6/rN1R4 b - - 0 37	d8a5	752	0p1113141b
twm0O	r3r3/1p1n1k2/4ppp1/3p2p1/3P2P1/1PB3P1/2P1RPK1/7R w - - 7 29	h1h7 f7g8 h7d7	752	0g0p1o1p
uFkOr	1k1q4/pp5Q/2P2r2/2b5/8/2N5/PPP3PP/3R3K b - - 0 23	d8d1 c3d1 f6f1	752	060p13151n1o
uSk7K	1k1r2r1/3p1pbp/q1b1p3/1N2n3/Pp2PB2/6Q1/1PP3PP/R4R1K w - - 0 22	f4e5 g7e5 g3e5	752	01191k1o
vAusQ	3Rr1k1/5ppp/p4q2/1pp1r3/8/1P2Q2P/P1P3P1/3R2K1 w - - 2 24	d8e8 e5e8 e3e8	752	0p13151o1y
vcS0t	r5k1/1b4pp/p1q2p2/1p2R3/3N4/1P1P3P/1PP1Q1P1/7K b - - 0 25	c6g2 e2g2 b7g2 h1g2 f6e5	752	010p10
yMTXz	r1bq1r2/4bp1k/p1n1pB1p/3p4/8/2NP1NQ1/1P4PP/R3K2R w KQ - 3 23	g3g7	752	1314191b
zaPyZ	r6n/2pk2p1/2n1p1Pp/1N1pPp1P/3P1P2/7R/1PP5/2K3R1 b - - 2 38	a8a1 c1d2 a1g1	752	010p1o1p
2PtXD	3n4/3kbR2/p1p2pK1/1pB5/6P1/1P6/P7/8 b - - 5 63	d8f7 g6f7 e7c5	753	0g0p1o
2RWXe	4r1k1/5ppp/1p3n2/1P3r2/2B2q2/1Q5P/PP2p1P1/2R1R1K1 w - - 0 31	c4f7 g8h8 f7e8	753	0g0s11191o
2zENs	5k2/p2b1ppp/B1p5/P2pq3/1P4nN/R3P3/3N2PP/2B2RK1 b - - 4 20	e5h2	753	0y11121314191b
3CTYJ	4r3/pp3R1p/5Pp1/4k3/5p1P/5P2/PP6/1K6 w - - 1 30	f7e7 e5f6 e7e8	753	0g0p1m1o
3lVxM	3r1r2/ppp2pkp/3b4/3R4/5P2/3B2P1/PPP4P/2K4R b - - 2 19	d6f4 g3f4 d8d5	753	010j0p1o
4BoiQ	7k/5rpp/b3Q3/8/4P1PP/2qp1P2/3R2K1/8 w - - 0 46	e6e8 f7f8 e8f8	753	0p0s13151o
62ZFz	r4rk1/pp6/2b1p1pp/q1p1P3/8/2P3QP/P1P2PP1/R3R1K1 w - - 0 19	g3g6 g8h8 g6h6	753	0g0y191o
6PEm8	r4r1k/pp3ppp/4p2Q/7n/2Pq4/3B1P1P/P4P2/R4RK1 w - - 0 19	h6h7	753	0y1314191b
6QpxI	2r3k1/5ppp/1p6/1Nb1n3/8/2P3P1/3R1P1P/R5K1 b - - 1 29	e5f3 g1g2 f3d2	753	0g0p0s111o
6oNv7	r1bq1rk1/pp2pp2/3pN1p1/3n3p/7P/2Q2P2/PPP3P1/2KR1B1R w - - 3 16	c3g7	753	1314191b
7L60Z	6R1/ppk5/1np4p/4qr2/8/3Q3P/PPP1N3/2K5 w - - 2 31	d3d8	753	0n0p13141b
7PMuy	5r1k/pp1b2p1/4p1P1/3p4/3n4/6q1/P3Q1B1/6K1 w - - 0 34	e2h5 h8g8 h5h7	753	0p13151o
7oQo7	3k3r/R7/1pp5/8/4p2p/2P1b1P1/PP4KP/8 w - - 0 28	a7a8 d8e7 a8h8	753	0g0p1o1p
AqrLF	rnb1kb1r/pp1p1ppp/2p1p3/4P3/4nP1q/3P1N2/PPP1K1PP/RNBQ1B1R b kq - 2 6	h4f2	753	13141b1c1s
GIB05	r1b2rk1/ppp2ppp/1b3q2/3P4/1P2Qp2/P4N2/2PB2PP/2KR1B1R b - - 0 15	f6a1	753	13141b1c
GgNIP	7k/5pp1/2p3q1/2Pp4/4r3/2PQ3P/5PP1/R5K1 b - - 3 28	e4e1 a1e1 g6d3	753	010j0p1o
GnakN	8/2p5/3q3p/8/7k/7P/6Q1/1K6 w - - 11 56	g2g4	753	0p13141b1i
J08ei	1r3k2/pp3ppp/2p5/2N5/8/P4b2/1P3P1P/2R3K1 w - - 2 26	c5d7 f8e7 d7b8	753	010p0s1o
J0HWR	r6k/1p4pp/p1q3r1/8/1P3R2/P2p2P1/1Q5P/5RK1 w - - 0 32	f4f8 a8f8 f1f8	753	0p13151o
JAQtc	6rk/ppp1R1pp/8/3P1p2/6q1/8/QB3PPP/6K1 b - - 0 28	g4d1 e7e1 d1e1	753	0p13151o
JmEOj	5r2/2p5/3p1kp1/pPpPb1N1/P1P1R3/8/6K1/8 w - - 1 36	g5h7 f6f7 h7f8	753	0g0p0s1o
JxRSS	r1bq1k1r/ppp1b1pp/2np1n2/7B/4P3/1QP2N2/P4PPP/RNB1K2R w KQ - 3 10	b3f7	753	13141b1c
KPyH7	3r3k/6p1/p6B/2b1Q3/8/1P6/P4RPP/6K1 b - - 0 29	d8d1 e5e1 d1e1	753	0p13151g1o
Npni5	r1bq1b1k/ppp4r/2n1pN1P/3pP3/3P4/P1N5/1PP2P2/R1B1K1R1 w Q - 0 21	g1g8	753	031314191b
O7WuZ	1Q3bk1/5N2/4p1p1/3n2Np/P6P/5P2/1Pr2qP1/3R3K b - - 0 36	f2g2	753	111314191b
PDIxF	8/8/p4p2/1p5R/1k2n1PP/2r1N3/4K3/8 w - - 0 60	e3d5 b4c4 d5c3	753	010p0s1o
PIrFo	r5k1/pb1p2pp/5r2/1NB2p2/P7/6PK/1PP1N2P/R4R2 b - - 0 20	f6h6	753	1314191b1f
U4Oul	r5k1/5pp1/p2N1nqp/2Qb4/2B5/8/PP3PPP/4R1K1 b - - 0 23	g6g2	753	111314191b
UDbih	2r4k/p4Q2/1pn1p2p/4bp2/5q2/B7/P1R3PP/4R2K b - - 1 28	f4h2	753	1314191b
UzlSN	r1b3k1/3pQ1pp/1p2p1r1/p2qP3/3P1p2/8/PPPR1P1P/1K4R1 w - - 2 21	e7e8	753	111314191b
V4arZ	r5k1/p1pr1ppp/4p3/8/1PPn1P2/P3q1PP/3RB1Q1/4KR2 w - - 5 23	g2a8 d7d8 a8d8	753	060t1315191o
YQcEV	6k1/5p1p/2Np2p1/3qb3/8/4Q2P/5PP1/6K1 w - - 4 39	c6e7 g8g7 e7d5	753	010p0s111o
ZKFmf	r7/5pp1/4p3/3k4/p1Np4/B4KP1/5P2/8 w - - 2 43	c4b6 d5c6 b6a8	753	010p0s1o
ccFE4	8/5ppk/7p/p2B4/Pp6/1P4PP/2r3PK/8 w - - 2 34	d5e4 h7h8 e4c2	753	0g0p0s1o
eTPqe	7r/p1pk4/Qp3p1r/1P1p1R2/3P2p1/1PP3P1/5R2/6K1 b - - 0 26	h6h1 g1g2 h8h2	753	090p13151j1o
fbtUu	r2q1rk1/p4ppp/bp1n4/3pnQP1/7P/2P4N/PPBN1P2/R3K2R w KQ - 2 17	f5h7	753	0y111314191b1r
gchOZ	8/pp2Q3/1qp1B2p/4b3/kP1r4/P4R2/2R3P1/7K b - - 2 34	d4d1 f3f1 d1f1	753	111315191f1o
iH6W8	r2qkbnr/1p1np2p/p7/3pp1p1/3P4/6B1/PPP2PPP/R2QKB1R w KQkq - 0 11	d1h5	753	13141b1c
iK7Ft	r2qk2r/pp1b1ppp/8/8/4n3/BQP1P1P1/P1KP3P/5RNn w kq - 0 17	b3f7	753	041314191b
kdyU7	8/7R/8/8/3k4/8/5K2/3q4 w - - 0 64	h7d7 d4c4 d7d1	753	0g0p1j1o1p
lRkpK	8/2k5/P1p5/4n2p/1QP1P1p1/5nPb/1P3K1P/8 b - - 0 44	e5d3 f2e3 d3b4	753	0g0p0s111o
ly9b9	8/7p/4k2r/2pp4/3n1p2/R4P2/PP3P1P/5K2 w - - 10 33	a3a6 e6f5 a6h6	753	0g0p1o1p
nAmsX	r4rk1/1b1qbpp1/p3p2p/1pp1P3/8/P1PBP1B1/5PPP/R2Q1RK1 w - - 1 17	d3h7 g8h7 d1d7	753	0g0j191o
oM3TJ	6k1/p2r1p1p/1pn2qp1/2p5/4Q3/2P3P1/PP3PKP/4R3 w - - 2 28	e4e8 g8g7 e8d7	753	0g0p0s1o
pEt7g	r1b2r1k/7p/pn4pQ/1q1pP3/NppR2P1/1P6/P1P1B2P/6K1 w - - 0 28	h6f8	753	0y111314191b
pOzm0	r2q1kBr/ppp3pp/2np4/b7/3PP3/1Q6/P4PbP/RNB2RK1 w - - 0 12	b3f7	753	1314191b
qPPjf	1r2r3/1bp2pkp/1p1p1qp1/p2P4/Q7/2P3PP/P4PB1/R3R1K1 w - - 2 24	e1e8 b8e8 a4e8	753	0111191o
qopSy	8/8/8/p1K5/P1p5/2k5/2P5/8 w - - 0 50	c5b5 c3d4 b5a5	753	0g0p1e1o
rztD4	3r1rk1/pQR3pp/4pp2/3p4/3P4/PP5n/6PP/R5NK b - - 0 26	h3f2	753	1314191b1q
sq3nr	2r5/4k3/2rpp3/6pp/4Pp2/1P3P2/1P1RR1PP/1K6 b - - 0 31	c6c1 b1a2 c8a8	753	0p13151m1o
uxg9U	2r1r1k1/1pp1bpp1/p2p3p/3Nn3/5P1P/2PP4/PP1K1P2/4RB1R b - - 0 19	e5f3 d2d1 f3e1	753	0g0s191o
v0Thv	r3r1k1/1b1nqpp1/p6p/2pn4/2pP4/P2Qp3/1P2N1PP/RBB2RK1 w - - 0 21	d3h7 g8f8 h7h8	753	0y1315191o
vHxbx	8/1pr5/p2prkpp/4pp2/2P5/P1NP4/5PPP/4R1K1 w - - 0 25	c3d5 f6f7 d5c7	753	0g0p0s1o
ve5kg	r4rk1/pp3ppp/2b1p3/6q1/3P1Q2/3BP3/P1P3PP/R4R1K b - - 6 17	g5g2	753	0y1314191b
wGLXb	6nr/6p1/3rkpPp/1b3N2/p3PP1P/8/KPP5/3R4 w - - 0 32	d1d6	753	0p0u1113141b
yMatv	8/1p4kp/pR4p1/4b1P1/1P5P/P7/2P5/6K1 b - - 2 41	e5d4 g1g2 d4b6	753	0g0p0s1o
ynvRn	6k1/p4ppp/2p2b2/5Q2/4pB2/1P5P/q5PK/8 w - - 0 35	f5c8 f6d8 c8d8	753	060p13151o
z2BTM	2r3k1/qbQ2pp1/p3pn1p/3p4/1P1P4/P2BP3/5PPP/2R3K1 w - - 2 26	c7c8 b7c8 c1c8 f6e8 c8e8	753	0y101316191f
zTFHB	2k4r/1p6/2p1Rp2/3p2b1/3B1qP1/2PQ1P2/PP6/1K6 b - - 2 26	f4c1	753	0p13141b
0iMvC	5rk1/3p1p1p/p3pBpQ/1p6/4r3/5P2/P3qP1P/R4R1K w - - 0 27	h6g7	754	1314191b
0pT25	8/1P3rp1/2k4p/2p1p3/N2bK1PP/3P4/8/1R6 b - - 0 43	f7f4	754	0p1113141b1f
1CJ5K	r1bq4/1p1kbp2/p1p1p2Q/3pP3/4P3/2N5/PPP2P2/2KR1B2 b - - 1 19	e7g5 h6g5 d8g5	754	010s191o
1FGuv	2kr3r/1pp1qpp1/p3p2p/4n2n/B7/2bPB2P/P1P3QP/1R3RK1 w - - 0 18	g2b7	754	1314191b1k
1w0gC	1br2rk1/1Q4pp/4p3/4Bq2/1PP5/5N2/5PPP/5RK1 w - - 3 25	b7g7	754	111314191b
1zSpS	3r3r/p3nk1p/2p1b1p1/4P3/4N3/8/PP3PPP/R4RK1 w - - 0 18	e4g5 f7g8 g5e6	754	010i191o
3ell4	8/b7/P3k3/1R1bp3/6p1/4P3/5PPP/5K2 b - - 10 54	d5c4 f1g1 c4b5	754	0g0p0s1o
45OTm	5r2/p3kpRR/1p2P3/5K2/5P2/8/2r4P/8 w - - 0 35	g7f7 f8f7 h7f7	754	0g0p1m1o
4Bqte	8/1b6/5kp1/8/8/1P3p1P/2B1N2P/5R1K b - - 0 37	f3f2 c2e4 b7e4	754	000j0k0p13151o
4yVT9	8/1p6/p2p1k1p/2pP1p2/P1P1nP2/1P1BK2P/8/8 w - - 0 41	d3e4 f5e4 e3e4	754	0g0p11121o
51ovp	r5k1/p3pp1p/3p1bpP/q1p2nP1/1p2QP2/1PnP4/P1PB4/2KR3R w - - 3 23	e4a8 a5d8 a8d8	754	0t111315191o
5Z3Ss	8/b2n1ppk/7p/3P1P1P/8/1PB5/2P1K1Q1/2q5 w - - 3 46	g2g7	754	0p1113141b
64kWQ	8/1pk3bp/p1pNpp2/2P1p3/PP6/7P/5PP1/6K1 w - - 1 27	d6e8 c7d7 e8g7	754	0g0p0s1o
7l9he	5rk1/6p1/p2q3p/3p4/P1p1p2Q/2P1P2P/1R4P1/5N1K b - - 0 31	f8f1	754	0p0t13141b
AaHfi	6k1/2r5/1r1Np3/4P3/2PP2P1/5N2/R3n1PK/8 b - - 6 35	c7h7 f3h4 h7h4	754	020p13151o
AgVpr	r1q1b1k1/4p2p/p3P1pB/1ppP2P1/2P5/2b5/PP2N3/5RK1 w - - 0 27	f1f8	754	1314191b1d
BJJd1	1Q6/p2krp2/8/8/1b6/8/P2p1PPP/3R2K1 b - - 0 29	e7e1 d1e1 d2e1q	754	000p13151h1o
CqtKi	rn1qkr2/pp2ppQN/2p5/3p3R/3P4/8/PPb1PPP1/R3KB2 b Qq - 0 14	d8a5 b2b4 a5b4	754	1315191o
D77yd	1r6/5Qbk/b6p/4PN1p/8/p1q3P1/6nN/7K w - - 0 36	f7g7	754	11121314191b
DUFYu	5rk1/pQp2ppp/4bq2/8/6n1/2P3P1/PP1NP1BP/R5KR b - - 0 16	f6f2	754	1314191b
Daitj	8/8/8/1k6/2n3P1/4PK1P/1p3P2/1R6 b - - 3 54	c4d2 f3e2 d2b1	754	0g0p0s1o
EMN3E	r1b1r1k1/ppp2ppp/8/8/6nq/1P1B2N1/PQP2PPP/3RR1K1 w - - 7 18	e1e8	754	0t0y1314191b
F2BvQ	r2qkb1r/ppp1pppp/2n5/4Nb2/n1B5/P3P3/1P1P1PPP/R1B1K2R w KQkq - 0 10	c4f7	754	0413141b1c
FM3RX	r3kbnr/pb3p1p/2n2qp1/4N3/3Pp3/7Q/PPP2PPP/RNB1K2R w KQkq - 0 10	h3d7	754	13141b1c
GMbDL	r2q1rk1/1p3pp1/p2p1P1p/P1pPp3/2P1n1Qb/7P/1PB2PP1/R3K2R w KQ - 0 20	g4g7	754	0y1314191b
HugZj	8/7R/8/4K3/1k2r3/8/7p/8 w - - 0 46	e5e4 h2h1r h7h1	754	0g0p0t111m1o
IEDRT	8/8/1p4k1/8/3P1KNP/3r4/7P/8 w - - 1 47	g4e5 g6g7 e5d3	754	0g0p0s1o
JiaiK	8/1r2k3/3bp3/3pq1p1/8/2PQP3/PP4P1/1K1R4 w - - 8 34	d3h7 e7d8 h7b7	754	0g0p1o1p
KQUYn	r2q1rk1/pp3pbp/6p1/3Bn3/8/2N1P1PP/PP1Q1P2/R4RK1 b - - 0 15	e5f3 d5f3 d8d2	754	01191o
KrHst	8/Q1pq2pk/7p/5p2/8/P6P/1r2NPP1/3R1K2 b - - 0 38	d7d1	754	0p0t13141b
L8JfM	8/6pk/2R4p/1pP1p3/4P3/4P1P1/2r4r/1R1N1K2 b - - 1 38	h2h1	754	0p1113141b
LSaKN	r1bqk2r/ppp1bppp/8/4N3/8/1QPP3P/PP3PP1/RNn2R1K w kq - 0 13	b3f7	754	0413141b1c
MRsfD	1r2r3/p2n1k1p/4p2B/1Ppb1pQ1/qb1P3P/3B4/1PR2PP1/1K5R w - - 0 26	g5g7	754	111314191b1s
O9ZQH	7k/pp2pB2/4p2p/2p1N3/2P2r2/7P/P5K1/8 w - - 0 41	e5g6 h8g7 g6f4	754	010p0s111o
OFMA8	1r2rk2/pQ4pp/5n2/q1p1pP2/8/1BN5/PPP2PPP/5RK1 w - - 0 19	b7f7	754	1314191b
R9NKf	r1b1k2r/5pp1/2qpn2p/p2N4/2B5/R3PNQ1/5PPP/4K2R b Kkq - 0 18	c6c4 g3d6 c4c1	754	0g191o
STJzR	3R4/p2R4/1p3Kpk/8/8/P1p1q3/6b1/8 w - - 0 45	d8h8	754	0p13141b
T0CnR	2r3k1/Bp3p1p/7p/3p4/8/1P3B2/P5PP/2rR2K1 b - - 0 29	c1d1 f3d1 c8c1 g1f2 c1d1	754	0d0g0p10111g
TkpX0	rqb1k2r/1p1p1pp1/p3p3/2b4p/2BNP1n1/P1N4P/1P1B1PP1/R2Q1RK1 b kq - 0 14	b8h2	754	13141b1c
U90s0	3rk1r1/ppp2p2/4p3/6B1/1P2PP1Q/P3q2P/4b2K/3R4 w - - 0 26	d1d8	754	1314191b1d
WDP2z	3r2k1/1pp3p1/p3p2p/5p2/P2P1b1q/1P3P1B/1B6/R3Q1RK b - - 0 28	h4h3	754	0y111314191b
WM1dt	r4rk1/5p1p/p2pbqpQ/1pp3N1/2P1P3/2N5/PPP3PP/R5K1 w - - 0 17	h6h7	754	0y1314191b
WrBRS	8/1p6/4b2p/3pNppk/P7/1r6/r4BK1/3R4 w - - 0 42	d1h1 b3h3 h1h3	754	020p13151o
XAq0M	2R5/1p4pk/pP4qp/8/1P1Ppr2/PQ5P/7K/8 w - - 2 30	b3g8	754	0p13141b
aaj5O	rn1qkb1r/pp1b1ppp/5n2/3Q4/2B5/2N5/PP3PPP/R1B1K1NR w KQkq - 1 9	d5f7	754	0413141b1c
dt65A	r1r3k1/pp3ppp/1b2p3/3pP3/1P1n4/P1R2N2/1B2KPPP/7R w - - 0 19	f3d4 c8c3 b2c3	754	01191o
fmTGf	3r2k1/p3q2p/1p2P1p1/2p5/5P2/6P1/P3Q2P/3R2K1 w - - 2 30	d1d8 e7d8 e6e7	754	000g0p1o
hXE3k	8/4k3/4P3/4bB2/p3K1P1/8/8/8 b - - 5 65	a4a3 e4d5 a3a2 d5e5 a2a1q	754	00080g0p10111h
ha7aZ	7k/6p1/7p/8/p3q3/Pr1bN2P/3K1Q2/1q4R1 w - - 0 38	f2f8 h8h7 g1g7	754	111315191o
hnplo	2kr3r/pp6/2pbp3/6p1/6P1/2N1P1Pp/PP1R1P1K/5R2 b - - 1 23	d6g3 h2g3 d8d2	754	010j0p1o
horAy	8/3p3p/2BP1kp1/5p2/5P2/4K3/7P/8 b - - 0 38	d7c6 d6d7 f6e7	754	0g0p1o
i7qnT	r3r1k1/pp1q3p/2p2Q2/5p2/1bP5/8/PP2BPPP/3R1K1R b - - 11 19	d7d1 e2d1 e8e1	754	1315191d1n1o
i9HrI	1k1rr3/1p3ppp/p1p5/5P2/6Q1/N7/1PP3PP/2K3NR b - - 2 24	e8e1 g4d1 e1d1	754	0p13151k1o
j6GHy	r1b2k1r/pp1qn1p1/2np2Bp/b7/8/BQp2N2/P4PPP/RN3RK1 w - - 0 14	b3f7	754	13141b1c
jKVtx	7k/p3r1pp/b1pR1p2/8/2p5/5N2/q4PPP/4R1K1 w - - 0 28	d6d8 e7e8 e1e8	754	060p13151o
jVoGc	4R3/p7/3p3p/2pP3K/3k1b1P/P4B2/5P2/6r1 w - - 5 44	e8e4 d4c3 e4f4	754	010p0s1o
kDMAE	5Q2/3qP1rk/p7/1pp5/3bp3/PP5P/2P5/3R1R1K b - - 0 33	d7h3	754	0p13141b
kHeEx	6rk/8/3p3p/2pP4/4R3/3n1p2/7P/R6K b - - 0 45	d3f2	754	0f0p1113141b
kxPDg	r1bqr1k1/p5bp/2p3p1/3p4/8/2PnRN2/PP2Q1PP/R1B3K1 w - - 0 18	e3e8 d8e8 e2e8	754	0g0s11191o
kxp09	r3k3/3pb3/p1n3N1/2p1pP2/Pp2B3/1P4P1/2PBn3/R6K b q - 2 32	e2g3 h1g2 g3e4	754	010s11191o
mAxJX	r1b1r2k/ppp1qppp/8/8/1Pn2P2/P1Q1P3/1B4PP/3R1RK1 w - - 0 17	c3g7	754	0y1314191b
mX2u3	4R3/ppR2pkp/5qp1/8/2P5/8/P4PPP/6K1 b - - 0 24	f6a1 e8e1 a1e1	754	0p13151j1o
mvLyB	r4k2/ppp2pp1/3p1b2/3P4/2P1r3/3R4/PP1B4/2K4R w - - 1 36	h1h8 f8e7 h8a8	754	010p1o1p
nCrth	2Q1r3/pB2qp2/6pk/5b1p/8/8/PQ3PPP/2R4K b - - 0 35	e7e1 c1e1 e8e1	754	061315191n1o
nTbxD	R4rk1/5ppp/8/1p1Q4/5q2/8/5PPP/2R3K1 b - - 0 23	f4c1 d5d1 c1d1	754	060p0t13151o
nYzqF	r1b2r1k/1pnp2p1/p3pqQp/8/8/3B1P2/PP3P1P/R1B2RK1 w - - 0 19	g6h7	754	1314191b
ngwEv	r3k1r1/p4p1p/2qbpQ2/1p4N1/3P4/2N3Pb/PPP2P1P/R3R1K1 b q - 3 20	c6g2	754	1314191b
nsoBC	3r4/1p3p1k/p1p1r1p1/8/1PP1p3/P7/1B2KP2/6R1 w - - 0 32	g1h1 h7g8 h1h8	754	0p13151d1o
oOOlh	5r2/pp4kp/6p1/6N1/7P/1P1n2P1/1p3P2/1R4K1 w - - 1 37	g5e6 g7g8 e6f8	754	010p0s111o
olKq7	8/8/p4kq1/1p1P4/5P2/P1P1RK2/1P6/8 w - - 5 56	e3e6 f6g7 e6g6	754	0g0p1j1o1p
pbokx	r2qk2r/p1pp1ppp/1p2p3/3Pn3/2P2Q2/8/PP1B1PPP/R3K1NR b KQkq - 1 12	e5d3 e1e2 d3f4	754	010s191o
raMlX	8/1p6/1PbPK1k1/5pp1/8/7p/7P/4B3 w - - 0 46	d6d7 c6d7 e6d7	754	00080g0p1o
rdEIR	3qr2k/4R1pp/1p1P4/2n5/3Q4/7P/5P2/4K3 w - - 3 38	d4g7	754	0p13141b
rfChp	2Q5/4rpkp/p7/1p1R4/1P6/P3q3/5RPP/7K b - - 0 31	e3e1 f2f1 e1f1	754	0p0s13151o
s5TPt	5rk1/1p3pp1/p5q1/2pPpN1n/4Pb1p/1P3P1P/P3B1P1/3R2KQ w - - 4 31	f5e7 g8h7 e7g6	754	010s191o
uQavT	rn1q1rk1/pbp3p1/1p1b1p2/3p2NQ/3P4/8/PPP2PPP/R1B2RK1 w - - 0 13	h5h7	754	13141b1c
y2sXN	7k/6Rp/r6P/4p3/1p6/2q5/2PN4/1K4Q1 b - - 2 43	a6a1	754	0p0x13141b
ywtLf	r4br1/pp1k1p2/2p3qp/3p1p2/5p2/P1PP1N1P/1P3PP1/R2QR1K1 w - - 2 23	f3e5 d7c7 e5g6	754	0g0s11191o
zhdOj	1qr1rbk1/1p3p2/p1n1bB1p/4p1N1/1P6/P2BP3/5PPP/2RR2K1 w - - 0 26	d3h7	754	1314191b
1bJcc	7k/8/1q3NK1/4N3/8/8/8/8 w - - 8 61	e5f7	755	0p1113141b1r
2IAd3	r2r2k1/pb3ppp/1p2p3/8/3b1P2/2N5/PP1RBPPP/2R3K1 b - - 1 16	d4f2 g1f2 d8d2	755	0g0j0y191o
2Yvqx	8/p1p4k/2pp1Q2/7p/8/7q/P1P3r1/3RKR2 b - - 3 45	h3e3	755	0p0q13141b
3pkOx	r5k1/2q2p2/2p2Q1p/1p1pN1p1/1P1P2P1/2P2Pn1/6P1/2R3K1 b - - 3 29	g3e2 g1h2 e2c1	755	010p0s111o
4QBIs	r5k1/ppp1b1pp/2n5/1P1Np3/2P1P1q1/P2B1N1b/5P1K/R2Q1R2 b - - 4 20	g4g2	755	111314191b
4tgz1	4kb1r/5ppp/p2p4/2pB4/1r1qP3/PN3P2/5RPP/1RBQ3K b k - 0 21	d4d1 f2f1 d1f1	755	0t0y1315191o
6F4nT	2b5/p5k1/2p1p3/3nP3/2pPK3/P5P1/8/2BB4 b - - 6 35	d5c3 e4e3 c3d1	755	0g0p0s111o
6x70K	4r1r1/3q1k2/1bb3p1/pp2Bp1p/2pP3Q/2P1R3/2B2PPP/R5K1 w - - 0 29	h4f6	755	1314191b1s
7qnAt	rn1kr3/1pp2p2/p2b1p1p/1B1P3q/6b1/5N2/PP3PPP/R1B1R1K1 w - - 0 17	e1e8	755	13141b1c1d
7ynHd	3r2k1/p4pp1/7p/1p2pN2/2b1P3/2P2P2/Q4RPP/3R2K1 b - - 0 25	d8d1 f2f1 d1f1	755	0p13151d1o
84uCR	4rr1k/pppb2p1/2nbp1Qp/6q1/3P1p2/2PB2B1/PP3PPP/R3R1K1 w - - 0 19	g6h7	755	1314191b
90Aje	r4bk1/1pn5/3p2P1/p1pPp2p/2P1N2q/P4Pp1/1PQ1B1P1/3R1RK1 b - - 2 25	h4h2	755	1314191b
BXRAI	1r1r2k1/p4pp1/2B2p1p/1P1P4/5qn1/P4Q2/2P2PPP/R4RK1 b - - 4 24	f4h2	755	0y1314191b
BYBEg	8/1q4pk/4p2B/p4p1Q/P6P/6PK/5P2/8 b - - 2 49	b7h1	755	0p1113141b
BlnGX	8/pp6/2pkp1Q1/3p4/3P4/2PKP1b1/PP5r/R1B2r2 b - - 0 26	f1d1 c1d2 d1d2	755	0p0q13151o
C3xV5	r4bkr/p2q2p1/1pn1b2p/2p1p3/P3N3/1P4Q1/R1PP1PPP/2B1R1K1 w - - 4 17	e4f6 g8f7 f6d7	755	01191g1o
C8DF7	r1bq2rk/1pp1b1pp/p1p4N/8/8/2NP4/PPn2PPP/R1B1R1K1 w - - 0 18	h6f7	755	13141b1c1q
CahWi	4r1k1/2p4p/1p4p1/p1b1pp2/P5N1/2P2P1P/1P3P2/3R2K1 w - - 0 27	g4f6 g8f7 f6e8	755	010p0s111o
G7iGg	4r1k1/pp4p1/2p4p/3r4/3Q4/1b5P/P1q2PP1/B2R2K1 w - - 0 29	d4g7	755	1314191b
GYvoG	5rk1/ppp2ppB/3p4/3P4/3r1n2/6P1/PPPR3P/R5K1 b - - 0 24	g8h7 d2d4 f4e2 g1f2 e2d4	755	0g0p0s101n
IH06Q	7k/5Kp1/6Qp/7P/8/8/8/4q3 w - - 2 67	g6g7	755	0p13141b1i
IIe1t	r1bqr1k1/p1p2p1p/1pPp2pB/3p4/2P1P3/P2B3P/5PP1/Q3R1K1 w - - 0 19	a1g7	755	1314191b
IWYcw	r2q1rk1/4bpp1/p2pp2p/4P1N1/5PnP/2pQB3/PP1N4/2KR3b w - - 0 19	d3h7	755	1314191b
IsS9s	r1bq3r/ppp1k2p/2np1p1p/2b1p2Q/2B1P3/3P3N/PPP2PPP/RN2K2R w KQ - 0 9	h5f7	755	13141b1c1s
KJtbz	2k5/2P3pp/1R1PK1p1/8/6P1/p5PP/1p1r4/8 w - - 0 44	b6b8	755	0p13141b1m
M2nhd	r6r/p1p2kpp/2pb4/R7/3P1p2/8/PPPK1BPP/3R4 b - - 2 18	d6b4 c2c3 b4a5	755	0g0p0s1o
NAG5O	r4rk1/3p2pp/p7/1p1b4/2p1BP2/P7/1PP2KPP/3R4 w - - 0 24	e4d5 g8h8 d5a8	755	010p0s1o
OBlVS	6k1/pp3ppp/2p5/3p4/8/P1q1r1Q1/2P3PP/1R4K1 w - - 0 24	g3b8 e3e8 b8e8	755	0p13151o
ODVwo	7k/p2q2pp/1p3p2/2QPn3/1P6/P6P/6P1/4N1K1 w - - 0 32	c5f8	755	0p13141b
PIf9b	5n2/8/2b1pk2/2Np3p/3P1KpP/4B1P1/5P2/8 b - - 0 42	f8g6	755	0p13141b
RpAQ2	rn1qk1nr/p1pbp1bp/6p1/1p2N3/2QP4/8/PP3PPP/RNB1KB1R w KQkq - 0 9	c4f7	755	13141b1c
SwaIo	r4rk1/pp3p1p/2b5/2bqPppN/3p4/8/PP3PPP/R1BQ1RK1 w - - 2 17	h5f6 g8g7 f6d5	755	0g0s191o
TLHq7	r7/1p3k1p/p1p2Pp1/2P1B1P1/Pn2pP2/R3K3/7P/8 b - - 1 32	b4c2 e3e4 c2a3	755	0g0p0s111o
TgI63	5r2/p1p4k/2p3bp/3q1pp1/5n2/4Q2P/PPP2PP1/1R1B1RK1 b - - 0 28	d5g2	755	0y111314191b
UEwx8	5r2/1p2r1pk/2p1pb2/P1Pp3P/1P4B1/4P3/3KR3/5R2 b - - 3 28	f6c3 d2c3 f8f1	755	010j0p1o
W0bR0	8/6pp/p1R1ppk1/8/4P2P/1n3P2/4K1P1/8 b - - 2 34	b3d4 e2d3 d4c6	755	0g0p0s1o
Wy7de	r4rk1/p5pp/2Pp4/8/3Qb2q/8/PPP3PP/R1B1R1K1 b - - 2 18	h4e1	755	0t0y1314191b
YHFji	7r/6k1/R7/1p4p1/4n3/P3PR2/1PP3P1/2K5 b - - 0 28	h8h1 f3f1 h1f1	755	0p13151o
YWRvj	rn1qk2r/ppp1b1pp/4p3/4N3/6Pn/5Q2/PPP2P1P/RNB1K2R w KQkq - 1 11	f3f7	755	13141b1c
Zfmdb	8/8/4p1k1/4Pp2/5Pr1/8/5K2/6R1 b - - 3 63	g4g1 f2g1 g6h5	755	0g0h0p1m1o
bggYf	2kr3r/ppp1qppp/8/4N3/2NnPQ2/7P/PPP3P1/R4RK1 b - - 0 16	d4e2 g1h2 e2f4	755	010s191o
cji47	2k3r1/ppp5/1b1Q4/5q2/7p/5N2/PP3P1P/2R2R1K b - - 2 24	f5f3	755	0t1314191b
dvWZi	8/4kp2/6np/3BP2K/6P1/8/8/8 b - - 10 46	g6f4 h5h6 f4d5	755	0g0p0s111o
eEljA	2k5/1pp4p/p4p2/1n2pN2/4P3/8/K1Pb2PP/3R4 b - - 1 33	b5c3 a2b3 c3d1	755	0g0p0s1o
f3MUq	7k/3b4/6K1/p1B5/1pB3P1/8/8/2r5 w - - 2 42	c5d4	755	0p1113141b
fe0ET	r5r1/2p1nk2/p1q3p1/1p2Q1p1/8/8/PP3PPP/3RR1K1 w - - 0 25	e5e7	755	111314191b1s
fegah	2r1rkn1/3n1p1Q/p3p2p/1p1pP1qP/3p2P1/2P5/PPBN2K1/5R1R w - - 0 29	h7f7	755	0q1314191b
hG32l	7k/6p1/p6p/1p1P1p2/1P2q3/PQ4R1/KB6/4r3 b - - 2 40	e4b1	755	0p13141b
hqpAj	2q5/6Q1/p2kp1p1/2p1p3/2r3P1/5N2/P7/4K2R b K - 0 33	c4c1 e1f2 c1h1	755	0g0p111o1p
j8ACl	rnb3k1/p6p/2p1p3/q2pP1rp/2pP2B1/2N1P3/PP4Q1/R3K3 w Q - 0 22	g4e6 c8e6 g2g5	755	0g0j0y191o
l5Pzb	5k2/1R6/5K2/5P2/3p4/2r1nP2/8/8 w - - 3 60	b7b8 c3c8 b8c8	755	0p13151o
lBwuc	8/5pk1/3P2p1/4Pp1p/5P1P/PpQ3P1/6q1/K1R5 b - - 0 38	g2a2	755	0p13141b
mvMB0	r2q1r2/pb1pb1k1/1p3pP1/2p4Q/4P3/3P4/PPP3PP/RN3RK1 w - - 0 17	h5h7	755	1314191b
ooXeD	rnb1k1r1/1p3ppn/p2Bp3/3p2Qp/q2P4/2P5/PP2NPPP/R3K2R w KQq - 0 14	g5e7	755	1314191b
oopey	8/8/4bb1p/ppk1p3/6p1/PP1K1P2/3N2P1/3B4 w - - 0 35	d2e4 c5b6 e4f6	755	010p0s111o
p1VTz	6rk/5p2/p3pPp1/1p1bB1qp/1P3R1P/P3Q3/5PPK/8 b - - 0 36	g5g2	755	0p13141b
pHfEB	r2r1k2/5pRp/2b1p3/p5Q1/1p4n1/3B4/1qP3PP/4RK2 w - - 0 28	g7g8	755	1314191b
pNlCc	4r1rk/1p3p2/pn1p3p/8/2P5/1P4PR/P2Qp2P/5R1K b - - 0 36	e2f1q	755	000p13141b1h
rNbg5	3r2k1/2Q3pp/1P3p2/P1b1p3/8/8/5rPP/5R1K b - - 1 32	f2f1	755	060p0t1113141b
tt2Dq	8/6kp/4n1p1/2P5/p1K1P1P1/2p5/6nP/N2B4 b - - 0 42	g2e3 c4c3 e3d1	755	010p0s11121o
v2iPD	r4Bk1/pppn1p1p/6p1/4p1q1/2BPPn2/2N2P2/PP1Q1P1P/R4R1K b - - 2 14	g5g2	755	1314191b
v3kKC	7r/pbp1k2P/4p1P1/8/P3n3/1Kpp4/6R1/6R1 w - - 2 38	g6g7 h8h7 g7g8q	755	000g0p111h1o
w9fNo	7Q/ppk5/4p3/2p5/2P1Q3/5P1K/8/2q5 b - - 0 52	c1h1 h3g3 h1h8	755	010p1i1o1p
xo9Ic	2r3k1/pp1b1pbp/1qn2np1/6N1/2N5/2P1rB1P/PP4PB/2RQR1K1 b - - 3 18	e3e1	755	0k0m0y1314191b
yokJ4	2krr3/pp3ppp/2p5/5P2/4N3/7P/PPPn1K2/R3R3 w - - 5 25	e4d6 d8d6 e1e8	755	010i0j0p111k1o
085AY	8/4k3/8/p5rp/R3K3/4P3/P7/8 b - - 1 38	g5g4 e4f3 g4a4	756	0g0p1m1o1p
0FiLk	r4r1k/3Q2pp/3N1p2/pp1bP1q1/2p5/2P5/4B1PP/R4RK1 b - - 0 24	g5g2	756	0y1314191b
163IL	3k3r/pQ1n1ppp/1q2p3/1B6/4P3/8/2r2PPP/5K1R w - - 0 23	b7d7	756	1314191b
4Qw6Z	rnb1kb1r/p1pp1ppp/1p2p3/8/2PP3q/5PP1/PP1BP3/RN1QKBNR b KQkq - 0 7	h4g3	756	13141b1c
5V8Gf	5b2/5P2/5PK1/8/8/3k4/8/8 w - - 3 58	g6h7 d3e4 h7g8	756	080g0p1o
5xCa7	r2q1rk1/1p2pp1p/p2p2pP/8/2bQP3/2N5/PPP2PP1/2K4R w - - 0 16	d4g7	756	1314191b
6h1Hz	8/6pk/2P5/7p/2q5/P7/6Q1/2K5 w - - 11 52	g2c2 c4c2 c1c2 h5h4 c6c7	756	000g0p101i
7ASS7	8/k1p5/p4Q2/6p1/Pp6/4bK1P/1P4P1/1r6 b - - 4 35	b1f1 f3e3 f1f6	756	0g0p1o1p
7YqVZ	5bk1/5q2/4npp1/7p/1PQP4/5N1P/5PKB/8 b - - 0 39	e6f4 h2f4 f7c4	756	0g0j0p111o
8LZUu	1R6/p2r2kp/2p3p1/2Qn1p2/4p3/2q1P3/P5PP/5RK1 w - - 4 35	c5f8	756	0n0p1113141b
8TeJE	2r2rk1/p1p2ppp/1p2p3/n2pP3/3P2q1/PPP1P2R/2QB2PP/R5K1 w - - 7 19	c2h7	756	0y1314191b
8VV2j	2rq1rk1/pp3pp1/4p3/3pb3/3P1P2/3Q3R/PP3PPP/R5K1 w - - 2 22	d3h7	756	1314191b
8bJoq	r1bqk2r/1pp1np1p/2n1p1p1/1p2N3/3P4/2N2Q2/PPP2PPP/R3K2R w KQkq - 0 11	f3f7	756	041314191b
8kZg6	r5k1/pp4bp/1qn3p1/3nprN1/7Q/8/PPP3PP/RNB2R1K b - - 1 15	f5f1	756	060t1314191b
9U8Ep	4r3/1R6/8/1P3pk1/3P4/2PK4/1P6/6q1 w - - 0 44	b7g7 g5h4 g7g1	756	0g0p111j1o1p
9bKbo	r1b3k1/p1p2pp1/5q1p/3p4/8/2PB4/P1PQ1PPP/4R1K1 w - - 0 16	e1e8	756	0p13141b1f
Au93X	1r1r1bk1/p1qRn1p1/PpB1p2p/1P2P3/4QB2/6P1/5P1P/5RK1 b - - 2 27	d8d7 c6d7 c7d7	756	0g191o
Bjoj9	8/p5pk/2p3rp/2Np1Q2/3P4/2P1q2P/P1P3PK/R7 b - - 8 25	e3g3 h2g1 g3g2	756	0p13151o
Cc0OZ	2k5/ppp4p/8/3N4/2n1Pp2/P3b3/KP4rP/3R4 w - - 3 21	d5e7 c8b8 d1d8	756	060p13151o
CdR8E	r1b2rk1/p4ppp/2p5/n1b1p1N1/6n1/1B6/PPPP2PP/RNBQ2RK b - - 0 14	g4f2	756	1314191b1q
D6gMF	2r2k2/5P2/6R1/7n/2B2P1p/1P3P2/5PKP/8 b - - 0 33	h5f4 g2f1 f4g6	756	010p0s1o
DSr8f	2kr3r/pp4Qp/2n3p1/4p3/3q4/8/1R3PPP/5RK1 w - - 1 22	g7b7	756	1314191b
EHHd4	6k1/1p3ppp/p1r5/3pn3/8/P1P4P/1PB2P1P/4R1K1 b - - 4 26	e5f3 g1f1 f3e1	756	010p0s1o
FnLpD	5rk1/1pp1n3/p2p2p1/3P3p/1PP1P2P/3Bb1qb/P4RR1/4QK2 w - - 10 30	f2f8 g8f8 e1g3	756	0g0j191o
GaFRt	2b2b1r/2Nk1ppp/pBnp4/4p3/4nq2/P4Q2/P1P2PPP/R3KB1R b KQ - 2 15	f4d2	756	1314191b
GoBic	6k1/p3ppb1/3p1q2/7p/1P5P/1Q6/2B3P1/1K1R4 b - - 2 36	f6a1	756	0p1113141b
IoOKx	r1N2k1r/pp3ppp/n7/1q6/8/5N2/PPP3PP/2KRR3 w - - 2 19	d1d8 b5e8 e1e8	756	1315191o
JGeFl	8/p4ppk/1p1b1r1p/3Q4/8/2P1P2P/PP3qP1/3R1N1K b - - 8 32	f2f1 d1f1 f6f1	756	0p13151f1o
Ju5l5	6k1/5pp1/p6p/1q1Pp3/4P3/4Q1P1/P2R2KP/1r6 b - - 6 31	b5f1	756	0n0p13141b
JyKsG	6k1/5pp1/1p4r1/p2b3R/7P/1P4B1/P2r1P2/4R1K1 w - - 0 29	e1e8	756	0p1113141b
KrpKb	7k/pp4pp/2b5/8/2Bq4/8/PP2QrPP/4R2K w - - 2 24	e2e8 c6e8 e1e8 f2f8 e8f8	756	060p1013161n
LrzYH	r1b2Bk1/pp2pp1p/3p2p1/2pPq3/2P1B1n1/8/P2N1PPP/R2Q1RK1 b - - 0 15	e5h2	756	0y1314191b
Lvk4o	8/4p3/3pk3/8/2K1P3/8/2n3R1/8 b - - 1 46	c2e3 c4d3 e3g2	756	0g0p0s111o
MlzoS	8/8/8/5k2/5r2/R5K1/8/8 w - - 18 109	a3a5 f5e4 a5a4	756	0g0p111m1o
O4Bq1	2r2rk1/6n1/1pp1p1B1/8/2bP2pQ/6K1/PP3P2/8 w - - 2 45	h4h7	756	0p1113141b
OIBAQ	5rrk/pp5q/2np1Pp1/4p3/4P3/1NP4R/PP3P2/2KR4 w - - 0 25	h3h7 h8h7 d1h1	756	050y1315191o
PW4Pr	r1b1k2r/ppp2pp1/3p4/7p/1PPNPqn1/3B1Q1P/P4PP1/R4RK1 b kq - 1 17	f4h2	756	1314191b
PbmYj	r2q2k1/1pp1rpp1/p1n4p/3p4/3P4/2n1PP1P/PPQ2P2/1BR2RK1 w - - 0 17	c2h7 g8f8 h7h8	756	0y1315191o
QdMXf	4R3/1p2P1pk/3rR1pp/8/2p5/8/5PPP/6K1 b - - 0 36	d6d1 e6e1 d1e1	756	060p13151m1o
Qp98B	r7/2k5/2p1p3/p3P2q/3P1Q2/1P4r1/2P2RP1/5KN1 b - - 8 37	h5d1	756	0p13141b
RGtbN	4rrk1/p4Rpp/1p2p3/3qP3/8/5Q2/P5PP/5R1K w - - 1 25	f7f8 e8f8 f3f8	756	0p13151o
SdwvK	r1bqkb1r/pppp2p1/2n2n1p/3Qp3/1PB5/2P2N2/P4PPP/RNB1K2R w KQkq - 2 9	d5f7	756	13141b1c
Sx0sA	r2k4/ppp1r1p1/3p2Bp/q7/3PP1P1/2P1B2P/P2K2Q1/5R2 b - - 0 28	a5a2 d2d3 a2g2	756	01191o1p
WCS2h	1k6/ppR3p1/8/4P3/7n/6Pq/PPQ2B2/6K1 b - - 2 32	h3g2	756	0p111213141b
XS5sQ	r1br2k1/ppp2ppp/2n5/2B5/8/5B1P/Pq3PP1/R2QR1K1 w - - 4 20	d1d8 c6d8 e1e8	756	061315191n1o
Xaoxz	8/p6p/5kpP/2Rn4/1p4P1/1P6/PPK5/3r2N1 b - - 2 36	d5e3	756	0p1113141b
YqpSA	4r3/4kppp/p3pn2/2q2b2/1Qp5/1P2P3/P4PPP/2KR3R w - - 2 22	b4c5	756	0t1314191b
ZUjoH	r4r1k/pp2p1b1/3q1NP1/4pbp1/2Bn4/1P5P/P1P2PP1/1R1Q1RK1 w - - 5 21	d1h5 g7h6 h5h6	756	0y1315191o
alfoJ	r5k1/pp4pp/4p1r1/3b1pNn/3P1P1q/2R1PP1P/P1Q3B1/5RK1 w - - 0 23	c3c8 a8c8 c2c8	756	11121315191o
are8w	2kr3r/2p5/p2p1p2/1p1Bn3/3PP2p/8/PP3P2/RN2R1K1 b - - 0 21	e5f3 g1h1 f3e1	756	0g0s191o
b1sq9	1br2r1k/1pqN1pp1/p3pn2/3p2Bb/3P4/2NBP2P/PP3PP1/1Q2RRK1 b - - 0 17	c7h2	756	13141b1c
b8Qas	6B1/R7/1p1b1k2/2p5/p1P3K1/4P3/5r2/8 w - - 0 45	a7f7 f6e5 f7f2	756	0g0p1o1p
bcUkL	r5rk/p1qnbp1p/1p2p2P/1Pp1P1N1/P1Np3P/3P4/2P1QPb1/R3R1K1 w - - 0 22	g5f7	756	0y111314191b
bfHDL	8/8/6pp/6Pk/8/2K5/8/2Bb4 w - - 0 50	g5h6 g6g5 h6h7	756	00080g0p1o
c8X20	6k1/p1p3rp/2p2p2/2Np4/5P1n/1PP2RP1/P7/4R1K1 b - - 0 29	h4f3 g1f2 f3e1	756	0g0p0s0t1o
d0rCR	7k/6pp/p7/2R5/8/p3r1P1/1bp2P1P/6K1 w - - 0 37	c5c8 e3e8 c8e8	756	060p13151o
d5LWc	3qb2k/p1r3pp/8/3pbQ2/P2P4/2P1P2P/3nBPP1/2R3K1 w - - 0 24	f5f8	756	1314191b
dkdzk	8/8/3p2R1/3n3p/1k5P/7K/6P1/8 b - - 0 52	d5f4 h3g3 f4g6	756	0g0p0s111o
e7teA	r2q1rk1/ppp2ppp/3b4/3Q4/8/2P5/PP1P1PPP/RNB1R1K1 b - - 2 13	d6h2 g1h2 d8d5	756	0g0j0y191o
ehZQt	3r2k1/pp2bppp/2p1p3/q3P3/4Bn2/2N3PQ/PP3P1P/6K1 w - - 0 23	h3h7 g8f8 h7h8	756	0y1315191o
fFuEP	8/7p/pN1R4/P2Pp1k1/1P2Pp1q/7r/5QP1/6K1 b - - 1 40	h3h1	756	0p1113141b
fjjaz	r2qk1nr/ppp2pbp/4p1p1/3pPb2/3P4/2P4P/PP1NP1P1/R1BQKB1R b KQkq - 0 8	d8h4 g2g3 h4g3	756	13151c1o
g8vzF	6k1/pp3pp1/2p4p/2P5/1P6/P1R3QP/5PPK/q3r3 b - - 6 30	e1h1	756	0p13141b
iZC0H	6rk/3R1p2/Q3p1qp/1p2R3/8/7P/PP3PP1/6K1 b - - 0 31	g6g2	756	0p13141b
jTUUx	8/8/8/8/3R4/6k1/2r5/7K b - - 0 55	c2c1 d4d1 c1d1	756	0p13151m1o
jlQkc	6k1/R4rp1/1p2p1qp/4Bp2/2P1bP2/3BQ2P/6PK/R7 b - - 0 34	g6g2	756	1314191b
l34Ww	Q1b3kr/p1p1q1pp/6n1/2b5/3P1R2/8/PPP3PP/RNB4K b - - 0 16	e7e1 f4f1 e1f1	756	0s1315191o
l9gX4	r4rk1/1bp2ppp/p2p4/Pp1P4/1P1BP2n/5qP1/2BQ1P1P/R4RK1 b - - 2 22	f3g2	756	1314191b
lFlXf	6rk/7p/7Q/5pq1/3p1K2/8/2p4P/4R3 w - - 0 42	h6g5 g8g5 f4g5	756	0g0p111o
lyapC	4Q3/8/3q1p2/2pk4/8/5P2/6K1/8 w - - 4 60	e8e4	756	0n0p13141b1i
mPfXW	r1b2rk1/ppp2ppp/3p4/2b4n/4P2q/PPNP1N1P/1P3PP1/R1BQK2R b KQ - 2 11	h4f2	756	0413141b1c
mUnFR	3rr1k1/pp3pp1/2p2Pb1/7p/7P/2P3Q1/PP3PP1/2B2K1R b - - 0 25	d8d1	756	0p13141b
mhsso	r1b2rk1/p4p2/2q3pp/1Bp5/8/2b2N1P/PPP2PP1/2KR3R w - - 0 19	b5c6 c3b2 c1b2	756	0g11191o
n7Vor	2kB1b2/p1pp1q2/1p2p1p1/4P2p/3N2n1/P1NB3b/1PP2P2/R2QK1R1 b Q - 0 18	f7f2	756	041314191b
nTRNI	8/6pk/QP6/7p/2P2P1P/6PK/8/3q3B b - - 0 46	d1h1	756	0p0t13141b
p7iM4	3r4/4R3/1P1p1p1k/5Qpp/r2q4/5P1P/6P1/7K w - - 3 38	e7h7	756	0p0x13141b
plxbT	N1bk2nr/pp1p1ppp/8/q3P3/1n6/1R3N2/2P1PPPP/3QKB1R b K - 0 13	b4d3	756	0k0m13141b1c
quwAG	rn2r1k1/pp1b1ppp/3B4/3PN2q/6n1/8/PPP1B1PP/R2Q1RK1 b - - 2 16	h5h2	756	0y13141b1c
r4w5D	8/3k4/8/3p3K/8/3N1r2/1P6/8 w - - 0 44	d3e5 d7d6 e5f3	756	0g0p0s1o
r79V3	2r4k/6q1/p1r1Q2R/1p2P2p/7P/P7/6P1/1R5K b - - 4 36	g7h6 e6h6 c6h6	756	010p1o1y
rgytA	r1r2bk1/1p1q1p1p/1n2p1p1/1P6/p2PN3/B3P3/Q4PPP/2R2RK1 w - - 2 22	e4f6 g8g7 f6d7	756	0g0s191o
sOJ7s	3r3k/pp6/2p2r2/8/4P1R1/7q/PP6/K6R w - - 2 32	h1h3 f6h6 h3h6	756	0p0t13151o
sUy2L	q1r3k1/5ppp/1pN1pb2/nP1p4/p2P4/P3P1P1/1PRN2BP/2R3K1 w - - 5 24	c6e7 f6e7 c2c8 a8c8 c1c8	756	0g0j0s1019
uptfs	2rq2k1/p2r1Rpp/8/1pp3P1/8/1Q6/PPP3PP/1K3R2 b - - 0 21	d7d1 f1d1 d8d1	756	0p13151k1o
wabPx	3r2k1/5Rb1/p5p1/1p1nQ3/2pP2Pq/2P4P/PP4K1/8 w - - 5 34	e5g7	756	0p13141b
xZBfC	r1bqk1nr/pp5p/5pp1/2PP4/1nP5/4BN2/P2N1PPP/Q3KB1R b Kkq - 0 11	b4c2 e1d1 c2a1	756	010s1c1o
xaTIL	2kr1b1r/ppp2p1p/5np1/3q4/1PP1p1b1/2P3Q1/P1B2PPP/RNB1K1NR b KQ - 0 12	d5d1 c2d1 d8d1	756	13151c1d1n1o
y1U16	rnb1k2r/pp1p2pp/4pq2/2b5/8/3B4/PPPB1PPP/R2QK1NR b KQkq - 1 8	f6f2	756	0413141b1c
yKaai	8/2p5/pkP1p3/1p3pq1/1P1rr2p/P1Q4P/5RP1/5R1K w - - 1 32	c3c5	756	0p13141b
z7lpE	r1b2rk1/pp1q1pp1/2p3np/3p1N2/4PP2/2QP2BP/PP4P1/2K1R2R w - - 0 20	c3g7	756	0y1314191b
zYpg6	3rq3/p6k/6pn/6Q1/3r1R2/1P3B2/P4PPP/R5K1 b - - 5 35	d4d1 a1d1 d8d1 f3d1 e8e1	756	101316191n
0eVd2	8/p4kp1/3p1p1p/2pP1N2/2b5/6P1/PP3PKP/8 w - - 2 35	f5d6 f7g6 d6c4	757	0g0p0s1o
0rzXk	4rk2/R4ppp/2Np4/2p4q/8/8/P1P2PP1/4Q1K1 b - - 2 24	e8e1	757	0p0t13141b
17sx5	r1b2rk1/p4ppp/p7/2bPp3/2P1P1n1/2NQ1N2/6PP/RR5K b - - 4 19	g4f2 h1g1 f2d3	757	0g0j0k0s191o
1dxYv	r1b1k1n1/1p3pq1/p3p3/3P4/8/2N1QB2/PP3P2/R3K3 b Qq - 3 18	g7g1 e1d2 g1a1	757	01191o1p
1ymTv	r1b1k2r/p1Bp1pp1/2p2n1p/2b5/3qP3/2NB4/PPP2PPP/R2QK2R b KQkq - 0 11	d4f2	757	0413141b1c
2BubK	5b1r/1p2pppp/2p2k2/B7/2P1n1Q1/6P1/PP2nPBP/RN1R3K b - - 0 18	e4f2	757	0y1314191b
4CAus	8/p5p1/4p2k/3p4/3P4/2Pb1NPp/PP5P/7K b - - 0 36	d3e4 h1g1 e4f3	757	010p1g1o
5dACu	8/pp1k4/2pr4/2pPK1pp/8/8/PP4PP/3R4 w - - 0 30	d5c6 d7c6 d1d6	757	050g0j0p1g1m1o
6cWiS	3r3r/k2P2p1/ppB1R3/2p1Q1qp/P7/5p1P/5PP1/1R4K1 b - - 0 31	g5g2	757	0y1314191b
6cpu4	1r4k1/R6p/1Bp1b3/2P2P2/5Pp1/6Pn/6KP/5B2 b - - 0 38	e6d5	757	0p13141b
6n3i5	3r2k1/p1R2ppp/8/8/8/8/r1P2PPP/2K1R3 b - - 1 22	a2a1 c1b2 a1e1	757	0g0p1m1o1p
7VFuO	2b2rn1/r5pk/1p5p/p1p5/2Pp1p2/P2q2P1/1P1N1PBP/R1Q2RK1 w - - 0 22	g2e4 d3e4 d2e4	757	010s191o
7mEXd	k2br3/Pp6/5pp1/P6p/8/4qB2/Q5PP/3R3K b - - 1 35	e3e1 d1e1 e8e1	757	060p13151n1o
ADL6t	r1bq2k1/p1p2pb1/1p3n1p/4r1p1/5p2/1PNB3P/PBP3P1/R2Q1RK1 w - - 0 15	d3h7 g8h7 d1d8	757	0g0j1c1o
C6YVN	rn2k2r/pp3ppp/2p1p3/2qNP2P/6n1/3B1P2/PPPB4/R2QK2R b KQkq - 0 15	c5f2	757	13141b1c
D3rdA	8/2k5/1p2Q3/2p1b3/2Pp1q1P/P2P4/1P2PP2/4RR1K b - - 0 45	f4h2	757	0p13141b
I06kG	r5k1/pp4bp/4p1P1/2pPp1q1/2P2n2/P1N5/1P3P1P/R1BQ1R1K b - - 2 17	g5g2	757	1314191b
K9H2x	5r2/5p1k/p3p1pP/1p1pPnP1/5PR1/1N2q3/4K3/2Q5 w - - 6 35	c1e3 f5e3 e2e3	757	010p1o
LVB5E	3r1r2/ppp3pk/8/4pPR1/2B1P3/2P5/PP4K1/8 w - - 3 38	g5h5	757	0p13141b1f
LcU8F	r4rk1/p1pn1pp1/1pq1p3/4P1p1/3P3R/2PQ4/P4PPP/R5K1 w - - 0 18	d3h7	757	1314191b
MS5bn	8/1p4k1/p5p1/8/4K3/1n1R4/6PP/8 b - - 0 36	b3c5 e4e3 c5d3	757	0g0p0s1o
Mp9BK	7k/p2p2pp/1pbR3P/4r3/8/6Q1/PPP1rPP1/6K1 b - - 0 31	e2e1 g1h2 e5h5	757	0g0p1o
NLdi0	rn1qk1Br/pp1b2bp/5pp1/6B1/8/1Qp1P3/PP3PPP/R3K2R w KQkq - 0 13	b3f7	757	1314191b
NZ3fR	2r1R1k1/3q2pp/pn3p2/1p1p1P2/5b1N/2P3P1/PPQ4P/4R1K1 b - - 0 27	c8e8 e1e8 d7e8	757	01191o
OCyMW	3K4/p4k2/6R1/2p4P/2P5/5p2/P7/8 b - - 0 53	f3f2 g6d6 f2f1q	757	000g0p1h1m1o
OQIYD	1k1r4/p5p1/1p3p1p/1P6/P2p4/2qQ2PP/5P2/3R2K1 w - - 1 36	d3c3 d4c3 d1d8	757	0g0j0p111o
P3hGv	r7/1pp3pk/2n1Q3/6R1/p7/P4KP1/1P3P2/8 b - - 0 32	c6d4 f3e4 d4e6	757	010p0s1o
PIhdT	r1b1kq2/1ppp1pr1/p6Q/4N3/2P1P3/8/PPP2PPP/R4RK1 b q - 0 16	g7g2 g1g2 f8h6	757	0g0j191o
QThzR	4r1k1/pp1qrpp1/2n4p/3p4/3P4/3Q1P1P/PP1n2P1/1BR1R1K1 w - - 0 21	d3h7 g8f8 h7h8	757	0y1315191o
RuvcB	6r1/8/p1p5/1p1p2kp/4p3/P1P1K1b1/1P6/3B2R1 w - - 0 38	g1g3 g5f6 g3g8	757	0g0p0t1o1p
UrwBr	3rr1k1/2qbbppp/p1np1n2/5N2/1p2Pp2/4BBQ1/PPP1N1PP/3R1RK1 w - - 0 18	g3g7	757	0y1314191b
WBSJx	5r2/ppp2Nkp/8/2bP4/2P5/5R2/P3q1PP/5R1K w - - 1 29	f3g3 e2g4 g3g4	757	0p0q13151o
WViuQ	3bk2r/p4pp1/3B1n1p/5q2/2p1N3/8/PP3PPP/4R1K1 w k - 0 20	e4f6	757	0m1314191b
XtqN5	8/5p2/p3p3/1p3k1p/4rP1R/3K4/PP3P2/8 w - - 0 39	h4h5 f5f4 h5h4 f4e5 h4e4	757	0g0p101m
XwTsF	2r5/pp1kp1p1/3p3p/3P4/4N3/5bBP/PP1R1P2/5KR1 b - - 0 24	c8c1 d2d1 c1d1	757	0p13151f1o
ZQKaN	2k4r/ppp1Qpp1/4p2p/8/4qP2/6P1/PP1R3P/K6R b - - 2 23	e4h1 d2d1 h1d1	757	060p0t13151o
aP9ev	2k4r/Qpp2p2/2q3pp/4p2b/7N/2nr2PP/P4P2/R1B2RK1 w - - 0 22	a7a8 c8d7 a8h8	757	01191o1p
bUh47	8/3R3p/8/3PN1pk/4p3/4bbK1/8/8 w - - 0 56	d7h7	757	020p1113141b
brzXl	3rk2r/ppp2ppp/5n2/1qb5/2N5/7P/3BBPP1/3QK2R w Kk - 1 18	c4d6 d8d6 e2b5	757	010j11191o
e3QLi	1k6/3r4/2K5/8/8/8/2R5/8 b - - 9 80	d7c7 c6d5 c7c2	757	0g0p111m1o1p
eli6x	5k2/5p2/p4Np1/2q5/8/1P2b3/6PP/5R1K w - - 0 39	f6d7 f8e7 d7c5	757	0g0p0s111o
eud4R	2r3k1/R4pp1/7p/R3P3/5P2/8/r5PP/6K1 b - - 0 29	c8c1	757	0p13141b1m
evcHn	4R3/2r3pk/p4nNp/1p1p3P/1P6/8/6K1/8 w - - 7 44	e8h8	757	0p0u1113141b
gVWWk	1r3n2/2k4r/1p3p1p/1Bn1pP1P/2PpP3/3P4/8/1RQ1K3 b - - 3 38	c5d3 e1d1 d3c1	757	0g0s191o
gzEP3	r5k1/ppp2p1p/3q3P/3p1p2/3QrP2/2P1P3/PP4P1/R3K2R w KQ - 1 19	d4g7	757	0p13141b
hdWPi	r2qr1k1/pp3ppp/3p1b2/4nP2/3Q1B2/1B6/PPP2PPP/3R1RK1 b - - 4 16	e5f3 g2f3 f6d4	757	010j191o
j6KNr	1r1q1r1k/2p1bp2/p2p1n1p/2p1pN2/4P3/3P2QP/PPP2PP1/R4RK1 w - - 2 17	g3g7	757	1314191b
jCFi0	r2q4/4k1b1/1pnNp2p/2p1P2P/3p2P1/pPP5/P6N/4RR1K w - - 0 30	f1f7	757	0u1314191b
jnauQ	2r1r1k1/5ppp/p1qQ4/1p4B1/5PP1/P6P/1PP5/2KR3R b - - 0 20	c6c2	757	1314191b1k
kKyCy	r1b1k2r/pp3pp1/2Pq1b1p/8/4P1n1/1RNB4/P3NPPP/3Q1RK1 b kq - 0 16	d6h2	757	0y1314191b
kSMEH	8/8/6K1/6pP/1pk2pP1/8/5P2/8 b - - 1 55	b4b3 h5h6 b3b2 h6h7 b2b1q	757	000g0p101e1h
kVGo2	5r1k/p2r2p1/3p4/P2B2R1/1PP1p2p/4K3/5P2/7b w - - 0 31	g5h5	757	0p13141b1f
kq9Tc	6rk/pr1q1p1p/1ppp1p2/4n3/2P4Q/1P2P1P1/P3NP1P/3R1RK1 b - - 5 19	e5f3 g1h1 f3h4	757	0g0s191o
kwosK	r3br2/p1p4k/2P3p1/4P1qp/P2Q1p2/3BnP2/6P1/B2R1RK1 b - - 2 34	g5g2	757	0y1314191b
l54L6	6k1/5p1p/1B2p3/6p1/5b2/1P6/2R2KPP/r7 w - - 0 31	c2c8 g8g7 b6d4	757	0g0p11121o
l5eim	7R/1kp5/2p5/Q2n4/3P4/1PP5/PK1Prq2/3R4 b - - 2 36	e2d2 d1d2 f2d2	757	0g0p1o
lnDBq	1r4k1/pp3n1p/3p1Qp1/8/4RP2/7P/2rq2P1/4R1K1 w - - 2 39	e4e8 b8e8 e1e8	757	1315191o
lvqFd	8/8/8/pr6/2NPk1pb/1P2B3/2K2P2/8 w - - 0 48	c4d6 e4d5 d6b5	757	0g0p0s111o
mbrRy	3r3k/p5pp/5p2/3P2n1/8/6P1/P2Q1P1P/6K1 b - - 2 36	g5f3 g1f1 f3d2	757	0g0p0s111o
n0z1U	rn1qkb1r/p2p1ppp/bpp5/3QN3/8/P7/1P2PPPP/R1B1KB1R w KQkq - 0 10	d5f7	757	041113141b1c
piyJg	r2qkb1r/p2bpppp/2pp4/8/2B1P3/2N1nQ2/PPP2PPP/R3K2R w KQkq - 0 10	f3f7	757	04111314191b
qXgqh	6k1/p5pp/1p6/5B2/4p3/6P1/PP1qn1KP/5R2 w - - 0 27	f5e6 g8h8 f1f8	757	060p13151o
rAJh8	r1bq1k1r/pppn2bp/8/4pp1Q/2B5/2P1P2P/PP3PP1/RN2K2R w KQ - 2 14	h5f7	757	13141b1c
rPVp8	5k2/2N3p1/7p/5p1P/3rp3/1B4P1/Pr1b1PK1/3R4 w - - 0 35	c7e6 f8e7 e6d4	757	010p0s111o
ujzyZ	3r4/2q4k/4R1p1/7p/8/Q6P/5PP1/3N2K1 b - - 0 41	d8d1 e6e1 d1e1	757	0p13151o
vF6WI	8/kp3pp1/4p2p/P2r4/1R1P4/R5P1/5PPK/2r5 b - - 3 39	d5h5	757	0p1113141b1m
vGqB3	8/2kb1p2/2p5/8/1PB1nN1p/7P/6P1/5K2 b - - 0 40	e4d2 f1f2 d2c4	757	010p0s1o
wbSwz	r4rk1/pp2bpp1/2b4p/3q4/3PN3/3QBP1P/PnB3P1/R4RK1 w - - 0 21	e4f6 g7f6 d3h7	757	0d0y1315191n1o
we9HX	5r2/r6k/2N4p/8/1pN5/1P1P4/4R1PP/6K1 b - - 11 35	a7a1 e2e1 a1e1	757	0p13151o
xCBX1	8/2k1p3/p6p/8/1p1bqpQ1/1P6/P4RPP/2B3K1 b - - 0 38	e4e1	757	0p13141b1g
yPqEz	r1b1rk2/pn4pB/1p3qQp/2pP4/2P5/8/P4PPP/4RRK1 w - - 0 21	e1e8	757	0x1314191b
zHu8O	3r4/p3Nppk/3p4/1Q1P4/1K2P3/1P6/P3R3/1q3q2 w - - 12 43	e2h2 f1h3 h2h3	757	020p13151o
3wwcL	1bk3r1/ppqn1p1p/5p2/2Pp2N1/3P4/1PNQ4/P4PPP/R4RK1 b - - 0 18	c7h2	758	0y1314191b
3xU8T	r1b2r1k/5ppp/p2Rpb2/1p5q/3B4/1B4Q1/PPP2PPP/3R2K1 b - - 6 20	h5d1	758	060t1314191b
483QD	5rk1/pp4Np/3Q4/2p3p1/2P5/1P2P1Pb/P2R1r1P/3R2K1 b - - 0 28	f2f1 d1f1 f8f1	758	0y1315191d1o
5QG6d	r1bq1rk1/ppp3p1/2np3p/3np1N1/8/2BQ2P1/PPP2P1P/R4RK1 w - - 0 13	d3h7	758	1314191b
5jSji	1q5r/pp2pkb1/5p2/2BP1b2/6p1/8/PP2QPP1/2R1R1K1 b - - 1 27	b8h2 g1f1 h2h1	758	0y1315191o
646Q4	8/6p1/4r1kp/3N4/3pP1P1/3P2K1/6P1/8 w - - 7 47	d5f4 g6f7 f4e6	758	0g0p0s1o
6516W	r1q2r2/3kb2p/p2ppp2/3Np2Q/1p1nP3/6PB/PPP2P1P/2KR3R b - - 1 18	c8c2	758	1314191b1k
6JAj6	3k4/3P4/1p1KP3/1P3P1p/2P5/8/8/q7 w - - 0 57	e6e7	758	000p1113141b1i
6Jjc9	r2qk2r/ppp2ppp/3b4/1b1QN3/8/P3P3/1P3PPP/R1B1K2R w KQkq - 0 13	d5f7	758	041314191b
7RxsY	6k1/pp4pp/8/5N1b/5P2/2n3P1/Pr4BP/2R3K1 b - - 2 31	c3e2 g1f1 e2c1	758	0g0p0s111o
7vU1a	8/6R1/1pkn2p1/p4P2/2PK4/1P5P/8/8 b - - 0 45	d6f5 d4e5 f5g7	758	0g0p0s1o
7vxZw	2r5/1p1kq2R/p3p1Q1/3pPr2/3P4/8/PP1R4/1K6 b - - 2 28	f5f1 d2d1 f1d1	758	0p13151o
A7CDf	4r1k1/2p2pp1/p2b3p/4q3/3p2N1/1P1P1Q1P/1PP2PP1/R5K1 b - - 3 23	e5e1 a1e1 e8e1	758	0p0y13151f1n1o
AXlW7	6k1/1R5p/5b2/8/1p6/1R3K2/5P1r/8 b - - 5 43	h2h3 f3e4 h3b3	758	0g0p111o1p
AXzrR	rnbqkb1r/ppppp2p/5p2/4B1p1/3Pn3/4P3/PPP2PPP/RN1QKBNR w KQkq - 0 5	d1h5	758	13141b1c
BFPwP	6k1/R6p/6p1/5p2/8/6PK/3R1PP1/4rr2 w - - 0 42	d2d8 e1e8 d8e8	758	0p13151m1o
FIW7J	3R4/4r3/4p1p1/3p1k1p/5P1P/5KP1/8/8 w - - 16 68	d8f8 e7f7 f8f7	758	0p13151m1o
GcNIl	1r4k1/8/8/5p2/8/2B1PK2/rp1P1P2/7R w - - 2 36	h1h8 g8f7 h8b8	758	0g0p1o1p
H5yBp	3r2k1/p2r1ppp/1pp2q2/8/8/4RQ1P/P4PP1/4R1K1 w - - 0 28	e3e8 d8e8 e1e8	758	060p13151o
HCUcg	r4r2/1b3p1k/p2ppb2/1pq5/3N4/2NR4/PPP4P/2K3R1 w - - 0 22	d3h3 f6h4 h3h4 c5h5 h4h5	758	0r10131619
HQhCg	r4r2/1p1b3k/p2qp1pp/3p4/P2P2Q1/6R1/6PP/7K w - - 0 30	g4g6 h7h8 g6h6	758	0i0p13151o
JAnYH	8/2p1r3/3pk3/2p5/R7/1P3P2/P4K2/8 w - - 2 59	a4e4 e6f7 e4e7	758	0g0p1m1o
JGyYD	8/6k1/8/1N4K1/4r2P/p7/B7/8 b - - 2 68	e4e5 g5f4 e5b5	758	0g0p0s1o
Jvd0p	r1b3k1/1p3rpB/p3pp1B/q2pn3/1b5P/2N2P2/PPPQ1P2/1K1R2R1 b - - 0 18	g8h7 g1g7 f7g7 h6g7 h7g7	758	010t1019
KsbmQ	r5k1/ppp2p1p/q5b1/3p2Q1/3P1P2/7P/PPPR2PR/1K6 b - - 0 23	a6f1 d2d1 f1d1	758	0p13151k1o
LRjsf	8/1p3k1N/4p3/1n1p4/5P2/5r2/3K1P2/6R1 w - - 1 40	h7g5 f7e7 g5f3	758	0g0p0s1o
LdxIq	8/8/5pR1/1pr1p3/p6P/P3Pb1k/3B1P2/4K3 w - - 5 45	g6g3 h3h4 g3f3	758	010p0s111o
MFiVE	r6k/ppR5/5Np1/5b2/P1p5/8/1P5P/6K1 w - - 1 31	c7h7	758	030p13141b
Mcg3u	8/1p3p1p/pb3p2/4pP2/1P2P1Pk/P1rrNK2/8/4R1R1 w - - 5 31	g1h1 h4g5 h1h5	758	0p13151o
MlF3t	2r3k1/pp2ppbp/n5p1/4PNP1/1P3P2/P1P2K1P/3r4/R4R2 w - - 0 25	f5e7 g8h8 e7c8	758	0g0s191o
NN8uQ	8/3n1pbk/p5p1/8/PP1pr3/3R1N2/2p3PP/2B3K1 w - - 4 30	f3g5 h7g8 g5e4	758	010p0s1o
NZ414	r1k2br1/ppp1p1pp/4q3/4n3/3p2b1/3P1N2/PPPNQPPP/R1B2RK1 b - - 1 11	e5f3 e2f3 g4f3	758	010y1c1o
OAz2K	r3k2r/pb1n1pR1/1p2p2p/3pP1BP/4q3/3pPQ2/PPPK1PP1/R7 w kq - 2 17	f3f7	758	041314191b
Og6t6	7k/6pp/8/p4p2/2Q2P2/5K1P/1q2r3/8 w - - 0 39	c4c8 e2e8 c8e8	758	060p13151o
OqRRT	6k1/3b4/3P4/8/nB2N2p/P2BK3/7r/8 w - - 0 54	e4f6 g8g7 f6d7	758	010p0s111o
OzFRb	r1bqk2r/pp3p1p/2pp4/7Q/2BbPp2/3P4/PPP3PP/2KR1R2 w kq - 0 15	h5f7	758	041314191b
Phqpd	3r3k/p4p1p/1p6/4r3/2P4Q/P6P/5PP1/5K2 b - - 0 30	d8d1	758	0p13141b1j
QB8HS	r2q1rk1/p1p2ppp/2pb2b1/8/2R5/2P1B2P/PP3PP1/RN1Q2K1 b - - 1 16	d6h2 g1h2 d8d1	758	0g0j191o
RXQJs	4r1k1/6qp/p2pN1pQ/1p1P1p2/1Pn1P3/P6R/5PPP/6K1 b - - 0 30	g7a1 h6c1 a1c1	758	060p13151o
SlKgQ	r5r1/pp3bpk/2n2p2/4nP2/3pPBR1/2P4P/P1P3P1/R5K1 w - - 0 29	g4h4 f7h5 h4h5	758	1315191o
T21a6	r1bqkb1r/pppp1ppp/2n5/2nQP3/2B5/2p2N2/PP3PPP/RNB1K2R w KQkq - 3 8	d5f7	758	0413141b1c
TChNV	8/8/5K1N/4n1p1/5kP1/8/8/8 b - - 0 52	e5g4 h6g4 f4g4	758	0g0p0z11121o
TuSwm	3r3k/1p4pp/1ppp3q/4p1Qn/1P2r3/P4N1P/1P3PP1/R4R1K w - - 0 25	g5d8	758	060t1314191b
UPCSf	2b5/p4p2/8/R1p1kP2/2PpP1p1/3P4/3KB2r/8 w - - 0 38	a5c5 e5f4 c5c8	758	010p0s1o
VTHFy	q6k/p7/5pp1/7p/7Q/2B4b/PP5P/5RK1 b - - 0 32	a8g2	758	0p13141b
VvnEv	4r2k/p3rb1p/1p1q1p2/3p2p1/3P1N2/1P2P1Q1/P5PP/2R1R1K1 w - - 2 28	f4g6 f7g6 g3d6	758	010j191o
XEYFx	8/6p1/1K2N1k1/p1p1P2p/P7/1PP4r/8/8 w - - 1 32	e6f4 g6f5 f4h3	758	0g0p0s1o
XswYM	6k1/p3r1pp/8/2p5/2P1n3/1P2r3/P2R1RKP/8 w - - 1 31	d2d8 e7e8 d8e8	758	0p13151o
Y71pt	r2q1rk1/pp2b1pp/2n1b3/3pNp2/3PnB2/2N2P2/PP2P1BP/R2Q2RK b - - 0 14	e4f2	758	13141b1c1q
ZDr99	3R4/1p3ppk/7p/4Bb2/r1r4P/1K6/1P3P2/6R1 w - - 8 29	g1g7	758	0p13141b1d
abM79	3R4/8/7p/2pKp1k1/4P3/1r3P2/6P1/8 b - - 2 45	b3d3 d5e5 d3d8	758	0g0p11121m1o1p
arY1A	r1bqkbnr/pp1np3/5pp1/1B1p3Q/8/8/PPPP1PPP/RNB1K2R w KQkq - 0 8	h5g6	758	13141b1c
batLH	r1b1k3/pp1p1pp1/2n2q2/4p3/1P2n3/2N1P1P1/1PP2P1P/R2QKB1R b KQq - 0 13	f6f2	758	041314191b
cBvoD	7r/1p6/p1p2k2/2P1r1p1/1P2PbB1/P2P4/5QK1/8 b - - 3 47	h8h2 g2f3 h2f2	758	0g0p111o1p
cXlzb	r3k1r1/pp2bp1p/2p1pp2/1P6/P4Pb1/3P1B2/2P2P1P/R2Q1RK1 b q - 0 17	g4f3	758	0j0k0y1314191b1f
eNuDk	r4r1k/1pp1Rq1p/p7/6Q1/8/2P4P/PP3PPb/RN3K2 b - - 2 23	f7f2	758	1314191b
eR1py	7r/p2kB2r/3P2p1/1p1p1p1n/5P2/P2KP2R/1PP5/7R b - - 1 43	h5f4 e3f4 h7h3 h1h3 h8h3	758	010j0p10
epUrM	8/8/5k2/5p1p/5N2/2rp1KP1/5P2/8 w - - 0 44	f4d5 f6e5 d5c3	758	010p0s1o
eyv9P	3R4/6p1/5k1p/8/5PP1/3K3P/8/7r b - - 0 52	h1d1 d3e3 d1d8	758	0g0p1m1o1p
fDS7c	r4rk1/ppp2ppp/8/3N1Pq1/4nP2/1B6/PPP2R1P/2RQ3K b - - 0 17	e4f2	758	0f0t0y111314191b
fyBI5	r4rk1/2pb2p1/1p1p1p1p/p2Pp3/P3P2q/2N1P1R1/1PP2QP1/5RK1 w - - 2 20	g3g7 g8g7 f2h4	758	0g0j0y11191o
j0jnZ	R7/8/6p1/7k/6pr/6K1/8/8 w - - 0 64	a8h8 h5g5 h8h4	758	0g0p1m1o
leecc	1k2r3/1pp1qp1p/p7/3P3n/5P2/6NP/PPP5/3KR1Q1 b - - 3 25	e7e1 g1e1 e8e1 d1e1 h5g3	758	0g0p10
lmJC6	8/6k1/3p1p2/1b1Pp1p1/1p1qP1Pp/2rpNP1P/3R4/4RKN1 w - - 2 57	e3f5 g7h8 f5d4	758	010s11191o
mdhl7	5rk1/5pbp/1q1p4/p1pPp3/4Pp2/1P1Q1P2/P5PP/2R1N1K1 b - - 0 27	c5c4 g1f1 c4d3	758	0g0j0k0p1o
nGNAy	8/5k2/4p2p/1Q6/8/1P6/6P1/4q1K1 w - - 2 44	b5f1 e1f1 g1f1	758	0g0p1i1o
nSi5H	r4bk1/ppr1qB1p/6p1/2P5/5Q2/4P1P1/PP5P/3R1RK1 b - - 0 23	e7f7 f4f7 c7f7 f1f7 g8f7	758	011019
nWOV8	r4rk1/p1p5/1p1p1pqp/n2PpNp1/4P1Q1/P6P/2P2PP1/R1B2K2 w - - 2 22	f5e7 g8g7 e7g6	758	0g0s191o
ncwQQ	8/7k/6R1/3P4/1p3q1p/1P1Q1p1P/5Pr1/3R3K b - - 0 43	f4h2	758	0p13141b
ndH5h	r1b1r1k1/ppp2ppp/2P5/6B1/6q1/5p2/PPP2PPP/R2QR1K1 w - - 0 17	e1e8	758	060t1314191b
nl3te	3r1k2/5pp1/7p/3Bn3/pRP5/5PP1/1P3K1P/8 b - - 0 28	e5d3 f2e3 d3b4	758	010p0s1o
oL2zG	r3kr2/1bq2p1p/p3p2Q/1pNn4/1P2p3/P4P2/2P3PP/1K1R1B1R b q - 2 19	d5c3 b1c1 c3d1	758	0g0s11191o
ojuns	2kr3r/1b3pp1/ppqpp2p/2pN4/2PbP3/3P1BPP/PP2QPK1/R3R3 w - - 4 18	d5e7 c8c7 e7c6	758	0g0s191o
oyhue	r1bq1rk1/pp2pp2/2np2pB/8/2n1P3/2Q4P/PPP2PP1/R4RK1 w - - 0 15	c3g7	758	1314191b
p44gJ	8/8/1p6/p1p5/K1P5/P1P5/1r2k3/7R w - - 7 52	h1h2 e2d3 h2b2	758	0g0p111m1o1p
ptFAF	r4rk1/ppp2ppp/1b2bn2/1N2p3/1P1qP3/P2P3P/2PBB1P1/R2QK2R b KQ - 1 13	d4f2	758	1314191b
t8TcC	8/4qr2/4pk2/Q7/7P/2P4K/6P1/8 w - - 1 47	a5g5	758	0n0p13141b
ubdsz	6k1/rp4pp/p3r3/4n3/2p5/1P6/P1PR2PP/2K2R2 w - - 0 24	d2d8 e6e8 d8e8	758	0p13151o
zrvFO	r7/2p2kpR/3p4/4nPR1/PpP1P3/8/7K/8 b - - 2 39	e5f3 h2g2 f3g5	758	0g0p0s111o
084ID	2r4k/1p2bp1p/p1n1p1pq/3pP1N1/3P2Q1/1P6/P4PPP/3R2K1 w - - 14 31	g5f7 h8g7 f7h6	759	0g0s191o
0EST7	3q3k/pp2rpnp/5BpQ/4pb2/6P1/1P3P2/P1P4P/1K6 w - - 0 29	h6g7	759	0p0y1113141b
2BYwC	r1b2rk1/ppp2pbp/2n4n/6N1/2BP3q/3Q1Pp1/PPP5/RNB2RK1 w - - 0 15	d3h7	759	0y13141b1c
2qyQa	r1b2r2/1p2npp1/1qn1p2k/p2pP1N1/3P3P/1N1Q4/PP3PP1/R4RK1 w - - 6 18	d3h7	759	1314191b
3iGZq	r3k3/5pp1/p1N5/1p1PP3/2n1Q3/1KN5/P2q4/7R b q - 5 32	d2b2	759	111314191b
46tPf	r1b2k1r/ppp1n1p1/2nq3p/2b3NQ/3p4/8/PPP2PPP/RNB1R1K1 w - - 2 12	h5f7	759	13141b1c
4a1BH	5r2/1p1q4/p5k1/4Q1B1/P4p2/7P/P7/6RK b - - 0 40	d7h3	759	0p13141b
4lxac	6k1/1p3ppp/p7/2pQrq2/8/1P6/P2P2K1/6R1 w - - 0 29	d5d8 e5e8 d8e8	759	0p13151o
4t5om	2kr3r/bpp3p1/pn2q2p/3Np3/1PQ1P3/2P5/P4PPP/R4RK1 w - - 3 19	c4c7	759	1314191b1k
5I1mw	2r1r3/1p2qpk1/p5pp/3pP3/2n2PP1/PQPBP3/1P6/1K2R2R b - - 2 26	c4d2 b1c2 d2b3	759	0g0s191o
5jG52	8/1k4pp/1p3p2/1Pp1pN2/2rnP3/5P2/6PP/1K1R4 w - - 0 37	f5d6 b7c7 d6c4	759	010p0s111o
6T91I	1R6/1P2k1p1/4p2p/2n2p1P/5n2/8/8/6K1 w - - 0 45	b8e8 e7e8 b7b8q	759	00050g0p1h1o
Ad5H0	6k1/1NPp2b1/p1r3Np/6p1/5p2/8/2P2PPP/q4BK1 w - - 1 34	g6e7 g8h7 e7c6	759	0g0p0s1o
BZ6Cl	5r2/7k/pp2Br2/3P2Pp/2P5/4n1P1/PR5P/2R3K1 b - - 0 36	f6f1 c1f1 f8f1	759	0p13151o
CB1RI	8/8/2b2kp1/7p/2N1p2P/P5P1/4K3/8 b - - 1 45	c6b5 e2e3 b5c4	759	0g0p1g1o
CIK3E	r7/8/4pP2/6p1/5p1k/p4K2/R7/8 w - - 0 39	a2h2	759	0p1113141b1m
DY5Gv	4r1k1/p4pp1/3p3p/8/3N3P/2p3P1/P3nPB1/4R2K b - - 1 29	e2g3 f2g3 e8e1	759	0g0j0p111o
DYvGv	4rrk1/ppp2ppp/2n4n/3R2N1/2B5/7P/P1Q2PPK/4q3 w - - 2 21	c2h7	759	0y1314191b
ExjFn	1k1r2nr/1p4pp/1p6/2b1P1P1/3Np3/6RP/PPP2P2/2KR4 w - - 1 24	d4c6 b7c6 d1d8	759	010j191k1o
FGbm4	5k2/ppq3pr/2n2p2/7p/3N4/2P1P3/PP4PP/3R1RK1 w - - 0 21	d4e6 f8e7 e6c7	759	0g0p0s1o
FGz9z	r2q2kr/ppp3pp/4R3/4N3/3n4/BQ6/P4PPP/b5K1 w - - 2 17	e6e8	759	0k0m1314191b
FoAIN	7k/2p3pp/npNp2rr/3Pp3/1PP1Pp2/P6R/4BP2/4Q1RK b - - 0 33	h6h3	759	0y1314191b
GQmd1	7k/pp4pp/2p2p2/5Q2/8/2Pr3P/P1P3PK/4q3 w - - 0 27	f5c8 d3d8 c8d8 e1e8 d8e8	759	060p101316
GSENE	r5k1/p4ppp/1pNrpn2/3q4/3P4/P5P1/1P3P1P/2RQ1RK1 w - - 4 19	c6e7 g8f8 e7d5	759	010s191o
HQXKO	r2k1bnr/pbqp1Qpp/1p6/3pn3/4P3/8/PPP2PPP/R3KB1R w KQ - 0 13	f7f8	759	0t13141b1c
HjH1W	r1bq1rk1/1p4p1/p1np2p1/3N1p2/2B5/1N5R/PPP2PPP/R5K1 w - - 2 19	d5e7	759	0k0m1314191b
I0U8R	8/p7/4Kp2/5Pk1/6P1/1n3B1P/8/8 b - - 2 47	b3d4 e6d5 d4f3	759	0g0p0s1o
IjzWO	5R2/pp6/4p1kp/4np2/7p/8/PPP2Pq1/2KR4 w - - 0 32	f8g8 g6f6 g8g2	759	0g0p1o1p
JLk5d	8/7p/p4p2/1pBk1K2/1P2p1P1/P3R3/6r1/8 b - - 4 39	g2f2 e3f3 f2f3	759	0p13151o
JnWAb	r1b5/5ppk/p6p/2pQq2n/8/2N5/PPPP2PP/R1B3K1 b - - 0 22	e5e1	759	1314191b
KSD9q	r2nn1kr/3p1pBp/p1qP4/1p3N2/8/2Q3P1/PPP4P/5K2 w - - 0 22	f5e7	759	111314191b
MyAUI	rn1q1b1r/4k2p/p2pBp2/1p5Q/8/8/PPP2PbP/R1B1K2R w KQ - 2 14	h5f7	759	1314191b
NBBpf	rn3rk1/pp2ppbp/2ppb1pB/q7/3PN3/5N1P/PPPQ1PP1/1K1R1B1R b - - 0 11	a5a2 b1c1 a2a1	759	13151c1k1o
NIZ7g	8/5k2/6p1/7p/2R4P/2p5/2P3n1/3K4 b - - 3 35	g2e3 d1e1 e3c4	759	0g0p0s111o
PqYr7	r5k1/pp3rpp/2p5/2n5/4P3/qB3P2/P2RN1PP/3R2K1 w - - 0 20	d2d8 a8d8 d1d8	759	0y1315191g1o
Q5MNO	r3kbr1/pbpn1p2/1p1pp3/8/3P3P/2N2B2/PPP2P1B/3R1R1K b q - 0 18	b7f3	759	0y111314191a1b
Rrkw6	r2qkbnr/p1n1pppp/3p4/1N6/Q7/6P1/PB1PPPbP/RN3RK1 w kq - 0 12	b5c7	759	0k0m13141b1c
Rw6W6	6k1/ppp3pp/4P3/3P4/2P2r2/P7/1P5P/R2K4 b - - 0 28	f4f1 d1d2 f1a1	759	0g0p1m1o1p
S0GUM	8/8/p5kp/8/PR6/8/2Nn1PPP/2r2BK1 b - - 0 37	c1f1	759	0p13141b
S0tQD	rb2k2r/1pq2ppp/p1N1pn2/2Pp1b2/3P4/2N1B3/PP2BPPP/R2Q1RK1 b kq - 0 12	c7h2	759	0y13141b1c
SMqLi	r1bq4/pp2bn2/2n1kp2/3p4/2pP4/2PBP1B1/PP4PP/RN3RK1 w - - 0 19	d3f5	759	111314191b
SQE7Z	8/8/1R3PK1/8/p7/kr6/8/8 w - - 3 62	b6b3 a4b3 f6f7 a3a2 f7f8q	759	000g0p101h1m
TXDAl	8/8/pR6/3R4/P2Pp1k1/4Pn2/1P2KP2/7r b - - 5 53	h1e1	759	0p0u1113141b
TlSL4	r5k1/3nqpp1/4p2p/2r5/P7/3Q1b1P/2B2PP1/R4RK1 w - - 0 25	d3h7 g8f8 h7h8	759	1315191o
VfIF8	5r2/ppp1k1pp/3p4/4p3/4P3/1BPPb3/PPR4P/3K1r1R w - - 2 22	h1f1 f8f1 d1e2 f1f4 e2e3	759	010p10
XX6TL	2Q2bk1/5ppp/4r3/p2pP3/3P4/2N2P1q/5P1P/3B1R1K b - - 12 37	h3f1	759	0t1314191b
XfPPW	q2r4/5p1k/6p1/6Pp/pPP1PPb1/2Q5/1B6/6K1 w - - 0 38	c3g7	759	0p1113141b
Y3bwC	8/6p1/7p/2n2P2/8/1k6/2pQ1K1P/8 b - - 8 55	c5e4 f2e1 e4d2	759	0g0p0s111o
ZmJl1	2kr1q1r/5p2/p1pp3p/1p1P1Np1/4Pn2/1B3PPP/PP3Q2/R3K2R b KQ - 1 27	f4d3 e1e2 d3f2	759	010s191o
aCO5j	2r5/5k1p/3Q1Pp1/3P2B1/4pP1P/pPrn4/P3R3/1K2R3 b - - 0 37	c3c1 e1c1 c8c1	759	1315191k1o
aM9ZA	r1bqkb1r/pp1np3/2n3p1/2pp3Q/4p3/2PB4/PP1P1PPP/RNB2RK1 w kq - 0 11	h5g6	759	13141b1c
aj6He	2r5/5kpp/1pB1p3/pN3p2/3P1n1n/P4P2/1P3P1P/3R1K2 w - - 4 30	b5d6 f7e7 d6c8	759	0g0p0s111o
bzfaS	5rk1/1qBbbppp/4pn2/3p4/p2P1Q2/p6P/P1B1NPP1/K1R4R b - - 1 23	b7b2	759	1314191b
cl0A4	8/8/8/b3kppp/8/4NPPP/4K3/8 w - - 3 63	e3c4 e5e6 c4a5	759	0g0p0s1o
d0nNa	8/3nk3/1pK1P2p/6p1/2B5/6P1/7P/8 b - - 0 44	d7e5 c6b5 e5c4	759	0g0p0s11121o
e5gJG	3k4/3P1R2/1p4r1/7p/4n3/8/1P6/1K3R2 b - - 0 46	e4d2 b1c1 d2f1	759	010p0s111o
eGCPZ	3qk2r/1p2b1p1/p2p1n2/4p2p/Pn2P1P1/2QBB2P/1PP5/2KR2R1 b k - 0 19	b4a2 c1b1 a2c3	759	010s191o
f38Ck	r1b3k1/p5pp/2p5/q3p2Q/2P1np2/P1P5/1B1rB1PP/R4RK1 w - - 2 19	h5e8	759	1314191b
f7dPi	r2q1b1r/pp1bk1p1/4pnBp/2p5/1B6/1P3Q2/P1P2PPP/RN3RK1 w - - 0 13	b4c5	759	13141b1c
fZEcc	8/2p5/3p4/pp5K/3P2PP/k1P5/8/8 w - - 0 42	g4g5 a5a4 g5g6 a3b2 g6g7	759	000g0p101e1l
feRaf	3rb1k1/Q7/2p3rp/3q2p1/3P1p2/2P1R1P1/PP5P/4R1K1 w - - 0 27	e3e8 d8e8 e1e8	759	1315191o
gBVsM	1r4k1/3Qpp1p/5bpB/p1p1q3/8/1P6/P1P3PP/3R3K w - - 2 30	d7d8 b8d8 d1d8	759	0p13151f1n1o
gbaz6	r1bq3r/ppp3kp/3b2np/8/2BPP3/5Q2/PPP2PPP/RN2K2R w KQ - 2 12	f3f7	759	13141b1c
hSuPK	8/3N1k1p/p1r5/R4K2/1b6/6P1/7P/8 w - - 1 45	d7e5 f7e8 e5c6 b4a5 c6a5	759	0g0p0s1011
hcwOJ	rnk1b2r/ppp2pb1/5p1p/3NpP2/2B1P3/8/PPP3PP/2KR2NR w - - 5 13	d5e7	759	111314191b
hyG9B	8/8/8/2Rp1k2/p1nn4/P4P2/5K2/8 w - - 0 60	c5d5 f5e6 d5d4	759	0g0p0s111o
lpE8d	7k/1p5p/p1p5/2B2bp1/2B1p3/2P3P1/PP2KP1b/8 w - - 0 24	c5d4	759	080l0p13141b
n1w1A	3k1rnr/pQ5p/P2p2pP/Rpq1p1N1/4P3/6R1/1PP2P2/5K2 b - - 0 27	c5f2	759	111314191b
nArJP	2r2r2/7p/6n1/p3P3/1p5k/5B2/4NK2/2B2R2 w - - 12 39	f1h1	759	1314191b1f
nIj4o	r1bqkb1r/1p1pnppp/p1n1p3/1Bp1P3/2N5/5N2/PPPPQPPP/R1B1K2R w KQkq - 2 8	c4d6	759	13141b1c1q
nQGP0	4rr1k/5pp1/3p3p/p1pBqRb1/P3P1Q1/1P6/4RPPP/6K1 b - - 22 41	e5a1 e2e1 a1e1	759	0y1315191o
nXqkp	r5rk/1b3p2/p1p1p3/6qp/P3Q2R/3B3P/2P3P1/7K w - - 2 27	e4h7	759	1314191b
o0DIO	2r5/5kpp/4pp2/3n4/2pPNP2/p1P3P1/Pr2RK1P/2R5 w - - 4 34	e4d6 f7e7 d6c8	759	010p0s1o
oJXNT	r1b1r1k1/1pp4p/pb2P3/3B1pp1/1P6/P5P1/1B5P/R3K3 w Q - 1 23	e6e7 c8e6 d5e6	759	000j0k0y1315191o
ozVmj	8/2p5/P4p2/4k3/r7/4p3/1P6/2K2Q2 b - - 0 45	a4a1 c1c2 a1f1	759	0g0p111j1o1p
pbs6V	3rk3/pp5p/2p5/3r1P2/4pB2/P3Kb1P/1PP2P2/2R1R3 b - - 0 21	d5d3 c2d3 d8d3	759	0p13151f1n1o
rAFaJ	r2q2k1/p1p2ppp/5n2/2b4r/3Q1B2/2N3Pb/PPP2P1P/R2R2K1 w - - 0 18	d4d8 a8d8 d1d8	759	0g0y191o
rCs1r	2r5/7R/p2bp1p1/1b1n1kPp/1P1P4/4BP1P/5K2/8 w - - 0 35	h7f7 d5f6 f7f6	759	0p13151f1o
u2XVm	1r4k1/pbp2pp1/2p1p2p/8/4Q3/2qB4/P1P1KPPP/3R4 w - - 3 19	e4h7 g8f8 h7h8 f8e7 h8b8	759	010p101p
uIf21	rnb1k1nr/pppp1ppp/5q2/2b1p3/2B1P3/2PP4/PP3PPP/RNBQK1NR b KQkq - 0 4	f6f2	759	0413141b1c
un6n7	5rk1/p3pp2/2p3pp/3pP3/1R3P2/n3P3/6PP/R5K1 b - - 1 28	a3c2 b4a4 c2a1	759	010p0s1o
vCjpV	2rq1rk1/6p1/1p3p1p/1B2n3/P7/2P3P1/2P2P1P/1R2QRK1 b - - 0 23	e5f3 g1h1 f3e1	759	010s191o
vMd7P	8/2R1np2/3pb1pk/7p/2p2P1P/2K3N1/P1P5/8 b - - 0 42	e7d5 c3d4 d5c7	759	0g0p0s1o
vNgnd	rn1q1rk1/pp3p2/6pp/3Bb3/7P/4P1P1/PPPQ1P2/2KRR3 w - - 1 17	d5f7 g8f7 d2d8 f8d8 d1d8	759	0g0j0y1019
w1esS	1R6/2p3pk/P1p3pp/2b1p3/8/4q3/Q7/3K4 w - - 2 47	a2g8	759	0p13141b
xhcBK	r5k1/5ppp/p1r1p3/8/2PR4/P1n1B1P1/5P1P/5RK1 b - - 3 25	c3e2 g1g2 e2d4	759	0g0p0s1o
zJb27	2k3nr/ppp2p1p/3b4/3Pn3/Q7/4q1p1/PPP3PP/RN3R1K w - - 0 17	a4e8	759	1314191b
zQ56s	3r4/5pp1/Q1r3k1/4p2R/6P1/1P6/1P6/1K1R4 b - - 0 35	d8d1 b1a2 c6a6	759	0p13151j1o
zyN9u	4k2r/1pB5/p1p2p1n/6p1/1bb1P1P1/2N2PN1/PPr5/3RR1K1 w k - 0 20	d1d8 e8f7 d8h8	759	0g191o1p
04zUx	r1bB1rk1/ppp2p2/2np4/3np3/2B1P3/P2P4/1PP2bPP/R2Q1K1R b - - 0 13	d5e3 f1f2 e3d1	760	010s1c1o
11c9i	8/1p4rp/3p1k2/p2B1b2/P1P5/1r5P/1P3R1K/5R2 b - - 1 41	b3h3	760	0p1113141b1d
3OWLX	1r6/3P4/6Rp/2k2p2/Kp6/1P4P1/P6P/8 b - - 0 46	b8a8 g6a6 a8a6	760	0p13151m1o
5001k	1b1r1k1r/pp2npp1/7p/8/bP1N4/P4N2/3R1PPP/2B2RK1 w - - 9 19	d4e6 f7e6 d2d8	760	0g0j191o
5gUHL	5rk1/6pp/Q3pp2/3b4/P2PP3/2P3r1/7P/5R1K b - - 0 30	d5e4 f1f3 e4f3	760	0p13151a1o
5to06	8/4k3/6Bp/p4P1P/P2pbP2/4p3/4K3/8 w - - 1 48	f5f6 e7f6 g6e4	760	080g0j0p1o
5yVsH	4R3/2p4k/1p4p1/p1b4b/8/2Br4/PP4K1/2R5 w - - 4 34	e8h8	760	0p13141b1d
6CvIE	r1bq1k1r/ppppn1pp/8/2b3N1/3pPPn1/1Q6/PPP3PP/RNB2RK1 w - - 1 11	b3f7	760	13141b1c
6L0Ij	r1b2r1k/ppp4B/8/2b1p1N1/5P2/2B2K2/PP4PP/n7 w - - 0 21	c3e5 f8f6 e5f6	760	1315191o
6jvOE	3r2k1/5pp1/7p/4Q3/1p1P1P2/2p2q1P/1P5K/6R1 w - - 0 33	e5g7	760	0p13141b
7Ktie	8/8/6rk/3R2p1/P3N1K1/1P4P1/2n5/8 b - - 2 56	c2e3 g4f3 e3d5	760	010p0s1o
7RLWs	r3kbnr/2pb1p1p/p2p2p1/p2N2B1/4P3/5N2/PPP2PPP/R3K2R w KQkq - 0 12	d5c7	760	1314191b
950hH	4r1k1/2r3pN/2p3Bp/1p6/3n4/1P5P/2P3P1/4R1K1 w - - 0 39	e1e8	760	0p13141b1f
ATqj6	6q1/1kpp2P1/1p4nB/p3p3/4P3/3P3P/2P3P1/5RK1 w - - 0 26	f1f8 g6e7 f8g8	760	010p1o
AWQLC	r1b2rk1/pp2nppp/1q6/8/2p1P3/P1B2PQ1/1Pn3PP/3R1R1K w - - 0 17	g3g7	760	0y1314191b
BYgwG	4r1k1/ppp2pp1/3pq2p/8/5B2/2P2PQ1/PP2r2P/4RRK1 b - - 3 24	e2e1 g3e1 e6e1 f1e1 e8e1	760	0g0y1019
BkRRP	5rk1/5p2/3p2pp/p2q4/4N3/3r1N1P/5PP1/1R2R1K1 w - - 2 38	e4f6 g8g7 f6d5	760	010s191o
CsKbR	8/4k3/p4p2/P1p1pP2/1pP1P1K1/1P6/8/8 w - - 1 50	g4h5 e7f7 h5h6 f7g8 h6g6	760	0g0p10111e
Db9MD	6k1/pp2bpp1/6qp/8/5B2/4PQ2/PP3PPP/6K1 b - - 0 23	g6b1 f3d1 b1d1	760	060p13151o
E2sNd	r1b3kr/pppp1p1p/7B/2nN1N2/3n2q1/8/PPPK1bPP/R4B1R w - - 0 15	d5f6	760	111314191b
Fs8FY	5k2/1R4p1/4Kp1p/7P/5Pr1/8/8/8 w - - 0 69	b7b8	760	0p1113141b1m
FvUeC	r4rk1/1pp2ppp/p2p1q2/3Pn3/P2QPP2/7P/BP4P1/R4RK1 b - - 0 17	e5f3 f1f3 f6d4	760	0g0j0y191o
G1sXt	2kr3r/1ppb4/5q2/1p1Q4/3b3p/P4B2/2P3PN/4RK2 w - - 0 28	d5b7	760	1314191b1k
GsqHy	4r1k1/4r1pp/p1p2p2/3p4/2Pn4/1P2P1P1/P3RK1P/3NR3 w - - 0 26	e3d4 e7e2 e1e2 e8e2 f2e2	760	0g0p0t10
H03zx	8/8/8/8/5K1p/7P/6k1/8 w - - 2 48	f4g4 g2f2 g4h4 f2f3 h4g5	760	0g0p101e
H8Clg	6k1/5pp1/7p/2Qpq2n/8/3B1PPP/2P4K/8 w - - 1 39	c5c8 e5e8 c8e8	760	0p13151o
KJCvR	8/8/4pp2/R2p2kp/P2r4/1B3KP1/8/8 b - - 0 48	d4d3 f3f2 d3b3	760	0g0p0s1o
LQmNf	8/5p1k/p4P1p/3n4/3P4/3K4/R5PP/8 b - - 0 41	d5b4 d3c4 b4a2	760	010p0s111o
MeTA5	r1r4k/pp3p1p/1b1npP2/3p2Q1/1P6/P4P2/2q2P1P/R4RK1 w - - 0 21	g5g7	760	1314191b
Ozca3	7k/4r3/2p4p/1p6/3P4/nPPR4/P3rP1P/2KR4 b - - 0 36	e2c2	760	0p13141b
P1DR4	1r3k2/7R/6p1/1p3nP1/2p2K1p/5P2/8/5N2 w - - 4 43	h7h8 f8f7 h8b8	760	010p1o1p
PgQn4	6k1/p4p1p/1p1r2pq/5BN1/8/1P4Q1/P3RP2/6K1 b - - 0 33	d6d1 e2e1 d1e1 g1g2 h6h1	760	0p101316
PwGBJ	5r1k/1p1N1rpp/pq2p3/3p4/3b4/2N3Q1/PP4PP/R4R1K b - - 1 23	f7f1 a1f1 f8f1	760	061315191o
QHZD3	8/p6R/8/5k2/8/2Bn1P2/PPr3PP/6K1 b - - 0 29	c2c1 c3e1 c1e1	760	0p13151o
QO3JG	r1b2rk1/ppp2ppp/8/8/2BQ2nq/1PN1PP2/P5P1/R1B2RK1 b - - 0 13	h4h2	760	13141b1c
SQCj4	r5Q1/5p1P/5P2/8/8/2k5/1p6/1K6 b - - 0 57	a8a1	760	0p111213141b1j
SVb2C	3Q4/8/6pk/5p2/1p3P2/1q4PK/8/8 w - - 0 58	d8h8	760	0p1113141b1i
Sl1UP	8/8/8/2P5/1P6/4k1p1/3rN1R1/5K2 b - - 1 64	d2d1	760	0p13141b
TBs0Z	7r/5pk1/2pp4/pp2p2b/4P3/P1PP2P1/BP4K1/7R b - - 0 32	h5f3 g2f3 h8h1	760	0g0i0j0p1o
TrzQ6	4r1k1/p3P2p/6p1/2pN1p2/q1P2P2/5BP1/P6P/4R1K1 w - - 4 28	d5f6 g8f7 f6e8	760	0g0p0s1o
U07Xa	6r1/2p5/p2kbR2/2Np3p/PP4p1/8/6K1/2q5 w - - 0 40	f6e6	760	0p0u13141b
Vcc3w	5rk1/p1p2rpp/8/3pB3/3Pn3/1RPQ4/P1P3PP/5R1K b - - 0 22	f7f1 d3f1 f8f1	760	061315191o
WH1KS	2r5/p7/3p2k1/2bN2p1/4P3/3K3R/P1P5/8 w - - 2 35	d5e7 g6f6 e7c8	760	0g0p0s1o
WQUHq	3r4/8/8/8/3k4/8/2R1K3/8 w - - 3 64	c2d2 d4e5 d2d8	760	0g0p1m1o1p
XNDWG	r1bq1rk1/ppp1bppp/2np4/8/1PP3nQ/P2BP3/1B3PPP/RN2K1NR w KQ - 2 10	h4h7	760	0y13141b1c
XaPJq	8/p4B1p/2p2p2/6pQ/8/6kP/P5P1/5qBK b - - 9 39	f1g2	760	0p13141b
YNLpo	1k6/pp2rBp1/4P2p/8/P2n1PP1/1P6/7P/2R3K1 b - - 0 30	d4e2 g1f2 e2c1	760	010p0s1o
YzZf7	8/5ppk/7p/8/p1N1P3/1r5P/1R3PP1/6K1 b - - 0 39	b3b2 c4b2 a4a3 b2c4 a3a2	760	00010p10
ZVx6h	4r1k1/pRPP3p/4q2b/5p2/4r3/P4pP1/2QR1B1P/6K1 b - - 0 34	e4e1 f2e1 e6e1	760	1315191n1o
afVCK	r3kbnr/p1pp2pp/bp6/4P3/8/1BP5/PP1N2PP/R2Q2KR b kq - 0 15	f8c5	760	0l1314191b
an85x	8/4k1pp/3q4/3Bp3/4K3/4NPP1/7P/8 w - - 1 41	e3f5 e7d7 f5d6	760	0g0p0s111o
b9TDb	6k1/2rb2pp/p1N2p2/4p3/4r3/1P4P1/P1R4P/2R3K1 w - - 1 31	c6e7 g8f7 c2c7	760	0g0j0p1o
bXdpJ	r3r1k1/ppq2ppp/2p2n2/8/3N4/2N4Q/PPP2PPb/R1B1R2K b - - 0 18	e8e1	760	0t0y1314191b
c45Se	8/1p4p1/p5k1/P2r1Np1/6P1/6KP/8/8 w - - 9 47	f5e7 g6f6 e7d5	760	0g0p0s111o
d9noU	1RQ2nk1/3p1pp1/3qp3/7p/P7/8/6PP/6K1 w - - 0 29	c8f8 d6f8 b8f8 g8f8 a4a5	760	0g0h0p101n
eFFMW	3B2k1/5pbp/p5p1/1p6/8/2n2N1P/P4PP1/2R3K1 b - - 1 24	c3e2 g1f1 e2c1	760	010p0s1o
eY4pD	1N5r/8/3P1kpp/p3b3/2B2p1P/3KP3/1PP2q2/2Q5 w - - 5 33	b8d7 f6g7 d7e5	760	010i0p111o
fSPXF	r3k2r/pp3ppp/2q2n2/2b5/2B5/4P1Pb/PPQ2P1P/RNBR2K1 b kq - 8 15	c6g2	760	111314191b
hAvTo	8/8/2k2P1p/8/1bpp4/8/P1K1R2P/8 b - - 0 47	d4d3 c2d1 d3e2	760	000g0p0s1o
haWNe	2r3kr/2q2p1p/3p2P1/p2P2P1/1p1Q1R2/8/PPP5/1K5R b - - 0 31	c7c2 b1a1 c2c1 h1c1 c8c1	760	060p1013161n
iZ36t	8/8/3p4/2pPr3/kpP1prPp/4R2P/4Kp2/5R2 w - - 0 70	f1a1	760	0p13141b1m
ivRLK	r4rk1/pbp2ppp/1p2p3/4N1P1/2NP3P/q1nQP3/P7/KR3BR1 b - - 8 26	a3a2	760	1314191b
ju4Wg	r1bq1r2/pppn1ppk/1b1p3p/3P4/1PB1Pn2/P5Q1/1B3PPP/RN3RK1 w - - 0 17	g3g7	760	13141b1c
lPoNO	rn2r1k1/pp3ppp/2pb1q2/8/3P4/2P2B1P/PPQ2PP1/R1B1R1K1 b - - 0 15	e8e1	760	0t0y1314191b1f
ljeiJ	8/R7/5kp1/3P2p1/5K1P/p4P2/8/r7 w - - 0 47	h4g5	760	0p1113141b1m
ltV0h	8/1p2p1kp/1p2Ppp1/2p2P2/2P3P1/1P1R3P/P1n3K1/8 b - - 1 37	c2e1 g2f2 e1d3	760	0g0p0s1o
m3yA4	3qr1kb/2p2p2/3p4/8/1PbBPPP1/1P6/2rQ4/1K5R w - - 0 30	h1h8	760	1314191b1d
ml7t1	r2B1rk1/5pp1/p2pp2p/1p6/3p4/PP1P3P/B1PnNPb1/R3K1R1 b Q - 1 17	d2f3 e1d1 f3g1	760	0g0s191o
oJlH4	5r1k/1p4pp/3pB3/3P2q1/1RPQ4/8/P5PP/6K1 b - - 0 25	g5c1 d4d1 c1d1	760	0p13151o
ov7jf	5k2/R3n3/8/p3K1p1/P1P5/8/1P6/8 b - - 4 66	e7c6 e5e6 c6a7	760	0g0p0s111o1r
pZCsC	8/8/1p5p/5n1P/P4k2/5P2/6K1/3B4 b - - 0 52	f5e3 g2h3 e3d1	760	0g0p0s111o
peU84	8/6k1/R2P2p1/1p6/4n2B/1P1r2pK/P5P1/8 b - - 1 44	e4f2	760	0p1113141b
qGwB8	r1b2k1r/1p1p1ppp/p1nN4/3Qq3/8/3BP3/PPP3PP/R3K2R w KQ - 0 14	d5f7	760	1314191b
s5WMF	3N2k1/1b4pp/2qp4/p1p1p3/2P5/PP1p1r2/1B4PP/1Q2R1K1 b - - 0 29	f3f1 e1f1 c6g2	760	0j0y1315191n1o
suwH7	rn3rk1/pp1nbppp/2p5/3pqQ2/2P5/P3BP2/1PBN1P1P/R4RK1 w - - 0 17	f5h7	760	0y1314191b
u2Wll	2R1r1k1/1q3pp1/7p/p2P1Q2/8/6P1/5PKP/8 w - - 0 39	c8e8	760	0p0t13141b
uLsdY	1Q2r1k1/1p1n1p1p/2b3pB/2p2P2/2P5/1P6/2q3PP/3R3K w - - 2 32	b8e8 d7f8 e8f8	760	0t1315191o
uaqFf	r1q3k1/1R1Q1ppp/p3p3/3p4/3P4/2r1P3/P4PPP/1R4K1 b - - 3 20	c3c1 b1c1 c8c1	760	060p13151o
ul8R9	8/8/2R1Rpk1/6p1/8/5PKP/P1rr2P1/8 b - - 0 29	d2g2	760	0p0q13141b1m
w1IAk	5rk1/4bp2/p2r3R/3p1Q2/3P4/q3PNP1/5P1P/6K1 w - - 1 24	f5h7	760	1314191b
w9hVt	2k1r3/1p3p2/2p2B2/P3p3/1Pn1P1K1/8/2P3PP/3R4 b - - 0 29	c4e3 g4f3 e3d1	760	010p0s1o
xkdlO	7r/5pk1/p1P5/4ppq1/1Q6/1PP5/PR3RPp/7K b - - 1 34	g5c1 f2f1 c1f1	760	0p13151o
yorEO	rn1qkbnr/pppbp2p/5p2/1B1p4/8/8/PPPP1PPP/RNBQK1NR w KQkq - 2 5	d1h5	760	13141b1c
zhriq	7k/1p5p/p5p1/q7/1bBpPp2/1P4pP/2P1K3/3Q4 w - - 0 36	d1d4 a5e5 d4e5	760	0p13151o
2QRLz	2r3k1/pp3ppp/8/8/8/N6P/PP1p2P1/2rR1RK1 b - - 5 31	c1d1 f1d1 c8c1 g1f1 c1d1	761	050d0g0p101g
2ayLI	1r3rk1/4b1pp/p4p1n/2pq1P2/3pN3/P2P1Q1P/1P3PK1/1RR5 w - - 2 27	e4f6 f8f6 f3d5	761	0g0j0y11191o
3Ycgu	r6r/pp3R1p/1k6/2R1p3/1P2p3/8/P5PP/6K1 w - - 0 22	f7f6	761	0p13141b1m
3w7HB	r1bk1bnr/ppqp1Qpp/2p5/8/2BpP3/8/PPPP1PPP/R1B1K2R w KQ - 1 10	f7f8	761	0t13141b1c
4K85X	4r2k/p5qp/5Q2/4R3/8/3r2P1/5PP1/6K1 w - - 0 36	e5e8	761	0p111213141b
4S6Zf	6k1/p1p2rpp/2p3q1/8/4p2Q/4P1P1/P1P1r2P/5RK1 w - - 0 22	h4d8 f7f8 d8f8	761	0p13151o
5sP8n	q3kbnr/p1p2ppp/4p3/1p2N3/3P1B2/1P4Pb/P1Q1PP1P/R4RK1 b k - 3 14	a8g2	761	1314191b
65l1x	8/R6K/4pkP1/5n2/4bP2/8/8/8 w - - 19 53	a7f7	761	0p0q1113141b
68bfd	r1b1k2r/pp1p1ppp/2N1p3/7n/NQ2P3/7P/PP2B1PK/2q5 w kq - 0 20	b4e7	761	1314191b
6J17f	r1bk1bnr/ppqp1Qpp/2n5/2p1p3/2B1P3/8/PPPP1PPP/R1B1K1NR w KQ - 1 8	f7f8	761	0t13141b1c
6e2Vt	r2qk2r/pppbb2n/2np4/4p1Pp/4P2P/2NP4/PPP4N/R1BQ1RK1 w kq - 0 16	d1h5	761	13141b1c
77H3Z	2kr1b1r/pp3p2/3p1p2/2P3p1/4P3/2PPNRPq/P6P/R2Q3K b - - 0 18	h3h2	761	0y1314191b
7UKWw	r7/pp1kbppp/8/2p1n3/5B2/8/PP3PPP/R3K2R b KQ - 1 17	e5d3 e1d2 d3f4	761	010p0s1o
7w0Ff	2kr1bnr/ppp3p1/4p2p/1P2nq2/4pB2/4PN2/PPQ2PPP/2R1K2R w K - 0 14	c2c7	761	1314191b1k
8mcMB	8/1b3p1p/p2r1k2/6p1/4P3/P1PpRPP1/7P/4K3 w - - 4 34	e4e5 f6e7 e5d6	761	0g0k0m0p0s1o
ARzJC	6k1/6pp/P3p1q1/2B5/1P3b1Q/5p2/5P2/5R1K b - - 0 39	g6g2	761	0p13141b
BuFGH	3r3k/p2r2p1/1p5p/6q1/2p1Q3/2P4P/P4RP1/5RK1 w - - 2 32	f2f8 d8f8 f1f8	761	0p13151o
DPWEJ	4kbnr/1p2pppp/p7/8/8/1PB4P/P1rP1PP1/RN2K2R b KQk - 1 13	c2c1 e1e2 c1h1	761	0g191o1p
DujqJ	1r3rk1/ppR2pp1/5q1p/3Pnb2/8/1Q2PN2/P3BPPP/R5K1 b - - 0 16	e5f3 e2f3 f6a1	761	0g0j0y11191o
EVDsO	r2q2kb/p4R2/1p2p2p/3pn1pB/3p4/P2Q2P1/1PP1N1PP/6K1 w - - 6 23	d3h7	761	1314191b1u
EXSXu	1n3rk1/p4pp1/1p5p/1N2q3/2P3n1/1B2BQ2/P1P2PPP/5RK1 b - - 2 18	e5h2	761	0y1314191b
GYBEO	r1b1r2k/ppp2Qpp/8/8/2Bqn3/8/P1P2PPP/R4RK1 w - - 1 16	f7e8	761	060t1314191b
H8tUk	6k1/p1p2p2/2n2rpR/6r1/8/4K2R/7P/8 w - - 0 48	h6h8 g8g7 h3h7	761	090p13151o
IMpei	rb3rk1/pb3ppp/1p2p3/1N6/4n3/P4n2/1P3QPP/R1BBR2K b - - 0 19	e4f2	761	0y13141b1c
IfW5P	r3kbnr/1b2pppp/p7/n2N4/2p1P3/4B3/1P3PPP/3RKBNR w Kkq - 0 14	d5c7	761	0f13141b1c
JAB9A	8/5k2/8/2R2K2/5P2/8/8/7r b - - 36 80	h1h5 f5e4 h5c5	761	0g0p11121m1o1p
JZcjh	5r1k/5qpp/8/p2Q1N2/4P3/P2P3P/1P4P1/1K6 b - - 3 33	f7d5 e4d5 f8f5	761	0b0g0j0p1o
K6YLp	3rr1k1/ppp1nq1p/3b1NpB/3b4/2B5/P7/1PQ2PPP/R3R1K1 b - - 0 18	f7f6 c4d5 e7d5	761	010t11191o
KWVGT	3r2k1/p1p3b1/1p3Np1/5p1p/8/1P6/1PP2PPP/3R2K1 b - - 1 24	g7f6 d1d8 f6d8	761	010p0t1o
LZEUZ	8/1p6/4kp2/4pN1r/4P3/P4P2/KP6/8 w - - 0 44	f5g7 e6f7 g7h5	761	0g0p0s1o
MgQwC	7k/8/1p4B1/1p6/pP4K1/P5R1/7q/8 w - - 0 51	g3h3 h2h3 g4h3	761	0g0p0s1o
MnFYi	1k6/6R1/1K4p1/3p1p1p/6rP/8/8/8 w - - 6 72	g7g8	761	0p1113141b1m
OeSgE	6rk/r2n4/1p1Q4/p1pP4/P1P1pP1P/5qPK/8/4R2R w - - 4 36	d6h6	761	1314191b
PNYk7	2rr2k1/1p2qppp/p3b3/6N1/1P5P/P5P1/5PB1/nQ3RK1 w - - 0 24	b1h7 g8f8 h7h8	761	0y1315191o
QIioq	5r2/4Rpk1/pp6/3Qpqp1/8/2P5/P4PPP/6K1 b - - 6 26	f5b1 d5d1 b1d1	761	060p13151o
RJc18	R7/3k2r1/3p4/4p1p1/4K3/1P6/P1P5/8 w - - 0 47	a8a7 d7e6 a7g7	761	0g0p1m1o1p
RoUEg	rnb1kb1r/pp1ppppp/8/1P6/3p1B2/4P3/P4PPP/2R1KBNR w Kkq - 0 10	c1c8	761	060t1314191b
SJ5q5	r3r1k1/p3qpp1/2pb1n1p/3p4/2pP4/2P2KP1/PP2BP1P/R1BQR3 b - - 0 16	e7e4	761	111314191b
TEnND	7k/1qr3pp/p3Q1n1/3r4/8/2p2B2/P4PPP/2R3K1 w - - 0 30	e6e8 g6f8 e8f8	761	1315191o
TK4d6	6k1/pp3pp1/2n5/6q1/5n2/2P2P1R/1P4PK/4RB2 w - - 13 29	e1e8	761	0p13141b
U06UO	6k1/4R1pp/7q/3p1R1P/2p5/8/1p3PP1/6K1 w - - 0 38	e7e8	761	0p13141b1j
U4ddl	r1bq1k1r/ppp1b1pp/2n2n2/7B/3P1p2/1QP2N2/PP4PP/RN3RK1 w - - 2 13	b3f7	761	13141b1c
U7ow7	rn2kr2/pb3p1p/4pQ2/1pq5/2p1P3/2N5/1P3PPP/3RKB1R w Kq - 1 16	d1d8	761	0x1314191b
VcgEK	r4rk1/pp3ppp/5n2/8/3q2b1/P1NB4/1P1Q1PPP/R4RK1 w - - 0 16	d3h7 g8h7 d2d4	761	0g0j0y191o
WRybJ	3r2k1/1p1r2b1/6Q1/4p1RP/p7/P1P5/1P4P1/2K5 b - - 0 30	d7d1 c1c2 d8d2	761	090p13151o
X6FE7	8/r5pk/2p2p1p/p3n2P/1p4PQ/3q4/PP6/1K1B1R2 w - - 0 29	d1c2 d3c2 b1c2	761	010h0p1g1o
ZDFS4	r3qrk1/p1p3pp/2p5/3n4/8/2B3Q1/PPP3PP/3R1RK1 w - - 1 19	g3g7	761	0y1314191b
a4lGF	2kr2nr/pp4pp/2p2p2/4n3/5B2/PQP1P3/2PqNPPP/R4K1R b - - 2 14	d2d1 a1d1 d8d1	761	061315191n1o
aBagS	r1b1k2r/1pp2ppp/p1N2n2/2b5/3qP3/3P3P/PPP2PP1/RNBQK2R b KQkq - 0 8	d4f2	761	0413141b1c
bHInB	2r2rk1/5pp1/p3p2p/1p2P2q/2p3R1/2P4P/PP2Q1P1/5RK1 w - - 2 31	g4g7 g8g7 e2h5	761	0g0j0p0y1o
bT7J4	8/7R/8/4k3/6PK/8/8/1r6 b - - 16 57	b1h1 h4g3 h1h7	761	0g0p11121m1o1p
c0kWr	rn3qk1/ppp3pp/3p4/3P4/2BP2P1/6b1/PPP3K1/R1BQ4 b - - 1 21	f8f2 g2h3 f2h2	761	1315191o
dKAcM	2r2rk1/3Q2pp/2B5/pp6/1b6/6R1/P1P2qPP/3R3K b - - 1 23	f2f1 d1f1 f8f1	761	061315191n1o
dpcOT	3Q4/4P1bk/3p3p/1p2pp2/7P/2p3P1/1qB1b1K1/8 w - - 0 46	c2f5	761	0p1113141b
ePrid	8/4rpk1/1p5p/p1n2Pp1/P5P1/1PP2R1P/2K5/8 w - - 4 36	f5f6 g7f8 f6e7	761	00010p0s1o
fFpxt	5k2/4b1pp/8/PQ2PP2/4n3/8/4K2P/8 b - - 0 47	e4c3 e2d3 c3b5	761	0g0p0s1o
fmX9P	2k5/p1r4p/1pN1r1p1/1P3p2/P7/3RP1PP/5K2/8 w - - 0 30	d3d8 c8b7 d8b8	761	0p0q0u13151o
g1IBa	r3r1k1/pp2q2p/3p1p1P/2PP2p1/6P1/Pn1BPQ2/1P6/1K2R2R b - - 2 22	b3d2 b1a2 d2f3	761	0g0s11191o
hLMb0	r7/5kpp/5p2/2R5/5b2/4B3/6PP/5RK1 b - - 0 32	f4e3 g1h1 e3c5	761	0g0p0s1o
iYESQ	5r2/p5kp/1p3n2/6N1/3Pp3/2P2p2/PP5P/5RK1 w - - 0 30	g5e6 g7g8 e6f8	761	010p0s1o
itH5g	5rk1/6p1/p3p3/2q5/2b1P3/2Q2PP1/6KP/1R3R2 b - - 2 35	c4f1 b1f1 c5c3	761	0g0j0p1o
j7vjB	7R/2r2k2/5p2/3p3p/8/2nK3P/6P1/8 w - - 12 77	h8h7 f7e6 h7c7	761	010p11121o1p
j8XmE	r4rk1/ppp2p1p/1b1p3Q/3BPb2/3P2q1/4R3/PP3PPP/RN4K1 b - - 2 17	g4d1 e3e1 d1e1	761	0y1315191o
jIDjy	8/8/6rk/1Q3K2/8/8/8/8 b - - 9 70	g6g5 f5e4 g5b5	761	0g0p1j1o1p
jqzTL	5r1k/2R3bp/p3p1p1/1p6/b7/2Q4P/q4PP1/5BK1 w - - 0 37	c3g7	761	1314191b
jthWm	rnb2rk1/pp3ppp/1bp1pq2/8/7Q/3B1N1P/PPPP1PP1/R1B2RK1 w - - 4 13	h4h7	761	0y13141b1c
npzAM	8/5p2/kp1Np3/3p2p1/8/1P6/1r3n2/2R3K1 w - - 6 49	c1a1 b2a2 a1a2	761	020p13151o
pazg5	5bk1/3q3p/3pb1p1/3P4/1PpB2B1/2P4P/5PP1/6K1 w - - 0 35	g4e6 d7e6 d5e6	761	0g0p0s1o
pmieo	r1bq1knr/ppp1b1p1/2n4p/4ppNQ/7P/2NB4/PPP2PP1/R1B1K2R w KQ - 2 11	h5f7	761	13141b1c
r7Ba2	1r5k/6bp/6p1/R3p3/1r2P3/6P1/4PPKP/1R6 w - - 0 34	b1b4 b8b4 a5a8 g7f8 a8f8	761	0g0p1011
sNSTc	1k1r4/p5p1/Pp2q3/4r2p/2P1Q1p1/8/5PPN/R5K1 w - - 0 33	e4b7	761	0p13141b
sRn32	2kr4/ppp2ppp/2p1b3/r7/4PN2/7P/1PP2PP1/2KR1B1R b - - 0 18	a5a1	761	1314191b
skTQ9	1r1k3r/pp6/3bB3/2p3Rp/8/5P2/PPP3PP/2K4R b - - 0 24	d6f4 c1b1 f4g5	761	010p0s1o
uGm1E	3r1k2/1RRr1ppp/p7/3p4/3P2P1/8/P5PP/6K1 w - - 0 30	c7d7 d8d7 b7d7	761	0g0p111m1o
uIeWe	6k1/p7/1n1p2p1/2pP2P1/2P1rPNp/PK5R/8/8 w - - 5 40	g4f6 g8f8 f6e4	761	0g0p0s111o
uJ7YV	2k2b1r/pp2p2p/2n1r1p1/3q1p2/2pP1Q1N/7P/P1P2PPB/5RK1 w - - 0 24	f4c7	761	111314191b
ud46B	8/2R1p1bp/4kpp1/2Bbn3/6P1/7P/5P2/6K1 w - - 1 35	c7e7	761	0p1113141b1d
vAtQc	r1b2r2/p2k2pp/2q5/2p5/1p1p4/P2P4/1PP1QPPP/2K1R2R w - - 0 21	e2e7	761	1314191b1s
vt5qW	6k1/5pp1/1p2b2p/p4n2/8/1P3PP1/2QN2KP/7r b - - 19 37	f5e3 g2h1 e3c2	761	0g0p0s1o
wiAhA	1qr2k2/3rbp1p/p5pN/1p1p2P1/3QpP1P/1P6/P1P5/2KR3R w - - 4 28	d4h8	761	1314191b
xiQmm	8/5r1p/6p1/8/2k1NB2/5KP1/8/8 w - - 20 68	e4d6 c4d5 d6f7	761	0g0p0s1o
0tCkD	2r5/1p1bk1b1/4Rn2/3p3B/p7/P1q3QP/5PP1/4R1K1 b - - 0 32	d7e6 g3g7 e7d6	762	0g191o
1I6le	rn3k2/p5pp/2p5/1pq5/2B1P3/2KQ4/P5PP/7R w - - 0 18	d3d8	762	0p13141b
1dqtf	rnb1k2r/pp1p2pp/1q6/2bpPp2/5P2/2P5/PP1N2PP/R1BQKB1R b KQkq - 2 10	c5f2 e1e2 b6e3	762	0q13151c1o
275KO	2Q5/6pk/2p4p/3p4/1P2r3/2q1B3/5PPP/2R3K1 b - - 1 27	c3c1 e3c1 e4e1	762	060p13151n1o
3Zmh0	3r2k1/4Rpp1/7p/p1p4q/P1bb4/1P3Pr1/2Q3PP/4R2K w - - 0 31	e7e8 d8e8 e1e8	762	0y1315191o
3bWsv	r1b1kr2/ppp2pQN/7B/3p4/4q3/2P2nP1/P1P4P/R2K1B1R b q - 2 15	e4e1	762	1314191b
4XCaJ	4r1k1/2p1rppp/1pbp4/4n2P/2P5/BP3P2/P1P3P1/2KBR2R b - - 0 25	e5d3 c2d3 e7e1 h1e1 e8e1	762	010j101119
5fwqk	r3k2r/p1pbbppp/2p5/8/Q1B1q1n1/2P3P1/PP1P1P1P/RNB3K1 w kq - 0 13	c4f7 e8f7 a4e4	762	01040j191o
5sheK	7k/ppp3b1/7p/7R/2B3q1/P1P2p2/KP1r1P2/7Q w - - 0 30	h5h6 g7h6 h1h6	762	0p13151o
6TgXg	2B5/p3Q2N/5pp1/4p3/2p3Pk/8/1q1n2KP/8 w - - 0 38	e7f6 g6g5 f6g5	762	0p13151o
6bCoU	4r1k1/5pp1/pp5p/3R1b2/P6P/BP4P1/5PK1/8 b - - 0 33	f5e4 g2h2 e4d5	762	0g0p0s1o
6cfsA	6k1/5pp1/4n2p/PK1QP2P/1P4P1/8/8/r7 b - - 4 39	e6c7 b5c6 c7d5	762	0g0p0s111o
6hluP	r3r1k1/1p1n1pp1/p4n2/3p3p/P2P1RN1/1BN5/1PP3PP/4R2K b - - 0 26	e8e1 f4f1 e1f1	762	060t1315191o
77bkE	5q1k/1Q1nN3/4pn1p/6p1/1p1Pp3/rPb1P1BP/5PP1/5RK1 w - - 0 33	e7g6 h8g8 g6f8	762	010s11191o
81jHV	8/5Qpk/p1pR3p/1pB1pbq1/1P6/2P5/P4PPP/6K1 b - - 0 33	g5c1 d6d1 c1d1	762	060p13151o
8WBIu	4r1k1/1bp2ppp/p2p3B/1p1P4/4N1q1/8/PbP2PPP/4R1K1 w - - 0 20	e4f6 g7f6 e1e8	762	0j0y1315191f1o
9NrPJ	8/1p3p2/6p1/1k1p1p1p/1P1P3P/r1P1RK2/6P1/8 w - - 2 33	c3c4 b5c4 e3a3	762	010j0p111m1o
9Qi0I	8/7r/7P/6PK/5k2/8/8/8 w - - 3 78	g5g6 h7h8 g6g7	762	000g0p1m1o
9ZnK6	r4rk1/2p2ppp/p1n5/1p2p3/3P2nb/3Q1NNq/PPB2P2/R1B1R1K1 w - - 0 18	d3h7	762	0y1314191b
9eBNp	8/8/7p/2k3p1/6P1/4K3/6P1/8 w - - 1 57	e3e4 c5d6 e4f5	762	0g0p1e1o
A5ge6	R7/8/8/P2pk2p/2b1p1pP/4K1P1/8/8 b - - 0 47	d5d4 e3d2 e4e3	762	0g0p1o
BDCSD	2r3rk/6pp/7N/p7/1p1p4/1P3P2/P1q3PP/3R2K1 w - - 0 38	h6f7	762	0p13141b1q
BP7dS	8/7p/3RkPp1/8/6P1/4K3/2b5/8 b - - 0 53	e6d6 f6f7 d6e7 f7f8b e7f8	762	0g0p10
C9CdU	8/8/5p2/4kPp1/6Pp/3K3P/8/8 b - - 5 54	e5f4 d3c4 f4g3 c4d5 g3h3	762	0g0p101e
CTUIU	r2q1r2/4pp1k/3p1bR1/1pp4p/4PP1P/1BPPn3/1P3P2/R2QK3 w Q - 1 19	d1h5	762	1314191b
CTyHI	2r3k1/p1p3p1/7p/1p1N4/8/1n5P/5PP1/3R2K1 w - - 0 29	d5e7 g8h8 e7c8	762	010p0s111o
CoYph	3R4/1p3pkp/1np1bnp1/4p3/2PbP3/Q1N3PP/3q1P2/5BK1 w - - 0 24	a3f8	762	111314191b
D3tEv	R7/8/1r1k2p1/2n1p1Pp/7P/pP1P4/3K4/R7 b - - 0 42	c5b3 d2c3 b3a1	762	0g0p0s1o
E9VIR	6k1/1p3ppp/3p4/3PbR2/2P3Pq/Q7/5PKP/4r3 w - - 1 30	a3a8 h4d8 a8d8	762	0p13151o
FHqeK	4r1k1/1b2qpp1/4p3/3pR2Q/3P4/2PB3P/5PPK/r7 w - - 3 36	h5h7 g8f8 h7h8	762	1315191o
FmOCc	4Q3/pp6/2p1N1pk/3p4/5rq1/1P4P1/P1P5/6K1 w - - 4 38	e8h8	762	020p13141b
HF7YQ	8/2r1nkp1/2r1p2p/2P5/3QB3/1Nn4P/5PP1/6K1 b - - 4 37	c3e2 g1h2 e2d4	762	0g0s191o
HXVlZ	4r3/ppq2pk1/2p1pNp1/2P1P1Pp/5rn1/1P6/P4PP1/R3R1K1 w - - 0 24	f6e8 g7f8 e8c7	762	010s0t191o
HaPt9	rq1k3r/pb3ppp/1p1p1b2/1B3Q2/4P3/8/PP3PPP/RNR3K1 w - - 0 16	f5d7	762	1314191b
KTuus	rnq1k2r/1p3ppp/8/p2pP1B1/3P4/QP6/P4PPP/5RK1 w kq - 0 19	a3e7	762	1314191b
KkySD	r3r1k1/ppp1qpp1/8/3p1bnQ/3P1b2/2P5/PBP2PP1/R2K3R w - - 6 21	h5h8	762	1314191b
LqhNz	r2qr2k/p6p/2pb1ppN/3p1b2/2pP1P2/P1P1PQ2/6PP/R1B2RK1 w - - 4 20	h6f7 h8g7 f7d8	762	0g0s11191o
NzC8a	4Nk2/5pq1/8/1ppP4/4P2Q/1P5P/r5P1/1R5K b - - 0 35	g7g2	762	0p13141b
OVloi	r2q2rk/pp1nppbp/2p2n2/3pNp2/3P1B2/2P1P3/PP1N1PPP/R2Q1R1K w - - 6 12	e5f7	762	0y13141b1c1q
OiYhZ	2r1q1k1/1p4p1/p3pp1p/3p3P/P4P2/1PnRP3/1QP2P2/2K3R1 b - - 1 31	c3e2 c1b1 e2g1	762	0g0p0s1o
PuHt9	6k1/p2pP1r1/1pp4K/8/1PP1R3/r6P/5P2/4R3 b - - 4 40	a3h3 e4h4 h3h4	762	0p13151m1o
PyjAm	r1b2rk1/pp1n2pp/2p5/3pPp1Q/8/2NB1P1n/PPP3PP/R1B3RK b - - 0 17	h3f2	762	13141b1c1q
Q9xOf	r5k1/5p1p/2p2PpQ/ppq5/8/7P/5PP1/5R1K w - - 0 28	h6g7	762	0p13141b
QRs3V	r1b1k1nr/pp3ppp/1q2p3/2bpP3/1P3P2/1P1p1N2/2PBN1PP/R2QKB1R b KQkq - 0 11	c5f2	762	13141b1c
QaXeH	1qk4r/p1rn2pp/Pp2Q3/1Pb3B1/8/2P3P1/5PP1/3bR1K1 w - - 0 29	e6e8 h8e8 e1e8	762	1315191k1n1o
Qkt74	r2qrbk1/ppp2pp1/5nbp/2P5/1PNnp3/P1Q1N1P1/1B2PPBP/R4RK1 b - - 6 18	d4e2 g1h1 e2c3	762	010s11191o
QqMSU	3r2k1/p2P1ppp/1p3q2/8/1P6/3R1Pn1/P5P1/4R1K1 w - - 1 33	e1e8 d8e8 d7e8q	762	000p13151h1o
R0BTD	2r3k1/1bq3pp/1pn1p3/1B1p4/2pP2n1/2P1PQ2/PP4PP/R1B2RK1 b - - 0 18	c7h2	762	0y111314191b
SFOwg	rn2k2r/6pp/b3pb2/1qpp4/2N5/1P2P3/P3NPPP/R2QK2R w KQkq - 0 14	c4d6 e8e7 d6b5	762	010s1c1o
StSdG	4r2k/pQ4pp/8/8/1P1q4/3p2P1/P2R2PP/4R2K b - - 0 28	e8e1	762	060p13141b
VuIAb	8/5kn1/2p2rRR/p1K5/Pp6/5r2/1P6/1N6 w - - 1 39	g6f6 f3f6 h6f6	762	0g0p1o
WBe34	2b5/8/2R5/3P2Pk/7P/1p2KP2/1r6/q7 w - - 2 51	c6h6	762	0p13141b
WhCR6	r5r1/1b3p1k/5Pp1/1p1p2B1/4pR2/7P/P2q2P1/2R4K w - - 2 31	f4h4	762	1314191b
Y2Usp	8/2N3pp/p4k2/1p6/8/4r1P1/4B2P/5K2 w - - 0 35	c7d5 f6e5 d5e3	762	010p0s1o
YYzHS	6r1/1pq1r1p1/p1b2p1k/3p1P1P/3P2Q1/3B4/P7/6RK w - - 0 32	g4g6	762	1314191b
Z1cI4	2b3k1/p1pq3p/1p1p2p1/3P1n2/2P3N1/PP4PP/6B1/5QK1 w - - 1 28	g4f6 g8g7 f6d7	762	0g0p0s1o
Zacn9	2rr2k1/1p3p1p/p3p1pP/3nQP2/7q/2PP4/P1K1P3/R1B5 w - - 0 29	e5g7	762	1314191b
ZeiLx	8/8/8/8/pKN3k1/1p1b4/1P6/8 w - - 2 55	c4e5 g4g3 e5d3	762	0g0p0s1o
ZyNMT	3r4/ppk3b1/6p1/4pN1p/4p3/2P1B1Q1/Pq3PPP/2R3K1 b - - 1 20	b2c1 e3c1 d8d1	762	061315191n1o
a1CNy	2RQ4/5p1k/7p/8/4q3/6P1/5P1K/r7 b - - 8 34	a1h1	762	0p13141b
bY2wF	4r1k1/pQp2p1p/1p4p1/8/5P2/PBP1r1Pq/2P2R1P/3R2K1 b - - 0 24	e3e1 d1e1 e8e1 f2f1 e1f1	762	0x0y10131619
bnHUS	r5k1/1p3r1p/p4p1Q/4p3/8/2R2P2/Pq4PP/2R4K w - - 0 28	c3c8 a8c8 c1c8 f7f8 h6f8	762	0p101316
cNsBN	r3k3/pp3p2/8/1P6/2n2p1p/2P5/P1R1P1K1/3Q4 b q - 0 28	c4e3 g2f3 e3d1	762	010p0s11121o
dB947	1k1r1b1r/2pnqpp1/2Qp3p/8/4P3/R4P2/PPP3PP/5RK1 w - - 2 26	a3a8	762	0x1314191b
dGjie	r1b1k1r1/ppp2p1p/3bp3/8/3B4/1Q3n2/PP3R1P/1BN4K b q - 0 24	g8g1	762	031314191b
dpY8m	r2r2k1/3N1pp1/7p/P2R4/2p1pP2/4n1P1/P5P1/3R2K1 w - - 3 31	d7f6 g7f6 d5d8	762	0g0j0p1o
fYa04	r1bq3k/ppp2Qpr/3p4/8/3bP3/2N1n3/PPP3PP/R4R1K w - - 2 17	f7f8 d8f8 f1f8	762	061315191o
g8Quj	4r1k1/5p2/pq4bp/6p1/3pN3/1P4P1/PQ3P1P/4R1K1 w - - 2 32	e4f6 b6f6 e1e8	762	010j0p1o
gXk5N	r2q1rk1/2p1n2p/p3pb2/1P4N1/2pP2p1/2P1B1P1/2Q2PbP/1R1R2K1 w - - 0 20	c2h7	762	0y1314191b
gxEET	r2qk3/pbpn4/1p4rp/3pP3/1BPP4/P2B4/2P2P1P/R4RK1 w q - 0 22	d3g6	762	0a1314191b
hvpIO	8/1p6/1p1p1k2/3P4/P1P2bKp/1P6/8/8 w - - 0 39	g4f4 h4h3 f4g3	762	0g0p1o
jrW4U	6k1/p7/3p1bK1/2p3P1/P1P5/8/3p2r1/1R6 w - - 0 43	b1b8 f6d8 b8d8	762	0p13151o
lKqJ3	r4rk1/1pp2pbp/2qp2p1/p2N4/2PP4/P6P/1P3PP1/R2Q1RK1 w - - 2 16	d5e7 g8h8 e7c6	762	010s191o
lMwXa	3k4/p2b1R2/3P1p2/1pp3pp/8/P6P/KP4B1/8 b - - 1 35	d7e6 b2b3 e6f7	762	0g0p0s1o
lh089	7k/8/1p6/8/8/2P2N2/Pr2n2p/R6K b - - 7 42	e2g3	762	0p13141b
mb8vF	2kr3r/ppp2ppp/1n2b3/4p3/1P6/P2P1N1n/2P1B1PP/R1BQ2RK b - - 0 17	h3f2	762	1314191b1q
nCw4I	r1b1k2r/1pqp1pp1/p3p3/2b4p/P2NP1n1/2N4P/1PPQBPP1/R1B2RK1 b kq - 0 12	c7h2	762	13141b1c
naASc	r1bq1rk1/pp3ppp/3p4/2pBn1P1/4P3/6P1/PPPQNP2/R4RK1 b - - 2 15	e5f3 g1g2 f3d2	762	0g0s191o
oYrJR	8/8/8/4p3/1k2Pp1p/5P1P/2K5/8 b - - 5 59	b4c4 c2d2 c4d4	762	0g0p1e1o1z
pLuFV	r2B2k1/4Rppp/1pp5/2P5/1p6/8/5PPP/R5K1 b - - 0 26	a8a1 e7e1 a1e1	762	060p0t13151o
pT3fM	7Q/4kb2/6Bp/5r2/2P5/4q3/P5PP/5R1K b - - 13 36	f5f1	762	060p0t13141b
r2h5V	r4rk1/pp3ppn/2pp4/2b1p1qQ/4P3/P1PP4/BP3P2/R3K1NR w KQ - 0 17	h5h7	762	0y1314191b
uoqIO	k1r3R1/1p2p2p/p3P3/1q1p1P2/3B4/2P1b3/PP6/1K1R4 w - - 0 32	g8c8	762	0p0t13141b1f1k
x0Gcq	2r3k1/6p1/2q2p2/p2Rn2p/1pP1P2P/1P4P1/P2Q1P2/5BK1 b - - 1 36	e5f3 g1g2 f3d2	762	0g0p0s1o
xMMqb	r2q1rk1/pppb2p1/1n2pp2/3nP1NQ/3P4/P7/1P3PPP/R1B1K2R w KQ - 0 18	h5h7	762	13141b1c
xUXMY	8/7p/6p1/8/2p1kPPP/1pK5/1P6/8 b - - 3 41	e4f4 c3c4 f4g4 c4b3 g4h4	762	0g0p101e
y0fn0	5rk1/6p1/4r3/2B1P2p/3pR3/3P4/8/R2K4 b - - 0 33	f8f1 d1e2 f1a1	762	010p1o1p
yVAmh	8/p2n1kb1/1p5p/1N3pp1/2rP1p2/1N6/PP4PP/5RK1 w - - 0 29	b5d6 f7e6 d6c4	762	0g0p0s1o
0eet5	5k2/1q3r2/4r2p/3N2p1/2p5/1pQ4P/1P4P1/3R3K w - - 0 46	c3h8	763	0p13141b
46e4S	rnb1k2r/ppp2pp1/8/2q1P2p/1b4n1/2NP1N2/PPPBB1PP/R2QK2R b KQkq - 3 9	c5f2	763	13141b1c
589si	r3k1nr/pppb1ppp/3p1q2/1B6/3NP3/2P1b3/PP3PPP/RN1QK2R b KQkq - 1 9	f6f2	763	0413141b1c
5AS79	r1bqrn1k/pp2bQpB/2p5/3pp3/3P1P2/2P1B2P/PP4P1/R4RK1 w - - 0 17	f7g8	763	1314191b
7dhio	6k1/pp1P2p1/2p1q2p/3n4/8/P4PR1/1PQBr1PP/6K1 b - - 0 29	e2e1 d2e1 e6e1	763	0p13151n1o
7fGMx	1r4k1/5ppp/2p5/p2p1Q2/Bp5P/2b3P1/P1P1q1PK/5R2 w - - 0 24	f5f7 g8h8 f7f8 b8f8 f1f8	763	060p1013161n
8prw7	4r1k1/1p6/2p4Q/p5N1/3Pq3/1PP3bP/1P4P1/R6K b - - 2 29	e4e1 a1e1 e8e1	763	0p13151f1n1o
ADS7z	2Q5/8/p3rkp1/1b3p1p/5P1P/8/6PK/8 w - - 3 60	c8f8	763	0p0q13141b
AKUHi	2krr3/5pp1/1p5p/8/1Pn5/7n/P1P2PBP/RN3K1R b - - 3 21	d8d1	763	1314191b
BRWku	1rb2rk1/5pp1/p1pqp2p/8/P4P2/1PnB4/2P3PP/R2Q1RK1 w - - 0 17	d3h7 g8h7 d1d6	763	0g0j11191o
F8mVM	rbb2r1k/p3N2p/5pp1/1R2B3/1P1nP2P/P5Q1/2P2PP1/6K1 b - - 0 25	d4e2 g1h1 e2g3	763	010s191o
Fls2n	r2qk2r/p1p2ppp/2p2P2/8/1Q4b1/2p5/PPP2PPP/R1B1KB1R b KQkq - 0 11	d8d1	763	1314191b
FmNaB	8/2k5/1pP3K1/pP1p4/P3N1Pp/7P/8/8 b - - 0 44	d5e4 g4g5 e4e3 g6f7 e3e2 g5g6 e2e1q	763	000g0p0t1h1w
JH5Eq	2r3k1/3r1p2/3B4/1p2Pp1p/2p2P2/3n1QP1/1P1R2KP/8 b - - 1 34	d3e1 g2f2 e1f3	763	010p0s1o
KObM9	r2q2k1/pn5r/3bN1p1/2pQ4/6Pp/2PP4/PP3P1P/R1B2RK1 b - - 5 29	d6h2 g1h2 d8d5	763	010j0y191o
Mqaaw	r1b1nrk1/p5bp/1pp1pqp1/6N1/N2PR3/1PP5/P4PPP/R1BQ2K1 b - - 0 16	f6f2 g1h1 f2f1 d1f1 f8f1	763	0610131619
OeUBp	r1b1r1k1/1pq2ppp/p4n2/3p4/3P4/2NB4/PP2QPPb/R1B1R2K w - - 2 16	e2e8 f6e8 e1e8	763	0y13151c1o
P7zsF	6k1/2q2p2/7p/6p1/2Bp1RK1/1P1Q3P/6P1/8 b - - 0 31	c7f4 g4h5 f4h4	763	0p13151o
Q0Viq	5k2/2R2p1p/4p2p/4P3/5P1P/2K3P1/8/7r b - - 0 41	h1c1 c3d4 c1c7	763	0g0p1m1o1p
RvHVr	5rk1/1Qp3p1/3p4/2bPp2p/2P5/5P1q/7R/5R1K b - - 1 42	h3f1	763	0p0t13141b
RwrBZ	r1b1Q3/pp4pp/3p4/2p4q/4P3/5PPk/P6P/2R3K1 w - - 0 26	e8h5	763	0p0t13141b
SWJZ7	4Q3/p5p1/2pp4/2qk4/P7/5PK1/8/8 w - - 19 46	e8e4	763	0n0p13141b1i
SzgJF	6r1/5pk1/2r1p1p1/2ppR1P1/1q1P3Q/8/P4PK1/8 w - - 2 35	h4h6	763	0p13141b
U5LYj	1rbqr2k/7p/3N3p/p1b1pp2/Pn1p4/1B1P1N2/5PPP/RQ2K2R w KQ - 0 23	d6f7 h8g7 f7d8	763	010s191o
Urn3y	4r1k1/3N1ppp/8/1pb5/3p4/7P/1qP2PP1/4R1K1 w - - 0 27	e1e8 c5f8 e8f8	763	0p13151o
WhyGQ	5rk1/5p2/2p1p2p/6p1/P6N/1P2n1P1/5QPK/8 b - - 0 36	e3g4 h2g1 g4f2	763	0g0p0s1o
XsN5D	8/6p1/7p/p1k5/1pp1K1P1/7P/P1N2P2/8 b - - 0 44	b4b3 a2b3 c4b3	763	0g0p0z1o
YNwnv	4r3/8/6k1/R7/p7/3R2P1/r7/6K1 b - - 0 54	e8e1	763	0p111213141b1m
YRQ2J	5B2/p1Q3pk/1p2ppqp/3p4/3P4/4P3/P4PPP/6K1 b - - 4 27	g6b1 c7c1 b1c1	763	060p13151o
Za7r9	r5k1/2p2ppp/2p5/2P1PQ2/3q4/7P/P7/5R1K w - - 0 31	f5f7 g8h8 f7f8 a8f8 f1f8	763	060p1013161n
bEQWR	8/5pkp/2R3b1/p5P1/5RP1/1PK5/r7/8 b - - 0 34	a2c2 c3d4 c2c6	763	010p111o1p
bwWIm	4r3/pP3kp1/2p4p/3P4/8/PQ1p4/3PrbPP/BN1K1R2 b - - 0 22	e2e1 f1e1 e8e1	763	1315191d1o
crXuy	2krr3/ppp2pBp/8/8/P1q3b1/2Q5/1P4PP/RN3R1K b - - 2 18	c4f1	763	0t0y1314191b
dCcbR	5b2/pp1r3p/2n4P/4p2k/4PPN1/1P6/P1P3P1/5RK1 w - - 1 34	g4f6 h5h6 f6d7	763	0g0p0s1o
dfTwu	rnbq1rk1/ppp2ppp/8/2bpp1NQ/2B5/2P5/PPP2PPP/R1B1K2R w KQ - 0 8	h5h7	763	0y13141b1c
epfTj	1r1qk2r/1pp2ppp/p1nb4/3QNb2/3P1B2/4P3/PP1n1PPP/2R1KB1R w Kk - 0 12	d5f7	763	0413141b1c
fY71T	r1bq1rk1/pp3pp1/3p3B/3Bp3/1P1nP3/P5QP/5PP1/R2R2K1 b - - 0 18	d4e2 g1h2 e2g3	763	0g0s191o
fqKmY	8/6p1/5pk1/4pn2/7P/5P2/2R3K1/8 b - - 0 46	f5e3 g2h3 e3c2	763	0g0p0s1o
gkGiz	2r3rk/6bp/p4npN/1p1p4/5B2/8/PP3PPP/6K1 w - - 0 29	h6f7	763	0p13141b1q
hphYb	r1b1k2r/ppp3pp/5p2/3Q4/1bB5/7P/PP1q1PP1/R3K1NR w KQkq - 0 14	d5d2 b4d2 e1d2	763	01191o
i2r2r	5rk1/p4ppp/2B1p3/p7/3P4/Prn1P1P1/5P1P/R1R3K1 b - - 1 21	c3e2 g1g2 e2c1	763	0g0p0s1o
jWcmV	8/6k1/4R3/1p2K1P1/8/8/8/1r6 b - - 0 55	b1e1 e5d4 e1e6	763	0g0i0p1m1o1p
jowA6	r3k2r/p3n1pp/4p3/3pPp2/n4P2/2B4P/2P2P2/2KR1B1R w kq - 0 19	f1b5 e8f7 b5a4	763	010s191o
kQhWE	3r3k/2R1p1b1/pp6/2p1P2p/4r3/P4N1P/1PR2PP1/5K2 b - - 0 25	d8d1 f3e1 d1e1	763	0p13151o
mCHQx	1r1b2k1/pp3rpp/8/8/2B5/8/PP4pP/4R1K1 w - - 0 28	e1e8	763	0p1113141b1g
n29TK	r2q1r2/pb1pNppk/1p1P4/2p5/2B5/4R3/P2B1PnP/6K1 w - - 0 24	e3h3 g2h4 h3h4	763	021315191o
nAtvz	k1r5/p1rbp2p/1pNp2p1/1P1P1p2/2Pb1P2/2q4P/Q3B1P1/R6K w - - 8 33	a2a7 c7a7 a1a7	763	031315191k1n1o
oNsaY	r5k1/6pp/1p2p3/2p5/1n1p1P2/3P2PB/q1PQ3P/N1K1R2R b - - 2 24	a2a1	763	0t1314191b1k
pCB4C	8/8/2p4p/2P2K2/3p1P2/p2k1BPP/Pr2R3/8 b - - 11 46	b2e2 f3e2 d3e2	763	0g0p1o
ph6Yc	rn2kN2/ppp3p1/3p1q2/7p/4n1b1/8/PPPPBPPP/RNBQK2R b KQq - 0 9	f6f2	763	041314191b
pkMlI	rnbqkb1r/ppp5/3p3p/3Qp1p1/2B5/5Nn1/PPP2PPP/RN2K2R w KQkq - 0 10	d5f7	763	13141b1c
qMdXW	r1b1k2r/pppp2pp/3b3n/4p1pP/2BnP3/2NPQ3/PPP2PP1/R3K2R b KQkq - 5 11	d4c2 e1d2 c2e3	763	0g0s191o
r97p5	7Q/3kbp2/p2p1pr1/4n3/8/5P2/PPq3PP/2R2R1K b - - 1 26	c2g2	763	1314191b
rOtVN	r4rk1/p1p2p1p/2p5/3PB3/8/P2KPq2/1P6/R7 w - - 0 22	a1g1 f3g4 g1g4	763	0p13151f1o
rcSVc	4r1k1/p1qb1p2/1pp1rPp1/3p1NQp/3P4/1P5P/P1P2PP1/R3R1K1 b - - 0 25	e6e1 a1e1 e8e1	763	0y1315191o
rml6u	8/p5rp/8/3R1R2/4P3/P7/1PP1k2P/2K5 b - - 0 39	g7g1 f5f1 g1f1 d5d1 f1d1	763	0p1013161m
rsCnn	r1bqrk2/pp1p1pp1/6n1/2b3PQ/2P2p2/2N5/PP4P1/2K1RB1R w - - 0 17	h5h8 g6h8 h1h8	763	13151c1n1o
sKDEs	r1b4k/6rp/pnp1pp2/8/2P5/6R1/PP2B1PP/3R2K1 w - - 0 21	d1d8 g7g8 g3g8	763	1315191o
sYIQP	4r1k1/p1q1rpp1/1pp2pnp/3P1Q2/2PR4/2N4P/PP3PP1/R5K1 b - - 0 21	e7e1 a1e1 e8e1	763	0y1315191o
szPjl	rnbq1rk1/pp3p2/7p/2pp2pN/3Qn3/2P5/PPP1BPPP/R1B2RK1 w - - 0 12	d4g7	763	1113141b1c
tjDKq	r2qk2r/pp3ppp/2nb4/3Q4/8/1P2P2P/PB3PP1/RN3RK1 b kq - 0 15	d6h2 g1h2 d8d5	763	0g0j191o
tnbPH	3rk2r/4pp1p/Q1n3p1/1p2R3/8/8/PP3PPP/2B3K1 b k - 0 20	d8d1 e5e1 d1e1	763	060p0s13151o
tr9Ut	r2q1rk1/p4pp1/1pnb3p/3Q4/8/4BN1P/PP2BPP1/R4RK1 b - - 0 17	d6h2 g1h2 d8d5	763	010j191o
ukkiy	rnbq1b1r/ppp1k1pn/3pp3/6NQ/5B2/8/PPP2PPP/RN2K2R w KQ - 0 10	h5f7	763	13141b1c
ukv46	r3k1nr/1bqp1ppp/p2bp3/1p1Pn3/2p1PB2/2P2N2/PPB1QPPP/RN3RK1 b kq - 2 11	e5f3 e2f3 d6f4	763	0g0j0y1c1o
wNMts	2kn4/ppp2p1p/6p1/2qr4/5P2/2P3P1/PPQBR1PK/8 b - - 3 22	d5h5	763	0p13141b
wfaT9	8/4kp2/p7/1p2N3/1r5P/8/6PK/8 w - - 0 47	e5c6 e7f6 c6b4	763	0g0p0s1o
xSQvC	8/p6p/2R5/6pk/8/6PK/r7/8 w - - 8 60	g3g4	763	0p13141b1m
yE0K1	8/1ppk3p/2pb3p/pr6/1PK1N3/2P2P1P/6P1/4R3 w - - 2 38	e4f6 d7d8 e1e8	763	0p13151o
03cn7	3r4/pp3B1p/2pB2pk/2P2p2/4nP1P/P3PK2/5P2/1R6 b - - 1 30	e4d2 f3e2 d2b1	764	0g0p0s1o
0djcT	2r5/1p3p2/pn2p1pk/3pP3/1P1P3N/2q2NP1/5PK1/7R w - - 0 30	h4f5	764	0k0m0p1113141b
0iPJb	5rk1/1R3pbp/p1r1p1p1/2p1P3/3nNB2/5P2/PPP2P1P/2KR4 b - - 2 18	d4e2 c1b1 e2f4	764	010s191o
1dwHq	8/5r2/2k5/3p2P1/4nP2/P3P3/4K3/1R6 b - - 2 42	e4c3 e2d3 c3b1	764	010p0s1o
1m7ap	4kr2/5p2/4p3/4Q2p/7P/2Pp2p1/1q4P1/2B1KR2 b - - 0 46	b2c1	764	0p13141b
1wo18	R7/p1r3kp/1p2p1p1/4q3/P2p4/1P3QPP/6PK/8 w - - 0 33	f3f8	764	0n0p13141b
3ZtRQ	4k2r/1p3ppp/p2b1n2/3r4/3N4/4B3/PP2KPPP/2R4R w k - 4 18	c1c8 e8d7 c8h8	764	01191o1p
4UIv6	6r1/6pk/pqp1Rb2/1p1p1R2/3P3N/2P4P/PP4P1/6K1 w - - 4 34	f5h5	764	0p13141b
4wAXJ	8/1p6/7K/1Pp3p1/2P2kPP/1P6/5P2/8 b - - 0 46	g5h4 g4g5 h4h3 g5g6 h3h2 g6g7 h2h1q	764	000g0p1e1h1w
4zJAR	r3r2k/pp2bpp1/2n4n/5b1P/5Q2/2P1PN2/P2N1P2/2KR2R1 b - - 0 20	e7a3	764	0a1314191b
6VWOG	r5k1/pp3ppp/2n2b2/8/8/P1P1Pq1P/5P1B/1R2KQR1 b - - 0 24	f6c3	764	071314191b
71O6d	8/8/8/1P2R2p/P2k1B1P/5p2/5PbK/r7 b - - 8 47	a1h1 h2g3 h1h3	764	0p13151d1o
77api	8/p4p2/1p3k2/5P2/8/2R5/PP3R1r/K7 b - - 0 34	h2h1 f2f1 h1f1 c3c1 f1c1	764	060p1013161m
7aWE9	r1b2rk1/pp4pp/2pb1B2/3pq3/8/2P5/PP1NBPPP/R2Q1RK1 b - - 0 13	e5h2	764	0y13141b1c
A9LUI	r4rk1/pp3pBp/4b2q/3p4/Q2P4/6R1/P4PPP/2R3K1 b - - 0 20	h6c1 a4d1 c1d1	764	060t1315191o
AEjYp	8/p5kp/6p1/3qQ3/1P1n2P1/P6P/5P1K/4R3 b - - 4 37	d5e5 e1e5 d4f3 h2g3 f3e5	764	01050p0s10
ALeFm	8/8/4R1pk/7p/4n3/7K/8/8 b - - 3 55	e4g5 h3g2 g5e6	764	0g0p0s1o
AUJf4	b7/3r1p1k/4N1pp/pp6/8/PP5P/5PP1/2R3K1 w - - 1 35	e6f8 h7g7 f8d7	764	0g0p0s1o
B9CGA	8/6k1/8/8/R2K4/2P4r/1P6/8 b - - 0 50	h3h4 d4e5 h4a4	764	010p111m1o1p
C7328	3rr1k1/pR3pp1/2q4p/2p5/2Q5/6Pb/4PP1P/1R4K1 w - - 2 23	c4f7 g8h8 f7g7	764	1315191o
Crf37	b5k1/p1p3p1/6rp/3P4/2PNp1q1/8/PQ4PP/3R3K b - - 1 27	g4d1	764	0p0t13141b
DpuZD	r6r/p1k1b1pp/1pp5/3pP3/3Pp1b1/4P2P/PP1B2P1/2R1KB1R b K - 0 18	e7h4 g2g3 h4g3	764	0l1315191o
EpmAF	4r2k/1b2q1p1/p1r2p1p/1pbB4/5BQ1/P1P5/1P3PPP/3RR1K1 b - - 2 25	e7e1 d1e1 e8e1	764	0y1315191o
F89OM	8/1r3k2/1pNn1p1p/2pP2p1/2P5/6PP/5P2/2R3K1 w - - 2 34	c6d8 f7g6 d8b7	764	0g0p0s1o
GwS0A	3rkb1r/1pp2ppp/p7/4q3/PPQ5/2P5/5PPP/RN3K1R b k - 3 15	d8d1	764	1314191b
H3q2L	3R4/2p4k/pbb3pp/3P1Q2/2p3P1/2P2P2/P4qPK/8 w - - 0 41	f5f7	764	0p13141b
Hel8G	2r3k1/1R3p1p/6p1/2r2p2/1PNn4/5B2/PK3bPP/2R5 b - - 0 30	c5c4 c1c4 c8c4	764	01191o
I7uv8	4r1k1/1p2n1p1/p1p1R1p1/2B3P1/2PP4/6K1/PP6/8 b - - 0 25	e7f5 g3f2 e8e6	764	0g0j0p111o
IF3D4	8/4R1p1/7p/p1p2P2/5kPP/1P2bP2/6K1/3q4 w - - 0 47	e7e4	764	0p0q13141b
If8XH	k2r4/pp2P3/6q1/7p/3P2rP/2P3P1/P6K/4R1R1 w - - 0 33	e7d8q	764	00060p13141b1h
KZrrp	7r/2R3R1/4p3/8/pP1P1P2/P2k2P1/4r3/5K2 b - - 2 39	h8h1	764	0p1113141b1m
KcEQM	1r1qkb1r/3p1ppp/p4n2/4p1N1/4b3/1QPnB3/1P1K1PPP/RN5R w k - 2 15	b3f7	764	041314191b
Kfcmq	r1b2k1r/4npp1/p3p3/P1N3Pp/1P2Nb2/BBP4P/6K1/3R4 w - - 0 32	d1d8	764	061314191b
Km7EO	5r1k/pp6/1qp2N2/7P/2P5/8/PPP1Q3/1K4R1 b - - 0 33	b6g1 e2d1 g1d1	764	0p13151o
Kprst	r4rk1/pp2bp1p/1q4p1/7N/5P2/2Q1B1R1/PP2nP1P/R6K w - - 2 26	c3g7	764	1314191b
LTMPw	3q1rk1/1b2nppp/p7/2rp4/8/1PQ1P3/PB2BPPP/5RK1 w - - 0 19	c3g7	764	0y1314191b
Lrb3p	rnb1kb1r/ppp2ppp/4p3/3p4/4nP1q/1P1BP3/PBPPK1PP/RN1Q2NR b kq - 4 6	h4f2	764	13141b1c
M1BY8	8/5pk1/7p/7K/5PP1/1r6/4R2P/8 b - - 1 47	b3h3	764	0p111213141b1m
OkKDQ	2R5/p4pk1/6p1/2N2n1p/8/2r3P1/P4PK1/8 w - - 2 30	c5e6 g7f6 c8c3	764	010j0p111o
OuQ2Z	8/8/1k4pp/p2p1p2/P1nP1P1P/3K2P1/8/4B3 b - - 8 50	c4b2 d3c2 b2a4	764	0g0p111o
Rb5WP	5k2/pp1Q4/1q3p2/3p3r/2pP1N2/2P5/P1PB1P2/K7 b - - 1 31	h5h1 d2c1 h1c1	764	0p13151o
Rm4GS	2r2r1k/pp1b3p/6p1/3B4/1n2P1p1/1KP3B1/PP1q3P/4R3 w - - 0 26	g3e5 f8f6 e5f6	764	0l0y1315191o
RzuKX	3R1rk1/4nppp/4p3/p1q5/1p2b3/1B3N2/PPP2PPP/3R2K1 w - - 0 21	d8f8 g8f8 d1d8	764	05061315191o
TCkvx	6r1/pp2k3/2b1n3/4RK2/8/5P2/PPPR3P/8 b - - 4 38	g8g5	764	0p1113141b1f
UFh03	3r4/2k5/p4p1p/1p2n3/3N4/3B2P1/PPPK1P2/8 w - - 1 33	d4e6 c7d7 e6d8	764	0g0p0s111o
UcAVE	2kr3r/1bpp2pp/pp2p2n/2bPPp1N/5P1q/2NB1QPP/PPP5/R4R1K b - - 0 17	h4h3	764	0y1314191b
Uo80D	1r4k1/5ppp/8/8/8/1R1r3P/5PPK/8 w - - 0 36	b3b8 d3d8 b8d8	764	060p0t13151m1o
Uto5T	6k1/5Qpp/1p2q3/p7/1P4n1/P5P1/1P2P2P/5RK1 b - - 0 31	e6f7 f1f7 g8f7 b4a5 b6a5	764	0g0p10
Wg687	1R3R2/1p6/p5pk/P4p2/8/7r/1r6/5K2 w - - 2 53	f8h8 h6g5 h8h3	764	010p111m1o1p
XEuDm	5r2/pp4k1/2qbQpP1/3p3p/P2P3N/1P6/5PP1/5RK1 b - - 0 31	d6h2 g1h2 c6e6	764	0g0j0p1o
XpElK	rn3b1r/q5pp/p5k1/1p1B4/2p1n3/2P5/PPQP1PPP/RNB1R1K1 b - - 0 17	a7f2 g1h1 f2e1	764	060s13151c1o
XqpjE	6r1/3Q1p1k/2p5/p1Pp4/P2Pp3/4P1r1/3N4/5K2 b - - 1 45	g3g1 f1f2 g8g2	764	090p13151o
Xtqp0	r1b1nrk1/ppp3pp/2n5/6N1/2pP1p2/q1P1BP1Q/P1PK3P/3R2R1 w - - 0 19	h3h7	764	0y1314191b
Z09rj	r1q2bk1/2r5/3pbn2/P3p3/1PB1Ppp1/8/2QB1NnP/2R2R1K w - - 0 29	c4e6 c8e6 c2c7	764	010j11191o
Z1L2a	2rq1rk1/pp1bbppp/nn2p3/4P3/3p4/P1NQBN2/1PB2PPP/R4RK1 w - - 0 15	d3h7	764	0y1314191b
Z4O0i	3r1rk1/pp3pp1/3p2qp/3PpN2/4PbP1/3Q3P/PP3P2/4RRK1 w - - 1 25	f5e7 g8h7 e7g6	764	0g0s191o
ZW5GL	8/3k1Np1/7p/3p4/4n2P/5r2/4R2K/8 w - - 2 58	f7e5 d7e6 e5f3	764	010p0s1o
aO2EK	rnbq1kBr/pp4pp/2p5/4b2Q/3P1p2/4p3/PPP3PP/RNB2K1R w - - 0 12	h5f7	764	13141b1c
bKeG4	4r1k1/6pp/7R/1p1P4/p3N3/P2P4/BP4PP/2r2R1K b - - 0 28	c1f1	764	060p0t13141b
blP60	2kr2r1/ppp2p1p/2nb4/5b2/2P1n2N/P1N1P3/1P2B1PP/R1B3RK b - - 0 18	e4f2	764	111314191b1q
fHtbB	8/4k3/1p1p4/p1bP4/2Pr1p2/1P4NP/R5K1/8 w - - 0 43	g3f5 e7d7 f5d4	764	0g0p0s1o
fjW8p	7k/ppp2p1p/6rN/b3p3/2P5/3r1P2/P5PP/2R2R1K w - - 3 24	h6f7 h8g7 f7e5 d3d2 e5g6	764	0g0p0s10
fmqYp	8/4r3/2k1pK2/4P3/8/8/8/8 w - - 0 69	f6e7 c6d5 e7f6	764	0g0p1o1z
g5L5F	3q2k1/5pb1/1r5p/p1pPR1pn/3p2Q1/1P1b3P/P1B2PP1/4R1K1 w - - 0 33	e5e8 d8e8 e1e8	764	0g0s191o
gjFgC	8/1p3k2/2b1p3/2P2p1P/p4Q2/3r2n1/PP1p4/3R2K1 b - - 1 47	g3e2 g1f2 e2f4	764	0g0p0s1o
gsEJS	3r2k1/3q1ppp/5n2/4p3/4b3/6P1/PP1Q1PBP/3R2K1 w - - 0 24	d2d7 d8d7 d1d7 f6d7 g2e4	764	0g1019
iGBE7	7k/2r3p1/7p/8/p7/P6P/1b4P1/3Q3K b - - 1 40	c7c1 d1c1 b2c1	764	0g0p111g1o
iT92k	r3r1k1/1p3p1p/pB4p1/4bb2/8/2P5/1P1NRPPP/R5K1 b - - 3 21	e5h2 g1h2 e8e2	764	0g0j0y11191o
ilvvR	6R1/1pq1r2p/p1p2ppk/8/1Q6/7P/PP3PP1/6K1 w - - 10 35	b4h4	764	0p13141b
j3aW6	6k1/p1N2ppp/1p1r1n2/8/8/P4Q1P/5PPK/2q5 w - - 0 27	f3a8 d6d8 a8d8 f6e8 d8e8	764	0p101316
jRHlR	4r1k1/R4pp1/1p5p/3Bn3/3B4/1P4Pb/P1r2P1P/4R1K1 b - - 4 25	e5f3 d5f3 e8e1	764	0j1315191f1o
jhsjP	2k1rr2/1p6/pBp1pp1p/2Pb2q1/3P1Q2/1P6/P4RPP/R5K1 w - - 0 28	f4c7	764	1314191b
jkmXR	r1b1k2r/p4ppp/2pq4/1p3N2/4P1n1/2PB4/PP2Q1PP/R4R1K b kq - 1 18	d6h2	764	0y1314191b
keH1e	8/3k4/4p3/p2pPp1p/P2P2pP/4PKP1/8/8 w - - 0 44	f3f4 d7e8 f4g5	764	0g0h0p1e1o
orXVK	2kB1b1r/ppp3pp/2nq4/5p2/PP1Pp1n1/1NP5/4QPPP/RN3RK1 b - - 0 15	d6h2	764	0y1314191b
qCThh	r2nk2r/pp6/3p4/3Bp2p/4P1p1/PPq4P/2P2P1K/R2Q2R1 b kq - 1 22	c3h3	764	1314191b
t1ghF	r5k1/5pbp/1nq1b1p1/1p1Np3/2p1P3/2P3P1/1PQ2PBP/2B1R1K1 w - - 0 24	d5e7 g8h8 e7c6	764	0g0s1112191o
tiozs	3r1rk1/1ppqnppb/p6p/3B4/4P3/5P1P/PP1Q2PN/3R1RK1 w - - 3 19	d5f7 f8f7 d2d7 d8d7 d1d7	764	0g0j0y1019
vJOCj	4b1k1/1p5p/4Pb2/1p1R1PN1/4Q3/P7/1B3q1P/7K b - - 0 37	f2f1	764	1314191b
xLjv6	6k1/1p3b1p/1p4pP/5p2/5P2/PNQ5/KPP3B1/3rr3 b - - 4 32	d1a1	764	0p13141b1g
xN0zA	7k/4r3/3pB1Qp/1p1Pb3/pP3q2/P4P1K/8/5R2 w - - 1 37	g6g8	764	0p13141b
xq5cG	4r2k/2p4r/p4RbQ/1p6/8/2P4P/P1P1q1P1/5R1K w - - 2 29	f6f8 e8f8 f1f8	764	0x1315191o
yIlU6	8/8/p1p4R/1pr2k2/8/3K4/8/8 w - - 0 59	h6h5 f5e6 h5c5	764	0g0p1m1o1p
yOKoY	8/8/2p5/k1Kb4/8/8/6p1/6R1 w - - 0 50	g1a1 d5a2 a1a2	764	0p13151o
zPTIz	4k3/R7/1R6/p6p/4b2K/8/1p4r1/8 w - - 0 42	b6b8	764	0p13141b
zzxWX	3r2r1/1b3p1k/p4Pp1/3qpBB1/3b4/5R2/PpP3PP/1R5K w - - 0 27	f3h3	764	111314191b
05RQN	r3r1k1/1b1nqpp1/4p3/p2pP1pQ/1p5P/2P5/PPB2PP1/R3R1K1 w - - 0 22	h5h7 g8f8 h7h8	765	0y1315191o
0gYo4	8/8/7B/1p1pP3/2pPk3/2Pb4/5K2/8 w - - 5 43	e5e6 e4f5 e6e7	765	00080g0p1o
0nlxP	2k5/pp2K3/7p/5P2/8/2p4P/Pn4P1/8 w - - 0 37	f5f6 c8c7 f6f7	765	000g0p0z1o
0zs91	r3k2r/pbppqppp/1p2pn2/8/2Pn4/P4NP1/1P1NPPBP/R2Q1RK1 w kq - 0 10	f3d4 b7g2 g1g2	765	010t191o
12LpA	r2q1rk1/5pp1/p2b3p/1ppQ4/8/P4N1P/1PPB1PP1/R4RK1 b - - 0 18	d6h2 g1h2 d8d5	765	010j191o
17M83	1r1q1rk1/p3bpp1/1p2p3/2p3p1/1nP5/1PQ1P1P1/PB1PN1bP/R4RK1 w - - 0 17	c3g7	765	0y1314191b
1BLcp	7k/pp3q1r/5p1p/3p4/6R1/2Q4P/PP3PPb/5K2 w - - 6 34	c3c8 f7e8 c8e8	765	0p13151o
1lPPg	2r2k2/8/4bpQ1/p5p1/8/1Pb1P1B1/P4PPP/5qNK w - - 2 43	g3d6	765	071314191b
1oD6E	R7/P5p1/8/8/7p/r2R2kP/6P1/7K b - - 4 44	a3d3 a8e8 d3d1 e8e1 d1e1	765	0p0t1013161m
3IqYp	r4rk1/pb1n1pp1/1p2pq1p/2pp4/3P3P/2P2NP1/PPQn1P2/1BR2RK1 w - - 0 17	c2h7	765	1314191b
3U9da	7k/2p2p1P/1n6/2p5/p5b1/P2B4/1P1B4/2K5 w - - 1 46	d2c3 f7f6 c3f6	765	0p13151o
6azaz	r2q1r2/2p3k1/p2p1b1p/1p2p1P1/4P3/2P2BP1/PPQ2P2/2KR3R b - - 0 24	f6g5 c1b1 f8f3	765	010j191o
79o9e	r5k1/1b1p2pp/pp2pq1r/2P5/2P2P2/P3BBK1/2Q3P1/1R1N1R2 b - - 2 24	f6h4	765	111314191b
87pD1	2Q5/8/5pp1/pK5k/8/PP6/8/7q w - - 1 52	c8h8 h5g4 h8h1	765	0g0p1i1o1p
8edKW	4kbnr/pp2pppp/8/B2p1q2/3P2P1/4P3/PPr2P1P/R2QK1NR b KQk - 0 10	f5f2	765	041314191b
9QlYm	r1b1k2r/1ppq4/p1n1p2p/6p1/Qb1PN3/3BPNP1/PP2KPP1/2R4R b kq - 5 18	c6d4 e3d4 d7a4	765	010j191o
9u41h	r4r2/1b3p1k/p1n2P1p/3p4/RP1q2Q1/7P/5PP1/5RK1 w - - 0 23	g4g7	765	1314191b
AP4kV	8/1pp5/8/p7/P3p1P1/4k3/6P1/4K3 w - - 6 40	g4g5 b7b5 g5g6 b5a4 g6g7	765	000g0p101e1l
Acn5x	r3q2k/pppb3p/1b2p3/1n3p1N/6Q1/P7/1PP2PPP/R3R1K1 w - - 0 18	g4g7	765	111314191b
C1xVF	r1k3r1/8/p1N1p3/3qP3/2p2Qp1/P1P3Pp/5P1P/R4RK1 b - - 0 29	d5g2	765	1314191b
CJkAD	8/7p/1P2k1p1/2B4r/8/4PK2/8/8 w - - 1 55	b6b7 h5c5 b7b8q	765	000g0p1h1o
DKn18	1r4k1/1b4pp/1Np1p3/2PpP3/1P1N3b/P6q/2QB3P/R2K1R2 b - - 0 25	h3f1 d2e1 f1e1	765	1315191o
EPueN	rr4k1/5p1p/2n1pPpQ/p2pP3/1qpP4/7P/PP4PN/R4RK1 w - - 2 24	h6g7	765	1314191b
EZq2n	r1b2k1r/pp4p1/n2N1b1p/2p1q3/8/1Q6/PP3PPP/R4RK1 w - - 0 16	b3f7	765	1314191b
FbYhF	6k1/1p3ppp/p5q1/2Q1r3/6N1/1P4K1/P5PP/8 w - - 0 36	c5c8 e5e8 c8e8	765	0p13151o
Hld3a	6rk/1p5p/1ppr1pPQ/8/2P5/8/P4KPP/8 w - - 1 32	h6h7	765	0p13141b1j
ItgB3	rn3r2/qp3pkp/3N2p1/p7/5n2/1PPB1N1P/P4P1K/R2QR3 b - - 2 19	a7f2 h2h1 f2g2	765	1315191o
KC8ZG	r5k1/p4ppb/1p5p/2pQ1P2/5BP1/P1P4P/1P4K1/4q3 w - - 0 27	d5a8 e1e8 a8e8	765	0p0t13151o
L60Pk	2r3k1/5pp1/4B2p/1R6/3Q4/1P2P1Pq/5P2/6K1 b - - 0 48	c8c1 d4d1 c1d1	765	0p13151o
LLKbo	r1b2r2/1pq1ppkp/p2p2p1/2pPn3/2P1P3/1PN2B1P/P4PP1/R1Q1K2R b KQ - 0 15	e5d3 e1f1 d3c1	765	0g0s191o
MWp4x	r4rk1/5pb1/p1pp3p/1p2pQq1/3P4/2PB4/PP1N1PP1/2K4R w - - 2 19	f5h7	765	1314191b
OoDEt	7r/3b1n2/4N1pk/1p1p4/5PK1/2P5/4N3/R7 w - - 6 44	a1h1	765	020p13141b
PUlTv	6k1/5ppp/1R2p3/1p1p4/8/1P5P/1q3PP1/2rQ3K w - - 1 34	b6b8 c1c8 b8c8	765	060p13151o
PaLTK	7q/2p1k3/1pQ1p3/p7/P3N3/KP1P4/2P5/8 b - - 9 46	h8a1	765	0p13141b
QDBdw	3Q4/q2P2pk/5p1p/8/4P3/7P/P1r2PP1/3RR1K1 b - - 0 42	a7f2 g1h2 f2g2	765	0p13151o
QEC15	rn3rk1/pb1p1qpp/1p2p3/6b1/1P1N3Q/2PB4/P4PPP/R4RK1 w - - 0 17	h4h7	765	0y111314191b
SC7Ub	4r1k1/pb1N1ppp/1p4n1/6q1/3P4/8/PP3PPP/R3R1K1 w - - 0 22	e1e8 g6f8 e8f8	765	0y1315191o
U3ATT	r2q1rk1/1p4pp/p1p1p3/3pP2b/1P1P4/P1P2R2/3QB1PP/R5K1 w - - 1 19	f3f8 d8f8 e2h5	765	010j0y191o
VssWV	r4rk1/1p2n1bp/p3p1q1/2ppP3/b2P2P1/2P2N2/PP1NQB2/2K3RR b - - 3 19	g6c2	765	111314191b
W5SWm	8/5k2/8/5N1p/ppr1Pp1P/5P2/PPP5/3K4 w - - 0 33	f5d6 f7e6 d6c4	765	0g0p0s1o
Wfnor	8/5p2/5bp1/2k5/2p3P1/2N1PP2/5K2/8 w - - 0 46	c3e4 c5b5 e4f6	765	0g0p0s111o
X2HWh	8/8/5kp1/8/2R2K1P/5P2/8/7r b - - 22 59	h1h4 f4e3 h4c4	765	0g0p111m1o1p
XcgrM	3r2k1/3r2pp/4p3/8/4Nq2/1Q4PP/PPP2P2/K2R3R b - - 0 24	d7d1 h1d1 d8d1	765	061315191o
XeHnu	8/5p2/P7/6pk/3pQ3/6PP/q4K2/8 w - - 1 53	e4e2 a2e2 f2e2	765	0g0p1i1o
YnSEn	2kr3r/ppp1Q1p1/5pp1/3p1qP1/1n1P3P/2N2N2/PPP2P2/2K3RR b - - 0 19	f5c2	765	1314191b1k
ZG1uc	2r1k3/pp6/1q2pQ2/3p4/8/1P3PP1/P1r2P1P/3RR1K1 b - - 2 23	b6f2 g1h1 f2h2	765	0p13151o
ZLCXf	Q7/5rkp/p3p1p1/8/8/8/4qNPP/5R1K b - - 0 30	e2f1	765	0p0t13141b
ZbrHK	r2q3r/pppkn1bp/2np1p2/4pP1Q/2B5/2N5/PPPP2PP/R1B2RK1 w - - 2 12	c4e6	765	1314191b
bWRSN	3k3r/p7/5n1p/1pp5/4b3/2Pn2P1/P2N1PP1/3R1K1R w - - 0 24	d2e4 f6e4 d1d3	765	010b0j191g1o
ecLED	4r1rk/7p/1p3p2/p1bR1N1q/2P1Pp2/1P3Pp1/PQ4P1/1B3K2 w - - 1 45	b2f6 g8g7 f6g7	765	0y1315191o
fj8Cd	2br2k1/5p1p/p2p1qpQ/2pP2N1/1pP5/1P6/P3RPPP/6K1 b - - 7 24	f6a1 e2e1 a1e1	765	0p0y13151o
frzX6	Q7/6p1/1K5p/8/8/P4q2/6k1/8 w - - 1 59	a8f3 g2f3 a3a4 g7g5 a4a5 g5g4 a5a6 g4g3 a6a7 f3f2 a7a8q	765	000g0p1h1i1l1w
fzaHW	8/2pk1p1p/3p4/3nn3/4N3/1Q6/PPPrR1PP/7K b - - 0 40	d2d1 e2e1 d1e1	765	060p1113151o
gTCdO	4r3/2p3kp/2p2p2/1p6/8/1P1R2B1/r4PPP/5K1R b - - 0 29	a2a1 d3d1 a1d1	765	0p13151o
gkYbo	3R4/pp3rpk/2p3pp/2P2q2/8/1Q2P3/P4PPP/3R2K1 b - - 3 26	f5f2 g1h1 f2f1 d1f1 f7f1	765	060p1013161n
j0FHZ	1k3r2/1pp2b1p/1n2B3/1Pb5/p2N3B/2P4P/K5P1/5R2 b - - 3 35	f7e6 d4e6 f8f1	765	0g0j191o
j7hwc	r3r1k1/1p1q1p1p/p2b1p2/2pP4/P1B1N3/5P1P/1P3P2/3R1R1K w - - 2 19	e4f6 g8f8 f6d7	765	010s191o
jTnmK	rn3rk1/ppp2ppp/3b4/3P4/2P1b1P1/1P3N1P/P2B1PB1/2KR3R b - - 2 15	d6a3	765	0a1314191b
jmHOv	2rr2k1/p2N2p1/5p1p/4p1n1/8/1P1R1P2/P1n1N1PP/3R2K1 w - - 0 24	d7f6 g7f6 d3d8 c8d8 d1d8	765	0g0j0y1019
kDE22	r2qr3/ppp3k1/3p1pp1/5b1p/2P2P2/1PQ1NRnP/P5B1/R1B3K1 b - - 1 21	g3e2 g1f2 e2c3	765	0g0s1112191o1r
mforl	4N1k1/Q4ppp/8/2p5/4P3/2P4n/P5PP/6RK b - - 0 30	h3f2	765	0p13141b1q
nCBmZ	r2qr1k1/4np1p/p2b2pB/3P4/3Q3P/3n2N1/P4PP1/R4RK1 w - - 0 21	d4g7	765	11121314191b
q9iK7	3r1rk1/pb2ppbp/1p4p1/3qN3/8/P1B1P3/1P2BPPP/1R2QRK1 b - - 0 16	d5g2	765	0y1314191b
qFJCU	r5k1/pp1qp1Bp/3p2p1/8/2N5/2P2b2/PPQ2P1P/R4RK1 b - - 0 18	d7g4	765	1314191b
qSNnP	r5k1/1p3ppp/p3p3/P1p1P1P1/8/3q4/1P3QPP/n4RK1 w - - 0 21	f2f7 g8h8 f7f8 a8f8 f1f8	765	060p1013161n
sIQhw	r1b1k2r/p2ppp1p/2p3p1/q7/3Q1P2/P1n1B3/2P3PP/R3KB1R w KQkq - 0 12	d4h8	765	060t1314191b
vpLgQ	4r3/3k4/2p2p2/P1B1b3/3pP3/1P3P2/2P1K3/R7 b - - 1 35	d4d3 c2d3 e5a1	765	010j0p1o
yM3Sp	2rk3r/Np1n1ppp/1q3n2/p2p4/P2p4/B3P3/1P3PPP/2R1KB1R w K - 0 18	c1c8	765	1314191b1f
ziZfJ	5r1k/2p3p1/p6p/6q1/3P4/P2Qr2P/1P4P1/5RK1 w - - 0 31	f1f8	765	0p13141b
0NTOl	4r1k1/4rq1p/p1p3p1/1bPp4/1P3Q2/2P4P/3R1PPB/R5K1 b - - 0 31	e7e1 a1e1 e8e1	766	061315191o
3QpE1	8/7R/5k2/3B3P/5K2/5P2/5b1r/8 b - - 2 78	h2h4	766	0p13141b1f
3etU5	r3k2r/p1Qp1ppp/2n1p3/8/2B5/B1n2q2/P1P2P1P/3R1RK1 w kq - 0 16	c7d7	766	111314191b
3vb5G	3n2k1/1r2rppp/pN6/1p1P4/3BPn2/P4P2/6PP/1R3RK1 b - - 3 27	f4e2 g1f2 e2d4	766	010s191o
4K6hh	r1bk3r/4b1p1/pq1pQ1Bp/8/2PP1P2/6P1/P6P/R3RK2 w - - 0 25	e6e7	766	1314191b
4NEJ8	4r1k1/p4ppp/1pp4r/8/3Pp2P/2N1Pn2/PP2QPR1/3R3K b - - 0 26	h6h4 g2h2 h4h2	766	030y1315191o
4uIcN	5k2/2p3p1/3p3p/5p2/pBP5/3r2PP/1KR2P2/8 b - - 1 33	d3b3 b2a2 b3b4	766	0g0p0s1o
6FIWN	3r1b1r/1pqkn1p1/p1np1p1p/4pP1Q/P1B5/2P3B1/1P3PPP/RN3RK1 w - - 4 17	c4e6	766	1314191b
7SbuN	r2qr2k/pp1n1ppB/2pP4/3pN3/3P2b1/8/PPQn1PPP/R4RK1 w - - 1 17	e5f7	766	0y1314191b
978a2	rn3r1k/pp4pp/1qp1Q3/8/2p5/8/PPP3PP/3R1R1K w - - 1 19	f1f8	766	060t1314191b
AHMK7	3R4/4bpkp/5Np1/6P1/5K2/pr1p3P/8/8 w - - 2 40	d8g8	766	0p0q0u13141b
AJiSi	7r/1p1N1p1k/p6p/r2p1p2/2p2P2/8/1PPK4/6R1 w - - 0 31	d7f6	766	0f0p13141b
B81im	8/2R2p1k/6pp/3P4/4P3/1N3nQ1/5qP1/7K b - - 1 47	f2g1	766	0p13141b
BtijQ	3r1n1k/p6p/1p3Np1/2p2rP1/2Pb4/1P5R/PB2q3/2K4R w - - 0 31	h3h7 f8h7 h1h7	766	030y1315191o
BuE2F	5r1k/p5pp/1p1Qr3/2p4q/5P2/2P5/PP4PP/5RK1 w - - 0 25	d6f8	766	0p0t13141b
COsgL	4q1k1/7p/6p1/6P1/1Bp2R2/4p1KP/P7/8 w - - 0 46	f4f8 e8f8 b4f8	766	0g0p0s1o
CPeA8	r3qkn1/1pp1b2r/p3Q2p/3NB1p1/3P4/P3P2P/1P3PP1/R3K2R b KQ - 0 17	e7b4 d5b4 e8e6	766	010j11191o
D9rKW	4r1k1/4rp2/p6p/1pP3p1/5n2/5B1P/PR2nPPB/4R2K b - - 2 37	e2g3 h2g3 e7e1	766	010j0y191o
DImnx	r1b1r1k1/1p1q4/pB1p2p1/3Np3/2P1Pp2/8/PP3PPP/3R1RK1 w - - 2 20	d5f6 g8f7 f6d7	766	010s191o
DRUfn	1r5k/1P3K1p/p1R4p/1n6/6P1/7P/8/8 w - - 3 48	c6c8 b8c8 b7c8q	766	000p13151h1o
EDoNt	rnbq1k1r/ppp3p1/3p3p/3Q4/2B5/4P3/P1P2PPP/bN2K1NR w K - 0 12	d5f7	766	13141b1c
FfZLY	8/ppp3kp/3p2p1/3Pb1N1/2P2r2/1P2K2P/r7/1R5R w - - 0 32	g5e6 g7h6 e6f4 e5f4 e3f4	766	010p0s10
G0JoV	3r2k1/3P4/p6q/1p4p1/1P1R1ppP/P4bB1/5P1K/4RB2 w - - 0 36	e1e8 h6f8 e8f8	766	0g11191o
GZeVQ	r2qk2r/pp3ppp/1bp1b3/4P3/1Q3P2/5NP1/PPP1Pn1P/RNB1KR2 b Qkq - 0 12	d8d1	766	1314191b
Gdpvp	rqb1kbnr/pp3ppp/3pp3/1N2n3/3QPB2/2N3P1/PPP2P1P/R3KB1R b KQkq - 3 9	e5f3 e1d1 f3d4	766	010s111c1o
Hzf4g	B4kr1/p4pqp/3b4/2pp3P/8/1PP1Bp2/P1QPPP2/RN2K2R b KQ - 0 18	g7g1 h1g1 g8g1	766	1315191n1o
I2yol	1N4k1/5p1p/4p1pP/3p2P1/3n4/8/3Q1P2/6K1 b - - 1 40	d4f3 g1g2 f3d2	766	010p0s1o
IKFgT	r3kb1r/pp3ppp/4p3/3pP3/3qb2B/1PN5/P3BPPP/R4RK1 w kq - 0 15	e2b5	766	0a1314191b
IKwSD	r4rk1/pp3ppp/5n2/2nqpN2/2p5/P1P5/P2P1PPP/R1BQ1RK1 w - - 2 13	f5e7 g8h8 e7d5	766	0g0s191o
IUmSm	r1b1qrk1/pp2bppp/1n2p3/4N1N1/5n2/6P1/PPQ1PPBP/R2R2K1 w - - 0 15	c2h7	766	0y1314191b
IySVN	2kr4/p1p5/p2p4/3q3p/1P1p1BpP/P5K1/1RPQ1Pb1/6R1 b - - 5 30	d5f3 g3h2 f3h3	766	1315191o
JbqZK	8/R4p2/6p1/2p5/2k2rPP/P7/6K1/8 w - - 1 39	a7a4 c4d5 a4f4	766	0g0p1m1o1p
KwxjH	1n4k1/5ppp/5r2/pq1p4/3Pbb2/1PP4Q/P5PP/R2K2R1 w - - 0 26	h3c8 b5e8 c8e8	766	0y1315191o
MRqCg	8/8/R7/5kp1/8/p2r1PK1/1r6/2R5 w - - 11 46	c1c5 d3d5 c5d5	766	0p13151m1o
NXPjV	r1b2rk1/1p5p/p2p2p1/2pPnn2/2Pb1R2/2N4P/PP2B1PN/R2Q3K b - - 0 17	f5g3	766	1314191b
NcCAC	5r1k/8/5p2/3P1Q1q/p7/4PK1P/2r2PR1/8 w - - 5 35	f5h5	766	0p0t13141b
PTtIS	2q4k/pp4p1/4N2p/2P5/4p3/6P1/1PP4P/1K1R4 w - - 0 33	d1d8 c8d8 e6d8	766	0g0p0s1o
QgtWw	1R2Q3/3q2kp/2bp2p1/2p2p2/2Pn3P/5PP1/P4KB1/8 b - - 7 35	d7e8 b8e8 c6e8	766	010p1o
QlEJU	2k2r2/ppp3p1/2n3q1/P3p3/1P5B/2PP1p2/5N1K/R2Q4 b - - 0 26	g6g2	766	1314191b
RJHgJ	r1b2rk1/ppp2p2/3p1q1p/3Q2p1/1P6/b2B1NB1/P1K2PPP/3RR3 b - - 0 17	f6b2	766	1314191b1s
RaxtX	3r2k1/1R1b2pp/3Ppp2/8/1pr5/8/2B2PPP/2R3K1 w - - 2 32	c2h7 g8h7 c1c4	766	010j0p1o
SKjOr	6k1/1R3pp1/4p2p/3pN3/3P4/r4P1n/P5PP/6RK b - - 0 29	h3f2	766	0p13141b1q
Sr3au	1r4k1/5nPp/p2q4/2pQ4/2p1P2N/2P5/6PP/3b1RK1 w - - 0 29	d5f7	766	1314191b
TBuqG	8/8/8/p1k4p/P4K1P/8/8/8 w - - 2 48	f4g5 c5d6 g5h5	766	0g0p1e1o
TSgha	rnb1k2r/pp3pbp/2p1p1p1/6B1/3q4/Q1n3P1/PP2PPBP/R3K1NR w KQkq - 0 11	a3e7	766	1314191b
TzKHb	2k4r/ppp2ppp/3bp3/4q3/Q7/8/PPPN1PPP/4RRK1 b - - 0 16	e5h2	766	0y1314191b
U1fAt	r1b1r1k1/pppq1p1p/5BpQ/5p2/2PP2n1/5N2/P4PPP/R4RK1 w - - 2 19	h6g7	766	1314191b
UMY5o	r1b2k2/4p3/p1pqP3/4R3/5P2/3P2R1/P5K1/8 w - - 0 34	e5f5 f8e8 g3g8	766	0p13151o
UjS96	6R1/2p2r2/1p1p4/p2Pp3/P3P3/2P2P1k/5K2/8 w - - 7 38	g8h8 f7h7 h8h7	766	0p13151m1o
VAa4b	6k1/1p3pp1/p4qp1/8/1P1r4/2Q4P/P4PP1/1R4K1 b - - 1 26	d4d1 b1d1 f6c3	766	0g0j0p1o
VXAsM	8/4r1qk/8/8/4p3/pP2Q2P/P1P5/1K3R2 b - - 1 42	g7b2	766	0p111213141b
WO5GL	2r3rk/4qpR1/b3p2P/3pPp2/p7/1p1P2Q1/PP6/1K4R1 w - - 0 35	g7g8 c8g8 g3g8	766	0y1315191o
YDyES	4r1k1/1p3pp1/2pR3p/2Pbq2r/3Q2R1/4P3/P4PP1/5BK1 b - - 5 32	e5h2	766	11121314191b
ZN2XE	2r3k1/2R2p2/4b1pK/p4r1p/3R4/8/8/8 w - - 2 44	c7c8 e6c8 d4d8	766	0p1113151o
a7ruf	6k1/ppr1Rp2/6p1/7p/3B1r2/7P/PP4P1/6K1 w - - 0 31	e7e8 g8h7 e8h8	766	0p1113151d1o
cCu79	6r1/2p1k1r1/1p1p1q2/p2P2pp/P1P1Pp2/1P3P1P/2K1B1R1/bR1Q4 b - - 6 52	f6c3	766	1314191b1s
dBjKv	3k4/p7/1p1PP3/1Bp2K2/8/5n2/P7/8 b - - 0 54	f3d4 f5e4 d4b5	766	0g0p0s111o
dEvdM	r1bq1k1r/pp4pp/1bp1Qn2/4pPN1/4P1P1/2N5/PPP1K1P1/5B1R w - - 0 17	e6f7	766	1314191b
eGebA	r4rk1/pp3pp1/2pp2q1/2bNp2p/2P1P1bP/3PPBP1/PP2Q3/4RRK1 w - - 0 17	d5e7 g8h7 e7g6	766	0g0s191o
fAbro	1R6/5p1k/p2P2r1/2N1Q3/4P2p/P4q2/2P2PpP/6K1 b - - 0 37	f3d1	766	0p13141b
