l2Eb2	r6k/5qRp/p1pp1p1Q/1p6/4P2P/3b4/PP6/2K3R1 b - - 1 27	f7c4 c1d2 c4c2 d2e3 c2e2	1167	0g0p101k
llM6U	7R/4R3/1kpp4/p5nP/P1PK4/7r/8/8 b - - 10 43	c6c5 d4d5 h3d3	1167	0p13151o
mF2JF	2Q5/2r3k1/4n1p1/4p1Pp/1P2q3/P7/2P5/1K1R4 w - - 5 38	d1d7 c7d7 c8d7 g7f8 d7e6	1167	0g0p0s10
mR71M	q4k2/5p1B/1n1P3p/8/1p1Q3P/1P6/1PK5/6r1 w - - 0 31	d4h8 g1g8 h8g8	1167	0p13151o
nB6Ka	4r3/4b1k1/2q3p1/1R3p2/P4P2/4P1RQ/6PK/8 b - - 4 35	e8h8 h3h8 g7h8	1167	010p1g1o
nLAvI	4r3/p1p2kp1/3p3p/2nP4/2P2Pp1/2P4q/P1QK3P/2B1R2n w - - 0 27	c2f5 f7g8 e1e8	1167	0i1315191o
ni7XI	5rk1/1pQ2R2/p5pp/4P3/4q1PK/3r3P/PP6/5R2 b - - 0 30	g6g5 h4h5 d3h3	1167	0i0p13151o
oEBcd	3rn3/p4k1p/4pp2/7q/5P1N/P5RQ/6PP/3rR1K1 w - - 5 32	h3e6 f7f8 g3g8	1167	0x1315191o
ofSSS	6k1/p1p3pp/1p1p3r/3P4/2R1P2r/5PqP/P2Q2P1/4NR1K b - - 0 25	h4h3 g2h3 h6h3 d2h2 h3h2	1167	0y101316191n
p1FWO	3r2k1/p4ppp/1r6/4PR2/8/3B4/P1PR2PP/7K b - - 0 28	b6b1 d3f1 d8d2	1167	0g0p1o
rFQxy	8/3R2p1/5bkp/2B1p3/4r2P/5PP1/8/2K5 b - - 0 39	e4c4 c1d2 c4c5	1167	0g0p0s1o
roicL	8/4r3/3P2k1/5pn1/3Q2p1/8/3K4/8 b - - 0 53	g5f3 d2d3 f3d4 d6e7 g6f7	1167	0g0p0s1011
sPc7d	3k4/7p/8/5R2/4pP2/7K/P1rr3P/4R3 b - - 0 38	d2h2 h3g4 c2g2	1167	0p13151m1o
scjtI	6rk/ppp2p1p/2p1b3/4P2r/4N3/2BP4/PPP2K2/6R1 w - - 2 26	g1g8 h8g8 e4f6 g8g7 f6h5	1167	01050p0s10
tsV8q	r1bq4/pp1nprkp/2np2p1/6N1/4P3/2P5/PP3PPP/RN1Q1RK1 w - - 0 12	g5e6 g7g8 e6d8	1167	0g0s191o
u5UoW	4rrk1/p2nR1p1/1p1p3p/2nP2p1/8/PP4P1/1B3PKP/3R4 w - - 6 31	e7g7 g8h8 g7d7	1167	0g0j0k0y191o
uAzYn	6k1/Q6p/1p4p1/8/P5K1/6P1/7P/5q2 b - - 2 41	f1f5 g4h4 f5h5	1167	0p13151i1o
uGUe3	r2r2k1/pp3pp1/1n6/2p1p3/4P2q/P4Q2/BPP1nP2/R3K1R1 w Q - 0 22	f3f7 g8h8 f7g7	1167	0y1315191o
vZXQ2	3k2r1/1R6/p1p5/P2p4/3P4/2r3BP/6PK/8 w - - 0 41	b7b8 d8e7 b8g8	1167	0g0p1o1p
vbR05	8/kp6/2p5/p1P5/8/1K6/P1R2R2/4q3 b - - 3 68	e1b4	1167	0p111213141b1j1s
vx6gm	3r4/p4k2/1p6/8/3pr1P1/8/P4P2/3Q2K1 w - - 0 39	d1f3 f7g8 f3e4	1167	0g0p0s11121j1o
x0tt2	5k2/pp2p3/3p2Q1/2q1b3/4P3/1Br4P/P4P2/5RK1 b - - 0 29	c3g3 g6g3 e5g3	1167	0g0p111g1o
xRUSn	3rk3/1pp2p1p/7p/p2Qp1r1/2P5/8/q4PPP/2R1R1K1 w - - 2 20	e1e5 g5e5 d5e5 e8f8 e5h8	1167	0g0p10
yIcwC	r1bq1r1k/pp4pp/2n5/4pp2/2BPp3/4P1P1/PP1N1PP1/R2QK2R w KQ - 2 15	h1h7 h8h7 d1h5	1167	050y1315191n1o
yKOM6	6k1/5pb1/2Q3pp/3n2N1/8/3q3P/5PP1/6K1 w - - 0 29	c6e8 g7f8 e8f7 g8h8 f7f8	1167	0i0p101316
yRAJZ	6k1/8/2Qr4/5p1r/4n2P/p5P1/P4PK1/8 w - - 0 47	c6e8 g8g7 e8h5	1167	010p0s1o
yprWM	6k1/2rpqppp/4p1n1/4P3/1Q1Rn3/5NP1/1P3P1P/6K1 w - - 0 24	b4b8 g6f8 b8c7	1167	010s191o
ysrdx	5r2/1ppn3k/p2p3p/3P1p2/2PqpP2/1P4QP/2B3R1/5K2 w - - 6 34	g3g6 h7h8 g6h6	1167	0i0p13151o
zAl6s	3r4/p5pk/2Q5/4P2p/5P2/6P1/PPPR1qBP/4R2K b - - 0 27	f2e1 g2f1 e1f1	1167	0p0s0t13151o
zJFZE	8/1p3k1p/p1b5/5P2/1P3B2/4K3/P1R4P/5r2 b - - 4 40	f1f3 e3d4 f3f4	1167	0g0i0p111o
zaVFC	5rk1/prq2ppp/3bb3/3p4/N2Bn3/1PPN1P2/4Q1PP/1R2R1K1 b - - 0 21	d6h2 g1h1 e4g3 h1h2 g3e2	1167	0g0j0k0s1019
zvNS2	1Qq3k1/5p1p/1n2r1p1/2p5/bpPbP3/1B1P3P/3N2PB/5R1K w - - 15 40	b8c8 b6c8 b3a4	1167	0g191o
0TlFR	r4rk1/ppp2ppp/3p4/3N4/4P1nq/7P/PP2B1K1/R1BQR3 b - - 0 18	h4f2 g2h1 f2h2	1168	1315191o
0YL3w	r1k4r/ppp1Q1pp/8/4P3/2b1p3/2N5/PPP2P1q/2KR4 w - - 0 18	e7d7 c8b8 d7d8 h8d8 d1d8	1168	06101316191n
1GCXS	r2q1rk1/1p6/p1b3p1/8/PpPb4/1P5P/2Q3P1/RB3R1K w - - 0 25	c2g6 d4g7 g6h7	1168	0y1315191o
1PJrb	3r4/1k3p2/3p2qp/pP1P2p1/8/P3QP2/BP4K1/8 w - - 1 35	e3e7 b7c8 b5b6 g6c2 g2g3 c2c5 b6b7 c8b8 e7d8	1168	00010i0p0r0s1w
1zLYi	2r2rk1/pp1n1ppp/8/P1b1P3/3QB1q1/8/1B3P1P/R4K1R w - - 2 27	e4h7 g8h7 d4g4	1168	0g0j0y191o
3W5WG	8/5pkp/1p2p1p1/p3r3/2P5/1P3bP1/P4P1P/1B2RK2 b - - 1 32	f3g2 f1g2 e5e1	1168	0g0i0p1o
3Xhwo	r6q/ppp1nkb1/4pp1r/3P2p1/3P4/1B3NP1/PP1B1P2/R2QR1K1 b - - 0 22	h6h1 g1g2 h8h3	1168	0y1315191o
3aJiL	rn1qk2r/3pb3/p1b1Bp1p/8/Np6/8/PP2QPPP/R2R2K1 w kq - 0 18	e2h5 e8f8 h5f7	1168	1315191o
3bVVD	3q3k/5Rpp/p2p1b2/1p1N4/4P3/r2P2Q1/6PP/6K1 w - - 1 27	d5f6 d8f6 f7f6	1168	0g0p1o
3paQv	3R4/ppq3pk/4p1r1/4P2P/4p3/8/PP3r2/1K4R1 w - - 0 29	h5g6 h7h6 d8h8	1168	0p1113151j1o
4FnC0	1k1r1b1r/R1p2ppp/1pn5/8/Q2P4/1P5b/1PPN1PqP/2B1KR2 w - - 2 16	a7a8 b8b7 a4a6	1168	1315191k1o1u
4G2M4	8/p3r3/3pPk1p/3R1P2/5r2/1P5P/P5K1/5R2 b - - 2 40	e7g7 g2h2 f4f1	1168	0g0i0p1m1o
4YjPj	6Q1/pp3pp1/1kp1p3/8/PP6/2q2PP1/6PK/8 w - - 0 28	g8d8 b6a6 d8a5	1168	0p1113151i1o
572cO	r4rk1/2pn4/1p2p1pp/pN2P3/1n1P3P/4q3/PPQ1N3/1K4R1 w - - 0 24	c2g6 g8h8 g6g7	1168	0y1315191o
5OlXg	6k1/ppp1p1bp/2n3p1/8/3P2P1/2P1p3/PP2N3/R2Q1KRq b - - 0 21	h1f3 f1e1 f3f2	1168	1315191o
6cpEe	r7/5p1k/p4Qpb/6q1/6P1/4P3/pB5K/8 w - - 1 39	f6f7 h6g7 f7g7	1168	0p13151o
6kVUz	8/5p2/4p1pk/3n4/6p1/4NqP1/3p1P2/Q5K1 w - - 2 40	a1h8 h6g5 h8h4	1168	0p13151o
88Qni	1Q3bk1/5ppp/1R1p4/4pPB1/3pP3/3P3P/r1q3P1/7K w - - 2 31	b8f8 g8f8 b6b8 c2c8 b8c8	1168	050p1013161f1n
8hcAC	7Q/2p5/3p2p1/2nN1k2/4q2P/8/6P1/6K1 w - - 1 41	h8f6 f5g4 f6g5	1168	0p1113151o
98Wwf	r7/1k1p4/p2p1p2/1p1Np3/3nP3/2PP4/PP3PP1/R1B2RK1 b - - 0 25	d4e2 g1h1 a8h8 c1h6 h8h6	1168	0p101316
9OqPl	6rk/2pq2p1/3p1pRp/p2PpP2/n2PP2P/P1P1K3/Br4Q1/6R1 w - - 1 31	g6h6 g7h6 g2g8	1168	0j0y1315191o
A6qqv	2r2r1k/1p1RN3/p6p/4p1p1/4n3/7P/PPP2PK1/3R4 b - - 7 26	f8f2 g2g1 c8c2	1168	0g0p1o
AD6ME	4k2r/4bpp1/3p4/pP2pQ1p/P6P/1Pq3P1/3N2B1/1K1n4 w k - 0 25	g2c6 c3c6 b5c6	1168	0g191o
Bu9yJ	Q7/4qkpp/1R2p3/5p2/8/2r1PP1P/6P1/6K1 b - - 3 32	c3c1 g1h2 e7c7 f3f4 c7b6	1168	0g0p0s10
CVD7w	r4rk1/p4ppp/1np1p3/2N5/qbRPB3/4P3/1P3PPP/3Q1RK1 b - - 2 21	a4d1 f1d1 b6c4	1168	0g191o
CoPoe	3qk2r/1p3ppp/1nP5/1BQ1p3/r3Pn2/5P2/PB3P1P/R4RK1 b k - 0 19	d8g5 g1h1 g5g2	1168	0y1315191o
D7CdJ	5k1r/5p2/1p2r3/p1pR1pQ1/1bP1P1P1/5PKP/1q6/3R4 w - - 0 45	d5d8 e6e8 d8e8 f8e8 g5d8	1168	0510131619
Diz8p	4rr1k/ppp3p1/4P3/3Q4/2BP1pqp/P1P1P1P1/1P3K2/7R w - - 0 29	h1h4 g4h4 g3h4	1168	0g0p0s1o
E0aGD	r1bqk2r/ppp2ppp/3p4/8/1b2P3/2NP4/PP3PPP/R1BQ1RK1 w kq - 0 10	d1a4 c7c6 a4b4	1168	010s191o
F1Xkm	6rk/5p1p/p1q1pp2/1pP1n3/1P5R/5P2/P2QKR1P/2B3r1 w - - 4 32	h4h7 h8h7 d2h6	1168	050y1315191n1o
FKO2o	4kb1R/pp6/4bp1P/2p5/8/8/P5P1/7K w - - 2 41	h6h7 e6f5 h8f8 e8f8 h7h8q	1168	00050g0p0r101h
Fce74	2n5/6p1/P5p1/2p3PP/6K1/2k5/8/8 w - - 0 53	h5h6 g7h6 g5h6	1168	0g0p0z111o
FgqRg	8/1p4pk/p2p2b1/2pP1pBB/5P1K/1rq4P/4Q1P1/8 w - - 1 39	h5g6 h7g6 e2h5	1168	050p13151o
G73ET	8/pp5k/4Q3/3Pb1p1/1P1q4/P3N2P/6P1/7K b - - 2 38	d4a1 e3f1 a1f1	1168	0p13151o
GKwgL	r1b4r/4kp1p/3Npb1B/8/P3P3/qP3n2/2PQ3P/1K1R3R w - - 3 25	d6c8 h8c8 d2d7	1168	0d1315191o
HJtII	Q4bk1/p5pp/1p6/2p1Np2/5PnP/Pq4P1/1B6/4R1K1 b - - 1 31	b3g3 a8g2 g3e1	1168	0g0s191o
HRL89	4k3/1pp3r1/p7/P3N3/2PP4/6PK/2n4P/5R2 b - - 3 35	g7h7 h3g4 c2e3 g4f4 e3f1	1168	010p0s10
HalXr	4Q3/pq3Bpk/7p/2p5/P2b4/6P1/1r3P1P/3R2K1 b - - 2 32	d4f2 g1f1 b7h1	1168	0p13151o
Hzguv	6k1/1pN3bp/2n3p1/4pbB1/8/3PKB2/r5PP/3R4 w - - 1 30	f3d5 g8h8 d5a2	1168	0g0s191o
I4Myp	8/8/2p5/p3bk1p/P1P1n3/1P1N1KPP/8/8 w - - 7 52	g3g4 h5g4 h3g4 f5e6 f3e4	1168	0g0p10
IgInw	8/3Q4/2R1pk2/3p1p2/8/6Pp/8/4qRK1 b - - 0 49	e1g3 g1h1 g3g2	1168	0p13151o
JjXP4	r1k4r/1pp3p1/p3Np2/3PR3/1Q5p/2P3Pq/PP3P1P/R5K1 b - - 0 25	h4g3 f2g3 h3h2	1168	010y191o
LJDdJ	8/1p3pBp/p2k4/2n5/2K5/P4PP1/7P/8 w - - 3 43	g7f8 d6c6 f8c5	1168	0g0p1o
M7Ifc	r7/ppk4p/2B2p2/2b2np1/3p1p2/1PPR4/PB1P2PP/R5K1 b - - 0 21	d4c3 g1f1 c3b2	1168	000g0j0k191o
NKllI	2kr3r/pp1n1p2/3p4/q1pN1P2/5P2/1QPP3p/PP4B1/R4K2 w - - 0 25	d5e7 c8c7 b3b7	1168	1315191k1o
NNaYX	5rk1/5bpp/8/1q2bQ2/5B2/5BP1/7P/3R2K1 b - - 5 28	e5d4 d1d4 b5f5	1168	0g0j191o
Nv9QY	r2qr1k1/pp1n1ppp/5n2/3p4/N2Q4/P4N2/1PP2PPP/R4RK1 b - - 0 13	e8e4 d4d1 e4a4	1168	01191o1p
NwyaN	7k/4Q2p/2b1p1r1/3pqp2/p7/2PB2R1/Pr3PP1/2R3K1 w - - 4 31	e7f8 g6g8 g3g8	1168	1315191o
OyNCf	k7/P7/1K5p/5pp1/8/4p1P1/7P/4B3 b - - 1 47	f5f4 g3f4 g5f4 b6c5 f4f3	1168	080g0p10
PVeJm	2r5/p6k/1p2Qp1P/4p1pP/3pP3/PP6/2r2q2/1KR4R w - - 0 35	e6f7 h7h8 f7g7	1168	0p13151o
Qatf6	7k/1R3p2/p2p2pp/P2P3n/4n2q/4Q2P/5rP1/5BK1 w - - 0 32	e3h6 h8g8 b7b8 h4d8 b8d8	1168	0r10131619
RamIN	6k1/6pp/p3P3/2B5/4b3/P3P2r/4K3/R7 b - - 0 33	h3h2 e2e1 h2h1 e1f2 h1a1	1168	0g0p101p
SZ9fH	3rkb1r/pQp2ppp/3q4/4p3/2Pn4/5NB1/PPP2PPP/2KR3R b k - 0 13	d4e2 c1b1 d6d1 h1d1 d8d1	1168	060i0j10131619
TRxnG	6k1/2p3pp/pb1p4/1p2p1qn/4P1P1/P2P3P/1PP4K/R2Q2N1 b - - 0 22	g5f4 h2h1 h5g3 h1g2 f4f2	1168	0p0q101316
TW8an	r4r1k/1b2Q1p1/p6p/1p6/5qB1/2N5/PP4PP/2RR2K1 b - - 0 21	f4f2 g1h1 f2g2	1168	1315191o
TnVDk	5k2/p2n1p1p/1p1Pr1p1/2p5/2N2n1P/P4b2/PB1R1P1P/4RK2 b - - 1 30	f3g2 f1g1 e6e1	1168	0i111315191o
UL9Ze	r1b1kbnr/pp1ppppp/1q6/1Bp5/3nP3/2NPB3/PPP2PPP/R2QK1NR b KQkq - 2 5	d4b5 c3b5 b6b5	1168	011c1o
V4YvG	6k1/8/P4p1Q/5P2/1qpp4/5P2/1P6/2K5 b - - 2 47	b4e1 c1c2 d4d3	1168	0p13151i1o
VT2uI	3b2rk/6qp/p2pPp2/1p1PpR2/8/PN5P/1P2Q1PK/8 b - - 9 32	g7g3 h2h1 g3b3	1168	0g0p0s1o
VlFxe	5rk1/4Qp2/4pPp1/1p1p3p/3Pq3/4P3/6P1/2R3K1 w - - 2 38	e7f8 g8f8 c1c8	1168	050p13151n1o
WQZbp	2Q5/6pk/5n1p/3b4/K2P4/P7/5P1P/1r6 w - - 8 50	c8f5 h7g8 f5b1	1168	0g0p0s1o
WWw2x	8/6pk/2NbQ2p/3p4/3P1q2/2P4P/5PP1/6K1 b - - 0 39	f4c1 e6e1 c1e1	1168	0p13151o
WgYHi	3r1qk1/pB3pp1/1p5p/3n4/Q7/5P1P/2P3P1/4R2K w - - 9 34	b7d5 d8d5 e1e8	1168	010p1g1o
WzX8w	2r1r3/3kb1R1/3p4/p7/3pR1N1/7P/2P3K1/8 w - - 4 34	g4f6 d7c6 f6e8	1168	0g0p1g1o
X77ib	r1b1kbnr/ppp2p1p/2n3p1/8/3qN3/8/PPP1QPPP/R1B1KB1R w KQkq - 0 9	e4f6 e8d8 e2e8	1168	0k0m13151c1o
X9Gp5	7r/5kp1/p6r/1p4R1/2p1Bp2/2P1RP2/PP3Q2/6K1 b - - 0 38	h6h1 g1g2 h8h2	1168	090p13151o
XqzYb	r7/1p1b1pk1/p1pp2qp/3P4/6P1/3Q3P/PPB5/4R1K1 w - - 0 28	d3g6 f7g6 e1e7 g7f6 e7d7	1168	0g0p0s10
YFxJm	2r1r1k1/q5np/p4Pp1/1p1Pp3/4P1P1/P4Q2/2p4K/1B2RR2 w - - 0 33	f6f7 a7f7 f3f7	1168	000g0s11191o
ZkZmF	8/8/4R1pp/3Pp1k1/2K1P1P1/2N2r2/1rn5/2R5 b - - 4 49	b2b4 c4c5 f3c3	1168	010i0p111o
ZrmBb	r1b2r1k/pp2n1pp/2p2p2/5P1Q/3pPR2/1B6/PqP3PP/5R1K w - - 0 20	h5h7 h8h7 f4h4	1168	050y1315191f1n1o
aYsid	3rk3/1p1b3p/p1p1p1p1/2P5/4N2b/1P5P/P3K1P1/5R2 w - - 1 33	e4d6 e8e7 f1f7	1168	0p0u13151o
alcci	r4rk1/1b1q1ppp/2p5/3Np1b1/P1B5/8/2P2PPP/R2Q1RK1 w - - 0 17	d5f6 g5f6 d1d7	1168	0g0j191o
b2wQd	2k5/p1p3r1/1p6/2N2p2/3r4/8/PP4PP/4R1K1 w - - 0 24	e1e8 d4d8 e8d8 c8d8 c5e6 d8e7 e6g7	1168	050g0p0s1w
bMViv	6rk/2R3b1/6Pp/1p1p1K2/3P3R/3n2P1/3n4/8 w - - 1 55	h4h6 g7h6 c7h7	1168	0p13151n1o
bW1uK	2bk4/4p2Q/3pP1P1/4b1B1/7K/4n2P/4q3/8 w - - 4 44	h7e7	1168	0p1113141b
bcKtM	r3k3/1p2q2r/p1p5/3b3p/1P1p4/P2P1NP1/1Q3PB1/R5K1 w q - 0 26	a1e1 e7e1 f3e1	1168	01191g1o
ci0JJ	4R3/ppp2pp1/6k1/8/2B1N1K1/3P2P1/PPP2q2/R7 b - - 4 26	f2f5 g4h4 f5h5	1168	0p13151o
dH056	7k/p1r4p/2Pp4/2p1p3/P3Pp2/2PK4/7b/1R6 w - - 0 45	b1b8 h8g7 b8b7 c7b7 c6b7	1168	000g0p101g
dViqW	8/p3NR2/6pk/1p4p1/5P2/1P2n2P/r7/6K1 w - - 1 33	e7g8 h6h5 f7h7	1168	0p13151o
dZkQi	5rk1/1pq3rp/4b1pQ/3pPpR1/3P3P/1BP5/P7/6RK b - - 0 31	c7c3 g5g3 c3d4	1168	0g11191o
da4JC	8/2R5/pknr4/N2p4/1P1Pp1rp/PK2Pp2/5P1P/8 w - - 0 52	c7b7	1168	0p0q0u1113141b
eC8W1	4r3/6p1/8/1R6/5P2/2k4P/1p4B1/1K6 b - - 2 37	e8e1 b1a2 e1a1	1168	0p13151o
eZp5U	6nr/p2kppbp/3p2p1/1p6/3PP3/1P2KB2/PN3PPP/2R5 b - - 3 19	g7h6 e3e2 h6c1	1168	0g0p1o1p
gQZKb	8/6k1/P4p2/3Q2pK/3pP3/4q3/6PP/8 b - - 1 42	e3e2 g2g4 e2h2	1168	0p13151i1o
h3T1g	8/PQ3pk1/6p1/8/6qp/6P1/5PKP/8 b - - 0 39	h4h3 g2f1 g4d1	1168	0p13151i1o
hCXIm	r3b1k1/4Qnp1/3p1pBp/p1pq4/5P2/8/6PP/4R1K1 w - - 2 34	e7e8 a8e8 e1e8	1168	1315191f1o
hEHJo	5r2/1p2p2k/p2p4/2pP4/2P5/4b3/PP3q1P/3Q2RK w - - 0 33	d1h5 e3h6 h5g6 h7h8 g6h6	1168	0i0p0r101316
hndtA	r5k1/ppqb1p1p/1nn3pB/2p2NN1/8/bB1P3P/2P1r1P1/1R3RK1 w - - 0 22	b3f7 g8h8 h6g7	1168	0y1315191o
hoj70	r6k/1b4pp/8/5p2/5P1q/1Q5P/1PP3P1/R6K w - - 2 26	a1a8 b7a8 b3b8 h4d8 b8d8	1168	060p0s101316
iVPlC	1r4k1/5pBp/p2p1Pr1/2p1n2Q/5R2/2bP3P/qp4b1/1R4K1 w - - 0 30	h5h7 g8h7 f4h4 g6h6 h4h6 h7g8 h6h8	1168	050y1317191d1n1w
jAu7D	6r1/1p5k/p1p1p2p/3pPpq1/P2P4/2P3rP/1P1QR1P1/6RK b - - 7 35	g3h3 g2h3 g5g1	1168	0j0p0y13151o
jOpRN	q4rk1/p5p1/3bp1p1/5pn1/3B4/P1PQR1P1/1P3P1P/R5K1 b - - 3 22	g5h3 g1f1 a8h1 f1e2 h1a1	1168	0g10191p
jrr0r	r3r1k1/pp3ppp/5q2/8/2pP4/2N1PNP1/P6P/R2Q2K1 b - - 4 21	e8e3 c3d5 f6f3 d5e3 f3e3	1168	0g0y1019
kE1V7	rnbq2k1/pp2prb1/2p3p1/6N1/3Pp3/4P3/PPP2PP1/RNBQK2R b KQ - 2 11	d8a5 b1c3 a5g5	1168	0g0s111c1o
krT7K	r1b2rk1/1pqn1pbp/p2p1npB/3Pp3/PP2P3/2N2N1P/2BQ1PP1/R4RK1 b - - 2 16	g7h6 d2h6 c7c3	1168	01191o
kuzZt	rnb1kb1r/p3pp1p/2pp1np1/1p6/N2P1B2/1PPBP2P/5PP1/R3K1NR w KQkq - 0 11	a4b6 a7b6 a1a8	1168	010j1c1o1t
lDbsW	r7/1Qpk1pp1/2p1b3/8/4P1p1/2NP2P1/PPq4R/K2R4 b - - 0 19	a8a2 c3a2 c2d1 a2c1 d1c1	1168	0i10131619
mJp3l	5r1k/1pq3bp/p1pp3N/3pn1Q1/8/2N5/PPP3PP/5RK1 w - - 10 23	f1f8 g7f8 g5g8	1168	0y1315191o
o7Qlq	b7/8/P7/4P2p/6pP/4R1P1/r5k1/4K3 w - - 1 50	e3e2 a2e2 e1e2 g2g3 e5e6	1168	0g0p10
oHCXV	6Q1/p1ppk2p/1p3p2/4b3/3q4/2N5/PPP3P1/4R2K b - - 3 24	d4h4 h1g1 h4e1	1168	0p0s13151o
oHpgh	r2q3k/1pb2Qp1/p1p2R1p/2P3N1/1P6/P3r1P1/7P/R5K1 w - - 3 28	f6h6 g7h6 f7h7	1168	0y1315191n1o
ofWYD	2k5/8/2KQ4/p7/P6q/8/8/8 b - - 9 61	h4a4 c6b6 a4b4 d6b4 a5b4 b6a5 b4b3 a5a4 b3b2	1168	000g0p1i1w
pLOaT	1k4rr/ppp2qp1/3p4/6Q1/3PP3/1P6/P1P1R2P/6RK b - - 0 29	f7f3 g1g2 f3f1	1168	0g0p0s1o
rZsWG	r1b1k2r/2Bn2bp/1pp3p1/p1p5/P1N1P3/2PP3P/1P4P1/R4R1K w kq - 1 20	c4d6 e8e7 f1f7 e7e6 f7g7	1168	010r0s1019
sN4On	2k3r1/ppp1qp2/1b5p/4p2n/1R2P3/P2P1NPP/2R1Q1K1/5N2 b - - 2 27	h5f4 g2h2 f4e2	1168	0g191g1o
sggsw	8/7p/4p1p1/1p2P3/p1k1K1P1/B7/PP5P/2b5 w - - 0 34	b2b3 a4b3 a2b3 c4b3 a3c1	1168	080g0p10
tEhYA	1rbr4/p4kpp/2p1pp2/2Nn4/3N4/8/PP3PPP/3R1RK1 w - - 6 20	d4c6 d8d6 c6b8	1168	0g0s191o
tcjX3	4rrk1/5pp1/8/7p/2Qp2q1/1P6/P5PP/4RR1K w - - 0 27	e1e8 f8e8 c4f7 g8h7 f7e8	1168	050g0p0s10
tf0je	5rk1/5pp1/p6p/1p6/3PB3/P1r1P2q/1Q3P1B/3R2K1 b - - 1 25	h3g4 h2g3 g4d1	1168	0g0s191o
ts3Es	6r1/pppq2r1/3pb1n1/4pk1p/2Pn1p1B/1P1P1P1P/P2QB1PN/R5RK w - - 6 23	g2g4 f4g3 d2g5	1168	1315191o
tuXWf	8/pQ5p/6p1/7k/4KP2/1P2P1P1/P6P/3q4 b - - 2 36	d1h1 e4e5 h1b7	1168	0g0p1i1o1p
uAVwu	6k1/p4pp1/8/1P1Q1P2/6PK/5B1R/Pq5P/6r1 b - - 5 37	b2f6 g4g5 f6g5	1168	0p13151o
uGRWV	8/4nkpp/pq1p2p1/3Pp3/4P2Q/2N2r1P/1P1R4/3B3K b - - 3 38	f3f1 h1g2 b6g1	1168	1315191o
vHKWC	r2qr1k1/p4pp1/7p/3p4/5PQ1/8/PP3RPP/RN4K1 b - - 0 19	e8e1 f2f1 d8b6 g1h1 e1f1	1168	060i10131619
vx9Yk	2r2k2/1p1bq1b1/p5Q1/3B2P1/1n1P1PP1/4P3/PP6/1K5R w - - 1 23	h1h8 g7h8 g6g8	1168	1315191n1o
wTW9s	5r2/2q2k2/4pp1p/4b3/Q7/1p4P1/PPP2P1P/1K1R3R b - - 0 24	c7c2 b1a1 c2b2	1168	0p13151k1o
xUJ7d	k2b2r1/1p1q2p1/r1Np3p/2pPp1p1/4P3/1RP5/1P2QPPP/6K1 w - - 0 30	e2a6 b7a6 b3b8	1168	031315191k1n1o
xXa2T	7r/1pp3k1/p3p1B1/3qP2r/3P1p1P/P5P1/1P2QP1K/2RR4 b - - 0 32	h5h4 g3h4 h8h4 h2g1 h4h1	1168	101316191n
y28Wr	r5rk/pR4p1/2p3q1/3pP1n1/3P1NQ1/7P/P7/5RK1 b - - 4 26	g5h3 f4h3 g6g4	1168	0g0j191g1o
zmZgh	5rk1/pp3p2/1q1p2p1/3Bb3/3pP3/8/PPQ3PP/1R3RK1 b - - 0 20	d4d3 c2f2 e5d4	1168	010d0j0k11191g1o
1nraB	6k1/p2p1ppp/1prPr1q1/3Q4/2P5/8/P4PPP/2RR2K1 w - - 1 25	d5c6 d7c6 d6d7	1169	000g0p1n1o
25KUf	r4rk1/6p1/p1q2p2/1pn1pPPp/P2pP3/3B4/1PPQ2P1/2KR3R b - - 0 21	c5b3 c1b1 b3d2	1169	0g191g1k1o
28WR1	8/4R1pk/4N1r1/3pPp2/7p/8/8/3K4 w - - 0 41	e6f8 h7h6 f8g6	1169	0g0p0s1o
2NWBK	3r2k1/5pp1/p3q2p/8/R2P4/3Q2P1/5PKP/8 b - - 11 32	e6c6 d4d5 c6a4	1169	0g0p0s1o
2XSFD	6k1/p2r4/1p1p2p1/3q4/8/P1Q5/1P4PP/5RK1 w - - 0 31	c3c8 g8g7 c8d7	1169	0g0p0s1o
2aPpX	r4r2/2p2p1p/pq2p1pk/1p5N/2n3R1/5P1P/PQ6/R3K3 w Q - 2 28	b2g7 h6h5 g7h7	1169	0i1315191n1o
2sXHf	2kr4/ppp5/2n1p3/4p1P1/2q1P2P/b1PP1P2/P2KQ3/1R5R b - - 0 24	c4a2 d2e1 a2b1	1169	0g0v191o
3FHvc	4Qrk1/3P1ppp/8/8/8/5N1P/2q2PPK/1q6 w - - 0 40	e8f8 g8f8 d7d8q	1169	00050p13151h1o
3UXJf	4r2k/1R4pp/8/2N5/1p1PpP2/3pP3/1Pr3PP/4R1K1 b - - 1 37	d3d2 e1d1 c2c1 g1f2 c1d1	1169	00010p101g
3z8XK	5rk1/pR3Nr1/6Qp/2q5/8/7P/PP4PK/8 w - - 1 39	f7h6 g8h8 g6g7	1169	0p13151g1o
60QEU	1r6/2k3pb/1q1bp2p/3pN2P/p5P1/1p1P2B1/PPP1QP2/1KR2R2 b - - 1 33	b3a2 b1a1 b6b2	1169	000j1315191k1o
6Ovfl	4r3/pp4k1/2p1Rpn1/3p4/3P1q2/5N1Q/PPP2PPP/6K1 b - - 0 25	f4c1 f3e1 c1e1 e6e1 e8e1	1169	060p1013161y
737Fx	8/kbB5/1p6/p1p4N/P2p4/3q4/4QP1P/4RK2 b - - 3 40	d3h3 f1g1 h3g2	1169	0p13151o
7eRzx	3r1rk1/p1p2p1p/bpB1p2p/2b1P3/4R3/2P2Q2/q4PPP/4R1K1 w - - 0 23	e4g4 g8h8 f3f6	1169	0y1315191o
86yee	8/6p1/3Kp3/p2pPk2/2p5/2P3PP/1P6/8 w - - 2 43	g3g4 f5f4 d6e6 d5d4 c3d4	1169	0g0i0p101e
8SXey	8/Q4p1k/2P1q1p1/7p/7P/6P1/p4P2/6K1 b - - 0 42	e6e1 g1g2 a2a1q	1169	000g0p111h1i1o
8amyJ	r3r1k1/p4ppp/1pNb4/3p1q2/3P1P2/4RPP1/PP1Q2KP/R7 b - - 0 21	e8e3 d2e3 f5c2 g2g1 c2c6	1169	0g0s1019
9PuQR	2r2r2/3qp1kp/1Nnpbpp1/np6/4NPP1/1P5P/P3P1B1/1R1Q1RK1 b - - 1 23	d7a7 g1h2 a7b6	1169	0111191g1o
9wvTt	5r1k/5p2/4p1pP/8/5QP1/q3P1K1/1r2R3/8 w - - 0 36	f4f6 h8h7 f6g7	1169	0p13151o
BHWRx	8/p6p/1p4p1/5k2/3P1n2/5K2/P5PP/4B3 w - - 4 31	g2g4 f5e6 f3f4	1169	0g0i0p11121o
BnlSF	6B1/7R/6p1/6k1/Pr1r3P/8/4nPP1/5R1K b - - 0 35	d4h4 h7h4 b4h4	1169	0p13151o
CUPjC	2r1r1k1/pp1q2bp/n5p1/4Np2/2PP4/3QP1BP/5PP1/2R2RK1 b - - 1 23	g7e5 g3e5 e8e5	1169	0111191o
DVdjA	rnbk3r/pppp1ppp/8/2bPQ3/8/6P1/PPP4P/RNB1KBNq w Q - 1 9	c1g5 f7f6 g5f6 g7f6 e5f6 d8e8 f6h8	1169	0g0s1c1w
DyEJm	2r5/5pk1/1p1p1np1/pP1Pp3/Pb2P3/7Q/2q1N3/K6R w - - 2 37	h3h6 g7g8 h6h8	1169	11121315191o
EiCxt	2r4k/pp5p/7p/7r/P1BbN3/1P6/6R1/1R3K2 b - - 10 37	h5h1 f1e2 h1b1	1169	01191o1p
FwqD3	3r2k1/6p1/p1Q1p3/5p2/4P3/1P4qP/P4RP1/6K1 b - - 2 35	d8d1 f2f1 g3e3 g1h2 d1f1	1169	0g0i0p10
HQTMw	6rk/p6p/1p2q3/3bQ3/1P3p2/P7/4R1PP/3R3K b - - 0 50	e6e5 e2e5 d5g2 h1g1 g2f3 g1f2 f3d1	1169	0g0j0k0p111w
IaeGT	2r1brk1/q4ppp/2P5/2QPb3/4P3/P4R1P/3B2B1/2R3K1 b - - 4 29	e5d4 d2e3 d4c5	1169	010s191o
IgHV4	8/5R1p/p5p1/1p2qP2/2B4k/PP4R1/5KP1/4r3 w - - 4 43	f7h7	1169	0p13141b
JT8mD	1q4k1/4R1p1/3NN3/4P2p/8/6KP/5PP1/1q5r w - - 0 38	e7g7 g8h8 d6f7	1169	0p13151o
K8iDL	8/6R1/k1pp3p/1pnN4/8/8/rpK2PPP/8 w - - 4 32	d5b4 a6b6 b4a2	1169	010p0s1o
N3zjC	4Q3/2P4p/5p1k/6p1/4pnn1/8/1r3PPP/5RK1 b - - 0 39	f4e2 g1h1 g4f2 f1f2 b2b1 f2f1 b1f1	1169	060i0p13171n1w
N93He	6k1/1R3p2/p4pnp/8/4Q2P/8/6PK/q2r4 w - - 3 31	e4e8 g6f8 e8f7 g8h8 f7f8	1169	0i0p101316
N9eov	2k5/2P4r/8/3R2Kp/3N3P/3r4/8/8 w - - 1 49	d5d8 c8c7 d4e6 c7b6 d8d3	1169	0g0j0p0r10
NHKlR	r5k1/1R3p2/6p1/p5P1/1nB4P/8/PPP2r2/2K4R b - - 3 27	f2c2 c1b1 c2c4	1169	010p0s1o
Nhgrw	4r1k1/2p4p/1p1p2p1/p7/1qP5/1P1Q1P2/P3R1PP/7K b - - 0 31	b4e1 e2e1 e8e1 d3f1 e1f1	1169	060p1013161n1y
NsAZK	5r1k/1p6/p5B1/7p/7Q/6P1/Pq3r1P/5RK1 w - - 0 34	h4h5 h8g7 h5h7 g7f6 f1f2 b2f2 g1f2	1169	0g0p0r0s1w
Nvmg1	5r1k/1p1N1p1p/p2Q2pP/1q6/4P3/5P2/PPr5/3R2KR b - - 4 26	b5g5 g1f1 g5g2 f1e1 g2h1	1169	0r0s10131619
OeUea	8/ppqk1p1R/3b1Pp1/2p3r1/3pPpb1/PP1P1n2/2PBQKB1/8 w - - 0 28	h7f7 d7e6 f7c7	1169	0111191o1p
PArhZ	r6r/1Rpkq3/p1p1p3/2Pp1p2/P2P3p/2P1P3/3K1PP1/1Q5R w - - 0 24	b7c7 d7c7 b1b6 c7d7 b6b7 d7e8 b7a8	1169	050g0p0v1n1w
Pk3aG	5r2/1p1n1r2/1np5/3p1bBk/p2PpQ1p/P6P/B3qPP1/1R1R2K1 w - - 0 36	f4h4 h5g6 h4h6	1169	1315191o
PtOfP	4r3/R3nk2/3Qppp1/8/3P3p/R3bN1P/6PK/2q5 b - - 0 30	e3f4 d6f4 c1f4	1169	0g0s191o
QIGDx	8/1p5p/2p3pk/1q6/6p1/Q7/PP2rP1P/K1R5 w - - 4 37	a3f8 h6h5 c1c5 b5c5 f8c5	1169	0p
Rkd7S	r7/2p4k/1p1pB2p/3P4/4p3/2Qb1rP1/1R3PK1/8 b - - 0 39	d3f1 g2f1 f3c3	1169	010j0p111o
S2CVq	8/p3rk2/6p1/2Q2bp1/n1p5/8/PPP2K1P/8 w - - 1 38	c5c4 f5e6 c4a4	1169	010p0s1o
TPR8y	2r1r1k1/p4p1p/1b2p1P1/2pb2B1/3P1P2/3BKP2/P1Q5/1R6 b - - 0 27	c5d4 e3e2 c8c2	1169	010j191o
TRdg7	r4r1k/1b4pp/pq1p1p2/1p1Bn2R/3nP3/P1N1P2P/1P2Q1P1/3R2K1 w - - 0 24	h5h7 h8h7 e2h5	1169	050y1315191n1o
UfgrX	rn1qk2r/pp1b1p1p/3p1bp1/1B1Qp3/4P3/8/PPP2PPP/R1B1K1NR b KQkq - 1 10	d8a5 c1d2 a5b5 d5b5 d7b5	1169	0g101c
Uqime	r2q1r1k/ppp1b1pp/2np4/8/2B1nP2/P3B2R/1PP3PP/R2Q2K1 w - - 0 19	h3h7 h8h7 d1h5	1169	050y1315191n1o
VCyjY	5rk1/pp4qp/2p1b3/3pN2r/3P1P2/P5P1/1P1Q2BP/4R1RK b - - 0 31	h5h2 h1h2 g7h6 g2h3 h6h3	1169	050y101316191n
WWPha	6k1/p5pp/8/2P5/3q4/5Q2/P5PP/7K b - - 1 34	d4a1 f3d1 a1d1	1169	060p13151i1o
WXWtx	8/3b1k2/5pp1/3q4/8/4R3/1pB1p1P1/1R5K w - - 2 66	c2b3 d5b3 e3b3	1169	010p111g1o
XFMld	3kr2r/pp6/2p5/2P1Q3/6Pq/8/PPB4p/7K w - - 3 48	e5d6 d8c8 c2f5 e8e6 f5e6	1169	0p0r101316
YufW7	r3q1k1/1Q3rp1/2pN3p/p1p5/P4p2/1P3N1P/2P2PP1/3R2K1 b - - 0 26	f7b7 d6e8 a8e8	1169	01191o
ZJ0wJ	r1r5/1k5p/p3p2p/Rp1pPp2/1P1P1P2/8/6PP/RNq2QK1 b - - 2 29	c1e3 g1h1 c8c1	1169	0d0g191g1o
Zm3UU	2RR4/1r4pk/5p2/4pN1p/4Pn1P/P4P2/2P2r2/4K3 b - - 6 42	f2e2 e1f1 b7b1 d8d1 b1d1	1169	0p0r10111316
aS8CP	3r3k/6p1/5p1p/1p2p3/2p1P3/4P2P/2Pr1RP1/1B3R1K b - - 5 31	d2f2 f1f2 d8d1 h1h2 d1b1	1169	010d0p0s10
aUp43	3N4/p6p/5k2/3R2pK/6P1/5B2/P4nP1/1r3n2 b - - 1 44	f1g3 h5h6 b1h1	1169	0p13151o
an0jn	4r2k/p6p/6p1/2p2p2/2Pp4/P2Q2P1/3qP2K/R4R2 b - - 5 32	e8e2 d3e2 d2e2	1169	0g0p1o
b5Nfu	r4r1k/1b3pn1/p3pb1P/4q3/1p1NB3/4B3/PPP5/2K3RR w - - 0 27	h6g7 h8g8 e4h7	1169	000k0m0s1315191o
bN0sp	3q3r/5pp1/p1r2k1p/bp2pP1b/4P2P/2PP4/PP1B4/R1Q1KR2 w Q - 0 23	d2g5 h6g5 c1g5	1169	1315191n1o
bpAYn	4r1k1/R7/6P1/KP4R1/8/P3r3/1n6/8 b - - 10 56	e3a3 a5b4 a3a7	1169	0g0p1o1p
cVt8p	5B2/8/2p3pp/3b2k1/3P1R2/6P1/7r/5K2 w - - 4 39	f8e7 g5h5 g3g4	1169	0p13151o
cjRN5	8/8/1R5r/P5R1/k4p2/5P2/r7/5K2 b - - 6 61	h6h1 g5g1 a2a1	1169	0g0p1m1o
dC3ed	4n1k1/5pbp/1p4p1/r1p5/4b1P1/2Q4P/qB2N3/2KR1R2 w - - 0 33	c3g7 e8g7 d1d8 g7e8 d8e8	1169	101316191f1n
deyRb	6rk/1p1b2pp/p4p2/P2p4/3q1P1N/1P2r1Q1/6PP/R4R1K w - - 2 29	h4g6 h7g6 g3h4	1169	0d0y1315191n1o
e6wRf	3r2k1/p3rppp/3N4/2p1n3/5Pb1/1B6/PPPR2PP/2K1R3 b - - 2 23	e5d3 d2d3 e7e1	1169	0g0j191k1o
eDibs	8/8/2q5/6QP/P7/4K3/7k/8 b - - 22 65	c6c1 e3d4 c1g5	1169	0g0p1i1o1p
eH0Xu	2r3k1/5pp1/2q4p/1p1Q4/4r3/8/P1P2PPP/R2R2K1 b - - 0 24	e4e1 d1e1 c6d5	1169	0g0i0p1o
ePTm8	r2qkbnr/pp3pp1/2pp3p/4p3/3nP3/3P3P/PPP1NP1P/R1BQKB1R b KQkq - 1 8	d4f3	1169	13141b1c
eSgE3	8/3bk2p/4p1pP/p2pP1P1/3P4/P1K5/2B5/8 w - - 15 60	c2g6 h7g6 h6h7	1169	00080g0p111n1o
em6fZ	2Q2bk1/1R2p2p/p2p1ppB/3Pn3/q3P3/8/P4PPP/r4NK1 b - - 8 27	a1f1 g1f1 a4d1	1169	050y1315191n1o
f6UKq	2q1k1r1/R4p2/2p5/1p1BP3/3Q2P1/3P4/5P2/6K1 b - - 0 35	g8g4 d4g4 c8g4	1169	010p0s1o
fB77E	rnb1k2r/1p2bppp/p2ppn2/6B1/3qPP2/2NB4/PPPQ2PP/R3K2R w KQkq - 0 10	d3b5 a6b5 d2d4	1169	010j191o
fKk4j	8/5pkp/p2Pp1p1/2Qq4/8/5PK1/6PP/8 w - - 2 41	c5d5 e6d5 d6d7	1169	000g0p1i1o
gbaKx	8/8/7P/5R2/pP2K1k1/P7/8/3r4 b - - 0 61	d1e1 e4d5 g4f5	1169	0g0i0p1m1o
gd8AY	4br1k/5qn1/p3p1R1/1p1p3P/1P1b4/P1rQ4/2P1BP2/2K3R1 w - - 0 26	g6h6 h8g8 d3h7	1169	0y1315191o
hA7pu	r2q4/p1pn3k/1p2p2b/5r1Q/3P4/P1N4P/1PP2P2/R3K1R1 w Q - 2 20	h5g6 h7h8 g6h6	1169	0i1315191o
j0W5u	r4rk1/p2q1ppp/1pp4b/3p1P1N/6Q1/8/P1P2PPP/1R3RK1 w - - 4 20	h5f6 g8h8 f6d7	1169	0g191g1o
j9z5f	5rk1/Qp3ppp/2qrp3/6b1/2N5/8/PPP2PPP/3R1RK1 b - - 1 17	d6d1 f1d1 c6c4	1169	01191o
jUQkH	1N4k1/1b3ppp/p2Qp1q1/1p6/8/1PP2r2/1P4PP/R3R1K1 b - - 1 24	f3f1 g1f1 g6g2	1169	050y1315191n1o
kNOOf	r5k1/pp2qpp1/5n1p/2p4P/3p4/P1NBRP2/1PPK4/R2Q4 b - - 0 19	e7e3	1169	1314191b
kSK6w	8/6R1/p1bpk3/2p2p2/2P5/4PPRK/3q4/8 w - - 1 47	g3g6 e6e5 g7e7	1169	0p13151o
l9eoL	2r3k1/2P1Qpp1/2r1b2p/3p4/8/8/2B2PPP/3K4 w - - 1 35	e7d8 c8d8 c7d8q	1169	000p13151h1o
m3sSv	r2q1rk1/pp3p1p/2n3p1/3p4/2B5/1NQ5/PPP4P/2KR3R b - - 1 16	d8g5 c1b1 d5c4	1169	0111191o
mF2Cv	6k1/6pp/8/pp6/1n2NKP1/7r/8/2R5 w - - 2 34	c1c8 g8f7 e4g5 f7e7 g5h3	1169	010p0s10
mFIbY	2brrk2/p1q3pQ/1pn1ppB1/2p5/N1P2P2/1P2b3/P5P1/3R1R1K w - - 4 28	h7h8 f8e7 h8g7	1169	0i0q0v1315191o
nCriu	6k1/4r1p1/p2pq2Q/2p5/1p4R1/5pPP/P4P1K/8 w - - 1 36	g4g7 e7g7 h6e6	1169	0g0i0p1o
nxAGY	r2q1rk1/4b2p/3p1Pp1/2pP4/1pP2QbP/1B6/PB1P4/2K2R2 w - - 0 29	f6f7 f8f7 f4f7	1169	000y1315191o
o2UOu	8/4p3/8/2k5/nnP5/4N3/p3KPPP/2R5 b - - 2 41	a4c3 c1c3 a2a1q	1169	00010i0p1h1o
pKfps	1r6/pp5p/1bkp1N2/3Nn3/3pP3/8/PPr3PP/R4R1K w - - 4 29	d5b4 c6b5 b4c2	1169	0g0s191o
pzFlj	r2r2k1/pp3pp1/2pqp1p1/P1P5/4P3/7P/1PP1B1P1/R2Q1RK1 b - - 0 19	d6c5 f1f2 d8d1	1169	0g0j191o
qQ892	N2Q4/7k/bp4p1/8/3P4/3qP3/P6P/K4RR1 b - - 11 41	d3c3 a1b1 a6d3	1169	0p13151o
qUAYv	2k3r1/ppp3r1/5Q1p/3qp3/8/N1P3P1/PP5P/R3R1K1 b - - 2 27	g7g3 h2g3 g8g3 g1f1 d5g2	1169	101316191n
qYPW8	1r3rk1/1b3ppp/p2p2P1/1p2nP2/3q3P/2N3Q1/PPP5/2K2BR1 w - - 0 20	g6h7 g8h7 g3g7	1169	00050j0y1315191o
qkXXn	4r1k1/p5pp/2N5/1p3b2/8/2P3P1/PP5P/2K4R b - - 4 26	f5e4 h1d1 e4c6	1169	010p0s1o
rLJqj	3r3k/5Q1p/2p3p1/p1P5/N6P/P1bp4/1PP2P2/2K1R3 b - - 0 29	d3d2 c1b1 d2e1q	1169	000g0p0s1h1o
rj8Aj	5rk1/ppp3rp/2n1bp2/7Q/4N2R/3P4/PqP3PP/5R1K w - - 0 22	e4f6 b2f6 f1f6 f8f6 h5e8 f6f8 e8e6	1169	010i0y191w
rlKtA	1r2r1k1/4p2p/p3bn1B/1pp2Q2/8/7P/q1P2PP1/1R3RK1 w - - 0 29	f5g5 g8f7 g5g7	1169	0y1315191o
rs49C	r2q2k1/1pp5/p2p2p1/3PpbQ1/2B5/7P/PPP3P1/5RK1 w - - 2 26	f1f5 d8g5 f5g5	1169	0g0p1g1o
s2AlU	3r3k/p4rpp/q1n5/3Qp3/2p3R1/4P2P/PPP3P1/1K1R4 w - - 0 24	d5d8 c6d8 d1d8 f7f8 d8f8	1169	0y10131619
s7fI8	br1q2k1/p1p1Bpp1/p6p/3P2n1/P1P2N2/5PP1/2Q4P/4R1K1 b - - 2 24	g5f3 g1f2 f3e1 e7d8 e1c2	1169	0g0s1019
tetLC	6k1/p4ppp/bp2p3/4P3/8/7P/3r1PP1/qB1Q2K1 w - - 0 27	b1h7 g8h7 d1a1	1169	010j0p1o
tgAAi	1r5k/r2p1p2/2p2p2/4p2p/4P3/2PP2Pq/P2Q1P2/1R4K1 w - - 0 25	d2h6 h8g8 b1b8	1169	0p0w13151o
tkt7T	3r4/1p2kp2/2p4p/p3Pp2/5Pp1/2P3K1/PP4PP/3R4 w - - 2 24	d1d8 e7d8 g3h4 d8e8 h4h5	1169	0g0p101m
uKLh3	r4k2/pp3pR1/2p2n2/6QP/3p4/5B2/PPP2q2/1K2R3 b - - 0 29	f2e1 g5c1 e1c1 b1c1 f8g7	1169	0g10191k
uSwnz	8/kpr3p1/2pqQp2/5Pp1/3pB1P1/1PpP3P/P1P5/1KR5 b - - 9 40	d6a3 b3b4 a3b2	1169	0p13151o
uoRii	2q1rBkb/pp3p1p/2pn1Pp1/8/3P2P1/5N2/PP1Q1P1P/2R2RK1 b - - 0 20	c8g4 g1h1 g4f3	1169	0g0s191o
vriBN	3q4/pp2R2p/2p4k/5pp1/1P6/P6P/2r5/4RK2 w - - 0 35	e1e6 h6h5 e7h7	1169	0i0p13151j1o
wFGXz	r1b2kr1/pp1q2pp/3p4/2p3N1/2QnP3/6R1/P4P1P/R3K3 w Q - 0 19	g5h7 f8e7 c4g8	1169	0g0i191o
wSVcS	6k1/3r1p1p/1r3Qp1/q7/2B4P/1P3P2/P5P1/2R3K1 w - - 1 29	c4f7 d7f7 c1c8 f7f8 c8f8	1169	0p1013161n
wlkGV	8/2P4R/2r2p2/p3p3/5k2/1P6/8/3K4 w - - 0 56	h7h4 f4g3 h4c4 c6c7 c4c7	1169	0g0p10111m
ymbMp	8/8/6p1/8/1r6/1P1Q1q1P/PKP2k2/8 w - - 0 47	d3d2 f2g3 d2b4	1169	0g0p0s1o
1AsL1	2n1k2r/pp3pp1/2q1p2p/1b1pP3/1Q1P4/1P2B2N/P2N1PPP/1B4K1 b k - 0 19	c6c1 d2f1 c1f1	1170	0y1315191o
1Ym51	2b2k2/p4p1p/1p3Pp1/1q6/1P2Q3/P7/5PPP/4n1K1 w - - 0 29	e4e7 f8g8 e7d8 b5e8 d8e8	1170	0p0s101316
1v4TN	6k1/6p1/4Rb1p/5B1P/3r2P1/8/6K1/8 w - - 5 47	e6e8 g8f7 f5g6	1170	0p13151o
1yuX7	8/2p1kppp/8/1P1bP3/2P1NP2/p4K2/P2r2PP/2R5 b - - 0 35	d2d3 f3e2 d5e4	1170	010i0p111o
1zgit	7k/6p1/2B4p/8/p1RK4/pr6/5P1P/8 b - - 2 41	a3a2 c4a4 b3b4 a4b4 a2a1q	1170	00010i0p101h
2jMLJ	r5k1/ppp2pp1/8/2b1q1pQ/5p2/1BP4P/PP3PP1/6K1 w - - 0 22	h5f7 g8h8 f7h5	1170	0p0y13151o
4MiXQ	7k/6p1/p3p2p/1pp5/3PQ1nq/P1P2P2/1P2K1P1/3R4 b - - 0 36	h4f2 e2d3 c5c4	1170	0p13151o
4cLiL	4r3/p2krppp/1p1p4/2pP4/2P2b2/1P5P/P2B1PP1/2KRR3 w - - 1 20	e1e7 e8e7 d2f4	1170	010p1o
5gIoZ	5rrk/pp6/1q1bQ2P/3p2pR/3P4/1NP3P1/PP3P2/2KR4 b - - 0 27	d6f4 g3f4 b6e6	1170	0g0j191o
6kDnR	1r5r/2q1k1p1/p3p1p1/np2Pp2/2pP4/2P1bBP1/P1QN2PP/4RR1K b - - 7 26	h8h2 h1h2 b8h8 f3h5 h8h5	1170	050y101316191f1n
7PFbv	5rk1/pp2R1p1/3p2Qp/2p5/2P3K1/PPB2r1P/8/8 b - - 6 38	f8f4 g4h5 f3h3	1170	0i0p13151o
7ZJX8	1k3r2/ppp3pp/5q1r/4N3/8/1P1PQP2/P5PP/R5RK b - - 0 28	h6h2 h1h2 f6h4	1170	050y1315191n1o
7fEyw	r4k1r/pQ3pp1/4p1p1/4N3/3P1n1q/2P4P/PP4PK/R1B3R1 b - - 0 26	h4h3 g2h3 h8h3	1170	1315191n1o
7yfuV	1Q6/8/8/8/5K1P/2k4q/8/8 b - - 0 95	h3h2 f4f5 h2b8	1170	0g0p1i1o1p
8A93w	k2r3r/pp6/8/2p3Q1/3q1p2/2NP4/PPP3PP/R4R1K b - - 0 25	h8h2 h1h2 d8h8 g5h4 h8h4	1170	05101316191n
8AL2h	r6r/pp2k3/2ppb3/B3p3/3bPp2/2P5/PP4PP/R2Q1R1K b - - 0 18	h8h2 h1h2 a8h8 d1h5 h8h5	1170	050y101316191f1n
8BJbJ	3r2q1/1b2kpr1/pp2p2p/3n4/P1B1Qb2/N2P1N2/1P5P/R3KR2 w Q - 2 26	c4d5 d8d5 e4f4	1170	010b191g1o
8CUf6	8/pq4kp/6r1/4P3/6PQ/P1pP3K/5P1P/1R5R b - - 8 34	b7f3 h4g3 g6h6	1170	0p13151o
9Fli7	5rk1/5ppp/2q5/1p1Rp3/1P2P3/r6P/2P2QP1/2K2R2 w - - 0 27	f2f7 f8f7 d5d8 c6e8 d8e8 f7f8 f1f8	1170	0p13171n1w
9IR0d	2r4k/p5pp/b7/PN1B4/1Q1pP2r/8/P4qPP/5RRK b - - 8 27	h4h2 h1h2 f2h4	1170	050y1315191n1o
9OhFs	4r2k/1p2r1pp/3q1p2/p1p1nP2/P2p3R/1B1P2Q1/1PP3PP/R5K1 w - - 4 24	h4h7 h8h7 g3h3	1170	050y1315191n1o
9qPEj	r2r1k2/1p2npp1/p2q2p1/6N1/7Q/8/PP3PPP/4R1K1 w - - 2 25	h4h8 e7g8 g5h7	1170	1315191o
Bt2qO	r2q1rk1/3bb1pp/1pn1p3/p2pN3/P2P1B2/8/1P3PPP/RN1Q1RK1 b - - 0 15	f8f4 e5c6 d7c6	1170	0g0t1c1o
C1flb	r1bq1rk1/p4ppp/1p2p3/3p4/3NnP2/2P2P2/PPB3PP/R2QK2R b KQ - 0 14	d8h4 g2g3 e4g3 h2g3 h4h1	1170	011019
CKQ3g	1r3rk1/p3bpp1/1p2pn1p/2p2q2/7B/2P2Q1P/PP1N1PP1/R3R1K1 w - - 4 19	f3f5 e6f5 e1e7	1170	01191o
CaQjD	5rk1/pp2pp1p/4n1p1/8/P3P3/3BK2P/3N3q/2BQR3 b - - 6 29	h2f4 e3e2 e6d4	1170	1315191o
E45x9	2Q5/1p4p1/p1pk1q2/P2p1B2/1P1b4/6PP/5PK1/8 w - - 0 44	c8d7 d6e5 f2f4	1170	0p13151o
E7YPJ	r1b2r2/2p2p1k/pp1pqQp1/8/P1nPPR2/7P/2P3P1/1R5K w - - 2 23	f4h4 h7g8 f6h8	1170	1315191o
EtZQd	5bk1/1p3pp1/1B5p/3p4/1P4n1/1nrBRN2/5PPP/6K1 w - - 2 23	d3h7 g8h7 e3c3	1170	0g0j191o
FFy2e	8/p4k1p/R5p1/6K1/4r3/1P2r2P/P2R2P1/8 b - - 2 35	e3g3 g5h6 e4h4	1170	0p13151m1o
G936I	2r1k3/R4p1p/4p2p/2q1r3/3Q4/4P1P1/7P/R5K1 w - - 0 33	d4d7 e8f8 d7f7	1170	0p13151o
GGlXX	r4r1k/5p2/b1p1pR1p/p3P3/8/2PB4/7P/R6K w - - 1 29	f6h6 h8g7 h6h7 g7g8 a1g1	1170	0p0r101316
GNumx	8/pppK2pk/3p1rN1/5PRp/1PP1qP2/P6P/8/8 w - - 10 43	g5h5 h7g8 h5h8 g8f7 h8f8	1170	0p0u101316
GqYLv	6k1/2p3p1/5p2/1P1Pp3/1R2Pn2/5P1p/r2N3P/4K3 b - - 2 34	f4d3 e1e2 d3b4	1170	0g0p0s1o
H8TDR	8/1BR2pp1/p2rk3/6p1/8/P3P1Pr/1P2KP2/8 w - - 2 28	b7c8 e6f6 c8h3	1170	0g0p1o1p
HJQwy	7k/p5p1/2Rr1r1p/4p3/P6P/3QKp2/1q3P1P/8 w - - 0 35	c6c8 d6d8 c8d8 f6f8 d8f8	1170	0p101316
HSWVq	5rk1/5p1p/3Np1p1/4P1P1/6n1/5Q2/P4P1P/3r1BK1 b - - 2 34	d1f1 g1f1 g4h2 f1e2 h2f3	1170	01050i0p0s10
HVFKm	2r2r2/Q4pk1/4b1p1/8/2p1B3/4N1P1/P2b1P1P/6K1 w - - 1 30	a7d4 g7g8 d4d2	1170	010s191o
Hza1v	r1b1k1nr/ppp2ppp/2n1p3/3q4/1BPP4/5N2/P1P2PPP/R2QKB1R b KQkq - 0 9	d5e4 f1e2 c6b4	1170	011c1o
IN32X	5rk1/ppR3p1/4p2p/5r2/3qN1QP/6P1/PP4P1/3R3K b - - 0 27	f5f1 d1f1 f8f1 h1h2 d4g1 h2h3 g1h1	1170	1317191w
KI4LA	r3k3/1bQ2p2/p2Bpq2/1p5p/8/P3PP1P/1P3PK1/R4R2 b q - 0 22	f6f3 g2g1 f3g2	1170	1315191o
Kqn6R	4Q2R/p1p3p1/1p3b1p/6k1/3p2P1/8/PPPqnP2/5K2 w - - 3 43	e8h5 g5f4 h5f5	1170	0p13151o
L0Kb7	8/6pk/8/2R3K1/1p6/1P4PP/P1pr4/8 b - - 0 43	d2d5 c5d5 c2c1q	1170	000g0i0p1h1m1o
LYuyn	2r2rk1/1q3p1p/p5p1/1p1b4/4N2R/P2B4/1PP3PP/5R1K w - - 2 27	e4f6 g8g7 h4h7	1170	0y1315191o
Mup1o	5r2/3r1pk1/p3p3/1p5R/3q1P2/1P1p3P/P2Q3K/8 w - - 1 52	d2g2 g7f6 g2g5	1170	0p13151o
NMIzj	3r4/2k2p1p/2p2p2/2b1p2P/1p2P1P1/2P2P1N/1PK5/3R4 b - - 1 27	b4b3 c2b3 d8d1	1170	0g0i0p1o
NNR6l	5rk1/p5pp/1pr1pp2/2b5/1P6/4P1B1/4BPPP/2R1K2R b K - 0 22	c5b4 e1d1 f8d8	1170	01191o
PpLsi	2r3k1/pp4p1/2p3R1/5rBP/1P1b2N1/P7/8/2K5 w - - 4 41	g4h6 g8h7 h6f5	1170	010p1g1o
QOdXv	r4rk1/1pp2pp1/p1np3p/8/3q4/2QB4/PPP3PP/1K1R1R2 w - - 2 17	d3h7 g8h7 d1d4	1170	010j191o
SfBvs	r6k/pp3pp1/2pb1r2/8/1P1P3q/P2BP3/2Q3PP/R1B3KR b - - 8 21	h4e1 d3f1 e1f1	1170	0y1315191o
SnEx2	5R2/3B4/1p6/p1pb3p/1k1r4/1P4r1/P1K3P1/5R2 w - - 3 44	a2a3 b4a3 f1a1 a3b4 a1a4	1170	050p1013161d
TjS2o	3R2rk/1p5p/p4p2/5P1n/8/2QP2qP/PPP3B1/4R1K1 b - - 0 31	g3g2	1170	1314191b
UPK3E	r6k/p1p1rpp1/3q1b2/2QP4/8/5B1P/P4PP1/1RR3K1 b - - 0 23	e7e1 c1e1 d6c5	1170	010i191o
V4lau	4QR2/p5rk/1p1B3p/1P3P2/4p3/5p1Q/P4qPK/8 b - - 0 42	g7g2 h3g2 f2g2	1170	0p13151o
VIPJe	r5k1/5ppp/1q6/2p5/1p6/r3NQP1/5P1P/R5K1 w - - 0 32	f3a8 a3a8 a1a8 b6b8 a8b8	1170	060p1013161y
W5Zp0	1rbq3r/2Nnkpb1/p1Q1p3/4P2p/pP1P2p1/P5P1/3N1PP1/2R1K2R w K - 0 25	c6d6	1170	1314191b
WtchW	7R/8/1p2k3/p3p2p/3b2r1/5KP1/P6P/3R4 b - - 3 37	e5e4 f3e2 d4h8	1170	0g0j0p1o
X9yQh	r1b2r1k/p5pp/nqp5/8/2B4R/2P5/PP4PP/R2Q3K w - - 6 24	h4h7 h8h7 d1h5	1170	050y1315191n1o
YociH	8/Q4ppk/1p5p/8/P4KP1/5P1P/8/4q3 b - - 4 38	g7g5 f4f5 e1e6	1170	0p13151i1o
Z1jA7	8/8/1K1k4/2p5/P2r4/8/8/1R6 b - - 0 44	d4b4 b1b4 c5b4 b6b5 b4b3 b5c4 b3b2	1170	000g0p1m1w
ZmCWA	5rk1/pp4pp/3R4/4q3/5p1P/2P3P1/PP3P1K/3Q4 b - - 0 24	f4g3 f2g3 f8f2 h2h3 e5f5 d1g4 f2h2 h3h2 f5g4	1170	010i0p1w
ZsxX9	8/5pp1/Q3p2k/P2p4/1P1Pn1K1/4P2P/5rP1/6R1 b - - 2 33	f7f5 g4h4 g7g5	1170	0p13151o
aHUSS	7k/PQ4p1/7p/KP2n3/4B3/6P1/1q6/8 b - - 3 48	e5c4 a5a4 b2a3	1170	0p13151o
ae6Z9	3q2k1/p5p1/4p1p1/1PP1P1P1/3p1r1P/2NQ4/5P2/5RK1 b - - 0 29	f4g4 g1h2 g4h4 h2g2 d8g5	1170	010p10
asSa0	3r4/p6p/5kp1/1p3n2/4K3/P2P1P2/1P5P/3RR3 b - - 5 30	d8d4	1170	0p0u13141b
cSi6Y	8/k2n4/1p1b4/8/PP1N4/1K6/6P1/8 w - - 0 44	d4b5 a7b7 b5d6	1170	0g0p0s1o
cnJJ3	1k4r1/pp3p2/3p4/7p/3P4/5Qq1/PP6/R4R1K b - - 0 27	g3h4 f3h3 h4h3	1170	0p13151o
dMitJ	6k1/p4p2/b5p1/4p3/2qb2QP/8/P2B1PP1/2R3K1 b - - 1 28	d4f2 g1f2 c4g4	1170	0g0j0p1o
dzGCW	6k1/pp3ppp/8/3P4/4p3/Pr2P1P1/5K1P/3R4 w - - 0 28	d5d6 b3d3 d1d3 e4d3 d6d7	1170	000g0p101m
e74mP	6k1/6p1/5p1p/3p1PP1/2pP4/r5rP/1RB1RK2/8 b - - 2 43	a3f3 f2e1 g3g1 e1d2 c4c3	1170	0p0r101316
eQFpC	8/6p1/2P1pk1p/2r2p2/1K5P/8/8/8 w - - 0 46	b4c5 f6e7 c5b6	1170	0g0h0p1o
feUsP	2rk4/3p1p2/R1bQp3/3pP3/8/2N3r1/PPP2q2/2K4R w - - 2 31	h1h8 g3g8 h8g8	1170	1315191o
hYKIy	2r2rk1/5p1p/bp2p1NQ/pq1p4/3P2P1/8/PPB2P1P/2RKn3 w - - 0 23	g6e7 g8h8 h6h7	1170	0s1315191o
jA0tT	5k2/5ppp/bR6/1B6/8/6P1/5PKP/1r6 w - - 1 30	b6b8 f8e7 b8e8 e7f6 b5a6	1170	010p10
kDoP7	5r1k/p3Nppp/n7/4R3/8/7R/P4PPP/1rn2K2 w - - 1 22	h3h7 h8h7 e5h5	1170	02051315191n1o
kEI6r	r1bq1b1r/pp4pk/2p1Qn1p/8/5B2/8/PPP2PPP/RN1R2K1 w - - 0 18	d1d8 c8e6 d8a8	1170	011c1o
kRzFJ	3r3k/6pp/8/4QB2/3P1p1q/4pP1b/PP4PP/R3R1K1 b - - 0 27	h4f2 g1h1 h3g2	1170	1315191o
kltJZ	5rkb/p2np2p/2p3PP/2P5/3PpN2/P3P1Q1/8/1qB1K3 w - - 0 32	g6h7 g8f7 g3g6	1170	000k0m0y1315191o
kwN6g	4r1k1/bp4pp/p1p2pr1/5Q2/P2p4/1q1P4/1B3PPP/4R1K1 w - - 0 24	e1e8 g8f7 f5d7	1170	0y1315191o
lzyxR	r4k2/pR4pp/2p1Q3/3pn1p1/3q4/1P5P/P1P2PPK/8 w - - 1 25	e6e7 f8g8 e7g7	1170	0p13151o
oQDz4	r2qkb1r/pp3ppp/2n1p3/1BppN3/3PbB2/4P2P/PPP2PP1/R2QK2R b KQkq - 1 9	d8a5 c2c3 a5b5	1170	0g0s1c1o
q4nkS	3r1r2/1p3pkp/p1b3p1/8/P1Bb1B2/1P5P/5PP1/3R1RK1 w - - 1 24	d1d4 d8d4 f4e5 f7f6 e5d4	1170	050g0s10191n
qGTzG	3r1k2/6pp/2p5/3q4/2n1N3/P1B5/2P3QP/K7 w - - 0 34	g2g7 f8e8 e4f6	1170	0f0p13151o
qc0Ky	r1b2rk1/pp3p1p/3p2pb/2pN4/2PnPNq1/PB4P1/1P1Q3P/1K1R3R w - - 0 19	d5f6 g8g7 f6g4	1170	0g0s11191o
r90lM	r1bkr3/p5pp/2p5/n3QB2/8/2N5/P1PP1qPP/R6K w - - 5 21	e5d6 c8d7 d6d7	1170	1315191o
rIaFz	5rk1/4q1p1/4p2p/p1pr4/2Qp4/P7/1P3PPP/3RR1K1 w - - 6 26	c4d5 e6d5 e1e7	1170	0g0p1o
sBTJE	4k3/5p2/8/8/1R4PP/2Pp4/1K6/6r1 b - - 0 57	d3d2 b4e4 e8f8	1170	000g0h0p1m1o
sCFbl	6k1/p1pq2p1/7p/1p2P3/8/P7/1PRN1KPP/4R3 b - - 2 27	d7f5 d2f3 f5c2	1170	010p0s1o
sOLUE	6r1/P4r1p/1Q1pqk1b/8/8/5P2/PP1BBP1P/RNR2K2 b - - 8 27	e6h3 f1e1 g8g1 e2f1 h3f1	1170	10131619
tMeN1	2b1r3/ppp2pp1/5k2/4NPp1/7P/8/PPP5/2K1R3 w - - 0 23	e5g4 f6f5 e1e8	1170	0g0j0p1o
u30eI	1r4k1/6pp/8/8/3P1P2/R4R2/r5PP/6K1 b - - 0 27	b8b1 f3f1 b1f1 g1f1 a2a3	1170	0g0p101m
u3631	8/8/6Q1/2n4p/3k3P/1pp5/8/1K6 b - - 1 68	c3c2 b1b2 c5d3 b2b3 c2c1q	1170	000g0i0p0r101h
uB9nF	7r/2p1kp1p/3b1np1/1QpPp3/4P3/3R1P1P/qPP2P2/2K4R w - - 0 27	d3a3 a2a3 b2a3	1170	01191o1t
uJLJ0	2r1kb1r/p3nppp/b7/4P2P/3QP1P1/1Pqp4/P2N1B2/R2K1BNR b k - 0 18	c3c2 d1e1 c2c1 a1c1 c8c1	1170	0r1013161c1n
vVa8W	4r1k1/pp4r1/2p5/3p3R/6p1/8/PPP5/2K4R w - - 2 35	h5h8 g8f7 h1f1 f7e7 f1e1	1170	010p0r101m
wb2pw	2r3k1/pp3pp1/4p2p/4P2Q/4p1R1/1P6/P1q3PP/3r1R1K w - - 8 26	h5f7 g8h8 f7g7	1170	0p0y13151o
wpf0g	rn1q1k1r/pb3ppp/1p1bp3/2pp4/2PPN3/1P1BPN2/PB2QPPP/R4RK1 b - - 0 11	d5e4 d3e4 b7e4	1170	010s191o
wu0Fo	1k4r1/1pp2p2/p5q1/3Q3p/1P2B3/2P3PP/1P5K/3R4 b - - 0 29	g6g3 h2h1 g3h3	1170	0i0p13151o
xaiYp	6k1/1Q3p2/6p1/3P3p/8/3P3b/P4R2/2q1rBK1 w - - 1 29	b7f7 g8h8 f7f8 h8h7 f2f7	1170	0p101316
xn8A7	8/1r2Bp1p/6p1/8/p5k1/5RP1/1b3P1P/6K1 w - - 6 46	f3f4 g4h5 f4h4	1170	0p13151d1o
z7mTo	2k5/7R/p1K3p1/4rp2/1p2p1n1/6P1/7P/8 w - - 0 49	h7h8 e5e8 h8e8	1170	0p13151o
zNhwl	8/7p/8/R6P/K4k2/8/7r/8 b - - 5 54	h2a2 a4b4 a2a5 b4a5 f4g5	1170	0g0p101m
zYYec	6k1/5ppp/Q5q1/3p4/N2P4/1P3P1b/4r1P1/6K1 w - - 0 27	a6a8 h3c8 a8c8 e2e8 c8e8	1170	0p101316
zlalA	r1k4r/1R3ppp/p2p4/B2P4/4P3/2N2K2/P1q3PP/7R w - - 1 23	b7c7 c8b8 h1b1 c2b1 c3b1	1170	0g0r1019
zrZaa	8/4N2p/3P1b2/1Bp3p1/2P1p1P1/4k2P/3n2K1/8 w - - 0 43	e7d5 e3d3 d5f6	1170	0g0p0s1o
1mxhN	r1bqr1k1/ppp2pbp/4p1p1/4PnB1/2Pn4/P1NB1N2/1P3PPP/R2Q1RK1 b - - 4 12	d4f3 d1f3 d8g5	1171	010y1c1o
2PNUM	6Q1/p7/1p1p1q1k/2p1bB2/4P1p1/6P1/P1P3K1/8 w - - 0 39	g8h7 h6g5 h7h4	1171	0p13151o
2PP0v	5k2/2r3b1/1p6/p3n3/7Q/4q3/PP6/1K4R1 w - - 0 29	h4d8 f8f7 d8c7	1171	0g0p0s1o
2SCIn	5k2/7Q/3p1qP1/6b1/P7/3B4/1rP4P/3K1R2 b - - 3 34	b2b1 d1e2 f6f1	1171	0p13151o
2XJ4p	rr4k1/5ppp/4p3/pq1pP3/3P4/1Q1n1N2/1P3PPP/R1R3K1 w - - 2 24	c1c8 b8c8 b3b5	1171	0g0i191o
33CyX	4rk2/2p2p2/5Q2/1p2p3/3q4/p6P/5PP1/4R1K1 w - - 0 37	f6h8 f8e7 e1e5 d4e5 h8e5	1171	010p10
3RQqQ	rnb1nrk1/ppp3b1/3p1q2/4p3/4P1BN/1PNP2P1/P1P5/R1BQ1RK1 b - - 0 18	f6f1 d1f1 f8f1 g1f1 c8g4	1171	010r0y101c
3StVQ	2q2b1r/2B3p1/3pkp2/3np2b/2p1P2P/3P1n2/PPP2K2/R4Q1R w - - 0 24	f1h3 e6f7 h3c8	1171	0g191o1p
3hBME	6k1/7p/2p5/p3P1p1/5p2/4bPBP/2R1B1K1/4r3 b - - 1 35	e1g1 g2h2 f4g3	1171	0p13151o
43F8G	r2q2k1/1p3ppp/3P1n2/n1pP2N1/1p2rQb1/6P1/PPPP1K1P/R1B4R w - - 0 17	g5e4 f6e4 f4e4	1171	01191o
5pBpQ	2r1r1k1/p4p1p/4bp2/1p6/2B5/PP6/1P3PPP/1K2R1NR b - - 1 19	e6f5 b1c1 e8e1	1171	0g0j191g1o
6DaKV	r4rk1/5ppN/p1nR2P1/7Q/1p2q3/1P4nP/1PP3P1/1K6 w - - 1 26	h7f6 g7f6 h5h7	1171	0d0y1315191n1o
6onl5	8/4P3/3k1K2/4R3/8/4r3/8/8 b - - 2 65	e3e5 e7e8r e5e8	1171	0g0p1m1o
6p59C	r5k1/1b3p1p/3qn3/4b2Q/1p1pP3/1P1B4/1BP3PP/5RK1 w - - 1 28	h5f7 g8h8 f7b7	1171	010s191o
7UyJO	2r2rk1/5ppp/p2bp3/1p2N3/4nB2/2P2P2/PP4PP/R4RK1 b - - 0 19	d6c5 g1h1 e4f2 f1f2 c5f2	1171	010y1019
9360H	1k6/ppq2p1p/2p1rQb1/3p4/6P1/1P6/PBP3P1/1K5R w - - 2 32	f6h8 c7c8 b2e5 e6e5 h8e5	1171	010p101k
9UxVd	5r2/kpB3Np/p3Q3/1b1p4/3P4/2P5/P2q2PP/R5K1 b - - 1 28	d2f2 g1h1 f2f1 a1f1 f8f1	1171	06101316191n
9fT0t	4r1k1/pb4b1/2q3p1/6Np/3RpBP1/4Q3/PP5P/5RK1 b - - 0 30	g7d4 e3d4 e4e3	1171	0g191g1o
9jq5E	2b2rk1/p2ppp1p/1p4p1/3Q2P1/8/1Bq1PN2/P3KPP1/R6R b - - 1 17	c8a6 b3c4 a6c4 d5c4 c3c4	1171	0g0s1019
AtS1X	3r1rk1/pp3ppp/2pq1n2/4B3/1PQ5/P3P3/4NPPP/2R1K2R b K - 0 17	d6d2 e1f1 d2d1 c1d1 d8d1	1171	06101316191n
BIY8w	r3k1nr/pp1bnpbp/3p2p1/1N1P4/2q2B2/8/PPP2PPP/R2QR1K1 w kq - 0 13	b5d6 e8f8 d6c4	1171	0g0s1c1o
BYnMg	4r3/5k2/1ppp4/p4p2/2P1q3/KPQ3R1/P7/8 w - - 3 38	c3g7 f7e6 g3g6	1171	0p13151o
CUADI	8/1p1n2p1/2p1N1kp/4P1P1/1rP4P/4R3/8/2K5 w - - 0 34	e6f4 g6f7 e5e6	1171	0g0p1o
DQwfE	r3kb1r/ppq1pppp/2n2n2/1B1p4/5Pb1/3P1N2/PPP3PP/RNBQ1RK1 b kq - 0 8	c7b6 g1h1 b6b5	1171	0g0s191o
DjJ9N	2r3k1/p4p1r/8/2bRQ3/8/6Nq/PPP2P1P/3R2K1 b - - 6 26	h3h2 g1f1 h2f2	1171	1315191o
DzZU4	1n1r2k1/p2P1ppp/2p2qb1/2P5/NpBPQ1PP/1P6/P4r2/2KR4 w - - 4 35	e4e8 d8e8 d7e8q	1171	000y1315191h1o
EAMWh	6k1/5pp1/7p/7r/7q/P4PQ1/5KN1/5R2 b - - 4 40	h4d4 g2e3 d4d2 f2g1 d2e3	1171	0g0i0p10
Eb0GN	8/2p5/1pR3K1/1P1rk3/8/6P1/8/8 b - - 2 43	d5d6 g6f7 d6c6	1171	0g0p1m1o
EeRBw	5bk1/6Pp/1p6/p3B3/3Pp3/8/PP5K/8 b - - 0 35	f8g7 e5c7 g7d4	1171	080g0p1o1p
EkavN	r2qk2r/p1pbb1p1/3p3p/6N1/3PQ3/2P4P/P3KPn1/7R w kq - 0 19	e4g6 e8f8 g6f7	1171	1315191o
EpaxJ	5k2/8/p6p/1PPQ4/P2p1PPq/5K2/8/8 b - - 0 42	h4h1 f3f2 h1d5	1171	0g0p1i1o1p
Et01Y	2k2q2/bpp4Q/p3r3/4p3/1P6/2p5/P4PP1/3R2K1 w - - 2 35	h7d7 c8b8 d7d8 f8d8 d1d8	1171	060p0s101316
FHwSO	2rn4/pp3pkp/5n2/2qp4/4r3/2N2N2/PP1QB1PP/2R4K w - - 6 23	d2g5 g7h8 g5f6	1171	0g0i191o
FlWxJ	3r2k1/5ppp/pp2p3/4P1Q1/P2r4/1P5R/1q4PP/3R2K1 w - - 0 27	g5d8 d4d8 d1d8	1171	0p13151o1y
GuIzG	2r1r1k1/4npp1/p6p/1p3P2/2b1P3/5BB1/PP1R2PP/1KR5 b - - 2 26	c4a2 b1a2 c8c1	1171	010i0j191k1o
HfRXA	7R/2B4p/1p6/1P2Nppk/2P1p3/3nP1KP/5r2/8 b - - 1 40	f5f4 e3f4 g5f4	1171	0p13151o
I26Wp	3q1k2/2N2pp1/4pnbp/3p4/3P4/7P/1P3PP1/R1R3K1 w - - 0 25	a1a8 d8a8 c7a8	1171	010p1g1o
IMfvu	2r1r1k1/1p3R1N/4p3/1b1pP3/7q/P7/4n1P1/RQ3K2 w - - 3 29	b1g6 g8h8 g6g7	1171	1315191o
IaHYf	r6k/p6p/2qp1p2/2p2R2/2P1P3/P1Q4P/3P1P2/1R2KB2 b - - 0 24	c6e4 c3e3 e4b1 e1e2 b1f5	1171	0g0p0s10
IfaSU	8/7R/1kp1B3/1p2p3/pK2P3/1P1PP3/P1r4P/8 b - - 0 35	c6c5 b4a3 b5b4 a3a4 c2a2	1171	0i0p101316
K69RU	2r2rk1/p2p1pp1/1p5B/2n1P2R/2P4q/P7/2P1Q1PP/R5K1 b - - 2 19	h4d4 h6e3 d4a1	1171	0g0s191o
Kk5Xk	8/6pk/3b4/1P6/P6p/3pr2P/6R1/5R1K b - - 0 52	e3h3 h1g1 d6c5	1171	0g0p1o
LSHsQ	r1b3k1/ppq1bpp1/4p2p/8/4B3/P1B5/1PQ2PPP/3R2K1 w - - 1 22	e4h7 g8f8 c3g7 f8g7 c2c7	1171	0g0j0y1019
LyrU6	4r3/8/8/1p1pk1p1/1P4K1/2P2R2/6P1/8 w - - 0 46	f3e3 e5d6 e3e8	1171	0g0p1m1o1p
MXUbJ	2r2r1k/5pRp/p1qpbN2/1p2p3/4P3/1P3Q1B/PP5P/1K1R4 b - - 0 24	c6c2 b1a1 c2c1 d1c1 c8c1	1171	06101316191n
NdKXH	r6k/3QP1p1/7p/4q3/1P6/3pB2P/5PP1/6K1 b - - 0 38	a8a1 e3c1 a1c1	1171	0p13151o
Nh31e	1R6/5ppk/4p3/3p4/3b1P2/p5P1/r7/1RB2K2 b - - 1 38	a2f2 f1e1 a3a2	1171	000g0p1o
O3xs7	r5k1/3PQppp/q7/p7/8/4P2P/5PPK/3r4 w - - 1 32	e7e8 a8e8 d7e8q	1171	000p13151h1o
OBSly	r7/1ppq4/5p2/1PP1p1kp/2Q1P1pN/6P1/5K2/B7 w - - 8 31	c4c1 d7d2 c1d2	1171	0p13151o
OCtQC	2rqrb2/1p3pkp/p4N2/4pP2/4P3/1P1P2P1/1P1Q2P1/R6K w - - 0 23	d2g5 g7h8 g5g8	1171	1315191o
OrguE	7r/4p3/2ppk2P/5p1K/p1P3r1/1P1P4/P7/4RR2 b - - 3 33	e6f6 f1f5 f6f5 e1f1 g4f4	1171	0g0h0p10111m
PWLvd	6k1/5p2/4p3/3PPnP1/P5K1/5PB1/2R3Pp/7r b - - 0 45	f5e3 g4h4 e3c2	1171	0g0p0s111o
Pezh3	8/8/2Pk4/1P1N2pp/2K4b/8/8/8 w - - 0 51	c6c7 d6d7 b5b6	1171	000g0p11121o
PvWpi	5r1k/4Q1pp/p1p5/8/4p3/4R2P/P1q2rP1/5RK1 w - - 0 30	e7f8 f2f8 f1f8	1171	060p13151o1y
QZAN6	5r1k/3q1rp1/p4pQp/1pp2P2/8/7R/P4P1P/6RK w - - 2 30	h3h6 g7h6 g6h6 f7h7 h6f8	1171	0i0p1013161n
Qskpo	r6k/3bbBpp/4p3/3p4/2p5/p4R2/Pq2N1PP/1Q5K w - - 2 30	b1h7 h8h7 f3h3 e7h4 h3h4	1171	05101316191f1n
SPOsa	8/6k1/4r1P1/7r/2pK4/2P5/1p1R4/1R6 b - - 0 53	e6d6 d4c4 d6d2	1171	0g0p1m1o1p
SRgd3	6k1/p3B1p1/2b5/3pQ3/2pP4/p4PN1/6PK/4q3 b - - 0 36	e1e5 d4e5 a3a2	1171	000g0p1o
TbDrQ	8/5R2/5Nr1/2k5/p4n2/Pn3bP1/1P5P/4R1K1 b - - 0 42	f4h3 g1f1 b3d2	1171	1315191o
U1u5r	6k1/2r3pp/3Np3/1P3p2/1r6/3R2P1/5P1P/K6R b - - 3 33	c7a7 d3a3 a7a3	1171	0p13151o
VCWuF	8/2R4p/p3p1pk/4n3/1p2N1P1/r6P/6K1/8 w - - 0 35	g4g5 h6h5 c7h7	1171	0i0p13151o
VMfRt	7k/2p3p1/p6p/1p6/1P1r4/P1n1r1PP/4N1RR/4KN2 b - - 1 27	d4d1 e1f2 e3e2	1171	01191o
X69ps	4r1k1/q6p/p5p1/1p1r4/1Q1P4/P5P1/1P5P/4R1K1 w - - 0 33	e1e8 g8f7 b4f8	1171	0p13151o
X6v0h	8/5ppk/6p1/8/2B2p2/1n5P/3r1PP1/3R2K1 w - - 2 40	c4b3 d2d1 b3d1	1171	010p0t1o
YWb0a	r4k1r/q2R1p2/b1Q1pNp1/p3Pn2/P6p/1B3P2/1PP3PP/4R2K b - - 1 21	f5g3 h2g3 h4g3 f6h5 h8h5	1171	0j0k0y101316191n
YkOZ2	r5k1/1R3rpp/8/3Np3/p2b4/5Q1P/q4PP1/6K1 w - - 0 24	f3f7 g8h8 f7g7	1171	1315191o
a2sLG	3r1rk1/p4p1p/2p2bp1/2q1p3/4P3/1QN2B1P/PP6/R1B1K2R b KQ - 1 19	f6h4 e1e2 c5f2	1171	1315191o
a7aqI	r1b1r1k1/3n2pp/pP3p2/P1qppQN1/2p4B/2n5/B1P2PPP/R4RK1 w - - 0 24	f5h7 g8f8 h7h8 f8e7 h8g7	1171	010i0y1019
aDRHu	r1bq1rk1/5pp1/p2p3p/np2p3/4N2P/2PQ4/PPB3PN/R4nK1 w - - 0 18	e4f6 g7f6 d3h7	1171	0d0y1315191n1o
biJjo	5rk1/5p1p/5Pp1/2Q5/R7/4n1Pq/7P/6K1 w - - 6 49	c5f8 g8f8 a4a8 h3c8 a8c8	1171	050p1013161n
bvCWn	r5k1/p6p/7n/1bb1B3/8/3R3P/P5PK/5R2 w - - 1 37	d3g3 h6g4 g3g4	1171	111315191f1o
chwSc	rn1q1rk1/p1p1np2/1p2p2p/3pP2N/3P4/P1PQ4/2P2PPP/R3K2R w KQ - 0 13	h5f6 g8g7 d3h7	1171	0y111315191o
ckZTP	4r3/1P3p1p/6p1/3K2k1/6P1/4PPb1/6P1/1R6 w - - 5 40	f3f4 g5g4 b7b8q e8b8 b1b8	1171	000g0p101h
cnn9b	6k1/p5bp/6p1/2qr1n2/8/3N4/4Q1PP/R3R2K b - - 4 29	f5g3 h2g3 d5h5 e2h5 c5h5	1171	010d10191n
cqrlv	r2qk2r/ppp1np1p/2nbb1p1/3Np3/2P1P3/5Q2/PPP1NPPP/R1B1K2R w KQkq - 5 10	d5f6 e8f8 c1h6	1171	13151c1o
e0mhc	1q3rk1/pp2bppp/2p5/6r1/1P5n/P3P2P/1BQ2PP1/2RR1BK1 b - - 3 22	h4f3 g1h1 b8h2	1171	0y1315191g1o
e7LK4	1R6/6rk/3p2q1/3Pp3/4Q3/2P4p/7P/7K w - - 6 44	e4h4 g6h6 b8h8 h7h8 h4h6	1171	050g0i0p0r10
es0RW	r6r/1pp1pk1p/6p1/pP1q1b2/5P2/N6N/PK1PQ1PP/3R3R b - - 0 18	d5d4 b2c1 d4a1 a3b1 a1b1	1171	10131619
fEIjF	3r1rk1/ppp2ppR/8/6N1/3b4/3Q2P1/PPPB2q1/2Kb4 w - - 0 24	h7h8 g8h8 d3h7	1171	050y1315191n1o
gQzUG	5k2/pp1Q1p2/3b4/2q5/6p1/2P1B1p1/PP2BP2/R4R1K b - - 0 22	c5h5 h1g1 h5h2	1171	1315191o
gc7JK	r4rk1/1pp3pp/1b1p4/p1PP4/P3Npq1/1P1Q4/5PB1/R4RK1 b - - 0 21	f4f3 d3f3 f8f3	1171	0g191g1o
hOfbC	1r1qr3/5p1k/p3pnpB/1p2Q3/3P3P/2P2N2/P4PP1/R5K1 w - - 3 22	f3g5 h7h6 g5f7 h6g7 f7d8	1171	0g0s10191n
jNwEc	r4rk1/pp3p2/2p1p1pQ/4P2p/3q1P1N/P7/5RPP/R6K b - - 0 27	d4a1 f2f1 a1f1	1171	0t0y1315191o
jctRt	1k5r/1ppr4/3bb1p1/R5B1/8/7P/1PP2PP1/5RK1 w - - 1 21	f1a1 b7b6 a5a8	1171	01191l1o
jn2mp	5k1r/2q1bppp/3p1n2/5N2/1n1BP3/2P2P2/1P1Q2PP/K2R2R1 b - - 0 23	c7a5 a1b1 a5a2 b1c1 a2a1	1171	10131619
kK2PM	5rk1/Q4R1p/6p1/2p5/2Pb4/1P6/P3q1PP/5R1K b - - 0 29	e2f1 f7f1 f8f1	1171	060p13151o1y
kwf5s	8/pBR4p/4b1pk/4N3/3b2PP/8/r7/7K w - - 3 38	g4g5 h6h5 c7h7	1171	0i0p13151o
l1C6Z	8/5p2/4b2k/4Pp1p/3q4/4R1Q1/6PK/8 b - - 7 42	f5f4 g3h4 d4e3	1171	0g0p0s1o
ne29D	5r2/4k2p/2Pp1q2/4p3/2P1P3/Q6P/6PK/5r2 w - - 3 40	a3a7 e7e6 a7d7	1171	0p13151o
oWhgY	8/1Q4pp/2p1qkp1/6r1/1P1Pp3/P3P2r/5PP1/2R2RK1 b - - 1 28	g5g2 g1g2 e6g4	1171	050p13151n1o
pBU1O	5rk1/p1p2pp1/4b2p/2Pp4/1Q2B2q/P4P2/5P1P/n4R1K w - - 0 23	e4h7 g8h7 b4h4	1171	010j191o
pHFE5	6k1/p4pp1/2P4p/3P4/2Q3nq/8/5PP1/2R1K3 b - - 0 36	h4f2 e1d1 g4e3	1171	040f0p13151o
pO0pb	5rk1/5p1p/Q3p1p1/2P5/1P2b3/2K1NnP1/5P1q/3R4 w - - 3 33	e3g4 h2h3 g4f6 g8g7 f6e4	1171	010s1019
pSxaf	6k1/3rn1pp/R4p2/1p2N3/4P3/6P1/Pr2nPKP/8 w - - 0 24	a6a8 e7c8 a8c8 d7d8 c8d8	1171	0p101316
q58p6	3r3k/pQ2R2p/6p1/3Pbp2/8/1Pq3P1/P4P1P/6K1 w - - 0 31	e7h7 h8g8 b7f7	1171	0p13151o1u
qCjPc	5k1r/5ppp/B5b1/1N6/8/6P1/Pr3b1P/2RqR2K w - - 0 23	c1c8 d1d8 c8d8	1171	1315191o
re2ph	r4rk1/pb4p1/1ppb2QR/3p1q2/3PB3/1P2P3/PBP3PP/R5K1 b - - 0 20	f5f2 g1h1 f2f1 a1f1 f8f1	1171	0y101316191n
rgX53	3r4/8/R7/1p1kbpp1/1P3Pb1/3pP3/5KP1/2R5 w - - 0 33	c1c5 d5e4 c5e5	1171	0p1113151o
rgrsO	7r/2p5/p3N3/8/4PnP1/3R4/PPP2k2/1K6 b - - 0 35	h8h1 d3d1 h1d1	1171	060p13151o
wT3sc	r2kr3/ppp2Rpp/8/3q4/Q2B4/8/P5PP/3R2K1 b - - 1 22	d5f7 d4f2 d8c8	1171	010h0t191o
xJpR8	3r3k/4p1bp/p1r1B1p1/1p2B3/8/1P2P1P1/P4P1P/R4RK1 b - - 0 20	g7e5 a1d1 d8d1 f1d1 c6e6	1171	011019
z2cXf	2r3k1/1b3p1p/3Q1p2/p3Pp2/1pq2P2/4R3/P5PP/6K1 w - - 0 32	e3g3 g8h8 d6f6	1171	0p0w13151o
zzXAN	2k3rr/2p2p2/3p3p/pR1P4/4PQq1/8/4KP2/1R6 w - - 2 30	f4g4 g8g4 b5b8 c8d7 b8h8	1171	010p101p
27J9Q	6k1/p2B3p/4r1p1/4Pp2/3p1Q2/2q3Pb/P1P5/1r2R1K1 w - - 0 27	d7e6 g8g7 e1b1	1172	0g0t0w191o
2RsIp	2kr4/1q3p2/p2b2p1/2p5/1P1pP3/BR1Q2Pr/P1P5/1R4K1 w - - 1 33	b4c5 h3g3 d3g3 d6g3 b3b7	1172	0g1019
2jngn	4r2k/7p/R5n1/P4Np1/8/5P2/5P1P/6K1 b - - 0 32	e8e1 g1g2 g6f4 g2g3 e1g1	1172	0p101316
2vYus	R4nk1/5ppp/8/3Q4/8/p7/5PKP/2q5 w - - 0 33	a8f8 g8f8 d5d8	1172	050p13151n1o
317hT	3r1rk1/4bp1p/b3p1p1/N1p1P2n/1q6/1PQ2N1P/P4PPB/1RR3K1 b - - 0 23	d8d1 c1d1 b4c3	1172	0g0i11191o
33Mhd	6k1/2p3bp/6p1/1p3bP1/6qP/3rp3/1P2Q3/2B1NRK1 w - - 2 31	e2g4 f5g4 e1d3	1172	01191o
35jJW	3q4/5kp1/p6p/4Q3/1p4PP/P7/1P6/1K6 b - - 0 34	d8d1 b1a2 b4b3	1172	0p13151i1o
3GgYS	2r1k2r/ppq1nppp/4p3/3pP3/1b6/2P5/P1Q2PPP/RN1RB1K1 w k - 4 16	c2a4 e7c6 c3b4	1172	010s191g1o
5YRpV	1r2kb1r/3p1p2/p2Pp2p/1p2q1p1/1P6/P4Q2/6PP/R4R1K w k - 1 21	f3f7 e8d8 f7f8 h8f8 f1f8	1172	040i10131619
7bLIs	3r4/1pkn2r1/2p1Q3/2b1q3/8/5P1P/6P1/2RR3K w - - 0 35	d1d7 g7d7 e6e5	1172	010w191o
85B3c	6r1/Rpk1qp1p/1n2pp2/7P/3P2r1/2P2N2/Q4KP1/R7 w - - 4 24	a7b7 c7b7 a2a7 b7c8 a7e7	1172	050g10191n1p
8Dp60	2r5/8/2pRP1k1/1p6/6P1/7K/8/8 w - - 0 48	e6e7 g6f7 d6d8 f7e7 d8c8	1172	000g0j0k0p101m
8ZCf3	1r3rk1/5pp1/1b2p2p/4P1n1/2R5/4P1P1/PBB2P1P/1R4K1 b - - 0 24	g5f3 g1g2 f3d2	1172	01191o
8vzAl	6k1/p1p3pp/2p2q2/3p3r/3PbN2/P1P3P1/1P1Q1P1P/R5K1 b - - 1 25	h5h2 g1h2 f6h6 f4h3 h6d2	1172	050g0p101n
8zLVE	2r2rk1/pp3pp1/7p/4PN2/8/2Q4P/PPB1KPqn/4R3 w - - 2 27	f5e7 g8h8 e7c8 g2f3 c3f3	1172	0g0s1019
9FwAC	3rk2r/p2nnppp/1qp1p3/1p6/2p1NQ2/5b2/PP2BPPP/R2R2K1 w k - 0 20	e4d6 e8f8 f4f7	1172	1315191o
9LIZR	1r1q1r2/1p3p2/p2p1k2/4pNb1/4P3/8/bPPQ1PP1/2KR3R w - - 3 22	h1h6 g5h6 d2h6	1172	0q1315191n1o1y
9a0vn	8/4b3/pp2r3/2pk2pR/P2p1p2/1P1P4/2P1NK2/8 w - - 0 45	e2f4 d5d6 f4e6	1172	010p111g1o
9x5jS	r1bqrbk1/5p2/p1n1pn1Q/1p1p2N1/3P4/P1NB3P/1PP2PP1/R3K2R w KQ - 3 15	d3h7 f6h7 h6h7	1172	0y1315191o
9zx5P	6k1/7p/1p1N4/3P2B1/2P5/R2n1bP1/1r5P/5K2 b - - 0 39	b2b1 g5c1 b1c1	1172	0p1113151f1o
A9VwC	6k1/5pp1/Q2q3p/2rP4/1p5P/6P1/5P2/R4K2 b - - 0 29	c5c1 a1c1 d6a6	1172	0g0i0p1o
AcViy	2Q5/3r2pk/1B1p1b1p/p2P1q2/1p4P1/7N/PP6/R5K1 b - - 0 33	f5g4 g1f1 g4h3	1172	0g0s191o
BXOwm	6k1/6p1/5n2/4q3/1Q6/1P3P2/2P3PP/7K b - - 0 39	e5a1 b4e1 a1e1	1172	060p13151o
D9EKz	6k1/p2N1ppp/4p3/3p4/2p2Q2/P7/6PP/2rq1B1K w - - 1 31	f4b8	1172	060p13141b
Drpy8	8/p5p1/1p1Qpn1p/5k2/P1P2N2/5qPK/7P/8 w - - 0 40	d6e6 f5g5 e6e5	1172	0p13151o
EkOM1	1k1r3r/p4bp1/2Q2p1p/2b1p3/8/2P1pNP1/1P3PP1/R3K2R b KQ - 0 26	e3f2 e1e2 f7c4	1172	00041315191a1o
ErsVc	2k5/pp4rp/2PP4/7p/P3p3/4Pp2/5P1P/1RRKQq2 b - - 3 32	f1d3 e1d2 g7g1	1172	0p13151o
GAaO8	B3kbnr/2p2ppp/p2p4/1p2n3/3PP3/5q1P/PP1K1P2/RNBQ3R b k - 2 14	f3d3 d2e1 e5f3 d1f3 d3f3	1172	010r1019
GEoei	r1b2rk1/p1pp2pp/1p2pq2/8/4Pp2/2N2Q2/PPP3PP/R4RK1 w - - 0 13	e4e5 f6e5 f3a8	1172	010j11191o
GZOZd	6rk/1pp2p2/p1n5/2BpP3/8/7K/P3QP2/1Bq3R1 b - - 6 29	c1h6 e2h5 h6h5	1172	1315191o
GwmNo	2kr1bnr/1p4pp/p3p3/2p1P1B1/3qp2N/8/PPP3PP/R2Q1RK1 w - - 0 14	d1d4 c5d4 g5d8	1172	0g191o
GyZ6U	Q5R1/4Pk2/8/1pB3p1/1P2r3/6KP/6P1/2q5 b - - 0 42	c1f4	1172	0p13141b
HNUMm	2kr2nr/ppp2ppp/2p5/8/4P3/P1qb4/2PBQPPP/R4RK1 w - - 0 14	e2g4 c8b8 d2c3	1172	0g191o
HSWIX	4k3/1q1R1p2/p7/1p2Pp2/4N3/1B3K2/PPP2P1P/5R2 b - - 0 24	b7e4 f3g3 e4g4	1172	0p13151o1s
Hkzm4	N5k1/pp4pp/2p5/5p1q/3PnP2/1P1QRRPr/PBP5/5K2 b - - 4 25	h3h1 f1e2 h5h2 f3f2 h2f2	1172	0r10131619
IBZ4v	6k1/2R2ppp/3p4/3q2B1/8/5b1P/1PQ2PPK/r7 b - - 4 26	d5e5 g5f4 e5f4 g2g3 a1h1	1172	0p0s1013161d
KG4Q4	5r1k/6p1/5q1p/1Rp5/6Q1/2P4P/6P1/6K1 b - - 0 42	f6f1 g1h2 f1b5	1172	0g0p0s1o
KxsJP	1r5k/2Q2R2/1r5q/p2p3P/P2Pp3/4P3/2PN2P1/2K5 b - - 0 36	b6b1 d2b1 h6e3 c1d1 b8b1	1172	0i0p1013161n
LVAkG	1r1qnr1k/6pp/p3Q3/1p4p1/2PP1N2/1P1R4/5P1P/5RK1 w - - 0 27	f4g6 h7g6 d3h3	1172	1315191n1o
LkcdP	r1b4k/p4rqp/1p4p1/2p2p2/2B5/1P6/PQ1P1PPP/4R1K1 w - - 0 23	e1e8 f7f8 e8f8	1172	0y1315191g1o
LvKp3	5r2/ppq2pkp/6p1/8/6NP/1B6/PP3QK1/8 w - - 6 30	f2f6 g7g8 g4h6	1172	0p13151o
MX8bF	3rR3/p1p2ppk/7p/1p6/8/P1P2QP1/5PKP/3q4 w - - 3 30	f3f5 g7g6 f5f7	1172	0p13151o
MhCD7	r3k2r/pppbq1pp/3p1n2/3Pnp2/1QP5/2N2N2/PP2BPPP/R1B1K2R b KQkq - 0 11	e5d3 e1f1 d3b4	1172	0g191g1o
MnVgu	r4r1k/pp4pp/2p1Bp2/4qP2/3b4/P1p4R/4Q1PP/5R1K w - - 2 31	h3h7 h8h7 e2h5	1172	050y1315191n1o
N8ndn	6k1/1b3pbp/p2p2p1/1p2q3/3pP3/1Q3PP1/B1r4r/3RR1K1 w - - 0 31	b3f7 g8h8 f7g8	1172	0s1315191o
NEKDh	2k1r3/ppq1r2p/4Rpp1/3p4/P1Q3P1/2P4P/1P6/1K2R3 w - - 0 28	c4c7 c8c7 e6e7 e8e7 e1e7	1172	050g0p10111k
NNpTa	q1r3k1/4rpp1/1R1Q1b1p/np1Pp3/8/2P1BN2/1P3PPP/4R1K1 b - - 0 23	a5c4 d6b4 c4b6	1172	010s191o
NYTY5	2r3k1/PQ3pp1/7p/3p4/8/7q/4KP2/R3R3 b - - 9 40	c8c2 e2d1 h3d3	1172	0p13151o
Naznp	1r1R1b2/p2b1kpp/1p2p3/5pr1/8/5P2/PPP2P1P/3R3K w - - 0 24	d1d7 f7g6 d8b8	1172	010p1o
NsABB	7k/4nprp/5Q2/4pp2/2p1P3/2N1bPqP/P5B1/3R3K w - - 3 34	d1d8 e7g8 d8g8 h8g8 f6d8	1172	0506101316191g1n
OwSF7	5r1k/1ppR2pp/p7/4b3/4Q3/1P2B1P1/P1P1qP1P/6K1 b - - 4 22	e2e1 g1g2 f8f2 e3f2 e1e4	1172	0g0p10
QycN8	3r1Nk1/2R3pp/p5q1/1pQ5/5p2/Pb3P1P/1P4PK/4R3 b - - 0 37	g6g3 h2h1 g3e1	1172	010s11191o
R02jq	1k1r3r/pp3R1p/5p2/6pP/3p4/PP4n1/3K4/R5B1 w - - 2 34	g1h2 b8a8 h2g3	1172	010p1g1o
Rkls5	rqbr2k1/1p3pbp/p3p1p1/4N3/P7/2R2N2/1PP1QPPP/3R2K1 b - - 7 20	d8d1 e2d1 g7e5 d1d8 g8g7 f3e5 b8e5	1172	0111191w
RpWro	6rr/1RQ5/p3kp2/4p3/2P2n1P/3P4/5PP1/3R3K b - - 0 31	h8h4 h1g1 g8g2 g1f1 h4h1	1172	0p101316
Rx9xq	r3k2r/3qbpQ1/p3p3/1pp5/3B1Pb1/1P1P2PN/P1P4P/R4RK1 b kq - 0 22	d7d4 g7d4 c5d4	1172	01191o
SCeey	3r4/6k1/6p1/8/8/r1R4P/3n1PP1/1R4K1 w - - 2 40	b1b7 g7h6 c3a3	1172	010p1o
SMr9J	r1bqk1nr/ppp3pp/2nb4/4Np2/4p3/1P2P3/PBPP2PP/RN1QKB1R w KQkq - 2 8	d1h5 g7g6 e5g6	1172	0g1c1o
ScuuX	2r3k1/p2R2pb/1pn5/7Q/2P2p1B/1P6/q6P/6K1 w - - 0 38	h5f7 g8h8 f7g7	1172	1315191o
SeLCl	4r3/ppq2p1k/3p1bp1/2pP1P1p/2P4r/P3BQ2/1PR2P1P/6RK w - - 1 28	f5g6 f7g6 f3f6	1172	0g0j191o
TS6oE	r3b2r/ppp2B2/3p1p1p/6k1/4PpP1/2P2P2/P1P3KP/4RR2 w - - 8 23	h2h4 g5h4 f1h1 h4g5 h1h5	1172	050p1013161d
U4qd0	4R3/5p1k/6pp/6rr/8/3PQP1P/P4RPK/3q4 b - - 4 35	h5h3 g2h3 d1g1	1172	0p13151n1o
UG4Z2	1qr3k1/2r2Rpp/p3Q3/8/8/7P/5PPK/8 w - - 0 33	f7c7 g8h8 e6c8 b8c8 c7c8	1172	060j0k0p101316
UNDzG	r1b3nr/ppk2ppp/1bp5/2QPq3/8/B7/P4PPP/RN3RK1 w - - 0 19	d5d6 c7b8 c5e5	1172	0g0j1c1o
UaU6U	3rrk2/ppp2pp1/8/4b3/2Q5/1P1B4/P1P2PP1/1RB1K3 b - - 0 26	e5c3 e1d1 e8e1	1172	0k0m1315191d1o
V0Rzj	8/2p2p1p/2pkrQ2/8/p7/6P1/3q2PK/8 w - - 8 43	f6d8 d6e5 d8d2	1172	010p1o1p
V7WsM	r1q2rk1/ppp5/4pB1p/2nP4/2PQ4/2Pb4/P4PPP/R5K1 w - - 1 19	d4g4 g8f7 g4g7 f7e8 g7e7	1172	0r0y10131619
VxBSd	2r3k1/5pp1/p6p/1p3q1N/2nPp3/P6P/1PP2PQ1/3R1KR1 b - - 0 28	c4e3 f1e1 e3g2	1172	0g191g1o
W9O5m	3r1rk1/1Q3pbp/p4np1/6q1/2BB4/7P/PP3PP1/2RR2K1 b - - 0 21	d8d4 d1d4 g5c1	1172	010i191o
WJVoR	3k3r/p1R5/2p1p3/1N1p4/P4qp1/B7/4K1PP/8 w - - 0 28	a3e7 d8e8 b5d6 f4d6 e7d6	1172	010p0r10
WKmm6	r1b1r1k1/ppR3pp/4p3/6q1/2B3p1/5Q1P/P4P2/4R1K1 w - - 0 23	f3f7 g8h8 f7e8	1172	0s1315191o
WWxLS	2r2rk1/5pq1/4p1p1/3n2N1/pp1Q4/2P4R/PP3PP1/2K4R w - - 0 26	h3h8 g7h8 h1h8	1172	0y1315191o
ZL4yQ	r1bqkb1r/pp3ppp/4p3/2ppP3/6nP/2P5/PP2PP2/RNBQKB1R w KQkq - 0 8	d1a4 c8d7 a4g4	1172	010s1c1o
ZpZLW	2r4k/7P/8/7q/1N3R2/pP1P1p2/P4Q2/3K4 b - - 4 46	h5h1 f2e1 c8c1 d1c1 h1e1	1172	050g0i0p0r10
a6J9v	3r1rk1/p1q2ppp/2pbpn2/1N6/2Q2P2/4B3/PPP3PP/3R1RK1 b - - 5 16	c6b5 c4c7 d6c7	1172	01191o
aa3cs	2r5/8/1p3p2/p3k3/P2pP3/1P1P4/2P1KR2/8 b - - 4 51	c8c2 e2e1 c2f2 e1f2 e5f4	1172	040g0p10111m1z
ahfRq	4r1k1/p4ppp/1p6/7n/2B2N1q/2Q2RP1/PPP2K1P/R1Br4 b - - 0 22	h4h2 f4g2 h2g1	1172	1315191o
bAF8s	rnb1Q1nr/1pq3k1/p2NpP2/3p4/8/P7/1PP2PPP/R3K1NR b KQ - 0 18	g8f6 e8f7 c7f7	1172	0g1c1o
bk8Di	8/p7/4pp2/2p5/1PP2kP1/8/P3K1P1/8 b - - 0 43	c5b4 c4c5 f4e5 e2d3 e5d5	1172	0g0p101e
cr2aR	2kr1b1r/ppp2p2/4p2p/1P4p1/2P1b3/P1BnN1R1/4BP1P/R3K3 w Q - 3 20	e2d3 e4d3 c3h8	1172	01191o
cyhOR	r1b2rk1/ppp2ppp/2n1pn2/8/5B2/2qB1Q2/P1P1KPPP/R6R w - - 2 12	d3h7 g8h7 f3c3	1172	010j191o
dNxhc	r5k1/r2b1pbp/1Np3p1/N1Pnp3/p7/2P5/PP1B1PPP/R3RK2 b - - 5 19	d5b6 c5b6 a7a5	1172	01191o1t
ebqHx	r6r/p1p2pk1/1p2p1p1/4P1Q1/6N1/7P/Pq4P1/5R1K w - - 5 30	g5f6 g7g8 f6f7	1172	0p13151o
eh8Wk	r1bq1b1r/1p2k3/p1n2p1p/2P1p2Q/B2pN3/8/PPP2PPP/R3K1NR b KQ - 1 12	d8a5 c2c3 a5a4	1172	010s191o
eiNo2	r4r2/1b1kq1Q1/p3p3/1p1p1p2/3P4/3B2P1/PP4P1/1KR5 w - - 7 37	c1c7 d7c7 g7e7	1172	01050i191o
exC15	4r2r/pp5P/2p1pkp1/5p2/2PP1KPR/P1P1P3/8/7R b - - 0 35	g6g5 f4f3 g5h4	1172	0g0p0s1m1o
fNQMc	8/6QP/8/4Kp2/1p6/1P6/5k2/3q4 b - - 0 59	d1a1 e5f5 a1g7	1172	0g0p111i1o1p
fOCFU	1k1rr3/p1p3pp/3b4/3Q1pq1/2Rp4/1P1P3P/PB3PP1/5RK1 b - - 7 20	d6h2 g1h2 d8d5	1172	0g0j191o
fX0zh	7k/1pp2p1q/p2p1r1p/P1b3pN/6P1/2P4P/6P1/5Q1K w - - 0 30	f1f6 h8g8 f6d8	1172	0p13151o
iiLr2	r4r2/pp3kp1/5p2/8/6Q1/2P3P1/PP4q1/2KR4 w - - 4 32	d1d7 f7g8 g4g7	1172	0p13151o
jkb3e	r1bqr2b/pp1nk2p/3ppn1B/6N1/2B1P3/2p5/PPPQ1PP1/2KR3R w - - 2 15	d2d6	1172	1314191b
joP33	5rk1/2R2p2/4p1p1/7p/Q6P/3P1P2/6PK/4q3 b - - 0 31	e1e5 f3f4 e5c7	1172	0g0p0s1o
kl75C	q4br1/2kB1p1p/4pp2/1Q6/N3r3/1P5P/PBP3P1/3R3K b - - 12 27	e4e1 d1e1 a8g2	1172	0j0y1315191n1o
kyjse	6b1/q3R1pk/1ppQ1r1p/1p6/1P4R1/7P/5PP1/6K1 b - - 3 38	a7a1 g1h2 f6d6	1172	0g0p1o
l5gHg	r2r3k/pb3p1N/1p2p1pB/7q/1p2P2Q/8/P4PPP/5RK1 w - - 1 22	h4f6 h8h7 f6g7	1172	0y1315191n1o
lMTWs	4r1k1/6p1/R5Np/8/4P2P/p1p3P1/6PK/8 b - - 1 44	c3c2 a6c6 a3a2 c6c2 a2a1q	1172	000g0p101h
m06e3	3nk3/pp2r3/8/7p/2Q2N2/3P3P/PPPK2P1/R1B2q2 b - - 8 37	f1e1	1172	1314191b
nYnNA	7k/ppb2rpp/5p2/8/2Q3P1/7q/PP3P2/4R1K1 w - - 0 29	e1e8 f7f8 e8f8	1172	060p13151o
nhXpW	2kr4/ppB1b3/2b1pn2/2p5/2Pp2p1/P2P2P1/1P1N1P1K/R2Q1R2 b - - 0 19	d8h8 h2g1 h8h1	1172	1315191d1o
o0ABg	8/Q7/1p3K2/1k6/1N1P1P2/2r5/8/1q6 w - - 0 54	a7a6 b5b4 a6b6 b4a3 b6b1	1172	0g0i0p101n1p
oaOlo	8/8/p7/1pPk4/1P1nr3/1PKRR1p1/8/8 b - - 0 51	e4e3 d3e3 g3g2	1172	000g0p1o
pNbQm	5rk1/3N1ppp/4p3/p2bP3/3P3R/p5R1/2r3PP/7K w - - 0 29	d7f6 g8h8 h4h7	1172	030p13151g1o
po3IK	4k3/2Qb4/3p4/4p2p/2Bq4/3P4/1rP2RP1/6KR b - - 2 34	b2b1 g1h2 d4h4	1172	1315191o
po84A	8/3k1p2/p4qp1/1p1P1n2/4QP2/1B5P/PP2R1PK/2r5 b - - 6 34	c1h1 h2h1 f5g3 h1h2 g3e4	1172	01050p0s101n
pofcW	4r3/8/7p/4PK1k/8/4R3/8/8 w - - 1 56	e3h3	1172	0p1113141b1m
qBK3X	r3r2Q/b3k3/2p4p/4P1p1/p2P1n2/2P2RPq/P4P2/R5K1 w - - 2 32	h8f6 e7d7 f6d6 d7c8 d6c6	1172	0g0i0r1019
qMMfE	8/2r5/p1P4p/4k2r/1P6/P5K1/6Bp/3R4 w - - 1 48	d1d5 e5e6 d5h5	1172	0g0p1o1p
qXh68	1k1r4/pp3pPp/8/3qP3/8/P5P1/1PR1Q2P/2K5 b - - 0 26	d5h1 e2f1 h1f1	1172	0p13151o
qrhMa	r2qkb1r/pp3p2/3p2p1/2pNp2p/3nP2P/2NPQ3/PPP3B1/2KR3R b kq - 3 16	f8h6 e3h6 h8h6	1172	0g191g1o
rAoQS	5rk1/p4ppp/8/8/3q4/5Q2/P1r3PP/4RR1K w - - 0 24	f3f7 f8f7 e1e8 f7f8 f1f8	1172	0p1013161n
ruVTs	r4r1k/p1p1Nppp/4p3/1p6/1npP3R/2q2P2/P2R2PP/4Q1K1 w - - 4 22	h4h7 h8h7 e1h4	1172	02050y1315191n1o
sDEhd	rn1qkb1r/1p2p1pp/p1p2p2/2PpN3/3Pn3/4P2P/PP2QPP1/RNB1K2R w KQkq - 0 10	e2h5 g7g6 e5g6 h7g6 h5h8	1172	01101c
smS06	r1b1k1nr/ppqp1pbp/4p1p1/2Q5/3P4/1P6/PBP2PPP/RN2KB1R b KQkq - 0 10	c7c5 d4c5 g7b2	1172	0g1c1o
tcjkW	3rrqk1/3R2pp/p4p2/1p2p3/2p1Q3/8/PPP2PPP/3R2K1 w - - 6 24	e4d5 g8h8 d7d8 e8d8 d5d8	1172	0g0p10
v9MJV	8/7p/8/8/k1K5/8/7r/1R6 w - - 0 49	b1a1 h2a2 a1a2	1172	0p13151m1o
vKL9v	2k4r/p2q4/1p1Q1p2/6p1/1P2P3/P4NBr/2P2P2/R3R1K1 b - - 0 23	h3h1 g1g2 d7h3	1172	1315191o1u
wYJtl	6k1/5pp1/1q2p2p/3pP3/8/R4N2/p5PP/R6K b - - 1 41	b6b1 a1b1 a2b1q	1172	000g0p1h1o
x2Krl	2R2bk1/5p2/p2B3p/1p1P2p1/3q4/7P/P1QNrPP1/6K1 b - - 6 28	d4f2 g1h2 f2g2	1172	1315191o
x9Y7Q	8/pp6/2p3kP/3p1b2/8/2P1pNKP/PP6/8 w - - 4 37	f3h4 g6h6 h4f5	1172	0g0i0p1o
xIZVR	r5k1/p3b1pp/8/1p1q4/2pBQ3/P1P2rNP/1P3PK1/R4R2 b - - 3 23	f3g3 f2g3 d5e4	1172	0g191g1o
xaLtp	r1b2rk1/pp3ppp/2n5/4p3/8/P1QBqN2/1PP3PP/1K1R2R1 w - - 0 16	d3h7 g8h7 c3e3	1172	0g0j191o
xnBnK	4r3/pppk1p2/3p2pb/3P1b1p/2P1N3/P3RP2/1P1N2PP/2K5 w - - 1 24	e4f6 d7d8 e3e8	1172	0j0p0s13151o
xvMry	4Q3/1pq4p/p3p3/3pPpN1/1P2bPk1/P5P1/5K1P/8 w - - 12 33	h2h3	1172	0p13141b
yLbUE	2kr3r/ppp2p2/2n2p1p/5b2/Q1B2q1P/2P2N2/P4PP1/4RK1R w - - 2 17	c4e6 f5e6 a4f4	1172	0g0j191o
yWHfK	r1b3k1/2R2r1p/4p1pP/8/pp2P3/1P6/P1P3P1/2KR4 w - - 2 35	d1d8 f7f8 c7g7 g8h8 d8f8	1172	0i0p101316
ykIAH	2r2rk1/5p2/3p1Rp1/3Q4/2q1P3/7P/6P1/6K1 w - - 0 26	f6g6 g8h7 d5h5	1172	0p13151g1o
yvQtS	r4r1k/1pR3p1/p2pB2P/3Pp3/4b2Q/8/3K1q1P/2R5 w - - 0 33	h4f2 f8f2 d2e3 f2f3 e3e4	1172	011019
2GhNo	8/8/pp2k3/2P2ppp/1P1Kp3/1r4PP/5P2/2R3N1 b - - 4 47	b3d3 d4c4 b6b5	1173	0p13151o
3EuUf	1k6/2p5/1P6/8/4q3/1QP5/5r2/KR6 b - - 0 38	e4a8 b3a4 a8a4	1173	0p13151o
4Icp7	3r1rk1/ppp2pp1/2n4p/2p1Pq2/6b1/P2P2P1/1PP1N1BK/R1B1QR2 b - - 0 17	f5h5 h2g1 g4e2	1173	01191o
4RrTI	5rk1/p4ppp/2R1p3/4P3/3P4/4P3/qr3QPP/5RK1 w - - 0 25	f2f7 f8f7 c6c8 f7f8 f1f8	1173	0p1013161n
4XCd1	r2q2rk/pp1n4/4pnQ1/2p5/2P2R2/2N3p1/PP4PP/R5K1 w - - 4 20	f4h4 f6h7 g6h7	1173	0y1315191o
5KcYB	r4rk1/pp4pp/4N3/3p1pq1/2n5/4P3/PPP3PP/R2Q1RK1 b - - 0 16	g5e3 f1f2 e3e6	1173	0g0s191o
5aiWb	r1b1kb1r/1p1pNppp/p3p3/8/2B1P3/2N1B3/PqP2PPP/R2QK2R b KQkq - 0 9	b2c3 e3d2 c3c4	1173	010s0t1c1o
6YUKB	5k2/p4ppQ/1p1p1q1P/2rbr3/8/3B4/P4PP1/R4RK1 w - - 1 25	h7h8 f8e7 h6g7	1173	000g0i191o
6qyQa	8/Pq4k1/5pp1/2P4p/1P6/6P1/8/Q2K4 b - - 6 51	b7h1 d1c2 h1a1	1173	0g0p1i1o1p
778Gi	5br1/p1p3pp/8/6R1/4r2k/3q1P2/3B2PP/5RK1 w - - 2 33	g2g3 h4h3 g5h5 e4h4 h5h4	1173	10131619
7BSZZ	rnbqr1k1/1p4bp/p2p2p1/6N1/6n1/2N4P/PP2QPP1/R1BR2K1 w - - 2 15	e2c4 c8e6 g5e6	1173	011c1o
7jgAo	r2q1rk1/pppn2pn/3p1b1p/3P4/5B2/2N2N1P/PP2QPP1/R3R1K1 b - - 6 16	f6c3 b2c3 f8f4	1173	010j191o
8RXTE	8/8/1p1k4/1Pp2pK1/P1P1p3/5P2/8/8 w - - 0 46	f3e4 f5e4 g5f4	1173	0g0p111e1o
8bsdf	8/3k4/8/RN1p2r1/1ppp4/1P1P4/PKP5/8 b - - 0 44	c4c3 b5c3 d4c3 b2a1 g5g1	1173	0p101316
99GYH	r2qr3/1pp2bkp/5p2/p6B/5B2/P2P4/3Q3P/RNK5 w - - 3 20	f4h6 g7h8 h5f7	1173	0g0i1112191o
9mh6k	r1bq2k1/1pp2R1p/3p2pB/p2P4/2P5/1P6/P3r1PP/b4QK1 w - - 0 19	f7f8 d8f8 f1f8	1173	0s1315191o
AHY7T	1q3r1k/7b/1p1b1n1Q/3pp3/7B/8/B4PP1/7K w - - 1 40	h4f6 f8f6 h6f6 h8g8 a2d5	1173	0r10131619
AHoG1	6k1/5qp1/p6p/5N2/P1rp1nQ1/2Pn2N1/5PPP/6K1 w - - 0 35	f5h6 g8f8 h6f7	1173	01191g1o
AQf8i	8/5rk1/8/p7/1b6/1P2Qqp1/PK4R1/8 w - - 6 56	g2g3 f3g3 e3g3	1173	010p0s111o1y
AQziC	8/r3k1p1/4p2p/4Q3/3P2q1/2B5/1P4P1/7K w - - 9 43	e5c5 e7e8 c5a7 g4d1 h1h2	1173	0g0p0s10
AXQ4c	2kqr3/pp5p/2P2p2/P2r4/3Nn3/2P1n1B1/Q5PP/R5RK b - - 0 30	e4g3 h2g3 d5h5	1173	0y1315191o
B6OUs	5r1r/1pp3pp/p2k4/3pR3/3n1NP1/P6P/1PPK4/5R2 w - - 2 28	e5d5 d6c6 d5d4	1173	010p0s1o
DAZbi	8/8/p2R4/q5pk/2p5/2b2r1P/P1P2PP1/6K1 w - - 0 34	g2g4 h5h4 d6h6	1173	0p13151o
Dk4zp	5rk1/1b1qbppp/4pn2/p2p4/Pp1P1B2/1B1P4/NP2QPPP/2R3K1 w - - 2 20	c1c7 f8c8 c7d7	1173	01191o
EF0Ev	5k2/1pr3pp/4Rp2/3Qp3/7P/3P2P1/5PK1/2q5 w - - 6 47	d5d8 f8f7 d8e8	1173	0p13151o1u
ESRt5	rn3rk1/ppp3pp/3b4/3q4/5B2/3B2Pb/P1P2P1P/R2QR1K1 w - - 3 17	d3h7 g8h7 d1d5	1173	0g0j0y1c1o
ElN32	8/8/r5p1/k4p1p/1R3P2/1Kp2PP1/8/8 w - - 0 57	b4a4 a5b5 a4a6 b5a6 b3c3 a6b6 c3d4 b6c6 d4e5	1173	0g0p1m1w
Fyp27	r5rk/pppq2bp/3p4/3Pp3/2PnpB2/7R/PP4PP/R2Q2K1 w - - 0 20	h3h7 h8h7 d1h5 g7h6 h5h6	1173	050y101316191n
GQnLy	3r4/1b2k3/p3P1n1/2pP4/2B4r/2P3K1/PP6/3RR3 w - - 3 31	d5d6 d8d6 d1d6 e7d6 e6e7	1173	000g1019
GQq0t	4qr1k/8/4Q2p/2p1p1p1/8/2P2P2/P2r2PP/4R1K1 w - - 2 35	e6h6 h8g8 h6g5	1173	0g0p1o
HfKcx	kr1q4/7R/p1pP4/1pP3N1/2nr4/P1R2QP1/1P4P1/1K6 b - - 0 35	c4d2 b1c2 d2f3	1173	0g0s191o
HvXqW	2r1k3/pp1R4/2p1p2r/8/4P2p/1B3PB1/PPP2bPK/3R4 b - - 0 28	h4g3	1173	0k0m1314191b1f
IneM0	k6N/1p4p1/p4n1p/7P/r1PP1B2/bQ6/qPK2P2/1R5R b - - 2 33	a4c4 b3c4 a2c4	1173	0g191g1o1y
Jj2ZC	4rbk1/Qb3p2/2qp1p1p/2p5/4P3/1P3PB1/2P3PP/3RR1K1 b - - 12 30	e8a8 a7a8 b7a8	1173	0111191o1t
K90Ux	5rk1/5pp1/5n1p/3pQ1q1/3P1N1n/4PP1P/PP2R1P1/2R3K1 b - - 0 31	h4f3 g1h1 f3e5	1173	010y191g1o
KUvlG	1k5r/pp6/3q1p2/2QPn3/6rp/P3P3/1BR2PP1/5RK1 b - - 1 26	e5f3 g1h1 d6h2	1173	1315191g1o
KgKJi	2b1rr1k/5pp1/p6p/1p1p4/2pP1Q1R/4P2R/PPq3PP/6K1 w - - 0 35	h4h6 g7h6 f4h6 c2h7 h6h7	1173	0y101316191n
LIcr4	8/pq4kp/4pp2/PP6/8/5QP1/1R4KP/2r5 b - - 0 48	c1g1 g2g1 b7f3	1173	010i0p1o
M04UH	r5b1/p3R3/1p3B1k/6p1/1P6/1n1BP3/1P3K2/8 b - - 0 40	a8f8 f2g3 f8f6	1173	010p111g1o
MJKjS	r1r3k1/5ppp/1p3b2/1P1p4/3P4/B1q4P/1Q3PP1/R3R1K1 w - - 3 25	e1e8 c8e8 b2c3	1173	0g0i11191o
N9V17	r7/6pk/6bp/p1Q5/3p3P/1q6/1PP2R2/2K3R1 b - - 0 36	b3e3 f2d2 e3g1	1173	0g0p0s1o
NU70g	3r2k1/5ppp/2Q5/8/2P5/1P1q1p1P/P4PP1/5RK1 b - - 3 28	d3f1 g1f1 d8d1	1173	050p13151n1o
PFyEq	1k4r1/1pp2pr1/p7/2qR3p/8/P1N5/1PP1QRPP/6K1 b - - 2 27	g7g2 g1f1 g2g1	1173	1315191g1o
PHpm3	8/1p2r3/k1p2RRP/3r4/2K5/8/8/8 w - - 6 56	f6c6 b7c6 g6c6 a6a5 c4d5	1173	0g0p0r1011121m1n
PXpiw	6k1/pp1R1p1p/6p1/8/8/3K2BP/1r3bP1/8 w - - 0 31	d7d8 g8g7 g3e5 g7h6 e5b2	1173	0g0p0s10
Ph9Oz	3n3r/p2Pk1p1/2PR1p1p/8/6P1/8/P7/6K1 w - - 1 35	c6c7 e7d6 c7c8q	1173	00010p1h1o
QMH40	8/p4pk1/1R4pq/2p1p2r/2P1P1n1/1P4P1/P3QPB1/3R2K1 b - - 0 29	h5h1 g2h1 h6h2 g1f1 h2h1	1173	0d0i0y101316191n
QWgVN	r5k1/5ppp/p2pqn2/1p2p1B1/8/1P3Q2/1P3PPP/1K1Rr3 w - - 0 25	f3a8 f6e8 d1e1	1173	0g0t0w191o
QXRrs	1k1r1r2/pp5p/2nqB1pQ/4p1B1/8/2P5/PP3RPP/R5K1 b - - 0 21	d6d1 a1d1 d8d1 f2f1 d1f1	1173	0y101316191n
R83f3	r6k/1b1P1Bbp/pp4p1/8/P7/6Q1/1PP1q2P/4RRK1 b - - 1 24	g7d4 f1f2 e2e1	1173	0i1315191g1o
RUHDz	8/4n1pp/2r1pp2/pkB5/1p2KP1P/1p3B2/5P2/2R5 w - - 4 29	f3e2 b5a4 c1a1	1173	0p13151f1o
RZnFS	8/4Rppk/p5qp/8/8/1P3Q1P/r4PP1/6K1 b - - 3 30	a2a1 g1h2 g6d6 f3g3 d6e7	1173	0g0p0s10
T8e71	8/6Rp/8/5p2/4p3/5k1r/4N3/5K2 w - - 5 50	e2g1 f3f4 g1h3	1173	0g0p0s1o
TSPrc	r1b1kbnr/5pp1/p1n2q1p/1p1p2N1/Q4P2/4B3/P2NB1PP/2R2RK1 w kq - 0 17	e2b5 a6b5 a4a8	1173	0g191g1o
TUEez	1br1k2B/pp3p2/2nqp1p1/3p2N1/8/1P4nP/P1PP1PP1/R2Q1RK1 b - - 0 17	g3e2 d1e2 d6h2	1173	0d0y1315191n1o
Tkgeb	8/8/3pRp2/5Pp1/1pP2kP1/3p4/2B2K2/8 b - - 0 43	d3c2 e6e1 b4b3 f2e2 b3b2	1173	000g0p10
UaZTr	8/2N5/1r6/k1b1p3/3p2p1/3P2P1/8/1R1K4 w - - 18 60	b1a1 a5b4 c7d5	1173	0g0p1o
VPiGf	6k1/4bp2/p1p3Pq/2p1r2p/P7/1P1P3P/2P3Q1/5RK1 w - - 0 29	g6f7 g8h8 g2g8	1173	000k0m0p1113151o
VaZfc	5r1k/6pp/p3Q3/6q1/8/2pP4/P1N3RP/7K b - - 0 31	f8f1 g2g1 g5g1	1173	0p13151o
VmBrc	8/8/1k2K1p1/7p/5P1P/1P4P1/1b6/8 w - - 0 49	e6f7 b6c6 f7g6	1173	080g0p111o
W141u	rq2kbr1/1bpnp3/p2pN2p/1p6/3P3p/2N5/PPP1BP2/R4KR1 w q - 0 18	e2h5 g8g6 h5g6	1173	111315191o
WBKAj	2kr3r/pbp2N1p/1pq3pP/4Pn2/3R4/6Q1/PPP3P1/1K1R4 w - - 1 26	d4d8 h8d8 d1d8	1173	111315191k1o
X5LSe	2rr2k1/pb3ppp/1p2pb2/2qN4/2P1Q3/3B4/P4PPP/2R2RK1 w - - 2 18	e4h7 g8f8 h7h8	1173	0y111315191o
Y5Iww	r4q1r/1p3k2/2p1p1p1/3B1p1p/3Q1P1P/1PP5/1KP5/3RR3 b - - 0 29	f8a3 b2b1 a3a1	1173	1315191o
ZOn79	4r3/ppp3b1/3p1r2/3Pp1k1/2P1Pp1R/5Pp1/PP1NK1P1/3R4 w - - 2 28	h4g4 g5h6 d1h1	1173	0p13151o
Zo2oS	r2n2k1/pp1r3p/q2P4/3R1p2/1PN1pP2/P7/6QP/3R2K1 b - - 1 32	d7g7 g2g7 g8g7 b4b5 a6a4	1173	0g0h10191g
a45WM	8/1p4k1/p1p3p1/5q2/1P3P1Q/P6P/1KP5/8 b - - 2 36	f5f6 h4f6 g7f6 b2c1 f6f5 c1d2 f5f4	1173	0g0p1i1w
aGBKU	1r5k/3RPBpp/8/8/5PP1/3n2KP/4p3/2b5 w - - 0 33	d7d8 b8d8 e7d8q	1173	00060p0s13151h1o
bV0tW	4R3/2p2k1r/3n1pN1/1p1p4/3P4/pP4Q1/P1P2PP1/1K6 b - - 0 28	h7h1 e8e1 h1e1	1173	0p13151o
cTSXK	5rk1/p4qpp/bp6/4Np1r/2P3n1/1P4P1/P3QPP1/1B1RR1K1 b - - 0 25	h5h1 g1h1 f7h5 h1g1 h5h2 g1f1 h2h1	1173	050y1317191n1w
cuE6n	2r3k1/1pr3b1/6Q1/p1pR4/P1P1P1P1/1P3B1P/6KP/4q3 w - - 0 39	g6e6 c7f7 e6c8	1173	0g0i191o
d7Tlq	B6r/p5k1/5p2/1Qb2qpp/8/6BP/PPP2P2/2K1R3 b - - 0 24	c5e3 f2e3 f5b5	1173	0g0j191o
dGDVo	3r2k1/1p3p1p/2p2Qp1/1p6/3q4/P6P/1P4P1/4R2K w - - 2 32	e1e8 d8e8 f6d4	1173	010i0p111o
dPvNH	rnbk3r/pp2p2p/5bp1/2p5/2B5/8/P1PB1PPP/3R1RK1 w - - 0 16	d2a5 d8e8 d1d8	1173	0k0m1315191d1f1o
emnD8	2kr2nr/pppbqp2/3ppb2/3Pn2p/2BQP1p1/P1N1B3/1PP1NPPP/R3K2R b KQ - 2 14	e5f3 g2f3 f6d4	1173	010j191o
iFNcu	8/5R2/4P1k1/1p3ppp/8/1P1Bq2P/6P1/7K w - - 2 41	d3f5 g6h6 f7h7	1173	0p13151d1o
iInjS	1b5r/p2Q4/PpB4q/1Pp1k1p1/8/2P1P1p1/5P1P/3R2K1 b - - 0 35	h6h2 g1f1 h2f2	1173	0p13151o
iR5i1	8/pQ3p2/3kp3/3r4/5q2/P2B4/2P3P1/3K4 w - - 4 44	b7b8 d6e7 b8f4	1173	0g0p111o1p
jkENf	r5k1/4b1pp/2b1P3/2pq3Q/5P2/8/1B4PP/5R1K w - - 0 30	h5f7 g8h8 f7g7	1173	0s1315191o
jyo68	r3k2r/pp3ppp/2N1pn2/2b5/4q3/3Q4/P1P2PPP/R2R2K1 w kq - 0 16	d3d8 a8d8 d1d8	1173	1315191n1o
kbBjD	8/1q3pk1/6p1/4P2p/P4P2/5QP1/P1R3KP/3r4 b - - 2 39	d1g1 g2g1 b7f3	1173	010i0p1o
mCF4R	3r4/6p1/1pk4p/n3pp2/2P5/R3PP2/3NK1PP/8 b - - 4 38	d8d2 e2d2 a5c4 d2d3 c4a3	1173	050g0p0s1011
mCQ2y	r1bqk2r/1pp2pQ1/p7/2bpP3/8/2NB4/PPP3PP/R1B2R1K b kq - 0 17	h8h2 h1h2 d8h4	1173	050y13151c1n1o
mTeyK	3k1r2/2pn2bp/3pp1p1/7n/4Pp1q/2NP4/PPP2QPP/R1B2K1R b - - 2 16	h5g3 h2g3 h4h1	1173	0g191o
nf7HK	2Q5/r3p3/p1P2kB1/1p2p3/Pp6/7K/5qP1/8 w - - 2 45	c8f8 f6e6 f8f2	1173	0g0p111o1p
nydZJ	6k1/2B3pp/2p1p3/2PpNp1Q/8/4P1PB/5PKP/qr6 b - - 7 33	b1g1 g2f3 a1d1 f3f4 d1h5	1173	0g0p101p
o0biY	rnbqk2r/p3b1pp/2p1p3/2PpN3/3Pp3/4P3/P4PPP/RNBQK2R w KQkq - 2 11	d1h5 g7g6 e5g6 h7g6 h5h8	1173	01101c
p2eAy	8/2p4p/3kb1p1/p4p2/P1P1p3/1B6/1rP1KPPP/R7 b - - 2 24	e6c4 b3c4 b2c2	1173	010i0p111o
pPTbn	r2qkbnr/pp2pppp/2n3b1/1Bp5/3P1B2/5NN1/PPP2PPP/R2QK2R b KQkq - 3 8	d8a5 c2c3 a5b5	1173	010s1c1o
pb6Hz	5k1b/p3n2p/1p1N1ppP/3q4/3p2P1/8/PP3P2/2R1R1K1 w - - 2 31	c1c8 e7c8 e1e8	1173	0p13151n1o
q790j	1rk5/7p/pBp1p1p1/4P1P1/5P1P/P3r3/PK6/3R4 w - - 3 27	d1d8 c8b7 d8b8 b7b8 b6e3	1173	0g0p0r10
qTZMT	8/6k1/4Qrp1/5p1p/8/P7/1PP3q1/1K1R4 w - - 3 41	d1d7 g7h6 e6f6 g2f1 b1a2	1173	0g0i0p10
tI8ev	6r1/PR6/3p1k2/3p1P1K/3p2P1/3P4/8/8 b - - 2 45	g8h8 b7h7 h8h7	1173	0p13151m1o
tImy5	r7/ppp2pk1/1P1p4/4pP1b/2B5/2PP1Pq1/1P6/R2Q2RK b - - 5 24	h5f3 d1f3 a8h8 f3h5 h8h5	1173	0r0s101316191n
ut8Kr	3r1rk1/pp3pb1/1q4pp/3Rp3/8/1Q2P3/PP2BPPP/R1B3K1 b - - 0 19	b6b3 a2b3 d8d5	1173	010b0w11191o
v10hi	3r1rk1/pp1qppbp/2p1b1p1/4N2n/2PP4/3BB2P/PPQ2PP1/2R2RK1 b - - 10 16	g7e5 d4e5 d7d3 c2d3 d8d3	1173	011019
vEDT7	3k3r/1rpP1p1b/8/1p1Q2pp/4nP1q/2N1P2P/PP1B2PR/R5K1 b - - 4 21	h4f2 g1h1 e4g3	1173	0y1315191o
vPmgb	r1b2kr1/pp1q1pn1/3P2pp/1p2Q3/6P1/8/PPP2P1P/2KRR3 w - - 1 22	e5e7 d7e7 d6e7 f8e8 d1d8	1173	0010131619
vbz4u	r1b2rk1/p1p1qpp1/1p3n1p/3p1Q2/3P2N1/2PBP3/P4PPP/R4RK1 w - - 8 16	g4f6 e7f6 f5h7	1173	0y1315191o
vewFI	r1b1k2r/2p2ppp/p2p4/N7/3PP1n1/2Q5/PqP2PPP/RN2K2R b KQkq - 1 14	b2c1 e1e2 c1h1	1173	01191o1p
vjGep	2r2rk1/1p2bpB1/p1bp4/5q2/P1P5/1P3pP1/3Q1KP1/R6R w - - 0 27	h1h8 g8g7 d2h6	1173	0y1315191n1o1u
vjX4f	r5k1/1bpp1ppp/pb6/1p2Q3/7q/1B5P/PP3PP1/RNB1R1K1 b - - 0 17	h4f2 g1h2 f2g2	1173	0y1315191o
vkwih	r2qr1k1/bpp2pp1/p2p1n1p/P3p3/1P1NP3/2NPB2P/2P2PP1/1R1Q1RK1 b - - 0 16	e5d4 e3d4 a7d4	1173	010s1c1o
y3fmo	4r2k/4r1p1/7p/1PN5/P2Q4/2P2pPP/4qP2/2B2RK1 b - - 4 31	e2f1 g1f1 e7e1	1173	051315191n1o
yBs9J	1q3k2/pp3p1p/2r1P1p1/5n2/5P2/6P1/1Q2P2P/5R1K w - - 2 32	b2h8 f8e7 h8b8	1173	0g0p1o1p
yvUNF	3r2k1/pp6/2p1bp2/4p1p1/2P1P3/P1n2P2/1KP2BP1/5B1R b - - 2 22	c3d1 b2b3 d1f2	1173	0g0p0s1o
zbbvg	4r3/5kpp/2Q1p3/2BpPp2/5P2/6P1/7K/5q2 w - - 18 46	c6d7 f7g6 d7e8	1173	0g0i0p1o
zvKqK	3r3q/2p5/k1npQ3/p1P1Np2/8/P2P2B1/2K2PP1/1R6 b - - 0 32	c6d4 c2d2 d4e6	1173	0g0s191o
1XtcI	3r2k1/3P1p1p/1p3p2/5N2/5P2/P5P1/2pn1K1P/4R3 w - - 0 31	e1e8 d8e8 d7e8q	1174	000p13151h1o
2PtxV	k5r1/3R4/p1pNp3/P6p/1Pn1K2P/2P3P1/8/8 b - - 2 37	g8g4 e4d3 c4e5 d3e3 e5d7	1174	0g0p0s10
2RqG2	4k3/1p1r2p1/p1nq1p1p/3Bn3/P3P3/2Q4P/1R4PK/1R6 b - - 13 39	e5f3 h2h1 d6h2	1174	0k0m1315191o
2pnUd	2r1r2k/pp4pp/5Nq1/3Q4/8/3P2BP/PP2nPK1/3R1R2 b - - 0 26	e2f4 g2h2 f4d5	1174	01191g1o
3RO1O	5r1k/pp4pp/8/3B2q1/2pP3n/2P4Q/P1P2RPP/6K1 b - - 0 25	g5c1 f2f1 f8f1	1174	0p13151o
3Tzk4	1r2r1k1/3p1ppp/p2P4/Pp3N2/2p1n3/2P5/5PPP/R3R1K1 w - - 4 25	f5e7 e8e7 d6e7	1174	00010p0y1o
3aYll	4r1k1/8/8/p7/3B2p1/P1P5/3NpKP1/1R1b4 b - - 1 44	e2e1q	1174	000p13141b1h
3eI2a	1kr5/p1p3p1/1p6/PPNrpqPp/7P/2Q5/1K6/2R5 w - - 0 31	c5a6 b8b7 c3c6	1174	0p13151k1o
3jNPy	r1b1k1nr/b2n4/p1p1pq1p/1pPp2P1/3P4/P1NB4/1P1N2PP/R1BQ1RK1 b kq - 0 17	f6d4 g1h1 d4d3	1174	010s191o
3nNVj	8/8/pR1p4/3kp1BP/5p2/r7/6K1/8 b - - 2 47	a3g3 g2f2 g3g5	1174	0g0p0s1o
7HYr0	1r6/1P1Q4/3p1ppk/3Pb3/2r4P/7K/6P1/1R6 b - - 0 42	c4c3 g2g3 c3g3 h3h2 g3b3 h2g2 b3b1	1174	0g0j0k0p1w
8MQPC	5rk1/1p5p/p2q2p1/8/5pN1/2Qpp2P/PP4P1/2R3K1 w - - 2 30	g4h6	1174	0p13141b
8QeUd	3r1rk1/2p1np2/5R1p/1p2N1B1/1P6/2P4P/6P1/Rb5K b - - 0 25	d8d1 h1h2 h6g5	1174	010w191o
8WH7T	6k1/p4ppp/5q2/2pQ4/P7/2P3P1/2r2r1P/5RK1 w - - 0 30	d5a8 f6d8 a8d8	1174	060p13151o
9CFNM	8/5pk1/R6p/1p4n1/6K1/5r2/2R2P2/8 b - - 0 43	f7f5 g4h5 f3h3	1174	0p13151o
9m9mv	4r1k1/pp3rp1/2p1p1p1/3p2Q1/P1PPP3/1P4P1/6RP/2B1n2K b - - 1 28	f7f1 g2g1 f1g1 h1g1 e1f3 g1f2 f3g5	1174	01050p0s1w
9zRcx	8/1p6/p1pkb3/4b1p1/2PBB1p1/1P2P3/P2K1P2/8 w - - 3 37	c4c5 d6d7 d4e5	1174	080g0i0p11121o
Acoy2	4r2k/5pp1/7p/1p6/pP1q4/P3N3/5KPP/3RQ3 b - - 6 39	d4f4 f2g1 e8e3	1174	0g0i0p1o
At7Dj	6rk/3n1p1p/3p1Pp1/3Pp1P1/4P2Q/5R2/3qB1KP/8 w - - 4 41	h4h7 h8h7 f3h3	1174	050p13151n1o
BZu2v	r6r/pppb3k/1nn1R1p1/3Q1p2/6Pq/8/PPPB1P1P/4R1K1 w - - 10 25	e6e7 h4e7 e1e7 c6e7 d5f7	1174	10131619
DHFwg	1k4nr/5ppp/pq6/1p2P3/1Q2B3/8/PP3PPP/6K1 w - - 4 24	b4f8 b8c7 f8f7 g8e7 f7e7	1174	010p0r10
DLX6g	8/4r3/2p1r3/4Bkpp/5P2/2R2KPP/8/8 w - - 2 42	g3g4 f5g6 f4f5 g6h7 f5e6	1174	0g0p0s10
E8LC9	8/1p4pk/3p2pp/1p6/1Q1Pp1P1/r6P/q1PK1P2/R6R b - - 7 29	a3d3 d2e2 a2c2	1174	010i0p1g1o
EVDsM	r5rk/1pp5/3p1R1P/6N1/p2P1P2/2P1P3/PKQ4R/5q2 b - - 3 40	a4a3 b2b3 f1b5	1174	0q1315191o
FBS2w	6k1/6b1/3p1rB1/3PpNpQ/1pp5/1P4P1/r4qPK/4R3 w - - 2 38	h5h7 g8f8 h7g7	1174	1315191o
FQynG	8/6k1/6P1/p7/P1pr4/6RK/8/8 b - - 1 41	d4d3 h3h4 d3g3 h4g3 c4c3 g3f3 c3c2	1174	000g0p1m1w
GRwbp	3rr3/pp3kpp/6n1/2R5/8/1P1q1N2/PQ3PPP/5RK1 b - - 1 33	d3f1 g1f1 d8d1 f3e1 d1e1	1174	05101316191n
GgyAP	6R1/pp3r2/8/8/PP3p2/5K1k/5p2/8 w - - 0 46	g8h8 f7h7 h8h7	1174	0p13151m1o
GqVI3	r2r2k1/5pp1/p3p3/8/2Q2P1p/2PpR2q/PP3B1P/3R2K1 b - - 1 31	h3g4 g1f1 g4d1	1174	0g0s191o
ITrVu	4r2k/ppp1Nppp/3pn3/8/4PPP1/4K1P1/Pr6/3R3R w - - 2 30	h1h7 h8h7 d1h1 b2h2 h1h2	1174	02050p0y1013161n
Iu8mb	6k1/pQ1P2p1/4P2r/2b3p1/2p2p2/2Pq1P2/PP4PP/4RR1K b - - 2 32	h6h2 h1h2 d3h7	1174	050p0y13151n1o
JlBen	2k3r1/1pp2pr1/p2p4/6R1/2P1PP2/qP4p1/P3Q2P/3R3K w - - 0 30	e2g4 c8b8 g5g7 g8g7 g4g7	1174	010p10
MKlWc	5r1k/1p3Bpp/p1pp4/4bQ2/4PR2/3K3P/P5q1/8 w - - 2 33	f5h7 h8h7 f4h4	1174	050p13151f1n1o
MhlFQ	r4rk1/1pp3p1/1p1p4/3Pp3/5qQn/P1P3N1/1P3P1N/R3R1K1 b - - 0 27	f4f2 g1h1 f2g2	1174	0y1315191o
MmNw0	3r2k1/1p2qp1p/p2p2p1/3B4/3QP1Rb/P4P1P/1Pr2P1K/6R1 w - - 0 24	g4g6 h7g6 g1g6 g8h7 d4g7	1174	0y101316191g1n
MoK7x	2r1kb1r/p1Q2pp1/Npq1p2p/8/1P2pPn1/2P1B3/P5PP/R2R3K w k - 4 26	d1d8 c8d8 c7c6	1174	0g191o
Mq4YT	r3r1k1/2pb2p1/p2b3p/1p2n3/3q4/P2B4/1PP2NPP/R1BQR1K1 w - - 2 22	d3h7 g8h7 d1d4 e5f3 g2f3	1174	010j1019
NHqRD	3rr1k1/2p2ppp/2pbb1q1/p2p4/3B1P2/1BP4P/PP3QP1/3R1RK1 w - - 2 21	f4f5 g6f5 f2f5 e6f5 f1f5	1174	010s1019
QiEbl	3r1r2/pp3kpQ/2p5/2PpqpP1/1P3R2/1B2P2P/P4P2/4K2b w - - 0 25	f4f5 e5f5 h7f5	1174	0g0s191o
Qm7hI	4r2k/p1p3pp/3qn3/8/3NQ3/3P3P/PP4P1/5RK1 b - - 0 30	d6d4 e4d4 e6d4	1174	010p1o
Rdzr6	r1b2rk1/1ppp1ppp/8/p1b5/2P5/PP2qNK1/1B2Q1PP/R4B1R b - - 3 13	c5d6 g3h3 e3h6	1174	01191o
UJPaC	4k3/pp4Rr/7P/6P1/2p5/5P2/8/6K1 b - - 1 35	h7g7 h6g7 e8f7	1174	0g0p1m1o
UKxvv	6k1/6pp/p7/1p1pN1P1/3PnPQ1/P7/1P4RK/2r1q3 w - - 12 39	g4e6 g8f8 e5d7	1174	0f0p13151o
UVh7q	3r2k1/1bqr1pp1/B1p4p/2P1p3/1P1pP3/P6P/4QPP1/R4RK1 b - - 0 24	d4d3 a6d3 d7d3	1174	01191o
V8VXn	r6r/1pp1kp2/p2p4/1P1Pp3/P1B1P1P1/2P2p1P/5b1K/5R1R b - - 1 27	h8h3 h2h3 a8h8	1174	050p13151f1n1o
WB47E	4k3/R7/1p3K2/4N1p1/1P6/P4p2/2r5/6r1 w - - 2 44	a7a8 c2c8 a8c8	1174	0p13151o
WRkRx	3r3k/3P1r2/p7/8/P5K1/1R6/8/3R4 b - - 0 48	d8g8 g4h5 f7h7	1174	0p13151m1o
YAy4Q	1R1q1rk1/4bpp1/3p1n1p/2pP4/b1N1P3/2nBBN1P/4QPP1/5RK1 b - - 0 22	c3e2 d3e2 d8b8	1174	0g0w191o
ZzBB4	r5k1/pp1b2pp/2p1p3/3p4/6n1/8/Pq2BQPP/5RK1 w - - 0 22	f2f7 g8h8 f7f8 a8f8 f1f8	1174	060s101316191n
aecQ9	r3k2r/p4ppp/b1p1p3/2q5/8/1Nn5/PPP2PPP/R1BQK2R b KQkq - 3 13	c5e5 c1e3 c3d1	1174	0g191o
bS1c7	5r1k/pb5r/2p1pp1Q/1pPq4/1P1P4/P5R1/5PPP/4R1K1 w - - 1 31	h6f8	1174	0t0y1314191b
bfyFr	5r2/3q2kp/p2pr1p1/1ppn4/4P3/P2P3R/1P1Q2PP/5RK1 w - - 0 25	d2h6 g7h8 f1f8	1174	0i0x1315191o
d0VQe	r1bq1nk1/1p3pbp/2p3p1/p3p2n/P3P2N/2N2Q1P/BPP2PP1/4R1K1 w - - 0 19	f3f7 g8h8 f7g8	1174	0y111315191o
dQe5Z	6rk/ppb4p/5q2/3b1P2/1P1p4/P6R/3Q2B1/6KR b - - 2 39	g8g2 d2g2 d5g2	1174	0g0s191o
dV67Q	7r/8/p1p1pk2/8/3Ppq2/P1P1RbRP/2P2P1K/6Q1 b - - 1 30	h8h3 h2h3 f4h6	1174	050p13151g1n1o
dXTQP	3r2k1/3rqpp1/3p4/3QB3/P3P3/5P1p/1P4PP/R2R2K1 b - - 0 27	d6e5 d5d7 d8d7	1174	01191o
dXj6l	4B1k1/p6r/7b/3p4/4N2r/1PP5/P5P1/R4RK1 b - - 0 27	h6e3 f1f2 h4h1	1174	1315191g1o
dYbqu	8/8/8/4P2Q/3p1q2/4k3/5p2/5K2 w - - 1 59	h5e2	1174	0p1113141b1i1s
dZoXF	r4r1k/pp2bpp1/1q1p2P1/3n1Pp1/2P2p2/3Q4/PP2B1P1/R3K3 w Q - 0 19	d3h3 h8g8 h3h7	1174	1315191o
dtPfi	5r2/6kp/1rp3p1/2p1p3/3BP3/1P1b3P/4R1P1/1B4K1 w - - 0 36	d4e5 g7h6 b1d3	1174	010p0w1o
eNsY7	Qn3rk1/p7/2p4p/4pP2/6n1/6P1/P1q3P1/1R3RK1 w - - 0 29	b1b8 c2c5 g1h1 f8b8 a8b8	1174	0g1019
eW1t5	4k3/1p4Q1/p4Kp1/2pq2N1/8/1P6/8/8 w - - 8 54	g7e7	1174	0p1113141b
fNWM3	k2r3r/1p6/pR1N4/P2Np3/5p1P/2K2n2/2P5/6q1 w - - 0 39	d5c7 a8a7 b6b7	1174	1315191o1x
fPkv9	5rk1/R4ppp/4p3/3pN3/1P1Pn3/1qR1Q3/5PPP/6K1 b - - 0 26	b3d1 e3e1 d1e1	1174	1315191o
fQ2m8	r1q5/1b2bpk1/p2p4/1p2p2Q/5r2/2P5/P1B2PP1/3RR1K1 w - - 0 24	h5h7 g7f6 h7h6	1174	1315191o
fQ5kx	r1bq1rkb/4p3/p2p1pPP/2p5/3P4/4Bn2/P1BN1K2/7R w - - 0 24	h6h7 g8g7 e3h6	1174	000y1315191o
fashn	8/7p/3p2pk/7q/1P6/P4Q1P/6P1/3r1R1K b - - 6 34	h5f3 g2f3 d1f1	1174	0b0g0p1g1o
fymT1	1r6/R3b1k1/2Qp2pp/4ppN1/2P4K/3P2P1/3BPP1P/5q2 b - - 5 33	h6g5 d2g5 b8h8	1174	1315191o
g2Q5Z	5k2/r4ppp/1r2p3/6P1/NP2P2P/K1p2P2/2PbR3/R7 b - - 0 34	a7a4 a3a4 b6a6 a4b3 a6a1	1174	01050p101n1p
g5A0W	5B2/5k2/1p5p/8/7N/P2p2P1/7P/6K1 b - - 0 38	d3d2 f8b4 d2d1q	1174	00010p1h1o
gAFYZ	r2qk2r/pp1nbppp/8/1B1p4/3P2Q1/8/PP3PPP/R1B1K2R b KQkq - 1 13	d8a5 c1d2 a5b5	1174	010s191o
hMKY9	7k/b1q2b2/p4ppp/1p2pN2/1P2P1PP/P4P2/2BQ3K/8 w - - 0 38	d2h6 h8g8 h6g7	1174	0p0y13151o
iD9BI	8/8/P4R1K/2k4p/3p3P/3P4/r4p2/8 b - - 2 53	a2a6 f6a6 f2f1q	1174	000g0i0p1g1h1m1o
iV3F2	r5k1/4b3/pq1pP2p/1p1np3/1P6/7R/P1P3PP/5Q1K w - - 0 26	f1f7 g8h8 h3h6	1174	0p0w13151o
iZdbR	3Q4/1pp5/1k5p/8/4q2P/2PRP3/PP3Pr1/1K6 b - - 6 32	g2g1 b1c2 e4a4 b2b3 a4a2	1174	0p101316
ifek5	8/pk4p1/1p2p3/5pp1/4nP2/5KP1/PP1B2Br/3R4 b - - 0 36	g5g4 f3e3 h2g2	1174	0g0i0p1o
inn8A	3r1k1r/1Q6/3P2q1/3N2B1/1np3Pp/7P/PP6/R2KR3 b - - 0 31	g6c2	1174	1314191b
iwVkw	r4r1k/6p1/p6p/1p1QP3/P1q5/2P3P1/6PP/1R1R3K b - - 0 25	f8f1 d1f1 c4d5	1174	0g0i0p1o
kASkx	4r1k1/pb3pp1/1p1q3p/3p4/5P2/2PQ4/PPB1rP1P/4R1K1 w - - 0 23	d3h7 g8f8 h7h8 f8e7 e1e2 d6e6 e2e6	1174	0g0v0y191w
l96ua	8/8/4k1pB/7p/4PK2/b4P2/P7/8 b - - 1 46	a3c1 f4g3 c1h6	1174	01080p1o1p
m3CiN	3r4/2q2pkp/1R4p1/p7/2r5/P4Q1P/5PP1/1R4K1 b - - 0 23	c4c1 b1c1 c7c1 g1h2 c1c7	1174	0g0p10
mBOAf	8/5P2/8/8/8/1kp2R2/7r/2K5 b - - 0 54	h2h1 f3f1 h1f1	1174	0p13151m1o
mX1JP	8/8/8/8/5k2/5rp1/1PR3K1/8 w - - 4 51	c2c4 f4e3 c4c3 e3e4 c3f3	1174	0g0p101m
n334d	4r3/pp1R1rkp/8/8/4N1P1/1P4P1/P1P5/7K w - - 3 34	d7f7 g7f7 e4d6 f7f8 d6e8	1174	050g0p0s10
nWWmP	4rb1r/pp4pp/n3N3/5k2/3p4/P7/1PP2PPP/R3R1K1 w - - 1 23	e6d4 f5f6 e1e8	1174	0g0j191o
nXQ92	6k1/3pq1pp/4p3/1bP1N3/1P3Q2/8/r2R2PP/6K1 b - - 2 40	a2a1 g1f2 a1f1	1174	0g0p111o
ngcdO	5rk1/1p1rppbp/2p1q1p1/4P3/BP3B2/5QPP/7K/1R3R2 b - - 0 28	e6a2 h2h1 a2a4	1174	010s191o
ngwbs	3r1rk1/2p2pp1/B6p/4n3/8/P1N5/1P1R1R2/6K1 b - - 0 26	d8d2 f2d2 e5f3 g1f2 f3d2	1174	050g0r0s1019
nowhG	r7/p1p1rpk1/2p5/3pPp2/8/1P6/P1P4R/5R1K w - - 0 29	f1g1 g7f8 h2h8	1174	0p13151m1o
nq5oJ	r1b2rk1/pp1p1pbp/2n1pnp1/8/1q2P3/1NNBB3/PPP2PPP/R2Q1RK1 w - - 0 11	e3c5 b4c5 b3c5	1174	0g0s111c1o1t
nx1YA	rnb4k/pp1pq2p/1bp2p2/3Q4/3P4/8/PPPB1PPP/RN2R1K1 b - - 1 15	e7e1 d2e1 c6d5	1174	010y191o
oIbSZ	8/p3Rr1k/3r3p/3P2p1/6P1/1PQ2pKP/4R3/1q6 b - - 1 42	b1g1 e2g2 g1g2	1174	0p0q13151o
oXdk7	r3k2r/1pp5/p1nq1p2/3p1b2/3Pn2p/PN1BPPp1/1P2Q1PP/2R1NRK1 b kq - 0 18	g3h2 g1h1 e4g3	1174	000g0y191o
p448N	3k4/P5Q1/2p5/2K5/3P3P/8/8/5q2 b - - 0 51	f1b5 c5d6 b5d5	1174	0p1113151i1o
p4Xj8	4N1k1/p5pp/8/3Pq3/1Pp5/P7/3Q3P/2KRn3 b - - 0 35	e5a1	1174	0p13141b
pETkt	r2r1k2/1p3ppp/1q2pQ1b/7P/3N4/pPP5/P4P2/1K1R2R1 w - - 4 26	d4e6 b6e6 d1d8 a8d8 f6d8	1174	0g0i0j10191g
r1t9H	5r2/p1p5/2p5/4R3/1kN4p/3P4/PPP3K1/2r5 w - - 8 42	a2a3 b4a4 b2b3	1174	0p13151o
rV4oD	r4rk1/2p2ppp/8/2pP4/5P2/4p3/PPb3PP/K1R2BNR b - - 1 20	a8a2 a1a2 f8a8 f1a6 a8a6	1174	05101316191f1n
rr09T	4nk2/p4ppp/2p1b3/5NQ1/8/1P3PPK/P3q2P/8 w - - 8 31	g5e7 f8g8 e7e8	1174	0i0p13151o
rucDd	r6r/pbk3b1/1p1Rp2p/1Bp1Pnp1/3n4/5QB1/PPP2PPP/6K1 w - - 4 20	d6d7 c7c8 f3b7	1174	1315191o1u
rwZ7V	r7/p6p/8/2p1Q3/4b2k/1P3qR1/P4P1K/R7 b - - 7 30	f3f2 g3g2 f2g2	1174	0p13151o
tIU0T	6k1/ppbr1rpp/5B2/3p2Rq/5P2/1P1QP3/P4P1P/6RK b - - 2 23	h5f3 g1g2 f7f6	1174	01191o
tY1cR	4bk2/7p/p3R1p1/Ppp2p2/2P2P2/1r3P1P/5BK1/8 w - - 0 41	f2c5 f8f7 e6e7 f7f6 e7e8	1174	0g0i0p0r10
trViq	1kr5/pp4qp/3p2p1/3P4/2P1P2P/1P1R1r2/P1Q2P2/2K4R b - - 1 23	g7a1 c2b1 a1b1 c1b1 f3d3	1174	0g0p0r10111k
u2uUc	4r3/pp3qk1/2p2n2/3p1P1p/5Q2/2NB4/PPP2bPP/2K2R2 b - - 3 24	f2e3 f4e3 e8e3	1174	0g0s191o
v3Qna	8/k7/1p4p1/1K1p1p1p/3P1P1P/6P1/8/8 w - - 1 42	b5c6 a7b8 c6b6	1174	0g0p1e1o
vFrGq	6kr/Q4pp1/8/4P3/3KB2p/6q1/PB6/R7 b - - 4 32	g3f2 d4d3 f2a7	1174	0g0p0s1o1p
wMbti	6r1/pkp5/2p3r1/2R4p/5p2/P2P1P2/1P2P2P/2R2K2 b - - 0 26	g6g1 f1f2 g8g2	1174	090p13151m1o
wjv3T	4q1rk/3R2p1/1p4Pp/p7/P4P2/4P2Q/5P1K/2q5 w - - 0 49	h3h6 g7h6 d7h7	1174	0p13151n1o
x3sCN	1r3rk1/2p2p1b/Qp1pn2p/2bNp3/2P1P1q1/P2P1N2/1P3PB1/R4RK1 w - - 2 22	d5f6 g8g7 f6g4	1174	0g0s191o
x4PY3	r2qkb1r/pp2pppp/2p2n2/3p4/3PNP2/2PQPN2/PP4PP/R1B1K2R b KQkq - 0 9	d5e4 d3e2 e4f3	1174	010s1c1o
xHJI2	2r3r1/pp2np1k/3q1n1p/4pP2/3p2PQ/2P3RP/PPB2P2/3R3K w - - 0 32	g4g5 g8g5 g3g5	1174	01191g1o
yrj5v	5rk1/2Q2ppp/8/7P/5P2/4q2P/p1P3B1/6RK b - - 0 29	e3g1 h1g1 a2a1q	1174	0001050p111h1o
zGKts	4R2Q/5k2/5pp1/p1p1p3/1p2P3/5P1p/P1q3PP/6K1 b - - 1 49	c2g2	1174	0p13141b
zMTmJ	r3k2r/p2b1ppp/3q4/5P2/1p1pP3/3Pp1P1/PP2Q1BP/R4RK1 w kq - 0 19	e4e5 d6e5 g2a8	1174	010j191o
zYU2r	1rb1rn1k/8/pq1pNnp1/2pP4/2P1P3/Pp1B2N1/1P1Q4/1K1R4 w - - 0 28	d2h6 f6h7 h6g7	1174	0y111315191o
zeIoM	8/2B2pp1/5k2/3Bp2p/6n1/5K2/P1r3P1/8 w - - 0 29	c7d8 f6f5 d5e4 f5e6 e4c2	1174	010p0s10
zrDYv	8/6Qp/p7/4r3/1Bp2p2/1qP2k2/8/5K2 w - - 1 43	g7g2 f3e3 g2e2	1174	0p13151o
0NtlP	R4Q2/5p1k/2pP2pp/2Pr1q2/8/7P/P4PP1/6K1 b - - 3 38	d5d1 g1h2 f5f4 g2g3 f4f2	1175	0p101316
0ViRA	5rk1/pR3ppp/4p3/1N6/3P4/3Q1N2/PP3nPK/4q3 b - - 5 25	e1h1 h2g3 f2d3	1175	0g191o
0oRbO	3k4/8/8/3p2qp/1b6/8/6B1/B4R1K w - - 0 37	a1f6 g5f6 f1f6	1175	010p0s1o
2Du1n	1k1r3r/ppp2ppp/3b1n2/3Pn2q/Q5P1/2N2N2/PP2BPP1/R1B2RK1 b - - 0 13	e5f3 e2f3 h5h2	1175	0y1315191o
2GI6H	r5k1/ppp3pp/3p4/4p1q1/2P3bn/3PP2P/PP3QPN/5RK1 w - - 0 20	f2f7 g8h8 f7f8 a8f8 f1f8	1175	06101316191n
2qJQX	3R1bk1/4pp2/p5p1/1pq1B2p/2b1nP2/P4B2/1PP3PP/1K1R4 w - - 0 23	d8f8 g8f8 d1d8	1175	050y1315191f1n1o
35eKV	rnb1k2r/pp1p1ppp/2p2q2/8/2PbP3/2N5/PP2QPPP/R1B1KB1R b KQkq - 1 9	d4c3 b2c3 f6c3 e2d2 c3a1	1175	0g0s101c
3FNps	2Q5/5p1k/8/5K2/4n1RP/2p5/2q2PP1/6N1 b - - 1 33	e4d6 f5e5 d6c8	1175	0g0k0m0p0s1o
3frpb	4rr1k/ppqb2p1/2pb3p/3P1p2/2PNn3/1Q5P/PB3PP1/1BR1R1K1 b - - 4 23	d6h2 g1f1 e4d2	1175	0f0y1315191o
3mZgF	1k2r1r1/pp5p/2n1p3/2N2p2/8/P5PP/1P4P1/2R2RK1 w - - 1 26	c5d7 b8c8 d7f6 e8f8 f6g8	1175	0g0p0s10
4A21l	4Q3/8/p4kpp/1p2b3/1P2pp2/P1P2qPP/4nB1K/R4R2 b - - 0 31	f4g3 f2g3 e5g3	1175	0s1315191o
4T50k	5r2/p1p1p1kp/bp2q1p1/3Qp3/1PP1N3/8/P3B1PP/R5K1 b - - 1 22	e6d5 c4d5 a6e2	1175	01191o
4uU6B	6rk/pp1nBQpp/3P4/4p3/8/7R/1q3PPP/2rR2K1 w - - 5 24	h3h7 h8h7 f7h5	1175	051315191n1o
5Nqpf	r1r3k1/p4ppp/6q1/3p2n1/N7/1PP2P2/P4QPP/R4RK1 b - - 0 23	g5h3 g1h1 h3f2	1175	0g0y191g1o
5OYNq	3r2k1/5pp1/p3r2p/q7/1PR5/3pQ1P1/P2R1PKP/8 b - - 0 34	a5d5 e3f3 d5c4	1175	0g0p0s1o
76tr7	2r1r2k/p2R3p/4n1p1/5p2/P1P2P1q/5B2/1RQ1P2P/6K1 b - - 4 27	h4e1 g1g2 e6f4	1175	111315191o
8Do2u	5b2/5K2/7p/pBp4P/P7/1k6/8/8 w - - 0 79	f7f8 c5c4 b5c4 b3c4 f8g7	1175	080g0p0t10
948w0	6k1/3q2pp/5p2/p1p3n1/2N1PP2/PP4P1/1BQ3KP/8 b - - 0 30	d7h3 g2g1 g5f3 g1f2 h3h2 f2f3 h2c2	1175	0g0i0p1p1w
96tej	4B3/1b6/3k3b/p3p3/1p2P3/PP1K4/2N5/8 b - - 0 44	b7a6 e8b5 a6b5	1175	0p1113151o
9feTz	4R3/p4ppk/1rp2p2/q4b2/2pP1Q2/2P3P1/PP3PP1/K1B5 b - - 6 25	a5a2 a1a2 b6a6	1175	050p13151f1n1o
9mRZF	r2qrb2/p4pk1/4p1P1/1p1pP1P1/2p5/2P1P3/PPB2P2/R3K2R w KQ - 1 22	h1h7 g7g8 g6f7	1175	001315191o
A099O	rnb2rk1/ppp2ppp/4pn2/8/2pP4/P1N1P3/1qBQ1PPP/R3K1NR w KQ - 0 11	c2h7 g8h7 d2b2	1175	010j1c1o
Aif07	5rk1/p3r1pp/Q1p2q2/1P1p4/8/2P5/P4RPP/5RK1 b - - 0 26	f6f2 f1f2 e7e1 f2f1 f8f1	1175	0p1013161n
BVVGp	8/p2r3p/R7/3pkpp1/2rR4/4P1P1/P4PKP/8 w - - 2 32	f2f4 g5f4 g3f4	1175	0p13151m1o
BrKmA	7r/3nrpp1/p6p/1k1n4/3R4/2P2P2/P1PK1P1P/4R3 w - - 0 27	d4d5 b5c6 e1e7 c6d5 e7d7	1175	010p0t0w10
BwbrZ	7k/pQ3pp1/7p/b1P5/3P2Pq/8/PP4PB/4rBK1 b - - 2 33	e1f1 g1f1 h4e1	1175	050p13151n1o
CzFB2	8/4nk2/4p1p1/6P1/1KpPbB2/2P4P/2P5/1B6 b - - 5 40	e7d5 b4c5 d5f4	1175	010p0s1o
DE81C	1k4r1/1ppqbp2/5p1p/1N2n3/Q2NP3/8/PP3P1P/R3RK2 b - - 2 20	d7h3 f1e2 h3d3	1175	1315191o
EI24j	5rk1/p2P1pp1/8/p1Q3Np/2q2P2/3b3P/6PK/8 w - - 0 32	c5f8 g8f8 d7d8q	1175	00050p13151h1o
EfXbm	rnb1k2r/pppp1Npp/8/2b5/2B1n2q/8/PPPP1PPP/RNBQ1RK1 b kq - 2 6	c5f2 f1f2 h4f2	1175	010y1c1o
EoJgW	1r6/p1k5/3pp3/6p1/2r1p2p/P1R1P3/4KPPP/1N5R b - - 0 33	b8b2 e2d1 b2b1	1175	010p0v1o
Ev3Bn	6k1/p1b2pp1/2P2r2/3p3p/3P3r/4P2Q/PB3P2/4R1RK b - - 1 31	h4h3 h1g2 h3h2 g2f1 h2f2	1175	0q0r0t10131619
FgC2X	2r5/1pq2k2/p3RnrQ/3p4/1P6/P1P2P1P/6P1/4R1K1 w - - 1 29	e6e7 c7e7 e1e7 f7e7 h6g6	1175	0g0r0s1019
GPca9	8/P3k3/6pp/1P1K4/8/r7/5P1P/8 w - - 1 52	b5b6 e7d7 b6b7 a3a7 b7b8q	1175	000g0p101h1m
Gv9GA	6k1/7p/6p1/2R5/2P5/5P1P/2r4r/1R3K2 b - - 0 33	h2h1	1175	0p13141b1m
HXzAg	3r1r2/5p2/5Nkp/p2b1pB1/2R5/2P4P/5qP1/3Q3K w - - 2 30	d1h5 g6g7 h5h6	1175	1315191o
HdOfc	8/pp3pk1/4pp1p/2b5/8/2P3P1/PP1QqPP1/3R2K1 b - - 4 27	c5f2 g1h2 e2h5	1175	0p13151o
Hz8eh	r1b1R1r1/p1pn1k1p/5p2/p5p1/3P1n2/2P2N2/PP3PPP/4R1K1 w - - 4 20	e1e7 f7g6 e8g8	1175	0g0i191o
INkN6	r1bqk2r/pp3ppp/5n2/3p4/3Q4/1nN5/1P2PPPP/R1B1KB1R w KQkq - 1 11	d4a4 c8d7 a4b3	1175	010s1c1o
Jd8nO	2r4k/1p4pp/p2P4/1bq5/4p3/1B2Q3/PP3rPP/R3R2K b - - 4 25	f2f1 e1f1 c5e3	1175	0g0i0y191o
Je4P6	2rq1rk1/1b2bppp/p3pn2/1pn5/4N3/3BPN2/PPQ2PPP/R1BR2K1 w - - 0 14	e4f6 e7f6 d3h7 g8h8 d1d8	1175	010j0y101c
K8kqF	rn2k2N/p1p3pp/5p1n/qp6/1b1P2b1/1B3p2/PPPB2PP/RN1QK1R1 b Qq - 1 12	f3f2 e1f2 g4d1	1175	00010j191o
K956J	r1b3k1/ppp2ppp/4pBq1/2bPn3/4P3/1BN4N/PP1Q1PPP/R4RK1 b - - 0 14	e5f3 g1h1 f3d2	1175	01191g1o
Kq98q	5br1/2Q2N1k/4pq1p/2pp4/1p4PP/8/1P1B3K/8 w - - 2 30	f7g5 h7g6 c7h7	1175	0k0m0p13151o
KsRWg	8/pp3k2/5r1p/8/3QPpq1/8/PP5P/3R3K b - - 1 32	g4f3 h1g1 f6g6	1175	0p13151o
LI0T7	4k3/6p1/4Pp1p/2BNnP2/4P3/2Kn4/1r4PP/8 w - - 1 36	d5c7 e8d8 e6e7 d8c7 e7e8q	1175	00010i0p0r101h
LaCxf	3R4/7p/p5pk/2p1q3/P1B2R2/2P1P2P/6K1/8 b - - 2 34	e5g5 g2f3 g5d8	1175	010p0s111o
LmAe6	3q4/1p3p1P/4pR2/p5k1/P5N1/6KP/1P6/8 w - - 7 50	h3h4 g5h5 f6h6	1175	0p111213151o
Lt5MI	1k1r2r1/p3Q3/b1p5/3pP1N1/3q4/8/PPP2RPP/RNB3K1 b - - 0 16	d4d1 f2f1 d1f1	1175	0s1315191o
MiF17	3Q1bk1/1p5p/p3r1p1/8/4q3/2P5/1P3PPP/R3BK2 b - - 6 28	e4e2 f1g1 e2e1 a1e1 e6e1	1175	060i0p101316
NWcQ2	8/8/3P2pp/4Q1qk/2p3p1/2P4P/3rp3/6RK w - - 0 58	h3g4 h5h4 e5h2	1175	0p13151o
NskZC	r1bq1rk1/ppp1b1p1/5n1p/3PRn2/2B5/2N5/PPP2PPP/R1BQ2K1 w - - 3 12	d5d6 g8h8 d6e7 d8d1 c3d1	1175	00010j0k0s101c
NtzkC	8/8/3q3p/pp3pkp/8/2p3P1/5PK1/3R4 w - - 0 39	d1d6 h5h4 g3h4	1175	0g0p0t111o
O7ayy	4k3/1R4Rp/6p1/8/8/1PP3B1/1r2r1PP/6K1 b - - 8 33	b2b1 g3e1 b1e1	1175	0p13151o
QEzjk	rn1qk2r/p1p2ppp/bp2pn2/3p4/1bPP4/2NBP3/PP1B1PPP/R2QK1NR w KQkq - 2 7	d1a4 d8d7 a4b4	1175	010s1c1o
QoIGR	3r1k2/p7/1p6/2rb2R1/8/PB6/7P/3RK3 b - - 2 30	d8e8 e1d2 d5b3	1175	010p1o
RD6Cd	1b2r1k1/ppqn1ppp/2p2n2/3p2B1/3P4/PPN2B1P/2PQ1PP1/4R1K1 b - - 1 19	c7h2 g1f1 h2h1	1175	0y1315191o
RX5xH	6k1/p7/8/3P2p1/3Pr1r1/N1P5/PP2bKP1/4R1R1 b - - 2 30	g4f4 f2g3 e4e3 g3h2 f4h4	1175	0p101316
RvZyh	3r4/8/8/5p2/5Nk1/6P1/5PK1/8 w - - 10 55	f2f3 g4g5 f4e6 g5f6 e6d8	1175	0g0p0s10
U7s78	7k/6p1/1P2q2p/P7/7P/4nN2/3Q2PK/8 b - - 0 39	e3f1 h2h1 f1d2	1175	010p0s1o
UJuRj	5rk1/p4ppp/8/3R4/3K4/7N/6rP/7R b - - 1 28	g2d2 d4c4 f8c8 d5c5 d2c2	1175	0g0p10
UWgdW	r1b1k2r/1pp2ppp/8/p2qn3/3pN3/P4Q2/1PP1PPPP/3RKB1R w Kkq - 0 13	e4f6 g7f6 f3d5	1175	0g0j191o
W6pEU	1rr3k1/p2qbpp1/2np3p/2pBp3/Qp2P1PP/2PP1P2/PP1BK3/R6R b - - 4 19	c6d4 c3d4 d7a4	1175	0g0j191o
WdXz1	8/5ppk/1pq3p1/6Pn/1P1RQ3/5P2/8/5K2 b - - 8 47	h5g3 f1f2 g3e4	1175	0g0p0s1o
YAKLC	5r2/p2Q1pkp/1q2pbp1/8/8/1P3R2/P5PP/3R3K b - - 7 32	f8d8 d7d8 f6d8	1175	0g0p1o
a7k0L	3b1r2/pk1r4/2R5/P3ppp1/1P5p/8/4NPKP/2R5 w - - 1 32	a5a6 b7b8 c6c8	1175	0p13151o
a9qNE	5n2/ppk2n2/2p1b1pb/5p2/3r4/2N3P1/PPR4P/4RBK1 w - - 0 24	c3b5 c7b6 b5d4	1175	01191g1o
aApDa	r4rk1/pb3qb1/1p2p2p/4B3/3pB1QR/2P5/PP4PP/R5K1 b - - 0 24	f7f2 g1h1 f2f1 a1f1 f8f1	1175	06101316191n
aGLOW	r1b3k1/pp2q1p1/2pb1n1p/8/3P1B2/2P2B2/P1Q1N1PP/R5K1 b - - 5 18	d6f4 e2f4 e7e3	1175	010y11191o
bj8oR	rn4k1/1Q3ppp/p2p2q1/4r3/2P1b3/6P1/PP3PBP/R4RK1 w - - 1 19	b7c8 e5e8 c8e8	1175	1315191o
dDWer	2R5/pp3p1k/6bB/6Q1/4q3/3p3P/PP2r1P1/7K w - - 5 32	c8h8 h7h8 g5f6 h8h7 f6g7	1175	050p0r1013161n
eyMpD	4R3/1P5k/2pN1p2/2P3pK/p4P2/P1q3PP/8/8 b - - 0 45	c3f3 g3g4 f3h3	1175	0p13151o
ftCF5	4r1k1/ppq3pp/2p2p2/3p4/3Q1nP1/2BP3P/PPP2PB1/4R1K1 b - - 1 22	e8e1 c3e1 f4e2 g1f1 e2d4	1175	0g0s1019
gV61b	5rk1/p4Npp/1qp5/7b/2B1r2P/1P1P2K1/P1P3P1/5Q2 w - - 0 21	f7h6 g8h8 f1f8	1175	0i0j0k0m1315191o
guSKy	1k4r1/ppp3q1/3PQ3/3Pp3/5p1b/2N2RnP/PP4P1/3R2K1 b - - 0 32	g3e2 g1f1 g7g2	1175	0j0y1315191o
i9uWq	r2q1r2/1pp2pk1/1pn2nb1/4p1Q1/8/P1P2PN1/BP4PP/R5K1 w - - 2 20	g3f5 g7h8 g5h6 f6h7 h6g7	1175	10131619
iy0h4	2r1qr2/1p2bNpk/p1b1p3/3n4/P2P4/4P3/1P1N2PP/2RQ1RK1 w - - 1 22	d1h5 h7g8 h5h8	1175	1315191o
j2Crz	4R3/8/p3n3/4rkp1/7p/1P2BK1P/P7/8 b - - 9 49	e6d4 e3d4 e5e8	1175	0g0j0p1o
jCZx3	3q2kr/pp6/4Pp1p/3p4/4Q3/8/PPP3PP/6K1 w - - 0 28	e4g6 g8f8 g6f7	1175	0p13151o
jWJ17	5r2/8/r7/p3pk2/8/7R/PP3PP1/2K5 w - - 0 28	h3f3 f5e4 f3f8	1175	010p111m1o1p
jiVys	r2q2k1/5pp1/pbpp1n1p/1p6/4rP1B/3Q4/PP2BP1P/3R1RK1 w - - 0 20	h4f6 d8f6 d3e4	1175	010b0w191o
kkzCc	5rk1/2p2rp1/6Qp/pp6/4N3/1P2bN1q/P4PR1/5K2 w - - 0 33	e4f6 f7f6 g6g7	1175	0i1315191g1n1o
kzery	r1b2r1k/p7/n1p3B1/1p2ppbp/8/1P2P3/P1PN1PP1/2KR3R w - - 0 22	h1h5 h8g7 h5g5	1175	010s191o
lakQf	5r1k/pp4pp/6p1/2Q1n2q/8/4N3/PPP2BPP/5RK1 b - - 1 29	e5f3 g2f3 h5c5	1175	010j191o
lvRwB	5b1r/1pk2ppp/2p5/8/Q1P1p3/4P3/Pq4PP/3R2K1 w - - 1 23	a4a5 b2b6 d1d7 c7d7 a5b6	1175	010i0p101g
mDRQ2	b2n4/5pk1/3Npbp1/2p3N1/5P2/2P5/2B3PP/6K1 w - - 1 28	d6e8 g7f8 e8f6	1175	010i0p1o
mTWRa	7k/p1r5/1p1R4/6NK/3P4/P6P/6r1/8 w - - 1 33	d6d8 h8g7 g5e6 g7f6 e6c7	1175	010p0r0s1011
mUibx	r5k1/5p1p/p7/8/1p2R3/5P2/Pr3BPP/6K1 w - - 0 30	e4g4 g8f8 f2c5 f8e8 g4g8 e8d7 g8a8	1175	0g0p1p1w
mcAzh	8/pppb1r2/2k2n1p/3R4/2K1P3/2P2PB1/P5PP/8 w - - 5 30	d5c5 c6b6 g3c7 b6a6 c5a5	1175	0p0r1013161d
mhxCo	4R3/r5p1/5p2/1ppn1Pk1/6P1/5K1P/2P5/8 w - - 3 34	h3h4 g5h4 e8h8 h4g5 h8h5	1175	050p101316
oUqmg	r5k1/2p1q1pp/p1Pp4/1p2p3/5n2/2P2P1P/PPB2P2/R2QR1K1 b - - 0 22	e7g5 g1f1 g5g2	1175	0y1315191o
ofw5H	2k5/pp5p/6p1/8/8/1B5r/PPP2n2/2K1R3 w - - 0 25	b3e6 c8d8 e6h3	1175	010p0s111o
p3FM9	7k/1b4p1/pn4Qb/3p1pP1/1Pp5/P7/2R1KP2/7q w - - 0 35	g6e8 h8h7 g5g6	1175	0p13151o
quy91	6rk/5Rp1/p6p/5Q2/1P3P1K/P5PP/4q3/8 b - - 0 35	g7g5 f4g5 h6g5 f5g5 g8g5	1175	0g0p1011
r5Kew	5rk1/5ppp/p2N4/4pN2/1PPRP1n1/8/1q3PPP/R5K1 w - - 0 26	f5e7 g8h8 d6f7 f8f7 d4d8 f7f8 d8f8	1175	060d0i1317191n1w
rE3tB	r4rk1/pQp3pp/1p6/5p2/1P1q4/3PB3/1P3KPP/R4B2 b - - 2 19	d4b2 f2g1 b2a1	1175	0g0s191o
rQZAI	4r1k1/3Q1ppp/3p4/Pp1P4/1P6/8/1qb1NPPP/2R3K1 b - - 8 28	b2c1 e2c1 e8e1	1175	060p13151n1o
rVTVu	2r2rk1/pb3pp1/1p2pP1p/4P3/4p1R1/2b3B1/PnP3PP/2Qq1B1K w - - 2 26	g4g7 g8h8 c1h6	1175	0y1315191o
rXtgC	6r1/4p1k1/p2p2pp/2pPb1N1/3n4/2B5/1P4PP/5RK1 w - - 0 34	f1f7 g7h8 f7h7	1175	0p13151o
roWIV	8/8/8/3k4/1p1p4/1P6/2P1K3/8 w - - 3 75	e2d3 d5e5 d3c4	1175	0g0p1e1o1z
rqaep	1r2r1k1/5p2/p5p1/1pPN4/2p1q1Q1/8/PPP5/5R1K w - - 0 30	g4e4 e8e4 d5f6 g8g7 f6e4	1175	01050p0s10
s94NI	2rqk2r/1b3pb1/p3p1pp/1pnN4/1N5P/P3BP2/1PPQ2P1/2KR1B1R b k - 0 16	c5b3 c1b1 b3d2	1175	01111c1g1k1o
syR9M	r1r4k/6p1/7p/8/8/p6P/Q1q3P1/R3R2K w - - 0 30	e1e8 c8e8 a2c2	1175	010i0p1o
uOX1n	8/8/1p4p1/2p1k3/Pp6/1P1P1K1P/8/8 b - - 2 39	e5d4 f3e2 d4c3	1175	0g0p1e1o
uZtzQ	4nk1r/5p2/1q3b2/5N2/8/8/1P3QP1/2RR2K1 b - - 2 39	h8h1 g1h1 b6f2	1175	010i191o
vM9yG	1r2r3/1p1Q2pp/6k1/p7/P1P3P1/8/1b3P1P/5K2 w - - 0 24	d7f5 g6h6 f5h5	1175	0p1113151o
wFV7f	4r2k/3R2pp/5r2/8/P2Q1n2/6N1/1PP2PbK/8 b - - 6 29	f6h6 g3h5 h6h5 h2g3 f4e2	1175	010r1019
wTKvs	6r1/1b5k/p3P1pp/1pbP1p2/1Pn5/P1Q2N2/qB4PP/1R5K w - - 2 34	f3g5 h6g5 c3h3	1175	0d1315191n1o
zBb9t	rnq2rk1/4bppp/p3p3/4N3/P1pPRBQ1/1pP4P/1P3PP1/R5K1 b - - 2 22	f7f5 g4f3 f5e4	1175	010s191o
0U7qT	1k2b2R/p1p5/4p3/N1QpP3/3P2p1/1KP3P1/PP2q3/8 b - - 3 34	e2d1 b3a3 d1a4	1176	0p13151o
0ZbMc	2k2br1/pbq5/1pn1pp1p/3p4/1PpP4/P1P1B1PP/3N3N/R2Q1RK1 b - - 0 19	c7g3 g1h1 g3g2	1176	0s1315191o
0fnTp	2kr4/p2r2p1/2p1Qp2/7p/1b1q4/6BP/PP4P1/5R1K w - - 0 24	e6c6 d7c7 c6c7	1176	1315191k1o
2Fteg	3r4/2k2pb1/1pPpq1p1/pP4Pp/P3PB1P/3Q4/2K5/3R4 b - - 4 39	e6a2 c2c1 a2b2	1176	0p13151o
3aimj	8/1Q2pk2/5np1/2Np4/Rp6/8/PPP2qPP/1KR1r3 b - - 0 27	e1c1 b1c1 f2e1	1176	051315191k1o
3npKT	8/4kp2/1p3p1p/p1p4P/P1P1K1P1/1P6/8/8 w - - 1 34	e4f5 e7e8 f5f6	1176	010p1e1o1z
3uhkY	1kr5/1p2bp1p/4p2p/R2pP3/1p1P2r1/8/1P3PPP/R3N1K1 w - - 2 24	a5a8 b8c7 a1c1	1176	0g0p1o
51nvd	r3r1k1/pp1qb1pp/1np2p2/8/1B1P2P1/3Q1N1P/PPP1RP2/4R1K1 b - - 7 19	e7b4 e2e8 a8e8 e1e8 d7e8	1176	010t1019
59Tta	r4rk1/q2b1ppp/p3p3/2Np4/3Q4/1R3P2/1PP3PP/5RK1 w - - 7 22	b3b7 a7b7 c5b7	1176	0g191o1t
5h3ul	1r4k1/1b4pp/p2Rp1rq/1p3p2/5P2/P3B1PP/1P2BQ1K/2R5 b - - 0 28	h6h3 h2h3 g6h6 e2h5 h6h5	1176	05101316191f1n
5r9T1	8/8/8/P5p1/2k5/8/1pK5/8 w - - 0 59	a5a6 c4d5 a6a7 b2b1q c2b1	1176	000g0p101e
5yZ1g	Q7/8/5ppk/8/8/4NK1p/PP5q/8 b - - 3 58	h2h1 f3e2 h1a8	1176	0g0p111o1p
6RuVj	r3kb1r/pppqp1p1/5n1p/3p4/3n1B2/3B3P/PPP2PP1/RN1QK2R w KQkq - 2 12	d3g6 e8d8 d1d4	1176	010j1c1o
6SvDI	r4r2/ppqb2p1/2n1pp2/3p2kP/3P3R/1P6/P1P2PP1/R1bQK3 w Q - 0 18	d1g4 g5h6 g4g6	1176	1315191o
6c11y	r1b3k1/ppp1n1bp/3p3r/2PPp1pn/1P2Pp2/P1NN1P2/4BBPK/2RQ1R2 b - - 0 21	h5g3 h2g1 h6h1	1176	0j0k1315191o
6gCGl	8/3nkp1p/4p3/P2p1q2/2bQ1bP1/2p4K/7P/RN4NR b - - 0 31	c4f1 h3h4 f5g5	1176	1315191o
6xRZM	r7/1pp2R1p/p2p2k1/8/2P1r2P/2P5/P5P1/5R1K w - - 0 30	f1f6 g6h5 f7h7	1176	0g0i0p1m1o
848TL	rnb1k1nr/pp1p1ppp/2p5/8/2BbP2q/5Q2/PPP2PPP/RNB1K2R w KQkq - 0 7	f3f7 e8d8 f7f8 d8c7 c1f4 h4f4 f8f4	1176	040g1c1w
8JOTk	r1bqkb1r/pp2pppp/2n5/1B6/3P4/5N2/P1P2PPP/R1BQK2R b KQkq - 2 8	d8a5 f3d2 a5b5	1176	010s1c1o
9MuUV	5NQ1/p1k1q3/7r/8/3b1P2/8/PPPB2PP/R6K b - - 6 29	h6h2 h1h2 e7h4	1176	051315191n1o
A6WQQ	4Rr1k/1p4pp/8/2p2p1q/2B1pP2/2P1P1P1/P4Q1P/3R2K1 b - - 0 34	h5d1 f2f1 d1f1 g1f1 f8e8	1176	010p0t0y10
Aezuz	3r1rk1/p1Q4R/1p2pbp1/8/3n1P2/5q2/PP3P2/5K1R w - - 11 33	h7h8 f6h8 c7h7	1176	0d1315191n1o
ApgKG	r3k3/pp3p2/2p1b2p/q1b1Q1B1/4P3/2P3PB/P4P1P/R3K2R b KQq - 0 16	c5f2 e1f2 a5e5	1176	01040j191o
BFQf8	r5k1/1p3pp1/7p/2p1Q3/8/P1B5/1Pq3rP/K2R3R b - - 2 28	a8a3 b2a3 c2a2	1176	1315191n1o
BXeF2	r5k1/5qrp/p2pbQ2/1p2p2p/4P3/8/PPPN4/2K3RR w - - 1 27	g1g7 f7g7 f6e6	1176	0g0s191o
CS6VI	7r/pp3pk1/3p2p1/4p2r/4P1Q1/2P4R/1q3P1P/6RK w - - 0 30	h3h5 h8h5 g4h5	1176	010p1g1o
CUB1R	8/5p1p/R1Pbk1p1/8/1p1K1P2/1Pr3P1/6BP/8 b - - 10 41	d6c5 d4e4 c3e3	1176	0p13151d1o
Ct9eT	2bqkb1r/2N2ppp/1p2pn2/2Pp4/1n1P1B2/8/4PPPP/Q3KBNR b Kk - 0 11	d8c7 f4c7 b4c2 e1d1 c2a1	1176	010s1011191n
CwSaz	r2qkbnr/pb2p1pp/1p3p2/2ppN3/5P2/1P2P3/PBPP2PP/RN1QK2R w KQkq - 0 9	d1h5 g7g6 e5g6 h7g6 h5h8	1176	01101c1t
CwZLP	1Q6/p1p3bk/4b2p/2P3p1/2pR4/8/P3p1PP/5RK1 b - - 0 24	g7d4 g1h1 e2f1q	1176	000p13151h1o
D9qXb	r5k1/1p4pp/pb1p3r/4p2n/1PP1PpRq/PQ1B1P2/3B1P1P/6RK b - - 7 21	h5g3 h1g2 h4h2	1176	0q0y1315191g1o
DfaEZ	1r2k2r/4bppp/p2ppP2/q1p3B1/1nP3PP/2N2N2/1PPQ1P2/2KR3R b k - 0 17	a5a1 c3b1 b4a2	1176	1315191k1o1q
DgHJ7	2k5/7r/1R6/r7/5BK1/6P1/7P/8 w - - 13 49	b6b8 c8d7 b8b7 d7e6 b7h7	1176	0g0p0r101p
Dmrdv	rnb2k1r/ppp2Bpp/8/2b1N3/5P1q/2Pp2P1/PP6/RNBQKR2 b Q - 0 11	h4g3 e1d2 g3e3	1176	13151c1o
DxCIh	8/7k/1p1N1b1p/6p1/4ppP1/1R5K/PP3r1P/8 w - - 0 35	d6e4 f2c2 e4f6	1176	0g0p0s1o
EOBR4	q5k1/2n1pp1p/2N3p1/2pR4/8/P5PP/1b3PK1/4R3 w - - 0 26	d5d8 a8d8 c6d8	1176	010p0s1o
F37AP	8/p1p5/1p1k4/6K1/2P1Pp2/1P6/P3P3/8 b - - 0 42	d6e5 g5g4 e5e4 c4c5 b6c5	1176	0g0p101e
GNy2C	q4r1k/4np2/3p3P/p3b2P/4NN2/Pp4Q1/1P6/1K1R2R1 b - - 0 35	a8e4 g3d3 e4f4	1176	010i11191o
H8puv	3r2k1/3P1p2/p1Bq1np1/2p3B1/1p6/2b4P/5QP1/5R1K w - - 6 37	g5f6 c3f6 f2f6 d6f6 f1f6	1176	01101119
HQRh0	3r4/2q2rk1/2p1Q3/p1P5/1p2p3/8/PP3P2/1K5R w - - 0 31	e6h6 g7g8 h6h8	1176	0p13151o
HaVeh	2k4r/pp1q1pp1/2pb1n2/P5pr/3PB3/1P2BQ1P/5PP1/R3R1K1 w - - 0 21	e4f5 g5g4 f5d7	1176	0g191g1o
HgzzK	7r/pp2pk2/3rbpp1/8/4R3/2P1RB2/PP4P1/6K1 w - - 1 28	e4e6 d6e6 f3d5	1176	010p111g1n1o
Hkn14	1k1rr3/ppp2Q2/8/3R1B1p/8/2P1nPP1/q3NK1P/8 w - - 0 23	d5d8 e8d8 f7a2	1176	0g0j191o
Hw5yy	5rk1/1p3q1p/8/pP4P1/P2PQ1P1/4P3/6KR/8 b - - 10 34	f7f2 g2h3 f8f3 e4f3 f2f3	1176	0g0p0r10
I0h3u	7r/1k1r4/1pp2Q1n/2n1p2p/3PP1pP/6B1/PPPK1PP1/R6R b - - 0 22	c5e4 d2e2 e4f6	1176	010s191g1o
IUonM	4r1k1/ppq2pp1/4npb1/5N2/QP4P1/2P5/P4PB1/3rR1K1 w - - 0 28	a4e8 g8h7 e1d1	1176	0g0t0w191o
JE8Xw	8/pp1r1kpp/1bp5/4R3/1P3PK1/6P1/7P/2BrR3 w - - 5 29	e5f5 f7g8 e1e8	1176	0p13151o
Jn89u	r1b2rk1/4qpp1/4p2R/p2pP3/2pP2QP/4P1P1/PqB4K/8 w - - 2 25	h6h8 g8h8 g4h5 h8g8 h5h7	1176	050y101316191n
KBVvB	1r4k1/5pp1/4p2p/qB1n4/Q2P4/4P2P/5PP1/1R4K1 b - - 6 31	a5a4 b5a4 b8b1	1176	0g0p1o
KeRqU	3k4/1pr2Rpp/p7/3pP3/6r1/1P6/PK6/3R4 w - - 3 34	d1d5 d8e8 f7c7	1176	0g0i0p1m1o
LVIrC	2rq2k1/1ppbb1pp/p1n5/4B3/3Pn3/5Q2/PPP3PP/4RRK1 w - - 0 18	f3f7 g8h8 f7g7	1176	0y1315191o
LXtbO	r3k2r/1pqn2pp/2pbpn2/p6b/3P1B2/2N2NPP/PPP1QP2/R3R1K1 w kq - 0 15	e2e6 e8d8 f4d6	1176	0g191o
LqAFV	3n4/3k4/p6R/3NKp2/3P4/2P5/5r2/8 b - - 4 38	d8f7 e5f6 f7h6	1176	0g0p0s1o
Lu4Bg	2rr2k1/5ppp/p3pn1q/1p1B4/5P2/2P3PP/PP1N1Q1K/3RR3 b - - 0 27	f6g4 h2g1 g4f2	1176	0g191g1o
LuQpa	8/6kp/4p1p1/p2pN3/q1bPP1P1/4r3/2K5/R6R w - - 0 32	a1a4 c4b3 c2d2	1176	010p0t1o
LyxgE	2rk3r/1Qpn1B2/p4n2/2N1p1q1/P3P1pp/2P5/1P3PPP/4R1K1 w - - 0 21	c5e6 d8e7 e6g5	1176	0g0s191o
NEdVn	3r3k/1bp2p1P/1p3q2/1n2R3/p2Q1P2/3B4/PPP1N1r1/2K5 w - - 5 28	e5e8 d8e8 d4f6	1176	010j0y191o
OLwgf	5rk1/4q1pp/pn1N2p1/1p2P3/2P1Q3/3n1N2/P4PPK/3R4 b - - 0 30	d3f2 e4d4 f2d1	1176	010s191o
Opszv	r1b1R3/p6k/1p1p2p1/2p2p2/2P2q2/5N2/P1P3PP/4R2K w - - 0 25	e1e7 h7h6 e8h8	1176	0p13151o
P6Zcv	rnb1kb1r/1p3ppp/p2ppn2/6B1/3qP3/2NB4/PPP2PPP/R2Q1RK1 w kq - 0 9	d3b5 a6b5 d1d4	1176	010j1c1o
Pq1gH	r1k4r/2P1n1p1/4R1n1/6Bp/7P/1P4PN/8/qQKR4 b - - 15 37	a1c3 b1c2 a8a1	1176	0d1315191k1o
R58BW	1k6/ppb3N1/2p5/5P1p/3P2nP/2P5/PP2r1P1/R1B1rRK1 b - - 0 24	c7h2 g1h1 e1f1	1176	0i0y1315191o
Rqp2k	2r3k1/1p4pp/p7/3pRQ2/3P4/P1q3PP/8/6K1 w - - 0 34	f5e6 g8h8 e6e8 c8e8 e5e8	1176	060p1013161n
SddA8	4r1k1/7p/6pQ/3p1r2/4pn2/8/PP1N1R1K/8 b - - 7 39	f5h5 h6h5 f4h5	1176	010p0s1o
SqC8N	8/8/3k1P2/1p4K1/2r5/8/8/4R3 w - - 1 73	f6f7 c4c8 e1e8	1176	000g0p1m1o
TZCYi	r1b2rk1/5p2/p2p2p1/1p1N2P1/2Pp4/8/P4P2/4K2R w K - 0 25	d5f6 g8g7 h1h7	1176	0p0u13151o
TmxWx	r2k1r2/1p1nnpbN/p2Bp1p1/1N1p4/3P4/3P4/P4PPP/2R2RK1 w - - 0 19	d6c7 d8e8 b5d6	1176	111315191o
TotyD	r2r2k1/p5p1/1p3p1p/5R2/8/1P3N2/1P3PPP/2KR4 b - - 1 23	a8c8 c1b1 d8d1	1176	0g0i0p1o
TxbGS	6q1/1b4r1/1p2pn1k/pP1pNp1B/P1pP1P1R/2P1P1r1/4Q3/5R1K b - - 0 34	g3g1 f1g1 g7g1 h1h2 g8g3	1176	0r0y101316191u
VLBOt	3rk3/pp4b1/6p1/8/4pP1Q/2P5/1q4PP/4R1K1 w - - 0 36	e1e4 e8f7 h4e7 f7g8 e7d8	1176	0g0p0r0s10
VNiuT	6k1/1p4p1/p1p4p/P2pN3/4bB2/2P3P1/3QqP1K/8 b - - 2 34	e2h5 h2g1 h5h1	1176	0p13151o
VfbrP	2kr1b2/ppp5/2np3q/3N3r/4P3/5NP1/PP3P2/R2Q1RK1 b - - 0 17	h5h1 g1g2 h6h3	1176	0y1315191o
Vqk7M	3rk2r/pp3ppp/2n2b2/qQ3p2/8/P1N1P2P/1P3PP1/R3KB1R b KQk - 2 16	f6c3 b2c3 a5c3	1176	0g191o
X139H	6r1/1p2k3/1p5B/1Pp1p2B/P1P1n3/7K/2r5/R4R2 b - - 2 31	g8g3 h3h4 c2h2	1176	1315191o
Ya5Ve	2r4k/5pp1/6qp/1Q2p3/4P2P/5PB1/P1r3PK/R2R4 b - - 4 27	c2g2 h2g2 c8c2 g2f1 g6g3	1176	01050i10191g1n
ZUH5q	5rk1/5p1p/1pq3p1/p3R3/5P1n/1Q1R2P1/PP5P/6K1 b - - 2 28	c6g2	1176	0p13141b
Zogfe	2rr2k1/2q1b2p/1pp1pppB/p6N/2P2P2/4Q2P/PP4K1/3nR3 w - - 0 32	e3e6 g8h8 h6g7	1176	0y1315191o
Zw8JF	r1b4k/pppp1B1p/7n/4n2N/4P2Q/2K5/PPP4P/5q2 w - - 5 21	h4d8 h6g8 d8g8	1176	0y1315191o
bVKgj	5r2/pp6/3B4/3R3B/4k3/4p3/5P2/5K2 b - - 3 44	f8f2 f1e1 e4d5	1176	010p1o
bWrPG	8/8/1p6/pkr3q1/4Q3/5R1P/6PK/8 w - - 7 46	f3b3 b5a6 e4a8	1176	0p13151o
cZAL9	6k1/pp4q1/8/5QN1/6P1/1P1P4/Pr6/3K4 b - - 14 43	b2b1 d1e2 g7b2 e2f3 b1f1	1176	0g0p0r10
d0XrC	1k5r/1p2Pp2/pB1R2p1/4P1P1/5P2/P3K3/1P6/7q w - - 0 35	d6d8 h8d8 e7d8q	1176	000p13151h1o
dL2il	r1b3k1/1p3pp1/p2q1n1p/4r3/8/P1pBP3/1PRQ1PPP/5RK1 w - - 0 18	d3h7 g8h7 d2d6	1176	010j191o
djbg8	rnb1k1r1/ppp4p/4p3/3nPpq1/2P5/4pN2/PP3PPP/RN1QKB1R b KQq - 1 12	e3f2 e1f2 g5e3	1176	0004051315191o
eYKbm	8/6p1/4k3/6PK/1p2p3/1P2P3/8/8 b - - 4 52	e6f5 h5h4 g7g6 h4h3 f5g5	1176	0g0p101e1l1z
en0i2	6rk/p4QR1/2p4p/1r1p1p1q/8/1P6/P1P2P1P/1K4R1 b - - 0 35	h5f7 g7f7 g8g1	1176	0g0p1o
eoO6g	6k1/5p1p/2p3p1/1p1r4/4B3/1P6/P1P1nqPP/4QR1K b - - 1 39	e2g3 h2g3 d5h5	1176	0p13151n1o
f0ypj	1r1r4/pp2qpkp/3p2p1/4n3/2B5/2N1P1P1/PP1Q1P1P/3RK2R b K - 0 22	e5f3 e1e2 f3d2	1176	010s191o
fHqvY	r1bq1bnr/ppppk1p1/7p/4n2Q/2B1P3/8/PPP2PPP/RNB1K2R w KQ - 2 8	h5e5	1176	0t13141b1c
fc5JB	rq2k2r/1p2b1pp/p2pQn2/3N2Nb/3nPB2/7P/PP3PP1/R4RK1 w kq - 3 15	e6e7	1176	111314191b
fihtY	r3r1k1/2p2ppp/pp1p1q2/2nP2N1/2P4P/6P1/P4PB1/1Q1bR1K1 w - - 0 23	b1h7 g8f8 h7h8	1176	0y1315191o
flbjq	5rk1/4Qp1p/1p3Pp1/p2p4/8/4P3/3q2PP/2R3K1 w - - 2 28	e7f8 g8f8 c1c8	1176	050p13151n1o
gplE8	r7/1k3ppp/1r2p3/2q5/Q7/2Pn4/P4PPP/R4RK1 w - - 0 27	a4d7 c5c7 d7d3	1176	010s191o
hCmvF	r3r1k1/1pp5/p1n3qp/3p2p1/1P1P4/P3PR1P/4Q1PN/2R3K1 b - - 0 21	c6d4 e2d1 d4f3	1176	010y191o
hZxMC	R1B3k1/5pp1/2p2n1p/p1p5/r7/3pK3/5PPP/8 w - - 0 37	c8f5 f6e8 a8e8	1176	0j0k0p13151f1o
hbtAn	r2qk2r/ppp2p2/4b3/2p1Nnbp/8/2PP3P/PP2QPP1/RN2R1K1 w kq - 0 14	e5f7 e8f7 e2e6 f7g7 e6f5	1176	04050g0j0s101c1g
hdDgt	1k6/p1p5/1p6/3P4/2P5/1P2PQqb/P3Bp2/2K2R2 b - - 2 36	g3f3 e2f3 h3f1	1176	010p1o
hldG8	r3k2r/pb3ppp/np2p3/1Np1P3/2P4n/B1PB1P2/P4K1P/3R3R w kq - 2 16	b5d6 e8e7 d6b7	1176	010s191o
iTNoT	3k4/3q1r1p/2pQ2p1/1p1p1p2/p4P1P/2P5/P5P1/4R1K1 w - - 6 40	d6b8 d7c8 e1e8 d8e8 b8c8	1176	01050i0p0r10
jRA1m	5rk1/1p2bp1p/pq4p1/3bNB2/5PQ1/5r2/P6P/3RRK2 w - - 2 26	e5f3 d5f3 g4f3	1176	0111191g1o
jZiBe	8/5pk1/4b1p1/p3P3/2q5/2R1Q3/1P3P2/K7 b - - 7 38	c4a2	1176	0p13141b
kK6Rd	rnb1k1r1/ppp1bpBp/1n2p1p1/4N3/3q4/3B4/PPP2PPP/RN1QK2R w KQq - 2 11	d3b5 c7c6 d1d4	1176	010j1c1o
kScTR	2kr4/1pp1np1p/1p6/3B4/4P3/2P4P/PP2bP1P/RN2R1K1 b - - 0 19	d8g8 g1h1 e2f3	1176	1315191a1o
l2OQ6	r7/p5p1/2k5/5p2/1q1n4/5R1Q/1P3PPP/4rR1K w - - 0 27	f3c3 c6b6 f1e1	1176	0g0v191o
lbLzM	2k3nr/ppp1q3/2brp2p/4R1p1/3P4/2P3N1/PP1B1PpP/R3Q1K1 w - - 2 19	g3f5 e7f7 f5d6 c7d6 e5e6	1176	011019
mImeH	7k/1pp1R1p1/p6r/6K1/P7/2PB3P/1P3b2/8 b - - 6 37	f2h4 g5g4 h4e7	1176	010p1o1p
nI5sK	5nk1/1Qp2ppp/8/p1B1p3/7P/1PP3PB/q4n1K/5R2 b - - 0 23	f2g4 h2g1 a2h2	1176	0k0m1315191o
nNbXU	6k1/5p1p/p4p2/1p3P2/1P6/P2r2B1/4pKPP/R7 b - - 1 36	d3d1 f2e2 d1a1	1176	010p1o
nmBPp	r1b1r1k1/1p2q1p1/2pn1p1p/p2pN3/3P4/1P1BPP2/P1Q3PP/R4RK1 w - - 0 18	d3h7 g8h8 e5g6 h8h7 g6e7	1176	0g0j0k0s1019
oewZE	r6k/ppp3p1/8/5R1p/6n1/1B2P1P1/PBPq3P/6K1 w - - 0 29	f5h5 g4h6 h5h6	1176	0p13151f1g1o
otUMA	1nkr4/1pp2pp1/p3p3/4b2p/PP2B3/2P1B2P/5PP1/3R1K2 w - - 3 21	e4b7 c8b7 d1d8	1176	010i0p1k1o
pr76f	2r3k1/pp3ppp/3rp3/3p2P1/4q3/1P6/P2RQP1P/6RK w - - 2 26	e2e4 d5e4 d2d6	1176	0g0p1o
qp8a3	5k2/p6p/1p2B1p1/2pPb3/P1Ppq3/1P5P/3Q1PP1/6K1 b - - 2 32	e4b1 d2e1 b1e1	1176	0p13151o
qxUM4	5k2/1b4b1/1p3rQp/3p1Np1/r7/6PK/5P1P/7q w - - 3 39	g6g7 f8e8 g7e7	1176	0s1315191o
r4cbr	8/5p2/2k4p/4p3/3K2P1/8/7P/8 w - - 0 46	d4e5 c6d7 e5f6 d7e8 f6g7	1176	0g0p101e
rD1Cj	r3k1r1/1bpn4/p3p3/1p1pP3/1P1P1p1q/3B1Pp1/P1PNN1QB/R4RK1 b q - 3 23	g3h2 g1h1 g8g2	1176	00010j0y191g1o
rQMG4	r3k2r/2p2ppp/p3p3/2Qn4/8/B2q3P/PP3PP1/5RK1 w kq - 2 20	c5c6 e8d8 c6a8 d8d7 a8h8	1176	0g0s10191p
sILvV	8/p5k1/1p4p1/4p1q1/Q1N1Pn2/1P3P1P/PP3K1P/5R2 b - - 2 27	g5g2 f2e1 g2e2	1176	0p13151o
u4jci	r4n2/6kp/r3q1p1/2Q1p1P1/4P3/1P6/1P3P1R/1K1N3R b - - 0 31	a6a1 b1c2 a8c8 c5c8 e6c8	1176	0g10191g
uSCL9	Q4bk1/2p5/3p3p/1p3qp1/8/2PP4/2R2PKB/1r6 w - - 4 36	a8a2 f5f7 a2b1	1176	010p0s1o
uiPRd	r3kb1r/pp2pppp/3q4/8/n2n2b1/5N2/PP3PPP/RNBQ1RK1 w kq - 0 12	d1a4 g4d7 a4d4 d6d4 f3d4	1176	01101c
v91RH	8/1P4p1/K4p1p/2k2P1P/7R/1r6/8/8 b - - 0 49	b3a3 h4a4 a3a4	1176	0p13151m1o
v9WaS	5r2/pp1Qnk2/8/5q1p/4p3/2N5/PPP3KP/5R2 b - - 0 22	f8g8 g2h1 f5f1	1176	0i0p13151o
vUnOE	7k/7P/2p2bP1/1p4K1/8/p7/8/8 w - - 0 47	g5f6 a3a2 g6g7 h8h7 f6f7 h7h6 g7g8q	1176	000g0p0r0t1h1w
wKqAx	4r3/5k2/1b3r2/p3qP2/2p3Q1/3p3R/6PP/5R1K w - - 2 43	h3h7 f7f8 g4g7	1176	1315191o
x5RU4	r2q4/1pp3k1/p2p1N2/4n3/3Q1Pr1/8/PPP3PP/R3R1K1 b - - 0 23	e5f3 g1f1 f3d4	1176	0g191g1o
xGKbd	6k1/p1p1n3/3rNRp1/1p2p1Pp/8/2P1PKR1/P2r3P/8 w - - 10 30	f6f8 g8h7 f8f7 h7h8 f7e7	1176	0g0p0r0s10
yQ0r8	6k1/p1r2p2/1p2pR1Q/3p4/3P2P1/2P4P/1P6/q5K1 w - - 1 34	f6f1 a1b2 h6g5	1176	010h0p1o
ypqPK	3Q4/5pp1/p5kp/8/2b2q2/P4P2/3p2PP/3R2K1 b - - 1 40	f4e3 g1h1 e3e1 d1e1 d2e1q	1176	00060p1013161h
zmBzz	2r5/p1B2pp1/2R4p/3n4/1k6/6P1/PP2PPKP/3r4 w - - 0 25	c7d6 b4b5 c6c8	1176	010j0p1o
zusLm	1Qbk2n1/2p3q1/p4p2/4p3/2P1P2r/1P4P1/P4P2/3rR1K1 w - - 0 35	e1d1 g7d7 d1d7 d8d7 g3h4	1176	0g10191g
08jJr	1r1r2k1/2p3pp/2P1Np2/p1n2P2/P1P1b3/2K5/4B2P/R5R1 b - - 1 29	b8b3	1177	1314191b1f
25sUW	r3k2r/pbpn1pbp/1n1q2p1/2pPp3/4P3/2N1BN2/P3Q1PP/R3KB1R w KQkq - 6 18	c3b5 d6e7 b5c7	1177	01191o
2AH4L	rnb2r2/pp6/2pP2kp/4p1qN/2BP2Pp/8/PPP4P/R2QK1R1 b Q g3 0 17	g5e3 d1e2 e3g1	1177	010s191o
2tDOo	3kr3/pp5p/5pp1/2p1n3/5QP1/PP2PN1q/2P1KR2/8 w - - 0 24	f4f6 d8c8 f3e5	1177	0g0p1o
3fQ1C	2r4r/3Q4/4p3/k1bp4/p7/P5P1/1P4PP/5R1K b - - 0 34	h8h2 h1h2 c8h8 d7h7 h8h7	1177	050p1013161f1n
3n7Ru	2r2b1r/3np3/p3qkpn/1p4N1/2p2P2/2P5/PPB3PP/4RR1K w - - 0 23	e1e6 f6g7 e6g6	1177	1315191d1o1x
3usZi	8/p4rbp/2p3pk/8/5PPP/8/P1KB4/8 w - - 0 29	f4f5 g6g5 h4g5	1177	0j0k0p13151o
3z7jy	5rk1/p1p3pp/1np1R3/2qp4/5r2/1PN4Q/P1P3PP/5R1K w - - 0 21	f1f4 f8f4 e6e8 f4f8 h3e6	1177	010d0y1019
4KDSC	8/2k5/R1r5/4p2p/4K2P/6P1/8/8 w - - 0 49	a6c6 c7c6 e4e5	1177	0g0p1m1o
4i16G	3rr1k1/6np/pp4p1/2pq1p2/P7/5Q1P/1P2B1P1/R4RK1 w - - 0 26	f3d5 d8d5 e2c4 g8f8 c4d5	1177	050g10191g
5OL23	4q3/3b1k2/Q1p2p1B/1p1n2p1/3P4/1P3B1P/6P1/6K1 w - - 0 33	f3h5 f7e6 h5e8	1177	0g0p1o1p
69xMj	r7/ppp3kp/4Q1P1/5pqP/8/2NP1r2/PP4P1/6K1 w - - 4 30	e6f7 g7h8 f7h7	1177	0p13151o
6fiKX	6k1/1b4p1/p3p1rn/1p2Pp1P/3P1P2/PB5K/1P5P/4RR2 b - - 0 34	b7g2 h3h4 g6g4	1177	0p0s13151f1o
6r1ty	r3k2r/pppb1ppp/2nq1n2/2b1p3/8/2NP1N2/PPPBBPPP/R2Q1RK1 w kq - 6 9	c3b5 d6e7 b5c7	1177	01191o
6vFeM	4q1k1/pp2rppp/1b4b1/6Q1/1n3B2/1B1P2N1/PP1N1PPP/R5K1 b - - 0 23	e7e1 d2f1 e1a1	1177	01191o
73GR3	r1b2k1r/pp2qpp1/2p1p3/1Bb1P1p1/8/2P1PQ2/PP4PP/3R1RK1 w - - 0 16	d1d8 e7d8 f3f7	1177	0i1315191n1o
7dS55	8/8/kp6/p5p1/4N1p1/2N2r1n/3R3P/7K b - - 13 45	f3f1 h1g2 f1g1	1177	0p0u13151o
8oWpQ	2rk4/6p1/3pP2p/5p2/1P1n1P2/P5P1/7P/1KR5 w - - 1 37	e6e7 d8e7 c1c8	1177	000g0i0p1o
9WGnD	4k3/ppR5/3pB1p1/3K4/4P3/8/PPP3r1/8 b - - 8 34	g2d2 d5c4 d2c2 c4d4 c2c7	1177	0g0p0v101p
9jKtf	3rr1k1/p1p2ppp/1n6/6P1/3qB2P/P2P4/1P3P2/R2Q1K1R b - - 2 19	e8e4 d3e4 d4d1 a1d1 d8d1	1177	0g1019
ALnr4	2r1r1k1/pp3p1p/3p1qp1/2pQ2B1/2P4R/1P3P2/P1P2P2/2K3R1 b - - 3 24	f6a1 c1d2 a1g1	1177	0g191o1p
BTJb0	6k1/3R2p1/2b1p2p/1p6/p5pP/P1B2r2/1P1R1P1K/8 b - - 0 34	f3h3 h2g1 h3h1	1177	0p13151d1o
C1Y67	r4rk1/pBqp1ppp/1p2p3/2b1n3/2P3n1/P1N1PN2/1P1B1PPP/2RQ1RK1 b - - 0 13	e5f3 g2f3 c7h2	1177	0j0y1315191o
C9F37	3Rr2k/p3Q1p1/1pq5/8/8/5PPp/PP5P/3R3K b - - 0 34	c6f3 h1g1 f3g2	1177	0p13151o
CKGoR	4r1k1/pp3qp1/2p2bQp/2Pp4/3Pp3/2B1P3/PP4PP/5RK1 w - - 2 23	f1f6 f7g6 f6g6	1177	0g0p11121g1o
F0E1L	r1b1Rrk1/pp3ppp/n1p5/8/2p2B2/2P2N2/P4PPP/4R1K1 w - - 2 17	e8f8 g8f8 f4d6 f8g8 e1e8	1177	050610131619
F54vu	2r2k2/p5rp/1p4p1/2p3P1/8/P1Q3P1/7K/8 w - - 2 31	c3f6 g7f7 f6h8 f8e7 h8c8	1177	010p0r101j1p
F8Brq	3r1k2/4R1p1/3r1pBp/1p6/2n4P/2p3PK/1P4P1/4R3 w - - 0 41	e7e8 d8e8 e1e8	1177	0p13151d1o
FriMm	5k2/p4p2/1p1P1p1p/8/PPr1R3/5P1P/b5P1/5K2 w - - 0 43	d6d7 c4e4 d7d8q	1177	00010p1h1o
Gs34J	3Q4/3R2pp/p3q1k1/8/7P/P4pP1/1P3P1K/4r3 b - - 2 31	e1h1 h2h1 e6h3 h1g1 h3g2	1177	050p1013161n
H8c7p	2r2k2/3b1pp1/p6p/1pR5/r7/5P2/PK2B1PP/3R4 w - - 6 35	c5c8 d7c8 d1d8 f8e7 d8c8	1177	010p0s1011
HM5mo	rnb1q1k1/pp4p1/1bp3rp/3nBp1Q/1PBP4/2N2N2/P1P3PP/R4RK1 b - - 0 16	g6g2 g1g2 e8h5	1177	0g0j0y191o
HVOek	2r3k1/1q2bpp1/p3p2p/1p1p2NQ/5n2/7R/PPr2PPP/R5K1 w - - 0 24	h5f7 g8h8 h3h6 g7h6 f7h7	1177	0j0s101316191n
Hexrc	7r/1n3kpp/p3pp2/3p1P2/P3r1PP/B7/2P5/2KRR3 w - - 1 32	e1e4 d5e4 d1d7	1177	0g0p1o
HkyYk	r1bqr1k1/pR4pp/B1p5/2Pp3Q/4pb2/P3P3/5PPP/5RK1 w - - 0 26	h5f7 g8h8 f7g7	1177	0s1315191o
HuyOc	r1b2k1r/1pq3p1/p3Qn1p/8/2B2b2/2N5/PPP3PP/1K1R3R w - - 3 17	d1d8 c7d8 e6f7	1177	1315191n1o
I4iDJ	3r1rk1/4Qq1p/5pp1/1p6/6N1/7P/5PP1/4RK2 w - - 1 31	g4h6 g8g7 h6f7	1177	0g0p0s1o
IPKnN	2r4r/6Rp/5p1n/4bN1k/4P3/7P/P4PP1/6K1 w - - 1 34	g2g4 h6g4 h3g4	1177	0p13151o
ItSNB	5k2/R7/2p5/8/8/1P2B2r/P1P2p2/1K4R1 b - - 0 38	h3e3 g1c1 e3e1	1177	010p1o
J09hY	2r5/4Pk2/8/1p6/p2K3R/2P5/P1P5/8 b - - 0 44	c8c4 d4d5 c4h4 e7e8r f7e8	1177	0g0p101m1p
J1SWy	rnbqk1nr/1pp3pp/p2bpp2/3pN3/3P1B2/4P3/PPP2PPP/RN1QKB1R w KQkq - 0 6	d1h5 g7g6 e5g6 h7g6 h5h8	1177	01101c1g1t
JBPuR	r5k1/pp3ppp/2p5/2P4r/1P1qN3/3Bn2b/P4QP1/R4R1K w - - 0 22	f2f7 g8h8 f7f8 a8f8 f1f8	1177	060s101316191n
JMfN4	7r/5pk1/1pQ3p1/3n3q/P7/6P1/6KN/3B3R b - - 2 35	d5e3 g2f2 e3d1 h1d1 h5d1	1177	0g1019
JsSUw	5rk1/ppN2qpp/2nr2p1/2p5/2P1B3/P1Q1P2P/5PP1/3RK2R b K - 0 22	f7f2	1177	041314191b
JvhRJ	3r1rk1/pp3b2/2p2qNp/8/8/1P1Q4/P1B2PPP/R5K1 w - - 0 23	g6e7 g8g7 d3h7	1177	1315191o
KKBC3	8/pp2Qrkp/6p1/3pPp1P/2pP4/2P1P3/5RK1/1q6 w - - 6 36	h5h6 g7h6 e7f7	1177	0g0i0p1o
KkcbM	r5k1/pbp1q1pp/1p6/3pN2r/1P1P4/P1P1Pp2/5P1P/R2Q2RK b - - 5 21	h5h2 h1h2 e7h4	1177	050y1315191n1o
LCx9z	8/8/3p4/2p4R/2k3rp/4P1P1/4KP2/8 w - - 1 47	h5h4 g4h4 g3h4	1177	0g0p1m1o
ML15C	r1b2rk1/ppp2ppp/2n2b2/3q4/4P3/1P3NP1/PB2PPBP/R2Q1RK1 b - - 0 12	d5d1 f1d1 f6b2	1177	01111c1o
N89Q6	2b3rk/5q2/6Rp/1p1p4/pP3P1P/P1P3Q1/1K6/8 w - - 2 42	g6h6 f7h7 h6h7	1177	0g0p1o
NEKFb	4rk2/p4p2/2P2Npp/2q5/8/5B1P/5bP1/3R1K1R w - - 2 31	f6d7 f8g7 d7c5	1177	0g0s191o
NqMPG	rnb2rk1/pp4pn/1q4B1/3p2N1/4p2b/1NP4P/PP4P1/R1B2R1K w - - 0 20	g6h7 g8h8 f1f8	1177	0y1315191o
OCt5N	1k1rr3/pPp2ppp/8/5bN1/1bP5/1P6/PB1N1PPP/2KR1B1R b - - 0 19	b4d2 d1d2 e8e1 d2d1 e1d1	1177	0r0s101316191f
OQeQn	r6r/1p5k/p3N1pp/7q/1P2pR2/P5n1/1BP3P1/1R4K1 w - - 0 26	f4f7 h7g8 f7g7	1177	1315191d1o
ORQHj	r1b2r1k/p2p4/4p1QP/3p2P1/3q4/3p4/PPP3KP/R1B2R2 b - - 0 22	d4g4 g2h1 f8f1	1177	0i1315191o
PWj4s	2r4k/1R6/2P3R1/8/1P6/4b3/P5KP/5r2 b - - 5 42	f1g1 g2f3 g1g6	1177	010p1o1p
Q7pWm	4rrk1/p5p1/1p5B/4p3/P2b4/6Q1/2q2PPP/1R3RK1 b - - 0 23	d4f2 g3f2 f8f2	1177	0g0s191o
Qpde6	rb3rk1/1b4pp/p3p3/8/4p3/1PP1B1qP/P3Q1P1/R3RN1K b - - 2 24	f8f1 e2f1 g3h2	1177	0y1315191n1o
SZTcu	3R4/p4pkp/1p4p1/2p2n2/4q1N1/1P2P3/5PPP/3B2K1 w - - 5 27	d8g8 g7g8 g4f6 g8f8 f6e4	1177	01050p0s101n
SfgHh	r4rk1/pppq1ppp/3p4/3Np1Q1/1PP1Pn2/P2P4/1b3PPP/R4RK1 w - - 0 19	d5f6 g8h8 f6d7	1177	0g191g1o
SukQc	8/6k1/5pp1/4p2p/1pB1b2P/3R2P1/1r2n3/R4K2 w - - 0 39	d3d7 g7h6 c4e2	1177	010j0p111o
T5DTD	k2r3r/pp4p1/4pn1p/8/2Q5/4P3/Pq2NPP1/2RR2K1 w - - 0 24	d1d8 h8d8 c4c8 d8c8 c1c8	1177	06101316191n
TMvYX	r3k2r/2qp1ppp/p2Q4/n3P3/1p2bP2/5N2/PP1B2PP/K2R3R b kq - 2 20	a5b3 a2b3 c7a5	1177	0d1315191n1o
TOvYM	4r2k/1pp3pp/8/4b3/1P3B2/5K1P/5P2/5R2 w - - 0 31	f1e1 e8f8 e1e5	1177	010p1o
Tmr4i	6k1/pb3rp1/1p1R2Qp/8/2p5/P1B4P/5qPK/8 w - - 2 35	d6d8 f7f8 g6g7	1177	0i0p1113151o
Tr7Fr	5rk1/1p1nQp1p/4p2P/1N3p2/2qP4/4PPb1/r2B2P1/1R1K3R w - - 0 27	e7g5 g8h8 g5g7	1177	0s1315191o
UUSfP	3r1rk1/p5pp/2p1p3/P2b1p2/1q2N2Q/8/1PP2PPP/R3R1K1 w - - 2 22	e4f6 g7f6 h4b4	1177	0g0j191o
VD54Q	8/8/5rk1/PR5p/7p/8/6K1/8 w - - 0 50	b5b6 g6g7 b6f6	1177	0g0p111m1o
VFI1Z	r4r2/3q1pkp/p2p1N2/1p6/4P1bQ/P7/BP2n1PP/2q2R1K w - - 0 22	h4h7	1177	1314191b
VqUAJ	r1b1k2r/ppp2ppp/4pq2/b7/4P3/B1PB4/P1Q2PPP/2R1K2R w Kkq - 2 13	c2a4 c8d7 a4a5	1177	010s191o
WMkcM	3rn1k1/pp4np/7B/3N4/3b2b1/P5qP/1P4P1/R4R1K w - - 0 29	d5e7 g8h8 f1f8	1177	1315191o
XKdK7	2rqr1k1/1p3Nb1/4p1p1/p2pPp2/P1pn1P2/7P/1PPB2P1/R2QKB1R b KQ - 0 20	d8h4 g2g3 h4g3	1177	1315191o
Xu3Mn	4r1k1/1p3ppp/p4P2/2pr1Q2/8/1Pq5/P3RPPP/4R1K1 b - - 0 24	c3e1 e2e1 e8e1	1177	060p13151o1y
YIpTK	6k1/1p1q1ppp/8/6r1/P1p2NNr/5PK1/3PPR2/R2Q4 b - - 0 30	g5g4 f3g4 d7g4	1177	1315191o
Ysmzf	5qk1/R4pp1/6p1/3r4/3n4/P2QB2P/5PP1/6K1 b - - 6 37	d4f3 g2f3 d5d3	1177	0g0j0p1o
aR9Bs	r4rk1/pp1R2p1/4p1Qp/3pPpq1/8/6P1/P5PP/6NK w - - 1 26	d7g7 g8h8 g7h7	1177	0p0y13151o
aldDd	4r2k/6p1/p2pB3/1p2p2r/4Pp2/2P3bP/PP6/R4K1R w - - 7 43	e6f7 e8c8 f7h5	1177	010p0s1o
b5W21	3r2k1/p4pp1/N1r1pn1p/QP1p4/3q4/5P2/6PP/5R1K w - - 0 28	a5d8 g8h7 b5c6	1177	0g0t0w11191o
b6O4v	8/1Q2N2p/2p2q1k/p5p1/P1P1P3/5pPP/3r1P1K/8 w - - 3 40	e7g8 h6g6 g8f6	1177	0g0p0s111o
b8Koh	3q4/1p3r1k/p1np1Bp1/4pb2/7b/2N5/PPP1NP2/2K4R w - - 0 24	h1h4 h7g8 h4h8	1177	1315191d1o
bK8sU	4r2r/p4kp1/b7/1p1PQp2/8/8/PPP3q1/1K2R3 w - - 1 27	e5f5 f7g8 e1e8	1177	0i0j0p13151o
blW6e	8/1p2ppkp/p2p2p1/3P4/P7/1P2B2P/1br2PP1/1R3K2 w - - 4 26	b1b2 c2b2 e3d4 g7f8 d4b2	1177	01050p0s101n
boy8e	7r/5ppp/ppR5/6k1/4P1n1/3N2P1/q5BP/3R2K1 w - - 1 33	h2h4 g5h5 d3f4	1177	1315191o
byoRh	r3rbk1/pbpq1p1p/2pp2p1/5NBn/4P1Q1/2N5/PPP2PPP/R3R1K1 w - - 4 15	f5h6 f8h6 g4d7	1177	0g0j191o
cK7cI	1r4rk/p1p3p1/7p/3R3Q/2qBN3/5pP1/5P1P/5RK1 b - - 1 30	c4f1 g1f1 b8b1	1177	051315191n1o
fWDpm	1r2k2r/5p2/p2p4/2p1p1np/P1Pn2q1/1PN1R1P1/5P2/3QK2R w Kk - 0 33	d1g4 h5g4 h1h8 e8d7 h8b8	1177	0g10191p
fZDMB	8/pQ4pk/2p4p/2P5/1K1P4/1PB3P1/8/q7 b - - 0 46	a7a5 b4c4 a1f1	1177	0p13151o
fn23g	4r1k1/pQp2pp1/1bN1r2p/4P3/P3q3/2P2N2/5PPP/5RK1 w - - 1 25	c6e7 e8e7 b7e4	1177	0g0j11191o
fnqHa	r3kb1r/5p2/2n2B1p/p2Q1bp1/P2Pn3/8/pP2PPPP/2R1KB1R b Kkq - 0 17	f8b4 e1d1 e4f2	1177	0i1315191o
gIm9Q	3r1k2/2R1p2p/1p2Qpp1/p6q/1P2nP2/4PR2/P5PP/6K1 b - - 0 34	d8d1 f3f1 d1f1 g1f1 h5d1	1177	050p0y101316
gmJE2	1k6/p4p1p/3Pq1p1/1p6/2RQ4/P7/KP5P/4r3 w - - 0 34	d6d7 e6d7 d4d7	1177	000g0p1o
hHIMy	1r5k/4r3/bp3NQ1/p1pP4/2P5/PP5P/4q1P1/6K1 w - - 0 39	g6h6 e7h7 h6h7	1177	0p13151o
i1bZn	r5k1/8/2pr2pR/pp4q1/1P2pR2/2P5/P2BQb2/2K5 w - - 4 37	f4f8 a8f8 d2g5	1177	0g0j191o
iAlGb	8/1R6/8/7P/2k5/2b1P3/1p2K3/8 b - - 4 55	c3b4 h5h6 b2b1q	1177	000g0p1h1l1o
igYhQ	k2r4/pp2P2p/7Q/8/8/P1Prp2B/1PK1R3/RN5q b - - 0 29	h1d1	1177	1314191b1u
ihlzo	r1b2rk1/5ppp/pq2p3/1pN5/2pP4/QPR1P3/P4PPP/5RK1 b - - 0 19	b5b4 a3a4 b4c3	1177	0g0s191o
ijSSI	2r3k1/p2r1pp1/1p2qn1p/2Ppp3/4P2B/2R1QP2/P2N2PP/2R3K1 b - - 0 24	d5d4 e3e1 d4c3	1177	0g0s191o
js5tN	1rb2rk1/pp3pp1/3p4/q1bNn3/2B3p1/6Q1/PP3PPP/1R1R2K1 w - - 4 20	d5e7 g8h7 g3h4	1177	020y1315191o
kR7Zi	5rk1/3rbppp/1Q3B2/5q2/8/2N2P2/PP2R1PP/R5K1 b - - 0 21	e7c5 b6c5 f5c5	1177	010s191o
l1LS3	2k3r1/p1p1b3/1p5Q/1P1p4/P2pP3/3P4/2P2RPK/3q4 w - - 0 27	h6e6 c8d8 e6g8	1177	0g0p0s1o
lQcob	rn3r2/1B2nNkp/p3P1p1/2p2p2/1p3N2/6P1/q3Q2P/1q3R1K w - - 0 21	e2e5 g7g8 f7h6	1177	111315191o
lzc5D	7k/6p1/7p/Q1P5/5q2/1P3P1P/P3r1P1/7K w - - 1 40	a5d8 h8h7 d8d3 g7g6 d3e2 f4c1 h1h2	1177	0g0h0p0s1w
mQdBT	8/pp3k2/1q5p/2p2QpP/4p3/4P1P1/Pb3P2/1K1R4 b - - 1 27	b2f6 b1c2 b6b2	1177	0j0k0p13151o
mV81u	8/p1p3k1/2P5/P6K/6N1/4r1P1/5p1P/R7 b - - 2 38	e3e1 g4f2 e1a1	1177	010p1o
nh5dd	r2q1rk1/ppp3bp/3p1np1/3Pp3/1PP5/3R1N2/PBQ2PPP/4R1K1 b - - 2 19	e5e4 d3e3 e4f3	1177	010s191o
nqIF0	5r1k/6pp/1p1p4/p2Pp3/8/1QPq4/5RPP/5R1K b - - 0 27	d3f1 f2f1 f8f1	1177	060p13151o1y
oA2W7	5r2/4k3/3Np2p/pp4p1/2pBK1P1/2P4P/PP3b2/5R2 b - - 3 38	f8f4 e4e5 f2d4 c3d4 f4f1	1177	0g0j0p10
oCgN9	6k1/p1p3pp/1p6/7n/1B1K4/8/PPP2rPP/4R3 w - - 0 25	e1e8 g8f7 e8f8 f7e6 f8f2	1177	0g0p101p
pf0Cb	8/5k2/R3p1p1/2N1P3/2R2PPK/8/1r6/6r1 b - - 4 37	b2h2 h4g5 h2h5	1177	0p0q13151g1o
pjC7A	2rqk1nr/1p1bb2p/p3p1p1/n2pPp1Q/3P3N/N1PB4/5PPP/R1B2RK1 w k - 0 15	h4g6 h7g6 h5h8	1177	01191g1o1t
q1pZN	7r/3n1kpp/p1NP1p2/4p3/1P2P3/P1K2P2/6PP/7R b - - 1 26	h8c8 b4b5 a6b5 c3b4 c8c6	1177	010b0p101g
qaIFo	R7/5pk1/4pqpp/2Pp4/5QP1/4PK2/2r5/8 w - - 6 45	a8g8 g7g8 f4f6	1177	010i0p1o
r3gZb	8/4p2R/3p2p1/2rP4/p1P5/1P1n1P2/P1K1k1P1/8 w - - 0 36	h7e7 e2f2 c2d3	1177	0g0i0p1o
rD0rq	1k1r4/ppq2p2/2p4r/3pbN2/6B1/2P1P3/PP3PP1/R2Q1RK1 b - - 4 21	e5h2 g1h1 h2g1 h1g1 c7h2	1177	050j0k0y101316191n
sLvkg	5b2/1p3k1p/pN2p1p1/4PpP1/2n2P2/P3B1P1/1PP2K2/8 b - - 4 32	c4e3 f2e3 f8c5 e3d3 c5b6	1177	050g0p0s10
sThTH	8/5p2/pp4p1/4k2p/PB1pNnbP/1P1P4/3K4/8 w - - 0 46	b4d6 e5f5 e4g3 f5e6 d6f4	1177	010i0p101112
saqIt	r2qk2r/1bpnb1pp/p3pp2/1p2N3/1PPPpP2/P3P3/1B4PP/R2QKB1R w KQkq - 0 12	d1h5 g7g6 e5g6 h7g6 h5h8	1177	0g1019
t8p1h	3Rr1k1/pp6/4r1NQ/2p3Bp/8/4p3/Pq4PP/4R1K1 b - - 5 29	b2f2 g1h1 f2e1	1177	060s1315191o
tHpfe	r6r/pp3p1k/1q1p1p1p/4p2Q/2b1PP2/2P4R/PP4PP/R6K w - - 6 21	h5h6 h7g8 h6h8	1177	1315191o
tulTz	4r3/p6k/2pR2pp/4N3/2P1N3/7b/P3nP1P/7K w - - 1 32	e4f6 h7g7 f6e8	1177	0g0p0s1o
un7Mz	2k5/pp3p2/2bp3B/4P3/7b/2P5/PP4r1/RN1KR3 b - - 1 23	c6f3 d1c1 h4e1	1177	01191o
vd8uM	1r6/4k3/5pp1/4p3/1RPpPn2/p2N1P2/P3KP2/8 w - - 1 50	d3f4 b8b4 f4d5 e7d6 d5b4	1177	0g0p0s101n
xlCSe	5rk1/ppp2p2/4bbpp/4p3/2PRP3/1PN2P2/P3B1PP/R5K1 b - - 0 16	e5d4 c3d5 e6d5 c4d5 d4d3	1177	0g1019
yBwIs	2r1r1k1/p5pp/1p1P4/2b1pp2/PqP1Q3/1P1R3P/5PP1/3R2K1 w - - 0 26	e4d5 g8h8 d6d7	1177	0001191o
yeLQz	r3r1k1/ppp2ppp/1bn5/4q3/4N3/2P5/PP2QPPP/R1B1R1K1 w - - 0 16	e4f6 g7f6 e2g4 g8h8 e1e5	1177	010j0y10191n
zKCTq	5r1k/p5pp/1p1Q4/2p5/3p1r2/1P1Pq2P/P1P4K/5RR1 w - - 0 29	d6f8 f4f8 f1f8	1177	0p13151o1y
zsxst	2r3k1/5ppp/Q3p1q1/3pP3/3P4/8/2r2PPP/2R3K1 w - - 0 28	a6c8 c2c8 c1c8	1177	060p13151o1y
0dLhx	rn2kb1r/pp3ppp/2p1pn2/q7/1P1P2b1/P1N2N2/2P1BPPP/R1BQK2R b KQkq - 0 8	f8b4 a3b4 a5a1	1178	01191g1o
0veaA	8/5pk1/3b4/1Q1Q2pn/3Pp1n1/4P1P1/1B3q2/5NNK b - - 1 44	h5g3 f1g3 f2h2	1178	1315191n1o
1JS30	8/5p1k/4q1pp/8/P3r3/8/2Q3PP/1R4K1 b - - 1 37	e4e1 g1f2 e6e3	1178	0p13151o1u
25DYQ	6k1/p6p/6p1/1p3pN1/2qN4/7P/6P1/3R3K w - - 0 37	d4e6 c4c8 d1d8 c8d8 e6d8	1178	0d0g0p0s101l
2AEHh	4k3/p7/8/1r2N1R1/3P4/4PB1P/q5PK/8 w - - 8 48	f3c6 e8d8 c6b5	1178	0g0p0s1o
2j2KL	8/pp3ppk/1q2b3/1P3r2/1B2Q1P1/P6P/5P2/4R1K1 b - - 0 27	b6f2 g1h1 e6d5	1178	0g0p1g1o
39nqB	8/1p3pk1/p4qp1/2r2p1p/5N2/1PN5/P1P3QP/5K2 w - - 2 38	f4h5 g7f8 h5f6	1178	0g0p1g1o
3z0Lw	1R3bk1/p4ppp/4p3/4P3/5P1P/3Q2P1/2q5/2rN2K1 w - - 3 39	b8f8 g8f8 d3d8	1178	050p13151n1o
4qyR8	r2nk2r/1bpqn1b1/pp1pp2p/5p1P/3P1B2/2PBQN2/PP1N1PP1/2K1R2R b kq - 0 15	e7d5 e3e2 d5f4	1178	01191o
4xCBn	r2kbr2/6b1/pqp1Q2p/3pP3/P2P4/4P3/1P4PP/RN3RK1 w - - 1 22	e6d6 d8c8 f1f8 g7f8 d6f8	1178	0g10191g
5L8G0	2rQ1rk1/pp4pp/3b4/8/4R3/7P/PP3PP1/RNB3K1 b - - 0 21	c8c1 e4e1 c1e1	1178	0t1315191f1o
5XTxH	rn1q2k1/pp3pp1/2p2n1p/4r1N1/1b4bP/2NBPQ2/PPP2PP1/2KR3R w - - 2 13	d3h7 g8f8 d1d8	1178	0g0j0y191o
6L7qM	8/p4pk1/7p/4N1pq/2P2b2/1P3Q2/P4PK1/8 b - - 8 40	h5h2 g2f1 f4e5	1178	0g0p1o
6jj1K	4r1k1/pp3ppp/3b1n2/4p3/Qq1pN3/2rP1N2/P4PPP/R3R1K1 w - - 0 18	e4f6 g7f6 a4e8	1178	0g0y191o
8JVJX	r7/BpP2k1p/6p1/5p2/7P/4PK2/8/8 w - - 1 43	a7b8 a8a4 c7c8q	1178	000g0p1h1l1o
8Ma3B	r3rbk1/pp3Bp1/2p2n1B/4pPQ1/3qP1b1/7N/PPP3PP/R3R2K b - - 0 24	g8f7 g5g6 f7g8	1178	19
8jtL0	2kr3r/1bp3bp/1p2ppn1/p7/Pq1PN3/5N2/3B1PP1/RQ2KB1R b KQ - 1 17	b4b1 a1b1 b7e4	1178	01191o
8pqhA	2r1k2r/ppp1P3/4Q3/3N1p2/3b2q1/1PN5/P6p/R4R1K b k - 1 25	g4g1 f1g1 h2g1q	1178	000k0m1315191h1o
9ofKD	2r1r1k1/pp3pp1/5n1p/4N3/8/2qP3P/P4PP1/2RQR1K1 b - - 1 19	c3c1 d1c1 c8c1 e1c1 e8e5	1178	0g1019
CTbwa	r2r1k2/2p2ppQ/5qn1/p2PnN2/1p6/6R1/P1B5/3K3R w - - 4 32	h7h8 g6h8 h1h8	1178	1315191n1o
CkH6C	5rk1/1p1rb1pp/p1n5/P2p1p2/5q2/5N2/1PB1QPPP/R4RK1 w - - 0 21	e2e6 g8h8 e6d7	1178	0g0s191o
D777W	3r3k/Bp4pp/3b4/4n3/4R1P1/1Q5P/PPP2P1q/4RK2 b - - 4 25	h2h1 f1e2 h1e4	1178	0g0v191o
DNVos	8/p4p1k/6pp/7r/4P2r/P1Q3qP/1P2R1P1/4R2K b - - 2 36	h4h3 g2h3 h5h3 e2h2 g3h2	1178	0p1013161n
DS8W6	b5k1/p4p1p/P7/2B2p2/8/1rp2P2/4K2P/2R5 w - - 0 39	c1g1 g8h8 c5d4 f7f6 d4f6	1178	0p1013161a
DddXp	r2q1rk1/1bp1bppp/p1n2n2/1p1p4/5P2/P1NPB1N1/BPP3PP/R2Q1RK1 b - - 1 12	d5d4 e3f2 d4c3	1178	010s1c1o
Dp2qt	5rk1/1bq2ppp/p7/1ppr2Q1/6N1/7P/PP3PP1/R4RK1 w - - 2 22	g4f6 g8h8 f6d5	1178	0g191g1o
DrrTQ	1r6/6R1/4r3/p7/1p3Kpk/3P4/8/8 w - - 0 42	g7h7 e6h6 h7h6	1178	0p13151m1o
EEj0F	6q1/2p5/3b4/1k6/1rbB4/5Q2/5PPP/R5K1 w - - 8 39	f3b7	1178	1314191b
EFSFc	5rk1/1p2p3/p2p2pp/B1pN1r2/2P5/1P2Q1PB/P3q2P/5RK1 b - - 0 23	f5f1 h3f1 e2f1	1178	0y1315191o
FNoKL	4R3/3R1rkp/p5p1/1p2P3/r7/8/5P2/6K1 w - - 5 37	e5e6 f7d7 e6d7	1178	000g0p1m1o
FOuSJ	8/R7/5P2/1k6/2p3R1/2Kp2Pp/PP2r2P/8 b - - 2 51	e2c2 c3d4 d3d2 d4e3 d2d1q	1178	000g0p101h1m
FSsfa	3R4/ppp3rk/2b2Q1p/4P3/8/6Pq/PPP2R1P/6K1 b - - 0 26	g7g3 h2g3 h3h1	1178	0p13151n1o
I0lxY	5r1k/1Q4p1/p6p/8/8/2q5/P4rPP/3RR2K b - - 0 26	c3e1 d1e1 f2f1 e1f1 f8f1	1178	060p1013161n
IQCzK	r1q1rbk1/pp1n1pp1/2p4p/2PpNB2/1P1P1nb1/6P1/P1QN1P1P/R4RK1 w - - 0 18	f5h7 g8h8 e5f7	1178	0i0y1315191o
IQOdf	Q2q1r1k/p3n1pp/4Rp2/2b5/8/P5P1/1P3PBP/R1B3K1 b - - 0 19	d8d1 g2f1 f8a8	1178	010j191o
IYSaQ	2Q5/4p2k/7p/p1pP3q/2P5/2R2b1P/PP5K/5R2 b - - 0 38	h5e5 h2g1 e5g3	1178	0p13151o
JGzrY	r1b3k1/7r/p3q1pB/1p1Q4/2ppPp2/3n4/5PPP/R4RK1 w - - 4 32	d5d8 g8f7 d8f8	1178	0y1315191o1s
JSB1s	4r3/5kpp/8/p3R3/Pprp2P1/8/1KP4P/2R5 w - - 1 38	c1f1 f7g6 e5e8	1178	0g0i0p1m1o
JY6rn	r4rk1/pp3ppp/5n2/q7/5B2/6P1/PPP1RQBK/R7 b - - 0 22	f6g4 h2g1 g4f2	1178	0g0s191o
Jdgmr	8/1p3pk1/5np1/pP2Q3/6N1/4PK2/2q2PPP/8 b - - 4 28	c2d1 f3g3 d1g4	1178	0p13151o
JerYg	r4rk1/pp3ppp/2p1pqn1/4Nb2/Q1PP4/P3P1B1/4BKPP/R2R4 b - - 3 17	f5c2 f2g1 c2a4	1178	0g0j0k191o
JhNfq	8/p1r2kpp/2r2p2/8/1P1PbPP1/P3P2P/1B1K3R/R7 b - - 2 32	c6c2 d2e1 c2h2	1178	0g0p0s1o1p
Kg3SJ	r2q1r2/4bB1k/p1b4p/2p1pP1n/p2pP3/3P2Q1/1PP3PP/R4RK1 w - - 0 25	g3g6 h7h8 g6h6	1178	0i0s1315191o
KmEpd	5qk1/1R4p1/2p4p/p3Q3/P1PP1p2/1P4PK/r6P/8 b - - 0 46	f8c8 b7d7 c8d7	1178	0g0p0s111o
LBAOY	2Q5/5pkp/3r1bp1/1q2p3/8/7P/3B1PP1/2R3K1 w - - 2 30	d2h6 g7h6 c8f8 f6g7 f8d6	1178	01050p0s101n
LHl7N	2r3k1/5ppp/p4q2/P7/b1R1P3/3p2P1/3Q1PBP/R5K1 b - - 0 25	f6a1 g2f1 c8c4	1178	0g0t0w191g1o
LIgK0	6r1/4kp1p/ppq1p3/8/P2QbP2/3R4/1P4PP/6RK b - - 0 28	e4g2 g1g2 c6g2	1178	0p13151o
LYmwG	q5k1/p3n2p/1p4p1/2p5/1P1b1P2/P6R/7P/3QRK2 b - - 1 27	a8h1 f1e2 h1g2 e2d3 g2h3	1178	0g0p0r0s10
LffsV	8/8/8/2p2KR1/3r2P1/k7/8/8 b - - 0 63	d4d5 f5f4 d5g5 f4g5 c5c4	1178	0g0h0p101m
NpLVn	2kr4/ppp4p/3b2r1/8/3P1q2/7P/PP1N3P/R2QRBBK b - - 0 22	g6g1 h1g1 f4h2	1178	050y1315191o
NsjZx	8/ppN4k/6np/6q1/8/5Q1P/PPP2P1P/7K b - - 0 38	g5c1 h1g2 g6h4	1178	0g0p1o
Ny5wv	4qk2/6pp/4Q3/8/3P4/8/5PPP/1r2N1K1 w - - 5 40	e6f5 f8g8 f5b1	1178	0g0p0s1o
O8pKR	3rr3/ppp1qpk1/5n1p/4Nbp1/3P4/4P1P1/PP2BPP1/R2QK2R b KQ - 4 16	e7b4 d1d2 b4d2	1178	0g11191o
OFEaf	8/2r2p2/p1p4R/1k6/7P/2RB1PP1/KP1rn3/8 b - - 4 50	d2d3 c3d3 e2c1 a2b1 c1d3	1178	01050p0s101n
OV4Rt	r6k/3Q2pp/8/4N3/2p5/8/r2q1PPP/4R1K1 w - - 0 30	e5f7 h8g8 e1e8 a8e8 d7e8	1178	0p101316
ObfzL	8/7p/5Qpk/8/1P2pKP1/P3Pb1P/5Pq1/8 b - - 8 43	g2h2	1178	0p13141b
Q1mRM	6k1/p4ppp/1q2r3/2bp4/4n3/1P5P/PBP1QPN1/R4R1K b - - 6 25	e4g3 f2g3 e6e2	1178	010j0y191o
R1gcW	8/p7/1p6/4pq2/8/1P1k1p1P/P5P1/4Q2K w - - 3 56	e1b1 d3c3 b1f5	1178	0g0p11121i1o1p
R1x7m	r4rk1/1b2ppbp/p2p1Pp1/q5B1/1n1N1P2/2N2B2/1PPQ2PP/2KR3R b - - 0 15	a5a1 c3b1 b4a2	1178	1315191k1o1q
RACmU	8/8/2p1R1n1/6k1/6rp/3P1K2/P1P5/8 w - - 0 45	e6g6 g5g6 f3g4	1178	0g0i0p1o
SKWOv	2r1r1k1/3bppbp/pNpp2p1/7n/2P1P3/1P3P2/P2BB1PP/2R2RK1 b - - 2 17	g7d4 g1h1 d4b6	1178	010s11191o
SlkZy	2k2b1r/ppp1pQpp/1n6/8/5PP1/7P/PP1r2q1/K2RR3 w - - 0 23	f7e8 d2d8 e8d8	1178	1315191k1o
TF2GY	r7/pp5k/5b1p/3p1p2/1q1PnP2/4Q3/PP3P2/5KRR w - - 4 34	h1h6 h7h6 e3h3 f6h4 h3h4	1178	05101316191n
ThXdP	r1q1kbnr/p2np2p/2p1Npp1/8/2P5/3QP3/PP4PP/1RB1KB1R b Kkq - 1 16	d7e5 d3c2 c8e6	1178	010j1c1o
TktdL	r2Qr1k1/1p2P1pp/2p5/3p2P1/4p3/8/Pq4BP/5R1K w - - 4 30	f1f8 e8f8 e7f8q	1178	000p13151h1o
U6Wtj	r7/8/5k2/p2bp3/R5P1/8/2N1KP2/8 b - - 1 37	d5b3 a4a3 b3c2	1178	0g0p0s1o
UIZVM	3r4/1p2R3/3k3p/1p1p2p1/5rP1/2P3K1/P6P/4R3 w - - 0 34	e1e6 d6c5 e7c7	1178	0p0q13151m1o
UVzTc	4rrk1/1p3q2/5p2/1pPQ2pp/1Pn5/P5BP/5PP1/R2R2K1 b - - 0 27	e8e1 d1e1 f7d5	1178	010i191o
Um5cV	Q7/p1p3pk/3p3p/7q/1B3P2/P1P2pP1/2P2K1P/8 b - - 1 25	h5h2 f2f3 h2h1 f3f2 h1a8	1178	0g0p101p
UpzI0	r2Qr1k1/pp3pbp/5np1/4n3/2P1p3/1P2B1P1/P4PNP/R4RKB b - - 0 17	e5f3	1178	111314191b1q
VLNa2	2k4r/ppp2Q2/2r1P3/8/5p2/2P2nPq/PP2RK2/3R4 w - - 0 25	f7d7 c8b8 d7d8 h8d8 d1d8	1178	06101316191n
VRt60	8/R7/7P/5p2/1k6/5KP1/pr6/8 b - - 2 59	b2b3 f3f4 b3a3	1178	0g0p1m1o
Vf7Fd	8/p3k3/1p5p/4P2P/3K1pp1/P5P1/1P6/8 w - - 0 40	g3f4 g4g3 d4e3 g3g2 e3f2 g2g1q f2g1	1178	0g0p1e1w
WFyZ1	5r1k/3nqr1n/pp1p4/2pPb1N1/P1P4P/1P1PQpBB/7K/5RR1 b - - 6 32	e5g3 g1g3 e7e3	1178	0g0j191o
WbGfb	2k1r3/pp6/2p2p2/2b4p/5P2/1P2p1qP/PBQ3P1/3R3K w - - 1 27	c2f5 c8b8 f5c5	1178	0g0p0s11121o1r
Wf6ix	6rk/7p/5pq1/2P1p2n/1P6/P2P1P2/3Q2PP/3R2RK b - - 0 37	h5g3 h2g3 g6h5	1178	0d0p13151n1o
Y58c8	5rk1/1p3ppp/3R4/rP1N4/4PP2/6PP/3n2K1/5B2 w - - 3 34	d5e7 g8h8 d6d2	1178	010j0p1o
Y62Bl	2k1r3/pbp2Q2/1p1p1n2/1N6/1b1qP3/6B1/PPP3PP/R1K2B1R b - - 2 16	d4d2 c1b1 d2d1	1178	1315191k1o
YHQct	r2qrbk1/pppb1p2/4pn1Q/6N1/3P4/P2B3P/1PP2PP1/R4RK1 w - - 3 16	d3h7 f6h7 h6h7	1178	0y1315191o
a5dmP	1rN3k1/1p4p1/p2p3p/3Pp3/1P2Pp1q/2Q2P1P/P4P2/5KR1 b - - 0 27	h4h3 f1e2 b8c8	1178	010p1o
aQQE1	4r1k1/pp3ppp/3q4/8/2B5/2P1B2P/PP2QbK1/5R2 b - - 0 30	d6g3 g2h1 g3h3	1178	0i111315191o
b7iIn	8/2b3pk/p1p4p/P2p4/2pP1qQ1/2P2r1P/5P2/R3R1K1 b - - 3 29	f4h2 g1f1 h2f2	1178	0p13151o
bPzd2	R7/5pkp/3N1p2/2pPp3/4P3/6P1/1rq2P1P/6K1 w - - 7 37	d6f5 g7g6 a8g8 g6h5 g3g4	1178	0p101316
bhIQx	3r3k/1p4pp/2p5/6q1/1P1pP3/2rR1P2/P3R1PP/1Q2K3 b - - 5 32	c3c1 b1c1 g5c1	1178	0g0p0s1o
bqju8	1r3k1r/p5R1/2Q1p3/2Pp1q1p/3P1P1b/P1N1PB1P/1P1K3B/6R1 b - - 2 29	b8b2 d2c1 f5c2	1178	1315191o
bzWWI	1k6/p1p5/1p6/3Q4/8/3P4/PP1q2r1/1K1N1R2 b - - 0 40	d2c2 b1a1 c2c1	1178	0p13151o
dXP6h	3R4/2P1k1pp/2p1bp2/2P1p2B/p3p3/P7/1q4PP/7K w - - 4 31	d8e8 e7d7 c7c8q	1178	000p13151h1o1u
dYduF	3r1rk1/pb2bp1p/1p1Np1p1/4P1P1/4nB2/2q4Q/P1B2P1P/R3K2R w KQ - 0 21	h3c3 e4c3 d6b7	1178	0111191o
dxszG	1k6/2R2R2/1p2pr2/3b2p1/P2P4/1P2P1P1/4BP1K/8 b - - 0 28	f6h6 e2h5 h6h5 h2g1 h5h1	1178	0p1013161d
e5NUm	r1bq3r/2pn2kp/p2p1p2/3nb1BB/1p2P3/8/PPPQ1PPP/2KR3R w - - 0 16	g5h6 g7g8 d2d5	1178	1315191o
f2m8b	8/6p1/4p1bk/4p3/1PR1P2P/3N2K1/1r4P1/8 b - - 8 43	b2b3 g3f2 b3d3	1178	010p11121g1o
f6A0S	1R1r4/p1k2ppp/2p1b3/8/2p5/2P2KP1/P1Pr3P/1R6 w - - 2 31	b1b7 c7d6 b8d8 d6e5 d8d2	1178	0g0i0p0v101p
fUHAN	6k1/4Rpp1/7p/3b4/5P2/1B1r2P1/7P/4K3 w - - 11 35	e7e8 g8h7 b3c2	1178	0g0p1g1o
fpJck	8/k1r5/p4p2/P2Qp1pp/4P3/3pP2P/2P3P1/K7 b - - 0 39	d3c2 d5d2 c2c1q d2c1 c7c1	1178	000g0p0r101h1j
guMU0	7r/1pR1r1k1/1p1p1p2/3P1Qp1/P2b2P1/1P3P2/4n2P/2R4K b - - 3 32	e2g3 h1g2 g3f5	1178	0111191g1o
gyRTs	2r3k1/6bp/2B2p2/1pP1p3/1q3pPP/8/rB3P2/2Q1R1K1 w - - 1 37	c6d5 g8h8 d5a2	1178	010s191o
hUZre	3rr1k1/p4p1p/2N3p1/2P2b2/4nN2/P7/4BPPP/3R1K1R b - - 0 20	d8d1 e2d1 e4d2 f1g1 e8e1	1178	0610131619
hq3dl	r2qk2r/1p3pp1/2np2p1/p1p5/2PbPP2/1PN5/PB4PP/1R1Q1R1K b kq - 4 18	h8h2 h1h2 d8h4	1178	050y1315191n1o
iApM9	r4rk1/1bp5/p2ppRp1/1p1P2np/8/PB2N2P/1PP3P1/1R4K1 w - - 0 25	f6g6 g8h7 g6g5	1178	0g0s191o
il1Ln	1k3r2/p1RQ2pp/1r3q2/4N3/8/P7/5PPP/5RK1 b - - 0 25	f6f2 f1f2 b6b1 c7c1 b1c1 d7d1 c1d1 f2f1 f8f1	1178	1318191n1w
ipBvX	3R1Q2/pkpr4/4q1p1/1p2pp1p/1P5P/P7/5PP1/6K1 w - - 7 32	d8b8 b7a6 f8c8	1178	0p13151o
jkfyX	3q4/3r1pkp/3P1Rp1/2R5/Pp6/1P3QP1/5PKP/4r3 b - - 0 37	d8f6 f3f6 g7f6	1178	0g0p1o
kpKA3	5rk1/1q4p1/4R2p/5R1Q/3P4/r6P/2p3P1/6K1 w - - 0 37	f5f8 g8f8 h5e8	1178	050p13151o
lJFH6	5r2/pp4kP/3pp3/6q1/2PnP3/P5pR/1P4P1/5QK1 w - - 2 32	f1f8 g7f8 h7h8q	1178	00050g0p1h1o
lNSVH	5rk1/2p5/1p4B1/8/3P3p/2P5/P5K1/5R2 b - - 1 44	h4h3 g2g1 h3h2 g1h2 f8f1	1178	00010i0p0r10
lnMqh	6k1/5b1p/7r/4B3/2pP1Q2/8/P3pK1q/4R3 w - - 4 47	f4h2 h6h2 e5h2	1178	0g0p111o
m5ZnM	8/7p/p7/1P1kpp2/P6P/2K2P2/8/8 b - - 0 41	a6b5 a4b5 d5c5 b5b6 c5b6	1178	0g0p101e
mURX0	r2q2k1/ppp2ppp/n7/3P4/2P2Pn1/3Q1N1P/PPK3P1/R1B4R b - - 0 15	a6b4 c2c3 b4d3	1178	010s191o
mYja7	r3kbnr/pp1n1ppp/1q2p3/3p4/3P4/2N1BQ1P/PPP2PP1/R3KB1R b KQkq - 2 9	b6b2 a1b1 b2c3	1178	0g0s1c1o
mnoSM	2rr2k1/pp2pp1p/6p1/2q5/8/4QP2/PPPR2PP/1K2R3 b - - 6 24	c5e3 e1e3 d8d2	1178	0b0g0p1o
oLe5D	4r3/5pkp/p7/2p3P1/3p4/1P5P/P1P2K2/4R3 b - - 1 30	e8e1 f2e1 g7g6	1178	0g0p1m1o
oQHOd	1r1r2k1/1p1R1ppp/1p6/4p3/1R2P3/2N5/Pn3PPP/6K1 w - - 2 27	d7d8 b8d8 b4b2	1178	010p1o
oaQwn	2r3k1/5pb1/3p1np1/4p3/3qP2P/pP3Q2/P7/1KBR2R1 b - - 0 31	c8c1 b1c1 d4b2	1178	051315191k1n1o
paJh1	6k1/1R3r1p/p3Q1p1/3P4/8/2r5/2q2PPP/5RK1 b - - 0 29	c2f2 f1f2 c3c1 e6e1 c1e1 f2f1 e1f1	1178	0d0p13171n1w
q47Hx	r5k1/p5r1/P3pQ1p/R4p2/3B1R2/2P4P/6PK/4q3 b - - 8 32	e1g3 h2g1 g3g2	1178	0s1315191o
qAUbo	1RQ5/8/1P5k/7p/2r4P/6p1/1r4P1/6RK b - - 0 47	c4h4 c8h3 h4h3 g2h3 b2h2	1178	0p101113161j
qD0cD	8/5ppk/1r5p/3Pb3/4N1P1/3Q3P/5P1q/5K2 w - - 0 37	e4f6 h7h8 d3h7	1178	0k0m0p13151o
re1RN	1k5r/pp6/3p4/3Np2p/3pP3/3P3P/PPq2QK1/R7 b - - 6 30	h8g8 g2f1 c2d3	1178	0g0p111o
rtU5X	2kr3r/ppp3p1/4bp2/qP1n2n1/PN2p1Pp/2QPP2P/2N2PB1/1R3RK1 w - - 2 26	b4d5 a5c3 d5c3	1178	01191o
ryn4e	5rk1/4pp1p/P2pb1p1/7n/3bP3/1P1QqP2/P3B1PP/2R2R1K b - - 6 20	h5g3 h2g3 e3h6	1178	1315191n1o
sdi1c	2r2rk1/8/p2R1p1P/1p4p1/5q2/1KPQ4/PP6/8 w - - 4 32	d3g6 g8h8 g6g7	1178	0p13151o
so5mB	2R4r/p3kp2/1p1r1q1p/4bB1P/4Q3/6P1/P4P2/6K1 w - - 4 37	e4b7 d6d7 b7d7	1178	11121315191o
t40tH	4Q3/p4p1k/6p1/6q1/4B3/7P/Pb2PP2/3rNK1R b - - 3 33	d1e1 f1e1 g5c1	1178	051315191n1o
tAo02	8/p2k1pr1/1p1qp3/8/7Q/2PB1b2/P1P3P1/3R2K1 w - - 0 32	d3b5 d7c7 d1d6 g7g2 g1f1	1178	0g0j0p101g
tJ3FI	6k1/5p1p/4r3/2pB2p1/P4bP1/1P6/2P3P1/5R1K b - - 4 33	e6h6 h1g1 f4e3	1178	010p1o
tNCMH	r6k/1R1R4/8/5PP1/7p/1Pr4P/6K1/8 b - - 0 38	a8a2 g2f1 c3c1 d7d1 c1d1	1178	0p1013161m
tiIAX	rnbqrbk1/5p2/2p2n1Q/1p1p2NP/p2P4/2NB4/PPP2PP1/2KR3R w - - 2 15	d3h7 f6h7 h6h7	1178	0y1315191o
uaWBL	4rrk1/p2N1p1p/1pp3p1/2b5/2P5/1B5Q/P3q1PP/5R1K w - - 2 25	d7f6 g8g7 h3h7	1178	0s1315191o
v0ccb	8/7p/p2R1p2/1p1P3k/1K3Q2/P4P2/1P5P/3qr3 b - - 8 38	d1a4 b4c5 a4f4	1178	0g0p1o1p
vL7is	2k5/pp3rp1/2p2r2/6q1/1b2Qn1p/1P6/P4P1K/3R3R w - - 0 30	e4e8 c8c7 e8d8	1178	1315191k1o
w1Pas	4r3/1p3pkp/5rp1/p6P/P3q2Q/8/5PR1/3R2K1 w - - 0 35	h5h6 g7f8 h4f6	1178	0g0i0p1o
wFRWf	1rr5/8/4pn2/p1Pk2p1/2RP2P1/PP3K2/8/4R3 w - - 3 32	e1e5 d5c6 e5e6 c6d7 e6f6	1178	0g0i0p0s10
wkNAh	r3kb1r/ppp2ppp/2n2n2/8/Q1ppq1b1/4P3/PP3PBP/RNB1K1R1 w Qkq - 0 10	g2e4 f6e4 g1g4	1178	0b0g0j111c1o
xEmPy	5k2/2R5/b1N1p1pN/3pP3/4n1K1/6PP/5r2/8 b - - 0 37	a6e2 g4h4 g6g5	1178	0p13151o
xJ5Y4	4R3/7P/3k2p1/3pNpP1/5n2/3P1n2/r4R2/7K b - - 0 51	a2a1 f2f1 a1f1	1178	0p13151o
xQGm7	5rk1/2p3pp/2nb4/8/5p2/2Q1P3/PPP2PqP/RNB1KR2 b Q - 0 16	d6b4 c1d2 b4c3	1178	01191g1o
y130A	8/8/2N3PR/P7/8/2N2k1P/r7/5K2 b - - 1 56	a2a1 c3d1 a1d1	1178	0p13151o
yeZQC	3r4/1pp2p1p/5kp1/p7/2P2P2/1P1N1nP1/P5KP/3R4 b - - 1 27	d8d3 d1d3 f3e1 g2f2 e1d3	1178	050g0p0s101n
07eKm	r4r1k/1p2Np1p/p4p2/2q1pP2/3n4/1B4Q1/PPP2PPP/2KR3R b - - 0 17	d4e2 c1b1 e2g3	1179	0g0s191o
1UPyy	4r3/6KP/3p4/4k3/1R6/P1P1p3/1P6/8 b - - 0 54	e3e2 h7h8q e8h8	1179	000g0p1m1o
1vkrS	2r3k1/8/p2p2p1/1pqPp1P1/8/1P5R/PKP2r2/7R w - - 0 27	h3h8 g8f7 h1h7	1179	0p13151j1o
2OoU8	6r1/1bp2k2/p5R1/1p3Prp/2P2R2/3B3P/PP5K/8 b - - 2 33	g5g2 g6g2 g8g2	1179	0e0g0p1o1y
2XOuC	2b1r1k1/2Rq3p/pQ2rpp1/3p4/P2P1B2/4PP1P/6P1/2R3K1 b - - 1 32	e6b6 c7d7 c8d7	1179	0g191o
39Ufv	3q1rk1/4pp1p/1n4p1/4Q3/6P1/2BP3P/rPP5/2KR3R b - - 1 21	a2a1 c1d2 b6c4 d2e2 c4e5	1179	0g10191g1k
3E6Yz	b7/5p2/5pk1/1p1pp3/2R3Pp/PN2PP2/1P1K3P/8 b - - 0 33	d5c4 b3c5 a8f3	1179	0g0j0p1o
3KRb0	r3k1r1/2B2p2/4p3/1p2N1pp/n1pPQ3/b6P/5PP1/K6R b q - 1 29	a3b2 a1b1 a4c3 b1b2 c3e4	1179	0g0r0s101119
3RUHt	5r1k/p5b1/4QN2/1p2P1p1/7B/3n3P/PP1q1PK1/R4R2 b - - 0 29	d3f4 g2h1 f4e6	1179	0g0s191o
3Tbd4	r6r/pp2kppp/4pn2/1b2b3/2B5/2B1P3/PP2KPPP/R2R4 w - - 0 15	c3b4 e5d6 b4d6	1179	0g11191o
3VP2k	2rqk2r/p3ppbp/2p2np1/3p2B1/8/2N2Q2/PPP2PPP/3RR1K1 w k - 2 15	g5f6 g7f6 f3f6	1179	0g191g1o
4a7Es	8/R6R/6p1/6k1/P4r1n/6K1/7P/8 b - - 4 42	f4f3	1179	0p13141b
63IOt	r3kb1r/ppp1pppp/8/3qP3/3n2b1/5N2/PP1N1PPP/R1BQK2R w KQkq - 0 10	d1a4 d4c6 a4g4	1179	011c1o
63UYM	r2qk1nr/p2b4/3Q1p2/8/4P3/4BN2/PP3PK1/R4R2 b kq - 0 21	d7h3 g2g1 d8d6	1179	0g0j191o
6PClX	r1b2rk1/pp3p2/3qpP1p/3n4/8/2pB1Q2/5PPP/2R2RK1 w - - 1 20	f3g4 g8h8 g4g7	1179	0y1315191o
7HCF6	r3r1k1/pp4pp/1N6/2bP3n/2p1p3/5Q2/PP3PPP/R1B1R1K1 b - - 0 20	e4f3 e1e8 a8e8	1179	0g191o
7PGJB	5r2/1p4kp/2b5/6p1/2P2p2/2N1p1P1/P3Bn1P/R3R1K1 b - - 2 32	f2h3 g1f1 f4g3	1179	0g0j0k191o
86Fhu	2r4k/p2b2pp/3q1p2/8/1pQB4/1P2R2P/P4PP1/6K1 w - - 1 26	c4c8 d7c8 e3e8 d6f8 e8f8	1179	060p0s1013161n
9PyMb	8/8/1p4p1/5k1p/1KP2P2/R2r2P1/P7/8 b - - 10 45	d3a3 b4a3 f5g4 a3b2 g4g3	1179	010p101m
9wW8D	3r4/p3kp1p/1p2bp2/2n1p3/2P5/q1N1Q3/4BPPP/4K2R w K - 0 27	c3d5 d8d5 e3a3	1179	0g0j191o
9zXpP	6rk/p5p1/8/2p2Q2/3p4/1P6/PP4KP/3qq3 w - - 2 38	f5h3 e1h4 h3h4 d1h5 h4h5	1179	0p101316
AE9Wu	3r1k2/p4pr1/7Q/8/1q1b4/1P4R1/P4PPP/4R1K1 w - - 7 30	h6h8 g7g8 h8g8	1179	111315191o
AXIj5	r6r/p3q3/1pp1k2p/4bppQ/2bP4/2P5/PP3PPP/2KRR3 w - - 1 22	e1e5 e6f6 e5e7	1179	0g191o1p
AbGG9	5r1k/1p5p/p1p1q2b/P1p3R1/2N2p2/3P3P/1PP2P2/3Q2RK b - - 0 29	e6h3	1179	0y111314191b
Ai8IJ	8/8/4k1pp/1R2P3/rp3K2/5P2/PP6/8 b - - 1 43	b4b3 f4g3 b3a2	1179	000g0j0k0p111m1o
BNIBO	r4rk1/pp2qpbp/6p1/4n3/4QP2/P1P2nN1/BP3P1P/R1B2R1K b - - 2 19	e7h4 e4f3 e5f3	1179	0g191o
C87v4	8/pb2rp1p/1p3kp1/2pp4/6P1/P2P1P2/BPP1R1P1/6K1 w - - 1 25	g4g5 f6g5 e2e7	1179	0g0i0p1o
CXRp6	5r2/2pqp1kp/1p1p2p1/1p3rB1/3P1n2/PP3P2/3Q2PP/R3R1K1 w - - 1 22	e1e7 d7e7 g5e7	1179	0g0s191o
Cqj2t	3r3k/p1p3p1/1p5p/8/4Np1P/2P2q2/PPQ1RP2/1K6 b - - 1 32	f3h1 c2c1 d8d1	1179	0g0p1g1o
DB98M	8/pp4R1/1rp5/4p1R1/5p1k/3P1P2/r7/2K5 w - - 4 45	g5g4 h4h5 g7h7	1179	0p13151m1o
DLx3V	r1bqr1k1/7p/pp1p1ppb/2pP3n/P1P5/3BNN2/1PQ2PPP/R3R1K1 w - - 1 19	d3g6 h7g6 c2g6 h5g7 g6h6	1179	0g0s1019
DXGcW	2r2rk1/p6p/1pbPp1p1/4P3/2R4q/1P6/3QB1PP/1R4K1 b - - 2 23	h4f2 g1h1 f2g2	1179	0y1315191o
EBqpP	4r1k1/1R3p2/1p2bPnp/p3P3/P7/6P1/r5BP/B3R1K1 b - - 2 35	a2g2 g1g2 e6d5 g2f1 d5b7	1179	01050s10191n
EvDmP	r6k/pp4pp/6n1/5P2/2p1q3/1P1p3R/P1P3QP/6RK b - - 2 27	e4g2 g1g2 g6f4	1179	010p111o
G60Cy	7k/6p1/4R2p/n5p1/6P1/P1P1pB1P/1P1r4/5K2 b - - 6 35	d2f2 f1e1 f2f3	1179	010p0s1o
GkeQZ	2kr3r/pp1q1b2/8/3pnp2/2PpPQp1/6Pp/PP2BP1P/2R1K2R w K - 0 24	c4d5 c8b8 f4e5	1179	010j0k191k1o
HoPkK	r5rk/1pq1bpp1/2pNp2p/3nP2P/p4BQ1/2P3R1/PPb2PP1/R5K1 w - - 0 24	d6f7 h8h7 g4g6 c2g6 h5g6	1179	0y101316191n
IEPke	6B1/R2bkP1p/8/3p4/3b2P1/1r6/6K1/8 w - - 3 49	a7d7 e7d7 f7f8q	1179	000g0i0p1h1o
Ie2xJ	1k3N1r/pppq4/3b2p1/3p1n2/3P2Q1/2P5/PP1B4/3KRR2 b - - 0 28	f5e3 e1e3 d7g4	1179	010j191o
IvR6g	r1b5/1pp2rpk/pb1q2Np/4R3/3P4/8/PPQ2PPP/R5K1 w - - 2 23	g6f8 h7g8 c2h7 g8f8 h7h8	1179	0k0m101316191n
J9BEy	3r3k/1p3p1p/p3p1pP/5bQ1/5N2/5P2/3q2PK/8 w - - 0 35	g5f6 h8g8 f6g7	1179	0p13151o
JUL5m	2r2r1k/1b2q1pp/p4p2/1p2N3/1P1PP3/P3Q3/B5PP/5RK1 w - - 2 24	e5g6 h7g6 e3h3	1179	1315191n1o
KQDlh	3r4/5k2/pp1Pp2p/5np1/PP2RBP1/7P/8/6K1 w - - 0 45	g4f5 e6f5 e4e7	1179	0g0p1o
KfeLC	4r3/1p3k2/p7/3n1P2/3B2Pp/P4P1p/1P3K2/4R3 b - - 0 34	e8e1 f2e1 h3h2	1179	000g0p1o
Monhk	8/2R5/K4p2/P5k1/6r1/8/8/8 w - - 0 57	c7g7 g5f4 g7g4	1179	0g0p111m1o
MqXuj	r2q1rk1/pbp1np2/1p2p3/2b1n1B1/4N1P1/P2B3P/1PP2P2/R2QR1K1 w - - 0 18	e4f6 g8h8 e1e5	1179	010j0y191o
Nnxu9	r2q1rk1/pp1n1p2/3b1n1p/3pN1P1/3Q2P1/2N3BP/PPP5/R4RK1 b - - 0 17	d6c5 d4c5 d7c5	1179	01191g1o
PS5YJ	4r1k1/1r3ppp/5qn1/1QN5/8/6PP/2P2P2/5RK1 w - - 0 30	b5e8 g6f8 c5b7	1179	0g0t0w191o
Q84jd	7Q/1p6/p1p2p2/3p2q1/3P2k1/1Pn5/P5PK/8 w - - 2 50	h8h3 g4f4 h3f3	1179	0p0s13151o
QWTFR	2rqr2k/5pp1/7p/1PB1N2b/4Bn2/2P5/2QN1PP1/R4RK1 b - - 0 28	f4e2 g1h1 d8h4	1179	0y111315191o
RBrBy	2r2r1k/6pp/8/p1P2p2/Pp2p3/1B1n3R/1q3PPP/R2Q2K1 w - - 0 31	h3h7 h8h7 d1h5	1179	050y1315191n1o
RYAxY	r2r2k1/p1BR1ppp/1p3b2/2p4q/8/1Q6/PPP2PPP/3R2K1 b - - 5 22	h5d1 d7d1 d8d1	1179	061315191o1y
Rorov	r3k3/pp3pp1/2pbp3/3pn2q/2P1P1P1/1P6/PB3PB1/R2Q1RK1 b q - 0 17	e5f3 g2f3 h5h2	1179	0y1315191n1o
SLx0Z	2r1q1k1/5p2/p4p1p/4p3/2bQ4/4PP2/1P4PP/1BR3K1 w - - 0 34	d4g4 g8f8 c1c4	1179	0g0p1o
SmBbq	3r1rk1/pp3q2/n1p3p1/4b1Pp/Q3N2P/8/PPP1N3/2K2R1R b - - 7 24	f7f1 h1f1 f8f1	1179	1315191o
TZpuA	r5nN/pb1k2p1/1p2q2p/4n2Q/3p4/8/PP1N1PPP/2KRR3 b - - 3 19	e5d3 c1b1 d3e1	1179	0g0s191o
Uc6wq	2R2nk1/7p/8/pp1p4/5q2/2P3PQ/PP2r3/1K5R b - - 0 32	f4e4 b1a1 e2e1 h1e1 e4e1	1179	060p101316
UgSlw	5r1k/2p1Q1pp/1p4p1/p7/2B5/1P4P1/P2q1r1P/5RK1 w - - 0 30	e7f8 f2f8 f1f8	1179	060p13151o1y
UvLjV	r5rk/p1p2Qpp/2p5/3p4/3P3R/2q1P2P/2P3P1/4R1K1 w - - 0 20	h4h7 h8h7 f7h5	1179	050p13151n1o
VKmUo	3q2rk/1p2b3/p1r1pnQ1/3p4/3R4/P1N4P/1PP2PP1/4R1K1 w - - 2 25	d4h4 f6h7 h4h7	1179	0y1315191o
WG4Zs	r2n3r/pp2p2p/3p1npb/2p2P1k/4P3/3P3P/PPP3P1/RNBK3R w - - 1 13	g2g4 h5h4 c1h6	1179	010i191o
WYUGi	3r1r2/2q2pkp/p2bp3/1pp5/4R3/1P3Q2/P1PP1PP1/R6K w - - 0 20	e4g4 g7h8 f3f6	1179	1315191o
X5rzh	r3r1k1/ppb2ppp/2p5/3p4/3Pn1nN/1P1QPP2/P2N2PP/R1B1R1K1 b - - 0 17	c7h2 g1f1 e4g3	1179	0y1315191o
Y8Gq5	r6k/p1p1PQ1p/3n2p1/4q3/P7/8/6PP/5R1K w - - 1 33	f7f8 a8f8 e7f8q	1179	000p13151h1o
YzhHI	6R1/7p/4pp2/3n4/3PNk1p/2Pq1P2/1P3K1P/r7 w - - 0 41	g8g4 f4f5 e4d6	1179	0p13151o
Z2tcb	6k1/2p2p2/2p2Pp1/p7/3p1Q2/2q2P1P/P5PK/8 w - - 0 34	f4h6 d4d3 h6g7	1179	0p13151i1o
ZG5Cn	6k1/5p2/4b2Q/2P3p1/pP3P2/p1p3PP/2P5/1KNr4 b - - 0 30	a3a2 b1a1 d1c1	1179	000i0p13151o
ZnwyF	8/6k1/7p/2R5/7P/p7/5PK1/7r b - - 2 65	a3a2 g2h1 a2a1q	1179	000g0p1h1m1o
ZpHo5	5rk1/pp4pp/5p2/5N2/3r4/6Q1/PqP3PP/5R1K w - - 0 22	g3g7	1179	0p13141b
awwzh	8/5p2/6pk/5q2/4p3/2Qp2P1/5PK1/8 w - - 2 43	c3h8 h6g5 h8h4	1179	0p13151i1o
b5rRb	rn4k1/4pp1p/4q1p1/1p6/8/2p1P3/PrQ1NPPP/K2R3R w - - 2 26	d1d8 g8g7 c2c3 g7h6 c3b2	1179	0g0s1019
blUUL	r2q1k2/pbp1p1b1/1pn2rQ1/7R/2Bp4/2P5/PP3PP1/RN2K1N1 w Q - 2 18	h5h8 g7h8 g6g8	1179	1315191n1o
ciN5l	r1b1kb1r/pp1npppp/2p2n2/5q2/3PN3/3Q4/PPPB1PPP/R3KBNR w KQkq - 7 8	e4d6 e7d6 d3f5	1179	0g0j1c1o
dk6MU	4r3/4kpp1/p6p/1p2pP2/6nP/2B5/PPPR4/2KBr3 w - - 0 31	c3b4 e7f6 d2d6 f6f5 b4e1	1179	010j0p10
dq0wh	3r3k/p2P1Qp1/np2p1Bp/4P1q1/1P6/8/P4PPP/2rR2K1 w - - 1 33	f7e8 d8e8 d7e8q	1179	000y1315191h1o
eEb1w	r1b1kr2/ppp2Npp/2n5/3Qp3/2B2q2/3K4/PPPP2PP/RNB4R b q - 2 11	c6b4 d3c3 b4d5	1179	0g0s1c1o
ei1cv	5r2/2p4k/2p4p/p2bQq2/P7/2P3R1/2P3PP/4R1K1 b - - 0 39	f5f2 g1h1 f2f1 e1f1 f8f1	1179	0p1013161n
fkZjS	r6N/pp4R1/1k2bp2/2q5/4p3/4Q3/P5PP/7K w - - 0 33	g7b7 b6b7 e3c5	1179	010i0p1o
hCPIm	1r6/R5R1/1p2pp1k/1Pp5/5P1P/2qP2P1/4r3/7K w - - 0 36	g7h7 h6g6 a7g7 g6f5 h7h5	1179	0p0q0r1013161j
iTtTQ	7r/4R2P/p4p2/1p4p1/1P2rk2/8/3K2P1/3R4 w - - 0 46	d1f1 f4g3 e7e4	1179	0g0i0p1m1o
ihNJa	2rr4/pp1k1p1p/2n2p2/qBQ5/3P4/6P1/5P1P/5RK1 w - - 3 27	b5c6 c8c6 c5a5	1179	010j191o
ipsoK	3r1rk1/pb3pbp/1p1Rp1p1/2p1P3/2B2P2/1P2P3/PB4PP/5RK1 b - - 2 17	d8d6 e5d6 g7b2	1179	0g191o
m2t6r	r1q1r2k/p5p1/np1Q1p1p/4P3/8/1PN4P/1PPK2P1/3R1R2 b - - 4 24	e8d8 d6d8 c8d8	1179	01191g1o
mVKMl	6rk/pp5p/2n5/2p2pQN/4q3/8/PP5P/5RK1 w - - 8 36	g5g8 h8g8 h5f6 g8g7 f6e4	1179	01050p0s101n
mmLKn	r1b4k/pp3Qqp/2n5/3B1p2/3P4/6P1/PP5P/5R1K w - - 4 23	f7e8 g7f8 e8f8	1179	1315191o
muG7G	r3k2r/p2p1p1p/bqp1pp2/2b5/3NP3/P1N5/1PPQ1PPP/R3K2R w KQkq - 1 12	c3a4 c5d4 a4b6	1179	01191o
n4kFq	2rq1r2/6k1/p2pB2p/1p4pP/4QPP1/2P5/PP6/6K1 w - - 3 29	e4g6 g7h8 g6h6	1179	0i0p13151o
oZwPk	3Q4/ppp2kp1/4q2p/3n4/4p3/2P1Bn1P/P4P1P/R4K1R b - - 2 22	e6h3 f1e2 d5c3	1179	1315191o
odx34	8/8/1k1p4/1p2q3/6P1/6K1/8/4Q3 w - - 6 62	e1e5 d6e5 g4g5	1179	0g0h0p1i1o
omWVc	r1bqkb1r/pp2pppp/2n5/1B6/3P4/5N2/P1P2PPP/R1BQK2R b KQkq - 0 8	d8a5 f3d2 a5b5	1179	010s11121c1o
oqIim	r5k1/R2n2Pp/1p6/8/8/8/bP4P1/7K w - - 0 32	a7a8 g8g7 a8a2	1179	010p0s0t1o
p0Lie	r2q4/pp3p1n/2p2p1k/3p1Q1P/1b1P4/4P3/PP2KP1P/6R1 w - - 0 23	g1g6 f7g6 f5g6	1179	0p0q13151n1o
pOJHj	r4r2/pp1b1p1k/1n1p3b/3Pp1Qp/2Pn4/2N2P2/PP2BB1q/R3K1R1 w Q - 4 20	e2d3 d4f5 d3f5 d7f5 g5f5	1179	0g0r1019
qJWrr	r5k1/p2q1ppp/1p3b2/2p5/3p4/3P1QBP/PPP1rPP1/4R1K1 w - - 0 22	f3a8 f6d8 e1e2	1179	0g0t0w191o
qMFwx	4rrk1/ppp2Rpp/8/1Q6/3q4/2N5/PPP2RPP/6K1 b - - 0 19	e8e1 b5f1 e1f1	1179	0g191g1o
qVre4	r2q1rk1/pp2bp2/1n1p2p1/1NpP2NB/2P1p2R/4Q3/PP1K1P2/6R1 b - - 0 21	b6c4 d2c2 c4e3	1179	0g0s191o
sJPri	2r3k1/5p1p/p3b1p1/1p6/q3PQ1P/P2R1P2/1PP1N3/1K4R1 b - - 0 27	a4c2 b1a1 c2d3	1179	010s191o
tC0BW	rq3r1k/2Q2pp1/b7/5N2/2P1PR2/3P3P/4q1PK/8 w - - 2 32	f4h4 e2h5 h4h5 h8g8 f5e7	1179	10131619
uBcEC	r2r2k1/pb2bppp/5n2/6q1/N1BB4/1P3P2/P5PP/1Q1R1RK1 b - - 2 20	d8d4 d1d4 g5e3 g1h1 e3d4	1179	01050s1011191n
ugGqV	6k1/5pbp/6p1/3B4/8/6PP/p3QP1K/q1r5 w - - 2 43	e2e8 g7f8 e8f7 g8h8 f7f8	1179	0i0p101316
uhMxV	1n1r2k1/2q2ppp/1p1bpB2/1P6/8/4PN2/4BPPP/3Q1RK1 b - - 0 18	d6h2 f3h2 d8d1 f1d1 g7f6	1179	010j1019
vRFvv	rR2k2r/4pp1p/p1p2bpB/q2p1b2/8/2NQ1N1P/P1P2PP1/1R4K1 b kq - 3 19	a8b8 b1b8 e8d7	1179	010h191o
w1jIv	3r1r1k/8/p3bqp1/1p3pN1/1P3Q2/P6P/5RP1/n5K1 w - - 4 30	f4h4 h8g7 h4h7	1179	1315191o
wBVxM	4Q1nr/pp2b1pk/7p/8/2B2q2/8/PP3r1P/1K3R2 w - - 11 26	c4d3 f4f5 d3f5 f2f5 f1f5	1179	0g10191y
wsJCE	5r1k/3P2pp/4R3/p7/1b2Bp2/5P2/PP4PP/4qQK1 b - - 5 35	b4c5 g1h1 e1f1	1179	0i0p13151o
x8aA9	8/8/5k1p/P5pP/6P1/4R2K/r3p3/8 b - - 2 66	a2a3 e3a3 e2e1q	1179	000g0i0p1g1h1m1o
xb2CH	8/1b3kr1/p5qR/2p2pP1/3p1P2/1P2r3/P3Q2P/R5K1 w - - 0 36	e2c4 e3e6 h6g6	1179	0g191g1o
yBcTY	4r1k1/QR4bp/3B2p1/3P1p2/p1r5/8/P4PPP/2q2RK1 b - - 8 34	c1f1 g1f1 c4c1	1179	051315191n1o
yi1eR	8/6k1/5R2/6K1/1p4PP/8/r7/8 b - - 0 53	a2a5 f6f5 a5f5 g5f5 b4b3	1179	0g0p10111m
zQTzV	3r1k2/7Q/4ppR1/8/3p4/8/P1q2PPP/1r3RK1 b - - 0 32	b1f1 g1f1 c2d1	1179	050p13151o
10GRP	r1bqrn1k/ppp3p1/2n3Qb/3p4/8/1P1B4/P1P1N1PP/R4RK1 w - - 3 20	f1f8 e8f8 g6h7	1180	0y1315191n1o
1cDrA	2k2r2/2p5/pp4p1/3R2Q1/5qP1/1P6/P1P5/1K6 w - - 0 34	d5d8 f8d8 g5f4	1180	0g0i0p1o
20c5O	6k1/1p3pp1/p6p/6q1/P1P3Q1/2P2P2/1P2r1PP/R5K1 b - - 2 30	g5e3 g1h1 e2e1 a1e1 e3e1	1180	060p101316
2NZhT	r1bqkb1r/pp5p/2p3p1/3p1nn1/8/3BP1Q1/PPPNNPPP/R3K2R w KQkq - 6 13	g3e5 e8f7 e5h8	1180	010s191o
41Wo4	2kr3r/2p2ppp/8/p2PP3/1qb2Q2/2N5/1PPR2P1/1K1R4 b - - 0 22	c4a2 b1a2 b4f4	1180	0g0j191o
55Y47	1k1r3r/pp4b1/3qQ3/5pPp/3p1P1P/3P2BN/PP6/1KR5 w - - 1 27	c1c8 d8c8 e6d6	1180	0g0i191k1o
5gU60	r6k/5p2/5N1q/1p2Pr1p/3p4/5Q2/1PP3PP/1K6 w - - 0 32	f3a8 h6f8 a8f8	1180	0p0t13151o
6JGoL	2R5/p4Bpk/1p6/6P1/1q1p3P/3R4/P3r3/K7 w - - 3 36	g5g6 h7h6 c8h8	1180	0p13151o
7860F	r3r3/5q1k/4p1p1/8/p2Q4/1p4P1/2p2PK1/2R5 w - - 0 42	c1h1 h7g8 d4h8	1180	0p13151o
8BtdS	r3r2k/pp3pp1/2p2q2/3p4/8/1PQ1PnBP/Pn3PP1/2R1KB1R w K - 1 24	g2f3 d5d4 c3b2	1180	0g191o
8LgiV	6R1/2p5/p2p1p2/5P2/2rk4/3q4/1K1Q3P/8 w - - 6 47	g8g4 d4e5 d2d3	1180	010i0p1g1o
8qBBR	6k1/1R2Q1pp/6r1/2pP4/8/6P1/3p1q1P/7K w - - 8 34	b7b8 f2f8 b8f8	1180	0p13151o
9AlPu	6k1/5p1p/1b3pp1/1P6/8/3q1N1P/1Q3PP1/6K1 b - - 0 34	d3d1 g1h2 b6c7 g2g3 d1f3	1180	010i0p1011
BaOP1	1r2r1k1/1p1b1pbp/p3p1p1/4n3/P2qNQ2/6P1/1PP3BP/1R2R2K w - - 0 25	e4f6 g7f6 f4d4	1180	010j0s191o
Boqic	8/1Q3p1k/6p1/8/5q2/P2rR3/1P3P2/2K5 b - - 0 35	f4c4 c1b1 d3d1	1180	0p13151o
C8mOX	5b1k/1R6/p1Q2qp1/4p3/8/1P2P1p1/P4PBP/6K1 b - - 0 28	f6f2 g1h1 f2e1 g2f1 e1f1	1180	0p101316
CAq3N	3q1r1k/p5b1/bp1pB1Rp/2rn4/P1P1Pp2/5P1Q/3N3P/7K w - - 0 30	g6h6 g7h6 h3h6	1180	0y1315191o
CGu2X	2r1r2k/1p4Rb/1q3p1P/5N2/3P2Q1/2b1p3/1B3P2/1K6 w - - 3 37	g7h7 h8h7 g4g7	1180	051315191n1o
E6rnR	3r3k/ppp3pp/2n5/3Q4/2P3b1/P2Bp1N1/1P1q2PP/1K3R2 w - - 1 20	d5d8 c6d8 f1f8	1180	0y1315191n1o
ECMRJ	6k1/1b3p1p/3p2pB/2p5/1pP1r1Q1/3n3P/5qP1/R6K w - - 0 33	a1a8 b7a8 g4c8 e4e8 c8e8	1180	101316191n
G91rE	3r3r/p5pp/2k5/8/1RB5/2n5/P4PPP/RNB3K1 b - - 0 17	d8d1 c4f1 c3e2 g1h1 d1f1	1180	060i0s101316191g
GAz8V	8/8/p1p5/2P2p2/3N1r2/p1P1K1k1/3N4/8 w - - 0 46	d4e2 g3g4 e2f4 a3a2 d2b3	1180	0g0h0p0s10
GTOmu	r4r2/p2bk1pQ/4pq1p/1p1p4/2p4P/2P1N1P1/PPB2PK1/4R3 w - - 6 29	e3d5 e7d6 d5f6	1180	0g191g1o
GZe67	3r1bk1/1p3pp1/2p2n1p/2P2P2/1P4P1/1Q1pR2P/qB1N1P2/6K1 b - - 2 29	a2b3 d2b3 d3d2 b3d2 d8d2	1180	00011019
HZeEB	rr4k1/5pp1/4p2p/p7/2R5/1q1Q3P/1P3PP1/1R4K1 w - - 1 24	c4c8 b8c8 d3b3	1180	010i0p1o
HjWBq	8/1pR5/2b1k1p1/P4p1p/8/1K4P1/8/8 w - - 3 40	c7c6 b7c6 a5a6	1180	0g0p1n1o
J7TxD	3r1k2/p4p1p/3pq1p1/2p1rN2/2P1P3/1P3P2/P2Q2RP/6K1 w - - 2 30	d2h6 f8e8 f5g7 e8e7 g7e6	1180	0g0p0s10
JWxox	r4r1k/pp3q1p/3pb3/n1p1p3/4P3/2PP2N1/PPQ1BPR1/1K5R b - - 7 25	e6a2 b1a1 a5b3 a1a2 b3d4 a2b1 d4c2	1180	010j0k191k1n1w
JqrTG	4k1nr/Qp3p1p/2p3pB/4P3/6q1/8/PPP2PPP/RN1r1RK1 b k - 0 15	d1f1 g1f1 g4d1	1180	050y1315191o
MICHz	2b1r1k1/6b1/4p3/p2pqpNR/7Q/3p4/PP3PK1/R7 w - - 0 29	h5h8 g7h8 h4h7 g8f8 h7f7	1180	0d0r101316191n
MLb7c	6k1/5pp1/R3p2p/4r3/8/P1Bb1P2/5KPP/8 b - - 0 32	e5e2 f2g1 d3a6	1180	0g0p1o
MQnnN	2kr1b1r/1pp4p/p3p1p1/3p1p2/2PP1P2/3PB3/Pq4PP/R2QKB1R b KQ - 1 17	f8b4 e3d2 b4d2 d1d2 b2a1	1180	0g0r1019
NCsvA	1rr2bk1/1q3p1p/3p2p1/1p1Qp3/1P5P/3PP1P1/1B3P2/2R2RK1 w - - 1 25	d5b7 b8b7 c1c8	1180	0b0g11191o
P98xA	r1b1r3/ppp1bkpp/8/3p1B2/3P4/5P2/PPP1QK1P/4R2R b - - 0 17	e7h4 f2g2 e8e2 e1e2 c8f5	1180	010j1019
PDhbX	6r1/1kp2p2/p1q5/2b3pp/2N5/1PN1p1Pb/PBprQ2P/R3R1K1 w - - 4 27	c4a5 b7b6 a5c6	1180	010s191o
PVaGK	5rk1/pR5p/4p1p1/3Pn3/8/2P1BP1q/5Q2/5RK1 b - - 0 32	e5f3 f2f3 f8f3	1180	01191o
Pem0m	r3r1k1/p2N1pp1/1qnR3p/1p1R4/1P6/P1P3PP/2Q3B1/7K b - - 3 27	e8e1 g2f1 e1f1 h1g2 b6g1	1180	0r0y10131619
Qi5jJ	4r3/6R1/2k4p/8/K7/1P4P1/P1n4P/8 b - - 0 50	e8a8 g7a7 a8a7	1180	0p13151o
QyoP0	2k1r2r/ppp1R3/5p2/6p1/3B3p/1QP5/PP2KP2/7q w - - 2 24	b3e6 c8b8 e7e8 h8e8 e6e8	1180	0p1013161k
RaZB1	6k1/2R2p1p/3N1bp1/2pP4/2P5/8/6PK/2r5 w - - 1 35	c7c8 g8g7 d6e8 g7h6 e8f6	1180	0g0i0p1011
RePLN	r1q5/p1p1r1kp/1p3pp1/8/3n1Q2/8/PPP3PP/3R1RK1 w - - 0 25	f4f6 g7g8 f6e7	1180	0g0s191o
SNoWX	br4k1/4pp1p/p5pb/N7/2P5/5P2/n1PN2PP/3KRB1R b - - 4 28	a2c3 d1c1 b8b1	1180	1315191g1o
SXjMC	6rk/p1pQ2p1/1p5p/4Bp1P/3Pp1P1/4nP2/3RK2R/q7 b - - 3 28	a1f1 e2e3 f1f3	1180	1315191n1o
T93qg	3r4/R4pk1/1P2b3/6P1/5n2/8/5PP1/5R1K b - - 0 42	d8h8 h1g1 f4e2	1180	0p13151o
TKply	2r2r2/5p1k/p3pBpp/2pbP3/1R3Q2/8/q4PPP/5RK1 w - - 0 27	f4h6 h7h6 b4h4	1180	051315191f1n1o
Uv2Rr	4r3/p4kp1/4R2p/2p2P2/6P1/2K4P/P7/8 w - - 1 41	e6e8 f7e8 c3c4	1180	0g0p1m1o
Uz5QX	6k1/3p3p/Q3p1p1/3b4/3b3P/1P4q1/1PP3P1/5R1K w - - 0 31	a6c8 g8g7 c8f8	1180	0p13151o
VTiGO	7k/ppp2r2/3pb2p/4P2P/2P1n2q/4Q1R1/PP2B1P1/6K1 w - - 0 28	e3h6 f7h7 h6f8 e6g8 f8g8	1180	0r0s10131619
WEUH1	6rk/4q1p1/pp3pRp/4pP1P/4PrQ1/8/P4P1K/6R1 w - - 6 39	g6h6 g7h6 g4g8	1180	0j0p13151o
WVQOB	r1bqr1k1/1p3p2/p1n2n1Q/3p2N1/5b2/3B4/PPP2PPP/R4RK1 w - - 3 20	d3h7 f6h7 h6h7 g8f8 h7f7	1180	0y10131619
WoVX9	r7/p3kpp1/2Q1p1p1/2p5/4P1P1/2N2P2/PP3q2/R6K b - - 1 24	a8h8	1180	0p13141b
YCL8u	6k1/pp3r1p/2nq4/7Q/P1B5/2P2p2/2K3P1/8 w - - 0 33	h5f7 g8h8 f7g8	1180	0p13151o
YYJ6o	r5rk/1pp1qp1p/3p1p1B/p1b1p3/2B1P3/P2P1P2/1PP2PQK/6R1 w - - 5 18	h6g7 g8g7 g2g7	1180	0y1315191o
ZNKvL	2k3r1/p1p5/2pb1p2/8/3P3p/2P1P3/PP1B2rP/4R1RK b - - 3 25	g2h2	1180	0p1113141b1d
ZsaW2	4k2r/5ppp/4p3/b2pP3/P5P1/7P/4KP2/1R6 w k - 2 29	b1b8 a5d8 a4a5 e8g8 a5a6 d8c7 b8f8 g8f8 a6a7	1180	00010p1g1l1w
aZjH8	2r5/p5Qp/1p1Pkn2/2r1pp2/2P5/P7/5P1P/2R3K1 b - - 5 31	c8g8 g7g8 f6g8	1180	0g0p1g1o
b0Mq2	8/8/1R6/5p2/7P/n1k2P2/6P1/1q1K4 w - - 0 52	b6b1 a3b1 h4h5 c3d4 h5h6	1180	0g0p101l
b8aM4	rnb2rk1/pp3pp1/2pp3p/7q/3P1n2/P1PBN1RP/2P2PQ1/R1B1K3 w Q - 12 18	g3g7 g8h8 g7h7	1180	0y1315191d1o
buxYB	r4r1k/ppp1bBpp/2n5/7Q/8/3P1R2/PqP3PP/RN5K w - - 0 16	h5h7 h8h7 f3h3 e7h4 h3h4	1180	050y101316191f1n
bxVrB	5rk1/5ppp/8/p7/PrQ5/3P4/Bq3PPP/4R1K1 w - - 2 29	c4f7 f8f7 e1e8	1180	0p13151g1n1o
ch6AG	n7/p7/2nR3p/P1q2ppk/8/4NP2/1P4PP/1K6 w - - 3 37	g2g4 f5g4 f3g4 h5h4 d6h6	1180	0p101316
cq2fs	5rk1/p5pp/8/8/2pP4/Q1P1np2/P5RP/1R5K b - - 0 35	f3g2 h1g1 f8f1 b1f1 g2f1q	1180	000p1013161h
dyXYI	Bn1k3q/p1p3pr/3p4/4P3/4P1P1/2P2NP1/PP3P2/R4RK1 b - - 0 23	h7h1 g1g2 h8h3	1180	0y1315191o1u
e0SFZ	2n5/2Nk1n2/5P2/p2pP3/P1pP4/2P5/1K6/8 w - - 3 58	e5e6 d7c7 e6f7	1180	000g0p0s0z111o
eGR1R	5Qnk/p5R1/1p2N2p/8/8/2p5/3p1PPP/2q2RK1 b - - 2 38	c1f1 g1f1 d2d1q	1180	00050p13151h1o
eMq3O	r3nr2/1p5k/2p4p/3qp2P/3P4/pP4Q1/P1P5/2K3R1 w - - 0 29	g3g6 h7h8 g6h6	1180	0i0p13151o
engxh	r1b2r1k/2q3pp/p4b2/n3pp2/PPB5/2P4R/1B2Q1PP/3R2K1 w - - 0 22	h3h7 h8h7 e2h5	1180	050y1315191n1o
esFWR	8/pp1R3p/4p1p1/2p1q2k/3R4/2P5/PP3P2/5K2 w - - 0 31	d7h7 h5g5 f2f4 e5f4 d4f4	1180	0g0p0s101j
fAssq	4r3/8/p2Rr1kp/6p1/5p2/QP6/2q2PPP/3R2K1 b - - 4 39	c2d1 d6d1 e6e1 d1e1 e8e1	1180	060p1013161n
fZUxd	8/8/8/p1p1k3/P7/1PK5/8/8 w - - 3 54	c3c4 e5d6 c4b5 d6d5 b5a5 c5c4 b3c4	1180	0g0p1e1w
g612E	3r2br/4k1p1/3qp1P1/1B1p4/3Q1P2/7p/P7/3K1R2 w - - 2 46	d4g7 g8f7 g7f7	1180	0s111315191o
gEZCG	8/5pk1/5R1p/3p1K1P/2r2PP1/8/8/8 b - - 0 49	c4f4 f5f4 g7f6	1180	0g0i0p1m1o
gdLVu	3r2k1/8/3P3b/2P1pr2/6p1/2NQ2P1/PP3qB1/3R1R1K b - - 3 31	f5h5 g2h3 h5h3	1180	1315191o
gykeI	r1bq3r/pppN2k1/2np2np/2b5/2BpPQ2/5N2/PPP2PPP/R3K2R w KQ - 4 13	f4f7	1180	111314191b
h7qPt	2r5/3bp2k/3p2pp/1p1P1p2/q7/rNn1P1PP/1R1Q1PBK/2R5 w - - 2 29	c1c3 c8c3 d2c3	1180	0111191o
hl0tH	1r4k1/4qp1p/4p1p1/p1Qp4/P2r1P2/1P3PP1/7P/1RR3K1 b - - 1 25	d4d1 c1d1 e7c5	1180	0g0i0p1o
i25p4	2Q2rk1/3R3p/1p5r/1P1p4/3PpPp1/6q1/6PP/2R4K w - - 2 30	c8f8 g8f8 c1c8	1180	050p13151n1o
iOGcn	r5k1/ppp2ppp/4r3/4P1N1/2PP1bn1/3Q3q/PB3P2/R2R1NK1 b - - 2 25	f4h2 f1h2 h3h2 g1f1 h2f2	1180	0y10131619
iYppl	3q3k/p6p/2np2b1/1r5N/3pp1B1/8/PP3QPP/5RK1 w - - 2 26	f2f8 d8f8 f1f8	1180	1315191o
j2X9X	5r2/p2R4/1p3qkp/2p1p1p1/2Q1P1P1/2P5/P5PP/5BK1 b - - 2 26	f6f2 g1h1 f2f1 c4f1 f8f1	1180	060i0p101316
jVo7v	2r2rk1/4pqb1/p2p4/7n/2pP2Q1/2N4R/PPPB2PP/R5K1 b - - 0 23	f7f2 g1h1 f2f1 a1f1 f8f1	1180	060s101316191n
jYQx9	2b2rk1/6b1/p5Qp/1p1pP3/2p5/2q2PN1/8/1B2RK1R b - - 0 39	c3f3 f1g1 f3f2	1180	1315191o
jrIAs	1k4r1/pp1b1p2/4p2p/PP1pP3/P2q4/3B2P1/3N1P2/R2Q1RK1 b - - 0 20	g8g3 g1h1 d4h4	1180	0y1315191g1o
k11oY	R3N3/6k1/6pp/2PP4/1P1b4/4r2P/6P1/6K1 b - - 4 38	e3e8 g1f1 e8a8	1180	0g0j0k0p1o
k4ZqV	7k/2p2p1p/p1p1r1p1/3p4/8/PBN3R1/1qPQ4/3K4 b - - 1 31	b2a1 d2c1 e6e1 d1e1 a1c1	1180	050g0i0p10
l4UmP	1k1rr3/1pp2p1b/6p1/1p3P2/Q1PBq1P1/P2RP3/2KR4/8 w - - 0 29	a4a7 b8c8 a7a8 c8d7 d4f6	1180	0g0j0k10191k
lSF9w	r3k3/1Q1b4/p3pP2/3p1p2/3B1qp1/P2B4/5PP1/1K1R4 b q - 0 22	a8b8 b7b8 f4b8	1180	01191g1o
mDo7L	8/5p1k/2R4P/5p2/8/1q3N2/p4PK1/8 w - - 1 52	f3g5 h7h8 c6c8	1180	0p13151o
mjE7T	3r2k1/1b4p1/2p1p2p/p1R2p2/P2Pq3/3R1Q2/1P4PP/6K1 b - - 9 26	e4e1 f3f1 e1f1 g1f1 b7a6	1180	010p101g
o1xNp	r4rk1/2pqbppp/p1b5/4R1N1/p1N2Bn1/2P3P1/PP5P/R2Q2K1 w - - 3 21	d1d7 c6d7 e5e7	1180	010b191o
oZzse	r4r1k/ppp3p1/7p/4N3/n1n5/2Q1P3/PP3qB1/2KR2R1 w - - 1 26	e5g6 h8h7 g6f8	1180	010s191o
ob4O5	r2q2k1/2p3p1/7p/1n6/p3P1P1/3PB3/2PQ2P1/R4K2 b - - 0 26	d8f6 f1g1 f6a1	1180	0g0p0s1o
ocNaA	rnbqrk2/pp5Q/5p2/b2p4/8/1N1B2P1/PPP4P/R1BK3R b - - 2 20	c8g4 d3e2 g4e2	1180	13151c1o
ouZq6	Q7/1p1bNppk/1p1p3p/4pP2/4P2q/1P1P4/1Pr2RPN/7K b - - 0 22	c2c1 f2f1 c1f1	1180	0y1315191g1o
pujFn	5b1k/8/p7/3Nq1pp/2P1Qp2/1P3K1P/P5P1/8 b - - 9 45	g5g4 h3g4 h5g4 f3g4 e5e4	1180	0g0p0r10
qkGHi	1k6/pp1R2p1/2p4p/2P1rB2/1r6/7P/6P1/6K1 w - - 2 36	d7d8 b8c7 d8c8	1180	0p13151d1o
rc6jk	8/ppR1N2p/5k2/6pK/1P1r3n/P2p3P/5r2/4R3 w - - 0 33	e7g8 f6f5 c7f7	1180	0p13151o
rpCTd	6B1/1R5p/6pk/5b2/2P2p1P/2bp4/P5P1/3K4 b - - 4 41	f5g4 d1c1 d3d2 c1c2 d2d1q	1180	000g0p0r101h
rpHoK	r3k2r/5pp1/p2p3p/1pp1p1q1/4PbQn/P1PP4/1P3PNN/R1B2RK1 b kq - 2 19	f4h2 g1h2 g5g4	1180	0g0y191o
skvia	R7/3k3p/2pp1r1N/p4b2/n1PK1p2/2N2P2/P7/7R b - - 1 33	c6c5 d4d5 a4c3	1180	0i1315191o
t1tDx	1k2r3/pp6/2p1n3/2N4p/P1P3p1/6P1/1P3KP1/4R3 b - - 1 30	e8f8 f2g1 e6c5	1180	0g0p1o
tBNzi	r4r2/5k2/1q3n1P/p3p3/2p1P3/Qb6/1Pp2N2/2K3RR w - - 0 37	g1g7 f7e6 a3e7	1180	1315191o
tg0ep	r2qr3/3n1k2/1p1p1B1R/p2Pp3/P1PP3b/1P6/5P1P/6RK w - - 7 29	g1g7 f7f8 h6h8	1180	1315191f1o
uhYC3	Q4bk1/p4p1p/1p3Pp1/8/1p1p4/q6P/2RK1PP1/8 w - - 2 25	a8f8 g8f8 c2c8	1180	050p13151n1o
uroEy	7r/8/2p2p2/8/R5R1/3k2P1/P5K1/7r b - - 0 46	h8h2 g2f3 h1f1	1180	0p13151m1o
utkFk	4k3/5R1R/p3pBp1/1p4P1/4bPK1/3r2P1/5r2/8 w - - 0 36	f7e7 e8f8 h7h8	1180	0p13151f1o
vLgFH	5n2/pp3k1p/7r/5P2/8/5NrB/PPP3PK/3R4 b - - 3 29	h6h3 g2h3 g3f3	1180	010i0p11121o
wEzS8	r2q2k1/p5p1/2p4p/2P1bQ2/1P2n3/2P4P/1P2N1P1/R1B3K1 b - - 2 23	d8d1 f5f1 e5h2 g1h2 d1f1	1180	0g0i0s1019
x5OoJ	r7/pppkBQ1p/3q4/4p2n/4P3/2NP3P/PP4P1/n2K1R2 b - - 0 18	d6d3 d1e1 a1c2 e1f2 d3e3	1180	0r10131619
xIS2R	r4k2/p5pQ/1p2p3/2n1P3/3P1pq1/3B4/PP3K2/3R1R2 b - - 0 28	g4g3 f2e2 g3e3	1180	1315191o1s
xWp02	r4r2/2Q1N1k1/p3q1p1/3pP1Pp/8/8/PP4P1/R4nK1 w - - 0 28	e7f5 g7h8 c7g7	1180	0k0m1315191o
xezkK	8/5ppk/p6p/q2pP3/7P/Pr3NPK/1r6/2RQ4 w - - 4 30	f3g5 h6g5 d1h5 h7g8 c1c8 a5d8 c8d8	1180	0d0p13171n1w
xk8zY	1rB3k1/5ppp/4p3/2n5/3N4/8/2p2PPP/2R2K2 b - - 1 28	b8b1 d4c2 b1c1	1180	0g0p1g1o
xwerZ	4r1k1/p1qn1bp1/2pN2r1/2P1p2Q/B4p2/P2P3P/5PP1/4RRK1 b - - 6 30	g6g2 g1g2 f7h5	1180	0g0j0y191o
zAker	r5q1/pp3p1k/5Q2/2pr4/8/1PPP4/1P5P/2K3R1 w - - 0 27	f6h4 d5h5 h4h5	1180	0p13151o
zQKys	r4rk1/2bn1ppp/ppNNp3/3b4/P7/4B3/2R2PPP/2R3K1 w - - 6 26	c6e7 g8h8 c2c7	1180	0g0j191o
zQVCa	2r5/7p/p1P1R1p1/3p2k1/6N1/1P5P/P5PK/2r5 w - - 1 38	e6e5 g5f4 g2g3 f4f3 e5e3	1180	0p0u101316
zRm7d	4rk2/Q7/2bP1p2/1p1p1q1p/p6P/P4pP1/1P5B/4R1K1 w - - 4 33	e1e8 c6e8 a7e7 f8g8 e7e8	1180	0g0i0p0r10
zqLzr	r4b1r/pp2k2p/2n1ppb1/1Np1N3/2P5/8/PP3PPP/2KR1B1R w - - 0 15	d1d7 e7e8 b5c7	1180	1315191o
0D7tY	1r2r1k1/2Q3pp/p7/1p3R2/4R3/7P/Pq3PP1/6K1 b - - 1 29	b2b1 g1h2 b1e4	1181	0g0p0s1o
0JW5p	8/2p3pk/8/5r1p/PP2Q3/7P/4N1PK/5q2 w - - 0 38	e2g3 f1f4 e4f5 f4f5 g3f5	1181	0g0p0s10
1olbT	5rk1/5pp1/3p4/p2Nq3/1p2P1Q1/1P6/1P3RKP/4r3 w - - 1 32	d5f6 e5f6 f2f6	1181	010p1g1o
3ApXr	1k3r2/pp4Qp/1q6/8/1br1p3/P7/1PBPPP1P/R1B1K2R b KQ - 0 20	b6f2 e1d1 f2f1 h1f1 f8f1	1181	04101316191n
3V5yp	rn3b1k/1bp3pp/pp1q4/4n3/P1B5/1QN1B3/1P3PPP/3R1RK1 b - - 1 18	e5f3 g2f3 d6g6 e3g5 g6g5 g1h1 b7f3	1181	0y1317191n1w
5CtqY	1r4k1/5ppp/6b1/3P4/4P3/5P1P/q5P1/1Rq1Q2K w - - 0 35	b1b8 c1c8 b8c8	1181	060p0t13151o
5hB5N	2r5/3r1k1p/p2pRbp1/1p1P1p2/3R4/P1B2P2/1P4KP/8 w - - 8 33	e6f6 f7f6 d4c4 f6f7 c4c8	1181	0g0j0k0p101n
6NM3P	r2qr3/pp1n1k1B/7p/3p2p1/3p2n1/2P3P1/PPQN2PP/4R1K1 w - - 0 19	c2g6 f7f8 g6g8	1181	1315191o
6PLAy	2k1r2r/1pp2pp1/2p5/4p1B1/P1PbPq2/3P1N1p/5P1P/1R1Q1RK1 b - - 0 21	f4g4 g1h1 g4g2	1181	0y1315191o
6huyh	3r3r/2p1k1p1/4pn1p/pPb1p3/3nP2B/1B3P2/1PP3PP/1NKR3R b - - 0 19	d4e2	1181	1314191b
6wbQ5	5q1k/6p1/b1pRQn1p/p7/2P2P2/8/r3B1PP/5R1K b - - 1 27	a2e2 e6e2 f8d6	1181	010i191o
7o219	4Qbk1/pb1p2pp/1p1q4/2p2R2/6PK/8/PP5P/8 w - - 4 30	e8f7 g8h8 f7f8 d6f8 f5f8	1181	060i0p101316
8m5Yf	r7/8/1K4p1/p1Pk4/1p2Nb2/7P/P3R3/8 w - - 12 39	e4f6 d5d4 e2e4	1181	0g0p1o
90N2U	6rk/6pp/p7/1p2Q3/3BR3/1P3qPb/P4P2/6K1 w - - 1 35	e5g7 g8g7 e4e8 f3f8 e8f8	1181	0d0p1013161g1n
A6UFs	8/6p1/4kp2/1R6/1PpBP1KP/2Pn1P2/2r5/8 b - - 0 57	c2g2 g4h3 d3f4	1181	0f0p13151o
AT6Df	4r1k1/ppq2ppp/8/8/4R1n1/P7/2N1BRPP/3Q2K1 b - - 0 23	c7h2 g1f1 h2h1	1181	1315191o
CUo42	7r/p5pk/6p1/5p2/2P3r1/5Q2/P4P2/2R4K b - - 0 32	h7g8 f3h3 h8h3	1181	0j0k0p13151j1o
CpdWU	r3r1k1/ppp2ppp/5n2/3PNn2/1qP5/1P4P1/P1Q1RP1P/RN4K1 b - - 2 17	f5d4 c2d1 d4e2	1181	0g0s191o
D4uWk	2k4r/1bp3b1/p7/1pB1p3/8/2P2N2/PP2Q1PP/3R1n1K b - - 0 27	f1g3 h1g1 g3e2	1181	0g191g1o
DKbx7	2r5/1p3pbk/6p1/3Pp2p/1Br1P3/2P5/q3QPPP/2R1R1K1 b - - 3 22	a2e2 e1e2 c4b4	1181	01191o
DKseR	r7/pp1Qnkp1/2p1ppp1/2q5/6P1/2P3Br/P1P2P2/3R1RK1 w - - 4 21	g3d6 c5c4 d7e7	1181	0111191o
DYB9O	r1bq1rk1/1p2n1pp/p1n2p2/3B4/1b1N3B/2N5/PPP2PPP/R2Q1RK1 b - - 0 12	e7d5 d4c6 b7c6	1181	011c1o
DekX1	3q1rk1/5ppp/2b5/R1p1pN2/2P5/3Q2P1/5P1P/6K1 w - - 3 30	d3d8 f8d8 f5e7 g8f8 e7c6	1181	010p0s10
DqTcq	2r2r1k/p4p1p/1p3p2/2q5/8/1Q5R/PPP4P/1K4R1 w - - 6 30	h3h7 h8h7 b3h3 c5h5 h3h5	1181	050p1013161n
Dtoxn	r2k4/ppp3q1/7p/3p1b2/5PP1/2P2Pbp/PP2K3/RN1Q1R2 b - - 0 23	g7e7 e2d2 g3f4	1181	0w1315191o
Eylz2	r3kbQ1/pp6/4pB2/q2p4/8/2N4r/PPP5/1K6 w q - 0 26	g8e6 f8e7 e6e7	1181	0s11121315191o
FbUTe	r1bq1b1r/pp2k1pp/4pp2/1P1nN2Q/3P4/8/PP2BPPP/3R1RK1 w - - 2 19	h5f7 e7d6 e5c4	1181	1315191o
G0xYb	4k3/2R4p/4K1p1/2B3r1/8/8/8/3b4 w - - 0 67	c7c8	1181	0p13141b
G9RgI	r6k/pp4p1/2pp3p/4p3/4PbQq/2N2P1n/PP3PK1/R3R3 b - - 1 24	h4f2 g2h3 f2h2	1181	1315191n1o
GQKxi	3R4/2p2Bpk/8/4bPp1/6P1/7P/pr6/7K w - - 0 38	f7g6 h7h6 d8h8	1181	0p13151o
GQSZR	r1r3k1/qb3p1p/1Q2p1p1/n7/8/P3PN2/4BPPP/RR4K1 b - - 0 22	c8c1 b1c1 a7b6	1181	010i191o
HRXVU	1rb2R2/p1N4p/4B1pk/1p2p3/1P4Pb/2P5/P6P/7K b - - 1 30	c8b7 h1g1 b8f8	1181	0g0j0p1o
HustC	rn1q3r/2p2kpp/p2b1p2/1p1b4/5B2/3P3P/PPP2PP1/RN1Q1RK1 w - - 0 12	d1h5 f7f8 h5d5	1181	010s1c1o
IXzBt	6k1/1p3p1p/1B2p1p1/2b1rn2/5P2/1PN5/1P4PP/1R5K b - - 2 26	f5g3 h2g3 e5h5	1181	0d0p13151f1n1o
K994n	8/1p6/p2R1ppp/P7/3Rr3/5kP1/1r3P2/6K1 w - - 1 38	d6f6 f3e2 d4e4	1181	0g0i0p1m1o
KB45i	r1b2rk1/6pp/2p1pq2/ppP2p1P/8/3BQN2/PP1K1PP1/R6R b - - 0 16	f6b2 d3c2 f8d8 d2e2 b2c2	1181	010i0r1019
KDBRo	2rqr1k1/4b1B1/p7/1p2N3/3n4/2PB3p/PPQ3b1/R3R1K1 w - - 0 23	d3h7 g8g7 c2g6 g7h8 e5f7	1181	0f0r0y101316191n
KNFSs	5rk1/p3pp2/2p3P1/1b5p/1P2Q2K/2r5/P5PP/R7 b - - 0 28	c3c4 e4c4 b5c4	1181	010p1g1o
KNVLB	2r1kr2/p1b3Q1/2R1p1p1/4n3/8/q7/5PPP/3R2K1 w - - 1 37	c6e6 a3e7 e6e7	1181	1315191o
KXvZC	3r2k1/3r1ppp/2b5/pp6/2p5/5P2/P1Q3PP/1B1qR2K w - - 0 26	c2h7 g8f8 h7h8	1181	1315191o
LLbX2	r1r3k1/1q1b1ppp/n7/p2N1p2/1b1P1N2/1Q2PP2/4BKPP/R6R b - - 2 20	b4e1 h1e1 b7b3	1181	0g0j11191o
LnZ9v	3r4/pp2bkpp/4bn2/2p5/3qNP2/Pn1P4/1P4PP/1RBQ1R1K w - - 7 18	e4g5 f7g8 g5e6	1181	0g0i191o
M7quB	8/5pkp/2qN1np1/1p2Q3/1P3P2/4P1K1/5P1P/8 b - - 2 35	c6d6 e5d6 f6e4 g3f3 e4d6	1181	01050p0s10111n
MbYk6	6R1/3rkp2/4p1p1/7p/p1QP4/4P3/P2q2PP/6K1 w - - 4 34	c4c5 e7f6 c5e5	1181	0g0p1o
Mpnbt	8/2k5/KR6/1p6/8/Pr4P1/8/8 b - - 4 55	b3a3 a6b5 a3b3 b5c5 b3b6	1181	0g0p101m
MwP8n	2rq4/8/p2k4/1pp1r1N1/5QbP/6P1/PP4B1/6K1 w - - 2 27	g5f7 d6e7 f7d8	1181	0g0s191o
NY5eH	8/3b1p2/4pbkp/pp4p1/2p1PPP1/P1P1K2P/1PBN4/8 w - - 0 37	e4e5 g6g7 e5f6	1181	0g0j0k0p1o
P1REy	r1r3k1/p1q1np1p/4p1p1/3n4/2NP4/R1PQP2P/3B1PP1/5RK1 b - - 5 22	c7c4 d3c4 c8c4	1181	01191o
PnxPW	2kr4/n1pp2bp/8/Q7/8/2PP1P2/2KBrq2/2R5 w - - 3 24	a5a6 c8b8 c1b1 f2b6 b1b6 c7b6 a6b6	1181	01191w
QDFqb	r1bk2nr/1p1ppp1p/p1n3p1/1NB5/2P1P3/3P4/P2KBPPP/7R w - - 0 13	c5b6 d8e8 b5c7 e8f8 c7a8	1181	010s1019
QZYxH	r3k3/4bpQ1/pq1p1n2/4p1B1/R1PnP1r1/1pNP4/1P3PPP/5RK1 w q - 2 20	g7h8 e8d7 h8a8	1181	0g191o1p
R4dGr	5rk1/p4ppp/1pN1p3/1P6/Pn6/3qP3/1B3PPP/Q1b3K1 w - - 0 25	c6e7 g8h8 b2g7	1181	0y1315191o
RFF2K	rnb1kb1r/ppp2ppp/3n1q2/1N1Bp2Q/8/8/PPPP1PPP/R1B1K1NR w KQkq - 3 7	b5c7 e8d8 c7a8	1181	0g0s1c1o
RfElu	8/8/5RP1/8/6kn/8/1rpK4/8 w - - 0 46	g6g7 c2c1q d2c1 b2b8 f6f8 b8f8 g7f8q	1181	000g0p11121h1w
S0NO8	8/p5pk/2Q2p1p/3p2r1/8/3q3P/P4R1K/5R2 b - - 0 29	d3g3 h2h1 g3h3 f2h2 h3f1	1181	0i0p101316
S0Ygr	r4k1r/ppp4P/2n1B3/4b3/5P1P/2p5/PPP5/R1B1K2R b KQ - 0 17	c3b2 c1b2 e5b2	1181	00010s191o
S1nNd	5r1k/p4r1p/2Q3p1/8/3P1q2/2P1p3/PP2R1PP/4R1K1 b - - 2 29	f4f1 e1f1 f7f1	1181	010p13151n1o
UDH2W	4r1k1/5p1p/6p1/2pQ4/8/1B6/P3r1PP/4q1NK w - - 1 35	d5f7 g8h8 f7f6	1181	0p13151o
UgPHj	8/4q3/2p1p1pk/2PpPrN1/2nP1PK1/1Q6/8/8 w - - 9 41	b3h3 h6g7 h3h7 g7f8 h7h8	1181	0p101316
Uj1Lz	1r2kb1r/3n1ppp/p1Q1pn2/2ppN3/3P1B2/2P1P3/q4PPP/1N3RK1 w k - 0 14	e5d7 f6d7 f4b8	1181	010j191g1o
Um4Ad	8/1Q3p2/pR1pr3/4p3/P1PkPq2/8/4K1P1/8 w - - 4 47	b7d5 d4c3 d5d3	1181	0p13151o
UyuzK	r2qkbr1/p1ppnp1p/1p2pQ2/1P6/2P5/P3P3/3P1PPP/RN2KB1R b KQq - 0 10	f8g7 f6f3 g7a1	1181	01191o1p
VQgma	8/2p2ppk/R6p/n1p1P3/8/4RN2/q4PPP/6K1 w - - 0 27	f3g5 h6g5 e3h3 h7g8 a6a8	1181	0d0p1013161n
WIoKQ	3r1qk1/pp3pp1/7B/2p1PQ1N/2b1R3/8/PP4PP/6K1 b - - 0 30	d8d1 g1f2 d1f1 f2g3 f1f5	1181	0g10191p
WnJ4x	3r4/1pp1k1pp/p1q2n2/8/1PR2Q2/6PB/P3PP1P/6K1 b - - 0 29	d8d1 h3f1 d1f1 g1f1 c6h1	1181	050p1013161n
Xr5pR	4rk1r/ppp4p/2np1p1n/2b2Q2/2B1q3/8/PPP2PPP/RN3RK1 w - - 0 13	f5f6 h6f7 f6f7	1181	0s1315191o
Y1wWo	6k1/2Q2pbp/1p4p1/3r4/5B2/4Pq2/PP3P2/4R1K1 w - - 2 25	c7c8 g7f8 f4h6 d5d8 c8d8	1181	0g0p101g
YCDQT	3r4/p2Pk1np/1pp2p2/8/PPP1N1K1/3R4/7P/8 b - - 0 34	f6f5 g4f4 f5e4	1181	010p0s1o
ZPQ7u	8/3n4/1k1p1p2/1p1Pp1b1/1Pp1P1p1/2P3P1/5R2/rN4BK w - - 1 42	f2a2 b6b7 a2a1	1181	0g0j0k0p1o
ZWJfo	3k3r/5ppp/1pr1p3/3p4/Q3n3/3nP3/P3KPPP/1R5R b - - 3 24	e4c3 e2d3 c3a4	1181	0g0s191o
bRCH6	5rkb/5p2/p1q4p/6p1/Pp1r2b1/5NN1/RP3PPP/3Q1RK1 w - - 0 23	f3d4 g4d1 d4c6	1181	01191o
bl186	6k1/pR3pp1/q1p5/3pr3/4n1Q1/8/P4P1P/1R4K1 b - - 0 34	e5g5 g4g5 e4g5	1181	0g0p1g1o
dor97	6B1/3p4/5pk1/4p2p/1P2P3/P6P/5QPK/2q1q3 w - - 0 40	f2f5 g6g7 f5h7 g7f8 h7f7	1181	0p101316
dyrgI	r7/pp5k/6rp/2p1p3/2Pb4/1P1P1NP1/1P3P2/1R2R1K1 b - - 1 28	g6g3 g1f1 g3f3	1181	0g0p1g1o
eYGBL	6k1/Q4p2/p3q2p/4N1p1/1p2r3/6BP/5PP1/6K1 w - - 2 31	a7a8 g8g7 a8e4	1181	0g0p0s1o
eieJx	Q1b3k1/p2q1pbp/4p1p1/1pp5/2P5/5B2/Pn2KPPP/R5NR b - - 0 23	d7d3 e2e1 g7c3	1181	1315191o
el4dZ	1k4r1/pp1R4/2p1Q2p/1PP1p3/4P3/6q1/P5p1/6K1 w - - 2 39	e6d6 b8a8 d7d8 g8d8 d6d8	1181	060p101316
fz8kZ	r5k1/ppp3pp/2n5/4p1Nq/5P1P/3P1p2/PPP2P2/R2QR2K b - - 0 18	h5h4 h1g1 h4g4 g1f1 g4g2	1181	0r0y10131619
g4a2s	1k3rR1/ppp4p/3pQ2p/4b3/3p4/P4q1P/1PP5/1K6 w - - 4 26	e6e8 f8e8 g8e8	1181	060p13151n1o1y
gB1fL	8/R7/2p2k2/5p2/2P1p1r1/5n1p/5R1P/4NK2 b - - 1 42	g4g1 f1e2 g1e1	1181	0p0u13151o
h3KKu	8/8/k7/P7/1P5p/5Np1/5pK1/8 b - - 3 64	h4h3 g2h3 f2f1q	1181	00050g0i0p0z1h1o
hDoim	3rr1k1/ppp2p1p/6p1/q3n1Q1/3P4/P1P2P2/2P1N1PP/R4RK1 b - - 1 20	e5f3 f1f3 a5g5	1181	0g0j0y191o
hO25l	3Rr1k1/pp3p1p/4r1pB/6Q1/2q5/Pn6/1P3PPP/5RK1 b - - 2 24	c4f1 g1f1 e6e1	1181	050y1315191n1o
ht84h	3r3k/7q/3p2Q1/p1pP2B1/1pP5/3P4/1P6/7K w - - 3 47	g6h7 h8h7 g5d8	1181	0g0p1o
hw3tG	r2r2k1/ppq1bpp1/2n1pnp1/2p3BP/4N1P1/2PP1P2/PP2Q3/2KR1B1R b - - 0 17	f6e4 f3e4 e7g5	1181	010b0j191o
hy5fI	2k2b1r/ppp1pppp/8/8/4r1q1/8/PPPB1PP1/R2Q1RK1 w - - 0 14	f2f3 g4h4 f3e4	1181	010s191o
iKeOs	1r4k1/5pp1/4p3/4n2p/4P2P/6P1/Bq2QPK1/3R4 w - - 0 30	d1d8 b8d8 e2b2	1181	0g0i0p1o
kLx9a	r5k1/pp1R1pp1/8/7p/6Q1/2P1P2P/q4rPK/3R4 w - - 0 27	d7d8 a8d8 d1d8 g8h7 g4h5	1181	0p101316
kiX8g	Q3brk1/p7/1p1q3p/2p2p2/6NP/P2PR3/1PP5/6RK b - - 0 37	e8c6 a8c6 d6c6	1181	0g0s191o
l68wN	5kr1/p1p2p1R/2Q5/2P3p1/2bP4/6PK/P4PP1/1q6 w - - 2 30	c6a8 f8e7 a8g8	1181	010i0p1o1p
lEV2e	4r3/6pp/4P3/p4K2/1k6/1PbR2P1/P1P4P/8 w - - 13 40	a2a3 b4a3 d3c3	1181	0g0i0p1o
lRJff	3r3k/1b6/p3pN2/2p1P3/7q/P7/1PK1R3/6Q1 b - - 9 36	h4c4 c2b1 c4e2	1181	0g0p0s1o
m3pFo	1R6/8/3k3r/4p1p1/1p2PnB1/1P5p/3K1P2/8 w - - 0 55	b8b6 d6e7 b6h6	1181	0g0p1o1p
mYPwa	r1br3k/1p3Ppp/p1p2b2/3p4/P2N1Q2/1BN5/1PPK1nq1/R3R3 w - - 0 21	e1e8 d8e8 f7e8q	1181	00061315191h1o
mxEIq	3r2k1/4Q1pp/p7/1p6/8/3q4/PP4PP/5R1K w - - 1 32	e7f7 g8h8 f7f8 d8f8 f1f8	1181	060p1013161n
n2on8	r1b2rk1/1pqpb1pp/p3pn2/2p1n3/2P1PB2/P1NB1N1P/1P3PP1/R2QK2R b KQ - 2 11	e5d3 d1d3 c7f4	1181	0g0j1c1o
nSFAc	8/5pk1/3Q4/p5NK/1r1q4/7P/8/8 w - - 3 46	d6h6 g7g8 h6h7 g8f8 h7f7	1181	0p101316
nb8iu	2k5/1R6/3K4/4P3/8/P1b5/r7/8 w - - 9 67	b7c7 c8d8 c7c3	1181	0g0p0s1o
o26Ft	6k1/1N5p/p1pp4/5PP1/4P2p/1PR5/PKP4r/3b4 b - - 0 33	h2c2 c3c2 d1c2 b2c2 h4h3	1181	010p10111n
o5opI	r1b1kb1r/ppqppppp/5n2/1Bp5/3NP3/2NP4/PPP2PPP/R1BQK2R b KQkq - 0 6	c5d4 c3e2 c7a5	1181	011c1o
ocsZY	6k1/5pp1/3p3p/3P4/4P3/rp6/3R1PPP/Q2K4 b - - 0 41	a3a1 d1e2 a1a2	1181	0g0p1o
onUTb	6rk/R5pp/1p6/8/1P3QPK/P2q4/7P/8 b - - 2 37	g7g5 f4g5 g8g5	1181	010p0s1o
pQ4mG	8/8/bp1r1k2/p3p2p/2P1Pp1N/1P5P/P5R1/6K1 w - - 2 34	g2g6 f6e7 h4f5	1181	0g0p1o
pTha0	6r1/pppk4/2q1p1rp/4R2Q/2P2P2/3P2P1/P1P4P/4R1K1 b - - 0 22	g6g3 h2g3 g8g3 g1f1 c6g2	1181	0p0y1013161n
pYNgN	3r4/8/p6p/4N3/5P1P/2k3P1/2p1K3/2R5 b - - 0 46	d8d2 e2e3 d2d1 c1c2 c3c2	1181	0g0p10
pjl1w	6n1/1p2kp1p/1BP5/1B6/3R1N2/5b1q/2P2P1P/5RK1 b - - 2 25	h3g4 f4g2 g4g2	1181	1315191o
qSdXk	4rb2/2p3p1/p1bk1q2/1p1pnB2/8/6Q1/PPP2PPP/R4RK1 w - - 5 23	g3a3 b5b4 a3b4	1181	1315191o
rAhDm	5R2/p3r1pk/6q1/1pp2Q2/8/8/P5PP/6K1 w - - 3 39	f8h8 h7h8 f5g6	1181	010i0p1o
rt3EE	r2qkb1r/pp2pppp/2n2n2/1B1p4/5Pb1/3P1N2/PPP3PP/RNBQ1RK1 b kq - 0 7	d8b6 g1h1 b6b5	1181	010s191o
sgrlv	r3k1r1/p3bp1p/1p4p1/2Npq3/8/8/5PPP/R2Q1RK1 w q - 0 21	d1a4 e8f8 c5d7 f8g7 d7e5	1181	0g0s1019
spuT4	3r1k2/p7/2Q3p1/2Pp4/8/4q1P1/P5KP/5B2 w - - 0 35	c6f6 f8e8 f1b5	1181	0g0p0s1o
tSeQi	8/pR6/4Rpkp/8/P7/4bPK1/1P2r1P1/8 b - - 1 38	e3f2 g3f4 e2e6	1181	010j0p1o
tsOxK	1q4rk/p4prp/2p1p2R/3pQ3/3N4/6P1/PP3PK1/8 w - - 3 28	h6h7 h8h7 e5h5	1181	050p13151g1n1o
ua6oO	4k3/8/1R2p3/2p1br2/8/2B5/PP2K3/8 w - - 0 40	b6e6 e8d7 e6e5	1181	0g0p1o
udAst	8/5p2/5kpp/2p5/P4q2/1P1R3P/5PP1/6K1 w - - 2 35	d3f3 f4f3 g2f3	1181	010p1g1j1o
ugtoT	R7/2p5/6kp/6p1/3bN3/5R2/6KP/2r5 b - - 3 37	c1g1 g2h3 g5g4 h3h4 g4f3	1181	0g0p0s10
ul8R5	r3qr1k/1p2b3/p3p1Qp/3p3n/3P1P2/2P2P2/PP5P/R1B3RK w - - 1 21	g6h6	1181	0y1314191b
vKssN	4r3/R3Pkp1/8/R4K1p/5P1P/4r3/8/8 b - - 3 39	g7g6 f5g5 e3g3 g5h6 e8h8	1181	0p1013161m
vQUSa	3r1rk1/ppq2p1p/4Pp2/8/2N5/1P6/PB2Q1PP/6K1 w - - 0 22	e2g4 g8h8 b2f6	1181	0p0w13151o
x7Kov	8/p2Pk1pp/4Pp2/2b2P2/1N6/p4K2/7P/8 w - - 1 43	b4c6 e7d6 d7d8q	1181	000g0i0p1h1o
xCQao	3r4/pp3pk1/2p1p3/2P5/PP1r4/4QPP1/2q5/5K1R w - - 0 37	e3h6 g7g8 h6h8	1181	0p13151o
xDJvS	2b2rk1/r1p3pp/p7/R2Np2q/2P1P2n/3P4/1P3RpP/6K1 w - - 0 23	d5e7 g8h8 f2f8	1181	060i1315191o
zPnyS	5rk1/p3q1p1/4r2p/1p1pb3/1P4Q1/P7/1BR2PPP/4R1K1 b - - 1 25	e5h2 g1h2 e6e1	1181	010j0y191o
zZeXX	r1b1k1nr/ppp2ppp/4p3/4q3/1bp5/2N1P3/PP1B1PPP/R2QKB1R w KQkq - 1 9	d1a4 c7c6 a4b4	1181	010s1c1o
0OLk3	2r2r1k/6b1/2b1R3/1p5p/pP1p4/P5PP/QBq2P2/R5K1 w - - 2 28	e6h6 c2h7 h6h7	1182	010y191o
0RQ84	4N1r1/p4p1k/7p/3P4/1P5P/P3b1R1/4r1P1/7K w - - 3 38	e8f6 h7h8 g3g8	1182	030p0s13151o
0cEUC	8/8/p2bkn1p/2p3p1/2PpN3/5KP1/PP5P/4B3 b - - 1 34	g5g4 f3e2 f6e4	1182	0g0i0p1o
0r3wf	7k/pp3rqp/3p4/3P3N/2P4Q/1P4P1/P6P/6K1 b - - 2 32	g7a1 g1g2 a1f1	1182	0p13151o
11T53	7k/8/p1p3Qp/4P3/5PK1/1P3rN1/P6P/5q2 b - - 2 48	f3f4 g4h5 f1h3	1182	0p13151o
135de	rnbqkb1r/pp2pppp/2p5/6B1/2PPp3/4P3/PP3PPP/R2QKBNR b KQkq - 0 6	d8a5 d1d2 a5g5	1182	010s111c1o
1T46q	6k1/p1r2q1p/1n3PrQ/6p1/4P3/5PR1/P6P/6RK w - - 1 38	g3g5 f7f6 g5g6 h7g6 g1g6	1182	0g10191g
1lUbu	5r1k/1r6/p2p1pQp/1pp1p3/4P3/P2PP1RP/2q3P1/6K1 w - - 0 29	g6h6 b7h7 h6f8	1182	0p0s13151o
2ll1p	4rrk1/5ppp/3bqn2/pp3N2/3pP2P/Pn1P2pB/1B2Q3/4RRK1 w - - 0 23	f5h6 g7h6 h3e6	1182	010j0y1112191o
3Nt2Q	r5k1/1p3pp1/5q2/3R2pP/8/1PP5/PKQR2P1/5r2 b - - 0 38	a8a2 b2a2 f6a6 d5a5 a6a5 a2b2 a5a1	1182	050p13171n1w
3lvo1	2rq1rk1/1b3pp1/p1n1p2p/1p6/4N3/3Q1N2/Pb3PPP/1BR1R1K1 w - - 0 18	e4f6 d8f6 d3h7	1182	0d0y1315191n1o
5sVwl	1b3rk1/pp4pp/5p2/3p4/3N4/1P2P1qP/P5Q1/B1R3K1 b - - 1 26	g3e3 g1h1 e3c1	1182	0g0s191o
5ue5V	5r2/1p1q2bk/rRnpb1pp/2p1pp2/2P5/2NP2PP/2QNPPBK/5R2 w - - 2 22	g2c6 b7c6 b6a6	1182	0g11191o
7l6HE	5qk1/7p/2P3p1/Q7/P7/1P6/4r1PP/3R2K1 b - - 0 31	f8f2 g1h1 f2g2	1182	0p13151o
8PmLD	5kr1/pp1b1p2/3p4/1PpPp2p/P1P1Pp1q/5P1P/3Q1R1K/R4B2 b - - 0 34	h4g3 h2h1 g3g1	1182	1315191o
8YZWX	8/1p6/p5p1/P1p4P/3k1KP1/1Pn5/5N2/3q4 w - - 0 42	f2d1 g6h5 g4h5	1182	0g0p1o
9mz1I	2r3k1/R3Rpp1/1q2p2p/4P3/4Q3/1P3N1P/P1r2PP1/6K1 b - - 2 25	b6f2 g1h2 f2g2	1182	1315191o
BHCz3	4k3/7p/4P1p1/4r3/6P1/R1K5/7P/8 b - - 0 56	e5e3 c3b2 e3a3 b2a3 e8e7 a3b4 e7e6	1182	0g0p1m1w
BmXcO	8/7R/2nk4/2pNp3/P3P1r1/7p/1P6/3K4 w - - 4 43	h7h6 d6d7 d5f6	1182	0g0p1o
DD3UP	2r4k/5Rp1/2q1Q2p/1p1p4/8/7P/6PK/8 w - - 5 35	f7f8 c8f8 e6c6	1182	0g0i0p1o
EM3mA	6k1/1p3ppp/p1r1qn2/4Q3/8/7P/1P4PN/3R2K1 w - - 1 29	d1d8 f6e8 d8e8 e6e8 e5e8	1182	0p0s1013161y
EQepv	N4k2/pp3pp1/4b2n/8/4q3/K4N2/PPP2bBQ/R7 b - - 1 26	f2c5 b2b4 e4b4	1182	1315191o
EjemB	1k1rr3/pp1R2pp/4Q3/4p3/P3q3/8/5PPP/R5K1 w - - 1 23	e6d6 b8a8 d7d8 e8d8 d6d8	1182	060p101316
FKyNW	kr6/pR5Q/P1n2p2/2qpb3/8/7P/5PP1/6K1 w - - 1 33	b7b8 e5b8 h7b7	1182	0d0p13151o
Fa9ue	5r1k/5P1p/7p/R1pB4/P1Pb4/8/r7/1K3R2 b - - 20 46	a2a1 b1c2 a1f1	1182	0g0p1o1p
HouB1	r3k2r/1pp2pp1/p1n2q2/2bPp3/B7/2P3P1/PP1N2PN/R1B1Q2K b kq - 2 17	h8h2 h1h2 f6h6	1182	050y1315191n1o
ICs7v	8/7p/1r6/1p1Pp1k1/2p1P1r1/2P2R1K/5P2/1R6 b - - 1 37	b6h6	1182	0p13141b1m
IOV4s	4r2r/2p3k1/p1n2p1p/6p1/1PP1Rb2/P4Q1P/B2q1PP1/2B1R1K1 b - - 4 25	d2e1 e4e1 e8e1	1182	0y1315191f1o1y
J2gBx	1k5r/pPq2p2/2p1bn1p/8/3Q4/1BN3Pp/1PP5/R3R1K1 b - - 0 22	c7g3 g1f1 g3g2	1182	0y1315191o
J8tKd	8/6k1/2p2r1p/1p1p1R1K/p2P2P1/P1P5/8/8 w - - 1 47	f5f6 g7f6 h5h6	1182	0g0p1m1o
JL4op	2b3k1/2p2rp1/2P2pN1/1p2p2n/1P2P3/7q/7P/B2Q2RK w - - 12 46	d1d8 f7f8 d8f8 g8h7 f8h8	1182	10131619
Jbmgs	r2q1r1k/ppp1b1pp/8/4np2/1PB5/2PP3R/P4PPP/R2Q2K1 w - - 0 19	h3h7 h8h7 d1h5	1182	050y1315191n1o
LhYkI	6rk/pQ6/5pqp/2P1p3/3p1p2/P2P1P1P/1P2R2K/5R2 b - - 0 31	g6g3 h2h1 g3h3 e2h2 h3f1	1182	0i0p0s101316
MlQZC	2r3k1/1p3ppp/p3P3/1b1p2R1/2r4q/8/P4QB1/4R1K1 w - - 0 30	f2f7 g8h8 f7g7	1182	1315191o
Nt8js	1r3rk1/2p3pp/p2q1p2/3Qn3/5B2/6P1/PPP2P1P/3RR1K1 b - - 6 18	d6d5 d1d5 e5f3 g1f1 f3e1	1182	010s1019
ODDke	1r1qkb1r/pp3ppp/2n1b3/1B6/4Q3/P3PN2/1P3PPP/R1B1K2R b KQk - 2 14	d8a5 c1d2 a5b5	1182	010s1c1o
OT4ZE	r4rk1/ppq2ppp/1n2p3/2bPPn2/8/5N2/PPQN1PPP/R1B2RK1 b - - 0 15	c5f2 f1f2 c7c2	1182	0g0j191o
PJlKv	r6b/1b1n1k2/pp1P1qpP/2p5/8/2P1QP2/PP6/2KRR3 w - - 1 27	e3e7 f6e7 e1e7 f7f6 e7d7	1182	010s1019
PPVbB	r2b3k/pp3Qpp/2p5/5rq1/1P2P3/P7/6PP/3R2K1 w - - 0 31	f7e8 f5f8 e8f8	1182	0p13151o
PQVso	6k1/pp3ppp/2p5/2q5/8/P4N1P/1P1Rr1P1/5K2 w - - 0 29	d2d8 c5f8 d8f8 g8f8 f1e2	1182	010p10
PmNRd	5Q1Q/kp2R3/p2p4/3P4/2P3K1/1P3r2/2q5/8 b - - 0 60	c2g2 g4h5 f3h3	1182	0p13151o
Q64gI	3r2k1/6p1/1p5p/2pq1B2/3b4/5Q2/5PPP/3R2K1 w - - 0 32	f3d5 d8d5 f5e6 g8h7 e6d5	1182	050g0p0s10
Q9pvu	8/8/4P3/p1kp4/P7/4K3/8/8 b - - 0 48	c5d6 e3d4 d6e6	1182	0g0p1e1o
QsLkP	1r1qk2r/1pp1p1b1/p6p/4N1p1/3Pp3/6P1/PPP1QP1P/R5K1 w k - 0 18	e2h5 e8f8 h5f7	1182	1315191o
Ra99S	r1r3k1/p3n1pp/1p2p3/q2pPpN1/P2P4/8/5PPP/R2Q1RK1 w - - 2 21	d1h5 h7h6 h5f7	1182	0g11191o
RrNhX	2r5/4qB1k/3b1pnp/p2P1P1Q/1p2p3/8/1PP4P/7K w - - 0 36	h5g6 h7h8 g6h6	1182	0i0p13151o
SuJkO	3rr1k1/1Q4bp/p5p1/2p5/2P5/3q4/PP3PPP/R1B2RK1 b - - 0 23	d3f1 g1f1 d8d1	1182	050y111315191n1o
TYiyN	r5k1/B2q1ppp/1P2pb2/8/Q7/6P1/P3PP1P/1R4K1 b - - 0 24	d7a4 b6b7 a4a7 b7a8q a7a8	1182	0g0p0t10
TsSFo	6k1/p4p2/1p2p2p/2r3p1/R1nKP3/P1P2PP1/7P/2R5 b - - 6 27	e6e5 d4d3 c4b2 d3c2 b2a4	1182	0g0p0s10
Vk0rV	2r5/p1p2p2/8/3p3k/2p2B1P/P2b2R1/6PK/8 w - - 2 36	g3g5 h5h6 g5g8 h6h7 g8c8	1182	0g0j0k0p10
Wb8Gd	4r3/6kp/2P3p1/5p2/8/1QP1p2P/P3NPPq/R3NK2 b - - 3 35	h2h1 e2g1 e3e2	1182	000p13151o
XP9K2	3k2r1/p2n1p2/B2Qb2r/1RP1p3/1p2P3/1P2R1P1/5PP1/2q2NK1 b - - 8 31	h6h1 g1h1 c1f1 h1h2 g8h8	1182	050i0y101316191n
Xao8j	8/1P3p2/8/R3b3/P2rk3/1K5p/8/8 w - - 2 49	a5e5 e4e5 b7b8q	1182	00050g0p1h1o
Ykgpd	2rr3k/p4Bpp/8/4p3/4Q3/4P3/PP1q4/1K3R2 w - - 1 28	e4h7 h8h7 f1h1 d2h2 h1h2	1182	050p1013161f1n
YlNgb	r6r/1p2kp1p/p2pbNp1/2q1n1Q1/4P3/3B3P/PPP2PP1/R4RK1 b - - 2 18	e5f3 g2f3 c5g5	1182	0g0j0y191o
ZHJvB	r2q1rk1/1b1p1ppp/p1nPp3/2B5/8/3P1N2/PPP2PPP/R2QK2R b KQ - 0 13	d8a5 b2b4 c6b4 c5b4 a5b4	1182	010s1019
ZUpMI	r2qkb1r/pp1np1p1/2p2n1p/3p2B1/3Pp1B1/2P5/PP3PPP/RN1Q1RK1 w kq - 0 11	g4h5 f6h5 d1h5 g7g6 h5g6	1182	1013161c
Zs2YV	1r3r1k/ppn3pp/2p5/4N1q1/3PR3/1Q6/PP4PP/R5K1 w - - 1 22	e5f7 f8f7 b3f7	1182	0g0s191o
aHIQA	6k1/6p1/5p1p/R6Q/8/1P1r4/P4PPq/4K3 b - - 0 38	h2g1 e1e2 g1d1	1182	0p13151o1u
aQJhN	rn1qk3/1p3pQ1/p1p1pn2/3p3r/3P4/P1N2P2/1Pb1P3/R3KBNR w KQq - 0 14	h1h5 f6h5 g7h8 e8e7 h8h5	1182	010s1019
auuzn	4r1k1/p2b3q/1pp4p/3pr3/7N/6PP/PPQ3RK/5R2 w - - 2 35	c2h7 g8h7 f1f7 h7g8 f7d7	1182	050g0r0s1019
bCxcO	6k1/5pp1/2p4p/2B4b/2P1NP2/3P1n2/r1r5/4RKR1 w - - 2 34	e4f6 g8h8 e1e8	1182	1315191g1o
btudF	4k3/1p2pp2/p2pb3/8/q3P3/3QB2P/P1P3r1/1K4RR b - - 0 27	a4a2 b1c1 a2a1	1182	1315191k1o
c5xXt	2k5/ppp2p1p/5B2/2r5/4Q3/PqR3P1/1P1r1P1P/2K4R b - - 4 23	b3b2	1182	111314191b1k
cfpuk	8/1KQ5/1P5p/2P3pk/3qn3/6P1/6P1/8 w - - 3 54	c7f7 h5g4 f7f3	1182	0p13151o
d7Nwq	4r1k1/p4pp1/2p4p/3pq3/PP6/2P4P/3Q1PP1/R4K2 b - - 2 25	e5h2 f2f3 h2h1 f1f2 h1a1	1182	0g0p101p
fMmUQ	r1bqk2r/pp3ppp/2n1pn2/3p4/3PP3/2PB1N2/P4PPP/R1BQ1RK1 b kq - 0 10	d5e4 d3c2 e4f3	1182	010s1c1o
gB9Y4	r7/2pq1pkp/ppp3b1/5P2/6Q1/2bP4/P1P3PP/6RK w - - 3 26	f5f6 c3f6 g4d7	1182	010j0p1o
gH5Kb	b5k1/4rp1p/p5p1/1pN5/1P1QP2q/P3nP2/6PP/4RBK1 b - - 0 36	h4e1 d4d8 g8g7	1182	0g0t191o
gTeP6	5rk1/p5Bp/b3p3/3pb2N/6QP/1P6/2P3P1/5rRK b - - 0 28	f1g1 h1g1 f8f1	1182	051315191d1f1o
hMyjG	3R1Bk1/5p1p/1p2p1p1/8/1NP5/P4P2/4nPKP/1r6 b - - 0 31	b1g1 g2h3 e2f4 h3h4 g6g5	1182	0p101316
i6qSL	3r4/1NP1kppp/1K2b3/p7/1p3P2/8/1P6/8 w - - 0 37	c7d8q	1182	000p1113141b1h
ibHRg	6k1/Qp2q1p1/2p1p2p/4n3/8/P1N5/1PP3PP/6K1 w - - 0 24	a7b8 e7f8 b8e5	1182	0g0p0s1o
j0tn6	3rr1k1/2qnbp2/p3p2p/1pp1P2P/6N1/P1P2QP1/1P3PB1/R5K1 w - - 0 22	g4h6 g8h8 h6f7	1182	0g0i0y11191o
j8Tb9	3rR3/1p3Pkn/p2q2p1/6P1/2B5/P6P/1P3P2/6K1 w - - 2 31	e8g8 d8g8 f7g8q	1182	000e0p13151h1o
jDf44	r2q1r2/1b1ppp1k/p4nn1/1p3Q2/4P1pP/1BN2P2/PPP5/R3K2R w KQ - 0 18	h4h5 e7e6 h5g6	1182	010k0m191o
jUlAT	2kr4/1bq1bp1r/p2pn1p1/2p1p1P1/1p2P1Q1/1P1P3P/PNP3B1/R1B2RK1 w - - 9 21	f1f7 h7f7 g4e6 c8b8 e6f7	1182	050b0g0r0s10191g
jcT3q	1rn5/3R1pkp/p5p1/1N2P1Q1/2p2P2/4q3/PKP3PP/7R b - - 2 24	b8b5 b2a1 e3c3	1182	0t1315191o
jvnRm	2r2rk1/5p2/6pP/p1b5/4p3/P1B5/1P6/2KR1R2 w - - 0 36	h6h7 g8h7 f1h1 h7g8 h1h8	1182	00050p1013161d
k2Fkf	7r/p2p4/3k4/3p2R1/1P4p1/6P1/PP3KP1/4R2r b - - 2 35	h8f8 f2e2 f8e8	1182	0g0p1m1o
k2jGQ	r3r3/ppp2pkp/3p1np1/7P/2BQq3/8/PPP2P2/1K1R3R w - - 0 19	h5h6 g7f8 d4f6	1182	0g0i191o
lXSO6	5r2/1rq2p1k/4pBpp/3pP3/7Q/1P4R1/5PPP/b5K1 w - - 4 30	h4h6 h7h6 g3h3	1182	051315191f1n1o
mFVI6	8/p6p/1p1k2p1/1Pb2p2/P2q4/4P1P1/2Q4P/5BK1 b - - 0 43	d4e3 g1g2 e3g1 g2h3 g1f1	1182	0g0i0p10
mo43Z	3r4/2pq2k1/1p3p1p/4p1pP/3nQ1P1/5PBK/P5R1/8 w - - 6 42	e4g6 g7f8 g6f6	1182	0g0i0p1o
n5DWw	5k2/pp3ppp/2p5/8/5P2/1P1b2K1/PB1r2PP/4R3 w - - 2 26	b2a3 c6c5 a3c5 f8g8 e1e8	1182	060p101316
n8wHe	r3k3/8/2p4p/1pq1p1p1/3pP1b1/PB1K4/1P5P/R4Q2 w q - 2 26	f1f7 e8d8 f7g8 d8c7 g8a8	1182	0g0p0r101p
nWMS6	6k1/1RR3p1/5bp1/5r2/P1N1p3/4P2P/3K2P1/5r2 b - - 8 37	f5f2	1182	0p13141b1f
nYfNo	5rk1/6pp/2nq2P1/pp4P1/2p1Q2b/P1P1P3/1P4R1/5RK1 b - - 0 32	f8f1 g1f1 d6d1	1182	050y1315191o
nfF4b	r6r/1kpR2Qp/1bp5/4p3/8/8/1PP2RPP/6K1 b - - 0 25	a8a1 d7d1 a1d1	1182	0p13151g1o
o212O	r1b1kb1r/pp2ppnp/6p1/4q3/6P1/2pBB3/PPPQ1P1P/2KR3R w kq - 0 14	d3b5 e5b5 d2d8	1182	0d1315191n1o
oAe8Z	8/2k2p2/p1b2r2/P7/4R3/1P1p2P1/8/2R3K1 b - - 0 45	d3d2 c1d1 c6e4	1182	000g0p1o
oLXQT	8/3k4/p1p5/2Bb3p/1P3p2/P2R3P/5pr1/7K w - - 0 43	d3d5 c6d5 h1g2 f2f1q g2f1	1182	0g0p10
ocz15	r7/4Rrpp/5pk1/pbNp4/2p5/2P5/P1P2P1P/2K1R3 w - - 3 26	e1g1 g6f5 e7f7	1182	0g0i0p1o
off5d	r3r1k1/ppqn1ppp/1bp5/3p1bN1/3P4/2P4P/PPBN1PP1/R2QR1K1 b - - 0 16	e8e1 d1e1 f5c2	1182	01191o
p2Uff	2k5/1bpp2pp/1p1b4/7q/3N4/3Bn1P1/Q4P1P/6K1 w - - 0 37	a2g8 d6f8 g8f8 h5e8 f8e8	1182	10131619
p5pbM	8/r7/1k1b2p1/5p1p/R2N1P2/6PP/7K/8 w - - 0 43	a4a7 b6a7 d4b5 a7b7 b5d6	1182	050g0p0r0s10
p8R4S	1k3r2/p2R1pp1/1p6/1q6/4Q3/8/P1P4P/K4R2 b - - 0 32	b5f1 a1b2 f1b5	1182	0g0p0t1o
pTaPu	r2qbk1r/1pp1p1b1/p2p1nQp/6N1/2PP4/2N1P1P1/PP3PP1/2KR3R w - - 3 15	g5e6 f8g8 g6g7	1182	0s1315191o
ppWN5	6rk/p1p2p1p/3p1pr1/5N2/P3P2R/2q3P1/4Q2P/6K1 w - - 0 30	h4h7 h8h7 e2h5 g6h6 h5h6	1182	050p1013161n
psyKl	7k/6p1/6qp/3b4/8/8/P4QP1/3R3K b - - 5 30	g6h5 h1g1 h5d1	1182	0g0p0s1o
q0rqR	4rrk1/ppq3pp/2p2P2/3p4/6b1/5R1P/PPQ3P1/5R1K w - - 0 30	f6f7 c7f7 f3f7	1182	00010s191o
tP7HC	7r/7p/r2R2p1/k1p5/6P1/PPN5/3P3P/7K w - - 1 34	b3b4 c5b4 a3b4 a5b4 d6a6	1182	010p10
teGSF	r1b3k1/pppp2pp/2n1p3/6q1/8/2N4Q/PPP2rPP/1K1R1B1R w - - 0 16	c3e4 g5f5 e4f2	1182	0g0s191o
u95rj	1r2r1k1/p1p1qppp/4b3/4N1Q1/4p3/7P/PPP2PP1/R4RK1 w - - 2 19	g5e7 e8e7 e5c6 b8b6 c6e7	1182	01050s1019
v9Lzv	1k5r/5p2/p1p2q2/8/8/P3Qp2/1n3PP1/2R3K1 w - - 0 31	e3b6 b8c8 c1c6 f6c6 b6c6	1182	0g0p0r0s0w10
vuVMh	1q6/6pk/2Rb1p1p/3P4/3PPP2/2QN3P/6PK/3r4 b - - 3 33	d6f4 d3f4 b8f4 c3g3 d1h1 h2h1 f4g3	1182	010i0p1w
whEr4	8/8/2b5/p1p1npkp/2pp4/P2P1PP1/BP1NK3/8 w - - 0 34	f3f4 g5g4 f4e5	1182	010p0s1o
xRgMq	4r2k/p1Q4p/4P1n1/8/2B5/1P3Rp1/P2q2P1/5R1K b - - 0 33	d2h6 h1g1 h6h2	1182	1315191o
xlade	8/p4k2/q1p3bp/6p1/8/4rBBP/6PK/5R2 w - - 0 34	f3e2 f7g8 e2a6	1182	010j0k0p1o
xs3of	4r1k1/1p3pp1/p1p2r2/3p4/PP1Pq1Pp/2BQP2P/3R1P1K/6R1 b - - 3 35	f6f2 d2f2 e4d3	1182	010i191o
yHU5V	r1b2rk1/ppp2ppp/5n2/n2qN1B1/1b2N3/8/P3BPPP/R2Q1RK1 w - - 0 16	e4f6 g7f6 d1d5	1182	010w0y1c1o
zZqcU	2k5/pp1rb3/7R/1qp2Qp1/2n3P1/P3PPB1/1P2K3/8 w - - 3 31	h6h8 e7d8 h8d8 c8d8 f5f8	1182	05101316191g1k1n
0EcCu	6R1/8/7k/8/5R2/6PK/8/3q4 b - - 5 82	d1h1 h3g4 h1h5	1183	0p13151j1o
1NOvZ	6rk/1p1q1rp1/p1p1p1Rp/P1Pp1p1P/1P1P1P2/4P1R1/3K2Q1/8 w - - 3 40	g6h6 g7h6 g3g8 h8h7 g2g6	1183	0j0p0y1013161u
1Qraq	5k2/pR6/4p2P/3pP1B1/1K1n4/P7/2r5/8 b - - 0 48	c2b2 b4c5 b2b7	1183	010p1o1p
1SPez	r2qkbnr/ppp3p1/4Bnpp/8/3P1P2/1Q2P3/PP4PP/R1B1K2R w KQkq - 1 11	e6f7 e8d7 b3e6	1183	13151c1o
3634s	5kr1/1b2R3/p4Bn1/1p1pPp1Q/3q1P2/P2B4/3K4/2r5 w - - 1 36	h5h6 g8g7 h6g7	1183	1315191o1u
3HC7G	2r3k1/pp2Q2p/3pp1pP/4p3/N3P3/Pq1p4/1P4P1/1KR5 b - - 0 23	c8c1 b1c1 b3c2	1183	050p13151k1o
44ReQ	5rk1/p1p3b1/1p2p1PR/5pq1/2P5/5B2/PP6/1K5Q w - - 3 30	h6h8 g7h8 h1h7	1183	0d0p13151n1o
47lrU	6kb/7p/4qPp1/1P1pP1P1/P2N1Q2/2r4P/7K/R7 b - - 1 34	e6h3 h2g1 c3g3 f4g3 h3g3	1183	0g0p10
4HVXo	8/p1p4k/PpN4p/1Nq5/4pP1n/7P/7K/3Q4 b - - 0 39	c5f2 h2h1 f2g2	1183	0p13151o
5THd0	1q4k1/6p1/p3pbbp/1p1p4/1P4P1/P2r1P2/1P2Q2P/2R2R1K w - - 3 29	e2e6 g8h7 c1c8	1183	01191o
5bvdB	r4rk1/p1p1np2/5q1p/2p3p1/2pp2b1/5NB1/PPP1QPPP/R3R1K1 w - - 6 16	e2e7 f6e7 e1e7	1183	01191o
5mazR	5qk1/1p4p1/p3p2p/1bPpP1r1/1P1R4/P2B3P/5QP1/6K1 w - - 8 32	d3h7 g8h7 f2f8	1183	0g0i0p0y1o
5pIxZ	r3r1k1/3q3p/3P1BpQ/2p5/3p4/1R5P/P1P2PP1/6K1 b - - 0 30	e8e1 g1h2 d7d6 f2f4 d6f6	1183	0g0p0s10
6bvPQ	2Q5/5k2/7p/1P3np1/8/3q3P/5KP1/2R5 b - - 0 53	d3e3 f2f1 f5g3	1183	0p1113151o
6xm5K	8/7p/kp2P3/2p2r2/2P5/2Q5/P3q1PP/4R1K1 b - - 1 35	e2f2 g1h1 f2f1 e1f1 f5f1	1183	060p1013161n
7CKwu	8/1b3kp1/5p1p/5P2/P1p3P1/2p5/2BB1K1P/8 b - - 0 38	c3d2 f2e3 c4c3	1183	0001080p1o
7ed23	r4rk1/pp1n2pp/2ppbp2/4p3/4P2B/1NqnRN1P/P1B2PP1/R1Q3K1 b - - 1 18	d3c1 e3c3 c1e2 g1f1 e2c3	1183	0g0s1019
7my9F	7r/5R2/P1pp1p2/n1kPp3/B1P1P3/3Q1Nq1/5b1p/5R1K b - - 6 36	g3g1 f1g1 h2g1q	1183	000k0m0y1315191h1o
7wpkn	1k6/pp2bp2/2p2r1p/1q1p1Q2/3P1P2/1P2P1P1/P4K1P/R1N1n3 w - - 2 32	f5e5 b8c8 e5e7	1183	010s191o
7yMzC	5k2/3K1p1p/4PBp1/3P4/8/7P/q5P1/8 w - - 0 61	e6e7 f8g8 e7e8q	1183	000i0p13151h1o
8H7k7	5rk1/2PR1p2/4p1p1/1p2P2p/1Pq2Q1P/6P1/5PK1/8 b - - 0 42	c4c6 g2h2 c6d7	1183	0g0p0s1o
8gvgC	7r/3pkpp1/p5qp/1ppQPn2/3b1P2/3P4/PP4PP/R1B2R1K b - - 0 22	f5g3 h2g3 g6h5	1183	0y1315191n1o
8l3RC	3R2R1/pp3p1p/2p1bNpk/8/1qP5/7P/5PP1/3B2K1 b - - 0 35	b4e1 g1h2 e1e5 g2g3 e5f6	1183	010p0s10
9Yo2w	1k5r/pp3pp1/1np1pnp1/3p4/6P1/2PBPP2/PPQ4q/R2KB3 w - - 4 24	c2h2 h8h2 e1g3 b8c8 g3h2	1183	050g0s1019
ADRkQ	2r2bk1/1p3pp1/p6p/3p3N/3Pp1QR/2r5/Pq3PPP/5RK1 w - - 6 26	h5f6 g8h8 h4h6 g7h6 g4g8	1183	0j0y101316191g1n
B1gt9	2k4r/1pb2pp1/p1p1p3/2B3n1/2N1P3/5B2/PP3PK1/3R4 b - - 1 30	h8h2 g2f1 g5f3	1183	010i11191o
Bbx1L	8/pp4Q1/3R2pn/P1p2p1k/4p2p/4P1P1/5PKP/2q5 b - - 9 42	h4h3 g2h3 c1f1	1183	050p13151o
Bq4Ga	r7/pp4k1/6p1/2NRn3/4N2n/4B2b/PPP2P1P/7K b - - 9 24	h3g2 h1g1 e5f3	1183	1315191o
C3o2r	2r3k1/3rnpp1/p3bq1p/1ppp4/4P3/2P1QN2/PPB2PPP/3RR1K1 w - - 4 20	e4e5 f6f5 c2f5	1183	0g11191o1t
C8H9b	r5k1/1p3p2/2p3pp/2PpPN2/3P2r1/PK1n4/7P/2R1R3 w - - 0 29	f5h6 g8f8 h6g4	1183	0g0p0s1o
COs4U	r5k1/3Qbp2/p2p4/3Rp1p1/4P2p/1P3P2/P1rB1qPP/3R3K w - - 9 33	d7e7 h4h3 e7g5	1183	0g0t0y191o
CWpcU	4r1k1/1p4p1/4p1Np/1b1p3P/3Pp3/4q3/PP1B2PQ/2K4R b - - 1 28	e8c8 c1b1 e3d2	1183	0g0i191o
CWvSQ	2R5/8/1p1r4/1k2K3/7p/P6P/BP1r4/8 w - - 0 47	a2c4 b5a4 c8a8	1183	0p13151f1o
DFvsf	4r1rk/3R3p/p2Q3B/4b1N1/P7/3p4/5PPK/1q6 w - - 5 40	d6e5 e8e5 d7h7	1183	1315191n1o
DXGCb	6k1/1p5p/p2Qp1p1/4n1q1/2P1P3/1P1P3P/P5RK/8 b - - 0 28	e5f3 h2h1 g5c1 g2g1 c1g1	1183	0p101316
DsRyr	5rk1/pp3ppp/8/2Q5/6P1/P4bNP/1q1r4/2R1R1K1 w - - 5 30	c5f8 g8f8 c1c8 d2d8 c8d8	1183	05101316191n
EKW2E	6k1/pQp3b1/6R1/8/4p3/2P1q3/PP1r4/1K4R1 b - - 1 29	e3d3 b1a1 d2d1 g1d1 d3d1	1183	060p101316
FTxoP	8/1b3p2/4k2p/1q1pB1p1/3P4/Q6P/6PK/8 w - - 2 41	a3d6 e6f5 d6f6 f5e4 f6f3	1183	0p101316
Fef7Z	6k1/4pp1p/pp4p1/4b3/1P1P1P1q/8/3B2B1/1Q1R2K1 b - - 0 31	e5d4 d2e3 d4e3 g1f1 h4f2	1183	0p0r10111316
Fh1pk	6N1/kp6/4R1QP/p1b5/P7/6P1/3n1PK1/1q6 b - - 2 35	b1f1 g2h2 d2f3	1183	0p13151o
GIYTt	r1b2r1k/ppp4p/3p1qpQ/8/2PpP3/1P1P1PP1/P3N1K1/R4N1R b - - 0 22	f6f3 g2g1 f3f2	1183	0s1315191o
GLjcP	4r1k1/p4pbp/b1Np2p1/8/8/4B1P1/Pq3PBP/RQ4K1 b - - 1 18	b2a1 b1a1 g7a1	1183	01191o
GoHBl	3r2rk/5ppp/p2p4/2pR4/1p2Q3/1Pq1PP2/P1P2PRP/1K6 w - - 4 22	e4h7 h8h7 d5h5	1183	050p0y13151n1o
H5RNw	1rb2rk1/4pp1p/p1pp2pQ/1q6/N7/1P3N2/P1P2nPP/2KR3R w - - 0 17	f3g5 b5g5 h6g5	1183	01191o
HBo3X	r2k2r1/pp2n3/2nbR2Q/5B2/3q3P/8/2PP1PPK/8 w - - 3 25	e6d6 d4d6 h6d6	1183	010s1112191o
HW17t	7Q/8/8/6p1/3ppk2/7K/3r4/8 b - - 0 66	g5g4 h3h4 d2h2	1183	0p13151j1o
HlThO	8/Q5pp/2p1bqk1/4r3/8/2P4P/P1P3P1/2K2B1R b - - 0 23	e5e1 c1b2 e1f1 h1f1 f6f1	1183	010p10
HnjTy	2q3k1/4R2p/5Qp1/2PpP1K1/3r3P/8/6P1/8 b - - 1 45	c8g4 g5h6 g4h5	1183	0p13151o
I3qxy	5r2/1b4k1/p1q2pp1/2b1p3/2Q1P2p/P6P/1PP3PK/3R1R1N b - - 0 31	c5g1 h2g1 c6c4	1183	0g0j191o
INSwD	4r2k/1pNr2pp/4q3/4P3/2QP4/1P3R1P/P5P1/6K1 b - - 6 32	e6c4 b3c4 d7c7	1183	010b0p1o
IjZPm	6k1/1p2r1r1/p1p1b3/8/1K3Q2/3B2P1/PPP5/8 b - - 0 38	g7g4 f4g4 e6g4	1183	0g0p1g1o
J7mx3	1r6/3pk3/Q4q2/2p1p1p1/4b3/1PP4P/P2R1PP1/6K1 w - - 8 34	d2d7 e7d7 a6f6	1183	0g0i0p1o
JaD6j	1R6/8/2q3kp/n3P3/4Q3/2PP2P1/p1K5/8 b - - 1 41	c6e4 d3e4 a2a1q	1183	000g0p1h1o
Jfb36	r4r1k/5Qpp/p6N/1q1p2P1/1p1P4/3n3P/PPP5/1K5R w - - 2 27	f7g8 f8g8 h6f7	1183	0y1315191n1o1q
KuKwL	3q1rk1/1Q3p1p/p1Np2p1/7r/2PbPp2/1P3P2/P5PP/2R2R1K b - - 6 22	h5h2 h1h2 d8h4	1183	050y1315191n1o
Kvesg	r7/p2pkppp/3b4/B7/3R4/8/Pr3PPP/R5K1 w - - 0 22	a1e1 e7f8 d4d6	1183	010i0p1o
M5eHB	r2q2n1/2p3bk/1p1p2p1/pP1PprPP/P1P1p3/2N1B3/4QP2/n4K1R w - - 1 26	h5g6 h7g6 e2h5	1183	050k0m1315191o
MItUD	r3k1nr/1b1p1p2/4P3/p3b3/Pq5p/5Q2/1P1N1PPP/R1B1K2R w KQkq - 1 23	f3f7 e8d8 f7d7	1183	041315191o
NWJ9v	2r3k1/pp1q1r1p/2p3p1/3pP1P1/4pPQ1/6P1/PP6/R3R2K w - - 3 24	e5e6 d7e8 e6f7	1183	000g0p0s1o
Q4jmj	rn5r/p1Qnkppp/2b3q1/4p3/2B5/1PP4P/P3N1P1/RNB2K1R b - - 0 14	g6g2 f1e1 g2h1	1183	010s191o
QJt2q	8/N5k1/1P3p2/4p2p/P7/1B2P1P1/1np3r1/4K3 w - - 0 40	b3c2 g2c2 b6b7	1183	000g0p1n1o
QS7iA	r2r2k1/5pp1/p7/2p1p1B1/b3P2N/2P3R1/P7/R1K5 b - - 7 32	d8d1 c1b2 a8b8 b2a3 d1a1	1183	0g0i0r1019
R23WX	2k4r/ppp2R2/5Q2/6Bp/2P3b1/3r1q2/PP3P2/2K1R3 b - - 0 19	d3d1 e1d1 f3d1	1183	1315191k1o
RmqrA	Q1Rn4/p2rk1pp/4p3/3p1p2/3Nn3/5qPP/PPR2P2/6K1 b - - 1 26	f3d1 g1g2 d1d4	1183	010s191o
RrBCV	1k5r/pp3bp1/5p2/3r4/2Q2PpP/P3q3/1P2N3/2R1K1R1 w - - 2 28	c4c7 b8a8 c7c8 h8c8 c1c8	1183	060s101316191n
S4f14	r3q1k1/4rnp1/7p/5N2/5P2/1BP1P3/1Q2K1PP/7R b - - 3 26	e8b5 e2f2 b5f5	1183	010s191o
S52Hz	2k4r/Qpp2ppp/4r3/2PR4/8/5P1q/PP2BP1P/6KR b - - 0 21	e6g6 d5g5 g6g5	1183	111315191o
ShemU	8/1pp2r2/1p2r3/1P2p2k/4P2p/1K1P4/P1P5/2B3R1 w - - 2 41	g1g5 h5h6 g5e5 h6g6 e5e6	1183	0g0j0k0p10
V07nZ	3rr3/5qk1/ppp3pp/3pRb1P/3P1Q1B/2P2P2/P1P3P1/4RK2 b - - 1 29	f5d3 c2d3 f7f4	1183	010j191o
VP6QS	2RQ4/5qp1/4p1nk/3p3p/3P3P/4P3/5rPK/8 w - - 0 37	d8g5 h6h7 g5h5	1183	0i0p13151o
WSwMM	r1r3k1/1p2p2p/3pp1p1/3n4/1PqQ1P2/6PB/2P4P/2K4R w - - 0 24	h3e6 g8f8 d4h8	1183	1315191o
X0Xw4	1rb4r/5pkn/p2p1qp1/1ppBpP2/3nP1Q1/P2P2N1/1PPb2P1/1K1R3R w - - 0 24	g3h5 g7f8 h5f6	1183	0g191g1o
XwBw3	4r3/R3B1K1/1P6/rkP3p1/4P3/6Pp/5P1P/8 b - - 1 49	a5a7 b6a7 e8e7 g7h6 e7a7	1183	0b0g0p101g
YTEgI	3r3k/4r1pp/pq1bBp2/1p3P2/6R1/4p2Q/PPP3PP/5R1K w - - 0 29	h3h7 h8h7 g4h4	1183	050y1315191f1n1o
Z3OVx	6rk/5p1p/5p2/1prq4/p7/P2bRQ2/5PPP/3R2K1 w - - 0 32	f3f6 g8g7 e3e8	1183	1315191o
Z78HC	kb1Q4/rr6/5pp1/RR3p1p/2p1qP2/6P1/2P3NP/6K1 w - - 4 42	a5a7 a8a7 b5a5	1183	051315191g1k1o
axVfD	r4r1k/ppp3pp/2np4/4p3/2B4R/2PP4/PP3pq1/R1KQ4 w - - 0 23	h4h7 h8h7 d1h5	1183	050y1315191n1o
b55Xc	3rk2r/pb3ppp/4pn2/3q4/8/2P2P2/P3B1PP/R1BQ1RK1 b k - 2 14	d5c5 g1h1 d8d1	1183	0g0j11191o
bnjUr	r1bqr1k1/1p3ppp/p1n2n2/3p4/1b1N4/1QN1P1P1/PP3PBP/R1B1R1K1 w - - 2 13	d4c6 b7c6 b3b4	1183	0b0g1c1o
c35Uf	2k5/ppp3Bp/1b2r3/3rn3/1P1p1P2/3P4/P5PP/RN2R1K1 b - - 0 24	e5f3 g2f3 e6e1	1183	0g0j0y191o
cHOOc	r4r2/1pp3k1/p2q1ppp/8/2PpR1Q1/1P1P3P/P4PP1/R5K1 b - - 3 22	f6f5 e4d4 f5g4 d4d6 c7d6	1183	0g0p0s10
ctJRL	r1b2rk1/pp3p2/4pbNp/2p5/3qQ3/3B4/P1P2PPP/3R1RK1 w - - 0 18	g6e7 g8g7 e4h7	1183	0y1315191o
dKUto	8/pp1q3k/3r3b/4p3/1P2PnN1/4p2Q/P5P1/R3BK2 w - - 1 30	g4f6 d6f6 h3d7	1183	0g0i0j191o
dVLOq	r1b2R2/ppp3pk/3p4/6p1/2BpP2r/3P3P/PP4K1/RNB5 b - - 0 20	c8h3 g2g3 a8f8	1183	0g0j191o
dwLEv	4r2k/5r1p/pp1p1NpQ/2pP4/2P2P1R/1P1b3P/P3p1P1/3q1NK1 w - - 2 35	h6h7 f7h7 h4h7	1183	030y1315191n1o
e0iHo	5r2/R5pp/1kP5/3pn3/4p3/7P/5rP1/2R3K1 w - - 4 38	a7b7 b6a6 c1a1 f2a2 a1a2	1183	0p0r101316
e3QW7	2r2r1k/p1pn2pp/1p6/1N1Bqp2/8/3P1Q2/PPP2P2/2K4R w - - 7 21	h1h7 h8h7 f3h5	1183	050y1315191n1o
ePeDZ	3k4/8/pPR2K2/6p1/1Pp3P1/8/1P5r/8 b - - 0 39	h2h6 f6e5 h6c6	1183	0g0p1m1o1p
fPbIz	7r/pp4pp/2npk3/4pp2/8/Pn2P1P1/1B3PBP/3R2K1 w - - 4 22	g2d5 e6d7 d5b3	1183	010p0s1o
fsgit	1rr3k1/p4pp1/3R3n/3Q1bN1/1n6/7P/PqP2PP1/3R2K1 w - - 6 28	d6d8 c8d8 d5d8 b8d8 d1d8	1183	0y101316191n
fyR5b	r6r/p4pk1/1pp2p2/3p4/3P3n/6Bq/PPQ2P1N/R3RBK1 b - - 3 25	h4f3 g1h1 h3h2 g3h2 h8h2	1183	030y101316191n
gLktW	r7/r3pp1k/1q1pn1pp/1p6/1Pp1PP2/P3PR1R/1Q4PP/3B3K w - - 3 28	h3h6 h7h6 f3h3	1183	051315191n1o
gTS70	r1b1q2r/ppp1bk2/2n1pn1p/8/7p/2NBB1Q1/PPP2PP1/2KR3R w - - 0 13	g3g6 f7f8 e3h6 h8h6 g6h6	1183	0g1019
gqYZQ	2rq2k1/6pp/p3rp2/1p2P3/PPn2P2/8/4Q1PP/R1B2RK1 b - - 0 26	d8d4 e2f2 d4a1	1183	0g0s1112191o
hO8tX	6k1/8/3b3p/5Rp1/4Q2P/2P2P1K/PP4P1/3q4 b - - 6 37	d1h1 h3g4 h1h4	1183	0p13151o
hUq9V	8/p2Q2pk/7p/5p2/5P2/6PK/PP2rq1P/2R4R b - - 0 33	f2g2 h3h4 g2h2 h1h2 e2h2	1183	0i0p1013161n
iYi49	r6k/pp3B1p/2n4q/2b1pP2/6Q1/2pP3P/PP3P2/R3K1R1 b Q - 0 20	h6d2 e1f1 d2f2	1183	1315191o
ipujN	6k1/5rp1/2pp2Qp/1p3q2/1P1P4/6PP/8/4R1K1 w - - 0 32	e1e8 f7f8 g6f5	1183	0g0p1g1o
jJ9OO	R6Q/5p1p/6pk/4b3/4qPP1/6KP/3r4/8 w - - 2 40	g4g5 h6h5 h8h7	1183	0i0p13151o
jX9DK	4Rrk1/p5pp/1pnN4/2p5/2Pp4/P2P1p1q/1P2QP2/4K3 w - - 0 36	e8f8 g8f8 e2e8	1183	050p0y13151o
kATvY	r7/5pk1/6b1/1r1PN1Pp/1P2P3/P1RK1P1B/8/8 b - - 0 36	b5d5 d3e3 d5e5	1183	010p1g1o
kO4Ig	8/7k/2R4p/8/3P4/3N3P/1p4K1/1r6 b - - 1 42	b1g1 g2g1 b2b1q	1183	0001050p1h1o
kajE9	2k5/1pp5/p7/8/2r2P2/7P/PP1p1P2/1K1Rr1R1 b - - 3 29	c4c1 d1c1 d2c1q	1183	000p13151h1m1o
lKPph	rn5k/pQp1q1p1/6Bp/2P5/3P4/4pP2/PP5K/R4b2 w - - 0 25	b7c8 e7f8 c8f8	1183	1315191o
lKdGq	r1bq1rk1/3n1pp1/2p1p3/pp1p2b1/3P4/2PBP3/PPQN1PP1/R3K2R w KQ - 0 14	d3h7 g8h8 h7g8 h8g8 c2h7	1183	050j0k0y101316191n
lUhpB	1k6/pp6/4r1p1/1N1p4/8/4Bq2/3K3P/2R5 w - - 0 32	e3a7 b8a8 c1c8	1183	0p13151o
lsWoK	8/pp2kb2/2p4p/5p2/2PP1r2/1P3BK1/P6P/3R4 b - - 2 27	f4f3 g3f3 f7h5 f3f4 h5d1	1183	01050p0r101n1p
lzrI1	2k1rr2/pb1nq3/1pp5/4p3/5NQP/5N2/PPP2P2/2KRR3 b - - 2 25	f8f4 g4f4 e5f4 e1e7 e8e7	1183	011019
m6W33	6k1/R4p2/6pp/3Bp3/1P2P2b/5P2/1r3P1P/6K1 b - - 0 23	h4f2 g1f1 f2a7	1183	0g0p0s1o
mAC0b	8/p7/1p3k2/2pr1p1R/8/3PK1P1/PP6/8 b - - 1 37	f5f4 g3f4 d5h5	1183	0g0j0p1m1o
mGcMY	2kr4/pp3RQ1/2p1p3/4P3/7q/P7/1PP4P/1K6 b - - 0 25	d8d1 b1a2 h4c4 b2b3 c4c2	1183	0p101316
maCBC	R7/4kpp1/6r1/2KPP2p/8/8/8/8 w - - 2 50	d5d6 e7e6 a8e8	1183	0g0p111m1o
nxLP5	3rr3/p3pp1Q/1p3kp1/2p5/2P5/P2P3P/1P3PP1/6K1 b - - 0 32	e8h8 h7h8 d8h8	1183	0g0p1j1o1t
ocugz	8/5p2/4p1kp/1N1n2p1/4N3/p5P1/5P1P/r2RK3 b - - 6 36	a1d1 e1d1 a3a2	1183	000g0p111o
p5DmO	r2qkb1r/pp3ppp/2n1p3/1Bpn4/3P4/4PN2/PPQ2PPP/R1B1K2R b KQkq - 0 9	d8a5 c1d2 a5b5	1183	0g0s1c1o
prEdq	1B6/PR4b1/P6p/5ppk/4p3/4P1PP/5P2/q5K1 w - - 3 35	g1g2 a1a6 b7g7	1183	0g0h0p111o
qq0LE	rr4k1/5pP1/4pqp1/3pn3/pp4P1/8/PPPQBP2/2K1R2R w - - 1 23	h1h8 g8g7 d2h6	1183	0y1315191o1u
qzyUJ	2rq1rk1/6p1/p2bpp1p/1p1bN3/3P4/P2B4/1P3PPP/1Q1RR1K1 w - - 0 21	d3h7 g8h8 e5g6 h8h7 g6f8	1183	010k0m0s1019
s7XeZ	1r4k1/4b1pp/p1rp1p2/4pP2/2p1P2P/2P1B3/Pq1Q2P1/3R1R1K w - - 0 24	d2d5 g8f8 d5c6	1183	0g0s191o
sOHIH	8/4p1k1/1n2Kb2/rPp2P2/p1p3Pp/2P4P/1P2B3/6R1 w - - 6 41	g4g5 f6g5 g1g5	1183	0g0p1o1t
sQ6RC	6k1/6p1/2r2b2/5B1P/8/3K2p1/4R3/8 w - - 5 40	e2e8 g8f7 f5g6	1183	0p13151o
t1DcD	r2qkb1r/ppp2ppp/2P2n2/4p3/2B5/4Q3/PPPPbPPP/RNB1K2R b KQkq - 0 7	e2c4 c6b7 a8b8	1183	011c1o
t90jo	r4kr1/2p1b2p/2np1n2/4p3/1P1PPp2/BQP2P1q/4B1PP/R4RK1 w - - 3 21	b3g8 f6g8 g2h3	1183	01191o
tAN3v	8/6k1/3P4/1R6/2P2P2/5K2/1p6/4r3 b - - 2 65	b2b1q b5b1 e1b1	1183	000g0p1h1o
tDQ1m	rn1qkb1r/p2b1ppp/4p3/1B1p4/3P4/1Q3N1P/PP3PP1/R1B1K2R b KQkq - 3 11	d8a5 c1d2 a5b5 b3b5 d7b5	1183	0g101c
tjH4W	5k2/5Pp1/p2p4/3q2P1/3Rp2P/2P1Q2R/PrNK4/1r6 b - - 4 34	b2c2 d2c2 d5a2	1183	051315191o
tk7kC	8/8/4q3/1p3pK1/2k2P2/7P/5Q2/8 w - - 0 64	f2a2 c4c3 a2e6	1183	0g0p1i1o1p
trB4d	8/p5k1/q7/2K4Q/7P/1PP1P1P1/8/8 b - - 0 38	a6a5 c5d4 a5h5	1183	0g0p1i1o1p
u8wUv	r5k1/pp3pp1/7p/3QR3/8/2r2P1P/Pq4P1/4R2K w - - 0 28	e5e8 a8e8 e1e8 g8h7 d5f5 g7g6 f5f7	1183	0p13171w
uP1zI	8/3B4/4p1pk/5p2/5P1K/1rBR1Q1P/8/6q1 b - - 9 43	g6g5 f4g5 g1g5	1183	0p13151o
umv0J	5k2/8/7p/P1R5/r3Bn1p/8/5P2/6K1 w - - 0 49	c5f5 f8e7 f5f4	1183	010p0s1o
urcBC	1kr5/pp2N3/r1p4p/1q2p2Q/4P3/2pP3P/P1P3P1/KR3R2 b - - 1 28	a6a2 a1a2 b5a4	1183	051315191n1o
ut7Hm	r3k3/pp2bn2/2b3p1/7r/2Q3Pq/BP6/P4P1P/R3R1K1 w q - 0 22	e1e7 h4e7 a3e7	1183	0g191o
vkDYU	4n3/7p/5p2/2k1nP1N/3pK3/3P4/2B5/8 w - - 2 44	h5f6 e8f6 e4e5	1183	010p1o
wSOsz	r7/5b1k/2p3pr/1pPpPpRp/p2P1P2/P3KP2/2B4P/6R1 w - - 7 62	c2f5 g6f5 g5g7 h7h8 g7f7	1183	0g0p0s101n
wUSVj	3R4/5p1k/6p1/6Pp/5K2/4Q3/8/2q5 b - - 1 47	c1c7 f4f3 c7d8	1183	010p0s1o
wXno9	6k1/2Q2pbp/3p1np1/4P3/Np3P2/1P1B4/1BP3qr/2K1R3 b - - 0 26	g2d2 c1b1 d2e1	1183	0g0s191o
wasla	1N6/5k1p/2P2p2/Pp4p1/6P1/2r4P/8/5K2 w - - 0 38	a5a6 b5b4 a6a7 c3a3 c6c7	1183	000g0p10
wvch3	8/6kp/8/PR5P/1P3R2/5P1K/2r3r1/8 b - - 1 47	g2h2 h3g4 c2g2 g4f5 h2h5 f5e4 h5b5	1183	010i0p0r1m1p1w
wwweS	4r1k1/7p/3p2rB/2p5/2qb4/5Q2/6PP/5R1K w - - 0 32	f3f8 e8f8 f1f8	1183	1315191d1n1o
x4DDw	8/5r1p/1p1k2p1/2n3K1/8/2R5/P5P1/1R6 b - - 20 50	c5e4 g5h6 e4c3	1183	010p0s1o
xLyPV	4R3/ppq2rkp/2p3p1/3p2P1/8/P7/1PP2rQ1/2K4R w - - 2 29	h1h7 g7h7 g2h3 h7g7 h3h6	1183	050p1013161n
y54Ya	6k1/2p2np1/6rp/3Pp1q1/1P2Pp2/P2B3P/4Q1P1/2R4K b - - 4 39	f4f3 e2f3 g5c1	1183	0g0j0p1o
yzGs1	r2qrbk1/2pn1p2/p1b1pn1Q/6N1/3P4/2NB3P/1PP2PP1/2KR3R w - - 3 18	d3h7 f6h7 h6h7	1183	0y1315191o
z6v5p	r3k1r1/ppp1qp2/2np1n2/2b1p1B1/4P2P/1PNP4/1PP2PP1/R2QK2R w KQq - 1 13	c3d5 f6d5 g5e7	1183	01191o
zzrd7	7r/1R6/p1k1p3/P4ppp/2Prp3/7P/4nPPN/1R5K w - - 0 30	b1b6 c6c5 b7c7	1183	0p13151o
1DhvS	8/6pk/7p/5p2/P2P1Q2/4B1PK/5P1P/7q b - - 5 37	h1f1 h3h4 g7g5 f4g5 h6g5	1184	010p0s10
1Dy7V	r2qr1k1/p1p2pp1/2pb1n1p/8/3QN1b1/2N3P1/PP1P1P1P/R1B2RK1 w - - 2 19	e4f6 d8f6 d4g4	1184	010j0y1c1o
1tYuL	1r2r2k/6p1/p4pQp/P1qB4/7R/2pn4/1P3PPP/R5K1 w - - 0 29	h4h6 g7h6 g6h6	1184	0y1315191n1o
2sULM	r4rk1/1p3pp1/p2b3p/2pB4/3P2n1/P1P4q/1P3P2/R1BQRNK1 b - - 0 18	d6h2 f1h2 h3h2 g1f1 h2f2	1184	0y10131619
2u6Dz	r2k1br1/1p4Rp/p1p2p2/3p1P2/2Q2P2/2N5/PP5P/4R1K1 b - - 0 28	g8g7 g1f1 d5c4	1184	0g191o
2uGqT	4rrk1/p1p2p1p/1p1p1Pp1/8/3q4/3b4/P1PQ2PP/1R3R1K w - - 0 25	d2h6 d4f6 f1f6	1184	01191o
3FjeC	2k5/pp3p2/2p1rp1b/q7/3P2Q1/2P5/P4BPP/R2KR3 b - - 0 25	a5a4	1184	111314191b
3wMJ6	1rb3rk/5pNp/5P2/1p2pP1Q/2n1P1R1/3n1q1P/1P5K/8 w - - 0 34	h5h7 h8h7 g4h4 f3h5 h4h5	1184	050y101316191n
4EMs4	rn1qkb1r/1b3ppp/p7/1p1np3/2P5/4B1P1/PP1NNPBP/R2QK2R b KQkq - 0 11	d5e3 f2e3 b7g2	1184	0g0j111c1o
4oQQc	2r3k1/pb3ppp/4pnq1/1BQ5/Pp2P3/5P2/6PP/3R2K1 w - - 1 29	c5c8 b7c8 d1d8 f6e8 d8e8	1184	060s101316191n
53lnh	5rk1/5ppp/pQ6/5P2/4n1P1/q6P/P1P1BP2/1K1R3R b - - 0 22	e4c3 b1a1 a3a2	1184	0s1315191o
5XXpo	2r1r1k1/1p3pp1/p6p/5q2/1Q6/2P2N2/PP1N1PPP/4RK2 b - - 7 25	f5d3 f1g1 e8e1 f3e1 d3d2	1184	0g0i1019
5wuJn	6k1/p2Q1ppp/3br3/8/2qB3r/4P2P/PP3PP1/4R1K1 w - - 2 27	d7d8 d6f8 d8h4	1184	010s191o
677IV	2k5/ppp4p/8/2P5/5K1P/P7/P4p1r/5R2 w - - 2 27	f4g3 h2h4 g3h4	1184	010p1m1o1t
6EvsX	5k1r/1R6/8/P1NpP3/1P2pP2/4K3/1r6/8 b - - 4 43	h8h3 e3d4 b2d2	1184	0g0p1o
6GMhu	1r3k2/2r1np1p/2p1p1p1/3pP1QN/3P2P1/5P1P/2q5/3R2K1 w - - 2 31	g5h6 f8e8 h5f6 e8d8 h6f8	1184	10131619
7Qv3W	7r/2q3p1/B5k1/2P2p1p/4N1b1/1Q6/4p1PP/2B1b2K w - - 0 33	b3e6 g6h7 e4g5	1184	0f1315191o
7aNDV	8/8/4p3/p1NpPk1p/Pb1P2p1/4K1P1/7P/8 b - - 1 40	b4c5 d4c5 f5e5	1184	0g0p1o
8VC14	3r2k1/2Q3pp/p1p5/3q1p2/bP2pP2/6P1/4R2P/1B5K w - - 0 33	b1a2 a4b3 a2b3 d5b3 c7d8	1184	0g0p101g
8W6HR	4Qn2/p6k/4p2p/N1QpPp1b/1P1Pq2B/P4p2/5R1P/5K2 b - - 0 57	e4b1 c5c1 b1c1	1184	1315191o
8g3Bp	k6r/p1P4r/3Q4/8/4b3/6P1/P5P1/6K1 w - - 1 51	d6d8 h8d8 c7d8q	1184	000g0p1h1o
8rJnJ	r1bqr1k1/ppp2p2/3p4/3Nb3/2P3pP/4P3/PPQ1BPP1/R4RK1 b - - 0 18	d8h4 g2g3 e5g3 f2g3 h4g3	1184	010y101119
8u362	7k/pp1Nn1p1/2p1Q2p/8/3P4/P1N1nB2/1P3q1P/3RR2K b - - 0 28	f2f3 h1g1 f3g2	1184	0y1315191o
9qZXg	6k1/3bQp1p/6p1/3P1qP1/5N2/6K1/5P2/8 b - - 4 37	f5g4 g3h2 g4f4	1184	0g0i0p1o
9quQI	r3kb1r/1p2ppp1/p4n1p/2p4q/3nNPb1/2NP1B2/PPP3P1/R1BQ1RK1 w kq - 2 13	e4f6 g7f6 f3g4	1184	01191o
AQRnU	5r1k/pp4p1/4Q2p/3p2pP/3Pn3/4B1P1/PPP3P1/1K3R2 b - - 0 26	f8f1 e3c1 e4d2 b1a1 f1c1	1184	060i0p1013161g
AhakL	r1r2k2/1p3pb1/6pp/n2NP3/2pP4/5N1P/5PP1/R3K2R w KQ - 0 26	d5b6 c8d8 b6a8	1184	010s191o
Ai8HT	4r1k1/1p1n4/3p2r1/2pP4/2P5/pPK5/P6R/7R w - - 0 30	h2h8 g8f7 h1h7 f7f6 h8e8	1184	0g0i0p0r10
B6k1d	8/1kp3pp/5p2/2R5/1P6/P3nPBP/3r2P1/6K1 b - - 6 40	d2g2 g1h1 g2g3	1184	0g0p0s1o
BNTuQ	6k1/pbp3pp/2p5/2bpQ3/B7/2NP3P/PPP2rP1/7K b - - 1 23	f2f1 h1h2 c5d6	1184	010p1g1o
BWCX6	4Q3/6pp/5p1k/5q2/3pp3/P4NP1/1rr2PK1/5R2 w - - 0 38	f1h1 f5h5 e8h5	1184	0p13151o
Burzd	6r1/pp1b4/2kp1R2/2p5/P1P2B1p/1P1P3p/6PK/8 w - - 0 34	f6d6 c6c7 d6g6	1184	0g0j0k0p1o
DCizO	2k1r3/1pp2p1p/p4p2/8/5PP1/3Q3P/PPP2q2/2KR4 w - - 2 22	d3d7 c8b8 d7e8	1184	0g0p0s1o
DNeee	1r4k1/1p3pp1/7p/p1q2r2/2P1PQ2/8/6PP/1R5K w - - 0 31	f4b8 g8h7 e4f5	1184	0g0p0t0w1o
E1KIg	r3rn1k/1b4pp/p1qPp3/1p2B2Q/2p2PP1/2P5/PPB2K1P/3R1R2 b - - 3 25	c6f3 f2e1 f3e3	1184	0q1315191o
EKnW8	r1b1N1k1/5ppp/pp6/3p4/1q2P3/3BP3/P3K1PP/R2Q3R b - - 1 22	c8g4 e2f2 g4d1	1184	01191o1p
EfPr6	8/6k1/5Rp1/7p/5P2/7P/6K1/5r2 b - - 4 41	g7f6 g2f1 f6f5 f1f2 f5f4	1184	0g0p101m
EgLNB	8/p2p1pkp/6p1/1p6/1P6/4rP2/P1Qq2PP/2R2K1R b - - 3 30	e3e1 c1e1 d2c2	1184	010i0p111o
ErIAs	2k5/pppr2p1/4K1R1/8/3P4/P7/1BPP1r2/4R3 b - - 5 33	d7d6 e6e5 d6g6	1184	010p1o1p
FLooV	r5k1/p1P2p1p/1n4p1/1p3p2/7q/3Q4/PPP2PPP/1K1R4 w - - 0 22	d3d8 a8d8 c7d8q h4d8 d1d8	1184	000g0p0y101h
FO3dL	r4r1k/3p2pp/2b2p2/2N1pP2/2BnP1P1/p7/3P1K2/2R4R w - - 2 35	h1h7 h8h7 c1h1	1184	050y1315191f1n1o
FcrTM	8/1p3kpp/1p6/2b5/2P2r2/P1K5/4R2P/R7 b - - 2 30	c5d4 c3b4 d4a1	1184	0g0p1o1p
G40Ml	8/5p1p/p4pk1/8/2r2P1R/8/P5PP/5K2 w - - 4 35	f4f5 g6f5 h4c4	1184	0g0j0p1m1o
G8kIL	2r5/p7/1p4kp/4b3/1PP1P1q1/P2Q4/5R2/5K2 w - - 2 49	f2g2 c8f8 f1g1	1184	010h0p1g1o
GBonW	3rr3/1p3pPk/p1n2Bn1/3p1BP1/8/2P2R2/P1Pqp1KP/4R3 w - - 0 34	f3h3 h7g8 h3h8 g6h8 g7h8q	1184	000r101316191h
GDswV	5k2/1Q1P1pp1/p3q2p/2P5/8/3p4/5PPP/4rRK1 b - - 0 29	e1f1 g1f1 e6e2 f1g1 e2e1	1184	050p101316
Gwp6W	r4rk1/pp3pp1/1n5p/3p4/3Pp1qb/1PN1P1P1/PB2P1K1/R3QR2 w - - 0 21	f1f4 g4g6 f4h4	1184	0111191o1p
HB5ol	1b3r2/3R2pp/R7/1pk5/6PK/2P2r1P/PP6/8 w - - 3 36	b2b4 c5c4 a6c6	1184	0p13151o
HRqzv	Rn1k4/R1b2rp1/1p5p/2p1pN2/4P3/4BKP1/8/3r4 w - - 8 39	a8b8 c7b8 a7f7	1184	01191o
HXrsi	8/3r2k1/1b1q1pp1/1P4Np/7P/6P1/1Q5K/5R2 b - - 5 44	d6d2 b2d2 d7d2 h2h3 f6g5	1184	0g0p10
HxR2W	2kr2r1/1bpp4/p6p/3P1p2/4PP2/3B2Rq/1P1N3P/R2Q2K1 b - - 0 26	g8g3 h2g3 h3g3 g1f1 g3d3	1184	010s1019
IeCLF	8/2p2pkb/r1p2p1p/4p2P/4P1q1/2R5/3Q4/5NK1 w - - 0 39	c3g3 g4g3 f1g3	1184	010h0p1g1o
IwQk9	r1b2rk1/pp3qp1/4p1QR/2p1P3/2PP4/8/PP1B2PP/R5K1 b - - 0 22	f7f2 g1h1 f2f1 a1f1 f8f1	1184	060s101316191n
J6skt	r5k1/5pp1/6bp/8/1P6/P1R2PB1/r5PP/2KR4 b - - 4 26	a2a1 c1d2 a8d8	1184	010p1o
JWYON	5rk1/6p1/4p2p/1Q1pP1p1/3q2P1/5PKP/3N2R1/8 b - - 0 46	d4f4 g3f2 f4d2	1184	0g0p0v1o
Jf5au	2r1r3/5q1k/p1n1p1pp/5p2/2P2P2/2B1KB2/P1Q5/7R w - - 0 39	h1h6 h7h6 c2h2	1184	051315191n1o
JlVTN	2k5/ppp2pp1/2nb4/7p/1PqN1P2/P1Qpr1PP/1B5R/2KR4 b - - 3 25	d3d2 h2d2 e3c3	1184	000g0j191g1k1o
KrhnW	2kr3r/pp3p2/2pp2p1/4p3/2P1P3/3PBq2/PP1QNR2/R3K3 b Q - 0 23	h8h1 e2g1 h1g1 f2f1 g1f1	1184	0r10131619
LCbAe	r4r1k/3q2pp/1bbp4/p3pp2/R4N2/1QP5/1P2BPPP/5RK1 w - - 4 23	f4g6 h7g6 a4h4	1184	0d0y1315191n1o
Lnd2w	1Q6/4rk2/4b3/1B1p1p2/3P3q/4P1R1/PP3KPr/8 w - - 3 34	b8g8 f7f6 g8g6	1184	1315191o
MY3eR	r3k2r/pppq1pp1/1b1p1n1p/3Pp3/Q1B5/P1PP3P/1P3PP1/R1B1K2R w KQkq - 3 13	c4b5 c7c6 d5c6	1184	0g191g1o
MqZic	3r2k1/p4pp1/1p2p2p/2r5/5P2/2P1Pn1q/P3BPRP/R4Q1K w - - 7 23	g2g7 g8g7 f1h3	1184	0g0j11191o
Nh1RQ	2kr4/Qbp2ppp/1p1br3/P7/8/2P1BP2/1P3P1P/R2N1RK1 b - - 0 21	e6g6 e3g5 g6g5 g1h1 b7f3	1184	0y101316191a
NyTUP	r2r2k1/pp2ppbp/2q1b1p1/8/8/P3BP2/1PPQ2PP/2KR1B1R w - - 1 14	d2d8 a8d8 d1d8 g7f8 e3h6	1184	0g0y10191g
NywDB	1r6/1r2pk2/3p1pp1/2p4p/p1P1P3/2K2P2/PPRR2PP/8 b - - 1 29	b7b3 a2b3 b8b3	1184	0p0q13151m1n1o
OTDZ2	5r2/1Qbq4/2p1P1k1/p1Pp1bpp/3P4/4B3/P5P1/1B3RK1 b - - 0 31	c7h2 g1h2 d7b7	1184	0g0j191o
QpCo2	1r6/2bPkpp1/2P1p2p/3pN3/3P4/R1K1P1P1/1r3PP1/R7 b - - 4 31	c7a5 a3a5 b8b3	1184	090p13151n1o
TEDu9	8/8/b1pb4/2p2k2/2Pp1nN1/4p1PP/1B6/2N1R1K1 b - - 0 37	f4h3 g1g2 f5g4	1184	01191o
THQrL	5rk1/p5p1/1p5p/3p1q2/6N1/2PnP2P/PP4Q1/4R1K1 w - - 4 33	g4h6 g8h7 h6f5	1184	0g0p111g1o
TQTri	2k5/3n2R1/2K3p1/r7/8/8/8/8 w - - 0 69	g7g8 d7f8 g8f8	1184	0p13151o
TfuPC	rn3r2/p4Bpk/2p5/4p1P1/1p2P3/2N1q3/PPP3K1/R4R2 w - - 0 20	f1h1 e3h3 h1h3	1184	1315191f1o
UQUW3	r3rq1k/pp3Qp1/5R2/4P2p/6b1/3B4/P1Pn2PP/7K w - - 3 29	f6h6 g7h6 f7h7	1184	1315191n1o
UgLwe	k7/P4p1p/6p1/3pP3/8/2rp1KP1/5P1P/R7 b - - 1 39	d3d2 f3e2 c3c1 e2d2 c1a1	1184	000g0j0k0p101m
VwEGM	3R4/5p1k/5Qpp/4p3/4P1K1/2P2P1P/1P4P1/r3q3 b - - 12 35	h6h5 g4g5 e1g3	1184	0p13151o
WXDvg	5bk1/p4r2/4Q1p1/8/K1p2P2/1B2P3/P2qN3/7R b - - 3 27	d2b4	1184	111314191b
WkcU3	3r2k1/3rNpbp/b1n3p1/2P5/p1p5/2P2N2/P4PPP/3RRBK1 b - - 6 26	c6e7 d1d7 d8d7	1184	0g11191o
Wxndi	1r2kb1r/pp3ppp/2n5/1B2p3/Q7/5q2/P4P1P/1RB2K1R w k - 0 18	b5c6 b7c6 b1b8	1184	010j191o
XWokO	6Q1/p7/1p1b2pk/8/3PB3/2P3pK/PP1q4/8 b - - 7 36	d2h2 h3g4 h2h5	1184	0p13151o
XZTDa	8/8/p1P5/8/2R3pk/1P6/2r4p/6K1 w - - 0 54	g1h1 c2e2 c6c7 e2e1 h1h2	1184	000g0p101m
Y0jiD	2r3rk/ppq2p1p/4n2B/2p1pQ1P/3p4/2P5/PP1N1PP1/R5K1 w - - 5 29	f5f6 e6g7 h6g7 g8g7 h5h6	1184	0g0y1019
Y6CVa	r1b4r/pp3kpp/2p5/3qQ3/7N/BP6/2p2PPP/5RK1 w - - 5 25	e5e7 f7g8 e7e8	1184	1315191o
YLRKn	2r2r2/pp4k1/8/1q2p1p1/8/6PR/PP4P1/1Q2K3 w - - 0 35	b1h7 g7f6 h3h6	1184	0p13151o
Z54V1	3r1rk1/1p2bppp/pq1p4/2nB1P2/P3p3/6QP/1PP1N1P1/R4R1K w - - 5 22	f5f6 e7f6 f1f6	1184	01191g1o
Zpyul	r3r1k1/pbpnqpbp/1p3np1/4p1B1/4N3/2P1PN2/PPQ1BPPP/R2R2K1 b - - 3 13	b7e4 c2e4 f6e4 g5e7 e8e7	1184	011019
aqvyE	r3n1k1/p1p2rP1/1pq2p1p/8/3p1N2/P2Q3P/KPP5/6R1 w - - 1 36	d3h7 g8h7 g7g8q	1184	00050y1315191h1o
bGAFJ	6k1/5pp1/2p4p/2Qq4/8/6P1/1P2rP1P/2R3K1 b - - 2 33	e2e1 c1e1 d5c5 e1e8 g8h7	1184	0g0i0p1011
bivH3	8/7p/6pk/8/3q4/1Q3B1P/r5PK/2R5 b - - 0 50	d4f4 h2g1 f4c1	1184	0g0p0s1o
cOWvT	r1b1k2r/1p1pbp2/1q2pn1p/p5p1/1nP5/PQN1PNB1/1P3PPP/R3KB1R b KQkq - 0 13	b4d3 f1d3 b6b3	1184	0g0j191o
crHKn	6k1/5p2/7n/7p/Pp1PQ2q/1P2P1p1/1B1N1P2/6K1 b - - 0 34	h4h2 g1f1 h2f2	1184	0p13151o
d1afT	6k1/5p2/7p/6p1/P7/P2Nn1PK/R1p2r1P/2R5 b - - 4 38	g5g4 h3h4 f2h2	1184	0i0p13151o
dBaQN	8/6R1/3rk3/3p2pP/2pPp3/4K3/8/8 w - - 0 51	g7g6 e6e7 g6d6 e7d6 h5h6	1184	0g0p101m
ecWor	8/p7/5k1p/5P2/2q1R1K1/P4Q1P/1P6/8 b - - 3 37	c4g8 g4f4 g8g5	1184	0p13151o
gUn5d	2r5/p2k4/4p1p1/3pP3/4N3/P4n2/1P4R1/R6K b - - 0 35	c8h8 g2h2 h8h2	1184	030p13151o
hU6KV	r4r1k/1pp1n2p/p3P3/6q1/3R1p2/1BP3Pb/PP1Q1P1N/4R1K1 b - - 0 30	f4g3 f2g3 g5g3	1184	0g0y11191o
jHWVm	3q3k/1p1r1P1p/6p1/p1nBr1Pb/8/2N5/PPP4R/2K2R2 w - - 0 30	f7f8q d8f8 f1f8 h8g7 f8g8	1184	000s101316191d1h
jRmjz	1r4k1/R6R/4p3/3p1p2/2b2n2/5NP1/5P1P/6K1 b - - 0 30	b8b1 f3e1 b1e1	1184	0p13151o
jdDZa	4Q3/pp4pk/7p/3pN3/5q2/1P4PP/P2nnP1K/3R4 b - - 0 32	f4f2 h2h1 e2g3	1184	0f0i0p13151o
k8Dgz	3r2k1/p1p3p1/2p3qp/2P1pp2/PP5Q/B1P2bPP/5P2/r4RK1 w - - 0 22	h4d8 g8h7 f1a1	1184	010t0w11191o
ki7U3	5r2/6k1/p2p1p1p/1p1BpQpP/3bP1P1/1P3R1K/P5P1/4q3 w - - 4 33	f5g6 g7h8 g6h6	1184	0i0p13151o
l0cyy	2k1r3/1R5p/2p3p1/p1bp4/5p2/P6P/5pP1/1R3K2 w - - 2 34	b7b8 c8d7 b1b7 d7d6 b8e8	1184	0g0i0p0r10
lQjEt	r3k1nr/pb1qppbp/1p1p2p1/2p5/2PNP3/2NPB1P1/PP3PBP/R2Q1RK1 b kq - 0 10	c5d4 e3d4 g7d4	1184	010s111c1o1r
m8mpP	r4rk1/ppp1R1pR/7n/3p1B2/3P4/2P2N2/PP4P1/6K1 b - - 0 27	h6f5 h7g7 f5g7	1184	01191o
mKdNB	6k1/6p1/4b3/4Q2p/2Pp1p2/3q1PP1/4NKBP/1r5R b - - 3 29	d3e3 e5e3 f4e3	1184	1315191o
mnGsS	r2qk2r/bpp2pp1/p2pb2p/8/4n3/5N1P/PP2BPP1/R1BQR1K1 w kq - 0 14	d1a4 c7c6 a4e4	1184	010s1c1o
mnUVZ	8/5p1k/Q3p1p1/3p2K1/6P1/p4r2/8/8 b - - 3 55	f7f6 g5h4 g6g5 h4h5 f3h3	1184	0p1013161j
p5EGL	2R2bk1/p2r1pp1/1p2p2p/3qP1B1/1P6/P6P/2Q2PP1/6K1 w - - 0 31	c8f8 g8f8 c2c8	1184	050g0p0y1n1o
pMU5i	r2qr1k1/1Qp2p1p/5np1/p4p2/2PP4/4P2P/PB3PP1/R4RK1 b - - 1 16	a8b8 b7a7 b8b2	1184	01191o1p
pWeTv	r5k1/1pp1q3/pn2b1p1/3pP3/3P4/4P3/PPP4Q/2K4R w - - 0 24	h2h8 g8f7 h1h7	1184	0p13151o
pmRx3	r3r3/1P3pk1/p7/1P5q/P3p3/4N1P1/2Q2PKp/2RR4 b - - 0 30	h5f3 g2h2 e8h8 h2g1 h8h1	1184	10131619
prfbq	1qr3k1/1b2bpp1/pp2p2p/3nN3/3PB3/1P3P1P/P2B2P1/1QR3K1 w - - 4 24	e4h7 g8f8 e5d7 f8e8 d7b8	1184	0g0s1019
pvV2G	1r2b1k1/2R4R/p4p1P/3P4/2P5/6P1/r7/5K2 w - - 1 40	c7g7 g8f8 h7h8	1184	0p13151o
ruMOn	r4kN1/5r2/q3p1Qp/p3Ppp1/1b6/4P3/5PPP/1R3RK1 b - - 4 29	f7g7 g6h6 f8g8	1184	010v191o
sNrhH	3k3r/p1p4p/1rB1p1pb/4Rb2/2KN4/N1P5/PP1P2PP/R1n5 b - - 1 20	f5d3 c4c5 h6f8	1184	1315191a1o
sWjd0	4r3/pp1r3p/4B1pk/4Q1R1/5P2/8/PPP2q1P/2K5 w - - 3 24	g5h5 g6h5 e5g5	1184	0d0p13151n1o
tB9Sc	8/P4p2/1K2pk2/1R4p1/7p/8/r7/8 w - - 0 50	b5a5 a2a5 b6a5	1184	0g0p1m1o
tHAfs	rn1r1k2/1b4pp/p2qQn2/1p6/8/1BN5/PPP2PPP/4RRK1 w - - 0 17	e6f7	1184	1314191b
teS9H	8/3b1B2/2p1p3/k2pP1P1/P2Pp3/4r3/5RK1/4q2Q b - - 1 36	e3g3 g2g3 e1h1	1184	0g0i0p111o
tnOgW	r7/p3q1k1/1p2b2R/2p5/3p4/P7/1P4PP/1B3RK1 w - - 1 28	h6h7 g7g8 h7e7	1184	0g0p1o1p
uPGZE	2r5/4kp2/4p2p/1P1p3P/3Nn1R1/4P3/1P6/1K6 b - - 2 30	e4d2 b1a1 c8a8	1184	0p111213151o
udPOV	q7/pkp3rp/1pN1pp2/1Q1p4/3PbP2/2P5/PP3P1P/2KR4 w - - 0 25	c6a5 b7c8 b5e8	1184	0p13151g1o
vI3f8	r1b1k2r/p1q2ppp/1P2p1n1/3pP3/3P4/P4N2/2P1QPPP/R3KB1R b KQkq - 0 13	c7c3 e2d2 c3a1	1184	0g0s191o
wRsGF	rn1qk2r/pp4pp/2pbpp2/3pN3/3PnB2/4P3/PPP2PPP/R2QKB1R w KQkq - 0 10	d1h5 g7g6 e5g6 h7g6 h5h8	1184	0g101c
wbSet	r7/1pp2pkp/2p2qp1/p3p1QP/4P1P1/2Pr4/PP3P1K/R5R1 w - - 1 26	h5h6 g7f8 g5f6	1184	0g0i0p1o
x61aw	1r5k/5Rrp/5Q2/p2pp3/4q3/3R2PP/P1P2P2/6K1 b - - 0 31	b8b1 d3d1 b1d1 g1h2 d1h1	1184	0p101316
zOZRa	2r5/2p2pkp/p7/1p6/4P3/8/PP1rRnPP/R2B2K1 b - - 1 21	d2d1 a1d1 f2d1	1184	010p1o
0K6ik	4R3/4rpkp/1N6/K1N3Pp/1P5P/2P5/3Rb3/8 b - - 0 40	e7a7 c5a6 a7a6	1185	0p13151d1o
0MqY4	1R5r/1pp1k3/4n1p1/2P3Pp/4q3/4B3/3Q2PP/1R4K1 b - - 0 37	e4b1 d2c1 b1c1 e3c1 h8b8	1185	0g0t1019
0TCAd	2r1r1k1/3Q1p1p/p2p2p1/3P2B1/1p3P2/8/PNq3PP/K3R2R b - - 0 25	e8e1 h1e1 c2c1 e1c1 c8c1	1185	06101316191n
0Uj0P	8/1p6/p2p4/3P1k2/PPPP1p2/8/6K1/8 b - - 2 43	f5e4 g2f2 e4d4	1185	0g0p1e1o
0ubBL	r4nk1/p3brp1/2q2nQP/1pp1p3/3p4/P2P2P1/1PPB1P1N/R3R1K1 w - - 1 27	h6h7 g8h8 g6f7	1185	00010i0y191o
1DTAI	6k1/pp3ppp/2b1p3/7q/3Q1P2/P6P/1P4P1/R4R1K b - - 0 26	h5h3 h1g1 h3g2	1185	0p13151g1o
1So5s	2rr2k1/p5p1/1p1qp2p/n4p2/8/Q3PN1P/P4PP1/2R1R1K1 w - - 0 24	a3d6 d8d6 c1c8	1185	0g191o
2Ny7U	7r/Q1p2pk1/2pp1n2/6Bp/6pP/1P6/P1q2PP1/R5K1 w - - 0 25	g5f6 g7f6 a7d4 f6g6 d4h8	1185	050g0p101p
3h2Dv	2r4r/pp2k3/3N1n1p/7R/3PP3/1P6/P5P1/5RK1 b - - 0 25	f6h5 d6c8 h8c8	1185	010p1o
3synm	5rk1/6pp/2r5/3P1R2/1p2p3/1B2P3/1P1n2PP/7K w - - 0 32	d5c6 d2b3 f5f8 g8f8 c6c7	1185	000g0j0k0p10
3ymlV	1Q6/8/5k2/6pK/5p2/5Pr1/8/8 b - - 3 61	g3h3 h5g4 h3h4	1185	0p13151j1o
4frXd	4r1k1/1pq1rppp/2p2pb1/p2n4/Pb1P4/1P1NP1P1/2QN1PBP/2R1R1K1 w - - 11 22	g2d5 c6d5 c2c7	1185	01191o
4nrqB	r1b2rk1/pp1n2p1/2p4q/3pp1NQ/3P4/4P3/PPP3PP/R4RK1 w - - 4 19	f1f8 d7f8 h5f7 g8h8 f7f8	1185	0i0y10131619
5KPGa	1k1r3r/1p2nppp/B1p5/3n1b2/1q6/1Q2PN2/PP1R1PPP/3R2K1 w - - 1 17	b3b4 d5b4 d2d8 h8d8 d1d8	1185	0110191g1k
5kL9b	4r3/p7/4p1pp/2rp4/1k6/4R1P1/P4P1P/2R3K1 w - - 0 36	e3b3 b4a4 c1c5	1185	0g0i0p1m1o
60VjB	r5qk/pp2br1n/2pp3Q/4p2N/R5bN/1P1P4/1PP2PP1/5RK1 w - - 11 22	h4g6 g8g6 h6g6 g4h5 g6h5	1185	0g0s1019
6lOHq	r1rq4/5pk1/1n1b3p/pppP4/4P3/PP1n1NP1/B4R1P/2Q2RK1 w - - 3 27	c1c3 g7g8 c3d3	1185	010s191o
7aZvf	7k/pp6/5RQp/2p5/8/5qNP/PP3PbK/3r4 b - - 0 32	d1h1 g3h1 f3h3 h2g1 h3h1	1185	0p1013161n
7sTHQ	8/1P6/6pk/4q2p/3Q4/2n5/2N3B1/2K5 b - - 11 54	c3e2 c1b1 e2d4	1185	010p0s111o
8cfH0	r1bqkb1r/1p5p/p1n1pp2/1NppN3/3P4/8/PPP2PPP/R2QKB1R w KQkq - 0 11	d1h5 e8e7 h5f7	1185	13151c1o
93Paf	5rk1/6pp/p2Q4/1p1P1B2/5P2/4n1PK/5q2/7R w - - 1 36	f5e6 g8h8 d6f8	1185	0i0p13151o
9NZzR	6k1/5p1p/3p2p1/2p5/8/1b1P1N1P/r1P1RPP1/6K1 w - - 0 30	e2e8 g8g7 c2b3	1185	010p0w1o
9ZGTH	2k3r1/p2n1R2/2pP4/1q6/1P1PQ3/2P1B3/P6K/R7 b - - 0 30	b5h5 e4h4 h5h4	1185	0s1315191o
A1Mld	1r2r1k1/ppp2pp1/4b2p/2Ppq3/8/1QP3P1/P3BPP1/R3R1K1 w - - 0 18	e2b5 e5f6 b5e8	1185	01191o
AYFd7	1r5r/2k3pp/2n1qp2/4p3/1RPp4/1Q1P2PP/4PP2/1R4K1 w - - 5 23	b4b7 b8b7 b3b7	1185	010e191o
B6d6I	3r2k1/5pnp/pq1P2p1/8/1P3QPP/P1p5/2B3K1/4rR2 w - - 0 30	f4f7 g8h8 f7f8 d8f8 f1f8	1185	06101316191n
B9TUV	r4rk1/ppQ2bpp/3P1n2/1N5n/2BP4/8/PPq3PP/R4R1K w - - 1 20	c4f7 f8f7 c7c2	1185	0g0j191o
BxAh5	8/1p4Kp/p2QNn2/3P1k2/6p1/1P2q2P/P1P3P1/8 b - - 1 38	f6e8 g7f8 e8d6	1185	0g0p0s1o
CGn3P	3rr1k1/p2p1qpp/1p3p2/n1n1pN2/8/2N3Q1/P4PPP/3RR1K1 w - - 10 27	f5h6 g8f8 h6f7	1185	0g0y191g1o
CWppJ	4nr1k/p5bp/6p1/6Bn/3P2PQ/P1R1P2P/1P3PBK/5q2 b - - 4 31	f8f2 h4f2 f1f2	1185	0g191g1o
CpCRC	r4rk1/4bpp1/p3q2p/1p1pP3/4b3/PB6/1BPQ1PPP/R3R1K1 w - - 1 21	e1e4 d5e4 b3e6	1185	0g191o
DE5Hp	6k1/3q2rp/4p3/3p3P/1p1P4/1P3RQK/8/8 w - - 7 36	g3b8 d7e8 b8e8	1185	0p13151o
DXGrp	6b1/pp4P1/2p3K1/3pkr2/3R3P/1P6/P2R4/8 b - - 1 49	g8f7 g6h7 f5h5	1185	0p13151f1o
EF41x	8/5p2/4p3/4k1rp/R7/6P1/5PK1/8 w - - 0 53	f2f4 e5f6 f4g5	1185	0g0p0s1m1o
Eepic	3r2kr/1p1q1ppp/pN3b2/2Q1pN2/3nP3/8/PPP2PPP/2KR3R b - - 12 18	d4e2 c1b1 d7d1 h1d1 d8d1	1185	060i0j10131619
G3Wmo	3r2k1/p4p1p/1p4p1/8/8/P2qPQ1P/R4PP1/6K1 b - - 3 30	d3b1 g1h2 b1a2	1185	0g0p0s1o
GGZvk	r1bk2nr/3n1Qp1/pp3q1p/2p1pB2/2P5/4P3/PP3PPP/R1BR2K1 w - - 1 17	d1d7 c8d7 f7d7	1185	1315191o
GkCyW	5r2/p6k/8/5R1p/PbP2KpP/1P4P1/8/8 w - - 1 39	f5f8 b4f8 f4g5 f8d6 g5h5 d6g3 h5g4	1185	010p1w
GrEZz	1R6/p1kq1p2/2pp4/2p4b/4P3/1N1PQp2/PPP5/7K b - - 0 32	d7h3 h1g1 h3g2	1185	0p13151o
HP5Qk	8/1pk2ppp/4p3/1PbrP3/P4P2/3bN2P/6PK/n1R5 w - - 0 29	e3d5 e6d5 c1c5 c7b6 c5d5	1185	0g0p10111g
Idcwu	r2q3r/pp2k1pp/8/n3p3/2P5/3bB3/P2Q1PPP/R3K2R w KQ - 0 17	e3g5 e7f7 g5d8	1185	01191o1p
J1vai	6k1/p4p2/3P4/2P5/4R3/2P3pP/3r1qP1/6QK b - - 0 42	f2g1 h1g1 d2d1 e4e1 d1e1	1185	050p101316
JBUbi	r5k1/3R3p/1ppP1r1q/p1b2pp1/2P2p2/3Q1P2/PPB3PP/3N1R1K b - - 0 31	h6h2 h1h2 f6h6	1185	050y1315191f1n1o
LIS7c	r4r1k/p1q2p1p/7p/4p3/3p1P1Q/R7/2p3PP/2R3K1 w - - 0 28	h4f6 h8g8 a3g3	1185	0p13151o
LNkzd	5rk1/8/7p/p7/P1p2R2/2R5/1rP2K1P/8 w - - 1 36	c3g3 g8h7 f4f8	1185	0g0i0p1m1o
LRAiN	8/7p/8/5RK1/P3k2P/6P1/6r1/8 b - - 0 39	g2g3 g5f6 g3g6 f6e7 e4f5	1185	0g0i0p101m
Lz9Ic	3k4/1P1n4/4p3/3p3p/8/1R1K1Pb1/1P4P1/8 b - - 4 40	d7c5 d3c2 c5b3 b7b8r g3b8	1185	0g0p0s10
MjbNC	3r3k/1b5p/1p1qN1n1/8/P3P3/5Q2/6PP/1Nr2B1K w - - 0 26	f3f6 h8g8 f6g7	1185	1315191o
NzVXo	6k1/5p1p/5Qp1/3p4/qrpP2P1/7P/1P2RP2/6K1 b - - 3 29	a4d1 g1g2 d1e2 f6d8 g8g7	1185	0g0p0s10
PaLds	r2qk2r/p1p3pp/1pnb4/3QB3/3P4/3B3P/P1P2PP1/R3K2R b KQkq - 0 14	d6b4 e1f1 d8d5	1185	0g0j191o
PhBHc	2Q5/p4pkp/2R2pq1/7r/3P3r/1P2P1PP/P4P1K/5R2 b - - 2 26	h4h3 c8h3 h5h3 h2h3 g6h5 h3g2 h5d5 g2g1 d5c6	1185	050g0p0s1w
PrM6R	8/8/p2k2P1/1pR2K2/8/5P2/8/1r6 b - - 0 54	d6c5 g6g7 b1g1	1185	0g0p0t111m1o
QNqSa	6k1/r3rppp/p4n2/1pn5/8/1B6/PPP2PPP/3RR1K1 w - - 0 21	d1d8 f6e8 d8e8 e7e8 e1e8	1185	0y101316191y
QTSof	r7/pb5k/1pnb1P1p/2p3p1/4q3/1Q6/PP4PP/2R2R1K w - - 0 27	b3f7 h7h8 f7g7	1185	0s1315191o
QZNP1	r3r1k1/pp3p1p/6p1/2pQ4/2P4N/4q1P1/PP1RRnBP/6K1 b - - 0 18	f2h3 g1f1 e3g1	1185	0k0m0y1315191o
RGjVt	1r6/p4RNp/8/3kp1B1/3p4/P1pK4/1rP4P/6R1 b - - 1 39	e5e4 d3e2 b2c2	1185	0g0i0p1o
RP7IS	rnb5/pp1k1p2/2p2qpQ/2b5/4p3/NP6/P1PP1PPP/R1B1KBNR b KQ - 6 13	f6f2 e1d1 f2f1	1185	040i1315191o
RPirq	6k1/b1p2qp1/Q1n4p/4p3/Pp2B3/1P1Pp2P/1B2K3/R6R b - - 0 28	f7f2 e2d1 f2d2	1185	1315191o
Si3bq	5k2/p2p1pp1/1p1P4/5q1r/4rP1p/7P/PPQ3P1/K3R3 w - - 0 28	c2c8 e4e8 c8e8	1185	0p13151o
TvwfM	7k/p2p2pp/b1p5/8/8/2P2QP1/P1P2K1P/4r3 b - - 1 26	e1f1 f2g2 f1f3	1185	0g0p1o1p
UBnMG	2r2b2/1pq2Qpk/p2p4/2pPr1B1/2P1N3/1P5P/P7/4R1K1 w - - 0 30	e4f6 h7h8 f7h5	1185	1315191g1o
UCtqJ	8/8/5B2/3p1p1p/K2P3P/3k4/8/8 b - - 0 58	f5f4 f6e5 f4f3 e5g3 d3d4	1185	080g0p101l
UWxpS	6R1/3K4/3P4/8/4r3/5k2/6p1/8 b - - 2 49	e4g4 g8g4 f3g4 d7e8 g2g1q	1185	000g0p10111h1m
UfMJP	4rk2/ppp2pp1/q6p/8/2P5/1P6/5BPP/4RRnK w - - 0 26	f2c5 f8g8 e1e8	1185	0g0i0p0s1o
UoPRN	5k2/6p1/1R5p/1p6/3N1K2/1Pn4P/P5P1/7r b - - 7 39	c3d5 f4e4 d5b6	1185	0g0p0s1o
VH514	5r2/2PR1p2/p4p2/3P1k1p/1P2rP2/5K2/P6P/8 w - - 1 32	d7d8 f8d8 c7d8q	1185	000g0p1h1m1o
Vpd41	r3qk1r/1p1nb1p1/p2p1nQ1/2pP2N1/6P1/2N1P2P/PP3PK1/R3R3 w - - 3 20	g5e6 f8g8 g6g7	1185	1315191o
Vs9QV	r2qkbnr/pppb2p1/2np3p/4p3/2P1p3/2NPP1P1/PP3P1P/R1BQKB1R w KQkq - 0 9	d1h5 g7g6 h5g6 e8e7 c3d5	1185	0f0r1013161c
W8dzR	r1b2rk1/pp1p2Bp/2n1pq2/2p4p/4P3/2PP2Q1/PP4PP/RN2K1NR b KQ - 0 12	f6f1 e1d2 f8f2 g3f2 f1f2	1185	0g0r101c
WDsff	r4r2/p1R3p1/2Rbk1Bp/3pqp1Q/8/8/6PP/7K w - - 2 30	g6f7 f8f7 h5f7	1185	1315191g1o
WXy0y	3k1b1r/2q3p1/p1n1pPp1/P1pp2B1/r5P1/5N1P/1PP2P2/2KR3R w - - 0 21	f6g7 d8d7 g7h8q	1185	000g0j0k191h1o
XIT3g	r6r/pq3k2/4p3/1p2Rp2/2pP1P2/2P2Q2/PP4P1/R5K1 b - - 5 33	b7f3 g2f3 a8g8 g1f1 h8h1	1185	0g0p10
YdWKD	2r3k1/p4p1p/1p4pb/4N3/1B1PP3/3K2P1/5r1P/1R6 w - - 2 26	e5g4 f2a2 g4h6	1185	010p0s1o
YglRz	5r2/6kp/1p1p4/p1b3pP/P1P1P1B1/3P4/6K1/5R2 w - - 4 39	h5h6 g7h6 f1f8	1185	0g0i0p1o
YwNNp	r1b1qbkr/pp2p1pp/1n1pP3/6N1/3n4/5Q2/PP3PPP/RNB1K2R w KQ - 0 12	f3f7 e8f7 e6f7	1185	000y13151c1o
a1u9x	7R/8/5pk1/3R3p/7P/5P1K/1r4r1/8 w - - 0 44	h8g8 g6h6 g8g2	1185	0g0p111m1o
ayG8v	8/7k/p2Qp1pp/1p2P3/6PK/1P3q2/P4P2/8 b - - 2 39	g6g5 h4h5 f3h1	1185	0p13151i1o
bQaT2	8/6k1/6p1/1p5p/4N1nP/6P1/1r3PK1/3R4 b - - 1 42	g4e3 g2g1 e3d1	1185	0g0p1g1o
bVkBy	4r2k/p5p1/7p/8/8/1PBP4/P1P2q2/2K4Q w - - 0 34	h1h6 h8g8 h6g7	1185	0p13151g1o
bgWs6	4r2b/pp1b1p1k/6np/2q2p1N/3P1P2/1P1B2PP/P1Q4K/3R1N2 b - - 0 32	c5c2 d3c2 e8e2	1185	0g191o
bgadE	r4rk1/1ppqb1p1/p2pN2p/8/4P3/1Q6/PP3PPP/3nR1K1 w - - 0 18	e6c5 g8h8 c5d7	1185	010j0k191o
cKU6H	1Q6/pp3pkp/2p3p1/1B6/1q2P3/4R3/PPP3r1/2K1R3 b - - 0 36	b4d2 c1b1 d2c2 b1a1 c2b2	1185	0p1013161k
cLt1o	r4r1k/p5p1/2pN3p/1p5n/7q/1B1PPP1b/PPPKQ2P/R5R1 b - - 0 22	h4b4 d2c1 b4d6	1185	010s191o
dMu5a	7k/R7/6Kp/p7/2r5/8/8/8 w - - 0 36	a7a8 c4c8 a8c8	1185	0p13151m1o
dl5FI	2n4k/3qn1rp/pp6/2p5/3B4/1BP5/PP4PP/5RK1 w - - 0 26	f1f8 e7g8 f8g8	1185	1315191g1o
edJgc	r4r2/1p5k/2p3pp/P1P2p2/P2P1bN1/3Q1Pq1/1BB5/R5RK b - - 1 31	g3h3 g4h2 h3h2	1185	0y1315191o
fYLkQ	r2q2rk/8/2p1pnQ1/ppPb4/1P1P4/P2B3P/5PP1/3RR1K1 w - - 3 27	g6h6 f6h7 h6h7	1185	0y1315191o
fktLg	r4k2/1b2b1pp/p3B3/1p2N2P/4pB2/3p4/PPn2P2/5KR1 w - - 0 24	e5d7 f8e8 g1g7	1185	010i191o
frteL	Q7/5pkp/p2P1p2/1p6/2pb1P1q/P5rP/2P3P1/1R3R1K b - - 0 27	g3h3 g2h3 h4h3	1185	0p0y13151n1o
fsV06	6k1/p5pp/bp2p3/4p3/2P5/PRP1KP2/3rB1PP/8 b - - 1 26	d2e2 e3e2 a6c4 e2e3 c4b3	1185	050g0p0s10
gZnJM	1k3r2/p1p5/q1p5/4P3/5n2/1P6/P2Q1P2/3RK3 w - - 3 38	d2b4 b8c8 b4f8	1185	0g0p0s1o
hoYXl	r1bqk2r/pp3p1p/3bpnp1/4n3/3pPQ2/1P1B3P/P1P1NPP1/RNB1K2R b KQkq - 4 11	e5d3 c2d3 d6f4	1185	0g0j1c1o
iY7ZV	r2qk2r/pp1bb3/2n3pp/1N1Q4/8/8/PPP2PPP/RN2R1K1 w kq - 2 15	b5d6 e8f8 d5f7	1185	13151c1o
j4j4o	8/6pp/4Qpk1/P5r1/3r4/8/1P5K/6R1 b - - 4 32	d4h4 e6h3 h4h3 h2h3 g5g1	1185	0g0p0r101j
jBoyI	6k1/1pp3p1/1p6/5Pp1/3q4/1P3Q2/r4PPP/4R1K1 w - - 0 20	e1e8 g8f7 f3h5 g7g6 h5g6	1185	0p0x101316
jGfud	8/p4kpp/1p2np2/8/1P1N4/2P3P1/P4P1P/6K1 b - - 0 29	e6d4 c3d4 f7e6 g1f1 e6d5	1185	010p0z10
jgvJb	1br5/p4N1p/5Qq1/7k/Pp3P2/1P4P1/5P1P/3rR1K1 w - - 6 36	f6h4	1185	111314191b
jh1af	3r2k1/ppp2ppp/2n3n1/6q1/2Q1P3/1P4p1/PB4BP/5RK1 w - - 0 24	c4f7 g8h8 b2g7	1185	0y1315191o
jzLl1	r2qk1nr/p3ppbp/2p3p1/2N2b2/5P2/5N2/PPPP2PP/R1BQ1RK1 b kq - 0 9	g7d4 f3d4 d8d4 f1f2 d4c5	1185	010s101c
k3Dgh	4r1k1/ppp2ppp/8/4p1q1/2P1R2r/3P1P1P/PPQ2P1K/6R1 b - - 7 23	h4h3 h2h3 g5g1	1185	0g0i0p1o
kDpEj	2r3k1/p5p1/4p2p/4p2r/2pnNnQ1/2N1RPP1/Pq5P/6RK w - - 1 32	e4f6 g8h8 f6h5 f4h5 g4h5	1185	010y1011191g
mEILr	r1bqrbk1/1p1n1p2/p1p1pn1Q/6N1/3P4/P1NB3P/1PP2PP1/R4RK1 w - - 3 17	d3h7 f6h7 h6h7	1185	0y1315191o
mEudz	3rr3/pp3Q1p/6qk/3P4/3R4/4P3/PP3PPP/6K1 w - - 3 27	d4h4 h6g5 f7f4	1185	0p13151o1u
mQqfk	r1k1r3/ppp3QR/8/8/2q1p3/8/PP3PP1/1K6 w - - 0 31	g7d7 c8b8 d7e8	1185	0p0s13151o
mS90V	3r1R2/6pk/3N2pp/p1Q5/3P3q/1PPb3P/P5P1/4R1K1 b - - 0 28	h4e1 g1h2 d8f8	1185	0g0t0w191o
md0zo	7k/p5pp/2p5/2P1pq2/3b3Q/1B6/Pr5P/2R3RK b - - 0 25	f5f3 g1g2 f3g2	1185	1315191o
mwEbn	5Q2/p6p/1p3pr1/2p5/2PpPPk1/6Pp/Pq5P/5R1K w - - 1 44	f8c8 f6f5 c8f5	1185	0p13151o
nJ3kV	r3r2k/ppn3pp/2p1Bb2/3p4/3P1N2/2P3R1/PP5P/1K4R1 w - - 5 27	f4g6 h7g6 g3h3 f6h4 h3h4	1185	0y101316191f1n
nmBRt	r2k2r1/p1p5/4R2p/3p4/Q3p2P/5p1B/P4P1q/5K2 w - - 3 29	e6e8 g8e8 a4d7	1185	0p13151n1o
o8Ewz	8/p3qpkp/2p3p1/3p4/6Q1/b2B2P1/1rP2P1P/R5K1 w - - 2 32	g4d4 e7f6 d4f6 g7f6 a1a3	1185	010p10
oItgG	8/5k2/2R4p/3r1pp1/5N2/5pP1/PP5P/2K5 b - - 1 38	f3f2 f4d5 f2f1q	1185	000g0p1h1o
oQnNj	8/8/1k2K1p1/1p3p1p/5P1P/P4P2/8/8 b - - 5 52	b6a5 e6f6 a5a4 f6g6 a4a3 g6f5 b5b4 f5g5 b4b3 f4f5 b3b2 f5f6 b2b1q	1185	000g0p1e1h1l1w
obu05	7k/1p4np/p6p/6r1/P7/2Q2P1P/1PPRr1PK/5q2 w - - 0 37	d2d8 e2e8 d8e8	1185	0p13151g1o
ocTaF	r1bq2kr/pp1p4/2n2bpp/4p1N1/4P3/8/PPP2PPP/R1BQK2R w KQ - 0 12	d1d5 g8f8 d5f7	1185	0y13151c1o
oiUz9	5bk1/1R3p2/q3pn1p/8/4B2P/4P1P1/2Q2P2/7K b - - 2 44	a6f1 h1h2 f6g4	1185	0p13151o
pGg7W	rn1qk2r/pp5p/2p2np1/4p1B1/4P3/2P5/P1P2PPP/R2QK2R w KQkq - 0 13	d1d8 e8d8 g5f6	1185	050g191o
pPGFc	r7/5kpp/4b3/1PBp1p2/6P1/P4B1P/3K4/8 w - - 1 33	g4f5 e6d7 f3d5	1185	0g0p1o
pqvEQ	3r4/pp3p1k/6pP/4p3/4N3/1NPqnP2/PP3Q2/2K4R b - - 2 34	d3d1 h1d1 d8d1	1185	1315191k1n1o
qj8n4	rnb2rk1/ppp3pp/4q3/8/3PQ3/8/3N1PPP/1R2KB1R w K - 0 15	f1c4 e6c4 d2c4	1185	0g191g1o
qnbLI	2kr3r/p4p1p/Ppp3p1/1P3q2/4Np2/3P4/1P4PP/R1Q2n1K w - - 0 24	c1c6 c8b8 c6b7	1185	1315191k1o
qsgG3	8/pR2P1p1/6k1/8/6Kp/P4P1P/1Br3n1/8 b - - 1 34	c2c4 b2d4 c4d4 f3f4 d4f4	1185	0p101316
rmak7	2kr1bBr/ppp1q1p1/3p3p/4nb2/3P1p2/1QP2N2/PP3KPP/RNB1R3 b - - 0 11	e5d3 f2f1 d3e1	1185	0g0s1c1o
rt6zA	1B4k1/1q4pp/4r3/pp4p1/8/6P1/PP1Q1P1K/3RR3 b - - 0 31	e6h6 h2g1 h6h1	1185	0p13151o
tHk2P	6r1/8/1p6/2p5/2R5/PP6/1P3k1K/8 b - - 4 38	g8h8 c4h4 h8h4	1185	0p13151m1o
tYbVI	4kr2/pp6/2bPp2Q/3p4/8/8/PPP2qPP/2K4R w - - 0 28	h6e6 e8d8 e6e7 d8c8 e7c7	1185	0p0r101316
tbqTG	r6r/2p4p/p4Qpk/1p4N1/5P1P/1P1PP1nR/6q1/3RK3 w - - 4 30	g5f7 h6h5 f6g5	1185	0s1315191o
tkVfj	5rk1/p1p2qb1/4R2p/2P5/6Q1/P5P1/3r1PBP/4R1K1 b - - 2 33	f7f2 g1h1 f2g2	1185	1315191o
tt7am	5qk1/1p5p/p3p1p1/3p4/P2Q2P1/1P3B2/2r5/5R1K b - - 0 35	f8h6 h1g1 h6h2	1185	0p13151o
vTRdr	r3k1nr/ppp1pp1p/6p1/3qn3/6b1/2PBBN2/P1P2PPP/1R1QK2R w Kkq - 2 11	d3b5 d5b5 b1b5 e5f3 g2f3	1185	0g101c
vs47m	r6r/pp3pk1/7R/2qb3P/4P1p1/8/P2Q2P1/7K w - - 0 30	d2g5 g7f8 h6h8	1185	0i0p13151o
wEcsm	1r4k1/p4ppp/1rpN4/3pP1q1/3P1n2/8/PP3QPP/1R3RK1 b - - 9 20	f4h3 g1h1 h3f2	1185	0g0y191g1o
x3LL0	3r2k1/2pr1p2/1p1pqQpp/p6R/P3P1R1/7P/5PP1/6K1 w - - 2 28	g4g6 f7g6 f6e6	1185	0g0i0p0y1o
xUWoB	2r4k/3r1Qpp/3q1p2/P1p5/5R1R/7P/6P1/7K w - - 4 29	h4h7 h8h7 f4h4	1185	050p13151n1o
y31Wa	3qr3/1p4pk/6bp/p4p2/P3pP2/1BP3QP/1P4P1/3R2K1 b - - 1 28	d8b6 g1h2 b6b3	1185	0g0p0s1o
ys0Fm	r2q1rk1/ppp2pbp/2np1np1/3Np3/2B1P1b1/3P1Q2/PPP1NPPP/R1B1K2R w KQ - 2 9	d5f6 d8f6 f3g4	1185	0g0s1c1o
zBN1G	rn5k/pp4pp/2p1b3/4p3/4q3/3QB2P/PPP3P1/2R2K1R b - - 3 20	e6c4 d3c4 e4c4	1185	0g191g1o
zFf2b	3r2k1/pp2bRpp/8/4p3/BpQ5/1P6/2P4P/1K4q1 w - - 1 25	f7f1 g8h8 f1g1	1185	0g0j0k0p1o
0j40Y	3q1rk1/3B1ppp/3b1n2/4p3/3nP3/2Q2N2/5PPP/BN3RK1 b - - 0 20	d4e2 g1h1 e2c3	1186	0g0s191o
1yEH7	2r3k1/pp3ppp/2b1p3/1B2P3/P2r4/2RP4/5PPP/R4K2 b - - 3 27	c6g2 f1g2 c8c3	1186	0g0j0p1o
22pDc	6r1/2R5/pp2p2R/1k3p2/3Pn2P/8/PP6/7K b - - 6 37	e4f2 h1h2 f2g4 h2g2 g4h6	1186	010j0k0p0r0s10
23BUB	1k6/3N4/5n2/P7/1PKp2p1/7p/7N/8 b - - 1 45	f6d7 h2g4 d7e5 g4e5 h3h2	1186	00010p0z10
2F7mg	8/4k1p1/Q3pb2/2Np4/3P3P/2K1P3/6q1/1q6 w - - 0 53	a6e6 e7f8 c5d7	1186	0f0p13151o
31359	r2q1b1r/pQ1nk1pb/4p2p/2p1N1P1/3P3P/2P1nP2/PP6/R3KB1R w KQ - 0 17	e5c6 e7e8 c6d8	1186	010s191o
34jUV	3b4/1p1k3p/3r2pN/PPQb2P1/7r/8/8/3R2K1 b - - 2 38	h4h1 g1f2 h1d1	1186	0g191o1p
37I9B	1r4k1/p6p/r1p1n1p1/q3p2P/P2pN3/1P3P2/2P3P1/K1QR3R b - - 0 25	a5a4 b3a4 a6a4 c1a3 a4a3	1186	0r101316191n
3BUny	7k/6p1/p6p/2p1R3/3q1r2/7P/P3Q1PK/8 w - - 0 40	e5e8 h8h7 e2c2 g7g6 e8e7 d4g7 e7g7	1186	0g0p1w
3bylF	2r2rk1/p2q2b1/4p1p1/2B4p/2P2P2/7P/P4QP1/1R3RK1 b - - 0 22	c8c5 f2c5 g7d4 c5d4 d7d4	1186	010s10191n
43Q1y	1b6/8/2n1Nk2/1p3p2/1q1P3N/1P1Q3P/2P2PP1/6K1 b - - 0 31	b4e1 d3f1 b8h2 g1h2 e1f1	1186	0g0i0p0s101g
4ADYg	2r3k1/1p3p1p/p5r1/8/3BQP2/4P2q/PP4P1/4R1K1 w - - 0 33	e4g6 h7g6 g2h3	1186	0g0p1o
4d9KC	5r1r/4q1p1/7k/p5N1/7K/1B1P4/PPP1Rn1P/6R1 w - - 3 31	e2e7 f8f4 h4g3	1186	0g0t191o
4y9Un	r5k1/p3q1p1/5n1p/3p4/8/3BP1B1/2R1KPPP/2R5 w - - 5 29	c2c8 a8c8 c1c8 g8f7 c8c7	1186	0110191g
5AIjX	r3q1rk/1p1n2pp/2p2p2/p2p1P1Q/P2P1R2/2P3RP/1PB3PK/8 w - - 1 31	h5h7 h8h7 f4h4 e8h5 h4h5	1186	050y101316191n
5KOXB	1k3b1r/p1p2ppp/p2r4/4p2q/4n1b1/1NQ2N1P/PPPP1PP1/R1B1K2R w KQ - 6 15	c3b4 d6b6 b4e4	1186	010s191o
7ftN5	r2r2k1/1p3ppp/p1p1p3/2P5/8/1R2qB1P/PP4P1/3R2K1 w - - 0 24	b3e3 d8d1 f3d1	1186	010p0t1o
8Cvkv	7r/1p6/1p4k1/3nP3/3n3P/4B3/PP3PP1/R4RK1 b - - 3 22	d4e2 g1h1 h8h4	1186	0p13151o
8DLnq	5rk1/1R3pp1/7p/p7/3P4/3QP1P1/3n1PP1/3q1NK1 b - - 2 30	d2f3 g2f3 d1d3	1186	0g0j0p1o
91ERy	r5k1/p3q1bp/b1p2rp1/3pp3/8/2N3N1/PPP2PPP/R2QR1K1 w - - 2 17	c3d5 c6d5 d1d5 g8h8 d5a8	1186	0g0s1019
9Ebzh	r1k4r/1b1n4/p3pP2/1pp4p/5P2/B1P1P3/P1B4P/3R1RK1 b - - 0 21	h8g8 g1f2 g8g2 f2e1 g2c2	1186	0110191p
9QNfi	r3kbnr/ppp1pppp/2nq4/1B6/4P1b1/5N2/PPPP2PP/RNBQ1RK1 b kq - 6 6	d6c5 d2d4 c5b5	1186	010s1c1o
9b7Wv	r2q1rk1/pp4p1/4p2p/3n1Q2/2nP4/P7/4N1PP/R1B2RK1 w - - 0 19	f5e6 g8h8 f1f8 d8f8 e6d5	1186	0g0i0j0y1019
9nyGd	8/8/7R/6p1/p5P1/4kr2/6K1/8 w - - 0 49	h6e6 e3f4 e6f6 f4g4 f6f3	1186	0g0p101m
9si5o	2r2rk1/5pp1/pp4nR/1p1qnQ2/4N2R/8/PPB4P/7K w - - 1 29	h6h8 g6h8 f5h7	1186	0y1315191n1o
9ytTt	r5k1/1p3pPp/4p3/2Pp2P1/rqnP3P/1N3P2/P6R/KR2Q3 b - - 6 29	a4a2 h2a2 a8a2 a1a2 b4a4	1186	0510111316191n
9z7cp	r1b1k2r/pp3p2/3p4/1N5p/3qn2P/3B4/PPP3P1/R1KQ1R2 b kq - 1 22	d4e3 c1b1 e4d2 d1d2 e3d2	1186	0g0s1019
AHivj	r3r3/pk3ppp/2R1n3/8/2bN4/2P2K2/P5PP/3R4 w - - 4 27	d1b1 c4b5 b1b5	1186	1315191o
B4DT7	4r3/7p/p7/6p1/1Bn5/Pk4K1/6PP/2R5 w - - 16 44	c1c3 b3b2 c3c4	1186	010i0p1o
Do6Dy	4b3/2k2r2/p3p3/1p1pP1K1/1P1B4/2P5/P5RP/8 b - - 6 40	f7g7 g5f6 g7g2	1186	010p1o1p
ELPlW	1r4k1/5ppp/4rq2/8/P2Q4/8/5PPP/R2R2K1 b - - 0 28	e6e1 d1e1 f6d4	1186	010i0p1o
EU4Al	3k4/4r1p1/2R2p1p/1p2p3/2n1P1P1/PKN2P1P/2P5/8 b - - 2 39	c4a5 b3b4 a5c6	1186	0g0p0s1o
Ewr2a	7k/5p1p/Q4p2/3p4/1q6/4PP2/4RKPP/1r6 b - - 0 33	b4h4 g2g3 h4h2	1186	0p13151o
FqWC0	r1b1k1nr/ppp2pBp/2np4/1Bb5/5p1q/1P2P1P1/P1PP3P/RN1QK1NR b KQkq - 0 7	f4g3 g1f3 g3g2	1186	00010j0k191o
FsiPY	5rk1/p3bppn/1q1p3p/2r5/N2QPB2/5P2/PPP2P1P/R3R1K1 b - - 8 18	c5g5 f4g5 b6d4	1186	0g0j191o
GFDTX	5rk1/4R1p1/p6r/1p1N4/5p2/P4Rn1/1PP3P1/6K1 b - - 1 40	h6h1 g1f2 h1f1	1186	0p0u1113151o
GPwcU	8/5p2/4p3/8/2KP4/4k3/P7/8 b - - 2 49	f7f5 a2a4 f5f4 c4c5 f4f3	1186	0g0p101e1l
HJxB7	R6K/8/6kP/8/8/p5r1/8/8 w - - 3 49	a8g8 g6h6 g8g3	1186	0g0p1m1o1p
HPSof	4r1k1/p4pBp/1pp5/1q6/8/R4QP1/2P2P1P/6K1 b - - 0 25	e8e1 g1g2 b5f1	1186	0p13151o
HizDm	r1bq1rk1/1ppn2p1/p1n1pbQp/8/2P2B2/P1N2N1P/1P3PP1/R3KB1R b KQ - 1 13	f6c3 b2c3 f8f4	1186	0g0j1c1o
HmYGM	1b4k1/6pp/2Q5/p2p4/P2Pn1P1/4B3/4KP2/1q6 w - - 0 38	c6e8	1186	0p1113141b
ILrV1	r1bq4/pp3pbk/3p2pp/2pPr3/2P2P2/3BB3/PP1Q2PP/R4RK1 b - - 0 15	e5e3 d2e3 g7d4 e3d4 c5d4	1186	0d0g10191g1n
IP7tc	q3r1k1/2p2ppn/2Bpb2p/8/4P1PP/4NP2/1PPQ4/rNKR3R b - - 0 18	a1b1 c1b1 a8a2 b1c1 a2a1	1186	05101316191k1n
IhmQe	5rk1/1p3ppp/p7/3r4/2q4n/5Q2/PP4P1/4RRK1 w - - 0 22	f3f7 f8f7 e1e8 f7f8 f1f8	1186	101316191n
JfmjE	2r4k/6pp/p2p3r/1p1Qp3/8/2PB1P2/PP1q2P1/R5KR b - - 5 29	d2e3 g1f1 h6h1	1186	0i0y1315191o
Jxb4S	8/5ppk/K1RQ3p/P2q4/3P4/1r3PP1/1P4P1/8 b - - 0 34	d5b5 a6a7 b5b7	1186	0p13151o
KEjcU	4r1k1/Q5p1/6Pp/2p5/8/5p2/PPP2qP1/5B1K w - - 0 30	a7f7 g8h8 f7e8	1186	0p0s13151o
KlZCh	1r6/4q1kp/4b1p1/p2pPrR1/2p2P1Q/2P1B3/P4RKP/8 w - - 9 36	g5g6 h7g6 h4e7	1186	0g0j191o
Lr9BV	r2kr3/pp3p2/1np5/3pQBP1/3P4/2q2PN1/P1P5/2K4R w - - 4 25	e5d6 b6d7 d6d7	1186	1315191o
MUokF	1k1r4/p1p2p2/B1p5/3pP2p/7q/5QBP/PPP2b2/R6K b - - 0 23	h4h3 g3h2 h3f3	1186	0y1315191o
MmVa1	4r1k1/pp1b2pp/8/7Q/1P1pq3/7P/P5P1/5RK1 w - - 0 26	h5f7 g8h8 f7f8 e8f8 f1f8	1186	060p0s1013161n
NOlJT	8/8/2p5/p1K1k3/P2p2R1/1P3P2/2P2r2/8 b - - 2 58	f2c2 c5b6 d4d3	1186	010p1m1o
OHrFj	1rbq1rk1/2p4p/p1p3p1/2N2p2/3PP3/8/P1P3PP/1R1Q1RK1 b - - 0 17	b8b1 d1b1 d8d4	1186	0g191o
OehfT	5rk1/ppp3pp/8/4Q3/3q4/P2P3P/2P3P1/4R2K b - - 0 21	f8f1 e1f1 d4e5	1186	010i0p1o
PJuNg	3r4/p4r2/4k3/1p2p3/3p3P/6K1/PPP2RP1/3R4 b - - 1 29	d8g8 g3h3 f7f2	1186	0g0i0p1m1o
QFZAs	6k1/p5pp/1rN1Nn2/1p1p4/2n1q3/P1P5/1P2Q1PP/5RK1 w - - 1 28	c6e7 g8f7 e6g5 f7e7 g5e4	1186	010s101119
QRmGK	2r5/5p1k/p6p/1p3P2/3pPp2/q2P1QrP/6R1/6RK w - - 5 35	g2g3 f4g3 f3g3	1186	010p1o
QTLu0	r3r3/1pp2pk1/p2q1np1/3p4/P2P1P1Q/N1P5/1P2bK2/6NR w - - 0 25	h4h6 g7g8 h6h8	1186	1315191o
QWti7	8/p7/1p4p1/2bB1k1p/P3p2K/1P2Pr1P/5P2/6R1 b - - 4 33	c5e7 g1g5 e7g5	1186	0p13151o
QqynL	2b2k2/r7/p3p3/3pPp2/qnpP1P2/8/1B4RP/1KN3R1 w - - 0 36	g2g8 f8e7 g1g7	1186	1315191o
R15yL	r1b2rk1/ppqn1pp1/2p4p/3p4/3P2KB/2NBP3/PPQ1NPP1/R4R2 b - - 0 14	d7f6 g4f3 c8g4	1186	0k0m1315191o
RE6aC	1n4k1/2p2p1p/3p2p1/5bq1/2P3P1/5Q2/Pr5P/4RRK1 w - - 1 25	e1e8 g8g7 f3c3 f7f6 c3b2	1186	010s1019
RWcoQ	8/5p2/8/8/3N4/nK2P1PP/p4P2/k7 b - - 5 46	a1b1 b3a3 a2a1q	1186	000g0p0z1h1o
RgOQ8	8/6p1/5P2/pp2p1P1/3kP3/5K1N/1P6/2b5 b - - 0 38	g7f6 g5g6 c1h6	1186	0g0h0p1o
RmFrl	6k1/pp4p1/2p2RQ1/3p3r/4q3/8/6PP/6RK b - - 0 36	h5h2 h1h2 e4h4	1186	050p13151n1o
SnDct	rn2kb1r/pp1bppp1/7p/8/Q1Bq4/6B1/P2N1PPP/R3K2R w KQkq - 4 14	c4f7 e8f7 a4d4	1186	040g0j191o
T3jE6	4r3/pp2P3/3P1k2/5Pp1/3PKbP1/1P1r4/P7/4R3 w - - 0 36	e4d3 f4d6 e1e6 f6f7 e6d6	1186	0g0p0s10
T8ua8	1k2r3/pp1qrppp/8/8/Pn1N4/2QP3P/1P3PP1/R3R1K1 b - - 1 25	e7e1 a1e1 e8e1 c3e1 d7d4 e1e8 b8c7	1186	0g0y191w
VHjDJ	8/5pkp/3Q2p1/6PP/5P2/1q2PK2/pb6/8 w - - 0 35	h5h6 g7h8 d6d8	1186	0p13151o
VsBhQ	6k1/7p/8/6P1/pp6/4B3/P1N1r3/1K6 b - - 3 46	b4b3 a2b3 a4b3 c2d4 e2e3	1186	0g0p10
W8mz4	3r1r2/p3p1kp/6p1/q2p1P2/2pPn1P1/2N1PN1R/nPP3Q1/R2K4 b - - 4 26	a2c3 b2c3 a5a1	1186	0g0j191o
WNohn	4rk2/3P1ppp/p6q/1p1Q4/7N/1P4Pb/1PP4P/R5K1 b - - 0 27	h6e3 g1h1 e3e1 a1e1 e8e1	1186	0p1013161f1n
WjYD9	1k6/pb1Q4/8/1p6/2p5/2Pp2PB/PP3r1P/2KR3q b - - 15 41	f2c2 c1b1 h1d1	1186	0i0p13151o
Wl74g	1r2r1k1/p2n1ppp/2p2p2/8/R5P1/1PqB1Q1P/2P2P2/2K4R w - - 2 22	d3h7 g8h7 f3c3	1186	0g0j191o
XKi8T	r2q1r1k/2p1N1pp/1p1p4/2b2p2/2B1bP2/1Q6/P4PPP/1R2R1K1 w - - 4 23	e7g6 h7g6 b3h3 d8h4 h3h4	1186	0y101316191n
XbDsx	2br2k1/3rbppp/p7/1p1B2B1/8/8/PP3PPP/3R1RK1 w - - 5 20	g5e7 d7e7 d5f7 g8f7 d1d8	1186	0g0j0y1019
XmgP7	5r1k/3R3p/2p3p1/q1P1p1b1/p3B3/3Q1P2/1P4PP/2N3K1 b - - 2 34	a5e1 d3f1 g5e3 g1h1 e1f1	1186	0i0s10131619
Y3LYj	7r/p2k2p1/4pp2/2K5/8/R6p/PP6/8 w - - 2 33	a3a7 d7c8 a7a8 c8c7 a8h8	1186	0g0p101m1p
YEZcG	2r1k2N/p2pn1pp/1p1Q4/4p3/P2Nb3/2Pq4/1P1B3P/2K1R2R b - - 0 26	d3b1	1186	111314191b
YGHro	1r3k1r/3R1p2/p3bPp1/1p2b1Nn/1Pp5/P7/2B3PP/3R2K1 w - - 5 37	d7d8 b8d8 d1d8	1186	1315191o
YeLZR	6k1/1p4p1/5q1p/8/3Q1P2/2P4P/4P2K/8 b - - 10 50	f6d4 c3d4 b7b5	1186	0g0h0p1i1o
YlQZ7	1k1r2R1/ppp3Pp/3bQ3/4B3/8/2N1q3/PP1p2PP/R6K b - - 0 23	e3e1 a1e1 d2e1q	1186	00061315191h1o
Z4Fzh	5bk1/1p3pp1/p2p3p/3Bq3/2P2P2/N2p2Q1/PP4RK/4r3 b - - 0 31	e5h5 g3h3 e1h1 h2h1 h5h3	1186	050g0i0r1011191g
Z5swL	3r4/7k/7r/7Q/p1p2P2/4q3/PP6/1K4R1 w - - 2 35	h5f7 h7h8 f7g7	1186	0p13151o
ZF41r	2k3nr/pp4qp/2pR4/8/7p/4Q3/PPP2P2/2K5 w - - 0 24	e3e8 c8c7 e8d8	1186	0p13151o1u
ZJprt	5rk1/1bq2p1p/pp2pP2/np2P3/5P1N/P6P/1PP3B1/2KQ4 w - - 1 28	d1g4 g8h8 g4g7	1186	0y1315191o
ZUnu7	5rk1/1r1B1ppp/8/3pR3/1Q6/P2q4/1P3PPP/6K1 w - - 0 28	b4f8 g8f8 e5e8	1186	050p13151d1n1o
Zo4DX	8/8/p1K5/1p3pk1/1P4p1/P5P1/6P1/8 b - - 9 50	f5f4 c6b7 f4f3 g2f3 g4f3	1186	0g0p101e
aaDll	r3r3/2p2pk1/2p1q1pN/p1n3P1/2PR1P2/P7/1PQ1P2P/2K2R2 b - - 0 27	e6e3 c1b1 e3d4	1186	0g0s191o
ahK9U	6R1/5p2/1pr1pN2/3pPkp1/8/2n4P/r4PP1/4R1K1 w - - 6 37	g2g4 f5f4 f6h5 f4f3 e1e3	1186	0p101316
auZxX	8/8/pp6/2p2kp1/P2p3P/1P1P2K1/2P5/8 b - - 0 38	g5h4 g3h4 f5f4	1186	0g0h0p1e1o
av7TT	2R5/p2P4/6p1/6k1/1b4p1/5p2/P3pK1P/8 b - - 1 42	e2e1q	1186	000p1113141b1h
bJwGY	r7/1Q3p1p/2pp1k1b/6p1/3PPn2/1B2BP1b/2P2R1P/6K1 b - - 0 29	a8a1 e3c1 a1c1 f2f1 c1f1	1186	0y101316191d
bLtIu	4Q3/6pk/p5rp/1pp2p2/3p4/1P1P1q1P/P1P3P1/R5K1 w - - 0 26	e8g6 h7g6 g2f3	1186	0g0p1o
bOpKb	r4rk1/1pN2ppp/p7/1PP5/3Qp2q/P3PP1b/1BB2P2/R4RK1 b - - 0 20	h4g5 g1h1 g5g2	1186	0y1315191o
cFgmk	r3r3/3kq3/p4Q2/2pP4/Pp4P1/5P2/8/2K3R1 w - - 2 38	f6c6 d7d8 c6a8	1186	010p0v1o
cQnpa	2kr3r/pp2ppb1/2p2n2/3qBbNp/3P4/2P1P2P/P3BPP1/R2QK2R b KQ - 0 15	d5g2 h1f1 g2g5	1186	010s191o
csVAb	8/4kpp1/p6p/8/2PR4/1P2p1r1/P3R1P1/4n1K1 b - - 1 44	e1f3 g1h1 f3d4	1186	0g0p1g1o
ctmPU	3r1r2/pQ6/np1ppq1k/6p1/1PP5/P1N2PP1/2K3P1/3R4 w - - 0 26	d1h1 h6g6 b7h7	1186	1315191o
d3E0p	4Q3/1p3p2/3p2pk/3P1b2/2q2p2/5P1P/6P1/7K w - - 0 34	e8h8 h6g5 h3h4	1186	0p13151o
dR6oc	R3n3/P3kp2/3p2pp/2p1p3/2P1P1K1/r6P/5PP1/1N6 b - - 3 34	e8f6 g4h4 g6g5	1186	0p13151o
dkX4g	r6k/2q2Bp1/pn3R1p/1p2p2Q/4b3/7P/PP3PP1/3N2K1 w - - 0 27	f6h6 g7h6 h5h6 e4h7 h6f6	1186	0y101316191n
drUeX	3r2k1/5pp1/p1r4p/q1ppbN2/P5Q1/1b2P3/5PPP/2R1RNK1 w - - 0 26	f5e7 g8f8 e7c6	1186	0g0s191o
elVbq	1r2kr2/p1p3Q1/3pb3/5p2/4BP2/4P3/1P2q3/2K5 w - - 0 30	e4c6 e6d7 g7d7	1186	0p13151o
f1VZF	3Q4/p6k/3p4/2p1q2p/8/2P3RP/6PK/5r2 w - - 0 35	d8g8 h7h6 g8g6	1186	0p13151o
fZVLD	6k1/R4p1p/1p1N1pr1/4n3/6P1/2P5/PP4K1/8 w - - 1 27	a7a8 g8g7 d6f5	1186	0p13151o
fi8Tc	r1bqkbnr/ppp3p1/2n4p/3pp1N1/3Pp3/2P5/PP2BPPP/RNBQK2R w KQkq - 0 7	e2h5 g7g6 h5g6 e8e7 g5f7	1186	010r101c
fjtRg	r2q1rk1/6pp/p1p1b3/1p1n2b1/3BQ3/NBP4P/PP3PP1/1K1R3R b - - 0 20	e6f5 e4f5 f8f5	1186	0g191g1o
fk1AW	8/8/p2k4/P1p1p3/2K1P2p/5P1P/8/8 b - - 1 42	d6c6 c4c3 c6b5 f3f4 e5f4	1186	0g0p101e1z
gJgF5	6r1/p1RR1pk1/4p1p1/4P3/4QPPK/1P5P/P7/6q1 b - - 13 41	g8h8 h4g5 h8h5	1186	0p0q13151g1o
gdc0e	8/p2k2p1/8/8/r3R1Pp/3P3P/5PK1/8 b - - 1 38	a4e4 d3e4 a7a5 g2f3 a5a4	1186	0g0h0p101l1m
gu92Q	rnbqk1nr/1p1p1ppp/4p3/2b5/1p6/8/PBPNPPPP/R2QKBNR w KQkq - 0 6	b2g7 g8f6 g7h8	1186	0g1c1o1t
hwXos	3qr1k1/4bp1p/1p2p1BB/pP2P3/8/Pn5Q/R4PPP/2r2RK1 b - - 0 23	c1f1 g1f1 d8d1	1186	050y1315191o
iEMGs	r6k/ppp3pp/1b2B3/8/2P2N2/P5P1/1P3r2/2K2R2 w - - 4 26	f4g6 h7g6 f1h1 f2h2 h1h2	1186	0p1013161f1n
iTGpn	7k/1pp3p1/p4q1p/8/2P2p2/P4P1P/1r4P1/3QR2K w - - 2 35	e1e8 h8h7 d1d3 f6g6 e8h8 h7h8 d3g6	1186	0g0i0p1w
ioKm7	r1bk3r/1p1p2pp/p1pn1p2/8/P1B5/2B5/5PPP/R3R1K1 w - - 0 21	c3a5 b7b6 a5b6	1186	1315191o
ipCJ6	1r3r1k/ppp1n1p1/3pq1P1/4p1p1/6P1/P2P4/1PP2PK1/R2Q1R2 w - - 2 21	f1h1 h8g8 h1h8 g8h8 d1h1 h8g8 h1h7	1186	050y1317191n1w
iuzXb	r7/8/pbppkB2/1p1Np2p/4P3/P2P1N2/1P4PP/n6K w - - 0 27	f3g5 e6d7 d5b6	1186	0g0p1o
jHL7B	8/p3k2r/2R5/2p1K3/2B5/1P3p1P/P4r2/8 w - - 0 50	c6c7 e7d8 c7h7	1186	0g0p1o1p
jrTBk	3r2r1/1b2qBk1/2p4p/1p3P1Q/p7/P1N1p3/1PP3PP/6K1 w - - 0 29	h5g6 g7h8 g6h6	1186	0i1315191o
kVKUP	6k1/5pp1/4p2p/4N3/4QP2/6P1/qr5P/4R2K b - - 5 39	b2h2 h1g1 a2f2	1186	0p13151o1u
l89Gk	4Q3/pp4pk/2pb3p/3p3P/3PnPP1/5K2/Pr6/4R3 b - - 1 33	b2f2 f3e3 d6f4 e3d3 f2d2	1186	0p0u1013161d
lgTx6	8/p2r4/R4p1p/5kp1/2Np4/2bP1PP1/6KP/8 w - - 0 35	g3g4 f5g6 c4e5 g6g7 e5d7	1186	0g0p101g
loB7T	1k5r/r2Qpp1p/1p1p2pB/2pP4/2Pb4/3P3P/P4qP1/1R5K w - - 0 22	b1b6 b8a8 d7c6 a7b7 c6b7	1186	0r101316191k
mdHB3	1k2r3/5R2/p7/8/2Qp4/P3P1p1/6qr/4K3 w - - 5 34	c4c7 b8a8 c7a7	1186	0p13151o
nxPyt	2k2r2/p1p2r2/3p4/8/6P1/P3B1b1/R3KPP1/4R3 b - - 1 33	f7f2 e3f2 f8f2 e2d1 f2a2	1186	0g0p101p
o1sOZ	6rk/8/1Q5p/p1pP3p/P1Pq4/1P5r/5RP1/5RK1 b - - 2 40	g8g2 g1g2 d4g4	1186	050p13151g1n1o
oaLHG	r4kr1/pp3p2/7p/1B1p3n/3Np3/2P1Qb1P/PP1N2RK/4R3 b - - 0 29	g8g2 h2h1 h5g3	1186	1315191o
pKFqQ	1kbr1b1r/p4ppp/Bp3q2/8/4Q2P/P3P3/1P3PP1/2R1K2R w K - 1 28	c1c8 d8c8 e4b7	1186	1315191k1n1o
pLT9L	1k4r1/ppp3Pp/7B/5QP1/8/8/PP1K1P1n/q7 w - - 2 29	f5f8 g8f8 g7f8q	1186	00060p13151h1o
pLm8K	4r1k1/3Q2p1/1p4P1/2pp4/8/4q2P/1P6/5R1K w - - 2 40	d7f7 g8h8 f7f8 e8f8 f1f8	1186	0p1013161n
pOX9V	8/1R1b1ppk/3B3p/1p6/1K4P1/P1p4P/4n3/8 b - - 1 43	c3c2 b7c7 c2c1q c7c1 e2c1	1186	00010p101h
pWEHL	8/R3P3/8/4r2k/6pp/8/5KP1/8 w - - 0 70	a7a5 e5a5 e7e8q	1186	000g0i0p1g1h1m1o
plWDP	3k2r1/pQ2n3/4p3/2p1P1q1/2Pp2r1/3P3p/PP3RB1/5RK1 w - - 0 29	f2f8 g8f8 f1f8	1186	1315191o
potqt	6k1/4B2p/6p1/6r1/1P2p3/P3Pb1P/r4P1R/2R2K2 b - - 2 36	f3e2 f1e1 g5g1	1186	0p13151o
qNzHm	8/5p1k/pp4pp/2p2r2/2P5/3Q2BP/P3q1P1/3R2K1 b - - 5 31	f5f1 d1f1 e2d3	1186	010i0p1o
qfUJ1	2r4k/p2Q2Rp/1p2p2r/3pP3/4pP1q/4P3/PP2BPRP/7K b - - 0 32	c8c1 e2d1 c1d1 g2g1 h4h2	1186	0i0y10131619
qtCfN	r6r/ppp1b1k1/4n1b1/n2qP2p/3P4/2PB4/PP2K3/6QR w - - 0 21	g1g6 g7f8 h1f1	1186	0g11191o
qx5gL	1rb3k1/2p1bppp/4pn2/2PpN3/3P4/2N1PP2/5KPP/B6R w - - 3 20	e5c6 b8a8 c6e7	1186	010s191o
rAkfG	7k/R4pr1/2N5/2Pp4/3bbB2/6P1/1P2B2K/6R1 b - - 7 40	g7h7 f4h6 h7h6 e2h5 h6h5	1186	0s101316191f
rMty3	r7/pb4p1/1pp2qk1/2n2pb1/2P5/6Q1/PP3PP1/3RR1K1 w - - 2 23	d1d6 f5f4 d6f6	1186	01191g1o
t7qVW	1r4r1/5kbR/3p1p1Q/3P1N2/2n1P3/pPq2b2/P7/1K1R4 w - - 0 28	h7g7 g8g7 h6g7 f7e8 g7e7	1186	10131619
tXsEp	4r1k1/1p4p1/p2p1pK1/3P1P2/P1P2q2/1P1B3Q/8/8 w - - 4 47	h3h7 g8f8 h7g7	1186	0p13151o
tiNBT	4rbk1/5p1p/6p1/8/q2P1Q2/R3B2P/5PP1/3R2K1 b - - 0 27	a4d1 g1h2 f8a3	1186	0g0t0w191o
tlPHh	r5k1/p1p3Pp/1p5Q/8/2Ppb3/P2R2q1/1P2P1P1/n1K2B1R b - - 3 27	g3e1 d3d1 a1b3	1186	1315191k1o
vSzHD	5r2/p4p2/2p5/3p1R2/Pb2k1B1/1P4KP/2P5/8 w - - 11 40	f5f4 e4e3 f4b4	1186	0g0p1o1p
vWB3L	8/R6p/4P1k1/6B1/2p3P1/p1p5/1rP3P1/2K5 b - - 3 43	a3a2 c1d1 b2b1	1186	000g0p111o
vsvh5	4r1k1/p2n3p/3p2p1/7n/3qP3/3P1Q1P/P5BK/1r3R2 w - - 0 26	f3f7 g8h8 f7e8	1186	0g0s191o
w6hVq	r1b2rk1/ppp2ppp/2np4/8/2BPN2q/P1P2Q2/1P4PP/RNB3K1 b - - 2 13	h4e1 f3f1 e1e4	1186	010i0s1c1o
wPuZL	2r4k/6qn/2P5/3Pp3/1Q2Pp1R/1P5P/6PK/8 b - - 2 46	g7g3 h2g1 g3h4	1186	0g0p0s1o
xiPas	r3kb1r/pp2pppp/3p1n2/5q1b/1nP1N3/1P1BPN1P/P4PP1/R1BQK2R w KQkq - 3 11	e4d6 e7d6 d3f5	1186	0g0j191o
yBfJK	1k1q3r/ppp5/3pR1p1/6r1/8/1P1P3P/P1PQ3K/5R2 b - - 1 32	h8h3 h2h3 d8h8	1186	050p13151n1o
yS4Ud	rn1qkb1r/p4ppp/1pp5/8/1n1PN1b1/P5P1/1P1NPP1P/R1BQKB1R b KQkq - 0 12	b4d3 e2d3 g4d1	1186	011c1o
z9EKh	2r3k1/p5pp/8/1p2Qp2/3p1P2/P2q2PP/1P4B1/6K1 w - - 0 30	e5e6 g8f8 e6c8	1186	0g0p0s111o
zBFDc	rn3k1r/pp1bnp2/3p3q/3P4/2B5/2P1Q1P1/P1P4P/4RRK1 w - - 0 18	e3e7 f8g8 e7f7	1186	1315191o
0Jp7r	7Q/4b3/p4p2/4p2p/7k/6R1/P3q1PP/5RK1 b - - 6 35	e7c5 g3e3 c5e3 g1h1 e2f1	1187	0p101316
16cm7	4r2r/pp4pp/n3N1k1/4Qp2/2P5/8/PKP5/3q4 w - - 2 32	e5g7 g6h5 g7g5	1187	0p13151o
2es7C	8/8/5k2/4R3/3rpKP1/8/8/8 b - - 7 57	e4e3 f4e3 f6e5	1187	0g0i0j0k0p111m1o
2t4R0	8/8/p3p1k1/1p2r1q1/2p1P1pp/P7/1P3Q2/5RK1 w - - 2 40	f2f7 g6h6 f1f6 g5f6 f7f6	1187	0g0p0r10
3t3kP	r1b1kr2/1p1n1p1p/2pp1Q2/p3p1N1/qbB1P3/3P3P/2P1KPP1/3N3R w q - 2 15	c4f7 f8f7 f6f7 e8d8 g5e6	1187	040f10131619
41XyC	3r1r2/5pkp/1q4p1/3pp3/1p4P1/2P1P3/RPQ2PP1/R5K1 b - - 1 25	b4b3 c2d2 b3a2	1187	000g0p0s1o
4Dn7P	7k/p5p1/1p5p/8/6qP/2PR4/PPKQ4/5r2 b - - 1 38	g4a4 b2b3 a4a2	1187	0p13151o
5nRti	4r1k1/p1p2ppp/1p6/8/P1P3P1/1P3Q2/3q2PP/1r3R1K w - - 0 28	f3f7 g8h8 f7e8	1187	060p0s13151o
7BVuO	1r3r1k/1Q5p/p2p2b1/2p3q1/4B3/8/PPP5/1K5R w - - 3 28	h1h7 g6h7 b7h7	1187	1315191o
7BfaT	2rr3k/2q2p1p/p5p1/1p1pnNQ1/4p3/P1P5/1P3PPP/R4RK1 w - - 2 24	g5f6 h8g8 f6g7	1187	0y1315191o
7txVH	3k4/1K4p1/2PN4/3n2p1/8/1p3P1P/6P1/8 b - - 1 56	b3b2 c6c7 d5c7	1187	000g0p0z111o
7yDfJ	1r1r2k1/1b2qpp1/p3pn1p/4B3/1p2P3/1B3P2/PPP1Q1PP/3RR1K1 b - - 0 22	e7c5 e5d4 d8d4	1187	010s191o
8Zpli	r4bk1/1p4pp/p2p4/q2np3/P1P1P3/5Q1P/2B3P1/5R1K w - - 0 23	f3f7 g8h8 f7f8 a8f8 f1f8	1187	060i10131619
8twBn	k7/2qp4/p2P4/4p3/4P3/7P/5P2/5K2 w - - 0 52	d6c7 a8b7 h3h4 b7c7 h4h5	1187	000g0h0p101l
95a5c	r4r2/ppp1q1nk/1b4n1/3Pp2P/6p1/3B2p1/PP3PPQ/R4RK1 w - - 0 25	h5g6 h7g8 h2h7	1187	0k0m1315191o
9HeYl	2qr2k1/1p2bppp/p7/n1pP4/5Bn1/P1NQ2P1/1PP2P1P/2KR2N1 b - - 0 22	g4f2 d3d2 f2d1	1187	010s191o
9gOwb	4rrk1/p1Q5/6pp/1p6/6n1/PP3N2/6PP/4R2K b - - 0 33	e8e1 f3e1 f8f1	1187	0p13151o
AKSUJ	7k/4b3/5pQ1/2P3p1/1P6/4pqP1/5P1P/6K1 w - - 0 33	g6e8 h8g7 e8e7	1187	0g0p0s111o
AKgUj	8/8/5p1k/R1P1R1pp/8/6PK/2r4P/8 b - - 0 54	g5g4 h3h4 c2h2	1187	0i0p13151m1o
BZQjK	8/5pk1/p2p2p1/1p1PP3/3q2R1/PPR3Q1/4K1P1/7r b - - 0 31	d4d1 e2e3 h1e1 g3e1 d1e1	1187	010p0r10
DKCIO	5rrk/pb4q1/5R1p/1p2p3/3bP2Q/6P1/PP4BP/5R1K w - - 1 27	f6h6 g7h6 h4h6	1187	0y1315191o
Dp7NN	4q1rr/p1p1kp2/B1p1Pn2/2Np2p1/3P4/2P3p1/PP4P1/R2Q1RK1 b - - 0 21	h8h1 g1h1 g8h8 h1g1 h8h1 g1h1 e8h8 d1h5 h8h5 h1g1 h5h2	1187	050y1318191n1w
E08y9	r1bqr1k1/pp3ppp/8/3pP3/2P2Bn1/2PB4/P5PP/R2QR1K1 b - - 2 14	d8b6 f4e3 g4e3	1187	0g191o
EMomF	2r1kr2/5p2/p3bQ2/4p2P/4B3/4P3/1qp1N1P1/3R2K1 w - - 0 27	e4c6 c8c6 f6d8	1187	1315191n1o
EOt4q	2r2k2/5p1p/2n1p2q/3p2p1/1P1Q2P1/2P2K1N/8/7R w - - 1 36	d4h8 f8e7 h8c8	1187	0g0p1o1p
EXoEL	2r1k1nr/pp4p1/4P2p/3p4/4N3/5N1P/PPPKQ1q1/R6R b k - 0 21	c8c2 d2c2 g2e2	1187	01050i191o
EaOjo	r1b2r1k/p4qp1/1pp1p1Qp/3pP3/1Pn2PB1/P3P2R/4NK1P/R7 w - - 9 27	h3h6 g7h6 g6h6 f7h7 h6f8	1187	0g0i0y10191n
FAMwy	3rr1k1/pp6/7p/4p1p1/2q1P2P/P3B3/1P2Q1P1/3RR1K1 b - - 0 26	c4e2 e1e2 d8d1	1187	010b191o
FgOO9	7k/pp5p/1n2qp2/2pp3r/5Q2/2NP2P1/PPP2PK1/6R1 b - - 6 24	e6h3 g2f3 h5f5 f4f5 h3f5	1187	010p101g
Fwmcp	8/6pk/p1Q4p/8/1P1r4/P5pP/5qP1/6RK b - - 0 34	f2g1 h1g1 d4d1	1187	050p13151n1o
GFH6u	5b1k/pp3Qp1/2p4p/8/2Bn4/P4qP1/1P3P1P/5RK1 b - - 2 29	d4e2 c4e2 f3f7	1187	0g0i0p1o
GvFXJ	k1r2N2/1p1q2p1/p1p2n1p/5N2/8/P1P3Q1/1P4PP/1K2R3 b - - 0 26	d7f5 b1a1 c8f8	1187	0g0t0w191o
IHosg	bk2r1r1/p1p3qp/Pp1p4/3P4/2P3Q1/1P3B2/6PP/R4RK1 b - - 4 27	g7g4 f3g4 g8g4	1187	01191o
IRXMy	1r1q1rk1/pp1bbpp1/3p3p/3p4/4PB2/2QB4/PP3P1P/6RK w - - 0 19	c3g7	1187	0y1314191b
IoKUJ	5Nk1/1p3ppp/p1p5/8/PP1P2r1/2P4q/2Q2P1P/R5RK b - - 4 24	h3f3 g1g2 f3g2	1187	0p0y13151o
ItCtQ	3k4/2R1RP2/6p1/8/2p3K1/7P/r7/5r2 b - - 6 47	a2g2 g4h4 f1f4	1187	0p13151m1o
Iukj3	1nbqkbnr/3p1ppp/2p5/1p2B3/r3P3/8/2PP1PPP/RN1QKBNR b KQk - 0 7	a4e4 f1e2 e4e5	1187	0g0s1c1o
IyFRH	7k/6rp/1P6/4r3/P7/2Q2P2/2R3Pq/2R2K2 b - - 2 49	h2h1 f1f2 h1g2	1187	0p13151o
Jx7A8	r5k1/4Q1pp/3pp3/pNq1b3/Pp2b3/8/2P1N1PP/5R1K w - - 0 25	e7f7 g8h8 f7f8 a8f8 f1f8	1187	06101316191n
KGql3	r5k1/1bpn1rb1/p2pB2p/1p4q1/3PP1QN/2N1P2P/PPP3P1/R5K1 w - - 3 19	e6f7 g8f7 g4d7	1187	050g0j0y191o
KWfvY	r5k1/pp4pp/4p3/6r1/1P1P4/P6P/1B1q2P1/R5QK w - - 0 23	b2c1 d2g2 g1g2 g5g2 h1g2	1187	0g0p10
KbnLi	6k1/1b2qp1p/3np1p1/p2P4/Bn4N1/1P5P/PQr2PP1/4R1K1 w - - 0 30	g4h6 g8f8 b2h8	1187	0y1315191o
KfKWy	6rk/p2R2bp/5pp1/8/2Q5/1Pq3P1/P1P5/2K4R b - - 6 26	c3a1 c1d2 a1h1	1187	0g0p1o1p
Kq463	6k1/p2N2p1/1b1p2Qp/8/8/1P6/PKB5/4q3 b - - 0 36	b6d4 b2a3 e1a5	1187	0p13151o
LYd3m	2rr3k/p4p1p/1p1B4/2P5/3n2R1/2P2pPq/PP3P1P/R5K1 w - - 0 26	d6e5 f7f6 e5f6	1187	0y1315191a1o
M5Vqx	2kr3r/pp1bq1pp/2p1p3/4N3/2P1pP2/BP1RP3/P3Q1PP/2K4R b - - 0 19	e7a3 e2b2 a3b2 c1b2 e4d3	1187	0g0r0t10191k
M8ipn	8/ppp3kp/3p2p1/3Pb3/2P1P2q/5Q1P/PP2N1P1/3N2K1 b - - 5 26	h4e1 f3f1 e5h2 g1h2 e1f1	1187	010i0p0s10
NuwAW	rn1qnrk1/ppp3bp/3p2p1/3P1b2/2P1B3/2N1BN1P/PP3PP1/R2QK2R b KQ - 0 11	g7c3 b2c3 f5e4	1187	010w1c1o
Ok4YA	4n1k1/2p2ppp/1pn3b1/p3p3/4P3/1NP1BP1P/P1P1B1P1/6K1 w - - 0 20	e2b5 c6a7 b5e8	1187	010p111o
QFDkQ	2kr4/pp2Q3/5B2/7P/2pq2P1/8/PPP5/2K1R3 b - - 0 32	d4d2 c1b1 d2d1 e1d1 d8d1	1187	060p1013161n
QMWit	3r3r/2p2pk1/1p2p1p1/n3P1QP/P2P1P2/2PB1qR1/1R3P1K/8 b - - 4 35	h8h5 g5h5 f3h5	1187	0g0s191o
QPBJz	5rk1/pQ3R1p/2pr2pb/8/8/1P2q2P/P5P1/5R1K w - - 0 26	f7f8 h6f8 b7f7 g8h8 f7f8	1187	0d0i10131619
SGle8	r4r2/1b1pbB1k/p1n4p/1pp1q2Q/4N3/8/PPP2PPP/R4RK1 w - - 0 16	h5g6 h7h8 g6h6	1187	0i1315191o
ScCoL	2R2b1k/1p6/p2N3p/3Pp2P/3q2p1/1P4r1/P3QP2/5K2 b - - 1 39	d4a1 e2e1 g3g1 f1g1 a1e1	1187	050g0i0p10
T8VLZ	4r1k1/4n1p1/1R5p/p2p1pq1/P1pPr3/2P2B1P/2Q2PP1/4RK2 b - - 3 29	e4e1 f1e1 e7c8 e1f1 c8b6	1187	0g0j0k1019
TKfkX	r1bqr1k1/p4pbp/5np1/2pP2B1/2B1N1P1/5Q1P/PP3P2/R4K1R b - - 0 16	f6e4 g5d8 e4d2 f1g2 d2f3	1187	010s101112191n
UPp1u	5k2/pR3ppp/2p5/3r4/5R2/2n5/P1P3PP/6K1 b - - 0 22	c3e2 g1f2 e2f4	1187	0g0p0s1o
UVcew	2r2rk1/5pp1/2pq3p/1p3P1P/p2pP1Q1/2P3P1/8/3R1RK1 w - - 0 31	f5f6 d6f6 f1f6	1187	0g0p1g1o
VPJ3n	2r1r3/kn5p/p2Q2p1/4P3/q3pP2/8/PRp3PP/5R1K w - - 2 34	d6b6 a7b8 b6b7	1187	1315191o
WOq6W	8/8/1n3kp1/p4pNp/7P/1P3BP1/P3R2K/2q5 w - - 4 44	e2e6 f6g7 e6b6	1187	0g0p0s1o
WQYCO	6k1/pb3rpp/1p2QP2/4P3/P1r2b2/7P/1P1q2P1/5R1K w - - 0 28	e6e8 f7f8 f6f7 g8h8 e8f8	1187	000i10131619
WsVnt	2br1r2/k1p1N2p/p1pp4/4p3/8/1R4P1/PPP2P1P/1K2b3 w - - 0 31	e7c6 a7a8 b3b8	1187	030p13151o
X07SE	rn1qk2r/pp3pp1/2p1p2p/3PPb2/3Pn3/2N1P3/PP1B2PP/R2QKB1R b KQkq - 0 10	d8h4 g2g3 e4g3	1187	0g1c1o
X5kTY	r2r1k2/pp3p2/2p2p2/5B2/5P2/6R1/P3q1PP/1Q4K1 w - - 7 28	b1b4 e2e7 g3g8 f8g8 b4e7	1187	0g0i0p1011
XVDaU	r1br4/pp1pkpbp/1q2p1p1/8/8/2N2B2/PP1Q1PPP/R3R1K1 w - - 4 15	c3d5 e7f8 d5b6	1187	0g191g1o
XX9tV	8/1p3R1p/2p1p1pk/2P1N3/3RK1P1/7r/P4r2/8 b - - 9 42	f2e2 e4f4 g6g5	1187	0p13151o
XZHqI	8/ppk3p1/2pb4/8/1q6/1PQP2r1/2KR4/R1B5 b - - 2 37	b4c3 c2c3 d6e5 c3c2 e5a1	1187	010510191p
Xo28k	5r2/3k4/2n3p1/4R3/4K1P1/Bp5P/8/8 w - - 7 55	e5d5 d7e8 a3f8	1187	0g0p11121o
YHq9K	3R4/6k1/8/2RK4/2P3r1/8/2r5/8 b - - 6 66	c2d2 d5e5 d2d8	1187	0g0p1m1o1p
YvOqo	8/5pk1/R7/7p/P4Rb1/1P1K2P1/6r1/8 b - - 0 52	g4e2 d3d4 e2a6	1187	010p1o1p
ZVRwE	r2q1b1r/pb2k1p1/2p4p/n1N4Q/1nP1p3/8/PP1PKPPP/RNB4R w - - 0 16	h5e5 e7f7 e5e6	1187	0n1113151c1o
augwK	r1bq1rk1/5pp1/pp2p2p/2n3N1/4N2P/3Q4/PPP2PP1/R3K2R w KQ - 0 16	e4f6 d8f6 d3h7	1187	0d0y1315191n1o
bK1V2	5r2/8/5p2/3Rp2p/p3P3/1k4P1/r4PKP/2R5 w - - 4 37	d5b5 b3a3 c1c3	1187	0p0q13151m1o
bSqjC	r5k1/1p4P1/2p5/p2p1bR1/4p3/5r2/PPPK4/7R w - - 0 29	h1h8 g8f7 h8a8	1187	0g0p1o1p
bgwBU	r1bq2rk/1p2b3/p3pnQ1/3p4/3P4/2P2R2/PP1N2PP/R1B3K1 w - - 3 18	f3h3 f6h7 g6h7	1187	0y1315191o
bl7qP	4k3/ppp5/3r4/1P3pr1/P1P5/4PN2/1B5K/R4R2 b - - 2 31	d6h6 f3h4 h6h4	1187	0p13151o
bmH5b	5rk1/5pp1/B3p2p/1P5q/r7/7Q/5PPK/3R1R2 b - - 2 33	a4h4 h3h4 h5h4	1187	01191g1o
bpk1s	8/p3B1pk/1p1PBn1p/5p2/8/6PP/P1r2P2/5bK1 w - - 0 30	e6f5 h7g8 f5c2	1187	010p0s1o
c2JQz	5rk1/6p1/1p5p/1RP3q1/p2pQ3/P5P1/1R2P2P/6K1 b - - 0 35	g5c1 g1g2 c1f1	1187	0p13151o
curIC	2rN2k1/2q2pp1/p3p2p/P7/8/2N4P/4QPP1/R4nK1 b - - 0 25	c7h2 g1f1 h2h1	1187	1315191n1o
e2e2e	r3n3/1pq3kp/3p2p1/p1pP4/2P1bQP1/7P/PP2B3/5RK1 w - - 0 25	f4f8	1187	111314191b
eLQa3	r4rk1/1p4pp/2n2b2/pB1qp2b/8/P4N1P/1PP1QPP1/R4RK1 w - - 0 17	b5c4 d5c4 e2c4	1187	01191g1o
eMe3L	8/7p/2R5/4r1k1/Kp3p2/b4BP1/7P/8 w - - 0 52	h2h4 g5f5 g3g4	1187	0p13151o
egzWg	2k4r/pppb2Qp/7r/3q1P2/3pN3/3P3P/PPP2P2/R3R1K1 b - - 0 19	h8g8 g7g8 d5g8	1187	0g191g1o
ejzWL	5r2/p1R1b3/1p1pk3/8/Pq2pB2/2N4P/5PP1/5RK1 w - - 3 35	c7e7 e6e7 c3d5 e7e6 d5b4	1187	01050s10191n
f0E2d	8/2p5/r6P/2p2p2/p1k5/R7/5PK1/8 w - - 0 42	h6h7 a6a8 a3a4 a8a4 h7h8q	1187	00010i0p101h1m
gDfAC	r5k1/p3qppp/2P2n2/6B1/8/PB2Q3/2P1bPPP/3R2K1 b - - 2 21	e7e3 g5e3 e2d1	1187	01191o
gMYNw	Q7/6k1/pq2p1p1/6P1/P4PK1/2r1r3/8/7R w - - 2 38	a8h8 g7f7 h1h7	1187	0p13151o
gzcYd	r3kb1r/pp1n1ppp/2p1pn2/3q2Bb/3P4/2P2N1P/PP2BPP1/RN1Q1RK1 b kq - 2 9	h5f3 e2f3 d5g5	1187	010b1c1o
h3u1A	7k/1ppq1p2/2np2p1/p2N2Q1/2P1Pn2/3p4/PP6/2K5 w - - 0 24	g5h6 h8g8 d5f6	1187	0p0s13151o
hdzVa	4rr2/p2q2kp/1p4p1/2p1P1Q1/3pN2n/3B2KR/PP5P/6R1 b - - 2 27	f8f3 g3h4 d7h3	1187	0s1315191o
iJC14	1k4r1/p1p4Q/1p3p2/6q1/8/6BP/P5PK/8 w - - 1 37	h7c7 b8a8 c7c6	1187	0p13151o
j3a4L	4r1k1/3q1pb1/6p1/p2b4/2np1PP1/3Q1B2/P5KN/2B1R3 w - - 2 37	e1e8 d7e8 f3d5	1187	0111191o
jEERg	5r2/1p1qr1k1/p3p1pp/3pP3/3P4/2PQ2RP/PP4P1/6K1 w - - 0 32	d3g6 g7h8 g6h6 e7h7 h6f8	1187	0i0p0s101316
kTCYd	2kr1b1r/pppq3p/1nn5/3P2p1/1PP1p3/P3B2P/4B1P1/R2QK2R w KQ - 0 18	e2g4 c6e5 g4d7	1187	01191g1o
ki1Ia	6R1/1R6/3p4/4p1pk/2PpP2p/3Pq1P1/6K1/8 w - - 4 46	b7h7 h5g4 h7h4	1187	0p0q13151g1j1o
m01kd	r4r2/pp3kp1/2pp4/4pP2/6P1/2PP1Qq1/PPR5/5R1K b - - 0 24	f8h8 c2h2 g3h2	1187	0p0y13151o
mBrm3	3r1k2/2P2ppp/p7/q5P1/7P/1pP4B/1P1Q4/1K1RR3 b - - 0 29	a5a2 b1c1 a2a1	1187	0p13151k1o
mTreK	1k6/8/1p6/1Np1P2Q/P4b2/1PN5/K1P5/5rq1 b - - 5 38	f1a1 a2b2 g1c1	1187	0p13151o1u
n0j9V	2rq1r1k/p2p2pp/1p6/3BbP2/3p4/5R1Q/PPP2K1P/R7 w - - 0 22	h3h7 h8h7 f3h3 d8h4 h3h4	1187	050y101316191f1n
nh95E	3r4/1p4k1/1p6/3nP1p1/8/1PP3PK/1P6/5Q2 b - - 0 38	d8h8 h3g4 d5e3 g4g5 e3f1	1187	0g0p0s10
o3392	r1b2r1k/4bpp1/p3pN2/1p6/3nq3/P2B1R2/1PP3PP/3R3K w - - 0 23	f3h3 e4h7 h3h7	1187	030y1315191d1o
o8pfj	2r1k3/5p2/q3pQpR/3pP3/p2N4/8/5PPP/1r1n2K1 w - - 1 31	h6h8 e8d7 f6f7	1187	0i111315191o
oRoe2	6r1/1r3p2/p2k1P2/3PR3/P2P2pp/7P/3b2P1/2R2K2 w - - 1 43	c1c6 d6d7 e5e7 d7d8 e7b7	1187	0g0p0r101p
oUd5i	8/8/8/P4k2/3P3p/1p1K4/8/8 w - - 0 55	a5a6 h4h3 a6a7	1187	000g0p111e1o
p9B1i	kr6/1q3b2/p3NPp1/3pQ1Pp/7N/PP6/K7/2R5 b - - 0 39	b7b3 a2a1 b3a3	1187	0i1315191o
pd5zf	5r2/pp3rk1/3p4/2pPp1pP/2P1PnP1/PBP3R1/5R2/6K1 b - - 11 38	f4h3 g3h3 f7f2	1187	0g0j0p0y1o
qEQnM	3r4/1p1rppkp/6p1/p7/1Q6/4P1P1/qP3P1P/R4RK1 w - - 0 21	b4c3 g7g8 a1a2	1187	010p1o
rI8FJ	r2qr1k1/ppp2pB1/2np1b2/8/8/4QNP1/PPP2PP1/2K4R w - - 1 19	h1h8 g8g7 e3h6	1187	0y1315191n1o1u
rJcGt	rn1qkb1r/pQ3ppp/2bp4/1Bp5/4P3/P7/1PP2PPP/R1B1K1NR b KQkq - 2 9	d8a5 b2b4 a5b5	1187	011c1o
rlPT8	2q1r1rk/1b3ppp/p2Bp3/1p3P2/3NP3/P1NR3R/1PP3PP/6K1 w - - 1 23	h3h7 h8h7 d3h3	1187	050y1315191n1o
sBJ5X	3R1rk1/6pp/4p3/Q7/7q/2N1n2P/PP3PP1/1R4K1 b - - 0 28	h4f2 g1h2 f2g2	1187	1315191o
syehf	rnbqk2r/p1p2ppp/1p2pn2/8/1bpP4/2N1PN2/PP2BPPP/R1BQK2R w KQkq - 0 7	d1a4 c7c6 a4b4	1187	010s1c1o
t8bWi	8/7p/3n4/5P2/1p2N1P1/k2K4/7P/8 b - - 4 43	d6e4 d3e4 b4b3 f5f6 b3b2 e4e5 b2b1q	1187	000g0p0z1h1w
tPntR	r5rk/2q3pp/1n2p3/1p1bPp2/3PpN2/Bp2P1QP/P5P1/R4RK1 w - - 0 26	f4g6 h7g6 g3h4	1187	0y1315191n1o
uMGtI	r1bqk2r/Rp2bppp/3pp3/3n4/8/1P1PBN1P/1PP2PP1/1N1Q1RK1 b kq - 0 12	d5e3 a7a8 e3d1	1187	011c1o
uScot	3N2k1/p1p3p1/5q1p/4p3/5n2/5N1P/PP3PP1/2Q2K2 b - - 0 23	f6a6 f1g1 f4e2 g1h2 e2c1	1187	0g0p0s10
udaj3	8/8/8/4p1RP/r1pkP3/5PK1/6P1/8 b - - 0 35	c4c3 g5g8 c3c2 g8c8 a4c4	1187	000g0p101m
v7tdT	r1b2rk1/pp3p2/3p1qpp/3P4/2P5/3n1B2/P2N1PPP/2RQR1K1 w - - 10 19	d2e4 f6g7 d1d3	1187	0g0j191o
v9fXf	7R/kpp5/p1b5/8/2q5/8/PP1Q4/1K6 b - - 0 26	c6e4 b1a1 c4f1 d2c1 f1c1	1187	0p101316
wQTHH	4r1k1/p1p2ppp/1pnr4/8/2PqN3/P2P2PP/4QP2/1R2R1K1 w - - 1 23	e4f6 g7f6 e2e8	1187	0g0j0y191o
wYCEx	r2qkb1r/pQ3ppp/4p3/3pn3/3Pb3/8/PP3PPP/R1B1KB1R w KQkq - 0 11	f1b5 e5d7 b5d7 d8d7 b7a8	1187	01101c
wujOK	6n1/4p1k1/p2p2p1/1bpP2P1/5N2/1r3BK1/7Q/2q5 w - - 0 45	f4e6 g7f7 h2h7 f7e8 h7g8 e8d7 g8d8	1187	0i1317191w
x89o1	5rr1/1pp3qk/1p2P2p/3P1p2/1P3p2/P2Q3P/5RPK/5R2 b - - 0 29	g7g3 d3g3 f4g3 h2g1 g3f2	1187	000g0p0s10
ynk5e	4rrk1/5pb1/1qn1P1p1/3p1pNp/pppP1P1B/2P4P/PP4P1/R3QRK1 w - - 1 24	e6f7 f8f7 e1e8	1187	000g0j0s191o
yuT27	2R1r1k1/5ppp/8/2Q5/1PP5/3q4/2r2PPP/5RK1 b - - 4 23	d3f1 g1f1 c2c1	1187	050p13151n1o
zqoBO	Q7/8/1R5p/6pk/6r1/8/1r2pP1P/2q1b2K w - - 0 41	a8e8 h5h4 b6h6	1187	0i0p13151o
0CVgq	2r3k1/pp1Rn1p1/5p1p/4p2Q/2q5/P1N1P1P1/1P3PKP/8 b - - 3 26	c4c6 h5f3 c6d7	1188	0g0p0s1o
0bSd5	r5nr/pbp3k1/1pnppqpp/8/4PN2/P1PP2Q1/2P2PPP/R3KB1R w KQ - 2 16	f4h5 g7f7 h5f6	1188	0g191g1o
14hE5	8/pp2k2r/2pbpp2/3q4/3P4/1P2P3/3NRRQP/7K b - - 7 34	h7h2 h1g1 h2g2	1188	010s191o
1W4Df	r3r1k1/4pR2/1p6/p4Q2/2p1p1P1/4P3/2P4q/4RK2 w - - 1 36	f5g6 g8h8 g6g7	1188	0p13151o
1a5zn	8/7R/1p1k4/3bRB2/2pp1KP1/2r5/8/8 b - - 9 50	c3f3 f4g5 d6e5 h7e7 e5d6	1188	0g0i0p10
1nNYH	r3r1k1/1b3ppp/p1pb4/1p1B4/4q1N1/5Q1P/PP3PP1/R1BR2K1 b - - 0 21	e4e1 d1e1 e8e1	1188	0y1315191f1n1o
2c6tz	3r1rk1/p1pqb1p1/1p1p1n1p/4B3/4P3/2N1Q3/PPP2PPP/3RR1K1 b - - 0 16	f6g4 e3g3 g4e5	1188	010s191o
2kGkz	4qBk1/1pp2pp1/4p2p/1P1pP3/2nP1nPP/2Q2N2/5P2/1R3RK1 b - - 0 24	f4e2 g1g2 e2c3	1188	010s191o
2ks5u	8/8/2p1rRkB/pp1b2P1/8/P7/1PP2KP1/8 b - - 5 59	e6f6 g5f6 g6h6	1188	010p1o
3FAxw	6k1/p1q1pp1p/2p3p1/8/8/2b1QP2/PN1r2PP/R4RK1 b - - 2 21	c3d4 e3d4 d2d4	1188	010s191g1o
3PnNm	1k1r3r/ppq2pp1/2n1b1p1/1QNpP3/8/P7/1PP2PPP/2KR3R w - - 1 19	c5a6 b8c8 a6c7	1188	01191g1k1o
3S392	5r1k/p5p1/6rp/3Q3b/4P3/4QP1q/P4P1P/1R1R1B1K b - - 14 36	h5f3 e3f3 h3f3 f1g2 f3g2	1188	0s10131619
3hqpU	8/8/p1Q1B3/1p6/1P1P3q/2P2K2/1k6/8 b - - 4 56	h4h1 f3f4 h1c6	1188	0g0p1o1p
46fjs	2r2rk1/5ppp/8/Q3nq2/8/2N4P/PP3PP1/3RR1K1 b - - 2 22	e5f3 g2f3 f5a5	1188	0g0j191o
48X3m	4r1k1/2p2p2/3P2rp/2q3p1/8/p4P2/5P1P/B3R1K1 w - - 0 33	e1e8 g8h7 e8h8	1188	0p13151d1o
4pCur	5nk1/5pp1/7p/2p1q3/2P5/p5QP/P3B1PK/R7 b - - 0 40	e5a1 g3a3 a1e5 h2g1 e5e2	1188	010p0s10
4qCw0	1k6/1p5p/8/1p3p2/1P3P2/P7/3rpKPP/R7 b - - 1 35	d2d1 f2e2 d1a1	1188	0g0p1m1o
5GYP7	3r2k1/2R2n1p/6b1/pR4p1/6P1/1P5P/P7/5K2 b - - 0 37	g6d3 f1f2 d3b5	1188	0g0p0s1o
5c6Bj	4r2r/p1pk2p1/Qp1b3p/3P4/3n4/8/PP3PPP/R5K1 w - - 1 25	a6a4 d7c8 a4d4	1188	010p0s1o
6J7CP	8/4Q1pk/1B2pp1p/6P1/5P1K/3r3P/1P4b1/8 b - - 0 37	d3h3 h4g4 f6f5	1188	0p13151o
6jITo	7r/pkP2ppp/1p6/5Q2/q7/3P2b1/P7/2R4K w - - 1 32	c7c8q h8c8 f5c8	1188	000p13151h1o
73iBS	2kr3r/ppp1b1p1/4pn1p/6q1/1nNPp3/1P2P1PP/PBQ2P2/1KR3NR w - - 8 17	c4b6 c8b8 c2c7	1188	0j1315191g1k1o
7VYlh	5Rrr/1k1q4/1p1p4/3Pp1b1/1PP1P3/Q5N1/3B2p1/6K1 w - - 2 30	a3a8 b7c7 a8a7	1188	1315191o
7e9Y2	3r3r/2n3pp/1k1N1pb1/1P6/3R1B2/6PP/1P3p2/K4B1R b - - 0 32	d8a8 d4a4 a8a4	1188	1315191f1o
7wagC	r1b1k2r/1p1q1ppp/p4b2/2pQ4/8/2NP4/PPP2PPP/R3K1NR b KQkq - 0 11	f6c3 b2c3 d7d5	1188	0g0w191o
9Jfpc	4r3/p2q1k2/1p3P2/2p2PQ1/2P1P3/8/P4RKP/8 b - - 0 34	e8g8 g5g8 f7g8	1188	010p1g1o
9OVqg	8/2P5/8/1kr5/p4R2/8/4K3/8 w - - 2 57	f4f5 c5f5 c7c8q	1188	000g0i0p1g1h1m1o
B7bY5	N2Q4/pp3pk1/7p/4q3/1Q5b/5p2/PP3P1P/R2R1K2 b - - 0 27	e5e2 f1g1 e2f2 g1h1 f2g2	1188	10131619
Bex4z	2rr2k1/2Q2p1p/6p1/p2PP3/P7/2Pq3P/5PP1/2RR2K1 b - - 6 28	d3d1 c1d1 c8c7	1188	010p1o
ByeRC	7Q/8/8/5q2/5k1p/6nP/6P1/6K1 w - - 12 49	h8h4 f4e5 h4g3	1188	0g0i0p1o
C1jtU	r4r1k/5Ppp/p3P3/1pb1B2Q/5q2/1B4R1/P3p1PP/R6K b - - 0 23	f4f1 a1f1 e2f1q	1188	000y1315191h1o
CkxyT	6k1/1ppR1pp1/p4r2/P5r1/1P2P1Pq/2P1R3/4Q1K1/8 w - - 1 33	d7d8 g8h7 e3h3 h4h3 g2h3	1188	010p101g
CrJ4l	7r/pp1q1kp1/2p2n1p/2b1B3/Q3PPb1/2NP4/PP4PP/R6K w - - 1 19	a4c4 g4e6 c4c5	1188	010s11191o
CyIjw	1r3r1k/7p/3Q2p1/p3p3/1p1pP1q1/P2P4/BPP2P1K/R5n1 w - - 0 29	d6e5 f8f6 e5f6	1188	0y1315191o
DOeyD	6rk/p5p1/2p3Rp/2pp4/1P2pQ1K/5q2/8/8 w - - 4 37	g6h6 g7h6 f4h6	1188	0p13151n1o
DcuPf	r4r1k/p4Bpp/1p6/2n4R/8/2P2R2/P1P1b1PP/6K1 w - - 4 20	h5h7 h8h7 f3h3 e2h5 h3h5	1188	0510111316191f1n
Dsc7w	2r1r3/pp3N2/6p1/3P4/n2Q1PP1/5NkP/PPq4R/K2R4 b - - 4 31	c2c1 d1c1 c8c1	1188	1315191n1o
EK50l	8/1p1b4/1P6/P7/6k1/5p2/5K2/8 w - - 0 58	a5a6 d7c6 a6a7 g4f4 a7a8q	1188	00080g0p101h
Eb2IT	2r4k/p4q1p/6bB/1p2br2/3p2QP/PP1P1p2/1K3P2/4R1RB w - - 1 35	e1e5 f5e5 g4c8	1188	0g191o
FFCNe	6k1/p3rpp1/2p4p/8/2PpN1QP/3q2PK/5P2/8 w - - 0 35	e4f6 g8h8 g4c8 e7e8 c8e8	1188	0p1013161g
FUXT9	r1b1k2r/1p3p1p/p2bp1p1/3pq3/6Q1/P1N5/1PP1BPPP/R3R1K1 w kq - 2 16	e2b5 a6b5 e1e5	1188	010j191o
FXIn6	r1bqkb1r/pp3ppp/2n1pn2/1Bp5/3pPN2/3P1N2/PPP2PPP/R1BQK2R b KQkq - 0 7	d8a5 f3d2 a5b5	1188	010s1c1o
FfRV5	3Q4/1p3ppk/4b2p/4N3/p3n3/P3P3/2r3PK/8 w - - 4 41	d8d3 c2c5 d3e4	1188	0g0p0s1g1o
GVSZk	4rr2/pb4kp/1p4p1/2p3q1/2BP2p1/2P5/PP3R1P/R4QK1 w - - 2 24	f2f7 f8f7 f1f7 g7h6 f7e8	1188	0e0g0s1019
GzSgJ	2r1r1k1/1q3pb1/3Bp1p1/1Q6/3NP2p/1BP2P2/6PP/3R2K1 b - - 0 30	g7d4 d1d4 b7b5	1188	0g0w191o
H5Znk	5r1k/pp1R1p2/5p1p/1P4n1/P1P2Q2/2q3P1/5P1P/3R2K1 b - - 2 36	g5h3 g1f1 h3f4	1188	0g0p0s1o
HRAw6	6k1/p1p2ppp/2Q5/3P4/2P5/1P3Bqn/P5P1/4rR1K w - - 2 27	c6a8 e1e8 a8e8	1188	0p13151o
HwR7G	r4rk1/pp3pp1/2p3P1/7R/5PQP/5PK1/P1pq4/4R3 w - - 2 29	h5h8 g8h8 g4h5 h8g8 h5h7	1188	050p1013161n
J6RMF	3R4/2rP1kpp/5p2/8/8/pb3P2/5PKP/8 w - - 0 36	d8f8 f7f8 d7d8q	1188	0001050p1h1o
JcYfQ	8/r7/p1R5/Pp1pkp1p/1P3p2/4P1PP/4K3/8 w - - 0 46	g3f4 e5e4 c6e6	1188	0p1113151m1o
KB8e8	5R2/pp4pk/6b1/2p3p1/3q2Q1/7P/P5PK/8 b - - 1 44	d4d6 h2g1 d6f8	1188	0g0p0s1o
KgT3K	r1bQ4/p2p1rkp/2p2pp1/8/5p2/3R3R/1q1B1KPP/8 w - - 6 31	h3h7 g7h7 d3h3 h7g7 d8h8	1188	05101316191n
L4Ndw	7r/p1p3p1/1p3k2/6q1/2QP4/2P2P2/P3PK2/5R2 b - - 1 37	h8h2 f2e1 g5c1	1188	0p13151o
LnzIM	8/1p1R4/p3r2k/2p3R1/P4Pp1/1Pb3P1/7P/2r2BK1 b - - 2 44	c3d4 d7d4 c5d4	1188	0g0p1o
MnC5S	2kr4/ppp2pbp/3n4/8/8/3P1Q2/qPP3PP/4RRK1 w - - 0 19	f3g4 c8b8 g4g7	1188	010s191o
Momti	8/3b2k1/1R1p1p2/3Np1pp/4P3/1P3PP1/2PQ1BKP/q7 b - - 6 41	d7h3 g2h3 a1f1	1188	050p13151n1o
Nyrg4	2r4R/2q3k1/3p1pp1/3B4/3BP3/p7/Pp2Q3/1K4R1 b - - 0 33	c7c1 g1c1 b2c1q	1188	001315191h1o
OGh1p	4rr2/p1k5/1p6/6Q1/PP1P2n1/8/5PP1/5K1R b - - 0 30	f8f2 f1g1 e8e1	1188	0p13151o
ONZ0U	5r1k/p4p1p/6b1/3Np3/3q3Q/1Pr4P/P2N2P1/R6K w - - 1 23	h4f6 h8g8 d5e7	1188	1315191o
OcUQX	1B2Q3/p4p1k/1p1P3p/2p3p1/3b4/8/Pr3RPP/6K1 b - - 0 28	b2b1 e8e1 b1e1	1188	0p13151g1o
OsIHq	5rk1/1q4pp/6r1/p1p1p3/2PpN3/PP3Q1P/5Pn1/1R2R2K w - - 2 30	e4f6 g6f6 f3b7	1188	0g0j191o
P8j4p	8/R7/8/3k2r1/3p2p1/3K2nP/PPP5/8 w - - 0 38	a7a5 d5e6 a5g5	1188	0g0p11121o1p
PixeR	4n1kb/pb3r1p/1p2QBp1/8/2P3P1/2Nq3P/PP3R2/5RK1 b - - 0 25	d3g3 f2g2 g3g2	1188	0y1315191o
Ql8b3	8/5pk1/p3p1p1/1p2r3/2p5/P1P2bP1/1PB2P1P/4RK2 b - - 1 36	f3g2 f1g2 e5e1	1188	0g0i0p1o
QqMzK	3r3k/4qpp1/1p6/nP6/P7/r4Np1/2B1N1K1/1Q6 w - - 0 30	b1h1 h8g8 h1h7 g8f8 h7h8	1188	10131619
Qtdcs	1rbqk1nr/3p1pbp/p3p1p1/4P3/2ppN3/1P1P1Q2/P1P2PPP/R1B1K2R w KQk - 0 12	e4d6 e8e7 f3f7	1188	13151c1o
RJ30r	5rk1/5ppp/pp6/3R1Q2/P1pP2P1/r5qP/6P1/5RK1 w - - 2 32	f5f7 f8f7 d5d8 f7f8 d8f8	1188	0p1013161n
RX5ck	4rr1k/ppp5/3p3p/5npn/2BPR3/4P2P/PP2N2K/6R1 w - - 2 24	e4e8 f8e8 c4f7 e8e3 f7h5	1188	010s1019
Rh7No	6k1/p1B1p2p/4bpp1/1r6/4N3/8/P1PPNPnP/1R1K3R b - - 0 22	b5b1 e2c1 e6g4 f2f3 g4f3	1188	0t10131619
S9tec	2kr4/Qp3ppp/p1p3q1/8/8/1NP2b1P/PP4P1/3R2K1 w - - 0 29	a7a8 c8c7 a8d8	1188	0p13151k1o
SHGe4	8/7Q/2r1pk2/8/3q4/4nP2/PP2K3/R7 w - - 2 33	h7h8 f6f7 h8d4	1188	0g0p1o1p
Sb6l9	r5k1/p4pp1/2R1p2p/2Pp3q/2r5/3N4/2P1RPPP/Q4K2 b - - 3 28	h5h2 f2f3 h2h1 f1f2 h1a1	1188	0g10191p
Tljp4	5kr1/ppr2p2/8/4b1N1/2B5/1P2PK2/1P4R1/8 w - - 11 38	g5h7 f8e7 g2g8	1188	010i0j0p1o
USA7Q	Q7/p1kbq2p/1b6/3p1p2/B4Pp1/P3P1P1/1B3K1P/8 w - - 12 36	b2e5 e7e5 f4e5	1188	0g0p1o
UaAzQ	4rrk1/pp1R4/2p3pB/4N3/2P1p3/8/Pq3PKP/8 w - - 0 26	d7g7 g8h8 e5g6	1188	0p0w13151o
UgseG	6k1/6b1/1Q2p1pp/3rP3/3P4/7P/3q1PP1/5RK1 w - - 0 32	b6e6 g8h7 e6d5	1188	0g0p0s1o
UlMWX	7k/5p1p/2pbpP2/2pp2Q1/5q2/1P5P/P5R1/7K b - - 0 27	f4f1 g2g1 f1h3	1188	0p13151o
V6L8J	R7/8/8/8/4K1k1/p4r2/8/8 w - - 0 64	a8g8 g4h4 e4f3	1188	0g0i0p111m1o
VPMmN	2r1k2r/1b3pp1/p3pnn1/1p5p/3qP3/1P1B2NP/P1P1Q1P1/1K1R1R2 w k - 0 22	d3b5 a6b5 d1d4	1188	0g0j191o
VXeaJ	1r1r4/3bqpk1/4p1p1/6Pp/pnpRP2P/5B2/NQ6/1K1R4 w - - 0 35	d4d7 c4c3 b2c3	1188	0g0j0k191o
WbBWP	4q3/8/8/3K4/8/2k5/1N4Q1/8 b - - 30 78	e8a8 d5c5 a8g2	1188	0g0p1o1p
WprjJ	4Nrk1/pp4p1/5nqp/3p4/3np3/P2P3P/1PPQ1PP1/R1B2RK1 b - - 0 20	d4f3 g1h1 f3d2	1188	01191g1o
WsftQ	6k1/6p1/3p1p1p/4pP1P/1pP1Pb2/1P1Q3B/3R1qP1/7K b - - 0 38	f2e1 d3f1 e1f1	1188	0p13151o
XEhpQ	r5k1/pp5p/3p2pQ/2p4n/6nq/2NP4/PP2N1B1/5RK1 w - - 0 22	g2d5 g8h8 f1f8 a8f8 h6f8	1188	0y10131619
Xeuy1	1q2k1r1/1p1bbp1p/rQ1pp3/pN4Pp/4PP2/2P2N1P/2P5/1K1R3R w - - 1 20	b5c7 e8f8 c7a6	1188	0g0s191o
Xp3or	r4rk1/pp1n1ppp/3bb1q1/2p3B1/8/2PP1N2/P2QBPPP/R4RK1 w - - 5 14	f3h4 g6g5 d2g5	1188	0g191o1t
YEb9l	4r1k1/p1q2p1p/2P3p1/5p2/8/1QR1r1PP/P5PK/2R5 b - - 6 36	c7g3 h2g1 e3e1 c1e1 e8e1	1188	0p0x101316
YU4LR	r7/p1pk1p1p/3n2p1/3P2Q1/8/4PK2/1r3PPP/7R b - - 0 25	b2f2 f3f2 d6e4 f2f3 e4g5	1188	050g0p0s101n
Yq9FA	6r1/2r2p1k/p4K1p/1p6/P1p5/8/5P2/2R4R w - - 2 40	h1h6 h7h6 c1h1	1188	050p13151m1n1o
ZZBym	1b2Rrk1/p2P1ppp/8/5K2/2r5/7P/P7/8 w - - 0 41	e8f8 g8f8 d7d8q	1188	00050p13151h1o
aiNYw	4r2k/3b1pp1/7p/5N2/3Q4/7P/1P1q1PP1/1R4K1 b - - 12 37	e8e1 b1e1 d2e1 g1h2 d7f5	1188	010p1011
aturb	1r2r1k1/2q5/p2ppBpQ/2pPn2p/b6P/5P2/6P1/3RR1K1 w - - 0 32	h6h8 g8f7 h8g7	1188	0y1315191o
bD9d4	8/3k4/P7/4Bp2/2p2Pr1/7K/8/8 w - - 0 47	a6a7 g4g8 e5b8	1188	000g0h0p1o
bI8fi	8/r2qkp1R/4p3/3pb3/8/1R2P1P1/5P2/1Q3K2 b - - 0 27	a7a1 b1a1 e5a1	1188	010p1g1o
bulHU	8/ppr4k/3R3P/6PK/4p3/8/P7/1b6 w - - 0 47	g5g6 h7h8 d6d8	1188	0p13151o
c8kBC	4r2r/4Rp1k/p3bPp1/8/4Q3/5PPp/PP3q1P/6RK w - - 5 36	e4h4 h7g8 e7e8	1188	0v1315191o
cQXCm	1n6/1k3p2/p1p3p1/3pPb1p/1r3P2/1PRBK1P1/7P/R7 b - - 12 44	d5d4 e3d2 d4c3	1188	0g0p0s1o
cwogj	3r2k1/p2q2pp/1b3p2/4pP1N/1Pr1b1Q1/P3p2P/1B4P1/R4RK1 w - - 2 24	h5f6 g8h8 f6d7	1188	0g0y191g1o
doWls	6Q1/8/2k5/p2R4/4p3/K1P1R3/Pr3r2/8 b - - 0 41	b2a2 a3b3 f2b2 b3c4 a2a4	1188	0p0r1013161j
eJb78	rn4k1/p3R3/3p4/1bpP2b1/7N/8/PPB2PPP/6K1 w - - 1 27	c2h7 g8h8 h4g6	1188	1315191o
eY2sE	4bq1k/4N2p/p7/3p1Qp1/3P4/3BPP1K/Pr4P1/5R2 b - - 0 27	f8h6 h3g3 h6h4	1188	1315191o
emAWQ	r1bqk2r/pp3ppp/4pnn1/3p4/1bPN4/2N3B1/PP3PPP/R2QKB1R w KQkq - 6 10	d1a4 c8d7 a4b4	1188	010s1c1o
fOffL	6rk/1p3R2/2p1Q1q1/b3P3/8/8/P1P3PP/7K w - - 3 35	e6h3 g6h7 f7h7	1188	0p13151o
fR9L8	rn1q1rk1/5p2/4p1pP/4Q1N1/3P1n1P/1B6/1P3P2/1NK4R b - - 1 24	f4d3 c1c2 d3e5	1188	0g0s191o
gZQ4d	5rk1/p1p2pq1/1p2p1B1/7p/2r5/8/P1N1K1Q1/6R1 w - - 0 29	g6h7 g8h7 g2g7	1188	050j1315191g1o
guQLP	8/8/7p/p1p5/P1Pb3R/r4k2/2B5/2K5 w - - 16 45	h4h3 f3f2 h3a3	1188	0g0p1o1p
hC6Iz	6r1/pp2k1b1/2p2rR1/4p1P1/6p1/8/PPP4P/2K4R w - - 0 24	g5f6 g7f6 g6g8	1188	0g0p0s1o
hv0N9	2r5/1p4pp/r3pp2/1k6/1b1P4/1P4P1/PK2N2P/RR6 b - - 6 27	b4a3	1188	0p1113141b
iy0VB	5r2/1pp1b1kn/p1npP1pp/8/1PQP4/P1N4P/6PK/R1B2q2 w - - 0 23	c1h6 g7h6 a1f1	1188	0g0j191o
jSfQr	6k1/5ppp/4p2P/2Pp4/1Pb2P2/6P1/4q1B1/QK5R b - - 0 32	c4d3 b1c1 e2c2	1188	0p13151o
jbSmE	r4rk1/1p3ppp/p1p3b1/3Bq3/5B2/P1PP1QNP/1P3KP1/R7 b - - 1 19	e5d5 f3d5 c6d5	1188	01191o
kpKYd	8/8/7K/1k4p1/1P3p2/P4P2/7P/8 b - - 0 50	g5g4 f3g4 f4f3 g4g5 f3f2	1188	000g0p101e
l2Ny7	4r3/pp3k1p/3p2p1/3P1b2/3PqP2/1B6/PP1B1KP1/R4Q2 b - - 0 27	e4d4 f2g3 d4d2	1188	0g0s191o
l97zx	1k1r1r2/1p2b1p1/pP1p3p/3Pp3/3nP2P/1q1P4/R2B1P2/2Q1K1NR w K - 11 25	c1c7 b8a8 a2a6 b7a6 c7a7	1188	0s101316191n
lJ2Ni	r2q1nk1/pp4b1/3pR1Qp/3P2p1/5r2/5N1P/PPP2PP1/4R1K1 w - - 4 23	e6e8 d8e8 e1e8 a8e8 g6e8	1188	011011191g
lKiIF	3r2k1/1p3ppp/p7/3p4/P2Q1P2/2P5/2P3q1/2K2R2 w - - 6 28	f1g1 g2g1 d4g1	1188	010p1o
laOv9	2k1r3/ppp3pp/5p2/2P5/1P6/P2Q3P/4q1P1/3R2K1 w - - 0 27	d3d7 c8b8 d7d8 e8d8 d1d8	1188	060p1013161n
lx5IB	r3k1nr/ppp2pp1/2np4/2b3qp/2BpP3/2P2Q1P/PP3PP1/RN3RK1 w kq - 0 10	f3f7 e8d8 f7f8 d8d7 f8a8	1188	0104101c1p
mN6nN	3rk3/1p3R1p/2N5/p7/2P5/P1Q1P2q/1P3P2/3BK3 b - - 0 25	h3h1 e1e2 h1d1	1188	0p0s13151o
mZZQ7	3r4/p4ppk/4p2p/3r1q2/7R/2p5/PP1Q2P1/2K4R w - - 0 27	h4h6 g7h6 d2h6 h7g8 h6h8	1188	0p1013161n
mdy0e	8/Rpr1k1pp/5p2/5b2/1PpN4/4P3/1r2P1PP/3K1B1R b - - 1 24	b2b1 d1d2 c4c3	1188	1315191o
n6sgX	2R5/1p3ppk/4P2p/p7/Pb6/1q2r2P/5QPK/8 w - - 0 35	f2f5 g7g6 f5f7	1188	0p13151o
nKAyB	4Nrk1/pp4p1/2p1p2p/3nP1qP/3P4/P5P1/1P2QPK1/2R2R2 b - - 0 32	d5f4 g2h2 f4e2	1188	0g191g1o
nkMRK	3R4/7k/5pp1/2P1p2p/3Q4/5qP1/r4P1P/6K1 w - - 0 29	d4d7 h7h6 d8h8 h6g5 h2h4	1188	0p101316
nyc7D	6r1/2p1k2p/3p4/1Qb1p3/4P3/P2P4/1PPB1Pr1/R3RK2 b - - 1 28	g2f2	1188	1314191b1d
o190n	2r2rk1/p2q1ppp/4p3/2Q2n2/5P2/P1N2N2/1P3PPP/R2R2K1 b - - 2 20	d7d1 a1d1 c8c5	1188	01191o
p6YXt	8/6b1/6pk/3Q2qp/3P1N2/4PRnP/PPr5/R1B3K1 b - - 4 36	g3e2 g1f1 g5g1	1188	0k0m1315191o
p9Kca	2Q5/1p2bkp1/p6p/2p5/P1Pp2P1/1P1N4/6KP/3q4 w - - 4 46	d3e5 f7f6 c8f5	1188	0p13151o1s
q3BqU	3r1rk1/pbq1b1pp/4p3/2p1P3/2n2PQ1/P1N1B3/1PP3PP/1R3RK1 w - - 2 22	g4e6 g8h8 e6c4	1188	010s191o
qWEU5	r3r3/pp3kpp/2p5/q3R3/8/6Q1/PP3PPP/4R1K1 b - - 0 22	a5e1 e5e1 e8e1	1188	060p13151o1y
qYerE	3Q1Bk1/5p1p/p5pq/1p6/2pP4/PnP4P/1P3PP1/1B2K3 b - - 0 30	h6d2 e1f1 d2d1	1188	0p13151o
qfirr	r5rk/p1pbq1pp/3b4/4Np2/1P2p3/1PQ5/1BP2PPP/R4RK1 w - - 4 19	e5g6 h7g6 c3h3 e7h4 h3h4	1188	0y101316191n
sQFJe	6k1/pp4pp/8/1q2Nn1b/3Pp3/1PP5/PB1Q1KPP/8 b - - 1 29	e4e3 d2e3 f5e3	1188	0g0p0s1o
t0cbH	2kr3r/pp1b1ppp/1q2P3/5Q2/5P2/1Pp1b3/P1P3PP/1K1RR3 w - - 0 20	e6d7 c8b8 f5e5	1188	000g191k1o
tka1j	4r3/5kb1/1p2p1p1/pPq2p2/P1Pp1P2/6P1/2Q4P/2RR2K1 b - - 0 31	d4d3 c2f2 g7d4	1188	0d0g0j0k0p1g1o
u24fp	5k2/5p2/4p1n1/p7/P1R1P3/5KR1/8/1r6 b - - 10 45	g6e5 f3e3 e5c4	1188	0g0p0s1o
uV15p	3r1rk1/p5qp/1pp2ppQ/8/n3PN2/3P1R1P/P5P1/5RK1 w - - 1 25	h6g7 g8g7 f4e6	1188	050g0y11191o
uh0b7	6k1/pr1R2p1/7p/3pPp2/3PbP2/qP4Q1/P2N2PP/2R3K1 b - - 0 25	a3c1 d2f1 b7d7	1188	0g0s0t0w191o
vPBvJ	1rbk4/pp6/2p4p/2P3p1/1PB2pN1/5r2/P2K3P/3R4 w - - 0 24	d2e2 f3d3 d1d3	1188	010j0k0p1o
vUrs7	2r3k1/5pp1/Q6p/4pq2/1p6/1P5P/P1rR1PP1/3R2K1 b - - 1 29	c2d2 d1d2 c8c1	1188	0d0g0p1o
vsPnf	8/5p2/B1R3p1/6b1/2Nkp3/P2p1q2/KP6/8 w - - 4 40	c6d6 d4c5 b2b4	1188	0p13151o
wdtor	6k1/1p4b1/3p4/1P1Pp3/P2qPpP1/1B3PBn/2Q3K1/3N4 b - - 0 41	d4g1 g2h3 g1g3	1188	111315191o
xVBuo	r1b2rk1/pp3pbp/2n3p1/8/1q6/1B2B3/P1P2PPP/1R1QR1K1 w - - 2 17	b3f7 f8f7 b1b4	1188	010j1c1o
xoirF	2r5/6p1/2n1k2p/4p3/4B3/3PK1PP/8/5R2 w - - 0 45	e4f5 e6d5 f5c8	1188	0g0p1o1p
xy5dU	8/p7/2B2N2/r7/3k3K/7P/8/8 b - - 0 52	a5a6 c6d7 a6f6	1188	0g0p1o
y7aWl	6k1/4b2p/1p2N1p1/p2pP3/3P3r/PN3P1P/1P3qPK/5QR1 b - - 2 30	h4h3 h2h3 f2h4	1188	051315191g1n1o
y8ypd	2r2rk1/5ppp/n1R1p3/p7/PbB5/3RB3/5PPP/6K1 w - - 6 25	c6c8 f8c8 c4a6	1188	01191o
yB8ki	5n2/p2k1q2/1p3r2/1PpPR2Q/P3P1P1/3P1PK1/3B4/8 b - - 2 39	f6f3 g3h2 f3f2	1188	0g0p1o
z3XRV	1r5r/p2k2q1/4p3/4P2p/p1pPQ3/2P3P1/5P1P/1R4K1 w - - 4 32	b1b7 b8b7 e4b7 d7d8 b7g7	1188	0e0g0p101p
zNHpH	4r1k1/p4ppp/1p6/n3N3/3P2P1/P1n1B2P/1Rr2P2/K4R2 b - - 2 26	a5b3 b2b3 c2a2	1188	031315191n1o
zW0k8	r3k2r/1p2bpp1/4p3/pb1pN3/1P6/P1P1B1N1/4RPPq/R2Q1K2 b kq - 3 21	h2h1 g3h1 h8h1	1188	1315191g1n1o
zmv1J	1r1r2k1/3R1p1p/1pB1p1p1/p1p5/7P/2q5/6P1/5Q1K w - - 1 27	f1f7 g8h8 f7h7	1188	0p13151o
zutEF	1r5q/p5k1/3Q1p2/2p5/2PbP1p1/1P1B2P1/P5PP/5R1K b - - 0 29	h8h2 h1h2 b8h8	1188	050p13151f1n1o
082WX	6k1/1b3p2/p3p1pp/3qP3/3r1P2/1R4PP/4BP2/Q5K1 w - - 1 30	b3b7 d5b7 a1d4	1189	0g0i0p1o
0Kk46	3rrb1k/pp3Qp1/4qp1p/2p5/P6N/2PP2P1/1P3R1P/3R2K1 w - - 4 28	h4g6 h8h7 g6f8 e8f8 f7e6	1189	0g0s101119
0znu8	r1bqnrk1/pp1n1pbp/3p2pB/3Pp3/4P3/2N2P2/PP1QN1PP/R3KB1R b KQ - 4 11	d8h4 g2g3 h4h6 d2h6 g7h6	1189	0g101c
1eMTQ	3r3k/pp1q1p1p/5p2/5b2/7P/5P2/PPB2P2/1K1Q2R1 b - - 3 23	d7d1 g1d1 d8d1	1189	0p13151g1k1o
1rN1f	2r5/4k2p/4p3/p7/3Rp1P1/2b5/P1R2P1P/1K6 b - - 0 31	c8b8 b1c1 c3d4	1189	0g0p0w111o
3Ii03	1r1n1rk1/1p2bp1p/p1pq2pP/3p2P1/5p2/1BPP2Q1/PP6/R1B2RK1 w - - 0 23	c1f4 d6d7 f4b8	1189	01191o1p
3rkgI	3rr2k/1ppq3p/p5p1/3P1p2/1PP2b2/P4B2/6PP/1R1QR2K w - - 2 27	d1d4 f4e5 e1e5	1189	0g0s191o
3s462	1rb2r1k/6p1/p1pP3p/4Bq2/7P/P3Q1P1/4Bn1K/R4R2 b - - 0 32	f5h3 h2g1 h3h1	1189	1315191o
4U8fX	2rkq3/p1pn1pBp/8/8/1bPQ4/5P2/PP3PPP/n1K2B1R b - - 9 20	e8e1 d4d1 b4d2 c1b1 e1d1	1189	0i101316191k
4UWtV	4r1k1/pp3ppp/2b5/5Q2/2P5/BP4qP/P4RP1/6K1 b - - 8 27	e8e1 f2f1 g3g2	1189	0i0p13151o
51DGN	2k2b1r/ppp1pppp/2n3r1/8/3Pq1P1/2P2N2/PP2BP2/R1BQR1K1 b - - 0 13	e4g4 g1f1 g4g2	1189	0y1315191o
5Nlyb	r4r2/1p4k1/p2p1qPR/3Q4/5P2/8/PPP5/2K5 w - - 3 31	h6h7 g7g6 d5h5	1189	0p13151o1u
6IANl	2kr3r/1q1n2Q1/1p3pP1/7p/1n3B1P/5N2/PP2PP2/1K1R2R1 b - - 2 25	b7e4 d1d3 b4d3	1189	0g0s191o
8PZ9m	7k/ppR5/3B2pp/1P1B4/2P5/3P3K/P2q1r2/8 w - - 4 38	d6e5 f2f6 e5f6	1189	0p13151o
8zhy6	7r/p1kq3b/1p2p2p/5p2/6r1/B1NP4/PPP1QPP1/R5K1 w - - 0 23	e2e5 c7b7 e5h8	1189	0g0s191o
9SXyP	6r1/2q1kp1p/Bp2pn1r/2P5/3p1P2/6N1/PP4PP/R3QnK1 w - - 0 28	g3f5 e7f8 f5h6 f1e3 h6g8	1189	0110191g
AHvxB	r4rk1/2p2p2/3p3p/3P2P1/1p2Pp2/qN2nQ2/P1P5/1K2RB1R b - - 2 29	a3a2 b1c1 a2c2	1189	1315191k1o
AznG1	r2r2k1/pp3pbp/2q3p1/4pb2/8/2P1BP2/PP1Q2PP/K2R1B1R w - - 0 16	d2d8 a8d8 d1d8 g7f8 e3h6	1189	0g0y10191g
BScvM	8/r6k/3p2Rp/2nBb3/1pP1pr2/7P/2N4K/6R1 w - - 4 40	d5g8 h7h8 g6h6 a7h7 h6h7	1189	0i101316191d
Btz6x	8/pp2Q1pk/7p/5r2/1P3q2/P7/1B3bPP/5R1K b - - 7 34	f4h2 h1h2 f5h5 e7h4 h5h4	1189	050p1013161f1n
BuHGj	8/4Q3/1p6/k1q2p2/8/1KP5/8/8 w - - 3 51	e7a7 a5b5 a7a4	1189	0p13151i1o
Byh6E	6k1/r1pR2pp/p1p5/4r3/2P1b3/5P2/1RP3PP/6K1 w - - 0 23	b2b8 e5e8 b8e8	1189	0p13151o
C0DLy	2krr3/ppp1n2p/5Bp1/3p1qQ1/7P/1P2P3/P1PP4/3K1B1R w - - 3 20	f1h3 f5h3 h1h3	1189	0g191g1o
ChHVl	5rk1/1N3pp1/p3pn1p/1p6/3N3q/P2Q3P/1P3PK1/1BR5 b - - 0 25	h4g5 d3g3 g5c1	1189	010s191o
DNEId	r2q1rk1/5pp1/p1p1bn1p/4b2N/3P4/3Q3P/PBB2PP1/R5K1 w - - 0 23	h5f6 d8f6 d3h7	1189	0y1315191o
DXBYw	r2q1r2/p4p1p/2p2Pp1/2p3nk/2P5/1PN4P/P5P1/R3Q1K1 w - - 2 23	g2g4 h5h6 e1h4	1189	1315191o
FQqH1	R7/1rk5/K7/8/7p/5PpB/5b2/8 w - - 0 51	a8c8 c7d6 a6b7	1189	010i0p1o
FmDAR	3r3r/pkp2pp1/1pn1p2p/P3P3/2P5/5Q2/3q1PPP/R3R1K1 w - - 0 21	a5a6 b7c8 f3c6	1189	0g0i191o
GeT4y	r4rk1/1p3ppp/4p1n1/2b1Pb2/q2p4/1B2BN2/PP1Q1PPP/R2R2K1 b - - 2 18	d4e3 b3a4 e3d2	1189	000g11191o
HA4Li	r1b4k/pp4p1/1np5/3n1PP1/8/2P2R2/PP6/4R2K w - - 1 28	e1e8 h8h7 f3h3	1189	0p13151o
HhDB3	r3k2r/ppp1bpp1/3p1q1p/1P6/2BQP1b1/P4N2/2P2PPP/R3K2R b KQkq - 0 13	g4f3 d4f6 e7f6	1189	0g191o
HpX9t	8/6p1/P5k1/7r/K6R/7p/8/8 w - - 4 66	h4h5 g6h5 a6a7	1189	000g0p1m1o
HvOpS	r1b5/pp4pk/4P1np/2N2Q2/3p3P/4bpP1/PPP2Pq1/3RKR2 b - - 0 26	e3f2 f1f2 g2g1 e1d2 g1f2	1189	04050g0i10191n
I728R	4bk2/R7/5P2/4N3/p7/1p6/2n5/6K1 b - - 1 53	b3b2 a7b7 a4a3	1189	000g0p1o
IBooe	8/7p/Q4pk1/3p2q1/3P4/7P/2r3P1/5R1K w - - 1 35	a6d3 g6g7 d3c2	1189	0g0p0s111o
ICzzO	4k3/4b2R/p3p1p1/3pP1P1/1q3P1p/r2P3P/5Q2/5RK1 b - - 2 30	e7c5 f2c5 b4c5	1189	0g0p1g1o
IqUaA	Q1b1kb1r/1pp2ppp/4q3/1pP5/5n2/5N2/PP4PP/R4K1R w k - 0 17	a1e1 e8d8 e1e6	1189	0g191g1o
Ir2cY	1k6/p1p3Q1/1p6/2b5/P7/6P1/1Pq2B1P/R5K1 b - - 0 27	c2f2 g1h1 f2f3	1189	0p13151o
KUBLb	2r2k2/2q1p1bQ/3p2pB/p2P4/1p4P1/5r2/PPP5/1K1R3R b - - 2 24	c7c2 b1a1 c2b2	1189	1315191k1o
L4Dz4	3q1r2/1br2p1k/p2p3p/1pn1p2P/4n3/2P1QN1B/PP3P1K/RN4R1 w - - 2 23	h3f5 h7h8 e3h6	1189	0i1315191o
Lfuhj	4rk2/ppp2pp1/3b4/3p1q2/3Pn3/2PQBB1P/PP3PP1/4RK2 b - - 9 28	e4g3 f2g3 f5d3	1189	0g0j191o
MpoCp	3r1bk1/1b6/p2p1Qp1/3P2P1/2P2P2/P6q/1B3K2/8 w - - 0 37	f6g6 f8g7 g6g7	1189	0p13151o
Mx9Xd	5r1r/3R4/1kp4p/1pqn2p1/p2Q4/2P4P/P4PP1/4R1K1 w - - 4 30	d7b7 b6b7 d4c5	1189	010i191o
NfxxM	5r1k/pp4pp/2p5/2P1b3/1P2R3/6P1/P3Q1BP/2q3K1 w - - 2 29	g2f1 e5c3 e4e8	1189	010h0p1o
NoHVm	7r/6k1/R3p1p1/7q/5P2/4B1P1/5PQ1/6K1 b - - 2 35	h5d1 g2f1 h8h1 g1h1 d1f1 h1h2 f1a6	1189	050d0g0i0p0s1w
O3UrR	4r1k1/ppr1P1pp/2p1R1b1/3q4/5Q2/7P/P5P1/3q1R1K w - - 0 40	f4f8 e8f8 e7f8q	1189	001315191h1o
OBLHN	rn3rk1/ppp1pp1p/6p1/5b2/1q2N3/1PNB4/P4PPP/RQ2K2R b KQ - 3 13	f5e4 d3e4 b4c3	1189	010b1c1g1o
P7B7P	8/8/1k6/2Rb4/1BpP2p1/6P1/1r6/5K2 w - - 4 45	b4a5 b6a6 c5d5	1189	0g0p1o
PRWBd	r4rk1/1pb2ppp/p1p5/2P4q/1P1Pp1n1/4P1P1/P2BB1bP/R2QR1K1 w - - 0 23	e2g4 h5g5 g1g2	1189	010w191o
Pn7o2	2r4r/p2pkppp/1p4q1/4p3/4QR1P/1B4P1/P1P5/6KR b - - 0 22	g6g3 g1f1 g3f4 e4f4 e5f4	1189	0g0r0y1019
QiNdB	8/5pp1/p1p1q1p1/6k1/P3p3/6P1/6KP/5Q2 w - - 2 43	f1f4 g5h5 f4h4	1189	0p13151i1o
QruTe	1k2r3/2p1b3/pq3p1R/1p2p1p1/3pP1Q1/PN1P1P2/1PP5/2K5 w - - 4 29	g4d7 e8f8 d7e7	1189	0g0p1o
R5Hai	5r2/5P1p/5K1k/p1b5/P3B1Pp/8/1p6/8 w - - 0 46	g4g5 h6h5 e4f3	1189	0p13151o
Riv0X	r3bNk1/4b1p1/p2qpr1p/n2pN3/3P4/P3P3/2Q3PP/R4RK1 w - - 2 24	c2h7 g8f8 h7h8	1189	0y1315191n1o
Th3V2	2r4r/4kp2/p2p2qp/3Qp1p1/3b4/3p2B1/PP3PPP/2R2RK1 w - - 2 23	d5b7 e7f6 c1c8 h8c8 b7c8	1189	011019
TjF5e	7r/3Q4/p4p1k/8/6RP/P7/5PK1/1rq5 w - - 4 33	d7g7 h6h5 g7g6	1189	0p0s13151o1u
TlNsg	4q1k1/1p3p2/p2B2pQ/3P3p/2P2P2/1P1r3P/6PK/8 w - - 3 42	d6e5 e8e5 f4e5	1189	0g0p1l1o
UeHEA	5k2/5pp1/7p/1B6/1bp1r1P1/7P/8/3R3K w - - 1 39	d1d8 f8e7 d8e8 e7f6 e8e4	1189	010p101p
WPdC2	5k2/6b1/3qB1p1/2pPp3/1p2Q3/pP1P4/P1P5/1KB3r1 w - - 4 32	e4f3 f8e8 f3f7 e8d8 f7g7	1189	0g0p0r0s10
Wcr3U	8/8/7p/R4pkr/5b2/8/4KP2/1B6 w - - 8 56	a5f5 g5g4 f2f3 g4g3 f5h5	1189	0g0i0p10
X1bvY	8/rp3k2/3p4/3N1ppp/3P2n1/1R2P1K1/6PN/8 b - - 1 34	h5h4 g3f3 g4h2	1189	0g0i0p1o
XEaxn	8/6p1/3kpp1p/2r5/p1pK1P2/P1P4P/1P2R1P1/8 w - - 1 41	e2e6 d6e6 d4c5	1189	0g0i0p1m1o
XydZm	3r1r1k/pp2q1pp/8/4n2R/2B1ppQ1/2P5/P4PPP/4R1K1 w - - 2 27	h5h7 h8h7 g4h5	1189	050y1315191n1o
YL8Li	7r/p5kP/6P1/1p1r1pRR/4pP2/8/PP6/2K5 b - - 1 35	h8c8 c1b1 d5d1	1189	0p13151m1o
ZO1mK	r4r1k/pp4p1/2pbR2p/7Q/2B5/P1qP4/2P2PpP/4R1K1 w - - 0 22	e6h6 g7h6 h5h6	1189	0y1315191n1o
Zg7Bk	8/Q7/3k2p1/5b2/5q2/5N2/6P1/6K1 w - - 0 52	a7b8 d6c6 b8f4	1189	0g0p1o1p
a5wT9	3r4/p4ppk/1p5p/8/1P6/P3q2P/2rR2P1/1Q5K w - - 0 33	b1c2 g7g6 d2d8	1189	0g0p0t0w1o
aGh8J	r4r2/1pp2p1k/p2p1Q1p/4p3/P1B1P3/3Pq3/1PP1nRNK/R7 b - - 4 20	e3g3 h2h1 g3h3	1189	1315191o
akqVD	7r/4bpkp/3p1qp1/2pP4/6Q1/6N1/r4PPP/1R2R1K1 w - - 0 26	g3h5 g7h6 h5f6	1189	0g191g1o
cGXJS	3r2k1/1p3ppp/1n4R1/p2p3q/3QNn2/1P3P2/PB5P/2R4K b - - 0 27	h5f3 g6g2 f3g2	1189	0y1315191o
cl8rP	6r1/7p/p1p3b1/4rp2/2k2N2/5K2/6RP/1R6 w - - 0 37	g2c2 c4d4 b1d1	1189	0p13151o
drtjp	1R3r2/6k1/1P6/p3p3/3p4/2bP1PK1/2P5/8 w - - 1 53	b8f8 g7f8 b6b7	1189	000g0p1o
fBXdP	N1b2k1r/pp2pp2/6pp/1B2B3/3n4/2b2P2/P4P1P/3R1K1R b - - 5 18	c8h3 f1g1 d4f3	1189	1315191o
fGlfn	1b6/4RQpk/1p3n1p/p5p1/P1PN4/1P4PK/3q4/8 b - - 3 35	g5g4 h3h4 d2h2	1189	0p13151o
fLTbX	r4rk1/pp3ppp/3b4/3Nn3/5Qbq/1B6/PPP1NPP1/R1B2RK1 b - - 1 15	e5f3 g2f3 d6f4 e2f4 g4f3	1189	0b0g0j0y1019
glJ1b	r6k/4PQ1p/p5p1/8/2p1qPP1/8/1p4PK/8 w - - 0 40	f7f8 a8f8 e7f8q	1189	000p13151h1o
gzzkl	5rk1/pp3Npp/1q2p3/3nP3/8/8/PP2Q1PP/5R1K w - - 1 20	f7h6 g7h6 e2g4 g8h8 f1f8	1189	0i0p1013161n
hdLWq	rnb2rk1/1p3pp1/5n1p/p1N5/8/q2P1Q1P/B4PP1/R1R3K1 w - - 0 20	a2f7 f8f7 a1a3	1189	010j191o
htF7h	4r1r1/1p5p/p1bk4/N2p1P2/4p3/2P4P/PP3KB1/3R1R2 b - - 0 28	e4e3 f2e2 g8g2	1189	010i191o
i5cYv	r2qk2r/1pp1npp1/p4b1p/4p3/P1Q2P2/3N3P/1P4P1/R1B2RK1 w kq - 0 19	f4e5 d8d5 c4d5 e7d5 e5f6	1189	011019
id8AJ	3rq1rk/p1p1b1p1/4ppQB/1p2P2P/2pP4/P5R1/1P3PP1/2R2K2 w - - 1 23	h6g7 g8g7 g6g7	1189	0y1315191o
jTVvp	5r2/p1p4k/1p1b2R1/6K1/2P5/2n3P1/6r1/4R3 w - - 8 37	e1h1 g2h2 h1h2	1189	0p13151o
jWR6P	5r2/2p2p1k/4qPpp/p1p5/5R1Q/2P3RP/Pr4P1/6K1 w - - 1 32	h4h6 h7h6 f4h4	1189	050p13151n1o
jevK2	8/2p5/1b4R1/p7/P7/1P1B1p2/2P2r2/2K1k3 w - - 4 45	g6g1 f2f1 g1f1	1189	0p13151d1o
l7rGc	3r3k/ppp4p/2n3q1/4p3/8/P3PQ1P/1P3PP1/3R2K1 w - - 2 25	d1d8 c6d8 f3f8 g6g8 f8f6 g8g7 f6d8	1189	0g0i0p0s1w
llvya	2b1r1k1/3p1ppp/p1p2q2/2p5/1n6/2N3PP/3PPPB1/R2QK1NR b KQ - 1 15	b4d3 e1f1 f6f2	1189	1315191g1o
mG0Xs	3R4/p4p2/4p1kp/2b3pN/1pr3P1/4PP2/6P1/6K1 w - - 0 36	d8g8 g6h7 h5f6	1189	0f0p13151o
n44UW	8/8/8/1K5R/7p/5Nk1/P5p1/8 b - - 1 74	g3f3 h5h4 g2g1q	1189	000g0p0t1h1o
o32gu	6k1/6p1/R7/3nN1P1/3P1P2/2p1n3/5K2/2r5 w - - 0 42	a6a8 g8h7 g5g6 h7h6 a8h8	1189	0p101316
o56VS	4b1k1/p1q1r1p1/1p1b1B1p/2pP4/5PQ1/1P4P1/P6P/4R1K1 w - - 3 26	e1e7 c7e7 f6e7	1189	0g191g1o
oYyPG	6k1/5p1p/1b1R1qp1/rP6/PQ6/6P1/5P1P/3R2K1 b - - 1 32	f6f2 g1h1 f2f3	1189	0p13151o
p0duW	8/6R1/3k2P1/3p4/2p2K2/7r/8/8 w - - 0 61	g7h7 h3d3 g6g7	1189	000g0p1m1o
p6SdD	r2qr1k1/1p3pp1/3p3p/p1pPpPb1/P2nB1P1/3PB2P/1PPQ4/R4RK1 b - - 0 17	g5e3 d2e3 d4c2	1189	01191o
pDNl4	1r2r1k1/p4p1p/1p4p1/1n1q4/3N4/1P1QP1P1/5P1P/R4RK1 w - - 3 25	d3b5 d5b5 d4b5	1189	01191o
pV5Nu	2nk1b1r/Qp1q1pp1/1P2p2p/3pP3/3P4/4BN2/4BPPP/2R3K1 b - - 0 24	c8a7 b6a7 d7a4	1189	01191o
pYBOD	1kbr4/ppq2p2/2n2p1p/2Np2r1/3P4/P1P5/1Q2BPPP/R1R3K1 w - - 11 21	c5a6 b8a8 a6c7	1189	0g191g1k1o
qI0xF	4R3/6pk/P6p/5p2/5n2/1q3PP1/3Q3P/3R3K b - - 0 42	b3f3 h1g1 f4h3	1189	0p13151o
qLoys	1r4k1/1p1bq2p/6p1/P1PQb2r/5P1P/P1B1P1P1/8/1R3RK1 b - - 0 31	d7e6 d5e4 e5c3	1189	010h191o
qZUcW	r1bqkb1r/pp3ppp/2n1p3/1B6/3PP3/5N2/P4PPP/R1BQK2R b KQkq - 3 9	d8a5 e1f1 a5b5	1189	010s1c1o
qeO6f	4r1k1/1p5p/5Bp1/1P4Q1/5RK1/6P1/5PqP/8 b - - 7 40	h7h5 g5h5 g6h5	1189	0g0p1o
qp112	8/1KP3pp/rP1rk3/p3p3/R7/6PP/8/R7 b - - 4 39	d6b6 b7c8 a6a8	1189	0p13151m1o
qq7p4	r5k1/ppp3pp/2np4/3Np3/4P2q/3PbQ1b/PPP5/R4R1K w - - 0 16	f3f7 g8h8 f7f8 a8f8 f1f8	1189	06101316191n
quxUa	k6r/p7/5qp1/1p6/2p5/2P5/P3Q1PP/R5RK b - - 0 33	h8h2 h1h2 f6h4	1189	050p13151n1o
r3J9x	8/8/6p1/1p1p1k1p/1P5P/2P1K1P1/8/8 w - - 1 50	e3d4 f5g4 d4d5	1189	0g0p1e1o
sRYty	8/p7/4b2p/2p1k1pP/2p3N1/2P2KP1/PP6/8 b - - 0 43	e6g4 f3g4 e5e4	1189	0g0h0p111o
sfGK2	r5k1/p4ppp/6q1/1P1p2r1/3Np2R/2P1P1Pb/P3B2P/R2Q2K1 b - - 2 23	g5g3 g1f2 g3g2 f2e1 g2g1 e1d2 g1d1	1189	010y191p1w
tnJEL	4r1k1/1b2qpp1/p3p2p/1p2P3/3n1Pn1/P2Q1NPP/1P1N4/1Br2R1K w - - 0 23	d3h7 g8f8 h7h8	1189	0y1315191o
u1xqy	rnbq1rk1/pp4p1/2p2b1p/2Pp4/5B2/2NB4/PPQ2PPP/R3R1K1 b - - 3 15	f6c3 c2c3 f8f4	1189	010j191o
v82PY	5b1r/3Q2pp/8/4p3/5k2/2P2P1P/PP1p1RK1/4q3 w - - 8 53	d7g4 f4e3 g4e4	1189	0p13151o
vFB8q	1r3q1k/5Qp1/2p1R2p/p2p2N1/2b2P2/P7/r5PP/2R3K1 w - - 1 26	e6h6 g7h6 f7h7	1189	1315191n1o
vbmhL	8/8/1r3k2/pb4R1/8/4K2p/2B4P/8 w - - 1 44	g5g6 f6e5 g6b6	1189	0g0p1o1p
w1eHs	4Q3/ppp2r2/6Pk/7p/4P3/3P1r2/PPq5/6RK w - - 1 40	e8h8 f7h7 h8h7	1189	0p13151o
xJHTv	r3q1k1/3Q1pp1/p6p/1p3n2/4r3/2P2NB1/PPNR1KPP/8 b - - 6 24	e4e2 d2e2 e8d7	1189	010i191o
yVeaU	8/6p1/p1r1k1np/P2pp3/8/2P1RNPP/5P1K/8 w - - 4 38	f3d4 e6d6 d4c6	1189	010p111g1o
zZU5H	2rqk1rR/p3bp2/1p1ppn2/5n2/2PPN3/1P1N2Pp/P3Q2P/5RK1 w - - 8 27	e4f6 e7f6 h8g8	1189	0g11191o
zpoaH	8/p1q2k1p/2p2p2/P1p3p1/2P1r3/P1Q2NPb/4PK1P/4R3 w - - 2 28	f3g5 f6g5 c3f3 f7g7 f3e4	1189	0d0g0p0s1011121n
061aa	6k1/4Rr2/7p/7K/6P1/8/8/8 w - - 9 54	e7f7 g8f7 h5h6	1190	0g0p1m1o
0FGj0	5r1r/pp1nk1p1/4p1p1/2qQ4/2N3P1/1P5P/P4P2/3RR1K1 b - - 0 25	c5f2 g1h1 h8h3	1190	0y1315191o
0TcjV	8/8/8/4k1p1/R3r3/6KP/8/8 w - - 0 46	a4e4 e5e4 g3g4	1190	0g0p1m1o
0fAcT	r3kbnr/1p3ppp/3p2n1/1p6/3PP2q/5P2/PPP3KP/R1B2Q1R w kq - 0 15	f1b5 e8d8 c1g5 h4g5 b5g5	1190	010s1019
0lRBC	8/1p6/k1pN3R/p1b5/P1P1PK2/1P3B2/8/4r3 b - - 0 56	c5e3 f4f5 e3h6	1190	010p111o1p
0o9Q5	r6r/ppp1k3/2n1p1Q1/8/8/2P2q2/P4P1P/1K1R3R w - - 1 18	g6g7 f3f7 d1d7 e7d7 g7f7	1190	050g0i10191g
1QpJK	2k2r2/2p1R2Q/6p1/p7/1p1r1q1P/8/PPP3P1/1KR5 b - - 1 24	f4c1 b1c1 f8f1 e7e1 f1e1	1190	050p1013161n
2Th0y	8/1k6/p1p5/2P5/P6p/1P2p3/6PK/6r1 w - - 0 47	h2g1 b7c7 g1f1	1190	0g0h0p0t1o
2Yquv	7k/1pR3rp/p6q/8/3B4/4Pr2/PP3P1P/7K w - - 0 35	c7c8 f3f8 c8f8	1190	0p13151g1o
2fxpT	4k3/1p3r1p/p6Q/4b2B/2P5/6PP/3r4/RN4KR b - - 2 30	e5d4 h6e3 d4e3	1190	0s1315191a1o
35xkc	r2qr2k/p1p4p/1pQ2pp1/3P4/2P4P/2B1P3/PP3Kn1/6R1 w - - 0 23	c3f6 h8g8 f6d8	1190	0g0s191o
3MURv	r4rk1/ppp2p1p/2n3p1/2q3N1/3bR3/8/PP3PPP/RNB1Q1K1 b - - 2 15	d4f2 e1f2 c5c1 e4e1 c1g5	1190	010i0s1019
44qdB	r2r2k1/5pbp/p2p1np1/8/R1B1qBP1/7P/1P1Q1P2/1R4K1 w - - 0 27	c4f7 g8f7 a4e4	1190	0g0j0y191o
4AWYk	8/1p5k/p2Q2pp/5r2/1P3q2/P1P3RP/6PK/4r3 w - - 0 34	d6g6 h7h8 g6g7	1190	0p13151o
4fc30	8/p2k4/2p5/5ppp/2p2b2/1PPn1K1P/P3R1P1/3R4 b - - 0 37	g5g4 h3g4 h5g4	1190	0p13151o
4tmOM	3Q4/3b1r1k/2qPp1p1/8/n1p5/Pp6/2P2PP1/1BKR4 w - - 0 32	d1h1 h7g7 d8h8	1190	1315191o
6K4On	6k1/p5pp/1p6/2p1pb1P/8/1PK2P2/P2r3P/R6R b - - 1 26	d2c2	1190	0p13141b1d
6ouTI	2kr1b1r/1pp3pp/p4nq1/4p3/P2nNp2/3P1B1P/1PPB1PP1/R2Q1RK1 b - - 5 15	d4f3 d1f3 f6e4 d3e4 d8d2	1190	0b0g0y101c1g
6pKoH	1r3r1k/3p3p/b1p1p1R1/3P4/P7/4B3/1p3PPP/qQ4K1 w - - 1 30	e3d4 e6e5 d4e5 f8f6 e5f6	1190	0s101316191a
78JKP	Q4nk1/5ppp/1pp2B2/8/1P6/6P1/2q2r1P/R5K1 w - - 0 25	a8f8 g8f8 a1a8	1190	050p13151f1n1o
7DLOJ	2kr4/1p1q4/p1p4p/2P1b3/1PNp2p1/3P4/P3QPP1/6K1 w - - 0 34	c4b6 c8b8 b6d7	1190	0g0p0s1o
7GxuX	r4rk1/1p4b1/1q2p1p1/pb1pPpNB/1n1P1P1P/BP6/P5P1/R2QK2R b KQ - 0 21	b4d3 d1d3 b5d3	1190	0g191o
7kMpI	rnb1k2r/3pnpbp/6p1/3P4/2pBP3/1q4N1/1PQ1NPPP/1R2K2R w Kkq - 1 18	c2b3 c4b3 d4g7	1190	01191o
7yChC	2R5/r4rkp/3P2p1/4p3/4p3/1P2Q1qP/2P5/4RB1K b - - 7 37	f7f1 e1f1 g3e3	1190	0g0i11191o
82qG8	1R6/8/3k1K2/3P3p/2P1R3/6r1/3r4/8 b - - 0 50	d2f2 e4f4 f2f4	1190	0p13151m1o
8B0xS	rn3rk1/pp3ppp/3qb3/1PpN4/P7/2PQP1P1/4NP1P/b3KB1R w K - 1 15	d5f6 g7f6 d3d6	1190	010j191o
8hERZ	1r4k1/p3qppp/5pb1/8/2N5/1P3PQ1/P2r2PP/3R2K1 w - - 0 30	g3b8 e7f8 b8f8	1190	0g0t191o
9DZ3L	8/5kpp/2p2n2/1qPp4/3P1p2/4P3/R3QPPP/1r2NK2 b - - 11 33	b1e1 f1e1 b5b1 e2d1 b1a2	1190	050g0i0p101g1n
9EiPw	5rk1/6pp/p7/1p6/2p1B3/2Pn1RPP/Pr3P1K/4R3 w - - 1 30	e4d5 g8h8 f3f8	1190	060i0p13151o
A6y57	1rbqr1k1/p4p2/3Q2pb/5p1p/2P2N2/1P4P1/P4PBP/2RR2K1 b - - 0 24	e8e1 d1e1 d8d6	1190	0g0i11191o
AFCSP	4R3/4P1pk/7p/p1p1N3/3P1p2/P6P/6PK/4q3 w - - 0 39	e8h8 h7h8 e7e8q	1190	00050g0p1h1o
Bbmju	3r1rk1/8/p3p1qp/1p2n1p1/4B2B/2P3P1/PP2Q2R/K4R2 b - - 0 31	f8f1 e2f1 g6e4	1190	0g191o
Bg3W7	5rk1/5pp1/3p4/qP1Np1p1/B2n4/3Q4/1r3PPP/R5K1 w - - 0 24	d5e7 g8h8 d3h3	1190	1315191o
BuOi1	2r5/3RPk2/p4p1p/P7/4p3/2p3K1/6PP/8 w - - 1 48	d7d8 f7e7 d8c8	1190	0g0p1m1o
Bz2Nd	8/8/3pN3/3Pk3/7P/5Bp1/1r6/5K2 b - - 3 50	b2f2 f1g1 f2f3	1190	0g0p0s1o
C3XOj	r1b2rk1/1pqn2pp/p3p3/2bpPp2/8/P1NB1N1Q/1PP2PPP/R4RK1 w - - 2 15	f3g5 h7h6 g5e6	1190	01191o
CBLQC	4r1k1/ppBq1p1p/3Pn1p1/8/7P/2P4Q/5P2/1N3KR1 b - - 2 27	d7b5 f1g2 e6f4 g2h2 f4h3	1190	0g0s1019
Ccggp	5rk1/1b1Q2pp/4p3/1B2P3/8/1r5P/3K1p2/8 w - - 0 39	d7e6 g8h8 e6b3	1190	010p0s1o
D6zfp	3Qbk2/pp3q1p/5p2/4p3/4P2P/5r2/PPP5/2K3R1 w - - 7 30	d8d6 f7e7 g1g8 f8g8 d6e7	1190	010i0p0r10
ERKes	8/1p2pp1k/p2p4/5p1p/2rRnP1P/2P5/PP4P1/1K3R2 b - - 3 26	c4d4 c3d4 e4d2 b1c2 d2f1	1190	0g0p0s10
Efpcl	1n3rk1/4bpp1/4pB2/2q3N1/1pP5/1P1Q4/r4PPP/1R1R2K1 b - - 0 22	c5f2 g1h1 f2g2	1190	0s1315191o
EkgUF	2r1r1k1/pp2bpp1/1q1p1n1p/3Nn3/4P2B/1P6/1PP1B1PP/R2Q1R1K b - - 3 17	f6d5 h4f2 d5e3 f2e3 b6e3	1190	0g0s1019
F2qNL	N1r4k/p4pb1/7p/1p6/2nPPp1P/5q2/PPQ2B2/1K1R2R1 b - - 0 25	c4a3 b2a3 c8c2	1190	0g0j191k1o
FENSw	3r2k1/p4pbp/2p5/2q1Bp2/8/2P3Q1/P4PPP/4R1K1 b - - 4 28	c5e5 g3e5 g7e5	1190	0g0p1o
GjBTH	7k/ppp3rp/q7/2p2PQ1/4n3/1P2P1P1/P2R3P/6K1 w - - 0 30	d2d8 g7g8 g5g8	1190	0p13151o
H9onT	r3r3/1p3p1k/1p1p1Bnp/2p2P2/8/6P1/PPP3bP/R4RK1 w - - 0 26	f5g6 h7g6 g1g2	1190	0g0w191o
HBKSR	r2qk1nr/ppp4p/2nbpp2/3pNp2/3P1B2/2N1P3/PPP2PPP/R2QK2R w KQkq - 0 9	d1h5 e8f8 h5f7	1190	13151c1o
HmhFl	r3r1k1/5p1p/3pBPpQ/3Np1P1/1p1bP3/P2q4/1P5P/2R2R1K b - - 0 27	d3e4 f1f3 e4f3	1190	0y1315191o
IBFN8	3Q4/5p1k/2P4p/3P2p1/p3b2P/P5K1/4r1P1/8 b - - 0 41	e2g2 g3h3 g5g4	1190	0p13151o
IMGc3	8/p1p4p/n1B2R2/4k1B1/1PK1P3/3P2P1/PP2n3/RN2q3 b - - 0 28	e1b4	1190	1314191b
IyTyL	2r3k1/R7/2r1p2P/6bP/P2P2P1/2pK4/2R5/8 w - - 1 40	a7g7 g8h8 g7g5	1190	0g0p0s1o
J1z1H	4Q3/p4pkp/2p2bpq/3pB3/3P3P/8/P5PK/8 w - - 3 28	e5f6 g7f6 e8e5	1190	050p13151o
JDtMT	r1br1bk1/ppqn1p2/2p2n1Q/3p2N1/3P3P/2NB4/PPP2PP1/R4RK1 w - - 3 14	d3h7 f6h7 h6h7	1190	0y1315191o
JTn2r	3R1rk1/2p2pp1/8/p3q2n/2Q5/4B3/P4PPP/R5K1 b - - 0 25	e5a1 c4f1 a1f1	1190	0g0t191o
JpPzz	5q1k/8/8/2p1p3/8/1QP2r1P/1P1R2P1/6K1 b - - 0 47	f3f1 g1h2 f8f4 g2g3 f4d2	1190	0p0s101316
KCfLQ	2R2rk1/1R3ppp/8/p3q3/P3p1b1/1B1n2NP/1P3bPK/8 w - - 0 28	b3f7 g8h8 c8f8	1190	060i1315191o
LGhgK	r4r1k/2b3p1/ppn1Q1P1/8/P7/q5n1/1p3B2/3RK3 w - - 0 28	e6h3 g3h5 h3h5 h8g8 h5h7	1190	10131619
LeINz	3n2k1/p1p2ppp/3p2n1/5N2/3P4/2P3PK/P1r5/4R3 w - - 4 34	e1e8 g6f8 f5e7 g8h8 e8f8	1190	060i0p0s101316
MQ8cA	r2qk1nr/pp1n2pp/2pbpp2/3pN3/3P1P2/1P2P3/PBPNQ1PP/R3K2R w KQkq - 0 11	e2h5 g7g6 e5g6 h7g6 h5h8	1190	011011191g1t
Mmu8x	2r3k1/pp3p2/2b1p1p1/4Q3/3N1P2/1N1qR2P/PP4P1/7K b - - 8 33	d3f1 h1h2 f1g2	1190	1315191o
N4dKI	3rr1k1/5Rp1/7p/p4Q2/1p6/4q3/PPP3PP/1KR5 b - - 4 28	e3c1 b1c1 e8e1	1190	050p13151n1o
OLI5D	r2q1rk1/bpp2pp1/p1npb2p/3np3/1PB1P3/P2P1N1P/1BP2PP1/R2Q1RK1 w - - 0 12	e4d5 e6d7 d5c6	1190	010s1c1o
OQKu9	r2qrk2/pp3p2/2pb1nn1/5Np1/3P4/7Q/PP4PP/R4RK1 w - - 2 25	h3h6 f8g8 h6g7	1190	1315191o
PHhmI	3r2k1/p1p3b1/1pn3pp/5n2/4NB2/P4N2/1PP2PPP/2KR4 b - - 2 22	g7b2 c1b2 d8d1	1190	010i191k1o
QAiFt	r3kb1r/3q1ppp/p1pp4/4p1B1/8/5Q2/PPP2PPP/3RR1K1 w kq - 0 15	e1e5 d6e5 d1d7	1190	0g191o
R3HVE	8/4nkpp/5p2/8/1r1N1P2/2p2K2/5P1P/4R3 w - - 4 38	e1e7 f7e7 d4c6 e7f7 c6b4	1190	01050p0s10111n
R6ouJ	r2qk2r/1pp3pp/p1nbp3/3pN3/3PpB2/2P1P3/PP3PPP/R2QK2R w KQkq - 0 12	d1h5 g7g6 e5g6 h7g6 h5h8	1190	0g1019
RQpvI	r1N3R1/b1pk4/7p/4p3/8/2P2K1P/7P/8 w - - 0 46	c8b6 a7b6 g8a8	1190	0g0j0p1o
RTnDN	6k1/1n3pp1/1p5p/1B6/P2q4/2Q4P/1P1r1PP1/1R4K1 b - - 7 39	d4f2 g1h2 f2g2	1190	0p13151o
RftaP	1r6/4k1bR/8/2p2pP1/4P3/pP6/2PQ4/1K3R2 b - - 1 37	a3a2 b1a2 b8a8 d2a5 a8a5 a2b1 a5a1	1190	00050p13171d1w
SVsEL	6k1/pb3pp1/1p5p/8/2BP4/P7/1P2QqPP/7K b - - 3 28	b7g2	1190	0p13141b
SrIj0	3k3r/pp3ppp/8/2b2b2/2N1p3/1P4P1/P3PPBP/q1B2RK1 w - - 2 16	c1g5 f7f6 f1a1	1190	010j191o
TQlI4	4r1k1/4Pp2/6p1/p2pQb1p/7P/1q3P2/1PP3P1/1K1R3R b - - 0 25	b3c2 b1a1 c2a4	1190	0p13151k1o
U8M43	2k4r/pppq1r2/8/b2pPnpp/3N1P2/2P1B2Q/PP1NK3/R4R2 b - - 1 23	f5d4 e3d4 d7h3	1190	0g0j191o
UIMIw	2Rbk2r/5pp1/7p/Bp2p3/4P3/3P1Q1P/1q3PP1/6K1 b k - 3 22	b2a1 g1h2 a1a5	1190	0g0p0s1o
UKd7y	6rk/pp3R1p/2p4q/8/1P6/5Q2/6P1/6K1 w - - 2 37	f3c3 h6g7 f7g7	1190	010p1o
VXRJS	6rk/7p/p1p4r/PpP5/1P1Pp3/4P2p/5RPK/R7 b - - 3 41	h3g2 h2g1 h6h1	1190	000j0k0p13151m1o
VZohn	5rk1/1pq2pp1/2p2nbp/8/1b5P/4B3/4QPP1/1BR2NK1 w - - 0 27	b1g6 f7g6 e2c4 f8f7 c4b4	1190	010s1019
VlTif	5qk1/p5p1/8/1p2p1Qp/3nP3/3P2PB/PP5P/7K b - - 0 25	f8f3 h3g2 f3d1 g2f1 d1f1	1190	0p101316
Vx1um	r2n2k1/pp1Q4/2p2qPp/8/1b5P/1P1P4/P2P4/2K3R1 w - - 2 32	d7h7 g8f8 g6g7	1190	000g0p1o
WMaix	2b4k/p1n1qr2/1pp3Rp/3p4/3P4/6QP/PP3PP1/6K1 w - - 0 33	g6g8 h8h7 g3g6	1190	0p0s13151o1u
WlNGE	8/3r1p2/4p1p1/2pr1k2/7P/2Q3P1/5P2/6K1 w - - 16 60	c3f3 f5e5 f3f4	1190	0n0p13151j1o
XCEbo	r2q1rk1/pp1b1ppp/2n2n2/6N1/8/PQ1BP3/1P3PPP/R1B1K2R b KQ - 4 15	d8a5 c1d2 a5g5	1190	010s1c1o
Zeyrx	3q2rk/p4p1p/3p2pQ/2pPp3/2Pb4/3B4/P5PP/5R1K w - - 2 28	f1f7 e5e4 h6h7	1190	0p0y13151o
aIrv0	4nr1k/pp4bB/8/Q1p1p1PR/8/2P3B1/PP3p2/3b1K2 b - - 0 25	d1e2 f1e2 f2f1q	1190	00050g191h1o
aS7JG	5r1k/1bq2p2/p4n1p/1p1p4/2p1rN2/P5Q1/1P3PPP/3B1RK1 w - - 2 29	f4g6 f7g6 g3c7	1190	010j191o
ah4QJ	7r/ppp3k1/3p2b1/3B4/2Pn2p1/P2PQ1bq/1P2PP2/1RB3K1 w - - 0 30	e3e7 g6f7 e7f7	1190	1315191o
ajTzp	r2k1b2/2p2p2/1p2b1p1/7r/p6p/P2Q1P2/1PP3PP/N2K2R1 b - - 2 30	h5d5 d3d5 e6d5	1190	0g0h191g1o
akgeU	r1q1r1k1/1b2p2p/pp1pNPpn/3P4/2PQ4/PP6/5P1P/5RK1 w - - 0 27	f6f7 g8f7 d4g7	1190	00050y1315191o
az3jd	6R1/p7/2p1R2r/2pp1P1k/P7/1P3KP1/2q2P2/8 w - - 8 44	g3g4 h5h4 e6h6	1190	0i0p13151j1o
b1StS	4r3/p1p3pk/1p5p/5N2/8/1Q4P1/PPP2PP1/3rR1K1 b - - 0 27	e8e1 g1h2 e1h1	1190	0p0t13151o
bDP9s	6k1/3b1ppp/1q1p4/1p2P2n/4P3/P1r4P/P2N2PK/R2QR3 b - - 0 24	c3h3 g2h3 b6f2 h2h1 h5g3	1190	101316191n
bHclc	6k1/p5p1/2N4p/2P3r1/1P2p3/r7/3p1K2/B2R3R b - - 0 43	a3f3 f2e2 g5g2	1190	0p13151o
bJ5X2	r6r/1pp1pp1k/p1n2PpB/8/2B4Q/2b4P/P4PPK/1q6 w - - 2 21	h6g7 h7g8 h4h8	1190	0j0k1315191o
bx3x2	1R6/r4pp1/p3p3/kr2P2p/2p1K3/2P1P1P1/7P/1R6 w - - 4 38	b1a1	1190	0p111213141b1m
cOl76	q5k1/p1p2pb1/6pp/4n3/2p4N/2N3P1/PP1Q1P1P/R4K2 b - - 2 22	a8h1 f1e2 h1a1	1190	01191o1p
cgZ8d	3rk3/7R/2p1PK2/p5r1/8/8/8/8 w - - 5 62	h7h8 g5g8 h8g8	1190	0p13151m1o
dNge5	4r1k1/ppq2ppp/3b4/2p3N1/4r1n1/1P5Q/PBPP1PPP/RN3RK1 b - - 6 18	d6h2 g1h1 g4f2 f1f2 e4e1 f2f1 e1f1	1190	0i0y1317191w
eGsUZ	8/1p1k4/1p1p4/2pPp2Q/2P1Pq2/1P4p1/P7/5BK1 b - - 0 35	f4f2 g1h1 f2f1	1190	0i0p13151o
eM8WD	8/5k2/7p/7p/p1Rp4/1r6/1B4PP/1K6 b - - 1 39	a4a3 c4d4 b3b2	1190	010p1g1o
eQWme	r1bqr1k1/pp2bppp/5n2/3NQ3/4P3/1B6/PPP3PP/R1B2RK1 b - - 2 13	e7c5 g1h1 e8e5	1190	0g0j1c1o
eXdVF	4r1k1/R7/5K2/4r3/8/2R4P/6P1/8 b - - 2 48	e8e6	1190	090p13141b1m
eYxp8	r4rk1/4bpp1/pq2bn1p/1p6/2p1PB2/P1N1Q2P/1PP1B1P1/3R1RK1 b - - 2 21	e7c5 e3c5 b6c5	1190	0g191g1o
f2UJ5	4rrk1/6pn/p1n1q3/1p5p/3pP3/5Np1/PPBBQbR1/R6K w - - 2 29	c2b3 e6b3 a2b3	1190	01191g1o
f6NId	2R5/2n1k1pp/2r3p1/B7/6P1/3K4/6P1/8 w - - 0 41	c8c7 c6c7 a5c7	1190	0g0p1o
f6ant	8/1p6/p1p1k3/2P3p1/1P2K2p/P5PP/8/8 w - - 0 39	g3h4 g5h4 e4f4	1190	0g0h0p1e1o
fEt6u	2r2k2/4b1p1/Q2p3p/8/4P1P1/3B3P/PPP5/2KR2q1 b - - 2 26	e7g5 c1b1 g1d1	1190	0i0p13151o
fVegC	5rk1/pp4p1/4pq1p/3B4/3PQ3/8/PPP3PP/R5K1 b - - 0 26	f6f2 g1h1 f2f1 a1f1 f8f1	1190	060p1013161n
gy9fo	r4rk1/1pqb1ppp/p2Rpb2/4n3/2B1P3/2N2N2/PP2QPPP/3R2K1 w - - 3 15	f3e5 f6e5 d6d7	1190	01191o
h05lD	3r1k2/p2P1ppp/1pQ5/8/3R4/5P1P/P3q1P1/7K b - - 2 32	e2e1 h1h2 e1e5 f3f4 e5d4	1190	0g0p0s10
hfj0G	1k1r3r/pBp1b3/1pP5/6p1/Q1Rpq3/6p1/PP4PP/5RK1 w - - 0 28	a4a7 b8a7 c4a4 a7b8 a4a8	1190	05101316191d1k1n
ijtZn	r3r1k1/pp1q1p2/2p3pp/4p3/4P1Qb/1PNP3P/1PP2RPK/R7 b - - 1 21	d7g4 h3g4 h4f2	1190	0g191o
ilu3D	r1bqkb1r/pp3ppp/2np4/1BP1P3/2p5/5N2/PP3PPP/R1BQK2R b KQkq - 0 9	d8a5 c1d2 a5b5	1190	010s11121c1o
iqTHE	4r2k/2Q2Bpp/8/P4p2/1P4n1/2P2bP1/5P1P/5K2 b - - 2 27	g4h2 f1g1 e8e1 g1h2 e1h1	1190	0p1013161d1n
jBH18	2b1kr2/p2p2Qp/2pPp2B/2P1Kp2/3P4/1r6/5qPP/R5NR b - - 1 22	b3e3 h6e3 f2e3	1190	1315191n1o
jRbeZ	1k1r3r/p1p3pp/2Q5/2Nn1p1b/1q6/5P2/PPP3PP/1K5R w - - 2 20	c5a6 b8c8 a6b4	1190	010s191o
jyrNI	8/8/4p3/6K1/4k3/8/7P/8 w - - 2 43	h2h4 e6e5 h4h5 e4d3 h5h6 e5e4 h6h7 e4e3 h7h8q	1190	000g0p1e1h1l1w
k5dnV	r3k2r/5p2/n3ppp1/pN1p4/2q5/5P2/1P2Q1PP/1K1R3R w kq - 0 24	b5d6 e8f8 d6c4	1190	0g0s191o
kFosM	k1nr4/p5p1/3bQpPp/q6b/3P4/4P3/P4P1P/1R4K1 w - - 2 26	e6e4 a5d5 e4d5	1190	1315191k1o
kKFzg	r2q1r1k/1bp1np2/1p1ppbp1/p5N1/3P4/3BQ3/PPP2PPP/4RRK1 w - - 0 16	e3h3 h8g7 h3h7	1190	1315191o
kUGdz	r3k2r/pppbqppp/3p1n2/3Pn1B1/1QP5/2N2N2/PP2BPPP/R3K2R b KQkq - 0 11	e5d3 e1f1 d3b4	1190	0g191g1o
kXYai	5rk1/5qp1/p1p1p1r1/2bp4/8/2P3PR/PP1BQPK1/7R b - - 12 28	f7f2 e2f2 f8f2	1190	0g191o
kyktw	r1b2rk1/ppq1nppp/4p3/1N1pP3/1P6/P7/2P2QPP/RN2KB1R b KQ - 4 14	c7e5 f1e2 e5a1	1190	0g0s1c1g1o
ld7OJ	4rk2/2rpn1pp/p4p2/1p2p1BP/4b3/1BP2R2/P1P2PP1/2KR4 w - - 0 25	f3f6 g7f6 g5h6	1190	0a1315191n1o
mhrtT	r3k1nr/1p1n1ppp/2p1P3/q7/3P4/pP1B1Q1P/P1Pb1PP1/1K1R3R w kq - 0 14	f3f7 e8d8 f7d7	1190	041315191o
nSAop	3rr3/pp2b2R/1kp5/2qn1QP1/5B2/3N4/PPP2P2/1K4R1 b - - 4 31	d5c3 b2c3 c5f5	1190	0g0j11191o
nffIB	r2qr1k1/3nbppp/b1p1p3/pnPpP3/1p1P1P2/1P1NB1PB/P1QN3P/R3R1K1 b - - 2 22	b5a3 c2d1 a6d3	1190	010j191o
o459f	1r6/r2pN1p1/bp1N2p1/p3P3/P4k2/6R1/1P4PP/6K1 w - - 9 32	e7g6	1190	0p13141b
oO2X6	rnb2rk1/pp1p1ppp/8/4B3/1n6/1B2P3/PP3PPP/R3K1NR b KQ - 4 12	b4d3 e1e2 d3e5	1190	010s191o
oSRY3	8/1r6/1P5p/R3N2P/Pn6/1kp3P1/8/2KR4 b - - 2 46	b4a2 c1b1 c3c2 b1a1 c2d1q	1190	000p0r0s1013161h
omDgq	4r1k1/p4pp1/Pp1q3p/1P6/2Pp4/3Q3P/5PP1/R4K2 b - - 1 31	d6h2 f2f3 h2h1 f1f2 h1a1	1190	0g0p101p
pWFfd	6k1/R7/4rPb1/7p/1P3p2/P4P2/6PK/8 w - - 1 46	a7g7 g8f8 g7g6	1190	0g0p0s1o
q0RQc	6rk/1R4b1/p2p2Qp/8/1P2p3/4BqP1/P2K1P2/8 b - - 2 37	g7c3 d2c3 g8g6	1190	0g0j0p1o
qlZ7x	r5k1/ppp2ppp/8/2b5/3pNqn1/1P1P1r1R/P1P4P/R1B2BK1 w - - 0 23	c1f4 f3f4 e4c5	1190	011112191o1r
qqsj2	2r3k1/p2p1p1p/2n1pQp1/8/2P3N1/5P2/rq3P1P/3R1BK1 w - - 8 27	g4h6 g8f8 f6f7	1190	0y1315191o
rNcO7	4rr1k/2p4n/pp1p3R/3P4/2PqP1R1/P1N2p2/1P2Q3/2K5 w - - 0 33	h6h7 h8h7 e2h2	1190	050y1315191n1o
rYyee	8/1p3B2/pkpB3p/5p2/2P4P/1b6/1b2rPP1/3R2K1 w - - 0 28	c4c5 b6b5 f7b3	1190	010j0p1o
rbBtG	r3k2r/ppq2ppp/2n1p3/1B1p4/N2P2n1/6QP/PPP2PP1/R1B2RbK b kq - 4 14	g4f2 f1f2 c7g3	1190	010y11191o
rfevQ	6k1/1R3pp1/7p/1B1P4/8/4p1P1/1r3PKP/4r3 w - - 0 31	b7b8 g8h7 b5d3 g7g6 b8b2	1190	0g0j0p10
sRiNU	8/3k1pp1/4p3/3pP1PP/Np1Pb3/4K3/8/8 w - - 2 44	a4c5 d7e8 c5e4 d5e4 e3e4 b4b3 e4d3	1190	0g0h0p1w
sbu0L	r3qk1r/1bpnp1b1/1p1p1nQ1/p5Np/3P1B1P/2P1P3/PP1N1PP1/R3K2R w KQ - 3 13	g5e6 f8g8 g6g7	1190	1315191o
tnHXw	rnb2rk1/1p3ppp/p2b1n2/3pN3/3q1B2/1P1B4/P4PPP/RN1QR1K1 w - - 0 13	d3h7 f6h7 d1d4	1190	0g0j0y191o
u2U2D	rr4k1/1R3pp1/p2q3p/2pbN3/P2pQ3/3P3P/2P2PP1/1R4K1 w - - 1 25	b7b8 a8b8 b1b8 d6b8 e4d5	1190	0g1019
uI6Xz	5r2/1R6/1p3kpp/pP1p4/2Pr4/6P1/7P/2R3K1 w - - 0 49	c1f1 f6e5 f1f8	1190	0g0p1m1o1p
v2IHq	8/1bk5/4P1p1/3pNp2/p1pP1P1B/P1b3K1/7P/8 w - - 0 42	e6e7 b7c6 e5c6	1190	000g0p1o
vVCcv	4r1k1/7p/p1r1bQq1/1p5N/1P1p1pP1/2P2p1R/1P3K1P/6R1 w - - 4 40	f6g6 h7g6 h5f6 g8f7 f6e8	1190	0g0s101119
vYDon	2r5/p4rkp/1p4p1/5p2/2PP3P/3qP3/P2Q1PP1/1RK4R b - - 3 24	c8c4 c1d1 d3b1	1190	0g0i0p1k1o
vz9fh	5rk1/N4p2/6pp/2pPq2n/1p2P3/4bP2/PP4PP/R2Q1R1K b - - 0 26	h5g3 h2g3 e5h5	1190	0d0y1315191n1o
wNOmW	3Q4/5p2/4p3/pp2Pk1p/2r5/P2K4/8/6q1 w - - 1 47	d8f6 f5g4 f6g7	1190	010p1o
wZH7O	5rk1/p1p3pp/3bp3/5qN1/4Q3/1P6/P2B1PPP/4R1K1 b - - 0 23	f5f2 g1h1 f2f1 e1f1 f8f1	1190	0s101316191n
xqzZ6	8/5k2/bP6/Pq1N2p1/2p5/2B1PpPP/5P2/5BK1 w - - 7 46	d5c7 b5b3 c7a6	1190	0g0p111o
xr5eR	r4rk1/p2n1ppp/3qp3/6B1/N5P1/3P1b2/PPP1BbP1/R2Q1R1K b - - 0 14	f3g2 h1g2 d6g3 g2h1 g3h3	1190	050y101316191n
xr8k5	2R2nk1/8/7p/4P3/3Qbq1P/2K5/8/8 b - - 1 48	f4c1 c3b4 c1c8	1190	010p1o1p
xslnk	8/8/6p1/4k2p/3r1P1P/8/5RK1/8 b - - 0 52	d4f4 f2b2 f4h4	1190	010p111m1o
z73Oz	8/2p5/5Rp1/3k4/5P2/P1PK2br/1P6/8 w - - 0 34	c3c4 d5c5 b2b4	1190	0p13151o
zY4Qg	7Q/pppk3p/7q/2pP1p2/2P1r1b1/3K1N1P/P3B3/R5R1 b - - 6 31	h6e3 d3c2 e3e2 f3d2 e4c4	1190	0g0i0s10191g
zgbfF	1r2rk1b/3p1p2/4p1p1/3bP1B1/p5P1/2p5/P1q2P1R/3RK3 w - - 0 28	h2h8 f8g7 g5f6	1190	1315191o
zpK9c	7k/pq5p/3p1n1Q/4p3/5r2/5P1P/PPP5/2K3R1 w - - 2 29	h6f8 f6g8 f8g8	1190	0p13151o
0IGp2	r5k1/5rpp/p7/1p6/8/5Q2/q5PP/5R1K w - - 0 30	f3a8 f7f8 a8f8	1191	0p0t13151o
0vLZG	3b4/2rPk2p/3R1pp1/4p3/p1N1P3/2K2P1P/6P1/8 b - - 4 37	c7c4 c3c4 e7d6	1191	0g0p1o
3ENer	5r1k/p5b1/1p1B2p1/3Q4/P3N3/qPP5/1n1R1PPP/6K1 b - - 4 35	a3a1 d2d1 b2d1	1191	0g11191o
3RdiS	1r3rk1/p1N2p2/1p2p1P1/8/8/2Q5/PP3q2/2K3Rb w - - 0 24	g6f7 g8f7 c3g7	1191	00050k0m1315191o
3jkxO	2r5/pp1r1pkp/1q1p1np1/1Q2p1B1/3bP3/1B5P/PP3PP1/3RR1K1 w - - 4 24	g5f6 g7f6 b5d7	1191	0g191o
3qi6u	8/8/4P3/3R4/8/5pk1/1r6/5K2 b - - 0 61	b2b1 d5d1 b1d1	1191	0p13151m1o
4QOPI	R5k1/1p3rp1/3q4/2p2P2/3r2P1/8/P2Q2R1/6K1 b - - 1 36	f7f8 a8f8 g8f8	1191	0g0h0p1o
4x2S1	5rk1/pp5p/4N1pQ/3p1p2/7P/qPp2P2/P5P1/6K1 w - - 0 31	h6g7	1191	0p13141b
66y8E	r3kb1r/pppnpppp/3q1n2/3P2Bb/2B5/2NP1P2/PPP3PP/R2QK1NR b KQkq - 2 7	d6e5 d1e2 e5g5	1191	010s1c1o
6Rx1u	3r2k1/p1p2ppp/8/8/8/5Q2/PPP3PP/2KNqB1R b - - 4 20	e1d2 c1b1 d2d1 f3d1 d8d1	1191	060i0p101316
70pSA	r5k1/pp1q1ppp/2p2p2/2P4r/3P4/1B3P2/PP1Q1B2/3R1bKR b - - 6 24	h5h1 g1h1 d7h3 h1g1 h3g2	1191	050r0y10131619
7nopg	2Q2k2/p4r2/4n3/KP6/8/8/5p2/8 b - - 3 71	f8g7 c8e6 f2f1q	1191	000g0h0p1h1o
8ci0h	2Q1R3/2p2qpk/1pp2r1p/8/5P2/1P4P1/2r4P/5R1K w - - 0 26	e8h8 h7g6 c8g4	1191	0p0q13151o
8cyQa	4Rrk1/ppp3pp/8/2b5/5q2/2B5/PP3PPP/RN2Q1K1 b - - 0 21	c5f2 g1h1 f2e1	1191	0g0s191o
8u9MJ	2r2rk1/3p1ppp/1qb1p3/p3P2Q/4Nn2/3B4/1PP2RPP/1R4K1 w - - 0 25	e4f6 g7f6 h5h7	1191	0y1315191n1o
9JuoT	5rk1/3q2pp/p2b4/1P1N4/1PQNp1n1/4P1Pb/1B2Rr1P/2R3KB b - - 0 25	f2f1 c1f1 f8f1	1191	0y1315191d1o
AdeZh	2qr2rk/2p2p1n/p6B/1p2QP2/4P3/P2p3P/1PP1N1P1/R5K1 b - - 0 25	f7f6 e5f4 d3e2	1191	00010h191o
Awqb4	6k1/1p3n2/1p4Bp/3QP3/1qP4r/7P/6P1/4R1K1 b - - 0 37	b4e1 g1h2 e1e5 d5e5 f7e5	1191	0g0p0t10
BuZdn	4r1k1/p4p1p/2Qn1bp1/1p6/3q4/2N5/PPB2PPP/3R2K1 b - - 2 24	d4d1 c3d1 e8e1	1191	061315191n1o
BwKEQ	2r3k1/5pp1/7p/p2Q4/3P4/6P1/Pr1q2PP/2R4K w - - 0 29	c1c8 g8h7 d5f5 g7g6 f5f7	1191	0p101316
CDMAz	4rn2/5q1k/1p1p1Bpp/p1pP1p2/2P1rP2/1PQ4R/P5PP/3R2K1 w - - 8 28	h3h6 h7h6 c3h3	1191	0511121315191n1o
CYtoS	3q3k/5Qpp/3p3r/4p3/4Pn2/1B1P1P2/1P3P1P/6RK b - - 2 29	h6h2 h1h2 d8h4	1191	050p13151n1o
ClZO0	5b2/3P1pk1/1q4p1/pP2p2p/P2p4/5P1P/2Q3P1/1R4K1 b - - 0 43	d4d3 c2f2 f8c5 f2c5 b6c5	1191	0g0j0k0p101g
D6IcF	5bk1/p4pp1/4p2P/1q1pN3/r2P3P/2B1K3/P1Q2P2/8 w - - 1 29	h6h7 g8h8 e5f7	1191	000i0p13151o
E3Ytk	4r1k1/pp4pp/5p2/1qRp1P2/1P3b2/P7/3Q1P1P/6K1 w - - 0 25	d2d5 g8f8 c5b5	1191	0g0p1o
E9GoT	8/pp3r1k/3Q3N/6K1/1P2P3/8/P4P2/2r4q w - - 3 44	d6g6 h7h8 h6f7	1191	0f0p0s1113151o
EQ7zW	4Rrk1/p5p1/b2r3p/5p2/3b4/P7/1PB2PPP/4R1K1 w - - 2 28	c2b3 g8h7 e8f8	1191	010i191o
EVa8m	4r1k1/5ppp/8/1Q6/q7/6P1/P4P1P/1R4K1 b - - 2 24	e8e1 b1e1 a4b5	1191	010i0p1o
F2Tfc	3R4/8/4k2p/8/P5r1/2BP1n1n/5P2/5R1K b - - 2 38	h3f2 f1f2 g4g1	1191	030p13151n1o
Fq4Lm	r4rk1/pbp3b1/1p5p/3qpnp1/5p2/2P1PP1P/PPQNB1PB/R4RK1 w - - 2 20	e2c4 f5e3 c4d5	1191	0g191g1o
G3jqf	r4rk1/p4ppp/2N1p3/3p4/2bP4/2P3P1/2PK1PP1/R6R w - - 2 20	c6e7 g8h8 h1h7 h8h7 a1h1	1191	02050p0y1013161n
GBsOI	6rk/2p2pp1/p3p2p/7R/2P4R/Pr3P2/1P1Q1K1P/1q6 w - - 0 36	h5h6 g7h6 d2h6 b1h7 h6h7	1191	0p1013161n
I0mJ3	1Q5R/r4pp1/4p1k1/3pP1Bp/3P3P/5NN1/r1q2PP1/2R3K1 b - - 7 42	c2f2 g1h2 f2g2	1191	0s1315191o
I3lDT	r4k2/p2n1rp1/5p2/2pP1Q2/4p3/7R/P4PK1/3q4 w - - 10 36	h3h8 f8e7 f5e6	1191	0p0q13151o
In1RQ	6k1/ppp2pp1/3p1q1p/n2P4/2P3B1/3b2PP/P1rQ1PK1/4R3 w - - 1 28	e1e8 g8h7 d2d3 g7g6 d3c2	1191	0g0s1019
MZzXE	3r2k1/6pp/6p1/2pq4/2Q1nPP1/1P2PR1P/1B4K1/8 b - - 1 33	d5c4 b3c4 d8d2 g2g1 d2b2	1191	010d0p0s10
Mg7BF	4rk2/3Q3p/pq3b1p/1p1p4/1P6/2Pb3P/P2B1RP1/6K1 w - - 0 29	d2h6 f8g8 d7e8	1191	0i1315191g1o
O5Okb	8/pp2rpkp/6pb/8/2p3N1/2P3P1/PPQ2R1P/1K6 b - - 0 28	e7e1 c2d1 e1d1 b1c2 d1c1	1191	0p1013161d1k
OJJ6m	1k1r3r/1p3p1b/p2p1np1/5P1p/2PN4/N6P/PPP5/4RRK1 w - - 0 23	f5g6 h7g6 f1f6	1191	010j191o
P4T0Y	2r3k1/4r1p1/5p1p/4p3/1b6/1N1qPR1P/QP4P1/5RK1 w - - 0 25	b3c5 g8h8 c5d3	1191	0g0j0k191o
PrJdi	8/3k1pQ1/3p4/1Pp1pNn1/6q1/6P1/PP3PK1/4RR2 b - - 0 27	g4h3 g2g1 g5f3	1191	0p0s13151o
QHPQG	1k6/p1R4R/1p5p/4p1p1/2P1P3/8/r2Qn1PP/7K b - - 0 38	a2a1 d2c1 a1c1	1191	060p13151o
RNuH9	1B6/1B3pk1/p2P2pp/2p1b3/2p5/PP2P3/8/3b3K w - - 0 42	d6d7 e5f6 b8e5 f6e5 d7d8q	1191	00080d0g0i0p101h
Rf6Dq	r1bqk1nr/pp3pbp/3pp1p1/2p3B1/2PnP3/2NP1N2/PP2BPPP/R2Q1RK1 b kq - 3 8	d4f3 e2f3 d8g5	1191	010y1c1o
SJoEY	4r2k/pp4pp/2nb4/3b4/1P6/2P3P1/P1QN2BP/4N2K b - - 0 25	e8e1 d2f1 e1f1	1191	1315191g1o
TEkkS	8/p1pk4/2p3p1/2P5/5KP1/2RbR2r/P7/8 b - - 4 31	g6g5 f4g5 h3e3	1191	010i0p1o
Th6Ao	8/8/1R6/1B2rppp/Pb2p3/1k2K1P1/5P1P/8 b - - 0 40	b4c5 e3e2 c5b6	1191	0g0p0s1o
Tk9gM	r6r/pp1b1pk1/2n4R/1q2P2Q/4p3/8/PPP3PP/R6K w - - 1 21	h5g5 g7f8 h6h8	1191	0i1315191o
UOIyA	1k1r4/pp3p1p/5p2/q7/1R6/2Qp3P/4rPP1/5RK1 w - - 0 29	b4b7 b8b7 c3a5	1191	0g0j0p1o
USN0V	r7/5pk1/5b1p/5Qp1/6P1/P1P2P2/1P3q2/KR3R2 b - - 8 38	a8a3 b2a3 f6c3 b1b2 f2b2	1191	0i0p1013161n
Ufb97	8/7p/6p1/6K1/4p3/3k2P1/5P1P/8 b - - 1 43	d3e2 g5f4 e2f2 f4e4 f2g2	1191	0g0p101e
Uzl2B	4r1k1/4qppp/1pQ5/8/1P1R4/P7/4nPPP/4RK2 b - - 0 30	e2g3 f1g1 e7e1	1191	0i0j0p13151o
VuJK2	8/p4rbk/6pp/3Np3/4P3/1PQP4/P1Pq2PP/4R1K1 b - - 2 28	d2f2 g1h1 f2f1 e1f1 f7f1	1191	060p1013161n
Ws2AF	6QR/2kq2r1/3b2p1/2pp4/5pr1/2P5/PP3P2/4RK2 w - - 0 38	g8b8 c7c6 h8c8 d7c8 b8c8	1191	0g0r1019
X1AWI	r1b4R/1pr5/1k1Np3/pPp1P3/P4nP1/3n2K1/8/7R w - - 0 36	d6c4 b6a7 b5b6 a7a6 b6c7	1191	00010s1019
YVFJR	1k2r3/2p4p/7r/5p2/2B5/PPbR1P1P/2P2P2/5K1R b - - 1 26	e8e1 f1g2 h6g6 g2h2 c3e5 f3f4 e5f4	1191	010p1w
YVeVz	4bk2/2Q2q2/3p1p2/1P2pP2/4P3/3P3r/1P6/1K4R1 w - - 1 34	c7d6 f7e7 g1g8 f8g8 d6e7	1191	0g0i0p0r10
YfC5s	3r1bk1/2p2pp1/p2p4/1p1P2q1/3B4/P2P1Q2/1PP2P1K/6R1 b - - 5 27	g5h4 h2g2 h4d4	1191	0g0p0s1o
Z9lCZ	8/5p1k/6p1/8/PQ4K1/1P3PP1/8/2q5 b - - 6 42	f7f5 g4h3 c1h1	1191	0p13151i1o
ZcM6I	8/7R/p2nrkp1/1p3p2/3P1Q2/3q3P/P4PP1/6K1 w - - 0 37	f4h4 g6g5 h4h6	1191	0p13151o
ZkY3J	r1bqk2r/ppp2pp1/4pn1p/3Pp3/1bP1P3/2N5/PP2BPPP/R1BQK2R w KQkq - 2 9	d1a4 d8d7 a4b4	1191	0g0s111c1o
bBPoS	3Q1Q2/pp4pk/5p1p/8/4P3/P3q3/6PP/2rR3K b - - 2 31	e3e1 d1e1 c1e1	1191	060p13151n1o1y
bLiOM	2kr1b1r/ppp1qppp/3p1n2/8/1n1PP1b1/2N2N1P/PPPQ1PP1/R1B1KB1R b KQ - 2 9	f6e4 c3e4 e7e4	1191	011c1o
bYxEd	8/8/8/8/3k1P1P/6P1/r2pR3/3K4 b - - 5 55	d4d3 e2d2 a2d2	1191	0g0p1m1o
bkBMf	8/kp6/6BP/3p4/n7/4pR2/2P2bP1/3K4 b - - 0 43	a4c3 d1c1 e3e2 f3f2 e2e1q	1191	000g0p101h
bwQJY	8/1p3p1p/5P2/3Q2pk/P1P3N1/3pb1qP/8/5K2 w - - 0 38	d5f7 h5h4 f7h7	1191	0p13151o
cqtSS	2kr4/p3n3/1p3B2/6p1/6p1/2P3P1/P1P1P3/1R3K2 b - - 0 27	d8f8 f1e1 f8f6	1191	010p1g1o
d2OYL	2r2rk1/1bp2pbp/ppq1p1p1/8/2P2B2/P7/1PQ1BPPP/3RR1K1 w - - 0 19	e2f3 c6e8 f3b7	1191	0g191o1p
d8HL9	r2q4/p1p2k1p/6p1/8/2nP2Q1/4R3/PP3PPP/6K1 w - - 1 22	g4e6 f7g7 e6c4	1191	010p0s1o
dIg6m	3r4/1p3p1p/p4p2/2b1nNk1/6P1/2P3KP/P1P1rP2/8 w - - 0 41	h3h4 g5g6 h4h5 g6g5 f2f4	1191	0p101316
dXfwZ	5rk1/p4ppp/4R3/3p4/2p2Q2/8/Prq3PP/5R1K w - - 0 24	f4f7 f8f7 e6e8 f7f8 f1f8	1191	0p1013161n
dszlX	r4r1k/ppp3pp/4P1p1/2Q1b1q1/4p1P1/PP2Pn1P/1BP1B3/2KR3R b - - 9 23	e5b2 c1b2 g5c5	1191	0g0j191k1o
edutO	r5k1/4Q1p1/1R2p2p/1p6/8/4PPqP/1P1R2P1/6K1 b - - 0 31	a8a1 d2d1 a1d1	1191	0p13151o
fW1Br	1r4k1/1Qb2rpp/p3Np2/5n2/2p2P2/8/P1q2BPP/RR4K1 w - - 1 22	b7b8 c7b8 b1b8 f7f8 b8f8	1191	0y10131619
gV3qP	4r3/pp3b1k/2pN1n2/3p2n1/1P1R2p1/P2P2P1/2PqBQ1P/4R1K1 b - - 4 28	g5h3 g1f1 h3f2	1191	010s191o
hPE3E	r4r1k/p4p1p/2p2p1Q/1p6/4q3/1B6/PP4PP/5R1K w - - 0 27	h6f6 h8g8 b3f7 f8f7 f6f7	1191	010p10
hr7yZ	2b3k1/r5p1/4ppQp/rqPp4/2pP4/R3PN1P/5PP1/R5K1 w - - 0 37	a3a5 a7a5 a1a5 b5a5 g6e8 g8h7 e8c8	1191	0g0s191w
kD9bW	r2qk1nr/p1p2p1p/b2b2p1/2ppp3/6Q1/PP2P2P/1BPP1PP1/RN2K1NR w KQkq - 0 9	g4a4 d8d7 a4a6	1191	010s1c1o
kgV1n	2k3r1/1pp2Q2/2np1p2/p1b1p3/P1P1P2r/2P3P1/1P4PP/R4R1K b - - 0 20	h4h2 h1h2 g8h8 f7h7 h8h7	1191	050y101316191f1n
kr7ZD	2k2r2/ppp4p/8/8/6P1/2N1QR1b/P1P1PK1P/q7 b - - 4 25	a1f1 f2g3 f1g2 g3h4 g2g4	1191	0p101316
lC06y	r2q3B/p3k2p/1p1np1pb/2p1N3/6Q1/3K1nP1/P4P1P/3R1B1b w - - 4 20	e5c6 e7f7 c6d8	1191	010s191o
lRCCh	r1b1r1k1/ppq2pb1/6p1/2p3Pp/4N3/1P1P3N/P1P1QP2/1R2K2R w K - 1 19	e4f6 g7f6 e2e8 g8h7 g5f6	1191	0g0j0s1019
nHHTW	2Nq1r1k/pR3pbp/4b1p1/8/4P3/4Q3/P3B1PP/5RK1 b - - 0 23	g7d4 e3d4 d8d4	1191	0g191g1o
nJ5JD	2rq1r1k/pb3pb1/4pNpp/4P3/5PPQ/3p3R/PP2B2P/R5K1 w - - 0 25	h4h6 g7h6 h3h6 h8g7 h6h7	1191	0r0u0y101316191n
nqsKq	4Qrk1/1p6/2p4P/p4p2/2Pr4/P7/1q3PP1/3R1K2 w - - 1 32	e8g6 g8h8 g6g7	1191	0p13151o
ntLRk	r5k1/p1b2ppp/1p6/8/P3Q1n1/2P1PN1q/1B3P2/R2R2K1 b - - 3 24	c7h2 f3h2 h3h2 g1f1 h2f2	1191	0y10131619
o9seH	r2r2k1/1p3pp1/1q3n1p/p1p2P2/2Pn1B2/P1Q4P/1P4P1/1B1RR1K1 b - - 6 25	d4e2 e1e2 d8d1	1191	0g0i0j0y191o
oEQ1q	4B3/1R3p2/1p2p2p/p4kP1/7K/3r4/P7/8 b - - 0 34	h6g5 h4h5 d3h3	1191	0p1113151o
p9Myc	8/p3rpk1/1p4pp/8/1P3Q1P/2P5/q5P1/5RK1 w - - 0 31	f4f6 g7g8 f6e7	1191	0g0p0s1o
pDIcc	k6r/1p3p2/p2p4/8/6qP/PP2BnP1/5PQ1/R4R1K b - - 0 33	h8h4 g3h4 g4h4 g2h3 h4h3	1191	0r101316191n
qL7mE	3r2k1/1R3p1p/Q5p1/P2q4/1P6/4P1P1/5PP1/3r1RK1 b - - 4 34	d1f1 a6f1 d5b7	1191	010p111o
rBWWt	6k1/p2b2pp/4p3/3p4/8/2PB2P1/PQ3q1P/2K2N2 b - - 1 26	f2e1 c1c2 d7a4	1191	0g0p1o
rIpwJ	r1b4k/ppp4r/2nq1pQP/8/3p4/2P5/P4PP1/R1B1KB1R w KQ - 1 21	g6e8 d6f8 e8f8	1191	0y1315191o
rJGSH	rb5k/1p1b1prp/p1p5/2Q1N3/5P1q/P6P/1PB3PK/R4R2 w - - 1 25	c5f8 g7g8 e5f7	1191	0i0y1315191o
rYW69	b5k1/4Rpp1/P2p1q1p/2pP4/3b4/2NQ2P1/PP3PBP/6K1 b - - 0 22	f6f2 g1h1 f2g1	1191	0y1315191o
rZDNR	8/5R2/P3p1p1/8/3bQ2P/6Pk/r4P2/6K1 b - - 4 35	a2a1 e4b1 a1b1	1191	0p13151o
sF71X	2kr3r/pbp1ppb1/1pn3p1/3p2p1/3P2qP/PPN1P1P1/1BP2QB1/R3K2R w KQ - 2 16	g2h3 g4h3 h1h3	1191	0g191g1o
sRm2G	r1bq3r/pp1nbk1p/2n1p1p1/2ppP1pQ/3P1N2/2PB4/PP3PPP/R1B1K2R w KQ - 0 12	d3g6 h7g6 h5g6 f7f8 f4e6	1191	0i1013161c
sUVv1	3r2k1/p4rp1/2pp1n1p/1p2p3/2P1P3/1PB2P2/P4KPP/R2R4 b - - 0 21	f6e4 f2e1 e4c3	1191	0g0p1g1o
svZ9w	5Q2/2p5/3n2p1/p2B2k1/Pp1P4/4K3/1Pq5/8 w - - 4 43	f8f4 g5h5 d5f3	1191	0p13151o
tuUNb	2k5/1pp2p1p/1p1p1p2/3Pp3/Q3P3/2P2P1q/PP3rrP/1K1R3R w - - 2 23	a4e8	1191	0p13141b
uTWJ4	2r2rk1/p1qbQp1p/6p1/8/5p2/1Bb5/PPP2PPP/R2R2K1 w - - 0 18	d1d7 c7d7 e7d7	1191	0g191o
us9PF	r2qk2r/1b2bNpp/p1n2n2/1p3R2/3P4/1B6/PP4PP/RNBQ2K1 b kq - 0 13	d8d4 d1d4 c6d4 f7h8 d4f5	1191	0g101c
v68YU	r5k1/pp6/4p1p1/4P3/1qnR2Pp/2N2P1P/PP2Q3/1K6 b - - 1 26	c4a3 b1c1 b4d4	1191	0g0j0p1g1k1o
x5YAj	1k2r2r/ppp5/3p1Q2/8/6q1/4BP2/PP2K3/R6R b - - 0 30	g4g2 e2d3 h8h1 a1h1 g2h1	1191	0g1019
xSm68	r6k/p2Q3p/1pP5/4p1q1/8/P3PpPP/1P6/R4RK1 b - - 0 28	g5g3 g1h1 g3g2	1191	0p13151o
yIyYH	8/5ppk/7p/6q1/8/1R5r/P1P2QP1/6K1 b - - 1 29	g5c1 f2f1 h3h1 g1h1 c1f1	1191	050g0i0p101g
yK2VW	r2n4/p1R5/1p1P1k1p/8/8/8/PP3PPP/6K1 w - - 3 31	d6d7 a8b8 c7c8 b8b7 c8d8	1191	000g0p0v10
yRltR	1r4k1/1p3p2/p2p1Pp1/6QR/P2P4/8/2r1q1PP/2R3K1 w - - 1 36	h5h8 g8h8 g5h6 h8g8 h6g7	1191	050p1013161n
z6JsD	8/2P5/1R2r3/8/3k4/1K1P4/8/8 b - - 0 53	e6b6 b3a4 b6c6 c7c8q c6c8	1191	0g0p0t101m
zEy5Y	4r1k1/5r1p/3p1P1P/pQ6/4PP2/1P2p3/1Bq5/R3K3 w Q - 0 35	b5e8 f7f8 f6f7	1191	000p0t1113151o
0ElXH	8/R1P3p1/3n2kp/8/3P4/P1BK4/2r5/8 b - - 2 49	c2c3 d3c3 d6b5 c3b2 b5a7	1192	050g0p0s101n
1GMPy	2r4k/6p1/p3Q2p/5p2/3P1P2/2r2Bq1/P2K2P1/7R w - - 1 31	h1h6 g7h6 e6h6 h8g8 f3d5	1192	070p1013161n
1eZ6G	r4bnr/pp1k2p1/2p4p/1Q1B4/3P2b1/4B2q/PP3P1P/R3K2R w KQ - 0 15	b5b7 d7d8 b7a8	1192	0g0s191o
1vtxe	r2r4/pp5p/1np2pk1/3P3N/4q2P/2Q1B3/PP3P2/2K5 w - - 2 23	c3f6 g6h5 f6g5	1192	1315191n1o
29TdB	3n4/8/8/8/N1p3PP/1k6/3K4/8 b - - 0 56	b3a4 d2c3 a4b5	1192	0g0h0p0t0z1o
2MZG9	r2qkb1r/ppp2ppp/3p3B/4N3/2BnP3/2N5/PPP2PPP/R2bK2R w KQkq - 0 8	c4f7 e8e7 h6g5	1192	041315191o
2ey4R	6R1/2Q1B3/p4p1k/1pP2q2/1P1p1n1p/P2Pp2P/4P2K/8 b - - 7 38	f5h3 h2g1 f4e2	1192	0p13151o
2llpE	6k1/pp3pp1/2p5/3b4/1P3Q2/P1qR4/6PP/4R1K1 b - - 0 36	c3e1 f4f1 e1f1 g1f1 d5c4	1192	010p101g
3XYXO	8/3b1k2/2p1qbpQ/1pPpP3/1P2pP1P/4P1P1/r5B1/B3R1K1 b - - 0 30	a2g2 g1g2 e6h3 g2g1 h3g3	1192	050g0i0r0y10191n
4HAcr	5k2/5p1p/p3pNp1/1p2q3/8/7P/5PP1/1B1R2K1 w - - 0 34	f6d7 f8e7 d7e5	1192	0g0p0s1o
4NqzE	r3r1k1/Rbqn1pp1/1n5p/3p1B2/2pP4/2P1PN1P/Q2B1PP1/1R4K1 b - - 0 20	a8a7 a2a7 e8a8	1192	010d191o
4X4kk	8/7p/1P4p1/2P1k3/2B5/2r3P1/5PKP/8 b - - 0 34	c3c4 b6b7 c4b4 c5c6 e5d6	1192	0g0p0t10
4wpYm	8/2pn2p1/1p1pk2p/1P5P/2PR1PKB/2r5/8/8 w - - 12 43	d4e4 d7e5 f4e5	1192	0g0p1o
5Wbqj	r1bqk1nr/ppp2pp1/2nb3p/1B6/3NP3/3P4/PP3PPP/RNBQK2R b KQkq - 0 8	d6b4 b1c3 d8d4	1192	010j1c1o
7WTbH	8/8/8/8/3n4/6pk/8/5RK1 b - - 1 57	d4e2 g1h1 g3g2	1192	000p13151o
8T8wF	8/5pp1/1pn1k2p/2P1p3/PP2K3/3NP2P/6P1/8 b - - 0 34	f7f5 e4f3 e5e4 f3e2 e4d3	1192	010p0s0z1011
8XSMs	3R4/pq3ppk/7p/8/4b3/1Q2B2P/r1P2PP1/6K1 b - - 6 28	a2a1 g1h2 b7c7 f2f4 c7d8	1192	0g0p0s10
99YJ1	3r2nr/k1p2ppp/1p2p3/n7/1P6/4BB2/1q3PPP/R4RK1 w - - 0 19	a1a5 a7b8 a5a8	1192	1315191d1g1o
9O4SX	r1b3k1/ppp1b1p1/2n1q2p/4p3/2P3BN/P2PB1PP/1P5K/R2Q1r2 w - - 0 18	g4e6 c8e6 d1f1	1192	0g0w191o
AIH1U	8/4Q3/3p2kp/p1pNp2p/K1P2p1P/P2q4/1P6/8 b - - 3 54	d3c4 b2b4 c4d5	1192	0g0p0s1o
AJLtI	r2q1k1r/pp4p1/1pb5/4R1Q1/1P1P4/PB3P2/6PP/R5K1 b - - 0 22	d8d4 g5e3 d4a1	1192	010s191o
Aw7Vn	r1br1n1k/5Q1p/p3p1pq/1p1pP3/3P4/3B3P/PP3PP1/2R2RK1 w - - 2 25	f7f6 h6g7 f6d8	1192	0g0s191o
AwkB4	3R2nk/1Q4pp/2N2q2/8/4r3/7P/P4PP1/6K1 b - - 4 29	e4e1 g1h2 f6f4 g2g3 f4f2	1192	0p101316
C6yhP	r4rk1/1q5p/3p2PQ/1pnPpbN1/p7/4p1N1/PP6/K1R2B1R b - - 0 25	c5b3 a2b3 a4b3	1192	0j0k111315191f1n1o
Cv4nR	2q3k1/4Bp1n/1r1P2p1/p1pQ3p/2P5/6PP/1p5K/4R3 w - - 0 35	d6d7 c8d7 d5d7	1192	000g0p1o
Czd4E	8/8/5pp1/3k4/1P1p4/7P/4KP2/8 b - - 3 45	d5c4 b4b5 c4b5 e2d3 b5c5	1192	0g0h0p101e
DWjmc	r1b2rk1/2q1b2n/1np4P/1p1p2B1/3P2P1/pPN1P3/P1Q2P2/2KR3R w - - 0 20	c2g6 g8h8 g6g7	1192	0y1315191o
E6Sgs	3R4/p4ppk/2b4p/1pp1Q3/5nq1/6N1/PP5P/4R1K1 b - - 0 29	f4h3 g1f1 g4f3	1192	1315191o
ETokD	2r1k2r/4Nppp/2q5/ppn1p3/7P/P3B3/1PPQ4/2KR3R b k - 0 21	c5b3 c1b1 b3d2	1192	0g191g1k1o
EeFQS	8/pp3ppp/5k2/2r5/3N1K2/3BN3/PP4Pn/R6n b - - 9 25	g7g5 f4e4 h1f2	1192	1315191o
FOIro	r1q1nrk1/1pp2pbp/p1np2p1/4p1BP/3PP1b1/2N1Q1N1/PPP2PP1/2K1RB1R b - - 1 15	e5d4 e3d2 d4c3	1192	010s191o
FUjDc	3rrbk1/1b3qp1/pp2ppQP/2pp4/P2P1BP1/2P1P3/1P3PK1/R3R3 w - - 3 27	h6h7 g8h8 g6f7	1192	000g0i0y191o
FWpfW	r4k1r/1p1n1ppp/p7/5q2/2Qb4/P7/5PPP/2R1R1K1 w - - 0 23	c4c8 a8c8 c1c8	1192	1315191n1o
Hrrwe	5rk1/p6p/3Qp1p1/2p5/8/2N1b2P/PPP2qP1/1R5K b - - 0 27	f2f1 b1f1 f8f1 h1h2 e3f4 d6f4 f1f4	1192	010p0s1n1w
I7IBB	rnbqk1nr/pp3ppp/2p5/3p4/Pb2p3/4P3/1BPPNPPP/RN1QKB1R w KQkq - 0 6	b2g7 g8f6 g7h8	1192	0g1c1o1t
J0pME	8/8/5pkp/3B4/2P2KPP/8/2r2P2/8 w - - 1 41	d5e4 g6f7 e4c2	1192	0g0p0s1o
JQ0Wx	r3r1k1/1pp2ppp/p3p3/2Ppn1q1/1P1Q4/P3P2P/5PP1/RN3RK1 w - - 2 17	f2f4 e5f3 f1f3	1192	010s191o
JaVdU	5r1k/6pp/5p2/2b1qP2/1rB4Q/5R2/6PP/2R4K w - - 4 29	h4h7 h8h7 f3h3	1192	051315191f1n1o
Jphrv	2r3k1/pQ4pp/5p2/4p3/6bB/8/P2n1RPP/2q3RK b - - 5 24	c1g1 h1g1 c8c1 f2f1 c1f1	1192	05101316191n
K0dHZ	r2r3k/q4p2/p2p3B/1p2p3/4P1b1/1N3Q2/P1P3B1/3n3K w - - 0 28	f3f6 h8h7 f6g7	1192	1315191o
Kh9qd	5r2/6R1/p4p2/P2k3N/3Nn3/1K2P2P/5P2/3r4 w - - 4 39	g7d7 d5c5 d4e6	1192	0g0p1o
KywIF	3rkr2/p2p2Qp/1p2pp2/7R/2P1q3/6P1/5P1P/3R2K1 w - - 2 30	h5h7 e4h7 g7h7	1192	0g0p1o
MF8vA	2rq3k/1pp2Qp1/p6p/5p2/2Rn1B2/P7/1P3PPP/3R2K1 b - - 2 29	d4e2 g1f1 d8d1	1192	0j0y1315191o
MRKox	7k/6p1/7p/pQ6/P7/5rBP/3q2PK/8 w - - 0 44	b5e8 h8h7 e8e4 h7g8 e4f3	1192	0g0p0s10
Mfx4C	8/kpp5/pr2p1P1/qr2P3/3P4/2P5/PPQ2R1P/KR6 b - - 2 31	a5a2 a1a2 b5a5 c2a4 a5a4	1192	050p1013161n
N3ORB	8/ppkbr3/2nq1QB1/4p3/2P3p1/8/6PP/1R5K w - - 2 33	b1b7 c7b7 f6d6	1192	010i191o
NsrXJ	r2qkb1r/pp3ppp/2n1p3/1B1p4/3P1B2/5Q1P/PPP2PP1/R3K2R b KQkq - 3 10	d8a5 c2c3 a5b5	1192	010s191o
OTKRT	r1b2rk1/ppp2ppp/8/2q1p3/2B2Bn1/2Q5/P4PPP/R4RK1 w - - 0 16	c4f7 f8f7 c3c5	1192	010j191o
OZ9kE	r1b3k1/p1p1n2p/5p2/7Q/2p5/8/PqP2NPP/R5K1 w - - 0 17	h5e8 g8g7 e8e7	1192	010s191o
OldBU	8/pp5k/2p4p/2P5/1P1brBbN/P5P1/3R3P/7K b - - 0 37	e4e1 h1g2 e1g1	1192	0p13151d1f1o
Otwrl	5rk1/p2q1rpp/Q1pp4/4n1B1/P4p2/7P/1PP2PP1/3RR1K1 w - - 0 23	e1e5 d6e5 d1d7	1192	01191o
PFXTf	Qqkr1bnr/4p1p1/1p2b2p/2p1p3/2PpP3/N5P1/PP3P1P/R3KB1R w KQ - 4 17	a8c6 b8c7 c6e6	1192	010s191o
Pg7MW	1r3qk1/4n1p1/p7/2p1p2R/1p2P1Q1/2n4P/5PP1/5RK1 w - - 0 28	g4e6 f8f7 h5h8 g8h8 e6f7	1192	010i1019
PgwS6	4r1k1/1p3Bp1/p2q3p/6n1/8/2PQ2P1/P4P1K/R7 b - - 0 29	g5f7 d3d6 f7d6	1192	010p0t1o
QR6eh	r1bk1b1r/pp3Q2/2n2p2/3Np2p/2B3q1/3P2P1/PPP4P/R3K3 w Q - 0 23	f7c7 d8e8 d5f6	1192	0f0w1315191o
QrVvK	6k1/p2q1ppp/1p6/2pnQPP1/3p4/P2P3P/1PPB3K/8 w - - 1 33	e5b8 d7c8 b8c8	1192	060p13151o
RCtsK	2r2r1k/p5pp/8/np6/3PQ1P1/P2B1P1P/qPPN4/2KR3R b - - 2 28	a2a1 d2b1 a5b3	1192	1315191g1k1o
RvX2z	r4r2/ppk3p1/1q4np/7n/3P2Qb/2N2P2/PPP4P/4RRK1 w - - 5 21	c3d5 c7b8 d5b6	1192	0g0s191o
SCji8	3rk1r1/3n1p2/b7/3p1N1n/pp2p2B/2qP2PP/P1P3B1/1R3R1K w - - 0 26	f5d6 e8f8 f1f7	1192	0j1315191o
SFfBN	2r3k1/5p1p/3QNp2/3p4/3P4/2r1PP2/Pq4PP/4RbK1 w - - 0 23	d6g3 g8h8 g3g7	1192	1315191o
SWpES	8/pp3pk1/1r4p1/4r2p/8/P1P3P1/1P1R1KP1/4R3 b - - 3 36	b6f6 f2g1 e5e1	1192	0g0i0p1m1o
SaQ0v	r1b1q1r1/ppp1kNb1/6Qp/3R2p1/4p3/6B1/PPP2PPP/2K1R3 b - - 2 19	g7b2 c1b2 g8g6	1192	0g0j191o
T73hq	r4rk1/1pq2pp1/p3pb1p/1Qn4P/1B6/5N2/PPP2PP1/1K1R3R w - - 0 19	b5c5 c7c5 b4c5	1192	01191o
TVTo4	5k1r/Np2q1pp/2n1p3/4np2/Q1p5/4B1P1/5PKP/3R4 w - - 0 26	a7c6 e5c6 a4a8	1192	010d11191o
Tnpd3	3rq1k1/1b3p2/p5pp/1pb5/3N4/2PQ3P/PPB2PP1/4RK2 b - - 1 24	b7g2 f1g2 e8e1	1192	010i11191o
UdvYF	2k3r1/pp1r1p1p/2pq4/5Q2/8/8/PP2R2P/4R2K w - - 0 26	e2e8 g8e8 e1e8 c8c7 f5a5 b7b6 a5a7	1192	0p13171w
Uo0Qh	4r1k1/p4ppp/Q2b1qb1/2p5/2P1p3/4P3/P1N2PPP/3R1RK1 b - - 8 26	d6h2 g1h2 f6a6	1192	0g0j11191o
VDB0h	4rk2/1R1R4/p5K1/1pp1r3/7p/2P4P/PP4P1/5B2 b - - 4 37	e8e6 g6h7 e5h5	1192	0p13151o
VGuwJ	8/p1p1k1p1/1bp4p/4Pr1q/5Bb1/2N3P1/PP1R2PP/5Q1K b - - 6 23	h5h2 h1h2 f5h5	1192	050y1315191f1n1o
VOVaF	2q2rk1/pp1bpp1p/6pb/4P3/2rN1n2/P1N1Q2P/1PP2BP1/3RR1K1 b - - 6 19	f4h3 g2h3 h6e3	1192	0g0j0y191o
VoTWo	8/2R3pr/5k2/4pP2/P7/1P4RP/5qPK/8 w - - 0 38	g3g6 f6f5 c7f7 f5g6 f7f2	1192	0g0p101j1p
VtOh6	8/3P4/5p2/R1pr1k1p/8/7K/8/8 w - - 0 48	a5c5 d5c5 d7d8q	1192	00010i0p1g1h1m1o
WYH2D	5rk1/2RP1p1p/2Q1q1p1/1p6/5P2/p5PK/7P/8 w - - 1 41	c6e6 f7e6 c7c8	1192	0g0p1o
WcjOu	2Rr2k1/5ppp/pq1pb3/4p3/QP2P3/8/PP3PPP/6K1 w - - 2 25	a4e8 d8e8 c8e8	1192	060p13151n1o1y
X45iF	3r1rk1/pp2q1pp/1Bbb1pn1/8/8/2N2N2/PPP2PPP/R2QR1K1 b - - 5 15	d6h2 f3h2 d8d1	1192	010j0y191g1o
X4G0w	2rr2k1/pQ3p1p/6p1/4Pb2/8/KB6/P2q2PP/7R w - - 4 29	b7f7 g8h8 f7f6	1192	1315191o
X74cN	r1b2Qnr/ppk2N1p/3ppqp1/8/4P3/8/P1P2PPP/5RK1 w - - 6 20	f8d6	1192	1314191b
XCywl	4r3/5Q1p/2kP4/1r6/8/7P/PPP1q3/2KR4 w - - 2 44	f7c7	1192	0p13141b
XUSEf	r6r/4pp1k/b2p4/p2P1PPp/1p1QP3/qBp5/P1P5/1K1R3R w - - 1 29	h1h5 h7g8 h5h8	1192	1315191o
Y5cBZ	r4rk1/3R1pn1/4p1NQ/2p2p1q/8/6P1/5P2/2R3K1 w - - 0 33	g6e7	1192	111314191b
ZqFpt	1r2kb1r/p2n1ppp/1p2pq2/2p5/2P2Pn1/3PBN1P/PP2Q1B1/RN2K2R b KQk - 0 13	g4e3 e2e3 f6b2 e1g1 b2a1	1192	010s10191t
aLHcb	r4r1k/bpp2qpp/p1n2p1B/4pN2/1P6/PbnP2Q1/4BPPP/R3R1K1 w - - 6 19	h6g7 f7g7 g3g7	1192	0s1315191o
aO5DF	r1bqr3/1p3pkp/5np1/2Pp4/p2Q4/P1N1nBN1/1PP3PP/R3R1K1 b - - 6 21	e3c2 g3h5 g6h5 e1e8 d8e8	1192	0g0s1019
bkKd4	1r3q1k/pP1Q2p1/7p/8/8/PP4P1/7P/2R4K b - - 4 29	f8f3 h1g1 f3e3 g1g2 e3c1	1192	0g0p0s10
cY3s1	r1bqr1k1/pn3pp1/1bp2n1p/4p3/1PP1N3/P2B4/1B1P1PPP/RN1Q1RK1 b - - 0 14	d8d3 e4f6 g7f6	1192	010t1c1o
czO5M	6r1/2q2p2/5k2/p1p1pNp1/P1Q2pP1/2PP3P/1P4K1/8 w - - 0 36	c4a6 c7b6 a6b6	1192	0p0q13151o
dHZxk	r3k3/p1p2p2/2p2n1p/8/N1PpP3/3P1b1q/PP1QB1rP/3K1R1R w q - 0 25	f1f3 h3f3 e2f3 g2d2 d1d2	1192	0g0s1019
dirs2	2q5/r5kp/6p1/2bR4/p1p5/2P3Q1/PP3PPP/6K1 w - - 0 28	g3e5 g7g8 d5c5	1192	010p1o
drICR	3r2k1/2b1Q3/pp1q2p1/3p1p1p/3B3P/2P2pP1/PP5N/3RR1K1 b - - 0 33	d6g3 g1f1 g3g2	1192	0y1315191o
dvyQL	4bR2/1p4p1/7k/pP1pN2p/P7/2q2N2/6PP/4R1K1 b - - 2 34	c3c5 g1h1 c5f8	1192	010p0s1o
f5n57	8/2B4p/p3k1p1/1p4P1/2p1r3/P1PR1K2/1P6/8 b - - 0 37	c4d3 f3e4 d3d2	1192	000g0p1o
fBR23	3r2k1/p1rn1p1p/1p2pnp1/1Bb5/3B1P1P/P1N2P2/1P6/1K1R2R1 w - - 1 25	d4f6 d7f6 d1d8	1192	010j0y191o
fwY0n	rnb2rk1/pp3p1p/3p4/2bNp2p/4q3/P3P3/1PPB1PPP/R2Q1RK1 w - - 1 15	d5f6 g8g7 f6e4	1192	0g0s1c1o
gO8jx	r3kb1r/5pp1/pq2p3/1N1pPn2/Q4P1p/5N2/1P4PP/R1B2R1K b kq - 0 18	f5g3 h2g3 h4g3 f3h4 h8h4	1192	0j0k0y101316191n
gQ8Jz	3r2k1/p2q1pp1/1p2p2p/4n3/4N3/2P3P1/PPK1QP1P/3R4 b - - 6 28	d7a4 b2b3 a4a2	1192	0g0p111o
gcq3k	5r2/2q1N2k/3p1n1p/2b3p1/1p1pP3/r2P1Q1P/2P2PP1/1R3RK1 w - - 4 28	f3f5 h7g7 f5g6 g7h8 g6h6	1192	010i1019
heD5i	r1b4r/bp3p1p/p6p/4n3/P6k/BPP3NP/5PP1/R5K1 w - - 0 25	a3e7 f7f6 e7f6	1192	1315191o
is4ac	r1bq1r1k/ppp3p1/8/3p1PN1/3Q4/5p2/PPP2P1P/R4RK1 w - - 0 18	d4h4 h8g8 h4h7	1192	0y1315191o
jOz3y	4k3/p2r1p1q/1p2p2p/3pPp2/1B3P2/3B4/P5rP/2R1K2R w K - 0 25	c1c8 d7d8 d3b5	1192	1315191o
kxfP4	5k2/p4ppp/2p5/3rP3/2b2P2/P1P3P1/1BK4P/3R4 b - - 2 22	c4b3 c2b3 d5d1	1192	0g0i0p1o
lAWwF	2r4k/2q3pp/6r1/2p5/P3Q2P/1P1P1P2/5K2/2R3R1 b - - 4 34	c7h2 f2e3 g6g1 c1g1 h2g1	1192	0g0i0p10
lRY1l	2k2b1r/ppp1pppp/6q1/8/1P2Q3/P6r/3P1PP1/R1B1R1K1 w - - 0 16	e4g6 h7g6 g2h3	1192	01191o
lTFZP	3rrnk1/pb3pp1/1pp3qp/8/3P4/2NQ2P1/PP3PBP/R2R2K1 b - - 5 20	e8e1 d1e1 g6d3	1192	0g0i191o
lWVeo	r4r1k/2p3p1/3p3p/pp2pN1Q/2BnP3/K2P4/PPq5/7R w - - 0 27	h5h6 g7h6 h1h6	1192	0y1315191f1n1o
leSjk	r1bqk2r/pp3ppp/2np1n2/1B6/8/4P3/PPP2PPP/R1BQK1NR b KQkq - 2 8	d8a5 c1d2 a5b5	1192	010s1c1o
ml6Jr	r6r/pp3p1k/5P2/4Pp2/8/1P2B3/P4K2/6R1 w - - 0 51	g1g7	1192	0p13141b1f
mn8Bs	6k1/q5rp/p1p5/4pN1p/2P1P3/1P6/P2r2PP/5R1K w - - 0 29	f5h6 g8h8 f1f8 g7g8 f8g8	1192	0p101316
nVb4C	r5k1/1b3ppp/p1q1p3/1p1rB3/7b/P2B1P1P/1PP1Q1P1/R4RK1 b - - 3 20	c6c5 g1h1 d5e5	1192	0g191o
natmy	r3k2r/1p2Bppp/p2q4/3pn3/3Q2n1/P1NB4/1PP2PPP/R4RK1 b kq - 0 16	e5f3 g2f3 d6h2	1192	0j0y1315191n1o
nvSYI	8/2p1rpk1/1p1p1Rpq/1PnPr3/p3P2p/P5P1/1P4B1/2Q2RK1 w - - 0 32	f6f7 e7f7 f1f7 g7f7 c1h6	1192	0g101119
obwwY	1k2r3/ppp2Qpp/8/q5P1/N2p3P/6nB/PPP5/2K4R b - - 0 28	e8e1 h1e1 a5e1	1192	1315191k1o
pop2f	r2qk2r/pp3pp1/2np1n1p/3Np2P/4P1b1/4PQ2/PPP3P1/2KR1BNR w kq - 2 15	d5f6 d8f6 f3g4	1192	0g1c1o
pwkc1	r2q3r/pp1bk3/2n1pnB1/3p4/Q2P2pp/2N1P3/PP1N1PP1/R3K2R w KQ - 6 17	a4a3 c6b4 a3b4	1192	1315191o
q6lQS	3RQ3/pkp2p2/7p/2p2q2/b1P5/1r1P4/1P2P2r/1K2R3 w - - 12 33	d8b8 b7a6 e8a4	1192	1315191o
rBZys	1r4r1/3q1ppk/p2p3p/1pp2N1Q/4PP2/6R1/PP4PP/6K1 w - - 2 25	g3g7 g8g7 h5h6 h7g8 h6g7	1192	050p1013161n
rUif5	3RQ3/2k4p/3p4/2p5/2p5/K1P2p2/P2q4/R7 b - - 4 37	d2c3 a3a4 c3b4	1192	0p0s13151o
rczTo	1n6/p1k2N1p/2b5/7q/P1QP4/2P2R2/6KP/1R6 b - - 0 30	h5f3 g2g1 f3g2	1192	1315191o
sHJVV	8/8/4p3/p2k4/P4b2/2PKB3/8/8 b - - 0 47	f4e3 d3e3 d5c4	1192	080g0p1o
tWD2y	B2q1rk1/p1p1bppp/4b3/2np4/1Q2P3/2N5/PPP2PPP/R1B1K2R b KQ - 0 13	c5d3 c2d3 e7b4	1192	010j191o
udTDN	r1q1k2r/2Bn2b1/4p2p/3Q4/p2P3P/1p6/PPP2PP1/2KR4 w kq - 0 20	d5e6 e8f8 c7d6	1192	1315191o
ujndc	4r2r/1b1kb1p1/3pp2p/2p5/qpBPnP2/8/1P1BQ1PP/2R2RK1 w - - 0 25	c4b5 a4b5 e2b5	1192	010s191o
un803	2qrk2r/pp3pQ1/2p1pn2/4N3/2PP4/5P2/PP2N3/R4RK1 b k - 0 26	h8g8 g7g8 f6g8	1192	01191g1o
v7YPX	6k1/1b3p2/pQ1n2p1/2p1b1Np/2P4q/B7/P4PP1/5BK1 w - - 0 28	b6d8 g8g7 g5e6 f7e6 d8h4	1192	0g0j1019
vOUH4	8/pp2N1bk/6np/4p1p1/4Q1n1/P4rPq/1PP2P2/3R1RK1 w - - 0 25	e4g6 h7h8 d1d8 f3f8 d8f8 g7f8 g6g8	1192	1317191w
vQoDZ	r2r3R/ppp2pk1/5q2/4Q3/6P1/8/5P2/R5K1 w - - 1 31	h8h7 g7h7 e5f6	1192	0g0i0p1o
vWYTo	6r1/8/p3P2p/1p1P1R2/3B2kp/2P3R1/P6K/8 b - - 0 41	h4g3 h2g2 g4f5	1192	010p1o
vc0gx	5k2/5p2/4pnp1/pB6/P2P4/b4P2/2K4P/r1B3R1 w - - 2 27	c1h6 f8g8 g1a1	1192	0g0j0p1o
xjXBf	1rq1r1k1/p1p2ppp/2p1B3/4b3/5Q2/2N4P/PPP2PP1/R5K1 w - - 0 21	f4f7 g8h8 e6c8	1192	0g191o
xr3g2	4r2k/3R2R1/4r3/p3Pb1p/5p2/PpP2q2/1P5P/K5Q1 w - - 0 39	g7h7 f5h7 g1g7	1192	0d1315191n1o
y2IVf	r2q1rk1/1ppbbpp1/p3p2p/4P3/3PNP2/1PNQ2P1/P1B4P/2R2nK1 w - - 0 20	e4f6 e7f6 d3h7	1192	0d0y1315191n1o
yvlt0	r2qkb1r/pbp1pppp/5n2/2p5/4N3/3P1Q2/PPP2PPP/R1B1K1NR w KQkq - 0 8	e4f6 e7f6 f3b7	1192	0g0j1c1o
zJL15	8/1P3pk1/R7/3pb3/8/3K2p1/8/8 b - - 1 54	g3g2 a6a1 e5a1 b7b8q g2g1q	1192	000g0p10111h
zQwxc	8/2p5/1p6/pP2nk1p/P1PBp3/4P1KP/8/8 w - - 2 46	d4e5 f5e5 g3h4	1192	0g0p1o
zY3Rh	r2q1r1k/ppp3pp/3p4/5p2/4bN2/1Q2P1R1/PPP3PP/5RK1 w - - 6 19	f4g6 h7g6 g3h3 d8h4 h3h4	1192	0y101316191n
061oj	6k1/pp1n1p1p/8/3p1NB1/3P1bPQ/1P3P1P/P1q1rRK1/8 b - - 2 29	e2f2 h4f2 c2f2 g2f2 f4g5	1193	011019
234OG	r2q2k1/5rpn/2bp3p/p1p3b1/2P1P1B1/1PBP1Q1P/2nN2P1/5RK1 w - - 0 24	f3f7 g8h8 c3g7	1193	0y1315191o
2VBoB	Qb1k2r1/5p2/2p2pr1/3q4/3P4/5N2/PP5P/2R2R1K b - - 5 26	g6g1 f1g1 d5f3 g1g2 f3g2	1193	0i101316191g1n
2ZG2q	4r2r/pp3Bp1/2p2n1k/4b2p/3P3P/2P2N2/2PK1P2/6R1 w - - 0 31	g1g6 h6h7 f3g5	1193	111315191o
2onmR	6k1/pp2np1p/6pB/4Q3/4P1b1/5q2/PP2N2P/R2K4 b - - 0 27	f3e2 d1c1 e2d1	1193	1315191o
3Ny9B	4r1k1/p6p/1p1p2p1/3P4/2Pq2Q1/4b3/PP4PP/4R2K w - - 3 28	g4d4 e3d4 e1e8	1193	0p
4UTt9	rn1qkbnr/1pp2pp1/p2p3p/4N3/P1B1P3/2N4P/1PPP1PP1/R1BbK2R w KQkq - 0 8	c4f7 e8e7 c3d5	1193	0413151c1o
5EdYn	8/6p1/3pN1kp/3q1p2/Q3n3/7P/6P1/6K1 w - - 0 41	e6f4 g6f6 f4d5	1193	0g0p0s111o
5S4Jj	8/5p1p/6p1/2BNbb2/8/1k5P/5PP1/6K1 b - - 2 39	b3c4 c5e7 c4d5	1193	0g0p1o
6SO9J	3n1rk1/5qpp/8/p3p3/1pb1Q3/8/PPNR2PP/4R1K1 b - - 2 29	f7f1 e1f1 f8f1	1193	1315191d1n1o
6esbh	r4k2/1p3ppB/1n6/2p3bp/3n3P/1r3PB1/5PK1/2R1R3 w - - 0 32	g3d6 g5e7 d6e7 f8e8 e7c5	1193	010j0k1019
89hLf	1rr3k1/4b2p/q1n3p1/1p3p2/1P3P2/2QP2P1/2N3BP/5RK1 w - - 1 27	g2d5 g8f8 c3h8	1193	0y1315191o
95Ao4	4r1k1/2Qp2pp/p4p2/1p6/3B4/1P1P1q2/P1P4P/5RK1 b - - 1 27	f3g4 c7g3 g4d4	1193	010p0s1o
A6lQv	6k1/4p2p/7P/8/1N1P2P1/8/1pr3P1/5RK1 b - - 1 49	c2c1 b4d3 c1f1 g1f1 b2b1q	1193	00050g0p101h
Aw6gv	r1bq1rk1/5ppp/8/p2pP3/P1P3n1/1B5P/1PP3P1/R1BQR1K1 b - - 0 18	d8b6 c4c5 b6c5 g1h1 g4f2 h1h2 f2d1	1193	0g0s191w
B0nvb	r1bq2rk/1p6/p1p1p1Q1/4R3/2PP3P/1P4P1/P4P2/2b3K1 w - - 2 31	e5h5 c1h6 g6h6	1193	0y1315191o
BHETS	3r2k1/1p1qbrp1/p1pp3p/5b2/1PPQ1PN1/1P5P/1B4P1/R4RK1 w - - 3 22	g4h6 g8f8 h6f7	1193	0g0y191o
Bequb	5r1r/pppk2bp/2np4/6B1/3PP1n1/2P2R2/PP1N2PP/5RK1 w - - 7 20	f3f7 f8f7 f1f7 d7c8 f7g7	1193	0e0g0s1019
Bz7ws	5rk1/2R2ppp/3Q4/R2Pp3/8/3r3P/5qPK/8 w - - 0 34	d6f8 g8f8 a5a8	1193	050p13151n1o
C1eOV	4rrk1/pp5p/2p2p2/4P1p1/3P1nP1/1q6/3Q1P1K/1BR2R2 w - - 0 27	b1a2 b3e6 a2e6	1193	01191g1o
C4DkX	5R2/4kpp1/7p/p4r2/6K1/1B6/P6P/8 b - - 3 40	f5g5 g4f4 e7f8	1193	0g0p1o
ChZ88	rnbq1rk1/pp3ppp/8/1Bbp4/8/4PN2/PP3PPP/R1BQK2R b KQ - 1 9	d8a5 c1d2 a5b5	1193	0g0s1c1o
DCzPK	r4rk1/4qppp/p3p3/3p1P2/1PpN4/2Pn2Q1/6PP/R4R1K w - - 2 26	f5f6 e7f6 f1f6	1193	0g11191g1o
DraGc	r5k1/1b2r1pp/p7/3q1p2/PP1N4/7P/1Q3PP1/3B1RK1 w - - 1 25	d1b3 g8h8 b3d5	1193	0g191g1o
ECBwq	4r2k/p2Q2p1/7p/5p2/5q2/2P2P2/PPB1rP1P/R5RK b - - 4 24	f4f3 g1g2 e2e1 a1e1 e8e1	1193	10131619
EH4jt	1nk2r2/ppp1q3/4p3/PP1pP2p/3P1NpP/2P1b1P1/6K1/RN3Q2 w - - 3 22	f4g6 f8f1 g6e7 c8d7 g2f1	1193	0g0s101119
FTvVx	r5k1/pp3ppp/2pb1n2/3p2N1/N2q2b1/3B4/PPPQ1PPP/4R1K1 w - - 0 16	d3h7 f6h7 d2d4	1193	0g0j0y191o
G4UVA	r4rk1/1bp1b1p1/p1n2p1p/3qp3/B7/3P2PP/1PPB2PN/R2Q1RK1 w - - 0 19	a4b3 d5b3 c2b3	1193	0g191g1o
G77KR	5k2/1p1bR3/p4nQ1/2p2r2/5q2/2PP4/6PP/4R1K1 b - - 0 35	f4f2 g1h1 f2f1 e1f1 f5f1	1193	06101316191n
H4q96	8/1R5p/4p1p1/8/8/5k1P/5r2/4K3 w - - 0 43	b7f7 f3g3 f7f2	1193	0g0p1m1o
HqOdJ	r2qk1nr/1bp1b2p/p4p2/1p1PN1p1/8/3B4/PPPNQPPP/R5K1 w kq - 0 15	e2h5 e8f8 h5f7	1193	1315191o
Hu5Pe	r5k1/2R3p1/p4p1p/1p2pq2/8/1P5P/P2Q1PP1/6K1 w - - 0 25	d2d5 g8h7 d5a8 f5b1 g1h2	1193	0g0p0s10
IpR3e	r2q1rk1/3n1p1p/p3p1pQ/1p1b2P1/6N1/3p4/PPP3PP/R4R1K w - - 2 19	g4f6 d7f6 g5f6 d8f6 f1f6	1193	010y1019
IxIhf	3r1k2/ppNR1pp1/6rp/2p1P3/2P2Q2/Pq3P2/1P3P1P/3R3K b - - 0 26	b3d1 d7d1 d8d1	1193	0y1315191o1y
K1ggS	8/6R1/k7/8/2PB2p1/4K3/8/q1rb4 w - - 0 71	g7a7	1193	0p13141b1d
KNoWC	3b4/5p1R/6kP/6P1/5K2/8/7r/8 w - - 1 50	h7g7 g6h5 h6h7 d8c7 f4f5	1193	000g0h0p10
KixUk	2rq1rk1/1b1n1p2/p3pbNp/1p6/1n1P1P2/3Q1N2/PPB3PP/R4RK1 w - - 1 20	g6e7 g8g7 d3h7	1193	0y1315191o
KxHot	6k1/pb4p1/1p6/2q1n1B1/8/P1P4P/4Q2K/4R3 b - - 1 36	e5f3 e2f3 b7f3	1193	0g0p0s1o
LAUFk	r1b3k1/pp5p/1q3rp1/3P4/8/1P6/P3Q1PP/R4R1K w - - 0 22	e2e8 g8g7 e8e7	1193	0g11191o
LDLAX	1r1r4/3n1kpp/5p2/1QpP4/3qP3/5P1P/PB4P1/1R3R1K b - - 2 22	b8b5 b2d4 b5b1 f1b1 c5d4	1193	011019
M3ojg	3Q4/p4ppk/1p2b2p/2b2q2/4n2N/2N3BP/PP3PP1/6K1 b - - 4 25	c5f2 g3f2 f5f2	1193	0g0y191o
M6u40	5rk1/p7/1p2pq1p/2p3P1/4p1Q1/2PrP1R1/PP4PP/R5K1 b - - 0 25	f6f2 g1h1 f2f1 a1f1 f8f1	1193	060p1013161n
N2YzU	4R3/5pkp/5qp1/1p6/8/1PQ4P/r2r1PP1/4R1K1 w - - 5 30	e8g8 g7g8 c3f6	1193	0g0i0p1o
NHPrt	1r4kr/7p/p4Q2/4Pp2/q3b3/bP6/P1P3PP/1K1R3R w - - 2 23	d1d8 b8d8 f6d8	1193	0g191o
NSCAG	2R5/1p1r1p1p/4k1p1/p7/Pr6/6P1/5PK1/3R4 w - - 2 34	c8e8 d7e7 d1e1	1193	010p1m1o
Nqbz9	2k4r/1p4b1/4p1p1/P1qp3r/5P2/2NPQ1P1/1PP2KB1/R6R b - - 1 25	g7d4 e3d4 c5d4	1193	0g191g1o
P5Qiu	6rk/6b1/bp4Pp/p2pqrQ1/P2p4/1PP5/5R1R/5NK1 w - - 0 38	h2h6 g7h6 g5h6	1193	0y1315191o
PJuV7	8/4k3/8/2r1P3/p6p/3nRB1P/1P6/1K6 b - - 6 50	c5c1 b1a2 d3b4 a2a3 b4c2	1193	0g0p10
ReYgP	r1b2rk1/p4Npp/3Q2q1/3p4/8/8/P1P3PP/R4R1K w - - 0 21	f7h6 g6h6 d6f8	1193	1315191o
RobPK	4q3/6k1/5r2/5P1R/5R1P/6P1/5P1K/8 w - - 3 61	f4g4 g7f7 h5h7 f7f8 h7h8	1193	0g0p0r101j
TNERi	2r5/pr2kpb1/4p2p/1P2P1p1/P2P1n2/2N2R2/6PP/R1B3K1 b - - 0 25	c8c3 f3c3 f4e2 g1f2 e2c3	1193	01050s10191n
UcMVZ	2q5/5p1k/p4QpP/1p4p1/6P1/1K3P2/PP2R3/6r1 b - - 6 35	c8c4 b3a3 c4a4	1193	0p0s13151o
Ufjxa	8/4r3/8/2N2ppk/7p/5P1P/2N2KP1/8 b - - 3 52	e7c7 c2d4 c7c5	1193	010p1o
UiHtb	7k/p2r1pp1/5B1p/2pq4/2pp3Q/P7/5P1P/6K1 w - - 0 35	h4h6 h8g8 h6g7	1193	0p13151g1o
VIIvx	3r1q1k/R7/1p3pPp/1P1Bp3/3nP3/6P1/5PK1/8 w - - 0 41	a7h7	1193	0p1113141b1f
VQfAZ	8/8/2p3p1/p1Pp1k2/P2P1p1P/5P2/6K1/8 w - - 1 47	g2h3 g6g5 h4h5	1193	0g0h0p1e1o1z
VoxRR	2b4r/R3Bpk1/2q1p1p1/4P3/3p1PP1/2bN1Q2/2P3K1/8 b - - 1 31	h8h2 g2h2 c6f3	1193	0g0i191o
VphpZ	3r3r/pp3kbp/2b1p1p1/qNQ2p2/8/8/PPPP2PP/R1B2RK1 w - - 4 18	b5d6 d8d6 c5a5	1193	0g0j191o
WdMKW	r4k2/6R1/4PK1p/3pN3/8/2q5/6PP/8 w - - 11 44	e6e7 f8e8 g7g8	1193	000p13151o
WoL1i	8/5pp1/7k/5Q1b/pr4R1/P4KP1/8/8 b - - 0 48	h5g4 f5g4 b4g4	1193	0g0p0s1o
X4bFa	r4rk1/ppq3pp/3b1n2/3p4/P2Q1N2/5P2/RPP1R1PP/2B3K1 b - - 0 20	d6c5 d4c5 c7c5	1193	0g191g1o
YbWRH	8/2p2p1B/1n1k1P2/1Pb5/2b2PP1/1p2r1N1/3K3P/2R5 w - - 0 27	g3f5 d6d7 f5e3	1193	010s11191o
Z59DF	2R2bk1/1p2pp1p/pq1p2p1/8/5rP1/2Q5/2K1B2P/8 w - - 0 29	c8f8 g8f8 c3h8	1193	050p13151n1o
ZGSBS	rb5k/6pp/3q1p2/pPPNr3/8/PB1R3P/1P4P1/R2Q3K b - - 0 31	e5e1 d1e1 d6h2	1193	0d0y1315191n1o
ZOcYt	2rq2k1/5ppp/Rp1rp3/3b4/8/2P1QP2/1PB3PP/5R1K b - - 4 25	d5c4 a6a1 c4f1	1193	0g0s191o
ZqHt0	3r4/2KPk1p1/2p2r1p/1p6/6P1/8/3R3P/8 w - - 4 43	d2e2 e7f7 c7d8	1193	0g0i0p1m1o
ZuhyJ	rnbq2kr/pppp2pp/3b4/4p1N1/8/2P5/PPP2PPP/R1BQK2R w KQ - 2 8	d1d5 g8f8 d5f7	1193	0y13151c1o
agOqs	3r1rk1/1b3pp1/p2p2q1/1p5p/2p1Pn2/1PP1NP2/P1BN1QPP/R4RK1 b - - 1 23	f4h3 g1h1 h3f2	1193	0g0y191g1o
bbuFE	8/ppQ2ppk/2n4p/4p3/1q2P2P/7B/5PKP/8 w - - 0 28	h3f5 h7g8 c7c8 b4f8 f5h7 g8h7 c8f8	1193	0g0i0p1w
bshPy	r4r2/pp2qpkp/4bRp1/6Q1/3P4/5N2/1P3PPP/5RK1 w - - 3 21	f6g6 h7g6 g5e7	1193	0g0j191o
c6QFQ	r2q1r2/pp1kb1Qp/8/3B4/3n2P1/8/PPP3PP/R1B2RK1 b - - 0 16	d4e2 g1h1 f8f1	1193	060i1315191o
cDygI	8/6pk/5p2/1P5p/2b5/5P2/4pKP1/R1Rr4 b - - 2 44	e2e1q	1193	000p1113141b1h
cE32o	r3n1k1/2p3r1/p7/3P4/P3P1P1/1R4qp/4BRP1/3Q2K1 b - - 1 33	h3h2 g1h1 g3f2	1193	00010i191o
cjPbw	1r5r/1q3pk1/6p1/p3p3/3nP3/8/PP3Q2/1K1B1R1R w - - 8 33	f2f6 g7g8 h1h8	1193	0x1315191o
dAVVh	4r2k/bp1R1pp1/6qp/2P3n1/1P2P3/4P2P/1B3QP1/5RK1 b - - 4 28	g5h3 g1h2 h3f2	1193	0g0y191g1o
dEb8o	2r2r2/4qp1k/pnn1pQ1p/1p1pP1p1/2pP4/2P2NR1/PPN2PPP/R5K1 w - - 4 25	f3g5 h6g5 g3h3 h7g8 f6h8	1193	101316191n
dFfMt	6k1/5p1p/4p1p1/1q2P3/2QP4/b1P3P1/2RNKP1P/3rB3 b - - 0 33	d1d2 c2d2 b5c4	1193	0g0w191o
e24tn	3rn3/2k1B3/bp2Bn2/p7/8/1P2R3/P4P2/1K6 w - - 3 35	e3c3 c7b8 e7d8	1193	0111191o
eK2x2	1r1q1rk1/pp1b1ppp/2npp3/6Q1/3P4/2PB1N2/P1P2PPP/1R3RK1 w - - 10 14	d3h7 g8h7 g5h5 h7g8 f3g5 d8g5 h5g5	1193	01050y191n1w
eRUha	8/5k2/p3Rp2/1pnB1P2/6P1/2r5/8/6K1 w - - 6 59	e6e3 f7f8 e3c3	1193	0g0j0k0p1o
eRbNB	1r4k1/5ppp/2p1p3/p1R5/P2p2PN/1r1P2N1/3B1P2/2K4R b - - 0 27	b3b1 c1c2 b8b2	1193	091315191k1o
f6Hny	8/R3N2p/4p1pk/3pPp2/4nP2/5K2/1r4PP/8 w - - 2 36	e7g8 h6h5 a7h7	1193	0i0j0p13151o
gH75e	r7/pp3rkp/3p2p1/2q5/3pP1b1/8/PPPQN1P1/R4R1K w - - 0 24	f1f7 g7f7 d2f4 f7g8 f4g4	1193	01050s1019
h1xBC	3Q4/5kpp/p4p2/1p2qP2/8/P1P2B1P/1P3bP1/4r1BK w - - 5 38	f3d5 e5d5 d8d5	1193	0g0p1o
h9Pyf	2r2rk1/p1qb1pp1/1p2p2p/8/P2nNn2/2P5/2QB1PPP/RB3RK1 w - - 0 20	e4f6 g7f6 c2h7	1193	0d0y1315191n1o
hqk6r	1r4k1/4Rp1p/p2p2p1/8/3Q1P2/P1p5/KPq4P/1R6 b - - 1 31	b8b2 a2a1 c2b1	1193	0p13151o
hs8PY	r1n1k2r/ppq5/4p2b/3pN2p/3pP1p1/3P2pP/PP4P1/R2QNRK1 w kq - 0 23	d1a4 e8d8 e5f7	1193	01191o
iJhRj	r1b2rk1/pp4p1/1bp1q3/n2NPpQ1/2P2B2/3B4/PP4PP/R6K w - - 0 21	d5e7 e6e7 g5e7	1193	0g0y191o
ig948	2r1rbk1/1bq2p1p/p5p1/1p3N2/4Nn2/1P2QP2/P4BPP/3R1RK1 w - - 0 26	e4f6 g8h8 f6e8	1193	0g0s11191o
jZJqm	3r2rk/1p6/p2p4/3PbQ2/P1P2qp1/1P3p1P/5R2/6RK w - - 0 37	f5h5 h8g7 g1g4 f4g4 h5g4	1193	0g0r0s0w1019
jcDQB	5rk1/p1p4p/2pb2p1/8/P5RP/2B1Pr2/2PP4/6RK b - - 2 27	f3h3 h1g2 h3h2	1193	0p13151d1o
kG2Wu	2b2rk1/1ppp2pp/3b4/p6q/2P2PN1/PP1BPQ1P/8/R6K w - - 1 25	g4f6 f8f6 f3h5	1193	0g0j0y191o
kRiN3	6k1/ppp2pp1/8/6PP/8/r7/1r6/3R1KR1 w - - 0 32	d1d8 g8h7 g5g6 f7g6 h5g6 h7h6 d8h8	1193	0p13171m1w
kYg8G	r2k3r/R1p3pp/3b1p2/n3p3/2B5/2P1B3/P1P3PP/4K1NR b K - 0 15	a8a7 e3a7 a5c4	1193	01191o
kmoeP	8/1p4bk/p2rQ1pp/8/2P1B2P/1P6/P2q1P2/6K1 w - - 2 31	e4g6 h7h8 e6e8 g7f8 e8f8	1193	0p101316
kwH37	r4r2/1b2qpk1/3p2pp/2p2P2/1pN4N/1PnB3P/6P1/2Q2RK1 w - - 3 29	f5f6 e7f6 f1f6	1193	0g0s191o
lmjay	r1bq1r1k/1p4pp/p2b4/3Bp3/5p2/7R/PPP2PPP/R1BQ2K1 w - - 0 18	h3h7 h8h7 d1h5	1193	050y1315191n1o
ltcAU	2r3k1/1R2R1p1/p6p/5P1n/6N1/4N3/PP2r3/5K2 b - - 33 48	h5g3 f1g1 c8c1 e3f1 c1f1	1193	0r10131619
mXSFl	rn1qkb1r/pp3pp1/2p1p2p/3pP3/3P1BPn/2NQ1N1P/PPP2P2/R3K2R b KQkq - 2 10	h4g2 e1f1 g2f4	1193	010s191o
magUP	2r2rk1/B4p1p/4p3/3pn2q/7p/2P1QPP1/PP6/3R1RK1 w - - 0 28	g3g4 e5g4 f3g4	1193	01191o
mfKUG	rn2k2r/pp3ppp/2pbpq2/3p4/4P1b1/1P1P1N2/P1PNBPPP/R2Q1RK1 w kq - 5 10	e4e5 d6e5 f3e5 f6e5 e2g4	1193	0g0s101c
mfQch	3R1bk1/p4p2/3Bq1p1/7p/6PP/2PQ3K/8/8 b - - 1 35	e6g4 h3h2 g4h4 d3h3 h4d8	1193	0g0i0p0s10
mi1tg	2kr2nr/pp4p1/b1p2p1p/8/8/2N2BB1/P4PPP/4R1K1 w - - 2 24	f3g4 f6f5 g4f5 d8d7 e1e8	1193	101316191f1g
nXVI7	8/4b3/8/1p1p1p1k/1PpP1P2/2P1B1K1/8/8 b - - 9 43	e7h4 g3f3 h4e1	1193	080g0p1o
nez4H	8/1p1R4/p4r1k/5q2/3Q4/2P2rP1/PP3P2/6K1 w - - 0 42	d4h4 f5h5 d7h7 h6h7 h4h5	1193	01050i0p0r10
o2Qtb	2r5/4p3/R7/p2BBk2/3P4/K7/4r3/8 w - - 3 44	d5e6 f5e4 e6c8	1193	010p0s1o
oejzN	8/4r1pp/pk6/1NRP1p2/3K4/1P6/6PP/8 b - - 0 42	e7e4 d4d3 b6c5	1193	0g0i0p111o
pq66d	Q7/p7/1p2q3/2p2n2/P1k2p1P/2P2P2/1PK5/8 w - - 1 47	b2b3	1193	0p1113141b
qLxBi	2r5/p4kpp/2q2n2/1pB5/8/1b4Q1/P4PPP/4R1K1 w - - 0 25	e1e7 f7g8 g3g7	1193	1315191o
qZ60d	4rk2/p4p2/1p5p/5r1P/2p2pR1/2P5/PPK2P2/6R1 w - - 4 29	g4g8 f8e7 g1e1	1193	0g0p1m1o
qxvF2	4r1k1/2p2pp1/2q4p/1B3b2/PP1p1P2/3Pn1P1/1BPQ1K2/4R3 b - - 4 27	c6g2	1193	1314191b
r05lI	6k1/5p2/5Pp1/p6p/P2p1Q2/3P2PP/1qr5/4R1K1 w - - 2 32	e1e8 g8h7 e8h8 h7h8 f4h6 h8g8 h6g7	1193	050p13171n1w
rHoJC	2Q2bk1/p4b1p/1q4p1/5p2/2p1pP1P/2P3P1/PB5K/3N4 w - - 7 36	b2a3 f7e8 c8e8	1193	0g0p1g1o
rhOOS	4rk1r/ppQ3pp/4Rn2/3q4/8/5P2/PP4PP/4R1K1 w - - 1 25	e6e8 f6e8 c7e7 f8g8 e7e8	1193	0i10131619
uAnZF	r2q1rk1/ppp2pp1/3p3p/2b1n3/1P1pP3/P4Q1P/1P3PPB/RN2R1K1 w - - 1 15	h2e5 d6e5 b4c5	1193	01191o
vDgzG	4N1k1/pp3ppp/2n5/2P2N1q/1P1PPK2/P2Q2P1/7r/3RR3 b - - 8 38	h2f2 f4e3 h5f3	1193	1315191o
vlylf	2r5/1p3Q2/p5pk/5pN1/8/P4RKP/1Pr3P1/6q1 w - - 6 37	f7h7 h6g5 h7h4	1193	0p13151n1o
vvZnO	r1b2rk1/ppq2ppp/4p3/3P1n2/3P4/1Q2BNn1/PP1N1PB1/2R2RK1 b - - 0 18	g3e2 g1h1 e2c1	1193	010s191o
wzpmb	5rk1/1Q1P1ppp/8/B3P3/8/8/4pqPP/4R2K b - - 1 33	f2f1 e1f1 e2f1q	1193	000p13151h1o
x7x3s	8/5p1k/5bpp/p7/Pn2BP2/1P1p2P1/1B5P/7K w - - 0 31	b2f6 d3d2 e4f3	1193	0g0h0p0t1o
xOVX8	r6r/p1p3kp/3bQ1p1/4n3/2BP4/6Pq/PPP2P1P/RNB2RK1 b - - 0 15	e5f3 g1h1 h3h2	1193	0y1315191o
ylrbw	r4rB1/1p4b1/p2P3k/1bR1p1p1/8/4P3/P5PP/3Q1R1K b - - 0 27	f8f1 d1f1 b5f1	1193	010s191o
zJeUc	3k3r/2p2p2/Q1p1p2r/3q1P2/3P4/P4P2/6P1/R3RBK1 b - - 0 27	d5d4 e1e3 d4e3	1193	1315191o
zy7oP	4Q3/1b3p1k/p6p/1p3rp1/2p5/P1B2P1P/BPP2KP1/3q4 w - - 0 35	e8h8 h7g6 h8g7 g6h5 g2g4 h5h4 g7h6	1193	0i0p0s13171w
02WQZ	5rk1/3P1pbp/q3p1p1/3p4/rQ3P2/N1P1B3/PP4PP/R5K1 w - - 3 24	b4f8 g7f8 d7d8q	1194	000g0y191h1o
03DB8	6k1/8/2r1RK1p/8/5P1N/3p4/P5P1/8 b - - 3 38	c6e6 f6e6 d3d2 h4f5 d2d1q	1194	000g0p101h
0NCST	2rr2k1/1pq3pp/1n2pp2/pP6/P1pN4/4P3/1Q3PPP/R1R3K1 w - - 0 23	d4e6 c7e5 b2e5 f6e5 e6d8	1194	010s1019
0Xxnx	r5k1/1b2b3/pp2pn2/1P4r1/2p5/P6Q/5PPP/4R1K1 w - - 0 28	h3e6 g8h8 e6e7 g5g2 g1f1	1194	010s1019
0g1NG	8/4k3/pR2pr2/1b5P/5R2/5pr1/1PP5/2KB4 w - - 2 36	b6b7 e7d6 f4f6	1194	0g0i0p1o
1S5s1	6k1/8/1p4p1/1PpP1pBp/P5nP/5KP1/4r3/3R4 b - - 1 54	e2f2	1194	0p0u13141b
1iSpz	6N1/pp1k3p/8/2pb4/6P1/P3p2P/1B6/4bRK1 b - - 0 31	e1f2 f1f2 e3f2 g1f2 d5g8	1194	000g0p0r10
1ozLq	8/6k1/7p/3Pb1p1/4P1P1/3Q1B2/7q/3RK3 b - - 3 58	e5g3 e1f1 h2f2	1194	0p13151o
2IjBx	2r2rk1/5ppp/R1n1p3/1q1p4/3P4/2PQP1B1/3K1PPP/7R b - - 0 21	b5b2 d3c2 b2c2 d2c2 c6b4 c2d2 b4a6	1194	050g191g1w
3EOu7	rr6/4k1p1/6Rp/5R2/n6P/P4P2/1PP5/1KB5 b - - 2 37	a4c3 b1a1 a8a3 b2a3 b8b1	1194	030j0p1013161g1n
4SXl2	4r3/ppp1npkp/4q1p1/3p4/3P1P2/2PB2Q1/PP3KPP/4R3 b - - 4 24	e6e1 f2e1 e7f5 d3e2 f5g3	1194	010j0k0p101n
5ctVe	r5k1/pp2Q1pp/4p3/3p4/2p5/6q1/PP4P1/5R1K w - - 0 25	e7f7 g8h8 f7f8 a8f8 f1f8	1194	060p1013161n
5dbOU	4k3/p3B3/3P4/2p3P1/4r3/P5K1/1P1p4/5R2 b - - 1 43	e4e1 f1e1 d2e1q	1194	000g0p1h1o
5i4ZY	8/8/2k1pp1p/p2p3P/1PpP1P2/2P1KP2/1P6/8 b - - 0 48	a5b4 c3b4 c6b5 e3d2 b5b4	1194	0g0p101e
5ne6y	8/8/kpb5/2p5/5K2/P1P1B2r/R7/8 b - - 8 42	h3f3 f4g4 f3e3	1194	0g0i0p1o
90jBK	r3r1k1/pp3pp1/2n4p/1R6/7P/1P1P4/3KNPP1/2R5 b - - 4 20	e8e2 d2e2 c6d4 e2e3 d4b5	1194	050g0p0s101n
979ug	5rk1/b5pp/p3p3/1p4BP/1P2p1K1/P1P5/4Br2/3RR3 b - - 0 28	f2g2 g4h3 g2g5	1194	010i191o1p
9ofMz	6r1/pRp1k3/1b2P3/7p/8/5r1B/P1PR3K/8 w - - 3 39	d2d7 e7f6 d7f7 f6e5 f7f3	1194	0g0p0r101p
A0H5K	6k1/ppR5/2n4p/6pB/4K2P/2P3P1/r7/8 w - - 0 43	h5f7 g8f8 f7a2	1194	0g0p0s1o
AMwQc	r3k2r/2p2ppp/p1pbb3/8/7q/5NN1/PPPP2PP/R1BQK2R b KQkq - 4 12	d6g3 e1e2 h4e4	1194	01191o
B6TFE	4r1k1/5pp1/3q1b1p/5b2/1r1p4/2nQ1P1P/1P4P1/1R1NRNK1 w - - 2 28	e1e8 g8h7 d3f5	1194	010t0y191o
BIduQ	3r4/5p2/7k/8/3r4/3pn1R1/B6K/7R w - - 7 50	h2g1 d4h4 h1h4	1194	0j0k0p13151o
C2Qhh	r1b1k2r/ppP2ppp/4p3/2n1P3/8/5N2/5PPP/3RKB1R w Kkq - 0 18	d1d8 e8e7 d8h8	1194	0g191o1p
DC75o	8/1p5p/p1p1kpp1/2P2b2/1P3K2/P2r2PP/5PB1/R7 b - - 4 31	g6g5	1194	0p13141b
Dpyp5	4r1k1/1p1Q1p2/p3qpp1/8/8/8/P1P2PPP/3R1K2 b - - 11 33	e6e2 f1g1 e2e1 d1e1 e8e1	1194	060p1013161n
Ey2xt	2k1r1r1/pp6/6N1/1P2ppQ1/P1pP3P/2P5/5qPP/1R5K w - - 0 30	g6e7 c8b8 e7g8	1194	010p0s1o
F3Yky	3r1rk1/pp3ppp/2p1b3/7N/1nP1N3/4q3/PPQ3PP/5R1K w - - 4 22	e4f6 g7f6 h5f6 g8g7 c2h7	1194	0y101316191n
FDO8i	2r2rk1/pp3ppp/1q1np3/3p4/5B2/4Q3/PPP2PPP/2KR3R w - - 0 18	e3b6 a7b6 f4d6	1194	0b0g0w191o
G0t9I	r4rk1/1p4p1/p6p/2Pppbq1/4n3/P3PB2/1P3PPP/2RQ1RK1 w - - 0 21	d1d5 g8h8 f3e4	1194	01191o
GBaPz	1k6/1r5p/b2p4/3P1p2/p1P5/P4R2/2K2P1P/3RrB2 b - - 5 34	e1d1 c2d1 b7b1 d1d2 b1f1	1194	01050p0r101p
GrvgU	b5rk/6p1/p3R2p/1p3p2/4P3/P4P1P/1qr3Q1/6RK w - - 0 30	e6h6 g7h6 g2g8	1194	1315191o
H4eTc	6k1/1pp5/8/2bP1pp1/1p6/4rBP1/2P1N1K1/1R6 b - - 1 42	g5g4 f3g4 f5g4	1194	010p111o1t
HdzZE	8/ppk3pp/2pr1p1n/4p3/1b6/1P2PN1B/P1P2PPP/2KR4 b - - 1 18	b4a3 c1b1 d6d1	1194	0i0p13151f1k1o
HeR7F	1r4k1/p1p3pp/3p4/2b1N2Q/K3P3/1Pq5/P7/R7 w - - 1 35	h5f7 g8h8 e5g6 h7g6 a1h1 c3h3 h1h3	1194	0p13171n1w
JXKZp	3rr3/2p2k2/2p4p/2Pp2p1/pP1P1p2/P2b1N1P/5PPK/2R1R3 w - - 6 33	f3e5 e8e5 e1e5	1194	0g0p0s1o
JrNAf	6r1/p2n3p/1pp1k2P/4p1p1/PP2PpN1/1KP2P2/6P1/3R4 w - - 0 28	d1d7 e6d7 g4f6 d7e6 f6g8	1194	050g0p0s101n
KLsl1	r1q2rk1/1b3ppp/p3p3/1pb1P1N1/4NP1P/1P1R2P1/PP2Q2R/2K5 b - - 0 23	c5e3 c1b1 c8c1	1194	0k0m1315191k1o
KaiV8	5b2/6kp/7p/3QN2P/5P1q/8/1p4P1/6K1 w - - 0 47	d5f7 g7h8 f7f8	1194	0i0p13151o
KlVkN	4r1k1/pQ3ppp/1p6/1P6/4BP2/1P2P1Pq/3r3P/2R1R1K1 b - - 0 30	h3h2 g1f1 d2f2	1194	0y1315191o
LN9MH	6k1/6p1/7p/1K6/p1P5/P1r3P1/8/1R6 b - - 0 35	c3b3 b5c5 b3b1	1194	0g0p1m1o
LTCDV	R7/5p2/3p4/5PP1/p4K2/1b6/1k6/8 b - - 0 43	a4a3 f4e4 a3a2	1194	000g0p1o
MR3N7	3R4/N6k/4N2p/5p2/4b3/2b2rP1/4R2P/3K4 b - - 16 50	f3f1 e2e1 f1e1	1194	1315191d1f1o
N6YFm	1r1q1rk1/p4ppp/b1pb1p2/8/pP1P1B2/2P5/P3NPPP/R2QR1K1 b - - 2 14	a6e2 e1e2 d6f4	1194	0b0g191o
NGzAA	8/2R5/kp4p1/p6p/1q3P2/4Q1P1/1P4r1/1K6 w - - 2 38	e3d3 b4b5 c7a7 a6a7 d3b5	1194	010i0p10
PfgiM	r2qk1nr/ppp2ppp/2np4/8/2Pb4/2N2B1P/PP3PP1/R1BQK2R w KQkq - 0 10	f3c6 b7c6 d1d4	1194	010w1c1o
RBRV6	3r3k/4R1Rp/3n2pP/3p4/3P2PK/2r5/8/q7 w - - 0 39	g7h7 h8g8 e7g7 g8f8 h7h8	1194	0p101316
SBEJN	1R3n1k/6pp/p1p1r2r/P1P5/3Pp3/1Q2PpPq/5P1P/5NRK b - - 4 35	h3h2 f1h2 h6h2 h1h2 e6h6	1194	050y101316191n
SINQI	B3k2r/p2bbpp1/7p/q1p2P2/6P1/1PpQB3/P1P4P/2KR3R b k - 0 23	a5a3 c1b1 a3b2	1194	1315191k1o
ScNYa	4k3/4P3/p7/8/1P6/2pq2B1/PP3P2/2KR4 b - - 1 56	c3b2 c1b2 d3d1	1194	000g0p1o
SfbgS	1k1b4/p7/5r1P/1p6/3P4/2P3P1/PP1nQ3/KR5R b - - 0 34	d2b3 a2b3 f6a6	1194	0p1113151n1o
SuhK1	r6k/7p/3q4/1p3p2/2pPp3/2Q1P2P/5P2/1r4RK w - - 0 28	d4d5 d6e5 c3e5	1194	0j0k0p13151o
Sy3Mz	6k1/ppp2ppp/3r4/3p2r1/3N4/2P1nR2/PP2B1P1/R5K1 b - - 3 22	g5g2 g1h1 d6h6 f3h3 h6h3	1194	0y10131619
TZLwm	4Rr1k/p4ppp/3b4/1p1P1qB1/2p5/4PP1P/PPQ2PK1/2R5 b - - 0 25	f5g5 g2f1 f8e8	1194	010t0w191o
Twoto	7k/6pp/p7/3B4/3Pb1Q1/4P2P/1P3rPK/R1B2q2 b - - 0 25	f2g2 g4g2 f1g2	1194	0s1315191o
U9IiR	5k2/1R2n2p/5Kp1/pP6/7r/8/8/8 w - - 0 46	b7b8 e7c8 b8c8	1194	0p13151o
UTaTn	5r2/ppp2p2/3b2bk/4r3/1P6/2P1NR2/P5PP/4R2K w - - 0 31	e3g4 h6g7 g4e5	1194	010s191o
UmzZS	8/4Qp2/p4npk/7p/8/5N1P/q4bPK/8 w - - 0 38	e7f8 h6h7 f3g5	1194	0p13151o
V2iRv	rq6/p3r1k1/1p1N3R/2p1b1P1/4Q3/4P1B1/PP4P1/R3K3 b Q - 0 34	e5g3 e1e2 e7e4	1194	0g0j0t191o
VqE2k	6k1/2R1QRp1/4p3/3p1p2/3P1P1K/1p2q2P/1P6/8 b - - 1 39	e3f4 h4h5 f4h6	1194	0p13151o
WPGiA	1Qq2k2/5pp1/4p2p/3p4/p1rP4/4P2P/5PP1/1R4K1 w - - 0 31	b8d6 f8g8 b1b8	1194	010d0p1g1o
WR5j3	2kr1r2/pbp1pp2/1pnp4/8/Q5q1/2N1PN2/PPPP1PP1/R1B1K2R b KQ - 6 14	g4g2 h1g1 g2f3 a4g4 f3g4	1194	010s1019
WXgT4	4r1k1/3r1p1p/p2p1nq1/1p2p3/8/P1P1B3/1P2Q1P1/2KR1R2 w - - 2 29	f1f6 g6f6 e2g4 f6g6 g4d7	1194	010s10191n
Xn9DY	r1b2rk1/pp1qbp2/2n4p/4p2Q/8/2PB1N2/P1P2PPP/R4RK1 w - - 0 16	h5h6 e5e4 d3e4	1194	01191o
YLLDt	r1b2rk1/ppp3pp/8/1Pn5/P1q1B3/2N1Q2P/3PnP2/R4K1R w - - 0 20	e4d5 c4d5 c3d5	1194	0g0s191o
Z9HQU	8/p3rQpk/1p2r2p/2pq3P/3pR2P/3P3K/1PP5/6R1 w - - 4 35	g1g7 h7h8 f7f8	1194	0p13151o
ZEoIu	1k1rr3/pB1bqpp1/7p/1p6/3P2n1/2P2QP1/PP3P1b/RNB2K2 w - - 3 21	c1f4 g4e5 f4e5 e7e5 d4e5	1194	011019
ZIGSD	6rk/1pp5/p4q2/4p2p/4B2r/P1PP4/1P2QP1P/R3R2K b - - 2 31	h4h2 h1h2 f6h4	1194	050y1315191n1o
Zsucs	r2b2k1/3nQppp/p3b3/4p3/8/1P2B3/P1q2PPP/3R1RK1 w - - 2 22	e7e8 d7f8 d1d8 a8d8 e8d8	1194	011019
ZvcCC	4qk2/1R2b2r/p1p1B3/4pP1p/8/5Q1P/PP4P1/6K1 b - - 0 27	e7c5 g1h1 h7b7	1194	010j0p1o
aPpPv	r3R3/pbp2ppk/7p/1p6/1bP5/1R1P1Q1P/P2q1PP1/6K1 w - - 8 24	f3f5 g7g6 f5f7	1194	1315191o
aTOXB	5Q2/1q3pp1/p3pnk1/2R4p/8/4K2N/PP4rP/4R3 b - - 6 33	b7e4	1194	1314191b
amU6R	3k4/1p2b3/3r4/3q4/6Qp/8/PP6/K2R4 w - - 2 46	d1d5 d6d5 g4g8 d8d7 g8d5	1194	050g0p0r0s10
b2YDP	4Qb1r/p1p2Bpp/3qpk2/8/1n6/5P2/PP1N1P1P/RK5R b - - 7 21	d6d3 b1c1 d3c2	1194	0s1315191o
bNu23	rk6/p3Q1pp/b1pN4/3p4/8/6PB/P2q3P/1K2R3 b - - 4 39	a6d3 b1a1 d2c3	1194	1315191o
cfylz	2r3k1/1q1r1ppp/4p1b1/R1b3B1/7P/4QP2/4N1P1/R6K w - - 3 34	a5c5 c8c5 e3c5	1194	0111191o
czQGB	r7/kp6/8/PQb1R3/8/3P2P1/2q2P1P/R5K1 b - - 0 31	c2f2 g1h1 f2f3	1194	0p13151o
do80X	7r/8/1p1N2k1/3P1R1p/2P4P/1P3P2/1K4p1/8 b - - 1 44	g2g1q f5g5 g1g5	1194	000g0p1h1o
em8EQ	3rr2k/4n1pp/p1bp1p2/2p2P2/PpB1P3/2N3P1/1PP3P1/1K1R3R w - - 2 26	h1h7 h8h7 d1h1	1194	050y1315191f1n1o
ffdto	5r1R/p1p2pk1/1p1p4/4p1PQ/8/1P4q1/P5R1/6K1 b - - 2 37	g3e1 g1h2 f8h8 h5h8 g7h8	1194	0g0p101g
fgbeb	r1bq1rk1/4bppp/ppp2n2/3P2B1/2BQ1P2/P1N5/1PP3PP/3R1RK1 b - - 0 14	e7c5 d4c5 b6c5	1194	0g191g1o
gSq9q	rnb2rk1/pppp1ppp/8/4N2Q/2B1n3/P1P5/2PP2qP/R1BK3R w - - 0 10	c4f7 g8h8 e5g6 g2g6 f7g6	1194	0g0y101c1g
gyaFF	8/8/6p1/6p1/P7/2Q3qk/2K5/8 w - - 2 57	c3g3 h3g3 a4a5 g5g4 a5a6 g3f2 a6a7 g4g3 a7a8q	1194	000g0p1h1i1l1w
hRcgv	5rk1/pp5p/3p2p1/4p3/2P2r2/3BQnNK/PP1R1P2/5R2 b - - 0 25	f4h4 h3g2 h4h2	1194	1315191o
hgvjO	2krr3/pp3Q1p/2n5/8/8/2PP1N2/P1PK1PqP/R3R3 b - - 0 21	g2f2 d2c1 e8e1	1194	0g0i191o
ht2KC	6k1/8/pB1pNpP1/P2qbP1p/7P/4R3/8/1Q3K2 b - - 1 48	d5h1 f1e2 h1b1	1194	0g0p1o1p
juIcr	rn3rk1/pp3pb1/2p3pR/3q2N1/4b3/3BP1P1/PP2K1P1/R6Q w - - 0 18	h6h8 g7h8 h1h7	1194	0d0y1315191n1o
kL6o9	8/P1prk3/2R1p1p1/7p/7P/rp2B1P1/5PK1/8 w - - 0 34	e3c5 e7f6 c5a3	1194	0g0p0s1o
kWOMl	6r1/5p1k/4p3/3p3p/P2P4/1QP2P1q/5K1P/R5R1 b - - 1 29	h3h2 f2e3 g8g1	1194	0g0i0p1o
mKJ1k	r1b2rk1/ppp2ppp/2q5/2b1P2Q/4NP2/3B4/PPP3P1/R1B2n1K w - - 0 15	e4f6 g7f6 h5h7	1194	0y1315191n1o
nRzFY	6k1/p1q3pp/5p2/8/1P1R4/P5PP/1Q3PK1/2r5 b - - 2 36	c7c6 f2f3 c1c2 b2c2 c6c2	1194	0g0p0s10
ntCxw	3R4/1pq1rkp1/p4r1p/7P/2PQ4/1P2p3/P5P1/3R2K1 w - - 2 31	d4d5 e7e6 d8d7 c7d7 d5d7	1194	010p0s10
oIW2z	r3k2r/pp3p1p/3p1p2/q1PQ4/2B1P3/8/PPK2P1P/R6b w kq - 0 17	d5f7 e8d8 f7f6	1194	040g191o
pgU22	8/8/8/8/1p3rbk/1P1BR3/P3p3/4K3 b - - 3 58	f4f1 e1d2 f1d1	1194	0g0p111o
qVRbI	3r2k1/p4p1p/4NPp1/1pp3q1/8/2PR4/1P3Q1P/5K2 b - - 1 39	g5c1 f2e1 c1e1 f1e1 d8d3	1194	0g0p0r10
quUBI	6k1/7p/p3p3/1p1p2q1/3P2b1/2P5/PP4QK/6R1 b - - 1 37	g5h4 g2h3 h4h3	1194	0p13151o
r8Vj7	rnb1k2r/pp3pp1/2qb1p1p/8/3p4/2N2N2/PPP1BPPP/R2QK2R w KQkq - 0 10	e2b5 e8g8 b5c6	1194	0g1c1g1o
rCVAF	3q1rk1/6p1/1p1N2b1/3pP3/1Q2pP2/1P6/P6P/5RK1 b - - 0 32	f8f4 f1f4 d8g5 g1h1 g5f4	1194	050g0p0s101n
riQvC	7r/2b1kr2/2p1PpQ1/1p6/2P5/5P1P/PR2NqP1/1R5K b - - 0 30	h8h3 g2h3 f2h2	1194	1315191n1o
rzL9H	r3nb1r/kpnNp1p1/p1p1P1Q1/3p2P1/PPqP1N2/R1P2P2/8/2B2RK1 b - - 0 24	h8h1 g1h1 c4f1 h1h2 f1c1	1194	050g0i0r0s1019
sDmMR	r1bqk2r/ppp2ppp/2nb4/2PQ4/8/4PN2/PP3KPP/RNB2B1R b kq - 0 9	d6g3 f2g3 d8d5	1194	0g0j1c1o
sqbew	2R5/pp3kpp/6r1/3p4/1B3n2/P6P/1P3P2/5K2 w - - 4 34	c8f8 f7e6 f8f4	1194	010p111o1p
sv9e0	3r1kr1/8/p1q5/2b1QN2/2R5/1P3PNP/6K1/8 b - - 2 32	d8d2 g2f1 c6f3 f1e1 f3d1	1194	0i10131619
t4RED	6k1/5pp1/6np/8/4P1N1/6PP/1PrRK3/r4R2 b - - 1 31	c2d2 e2d2 a1f1	1194	0g0p1o
tOxce	4r1k1/3nqpp1/p6p/3p2n1/P1pP2b1/2P1BNP1/1rB1QPP1/2R1R1K1 w - - 4 23	c2h7 g5h7 e2b2	1194	010j191o
tYm6m	8/p2Q2p1/1p3pk1/4pr2/5qp1/2P2P2/P7/1K5R w - - 0 38	d7e8 g6g5 h1h5	1194	0p13151o
tppV2	5rk1/5pbp/2N1b1p1/8/pQ1B1q2/2P4P/6P1/R5K1 w - - 0 32	c6e7 g8h8 d4g7 h8g7 b4f4	1194	0g0j1019
u6qgp	3r2k1/p4p1p/4p1pP/2p1P3/2P2PPQ/P7/2qr4/3RR2K w - - 0 36	h4d8 d2d8 d1d8	1194	0p0y13151o1y
v6os8	r3kb1r/5pp1/p4q1p/2pb4/5B2/8/PPP1BPPP/R3R1K1 w kq - 0 16	e2b5 e8d8 e1e8	1194	0k0m1315191d1f1o
v9uMa	r1bq1r1k/3nb1p1/p1n1p3/2ppP1P1/1p1P1P2/2P3P1/PP4K1/R1BQ2N1 w - - 0 17	d1h5 h8g8 g5g6 d7f6 e5f6 f8f6 h5h7 g8f8 h7h8	1194	0y111318191w
vKdh0	8/1p6/3r1p1p/8/PPkp4/2pR4/4KPPP/2R5 b - - 10 36	d6e6 d3e3 d4e3	1194	010p1m1o
vzZYR	2r2rk1/Q2bqpp1/3p1n1p/4n3/2P5/2N3P1/PP3PBP/R1B1R1K1 b - - 0 16	e5f3 g2f3 e7e1	1194	010j0y191o
wcD1L	8/8/3R4/6r1/8/2kp4/8/3BK3 b - - 0 54	g5g1 e1f2 g1d1	1194	0g0i0p1o1p
xR1Ks	8/R7/p2k1p2/2r4p/3K4/7P/6P1/8 w - - 0 45	a7a6 c5c6 a6c6 d6c6 d4e4 c6d7 e4f5 d7e7 f5g6	1194	0g0p0r1m1w
ySomU	r6r/1p2Pp2/pb4k1/4p1p1/8/6P1/PPP3PP/R2Q1R1K b - - 0 26	h8h2 h1h2 a8h8 d1h5 h8h5	1194	050p0y1013161f1n
yxgSt	8/p7/1p1K4/1k6/8/P6p/7B/8 b - - 1 58	b5a4 d6d5 a4a3	1194	080g0p111o
zWHLP	rnbk3N/1p2nQ2/p3p1p1/2p1qpB1/P7/3p4/1PP2PPP/R2K3R b - - 3 18	e5e2 d1c1 e2c2	1194	1315191o
1f1x4	r3k1nr/1pq2ppp/p1N1p3/3N4/5b2/3P4/PPP1QPPP/R4RK1 b kq - 0 12	f4h2 g1h1 c7c6	1195	0g191o
1juzW	8/8/4p1Rp/3bB3/3P1P1k/1pK1n3/8/8 b - - 6 62	e3d1 c3b4 b3b2	1195	000g0p111o
25Iig	r1b2rk1/ppb2pp1/5q1p/2p1nN2/2pPQ3/5P2/PPB1N1P1/R4R1K w - - 2 20	f5e7 f6e7 e4h7	1195	0d0y1315191n1o
2CLqE	r5k1/1pp2pp1/p3b2p/8/1Pq1BP1B/P4Q2/2P3PP/R5K1 b - - 3 22	c4d4 f3f2 d4a1	1195	010s191o
2z2Lw	5brk/2qr4/1p5p/p1p1P3/2P1N1R1/1P2PP1P/P2p4/6RK w - - 0 29	g4g8 h8h7 e4f6	1195	0f0s1315191o
35bca	rn2r1k1/ppp2ppp/3b4/3n4/3P4/N1P2B1q/PP3PNP/R1BQR1K1 b - - 2 15	h3h2 g1f1 h2h1	1195	0y13151c1o
3pcc8	3r1rk1/p3bppp/2p5/2pn1b2/8/2NP1NqP/PPPBQ1P1/R4K1R w - - 3 16	c3d5 c6d5 e2e7	1195	010b191o
3yUxY	4rr1k/3P3p/p5p1/1p1Q4/2p3P1/P2n1P2/1P3P2/1B3K2 b - - 0 35	e8e1 f1g2 d3f4	1195	0g0p0s111o
4Lks4	2k5/pp4p1/2n4p/7P/5nP1/1P1R4/PB1KBq2/5R1Q b - - 0 31	f2e2 d2c1 f4d3 c1b1 e2b2	1195	0r10131619
4nmwz	5rk1/5p2/2nq1p1B/p1p5/3pQ3/r7/7P/2R1nK2 w - - 0 30	e4g4 g8h7 g4g7	1195	1315191o
4sH56	5rk1/1p3ppp/p7/2pR3q/4B1b1/2P1PNb1/PP2Q1P1/4RK2 b - - 9 25	h5h1 f3g1 g4e2	1195	0g191g1o
5Vbkf	1q2k3/8/pp3Q2/2p5/P4P2/6KP/3r4/8 w - - 5 45	f6h8 e8d7 h8b8	1195	0g0p1o1p
67VvW	1B3rk1/6p1/4R1Qp/8/8/7P/Pq4P1/7K b - - 3 32	f8f1 h1h2 b2b8	1195	010p1o
6Owhc	kr5q/pb6/1pQp4/2pP2r1/N3P2P/1P6/P7/2b1K2R w K - 4 29	a4b6 a7b6 c6a4 b7a6 a4a6	1195	0d101316191k1n
7XRpf	1r6/4nR1p/6pk/3nP3/2bP2PP/r4P2/5B2/4R1K1 w - - 1 32	g4g5 h6h5 f7h7	1195	0i1315191o
88r56	5q2/R4bk1/2p1Q2p/6p1/8/6K1/5PPP/8 b - - 0 48	f8b8 g3h3 b8a7	1195	010p0s1o
8KsTR	3Qn1k1/pb3ppp/8/5q2/8/P1P1B3/1PP4P/4R1K1 b - - 2 24	f5g4 g1f1 g4g2	1195	0p13151o
9DU8r	3q1rk1/3p1p1p/p3p3/3rPp2/1bR2P2/1P1Q4/P4BPP/5RK1 w - - 4 30	d3g3 g8h8 c4b4	1195	0g191o
9Gf0t	1Q6/4q1k1/7p/8/2N1p2P/1P6/1P3r2/1K6 w - - 0 52	b8g3 g7f7 g3f2	1195	0g0p0s111o
9H3Dt	8/p3kp1p/1p2p1p1/4P3/P7/1P2RKP1/2rrN2P/2R5 b - - 6 25	d2e2 c1c2 e2c2	1195	010p1o
9Mrxr	r5k1/1p3pp1/5q1p/pPPp1p2/P2P1P1P/4rN2/4NQ2/4R2K b - - 5 30	e3f3 f2f3 f6h4 h1g2 h4e1	1195	0b0g0i0r0s1019
9NbSv	2r3k1/p1r2pp1/1p6/3RP3/7q/P4Q1P/1P6/K4R2 b - - 0 35	c7c1 f1c1 c8c1 a1a2 h4c4 f3b3 c1a1 a2a1 c4b3	1195	0g0i0p1w
9bsuZ	r1bqk1nr/pp3pbp/2n1p1p1/1B1pP1N1/2p2P2/3P4/PPP3PP/RNBQ1RK1 b kq - 0 9	d8b6 g1h1 b6b5	1195	010s191o
9rXhu	7k/p6p/6p1/1b2p3/4pR2/1PQ3PP/2P2K2/2q5 b - - 2 30	c1f1 f2e3 f1e2	1195	0p13151o
A9PCy	6k1/r1q1bppp/3p2b1/2p1p3/2N2nP1/3P1P2/1Q2B2K/RR6 w - - 0 30	b2b8 c7b8 b1b8 e7f8 a1a7	1195	0g1019
ACzJv	r4qkr/p2bn2p/2p1pQp1/2p1P3/2B3P1/3P4/PPP4P/R4RK1 w - - 2 20	c4e6 d7e6 f6e6	1195	0g0y191o
BZM0F	R4b1r/3b1ppp/5k1n/1p1Pp1N1/1Bp1P3/5P2/1P1KB1PP/7R b - - 0 24	f8b4 d2c2 h8a8	1195	0g0j191o
Bycqm	7k/pp4p1/2n1Q1rp/7q/3P4/2P5/PP4PP/5R1K w - - 1 29	f1f8 h8h7 e6g8	1195	0p13151o
C79Yv	1k1r4/1p1qb3/1P2bp2/1Pp1p1p1/3pPn2/3P3r/1BPN1P2/R2Q1RK1 w - - 1 25	a1a8 b8a8 d1a1 e6a2 a1a2 a8b8 a2a7 b8c8 a7a8	1195	051318191k1n1w
CCsYa	8/6pk/8/3P4/P1P2Q2/6Pp/2q2P1P/4rNK1 b - - 0 38	e1f1 g1f1 c2d1	1195	050p13151n1o
CIVX6	3rb1k1/p4pp1/2p1p2p/8/1P6/P1q4P/R3QPPB/1B4K1 b - - 3 34	c3c1 e2f1 d8d1	1195	0g0s191g1o
CT5Dk	r1b1qbkr/ppp1p1p1/1nnpP2p/6N1/3P4/5Q2/PPP2PPP/RNB1K2R w KQ - 0 10	f3f7 e8f7 e6f7	1195	000y13151c1o
CnULE	2qr1rk1/p4pp1/1p3n1p/4nN2/3Np3/1BP1QP1P/PP4P1/R4bK1 w - - 0 22	f5e7 g8h7 e7c8	1195	0g0s191o
CtwWk	r1b1k1nr/pp2bpp1/2pq3p/4pP2/P1B1P3/2N5/1PP3PP/R1BQ1RK1 b kq - 0 11	d6c5 g1h1 c5c4	1195	010s1c1o
DGiee	r5rk/1p1bpQqp/p2p4/2pP4/P1P5/2NB4/1P2KPP1/7R w - - 0 25	h1h7 g7h7 f7h7	1195	0s1315191o1y
DrIHt	5rrk/1b3ppp/p3pR2/1p2q3/3p2RQ/1B5P/PPP3P1/7K w - - 7 26	h4h7 h8h7 g4h4 e5h5 h4h5	1195	050y101316191n
F4Ljx	3r4/pp5R/2kP4/5p2/1P2pP2/P3P1p1/2r1nP2/3R3K w - - 4 36	h7c7 c6b6 c7c2	1195	010p1o1p
FIndY	5r2/p1p3b1/2pp3k/7q/7Q/2P2N2/PP4Pp/4R2K w - - 8 31	e1e6 g7f6 e6f6 f8f6 h4f6	1195	0g0p0r10
Fa2Yx	8/6p1/4R3/p1N1Np2/P4kp1/8/6PK/2r5 b - - 1 37	g4g3 h2h3 c1h1	1195	0p13151o
FdDY4	3bk2r/5pp1/2p1p3/3pPn2/1P3P1p/5N2/2PB2PP/R6K b k - 1 21	f5g3 h2g3 h4g3 h1g1 d8b6 g1f1 h8h1 f1e2 h1a1	1195	010j0k0p0y1n1p1w
Fuamb	6k1/1Q3pnp/p2p2p1/2pP4/2P1q1b1/6P1/5R1P/6K1 w - - 0 42	b7f7 g8h8 f7f8	1195	0p13151o
HCwbS	r3kb1r/1p2nppp/p1p5/q2p1p2/1n1P4/P3PN1P/1PPQNPP1/R1B1K2R b KQkq - 2 11	b4c2 e1d1 a5d2 d1d2 c2a1	1195	0g0j101c1g
HvvU0	7k/1R5p/6p1/3B2P1/1qP4P/p7/5PK1/8 b - - 4 38	b4b7 d5b7 a3a2 c4c5 a2a1q	1195	000g0p101h1n
IOBu3	6k1/3b1pp1/1q2p2p/3pP3/rb1P4/2Q5/6PP/1R2NRK1 b - - 2 24	b4c3 b1b6 c3d4	1195	0g191o
IYzmq	r2q1rk1/p4pbp/1p1Pp1p1/2p2n2/4NP2/3PBQP1/PPP4P/3R1RK1 b - - 2 15	f5e3 f3e3 g7d4	1195	0g11191g1o
J7OCU	8/1pp5/3p4/N3p1kp/3bP3/1P1P1PrP/2P3P1/4RK2 b - - 6 28	d4c3 e1b1 c3a5 b3b4 a5b6	1195	0g0h0p0s10
JWAvJ	2R5/8/1pP5/p7/1r6/6pk/8/5K2 w - - 0 45	c8h8 h3g4 c6c7	1195	000g0p1m1o
JyP2w	3r2k1/1p3ppp/p1nQ4/P1B5/5Pq1/2P5/6PP/4R1K1 w - - 1 33	d6d8 c6d8 e1e8	1195	060p13151n1o
K0hp5	r4rk1/p3qpbp/1p1Q2p1/2p1Pb2/2B5/1P2P3/PB3PPP/R3K2R b KQ - 4 17	e7d6 e5d6 g7b2	1195	01191o
K181Z	2kr4/ppp2ppp/2n5/8/2B1P3/1KN2P2/PP1b2PP/3R4 b - - 3 20	c6a5 b3c2 a5c4	1195	010i0p1o
K2cd5	r4rk1/p3qppp/1p6/1Qp1p3/4n3/B1P5/P2N1PPP/R2R2K1 b - - 1 18	e4c3 b5c4 c3d1	1195	010s191o
L1Mbk	6k1/b7/6pp/3N4/1P2R3/1r4P1/6K1/8 w - - 6 42	e4e8 g8f7 e8e7 f7f8 e7a7	1195	010p0r0s101112
L5EDX	r2q1b1r/1bp3pp/p3k3/1p1np3/4Q3/1n6/PPPP1PPP/RNB1R1K1 w - - 0 13	e4e5 e6f7 e5e6	1195	0n13151c1o
LOpzV	8/8/5p2/3N1k2/2p3R1/p5K1/2r5/8 w - - 0 49	d5e3 f5e5 e3c2	1195	0g0p0s1o
MM7aR	7r/8/6R1/1R4p1/1P1P4/2r5/PK1k4/8 b - - 1 38	c3c2 b2b3 h8h3 b3a4 c2a2	1195	0i0p1013161m
NOBjl	1n1qkbnr/rb2pppp/p7/1p1N4/2p2B2/6P1/PP2PPBP/R2QK1NR w KQk - 1 9	d5c7 d8c7 f4c7	1195	0g1c1o
NX2uk	r2q1rk1/pp1n2pp/2pb1np1/3p2B1/3P4/2N1Q3/PP2BPPP/2R1R1K1 w - - 4 16	e3e6 f8f7 e6d6	1195	010s191o
NfOOA	8/8/7p/2p2PbP/K5P1/3P4/k7/8 w - - 0 55	a4b5 g5e3 f5f6 e3g5 f6f7	1195	00080g0p10
NgPaI	3r3k/pp3Qqp/3r2p1/3p4/5p2/P7/1P3PPP/4RRK1 w - - 1 33	e1e8 d8e8 f7e8 g7g8 e8e5	1195	0g0p10
Nh5a0	r2qk2r/ppp3pp/3p1np1/3PpbB1/1bP5/5N2/PP1N1PPP/R2QK2R w KQkq - 2 12	d1a4 d8d7 a4b4	1195	010s191o
NmFBD	2k2r2/p1p4R/8/1p2N3/4P3/2P3P1/PP2r2P/3Rn1K1 b - - 1 25	e2g2 g1h1 f8f1	1195	0p13151o
O1eua	r4r2/1pp3k1/p4q2/4Qp2/1Pb5/P5NP/5PP1/4R1K1 w - - 1 25	g3h5 g7g6 h5f6	1195	0g0s191o
O5FSN	8/p1pR2pk/2p1Npb1/P3p2p/1Pr3PP/5P2/8/5K2 w - - 0 40	d7g7 h7h8 g7g6	1195	0g0i0p1o
Qhfep	5rk1/p3r1bp/4p3/4B2q/6RP/1P6/P4PP1/3Q2K1 w - - 1 30	g4g7 e7g7 d1h5	1195	0g0j11191o
RTBRj	4r1k1/1p5p/p7/6p1/5n2/1RN5/1P1p1PPP/3R2K1 b - - 0 33	e8e1 d1e1 d2e1q	1195	000p13151h1o
RfhRw	r3rk2/1b3pp1/p2p4/2pn2P1/q3B1P1/2P2PN1/P1PQ4/2K1R2R b - - 0 25	a4a3 c1d1 d5c3 d2c3 a3c3	1195	0g0w1011191k
Ro3if	1r3r1k/4p1bP/1qn3PB/3pP2Q/3Pb3/1pp5/P7/2KR3R w - - 0 27	h6g7 h8g7 h5h6 g7h8 g6g7	1195	00050r0y10131619
S1PMp	1R6/r3Qpkp/3n2p1/8/3q4/7P/5PP1/6K1 w - - 0 30	e7f8 g7f6 f8h8 f6e7 h8d4	1195	0g0p101p
S7wwi	4k3/p4p2/2p1p3/2p1B3/2P2P2/1P1rn1P1/P2r1R2/1R4K1 b - - 3 32	d2d1 b1d1 d3d1 g1h2 e3g4	1195	0g0p0r10
SCPzw	6rk/p7/2Q4p/q3p1bP/N3P1R1/1P6/PKP2PP1/5r2 w - - 3 29	g4g5 g8g5 c6h6 h8g8 h6g5	1195	050b0g0r0s1019
T1slH	4k3/8/p7/5n2/1P3N2/P6p/4r3/R6K b - - 0 36	f5g3 h1g1 h3h2	1195	000p13151o
TDxFG	r6r/7p/p3pQ2/3pN2P/4bP2/2P1P1k1/Pq6/4R1K1 w - - 0 33	f6g5 g3h3 g5g4	1195	1315191o
TMYqi	r4r2/1pp1k2p/p1n1p1p1/P7/2P1Pp2/8/1B4PP/R4RK1 w - - 0 20	b2a3 e7e8 a3f8	1195	010p1o1p
TdweR	3r1r1k/3P2pp/8/1p1BQ3/5P2/pP4q1/P1P5/2K4R w - - 0 29	h1h7 h8h7 e5h5	1195	050p13151n1o
U7IuZ	8/5k2/R6P/3r1bK1/1P6/5p2/5P2/8 w - - 4 60	a6f6 f7g8 f6f5	1195	0g0p1o
UFExM	2kr1b1r/ppp2ppp/2p2q2/4Nbn1/3P4/5P2/PPP3PP/RNBQR1K1 w - - 3 10	c1g5 f6g5 e5f7	1195	010b1c1o
UmVJ5	8/5pk1/2p4p/6p1/6Q1/2P2PqP/PP2r1P1/5RK1 b - - 4 34	e2g2 g1h1 g2h2	1195	0p13151o
Uv8im	3B2k1/1R4pp/2b5/8/8/1P1P3P/r3n1B1/3R3K b - - 0 42	e2g3 h1g1 a2g2	1195	0j1315191d1o1x
VHgo3	4rrk1/1Q1R3p/4Pppb/8/N1P5/1P6/P5PP/4qRK1 b - - 6 32	h6e3 g1h1 e1f1	1195	0i1315191o
VW12b	r3nr2/1p2qpbk/p2p4/3Qp2B/4PP1P/4B3/PPP5/2KR3R b - - 0 19	e8f6 d5d6 e7d6 d1d6 f6h5	1195	010s1019
X2qzX	2r3k1/Q3R1pp/4Pp2/1p6/1Pp4K/P5P1/1Bq2n1P/4R3 b - - 4 38	g7g5 h4h5 c2g6	1195	1315191o
XkrFh	5N1k/pp4p1/3P3p/4n3/2B5/1P5Q/P4qPP/7K b - - 0 29	f2e1 c4f1 e1f1	1195	0p13151o
YIuwi	6k1/pp1b1p2/2p2qpp/3p4/P2P2n1/2NB1PP1/1PP3P1/4rRKQ b - - 0 22	f6d4	1195	111314191b
YZdOi	1k1r3r/pp2bppp/2n1pn2/2Pp4/3P4/3qBQ1P/P2N1PP1/R4RK1 w - - 0 16	e3f4 e6e5 f3d3	1195	010j191o
Yz0zZ	2kr3r/1R4pp/p3p3/8/P2qB3/1P5P/4p1P1/3R3K w - - 0 37	d1c1 d4c5 c1c5	1195	0p13151o
bJl4e	6k1/6pp/4PP2/2r3P1/8/3p4/2bK3P/1q2R3 w - - 0 42	f6f7 g8f8 e6e7 f8f7 e7e8q	1195	000p1013161h
bh6TK	r2q2k1/pbp2ppp/7r/2b5/4N3/3B1P2/PPP1Q1PP/R4R1K b - - 8 17	h6h2 h1h2 d8h4	1195	050y1315191n1o
cj6lS	4r1k1/ppp3b1/2n5/3p1R1Q/4rB1P/1NP3q1/PP4P1/R6K b - - 4 28	e4e1 a1e1 e8e1	1195	0y1315191o
crBW6	r1b1k2r/pppp1pp1/5n1p/2q5/2n1P1Q1/2N5/PPP2PPP/R1B2RK1 w kq - 2 10	g4g7 h8g8 g7f6	1195	010s1c1o
cuaPS	5r1k/5P1p/pp6/2p4Q/P2q1r2/6R1/BbP1p1PP/4R2K b - - 1 29	f4f1 e1f1 e2f1q	1195	000y1315191h1o
dNaJE	r2qk3/pp3p1Q/4p3/2p1P3/5n2/P1P1p3/2P2P1P/R1B2RK1 b q - 0 21	d8g5 g1h1 g5g2	1195	0y1315191o
eCWxH	7k/ppp5/3p4/6rN/4P3/7R/P5PK/5r2 w - - 2 26	h5g3 h8g7 g3f1	1195	010j0k0p1o
f1ExL	r1b2rk1/p5pp/1n4q1/2p1Pp2/4pP2/P3P2P/1PPKB3/R2QB2R b - - 1 21	f8d8 d2c1 d8d1	1195	0g191o1p
f6TGG	r3r3/1b3p1k/4pBp1/4PqQp/p1pp4/8/PPP2PP1/1R4KR w - - 8 30	h1h5 g6h5 g5g7	1195	1315191n1o
fAqAz	r6r/pp4kp/1np2qp1/8/2PQ3R/4P1P1/P3KPP1/7R w - - 2 27	h4h7 h8h7 h1h7 g7h7 d4f6	1195	0g1019
fMSIQ	4r2k/p5R1/1pp1N3/5PP1/3p4/8/PPP4n/1K6 b - - 0 32	e8e6 f5e6 h8g7	1195	010p1o
gOFGi	r2qr1k1/1pp2p2/p4bpp/2Np4/3n4/P4QBP/1PP2PP1/2R1R1K1 w - - 0 21	e1e8 d8e8 f3f6	1195	0g0y191o
gQqyG	3b4/5b2/p1k1qP1Q/3pp2p/4N3/5P2/P5P1/6K1 w - - 0 50	h6c1 c6d7 e4c5 d7e8 c5e6	1195	010p0s101112
hwnXD	R4rk1/5p1p/5p2/2N5/1P1b4/5Q1P/5qP1/7K w - - 0 29	f3g4 g8h8 a8f8	1195	0i0p13151o
iHuYY	4k3/1R6/1p2K3/2r1pp2/8/8/8/8 w - - 0 47	b7b8 c5c8 b8c8	1195	0p13151m1o
iKZZU	6Q1/2p5/1p1p1p2/3Pp2p/2PqPk2/7P/6PK/8 w - - 5 52	g8g3 f4e4 g3f3	1195	0p13151i1o
ibqQp	6rk/p3r1pp/8/3pqP1Q/6R1/P1P1p2P/1P6/6RK w - - 0 38	h5h7 h8h7 g4h4	1195	050p13151n1o
joa81	6k1/6pp/1R6/8/5B2/2b3P1/1p1N1K1P/r7 b - - 5 37	c3d4 f2e2 d4b6	1195	0g0p0s11121o
knnSI	rn3nk1/pbq2Npp/4p3/7P/1p2r3/1Pp2QP1/4B1P1/RN3RK1 w - - 0 22	f7h6 g7h6 f3f8	1195	0j0y1315191o
kyDHr	3r1r2/p3k1pp/1p1p4/2p2R1B/3qP3/1Q3P2/P5PP/5K2 w - - 5 27	f5f7 f8f7 b3f7	1195	0e0p13151o1s
lGAQb	r5k1/5pp1/3qp2p/3p4/rp1P4/3QP3/5PPP/R1R3K1 w - - 0 24	a1a4 a8a4 c1c8 d6f8 c8f8	1195	010p10
meQIn	8/5p1k/6pp/P3p3/4Q3/3p1PKP/4q1P1/8 w - - 1 38	e4e2 d3e2 g3f2	1195	0g0p1i1o
mpJeq	3n4/2kb2pp/Rp6/3PP3/5P2/1n3BKP/2r3P1/8 w - - 1 34	d5d6 c7c8 a6a8	1195	0p13151f1o
my1QS	5r1k/p5p1/bp4Qp/2qpR3/4P3/2P5/PPP3PP/6RK b - - 0 26	c5g1 h1g1 f8f1	1195	050p0y13151d1n1o
o13BE	8/7p/3Q2p1/p5k1/3Kp3/6P1/3p1P1P/4q3 w - - 4 49	d6f4 g5h5 f4h4	1195	0p13151i1o
oOJlk	5Bk1/pp3ppp/6q1/3p4/2p3n1/2Pb4/PP1N2PP/R1Q3KR b - - 2 23	g6b6 f8c5 b6c5	1195	111315191o
oW97B	3Q4/8/p7/4n3/8/P3k3/KPb5/2q5 w - - 9 54	d8g5 e3d4 g5c1	1195	010p0s1o1p
obTob	3r1kr1/5pq1/b3R3/p1p4Q/8/5P2/P5PP/6K1 w - - 0 32	h5c5 d8d6 c5d6	1195	0p13151o
qYbKE	8/pppR3p/6pk/4N3/6P1/5P1q/P1K5/8 w - - 2 40	e5f7 h6g7 f7g5 g7f6 g5h3	1195	0g0j0k0p10
qhr90	r1b4k/pp3p1p/5p2/4n3/3pR1N1/7q/PPP2P2/R2Q1BK1 b - - 0 21	e5f3 d1f3 h3f3	1195	010y191o
r75N1	3r4/3k4/1p1P2pP/2n5/2P5/4Q3/1BP3qP/3bK3 w - - 1 36	e3e7 d7c6 e7c7	1195	0p0q13151o
rPD7s	8/1p4k1/pN2Qn1p/2q3p1/4Pb2/P4P2/1P3RPP/6K1 b - - 0 29	c5c1 f2f1 f4e3 g1h1 c1f1	1195	0i0p101316
ri7l9	k1r5/2p3pp/Pp6/q4p1n/Q2N4/3P3P/P1P2PPK/8 w - - 5 29	a4c6 a8a7 c6b7	1195	0p13151k1o
rqNth	5k2/6pp/8/3R4/1P3n2/5P1P/6PK/1r6 w - - 3 37	d5f5 f8e7 f5f4	1195	010p0s1o
rqteR	8/8/8/7k/1R4p1/r6P/6PK/8 b - - 2 45	g4g3 h2g1 a3a1 b4b1 a1b1	1195	0p1013161m
sBlPU	r3k1r1/1p3p1B/p1b1pQ2/8/3P4/8/P2q1PPP/4R1RK b q - 0 20	c6g2 g1g2 d2e1 g2g1 g8g1	1195	0i10131619
sIVl2	r4r1k/1p1q2pp/3p1p2/1pp1nP2/3nPR1Q/P1N4P/BP4P1/3R2K1 w - - 0 24	h4h7 h8h7 f4h4	1195	050y1315191f1n1o
sZ2bU	3rrk2/1bq3p1/p1nppp2/1p2b1N1/1P5Q/P3R3/2P2PPP/1R4K1 w - - 0 22	h4h8 f8e7 h8g7	1195	0i0q0v1315191o
shxpo	8/4nQp1/3kqb2/3p4/3P3r/1P2P2P/6P1/R5K1 w - - 2 34	a1a6 e7c6 a6c6 d6c6 f7e6	1195	050g0i0p10
tILLn	5rk1/p5p1/2p3b1/2pp4/6Rq/P1NP3P/1PP4K/5Q2 w - - 1 29	f1f8 g8f8 g4h4	1195	0g0p1o
tYWKt	7r/4qpkp/3p2pb/1B2p3/Q1P2n2/2B2P2/PP3P1P/3RR1K1 b - - 0 24	e7g5 g1f1 g5g2	1195	0y1315191o
tdW91	8/5rkp/2p1R1p1/pp5n/2pP2K1/2N4P/PPB2P2/R7 b - - 7 29	f7f4 g4g5 h7h6	1195	0p13151o
tojiI	8/6K1/1Pr5/5N1p/8/1k6/8/8 w - - 0 48	f5d4 b3c4 d4c6 c4b5 b6b7	1195	000g0p0s10
uBjgI	8/Q4p1p/4p1p1/P3k3/8/5K1P/2q2PP1/8 b - - 0 31	c2e4 f3g3 e4f4	1195	0p13151i1o
uPODN	r2qr1k1/1b2bppp/p1p2n2/8/2B5/2N3B1/PPP1Q1PP/R4RK1 b - - 2 15	e7c5 g1h1 e8e2	1195	010j191o
utSFf	1n1qkbnr/r1pp2pp/4pp2/4N3/2BP4/5Q2/1P3PPP/1RB1K2R w Kk - 0 11	f3h5 g7g6 e5g6 h7g6 h5h8	1195	01101c1t
uw1O0	3k4/5p2/2B1bPp1/1p2Q3/p6p/P2q3P/6P1/7K w - - 8 45	e5b8 e6c8 b8b6	1195	0p13151o
vhqfr	4r1k1/pb2q2p/1p2p1pP/2p1Q1P1/3p2B1/8/PR6/3K4 w - - 0 31	g4e6 e7e6 e5g7	1195	0p13151n1o
vlbnF	8/8/2p3p1/2p4p/7P/P7/1PkrRK2/8 w - - 6 43	e2d2 c2d2 a3a4 c5c4 a4a5	1195	0g0h0p101l1m
vrjgX	r7/pp6/n2p1R1p/2pP2k1/6r1/b7/6P1/5R1K w - - 0 32	f1f5 g5h4 f6h6 h4g3 f5f3	1195	0i0p0q101316
wEUBQ	1R6/5pk1/p7/7R/4nP1K/P5P1/2r4P/8 b - - 0 39	c2h2 h4g4 e4f6	1195	010p1o
xf9FS	1k5r/pp2qppp/2p1p3/2Nr4/3P4/Q6P/PPP2PP1/R5K1 w - - 2 24	c5a6 b7a6 a3e7	1195	0g0j0p1o
yF99S	8/8/7p/2k3p1/1R4P1/1Kp4P/P4r2/1N6 b - - 0 56	f2b2 b3c3 b2b4	1195	010p0s1o
ykVQq	4R3/pp1r3p/6pk/5b2/3qn3/1B5P/P5P1/4Q2K w - - 5 32	e1h4 h6g7 e8g8	1195	1315191d1o
z7TNT	1k3r2/1p4R1/6pp/8/3pP1n1/3P2Pq/PPP1Q2P/5RK1 b - - 2 24	f8f1 e2f1 h3h2	1195	0p13151o
2QSa1	r1bqkb1r/pp3ppp/2n5/1B1p4/3QP3/5N2/PP3PPP/R1B1K2R b KQkq - 2 9	d8a5 c1d2 a5b5	1196	010s1c1o
2wATG	rk3r2/p7/Bp2p1Q1/3p1p2/PP1P4/2q1P3/2P2PP1/R4K2 b - - 5 30	c3a1 f1e2 a1a4	1196	0g0p0t1o
2y8zw	r5k1/1q1n1ppn/rB1p3p/1QpPp3/2P1P3/3B1N1P/R4PP1/R5K1 b - - 0 26	a6a2 a1a2 a8a2	1196	0g191o
4YtWl	8/6k1/8/pP6/2B2RK1/2r5/P4p2/8 b - - 5 56	c3c4 f4c4 f2f1q	1196	000g0i0p1g1h1o
5S28Y	r2qkbnr/ppp3pp/3p1p2/4N3/2B1P3/2N5/PPP2PPP/R1BbK2R w KQkq - 0 8	c4f7 e8e7 c3d5	1196	13151c1o
6GR1Y	8/pp6/2p3p1/2P3q1/1P6/K6Q/P4k2/3B4 b - - 0 58	g5c1 a3a4 c1d1	1196	010p0s1o
6b17L	r1bqkb1r/2p2ppp/4pn2/RP1p4/1P1p4/4PN2/5PPP/1NBQKB1R b Kkq - 0 10	f8b4 c1d2 b4a5	1196	010s1c1o
6eEK8	r1bqrbk1/pp1n1p2/2p1pn1Q/6N1/8/2NB4/PPP2PPP/R4RK1 w - - 3 14	d3h7 f6h7 h6h7	1196	0y1315191o
7YZW3	2r2r2/p3qpk1/1p2pNpp/4P3/2np2PQ/P1P5/5P1P/R3R1K1 w - - 0 30	f6h5 g6h5 h4e7	1196	0g0j191o
7qOl1	8/3Q2p1/pRp2qkp/3p4/PP1r4/7P/5PP1/6K1 b - - 6 37	d4d1 g1h2 f6f4 g2g3 f4f2	1196	0p101316
8V9du	8/p7/6RP/3pK2k/3P4/5rp1/8/8 w - - 1 59	h6h7 h5g6 h7h8q	1196	00010p1h1m1o
9p6r4	b1r3k1/4b1p1/ppq1N2p/5Q2/P1P4P/1P4P1/2P4K/5R2 w - - 0 41	f5f7 g8h8 f7g7	1196	0s1315191o
BSDEs	rn3k1r/ppp2Bpp/5n2/4N3/7b/1P6/P1PP3p/RNBb3K w - - 0 14	c1a3 c7c5 a3c5	1196	13151c1o
BotH7	r5k1/p3pRb1/1p2P1Qp/2pP2r1/4P3/3nK3/P5Pq/8 w - - 2 31	f7g7 g8h8 g7h7	1196	1315191o
C1YPV	8/7K/8/8/8/1rk5/4Q1PP/q7 w - - 7 64	e2e5 c3d2 e5a1	1196	0g0p1o1p
CRv79	r3n2k/1b5p/1B1p1p2/1P1Pp1rq/R1P1P3/3B4/5QPP/R5K1 b - - 0 33	a8a4 a1a4 h5d1 d3f1 d1a4	1196	01050s1019
D3B5h	r5n1/5r1k/4pP1p/p3P3/3P1Q2/R4R1P/1qP5/6K1 w - - 1 31	f4e4 h7h8 e4a8	1196	0g0s191o
DqPk2	2Rr3k/6pp/p1p1Qp2/1p6/3q1P2/7P/P1P3P1/7K w - - 6 35	e6e8 d8e8 c8e8	1196	060p13151n1o1y
Ds8tb	6r1/1ppq1prk/p1pb1p1p/5P2/5P2/2N2R1Q/PPP3PP/3R2K1 w - - 8 20	h3h6 h7h6 f3h3	1196	051315191n1o
EcKz5	2r4k/pb4p1/7p/8/8/3PQ3/PPq2PPP/R1B3K1 b - - 1 21	c2d1 e3e1 d1e1	1196	0p13151o
EdPQj	1r3r1k/pbpqn1pp/1p1p1p2/3B4/3PP3/2P4R/P1PN2PP/R2Q2K1 w - - 10 16	h3h7 h8h7 d1h5	1196	050y1315191n1o
F6vIJ	4rr2/1b3pk1/2p3p1/4p3/4PbP1/1BP5/PP2N1P1/R4R1K b - - 3 27	f8h8 h1g1 f4e3	1196	01191o
F9ned	r2q1r2/ppp3pk/1b1pb1np/5N1Q/4P2P/2P1PN2/PP4P1/R4RK1 w - - 1 18	f3g5 d8g5 h4g5	1196	01191g1o
FCVg8	3k4/bpp1N2r/3P4/1p2p3/4n1p1/2R3P1/P7/2K5 w - - 2 37	d6c7 d8e7 c7c8q	1196	00010p1h1o
Fb8CO	r1bqkb1r/5ppp/p2pp3/1p6/2QNn3/2P5/PP3PPP/RNB1R1K1 w kq - 0 12	c4c6 c8d7 c6e4	1196	010s1c1o
G9OMN	r2q2k1/p1p1R2p/1pnp2p1/5r2/3P3Q/2Pn1P2/PP3P1P/RN4K1 w - - 3 20	h4h7 g8f8 h7g7	1196	0y1315191o1u
GYQng	2r2rk1/1pq2ppp/pR3n2/5P2/1Q2p3/2P3P1/P4PBP/2R3K1 b - - 7 23	f6d5 b6b7 d5b4 b7c7 c8c7	1196	0g0s10111219
Ge6fy	r1b3k1/ppp1r1pp/5p1B/3q4/4N3/6Q1/P4KPP/R7 w - - 0 22	e4f6 g8h8 f6d5	1196	0g191g1o
GnrAr	rnbqk2r/pp4pp/2p5/3p1p2/1P1Pn3/P2BPP2/1B1N2PP/R2QK2R b KQkq - 0 13	d8h4 g2g3 e4g3 h2g3 h4h1	1196	011019
GzWpp	r1q2r2/4bkpp/3pn3/3Qp2P/n3PP2/Pp2B2B/1P6/1KNR3R b - - 0 26	c8c2 b1a1 c2b2	1196	1315191k1o
J40sS	r4rk1/1n2bppp/p3p3/3n4/3P4/P1N1PN2/1P3PPP/R1R3K1 w - - 4 17	c3d5 e6d5 c1c7 f8b8 c7e7	1196	010d0s1019
J5B2C	2r2bk1/1p3pp1/2b1p3/p3P1RN/8/3B3P/5PP1/6K1 w - - 4 32	h5f6 g8h8 g5h5	1196	0p13151g1o
JlYoX	N5k1/4R2p/2p3pB/p2p4/P2b2P1/1P1b1r2/5P1P/6K1 w - - 2 24	e7e8 g8f7 e8f8 f7e7 f8f3	1196	0g0p101p
KCrHn	r5rk/pppb1R1p/3p4/3Pb3/2P2B1q/1P1Q4/P3N1PP/4R1K1 b - - 6 22	h4e1	1196	0t0y1314191b
KkCZy	8/8/7p/8/pN5P/P1pn4/1k6/3K4 w - - 2 41	b4d3 b2a3 d1c2 h6h5 c2c3	1196	0g0p0z10
MX7q2	4r3/pb3p1k/1p1rq1n1/6Qp/7P/2B5/P1P5/2K3R1 w - - 2 31	g5h5 h7g8 h5h8	1196	1315191g1o
MfTsJ	r3k2r/1bppbp2/pp2q3/4Pn1p/6p1/P1N2B1Q/1PPB1PPP/2KR2R1 w kq - 0 20	f3g4 h5g4 h3h8	1196	01191o
NxwKL	3r4/6R1/2p4p/p6k/P1P5/5r2/2K1R3/8 w - - 0 43	e2h2 f3h3 h2h3	1196	0p13151m1o
O2R4E	1r1qr2k/pb6/1p4Qp/8/3b1P2/PB1P2P1/R1P2N1P/5RK1 b - - 0 26	d4f2 f1f2 e8e1 f2f1 d8d4	1196	0y10131619
OvbVI	3r1r1k/R5p1/p2p3p/np6/3R2N1/P1PP3P/5PP1/6K1 b - - 6 33	a5c6 a7a6 c6d4	1196	010p0s1o
PTO47	4b3/3k2p1/2pp2r1/1Q1N4/4P3/3P3P/1P5K/2q5 w - - 0 35	b5b7 d7e6 b7e7	1196	0p13151o
PrB9A	r2r3k/5p1P/nqp1p3/pp6/5n2/8/PPB1Q1PP/R3R2K w - - 1 29	e2e5 f7f6 e5f6	1196	0s1315191o
SjkiL	r2q1rk1/ppp2ppp/2n1p3/3p4/1bPP4/2N1PbP1/PPQ1BPP1/2R1K2R w K - 0 12	c2h7	1196	0y1314191b
SwkWW	r5k1/pp3ppp/1bpR2b1/6B1/4nPP1/2P1Q2P/P3B3/4R1K1 b - - 0 24	b6e3 g1g2 e4d6	1196	0g0t0w191o
Tph1I	rnbqk1nr/pp4pp/3bpp2/3pN3/2pP1B2/4P3/PPPN1PPP/R2QKB1R w KQkq - 0 7	d1h5 g7g6 e5g6 h7g6 h5h8	1196	0g101c1g1t
Uip2T	r1b1kb1r/1pp2p1p/p5p1/n2qp1N1/2P5/1P6/PB1PBPPP/R2QK2R b KQkq - 0 11	d5g2 e2f3 g2g5	1196	0g0s1c1o
VmzCZ	rn2kq1r/1p3pQp/p3b3/8/2PN4/3BK3/3B1PPP/7R w kq - 2 20	d4e6 f8g7 e6g7	1196	01191o
VqNts	6k1/2Rn1ppp/1p3q2/3p4/3P4/4P1KP/5PP1/Q7 b - - 0 29	f6d6 f2f4 d6c7	1196	0g0p0s1o
WmurE	8/1p4p1/p1p5/1P2k3/3R2PP/2N1K3/1P5r/8 b - - 0 37	h2h3 e3f2 e5d4	1196	0g0i0p1o
WnEo5	r5k1/5p1p/2Q1p1p1/1RN5/3P4/4P1P1/4qP1P/6K1 b - - 0 30	a8a1 g1g2 e2f1 g2f3 f1h1	1196	0g0p10
XT2fh	Q1bqkr2/p2pb1pp/1p6/8/3P4/2P5/PP4PP/RN3RK1 b - - 0 18	f8f1 g1f1 c8a6 f1g1 d8a8	1196	050g0j1019
XlPbA	r3q3/6pk/p1pp2Np/1p3Q2/3P1R2/Pn6/5KPP/4r3 w - - 3 27	g6f8 h7h8 f5h7	1196	0k0m1315191o
XmjMn	8/ppp2k2/8/Q7/2q2P2/PP6/K7/R1Bn4 b - - 4 38	c4c2 c1b2 c2b2	1196	0p0q13151o
YsxBh	6k1/1p3ppp/r1p5/1q2p3/1B6/1QP5/1K4PP/R7 b - - 0 35	b5e2 b3c2 e2c2 b2c2 a6a1	1196	0g0p10
YxJnw	b5k1/6p1/p7/8/5RP1/8/PPq1r3/5QK1 w - - 2 37	f4f8 g8h7 f1h3 h7g6 h3h5	1196	0p0s101316
ZDHxP	r2q2k1/2p3P1/2n1pr2/p1Q1p1N1/1p2Pn1P/2PP4/PP1N4/2KR3R b - - 3 26	f4d3 c1b1 d3c5	1196	0g0s191o
ZbQCF	5k2/p5pp/1p3p1q/6r1/1P3n2/P6P/Q4PPK/3R2R1 b - - 3 39	g5g2 g1g2 h6h3 h2g1 h3g2	1196	050p1013161n
ZjIGf	2kB1b1r/1ppn1pq1/p2p4/3Pp3/4P1Q1/2N4P/PPP2P2/R3K2R b KQ - 0 16	g7g4 h3g4 h8h1 e1e2 h1a1	1196	0g10191p
ZkJrq	6k1/1r4p1/2q1pPQ1/8/8/4P2P/2p5/5RK1 w - - 1 34	f6f7 b7f7 g6f7	1196	000g0p111o
aXLbk	4R1nr/pp1k3p/3q4/8/2Q5/5P2/PP4KP/3r4 w - - 7 35	c4c8	1196	0p13141b1u
anYZH	8/Q7/4pP2/8/1p4q1/4B3/2k1nP2/5K2 b - - 6 44	g4g1 f1e2 g1d1	1196	0p13151n1o
b7N8P	r7/pp3ppp/3r4/6R1/5k2/6N1/bP3KPP/8 w - - 0 27	g5f5 f4g4 h2h3 g4h4 f5h5	1196	0p101316
bu6hs	5k2/pp3pp1/2p5/5P1r/2B2Q2/3P1KPq/PPP5/R7 b - - 4 29	h5f5 f4f5 h3f5	1196	010p1g1o
dd2TO	r6r/ppp2R2/2p1b1k1/6q1/4P1n1/2PP3P/PP1Q2P1/RN5K w - - 1 21	f7g7 g6g7 d2g5	1196	050g0i191o
eenIS	8/6k1/2P4p/1R3K2/p7/P7/1P4r1/8 b - - 0 53	g2g5 f5e6 g5b5 c6c7 b5c5	1196	0g0p101m1p
fDi8j	r6r/pp3p1p/1b1k2p1/1B1pn3/8/P2NP3/1P1BbPPP/2R2RK1 w - - 8 18	d2b4 d6e6 d3f4	1196	0g191o
fPvdS	r2qk2r/pppnp1b1/7p/3nNpp1/3P4/4P3/PPP2PPP/R2QK2R w KQkq - 0 13	d1h5 e8f8 h5f7	1196	1315191o
foj0m	8/1Pk4p/5pp1/8/3bK3/7P/5PP1/8 w - - 0 44	e4d4 c7b7 d4d5 b7c7 d5e6	1196	0g0p10
g4xck	r4b1r/ppk3p1/8/2P1p1N1/Q1b1P3/3p2n1/P1P3PP/R1BR2K1 b - - 0 28	f8c5 c1e3 c5e3	1196	0y1315191o
gDAO0	4k1r1/5p2/3Q4/2p5/4P3/6P1/7P/2q2NK1 w - - 2 35	d6b8 e8e7 b8g8	1196	010p1o1p
gdb4Z	r1bqk2r/p1p3pp/2pb4/4Np2/4p3/8/PPPP1PPP/R1BQR1K1 w kq - 4 12	d1h5 g7g6 e5g6 h7g6 h5h8	1196	0g1019
jDprx	r4q2/p6k/1p1Np1pP/2n1P1Q1/3Rb3/8/PPP3P1/2K2r1R w - - 1 25	h1f1 f8f1 d4d1	1196	01191o
jlTi6	r3kbn1/ppp4r/2b1pqNp/3p2BQ/3P4/2N5/PPP2PPP/R4RK1 b q - 2 12	f6g5 h5g5 h6g5	1196	01191o
jyR2q	r2q1rk1/p4p2/2pPp1pQ/3p4/8/2N2n2/PP2K3/R6n w - - 0 23	a1h1 f3h4 h1h4 d8h4 h6h4	1196	011019
kqLXH	8/1p3r1k/p5pp/2PP2p1/3B1n2/1Q6/P1P3PP/6K1 b - - 0 34	f4e2 g1h1 f7f1 d4g1 f1g1	1196	0p0s101316
l2HIv	8/6pp/1p3p2/p7/3k4/1P1r3P/4KPP1/R7 w - - 0 33	a1a4 d4c3 a4c4 c3b3 e2d3	1196	0g0i0p101m
mTR9b	3Q4/1k5p/4Q1p1/1p6/8/8/1r1r4/7K b - - 0 45	b2b1 e6e1 b1e1	1196	0p13151o
n0qrF	2kr1b1r/ppp1pppp/2q5/1N6/5n2/8/PPP1QPPP/R4RK1 w - - 0 14	b5a7 c8b8 a7c6	1196	0g0s191o
nUObY	4k3/pp6/3PP3/7n/8/5K2/PP1B4/7r w - - 1 40	d6d7 e8e7 d2g5 h5f6 g5f6 e7f6 d7d8q	1196	0001050p0r1h1w
ngJu1	6k1/pp3p1p/2r2B2/2b1Pp2/8/8/PP1r1PPP/3RR1K1 b - - 2 21	c5f2 g1f1 f2e1 f1e1 d2d1	1196	01050p0s10
ofpf3	r1b1kr2/pp1pbpQp/2n1p1q1/8/4N3/P2B1N2/1P3PP1/2R2RK1 w q - 6 20	e4d6 e7d6 d3g6	1196	010j191o
ojftZ	8/6p1/1N1k4/p4p2/P2K4/7P/1n4P1/8 w - - 8 41	b6c4 b2c4 d4c4 d6e5 c4b5	1196	0g0p0z10
rFTte	1k1r1b1r/2pb1ppp/Q1npqn2/8/P3P3/R1p5/1P1NNPPP/2B1K2R w K - 0 15	a3b3 e6b3 d2b3	1196	01191o
rvtLd	r1b5/6pp/1kp2p2/p1N5/5PP1/n6P/4B3/R5K1 w - - 3 33	c5a4 b6c7 a1a3	1196	010p1o
tApPe	5rk1/6pp/2b1p3/2q1P3/8/2P1Q3/PP4PP/R3R2K b - - 0 25	f8f1 e1f1 c5e3	1196	0g0i0p1o
tJuW6	5r1k/2p3p1/2p3Kp/8/2B3P1/2N1B3/P2r4/2R5 b - - 0 35	f8f6 g6h5 d2h2	1196	0p13151o
tQz1i	8/8/8/5p2/1R6/6k1/r5P1/6K1 b - - 20 66	a2a1 b4b1 a1b1	1196	0p111213151m1o
tZSsD	3r1rk1/1b4pp/pq1Npp2/1p2b3/2p5/7Q/PP2BPPP/1R1R2K1 w - - 4 22	h3e6 g8h8 d6f7	1196	0g0y191o
tcViL	r5k1/1p3rpp/p3Q3/8/3n1PP1/q3BR2/7P/2R3K1 w - - 1 24	c1c8 a8c8 e6c8 a3f8 c8f8 f7f8 e3d4	1196	01191w
uFsYJ	2krr3/5p1p/2nb2p1/pp1p4/2pP4/2P2PB1/PPNK1P1P/4R1R1 w - - 0 20	e1e8 d8e8 g3d6	1196	01191o
uHDX4	5k2/6p1/p1p1p1B1/1p1qP2Q/nP1r4/P6P/6r1/6RK w - - 0 34	h5h8 f8e7 h8e8	1196	1315191o
uyzjv	8/4k1p1/4P2p/2p1K2P/5P2/8/8/8 b - - 1 64	c5c4 e5d4 e7e6 d4c4 e6f5 c4d5 f5f4	1196	0g0p1e1l1w
va4Cb	k2r3r/1pQ2pp1/3p4/p2NP3/Pb1P4/7b/5RBq/1R3K2 w - - 1 32	d5b6 a8a7 c7b7	1196	1315191k1o
vqwyh	7k/pp4r1/7p/5Q2/7q/2P3P1/P1P2PK1/8 w - - 3 40	f5f8 h8h7 f8g7 h7g7 g3h4	1196	0g0p0r10
wYLIL	6k1/R4ppp/1p3n2/3N4/1P6/P2r4/1B3PPK/8 b - - 0 34	f6g4 h2g1 d3d1	1196	0p1113151o
xzPqH	2r2rk1/p3qppp/1p2pn2/8/3N4/2P3Q1/PP3PPP/3RR1K1 w - - 5 22	d4f5 e6f5 e1e7	1196	0g191o
zRpZB	r6r/pN1b4/7p/2pkP3/5b1P/3Pn1p1/PPP1Q2N/5R1K b - - 1 32	g3g2 e2g2 e3g2	1196	000g0s191o
zYSRE	8/p7/3k2Kp/3R4/1pp4P/6P1/PP3P2/8 b - - 0 33	d6d5 f2f4 c4c3 b2c3 b4c3 f4f5 c3c2 f5f6 c2c1q	1196	000g0p1h1w
0JRqy	5r1k/5pnP/5Qp1/p1Pp4/3Nr1qR/2R3P1/PP6/2K5 b - - 2 33	e4e1 c1c2 g4d1	1197	0n1315191k1o
1reJe	R7/3N1pp1/4pbk1/7p/3p3P/2r3P1/4nPBK/8 w - - 0 43	g2e4 g6h6 a8h8	1197	0p13151f1o
2TGT0	5r2/pp3P1k/3p4/2p3B1/P3p3/R1P2p1q/1P2n2P/5QRK b - - 2 29	e2g3 g1g3 h3f1	1197	0g0i0y191g1o
2hqE5	6r1/pp1R3p/2p2k2/2P2p2/6b1/r5P1/P2R1K1P/8 w - - 2 36	d2d6 f6g5 h2h4 g5h5 d7h7	1197	0p101316
3Zakx	8/4Q1R1/kp6/p1ppP3/5P2/KPP5/P2q4/8 b - - 2 42	d2c1 a3a4 b6b5	1197	0p13151o
3mzOS	4KQ2/r4B2/5kp1/7p/4P3/8/8/8 b - - 0 69	a7a8 e8d7 a8f8	1197	0g0p1o1p
3zS1Z	8/3P1p2/R2K2p1/bk5p/8/6P1/2r4P/8 w - - 5 60	a6a5 b5a5 d7d8q	1197	0001050p111h1o
4nlif	6k1/1P1N1p2/3NpP2/3pP3/3r2p1/8/1K6/8 b - - 0 71	d4b4 b2c3 b4b7 d6b7 g4g3	1197	0g0p101n
4oc72	8/1r3k1p/3p1Bp1/2pPb1P1/7n/7B/8/R6K w - - 9 43	h3e6 f7f8 a1a8 b7b8 a8b8	1197	0p1013161f
5uP5w	8/1p6/2bR3p/2P2kp1/p3pp2/4B1PP/2r2P1K/8 w - - 2 39	g3g4 f5e5 e3d4	1197	0p13151a1o
64rJw	2b5/p1q2rk1/2p4p/2p1R1pQ/7r/1P1P3P/P1P2PP1/4R1K1 w - - 0 25	e5g5 h6g5 h5g5 g7h7 g5h4	1197	0g0s10191n
67PrB	8/8/2R5/3r2p1/3p2P1/r2k4/7K/5R2 w - - 0 44	f1f3 d3e4 f3a3	1197	010p1m1o1p
6FSO1	r6k/5p2/1pp4p/p2Pr3/P5q1/2Q1P2N/1P3b1P/R6K w - - 0 29	c3e5 h8h7 h3f2	1197	010t191o
6hd3k	3r1r2/pb6/1p3kp1/4pp1p/3PpN2/2P1R3/PP4PP/5RK1 w - - 0 30	d4e5 f6e5 f4g6 e5f6 g6f8	1197	01050p0s10
6tju2	6k1/5p2/7Q/6p1/8/5PPK/3q3P/8 b - - 0 36	g5g4 f3g4 d2h6	1197	0g0j0p111i1o
7Fim5	5rk1/1pp3p1/p3p1P1/8/4P3/PPqP1p2/K7/3Q3R w - - 3 35	h1h8 g8h8 d1h1 h8g8 h1h7	1197	050p1013161n
7oxCb	r4r2/ppp3bk/3p1qp1/3P3p/2P2B2/5N1b/PP4P1/1RQ1R1K1 w - - 0 24	f3g5 h7g8 g5h3	1197	010s191o
80NUj	8/p1Q2qkp/1p2p1p1/8/8/1PP5/P2r4/K6R w - - 1 30	h1h7 g7h7 c7f7	1197	050g0i0p1o
8Mrhj	8/8/5K2/3k2p1/7p/6rP/4R1P1/8 w - - 4 63	e2e5 d5d4 e5g5	1197	0g0p11121m1o
8szVc	r4qk1/p1R3pp/1p2p1p1/3pB3/Q2Pn3/4P3/PP2BrPP/5RK1 b - - 1 20	f2f1 e2f1 f8f2 g1h1 f2f1	1197	0d0i0y10131619
Akup4	4r3/p1p2p1k/1pq1r1pp/3p1p2/5P1Q/2B2R2/PPP4P/5RK1 w - - 0 28	h4h6 h7h6 f3h3	1197	051315191f1n1o
B87cE	r1bR1bkN/pp4pp/2p5/1q2P3/NP6/4n3/2P3PP/3Q2K1 w - - 0 22	d8f8 g8f8 d1d8	1197	050y1315191n1o
B8rHA	8/8/4k3/8/2n1N3/8/1p4R1/1Kb5 b - - 6 47	c4a3 b1a2 b2b1q	1197	000p13151h1o
BAmoZ	8/7k/3p2p1/3P4/5Q2/6PK/8/3q4 b - - 2 46	d1h1 h3g4 h1h5	1197	0p13151i1o
BRMdr	1k1r4/1p3n2/1P2p3/p3Pp2/3P2rP/3R1KP1/6B1/2R5 b - - 4 38	f7e5 d4e5 d8d3	1197	0g0p111o
BeXFy	8/1pR2ppk/pN3b1p/8/P7/1PnrB2P/5PP1/6K1 b - - 14 32	d3d1 g1h2 f6e5 g2g3 e5c7	1197	0g0p0s10
ByOY3	8/4kp2/3q1p2/p7/4p3/QR4PP/2r2P1K/8 w - - 1 36	b3b7 e7e6 a3b3	1197	0g0p1o
CMTBJ	3R1rk1/2p5/p1p2Bpp/8/8/2r2P1b/P7/R5K1 w - - 0 30	d8f8 g8f8 f6c3	1197	010p0w1o
CXxK1	5rk1/R1R2ppp/1p2p3/p7/P1B1PnP1/1P6/3r1K1P/8 w - - 4 34	f2e3 d2h2 e3f4	1197	010h0p1o
E5pya	r2qkbnr/3b2pp/p3p3/1p1pN3/3n4/P7/1PQ1BPPP/RNB2RK1 w kq - 0 12	e2h5 g7g6 h5g6 h7g6 c2g6	1197	0g0r101c
EAtHh	r4r1k/2p2ppp/p2p4/1p4q1/3NPn2/1PN2P2/P2Q2P1/R3R1K1 b - - 4 23	f4h3 g1h2 g5d2	1197	0g0j191g1o
EDLbE	8/3P2pp/R4p2/8/p2r2k1/6P1/5P1P/6K1 w - - 1 35	a6a4 d4a4 d7d8q a4a1 g1g2	1197	000g0i0p101g1h1m
EbSlM	rn4rk/pp2p1bp/1q3p1B/3pPb2/2pP2Q1/2P4P/PP4RN/RN4K1 w - - 0 20	h6g7 g8g7 g4g7	1197	0y1315191o
FBdEU	6k1/1r6/1P4pp/5p2/3p4/3p2PP/R4K2/8 w - - 6 47	a2a8 g8f7 a8a7 b7e7 a7e7 f7e7 b6b7	1197	000g0p0r1g1m1w
FLp29	r2q1rk1/1pp2pBp/3p1np1/n7/p2PP3/P1N2B2/1P1Q1PPP/2KR3R b - - 0 14	a5b3 c1c2 b3d2 g7f6 d8f6	1197	010s1019
FinVz	5k2/R3n3/p2p1Kp1/1p6/8/1P3P2/6r1/8 w - - 4 40	a7a8 e7c8 a8c8	1197	0p13151o
GPxmC	6r1/6rk/1p2p1np/pP1pPp2/P1pPbP2/2P2NP1/5K1R/8 w - - 3 44	f3g5 h7h8 h2h6 g7h7 h6h7	1197	0i0p1013161g
Gdpzc	1r6/7p/2p2pp1/P1k1p3/8/K4P2/6rP/R2R4 w - - 0 36	a1c1 c5b5 c1b1	1197	0g0p1m1o
Gl2UB	3r4/p3N2k/1p5p/b1p1P1pb/2Pn4/P4NqP/1R4B1/3Q1RK1 b - - 0 32	d4f3 d1f3 h5f3	1197	0g0y191o
HKUrD	r3kb1r/pp3ppp/2n3b1/3qp3/3pN3/3P1Q2/PPP2PPP/R1B1K1NR w KQkq - 3 11	e4f6 g7f6 f3d5	1197	0g0j1c1o
ICgl6	3B1b1k/pp4pp/8/8/4Qq2/2PBp2P/1P3p2/5R1K b - - 3 49	f4e4 d3e4 e3e2	1197	00010p1o
ItYvc	8/p7/P2R4/2P2k2/1R6/1PK1P3/2Pr3r/8 b - - 2 56	d2c2 c3d4 h2d2	1197	0p13151m1o
MCARg	8/2kb4/Bp1b1ppp/PPpKp3/6PP/2B2P2/8/8 w - - 0 43	a5b6 c7b6 d5d6	1197	080g0p1o
MXzL7	5rk1/ppp2pbp/2b2Pp1/6B1/2B5/2N5/PPPr2PP/R4RK1 b - - 0 15	d2g2 g1h1 g2g5	1197	0g0j0k0s191o
N126C	4r1k1/8/p7/1pp5/2p2R2/5R1P/2r3P1/7K w - - 2 35	f3g3 g8h8 f4h4	1197	0p13151m1o
NHOUp	2kr1bB1/pppq4/2np1p2/4N1pr/3P4/2P4P/PP1B1PK1/1R1QR3 b - - 0 18	d7h3 g2g1 h3h1	1197	1315191o
NK8ww	6k1/3q2p1/3Q3p/1p2pr2/1P6/P6P/6P1/3R3K b - - 0 31	f5f1 h1h2 f1d1	1197	0g0p1o
NRGuQ	k6r/p2Q1p2/1p3B2/nB1p4/P7/6P1/2P2K1P/7q w - - 4 30	b5c6 a5c6 d7c6 a8b8 f6e5	1197	0p101316
P7iJh	6k1/1q3ppp/4p3/8/1Q6/2B3P1/4PP1P/3r1BK1 b - - 0 36	d1f1 g1f1 b7h1	1197	050p13151n1o
PJJt8	4k3/r7/7R/6p1/6Pn/8/5K1P/8 w - - 2 41	h6h8 e8f7 h8h7 f7e6 h7a7	1197	0g0p0r101p
PxsbT	7k/p2Q2R1/1p1p2pp/2p5/2Bnq3/8/PP4PP/6K1 b - - 0 34	e4e1 c4f1 d4e2 g1h1 e1f1	1197	0i0p101316
QMqNA	3r1rk1/pp3ppp/4pn2/2p5/P3bP2/1N4P1/1PP2RBP/R1B4K b - - 0 17	d8d1 f2f1 d1f1	1197	0y1315191g1o
QQUQ9	r2qk2r/1p1bbppp/p2p1n2/1Np1n3/4P3/1BN1B3/PPPQ1PPP/R3K2R w KQkq - 0 11	b5d6 e7d6 d2d6	1197	0g191o
QVOXe	r7/1b2nk1p/1bq2p1B/p4N2/1p3NQ1/3P2PP/1PP2P2/6K1 w - - 0 37	g4g7 f7e8 g7e7	1197	1315191o
R7fhx	5k2/p5r1/1p3q2/8/3b3P/8/PPP1Q1P1/1R5K w - - 0 32	b1f1 g7e7 f1f6	1197	0g0p1g1o
Rdlbf	8/pp3N1p/kq1B1Q2/1b1p4/8/5N2/P1P1rPPP/R5K1 b - - 0 24	b6f2 g1h1 f2g2	1197	1315191o
SnWPE	2rq1rk1/pn4p1/1p2p2p/3pP3/1P6/3Q4/P1B2PPP/4R1K1 w - - 2 25	d3h7 g8f7 c2g6 f7e7 h7g7 f8f7 g7f7	1197	0i0y1317191w
Sxk9L	r1b3k1/ppp2qpp/1b3n2/n3p3/4P3/1QP2N2/P4PPP/RN1R2K1 w - - 0 15	d1d8 f6e8 d8e8	1197	0y1315191g1o
U4gQa	r2q1rk1/pp2bppp/2b2n2/2p1N1B1/4P3/2NP4/PPP3PP/R2Q1RK1 b - - 0 12	d8d4 g1h1 d4e5	1197	010s1c1o
V3zg0	r5k1/pp2n1pp/4Nr2/2qP1p1n/2P2pb1/8/PP2B1PP/R1BQ1R1K b - - 5 16	h5g3 h2g3 f6h6	1197	1315191n1o
WAkvT	4r3/7p/5R2/ppkp2p1/8/P1P3P1/1PK4P/8 w - - 1 30	b2b4 a5b4 a3b4 c5c4 f6c6	1197	0p1013161m
WTGZ5	rn3r2/2p2p1k/pp2pBp1/5qQp/3P1P2/P1P4R/2P3PP/R5K1 w - - 2 27	h3h5 g6h5 g5g7	1197	1315191n1o
WX7Wv	8/1p2rpk1/3P2p1/1p1R2P1/5PK1/r7/8/8 w - - 0 45	d6e7 a3e3 d5e5 e3e5 f4e5	1197	000g0p101m
X1v9K	r1bN1rk1/pp2ppbp/3p2p1/3N4/2B1PP2/8/PnP3PP/R4RK1 w - - 0 13	d5e7 g8h8 d8f7 f8f7 c4f7	1197	010i0y1019
XCFHR	2r1kb1r/5ppp/p2p1P2/qp2p3/1n2P3/1PN1BP2/1PPQ3P/2KR1B1R b k - 0 14	a5a1 c3b1 b4a2	1197	1315191k1o1q
XE6GR	r3r3/pp3pkp/2pb1pn1/8/2PP4/1P1BBP1q/P2QRP2/4R1K1 w - - 1 20	e3h6 h3h6 d2h6 g7h6 e2e8 a8e8 e1e8	1197	0g191w
Xu3U0	6k1/p4p1p/2p5/1pq5/7P/PB2r1P1/KPb1pQ1N/3rR3 w - - 0 32	f2f7 g8h8 f7f6	1197	0y1315191o
YGq1M	7Q/kp1N1R2/8/3p4/6n1/7K/6P1/1q6 b - - 3 47	b1h1 h3g4 h1h8	1197	010p1o1p
YXueB	6bk/3Q4/2p3pP/pp1p2q1/3P4/2K5/PPP1N3/8 b - - 2 38	g5e3	1197	0p1113141b
Z8BF5	3q1rk1/1b4p1/pp1pnpP1/3p4/2rP4/5N2/PPP2PP1/2KQ3R w - - 2 25	h1h8 g8h8 d1h1 h8g8 h1h7	1197	050y101316191n
ZvsEk	8/6kn/2p5/4PQ2/3q4/8/5PPP/rR4K1 b - - 2 43	d4d1 b1d1 a1d1	1197	060p13151n1o1y
aYRfR	5k2/1R3ppp/2r5/8/1pp5/4P1PP/2P2PK1/8 b - - 1 30	b4b3 c2b3 c4c3 b7a7 c3c2	1197	00010p101m
ajpcO	2rr2k1/p1p2ppp/2Q5/3q4/8/5PP1/PPP2BKP/4R3 w - - 4 31	e1e8 d8e8 c6d5	1197	010i0p1o
b8fPR	8/3k1pp1/7p/8/1p3K2/1Pr1R2P/5PP1/8 w - - 6 40	e3c3 b4c3 f4e3 c3c2 e3d2	1197	010p101m
c6wCI	1r4k1/3R2pr/6Qp/8/8/qP1R4/P1P1n1PP/1K6 b - - 10 41	a3c1	1197	1314191b
c7v01	k4nr1/pp2n1b1/3Bpp2/q2p3R/3P2Q1/2NB4/PPP2P2/2K5 b - - 3 24	g7h6 h5h6 g8g4	1197	010j1112191o
cR3Od	r1bq1rk1/1pp2pp1/p1n2n1p/4N3/2B2B2/3P4/PPP3PP/R2QR1K1 b - - 0 14	d8d4 f4e3 d4e5	1197	0g0i0s0v1c1o
cWpBp	3r3k/6pp/p3B3/P4p2/1B3P2/1PR1bN2/r5PP/5K2 b - - 0 36	d8d1 f3e1 a2f2 f1g1 d1e1	1197	0i1011131619
dNoXp	4r1k1/p4pp1/1p5p/3p4/8/1PP1qPbR/P1Q3P1/3R1K2 b - - 3 29	e3e1 d1e1 e8e1	1197	0p13151d1n1o
dz8w4	r4rk1/5pp1/p1R1bb1p/1p6/5Q2/2N2N1P/PPP2qP1/2K2B1R b - - 0 17	f6g5 f4g5 h6g5	1197	0g191g1o
e4oFO	8/1R3p1p/P2r1kp1/8/2b5/5P1P/6PK/8 w - - 3 49	a6a7 d6a6 b7b6 a6b6 a7a8q	1197	00010i0p101h
eAZ7i	8/6pp/5P2/2k3P1/p6P/8/2K5/8 b - - 0 43	g7f6 g5f6 c5d6	1197	0g0h0p1e1o
ecPfw	2r3k1/1b1p2p1/1P2p2p/3pPp2/3N4/q6P/2Q2PPK/2R5 w - - 5 29	c2c8 b7c8 c1c8 g8h7 b6b7 a3a7 b7b8q	1197	000g0p1h1w
fOUyl	2kr1r2/pp2b1pp/q7/4p3/3PQ1PP/2P3B1/PP1K4/5R1R b - - 3 23	f8f1 h1f1 a6f1	1197	01191g1o
fw1hC	5rk1/Br1b2pp/5p2/1N2nP2/P1p5/8/1PP3PP/3R1RK1 b - - 0 23	d7b5 a4b5 b7a7	1197	010b0w191o
g71V7	2r2rk1/p4pp1/1p2p1n1/6P1/2q1Q3/3p2PR/PP3P2/1K5R w - - 0 26	h3h8 g6h8 e4h7	1197	0y1315191n1o
hItzB	r7/p1p2p2/5k2/6R1/3b1P2/5qBK/P3BP2/2Q1R3 b - - 8 31	a8h8 g5h5 h8h5	1197	0x1315191o
hSkIO	r6k/pp5P/2p4P/3p1Q2/8/2b1P3/1pP2PKB/3q4 w - - 3 26	h2e5 c3e5 f5e5 h8h7 e5g7	1197	0p0r101316
hVwkk	6k1/5pp1/7p/2BR4/K1P5/P7/4q1PP/7R b - - 0 37	e2c4 a4a5 c4d5	1197	010p0s1g1o
hXNw5	r2q1rk1/3b1p1p/5Rp1/1p1PQ2N/8/p2n3P/3N2P1/6K1 w - - 0 27	f6g6 f7g6 e5g7	1197	0d1315191n1o
heqPq	2k2r2/ppq5/8/1PpBQp2/2Pp1r2/P2P3p/8/3RR2K b - - 0 36	f4f1 e1f1 c7e5	1197	010i11191o
if2K6	8/2R4p/5k1n/5pp1/7P/1P2P1B1/5PPK/r7 b - - 0 30	h6g4 h2h3 a1h1	1197	0g0p1o
inmjc	r2q1r2/p4ppk/1p1p1n1p/3P4/4P1Q1/2NB4/PP4PP/2R3K1 w - - 1 21	e4e5 g7g6 e5f6	1197	010j0k191o
ivvwq	6r1/ppp1rp1k/2np3p/4pPp1/4P1B1/2PPQNqP/bP4P1/5RK1 w - - 0 24	f3g5 g8g5 e3g3	1197	010j191o
jMlTc	2r3k1/6pp/p7/1p1p2q1/1PpP1r2/P5P1/1B2Q2P/2R3K1 w - - 0 27	e2e6 f4f7 e6c8 f7f8 c8e6	1197	010p0s10
jbXCt	Q1R5/8/7p/2B1p1pk/4p3/2P2p1K/2P2P1P/r7 b - - 0 42	g5g4 h3g3 a1g1	1197	0p1113151o
kF5o4	r2r1bk1/3b1p1p/p3p1p1/1p2P1P1/2p1NB2/1B2P3/PP3PP1/2K4R w - - 0 20	e4f6 g8g7 h1h7	1197	0u0y1315191o
kXbY8	r1b4r/pppqk1p1/1bnp1n2/3Qp1B1/1P2P3/1BP5/P4PPP/RN3RK1 w - - 2 13	d5f7 e7d8 g5f6 g7f6 f7f6 c6e7 f6h8	1197	0g0i0s191g1w
l51WL	3r1k2/6pQ/1p1p1p1q/pPnB4/P3P3/6P1/5R1P/6K1 w - - 1 33	h7g8 f8e7 g8f7	1197	0p13151o1s
n6jAW	1r4k1/5q2/p7/P2pP3/3P1Bpp/6P1/2Q2P1K/8 w - - 0 44	e5e6 f7e6 f4b8	1197	0g0j0p1o
oFwGH	6k1/p4ppp/8/8/3P2n1/P4N2/1P2K2P/2qQ3R b - - 0 24	c1e3 e2f1 e3f2	1197	0p13151o
oG4Ks	4r1k1/prbQ1ppp/8/4q3/8/2P3NP/PP3PP1/R3R1K1 b - - 1 20	e5e1 a1e1 e8e1 g3f1 c7h2 g1h2 b7d7	1197	0g0y191g1w
ojXxI	4r1k1/5bp1/5p1p/2Q5/2P5/3B4/1Bnp1PPP/3R1K2 b - - 0 32	e8e1 d1e1 d2e1q	1197	001315191h1o
oo6fq	3r3k/p2qb1p1/3p3p/2pQp3/PpP5/1n3NP1/5P1P/3R1RK1 w - - 0 28	f3e5 d6e5 d5d7 d8d7 d1d7	1197	0g1019
qFcx5	rn1qk1nr/p1p2ppp/1p2p3/8/1bbP4/2N2NP1/P3PP1P/R1BQKB1R w KQkq - 2 8	d1a4 b6b5 a4b4	1197	010s1c1o
qIvEJ	r7/3nk2P/2r1p3/q2p4/3P4/1P3P2/1KB1Q3/R3R3 b - - 4 35	a5c3 b2b1 c3a1	1197	1315191o
sCiGL	6r1/p2k2r1/Ppq1pR2/3pP2Q/3P4/2p2P2/6p1/1R4K1 w - - 0 52	f6f7 d7d8 f7g7 g8g7 h5h8 g7g8 h8g8	1197	0g0p0s1w
sYOeE	4rr1k/pQ4Rp/1p1p1nP1/2pP2q1/2P5/8/P5P1/5RK1 w - - 0 32	g7h7 f6h7 b7h7	1197	1315191o
tG86b	r3qb1r/kp2p1p1/p1p1pn1p/2Ppn3/3P1BPP/1Q6/PP3P2/RN2K2R w KQ - 0 17	b3b6 a7b8 f4e5 b8c8 b6c7	1197	0w10131619
tNyfn	4rBk1/pp3ppp/1n6/3P4/8/2N3Q1/PPq2PPP/3R2K1 b - - 0 21	c2d1 c3d1 e8e1	1197	061315191n1o
vBvyp	1r4k1/p1q2pp1/7p/2pP4/4r3/2Q5/P2NbPP1/R4R1K w - - 2 27	d2e4 e2f1 a1f1	1197	0g191o
vEvwP	3r4/2p4q/ppb5/5pkp/2P1p1p1/6P1/PPB4Q/1K5R w - - 12 42	h2h4 g5g6 h4d8	1197	010p1o1p
vqZ6t	3r2k1/pb2qp1p/2p3p1/1pN4r/1P1bPP2/8/P1RBQ1PP/5R1K b - - 4 24	h5h2 h1h2 e7h4	1197	050y1315191n1o
wNuPY	4r2r/4k1p1/pp2N1Q1/3q1P2/2p5/5Rn1/PPP3Kb/8 w - - 12 33	g6g7 e7d6 g7c7	1197	1315191o
wcf91	1r4r1/p5bp/3pN2k/2p2P1B/6PP/5PK1/1q6/8 w - - 3 36	g4g5 h6h5 e6f4	1197	0p13151n1o
x6RUx	5rk1/1p4p1/p1p3P1/3p2q1/3PpbQ1/1R6/1P3PP1/6K1 w - - 6 37	g4e6 g8h8 b3h3	1197	0g0p1o
x8kGh	2k4r/2p2R1p/p3p1p1/1p2P3/3Rb1P1/1QN1q3/PP6/K7 b - - 0 25	e3c1 c3b1 c1b1	1197	1315191o
xK0FJ	r1bqk1nr/5ppp/p2bp3/8/2Q1P3/2N5/PPP2PPP/R1B1K2R w KQkq - 1 11	c4c6 c8d7 c6d6	1197	010s0v1c1o
xeBfy	6k1/7p/6p1/Rp3p2/3b4/1r4P1/4K1BP/8 w - - 6 40	g2d5 g8g7 d5b3	1197	010p0s1o
xipvM	1bbq1r1k/r5pp/8/p4p2/2B2N2/5Q2/P4PPP/1R4K1 w - - 0 22	f4g6 h7g6 f3h3 d8h4 h3h4	1197	101316191n
zAiU2	8/8/2p2pk1/3N2p1/1P1P2Kp/P4r1P/8/2R5 b - - 0 47	f3g3	1197	0p13141b
zDL8a	7k/1bR1q1p1/5p1p/pp3r2/3P4/6Q1/PP4PP/6BK b - - 1 35	b7g2 g3g2 e7c7 g2a8 h8h7	1197	0g0h0i0p10
zE2WC	r2q1rk1/1ppb1ppp/3p1b2/p2P4/P4Q2/1P1B4/1BP2PPP/2KR3R b - - 4 15	f6g5 f4d2 g5d2	1197	0g191g1o
zl0Qg	3Q4/5ppk/1p2qn1p/p7/8/1P3BP1/P1r2PKP/3R4 w - - 4 28	d8d3 g7g6 d3c2	1197	0g0p0s1o
zx1vG	4r1k1/2p3p1/3p1p2/p6p/2P1b3/Pr2bNP1/1P2Q2P/4RK1R b - - 3 25	e4d3 e2d3 b3d3	1197	0g11191g1o
zx4LU	q5k1/r2n1ppp/P1Q1p3/1P2P3/2bp1P1P/2P3P1/1R6/R6K b - - 1 36	c4d5 h1h2 d5c6	1197	0g0s191o
0PuvX	3r1k2/q4n2/1p2b1p1/1P1p1pP1/3P3Q/2N1P2P/6BK/5R2 b - - 0 36	a7c7 h4f4 c7c3	1198	010s1112191o
0VDQw	1B3r1k/p7/1pp1P2p/7q/3P2p1/P1NQ1p1P/1P5K/5R2 b - - 0 33	h5h3 h2g1 h3g2	1198	0p13151o
1CB3s	3r1rk1/pp3ppp/2p5/8/1Q6/2q1B3/P4PPP/RR4K1 b - - 5 20	d8d1 b1d1 c3b4	1198	010i191o
1IWKC	3r4/1p1r3p/pRp1pkp1/5p2/2PP1B1P/P3P3/4KPP1/8 w - - 1 39	f4g5 f6f7 g5d8	1198	010p1o1p
2Oax4	4r2k/pR5p/1p6/3Q4/2P4P/q1PB2r1/P2K2P1/R7 b - - 4 27	a3b2 d2d1 b2a1	1198	010s191o
37xDC	5r2/p5pk/7p/2pPp3/1p5q/3P1rNQ/PP3PK1/R4R2 b - - 6 28	f3f2 f1f2 f8f2 g2f2 h4h3	1198	0g1019
3FFlR	1Q6/B1p3pp/2k5/3p2q1/8/5pPP/PPP5/3R2K1 b - - 0 30	g5g3 g1f1 g3g2 f1e1 g2e2	1198	0p0r101316
3gd7T	r1b2rk1/p3qpp1/1pp1p2p/4P3/Pb1PNn2/3Q1N2/1PB2PPP/R4RK1 w - - 2 16	e4f6 e7f6 d3h7	1198	0d0y1315191n1o
4bRYo	2k4r/pp6/2pr4/6R1/3n4/6P1/PP1R1PB1/6K1 b - - 0 31	d4f3 g2f3 d6d2	1198	010j0p1o
4eaiB	4r1k1/ppp2pp1/7p/4r3/1P6/8/PPQRNP2/3K2Rq b - - 5 24	h1g1 e2g1 e5e1	1198	111315191n1o
59NCK	2k3rr/1p2b3/p4p2/2p3p1/1PP2pN1/q3pQ1P/6P1/1R3RK1 w - - 0 28	b4c5 a3c5 f3b7	1198	0g191k1o
5MgNm	8/8/8/6p1/1p4P1/1Kp1k3/3p4/3B4 w - - 4 60	b3b4 e3d3 b4b3 c3c2 d1c2	1198	080g0p10
5SWwb	8/p3R3/1kp2b2/1p3r2/1P1P1BK1/P1P4P/8/8 b - - 3 39	f5f4 g4f4 f6e7	1198	010p1o
5W9nL	r1b1k2r/ppp2ppp/4p3/q7/1n1P4/P4N2/1P1QPPPP/R3KB1R b KQkq - 0 11	b4c2 e1d1 a5d2 d1d2 c2a1	1198	0g0j10191g
5dkeg	8/8/8/R5n1/6k1/5r1p/PP2K3/8 w - - 0 41	a5g5 g4g5 e2f3	1198	0g0i0p1o
6AhVr	r3q2k/1b2p3/8/1pp1bP1p/4P2P/pPP1Q1r1/P2B2P1/2K1R2R w - - 3 25	e3h6 h8g8 h6e6 e8f7 e6e5	1198	010r0s1019
6kmTk	6k1/p1p3pp/1p1p4/3Pqr2/2P2p2/3Q4/P1P2P1N/5KR1 b - - 7 26	e5a1 f1g2 f5g5	1198	0g0p1o
70Y64	4r3/pb3pbk/1p2pB1p/7Q/2P4N/6P1/5P2/3rR1K1 b - - 0 34	d1e1 g1h2 e1h1	1198	0t1315191d1o
7Rifa	2r3k1/3r2p1/5p1p/N7/1b1P3P/1P1KP3/1P6/R1R5 b - - 0 33	c8c1 a1c1 b4a5	1198	010p1o
86TWF	6k1/2P2pp1/4p2p/1p1p4/1P1Pq1PP/6Q1/2r3P1/R5K1 b - - 2 43	e4d4 g1h2 d4a1	1198	0g0p0s1o
8bARl	3b1k2/5p2/4p2R/3pN3/3P2P1/3KP3/5r2/8 w - - 0 34	h6h8 f8e7 e5c6 e7d6 c6d8	1198	0g0i0p10
8dByl	r4rk1/pppbqpbp/3p1npB/3Pp2P/6P1/2N1Pn2/PPPQ3N/2KR1B1R w - - 0 15	h2f3 g7h6 g4g5 f6h5 g5h6	1198	010s1019
9eN08	4r2r/ppp5/5k1p/8/8/8/P3R3/2KR4 w - - 1 29	d1f1 f6g7 e2g2 g7h7 f1f7	1198	0p0q0r1013161m
DsGG4	r3kb1r/p1p1qppp/1p1pbn2/6B1/2Q1P3/5N2/PPP2PPP/RN3RK1 w kq - 3 12	c4c6 e7d7 c6a8	1198	0g0s1c1o
Frodw	r2q1rk1/1p2bpp1/p1np1n1p/3Np3/2P1P1b1/2NBB3/PP3PPP/R2QK2R w KQ - 6 12	d5f6 e7f6 d1g4	1198	0g0y1c1o
GP29a	4q2k/pp4p1/4N3/5n2/1P6/2Qp1p2/P4P1P/R4RK1 b - - 0 26	e8g6 e6g5 g6g5 g1h1 g5g2	1198	0p0s101316
GzqHT	2r5/p2k2pp/1p3p2/3Bn3/3pP3/1P6/P1RP2PP/6K1 w - - 1 24	d5e6 d7e6 c2c8	1198	0g0i0p1o
HhLqo	R1rk4/6rp/1p1p1p2/3Bn3/4P3/8/7P/R6K w - - 2 46	a8c8 d8c8 a1a8 c8c7 a8a7 c7d8 a7g7	1198	050g0p0r11121p1w
IDbGN	2r2rk1/p4pp1/3Pp2p/Pqn1P3/2RQ4/5N2/6PP/5RK1 b - - 2 24	c5b3 c4c8 b3d4 c8f8 g8f8	1198	011019
IOen0	5rk1/2p2p2/p3p1p1/3b4/1p1B4/2q5/PbPQ1PP1/1K1R3R b - - 1 23	d5a2 b1a2 c3a3 a2b1 a3a1	1198	0510111316191k1n
IOlUI	r2q1r1k/pp2b1pp/2n5/2p5/3ppP2/P6R/BPP3PP/R1BQ2K1 w - - 0 18	h3h7 h8h7 d1h5	1198	050y1315191n1o
KUvfr	r1qbr1k1/3p2pp/p2Bp3/n4p2/3P4/2P1P1P1/PRQN1PKP/5R2 b - - 4 21	c8c6 g2g1 c6d6	1198	010s191o
Km6PP	1k6/ppp3p1/6n1/3P3p/4B1n1/2P5/PP2KR1q/R1BQ4 b - - 0 24	h2f2 e2d3 g4e5	1198	1315191o
LSiav	r3k2r/pppqb1Qp/2npb3/4p3/2B1P3/2PP1P2/PP4P1/RN2K1NR b KQkq - 2 14	e7h4 e1f1 d7g7	1198	0g0j191o
MdvKX	r2qk3/1bp2p2/p5p1/1p4b1/4PQ2/2N5/PPP3B1/2K4R w q - 1 21	h1h8 e8d7 h8d8	1198	0g11191o1p
MitaV	1rb3k1/1p2n2p/2nN4/8/P2PP3/2PK1Q2/8/6q1 w - - 0 32	f3f7 g8h8 f7f8 g1g8 d6f7	1198	10131619
MvlI0	r7/p4rk1/1pB3p1/3p2P1/3bp1P1/B4b1K/PP1R1P2/4R3 b - - 0 32	a8h8 h3g3 d4e5	1198	1315191o
N4m8x	r2qkb1r/pp1nppp1/3p3p/1N4B1/Q3P3/5P2/PPP2P1P/R3K2R w KQkq - 0 12	b5d6 e7d6 g5d8	1198	0g191o
NE5NP	7r/2r1k3/B3P3/1p3pP1/3N1b2/1Q6/PPPR4/1K6 b - - 0 35	h8h1 d2d1 h1d1	1198	1315191o
NVKuW	3Q4/R4ppp/3pk3/8/3qrP2/6P1/PPP4P/2K4R b - - 0 24	d4e3 c1b1 e3e1 h1e1 e4e1	1198	060p0s1013161n
Npa4w	6k1/1Q3p2/6p1/2p2b2/8/KBq5/P7/8 w - - 0 46	b7f7 g8h8 f7g8	1198	0p13151o
OOg3d	8/8/1k2N3/4RK2/2r4P/1p6/8/8 b - - 3 66	b3b2 e5e1 c4c1 e1c1 b2c1q	1198	000g0p101h
PN0gJ	r3kq1r/pp4p1/2p2p2/3p1P2/3P4/2NN1Pp1/PP4P1/R2Q1RK1 b kq - 0 19	h8h1 g1h1 f8h8 h1g1 h8h2	1198	050y101316191n
Pw3QN	r1b2rk1/p3bppp/2p1pn2/4q3/N3PQ2/P2B4/1PP3PP/R1B2RK1 b - - 2 15	e5d4 c1e3 d4a4	1198	010s1c1o
QVnyf	r1b2rk1/ppp2ppp/2qp1n2/6B1/8/2N5/PPP1B1PP/R2Q1RK1 b - - 1 12	c6c5 g1h1 c5g5	1198	010s1c1o
Qm5bQ	4rk2/5q2/3p1Q2/2p3p1/7N/1P2n1PK/7P/1R6 w - - 6 48	h4g6 f8g8 f6h8	1198	0p13151o
RFnYw	R7/pp4pk/6r1/3N1pq1/8/5n2/PPQ4P/5R1K b - - 0 25	g5g1 f1g1 g6g1	1198	031315191n1o
ReYbT	2rr4/R3R3/p3Kpk1/4b1pp/2P1N1P1/1P5P/P7/8 b - - 7 41	c8c6 e4d6 c6d6	1198	0p0q13151d1o
RgtRm	r1n3k1/6rp/p4n2/1p1PN1p1/1b2Pp2/5P2/P3BBPP/R4K1R b - - 1 24	b4c3 a1c1 c3e5	1198	010s191o
RodM8	6k1/p5p1/4pqP1/1pp4Q/2p4P/4P3/PP3r2/2KR4 w - - 1 28	h5h7 g8f8 h7h8 f8e7 h8d8	1198	0p101316
Sdbuc	6k1/1b2qp2/1pp1p1pp/p3P2P/1BP1Q3/1P4P1/P3BPK1/8 b - - 0 30	c6c5 e4b7 e7b7	1198	010p111g1o
Tyakl	7r/1b2bk1p/p1p2pp1/1pn5/4PpPN/P1N1B3/1PP4P/1K1R4 w - - 0 22	e3c5 e7c5 d1d7 f7e6 d7b7	1198	010s101119
UFAia	6k1/1b3rpp/p2nqb2/4P2P/1p6/1P2B3/PPQ1N3/1K3RR1 b - - 0 30	b7e4 c2e4 d6e4	1198	01191g1o
UYJE1	8/1q3k2/r2Qp1pp/8/2n1pp2/8/PP3PPP/2R3K1 w - - 4 32	d6f4 f7g8 c1c4	1198	010p1o
Uw0V2	8/6p1/5k1p/5P1P/4K3/8/8/8 b - - 0 55	f6g5 e4e5 g5h5 f5f6 g7f6	1198	0g0p101e
VCD0S	8/p1r3pp/R4p2/1Ppr4/1k6/4RK2/P5PP/8 w - - 12 49	e3b3 b4c4 a6a4	1198	0p13151m1o
VUfum	5rk1/5ppp/p2Q4/1p3b2/2r2q2/2P2P2/PP4PP/3RR2K w - - 5 23	d6f8 g8f8 d1d8	1198	050y1315191n1o
VVzug	8/5p2/R3bkp1/8/7r/1R4K1/5P2/8 b - - 1 44	h4h3 g3g2 h3b3	1198	0g0p1o1p
VrD6v	6k1/6pp/4P3/p2QN3/Pp1Pn2q/8/1P3rPP/5RK1 b - - 0 26	f2f1 g1f1 h4f2	1198	050p13151o
Vu0j1	2r1r2k/6pp/p2N2n1/1p1Q4/3b4/7P/PP2RPPB/6K1 b - - 0 31	c8c1 e2e1 c1e1	1198	1315191o
VxOLS	r1b2rk1/4ppb1/p4n2/4pPN1/Pp1qN1PQ/3n3P/B4R2/R5K1 w - - 2 25	e4f6 g7f6 h4h7	1198	0y1315191o
Vzg55	6k1/1pp2Rp1/3p2Qp/6q1/3PP3/2P4P/1r4P1/7K w - - 5 28	f7g7 g8h8 g7h7	1198	0p13151o
WrkCb	2r5/1p3pk1/p2q2pp/4R3/2nP4/P2Q3P/1P3PP1/4R1K1 b - - 0 30	c4e5 e1e5 c8c1 d3f1 c1f1	1198	010d0p10
X3yPT	3b1r1k/1R4p1/p2p3p/3Pp2q/PP4N1/4BQ1P/3R1PK1/8 b - - 0 33	f8f3 g2f3 h5h3 f3e2 h3g4	1198	01050b0i1019
XPYFn	5k2/R4p1p/5N2/p5r1/P7/1r3P1K/6PP/8 w - - 0 41	f6h7 f8g7 h7g5	1198	0g0p0s1o
Y1hRm	6k1/1p4p1/p2q1p1p/4p3/1P6/P3Q3/2r2PPP/4R1K1 w - - 0 26	e3b3 g8f8 b3c2	1198	0g0p0s1o
YTHrX	rn2k1r1/pp3p1p/2pbpp2/8/3P2qP/2NB1N2/PPP2P2/R2Q2RK b q - 4 14	g4h3 f3h2 h3h2	1198	0y13151c1o
Ybftk	r2qk2r/p1p1bppp/1pP1pn2/8/3P4/P1N1PN2/1PQ2PPP/R1B1Kb1R b KQkq - 0 9	f1g2 f3e5 g2h1	1198	0g0s1c1o
Yc1Nf	6k1/1p2p1bp/p3N3/4P1p1/4b3/6PP/PP1r1B2/2R3K1 w - - 0 27	c1c8 g8f7 e6g5 f7g6 g5e4	1198	010p0s0w10
Zyxp0	r3r1k1/pp2q1pp/5n2/4bB2/3B4/7P/PP2QPP1/2R2RK1 b - - 0 21	e5h2 g1h2 e7e2	1198	010j0y191o
aFSVF	rn1q1b1r/ppp3pk/3p1n1p/4pN2/4P1b1/1QP5/PP1P1PP1/RNB1K2R w KQ - 2 11	h1h6 g7h6 b3f7 f8g7 f7g7	1198	0q1013161c1n
aLwRl	rn1q1r1k/pb4pp/1p2B3/2p1p3/3Pp3/2P1P1P1/PP2QPP1/R3K2R w KQ - 1 15	h1h7 h8h7 e2h5	1198	050y1315191n1o
aViiU	2k4r/p1prq1pp/4p3/4Pp2/Q1Pn4/8/P2P1PPP/1R4K1 w - - 2 20	a4a6 c8d8 b1b8	1198	060p13151o
ajbNP	1r1r2k1/p5pp/1p2pb2/8/4B3/BP2P3/n1P2PPP/3R1RK1 b - - 3 21	d8d1 f1d1 a2c3	1198	01191o
bJW5s	r3r1k1/p4ppp/2N2q2/3p4/3Pn3/B3P2R/P1Q1BP2/1R2K3 b - - 0 24	f6f2 e1d1 f2g1 e2f1 g1f1	1198	0410131619
bPxsi	8/4k3/8/3R3p/3B1P2/2P2KP1/7r/5b2 b - - 0 45	f1g2 f3e3 g2d5	1198	010p1o1p
bXTbM	7k/pp5p/6p1/4b1q1/1N1pP3/P5PP/RP5K/5Q2 b - - 0 32	g5g3 h2h1 g3h2	1198	0p13151o
bcbJ7	rn2kb1r/pp2ppp1/2pq1n1p/8/7P/1P1B1QN1/P1PP1PP1/R1B1K2R b KQkq - 0 11	d6e5 g3e2 e5a1	1198	0g0s1c1o
bddFh	r2qkb1r/pQp1pppp/8/4nb2/4p3/8/PPPP1PPP/RNB1K1NR w KQkq - 0 8	b7b5 d8d7 b5e5	1198	010s1c1o
bnrLR	8/3n3p/2p1k1p1/4P1B1/3R1P1P/2P5/1PK4P/r5r1 w - - 2 34	d4d6 e6f5 d6d7	1198	010i0p1o
cDL5F	8/6pk/5p1p/2R5/8/5PK1/r4NPP/4n3 b - - 8 40	a2f2 g3f2 e1d3 f2e2 d3c5	1198	050g0p0s101n
cfjq0	8/8/PK6/R7/5k2/7p/8/r7 b - - 1 56	a1a5 b6a5 h3h2 a6a7 h2h1q	1198	000g0p101h1m
e9MRb	8/6Rp/5Q2/5b1k/3P4/6B1/PPr1r2P/6K1 b - - 0 28	c2c1 g3e1 c1e1	1198	0p13151o
eMKTz	6k1/6pp/4r3/pPpNbR2/P1P3r1/4P3/8/3R3K w - - 4 38	d5e7 e6e7 d1d8 e7e8 d8e8	1198	0d0p1013161n
eUBLE	8/8/4k2p/8/P6P/6P1/2rpK3/R7 b - - 1 39	c2c1 e2d2 c1a1	1198	0g0p111m1o
f4Id9	7R/8/5Rp1/p1p3k1/Pp5p/1P1P4/1KP3q1/8 w - - 4 46	f6g6 g5g6 h8g8 g6f6 g8g2	1198	050g0p10111j1n1p
gCNtU	1r4k1/1pq2pPp/p2p1Q2/3P3B/3pP3/1P6/P5PP/2r2R1K w - - 4 30	h5f7 c7f7 f6f7	1198	0p0y13151o
gDPuQ	rn1qkbnr/1b4pp/p1p1pp2/1p2N3/P1pPP3/2N2Q2/1P3PPP/R1B1KB1R w KQkq - 0 9	f3h5 g7g6 e5g6 h7g6 h5h8	1198	01101c1t
iMrdD	5R2/1k2K1p1/pr6/P3p1p1/2P1q3/8/8/3R4 w - - 0 47	d1d7 b7c6 f8c8	1198	0p13151j1o
iOmiq	8/3k4/R2p2Nb/5p2/P7/5q1P/2P1B3/3Q2KR b - - 5 40	h6e3 g1h2 f3f2	1198	0q1315191o
iazTE	3rr1k1/p1p2ppp/2b5/1pNBbq2/8/1P3QP1/P1P2P1P/2R2RK1 b - - 2 18	f5f3 d5f3 c6f3	1198	0g191o1y
jeLzL	r1b1k2r/ppp2p2/4p3/3pq2p/1bP3p1/2NBP3/PP3PPP/2RQ1RK1 w kq - 0 13	d1a4 c8d7 a4b4	1198	010s191o
jmJAq	8/N4pkp/6p1/1P6/4P3/1PK5/7r/8 w - - 0 36	b5b6 h2a2 b6b7 a2a7 b7b8q	1198	000g0p101h
kLzB1	r3r3/p2p1k1p/1p2pqp1/8/2QnP3/N2P4/PP3PPK/R1B2R2 b - - 0 18	f6h4 h2g1 d4e2	1198	1315191o
kMYSe	2k5/pp1r3r/2p5/3nB2R/8/2P5/PP6/2K2R2 w - - 0 33	f1f8 d7d8 f8d8 c8d8 h5h7	1198	0g0p10
kUCmS	1k1r4/2p2qpp/PpQ5/5B2/5pP1/2P2P1P/1PK3n1/R7 b - - 2 37	g2e3 c2b1 d8d1	1198	0p13151o
kjxoZ	8/4r1k1/4P1p1/1R4p1/pPpP1pP1/2r5/P3R1KP/8 b - - 0 34	f4f3 g2f2 f3e2	1198	000g0p0s1m1o
ktYyf	7r/4n1k1/p4p2/2Q2Pp1/Pp1p4/1P2q1R1/2P3KN/6R1 b - - 4 40	e3e2 g2h1 h8h2	1198	1315191o
l41h3	rnbBr1k1/pp1p1ppp/3b4/2pP4/4n3/2NB4/PP3PPP/R2QK1NR b KQ - 0 9	e4c3 g1e2 c3d1	1198	0g0j0k1c1o
mzGGc	r3n3/1b1p2pk/3pp3/q5PP/1nP2Q1N/1P6/1B6/1K5R w - - 0 26	g5g6 h7g8 f4f7 g8h8 f7f8	1198	10131619
nZ2Ny	1r1q1rk1/6p1/4R1np/p1p5/PpP2p2/1P1P2NP/1RB2PP1/3Q2K1 b - - 0 25	f4g3 f2g3 d8d4 g1h2 d4b2	1198	010s1019
nyUEz	8/4ppk1/1Qp2b2/6p1/3Pq1P1/B4NK1/5P2/8 b - - 2 31	e4f4 g3g2 f4g4 g2f1 g4f3	1198	0g0i0p10
omc2l	r5k1/pp1n2p1/2pp1q1p/4p3/1P6/P3Q2P/2r2PP1/2N1RRK1 w - - 0 22	e3b3 c2c4 b3c4	1198	010s191o
q8HlV	8/2b2p2/p6p/1p2ppk1/5N2/P1P2KPP/1P6/8 w - - 0 33	h3h4 g5f6 f4d5 f6e6 d5c7	1198	0g0p0s10
qR73I	Q7/4p1kp/2p1Ppp1/1p5P/2nq1PP1/8/7K/8 w - - 3 40	h5h6 g7h6 a8f8	1198	050p13151o
quAQK	8/8/3p1k1p/4pP2/pPp1P1P1/6KP/PP6/8 b - - 0 35	a4a3 b2a3 c4c3 g3f3 c3c2	1198	000g0p101e
rLyT9	8/5B2/p2k1p1p/1p4P1/5P2/r6P/6K1/8 w - - 0 38	g5h6 d6e7 h6h7 e7f7 h7h8q	1198	00010p101h
s4BFa	2k5/8/2p5/P1Np4/1r1n2R1/8/8/3K4 w - - 2 51	g4g8 c8c7 c5a6	1198	0g0p1o
sOeOk	4r1k1/1p1N1p1p/p4p1Q/3b4/1P6/P6P/4p1PK/4r3 w - - 0 40	d7f6 g8h8 h6h7	1198	0p0s13151o
tYo6W	2R3rk/3Q2bp/3p4/8/4p3/5pP1/7P/4qRK1 b - - 3 39	g7d4 g1h1 e1f1	1198	0i0p1113151o
tgYS8	r1b2rk1/1p2ppbp/1qNp1np1/8/p3P3/P1N1BP2/BPP3PP/R2QK2R b KQ - 0 12	b6e3 d1e2 e3e2 c3e2 b7c6	1198	0g0r0t1019
uFHIZ	8/8/6k1/5np1/B5K1/P1R4P/1r6/8 b - - 1 42	b2g2 g4f3 g2g3 f3e2 g3c3	1198	0g0p101p
uP1sR	r3k2r/pppqbppp/8/1n1Pn3/Q5b1/5N2/PP3PPP/RNB2RK1 w kq - 0 13	f3e5 d7d5 e5g4	1198	010t191o
vwylh	4r3/pp1r1pk1/3p1qp1/7R/3Q1P1P/2P5/PP6/K5R1 w - - 3 31	h5h7 g7h7 d4f6	1198	0g0i0p1o
wjmM3	8/5kpp/1p2np2/P7/4R3/PK3P2/3rN1PP/8 b - - 0 30	e6c5 b3c3 c5e4	1198	0g0p0s1o
wqPzX	5r2/Q5p1/1R1p1qkp/8/3r4/8/P4PPP/5RK1 b - - 1 25	f6f2 f1f2 d4d1 f2f1 d1f1	1198	0p1013161n
wxo9t	2k1r3/1pp3pp/p1p5/8/1PNb4/P2P1P2/2PK3P/4R3 b - - 3 23	d4c3 d2c3 e8e1	1198	0g0i0p1o
x5uvp	r6r/1pp5/4R1p1/p1Nk1n1p/1B6/3P4/PbP3PP/5RK1 w - - 2 23	c2c4 d5d4 e6e4	1198	1315191f1o
x7elD	4r3/1pp2N1k/6pp/1P3Q2/p3P3/q2P1P2/5PKP/8 w - - 0 35	f7g5 h6g5 f5f7 h7h8 f7e8	1198	0d0g0p0s10111n
xCFMO	2r2r2/5p1k/pq2pb1p/1p1p4/3P1Q2/PnN3RP/1PP2PP1/6K1 w - - 0 25	f4f6 f8g8 f6f7	1198	01191o
xpLE1	3r2k1/1p4pp/1q1B4/p3P1Q1/1pb5/8/PPr2RPP/5RK1 w - - 2 26	g5d8 b6d8 f2f8 d8f8 f1f8	1198	0s101316191d1n
xx7bt	8/8/5k2/2rR1n1p/2p1KP2/3p4/7P/3R4 b - - 5 42	c5d5 e4d5 f5e3 d5d4 e3d1	1198	050g0p0s10111r
yP4ab	2k1r1nr/ppp2p2/6qp/4n1B1/6b1/2N3P1/PPPQ4/2KR3R w - - 0 18	d2d8 e8d8 d1d8	1198	1315191d1k1n1o
yuzWa	2r1qkr1/1p2b3/p3pn1p/3n4/3P4/5NQ1/PP1B1PPP/R4RK1 w - - 3 22	d2h6 f8f7 f3e5	1198	1315191o
zEA2t	rb1q1r1k/8/p3bn1p/2p1nP2/1p6/3P2R1/PPPQ2PP/R5K1 w - - 0 29	d2h6 f6h7 h6g7	1198	0y1315191o
zIeMN	2r3k1/pp3ppp/3p4/nq1p4/1P1R3P/P3P3/K4P2/RQ6 b - - 0 34	b5e2 b1b2 c8c2	1198	0g0p1g1o
zkYMF	1R6/p4rpk/4p2p/2r1P2q/P3P3/4B3/1Q4PP/5RK1 b - - 1 37	f7f1 g1f1 h5d1 f1f2 c5c2 b2c2 d1c2	1198	01050s191w
0Svxj	2rqnr1k/pb6/1p2Bpnb/2p3P1/3pP3/P2P2N1/1PP2P2/R1B1KN1R w KQ - 0 20	h1h6 h8g7 g3f5	1199	0f0s1315191o
0pYat	2br3k/ppp1N2p/2p2pq1/6b1/3PR1Q1/2P5/PP3PP1/4R2K b - - 4 26	g6h6 h1g1 c8g4	1199	0111191o
1ZTt5	1kb2R2/pp2n3/8/2Q1p3/P1PnP2q/3P1Bp1/1P4P1/R5K1 b - - 0 28	h4h2 g1f1 h2h1	1199	0y1315191o
1aPmR	3r2k1/8/4pp1p/R3n3/P5pP/6P1/3NKP2/8 b - - 0 41	d8d2 e2d2 e5c4 d2c3 c4a5	1199	050g0p0s101n
1ysB8	8/1Q3ppp/2qBp3/p2kP3/3p4/7P/6P1/7K w - - 4 39	b7b3 d5e4 b3f3	1199	0p13151o
3C43I	r2q2k1/5p1p/p3r1p1/1p1p4/4bQN1/P6P/1P3PP1/3R1RK1 w - - 2 26	g4h6 g8g7 f4f7 g7h6 f7e6	1199	0g0s1019
40aqF	6r1/2B1p1kp/6p1/2p5/2qP4/4PQ2/5PKP/8 w - - 0 35	c7e5 g7h6 f3h3 h6g5 f2f4	1199	0p101316
42ajj	2r4r/pp3k1p/4pbp1/8/3q2Q1/8/P4PPP/1R3RK1 w - - 0 21	b1b7 f7e8 g4e6	1199	0g0i191o
4SmQF	r1b2rk1/pp3ppp/2p2n2/q1b5/N3P3/2Q2P2/PP4PP/R1B1KBNR b KQ - 2 14	c5b4 c1d2 b4c3	1199	0g1c1g1o
50Fhc	2kr3r/pppq1pp1/3bpn1p/3pnb2/3P4/2P1P1B1/PP1N1PPP/R2QKB1R w KQ - 0 11	d4e5 d6e5 g3e5	1199	010s191o
5TK4E	2rr2k1/5ppp/1q2pn2/2b5/PpB5/1P2PP2/3BQ1PP/R1R3K1 b - - 0 25	d8d2 e2d2 c5e3 d2e3 b6e3	1199	0g0s1019
5XTc8	2r5/pRbk1pp1/4pq1p/3p4/8/Q2BP3/P2K1PPP/3b4 w - - 0 33	d3b5 d7d8 a3f8	1199	1315191g1o
5cxYu	3r2k1/p5p1/1pnp1q1p/2p5/5r2/P2Q1N1P/1P3PP1/1R3RK1 w - - 4 23	d3d5 g8h7 d5c6	1199	010s191o
7ZSt9	6kr/1QR5/3Pp1p1/5n1p/3q4/7P/5PPB/r4RK1 b - - 2 29	a1f1 g1f1 d4d1	1199	051315191o
AXhHi	5rk1/p1q2rb1/2p1p3/1pPb2PQ/1P1P1P1P/P1B1R3/5R2/6K1 w - - 1 46	g5g6 g7f6 g6f7	1199	00010y11191o
AdXMm	5B1R/p4p2/4p1kp/4P3/4bPp1/P5r1/8/5K2 w - - 2 41	h8h6 g6f5 h6f6	1199	0p1113151o
CBdPE	r4rn1/3bp1kp/p4qp1/2pPpPQ1/2P1P2P/3B2N1/8/4RRK1 w - - 1 27	g3h5 g7h8 h5f6	1199	0g191g1o
CLrKy	5rk1/1q1n1p2/p3p1p1/1b1pPNPQ/3P4/2P5/4RPP1/6K1 w - - 0 29	f5e7 g8g7 h5h6	1199	0y1315191o
E1Z1x	8/5RP1/8/5Pk1/3K4/2p5/7P/1qr5 w - - 0 54	g7g8q g5f4 g8g3	1199	000p13151h1o
EnFMT	8/2p2R2/7P/8/P1P3k1/4r2r/4p1K1/4R3 b - - 0 38	e3g3 g2f2 h3h2	1199	0p13151m1o
EvK1w	3R1rk1/p2Rq2p/6pP/2p2p2/2P2P2/1P2r3/PQ4P1/6K1 b - - 4 33	e3e1 g1f2 e7e3	1199	0p13151o
FuPAk	5rk1/1p3ppp/8/7r/3B3b/2P2q1P/PPB1QP2/3RR1K1 b - - 1 27	h5g5 g1f1 f3h3	1199	0y1315191o
GWvRi	2k3r1/1p5p/5R2/3p1P2/5p2/2P2nrP/PPB2RP1/7K b - - 1 32	g3h3 g2h3 g8g1	1199	030d0p13151n1o
Gi0Mv	r1bq1rk1/ppp2ppp/2nb4/1B2n1B1/4P3/2N2N1P/PPP2PP1/R2QK2R b KQ - 4 9	e5f3 d1f3 d8g5 b5c6 b7c6	1199	0g101c
GiTHn	8/1pk1r2p/p1pp4/4p3/2Pp1qQ1/1P5P/P3RPPK/8 w - - 12 35	g4f4 e5f4 e2e7	1199	0g0p1o
IJXYA	5r2/2R2pNk/4pnpP/3p4/8/1p1P1P2/1K6/8 w - - 6 43	g7e6 f8b8 c7f7 h7h6 f7f6	1199	010p0s10111g
ITPXn	r1bqk1nr/pp3ppp/2n5/1BppN3/8/1P1PP3/P1P2PPP/RN1QK2R b KQkq - 0 8	d8a5 d1d2 a5b5	1199	010s1c1o
JAIIM	8/pp5Q/2p1kpp1/b1Pp4/Pq1P4/6P1/4NK1P/8 w - - 4 34	e2f4 e6f5 h7g6	1199	0p1113151o
JCtey	r1b2rk1/pp3ppp/2p5/3p4/8/q2B1Q2/P1P2PPP/1R2R1K1 w - - 2 19	d3h7 g8h7 f3a3	1199	0g0j191o
JzjZK	3r2k1/1B5p/p2p1Rp1/4p3/P1np4/7P/1P4P1/6K1 w - - 0 31	b7d5 g8g7 f6f7 g7h6 d5c4	1199	010p0s10
Kr5HK	5b2/3nBp1p/1k1p2p1/2PPp3/K2pP3/3P1B2/5PPP/8 b - - 0 29	d7c5 a4a3 f8e7	1199	010p1o
KvscI	b2r3k/8/2pR3P/1pR1P1r1/p3B1p1/P5P1/1P6/6K1 b - - 2 37	d8d6 e5d6 g5c5 d6d7 c5c1 g1f2 c1d1	1199	0g0p0r1w
LoWfj	8/p1p1k1pp/8/2Np4/4r3/8/PRK3PP/8 b - - 1 32	e4c4 c2d3 c4c5	1199	0g0p0s1o
LvQso	r1bBkr2/p1pp2pp/2p5/8/4n3/5P2/PPPbK1PP/R2Q1B1R b q - 0 11	c8a6 c2c4 a6c4	1199	1315191o
LvmHF	3r2k1/1p1r1p2/1q4p1/p3Q3/2p3RP/PP6/5P2/3R2K1 w - - 0 34	d1d7 d8d7 e5e8 g8g7 e8d7	1199	050g0p0s10
MCwVC	5k2/5pp1/2nR3p/1r6/pn6/6P1/4PPKP/1R6 w - - 0 27	d6c6 b4c6 b1b5	1199	010p1o
MMxxW	1r2r1k1/2p2p2/p1Q3p1/8/4p3/2P1P1R1/5q2/6RK w - - 0 30	g3g6 f7g6 c6g6 g8h8 g6g7	1199	0p1013161n
MbpA5	6nk/5Q2/4R3/p1p3P1/P1Pb1P1p/1q5P/7K/5R2 b - - 0 48	b3g3 h2h1 g3h3	1199	0i0p13151o
MdiR2	r3kn1r/p1q1bpp1/2p1p1p1/3p4/5PP1/2N1P2P/PPPB1Q2/R3K2R b KQkq - 9 17	e7h4 f2h4 h8h4	1199	0g191g1o
MkX5u	1r4k1/2p4p/b5pq/3PQ3/p1P1P3/P1B5/3N2PP/7K b - - 0 30	b8b1 d2b1 h6c1 c3e1 c1e1	1199	060p0s1013161n
NqpAy	7r/1p1k2q1/p2pp3/7p/5p2/P1N1nP2/1P1Q1K2/R1R5 b - - 2 27	g7g2 f2e1 g2f1	1199	1315191o
OIka0	4r1k1/5p1p/6p1/p2P4/q1PP4/B5P1/2QKBP1P/7R b - - 0 34	e8e2 d2e2 a4c2	1199	050g0i0p1o
PJtoK	8/1n3kpp/4Np2/p1r2n2/2b5/P5P1/3r1PBP/R1R3K1 w - - 2 35	e6c5 b7c5 c1c4	1199	010b191o
QYtM2	8/1p4pk/1Q1p3p/8/2p4P/5qP1/PPr4R/5RK1 b - - 0 33	f3g3 g1h1 g3h2	1199	0p13151o
RV6yf	5Rrk/4Q2p/p2pp3/1pp5/2P5/P1NP3P/1P4BK/4q3 b - - 4 29	e1g3 h2g1 g3g2	1199	0p13151o
SSv9w	3r3k/3r2bp/p5p1/1q2p1Q1/2R5/1P3PP1/P5KP/3R4 w - - 0 43	g5d8 d7d8 d1d8 g7f8 d8f8	1199	0110191y
Sc4xv	r3qk1r/pp2b2p/4Qnp1/n1p1N3/3pp3/2P5/PP3PPP/RNB1K2R w KQ - 1 14	c1h6	1199	1314191b
SioV4	3r4/p5kp/2pQ2p1/2p2pq1/2P5/2P4P/P5P1/4R1K1 w - - 1 28	e1e7 g7h6 d6d8	1199	0g0p0v1o
TEHXp	8/1pp5/3p4/pB1P2Pk/Pr3r1P/2R4K/8/8 w - - 1 42	b5e8 f4f7 e8f7	1199	0p13151o
TVXVd	r1r2b2/R1R1pk2/5p2/4p3/p1N5/3P4/5KPP/8 w - - 2 33	c4d6 f7e6 d6c8	1199	0g0p111g1o
WxwuH	r1b4q/ppn2pkr/3p2p1/2pP4/4P1P1/P1N2NP1/1P1QBP2/R4RK1 b - - 0 18	h7h1 g1g2 h8h3	1199	0y1315191o
Xk12N	8/pp4pp/8/2P2p2/1Pk5/2r4P/6PK/2R5 w - - 0 34	c1c3 c4c3 b4b5 c3b4 c5c6	1199	0g0p101l1m
YascR	r1b2rk1/ppp2ppp/2n1qn2/8/1bQN4/2N5/PPPB1PPP/2KR1B1R b - - 7 11	e6c4 f1c4 c6d4	1199	0b0g1c1o
Z3rRY	3R4/1p1Q1ppk/p2p3p/3P4/1P1b1P2/P7/1PqB2PP/5K2 b - - 2 24	c2d1 d2e1 d1d3	1199	0p0s13151o
ZMlQJ	8/8/8/r6p/5P2/p5P1/k1K4P/3R4 b - - 1 48	a5c5 c2d2 c5d5 d2e2 d5d1	1199	0g0p0r101m
aJ2Cj	4rqk1/p2Q2bp/1p2N1p1/3p4/3P4/P7/1P1r2PP/R3R1K1 b - - 0 25	f8f2 g1h1 f2g2	1199	0y1315191o
aa271	r4k2/1b2qp2/6Rp/p1p5/1pP5/3Q4/P1B3PP/4rR1K w - - 1 30	g6g8 f8g8 d3h7 g8f8 h7h8	1199	05101316191n
bErqo	8/1p3k2/5P2/pp3K2/5P2/4r3/4p1P1/4R3 w - - 4 39	g2g4 a5a4 g4g5 a4a3 g5g6	1199	0g0p101l1m
bGwxr	2kB2nr/1p3ppp/4q3/1P2n3/2Pp4/P4P2/4BP1P/2RQK2R b K - 0 18	e5f3 e1f1 e6h3	1199	111315191g1o
busIo	2b5/2b2p1k/p2q2pp/3Q4/3P4/P4N1P/1P3PP1/6K1 w - - 1 36	d5f7 h7h8 f7e8 h8g7 e8c8	1199	0g0p0s10
cAjly	r4qk1/2R2p2/4p1p1/4P2p/p6P/5QP1/4PP2/6K1 w - - 0 28	c7f7 f8f7 f3a8	1199	0g0i0p1o
cTvQ4	8/6pp/5k2/2Q5/2pr1q2/5P2/P5PP/1R4K1 b - - 10 33	f4e3 g1f1 d4d1 b1d1 e3c5	1199	0g0j0p10
cY6vd	6k1/p1R2pp1/7p/8/4Q3/2p4P/5qPK/3r4 w - - 0 32	c7c8 d1d8 c8d8	1199	0p1113151o
ct0Oe	8/5pk1/2p1pbp1/1q2Qp1P/p2P4/2P3P1/2BK1P2/8 w - - 2 36	h5h6 g7h6 e5f6	1199	0g0i0p1o
duC8f	r1bq1rk1/pp2b2p/2p5/3pnBp1/3P1B2/2P1PP2/P1Q3PP/R4RK1 w - - 0 16	f5h7 g8h8 f4e5	1199	010w0y191o
eCMJ8	4r1k1/p2Q2pp/3Bp3/4Pp1n/8/4q1P1/PP3bBP/R2R3K b - - 2 21	h5g3 h2g3 e3h6 g2h3 h6h3	1199	0y101316191n
eXz2i	6rk/p4Qpp/5p2/1p6/3q1B1R/1P4KP/P4PP1/7r w - - 0 34	h4h7 h8h7 f7h5	1199	050p13151n1o
eZKEF	4b3/1R3p1p/p5p1/r1k5/3N4/4P2P/5PP1/4K3 w - - 10 32	d4b3 c5d6 b3a5	1199	0g0p0s1o
fTpkE	2kr2R1/4bQ2/p2p4/2pP2P1/1qn2P2/8/PPP2B2/2KN4 b - - 2 27	b4d2 c1b1 d2d1	1199	0i1315191k1o
fj5kZ	r4rk1/1q2b1p1/p2pPn1p/1PpP1p2/2B1p3/4P3/QP3PPP/R1B2RK1 b - - 0 19	a6b5 a2a8 f8a8	1199	0g191o
g0XZ8	r5k1/ppb3q1/2b1p2p/2p3p1/2N1Q3/2PP3P/P2B4/5RK1 w - - 5 32	e4e6 g8h7 f1f7	1199	010y11191g1o
gRums	1r4kb/5p2/5P2/1p2p2p/p3N1p1/2R2qP1/PP3P1P/4QK2 b - - 8 37	f3h1 f1e2 h1e4	1199	0g0p0v1o
ghvAU	5b1k/5ppp/3p3r/1q1NpP2/1Pr4P/2PR1QP1/2R3K1/8 b - - 6 37	e5e4 f3e2 e4d3	1199	0g0s11191o
hWGpU	4r3/1pk4p/p1p3p1/3q4/3QNn2/5P2/PP3KPP/3R4 w - - 0 28	d4g7 c7b6 d1d5	1199	0g0j0p1o
hu9Y0	8/pp4pk/4Q3/2PP3r/8/4R1P1/PP4K1/1q6 b - - 7 32	b1h1 g2f2 h5h2	1199	0p13151o
ifvRF	2r1r2k/p3qQ2/1p3n1p/8/P1B5/4pPP1/5PK1/7R w - - 2 25	h1h6 f6h7 h6h7	1199	1315191o
iqS9Q	6rk/2q1BQpp/p7/1p2b2R/4P3/1P6/6P1/7K w - - 6 35	h5h7 h8h7 f7h5	1199	050p13151n1o
iwTu3	2b2rk1/pp3p1p/7r/3N2q1/2P1N3/1Q2bP2/P5PP/1R3R1K b - - 4 24	h6h2 h1h2 g5h4	1199	050y1315191n1o
j4NEk	r3r3/1b2k2p/p2Npp2/8/P6q/8/1P3PP1/3RQ1K1 w - - 2 28	d6f5 e7f8 f5h4	1199	0g11191g1o
k34Yx	r1bqkb1r/p2pnppp/1pn5/2pNQ3/4P3/8/PPP2PPP/R1B1KBNR w KQkq - 2 7	d5c7 d8c7 e5c7	1199	0g0s1c1o
kH8Ut	2r1k3/Q2b2p1/4p1P1/p2pP3/7q/1P6/PR2N3/1K3B2 b - - 0 30	h4e1 e2c1 e1c1	1199	1315191o
kn83A	8/2p1BQ2/p2b3R/2kp2Pp/8/P1KP3r/2P5/1r6 b - - 0 38	d5d4 c3d2 h3h2 f7f2 h2f2	1199	0p10111316
ktF3o	6k1/pb4r1/1p4Q1/5p2/3PNP2/6P1/PP2KP2/7q w - - 1 26	e4f6 g8h8 g6e8 g7g8 e8g8	1199	0p0r101316
l7IIO	2krr3/1pp3pp/p7/Q4p2/5Bb1/2P5/1P1N3R/2K5 b - - 2 33	e8e1 c1c2 g4d1 c2b1 d1b3	1199	0j0k101316191f
nyzE9	4rrk1/ppp2q2/3p2pQ/3P4/1PPN2b1/P7/5RPP/5RK1 b - - 0 25	f7f2 f1f2 e8e1 f2f1 e1f1	1199	0y101316191n
oAEAn	2r3k1/5ppp/p3p3/8/1prP4/R6P/P2Q1PP1/2R3K1 b - - 0 26	c4c1 g1h2 b4a3	1199	010p0w1j1o
osswz	r1b4r/ppp2pk1/2n1p3/3p2q1/1b1P3P/2NB4/PPP2PP1/R2QK2R w KQ - 0 12	h4g5 h8h1 d3f1	1199	010h191o
pdKpl	r7/5p2/1pk3p1/1prp3p/1R1R2b1/P1P1K1P1/1P2BP1P/8 b - - 3 31	a8e8 e3d3 g4e2	1199	0g0p1o
pvaXb	1r6/r1p2R2/1p2P1kp/3pP3/qP4Pp/4n3/2P5/5RK1 w - - 4 43	f1f6 g6g5 f7g7	1199	0p13151o
q2fWG	3r3r/2p5/pkP4N/4Q3/3P4/1BP5/P4bP1/R3R2K b - - 0 35	h8h6 e5h2 h6h2 h1h2 d8h8	1199	050t101316191f
q97uH	r5k1/5ppp/1nQBp3/3p4/p2PP3/1q3P2/6PP/2R3K1 w - - 2 26	c6a8 b6a8 c1c8	1199	060d0p13151n1o
qDgtX	2b4r/ppQ1qkpp/3p1p1n/1B6/3N1P2/1P2P1P1/P2P1K1P/8 w - - 4 28	b5c4 d6d5 c4d5 c8e6 d5e6	1199	0g1019
rFR8v	2R5/2p2pk1/1p1p1bpp/1P1P3q/2P2B2/5QPP/5PK1/3r4 b - - 5 35	d1g1 g2g1 h5f3	1199	0g0i0p111o
rgGT0	7k/ppQ3pp/2p5/2K5/1P1Br3/2P2p2/P3qP2/R7 b - - 8 42	e2b5 c5d6 b5d5	1199	0p13151o
sVxSx	1r1q1r2/2p1ppkp/p1np2p1/1p6/4P3/Q2B3P/P1P2PP1/1R3RK1 w - - 2 19	a3c3 c6e5 f2f4 f7f6 f4e5	1199	010s1019
slwsJ	1k5r/pp3Q2/5p2/3Rp3/4q3/2P3P1/P2K4/3R4 b - - 1 30	h8h2 d2c1 e4c2	1199	0p13151o
soXXU	2kr4/pp6/2n3Q1/3q3p/2N2P1P/1PB5/1P2p1P1/2K1R3 b - - 1 30	d5d1 e1d1 e2d1q	1199	001315191h1k1o
swqET	rn1q3r/3bk1pp/2p2p2/1p2pP1Q/p2pPn2/P2P4/P1PB2PP/R4RK1 w - - 1 19	d2b4 c6c5 b4c5	1199	1315191o
tAap3	r1b1kb1r/ppppqppp/8/8/3nQ3/2P5/PP3PPP/RNB1KB1R w KQkq - 1 8	e4e7 f8e7 c3d4	1199	011c1o
uEOqf	7R/p7/8/8/1P4k1/P6N/2r4r/R4K2 b - - 3 37	h2h1 h3g1 h1h8	1199	0g0p1o
uHWhz	r6k/pp1b4/2p3Bp/3pq2N/2Pb4/1P5P/P2Q1PP1/6K1 w - - 6 27	d2h6 h8g8 h6h7 g8f8 h7f7	1199	0r0s10131619
uJJmS	4r3/3n1ppp/1k2b3/r7/8/2P2P2/4BPPP/R4RK1 w - - 0 21	f1b1 b6c7 a1a5	1199	0g0i191o
uVorY	8/1p1r4/1R5p/2p1P1p1/3k1p2/3P1P1P/4K1P1/8 w - - 1 34	b6d6 d4e5 d6d7	1199	0g0p1m1o
unfXU	8/4k3/R3r2p/8/6PK/8/8/8 w - - 0 52	a6e6 e7e6 h4h5	1199	0g0p1m1o
vfD6G	3r4/R4p1p/5kp1/8/1p4P1/PPb2B2/7P/6K1 b - - 0 34	c3d4 g1f1 d4a7	1199	010p0s1o
vkVke	r4r1k/1b4pp/1q2Bp2/p2PpP1Q/3bP1P1/5R2/3p3P/R6K w - - 0 27	h5h7 h8h7 f3h3	1199	050y11121315191f1n1o
x1kg4	r3r2k/bp3p2/p1bN2pp/4p3/4Q3/3B4/PP3PPq/3RRK2 w - - 4 26	d6f7 h8g7 e4g6	1199	010y191o
xg2tr	5rk1/1bn4p/1p4p1/p2N4/2P2p2/5Q1P/1q4PB/4R1K1 w - - 0 35	d5e7 g8g7 f3b7	1199	010j191o
yHHoe	1r3r1k/4pP2/5nQ1/q1p3Np/7P/4P3/1p4P1/1K1R3R w - - 2 28	g6h6 f6h7 h6h7	1199	1315191o
zEDhC	r7/1R5p/3kN1p1/pPnPpp2/1p6/8/1P3PPP/6K1 w - - 3 29	b7b6 d6d5 e6c7 d5c4 c7a8	1199	010p0s10
zOW2N	3r2k1/1p1n2pp/4p3/8/6Q1/8/1q3PPP/4R1K1 w - - 0 25	g4e6 g8h8 e6e8 d7f8 e8d8	1199	0g0p101g
