7uDLu	3q1rk1/4bppp/2rpb3/2pnp3/1pP5/1P1PPB2/1B3PPP/3QNRK1 w - - 0 19	c4d5 c6a6 d5e6	1265	010s11191o
B1592	r1b3k1/pp3q2/4p1p1/3pPnQ1/8/7R/P5BP/6K1 w - - 0 31	g5d8 f7f8 h3h8 g8h8 d8f8	1265	01050i0r1019
BoNRk	r2q3k/pp1n2p1/4R2p/2b5/2B5/8/PP1Q1rPP/R1B4K w - - 0 22	e6h6 g7h6 d2h6	1265	0y1315191n1o
C3Ano	5rk1/5p2/3Q1Pp1/1pr2q1p/8/7P/P4PK1/3RR3 w - - 0 29	d6f8 g8f8 d1d8	1265	050p13151n1o
CVPSU	3r4/6k1/5np1/p2n4/Pp1P4/1Pp1Pq2/2Q2PRP/1B5K w - - 0 34	c2g6 g7f8 g6g7 f8e8 b1g6	1265	10131619
CblXV	r2q1rk1/pp3pb1/2n3p1/8/2B4R/4p2Q/PB3PP1/R3K3 w Q - 0 17	h4h8 g7h8 h3h8	1265	0y111315191n1o
CyylJ	r5k1/pbp3pp/1p3p2/2p5/5P2/P1Q1N1Pq/1PP1r3/2KR2R1 w - - 0 23	c3c4 g8f8 c4e2	1265	0g0s191o
D3TaC	8/1p6/p1p5/1pP2p2/1P1PkP1b/P1KR4/r7/2B5 w - - 14 41	d3e3 e4f4 e3e2 f4g3 e2a2	1265	0g0j0k0p10
DBC4A	r3k2r/ppp3pp/2Nb1n2/5p2/Q5bq/2P5/PP1PP1PP/RNBK1B1R b kq - 0 9	g4e2 d1e2 h4a4	1265	0g0j191o
DZYdV	1k6/p1pp1P2/1pqnp1pr/8/3P2P1/2P5/NP3P2/K2R4 w - - 0 33	f7f8q b8b7 f8h6	1265	000g0p0s1h1o
EDle9	8/5p2/4k3/p1r1P2p/Pp3P2/1K5P/1PR5/8 b - - 1 42	c5c2 b3c2 e6f5 c2d3 f5f4	1265	0g0p101m
F9GN6	5R2/7P/4kb2/4p3/2rp4/8/3K4/8 w - - 3 58	f8f6 e6f6 h7h8q	1265	00050g0p1h1o
Gl7bb	3Q4/P1B2ppk/2p4p/2P5/8/7P/2Pn1qPK/8 b - - 0 39	d2f3 h2h1 f2e1	1265	0p13151g1o
HDRkC	3r4/2k2ppp/1q6/2r5/P3QP2/8/2P3PP/2KR4 w - - 11 29	e4e7 c7c8 d1d8 b6d8 e7c5	1265	0g0p0r10
IQKNr	4Q3/1pk4p/p1P5/6r1/1P6/7K/P7/6r1 w - - 14 53	e8d7 c7b6 d7b7	1265	0p0q1113151j1o
IsiBc	2r2rk1/1b3pp1/2q2P2/4P3/p2p3P/Pp1P4/3Q3B/1KNR1R2 b - - 0 31	c6c2 d2c2 b3c2	1265	0001191k1o
LC49e	r1bqkb1r/5ppp/p1n1p3/1p6/Q2pN3/P4N2/1PP2PPP/R3KB1R w KQkq - 0 14	f1b5 a6b5 a4a8	1265	011c1g1o
LjCL3	1R3bk1/5p1p/4p1p1/p4n2/P2N4/4P1P1/q4PKP/3Q1R2 b - - 2 29	f5e3 g2g1 e3d1	1265	01191g1o
Mv0k1	2r1kb1r/pR3p1p/4pp2/3p4/2pPN3/2P1P2P/4qPP1/5RK1 w k - 0 17	e4f6 e8d8 b7d7	1265	1315191o
O8FEc	r4rk1/1b1pnBp1/p1p3qp/4p2Q/3bP3/1PN2R2/PBP2PPP/5RK1 b - - 0 15	f8f7 h5g6 e7g6	1265	01191o
Ozuno	2r3k1/p5pp/8/8/1p2N3/1P1PQp2/P5qP/4KN2 b - - 9 39	c8c1 e3c1 g2e2	1265	0p13151n1o
PMIkr	2b1k2r/5pp1/3Qp2p/p7/1r4PP/qP3N2/2P2P2/1K2R2R b k - 3 26	b4b3 c2b3 a3d6	1265	0g0j191o
QiyAA	r2q1r1k/2p1p1bp/p2p2p1/1p2np2/3nP3/PBNQ3R/1PP2PPP/R1B3K1 w - - 2 16	h3h7 h8h7 d3h3 g7h6 h3h6	1265	050y101316191n
Qrkoz	3r2r1/1bkNqpb1/p2p3p/3Pn1p1/1PPQ4/6BN/2B3PP/R4RK1 b - - 0 23	e5f3 g2f3 g7d4	1265	0g0j0y191o
Qxcqo	r5k1/2p2pp1/p2p2Q1/1pq3B1/6P1/1B5P/PP2rbK1/R7 w - - 1 29	g6f7 g8h8 f7h5	1265	0y1315191o
R2kAv	r3r1k1/pp3p1p/5np1/3pqB2/2p2P2/2P1P2P/PPQ3P1/2KRR3 b - - 0 17	e5f5 c2f5 g6f5	1265	0g191o
R8bUA	2rqr2k/1p3Qpp/p1b5/3pN3/3P1B2/b1N1R3/5PPP/3n2K1 w - - 2 26	e5g6 h7g6 e3h3 d8h4 h3h4	1265	0y101316191n
RWugC	4r3/7P/2p3P1/8/8/8/pnk2r2/KR6 w - - 0 62	b1b2 c2d3 b2f2 e8e1 a1a2	1265	0g0p101p
RtBrH	8/4R3/5p1p/1p4k1/3N1nP1/2P1KP2/1r6/8 b - - 5 52	f4d5 e3d3 d5e7	1265	0g0p0s1o
ST8Cf	r7/5k1p/r4Np1/2B1p1P1/4P3/1P6/1KP1n2P/3R4 w - - 11 37	d1d7 f7e6 d7e7	1265	0p13151d1o
ShreT	4r3/KP2p3/8/3kp3/8/2R5/8/8 w - - 1 59	c3c8 e8c8 b7c8q	1265	000g0p1h1m1o
U5yqG	r2qkbnr/pp1nppp1/2p4p/5bB1/3PN3/5P2/PPP3PP/R2QKBNR w KQkq - 0 7	e4d6 e7d6 g5d8	1265	011c1o
ULgRU	3r2k1/Q4R1p/1p2p1p1/3pn3/1P6/4qP2/P3B1PP/2R2K2 b - - 0 27	e3c1 f1f2 e5f7	1265	0g0t0w191o
UXeWW	r1q3k1/4p3/3nPp1b/3P2pP/2P3B1/1PBQ3P/8/5K2 w - - 1 39	d3g6 h6g7 h5h6	1265	0g0s11191o
V7PPZ	5k2/p2B4/2R5/8/r2bPpP1/8/8/4K3 w - - 2 46	c6c8 f8e7 d7a4	1265	0g0j0p1o
VtjFj	3r1r2/5pkp/8/3p2n1/3Q2q1/1P4P1/P4P2/3RRBK1 b - - 1 29	g4d4 d1d4 g5f3	1265	0g191o
WP7jc	r2qkbnr/ppp3p1/2n1p2p/3bPpN1/2pP4/2N5/PP2BPPP/R1BQK2R w KQkq - 0 9	e2h5 e8d7 g5f7	1265	011c1o
WXVac	1r3rk1/1R3pp1/p5bp/3Bp3/3qP1P1/P2P1Q1P/7K/5R2 b - - 0 28	b8b7 d5b7 d4b2	1265	0g191o
Wjb2G	7k/2r5/pp2Q2b/2pPp3/P1P1P3/1q6/6P1/5R1K w - - 0 42	e6h6 c7h7 f1f8	1265	0p0x13151o
XRDB2	6k1/p4qb1/1p1p4/4n1B1/PPr1R1P1/4R3/2PQ2K1/8 b - - 4 35	c4e4 e3e4 f7f3 g2g1 f3e4	1265	050g0r0s1019
Y5OBB	kr3b1r/ppQ2ppp/5n2/1q2p3/1PR5/P3P3/5PPP/2R3K1 w - - 2 20	c7b8 a8b8 c4c8	1265	051315191k1n1o
YAWnX	7k/1pb1r1pp/8/1Pp2B2/8/2Q1PPqP/1B4P1/5RK1 b - - 2 34	g3h2 g1f2 c7g3 f2e2 h2g2 e2d1 g2f1	1265	0g0i11191w
Ym3N6	8/6bk/P2p2p1/4q2p/2P1Bnn1/3P1Q2/5B2/5RK1 b - - 2 34	f4e2 g1h1 e5h2	1265	1315191o
aReIE	7k/6pp/8/p2Q4/2P5/5r1P/PP1q1rP1/R5RK b - - 0 24	f3h3 g2h3 f2h2	1265	0p13151n1o
aYRMj	7r/p3Q3/6k1/3p1r2/P2P4/3BP1Pq/5P1P/R5K1 b - - 16 41	h3h2 g1f1 h2f2	1265	0p13151o
bDdZ8	3r4/3P1kP1/3K1P2/R7/8/p1p5/8/8 b - - 2 62	c3c2 a5c5 a3a2	1265	000g0p1m1o
bQTQR	4q2k/1p2P2r/2p4Q/p3p3/2P1P3/1P6/PK6/8 w - - 3 41	h6f8 e8f8 e7f8q	1265	000p13151h1o
c0Uvv	2k3rr/1p1bqp2/p1p5/3BP3/PP1P4/3P4/2QB3P/2R2R1K b - - 0 29	h8h2 h1h2 e7h4	1265	050y1315191n1o
c7xNg	r2q2k1/ppp2ppp/2b2n2/6r1/P7/1PNB1P2/2P3PP/R2Q1RK1 b - - 0 15	d8d4 g1h1 d4c3	1265	010s191o
cMWq1	1bkrr3/1pp2ppp/p3n1q1/P7/2Q1NB2/5P2/1P4PP/2R2R1K w - - 5 22	e4d6 d8d6 f4d6	1265	01191g1k1o
cfBGV	r5k1/pp2p1n1/2p3Q1/3pq1N1/6P1/8/PPK5/8 w - - 2 27	g6h7 g8f8 h7h8	1265	0p13151o
coI4l	r2kr3/p1n3pp/2p1Qb2/2PN4/3P4/P7/5PPP/6K1 w - - 0 34	e6d6 d8c8 d6c7	1265	0p13151o
cxRnS	5r1k/2p3pp/5p2/1Q1Bp3/8/qp1P4/P1PN1PPP/1K2R2R b - - 0 22	a3a2 b1c1 a2c2	1265	1315191k1o
eMD7L	4rn1k/1b3p1P/3q2pQ/3pn1P1/2p5/1pP1PN2/1r1NKP2/6RR w - - 0 30	h6g7 h8g7 h7h8q	1265	00050y1315191h1o
gFXr5	8/8/P1n1N3/6p1/8/3kp2P/8/5K2 b - - 7 64	e3e2 f1f2 d3d2 e6g5 e2e1q	1265	000g0p0z101h
gUUEe	kr6/1pQ5/p4p2/4p3/P6R/2P2P1P/1P1q4/1K6 b - - 0 38	d2e1 b1a2 e1h4	1265	0g0p0s1o
hv6q1	8/p7/4kp1b/1pprp1p1/4K3/2P3BP/PP3RP1/8 w - - 0 33	f2f6 e6f6 e4d5	1265	0g0i0p1o
iDmd9	r3k2r/4qpp1/2p1p3/p2pP3/5P2/P7/1PPBQbPP/R4R1K b kq - 0 19	h8h2 h1h2 e7h4	1265	050y1315191n1o
kEGe4	8/4k1p1/ppn4p/3P4/P1B1P3/5K1P/6P1/8 b - - 0 42	c6e5 f3f4 e5c4	1265	0g0p0s1o
kM588	2r5/7k/5BpP/pb2p3/1p2q3/8/PPPQr3/1K1R3R w - - 0 36	d2d7 b5d7 d1d7 h7g8 h6h7 g8f8 h7h8q	1265	000i1317191h1n1w
kzZJ0	6k1/R7/6PK/8/pr6/8/8/8 w - - 7 82	a7a8 b4b8 a8b8	1265	0p13151m1o
lTo3p	r1b2r1k/p1q3p1/2nbpp2/1p1pN1N1/2pP4/2P1P1P1/PP2QPP1/R3K3 w Q - 0 17	e2h5 h8g8 h5h7	1265	0y1315191o
mynEe	2r3k1/p4pp1/1p5p/3R4/8/2q2QP1/5PKP/8 w - - 0 37	d5d8 c8d8 f3c3	1265	010i0p1o
p2ZaD	r4rk1/ppp3bp/3p2p1/8/2P1N1q1/1P2BBP1/P3NP2/2R2Q1K b - - 0 21	g4f3 h1g1 f3e4	1265	010s191o
pEvbp	3r4/pk2rppp/2p5/3q4/Q2P4/4nP2/PP4PP/2R1R1K1 w - - 0 23	a4b4 b7c8 b4e7	1265	0g0s191o
qJ9UA	r6k/bpp4p/p1npr2q/4ppN1/1PP4Q/P2P2P1/5P1P/1R2K2R w K - 0 21	g5f7 h8g7 f7h6 e6h6 h4g5	1265	010s1019
qU3GV	r5k1/pQNp1ppp/1p6/8/2B2r1q/8/PPP2bPP/R4R1K b - - 1 17	h4h2 h1h2 f4h4	1265	050y1315191f1n1o
qz2XC	5rk1/5p1p/1p2p1p1/p7/q1rP1PP1/P2RQ3/1P3R1P/6K1 w - - 9 28	b2b3 a4a3 b3c4	1265	0g0p0s1o
rklWE	r1b3k1/2p1q1pp/pb1p4/1p6/4P3/1N6/PPPQ2PP/2K2R2 w - - 0 23	d2d5 e7e6 d5a8	1265	010s191o
sfWex	1r1q1rk1/1pp2pp1/p1npb2p/3np3/P3P3/2NPPNQ1/1PP3PP/R4RK1 w - - 0 13	e4d5 e6d7 d5c6	1265	010s191o
wpGoY	1k4r1/pp2bp2/2p1p3/3n1p2/5q2/2B2Q1P/PPP2P2/2KR3B w - - 4 27	f3f4 d5f4 c3e5 b8c8 e5f4	1265	010s1019
xXal0	5rk1/p3Q2p/1pB3p1/5b2/2Pq4/8/4p1PP/3rR1RK w - - 2 37	c6d5 d4d5 c4d5 d1e1 g1e1	1265	011019
xnzZ8	r2qkb1r/ppp2ppp/2p5/8/2B1n1P1/8/PPPP2PP/RNBQK2R b KQkq - 0 7	d8h4 g2g3 e4g3 h2g3 h4h1	1265	01101c
zK6Dw	r1b1rn1k/pq3pp1/2p2N1P/3p4/3P3P/2bBPQ2/1P3P2/1K4RR w - - 3 24	h6g7	1265	000y111314191b
zVt0l	r4rk1/pp2ppbp/6p1/4P3/3n1P2/qB3Q2/P2B2PP/R4RK1 w - - 0 16	b3f7 f8f7 f3a3	1265	0g0j11191o
zhuCO	6R1/8/8/6p1/6Kp/4kn2/8/8 w - - 6 92	g8e8 e3f2 e8f8	1265	0g0p1o
zmIop	2k5/p1q4p/5Q2/1ppr1N2/8/4P2P/PPK2Pr1/7R w - - 0 25	f5e7 c7e7 f6e7	1265	0g0p0s1o
0LmWt	5n2/r5p1/4pk2/p2p4/3P1N2/2P2PR1/Pr6/6RK w - - 2 32	f4h5 f6e7 g3g7 e7d6 g7a7	1266	0g0i0p101p
0dMiw	r4rk1/pqp2p1p/5p2/4P3/7Q/4R3/P1P3PP/7K w - - 0 28	e3g3 g8h8 h4f6	1266	0p13151o
1WuMO	r4rk1/pb3p1p/1p2pqpQ/2p5/2n1PP1P/6P1/P1P3BN/1R2R1K1 w - - 1 21	e4e5 f6g7 h6g7 g8g7 g2b7	1266	011019
2DALo	1n2r3/1PP5/5k2/3Q1B2/3P4/2P3q1/6Np/7K b - - 0 38	e8e1 g2e1 g3g1	1266	0p13151n1o
2OQzd	r1b1k1nr/ppp2p1p/3p1q2/6R1/3nPQ2/8/PPP1BNP1/RN2K3 w Qkq - 2 15	g5g8 h8g8 f4f6	1266	0g191o
4RvpP	r4r2/p6k/2p1Q2p/3pp2P/3P1q2/2P5/P4P2/R5RK w - - 0 26	e6g6 h7h8 g6g7	1266	0p13151o
5LCc4	8/ppR3p1/2pR4/5k1p/1P1P3K/3r4/8/8 b - - 5 40	g7g5 h4h5 d3h3	1266	0p13151m1o
5hcmT	6R1/7k/2p2p2/1p1b2R1/7p/PP2B3/2PPr2r/2K5 w - - 0 38	g5g7	1266	090p13141b1f
647W3	r1r3k1/1b1q1ppp/p2b1B2/1p3N2/4P3/P2Q1N2/5PPP/2R2RK1 b - - 0 20	d6h2 g1h2 d7d3	1266	010j0y191o
6U5Tf	1k4r1/pp1n4/8/2p1p2p/P3Pn1q/2PP2P1/1P3P2/R2Q2KR b - - 5 29	g8g3 f2g3 h4g3	1266	0g0y191n1o
8HF2H	r4rk1/1p3pb1/pq1p3p/3Pp1P1/4n3/4Q1B1/PPP1BPP1/2KR3R b - - 2 17	b6e3 f2e3 e4g3	1266	01191o
9u6RX	8/5q1k/6pp/4R3/1Q6/p6P/r4PP1/6K1 b - - 0 28	f7f2 g1h2 f2g2	1266	0p13151o
A1xJV	2kr4/p4Q2/2p1p3/Bp6/3P4/1K6/PP2qP2/4R3 b - - 0 27	e2c4 b3a3 c4a4	1266	0p13151o
AEJov	r3k1nr/pp1nb1pp/4Q3/6N1/3P1B2/2P1P3/P3KPPP/1q6 w kq - 2 16	e6f7 e8d8 g5e6 d8c8 f7e8 e7d8 e8d8	1266	0r1317191w
Aq2gb	3rk1nr/pB1qbp2/4p1p1/2p1P1B1/N1Pp2Q1/1P4P1/P4P2/R3R1K1 b k - 0 21	d7b7 g4e4 b7e4 e1e4 e7g5	1266	011019
AqVvF	4r1k1/4bpp1/2p1n2p/1p1bN3/1q1P1P2/3BB2P/6P1/1Q3RK1 w - - 0 25	d3h7 g8h8 e5f7	1266	0i0y1315191o
CEtZR	8/p7/2pB4/2Pb4/PP6/5k2/6r1/R4K2 b - - 0 37	d5c4 f1e1 g2g1 e1d2 g1a1	1266	0g0p0r101p
CK6sS	r3r2k/pp1q1p1p/8/3Nbp1R/8/5P1P/PP3P2/R2Q3K w - - 1 22	h5h7 h8h7 d5f6 e5f6 d1d7	1266	050g0j0y10191n
CgT0d	r1b1k3/2qpnp1p/p1n1P3/1p6/1b4r1/1NNB4/PPP3PP/R1B2RK1 w q - 0 14	e6f7 e8f8 c1h6 g4g7 h6g7 f8g7 f7f8q	1266	0004051317191h1w
DpFWW	7k/1p5p/2pP2pb/2P1p3/p3P3/P1NK4/1P3r2/R4B2 b - - 1 37	f2d2 d3c4 d2d4	1266	0p0q13151o
Drlvr	8/5p2/2N1k3/KP1nP1p1/8/8/8/8 b - - 3 47	g5g4 b5b6 d5b6 a5b6 g4g3 b6c5 g3g2	1266	000g0p0z1l1n1w
DvTJI	rn3rk1/3p1ppp/b1pb1n2/3Np3/4q3/5N2/PPQBPPPP/R3KB1R w KQ - 4 13	d5f6 g7f6 c2e4	1266	0g0y1c1o
FmzU1	8/7p/5R2/p2B2k1/6p1/b1r5/1r4PP/5RK1 w - - 1 36	f1f5 g5h4 f6h6	1266	0p13151o
H6ioj	1k2q3/np1b4/2r5/Q3P3/3P4/1PP2N2/6PP/R5K1 b - - 0 30	c6a6 a5b4 a6a1	1266	0g191o1p
HCp86	r1b2r2/ppp3k1/5ppp/2qPp3/3n3P/3BQP2/PPP3P1/2KR2NR b - - 2 16	d4b3 a2b3 c5e3	1266	0g0j191g1k1o
HPaRt	r1bqk2r/ppp1p1b1/7p/3nNpp1/3P4/2N1P1P1/PPP2P1P/R2QK2R w KQkq - 0 11	d1h5 e8f8 h5f7	1266	13151c1o
HV6BC	8/1k6/8/7p/6P1/3KPp2/8/8 w - - 0 51	g4h5 f3f2 d3e2 f2f1r e2f1	1266	0g0p101e
HbqFc	1r6/pbQn4/2p1k1P1/1p6/3P2P1/5p2/PPP5/2K5 b - - 0 27	f3f2 c7f4 b8f8	1266	000g0p1o
HvdvI	r1b2r1k/pp3p1p/5b2/3pp3/5PR1/5R2/P3q1PP/1Q5K w - - 0 22	b1h7 h8h7 f3h3 f6h4 h3h4	1266	050y101316191n
Hvsum	8/8/1p1R4/2pP4/2Prk3/2K5/8/8 w - - 1 77	d6e6 e4f5 e6b6	1266	0g0p111m1o
Iuvvh	8/Q1qk1p1p/2b2p2/8/8/8/PPP3rP/4RK2 w - - 1 28	e1e7 d7e7 a7c7	1266	050g0i0p1g1o
JA0gS	k3r1q1/8/p4Q2/2p1BP2/2p1b1PP/2P5/2P1K3/R7 b - - 4 33	g8g4 e2e1 g4g1	1266	0g0p1o
K7N7m	3R4/1q3kpp/p3pp2/1p6/6Q1/4BP2/PPr3PK/8 b - - 5 27	b7c7 f3f4 c7d8	1266	0g0p0s1o
LNEzQ	r3k3/2pN4/8/1QP5/pp2Pp2/1P3P2/3K2P1/q2R1B2 b q - 2 31	a1c3 d2e2 c3e3	1266	0p13151o1s
MI4sQ	r2r2k1/pb3ppp/2p1p3/2p1N3/4qP2/2P1p1bP/PP2N3/R1Q1R1K1 w - - 0 19	e2g3 e4f4 c1e3 f4e3 e1e3	1266	010t1019
MJqJx	8/3N1Rpk/pp5p/7P/5P2/6Pb/PP2p1r1/7K w - - 0 31	d7f6 h7h8 f7f8	1266	0p13151g1o
MPrFS	6k1/8/3p4/3Pp3/PB2P1P1/P2pbPK1/1r6/3R4 b - - 4 45	e3f4 g3h4 b2h2	1266	0p13151f1o
Nlrrn	5rk1/p4ppp/6q1/1p4r1/1Qb5/4RP1P/P1P1R1PK/8 w - - 5 28	b4f8 g8f8 e3e8	1266	051315191n1o
ODGKS	r6k/pp4pp/2n5/3Bp3/4R2N/2qP2P1/P1P4P/R4bK1 w - - 0 20	h4g6 h7g6 e4h4	1266	0d0y1315191f1n1o
OiLZp	4q3/2R1p3/4k1Q1/2p2r2/2P5/7P/P4PP1/6K1 b - - 0 30	e8g6 c7c6 e6f7 c6g6 f7g6	1266	0g0p0t10
P9u6G	r3k2r/pp2bpp1/2p3q1/4N2p/2P1b3/3QP3/PP3PPP/3R1RK1 w kq - 0 18	d3d7 e8f8 e5g6	1266	0g191o
RelGA	3r2k1/1p6/4bqp1/1P2Qp2/3P1P2/5PPp/R6P/5BK1 b - - 3 38	f6e5 d4e5 e6a2	1266	010p111o
Rml8A	2rq1k2/ppn4R/6p1/3B4/8/1P2P3/P4P2/2R1K3 w - - 1 41	h7h8 f8e7 h8d8	1266	0g0p1o1p
S0pij	Q7/4b1pp/5k1q/3ppp2/4n3/8/P3BP1P/3RKR2 b - - 0 32	e7b4 d1d2 h6d2	1266	111315191o
Sn6fe	8/4r1pk/pQ5p/2pP2q1/2P5/6Pb/PP3P1P/3RR1K1 b - - 2 25	e7e1 d1e1 g5d2	1266	010p1o
SvvWe	3Q1b1r/pp3kpp/5n2/1p2q3/2P5/5RN1/P5PP/3R2K1 b - - 0 24	f8c5 g1h1 h8d8	1266	0g0j191o
UX9LA	k5nr/1pp5/pb2Q2p/5p2/P7/6P1/1qP2PBP/5R1K w - - 0 27	e6c8 a8a7 c8b7	1266	1315191k1o
W5SLm	r3kb1r/pb3qpp/1p2pp2/2ppB2Q/3P4/2PBP3/PP3PPP/R3K2R w KQkq - 2 15	d3b5 e8e7 e5d6 e7d6 h5f7	1266	0g0i0r1019
XD1r8	5k2/2p2pp1/4p2p/p3P3/2q2P2/5QP1/r6P/3R3K w - - 0 28	f3a8 f8e7 a8d8	1266	0p13151o
XFEqf	R7/4k3/3N4/3P2p1/2P5/5p2/4q3/6K1 w - - 1 43	a8e8 e7d6 e8e2 f3e2 g1f2	1266	0g0p10111p
XYTKN	r2q1rk1/p1pb2pp/8/1pb1Bp2/3N4/3P1Q2/PPPN2PP/5RK1 w - - 1 18	f3d5 f8f7 d5c5	1266	010s191o
ZN9vl	r2qr1k1/ppp3pp/5nn1/8/3P1b2/2N1RQ2/PPP2PPP/R1B3K1 w - - 3 15	e3e8 d8e8 c1f4 g6f4 f3f4	1266	010j0y1019
alkAA	2kr2R1/ppb2p1r/2p2p1p/4p1N1/2B5/3PB2K/PPP2P2/6R1 b - - 0 23	h6g5 h3g2 d8g8	1266	0g0j0k191o
c8FUg	r2q1rk1/pp2bppp/2n1b1n1/2p5/3pNP2/3P2PP/PPP1N1B1/R1BQ1RK1 w - - 1 12	f4f5 e6f5 f1f5	1266	010s1c1o
cToEa	4r1k1/5ppp/p1n1r3/1p6/1PbP1B2/2P2P2/1PB2K1P/4R1R1 b - - 0 26	e6e2 e1e2 e8e2 f2g3 e2c2	1266	0e0g0s10111219
dcfUp	8/4qpk1/5bp1/1pNB1b2/1P3P2/5KPp/4Q2P/8 b - - 7 42	f5g4 f3g4 e7e2	1266	050g0i0p111o
dciI2	r5k1/p2b2q1/2n1p1p1/1p1pN1P1/3P3Q/1P2P3/2P5/b2K3R w - - 1 26	e5d7 a8d8 d7f6	1266	01191o
e1QLU	r4k1r/ppb2pp1/4p2p/8/Q7/1P1P4/P1P2PPP/q1B2RK1 w - - 0 17	c1a3 f8g8 f1a1	1266	0g0j191o
ehO2z	r1b1k2r/ppp2ppp/3p1q2/8/1bP2P2/4P3/PP1N1PBP/R2Q1K1R w kq - 0 13	d1a4 c7c6 a4b4	1266	010s191o
gMDPf	3r2k1/5ppp/8/RP6/8/1Q2P1qP/1P4P1/6K1 b - - 0 33	g3e1 g1h2 e1a5	1266	0g0p0s1o
h65ni	r1b1k1nr/pppq1p2/3p3p/1N1Pb1p1/Q1P1Pp2/3B4/PP4PP/R1B2RK1 w kq - 6 15	b5c7 e8e7 a4d7 c8d7 c7a8	1266	010j10191g
huwDP	6rk/1R4pp/3QN3/4p3/7q/r6P/4nPP1/5R1K b - - 0 35	a3h3 g2h3 h4h3	1266	1315191n1o
iAdn9	5r2/pp3kp1/2p3q1/3p4/3PnP2/2PQ1P1R/PP6/5K1R b - - 2 28	e4g3 f1g2 g6d3	1266	0g0j0p0s1o
itMnv	3r4/2p1kpp1/ppB1p3/2n1PP2/6K1/2P5/P1PR3P/8 w - - 0 27	f5f6 g7f6 e5f6 e7f6 d2d8	1266	0g0p10
jxoTP	6k1/p5p1/8/1p1b1q1p/1BpPp3/P3P1bP/1P4P1/3B1QK1 b - - 1 27	g3h2 g1h2 f5f1	1266	0g0i0p0y1o
kSNaj	5rk1/6p1/1q2n2p/1pp1r3/4B2P/1P6/P1Q2P2/2R1R1K1 w - - 1 30	e4h7 g8h8 e1e5 e6d4 c2c5	1266	0g0j1019
kWXlA	1Q4rk/p1p5/5pK1/6pp/8/P3P1Pq/1R3P1P/8 w - - 4 35	b8g8 h8g8 b2b8 h3c8 b8c8	1266	050p0r1013161n
mfUxR	r2q1k2/pp2bbpQ/2np3p/4pB2/P7/B6P/1P3PP1/R5K1 w - - 5 25	h7h8 f7g8 f5e6 e7f6 h8g8 f8e7 g8f7	1266	1317191g1w
mrwje	r2q2k1/5bb1/p1p2r1p/P4p2/2pB1PPQ/1BNP4/1PP3P1/R4RK1 b - - 0 25	d8d4 h4f2 d4f2 f1f2 c4b3	1266	010t0y1019
n5s5X	6k1/8/6PP/3p1N2/4p3/4P3/5PRK/2r1q3 w - - 1 53	h6h7 g8h8 g6g7 h8h7 g7g8q	1266	000p0r1013161h
oU2tq	r3k2r/pp1Nqppp/2p1p3/3p4/2PPn3/1P2P3/P4PPP/R2QKB1R b KQkq - 0 13	e7b4 e1e2 e4c3 e2f3 c3d1	1266	0g0s1019
odPu5	rnbqk1nr/pp4pp/3bpp2/3pN3/2pP1P2/2P1P3/PP1N2PP/R1BQKB1R w KQkq - 0 8	d1h5 g7g6 e5g6 h7g6 h5h8	1266	0g101c1g1t
pYMHz	1r1q1rk1/p1p2pp1/2Q1p2p/2Pp2b1/3P4/P3P3/1P1NbPPP/R1B1R1K1 b - - 2 16	e2b5 c6b5 b8b5	1266	0g191o1t
qVP9Q	8/p4pk1/4pN1p/3pPn2/3P1R2/7r/4K3/8 w - - 2 35	f4g4 g7f8 g4g8 f8e7 g8e8	1266	0p0u101316
qhEKI	8/8/6p1/P7/1p2KPk1/3P4/8/8 b - - 0 50	b4b3 a5a6 b3b2 a6a7 b2b1q a7a8q b1h1 e4d4 h1a8	1266	000g0p1e1h1p1w
qlCmK	2b4r/Q4pp1/p3pk1p/3q4/2pP1b2/N1P3P1/PP3P1P/R3R1K1 b - - 0 20	c8b7 a7b7 d5b7	1266	01191l1o
rWgX2	r3kb1r/pp1nppp1/1qp2n2/6B1/3PN3/8/PPP1QP1P/R3K1NR w KQkq - 3 11	e4d6 e8d8 d6f7	1266	0g0i1c1g1o
rY6Kq	4b3/7p/2p1pk2/p4p2/7q/1P4RP/P4QPK/3r4 w - - 15 39	g3g6 h7g6 f2h4	1266	010j0p1o
rjEGd	3Q4/ppp2rkp/3p2p1/3Pb3/8/5P2/2q1rPK1/5R1R w - - 8 30	h1h7 g7h7 f1h1 e5h2 h1h2 h7g7 d8h8	1266	051317191n1w
tCuyM	r1bqk2r/ppp3pp/2nbpp2/3pN3/3PnB2/4P3/PPP2PPP/RN1QKB1R w KQkq - 0 8	d1h5 g7g6 e5g6 e8d7 g6h8	1266	0g101c
uQ4pc	r1b2rk1/pp3p1p/2np2p1/3N4/2PNP1q1/8/P4PPP/b1BQK2R w K - 0 14	d5f6 g8h8 f6g4	1266	010s1c1o
uzS39	8/8/R5p1/2p4p/P1K3kP/2P3r1/8/8 w - - 1 48	a6g6 g4h4 g6g3 h4g3 a4a5 h5h4 a5a6	1266	0g0p111l1m1w
vOejw	8/8/kP6/P4K2/4p1p1/8/5PP1/8 b - - 0 57	g4g3 f2g3 e4e3	1266	0g0p1e1o
vZ7Xk	2qrrbk1/p2R3p/1p2p1p1/8/1PP1pBN1/P6P/5PP1/2R3K1 w - - 0 25	g4f6 g8h8 d7h7	1266	030s1315191o
xNYwl	6k1/2p3p1/5qR1/1p2p3/4P3/1P1P4/2P3QK/r7 b - - 4 29	f6h4 g2h3 a1h1 h2h1 h4h3	1266	050g0i0p0r10
xyJx6	2b3k1/3R2p1/2p4p/1p2p3/1q6/5QPP/5PK1/r7 w - - 3 35	f3f7 g8h8 f7g7	1266	0p13151o
zFmSE	r1bN4/3nb2k/3p3p/p6P/1pB1P3/8/PPPn4/1NK3R1 w - - 0 23	c4g8 h7h8 d8f7	1266	0f1315191o
1vs4u	r3k1nr/pp4pp/8/1q2p3/1Q1n4/6N1/PPPB1PPP/RN2K2R b KQkq - 0 15	d4c2 e1d1 c2b4	1267	0g0s1c1o
2XqXi	4r3/8/1p4p1/p1kP1PP1/P1B3K1/1P6/8/8 b - - 0 59	e8e4 g4f3 g6f5 d5d6 c5d6	1267	0g0i0p1011
2cRNn	8/8/4K3/7P/6Q1/1k6/8/2q5 b - - 3 67	c1c8 e6f6 c8g4	1267	0g0p111i1o1p
2zqi2	8/5r2/1P5R/4kp1p/5R2/4rPKP/8/8 b - - 0 50	f7g7 g3h4 e5f4	1267	0g0i0p1m1o
3WbQU	r5k1/6pp/p2b2r1/1p6/2p1pP1q/P3P3/1PQ4P/RB3R1K w - - 0 23	c2e4 a8d8 e4d5 g8h8 b1g6	1267	010j0y1019
4IX3E	3r2k1/3r2pp/4R3/4Q3/p7/P6P/1P1p2P1/2qR3K w - - 3 37	e6e8 g8f7 e5e6	1267	0p13151o1u
4SPo7	1k5r/pp2rpb1/7p/4N1p1/3p4/6P1/PP3PP1/2R1R1K1 w - - 2 23	e5c6 b7c6 e1e7	1267	0g0j0p1o
4kEBC	2r5/5p1k/2p1pPp1/6Qp/p7/7R/q2r1PKP/8 w - - 2 34	h3h5 h7g8 h5h8 g8h8 g5h6 h8g8 h6g7	1267	050p13171n1w
4qWba	8/8/8/3kr1KR/7p/7P/8/8 w - - 1 55	g5h4 d5d4 h5e5 d4e5 h4g5	1267	0g0h0j0p101m
4wFwO	2kr1br1/pp3p2/2p2p2/B7/3q1Pp1/6p1/PPPQ3P/R3R2K w - - 0 24	d2d4 d8d4 e1e8 c8d7 e8d8	1267	0g10191k
4yB7L	rn1qk2r/ppp2pp1/5p1p/3P1b2/1bB5/2N1P3/PP3PPP/R2QK1NR w KQkq - 1 9	d1a4 b8d7 a4b4	1267	010s1c1o
6acmX	3rk2r/p2nb2p/2Q2p2/1p1p1bp1/3P3N/2P1P1BP/PPqRK1B1/7R b k - 3 23	f5d3 e2e1 c2c1 e1f2 c1d2	1267	0g0i1019
7v5hq	rnb1k1nr/pp1p1ppp/3b4/8/2Bpq3/2P3P1/PP3P1P/RNBQ1RK1 w kq - 0 9	f1e1 e4e1 d1e1	1267	011c1g1o
9M8JX	r3r1k1/p1q2p1p/3N2p1/2nP4/2B2B2/P3P3/5PPP/2Q1K2R b K - 0 23	c5d3 e1d2 d3c1	1267	01191o
9hpZl	r5k1/5pp1/5bRp/1Np1p3/2Bq4/3P4/1PP2PPP/3Q2K1 b - - 0 22	d4b2 g2g3 a8a1 d1a1 b2a1	1267	0110191g
AOLXZ	rn1qk1nr/pp1b2pp/4pp2/3pN3/2pP4/2N1P3/PP3PPP/R2QKB1R w KQkq - 0 9	d1h5 g7g6 e5g6 h7g6 h5h8	1267	01101c1g1t
BXEPY	2k4r/p1p1q3/p1Q3p1/5pPp/2b1pP2/2P1P3/PP4P1/2Kr3R w - - 0 20	h1d1 c4d3 c6a8 c8d7 a8h8	1267	010p101p
Bhnhz	6rk/1p3p1p/6r1/3p3q/3Np3/2P1P3/P4PPP/R2Q2RK b - - 3 30	h5h2 h1h2 g6h6 d1h5 h6h5	1267	050y101316191n
D2TrW	8/2b5/5k1P/p1p2B2/1pP1Kp2/1P6/P7/8 w - - 0 44	h6h7 f6g7 e4d5	1267	00080g0p1o
DeQ81	8/5p1p/6k1/5R2/5R1P/7r/2r2P2/6K1 w - - 1 42	f5g5 g6h6 f4f6	1267	0p13151m1o
Eu7Qh	5rk1/2p2p1p/bpP1p1p1/8/qRQP3P/5N2/B4PP1/B5K1 b - - 0 25	a4d1 g1h2 a6c4	1267	0g0s191o
F2Tyo	5r1k/5r1p/2p2P2/p2n4/P1R5/2N4P/1P5K/5R2 b - - 0 32	d5e3 f1f4 e3c4	1267	010p0s111o
FOhki	r1r3k1/2q2ppp/pN6/3Pp3/2Q1P3/4b3/P4PPP/1R4K1 w - - 0 28	c4c7 c8c7 b6a8	1267	01191o
FXcGb	r1b3k1/2q1b1pN/p3pr2/3p1p1Q/3p1P2/2p5/2B3PP/1R3RK1 w - - 1 22	h7f6 e7f6 h5e8	1267	010y191o
Fl9mo	5r2/6k1/1p1r2qp/p1p3p1/P1PpPpQ1/3P1P1P/6P1/1R2R1K1 b - - 2 27	h6h5 g4f5 f8f5	1267	0g0p1o1t
FsDso	rn1qk1nr/pp4pp/3bpp2/3pN3/5B2/3P3P/PPP1QPP1/RN2K2R w KQkq - 0 10	e2h5 g7g6 e5g6 h7g6 h5h8	1267	01101c1g1t
FwBAb	q4rkb/1b1p1p1p/2r2Pp1/2BRP3/6Q1/P1P2N2/2P3PP/2K1R3 b - - 2 27	c6c5 d5c5 a8a3 c1d2 a3c5	1267	01050b0s1019
G8yKX	rn3rk1/pp1bbppp/2pp2q1/7n/2BNP3/2N2P2/PPPQ2PP/R1B3RK b - - 4 14	h5g3 h2g3 g6h5	1267	0d0y13151c1n1o
Ggleh	1k6/1pn5/p2r2p1/2K1Qr2/7P/1P6/P3B3/8 w - - 1 53	c5d6 f5e5 d6e5	1267	0g0p111o
H4XNB	8/3P1p1p/8/3rk3/1R6/7P/6K1/8 w - - 1 39	b4b5 d5b5 d7d8q	1267	00010i0p111g1h1m1o
HS8DY	2b2r2/p1P3r1/3p4/4p3/3pPkPp/7P/2RKB3/R7 w - - 1 31	a1f1 f4g3 f1f8	1267	0g0p1o1p
I1aVD	5k2/2p2p1Q/1pp2qp1/3p3p/rP6/7P/2P2PP1/4R1K1 w - - 0 26	h7h6 f6g7 e1e8 f8e8 h6g7	1267	0g0i0p10
IjT5p	5k2/4R1R1/p5pp/1bBp2p1/1P6/P4PPK/3q4/8 b - - 2 39	b5f1 h3g4 h6h5	1267	0p13151o
Ilhw3	r6b/2pkn3/4q2N/3pP3/1p1P4/1P1b4/P2B1Q1P/K2R3R b - - 2 30	a8a2 a1a2 e6a6 a2b2 a6a3	1267	05101316191n
Isg8A	k4q2/pp6/3QP2b/6p1/8/6B1/PPP2r2/R5RK b - - 1 30	f8f3 g1g2 f3g2	1267	1315191o
J08SV	4R3/2q2p1k/pp6/2pp1Np1/3P2Q1/P1P4r/1PN5/6K1 b - - 1 35	c7h2 g1f1 h2h1 g4g1 h3f3 f1e2 h1g1	1267	0g0i0p0r0s1g1w
J0Abs	8/4q1k1/1R3ppp/8/1Q6/4r2P/P5PK/8 b - - 4 42	e7e5 h2g1 e3e1 b4e1 e5e1	1267	010p10
J2lF6	r1b1r1k1/pp1nq1p1/2p2p1p/3pN3/3P1P2/P2BP3/1PQ3PP/R4RK1 w - - 0 21	d3h7 g8h8 e5g6 h8h7 g6e7	1267	0g0j0k0s1019
JFVb8	r1b2r2/1p1p1kbR/3PpNp1/2p1P1B1/1nP2PP1/pP3q2/3K4/1B5R w - - 0 28	h7g7 f7g7 h1h7	1267	050u1315191n1o
Jmx78	8/1pp3pk/1p1p2rp/1P2p3/P3P2r/2P2PqP/3Q1RP1/5R1K b - - 4 36	h4h3 g2h3 g3h3 f2h2 h3f1	1267	0i0p0y1013161n
KMubq	3r4/ppp4k/4p2p/2Pb1pq1/2BPp3/1Q2P3/PP1R2PP/6K1 b - - 2 24	d5c4 b3c4 g5e3	1267	0g0p1o
LJFvK	2kr3r/1pp2p1p/p1p3p1/8/4P3/3PKP1n/PPP5/RN4R1 w - - 0 18	g1g3 h3g5 g3g5	1267	010p1o1t
LVtSO	r3k2r/pp3pp1/2pq4/4N2p/2BPp3/7P/PPP2KP1/R1Q5 b kq - 1 18	d6d4 c1e3 d4e5	1267	0g0s191o
ORhuO	4R3/p2p3r/1p1b3P/3b1k2/7R/5P2/P4P2/6K1 w - - 0 34	h4h5 f5g6 h5d5	1267	010p1o1p
PIRoF	r3kb1r/pp3ppp/1q2p3/3pP3/3n2b1/5N2/PP1N1PPP/R1BQ1RK1 w kq - 0 12	d1a4 b6b5 a4d4	1267	010i1c1o
Ra7bp	r1b2rk1/pp1p1ppp/4p3/3n4/1b1q4/1PNB4/PBPQ1PPP/R3K2R w KQ - 0 12	d3h7 g8h7 d2d4 b4c3 b2c3	1267	0g0j1019
SIpuR	6rk/pp3p2/5p1p/2q4r/3NQP2/2P4P/PP5K/4RR2 b - - 0 25	h5h3 h2h3 c5h5	1267	051315191n1o
T50tC	2r2rk1/3n2p1/p5P1/1p1pqpQR/7P/2P2P2/PPB5/2K5 w - - 0 30	h5h8 g8h8 g5h5 h8g8 h5h7	1267	050y101316191n
T6e4G	8/pQ3pkp/3K4/3P1p2/2P4P/3rb3/P1b5/8 w - - 1 40	b7b2 d3d4 b2c2	1267	0g0p0s111o
Txcnd	8/7p/2pr3P/5R2/6k1/6r1/5R2/5K2 w - - 3 37	f2f4 g4h3 f5h5	1267	0p13151m1o
V8fC2	r5k1/p4pp1/1p2p2p/8/2Pq1n2/4Q2P/P4PP1/2R2RK1 b - - 1 23	d4e3 f2e3 f4e2 g1f2 e2c1	1267	010p0s10
WpehG	r1bqkb1r/pp3ppp/2n1p3/1Bp5/3PQ3/5N2/PPP2PPP/R1B1K2R b KQkq - 3 8	d8a5 c1d2 a5b5	1267	010s1c1o
Z8shR	6rk/4P2p/8/1p4P1/3b4/2p2R1P/6K1/8 w - - 1 48	f3f8 d4c5 f8g8 h8g8 e7e8q	1267	00050g0p10111g1h
arFrc	r7/pp1k1pp1/2p4p/8/5Q2/8/PP3PKP/3r4 w - - 0 30	f4g4 d7c7 g4d1	1267	0g0p0s1j1o
c310t	r4rk1/pp4bp/3p1np1/2pNp3/2P1P1qP/1P1P2P1/PB2QP1K/R6B w - - 1 21	d5f6 f8f6 e2g4	1267	0g0y191o
c9DWD	5r2/2N3kp/6p1/3p4/7P/4P1K1/6P1/8 w - - 4 53	c7e6 g7f7 e6f8 f7f8 g3f4 f8f7 f4e5	1267	0g0p0s1w
chEIB	R7/5kpp/5p2/1p6/8/P4Q1P/1PPq2PK/4r3 b - - 6 34	d2d6 f3g3 e1h1 h2h1 d6g3	1267	0g0i0p1011
di9sU	1r1rqk2/1p3p1p/8/p2N1N2/2p1P3/P1B3P1/1P4KP/4R3 w - - 0 29	c3g7 f8g8 d5f6	1267	1315191o
glIUK	5rk1/1Q3ppp/p2Rp1q1/8/8/1Pn1B3/P4PP1/5R1K b - - 0 25	g6h5 h1g1 c3e2	1267	1315191o
heP9L	r1bqk2r/4bppp/p3pn2/2Bp4/8/1N1P1N2/PPP2PPP/R2QK2R b KQkq - 0 10	e7c5 b3c5 d8a5 d1d2 a5c5	1267	010s101c
i0uGs	r3k2r/pp3ppp/2n1P3/6q1/8/1B3Q1P/PPP2PP1/R2Kb3 w kq - 0 18	f3f7 e8d8 f7d7	1267	041315191o
i6qAv	r5k1/ppp1np2/4r1pB/3qp2P/6R1/P1P3Q1/1PP2PP1/R5K1 b - - 0 21	e7f5 g3d3 d5d3 c2d3 f5h6	1267	010s1019
iOiki	r1bq1bnr/p2kp2p/2p2p2/4n2Q/B7/8/PPP2PPP/RNB1K1NR b KQ - 1 11	d8a5 b1c3 e5d3 c2d3 a5h5	1267	0g0j0s101c
iQb7s	r2q3r/pp3kp1/4p1p1/2Pp4/3Q1Pn1/3B2P1/P2N2P1/4RRK1 b - - 0 23	h8h1 g1h1 d8h8 h1g1 h8h2	1267	050y10111316191n
iXZFa	7Q/1p5r/1b4pk/pP2B1p1/P3Pp2/5PqP/6P1/2r2B1K w - - 2 44	e5g7 h6h5 h8h7	1267	0i1315191o
iYPX5	5k2/5ppp/3b4/8/p3PB2/P4P2/1Pp2K1P/8 w - - 2 42	f4d6 f8e8 d6f4	1267	080g0h0p0t1o
j8oVf	3R1r1k/5Ppp/4p3/qb6/4PP1P/1pP5/1P1Q4/rNKR4 b - - 2 26	a1b1 c1b1 a5a2 b1c1 a2a1	1267	05101316191k1n
k0OSv	6rk/1bp1P3/pp1p1nQ1/3P4/PPP4P/3B1qPK/8/R7 w - - 1 35	g6h6 f6h7 h6h7	1267	0y1315191o
k7pO8	r6k/ppn3p1/3p1p2/1bp5/r1N5/q3P2P/P3QPP1/R1R3K1 w - - 2 27	e2h5 h8g8 c4a3	1267	01191o
kHieU	5K2/R7/6k1/8/8/7r/8/8 b - - 5 90	h3h8 f8e7 h8h7 e7e6 h7a7	1267	0g0p10111m1p
l0XS6	r5r1/p5R1/1p1R2pp/5pk1/2P1p3/8/P1P2PKP/8 w - - 4 31	d6g6 g5f4 g7g8 a8g8 g6g8	1267	0g0p101m
mGQgz	r2r2k1/2p2ppp/3bn3/1p1qp3/3PN3/1PP1BP2/2KQ1P1P/R5R1 w - - 1 20	e4f6 g8h8 f6d5	1267	0g191g1o
mLcIx	r2B2k1/pp3pp1/4b2p/2P5/8/2P2N2/P1QnqPPP/R4RK1 b - - 0 21	d2f3 g1h1 e2c2	1267	0g0j191o
msMcU	8/5pkp/8/p1pR1rp1/1bP2P2/1P3KP1/P2N3P/8 b - - 1 30	f5d5 c4d5 b4d2	1267	010b0p1o
nduRg	r1b1k2r/pp3pQp/3bp3/8/8/2B2N2/qPP2PPP/2KR3R b kq - 0 15	d6f4 d1d2 a2a1	1267	1315191g1o
necHh	6r1/pppb1k1p/2nb1p1B/5p2/5P2/2PB1P1P/PPPK4/6R1 w - - 3 23	d3c4 d7e6 c4e6 f7e6 g1g8	1267	0g1019
oGK7f	4r3/5p2/p1p3pk/Pp1p1r1p/1P3P2/2PRP1P1/6K1/7R w - - 15 51	g3g4 f5f6 g4g5 h6g7 g5f6	1267	0g0p0s101g1m
oJZVy	r7/pp1qb2k/5p1r/3p3Q/3P4/2P3R1/P4PPP/R5K1 w - - 2 21	h5f7 h7h8 f7g7	1267	1315191o
p2d8B	1R3n1k/5r1p/p1bpqr1Q/2p2N2/2PpP1P1/8/P5B1/5RK1 w - - 7 37	b8f8 f7f8 h6g7	1267	0y1315191n1o
pqhBP	r1b2rk1/1p1p4/p6p/4qpp1/1b6/2NQ4/PPP1N1PP/R4RK1 w - - 0 19	d3c4 g8h7 c4b4	1267	010s191o
q9ytT	3r2k1/ppp4p/6PB/4P3/3qP2R/2rP2Q1/3K2P1/7R b - - 0 32	c3d3 g3d3 d4d3	1267	010s191o
qVhuP	1r4k1/5ppp/2p1p3/p2p4/Pr1P1Q2/1PqR4/K1P1RPPP/8 b - - 8 23	b4a4 b3a4 c3b2	1267	0p13151n1o
rwime	6k1/8/p6p/2pPq1p1/2Q2p2/P6P/1P4PK/8 b - - 0 38	f4f3 h2g1 e5e1	1267	0g0j0k0p1i1o
rxKxh	8/8/8/4PK2/8/1pr2P1R/5k2/8 b - - 1 67	c3f3 h3f3 f2f3 e5e6 b3b2 e6e7 b2b1q	1267	000g0p111h1m1w
s2jbP	6r1/3k1p2/2b1pBpb/3pP1N1/3Q3P/1pr5/1q3PP1/5B1K w - - 0 29	d4a7 c6b7 a7b7 c3c7 f1b5	1267	10131619
tGgl1	3q2k1/R1n3p1/r3p1Q1/1p1p4/3P4/2P4P/1P3PP1/6K1 w - - 2 30	a7a6 c7a6 g6e6 g8h8 e6a6	1267	0b0g0p0s10
uXR2e	6k1/pb2q3/1pp2n1Q/5B1p/8/2P5/PP1B2PP/6K1 b - - 1 30	e7c5 d2e3 c5f5	1267	010p0s111o
ut3Nx	r2qk2r/1pp2pp1/p2bpn1p/3pn3/3P1B2/2PQP2P/PP1N1PP1/R4RK1 w kq - 0 14	d4e5 d6e5 f4e5	1267	010s191o
v9SUC	8/ppp1pp2/6p1/6k1/1KPQ4/1P4P1/r6P/7q w - - 3 34	d4f4 g5h5 f4h4	1267	0p13151o
vWLQL	rnbqk2r/ppp2ppp/8/2bpP3/3Nn3/2P2P2/PP4PP/RNBQKB1R b KQkq - 0 7	d8h4 g2g3 e4g3 h2g3 h4h1	1267	01101c
xmwiy	3r4/2p3k1/5N1p/1pp1P1P1/p1b5/P1P1R1P1/1PK5/8 b - - 0 33	c4b3 c2b1 d8d1	1267	0p13151f1o
yGsRW	r4rk1/2p2ppp/2b5/1p2PR2/p3n1P1/q1P1Q1BP/B1P4K/R7 w - - 0 25	a2f7 f8f7 a1a3	1267	0g0j191o
ydC6Z	4n3/8/2P2P2/1p2N2p/p7/2k3KP/8/8 b - - 0 46	e8f6 c6c7 f6e4 g3f4 e4d6	1267	0g0h0p0z10
z1Wz6	r4r1k/1b1pNppp/p7/1p2R2Q/8/8/PPP2qP1/3R3K w - - 4 27	h5h7 h8h7 e5h5	1267	02050y1315191n1o
zpfnt	2b4k/6p1/p2ppqB1/8/3P2QP/5N2/p1P2K2/6r1 w - - 0 27	g4h5 h8g8 h5h7 g8f8 h7h8 f8e7 h8e8	1267	0p13171w
zrC78	6k1/2p2pp1/p7/5nP1/8/1P3q2/P1P2Q2/4RK2 b - - 0 44	f5g3 f1g1 f3h1	1267	0p13151o
zuvTB	r1bqk2r/6pp/p1p2p2/1p1n4/2Q1Pb2/P4N2/1PP2PPP/3RKB1R w Kkq - 0 15	c4c6 c8d7 c6d5	1267	010s0v191o
028B5	2r5/kpQ2p2/r2R3p/4pb2/2N1q3/8/PP3P1P/K1R5 w - - 4 28	d6a6 a7a6 c7a5	1268	051315191g1o
04knM	5nr1/1p3k1p/pr3p2/3p1p2/3P3P/2P2N1K/1P2R3/4R3 w - - 0 32	e2e7 f7g6 e1g1 g6h6 g1g8	1268	0g0p101p
0RKaX	2r5/pk6/8/4P3/1p1Pb1R1/1P2P2P/P7/K7 b - - 2 38	c8c1 a1b2 c1b1	1268	0p13151d1o
18Gb1	8/5kpR/1p2p1r1/5p2/8/1P2Qn2/P4PBP/3q1N1K b - - 23 40	d1f1 g2f1 g6g1	1268	031315191n1o
1rfFW	6k1/8/p1R2prp/2p3q1/5p2/P1B2P1P/1P2RQPK/3r4 b - - 0 39	g5g3 f2g3 f4g3	1268	1315191o
2GQBT	1n1k4/1p1P3r/1Pp5/4p1P1/4P3/1B3Nqp/R3Q1P1/7K b - - 2 37	h3g2 h1g1 h7h1	1268	000k0m1315191o
312Mb	2r1r1k1/5ppp/8/8/PR1Q4/3q4/1P3PPP/5RK1 b - - 2 29	d3f1 g1f1 c8c1 d4d1 c1d1	1268	050p1013161n
3Uh2i	3r1r2/p3n1pp/1b1kp3/8/1P1p4/P7/2RBq1PP/RNQ4K w - - 5 27	d2f4 f8f4 c2e2	1268	0g0j191o
47YZ2	r2qrbk1/pppb1ppp/5n2/4pNQ1/3nP3/3P2P1/PPP3BP/RNB2RK1 w - - 4 13	f5h6 g8h8 h6f7	1268	0g0i0y1c1g1o
5odDD	1b1r2k1/1p3p2/PN6/2P1n2p/P2pPp1q/3B1PpP/2Q5/R2R3K b - - 0 33	h4h3 h1g1 e5f3	1268	0y1315191o
77Djc	r6r/2p3Qp/pp6/2p2p2/7k/1PP1R3/P4P1q/3bK3 w - - 2 36	g7h6 h4g4 h6h2	1268	0g0p11121o1p
7StZn	1Rb2rk1/5ppp/3Q4/8/8/1p6/1q3PP1/4R1K1 w - - 2 27	d6f8 g8f8 b8c8	1268	050p13151o
87VIY	5k2/8/8/pp2N3/n7/3P2Q1/PPK5/5q2 b - - 3 45	f1e2 c2c1 e2b2 c1d1 a4c3 d1e1 b2e2	1268	0p13171w
8nMEp	7k/pp3pp1/1q6/3N3p/P4PnP/3r4/3Q2P1/4RK2 w - - 0 29	e1e8 h8h7 d2d3	1268	0g0p0w1o
91ex9	4r1k1/5r1p/6p1/q2p4/b2B1b1Q/P2B1P1P/R5K1/7R w - - 0 33	d3g6 f7g7 d4g7	1268	0g191o
9RvQW	Q6r/8/7P/8/7R/2k5/1p3KP1/8 b - - 0 46	h8a8 h4h1 a8a1	1268	0g0p0t1o
9aSfC	5rk1/3B1ppp/2pQ4/1p6/8/5P2/r2q2PP/4R1K1 w - - 0 30	d6f8 g8f8 e1e8	1268	050p13151d1n1o
CfJ78	r2k1b1r/pp1b1ppp/2p5/4p3/2P5/2N3P1/PP2PP1P/2KR1B1R w - - 0 12	f1h3 f7f5 h3f5	1268	0g11191g1o
EpnCv	1rbqkbnr/p2ppp1p/1p4p1/2pQ4/4P3/2P5/PP1P1PPP/RNB1K1NR w KQk - 2 8	d5e5 g8f6 e5b8	1268	0g0s1c1o
FBojb	1r4rk/p3q3/1ppN3p/4Pp2/3P1n2/7Q/PP5P/6RK w - - 0 30	h3h6 e7h7 d6f7	1268	0f0s1315191g1o
FIBb4	r2qk2r/1p3ppp/p3p1b1/8/1P1QNP2/2P5/P1K4P/R1B4R b kq - 0 22	d8d4 c3d4 g6e4	1268	0b0g191g1o
Fl2gv	rnbqk1nr/pp4pp/2pbpp2/4N3/3P1B2/8/PPP2PPP/RN1QKB1R w KQkq - 0 7	d1h5 g7g6 e5g6 h7g6 h5h8	1268	01101c1g1t
GOgQF	8/5B1k/1p1p1Qp1/p1b4p/2P2P1P/4n1PK/5r2/8 b - - 3 42	f2h2 h3h2 e3g4 h2h1 g4f6	1268	050g0p0s10111n
HUUaN	3r1b1r/N3kppp/2p1pn2/5b1q/2P2B2/5N1P/PPPR1PP1/5RK1 w - - 1 20	a7c6 e7e8 d2d8	1268	0s1315191o
HrVpI	r4r2/P1p3kp/3p2pq/3Pp1N1/4P3/2P1Q2n/5P1K/6R1 w - - 0 41	g5e6 g7f6 e3h6	1268	0g0i0j0s191o
HuqRm	2r5/ppNk2p1/6qp/2Q1P3/8/1P4P1/P4P1P/6K1 w - - 5 31	e5e6 g6e6 c7e6 c8c5 e6c5	1268	0g0p10
IdCwD	2b2rk1/p2nppb1/1r1p2p1/q1pNP1Pp/2pP1P1P/4B3/PPPQN3/KR1R4 b - - 1 20	a5a2 a1a2 b6a6 d2a5 a6a5	1268	0510111316191n
JbpiX	6k1/1R6/p6p/4N1p1/6K1/2P3P1/bP5r/8 b - - 3 43	a2e6 g4f3 e6d5	1268	0g0p1o
Kl0Ba	rnb1qrk1/ppp1ppbp/3p1np1/1N6/3P1B2/3BP3/PPP2PPP/R2QK1NR w KQ - 3 7	b5c7 e8c6 c7a8 c6g2 d1f3 g2f3 g1f3	1268	010s1c1t1w
KuLvv	5k2/5pp1/4p2p/1B2P3/2P1bq2/7P/6P1/3R3K w - - 0 34	d1d8 f8e7 d8e8	1268	0p13151d1o
LrKwO	r2qk2r/pp2np1p/2np2pb/3Np3/4P3/8/PPPQ1PPP/R3KB1R w KQkq - 0 12	d5f6 e8f8 d2h6	1268	0w13151c1o
MgLHY	r2q4/pkpp2Qp/1pn1p1p1/3n4/3N4/1P3P2/K1P3PP/3R1B1R b - - 0 19	d5c3 a2a3 c3d1	1268	010s191o
Mm8W4	1r4k1/p1qb2pp/2p5/2Np4/3b4/1P1PrQ2/P1P3PP/4RRK1 w - - 0 22	f3f7 g8h8 f7f8 b8f8 f1f8	1268	06101316191n
O1kIv	8/1p6/p1p5/6p1/4pk2/PPP1b2P/4K1P1/4B3 w - - 0 41	g2g3 f4e5 e2e3	1268	080g0i0p1o
O41mt	1B6/8/k7/8/4K3/4b3/1p6/7R b - - 0 64	e3c1 e4f3 b2b1q h1c1 b1c1	1268	000g0p101h1l
OGqVk	r1r3k1/4bp1p/3p1p1Q/q3p3/1p2PP2/1b1R4/1PP3PP/1NK4R w - - 0 22	d3g3 g8h8 h6g7	1268	0s1315191o
OUwHC	r2qrk2/1p5Q/p3p1p1/1b5R/1n1P4/4P3/PP3PPP/4K2R w K - 0 21	h7h8 f8e7 h5h7 e7d6 h8e5 d6c6 e5c5	1268	0r1317191w
Ot0ta	3r4/6pk/5p2/5P2/7P/1Q1R4/3p2PK/2r5 b - - 7 39	d8d3 b3d3 d2d1q d3d1 c1d1	1268	000g0p101h1j
PKlTk	rn2k2r/4Pppp/p2Qb3/q5B1/8/1B6/P1P2PPP/q4RK1 w kq - 0 15	d6d8 a5d8 e7d8q	1268	001315191h1o
PwBeu	r2qk2r/pp1b4/1bn3pp/3pPn2/3P1P1N/2P1B1Q1/RP4PP/5R1K w kq - 3 23	g3g6 e8f8 h4f5 d7f5 g6f5	1268	0g1019
QCkA0	7k/p5p1/1pr1qp1p/8/P2P4/1Q2P3/6P1/1R4K1 w - - 2 30	d4d5 e6e4 d5c6	1268	0g0p0s1o
QgoFJ	1r5k/p4Qp1/2p1p2p/q1PpP3/Pr5P/4P3/P1B3P1/KR5R b - - 0 34	b4b1 h1b1 a5c3 b1b2 c3b2	1268	0d0s10131619
QlQvv	8/8/R1p1r2p/1p6/3K2k1/P7/1P4P1/8 b - - 7 44	c6c5 d4d5 e6a6	1268	0g0j0p1m1o
RE8E1	r1q1r1k1/p1p1bppp/1p6/3PB2n/6P1/2NBQ3/PPP3P1/R4RK1 b - - 0 16	e7c5 e3c5 b6c5	1268	01191g1o
RjAi0	4br1k/pp2b1pp/5p2/2p1pP2/2B1P2Q/1P2BR2/P1q3PP/6K1 w - - 0 24	h4h7 h8h7 f3h3 e8h5 h3h5	1268	050y101316191f1n
RnvrD	5k2/1p4np/3pB1p1/3P4/1Pb1p3/4P3/qQ3P1P/6K1 w - - 0 35	b2f6 f8e8 f6f7 e8d8 f7d7	1268	0p0r0s101316
SFGgA	r3kb1N/ppp1q1pp/8/3P4/3Q1Bb1/5P2/PPP2P1P/RN3K1R b q - 0 14	g4h3 f1g1 e7e1	1268	1315191o
SNNrf	2r5/2r4p/p3Q1pP/kp2R1p1/7n/PP1q4/2PP1P2/2K5 w - - 1 39	b3b4 a5a4 e6a6	1268	0i0p13151o
Sakp5	4Qr1k/ppq3pp/5p2/3P4/7n/1B3P1b/PB3P1P/R3R1K1 b - - 0 24	h4f3 g1h1 c7h2	1268	0s1315191o
SdrQV	2k3r1/1p2qpbr/p2p4/3B3p/P2pPQ2/8/1PP3PP/R5K1 w - - 1 24	f4f5 c8b8 f5h7	1268	010s191o
SqGgq	8/1p1q3k/1pnp2rp/1p2pN1n/1P1P4/1QP3pP/R4PPB/5RK1 b - - 0 28	g3h2 g1h2 d7f5	1268	00010w0y191o
TG6wD	5r2/p1b3k1/2p1p3/5pP1/6p1/4P1Q1/P3R1P1/q4RK1 b - - 4 38	a1f1 g1f1 c7g3	1268	0g0p111o
TGvPe	4r1qk/2R1Q1pp/1p6/4N3/p1P1b3/P7/1PP4P/2K4n w - - 3 25	e5f7 g8f7 e7f7	1268	0g191o
TvASs	rr6/4p2k/q5p1/3P4/nPpQP3/P4P2/2P3P1/1NKR4 w - - 0 29	d1h1 h7g8 d4h8 g8f7 h1h7	1268	10131619
U7tRL	r3r2k/p2b1p1p/2pp2pP/1p2P1q1/1P2Pn2/2P3N1/1P1Q1PPN/R3R1K1 b - - 0 27	f4h3 g2h3 g5d2	1268	0g0j191o
UMPzJ	r3kb1r/pp3pp1/2p2n2/8/3P1P2/3QB2p/qPP1BP1P/2KR3R b kq - 1 16	a2a1 c1d2 f8b4 c2c3 a1b2	1268	0g10191k
UY4Bl	8/pB6/1p6/5k1N/1P3p2/r7/2r3P1/4R1K1 w - - 4 38	b7e4 f5g5 e4c2	1268	010p0s1o
VOy50	4r1k1/1p3ppp/5rN1/3p4/5Q2/2P3P1/1P3P1P/2B1R1K1 b - - 0 28	e8e1 g1g2 f6f4	1268	010p0t1o
VVSv5	r1b2rk1/p1p1bppp/1nN5/4P3/2p5/1P6/PB3PPP/RN1q1RK1 w - - 0 14	c6e7 g8h8 f1d1	1268	010t0w1c1o
WndGH	8/6kp/p2b2p1/5pN1/8/1Q3pPP/7K/5q2 w - - 2 45	b3f7 g7h6 f7h7 h6g5 h7h4	1268	0p1013161n
XNAzy	5rk1/6pp/N1p5/8/1p4P1/1P1n3P/2R2PK1/8 b - - 1 32	d3e1 g2f1 e1c2	1268	0g0p0s1o
XOLtk	6k1/p3Q1p1/1p5p/8/1PP5/6qP/5rP1/3R3K w - - 2 32	d1d8 g8h7 e7e4 g3g6 d8h8 h7h8 e4g6	1268	0g0i0p1w
Xq4ib	2kr3r/p2p1p2/b1p1p2p/8/4N3/P4NQ1/1qP2KPP/R7 w - - 0 19	e4d6 c8b8 d6c4 b8a8 c4b2	1268	0g0j0k1019
Xt314	Q1b1Nk2/p2p1pn1/1pp3pB/2b3P1/2Bq4/8/PPP2P1P/R3R1K1 b - - 0 19	d4f2 g1h1 f2f3	1268	0y1315191o
Xw7Us	3rkb1r/ppp3pp/5p2/4NQ2/3q4/6P1/PP3P1P/R1B3K1 w k - 0 19	f5e6 f8e7 e6f7	1268	1315191o
YNxtL	r1bqrbk1/ppp2ppp/5n2/4p3/2BQ1B2/2N5/PPP2PPP/3R1RK1 w - - 0 12	d4d8 e8d8 d1d8	1268	0g191o
a5Ehx	6R1/1p1r4/2p1p3/P2p4/k1n5/6Q1/KPP5/2q5 w - - 0 36	g3b3 a4a5 g8a8	1268	0p13151o
bqHCF	rn2kb1r/pR3ppp/q1p1pn2/2P5/3PP3/3Q4/3BK1PP/5BNR w kq - 3 14	b7b8 a8b8 d3a6	1268	0g191o
eVRCf	3rkbnr/p2q1ppp/Q7/8/N7/1B2p3/PPP2PPP/R3K2R b KQk - 0 14	d7d2 e1f1 d2f2	1268	1315191o
fRIrg	2r2rk1/1p2ppbp/p5p1/5q2/P2P2n1/2N1PQP1/1P3PKP/R1B2R2 b - - 11 22	f5f3 g2f3 g4h2 f3e2 h2f1	1268	050g0s1019
fgwb6	1rr3k1/p4p1p/2Q1p1p1/8/2Pqn3/P7/2R2PPP/4RBK1 w - - 6 24	c6e4 d4e4 e1e4	1268	0g11191o
gjafK	8/8/3q2kp/5p2/2P4R/4N1P1/5PK1/8 w - - 2 42	h4h6 g6h6 e3f5 h6g5 f5d6	1268	050g0i0p0s1011121n1r
iDUlm	8/pp3rp1/4R3/k1p5/3p1B2/1P1P2K1/P1b5/8 w - - 4 44	f4d2 a5b5 a2a4	1268	0p1113151o
iDe0t	2r2rk1/5p2/1p2pnpR/pq6/3P4/2p1P3/PPP4Q/1K4R1 w - - 0 29	h6h8 g8g7 h2h6	1268	0y1315191o1u
inRsR	2q3k1/bpp3p1/p6p/7K/P2PQp2/B1P4P/1R3PP1/7r b - - 5 31	h1h3 g2h3 c8h3 h5g6 h3g4	1268	0p1013161n
jFzwW	r2q1rk1/2p1pp2/1p1p3P/pPnP4/P7/3BQP2/2P2P2/4b1K1 w - - 0 24	e3g5 g8h8 g5g7	1268	0y1315191o
jJ0QU	r3k2r/3b1ppp/ppn1p3/3pP1q1/P2P4/5N2/1P1QNPPP/R3K2R b KQkq - 0 14	g5g2 h1g1 g2f3	1268	0g0s191o
lJ5sT	4r1k1/p4N1p/6p1/5q2/3P4/4P3/3KQ3/5r1R w - - 0 54	f7h6 g8g7 h6f5	1268	0g0p0s1o
ogIYm	8/6pk/5p2/6PK/2R2P1P/1r6/8/8 b - - 0 43	g7g6 h5g4 f6f5	1268	0p13151m1o
pUBFr	2rk1r2/p1p1bBpp/bp1qP3/3Q2B1/3p4/7P/PPP2KP1/RN6 w - - 12 25	g5e7 d8e7 d5g5	1268	051315191g1o
ptszm	4r1k1/2p3pp/6b1/1p2Q3/8/2P2B2/PP1q2P1/4R1K1 w - - 4 30	f3d5 d2d5 e5d5	1268	0g0p1o
q5fBX	r1b2rk1/pp1n1pbp/3p2p1/2pPp3/4PPnq/2PB3P/PP2N1P1/RNB1QR1K b - - 2 11	h4e1 f1e1 g4f2 h1g1 f2d3	1268	0g0s10111c
rSugF	r7/r3qp2/1p2pQp1/1Bn1P2k/P2R4/5P2/1P3P1P/6K1 w - - 0 29	d4h4	1268	0x111314191b
t6HPg	8/8/8/8/5k2/3p2p1/5p2/R4K2 b - - 1 58	f4f3 a1b1 g3g2	1268	000p13151m1o
tGfol	4rk2/6pQ/pp1p1p1p/1pqn4/5RP1/2P4P/PPB4K/8 w - - 0 31	h7h8 f8f7 c2g6 f7g6 h8e8	1268	050g0i0p10
tIXCn	2r2rk1/1q3ppp/3n4/1p1p1N2/1P6/2Q5/6PP/R4RK1 w - - 1 26	c3g7	1268	1314191b
tWbkL	R7/8/8/7p/8/4K1P1/2p5/2k3r1 w - - 8 55	a8a1 c1b2 a1g1 c2c1r g1c1 b2c1 e3f4 c1d2 f4g5	1268	0g0p1m1p1w
tltlz	2r2rk1/pp1n2Bp/1q1p1pp1/4p3/2Pn2PP/2NBQP2/PP6/2KR3R b - - 0 17	d4b3 c1b1 b6e3	1268	010j191o
uRbFE	6k1/pp1qQppp/2b5/8/2B5/5PP1/PP5P/6K1 w - - 5 35	c4f7 g8h8 e7f8	1268	0p1113151o
uT4Zn	2k1r3/ppp4p/8/2PP4/1P3r2/P3bN2/4R1KP/3R4 b - - 2 31	e8g8 g2h1 f4f3	1268	010i0p111o
uUh39	r6k/1bR4p/p7/1p6/4P2p/2PB1r2/PP5P/3R3K b - - 1 29	f3d3 d1d3 b7e4	1268	010b0p1g1o
vv8ZG	2b1kb1r/1p3pp1/r1np3p/8/4qB2/1N4P1/PPP4P/R2Q1RK1 w k - 0 16	f1e1 e4e1 d1e1	1268	011c1g1o
wRHjx	r2qk2r/ppp2ppp/1n2pn2/3p2N1/1b1P4/2N5/PPP1QPPP/R1B1K2R w KQkq - 4 11	e2b5 b6d7 b5b4	1268	010s1c1o
wYGzP	3r4/1k5p/1p2Qpq1/3p4/2pP4/4P2P/R4PP1/6K1 b - - 2 33	g6b1 g1h2 b1a2 e6e7 b7c8	1268	0g0h0p0s10
xACCg	r4r2/5pbk/3qp1p1/3p3p/p2P4/P1N1BPnP/1P1Q2P1/2R1R1K1 w - - 0 26	e3f4 d6b6 f4g3	1268	010v191o
xysfO	1k1r3r/1p6/p2pnN2/4pb2/1RN4q/2P5/PP1bK2p/R6B w - - 0 31	b4b7 b8c8 c4b6	1268	1315191k1o
y6Tom	3b2k1/1p3pp1/p1p3rp/3q4/1P1N4/PQ4P1/5PK1/4R3 w - - 4 34	b3d5 c6d5 e1e8 g8h7 e8d8	1268	010p0s10
yhA2E	r3kb1r/1pp1q1pp/p1p2p2/8/4PP2/6Pb/PPP4P/RNBQR1K1 w kq - 0 12	d1h5 e7f7 h5h3	1268	0g0s191o
yhjhw	8/p7/kpn1R3/2p1PpB1/P1K2P2/1PP1r3/8/8 b - - 0 41	c6a5 c4d5 e3d3	1268	0p0q13151o
03ujt	5r1k/2Q3pp/5q2/p3N3/3r4/P7/1P3PPP/5RK1 b - - 0 22	f6f2 f1f2 d4d1 f2f1 f8f1	1269	0p1013161n
0I8b2	3r1rk1/ppq2pp1/5b1p/3p1b2/8/2PB1Q2/PP3PPP/R3R1K1 w - - 0 18	f3f5 g7g6 f5f6	1269	0g191o
0IXn3	7k/p2R1rqp/1p6/4Q3/8/2P2P2/6PK/8 w - - 0 45	d7d8 f7f8 d8f8	1269	0p13151g1o
1ajPB	5k2/1b1qn2p/pp1p2p1/2pPn3/2P2N2/1PNB4/P5PP/5RK1 w - - 0 23	f4e6 f8g8 f1f8	1269	0k0m1315191o
1jpv4	r1b3k1/2p4p/1p1n1r2/pPpPpp2/2P5/3BbPN1/P1Q1N1PK/4RR2 b - - 0 22	f6h6 g3h5 h6h5 h2g3 f5f4 e2f4 e5f4	1269	1317191w
2SFay	5r1k/1p3rp1/p7/2PR3p/6n1/2B3R1/PP5P/6K1 b - - 0 37	f7f1 g1g2 f8f2 g2h3 f2h2	1269	0p0u101316
2fsmG	3r2r1/pp4pk/2n2p1p/3bqN2/7Q/6RP/PP4P1/5R1K w - - 0 27	g3g7 g8g7 h4h6 h7g8 h6g7	1269	05101316191n
3Jnrn	r4rk1/1R3p2/p5pp/b1pP2q1/2P1P3/3B1QPb/P1N2P2/3R2K1 b - - 0 31	h3g4 f3g2 g4d1	1269	01191o1p
3mZwM	r3r1k1/1bp2ppp/p1p5/3pn3/1q2N2Q/8/PPP1BPPP/3RR1K1 w - - 2 17	e4f6 g7f6 h4b4	1269	0g0j191o
5N589	3r2k1/pRp3p1/7p/5N2/4p3/P1b5/2P2PPP/5K2 b - - 0 24	d8d1 f1e2 d1e1	1269	0p13151d1o
5k4Wd	4rr1k/p5pp/1p6/n1p4Q/q1P1BP2/5PP1/P1R4P/4R1K1 b - - 4 25	e8e4 e1e4 a4c2	1269	010b11191o
7XrSB	r5k1/1ppQ1ppb/3p3p/3P1N2/1pPp4/2rB3P/P2K2P1/3RR3 b - - 1 22	a8a2 d3c2 a2c2	1269	091315191o
87RXz	3r2k1/p2q1ppp/1p3b2/2p2PP1/3p1P2/3Qr2P/PPP5/2KRB2R w - - 1 21	d3e3 d4e3 d1d7 d8d7 g5f6	1269	010j1019
9VmRm	5r2/1p5k/p1n1b1pp/4p3/1PqpP3/P4PP1/1BPQ2K1/7R w - - 0 32	d2h6 h7g8 h6g6	1269	0i1315191o
ANbXm	8/5R1p/2n3pk/8/2B1PPP1/7P/p5K1/r7 b - - 0 39	a1g1 g2g1 a2a1q	1269	00050g0p111h1o
Af6mU	8/1pRr1k2/p6p/5bp1/3P1p2/5N1P/PP4P1/6K1 w - - 2 28	f3e5 f7e7 e5d7	1269	0g0p0s1g1o
AxO54	r2qkb1r/1pp2ppp/p1n5/4N3/3p4/2P5/PP3PPP/RNBbR1K1 w kq - 0 11	e5c6 f8e7 c6d8 a8d8 e1d1	1269	010j0k101c1g
C2wxl	8/6pp/p3kp2/1p5r/1B3K2/7P/P6R/8 b - - 3 43	h5h4 f4e3 h4b4	1269	0g0p1o1p
CO5oP	r5k1/1b1qbr1p/pp1pp1p1/5N2/2P2P1P/P1Q5/1P4P1/4KB1R w K - 1 27	f5h6 g8f8 c3h8	1269	0s1315191o
CiK2r	Q7/1Q4pp/2p2pk1/3p4/7n/1P3p2/q5PP/6RK b - - 0 35	f3g2 g1g2 a2g2	1269	000p13151o
DBqXz	2r3k1/pb3pp1/1p2pn1p/8/8/P3qP2/1PQ3PP/1B1RN2K w - - 2 26	c2c8 b7c8 d1d8 f6e8 d8e8	1269	0s101316191f1n
DBtQ0	2r2rk1/5ppp/1n1qpn2/4N3/p1NPP3/R2Q4/5PPP/1R4K1 b - - 2 20	b6c4 e5c4 c8c4 d3c4 d6a3	1269	0b0g0i101119
DnNUP	1nb1k1n1/1p3pp1/3b4/p1pN4/7q/1PN1PQ2/PB1PK3/R6B b - - 2 17	c8g4 f3g4 h4g4	1269	01191g1o
EBgv8	4q1rk/r3pQ1p/4RppB/1p6/1Pp5/5P1P/6P1/6K1 w - - 1 36	h6g7 g8g7 f7e8	1269	0g0i0p1o
EfKdy	5rk1/4bppp/p3pn2/2np4/3q1B2/3N1PNP/P1B3P1/3Q1R1K b - - 3 22	c5d3 d1d3 d4f4	1269	010b191o
FDvoq	r3B1k1/1b2p3/p2p2p1/2p3Np/5PnP/2Q5/PPP1K3/q7 w - - 2 32	e8f7 g8f8 c3h8	1269	0y1315191o
Ff74t	6k1/2R1R3/1p5p/1b3pq1/8/P6P/6P1/7K w - - 8 44	c7c8 b5e8 c8e8	1269	0p13151o
Fh60b	8/2r4p/3R4/p4pk1/2B1p3/1P4P1/P4PKP/2r5 w - - 0 48	h2h4 g5h5 c4e2	1269	0p13151o
FwxTs	8/p6p/8/1p1Q4/6kP/1P6/P2p1K2/3q4 w - - 3 54	d5g5 g4h3 g5g3	1269	0p13151i1o
Gc8wi	4rk2/1p5p/2p1qPpP/1p1p4/rP1P2P1/P1R1QPK1/8/4R3 b - - 0 34	e6d6 e3e5 e8e5	1269	0g0p1o
HOlsG	8/5p2/4n1p1/5k1p/7P/2r2PP1/5NK1/4R3 w - - 3 53	g3g4 h5g4 f3g4 f5f6 f2e4 f6g7 e4c3	1269	0g0p0s1w
Icetj	r5N1/1p2kpQ1/p3p1p1/2Pp4/3P1qP1/8/PP3P1P/3R2K1 b - - 2 32	a8g8 g7g8 f4g4 g1f1 g4d1	1269	010p0s10
Iu1lv	r2q1r2/pp5k/2bp3p/3N1p2/6p1/2Q5/PP3PPP/3RR1K1 w - - 4 24	e1e7 d8e7 d5e7	1269	0g191o
J94tt	5rk1/1p1q2p1/5pQp/p2p4/Pb1P4/4P1BP/5PP1/2R3K1 w - - 2 29	c1c7 d7c7 g3c7	1269	0g0p1o
JgGqq	8/1pp2pkp/3bp3/r5Pp/p7/P2Q1P1K/8/8 w - - 4 40	d3c3 a5e5 f3f4	1269	010p0s1o
Kar07	8/p4R2/2k1r3/2p4p/8/PPP1rp1P/2K2R2/8 b - - 1 40	e3e2 f2e2 f3e2	1269	000g0p111m1o
Ln466	3r2k1/6p1/p2p2P1/2pR1B2/2qb3P/Pp6/1P6/1K1R4 w - - 0 33	f5e6 g8f8 d5f5 f8e7 e6c4	1269	0g0j0p10
M5kUm	6k1/5rpp/1rp5/1pN5/pN1P1b2/8/1P1R2PP/3R2K1 b - - 0 32	f4e3 g1h1 e3d2	1269	0g0s191o
MPIzR	5n2/5pk1/1p2b1p1/7R/7P/1P4Q1/r1q5/5RK1 w - - 1 37	g3e5 f7f6 e5f6 g7g8 f6f8	1269	10131619
NEhuQ	1r6/5pkp/2BP2p1/p7/6Q1/1P1R3K/8/4q3 b - - 0 46	e1f1 h3h2 f1d3	1269	0g0p0s1o
NNzCg	r7/4kp2/3qp2Q/2n5/8/P4P2/1PP4P/2KR4 b - - 1 24	c5b3 c2b3 a8c8 c1b1 d6d1	1269	0g0i0p101n
PZaFV	r5r1/pb2B1k1/5RP1/3n1P2/3P4/P6P/2P5/2K5 w - - 5 35	f6f7 g7h8 f7h7	1269	0p13151o
QgsVs	6k1/r3r2p/4p1p1/3Q4/8/p3PR1P/1q1P1P2/4K3 w - - 0 35	d5d8 e7e8 d8e8 g8g7 e8f8	1269	0p101316
R19vh	r5k1/ppp3pp/4p3/8/1P2N3/3P1r1q/1PPBQP2/R4RK1 b - - 1 17	h3g4 e4g3 f3g3 f2g3 g4e2	1269	0g0y1019
RCIYP	r4r1k/p3qp2/1p1bp2p/5p2/6Q1/P4N2/1PPR1PPP/5RK1 w - - 0 21	g4d4 h8g8 d4d6 e7d6 d2d6	1269	011019
RIL7j	8/4Rp2/3p1kn1/p1pP2pr/P1B3K1/1P3P2/5P2/4R3 b - - 0 33	h5h4 g4g3 g6e7	1269	010p0w111o
Rpbt1	r1bB2k1/2Qn1pp1/p6p/1p6/3b4/3BnP2/PP4PP/5RK1 b - - 1 19	e3d5 g1h1 d5c7	1269	0g0j0k1112191o
SDxK9	2R5/pp3ppk/7p/3p4/1Q6/P1q5/2P2PPP/6K1 b - - 0 23	c3a1 b4b1 a1b1	1269	060p13151o
SkCtu	rnbq3r/ppb3Qp/2pk4/4pP2/2p5/3P1N2/PPP2PPP/R3K2R w KQ - 0 14	g7e5 d6d7 e5e6	1269	1315191o
Sw2m5	2Q5/p3b1pn/2pkp3/3p4/3P3P/5r2/2q2P2/1R3RK1 w - - 1 26	c8b8 d6d7 b1b7	1269	1315191o
Uavec	r2k3r/pp5B/4Q3/3p1p2/3q4/8/P5PP/7K w - - 1 26	e6d6 d8e8 h7g6	1269	070p13151o
V3hUO	r1bk3r/pp1n1Q2/2pNpq2/5p2/1P1P1P1p/4P2P/P4R2/2R3K1 w - - 1 25	f7f6 d7f6 d6f7 d8c7 f7h8	1269	010r0s1019
VpSOs	Qn2kbnr/p4ppp/8/3p4/8/2P2p1P/PP1P1PPK/RNB1q2R b k - 6 13	f8d6 g2g3 e1f2	1269	0q1315191o
X9uKZ	r4rk1/2q2ppp/B3bn2/2Q5/1p2P1P1/1NN4P/PPK5/3R3R b - - 2 21	e6b3 a2b3 c7c5	1269	0g11191o
XIfaS	3r4/BPR3pp/Q3pk2/4p3/5n2/P7/5PPP/6K1 b - - 0 33	d8d1 a6f1 f4e2 g1h1 d1f1	1269	060p1013161g
XZEsH	8/5R2/p7/4P2p/Pp1p4/1P1P3p/2Pkr3/6K1 w - - 1 55	f7f2 e2f2 g1f2 d2c2 e5e6 c2d3 e6e7 d3c2 e7e8q	1269	000g0p1g1h1m1n1w
YKcMo	8/1p6/p1b3q1/P7/5QPk/5P1p/8/6K1 w - - 1 54	g4g5 h4h5 f4g4	1269	0j0k0p13151o
YONIp	1r1q1rk1/8/p2p1bPQ/4p3/Np1B4/5B2/PPP5/2K4R b - - 1 24	f6g5 d4e3 g5h6 f3d5 g8g7 e3h6 g7g6	1269	010s191w
YY2xN	6k1/p7/1p3p2/4nQpN/8/2R2PK1/P2r2PP/3q4 b - - 6 41	d1e1 g3h3 e1h4	1269	0p13151o
Zukam	rn3k1r/pp4pp/2pp4/6p1/6QP/3P1P2/PPP3P1/RN2KBq1 w Q - 0 17	g4c8 f8f7 c8h8	1269	0g191o1p
aQkGa	r2q2k1/p1p4p/2Q3p1/3p4/3Pr1n1/8/PPP2PP1/RNB2RK1 b - - 2 16	d8h4 c1f4 e4f4	1269	0g191o
b1LpA	r3k2r/2p1ppb1/pp4pp/2q5/4nB2/5P2/PPPQ1P1P/3RR1K1 w kq - 0 17	d2d7 e8f8 d7d8 a8d8 d1d8	1269	06101316191n
c3gx0	8/r4k2/p3Rp1p/1p1K2pP/6P1/2P5/PP6/8 b - - 8 57	a7d7 e6d6 d7d6 d5d6 f6f5	1269	0g0p101m
cyM6d	4q2k/p5p1/1p1bp3/3p1r2/8/2B1Q1P1/PP3P1P/5RK1 w - - 2 29	e3h6 h8g8 h6g7	1269	0p13151g1o
d4M9k	4R3/pp3rk1/2pb4/7p/2P5/6rP/PPB5/6RK b - - 3 33	g3g1 h1g1 d6c5 g1g2 f7f2	1269	050g0p0r1011
e3aFy	r4r1k/p2n3p/2p1p3/1p1p2p1/3P2P1/2P1P3/PPQNK1R1/R4B1q b - - 6 22	f8f1 a1f1 h1g2	1269	010b191o
eNdJt	8/3p1n1R/4pk2/1p6/4P3/1P3Nr1/P4K2/8 b - - 4 46	g3f3 f2f3 f7g5 f3e3 g5h7	1269	01050p0r0s10111n
eWnyh	bq4k1/5pb1/4p2p/Qp1pP1p1/2r5/2P1PNBP/1P3PP1/5RK1 b - - 4 24	c4a4 f1a1 a4a5	1269	01191o1t
fPp6g	r1q1kbnr/p3pppp/3pb3/8/1N1NP3/1P2B2P/P1P2PP1/R2QK2R b KQkq - 0 13	c8c3 e1e2 c3b4 d4e6 f7e6	1269	010s101c
gguz3	2r2r2/4p3/2qp2k1/6P1/pp5Q/7P/PPB5/1K3RR1 b - - 0 30	c6c2 b1a1 f8f1 g1f1 c2c1 f1c1 c8c1	1269	061317191w
hKK3W	5rk1/1pp3p1/p6p/P7/8/7P/1Q3qPK/R1Br4 w - - 0 26	b2b3 g8h7 b3d1	1269	010p0s1o
hoK6l	2k3rN/pp2q3/2pp4/4p3/1PPPP3/P3Pp2/6PP/R4QK1 b - - 0 21	g8g2 f1g2 f3g2	1269	00010p0y1o
iuZCx	rnb1k1nr/pp1p1ppp/8/4pN2/4q3/2P5/PP1KNbPP/R1BQ1B1R w kq - 0 10	f5d6 e8f8 d6e4	1269	0g0s1c1o
jxUOi	1r3rk1/p5p1/3p1pq1/1p1bp1n1/2P3Q1/3Pp3/PP3P1R/1K5R w - - 0 25	h2h8 g8f7 g4d7	1269	0q0y1315191o
kdG9R	r1bqnrk1/1pp2pb1/p2p2pB/4n2p/2PNP2P/2NB1P2/PP1Q2P1/2KR3R b - - 1 13	e5d3 d2d3 g7h6	1269	01191k1o
lB7Bv	8/7p/6p1/1K3p2/7P/6P1/P3kP2/8 b - - 0 35	e2f2 a2a4 f2g3 a4a5 f5f4	1269	0g0h0p101e
lCfAd	8/P6p/1R6/r4kp1/1p6/6KP/1P6/8 w - - 4 40	b6b5 a5b5 a7a8q	1269	000g0i0p1h1m1o
lnA1A	4rrk1/p2p2p1/np4Qp/2pP4/2q1N1p1/P7/1P5P/K3R2R w - - 0 24	e4f6 f8f6 e1e8	1269	0g0i0j0y191g1o
luaRX	2kr3r/ppp2R2/4p2p/1B1n2p1/3P4/1Qq1P1P1/P5PP/1R4K1 w - - 0 22	b5d7 d8d7 b3b7 c8d8 b7a8	1269	0j101316191k1n
melCe	5rk1/pp3r1p/4p2Q/8/3Bp3/5q2/PP3P2/2R1K3 w - - 6 26	h6g5 f7g7 g5g7	1269	0p13151o
nbPfe	6k1/8/3rr3/p2pq1p1/p3p3/2P3RQ/BP4P1/3R3K b - - 1 40	e6h6 h3h6 d6h6	1269	0g191g1o
p1p7s	5r1k/5Qb1/2qP1pPp/2p5/8/5pP1/1P3P2/6KR w - - 0 30	h1h6 g7h6 f7h7	1269	0p1113151n1o
pStUV	1k5r/1pp3pp/1b3p2/8/R3P3/4PP2/1P1rBK1P/7R w - - 1 22	h1a1 c7c6 a4a8 b8c7 a8h8	1269	0g0p101l1p
pUa6a	r4rk1/1b3ppp/p7/q2BQ3/6PP/1Pp2P2/P1P1N3/2KR3R b - - 0 22	a5a3 c1b1 a3b2	1269	1315191k1o
q1tfC	2N2r2/ppp2kp1/3p4/4p3/2Pn4/3P4/PP3PP1/R1B1NRK1 b - - 0 17	d4e2 g1h1 f8h8 c1h6 h8h6	1269	0s10131619
uR9Ui	5r1k/5p2/1q2p2n/4P3/5PR1/6RP/6BK/8 w - - 3 53	g4h4 b6b1 h4h6 b1h7 h6h7	1269	0g0p0r1011121g1r
unpPE	1r4k1/p2b2pp/1q2pb2/3p1p2/2p5/P1N4P/1PRQRPP1/6K1 w - - 2 33	c3d5 e6d5 d2d5 g8f8 d5d7	1269	0g0s1019
uxf26	r5rk/pq4pp/5p2/4p3/7Q/2B2PR1/PP3b1P/6RK w - - 0 29	h4h7 h8h7 g3h3 f2h4 h3h4	1269	0510111316191n
vgnkq	2kr4/3q1p2/p7/1p4pp/2pP4/P1N1Q1bP/2BK2P1/R1R5 b - - 0 25	g3f4 e3f4 g5f4	1269	01191g1o
w1I6m	r1b2rk1/ppp2Npp/3p4/4p3/2B1P1nq/3Pn2P/PPP3P1/R2Q1RK1 w - - 0 13	f7h6 g8h8 f1f8	1269	060i0j0k0m13151c1o
x0CE8	8/5pk1/1QP2p1p/8/8/1P2nPKP/4r3/8 b - - 0 43	e2g2 g3f4 e3d5 f4e4 d5b6	1269	0g0p0s10
x5qOs	6k1/6pp/4qp2/1P2b3/4Q3/7P/6B1/6K1 w - - 0 52	e4a8 g8f7 g2d5 f7e7 d5e6	1269	0d0g0p101g
y3lue	1k2r3/1p4pp/5b2/1P6/P7/4BK2/6PP/2R5 b - - 0 30	e8e3 f3e3 f6g5 e3e4 g5c1	1269	050g0p0r101n1p
yhZhU	2r3k1/3qn1pp/1pn1p3/pB1pP1N1/3P1rP1/P2Q4/1P5P/3R1RK1 b - - 4 22	f4g4 g1h1 g4g5	1269	0g0s191o
ylbqt	r4rk1/p1qnBpbp/2p3p1/2pp4/4P3/N1PP1Q1P/PP3PP1/1R3RK1 b - - 0 13	d7e5 f3g3 c7e7	1269	010j191o
05KW9	8/8/2R3p1/8/7p/4P1PP/1b3k1K/1Q6 b - - 0 42	h4g3 h2h1 g3g2 h1h2 b2e5	1270	000p101316
092FX	8/6p1/8/P1Kp4/8/4Bkp1/5P2/8 b - - 1 73	g3g2 a5a6 g2g1q	1270	00080g0p1h1o
0KfsO	6k1/5pp1/7p/1P6/4p3/1Q4P1/q1r1PP1P/1R4K1 b - - 2 32	c2c1 b1c1 a2b3	1270	010i0p1o
1GURy	7k/6p1/p2rBbK1/1p2p3/8/8/Pr6/3R4 w - - 0 37	d1h1 b2h2 h1h2 f6h4 h2h4	1270	0p1013161f
1H6qN	3r1rk1/p3pp1p/1p4p1/2pP1b2/2P5/2Q1q1P1/PB2B2P/R3R2K b - - 4 21	f5e4 e2f3 e4f3	1270	0y1315191o
1iMEy	2K5/8/3k1p2/4p1p1/4P1P1/7P/8/8 b - - 6 39	d6c5 c8d8 c5d4	1270	0g0p111e1o
2JH8o	r4Rk1/ppp5/3p4/3Pp1P1/1PP1B1qp/6p1/P5Q1/2R3K1 b - - 0 33	a8f8 c1f1 f8f1 g2f1 g4e4	1270	0g0p0r0y10
2dg3m	8/2r2kbp/BpP1p3/p2n1p2/P2Pp1p1/4P1P1/2R2P1P/2B2K2 b - - 0 31	d5b4 c2c3 b4a6	1270	0g0p0s1o
33qLP	2r2rk1/1p2Rpbp/p2P1np1/8/R7/1qN2Q1P/1P3PP1/2B3K1 b - - 0 18	c8c3 b2c3 b3a4	1270	010b11191o
3ICzs	8/8/4k3/2P3p1/R3n1p1/3p2P1/6P1/4K3 b - - 7 50	d3d2 e1d1 e4c3 d1d2 c3a4	1270	000g0p0r0s10
3v2jY	4r1k1/pp3p1p/2pb2p1/8/8/P4BqP/1PQB2P1/R5K1 b - - 4 26	g3h2 g1f1 h2h1 f1f2 h1a1	1270	0g10191p
4zERy	2r5/2B4p/1r2k1p1/p4p2/3P4/7P/PPR2PP1/6K1 w - - 2 35	c2e2 e6d7 c7b6	1270	0g0p1o
5yBMr	5rk1/5ppp/p5r1/1p3Q2/2p1p3/2P1P1qP/PP4P1/3R1RK1 w - - 1 29	f5f7 f8f7 d1d8 f7f8 f1f8	1270	0p0y1013161n
775sT	r1bqk2r/pp3ppp/2n1p3/1B1p4/3Nn3/2P1B3/P1P2PPP/R2QK2R w KQkq - 0 10	d4c6 b7c6 b5c6 c8d7 c6a8	1270	010s101c
7AOLC	8/7p/6p1/p2R3P/Kp2rPk1/8/1rp5/5R2 w - - 0 53	d5g5 g4h4 f1h1	1270	0p13151m1o
7Mk26	2r5/pp2kp2/3pb3/q4pP1/4PQ2/5P2/PPr5/1K1R3R w - - 0 28	f4d6 e7e8 h1h8	1270	1315191o
8HvRS	r1b1k1r1/pp1nnp1Q/4p3/3pP1N1/8/P2B1P2/2P3qP/2BK3R w q - 0 16	h7f7 e8d8 g5e6	1270	041315191o
8gBPr	4R3/1pp2kpp/p4qp1/3P3n/1P2N3/P4r2/2P1QP1P/6K1 b - - 4 23	f6a1 g1g2 h5f4 g2f3 f4e2	1270	0g0p0s10
8moI3	6rk/p5pp/1p1B4/6b1/8/1Q5K/PP1pq3/5R2 w - - 6 34	b3g8 h8g8 f1f8	1270	050p13151d1n1o
90nT7	3r2nk/pp5p/3qN1p1/2p5/7P/P3Q3/1P3PP1/6K1 w - - 4 30	e3c3 d6d4 e6d4	1270	010p1o
91SuB	4R3/5bk1/3B2pp/4p1P1/2p1P3/2q2P2/6BK/8 w - - 2 50	d6e5 c3e5 e8e5	1270	0g0p0s1o
AflCB	8/4Pp1p/P1b3k1/5p2/3Q4/6K1/8/2b3Br b - - 4 48	f5f4 g3f2 c1e3	1270	0g0p1o
AhrIJ	5rk1/6p1/7p/8/3RQ3/2P1q1rP/6P1/6RK b - - 0 42	g3h3 g2h3 e3h3	1270	0p13151n1o
AvOs6	8/2k5/1p5P/p7/P7/5PK1/1rp3P1/7R b - - 1 35	b2b1 h1h5 c2c1q h6h7 c1e1	1270	000g0p101h1m
BDcIa	2r5/p3P1k1/1p6/8/1P2n3/P2RP3/5Pp1/6K1 w - - 0 36	d3d8 c8c1 g1g2	1270	0g0p0w1o
BEgiz	r2qkb1r/1pp4p/p1npbpp1/3N1NBQ/4P2P/6P1/PPP2P2/R4RK1 w kq - 0 16	d5f6 d8f6 g5f6 g6h5 f6h8	1270	0110191g
BNalb	r4rk1/1pp2ppp/p2q1n2/3pnp2/3P4/2P1PN2/PP3PPP/R2QK2R w KQ - 0 12	d4e5 d6b6 e5f6	1270	0g0s191o
BbhTH	r5k1/6p1/5q1p/4pp2/1p2n1P1/1P1Q3P/2P5/1NKR4 w - - 0 31	d3d5 g8h7 d5a8	1270	0g0p0s1o
BysYv	8/8/p7/1p4P1/3k4/2r5/2R3K1/8 w - - 1 53	c2c3 d4c3 g5g6 b5b4 g6g7 b4b3 g7g8q	1270	000g0p1h1m1w
C0Gxs	1R3rk1/2p2pp1/P4n1p/5Q2/3q4/3B1P1P/2P3P1/R6K b - - 0 31	d4a1 h1h2 f8b8	1270	0g0t0w191o
C4mue	rnb2r2/ppp5/3p1q2/2b1p3/2B1P3/1P1P2P1/P1P1KPkP/R1Q5 w - - 0 23	c1f1 g2h2 f1h1	1270	1315191o
COAe3	r5k1/BQ1q1pbp/3p2p1/4p2n/4P3/3P1N1P/5PP1/1R4K1 b - - 0 27	a8a7 b7d7 a7d7 b1b8 g7f8	1270	011019
ENqz3	5rk1/5r1p/3pPQp1/p1pP1p2/2n2P2/Pq5P/6PK/2n1R3 w - - 0 32	e6f7 f8f7 e1e8 f7f8 f6f8	1270	000y1011131619
FqwYg	5b2/ppR4p/5p2/6pk/7N/2P3PK/PP2r2P/8 w - - 0 30	c7h7 f8h6 g3g4	1270	0p13151o
GSNxU	1k5r/p1p3pp/1p6/8/P7/5PpP/4Qq2/1R2R2K b - - 2 31	g3g2 h1h2 g2g1q	1270	000k0m0p13151h1o
GaEZp	r3k2r/pp2bp2/6pp/4R3/4NPb1/8/PP5P/R1B3K1 w kq - 0 19	e4f6 e8f8 f6g4	1270	0111191g1o
H7afb	6rk/pp4rp/1q6/4pP1R/2R3P1/P2P4/1P3Q2/6K1 b - - 4 33	g7g4 c4g4 g8g4 g1f1 g4f4 f2f4 e5f4	1270	0g0p0r1g1w
HQ4tl	1k4r1/p2R4/P7/1P2p3/4Pn2/2R2P2/5K2/5N1r b - - 4 43	g8g2 f2e1 g2e2 e1d1 h1f1	1270	0i0p101316
HjVak	5br1/1p3q1k/1Pp1p1p1/2PpP2p/3P4/3BB1P1/5PK1/7Q w - - 2 46	h1h5 h7g7 h5h6	1270	0p13151g1o
ILDPu	2r4r/pp2k2p/nq2p3/1B1p2pb/1b1P2n1/2N2N1P/PP2QP2/R3R1K1 w - - 0 17	c3d5 e7d8 d5b6	1270	0g191g1o
JAyff	R7/3b4/4p3/1p1pP3/3P2p1/5r1k/2PKN3/8 w - - 12 41	e2g1 h3g3 g1f3	1270	010p0s1o
JNef7	4r1k1/5p2/p2Pq1p1/1b2n3/B4Q2/2p3N1/P5PP/B3R1K1 b - - 0 32	e5f3 g2f3 e6e1	1270	0g0j191o
KLfhX	3k1b1r/pQ2nBpp/8/4qb2/3n4/3P1N2/PPP2PPP/R1B2K1R b - - 2 16	e5e2 f1g1 e2d1 f3e1 d1e1	1270	10131619
KY9fK	r3r1k1/ppp1b1pp/2n2p2/8/4QBb1/2P2N2/q1P3PP/3RKB1R w K - 2 16	f1c4 g8h8 c4a2	1270	010s191o
KqgVZ	8/6p1/P3k3/2p5/1p2P1p1/1P2N2n/1R1NK3/r7 b - - 4 45	h3f4 e2f2 f4d3 f2g3 d3b2	1270	0g0p0r0s10
L7u74	r2q2k1/pp3rpp/2nb3n/2p1p1NQ/3pP1bP/3P2N1/PPP2PP1/R1B1K2R w KQ - 0 12	g5f7 g4h5 f7d8	1270	01191o
LzR8h	1k1r1r2/1q2n1b1/pp4p1/2pPp2p/P1NnP3/8/2P1N1Q1/1R1K3R w - - 0 35	b1b6 b7b6 c4b6	1270	0111191g1o
M0xdj	8/8/p7/2nnk3/R7/3P4/3K1P2/8 w - - 8 53	d3d4 e5d6 d4c5	1270	0g0p0s111o
MGqXb	1r4rk/5p1p/p1p2PpQ/2p1p1P1/P3q3/2P5/1P3R2/R5K1 w - - 0 31	h6h7 h8h7 f2h2 e4h4 h2h4	1270	050p0y1013161n
MdSc9	7k/6pp/p7/3B1b2/2N3n1/6P1/PP2rn1P/R3R1K1 b - - 6 24	f2h3 g1f1 e2f2	1270	1315191o
Ntn5e	7r/4Bppp/4k3/3n4/2R5/2N5/1PK3PP/8 b - - 0 27	d5e3 c2b3 e3c4 b3c4 e6e7	1270	010p0s10
O08FL	8/8/1rk3pp/5p2/5P2/4K1P1/7P/1R6 w - - 0 37	b1b6 c6b6 e3d4 b6c6 d4e5	1270	0g0p101m
OPvsq	8/1p6/1k6/1P1K1R1P/4P3/2r2p2/8/8 b - - 0 56	c3c5 d5e6 c5f5 e4f5 f3f2	1270	000g0p101m
OTeZh	5R2/p1p5/1pk2n2/4p3/4P3/2P1Br2/P1PK1P2/8 b - - 7 27	f6e4 d2e2 f3f8	1270	0g0j0p1o
OdLkM	1r6/4n2k/pp3b2/2p1p2p/P1PpP1r1/3P3K/1P1BR1PN/R7 b - - 2 32	g4h4 h3g3 b8g8 g3f2 h4h2	1270	0g0i0r101119
Oezcm	r1bq3r/ppp1n1pp/2np2k1/2b3N1/3pP1Q1/8/PPP2PPP/RNB2RK1 w - - 0 9	g5e6 g6f7 e6d8	1270	010j0k1c1o
OhSaK	3r1bk1/5p2/q2p2p1/p6n/PpN1P3/8/1PP1Q1PP/2R1RK2 b - - 3 28	h5f4 e2f2 a6c4	1270	01191o
PUxYW	5rk1/1p4p1/p5b1/3N3p/1P1P1q2/P3N2P/3Q1PPb/4RK2 b - - 5 28	g6d3 d2d3 f4f2	1270	0i1315191n1o
PdFW2	2q2r2/3Q1nkp/1p4p1/8/P1p5/7P/6P1/1B3R1K w - - 3 36	f1f7 f8f7 d7c8	1270	0g0i0p111o
PuSXZ	2k5/p4p1p/2pQpB2/4P3/4q3/8/5PPP/1r1R2K1 b - - 4 32	e4e1 d1e1 b1e1	1270	060p13151n1o1y
Puyua	6k1/2p2p1p/1pQp1p2/5br1/1PBP4/r1q5/2P3PP/1K1RR3 w - - 4 24	c6e8 g8g7 e8f7	1270	010y191o
Py37e	5k2/6R1/4p2p/1p1pBp2/1qbP3Q/4PP2/2P3PP/r2N2K1 b - - 6 30	a1d1 g1f2 b4e1	1270	0t0y1315191o
QW7Am	r1b1k2r/p2n1ppp/4p3/1p1pP3/5q2/2B5/PN4PP/R2QKB1R b KQkq - 1 15	f4e3 f1e2 e3c3	1270	010s1c1o
SO7lq	5k2/5p2/5r2/6q1/5N2/1P6/P2Q1P1K/R4R2 b - - 0 31	f6h6 f4h3 g5d2	1270	0g0p1o
ST9J0	r3qk1r/ppp1b1p1/2np1nQ1/6N1/3P2p1/7P/PP3P2/RNB1R1K1 w - - 3 17	g5e6 f8g8 g6g7	1270	1315191o
TRiSp	4r1k1/pp3p2/2p3p1/3p2np/5qNQ/8/P5PP/3R2K1 w - - 0 29	g4h6 g8g7 h4f4	1270	0g0j0p1o
Uy7CJ	6k1/8/6p1/6Np/3q3P/5R1K/6P1/8 w - - 12 49	f3f8 g8f8 g5e6 f8e7 e6d4	1270	050g0p0r0s101n
V3dHQ	6k1/2p3p1/bp1q2P1/p3p2p/5QnP/PP6/3r1PB1/4R1K1 w - - 0 34	f4f7 g8h8 f7e8 d6f8 e8f8	1270	0y10131619
YVGWJ	r1bqr1k1/4bppp/p1p2n2/3p2B1/8/P1NB1P2/1PP1Q1PP/R3R1K1 b - - 9 14	e7c5 g1h1 e8e2	1270	0g0j191o
YW0FH	8/8/8/5k2/5p1p/7P/5PK1/8 b - - 3 59	f5e4 g2f1 e4f3 f1e1 f3g2	1270	0g0p10111e1z
Ygpv4	8/2Br3p/p1RPkp2/4p3/4K3/Pb3PP1/8/8 b - - 2 43	b3d5 e4e3 d5c6	1270	0g0p0s1o
Z2nB6	2r4k/1Q4pp/p7/8/1P6/3q1p1P/5PP1/5RK1 b - - 1 29	d3f1 g1f1 c8c1	1270	050p13151n1o
aBEVD	r1bq1rk1/ppp1bppp/2n5/3p2B1/6n1/1B2QN2/PPP2PPP/RN2R1K1 w - - 5 11	g5e7 g4e3 e7d8	1270	010s1c1o
aDtNB	r1bqkb1r/p4ppp/B1pp1n2/4p3/8/4P3/PPP1QPPP/RNB1K2R b KQkq - 1 8	d8a5 c1d2 a5a6 e2a6 c8a6	1270	0g101c
aeCZg	8/8/1p1k4/p7/P1RPr3/3K4/8/8 b - - 1 53	d6d5 c4c8 e4d4 d3c3 d4a4	1270	0g0p101m
b4BVF	6k1/R4bpp/8/5p2/8/1P1K3P/P4rP1/8 w - - 1 37	a7a8 f7e8 a8e8 g8f7 e8e2	1270	0g0p10
c0yxF	r4b2/7r/p1k1p3/3pBp1b/3P1Ppp/1RP1P3/P5PP/1R4K1 w - - 7 35	b3b6 c6d7 b6b7 d7e8 b7h7	1270	0g10191p
cGjiR	r1bqk2r/pp1p1p2/4p1n1/2p1n3/2PbP3/2NP4/PP2B1PP/R1BQNR1K b kq - 2 13	h8h2 h1h2 d8h4	1270	050y1113151c1n1o
cgN5B	5rk1/pp4p1/3p3p/2pPp1r1/8/3PQP1q/PP2R1P1/1R4K1 w - - 0 22	e3g5 h6g5 g2h3	1270	010p1o
dBHAO	6k1/2R1R3/p5p1/5p2/1B1b4/P5P1/r3r2P/5K2 b - - 10 45	e2f2 f1e1 a2a1 c7c1 a1c1	1270	0p0r101316
eHBjO	rn1q1rk1/pp2bppp/5n2/2p5/4p1b1/1P2P1PP/PBP1NPB1/RN1Q1RK1 b - - 0 10	d8d1 f1d1 g4e2	1270	010b1c1o
fDBPS	4Q3/4b1kp/6P1/2qp1p2/8/4PP2/6PK/q7 w - - 0 43	e8f7 g7h6 f7h7 h6g5 f3f4 g5f6 h7f7	1270	0p13171w
fFJR7	5r1k/pp3rp1/3Q2Pp/8/6Pb/P3P3/1q5B/3R1RK1 b - - 0 28	f7f1 d1f1 f8f1 g1f1 b2f2	1270	050r10131619
flmjR	rnb1kb1r/pp2ppp1/1q6/4P2p/2BBP3/8/PPP3PP/R2QK1NR b KQkq - 0 11	b6b4 d4c3 b4c4	1270	010s1c1o
j3MKR	r2qkb1r/pp3ppp/5n2/5b2/2PB4/1P2p3/P2PBPPP/RN1QK1NR b KQkq - 0 10	d8d4 f2e3 d4a1	1270	0g1c1o1t
jqkDk	2k3nr/pppr1ppp/3b4/4q3/4PP2/2N5/PPP3PP/R1BQ1RK1 b - - 0 11	d6c5 g1h1 d7d1	1270	0g0j191o
kQEaD	3k4/2q3rp/p1pp4/5Q2/8/3P4/PPP4P/7K w - - 1 31	f5f8 d8d7 f8g7 d7c8 g7c7	1270	0g0p0r0v10
l15eo	6r1/3k4/P4p2/1N5p/6rB/2P2bP1/1P2nP1K/R4R2 b - - 2 31	g4h4 g3h4 g8g2 h2h3 e2f4	1270	0d0f101316191n
mcJ9V	3Q4/4K3/8/1k6/6p1/7p/2R5/3r4 b - - 0 63	d1d8 e7d8 g4g3	1270	0g0p1o
nFUxA	6rk/pp3p1p/2q1pPr1/6PQ/P2Pp1R1/4P3/6P1/1n4K1 w - - 1 30	h5h7 h8h7 g4h4 g6h6 h4h6	1270	050p0y1013161n
nQSVs	1r6/p2nppkp/3p2p1/q1pP4/2P1P3/8/P1Q1BPPP/1R4K1 w - - 1 19	b1b8 d7b8 c2b2	1270	010p1o
pDszN	8/4b3/R6p/2r1Bp2/5p1k/5K2/P5P1/8 w - - 0 40	a6h6 h4g5 e5f4	1270	0p13151o
pNptO	5k2/5PR1/2p3K1/2Pr2P1/p7/8/8/8 b - - 0 41	d5g5 g6g5 f8g7	1270	0g0i0p1m1o
ph15D	2r3k1/2Rb1p1p/3rp1p1/P7/8/6P1/5PBP/2R3K1 b - - 0 26	c8c7 c1c7 d6d1 g2f1 d7b5	1270	010p101g
q2vgS	4r1k1/pp1Q1ppp/8/4p3/3nP3/P1R2B1P/1P1q1PP1/1R4K1 b - - 0 23	d4f3 c3f3 d2d7	1270	0g0j191o
r7hyF	5rk1/5rpp/p6q/8/1p1P3P/5Qb1/PPP3P1/4RRK1 w - - 0 26	f3f7 f8f7 e1e8 f7f8 f1f8	1270	101316191n
r94zx	2kr3r/ppp5/2p2p2/5P2/4P3/3P1Rp1/PPP3PN/R6K b - - 1 22	h8h2 h1g1 d8h8 f3g3 h2h1 g1f2 h1a1	1270	0g0p1l1p1w
sxdps	8/8/3n4/6k1/pR5p/8/1P3KP1/3b4 w - - 4 49	b4d4 d1g4 d4d6	1270	0g0p0s1o
t3Kn7	2b5/2P1K3/1Pk5/P7/8/8/8/8 w - - 11 64	e7d8 c6b7 a5a6 b7a6 d8c8	1270	080g0i0p0r10
tAg8h	r4k2/pQ3pp1/3q4/7p/3pP3/8/P4PPP/2rR2K1 w - - 0 26	b7a8 f8e7 d1c1	1270	0g0p0t0w1o
uuugA	1n3rk1/r4ppp/p2Q4/8/7P/Pp3N2/2q2PP1/K2RR3 w - - 2 23	d6f8 g8f8 d1d8	1270	051315191n1o
vS1qn	1rr5/4p2k/p4b1p/np1Bp2R/8/4P3/PPP2P2/1K4R1 w - - 0 27	d5e4 h7h8 h5h6	1270	0i1315191o
vlv6w	8/1p1n2K1/p1p1kp2/2P3Pp/1P6/P3P1P1/1B3P2/8 b - - 0 46	f6g5 e3e4 h5h4 g3h4 g5h4	1270	010p10
vx0J8	2rqr1k1/pp3p1p/5Pp1/1Nn5/8/1P4PQ/PBKP2BP/3R3R b - - 1 20	d8d3 c2c1 c5b3	1270	0k0m1315191o
wD099	2R2rk1/1p5p/3N2p1/p2Pp3/4P3/5rP1/PP3B2/6K1 b - - 2 31	f3f2 c8f8 f2f8	1270	010p1o
wEvvI	2k5/p1P2pp1/1p6/4P3/P1P1KP2/2P1Q1qr/4R1p1/6B1 b - - 2 44	g3g6 e4d4 h3e3	1270	0g0j0p1o
wLHcT	2r5/1p3k1p/1B2pp2/8/1P1K4/2R3P1/6PP/5b2 b - - 1 30	e6e5 d4e3 c8c3	1270	0g0i0p1o
ygHZi	r2qk2r/ppp1bpp1/1n3n1p/1N1p4/3P1B2/5P1b/PP2P1PP/R2QKB1R w KQkq - 0 10	b5c7 e8f8 c7a8	1270	010s191o
zdEVj	3r2k1/5ppp/5n2/p7/P1B5/1P1p2KP/5PP1/4R3 b - - 1 32	d3d2 e1d1 f6e4 g3f3 e4c3 d1d2 d8d2	1270	000g0p1w
zwLBl	r1b1qbkr/pp2p1pp/1nnpP3/6N1/3p4/2P2Q2/PP3PPP/RNB1K2R w KQ - 0 11	f3f7 e8f7 e6f7	1270	000y13151c1o
1AALN	r3kb1r/pbppq1pp/1pn2n2/8/2B1P3/2N2N2/PPPP2PP/R1BQ1RK1 b kq - 1 8	e7c5 d2d4 c5c4	1271	010s1c1o
1MjBw	8/1p6/p1pN1p2/P1P5/3Pp2p/4k1pP/6K1/8 w - - 6 46	d6f5 e3f4 f5h4	1271	0g0p0z1o
1OQQU	8/2p5/2p1k3/p4pp1/4q3/2R5/3R4/2KN4 w - - 4 51	c3e3 e4e3 d1e3	1271	010p1g1o
24bcw	5r1k/6Rb/1ppq1n1P/1r4Q1/3P4/8/5PP1/4RK2 w - - 1 38	g7h7 f6h7 g5g7	1271	0d1315191n1o
25HZk	8/p3Q2p/5ppk/2p5/5P2/P6K/4pqPP/8 w - - 2 45	e7f8 h6h5 g2g4	1271	0p13151i1o
4UN0f	2r2q1k/pp4bp/3p2p1/6P1/3p1r2/PQP4R/1P1N1PP1/2KR4 w - - 2 22	h3h7 h8h7 d1h1	1271	050g0y191n1o
5AZHj	3r2k1/pb4pp/1p2p3/2p3q1/1PP2r2/P5B1/2QRB1PP/2R3K1 b - - 0 23	d8d2 c2d2 f4f1 e2f1 g5d2	1271	010j1019
5Lhia	r2qkb1r/1p3pp1/p1n4p/4p3/B2pQ3/P2P3P/1PP2PP1/R1B1K2R b KQkq - 0 15	d8a5 c1d2 a5a4	1271	010s191o
5jZyd	r4rk1/pp4pp/1q2pp2/1b1pP3/3N1P2/2P5/PP3RPP/R2Q2K1 b - - 1 17	f6e5 f4e5 f8f2 g1f2 a8f8 f2g1 f8f1 d1f1 b5f1	1271	01050j0s191w
6WOI3	b7/2pk1pp1/p1pbp3/6Q1/3PN1P1/2P2B2/PP4Pq/2K5 b - - 2 24	d6f4 c1c2 f4g5	1271	0g0p0s1o
7HT9d	3r1k2/pp3p2/2p1B1p1/8/8/q1P4P/6P1/4RR1K w - - 0 31	f1f7 f8g8 f7d7 g8h8 d7d8	1271	0g0j0k0p10
8FXDW	3nk3/R4p1p/3Pp1p1/1rpb4/5B2/1p1P4/5PPP/6K1 w - - 0 29	a7e7 e8f8 f4h6 f8g8 e7e8	1271	0p1013161f
8cK88	3r3k/ppp3p1/7p/3P2q1/2Q5/P4n2/1B4PP/R3RK2 b - - 2 24	f3d2 f1g1 d2c4	1271	0g0s191o
9NHqp	5rk1/p5Bp/2p3p1/q2p4/3Pp3/2P5/1KPQ1P2/R6R b - - 0 28	f8b8 b2c1 a5a1	1271	0i0p0v13151o
9VDlO	5r1k/pp2n1pp/2p1B3/2p2P1Q/2Pr4/5R2/P3q1PP/5R1K w - - 7 26	h5h7 h8h7 f3h3 d4h4 h3h4 e2h5 h4h5	1271	050y1317191f1n1w
A6W7R	r4rk1/ppp2pp1/2np3p/4p3/2B1P2q/B1PP1PRn/P4Q1K/RN6 w - - 0 20	g3g7 g8g7 f2h4	1271	0g0j0y191o
AGIuY	r1b3k1/1p3ppp/p1q1p3/4r1Q1/P7/8/1PP2PPP/4R1K1 w - - 0 19	g5d8 c6e8 d8e8	1271	0p0y13151o
AOY53	r4rk1/pp4p1/2p2qP1/3p2p1/3P4/2PQ3R/P1P3P1/R5K1 w - - 1 21	h3h8 g8h8 d3h3 h8g8 h3h7	1271	050p0y1013161n
AocEZ	r1bqk2r/ppp2ppp/2p5/2P5/4n3/2P5/PP3PPP/RNBQKB1R b KQkq - 0 7	d8d1 e1d1 e4f2 d1e1 f2h1	1271	01050s101c
BSHab	r7/1p1r4/2p3k1/p3B3/1n1PnPP1/4P3/1P6/1K1R3R w - - 1 30	f4f5 g6f7 h1h7 f7e8 h7h8	1271	0g0r101119
CbuPh	rn1qk2r/ppp2ppp/1b1p4/4Pb2/1PP1n3/P2BPP2/6PP/RNBQK1NR b KQkq - 0 8	d8h4 g2g3 e4g3 h2g3 h4h1	1271	01101c1g1t
Co3sF	3rr3/p4pk1/1p4pp/2p5/5Q1P/2q3P1/P3BP2/R3RK2 b - - 1 27	e8e2 e1e2 c3a1	1271	0g0i191o
E5VwM	r5k1/pppq2b1/3p2np/3Pp3/4Ppr1/2N2P1Q/PPPB2PK/R4R2 b - - 0 23	g4h4 h3h4 g6h4	1271	0g191g1o
G93Ql	1k4nr/npp2N2/8/8/Q1P1q3/5BK1/PP6/4RR2 b - - 0 26	e4h4 g3g2 h4h2	1271	1315191o1s
GIF9H	5rk1/P3pr1p/6p1/3Qbq2/8/4B2P/5PP1/R4RK1 b - - 2 26	e5h2 g1h2 f5d5	1271	0g0j11191o
GzJzs	r6k/pp1qPQ1p/6p1/8/1P6/K1P2P2/P7/8 w - - 1 37	f7f8 a8f8 e7f8q	1271	000p13151h1o
H62c1	5r2/ppk3p1/1n5p/3p4/3p4/3Q4/PPP3PP/R1B1qNK1 b - - 3 22	e1f2 g1h1 f2f1 d3f1 f8f1	1271	060i10131619
IRJ1y	5k2/p5R1/1p1p2P1/4p3/1P2K3/P3n2r/6r1/2R5 w - - 3 43	g7f7 f8g8 c1c8	1271	0p13151o
KAAvD	8/1p6/p6P/3pkb2/3n4/1P6/P1p2R2/2K5 w - - 2 49	f2f5 d4f5 h6h7	1271	000g0p1n1o
KNx2H	r5k1/ppQ2rp1/4pp1p/8/3P1Pq1/8/PPP4P/2K3RR w - - 1 20	c7f7 g8f7 g1g4	1271	0g0p0y1o
LOyO8	6rk/p4Qpp/1pp3r1/3p4/3q4/1P2p3/5RPP/5RK1 w - - 0 33	f7g8 h8g8 f2f8	1271	050p13151n1o
Laslp	1r4k1/5pp1/7p/4p3/1q2Q3/7P/5PP1/2R3K1 w - - 0 26	c1c8 b8c8 e4b4	1271	010i0p1o
Lg5oP	5rk1/1Qp2ppp/3b4/5q2/8/1K2B3/6PP/3R1R2 b - - 3 25	f5e6 b3c2 e6e3	1271	010s191o
MQKKF	6k1/pp1n2p1/2p5/5pQ1/3Pq3/2P3PP/PP2pP2/4N1K1 b - - 0 28	e4b1 g5d2 b1d1 d2e2 d1e2	1271	0g0p101g
MkhAt	8/6pk/1R3p1p/3N4/p7/1r5P/6P1/6K1 b - - 3 39	b3b6 d5b6 a4a3 b6d5 a3a2	1271	000g0p10
NHyXC	R6r/pp1q2pp/nkP2n2/4Q3/1P2P3/2P5/1P4PP/RNB3K1 b - - 0 18	d7d1 g1f2 f6g4 f2g3 g4e5	1271	0g0s1019
NUe5x	5rk1/2pq3p/2np1pp1/4pN2/p2bn1Q1/P6P/1P3PPN/R5K1 w - - 0 26	f5h6 g8h8 g4d7 d4f2 g1f1	1271	0g0j1019
PQDlj	r5k1/p6p/6pQ/1Pp1Nq2/8/8/P3bPPP/4R1K1 b - - 1 22	f5e5 h6d2 a8e8	1271	010h0p0t111o
R7eNC	r4r2/2pQ1p1k/1p1p3p/4p3/1P2q3/pKP5/8/6RR w - - 0 32	h1h6 h7h6 d7h3 e4h4 h3h4	1271	050p1013161n
RNicy	6k1/R5p1/pK4bp/4B3/1p6/8/P1r2PPP/8 w - - 8 34	a7g7 g8f8 g7g6	1271	0g0p0s1o
RRcox	r1b1k1nr/pppp1ppp/3bq3/3Nn3/2B2B2/4P3/PPP2PPP/R2QK1NR b KQkq - 4 7	e5c4 d5c7 d6c7	1271	010t1c1o
SXLaF	4r2k/4P1pp/2Q1Rpb1/3p1B2/1qn5/7P/5PP1/6K1 w - - 6 29	f5g6 h7g6 c6e8	1271	0b0g191o
Sk49i	6rk/R4Qp1/2p1p1Pp/1p3p1P/8/2P5/PP5q/1K6 w - - 1 36	f7g8 h8g8 a7a8 h2b8 a8b8	1271	050p1013161n
TAAa6	rn1qkbnr/pp1b2pp/4p3/1BppPpB1/3P4/5N1P/PPP2PP1/RN1QK2R b KQkq - 3 7	d8a5 b1c3 d7b5	1271	010s1c1o
TAsiq	8/1p4Rp/5p2/8/Pr2k3/3p2KP/6P1/8 w - - 0 36	g7g4 e4e5 g4b4	1271	0g0p1m1o1p
TkgAl	8/4kpp1/7p/2R2P1r/8/8/4KP2/8 w - - 3 47	f5f6 e7f6 c5h5	1271	0g0j0p1m1o
TxBVv	5r2/1p2k3/2p1P1Q1/p2p4/3P4/8/PPKB4/5q2 w - - 3 36	d2g5 e7d6 e6e7	1271	00010j0k0p1o
VCrPD	2k5/2PR4/2K5/8/1P6/5P1P/6r1/8 b - - 1 59	g2c2 c6d6 c2d2	1271	0g0p1m1o
VlXOm	r4rk1/p4ppp/1qp1pn2/3p1b2/3P1B2/1Q1BP3/PP3PPP/R4RK1 b - - 1 15	b6b3 a2b3 f5d3	1271	010b191o
XILnm	r1nR1br1/p1k2p1p/1pp3pn/4p3/2Q1P3/N4N2/P4PPP/2K4R b - - 0 18	f8a3 c1b1 g8d8	1271	010j0t191o
XOqL4	8/pp3pkp/1n4p1/6N1/P4P2/1Pbr2PP/5BK1/2R5 w - - 5 28	c1c3 d3c3 f2d4 g7g8 d4c3	1271	050g0p0s10111n
Z0Jls	8/2PR4/5k2/p5p1/P1B5/1P2n1PK/2r5/8 b - - 0 43	g5g4 h3h4 c2h2	1271	0p13151o
ZMyjE	8/4r2k/3pP2p/p1pBnr1P/Pp6/3P1pRK/1PP2R2/8 w - - 6 39	d5e4 h7h8 e4f5	1271	0g0p1g1o
aAo0b	rr4k1/4bpp1/3pp1n1/8/p3P3/2N2N1Q/2qB1PP1/4K2R w K - 0 23	h3h7 g8f8 h7h8 g6h8 h1h8	1271	06101316191n
aGlRC	rnb2rk1/pp3p2/1q3B1p/2bp2p1/8/2N2N2/PPP2PPP/R2QKB1R b KQ - 0 11	c5f2 e1d2 b6e3	1271	0413151c1o
aa1a0	5r1r/p2qb3/bp1pkp1p/4p2Q/P3P3/1P6/2PB1PPP/2R1R1K1 w - - 2 24	h5f5 e6f7 f5d7	1271	0g0i191o1p
cSWpI	r2qkbnr/ppp2ppp/4p3/2Pp1b2/1n1P4/P1N1PN2/1P3PPP/R1BQKB1R b KQkq - 0 7	b4c2 e1d2 c2a1	1271	010s1c1o
cgumu	6k1/1p2p2p/p3r1pP/2r1P3/2n5/2P5/P1P3P1/3RR1K1 w - - 0 26	d1d8 g8f7 e1f1 e6f6 e5f6	1271	0g0p10
coRjs	r2qr1k1/ppp2ppp/2n2n2/3p4/2PP4/1PNQPN1P/P4KP1/4RR2 b - - 1 17	f6e4 c3e4 d5e4	1271	0111191o
d28we	8/P2n3R/3k4/1p4N1/6KP/r7/8/8 b - - 20 64	d7f6 g4f4 f6h7	1271	0g0p0s1o
d5Y9o	3r3r/2k2p1p/Q1p2pb1/2bq4/3p4/1R3N1P/P4PP1/4R1K1 w - - 0 25	a6b7 c7d6 b7e7	1271	1315191o
dXl3x	3r2k1/pp3p2/2pbpqpB/8/3P2R1/1P1P3Q/P4PPP/1n4K1 w - - 2 24	h6g5 f6f5 g5d8	1271	01191o1p
e7MtX	2Rr3k/p5pp/1p2Qp2/8/1P1q3P/6P1/P4PK1/8 w - - 4 31	e6e8 d8e8 c8e8	1271	060p13151n1o1y
eFu7e	2r3k1/3R3p/5Qp1/p4p2/P1p5/4P3/1rq2PPP/3R2K1 b - - 0 30	c2f2 g1h1 f2g2	1271	0p13151o
efVpv	6rk/5r2/p2qN1p1/1ppPp2P/2P5/8/PP6/2K4R w - - 0 31	h5g6 f7h7 h1h7	1271	0j0k0p13151o
gXJWg	4k3/4p3/3p4/1P1P4/1KP1Rp2/4b1rP/6P1/5B2 b - - 6 44	e3c5 b4a5 g3a3	1271	0p13151f1o
ggJEi	2k4r/2p5/p3p3/4q1pp/4P3/4B3/PPP2PP1/R2R2K1 w - - 0 20	e3d4 e5f4 d4h8	1271	010p1o1p
hT4iL	r1bqk1nr/pp2ppb1/6pp/2p1P3/2BN4/2N5/PPPP2PP/R1BQ1RK1 b kq - 0 9	d8d4 f1f2 d4c4	1271	010s1c1o
hZjzB	5rk1/1p5p/p2p2p1/P2Pb3/2Q5/R2nP2P/1P2NqP1/1R5K b - - 4 30	f2f1 b1f1 f8f1 e2g1 d3f2	1271	0y101316191n
icmi9	7Q/2pb3p/6p1/3Pbk2/5P2/2N2qP1/Pr5P/6K1 w - - 0 32	h8e5 f5g4 e5g5 g4h3 g5h4	1271	0p101316
jUa2j	1r4kr/pb2n1p1/1p2p2p/2pqN3/5QN1/B1P5/P4KPP/4R3 w - - 2 25	f4f7 g8h7 g4f6	1271	0s1315191g1o
kKliv	6k1/pp4p1/8/8/1PpBb1P1/2P4P/P6r/R5K1 b - - 4 37	h2h1 g1f2 h1a1	1271	010p111o1p
ksDqe	R4rk1/6p1/3p4/1pp1p3/4P1q1/2P1bN2/1P6/3Q1K2 w - - 2 39	d1d5 g8h7 a8f8	1271	0g0i0p1g1o
lOQyJ	r4r2/pp3ppk/8/2bN4/3n2b1/5N2/PqP2PPP/R2Q1RK1 w - - 0 14	f3g5 h7g8 d1g4	1271	010j191o
la4mW	2rrk3/ppq2pQ1/1n1pp3/5N1p/1Pb1P3/P1P4P/5PP1/2R1R1K1 w - - 2 29	g7g8 e8d7 g8f7 d7c6 f5d4	1271	0i0v10131619
mGE5l	8/p3Q3/3p1pp1/6k1/8/7q/PP2KP1P/2r1R3 b - - 5 33	c1c2 e2d1 h3d3	1271	0p1113151o
mggZ8	b1rr3k/2p4q/6Rp/pQ2p3/1pB1P3/5P2/PPP5/1K6 w - - 0 41	b5e5 h7g7 e5g7	1271	1315191o
miXRm	r1b2rk1/pp2ppbp/1qn3p1/1B1pP3/3Pn3/2N2N1P/PP3PP1/R1BQR1K1 b - - 2 11	e4c3 b2c3 b6b5	1271	0b0g11191o
moAq6	r2q3k/pp1nrQ1p/2p2bBB/3n4/8/2P4R/PP4PP/3R3K w - - 1 22	h6g7 f6g7 h3h7	1271	0j0y1315191d1g1n1o
q9xts	r2k1r2/p7/1pp4p/3p1b2/3P3b/2N2RR1/PPP1N3/1K6 w - - 3 32	f3f5 f8f5 g3g8 d8e7 g8a8 f5f1 e2c1	1271	010r191n1p1w
qmInW	7k/6p1/Q6p/1p4p1/6P1/KPP4P/P3q3/8 b - - 2 43	b5b4 a3b4 e2a6	1271	0g0j0p1i1o
rK1CQ	2kr2r1/2p2R2/1bn1p1p1/p1pbB2p/P1N3P1/7P/1P1NK3/5R2 w - - 0 31	c4b6 c7b6 f7c7 c8b8 c7c6	1271	0g0j0k10191k
sAZTy	r1bqk2r/pp3pb1/2np2p1/4p2p/4P2P/1NN1QP2/PPP3P1/2KR1B1R b kq - 1 12	g7h6 e3h6 h8h6	1271	0g1c1g1o
sf8G3	4k3/R7/2r1PKp1/3p1P2/1p4P1/8/3n4/8 w - - 1 56	a7a8 c6c8 a8c8	1271	0p13151o
t7wA7	8/1r2bk1p/8/2p5/3p2PP/1P4B1/2K1R3/8 b - - 2 40	d4d3 c2d3 b7b3 d3e4 b3g3	1271	01050i0p10111p
tC0VA	r2nr1kb/1bq4p/p2R2pB/6p1/1Pp1PQ2/P4N1P/5PP1/3R2K1 w - - 0 31	d6g6 h7g6 f4c7	1271	0g0j191o
tNRa4	2r3k1/1p3pp1/p1q1p1p1/Qb2R3/2rP4/2P2PB1/PP4PP/4R1K1 b - - 8 26	c4a4 a5a4 b5a4	1271	01191o1t
tVy8t	r2qk1nr/ppp3pp/2nbpp2/3pN3/3P1B2/3PP3/PP3PPP/RN1QK2R w KQkq - 0 8	d1h5 g7g6 e5g6 h7g6 h5h8	1271	01101c1g1t
uZzb1	5rk1/pp3npp/4Q3/5p2/2B2P2/6qr/PPP5/3R1K2 w - - 0 27	e6f7 f8f7 d1d8	1271	1315191g1n1o
ufrEh	3r4/1p2ppk1/p5p1/7p/2Pb1P2/1P2B3/P3KP2/1R6 w - - 3 26	b1d1 d4e3 d1d8	1271	010p1o
v6b7b	r2qk1nr/p4ppp/np1bp3/3p4/3P4/2P2N2/PP3PPP/RNBQ1RK1 w kq - 1 9	d1a4 d8d7 a4a6	1271	010s1c1o
vKr4r	3r3k/6p1/7p/8/4q3/1PRp2P1/3Q1P1P/6K1 b - - 0 41	e4e2 d2e2 d3e2 c3e3 d8d1	1271	000g0p1011
w2AA9	rnbqkb1r/pp3pp1/4p3/2p1P2P/4n3/3P4/PPP1B2P/RNBQK1NR b KQkq - 0 8	d8h4 e1f1 h4f2	1271	13151c1o
w6sD2	4r2k/p5pp/5rq1/4Qb2/8/4BBP1/PP2PP2/1R1R2K1 b - - 0 22	e8e5 d1d8 e5e8 d8e8 g6e8	1271	010t1019
wNlgo	rn4R1/pp3p2/2p4p/4q2k/NP4r1/1R6/P1P3PP/6K1 w - - 0 28	b3h3 g4h4 g2g4	1271	1315191o
waveq	2r3r1/pp3p1k/5R1p/P7/1P1Np3/2q1P1Q1/6PP/6K1 w - - 1 29	f6f7 h7h8 g3e5 g8g7 e5g7	1271	0p101316
x5uCg	6k1/pq5p/2N1p3/5pnP/1p1Q2p1/1P2P1P1/P4P2/5K2 w - - 2 33	d4d8 g8g7 d8g5	1271	0g0p0s111o
xJfQp	2r1kb1r/pp1q2p1/2np1n1p/3Np1N1/4P3/8/PP3PPP/R1BQ1RK1 w k - 0 13	d5f6 g7f6 d1h5 e8e7 h5f7	1271	0g0r10111c
xKUcy	4rbk1/1p2qpp1/p6p/2pr1Pn1/2N5/1P3QPP/PB2R1K1/2R5 w - - 2 29	e2e7 g5f3 e7e8	1271	0g11191o
xfbFE	r2q3k/pp4pp/3bB1n1/3p4/3Pp3/2NnP3/PP3r2/R2Q2KR w - - 0 19	h1h7 h8h7 d1h5	1271	050y111315191n1o
xmR7X	5k2/2p1b3/ppb1Ppp1/2pN3p/4KP2/P7/1PP1N1PP/8 b - - 0 27	f6f5 e4e5 e7d6 e5f6 c6d5	1271	0g0i0p101g
xpyeM	8/5p1p/4pkp1/8/5N2/5nP1/2R3KP/3r1B2 b - - 9 52	f3e1 g2f2 e1c2	1271	0g0p0s1o
yI2aN	r4b2/p7/kpQPp3/2p1q1B1/2K5/8/PPP2P1P/RN6 b - - 0 23	e5d4 c4b3 d4b4	1271	1315191o
yLZjt	5rk1/R4Rp1/7p/p3P3/5Q2/3q1N1P/5rP1/7K b - - 0 34	d3f1 h1h2 f1g2	1271	1315191o
yiknt	4r2r/1pp2kp1/p2p1p1p/2b5/2P1bP2/1P1PP3/PB3KPP/2R1N2R b - - 0 19	c5e3 f2e3 e4g2 e3f2 g2h1	1271	010i0j0k1019
0CWTj	3Rr2k/6pp/p1q3r1/5p2/1Q2bR2/P3P3/6PP/6K1 w - - 2 35	b4f8 e8f8 d8f8	1272	061315191n1o1y
15hx6	8/6p1/4kp2/pp1p1pPP/2pP1P2/P1P5/2P5/2K5 b - - 18 51	f6g5 f4g5 f5f4	1272	0g0h0p111e1o
1Lh8l	3r3k/8/3p4/2bP1p1q/1pP1p3/pP3PR1/P5QP/5K2 w - - 2 44	g3h3 h5h3 g2h3	1272	0g0p1g1o
28NAE	rn4k1/pp4b1/2p1Nr2/5p2/2Pq4/1P2R1B1/P1Q2PP1/6KR b - - 0 23	d4a1 g1h2 f6h6 g3h4 h6h4	1272	0g0y10111219
2PBSH	4r2k/3q2p1/2p1R2p/8/1ppP2Q1/4PP2/1P4P1/2K5 w - - 1 29	e6h6 g7h6 g4d7	1272	0g0j0p1o
5y6lL	6k1/p1R1Qrpp/4p2r/5pn1/2PP3q/2P2P2/P5P1/5RK1 w - - 7 29	c7c8 f7f8 c8f8	1272	0y1315191o
6cHHK	8/pQ6/2pk1r2/2bp1pq1/5N2/P3r1P1/2P4P/1R4K1 w - - 2 32	b7b8 d6e7 b1b7	1272	1315191o
7Jj4u	8/8/4Qppk/4p1p1/p2P2KP/R1P3P1/P4r2/8 b - - 0 39	f6f5 e6f5 g6f5 g4h3 g5g4	1272	0p1013161j
7maGf	8/8/6p1/p2q2k1/P1pN2r1/2P2RP1/6K1/4R3 w - - 1 41	d4e6 g5h6 e1h1	1272	0g0p1o
82M0T	1r1q2rk/4pp1p/3p4/2p3Q1/4p3/3P2P1/1P3PK1/R6R w - - 4 24	h1h7 h8h7 a1h1	1272	050p1113151n1o
82bhk	1k1q3r/pp4p1/8/8/3p4/1P2b3/P3Q1PN/3R1R1K b - - 0 23	h8h2 h1h2 d8h4	1272	05111315191n1o
8g2ug	8/kp2r3/p4p2/2N5/3n1q1p/7P/5P2/1R3Q1K w - - 2 35	b1b7 e7b7 f1a6 a7b8 a6b7	1272	050p1013161n
98Q1u	3r2k1/1QN2pp1/4p2p/P3P1q1/8/3r2B1/5PPP/R1R3K1 b - - 0 34	g5c1 a1c1 d3d1 c1d1 d8d1	1272	06101316191n
AkGDM	8/1R1bk2p/4p3/1P1pK3/N5P1/7P/1Pr5/8 b - - 2 32	c2e2 e5d4 e2e4 d4c3 e4a4	1272	010p101p
BFh9u	7R/kp6/pbp5/8/3P3n/2P4P/PP1R2PK/5r2 b - - 11 34	b6c7 g2g3 h4f3 h2g2 f3d2	1272	0g0p0s10
BHuGq	r2n1rk1/1p3ppp/p1p5/P3pq2/1PB1n2N/1QP5/1B3PPP/3RR1K1 b - - 0 18	f5f2 g1h1 f2h4	1272	010s191o
BnJRd	r2qrnk1/pbp2p2/1p2pb1Q/6N1/3P4/2NB4/PPP3PP/3R2K1 w - - 0 16	d3h7 f8h7 h6h7 g8f8 h7f7	1272	0y10131619
Br36q	r5k1/pb4pp/1p1p1r2/4p3/2P1Pp2/P1Q2Pn1/1PBR2PK/R3B3 b - - 0 22	f6h6 h2g1 h6h1 g1f2 h1f1	1272	0u10131619
BrVX1	5k2/3r1p2/1p2RQp1/p5Kp/2pP1P2/P1P2qP1/1P5P/8 b - - 0 41	f3g4 g5h6 g4e6 f6e6 f7e6	1272	0g0p10
CbkE1	r3r1k1/p3ppbp/2p2np1/5b2/Q1Bq4/2N5/PP3PPP/R1B1R1K1 w - - 0 14	c4f7 g8f7 a4d4	1272	0g0j0y191o
DKRFn	8/8/6pp/4k3/6P1/4K2P/1r1R4/8 b - - 0 50	b2d2 e3d2 e5f4	1272	0g0p1m1o
DbOM9	5k2/p4pp1/7p/5N2/2p5/4Q2P/q5P1/7K b - - 3 38	a2b1 e3g1 b1f5	1272	0g0p0s1o
DgWD1	rk6/3P1N2/8/1Pp1pP2/2P2b1r/6pP/4Q1P1/6K1 b - - 0 37	a8a1 e2f1 f4e3 g1h1 a1f1	1272	0p1013161g
DrCCV	r6r/1pp2pk1/1q1pb1p1/8/6PQ/p1P4R/2P4P/2K2R2 w - - 2 32	h4f6 g7g8 f6h8	1272	1315191o
DxmgI	6k1/R7/1p5p/5K2/5PP1/1r5P/p7/8 b - - 1 41	b3b5 f5g6 b5a5	1272	0g0p11121m1o
ENu6D	r1kbr3/1p4pp/pQn2nb1/5q2/8/6B1/PP3PPP/3RR1K1 w - - 6 24	d1d8 e8d8 b6c7	1272	1315191k1n1o
Eq7hw	r1bqr1k1/bpp2ppp/p4n2/4n3/P4B2/6P1/1P2NPBP/RN1Q1RK1 w - - 2 13	d1d8 e8d8 f4e5	1272	011c1o
HMtPn	8/p3kppp/1p1Np3/4P3/Q1P1r3/7K/P6P/6r1 b - - 3 33	e4e3 h3h4 g7g5 h4h5 e3h3	1272	0p0r101316
I8QMr	8/P1n5/3k4/8/1P6/N4pp1/8/6K1 w - - 1 64	a3b5 c7b5 a7a8q	1272	00010i0p0z1h1o
ItB3R	4rk2/5p1r/p7/1p1p4/1P3Pp1/B1P3P1/P2P1Q1q/R2K1R2 b - - 3 30	h2f2 f1f2 h7h1 d1c2 h1a1	1272	0d0g10191p
J1Ivw	4n2k/pp2P2p/4Q1b1/5P2/6R1/8/1q5K/8 w - - 3 58	g4g2 b2d4 f5g6	1272	0g0h0p1o
JI4em	3r4/4k1p1/5p2/4nP1p/4Q3/1P5P/P1q3P1/B3R2K b - - 0 33	c2e4 e1e4 d8d1 h1h2 d1a1	1272	010p0s10
JgTGb	r1b2k1r/1p2q3/p1n2pB1/3p4/K4R2/2P2R2/PPQN2P1/8 b - - 1 30	b7b5 a4b3 c6a5	1272	1315191o
K6qAp	r1b5/ppp3pk/1b4qp/n2Pp2Q/2n1N3/4B3/PP3PPP/R4RK1 w - - 8 20	e4g5 g6g5 e3g5	1272	0g191g1o
Kk43Y	5r2/pp4kp/7p/4P3/6P1/8/P1qQ3P/3R3K b - - 0 23	f8f1 d1f1 c2d2	1272	010i0p1o
KtmQj	5rk1/6p1/5q1p/2R1Q3/p7/r1P5/5PPP/5RK1 b - - 1 28	f6f2 f1f2 a3a1 e5e1 a1e1 f2f1 f8f1	1272	0p13171n1w
LJ0FB	8/r1q3pk/3R1p1p/1P2p3/pQ2P1PP/P5K1/8/8 w - - 11 47	b5b6 c7c1 b6a7	1272	000g0p0s1o
LYRAU	6rk/5ppq/r3p2Q/p2p2R1/5P2/2p3RP/1P4P1/6K1 w - - 1 31	h6h7 h8h7 g5h5	1272	050p13151o
MZ2KT	3r1rk1/pp3ppp/4b3/2q1Pp2/5P2/1PP5/P4QPP/RN2K2R b KQ - 1 16	d8d1 e1d1 c5f2	1272	0g0i191o
OaRvy	1k3r2/pp5R/1q6/3pP1p1/B2Pn3/8/PPQ4P/R5K1 b - - 0 29	b6d4 g1g2 f8f2 g2h1 f2c2	1272	010s1019
Og5tH	2r5/1b3pk1/p3pqpp/1p1p4/1P1P1NQP/P2B4/5PP1/6K1 w - - 0 30	f4h5 g7f8 h5f6	1272	0g0p1g1o
PQVuv	5kr1/4b2p/pq1p1p2/1pr1pP2/3n3Q/P2BN2P/1PP2PP1/2R2RK1 b - - 1 21	d4f3 g1h1 f3h4	1272	0g0y191g1o
PYLSX	r4rk1/p4q2/2pR4/2P1p1b1/2Q1P1p1/P4p2/5P1B/R6K w - - 5 35	d6g6 g8h7 c4f7 f8f7 g6g5	1272	0g0i0r10191g
SH7jY	6r1/p4p1k/1q2pBp1/3p2QP/P4P2/8/1Pr4P/5R1K w - - 3 27	h5g6 g8g6 g5h5 g6h6 h5f7	1272	0p101316
Trpn4	r1bqr1k1/pppnppbp/3p1np1/8/3P1B2/2PBPN1P/PP3PP1/RN1Q1RK1 b - - 0 8	e7e5 f4g3 e5e4 d3c2 e4f3	1272	010s101c
UbCLT	r4k1r/2p3bp/p4np1/8/2Q5/4B3/P4PqP/3RK2R w K - 1 25	e3c5 f8e8 c4e6	1272	1315191o
Uluhv	2kr1b1r/pp1n2p1/2p1Q2p/8/Nq2pB2/5bP1/PP3P1P/2R1R1K1 w - - 3 20	c1c6 b7c6 e6c6	1272	1315191k1n1o
Uwyk8	r5k1/2PK1p2/3Bp2p/4P3/5n2/3p4/6p1/1R6 w - - 1 62	b1b8 g8h7 b8a8 g2g1q c7c8q	1272	00010p101h
VUxQz	8/8/p7/P2K4/8/1k6/8/8 w - - 0 53	d5c5 b3a4 c5b6 a4b4 b6a6 b4c5 a6b7	1272	0g0p1e1w
VWO9F	6rk/4Qp2/pp1P4/2pP4/P1P1B3/2N4b/1P4PK/5q2 b - - 3 32	g8g2 e4g2 f1g2	1272	0p111213151o
WJ9SD	2kr4/ppp2p1p/3b4/7B/4pN2/4P1r1/PPP5/R4R1K b - - 1 26	d6f4 f1f4 g3h3 h1g2 h3h5	1272	010r0s1019
WKILc	r3k2r/ppp1n1p1/2n3qp/2B1pp2/6B1/3P1Q2/PPP2PP1/R4RK1 w kq - 0 17	g4h5 g6h5 f3h5	1272	0g191g1o
Wmk27	8/5p2/B3k3/4p3/1pK5/1P3bP1/2P5/8 b - - 1 39	f3e2 c4b4 e2a6	1272	01080p1o1p
YWPo1	2r2rk1/1pqnppbp/p2p2p1/8/3nPP2/P2BB3/1PPQN1PP/2KR3R b - - 2 16	d4b3 c1b1 b3d2	1272	0g191g1k1o
ZwHj6	5k2/pb3ppQ/1p2p2p/4P1q1/4B3/7P/PP3PP1/2rR2K1 w - - 1 24	h7h8 f8e7 h8d8	1272	0p1113151o
ZyE3Y	rnb1k2r/ppp2ppp/4pq2/3p4/1BPPn3/4PP2/PP4PP/R2QKBNR b KQkq - 0 8	f6h4 g2g3 e4g3 h2g3 h4h1	1272	01101c1t
bJjr5	4r3/Qq2kp1p/3r1p2/3b4/4p2P/4P1PB/PP3P1K/2R5 w - - 1 29	c1c7 e7f8 c7b7	1272	0g0s191o
bUaCF	5rk1/ppp3rp/2p4p/4P3/7P/8/P3QPb1/3R1RK1 b - - 0 24	g2f3 g1h2 f3e2	1272	0g0j0k0p1o
bXyOz	r3k2r/ppp2ppp/n3bn2/q3Q3/5B2/P1N5/1PP1NKPP/3R1B1R b kq - 0 11	f6g4 f2g1 g4e5	1272	0g0s191o
cZPB1	8/4Nk2/p6p/3R1ppP/n7/2P5/PP3r2/1K6 w - - 6 37	d5f5 f2f5 e7f5 f7e6 f5h6	1272	0g0p10
cm3FN	3r4/5pk1/p1p3q1/1p3p2/6b1/1PN5/PKP4Q/7R w - - 2 33	h2e5 g6f6 h1h7 g7h7 e5f6	1272	010d0i0p10
dEfyg	3r1rk1/pp4pp/3nbp2/q1p1N3/2P5/P1PB4/2Q2PPP/2R1K2R w K - 0 18	d3h7 g8h8 e5g6 h8h7 g6f8 h7g8 f8e6	1272	0g0k0m0s191w
dkQEM	r4bk1/1bq2p2/p4PNp/1p2p3/1P1r4/P2Q3P/2B2PP1/R5K1 w - - 0 29	g6e7 f8e7 d3h7 g8f8 h7h8	1272	0d0y101316191n
dkcKk	1r4k1/4q1p1/2p1P3/p5n1/7Q/2BR4/PPP3PP/6K1 b - - 4 33	g5f3 d3f3 e7h4	1272	010j0p1o
eDMfy	r2kr3/pp1b1p1p/3Q1p2/6R1/8/8/PPq2PPP/4R1K1 w - - 0 19	e1e8 d8e8 g5g8	1272	051315191g1o
eOQ64	r1bqk2r/ppp2ppp/3p1n2/8/3bPP2/8/PP1N2PP/R1BQKB1R w KQkq - 0 9	d1a4 c8d7 a4d4	1272	010s1c1o
edTtk	8/p5q1/1p2kp2/3p3p/1B1PnR2/4P2P/r5PK/5Q2 w - - 0 40	f4e4 d5e4 f1c4	1272	0g0p1n1o
ekVGa	k2r4/1b5r/pP6/4p3/P7/2PqQ1P1/7P/R4RK1 w - - 0 30	e3d3 d8d3 f1f8 b7c8 f8c8	1272	010r1019
fsRpD	r4rk1/1bB2pp1/7p/pP2p3/P2p1q2/3QnPN1/5KPP/2R2B1R b - - 4 23	e3g4 f2g1 f4c1	1272	0g0j191g1o
g0m01	2k4r/pppr1p1p/5R2/2b5/4P3/3P4/PPP3PP/RN5K b - - 0 16	c5d4 f6f1 d4b2 b1d2 b2a1	1272	010p101t
g2HJY	2k2r1r/1pp1b1p1/p1q2n2/3pBQ1p/8/1NP1P2P/PP3PP1/R4RK1 b - - 6 16	f6d7 f5c2 d7e5	1272	010h191o
g8ZMZ	3q1r1k/3bR1pp/3Q1p2/pr1B4/2P5/1P3P2/P5PP/5K1R b - - 2 32	b5d5 d6d5 d8e7	1272	010i191o
gBgBs	rnb1k2r/1p3ppp/p3pn2/8/3qP3/2NB4/PP3PPP/R2QK2R w KQkq - 0 12	d3b5 a6b5 d1d4	1272	010j1c1o
geba5	r4rk1/pppn1ppp/1b1p4/4pP2/2P1P1Qq/3P4/PP1B1P1P/RN2K1R1 b Q - 4 15	h4f2 e1d1 f2g1 g4g1 b6g1	1272	040g1019
hd0Iv	2k5/ppp3pp/2p5/5PB1/6n1/2br4/PP4PP/4R2K w - - 0 21	e1e8 c8d7 e8d8	1272	0p13151d1k1o
hiSMr	8/1p2k1p1/1p5p/2p5/1n6/2PBP1P1/PP2K2P/RN5r b - - 0 25	h1h2 e2f3 b4d3	1272	010i0p1o
ij2eo	6rk/p5qp/5Qp1/3rR3/2p5/P4p1P/5P1K/6R1 w - - 2 36	f6g7 h8g7 e5d5	1272	0g0p111o
isQ08	3r1rk1/pp3p1p/2pq2pQ/2n5/2B2RP1/7P/PPP5/2KN1R2 b - - 8 26	d6d2 c1b1 d2d1 f1d1 d8d1	1272	060i10131619
j8Lhi	6k1/2p2ppp/p5r1/1p1q4/1P1PrB2/P1p1PQ1P/5P2/2R2KR1 b - - 3 38	d5c4 f3e2 g6g1 f1g1 c4e2	1272	0g1019
jh2l2	1r4k1/7R/2p1r1p1/5pQ1/p1b2q2/1P3P2/2P1nP2/1K5R w - - 5 37	h7h8 g8f7 h1h7	1272	1315191o
kaorP	r1b1qrk1/p1p1b1pp/1p1p4/4Pp2/5P2/1PN4P/1PP3P1/R1BQ1RK1 w - - 0 15	d1d5 c8e6 d5e6	1272	0g0s191o
lOGNI	r5k1/2b2ppp/1p1q4/p1p5/3p4/5QPP/PPPBrP2/4R1K1 w - - 0 22	f3a8 d6d8 a8d8 c7d8 e1e2	1272	0g0t1019
lqBXe	N1bk3r/pp1p1ppp/4p3/4P3/5P1q/3B2n1/PPPQ3P/R3K1NR b KQ - 0 12	g3e4 e1d1 e4d2	1272	010j0k191o
mRQdO	6k1/1R1Q1pb1/3p2p1/7p/7q/5P2/P2P2P1/4rBK1 w - - 2 31	d7f7 g8h8 f7g7	1272	0p13151o
n1WwA	3R4/1p3kp1/p1q2p1p/4r3/P5Q1/7P/1P3PP1/6K1 b - - 7 31	e5e1 g1h2 c6c7 g4g3 c7d8	1272	010p0s10
n4O1F	7r/ppp4r/2q1kpBB/4pnP1/8/2NPb2P/PPPQ3K/R7 w - - 2 25	g6f5 e6f5 d2e3	1272	0g191o
nLzmr	8/8/3k1p2/2p4P/P1P2p2/1P3K2/3b4/8 w - - 0 53	h5h6 f6f5 h6h7 d2c3 f3f4	1272	00080g0p10
nev3b	r2qk2r/8/3bPp1p/p7/1p1nP3/8/PPP2PPP/R2Q1RK1 w kq - 0 20	d1h5 e8f8 h5f7	1272	1315191o
nithf	8/5pkp/1n2p1p1/1b1pP3/pNqP4/P4BP1/2PQ1PK1/8 b - - 9 43	c4f1 g2h2 b6c4 d2f4 f1f2	1272	0g0p1011
oEtzM	8/2rk1p1p/6p1/4K3/6P1/7P/2R5/8 w - - 0 38	c2c7 d7c7 e5f6	1272	0g0p1m1o
oOxkd	3brq1k/pp2Np2/2p2Pp1/7p/3P3Q/2P4R/P3r1PP/R6K w - - 0 30	h4h5 g6h5 h3h5 f8h6 h5h6	1272	0r0y101316191n
oWPV3	Qnb1k1nr/2p1qp2/pp1pp3/4P3/2PP4/1B2b1N1/PP1N2PP/R1B2R1K b k - 2 16	h8h2 h1h2 e7h4	1272	050y13151c1n1o
pLFyY	7r/2k4p/ppp1R2R/8/PPKP4/5rP1/8/8 b - - 2 56	b6b5 a4b5 a6b5 c4c5 f3c3	1272	0p1013161m
pktGW	4r1k1/R4ppp/8/7Q/8/2r5/P4PPP/2q2RK1 b - - 0 26	c1f1 g1f1 c3c1 h5d1 c1d1	1272	050p1013161n
qOq6B	r1bqk2r/1p2b1pp/p1n1p3/2ppN2n/5P2/2P5/PP1P2PP/RNBQ1RK1 w kq - 0 11	d1h5 g7g6 e5g6 h7g6 h5h8	1272	01101c
qkbJY	3Rrq1k/4Q1pp/Pp4b1/2p5/7P/6P1/8/6K1 w - - 8 42	e7f8 e8f8 d8f8	1272	060p13151o1y
qqj3Z	r2q2k1/pp3pp1/2p2r2/3p4/3Pn3/2PQ1N1P/PP3P1B/1R2RK2 b - - 3 23	f6f3 d3f3 e4d2 f1e2 d2f3	1272	01050s10191n
rjaXk	2r1kr2/pp1b2pp/4p1p1/2Npq3/1P6/P4Q2/5PPP/R4RK1 w - - 2 20	f3f8 e8f8 c5d7 f8e7 d7e5	1272	050g0r0s1019
sIKCf	r4rk1/1p1b1ppp/p3p3/3n4/P2R4/2q2NP1/2Q1PPBP/5RK1 w - - 5 20	c2c3 d5c3 d4d7	1272	01191o
sIU61	r1b1kbnr/1p1p1ppp/p3p3/1N6/4q3/2B5/P1P1BPPP/R2QK2R w KQkq - 0 13	b5c7 e8d8 c7a8	1272	0g0s1c1o
uuFuJ	r1b1r1k1/pp1nq1pp/2p5/5p2/3p4/3P1BP1/PPP1QP1P/2K1R1NR b - - 3 14	e7g5 c1b1 e8e2	1272	0g0j191o
v28pX	2kr4/pp4Q1/2p2P1p/8/8/2N3KP/PPP5/4r3 b - - 0 28	e1g1 g3f3 g1g7	1272	010p1o1p
ybvsj	r3nrk1/2q1p1b1/1pp3QB/3p4/3P4/6N1/PP3PPP/R4RK1 b - - 4 21	f8f6 g6g4 f6h6	1272	01191o1p
zAHlg	4r3/p5pk/2P3qp/7r/3Q1p2/P7/4pBPP/2R3RK b - - 0 39	h5h2 h1h2 g6h5 f2h4 h5h4	1272	05101316191n
zD29h	3r2kr/1p1Q1pp1/p4b2/3R3p/8/5PPK/PPq4P/4R3 w - - 5 29	e1e8 d8e8 d7e8 g8h7 d5h5	1272	0g0v1019
0Snoe	r5k1/p2bQ1pp/2p5/1p1p4/3P2q1/3B4/PP5P/1K3R2 w - - 2 22	e7f7 g8h8 f7f8 a8f8 f1f8	1273	0p1013161n
0vFqk	8/5pp1/1R6/4k1n1/6P1/r4PK1/2B5/8 w - - 7 59	b6b5 e5f6 b5f5 f6e6 f5g5	1273	010i0p10
255QP	2q1r1k1/3n1p1p/1p4p1/3Q4/1P1P4/P1N4P/5PP1/4RK2 b - - 6 32	e8e1 f1e1 c8c3	1273	01050p1o
2B9zm	r5k1/pp5p/2pp2r1/3PN3/2P1Q2q/2N4P/PP5K/R4R2 b - - 0 24	h4g3 h2h1 g3h3	1273	0i1315191o
3wYhB	r2r2k1/p4p1p/5q2/2pN2p1/2Qb4/1P4P1/2P2P1P/1R2R1K1 b - - 1 22	f6f2 g1h1 f2f3	1273	0y1315191o
4awsa	4rrk1/5p1p/b2p3P/p1pn2pN/1p2P3/4Q1KR/P5P1/5q2 w - - 0 31	e3g5 g8h8 g5g7	1273	0s1315191o
5Kt7A	6k1/8/R7/4N1n1/1r4Pp/8/7K/8 w - - 1 49	a6g6 g8f8 g6g5	1273	0g0p0s1o
7j0br	8/p7/6p1/3k1p2/8/5K1P/P5P1/8 w - - 2 50	f3f4 d5e6 f4g5	1273	0g0p1e1o
8HPhF	r5k1/p3pp1p/1p4p1/4q3/P3p3/1Q1r2P1/5P1P/2R1R1K1 w - - 1 23	b3d3 e4d3 e1e5	1273	010p1o
8MKm1	r5k1/1p1b2pp/1q2p3/p2pn3/3b4/PQ2B3/1P2BKPP/2R2N2 w - - 0 20	b3b6 d4b6 e3b6	1273	01191o1y
8Ugjy	r1b1kb1r/ppqn1n1p/2p1pp2/3p1N2/3P1P2/2NB4/PPP1QPPP/R3K2R w KQkq - 2 11	e2e6 e8d8 e6f7	1273	010i191o
9jIF8	r2q3N/ppp3pk/2nb3p/3Q4/8/8/PPPP1PPP/RNB2RK1 b - - 0 14	d6h2 g1h2 d8d5	1273	010j0y191o
9zh6d	r2q3r/pb2k1pp/1p1bP3/1Q6/3pn3/8/PPPP2PP/RNB2RK1 w - - 3 15	f1f7 e7e6 b5f5	1273	1315191o1u
AClHz	1k3q2/pp1r4/1P1b2p1/3N1p1p/2Q5/4P2P/K1P2PP1/8 w - - 1 38	b6a7 b8a7 c4a4 a7b8 a4d7	1273	0001050p0s10
APuZt	2bqkbnr/r3p2p/p4pp1/1pn1p3/7N/1BN5/PB3PPP/R2Q1RK1 w k - 4 14	b3f7 e8f7 d1d8	1273	0g0i1c1o
AwNkN	2r5/4P3/7R/1pBkp1p1/p1pn1p2/5P2/6P1/1K6 w - - 10 49	h6d6 d5c5 d6d8 c8d8 e7d8q	1273	00010p101h1n
BLAT1	Nn1k1b1r/pp2pppp/2pq1n2/5b2/8/P4PP1/2PP3P/R1BQKBNR b KQ - 0 10	d6e5 g1e2 e5a1	1273	010s1c1o
BTufz	6k1/p2n1ppp/1p3n2/2p1r3/2P5/B2Q1qP1/P4P1P/R2R2K1 b - - 2 20	e5e1 d1e1 f3d3	1273	0g0i191o
CZnU0	1R4Br/7P/8/8/1p3p2/8/2kbK3/8 w - - 4 57	g8b3 c2b3 b8h8	1273	0g0j0p1o
DAyyz	3k4/2R5/p7/1p2P1N1/1P1P2p1/P2BKbn1/7q/8 w - - 9 37	g5e6 d8e8 d3g6	1273	0p13151o
DHYi6	2q1r2k/p5p1/2P4p/8/3B4/P3Q3/5P2/5K2 w - - 12 40	e3h6 h8g8 h6g7	1273	0p13151g1o
E2gi1	5rk1/7p/p3p3/1p6/3p1Bn1/P5P1/NP2K1Bq/R2QR3 b - - 4 30	h2g2 e2d3 g4f2	1273	0g0t191o
EmzJ4	r1b3k1/pp2qppp/2p5/2n1r1P1/3RP3/2N2Q1P/PPP3B1/2K2R2 w - - 1 21	d4d8 e7d8 f3f7 g8h8 f7f8 d8f8 f1f8	1273	060i1317191n1w
F43iG	6k1/B4p1p/b5p1/4n3/4B2P/4P1P1/2R2PK1/1r6 b - - 2 32	a6f1 g2h1 f1d3	1273	0g0j0k0p1o
G388E	3R4/7P/6K1/8/pkn5/8/1b6/8 w - - 2 47	d8b8 b4a3 b8b2	1273	0g0p1o
GSvLx	5r2/rN4Rp/Pkp2q2/3p4/3Pp3/4P3/4K3/6R1 w - - 16 49	g1b1 b6a6 b7c5 a6a5 g7a7	1273	0i0j0p101316
GrjqW	r5k1/p1p1rppp/bp2p3/4P1q1/3P1n2/P4B2/1PRN1PPP/3QR1K1 b - - 0 19	f4h3 g1h1 h3f2	1273	0g0i0y191g1o
H5nTS	6k1/1R3Rp1/6Q1/P1q2p2/8/4p3/6P1/5K2 b - - 0 57	c5c1 f1e2 c1d2 e2f3 d2f2	1273	0p101316
IXJri	rnbqkbnr/ppp2p2/3pp2p/6BQ/2BPP3/8/PPP2PPP/RN2K1NR b KQkq - 0 5	d8g5 h5g5 h6g5	1273	011c1o
J89TF	8/1b1k1p2/4pQ2/2p4B/1p6/1P3PP1/P1q1n1KP/5R2 b - - 0 35	e2f4 g2g1 c2g2	1273	0k0m0p13151o
JIzMD	8/1n2k3/b2p3p/Np1Pp1pP/1P2PpP1/2PK1P2/8/8 w - - 9 40	a5c6 e7d7 c6b8 d7c7 b8a6 c7b6 a6b8	1273	0g0h0p0s1w
JQgsk	r2qkb1r/pb1p1pp1/2p2n1p/4N3/2B1P3/8/PPP2PPP/R1BQK2R b KQkq - 0 9	d8a5 c2c3 a5e5	1273	010s1c1o
JRzRq	6q1/pR3p2/3p2r1/3Qpk2/2p5/K1P5/PP6/8 w - - 14 45	b7f7 g8f7 d5f7	1273	010p1o
JaLU0	4rr2/ppp4k/1n4pp/5p2/3B1P2/2P5/PP2p2Q/1q1BKR2 w - - 0 32	h2h6 h7h6 f1h1	1273	051315191f1n1o
KcmRG	8/2b2k1p/2P1p3/5r2/1B1P2Qq/7P/P1P3P1/R5K1 b - - 0 31	h4f2 g1h1 f2f1 a1f1 f5f1	1273	0p1013161f1n
Kueij	b1qk1r2/p3b1pp/1p1n4/3BR1P1/3p2Q1/5P2/P1P2K1P/7R w - - 10 28	g4c8 d6c8 d5a8	1273	0111191o
M8qv7	5r1k/pp4n1/8/3Q3q/6R1/3P4/PP3PP1/6K1 w - - 0 37	d5h5 g7h5 g4h4	1273	0g0p111g1o
M9vLu	8/8/p7/1p4pK/1P3k1p/P2Rr2P/8/8 w - - 22 62	d3e3 f4e3 h5g5	1273	0g0p1m1o
MLptz	3r1rk1/pp1Q1ppn/2p5/8/1q6/1N6/PK3PPP/3RR3 w - - 1 20	d7d8 f8d8 d1d8 h7f8 e1e8	1273	011019
MU9Eo	r4rk1/ppp2p2/2np3p/2bN4/2B1P3/6qb/PP1Q1PP1/R3R1K1 w - - 2 16	d5f6 g8g7 f6h5 g7h7 h5g3	1273	0g0s1019
MVYWF	6rk/1Q4p1/6Rp/P1bN4/2p1nP1P/6P1/1P3qBK/8 b - - 0 36	f2g1 h2h3 e4f2	1273	1315191o
NHBmv	7R/p4N1p/2b3p1/7k/P7/2P4r/8/5K2 w - - 0 38	h8h7 h5g4 f7e5 g4f5 h7h3	1273	010i0p0s10
O4yfC	7k/6p1/p1b2q1p/3p4/6R1/1P1Q3P/5PP1/R4K2 b - - 0 37	f6a1 f1e2 c6b5	1273	0g0p1g1o
OP1wm	2r3k1/bp3ppp/4qn2/3Nn3/1P2P3/4PB2/3r1PPP/1QR2RK1 w - - 1 20	c1c8 e6c8 d5e7 g8h8 e7c8	1273	050g0s1019
OkPSG	r2q1rk1/2p3pn/p1np1b1p/1p6/4PB2/1PN4P/1PPQ2PN/R4RK1 w - - 1 18	d2d5 f8f7 d5c6 f6d4 g1h1	1273	0g0h0s1019
Oz5le	r3r1k1/ppb2ppp/2nq4/4n3/1PP5/P1B1N2P/4NPP1/R2Q1RK1 b - - 4 18	e5f3 g2f3 d6h2	1273	0d0y1315191n1o
PaJTw	r2q1k2/pp2prb1/2p4Q/5b2/2Pp4/2N1n3/PP2B3/2K3RR w - - 6 23	h6h8 g7h8 h1h8	1273	1315191n1o
PdrgM	8/6pk/p4q1p/Pp3P2/1PpQ2P1/2P4P/6K1/8 b - - 4 39	f6d4 c3d4 c4c3 g2f3 c3c2	1273	000g0p101i
R6WLL	7k/1p4p1/8/P1B4p/1PQ2K1P/7r/3r3P/8 b - - 0 38	h3h4 f4e3 h4c4	1273	010p1o1p
RWMa6	2r2qk1/1b1n2pp/5n2/1N6/2p5/1P4Q1/B1PB2PP/4R1K1 b - - 0 24	f8c5 g3f2 c5b5	1273	010s191o
RvMnx	8/p5p1/Pp2k2p/1P6/2Pp1R2/3P2b1/3QK3/6r1 b - - 0 45	g1g2 e2f3 g2d2 f3g3 d2d3	1273	0g0p101p
SMFES	4r1k1/5p2/6p1/6q1/3Q3p/5P1P/R5P1/6K1 b - - 3 46	e8e1 g1f2 g5g3	1273	0p0x13151o
T10zl	7k/7p/p2p4/5pbP/N1P1R3/3rP3/4K3/8 w - - 0 50	e4e8 h8g7 e2d3	1273	0g0p1o
UQmsA	5r2/2q2pk1/p4np1/1p4Qp/1P6/2P4B/P5PP/3r1R1K w - - 0 35	g5f6 g7g8 f1d1	1273	010w11191o
USgI7	1r1q1rk1/p4pbp/6p1/3Bp3/2Pn4/P1B5/5PPP/1R1Q1RK1 b - - 1 17	b8b1 d1b1 d4e2 g1h1 e2c3	1273	0g0s1019
UvFVf	4r1k1/1p2r1p1/p6p/1qRn1p2/1P1B4/P5Q1/5PPP/5RK1 b - - 5 30	b5f1 g1f1 e7e1	1273	050y1315191n1o
VsaVb	r2qk2r/ppp2pp1/2n5/2p1p3/2B1P3/3P1QK1/PPP2P2/R1B2R2 b kq - 0 16	d8h4 g3g2 h4h2	1273	1315191o
W5web	6k1/ppp4p/3q2p1/8/2pP3Q/2P2P1P/P1P1r3/4R1K1 b - - 1 25	d6h2 g1f1 h2g2	1273	0p13151o1u
WROxl	5rk1/4rp1p/1q3BB1/p2p4/8/2P4P/6P1/R4Q1K b - - 0 36	f7g6 f6e7 f8f1	1273	010j191o
WVHwC	4rk1r/1bp3pp/1p3n2/p4Q2/8/1PP5/P1B2PPP/R1B1qNK1 w - - 1 20	c1a3 f8f7 a1e1	1273	0g0j191o
XE1j7	1k2r3/pP1r1pp1/6p1/4P3/4p3/P1Q5/1P5P/1KRq4 w - - 0 30	c3c8 e8c8 b7c8q	1273	000p13151h1o
ZdteQ	2r3k1/5pp1/4p2p/p7/8/2p1Q2P/P2q1PP1/2R3K1 w - - 2 37	e3d2 c3d2 c1c8 g8h7 c8d8	1273	0g0p10
a4dYR	4B3/5pp1/3kp2p/3n4/1P1PKPP1/7P/8/8 b - - 2 40	d5f6 e4d3 f6e8	1273	0g0p0s1o
aB22f	1b1r2k1/1p1Q1p2/pq3pp1/3p4/1P6/P5NP/5PP1/2R3K1 w - - 2 28	c1c8 d8f8 c8f8 g8f8 d7c8 f8g7 c8b8	1273	050g0p0s1g1w
aenrM	Q7/7p/6pk/3p4/2pP4/PpP1q3/1P4PP/5K2 b - - 6 47	e3c1 f1f2 c1b2	1273	0g0p1i1o
ayOJK	rn2k2r/5pb1/p2p2qp/2PPp1p1/N1P1PP2/7b/2BB1P1N/R2QR1K1 b kq - 0 21	g5f4 d1g4 h3g4	1273	0g0j0k0y191o
b8YiS	6k1/p5p1/6P1/1p3Q2/3q1P2/P1p2P2/1P6/2K5 b - - 0 41	d4d2 c1b1 d2b2	1273	0p13151i1o
cP20V	6k1/6p1/4b2p/5P1P/P6q/2NQ1P2/3PK3/8 b - - 2 50	e6c4 d3c4 h4c4	1273	010p1g1o
cnRBf	1r3rk1/p3ppbp/b2p2p1/q7/2nBP3/2P1N1PP/P2Q1PB1/R3R1K1 w - - 5 20	e3c4 a6c4 d4g7 g8g7 d2d4 a5e5 d4c4	1273	01050s11191w
dGNxl	5bk1/7p/p1Q3p1/2Pn4/3P4/4P3/P6q/R1BK4 b - - 4 30	d5c3 d1e1 h2e2	1273	0p13151o
dYDjp	r1b2rk1/ppp2ppp/2n5/3qp1N1/8/3P3P/PPP1BPP1/R2QK2R b KQ - 1 10	d5g2 e2f3 g2g5	1273	0g0s191o
evvMU	8/8/1R3p2/4pk2/r4n2/5P2/3P4/5KR1 b - - 0 48	a4a1 f1f2 f4h3 f2g3 h3g1	1273	0g0p0r0s10
fA1il	1r1q2k1/6pp/3p1bn1/3Pp3/2P2p2/3Q1N1P/3B1PP1/R5K1 b - - 0 28	e5e4 d3e4 f6a1	1273	010j191o
g2xFI	rbb3k1/5ppp/p7/1p1N4/4pN2/PP2PnP1/1q3P1P/3Q1R1K w - - 0 24	d5e7 g8f8 d1d8	1273	0s1315191o
hAcfi	3r2k1/5ppp/1pB1pq2/PP2Q3/8/6P1/3r1P1P/R3R1K1 b - - 2 27	f6f2 g1h1 f2h2	1273	1315191o
hn21c	8/p7/2p2p1k/7P/4N3/1P3PR1/KP2q3/8 w - - 5 35	g3g6 h6h5 e4g3 h5g6 g3e2	1273	0g0p0r0s10
i5ZRi	8/5k2/5p2/3Np3/2P1pbR1/2r4P/3r2P1/6RK b - - 2 38	c3h3 g2h3 d2h2	1273	0p13151d1n1o
iZ51j	r7/P1p5/2N2k2/1PP2p2/5n2/8/3K4/8 w - - 1 42	b5b6 f4e6 b6b7	1273	000g0p1o
jN2X2	3rr1k1/5ppp/p7/7b/4q3/4QN1P/P4PP1/R3RK2 b - - 1 25	e4c4 f1g1 e8e3	1273	010j191o
k8X62	r1b3k1/pp6/2pb1nBQ/3p4/3q4/2N4P/PPP2PP1/4R1K1 w - - 3 20	e1e8 f6e8 h6h7 g8f8 h7f7	1273	0r0y101316191n
kC1Bm	2r4k/pp4p1/5r1p/1P3p2/8/1Q3N1P/1Pq3P1/4R2K w - - 4 40	e1e8 c8e8 b3c2	1273	010i0p1o
kcG5G	6k1/p1N2p2/5bpp/3b4/2p1p3/1P2P3/P4PPP/3N1K2 b - - 1 26	c4b3 c7d5 b3a2	1273	00010p111o
kkXxY	r5k1/pp1q2p1/3p3p/2p1p2Q/2PpPr1b/1P1P2PP/PB3P2/R4RK1 b - - 0 19	d7h3 g3f4 h4f2 f1f2 h3h5	1273	0g0j0y10191n
lnP9y	4r3/1p3pp1/p1k2n1p/2P5/1PP5/5P2/R2rB1PP/R4K2 b - - 2 27	e8e2 a2d2 e2d2	1273	0g0p1o
mDOyc	6k1/5p2/4pP1p/R5p1/P3P1Pn/1r4NP/5K2/8 b - - 0 34	b3f3 f2e2 f3g3	1273	010i0p1o
mFvkU	r2q3r/2kp1ppp/p1b1p3/1pP5/1B1Pn3/1QN1P3/5PPP/4KB1R w K - 0 19	b4a5 c7b7 a5d8	1273	01191o1p
mNIwZ	r4rk1/p3ppbp/2p3p1/q2p4/3P2b1/1P1B1N1P/PBPn1PP1/R2Q1K1R w - - 3 14	d1d2 a5d2 f3d2	1273	01191o
mpxFG	r2q1r1k/pp4p1/3b3p/3p3Q/3Bp3/3P1p1P/PP3PP1/R4RK1 w - - 0 22	h5h6 h8g8 h6g7	1273	0y1315191g1o
nRbM3	8/6rk/8/R1PQ1p2/3b3p/1P3B2/8/2qN1K2 b - - 4 43	g7g1 f1e2 c1d1	1273	1315191o
pRt8B	1rb1k2r/4bp1p/p1p1p1p1/q2pPn2/5PP1/1PN2N2/P1PB1Q1P/R4RK1 b k - 0 14	e7c5 c3a4 c5f2	1273	01191g1o
pWw3X	5k2/6bp/RBp3p1/2P2p2/P4P2/3K3P/2P3b1/8 b - - 0 38	g2f1 d3d2 f1a6	1273	0g0p1o1p
rBewB	5r2/3k4/3p1r2/5N1p/RpP1R1P1/1Pb4P/3pK3/8 w - - 0 40	e4e7 d7c6 a4a6 c6c5 e7c7	1273	0p101316
rCwrp	8/2p5/p2kb1K1/1p2Nr2/1n1P3Q/4P3/PPq2P2/8 w - - 20 46	h4d8 e6d7 d8d7	1273	0p1113151o
rMRGZ	7r/pp1rkppp/2n5/1q2P3/2Q5/5N2/PP3PPP/R1R3K1 b - - 0 21	d7d1 c1d1 b5c4	1273	010i11191o
rfhQN	8/8/4p3/4P3/2N2k2/2K4R/6rp/8 b - - 7 62	g2g3 h3g3 f4g3	1273	0g0p111o
rmiu5	r6r/1ppn1kq1/p1pbb2p/6p1/3P3Q/2N5/PPPB1PPP/R3R1K1 w - - 0 17	h4h5 g7g6 h5g6 f7g6 e1e6	1273	01050r1019
rp7ai	2Q5/p3q1kp/4p1p1/8/1P6/P3nR1P/3r2P1/6K1 w - - 0 34	c8c3 e6e5 c3d2	1273	0g0p0s1o
s0QIE	3QQ3/6pk/p7/8/3P1p1p/1P2rBqP/P5P1/2r2RK1 b - - 0 36	c1f1 g1f1 g3e1	1273	051315191o
sl77O	5Qbk/p3p2p/2pp2p1/4n3/4P3/2qB1P2/PrP1K3/R6R w - - 0 21	h1h7 h8h7 a1h1	1273	050y1315191g1n1o
srXA0	r2qk2r/1pp1nppp/p7/3P4/1b4b1/2N1BN2/PP3PPP/R2QK2R w KQkq - 1 12	d1a4 c7c6 a4b4	1273	0g0s1c1o
t8xqu	1r6/4kpp1/p3p2p/3bN3/1P3P2/8/3R2PP/6K1 w - - 1 31	d2d5 e6d5 e5c6 e7d6 c6b8	1273	010p0s101n
ujqlu	8/5p2/p4R1p/1p1k4/2pP2rr/P1P5/1PK5/5R2 w - - 2 37	f1f5 d5e4 f5e5	1273	0p1113151m1o
uwyLN	8/7Q/4k1p1/r4p2/8/1q5P/6PK/8 w - - 0 55	h7g8 e6e5 g8b3	1273	010p1o1p
v7DjD	r4n1r/ppqb2k1/2p2p1p/3p1P1Q/3P1b2/3B4/PPP3PP/R3R1K1 w - - 0 19	e1e7 g7g8 h5f7	1273	1315191o
vR6Bo	1k1r3r/pp3npp/2n1pp2/1q1pP3/Nb1P1PP1/PQ2BNKP/1P6/2R2R2 b - - 0 20	b4e1 f1e1 b5b3	1273	0g0j191o
xHmQe	8/6p1/1r2kpn1/1PKRp3/7p/7P/1P3P1B/8 b - - 5 37	b6b5 c5b5 e6d5	1273	010i0p1o
xPuac	r6k/2p1n1p1/1p1pb2p/p3p3/1R3r2/2PB3P/P1P2PPN/5RK1 w - - 0 31	b4f4 e5f4 f1e1 e6a2 e1e7	1273	011019
xXE9w	8/8/P7/2R1p3/2P2k2/2PK4/r7/8 b - - 0 44	e5e4 d3d4 a2d2	1273	0p0q13151m1o
yMYNf	rn2kb1r/pp4pb/2p1pn1p/4N3/3q2PP/3B4/PPP2P2/R1BQK2R w KQkq - 0 12	d3g6 h7g6 d1d4	1273	0e0g0j111c1o
yQy0F	6rk/1p3p1p/p1pb1p2/3p1Qr1/P2Pp3/2P1RP2/1P4PP/3B1RK1 b - - 0 24	g5g2 g1h1 g2h2	1273	0y1315191d1o
zLfbE	r3r1k1/pp4p1/1b5p/6N1/5PbN/3Bn1P1/P6P/1R2R2K w - - 0 30	d3h7 g8h8 h4g6	1273	0y1315191o
zsWyc	r1bk2nr/pp2n2p/4p3/1B2Q3/3P4/8/P2K1PPP/7q w - - 2 21	e5d6 c8d7 d6d7	1273	1315191o
zt9Mc	r1b1kb1N/pp4p1/2pp1q1p/4n3/2BQP3/8/PPP2PPP/RN2K2R b KQq - 1 12	e5f3 g2f3 f6d4	1273	0g0j1c1o
zvTlL	4rrk1/pp3ppp/8/2q2R2/4P2R/8/PPP1Q1PP/7K b - - 0 23	c5f5 e4f5 e8e2	1273	0g0p1o
13OwI	r3r1k1/p1p2p2/3q1bp1/3p1Q2/bP3P2/P3P2P/1B1P2P1/2R1K2R w K - 0 22	f5f6 d6f6 b2f6	1274	01191o
1GIhm	8/7p/2k2P2/4P3/3P2P1/2P4P/2rp4/5RK1 b - - 0 61	c2c1 f6f7 c1f1 g1f1 d2d1q	1274	00050g0p0r101h1m
1WkTU	2rk1b1r/p1p3pp/1pQp1n2/3q4/8/B1P5/P2N1PPP/R3R1K1 w - - 2 19	e1e8 f6e8 c6d5	1274	0g0i191o
2sEY6	2k3r1/pb3p1p/2q1p3/P1p4Q/6r1/4P1P1/1P3P1P/2R2RK1 w - - 2 26	c1c5 g4c4 c5c6	1274	0g191g1k1o
3WsUk	1r1qr1k1/p1pbbppp/2p2P2/3p4/B7/2N2P2/PPP1Q1PP/R1B2RK1 b - - 0 13	e7c5 g1h1 e8e2	1274	010j1c1o
3nsb0	r1q2r1k/p1p2ppp/1p1b2b1/3R2B1/4P3/1Q3PP1/PP2B2P/2R3K1 w - - 3 21	d5d6 c7d6 c1c8	1274	01191o
3powz	2R5/8/8/3k1PP1/6K1/3r4/2p5/8 b - - 4 54	d3d4 g4h5 d4c4 c8c4 d5c4 f5f6 c2c1q	1274	000g0p1h1m1w
3zafp	2k2B2/2p2R1p/pp6/2b5/4r3/1B4P1/P6r/2R2K2 b - - 1 30	h2h1 f1g2 h1c1	1274	0g191o1p
4d0PR	3r2rk/5p1p/3p1PpQ/2pP4/5R2/6P1/p1q3BP/6K1 w - - 0 30	h6h7 h8h7 f4h4	1274	050p13151n1o
5F69h	7k/p2Q1ppp/8/2p1pP2/4b3/2P3P1/PP1K3P/3R2q1 b - - 0 30	g1f2 d2c1 f2c2	1274	0p13151o
5KeKR	2r1r1k1/p1p2ppp/1p1b3q/5R2/8/2P2N2/PP1Q1PPP/5RK1 b - - 6 19	d6h2 f3h2 h6d2	1274	0g0i0y191o
64nDW	rbb1k1nr/3p1ppp/p1p1P3/8/2q1P3/2N5/PPP3PP/R1BQ1R1K w kq - 0 13	e6f7 c4f7 f1f7	1274	00040g0s1c1o
6qgGE	5r1k/p5p1/7p/2p1B1P1/3P3q/2PQ3b/PP1N2P1/R5K1 b - - 0 33	h4f2 g1h2 f2g2	1274	1315191o
6qqld	6r1/P4k2/8/1P6/3B3K/3n1p2/8/8 w - - 1 45	b5b6 f3f2 d4f2 d3f2 b6b7	1274	000g0p101n
6sFwJ	6k1/6p1/4p3/2Qn3p/3BP3/5RPP/r2q4/6K1 w - - 1 37	c5f8 g8h7 f8g7	1274	0p13151o
7099B	4r1k1/1p3ppp/p7/2qRn3/6P1/2P3NP/PPQ2P2/4R1K1 b - - 0 23	e5f3 g1g2 f3e1	1274	0g0s11191o
8Fmgn	4r1k1/pp3ppp/2p5/3p3Q/5R1P/5N2/PqP2PP1/6K1 b - - 1 21	b2c1 g1h2 c1f4	1274	0g0p0s1o
8dBSu	r4r1k/pp3p1p/3p1N2/2q2P1Q/4P3/1P1n3P/P5PK/R4R2 b - - 3 24	c5e5 h2h1 e5f6	1274	010s191o
98UCo	r3kb1r/pbp2ppp/5n2/4p1N1/8/1QP5/PP1P1PqP/RNB1K2R w KQkq - 0 10	b3f7 e8d8 g5e6 d8c8 f7c7	1274	041013161c
AqnyO	3R4/pp3p1k/2p1p1p1/4P3/6qp/P4QP1/1P3PK1/8 b - - 1 41	h4h3 g2h2 g4f3	1274	0g0i0p1o
BS2ro	rn2k1nr/1p2bpp1/pq2b2p/2Pp4/8/P1N1BN1P/1PP1QPP1/R3KB1R b KQkq - 0 10	b6b2 a1b1 b2c3	1274	010s1c1o
DBB5e	6k1/5Np1/7p/3Q4/8/2P1K3/r4rPP/8 b - - 8 38	a2e2 e3d4 e2d2	1274	0g0p1o
DRKgx	8/p2R3P/8/1k6/8/P1p5/5PK1/2rq4 w - - 0 51	d7d1 c1d1 h7h8q	1274	00010p1h1o
DaGN1	r1b2r1k/ppbn3B/2n1pq1Q/3p4/3P4/5N2/PP1N1PPP/R3K2R w KQ - 1 19	h7g6 h8g8 h6h7	1274	0j0k0y1315191o
Dj5Eb	r1b1k2r/ppp2pp1/3q4/2b5/2Q1P1p1/2N5/PP4PP/n1B2R1K w kq - 2 16	c4f7 e8d8 c1g5	1274	040g191o
DjT0Z	r3r1k1/pN3p1p/1p4p1/3Qb1q1/1P1B4/P7/5PPP/2R1R1K1 b - - 0 26	e5h2 g1h2 g5d5	1274	0g0j0y191o
Evd2c	r1b3k1/ppq3p1/2n1pr2/3p2NQ/1b1P4/1P2P3/P2N2PP/R3K2R w KQ - 4 17	h5h7 g8f8 h7h8 f8e7 h8g7 e7d6 g7f6	1274	0g0i0v0y191w
FOw4i	r5k1/pp4pp/2p5/3p4/2PPp3/2N1P2q/PP4Q1/R4K2 b - - 1 24	a8f8 f1g1 h3e3	1274	0g0p1o
FcFd3	k2r4/1p1r1p1p/p7/5Pn1/5QP1/8/PP5P/2R3K1 b - - 2 39	g5h3 g1g2 h3f4	1274	0g0p0s1o
Gh84s	4r1k1/1b1nn1r1/pq3pN1/1pbppP2/2p1P3/2PP2RQ/PPB4K/R7 w - - 2 38	h3h8 g8f7 g6e5 d7e5 h8g7	1274	0r0y10131619
Gpsm1	r4rk1/1b3ppp/pn3n2/8/B2qp3/1PN1Q3/P1PP1PPK/R1B2R2 b - - 1 14	f6g4 h2g1 g4e3	1274	0g0s191o
HI4ab	4q2k/1pp3p1/1pnp3p/8/1PP5/P6Q/1B3PPP/6K1 w - - 0 23	h3h6 h8g8 h6g7	1274	0p13151g1o
Hjl1f	1r5r/4kppp/R1b1p3/2qpP1N1/2p5/2P2R2/1Q2K1nP/8 w - - 1 29	f3f7 e7e8 b2b8	1274	0v1315191o
I88rW	8/8/7p/N4kp1/PP2n3/2p1PK1P/8/8 b - - 0 41	c3c2 a5b3 e4d2 b3d2 c2c1q	1274	000g0i0p0z10111h
IOzEc	r2r2k1/5pp1/4p1p1/3n4/N1RP4/6P1/P4P1P/3R2K1 b - - 2 31	a8a4 c4a4 d5c3 a4c4 c3d1	1274	010p0s101n
K9hwa	8/8/8/8/5p2/4p1pk/4K3/6R1 b - - 5 56	h3h2 g1f1 g3g2 f1f4 g2g1q	1274	000g0p101h1m
KcbTz	r2q1rk1/pp3ppp/8/5b2/3b1B2/3B4/PP3PPP/1R1Q1RK1 b - - 3 16	f5d3 d1d3 d4f2 f1f2 d8d3	1274	0g0j0y1019
Kqk4n	6k1/p4pb1/1p1q1B2/2pp1PQ1/6P1/3P1R2/PPP1r3/R5K1 b - - 0 25	d6h2 g1f1 h2g2	1274	0y1315191o1u
L62i3	8/1P1R3p/5ppk/4b3/3R4/6P1/bK5P/rB6 b - - 6 47	e5d4 d7d4 a1b1 b2a2 b1b7	1274	010p0r10111p
LJnT6	r3k2r/p4ppp/1pp1p1b1/1B1q4/3P4/1Q2PP2/PP4PP/R3K2R w KQkq - 0 15	b3d5 e6d5 b5c6	1274	0b0g191g1o
LTh76	r1bqk1nr/1p2b3/p1npp2p/4Np2/1P1P1p2/P1PB3N/5PPP/R2Q1RK1 w kq - 0 19	d1h5 e8f8 h5f7	1274	1315191o
LacZ9	6R1/2k5/8/4P3/1P6/5q2/3KN1p1/8 b - - 0 48	f3d5 d2e1 d5g8	1274	0g0p0s111o
MnO9f	rnbqk2r/pp3ppp/5n2/3p4/1b1N4/2N5/PP1BPPPP/R2QKB1R w KQkq - 0 8	d1a4 b8c6 d4c6	1274	0g0s1c1o
NHeHv	r1b2Q2/pp1k2pp/2pN4/4p3/2pnP2q/N7/PPP3PP/R1B3KR b - - 0 14	h4e1 f8f1 d4e2	1274	0y1315191o
NSHR4	8/2k5/2p5/1p2nBp1/P3P2p/P4b1P/1K1R4/8 b - - 0 40	e5c4 b2c2 c4d2 c2d2 b5a4	1274	0g0p0s10
OC0Rr	8/p5pk/1p4r1/3p4/3P3p/P2R1P2/1P2pKPP/2Nb4 b - - 3 33	g6g2 f2g2 e2e1q	1274	000g0i0p1h1o
ORfVw	8/1p5k/4R1p1/p1Pn1r2/3P4/5P1P/PP3PK1/8 b - - 1 33	d5f4 g2f1 f4e6	1274	0g0p0s1o
OZIx1	r1b1r1k1/p3qpp1/2p2n1p/b2p4/3N1B2/2PB4/PPQ2PPP/R3R1K1 b - - 1 16	e7e1 a1e1 e8e1 d3f1 c8a6	1274	0g0y10191g
OaiKC	5rk1/5pp1/5b1p/1Q6/1P5P/q5B1/3R1PP1/6K1 b - - 0 34	a3c1 g1h2 c1d2	1274	0g0p0s1o
Pg1CP	2k2bnr/ppp2ppp/3p4/3P4/3q2n1/1BN3B1/PPP3PP/R2QNK2 b - - 2 16	g4e3 f1e2 e3d1	1274	0g0s1c1o
PxP46	2k4r/2p2pp1/1pBbp1b1/6Pp/3P4/4B2P/5P2/2R3K1 w - - 0 30	c1a1 c8d8 a1a8 d8e7 a8h8	1274	0g0p101l1p
R1puv	r1bq1r2/p1pp1kpp/6n1/2pP4/2B2p2/5N2/PB4PP/RN3RK1 w - - 0 16	d5d6 f7e8 f1e1	1274	0g0j0k1c1o
RBDDC	r4rk1/2pb1ppp/p1nbpq2/1p1pn3/1P6/PB1PPN1P/1BPNQPP1/R4RK1 b - - 4 13	e5f3 d2f3 f6b2	1274	010j191o
Rg53l	6k1/R4pp1/7p/2pBn3/8/8/4KPP1/1r6 w - - 0 34	a7a8 g8h7 d5e4 g7g6 e4b1	1274	010p0s10
TLUc0	rn3rk1/ppp2ppp/q7/8/3Pn3/P2QPN2/1P2KPPP/2R2B1R b - - 3 13	a6d3 e2d3 e4f2 d3e2 f2h1	1274	01050s1019
TSw5G	1r4k1/6pp/pq1ppb2/8/5Pn1/B4bP1/Q6P/4RK2 w - - 0 33	a2e6 g8f8 a3d6 b6d6 e6d6	1274	0g0s1019
Tgwkb	2r1r1k1/4ppbp/p1pp1np1/8/2P1P3/P1N1BPq1/1P4Q1/1RRB2K1 b - - 3 21	g3e1 g1h2 e1e3	1274	010s191o
Th5HN	B5k1/4pp1p/3p2p1/2pP4/2PbP1bq/3N4/1P1K2QP/7R b - - 2 29	h4g5 d2c2 g4d1 h1d1 g5g2	1274	0g0j0r1019
U5mHC	4r1k1/p5pp/2p2p2/3p4/3n4/BPN2P2/P4K1P/4R3 b - - 1 23	e8e1 f2e1 d4c2 e1d1 c2a3	1274	01050p0s10
UBLnw	2Q5/8/5ppk/8/6P1/6K1/p3q3/8 w - - 0 57	c8h8 h6g5 h8h4	1274	0p1113151i1o
UEsO4	8/8/8/2r2p1p/2p3kP/2R3P1/6K1/8 w - - 0 62	c3f3 c4c3 f3f4	1274	0p13151m1o
UIrni	1b1r2k1/3P2p1/p3p1Bp/1p2q3/8/8/P5PP/R4Q1K w - - 1 27	f1f7 g8h8 f7e8 d8e8 d7e8q	1274	000p1013161h
UQNvo	8/6R1/1p2p2p/2b1B2k/p4P2/4r1P1/6K1/8 w - - 0 49	g3g4 h5h4 e5f6	1274	0p13151o
USL30	5k1r/2R2p2/3p1q1r/pB1Pp1b1/Pp4QP/6P1/1P3P2/5R1K b - - 0 29	h6h4 g3h4 h8h4	1274	010y191n1o
Upm1E	r7/pr2bk1p/5pp1/8/3N1P2/8/1P1B1KPP/1q3B1R w - - 0 25	f1c4 f7e8 h1b1	1274	010j191o
VUIXT	r2qr1k1/pp3p1p/2nb2p1/2p5/3p1B2/3P1PN1/PPPQ1P1P/4R1RK w - - 4 19	e1e8 d8e8 f4d6	1274	010y191o
YFcEh	rn2r3/1p3kpp/6p1/1PP5/p2R1pP1/P4P2/7P/2K1R3 w - - 2 26	d4f4 f7g8 e1e8	1274	0i0p13151o
ZUjBa	8/2R4p/1p4p1/pk1Bp1P1/3bP3/1P6/4rPK1/8 w - - 7 45	d5c4 b5b4 c4e2	1274	0g0p0s1o
ZbX5d	1Q6/3r1ppk/4q2p/2P5/6P1/PB1p3P/1P3P2/3b2K1 w - - 0 34	b3e6 f7e6 c5c6	1274	0g0p1o
ZkMrz	8/4n3/6pp/2k2p2/1p1NpK1P/4P3/1R1P4/r7 w - - 4 45	d4b3 c5d6 b3a1	1274	010p0s1o
ZmmMI	4r1k1/1p3pp1/p5p1/2B5/6P1/4PPnq/P3N3/4QRK1 b - - 1 25	h3h1 g1f2 h1h2	1274	0q1315191o
bhfTd	8/p6p/1p4pb/2pB1k2/2Pp4/3K1P1r/PP2R2P/8 w - - 14 36	d5e6 f5f6 e6h3	1274	010p1o1p
bxhh6	1k1r3r/ppp3p1/3b2p1/3pq3/3Np1Q1/2P4P/P1P2PP1/1R2R1K1 w - - 6 21	d4c6 b8a8 c6e5	1274	0g191g1o
cDiII	3qkb1r/p4ppp/8/3n4/4n3/4PN2/3PBPPP/1rBQ1RK1 w k - 0 19	d1a4 d8d7 a4e4	1274	0g0s1c1o
caHLS	2r4k/R6p/6p1/4npP1/3Br3/P6P/5P2/3R2K1 b - - 6 29	e4d4 d1d4 e5f3 g1g2 f3d4	1274	01050p0s101n
coCAK	r2qkbnr/ppp4p/3pPp2/6p1/2n1Pp2/2N5/PPP3PP/R1BQ1RK1 w kq - 0 12	d1h5 e8e7 h5f7	1274	13151c1o
d5TD1	3r4/7p/1p2k1p1/2B2p2/5P2/P2p1KP1/5P1P/3R4 b - - 0 38	b6c5 f3e3 c5c4	1274	0g0h0p1o
dKOrS	r2r2k1/1b1q1Bbp/pB4p1/1p6/2n1P3/5P2/P2QN1PP/2RR2K1 b - - 0 21	d7f7 d2d8 a8d8 d1d8 g7f8	1274	010h0t1019
fHhmt	2kr3r/2p4p/p4R2/1p6/8/4n3/PPP1N1PP/R1B3K1 b - - 0 20	d8d1 g1f2 e3g4 f2g3 g4f6	1274	0g0s1019
fQ7lw	6r1/2B2k1p/p2Qppq1/8/2p2P2/8/P5PP/6K1 w - - 2 30	d6d7 f7f8 c7d6	1274	0p13151o
g7Nb0	r1b2r1k/pp4pp/2p2n2/3p4/5q2/2QB4/PPP5/1K4RR w - - 0 22	h1h7 f6h7 c3g7	1274	0y1315191n1o
gjrAb	b3r1k1/5p1p/2p3p1/2n5/P2qP3/3BB3/2Q2PPP/1R4K1 b - - 3 25	d4d3 c2d3 c5d3	1274	01191o
go2k0	2r2rk1/1p3pp1/1q5p/pb1Pb3/4N3/P2Q3P/1P2R1P1/1B2R2K w - - 2 28	e4f6 b6f6 d3h7	1274	0d0y1315191n1o
hDRfr	5rk1/pb1N1pp1/1p2pn1p/3p4/3P4/P1r1qP1P/2Q3P1/1BR4K w - - 0 27	d7f6 g7f6 c2h7	1274	0y1315191o
k66zr	3r2k1/5pp1/2p2r1p/1qp1p3/R3P3/2P1Q3/2B2PPP/1R4K1 b - - 4 32	b5b1 c2b1 d8d1 e3e1 d1e1	1274	0s101316191n
kl5Jc	7k/6bp/p5p1/2q2p2/4p3/1QB3PP/8/4K3 w - - 12 41	b3b8 c5f8 b8f8	1274	0p13151g1o
kng8r	1r4rk/2pn1p1p/p1p2P2/4pQ2/4P3/2N1q2P/PPP4K/4RR2 b - - 6 23	e3g3 h2h1 g3g2	1274	1315191o
kpBLo	2r3k1/p1P4p/4p1p1/2Rb1p2/r3p3/7P/5PP1/1R4K1 w - - 0 31	b1b8 d5b7 b8b7 a4a1 g1h2	1274	010h0p10
ktqQ3	3q4/K7/Q7/3k4/8/8/8/8 w - - 25 81	a6d3 d5e5 d3d8	1274	0g0p11121i1o1p
lCxRJ	2r5/p3kppp/1p3q2/1Qb5/8/4P1P1/PP1r1PBP/R2R2K1 b - - 4 20	f6f2 g1h1 f2g2	1274	0y1315191o
lF7gN	r1bk1b1r/pp1n2pp/2p5/3p2Nn/5q2/3P4/PPP1QPPP/R3KB1R w KQ - 0 14	g5e6 d8e7 e6f4	1274	0g0j0k0s1c1o
mKZDa	5q1r/pr3pk1/1p2p1pR/2p1n1P1/5Qp1/2NP4/PPP2P2/2K5 w - - 0 25	f4f6 g7g8 f6h8	1274	0s1315191o
mtD4Y	2r2rk1/1b1nqppp/4p3/pN2P3/Pn1N4/1B6/1P3PPP/2RQR1K1 b - - 0 18	c8c1 d1c1 b4d3	1274	01191o
n1cwN	3k2r1/R4p2/2p5/4p2p/1Pb2Bp1/8/5PPP/6K1 w - - 0 27	a7a8 d8e7 a8g8	1274	010p11121o1p
ntopK	r4r2/pp2N1pk/2p1b2p/7Q/4P3/P2P4/1PP2qP1/1K5R w - - 2 24	h5g6 h7h8 h1h6 g7h6 g6h6	1274	0i0j0s101316191n
oPTVA	r7/p3qrPk/2p2nRp/4p3/4P3/2P5/P5K1/7R w - - 0 32	h1h6 h7g8 h6h8	1274	0p13151o
ocybF	4r2k/1pp3p1/p5B1/2Pp4/3P4/P6b/5QPP/4qR1K b - - 6 29	e1f2 f1f2 e8e1 f2f1 e1f1	1274	0d0p101316
ow6KI	r1bqrnk1/pp3p2/2p1pb1Q/6N1/3P4/2NB4/PPP3PP/R5K1 w - - 0 15	d3h7 f8h7 h6h7 g8f8 h7f7	1274	0y10131619
pVr9s	7k/1p1b3p/p1qp3b/3Bp3/P3p3/1P5P/2P3P1/R2Q1r1K w - - 0 24	d1f1 c6d5 f1f6 h6g7 f6d8 d5g8 d8d7	1274	0g0s191w
qBDS6	6k1/5pp1/3b3p/1Q2q3/8/P1N4P/1P3PP1/6K1 b - - 6 32	e5e1 b5f1 d6h2 g1h2 e1f1	1274	0d0g0i0p10
rNl27	1r6/k7/p2p3p/2p5/1N3p2/3b4/3K3P/1R6 w - - 0 47	b4c6 a7a8 b1b8	1274	030j0p0s13151o
rOiR8	5rk1/1R1R1ppp/4p3/4q3/2B5/1P3QPP/5PK1/r7 b - - 2 30	e5e1 d7d1 a1d1 f3d1 e1d1	1274	0g1019
ryPCG	4r1k1/p6p/3P2p1/2p2P2/P1Pb2qP/3QpRP1/4B3/6K1 b - - 0 33	g4f3 e2f3 e3e2 g1h2 e2e1q	1274	00010j0k0p0r101h1n
sIUWY	6r1/1b5k/4pBpp/pp2P3/2p1P1R1/P1P4R/1P1r2P1/6K1 w - - 6 33	h3h6 h7h6 g4h4	1274	050p13151f1n1o
sey7T	r4k2/1b3BbQ/p2P4/2p5/1p4P1/2P2q2/PP3P2/1K1R3R b - - 0 29	b7e4 h7e4 f3e4	1274	0g0s11191o
snXo2	3r4/6pp/p1rPkp2/1pPRp3/1P2K3/8/P5PP/2R5 b - - 0 29	f6f5 e4e3 e6d5	1274	0g0i0p1m1o
snpPh	8/1r3R2/p3pPp1/P2pP1N1/1k4P1/2p3K1/8/8 b - - 0 48	b7f7 g5f7 c3c2 f7g5 c2c1q	1274	000g0p101h
tSW4L	4r3/ppq3k1/4Bpb1/3p4/3P1pQ1/P7/2p3P1/2R3K1 w - - 2 32	e6f5 c7e7 g4g6	1274	010p1o
vqdVw	3rr1k1/1R3p1p/p5p1/6Q1/8/3q4/P4PPP/5RK1 b - - 0 23	d3f1 g1f1 d8d1	1274	050p13151n1o
w2s9r	r2q1r2/p5pk/Np4pp/4Q3/8/6P1/PP3R1P/R1B3K1 b - - 0 24	d8d1 g1g2 f8f2 g2f2 a8f8 c1f4 d1a1	1274	0105191w
wSVkk	8/pk4p1/2n1Q3/2b5/2Pp2nr/3P4/PP4Bq/R4K2 w - - 0 28	e6c6 b7b8 c6b7	1274	0s1315191o
wT30p	1r6/p4pkp/2p3pN/1q2r1Q1/8/1PP3P1/P6P/5R1K w - - 8 28	f1f7 g7h8 g5f6	1274	0p13151o
yXMW8	r1br2k1/5ppp/8/3p4/1ppP2n1/P1P5/q1BQ1PPP/1R2R1K1 w - - 0 27	c2h7 g8h7 d2a2	1274	010j191o
yv1oF	8/1p6/4k1r1/8/1B4N1/P4K1p/5P2/8 b - - 7 46	g6g4 f3g4 h3h2 g4g3 h2h1q	1274	000g0p101h1n
yvefA	2R5/6pk/p7/1p6/1PbB3P/6PK/r7/8 b - - 2 51	c4e6 g3g4 e6c8	1274	0g0p0s1o
zHbgV	6k1/5p1p/N5p1/1p6/1P1r4/P1p2P1P/8/R5K1 b - - 0 36	c3c2 g1f2 d4d1	1274	000g0p1o
zI510	rnbq3r/4ppk1/p1pp4/8/3PP1n1/4Q3/PpP2PP1/1K1R1BNR w - - 0 16	e3g5 g7f8 h1h8	1274	0i13151c1o
zNtps	r4k1r/2p2ppp/p1B3q1/1p6/3PR3/2P4Q/Pb3P1N/RN5K b - - 0 19	g6c6 b1d2 b2a1	1274	01191g1o1t
zUliJ	6r1/2k3qp/3p4/1pp1p3/4Q3/PP4P1/3N3K/R3R3 b - - 0 30	g7g3 h2h1 g3h3	1274	0p13151o
zsMCa	2r2rk1/2q2ppp/p2P1n2/1p2pN2/1P3n2/P3Q2P/2B1RPP1/3R2K1 b - - 0 25	f4e2 e3e2 c7c2 e2c2 c8c2	1274	0g1019
0AFYZ	1R6/8/2p2kp1/p1r5/5P2/6b1/PP6/1KB5 b - - 1 40	c5c1 b1c1 g3f4 c1c2 f4b8	1275	050g0p0s10
1SRTe	1k3r2/pp4p1/2pp2r1/4P3/7b/1BP5/P3K2B/RN3R2 b - - 8 30	g6g2 e2d3 f8f1	1275	0g0i0s191o
1nOiC	1r1R4/q5p1/p1k2b1p/2p1p3/P1Q1P3/4B2P/5PP1/1R4K1 b - - 0 26	b8b1 g1h2 f6d8	1275	010t0w191o
3Oywg	r1bk1br1/p3nQ2/2P3pp/8/4PB2/3B4/P5PP/qN5K w - - 0 24	c6c7 d8d7 d3b5	1275	001315191o
3ZR3N	2r1kbr1/1Q6/1B1ppP1p/7P/1p6/pP3P2/PPq5/KR6 w - - 0 29	f6f7	1275	001314191b
4Y976	8/p5p1/2R5/8/P4k1p/1P3r1b/4K2P/8 w - - 0 36	c6c4 f4e5 e2f3	1275	0g0i0p1o
5dWR8	8/R4pkp/1Q4p1/4p3/5q2/1P6/1r3RPP/6K1 b - - 0 30	b2b1 f2f1 b1f1	1275	0p13151o
5jJq5	5b2/6kp/pp2P1p1/5p2/3r4/1P6/P4PB1/2R3K1 w - - 3 34	c1c7 g7f6 c7f7 f6e6 f7f8	1275	010p0s10
6Jyb8	4r2k/5rpp/5q2/QNpR4/2p5/2P5/PP3PPP/5RK1 b - - 0 29	f6f2 f1f2 e8e1 f2f1 f7f1	1275	101316191n
7LeZH	r4k1r/4b1p1/4pp1p/1p1bN3/3P4/4P3/3N1PPP/2R2RK1 w - - 0 20	e5g6 f8f7 g6h8	1275	010s191o
7oJNk	3Q4/5N2/1b6/pp4p1/4K1P1/1k3P2/8/8 b - - 0 54	b6d8 f7d8 a5a4 f3f4 a4a3	1275	0g0p10111l
8FSs3	r2qkb1r/ppp2ppp/3p4/3BN3/3nP3/3P4/PPP2PPP/R1BbK2R w KQkq - 0 9	d5f7 e8e7 c1g5	1275	0413151c1o
8lXXX	k6r/1p6/pNn3p1/2Q2p1q/3r2p1/8/PP3PPP/R3R1K1 b - - 4 28	a8b8 e1e8 h8e8	1275	0g191o
9fXTK	4k1r1/4b3/pn2p1p1/8/1P6/P1B2P2/KP3r1P/3R2R1 w - - 0 30	c3d4 f2h2 d4b6	1275	010s191o
A6Qzj	r1b3k1/5p1p/p1n3p1/1p1q4/4R3/b2P1N2/2PQ1PPP/1R4K1 w - - 2 18	e4e8 g8g7 d2c3 f7f6 c3a3	1275	0g0s1019
AMLPS	8/p2R1p1k/1p2pqpp/8/2P3n1/1P3QP1/P4PKP/8 b - - 5 29	f6f3 g2f3 g4e5 f3e2 e5d7	1275	050g0p0s1011
B05f7	r1b2rk1/1p2bppp/p1n1pn2/4N3/3q1B2/2N5/PP2BPPP/R2Q1RK1 w - - 0 12	e5c6 d4f4 c6e7	1275	011c1o
BrmTt	4r1kq/pp3p2/4b1pp/4p3/1B2P2P/P2r1PR1/1P3P2/R5QK w - - 0 25	g3g6 f7g6 g1g6 h8g7 g6e8 g8h7 e8e6	1275	0g0s191n1w
DSKn8	5r2/p3b1k1/8/3Q4/5r1p/7P/P1P2PP1/6K1 w - - 5 32	d5e5 g7g6 e5e7	1275	010p0s1o
DWwqF	3r2r1/ppk3pp/4Q3/8/4R3/P7/P1qp2PP/3R3K w - - 0 22	e4c4 c2c4 e6c4	1275	0g0p0s1o
FBhuR	5r1k/1p5p/p1p3p1/5n2/8/1BK5/PPP1r3/5RB1 w - - 0 40	g1d4 f5d4 f1f8	1275	010p1o
FaO3f	1r1qk2r/ppp2ppp/2nbp3/1Q6/3NP3/8/PP3PPP/RNB1K2R b KQk - 5 12	d6b4 b1c3 d8d4	1275	010j1c1o
GRQ45	N1bb2nr/1p1k1ppp/p2p4/2p1p3/3nP3/2PPBN2/PP1QBPqP/R3K1R1 b Q - 1 14	d4f3 e2f3 g2g1 e1e2 g1a1	1275	0g0s10191p
GbQQv	r3r3/pp4pk/5p1p/2bPp3/2P5/P2b3P/1B1N1PP1/R2R2K1 w - - 3 20	d2b3 c5f2 g1f2	1275	01191o
I9yR7	2b3kq/p1p2p2/2p1r1n1/4p1RN/2P1Q3/8/r5PP/3R2K1 w - - 7 26	d1d8 g8h7 d8h8	1275	0g0s11191g1o1p
IlERc	8/8/2n4p/2k1r1p1/1p1pB3/5PP1/1R3K1P/8 w - - 2 38	b2c2 c5b5 e4c6	1275	010p1o
J4yoV	6k1/5pp1/p7/3p2Pp/P2qbp1P/6r1/1R2Q2K/4R3 w - - 4 35	b2b8 g8h7 e2h5	1275	0p13151o
JSToO	r4rk1/p3p2R/3p2p1/5p2/Q3Bq2/1P3P2/P1P5/3K4 w - - 0 23	e4d5 g8h7 a4f4	1275	010j0p0s1o
JWKh4	8/1p4PR/1p2p1r1/4P3/k7/5K2/8/8 w - - 0 53	h7h4 a4b5 h4g4 g6g7 g4g7	1275	0g0p10111m
KIkO2	6r1/7p/5k2/pNp5/P1p2p2/1pP2b1P/1P2R2K/6R1 b - - 1 38	g8g1 h2g1 f3e2	1275	010p1o
KLwUo	6rk/p5qp/2p2b2/8/2P1QP2/1P2R3/P7/4R2K b - - 0 39	g7h6 e3h3 h6h3	1275	0p13151o
KjsNf	8/8/4rpk1/2R3pp/5P2/6PP/5K2/8 w - - 1 58	f4f5 g6f7 f5e6	1275	0g0p0s1m1o
Kory6	6k1/1p3p2/2p2q1p/2Pp2p1/1P4n1/4P1P1/4BPP1/Q4K2 w - - 1 30	a1a8 g8g7 e2g4	1275	0g0p1o
LB6OA	7Q/p4pp1/6kp/4R3/3P1p1P/2P5/P4qPK/1r6 w - - 0 28	h4h5 g6f6 h8d8	1275	0p13151o
LMovv	6k1/5pp1/1p2p2p/3pP3/1P1N1P2/PRK1P1P1/5nrP/8 b - - 8 39	f2e4 c3d3 g2d2	1275	0p0u13151o
LU6Uv	8/1p2rk2/p2R1p1p/2P2K1P/1P1R2P1/1r6/8/8 b - - 2 44	b3f3 d4f4 e7e5	1275	0p0q13151m1o
LrnOT	r7/8/1K3k2/R1P2p2/4p3/8/6P1/8 b - - 0 49	a8a5 b6a5 e4e3 c5c6 e3e2 c6c7 e2e1q	1275	000g0p1h1m1w
On1Bz	r1bq2nr/5pkp/1p1p2pN/pPpPn1b1/2P1PR1Q/P1N5/4B1PP/5RK1 w - - 0 25	f4f7 e5f7 f1f7	1275	0q1315191o
Oq7nR	r1bq3r/pk3PQp/8/2pN4/2pn4/8/PPPP2PK/R1B2R2 b - - 0 17	d8h4 h2g1 d4e2	1275	1315191o
OvxXY	r6R/5k2/4p3/p1PpPp2/Pp1P2p1/6P1/1PB1bPK1/R7 b - - 0 27	e2f3 g2f1 a8h8 f1e1 h8h1 e1d2 h1a1	1275	0g0p0w1p1w
PGSxt	4k2r/r1B1n3/p4ppb/1p1P1b2/2p5/2N5/PPP2PPP/1K1RR3 w k - 3 18	d5d6 a7c7 d6c7	1275	0001191o
PTvP5	4r1n1/pk1n3p/2p1q3/4bR2/N1p1Q3/4B3/PPP3PP/5RK1 b - - 3 22	e5h2 g1h2 e6e4 a4c5 d7c5	1275	0g0j0y1019
PVjhY	1rbR4/pp3ppk/2p1q1np/2P5/4N3/7P/PP2QPP1/6K1 w - - 1 33	e4g5 h6g5 e2h5	1275	1315191n1o
PX8EM	2r2rk1/1p2bpp1/4p2p/3p3P/p2P2P1/PqP3B1/1P2QP2/R3K2R b KQ - 2 22	c8c3 b2c3 b3c3 e1f1 c3a1	1275	0g0s10191n
QCdkT	7k/1p3p2/2pp1P1p/pP5r/P1P5/3B1Q2/3qN1P1/6K1 b - - 1 38	d2e1 f3f1 h5h1 g1h1 e1f1	1275	050g0i0p10
QLxrm	2r2r2/5pkp/p3p1p1/1p1q4/2p5/P6P/1P1Q1PP1/2RR2K1 w - - 0 29	d2c3 g7g8 d1d5	1275	010j0p1o
QtnT5	1R6/1pr2pkp/p5p1/8/PnBK4/1P3P2/6PP/8 b - - 2 30	b4c6 d4c5 c6b8	1275	0g0j0k0p0s1o
QwijF	r1bqkb1r/1p1n1ppp/p3p3/1B2N3/Q7/2P5/PP3PPP/R1B1K2R b KQkq - 1 11	a6b5 a4a8 d7e5	1275	0g111c1o
Rao0Q	r3r1k1/BR3p1p/8/3pp3/8/b2P4/2P3PP/5RK1 b - - 0 22	a8a7 b7a7 a3c5 g1h1 c5a7	1275	01050p0s101n
SGex0	1r3rk1/p3pp1p/b5p1/3Q4/NPPb1P2/P2B2Pq/7P/1R3R1K b - - 0 21	a6b7 d5b7 b8b7	1275	0g191g1o
TMjFI	r2qk2r/2p2ppp/p2b4/8/4b3/4BN2/PP3PPP/R2QK2R w KQkq - 0 13	d1a4 e8f8 a4e4	1275	0g0s191o
UKcIg	4Qnk1/6p1/pqp4R/3p4/8/2B3P1/P1P3KP/1r6 w - - 2 30	h6h8 g8h8 e8f8 h8h7 f8g7	1275	050i0p1013161n
USztc	8/8/1r4p1/4R2p/3kPK1P/6P1/4P3/8 b - - 4 46	b6f6 e5f5 g6f5	1275	0g0p111m1o
V6SUR	3b1k2/R7/3p3p/6p1/2r1P3/5PP1/3pK2P/1R6 b - - 1 34	c4c1 e2d2 c1b1	1275	010p1o
VTN6J	r7/p1R5/1p2kq2/3b4/8/2PQ1P2/PP4P1/2K5 b - - 0 28	f6f4 c1d1 f4c7	1275	0g0p0s1o
VYsWw	2k4r/6pp/p1Br4/1Ppp1b2/4nP2/4B3/1PP2qPP/R2QR2K b - - 4 22	e4g3 h2g3 d6h6 d1h5 h6h5	1275	0y101316191n
Vc73E	4q1k1/1N3pp1/2R1p2p/p2r1b2/PpQ5/6P1/1P3PKP/8 w - - 4 28	c6c8 e8c8 c4c8	1275	010p1g1o
VtEI9	Q5q1/8/3p1k2/3Pp3/7p/5p1P/1PP2Pr1/R4R1K b - - 0 32	g2h2 h1h2 g8g2	1275	050p13151n1o
WraHl	6rk/p7/5Q1p/8/3q4/2p3PP/P1R2R1K/1r6 b - - 0 43	d4f6 f2f6 b1b2	1275	0g0p1g1o
XL1uY	7r/p2r1kpp/2p1qn2/4pQ2/P1Pp4/6R1/5PPP/1R4K1 w - - 2 24	g3g7 f7g7 f5e6	1275	010i191o
ZF3gb	rn3k1r/pp3p1p/6p1/1BqNp3/2PR2b1/8/PP4PP/R1B3K1 w - - 0 16	c1h6 f8g8 d5f6	1275	1315191o
ZLH1j	3k4/3p3p/3N1n2/8/1P2pp1r/P7/1PR3K1/8 w - - 0 41	c2c8 d8e7 d6f5 e7e6 f5h4	1275	0g0p0s10
ZSMrQ	8/8/8/2kp2r1/3R1KP1/8/8/8 b - - 1 52	g5g4 f4g4 c5d4	1275	0g0p111m1o
adWWF	8/8/6P1/2p5/p7/k7/4r3/K4Q1b b - - 4 60	e2a2 a1b1 h1e4 b1c1 a2a1 c1d2 a1f1	1275	0g0p0r1p1w
adqLg	8/6p1/4p2p/2kb1n2/1N6/7P/1P1R2PK/4r3 w - - 3 41	b4d3 c5d4 d3e1	1275	010j0k0p0s1o
b2Wyq	1k1r1r2/ppq3pp/2bbp3/8/2QN4/2P5/PP3PPP/R1B2RK1 b - - 2 18	d6h2 g1h1 c6g2 h1g2 c7c4	1275	0g0j0y1019
bTjjk	3r1knr/pp3ppp/8/3Np3/8/4B2P/PP2KPP1/n2R4 w - - 3 17	e3c5 g8e7 c5e7 f8e8 e7d8	1275	010s1019
bnmTx	2r3k1/5pp1/3Bp2p/2p1P1b1/P1Pq2P1/KP5P/2Q2R2/8 b - - 5 34	d4a1 c2a2 g5c1 f2b2 c1b2	1275	0p101316
cpVJU	2r2bkr/Q5pp/8/8/1P1Bq3/4P2b/P1P2P2/2KR2R1 w - - 2 28	g1g7 f8g7 a7g7	1275	1315191o
dCzwF	r3rqk1/pp6/5p1p/5Np1/3P1n1P/2P2Q2/P1P2PP1/2KR3R b - - 0 26	f8a3 c1d2 e8e2 f3e2 f4e2	1275	0110191k
doCGe	R7/5Bpk/1p4r1/1P6/5K2/2r5/2PN4/8 b - - 0 35	g6f6 f4g4 f6f7 d2e4 c3c4	1275	010p0s101g
eO3ga	1rbR4/p7/1pp5/8/1Pk2p1R/P1N5/2KB4/5r2 b - - 3 39	c8f5 c2b2 b8d8	1275	0g0j191o
eSH6e	2rqk3/3b1pb1/6p1/p2P3r/1p1p3P/4B3/PPP1Q3/1K1R3R w - - 0 22	e3g5 e8f8 g5d8	1275	010j0k191o
eTxRj	r2r2k1/5p1p/pP4p1/2N4n/1PNbPq2/1Q1R1P2/P5PP/5R1K b - - 2 24	h5g3 h2g3 f4h6	1275	1315191n1o
fIhir	r2q2k1/p1p3pp/2p5/8/3PRrb1/8/PP1N2PP/R2Q2K1 w - - 1 17	d1b3 f4f7 e4g4	1275	0g0i191o1p
gEXaz	4rr1k/p1pb2pp/2pp4/5P2/2Q1P1q1/6P1/PPP1N1K1/R6R w - - 1 27	h1h7 h8h7 a1h1 g4h5 h1h5	1275	050y101316191n
h37FG	6rk/3b1Qbp/4PB2/3pP3/2p5/2p4P/5qBK/8 w - - 0 31	f6g7 g8g7 f7f2	1275	0g0j191o
i7okR	6r1/pp6/3k1p2/q7/2ppQ3/P3rP2/2P4P/R4R1K w - - 0 26	e4d4 a5d5 d4e3	1275	0g0p0s1o
iVrDT	r3r1k1/ppp2ppp/5q2/8/3n2B1/2P5/PP3PPP/R2QR1K1 b - - 0 15	e8e1 d1e1 d4c2 e1d1 c2a1	1275	0g0s1019
ibGSz	3Q1b2/1pp2pkb/3q1N1p/p3p1pP/1P2P3/2P5/P3BPP1/6K1 w - - 8 30	f6e8 g7g8 e8d6	1275	0g0p0s1o
idDId	Q1b2rk1/3p1ppp/pq2p1n1/1pb1P3/5B2/2N3P1/PPPR1P1P/2K2B1R b - - 0 16	c8b7 a8b7 b6b7	1275	010s191o1t
jBBGf	5k2/1p3pp1/p7/3N4/P6r/7b/1P3PB1/3R3K b - - 1 35	h3g4 h1g1 g4d1	1275	0g0j0k0p1o
jGcQ6	Q7/4bppk/4p3/3pP2p/7P/P4r2/2r5/1Q5K b - - 1 45	f3h3 h1g1 e7c5 g1f1 h3h1	1275	0p0r101316
kV6Tz	6k1/5pp1/4n2p/1p1Q4/p6P/P4PK1/1Pr3P1/8 b - - 0 34	c2g2 g3g2 e6f4 g2f1 f4d5	1275	050g0p0s10111n
la1XT	6k1/ppp2pp1/5R1p/1P5n/P1B1Q3/1P5P/3q2P1/7K b - - 0 28	h5g3 h1h2 g3e4	1275	010p0s1o
lm4wP	r5k1/pp1n1Np1/2p1Qnp1/q5N1/3P2Pr/2P4P/PP3P2/R3K2R b KQ - 0 19	a8e8 e6e8 f6e8	1275	01191g1o
mcCAE	5k2/p4p2/1p6/3rN1R1/P7/1P6/2n3P1/7K w - - 4 35	e5g6 f7g6 g5d5	1275	0g0j0p1o
n7zZr	8/2p2ppk/2Q1p2p/R7/3P4/4PBPq/1r6/2R1K3 b - - 1 32	h3g3 e1d1 g3g1	1275	0p13151o
nCF0q	3r2kr/p1p2np1/1p5p/2Q5/5Pb1/2P1R3/P1KB1qPP/RN6 w - - 0 21	e3e8 d8e8 c5f2	1275	010j191o
nTQ9Z	r1b3rk/pp3p1p/4pPpQ/4P3/4q3/P1P2R2/6PP/2R3K1 w - - 4 25	h6h7 h8h7 f3h3 e4h4 h3h4	1275	050y101316191n
o2x9R	1r1qr1k1/5pp1/p1pb3p/2pp2n1/8/1P1P2B1/P1PNQPPP/R3R1K1 w - - 6 19	e2e8 d8e8 e1e8 b8e8 g3d6	1275	0g0y1019
olhLj	r1b2rk1/pp3ppp/4p3/4q3/8/5QP1/P6P/3R1R1K w - - 0 23	f3f7 f8f7 d1d8 f7f8 f1f8	1275	101316191n
ouAXF	8/8/1p1bk3/5p1p/p1p4P/P1P1PKB1/1P6/8 w - - 14 54	g3d6 e6d6 f3f4 d6e6 f4g5 e6e5 g5h5	1275	080g0p1w
pCBx0	1r1r4/5k1p/5p2/8/p2q2QP/1b2R1P1/2p4K/4R3 w - - 0 39	e3e7 f7f8 g4g7	1275	1315191o1u
pjLv9	rn3rk1/3p1ppp/p3pB2/7q/1Q6/1P2Pb2/P4PPP/2R2RK1 w - - 0 21	b4f8 g8f8 c1c8	1275	050y1315191f1n1o
pxLuK	4r1k1/pb4bp/1p6/7p/5B2/8/PP1p2P1/4R1K1 w - - 0 33	e1e8 g8f7 e8d8	1275	010p0t1o
qFLW2	r5r1/5p1k/3p4/p2P4/Pp1pqNR1/6B1/P7/R5K1 w - - 3 34	g4h4 h7g7 f4h5 g7g6 h4e4	1275	010j0r1019
qYdu5	r1b2rk1/ppp3p1/7q/b2n2NQ/3PP3/2P5/PP4PP/RN3R1K w - - 4 19	f1f8 g8f8 h5f7	1275	050y13151c1o
qs2ZE	r4b1r/p1p1k3/2pqbp1p/3p4/3PPQ2/2P5/PP3PPP/RN2K2R w KQ - 2 13	e4e5 f6e5 d4e5 d6c5 f4f6 e7d7 f6h8	1275	010s191w
rCQtO	5r2/pqp2Ppk/2p3np/2P5/2QP4/P1N1B2P/1P4K1/R7 b - - 2 27	b7b2 c3e2 b2a1	1275	0g0s191o
szxUL	r3k2r/1pp2ppp/p1n1p3/8/3Pn3/P1N1P2b/1P1N1qP1/R1BQRB1K b kq - 3 14	e4g3 h1h2 g3f1 e1f1 f2g2	1275	0y101316191g
tO7Hg	2k3r1/2qpb3/4pp2/RP5p/1P1N2rP/2P3P1/5PK1/3Q1R2 b - - 0 23	g4g3 f2g3 c7g3 g2h1 g3h4	1275	101316191n
tVq2V	8/8/k1p2Q2/2Pp2K1/P7/4P1Pq/5P1r/1R1R4 b - - 4 40	h3h5 g5f4 h2f2	1275	0p0v13151o
tidXs	5k2/ppR2pp1/4b2p/2N5/3r4/7P/P1r2PP1/R5K1 w - - 0 25	c5e6 f7e6 c7c2	1275	0g0j0p1o
uNQ2Y	3r4/5P1K/3b1R1P/1k6/2p5/8/8/8 w - - 3 49	f6d6 d8d6 f7f8q	1275	000g0i0p1h1o
uQcEa	r7/5ppp/3k4/8/1K1P4/R4P2/6PP/8 b - - 0 42	a8a3 b4a3 d6d5 a3b4 d5d4	1275	0g0p101m
uzRli	1r4k1/5pp1/2Q1p2p/Pp1r4/3PqP2/2P1P3/5P1P/R1R3K1 b - - 2 34	d5g5 f4g5 e4c6	1275	010j0p1o
v3BJx	8/1p6/k2b3p/Pn1P4/2Nn1B2/2p2PKP/8/5R2 b - - 1 39	d4e2 g3f2 e2f4	1275	010i0p1g1o
vPTG3	5rk1/2p2ppp/p2n4/1p2R3/3P4/1P6/Pq1N2PP/R4QK1 b - - 4 25	b2d4 g1h1 d4e5	1275	010s191o
vXREb	r1bqk2r/pppnn1b1/7p/5pp1/3N4/3pP1B1/PPPNQPPP/R3K2R w KQkq - 0 13	e2h5 e8f8 d4e6	1275	0g11191o
w7UdK	8/p5kp/4bpp1/4q3/2P5/1P5P/P2Q2P1/2KN4 b - - 0 35	e5a1 c1c2 e6f5	1275	0g0p1o
w7XEB	3qr1k1/5ppp/5b2/p1Q5/P1Bp4/7P/2r2PP1/3R1RK1 w - - 2 22	c4f7 g8f7 c5c2	1275	010j191o
wbSF1	1b6/4r2p/1p4k1/p2R4/P6P/8/2r5/5R1K w - - 0 50	d5g5 g6h6 f1f6	1275	0p13151o
xUChP	5r2/p7/kp4p1/2pn2q1/7p/1P1P1B1Q/P3PK2/2R3R1 b - - 3 34	g5e3 f2g2 d5f4 g2h2 f4h3	1275	010s10191g
xssLZ	r2q1rk1/1pp1b1p1/4p2B/p3Np2/3P4/3b4/PPP2P1P/2KR2R1 w - - 0 17	g1g7 g8h8 e5g6	1275	0y1315191o
zVCEQ	1rb1kr2/p1p4p/2p1pqp1/8/8/2Q4P/PPP2PP1/3R1RK1 w - - 5 18	c3c6 e8f7 c6c7 f7g8 c7b8	1275	010r0s1019
zvbFO	r1b3k1/pp3rpp/8/4N3/4q3/7P/P3n1P1/3R1R1K w - - 0 30	d1d8 f7f8 d8f8	1275	1315191o
0s42V	6rk/ppp4p/3p4/3Pp1rq/2P2p2/5P2/PP4PP/4QRRK b - - 0 26	h5h2 h1h2 g5h5 e1h4 h5h4	1276	050p0y1013161n
1TFGl	6k1/pp1Q1p1p/4q1p1/8/1P1p4/2r4P/P5P1/5R1K w - - 2 31	d7d8 g8g7 d8d4 f7f6 d4c3	1276	0g0p0s10
2P74e	3r3k/1p2q2p/p4pQ1/8/8/7R/PP1p1PP1/6K1 w - - 0 37	h3h7 e7h7 g6f6 h8g8 f6d8	1276	010i0p0s101n
3I1OZ	r3k2r/pp3pp1/2n1b2p/qB1Q4/8/P3P3/3N1PPP/R3K2R w KQkq - 1 16	b5c6 b7c6 d5a5	1276	0g0j191o
5aGPu	r3r1k1/3n1ppp/1q6/p1p1BP1Q/7b/1B1P4/2P3PP/5R1K w - - 0 22	h5f7 g8h8 e5g7	1276	0s111315191o
6EQ4T	r1bqkb1r/pp3pp1/2n1p2p/1B1pPn2/3P4/5N2/PPN2PPP/R1BQK2R b KQkq - 1 9	d8a5 e1f1 a5b5	1276	010s1c1o
6LPgv	2kr4/1ppb1p2/p2p3p/3Bp2P/3nPq2/1N1P1Pp1/PPP3P1/R2QK2R b KQ - 0 23	f4e3 e1f1 e3f2	1276	1315191o
6xl9P	1rr3k1/5pp1/4pn1p/pp2R3/6P1/PQ3N1P/1Pq2P2/3R2K1 w - - 2 26	d1d8 c8d8 b3c2	1276	010i191o
A1U3K	2r3k1/3Q1pp1/7p/4R3/8/1P1P3P/1P3q1P/1KB5 b - - 1 24	f2c2 b1a2 c8a8 d7a4 a8a4	1276	0g0p10
CnExL	2r4b/7k/p3QPpp/1p2Pq2/1P3B2/P7/6P1/6K1 w - - 1 43	e6f7 h8g7 f7g7	1276	0p13151o
DNsBN	r7/1p1n1kq1/p2p4/3P1b2/7P/6Q1/P1P2PP1/4R1K1 w - - 0 28	e1e7 f7e7 g3g7	1276	050g0i0p1o
DoJ0w	1r2r2k/pq6/2p2bpp/4p1NR/pBB1P3/P4P2/1PP5/2KR4 w - - 0 25	h5h6 h8g7 h6h7	1276	0y1315191f1o
Dp7T7	5rk1/pR3ppp/2pQ4/3p4/8/P1P2rPP/2q2P2/4R1K1 w - - 0 34	d6f8 g8f8 b7b8	1276	050p13151n1o
EGj0R	5r1k/1Q4p1/2p3Pp/p2pr3/8/P1P5/1PP2nPP/5RK1 b - - 2 26	f2h3 g2h3 e5g5 g1h1 f8f1	1276	0i0p1013161n
EefyH	r4r1k/p1Q3Rp/5n2/1p3pN1/3q1P2/4n3/PPP3PP/6KR w - - 5 23	g7h7 f6h7 c7h7	1276	0y1315191o
EvuqU	2r3k1/5p1p/p5p1/1p3p2/3P4/P2BP3/1P1K1nPP/2R5 b - - 1 24	c8c1 d2c1 f2d3	1276	050g0p1o
GdzIO	6k1/1p3rp1/3R4/pP1P4/2P4P/4p2r/P7/1K4R1 b - - 0 35	e3e2 b1c2 f7f1	1276	000g0p1m1o
Gntyv	r1bqk1nr/pp3ppp/2n5/2b1P3/8/2P5/PP1P2PP/RNBQKBNR b KQkq - 0 6	d8h4 g2g3 h4e4 d1e2 e4h1	1276	0g0s101c
HWh80	5rk1/5ppp/1q3n2/2ppp1B1/4P3/2QPRbP1/5P1P/R5K1 b - - 1 23	d5d4 c3a5 b6a5 a1a5 d4e3	1276	010s1019
He7Ta	6k1/1q5p/pP4p1/P1QP1p2/5r2/4R3/3p3P/7K w - - 0 44	e3e8 g8f7 c5f8	1276	0p13151o
HhsGt	8/r2nR2p/p1n1N1pk/2p5/1pBP2P1/5b1P/PPP5/2K5 w - - 6 30	g4g5 h6h5 e7h7	1276	0i1315191o
I1PLK	5r1k/1p1r4/p4pQp/2p5/4P3/1P3q1P/2P3R1/7K w - - 0 32	g6h6 d7h7 h6f8	1276	0p0s13151o
I7boy	r3q1k1/p4ppp/3R1n2/1pQ5/8/2P2N2/PPP1rPPP/2K4R b - - 2 17	f6e4 c5c6 e4d6	1276	010s191o
JUaP9	r1bqk2r/ppp2ppp/1b6/3Pp3/4n3/7P/PP2BPP1/RNBQ1RK1 w kq - 0 11	d1a4 c8d7 a4e4	1276	010s1c1o
JmegP	8/8/2p5/p3k2p/P1P1Pp2/7P/4K3/8 w - - 2 47	e2f3 c6c5 h3h4 e5d4 f3f4 d4c4 e4e5 c4b3 e5e6 c5c4 e6e7	1276	000g0p11121e1l1w1z
Jv4R3	1k6/1p4p1/pP3b1p/2p2p2/2q1p3/P4PPb/4P2P/3Q2KB w - - 0 27	d1d6 b8a8 d6f8 f6d8 f8d8	1276	0p1013161k
KHKQW	rn3rk1/pp2ppbp/2pp1np1/7q/3P4/1P1N2Pb/PBP1PPBP/RN1Q1RK1 w - - 6 10	d3f4 h3g2 f4h5	1276	01111c1o
KrPpa	r2q1b1r/ppp2kpp/1nn5/4p1B1/8/2PP1b2/PP3PPP/RN1QK2R w KQ - 0 10	d1f3 f7g8 g5d8	1276	0g0t1c1o
LCK9h	r2qkb1r/1pp3pp/p2pN2n/4p3/3nP3/2NP4/PPP2PPP/R1BQK2R b KQkq - 0 9	d4e6 c1h6 g7h6 d1h5 e8d7	1276	010t101c
MB252	r1bq4/1pp2Qrk/p2p4/3NpPp1/4P1P1/3P4/PP5P/n4R1K w - - 0 19	d5f6 d8f6 f7f6	1276	0g191o
MXlF8	6k1/ppq3pp/3bb3/8/1Pp1Q3/P1P1B2r/5PP1/RN3RK1 b - - 0 22	d6h2 g1h1 h2g1 h1g1 c7h2	1276	050j0k0y101316191n
Mh58L	r4rk1/p1b3pn/2n1R3/2p5/2Q5/2P2NP1/PP3P1P/R1Bq2K1 w - - 1 21	e6e1 g8h8 e1d1	1276	0g0j0k11191o
NO73r	6k1/5pp1/1pQNpb2/4N2p/3P4/4n3/r5P1/4K3 b - - 15 45	f6h4 g2g3 h4g3	1276	0p1113151a1o
RDoP4	r4r1k/pp4pp/2nb1n2/3q1p2/8/1P2PQ1P/PB1P1P2/R3KBR1 w Q - 0 16	f3d5 f6d5 b2g7	1276	010y1112191o
RtUUQ	3rkb1r/pp1qnppp/8/2pNQ3/3pP3/8/PPP2PPP/R1B1K2R w KQk - 2 13	d5c7 d7c7 e5c7	1276	0g191o
ScsJM	1k1rr3/ppp1qppp/1bp5/4PQ2/5N2/P3B3/1PP4P/2KR1B1R b - - 0 18	b6e3 c1b1 d8d1	1276	0g0t191k1o
SpT8p	6k1/q4p1p/4pbp1/r7/1pB1PP2/1Pp4P/P1Q4P/1K1R2R1 b - - 0 25	a5a2 c2a2 c3c2 b1c2 a7a2	1276	0001050i10191k1n
TcsCZ	r7/pp1r2pk/2p2n1p/3pqN2/3Nn1RQ/8/PPP3PP/5RK1 w - - 2 29	g4g7 d7g7 h4h6 h7g8 h6g7	1276	0510111316191n
U7kD5	rn2k1nr/pp1b1ppp/1q2p3/3pP3/8/2N1PN2/PPP1Q1PP/R3KB1R b KQkq - 0 9	b6b2 a1b1 b2c3	1276	0g0s1c1o
Ufh6z	8/3b4/3pN3/3P2kp/8/5K2/6P1/8 b - - 1 45	d7e6 d5e6 g5f6	1276	0g0p1o
UvS6h	4r3/4Rppp/3n4/p1k5/P1p3P1/2P2BK1/2P5/8 w - - 4 40	e7c7 c5b6 c7c6 b6a7 c6d6	1276	010p0s10
WN7jg	r1b2rk1/ppp1q1pp/2nb1n1B/3p1p2/8/3B1PQ1/PPP3PP/RN2R1K1 w - - 0 15	e1e7 d6g3 e7g7	1276	010y1c1g1o
WPdfk	r1b1k1r1/1p2bpQp/p2q1n2/2pNp3/4P3/8/PPP2PPP/2KR1B1R w q - 3 14	d5f6 e7f6 g7g8	1276	010s1c1o
XUsdO	2r3k1/1p2Rpbp/p5p1/3r4/3q4/5Q1P/PP3PP1/1R4K1 w - - 0 22	f3f7 g8h8 e7e8 c8e8 f7e8 g7f8 e8f8	1276	1317191w
XoMnB	r4q1k/ppp3p1/8/5N2/2Q5/8/PP1r1PPP/R5K1 w - - 5 25	c4h4 h8g8 f5e7 f8e7 h4e7	1276	0g0p10
YGE1y	r2qk2r/1p2np1p/p1npb1pb/3Np3/4P3/1N6/PPPQ1PPP/2KR1B1R w kq - 0 12	d5f6 e8f8 d2h6	1276	0w13151c1o
YL6Gb	2b2k2/5Pp1/2p5/1p4N1/1Ppq2PQ/7P/3r4/4RK2 b - - 8 48	d4f4 f1g1 f4h2 g1f1 h2h1	1276	0p0r10111316
ZS0nx	3qk2r/rpp2pp1/2np1n1p/p3p2b/2B1P3/P1NP1N1P/1PP1QPP1/R4RK1 b k - 1 12	c6d4 f3d4 h5e2	1276	01191o
ZY4de	r4r1k/ppp3pp/5qn1/4p3/8/1BPPp2R/PP2Q1PP/R5K1 w - - 0 21	h3h7 h8h7 e2h5	1276	050y1315191n1o
aWPox	3Q4/p4kpp/1nb1p1q1/Bpp2p2/8/8/P1B2PPP/6K1 w - - 1 29	d8c7 c6d7 a5b6 a7b6 c7d7	1276	010b0p0s101g
awnUv	4r3/p5R1/1p3k2/2p2p2/8/P1P3R1/5KPP/4r3 w - - 5 39	g3g6 f6e5 f2e1	1276	0g0p0v1m1o
bgzCl	8/p2k3p/3np2Q/2bq3N/P7/6PK/2p5/5N2 w - - 0 33	h5f6 d7c6 f6d5	1276	0g0p0s1o
cdmJ2	r1b2rk1/ppp3pp/3bq3/5p2/3P4/1PN5/P3B1PP/R1B1QnK1 w - - 0 15	e2c4 e6c4 b3c4	1276	010s1c1g1o
duxvf	1k6/p2p3p/1p1P4/1N6/2P1np2/P7/1PK3p1/6B1 b - - 1 36	f4f3 b5d4 f3f2 g1f2 e4f2	1276	000g0p10
eF8ey	8/6p1/1Pk2n2/P1P4p/3K4/6P1/8/8 w - - 1 40	a5a6 f6d7 a6a7	1276	000g0p0z1o
eVmzo	2r1qr2/pQ3pbk/n1p3pp/4p2n/2P1P2B/3B1N2/PP3PPP/R4RK1 b - - 0 15	a6c5 b7a7 c5d3	1276	010s191o
f5fJH	r1b2rk1/pp3ppp/2pQ4/5P2/2P5/8/P4qPP/3RR2K w - - 3 23	d6f8 g8f8 d1d8	1276	050y1315191n1o
fMsZI	r1bqk1nr/p2pbppp/1pn1p3/6P1/3QP2P/8/PPP2P2/RNB1KBNR w KQkq - 1 7	d4g7 e7f6 g5f6	1276	0g1c1o
fm7mN	rnb1k2r/pppp1ppp/5n2/4q3/2B5/5QP1/PPPP1K1P/RNB4R w kq - 2 8	h1e1 e5e1 f2e1	1276	011c1g1o
foRLW	5k2/7R/1p1b2p1/p4p1P/6r1/P1B1PbP1/1P3P1K/4R3 b - - 0 35	g4h4 h2g1 h4h1	1276	0p13151d1g1o
gvfFe	r1b1k2r/pp2bppp/2N2n2/3pq3/8/2NBBP2/PPP3PP/R2Q1RK1 b kq - 0 11	e5e3 g1h1 b7c6	1276	0g0t0w1c1o
hhyZo	2r2rk1/4Bpp1/pq5p/1p2pR2/2n1n3/P1N4P/BPP3P1/R1Q4K b - - 0 21	e4g3 h1h2 g3f5	1276	010s191o
hoJmw	8/p4Q2/1kP2p2/1qb1p2p/4P2p/8/2P2PP1/6K1 w - - 1 34	f7b7 b6a5 b7b5 a5b5 c6c7	1276	000g0p0r10
ieK1x	4r1k1/p4p2/6p1/PPqp2P1/3P1P2/3Q4/3K4/4R3 b - - 0 42	c5b4 d3c3 b4c3 d2c3 e8e1	1276	0g0p0r10
irNyw	5r1k/1p4pp/7q/p2NP3/P7/4PpP1/1P2bP1P/R1R1Q1K1 b - - 3 27	h6h3 d5f4 f8f4 c1c8 h3c8	1276	0g1019
jh0ml	r7/ppp1kp2/4b2Q/r3q1p1/4P3/P2B3P/2P2PP1/R4RK1 b - - 0 24	a8h8 h6h8 e5h8	1276	01191o1t
k6zwX	r3nr2/1p4p1/ppb5/3qP3/7P/5Ppk/PPQ5/R1B2RK1 w - - 0 27	c2g2 h3h4 g2h1	1276	1315191o
k7RJx	r2q1rk1/pp2bppp/2p5/2n5/1Q2NBb1/5N2/PPP1BPPP/R3K2R b KQ - 0 13	c5d3 e2d3 e7b4	1276	0g0j191o
lgphw	8/5kp1/1B3p1p/2P5/8/4R1KP/2r1p1P1/8 b - - 3 53	c2c3 g3f2 c3e3	1276	010p1g1o
lhGJE	7k/p4pb1/7p/3N1p2/rRn5/4P3/2P2PPP/2KR4 b - - 1 30	a4a1 b4b1 g7b2	1276	0p13151o
mPqb9	r1b1k1nr/ppp2ppp/3p1q2/4n3/3QP3/2N5/PPP2PPP/R1B1KB1R b KQkq - 3 8	e5f3 g2f3 f6d4	1276	0g0j1c1o
muzbZ	2kn3R/ppp3pp/8/b7/8/8/b1Q2PPP/qN4K1 w - - 0 21	c2f5 a2e6 f5e6 c8b8 h8d8	1276	060i0s101316191g
myVRV	6r1/6rk/p2qp2p/1pppNpn1/3P1R1Q/P1P1P3/1PR3PP/6K1 w - - 0 34	h4h6 h7h6 f4h4	1276	051315191n1o
nGxRD	1r2r1k1/5pp1/p1Q1p2p/2p5/N1P1P3/5P2/PP4qP/1K1R3R b - - 2 19	b8b2 a4b2 e8b8 c6e8 b8e8	1276	0d0g10191n
nMsb1	2r3r1/p4qk1/3b4/5QBp/8/8/PPP2PP1/5R1K w - - 1 25	g5h6 g7h6 f5f7	1276	0g0i11191o
nNqSD	3r2k1/1bq3pp/p3Rp2/1p6/8/P2B4/1P3PPP/4Q1K1 w - - 0 24	e6e8 g8f7 e1e6	1276	0p111213151o1u
ng2Nz	8/p7/6p1/1p1p1kP1/1P2RP2/P4K2/8/8 b - - 0 37	d5e4 f3e3 a7a6 e3d4 f5f4	1276	0g0p101l1z
p3J5H	8/1kb3R1/2r1N3/p6p/Pp5P/6P1/1K6/8 w - - 6 42	e6d8 b7b6 d8c6	1276	0g0p1g1o
qnpqu	5r2/1p2r1kp/p1p1P1p1/4R3/2PP1pP1/1P6/P3RKQP/7q b - - 2 36	h1g2 f2g2 f4f3 g2f1 f3e2	1276	00050g0k0m0p0r0s10
qwcJV	6k1/4pp1p/5bp1/1NpP4/P3P3/6PP/1r3P2/R5K1 b - - 1 27	b2b5 a4b5 f6a1 b5b6 a1e5	1276	010j0p10
rK7cA	4r1k1/R1pnqp1p/1p1p1bp1/1B6/QP1P1n2/2P2N2/1B3PPP/6K1 b - - 0 21	e7e1 f3e1 e8e1 b5f1 f4e2 g1h1 e1f1	1276	060i1317191n1w
svqiN	3r4/pp2ppkp/6b1/8/N7/3p3P/P4Q2/2rB3K w - - 4 29	f2b2 f7f6 b2c1	1276	0g0p0s1o
tBN5W	r1b3r1/pp1k1Np1/1qpbpnBp/3n4/3P4/8/PPP1QPPP/R3R1K1 w - - 0 18	e2e6 d7c7 e6d6	1276	1315191o
tfNUB	r1bq1rk1/1p1p1pbp/4p1p1/4B3/4P3/1Q3N2/PPP2PPP/2KR3R b - - 0 15	g7e5 f3e5 d8g5 c1b1 g5e5	1276	010s1019
tk6q1	r1nqr1k1/ppp2pp1/1bbp4/4pPQ1/4P3/2PP2NP/PP4BK/RN3R2 w - - 1 18	f5f6 d8f6 f1f6	1276	0g191g1o
uiwbh	4rk2/p4p1p/2p2qp1/8/3p4/1P1B2Pb/P1PQ1P1P/1R4K1 w - - 0 24	d2h6 f8g8 h6h3	1276	0g0p0s111o
usjuy	8/1p5p/p1p2bp1/P1Pp4/1Pr2NPk/5K2/8/1R6 w - - 0 36	b1h1 h4g5 f4e6	1276	0p13151o
w0avD	7r/1p4p1/p4b2/2pkN2p/P7/2PP4/1P5P/2K1R3 w - - 5 25	c3c4 d5e6 e5g6 e6d6 g6h8	1276	0g0j0k0p10
w8Xmh	r3r1k1/1p3p1p/p3nBp1/3pPp2/7Q/2P1R3/Pq3PPP/R5K1 w - - 0 23	h4h7 g8h7 e3h3 h7g8 h3h8	1276	050y101316191d1n
wg3LF	8/7k/2p2nR1/p2p1rNP/6p1/8/PPPK4/8 b - - 2 36	f5g5 g6g5 f6e4 d2e3 e4g5	1276	050g0p0s101n
yHlGZ	rn5r/p1q2ppp/1p2pk2/1B1pN3/1b1Pb2P/8/PP3PP1/R1B2K1R w - - 2 14	c1g5 f6f5 g2g4	1276	1315191o
yQXt2	r4rk1/ppq3p1/2p1b2p/3p1p2/3Pn2N/P3P1PP/1P1BB1P1/R2QK2R b KQ - 0 17	c7g3 e1f1 g3f2	1276	0s1315191o
yfT29	r7/p6k/1p2p1p1/3p2q1/3Qn1N1/7P/P1P3P1/5RK1 w - - 2 29	f1f7 h7g8 d4g7	1276	0p13151o
yggZJ	4r1k1/6p1/p7/1p3pQ1/8/P4bP1/1Pn2RBP/7K b - - 0 34	e8e1 f2f1 e1f1	1276	0p1113151g1o
0jaua	r1bqkb1r/pp1n1ppp/8/3Bp3/8/3P2P1/PP2PP1P/R1BQK1NR b KQkq - 0 8	d8a5 c1d2 a5d5	1277	010s1c1o
0xuEb	1r6/3k1P1p/3bp3/r1B5/2KpNP1P/3P1B2/8/7R b - - 0 32	a5a4 c5b4 a4b4	1277	1315191d1o
166dI	1b2Q3/p6k/1p2p1p1/6Pn/P2PB3/4B2P/7q/5K2 b - - 8 36	h5g3 f1e1 h2e2	1277	0p0s13151o
1nh5v	2r5/4kp2/1qP1p3/p1RpP3/Pp4P1/1P4K1/5Q2/8 w - - 2 41	f2f6 e7f8 f6h8	1277	0g0p1o
2yP29	r1b3k1/5pp1/3p1b1p/p1pP1q1Q/1pP2B2/1P6/1P3PPP/4R1K1 w - - 0 24	e1e8 g8h7 h5f5 c8f5 e8a8	1277	010w0y1019
3kJ1Q	r6r/pb1R4/1p3k2/2p1pp2/2P1qNp1/6P1/PP4P1/3R2K1 w - - 2 32	d1d6 f6g5 d7g7	1277	1315191o
4JHoc	1r4k1/6pp/8/Q3p3/P7/5q2/3RR3/3K4 b - - 1 43	b8b1 d1c2 f3b3	1277	0p13151g1o1u
4p1HM	6rk/pp3Qpp/8/4n1N1/8/7P/PPP1q3/1K1R4 w - - 6 32	f7g8 h8g8 d1d8	1277	050p13151n1o
5LkH1	1r6/4k3/pq1p4/1r2p1Np/4Pp1P/Q4Pp1/KP1RR1P1/8 b - - 6 37	b5a5 a3a5 b6a5	1277	01191g1o
6mtX7	r3r3/ppp2pkN/3p1n2/4b3/2P3b1/2N5/PPB3P1/2K2R1R w - - 2 23	h7f6 e5f6 h1h7 g7g8 f1f6	1277	0g0i0s1019
6yxFv	rnbqkb1r/ppp2ppp/5n2/4N3/2p5/4Q3/PPPP1PPP/RNB1K2R w KQkq - 0 7	e5c6 d8e7 c6e7	1277	010j0k1c1o
7dzjj	3Q2rk/p2R2pp/r4p2/5n2/8/2P2p2/1q3PPP/4R1K1 w - - 0 32	d8g8 h8g8 e1e8	1277	051315191n1o
7eooW	8/1p3k2/p7/2P3Kp/1P6/P7/8/8 b - - 0 49	f7e6 g5h5 e6d5 h5g4 d5c4	1277	0g0p10111e
7kUF9	8/4R2p/6pk/3KN3/n4PP1/6nr/8/8 w - - 4 49	g4g5 h6h5 e7h7	1277	0i0p13151o
7zHu9	rn3r1k/pp4p1/q4bQ1/3p4/3N2P1/4PP2/PP3K1P/RN5R b - - 0 17	f6h4 f2g2 a6g6	1277	0g0j191o
8PU8b	8/p3bkpQ/8/3p4/5PP1/8/PP2q2P/R1B3K1 b - - 0 35	e7c5 c1e3 c5e3 g1h1 e2f3	1277	0p101316
8Pxsq	1r4k1/R5b1/3p2pp/3Pp1q1/5p2/3B2Pb/1P1Q1P1K/4R3 b - - 1 30	f4g3 h2h3 g5d2	1277	0g0j191o
9siLe	2kr1bnr/1pp2ppp/8/p3p3/3nPB2/2KB3P/PPP5/RN1Q3R b - - 0 13	f8b4 c3c4 b7b5	1277	1315191o
AClaj	r2q1rk1/2p2pb1/3p1n1p/3N1QN1/3P4/8/PP4PP/R1B3K1 w - - 0 18	d5f6 d8f6 f5h7	1277	0y1315191o
AliEy	r3rb1k/pp1n2pp/2p4B/7q/3pPR2/3P2QP/PPP3P1/R5K1 w - - 0 18	f4f8 d7f8 g3g7	1277	0y1315191o
AsHH8	5nk1/6b1/4b3/3pP1Q1/2pP4/2P5/rq1B3P/3B1RK1 w - - 3 34	f1f8 g8f8 g5d8 f8f7 d1h5	1277	050r101316191g1n
BSZJz	8/R3b1pp/p3k3/1p6/3B4/r3P2P/5PP1/6K1 w - - 0 27	a7e7 e6e7 d4c5 e7e6 c5a3	1277	01050p0r0s101n
CoQQf	6k1/1q2r3/3p1p2/3PbQp1/1p2P3/2p4R/6P1/7K w - - 2 46	f5g6 e7g7 g6e8	1277	0p13151o
CrMIl	rnb3kr/ppp3pp/8/8/4P2q/8/PPP4p/RNBQ1R1K w - - 0 13	d1d5 c8e6 d5e6	1277	0y1315191o
DAHCd	8/6p1/7p/2k5/Pr6/1pK3P1/7P/5R2 w - - 6 46	f1f5 c5c6 c3b4 b3b2 f5f1	1277	0g0h0i0p101m
DT8tV	1r6/8/3P3p/4kpp1/3Rp3/4K2P/3N1PP1/8 b - - 0 37	f5f4 e3e2 e5d4	1277	0g0i0p1o
DXDni	2r3k1/pb1r2b1/4R1Qp/5p2/1B3P2/PP1p4/1q6/4R1K1 w - - 0 39	e6e8 c8e8 e1e8	1277	0x1315191o
E9ai5	r5k1/pp3p2/3p2pp/2p1r3/6b1/5N2/PPP1BPPP/R3K2R b KQ - 2 18	g4f3 g2f3 a8e8 e1c1 e5e2	1277	0110191g1l
EMF4S	R7/8/2k5/6p1/5n2/3p3P/PP5K/8 b - - 1 43	d3d2 a8d8 f4d5	1277	000g0h0p1o
EY8Co	4r1k1/ppp3pp/3p4/8/2P2Rqn/P1PP4/3Q3P/R1B1N2K b - - 0 24	e8e1 d2e1 g4g2	1277	0y1315191n1o
Ewi39	2k2r1r/ppp5/1qn1pQBp/6p1/2P5/1P5P/P5P1/4RR1K w - - 3 27	f6e6 c8b8 f1f8 h8f8 e6e8 c6d8 e8f8	1277	050g0j191g1w
FQ0eH	7r/2R1Qpp1/p3p1k1/4P1p1/3P4/P4bN1/1P3P1r/6K1 b - - 1 28	h2h1 g3h1 h8h1	1277	0p13151d1n1o
Fn3YQ	1k5r/1bq2pp1/Bbpp4/4pP2/P3P1n1/1QP3N1/6Pr/1R3RK1 w - - 6 27	b3b6 c7b6 b1b6 b8a7 b6b7	1277	0110191k
GoHyw	8/ppkQ4/1b1p4/1P5p/4PR1P/P7/2p3PK/8 b - - 0 35	c7d7 f4f1 b6e3	1277	0g0h0p0t1o
HVk4k	8/6k1/p1p3r1/1p1p1R2/3P1K2/P1P4P/8/8 w - - 5 43	f5g5 g6g5 f4g5	1277	0g0p1m1o
HZuGF	r6k/4n1pp/p5rq/1p2Qp2/5n2/1NP4P/PP1N1PBK/R5R1 b - - 0 24	g6g2 g1g2 h6h3 h2g1 h3g2	1277	0510131619
HnYgY	k7/8/p7/Ppp5/4K1R1/r5P1/5P1P/8 b - - 0 45	a3a4 e4f3 a4g4 f3g4 b5b4	1277	0g0h0p101m
HwJIN	1b2r1k1/1p3p2/5R2/1P5p/2QP2q1/4r1P1/4N2K/5R2 w - - 2 36	c4f7 g8h8 f6h6	1277	1315191o
IJ5xO	2r5/4pk2/1Rr1p1p1/3pP2p/K2P1P1P/1RP3P1/8/8 b - - 0 37	c8a8 a4b5 c6b6 b5b6 a8b8 b6c6 b8b3	1277	050g0p0w1m1p1w
IxJS2	r4r2/pp4kp/3qp1p1/3nQ3/3P3P/1B2p3/PP3PP1/2RR2K1 b - - 1 22	d6e5 d4e5 e3f2 g1f1 d5e3	1277	00010y1019
K8nRJ	8/8/8/1p2p3/2p2p2/P2pkr2/1P1R2Pr/2K3R1 w - - 0 56	g1e1 e3d4 g2f3	1277	010p1m1o
KQl8y	4r2r/p2k4/2pq2p1/2p2p2/8/2N3Q1/PPP3PP/5R1K w - - 6 26	f1d1 d6d1 c3d1	1277	010p111g1o
KjilM	r2q1r1k/pppbp1bp/3p2p1/3B2Q1/4pN2/4n3/PPP2PPP/2KR3R w - - 0 15	f4g6 h7g6 g5h4 g7h6 h4h6	1277	0y101316191n
LC89U	8/p2b1p2/p5kp/8/P2b1p2/1R3P1P/6PK/8 w - - 1 40	b3d3 d7a4 d3d4	1277	010p1o
LGOVg	2k4r/ppp2p2/2p3r1/8/4PR2/4R3/PPP1N1p1/6K1 b - - 1 26	h8h1 g1f2 h1f1	1277	0p0q13151o
LR9td	r1b2rk1/pp3p1p/3qp1p1/3N4/3QP1n1/8/PP3PPP/2R1KB1R w K - 0 15	d5f6 g4f6 d4d6	1277	0g0j191o
LTxSm	1k5r/pp3p2/2p5/4p3/3bP1B1/3P4/PP1Q1qRp/R6K b - - 3 29	f2g1 a1g1 h2g1q	1277	000k0m1315191h1o
LYYlB	2r5/2P5/8/8/1P4k1/2R2p1p/1K3P2/8 b - - 1 40	h3h2 c3c1 c8c7 c1c7 h2h1q	1277	000g0i0p101h1m
M72qz	5nk1/7p/p3r3/2p4Q/8/4q3/6PP/5R1K w - - 0 31	h5f7 g8h8 f7f8	1277	0i0p13151o
MW2rQ	8/5pk1/2pR3p/1pPbrP2/8/P7/5K2/4B3 w - - 0 36	e1c3 g7h7 c3e5	1277	0g0p1g1o
MhjAu	2bqr1k1/1pp2ppp/2np3r/p1b2P2/2P1P3/1P4N1/P3B1PP/R1BQ1R1K b - - 2 18	h6h2 h1h2 d8h4	1277	050y111315191n1o
NChin	2k3r1/ppp2pr1/7p/1PqBP1N1/P5n1/2P5/3QR1P1/R4K2 b - - 0 31	g4h2 f1e1 c5g1	1277	1315191o
NPKx6	8/5bk1/R7/8/P2P4/4r3/6B1/5K2 b - - 0 39	f7c4 f1f2 e3e2	1277	010p0s1o
NcfCW	2r5/4kppp/pp2p3/3n4/P1NR4/2P2P2/1P4PP/5K2 b - - 3 25	c8c4 d4c4 d5e3 f1e2 e3c4	1277	050g0p0s101n
NnHcj	8/p1p2kpp/3b3r/2pq4/4R2P/3PQ3/PPP5/6K1 w - - 2 24	e3f3 h6f6 e4e7 f7e7 f3d5	1277	010j0p10
Od16G	6k1/8/1p6/3pb3/P6p/2PB3P/1P2QKP1/2q5 b - - 3 35	e5g3 f2f3 c1f4	1277	0p13151o
P5DpG	8/4p3/1p1p3P/p2Pk3/r1P5/4K3/4B3/8 w - - 0 56	h6h7 a4a3 e2d3 a3d3 e3d3	1277	000g0h0p10
P5gRK	r2qkbnr/ppp3pp/3p4/4N3/2B1Pp2/2N5/PPP2PPP/R1BbK2R w KQkq - 0 9	c4f7 e8e7 c3d5	1277	13151c1o
R98vp	8/p2Q2Rp/5p2/4r3/2P1qk2/P4b1P/1P3P1K/8 w - - 3 33	g7g4 f3g4 d7g4	1277	0p13151n1o
RIXcc	1r1r4/5Rbk/3q3p/pp2p1p1/2b1P2N/2PnQ1PP/3B2B1/4R2K w - - 0 31	f7g7 h7g7 h4f5 g7g8 f5d6	1277	01050s10191n
RaPHy	r1b3k1/ppp2qpp/5r2/4n3/2P1p3/B7/P1P2PPP/R2QR1K1 w - - 0 16	d1d8 f7f8 a3f8	1277	010y191o
RwIen	2k1r3/pppb4/2p3Q1/6B1/q6p/7p/5PP1/3R2K1 w - - 5 31	g6e8 d7e8 d1d8	1277	0p13151d1n1o
SObHa	1br2rk1/1b3p1p/p3pp2/1pp5/2P4B/P1nP1Q1P/Bq3PP1/R3RK2 w - - 0 25	f3g4 g8h8 h4f6	1277	0w0y1315191o
SetCk	2R5/5pk1/7p/7P/3PpP2/P3P3/1BRK4/4rrq1 w - - 0 46	d4d5 f7f6 c2c7	1277	0j0k0p13151o
Sjvl0	8/8/6pk/7p/6PK/2P2R1P/2r5/8 b - - 0 44	g6g5 h4g3 h5h4	1277	0p13151m1o
TemPX	8/1RP5/5kp1/1P6/8/5n1K/2r5/8 w - - 0 53	b7b6 f6g5 b6c6	1277	0g0p111o
Uv4O7	r4rk1/3b1p2/p1p4p/1pQp1qp1/3P4/P1P1P2P/5PP1/R2BK2R w KQ - 4 23	d1g4 f5f6 g4d7	1277	01191o1p
VNmTr	1k6/1Pp1q1b1/p3p3/5p1r/2P5/4Bp2/P4PPP/1R1rR1K1 w - - 1 23	e3a7 b8a7 b7b8q	1277	00051315191h1k1o
WR5VG	r5k1/7r/5Bp1/pp1p2P1/3P4/2P2pK1/1P2b2R/4R3 w - - 2 38	h2h7 g8h7 e1h1 h7g8 h1h8 g8f7 h8a8	1277	050g0p0r1p1w
WtF0W	2r5/2p4p/1bB3k1/p2Ppr2/8/N7/1P4PP/5R1K w - - 0 28	f1f5 g6f5 c6d7 f5e4 d7c8	1277	01050p0r0s10
XZO1Z	7k/1ppq1p2/p1n2p1p/4P3/1P3n2/PBP2NP1/1BQ4K/8 b - - 0 26	d7h3 h2g1 h3g3	1277	0g0i191o
ZDBz9	8/6b1/5p2/p1R2Bpk/3pP3/3P2K1/P7/3r4 w - - 1 43	f5g4 h5g6 g4d1	1277	0g0p0s1o
ZhcaW	7r/6p1/p4kB1/npp3p1/4Rq2/1Pp2PpP/PKQ3P1/8 w - - 0 34	c2c3 f6g6 e4f4	1277	0g0p0s1o
arbtM	r1bqkb1r/pp3ppp/2p2n2/Q2Pp3/8/1PN1P3/5PPP/R1B1KBNR b KQkq - 0 9	d8a5 a1a5 f8b4	1277	011c1g1o
bsXpH	r1b2rk1/pp2b1pp/2n2p2/4p3/3p1P2/1N4P1/PPPBQ1Bq/2KR4 w - - 0 16	g2d5 g8h8 e2h2	1277	0g0j191o
dCdMQ	1rbq1rk1/1p2bppp/p1p5/3nN3/3P4/1Q3N2/PP1B1PPP/R3R1K1 w - - 6 17	e5c6 b7c6 b3b8	1277	011112191o
e7rNV	8/r3P1kp/5pp1/p5B1/bnB1P1N1/7P/5PP1/6K1 w - - 0 28	g5f6	1277	0p1113141b
fJJ36	7k/5pp1/8/pp1R4/7P/6P1/Pr3r2/3R2K1 w - - 0 38	d5h5 h8g8 d1d8	1277	0p13151m1o
fL7GX	r2q4/ppp1br1k/6p1/3pN3/3P2n1/P2QP1P1/1P4PP/R5K1 w - - 0 19	d3g6 h7h8 e5f7	1277	0f0s0w1315191o
gL2eW	6k1/3q1pp1/2p1b2p/1p6/1P1p4/2PB2QP/4RPPK/r7 w - - 0 28	g3b8 d7c8 b8c8 e6c8 e2e8	1277	0p1013161f
gdwu2	rn2kb1r/pQp2ppp/2q1pn2/8/8/8/PPP3PP/RNBR3K w kq - 2 11	b7c8 e8e7 c8d8	1277	13151c1o
hMXUD	r2q1k1r/pb1n1ppp/2p1pn2/8/Q2P4/3BPN2/5PPP/RN2K2R w KQ - 0 12	a4b4 c6c5 b4b7	1277	010s1c1o
iou3b	1r5k/3RNQpp/8/8/p1P3P1/8/q1b4P/6K1 w - - 1 30	e7g6 c2g6 f7g7	1277	0p13151n1o
jA2Pa	3r2rk/2Q1R1p1/3pR2p/2p2p2/5P2/p2b2PK/1q5P/8 w - - 0 40	e6h6 g7h6 e7h7	1277	1315191n1o
jPQ7x	1R4rk/p5p1/4Q2p/2P2p1q/3P2rP/P3PbP1/1R3P1K/8 b - - 1 36	g4h4 g3h4 h5h4 h2g1 h4h1	1277	101316191n
jYqDw	5rk1/5pp1/1p6/1P1PP2q/1P6/P5BN/5RBK/3n4 w - - 5 41	g2f3 h5g6 f3d1	1277	010v191o
jyfvy	8/8/8/4p3/4Pkp1/3K4/6B1/8 b - - 2 49	f4g3 g2f1 g3f2 f1e2 g4g3 e2g4 g3g2	1277	00080g0p1w
kWyXU	r4r2/p4p1p/2p5/1pn2k2/4p1RP/1B2R3/PPP2P2/2K5 w - - 1 25	g4g5 f5f4 g5c5	1277	010p1o1p
kYNUU	r1b2b1r/1ppnkp1p/p2ppN2/5pB1/8/2NP1P2/PPP4P/R3K2R w KQ - 6 16	f6d5 e7e8 d5c7	1277	0k0m1315191o
l9JVf	2r2r2/1N1k4/1p6/p2pQ3/P7/2P5/1P3qPP/R6K w - - 5 38	e5d6 d7e8 d6e6	1277	0p13151o
mURpY	2kr3r/Qpp2ppp/5n2/6N1/2q3b1/2P5/P1P2PPP/R1B2RK1 b - - 0 15	c4f1 g1f1 d8d1	1277	050y1315191f1n1o
myizQ	2rk2nr/p2q1ppp/Q7/4N3/1b2p3/6P1/PP1PPPBP/R1B1K2R b KQ - 1 12	c8c1 a1c1 d7d2 e1f1 d2c1	1277	05060s1013161c
ngAWs	2q3k1/5rpp/5n2/pB1p4/2p2Q1n/B1P2P1P/PP3P2/2K1R3 b - - 3 27	h4g2 f4e5 g2e1	1277	010s191o
pTV8S	r1b2k2/p1p2p2/1p1q1b2/3P2rQ/6p1/1P4N1/P4PPP/3RR1K1 w - - 5 25	h5h6 f6g7 h6g5	1277	0g0i191o
pWx0C	6k1/1p3pp1/p1b3rp/8/P7/1P1Q2qP/1BP3P1/2R3RK b - - 6 36	c6g2 g1g2 g3g2	1277	1315191o
phpTF	r2r2k1/pp3ppp/4b3/n3Pp2/2Pq1P1b/PP1pQ2P/B2N2P1/1RB2R1K w - - 3 22	e3d4 d8d4 d2f3 d4d7 f3h4	1277	010s1019
pkewC	2k5/pp3p2/3p1P2/4p1P1/2Pp4/1P1P3r/P5R1/5K2 w - - 1 32	g5g6 f7g6 f6f7 h3f3 g2f2 f3f7 f2f7	1277	000g0h0p1m1w
qjzRR	4rr1k/p1p1q2p/3p4/1p1Bp2Q/3n2N1/3R3P/PP3PP1/5RK1 b - - 1 24	d4e2 g1h2 e2f4 h5h6 f4d3	1277	010s1019
rB8d3	3r2k1/3rnpb1/2p1p1P1/ppq1P1B1/P5Q1/2PB4/1P1R1P2/4R1K1 b - - 0 26	d7d3 d2d3 d8d3	1277	0111191o
rqeAC	4r1k1/pp4p1/8/3Pqp2/1P3Qn1/P1NR2PK/2P2P2/8 b - - 2 30	e5f4 g3f4 g4f2 h3g2 f2d3	1277	010b0p0s10
sCA45	1r4k1/2qp2B1/p3pnP1/4b3/Np4r1/1P1b3R/P1PQ4/1K1R4 w - - 0 26	h3h8 g8g7 d2h6	1277	0y1315191n1o1u
sazWy	4N3/p6k/1pb4p/5n2/3r4/1B6/PPP5/2K3R1 w - - 2 31	e8f6 h7h8 g1g8	1277	030p13151d1o
suAuj	r2q2k1/pb2br1p/1pn1R1p1/2p4Q/2BP4/2P5/P1P2PPP/R1B3K1 w - - 0 14	e6g6 h7g6 h5g6	1277	0g0y191g1n1o
swMfb	1b5r/1Q3pk1/6p1/1p2p1r1/8/P1B1P2P/1PP2RP1/3q2NK b - - 1 35	h8h3 g2h3 d1g1	1277	0y1315191g1o
trHKu	r6r/p3kppp/1p2pn2/1N6/8/2B5/PP3P1P/2KR3b w - - 0 18	c3b4 e7e8 b5c7	1277	0f1315191o
u9fmj	r1b1kb2/pp1n1p2/1qp1p2B/3pPp2/3P4/2N2N2/PPP2PrP/R1Q1K2R b KQq - 0 13	f8h6 c1h6 b6b2	1277	0g1c1o
uX4E2	3r4/2R1Qpkp/5qp1/2P5/8/7P/5RP1/6K1 b - - 0 28	d8d1 g1h2 f6f2	1277	0g0i0p1o
v2XyT	4rnk1/ppqb1r2/2p2pNp/8/3Pp1Q1/2P3P1/PP3PP1/R3R1K1 w - - 0 23	g6e7 g8h7 g4g8	1277	0k0m0y1315191o
vQouK	6r1/kp3p2/4p2p/q3Pn1P/pNRP4/P7/2Q2KP1/8 b - - 2 40	g8g2 f2g2 f5e3 g2f3 e3c2	1277	050g0p0s101n
vUmvA	5r2/1p5k/1q1p2pp/1NpPp3/p1P1P1P1/P4r2/1P1Q2K1/7R w - - 0 34	d2h6 h7g8 h6g6	1277	0i0p13151o
wHDlD	r2qk1nr/1p1nb1p1/p2p2p1/1NpPp1B1/2P1P2p/5Q1P/PP3PB1/R4RK1 w kq - 0 18	b5d6 e7d6 g5d8	1277	01191o
wTNc5	3rr3/3k1pp1/p4np1/1P1p4/8/2QBB2P/4KPP1/7q w - - 2 25	c3c6 d7e7 e3c5 d8d6 c6d6	1277	0r10131619
xx8hb	3rr1k1/p1p2pp1/2p1b2p/3qPn1P/3N4/1P2B1Q1/P4PP1/2R1R1K1 w - - 3 27	d4f5 e6f5 e3h6	1277	0g11191g1o
ycMov	r5k1/p1p3pp/bpp1q3/4QR2/4P3/4P2P/PPP1N1P1/2K5 b - - 0 20	e6e5 f5e5 a6e2	1277	010p1o
yeOZD	r3qr1k/pp4b1/n1p5/4pbQP/2P5/2N5/PP3PP1/2KR1B1R w - - 1 19	h5h6 g7f6 g5f5	1277	010v1c1o
ykjVT	4rr1k/pp1n3p/8/2pp2Q1/5qP1/P1P5/1P3p2/K4R1R w - - 1 30	h1h7 h8h7 f1h1 f4h2 h1h2	1277	05101316191n
yngT6	r5kr/1b4b1/pp1pN1p1/2pPp2p/2P1P1nq/3B1QN1/PP4P1/R4RK1 w - - 2 30	f3f7 g8h7 f7g7	1277	0s1315191o
yriF0	r4rk1/p4p2/4bBN1/1n1B1p1p/1p2P2P/q2P4/2PQ1P2/1K1R3R b - - 0 23	b5c3 f6c3 b4c3 d2c3 a3c3	1277	0g0s101119
050qo	r3r1k1/2pq1ppp/pbn3b1/1p1NP3/6P1/5N1P/PP3P2/R1BQR1K1 w - - 1 18	d5f6 g7f6 d1d7	1278	0g0j191o
2567j	r3k2r/1p1n4/3Pp1n1/3pN3/2pP1pp1/6B1/P4PP1/R4RK1 w kq - 0 25	e5g6 h8h6 g6f4	1278	010t191o
2Jtwu	3Q4/5pk1/4p1p1/3P4/p3PPKP/r7/8/8 b - - 0 49	f7f5 e4f5 e6f5 g4g5 a3g3	1278	0p1013161j
409Zt	r3r2k/pb3Qp1/2p2n2/5PN1/1p6/1R6/3q2PP/2R4K w - - 4 41	b3h3 f6h7 h3h7	1278	1315191o
5TcXH	5rk1/p3Qp1p/3p1Pp1/1r6/8/8/Pq4PP/2R2RK1 w - - 1 22	e7f8 g8f8 c1c8	1278	050p13151n1o
6cFuV	8/2p5/Pkn3Q1/qp6/8/7P/5rPK/2R1q3 w - - 0 41	g6c6 b6a7 c6b7	1278	0p13151o
7EuLw	rnbq2nr/pppp2k1/4p1p1/4Ppb1/3P2PP/3B4/PPP5/RNBQK2R w KQ - 0 11	c1g5 d8g5 h4g5 h8h1 d3f1	1278	0g0h101c
7UDnj	8/1pNQp3/pkp5/n4K2/3P1P2/1P2P3/P1P3q1/8 b - - 12 41	g2h3 f5g6 h3d7	1278	0g0p1o1p
7V3uK	1r4k1/2p2p1p/6p1/8/2QP4/4qP1P/B5PK/5r2 w - - 0 34	c4f7 g8h8 f7f6	1278	0p13151o
7yJCv	5rk1/pb4pp/5q2/n2pp3/B7/P3R3/1PP2PPP/R2Q2K1 b - - 0 21	f6f2 g1h1 f2e3	1278	0g0s191o
85VyP	7k/5pp1/4p3/2QpR3/2p5/1rq3Pp/5P1P/r3R1K1 w - - 2 41	e5h5 h8g8 c5c8	1278	0p13151o
8WnyN	6k1/pRb4q/2p5/3p4/P2P2p1/4P2p/3B1P2/5RKQ b - - 3 40	h3h2 g1g2 h7h3	1278	000p13151o
8a9ZZ	1q1r1b2/p3N1k1/1p1P1npp/8/2p1p3/2P3PB/P1Q2P1P/3R2K1 w - - 2 30	e7c6 b8a8 c6d8	1278	0g0s11191o
ACt7l	2kr3r/pp1b2p1/n1p4p/5P1P/6Q1/PBq1B3/2P2PP1/2KR3R b - - 2 19	c3a1 c1d2 d7f5	1278	0g0j0k191o
APuNr	3r4/pkN4R/1p6/8/3nPB2/8/PPP5/2K5 b - - 7 39	d4e2 c1b1 d8d1 f4c1 d1c1	1278	0p0s101316
CzOg0	r2q1r1k/ppp1b1pn/3p3p/4N3/P7/2P1B3/BPN2PPP/R2bK2R w KQ - 0 15	e5g6	1278	1314191b
E86wk	8/1p1Rrkp1/p3p1p1/4bp2/2n2N1r/2B5/PPP2PP1/5RK1 w - - 1 28	d7e7 f7e7 f4g6	1278	050g191o
EEGDq	2r2rk1/2R3bp/Q2p2p1/3Pp3/4B3/P4P2/1P4PP/2q3K1 w - - 0 29	c7c1 c8c1 g1f2	1278	01191o
EsP4Q	6k1/pp3r1p/2p3pb/5pR1/5B1q/5P1P/PPPQ1P1K/8 w - - 0 25	d2d8 f7f8 g5g6 h7g6 d8h4	1278	0g0j0p0y10
F6w1R	1r1qk2r/pbn1bppp/1p2p3/1Pp5/P3NP2/3P2P1/2P3BP/R1BQ1RK1 b k - 0 15	d8d4 c1e3 d4e3	1278	010s1c1o
FmAXJ	3rr2k/pp3qp1/6Bp/2p5/2P3p1/1PB3P1/P1QR1P1P/6K1 b - - 3 26	e8e1 g1g2 f7f3	1278	0y111315191o
Gq22l	4r3/p1P4Q/4k3/3p4/3p1Bn1/5qP1/PP3P1P/6K1 w - - 3 38	h7g6 g4f6 g6e8 f6e8 c7c8q	1278	000g0p0s10111h
Gthus	7Q/pp3k1b/4p2p/2p1BP2/6P1/2p4P/1P6/qBK1R3 b - - 0 32	a1b2 c1d1 b2d2	1278	0p13151k1o
HR0T4	4r1k1/p4pp1/2p3np/2Q5/1P6/PKB5/4q2P/R7 w - - 4 32	a1e1 e2e1 c3e1	1278	010p1o
I2Teu	2r2rk1/pp2b1pp/8/3Pp1N1/1P2b3/PB4R1/3K3n/R7 w - - 0 27	d5d6 g8h8 d6e7	1278	00010j0k191o
IcKUl	5kb1/ppp2rn1/8/2Np4/7Q/2P5/1r5P/6K1 w - - 0 36	h4d8 g7e8 c5e6	1278	0p13151o
IvpR4	1rr4k/2q2Bpp/p7/n3N3/P2P2P1/1p2Q3/1Pp2PP1/4R1K1 w - - 1 31	e5g6 h7g6 e3h3	1278	1315191n1o
Ix965	4rrk1/4Rppp/3R4/pppB4/b7/2P5/1P3PPP/6K1 w - - 2 26	d5f7 f8f7 e7e8	1278	0g0i0p0s1o
JOBEC	8/1p5k/4n2P/p4RP1/8/3K4/bP6/8 b - - 0 46	a2b1 d3c4 b1f5	1278	0g0p1o1p
JvFjw	7r/pp1bk2p/2p2p2/4p3/4B1r1/6P1/PPP2P1P/2KR3R w - - 1 19	d1d7 e7d7 e4f5 d7c7 f5g4	1278	050g0p0s101n
LjYnH	rn2kb1r/p1p2pp1/1p2p2p/4NP2/3q4/2Q5/PP3PPP/R1B1KB1R b KQkq - 0 11	f8b4 c1d2 b4c3	1278	011c1g1o
NXNXg	8/5ppk/2R5/5KP1/1p3P2/1R6/2prr3/8 w - - 6 45	b3h3 h7g8 c6c8 d2d8 c8d8 e2e8 d8e8	1278	0p13171m1w
OCkAQ	2n3k1/pQ3pp1/4p1p1/8/3P2Pq/PB2PK2/1P6/8 b - - 3 29	h4h1 f3f2 h1b7	1278	0g0p1o1p
OjW16	1b1r1rk1/p2p2pp/5pq1/3Pp3/3pP2Q/3b2PB/1P1B1P1P/R4RK1 w - - 0 20	h3f5 g6f5 e4f5	1278	01191o
OvxHV	8/8/8/1pp2k2/6p1/P2K1PP1/1P6/8 b - - 0 41	g4f3 d3e3 f5g4	1278	0g0p1e1o
PMrOB	4k1nr/1p3p1p/3pB1p1/1P6/1p2nP2/1Pb5/r5PP/1R1Q1KNR b k - 0 18	a2f2	1278	1314191b
PPGdL	rq3r1k/p4pbP/4p2B/8/3p2P1/2PB1b2/PP1Q3P/2KR4 w - - 3 21	h6g7 h8g7 d2g5 g7h8 g5f6	1278	050r0y10131619
PwI9r	3r1k2/7R/p3K1p1/P1p2p2/4nP2/6P1/3p2BP/8 w - - 0 40	h7h8 f8g7 h8d8 d2d1q d8d1	1278	0g0p101p
Q46ky	1r4kr/pb2p3/1pq1PnpQ/8/3B4/1B6/P5PP/R6K w - - 0 30	h6g6 g8f8 g6f7	1278	1315191o
Rt4j7	1kr5/pp2bppp/4p3/3n4/7r/P3BP1P/1P2KPB1/2RR4 w - - 1 20	e3a7 b8a7 c1c8	1278	010i191k1o
ShBJW	6Q1/8/3p2pk/2p1q1b1/5p1p/PP3RnP/6PK/5B2 b - - 3 48	g3f1 f3f1 f4f3 h2h1 f3g2 h1g2 e5g3 g2h1 g3h3	1278	00050g0i0j0k0p1w
SlAlq	1r1q2r1/1p3Bk1/3p3p/2pN3Q/2P1PP2/1P5P/8/6bK w - - 0 37	h5g6 g7h8 g6h6	1278	0i0s1315191o
Us9d1	r4k2/5qpQ/5p1p/r2p4/2pP4/Pp2R2P/5PP1/4R1K1 w - - 12 35	h7h8 f7g8 e3e8 a8e8 e1e8 f8e8 h8g8	1278	01050p1w
Uwoj3	2RB4/5bk1/p2p3p/1p2p1r1/5p1q/P2B1Pr1/1P3QPP/6RK b - - 14 36	h4h2 h1h2 g5h5 d8h4 h5h4	1278	050y101316191n
VNxXJ	rnb1k1nr/ppp2ppp/2q5/4N3/1b6/2NP4/PPP2PPP/R1BQKB1R b KQkq - 0 6	b4c3 b2c3 c6c3 c1d2 c3e5	1278	010s101c
Vy1fq	r2r4/3n1kpp/p1p1bp2/1pq1p3/4P3/P1N1QP2/1PPRBKPP/R7 w - - 5 23	d2d7 e6d7 e3c5	1278	0g191o
X3gjI	1r3k2/6R1/4P1pK/3p3p/7P/2Pb2P1/8/8 w - - 6 42	e6e7 f8e8 g7g8 e8e7 g8b8	1278	000g0p0r101p
XNTZn	4r1k1/5pp1/1p5p/8/P1Qq4/5P2/2R3PP/5K2 b - - 11 36	d4d1 f1f2 d1e1	1278	0p13151o
Y5jey	3k4/pQp3q1/2nb2r1/3r4/7p/5R2/PP3PPP/4R1K1 w - - 0 29	b7a8 c6b8 a8b8 d8d7 b8e8	1278	0s1011131619
YQ6q2	r4b1r/pp1k1ppp/1q6/2pp4/1n1P1B2/PQN1P3/1P3PPP/R3K2R b KQ - 0 13	b4d3 e1d2 b6b3	1278	0g0j191o
ZI8yT	r3q3/p1p4p/1p3Bpk/3Qn2r/4p3/2P3R1/PPP2PPP/R5K1 b - - 0 23	e5f3 g2f3 h5d5	1278	0g0j191o
bLMca	r2q3r/1p3pkp/p1p1bnp1/4p3/2P1P3/1PNB1P2/P3Q1PP/3R1RK1 b - - 0 16	d8d4 g1h1 d4c3	1278	0g0s11191o
d8UAE	4r1k1/p3qppp/1p6/2pQ4/3p4/P2b1P2/1P4PP/RN1R2K1 b - - 3 20	e7e3 g1h1 e3e1 d1e1 e8e1	1278	06101316191n
dskj0	r2qk2r/pp3ppp/2n2b2/2pB3b/8/2NP1N1P/PPP2PP1/R2QK2R b KQkq - 0 11	f6c3 b2c3 d8d5	1278	0g0w1c1o
eB61N	r2qk2r/pp4pp/2nbPn2/1BpN4/3pP3/8/PPP2PPP/R1BQK2R b KQkq - 3 11	d8a5 c1d2 a5b5	1278	010s1c1o
euJLH	8/4Q2p/B3p2k/P2p1pp1/8/5nPK/5P1P/1r6 b - - 1 41	g5g4 h3g2 b1g1	1278	0p0q0u13151o
gYaLZ	3r1k2/3r1qpQ/5p2/4p3/1p1p3N/2b4P/5PP1/1R1R2K1 w - - 4 41	h4g6 f7g6 h7g6	1278	0g191o
h8v4e	r3kbnr/p4ppp/4p3/8/b1B1P3/8/1q1BNPPP/n2Q1K1R w kq - 0 15	d1a4 e8e7 d2b4 e7f6 b4c3 b2c3 e2c3	1278	0g0s191w
hfOl3	2kr1b1r/p5pp/P1n1Pp2/1N3n2/2pP1B2/7P/4K3/1R5R w - - 0 25	b5a7 c6a7 b1b8	1278	0d1315191d1k1n1o
hw8Fg	6k1/4bppp/4p3/1Q4q1/1Pp5/2P5/P2r2PP/5R1K w - - 1 27	b5e8 e7f8 e8f7 g8h8 f7f8	1278	0i0p101316
jPslD	6rk/1b5p/1p3p2/2P1pN2/1P1pr3/3P1Q2/3b3P/R6K b - - 1 36	e4e1 a1e1 b7f3	1278	0j111315191a1g1o
jUq9h	r1br2k1/pp2bp2/4pn1R/8/6q1/2N1P2Q/PP3PPP/R5K1 w - - 2 18	h6h8 g8g7 h3h6	1278	0y1315191o1u
kfNpV	r1b3k1/6bp/p4qp1/2p1p3/8/8/PPP2PPP/R2QR1K1 w - - 0 20	d1d5 f6f7 d5a8	1278	0g0s191g1o
nd759	4r1k1/pp5p/2n1b1p1/3p2q1/5R2/5Q2/PPP3PP/4R1K1 w - - 4 19	e1e6 e8e6 f4f8	1278	0g191n1o
oP2Ki	r1bq1rk1/ppp2ppp/1n1b4/6N1/5B2/1PNP4/1PP3PP/R2Q1RK1 b - - 0 14	d6f4 f1f4 d8g5	1278	010b1c1o
pBRGf	r2k3r/5pp1/p7/2Pp4/5BQ1/2P3P1/P4K2/R3R2q b - - 3 24	h8h2 f2e3 h1e4	1278	1315191o
pXUPJ	8/3RR2p/6pk/4b3/2P2q2/7P/5PP1/6K1 b - - 10 36	f4c1 d7d1 c1d1	1278	0p13151o
qvGIw	r5k1/p1p2pp1/7p/8/2P5/P2q4/1P3PQP/4rRK1 w - - 0 24	g2a8 g8h7 f1e1	1278	0g0p0t0w1o
rLUS4	1nkr2nr/2p5/p3pp2/Qq3b1p/2NP2pP/2R1P3/PP2NPP1/4K2R w K - 5 20	c4d6 d8d6 a5c7	1278	1315191g1k1n1o
rS2em	7Q/ppp1q1r1/2kp1nr1/4p3/P3P3/1P1P2N1/1BP2RPP/6K1 w - - 5 27	g3f5 e7e8 h8e8	1278	0g0s191o
s6Spj	8/pp6/3rk1pp/5b2/P3pK1P/4N3/1P3P2/3R4 w - - 0 35	d1d6 e6d6 e3f5 g6f5 f4f5	1278	050g0p0r10
tDlvl	1rr5/p4pkp/6p1/3p1b2/8/1P2pPPq/P1PQ3P/2KR1B1R w - - 0 21	d2d4 g7g8 f1h3	1278	0g191o
tNEGA	3r4/pp1q1p2/4k1p1/3p2Q1/3r4/P5PR/BP3PK1/8 w - - 0 30	g5e3 e6d6 e3d4	1278	0g0p0s1o
vZpHU	6r1/7k/p1p4b/2P1N2Q/PP1pPp2/B2P3K/6r1/8 b - - 0 44	g8g3 h3h4 g2h2	1278	0p13151o
wE657	5rk1/5ppp/8/6q1/1R6/1P3Q2/r5PP/5R1K w - - 0 30	f3f7 f8f7 b4b8 g5d8 b8d8 f7f8 f1f8	1278	0p13171n1w
xuWGH	3r4/pp2kp1Q/2p2bB1/3qp3/4P1P1/2P5/PP6/1K5R b - - 0 27	d5d3 b1a1 d3d1 h1d1 d8d1	1278	060p1013161n
zD8Qv	6rk/p4p1p/1p2p1r1/3p1p1q/3P4/2P2P2/PP2RQPP/6RK b - - 12 27	h5h2 h1h2 g6h6 f2h4 h6h4	1278	050p0y1013161n
zPMZZ	rnb1k3/ppp1qp1p/7b/3N4/7P/3P4/PPP1BK2/R2Q3R b q - 0 15	e7c5 f2g2 c5d5	1278	010s191o
0Mf9G	r1bqkb1r/ppp1pn1p/2n3P1/3p3Q/7N/2P5/PP1P1PPP/RNB1KB1R b KQkq - 0 7	h7g6 h5g6 h8h4	1279	010j111c1o1p
1ShsG	8/5R1p/p5pk/8/8/1PQ4P/5qPK/4r3 b - - 0 32	f2g1 h2g3 e1e3 c3e3 g1e3	1279	010p0s10
1iSjE	6k1/4pp1p/1q4pb/3P4/4Bnb1/5N1P/P2Q1PP1/2R3K1 b - - 0 24	f4h3 g2h3 h6d2	1279	010j191o
21FmJ	4r1k1/6p1/Q1N1bp1p/1p6/2p5/P4PP1/1P1rRK1P/8 b - - 3 30	d2e2 f2e2 e6c8 e2d1 c8a6	1279	0g0j0k0p10
3JR0T	r2qr1k1/ppp2p1p/6pB/2Pp2b1/3P2b1/2PB4/P1Q2PPP/R3R1K1 w - - 3 17	e1e8 d8e8 h6g5	1279	0g0y191o
4fb9p	r1bqk1nr/1pp3pp/p3p3/4P3/3b4/5N2/P2P2PP/R1BQKB1R w KQkq - 0 12	d1a4 b7b5 a4d4	1279	011c1o
5SqVA	8/p2r1pk1/1p4pp/8/R5P1/4P1BP/Pbr2P2/1R3K2 w - - 3 32	b1b2 c2b2 g3e5 g7f8 e5b2	1279	050g0p0s101n
5XjIC	1r4k1/1Q3p1p/Pq2p1p1/3p4/1n6/R6P/1P3PP1/5nK1 w - - 2 30	b7b6 b8b6 a6a7	1279	000g0p1o
5ioDu	r4r2/5ppk/2R4p/p4N1n/1p4R1/7P/PP3PP1/6K1 w - - 4 30	g4g7 h5g7 c6h6 h7g8 f5e7	1279	0p1013161n
6q3ZB	r2qkb1r/5p2/p1p1bP1p/2p5/Q2n4/5N2/PP3PPP/R1B1R1K1 w kq - 0 16	f3d4 c5d4 a4c6	1279	0b0g191o
8V8JX	r1bqk1nr/1ppp4/p2b1p1p/6p1/2BnPp2/P1BP4/1PP3PP/RN1QK2R w KQkq - 0 10	d1h5 e8e7 h5f7	1279	1315191o
93o5A	8/8/5kp1/7p/5P1P/5K2/8/8 b - - 3 49	f6f5 f3e3 f5g4 e3e4 g4h4 f4f5 g6f5	1279	0g0p1e1w1z
9dSWA	6k1/pp4p1/4n1N1/6P1/2P2R2/1Pb5/P2r1PK1/8 w - - 7 32	g6e7 g8h8 f4h4	1279	0p13151o
AiI3T	r7/2p3k1/pp1P4/4p3/4n3/3B3b/PPQ1KB1P/1R5q b - - 4 35	h3g4 e2e3 h1f3	1279	1315191o
B8KVj	r2q1r2/1bpn1pkp/pp1p2p1/4p1Qn/2P1P3/2NP1N2/PP3PP1/R3KB1R w KQ - 0 13	h1h5 d8g5 h5g5	1279	01191g1o
BS1aH	8/8/7k/4q1P1/1PQr4/P6P/5P2/2R3K1 b - - 0 37	e5g5 g1f1 d4c4 c1c4 g5b5	1279	0g0p101g
BTanh	r4rk1/pp2qpbp/3p2p1/3Bn3/2P3bP/1QN3P1/PP3P2/R1B1R1K1 b - - 6 16	e5f3 d5f3 e7e1	1279	0g0j0s191o
BcfGJ	2bQ1r2/1r2ppkp/6p1/1Np5/2P2n2/7P/1P2BPP1/R4RK1 b - - 0 18	f4e2 g1h2 f8d8	1279	010t0w191o
CmzjY	1r1q2nr/3k1ppp/p1pPp3/2p5/PP3B2/1Q1P4/1P3PPP/R4RK1 b - - 0 17	b8b4 b3c2 b4f4	1279	010s191o
Cpi70	r3k2r/pp2q1pp/2n2p2/1Q1p2B1/8/2P2N2/P4PPP/R5K1 w kq - 0 18	a1e1 e7e1 f3e1	1279	01191g1o
DWUS0	r1bqk2r/pppn2pp/4p3/3pPp2/4nB2/P3PP1P/1PP3P1/RN1QKB1R b KQkq - 0 9	d8h4 g2g3 e4g3 f4g3 h4g3	1279	01101c
DgGnY	4r3/2p3k1/2Qb1q2/5ppp/3Pn3/7P/P4PPN/R4RK1 b - - 2 26	d6h2 g1h2 f6c6	1279	0g0j191o
Dqswe	8/p4R2/8/2pB1pk1/2Pb2p1/P7/5r1R/7K b - - 5 43	f2f1 h1g2 f1g1	1279	0p13151d1o
F5MjL	rn3rk1/1bQ4p/pp2P1pb/3q1p2/3P1P1N/4B3/PP1N3P/4RRK1 b - - 0 20	d5h1 g1f2 h1h2 h4g2 h2g2	1279	0i0s10131619
F5NsC	2r2rk1/pp3p1p/3p2pb/3Np3/3Pq3/P1P1P2P/3Q2P1/1RR3K1 w - - 0 28	d5f6 g8h8 f6e4	1279	0g0s191o
FYGz8	r4rk1/1p4p1/p4pp1/3b2P1/3P3R/7Q/q6P/3R2K1 w - - 0 27	h4h8 g8f7 h3d7	1279	0q1315191o
Fvw50	1k6/pp6/4r2p/5R2/2P4P/1P3n2/P2P1P1P/5K2 b - - 0 29	e6e1 f1g2 f3h4 g2g3 h4f5	1279	0g0p0s10
GAjXB	rnb2rk1/pp2p1bp/5np1/3qNp2/3P1P2/5Q2/PP1B2PP/RN2KB1R w KQ - 0 11	f1c4 d5c4 e5c4	1279	0g1c1g1o
GTptO	1r5r/1q3p1k/p2p2p1/1p1Q1P1p/2p1P1nP/2P3P1/PP4B1/1R3R1K w - - 1 30	f5g6 f7g6 f1f7 b7f7 d5f7	1279	0d0g0s101119
I8cfF	8/2B5/P7/1K6/3bp3/5k2/8/8 w - - 6 60	c7b6 d4b6 b5b6 f3f2 a6a7 e4e3 a7a8q	1279	00080g0p1h1w
IGzy7	4k3/7p/8/4P3/1B3p2/1B2P1r1/4K3/8 b - - 1 38	g3e3 e2d1 e3b3	1279	0g0p0s1o
JWQHQ	2kr3r/pp1qbp2/2npb2p/4p1pn/4P3/2NB2B1/PPP2PPP/R2Q1RNK w - - 8 14	d1h5 e6g4 h5f7	1279	010t191o
K8ORi	2r3k1/5ppp/R7/2P1r3/1P6/3Q1qP1/5P1P/3R2K1 b - - 2 31	e5e1 d1e1 f3d3	1279	010i0p1o
KOfnT	8/8/1p6/1r6/k1K5/P1R5/8/8 b - - 1 76	b5c5 c4d4 c5c3 d4c3 a4a3 c3c4 a3a4	1279	0g0h0p1m1w
KWsyB	8/8/8/7P/1p4K1/k7/1r6/1R6 w - - 1 52	b1b2 a3b2 h5h6 b4b3 h6h7 b2c2 h7h8q	1279	000g0p1h1m1w
Kaozi	8/8/5kp1/3pb2p/2pK1P1P/6P1/2P5/8 w - - 0 39	f4e5 f6e6 c2c3 g6g5 h4g5	1279	0g0p101l1z
Kcgv7	7k/1p4p1/p6p/8/3p4/1Pr3qP/P5Q1/5R1K w - - 6 40	f1f8 h8h7 g2e4 g3g6 f8h8 h7h8 e4g6	1279	010i0p111w
LsGBw	8/5pkp/4b1p1/8/4QKP1/1PR2P2/5r2/6r1 b - - 2 42	g1g4 f4e3 g4e4	1279	0g0p1g1o1p
NiXSo	1k4nr/2p5/1pP2p2/1Q1r4/R5pN/6P1/PP3K1P/3q4 w - - 2 32	a4a8 b8a8 b5a6 a8b8 a6b7	1279	05101316191k1n
NlQqg	r3q3/p1k2p2/1pppbBp1/8/Q1P1p2R/4K2P/PP6/8 w - - 4 34	h4h8 e8h8 f6h8	1279	010p111o
P5IKS	q3r3/p2Qbp1k/1p2p3/2p1P3/1PP2P2/4B3/3RPK2/R7 b - - 2 28	e7h4 f2f1 a8h1 e3g1 h1h3	1279	10131619
PhfXs	5Q2/6pk/p3R2p/1p3n2/1P6/P4qP1/5P1P/6K1 b - - 2 33	f3d1 g1g2 d1d5	1279	010p1o
Qet0s	k7/5q2/p1N5/3N4/1p2KP2/3P4/2P5/8 w - - 6 43	d5b6 a8b7 c6d8 b7b6 d8f7	1279	0g0p0r0s10
QtGHk	8/6p1/4K3/3pP2p/4k2P/8/8/8 w - - 1 63	e6d6 d5d4 e5e6 d4d3 e6e7 d3d2 e7e8q	1279	000g0p111e1h1w
RYUxJ	r1b2bk1/pp3pp1/3N3p/2pP4/2P4q/3B4/PPQ2PP1/1K1Rr3 w - - 0 20	d3h7 g8h8 d6f7	1279	0i0y1315191o
SRO3A	1r3rk1/p2n1pbp/1qp1p1p1/2p1P3/2Pp3P/2PP1NP1/PB2QP2/1R3K1R b - - 2 18	d4c3 b2c3 b6b1	1279	01191o
SSxcl	7k/p4p2/2p1qp1p/4Pp2/5P1Q/7P/6PK/3r4 w - - 2 33	h4h6 h8g8 e5f6 e6f6 h6f6	1279	0g0p10
SW0lv	r1bq1rk1/3n1R2/2nbp2p/1ppp4/8/1P1PPN1P/PBP2P2/R2QKB2 w Q - 1 17	f7g7 g8h8 g7d7	1279	0g0j0k0y191o
SYOfD	r1b2rk1/1p4p1/p1npp2p/3p4/3q4/P2BQ3/1PP2PPB/2KR3R w - - 0 17	d3h7 g8h7 d1d4	1279	010j191o
T7Out	r1b2k2/1pp3p1/p2p3p/4p1qB/PP6/1Q2b2P/7K/RN3R2 b - - 1 20	e3f4 f1f4 g5f4	1279	01191o
U4mrw	5r2/1r2kpRp/p2R1n2/1p2pP2/4P3/8/PPP4P/1K6 w - - 1 29	d6e6 e7d8 e6f6	1279	010i0p1g1o
US4bP	7r/2pkr3/pp1b1R1B/2p5/4P3/3P3P/PPP5/2K3R1 b - - 0 30	h8h6 f6h6 d6f4 c1d1 f4h6	1279	01050p0s10111n
WBXGR	7Q/8/6p1/3p1k1p/3P3P/4P1P1/5PK1/2qq4 w - - 1 41	h8e5 f5g4 e5f4	1279	0p13151i1o
WSjdA	1k6/pPp5/3P2Q1/7p/8/7P/r3r1PK/8 b - - 0 33	e2g2 g6g2 a2g2 h2g2 c7d6	1279	0g0p0s101j
WbJaj	6k1/pp1q1r1n/3b2NB/5p2/1nPQ2p1/3P4/PP3PPP/R3R1K1 b - - 0 22	d6h2 g1h2 d7d4	1279	010j0y191o
X35Y1	5r2/ppp3kp/1n4p1/3p2B1/3P4/P1P4P/1P4P1/5R1K w - - 3 30	g5h6 g7h6 f1f8	1279	0g0i0p1o
XcUth	2N2r1k/ppQ3p1/4q2p/8/8/1P3PP1/P6P/2R3K1 b - - 1 33	e6e3 g1h1 e3f3	1279	010p1o
Y8Sj5	r2q1b1r/pp2pQpp/1k2Bn2/2p5/P2nPB2/8/1P3PPP/RN1R2K1 b - - 0 13	d4e2 g1f1 d8d1	1279	0j1315191o
ZWfAf	2rr1qk1/p6p/1p2pQ2/n5N1/2P5/P2PP3/4P1KP/2R5 w - - 1 25	f6e6 g8h8 g5f7 f8f7 e6f7	1279	0g0s1019
Zb9je	2Q5/ppp1kp1p/q5r1/4p3/1Pb5/5P1P/2RP2P1/3K1B1R b - - 1 26	a6a1 c2c1 c4b3 d1e1 a1c1	1279	0g0i10191g
akWCx	3r1rk1/2q2p1p/3R2p1/1b1p1p2/1p4P1/1B3PQP/1PP5/4R1K1 w - - 5 27	d6g6 h7g6 g3c7	1279	0g0j191o
ap7y9	2q3k1/4bppp/1Q2p3/n1Pp4/3P1P2/2NKP3/r2N2PP/1R6 b - - 8 28	a2d2 d3d2 a5c4 d2c2 c4b6	1279	01050s10191n
bVoln	4n3/4rp1k/ppq3p1/2p3p1/4N3/1Q5P/PP3PP1/4R1K1 w - - 2 25	e4g5 h7g8 e1e7	1279	0g0j0p1o
bwfQD	3rr1k1/pp3p1p/3Q2p1/2pBP3/2P5/6Pb/q3PK1P/3R3R w - - 3 20	d5f7 g8f7 d6f6 f7g8 d1d8 e8d8 f6d8	1279	050g0j0y191n1w
cXwyK	r1b2r1k/ppp3pp/3p4/4n3/3Q4/1BN2q2/PPP5/1K4RR w - - 2 21	h1h7 h8h7 d4h4 f3h5 h4h5	1279	050y101316191n
f02Wg	3rr3/ppp3p1/2nk3p/8/4QN2/3P2PP/PP2p1P1/6K1 w - - 4 30	e4d5 d6e7 d5e6 e7f8 f4g6	1279	0p0r101316
fbvRy	rn1qk2r/1b3ppp/p1p1pn2/1p6/2PP3P/B2BPN2/P4PP1/R2QK2R b KQkq - 0 11	d8a5 d1d2 a5a3	1279	010s1c1o
fxzBe	6k1/ppp3p1/2n3Bp/3p4/3P2q1/2P5/PPQ1r1P1/5RK1 w - - 2 25	g6h7 g8h8 f1f8	1279	0p13151o
hBRzO	r2qkb1r/pp3ppp/2n1p3/1B6/3PQ3/P3B3/1PP2PPP/R3K2R b KQkq - 0 11	d8a5 c2c3 a5b5	1279	010s191o
hTAHQ	1r6/1p2p1kp/p2pQ1pb/5rNb/P4P2/2qP2PK/8/R4R2 w - - 0 23	e6e7 g7g8 e7h7	1279	0g191o
hbc8r	rnb1kb1r/pp3ppp/2p1pn2/q2p4/1PB1P3/P1NP1N2/2P2PPP/R1BQK2R b KQkq - 0 7	f8b4 a3b4 a5a1	1279	0g1c1g1o
hoYU5	1k2r3/ppp4R/6p1/6Q1/8/P2P3K/2PB1P2/6q1 b - - 4 37	g1h1 h3g3 h1h7	1279	0g0p1o1p
hzo98	1r6/pp2qkp1/2b1pp1p/8/5N2/1Q4P1/P3P1KP/2R5 w - - 3 32	c1c6 b7c6 b3b8	1279	010p1o
jFgyX	1rb3k1/pp4pp/3p1q1r/2bN4/3NPp2/1P5P/1PP2PP1/R2QRK2 b - - 2 18	f6d4 d1d4 c5d4	1279	01191o
jgIqb	8/4r3/3kp3/p2p1np1/1p6/2P1N1Pp/PP2RP1P/6K1 w - - 0 34	e3f5 e6f5 e2e7 d6e7 c3b4	1279	010j0p10
kD05Q	1r4k1/5p1p/6p1/8/3P4/2PNP2P/p3qPPK/3Q1R2 b - - 6 33	e2d1 f1d1 b8b1	1279	0g0p1o
kpMV7	4r3/3b4/1p2B1k1/2pp4/5b1p/BPP4P/4R3/1K6 w - - 4 39	e2g2 g6f6 e6d7	1279	010p1o
lVKxi	8/8/1p4Bn/p6P/P1k2p2/8/5K2/8 w - - 0 62	f2f3 c4d5 f3f4 d5e6 f4g5	1279	0g0p10
mdV1g	r3R1rk/5P1p/8/5p2/5P2/5nPP/8/3K4 w - - 4 42	f7g8q	1279	000p13141b1h
mfI1Y	rnbq1rk1/pppp2pp/8/2bPpp2/2P1n3/P2QPP2/1P4PP/RNB1KBNR b KQ - 0 7	d8h4 g2g3 e4g3 h2g3 h4h1	1279	0g101c1t
mgixh	r2q1rk1/ppp3pp/5p2/8/3Q1bP1/8/PP2PP1P/R2R2K1 w - - 0 16	d4c4 g8h8 d1d8	1279	0g0j0s191o
mmBRz	4Nrk1/1p5p/p1p3p1/2Qb4/1P1P1q2/6R1/1P4PP/3R2K1 b - - 0 31	f4f2 g1h1 f2f1 d1f1 f8f1	1279	101316191n
o2Ny8	1R6/2P2ppk/5q1p/2Qp4/3Nr3/7P/5PP1/6K1 b - - 0 40	e4e1 g1h2 f6f4 g2g3 f4f2	1279	0p101316
oK9PS	4kb2/1p3p2/p3p3/Qb1pqn2/8/P1R4P/5PP1/6K1 w - - 0 33	c3c8 e8d7 a5d8	1279	0p13151o
pJBq4	7k/1p3pr1/p2p4/3P1B2/1P1Q3p/4P2P/P5PK/5q2 w - - 2 40	d4h4 h8g8 h4d8	1279	0p13151o
ptMaS	2k4r/1p6/p1pR4/5b2/2P5/1P4K1/P4B1r/4R3 b - - 5 34	h8h3 g3f4 h2f2	1279	0g0i0p1o
q4VKu	1n5k/r5p1/p5qp/1p1Q4/3PpR2/1KP1P3/PP6/8 w - - 0 32	f4f8 h8h7 d5g8	1279	0p0s13151o
qXZ1w	R7/1r3ppk/1qpb2p1/2p5/2P1p2P/1P2PN2/1B3PP1/6K1 w - - 0 26	f3g5 h7h6 a8h8	1279	0p13151o
qc9oR	r5k1/2pq1prn/p2p2n1/Pp1PpN2/1P2P3/2P1P1PQ/2B4P/5RK1 w - - 5 31	f5h6 g8h8 h3d7	1279	0g0j191o
ra4QP	3r1rk1/p2n1ppp/2p5/3p4/6P1/2qB1Q2/P1P3PP/1R3R1K w - - 3 18	d3h7 g8h7 f3c3	1279	0g0j191o
ss7e2	r3Qbk1/pp2R2p/5pp1/6q1/P7/7b/1P3PPP/3R2K1 w - - 4 23	e8f7 g8h8 f7h7	1279	1315191o
tpTtN	4r3/1p6/p7/4k1P1/PPPR1p2/3KN2r/8/8 w - - 0 43	d4e4 e5d6 e4e8	1279	010p1o1p
uPuuj	3r1rk1/p1p2pp1/1pP4p/2q1p3/6Q1/2P3P1/P3NR1P/3RKB2 b - - 0 19	d8d1 e1d1 c5f2	1279	0g191o
w2fZ8	5k1r/p3qpr1/1p2p1n1/2ppP1N1/3P2QP/2P1P1P1/PP6/5RK1 w - - 5 33	g5e6 f8g8 e6g7	1279	0g191g1o
w66YO	1b4k1/1p1r1pp1/p2q3p/8/P7/1BP4P/1P2QPP1/3R2K1 b - - 4 25	d6h2 g1f1 h2h1	1279	0p13151o
xTskN	8/2R5/2K1kppP/8/6r1/4P3/8/8 b - - 0 40	g4c4 c6b6 c4c7 b6c7 e6f7 h6h7 f7g7	1279	0g0p1m1w
z1uEN	5rk1/RP1n2pp/8/1P6/3P4/2K1Pq1P/2P5/1Q4R1 b - - 0 31	f3e3 c3b2 e3d4 b2a2 d4a7	1279	0g0i0p0s10
zEDTO	1r2k3/p4p2/2K1p3/2Q4p/7P/P3R3/5q2/8 w - - 0 40	e3e6 f7e6 c5f2	1279	0g0j0p111o
48ZvK	6k1/pR6/1b3pKp/1P2p3/6P1/6r1/8/8 w - - 0 39	b7b8 b6d8 b8d8	1280	0p13151o
4QFDX	r3r1k1/p2nbpp1/5np1/2pp2B1/3PP3/qRNQ1P2/P1B3PP/5RK1 b - - 1 18	c5c4 d3c4 d5c4 b3a3 e7a3	1280	0g0s1019
4RIzy	5rk1/1b3Rpp/8/3PQ3/4P3/2Bq4/P5PP/5R1K b - - 0 32	d3f1 f7f1 f8f1	1280	061315191o1y
5fabV	r3k1nr/ppp2ppp/1b1p4/6q1/2B1P3/5Q1P/PP3PP1/R4RK1 w kq - 0 14	f3f7 e8d8 f7f8 d8d7 f8a8	1280	040g10191p
7EEu9	r1b2rk1/pppn3p/4p1p1/8/3P1q1P/2P5/PP1Q1NP1/R3KB1R b KQ - 2 16	f4d2 e1d2 f8f2	1280	01050j191o
7MeyU	r4rk1/p1pqbppp/2ppbn2/8/4PB2/2NB1PQ1/PPP3PP/2KR3R b - - 2 12	f6h5 g3e1 h5f4	1280	0g191o
AZCko	4Q3/pp3r1p/7k/5rpq/8/PPN1B3/6N1/R5K1 b - - 1 38	f5f1 a1f1 f7f1 g1f1 h5e8	1280	010r1019
BfRBd	8/1p1k1r1p/n2pR3/8/1PP2pPP/5P2/r1B1RK2/8 b - - 0 35	a2c2 e2c2 d7e6	1280	010i0p111o
CWZFg	5k2/3R4/p4Np1/8/Pn1n3p/7P/2pK2P1/8 b - - 6 40	d4b3 d2c3 c2c1q	1280	000g0i0p111h1o
D3aye	rnbq1rk1/1pp2pp1/1p3n1p/4N3/2B1P3/3P4/PPP1Q1PP/R1B2RK1 b - - 2 12	d8d4 g1h1 d4e5	1280	010s1c1o
DAn6f	6k1/1pp1r1p1/p4rQB/2P1p1N1/1P6/P2p3P/4q1P1/7K w - - 0 32	g6h7 g8f8 h7h8	1280	0p13151o
DF63m	r2q1rk1/p3bpp1/1p2pn1p/2pp4/3PN3/PPPQPN1P/1B3PP1/R4RK1 b - - 0 14	d5e4 d3d1 e4f3	1280	010s191o
DX0ux	r5rk/1R2Bp1p/4b3/4p3/4Pb2/5Pp1/P7/1R4K1 w - - 1 31	e7f6 g8g7 b7b8	1280	0g191g1o
DaLu3	3r1k1r/p1P1bpp1/2B1b1q1/7p/8/2N5/PPP2PPP/1K1Rn3 w - - 0 20	d1d8 e7d8 c7d8q	1280	001315191h1o
Dc6iz	8/7Q/n3pkp1/1q6/1P1bP3/B6P/5PP1/6K1 w - - 1 31	h7h8 f6e7 h8d4	1280	0g0p1o1p
Dd1x0	q2R4/1b2Q3/p7/1p3p2/6k1/8/PPP3PP/6K1 b - - 1 30	a8a7 g1h1 b7g2 h1g2 a7e7	1280	0g0j0p10
DjHjM	r1b2rk1/pp4pp/2p1p3/4P3/P1PqN1Q1/8/5PPP/R4RK1 w - - 1 19	e4f6 f8f6 g4d4	1280	0g0j191g1o
E2p55	r1bqk2r/1p3ppp/2nbp3/3B4/p2P4/P4N2/1PP1QPPP/R1B1K2R b KQkq - 0 13	d8a5 c1d2 a5d5	1280	010s1c1o
EEjU2	8/2p4p/1p2R3/1P4q1/1kP5/4P3/Q1b2P2/5K2 b - - 4 40	c2d3 f1e1 g5g1 e1d2 g1f2 d2d3 f2a2	1280	0g0i0p1p1w
GdS8w	r4rk1/2p2pp1/p1pq1n1B/1p2p3/4P3/P1PP2QP/2P2PP1/R4RK1 b - - 0 14	f6h5 g3g5 d6h6 g5h6 g7h6	1280	010j1019
Gufxy	5rk1/5ppp/b1pp4/p3pN2/P3P1QP/1q2b3/1P4P1/1K2R2R b - - 1 22	a6d3 b1a1 b3a4	1280	1315191k1o
H5CLZ	r1b2rk1/ppp2ppp/3n4/2qN4/1PB2Q2/8/P1P2PPP/2KR3R b - - 0 16	c5c4 f4c4 d6c4	1280	0g191o
Hq4zb	8/ppN4k/7p/6p1/5r2/2P3K1/PP2BnPP/4R3 b - - 10 41	f2e4 g3h3 f4h4	1280	0p13151o
IASmT	8/2q5/1p2p3/p2nNp1k/6p1/P5P1/1P3PK1/3Q4 w - - 0 41	d1h1 h5g5 h1h4	1280	0p13151o
IKZxi	r1b2k1r/ppp1qB2/4P1Q1/2bnp1N1/8/8/PP3PPP/R5K1 w - - 0 21	g5h7 h8h7 g6g8	1280	1315191n1o
ILCcp	r2q3r/1p1Nkppp/p3p3/1B1p2b1/3Pb1P1/7P/PPP2P2/R3QRK1 w - - 0 16	e1b4 e7e8 d7f6	1280	0k0m1315191o
IwEOI	2q2r1k/3Q2Rp/8/p2B4/1p1p4/3P2PP/1P4K1/8 b - - 0 44	c8c2 g2g1 c2f2 g1h1 f2f1 h1h2 f8f2 d5g2 f1g2	1280	0p13181w
Jpkhr	6k1/1B4bp/6p1/5p2/3p4/1r6/5PPP/4R1K1 w - - 2 32	b7d5 g8f8 d5b3	1280	0g0p0s1o
JvFTw	r1bqk2r/pp1p1p2/7p/2p5/1n2P2b/1B4Q1/PPP2PPP/R1B1K2R w KQkq - 5 13	g3e5 d8e7 e5h8	1280	0g0s191o
KCOgr	r2r2k1/5pp1/p1p5/3p2qp/1P1Qb1P1/P3PN1P/5PK1/2R2R2 w - - 2 22	d4e4 d5e4 f3g5	1280	0g191o
Kowkz	4k3/pp1b1p2/5n1r/2PPP3/PP1p2p1/3B2P1/3Q1N2/4K2q w - - 0 39	f2h1 h6h1 d3f1	1280	010h191o
M8wQe	r1bq1rk1/pp3p1p/3ppbp1/2P1P3/3NP3/2N1Q2P/PPP3P1/2KR1B1R b - - 0 13	f6g5 e3g5 d8g5	1280	011c1g1o
OiVoq	r2qkb1r/ppp3p1/5n1p/4p3/3nN1b1/2NP2P1/PP3PBP/R1BQ1RK1 w kq - 3 12	e4f6 d8f6 d1g4	1280	0g1c1o
PH3wx	5r1k/p5p1/1p6/2p2qQ1/3n1P2/3P3P/P4R1K/4R3 b - - 0 35	f5g5 f4g5 f8f2	1280	0g0j0p1o
QXkRg	3R4/2R5/7p/8/p7/1k5P/r4rP1/7K w - - 2 49	d8b8 b3a3 c7c3	1280	0p0q13151m1o
SlIQ0	2kr3r/QRb4p/2p5/4qpp1/2P5/2BpP3/5PPP/4R1K1 b - - 4 25	e5h2 g1f1 h2h1	1280	0y1315191o
SpI0t	r1q1nrk1/p1p3bp/2p3pB/3p4/8/P1N2Q1P/1PP3P1/R4RK1 w - - 0 20	f3f8 g7f8 f1f8	1280	0y1315191d1o
SqKTs	2r3k1/1b2Rp1p/p4Bp1/1p1p4/6Q1/P6P/1n1q2P1/6K1 w - - 1 33	g4c8 b7c8 e7e8	1280	11121315191f1n1o
V58WE	1R6/5qk1/p2p3p/1p2p1p1/4Q3/3P2PP/8/6K1 b - - 1 33	f7a7 d3d4 a7b8	1280	0g0p0s1o
VNbag	r1b2r1k/ppq1n1pp/3p1p2/4pP1Q/2B1P3/2N2R2/P5PP/3R2K1 w - - 2 21	h5h7 h8h7 f3h3	1280	050y1315191f1n1o
VbyxO	r3r3/pp2ppkp/2p3p1/3q4/8/1P6/P1PQRP1P/3R2K1 w - - 0 20	d2c3 g7g8 d1d5	1280	0g0j0p1o
Vj2jw	5b1k/1p4pp/p7/3QPKP1/1q4PP/4B3/8/8 b - - 4 33	g7g6 f5f6 b4e7	1280	0p13151o
VrXyO	5rk1/pp3ppp/2n3r1/2p2Q2/7P/6q1/PBP3P1/4RRK1 w - - 3 23	f5f7 f8f7 e1e8 f7f8 f1f8	1280	0y101316191n
WGXrL	5rk1/pp3ppp/2p5/3r1Q2/3q4/5R2/PP4PP/4R2K w - - 1 23	f5f7 f8f7 e1e8 f7f8 f3f8	1280	0p1013161n
WKsqG	r4r2/3b1ppk/1p1n4/pPpN4/3q4/8/P4PPP/R2Q1RK1 w - - 0 23	d1h5 h7g8 d5e7	1280	1315191o
WXQaa	r3r1k1/2Q2pbp/1p2p1p1/p2qP3/N2P4/P4N2/5PPP/B1R2K2 b - - 0 23	d5b5 f1g1 b5a4	1280	010s191o
Wq7hv	3r1k1r/pp2p1bp/1qn3p1/3Q1P2/8/1P5P/1PPP2P1/R1B2R1K w - - 1 17	f5g6 f8e8 d5f7 e8d7 f7g7	1280	010j0k0s1019
XWFGh	r5k1/3n1ppp/3Bpn2/qQ1p4/3P2P1/P1rPPN1P/5P2/RR4K1 b - - 0 20	c3c1 b1c1 a5b5	1280	010i1112191o
XvyuN	3q3k/5Qpp/p7/P3pp2/1P6/5P2/6PP/2r2RK1 b - - 0 30	d8d4 g1h1 c1f1	1280	060i0p13151o
ZaVGc	q4r1k/4Nppp/4pn2/2pp4/3P1B2/Q3P3/Pr3PPP/RN2K2R b KQ - 2 17	b2b1 a1b1 a8a3	1280	01191o
aksAc	5r2/8/7p/pP6/P1RrkNp1/6P1/5PK1/8 w - - 3 40	c4d4 e4d4 f4e6 d4d5 e6f8	1280	050g0p0s10
bQAZo	6rk/1P6/P3p3/7p/5P2/8/1q2QKP1/5N2 b - - 4 54	g8g2 f2g2 b2e2	1280	050g0i0p1g1o
bkZMK	rq3rk1/p1bb1ppp/2nNp3/2Bpn3/8/3B1N2/PP2QPPP/2R2RK1 w - - 0 18	f3e5 c6e5 e2e5	1280	01191o
c9iUy	8/8/4k2p/4b1p1/2P3P1/1p1K3P/1B6/8 w - - 0 41	b2e5 e6e5 d3c3 b3b2 c3b2	1280	080g0p10
dAByl	5r1k/4Q1pp/8/p1p2pq1/Pp6/5P2/1nP3PP/1K1RR3 b - - 0 32	g5e7 e1e7 b2d1	1280	0g0p11121o1r
dVwQ6	1k5r/pp3q2/1bp5/6Q1/7p/4P3/PP3P1P/3R2K1 w - - 0 29	g5e5 f7c7 e5h8	1280	0g0p0s1o
e0UU7	8/Q2R4/4p3/8/4kq2/P5P1/5P1K/1r6 b - - 0 44	f4h6 h2g2 h6h1	1280	0p13151o
e5yIV	2rr4/p4kpp/5p2/1p2p3/P1R1N2b/5P2/2P1R2P/2K5 w - - 0 27	c4c8 d8c8 e4d6 f7e6 d6c8	1280	01050p0s10
e9pIV	2b2rk1/p2q4/7p/3p2P1/3N1nR1/2P2PQ1/P2Nr1P1/R5K1 b - - 0 25	e2g2 g3g2 f4g2	1280	010s11191o
edkoi	rn5Q/p2pkp2/4p2p/1p1nP1p1/1b1P4/2N1B2q/PPPK1P1P/3R4 w - - 0 18	e3g5 h6g5 h8h3	1280	01191o
egfIi	r1bk1b1r/5Rpp/p1pP4/8/2B5/6P1/P1P1Q1P1/qN5K w - - 0 17	f7f8 h8f8 e2e7	1280	1315191n1o
g7y6k	8/kpR2R2/p1p4p/5P2/8/6P1/Pr4r1/7K w - - 0 37	c7b7 b2b7 f7b7 a7b7 h1g2	1280	0g0p101m
gmbtk	8/ppR5/5Bpk/8/5Pb1/1P4P1/r7/5K2 w - - 0 38	f6g5 h6h5 c7h7	1280	0p13151o
hOc3K	1r4k1/5ppp/1BR5/p7/P7/n4P2/1K3P1P/8 b - - 6 32	b8b6 c6b6 a3c4 b2c2 c4b6	1280	050g0p0r0s101n
hS87O	2k4r/Qp3pp1/p1p1p1r1/5n2/1P5P/2N2BPK/P7/3R4 b - - 4 26	g6g3 h3h2 h8h4	1280	0i0s1315191o
hVwgG	3n4/6pp/2p1k3/2P1P1K1/r7/6PP/2R3B1/8 b - - 6 40	d8f7 g5h5 g7g6	1280	0p13151o
hs2fD	3Q4/1b3rkp/p3p1p1/3p1p2/8/3B1R1R/Pqr3PP/7K w - - 2 27	h3h7 g7h7 f3h3 h7g7 d8h8	1280	05101316191n
hxrcp	4r1k1/5r2/p4Bp1/5Q2/1n6/1P4P1/P4PKP/3q4 w - - 0 36	f5g6 g8f8 g6h6 f7g7 h6g7	1280	0p0r101316
ijbTR	1k6/pp4pp/n1r5/3Np3/Q3P3/1P1q3P/P5P1/K4R2 w - - 0 30	f1f8 c6c8 f8c8 b8c8 a4e8	1280	050p1013161k
isCp5	6rk/6rp/p3pQ2/1p1pPpP1/2pP1q2/P7/1P5R/7K w - - 0 38	h2h7 h8h7 f6h6	1280	050p13151g1n1o
krihX	8/8/8/1k2KP2/8/4n3/5N1p/8 b - - 4 55	e3g4 f2g4 h2h1q	1280	000g0i0p0s0z1h1o
l06d6	7k/p1r4B/3q1p2/8/5p2/2p5/PP3P1Q/2K4R b - - 0 31	d6d2 c1b1 d2b2	1280	0p13151o
lGmof	4r1k1/pp4p1/2p4R/1q1p4/3P1P2/8/PPQ1r1RK/8 w - - 2 31	c2h7 g8f7 h7g7	1280	0p13151g1o
mdNCa	1r2r1k1/7p/2p1PQp1/3p3P/p7/q1p5/1PP5/1K1NR1R1 b - - 0 29	b8b2 d1b2 a3b2	1280	1315191k1o
musVa	r6k/1p4pn/2p1Q3/p2p2q1/8/P1N5/1PP2r2/1K1R3R w - - 0 26	h1h7 h8h7 d1h1	1280	0105191n1o
pNBaw	4r1k1/pb3pp1/2qp4/8/3B4/1P4QP/P1P4P/RN4K1 b - - 2 23	c6h1 g1f2 h1e1	1280	1315191o
q9PAK	8/7n/1p3p2/p1pB1kp1/P1P4P/1P2PK2/8/8 w - - 0 51	d5e4 f5e5 e4h7	1280	0g0p1o1p
qDYPE	3r2k1/1b3p1p/2pb2p1/1p1P3P/6P1/1B3P2/P3KQq1/3RR3 b - - 2 30	d8e8 e2d3 g2f2	1280	0g0i191o
r4dx0	r2k1b1r/1pq2ppp/p3p3/4N2b/3P4/1Q2P3/PP3PPP/R3KB1R b KQ - 1 14	c7a5 b3c3 f8b4	1280	0g191g1o
rONHS	r6b/5pk1/3p2p1/pp1Pp1q1/6n1/1PP3NQ/1P3P2/1K5R w - - 0 27	h3h7 g7f6 g3e4 f6e7 e4g5	1280	0g0s1019
rrF4A	1k1r3r/6p1/p4n1p/8/p3qP2/4Q1P1/PP5P/3R1RK1 w - - 0 26	e3b6 e4b7 d1d8 h8d8 b6d8	1280	0g0r10191k
sIEZH	2R5/4Q3/p2pn3/1p1kp3/2r1q3/5N2/PPP4P/7K w - - 3 33	e7b7 c4c6 b7c6	1280	0p13151o
tDjv5	6k1/pp3ppp/5P2/8/2pq1P2/6P1/P4Q1P/1R2rBK1 b - - 3 35	d4f2 g1f2 e1b1	1280	0g0p1g1o
tjQcR	3bq1k1/5pp1/p2P2b1/1pB4p/7P/PPN4Q/1P4P1/6K1 b - - 4 35	e8e1 g1h2 e1e5 h3g3 e5c5	1280	0g0p0s10
tmhWf	3rr3/p1q2p1k/7b/8/6QP/3P2N1/RPP2PPN/3K3R b - - 0 30	d8d3 c2d3 c7c1	1280	1315191n1o
u5qsv	2r3k1/pp2b1pp/4bp2/q3p3/3pP2N/P2Q2P1/1P3PBP/2R3K1 w - - 1 21	c1c8 e6c8 d3c4 g8h8 c4c8	1280	0g0s1019
uOeop	6rk/pbp1n2p/1p2R3/8/2P2p2/2N2N1q/PPQ1BP1P/6RK b - - 2 21	b7f3 e2f3 h3f3 g1g2 f3g2	1280	0y10131619
upjf7	8/7K/8/8/p1pP2P1/2k5/P7/8 b - - 0 52	c3d4 g4g5 c4c3 g5g6 c3c2	1280	000g0p101e
wbZje	r4rk1/pp4bp/3p1qp1/3Pn3/2PQ1p2/1P3B2/P3NPPP/3RR1K1 b - - 0 20	e5f3 g2f3 f6g5 g1h1 g7d4	1280	0g0j0y1019
wgPRd	5rk1/p5p1/1pbq1p2/2p4Q/2PpR3/1P1n3P/PB4R1/6K1 w - - 2 26	g2g7 g8g7 e4g4	1280	050y1315191n1o
xHPIy	2R5/4k1pp/1p5q/1P6/P1p5/8/5R1P/4NK2 b - - 5 45	h6h3 e1g2 h3c8	1280	010p0s1o
xJzXG	2Q5/R4pk1/8/2Rp4/3P2p1/3r4/5nPK/8 b - - 0 42	g4g3 h2g1 d3d1	1280	0p13151o
xU8nJ	r2qr1k1/4b2p/p2p1p1R/3P1BP1/3Q4/2n2N2/P1P2P2/2KR4 b - - 0 24	c3e2 c1d2 e2d4	1280	010s191o
xiWhT	4r3/1k6/p2B4/1p5p/1P1RpprP/2P4R/5K2/8 b - - 0 38	e4e3 f2f3 e3e2	1280	000g0p1o
y1h31	6rr/pR3p2/2p1k3/3pqb2/4pQ2/4P1NP/P1P2PP1/6K1 w - - 10 29	b7e7 e6e7 f4e5	1280	050g0i191o
yXSqv	r3kb1r/ppp2ppp/2q5/5bB1/4N3/6P1/PP2PPBP/n2Q1K1R w kq - 2 13	e4f6 g7f6 g2c6	1280	010j191o
yfw0L	3rqr1k/ppp3pp/5pn1/4nR2/2BPp3/2P4Q/P1PB2PP/R5K1 w - - 3 21	h3h7 h8h7 f5h5	1280	050y1315191f1n1o
z1RpA	8/6p1/p2p1p2/1p1PpQP1/2r1P3/5Pk1/PP1q4/1K5R b - - 0 38	d2c2 b1a1 c2c1 h1c1 c4c1	1280	060p1013161n
1HDbP	8/p2N1Qqk/6pp/K2p4/1P6/6P1/P4PP1/2r5 w - - 1 33	d7f6 h7h8 f7e8 g7f8 e8f8	1281	0p101316
1hcNw	4k1b1/ppp3pp/2n5/2p1q3/4Q3/P1P5/1PP3PP/5RK1 w - - 0 24	e4e5 c6e5 f1e1	1281	0g0p1g1o
34w15	5r2/1b2k1p1/1pp1pr1p/p3Q2q/2pP4/1PN3R1/P5PP/1B1R2K1 b - - 7 27	h5d1 c3d1 f6f1	1281	0y1315191n1o
35pnM	8/2r1k3/B2p1npp/4p2q/4P2P/2PP2PN/P1Q1nP2/R4R1K b - - 1 31	h5f3 h1h2 f6g4	1281	0y1315191o
36taA	8/8/4kpQ1/8/8/3p2PP/4q3/6K1 w - - 0 58	g6e8 e6d5 e8e2 d3e2 g1f2 e2e1q f2e1	1281	0g0p1i1w
3Jfdl	4r3/5k2/R5p1/6Kp/1N1n1P1P/P7/1P3P2/8 b - - 1 40	d4f3 g5h6 e8h8	1281	0p13151o
3zdYz	4rk2/5pp1/3qb2p/3pN3/2pP1Q2/8/5PPP/rB2R1K1 w - - 2 29	e5g6 f8g8 f4d6	1281	0g0j191g1o
4PvcS	2r5/5ppk/pqN3np/1pRpr3/7P/P7/1PQ2PP1/2R3K1 w - - 1 26	c6e5 b6c5 c2c5 c8c5 c1c5	1281	0g10191g
4Tywz	4R3/1p3kp1/p2q3p/3p2r1/2pN2r1/2P5/PPB2P1Q/5R1K b - - 0 31	d6h2 h1h2 g4h4	1281	050y1315191o
5bVVh	r4k1b/1bpp4/1p2pqQ1/6N1/1nPP2P1/pP2P3/P3KPP1/R7 w - - 0 28	g5h7 f8e7 h7f6	1281	0g0s191o
6BWUr	6r1/5k1p/p3pp2/2p5/3pQ3/1P3Nq1/P1P1R3/4RK2 b - - 1 26	g3h3 e2g2 h3g2	1281	0p13151o
6VV22	8/5pp1/1R3r1p/Pp6/4k3/7P/6PK/8 w - - 0 43	b6f6 g7f6 a5a6 e4d5 a6a7	1281	000g0p101m
78irE	6rr/ppp1bk2/2np1n2/4p1p1/4P2B/2PP1QPK/PP1N1P2/R4R2 b - - 0 18	g5g4 h3g2 g4f3	1281	010s191o
8Jcmk	6rk/2Q3p1/7p/5r2/2PB3q/8/5PP1/5RK1 w - - 1 29	d4g7 g8g7 c7c8 g7g8 c8f5	1281	0g0p0s101n
A6tKu	6R1/2p2Qpk/p1p1N2p/8/3q4/1P4PP/r4P1K/8 b - - 2 32	a2f2 h2g1 f2f7 e6d4 h7g8	1281	0g0j0k0p0s10
AVO0O	3r4/p3ppkp/1p3np1/1B2P3/8/1P3b2/P4PPP/2R3K1 w - - 0 25	e5f6 g7f6 g2f3	1281	010p0w1o
AbLaT	4r1k1/5pp1/p6p/qp6/3P1b2/3Q4/PPN2PP1/1R1B2K1 b - - 6 26	e8e1 c2e1 a5e1 d3f1 f4h2 g1h2 e1f1	1281	0g0i191n1w
AjzC4	r1b1kb1r/p2p1ppp/1Pn1p3/q7/8/2Q1BN2/PPP2PPP/R3KB1R b KQkq - 0 9	f8b4 e3d2 b4c3	1281	0g1c1g1o
AlSTu	6r1/5Rnk/2p2Q1p/p1Pp2pP/Pp1Pp3/1P2P3/1K4P1/3q4 w - - 4 41	f6g6 h7h8 g6h6	1281	0i0p1113151o
Aqhu4	r6k/2p2prN/pbp2N1Q/4pq2/8/8/PP3PPP/R3R1K1 b - - 0 22	f5f2 g1h1 f2g2	1281	0y111315191o
C4P6X	rn2k2r/1Q3p1p/p2qN1p1/2p5/8/8/PPp2PPP/RNR3K1 b kq - 0 15	d6d1 c1d1 c2d1q	1281	00061315191h1o
C8LXd	8/p1R5/8/4P1K1/1k3n1p/2p4P/P7/8 b - - 0 45	f4e6 g5h4 e6c7	1281	0g0p0s1o
CBPKv	RQ6/6k1/8/6pp/4B3/1q6/p4K1P/8 b - - 0 62	b3b8 a8b8 a2a1q	1281	00010p1h1o
CaA95	8/8/8/6R1/2R5/1P3k1n/1r6/5K2 b - - 2 41	b2b1 c4c1 b1c1	1281	0p13151o
Cs2yw	2rq1rk1/4bppp/pnbp4/4N2n/1P2P3/1P5P/PBBN1PP1/2RQ1RK1 b - - 0 18	d6e5 d1h5 d8d2	1281	010j1c1o
DAbgc	2k1r3/1p2q1p1/p1p3p1/6P1/6P1/P1PR3P/1P1K3Q/8 b - - 8 34	e7e1 d2c2 e8e2 h2e2 e1e2	1281	0g0p0s10
DQJE7	6k1/5ppp/1p5q/p7/3Q1P2/PP4P1/4r2P/2R3K1 b - - 2 28	h6h2 g1f1 h2g2	1281	0p13151o1u
ELcuv	1n1rr1k1/pbpN1ppp/1p6/1B6/8/8/P2R1PPP/3R2K1 w - - 5 22	d7f6 g7f6 d2d8	1281	0g0j191o
EPmYX	3r1r2/p4ppk/1q6/4P2P/2p5/8/PP1R1QP1/1R4K1 b - - 0 33	d8d2 f2b6 a7b6	1281	0g0p1g1o
FBNtT	4R3/pNQ2pk1/2p2pq1/8/8/8/PPb2PPP/5K2 b - - 0 23	g6d3 e8e2 d3d1 e2e1 c2d3 f1g1 d1e1	1281	0d0i0p13171w
FOLQc	4b3/6R1/p1p1p3/Pp1k4/1P1P2B1/6r1/3K4/8 w - - 5 39	g4e6 d5e6 g7g3	1281	0g0j0p1o
HCwaL	8/6pk/p6p/1p3p2/4n3/1P1Q1P1P/P5PK/4r3 b - - 0 33	e1h1 h2h1 e4f2 h1g1 f2d3	1281	050g0p0s101n
HHgzk	r2q1b1r/1bNk1p1p/2np4/3Np3/4p3/2P5/PP3PPP/R2QK2R w KQ - 3 15	d1g4 f7f5 g4f5	1281	1113151c1o
I7G2O	r1b1kb1r/pp1n1ppp/4p3/q2NP3/1P1Q4/2P5/P4PPP/R3KBNR b KQkq - 0 10	a5d5 d4d5 e6d5	1281	011c1o
K3OGz	3r1rk1/1pp2ppp/p1nb1n2/3Np3/1P1Pq3/P4Q1P/1B2BPP1/3R1RK1 w - - 0 17	d5f6 g7f6 f3e4	1281	0g0w0y191o
KWGUA	3k4/p4p2/2qp4/2pN1Q2/2B2P1p/8/Pr4r1/R6K w - - 0 34	f5f6 d8c8 d5e7 c8c7 e7c6	1281	0g0r0s1019
LmdE1	r7/pb2qP1k/1p4pp/2p1NQ2/3Pp3/2P5/PP5P/6K1 w - - 0 27	f5g6 h7h8 g6h6	1281	0i0p13151o
MqkR6	4N3/3p4/4p1p1/3q1p1p/5Pk1/6P1/2r5/5QK1 w - - 1 48	e8f6 g4g3 f6d5 e6d5 f1d3 g3f4 d3c2	1281	0g0p0s1w
NCc4A	r2q1rk1/ppp1bppp/3p1P2/8/3P4/2N2b2/PP3PPP/R1B1Q1K1 w - - 0 15	f6e7 d8e7 e1e7	1281	000g0s191o
NDOQ6	rn3rk1/ppp2pb1/3q1npp/3Np3/4P2B/5B2/PPP2PPP/R2Q1RK1 w - - 2 12	d5f6 g7f6 d1d6 c7d6 h4f6	1281	0b0g0j0y101c
O5tmo	r1b1kbnr/pp3ppp/4p3/3pP3/3B1P2/6P1/Pq5P/RN1QKBNR b KQkq - 0 9	f8b4 d4c3 b4c3 b1c3 b2c3	1281	010r101c
Omq9t	r4rk1/p6p/7p/8/q3PQ2/1p3RPP/5RK1/8 w - - 0 30	f4g4 g8h8 f3f8 a8f8 f2f8	1281	0i0j0p101316
OsYEb	R7/1pk1p1r1/p5p1/6Np/2Pr2nP/2N5/P5P1/7K w - - 5 26	g5e6 c7d7 e6d4	1281	010p0s1o
P8Y0A	6R1/4kr1p/p3q1p1/2p5/P5PP/2P1Q3/7K/8 w - - 5 41	g8e8 e7e8 e3e6	1281	050g0i0p1g1o
Qd4XV	1n3rk1/4Bppp/1p2p3/2p5/3q2n1/Q2P4/PPP2PPP/RN2K1NR b KQ - 0 13	d4f2 e1d1 g4e3 d1c1 f2c2	1281	0410131619
R7h86	2r5/5qkp/Q1P2pp1/4nb2/3N4/7P/5PP1/2R3K1 w - - 1 38	d4f5 g6f5 a6c8	1281	0g191o
RSZ9i	r2q1r2/pppkbQ2/3p4/3Np2p/4P3/3P4/PP1K1PPP/n1B4R w - - 1 16	d5f6 d7c8 f7e6 c8b8 f6d7 d8d7 e6d7	1281	0g0s191w
Sp1xF	8/p2p1R1p/bp2p2k/4P1p1/5R2/6P1/2K2P1P/4q3 w - - 0 35	f4f6 h6h5 f7h7 h5g4 f2f3	1281	0i0p101316
TBJge	6rk/1p6/p2Qb2r/5p2/5R2/P1PP2qP/1P2BRP1/7K b - - 6 31	h6h3 h1g1 g3h2 g1f1 h2h1	1281	101316191g
TsA6B	4k1r1/2Qr3R/p3p1p1/1p4P1/2pq1P2/P5K1/1P6/8 w - - 4 39	c7c8 d7d8 c8e6 e8f8 h7f7	1281	0p0r0s1013161p
TyT1n	4R3/3Q1pkp/1pBb2p1/1Pp5/2Pp1n2/3P3P/5PPK/q7 b - - 19 32	f4e2 d7d6 a1g1	1281	0j0k0p13151n1o
UaeDB	R7/6pk/1p2p3/1P4q1/4P3/5Q1P/6PK/3r4 b - - 0 39	g5e5 f3g3 d1h1 h2h1 e5g3	1281	010i0p10
UcHFq	r3r1k1/pp4p1/2p5/2P2P2/3Bpq1n/P1P4P/2Q1PP2/3R1RK1 b - - 0 24	f4g5 g1h1 g5g2	1281	0y1315191o
VINWR	6k1/p6p/2p2pp1/3p4/3Pr3/1P1Q1N1q/P1P2P1P/4R1K1 b - - 3 29	e4g4 g1h1 h3g2	1281	0p13151o
VhaGz	8/8/6R1/p1p4p/1bB5/1Pk3PP/5PK1/4r3 b - - 0 42	a5a4 b3a4 c3c4	1281	010i0p111o
ViHay	8/8/8/1p3K1k/p1p5/P1P5/1P2r3/6R1 w - - 1 62	g1h1 e2h2 h1h2	1281	0p1113151m1o
W6FxG	q6k/7r/8/pp1p4/P5Q1/2P1r1P1/1P4KP/5R2 w - - 2 35	g4d4 h8g8 d4e3 d5d4 e3f3 a8f3 f1f3	1281	0g0p0s1w
WDE9g	2q5/p1k5/2n5/4Pp2/2Q3r1/8/P5PP/1R5K w - - 1 37	c4f7 c8d7 b1b7 c7b7 f7d7	1281	050g0i0p0r10
Ws8uL	r1bqk2r/2p2ppp/p1n5/1p1n4/Q1B5/B1P5/P3NPPP/R3K2R w KQkq - 0 12	c4b5 a6b5 a4a8	1281	01191g1o
Wy04o	r1b1r1k1/2p1qpp1/p4n2/1p4B1/4P3/1PNP4/1PP3PP/R2Q1RK1 b - - 2 18	e7c5 g1h1 c5g5	1281	010s191o
XheGf	r7/1p1q1p1k/1Pp1pBpp/2PpP3/3PnQ2/4PR2/6PP/r1R3K1 w - - 4 31	f4h6 h7h6 f3h3	1281	05111315191f1n1o
YcAtA	2r1kr2/2p3Q1/p2p2R1/2q2p1p/4n3/6P1/PP3P2/6K1 w - - 6 35	g6e6 e8d8 g7e7	1281	0p13151o
YirSs	8/5k2/2p5/1p2Q3/1P2qB1p/3p3P/6P1/6K1 b - - 0 56	e4e5 f4e5 d3d2	1281	000g0p111o
Z9Gbh	r2qrbk1/pb3p2/1pn2n1Q/3p2N1/2pP4/2P5/PPB2PPP/RN2R1K1 w - - 3 16	c2h7 f6h7 h6h7	1281	0y13151c1o
ZGiBR	3r2k1/p7/1pp1rP2/3pB1p1/3K4/1P1B1P2/1P4P1/3R4 b - - 2 29	c6c5 d4c3 e6e5	1281	010i0p1o
ZL7E4	2kr3r/pp2b1p1/1q1p2Pp/2p1n3/3nP1P1/1PNP3P/P1P2QK1/R1B2R2 w - - 7 19	c3d5 b6b5 d5e7	1281	010s191o
aCuMO	3r1r1k/6pp/2R1Q3/4pq2/1P6/2P5/5PPP/5RK1 b - - 4 29	f5f2 f1f2 d8d1 f2f1 d1f1	1281	0p10111213161n
aUdR8	1k1r4/p1p2p2/1p2p2p/P5p1/8/P1q2PP1/B1P1QP2/2K3R1 b - - 0 24	c3a1 a2b1 a1a3	1281	0p0s13151o
bIIJN	4r1k1/3Q1ppp/1p6/p1p5/8/PP1P4/1q1B1PPP/2R3K1 b - - 1 24	b2c1 d2c1 e8e1	1281	060p13151n1o
bSc15	2k3r1/RR6/3p4/3N4/P7/7P/1PP2rP1/4n2K b - - 8 41	f2f1 h1h2 g8g2	1281	0p13151o
bwLY9	8/8/7p/7R/P4k2/6NP/2r5/7K b - - 6 47	f4g3 h5f5 c2c1 f5f1 c1f1	1281	0p0r0t101316
cBZMW	2r1br2/pp4pk/4p2N/3pP2Q/1q1P4/2N1P3/1P4PP/5RK1 w - - 1 22	h6f7 h7g8 h5h8	1281	0j0k1315191o
dF8ez	r2q1rk1/ppp3pp/2pb4/4p3/6b1/3Q4/PPP2PP1/RNB2RK1 w - - 0 12	d3c4 g8h8 c4g4	1281	0g0s191o
egR6c	r2qr1k1/ppp3np/8/2b2Np1/4p1Q1/2PP3P/PP4P1/R3KR2 w Q - 0 21	f5h6 g8h8 h6f7	1281	0g0y191o
eqSWt	5R2/pR6/2p4p/6k1/7r/P4b2/1P1r4/6K1 w - - 2 34	b7g7 g5h5 f8f5	1281	0p0q1113151o
exAlx	r4rk1/1bp1q3/pp2ppp1/3pn2Q/P7/2P1P2R/1PNB2PP/5RK1 w - - 0 20	h5h8 g8f7 h3h7 f7e8 h7e7	1281	0g0r0y10191p
fr2hd	r1bqk2r/pp1pn2p/1bp2np1/5pNQ/2BP1B2/8/PPP3PP/2KR3R w kq - 0 14	c4f7 e8f8 h5h6	1281	1315191o
frfRT	r5k1/p4ppp/1pQb4/2pP1q2/8/5NP1/PP3PP1/2R1r1K1 w - - 0 27	c1e1 f5c8 c6d6	1281	0g191o
iZvCH	r3r1kb/pp2pp1p/2npB1pB/8/q7/2P1QN2/P4P2/2KR4 w - - 4 20	e6f7 g8f7 f3g5 f7g8 e3e6	1281	050y101316191n
jXzy7	6k1/pprqb2n/2n1N3/2ppppPQ/8/P2P4/1PP5/R1B3K1 w - - 0 22	h5g6 g8h8 g6g7	1281	0y111315191o
jZ9Xg	2r2bk1/pp5p/1np1Nnp1/8/2P5/8/PP1K1PPP/4RB1R b - - 0 20	f8b4 d2c2 b4e1	1281	01191o1p
jadfy	3n4/5k1p/2Nr2p1/1p3pP1/1P3P2/3RK2P/8/8 b - - 0 39	d6d3 e3d3 d8c6	1281	0g0p0w11121o1r
jak1H	4r2k/pb4pp/1p1nQ3/2pP2q1/2P5/1P1BN2P/Pr4P1/5RK1 w - - 2 29	e6e8 d6e8 f1f8	1281	0y1315191n1o
kLMYV	r4r1k/p3q1pp/2p1B3/2pppPR1/4b2Q/2P1P3/PP5P/R3K3 w Q - 2 22	h4h7 h8h7 g5h5	1281	050y1315191f1n1o
kMaHK	8/8/8/5KB1/3p2P1/2k5/2P5/2b5 b - - 0 46	c1g5 f5g5 c3c2 g5h6 d4d3 g4g5 d3d2 g5g6 d2d1q	1281	00080g0p1h1w
kw2JH	5rk1/5ppp/8/p1p2Q2/8/P1rR4/2q3PP/5R1K w - - 0 25	f5f7 f8f7 d3d8 f7f8 f1f8	1281	0p1013161n
lDuet	6k1/2r2p1p/r1bB2p1/P2pp3/8/2P5/5PPP/R2R1K2 b - - 3 28	c6b5 f1g1 a6d6	1281	0g0j0p1o
lc8EJ	2r5/1p1n1p1k/p3p1NB/3pP3/P4P1K/6QP/4q3/8 w - - 1 34	g6f8 c8f8 g3g7	1281	0d0p13151n1o
mgCt8	r2k2r1/p3b2p/2p1Qn2/4N3/P2P1B2/4PK2/5PPP/q7 w - - 0 26	e5c6 d8e8 e6e7	1281	1315191o
nmGpD	3r2k1/pb4pp/1p2qp2/2bN4/8/P1N2P2/1P1Q2PP/3R3K w - - 3 28	d5f6 e6f6 d2d8 f6d8 d1d8	1281	0g0j0y1019
oGKiO	2k2b2/Q5p1/5pB1/p1qp4/8/6P1/5PK1/8 w - - 0 49	g6f5 c8d8 a7d7	1281	0p13151o
oSd7B	r1b1k2r/1p3ppp/p3pn2/4q3/1b6/2NBB3/PP3PPP/R2Q1RK1 w kq - 2 13	d1a4 c8d7 a4b4	1281	0g0s1c1o
pngam	r1b2r1k/ppq2pp1/2p1pb1p/2P5/1P1P1BQ1/5N2/P4PPP/R4RK1 b - - 4 16	e6e5 f3e5 c8g4	1281	0g0j191o
qJzvr	r2k1b1r/p2qnppp/3p2n1/3N4/2QP4/8/PPPB1PPP/R3K2R w KQ - 4 15	d2a5 d8e8 d5c7	1281	0g191o
qV1CU	4r2r/p1p2kp1/1pq2pp1/8/4R2P/2PP1Q2/P1P1p1P1/4R1K1 w - - 2 29	e4e7 e8e7 f3c6	1281	010e0j0p1o
qji65	3r1rk1/4bpp1/QBq1p1bp/8/4N3/2P3P1/Pn3PBP/4R1K1 w - - 1 27	e4f6 e7f6 g2c6	1281	010j191o
qv6PY	2q2r1k/5pR1/4pP1p/1p1p1P1P/3P4/P4r2/2b2P1K/6Q1 w - - 0 34	g7h7 h8h7 g1g7	1281	050p13151n1o
rLVWA	3r3k/pp2qP1p/4B1p1/2b5/5Q2/2P1p3/PP3nP1/5RK1 w - - 3 39	f4e5 e7f6 e5f6	1281	1315191o
sKvUT	8/pkp4R/8/7P/6p1/8/PP3r2/2K5 b - - 0 32	g4g3 h7g7 g3g2	1281	000g0p1m1o
slR4T	rn1q1rk1/pbppb1pp/1p4n1/3p4/2P1B3/1N3N2/PP3PPP/R1BQ1RK1 w - - 0 11	e4d5 b7d5 d1d5	1281	0g0y1c1o
t91P6	r3k2r/1pp2p2/p2p1qpp/n1n1p3/2P1P3/P1P1QNPP/1P1N1P2/R4RK1 w kq - 4 18	b2b4 a5c4 d2c4	1281	010s191o
uMkgq	b7/5kb1/3p1pp1/2p4p/1pP1P3/1P1PKN1P/6P1/2B5 b - - 3 38	g7h6 e3f2 h6c1	1281	0g0p1o1p
uSous	8/pp5p/3P1rk1/8/2P1b1r1/1P6/P6Q/2K5 w - - 1 41	d6d7 g4g2 h2g2 e4g2 d7d8q	1281	00010p0r101h
vYAeG	8/8/8/1p3K2/4R2P/2rk4/8/8 b - - 0 49	c3c5 e4e5 c5e5 f5e5 b5b4 h4h5 b4b3	1281	0g0p1l1m1w
vkKGx	4r2k/ppq3pn/2p2p2/8/3P4/1B2rQb1/PP3PK1/7R w - - 0 26	h1h7 h8h7 f3h5	1281	051315191n1o
wPFvA	5rk1/pp4pp/1q2p1r1/1b1pP3/3Q4/8/PP2BPPP/3R1RK1 w - - 1 20	d4b6 a7b6 e2b5	1281	0b0g191o
wdkMy	5rk1/2p3p1/3b4/5r2/5qNQ/P2pB2P/1P4P1/2R2RK1 b - - 4 31	f4f1 c1f1 f5f1	1281	1315191f1o
wfvTj	8/8/2p3p1/2P3p1/1P1pk1P1/7P/4K3/8 w - - 3 40	b4b5 e4d5 b5b6 d5c5 b6b7	1281	000g0p101e
wsjbd	8/1R4r1/7k/7p/7K/6P1/8/8 w - - 0 39	b7g7 h6g7 h4h5	1281	0g0p111m1o
xCME3	3r2k1/p3qpp1/1pB1p1n1/1P6/2P1QP2/4P1K1/5P1R/3r3R w - - 5 29	h2h8 g6h8 e4h7 g8f8 h7h8	1281	0i0y101316191n
xTIUM	3R1rk1/1p3ppp/p1p1p3/6Q1/2P5/1P2n2P/P4PPK/q7 w - - 0 26	d8f8 g8f8 g5d8	1281	050p0y13151o
yCNkQ	8/8/pkp1P3/1pq5/8/6P1/5QKP/8 b - - 16 55	c5f2 g2f2 b6c7	1281	0g0h0p1i1o
ykhcm	R1r3k1/5p1p/4b1pb/4p3/8/4BP2/PPP3PP/2K2B1R b - - 0 17	h6e3 c1b1 c8a8	1281	010t0w11191o
ytk6C	r3k2r/1p3ppp/p1b1p3/6n1/1B1P1q1N/P5P1/1PP2P1P/R2QR1K1 b kq - 0 16	g5h3 g1f1 f4f2	1281	0y1315191o
zH52G	6rk/2p1bpqn/p2p4/1p1PpBr1/1P2PnPQ/P4PNR/2P4P/5RK1 w - - 3 27	h4h7 g7h7 h3h7	1281	0y1315191d1o
zdaw5	7R/2k5/r1bR4/1p6/pB3P2/P2p4/1P2r1P1/5K2 b - - 3 43	c6g2 f1g1 a6d6	1281	0g0j0p1o
1aJzE	k2r1r2/q6p/Q1p3p1/2pp4/8/8/P1P3PP/1R5K w - - 1 30	a6c6 a7b7 c6b7	1282	0p13151o
1lhf7	3r1k2/p3qpp1/5N1p/1r6/4Q3/6P1/P4PKP/3R4 w - - 6 27	f6h7 f8g8 e4e7	1282	0g0i0p1o
1nOoZ	r3k2r/1p2nppp/4p3/qp1pP3/3P4/P1b2N2/3N1PPP/2RQ1RK1 w kq - 2 18	d2b3 a5b6 c1c3	1282	01191o
28JcO	2k4r/ppp1q3/5p2/Q5p1/2P4p/P3PnPP/1P1r1PR1/2KN1B2 w - - 3 28	a5f5 d2d7 f5f3	1282	010s191o
2V0jl	r1q2rk1/3R1R1p/1p1p2p1/1PpP4/5QP1/1P3P2/P5P1/6K1 b - - 0 36	c8d7 f7d7 f8f4	1282	010p1o
3hYsm	3R4/1p4pk/p3p3/3pN3/3PnB1q/1P2P3/P4P2/6K1 w - - 7 35	d8h8 h7h8 e5g6 h8h7 g6h4	1282	01050p0s101n
41MGk	7r/4Bpk1/2p4p/p1p1p2P/2Bbn1p1/P7/1r3PP1/2QRK2R b K - 0 24	d4f2 e1f1 e4g3	1282	041315191o
43Q3U	K7/P4r2/1k6/8/2R3p1/8/7P/8 b - - 12 59	f7f8 c4c8 f8c8	1282	0p13151m1o
470Tb	r4r2/1p2R3/1p3pkp/2p2np1/2P3q1/P2P2B1/1P3RPK/5Q2 w - - 2 31	f2f5 g4f5 e7g7 g6g7 f1f5	1282	010i10191n
4t2YE	8/4R3/1r4p1/5pBp/3k4/3n3P/6P1/6K1 w - - 4 49	g5e3 d4d5 e3b6	1282	010p1o1p
5Q6Pb	1kq2bnr/pp4pp/2p2pn1/4P3/5PQ1/2N1B3/PPP3PP/3R2K1 w - - 2 20	e3a7 b8a7 g4c8	1282	0g0i191k1o
7SepZ	3r4/1p4pk/p5r1/2q1p3/P5N1/2P3Q1/1P3PP1/5R1K w - - 2 29	g3h4 h7g8 h4d8	1282	0g0p0s1o
7ZVw4	8/pp3p1p/2p3kb/3p1R2/3Pr1PP/8/PPP1N3/5K2 w - - 1 31	h4h5 g6g7 g4g5 h6g5 f5g5	1282	010p101t
7tgKi	3r2r1/1p3p2/2k2p2/2b2R2/5P1p/2P2K1P/1P2N3/7R b - - 4 29	d8d3 f3e4 d3e3	1282	0p13151d1o
8zLSQ	r7/1pQ2r1k/p1n1pqp1/3p3p/8/P1N2R2/1PP2PPP/4R1K1 b - - 3 25	f6f3 g2f3 f7c7	1282	0g191o
9JPZc	r3r1k1/p2N1pp1/2p2n1p/3p2Q1/6b1/P1qB4/5PPP/R4RK1 w - - 0 19	d7f6 c3f6 g5g4	1282	010y191g1o
Aco9P	r3r1k1/1pp2pp1/p1p4p/8/3N4/3P1q2/PPP2P1P/R2QR1K1 b - - 0 16	e8e1 d1e1 f3g4 g1h1 g4d4	1282	010s1019
B2JVS	3b1k2/pp3p1r/3p1p2/3Qp3/q3P3/5P1p/PP3P1P/6RK w - - 0 27	d5d6 d8e7 d6b8 a4e8 g1g8 f8g8 b8e8	1282	01050i0p0s1w
BDvix	6k1/1R3pp1/p3p2p/P3Q3/1P6/5P1P/2r3PK/5q2 w - - 1 39	b7b8 g8h7 e5e4 f7f5 e4c2	1282	0g0p0s10
BKO1h	r1bq2k1/1ppp2pn/pbn1P2p/7Q/3p4/2P5/PP3PPP/RNB1R1K1 w - - 1 15	h5f7 g8h8 e6e7	1282	000g1c1o
BePXK	5r1k/1p1b3B/4p1Q1/4q1N1/p1Pp3r/P6P/1P3PP1/R5K1 w - - 0 26	g5f7 f8f7 g6g8	1282	0s111315191n1o
BkqUP	2r3k1/1Q3ppp/4p3/1P1p4/3P4/3q4/PK2RP2/R1N5 b - - 0 31	d3c3 b2b1 c3c1	1282	0p13151o
C5f2o	2b4r/1p3ppp/BQnk2n1/2Rp4/1q6/4P3/P4PPP/R5K1 w - - 1 20	c5c6 b7c6 b6b4	1282	0g191o
CXlEF	r6k/1R5p/3P1r2/p3qP1Q/2P5/8/P7/5R1K b - - 4 32	e5e4 h1h2 e4b7	1282	0g0p0s1o
CfIev	7r/1k1P4/pr4n1/3p4/3Pp3/8/7P/1RR3K1 w - - 3 41	b1b6 b7b6 c1c8	1282	0g0p1o
DNRHY	r1b2r2/pp1nqpkp/3p4/3P4/2p1P3/5N2/PP1Q1KP1/R6R w - - 0 23	d2h6 g7h8 h6h7	1282	1315191o
EIWXo	6k1/3p2p1/8/1p3bPK/2p2PrR/P3R3/1P6/8 b - - 6 45	g7g6 h5h6 g4h4	1282	0i0p13151o
EUjj0	r1bqk2r/ppp1bppp/3p1n2/8/1nPP4/2N2N2/P4PPP/R1BQKB1R w KQkq - 0 8	d1a4 b4c6 d4d5 c8d7 d5c6	1282	010s101c
FQxFT	8/p2k3p/8/8/5Q2/1P1P1p2/PBP2q2/R2K4 b - - 2 37	f2e2 d1c1 e2e1	1282	0p13151o
G5JF6	k2r2r1/p1R1Q1bp/6p1/4p3/3pq3/5p2/PP1B1P1K/8 w - - 0 28	c7a7 a8b8 e7c7	1282	1315191k1o1u
GFRjK	r3q2k/p4rRp/3p1n1Q/4p3/2p1P3/2P2P2/PPP2P2/2K4R w - - 2 24	h6h7 f6h7 h1h7	1282	090y1315191n1o
IvnBI	rn1qk1nr/pp2bpp1/2p1p3/3pP2B/3P4/P1N5/1PP2PP1/R1BQK2R w KQkq - 1 11	h5f7 e8f7 h1h8	1282	040g0j1c1o
IxxvW	r6k/pp3Bpp/1bp5/8/8/1N4q1/PPP5/1K1R3R w - - 0 23	h1h7 h8h7 d1h1 g3h4 h1h4	1282	05101316191f1n
JRCZE	r4r2/1pp2pk1/p1np1n2/4p1Nq/2B1P3/P2P4/1PP4P/2R3QK w - - 0 25	g5e6 g7h6 g1g7	1282	0k0m1315191o
K9Yjx	8/R5pk/8/3N2P1/Pp1b1r2/1P6/4K3/8 b - - 3 42	f4f2 e2d3 d4a7	1282	010p111o
KFtQ9	1q5k/6rp/p4Q2/P2p4/1p1Bp3/1NP2BPP/7K/2R5 b - - 0 39	b8g3 h2h1 g3h3	1282	0i1315191o
KiqGK	4Q3/8/4pk1p/5p2/8/5P1P/1qP3K1/8 w - - 0 33	e8h8 f6e7 h8b2	1282	0g0p1i1o1p
Ksy6Q	8/8/4K2p/8/5p1P/4k3/6P1/8 w - - 1 64	e6f5 h6h5 f5g5	1282	0g0p111e1o
L5dzo	r4rk1/pp1b1ppp/2n1p3/qB6/P2PP3/5N2/3Q1PPP/R4RK1 w - - 5 14	d2a5 c6a5 b5d7	1282	0g11191o
LeKV3	3q2k1/3pb1p1/p3prN1/1p1n4/3P4/P6Q/1P3PP1/1R4K1 w - - 1 28	h3h8 g8f7 g6e5	1282	1315191o
MYcLN	rnb2rk1/ppp2pBp/6p1/8/1PP4q/P3P1P1/3P4/RN1QKBNR b KQ - 0 11	h4g3 e1e2 c8g4	1282	0g111c1o
MctWJ	1k6/1p3p2/p2Pp3/7p/3PpP1n/P2r2qP/1P4P1/2Q1R1RK b - - 0 30	g3h3 g2h3 d3h3	1282	0p0y13151n1o
Md557	r1bq1rk1/pp2bppp/2pn4/3NB3/2B5/1Q6/P4PPP/R2R2K1 w - - 0 16	d5e7 d8e7 e5d6	1282	0g0y191o
N5nrx	5rk1/1pp3pp/4b3/5p2/3p4/1PnP1Q2/4BPPP/KNR5 b - - 0 22	f8a8 b1a3 a8a3 a1b2 a3a2	1282	0r0u10131619
NSMa4	3r1rk1/p4p1p/1q2b3/1p2N3/8/1P4P1/P3Q1BP/2R1KR2 b - - 2 24	b6a5 e1f2 d8d2	1282	0g191g1o
OGBoG	1q6/5p1p/3kp3/2N2pPP/QP3b2/3P4/8/1K6 w - - 3 38	a4d7 d6e5 d3d4	1282	0p1113151o
OHkXE	r1b2rk1/1p2nppp/p1n1p3/3pP1Q1/1q1P4/1N1B1N2/PP3PPP/R4RK1 w - - 0 14	d3h7 g8h7 g5h5 h7g8 f3g5	1282	050g0y10191n
QdHzx	2r2rk1/1p2npbp/p1n3p1/8/QqPp1BP1/5N1P/5PB1/4RRK1 w - - 1 22	a4b4 c6b4 e1e7	1282	010b191o
QlEiD	1r4k1/3R3p/6p1/pB3p1n/P1r2P1B/2b1P3/5P2/1K5R w - - 1 28	d7d8 b8d8 b5c4 g8g7 h4d8	1282	0g101119
RCld6	6k1/1pr4p/p1p3pQ/4p1P1/5q2/P5RK/6P1/8 w - - 0 39	g3f3 c7f7 f3f4	1282	010p1o
Sg441	8/8/p1p1N1p1/1n5k/4R2P/3KP3/6r1/8 w - - 0 36	e6f4 h5h4 f4g2	1282	0g0k0m0p0s111o
Sjp9W	8/pp4pk/3R2r1/4p3/1Q2Pp1q/2P2P1p/PP4PP/6RK b - - 0 32	h3g2 g1g2 h4e1 g2g1 e1g1	1282	000p0y101316
SmAuY	r4r2/1pp1qppk/4p2p/p2pP3/3P4/bPP1Q1R1/2nN1PPP/B4RK1 w - - 1 20	e3d3 h7h8 d3c2	1282	010s191o
SsKfC	6k1/pp1n2pp/2p5/2N5/1P2Q1n1/P1B3qP/2P4b/5R1K b - - 0 31	g4f2 f1f2 g3g1	1282	0s1315191n1o
TsDW2	k4rr1/1p2n3/PBnQ4/8/8/2q5/5PbP/R4RK1 w - - 0 26	a6b7 a8b7 d6c7	1282	00050k0m1315191o
UVj8U	6k1/pp2n3/2P1r1pK/7p/5P2/1Q1Pr1PP/PB6/8 b - - 0 35	e7f5 h6g5 e3g3	1282	0p0q13151o
UZMf2	5rk1/2q2ppp/1nB5/1PQ5/8/8/1P1r1PPP/4R1K1 w - - 0 23	c5f8 g8f8 e1e8	1282	051315191d1n1o
UZiGB	1r5r/6Q1/p1ppkqp1/4p3/4P3/2N5/PPP5/1K1R4 w - - 2 36	d1d6 e6d6 g7f6	1282	050g0i0p1o
Uszj5	r1bqk2r/pp3ppp/3p4/4p3/2B1n3/Q7/PPn2PPP/RNB2RK1 w kq - 0 11	a3a4 c8d7 a4c2	1282	010s1c1o
UzZsQ	r7/pp2bpk1/2p3p1/3pP1q1/3P4/2P3QP/PPB2PP1/4R1K1 b - - 4 39	g5d2 e1f1 d2c2	1282	010p0s111o
VCjSI	r1bqk2r/5p2/p1Q1pp1p/8/1b3B2/2pBP3/PP3PPP/R3K2R b KQkq - 0 14	c8d7 c6e4 c3b2	1282	000g0h0j0k191o
VLU4m	r1b1kbnr/2qp2pp/p7/4p3/1p1n4/1B3Q2/PPP2PPP/R1B1K2R w KQkq - 0 11	f3f7 e8d8 f7f8	1282	0i13151c1o
VOn2g	r3r1k1/p1p3pp/2Qb1q2/8/3P4/4B3/bP3PPP/RN3RK1 b - - 1 15	d6h2 g1h2 f6c6	1282	0g0j191o
VTdEA	1k1r1r2/1pq5/PQppBn1p/1p2p3/6pP/3P1bB1/1PP2P1K/R4R2 w - - 3 29	a6a7 b8a8 b6c7	1282	000g0i191k1o
W3Vjs	8/pp5R/8/1b1p4/3k4/1B3n2/PPK4P/8 b - - 2 38	b5d3 c2d1 d3h7	1282	0g0p0s1o
Z56h6	r2qr1k1/ppp2ppp/2n5/b1P1p2b/4NnP1/1B1P1N1P/PP3P2/R1BQ1RK1 b - - 0 14	f4h3 g1g2 h5g4	1282	010y191o
ZpIRC	8/8/R6P/8/6kr/5p2/8/6K1 w - - 4 71	a6a4 g4g3 a4h4 f3f2 g1f1	1282	0g0p10111m
ZxLMl	6R1/1rk5/8/8/6p1/6P1/8/5K2 w - - 0 57	g8g7 c7b6 g7b7	1282	0g0p1m1o
aJzAa	2r2r2/pppb2pk/3pn1qp/4PN2/6Q1/6NP/PP4P1/2R1R1K1 w - - 1 24	g4g6 h7g6 f5e7 g6h7 e7c8	1282	01050s10111219
amHTy	4qrk1/5pnp/5Pp1/p1n1B3/2p1B1N1/2P5/5KPP/3r4 w - - 0 36	g4h6 g8h8 f6g7	1282	001315191o
b4D4O	N6r/4kp2/p1bR4/4pBq1/1PP1P1Pb/P6Q/8/5RK1 b - - 0 35	h4f2 f1f2 h8h3	1282	0g0j191o
cAwHZ	1r4k1/5p1p/3p2p1/2pP4/2P5/1qQ3P1/rp2RP1P/1R4K1 w - - 4 30	e2e8 b8e8 c3b3	1282	0g0i0p111o
cL1pz	r1bq1rk1/pp3pp1/2p4p/2n1P3/1PB5/P2P4/2P3PP/R1BQ1RK1 b - - 0 14	d8d4 g1h1 d4a1	1282	010s191o
cNjkH	4rrk1/p2R4/1p2q1bp/6p1/1Pp1P3/2P3P1/P1B3PK/3Q1R2 b - - 1 37	f8f1 d1f1 e6d7	1282	0g11191o
d4Gu7	2r3k1/1b3p1p/6p1/pq1BQ3/8/2Pp4/1n4PP/4RK2 w - - 0 35	d5f7 g8f7 e5b5	1282	0g0j191o
d5Kvo	5r1k/1p3rp1/pP1p1pQp/2p5/2P1P1RR/3q3P/6PK/8 w - - 0 38	h4h6 g7h6 g6h6 f7h7 h6f8	1282	0i0p0y1013161n
dYJSR	1k4r1/pp1b4/5p2/3p3p/3N2rP/1P6/3N1RBK/6R1 b - - 0 26	g4h4 g2h3 h4h3	1282	0s1315191d1o
dnFr6	5r1k/1p3p1B/3p1p2/3P4/3q4/1P6/KpQ3PP/5R2 b - - 0 25	f8a8 a2b1 a8a1	1282	0p13151o
f3QtI	r1b2rk1/ppp2ppp/7q/6b1/8/3P1Q2/PPP3PP/4RR1K w - - 2 17	f3f7 f8f7 e1e8 f7f8 f1f8	1282	0y101316191n
fLXGP	2r2rk1/1b2q2p/p5p1/1p2ppB1/6Q1/3B4/PPP3PP/3R1RK1 b - - 1 22	e7c5 g1h1 f5g4	1282	0g191o
gNVgx	r3k3/1p3p2/8/4PP2/p2NQ1b1/P1PR2N1/q1P3n1/2K5 b q - 4 34	a2a1 c1d2 a1d1	1282	1315191k1o
ga4JU	r1bq1rk1/1p3ppp/p2bpn2/3p4/3B3P/2PBP3/PP1N1PP1/R2QK2R b KQ - 2 12	e6e5 d4e5 d6e5	1282	01111c1o1t
gzwLZ	4r3/2p3R1/1p1p1p1k/p4P2/2P5/1Pq5/4r3/1K1R4 w - - 0 37	g7g6 h6h7 d1h1 e2h2 h1h2 c3h3 h2h3	1282	0p0r13171j1w
hOTcE	r2qk2r/ppp2pp1/4Rb1p/3p4/2BQ4/8/PPP2PPP/RNB3K1 b kq - 0 11	f7e6 d4g4 d5c4	1282	010t191o
hOcVt	r2k3r/p1pp2pp/bp3p2/n2BN2Q/3P4/2PqB3/P4PPP/R3K2R b KQ - 5 16	d3c3 e3d2 c3a1	1282	0g0s191o
iWSLy	rnb1k2r/pp3ppp/2p2n2/8/1qBP1P2/P3p3/1P1NN1PP/R1BQK2R b KQkq - 0 12	e3d2 c1d2 b4c4	1282	00010s191o
iWWuf	8/8/1b1nkr2/6K1/1P4P1/2PR4/1P6/8 w - - 0 56	d3d6 e6d6 g5f6	1282	0g0i0p1o
kDwMl	1r4k1/6pp/B1Pbppb1/qP6/8/4B1PP/3Q1P2/1R4K1 b - - 2 32	a5d2 e3d2 g6b1	1282	01191o
l1Kj1	1k6/pP4p1/2P1p3/2PpPp2/3P1qp1/1Q5r/2K1N3/4R3 b - - 2 37	f4e4 c2b2 h3b3	1282	0g0p1o
l8CIy	5k1b/7p/6p1/p7/8/P2q4/1P6/K3R2Q b - - 1 31	d3a3 a1b1 a3b2	1282	0p13151g1o
m0u4i	6r1/p7/Q3pk2/3p1p2/3Pp3/6q1/PP3R2/5R1K b - - 0 35	g8h8 f2h2 h8h2	1282	0p13151o
mqUlP	r3r1k1/bb1q1pp1/p6p/2p5/1P6/P1pBnP2/3QNBPP/R3R2K w - - 0 23	d3h7 g8h7 d2d7	1282	0g0j191o
nArtT	1r1qr1k1/1p3p1p/pn1b2p1/PQ1P4/2p5/2P2B1P/1B3PP1/3R1RK1 w - - 0 21	b5b6 d8b6 a5b6	1282	0g191o
nyFdD	r2qk2r/5pp1/2pp3p/p3p3/3NPn2/3P1P1P/BKPQ1P2/3R3R b kq - 0 19	d8b6 b2a1 b6d4	1282	010s191o
qibbs	6k1/6pp/2p2p2/2Ppr3/pP6/P6P/5PP1/4R1K1 w - - 0 31	e1e5 f6e5 b4b5 c6b5 c5c6 g8f7 c6c7	1282	000g0p1m1w
rHdwu	8/1rp5/2Rn1pk1/2P1p1p1/4P1P1/1rNK4/5RP1/8 b - - 0 46	b3c3 d3c3 d6e4 c3c4 e4f2	1282	050g0i0p0s10
rQhwz	1r6/pp1r4/3p2k1/2pB1nPp/4N3/2PP4/PP1K4/5R2 w - - 10 31	d5e6 d7e7 e6f5	1282	010p1o
siKCt	r4rk1/1p3ppp/p1nb4/3p4/6n1/P3PN1q/NP1B1P2/2RQRBK1 b - - 3 17	d6h2 g1h1 g4f2	1282	0i0y1315191o
sjLOz	r2q1r2/pp3pk1/2pp1n2/4p1B1/4P1b1/PPP2Q2/1P3PPP/R4RK1 w - - 3 17	g5f6 d8f6 f3g4	1282	010s191o
tXryS	r2q1Nk1/ppp2ppp/2np4/2b1p3/2B5/2PP1QnP/PP4P1/R1B1K3 w Q - 0 14	f3f7 g8h8 f7g8	1282	0y1315191o
tfPwB	3B1q1k/3P3p/2p1Bp2/p4PpQ/4Pb1n/P1N4b/1PP5/R5K1 b - - 0 27	f8c5 g1h1 h3g2	1282	1315191o
v4bWj	6k1/2p2pp1/3bp2p/3n4/2NP4/3QP2P/1q1B1PP1/6K1 b - - 1 30	b2a1 d3f1 d6h2 g1h2 a1f1	1282	0g0i0p1011
vVk5I	r1bq1r1k/ppp3p1/1n2Bn1p/6B1/3P4/P1N4Q/1PP3PP/2KR3R b - - 1 15	c8e6 h3e6 h6g5	1282	0111191o
vnFlR	1k6/1pp5/p5r1/2Pp4/3P2q1/4RR2/P4Q1p/7K b - - 1 35	g4g1 f2g1 h2g1q	1282	000p13151h1o
xUDir	3r1rk1/pp3p1p/3p1RpB/2q5/2PQP3/1P5P/6PK/8 w - - 12 34	f6g6 h7g6 d4g7	1282	0d0p13151n1o
xVyXg	1R2R3/3rr3/p4p2/k1p2P2/1pP5/1P3NPp/P4P1P/5K2 b - - 4 35	d7d1 f3e1 d1e1	1282	0p13151o
xzBHr	5r2/5pk1/1pR4p/p6Q/4q3/7P/nP3PPK/8 w - - 0 28	h5h6 g7g8 h6g5	1282	0g0p1o
y6n5S	2b5/2p1k1pp/1pP1p3/1P1qN3/3P4/4p3/6PP/5QK1 w - - 2 27	f1f7 e7d6 f7f8	1282	0p13151o
yqhgY	6k1/2q2p1p/p3p1p1/1p6/8/P3Q1P1/1Prr1P1P/2R2RK1 w - - 4 28	e3d2 c2d2 c1c7	1282	0g0p1o
zzYnR	5rk1/p4ppp/1p2p3/8/8/4PQP1/qPr4P/3R1RK1 w - - 0 24	f3f7 f8f7 d1d8 f7f8 f1f8	1282	0p1013161n
07aIb	r3qk2/pp3ppb/2p4p/3pQ2P/1P6/P1N1R3/5PP1/6K1 w - - 3 28	e5d6 f8g8 e3e8	1283	010j0p1o
0DUCO	6k1/4rpp1/b2p1q1p/p1pP3P/Q4N2/5PP1/P2n1B2/1R4K1 w - - 1 36	b1b8 g8h7 a4c2	1283	0111191o
0FNgQ	r1bq2k1/1p2b1p1/p3prN1/3p1p1Q/n2P4/2P3P1/PP5P/R1B1K2R w KQ - 1 19	h5h8 g8f7 g6e5	1283	0y1315191o
0NDKt	7r/p1p1pkb1/2p1bnpp/8/3q4/2NB1P2/PrP3PP/1R1Q1R1K w - - 0 16	d3g6 f7g6 d1d4	1283	010j191o
0rJEn	r3kb1r/3q1ppp/p3p3/1B1pP3/Qp2bP2/2P1B3/PP4PP/R3K2R b KQkq - 3 16	d7b5 a4b5 a6b5	1283	0g191o
13DBh	2k1r3/2p5/1p4pp/3p1b2/3P4/PRP3P1/2P2P1P/4RK2 b - - 3 31	f5h3 f1g1 e8e1	1283	0i0p13151f1o
28z93	R7/2b2p2/4p1kp/6pN/p1r3P1/5K2/8/8 w - - 0 40	a8g8 g6h7 h5f6	1283	0f0p13151o
2yaba	1r3rk1/pbbnq3/1pp1p1p1/4Pp2/2PP4/7Q/PP2K1P1/R1B4R w - - 0 23	h3h8 g8f7 h1h7 f7e8 h7e7	1283	010r0y10191p
35aCj	r1b1kbnr/pp1p1ppp/5q2/3Pp1B1/3nP3/5N2/PP3PPP/RN1QKB1R b KQkq - 4 7	d4f3 d1f3 f6g5	1283	011c1o
4EaJt	r1b5/1p6/p1p2q2/1N2p3/8/4P3/k1PBK3/1R6 w - - 0 37	b5c3 a2a3 d2c1	1283	0p13151o
4ebiY	4rr1k/pp5q/2pp1pQP/3b1N2/8/3P4/PP4P1/2KR3R w - - 1 30	g6g7 h7g7 h6g7	1283	000g0k0m0y191o
4zkZd	r1bq1b1Q/7p/p5k1/5pN1/5P2/8/PP1N2P1/2R3K1 b - - 0 27	f8c5 c1c5 d8h8	1283	0g0j191o
58izY	6r1/1pk2p2/1qpp4/Q3b1r1/4P3/1P2NB1p/7P/3R3K w - - 1 41	e3d5 c6d5 d1c1 c7b8 a5b6	1283	010i10191g1n
5k4Wk	1R3n2/r1pr1kpp/2p1pp2/2P5/5P2/4NKP1/3R3P/8 w - - 8 38	b8f8 f7f8 d2d7	1283	010p1o
6RXfd	r4rk1/p1p2pp1/b1Np3p/8/4PP2/3P4/PqPQ2PP/R4RK1 b - - 0 16	b2b6 f1f2 b6c6	1283	010s191o
7AFA5	2R2Bk1/3n1p1p/4r1p1/Nb6/1P3p2/5B2/6PP/6K1 b - - 0 31	e6e1 g1f2 e1f1	1283	1315191d1o
7bqjj	7R/6K1/k6P/7r/p7/8/P4r2/1R6 b - - 8 58	h5g5 g7h7 f2f7	1283	0p0q13151m1o
7dg58	7r/p1Q4r/1p2pk1p/3q1p2/3P2R1/5P2/PP3PK1/7R w - - 4 37	h1h6 h7h6 c7g7	1283	0p13151n1o
7hZ88	r7/p1p2pk1/7p/8/4R1Bq/2N3b1/PPP3P1/3R3K w - - 3 23	g4h3 h4f6 e4g4	1283	010d191o
7rTfM	r4rk1/5pp1/4p3/p7/3p2N1/b1q1B3/6QP/5RK1 w - - 0 32	g4f6 g8h8 g2h3	1283	1315191g1o
9E53I	r1b1k2r/pp2bppp/2n2n2/1qp5/3pNP2/3P4/PPPBQ1PP/R3K1NR w KQkq - 0 11	e4d6 e8d8 d6b5	1283	0g1c1g1o
9Yfla	5rk1/1b3p1p/p2ppPp1/1p6/1P3P2/4q2P/PP1N2P1/1BNQ1R1K b - - 0 24	e3h3 h1g1 h3g2	1283	0y1315191g1o
B3bRf	4r1kr/p1p2pp1/2p5/8/1B1p1P1p/4q2P/PP4P1/R4Q1K w - - 0 28	a1e1 e3e1 b4e1	1283	010p111o
BIiQD	r1b1k2r/1p1p1pQ1/p3p3/4P3/1q1n4/1B6/PB3PPP/R4RK1 b kq - 0 18	d4e2 g1h1 h8h2 h1h2 b4h4	1283	02050y101316191n
Bmpld	2r2rk1/pp3pp1/3p4/3Bp2Q/4P2b/P7/1PP2q2/1K5R w - - 3 29	h1h4 f2e1 b1a2 e1h4 h5h4	1283	011019
CxOD6	7k/6p1/p3Q2p/1p1n2P1/5P2/1P3RKP/1q6/3r1N2 w - - 0 32	e6e8 h8h7 g5g6	1283	0p13151o
DUXhY	7r/2k4q/1p2B1p1/2bQ1pp1/8/2P3P1/P4P1P/1R4K1 b - - 5 27	h7h2 g1f1 h2f2	1283	0p13151o
Df6nI	6rk/7p/pQ6/3PK3/P1P3r1/1P6/8/8 b - - 4 63	g8g5 e5d6 g5g6 d6c7 g6b6	1283	0g0p101j1p
Ewyjy	1k2r3/5p2/p7/3p4/P1p2bQP/1pP3q1/1P4B1/5R1K w - - 6 40	g4f4 g3f4 f1f4	1283	0g0p1o
FVKS0	rn5r/ppp1kqp1/5n1p/4pQ2/4P3/P1b1B3/1PP2PPP/3R1RK1 w - - 0 17	e3c5 e7e8 f5c8	1283	1315191o
GCR5K	8/7k/6pp/pNPp4/PP2p2q/2P4P/4Qb1K/R7 b - - 0 36	h4g3 h2h1 g3h3	1283	0i0p13151o
Gghhj	2r3k1/pb1n1Rp1/1pn1p1Qp/1B1pP1q1/3P4/PN2b2P/1P4PN/7K w - - 2 24	f7g7 g8h8 g7h7	1283	0s1315191o
I5p9l	8/8/5k2/5p1p/7P/5KP1/8/8 w - - 2 76	f3f4 f6e6 f4g5 e6e5 g5h5 f5f4 g3f4	1283	0g0p111e1w1z
JILb8	4k3/pb2bp2/7p/nN4r1/8/8/PPPP1P1P/R1B1KR2 b Q - 2 18	g5e5 e1d1 b7f3	1283	0s1315191o
JVcAI	rnbqkb1r/pp3ppp/4p3/3pPn2/2pP1P2/2P2N2/PP1N2PP/R1BQKB1R b KQkq - 4 7	f5e3 d1e2 e3c2 e1f2 c2a1	1283	010r0s101c
Jufke	rn1qn1k1/ppp3p1/6Pp/7P/2p2Q2/2PP3b/P3PP2/R3K2R w KQ - 0 17	f4f7 g8h8 f7f8	1283	0y1315191o
KLicA	6k1/p1R3p1/4b2r/8/3pPQ2/3q2p1/Pr4B1/5RK1 w - - 0 29	f4f8 g8h7 c7g7	1283	11121315191o
LM8IO	r1bqk2r/pp1p1pp1/2n1pb1p/8/4PP2/2N3Q1/PPP3PP/R3KBNR b KQkq - 1 9	f6h4 e1c1 h4g3	1283	0g11121c1g1o
MmrjD	1q2n1k1/4R2p/3p2p1/2pP1p2/8/1r2PN1P/1Q3PP1/6K1 w - - 0 32	e7e8 b8e8 b2b3	1283	0g0i0p1o
N3hrx	2r2rk1/p2b1pbp/1p2p1p1/8/1q1PPP2/2R1B3/P2QN1PP/2R3K1 w - - 5 19	c3c8 b4d2 c8f8 g8f8 e3d2	1283	0g0w1019
NtrPV	R7/2p3pk/2p2qrp/3p1Q1P/2bP4/4P3/5K2/8 w - - 1 35	h5g6 f6g6 a8h8 h7h8 f5g6	1283	0g0i0p10
OCuG2	5r1k/p6P/r3p3/3pP3/8/1P1P4/3KR1P1/7R b - - 0 43	a6a2 d2e3 d5d4 e3d4 a2e2	1283	010i0p101m
PTZzr	r2qr1k1/pb1pbppp/np3n2/2pN2B1/2P1P3/P2B1N2/1P3PPP/R2Q1RK1 b - - 4 11	f6d5 c4d5 e7g5 f3g5 d8g5	1283	010j1019
Pplt7	5rk1/Q4ppp/4b1q1/4R3/3P4/1P3P2/P4P1P/R4K2 b - - 2 25	e6h3 f1e2 g6c2 e2e3 c2c3	1283	0g0p10
QAlhT	6k1/p2nqpp1/1pp4p/8/3Q4/2P3N1/PP3PPP/5K2 w - - 0 25	g3f5 e7g5 d4d7 g5c1 f1e2	1283	010p10
Qxqiy	1B4k1/5p1p/1qP1p3/8/2Q1P3/2Pn2P1/5nBP/R5K1 b - - 0 26	f2h3 g1f1 b6f2	1283	0k0m1315191o
ROwAQ	r1bN2k1/4prbp/p7/3PpP1N/1p2P1QP/2p5/2q3P1/3R2K1 w - - 0 37	d8f7 c2d1 g4d1	1283	0g191o
SKQh1	r6k/pppR2pp/1b2N1pq/4Q3/5r2/5PN1/PPP3PP/5R1K b - - 6 21	h6h2 h1h2 f4h4	1283	050y1315191f1n1o
SUDOi	4r1k1/p3r2p/1p6/4np2/2Np4/1P6/1P3PPP/R3R1K1 b - - 3 23	e5f3 g2f3 e7e1 a1e1 e8e1	1283	0g0j0p10
ShGIb	5r2/1r4pk/p6p/2q1pb2/PpP5/1P1B1P2/6QP/2R3RK w - - 2 31	d3f5 f8f5 g2g6	1283	0g191o
SrVxY	Q7/3R4/8/3B1k1K/8/1P6/r7/8 b - - 0 48	a2h2	1283	0p13141b
Sw5zi	r2qkb1r/pp3ppp/2n5/1B1bp3/8/P4N1P/1PP2PP1/R1BQK2R b KQkq - 1 11	d8a5 c1d2 a5b5	1283	0g0s1c1o
TMBwD	4kb1r/1p1b1ppp/1p2p3/3nP3/1P6/P1r2N2/1B2BPPP/R4RK1 b k - 7 16	c3c2 f3d4 c2b2	1283	010s11191o
UJEBV	1b3rk1/1P3ppp/P7/4p3/3q4/8/3Q1PPP/R5K1 w - - 1 34	d2d4 e5d4 a6a7	1283	000g0p1o
ULwK5	6B1/p1k2p2/4p2P/2p5/6P1/P7/n4r2/2q1R2K w - - 0 33	e1c1 a2c1 h6h7	1283	00010p1o
UVyQY	4r1k1/pp5p/2p3p1/4r3/1Pq5/P4QR1/5PPP/5RK1 b - - 3 30	c4f1 g1f1 e5e1	1283	050p13151n1o
VAqiH	1qr3k1/3R1p1p/6p1/8/4B3/6P1/1p2PP1P/3Q2K1 b - - 3 29	c8c1 g1g2 c1d1	1283	010p1g1o
Ve3sn	6k1/pp3p2/2p3P1/8/2PP4/2P3Q1/P3qR1K/4r3 b - - 4 35	e2h5 g3h3 e1h1 h2h1 h5h3	1283	01050i0p0r10
W15XG	r1bq2r1/ppp1kpQN/2n1p3/3p4/3P1b1P/2P2N2/PP3PP1/R3K2R w KQ - 2 18	g7f6 e7d6 f6f4	1283	0g0s191o
XRKYk	5k2/1p4p1/bR1P3p/8/4n3/2P5/6PP/6K1 w - - 1 33	d6d7 f8e7 b6e6 e7d7 e6e4	1283	00010p10
YluBC	8/7k/8/6RP/6BK/4r3/8/6r1 w - - 0 60	g4f5 h7h6 g5g1	1283	0g0j0p1o
ZPsml	5rk1/5pb1/5qp1/pp6/P2P4/4nP1R/1P5Q/1K5R w - - 2 27	h3h8 g7h8 h2h7	1283	0d1315191n1o
aOYda	3q1r1k/pb1r1ppB/1pp1p3/2n1P1b1/2P4R/2N5/PPQ2PPP/4R1K1 w - - 0 20	h7g8 h8g8 c2h7	1283	050j0k0y1315191n1o
anXvP	r7/ppp5/2kp4/3N4/1PP5/1Q1P4/P5PP/4qn1K w - - 1 31	b3a4 b7b5 a4b5	1283	0p13151o
c4pYt	8/1R4pp/4k1r1/3p1p2/P7/4P2P/1R4PK/r7 w - - 3 42	b2b6 e6e5 b7e7 g6e6 b6e6	1283	0p0q1013161m
cPH8d	3r3k/4q1p1/1p5p/p6P/P1Q3R1/1P2P3/2P3R1/K7 b - - 0 44	e7a3 a1b1 d8d1	1283	0p13151o
cekex	8/1p4K1/p7/1b3kp1/8/r7/8/6Q1 w - - 2 67	g1c5 f5e6 c5a3	1283	0g0p0s1o
dQRaN	rqb2rk1/5ppp/4pP2/1NQ1b1P1/p1p1P3/1p4N1/PPP4P/2KR3R w - - 0 23	c5f8 g8f8 d1d8	1283	050y111315191n1o
eDeiD	4r2r/p1p1R2p/3p2k1/2b5/1p3PP1/7N/P1KB3P/8 w - - 1 30	f4f5 g6f6 d2g5	1283	0p13151o
eOhqk	r3k2r/pp3ppp/2pp1q2/2b1p1Bb/4P3/1P1P1N1P/1PP2PP1/R2Q1RK1 b kq - 1 12	h5f3 g5f6 f3d1 a1d1 g7f6	1283	0g1019
f4nC8	2kr4/p1p1np2/1p2bNpp/4pn2/2P5/1PN1P1P1/P4PBP/3R2K1 w - - 2 20	g2b7 c8b7 d1d8	1283	0g0i191k1o
fn3R2	2r4k/7p/pq6/1p2r3/1P1Q4/P1P5/2R3RP/6K1 b - - 2 32	b6d4 c3d4 e5e1 g1f2 c8c2 f2e1 c2g2	1283	0g0p0v1p1w
ftRFp	r1bqk2r/ppp2ppp/2n5/3pP3/3Pn3/2B2P2/PP4PP/R2QKBNR b KQkq - 0 9	d8h4 g2g3 e4g3 h2g3 h4h1	1283	0g101c1t
fuPcO	6rk/5Qp1/p3p1Pp/3pP3/3q4/Pp6/1P5P/2R4K w - - 0 36	f7g8 h8g8 c1c8	1283	050p13151n1o
g1eXk	k6r/p2rb1p1/Q1p4p/2P5/2PpNB2/3PnqPb/P3N3/1R4K1 w - - 0 26	a6c6 d7b7 c6b7	1283	1315191k1o
gYFus	4Q3/8/5k2/5pb1/6p1/P5P1/4K1P1/q7 w - - 13 55	e8h8 f6e6 h8a1	1283	0g0p11121o1p
hU989	r4r1k/ppq2p1p/2n1p2Q/3p4/5b2/2P5/PP3P1P/RN3R1K w - - 0 17	h6f6 h8g8 f1g1	1283	0g191o
hjDQG	1rb5/pp2Q1pk/2p1Nnqp/3p4/8/2PP4/P1P3PP/5RK1 w - - 2 22	e6f8 h7g8 f8g6	1283	0g0s191o
i6Urd	2rqk1nr/1b1p1ppp/p1n5/1pbp4/4PB2/1B3N2/PP3PPP/R2QR1K1 w k - 0 12	e4d5 c6e7 d5d6	1283	010j0k111c1o
iTOuj	r2q1rk1/pp6/1n2p1p1/6nQ/b1PP4/8/PB3PPP/R4RK1 w - - 0 19	h5g6 g8h8 d4d5	1283	0g0j0k0y191o
iiFtP	2r4k/6pp/8/5Q2/P4N2/3P1bP1/5P1P/1q3BK1 b - - 2 31	b1f1 g1f1 c8c1	1283	050p1113151f1n1o
iiHA8	5k2/5p1p/Q3pp2/2r5/4q3/6P1/5P1P/5RK1 w - - 0 33	a6d6 f8g7 d6c5	1283	0g0p0s11121o
ivVwp	1r4k1/2p2pp1/3p3p/p1pP2P1/P1P4P/1q6/2Q2P2/2KR3R b - - 1 24	b3a3 c1d2 b8b2	1283	010d0p1g1o
izkNH	r1bqkb1r/p4pp1/2B2n1p/n3p1N1/8/3P1Q2/PPP2PPP/RNB1K2R b KQkq - 0 10	a5c6 f3c6 c8d7	1283	011c1o
katQ9	8/8/7p/4b3/8/1k5P/2pK1PP1/2B5 b - - 0 43	e5f4 d2d3 f4c1	1283	080g0i0p1o1p
klxJl	r1bq1rk1/pppn1p1N/3p2pQ/8/3p2n1/8/PPP1PP2/R3KBNR w KQ - 0 14	h7f6 d8f6 h6h7	1283	0d0y13151c1n1o
mTbtG	N4k1r/pp2pp1p/2p3p1/8/3qPPb1/3Bn3/P1PK2PP/R3Q2R b - - 12 18	e3c4 d2c1 d4a1	1283	0v1315191o
n632K	r4q1b/p4p1k/2pr1Pp1/3p1PQp/8/2N5/P5PP/4RR1K w - - 3 30	f5g6 f7g6 e1e7 f8e7 f6e7	1283	000g1019
naUnO	8/p7/1p3R2/2pk4/q7/8/6PP/5R1K w - - 2 46	f1f5 d5c4 f5f4 c4b3 f4a4	1283	0g0p101j1p
ooY8s	6k1/1Q4p1/7p/p7/8/1P2BKP1/P6P/4q3 b - - 0 43	e1h1 f3e2 h1b7	1283	0g0p1o1p
or70i	r6r/p7/k1BP4/1p2p1q1/8/B1QP4/P6P/4R2K b - - 5 42	h8h2 h1h2 a8h8	1283	051315191n1o
p82In	r1bqk2r/1pp2ppp/p4nn1/3Pp3/1bP1p3/2N2PB1/PP4PP/R2QKBNR w KQkq - 2 11	d1a4 c7c6 a4b4	1283	010s1c1o
pxgQu	4k2r/p1p1bppp/2p5/4R3/8/2N2P2/Pr3PKP/R7 w k - 0 16	a1e1 e8d8 e5e7	1283	010p1l1o
rbnPu	4q3/pp5R/2p2P2/2Ppk3/8/8/PP3K1P/8 w - - 0 34	h7e7 e5f6 e7e8	1283	0g0p0s1j1o
t7uuE	8/6p1/6Rp/4pP1k/2Pp3P/1R1P2P1/4qP2/6K1 b - - 0 36	e2d1 g1g2 d1b3	1283	0g0p0s1j1o
tDzGS	7r/p1n1bk2/1p2p3/3p4/1P1P1NB1/P4P2/4R1K1/2N1R2r b - - 2 31	h8h2 g2g3 e7h4	1283	1315191o
tacMr	5r1k/p1q3p1/2p1Qn1p/1p2N3/4P3/P6P/5PP1/3r1RK1 w - - 0 23	e5g6 h8h7 g6f8	1283	0g0s191o
tcTcD	4R3/5pkp/3p2p1/2pPB1P1/4r3/7P/5P2/6K1 b - - 0 35	e4e5 e8e5 d6e5 d5d6 g7f8	1283	0g0h0p10
teZ5p	r2q1rk1/4bppp/p1n1B3/8/Pp6/8/1PP1QPPP/R1B1R1K1 b - - 0 18	c6d4 e6f7 f8f7	1283	0111191o
uRaz0	r4r2/1pp2pk1/p4n1p/n3p3/Pb1q3p/2N1QP2/1P3P1P/RB2R2K w - - 4 20	e1g1 f6g4 g1g4 d4g4 f3g4	1283	0g0s1019
ufzhG	r4bk1/7p/b1q1p1pQ/3p1B2/1PpB4/2P5/6PP/5RK1 w - - 2 33	f5e6 c6e6 f1f8 a8f8 h6g7	1283	0j101316191n
ulOrg	2k3r1/pp1qnR2/3p3p/2p5/4P3/2PPb2P/PP1N3K/R2QN3 b - - 2 23	e3g1 h2h1 d7h3	1283	0i1315191o
up4N7	4r3/p6p/2R2pk1/6p1/2PB4/1N4Pb/PP3K1P/4n2R b - - 3 26	e1d3 f2f3 g5g4	1283	1315191o
uukYL	5r2/p2k1r1p/3p4/1pb3B1/3pP3/2P5/PP2K1PP/R4R2 b - - 3 24	d4d3 e2d3 f7f1 a1f1 f8f1	1283	0g0i0p10
vEfQW	rn3rk1/pQb1qppp/2p1pn2/2Pp3b/3P4/3BPN1P/PP1N1PP1/R1B2RK1 b - - 0 11	c7h2 g1h2 e7b7	1283	0g0j1c1o
weXPx	3rk2r/R1R2pp1/1p1Bp1p1/3qP3/8/1P1p3P/P4PP1/6K1 w k - 0 26	c7e7 e8f8 e7f7 f8g8 f7g7	1283	0k0m0p1013161f
xDyzw	2kr1b1r/ppp1qppp/4bn2/8/2PB4/PQ1P4/1P3PPP/RN2KBNR b KQ - 0 9	e6c4 f1e2 c4b3	1283	0g0j0k1c1o
yrqXT	r1b2qkr/p2p2pp/1p6/4n3/8/2P5/P4PPP/1RBQ1RK1 w - - 0 15	d1d5 f8f7 d5a8	1283	010s191g1o
yuMVY	3rr1k1/5pp1/p5qp/2n1R3/P7/2N2QP1/1P3P2/3R1K2 b - - 0 32	d8d1 c3d1 e8e5	1283	0g0w191o
z83lQ	6r1/ppR5/2n3r1/3p1P1k/3bq1p1/2P5/PP5K/RNB2Q2 w - - 1 25	c7h7 g6h6 h7h6	1283	1315191d1o
03ZK3	6k1/1b2q3/p4b2/1p2pQr1/4P3/P1N5/1PP3PP/5R1K w - - 9 33	f5f6 e7f6 f1f6	1284	01191o
12Uye	8/8/1Qnk4/2pp1n2/3q3p/6pP/1P3PP1/3R1RK1 b - - 7 43	g3f2 f1f2 d4d1	1284	000g0p1o
1l9FK	7k/q5pp/8/3QnP2/1P1NPp2/2Pp1P1r/3P1KRP/8 b - - 13 36	h3f3 f2e1 a7a1	1284	0p13151g1o
1qnNG	6k1/2P2pp1/R7/1K6/p5r1/8/8/7q w - - 0 50	c7c8q g8h7 c8g4	1284	00010p0s1h1o
28Yvl	r1bqkr2/1p1pbpQp/2n1p2B/1p6/4N3/7P/PPP2PP1/R3K2R w KQq - 0 14	e4f6 e7f6 g7f8	1284	0i1315191o
2H6VM	8/2Q5/1p4p1/3p2qp/p3p2k/3n4/PP4P1/5R1K w - - 4 44	c7h2 h4g4 h2h3	1284	0p13151o
2YGcw	3r2k1/ppb1Rpp1/2p2q1p/2P5/1P2Bp2/P7/3Q1PPP/6K1 w - - 0 30	d2d8 c7d8 e7e8	1284	0p0y13151f1n1o
3kCid	rn1q1r2/p2nppkp/b1pN2p1/4P3/2BP4/8/PP1Q1PPP/R3K1NR b KQ - 2 12	e7d6 c4a6 b8a6	1284	011c1o
40UhK	5r2/pp1kb3/2p1pnQ1/8/3q4/5B2/PPP1K1P1/7R w - - 0 28	h1d1 d4d1 e2d1	1284	01191g1o
46pES	6k1/R4r1p/2p1p1p1/5p2/P3p3/8/2P2PPK/8 w - - 1 27	a7f7 g8f7 a4a5	1284	0g0h0p1m1o
4fQ6D	rn3rk1/pp3ppp/4bn2/q1b5/1P6/P1N2N2/2P1QPPP/R1B1KB1R b KQ - 0 12	c5b4 a3b4 a5a1	1284	011c1g1o
5V3sZ	r3r1k1/pp3ppp/2p3q1/4nb2/8/1BN1PQ1P/PPP3P1/R4RK1 w - - 1 16	f3f5 g6f5 f1f5	1284	01191o
6XFok	3R4/4Qrkp/prq3p1/5pb1/N3n1n1/5B1R/PP4PP/6K1 w - - 1 31	h3h7 g7h7 e7f7 h7h6 d8h8	1284	050i10131619
7rbFB	4rr1k/pp4Rp/2p1qp2/8/3Q4/6RP/PPP1p1P1/7K w - - 0 30	g7h7 h8h7 d4h4	1284	050p13151n1o
7zzVL	r1bqk2r/pp1pbppp/2n5/1B1pP3/5Q2/5N2/PPP2PPP/R1B1K2R b KQkq - 3 9	d8a5 c1d2 a5b5	1284	010s111c1o
8xL0t	r4rk1/1ppb1ppp/3p2n1/8/pP2P3/P1Q2P2/q1P3PP/2KR1BNR w - - 1 21	f1c4 a2c4 c3c4	1284	0g191o1t
93zqd	8/6pk/3R3p/P3p3/1p2P3/n4PBP/P1r3P1/K7 b - - 1 34	c2c1 a1b2 c1b1	1284	0p0u13151o
9po0S	1k4r1/1pp5/3b2r1/3Q3p/8/P3pP2/1PP3PP/R4RK1 b - - 0 27	g6g2 g1h1 g2h2	1284	0p13151d1o
AsbnA	2r2k2/1p3p2/p3pNp1/6P1/3r1P2/1P6/1P1nR3/1K5R w - - 1 33	e2d2 d4d2 h1h8 f8e7 h8c8	1284	0g0p101n1p
B0mTv	rn1qkbnr/1p3ppp/p7/1b2N3/Q2pP3/8/PP1P1PPP/R1B1KB1R w KQkq - 0 9	f1b5 a6b5 a4a8	1284	011c1o
BtBko	2rqr1k1/4bp2/7B/1pn1p3/p1b1P3/P1P4P/1P3PP1/2RQR1K1 w - - 0 26	d1g4 e7g5 h6g5	1284	010y191o
CWYrc	2kr3r/p4Rp1/1n2P3/2N5/6P1/1P2p2P/P1P3Bq/R4K2 w - - 0 31	g2b7 c8b8 c5a6	1284	0f1315191k1o
DWvWk	5rk1/3q4/3p3p/1ppP2p1/1P1r1N2/P2Q2PP/5R1K/8 w - - 2 37	d3g6 d7g7 g6g7 g8g7 f4e6	1284	050g0p0r10
Em2UF	6k1/p2Q3p/bp4p1/3p2P1/5N2/P1r1qP2/2r1P3/R3KBR1 b Q - 0 30	c2c1 a1c1 c3c1	1284	0x1315191o
EuH7S	rnb1kbr1/pp5p/2pq1Qp1/4p1B1/7N/2P5/PPP3PP/R4R1K w q - 5 16	f6f7	1284	1314191b
FsmA4	r2r2k1/pppq2p1/1n3p1p/4pP1N/4P1Q1/P7/1Pp3PP/1R3R1K w - - 0 21	h5f6 g8h8 f6d7 c2b1r f1b1	1284	0110191g
HGiIP	7q/2pb2k1/1p1p1p2/3P1PP1/1P2P3/4r3/6Q1/R2B2K1 b - - 0 39	e3e1 g1f2 h8h4 g2g3 e1f1 f2f1 h4g3	1284	0g0i0p0r1w
HKRCz	r4rk1/pb1R1ppp/1p6/1N6/8/P3P3/1P3PPP/4R1K1 b - - 2 22	b7c6 d7a7 c6b5 a7a8 f8a8	1284	010p0s10
HWflW	rnb1kb1r/ppp3p1/3p4/4pP2/7q/2NB2Q1/PPPP3P/R1B2KNR b kq - 0 11	h4g3 h2g3 h8h1	1284	010j1c1o
Hkw9r	8/1pq3pk/r3Q1pp/p1p5/3pB1P1/P2P3P/1PP5/6K1 w - - 4 29	e4g6 h7h8 e6e8	1284	0p13151o
Ho3WM	r1b2rk1/p4ppp/3Q2q1/8/8/1P6/1PP2PPP/2KRR3 w - - 2 18	d6f8 g8f8 d1d8	1284	051315191n1o
IMjyZ	2kr1b1r/ppp1p1pp/3q4/4p3/2B2n2/2QP1P2/PPP2P1P/RNB1R1K1 b - - 0 13	d6g6 g1f1 g6g2	1284	13151c1o
IeESJ	7r/p1p3k1/2Pp2pq/5pN1/1PP2P2/3bP1KP/P2N2R1/4R3 b - - 4 31	h6h4 g3h2 h4e1	1284	0g191o1p
J6byv	5k2/3K1p1p/r1p1r3/2R5/5P2/2PR2P1/8/8 b - - 6 38	a6a7 d7c8 e6e8 d3d8 a7a8	1284	0g0p101m
JKFGV	2R5/6p1/5bPk/5P1p/3BpP2/2P3KP/r7/8 b - - 6 36	h5h4 g3g4 a2g2	1284	0p0q13151f1o
JxlFN	r4r1k/1p1b2p1/2q1p1P1/p7/8/2PB1p2/P4P2/1K1Q2R1 w - - 0 25	g1h1 h8g8 h1h8 g8h8 d1h1 h8g8 h1h7	1284	051317191n1w
KiZR1	3r2kb/p1q2p1p/1p3PP1/2p5/8/1P1B1b2/P1P3R1/3R2K1 w - - 0 28	g6h7 g8f8 g2g8	1284	000k0m1315191o
Kqj42	6k1/3R4/3R2r1/5p2/7K/2N1r3/PPP5/8 b - - 2 33	g6g4 h4h5 e3h3	1284	0p13151o
KxIbQ	r5k1/pR2Qp1p/6p1/3Nn1q1/6r1/P3P1P1/5P1P/5RK1 b - - 2 25	e5f3 g1h1 g5d5	1284	0g0j191o
MQFIJ	2kr3r/Qp3pb1/3Bp2p/1q2P1P1/6P1/8/PPP2P2/2Kn3R w - - 0 21	a7b8 c8d7 b8c7 d7e8 c7e7	1284	101316191k
Mactp	2r1r1k1/pp2np1p/6p1/4Pb1q/2Q2P2/1B1P2R1/PP4P1/R5K1 w - - 3 27	c4f7 g8h8 f7f6	1284	0y1315191o
MndZX	6k1/3q2pp/1p6/p1p1Q3/P1r1P3/7P/6P1/5R1K w - - 0 34	e5b8 d7e8 b8e8	1284	0p13151o
NqZwS	rnb2rk1/pp2ppbp/3p1np1/2pP4/5B2/P1N1PN2/1qP1BPPP/R2QK2R w KQ - 0 9	c3a4 b2a1 d1a1	1284	01191o1t
NtZhE	2rq1rk1/1b2bppp/p4n2/1p1P2B1/3Q4/P1N2P1P/BPP3P1/R4RK1 b - - 0 16	e7c5 d4c5 c8c5	1284	01191g1o
P7hZ7	1k3br1/pp2pp1p/3p1p2/PP6/3P1P2/4PNP1/1qb4P/R1Q2KR1 b - - 1 25	c2d3 f1e1 b2e2	1284	1315191o
QL7mL	8/P6R/8/2pbk3/8/K7/2r5/8 w - - 0 54	h7h5 e5e6 h5d5	1284	010p1o
QxpYy	1Qb2rk1/5pp1/1bpP3p/p7/1p1n1N2/7P/PP3PP1/2R1RK2 b - - 1 24	c8a6 f1g1 f8b8	1284	010j11191o
Row5j	r4bk1/6pp/6r1/q6N/1p1PpQ2/1Pp1P2P/2P5/1K3RR1 w - - 7 32	f4f7 g8h8 f7f8 a8f8 f1f8	1284	0i0y10131619
SS96u	4r1k1/p4p2/1p5Q/3p4/1Pb3PP/q3PP2/3R2B1/6K1 b - - 0 35	a3c1 d2d1 c1d1	1284	0g0p0s11121o1r
SbPFc	r3r2k/p1p3pp/3b1p2/2p4Q/3p3N/1P6/PBP2qPP/R6K w - - 4 22	h4g6 h8g8 h5d5 e8e6 d5e6	1284	0y101316191g
Shghb	rn2N2k/p2b1p1q/2p5/3p4/3P4/4P2P/PpQ2P2/1K1R3R b - - 0 21	d7f5 b1b2 f5c2	1284	0g191g1o
T1nmS	rnb4r/1pkpbBpp/p1p5/4P1Q1/4P3/2N5/Pq4PP/2R4K w - - 1 19	c3d5 c7d8 g5e7	1284	1315191g1o
TQalz	2kr3r/pp1q1pp1/8/3P4/8/3Q2P1/Pb4KP/3RRN2 w - - 0 24	d3c2 c8b8 c2b2	1284	0g0s191o
TdsBV	8/8/2p3k1/pp2PpPp/4pP1K/2P2r2/PP3R2/8 w - - 7 39	f2f3 e4f3 h4g3	1284	0g0p1m1o
UNyuQ	5rk1/p3r1pp/1p1b4/2nPpB2/2P5/2B3P1/P5KP/2R2R2 w - - 9 32	f5h7 g8h7 f1f8	1284	0g0i0j0y11191o
Uxm1G	r1b2rk1/1pp3p1/p6p/2b1p1q1/P3Pp1N/2P3PP/1P2BP1K/R2Q1R2 w - - 0 20	d1d5 g8h7 d5c5	1284	0g0s191o
V3bFW	6rk/7p/1p1p4/p1pPp1q1/P1P1Qp1p/1P1P1PrP/5RPK/6R1 b - - 3 35	g3h3 g2h3 g5g1	1284	0j0p13151o
V45Fz	3q1rk1/p2b2pp/4p3/2bpP3/8/PQ2pPP1/1PrBP1BP/3R1R1K b - - 1 20	c2d2 d1d2 e3d2	1284	000g191o
Vq9Lk	r4rk1/bppb2np/p1n5/3pp3/1PP5/P2B1N2/3PNPPP/R1B2RK1 b - - 0 16	e5e4 d3e4 d5e4	1284	010s191o
WQInX	r5rk/4qp1p/p2pb3/1p5R/4P3/8/PPP1Q2P/2K2BR1 w - - 2 24	h5h7 h8h7 e2h5	1284	050y1315191n1o
WeIJU	r1b1k2b/1pqp1p2/p3pn2/4n1p1/3NP1P1/2N1BP2/PPP4Q/2KR1B2 b q - 1 14	e5d3 d1d3 c7h2	1284	0g0j191o
XPy2q	6rk/pq4pp/2pbNp2/1r3P1Q/3P4/5R2/P5PP/R6K w - - 7 29	h5h7 h8h7 f3h3	1284	050y1315191n1o
Y2O8i	2q2b1k/5Qpp/3p1p2/4pP2/1p1pB2P/3P2P1/1P5K/8 w - - 2 37	e4d5 f8e7 f7e7	1284	0g0p1l1o
YIsd5	4n1k1/4b1p1/6Pp/4p3/Q4N2/2P4P/KP1r1q2/8 w - - 1 37	a4e8 e7f8 e8f7 g8h8 f7f8	1284	0i0p0s0t101316
YwOcW	1R2rk2/p4p1p/5P2/8/2p5/2P3RP/6PK/r7 w - - 9 31	g3g8 f8g8 b8e8	1284	050i0p13151m1o
ZPekX	5rk1/1p2p2p/p3n1p1/4Q3/P7/1P2N3/5qPP/2rR3K w - - 0 30	e5e6 f2f7 e6f7 g8f7 d1c1	1284	010t1019
ZQtCp	4k2r/1b1q1ppp/p3pb2/1pr5/4N3/3BP3/PP3PPP/2RQ1RK1 b k - 1 15	c5c1 d1c1 d7d3 e4f6 g7f6	1284	011019
a5yHQ	3q1rk1/1pp3p1/1rn4p/p1b1p3/P2pP3/5N1P/1PPBQPP1/R4RK1 w - - 4 20	e2c4 g8h7 c4c5	1284	010s191o
aTO1m	r2qkb1r/pp2pppp/2n2n2/1Bpp4/3P1Bb1/1P2PN2/P1P2PPP/RN1QK2R b KQkq - 2 6	d8a5 d1d2 a5b5	1284	0g0s191o
amcS4	r4rk1/1p2p2R/p3N3/2pq4/3n1p2/1PQ5/P1PP2P1/4K3 w - - 1 20	h7g7 g8h8 c3h3 d5h5 h3h5	1284	0r10131619
az5UY	8/ppN4p/5pp1/4nk2/2P1R3/P5K1/1r4PP/8 w - - 1 27	e4f4 f5g5 c7e6 g5h6 f4h4	1284	020p101316
b1ZSK	8/2p3pp/5rk1/3Q1p1q/4Pb2/3K4/PPP2P2/R3R3 b - - 5 27	f6d6 d3c4 d6d5	1284	0g0p1g1o
b6k7x	r5rk/1b2bp1p/p4n2/1pp2BB1/3q3Q/7P/PPP2PP1/R4RK1 w - - 0 19	g5f6 e7f6 h4h7	1284	0s1315191o
b8eyT	rn1qr1k1/p1p3pp/1p6/b3N3/3P4/3QB3/P4PPP/1R3RK1 b - - 0 18	e8e5 d3b3 e5d5	1284	01191o
conDN	5rk1/6pp/1p2p3/2p5/3nR2q/3P3P/PBPQ2P1/7K b - - 2 29	f8f1 h1h2 d4f3 g2f3 f1f2 d2f2 h4f2	1284	0g0p0s1n1w
dWVu1	8/8/r1k5/1pp3R1/5Pp1/4K1P1/8/8 w - - 0 51	g5g6 c6b7 g6a6 b7a6 f4f5	1284	0g0h0p101m
eB5Mq	rn1qk2r/3n1pp1/p3p1p1/1pbP4/4P3/1QN5/PP2N1PP/R1B2R1K b kq - 2 15	h8h2 h1h2 d8h4	1284	050y1315191n1o
eBtZP	r4r2/1ppq2kp/3p2p1/p2P1P2/6Q1/7P/PP4P1/R4RK1 w - - 1 22	f5f6 g7g8 g4d7	1284	0g0j0p1o
fEmDO	3q1rk1/1p2npp1/7p/pN1B1b2/8/PP2PNbP/2rQ2P1/3R1RK1 w - - 1 21	d5f7 g8f7 d2d8 f8d8 d1d8	1284	010j0y1019
fj1bn	2r2rk1/1p4p1/1PPp3p/1B1q1p2/4p3/4Q1P1/5P1P/2R3K1 w - - 0 34	b5c4 d5c4 c1c4	1284	0g0p1g1o
g1aqn	5k2/2R1bppp/8/p1p1P3/B1P2P1P/1P3bP1/1r6/5K2 w - - 1 38	c7c8 e7d8 c8d8 f8e7 d8e8	1284	0p1013161d
gV3NS	6k1/R2N4/6p1/4pp1p/1K6/2r1B1P1/2r2P1P/5b2 w - - 0 39	d7f6 g8h8 a7h7	1284	030p13151o
gwu6u	r1bqr1k1/ppp1bp1p/6pB/4p2N/2BnP3/2N5/PPP3PP/R4RK1 w - - 0 14	c4f7 g8h8 h6g7	1284	0s1315191o
iJ0NV	3r3k/6p1/7p/1QP2p2/1P1q4/8/3r1PPP/R3R1K1 b - - 2 32	d4f2 g1h1 f2g2	1284	0p13151o
joDhY	8/8/4k3/5Rp1/PP1r2P1/8/6K1/8 b - - 4 43	d4g4 g2f1 e6f5	1284	0g0p1m1o
jrJKZ	5r1k/p5pp/1pb5/2p1Pr2/2Bp4/1P4PK/PB3P1P/4RR2 b - - 0 27	f5h5 h3g4 c6f3	1284	111315191a1o
llXvL	5N2/4p1k1/1p1q1p1p/PB4n1/Q2P2p1/4P3/1P3PbP/R4RK1 b - - 0 22	g5f3 g1g2 d6h2	1284	0y1315191n1o
mSB1c	3r4/p1r3pp/8/5k2/1Pp2P2/P1R1K1P1/3R3P/8 b - - 0 31	c7e7 e3f3 d8d2	1284	0g0i0p1m1o
nViAi	b1r1r1k1/4Bpp1/1p2pn1p/p7/3qBQ2/P4P2/6PP/4RR1K w - - 2 28	e4h7 f6h7 f4d4	1284	010j11191o
nZQ3S	6k1/6p1/P2R3p/8/3p1r2/8/1PP2r2/2R1K3 b - - 0 41	f2f1 e1d2 f4f2 d2d3 f1c1	1284	0g0i0p0r101m
oJIe7	2r5/2P3pp/1p6/pPr2p2/3kp3/P1Rp2P1/3K3P/2R5 w - - 3 34	c3c5 b6c5 b5b6	1284	010p1m1o
oSK5J	1r2b3/2q3k1/4prpb/p1ppR3/5P1N/1PP1B2P/P1Q3P1/R5K1 b - - 2 26	h6f4 e3f4 f6f4 e5e6 f4h4	1284	011019
oXyb4	3N4/Q4p2/3b1k2/PP5r/2p1bP2/6P1/5KBq/R5R1 b - - 0 38	d6c5 a7c5 h5c5	1284	0g0s191g1o
p0dbx	2kr3r/1ppq2pp/p2b1p2/3N4/2Qn4/4P1P1/PP3PP1/3RK2R w K - 0 17	d5b6 c8b8 b6d7	1284	0g191g1k1o
p3UC8	r4rk1/1p4p1/p6R/2p2pN1/P3p3/3P1QPP/b1q3P1/R4K2 w - - 0 31	h6h8 g8h8 f3h5 h8g8 h5h7	1284	050y101316191n
p9uX0	1r3rk1/5ppp/3b1nb1/2pqN3/2B5/P2P2NP/1P2QPP1/1RR3K1 b - - 2 24	d5e5 e2e5 d6e5	1284	01191o
pTBoo	2krB3/1pp2p2/4qn1p/p2n2p1/P7/2PP1P1P/1P6/RNB2RQK b - - 0 19	e6h3 g1h2 h3f1	1284	0g0i0y191o
q66Gb	2rr2k1/5p1p/p3p1p1/1p1q4/1P1bNQ2/P5P1/3R1P1P/1R4K1 w - - 2 28	e4f6 d4f6 d2d5 d8d5 f4f6	1284	010s1019
qNRfJ	5r2/2r4k/5p1p/pp1pqP1Q/3pP3/P2P2RP/1P4PK/8 w - - 0 31	h5g6 h7h8 g6h6 c7h7 h6f8	1284	0i0p0s101316
qdMTB	2rr2k1/1p5p/p7/2Pp4/1P2p3/4q3/P2QNRP1/3R2K1 b - - 1 34	e3d2 d1d2 e4e3	1284	01191o
r16PG	rnb1k2r/ppp2ppp/8/2b1P3/1q2nP2/P4N2/1P1N2PP/R1BQKB1R b KQkq - 0 10	c5f2 e1e2 b4b5	1284	0g1c1o
wkHOt	r1bq1r2/p1p3k1/2Pp4/3Np1PQ/PP2Ppp1/5P2/6P1/R4RK1 b - - 0 29	f8h8 h5h6 h8h6	1284	0g191o1t
x9hAl	r6k/1p5P/3p1q2/p2r4/8/6Q1/PPP5/1K4R1 w - - 2 31	g3g8 a8g8 h7g8q	1284	000p13151h1o
xOqd1	2r3k1/p4rpp/b3Qp2/2B1p3/1P6/q7/P4PPP/3R2K1 w - - 2 25	e6c8 a6c8 d1d8 f7f8 d8f8	1284	0s101316191d1n
xUvdh	8/6p1/1p2Kpk1/1Pb5/8/6PP/2R2n2/8 w - - 0 49	c2c5 b6c5 b5b6	1284	0g0p1n1o
zdgDJ	r5k1/p4p1p/bp1p2p1/3P1N2/4R3/8/PPq3PP/4Q1K1 w - - 0 25	e4e8 a8e8 e1e8	1284	0p13151o
zmzXW	r4rk1/p4pp1/b2q4/2pN1P2/4p2Q/8/PP4PP/R1B4K w - - 2 22	d5e7 d6e7 h4e7	1284	0g0y191o
2NsVn	r4rk1/pp2qp1p/2b1pRp1/8/7Q/2NB4/PPP3PP/7K w - - 1 21	f6g6 f7g6 h4e7	1285	010j0y191o
2PZv0	r1b1k1nr/ppp2ppp/2n1p3/8/Q2P4/2B5/PP2BPqP/R3K1NR w KQkq - 0 10	e2f3 g2g6 f3c6	1285	011c1o
2kCau	8/6qk/6p1/2R2p2/p3r3/Q5PP/5P2/6K1 b - - 2 45	e4e1 g1g2 g7b7 a3f3 e1g1 g2g1 b7f3	1285	0g0i0p1w
2y5eq	r3kr2/1pq2pp1/3Rb2p/p7/2n1P3/6Q1/PPP2PPP/3R2K1 w q - 6 22	d6e6 f7e6 g3c7	1285	0g0j191o
3ftyT	r7/5Q2/q2p2pk/2rPp1R1/4Bn2/2P2P2/P1P5/1K6 w - - 1 40	g5g6 f4g6 f7g6	1285	1315191o
4RmDW	8/8/P3N3/1n3kp1/7p/1P6/6K1/8 w - - 1 49	e6d4 b5d4 a6a7 d4e6 a7a8q	1285	000g0p0z101h1n
5A00z	3Q3k/1p4p1/p5p1/n7/q3r3/2P5/1P1B2PP/1K1R4 b - - 2 27	e4e8 d2c1 e8d8 d1d8 h8h7	1285	0g0h0p10
5yog6	8/pN4Q1/3rkp2/1pp5/4P3/1PP1K3/3r3P/8 b - - 12 41	d6d3 e3f4 d2f2 f4g4 f2g2	1285	0g0p10
6L24V	2r3k1/1pp2ppp/3p2q1/P2Q4/5P2/6PP/1P2Rb1K/R7 b - - 2 33	g6g3 h2h1 g3h3	1285	0i0p13151o
6pEwb	3r4/1k2p1p1/p1p1R3/2pp2pP/8/2NP3P/PPP2KQq/R7 b - - 2 25	d8f8 f2e1 h2g2	1285	0g0i0p1g1o
6xG7m	rn3rk1/pp2bppp/2p5/3p3b/3P1Pq1/2NBBN2/PPP2K2/R2Q1R2 b - - 1 13	e7h4 f3h4 g4h4 f2g2 h5d1	1285	0g0r101119
7Vi3y	8/ppp5/3p1k2/5r2/2R1K3/3P4/PPP5/8 b - - 1 38	d6d5 e4d4 d5c4	1285	0g0p0s1m1o
7ZcPY	r3k2r/2qn2pp/p1pbpp2/P2pNb1Q/3P1B2/2N4P/1PP2PP1/R4RK1 b kq - 1 15	g7g6 e5g6 f5g6 f4d6 c7d6	1285	010h1019
7mgfM	r1b2rk1/pp1p1pbp/3qp1p1/3Nn3/7P/2B5/PP2BPP1/2RQR1K1 w - - 0 16	d5f6 g7f6 d1d6	1285	0g0j1c1o
80YXp	8/2k3p1/3Rp3/pP2P3/6p1/2r1r3/3K3P/1R6 w - - 2 38	b5b6 c7b7 d6d7 b7c8 b6b7 c8d7 b7b8q	1285	000g0i0p0r1h1m1w
8a1An	6r1/pp1nRNk1/2p3p1/7p/3P1n1P/3B4/PPP2r2/2K3R1 b - - 5 25	f4d3 c2d3 f2f7 e7f7 g7f7	1285	0g0j1019
94SlV	5k2/7p/2R5/p2r2p1/2N3P1/P6P/5n1K/8 w - - 6 52	c6f6 f8g7 f6f2	1285	010p0s1o
96Ex1	r6r/p4pk1/2pqbR1p/3p2pQ/8/8/PPP3P1/5R1K w - - 4 28	f6f7 e6f7 h5f7	1285	1315191o1s
9DxKt	r6k/7p/2p1N2n/3pPP2/3P2P1/1p2P3/1R6/6K1 b - - 1 45	a8a1 g1g2 a1a2 b2a2 b3a2	1285	000g0p10111g
9bVVE	r1b3k1/bp3qp1/p1n2r1p/3p4/1P6/P2Q1N2/2B2PPP/4RRK1 w - - 2 22	d3h7 g8f8 h7h8 f7g8 e1e8 f8e8 h8g8	1285	050g0i0y191w
9gZAV	r4rk1/pp3p1p/5p2/3p1N2/5P2/P7/2PP1qPP/R2Q3K w - - 0 21	d1g4 g8h8 g4g7	1285	0p0y13151o
9pgii	5rk1/5R1p/4p2P/p2pN1p1/P2Pn1K1/4r3/1P6/6R1 w - - 3 38	f7g7 g8h8 e5f7 f8f7 g7f7	1285	0g0p1011
9t3m2	5rk1/1pqn4/p6p/P2p1bp1/4p3/2P4P/2P1B1Pb/R2Q1R1K w - - 0 25	d1d5 g8g7 f1f5 f8f5 d5f5	1285	010w0y1019
Au8ar	8/3r1pk1/4P1p1/8/r7/8/1PK1R3/8 w - - 0 53	e6d7 a4d4 e2d2 d4d7 d2d7	1285	000g0p101m
BaJxN	8/p5k1/1q4r1/4p3/2Q5/1P1P1P1P/P1R3Pb/3R1K2 b - - 0 42	b6g1 f1e2 g6g2	1285	0i0p13151o
BtSxn	r2q1rk1/pp3bp1/1bp2P1p/3p4/1P6/P2Bn3/1BQN2PP/4RRK1 w - - 0 22	d3h7 g8h8 f6g7	1285	000y1315191o
C5yXR	5k2/2rb1pp1/8/8/6q1/P3Q1B1/8/4R1K1 w - - 0 35	e3e7 f8g8 e7d8 g8h7 d8c7	1285	010p0s10
CYJ8Z	r2qr1k1/1p2bppp/3p4/p1pP2B1/P1P1n3/1N6/1P1QRPPP/R5K1 w - - 7 18	e2e4 e7g5 e4e8 d8e8 d2g5	1285	010t0y1019
CiIr0	5k2/3p1p2/4p1p1/4P2p/3PNP2/1qN4Q/5KPP/r7 b - - 1 31	b3c2 c3e2 c2e4	1285	0g0i0p111o
D9mnM	8/p2b2pk/2p4p/1p2p3/3qN3/P2Q3P/6PK/8 w - - 2 31	e4f6 h7h8 d3h7	1285	0k0m0p13151o
DVeeV	8/1k6/p5Q1/1p1nBp2/4b3/KP5N/3rB1PP/2R5 b - - 6 34	b5b4 a3a4 d2a2	1285	1315191o
EQX26	1r3r1k/5pp1/1p2p3/2pb2q1/3PB3/P3P3/2Q2PPK/1RR1B3 b - - 0 28	g5h4 h2g1 d5e4	1285	0111191o
EXCOV	3r1b1k/4nQpp/3pBp2/pp2pP2/8/P1P4R/1P4qP/2K4R w - - 0 25	h3h7 h8h7 f7h5	1285	050y1315191n1o
Ehx9j	2kr4/2p3pp/5p2/1bp1p3/8/P1B1P3/1PK2PPP/3R4 b - - 1 23	b5a4 b2b3 a4b3 c2b3 d8d1	1285	0g0i0p10
GJUmD	r1b2rk1/ppqn1pp1/2p4p/3p4/3P2KB/2NBP3/PP2NPP1/R2Q1R2 b - - 0 13	d7f6 g4f3 c8g4	1285	0k0m1315191o
HmChY	8/6pk/6rp/8/1P5Q/5qPP/5R2/6K1 b - - 0 42	g6g3 h4g3 f3g3	1285	0g0p111o
HxMki	5rrk/1R4p1/p1Q3P1/4p1p1/2p3K1/6P1/P4q2/8 w - - 0 36	c6h1 f2h2 h1h2	1285	0p13151o
HzFYq	rnb2rk1/ppq2Npp/4Pp2/b2n4/8/2PB4/PP4PP/RN1QK2R w KQ - 0 17	d3h7 g8h7 d1h5 h7g8 h5h8	1285	050s1013161c1n
IWDDx	4k3/q3p2p/p2pP1p1/1p1N4/4PQ2/1P6/r5rP/3R3K w - - 2 32	f4f7 e8d8 f7f8	1285	0p13151o
JRCXR	6k1/pn3Rpp/1p6/4N3/1P2K3/2P5/P2r2PP/8 b - - 2 33	b7d6 e4e3 d6f7 e3d2 f7e5	1285	010p0s10
KtJvA	1k5r/p1p1n1pp/Qp1q4/5p2/8/7P/PP2PPP1/3RKB1R b K - 1 22	d6b4 d1d2 h8d8 a6d3 d8d3	1285	0110191g
LKhWg	rn3rk1/pp1b1pp1/5B1p/q2p4/3P4/P3P3/2Q2PPP/R2K1BNR b - - 0 13	d7a4 c2a4 a5a4	1285	0g191g1o
LmRh3	r5k1/5qnn/p2pr2Q/4p3/Pp3pR1/1P5P/1BP2P2/R6K w - - 8 35	g4g7 f7g7 h6e6	1285	0g0i0s191o
Lz93Q	r4b2/5Qrk/p2p1p1p/1p1P1Pp1/4P1P1/1q1n3R/6NP/6RK w - - 1 30	h3h6 h7h6 f7h5	1285	051315191n1o
M57Zv	1r2rk2/p1R3p1/7p/4n3/4N3/5P1P/P1P2P2/3R2K1 b - - 0 35	e5f3 g1g2 f3h4 g2h2 e8e4	1285	010p10
MsFas	3RRrk1/pp3ppp/5qn1/5r2/8/7P/PP3PB1/4Q2K w - - 17 33	e8f8 g6f8 e1e8 f6d8 e8d8	1285	010d1019
NW3VR	8/8/7p/3p1p2/pN1pk1p1/8/1r4PP/3R3K w - - 1 40	d1e1 e4f4 b4d3	1285	0g0p1o
NqvpM	8/8/8/p1kp1p2/P7/2P1K1P1/8/8 b - - 6 47	c5c4 e3d2 c4b3 d2d3 b3a4	1285	0g0p101e
Nzq09	r6r/p5pp/2nq1k2/1p1pNb2/4n3/1P6/PQP1P1PP/R3KB1R w KQ - 0 19	e5c4 f6f7 c4d6	1285	010j0k191o
OKrNq	Q7/pppk1r1p/3p1Pp1/3N1n2/5q2/4b3/PPP3PP/R1B1R2K b - - 1 20	f5g3 h2g3 f4h6	1285	1315191n1o
OaZxP	r1b3nr/pppp2p1/2n3kp/2BQ1N2/4P3/8/P1P2PPP/qN2K2R w K - 2 11	f5h4 g6h7 d5f5 g7g6 f5g6	1285	10131619
Oak7m	4r1k1/1p2rRp1/p2bP2p/3q3P/3B2Q1/P1P4K/1P2R3/8 b - - 5 42	d5h1 e2h2 h1h2	1285	1315191o
PgUEm	3r1qk1/p5p1/1p4Bp/2npN2P/8/2P5/PPQ2rP1/2KR4 w - - 0 25	g6h7 g8h8 e5g6 h8h7 g6f8	1285	0g0k0m0s1019
Pnzma	8/8/8/8/1p6/pk6/5N2/K7 b - - 1 67	b3c2 a1a2 b4b3 a2a3 b3b2 a3b4 b2b1q	1285	000g0p0r0z1h1w
Qmser	7r/1ppkp1b1/3p3p/r2Np3/2P2qpQ/8/1P3PPP/R5K1 w - - 0 26	h4e7 d7c6 e7c7	1285	0s1315191o
RCPuV	r5rk/1p3p1p/2n1pPp1/4P3/1p1p1P1Q/5BR1/PPqB3P/7K w - - 0 26	h4h7 h8h7 g3h3	1285	050y1315191n1o
RpFKd	6rk/7p/8/4p3/4Q3/2q3PP/P6K/5R2 b - - 1 38	c3g3 h2h1 g3h3	1285	0i0p13151o
TmwTl	5r1k/pp1r1pp1/2pP2np/4P1q1/6R1/P1P2Q1P/BP3PP1/3R2K1 b - - 4 24	g6e5 g4g5 e5f3 g2f3 h6g5	1285	010s1019
TpSIa	8/3r2pk/p6p/8/2q5/1R3Q1P/6PK/8 w - - 6 41	f3f5 h7h8 b3b8 d7d8 b8d8	1285	0g0p0s10
V9q75	r1bq1rk1/pp1n1ppp/4p3/4P3/3PB3/4P3/PP4PP/R1BQK2R b KQ - 0 12	d8h4 g2g3 h4e4	1285	010s191o
VM2SR	r1b3k1/6bp/2pQp1p1/pp2P3/2P1q3/1P6/P5PP/5RK1 w - - 0 22	d6d8 g7f8 d8f8	1285	0p0y13151o
Vt8wE	r4r2/p1R3B1/1p4k1/5q2/3PP2p/3Q4/PP4PK/8 b - - 0 33	f5f4 h2h3 f4c7	1285	0g0p0s1o
WG4wL	5brk/2p3rp/pp2PQp1/4Pp2/2P5/P4P1R/1q3P1P/5KR1 w - - 3 31	h3h7 h8h7 f6h4	1285	050y1315191g1n1o
XAYQE	r1b1k2r/p4ppp/2n1pn2/1Qbq4/2p5/P4NP1/1P2PPBP/RNB2RK1 b kq - 0 10	c5f2 f1f2 d5b5	1285	0g0j191o
XIFAV	2r2k2/ppq2p1p/5p2/8/5P1Q/P1NB3P/1P4r1/1K5R b - - 1 25	g2b2 b1b2 c7c3	1285	050g191k1o
XQ8fq	4r1rk/p1p2ppp/1b6/3qP3/2pp1B2/3Q1PR1/PPP2P1P/6RK w - - 0 23	d3h7 h8h7 g3h3	1285	050y111315191n1o
XoOeq	2r2rk1/4pp1p/2p3p1/RpP5/3b4/1P3BP1/P1P2P1P/4R1K1 b - - 0 26	d4c3 e1e7 c3a5	1285	010p0s1o
YFAGf	rn3rk1/pppqb1p1/3p3p/4p3/2P1n3/1N3N2/PP3PPP/R1BQ1RK1 w - - 0 14	d1d5 g8h8 d5e4	1285	010s1c1o
ZYOSD	6k1/5rpp/8/1P1QP1q1/2rP4/P3R3/6PP/4R1K1 b - - 0 26	g5e3 e1e3 c4c1 e3e1 c1e1	1285	0p1013161n
aEPfD	1k5r/1p6/pPb1B2p/7K/2P2r2/4R2P/3R4/8 b - - 12 49	c6e8 e6f7 e8f7	1285	0p13151o
ajSRX	4q2k/ppp2p2/3b1P1N/3Q4/5p2/2P4P/PP3PP1/6K1 b - - 0 24	e8e1 g1h2 f4f3 d5d6 c7d6	1285	0g0j0k0p10
bBLUd	3r4/3q1kb1/p1Q2np1/1p1n4/2pp1B2/5N2/PP4P1/4R1K1 w - - 5 38	f3e5 f7g8 e5d7	1285	0g0s191o
baKck	8/p2qkpR1/5p2/1Q2p3/3p4/P1r4P/2P2PP1/6K1 w - - 5 29	g7f7 e7f7 b5d7	1285	050g0i0p111o
bcbYV	8/4k1p1/2Kb1p1p/3PpP1P/p3B3/1p3P2/2r5/6R1 w - - 3 50	e4c2 b3c2 g1c1 a4a3 c1c2	1285	0g0p10
beZCr	3r1rk1/pp4bp/1qn2pp1/8/Q1b1NP2/P2n1B2/1P4PP/R1BR3K w - - 3 21	a4c4 g8h8 d1d3 d8d3 c4d3	1285	010t101119
bil3v	6k1/2q2p1p/p2p2pP/2pQ2N1/P1P5/4P3/2P3PK/4r3 w - - 1 30	d5a8 c7d8 a8d8	1285	0p13151o
byHmP	6rk/pp2n1bp/4N3/3pP3/3P2Q1/1P2qB1P/P5RK/8 b - - 0 30	g7e5 d4e5 g8g4	1285	0g0j11191o
cI2rl	3r4/pp1P2k1/2p2q1p/8/2P1pppP/B5n1/P1P3PR/2K1Q3 w - - 3 27	a3b2 d8d7 b2f6	1285	010p1g1o
eKSOD	r2k1b2/1bp2p2/3p4/PQ1Pp1q1/1P2Pp2/5Pr1/2P2KN1/R5R1 w - - 1 27	b5b7 a8c8 a5a6 g3f3 f2f3	1285	0g0t1019
eqDEx	r3k2r/1pq3p1/p3p1np/3pP3/6bP/2P1PN2/PP4P1/R2Q1RK1 w kq - 0 19	d1a4 c7d7 a4g4	1285	010s191o
eulIJ	4rrk1/2pnnpp1/p2P3p/1p6/5q1P/2B2B2/P2N1P2/R2QK2R b KQ - 0 21	e7d5 e1f1 d5c3	1285	0g0j0k191o
eyBX9	r5k1/3R2bp/p3p1p1/1pB2p2/1P6/P4R1P/1r3PPK/8 w - - 0 27	d7g7 g8g7 c5d4 g7f7 d4b2	1285	050g0p0s101n
f2GPa	4k2r/4n1p1/pq1p4/4pbBp/1p2B3/5NKP/PPr3P1/2RQR3 b k - 1 22	b6f2 g3h2 f2g2	1285	1315191o
fNcL5	3k3r/p4Rpp/1p6/2r3P1/4nP2/4P2P/1P1NB2R/1K6 b - - 0 27	e4d2 b1a1 c5a5	1285	1315191k1o
fdUuI	r3r1k1/ppqN2p1/3bpp1p/3p4/3Pn3/1NP2P1P/PP2Q1PB/R4RK1 b - - 0 17	d6h2 g1h1 e4g3	1285	0g0y191o
fftwS	5rk1/q3bppp/4p3/1Rpp4/8/r2P2P1/P3PPBP/1QR3K1 w - - 0 24	b5b7 a7a8 b7e7	1285	0g0v11191o
gBtcw	8/5p2/1p2p1k1/1Pn1P1P1/4B2P/4K3/8/8 b - - 2 46	c5e4 e3e4 g6h5 e4f4 h5h4	1285	0g0p10
gRRoo	5r1k/pp5p/2pq1r2/4Q2p/6P1/1B3R1P/PP3P2/5K2 w - - 1 33	e5d6 f6d6 f3f8	1285	0b0g0p1o
hMXaA	8/1p6/4kb1p/1P2Bp2/5P2/4K2P/8/8 w - - 8 52	e5f6 e6f6 e3d4 f6e6 d4c5	1285	080g0h0p1011
iz2ib	r1bqkb1r/pp2nppp/2n5/1Bp5/3p1B2/3P1N2/PPP2PPP/RN1QK2R b KQkq - 1 8	d8a5 b1d2 a5b5	1285	0g0s1c1o
j62Vg	r1bqk2r/pp3ppp/4pn2/8/1bBP4/2N5/PP1B1PPP/R2QK2R w KQkq - 1 10	d1a4 c8d7 a4b4	1285	010s1c1o
jnej5	rn3rk1/pbpp2p1/1p2p1qp/4Npn1/2PP4/2PBP3/P3QPPP/R1B1R1K1 b - - 7 14	g5h3 g1f1 g6g2	1285	0j0y1315191g1o
kx3W9	6k1/2q2p1p/4pQp1/3p4/8/7P/PR2nPP1/7K b - - 1 28	c7c1 h1h2 c1g1	1285	0p13151o
l4Izv	2k1bQ2/pp3p2/2p1qP2/3p4/8/P2B4/KPP5/8 w - - 1 36	d3f5 e6f5 f8e8 c8c7 e8f7	1285	0g0i0p101g
lAPlN	r5k1/pb3pqp/1p2p3/5rp1/2B3Q1/4b3/P2R1PPP/3R2K1 w - - 0 29	d2d8 a8d8 d1d8 g7f8 d8f8 g8f8 f2e3	1285	010y191w
nja4T	5rrk/pp5p/1bp5/4Pp1R/3PqQ1P/4B1P1/PP5K/8 w - - 7 36	h5h7 h8h7 f4h6	1285	050y1315191n1o
o4kMz	1r4r1/p3Qpk1/4pqp1/3p2R1/3P4/2Pn1P2/PP1N4/3K3R w - - 9 34	h1h7 g7h7 e7f6	1285	0g0i11191o
oACuL	r4rk1/pp4pp/2pbb1n1/3pNp2/3P1PPq/2NP3P/PP4K1/R1BQR3 w - - 0 16	e5g6 h7g6 e1e6	1285	0g0j191o
oNkp8	6k1/1p2Q2p/pPp2r2/2Pp2p1/4p3/4PqP1/P1RR1P1K/8 b - - 0 40	f6h6 h2g1 h6h1	1285	0p0x13151o
oRlJj	r3r3/ppp2ppk/7p/6P1/6P1/P1B2Pn1/1PP4R/2K4R w - - 1 26	h2h6 g7h6 h1h6 h7g8 h6h8	1285	0p1013161d1n
oYA5S	r3k2r/pp1n1ppp/2pbp3/q5P1/2BP1n1P/P1N5/1PbBQP1N/R4RK1 w kq - 5 16	d2f4 d6f4 e2c2 f4h2 g1h2	1285	010j1019
oinUx	r5rk/pq2b2p/2p4p/3p1P2/N3p3/1P5P/P4PP1/R2QR1K1 w - - 2 22	d1d4 g8g7 f5f6 e7f6 d4f6	1285	010s1019
owiaC	4r1rk/ppp2ppp/3p4/3P4/8/2PQ2R1/P4q1P/2K3R1 w - - 0 23	d3h7 h8h7 g3h3 f2h4 h3h4	1285	050p1013161n
p5Xpj	2r4r/pp2kp2/5p1p/4p3/q2pNn1N/P2P3P/1PP2QP1/2K1R1R1 b - - 2 21	f4d3 c1b1 d3f2	1285	0g191g1o
pJ1Hk	r3kb1r/1bp2ppp/p3pn2/1p6/1n1qP3/2NB4/PP1QKPPP/R1B3NR w kq - 2 11	d3b5 a6b5 d2d4	1285	010j1c1o
pnPVl	3q4/6rk/p3B2r/2p1pPp1/2Pp1pQ1/8/2P2PK1/7R w - - 7 44	h1h6 h7h6 g4h3	1285	050p13151o
psQ6e	2R5/5p2/8/1p3kp1/1Nb2p2/P1P2K1P/1P1r1PP1/8 b - - 3 43	c4e2	1285	0p13141b
qHMbt	2b4k/p3q1p1/1p3p1p/3Q1PP1/3P1P2/8/P4NKP/8 b - - 0 39	c8b7 d5b7 e7b7	1285	0g0p1g1o
qtXEV	3r4/pp1bkppp/3Rp3/8/8/1B2P2P/PP3PP1/2rR2K1 w - - 1 19	d6d7 d8d7 d1c1	1285	010p1o
rSBX9	8/1P6/4p1p1/3b1k2/R4b2/7p/5K2/8 w - - 2 50	a4f4 f5f4 b7b8q	1285	00050g0p1h1o
rSNb9	8/5P1r/p3Q3/1pp1p1P1/k2pP3/P2P2K1/6R1/6q1 b - - 4 47	g1e3 g3g4 e3f4	1285	0p13151o
raoTc	3r4/pk4p1/1pb1Q2p/8/2p5/b1P4P/P1K3P1/R2R4 b - - 5 29	c6a4 c2b1 d8d1	1285	0i0p13151f1o
s6wlr	rnb1kb1r/ppp2ppp/3p4/4p3/3PPq2/2N2P2/PPP1K2P/R2Q1BNR w kq - 0 9	c3d5 f4h4 d5c7 e8d8 c7a8	1285	010s101c
u0Yuw	r5k1/p2qB1pp/1pn5/2p1p2Q/2P1p3/8/PP4PP/5RK1 w - - 0 23	h5f7 g8h8 f7f8 a8f8 f1f8	1285	060p1013161n
uL5W4	5r2/b5pk/7p/4pN1n/P3P2R/1P1p1PPq/2rN3P/3Q1R1K b - - 11 30	h5g3 f5g3 h3h4	1285	0g0i0y1112191g1o
wOiEI	5rk1/1pp2ppp/p7/3q4/1Q2R3/7P/PP1r1PP1/4R1K1 w - - 4 22	b4f8 g8f8 e4e8	1285	050p13151n1o
x2lfG	2k4r/pp3p2/2n2N2/1N1p4/2P5/1P2P1Pq/P3Q3/3R2K1 b - - 0 23	h3h1 g1f2 h8h2	1285	1315191o
yPfoh	2b5/8/6k1/3PP3/5KP1/8/8/8 w - - 1 62	e5e6 g6f6 g4g5	1285	080g0p1o
zr00r	r4rk1/3qb2p/4p3/2PpQ1p1/1P6/P6P/5PP1/RN3RK1 b - - 0 22	e7f6 e5g3 f6a1	1285	01191o1p
04k1Y	3QR3/p1p2qk1/2pb2p1/7p/2B5/2P2PP1/P6P/7K b - - 2 28	f7f3 h1g1 d6c5 d8d4 c5d4	1286	0g0p10
0Z48E	5Q2/6pk/5p1p/3Rnn2/6N1/7P/2r5/7K b - - 2 39	f5g3 h1g1 e5f3	1286	0f0p13151o
0uLBl	6rk/2R1R1p1/p2P3p/8/1p5P/4Q3/1q3rPK/8 w - - 0 38	e3h6 g7h6 e7h7	1286	0p13151n1o
1c3ps	r6k/1pn1prnp/6p1/p1P1N1P1/1PBpqP2/P7/8/Q4RK1 w - - 2 31	e5f7 h8g8 f7d6	1286	0g0j0k0t0y191o
3S86v	r4rk1/2Q3pp/p4n2/1pb3N1/2q5/1P6/P4PPP/R1B2RK1 b - - 0 21	c5f2 f1f2 c4c7	1286	0g0j191o
4psd0	5rk1/p3b2p/6p1/3RP3/1p6/4pP1R/PKP3P1/8 b - - 1 26	e3e2 h3h1 e7h4	1286	00010h0p111o
5abNm	6r1/3n2k1/2p3q1/pp1pPpQ1/3P4/8/PPP3P1/2K4R w - - 4 30	g5e7 g6f7 h1h7 g7h7 e7f7	1286	050g0i0p0r0s10
5kl70	5r2/4bpk1/p5pN/1pp1pQP1/5n1q/1P6/P4P2/3R1BK1 w - - 2 37	f5e5 g7h7 e5e7	1286	010s191o
5z94G	6k1/1p1Q4/p6p/2p5/P1Rb4/1P1P1PB1/4qPK1/4r3 b - - 0 33	e2f1 g2h2 f1h1	1286	0p13151o
6iqXd	8/2r1p1k1/R1RnB2r/6pp/3P4/4P1P1/5P1P/6K1 b - - 6 33	c7c6 a6c6 h6e6	1286	010p1o
81FVd	r1b1r3/pp5R/1n2kp2/2pp4/8/2PP1N2/P1P2P2/2K4R w - - 2 25	h1e1 e6d6 e1e8	1286	01191o1p
9MCi5	4rrk1/2p1q1p1/p1p2nNp/5b2/3P4/3P2NP/PP3PP1/R2QR1K1 b - - 2 19	e7e1 d1e1 e8e1 a1e1 f5g6	1286	010y1019
9nDSd	8/rk4p1/5p1p/8/5KP1/7P/8/R7 w - - 0 52	a1a7 b7a7 f4f5	1286	0g0p1m1o
BS72q	5rk1/p4p2/4r1p1/2Q4p/1P6/1qN5/R4PPP/1R4K1 b - - 3 39	b3b1 c3b1 e6e1	1286	061315191n1o
Bpvnk	4r2r/2pk4/p2p2p1/1p2p1B1/3nP3/N2P4/PPP2PPP/R4RK1 b - - 3 17	d4e2 g1h1 h8h2 h1h2 e8h8 g5h4 h8h4	1286	02050y1317191n1w
Bziy7	8/R6p/4k1p1/4P3/1p2KPP1/7P/2rp4/8 w - - 2 64	f4f5 g6f5 g4f5	1286	0p13151m1o
CeK0L	1k3b1r/pp1Qp1pp/1p2P3/3RN3/8/2r5/4qPPP/6K1 w - - 5 24	d7d8 c3c8 e5d7 b8a8 d8c8	1286	0i101316191k
DsCoE	8/8/p3p1p1/2p5/k1P2PKP/8/8/8 w - - 0 41	g4g5 a4b4 g5g6 b4c4 h4h5	1286	0g0h0p101e
EQkRA	5RQ1/1k1b3r/1p2p3/3p4/2pP2Pq/P1P5/1P2B1KB/5R2 b - - 0 34	h4h2 g2f3 h7h3	1286	1315191o
EbAoF	5kn1/3prp1Q/p6p/1p2q2r/8/8/PP3RB1/2R2K2 w - - 6 33	c1c8 e7e8 h7f7	1286	0i0q1315191o
F1FIG	5bk1/3R4/2p2Q1p/1b1p4/4qP2/4p1PB/7P/6K1 b - - 3 41	e4b1 h3f1 b1f1	1286	0p13151o
G19V7	3R1r1k/1p3Q1p/p5p1/1qP1p1B1/4P3/n1P2N2/6PP/7K b - - 0 32	b5f1 f3g1 f1f7	1286	0g1112191o
GCWr1	5r2/2P5/8/8/3kP3/p1R5/PP3r2/2K1R3 b - - 0 33	a3b2 c1b1 d4c3	1286	000g0p1m1o
GtaX5	r3r3/2p1q1p1/1pn2kb1/p7/4p1B1/4Q3/P4P2/3RK3 w - - 1 32	e3f4 g6f5 f4f5	1286	1315191o1s
HQbTt	r3k3/pp1nn3/4Qpp1/2pp2N1/8/3P4/P1P2PP1/qN2K3 w q - 0 18	e6f7 e8d8 g5e6 d8c8 f7e8	1286	0r10131619
IWRfA	5b2/pp1r1p2/2p2R2/8/8/P1P1r3/1P2k3/1K3R2 w - - 5 33	f6f2 e2d3 f1d1 d3c4 d1d7	1286	010p101p
K8wcj	2k4r/pp3ppp/3rR3/3p4/2q2B2/8/PPP1QPPP/R5K1 b - - 0 17	d6e6 e2c4 d5c4	1286	01191o
K9gaj	r3r3/pp3p1k/3bb1pp/3N1q2/5P2/PQ1BP2P/1P4P1/3R1RK1 b - - 4 22	e6d5 b3d5 f5d5	1286	01191o
KLh2S	3r4/5pp1/Q3p1b1/1p2P3/1P3PB1/Pk2b3/2R5/1K3R2 b - - 0 37	g6c2 b1a1 e3d4	1286	1315191o
Kd8Ez	8/4r3/p2k1p1p/1pn2B2/3K1PPP/2P5/R7/8 b - - 4 39	c5b3 d4d3 b3c1	1286	0g0p11121o
KeIoQ	5r1k/6b1/1q1p2Q1/1p1P2P1/2pp4/1P1P3P/R1P3P1/6K1 w - - 0 32	g6h5 h8g8 g5g6 g7h6 h5h6	1286	0g0p10
Kh5iZ	r2r3k/pp2nBpp/3N1q2/5p2/b1P5/P2QP3/5P2/1K4RR w - - 5 29	h1h7 h8h7 g1h1 f6h6 h1h6	1286	050g0y10191n
KobF0	r3n3/pp1b1p2/1bk5/2qpQB2/2p5/5PN1/PPP4P/3R1K2 w - - 8 29	f5d7 c6d7 d1d5	1286	050g191o
KwNWm	3r4/1pp2kpp/p1n5/8/2P5/P1K2P2/1P1N1nPP/2R1R3 b - - 2 28	d8d3 c3c2 c6d4 c2b1 d3d2	1286	010i0p10
LEWQi	8/5b2/4p1kp/3pB3/1P1Pp3/2Q4P/1r3r2/6K1 w - - 3 51	c3g3 g6f5 g3g4	1286	0p13151o
Lz1wc	krr5/ppq2p2/2p1pnp1/Q1Pp1n1p/2RP1P2/PR2PB1P/KP1N1P2/8 w - - 13 25	a5a7 a8a7 c4a4 c7a5 a4a5	1286	0510111316191k1n
LziBU	8/8/p1P2k1p/1p4p1/1P1K2P1/7P/P1p4r/4R3 b - - 0 39	h2d2 d4c3 d2d1 c3c2 d1e1	1286	0g0p101m
MBzDz	rnb2rk1/pp3ppp/2pb1n2/7q/8/P1N3PP/1P1P1PBK/R1BQR1N1 b - - 4 14	f6g4 d1g4 c8g4	1286	0g1c1g1o
MpL1L	r7/p4pkp/1pb5/2p3q1/8/2P2r1P/PP3K2/R2Q2R1 w - - 0 30	d1f3 c6f3 g1g5	1286	01191g1o
N6z9z	6R1/2p2r2/1p1p3p/p2P3k/P5r1/4R3/6PK/8 w - - 0 40	e3h3 g4h4 g2g4	1286	0p13151m1o
NZoeV	r4rk1/ppp2p2/2n2p2/5Q1p/3PN3/P1P1P2P/2K2R1q/6q1 w - - 0 22	e4f6 g8g7 f5h7	1286	0y1315191o
O65NJ	8/2p5/2P5/3Pk1p1/p3P2p/Kp3P2/1Rr3P1/8 w - - 6 44	b2c2 b3c2 a3b2 c2c1r b2c1	1286	0g0p101m
OPQCS	8/R4r1p/pr1pkp2/8/8/5K1P/P2R2P1/8 w - - 0 42	d2e2 e6f5 a7f7	1286	0g0i0p11121m1o
OZIet	2k4r/ppp2p1p/8/1P1Pp3/Q2b2q1/P3B1P1/5K1P/R6R b - - 5 27	d4e3 f2e3 g4a4	1286	0g0j191o
PJU59	8/8/P5R1/2pB2n1/2P2kn1/1P6/7p/4K3 b - - 0 48	g5f3 d5f3 f4f3 a6a7 h2h1q	1286	000g0p101h
PZUpo	8/8/p7/P7/2pk1p2/2B1rP1P/1P3KP1/8 b - - 1 46	e3c3 b2c3 d4c3	1286	0g0p1o
QFYLs	3k4/pb1p3p/4pP2/1P3r1p/P2K1N1P/6P1/5P2/2R5 b - - 0 32	e6e5 d4e3 e5f4	1286	010p0s1o
RzuDT	4k2r/1qr2p1p/4p1p1/2R3N1/1p2N3/2b1P3/P1Q3PP/6K1 w k - 3 29	e4d6 e8e7 d6b7	1286	0g0s191o
S3ZLJ	4r2r/2q2k1p/p5pQ/1p2Pp2/2p2P2/P1P4R/5P1P/R6K w - - 1 31	h6h7 h8h7 h3h7 f7e6 h7c7	1286	0g0p101n1p
SAac3	r1qn2k1/ppp1b1pp/4P3/3pn1N1/Q7/2N5/PP4PP/R1B2K2 w - - 0 19	a4e8 e7f8 e6e7	1286	000g0s191o
SWNQc	8/p4r1p/6pk/6r1/2PQ1p1q/1P3P2/P3R1PP/6RK b - - 4 32	h4h2 h1h2 g5h5	1286	050p13151n1o
UWVJU	8/pk6/1pp4p/8/4Q3/6P1/P1r2q1P/3R3K w - - 0 35	d1d7 b7a6 e4a4	1286	0p13151o
V8IiN	2kr3r/1pp2p2/2n2B1p/p1Q3p1/P7/1NPq3P/1P3Pp1/2KR2R1 b - - 1 19	d3d1 g1d1 d8d1 c1d1 g2g1q	1286	00050g10191h1k
VBkAv	8/p1r5/R1P5/1N2bk2/3p1p2/1P1p1P1p/1K1P1P2/8 w - - 0 42	b5c7 h3h2 a6a1	1286	0g0p111o
VMoJT	2k4r/1pp2p2/p1r2npp/4n3/1R6/P1N1PP2/1P3PBP/1KR5 b - - 1 24	e5d3 g2h3 c8b8 b4d4 d3c1	1286	010h0s1019
VcZPI	4r3/8/p4P2/1p5r/4b1k1/4R3/1P4K1/4R3 w - - 0 53	e3e4 e8e4 e1e4 g4f5 f6f7 f5e4 f7f8q	1286	000g0p1h1w
VmgaL	6k1/4R3/6K1/5P1p/5r2/8/8/8 w - - 0 53	e7e8	1286	0p13141b1m
Vosik	2rr2k1/pp4pp/6q1/3nB3/8/3n1QP1/P2N1P1P/2R1R1K1 w - - 2 29	c1c8 d8c8 f3d5	1286	0g191o
Vxvy6	2kr3r/pp2bp2/2n1q3/4P3/3PQ3/8/PP2B1PP/R4RK1 w - - 1 22	e2g4 d8d4 g4e6	1286	0g191g1o
W2XMi	rk5r/ppp3p1/2n5/2b1p3/4P3/5RqB/PPP3P1/R1BQN2K b - - 2 17	h8h3 g2h3 g3g1	1286	0y1315191n1o
Wu2zc	3r2k1/p1R2pp1/7p/2b5/8/P5Q1/1Pq2RPP/5BK1 b - - 4 26	c5f2 g3f2 c2c7	1286	0g0j0s191o
XNOAB	8/pr4k1/6p1/3qpp2/1P5P/3p2P1/5P1K/Q3R3 w - - 1 46	e1e5 d5e5 a1e5	1286	010p1o
YGOOF	2r4r/5pk1/2n1p3/3pP1p1/N1p5/1qP1Q3/3K4/3R2R1 w - - 0 37	e3g5 g7f8 g5g7 f8e7 g7f6 e7e8 f6h8	1286	0g0s0v191w
YQhJb	6k1/5pp1/3p1b1p/3Pp3/QP1q3P/P1r3P1/2B2P2/R4RK1 b - - 2 29	c3g3 g1h2 d4h4	1286	0y1315191g1o
Z031b	8/4bp2/p2p2p1/B1pP1k2/2P2P1p/4K3/P6P/1b3B2 w - - 7 39	f1h3 f5f6 a5c3	1286	080p13151o
ZNG8s	r2q1rk1/p3p2p/6p1/5bp1/3Q4/8/PPP2PPP/R2R2K1 w - - 2 18	d4c4 f8f7 d1d8	1286	010j191o
ZPxfp	2r5/p4k2/1p1p2pp/1N1P1p2/4n3/6P1/PP3PKP/4R3 w - - 2 26	e1e4 f5e4 b5d6 f7f6 d6c8	1286	0b0g0p0s10
aGwP2	r4r2/3q1p1k/p4b1p/1pp1NPpQ/4b3/1P4BP/1PP3P1/1R3RK1 b - - 0 22	d7d4 f1f2 f6e5 g3e5 d4e5	1286	0g0w1019
aWSFV	2r3k1/5pbp/pQ2p1p1/4Pn2/q2P4/5N2/1B3PPP/R5K1 b - - 1 31	a4a1 b2a1 c8c1 f3e1 c1e1	1286	060s101316191n
b1PE7	2r1q3/p1rb2k1/1p2p2p/4Ppp1/2BP4/1Q2P3/P1R3PP/2R3K1 b - - 8 26	d7a4 b3d3 a4c2	1286	0g191o1p
b4dC4	1r2r1k1/6bp/2p1p1p1/1p2P1B1/3q2P1/2QP3P/1PP4K/R4R2 b - - 1 27	g7e5 g5f4 e5f4	1286	0g191o
bPWs5	5r2/kpN4R/p7/3BB1p1/1P1PP1b1/2K5/PP3r2/8 b - - 9 40	f8f3 c3c4 f2c2	1286	0q1315191o
caYbK	r4q2/1p2p1bk/p3Q1pp/7n/4B3/2N3PP/PP6/R1B3K1 b - - 1 20	g7d4 c1e3 d4e3 g1h2 f8f2 e4g2 f2g3	1286	0g0r0y11191w
cfFBC	8/8/PR3pk1/4P2p/6p1/r6P/6PK/8 b - - 0 37	g4g3 h2g1 a3a1 b6b1 a1b1	1286	0p1013161m
czR0H	r6k/2p3bp/3p3n/p2Pp1q1/1pP1P1b1/6N1/PP2B1Q1/1K1R3R b - - 3 25	g4e2 g2e2 g5g3 d1g1 g3f4	1286	010j1019
d0SDQ	6Q1/pkb1r3/2R5/4P3/4pP2/1N4KP/PPP3P1/3r1bq1 w - - 7 30	b3a5 c7a5 g8c8	1286	1315191n1o1u
dCPU0	2k2r2/1ppnQR2/6p1/8/2P5/BP3KPP/r4b2/8 b - - 3 31	f8f7 e7f7 d7e5	1286	0g191o
dpTu9	4r1k1/4bpp1/7p/pp3q2/1P2QP2/2P3P1/P6P/3RR1K1 b - - 0 29	e7c5 b4c5 e8e4 e1e4 f5e4	1286	0g0j0p10
eLmNv	5Rnk/2p5/b2pB2n/P2Pp1qp/4P1pr/2P2P2/3N2Q1/1R4K1 b - - 3 36	g5e3 g2f2 h4h1 g1h1 e3f2	1286	0g0i0r0y101119
f1i5M	r1r4k/3qbpp1/4p1p1/pp1pB3/3P4/2P5/PP1Q1PPP/R5K1 w - - 0 22	d2h6 h8g8 h6g7	1286	0y1315191g1o
f5mSv	r1b1qr1k/1p2n1pp/p2p1p2/2p1nP1Q/4PR2/1BN5/PPP3PP/R1B3K1 w - - 2 16	h5h7 h8h7 f4h4 e8h5 h4h5	1286	050y101316191f1n
fhPth	1k1r4/1p1n1p1p/8/1np5/8/8/PP3PPP/2RR2K1 w - - 0 26	c1c5 d7c5 d1d8	1286	0g0p1o
gSXWo	r5k1/2nq1p2/p2p2p1/6B1/Np1Qb3/7P/1P4P1/R4R1K b - - 0 24	d7h3 h1g1 h3g2	1286	1315191g1o
gbXsg	3r4/p5qk/1p2R1p1/2p4p/4Q3/6PP/8/7K w - - 4 39	e6e7 d8d7 e7g7	1286	010p1g1o
iZ96K	8/p1R2p2/7R/3Pkb1P/3rp3/1BK5/1PP2P2/7r b - - 2 35	h1h3 f2f3 h3f3	1286	0p13151o
j7cV8	6r1/3q3k/Pp3R2/3PQ3/3p4/8/4P1rp/7K w - - 7 44	e5h5 h7g7 h5h6	1286	0p13151o1u
j7nRE	6k1/p5r1/8/R7/P4Kpp/1P6/7P/8 b - - 1 50	g4g3 h2g3 h4g3 a5d5 g3g2	1286	000g0p101m
kMSOE	6k1/5Rp1/6Qp/4P1q1/1p6/3P3P/6PK/1qN5 w - - 5 48	f7g7 g8h8 g7h7	1286	0p13151o
lihDN	5r2/7p/3pk1p1/8/1QP5/7P/3q2P1/1R5K b - - 0 33	f8f1 b1f1 d2b4	1286	0g0i0p1o
lpJcG	1r5r/pN1R1p2/3N1bk1/4p1p1/2P1Pnp1/1P6/P4PPP/5RK1 b - - 1 32	f4e2 g1h1 h8h2 h1h2 b8h8	1286	02050y101316191n
n6wND	r1b5/pp1q3Q/4kb1p/2P5/4P3/6PP/PP5K/5R2 w - - 1 26	h7f5 e6f7 f5f6	1286	0g0p1o
nZGsf	6k1/1r1qpr1p/3pR1pB/p1bP1p2/2p5/2P3QP/2B2PP1/6K1 w - - 4 33	e6g6 h7g6 g3g6 g8h8 g6f7	1286	010i0y10191n
nptZE	6rk/6p1/p7/1b2BQ2/3P4/7P/3q2PK/8 w - - 6 38	f5h5 d2h6 h5h6	1286	0p13151g1o
o25hR	5r2/2N1Rrk1/1p3ppp/p2P4/2b5/8/5PPP/4R1K1 w - - 0 34	c7e6 g7g8 e6f8 f7e7 e1e7	1286	010p0s10
oDoBs	3r2k1/pp1q1ppp/2p5/Q6r/3P1n2/5PP1/PP2R2P/4R1K1 w - - 0 29	a5d8 d7d8 e2e8 d8e8 e1e8	1286	060s101316191n
oah9t	4r3/7k/2p1b1R1/1p5K/pP1rP3/P2B3P/2P5/R7 b - - 0 34	e6f7 h5g5 f7g6	1286	010p1g1o
pDqa2	5r1k/6p1/5p1p/1p1R4/qP3P2/P5P1/1Q4KP/8 b - - 5 36	a4a8 b2a2 f8d8	1286	0g0p1g1o
qCm15	8/1R5p/3k1pp1/7P/p3PKP1/P1r5/8/8 b - - 1 42	g6g5 f4f5 c3f3	1286	0p13151m1o
qGQam	4r1k1/1p3ppp/p1p5/3N1b2/4p3/P7/1PP2PPP/3R2K1 w - - 0 25	d5e7 g8f8 e7f5	1286	010p1o
s7BGE	4Q3/3r1Npk/pqb1p2p/1p2P3/8/P6P/1P3PP1/2R3K1 b - - 4 33	d7d1 c1d1 c6e8	1286	010j0p111o
sR0FE	4rrk1/pp4p1/2p2npp/2bp4/5PN1/2B3PP/PPP1R2K/4R3 w - - 7 32	g4f6 g7f6 e2e8	1286	0g0y191o
seKHs	r5kr/p5p1/4b1qp/4Q3/3n4/8/PP3PPP/RNB1R1K1 b - - 2 21	d4f3 g1h1 f3e5	1286	0g191g1o
tU90g	7k/p5np/8/2p2p2/8/2q5/6Q1/6RK w - - 0 49	g2a8 g7e8 a8e8	1286	0p13151o
uYQ9a	5rk1/2p2pp1/B1pr3p/8/3q4/P5QP/1P2RP2/4R1K1 b - - 2 25	d6g6 g3g6 f7g6	1286	01191g1o
uzvsp	r4rk1/pppn1pp1/7p/2b1p3/3qP1b1/5NP1/PPPPQ1BP/R1B1K2R w KQ - 6 15	f3d4 g4e2 d4e2	1286	01191o
v99Xj	1Qq3k1/pp2rppp/8/8/8/7P/PPr2PP1/3R2K1 w - - 2 25	d1d8 e7e8 d8e8 c8e8 b8e8	1286	0p0s1013161y
wVBUY	3r4/N1pk3p/2p2p2/3p4/5q2/3Q1n2/PP3K1P/4R3 w - - 0 24	d3h7 d7d6 h7e7	1286	0p13151o
x5QKm	Q7/1rk1rp2/5n1p/1p6/7P/8/PPq5/K2R4 w - - 3 34	a8d8 c7c6 d8d6	1286	0p0s13151o1s
y23K8	3rr3/p1q2p1k/npp1pPpp/2P5/1P1BnP1Q/P4R2/6PP/6K1 w - - 0 26	h4h6 h7h6 f3h3	1286	051315191n1o
zJfXC	8/3r1k2/4p3/1p3p2/3p1P2/1P3P2/P1P1KQ2/1r6 b - - 0 45	d4d3 e2e3 d3d2 f2d2 d7d2	1286	000g0p101j
zUyQ9	r1r3k1/pb2qpp1/7p/2np4/Q2p4/3N1P2/PP4PP/RN2R1K1 w - - 2 19	e1e7 c5a4 e7b7	1286	01191o
09gv5	r5k1/pp6/2p5/2R2p1p/1P1P2q1/P4rP1/4QPKP/R7 b - - 5 35	f3g3 h2g3 g4e2	1287	0g0j0p1o
0RpxK	r4r1k/pp5p/2qp4/2pn1pQ1/2P5/2PP2P1/P5K1/R6R w - - 2 24	h1h7 h8h7 a1h1	1287	050y1315191n1o
0c9Et	2k3r1/1p3pr1/1p1qb3/pP5R/P2N3P/2PQ2P1/5P2/4R1K1 b - - 2 25	g7g3 f2g3 g8g3 d3g3 d6g3	1287	0g0s10191n
26uCn	8/1p3pkp/p3pqp1/8/2Pn4/1P2N2P/PQ3PP1/6K1 b - - 5 27	d4f3 g2f3 f6b2	1287	0g0j0p1o
2gFZt	r5k1/ppp3pp/1bn5/8/4N1bq/6N1/PPP2PPP/R1B2RK1 w - - 1 18	c1g5 h4g5 e4g5	1287	01191o1t
41t1X	r5k1/5pp1/5n1p/1N2R3/3p1n2/1B1P1P2/1PP2P1P/6K1 b - - 0 27	a8a1 e5e1 a1e1	1287	0p13151o
42e2f	r2qkb1r/pp3ppp/2n1b3/3p4/8/2N1Q1P1/PPP2PBP/R1B2RK1 b kq - 4 11	d5d4 g2c6 b7c6 e3e4 d4c3 e4c6 e6d7	1287	010s1c1w
5Fpi4	8/6p1/pR5p/1b2k3/1p4K1/2b2P1P/1r4P1/3R4 w - - 4 37	f3f4 e5e4 b6e6 c3e5 e6e5	1287	0p101316
5ZQWS	r4q2/p2nRrk1/5pp1/2P4p/4Q3/8/PP3PPP/4R1K1 w - - 1 28	e7f7 f8f7 e4a8	1287	0g191o
5tVrB	1r6/p3k1r1/1qp5/3p1Qb1/2bPp3/1NP4B/PPK2P2/3R3R b - - 13 29	c4b3 a2b3 b6b3 c2b1 b3b2	1287	10131619
6Tlts	8/ppp2ppk/7p/3r1N1P/5P2/2P1r3/PP4R1/6RK b - - 4 31	e3h3 g2h2 h3h2 h1h2 d5f5	1287	010p0r10
6aYmY	6k1/1p4pp/3p4/1r1Pp3/p1BpP2P/P4r2/1P6/2K1R2R b - - 7 32	b5c5 c1d2 c5c4	1287	0g0p111g1o
6ksy1	2r2rk1/1p1qpp1p/p5p1/3NpP2/2nQ4/8/P1P3PP/R3R1K1 w - - 0 22	d5f6 e7f6 d4d7	1287	0g0j191o
7Hjfs	r2qk2r/ppp2ppp/2nbb3/1B1p4/3N4/2P5/P1P2PPP/R1BQ1RK1 w kq - 1 10	d4c6 b7c6 b5c6	1287	01111c1o
8CvpI	rn6/pp2kpQp/1q1p4/3P4/4n3/B1P5/P4PPP/R3KBNR b KQ - 0 14	b6f2 e1d1 f2d2	1287	041315191o
9Bqgj	r2q1rk1/pb1n1pp1/1p1N1b1p/2p5/7P/2P1PNP1/PPQ1KP1B/R6R b - - 2 16	b7f3 e2f3 d7e5 f3g2 d8d6	1287	050g0j1019
9Yqxy	7r/1pq1k1p1/pR2p3/3pPrp1/P2Q4/5pPP/5P2/4R1K1 w - - 1 31	d4b4 e7f7 b6b7 c7b7 b4b7	1287	0g0p101g
9dIGy	4r1r1/p4ppk/7p/3p4/4qP1Q/2P4R/P5RK/8 w - - 4 31	g2g7 g8g7 h4h6 h7g8 h6h8	1287	0p1013161n
9rQ2t	r5k1/pN4p1/3b1nq1/3p1p2/2pP1r2/2P3QP/PP3BP1/R4RK1 b - - 1 25	g6g3 f2g3 f4f1 g1f1 d6g3	1287	0g0j0y1019
AT0WH	3r1k2/p2q2pp/1p1P4/n2Q1p2/8/5P2/P4P1P/2R4K w - - 4 27	c1c7 d7c7 d6c7 d8d5 c7c8q	1287	00010p101h
AhEs3	1k5r/2prq1pp/p2p4/1p2p3/1n1P4/1PQ4N/PBPP2PP/R3K2R b KQ - 0 20	e5d4 e1d1 d4c3	1287	0g0j0k191o
BVstU	3qk1nr/Bbpn1p2/p2bP2p/1p6/8/1BN5/PPP2PpP/R2QR1K1 b k - 0 15	d6h2 g1h2 d8h4 h2g1 h4h1	1287	050y1013161c1n
Bs4th	8/5pkp/5p2/8/6P1/4KP1P/prN1R3/8 b - - 2 45	b2c2 e2c2 a2a1q	1287	00010p1h1o
BywOS	8/3rk2p/PQ1p1pp1/1Pq5/4PPK1/6PP/8/8 w - - 1 46	b6c5 d6c5 b5b6	1287	0g0p1o
CRyzp	r6k/p3q1p1/1p1p3p/1PpP1b2/P1PbN2r/3Q1P2/R5PP/2B1R2K b - - 6 25	h4h2 h1h2 e7h4	1287	050y1315191n1o
CXtpM	8/8/2p5/2Q5/2q1p2P/2k5/8/4K3 w - - 6 65	c5c4 c3c4 h4h5	1287	0g0h0p1i1o
CvEAg	3r2k1/6pp/p1p1nr2/3P1pq1/P1B1p3/4P3/1P1Q2PP/R4RK1 w - - 1 27	d5e6 d8d2 e6e7	1287	000g0j0k0y191n1o
D6TeD	6k1/r4pp1/3Q3p/3Pp3/p3q3/7P/6P1/R6K w - - 0 35	d6b8 g8h7 b8a7	1287	010p0s1o
En5Nz	r4r1k/2p2p2/pbpp1qp1/3b2NP/3P1P1Q/7P/PP5K/R1B2R2 w - - 0 24	h5g6 h8g7 h4h7	1287	0j0k0y1315191o
F0MWd	r7/1p5k/pp1p2pp/4pr2/PP3n1q/2PP2R1/1B1Q1P1N/6RK b - - 1 24	h4h2 h1h2 f5h5 g3h3 h5h3	1287	050r0y101316191n
F3yGK	r4r2/p3R1pk/1p2n2p/3Q1p2/1P3B2/3P2P1/P3q2P/5RK1 b - - 4 25	e6f4 e7e2 f4d5	1287	01191o
G0Dfj	r6r/ppp2Qbk/2n1Bqpp/7P/5p2/8/PPPP2P1/RNB3K1 w - - 1 19	h5g6 f6g6 e6f5	1287	0g191g1o
G8bhu	8/2p5/p1p5/P4k1p/1PP2p1P/4pP2/4K3/8 w - - 3 42	b4b5 c6b5 c4b5 a6b5 a5a6 b5b4 a6a7	1287	000g0p1e1w
GH5Hu	6rk/p4q1p/1p1p4/3P1p2/1bP1pP2/4P1N1/2Q4P/6RK w - - 7 33	c2b2 f7g7 b2b4	1287	0g0p0s1o
GUBNk	7k/2q1bRpp/1pp1B1n1/p7/P7/2B3PP/1PP3K1/3r4 w - - 3 31	c3g7 h8g8 f7e7	1287	0j0k1315191o
GgCwx	r1b2rk1/ppp2ppp/8/2bqp1N1/3nN3/3P1Q2/PPP2PPP/R1B1K2R w KQ - 5 10	e4f6 g7f6 f3d5	1287	0g0j1c1o
HNYUM	8/3k4/P2P2p1/6b1/1B4p1/4p1P1/1R2K3/6r1 b - - 0 54	g1g2 e2d3 g2b2 a6a7 b2a2	1287	0g0p10111p
HwzMf	2rqr1k1/pb4p1/1p2p1Pp/4P2P/3Pp3/2P5/PP1QB3/R3K2R b KQ - 1 21	e4e3 d2e3 b7h1	1287	0g0j191o
IYz4O	2r1r3/1b3p1k/p1q1pBpp/1pP5/P2Pp2Q/6R1/3N1PPP/2n3K1 w - - 0 29	h4h6 h7h6 g3h3	1287	051315191f1n1o
IdY1F	2r3k1/1qbn1ppp/3p4/3Pp3/1P2N3/7P/2Q2PP1/2R3K1 w - - 0 22	e4d6 c7d6 c2c8 b7c8 c1c8	1287	011019
JZcEB	5rbk/4Q1p1/1q3r1p/1p1p4/8/1BP3R1/2P3PP/6RK b - - 5 33	b6g1 h1g1 f6f1	1287	051315191n1o
K3DZs	b2N2k1/p4p1p/1p4p1/1B2P3/7q/2P4P/1P4P1/3RR2K b - - 0 32	h4h3 h1g1 h3g2	1287	0p13151g1o
Ku67n	2rqkb1r/1p2nppb/p6p/4P3/2BPp3/8/PP2Q1PP/RNB2RK1 b k - 1 17	d8d4 c1e3 d4c4 e2c4 c8c4	1287	0g101c
Ln1zo	8/2p1PR2/1k6/3Pr3/1r4p1/6Kp/1p3R2/1B6 b - - 2 47	e5e3 g3h2 g4g3 h2h3 g3f2	1287	000g0j0k0p0r0s10
LqbIB	4r1k1/2p2pp1/1b5p/1Q6/1P2nq2/7P/rBp3R1/1R5K w - - 0 33	b5e8 g8h7 g2g7	1287	0t1315191d1o
LtZOU	r3kb1r/pp3ppp/2pqpn2/8/B4NP1/3P2Q1/PPPK2PP/R1B4R b kq - 0 15	f6e4 d2d1 e4g3	1287	0g191g1o
MSgZ0	4rr2/pp3pk1/2bp2p1/2p1q3/4P1R1/5BQ1/PPP4P/6RK w - - 9 31	g4g6 f7g6 g3g6 g7h8 g6h6	1287	101316191n
Mu6YB	2r2rk1/1b3p1p/1p4p1/8/8/1P1R2qP/PB4P1/1R3Q1K b - - 3 32	b7g2 f1g2 g3d3	1287	0g0i0s11191o
NH3HE	3r2k1/1b3p1p/p3B1p1/1p6/6Q1/P3N3/1PP2P1P/4n1K1 b - - 0 26	e1f3 g1g2 f3e5 g2f1 e5g4	1287	0g0j0k0p10
NTgx0	8/6pp/1p6/2p2p2/P7/2P3P1/1P1k3P/6K1 w - - 1 42	b2b4 c5c4 a4a5 b6a5 b4a5 d2c3 a5a6 c3d3 a6a7 c4c3 a7a8q	1287	000g0p1e1h1w
NqJR7	8/8/1p2k3/1P2p1P1/2b5/3BK3/8/8 b - - 4 49	c4d3 e3d3 e6f5	1287	080g0p1o
ODrY9	3r2k1/1pR2b1p/1q4p1/p4r2/7P/P1Q5/5PP1/B1R3K1 b - - 3 33	b6f2 g1h1 f2h4	1287	0g191o
Ooz23	4rr1k/p5pp/2p2p2/2P2R2/4P2q/P1Q1PK2/4B1R1/8 b - - 7 33	h4e4 f3f2 e4f5	1287	0g0s191o
Ov8Pd	5k2/1p2q1n1/p1p5/4p1QP/4P3/1PP3P1/1P3P2/6K1 w - - 1 39	g5e7 f8e7 h5h6 g7e6 h6h7	1287	000g0p10
P0sNH	8/7p/2R4R/4p1k1/2p2p2/2P2P2/r4r1P/6K1 w - - 0 38	h2h4 g5f5 c6f6	1287	0p13151m1o
P7wIV	r2qk2r/1b2bppp/2np4/1B1Qp3/4P3/1N2n3/PPP2PPP/R4RK1 w kq - 0 14	b5c6 b7c6 d5c6 e8f8 f2e3	1287	011019
PZePl	8/8/2k5/7R/8/1R3P1K/r5rP/8 b - - 3 44	g2h2 h3g4 a2g2 g4f4 h2h5	1287	010i0p0r101m
QIjEH	2r3k1/5p1p/6p1/8/3RPQP1/7P/1qR3K1/8 b - - 0 37	c8c2 d4d2 c2d2 f4d2 b2d2	1287	0g0p1011
Qbl7m	8/R4p1k/1p3qpp/8/P7/4Q1PP/5PK1/r7 b - - 4 46	f6c6 e3f3 a1g1 g2g1 c6f3	1287	0g0i0p101g
Qhc9L	8/8/q7/2b5/2k2P1P/p5PK/8/1Q6 w - - 32 72	b1f1 c4b3 f1a6	1287	0g0p1o1p
Qz1WP	8/8/pR3rk1/2p5/2P3p1/2NPb3/P7/4K3 w - - 1 43	b6f6 g6f6 c3d5 f6f5 d5e3	1287	050g0p0r0s10
R0L6m	6k1/5rpp/p3b2B/4P3/6rb/2NQ4/PP2RqPP/3R3K b - - 3 24	f2f1 d1f1 f7f1	1287	0y1315191n1o
RgtBa	r1b1k1nr/2pp1pp1/p1p3qp/2b1p3/4P2B/3P1N2/PPPQ1PPP/RN2K2R b KQkq - 1 9	g6g2 h1g1 g2f3	1287	0g0s1c1o
Rtqa4	8/7k/6p1/3p4/8/4Q1PK/P4P2/3q4 b - - 0 48	d1h1 h3g4 h1h5 g4f4 h5f5	1287	0p1013161i1s
SBihe	r2q1rk1/ppp2ppp/8/3nQ3/1b6/8/PPPP1PPP/RNB1KB1R b KQ - 0 10	f8e8 e5e8 d8e8	1287	011c1g1o
SkDDB	rn2k3/pBp1r2p/1b6/8/3PnpNq/8/PPP1Q1PP/RNB2K1R b q - 0 14	e4g3 h2g3 h4h1	1287	0g191o
Td9SW	3r1b2/pp3k1p/5Pp1/2q3Q1/3r4/7P/PP4P1/4RR1K w - - 0 29	e1e7 f8e7 f6e7	1287	000g0j0k191n1o
Tlu4u	2rqr1k1/1p3pp1/p6p/3pb3/3B4/P4PnP/1PP1N1P1/2RQR1K1 w - - 1 22	d4e5 e8e5 e2g3 e5e1 d1e1	1287	010b1019
U4lnF	4rr2/pQp4k/7p/8/1PP2q2/P2R4/5PPP/5RK1 b - - 0 23	f4f2 f1f2 e8e1 f2f1 e1f1	1287	0p1013161n
UFvrT	1rbqk2r/pp3ppp/4pn2/8/1bBP4/2N5/PP3PPP/R2QK1NR w KQk - 0 9	d1a4 c8d7 a4b4	1287	010s1c1o
UaXzV	r1bqkbnr/ppp3pp/4p3/4Pp2/2Bn4/2P2N2/PP1P2PP/RNBQK2R b KQkq - 0 7	d4f3 d1f3 d8h4 f3g3 h4c4	1287	0g0s101c
UcVuW	2kr3r/2pn2p1/2b1qp1p/Q3N3/3pPP2/3P3P/2PB2P1/4K2R w K - 0 22	a5a6 c6b7 a6e6	1287	0g191o
UhLwJ	8/2R5/7p/1b2kPp1/pN4P1/r6P/7K/8 w - - 0 50	c7c5 e5e4 c5b5	1287	010p0s1o
UhXAG	rr1b1k2/p1N2ppp/2np1n2/5Pq1/3N4/7P/PPP1R1P1/4R1K1 w - - 0 23	e2e8 f6e8 e1e8	1287	1315191n1o
UrzEN	5rk1/5p2/p2pr3/1pqN2p1/4P2Q/P7/1PP1R2P/6RK b - - 0 29	c5g1 h1g1 g5h4	1287	01191o
VU0MQ	1q3rk1/1bppnpbp/4pnp1/2P5/3P4/1QN1PN1P/1B2BPP1/R5K1 b - - 0 16	b7f3 b3b8 f8b8 e2f3 b8b2	1287	011019
Vb8f6	r1k5/4n1p1/p1nbp1p1/2Np2B1/3P2Q1/3B4/2PK1PP1/q7 w - - 0 25	g4e6 c8c7 e6d7 c7b6 d7b7	1287	0g0r0s1019
Wmv3U	6k1/ppb3pp/2pq1pn1/3p1Q2/3P2P1/2P3NP/PP3PK1/4N3 b - - 0 22	g6h4 g2f1 h4f5	1287	0g0p0s1o
X9yjk	5R2/pp2r1pk/2p2pbp/8/5N2/1P5P/P5PK/8 w - - 7 35	f8h8 h7h8 f4g6 h8g8 g6e7	1287	01050i0p0s101n
YeFwV	k5r1/1R6/2K1P3/2B5/2pP4/8/1p6/b7 b - - 6 63	g8c8 b7c7 c8c7 c6c7 b2b1q	1287	000g0p10111h
YqwZN	r1bq1r2/1pk1n1R1/p3p2p/n1P1P2Q/8/2N5/PPP3PP/R1B3K1 b - - 0 16	d8d4 c1e3 d4e3	1287	0g0y191o
ZalFQ	r4rk1/1p3ppp/p1nbp1b1/8/3Pp1Pq/P1N1B2P/1PPQ1P2/2KR3R w - - 1 15	e3g5 h4g5 d2g5	1287	01191o1t
ZbtUf	Q7/1Q3ppk/7p/8/4p3/3qPbP1/1R3PB1/5R1K b - - 0 36	d3f1 h1h2 f1g2	1287	1315191g1o
Zi3Vb	8/n5p1/6p1/1p3p2/2kp4/P1r1P2P/2NK2P1/1R6 w - - 1 43	b1b4 c4c5 e3d4 c5b6 d2c3	1287	0g0p10
aLPpN	2r2k1r/5ppp/p7/1Pq5/3N2n1/1B6/P3Q1PP/2R2RK1 b - - 0 24	c5d4 g1h1 c8c1 f1c1 g4f2 e2f2 d4f2	1287	0g0j0t191w
bM1J3	2b2rk1/rp3p1p/6p1/p1qB3Q/2Pp4/6P1/1P3P1P/R3R1K1 w - - 0 21	d5f7 g8f7 h5c5	1287	0g0j191o
bswZl	8/p3Qpk1/1pp3p1/6Np/5q1P/5n2/PPP2P2/1K6 w - - 0 28	g5e6 g7h7 e6f4	1287	0g0p1g1o
bylm4	8/p7/3k2K1/5P1p/2p5/8/P7/8 w - - 0 51	f5f6 c4c3 f6f7 d6e7 g6g7 e7e6 f7f8q	1287	000g0p1e1h1w
c4AtN	r4r2/1pp2p1k/5Ppp/p2n4/5P1Q/2b2R2/6PP/6K1 w - - 0 32	h4h6 h7h6 f3h3	1287	050p13151n1o
cA2Mo	2bQ4/2q3k1/3p2pp/1p1np3/4n2N/P5PP/1P4BK/6N1 w - - 2 37	d8c7 d5c7 g2e4	1287	01191o
cmFu1	5rk1/pp3ppp/3p4/P5q1/1r6/5QP1/6P1/4RRK1 w - - 0 28	f3f7 f8f7 e1e8 f7f8 f1f8	1287	0p1013161n
dGBH8	5q2/4r1k1/3Q1bp1/5p2/8/1PP5/1KB5/7R b - - 7 47	f6c3 b2c3 e7e3	1287	050g0p1n1o
dWerV	r6k/p2r3P/2nP3Q/1p2p1N1/4P3/2Pp4/P1q2P2/4K2R w K - 1 26	h6f6 d7g7 g5f7	1287	1315191o
dyaZi	r1b1k2r/ppp1q2p/2n1pp1b/3p4/3P3N/2N4P/PPP1QPP1/R3KB1R w KQkq - 1 13	e2h5 e7f7 h5h6	1287	0g0s1c1o
eEkO6	8/7k/pn4pP/1b3pB1/8/5R2/r1r3PP/4R1K1 w - - 2 38	e1e7 h7h8 g5f6 h8g8 h6h7 g8f8 h7h8q	1287	000i1317191h1w
eLnTm	8/p4p2/4kp2/4bR1P/2ppK3/8/P1P2P2/8 b - - 0 45	d4d3 f5e5 f6e5 c2d3 c4c3	1287	010p10
etIXY	8/1R4pk/1p1Bp2p/2P5/3K4/1r6/6PP/8 b - - 0 32	b6c5 d4e4 b3b7	1287	010j0p1o
fPBJ0	2r2r1k/4pp2/3p2Q1/p3b2p/Pp5q/1B6/1PP1N3/1K1R4 w - - 1 29	g6h6 h8g8 d1g1	1287	0g191o
fjuWo	rn1r2k1/p3q1p1/bp2pp1p/2ppN3/2PP4/P1PBP3/2Q2PPP/R4RK1 w - - 0 15	d3h7 g8h8 e5g6 h8h7 g6e7	1287	0g0j0k0s1019
fzF7P	r2q1rk1/pp3pbp/2Pp2p1/1N6/3pP1b1/8/PPP1NPB1/R2QK2R b KQ - 0 13	d8a5 d1d2 a5b5	1287	010s11191o
gCQWY	1r2r1k1/p1Q2pp1/3p3p/2b5/8/3BPN2/P2P1PPP/qN2K2R b K - 0 17	b8b1 d3b1 a1b1 e1e2 b1h1	1287	0g10191p
gYEjj	2r1q2r/pp1b1kpQ/4pp2/3pP3/3P4/2P1P2R/P5PP/5RK1 w - - 6 23	f1f6 f7e7 h7g7	1287	0g0i191g1o
gumev	r4r1k/1pp1n3/p2pBqp1/1P2b1Np/P1PpPp2/8/1B2QPK1/R6R w - - 4 26	h1h5 g6h5 e2h5 h8g7 h5h7	1287	0r0y101316191n1s
i5dCV	5rk1/5ppp/7q/3Q4/1R6/6P1/1pr4P/5RK1 w - - 1 27	d5f7 f8f7 b4b8 c2c8 b8c8 f7f8 f1f8	1287	0p13171n1w
iphQY	R1b4k/6pp/2Qb4/8/3P1p2/2P4P/3N1qBK/8 b - - 1 40	f4f3 c6d6 f2g2	1287	0j0k1315191o
iyiwu	r6r/2kp1Rp1/Q1p4p/1p2q3/4p3/2P1b1P1/PPB3KP/R7 w - - 2 31	f7d7 c7d7 a6b7 d7d6 a1d1 e5d5 d1d5	1287	050g191n1w
jCPs9	4r1k1/q4pp1/5b1p/p2R4/2P4P/1P2p1P1/P3QP2/4N1K1 b - - 3 26	e3f2 e2f2 e8e1	1287	000g0j0p0s1g1o
jWLH7	rn4k1/1bp1b2p/pp1ppr2/5p2/1PPP1Npq/P1B1P1P1/2Q1BP1P/R4RK1 b - - 0 18	h4h2 g1h2 f6h6 f4h5 h6h5 h2g1 h5h1	1287	050y1317191d1n1w
k3NwG	1r3k2/R6p/2p1pp1N/1pb4B/7P/3n2P1/6P1/7K w - - 0 40	a7f7 f8e8 f7b7 e8d8 b7b8	1287	010j0k0p0r10
l34oR	r4rk1/6pp/p3p1p1/P1bp4/R4B1P/4PP2/1PP3P1/5RK1 b - - 3 23	f8f4 a4f4 c5e3 g1h1 e3f4	1287	050b0g0p0s101g
lNJlB	r5k1/pp3pp1/q2rpn2/3p4/2nP4/1RP1BB2/P1P1QPPP/KR6 b - - 14 21	a6a2 a1a2 d6a6 b3a3 a6a3	1287	05101316191n
mMxH2	r1bq3r/ppp2kp1/2n2b1p/3Np3/8/3P1Q2/PPP2PPP/RNB2RK1 b - - 0 11	c6d4 f3h5 g7g6 h5d1 d8d5	1287	010h101c
mRllM	r1b2rk1/4bpp1/4pn1p/4p3/1BP1P3/1N1q4/B4PPP/R2Q1RK1 b - - 0 18	d3d1 f1d1 e7b4	1287	0g0w1c1o
mTh7m	4r2k/1p6/p3p3/3p1R2/5PK1/P1P4r/1P3P2/4R3 b - - 0 38	e6f5 g4h3 e8e1	1287	0g0j0p1m1o
mUTNv	2rqr3/5pkp/6p1/2p5/1n6/1P3R2/1R2B1PP/2N1Q1K1 b - - 0 24	d8d4 e1f2 d4b2	1287	010s191o
n30h0	7k/8/4N2p/2R3p1/6P1/2rp1P2/7P/6K1 b - - 0 32	c3c5 e6c5 d3d2 c5e4 d2d1q	1287	000g0p101h
o1v0Z	3r4/p3k2p/3p2p1/2n1p3/4Pp2/P4P2/5BPP/3R2K1 w - - 0 27	f2h4 e7e8 h4d8	1287	0g0p1o1p
oEMEK	r1b2r1k/1p1pNBbp/p5p1/8/5P2/1Q6/Pq4PP/R6K w - - 0 19	e7g6 h7g6 b3h3 g7h6 h3h6	1287	0y101316191n
ocI6l	5r2/p1b2pkn/2p3p1/4p1Pp/NPB1P1bP/P3P3/5RK1/3r1R2 w - - 5 32	f2f7 f8f7 f1f7 g7h8 f7c7	1287	010s1019
orwxA	3rk2r/ppp1bpp1/2b4p/8/2Q4B/2P5/P1P2PPP/2K3NR b k - 0 14	e7a3 c1b1 d8d1	1287	1315191f1k1o
pFHWB	6k1/5pp1/pp1P1p2/q7/8/P2QP1P1/1PK1N1n1/8 b - - 0 40	g2e1 c2d1 e1d3	1287	0g0p0s1o
pIynu	2q2rk1/5pbp/Q1R3p1/3p4/1P1p4/2P4P/3B1PP1/6K1 b - - 2 29	c8a6 c6a6 d4c3 d2c3 g7c3	1287	0g0p101112
pUFdD	r4qrk/1b3p1p/p1p2PpQ/3p2P1/P7/2N2R2/1PP3BP/7K w - - 3 27	h6h7 h8h7 f3h3 f8h6 h3h6	1287	050y101316191n
pqwn1	R7/1p3ppk/2p2q1p/p1b5/2B5/P2P3b/1PP2P2/R1B1Q1K1 b - - 0 21	f6g6 c1g5 g6g5 g1h2 g5g2	1287	0y10131619
qOXJ8	4r1k1/1p1n2Bp/2p3pP/5p2/p3N1b1/P2B4/1PP3P1/2K3n1 w - - 0 24	d3c4 e8e6 c4e6	1287	0y1315191o
qq4gX	5r2/4k2P/4p1Q1/1p1nqp2/p5R1/P1P5/1P3P2/1K6 w - - 0 39	g6g7 e5g7 g4g7 e7d6 g7g8	1287	010p1011
qtUka	r4rk1/ppq1pR2/n1p1N1p1/3pP3/3P2Pp/4P1nP/PPP2Q2/R1B3K1 b - - 2 19	f8f7 f2f7 g8f7 e6c7 a6c7	1287	0g1019
qzwMR	5rk1/1p1Q1q1p/p1p3pB/2P1b3/1P6/P6P/6P1/3R2K1 b - - 1 33	f7f2 g1h1 f2f1 d1f1 f8f1	1287	0p1013161f1n
saITo	rn2k2r/pp1b1pbp/5np1/2qp4/3N4/1QPBP3/PP4PP/RNB2RK1 w kq - 6 13	b3b7 e8g8 b7a8	1287	0g1c1o1t
tgawK	rnb2rk1/pp2q1pp/2p1p3/3pNp2/2PPn3/2NBPP2/PP4PP/R2QK2R b KQ - 0 10	e7h4 g2g3 e4g3 h2g3 h4h1	1287	01101c
u4FW7	8/5p1k/1p2p1r1/3pB3/3P2P1/2P1n3/6R1/7K w - - 3 38	g2h2 g6h6 h2h6 h7h6 e5f4 h6g7 f4e3	1287	050g0p0r0s1w
ubQT5	r3r1k1/ppp2pp1/2np2b1/6Rp/2B2B1P/P1P5/5P2/2K3R1 w - - 0 20	g5g6 g8f8 g6g7	1287	0g191g1o
vrE6r	5rk1/5ppp/8/1BQ5/1P1r1qP1/7P/5P2/4R1K1 w - - 5 30	c5f8 g8f8 e1e8	1287	050p13151d1n1o
w8Jqm	r2q4/pb2p1k1/1p1pP2r/2p2Q2/3b3R/P1N3PP/1PP4K/2R5 w - - 1 27	f5f7 g7h8 h4h6	1287	0i1315191o
xTT0r	4k2r/p2p1ppp/2p1p3/5n2/5B2/Q5P1/P1P1qPKP/1r5R w k - 0 19	h1b1 f7f6 b1b8 e8f7 b8h8	1287	010t10191p
yHVXN	r7/2p3k1/1p3N2/pq2Pp1R/3P4/PB2P3/1P3b2/1K6 w - - 3 30	h5h7 g7g6 b3f7 g6g5 h7h5	1287	0p0r0u1013161d
yQsVM	6k1/1pQ2ppp/p1n3r1/3p2q1/3P2b1/2P1P2P/PP1N4/2R1RN1K b - - 0 27	g4f3 d2f3 g5g2	1287	0d0y1315191n1o
yymK4	4r1k1/p4p2/2bp1P1p/2p5/2P2N2/4q3/2P3PP/3Q1R1K w - - 3 32	d1g4 g8h7 g4g7	1287	0p13151o
z8jpE	r2qrbk1/pbpn1p2/1p2pn1Q/6N1/3P4/2NB4/PPP3PP/4RRK1 w - - 5 15	d3h7 f6h7 h6h7	1287	0y1315191o
zwn49	r3kb1r/5ppp/p2ppq2/1pp3B1/4P1b1/P2P1N2/BPP2PK1/R2Q3R b kq - 3 15	g4f3 d1f3 f6g5	1287	010s191o
0B4YH	8/1Q5p/7k/8/1p1bpN2/6Pq/PPr2P1P/5RK1 b - - 5 29	d4f2 f1f2 c2c1 f2f1 h3f1	1288	0p1013161n
1BliX	3k4/p7/P1B5/1P2p1R1/3b3p/r6P/3K2P1/8 b - - 0 44	d4e3 d2c2 e3g5	1288	0g0p0s111o
1MPcQ	6k1/5pp1/6p1/8/2QP4/1P4qn/5N2/5K2 w - - 2 47	c4c8 g8h7 c8h3 g3h3 f2h3	1288	0g0p10
1tufP	2r3k1/1R3ppp/1p6/1r6/1P1qp3/1Q5P/1P2K1P1/5R2 w - - 0 25	b3f7 g8h8 f7f8 c8f8 f1f8	1288	0p1013161n
2MDwr	7r/1Q5p/p4pk1/4p3/P7/1B1qP1P1/3r1P1K/5R2 w - - 1 53	b7f7 g6g5 f7g7 d3g6 g7h8	1288	0g0p0s1011
2UdBs	r4rk1/1R3ppp/p1pb4/4q3/P5P1/4B3/6P1/1B2QRK1 b - - 0 21	e5h2 g1f2 d6g3 f2f3 g3e1	1288	0g10191p
37zBC	1k2r3/1pp2p2/p7/8/2P3KP/4b3/PP1N4/4R3 b - - 0 28	e8g8 g4f5 e3d2	1288	010p1o
3rS5g	r4r2/3bnk1p/3p1PpQ/3Pp3/4P3/1p1q1P2/p3N3/K1R2B1R w - - 0 28	h6g7 f7e8 g7e7	1288	1315191o
3raFN	r5r1/pb2qp1k/2p5/4p3/1P4Q1/3P3P/PP4P1/R1B4K w - - 0 30	g4h5 h7g7 h5h6	1288	0n1315191o
40DRY	2k2r2/ppp5/4pP2/8/3PpRP1/1PP1P2p/P7/2K5 b - - 0 31	h3h2 f4f1 f8f6 f1f6 h2h1q	1288	000g0i0p101h1m
55TAD	r4r2/1bp1R2R/1p2ppk1/p7/2n5/4P1P1/PPP2PP1/2K5 w - - 0 21	e7g7 g6f5 h7h5 f5e4 g7g4	1288	0p101316
5A81A	5r2/3bkp1Q/5p1p/1p2q3/2p4N/6PP/PPB2b1K/8 w - - 0 51	h4g6 e7d8 g6e5	1288	01191g1o
5IL5B	2r5/p4k2/1pnp3p/3N3R/3b2Q1/8/PPP2qPP/7K w - - 14 29	h5f5 f2f5 g4f5	1288	0g0s191o
5hHSv	8/8/6pp/8/1p2p1kP/1P2b1P1/4KP2/8 w - - 0 41	e2e3 g4h3 e3e4	1288	0g0p1o
6LXV1	3r3r/4Qppk/pq4p1/8/Ppn5/1P3P2/6PP/3R3K w - - 0 37	e7h4 h7g8 d1d8 b6d8 h4d8	1288	0g0p0s10
8I3eF	r1bq1b1r/ppp1k1pp/5n2/4p1Q1/1nB5/2N5/PPPP1PPP/R1B1K2R w KQ - 8 11	g5e5 c8e6 e5e6	1288	13151c1o1s
8V6d0	1r2r2k/5Rp1/7p/p2p1R2/1q4P1/1PQ4P/3KP3/8 b - - 4 38	e8e2 d2e2 b4c3	1288	0g0i0p1o
8XKeb	6rk/6p1/1R4Qp/p1r5/P4P2/4Pq1n/6RP/7K w - - 13 45	g6h6 g7h6 b6h6	1288	1315191n1o
8leJj	r1b1k2r/ppp1ppbp/n5p1/3N4/8/3B4/PPP2PPP/R1B1K2R w KQkq - 4 12	d3a6 b7a6 d5c7 e8d7 c7a8	1288	010b0s1019
ALyhW	7r/1P6/8/2K5/8/3R3p/5k2/8 w - - 2 52	d3h3 h8h3 b7b8q	1288	000g0i0p1h1m1o
AQNOa	2r3k1/pp3ppp/1b2pq2/4Q3/6P1/2P5/PP3P1P/3RR1K1 b - - 0 22	f6f2 g1h1 f2f3	1288	0p0y13151o
AVZcj	5k2/R4ppp/8/1P6/5r2/8/7P/7K w - - 0 39	b5b6 f4f1 h1g2 f1b1 b6b7	1288	000g0p101m
AbdPr	5k2/5p2/3p4/3B1b1P/5p1P/P7/KP6/8 b - - 0 45	f5e6 d5e6 f7e6 a2b3 f4f3	1288	080g0p10
BGgHi	8/5p1p/5Qp1/6Pk/5R2/7P/5P1K/r4q2 w - - 1 42	f4h4 h5h4 f6f4 h4h5 f4g4	1288	050p1013161n
BQVyf	2B5/r5p1/1Rnk2p1/3p2P1/p1pPpP2/P1P1P3/6K1/8 b - - 4 42	d6c7 b6b5 c7c8	1288	010p1o
BfRe2	4r1k1/pp3ppp/2p1r3/2N5/1B2nK2/4P3/PPP3PP/3R3R b - - 3 22	e6f6 f4g4 e4f2	1288	0g191o
CBdfy	2k5/pppr1ppp/8/q2P4/8/8/1PQ2PPP/4R1K1 w - - 0 23	e1e8 d7d8 c2f5 c8b8 e8d8	1288	060i0p101316
Cfueb	8/7p/1r4p1/4kp2/8/4P1P1/1RK2P1P/8 b - - 0 41	b6b2 c2b2 e5e4	1288	0g0p1m1o
ClIp7	8/pp2Qpk1/6p1/3Pn2r/q7/3B1NK1/PP6/8 w - - 0 35	f3e5 a4h4 e7h4 h5h4 g3h4	1288	0g0p10
DGLZM	r3k2r/pp1n1ppp/2pbp3/8/2PP2n1/3Q1N1q/PP3P2/RNB1RBK1 b kq - 11 16	d6h2 g1h1 g4f2	1288	0i0y1315191o
DgGG7	r1b3k1/ppp2pq1/3p4/2nr4/7Q/2P5/P1P1N1P1/1K3B1R w - - 0 24	h4d8 g7f8 h1h8 g8h8 d8f8	1288	050d0g0i0y1019
DjchX	6k1/ppp2ppp/2nr4/4pQ2/2B5/2P2K2/P5PP/8 b - - 8 28	d6f6 f3g4 f6f5	1288	010p1g1o
E4xhj	5k1r/5pp1/p3r3/4P3/2p2PQ1/5q2/PPP3RP/6RK b - - 4 28	h8h2 h1h2 e6h6 g4h3 h6h3	1288	050p1013161g1n
EOrQe	3kr3/pR4pp/3Br3/3Q1p2/3p4/3P4/PP2qPPP/5RK1 b - - 0 21	e2f1 g1f1 e6e1	1288	050y1315191n1o
G3NkO	6k1/p3R1p1/1p4Np/2p2P2/2Pr4/6K1/PP1r4/4n3 w - - 0 39	e7e8 g8f7 e8f8	1288	0p0s0u13151o
IIK1W	8/pbp5/1p2p1p1/4n1kp/2P5/P3NP2/4K2P/5R2 w - - 4 38	f3f4 g5f6 f4e5	1288	0g0k0m0p0s1o
IOqfL	1k5r/pp6/1qp5/2Np4/3P2QP/1PP1b1P1/P5r1/RK6 w - - 0 29	c5d7 b8c7 d7b6 c7b6 g4f3 g2f2 f3e3	1288	010s191w
IacOb	3r1rk1/p5pp/1b2P1q1/3P1p2/2P1n3/PP6/1B1NQ1PP/R4R1K b - - 0 22	e4g3 h2g3 g6h6 e2h5 h6h5	1288	0y101316191n
ImwFS	r1bqk2r/ppp2ppp/3p4/3nP3/1b1N4/2N5/PPPB2PP/R2QKB1R b KQkq - 0 9	d8h4 g2g3 h4d4	1288	010s1c1o
JVfsk	2r5/3Q3p/p4B1k/1pbb2p1/4q3/1P6/1P4PP/R6K w - - 0 32	d7g7 h6h5 g7g5	1288	1315191o
K1wkQ	3q4/2r1kppr/1Q1b1R1p/1BBp3P/P7/8/1PP3P1/3R2K1 b - - 0 30	d6c5 b6c5 c7c5	1288	010s191o
KLSMi	4R3/1pp2rqk/1p6/6n1/3p4/P2P3P/1PP1Q1P1/6K1 w - - 7 31	e2h5 g7h6 e8h8 h7h8 h5h6	1288	050g0i0p0r10
Kz5UJ	5r1k/3qn1bp/3p2p1/p2BprP1/1pPpQ3/1P4P1/P4PK1/R1B4R w - - 7 32	h1h7 h8h7 e4h4 g7h6 h4h6	1288	050y101316191n
LHQNI	5r2/1P4kp/6p1/3Q4/P3p1P1/7K/5r1P/8 b - - 2 39	f8f3 h3h4 f2h2 h4g5 h7h6	1288	0i0p1013161j
LheYr	4Q3/5pkp/1q1p2p1/3Bp1b1/4P3/2P5/5RPP/6K1 b - - 0 28	b6b1 f2f1 g5e3 g1h1 b1f1	1288	0i0p101316
LuWgv	8/pkp1q1rp/1p6/5p2/8/4QpP1/PPP4P/2K1R3 w - - 0 25	e3f3 c7c6 e1e7	1288	0g0j0p1o
Lx9FD	6rk/p6p/1p2QN2/3pP3/3q4/6P1/PP3P2/2R3K1 b - - 0 28	g8g3 g1f1 d4d3 f1e1 g3g1	1288	0p1013161g
NHecI	2kr4/p1pq1p1p/2p2p2/2b5/4N3/1P2P2P/P1P2PQ1/2KR3R b - - 3 18	c5a3 c1b1 d7d1 h1d1 d8d1	1288	0i101316191f1k
NtUwv	1k3b1r/pp4p1/1p1p3p/n7/P1q1P1P1/3QB3/1P4PP/5RK1 w - - 2 21	f1f8 h8f8 d3d6 b8c8 d6f8	1288	050g0s1019
QWPsq	r4r2/2q3kp/n2pB1p1/2pPb3/1pP2Q2/pP4P1/P3N2P/1bB2RK1 w - - 4 29	f4h6 g7h8 f1f8 a8f8 h6f8	1288	0i0j10131619
QlDJe	8/8/2k2N1p/p1b2P2/5K2/1P1r2RP/1P6/8 b - - 1 39	c5d6 f4e4 d3g3	1288	0g0i0p1o
R3owQ	r1b4r/pp2kp1p/4p1p1/1B1pn2Q/NP3q2/2P5/P4PPP/R3R1K1 w - - 0 17	h5e5 f4e5 e1e5	1288	01191o
R7q4W	r2q1rk1/p1pbbppp/1pnp1n2/8/2BP4/1QP2N2/PP3PPP/RNB2RK1 b - - 0 11	c6a5 b3d1 a5c4	1288	011c1o
SD4hO	r2q1rk1/1bpn4/p3p2p/1pP2pp1/4n3/P2BPNB1/1PQ2PPP/R3K2R w KQ - 1 16	c5c6 b7c6 c2c6	1288	0g0s11191o
SZ9r5	2r3r1/5p1k/p4P1p/1pp1Q3/8/P2P3P/R1Pn4/7K b - - 0 30	g8g1 h1g1 d2f3 g1f2 f3e5	1288	050g0p0r0s101n
T96Yh	r4rk1/ppp2p2/1b3Q1p/4R3/8/7P/Pq3PP1/RN4K1 w - - 0 19	e5g5 h6g5 f6b2	1288	010j191o
TGPLi	4q1k1/r1p4p/p4bp1/1p1P1p2/6Q1/8/PP1B1PPP/4R1K1 b - - 1 22	e8e1 d2e1 f5g4	1288	0g0p0y1o
U9cO0	1rB1b1k1/5ppp/1b2pn2/p2pn3/P2P4/6PP/5P2/Q2RR1K1 b - - 0 34	e5f3 g1f1 f3e1 d1e1 b8c8	1288	010s1019
UaGpl	2r3k1/1Q4p1/1p5p/3p1b2/1q2p3/8/5PPP/4RNK1 w - - 0 29	b7d5 g8h8 d5f5 b4e1 f5c8	1288	010p0s10
UixzK	r2q2k1/p2r1pp1/1p3n1p/8/8/2RB3P/PP1Q1PP1/5RK1 b - - 3 21	f6e4 d2c2 e4c3	1288	01191o
UuvtL	r7/p4pQp/6p1/1NpP1b1k/5B2/1K1B4/P3rP1P/4q2R b - - 7 28	e1b4	1288	1314191b
V4qER	5r2/ppp3k1/2p5/2b1prP1/8/3P2P1/PPP1N1K1/R4R2 b - - 0 27	f5f2 f1f2 f8f2 g2h3 f2e2	1288	0e0g0p0s10
VGEf6	rnbqk2r/pp1nb1pp/2p1p3/3pNpP1/2PP4/4P3/PP3P1P/RNBQKB1R w KQkq - 1 8	d1h5 g7g6 e5g6 h7g6 h5h8	1288	01101c
VduKe	3r2k1/1p1r3p/p4RP1/q1p1p2Q/2P1P3/2N2P2/PP6/2K2B2 b - - 0 27	d7d1 c3d1 a5d2 c1b1 d2d1	1288	0i101316191k1n
Vpr8r	r2q1rk1/1p3ppp/2p1pn2/p1n5/1P6/P2B2QP/2P2PP1/3RR1K1 w - - 0 20	d3h7 f6h7 d1d8 f8d8 b4c5	1288	010j101119
VsfXd	3r2k1/8/1PR4p/P5p1/3B1pn1/3K4/5PPP/8 b - - 0 35	g4e5 d3e4 e5c6	1288	010p1g1o
XuAKz	5rk1/ppr1pp1p/3p2p1/q5P1/1Q3PbP/2P1B3/P1PK4/1R3B1R b - - 4 22	a5d5 f1d3 d5g2 e3f2 g2f2	1288	010s1019
YGh3C	3r1rk1/ppp1bppn/4bq1p/4p3/1nPpP3/3P1NNP/P1B1QPP1/R1B2RK1 w - - 0 16	g3h5 f6g6 f3e5 g6h5 e2h5	1288	0110191t
ZZPvs	6k1/p1B2pp1/7p/3P4/3P4/1r6/5PPP/1r3RK1 w - - 1 28	d5d6 b1f1 g1f1 b3d3 d6d7	1288	00010p10
ZyUeU	8/5p2/4p3/3p1p2/5P1P/4P3/1K4k1/8 w - - 0 53	h4h5 d5d4 e3d4	1288	0g0p1e1l1o
a0X7b	r2qr1k1/ppp2p2/3p4/6Q1/7P/8/PbPN1PP1/R4K1R b - - 1 17	d8g5 h4g5 b2a1	1288	0g191o
bUTXv	r2qk2r/1p1b1ppp/p1n1p3/1B1pPn2/1b1P4/2N2N2/2PB1PPP/RQ3RK1 w kq - 0 13	b5c6 d7c6 b1b4	1288	010b1c1o
bddFe	6k1/5p1p/4q1p1/8/3R3P/2r2PP1/5QK1/8 w - - 1 51	d4d8 g8g7 f2d4 e6f6 d8g8 g7g8 d4f6	1288	010i0p0s1w
bfltd	r1bq1rk1/pp3ppp/1b2p3/3pn1N1/1P5n/2PB4/P4PPP/RNBQ1RK1 w - - 0 12	d3h7 g8h8 d1h5	1288	0g0y1c1o
bvDAG	1k6/p3R3/Ppb5/5p2/6p1/1PB5/K1P5/3r4 w - - 1 36	c3e5 b8c8 e7c7 c8d8 c7c6	1288	010p0s10
ci9m3	rn1qkb1r/pp1bpp1p/6p1/1BPp4/3P4/8/PP2QPPP/R1B1K1NR b KQkq - 3 10	d8a5 c1d2 a5b5 e2b5 d7b5	1288	0g10111c
dJYjN	4r2k/4r3/p1n4p/5P2/1P2B3/4Q1P1/P3R1KP/q7 w - - 0 40	e3h6 e7h7 h6c6	1288	0g0s191o
dhksU	8/3K4/2p5/1pPpk3/pP6/P7/8/8 w - - 2 55	d7c6 d5d4 c6b5 d4d3 c5c6 d3d2 c6c7 d2d1q c7c8q	1288	000g0p1e1h1w
e6F4l	5r2/1b6/p3pq1k/1pn1Qp2/8/1P6/P4P2/1K4R1 w - - 0 34	e5h2 f6h4 h2h4	1288	0p13151o
f1Rty	r4rk1/2p2ppp/p1n1p3/1p1q4/3PN1Q1/2P1P1P1/PP4PP/R3K2R b KQ - 2 15	f7f5 e4f6 f8f6	1288	010s191o
g5HGc	8/R6p/6p1/8/P4k2/2r2P1P/6P1/7K b - - 0 34	f4g3 a7d7 c3c1 d7d1 c1d1	1288	0p1013161m
gLwsU	rn3rk1/ppp2ppp/3b4/3p4/3P2n1/P1N2N1q/1PPB1P2/R2QRBK1 b - - 3 13	d6h2 g1h1 g4f2	1288	0i0y13151c1o
gaSFs	1rb5/p1p1rQpk/2q4p/4pp2/1b6/2NP4/PPPB1P1P/2KR2R1 w - - 10 19	g1g7 h7h8 g7h7	1288	1315191o
hMW9K	r3k2r/p3Ppbp/3q1np1/3N4/3p4/5Q2/PPP2PPP/R4RK1 w kq - 5 17	d5f6 g7f6 f3a8	1288	0g0j191o
iWhGx	8/7p/3bpk2/3p1p2/3P4/p3P2P/R4p2/3Rq1QK b - - 0 40	f2g1q	1288	000p13141b1h
jTHoD	r5rk/1p2Bp1p/5P1Q/p2p1Rp1/3P2P1/P7/1P2q3/6KR b - - 5 34	e2g4 g1h2 g4f5	1288	0g0s191o
k7mAe	4r2k/p1q1b1pp/1p2QP2/4P3/P7/6BP/6P1/5RK1 b - - 0 27	e7c5 g1h2 e8e6	1288	0g0j0p1o
krIds	5r1k/1pp2p1n/1p5Q/3nN3/3P4/7P/1q3PP1/4R1K1 w - - 4 24	e5f7 f8f7 e1e8 f7f8 e8f8	1288	0d0r0x101316191g1n
kzlKu	2rr2k1/pp1q2pp/2n2p2/3Npn2/P7/bP1R4/2P2PPP/R2Q2K1 w - - 0 18	d5f6 g7f6 d3d7	1288	010j0y191o
lnZQp	5rk1/4R2p/p2p2p1/2pP3q/P2b1r2/3Q1PN1/2P3PP/5R1K b - - 4 25	h5h2 h1h2 f4h4	1288	050y1315191f1n1o
lr6Tz	R7/1R2b3/5kpr/4pp2/2r5/5B1P/6P1/7K w - - 2 41	a8a6 f6g5 b7e7	1288	010i0p1o
mjfB2	5r1k/R3n2p/1p3q2/6Q1/8/7P/2P2PP1/6K1 w - - 1 31	g5f6 f8f6 a7e7	1288	0g0p1o
n7b0j	5rk1/4Qp1p/3R2p1/2p5/2Pb4/5B2/r4RPP/6K1 b - - 0 25	a2a1 f3d1 a1d1 e7e1 d1e1	1288	101316191g
nDZ1E	1r3rk1/p1p3pp/2Q1bq2/3p4/3P4/4BpP1/PP3P1P/1K1R3R b - - 2 18	e6f5 b1a1 f6c6	1288	0g0j11191o
nV9xB	4r2k/p5pp/2Q2p2/3n4/4q3/5NP1/P1P2K1P/2R5 w - - 1 27	c1e1 e4e1 f3e1	1288	0g0p1o
oFbkO	5rk1/2R1Qp2/p4Pp1/3p3p/4p3/3q3P/Pr4P1/5R1K w - - 8 36	e7f8 g8f8 c7c8	1288	050p13151n1o
oOzXM	4rk2/ppp5/8/n6r/3PQ2p/2P1P3/P5PP/5K2 w - - 1 28	e4f3 f8e7 f3h5	1288	0g0p0s1o
oXMoO	8/R6p/3N1pkP/1p2p1p1/2b1P1P1/4KP2/1r6/8 w - - 4 32	a7g7 g6h6 d6f5	1288	0f0p1113151o
oeXYW	3rk2r/5ppp/1N1Pp3/pP1b2q1/P7/5P2/6PP/2RQ1RK1 b k - 0 24	g5e3 g1h1 e3b6	1288	010s191o
pGgqR	r5k1/ppp2pp1/2n3rp/2Ppp3/8/2PQB2q/P1P2PP1/1R3RK1 w - - 0 18	d3g6 f7g6 g2h3	1288	01191o
pTUvs	1k2rr2/1p2q3/p1P5/P7/3P1p2/2Q1p2p/4R1PP/1R4K1 w - - 0 34	b1b7 e7b7 c6b7	1288	000g0p0s1o
phiwn	6rk/pp5n/2pb1nPQ/3p4/3P1P2/2Pqr3/PP4RP/R4N1K w - - 0 30	g6g7 g8g7 h6g7	1288	000y1315191o
qZPVD	3r2k1/6p1/p4p1p/4p3/1B2Q3/1P5P/P1q3r1/1R2R2K b - - 1 33	g2h2 h1g1 c2f2	1288	1315191o
qmZ9C	5rk1/p5bp/1n3qp1/2p5/2P1Q3/1P1B4/P5PP/1RB3K1 b - - 0 21	f6f2 g1h1 f2f1 d3f1 f8f1	1288	06101316191n
rOBlq	8/5Pkp/1b6/4p3/p3Pn2/P3q1B1/1PB4K/5Q2 b - - 4 43	e3d2 h2h1 d2c2	1288	0g0p0s1o
rYVbi	3q2k1/1b4pp/p5n1/1p3Q2/1P2p3/P6P/2P3P1/5RK1 w - - 1 29	f5f7 g8h8 f7b7	1288	0g0p0s111o
rkFT2	Q7/ppp1kp2/3p4/3P4/4P1qr/8/PP1B1P1P/R4R1K b - - 4 20	g4f3 h1g1 h4g4	1288	0p13151o
s1Mym	2k3r1/pp4qp/2pQ1p1r/8/2P5/1PP4P/P4P1K/R5R1 b - - 0 24	h6h3 h2h3 g7h6	1288	050p13151n1o
sPPJW	3q3k/5ppp/2p2n2/p7/4P3/1PQ1B3/P1P3PP/6K1 b - - 0 24	d8d1 g1f2 f6e4	1288	0p13151o
sSpcM	2k5/1p2P2q/p1n2p2/4p1p1/2Q3P1/3r4/P4K2/R4R2 b - - 0 33	h7h2 f2e1 h2d2	1288	0p13151o
sfXLr	r3k2r/p1p2pp1/1p2p3/4q3/2P1b3/1P1QP1Pp/P3B2P/3R1RK1 w kq - 0 19	d3d7 e8f8 d7f7	1288	1315191o
sjo6D	7r/ppp2p2/2np1Pk1/6Pr/3p2K1/1BP5/PP6/6R1 w - - 1 31	b3c2 d4d3 c2d3	1288	0p13151o
t6Aey	5rk1/1Q3p1p/p4pp1/3rq3/8/1P2P1P1/P4PKP/2RR4 b - - 0 22	e5e4 f2f3 d5d2 d1d2 e4b7	1288	0e0g0j0p1011
tTni7	3r1r1k/6pp/3p1p2/pp1B1P1Q/2pqPPR1/7P/PP5K/8 w - - 0 32	h5h7 h8h7 g4h4	1288	050p0y13151f1n1o
tdZuA	r2qk2r/pp3ppp/5n2/3p1b2/3n4/6P1/PP1N1PP1/1BRQK1NR w Kkq - 2 13	d1a4 d8d7 a4d4	1288	010s1c1o
ugUOu	6k1/1Q4pp/3P1p2/5q2/2P5/7P/P2rr1P1/2R3RK b - - 0 35	f5h3 g2h3 e2h2	1288	0p13151n1o
ukAZJ	8/3p4/1rk1p3/4Kp2/5P1p/1R5P/6P1/8 w - - 0 40	b3b6 c6b6 e5d6 b6a5 d6d7	1288	0g0p101m
v6xFX	r4rk1/2q1bpp1/2p1p2p/2PpP3/3P4/3bP3/3BB1PP/R2Q1RK1 b - - 3 19	a8a1 d1a1 d3e2	1288	0g191o
vafGu	r3k2r/4bppp/p1p5/2p3N1/P3NPb1/3P4/1PP2qPP/R1BQ3K w kq - 4 17	e4f2 g4d1 f2d1	1288	01191o
veGSe	7Q/pp5r/1b2p1pk/4B1p1/3P2b1/3q4/PP5P/R5K1 w - - 10 34	e5g7 h6h5 h8h7	1288	0i1315191o
vpB40	6k1/3R1p2/1r4p1/p3Q2p/4p3/1P3qP1/P4P1P/6K1 w - - 3 34	d7d8 g8h7 d8h8	1288	0p13151o
w7RHA	4r1k1/5pp1/p3q2p/3N4/2P5/6QP/P4PPK/8 w - - 5 33	d5c7 e6c6 c7e8	1288	010p0s1o
wF2oP	4r1rk/4Rp1p/p2p1n1Q/1p1q1p2/1P5P/6PK/4nP2/5B2 w - - 0 31	h6f6 g8g7 e7e8	1288	0i0t0y1315191o
xad5K	r2q1rk1/p5b1/4p1Rp/1p2N3/2pPb3/2P5/PP3PPP/R2Q2K1 w - - 3 20	g6g7 g8g7 d1g4 d8g5 g4e4	1288	01050r0s10191n
xau1p	8/7p/1p3p1k/p2P1np1/8/5QqP/PP1B4/6K1 w - - 3 37	f3g3 f5g3 d5d6	1288	010p1o
yhnfx	2r1k2r/pp3ppp/1q1bp3/3pN2n/3P1B2/2P5/PPQN1PPP/5RK1 w k - 3 16	c2a4 c8c6 e5c6 b6c6 a4c6 b7c6 f4d6	1288	0g191w
yxmzK	4r2k/6p1/5p1p/7P/2PQ1P2/1Pq2NP1/P5K1/8 b - - 4 44	e8e2 g2h3 c3f3 d4d8 h8h7	1288	0g0i0p1011
zHE3B	r3kbnr/ppp2ppp/2n5/8/3qN3/8/PPP1QPPP/R1B1K2R w KQkq - 0 9	e4f6 e8d8 e2e8	1288	0k0m13151c1o
zh5h7	8/ppp3pp/2k5/8/8/1b3N1P/1P1R1PPK/1r6 w - - 0 28	f3d4 c6c5 d4b3 c5b4 b3d4	1288	010h0p0r0s10
zui0h	r3r2k/pp5p/6p1/8/5P2/1P1Q4/q5KP/2B2R2 w - - 0 27	f1f2 a2a1 c1b2 a1b2 f2b2	1288	010h0p0s10
zygUO	8/pb4k1/1p5p/2p1Npp1/3p1q2/2PB2bP/PP4P1/R2Q3K b - - 0 26	b7g2 h1g2 f4f2 g2h1 f2h2	1288	050y101316191n
0q3gf	7k/5Qp1/5p2/p6K/2Pr4/PP6/4R1PP/5r2 b - - 4 33	f1f5 h5g6 f5g5	1289	0p13151j1o
1MzkF	r1b1k1nr/p1pp1ppp/2p5/4q3/2B5/2N5/PPP3PP/R1BQ2KR b kq - 1 11	e5c5 g1f1 c5c4	1289	010s1c1o
1fWna	8/8/2K1k2p/p5p1/1P3pP1/2P2P2/7P/8 b - - 0 41	a5a4 b4b5 a4a3 b5b6 a3a2 b6b7 a2a1q b7b8q a1c3	1289	000g0p1e1h1l1w
2ixW3	3R4/8/1k1B1p2/pB6/P5nP/6P1/1Pr2n2/5RK1 b - - 8 40	f2h3 g1h1 c2h2	1289	1315191o1x
318ci	r3r1k1/7p/2p1p1p1/Pp1p2R1/1P1P1n1n/2B2Q1P/2B2PP1/R5K1 b - - 0 25	h4f3 g2f3 f4h3 g1g2 h3g5	1289	010s1019
34oxc	Q2q3r/2Nb1k2/4pp1p/p5p1/1b1P4/6P1/PP2NPP1/2KR1B1R b - - 0 18	d8c7 c1b1 h8a8	1289	0g0j0t191o
3Y46A	r2r2k1/p2q1p1p/1p2p1p1/4P3/2Q2nP1/8/PP2NP1P/2RR2K1 b - - 0 21	d7d1 c1d1 d8d1	1289	0y1315191o
42Hgf	8/8/8/pK2k3/8/P7/8/8 w - - 2 53	b5a5 e5d6 a5b6	1289	0g0h0p111e1o
4jkUj	3r2k1/3bR3/1pp2q1p/p2p1Pp1/6P1/P2P3P/1P2Q2N/n5K1 w - - 2 29	e7d7 d8d7 e2e8 g8g7 e8d7	1289	01050d0r0s10191n
5Lw6U	r1b4k/pp3Rb1/3q1Npn/2p5/2P1P3/3P4/PP1Q2BP/6K1 w - - 2 26	d2h6 g7h6 f7h7	1289	030y1315191n1o
5NVVI	4rk2/2R2r1b/3ppp2/3q3p/3P4/1P2P1QP/P4PP1/2R3K1 w - - 6 27	c7f7 f8f7 c1c7 e8e7 c7e7 f7e7 g3g7	1289	050g0r191w
6ESO2	r3kbnr/pp2pppp/1q6/3pP3/3n2b1/3B1N2/PP1N1PPP/R1BQK2R w KQkq - 0 9	d1a4 g4d7 a4d4 b6d4 f3d4	1289	0g101c
6SlJP	1k1r4/1b4Qp/1pn5/1NbppP2/8/3Bn3/PPP3PP/R4RK1 b - - 0 24	e3f5 g1h1 f5g7	1289	010j0k191o
6jZZd	7R/1p1r1k2/p2p2r1/5pb1/5Bp1/8/PPP2P2/4R1K1 w - - 2 31	h8h7 g6g7 h7g7 f7g7 f4g5	1289	0g0p0r10
7avrL	3q1rk1/4pp1p/Q5p1/1pP5/8/1Pb1PNB1/Pn2KPPP/7R b - - 0 22	d8d3	1289	111314191b
8yocW	1krq1b1r/pp4p1/2n1Qp1p/3Bp3/1PP5/P2P3P/5PP1/R1B1K2R b KQ - 0 18	c6d4 e6g4 d4c2	1289	01191o
9jxbH	5r1k/2P3p1/pR6/8/PP6/3b4/1K5p/8 w - - 0 45	b6b8 h2h1q b8f8 h8h7 c7c8q	1289	000g0p101h
9nS18	4r1k1/7p/p1p2Rp1/PpBpP3/1P1Pp1bP/4P1P1/6QK/3q4 b - - 2 37	g4f3 f6f3 e4f3	1289	0g0p1o
AFJ4W	r1b2knr/ppp1qppp/4p3/1B6/4N3/P2Q1P2/1P4PP/3RK1bR w K - 0 12	d3d8 e7d8 d1d8 f8e7 d8e8	1289	101316191d
AFT93	3rq2k/pp3p1p/2p3p1/6P1/7R/P3P3/1PP2P2/2K4R w - - 0 27	h4h7 h8g8 h7h8 g8g7 h1h7	1289	090p1013161j
AGM47	2r3k1/1Q1nqppp/4p3/3p4/4bP2/P3B3/1PP3PP/2KR2R1 b - - 2 20	c8c2 c1b1 c2c7 b1a1 c7b7	1289	0g0j0k1019
AIYEv	r7/pp3kpp/2p5/3p4/5q2/3QR2b/PPP4P/7K w - - 4 24	e3f3 f4f3 d3f3	1289	010p0s1g1o
BTW5G	R1r4k/6pp/5p2/3Q1P2/8/4p2P/2q3PK/8 w - - 2 38	d5d8 c8d8 a8d8	1289	060p13151n1o1y
BseOw	1r1q4/p7/4Q3/2kB1n2/1p1p4/3P2P1/1PP4P/1R5K b - - 0 30	d8d5 e6d5 c5d5	1289	010p1o
DW5py	8/8/2R5/1P4p1/3bP1BP/4k1K1/1r6/8 b - - 0 57	d4e5 g3h3 b2h2	1289	0p13151d1o
Dcjt1	3q2k1/p4ppp/b1p1pn2/2P5/1P6/5N2/P3QPPP/1B4K1 w - - 1 24	e2a6 d8d1 a6f1	1289	0g0p0t1o
DoknI	2b4r/4n1kB/p7/2Np4/5PpR/P2QP1P1/1q6/4K3 b - - 1 35	b2c1 e1f2 c1c5	1289	010s191o
EGGCu	3r4/pp4pk/2p2P1p/3r4/5R1P/5P2/PP6/2K1R3 w - - 1 30	f6f7 d5c5 c1b1 d8f8 e1e8	1289	000g0p101m
EGJAH	1r4k1/p3q1pp/4pp2/1p1pNb2/3P1Q2/P4P2/1Pr3PP/R4RK1 w - - 0 20	e5c6 c2c6 f4b8	1289	010j191o
EgLle	8/p4P2/1b6/7R/8/P3pk2/1P6/5K2 b - - 0 53	e3e2 f1e1 b6f2 e1d2 e2e1q	1289	000g0p0r101h
EySdH	r2qr3/p1p3pp/1p1b1k2/1Q3b2/2Pp3P/8/PP3PP1/R1B1R1K1 w - - 1 19	c1g5 f6g6 g5d8	1289	0g191o1p
FMVdq	r6k/1p4pb/1p3rp1/4p3/p2qP1P1/3P3Q/B4PK1/R4R2 w - - 2 27	h3h7 h8h7 f1h1	1289	050y1315191f1n1o
FaDM0	2bq3r/3n1pkn/p2p2p1/4p1QP/3PP1P1/P2P4/4NN2/1R4K1 w - - 2 27	h5h6 g7g8 g5d8	1289	0g0v191o
FeXN1	2kr4/ppp1bp1p/8/2p1PN2/1P3Pr1/2Pn4/P6P/1RB2R1K b - - 1 20	d3f2 f1f2 d8d1 f2f1 d1f1	1289	0d0y101316191n
GI9XG	4r3/2R2q1k/pQ1Rb1pp/4p3/P6b/8/1P3PPP/6K1 b - - 5 31	h4f2 b6f2 f7c7	1289	0g0i0s191o
GclVU	r4rk1/ppp2pb1/2n4p/4pbp1/3Pq3/2PBPNB1/PP1Q2PP/3RK2R b K - 1 14	e4d3 d2d3 f5d3 d1d3 e5e4	1289	011019
HSalw	4k3/p1r2pp1/1p2p1q1/1P1pP1Q1/1P1P4/2P4R/6K1/8 w - - 18 61	h3h8 e8d7 h8d8	1289	0p13151o
IDx1a	8/8/8/1R2K3/3r3P/1Pb2kP1/8/8 b - - 2 54	d4b4 e5d5 b4b5	1289	0g0j0k0p1o
IESpX	1k1r1b1r/p1p2ppp/Bp2qn2/P3p3/4P3/2NP1R2/1PP2QPP/R5K1 b - - 0 15	f8c5 f2c5 b6c5	1289	0g191g1o
IXkYt	7k/p6p/bp1b2qB/3Q4/3P1P2/4rN2/PP3KP1/R6R b - - 3 29	e3e2 f2g1 g6g2	1289	1315191o
IrCom	r2r3k/p5b1/Ppp4p/4pqN1/5p2/2P2N1b/1PQ2PP1/R3R1K1 w - - 2 27	c2f5 h3f5 g5f7	1289	0g0y11191o
JCQKG	r1b1k2r/4qppp/p7/8/P2pn3/5N2/1PQ2PPP/3R1RK1 w kq - 0 22	c2c6 e8f8 c6a8 e7b7 a8b7	1289	0g0s10191g
LqwMI	4r1k1/p1q2p1p/2pr1Qp1/8/2B1p3/1P2P2P/P4PP1/2R3K1 w - - 4 28	c4f7 c7f7 f6d6	1289	010i0p0s1o
M4iDq	8/8/4k3/5R2/P3pK2/1P5r/8/8 b - - 0 50	h3f3 f4e4 f3f5	1289	0g0p1m1o
NO0kY	r2qk2r/pp3ppp/2p5/2B1pb2/8/8/P1P1BPPP/R2QK2R b KQkq - 1 14	d8a5 d1d2 a5c5	1289	010s191o
O2338	2r5/1b3pQp/2qbk3/1p2pN2/3p3P/p1r3P1/2P1RP2/R5K1 w - - 2 33	f5d4 e6d5 d4c6	1289	01191g1o
OiHhn	2kr1b1r/ppp1p1p1/4q3/8/3nn1pP/3B4/PPPBQ1P1/RN2K2R w KQ - 2 15	e2e4 e6e4 d3e4	1289	011c1o
PHsAV	r3nrk1/p1p1bp2/1pq4Q/n3pN2/2PpP3/3P1N1P/PP3PP1/R4RK1 w - - 3 20	f5e7	1289	0t0y1314191b
PeA96	7k/2rR2p1/p3Br1p/1pq2p1P/5P2/6Q1/PP4P1/7K w - - 2 31	g3g7	1289	0p13141b
PoryA	5r1k/1b6/p1q1p3/1p2R1Nn/3p4/3B4/PP2K2P/6R1 w - - 2 39	g5f7 f8f7 e5h5 f7h7 h5h7	1289	0j0r101316191d
QLwcQ	2Q2b1r/kp1B1p1p/p5p1/2p5/8/8/PPPK1nPP/8 b - - 1 25	f8h6 d2e1 h8c8	1289	010j0p1o
RQpTD	8/4b3/2P3pk/p2Pp2p/Ppq1P3/1P5P/6PK/8 w - - 0 46	b3c4 b4b3 c6c7 b3b2 c7c8q b2b1q c8h8 h6g5 h8e5	1289	000g0p1h1w
RYiLP	r2qk2r/pbp2ppp/1p2pn2/8/1bP5/4BPP1/P4PBP/RN1Q1RK1 w kq - 2 11	d1a4 d8d7 a4b4	1289	010s191o
RkMOs	8/3k1P2/3P4/K5P1/p7/P7/5r2/8 w - - 1 58	g5g6 d7d6 g6g7 f2f7 g7g8q	1289	000g0p101h1m
SM5BA	3k2rr/1Q1N1p2/4p3/3p4/3Pn2p/P3P3/5pPP/2R2R1K b - - 1 32	e4g3 h2g3 h4g3	1289	0j0k1315191n1o
Sw3mz	r3kb1r/1p4pp/p7/B1pqpp2/8/3B1P2/PPP4P/R2Q1n1K w kq - 0 20	d3b5 a6b5 d1d5	1289	0g0j191o
T7yp7	5rk1/3q1p2/p4p2/1p1P1N2/2r5/3n3R/PP6/3R3K w - - 0 31	d1g1 c4g4 g1g4	1289	1315191o
TFe40	2r2r1k/pb5B/1p2pq1Q/2pn4/3P4/P7/1P3PPP/R4RK1 w - - 4 21	h7g6 h8g8 h6h7	1289	0j0k0y1315191o
VYoJY	3r3k/6p1/p4b2/8/P1B3Qp/3N4/1P1qr3/1KR5 w - - 4 43	g4h5 d2h6 h5e2	1289	0g0i191o
WQ64L	6k1/1R3pp1/1p5p/5q2/3P4/1Q2P2P/P1r2PP1/6K1 b - - 3 30	f5f2 g1h2 f2g2	1289	0p13151o
WmRyQ	r3r1k1/pp1n1ppp/5n2/2p4q/P5b1/3P1NP1/PB1P1PBP/2RQR1K1 b - - 0 16	e8e1 d1e1 g4f3 g2f3 h5f3	1289	010y1019
XFKFP	4k2r/1p1b1p2/pq2pp2/3n4/3PNb1p/5N1P/PP3PP1/1BQ1R1K1 w k - 1 21	e4f6 d5f6 c1f4	1289	0g0i11191o
XICT1	8/pp4k1/8/2Pp1pPK/4pP2/4P3/PP6/8 b - - 0 38	d5d4 e3d4 e4e3	1289	0g0p1e1o
XQwlL	7r/pkp1N2p/6p1/5p1b/2B1PPq1/3P4/P6K/5R2 w - - 0 25	f1b1 b7a8 c4d5 c7c6 d5c6	1289	0p101316
Xe6pr	2r3k1/3rbppp/pq2p3/2P1P3/P3B3/5P2/4Q1PP/2R3K1 w - - 0 29	c5b6 c8c1 g1f2 e7h4 g2g3	1289	011019
Y54hP	5r1k/3R2p1/p6p/4p3/8/P5Q1/1Pq2P1P/6K1 b - - 3 31	c2c1 g1g2 c1c6 f2f3 c6d7	1289	0g0p0s10
YGMvd	r1bq2k1/pp3ppp/2pb1R2/6N1/2P5/1P2r1P1/P1QNP1BP/R5K1 b - - 0 15	d8f6 c2h7 g8f8 a1f1 f6g5	1289	0g0s1019
ZUOUQ	4r1k1/r2qbpp1/p1p2n1p/2Bp4/6P1/1NPP1P2/PP2Q2P/R3R1K1 b - - 0 22	e7c5 b3c5 e8e2 c5d7 e2e1	1289	010j0y1019
ZpWIu	1n6/6p1/3P1p1p/P7/2k5/2p1P2P/8/2K5 w - - 2 53	a5a6 c4d5 a6a7	1289	00010p0z1o
a4V2U	2rqk2r/pp2b1pp/2n1p2n/1B2P3/4Q2N/P5P1/1P3P1P/R1B1K2R b KQk - 0 15	d8a5 e1f1 a5b5	1289	010s191o
aUNLI	3r2k1/1p1P2pp/pn6/3r1p2/4QP2/7P/P5PK/8 w - - 0 32	e4e8 d8e8 d7e8q	1289	000p13151h1o
aZ9LM	5k2/5p2/1p1p2pP/p1p3K1/2P1r1P1/1P3R2/8/8 w - - 1 46	h6h7 f8g7 f3f7 g7f7 h7h8q	1289	000g0i0p101h1m
acP3L	6r1/1Qpk4/1p1p1q2/1P1n4/3r1p1p/7P/P4PP1/4R1RK w - - 1 32	b7c6 d7d8 c6a8	1289	0g191o
b077x	r1b1k2r/ppp2ppp/2N2n2/1B6/3qP3/6P1/PPPN1b1P/R1BQ1K1R b kq - 0 10	c8h3 f1e2 d4e3	1289	0q13151c1o
b0SMO	rn2kb1r/pbppnqpp/1p6/3N4/8/1Q6/PB3PPP/RN2R1K1 w kq - 4 13	d5c7 e8d8 b3f7	1289	0g0i0j0s1c1o
b5HOk	2r5/3RPkp1/5p1p/2p5/4P3/7P/6P1/7K w - - 1 40	d7d8 f7e7 d8c8	1289	0g0p111m1o
cEV1k	r4rk1/p1qnpp1p/3p2p1/1p1P4/3PP3/2p5/PP1NQPPP/R1R3K1 b - - 1 15	c3b2 c1c7 b2a1q	1289	000g0s191h1o
eJeDD	2r2r2/1p2nkpp/pb1npp2/2Np4/PP1P4/2B1PN2/5PPP/R1R3K1 w - - 7 19	c5d7 b6d8 d7f8	1289	010s191o
eR2dH	2r2r1k/pp1b1P1B/4p3/3p2N1/5P2/3Q2P1/3nKP2/7q w - - 0 26	d3d4 e6e5 d4e5	1289	0s1315191o
ecBFA	r3k2r/p3bppp/b3p2n/4P3/8/2qpRN2/PN3PPP/R1BQ2K1 w kq - 0 18	d1a4 e8f8 a4a6	1289	0g0s191o
f9b16	R6R/4rp1p/2p1r1pk/2Pp3q/6n1/3BPQP1/5PP1/5K2 w - - 10 32	f3f4 h5g5 h8h7 h6h7 f4g5	1289	0g0i1019
fo3Cg	rnbq1rk1/pp3ppp/4p3/3pP3/2p1n3/2P1PP2/PPB3PP/RN1QK1NR b KQ - 1 10	d8h4 g2g3 e4g3 h2g3 h4h1	1289	0g101c1g1t
g7qy8	r1b1N2k/pp2bQ1p/2n1p1p1/3p4/3q4/8/PPn3PP/5R1K w - - 6 26	f7f8 e7f8 f1f8	1289	0y1315191n1o
gLyn4	rnbqk1nr/ppp3pp/3bpp2/4N3/3PpB2/8/PPP2PPP/RN1QKB1R w KQkq - 0 6	d1h5 g7g6 e5g6 h7g6 h5h8	1289	01101c1g1t
gPvzT	2r1r1k1/p1RRn2p/1p4p1/4Pp2/PP2pPP1/3bB2P/6B1/6K1 b - - 6 27	c8c7 d7c7 e7d5 c7a7 d5e3	1289	0g0s1019
gYDVm	r6r/2qn1k1p/p1pBRp2/3p3b/3P4/2N5/PPP2PPP/R5K1 w - - 0 18	e6e7 f7f8 e7d7 c7d6 d7d6	1289	0g0j0k1019
hXoem	2r4k/7r/p3p3/1p3b1P/q7/6QR/1K6/6R1 w - - 8 45	g3e5 h7g7 e5g7	1289	1315191o
he050	r2qk2r/p2nbppp/8/1B1p3b/3P1B2/5N1P/PPP3P1/R2QK2R b KQkq - 0 13	d8a5 e1f2 a5b5	1289	010s1c1o
i4JaI	1q4k1/1nr1pp1p/3p2p1/3P4/Pp2P3/1Pb2P2/2QBB1PP/2R3K1 b - - 2 25	c3d4 g1h1 c7c2	1289	0g0j191o
i5TFg	6r1/5pk1/p1p5/1pP2qr1/1P5R/6Pp/P2Q1P2/2R4K b - - 2 41	f5f3 h1g1 f3g2	1289	0p13151o
iAZr9	r1b1qbkr/pp2p1p1/1nnpP2p/2p3N1/8/3P1Q2/PPP2PPP/RNB1K2R w KQ - 0 11	f3f7 e8f7 e6f7	1289	000y13151c1o
iBfaC	r4rk1/p3Q3/1p6/4PR2/3P4/1P6/P2q2PK/8 w - - 5 41	f5g5 d2g5 e7g5	1289	0g0p1o
ivB7c	8/8/4R3/p2p2k1/2pP4/P1q5/3N1R2/7K b - - 0 49	c3h3 h1g1 h3e6	1289	0g0p0s1o
j77dB	6k1/6pp/5p2/ppBp4/b2Pp1P1/4P1QP/r1q2P1K/8 w - - 4 38	g3b8 g8f7 b8f8 f7g6 f8e8 g6h6 e8h5	1289	0p13171w
j81ib	8/p4r1p/1p2k3/3Rr3/8/P7/KP6/5R2 w - - 3 34	d5e5 e6e5 f1f7	1289	0g0p1m1o
jgQ1K	rq2rk1b/4Np1p/3p1Pp1/1bnPn1B1/1Qp1P3/1p2R2P/1P4P1/1B3R1K w - - 2 32	g5h6 h8g7 h6g7	1289	1315191o
jjh1O	6k1/6pp/2pN4/1pPpPQ1b/pP3q2/P7/7P/5B1K b - - 0 38	h5f3 h1g1 f4e3	1289	0p13151o
kBWcn	8/8/8/pK4Bk/Pp2p2P/8/8/8 b - - 3 51	b4b3 g5f6 e4e3 b5c4 e3e2	1289	00080g0p10
kyV64	6k1/5pp1/2q1p2p/p2pP3/P2P1n2/1QN4P/5PP1/6K1 b - - 0 33	c6c3 b3c3 f4e2 g1f1 e2c3	1289	050g0p0s101n
l41qK	1r2r1k1/5ppp/p1R5/1p4bq/3N4/P4P1P/1P3BP1/5QK1 w - - 5 31	g2g4 h5g6 c6g6	1289	01191o1t
lOj9A	8/8/pp1kp2p/2p2pp1/2P1K1P1/1P3P1P/P7/8 w - - 0 34	g4f5 d6e7 e4e5 e6f5 e5f5	1289	010p101e
lWTDR	6k1/ppp5/3p3p/3P4/3b4/2N3Pb/PP2Rr1P/4R2K b - - 4 31	h3g2 h1g1 f2e2	1289	0j0k0p13151a1o
lbMgD	8/1p6/p1p3p1/2P3p1/PP4PP/4k1K1/8/8 w - - 1 43	h4h5 g6h5 g4h5	1289	0g0p1e1o
lxK32	3r3k/3Q2pp/5b2/p3p3/2P1P3/8/q3B1PP/5R1K w - - 2 27	d7d8 f6d8 f1f8	1289	060p13151n1o
m2IN1	4r3/1p3kp1/p3rn1p/3p4/3P4/2PB4/PP2R1P1/4R1K1 w - - 0 28	d3g6 f7g6 e2e6	1289	0g0i0p1o
m5XRN	3r2k1/pp3rpp/2p2q2/8/1R6/4P2Q/P4PPP/5RK1 b - - 0 22	f6f2 f1f2 d8d1 f2f1 d1f1	1289	0p1013161n
mFqrk	2r3k1/pQ4bp/5pp1/8/6P1/2P2P1q/PP2r2P/5RK1 w - - 1 28	b7c8 g7f8 c8c4 g8g7 c4e2	1289	0g0p0s0t10
mpeJa	1r5k/1ppn2p1/p3pq2/4p2Q/3PPB2/P1P3R1/6PP/5K2 b - - 2 24	h8g8 g3f3 e5f4	1289	010p1g1o
nQXug	2k3r1/1ppq1p2/3p1p2/p1bNp3/2PnP2Q/3P4/PP3P2/R1B2KN1 b - - 2 19	g8g1 f1g1 d4f3 g1g2 f3h4	1289	050g0s10191n
njThx	r4rk1/5ppp/p7/1p3b2/2p4q/2PB1Q2/PP1N1bPP/R1BR1K2 b - - 0 21	f5d3 f3d3 c4d3	1289	0g11191o
nrWzV	r4r1k/ppq3p1/2p1b3/3pPBb1/3P2p1/2P1PQ2/PP1N4/2KR3R b - - 2 19	g5h6 f3g4 e6f5	1289	010h191o
oWKoP	r3r2k/ppp2pNq/8/7P/2P1P1Q1/P4P2/1PP5/1K4R1 b - - 0 30	e8g8 g4f4 g8g7	1289	010p1o
ovhSY	6k1/5p2/3r1npB/2pnN3/8/1R5P/r5P1/5R1K w - - 0 27	b3b8 g8h7 e5f7	1289	0g0i191o
p5CFi	4r1k1/1p3ppp/8/2BQ4/2P1q3/1P4Pb/P4P1P/3R2K1 b - - 1 25	e4e1 d1e1 e8e1	1289	0p13151f1n1o
pDhth	7Q/pkpp4/1p4r1/4P3/2p5/4RKR1/PP1q4/8 b - - 5 34	g6g3 f3g3 d2e3	1289	050g0p1o
qdk47	3r1rk1/pp3p1p/4pB2/2b5/3nP3/q4B2/P1PQ1PPP/R4RK1 b - - 2 18	d4f3 g2f3 d8d2	1289	0g0j0y191o
qf5Xw	r1bq1rk1/ppp3bp/2np2pB/4pp2/2PPP3/2N2P2/PP1QN1PP/R3KB1R b KQ - 0 9	d8h4 g2g3 h4h6	1289	01111c1o
r5EjU	8/4pk1p/4p1p1/4P3/8/4B2P/Rp3PP1/2q2RK1 b - - 3 34	c1f1 g1f1 b2b1q	1289	00050g0p1h1o
sTD06	r3k2r/pp2np1p/5q2/8/8/1PN2bR1/P1PQ1P1P/2KR4 w kq - 0 18	d2d7 e8f8 d7d8 a8d8 d1d8	1289	101316191n
sWl3y	3r1r2/4N1k1/p6p/3b2p1/6P1/2P1qp1P/1PQ1pP2/4R2K w - - 0 40	c2g6 g7h8 g6h6	1289	0i1315191o
st22n	4r1k1/5pP1/3p4/2pP3P/3bqP2/1p1Q4/1P6/1K1R2BR b - - 0 29	e4d3 d1d3 e8e1 d3d1 e1d1	1289	0d101316191k
twxEr	3rr1k1/pppq1p2/2n3pp/3Nb3/4P2P/5QP1/PPP2PK1/3RR3 w - - 1 26	d5f6 e5f6 d1d7 d8d7 f3f6	1289	010j0s1019
uD3k0	r1b2rk1/ppq2p1p/2n2R2/2N5/2P5/3P2P1/P1K1P1BP/1R1Q4 b - - 0 20	c6d4 c2c1 c7c5	1289	010j191o
uHyaZ	6k1/1p3rp1/p1n1p3/2p1p1R1/P3P1N1/2P4P/1r3PR1/7K w - - 0 33	g4h6 g8f8 h6f7	1289	0g0p1g1o
uJSov	r2r2k1/3n1ppp/pp1Qpn2/8/8/P2BP1R1/1P2KP1q/3R4 w - - 0 22	g3g7 g8g7 d6h2	1289	010j191o
vqFxi	r4k2/5q2/3p1P2/4p1Qp/3p2pP/3P2K1/8/5R2 w - - 6 45	g5h6 f8e8 h6h8	1289	0g0p1o
wgJQk	5rk1/5pp1/p4q2/4pNQ1/4P3/4B2P/2r2PK1/8 w - - 1 36	f5e7 f6e7 g5e7	1289	010p111o1y
x3FhW	8/7p/6pP/1K2pkP1/2P3r1/6R1/8/8 w - - 1 55	g3g4 f5g4 c4c5	1289	0g0h0p1m1o
xbHBd	r1b2rnk/2p4p/pp1p1pq1/3Pp2Q/2P1P3/2R3N1/PP1N1PPP/3R2K1 b - - 0 22	g6h5 g3h5 c8g4 f2f3 g4h5	1289	010s1019
zYksQ	r1b1k1nr/1pp1q1pp/p1p2P2/2b5/3Q4/5N2/PPP2PPP/RNB1R1K1 b kq - 0 10	e7e1 f3e1 c5d4 f6g7 d4g7	1289	0g101c
0HEko	8/R2N3k/2p3pp/8/P2b4/2p4P/1r2nPPK/8 w - - 2 31	d7f6 h7h8 a7h7	1290	030k0m0p1113151o
0m8KZ	4k2r/3p1p2/1qp1p3/8/1rb1P3/2N1bQP1/2P2R1P/3R2K1 w k - 0 24	f3f7 e8d8 f7d7	1290	041315191o
0zqRu	k7/B1p2p1p/B1p3p1/5b2/4p3/2P5/PP1r1Q1P/3q1N1K w - - 2 25	f2d2 d1d2 f1d2	1290	01191o
1JOx8	r2q2k1/1bpp1p1n/p5rB/np2P3/3P4/1BP4Q/P4PPP/R3R1K1 w - - 5 19	b3f7 g8f7 h3f5 f7e7 f5g6	1290	050g0i0y10191n
1NlV4	5r1k/4Q1pp/p4r1q/1p6/4B3/P6P/5RPK/8 w - - 9 31	e7f8 f6f8 f2f8	1290	0p13151o1y
1hrcb	1r1rb1k1/4n2R/p1p3pQ/2Np1p2/3PnN2/qP6/P1B2PP1/1K2R3 b - - 12 29	e4c3 b1a1 a3a2	1290	1315191k1o
21R4w	2r3k1/2q1Qp1p/6pP/8/8/pB4P1/P4PK1/8 w - - 7 36	b3f7 g8h8 e7f6	1290	0p13151o
2qyQo	1q5r/5pk1/8/3B1b2/2P5/Q4Ppp/PP4Pb/R3R2K b - - 0 29	h3g2 h1g2 f5h3 g2h1 g3g2	1290	000510131619
3EOkU	5rk1/3b2pp/p2qp3/1p1p1p2/1P1Pn3/2rQP2P/3NBPP1/R4RK1 w - - 0 18	d2e4 c3d3 e4d6	1290	0g191o
47ccU	r1b1n1kr/pp3ppp/6n1/q4N2/2p5/P1P3B1/2P2PPP/2KRR3 w - - 0 18	e1e8 g6f8 f5e7	1290	0y1315191o1q
4CG5X	3r2k1/5ppp/8/qR2p3/4P3/3B2P1/5P1P/3Q1K2 b - - 1 33	a5b5 d3b5 d8d1	1290	010p1o
4caEt	6r1/pkp5/1p1p4/3qp3/6nQ/4BP2/PP5P/R4R1K b - - 0 26	g4e3 h4e4 d5e4 f3e4 e3f1	1290	010t1019
5GENm	5r1k/6p1/p6p/1p6/3Q4/P2P1q2/1PP2P2/4RK2 b - - 0 37	f3h1 f1e2 f8e8	1290	0g0p1o
5ctzO	r2qkb1r/ppp2ppp/2n2n2/4N3/2B5/6N1/PPPP1PPP/R1BbK2R w KQkq - 0 8	c4f7 e8e7 g3f5	1290	0413151c1o
5eI1X	5B2/pQ6/4r1k1/6pp/3P1p2/2P2P1K/P3q1PP/8 b - - 1 30	g5g4 h3h4 e2f2 g2g3 f2h2	1290	0p0r101316
6X8yT	8/p1R5/1p2p1pk/5p2/4N3/P3KB1q/1P6/8 w - - 0 43	c7h7 h6h7 e4g5 h7g7 g5h3	1290	01050p0s101n
6gCe4	7r/1p2k1pp/p3p3/3p1q2/1P1Q4/P7/4R1PP/6K1 w - - 2 35	d4g7 e7d6 g7h8 f5b1 g1f2	1290	0g0p0s10
76hfs	r1b1k2r/pp1p1p1p/2q3p1/2b1p3/4n3/N1P3Q1/PP1B1PPP/2KR3R w kq - 0 13	g3e5 e8d8 e5h8	1290	010s191o
8tkcJ	6k1/pp4p1/2p5/3p4/4R1qp/1B4b1/PPP3Q1/2K5 b - - 1 43	g3f4 e4f4 g4g2	1290	0g0j0p1o
9CM6t	1Q6/2r5/8/8/8/4k3/1K6/6q1 w - - 0 65	b8b6 e3f4 b6g1	1290	0g0p0s1o1p
9SjYM	5k2/1p3p2/pNp2Pp1/2p1n1R1/4r3/2P4P/PPK5/8 w - - 0 37	g5e5 e4e5 b6d7 f8g8 d7e5	1290	050g0p0s101n
9jfnI	6kr/5pp1/4p3/p3Pn2/1r2NPp1/2N4P/1PP5/2KR4 w - - 0 28	d1d8 g8h7 e4g5 h7g6 d8h8	1290	010i0p1011
AI1vn	4k3/1p2n1qp/pNp1Q3/2P1p1pP/4P3/6PK/PP1r4/5R2 b - - 0 29	g5g4 e6g4 d2h2 h3h2 g7g4	1290	0g0i0p10
Ap3HO	8/1p3ppk/3p1q1p/4n3/4P2P/2Q2PPB/2P2K2/3R4 b - - 6 32	e5g4 h3g4 f6c3	1290	010j0p1g1o
BEk75	5k2/8/p2p2p1/2p3Nq/2Qb1r2/3P3P/P7/4R2K w - - 2 31	g5e6 f8f7 e6f4	1290	0g0j0k0p0s1o
BKYa7	1k3r2/2q3p1/p7/P6p/3Q4/6nP/1P4P1/R5K1 w - - 0 32	d4b4 b8a7 b4f8	1290	0g0p0s1o
BhFft	8/1r5p/7k/1r2Q1p1/8/7P/6PK/8 w - - 2 45	e5f6 h6h5 g2g4 h5h4 f6h6	1290	0p1013161j
C2gWX	r2qkb1r/4p1pp/1p3p2/pPpb4/Q1N1BP2/4P2P/PP1P2P1/n1B3KR w kq - 3 19	e4d5 d8d5 c4b6 d5b7 b6a8	1290	010s1019
CYrth	8/pp6/3k4/P1p5/8/1PK1R3/2P1pr1P/8 b - - 3 44	f2f3 e3f3 e2e1q	1290	000g0i0p1g1h1m1o
CZwlH	6k1/5p1p/p5p1/1p1Qq3/5R2/7P/PPP3PK/4r3 w - - 1 33	d5f7 g8h8 f7f8	1290	0p1113151o
CtaiQ	8/1q1k4/4p2p/3pPnp1/2pP1p2/1bP2P2/rQ3BPP/1R1B2K1 w - - 6 32	b2a2 b3a2 b1b7	1290	0g0j191o
DDotJ	1r5k/4r1p1/8/R7/4p1B1/2Qn2R1/1P3P2/5K1q w - - 8 46	g3g1 h1h6 a5h5 h6h5 g4h5	1290	0g10191g
DSCTd	8/5k2/3B4/2pP3R/b1P1P3/3n2K1/3n4/8 b - - 0 47	d2e4 g3f3 e4d6	1290	010p0s1o
DYF3I	1r4rk/p1R3p1/7p/5B2/3P3Q/8/Pq4PP/3b2K1 w - - 0 31	h4h6 g7h6 c7h7	1290	1315191d1n1o
EzZ87	3r1rk1/2Q5/3qp3/5p2/1pp3p1/6R1/1PB3P1/7K w - - 2 42	g3g4 f5g4 c7h7	1290	0p13151n1o
F5vaP	k7/pR6/Pb3p2/6p1/4B2p/1P3K1P/3r2P1/8 b - - 10 39	d2f2 f3g4 f2f4 g4h5 f4e4	1290	010p0r0s10
FKQm3	5r1k/1pp3p1/p5rp/8/P2R1n2/2P1NP1P/1P3P1K/6R1 b - - 2 31	g6g1 h2g1 f4e2 g1g2 e2d4	1290	050g0p0s10
GdOzN	r1b3k1/pp3rpp/3qp3/2NpnpP1/3P2n1/1PP5/P3B1PP/R1BQ1RK1 b - - 0 15	e5f3 f1f3 d6h2 g1f1 h2h1	1290	0j0y101316191n
HRwBI	r1b3k1/4pBBp/2p2npQ/q3n3/p7/2P2P2/P1P3P1/2KR2NR b - - 0 18	e5f7 h6e3 g8g7	1290	0g11191o
HdSlj	r2q1rk1/pppb1p1p/3p1p2/2b2N2/2n1P3/2N5/PPP2PPP/R2Q1RK1 w - - 0 12	d1g4 g8h8 g4g7	1290	0y13151c1o
IVblO	rn1qkb1r/pp1b3p/4pp2/1B2p3/8/4B3/PPP2PPP/R2QK2R w KQkq - 0 11	d1h5 e8e7 e3c5	1290	13151c1o
JetN3	3r4/8/8/6RB/P3knP1/7P/1P3P2/6K1 b - - 0 42	f4h3 g1f1 h3g5	1290	010p0s1o
K2L4T	r2qk2r/ppp2p2/3p1n1p/5bp1/1bPPp3/2NP2BP/PP3PP1/R2QKB1R w KQkq - 1 12	d1a4 d8d7 a4b4	1290	0g0s191o
K7XHi	r3k2r/3q1pp1/2p1p1p1/1Bn3P1/8/ppPP1Q1P/1P4P1/2KR3R w kq - 0 24	b5c6 e8g8 c6d7 a3a2 c1d2	1290	0g0h0s10191g
KQimv	4N3/p4Qpk/1p2p2p/8/4Pn2/PnN2P2/1P3qrP/3R3K w - - 2 32	e8f6 h7h8 f7f8	1290	1315191g1o
Ke05v	8/1p2N1kp/p2p2p1/2p5/PPPnP3/6PK/1r5P/4Q3 b - - 4 33	b2h2 h3h2 d4f3 h2h3 f3e1	1290	01050p0s101n
L2A9v	rn2k2r/ppp1b1pp/3qpp2/4N1B1/3Pp3/4PQ2/PPP2PPP/R3K2R w KQkq - 0 11	f3h5 g7g6 e5g6 h7g6 h5h8	1290	0g1019
Mmkiu	1r2r1k1/p5b1/1p2pBp1/4P1Q1/8/6P1/q4P1P/5RK1 w - - 2 27	g5g6 e8e7 f6e7	1290	0g191g1o
N2u1y	7r/2p3pp/p1kr1p2/R7/2bB4/2P5/5PPP/1R4K1 w - - 4 24	a5c5 c6d7 c5c4	1290	010p0s1o
NP2uT	2rr3k/1p2R1pp/8/p7/2q5/6Q1/PPP3PP/1KR5 b - - 6 28	c4c2 c1c2 d8d1 c2c1 d1c1	1290	0p1013161n
NvL4P	8/4k1p1/2KP4/7P/4p3/8/8/8 b - - 0 56	e7d8 c6d5 e4e3 h5h6 g7h6 d5c4 e3e2	1290	000g0h0p1e1w
O841C	r1b1k2r/2qp1pp1/pp2pn2/3P4/2P5/PP1B2QP/1B4PK/R3R3 b kq - 0 23	f6g4 h2g1 c7g3	1290	0g0i191g1o
OJxc8	R2r4/2pkrppp/8/8/8/2R2P2/P2p2PP/6K1 w - - 2 28	c3d3 d7e6 a8d8	1290	0g0i0p1m1o
OeanW	2r2rk1/5ppp/p3pn2/1p6/3p4/q2B3Q/2P2PPP/4RRK1 w - - 0 23	d3h7 f6h7 h3a3	1290	010j191o
OhKXc	5rk1/1pp2p1p/6p1/p2r4/2Q5/P4PN1/1PK1Bq1P/6NR b - - 1 23	d5c5 c4c5 f2c5	1290	01191g1o
Oj0UK	r7/pp3Qbk/8/8/4R1b1/2q5/P1P3PP/5R1K b - - 4 22	a8f8 f7f8 g7f8	1290	01191o
OklJw	r4nk1/5Rp1/4p2p/3pP3/2pP4/p1P3PB/Pr5P/5RK1 w - - 3 28	f7f8 a8f8 h3e6 g8h7 f1f8	1290	0g0i0p0y1011
PSM80	4r1k1/1pp3pp/p4r2/3Pp2q/PPPbBp2/5P2/2R3PP/3Q1R1K b - - 2 23	h5h2 h1h2 f6h6	1290	050y1315191f1n1o
RJZf4	r1b1k2r/pp1n1ppp/4p3/2bpP3/3N1P2/4BN2/Pq4PP/R2QKB1R b KQkq - 3 13	c5b4 f3d2 b4d2 e3d2 b2d4	1290	010r101c
S08x3	2bq1rk1/1p1p1pp1/7p/1N4b1/1PP1Pn2/5N2/3QBPPP/R5K1 b - - 2 21	f4h3 g2h3 g5d2	1290	010j191o
TJsfb	3r1rk1/5ppp/p7/2p5/2q1PQb1/8/PP3PPP/R1B2RK1 b - - 2 20	c4f1 g1f1 d8d1	1290	050y1315191f1n1o
TUXQs	8/p7/1pp1p1r1/4Pk2/8/1P5R/6r1/4RK2 w - - 0 37	h3f3 f5g5 f1g2	1290	0g0p0v1m1o
V8iRw	7r/6pp/p7/5k2/2N1p3/1P5P/4R1PK/3r4 w - - 6 34	c4e3 f5e5 e3d1	1290	010p0s1o
WF6FX	3Q4/5k1p/6p1/6q1/P7/7P/5PPK/3Rr3 b - - 2 33	g5f4 g2g3 f4f2	1290	0p13151o
X8fED	5R2/pp2k1p1/4p3/2q1b2p/2p4P/2P2RP1/PP3P2/6K1 w - - 10 33	f3f7 e7d6 f8d8 d6c6 d8c8	1290	0g0p10
XSDrA	6k1/1p4pp/p1p1r3/3bNp1q/PP1P4/4P1PP/3Q1P1K/2R3R1 b - - 4 28	h5h3 h2h3 e6h6	1290	051315191f1n1o
XWJQh	2kr1b1r/1pp2pp1/p1q1bn1p/3pN3/4P3/PP1P3P/2P1BPP1/R1BQK2R b KQ - 0 12	c6c3 c1d2 c3e5	1290	010s1c1o
YP2vs	7R/pp6/8/6k1/4P1rp/5R1K/PP4r1/8 w - - 4 38	f3f5 g5g6 h8g8	1290	0g0p1m1o
ZjQl1	8/4p2k/4P1p1/3Pp2p/5PpP/6P1/1b4K1/8 w - - 0 38	d5d6 e7d6 e6e7	1290	00080g0p1o
a1dai	r1bR4/pp2R1pp/2k2p2/8/2B1N3/5P2/Pp4PP/6K1 b - - 0 21	b2b1q c4f1 b1b6 e4f2 b6d8	1290	000g0p0s101h
aUyqc	r1bqkb1r/4pppp/p1p2n2/1p6/4P3/1B6/PPP2PPP/RNBQK2R w KQkq - 2 8	b3f7 e8f7 d1d8	1290	040g0i1c1o
b8mtG	r2r2k1/pp3p1p/5p2/2p5/4b3/2P5/PP1N1PPP/R2R2K1 b - - 1 16	e4c2 d1f1 d8d2	1290	010p1o
bl0qZ	3r1r2/1p4kp/4pR2/3q4/8/4B3/PPP3PP/5RK1 w - - 0 24	e3h6 g7h8 f6f8 d8f8 f1f8	1290	0i0p1013161f
bw26H	6k1/1p1br2p/1q3np1/pP1p1p2/P2Q4/3B1PP1/2P1NK1P/7R b - - 0 25	e7e2 f2e2 b6d4	1290	0g0w11191o
cs79Z	6k1/5p1p/3b2p1/8/PRB4r/8/8/6K1 w - - 6 38	c4f7 g8f7 b4h4	1290	010j0p1o
eAuK8	4r1k1/5qBp/1p2N1p1/2pQ4/2P5/1P4PP/r4P2/2R1R1K1 b - - 0 25	f7f2 g1h1 f2h2	1290	1315191o
eKIig	rn3rk1/pp5p/2p1pqpQ/3n2N1/3P4/8/PPB2PPP/R3K2R b KQ - 1 20	f6f2 e1d1 d5e3 d1c1 f2c2	1290	040s10131619
gLZWJ	8/8/6R1/P7/8/1b1pk3/2p5/2K4R b - - 0 44	d3d2 c1b2 d2d1q h1d1 c2d1q	1290	000g0i0p101h
gnBy3	8/5pk1/3p4/p1b5/Pp5P/8/1qP3P1/3Q1K1R b - - 1 38	b2f6 d1f3 f6a1 f1e2 a1h1	1290	010p101p
gqEj5	3r4/8/k5pp/ppP2p1n/2p2P1P/P1Pq1P1Q/1P1B1P2/2KR4 b - - 4 38	h5f4 h3f1 f4e2 f1e2 d3e2	1290	0g0p10
gt9Q2	4rrk1/2q2ppn/p2R3p/1pnNP3/8/1P3N1P/1PP1QPP1/3R2K1 b - - 2 20	c7d6 e5d6 e8e2	1290	01191o
gxdEM	7k/pb4p1/3R3p/1Pr5/7r/1B2Pp2/PB3P2/R5K1 b - - 0 31	c5g5 g1f1 h4h1	1290	1315191o
hB0nu	2k4r/ppp3pr/8/5p2/Pn1NpPp1/1q2P1N1/1B1PQ2P/1K1R3R b - - 0 25	b3a2 b1c1 b4d3 e2d3 e4d3	1290	0g0r10191k
hX3yU	8/7n/p1rr1p1k/1p3P2/8/8/PPP5/1K1R2R1 w - - 0 34	g1g6 h6h5 d1h1	1290	0p13151o
hsZuc	4rr2/4k1pQ/p2p3p/1p6/7q/1P1B4/KPP4P/5R2 w - - 0 28	h7g7 e7d8 f1f8 e8f8 g7f8	1290	0g0i0p10
iVbos	2r3k1/p4p1p/4b1p1/q7/4P3/2NQ1P2/PPP4P/1K5R b - - 2 24	c8c3 b2c3 a5a2 b1c1 a2a1 c1d2 a1h1	1290	0g0p111k1p1w
iary1	3rr1k1/1p3p1p/p1n3pQ/6N1/P7/2P5/1P3PPP/R1Bq1RK1 b - - 0 20	d1f1 g1f1 d8d1	1290	050y1315191n1o
jQ2M6	1Rb5/3k2p1/5p1p/3B1P2/2pP4/1p6/1P1K3P/r7 w - - 3 39	d5e6 d7d6 b8c8	1290	0g0i0p1o
jiw9P	4r1k1/pp3pb1/2p1P1bp/6p1/3r4/1B2R1BP/PP3PP1/2R3K1 w - - 0 27	e6f7 g6f7 e3e8	1290	000g0j0s191g1o
kDLaA	r1bqk2r/1p2pp1p/p1np2p1/2nN4/8/1P2Q3/PKP2PPP/3R1BNR w kq - 1 12	d5f6 e8f8 e3h6	1290	13151c1g1o
kYkHY	6k1/R5pp/1p6/2p1B3/1r3Pb1/4P3/8/6K1 w - - 0 40	a7g7 g8f8 g7g4	1290	010p0s1o
ksY8o	6k1/5pp1/4p3/3p4/2rP4/p1qQ2P1/P4P1P/1R4K1 w - - 0 37	b1b8 c4c8 d3c3	1290	0g0p1g1o
lrSOC	3r1r1k/1p3Pp1/p6p/3BN1b1/P7/6P1/6P1/4R2K w - - 9 32	e5g6 h8h7 g6f8 d8f8 e1e8 f8f7 d5f7	1290	0g0p0s1w
lvkxU	8/8/8/1kp4R/pp6/1P6/2P2PK1/2b5 b - - 1 41	a4a3 h5h1 c1b2	1290	010h0p1o
m1UN6	k4r2/3RQpb1/6p1/pq4pp/1p2P2P/8/bPP5/2K1R3 w - - 0 35	d7a7 a8b8 e7c7	1290	1315191k1o1u
mYcQu	2kr4/ppp2p1p/8/8/2Q5/2N1P2b/PP4qP/R3KR2 b Q - 0 18	g2d2	1290	1314191b
nUEQp	r1bQ1rk1/p4pbp/2p1p1p1/8/4Nn2/2P2P2/PP2BBPP/R4RK1 b - - 0 14	f4e2 g1h1 f8d8	1290	010t0w191o
ni3kO	2k2r2/pp1nR2Q/2p5/3p2r1/8/5q2/PPP3PP/R4BK1 b - - 1 20	f3f2 g1h1 f2f1 a1f1 f8f1	1290	0i10131619
nlmaP	2Q1R3/2p3pk/1p1p1p2/2r2q2/5p2/2P4P/5K2/8 w - - 0 36	e8h8 h7g6 c8e8 g6g5 h8h5	1290	0p101316
nmKjJ	2r2b2/p1q2Qpk/7p/1p2p3/4N3/5P1P/PP4P1/5R1K w - - 1 31	e4f6 h7h8 f7g8	1290	0p13151g1o
oN55h	2rqk2r/pb1pb1p1/1p2p1pp/4N2n/3P4/P3P3/1P1N1P1P/RQ2K1R1 w Qk - 0 16	b1g6 e8f8 g6f7	1290	0s13151c1o
pvEt7	6rr/3P1k2/1pP2p2/pP2pB2/4P3/5P2/4nP1p/R3R2K b - - 2 35	g8g1 e1g1 h2g1q	1290	000k0m0p111213151h1o1r
qBgnT	r5kr/ppp3pp/1b6/4Q3/3P1Rbq/2P5/PP4PP/RN4K1 w - - 1 15	e5d5 g4e6 d5e6	1290	0y1315191o
qEnZQ	1kr4r/1p4p1/3p1p1p/p2PnQ2/P2qP3/2N1R2P/2P2PP1/4R1K1 b - - 2 29	c8c3 e3c3 d4c3	1290	0g191o
qZJ1b	1r1qk2r/5ppp/p1bbp3/8/2QPnB2/2P5/P4PPP/RN3RK1 w k - 0 17	c4c6 d8d7 c6e4	1290	0g0s1c1o
sKnuQ	7Q/pR6/2p1p1k1/4P3/2nP4/8/P1r3r1/1K5R b - - 0 40	c4a3 b1a1 c2a2	1290	0p13151o
sPkPn	r5k1/1p4p1/p1p4p/2P5/1P4nq/P1NPQ1bP/6B1/5R1K w - - 0 27	e3e6 g8h8 e6g4 h4g4 h3g4	1290	011019
sUMLv	r1bq1rk1/ppp1ppbp/6p1/4P3/2Pn1BB1/P1N5/1P4PP/R2QK1NR b KQ - 1 11	c8g4 d1g4 d4c2	1290	011c1o
tNl4i	5rk1/4bppp/p3pn2/3pN3/3P4/2qB2QP/P4PP1/5RK1 w - - 0 20	d3h7 g8h7 g3c3	1290	0g0j191o
ugtV9	3r2r1/p1pp2P1/1p2qp1k/8/2n5/2N1P1R1/PP3P2/2K3R1 w - - 1 24	g1h1 e6h3 h1h3	1290	1315191o
v88GS	r5k1/5ppp/p5b1/1p6/q3p3/P1R4P/1PBrQPP1/6K1 w - - 0 25	e2d2 a4a5 c3c8 a8c8 d2a5	1290	0g0j1019
wEzAm	8/1p2r1k1/p1p2p1p/4PR2/4P3/4K3/PP1r2PP/8 w - - 0 32	e5f6 g7f7 f6e7	1290	000g0j0k0p0s1m1o
wlJBB	r1b1kb1r/1p3ppp/p3p3/3pP3/3q4/3BB3/P4PPP/RN1Q1RK1 b kq - 1 14	d4a1 d1d2 a1e5	1290	010t1c1o
xR1hS	1r1q1rk1/4ppbp/R1Q3p1/1p1n4/3P4/1P1BP2P/PB3PP1/5RK1 b - - 2 19	d5b4 c6c3 b4a6	1290	010s191o
xuzul	1k3q2/pp5p/4Q2b/1B1pP3/P2P3P/1P6/7P/7K b - - 0 32	f8f3 h1g1 h6e3	1290	0p13151o
y5iAg	r2q1rk1/3n1pbp/2pN1np1/pp4B1/3p4/P2P1Q1P/BPP2PP1/1R3RK1 b - - 1 16	d7e5 f3g3 d8d6	1290	010j191o
yKfXC	8/6pp/8/2pk4/p4PPP/P2K4/8/8 b - - 0 47	c5c4 d3c3 d5e4	1290	0g0p1e1o
yLDgb	7R/ppp2kp1/1b1pq2p/6r1/3PQp2/2P5/PP3P1N/7K w - - 2 27	h8f8 f7f8 e4e6	1290	0g0i0p1o
02cdm	r2qk1nr/p2b2pp/2pbpp2/2ppN3/5P2/1P2P2P/PBPP2P1/RN1QK2R w KQkq - 0 10	d1h5 g7g6 e5g6 h7g6 h5h8	1291	0g101c1g1t
0BTSu	rn2kb1r/1b3ppp/p1p1pn2/qp2N3/3P4/1P2PN2/PB1Q1PPP/R3KB1R b KQkq - 5 10	f8b4 a2a3 b4d2	1291	0g1c1g1o
0lNO8	2r5/p5bk/8/3Q4/P3Pp2/6qP/6P1/3R3K w - - 3 47	d5f5 g3g6 f5c8	1291	0g0p0s1o
16l24	2kr1bnr/pp1q2pp/2n1Q3/1B1p4/3P4/8/PP3PPP/RNB1R1K1 b - - 0 13	d7e6 e1e6 c6d4	1291	011c1o
1m9HX	8/p1p5/8/1B4pp/P3bk2/1P6/2P1RK1P/7r w - - 4 32	e2e4 f4e4 b5c6 e4f4 c6h1	1291	050g0p101n1p
2hG9d	3r4/5k2/3PRp2/5p1p/pP3B1P/P4P2/3r1PK1/8 w - - 5 42	e6e7 f7g6 f4d2	1291	0g0p1o
3teDL	r1br2k1/1p2bppp/p3p3/q3Q3/3p1P2/P1NB4/1PP2PPP/R4RK1 b - - 1 18	a5e5 f4e5 d4c3	1291	0g191o
7Da16	2r3rk/p4p1p/5R2/3p4/Pp2q3/8/P1P2QPP/5R1K b - - 5 28	c8c2 f2c2 e4c2	1291	0g0p1o
7Vf5h	5rk1/Rbq4p/3p2p1/P2P1p2/2P1pP2/3r2P1/1Q4BP/2R3K1 b - - 2 29	c7c5 g1h1 c5a7	1291	0g0s191o
7pLfe	4r2k/1p2P2p/p1q1r1pQ/5p2/P1Bp1P2/1P5P/6PK/8 w - - 0 34	h6f8 e8f8 e7f8q	1291	000p13151h1o
8Z30g	8/pp5R/2npk1p1/8/1PP5/P2r4/4pKPP/R7 b - - 1 26	d3d1 f2e2 d1a1	1291	010p1o
8vYuZ	r4rk1/1p3ppp/pq6/8/P1B1n3/3Nb3/1PP1Q1PP/R4R1K b - - 0 18	e4g3 h2g3 b6h6 e2h5 h6h5	1291	0y101316191n
9UVHl	8/2p5/1p1pB3/pP1Pp2k/P1P1Pb1q/8/6Q1/6K1 w - - 0 44	e6f7 h5h6 g2g6	1291	0p13151o
BOHPG	2r2r1k/1b2b2p/p4p1N/q2pPQ2/6PP/1p1B4/1PPR4/1K5R b - - 2 25	a5a2 b1c1 a2a1	1291	1315191g1k1o
BgFVK	1rk4r/p3QR2/8/2pBP3/q2n3P/p2P4/1PPR2P1/2K5 b - - 4 34	a3b2 c1b1 a4a1	1291	001315191k1o
D2ZV2	krbq3r/p2n1R2/1pp4p/3N1Bp1/8/5QP1/PP4PP/2R3K1 b - - 0 24	d7e5 d5c7 d8c7 f7c7 e5f3 g2f3 c8f5	1291	010s191w
Dkufa	4r2k/2Q5/2p4P/3p4/1p2Pp1P/pPq4R/2P1K3/2R5 b - - 0 42	e8e4 e2f1 c3h3	1291	0g0p1o
DwxZy	r3k2r/pQbqnppp/4p3/8/3P4/2N1PN2/5PPP/R4RK1 b kq - 1 15	c7h2 g1h2 d7b7	1291	0g0j191o
EHWm2	1r6/1rp3k1/3p3p/p2P2p1/3qPpP1/P1R2P2/1PKQ4/1R6 b - - 7 28	b7b2 b1b2 b8b2 c2b2 d4d2	1291	050g0p10
HN9gY	r6k/6p1/q2R1b1p/1N3b2/PQ3P2/6P1/1P3P1P/K6R b - - 0 32	a6a4 b4a4 a8a4 b5a3 a4a3	1291	101316191f1g
HRaZs	1k6/1pp1q3/p3Pr2/6Q1/8/2P3pP/PP4P1/4R1K1 b - - 0 31	f6f1 g1f1 e7g5	1291	010j0p1o
HVPuL	r1b3k1/p2p1rpp/1bpq2n1/1p6/4P3/1B1P4/PPP3PP/RNB2Q1K w - - 0 16	f1f7 g8h8 f7g8	1291	0y1315191o
HkNWo	8/8/3r4/6p1/5k2/7P/3RK1P1/8 b - - 0 47	d6d2 e2d2 f4g3 d2e3 g3g2	1291	0g0p101m
IXlWT	r1b2rk1/1p4pn/p6p/3Np3/2P1Pp1q/6RP/PP4P1/2R1QNK1 w - - 0 21	g3g7 g8g7 e1h4	1291	0g0j0y191o
JhMTt	r5k1/2B2pp1/2p4p/8/4r3/p3P2P/Qq3PP1/R6K w - - 1 33	a2b2 a3b2 a1a8 g8h7 a8b8	1291	010j0p10
JhekO	4r1k1/1p5p/1R2b1p1/p2pPpP1/n1p5/r1P1PPB1/3Q1K2/8 w - - 0 30	b6e6 e8e6 d2d5	1291	0b0g191g1o
JtBou	8/kp6/8/p2Q3p/2NP4/3P1K2/8/2q5 b - - 6 53	c1h1 f3e2 h1d5	1291	0g0p1o1p
JtNTj	r3k1r1/ppp2p1p/2np1p1B/1Bb5/4P1q1/5N2/PP3P1K/R2Q2R1 b q - 1 17	g4h5 f3h4 h5h4	1291	0s1315191o
KIUxL	8/5pp1/1N6/PPp1N3/4b3/6k1/5r2/R4RK1 b - - 3 38	f2g2 g1h1 g2h2 h1g1 h2h1	1291	0k0m0p0r1013161d
KJcNj	5Nnk/8/6Qp/1q3ppP/3Pp3/4P3/6PK/8 b - - 7 49	b5b8 h2g1 b8f8	1291	0g0p0s1o
Kw5J9	r1bqk2r/ppp2pp1/8/2bpP2p/3Nn3/5P2/PPP1B1PP/RNBQK2R b KQkq - 0 9	d8h4 g2g3 e4g3	1291	0g1c1o
LDhGD	4k2r/pp2ppb1/q2p2p1/3P1b1p/2r4P/1NP1BP2/PP1Q2P1/K2RR3 b k - 6 19	a6a2 a1a2 c4a4	1291	051315191f1n1o
M6CuG	8/5p2/bk1N4/2pP1B2/4P3/KP2r2r/6R1/R7 b - - 6 40	e3b3 a3a2 b3a3 a2b2 h3b3	1291	011019
N4P01	8/8/7p/PkNnp1p1/1P4P1/5P2/2K5/8 b - - 2 49	d5b4 c2b3 b5c5	1291	0g0p0z1o
N89UP	r1b2rk1/pp3pp1/2pp2np/4p3/2B1P2Q/3Pq2P/PPP3PN/R4R1K w - - 3 17	c4f7 f8f7 h4d8 g8h7 f1f7	1291	0g0i0s10191n
NPHDw	1n3R2/rP3p1k/8/p2P2Q1/N3P3/4K3/8/5q2 b - - 2 48	f1c1 e3f3 c1g5	1291	0g0p1o1p
OTENO	1k3b1r/ppr3p1/4p1p1/B2pP1Q1/3Pp3/8/1q4PP/R5K1 w - - 1 27	g5d8 c7c8 a5c7 b8a8 d8c8	1291	0i101316191k
P0YVv	r1bqk1nr/pp1pppbp/2n3p1/1BP5/4P3/5N2/PPP2PPP/RNBQK2R b KQkq - 0 5	d8a5 b1c3 g7c3	1291	010s1c1o
P2iUj	2rr4/p4p2/1p4k1/n2n1Np1/4p2p/P3P2P/1P2NPP1/R2R2K1 w - - 4 27	d1d5 d8d5 f5e7	1291	01191n1o
PDRew	2k4r/2P5/pp2n3/4N3/2R5/6p1/PP4P1/3r1RK1 b - - 2 32	h8h1 g1h1 d1f1	1291	050i0p13151o
PQZXU	1k1rr3/1pp3pp/p2b1q2/8/3Q4/2P1B3/PP3PPP/R3R1K1 b - - 4 18	d6h2 g1h2 d8d4	1291	010j0y191o
PpJGQ	r4k2/ppp2B2/5qQ1/2b1p3/3n4/8/PPPP1PKP/RNB2R2 b - - 0 14	f6f3 g2g1 d4e2	1291	1315191o
QJwJo	8/2R2pk1/8/3KP2p/3P4/3r4/8/8 w - - 0 50	e5e6 d3f3 e6e7	1291	000g0p1m1o
QYC3a	4r2k/p5q1/1p2p2p/3bRp2/3P4/P5PK/1P3P1P/4Q3 w - - 10 39	e5d5 e6d5 e1e8	1291	010j0p1o
QdCul	2k5/Q5p1/3pp1P1/p4p2/1pB5/1P1P4/PKP5/3q3r w - - 5 34	c4e6 c8d8 a7d7	1291	0p13151o
Qx68M	r4rk1/1pp2ppp/p2p4/3P4/1PB1Q2n/6q1/PB1P2N1/R3R1K1 b - - 3 21	h4f3 e4f3 g3f3	1291	010s191o
R6NG5	r4qk1/5r1p/p4BpP/3nPQ2/2pp4/8/P2K1P2/6RR w - - 1 34	g1g6 h7g6 f5g6	1291	0g11191n1o
RQjzD	5q2/ppp5/kb5p/3QP1p1/8/1KP5/1P4PP/8 w - - 2 40	d5c4 a6a5 c4a4	1291	0p13151o
S2CF4	8/2n1pk2/4p1p1/p3P1P1/3r1P2/1K3R2/PPN5/8 b - - 1 43	a5a4 b3a3 c7b5	1291	0f0p13151o
SH68R	7r/p2r1pk1/1b1P2p1/3RP3/1NP5/8/4QqPP/4R2K b - - 2 32	h8h2 h1h2 f2h4	1291	051315191n1o
SoQvm	6Q1/2k5/8/pK1pp1Rp/8/1Pq5/5P2/8 b - - 0 45	c3b4 b5a6 b4b6	1291	0p13151o
TVxsN	4r1k1/1p3p2/5pbp/1N1p4/8/1P2qPQP/4R1P1/2R4K b - - 0 34	e3c1 g3e1 c1e1 e2e1 e8e1	1291	0g0t1011191y
U9Pux	2R5/5p2/5Npk/6qp/4Pn2/5P2/1QP3PP/5K1R b - - 4 41	g5g2 f1e1 g2e2	1291	0p0s13151o
VDBHm	2rb1r1k/7p/2n5/p2R1p2/1pP1B3/1P6/P1N3KP/5R2 b - - 5 29	f8g8 g2f3 f5e4	1291	01191o
W0830	r5k1/ppp3pp/4p3/3pP3/3Pp2b/1QP1P2P/PPB1bqPK/R3B3 b - - 4 19	h4g3 h2h1 f2f1	1291	1315191o
WOTpG	5rk1/4bpp1/p2pb3/1r3N2/q1pBP1P1/2P4P/PP3Q2/KR5R b - - 2 27	a4a2 a1a2 b5a5	1291	051315191n1o
WuVno	5rk1/pPp2ppp/4r3/8/3Qq3/2P1B2P/P4P2/1R3RK1 b - - 4 20	e6g6 e3g5 g6g5 g1h2 e4g2	1291	10131619
XDDIP	r4qk1/pb5p/5ppB/3P1B2/2pQ4/8/PP5P/2KR4 b - - 0 24	f8h6 d1d2 g6f5	1291	010t0w191o
XmzH3	r6r/1pp1qk2/2np3p/4p1p1/1p2n3/5NB1/PPP2PPP/R2Q1RK1 w - - 0 15	d1d5 f7e8 d5e4	1291	010s191o
YCUGm	8/2pR1rkp/1p4p1/p2P1pQ1/2P5/1Pq4P/P4PP1/4R1K1 b - - 0 36	c3e1 g1h2 f7d7	1291	0g0p0t0w1o
bLV2Z	8/6p1/6kp/1P1n4/2r1p3/3pB2P/5PP1/1R4K1 b - - 0 38	d5e3 f2e3 d3d2 b1d1 c4c1 g1f2 c1d1	1291	000g0p1g1w
biGLQ	4Q3/2pr1R2/2k5/ppb3P1/8/2P2K2/P2r4/8 b - - 4 43	d2f2 f3g4 f2f7	1291	010p1o
brDva	1r1q4/5ppp/b2k4/p2pR1Q1/Ppr5/2P2P2/6PP/4R2K w - - 2 30	e5d5 d6c6 d5d8	1291	0g191o1p
cjsvr	8/4k3/P6R/4Bp2/8/1P3KP1/r7/6b1 b - - 0 46	a2f2 f3e3 f2h2 e3f4 h2h6	1291	010j0k0p10
dQfIF	3r1k2/1p3pp1/2p4p/p3Q3/1q6/1B6/PPP2PPP/2K1R3 b - - 3 24	b4d2 c1b1 d2d1 e1d1 d8d1	1291	060p1013161n
eGTNn	3rr3/pp4kp/3Qppp1/5q2/8/P7/1P3PPP/3RR1K1 w - - 1 27	d6c7 g7h6 d1d8 e8d8 c7d8	1291	0g0j0p10
ewrWO	5r1k/2p4p/1pPp2R1/pPq1p3/P6R/7P/4QrP1/6K1 w - - 0 28	h4h7 h8h7 e2h5	1291	050p13151n1o
fHKUv	5k2/2r2p1R/4p1P1/p1rp1p2/8/3K4/2P5/R7 w - - 1 42	g6g7 f8e7 g7g8q	1291	000g0i0p1h1m1o
fLdLC	6k1/7p/3q2p1/p2p1pP1/2pPR3/2R1P1QP/P5PK/1r6 b - - 0 37	b1h1 h2h1 d6g3	1291	0g0i0p1o
fWZZv	4r1k1/p2R1rp1/7p/1q6/2p2pQP/4bP2/6P1/B4R1K w - - 0 42	d7f7 g8f7 g4g7	1291	050g11191o
g7FTg	5rk1/5ppp/4p2q/p7/2rPP3/P4Q1P/6P1/1R3RK1 w - - 0 25	f3f7 f8f7 b1b8 c4c8 b8c8 f7f8 f1f8	1291	0p13171n1w
gGs3m	r2q2k1/1p1bbp2/4p2r/p1p5/P2P1Qn1/2PB3R/1P3PPP/R5K1 w - - 0 27	f4g4 g8f8 h3h6	1291	0g0t0w0y191o
gwgXL	r5k1/5pp1/p3P2p/1p6/6P1/5P2/P6K/1n1R4 w - - 0 29	e6e7 a8e8 d1d8 f7f5 d8e8	1291	000g0p101g
h5u2y	4r1k1/pp3pp1/8/2pp1N1p/5QPq/5P1P/PPP3K1/R7 b - - 1 26	e8e2 g2g1 h4f2 g1h1 f2g2	1291	0p101316
hUkYX	8/1N2kp2/1p6/3B3p/3Pp3/1KP5/rP4rP/7R b - - 1 28	g2b2 b3c4 a2a4	1291	0p13151o
iNZQI	3r1bk1/5p2/2qprP1p/3R2pP/1p6/1P3QB1/5PP1/3R2K1 w - - 0 29	d5g5 h6g5 f3c6	1291	0g0j191o
iyAB1	2r2rk1/3nbpp1/1p1ppn1p/p6P/2qNPP2/1PP3N1/P1QB2P1/R3R1K1 b - - 0 19	c4d4 c3d4 c8c2	1291	0g0j191o
jLIyO	1N6/5pk1/6p1/P1n4p/2p4P/6P1/5PK1/8 b - - 0 56	c4c3 a5a6 c5a6 b8a6 c3c2	1291	000g0p0z10111n
jLeeE	3rkb1r/1Q1R1pp1/B6p/4P3/8/5q2/PPP4P/1K1R4 b k - 0 21	f3d1 d7d1 d8d1	1291	061315191o1y
jPiEN	r5nr/bpp2kp1/p1np3p/P3pp1q/1P1PP3/2P2N2/3N1P2/R1BQ1RK1 w - - 0 20	f3e5 d6e5 d1h5	1291	0g0j191o
jXXeG	rn1qk1nr/pp3pp1/2p1p3/4P1N1/2p1P1p1/8/PP3PKP/R1BQ1R2 w kq - 0 14	d1d8 e8d8 g5f7	1291	050g191o
kToQI	8/8/7b/7k/2r2PR1/5PKP/8/8 w - - 1 55	g4h4 h5g6 f4f5 g6f5 h4c4	1291	0g0j0p10
kjXDr	r4rk1/pp3pp1/1n4PR/q4P2/4p3/1pP1Q3/PP3P2/R3K3 w Q - 0 20	h6h8 g8h8 e3h3 h8g8 h3h7	1291	050y101316191n
kk8tQ	4rr1k/ppp4p/3p4/n2P1pN1/2PR4/P5P1/1P3PRP/2K5 b - - 2 22	a5b3 c1c2 b3d4	1291	0g0p0s1o
lhjyz	3k1r2/7Q/2p5/pp4b1/4P3/1KP1q3/PP6/R7 w - - 0 34	a1d1 d8c8 h7d7 c8b8 d7d6 b8b7 d6f8	1291	0g0p0r0s1w
limza	8/R5pk/8/P7/7p/8/KP6/7r b - - 0 39	h4h3 a7d7 h3h2 d7d2 h1a1 a2a1 h2h1q	1291	00050g0p1h1m1w
m3QBy	r2qk2r/p3ppbp/b5p1/p1pP2B1/4n3/5N2/PP2NPPP/R2QK2R w KQkq - 0 12	d1a4 d8d7 a4e4	1291	010s1c1o
m9pYG	r2q1r1k/p5p1/2p1Q2p/3p4/5P1b/P1B4P/1P4P1/3R2K1 w - - 2 27	e6h6 h8g8 h6g7	1291	1315191g1o
mCtQE	2k5/2p1q3/p1Q3Pp/1p2bp2/8/P4P2/1P3P2/K2R4 b - - 2 28	e7a3 a1b1 a3b2	1291	0p13151g1o
nPsjZ	r3k2r/ppp2ppp/2n1p3/5bN1/PbNq4/6P1/1P2PPBP/R2Q1RK1 w kq - 0 12	g2c6 b7c6 d1d4	1291	0g0w191o
oU02S	2kr2nr/pppq2pp/2nbbp2/1B6/2P1P3/4BN2/PP3PPP/RN1Q1RK1 b - - 2 9	d6h2 g1h2 d7d1 f1d1 d8d1	1291	010j0y101c
ox8Ih	1rr2k2/4p2p/p2q2p1/1p4n1/1Pp1B3/P6Q/5PPP/2R2RK1 w - - 16 35	h3h6 f8g8 h6g5	1291	010s191o
pJrGr	7r/pQ1b1kp1/2p1p3/2PpP3/P2NpPq1/4P1p1/1B4r1/R1KR4 b - - 1 31	g4d1 c1d1 h8h1	1291	051315191k1n1o
qtpO0	2kr1b1r/1bpn1qpp/pp1ppn2/6B1/3NN3/3P1QP1/PPP2PBP/R3K2R w KQ - 3 14	e4d6 c7d6 f3b7	1291	0j1315191k1o
r4Esc	8/8/8/5p2/5B2/1p1N1kP1/2r5/3K4 w - - 7 46	d3e1 f3f2 e1c2 b3b2 c2a3	1291	0g0h0p0s10
tOHT6	8/5ppk/4p2p/3p2n1/3P4/4PqPP/2R2P2/6KQ b - - 7 41	f3d1 g1g2 d1c2	1291	0g0p0s1o
twThv	r3r1k1/1p3ppp/2pB4/1pP1n3/8/1P6/2R2PPP/R5K1 w - - 0 28	a1a8 e8a8 d6e5	1291	010p111o
vdLyL	4r1k1/6p1/1pp4p/p2p2q1/P2P1p2/2PB1P1P/1P3QPK/4N3 b - - 9 32	g5g3 f2g3 f4g3 h2g3 e8e1	1291	0g0p10
y2k47	7Q/1p1kn1pp/5p2/4p3/3q4/5PK1/4B1PP/7R b - - 3 22	e7f5 g3h3 d4h4	1291	0p13151o
ybekx	5k2/3P1p1p/6p1/4p1q1/8/5Q2/7K/8 w - - 0 46	f3a8 f8g7 d7d8q	1291	000g0p111h1i1o
ylaXJ	r3nBk1/pp1bpp2/7Q/8/3q3P/1B3P2/P2p2P1/3R1K1R b - - 1 27	d7b5 b3c4 b5c4	1291	1315191o
yuSXY	5rk1/2p1qpp1/6np/2Q5/8/P3P1B1/3r1PPP/R1R3K1 b - - 0 23	d2d1 c1d1 e7c5	1291	010i191o
zHDMP	4rr1k/1pp4p/p1np4/3b2R1/3q1Pp1/6Q1/PPP5/2K4R w - - 0 27	h1h7 h8h7 g3h2	1291	050y1315191n1o
zQAqm	3r4/pp3bkp/5p2/4nBp1/3qP3/B6Q/1PP2PPP/2K4R b - - 1 23	d4d2 c1b1 d2d1 h1d1 d8d1	1291	101316191f1k1n
zo383	6k1/5pp1/5b1p/1Qp5/5PP1/1KP4P/1P1r4/1r6 w - - 1 25	b5e8 g8h7 e8e4	1291	010p1o
zzuvB	5r1k/1b1nq1pp/p3pr2/Pppp1p2/N2P4/1Q2PN1P/1PP2PP1/R3R1K1 b - - 1 18	c5c4 b3c3 b5a4	1291	0g191o
0G4hS	4r3/p1p5/6pk/7p/2B5/1P6/P1P2KPb/4Q3 b - - 2 42	h2g3 f2g3 e8e1	1292	0g0p1o
0SngI	4kr2/4bp2/1Q6/P2R4/4P3/1Pq3P1/5P2/6K1 b - - 2 48	c3e1 g1g2 e1e4	1292	0g0p1o
13XxW	8/pp6/8/1PP5/P3k3/3n2Kp/8/8 w - - 1 41	c5c6 b7c6 b5c6 d3c5 c6c7	1292	000g0p0z10
1OZIK	3QQ3/1pR4p/pN3p2/6p1/5nk1/PP4P1/5P1P/3q1BK1 b - - 0 34	f4h3 g1h1 d1f1	1292	0i1315191o
1kz7B	r4rk1/ppp1qp2/4bn1p/6p1/Q3N3/6P1/PPP2PP1/1K1R1B1R b - - 0 17	f6e4 a4e4 e6a2 b1a2 e7e4	1292	0g0j10191k
2mHgq	4qrk1/p6p/3p2P1/1p1N2Q1/2pP4/6P1/PPP3K1/5R2 b - - 0 30	e8e2 g2h3 e2f1	1292	0g0i0p1o
3LXbj	2r3k1/3Q1p1p/p2p1bp1/1p1Bp3/1P2P3/7P/P4PPK/4q3 w - - 0 24	d7f7 g8h8 f7f6	1292	0p0s13151o
3VTja	r1b4r/ppp2Qpp/2k2q2/2bp4/1n1PpB2/2N5/PPP2PPP/R4RK1 w - - 3 16	f7c7	1292	1314191b
3iqtA	5r1k/p6p/5r2/3P3q/4Q3/4P1P1/P4PK1/3R3R b - - 3 29	f6f2 g2g1 h5d1	1292	0p0v1113151o
5zuEy	r4rk1/1p2bppp/p2pb3/2pN2P1/4P3/5P2/PPPq3P/1K1R1B1R w - - 0 18	d5e7 g8h8 d1d2	1292	0g0t0w191o
6uVlA	r5k1/pp3pp1/3b4/7p/B2p1P2/2Pn1Qrq/3B3P/R4R1K w - - 2 26	f3g3 h3g3 h2g3	1292	01191o
6vy5p	2k2rr1/p1P5/1p6/8/2P5/1P4pR/P1B4B/6KR b - - 0 28	g3h2 g1h2 f8f2	1292	00050k0m0p0q13151o
77a4H	2rq3r/1b2b1k1/4p3/3p1p1Q/3P4/5P2/Pp2RP1P/1B1R3K w - - 3 33	d1g1 e7g5 g1g5 d8g5 h5g5	1292	0g0r1019
7M6hY	r6k/1p1b3p/p4p2/2p1B3/7Q/P1Pq3P/1P4P1/6K1 w - - 0 25	h4f6 h8g8 f6g7	1292	0p13151o
7eKPd	5r1k/2p3pp/pb6/1p1Q4/4P3/2P1qN2/PP4PP/4R2K b - - 8 28	e3e1 f3e1 f8f1	1292	060p13151n1o
8lkU0	1r4k1/7p/p2pN1p1/3P4/3B1p2/2P2PqP/PR4P1/5b1K w - - 7 34	b2b8 g8f7 b8f8 f7e7 d4f6 e7d7 f8d8	1292	0p0t0u13171d1w
8qdP6	n3bbr1/4k3/1p6/p1p1Np1p/1nP2Pp1/1KB4P/PP2B3/3R2R1 b - - 1 27	a5a4 b3a3 b4c2	1292	1315191o
8rMIp	5rk1/1q5p/5Pp1/3Nb3/p6R/Pp1Q4/1Pr4P/1K1R4 w - - 1 32	d5e7 b7e7 f6e7 c2b2 b1c1	1292	000g101119
91ZxU	8/8/6R1/4r3/p4kPP/2PK4/r7/3R4 b - - 0 36	e5d5 d3c4 d5d1	1292	0g0p1m1o1p
9bwfF	8/1q3Qpk/1p2p2p/2pb2P1/7P/5P2/5PBK/8 w - - 1 36	g5g6 h7h8 f7f8	1292	0p13151o
ADauM	5rk1/1p3p1p/p5p1/3Q4/3P4/P3PNq1/1Pr5/R5RK b - - 3 25	g3h3 f3h2 c2h2	1292	1315191o
AmKIl	6k1/pp4pp/7q/5p2/8/PPQ2KP1/1B2r2P/1R5R b - - 1 33	h6h5 g3g4 h5g4	1292	0p0x13151o
B1X0i	2k5/ppp3bp/2np4/5r2/1PBP2p1/P1P2p2/1B4PP/4R1K1 w - - 0 23	c4e6 c8d8 e6f5	1292	0g0p0s1o
CePQV	5r1k/1br5/p2qpnQ1/1p6/3P4/P2BR3/1P3PPP/R5K1 w - - 3 26	e3h3 c7h7 h3h7 f6h7 g6h7	1292	0r0y10131619
CiHo8	8/5R2/7k/5K2/6P1/8/p7/r7 w - - 0 48	g4g5 h6h5 f7h7	1292	0p13151m1o
Cu7jP	2r1r2k/pppp1ppp/8/8/1Pq5/P7/3QNPPP/R3K2R b KQ - 0 16	e8e2 d2e2 c4c3 e1f1 c3a1	1292	0g0s10191n
D0Jqg	3r1rk1/1R3p1p/1p3p2/p1p2N2/2b2P2/P2p2P1/1P5P/3BR2K b - - 1 31	c4d5 h1g1 d5b7	1292	0g0s191o
DBbxe	8/ppk4p/3p4/3q4/2b5/P4Q1P/1P3R2/7K b - - 0 42	d5f3 f2f3 c4d5	1292	0d0g0p1g1o
DbtfJ	4r1rk/pp3p1p/2npqPpQ/8/5R2/1N6/PPP3PP/R6K w - - 7 24	h6h7 h8h7 f4h4	1292	050y1315191n1o
DxAjh	r4r2/1b3kp1/1pn1p3/1NppPp2/3P4/P3PB2/1P4PP/R1B3K1 w - - 4 23	b5d6 f7e7 d6b7 f8b8 b7d6	1292	010s101119
E4C2t	7k/p2q3p/1ppP1p2/2r3p1/8/4QP2/P4P1P/3R2K1 w - - 1 34	e3e7 d7e7 d6e7 c5e5 d1d8	1292	000g0p10
E6mKp	2r3k1/4Qp2/p1r2np1/1p1N4/4P3/3P4/PP4q1/1K3R1R b - - 1 27	g2c2 b1a1 c2c1 f1c1 c6c1 h1c1 c8c1	1292	061317191n1w
EKXOA	2r5/pkr5/1p4QR/3pPp2/3P1Pp1/2P1q3/3n2PP/R6K w - - 0 39	a1a7 b7a7 g6b6 a7a8 b6a6 a8b8 h6b6 c7b7 a6b7	1292	051318191n1w
EUtCW	r6k/pp2q1bp/3n1p2/4pP1Q/3p4/PB1P3P/1PP3N1/R5K1 w - - 9 30	g2h4 e7e8 h4g6 e8g6 f5g6	1292	0g0y10191g1l
EYNOj	rnbqkb1r/p3p1pp/2p2p2/1p2N3/2pPP3/2P3P1/P4P1P/R1BQKB1R w KQkq - 0 9	d1h5 g7g6 e5g6 h7g6 h5h8	1292	011019
GEyQ3	8/5p2/8/p3R2p/6k1/6P1/PP2R2K/2r2r2 w - - 8 43	e2e4 g4f3 e4f4	1292	0p13151m1o
H3FqK	4k2r/3n1ppp/4p3/r1p5/3qB3/6P1/P4P1P/2RQ1RK1 w k - 0 20	d1d4 c5d4 c1c8 e8e7 c8h8	1292	0110191p
HJMAD	rnbBk2r/pp1p1ppp/2p5/2bPp3/2P1n3/5N2/PP2PPPP/RN1QKB1R b KQkq - 0 6	c5f2	1292	0413141b1c
Hus07	6r1/p7/1kp5/8/3P1R2/3B4/rP2PK2/8 w - - 0 35	d3c4 a2b2 c4g8	1292	010p0s1o
IYdBW	1kr5/pp2q3/8/n1N1p1p1/3p4/1Q6/PP3P2/K1R5 w - - 6 34	c5a6 b8a8 c1c8	1292	0i0j0p13151g1o
IsL7M	r1bqkb1r/ppp2ppp/2n5/3pN2n/3P1P2/2N5/PPP3PP/R1BQKB1R b KQkq - 1 7	d8h4 g2g3 h5g3	1292	0g1c1o
J2pd1	3r2k1/p1p2p1p/1p1P4/4rp1P/1P6/P2R1b2/5PP1/3R2K1 w - - 0 26	d6c7 d8c8 d3d8	1292	000g0p1o
JY5A9	5rk1/Qb1rbppp/p3P1q1/8/1pB5/6N1/PP3RPP/5R1K b - - 0 29	b7g2 f2g2 d7a7	1292	0g0j191o
Jj4q0	6k1/p2P2P1/8/3r4/2p2B2/P4b2/2p2P2/2R2KR1 b - - 0 42	d5d1 c1d1 c2d1q	1292	000p13151h1o
KMgC1	r3r1k1/1b3pp1/p6p/1p1nP3/3q4/1Np3BP/PPB1Q1P1/2KR3R b - - 1 23	c3b2 c1b1 d5c3	1292	000g191k1o
KZ5iS	r3nrk1/1pp2qpp/3p4/p1nPp3/2P1B3/P1B2N1P/1P2QP2/R4RK1 b - - 0 19	c5e4 e2e4 f7f3 e4f3 f8f3	1292	011019
KZp0r	5rbk/p2n3p/1p4p1/2pp1NQ1/3PqN2/1PP5/1P4PP/5RK1 w - - 14 27	f4g6 h7g6 g5h6 g8h7 h6g7	1292	0y101316191n
KbJR6	r1bqkr2/1p2np1p/p1p2Q2/4N3/Pb2P3/2pP3P/BPP2PP1/R3K2R w KQq - 0 15	a2f7 f8f7 f6f7	1292	041315191o
KfyOn	1k5r/1ppQRp2/p1p4p/6p1/8/5qPP/5P1K/8 w - - 0 27	d7c7 b8a7 c7b7	1292	0p13151o
L0tv5	4r3/5pkp/p1N3p1/1p6/1PP4P/2K1PP2/q1N3P1/4R2R b - - 0 28	a2c4 c3d2 c4c6	1292	010p0s1o
LNqRc	8/8/6k1/1R4p1/3r2r1/PP1p1K2/3R4/8 b - - 1 48	d4f4 f3e3 g4g3	1292	0p13151m1o
Llrg5	r1b2rk1/1p2qppp/p2p1nn1/2pPp3/2P5/P1NBPN1P/1P3PP1/R2Q1RK1 b - - 0 12	e5e4 d3e4 f6e4 c3e4 e7e4	1292	010s1019
LonRd	8/kp6/4N1p1/1q1Q4/b7/4P1P1/2r2PP1/1K6 w - - 2 33	d5b5 a4b5 b1c2	1292	010p1o
MOQrW	8/2NP2rp/2k2r2/1pp5/4K3/P2R2P1/7P/3R4 b - - 0 46	g7e7 c7e6 e7e6	1292	0p13151o
N7m4n	2r3r1/ppk3pp/2p2pb1/4p3/1b2P3/2N1BP2/PP3P1P/2RK3R w - - 0 17	c3d5 c7b8 d5b4	1292	01191g1o
NrErE	4Q3/4N2k/4q2p/p3p1p1/4bp2/BP5P/P4PP1/R6K b - - 3 35	e6h3 h1g1 h3g2	1292	0p13151g1o
PwgqX	5k2/R1b2ppp/2P5/3n2P1/2bN1PK1/2P4P/3n4/8 w - - 3 33	a7a8 f8e7 d4f5 e7e6 a8e8 d5e7 e8e7	1292	0g0p1w
Q4I60	r4rk1/3n1ppp/pq1p1b1B/4pP1N/1p2P3/6Q1/PPP3PP/R4n1K w - - 0 21	h5f6 g8h8 g3g7	1292	0y1315191g1o
QC6S9	6k1/5p1p/6Pb/1p1p4/3qP1Q1/2rp2K1/6PP/5R2 w - - 1 29	g6f7 g8f8 g4g8	1292	000g0k0m0p1o
QfbaH	5rk1/pb1q2pp/8/5N2/1p6/3P2Q1/6PP/5R1K w - - 3 27	f5h6 g8h8 f1f8	1292	0i0j0p13151g1o
QkHRE	2r3k1/8/8/p5p1/8/PK5P/1PR3P1/8 b - - 2 46	a5a4 b3a4 c8c2	1292	0g0i0p1m1o
Qw1e7	2kr3r/1ppn1pp1/p1q1b3/4p3/2P4p/1Q1PBN1P/PP3PP1/2R2RK1 b - - 0 17	e6h3 g2h3 c6f3	1292	010i191o
R7Y5R	1r4k1/3n4/2q2pbb/4p2p/2PpP2p/3P1P2/1B5Q/R4RKN b - - 3 25	h6e3 h1f2 b8b2	1292	0g0v191o
RNQL2	4r1k1/6p1/p2p2Qp/3qp1PP/1p6/8/1P5K/8 w - - 1 44	g6e8 g8h7 g5g6	1292	0p0t13151o
RRmlZ	3r2k1/R5p1/2pbp1qp/1p6/1P1N4/2P5/1P2QPPP/6K1 b - - 0 24	g6b1 e2f1 d6h2 g1h2 b1f1	1292	0g0i0p10
SCC6m	r3kb1r/1pqb1ppp/p3p3/2ppP3/2nP1P2/2P2N2/PP1N2PP/R1BQK2R b KQkq - 10 13	c4e3 d1e2 e3c2	1292	011c1o
SFIdq	6k1/pp5p/6p1/2n5/3N1p2/2P2P2/PP3KPP/3rR3 b - - 1 28	c5d3 f2e2 d1e1	1292	0g0p0s1o
SQnL0	8/p1k5/3q2pp/4Q3/7P/2P2r2/P7/1R2K3 w - - 1 40	b1b7 c7b7 e5d6	1292	0g0i0p1o
SbLkp	2r3k1/p6p/1p3pp1/3NnP2/7q/4P1RP/PP3QP1/7K b - - 4 29	c8c1 h1h2 e5g4 g3g4 h4f2	1292	0g0p101g
TA11I	8/3P1k1p/2n2P2/4p1P1/4P1K1/8/8/8 w - - 3 52	g4f5 c6d8 f5e5	1292	0g0p0z1o1z
TVbjJ	r4r2/ppp2p1p/3p2nk/7N/7q/P6P/5P1P/Q5RK w - - 5 27	a1g7 h6h5 g7h7	1292	0i1315191n1o
TjdHi	6k1/pp2np2/4r3/3p4/1P1P2qp/P3B1Pp/3Q1P1K/6R1 w - - 2 34	g3h4 g4g1 h2g1	1292	010p1g1o
UFkhK	1k1r3r/1pp1bpp1/2n4p/1p2p3/P3P3/2P1BB2/5PPP/R3K2R w KQ - 0 17	a4b5 c6d4 c3d4	1292	0g191o
UJtJk	r1bqk2r/ppp1b2p/2p2p2/4Nn2/3P4/8/PPP2PPP/RN1QR1K1 w kq - 0 11	d1h5 e8f8 h5f7	1292	13151c1o
UWhvF	8/6R1/7p/1R6/PP3b1k/5P1P/2r2r2/6K1 w - - 1 36	g7g4 h4h3 b5h5	1292	0p0s13151o
UpaOO	2r3k1/5p1p/p5p1/4p3/Pp6/1P6/2q2P1P/2QR2K1 w - - 0 31	d1d8 g8g7 d8c8	1292	0g0p1o
VSC6w	r3r1k1/6np/p3N1p1/1p2p3/8/qP3Q2/6PP/5RK1 w - - 0 26	f3f7 g8h8 f7g7	1292	1315191o
W7KG0	2k5/6p1/p1PPK1r1/7p/7P/P4P2/8/8 w - - 3 43	e6e7 g6g2 d6d7 c8c7 d7d8q	1292	000g0h0p0r101h1m
WuCQc	r4rk1/1q2bppp/p7/3pPP2/N6n/1P1QB2P/P5P1/R4RK1 b - - 0 21	d5d4 f1f2 d4e3	1292	01191o
XThTZ	1r4k1/pb3q1p/1p3p2/2bP1p2/2Pp4/3Q4/P5PP/4RRK1 w - - 0 27	d3g3 g8h8 g3b8	1292	0g0s191o
YEuZD	1Q6/2P3pk/4N2p/3Pqp2/8/3Q1PbP/6P1/rR5K b - - 0 39	e5e1 d3f1 e1f1 b1f1 a1f1	1292	101316191f1y
YhF3m	8/5pk1/8/R2K4/5P2/8/P5rp/5R2 b - - 0 44	g2g1 f1g1 h2g1q	1292	000g0p1h1m1o
ZoMQ2	2r2rk1/6pp/p3p3/1p2p1q1/5n2/2P1QP2/PP4PP/3RRBK1 b - - 6 24	f4h3 g1h1 g5e3 e1e3 h3f2 h1g1 f2d1	1292	0g0j0s191g1w
ac3ie	rn1q1rk1/p1pp1ppp/1p2pn2/6N1/3Pb3/4Q3/PPP2PPP/R1B1KB1R w KQ - 4 9	g5e4 f6e4 e3e4	1292	011c1o
b6ab7	8/pp1k3q/1b5P/8/8/6Q1/P1P2PP1/6K1 w - - 1 46	g3g7 h7g7 h6g7	1292	000g0p1o
bVNjl	r3k1r1/5p1p/p1pqp3/2bpn3/Q7/4PB1b/PB3PPP/R2N1RK1 w q - 5 19	b2e5 d6e5 a4c6 e8e7 c6c5	1292	010b0s1019
cVubm	2kr1bnr/ppp2ppp/2n5/8/2q1NQ2/8/PPPP2PP/R1B2R1K w - - 1 11	e4d6 f8d6 f4c4	1292	0g0j1c1o
cYiof	1n4r1/Q7/p2RP3/1p5p/2k4q/2P5/PP3P1P/6RK b - - 0 33	h4e4 f2f3 e4f3 g1g2 f3g2	1292	0p101316
cdxTn	3r4/1p3pk1/p2r2p1/3n2q1/2pR3P/2P1RB2/PP1Q2P1/6K1 b - - 0 32	g5e3 d2e3 d5e3	1292	0g0y191o
cf0yw	4Q3/p5pk/1p4R1/2np1r1P/3p1q2/3P4/PPP2PB1/4R1K1 b - - 0 27	f4f2 g1h1 f5h5 g2h3 h5h3	1292	0y10131619
cvAoo	r3b3/ppp4p/2p2k2/2P1q3/2P3BK/7P/P3R1P1/3R4 w - - 13 31	d1f1 f6g7 e2e5	1292	0g0p1o
eM5SM	r1bqr1k1/pp3ppp/2nb4/3Q4/3Pn3/3B1N2/PP3PPP/RNB1R1K1 b - - 0 12	d6h2 f3h2 d8d5	1292	0g0j0y1c1o
ejdP0	1rbq1rk1/p6p/2p1p1p1/2N1P3/2P5/3PR3/PP4PP/1R1Q2K1 b - - 0 20	d8d4 d1e2 d4c5	1292	010s191g1o
estXr	r1k1r3/ppn3Q1/2p1p2p/4P3/2q5/2P5/P5PP/3R3K w - - 0 25	g7d7 c8b8 d7d8 e8d8 d1d8	1292	060p1013161n
fXNZR	2rq1r2/1p1b1ppk/p3p3/4P3/7b/P1n4R/1PP3PP/R1BQ3K w - - 2 18	d1h5 h7g8 h3h4 d8h4 h5h4	1292	011019
g25SN	3r1k2/1p6/2q1p1pp/7N/8/5pPP/1Q3P1K/8 w - - 10 57	b2g7 f8e8 h5f6	1292	0f0p13151o
g4gJc	5Q2/8/p5p1/1p2Rp2/7P/P2P2Pk/1PP1qP2/6K1 b - - 0 39	e2d1 e5e1 d1e1	1292	0p13151o
gBkfj	3q1r2/4npkp/r1pp1np1/p2Pp1QP/4P1P1/P1p2N2/1PP2P2/2KR2R1 w - - 0 18	h5h6 g7g8 g5f6	1292	0g0i191o
gqh0v	rn4k1/p1p1qppp/1p6/8/6Q1/8/P4PPP/3R2K1 w - - 2 22	g4c8 e7f8 d1d8	1292	0g0p1g1o
hpPiR	2rq1rk1/3nb3/2p2npP/p2p2B1/Np1P4/4P3/PPQ2P2/R3K2R w KQ - 0 19	c2g6 g8h8 g6g7	1292	0y1315191o
hpqpu	1r2r1k1/pp3pp1/3b3p/n3N1q1/4Q3/2PB3P/P2N4/2K1R3 w - - 2 23	e4h7 g8f8 e5d7	1292	0f0y1315191o
iCc7O	r2r2k1/p4ppq/1pp4p/P1NbR3/2pP3Q/2P5/2P2PPP/4R1K1 w - - 0 26	h4d8 a8d8 e5e8 d8e8 e1e8	1292	06101316191n
ikgli	6k1/1pp2p2/4r2p/1P6/3pPQ1q/3B1K1P/2P5/7R b - - 0 30	e6f6 f4f6 h4f6	1292	010p1g1o
jtnpi	1k1rr3/ppp2ppp/q1nb4/P4Q2/1P1P1P2/2P5/6PP/R1B2RK1 w - - 1 18	b4b5 a6a5 a1a5	1292	010s191o1t
jwa0m	r2b1r2/p5k1/2p3pp/2N1p2b/1PB1Pq2/P4P1P/2P2PK1/R2Q1R2 b - - 0 23	h5f3 d1f3 f4f3	1292	0g0s191o
k2vM3	r5r1/pp3k2/1np5/5p1p/P2P1q2/2P2b2/1P2QPPP/R3R1K1 w - - 0 19	e2e7 f7g6 e1e6	1292	1315191o
k5O33	2r5/1p1bp1kp/5pp1/1q6/1n2P3/3Q2PP/3N1PB1/5RK1 w - - 0 31	d3b5 d7b5 f1b1 b4d3 b1b5	1292	011019
kBqvb	rn3rk1/5ppp/p2Q4/1p6/2p5/P4b2/1Pq2PPP/3RR1K1 w - - 0 19	d6f8 g8f8 d1d8	1292	050y1315191n1o
kKYn3	4r1k1/1R3p1p/6p1/4r3/8/R4KP1/6PP/8 b - - 2 31	e5f5 f3g4 e8e4 g4h3 f5h5	1292	0p1013161m
m8WsH	2R5/5ppk/4p2p/3pPP2/2rP2P1/4K3/2p4P/8 w - - 4 35	c8c4 d5c4 e3d2 c2c1b d2c1	1292	0g0p101m
mBUJr	r4rk1/1p2bppp/pqn2n2/4p3/4P1b1/2NBQ1N1/PPP3PP/R1B2RK1 b - - 7 13	e7c5 e3c5 b6c5	1292	0g191g1o
mWanl	r3kb1r/2pq1pp1/4pn1p/pNnp4/Q4B2/8/PP2PPPP/R3KB1R w KQkq - 0 12	b5c7 e8d8 a4d7 c5d7 c7a8	1292	010j0s101c
meQxh	r4rk1/p1p1qpbp/1p4p1/n2Pp3/2P5/2Q1BB2/PP3PPP/3R1RK1 b - - 2 15	e5e4 e3d4 g7d4 d1d4 e4f3	1292	011019
n4zYj	rnbq1rk1/pp2bp2/2p4Q/3p3p/3Pn3/2NB1N2/PPP2PPP/R4RK1 w - - 2 12	c3e4 d5e4 d3e4	1292	0g191o
oB27Q	r2q1r1k/ppp5/6Q1/8/1n1bp3/2N3P1/PP3PK1/R7 w - - 0 22	a1h1 d8h4 h1h4	1292	1315191o
oEmEs	r6b/1p2kBnR/3p4/6N1/p2P3Q/PP4PK/4q2P/8 b - - 3 32	e2f1 h3g4 f1f5	1292	1315191o
oOvvx	5r2/6Q1/3p4/2b2rpk/P7/1P1P2P1/2P3P1/4K3 w - - 2 44	g7h7 h5g4 h7h3	1292	0p13151o
oo1v1	6k1/5p2/6pp/p3p2r/3bQP2/1P1P1RqP/P1R3P1/7K b - - 2 42	h5h3 g2h3 g3g1	1292	0p13151n1o
pEQky	r1bk1br1/ppppq2p/6P1/7Q/3np3/8/PPPPNPPP/RNB1K2R b KQ - 1 10	d4c2 e1d1 c2a1 g6h7 g8h8	1292	010s101c
pWVQ2	2q5/7k/1p1p2p1/3Pp2p/1P2Pn1P/R4PQ1/7K/8 b - - 13 43	c8c2 h2h1 c2c1	1292	0g0p1o
pq6cX	4k2r/3r1ppp/p4n2/1p2n3/2p5/P4NP1/1P3P1P/R3KB1R w KQk - 0 19	f3e5 d7e7 f2f4	1292	010h191o
rCVnN	8/1k6/2n2p1p/p2N1Pp1/6K1/1P4P1/P4r1P/3R4 b - - 2 40	c6e5 g4h3 g5g4 h3h4 f2h2	1292	0i0p10111316
rsKEL	r4rk1/1p2qppp/p7/2p5/3p2n1/PP1P1NNb/1BP3B1/R2Q2KR b - - 3 19	e7e3 g1f1 e3f2	1292	0y1315191o
sAz0J	r3qrk1/2p1b1pp/p3pp2/2pp4/5PQ1/1P1Pn3/PBP1N1PP/R4RK1 w - - 0 22	g4e6 e8f7 e6e3	1292	010s191o
teQFQ	8/2p2B1k/3p2pp/pP2rp2/P3b3/1Q4P1/3q1P1P/R5K1 w - - 12 39	f7g8 h7h8 b3f7 e5e7 f7e7	1292	0d0g0p10
tkq3D	1rb2br1/4kNpp/pn6/q3p3/1p2P3/1B6/PPP2PPP/R1BR2K1 w - - 2 19	c1g5 e7e8 d1d8	1292	1315191d1o
u0S0j	rnbqk2r/bpppn2p/p3pp2/4N3/B2PP3/8/PPP2PPP/RN1QK2R w KQkq - 0 9	d1h5 e7g6 e5g6 h7g6 h5h8	1292	0b0g101c
uBfZD	8/8/2K2p2/2p3p1/1bP1P3/5P2/2k1B3/8 b - - 2 71	c2d2 e2f1 d2e3	1292	080g0p111o
uDerL	4r1k1/5pp1/p4P2/1p6/3PqP2/3R3Q/PPr3PP/3R2K1 b - - 0 28	e4e1 d1e1 e8e1	1292	0p13151n1o
vFMks	2kr1b1r/pp2R1pp/5p2/2p5/2P2q2/1P1P3P/P3Q1P1/R1B3K1 b - - 0 16	f4d4 e7e3 d4a1 e2b2 a1b2	1292	0g0s10191g
wkfgr	r2q1r2/pp3ppk/2p5/1Pb1n1P1/4N2P/P3P3/5P2/RQ3K1R w - - 0 22	e4f6 h7h8 b1h7	1292	0k0m1315191o
wosse	1r3r2/2pq1p1k/p5pp/1p2p1b1/3nP1N1/1B1P3P/PPPQ2P1/2KR3R w - - 2 22	d2g5 h6g5 g4f6 h7g7 f6d7	1292	0g0s10191n
wwccr	r1b1kbnr/p2p1ppp/1pp2q2/4p3/2B1PP2/2N1Q3/PPPP2PP/R1B2RK1 b kq - 0 8	f8c5 e3c5 b6c5	1292	0g1c1g1o
wzHfe	3Q4/1b4kp/p5p1/8/2p5/P3q2P/1P4P1/3R3K b - - 2 41	e3h3 h1g1 h3g2	1292	0p13151g1o
xeGk2	r1bqkb1r/4pp1p/p1p2np1/4p3/2BQ4/2N5/PPP2PPP/R1B1K2R w KQkq - 0 10	c4f7 e8f7 d4d8	1292	040g0i1c1o
xzJA3	3r4/4n1k1/p3p3/1p3p2/8/5P2/PPBr1RPP/R5K1 b - - 3 27	d2f2 g1f2 d8d2	1292	01050p1o
youYf	r3k2r/4n1bp/p2p4/1p1P1p2/4pp2/N1P2PP1/PPQ1B2q/R3K1R1 w Qkq - 0 23	e2b5 a6b5 c2h2	1292	0g0j191o
z19Hh	r4rk1/ppq1ppbp/6pn/5b2/2BnN2N/8/PPQ2PPP/R1B1R1K1 w - - 6 14	c4f7 h6f7 c2c7	1292	0g0j191o
zQ27U	7r/1p6/p7/Pk6/4Q1p1/6P1/1q5P/6K1 w - - 2 32	e4b7 b5a4 b7b2	1292	0g0p1o1p
0PNjo	B4k2/p1b3pp/5n2/5Q2/N5n1/6P1/PP1q1PKP/5R2 b - - 1 27	g4e3 g2g1 e3f5	1293	0g191g1o
0nzc3	qr4k1/3b1ppp/2nppb2/1Bp5/4P3/2NP1N2/1PPQ1PPP/4R1K1 b - - 2 15	f6c3 b2c3 b8b5	1293	010b191o
1z9w8	7k/pp4p1/2br4/7p/4P2q/5P1B/PPQ3KP/R1B5 b - - 1 29	d6g6 c1g5 g6g5 g2h1 h4h3	1293	010i1019
2QQvG	3rk2r/p4pp1/1p6/3R4/2R5/1P2P1Pp/1P2K2P/8 w k - 1 27	c4e4 e8f8 d5d8	1293	0i0p13151m1o
3eg0B	6Q1/p3pp2/7Q/q1r1k3/1pBpP1P1/1Pb5/P1P5/1K5R b - - 0 31	a5a2 b1a2 c5a5 a2b1 a5a1	1293	05101316191d1k1n
3pQqb	2k1r3/p1pprp1p/bp6/8/6Q1/8/PPPRBqPP/3K4 w - - 0 20	e2a6 c8d8 d2f2	1293	0g0j0t191o
4eTcb	6k1/8/1Q4K1/pP1q2P1/8/4P3/8/8 b - - 6 49	d5f7 g6h6 f7h7	1293	0p13151i1o
4m2DO	7k/8/2P4p/2R5/1K6/3P2p1/2r5/8 b - - 2 45	c2c5 b4c5 g3g2 c6c7 g2g1q	1293	000g0p101h1m
4usIR	1r6/2r4k/4Q1q1/1p1p2p1/1PpP2P1/P3PP2/5PK1/2R5 w - - 5 49	c1h1 h7g7 e6e5	1293	0g0p1o
5MN9a	8/8/3P4/2p2kpp/1pP5/1P3K1P/8/8 b - - 0 42	f5e6 d6d7 e6d7	1293	0g0p1e1o
6qrJb	4r1k1/qp4pp/2p1pp2/r2n4/P1NP4/1PQ5/5PPP/1K1RR3 w - - 3 23	c3a5 a7a5 c4a5	1293	0g191o
7XLfl	1b4k1/1p4p1/p2q1n1p/3p1rP1/N3p3/1PQ4P/P1P1R1P1/4RN1K b - - 0 32	f5f1 e1f1 d6h2	1293	0y1315191n1o
8ZqVf	2r1r3/1p3k2/4bp2/1P1Nb1pp/P3P3/R4PnP/5BP1/2RQ2K1 b - - 4 38	c8c1 d1c1 g3e2 g1h1 e2c1	1293	01050s10191g
8rr6r	6k1/8/8/pK3Rp1/P3N2p/4rP2/8/6n1 w - - 4 40	f5g5 g8f8 g5g1	1293	010p0s1o
9WTbE	4b3/R4pk1/4P1p1/1ppB4/5r2/8/PPP5/3K4 b - - 0 37	f4d4 d1e2 d4d5	1293	010p0s1o
9b3W9	3r1r1k/1b4R1/p3pn1p/1pp5/3PQ3/P1P5/2B2PPP/2q1N1K1 w - - 1 25	g7h7 f6h7 e4h7	1293	0y1315191n1o
A0SZI	3r3k/3n3p/p3p1r1/3p1pR1/1q3P2/N5Q1/PP3P2/R6K w - - 0 30	g5g6 h7g6 g3h4 h8g8 h4d8	1293	0g0s1019
A2PlB	r5k1/2q3p1/ppbppr1p/8/P4pRR/2P4Q/2P1BPPP/6K1 w - - 0 22	h4h6 f6h6 h3h6	1293	01191g1o
AFdn5	r5k1/pp3pp1/7p/3P2r1/2Q1Bq2/2P1R2b/P4PPP/5RK1 b - - 4 20	g5g2 e4g2 f4c4	1293	01191o
B3VzS	3r2k1/pp3p1p/1q1P2p1/3Q4/4r1n1/1BP1R3/P4PPP/6K1 w - - 0 27	d5f7 g8h8 e3e4	1293	010w0y191o
BDWpP	2k4r/ppp2ppp/4b3/3NQ3/1n4P1/q2P1N1P/2PB1P2/1K1R3R b - - 0 20	a3a2 b1c1 a2c2	1293	1315191k1o
BKJVA	r5k1/pp1rnpp1/3b3p/2pN1p2/2P2P2/P2P3P/1P2BP2/2KR2R1 w - - 4 22	d5f6 g8h8 f6d7	1293	0g191g1o
CWNh7	r1b3r1/pp3q1k/1n4n1/2p1Q3/3p4/P2P1NP1/1PP2P2/R4R1K w - - 1 26	f3g5 h7h6 g5f7	1293	0g0s191o
CZiXV	2r3k1/6rn/p3p2Q/3p2P1/5q2/2NP4/1PK1P3/7R w - - 0 30	h6e6 f4f7 e6c8	1293	010s191o
Dkvwm	8/7p/1Q4pk/2pqbp2/8/P4R1P/4NPP1/3r1BK1 b - - 0 38	d1f1 g1f1 d5d1	1293	051315191n1o
E3x41	8/8/p2k2p1/7p/2K2P1P/P7/8/8 b - - 4 46	d6e6 c4d4 e6f5	1293	0g0p1e1o
E57W5	5R2/6k1/4p2p/2ppr1q1/8/1PP3P1/P4QP1/6K1 b - - 11 41	g5c1 f2f1 e5e1	1293	0g0p1g1o
Fqlr6	2r2rk1/p4pbp/3q2p1/3Pp3/2R1P3/1B3Q1P/P5P1/5RK1 b - - 0 22	c8c4 b3c4 d6c5 g1h2 c5c4	1293	0g0s1019
G0oA8	rnb2rk1/4qppp/2p1p3/1p6/p7/2P2Q1N/PPB2PPP/2KRR3 w - - 2 18	c2h7 g8h7 f3h5 h7g8 h3g5 e7g5 h5g5	1293	050g0y191n1w
G8tQT	2rr2k1/1p2R2p/p5p1/3q4/3P3Q/2B5/PP1K4/8 w - - 5 42	h4h7 g8f8 h7g7	1293	0p13151o1u
HBQHN	6k1/3r1pq1/4p1p1/4Q3/pp6/7R/r5PP/5R1K w - - 2 39	e5b8 g7f8 h3h8 g8h8 b8f8	1293	050g0i0p10
JKaHo	8/8/2p5/1p1P4/pP2Ppk1/P7/5K2/8 b - - 0 52	c6d5 e4d5 g4f5 f2f3 f5e5	1293	0g0p101e
JU6ug	r1bqr1k1/pp3p1p/5b1p/4N3/3pQ3/2PB3P/PP4P1/RN4K1 w - - 2 18	e4h7 g8f8 h7f7	1293	0y1315191o
JcbDE	8/R3P3/4rk2/p2K4/8/8/8/8 w - - 6 59	a7a6 e6a6 e7e8q	1293	000g0i0p1g1h1m1o
JjWr0	r2qr1k1/5ppp/p7/1pbp2P1/3p1Bb1/P2P4/BPPQNP2/2KR3R b - - 1 17	e8e2 d1e1 e2d2	1293	0g191o1t
K5bkI	r5k1/1pp3pp/2n1p3/p4r2/P1N1Np1q/2PPbP2/1P2Q1PP/R4R1K b - - 5 17	h4h2 h1h2 f5h5	1293	050y1315191f1n1o
KalGx	r2q1rk1/1b3p1p/p1n1pRpB/3p4/4P3/2Q5/PPP3PP/R5K1 w - - 0 18	f6g6 f7g6 c3g7	1293	0d0y1315191n1o
KqzLH	r3r1k1/1p2np1p/p2q2p1/3pR1Q1/3P4/3B3P/PP3PP1/R5K1 b - - 3 20	f7f6 g5e3 f6e5	1293	0g0s191o
LPMZr	8/3r1k1p/1q4p1/p2p1p2/2n5/2P4P/P3Q1P1/4R2K w - - 0 38	e2e8 f7g7 e8d7	1293	010p0s1o
M36WA	7k/2p2p1p/p4b1B/1p3N2/1KP5/P2r3P/5P2/4R3 b - - 2 36	f6c3 b4c5 c3e1	1293	010p0s1o
MTiYA	5rk1/p3R1pp/1p6/2p5/5q2/2P3QP/6PK/8 w - - 2 34	e7g7 g8h8 g7g8 f8g8 g3f4	1293	0g0i0p10
Mopf1	8/8/2k5/6R1/8/R1P4r/2r5/5K2 b - - 9 56	h3h1 g5g1 c2c1	1293	0g0p1m1o
MospD	r1b2rk1/pp3pp1/1np4p/2NnN3/3q4/P2B4/1PQ2PP1/4R1K1 w - - 0 25	d3h7 g8h8 e5f7 f8f7 e1e8 f7f8 e8f8	1293	0d0i0y1317191n1w
MvR0o	5rk1/4bppp/p7/1p6/4n3/1P1rP1R1/PB4PP/2R3K1 w - - 0 25	g3g7 g8h8 g7f7	1293	0g0i0j0k191o
N5Lch	2r2rk1/p2pQppp/4p3/4P3/5qP1/P1B4P/1P1R2K1/R7 b - - 0 28	c8c3 b2c3 f4d2	1293	0b0g191o
NLhzD	5rk1/p5pp/2p5/2Npq3/8/1P1P4/P1P4P/5Q1K w - - 1 26	f1f8 g8f8 c5d7 f8e7 d7e5	1293	050g0p0s10111n
NjezM	5rk1/pp2Qp1p/4pPp1/2R2r2/3P3P/8/PP2qP2/3R2K1 w - - 11 36	e7f8 g8f8 c5c8	1293	050p0y13151n1o
NxvgJ	r6k/p4r1P/1p6/8/2pq4/3pR3/5Q1P/3R2K1 w - - 0 33	e3e8 a8e8 f2d4	1293	0g0j0p111o
OtUvS	6R1/pp1n1Qbk/6pp/2p2q1n/3Bp3/P6P/5PP1/6K1 w - - 2 30	g8g7 h5g7 f7g7	1293	1315191o
Owvj7	r2kB3/pp1qb1Qp/2p5/3p2p1/P3P3/6P1/1PP5/R4RK1 b - - 0 22	e7c5 g1g2 d7g7	1293	0g0j191o
PBcyd	8/6k1/1p1N2p1/2pb2P1/p3pR1p/P1P4P/2r3P1/7K w - - 4 40	d6e8 g7g8 e8f6 g8f7 f6d5	1293	010j0k0p0s1011
PcerL	3r2k1/p2r1pp1/1p2pq1p/2p5/R6P/3P1bP1/P2R1P2/2Q2BK1 w - - 12 32	a4f4 f6g6 f4f3	1293	010v191o
PdxsZ	2r2rk1/ppq2p2/3p2PQ/3Pp3/8/3n1B2/PP3PP1/1K3R1R b - - 0 21	c7c2 b1a1 c2b2	1293	1315191k1o
QAbYX	r5k1/1p2rpp1/p2p3p/2pP3n/2P2P2/1PQ3RP/PB2q1PK/8 w - - 4 27	g3g7 g8f8 g7g8 f8g8 c3h8	1293	050y101316191n
QFjnR	5r2/p3r1k1/3p3p/7Q/P2P1qp1/1BP2p2/1P3P2/6RK w - - 2 37	g1g4 g7h8 g4f4	1293	0g0p0s1o
QkrTG	1r2rk2/p4pb1/2p1b1B1/3pq2Q/6P1/P4R2/1PP4P/5R1K w - - 7 28	f3f7 e6f7 f1f7 f8g8 h5h7	1293	10131619
Qz0Fp	6rk/p5pp/1p6/2p5/6R1/3Q2RP/PPP2qPK/5r2 w - - 4 27	d3h7 h8h7 g4h4	1293	050p13151n1o
RW7pe	r5nr/1b2k1pp/p2bP3/2pq2pQ/3p3P/8/PPP2RP1/R5K1 w - - 0 20	h5f7 e7d8 f7d7	1293	1315191o
RupyV	3n1r2/p3Np1k/5Qpp/8/2q1B2P/6P1/P4P2/7K w - - 2 29	e4g6 f7g6 f6g6 h7h8 g6h6	1293	0i0p101316
SR0RI	R7/6p1/4p1r1/3k1n1p/Pp6/3N4/3K4/8 w - - 0 46	d3f4 d5c6 f4g6	1293	010p0s111o
T93ZZ	3r4/ppk3b1/2p1N2p/6p1/2B2n2/2P1KP2/PP3P1P/6R1 b - - 3 25	f4e6 c4e6 d8e8 f3f4 e8e6	1293	010p101g
TQAB7	r2qk2r/pp1bbppp/2n1p3/1B1p4/P7/2NQ1N2/1PPP1PPP/R1B1K2R b KQkq - 2 10	c6b4 d3f1 b4c2 e1d1 c2a1	1293	010s101c
TSMxC	1r4k1/1Pp2pbp/1q2p1p1/3p1b2/3P4/4P2P/1Q3PP1/R5K1 w - - 1 29	b2b6 c7b6 a1a8	1293	010p1g1o
UN1my	2rqrk2/pp1b1p2/1bn1pN1p/8/3PP3/2N4P/PPB3P1/R2Q1RK1 b - - 0 18	b6d4 g1h1 d4f6	1293	011c1o
UoWA1	2r3k1/1b3pp1/p2N2p1/3Pp3/8/Q1q5/P4PPP/4R1K1 w - - 1 29	a3c3 c8c3 d6b7	1293	0g0p111o
UpiiB	3N4/8/1P1n1k2/3p4/3P2pp/2PK4/6P1/8 b - - 1 40	h4h3 b6b7 d6b7	1293	0g0p0z1o
VJk7L	8/8/5p2/3q1k2/7R/4P1P1/5PKP/8 w - - 5 44	e3e4 d5e4 h4e4	1293	0g0p0s1j1o
W8qYT	r2qkbnr/ppp2ppp/3p4/2n1N3/4P3/1BN4P/PPPP1PP1/R1BbK2R w KQkq - 0 8	b3f7 e8e7 c3d5	1293	0413151c1o
WCns6	rn1qk2r/1p2b1pp/p1p2p1n/3Pp3/QPB5/P3PN2/1B1P1PPP/1R2K2R b Kkq - 2 10	b7b5 c4b5 c6b5	1293	010s191o
XqCbd	4r1k1/5pp1/q2p3p/3Q4/P2P1P2/4r1P1/2R4P/R5K1 b - - 5 34	e3e1 a1e1 e8e1 g1f2 a6f1	1293	0p101316
YFb8y	r2q3r/1ppb2k1/3p1Npp/p1bBp3/4P3/2P2Q1P/PP3PP1/R4RK1 w - - 1 18	f6h5 g6h5 f3f7	1293	0d1315191n1o1s
ZMekv	rb1q1rk1/1p2nppp/1P2pn2/2Pp4/b7/4PN2/1B2BPPP/R2Q1RK1 w - - 0 17	a1a4 a8a4 d1a4	1293	011c1o
a8Vjm	r1b1r3/ppp3k1/3bp2p/5qp1/2B5/5Q2/PP3PPP/R3R1K1 w - - 0 20	f3f5 e6f5 e1e8	1293	0111191o
c6Mww	4r1k1/p3Q1pp/4p1q1/3pB3/1p2nP2/1P4PB/P1r4P/R5K1 w - - 16 33	h3e6 g8h8 e5g7 g6g7 e7e8 g7f8 e8f8	1293	0i0y1317191w
cBO4t	2r2r2/1pq1ppk1/3p2p1/p2Q1P1p/4P2P/1B6/PPP2nP1/1K1R3R w - - 1 21	d5d4 g7h7 d4f2	1293	0g0s191o
cJ9gU	8/8/6p1/5pPp/5K1P/3k2P1/8/8 w - - 5 51	f4e5 d3e3 e5f6 f5f4 g3f4	1293	0g0p101e
dKRdz	1k1rR3/1p1P1qp1/p5Np/2p2n1P/1n6/5N2/1P3PP1/1K1RQ3 b - - 1 31	f7a2 b1c1 a2a1 c1d2 a1b2	1293	0i101316191k
e3sRk	5r2/1p1b2k1/p1p3p1/4P1q1/8/P3Q1Pp/B4R1K/4R3 b - - 0 31	g5e3 e1e3 f8f2	1293	0b0g0w191o
fzScg	8/pp1Q4/1q2rbkp/5pp1/7P/2P1r1P1/PP3N2/R5K1 w - - 1 29	h4h5 g6h5 d7f7	1293	051315191o
gYJLw	4rnk1/1p4r1/p1p1Pp2/3p1Q2/1P1P3P/P5q1/2B5/3R2RK b - - 2 41	g3h4 f5h3 h4h3	1293	0y1315191o
h8DEQ	r1b1kb1r/pp3ppp/2pp1n2/4q3/2B1PP2/2N5/PPP3PP/R1BQ1RK1 b kq - 0 9	e5c5 g1h1 c5c4	1293	010s1c1o
hHUAY	6rk/1p6/1Pp5/2Pp2N1/3Ppq2/4R2p/7N/7K w - - 0 43	e3h3 h8g7 g5e6 g7g6 e6f4	1293	0g0p0r0s1011
hhwMC	r4r1k/ppq4n/4p1Q1/3p4/3P4/b1PB3R/Pn3PPP/R5K1 w - - 5 22	h3h7 c7h7 g6h7	1293	0s1315191o
hjxDv	2r1k2r/1Q3ppp/4pbn1/8/8/NP4B1/P1pq1PPP/2R1R1K1 b k - 0 23	d2e1 c1e1 c2c1q	1293	000g191h1o
j8RW6	8/5k2/R5p1/3pB2p/3P3P/6K1/1r3nP1/8 w - - 2 42	a6f6 f7e8 f6f2	1293	0g0p1o
jPb51	r1bq1kr1/ppp3pQ/3p1n1R/5p1B/8/8/PP3PPP/4R1K1 w - - 2 22	h6f6 d8f6 e1e8	1293	1315191d1n1o
jW5Rt	3r2k1/7p/p5p1/1p1Rnp2/1P2p3/P3q1P1/2r2PBP/5RK1 w - - 0 28	d5d8 g8g7 f2e3	1293	010t0w191o
k6Ii7	4b3/1r3k2/3p1pp1/R2P1p2/2P1pP2/1pRN2P1/6KP/8 b - - 0 52	e4d3 c3d3 b3b2	1293	00010p1o
kFFGP	6k1/p4pp1/7p/8/8/P4Q2/5PPP/1rqR2K1 w - - 2 26	f3a8 g8h7 a8e4 g7g6 e4b1	1293	0g0p10
kUjYu	r4r1k/1p4pp/3pB1p1/3Pn3/8/pPq2P2/P1P4Q/N1KR4 w - - 4 26	h2h7 h8h7 d1h1	1293	050y1315191f1n1o
kabWL	1b3r1k/4R1p1/7p/8/P2p1q2/3N2nP/Q5BK/R7 b - - 0 34	g3f1 h2g1 f4h2	1293	0k0m1315191o
kvbjk	r2qkbnr/pp1b1p1p/3p2p1/4p3/2PQ1B2/2N1P3/PP3PPP/R3KB1R w KQkq - 0 9	f4e5 d6e5 d4e5 d8e7 e5h8	1293	010s101c
kxz7A	7k/pp5p/2nq2p1/8/2p1pr2/P1P2N2/1P2QPPP/3R2K1 b - - 1 29	e4f3 d1d6 f3e2	1293	00010p1o
me1mr	2r1r1k1/pb3pp1/1p2pq1p/3pRn2/3P4/2P2NP1/PPQ2PBP/R5K1 b - - 4 20	f5d4 f3d4 f6e5	1293	0b0g0i191o
mnC6X	3rr1k1/ppQ2p1p/6pB/8/8/N1Pq4/PP3PPP/5RK1 b - - 0 17	d3f1 g1f1 d8d1	1293	050y1315191n1o
n86J2	1k5r/pp3p2/4p1p1/2rpP1P1/q2N1P1P/2P5/PPbQ3R/K3R3 b - - 1 28	a4a2 a1a2 c5a5	1293	0511121315191f1n1o
nF3aR	4r1k1/ppp2ppp/2bb4/3q2B1/8/3B3P/PPPQ1PP1/4RK2 w - - 4 20	e1e8 c6e8 d3h7 g8h7 d2d5	1293	0g0j0y1019
nF6CO	4r3/1bpP1k2/1p2n3/1p6/2P5/3B2P1/1b2K1P1/8 w - - 0 28	d3g6 f7g6 d7e8q	1293	0001050i0p1h1o
nINHG	2Q5/1p1q1kpp/p5n1/5N2/8/6P1/5P1P/2R1r1K1 w - - 1 29	c1e1 d7c8 f5d6 f7f6 d6c8	1293	0g0p0s101n
nW1jx	r7/ppp3pp/2k2p2/5Q2/2P5/1q5P/5PP1/6K1 w - - 4 30	f5d5 c6b6 c4c5 b6b5 d5b3	1293	0g0j0p0r10
oFkQB	1rb2k1r/2p1p1bp/2p2p1n/q5pQ/2B4P/2PPB3/P4PP1/RN3RK1 b - - 0 14	c8g4 h4g5 g4h5	1293	011c1o1t
oSbmS	2b2rk1/3n1p1p/3p2P1/4p1P1/4P3/Pp1p1NP1/2qQ2B1/K2R3R b - - 0 26	b3b2 a1a2 b2b1q	1293	000k0m1315191h1o
oaQQh	5k2/8/8/8/PPpp1pp1/7p/2P1KP1n/7N w - - 0 41	a4a5 h2f3 a5a6	1293	010p0z1l1o
okprc	r3r1k1/pp1q1p1p/n2p1Bp1/2pP1n2/2P3Q1/5N2/PP1KBPPP/R6R b - - 0 20	e8e2 d2e2 f5d4 g4d4 c5d4	1293	01050r10191n
onOX5	2r1r1k1/1p2qpbp/p2p2pB/3P1P2/2P1p3/1P6/P2Q2PP/2R2RK1 b - - 1 22	e4e3 h6e3 e7e3 d2e3 e8e3	1293	010y1019
ouN2I	3r1rk1/ppp2ppp/5n2/1Q6/8/1B1b1P2/Pq1N2PP/3R1RK1 w - - 3 18	b3f7 f8f7 b5b2	1293	0g0j191o
pbzD8	8/8/6NB/5p2/p1n5/7P/2k1KPP1/8 b - - 2 42	a4a3 g6e7 a3a2 h6g7 c4b2	1293	00010h0p10
pvmEl	3r4/p2k3p/n1p2pp1/B4n2/5P2/8/PPP4P/2K1R3 w - - 0 32	e1d1 f5d6 a5d8	1293	0g0p0w111o
pwFGy	3r1r1k/pp4pp/2nbBp2/2p2P2/7R/1P2P3/PBP1K3/R7 w - - 8 32	h4h7 h8h7 a1h1 d6h2 h1h2	1293	050y101316191f1n
qHkhT	2r3n1/pp5k/4q1p1/4pNQ1/3pP3/PP1P3P/6P1/5K2 w - - 0 28	g5h4 g8h6 h4h6 h7g8 h6g7	1293	0p101316
qO9OA	8/7r/2p5/2k5/p1p5/P1P3KR/1P6/8 b - - 0 49	h7h3 g3h3 c5d5 h3g4 d5e4	1293	0g0h0p101m
quzYi	3r4/pk5b/1pn2p2/8/5QP1/2R3B1/qPP1P3/2K5 w - - 0 34	f4c7 b7a6 c3a3 a2a3 b2a3	1293	0g0s1019
rEVN4	4rr1k/pq4p1/1p3p1p/2b5/6Q1/2B5/PP3PPP/3R1RK1 w - - 2 22	d1d7 b7d7 g4d7	1293	01191o
rNmVo	5rk1/p2rqp2/1p3Rp1/3B3p/2PQ4/1P4P1/P5KP/8 w - - 0 30	f6g6 g8h7 d4g7	1293	0p13151g1o
s5OZo	1R6/8/3k1p2/2p3pp/1P6/5P1P/1r4PK/8 w - - 0 47	b4c5 d6c5 b8b2	1293	0g0j0p11121m1o
s9vXV	3R4/pp4kp/1r4p1/2n3PP/5r2/8/PPP2P2/2K1R3 w - - 0 32	e1e7 f4f7 h5h6	1293	0p13151g1o
shbdE	8/QP3pk1/3q4/3p2p1/3P2n1/6P1/6P1/5R1K b - - 0 37	d6h6 h1g1 h6h2	1293	0p13151o
swoqF	4rrk1/Q3pp1p/6p1/1P1q4/2n5/2P4P/5PP1/R1B2RK1 b - - 0 21	e8a8 a7e7 a8a1	1293	01191o1p
t6VOH	5r1k/6p1/2Q4p/4B3/3P4/8/5qPK/8 w - - 1 42	c6h6 h8g8 h6g7	1293	0p13151g1o
t8GrY	8/6k1/5p1p/p5n1/8/4K1P1/P3Q2q/4R3 b - - 6 42	h2g3 e3d2 g5f3 e2f3 g3f3	1293	0g0p0r0s10
tH0d2	r4rk1/2p2ppp/p2bp2q/4n3/2B1Q3/3P4/PP3PPP/R1B2RK1 b - - 0 18	e5f3 g2f3 h6h2	1293	0y1315191n1o
tfR1V	r3k2r/pppq1R2/7p/1Q1p4/1n4n1/4PN2/PPP1B1PP/R5K1 b kq - 0 18	d7b5 e2b5 e8f7	1293	0g0w191o
txxsQ	6k1/p1p2p1p/b5p1/8/2P1P3/4bNqP/P1Q3B1/3R1K1R b - - 2 24	a6c4 d1d3 c4d3 c2d3 g3f2	1293	0r10131619
uMw6F	2r3k1/3p2pp/pq1p4/8/3p1p2/1b1P1P1P/2r2QPN/1RR3K1 w - - 0 29	c1c2 c8c2 f2c2 b3c2 b1b6	1293	011019
uWGAe	4r1k1/1p3ppp/p4b2/2p2q2/P2pN3/3P4/1PP2PPP/R2Q2K1 w - - 2 18	e4d6 f5d7 d6e8	1293	010p0s1o
vPNY1	2r1r1k1/ppq2ppp/5n2/8/2N5/2Q4P/PP3PP1/R2R2K1 w - - 1 18	c4d6 c7c3 b2c3 e8d8 d6c8	1293	010s1019
whr4N	4r3/p4q2/1p2p1kp/3pB3/3Pnp2/2r5/P1PQ1PP1/2R1R1K1 w - - 2 30	e1e4 d5e4 d2c3	1293	0b0g191o
wzYs6	2r3k1/1bp2R2/1p1p4/3Pr3/p1P1n1p1/P1N1b1P1/1PQ3PP/5R1K b - - 3 28	e4g3 h2g3 e5h5	1293	0y111315191f1n1o
x4ryp	r4bkr/pp4pp/5q2/nb2N3/8/5Q2/PP3PPP/R1B2RK1 w - - 4 15	f3d5 f6e6 d5e6	1293	0s13151c1o
xG7Mr	1r6/p3Qpk1/2p5/4p1p1/2BPNp2/2P2P2/P6r/1q2RKR1 b - - 5 31	b1e1 f1e1 b8b1	1293	051315191n1o
yTLYz	rn1q1rk1/pp2p1bp/2p2pp1/8/P5bP/2Q2N2/1PPP1PP1/R1B1KB1R w KQ - 1 11	c3c4 d8d5 c4g4	1293	0g0s1c1o
zMaWK	5rk1/1p1n1q1p/2p3p1/2Ppb3/1P1N2B1/6Pb/2NP3P/B2QR1K1 b - - 0 23	f7f2 g1h1 h3g2	1293	0y1315191o
zvgPY	5rk1/pp1br1pp/1q2pn2/3p2N1/3n1N2/P5P1/1PQ2P1P/RB2R1K1 w - - 0 22	c2h7 f6h7 b1h7 g8h8 f4g6	1293	0y101316191n
0B9eZ	5rk1/pbq1r1p1/1p2p2p/4P1N1/3P4/3BQ3/PP4PP/5R1K w - - 0 22	d3h7 g8h8 f1f8	1294	0i0y1315191o
0pKjE	r4r2/7R/p1np2k1/2p1p1q1/1pP1P1b1/3P1P2/PPBQ4/R3K3 w Q - 0 27	h7g7 g6g7 d2g5	1294	050g0i191o
2Lf70	7k/p5p1/2R5/8/8/1B1r3P/Pb6/7K w - - 0 34	c6c8 h8h7 b3c2	1294	010p1g1o
2aLij	r2k4/p2bp2p/6pB/1rp5/K7/1B2p2P/PPP2bP1/3R3R w - - 0 22	d1d7 d8d7 a4b5	1294	01191o
357bV	3q3k/1b4p1/p1R2pBp/1p1p4/1P1P4/P3P2P/5PP1/6K1 w - - 1 30	c6e6 b7c8 e6e8 d8e8 g6e8	1294	010p0s10
3cDzt	6k1/2q1rppp/1p3b2/pQp5/P7/2P2N1P/5PP1/4R1K1 w - - 0 29	b5e8 e7e8 e1e8	1294	060p13151n1o1y
3tjWi	5bk1/5pp1/1p5p/1Pprr3/Pq6/5B1P/5QK1/2B2R2 w - - 0 36	f3d5 e5d5 f2f7 g8h7 f7d5	1294	050g0j0s1019
48WQr	5rk1/p2R2pp/bp1N4/2bP4/5BQ1/6PP/q4PB1/6K1 b - - 2 25	a2f2 g1h2 f2g1	1294	1315191o
4Abjp	5Q2/ppp3pp/2k5/4q3/3n4/8/PPPP2PP/RNB2K1R b - - 0 18	e5e2 f1g1 e2e1 f8f1 d4e2	1294	0s10131619
4FyUA	r3k2r/3b1pp1/4p3/3pP3/p1p2P2/2P2NpP/PP2QqP1/R3R2K b kq - 2 22	h8h3 g2h3 g3g2 h1h2 g2g1q	1294	000k0m0y101316191h1n
5HDOw	r3rb1k/pp3p1p/2p2p1B/5N2/3P2Q1/8/PPP1q1PP/R5K1 w - - 8 20	h6g7 f8g7 g4g7	1294	0e0y1315191o
6Giip	5r2/6k1/b3pN1p/B2pPpPQ/1P1P4/4P1PK/5q2/8 b - - 1 31	a6f1 h3h4 f2h2	1294	0p13151o
6HKok	8/8/5K1k/p7/1p2r3/8/PP4R1/8 w - - 0 59	g2h2 e4h4 h2h4	1294	0p13151m1o
6Sb1N	r3k1nr/pp4pp/2p5/3p4/8/2NB1Q1q/PPP4b/R1B2R1K b kq - 0 18	h2g3 h1g1 h3h2	1294	0j0k0y1315191o
6ri0W	8/8/5R2/6pk/5p2/1r2PKP1/8/8 w - - 0 63	g3g4 h5h4 f6h6	1294	0p13151m1o
7AuaP	3r4/8/p1kr4/1p2K1P1/8/3R4/2p5/2R5 w - - 0 54	c1c2 c6b7 d3d6	1294	0g0i0p1m1o
7ipqt	1b4r1/7k/7p/5N2/3QPp1p/4nP2/5K1P/8 b - - 4 42	g8g2 f2e1 e3c2 e1f1 c2d4	1294	010p0s1011
85uFF	8/5p1P/7r/5pk1/R7/5KP1/8/8 w - - 1 62	a4h4 h6h7 h4h7	1294	0g0p111m1o
8xc2u	3bqr1k/1b1p2pp/p4pn1/1p3N2/3BP3/P1N5/1P2Q1PP/2R3K1 w - - 1 23	f5d6 e8e6 d6b7	1294	010s191o
AlL7Z	r1b2r2/1pq2k2/p3pbpp/3p1B1N/3P1PQ1/2P5/PP1N2P1/R4RK1 b - - 0 19	e6f5 g4f3 g6h5	1294	01191o
AxobF	r6r/pp3kpp/1qp2b2/4p2b/4P3/3P1N1P/PPP3P1/R2Q1R1K w - - 0 15	f3e5 f7e7 d1h5	1294	010j191g1o
B2srX	4r1k1/R1R4p/6p1/4p3/6K1/3q2Q1/P6P/8 b - - 0 44	d3f5 g4h4 f5h5	1294	0p13151o
C8iA5	1r1q1r2/p4pkp/2p1p1p1/3p4/1P3Q2/4P3/P2nBPPP/1R3RK1 w - - 2 22	f4d4 d8f6 d4d2	1294	010s191o
COds0	1r2q3/1bnr1Npk/p1p1p3/1p2P1p1/2pP2Q1/P7/1P6/R4RK1 w - - 0 28	g4h5 h7g8 h5h8	1294	1315191o
ChMAQ	k5r1/2R5/p2Qp3/1p1b4/P2P4/1P3qPP/5P2/6K1 w - - 2 37	d6a6 a8b8 a6a7	1294	0p13151o1u
Cjwit	3r1r2/ppkB3Q/2p5/3pN3/3P4/2b5/PPP3PP/6K1 b - - 0 23	c3d4 g1h1 f8f1	1294	060p0s13151o
CoxFI	8/pk1r1p2/1p3Bp1/2p1Q1Pp/P7/K7/1P1q4/1R6 b - - 0 46	d2b4 a3a2 b4a4	1294	0i0p13151o
D4Rs1	r6r/p1p2kpp/2Qb1q2/5b2/4P3/8/PPP2PPP/RNB2RK1 b - - 0 13	d6h2 g1h2 f6c6	1294	010j191o
DKtsm	8/1p3p2/7p/1PPkP1p1/4pp2/8/1P5P/3K4 w - - 1 44	c5c6 b7c6 b5b6 d5e5 b6b7	1294	000g0p101e1n
DPMGc	4rr2/R7/7k/p1NpBbpp/P1pP4/8/5PP1/1R4K1 b - - 8 33	f5b1 e5g7 h6g6 g7f8 e8f8	1294	010t1019
DWhqv	8/8/1R5p/3P1kp1/4q3/4B2P/6PK/8 w - - 1 45	g2g4 f5e5 b6e6 e5d5 e6e4	1294	0g0p101p
F9evO	5rk1/5pp1/1pp1p1b1/3n4/1P1PN3/8/3B3r/3BRKR1 b - - 6 31	g6e4 e1e4 h2d2	1294	0b0g191o
FM2EZ	5k2/1R3P2/p5p1/1p1B3p/8/P6P/3n2PK/1r6 b - - 2 34	d2f1 h2g1 f1e3 g1f2 e3d5	1294	010j0k0p10
G1TSA	rk2r3/p1bbRpp1/B7/2N1n1p1/1P6/2P5/P4P1P/2K5 w - - 0 27	c5d7 e5d7 e7e8 c7d8 e8d8 b8c7 d8a8	1294	0g0i0s191p1w
I1Tao	1k5r/pp6/8/2N1P3/4q3/1Q2p3/PP1r2PP/1R4RK b - - 0 28	h8h2 h1h2 e4h4	1294	051315191n1o
IMcJp	rnb1kbQ1/p1ppqp2/1p4pp/8/2B1n3/8/PPPP1PPP/RNB1K1NR b KQq - 1 8	e4f6 g1e2 f6g8	1294	0g0j0k1c1o
IZNru	8/pppQ2pk/3p3p/3Pp3/PPP1P3/1N1nb3/5r2/3N2K1 b - - 4 27	f2f7 d1e3 f7d7	1294	0g0j0k0p1o
J2LVo	rnbqk2r/ppp2ppp/8/2bPp3/2B3n1/2N2N1P/PPPP1PP1/R1BQK2R b KQkq - 0 6	g4f2 d1e2 f2h1	1294	01040s1c1o
JG7nm	r3r1k1/ppp3pp/5pq1/1b2p3/4N3/P4P2/3Q2PP/3RR1K1 w - - 0 23	d2d5 g6f7 d5b5	1294	010s191o
Jkyvo	5k2/5p2/1Qp5/2p1p2P/P3P1n1/1P1P4/2P2q2/1K6 w - - 1 35	b6d8 f8g7 d8g5 g7h7 g5g4	1294	0g0p0s1011
KSZQl	2r5/R7/7p/5pp1/3Pk3/2p1P2P/2K3P1/8 w - - 0 42	a7e7 e4d5 e7e5 d5d6 e5f5	1294	0g0p101m
Kuy9X	q1k3r1/5R1p/8/p7/3R4/2Pp3P/P7/2B2K2 w - - 0 44	d4c4 c8d8 c1g5 g8g5 f7f8 d8d7 f8a8	1294	0g0p0r1n1p1w
Kxsoq	8/r1q2p2/PQ2p1kp/3p2p1/8/8/5PPP/R5K1 w - - 4 38	b6c7 a7c7 a6a7	1294	00010p1o
LQKHl	3q1rk1/5ppp/p7/1rb5/5B2/2Q5/P1P3PP/R4R1K b - - 1 23	c5d4 c3g3 d4a1	1294	0g191o1p
LnWkW	8/4pkbp/Qp1r2p1/6P1/2n2N2/4BP2/PPP4P/2K5 b - - 0 25	g7b2 c1b1 d6d1 e3c1 d1c1	1294	0p1013161d1k
LqDlY	1r4r1/p2b1k1p/1q1p1n1P/p2Pp3/4P2Q/2N2P2/PP1RN3/2K3R1 b - - 2 27	g8g1 e2g1 b6g1	1294	0g191o
M8Evb	8/p4ppk/5n1p/8/1pp1P1P1/q4P2/1NQ4P/1K5R b - - 1 28	b4b3 c2c4 a3a2 b1c1 a2a1 c1d2 a1h1	1294	010p0r1p1w
MxFRc	r5k1/pppb1pp1/4p3/4Pn2/3PN1Qq/B7/P1P2P2/R3K3 w Q - 1 24	e4f6 g8h8 g4h4 f5h4 f6d7	1294	010y1011191g
NBxEJ	7r/2p2qk1/p2b2p1/2p5/1p2Rn2/5QBP/PP4P1/4R1K1 b - - 3 33	f4h3 g1f1 f7f3 g2f3 d6g3	1294	0g0j1019
OH7S6	r2qk2r/pbp1bppp/3p1n2/2p5/4P3/2NQ1N1P/PPP2PP1/R1B1K2R w KQkq - 2 10	d3b5 d8d7 b5b7	1294	010s1c1o
ORMSK	2R2nk1/1p2r1p1/1p3pBp/8/3Pb3/r3P3/5PPP/2R3K1 w - - 4 26	c8f8 g8f8 c1c8 e7e8 c8e8	1294	05101316191d1n
OrShX	6rk/3q2n1/p5r1/1p2Q3/1P1B4/2P3p1/P5KP/4R3 w - - 0 39	e5h5 g6h6 h5h6	1294	1315191g1o
PItmv	4r1k1/p1Q3pp/1p4q1/2b1B3/7P/8/PPP2P1K/5R2 b - - 2 29	e8e5 c7e5 c5d6 e5g3 d6g3	1294	0g0p1011121g1n
PL6wD	n1kr3r/ppq1bN2/2p1pn2/P2p2p1/3PP2p/1B3P2/1P3BPP/R2QK2R b KQ - 1 19	e7b4 e1f1 c7f7	1294	0g0j191o
PNMGk	5qrk/p2RR1b1/1p4Qp/6p1/3BpP2/6P1/P1P5/6K1 b - - 6 37	g7d4 d7d4 g8g6	1294	010j191o
PyF5b	r6k/ppq1b1pB/5r2/2ppn2Q/8/2P3P1/PP3P1P/R4RK1 w - - 2 20	h7g6 h8g8 h5h7 g8f8 h7h8	1294	0j0k0y10131619
QAq5D	r6k/pp3Qrp/2p1R3/8/8/1P6/P1q3PP/4R2K w - - 0 26	e6e8 a8e8 e1e8 g7g8 e8g8	1294	0p101316
QcD05	r1bq1rk1/ppp2pp1/2np1n1p/2bNp1N1/2P5/P3P3/1PQP1PPP/R1B1KB1R w KQ - 0 9	d5f6 d8f6 c2h7	1294	0y13151c1o
QgA20	r2q1rk1/p2n2pp/3Ppp2/1Bpn1b2/8/1P3NB1/P4PPP/R2Q1RK1 b - - 3 17	d5c3 d1d2 c3b5	1294	010s1c1o
QpNYd	1r2k2r/5p2/3pp1p1/1bn3Np/1R2P2P/5P2/1P4P1/1K3B1R b k - 1 24	b5d3 f1d3 b8b4	1294	0e0g0j1112191k1o
R1K3H	r3k2r/1pp2pp1/p1n1b3/6Pp/3qP3/PQN3P1/1P4BK/R4R2 w kq - 2 21	b3b7 e8g8 b7c6	1294	010s191o
RiygO	r2r2k1/p3b1pp/2p1bp2/2p5/2P2p1N/1P4P1/PBP4P/3RR1K1 w - - 0 18	d1d8 a8d8 e1e6	1294	0g0y1112191o
RsHYv	k7/1q3p2/p3r2r/1p4Q1/1B6/2P2NPp/PP5P/5R1K b - - 6 40	b7f3 f1f3 e6e1 f3f1 e1f1	1294	101316191n
Ru1eG	8/4k1Kp/ppp4B/5P2/8/6b1/P1P5/8 w - - 0 33	f5f6 e7e6 f6f7	1294	00080g0p1o
S4lW7	3R1r1k/pp3pbp/2p1p3/8/5q2/1P6/P1P1QPP1/3R3K b - - 3 24	f4h4 h1g1 f8d8 d1d8 h4d8	1294	0g0p10
SSKr2	5B2/7R/5pkP/p3p3/2rb4/5P2/8/5K2 w - - 1 38	h7g7 g6h6 g7c7 h6g6 c7c4	1294	010j0k0p1011
TvosB	8/pp3R2/2q3kp/8/3n2PP/PB1P2K1/1PP5/8 w - - 9 40	h4h5 g6g5 f7g7 g5f6 g7g6 f6e5 g6c6	1294	0g0p1p1w
TzvpP	6k1/5ppp/6q1/N2p4/1P3R2/P3P2P/2r2P2/1Q3K2 b - - 3 37	c2f2 f1f2 g6b1	1294	010j0p1o
UWJto	2rr2k1/3nbppp/p3p3/1p1bN3/1P1B4/P3P3/4BPPP/2RR2K1 w - - 2 20	c1c8 d8c8 e5d7	1294	01191o
VEk2C	2b1kb1r/rp1p1ppp/pNq1p3/P1p1P3/5BPn/2PP3P/1P2KP1R/R2Q1B2 b k - 4 20	c6f3 e2e1 f3f4	1294	010s191o
WIhp1	6Q1/3r4/2kP4/4B2R/2K4P/8/8/q7 b - - 0 54	a1a2 c4c3 a2g8	1294	0g0p1o1p
WLmNG	r2qr1k1/pp3ppp/3b4/3Q4/3n4/3B3P/PP3PP1/R1B2RK1 b - - 0 15	d6h2 g1h2 d8d5	1294	0g0j1112191o
WPoDx	8/5q2/p1R4p/4Q1p1/3P2k1/4P3/1r5P/6K1 w - - 0 40	e5g3 g4h5 g3h3	1294	0p13151o
YRZDM	8/8/8/2Bk1P2/8/6Kp/6b1/8 b - - 0 47	d5c5 f5f6 c5d6 f6f7 d6e7 f7f8r e7f8	1294	080g0p0t111w
Yq2GC	rnbq2nr/pp5p/1k1p4/2p5/4P3/1PNQ4/P1P3PP/R4RK1 w - - 2 17	d3b5 b6c7 c3d5	1294	1315191o
Z8tBE	7R/8/p6P/5pk1/2pN4/2PbK3/7r/8 w - - 5 59	d4f3 g5h5 f3h2	1294	0g0p0s111o
ZSgxr	8/p4p2/6p1/2N1nk1p/PP5P/3pr1P1/3R2K1/8 w - - 1 38	d2f2 e3f3 f2f3 e5f3 g2f3 d3d2 f3e2 d2d1q e2d1	1294	0g0p1w
ZgyxW	r1b1k1r1/pp2ppPp/6pB/q2p4/2B5/8/PPP1NPPP/2KR3R w q - 0 13	d1d5 a5c7 c4b5	1294	0g11191o
ZhW5Q	rn2qk2/ppp2p1p/5p2/2b2B2/2p4Q/1P6/P1P2PPP/R5K1 w - - 0 19	h4h6 f8e7 a1e1	1294	01191o
aIFd3	r5k1/ppp3p1/3p2pp/8/2P3q1/4Brb1/PP1Q1PK1/R4R2 w - - 0 24	d2d5 f3f7 f2g3	1294	01191o
bIoDf	r2q1rk1/5p2/2b1pQpp/p3P3/Pp2N3/1Pp4R/5PPP/R5K1 w - - 8 37	h3h6 d8f6 e4f6 g8g7 h6h7	1294	0u0y10131619
c3r4a	4r1k1/3q1ppp/2p2n2/1pRp4/1B1P1n2/P3rP2/2Q1NKPP/4R3 w - - 4 27	e2f4 e3e1 b4e1	1294	010t191o
cJvHg	3kr3/1R1n3p/2pp1q2/p7/8/7P/P1P2QP1/6K1 w - - 1 27	b7d7 d8d7 f2f6	1294	0g0p1o
cya3I	3r3r/6Rp/p2R4/1p3p1k/5P2/4P3/PK5P/8 w - - 1 34	g7g5 h5h4 d6h6	1294	0p13151m1o
dRm0o	r7/1p6/p2q1bk1/3N2p1/3nb1P1/4Q3/PP4K1/5R2 w - - 0 32	e3e4 g6g7 f1f6 d6f6 d5f6	1294	0g101119
dZNA5	7k/p1r2p2/bp3Np1/4p3/1P1p2B1/Pn1P2P1/5PK1/3R4 w - - 0 35	d1h1 h8g7 f6e8 g7g8 e8c7	1294	010p0r0s10
eQZPZ	8/6P1/8/8/8/2K4R/5krp/8 w - - 8 60	h3h2 g2h2 g7g8q	1294	000g0i0p1g1h1m1o
el89F	2n2qrk/1p3p1p/3PpPpQ/2p3P1/2P2R2/1P4BP/r5B1/7K w - - 3 43	h6h7 h8h7 f4h4 f8h6 h4h6	1294	050y101316191n
fSs2d	8/5Bpk/5n1p/4Q3/P2pP3/1P4PK/5P1P/r6r b - - 0 31	h1h2 h3h2 f6g4 h2g2 g4e5	1294	050g0p0s101n
fg93D	3Rr1k1/p4rpp/1p2Q1p1/8/q7/2P2P1P/PP4P1/3R2K1 b - - 12 34	a4d1 d8d1 e8e6 d1d8 f7f8	1294	0g0p10
fxLCf	r1b2rk1/1pp1b1pp/p1p2p2/3q2n1/3P4/2P1BN2/PP3PPP/RN1QR1K1 w - - 4 14	e3g5 f6g5 e1e7	1294	0g0j111c1o
hXll2	8/1K6/p7/5k2/5Ppp/2P3P1/PP4P1/8 b - - 0 37	h4h3 g2h3 g4h3	1294	0g0p1e1o
hpJvK	8/5pr1/4p3/4P2k/R3nP2/1P3N1p/1P3P2/5K2 b - - 1 37	e4d2 f3d2 h3h2 f1e2 h2h1q	1294	000g0p101h1n
hqjYz	4r2k/2Q3p1/1p6/7p/p3b1pP/P1PRP1B1/qPK2P2/4R3 b - - 8 39	a2b3 c2b1 e4d3	1294	0g191g1o
iGgav	1r2k2r/pp2qp1p/2nQbp2/8/8/2P3P1/P4PBP/1R3RK1 w k - 0 22	g2c6 e8f8 d6b8	1294	0g191o
ijnni	bn3rk1/4ppbp/3p2p1/q2n4/8/2N1P1P1/1P2NPBP/2BQK2R w K - 0 15	g2d5 a8d5 d1d5 a5d5 c3d5	1294	011011121c
im3Mc	8/6pp/1Q1pk3/p4pP1/P1r5/4P1P1/1P2bP2/1K6 b - - 0 30	e2d3 b1a2 c4a4 a2b3 a4b4 b6b4 a5b4	1294	0g0p0s1w
j0U9S	8/8/7b/3k3p/1Pp1p3/2P2pP1/1NK2P1P/8 b - - 1 53	e4e3 f2e3 f3f2	1294	000g0p1o
jK5qv	r4r1k/pppq2p1/3pb2p/2b1np2/4P3/2N3BP/PP1QBPPK/3R1R2 w - - 0 19	g3e5 d6e5 d2d7 e6d7 d1d7	1294	011019
jY0al	5rk1/2Q3pp/1B6/1Pp1p3/2P5/P2P4/4q1RP/7K b - - 0 29	f8f1 g2g1 e2f3	1294	0p13151o
jp4OL	6k1/ppp2pbp/6q1/3P3p/2P2P1Q/7P/PP2r3/3R3K w - - 3 28	h4d8 g7f8 d1g1	1294	010p111g1o
k0UFo	2r2rk1/p1p3bp/1pnpqp1n/8/1P1BP1pP/3BN3/P1P3P1/1R1Q1RK1 w - - 6 22	d3c4 e6c4 e3c4	1294	0g191g1o
lQN0A	3r1rk1/p3ppbp/1q4p1/2nP4/3N4/1B3Q1P/PP3PP1/3RR1K1 b - - 2 21	g7d4 d1d4 c5b3	1294	01191o
mWQnw	5rk1/5ppp/8/2Q5/2p1R3/2b5/r2q1PPP/4R1K1 w - - 0 26	c5f8 g8f8 e4e8	1294	051315191n1o
mgVzZ	4r1bk/6p1/1pQ4p/p7/4r1q1/P5P1/1P3P1P/2R2RK1 w - - 0 26	f2f3 g4g5 f3e4	1294	010s191o
mnsOJ	2k4r/1pp5/3p1pp1/pP6/P2b2Qq/7P/5PP1/RN2R1K1 b - - 1 21	h4g4 h3g4 d4a1	1294	01191o
n5V2W	r3r1k1/1p1nqpp1/2p4p/p2p4/P2PN3/1P1QPN1P/5PP1/R4RK1 b - - 0 17	d5e4 d3d1 e4f3	1294	010s191o
naEEm	8/p5pp/2p2p2/kp3n1P/N1P2B2/1PK2P2/P5P1/7r w - - 0 33	f4c7 a5a6 a4c5	1294	0p13151o
nh78S	8/2p2R2/p2Pk3/1pP1P3/2n5/3K4/7P/8 b - - 0 37	c4e5 d3e4 e5f7	1294	0g0p0s1o
oQS98	r1b4k/1p1p2qn/p3p3/2p4Q/P1P1P1P1/4b1N1/1PP5/R2K3R b - - 2 22	g7d4 d1e2 d4d2 e2f3 d2f2	1294	0q10131619
oXHNc	3k1r2/ppp3pp/8/8/4n3/1BP1B3/Pn1NK1PP/R7 b - - 1 24	e4c3 e2e1 b2d3	1294	1315191o
ouRQT	3rrnk1/p3q2p/3R1Q2/2p1p1p1/2P3P1/8/P3BP1P/3R2K1 w - - 1 26	f6e7 e8e7 d6d8	1294	0b0g191o
p0egA	5rk1/5p1p/q3p1p1/2bb1nP1/p2PpPN1/2r1B2Q/P6P/KR2R3 w - - 0 30	g4f6 g8g7 h3h7	1294	0y1315191o
pALr0	7k/1bp3p1/p2b3p/1p5q/1PP3R1/P6P/B5P1/5QBK b - - 0 30	h5h3 g1h2 h3h2	1294	1315191g1o
pLceK	r1b1k1nr/ppp1qppp/8/n1pPp3/4P3/P1P2N2/5PPP/R1BQKB1R w KQkq - 1 10	d1a4 c8d7 a4a5	1294	0g0s1c1o
q6n8n	r1bq1r1k/pppn1p1B/6p1/3PP1N1/2P2n1Q/8/P5PP/5K1R w - - 0 19	h7g6 f4h5 h4h5 h8g7 h5h7	1294	0j0k0r0y10131619
qFTnX	r1b1r1k1/pp3pbp/2p3p1/4p3/2P1B3/4PN2/qPQ2PPP/3R1RK1 w - - 0 17	d1a1 a2a1 f1a1	1294	01191o1t
qIr56	1r2k2r/1q1bbpp1/p2ppP2/8/3NP2P/1pN1B3/P1PQ4/1KR3R1 b k - 0 21	b3a2 b1a1 b7b2	1294	000k0m1315191k1o
qbDB0	2r1k3/1r4p1/2N1p1P1/1P1pPn1p/1R3P2/8/5K2/7R b - - 4 46	c8c6 b5c6 b7b4	1294	0b0g0p1o
r7389	8/5k2/7P/8/pP2K3/8/8/8 b - - 0 52	a4a3 h6h7 f7g7 b4b5 a3a2 b5b6 a2a1q h7h8q g7h8	1294	000g0p1e1h1w
rCESt	3r1rk1/2q2pp1/pp2p3/2p3p1/2P2b1R/3B1P2/PPQ4P/6RK w - - 0 26	d3h7 g8h8 h7g8 h8g8 c2h7	1294	050j0k0y101316191n
rJ7Mm	5rk1/1p4p1/p5q1/5b1Q/5p2/2P1bP2/PP2B1PP/3R3K w - - 6 30	e2c4 f5e6 h5g6	1294	0g0i191o
ruxeS	4rk2/5p1p/1q1p1Np1/2pb4/8/5N1P/5PP1/1B3RK1 w - - 2 26	f6d7 f8g7 d7b6	1294	0g0s191o
t7gte	8/4b3/1p1kP3/p2p4/K4P2/4r3/P7/1Q6 b - - 6 38	e3e4 a4b5 e4b4 b1b4 a5b4	1294	0g0p0s10
tFnUy	4b3/8/8/8/3nk3/P1K5/1R6/8 w - - 10 60	b2b4 e4d5 b4d4	1294	0g0p111o
ufbZ9	r1b2rk1/p1p2ppp/2pp4/4n3/7B/2qB1Q2/P1P2PPP/R3R1K1 w - - 0 15	d3h7 g8h7 f3c3	1294	0g0j191o
upRd0	2r2r2/pp2kpR1/4pn2/1B2N3/3p1P1P/1P6/4Q1PK/2q5 w - - 7 32	e5g6 e7d8 g6f8	1294	01191g1o
w4K9b	r3nrk1/6pp/pq2p3/1p2Q3/2p5/2P5/RB1N1PPP/R5K1 b - - 0 24	b6f2 g1h1 f2d2	1294	010s191o
wVLrc	r1b2k2/3p2p1/p2Np1p1/4P3/qp4n1/7R/5PPP/4R1K1 w - - 0 25	h3h8 f8e7 h8e8	1294	0u1315191o
x4op4	1r5k/5p2/2bq2p1/2pN3p/1pPb3P/1P1P1B2/3Q1P2/4R1K1 w - - 1 28	d2h6 h8g8 d5e7 d6e7 e1e7	1294	0g0r0y1019
xAJvh	r2r3k/5Bpp/3p4/p1p1bp2/P3p3/1P2P1P1/5PK1/1R5R w - - 1 30	h1h7 h8h7 b1h1	1294	050p0y13151f1n1o
xlcxW	rnb1k3/p4p2/8/3pP1p1/6n1/4qBKP/PPPN2P1/R1B1Q2R b q - 3 18	e3f4	1294	1314191b
xuPKd	r1r3k1/5ppp/1nR1p3/p7/1pQ1Nq2/3R1P2/PP4PP/7K w - - 8 27	c6c8 a8c8 c4c8 b6c8 d3d8	1294	06101316191n
y9Mic	6rk/6q1/Pb1p4/1PpPp3/2P1Pp1N/6rP/QR4PK/6R1 b - - 0 46	g3h3 g2h3 g7g1	1294	0j1315191o
yP4C3	8/q4p1k/6pp/4PP2/p7/3Q4/6PP/5K2 b - - 0 33	a4a3 f5g6 f7g6	1294	0g0p1i1o
yjUxI	8/p4p2/8/8/1P2N3/P2pK3/2k2P2/8 b - - 3 46	f7f5 e4d6 d3d2	1294	000g0p0z1o
yqy90	r2q1rk1/1p2bp1p/p1n1p1p1/3p2N1/3P2n1/2PBBN2/PPQ2P2/R4RK1 b - - 1 15	g4e3 f2e3 e7g5	1294	01191o
zqHiR	r3rk2/1p3p2/6p1/p5qp/2B5/1P3R1P/P1Q2P1b/2R2K2 w - - 5 32	f3f7 f8g8 f7f5	1294	0g0j0k191o
zwOPf	6r1/pp1q3Q/3bk1r1/3p1N2/4pP1P/8/P5P1/R4RK1 w - - 3 37	f5d4 e6f6 h7d7	1294	0g0i191o
06UJo	1r1q2k1/p1p2pp1/1pB4p/2B3n1/8/6Q1/PPP3PP/R3r1K1 w - - 0 21	a1e1 b6c5 e1e8 d8e8 c6e8	1295	010s1019
0Rgpm	1b6/pP2r3/5qpk/5pN1/5P1p/1Q4P1/PP3P1P/4RK2 b - - 1 35	f6a6 f1g2 e7e1	1295	010i0p1o
1ES6c	4r1k1/7p/p2p4/2pP4/2P3p1/1P1Q1q2/P4P1P/3R2K1 b - - 3 34	e8e1 d1e1 f3d3	1295	010i0p1o
1yKkr	1r3k2/6p1/8/3N1b1P/P7/K1P1q3/8/R2Q4 b - - 2 34	e3c5 d5b4 c5c3 d1b3 c3a1	1295	0g0i0p10
2Oor1	4r2r/1pp1n1k1/1b1pPq1p/pP3p1Q/P1B4P/2PP4/3K2P1/4R2R w - - 1 26	h5f7 f6f7 e6f7 e8d8 e1e7	1295	00010b1019
2UvlC	1r2r1k1/p4pp1/2p5/3P2q1/3p4/1P1B3P/P2n1PP1/R2QR1K1 b - - 0 25	e8e1 d1e1 d2f3	1295	0g0y191g1o
3p5Uv	7Q/3kbppp/3pp3/6q1/1P4n1/5P2/P4P1P/R1B2RK1 b - - 0 20	g4e3 g1h1 g5g2	1295	0j0k1315191o
3ty6E	r1b2k2/pp1rqppp/1n6/4PN2/8/1Q4P1/PP3PBP/3RR1K1 b - - 6 22	d7d1 e1d1 c8f5	1295	010j191o
4cTXE	8/p4ppk/7p/2B5/5Q2/2P1NbPq/P2rrP1P/R4RK1 b - - 2 28	e2e3 f4f3 e3f3	1295	0g191o
59GRZ	1r1q1rk1/6b1/1p2p1p1/4Ppp1/3p1P2/3Pp1PQ/1PP3K1/R6R w - f6 0 30	h3h7 g8f7 a1a7 d8e7 a7e7	1295	0g0r0y101119
5Km6x	3b1k2/6pB/3q1p2/2p2P2/KpQ4P/8/P1P5/8 w - - 2 44	c4g8 f8e7 g8g7 e7e8 h7g6	1295	0i0p101316
5xVud	3r1rk1/ppQ2ppp/6q1/2b1p2n/4P3/P1NP4/1PP3PP/R1B2R1K b - - 0 19	h5g3 h2g3 g6h5	1295	0d0y1315191n1o
66gNu	r6k/5p2/p6p/1p1Qp3/4P2P/P1Pn4/BP3q2/1K4R1 w - - 2 35	d5a8 h8h7 a8g8	1295	0p0t13151o
6l6Mz	2kr3r/ppq2p2/2p4b/2PpPp2/5P2/P3P1Q1/1P1N2P1/R3K2R b KQ - 0 19	h6f4 g3f4 h8h1	1295	0g0j191o
6nVEX	2kr3r/ppp3pp/4pn2/3p4/1q1n2P1/7P/PBPN2Q1/1K1R3R w - - 0 20	c2c3 b4a4 c3d4	1295	010s191o
7JdlT	6k1/5p2/Q3p1p1/1p2q1Np/4P2K/P2P3P/6P1/8 b - - 1 34	e5f4 g2g4 f4f2	1295	0p13151o
8n1Dv	B4rk1/p1p2ppp/3b4/8/6n1/2N2N1q/PPP2P2/R1BQR1K1 b - - 0 15	d6h2 f3h2 h3h2 g1f1 h2f2	1295	0y10131619
8wXQF	7r/3K4/2P4k/5p2/4p3/8/8/6R1 w - - 4 47	g1h1 h6g7 h1h8	1295	0g0p1m1o
9LoC0	5k2/pp3p2/7p/2N3rP/5Rn1/8/PKP5/8 w - - 0 35	c5e6 f8e7 e6g5	1295	010p111g1o
9bHOw	3k2r1/1R6/5p2/2R5/1p6/1r6/5P1P/5K2 w - - 0 33	b7b8 d8e7 b8g8	1295	0g0p1m1o1p
9kjoP	2k2r1r/pbpnqpbp/1p4p1/1B1Pp3/4P3/2P2NQ1/PP1N2PP/R4RK1 b - - 7 15	e7c5 f3d4 e5d4	1295	010s191o
A5xbp	r3k2r/ppp3pp/3pp1q1/8/4PQ1P/2BP2P1/PP3K2/RN6 b kq - 0 16	h8f8 f4f8 e8f8	1295	0g191g1o
AIMwn	8/1p6/1brk3p/8/3qp1Q1/7P/5PP1/R4BK1 w - - 5 43	a1d1 d4d1 g4d1	1295	0g0p1g1o
AcRPd	3r3k/1p4b1/p1bP3p/3R2p1/P3Q1P1/1P5q/5r1B/1B2R1K1 w - - 0 33	e4h7	1295	111314191b
Aha4C	6k1/p2R1p1p/1p2p3/4P1pq/1P3Q2/r4PK1/6P1/8 w - - 0 34	d7d8 g8g7 f4f6	1295	0p13151o
Az6ii	1R3b2/1b3Pkp/2p3p1/8/1p1N4/5N1P/2r2PP1/6K1 b - - 1 24	c2c1 g1h2 f8d6 g2g3 d6b8	1295	0g0p0s10
BMK8L	8/8/2b1Qr2/2q2rpk/1pB2p2/3P1P2/6K1/R7 w - - 5 43	a1h1 h5g6 e6g8	1295	1315191o
BNZFH	2r1r1k1/Q4p1p/6p1/8/P1qR4/8/5PPP/5RK1 b - - 1 24	c4f1 g1f1 c8c1 d4d1 c1d1	1295	050p1013161n
BOs3L	2q3k1/5pp1/b3p2p/pn1pN3/1b1P4/1P2P1P1/Q4PBP/R5K1 b - - 3 29	b5c3 a2b2 c3e2 g1h1 b4c3	1295	0d0g1019
BWD2E	5rk1/1p3p2/p3pQpp/1b1pP2P/3PqP2/6R1/2r3P1/3R3K w - - 0 28	h5g6 f7g6 g3g6 e4g6 f6g6	1295	0g0y1019
C5vi0	4r3/3b3k/2p1pQp1/r2pPp1p/1p1P3P/1P3N2/PKRR1PP1/5q2 b - - 23 35	a5a2 b2a2 e8a8 a2b2 f1a1	1295	05101316191n
CKAto	2r3k1/5p1p/p1b3pb/1pB1p1N1/6P1/1PP1QP1P/P2R2K1/2q5 w - - 5 33	d2d8 c8d8 e3c1	1295	010j191o
CKJpk	1r3k1r/2p1qpbp/p1Q3p1/2B5/8/8/PPP2PPP/2KR2NR b - - 2 17	g7b2 c1d2 b8d8	1295	0g191k1o
Dsyod	1r4k1/5ppp/8/3PN3/1q3PP1/p1n4P/P1Q5/K1R5 b - - 2 36	b4b2 c2b2 a3b2	1295	000p1113151o
E6uz2	5rk1/ppQ2p2/1q2N1p1/5P1n/8/8/P5PP/4R1K1 w - - 5 30	c7b6 a7b6 e6f8	1295	0g0p1o
E7XAP	r2b2k1/6p1/p1p3pp/1p1pPq2/4n3/BP3P2/P1Q3PP/R3R1K1 b - - 0 26	d8b6 g1f1 e4g3 h2g3 f5c2	1295	0g0j1019
EAnXt	2kq4/1p3R2/p2p1b1Q/2r1p3/4P3/2PB2K1/PP6/8 b - - 0 31	d8g8 g3h3 g8f7	1295	0g0p0s1o
F8JwL	7r/6k1/1p2p1n1/pP1pP3/P2P1BP1/2PQ2K1/8/8 b - - 2 42	h8h3 g3h3 g6f4 h3g3 f4d3	1295	050g0i0p0s101n
FFUvD	r1b2r2/ppp4k/6pp/n2p4/3P1NP1/2P4q/P1Q1K3/R1B1R3 w - - 0 26	c2g6 h7h8 f4h3	1295	0g191o
GYpJW	r2q3Q/1p1brk2/p1p3p1/3p4/5P2/1PP5/P2K4/R6R w - - 4 26	h1h7 f7e6 h8e5	1295	1315191o
Gfd4f	8/3k1b2/2p1pq2/8/8/Q2p3P/6R1/6K1 b - - 1 46	f6d4 g1f1 d3d2 g2d2 d4d2	1295	000g0p10
GtOod	r6r/3kqQ1p/p2p2pb/2p2p2/8/8/PPP2PPP/1K1R3R w - - 1 20	d1d6 d7d6 h1d1 d6c6 f7e7	1295	050g0i10191g1n
HMG5i	r7/6pk/p5qp/5p2/3R1n2/1P6/1PP2PPK/R4Q2 b - - 0 36	g6h5 h2g1 f4e2 f1e2 h5e2	1295	0g0p0s10
HN5Gj	7r/p1p5/6R1/B1kn3r/P3p3/3nP3/4K2p/1R6 w - - 0 37	b1b5 c5c4 g6c6 d3c5 c6c5	1295	0910131619
IoK3O	2r1k3/pp2p3/1q1p1pNQ/3P2pp/3b4/8/5rPP/3R1RK1 w - - 0 36	h6f8 e8d7 f8e7	1295	1315191o
IqeaL	4r3/7p/2R3pk/5p2/3p1P2/3P1QbP/Pr1B2P1/7K b - - 1 39	b2b1 c6c1 b1c1 d2c1 e8e1 f3f1 e1f1	1295	0p0s13171f1w
KU84V	1rbqrbk1/ppp2ppp/2np1n2/4p3/2PP4/1QN1P1P1/PP2NPBP/R1B2RK1 w - - 2 10	g2c6 b7c6 b3b8	1295	0b0g1c1o
KjG1U	3r4/pp3Nkp/3r2p1/5n2/3n4/1B5P/PPP2PP1/3R1RK1 b - - 4 28	d4e2 g1h2 d6d1 f1d1 d8d1	1295	0g0j1019
KtEWB	r3r1k1/pp3ppp/2pq1n2/3pn3/3P4/2N4P/PPP1RPP1/R3Q1K1 w - - 0 17	d4e5 d6d8 e5f6	1295	010s191o
M4Xtx	6k1/1p4p1/p6p/3br3/3R4/3B4/2P3PP/6K1 w - - 2 32	d4d5 e5d5 d3c4 g8f8 c4d5	1295	01050p101g1n
MONsu	r1b2rk1/1p1nq1p1/p1p4p/P1Pppp2/1P1Pn3/2NBPN1P/2Q2PP1/R4RK1 b - - 1 15	e4c3 c2c3 e5e4	1295	01191o
MQdXc	r2r1k2/1b3p2/p4R1p/8/1pP1q1Q1/1P1n3P/P5PK/5R2 w - - 0 26	f6f7 f8e8 g4g8	1295	1315191o
Mekrf	8/5B2/R5pp/4p1k1/4Pp2/P1P2P1P/6PK/1r1r4 w - - 7 49	a6g6 g5h4 g6g4	1295	0p13151f1o
N3QIq	8/5r2/2n2k2/1p1p3P/3Pn3/P1P1B3/1PK3R1/8 w - - 3 39	g2g6 f6f5 g6c6	1295	0g0p1o1p
NJULJ	8/1pk1rR2/p1p4p/3p4/1P5P/2nB2PK/4r3/5R2 w - - 9 37	d3e2 e7f7 f1f7	1295	0g0p1g1o
NYDrx	4rr1k/6pp/3pB3/p1p1qP1Q/Pp3R2/1P3K2/6P1/8 w - - 9 39	h5h7 h8h7 f4h4	1295	050p13151f1n1o
O0qyh	7r/1p5p/1kp2rPR/8/1KR5/1P6/8/8 w - - 1 47	g6g7 h8g8 h6f6	1295	000g0j0p1m1o
OrgKi	r2q1rk1/4bpp1/p1p2n1p/1p1p4/2nP3B/P1N1Pb2/1PQ2PPP/RB2R1K1 w - - 0 16	h4f6 g7g6 f6e7 d8e7 g2f3	1295	011019
PGuIJ	rn1qk1nr/1pp3pp/p2bpp2/3pN3/3P1B2/3PP3/PP3PPP/RN1QK2R w KQkq - 0 8	d1h5 g7g6 e5g6 h7g6 h5h8	1295	01101c1g1t
PJQ2k	2r2rk1/4nppp/4B3/Bp6/4Pn2/P4N2/1P3PPP/2R1K2R b K - 0 18	c8c1 e1d2 c1h1	1295	0g0t191o1p
Q7oCO	7k/6p1/1Q3p1p/2p5/7P/P1B2bq1/1P4P1/6K1 w - - 1 32	b6d8 h8h7 d8d3 h7g8 d3f3	1295	0g0p10
QjGeM	1r4k1/p4p1p/4p1p1/2P5/3N4/B1Rn4/P4PPP/6K1 b - - 6 28	b8b1 c3c1 d3c1	1295	0g0p1o
QxAYM	3rr1k1/1p6/2p2p1p/2Pp4/q2PbPPp/4P3/1Q5R/3R1BK1 w - - 0 34	d1a1 a4a1 b2a1	1295	0g191o1t
RA8FK	5kr1/5b2/1p1p1p2/b1pPpP1p/4P2P/3P1B2/8/2BK2R1 w - - 14 39	c1h6 f8e7 g1g8 f7g8 f3h5	1295	010i0p10
RBznT	2r5/6r1/p1p1R3/6k1/P1P2pp1/1P6/5K1P/4R3 w - - 0 38	e1e5 g5h4 e6h6	1295	0p13151m1o
RH1no	5r1k/p5b1/7p/2pP3Q/8/5r1R/PPP2q1P/6RK w - - 0 29	h5h6 g7h6 h3h6	1295	1315191n1o
SBq7o	r2q2kr/pp2p1b1/2pp1nn1/6N1/3P2P1/N1P4P/PP2QP2/R3K2R w KQ - 1 16	e2e6 g8f8 e6f7	1295	0y1315191o
Sz8fo	1r2k3/ppbRr1pp/2p5/2N2p2/PP2p3/4P1P1/5P1P/3R2K1 w - - 6 26	d7e7 e8e7 d1d7 e7f6 d7c7	1295	050g0p0r0s10
T4Opg	r1b2rk1/pp3ppp/3q1n2/4Q3/8/1NP2N2/PP3PPP/R3K2R b KQ - 0 16	f8e8 e5e8 f6e8	1295	01191g1o
UJrQg	1b1r2r1/5qk1/p6R/1p1Q1p2/2pP4/2Pn4/PP1B2BP/6RK b - - 0 36	d3f2	1295	111314191b1q
UoZ8b	4r3/p2r2pk/3p1p1p/2pq1P1Q/7P/6R1/6PK/8 w - - 0 41	h5g6 h7h8 g6e8	1295	0g0p0s1o
WGGoJ	qn4k1/2Q2rpp/b3p3/3pP3/P2P4/3p1N2/5PPP/1R4K1 w - - 0 30	b1b8 a8b8 c7b8	1295	0g0s191o
XR8F2	r1b3k1/4b1p1/p2qpnN1/1p1p3Q/2pP4/2P1P3/PP4PP/R1B2K2 w - - 1 20	h5h8 g8f7 g6e5 d6e5 d4e5	1295	010y1019
XRtnB	7r/R4p1p/3kp1p1/1pp1r3/8/1P1P4/2P3PP/R5K1 w - - 4 27	a1a6 d6d5 a7d7	1295	0p0q13151m1o
Zit1K	2rr4/1pq1ppkp/pQ4p1/4Pb2/5P2/2N4P/PP4P1/2RR2K1 w - - 2 33	b6c7 c8c7 d1d8	1295	0b0g11191o
ZvwqW	r1b1kb1r/pp2qp2/2pp1np1/1Bn4p/P2NP2P/2N1Q3/1PP2PP1/R1B1K2R w KQkq - 0 11	d4c6 b7c6 b5c6 c8d7 c6a8	1295	010s1019
aDBDL	8/1p3k2/5Pp1/3p4/1Qp5/1PP2qn1/P7/6K1 w - - 14 51	b4e7 f7g8 e7g7	1295	0p13151o
aW6L7	8/1p1R4/p1k2p2/7r/P2Q3P/2P5/KP6/4q3 b - - 2 43	e1e6 b2b3 e6d7	1295	0g0p1o
bDuQ4	2kr3r/ppp2ppp/2pb4/8/3P2n1/5N1q/PPP2P2/R1BQRBK1 b - - 3 14	d6h2 g1h1 g4f2	1295	0i0y1315191o
biWyW	3Bk3/pQpq2p1/8/4p3/4N3/3P4/PPP2Ppr/R3R1K1 b - - 0 19	h2h1 g1g2 d7h3	1295	1315191o1u
c40bG	8/1K6/1p6/P2n4/8/6k1/8/8 w - - 0 62	a5a6 b6b5 a6a7	1295	000g0p0z1o
cQbPQ	5rk1/1bpp2pp/pq6/2p2Np1/5Q2/6PK/P6P/5R2 w - - 0 31	f5e7 g8h8 f4f8	1295	0i0j0p13151o
cUoJf	2k5/1p2rppp/1bq5/1B6/Q7/3P1P2/P4P1P/5R1K b - - 0 26	c6f3 h1g1 b6f2 f1f2 e7e1 f2f1 f3f1	1295	0p13171w
cdyRL	r6k/1b2qrp1/pp1bpn1p/4N3/2PP4/2N4R/P4PPP/2Q2RK1 w - - 0 25	e5g6 h8g8 g6e7	1295	0g0s191o
cjdIU	r3R3/1p3qpk/p6p/2pp1Nn1/5QP1/P6P/1PP2P2/3R2K1 b - - 0 26	g5h3 g1h2 h3f4	1295	0g0s191o
dIcML	b3r3/5p1k/2q1pR2/1p2P2p/1P1p4/6QP/6P1/7K w - - 2 44	f6f7 h7h8 g3g7	1295	0p13151o
dlR74	2q1r1k1/ppp2pp1/2n3Q1/7p/3P4/1BP4P/PP4P1/4rRK1 w - - 0 28	g6f7 g8h8 f7h5	1295	0y1315191o
dquZz	2k5/pp1r2p1/2pq3b/5Q2/3P1r2/2P5/PP5P/1K2R1R1 w - - 9 29	e1e8 c8c7 f5a5 b7b6 a5a7	1295	101316191k
dxYnz	r5rk/1bq3pp/3p2p1/np2p1P1/4P3/2P1pR1Q/1PB3PP/1R4K1 w - - 0 25	h3h7 h8h7 f3h3	1295	050y1315191n1o
e9X53	1rbq4/ppNp2kp/2pQ1rn1/5p2/2B1P3/P7/1P3PPP/1R2K2R w K - 1 21	c7e6 f6e6 c4e6	1295	0g191o
edOnj	8/8/8/2pkpp2/8/1P1PK3/1rP4R/8 w - - 2 71	c2c4 d5e6 h2b2	1295	0g0j0p1m1o
edyfO	3r1rk1/1p3ppp/p1np4/4q2b/4P3/1N1B4/PPPQ2PP/1R3RK1 w - - 2 17	f1f5 e5e7 f5h5	1295	010v191o
ewo7W	r4b1r/p1k3p1/2p3p1/2pp2Pp/8/3P2qP/PPP5/R1BQ1R1K w - - 2 21	c1f4 g3f4 f1f4	1295	0g0s191o
g5a5P	6rk/1q1nRp2/p4n1p/1p6/P1pQ1P2/8/BP3P1P/R4K2 b - - 3 27	b7h1 f1e2 h1a1	1295	0g191o1p
gI3Yy	5k2/8/8/P6K/8/1R3pr1/8/8 b - - 1 52	f3f2 b3g3 f2f1q	1295	00010p1h1m1o
gf5N4	r6r/pp4R1/2p1pk1p/8/2PbPp2/1P5B/P1K4P/6R1 w - - 4 25	g1g6 f6e5 g6e6	1295	0p1113151d1o
h569D	q2r1k2/1p3pp1/6p1/2bPr3/PpQp4/6P1/5PBP/4R1K1 w - - 0 30	c4c5 f8g8 e1e5	1295	0g0t0w191o
hbt68	r2qkbnr/pp1b1ppp/2n5/1B1p4/8/2Q2N2/PPP2PPP/RNB1K2R b KQkq - 3 8	f8b4 e1g1 b4c3	1295	0g1c1g1o
hrPWo	1k2r3/1p5p/p1p5/P1Pp4/2n2NQ1/1PPK2P1/5PBq/R7 b - - 2 32	c4e5 d3d2 e5g4	1295	0g0s191o
i73pK	3r2k1/pBP2ppp/4pbn1/6q1/8/1N4P1/PPR1Q1KP/8 b - - 0 24	g6f4 g2f2 f4e2	1295	01191g1o
ilU2r	3r3n/3r2Nk/p5pp/1p6/4PPQ1/8/1B2RqP1/2R4K b - - 3 36	d7d1 c1d1 d8d1 h1h2 f2g1 h2g3 d1d3 g4f3 d3f3	1295	01191g1w
kt7rw	6k1/q4pp1/2rQN2p/1p2P3/3P4/p7/5PPP/6K1 w - - 0 33	d6f8 g8h7 f8g7	1295	0p13151o
l5Yle	r1b1r1k1/pp3ppp/3q4/2pp4/4n3/PnPNP1P1/1P4PP/R1BBQRK1 w - - 5 17	d1b3 c5c4 b3a4 b7b5 a4b5	1295	010t101c
lCOmE	rnb1kbr1/2p2p2/pp1p3p/3Pp3/2P1P1Pq/2NB1Q1P/PP3P2/R1B2RK1 b q - 0 15	c8g4 h3g4 g8g4 f3g4 h4g4	1295	010y1019
lInFK	r2q1r2/2p1bpkn/p1p3pp/4p2P/4P3/3PQ1N1/PPPB2P1/R4R1K b - - 2 19	e7g5 e3c5 g5d2	1295	0g191o1p
m77Bf	rnbqkb1r/pppp4/4p3/4P2p/3P1B1n/3B1N2/PPP2PPP/RN1QK2R b KQkq - 0 9	h4g2 e1f1 g2f4	1295	010s1c1o
mCeWQ	3r4/p4ppk/2p3N1/4p1Qp/2P4P/1P6/P4qP1/3r1R1K w - - 0 30	g5h5 h7g8 h5h8	1295	0p13151o
mTG2a	r3r1k1/pp3pp1/2nb3p/3p4/3P2n1/4NN1q/PP3P2/R1BQRBK1 b - - 2 17	d6h2 g1h1 g4f2	1295	0i0y111315191o
npSG6	r3k2r/1p4pp/p2p1b2/3NpN2/2q1PP2/8/PPP3PP/3R1RK1 w kq - 0 17	f5d6 e8f8 d6c4	1295	0g0s191o
pbR8t	5k2/6p1/p4P2/1p3N1P/5Q2/P2q4/1Pr1r3/KR4R1 b - - 0 35	d3a3 b2a3 c2a2	1295	1315191n1o
pgTlh	r2q4/1p1n1pr1/2p2p1k/p1Pp1P2/3PpR2/4P2P/PP2B1P1/1R4K1 w - - 0 23	f4h4 h6g5 h4h5	1295	111315191d1o
pw2IG	7k/1b2qBp1/2n3Pp/p2pP3/P1pP4/1pP1Q3/1Pr5/1K4R1 w - - 5 35	e3h6 g7h6 g6g7 h8h7 g7g8q	1295	000y101316191h1n
qHO6w	5r2/6k1/1p2Bq2/4n2p/P2QP3/4P3/6PP/R5K1 b - - 4 37	f6f2 g1h1 f2f1 a1f1 f8f1	1295	060p1013161n
qNpko	8/7k/5K2/3n2PP/8/8/8/8 w - - 5 57	f6f7 d5e3 g5g6 h7h6 g6g7	1295	000g0h0p0r0z101z
qOAjk	r1b3k1/ppp2rpp/2n5/3nP1N1/P7/R1P5/2Q3PP/5RK1 b - - 2 18	f7f1 g1f1 d5e3 f1f2 e3c2	1295	050g0s1019
qR4Bj	3q4/6k1/p1QP1pp1/P3p2p/8/6PP/3b1PK1/8 w - - 1 43	c6c7 d8c7 d6c7 d2a5 c7c8q	1295	000g0p101h
r5Pjr	6k1/7p/pQ2p1p1/2Pbb3/3p4/7P/PP2KRPq/8 w - - 7 34	b6d8 g8g7 d8f8	1295	0p13151o
sI1dE	7r/pp2k1p1/4p3/1qnpQrP1/7n/7N/PPP5/2KR3R w - - 1 24	e5g7 e7d6 g7h8	1295	010s191o
sN2zV	2krr3/p1p2ppp/2p5/2b5/1PN2Pn1/P7/4B1PP/R1B1K2R b KQ - 0 18	c5f2 e1f1 d8d1 e2d1 e8e1	1295	0r101316191d1g1n
sa9fH	8/3k3p/2p5/3P1Kp1/1p4P1/7P/P7/8 w - - 0 35	d5c6 d7c6 f5g5 c6b5 g5h6	1295	0g0p101e
satp8	r4rk1/1b3pb1/p2p2p1/1ppP2qN/2P1Pp2/2N4Q/PP6/3RK2R w K - 0 22	h5f6 g5f6 h3h7	1295	0d0y1315191n1o
t2TKM	r1b1k2r/4bpp1/2p1p3/p2pP3/5P1p/1P1B3P/PBP1NqP1/R2Q3K w kq - 0 18	b2d4 e7c5 d4f2	1295	0g191o1t
tHnFR	r3r1k1/ppbn1pp1/2p3n1/3p1qBQ/3P4/2N3P1/PPP2PK1/R6R w - - 1 19	h5h7 g8f8 h7h8 g6h8 h1h8	1295	0y101316191f1n
tZGrV	r4rk1/p1p2ppp/1p2p3/7q/1PP3Rn/3B1Q2/5PPP/4R1K1 w - - 8 22	g4g7 g8g7 f3h5	1295	0g0j0y191o
uPgPC	r2q1r2/1ppb1pk1/p2p3p/3Nn1pQ/4PP2/P7/BPP3PP/R4R1K b - - 0 21	d7g4 h5g4 e5g4	1295	0g191o1t
vZ9NX	5rk1/8/3p2BQ/2pP2pP/1pP2b2/2q5/Pp3RP1/1K3R2 b - - 2 34	c3c1 f1c1 b2c1q	1295	001315191h1k1o
veeZB	8/6pk/7p/1p2BK2/2pP1P1Q/2P5/PP4qP/8 b - - 10 39	g2g6	1295	0p13141b
vgj1s	r1q1kb1r/1pp2p2/p1n1p3/4P2p/4N1p1/4B3/PP2NPPP/3R1RK1 w kq - 1 17	e4f6 e8e7 e3c5	1295	1315191a1o
vuEuG	r4rk1/ppp2p2/3p4/6n1/2B2p1p/1P6/PBPP1P2/2K1R3 w - - 2 22	e1g1 g8h7 g1g5	1295	010p1g1o
wNg4N	r4rk1/2pnqppp/4p1b1/p3N3/R2Pn1P1/2PB3P/1PN2P2/3Q1RK1 w - - 2 21	e5g6 h7g6 d3e4	1295	0b0g191o
wfVDV	2k1r3/ppp3pp/8/4np2/5q2/2P2B2/PPQr2PP/2R2RK1 w - - 5 20	f3b7 c8b8 f1f4 d2c2 c1c2	1295	0g0j1019
xIy0p	1r2qr2/pQ3N1k/2n3pp/8/2B2p2/P7/1P6/K2R4 w - - 1 30	f7g5 h7h8 b7h7	1295	0k0m1315191o
xJuNO	r3r3/pp1q1pkp/3b1np1/1Q1p2B1/3P4/2P2N2/P4PPP/R3R1K1 w - - 10 19	g5f6 g7f6 b5d7	1295	0g191o
xoeq8	r1bq4/p2n1kbp/1p1p2p1/3Np3/4n3/4B3/PPP2PPP/R2Q1RK1 w - - 0 14	d1f3 d7f6 d5f6 g7f6 f3e4	1295	010b0s1019
yUh4E	4rr1k/6p1/p6p/8/3P1q2/2N1pN2/1PP1RnPQ/3R1K2 b - - 1 33	f4h2 f3h2 f2d1	1295	010j0k191o
ydJM0	rnbqr1k1/ppp2p2/5n1Q/3p2N1/3P4/3B4/P1P2PPP/b4RK1 w - - 0 13	d3h7 f6h7 h6h7 g8f8 h7f7	1295	0y10131619
zUotV	r3rk2/p1p2p2/5Np1/4q1Qp/8/1P1P3P/R1P2PPK/8 w - - 11 29	g5e5 e8e5 f6d7 f8g7 d7e5	1295	050g0p0s10
ztUzE	1r3rk1/p1p2ppp/4p2q/4Pn2/3P1Q2/1PP4P/P5PN/3R1R1K b - - 7 24	h6f4 f1f4 f5g3 h1g1 g3e2 g1f2 e2f4	1295	0g0s191w
023GF	5k2/3R2pp/4pp2/8/2p5/1p2N1P1/1P3PKP/2r5 b - - 1 31	c4c3 b2c3 b3b2	1296	000g0p1o
0Fbct	8/pp2Q3/3p1pkp/4n3/8/P1r5/2q3PP/5RK1 w - - 2 27	e7f6 g6h5 f1f5 c2f5 f6f5	1296	0g0p10
0aDps	1k3r2/ppp1Q2B/8/8/2P3PP/8/PP1R1q2/1K6 b - - 0 28	f2f1 b1c2 f1c4 c2d1 f8f1	1296	010p10
0dIVk	3R4/4bp1p/1pr1pNpk/p7/2P5/1P3P1P/P5P1/6K1 w - - 7 34	f6g8 h6g7 g8e7	1296	0g0p0s1o
0qcCp	6qk/2R4n/p3pbr1/1p1p2N1/3P3Q/6PP/PP3P2/6K1 w - - 5 31	c7h7 g8h7 h4h7	1296	1315191o
1CW6Q	6k1/2pQ1bp1/7p/3P1N2/4P3/qnP4P/6P1/1K1R3R b - - 0 32	a3a1 b1c2 a1a2 c2d3 b3c5 d3e3 c5d7	1296	010r0s191w
1JQvH	7k/1ppbn1pp/1p1p4/8/3KP3/1BPPBR2/PP5P/8 b - - 0 31	c7c5 d4c4 b6b5	1296	0p13151o
1K7i9	r1q3k1/p1p1p1b1/2p1b1Qp/3p1r2/3Pp2R/4P1B1/PPP1BPP1/2KR4 b - - 6 18	f5g5 h4h6 g5g6	1296	01191o1t
2AnAd	6k1/1p2qp1p/p3p1p1/8/3P1Q2/1P4PP/r4PK1/2R5 w - - 1 32	c1c8 g8g7 f4e5 e7f6 c8g8 g7g8 e5f6	1296	0g0i0p1w
2TC0l	rn1qk2r/pp2pp1p/2p3pP/8/2Pb2b1/5N2/PP4P1/R1BQKB1R w KQkq - 0 11	d1d4 d8d4 f3d4	1296	010s1c1o
3juuU	1r3r2/pppb1pk1/4p3/3n1nNQ/8/2q3P1/2P2PBP/1R2R1K1 w - - 2 22	h5h7 g7f6 g5e4 f6e7 e4c3	1296	0g0s1019
42mRi	8/6RB/2prkp2/4p3/8/q1P1P2P/4KPP1/8 w - - 2 45	h7g8 e6f5 g2g4 f5e4 f2f3	1296	0p101316
4IMoN	r4qk1/pp4pp/3b4/2pPp3/2P1N1Q1/4B3/PPn3PP/5RK1 b - - 2 18	f8f1 g1f1 c2e3 f1e2 e3g4	1296	050g0s1019
4ZV2P	r1b1r1k1/pP3pbp/6pq/8/2P3nP/BQ2P1p1/P4PB1/1R1R2K1 w - - 0 22	b7a8q g3f2 g1f1	1296	000g191h1o
4kB3j	7k/p4r1p/1b1r1p1R/8/4Q3/2P5/Pn2K2P/8 w - - 0 42	e4e8 h8g7 h6h7 g7h7 e8f7 h7h6 f7f8	1296	050g0i0p0s1w
4zncA	rn2kb1r/pp3ppp/2p1pn2/q5B1/3P2b1/2N2N2/PPP1BPPP/R2Q1RK1 b kq - 3 8	g4f3 e2f3 a5g5	1296	010b1c1o
5Smba	3r4/p5pk/1p1p1p2/2pQ4/2P5/PP2r1P1/2q2PK1/1R6 w - - 0 30	b1h1 h7g6 d5h5	1296	0n0p13151o
6hAIZ	r4rk1/1p2npp1/pq2p2p/1b2P3/2p5/1P1Q1N2/P3NPPP/1R3RK1 w - - 0 19	b3c4 b5c4 d3c4	1296	01191o
6idUz	5Q2/8/4p1p1/p3q1k1/7p/6P1/5P1K/8 w - - 3 50	f2f4 g5g4 f4e5	1296	0g0p0s1i1o
7UkqX	6k1/pR3R1p/2n3p1/3q4/3r4/Q6P/6P1/7K b - - 0 30	d4d1 h1h2 d5e5 a3g3 d1h1 h2h1 e5g3	1296	010i0p1w
7gnGo	3r1b1r/1pp2kp1/p3Rn1p/2q2P2/8/2N3QP/PPP2PP1/1R4K1 w - - 3 23	g3g6 f7g8 e6f6	1296	0g0i191g1o
7lZOq	5k2/3R4/4p1p1/8/5PNP/7K/8/4b1r1 b - - 0 53	g1g3 h3h2 g3g4	1296	0g0i0p1o
8oDt7	2r5/1pQbk1p1/4p2p/p2p2q1/8/P2B1R1P/5PP1/6K1 w - - 10 32	f3f7 e7f7 c7d7 g5e7 d7c8	1296	01050i0p0s101n
96jUL	r4rk1/2p2pp1/p3bq1p/1p1Qn3/8/1B6/PP3PPP/R1B1R1K1 w - - 4 18	d5e5 f6e5 e1e5 e6b3 a2b3	1296	011019
9pILj	1r6/8/6kp/1q6/3QKPPP/P1P1P3/8/5R2 b - - 2 37	b8e8 e4f3 b5f1	1296	010p1o
AESnx	7k/p5p1/PpQP3p/1Pb1p3/3p4/5qP1/7P/4R1K1 b - - 0 34	d4d3 c6c5 b6c5	1296	0g0j0k0p111o
Au6E4	5rk1/pp3qb1/n1p1p3/4P1QN/3P4/2P4P/P1P3P1/6K1 w - - 4 29	h5f6 f7f6 e5f6	1296	010p1o
BDeRd	r5k1/pQ3ppp/2p2r2/6N1/2PPp1nP/PPB3P1/6K1/R2b2R1 b - - 0 27	f6f2 g2h3 f2h2	1296	1315191o
BOYZH	r1b2r1k/3p2p1/1p2p3/p3qpN1/1P4P1/3Q4/P4P1P/3B1K1R w - - 0 22	d3h3 h8g8 h3h7	1296	1315191o
BWWd8	8/1R5p/1b1k1r2/3B4/P5p1/2PR2P1/1P5P/7K b - - 0 34	f6f1 h1g2 f1g1	1296	0p13151d1o
BYjqu	r2qr1k1/1p3pbp/6p1/pP6/2bB4/P4N1P/5PP1/R2QR1K1 w - - 0 24	e1e8 d8e8 d4g7 g8g7 d1d4 g7g8 d4c4	1296	050g0s11191w
BZTmH	r4r2/ppp1pp2/3p1kqN/8/3P1P2/4P3/PP4PQ/2K4R w - - 1 25	h2h4 f6e6 f4f5 e6d7 f5g6	1296	0g0p0r0s10
BhsEq	k2r1bnr/pp6/q7/4Q2p/3p3P/1P6/P3NPP1/R4RK1 w - - 1 23	e5h8 a6e2 h8g8	1296	010t191o
BzH98	r1b2rk1/5p1p/1p1p2pb/p2Nn2q/2P1P3/5N2/PPB2RP1/1R3QK1 w - - 2 30	d5f6 g8g7 f6h5	1296	0g0s191o
Cc5ST	8/2p2p2/2P2k2/PP5p/8/3p1PPP/R2RrbK1/4r3 w - - 0 42	d2e2 d3e2 g2f2	1296	0g0p111o
D8zl8	8/5ppk/5rr1/7p/3P3q/P2QP1P1/1P3PK1/R6R b - - 1 36	f6f2 g2f2 h4g3 f2e2 g3g2 e2d1 g2h1 d1c2 h1a1	1296	050g0p1g1n1p1w
DIvjN	r3r1k1/3q1ppp/2p5/1p2n3/p2bQ3/P6P/BPP2PP1/R1BR2K1 b - - 3 19	d4f2 g1f2 d7d1	1296	0g0j0y191o
DMaNP	3R4/3Q2rp/ppp2pkp/8/4qP2/8/PPP4P/2K5 w - - 7 29	d7g4 g6f7 d8d7	1296	0g0p1o
EP5th	3q1r1k/pp5p/5rR1/4Q3/1b1p4/1P1P4/P1P1KPP1/7R w - - 0 27	h1h7 h8h7 e5h5	1296	051315191g1n1o
EQ1lv	2b4k/6pp/p1p5/2Qp1q2/8/3P1RP1/PP4KP/3Br3 b - - 2 32	f5h3 g2f2 h3f1	1296	0p13151o
G59BN	5rk1/6p1/p2N4/8/8/2P1q3/P1P4Q/1K1R4 b - - 0 34	f8b8 d6b5 b8b5 b1a1 e3c3	1296	0p101316
GsSxD	2rr1bk1/1p3ppb/2q1p2p/2p1B3/nPP1PP2/6P1/3N2BP/Q2R1RK1 w - - 2 27	b4b5 c6e8 a1a4	1296	0g0v11191o
HZNqi	8/RP4p1/1q4k1/3p4/P2P4/4PK2/8/8 w - - 1 58	a7a6 b6a6 b7b8q	1296	00010i0p1g1h1j1o
IH7iZ	2r2rk1/pp3pp1/4q3/5N2/6PQ/P2p3P/1PP2R2/1K6 w - - 0 34	f5e7 e6e7 h4e7	1296	0g0p0s1o
IfyLl	2r2rk1/pRq1bppp/2n1p3/N2pPn2/Q2P4/4BB1P/P4PP1/2R3K1 b - - 0 18	c7a5 a4a5 c6a5	1296	0g191o
K2RMg	r4rk1/pp2qppp/1bpp1n2/7N/3P2b1/3BB3/PP3PPP/R2QR1K1 w - - 8 16	h5f6 e7f6 d1g4	1296	010y191o
L6afR	4rbk1/pp1b2p1/7r/2p3R1/8/PPBP2P1/2P2R1P/6K1 w - - 17 37	f2f8 g8f8 c3g7 f8f7 g7h6	1296	01050s1019
L6hDn	r4rk1/1p4pp/p3p3/2b1q3/P3B3/1P2Q3/2P4P/2R3RK w - - 1 25	e4h7 g8h7 e3e5	1296	0g0j191o
MGyKH	r6k/3qpr2/3p1pQ1/pP1P4/4P1R1/2N5/1P5K/8 w - - 1 35	g4h4 f7h7 h4h7	1296	0p13151o
MJelw	3b4/1r1q1k2/1p1Rp3/1Q1p1p1p/PB1P1Pp1/4P1P1/6KP/8 b - - 2 33	d7b5 a4b5 d8e7 d6c6 e7b4	1296	0g0p101p
MmUDg	3r1rk1/pQpbn1pp/4pp2/2B5/4P3/P7/1P2qPPP/R4RK1 w - - 4 16	c5e7 d8b8 b7c7 f8c8 c7d7	1296	0g0s0t1019
NLzcY	5r2/7k/p1n3pp/1p6/5q2/2PB2Q1/P1P5/4R1K1 w - - 0 38	g3g6 h7h8 g6h7	1296	0p0s13151o
O5lXh	r5k1/2pb1rp1/4p2p/2PpP2q/1R1P1P1N/4R1P1/2P3QP/7K b - - 0 32	a8a1 g2g1 a1g1	1296	0g0y191o
O9Ph4	r3k2r/pp1nbppp/1q6/3NPB2/3p4/1P6/P4PPP/R2QK2R b KQkq - 1 14	b6a5 d1d2 a5d5	1296	010s191o
OLZPn	8/6b1/2p4p/P7/2k1PpP1/3p1B2/7P/5K2 w - - 0 36	a5a6 g7d4 e4e5	1296	080g0h0p1o
PWdyz	1r1qkb1r/pQ1bppp1/5n1p/3N4/4p3/8/PPP2PPP/2KR1BNR w k - 1 12	d5c7 d8c7 b7c7	1296	0g1c1o
PmeKR	r4rk1/pp1nRpp1/2p2n1p/3p4/3P4/2qB1QPP/P1P3P1/5RK1 w - - 0 16	d3h7 g8h7 f3c3	1296	010j191o
Pw6WC	1r5r/2n2pk1/p3pNp1/2pqP3/5P2/1P3Q1P/P4R2/1R5K b - - 1 30	h8h3 h1g2 h3f3	1296	0g0y191g1o
Q6uiW	2r2rk1/1pq2pbp/p3p1p1/2p5/2N1RP2/PP1P4/2nB1QPP/5RK1 w - - 0 20	d2a5 c7c6 f2c2	1296	010j191o
R8TUH	8/p1R3pp/4p3/5pk1/1P3Nq1/6P1/3rbPP1/4R1K1 w - - 5 49	c7g7 g5f6 g7g4	1296	010p1o1p
RLZOm	r1b2Q2/ppk5/2p1p2p/3p2q1/6P1/3B4/P1P4P/5R1K w - - 6 27	f1f7 c8d7 f8a8	1296	0g0p1o
ROqOf	3rkr2/1R6/p2pp1pp/P1p1b3/2P3q1/R5P1/2Q4P/7K w - - 7 40	c2a4 d8d7 a4d7	1296	1315191o
RmjtJ	r1b4q/5pk1/4pnp1/3p2B1/2p2P2/4PN1P/PpB5/3QK3 w - - 0 27	g5f6 g7f6 d1d4 f6e7 d4h8	1296	050g10191p
RtC0f	kr5q/p2p4/1PpP2p1/QnP5/5n1p/1P5P/5PP1/R5K1 w - - 3 37	a5a7 b5a7 a1a7	1296	0p13151k1n1o
SFj6I	6r1/7p/R4p2/3R4/1B1P4/Pk2p2P/1Pr1P3/5K2 b - - 0 38	c2c1 b4e1 c1e1 f1e1 g8g1	1296	050p10111213161n
TlaiZ	6k1/1N2rpnp/pbr1p1p1/R3P3/2PN1PP1/B7/3P3P/5RK1 b - - 0 30	b6d4 g1g2 e7b7	1296	010t0w191o
UCCI8	r4rk1/ppp2pp1/3p2n1/2bN4/4Q1P1/8/PPP2q2/1K5R w - - 0 23	d5e7 g6e7 e4h7	1296	0y1315191n1o
UGbh6	3r1rk1/2q1ppbp/p5p1/8/3p4/1P1N1PnP/P1PB2P1/1R1Q1RK1 w - - 4 23	d2f4 c7a7 f4g3	1296	010v191o
UmFOp	r2q4/3nkrpR/p2p2Q1/3PpPp1/1p6/8/PPP3P1/R3K3 w Q - 0 24	g6e6 e7f8 h7h8	1296	111315191o
UyK9X	r4r2/p1p2p1k/1q4p1/1p6/3Q4/P4R2/1P4PP/2R3K1 w - - 2 25	f3h3 h7g8 h3h8	1296	0p13151o
VG1Gs	6k1/pp2b1pp/6q1/8/bP2PQ2/P1rn2PP/2rN1RB1/5RK1 w - - 0 32	f4f8 e7f8 f2f8	1296	0y1315191n1o
VoHJv	8/8/2k5/8/Pp6/3r3P/1PB3R1/2r3NK b - - 5 43	d3h3 g2h2 h3h2 h1h2 c1c2	1296	050g0p0r101g
W68Op	3Q2nr/p1p2p2/kb4q1/4P2p/7P/1P5P/PBP2p2/RN3R1K b - - 0 20	g6g1 f1g1 f2g1q	1296	000y1315191h1o
W70et	1r6/pp2Q1qp/2p1Rpk1/3p4/3P1P1p/P1P5/6PP/6K1 w - - 1 37	f4f5 g6f5 e7g7	1296	0g0i0p1o
WWfFJ	3r3k/pp3p1p/2p5/6R1/1Pb5/P3P2B/3r1P1P/2R1K3 b - - 2 21	d2e2 e1f1 e2c2 f1g2 c2c1	1296	0g0j0k0p10
XQDxA	1r4k1/1p1R1pp1/p6p/8/1Pn5/2PK1P2/P4P1P/3B4 b - - 5 28	c4e5 d3c2 e5d7	1296	0g0p0s1o
Y7kWQ	2k1r3/1p3p2/np6/2P5/1PP5/P6b/2QK1P2/R2R1r2 b - - 3 28	f1f2 d2c1 f2c2	1296	01191o1p
Z7eRG	r4rk1/1b4qp/p3p1pQ/1p2Pp2/7R/3B4/P4PPP/2R3K1 w - - 4 26	h6g7 g8g7 c1c7	1296	01050y191o
ZFFVF	3q1nk1/p5pp/8/2P2N2/6Rb/P3p3/3B1P2/R3K2Q b Q - 0 28	d8d2 e1f1 d2f2	1296	1315191o
ZeEHm	r5k1/4r1b1/3p2Q1/p2P3R/1p5P/P1P5/1P3q2/1K5R w - - 1 30	g6h7 g8f8 h5f5 f2f5 h7f5	1296	010r0s1019
ZmYz8	r1b2rk1/2p3p1/1p2P2p/p4pq1/P1Q5/2P1PP2/1B3P1P/1R1R1K2 b - - 0 19	c8a6 c4a6 a8a6	1296	0g191g1o
Zo7uS	3r3k/2R3Rp/4p1pP/1p2Pp2/pP3P2/P1K5/3r4/8 w - - 14 40	g7h7 h8g8 c7g7 g8f8 h7h8	1296	0p1013161m
asTtf	3r1rk1/pp2qn1p/6p1/2pBb3/8/PP2P1PP/1BP1Q3/2KR3R b - - 1 23	e5b2 c1b2 e7e5 b2b1 d8d5 d1d5 e5d5	1296	0105191k1w
b4PB1	8/p7/1p1P1k2/4q3/8/2Q4P/1K6/8 b - - 11 58	e5c3 b2c3 f6e6	1296	0g0p1i1o
bo5eM	5rk1/p3Q2p/4p3/3p2pr/4Nn2/8/PBP2qPP/R5RK b - - 1 28	h5h2 h1h2 f2h4	1296	050y1315191n1o
cLUa7	r7/5P2/p3P1pk/1p5p/3P2P1/6K1/r7/8 w - - 0 35	e6e7 h6g7 e7e8q	1296	000g0p1h1m1o
dgASd	3r2Q1/2pp3p/6pk/4P3/8/1B6/1PP3PP/2q2RK1 b - - 2 27	c1e3 g1h1 d8g8	1296	010p1o
eStSf	8/8/4P3/p1kp2p1/Pp4Pp/1P2K2P/8/8 b - - 0 46	c5d6 e6e7 d6e7	1296	0g0p1e1o
eZ9Rv	5rk1/Qb1ppp1p/6p1/8/1q6/3BB3/P1K2PPP/3R3R b - - 4 17	f8c8 a7c5 c8c5 e3c5 b4c5	1296	010r1019
fwEzx	8/5rkp/6p1/2p5/6Q1/1P4P1/q4b1P/2R2R1K b - - 3 33	a2a8 g4e4 a8e4	1296	0p13151o
g1vnk	2r3k1/2q2ppp/4p3/1p4N1/4Q1PP/Pp6/1P6/1K1R4 b - - 1 29	c7c2 e4c2 b3c2	1296	000g0p0s1o
gf3qt	5rk1/3q1pp1/2p1b1np/pp2N2n/1P2P3/P1PB3P/5PP1/R2QR1K1 b - - 0 22	g6e5 d1h5 e5d3	1296	010t191o
gm9JI	r2r2k1/1b2bppp/p4n2/1p2N3/4pB2/6P1/PP2PPBP/2R2RK1 w - - 0 19	c1c7 b7d5 c7e7	1296	0g0s11191o
hsE13	5r2/8/pRQ5/k2rP3/3q4/P7/5PPP/5RK1 b - - 0 36	d4f2 f1f2 d5d1 f2f1 d1f1	1296	0d0p1013161n
i0l7l	7R/nkp5/p2pP3/1p3q2/6r1/2P2P2/PP3K2/2R1Q3 b - - 0 32	f5c5 e1e3 g4g2 f2g2 c5e3	1296	0g0i0p10
iJVHE	5nk1/5pp1/N1b4p/5q2/1P1Q4/7P/6P1/3R3K b - - 0 35	f5h3 h1g1 h3g2	1296	0p13151g1o
iN5fP	2k5/2n1qpp1/p7/3pP2r/2P1Q3/P7/3B3P/4R1K1 w - - 0 31	e4g4 e7e6 g4h5	1296	0g0p0s111o
iYnAp	4rr1k/pp4pp/6p1/3Q4/2pP4/2Pb4/1qBK1PP1/2R4R w - - 1 29	h1h7 h8h7 c1h1	1296	050y1315191n1o
jS27s	6kr/3r1p1p/p4qnB/1p1b1N2/8/1B6/PP3PPP/4R1K1 w - - 0 25	e1e8 g6f8 e8f8	1296	0y1315191d1o
jWqhz	5rk1/5ppp/8/3Q1P2/5r2/1B4qP/1PP3P1/3R3K w - - 1 33	d5f7 f8f7 d1d8	1296	0d0p13151g1n1o
jjBYF	5rk1/5p1p/1R2p1p1/1p2n3/1r6/4B3/PP3PPP/R5K1 w - - 1 21	e3c5 b4b2 c5f8	1296	010p0s1o
lGi2L	2r2rk1/5ppp/N7/3p3b/3n4/3P1P2/PP1N2PP/2R1R1K1 b - - 0 23	c8c1 e1c1 d4e2 g1f1 e2c1	1296	050g0s1019
lIEuv	r5rk/5ppp/3pp3/1pp5/3b1B2/P2P1P1R/5q1P/5QRK w - - 0 28	h3h7 h8h7 f1h3 f2h4 h3h4	1296	050y101316191n
lY1GZ	3Q4/kp4pp/p4n2/1P3q2/8/P1N4P/1KP5/8 w - - 0 33	b5b6	1296	0p13141b
mKUPH	r4nk1/pp2r1p1/1q2p2p/2p1Pp1n/3p4/3P1NQ1/PPP3PP/1R2BRK1 w - - 2 21	g3h4 f8g6 h4h5 g6f4 h5h4	1296	010s10191t
nBTn7	5rk1/pp2rpp1/1np4p/4nP2/2P3R1/3B4/P4P1P/6RK w - - 1 27	g4g7 g8h8 f5f6	1296	010y191o
nICy2	rnbqk2r/pp2p1bp/2p2pp1/3pPn2/3P1PP1/5N1P/PPPN4/R1BQKB1R b KQkq - 0 8	f5e3 d1e2 e3c2	1296	01191o
nKe0k	r1b1kr2/pp2qpQp/2np4/2n5/2P5/5N2/PP1NPPPP/R3KB1R b KQq - 2 11	c5d3 e1d1 d3f2	1296	010i1c1g1o
oXtxC	8/k7/ppp5/2Q5/8/2K2P2/PPP3q1/6R1 b - - 0 43	g2f3 c3d2 b6c5	1296	010p0w1o
oy4wE	r2q1rk1/6pp/Rp1b4/1Pp1Bp1n/2Ppp3/1N1P2P1/4PPKP/3Q1R2 w - - 6 22	a6a8 d8a8 e5d6	1296	0g191o
pBz76	1r4k1/p2rp1bp/2p2pp1/q1pn4/P7/1P1P1R2/2PN2PP/1RB1Q1K1 w - - 2 21	e1e6 g8h8 e6d7	1296	0g0s191o
pc37r	b1n3k1/2P2p2/4Nn2/8/4q1p1/1B2P3/1B3PP1/3Rb1K1 w - - 0 30	d1d8 g8h7 e6g5 h7h6 g5e4	1296	0g0s1019
pmwea	5rk1/p4ppp/1p2p1q1/3p4/2p1P3/2Pn1P2/P2NQ1PP/1R3RK1 b - - 0 23	d3f4 e2f2 f4h3 g1h1 h3f2	1296	010y10191g
pnpGe	3R4/1p2Q1nk/8/p1B3pq/8/6KP/6P1/7r w - - 0 46	e7e4 h5g6 d8h8 h7h8 e4g6	1296	0g0i0p0r10
prOt7	1r1q3k/p1pn1Q1p/1p1pRb1p/8/2PP4/6P1/PP3r1P/4R1K1 w - - 0 21	e6e8 d8e8 e1e8 b8e8 f7e8	1296	0g0s1019
qPPCN	2kr3r/pp3pp1/2p1pn1p/3p3q/8/2P1PN1P/PP2QPP1/2KR3R w - - 0 16	g2g4 h5g6 f3e5	1296	01191o
qQ79S	r1b1k2r/1p1n1ppp/pq2p3/1B1pP3/Q7/5N2/PP3PPP/R1R3K1 w kq - 0 17	c1c8 a8c8 b5d7 e8e7 d7c8	1296	01050s1019
r2P4l	5r2/3b2k1/1p1b1q2/p2B4/P2pQ3/1P6/2P3PP/3R1NK1 b - - 12 34	f6f2 g1h1 f2f1 d1f1 f8f1	1296	0i10131619
sVI3X	3q4/8/5nkp/p5p1/3p4/PP3QP1/b1r2PP1/3R2K1 w - - 0 28	f3d3 g6g7 d3c2	1296	0g0p0s1o
unMwc	3N4/3R1pk1/p5p1/2p5/r4r2/4K3/8/6R1 w - - 0 58	d8e6 g7f6 e6f4	1296	010p1g1o
uvlFS	8/8/7k/1B1n1np1/4K3/2B5/1P6/8 b - - 8 49	d5c3 b2c3 f5d6 e4d5 d6b5	1296	0g0p0s10
uzpSu	r1bQ1qk1/p4rp1/2p5/4p1p1/2B5/2P5/P1P3PP/1R5K w - - 2 20	c4f7 g8f7 b1f1 c8f5 f1f5	1296	050g10191g
v76Dr	8/8/8/k1Kp4/8/3r4/4p3/1R6 w - - 0 70	b1a1 d3a3 a1a3	1296	0p13151m1o
vrZL9	4rr2/pb4k1/1ppp3p/5Rp1/8/1BP3P1/PP4P1/5RK1 w - - 0 26	f5f7 f8f7 f1f7	1296	010e0p0s1o
x0q8l	r4r1k/p3RP1p/2p3p1/8/3P2Q1/3q2NP/P1p3P1/5R1K b - - 0 29	d3f1 g3f1 c2c1q	1296	0001191g1h1o
x4IZH	6k1/2Q5/6q1/1p3p2/p2P3P/P1P2Pr1/4r3/R5RK b - - 0 37	g3h3 c7h2 e2h2	1296	0p13151o
x6tkE	5k2/3R1P1p/4K3/pp6/5r2/8/8/8 w - - 0 48	d7d8 f8g7 d8g8	1296	0g0p1m1o
xarjU	8/8/8/p1pk4/P3R3/KP6/8/8 b - - 0 52	d5e4 a3b2 e4d3	1296	0g0h0p1o
xoVXO	6rk/pp1nb2p/2pp2q1/4p3/4P3/1Q1P2PP/PPP1R3/3N1RK1 b - - 0 26	g6g3 g1h1 g3h3 e2h2 h3f1	1296	0r0s10131619
yPFCX	1r3r1k/7p/2p3p1/pbP1P3/6qP/P5R1/Q5PK/1B2R3 b - - 6 38	g4h4 g3h3 h4e1	1296	0g191o
yZCwy	3r2k1/1ppr1pp1/p6p/4P3/3n1P2/P6P/1P1R2PN/3R2K1 b - - 3 25	d4e2 d2e2 d7d1	1296	010i0j0p0y1o
zBrXb	r1b4r/1p1kppbp/p2p1np1/nN6/4PP2/4BN2/PPP3PP/2KR1B1R w - - 0 13	f3e5 d7e8 b5c7	1296	0g191g1o
zcjV4	8/pR6/2p1k3/4P3/1PP5/1KBn4/P5r1/8 b - - 8 42	d3c1 b3a4 g2a2	1296	0i0p13151o
0BHZb	r3kb1r/p4ppp/2n5/1p1p4/qP2nP2/2P1B3/P3N1PP/R2Q1RK1 w kq - 0 15	d1d5 a8c8 d5e4	1297	0g0s191o
0fAEI	4rk2/1q3p1r/p1p2Q2/1ppB4/3nP1P1/P7/1PP3K1/R1B5 w - - 2 26	c1h6 h7h6 f6h6	1297	0g191o
0yz3k	r1b2rk1/b3qppp/8/1P2p3/Q7/5B2/3N1PPP/2R2RK1 b - - 1 25	a7f2 f1f2 a8a4	1297	0g0j191o
1O6VQ	8/5k1p/2R2pp1/1Nb5/2n3P1/5P2/PB1r3P/4K3 b - - 6 34	c5f2 e1f1 c4e3	1297	0p13151o
1mv4J	1rr3k1/1pRb1qpp/p3p3/3pR2Q/7B/1P5P/P5P1/7K w - - 7 28	h5f7 g8f7 c7d7	1297	050g0y191o
3JkuZ	7k/5p2/p4p2/1p2p3/6Rp/P1Pr1q1P/P1Q2P1K/8 w - - 0 31	g4h4 h8g7 h4g4 f3g4 h3g4	1297	0g0p0r10
3SpIz	8/1q6/5kp1/pN2n3/P1P3p1/1P2Q3/1K6/8 w - - 1 39	e3f4 f6g7 f4e5	1297	0g0i0p1o
3wEXE	8/4R3/3p2pk/5p1p/P2N1PnP/1P6/3r3r/4RK2 w - - 7 38	d4f5 g6f5 e1e6 g4f6 e6f6	1297	0p1013161n
4nTwi	r6r/pp2ppk1/5q2/2pP4/2P3p1/2Q5/PP2P3/2K3RR w - - 8 25	g1g4 g7f8 h1h8 f6h8 c3h8	1297	0i0p1013161y
5eI9G	rnbqk2r/ppp2pQp/3n1b2/6B1/8/2P5/PP2BPPP/RN2K1NR b KQkq - 2 9	f6g7 g5d8 e8d8	1297	0g1c1o
6GoAL	r1b1rnk1/p2P4/2P4b/1N2p3/4P1pq/6p1/P1Q1B1P1/2RR1NK1 b - - 0 27	h6e3 f1e3 h4h2 g1f1 h2h1	1297	0y10111316191n
6Q2kN	r4rk1/pp3ppp/3pnP1Q/2p1q3/4P1R1/3B1n1P/PP3P2/2K4R w - - 1 21	g4g7 e6g7 h6g7	1297	0y1315191o
6aFhA	r1b1rbk1/ppp2pp1/2q4p/3nP3/2N1R3/2P5/PP3PPP/R1BQ1BK1 b - - 0 15	d5c3 b2c3 c6e4	1297	010j11121c1o1r
79Kkn	kq6/3p1ppp/1Q2pn2/8/4P3/P1r5/5PPP/4R1K1 w - - 2 31	b6a5 b8a7 a5c3	1297	0g0p0s1o
7GyiD	2r4r/pp4k1/4R3/3p1p2/P2P4/2PB4/1P3n2/2KR4 w - - 5 29	d1g1 g7f7 d3f5	1297	0g0p1o
7M7oW	3k1q2/2p1b3/6Qp/p2b1p2/8/P5P1/1P3P1P/1K2R3 w - - 0 28	e1d1 e7d6 d1d5	1297	0g0p1g1o
7YhEQ	8/8/2K5/3P3k/8/prPR4/7P/8 b - - 0 50	a3a2 d3d1 b3b1 d1b1 a2b1q	1297	000g0p101h1m
7cpMr	r4k2/p1q3r1/4RNQ1/P1pp1p2/2b5/2Pp4/1P3PP1/7K w - - 0 29	e6e8 a8e8 g6e8	1297	1315191o
7nf0o	r3k2r/ppp1qpp1/2p5/2b4p/2P1nP2/2N4P/PPP3P1/R1BQ1R1K w kq - 0 14	c3e4 e7e4 f1e1	1297	0g191g1o
81VXM	8/3R4/p5p1/2B2p2/4b2P/2p2kP1/3R3K/1q6 w - - 0 41	d2f2 f3g4 f2f4 g4h5 d7h7	1297	0p101316
8Q7lu	6Q1/4p1b1/p1b3kp/1p6/2p5/P1N1q2P/BPP3P1/3R3K b - - 9 38	e3h3 h1g1 h3g2	1297	1315191g1o
8UZxt	rnb1k2r/pp3pp1/5q1p/3Bp3/1b2P3/8/PP1N1PPP/R2QK1NR w KQkq - 0 10	d1a4 b8c6 d5c6 f6c6 a4b4	1297	0g0s101c
8dAWw	6k1/p5p1/1p1RN1rp/3Pp2r/7q/1Q2B2P/PP3PPK/5R2 b - - 0 25	g6g2 h2g2 h4h3 g2g1 h3h2	1297	05101316191n
A1lfD	3r1k2/1bq3p1/1p2QnBp/p7/2Pr4/4R3/PP3PPP/4R1K1 w - - 3 26	e6e8 d8e8 e3e8 f6e8 e1e8	1297	101316191d1n
AfeVR	2k4r/ppp2ppp/8/3r4/2Q5/2K5/PP2P2P/2R2B1q w - - 0 20	f1h3 c8b8 c1h1	1297	0g0j0p111o
Aik70	5r2/1bkn1R2/4p1p1/1p1pP3/pPpP2Pp/P1P1n3/2B1N1PK/5R2 b - - 0 31	e3f1 f7f1 f8f1	1297	0g11191o1y
B1ShW	8/4r1p1/2k2p2/1pqR4/p7/P1P2Q1P/KP1R2P1/4r3 b - - 0 43	c5c4 b2b3 c4b3	1297	0p13151o
Bn1N3	4r1k1/1b3p1p/p5pB/2N1b3/2P5/3Q1P1P/1q4P1/5RK1 b - - 5 31	e5d4 g1h1 d4c5	1297	0g0s191o
C2ZRQ	4r1k1/3r1p1p/1pnB1Pp1/2p1P3/8/2P3R1/1P5P/1K2R3 b - - 4 30	d7d6 e5d6 e8e1	1297	0g0p1o
CKXWr	5rk1/p2p1Rpp/1p6/8/1P1b4/1B3b2/P6P/5K2 w - - 3 30	f7f3 d7d5 b3d5	1297	0g0j0k0p1o
CRnlt	1k2bb1r/1pq2pp1/p3B2n/4P1Qp/3rN3/7P/PPP3P1/2KRR3 w - - 0 21	d1d4 f8e7 g5g7 h8g8 g7h6	1297	0g0t1019
Cbuv8	1rbr2k1/6pp/p1p5/8/3b4/3BB3/PP4PP/1R3RK1 w - - 0 20	d3c4 g8h8 e3d4	1297	0g0w191o
Ck6Dg	5rk1/7p/p4Qp1/1p2p3/1PP5/P4K2/3q1RPP/8 w - - 3 35	f6f8 g8f8 f2d2	1297	0g0p1o
DrkIo	r1bqkbnr/pp3ppp/2n1p3/1B6/3pPN2/5N2/PPP2PPP/R1BQK2R b KQkq - 3 7	d8a5 c2c3 a5b5	1297	0g0s1c1o
FSo9J	r1b2rk1/pp3ppp/2pp4/4b1q1/2B1P3/2NQ2P1/PPP2P1P/R4RK1 w - - 1 14	f2f4 g5e7 f4e5	1297	010s191o
FT3HT	r2r4/pp4k1/1b2qp2/4p3/3pP1PN/P2P1P2/1P2Q3/R2R3K b - - 2 27	d8h8 e2f2 h8h4 f2h4 a8h8 h4h8 g7h8	1297	010d0r191g1n1w
HP0U3	3r4/p1r5/4pp1Q/2kp4/2bb1P2/6P1/P5KP/3R4 w - - 5 32	d1d4 c5d4 h6f6 d4d3 f6d8	1297	01050b0p0s10
Ht6hZ	8/8/r7/8/p3K3/P3R3/1k6/8 b - - 8 52	a6e6 e4d3 e6e3 d3e3 b2a3 e3d2 a3b2	1297	0g0h0p1m1w
HxZdG	1rqRb1k1/1p4pn/pB3p2/4p2Q/4P3/2P2PP1/P3N1K1/8 b - - 0 28	c8d8 b6d8 e8h5	1297	0g191o
I1RDn	7r/1pb5/4kp2/pP1p2P1/P3p1Rr/2P1P2P/3B1K2/7R b - - 2 37	h4g4 h3g4 h8h1	1297	0g0j0p1o
I4I1u	r6r/pN1pkpp1/1p2p3/8/3n2p1/1PP1P1P1/P4P2/R1B2RK1 b - - 0 19	d4f3 g1g2 h8h2	1297	0u0y1315191o
IkEmB	6k1/6p1/8/1Q1p4/1B1P4/7r/r6n/3K4 w - - 0 39	b5d5 g8h8 d5a2	1297	0g0p0s111o
Iuecj	6k1/p1r3p1/4p2p/3b1pN1/5Pq1/8/P1Q3PP/1R4K1 w - - 0 26	b1b8 c7c8 b8c8	1297	0p13151o
JEJmk	2k5/pp6/2n5/5p2/1bq1r3/1N4QP/P4PPB/5RK1 b - - 1 34	c4f1 g1f1 e4e1	1297	051315191d1n1o
JKeib	rnbq3r/ppp1b1kp/3p2p1/6B1/2BPn3/8/PPPQ1PPP/RN2K2R w KQ - 0 9	g5h6 g7f6 d2f4	1297	0g1c1o
Jdv3Y	2b2r1r/p1q1n3/1pkbQN2/2p4p/P7/2P3P1/1P5P/4RRK1 w - - 8 27	e6e4 e7d5 e4d5	1297	1315191o
JiG35	r4k2/6RP/4p1K1/5p2/3P4/4P1Pr/8/8 w - - 1 49	g7g8 f8e7 g8a8	1297	0g0p1m1o1p
JuCt0	r2qr1k1/1p3ppn/pn2p2p/4B3/3PpPP1/P3P2P/1P2B3/2R1QRK1 w - - 2 23	e5c7 d8d7 c7b6	1297	010v191o
KXxno	8/8/5kp1/8/8/P7/KP1Rn1PP/4r3 b - - 1 41	e2c1 a2b1 c1b3 b1c2 b3d2	1297	0g0j0k0p10
KysV3	4r2k/3R1Qp1/7p/8/1p5P/8/PP4PK/4q3 b - - 4 34	e1h4 h2g1 e8e1	1297	0g0p111o
L4gTm	8/pbk2PQ1/8/2p5/2P1p3/KPP2P2/P2q2P1/8 b - - 2 48	d2c1 a3a4 b7c6 a4a5 c1a3	1297	0p101316
LKOCV	r2qk2r/ppp1b1pp/2n3b1/2N5/2B5/8/PPPPQ1PP/R1B2RK1 b kq - 4 13	d8d4 g1h1 d4c5	1297	010s1c1o
LLM9y	1r2r1k1/4qpp1/p6R/2p5/3P4/5Q2/PPP2P2/1K4R1 b - - 0 21	e7e1 f3d1 e1d1 g1d1 g7h6	1297	0g0p10
MQMWy	r2q1r1k/pp2pQ1p/2np4/2p5/4P3/2PP1N2/PP3PP1/2KR1B2 w - - 1 19	f3g5 f8f7 g5f7 h8g7 f7d8	1297	010s10191n
McoAA	4kr2/3bq1Qp/p7/8/1p2P3/nP6/P1r1N1PP/K2R1R2 w - - 0 25	f1f8 e7f8 g7d7	1297	1315191o
Mp8wV	8/R3Npbk/7p/4p3/2p1P3/2q2P1P/2P3P1/3R2K1 b - - 0 28	c3e3 g1h2 e3a7	1297	010p0s1o
MtPGs	r1b3k1/1p2brpp/p3p3/3pN3/1P4P1/P6K/4Bq2/R1BQ3R b - - 3 24	f2h4 h3g2 f7f2 g2g1 h4g3	1297	10131619
NfVDr	5r1k/6p1/1pp1Q2p/p3B3/3P4/2q4P/P5P1/6K1 w - - 4 32	e6h6 h8g8 h6g7	1297	0p13151g1o
O0DKY	rn1qk2r/ppp1ppb1/5npp/3pN1B1/3P2bP/2N5/PPP1PPP1/R2QKB1R w KQkq - 0 7	g5f6 e7f6 e5g4	1297	0b0g111c1o
OOu6z	8/1p6/pPpk3p/3p3B/P7/2N2nPb/5r2/3R3K w - - 2 39	c3e4 d6e5 e4f2	1297	0g0p1g1o
Q0i4S	6k1/7p/8/r1rp1R1p/8/1KPR4/8/8 w - - 2 46	d3g3 g8h8 f5f8	1297	0p13151m1o
QGL4B	5r2/8/p6k/7p/PP4pK/1B4B1/1br4P/3R4 w - - 2 37	d1d6 b2f6 d6f6 f8f6 b3c2	1297	0g0p10
QGnfZ	2k3nr/ppp2Bpp/3b4/6q1/3r4/1Q3P2/PP3P1P/RN3R1K w - - 3 14	b3e6 c8b8 e6e8 g5d8 e8d8	1297	101316191k
QLxQq	r2q1b1r/pppnnkp1/4p2p/8/2B4P/6N1/PPbPQPP1/R1B1K2R w KQ - 0 11	e2e6 f7e8 e6f7	1297	13151c1o
Qu9ZW	5Q2/1p6/k1p5/3p4/PP1P4/2K5/8/7q w - - 0 46	f8a8 a6b6 a8a5	1297	0p13151i1o
RRRzQ	r3kb1r/1pp2pp1/p3bn2/3p2Bp/1P1qP3/P2B3P/2P2PP1/R2Q1RK1 w kq - 0 14	d3b5 a6b5 d1d4	1297	010j191o
RsLKB	2r2k1r/1b4pp/p3B3/5p2/3P4/p1qQP1P1/5PP1/R5K1 w - - 0 31	d3f5 f8e7 f5f7 e7d6 f7d7	1297	10131619
SDQJS	r3k2r/ppp2pp1/2np3p/1Q6/3qP3/5B2/P1P2PPP/R4RK1 w kq - 4 15	b5b7 e8g8 b7c6	1297	0g0s191o
SH6CT	r7/1pkn1pp1/2p1n1p1/4p3/NPP5/4P1PP/1K3PB1/3R4 w - - 1 23	d1d7 c7d7 a4b6 d7d8 b6a8	1297	050g0p0s10111n
SvcxX	r3r1k1/pb3p1p/1p4pb/2p1q2P/2PpP3/3Q1PN1/PP3B2/1K3R1R w - - 1 26	h5g6 f7g6 h1h6	1297	010j191o
UIkQA	5r2/1p5k/p7/8/5pR1/3R4/5qp1/3K4 w - - 2 51	d3h3 f2h4 h3h4	1297	0p13151j1o
ULE4o	1r2B1k1/p3q1p1/1p2p2p/2p1p3/5n2/1PN2P2/P1QR1P1P/3R2K1 b - - 0 31	e7g5 g1f1 g5g2 f1e1 g2g1	1297	0y10131619
ULs4l	3r1r1k/1p4p1/3B1n1p/nB2p3/p3P3/2q5/P1P1Q1PP/2RR2K1 b - - 0 24	d8d6 d1d6 c3c5 g1h1 c5d6	1297	050g0s10191n
Ugted	4R3/p1qr2kp/2p2np1/8/5rPQ/8/PPP5/2K4R w - - 4 34	h4h6 g7f7 h6f8	1297	1315191o
VS9T6	r5k1/p1p2p2/1p4p1/4Pq1p/8/1Q2P2P/PP3P1K/R1B1R3 b - - 0 21	f5f2 h2h1 f2e1	1297	0g0p0s1o
WF8dh	5q2/1p3ppk/2p5/3p1N2/2b5/p1P3QP/5PP1/6K1 w - - 0 32	g3h4 h7g8 f5e7 f8e7 h4e7	1297	010p10
WKTNP	8/R7/2p1k3/P2pB3/3P4/nPK5/5r2/8 b - - 0 47	a3b5 c3b4 b5a7	1297	0g0p0s1o
WxyB0	2Q5/p5pk/7p/3Q4/8/7P/PP2q1r1/3R3K b - - 0 31	g2h2 h1g1 e2f2	1297	0p13151o1u
X8jww	6k1/pp4p1/3p3p/7r/4P1n1/5QqP/PPP3P1/R3R1BK b - - 0 25	h5h3 g2h3 g3f3	1297	0i0y1315191o
XkhCl	4r3/4r1kp/2p2p2/1nNq2p1/8/p3P2P/P2QNPP1/1R4K1 w - - 2 37	d2d5 c6d5 b1b5	1297	0111191o
Y5Efy	2kr2r1/ppp1bp1p/2n1p3/5q2/3P2n1/2N1BQ1N/PPP2PPP/3R1RK1 b - - 4 15	f5f3 g2f3 g4e3	1297	0g0j0k0y11191o
YqsUH	r2qkr2/3bbp2/1p1p2pN/n1p1p3/8/P1nPBQ2/B1P2PPP/R3R1K1 w q - 3 20	a2f7 f8f7 f3f7	1297	041315191o
ZQoGL	8/p1r5/2P1q3/1Q6/7P/2k3P1/6PK/8 w - - 3 62	b5a5 c3c2 a5c7	1297	0g0p0s111o1r
ZT34B	5r2/3P3k/3r3p/1p3q2/p3N1Q1/P6P/1P4P1/7K w - - 0 39	g4f5 f8f5 e4d6	1297	0g0p111o
ZcrBm	7k/p2p1Qr1/b1pP1R2/1p2q3/3p4/3P4/PP4PP/6K1 w - - 0 31	f6h6 g7h7 f7h7	1297	0p13151o
a59np	6k1/6q1/2n3p1/p4pP1/2p5/2N1rr2/P2Q4/1K1R2R1 w - - 0 35	d2d5 g7f7 d5c6	1297	0g0s191o
aDC4D	r7/1p2ppk1/qp4p1/4NP2/3P1Q2/2P5/1P2RP1P/r3R1K1 b - - 0 26	a6e2 e1a1 a8a1	1297	01191g1o
aavX4	r4rk1/p1q2pp1/1p2bn2/4p2p/4P3/1NNR1Q2/PPP2PPP/3R2K1 b - - 2 19	e6g4 f3e3 g4d1	1297	01191o1p
agCZ4	r4rk1/pp4p1/6q1/2p5/1n2p2R/1P3N2/1P3PP1/K6Q w - - 0 27	h4h8 g8f7 f3e5 f7e6 e5g6 f8h8 g6h8	1297	0g0s191w
azwr0	r4rk1/1p5p/p5pQ/4n3/2bB4/5P2/P2R1KP1/8 b - - 1 29	e5g4 f2g3 g4h6	1297	0g191g1o
cZtal	r3k2r/pp1n1p2/2p1p3/1PPp3p/Q2P3q/3KPP2/P3B2P/R6R b kq - 0 20	d7c5 d4c5 h4a4	1297	0g191o
dHx7t	6k1/5p1p/4p1p1/P7/1P1q4/2r4P/1Q4P1/R6K b - - 0 32	c3h3 g2h3 d4b2	1297	0g0j0p1o
dJyt7	1r2k1nr/2p2pp1/pbpp1q1p/P3p2b/4P3/1QPP1N1P/1P1N1PP1/R1B2RK1 b k - 0 13	b6f2 f1f2 b8b3	1297	0g0j1c1o
drIMU	r1b1r3/pp3pkp/3p2p1/2pPn3/7q/2P2P2/PPB2QPP/RN2R1K1 b - - 2 18	e5f3 g2f3 e8e1 f2e1 h4e1	1297	0g0j0y10191y
eUn6e	3Q1rk1/1pp1nppp/1b6/1P6/5N2/2B1PqP1/5P1P/3R2K1 w - - 3 26	d8f8 g8f8 d1d8	1297	050y1315191n1o
ezl9o	r1bq4/pppp1k2/2n2n1p/8/4P2B/8/Pb3PPP/RN1Q1R1K w - - 0 14	d1b3 d7d5 b3b2	1297	0g0s191o
fAmsT	2k3rr/ppp2p2/4p3/5pq1/2PPp2p/1Q2P2B/PP3RPK/R1B5 b - - 0 18	g5g3 h2g1 g3h3	1297	0g0i0s191g1o
fzaSf	2r2r1k/6R1/3q3p/p3p2N/Pp2Pp2/3P2QP/5PP1/6K1 w - - 0 31	g7h7 h8h7 g3g7	1297	050p13151n1o
ghv9H	8/6pk/1R5p/6P1/5P2/3p2K1/1p1rr1P1/6R1 w - - 0 52	g5g6 h7h8 b6b8 e2e8 b8e8	1297	0p1013161m
hMT7b	r4rk1/ppp2ppp/3p4/4p1q1/4PnN1/1BBPQ3/PPP2P2/R4RK1 b - - 0 16	g5g4 e3g3 f4e2	1297	010y191o
idw0q	8/1p3p2/p5p1/3KP3/7k/P6P/1P6/8 w - - 1 40	d5d6 h4h3 d6e7 g6g5 e7f7 g5g4 e5e6 g4g3 e6e7	1297	000g0p1e1w
iqv8I	8/1k3p2/pB5R/P2bP1p1/7P/6K1/2r3P1/8 b - - 0 44	c2g2 g3h3 g5g4	1297	0p13151o
jeNiR	3r4/6k1/p3p1p1/2Q1p1q1/4P3/P1P5/5PP1/1R2K3 b - - 2 29	g5d2 e1f1 d2d3 f1g1 d3b1	1297	0g0p0s10
jewJz	8/p4ppk/7p/3b1p2/8/R3Q2P/6PK/3q4 w - - 4 37	a3d3 d1a1 d3d5	1297	010p0v1o
lugFf	2r2rk1/1bq3pp/p2bp3/3p1p2/2pPn3/P1P2P1P/1P1NQ1P1/1BBRR1K1 b - - 0 21	d6h2 g1h1 e4g3 h1h2 g3e2	1297	0g0j0k0s1019
nATuP	r1bkqbnr/ppp1p3/2n2p1p/3p2pQ/3P1B1N/4P1PB/PPP2P1P/RN2K2R w KQ - 3 9	f4c7 d8c7 h5e8	1297	0g0i1c1o
nDNMc	3r3k/1QR5/3p2pp/8/P1K2p2/2b4P/1Pq3P1/8 w - - 0 43	c7h7 h8g8 b7f7	1297	0p13151o1u
ncxLP	r4rk1/pbp3p1/1pn1p2p/4P3/2qP1P2/P1P2BP1/2Q4P/R1B2RK1 b - - 4 21	c6d4 c3d4 c4c2	1297	01191o
nfRGK	2q5/Qp1kp2R/p2p4/3P1r2/4N3/P7/1PP5/1K6 b - - 6 37	f5f1 b1a2 c8c4 b2b3 c4c2	1297	0p0s101316
njI5R	b7/P4p1p/1k3rp1/R7/3p4/3B4/2PK3P/8 w - - 4 42	a5a6 b6b7 a6f6	1297	0g0p111o1p
nzAKn	5r1k/2p3p1/p1p1q3/2Q5/2P1P2p/P2P4/KP6/R3r3 w - - 0 32	c5f8 e6g8 f8g8 h8g8 a1e1	1297	0g0p0t10
onD8h	r3k1r1/5p1p/p1b1p2p/1pRq4/3P4/5N2/PP3PPP/3Q1RK1 b q - 4 20	d5f3 d1f3 c6f3	1297	0g191g1o
qMPET	3R1rk1/p4ppp/4bq2/2p5/2P1Q3/5N1P/P1P2PP1/R5K1 b - - 0 23	f6a1 g1h2 f8d8	1297	0g0t0w191o
qr6Zv	r1b1k2r/pp3ppp/5n2/R3p3/1b2q3/5N2/2PBBPPP/3QK2R w Kkq - 0 13	a5e5 e4e5 f3e5	1297	010s191o
r48Ei	r2q1rk1/p1p3pp/bp2p3/8/2PnPp1b/P2B1N1P/3BN1P1/2RQ1K1R b - - 1 16	d4f3 g2f3 d8d3	1297	0g0j191o
r4UgF	r4rk1/3bn1p1/1pp2p1p/4B3/4P3/2Q2N2/q1P2PPP/2K2B1R w - - 0 23	f1c4 d7e6 c4a2	1297	0g0s191o
rHjWv	8/5p1k/7p/4P1p1/K2Q2P1/6r1/p7/8 b - - 11 50	g3g4 d4g4 a2a1q	1297	000g0i0p1g1h1j1o
rQtk2	8/p3R3/8/3b3k/6p1/1P6/P1P2b1K/8 w - - 0 34	e7e5 h5g6 e5d5	1297	0g0p0s111o
rvj3w	4k3/8/4p3/4Pp2/p1K2Pp1/P2R1rP1/8/8 w - - 4 53	d3f3 g4f3 c4d3 f3f2 d3e2 f2f1q e2f1	1297	0g0p1l1m1w
sBIbp	2r3k1/1p1r1pp1/p1q4p/8/P7/4Q2P/5PP1/RR4K1 w - - 0 29	b1c1 c6c7 c1c7	1297	0g0p1o
sDd5n	5R2/p6R/r5p1/4r1k1/B4pP1/4bP1P/3p4/3K4 w - - 0 38	h3h4	1297	0p13141b
sXFRq	8/p2Q4/1pP1rqk1/1P1Rp3/4P3/B1P3p1/P5PN/6K1 b - - 0 37	f6f2 g1h1 f2e1 h2f1 e1f1	1297	0p101316
tGa43	8/1r6/1P1p4/3P1p1k/2R1nP2/8/1P3B2/6K1 b - - 0 38	b7g7 g1h2 e4f2	1297	010i0p111o
uJ8pz	r4r1k/1b1n3B/4pq1Q/2bp4/8/p1P1P3/P4PPP/R3K2R w KQ - 1 24	h7g6 h8g8 h6h7	1297	0j0k0y1315191o
uddQZ	3r1rk1/3Q3p/p4p2/1p3p2/8/P4R2/1PP3PP/2qN2K1 w - - 1 22	f3g3 c1g5 g3g5 f6g5 d7e6	1297	0g0p10
vYnda	8/7p/5Qpk/2p5/3p2PK/4q2P/PP6/8 b - - 3 39	e3e1 f6f2 e1f2	1297	0p13151i1o
w3UzV	1rr5/1p2ppkp/p2n2p1/P1nPq3/3QP3/2N5/1P2BPPP/R2R2K1 b - - 14 25	e5d4 d1d4 c5b3	1297	0111191o
wBqfI	6k1/2R2R1p/6p1/8/1p2P3/r5P1/P6K/4b3 b - - 0 34	e1g3 h2g2 g3c7	1297	010p0s1o
waOhL	8/pp6/1b1kpq2/3pN3/2pP4/2P3pR/PPQ1N1K1/R7 b - - 0 29	f6f2 g2h1 g3g2 h1h2 g2g1q	1297	000k0m0r101316191h
wvmMh	r2qkb1r/pQp2pp1/5n1p/4p3/3nP3/5B2/PPP2PPP/RNBR2K1 b kq - 2 12	d4f3 g2f3 d8d1	1297	0g0j0y1c1o
xAZqB	8/p5kp/2p3p1/1p2Nn2/8/1PPQ3P/P4qPK/8 b - - 1 33	f2f4 h2g1 f4e5	1297	0g0p0s1o
xYLNA	6k1/6p1/4ppNp/7P/1R1P2P1/5bBK/q7/8 w - - 0 40	b4b8 g8f7 b8f8	1297	0p0u13151o
xfc8y	6n1/7p/4P1pk/2pP4/8/3b2P1/1P4KP/8 w - - 0 32	d5d6 h6g7 d6d7	1297	00010p1o
yHwI4	r3k2r/ppp2pp1/8/3P3p/2PBpPq1/2N2n1b/PPP2QP1/R4R1K b kq - 2 18	h3g2 f2g2 g4h4 g2h3 h4h3	1297	0s101316191n
yIndZ	r2q1bnr/1ppPk1pp/p3pp2/4N3/2B1P3/1P6/P4PPP/RNBbK2R w KQ - 0 11	c1a3 c7c5 a3c5	1297	13151c1o
ysj8c	8/8/1R1P4/3r4/5p2/6k1/4K3/8 b - - 5 69	f4f3 e2e3 f3f2	1297	000g0p1m1o
z25o1	r1b2k2/ppp2p1p/4p1p1/4q3/1b2Q3/2N5/PPP2PPP/R4RK1 b - - 0 14	b4c3 e4e5 c3e5	1297	01191o
zlWVp	r1bqkb1r/1pp1nppp/p2p4/3P4/4n3/2P2N2/PP3PPP/RNBQKB1R w KQkq - 0 8	d1a4 d8d7 a4e4	1297	010s1c1o
0KdRl	6k1/2q3p1/p1p3Qp/6P1/5P1b/4P2P/PPrr4/R4RK1 w - - 1 26	g6e8 g8h7 g5g6	1298	1315191o
0dIJR	r3r1k1/p4pp1/1p5p/4b3/7q/2P2Q2/P2B1PP1/2R1R1K1 w - - 0 23	e1e5 e8e5 f3a8	1298	010i11191o
1omKq	r4k1r/ppp1q1pp/4B3/3pNb2/3b4/5Q2/P4PPP/5RK1 w - - 0 17	f3f5 e7f6 e5d7 f8e7 d7f6	1298	0g0s0t1019
1pS7F	r3k3/pppbqp2/2n1pn2/8/2pPP1rB/2P3P1/P4PBP/R2Q1RK1 w q - 3 15	h4f6 e7f6 d1g4	1298	0b0g191o
1tP3r	6k1/2r2pp1/5n1p/1N1pr3/P1n5/6P1/2R2PBP/3R1K2 b - - 4 38	c4e3 f2e3 c7c2	1298	010j191o
3BUBq	r4r2/pp1n1ppk/1qpN1b1p/4p3/4P1Q1/1B1P4/PPP2PPP/R3K2R b KQ - 0 14	b6b4 c2c3 b4d6	1298	010s191o
3JERa	k2r4/p1Rr4/1p2pp1p/1P1pQ3/P2Pn3/5N2/5qPP/2R4K w - - 2 28	c7c8 d8c8 c1c8 a8b7 c8b8	1298	101316191k
3Mrlo	3r1rk1/4bppp/pn6/1p2P3/3B1P2/1P4P1/P6P/1R1R1BK1 b - - 0 26	d8d4 d1d4 e7c5 g1g2 c5d4	1298	010510191g1n
5ALk1	2r3k1/5pp1/4p2p/qbp1R3/1pQP4/8/r1P2PPP/3R1BK1 w - - 1 27	c4b5 a5b5 f1b5	1298	01191o
5FR2O	5R2/p1p3kp/1p1q4/3r4/1P2Q3/P3p3/R5PP/6K1 b - - 0 26	d5d1 f8f1 d1f1 g1f1 d6d1	1298	050p101316
5wqry	5rk1/p1p3p1/1p4qr/4P3/2PpN3/P2PnR1P/1P3QPK/4R3 b - - 0 31	e3g4 h2g1 g4f2 f3f8 g8f8	1298	0g10191g
66s3u	5k2/1p5p/p3pNp1/2r2p2/8/3R4/5PPP/6K1 w - - 0 36	f6d7 f8e8 d7c5	1298	0g0p0s1o
6iSZA	r2q3r/nQpk1ppp/8/p2pP3/2P1n3/P4N2/P4PPP/R3K2R w KQ - 0 17	b7d5 d7e7 d5e4	1298	0g0s191o
6kclz	r1bqr3/1p3pkp/p4np1/2B2N2/3pP3/1P4Q1/P1P2PPP/R4RK1 b - - 2 22	c8f5 e4f5 f6e4	1298	01191o
6yHi0	8/6pp/5p2/5k2/B2q4/3P2QP/2P3PK/5r2 w - - 0 46	a4d7 d4d7 g3g4 f5e5 g4d7	1298	0g0p101n1p
7ALP2	r3kb1r/2p1nppp/p1np4/1p2p3/4P1q1/1B3N2/PPPPKP2/RNBQ2R1 b kq - 5 13	c6d4 e2d3 g4f3 d1f3 d4f3	1298	010i101c
7Ix2V	r3kb1r/5pp1/B1p1pn1p/P1Ppq3/1B6/4P3/2QN1PPP/R3K2R b KQkq - 0 16	e5a1 e1e2 a1h1	1298	0g0t191o1p
7LcFw	r7/5kp1/2p3r1/p1Ppp3/1P2n3/P3PP2/4q1Q1/R3BRK1 w - - 1 33	f3e4 e2f1 g1f1 g6g2 f1g2	1298	0g0j0k1019
808lH	r6k/1ppQ3p/6p1/p4p2/2B1bn1q/2P5/PP3PPP/3R2K1 w - - 6 26	d7d4 h4f6 d4f6	1298	0y111315191o
82WJI	3r1r2/1Rpkn3/q3p1pp/4P3/3p2P1/5N2/3B1P1P/2R3K1 w - - 0 26	c1c7 d7e8 c7e7	1298	0q1315191o
93gMP	8/8/4p1p1/3pP1K1/1BpPb1P1/2P5/k7/8 w - - 3 52	g5f6 e4f5 g4f5	1298	080g0p1o
9vYQw	3r1r2/pp3p1N/2b3p1/8/k3qQ2/2R5/3P1P1P/6K1 w - - 0 41	c3c4 e4c4 f4c4	1298	0g0s191o1y
APlkJ	8/p6P/2n5/Pk6/2p5/qPb5/4Q3/5K2 w - - 0 48	e2c4 b5a5 c4c3	1298	0g0p0s1o
AQIu3	7k/8/1p1p1p1p/3PpPn1/1PP4P/8/3Q1P2/q5RK b - - 2 39	a1g1 h1g1 g5f3 g1g2 f3d2	1298	050g0p0r0s101n
Bac0S	2rr4/6b1/p4pkp/1pP5/1P2R1PQ/3q1P1P/8/5R1K w - - 1 43	h4h5 g6h7 h5f5 h7h8 e4e8 d8e8 f5d3	1298	010i0j191w
BrVsk	r2r4/ppp5/8/5R2/4P1k1/P3Kn2/1P2B2P/8 w - - 0 27	e2f3 g4h4 f5h5	1298	0p13151d1o
CAxrx	r2qk3/pp6/5r1p/2pP4/3n3Q/N2R4/PPP3PP/2K4R b q - 0 19	f6f1 h1f1 d8h4	1298	010j191o
CFyo3	2r5/p1kr4/1p6/1q1PR1p1/4Qp2/2P5/P1K5/8 w - - 3 43	d5d6 d7d6 e5b5	1298	010j0p1o
Cxv39	6k1/4qNpp/p4p2/1p6/4np2/PQB1b3/1P4PP/5K2 w - - 3 31	f7h6 g8f8 b3g8	1298	0k0m0p13151o
Dvr9J	r2qr1k1/p4p2/2p2n1p/3p2p1/6b1/2PB1QB1/P1P2PPP/R3R1K1 w - - 4 16	e1e8 d8e8 f3f6	1298	0g0y191o
EKomS	7k/R7/8/1P2n1pp/P2P4/1B4KP/2P1r1P1/8 b - - 0 44	h5h4 g3h2 e5f3 h2h1 e2e1	1298	0p1013161g
EYWcs	8/2R1rqk1/N4npp/1p2p3/5rpQ/2R4P/PP3P2/6K1 w - - 0 41	c7e7 f7e7 c3c7 e7c7 a6c7	1298	010d10191g
EhQzA	8/6k1/4p3/4P1Pp/P2R1K2/8/r2p2P1/8 b - - 2 40	a2a4 d4a4 d2d1q	1298	000g0i0p1g1h1m1o
Fimli	6k1/7p/4p3/4P3/3q2p1/4pRP1/PP2Q2P/6K1 b - - 0 30	g4f3 e2f3 e3e2	1298	000g0j0k0p1o
HH4oP	8/8/8/4kpp1/3p4/5K2/4B3/8 b - - 1 78	g5g4 f3g3 e5e4 e2b5 d4d3 b5d7 d3d2	1298	00080g0p1w
HMY6r	5rk1/2Rp1ppp/p1b1p3/1p2q3/8/8/P4QPP/5RK1 w - - 0 25	f2f7 f8f7 c7c8 f7f8 f1f8	1298	0p1013161n
HukoA	6k1/6b1/3p1p2/3P4/1p2P3/8/p5KP/3Q4 b - - 1 41	f6f5 d1b3 a2a1q	1298	000g0p1h1o
IB89j	r1bqk2r/1p1p1p2/2p4p/p3P1pn/2Q1N3/2P3B1/Pb3PPP/5RK1 w kq - 0 17	e4d6 e8e7 c4f7	1298	1315191o
Jod6W	4r3/2k5/2p2p2/1p2PP1p/1P1K1P1P/P7/8/3R4 b - - 0 43	e8d8 d4c3 d8d1	1298	0g0p1m1o1p
JopGw	r7/p1pqk3/1p2p2p/1B1pb1p1/3N4/5QP1/PPP4P/R1B3K1 b - - 3 21	e5d4 c1e3 d4e3 f3e3 d7b5	1298	010t0y1019
JxRhQ	r6r/2pb1kpp/p4p2/5n2/2NP2P1/RP3q2/4RP1P/3Q2K1 w - - 0 21	e2e7 f5e7 d1f3	1298	010j191o
KkxhC	5k2/rp1R1p2/2B1n1p1/2P1P2p/1P6/6PP/5P2/6K1 b - - 0 29	a7a1 g1g2 b7c6	1298	010p0w1o
LPMl1	5R2/6p1/2p4p/QPkp2n1/7K/3P3P/1PP2P2/6q1 b - - 2 35	g5f3 f8f3 g1g5	1298	0d0p13151n1o
LgZc3	r6r/ppR1bk1p/4bnp1/1N6/3P1B2/8/PP3PPP/4K2R w K - 4 16	b5d6 f7g8 c7e7 f6d5 e7e6	1298	010i1019
Lq2XN	8/5R2/6p1/p5kp/6P1/r4BKP/5P2/5b2 w - - 0 46	h3h4 g5h6 g4g5	1298	0p13151o
LxfsK	r4b1r/1p1knpp1/1p1p1q1p/1N1Pp3/6b1/PB3N2/1PP2PPP/R2Q1RK1 w - - 0 14	f3e5 d6e5 d1g4	1298	0g0j191o
MjVNo	1r6/1P5p/8/8/2k1P3/p1p1K2P/P4P2/1R6 b - - 0 42	c3c2 b1c1 c4c3	1298	000g0h0p1m1o
MsPe8	2k1r2r/ppp2ppp/2pb4/8/6b1/2NP2P1/PPP2P1P/R1B1RK2 b - - 0 15	g4h3 f1g1 e8e1	1298	0i1315191f1o
NR62K	1r1qk2r/1b1p1pp1/p2Pp2p/1p1nB2Q/8/3B2P1/PPP2P1P/R4RK1 w k - 3 21	e5g7 d8g5 h5g5 h6g5 g7h8	1298	0g1019
NeSrE	r5k1/P4p1p/R1p3p1/1pPp2q1/3P1n2/4QP2/R5PP/6K1 b - - 8 32	f4h3 g1h1 g5e3	1298	0g0j0p0y1g1o
O3vie	r6k/1p1R2p1/6Bp/q1p4P/1n6/1P3P2/bK1Q2P1/R7 b - - 4 33	a5a3 b2c3 a3b3	1298	1315191o
OejOn	8/2q2p1p/4p1pk/2P5/8/8/2Q5/7K w - - 1 45	c2h2 c7h2 h1h2 h6g5 c5c6	1298	0g0p101i
PqcAq	r4rk1/1pp2ppp/1p6/4pN2/1Pn5/3P1PK1/1q6/2R4R w - - 0 30	f5e7 g8h8 h1h7 h8h7 c1h1 b2h2 h1h2	1298	02051317191n1w
QH7iz	2r4k/3n1r1P/4p3/1p1p4/3q4/1P6/P5Q1/1K4R1 w - - 0 32	g2g8 c8g8 h7g8q	1298	000p13151h1o
RiRl6	8/3N1pp1/4p1k1/p2pP2p/2bP1PP1/P7/7P/6K1 w - - 0 35	d7f8 g6h6 g4g5	1298	0p13151o
SJgEK	r6r/5pkp/4pNp1/ppp1b1P1/7R/5P2/PPK5/7R w - - 4 28	h4h7 h8h7 h1h7 g7f8 h7h8 f8e7 h8a8	1298	0g0p1p1w
SKMmp	2r2rk1/pp2ppbp/3p2p1/1q1n4/3P1P2/P1P3Q1/BP1B2PP/R4RK1 b - - 2 19	b5b2 a2d5 b2d2	1298	01191o
TFQig	8/8/5p1p/1ppk1K1P/6P1/1P6/P7/8 b - - 3 36	c5c4 f5f6 c4c3	1298	0g0p1e1o
TV2vW	8/1R3p2/3k4/3pp3/P5K1/2q1p3/8/5R2 w - - 2 43	f1f6 d6c5 b7c7 c5d4 c7c3	1298	0g0p101j1p
U5JhP	2kr3r/pbpq4/np1p4/3Pp3/P1P1P1p1/1NP3p1/4B2P/R2QR1K1 w - - 0 24	e2g4 g3h2 g1h1 d7g4 d1g4	1298	0110191g
UdKS4	r2qkb1r/1p3ppp/2p2n2/p1n1N3/P3p3/2PP2N1/BP3PPP/R1BbK2R w KQkq - 0 12	a2f7 e8e7 g3f5	1298	041315191o
V9rpg	5rk1/ppp3pp/8/3q4/5Q2/2N5/PPP3PP/R5K1 b - - 2 20	d5c5 g1h1 f8f4	1298	0g0p1o
VNYQd	2kr3r/pp3pp1/2p1p1b1/8/6pP/1Bb1B1Q1/P1P2PR1/3R1K2 b - - 0 23	d8d1 f1e2 d1e1	1298	1315191d1f1o
VS5Pj	3r4/p6p/2p2p2/2N1k3/4P3/2K5/PPP3r1/5R2 w - - 3 31	f1f5 e5d6 c5b7 d6e7 b7d8	1298	010p0s10
Vg2xJ	6k1/p4pp1/Q6p/2P5/8/4rB2/PrR2PPP/4R1K1 b - - 0 25	e3e1 a6f1 e1f1 g1f1 b2c2	1298	0g0p0t10
Vq13R	4R3/p2k1p2/1pb5/2p5/2P5/1P3P1p/P2q2PP/4R1K1 w - - 0 36	e1e7 d7d6 e8d8 d6e7 d8d2	1298	0g0p0r101p
VuGOT	6k1/p4pp1/8/7p/P2B4/1r1PnPP1/7P/R5K1 b - - 0 31	e3c2 a1c1 c2d4	1298	010p0s1o
Vyq3I	R1b2r1k/2pp2pp/1b6/1p1Q4/4P3/1P6/2qNKPPP/7R b - - 1 18	f8f2 e2e1 c2c1	1298	1315191o
W2DjY	r1b2rk1/p2n2bn/1p2p1P1/3pN1B1/1qPP1PP1/p2B4/8/R4K1R w - - 0 24	g6h7 g8h8 e5g6	1298	000y111315191o
W9IcN	8/p7/5b2/3k4/6Pp/2p1K3/P5PP/2R5 b - - 6 45	f6g5 e3d3 g5c1	1298	0g0p1o1p
X8XmV	5r1k/p3n1rp/1p1q4/2pPN2p/3nP3/P5Q1/1P4PP/3RR1K1 w - - 1 30	e5f7 f8f7 g3d6	1298	0g0j191o
XY9kN	r1b1k2r/1pp1nppp/1bnp1q2/4p3/BP2P3/2P2N2/1B1P1PPP/RN1Q1RK1 w kq - 0 11	a4c6 e7c6 a1a8	1298	0g0j1c1g1o
XnMvO	3r4/4qp1k/p1B3pb/4B2p/7P/P1QPP3/7K/3R4 b - - 0 30	e7h4 h2g2 h4g4 g2f2 g4d1	1298	0g0r0s1019
YQbWR	6rk/p1p3p1/1p1np2p/4B3/P4Q2/7P/5PP1/3q1BK1 w - - 0 38	f4h6	1298	0p13141b1g
YerCK	5r2/1R3npk/p1Np1qb1/2pPp2p/2P1P2P/P1N5/5QP1/6K1 b - - 2 34	f6f2 g1f2 f7d8	1298	0g0j0k0y191o
ZZ0dc	2k5/2pr1ppp/p7/B2b4/5Q2/8/P1q1N1PP/4R1K1 b - - 2 30	c2c5 f4d4 c5a5	1298	010s191o
a7Vus	8/pp3rp1/2p3k1/2Pp4/7P/P5P1/1P4K1/5R2 w - - 3 38	h4h5 g6h5 f1f7	1298	0g0i0p1m1o
aRfdp	6k1/PR4pr/3p1p1q/2pPn3/P3P1P1/5P2/2P2BQP/5RK1 b - - 0 29	e5f3 g1h1 h6h2 g2h2 h7h2	1298	030y10131619
bMRpa	2n5/2R2pkp/6p1/p3P1P1/1rP5/K3P2P/P7/6N1 b - - 6 30	c8b6 g1f3 b6c4 c7c4 b4c4	1298	0g0p0r10
cCqjC	3r3k/6pp/3Q1b2/3Bn3/4P3/2P5/1q4PP/5R1K w - - 1 30	d6d8 f6d8 f1f8	1298	061315191n1o
coSls	r2qr1k1/pp1n2pp/3b4/3p3Q/4p3/1P6/PBPP1PPP/R3R1K1 w - - 2 17	h5d5 g8h8 d5d6	1298	010s191o
dO3JO	5r1k/p7/5Np1/3B2P1/8/8/Pr1p1pK1/5R2 w - - 0 36	f1h1 h8g7 h1h7	1298	0p0u13151o
eOmGN	5k1R/ppR5/8/3b1P2/8/7P/6r1/7K b - - 3 41	g2g8 h1h2 g8h8	1298	010j0k0p1o
eQ4EH	r1b3k1/6p1/pB2p2p/1p1p1r2/5q2/7P/P3QPP1/1RR3K1 w - - 4 29	c1c8 a8c8 e2e6 g8h7 e6c8	1298	01050s1019
eQTqf	3r4/p6k/1p2QPpp/1P6/P1p5/q6P/5PPK/8 w - - 0 35	e6f7 h7h8 f7g7	1298	0p13151o
f9Jhv	8/2R2pk1/5prp/8/2Q4P/6P1/1q3P1K/2q5 w - - 0 49	c4f7 g7h8 f7h7	1298	0p13151o
fEUYx	3R4/5kb1/1q2bp1p/p3p3/8/PpP2B2/1P4PP/3R3K w - - 2 39	f3h5 f7e7 d8e8	1298	0p13151d1o
fUlOu	8/p3Rpk1/6pq/1pp5/4BP2/P1P2KQ1/1P1r3P/8 b - - 7 44	h6h5 g3g4 d2f2 f3f2 h5g4	1298	010i0p10
fe6XP	8/p3pk1p/3p1pp1/3P4/2Q3PP/q1p1RP2/PrP5/KR6 b - - 8 26	b2b1 a1b1 a3b2	1298	050p111213151o
fo5Pv	4r1k1/p4pP1/1p5R/4p3/8/2PrQNP1/2q4P/5K2 w - - 1 30	h6h8 g8g7 e3h6	1298	0p13151o1u
forJR	8/p7/4P1k1/2p5/8/4N3/1r1r2PP/5RK1 w - - 1 30	e6e7 b2b8 f1f8 b8b1 e3f1	1298	000g0h0p10
fzwmF	rnbqkb1r/1pp2ppp/p2p4/P3p3/4n3/2P2N2/1P1P1PPP/RNBQKB1R w KQkq - 0 6	d1a4 b8c6 a4e4	1298	010s1c1o
gMv9D	4r1rk/pbp3qn/1p1p1Q2/2nPp3/4P3/2N5/PPP1BPP1/2KR3R w - - 5 20	h1h7 h8h7 d1h1 g7h6 h1h6	1298	050r0y101316191g1n
gQJdO	1k1r3r/ppp1qpbp/3p2p1/8/8/P1nQB2P/1PP2PP1/3RR1K1 w - - 0 17	e3a7 b8a7 e1e7	1298	0g0j191k1o
go8LF	rn1qr1k1/pp4p1/2p2npp/2b5/4p3/2N3P1/PPP1Q1BP/R1B2R1K w - - 2 15	e2c4 g8h7 c4c5	1298	010s111c1o
goLRw	8/1k5p/R5p1/PP5r/2K5/8/8/8 w - - 1 43	a6b6 b7c7 b6c6	1298	0g0p1m1o
gq8TT	r1b1kb1r/1pp2pp1/p2qp2p/4n3/4PB2/5N1P/PPP1BPP1/R2QK2R b KQkq - 2 11	e5f3 e2f3 d6f4	1298	0g0j1c1o
hKZCJ	4r1k1/5pp1/7p/1p6/2p2q2/1P1r2PK/2Q1R2P/8 w - - 0 32	e2e8 g8h7 c2d3 c4d3 g3f4 d3d2 e8d8	1298	0g0p1w
hZqff	r5k1/pp1R1ppb/q6p/4r3/8/1Q4P1/5P1P/4R1K1 w - - 0 27	b3f7 g8h8 f7g7	1298	1315191o
iR4cy	3r2k1/6pp/8/R3n3/4N3/4KP2/6PP/8 b - - 5 40	e5c4 e3e2 c4a5	1298	010p0s1o
id7Vw	8/R4pk1/2P3p1/4N3/PPn1PK2/5P2/6r1/8 b - - 0 47	g6g5 f4f5 c4e3	1298	0p13151o
inhTx	2Q5/pp2r1kp/2p1P3/3p1r2/P2P3P/1P4PK/8/8 b - - 0 35	f5f8 c8f8 g7f8	1298	0g0p1j1o1t
jI9sK	r1b2rk1/ppp3bp/4p3/2q1n1pP/3Q4/2N3BP/PPP1N1B1/R3K2R b KQ - 3 17	e5f3 g2f3 g7d4	1298	0g0j0s11191o
jeDnb	8/pp2k1p1/4q2p/3p1p1Q/4pP2/1P2P2P/P2R2PK/4r3 w - - 3 33	h5h4 g7g5 h4e1	1298	0g0p0s1o
jpVBP	4b1r1/5p1p/1p2p2k/1Pbp3N/6PP/5R2/4B3/7K w - - 1 36	f3f6 g8g6 g4g5	1298	0p13151o
k8lj0	8/1p6/6pP/K1k5/P4P2/6p1/8/8 b - - 0 44	g3g2 h6h7 g2g1q h7h8q g1e1 h8c3 e1c3	1298	000p1113171e1h1w
kBOOr	7r/R6p/4B1p1/1k6/r7/7P/6PK/8 w - - 1 38	e6d7 b5b6 a7a4	1298	010i0p1o
l6WWO	1r6/p3k3/4p3/2p5/2Pb1R1p/6pP/P2R2K1/8 b - - 1 34	d4e3 f4h4 e3d2	1298	0g0p0s1o
lHcI0	r3r1k1/3R1ppp/2Q5/2P2R2/p7/P3P2P/q4PP1/6K1 b - - 5 27	a2b1 g1h2 b1f5	1298	0g0p0s1o
lZEor	r1br2k1/pp2bppp/2n1p3/2Pq4/8/3BPN2/PP2QPPP/R1B2RK1 b - - 2 11	d5d3 e2d3 d8d3	1298	0g111c1o
mI2aX	6kq/4pR2/b2pP1p1/p1p5/2P1P3/7Q/1r1N2P1/7K w - - 3 34	f7f8 g8f8 h3h8	1298	050i0p13151o
mSu8z	2B3k1/p4pbp/3q1np1/2p1r3/P2n1BP1/1bNQ4/1P3P1P/2R1R1K1 b - - 1 22	e5e1 c1e1 d6f4	1298	0g0j0y11191o
mbeLV	8/3R2r1/p3k3/2pR1p2/2P5/r2N1KP1/7P/8 b - - 1 48	g7d7 d5d7 e6d7	1298	0g0p1g1o
mw8Do	7k/pp2r3/2p1p1p1/3q4/8/2P1Q3/PP4P1/5R1K w - - 0 31	e3h6 e7h7 f1f8	1298	0p0x13151o
n1IfW	r4rk1/3b1ppp/3p1P2/2pPq3/2B5/pP2B3/P2Q1P1P/1K4RR b - - 0 21	d7f5 c4d3 f5d3 d2d3 e5b2	1298	101316191k
n3aAd	3r4/3pkp2/4pbpp/1RP5/1P6/r1BR2P1/5P1P/6K1 w - - 1 35	c3f6 e7f6 d3a3	1298	0g0j0p1o
nPVcN	rn2k3/3q1p1r/2pB1Q1p/p2pP3/1p1P3p/8/P4PPP/4R1K1 w q - 0 23	e5e6 d7d6 e6f7	1298	0001040k0m191n1o
nWYBn	r3kbnr/1bpn3p/p2pp1p1/6N1/2P1P1Q1/P7/2K2PPP/q1B2B1R w kq - 0 15	g4e6 f8e7 e6f7 e8d8 g5e6 d8c8 f7e8 e7d8 e8d8	1298	0r1318191w
nqSae	4r3/7p/6pk/5p2/8/P2Q1qP1/1P5P/3R2K1 b - - 0 33	e8e1 d1e1 f3d3	1298	010i0p1o
o0VYk	r2q3k/pp1b2pp/2pp1p2/2b1rP1Q/2B1P3/2N2R2/PPP3PP/R6K w - - 4 18	h5h7 h8h7 f3h3	1298	050y1315191f1n1o
oPNEX	8/8/8/1p3k2/8/PPPN2pP/2KR3r/8 b - - 0 56	h2d2 c2d2 g3g2	1298	00010p111o
oRLcp	1b4k1/3r1qp1/p1p4p/1pP5/1P2RP2/P7/1B4PP/3bQ1K1 w - - 2 30	e4e8 g8h7 e1e4 f7g6 e8h8 h7h8 e4g6	1298	0g0i0s191w
oepWH	r5k1/2qr1pp1/p3pn1p/1p1p4/8/2P2R1P/PPQ2PP1/1B2R1K1 w - - 2 21	f3f6 g7f6 c2h7 g8f8 h7h8 f8e7 h8a8	1298	010y191n1p1w
oos6v	5rk1/1p3pp1/1B2r2p/2Pn4/1bN3P1/1P5P/P3RP2/1R3K2 b - - 4 28	e6e2 f1e2 d5c3 e2d3 c3b1	1298	01050s1019
p08vB	7k/5pp1/5n1p/2Q2N2/6P1/5P1P/q3r3/2R4K w - - 1 33	c5f8 h8h7 f8g7	1298	0p13151o
p5kof	6r1/p2n1r2/1p2qpk1/2p1p3/P2pP3/3P2P1/1PP2K2/R2Q3R w - - 0 31	d1h5 g6g7 h5h6	1298	1315191o
pqTnY	2r5/6k1/7p/P1R3p1/1P1n4/4qPP1/4pQ2/4R1K1 b - - 2 40	d4f3 g1g2 f3e1	1298	0g0p0s111o
pqndO	r6r/1kq1ppb1/pB1p3p/3P4/1P3Pp1/2N5/2P1Q1PP/R4RK1 b - - 0 23	c7b6 g1h1 g7c3	1298	010t0w191o
qHko2	r2qkb1r/ppp2ppp/2N5/3p4/3P2n1/3pP3/PPP2PP1/RNBQ1RK1 b kq - 0 9	d8h4 d1g4 h4g4	1298	0g1c1o
rMAZp	r1b2Bk1/p3p2p/2p3pQ/3p4/1p1Pn1P1/1P2K3/2q1P3/3R1BNR b - - 0 19	c2c3 d1d3 c3c1	1298	0g11191o
rmuXR	2r3k1/1p3ppp/1BnR1n2/4p3/4P3/r1P2P2/6PP/1K1R1N2 b - - 1 24	a3b3 b1c2 b3b6	1298	0g0s191o
tAkJl	r1bqkbnr/1p3ppp/p1n5/2pp4/8/1B3N1P/PPPP1PP1/RNBQ1RK1 b kq - 1 7	c5c4 b3a4 b7b5	1298	011c1o
tKWUU	8/ppp2rk1/2n1pN1p/b3P3/7P/2P1R3/Pr4P1/4R1K1 w - - 2 27	e3g3 g7f8 g3g8 f8e7 g8e8	1298	0u10131619
txkG3	r4rk1/ppp2q1n/3p1p1b/4pP1p/4P1BQ/1P1P4/PBP3PP/R4RK1 b - - 0 19	h6e3 g1h1 h5g4	1298	010w0y191o
uwBU1	2k4r/p2r2pp/2p1pn2/4Qp2/8/q1N3P1/2PB1PBP/1K1R3R b - - 0 21	d7b7 c3b5 b7b5 e5b5 c6b5	1298	010s1019
v6dDH	8/1pr5/p1p4p/2N1k3/1P1p1n2/P7/4K1PP/5R2 w - - 6 39	f1f4 e5f4 c5e6 f4e5 e6c7	1298	01050p0s10111n
vapa8	2k3n1/pbpp1r2/1pnb4/3N1PB1/6p1/8/PP5P/R3R1K1 w - - 0 26	e1e8 c6d8 e8d8	1298	1315191d1o
vbwMj	r1b1k1nr/pp1p1ppp/2n1p3/1N6/2P1q3/4P1P1/PP5P/RN1QKB1R w KQkq - 0 10	b5d6 e8e7 d6e4	1298	0g0s1c1o
w7Vnd	rn1q3r/pp3ppp/1k6/2pBQ3/5Pb1/2NP4/PPP3PP/R3K2R b KQ - 4 14	h8e8 e5e8 d8e8	1298	0g191g1o
wCjfq	3r3k/p6p/2p3pb/5p2/3q4/7P/P1PBQpP1/3R3K w - - 1 30	d2c3 d4c3 d1d8	1298	010i0j0p1g1o1p
xPwAV	r6r/1b5p/p2q1n2/4Q3/3Pn3/5PPk/PP5P/R1B2RK1 w - - 1 26	e5f5 f6g4 f5g4	1298	1315191o
xdv2Y	2r3k1/p4ppp/8/8/5Q2/3bq1N1/PP3RPP/6K1 b - - 2 24	c8c1 g3f1 c1f1	1298	0p13151d1o
xyVtB	3q2rk/p2b1p1p/3p1PpQ/2pP2P1/2PbPR2/8/P5BP/1rB4K w - - 1 25	h6h7 h8h7 f4h4	1298	050y1315191n1o
y1omN	5r2/5R2/p3K2p/1p6/6Pk/1P5P/P7/8 b - - 2 39	f8f7 e6f7 h4h3	1298	0g0p1m1o
yePBv	rnb2rk1/p4p2/1p1p1qpp/4p3/2P5/2P2N1P/P3BPP1/R2Q1RK1 w - - 0 14	d1d5 b8c6 d5c6	1298	01191o
ypZVK	r3rb1k/2pR1Qpp/p3P1n1/1p6/5nP1/1P3q1P/PB3P1K/3R4 w - - 0 31	b2g7 f8g7 f7g7	1298	0y1315191o
zNGvd	5r2/6k1/3p4/2pBn1pP/1p4P1/4P3/5R2/6K1 w - - 2 47	h5h6 g7h6 f2f8	1298	010i0p1o
zZFFP	6k1/5p2/p3p1p1/P3b2p/Q3N3/2p2K2/1r4P1/8 b - - 3 35	c3c2 a4c4 b2b3 c4b3 c2c1q	1298	000g0i0p0r101h
0tBnE	r2k4/q4pp1/3bp2p/2ppN3/3Pn2P/3QP3/5PP1/5RK1 w - - 5 27	e5c6 d8d7 c6a7	1299	010s191o
0v2i4	8/6pk/1pQ2q1p/p2P4/8/P7/KP6/8 w - - 6 42	c6f6 g7f6 d5d6 h7g6 d6d7	1299	000g0p101i
0zTHc	8/7p/4p1p1/3p2k1/3P2P1/2P2P2/1K5P/8 b - - 0 38	g5f4 c3c4 d5c4 b2c3 f4f3	1299	0g0p101e
1JaAI	r2q1r2/5ppk/p1pp3p/6b1/4P1n1/P1N5/1PPN1QPP/3R1RK1 w - - 5 21	f2f5 h7h8 f5g4 d8b6 g1h1	1299	0g0s1019
1Q5Ty	r7/5p2/1kp5/p3qBp1/KpP3P1/1N6/3R1P2/3R4 b - - 4 36	e5b5 c4b5 c6b5	1299	0p13151n1o
1g8lk	4r3/8/1p6/2p5/3p1Kp1/7k/5N1P/6R1 b - - 5 38	h3h2 g1g4 e8f8 f4e4 f8f2	1299	0g0p101p
1uo2w	r2qk2r/1p1bpp1p/p1pb2p1/3N4/8/7P/PPP2PP1/R1B1QRK1 w kq - 0 14	d5f6 e8f8 c1h6	1299	1315191g1o
2P1V3	r3q1kr/ppp2Rp1/3p3p/7Q/1nPPN3/4P1P1/1P6/1K5R w - - 6 22	e4f6 g7f6 h5g6	1299	0y1315191n1o
2lbuf	R7/Pr3ppk/5b1p/8/8/K4P2/8/8 w - - 9 40	a8h8 h7h8 a7a8q h8h7 a8b7	1299	00050g0p0s101h
3sbic	Nk5r/pp1b2pp/5n2/8/5p1B/2P2B1P/P1K2PP1/1R6 b - - 7 25	d7f5 c2b2 f5b1	1299	01191o1p
3tzHX	2k4r/p3R2p/6p1/Np3p2/3rn3/1K6/PP5P/4R3 w - - 4 30	e1c1 d4c4 a5c4	1299	0g0p111o
41eUk	4r2b/7p/3R2p1/p7/8/1k4B1/r4PPP/2R2K2 w - - 2 35	d6b6 b3a4 c1c4 a4a3 g3d6	1299	0p1013161a
48UQT	7k/p1Q3Rp/1p6/8/8/P3q2P/6PK/5r2 w - - 1 30	g7h7 h8g8 c7g7	1299	0p13151o
4ANca	7R/3r1k2/p4p2/1p2pPp1/2p1BnPp/2P2P1P/PP5K/8 w - - 4 41	h8h7 f7e8 e4c6	1299	0g0p1g1o
56SJN	8/1kp4p/1p6/3P4/KP6/5QN1/P4PPP/q7 b - - 1 46	a1a2 f3a3 b6b5 a4b5 a2a3	1299	0g0i0p10
5tA3R	6r1/p1p2ppk/7p/2pnPP2/6Q1/1P5R/P1qr3P/6RK w - - 3 29	h3h6 g7h6 g4g8	1299	1315191o
62aAT	8/8/8/4Bk1p/R1p2Pp1/2Pr3P/6PK/8 b - - 2 45	g4g3 h2g1 d3d1	1299	0p13151o
6LsSk	6rk/p1p2p2/5q1p/4NB1R/4K3/1P4PP/P1P5/8 w - - 2 40	h5h6 f6h6 e5f7 h8g7 f7h6	1299	01050i0p0r0s101n
6mh14	r4rk1/p3b1pp/1qpBp3/8/4P3/8/PPP3PP/R2Q1R1K b - - 0 16	f8f1 d1f1 e7d6	1299	01191o
6yIma	6k1/7p/3p4/3r2p1/p7/1p1p2P1/1P1B1RPP/3K4 b - - 1 37	a4a3 d2c3 a3a2	1299	000g0p1o
7td2b	3R2rk/1pp5/1p2p2p/4p1r1/4Pp1q/P1P2P2/1P1Q2PP/6RK b - - 10 31	h4h2 h1h2 g5h5	1299	050p0y13151n1o
7wIeW	8/6pk/2p5/Q3p1p1/4q1P1/P6K/7P/4B3 b - - 0 43	e4f3 e1g3 f3f1	1299	0p13151o
8AhO3	8/p2R4/k7/2K3p1/1PP2r2/8/8/8 w - - 1 40	b4b5 a6a5 d7a7	1299	0i0p13151m1o
8Mctc	r3kb1r/ppp1qppp/2n2n2/8/3pN1b1/3B1Q2/PPP2PPP/RNB2RK1 w kq - 8 11	e4f6 e7f6 f3g4	1299	0g1c1o
8UKcW	2r5/R7/6p1/p1p2p2/P1B1r1k1/1P6/5PKP/8 w - - 3 40	f2f3 g4f4 f3e4	1299	0g0p0s1o
9GPNh	3R4/2p2rpk/pq4np/1p6/4N1Q1/P6P/1P3PP1/6K1 w - - 1 32	e4g5 h6g5 g4h5	1299	0p13151n1o
9fzBi	r1b2rk1/1p1p1ppp/pqn1pn2/8/4P3/P1N1BP2/1PP1Q1PP/R3KB1R b KQ - 3 11	b6b2 a1a2 b2c3	1299	0g0s1c1o
Ac7RY	6k1/p2p2pp/4p3/3n1r2/P4R2/1r2PKP1/7P/5BR1 w - - 3 38	f4f5 e6f5 f1c4	1299	010p1g1o
Bf5Kr	r2qr1k1/5pp1/p2Qn2p/1pp5/4PN2/5P1P/PPP3P1/3RR1K1 b - - 0 22	d8d6 d1d6 e6f4	1299	010b191o
BgNJR	rnbqk1nr/pp1p2pp/1bp5/4p3/2BPPB2/8/PPP3PP/RN1QK2R w KQkq - 0 8	d1h5 g7g6 h5e5 d8e7 e5h8	1299	0g0s101c1g
DCDVG	4R3/p2r1qk1/1p4pp/3p1p2/5P2/8/PP2Q1PP/7K w - - 4 39	e2e5 f7f6 e8g8 g7g8 e5f6	1299	0g0i0p10
G9GdO	1r3r1k/5qpp/pR3P2/3bp1B1/P2p3P/1P1Q4/1P5K/6R1 w - - 1 29	f6g7 f7g7 g5f6 g7f6 b6f6	1299	000d0g0y10191g
GQHyJ	r2qkbnr/pp3ppp/2n1p3/1BP1P3/3pN1b1/5N2/PPP2PPP/R1BQK2R b KQkq - 3 9	d8a5 c2c3 a5b5	1299	010s1c1o
GoTWj	r1bq1rk1/2p1bppp/p1p2n2/4N3/4P3/2N5/PPPP2PP/R1BQ1RK1 b - - 0 10	d8d4 g1h1 d4e5	1299	010s1c1o
Hpmqk	r2q1r1k/2p3pp/2Pp1b2/p6P/1pB5/5P2/PPPQ1P2/2KR3R b - - 0 18	f6g5 c1b1 g5d2	1299	0g191g1o
JxRzs	r2q3r/p1p1kppp/b1B5/3QP3/2P1n3/8/PP3bPP/RNB2K1R b - - 0 12	a6c4 d5c4 d8d1	1299	1315191n1o
K1WoV	5rk1/1p4p1/4q2p/p1p1rN1n/2P2Q2/1P6/P4RPP/3R3K w - - 5 36	f5h6 e6h6 f4f8	1299	010j0y191o
KTk4l	R6r/3k1pb1/1rp1p2p/2P1Pnp1/3P4/4BN2/5PPP/5K2 w - - 0 23	a8a7 b6b7 a7b7	1299	01191o
LAyIL	3rk3/RPQ3pp/6q1/8/5p2/1P3P1P/6P1/6K1 b - - 2 40	d8d1 g1f2 g6g3 f2e2 g3e1	1299	0p101316
M0f52	1k6/1p6/2p5/p4P2/8/4p3/8/2K5 w - - 2 64	f5f6 b8c7 f6f7 e3e2 c1d2	1299	000g0p101e
MZmWV	2r5/7P/8/kp4K1/8/8/P1p5/2R5 w - - 10 52	c1c2 c8c2 h7h8q	1299	00010i0p1h1m1o
N2pWs	4rrk1/pp2Qpbp/3p2p1/6P1/2B5/8/Pq4PP/3R1R1K w - - 1 18	c4f7 g8h8 f7e8	1299	0g0s191o
NMuRM	r1bk1b1r/pp2pp1p/3p2p1/1Q6/B2N4/2q1n3/P1P2PPP/R4RK1 w - - 0 15	b5e8 d8c7 d4b5 c7b8 b5c3	1299	0g0s1019
NNPRC	6k1/6p1/7p/P1Q5/4qp2/2P1n1P1/4R2P/6K1 b - - 2 33	e4b1 g1f2 b1f1	1299	0p13151o
Nn8w1	8/6R1/p1qk4/1p2p3/3n4/3Q4/PPP5/2K5 b - - 0 34	c6h1 d3d1 h1h6	1299	010p111o
NsuDT	6k1/pb3pp1/1p3n1p/4N3/8/4P3/P1r1BPPP/3R2K1 w - - 2 22	d1d8 g8h7 e2d3 b7e4 d3c2	1299	0g0p0s10
QtBB5	8/2P3R1/8/2r5/1K6/5k2/6p1/8 b - - 1 47	c5c7 g7c7 g2g1q	1299	000g0i0p1h1m1o
RLTXF	1k6/2p5/1pPp1p1p/1Q1Pb2P/1P6/1K1B2rq/R7/8 w - - 7 47	a2a8 b8a8 b5a6 a8b8 a6b7	1299	050p1013161n
RrbMx	r2q1rk1/pb2bppp/1p2p3/4N3/1n1P1P2/1P1B1R2/PB2Q1PP/R5K1 w - - 4 20	d3h7 g8h7 f3h3 h7g8 e2h5	1299	050d0g0y10191n
RuPfi	1k6/p5p1/B1pr1p2/qpN5/3P4/3K4/PP1Q1PPb/2R5 b - - 9 30	d6d4 d3d4 a5d2	1299	050g0i191o
S3NgJ	6k1/p2Q1pq1/1p4p1/2p3Np/8/P5PP/4nP1K/8 w - - 1 44	d7e8 g7f8 e8e2	1299	010p0s1o
SET4Q	r1b1k3/pppp1Npp/2n5/3Bp3/4n2q/8/PPPP1bPP/RNBQ1K1R b q - 3 9	e4g3 h2g3 h4h1 f1f2 h1d1	1299	0g10191p
TtBdT	r2q2k1/pp4p1/3p4/3P1br1/5P1Q/P1N5/1P4PP/R4RK1 b - - 0 28	g5g2 g1g2 d8h4	1299	0g0j0y191o
UB02B	r2q1rk1/1ppb1ppp/3bpn2/p2pn3/3P4/2PBP1B1/PP1N1PPP/R2QK2R w KQ - 0 10	d4e5 d6e5 g3e5	1299	0g0s1c1o
UXpzF	r3k1r1/ppp2p2/2np1pqp/2b1p3/P1B1P3/2PP2P1/1P3P1N/RN1Q1RK1 b q - 0 13	g6g3 g1h1 g3g2	1299	0y1315191g1o
UhXzC	1nk4r/3b4/PQ2p3/4Pp1p/3P4/qpP3P1/5RK1/8 w - - 1 43	b6b7 c8d8 b7b8 d8e7 b8h8	1299	010i0p0r101p
UmwHd	4r2r/ppp2pk1/8/3p2n1/3P3R/P1P1P1n1/1PK3B1/R1B5 w - - 3 26	h4g4 g3e4 g2e4 d5e4 g4g5	1299	0b0g0s10191g
UnUFf	r5k1/pppQ2p1/2n3p1/6B1/8/P2B4/1PPK3P/6q1 w - - 0 28	d3c4 g8h7 d7h3	1299	0p13151o
VNOq5	4qn1k/p7/2p3p1/4p2p/4P1BN/7P/PPP3P1/5RK1 w - - 0 32	f1f8 e8f8 h4g6	1299	0g0i0p1o
VfVWA	rnbqr1k1/ppp2pb1/4p1Bp/4P1N1/7Q/2N5/PPP2PPP/2KR3R b - - 0 16	d8g5 h4g5 h6g5	1299	010s191o
Vzg18	2k5/1p3Np1/7p/5b2/1P6/8/P2R1Pr1/3K4 w - - 0 27	f7d6 c8c7 d6f5	1299	010p0s111o
WxnO3	7r/p3r3/5p1b/3Qp2p/5k2/2P2P2/PP5P/2K5 w - - 1 23	d5e4 f4g5 h2h4	1299	0p13151o
XedeO	4k3/1p2rp2/p4Qp1/3pP1P1/2p5/P1P4R/1P2q1PK/8 w - - 0 38	h3h8 e8d7 f6d6	1299	0p13151o
Xxk2n	1r3qrk/4pp1p/3p4/ppp1n1B1/4P3/P2P1P1K/BPP2P2/R2Q2R1 b - - 0 21	g8g5 g1g5 f8h6 h3g2 h6g5	1299	050g0r0s10191n
YL448	4r1k1/1p2B1pp/p4p2/P2p4/8/1bP2P1P/1P4P1/4R1K1 b - - 0 26	g8f7 g1f2 e8e7	1299	0g0p1o
YlNd2	5r2/2R2pk1/p5p1/1p1pNq2/1B1P3p/4P3/PP3PP1/6K1 w - - 2 32	b4f8 g7f8 c7f7 f5f7 e5f7	1299	050g0p0s10
YoFgU	2k5/pp4N1/8/8/2P1K1pp/1P1P2P1/2n5/8 w - - 0 39	g3h4 g4g3 e4f3	1299	010p0z1o
Z0WPx	r1bqk1nr/pp3ppp/2nb4/3Qp3/8/1N4B1/PPP1PPPP/R3KBNR b KQkq - 0 7	d6b4 d5d2 b4d2	1299	0g1c1o
ZdtYL	r3r1k1/1b2bppp/1p1ppB2/pP6/NqP1P3/3BRQ2/P4PPP/R5K1 b - - 0 18	e7f6 f3d1 f6a1 a2a3 b4a3	1299	011019
bh06m	1r2r1k1/p4ppp/1qp2n2/2bpp3/8/1PNPPP2/P2B2PP/R1Q2RK1 w - - 1 16	c3a4 c5e3 d2e3	1299	01191o
bwF4p	8/ppp2p2/8/2k3p1/P1P1K1P1/1P2P3/8/8 w - - 5 32	e4f5 c5b4 f5g5 c7c5 g5f6	1299	0g0p101e
cGmDU	4r1k1/5ppp/1p6/p2p1N2/5b1q/P1P4P/2Q3P1/2R1B1K1 b - - 0 32	e8e1 c1e1 h4e1	1299	1315191o
cZ6o6	8/5k2/3p2pp/1p1P4/1P2KP1P/8/8/8 b - - 4 41	f7f6 e4f3 f6f5	1299	0g0p1e1o1z
d4hYB	2r3k1/1pq1rR1p/4p1pB/1p1pn1P1/3Pn3/2P4Q/PP4PP/5RK1 w - - 0 24	f7f8 c8f8 f1f8	1299	0y111315191d1o
dKkPh	1R4rk/6pp/8/1Q1p4/8/2p3P1/5PKP/qq6 w - - 0 40	b8g8 h8g8 b5e8	1299	050p13151o
eN6Zq	1r3rk1/p5p1/3p4/2p2p1Q/2p1B3/4P1PP/P4q2/7K w - - 0 29	e4d5 f8f7 h5f7 g8h8 f7h5	1299	0p101316
eV4cI	r7/6pk/2Q5/6Pp/4p2P/1P3p2/2P1qP2/5RK1 b - - 0 31	e2f1 g1f1 a8a1	1299	050p13151n1o
eb1LX	r1bq1bk1/pp4pr/1np1pnBp/4N3/3P4/8/PPP2PPP/R1BQK2R w KQ - 4 12	g6f7 g8h8 e5g6	1299	0y13151c1o
fAWl8	8/8/5bk1/1pQ5/3P4/1KP5/PP2q3/8 b - - 10 39	e2d1 b3b4 d1a4	1299	0p1113151o
gjPQy	1k3r1r/1b6/1Q3R2/p1pP3q/P3P2p/2N3pP/6P1/5K2 w - - 1 35	b6d6 b8c8 f6f8 h8f8 d6f8	1299	0g0r1019
gkZ79	R7/8/8/3p1r2/P2P1kpp/2P5/2P4P/1K6 b - - 0 36	g4g3 h2g3 h4g3 a8g8 f5g5	1299	0g0p101m
hDDfW	6k1/6pp/p2Q4/3p1q2/3P4/B1K1P3/6r1/4R3 b - - 2 37	f5c2 c3b4 c2c4 b4a5 c4b5	1299	0p101316
hhebx	5rk1/2q1bpp1/1r1p3p/p3pP2/2Pp4/P2P3P/3BQPP1/1R1R2K1 w - - 1 27	d2a5 b6b1 a5c7	1299	0g191o
hjckn	5bk1/6np/1N3pp1/8/2pq1PP1/7P/1P3QK1/1B6 b - - 1 30	d4f2 g2f2 f8c5 f2f3 c5b6	1299	01050p0s10
hrjub	3r4/pQ6/1p2pk1p/4Np2/8/2q5/P4PP1/6K1 w - - 2 30	b7f7 f6e5 f7g7 e5d5 g7c3	1299	010p101n1p
jb8UQ	4rrk1/3qn2p/2nR1p2/1b1p1Np1/3P4/2P2N2/PPQ2PPP/4R1K1 b - - 4 22	d7f5 c2f5 e7f5	1299	0g191o
jqx49	3qn2k/6pp/1p2Qb2/r2bN3/8/6B1/P4PPP/3R1RK1 b - - 0 26	d5e6 d1d8 f6d8	1299	01191o
jrJBG	5rk1/p1R3pp/b7/6q1/3PBn2/1P3P2/P2Q2PP/4R1K1 b - - 0 24	f4h3 g1h1 g5d2 e4d5 g8h8	1299	0g0j10191g
jzg1V	8/8/2Bn4/1p3kp1/1K1P1p2/P1P4r/5R2/8 w - - 2 48	c6d7 f5e4 d7h3	1299	0g0p1o1p
k3GcU	r4rk1/6pp/7q/8/1Q6/5N2/1P3PPP/1K1b1B1R w - - 0 25	f1c4 g8h8 h1d1	1299	010j191o
l6cZB	r3k2r/pbpq1p2/1p4p1/8/4PQ2/2NP3P/PPP3BK/4R3 w kq - 1 20	f4e5 d7e6 e5h8	1299	010s191o
m6AOI	3r2k1/pB3ppp/1b6/4q3/1P6/P5PQ/3r1P1P/4RRK1 b - - 2 23	b6f2 f1f2 e5e1	1299	0g0i0s11191o
m6gc2	7R/pp4k1/5p2/8/P7/1P1q2QK/8/8 b - - 1 45	d3g3 h3g3 g7h8	1299	0g0p1o
mFlom	4r1k1/pp3ppp/2p2q2/8/7P/2n1N1P1/PBP1BPR1/1R3K2 b - - 1 27	e8e3 b2c3 e3c3	1299	01191g1o
mXIno	rnbq2r1/ppp1pp1k/3p1n2/6QP/3P4/4P3/PPP2PP1/RN2KB1R w KQ - 1 12	f1d3 f6e4 d3e4 f7f5 e4f5 c8f5 g5f5	1299	0g0r1c1w
nSNa5	8/6pk/1p2p2p/5p1P/4Nq2/2Q2P2/4r1P1/4R1K1 b - - 1 40	e2e1 c3e1 f5e4	1299	010p11121o
nUoPc	2r3rk/3q2pp/p1p1p3/1b2b3/p2PP2N/6QP/1P4P1/R1R3K1 w - - 0 28	h4g6 h7g6 g3h4	1299	0d0y1315191n1o
ndAEL	r1bqkbnr/1pp2pp1/3pp3/2PPn1B1/4P2p/P2B1N1P/P4PP1/RN1QK2R b KQkq - 2 10	e5f3 d1f3 d8g5	1299	011c1o
obqai	7k/7p/N3p3/3pPp1b/2pP1P1r/2P1K3/R6P/8 b - - 8 34	h4h3 e3f2 h3h2 f2g3 h2a2	1299	0g0p0v101p
ojiL9	1k6/p4q2/2Q5/8/4K1R1/2Pr4/PP3P1P/8 b - - 4 44	f7f3 e4e5 f3c6	1299	0g0p0s1o1p
oz6SS	8/8/8/4pP2/3pP1p1/2k5/2P1K3/8 b - - 1 56	c3c2 e2f2 d4d3 f2g3 d3d2	1299	000g0p101e
p3gd3	r2qkb1r/7p/5pp1/1pp1p3/3nP2N/3QB3/PP3PPP/R4RK1 b kq - 1 16	d4f3 g2f3 d8d3	1299	0g0j191o
p8qDK	4r1k1/p4r1p/1p1pB1p1/1q4P1/4KP2/P1b1B3/7Q/7R w - - 3 34	h2h7 g8f8 h7f7	1299	1315191g1o
p9gPP	r2r2k1/1b3p1p/1p2p1p1/8/p3B3/P1q1QPN1/2P3PP/1K1RR3 b - - 1 28	d8d1 e1d1 c3e3	1299	0g191k1o
qAL4O	r1b2rk1/pp3pbp/1q2p1p1/2npP3/5PP1/P1N1QN1P/BPP5/2KR3R b - - 1 17	c5b3 a2b3 b6e3	1299	0g0j191k1o
qV73x	6rk/p4p1p/2q1rPp1/6P1/2PpbR1Q/1P1p4/P6P/3R2K1 w - - 5 29	h4h7 h8h7 f4h4	1299	050y1315191n1o
qjjbC	2rqkb1r/1n3ppp/p1b1p3/2P1NP2/P2PP3/8/Q5PP/RNB2RK1 b k - 0 17	d8d4 g1h1 d4e5	1299	010s1c1o
rcUlg	7k/1b4p1/p1n4p/1pQ5/8/1P4P1/1q6/5RK1 w - - 0 38	f1f8 h8h7 c5f5	1299	0g0p1o
rkOpY	6k1/p5p1/r2BP2p/3p4/2pPp3/2Pb2RP/6PK/8 w - - 2 33	e6e7 g8f7 g3g7 f7g7 e7e8q	1299	000g0i0p101h
sB3IY	r7/pb4k1/4P1p1/2pN2b1/8/3P4/PP4PP/5RK1 w - - 3 24	f1f7 g7h6 f7b7	1299	0g0p0s111o
sKaXq	2kr4/pp3pbp/2p1q3/3rP1p1/2Q3P1/2PR1P1P/PP2N3/1K1R4 b - - 0 20	d5d3 c4e6 f7e6 d1d3 d8d3	1299	0g1019
sV6dV	1r4k1/p3b1pp/4R3/3B4/2r5/nK3P2/P5PP/8 w - - 1 28	e6b6 g8f8 b6b8	1299	0g0j0k0p1o
u9rDJ	8/6p1/5p2/3p4/4bk2/6R1/6PK/8 b - - 1 49	d5d4 g3g7 d4d3	1299	0g0p11121l1o
uOBkR	5r1k/pq2r1bp/4B3/2pP1p2/5N2/1Q6/P5PP/5RK1 w - - 0 25	f4g6 h7g6 b3h3 g7h6 h3h6 e7h7 h6f8	1299	0s1317191n1w
ucNz0	2r4k/5p1p/Pp1p2pb/4pb2/4n3/1Q3N2/5PPP/4KB1R b K - 1 25	c8c1 b3d1 c1d1 e1d1 e4f2 d1e2 f2h1	1299	01050s191w
vt1fw	4r1k1/p4pp1/1b5p/3Q4/2P1P3/5P2/PP2q1PP/2BR3K b - - 0 27	e8d8 d5d8 b6d8	1299	010p1o
xcBtG	r1qk1r2/3nbQpp/p4n2/1p6/8/1B2B3/Pp3PPP/3R2K1 w - - 2 20	e3b6 c8c7 b6c7 d8c7 f7e7	1299	010r10191g
xp9oy	8/1b1r2k1/p1q1Q2p/3B2p1/3RP3/8/P1PK2PP/8 b - - 0 51	c6e6 d5e6 d7d4	1299	0g0p1o
xtsr9	4r2k/4qpp1/2Q5/1p2B3/1P1P4/8/5PPK/r7 w - - 0 41	c6h6 h8g8 h6g7	1299	0p13151g1o
xwVey	q5k1/6bp/p2P2p1/1p3p2/2bB1P2/Q1Pr4/P4RPP/R5K1 b - - 1 32	g7d4 c3d4 d3a3	1299	0g191g1o
yr53S	5rk1/1p5q/p3p2p/3p1pp1/6R1/3r1PR1/PQ3PK1/8 w - - 0 33	g4g5 h6g5 g3g5 g8f7 b2b7 f7f6 b7h7 f6g5 h7g7	1299	0g0p0r0v1n1p1w
zL1BK	8/R3Qpp1/3p2kp/4p3/1P2P3/6PK/1r1r3P/8 b - - 5 44	d2h2 h3g4 h6h5 g4f3 b2b3	1299	0p1013161j
