0YxH5	5rk1/1pp2ppp/2n4q/p2rp3/P7/2PP1RP1/1P2Q1BP/5R1K w - - 0 19	f3f7 f8f7 g2d5	1300	0g0j191g1o
17nQx	rn2k1nr/pp2bpp1/1qp1p3/3pPb1B/5P2/3P4/PPP1Q1P1/RNB2KNR w kq - 4 10	h5f7 e8f7 h1h8	1300	040g0j1c1o
1T3sF	r5k1/ppp1q1r1/1b1pP1pB/5R2/3P2Q1/2P4P/PP4P1/R2K4 b - - 0 23	g6f5 g4g7 e7g7 h6g7 g8g7	1300	011019
2K9nD	rn2kb2/pp4p1/2p1pnNp/7P/2bB4/6N1/PqP2PP1/R2QK2R b KQq - 1 15	f8b4 c2c3 b4c3 d4c3 b2c3 d1d2 c3a1	1300	0g0i191w
49wG0	r2qk1nr/pp4pp/2n5/1Bb1pP2/3p1p2/5N2/PPP2PPP/R1BQK2R b KQkq - 1 10	d8a5 c1d2 a5b5	1300	0g0s1c1o
5FucU	4r1k1/3q1bpp/p4p2/1p3N2/3NRb2/P1PQ3P/1P3PP1/5K2 b - - 1 31	f7c4 d3c4 b5c4	1300	0g191g1o
91wZl	8/pp6/1kr5/2r5/3K4/4Q2P/PPP3P1/8 b - - 6 44	c6d6 d4e4 d6e6	1300	0g0p111j1o
9cUA4	k6r/4rqp1/PQR1p3/8/3Pp3/4P3/1PR2Pp1/6K1 b - - 1 29	h8h1 g1g2 f7f3	1300	0p13151o
ALHGB	2QB3k/p2r2p1/8/2p1Pq1p/5P2/P7/1P2N2P/6RK b - - 0 35	f5e4 g1g2 d7d1 e2g1 d1g1 h1g1 e4e1	1300	050p0s13171g1n1w
EtO3R	3r3k/p1q3p1/7p/8/P4P1P/2Q1P1P1/8/2R3K1 b - - 0 32	d8d1 g1f2 d1c1 c3c7 c1c7	1300	0g0p10
FUczt	r2qk1nr/ppp2pbp/6p1/4n3/1PPN2b1/P7/1B1NPPPP/R2QKB1R b KQkq - 0 9	e5d3 e2d3 g4d1	1300	011c1o
Fa43T	r3q2k/3R3p/p1pB2p1/1pP5/3b4/1Q4P1/PP3PBP/6K1 b - - 0 27	e8e1 g2f1 e1f2 g1h1 f2f1	1300	0i0y10131619
HRnrg	7k/6p1/7p/Q7/3pP3/3P2q1/Pr6/5R1K w - - 4 36	f1f8 h8h7 a5f5 g3g6 f8h8 h7h8 f5g6	1300	0g0i0p1w
N6xPU	rn1qk1nr/ppp3pp/3bpp2/3pN3/3P4/4P3/PPP1QPPP/RNB1K2R w KQkq - 0 7	e2h5 g7g6 e5g6 h7g6 h5h8	1300	0g101c1g1t
Nhqg4	Q4b1r/p1pk1p1p/3p4/4p3/3n4/8/PPP2PPP/2KR3R b - - 1 17	f8h6 c1b1 h8a8	1300	010j0p1o
O491F	8/R3b1kp/2P1p3/3bN1p1/3P4/4q2P/6P1/3Q3K b - - 6 35	e3h3 h1g1 h3g2	1300	0p13151g1o
OQ2fw	r4rk1/p2R1ppp/4pb2/2p1Nn1Q/2P2P2/1P5R/1B4PP/1q4K1 w - - 2 23	d7d1 b1d1 h5d1	1300	010h11191o
PMaOi	r3r3/pp1b4/3kp1RR/3pbpN1/8/3B4/P1P1KPP1/8 w - - 5 34	g5f7 d6c7 f7e5	1300	010i191o
PfTR5	2r5/pp1n1kbp/5npB/4p3/4P3/8/1PP3PP/2KR1R2 w - - 2 22	d1d7 f7e6 d7g7	1300	0g0i191g1o1p
Qyyae	2k5/p1p2p2/2Q1b1p1/7p/2q5/1N3P1P/P5PK/8 w - - 0 28	c6e8 c8b7 b3a5 b7b6 a5c4	1300	0g0p0s1011
Slfj5	3r2k1/5p2/pR2p1p1/4P1Pp/3p1P2/4n2P/PP2KB2/8 b - - 4 31	d4d3 e2d2 e3c4 d2d1 c4b6	1300	0g0p0r0s10
Uog4d	4r1k1/1pp2ppp/p4nN1/q2p2B1/3P2P1/1PQ2P2/2PK3P/6R1 b - - 3 25	e8e2 d2e2 a5c3	1300	010i191o
VvIRv	5rk1/p4p1p/3p1Rp1/6K1/PpP2QP1/5R1P/2P5/4q3 b - - 11 34	h7h6 g5h6 e1h4	1300	050p13151o
WoOJD	3r1rk1/p1p2p1p/1pN1pQpP/5n2/8/8/PPq2PK1/6R1 w - - 0 30	c6e7 f5e7 f6g7	1300	0y1315191n1o
X4D2q	4Rrk1/3P1pp1/p5p1/1p6/7n/PB3PqN/1PPQ2P1/6K1 b - - 1 36	h4f3 g1f1 f3d2	1300	0g0y191g1o
XoFNZ	rnbqkb1r/pp2n1pp/5p2/3Bp3/8/2N1P3/PP3PPP/R1BQK1NR w KQkq - 1 8	d5f7 e8f7 d1d8	1300	0g0i0j1c1o
ZevfG	r2q1rk1/ppp3pp/2n2b2/3N4/2B5/3Q1b2/PP3PPP/R4RK1 w - - 0 16	d5f6 g8h8 d3h7	1300	0k0m0y1315191o
b75a4	4n2Q/p4k2/1p3qpB/2p2p2/4p3/2P5/P1PK1PP1/8 w - - 2 30	h8f8 f7e6 f8e8	1300	0g0i0p1o
cVRYc	4R3/1pk2p1p/1p6/pB5b/3K1P2/P5r1/7r/4R3 w - - 0 40	e1e7 c7d6 e7d7	1300	0p13151d1o
eDQYp	4r1k1/pp3ppp/5q2/8/6Q1/3P1p1P/P1P5/2K2R1R b - - 1 26	f6a1 c1d2 e8e2	1300	0p13151o
eS26N	r2r2k1/2p1nppp/p2qb3/1p1n4/1P6/PQN1P1P1/5PBP/R1BR2K1 b - - 1 17	d5c3 d1d6 e6b3	1300	010j191o
fQ2gN	3R4/5Npk/p1r5/6p1/Pnp5/5P2/5K1P/8 w - - 0 38	d8h8 h7g6 f7e5 g6f5 e5c6	1300	010p0s10
fp9RZ	rn1q1rk1/p3bppp/2p5/1p6/3n4/1QN2N2/PP3PPP/R1B1R1K1 w - - 0 15	f3d4 d8d4 e1e7	1300	01111c1o
hud8G	r4Bk1/pp1q1pp1/2pp3p/8/3Q1P2/2n4P/PPP3P1/2KR3R b - - 0 15	c3e2 c1b1 e2d4	1300	010s191o
hvrGv	2krr3/1bp2ppp/3b4/P7/3N4/4qPP1/1BQ4P/R1R4K b - - 2 24	b7f3 d4f3 e3f3 c2g2 f3g2 h1g2 e8e2	1300	050g0y191w
jzKft	8/p5bk/1p4pp/2p3P1/2Q1Nq2/2P5/PP4P1/6K1 w - - 1 32	e4f6 g7f6 c4f4	1300	0g0j0p1o
kF4K3	8/5pp1/2p4p/1p6/p1pP1k2/P1P1nP1P/1P2K1P1/7N w - - 8 35	g2g3 f4f5 e2e3	1300	0g0i0p0z1o
ld2qR	8/1r2p3/1B3k1p/P1P2p1P/8/4n3/8/2K2R2 b - - 0 41	e3f1 c5c6 b7b8	1300	010p0t111o
o85Bs	k3r2r/pp1N4/3bp3/Bp6/3Pn1P1/1P2PP1p/P5P1/2R2RK1 b - - 0 27	h3h2 g1h1 e4g3	1300	000y1315191o
qMGqp	3r4/P6p/4k3/6p1/6P1/6KP/3p4/3R4 w - - 3 40	d1d2 d8d2 a7a8q	1300	00010i0p1h1m1o
qdKyu	3Q4/7k/8/2p5/2P3q1/3K4/7P/8 b - - 4 52	g4d1 d3c3 d1d8	1300	0g0p111i1o1p
thZNu	8/5bpk/5p1p/3pq3/pQ5P/5B2/r4PP1/5RK1 w - - 5 33	b4b1 f6f5 b1a2	1300	0g0p0s1o
u5fca	5B2/3k4/8/pr4pP/6P1/1P6/5PK1/8 w - - 3 54	h5h6 b5b8 f8g7	1300	0g0h0p1o
uQrK4	r2k4/2Rn2p1/4p2p/P3p2P/NP2P1P1/5P2/2P5/3K1b2 w - - 5 32	c7d7 d8d7 a4b6 d7c6 b6a8	1300	050g0p0r0s101n
wzC5z	Q7/8/1R6/7P/4p3/2k5/1p5r/1K6 b - - 0 62	h2h1 b1a2 h1a1	1300	0p13151j1o
05us0	8/6pp/6k1/1Q6/1Ppq1pP1/7P/2P5/5K2 w - - 1 45	b5f5 g6h6 f5h5	1301	0p13151i1o
15agt	8/6pk/6qp/1p3Q2/8/2P5/Pr4PP/5RK1 b - - 1 33	b2g2 g1h1 g2g1 f1g1 g6f5	1301	0g0i0p10
1UqIP	r1bqk2r/pp2nppp/8/8/1b1Q1B2/2N5/2P1NPPP/R3KB1R b KQkq - 0 13	d8d4 e2d4 b4c3	1301	0b0g1c1o
49vxy	rnb2rk1/pp3ppp/2p2n2/8/2q1B2Q/2N1P3/PP1P3P/R1B1R1K1 w - - 1 17	e4h7 f6h7 h4c4	1301	0g0j1c1o
4vnBw	6RB/5k1p/2p1r3/2n1pb2/2P5/1P2K3/P6r/6R1 w - - 15 39	g1g7 f7f6 g7c7	1301	0j0k1315191a1o
6wUFI	1r3k2/2p1nppp/3p4/1p1P4/p2N4/2P3P1/PP2RP1P/6K1 w - - 1 29	e2e7 f8e7 d4c6 e7f6 c6b8	1301	050g0p0s101n
82ZbC	3q1rk1/p3b1pp/5p2/1Q6/3p4/P5PP/1Pr2PB1/R2R2K1 w - - 0 22	b5b3 g8h8 b3c2	1301	0g0s191o
9Ry1A	8/2nk2r1/pp1Np3/4Pp2/8/5KP1/PP6/2R5 w - - 6 39	c1c7 d7c7 d6e8 c7d7 e8g7	1301	050g0p0s101n
ACKkP	4n1kb/1pq1pp1p/pQ4pB/n2B4/P4N2/1P5P/2r2PP1/1R4K1 w - - 2 29	d5f7 g8f7 b6e6	1301	050y1315191n1o
AO0LV	1k6/p4Qp1/1pp3p1/8/3p3P/P3BPq1/1PP1r1B1/R5RK b - - 0 28	g3h4 g2h3 h4h3	1301	0y1315191o
DOUOL	7Q/8/1p6/1kn1p3/3qN3/2p2P2/2P1p1PP/6RK b - - 1 39	d4g1 h1g1 e2e1q	1301	00050p13151h1o
E7DYA	8/5pkp/6p1/4PpKP/5P2/4P1P1/4R3/2r5 b - - 4 46	h7h6 g5h4 c1h1 e2h2 h1h2	1301	0p1013161m
G1S3D	4rr2/pp4kp/2p1Q1p1/8/8/8/PqP2PPP/4RRK1 w - - 1 24	e6d7 f8f7 d7e8	1301	0g0i0p1o
IPLJZ	2r2rk1/5pp1/p4b1p/2NR4/1P3Pq1/P3P3/2Q2P2/5R1K b - - 2 26	g4f3 h1h2 f3d5	1301	0g0s191o
KUHyk	4r1k1/1pq3pp/p3p2r/4Np2/4nP2/1QP5/PP2R1PP/3R3K b - - 2 27	e4g3 h1g1 g3e2	1301	0g0y191g1o
Lwoyu	8/4kp2/p2p1p2/2p2P2/4P3/3Q3P/3R1PK1/qq6 w - - 0 40	d3d6 e7e8 d6d8	1301	0p13151o
MTOmQ	8/8/1PR5/6pp/8/1r3k2/3K4/8 w - - 0 47	c6c3 b3c3 d2c3 g5g4 b6b7 g4g3 b7b8q	1301	000g0p1h1m1w
Maxxo	r5k1/3b1ppp/3p4/p4P2/1p1PQ1P1/2r3qP/P1P5/K3R2R w - - 0 29	e4a8 c3c8 a8c8 d7c8 e1e8	1301	060t10131619
Pbwwe	q5k1/p4p2/4pPp1/4P1QR/1p6/6PK/r6P/8 w - - 1 39	h5h8 g8h8 g5h6 h8g8 h6g7	1301	050p1013161n
PeMod	r1b3r1/1pp4k/p2p3p/3P1p2/1PPNN1qP/P1B1P3/2Q2p1R/2R4K b - - 0 33	g4g1 c1g1 f2g1q	1301	000y1315191h1o
PmYBc	4rrk1/p1p2p2/3p1q1p/2p3p1/2P1p3/2P1PP2/P1Q1B1RP/6RK b - - 0 25	e4f3 g2f2 e8e3	1301	010j0s191o
R8Z9k	5k2/8/1pQ5/2p4B/2P2PP1/5K2/8/4q3 b - - 6 58	e1h1 f3e3 h1c6	1301	0g0p111o1p
RNgNA	8/8/8/k1r4p/pp4PP/8/1K6/5R2 w - - 0 52	f1f5 c5f5 g4f5	1301	0g0p1m1o
SBRDL	r1b1k2r/4Ppbp/pq4p1/1p4B1/5P2/2NB1N2/PPP2nPP/2KR3R w kq - 1 15	d3b5 a6b5 d1d8 b6d8 e7d8q	1301	000d101316191h1n
TK8bp	6rk/1p1q1p1p/6r1/2bp1N2/p7/3PPR1Q/2P3PP/5RK1 w - - 0 28	h3h7 h8h7 f3h3 g6h6 h3h6	1301	050y101316191n
TwpDp	r7/p5pk/3q2Np/2pb4/2PpQ3/3P3P/P5P1/5RK1 w - - 7 28	g6f8 h7g8 e4h7	1301	0k0m0p13151o
U2TsK	r3k2r/pb2bppp/1p3n2/2p5/8/P1PQ1P2/BPP2P1P/R1BK4 b kq - 0 15	a8d8 d1e2 d8d3	1301	01191g1o
UvAO4	8/p1p1Rrkp/2p3p1/8/8/5N2/r5PP/5BK1 w - - 1 27	e7f7 g7f7 f1c4 f7f6 c4a2	1301	01050p0s10
Xobe5	8/p1p1Q3/4P2k/1p5p/1P5P/K1P1n3/P7/3q4 w - - 0 43	e7g5 h6h7 g5e3	1301	0g0p0s1o
YCmWt	8/7R/kp6/2r1B1P1/5P2/8/p3K1P1/8 b - - 0 45	c5e5 f4e5 a2a1q	1301	000g0p11121h1o
YvdXT	3q1rk1/p1p2pbp/2Q3p1/1r6/4R3/2p5/PP3PPP/R1B3K1 w - - 0 17	c6b5 d8d1 b5f1 c3b2 c1b2	1301	010t1019
Zq8xj	3B4/4b2p/5kp1/3B1p2/2P3P1/4PK1P/2r2P2/8 w - - 6 42	g4g5 f6g5 d8e7	1301	050g0i0p1o
bet8p	4r2k/1b1n2q1/p7/1p4N1/3p2QP/8/PP3rP1/2KR3R w - - 0 25	g4h5 h8g8 h5e8	1301	010s191o
dd42h	r5k1/1bp3pp/1p3r2/pP1Pp2q/P1BbPp2/5P2/4N1PP/2R1QR1K b - - 6 24	h5h2 h1h2 f6h6 e1h4 h6h4	1301	050y101316191f1n
hw7Ie	5rk1/pp2r1pp/3pP2q/2p3Q1/8/1P5P/PBP4K/4R1R1 b - - 2 26	f8f2 g1g2 h6g5	1301	01191g1o
jyOyH	r1bk3r/pp1n2pp/n2NQ3/2ppP3/8/3q4/P4PP1/R4RK1 w - - 0 20	d6f7 d8c7 e6d6	1301	0s1315191o
oNNVe	6rk/1pq5/p6p/6P1/1P6/2PBbN2/P5K1/7R w - - 1 40	h1h6 h8g7 h6h7 g7f8 h7c7	1301	0g0p0r101p
oVe8z	6k1/5ppq/8/p6r/r7/4BPQN/5P1K/6R1 b - - 15 41	h5h3 g3h3 a4h4	1301	010s191g1n1o
oh80V	6k1/1pQ2pbp/5np1/p4pB1/P1B5/3P3P/1P2qPP1/6K1 b - - 0 23	e2e1 g1h2 f6g4 h3g4 g7e5 c7e5 e1e5	1301	0d0g0p0s1n1w
pBsvW	5rkb/pp2r3/2p1qpB1/3n4/1P1P1P2/2P1nNK1/P2B4/1Q5R w - - 0 35	g6h7 g8f7 b1g6	1301	0y1315191o
pEhzh	r5k1/pp5p/2p1N1p1/3p1nq1/1P1P1r2/P6P/4BP1K/R2Q1R2 b - - 4 22	f4f2 f1f2 g5g3 h2h1 g3f2	1301	050g0s10191n
pPWaQ	5rk1/5ppp/2N1p3/nq1p4/3P4/2R4R/1P2PPB1/4K3 w - - 0 23	c6e7 g8h8 h3h7 h8h7 c3h3	1301	0205101316191n
pasI0	8/2r5/6p1/5k1p/2PKR2P/6P1/8/8 b - - 5 42	c7c4 d4c4 f5e4	1301	0g0i0p1m1o
swyuk	5rk1/4P1pp/p4p2/1pP2p2/1P2bq2/P1Q3R1/1B1r2PP/2R3K1 b - - 0 31	f4f2 g1h1 e4g2 g3g2 f2g2	1301	0y10131619
xJfjA	2bq1rk1/5pbp/p5p1/1p1N4/3pP3/3Q1N2/PP3PPP/2R3K1 w - - 0 21	c1c8 d8c8 d5e7 g8h8 e7c8	1301	050g0s10191n
xtISF	8/R7/2p5/2N1Pk2/1n6/1P6/5r2/2K5 b - - 2 44	f2c2 c1b1 c2c5	1301	0g0p0s1o
z403V	4k3/6bp/3Q2pN/6P1/2P2p1P/4pK2/4B3/2q5 b - - 0 39	c1h1 f3f4 h1h2 f4e3 h2d6	1301	0g0p0r0s101p
zQxts	5r2/p7/4p3/3bB1pk/3P4/P4qP1/2Q4P/6K1 w - - 0 35	c2h7 h5g4 h2h3	1301	0p13151o
3PmGv	2rq1r2/pb1p2p1/1pn1p1k1/4PpN1/1b1P1n2/6Q1/PP1N1PPP/R4RK1 w - - 0 16	g5e6 g6f7 e6d8 c6d8 g3f4	1302	010j0k1019
4a0GM	1k1r3r/ppp3pp/3q4/4pQ2/4N3/5b2/PP1B1PPP/R3K2R b KQ - 3 17	f3e4 f5e4 d6d2	1302	01191o
4vOw2	r4rk1/7R/2p1pp2/3b2p1/1P1P4/4P3/p6R/1B4K1 w - - 0 38	h7h8 g8f7 h2h7 f7e8 b1g6 e8d8 h8f8	1302	0i0p0r13171w
6ZiZ6	3k2q1/1p6/bp6/4Q1P1/8/P7/5KP1/8 w - - 7 41	e5b8 d8e7 b8g8	1302	0g0p1o1p
865Ex	6rk/p4p1p/bp5B/3B1p2/3b4/P5R1/1Pq3PP/4R2K w - - 6 25	g3g8 h8g8 e1e8	1302	051315191f1o
8pmhr	1R6/8/8/8/2k5/6K1/rp3BP1/8 b - - 5 48	a2a3 g3h2 a3b3	1302	0g0p1o
9JSJ8	8/5R2/2p3pk/R7/4p1P1/P2rrPK1/8/8 w - - 2 40	g4g5 h6h5 f7h7	1302	0p13151m1o
BIppU	2r3rk/3n1p1p/p2p1PpQ/3Pp1P1/1Pp5/5R2/Pq2B1KP/8 w - - 2 29	h6h7 h8h7 f3h3	1302	050y1315191n1o
Cl379	r2qk1nr/ppp3pp/2npbp2/b3p3/2P5/PQ4P1/1B1PPPBP/RN2K1NR w KQkq - 2 8	b3b7 g8e7 g2c6 e7c6 b7c6	1302	010r101c
ColTl	1r6/2pk2pR/2n1p3/3pPPq1/3P2P1/1PK5/4Q3/6R1 b - - 0 31	b8b3 c3b3 c6d4 b3b2 d4e2	1302	050g0i0p0s101n
DX3DO	3R4/pp3rkp/4p1p1/1Pq1p3/P1Q1Pb2/4N2P/2P2PP1/6K1 b - - 0 34	f4e3 c4c5 e3c5	1302	010p1o
G63K7	2r3k1/5ppp/2P5/p7/3R4/8/1n4PP/6K1 w - - 2 32	c6c7 g8f8 d4d8 f8e7 d8c8	1302	00010p10
HdYRB	r4rk1/pp4bp/4p1p1/3p4/1Q4Bq/P3B2P/1P3PP1/n4RK1 w - - 0 20	g4e6 g8h8 b4h4	1302	0g0j0y11191o
ITUi5	8/pp6/8/5B2/7P/P4k1N/2p2P1K/2n5 b - - 1 40	c1d3 f5d3 c2c1q	1302	000d0g0p1h1o
JhTzt	8/p5kp/6p1/1P6/Pr6/5PP1/2pK4/R7 b - - 1 38	b4b1 d2c2 b1a1	1302	0g0p1m1o
JhzFh	r1bqk2r/p1ppn1pp/2p2p2/2b5/2B1P3/8/PPP2PPP/RNBQK2R w KQkq - 2 8	d1h5 e7g6 h5c5	1302	0g0s1c1o
KRafI	r1k4r/5Q1p/p1p1R1p1/2q2n2/8/5P2/PPp3PP/4R2K w - - 2 25	e6e8 h8e8 e1e8	1302	1315191k1o
LI8Yy	4k2r/pp2ppb1/3p2p1/q2P1b1p/2r4P/1NP1BP2/PP1Q2P1/K2R3R b k - 4 17	a5a2 a1a2 c4a4	1302	051315191f1n1o
OcoIy	4rkn1/ppp1q2p/2p2b2/6B1/4b3/2QP2P1/PPP4P/RN1K1R2 b - - 1 18	e4f3 f1f3 e7e2 d1c1 e2f3	1302	050d0g0s10191n
OkuCP	r1b3k1/ppp2ppp/3q1n2/b2pn3/3r2P1/P1N2P1Q/1PPBB2P/2KR2NR w - - 1 15	c3b5 d4d2 b5d6	1302	010s191o
QcjsV	r1bq2k1/pp2b1p1/4prN1/2ppp2Q/8/2P5/PP3PPP/R1B2RK1 w - - 4 16	h5h8 g8f7 g6e5	1302	0y1315191o
T3qof	8/6RR/5k2/2p1p2P/p4p2/P4P2/1P1r1r2/1K6 w - - 5 42	g7g6 f6f5 h7f7	1302	0p13151m1o
TLicY	8/8/6p1/2Kn1p1p/P4P1P/2pk2P1/8/4B3 w - - 0 54	e1c3 d5c3 a4a5	1302	010h0p1n1o
Xeq12	1rb2rk1/p3ppbp/2pp2pB/q7/4N3/1P3P2/P1PQ2PP/2KR1B1R b - - 0 13	a5a3 c1b1 a3b2	1302	13151c1k1o
ZA9xa	2r1r2k/p5Bp/7b/8/4p3/1P1B1Q2/PKP2PP1/7R b - - 0 28	h6g7 b2a3 e4f3	1302	01191o
afd3Y	1r3rk1/p5p1/4p1P1/1b2PpRR/1ppp1q1P/8/P1P1Q3/3BK3 w - - 2 31	h5h8 g8h8 e2h5 h8g8 h5h7	1302	050y101316191n
anJkv	2r4k/p4pbp/q2p2p1/1R6/2P1Pp2/8/P1Q1KPPP/3R4 b - - 3 24	a6b5 c4b5 c8c2	1302	010p1o
fIByf	7r/pp6/3p2k1/5pp1/2P1p2n/1P2P1qP/P4QP1/R4RK1 b - - 1 26	h4f3 f2f3 e4f3	1302	0g0p0y1g1o
h3Lxd	1n4k1/rbQp1ppp/pR2p3/2P5/8/7P/P4P2/2qBKR2 b - - 0 20	c1c3 e1e2 b7f3	1302	1315191o
hHd3o	6k1/1b5p/p1p2Pp1/1pR5/5KR1/N1Ppr2P/PP6/8 b - - 3 38	d3d2 f4e3 d2d1q	1302	00010p1h1o
it0WU	2kr4/pbp1n3/1p3pQ1/1Bp1q3/4P3/5P2/PPP3PP/2KR4 w - - 3 21	d1d8 c8d8 g6e8	1302	051315191k1o
kNvup	5rk1/p1p3p1/2p1p2p/3p3Q/4P3/2NP2qP/PPP3P1/5RK1 b - - 2 17	g3e3 g1h2 f8f1	1302	0g0i0p0y1o
kmn5l	8/6p1/3Q1pQp/2pPp3/2P1P2k/8/5qPK/4n3 b - - 1 40	e1f3 h2h1 f2e1	1302	0p13151g1o
kocbF	1r3qrk/3b1p1p/3p1PpQ/2p3P1/2pbPR2/1P5P/6BK/1R6 w - - 4 28	h6h7 h8h7 f4h4 f8h6 h4h6	1302	050y101316191n
mMmDu	3r4/7k/1p4pp/3qQ3/3p4/3N1PnP/1P4P1/2R3K1 b - - 0 40	d5e5 d3e5 g3e2 g1f1 e2c1	1302	0g0p0s10
nzcp3	5k2/1p3ppp/1p1r4/2pN4/K2nP2P/P1P2P2/1P4P1/7R b - - 0 25	b6b5 a4a5 d6a6	1302	0p13151o
oyehl	rnbqk2r/pp3ppp/5n2/3Bp1B1/8/2P3P1/PP2PP1P/R2QK1NR b KQkq - 2 8	d8d5 g5f6 d5d1 a1d1 g7f6	1302	01101c
qfUG4	r2q3r/2p2p1k/pbpp4/5PQ1/3Pn2P/5N2/PPP2PP1/R4RK1 w - - 1 25	g5h5 h7g8 h5g4 g8f8 g4e4	1302	0g0r0s1019
soZ1i	4r2r/2p1Qppk/3p3p/pp1P4/2P3B1/2qP4/P4PPP/4R1K1 w - - 6 25	g4f5 g7g6 e7f7 c3g7 f5g6	1302	0p101316
tZgmi	1qQ3bk/p5p1/8/8/3P4/P1KB4/6p1/8 w - - 0 44	c8h3 g8h7 h3h7	1302	0p13151o
z98yc	r1b2bkr/ppp1p1pp/1nnpP1q1/6N1/3P4/5Q2/PPP2PPP/RNB1K2R w KQ - 1 10	f3f7 g6f7 e6f7	1302	000y13151c1o
zHMO9	r3r1k1/pp1n1pbp/3p2p1/q1pP4/P1P2P2/1P1QB1PP/6B1/2R2RK1 b - - 2 23	e8e3 d3e3 g7d4	1302	0g191g1n1o
zNqer	2r3k1/pp3ppp/3q1b2/3p4/5rQ1/2P4P/PP2N1P1/1R4K1 w - - 0 22	g4c8 d6f8 c8f8 g8f8 e2f4	1302	0g0t0y1019
0GhM8	8/5p2/6p1/7p/1Q3P2/6PP/2p1kPK1/3q4 w - - 7 50	b4e4 e2d2 e4e3	1303	0n0p13151i1o
1XcH6	1r5k/2bnBp2/2p2n2/5B2/p1PP1pq1/1P6/P1Q3P1/4R1NK b - - 1 30	g4h4 f5h3 h4e1 e7f6 d7f6	1303	0g0s1019
3peIz	8/6pk/7p/1QK5/1p1P4/4P2P/4q3/8 b - - 15 45	e2b5 c5b5 b4b3	1303	0g0p1i1o
492xY	r4rk1/pp1n2pp/2pnqb2/4pN2/4P1Q1/1P1P4/PBP4P/R4R1K w - - 7 21	f5h6 g8h8 g4e6	1303	0g0j0y191g1o
5T3Gl	5Q2/1pkq2pp/p4p2/P2bp3/7P/5P2/1P3BPK/8 w - - 7 40	f2b6 c7c6 f8c5	1303	0p13151o
5xSOt	5rk1/5ppp/q7/P3RPQ1/8/r3P3/6PP/5RK1 b - - 0 30	f7f6 g5g3 f6e5	1303	0g0p0s1o
7UGaO	1r3r1k/5ppp/p1Npp3/q7/2P1P3/PQ5P/1b3PP1/1R2R1K1 b - - 0 22	a5e1 b1e1 b8b3	1303	0g191o
8nt8Z	r1bR1bk1/pp3r1p/2p1p2Q/5nN1/8/8/q1P2PPP/5RK1 w - - 2 22	d8f8 f7f8 h6h7	1303	0i0y1315191o
99oTL	5rk1/5ppp/p7/3P3Q/P1r4q/7P/6P1/4RR1K w - - 2 33	h5f7 f8f7 e1e8 f7f8 f1f8	1303	0p1013161n
9gR2O	r2q1rk1/1bp2ppp/2p2n2/p3p1B1/1bQ1N3/3P1PP1/PP2PK1P/R5NR b - - 3 12	f6e4 f3e4 d8g5	1303	0g0j191o
D8UUm	5bk1/1p5p/p6r/8/1Pp2Rp1/P1B1P1P1/1Q3PK1/3q4 w - - 6 36	f4f8 g8f8 c3g7 f8f7 g7h6	1303	050g0p0s10111n
DQ7TG	8/R4p1k/6pp/2p5/2Pr4/3q4/1P2QPPP/5K2 b - - 6 40	d3b1 e2e1 d4d1	1303	010d0p1g1o
EOrwG	r5k1/r4pp1/R1p1p2p/1pPbP3/1R2P3/8/2N3PP/6K1 w - - 0 41	a6a7 a8a7 e4d5	1303	010p1o
Ejckt	r1bqkb1r/pp1np1pp/2pp1n2/5B2/3P1B2/4PN2/PPP2PPP/RN1QK2R b KQkq - 0 6	d8a5 b1d2 a5f5	1303	010s1c1o
FwiwB	3r2k1/3P2b1/4p1pp/4P3/6PP/r5B1/1R4K1/3R4 b - - 0 43	a3g3 g2g3 g7e5 g3f2 e5b2	1303	050g0p0r0s1011
L3taS	8/1b6/pp1kp3/5p2/P2pB1rP/1P3K2/2P5/4RR2 b - - 1 36	b7e4 e1e4 g4e4	1303	010p1o
L5o9e	1Q6/3R1pk1/5bp1/4B2p/8/4Q1PK/q4P1P/6r1 b - - 2 41	a2e6 g3g4 e6g4	1303	0s1315191o
LqKPa	3r1rk1/6pp/p4q2/1p2R3/4Q3/P3P3/1P3PPP/5RK1 b - - 0 24	f6f2 f1f2 d8d1 f2f1 f8f1	1303	0p1013161n
MDnvU	r1bnk2r/pppp1pq1/1b6/3Pn3/1PB1N3/P4Q1N/5PPP/R3R1K1 w kq - 0 21	e4f6 e8e7 e1e5	1303	0g0j0v191g1o
Mbxfo	r2r2k1/1p3p2/p1bb1qp1/8/3Q4/P2B1N1P/1PP2PP1/R4RK1 b - - 5 22	d6h2 g1h1 d8d4	1303	010j191o
Mle59	3r2k1/p1R2ppp/1p3q2/1P6/P7/1Q2P2P/5PP1/6K1 b - - 1 30	f6a1 g1h2 a1e5 g2g3 e5c7	1303	0g0p0s10
N4Aas	1r4k1/2p3b1/3p3p/1r1PpqpP/1P2Q3/p1B2P2/P2R2P1/1K5R b - - 3 40	b5b4 c3b4 b8b4 b1c1 b4e4	1303	0g1011191g1k
OUVFj	r1b2rk1/pp4pp/2n1p3/8/2qPp3/P1P3P1/2Q2P1P/R1B1KB1R b KQ - 1 15	c6d4 f1c4 d4c2	1303	01191o
Oan3c	r4rk1/1bp2p1p/pp1p3q/3Pn1P1/2BQ1n2/5N2/PPPB1PP1/3RR1K1 b - - 0 20	e5f3 g2f3 h6g5 g1f1 g5g2	1303	0w0y10131619
PMynd	r4k1r/pp4p1/3n2Q1/6Pp/3P1q2/2P1RP2/P1PKN3/7R b - - 4 22	d6c4 d2e1 f4e3	1303	010i0s191o
Poc2c	6k1/R6p/1ppq4/3P1pr1/2P2P1r/3QP3/7P/4R2K b - - 0 34	h4h2 h1h2 d6h6	1303	050p13151n1o
S0SAe	6k1/8/p1p1r2p/5RP1/8/1PN2n2/P1P2P1P/5K2 b - - 0 26	e6e1 f1g2 f3h4 g2h3 h4f5	1303	010p0s10
SGwjH	8/8/8/7p/4K3/5N2/5kp1/8 b - - 1 56	h5h4 f3h4 g2g1q	1303	000g0i0p0z1h1l1o
Xh5iz	r3r2k/2pb1ppp/3b4/p1pP1N2/2P5/BP5P/P3RPP1/4R1K1 b - - 1 24	e8e2 e1e2 d7f5	1303	01191o
Y9Jzs	r3r1k1/pp2p1bp/2pqb1N1/6p1/3P3Q/P1PB2nP/1P4P1/4RRK1 w - - 0 23	g6e7 d6e7 h4h7	1303	0y1315191o
YGwoX	2kr4/ppp2ppp/8/3rN3/1q4P1/4Q2P/P3PPB1/4RK1R b - - 0 22	b4e1 f1e1 d5d1	1303	051315191n1o
YRxAn	r2q1r2/pppb2bk/3pp1p1/6Pp/3PBP1n/2P5/PP1BQ2P/R4RK1 w - - 0 20	e2h5 h7g8 h5h4	1303	01191g1o
bbyRz	1nk5/RRp4r/1n4pp/1PN1p3/1QP4P/8/3r1PP1/3qN1K1 b - - 0 33	d1e1 g1h2 e1f2 b4d2 f2d2	1303	0g0i0t0y1019
c00MW	2kr1b1r/p1pq1pp1/1pb1p2p/4P3/1nPPp3/Q3B2P/PP1NBPP1/2KR3R b - - 3 15	b4d3 e2d3 f8a3	1303	0g0j191k1o
cAsZU	8/4r2k/4p2P/4P1PK/2R5/1p6/2p5/qn6 w - - 0 48	g5g6 h7h8 c4c8 e7e8 c8e8	1303	0p0r101316
dN22E	rn1q1b1Q/ppp2k2/6pp/3b4/4p3/3P4/PPP2PPP/RNB1K2R b KQ - 0 11	f8b4 c2c3 d8h8	1303	0g0j191o
f4qEY	6k1/3n1pp1/4p2p/2q1P3/8/1P1Q1N1P/2r2PP1/R5K1 b - - 3 29	c5f2 g1h2 f2g2	1303	0p13151o
gIKGg	r4bR1/1p3R2/2p5/p2k1p1B/3Pn3/8/PP6/2K5 b - - 1 31	f8h6 c1d1 a8g8	1303	010j0p1o
hMTzr	2r3k1/4Qpp1/4p2p/3pP3/1BqPbP2/7P/3N2P1/R5K1 b - - 3 30	c4d4 g1h2 d4a1	1303	0g0s191o
hVY2Q	r3r2k/pbp2Bpp/1p2P3/8/7N/1Q6/PP3qPP/4R2K w - - 0 26	h4g6 h7g6 b3h3 f2h4 h3h4	1303	0y101316191n
iKcET	r6r/ppp2pk1/2n5/2b1P3/P1q2Bp1/2P3P1/1P4K1/R2QR3 w - - 0 25	d1g4 g7f8 f4h6 h8h6 g4c4	1303	0g0j1019
jEtee	5r2/2p2p1k/p7/4P1B1/8/5P1q/P4Kn1/3R2R1 w - - 5 35	g1h1 h3h1 d1h1	1303	010p1g1o
lQRoM	8/8/P3N3/1K3p2/6k1/8/8/6b1 w - - 3 58	e6c5 f5f4 a6a7 f4f3 a7a8q	1303	000g0p101h1l
p5RRh	3rr3/Qnkb3p/2pN4/8/8/1P1B4/P1PP1PnP/R1BK3R b - - 0 22	d7g4 f2f3 g4f3 d3e2 f3e2	1303	10131619
r53bG	6k1/p1p2ppp/2P5/3q4/1P1N3Q/8/PP3P1P/R2brBK1 b - - 0 22	e1f1 g1f1 d5h1	1303	050y1315191n1o
rgew7	3R1rk1/1p3pp1/8/Q1P1PpK1/1P3Pp1/6P1/7q/8 b - - 1 44	h2h6 g5f5 h6g6	1303	0p13151o
rtMaL	8/pp3kp1/7p/3p4/3Pn3/3Q1P1P/PP4PK/4r3 b - - 0 27	e1h1 h2h1 e4f2 h1g1 f2d3	1303	050g0p0s101n
vR5f4	rn2kb1r/pp2pppp/2pq1n2/3N4/2Q3b1/8/PP1PPPBP/R1B1K1NR w KQkq - 3 8	d5f6 e7f6 c4g4	1303	011c1o
vkQv5	1k6/1pp4p/6p1/KPP1Pr2/R2r1P2/7P/8/5R2 b - - 6 38	b7b6 c5b6 c7b6 a5b6 d4a4	1303	0g0p101m
xmeBl	2r5/1p3Rpk/3p3p/2q5/4P3/5P1P/1Q4P1/5K2 b - - 6 40	c5c4 f1f2 c4f7	1303	0g0p0s1o
yGulF	r3n2k/p1q3pp/2pb1r2/1pn1p3/2B3PN/2N1P1P1/PP4P1/1Q1RK2R w K - 1 21	h4g6 f6g6 b1g6	1303	0g0y191g1o
yJ5FI	r1b2r2/pp3pkp/5qp1/4n3/2NQ4/P5P1/1P2PPBP/R3K2R b KQ - 0 20	e5f3 g2f3 f6d4	1303	0g0j191o
ynTfX	r2q1knr/4bppp/p1Qpp3/8/3PPP2/5R2/PP4PP/RNB3K1 b - - 0 12	a8c8 c6a6 c8c1	1303	01191o1p
zPalk	6rk/5p1p/r1p2p2/p2p1R2/4q3/2P4R/P1PQ2PP/7K w - - 0 23	h3h7 h8h7 f5h5 h7g6 d2h6	1303	050p1013161n
zSMPj	4r2k/4r1pp/p2Q2p1/1q1R4/1P1B4/8/PP3PPP/5RK1 b - - 6 27	b5f1 g1f1 e7e1	1303	051315191n1o
zX9sQ	8/1p3r2/p1p1k3/3pPnP1/1R1P3p/1P5P/1P3KP1/6R1 b - - 0 30	f5d4 f2e3 d4c2 e3e2 c2b4	1303	010j0k0p0s10
zuqdN	5kr1/p1r4p/3p4/8/4Pp2/5PR1/P2N1b1P/1R5K w - - 0 26	b1b8 f8f7 g3g8	1303	0g0p1o
6zpNd	r2q2k1/pp2rpp1/2p1b2p/8/3PR3/1P1Q1N2/P4PPP/R5K1 b - - 0 18	e6f5 e4e7 f5d3	1304	0g191o
7370K	4rR2/pb5k/6pp/2p5/3p4/7R/PPP3QP/7K b - - 0 30	e8e1 f8f1 e1f1	1304	0p13151g1o
9l6sw	rn2k2r/pp2bpp1/2p1p1np/q2pPb2/1P1P1P2/P1N2N2/2P1B1PP/R1BQK2R b KQkq - 0 12	e7b4 a3b4 a5a1	1304	011c1g1o
B3tXM	B2r1r1k/p4pp1/4p2p/4R3/1P1p1P1Q/P1q3R1/2P3PP/7K b - - 0 29	c3a1 e5e1 a1e1	1304	061315191o
BWEI0	3k4/8/4RP2/p6p/1p5P/1P2K2n/P1r1N3/8 b - - 0 38	c2e2 e3e2 h3f4 e2d2 f4e6	1304	050g0p0r0s101n
CjPgE	8/8/4R2p/1rp1Pp1k/R2p1r2/6B1/2K4P/8 b - - 2 46	d4d3 c2d3 f4a4	1304	0g0j0p111o
DDazV	8/6R1/8/1P6/4Kp1p/P6k/5r2/8 w - - 0 46	b5b6 f4f3 b6b7 f2b2 e4f3	1304	000g0p10111m
DzqZ6	B3r1k1/2pq1pp1/pp1b1n1p/4p3/RP1n4/1N4P1/1B1NPP1P/2Q2RK1 b - - 0 18	d4e2 g1g2 e2c1	1304	0g0s191o
E4P2g	r3kb1r/ppp4p/2n1pqp1/4P3/2B1P3/8/PPPP2PP/R1BQK2R b KQkq - 0 10	f6h4 g2g3 h4e4 d1e2 e4h1	1304	0g0s1019
Fanan	rn1qkbnr/ppp4p/3p1p2/4N1p1/2BPPp2/2N5/PPP3PP/R1BbK2R w KQkq - 0 8	c4f7 e8e7 c3d5	1304	13151c1o
H6mkC	8/8/2P5/3K4/p3R3/3k4/Pr6/8 b - - 0 70	b2b5 d5e6 d3e4	1304	0g0i0p1m1o
HUS0j	8/1p6/4p3/p1PpPP2/P2k2K1/8/8/8 b - - 0 46	d4e5 f5e6 e5e6	1304	0g0p1e1o
Hixw5	r5k1/1b2B2p/8/pp3P1B/5K1P/2r2P2/2p5/4R3 w - - 2 42	e1g1 g8h8 e7f6	1304	0p13151a1o
M29y9	rqb1rb2/1p1n1ppk/3p4/p2Pp1B1/1pP1N3/4P3/P1Q2PPP/R4RK1 w - - 0 19	e4f6 h7h8 c2h7	1304	0k0m1315191o
NIGVy	8/5pk1/p2Q4/4p3/1p2P3/1P2q1P1/P5PP/2rR3K b - - 0 33	e3e1 d1e1 c1e1	1304	060p13151n1o1y
NaJKE	3r2k1/2B2ppp/p7/1p2p1R1/4Pn2/1B2QP1b/PPP2P1P/7K b - - 0 23	d8d1 e3e1 d1e1 g5g1 h3g2	1304	0y10131619
O3Cbj	r1q1kb1r/p2bpppp/1p6/nB1PN3/Q4B2/2P5/P4PPP/R3K2R b KQkq - 3 14	c8c3 e1d1 c3a1 f4c1 a1e5	1304	0g0s1019
OhzB7	r1b2r1k/pppp2pp/2n3p1/8/2B5/2q1P3/P1P1QPP1/2KR3R w - - 0 15	h1h7 h8h7 d1h1	1304	050y1315191f1n1o
Qb88X	8/1B6/8/4p1k1/4Ppn1/6P1/4K3/8 b - - 0 52	f4g3 e2f3 g5h4	1304	0g0h0p111o
QhdUe	6R1/5p2/p3pkp1/1p6/2p1qP2/4b1KP/PP1Q4/8 w - - 1 36	d2d8 f6f5 d8g5	1304	0p13151o
VNdeS	r4rk1/2p1nppp/pp1bp3/5q2/3P1PN1/3QP3/PP3P1P/R1B3RK w - - 5 17	g4h6 g8h8 h6f5	1304	0g0y191g1o
Wf065	8/1P3p2/K5p1/R6p/7k/8/1r6/8 w - - 0 44	a5b5 b2b5 a6b5	1304	0g0p1m1o
YAdrq	2k2rq1/ppp4p/3p1Bb1/4p3/3n4/2NP2QP/PPP3P1/R2K2R1 b - - 0 20	g6h5 g3g4 h5g4	1304	0g191o
ZJgY6	2r2r1k/2p1R1pp/pq6/3P4/7P/2Q5/1P3PP1/1R4K1 b - - 2 33	b6f2 g1h2 f2h4	1304	0g0p1o
ZOXmp	r3kb1r/p4ppp/1q2pn2/3p4/3P2b1/2N2N2/PP1B1PPP/R2QK2R w KQkq - 0 12	d1a4 f6d7 f3e5	1304	011c1o
ZfbtW	2rk3r/pp2p3/4Qnp1/8/6P1/6b1/PPPP2P1/RNB2K2 b - - 0 21	h8h1 f1e2 h1e1 e2f3 e1e6	1304	0g0s1011191p
exhhX	8/ppk4q/2p4Q/3ppNr1/4P3/3P3K/PPP5/3R4 b - - 2 33	g5h5 h3g2 h5h6	1304	010p0s1o
fOmXH	2r4k/6p1/5p2/8/3PB3/b1p1P3/5KP1/2R5 w - - 4 31	c1h1 h8g8 e4d5 g8f8 h1h8 f8e7 h8c8	1304	0g0p111p1w
hMK1p	3qr1k1/5p1p/p3pbpQ/1p1pN3/3P1P2/3P3R/PPr3PP/R5K1 w - - 4 20	h6h7 g8f8 h7f7	1304	0y1315191o
hO5Tq	r3r1k1/5ppp/2Q5/p7/5P2/P7/1PPK2PP/8 b - - 0 22	a8d8 d2c3 d8c8 c6c8 e8c8	1304	010p101g1j
iChYx	1k5r/2R3p1/1P5p/N3p3/1P3p2/4n2P/3r1bP1/7K w - - 0 35	a5c6 b8a8 b6b7	1304	000p13151o
iCuqb	8/7p/8/8/pk6/1P2K3/3N4/8 b - - 0 51	a4a3 d2b1 a3a2	1304	000g0p0z1o
iINBM	8/3R2p1/6kp/4p3/1r2N1PP/5K2/2r2P2/8 w - - 1 40	h4h5 g6h7 e4f6 h7h8 d7d8	1304	0p1013161g
ibHVa	6k1/p1RrR2p/1p6/8/1P4b1/P6r/5P2/6K1 w - - 2 36	c7c8 d7d8 c8d8	1304	0p1113151o
jwaCh	r3k2r/2ppqp2/pp5p/4Q3/8/8/P1P2PPP/2K4R w kq - 1 18	e5h8 e7f8 h1e1 e8d8 h8f8	1304	0i0p0t101316
kuS6a	r3k1nr/1ppbqppp/p7/4n3/1QPp4/N2P1N2/PP1BBPPP/R3K2R b KQkq - 0 12	e5d3 e1f1 d3b4	1304	0g191g1o
le8JM	r1b2rk1/ppQ2N2/7p/4p3/8/3q3P/PP3PP1/5RK1 w - - 1 22	f7h6 g8h8 c7e5 h8h7 e5e7 h7h6 e7f8	1304	010r0s191w
lpGzR	3rr1k1/ppp2p1p/8/2n2Pp1/2B1q1P1/2P4Q/PP6/2K4R w - - 1 24	h3h7 g8f8 h7f7	1304	0y1315191o
pnTrM	4r3/2k3b1/2p2pP1/3pp1p1/4n1P1/P1PNR1Br/1PK5/4R3 w - - 5 35	g3e5 f6e5 e3h3	1304	0g0j191o
qAr9d	rn1qkb1r/pp1b3p/4pp2/1N1pN3/3p4/8/PPP2PPP/R2QKB1R w KQkq - 0 11	d1h5 e8e7 h5f7	1304	13151c1o
qPycG	1r1k4/5R1p/4p1pP/3q2P1/p2p1K2/P2P4/1PQ5/8 b - - 0 43	e6e5 f4g3 d5f7	1304	0g0j0p1o
sgU2i	r1b2k1r/pp3ppp/2p5/8/2p2P2/2B5/P3R1PP/R6K w - - 0 23	c3b4 c6c5 b4c5 f8g8 e2e8	1304	060p101316
tIqtf	r3r1k1/pp1b2bp/3P2p1/4np2/5Q2/PqN3PP/1P3PB1/R3R1K1 w - - 0 24	g2d5 d7e6 d5b3	1304	0g0s191o
tdZxf	3r3Q/pbp1k1p1/1p2p3/4P3/8/2P5/P1B1q2P/R1K5 w - - 2 33	h8g7 e7e8 c2g6	1304	0p13151o
u6oy3	4r1k1/pp5p/2p5/4NR2/3P4/2P1KQ2/q5rP/5R2 b - - 1 28	a2d2 e3e4 g2e2 f3e2 d2e2	1304	0g1019
yLUN1	6k1/pp5p/2p5/1p3PK1/3PrRP1/2P5/PP1R4/6r1 b - - 2 34	h7h6 g5h6 e4f4	1304	0g0i0p1m1o
38ySj	5rk1/q2b2pp/pb1p4/1p1Pp3/4P3/3BB3/PP1Q2PP/5RK1 w - - 8 25	f1f8 g8f8 d2f2 f8g8 e3b6	1305	050g10111219
3RBoD	8/1k6/3Rp2p/1Pr5/1K2P3/2r3PP/5P2/1R6 b - - 2 37	c5c4 b4a5 c3a3	1305	0p13151m1o
3aEcs	r5k1/p2q1pp1/1p1p1r1p/1Pp1p3/P1P1Pn1P/4QPB1/6RK/3R1B2 b - - 8 35	d7h3 h2g1 f4g2 f1g2 h3g3	1305	0b0g1019
8xl9W	5rk1/pbr1P1pp/1p3p2/8/8/P4PPB/1qnB1Q2/2R2K2 w - - 0 25	h3e6 g8h8 e7f8q	1305	000i0y1315191h1o
8yn8G	2r3k1/1p1q1rp1/p2p3p/B2Qp1b1/4P3/2P4P/PP3PP1/R3R1K1 b - - 2 22	c8c5 d5b3 c5a5	1305	010v191o
8zG3f	8/n4pkn/p2p3R/1p1Np3/4PPq1/1N1K4/PP5P/8 w - - 2 31	h6h7 g7h7 d5f6 h7g7 f6g4	1305	01050p0s101n
9Q3oL	r2q1rk1/4n1bp/p2p2p1/1p1bp3/1P2B3/2P2N2/P1Q3PP/R3RNK1 w - - 0 21	e4d5 e7d5 c2b3 g8h8 b3d5	1305	0110191g
9UmiN	8/8/8/4B3/3K1pp1/7k/8/8 b - - 3 51	f4f3 d4e3 h3g2	1305	080g0h0p1o
9ybUE	4r3/pkp2ppp/8/4n3/1b6/6P1/PP1qQ2P/1K5R w - - 0 21	e2b5 b7a8 b5e8	1305	010p0s1o
AaTBn	8/1R3ppk/6bp/2Q1q3/P3p3/3r3P/1P3PP1/2R3K1 b - - 2 33	d3d1 c1d1 e5c5	1305	010i0p111o
AdJOZ	4r1k1/p1p2ppp/2Q5/3p4/3b2q1/1PN5/P1P2PPP/3R2K1 b - - 0 20	g4d1 c3d1 e8e1	1305	0p0y13151n1o
DUJEl	r1b3k1/pp3p1R/8/4P1P1/2p3r1/2N5/PPK5/7R b - - 0 27	c8f5 c2c1 f5h7	1305	0g0p0s1o
EwblO	3r3k/1p2rpbp/p1p5/2P1PBPp/P1RP1n1K/6BP/8/3R4 b - - 4 40	f4g2 h4h5 g2e3	1305	01191o
FFRju	3r1r1k/1p3pp1/p1p2b1p/P2Pp3/1q2B3/4P1PQ/1P3P1P/R3R1K1 w - - 1 24	h3f5 g7g6 f5f6	1305	0g0y191o
GVdTW	8/8/p1k2p1p/P1p1p1p1/2P3P1/3KPP1P/8/8 w - - 1 37	d3e4 c6d6 e4f5 d6e7 f5g6 e5e4 f3e4	1305	0g0p1e1w
GnJGQ	7k/6p1/2p4p/1p4q1/1P2QN2/7P/2rr2P1/5R1K w - - 3 33	f4g6 g5g6 e4g6	1305	0g0p1o
HpvQe	1b6/p2R1bk1/1p4p1/4p3/1P2P1qP/5rP1/P3QP2/3R2K1 b - - 5 40	f3g3 f2g3 g4e2	1305	0g0j11191o
HyiH1	2rq1r2/1b2bkpp/4pnn1/p1p2N2/Pp6/1B1P4/1PP3PP/R1BQR1K1 w - - 4 19	b3e6 f7e8 f5g7	1305	0i0s1315191o
Jb0SI	6RQ/1p1k4/2p5/2P5/4P3/3K4/p5P1/7r b - - 0 57	h1h8 g8h8 a2a1q	1305	00010p1h1o
NkrRi	rnbqkbnr/pp1p2pp/2p5/5B2/3P4/8/PPP2PPP/RNBQK1NR b KQkq - 0 5	d8a5 c2c3 a5f5	1305	010s1c1o
OTz4d	1r1r2k1/1R1b2p1/p3p3/6n1/3BB3/1PP1P3/7P/R5K1 b - - 0 27	g5e4 b7b8 d8b8	1305	010t191o
OdB0M	6rk/6pp/5p2/3b4/p1pQ3R/Pr6/KP2q3/6R1 w - - 6 40	h4h7 h8h7 d4h4 e2h5 h4h5	1305	05101316191n
Q6LDu	r4rk1/1pq1b1pp/p4p2/3Pp3/2B5/1P3Q2/1PP3PP/R3R1K1 w - - 0 19	d5d6 c7c4 b3c4	1305	0g0j0k191o
S1BQT	2R2rk1/6pp/p4p2/1p6/3N1q2/P4N1P/1K3PP1/3b4 w - - 0 37	c8f8 g8f8 d4e6 f8f7 e6f4	1305	01050p0s10
SAqfb	2kbr3/p2q1pp1/Pp1p4/2pNP3/3PQ3/5RpP/1PP5/R6K b - - 0 24	d7h3 h1g1 h3h2 g1f1 g3g2	1305	000g0r0y1019
UeNpb	8/5p2/8/rn3k1p/5P1P/pR3K2/P1N5/8 w - - 2 46	b3b5 a5b5 c2d4 f5g6 d4b5	1305	050g0p0s101n
WGwJu	r5R1/7P/8/5pPk/1p1P4/4K1P1/8/q7 w - - 0 56	h7h8q h5g4 h8h4	1305	000p0q13151h1o
WMP5M	r2q1r1k/pbppb1pp/1p6/4pP2/2B1P3/2N4R/PPP3PP/R2Q2K1 w - - 2 17	h3h7 h8h7 d1h5	1305	050y1315191n1o
WQdg6	rn1qkb1r/pQp1pppp/2b2n2/6N1/8/2N5/PPPP1KPP/R1B2B1R w kq - 1 9	f1b5 f6d7 b5c6	1305	011c1g1o
WbKlq	7r/4qkp1/2Q2p1p/p6b/4P3/2P4P/P4PP1/4R1K1 w - - 1 27	c6d5 f7f8 d5h5	1305	0g0p0s1o
X0VkB	4rrk1/2p3p1/p5qp/1p2pR1n/3PQ1P1/1PP5/2P4P/4R2K w - - 0 24	f5f8 e8f8 e4g6	1305	0g0j0y191o
XYlUB	r1bq1rk1/pp2nppp/4p3/2npP3/1b6/2NB1N2/PPPB1PPP/R2QK2R w KQ - 0 9	d3h7 g8h7 f3g5 h7g8 d1h5	1305	050d0g0y10111c1n
Zv5pP	r5k1/p3b1pp/1p1p2q1/1Q2p3/4Pr2/4R2P/PPPR1PB1/6K1 w - - 5 22	b5d5 g6f7 d5a8	1305	0g0s191o
ZxslK	r3k2r/pp1b1pbp/2npp1p1/qN4B1/2PP1Q1P/5N2/PP2K1P1/R4B1n w kq - 0 15	b5d6 e8f8 f4f7	1305	1315191o
bSCt9	7k/7p/b4p1B/1p2p3/pP4qP/P5P1/5Q2/3r1BK1 w - - 0 38	f2f6 h8g8 f6f8	1305	0p0s13151o
cAtVL	8/3NR1pk/p1B2pbp/2p1b3/8/1r5P/5KP1/8 w - - 0 43	d7f8 h7g8 f8g6	1305	010i0p1o
cxFCj	3r4/1p4k1/p1np4/4qp2/2B1p3/1P6/P2QKPP1/3R4 w - - 5 34	d2g5 g7f8 g5g8 f8e7 g8f7	1305	0p0r1013161s
eLaok	2r1kb1r/5pp1/p1b4p/1p1Np3/1P2P1P1/P6P/2PQBq2/2KR3R w k - 1 19	d5c7 c8c7 d2d8	1305	0d1315191n1o
iqXwV	r4rk1/pp2Rp2/6p1/q6p/5QbP/2PB1N2/P1P2P2/2K4R b - - 0 19	a5a3 c1d2 a3e7	1305	010s11191o
l1mfs	r1bqkb1r/pp1p1ppp/2n2n2/4p3/4P3/2NQ4/PPPB1PPP/R3KBNR b KQkq - 1 6	c6b4 d3c4 b4c2	1305	011c1o
l8sva	5r1k/pbQ3p1/1p5p/6q1/3B4/2P2r1P/P5P1/4RRK1 b - - 0 30	f3f1 e1f1 g5g2	1305	1315191o
lKwac	r2r2k1/5ppp/4p3/1B6/4N1n1/1Q4P1/PB1b1P1q/R2R1K2 b - - 1 22	h2h1 f1e2 h1e4	1305	0g0s191o
lgwQI	6k1/p1P2rpp/8/3Np3/4QP2/7q/P1P2PRn/7K b - - 0 30	h2f3 g2h2 h3h2	1305	0j0k0p13151o
n3jPM	8/5Bpp/2k5/p7/b2K4/5P2/7P/8 w - - 0 37	f7e8 c6d6 e8a4	1305	01080p1o1p
o4jej	8/ppp2rR1/2kn4/2b3p1/2P3P1/8/P2R1PK1/8 w - - 1 30	d2d6 c5d6 g7f7	1305	0g0p1o
p8qY1	5rk1/2R2ppp/p2Q4/4P3/8/8/q4rPP/3R2K1 w - - 0 25	d6f8 g8f8 d1d8	1305	050p13151n1o
pjpPS	rn3rk1/6p1/p1pq3p/R2P4/3PN3/1P2PP1b/2Q1BP1P/5RK1 b - - 0 21	d6g6 e4g3 g6c2	1305	0g191o
tB8SU	8/7P/8/5pk1/P4Rp1/r7/6K1/8 b - - 0 54	a3h3 f4b4 h3h7	1305	0g0p1m1o
tjZw6	3r1rk1/p1pnq1p1/1p4P1/4ppP1/2P2P2/3PP3/P7/R2Q1RK1 w - - 0 22	d1h5 d7f6 g5f6	1305	01191l1o
uEzy0	8/6pk/p6r/7R/2p2p1K/P1R2P2/5P1P/6r1 b - - 17 41	g7g5 h4h3 h6h5	1305	0i0p13151m1o
umO1v	r4rk1/1pqnBpbp/1n4p1/2p5/p3P3/2P2Q1P/PPBN1PP1/3R1RK1 b - - 0 16	d7e5 f3e2 c7e7	1305	010j191o
vBttm	6k1/ppp4p/3ppqp1/8/8/2PnN1QP/PP3PP1/6K1 w - - 2 25	e3g4 f6e7 g3d3	1305	010j0p1o
vfZ1C	6rk/1ppn1Rp1/4q1Pp/p6Q/3pP3/P2P3P/1PP5/7K w - - 3 33	h5h6 g7h6 f7h7	1305	0p0y13151n1o
wFkgR	2r1rb1k/pp4pp/2n2p2/q1p5/2Q1N2P/1PP2N2/P3PP2/R1B1K1R1 b Q - 0 21	e8e4 c4e4 a5c3 e1f1 c3a1	1305	010b0i0s10191g
wOb1X	1k3r2/1ppQ1Pq1/p1p4p/6p1/8/3PB3/2PK1P2/8 w - - 1 27	d7e8 f8e8 f7e8q	1305	000p13151h1o
wPlp2	4Q3/8/p4p2/4p1k1/4P1P1/3q4/5PK1/8 w - - 7 47	e8h5 g5f4 h5f5	1305	0p0q13151i1o
wbm1b	5r2/3k3p/p1N3p1/1pQB1q2/3n4/P2P4/1P4PK/R7 b - - 2 29	f5h5 h2g1 d4e2	1305	0f1315191o
y35zR	r5k1/2pb2pp/p2p4/1p1P3Q/4N3/3q3P/P7/n3KR2 w - - 0 24	h5f7 g8h8 f7f8 a8f8 f1f8	1305	060s101316191n
1Xpa2	8/1r1r1k1p/1RNp2p1/p2P1p1n/2P5/5P1P/P4P2/5BK1 w - - 2 32	b6b7 d7b7 c6d8 f7e7 d8b7	1306	050g0p0s10
1xrYm	3Q1nk1/p2q1pp1/b6p/2p1rN2/3p2B1/7P/PPP2PP1/1R4K1 w - - 11 31	f5h6 g7h6 g4d7	1306	0g0j0y191o
35KRL	6rk/5Qp1/5n2/1P4R1/3p2PP/3P2K1/4q3/8 w - - 5 45	g5h5 f6h7 h5h7 h8h7 f7h5	1306	050p1013161n
4CKHt	6k1/Q6p/4p1p1/P2q4/5P2/2b1P3/5P1P/5K2 w - - 1 35	a7b8 g8g7 b8c7 g7h6 c7c3	1306	0g0p0s1011
5hECe	7R/2pr4/3p1p1p/1P1Pb3/2B1K1Pk/5P1P/8/8 b - - 8 41	f6f5 e4f5 e5h8	1306	010j0p1o
5yJFU	2B1rrk1/1p4pp/p1p5/2np4/5P2/1PP3P1/P1N2K1P/R3R3 b - - 0 31	c5d3 f2f3 d3e1 c2e1 e8c8	1306	010s1019
667Og	r7/7p/p3rkp1/2p2p2/5P1P/P1N5/1PP3P1/4R1K1 w - - 0 28	c3d5 f6f7 e1e6 f7e6 d5c7 e6d6 c7a8	1306	050g0p0s1w
6OYHf	2r3k1/2r2pp1/p3p2p/1p2P3/1PqR4/P1P1R1P1/2Q2P1P/6K1 b - - 7 33	c4d4 c3d4 c7c2	1306	0g0j0p1o
6eOZd	2r4k/p3p2p/5bp1/2B5/2R2P2/1P5P/r1P3P1/4R1K1 b - - 0 37	c8c5 c4c5 f6d4 g1h2 d4c5	1306	01050p0s101n
8eiPu	3rr1k1/1pn2ppp/pqp5/3p4/PP1Pp3/4P2P/2QR1PPB/1R4K1 w - - 2 24	a4a5 b6a7 h2c7	1306	0111191o
BYDaw	r4rk1/pp2ppbp/1qp3p1/3pP3/5P2/1P4P1/PBP1PnBP/R2Q1R1K w - - 3 14	f1f2 b6f2 b2d4	1306	01191n1o
Dvu55	r2qr1k1/1bp2p2/p3p2p/1p2N2N/1P1n4/P2P3P/2PQ1PP1/R5K1 w - - 0 21	d2h6 d4f5 h5f6 d8f6 h6f6	1306	0g0s1019
EZo8J	1k1r1b1Q/pp3p1p/4N3/1q1p4/4p2P/6P1/PPP2P2/2KR3R b - - 0 22	f8h6 c1b1 d8h8	1306	0g0j191o
EbVqX	3r4/r1p3R1/2p2p2/p1N1pk1p/8/1P3P2/P1P3PP/6K1 w - - 8 31	g2g4 f5f4 c5e6 f4f3 e6d8	1306	010p0s10
FCIml	1r1qr1k1/3nppbp/p1pN2p1/6B1/4PP2/2P4P/PPQ3P1/3R1RK1 b - - 0 18	d8b6 g1h1 e7d6	1306	010w191o
FPvwb	r7/5p1p/1r1pk1p1/Rp6/R7/5P2/P4P1P/6K1 w - - 0 30	a4e4 e6d5 a5a8	1306	0g0p111m1o
GFvTo	3r2rk/1p1q2pp/p4pn1/5R2/1P1B4/2P4Q/P5PP/4R1K1 w - - 4 30	h3h7 h8h7 f5h5	1306	050y1315191n1o
Gje3M	r4rk1/1p2ppb1/p2p3p/q1pPn1p1/4P1b1/5NP1/PPPQBPP1/R2NR1K1 b - - 1 16	e5f3 e2f3 a5d2	1306	0g0y191o
I2AH0	5rk1/6p1/8/ppq5/3R4/6P1/3Q1P1P/6K1 w - - 2 48	d2a2 f8f7 d4d8	1306	0g0p1o
I3aOr	3rr1k1/pR3pp1/5q1p/2b5/4B1N1/5Q1P/P1P2P2/4R1K1 b - - 0 23	f6f3 e4f3 e8e1	1306	0g191o
IMqYv	5rk1/p4ppp/2p5/6q1/8/PQP5/1P1r2PP/4RR1K w - - 6 21	b3f7 f8f7 e1e8 f7f8 f1f8	1306	0p1013161n
IvGAd	r1bqkb1r/pp3ppp/2n5/1B1p4/3P4/P7/1P3PPP/R1BQK1NR b KQkq - 2 9	d8a5 c1d2 a5b5	1306	0g0s1c1o
PYiqR	1r6/1B2k3/2P1p3/3n1pp1/7p/7P/5PP1/3R2K1 w - - 4 57	d1d5 e6d5 c6c7 b8b7 c7c8q	1306	00010p101h1n
PygN4	r4q1r/pppbk1p1/2n1p1Bp/3pP3/3P1Q2/2P5/P1P2PPP/R3K2R w KQ - 4 14	f4h4 f8f6 e5f6	1306	0g191o
QbhMa	r5rk/1p3p1p/p3pPpQ/3pP3/3q2P1/P5R1/b1P4P/2K5 w - - 0 27	h6h7 h8h7 g3h3	1306	050p0y13151n1o
R6Jpb	2q2rk1/Q1p1bpp1/1r1p1n1p/2p2P2/4P3/2N1B2P/PPP2P2/2KR2R1 b - - 2 18	b6a6 a7a6 c8a6	1306	01191o1t
RLxIT	6k1/4q2p/rp2p1pQ/p2p2N1/3P2n1/2P5/PP5P/5RK1 w - - 0 24	f1f8 e7f8 h6h7	1306	0i0p13151n1o
SMIC9	2r3k1/5ppp/3p4/7q/3QP1P1/3K1P2/P1r1N2P/6RR b - - 0 39	h5b5 d3e3 b5e2	1306	0g191o
Wq8lR	3R4/1kp4p/pr3np1/5q2/N7/4Q2P/1PP2PP1/5K2 b - - 3 33	f5b5 f1g1 b5a4	1306	010p0s1o
XIjIw	7k/p4p1p/4pp2/8/4KP2/6rq/PQ6/2R5 w - - 2 29	b2f6 h8g8 c1c8	1306	0p13151o
XPyJr	7r/pp1kbp2/2pp2r1/3Pp3/N1P1Pp2/1P4pq/P5QP/2RBN1RK b - - 1 28	h3h2 g2h2 h8h2	1306	0y1315191o
ZG3iN	R2r2k1/1Qb2ppp/8/1P2q3/4N3/4P2P/5PP1/6K1 b - - 6 40	e5h2 g1f1 h2h1 f1e2 h1d1	1306	0p101316
bRcSL	5rk1/1RQ2p2/3P1p1b/3Bp2p/8/2p3P1/P1q2P1P/6K1 b - - 1 26	c2d1 g1g2 d1d5	1306	0g0p0s111o
bf1QK	r4rk1/ppp2ppp/8/3PN3/4Pqb1/3B4/PPP3PP/R2Q1RK1 b - - 0 13	f4e3 g1h1 g4d1	1306	01191o
d91Tf	r5rk/pp3qpp/2p5/2pPp3/4P1RQ/2P2p1P/PPB1bP1K/6R1 w - - 0 33	h4h7 h8h7 g4h4 f7h5 h4h5	1306	050y101316191n
dNd90	8/R7/3kr2P/6K1/p7/P7/8/3b4 w - - 3 78	a7a6 d6d5 a6e6 d5e6 h6h7	1306	000g0p10
ekaZF	r1b1r2k/4q1bp/p1p2n2/1p1pQ3/5p2/P1PP1N1P/BP1N1PPK/4R1R1 b - - 0 24	f6g4 h3g4 g7e5	1306	010j191o
gSgkT	1k6/8/R7/1P1p2P1/3K4/1r1B4/1p6/8 b - - 1 52	b3d3 d4d3 b2b1q	1306	00050g0p1h1o
h2Fti	k6r/1p4pp/3Q4/4p3/8/P1q2B2/2P1KPPP/8 w - - 5 36	d6a6 a8b8 a6b7	1306	0p13151g1o
h9YLo	r4r2/pp2b1pp/2np1nk1/2p5/3P2q1/P5Q1/1PP3P1/RNB2RK1 w - - 1 17	f1f6 e7f6 g3g4	1306	01191g1o
hq0Q3	r3kb2/pp1b1p2/3Qn3/3N2P1/8/8/PPP5/2KB3q w q - 5 31	d5f6 e8d8 d6d7	1306	1315191o
kbyD9	5r1k/p1p2q2/3p3p/3P4/6pP/1P1Q2P1/P3RPK1/8 b - - 3 35	f7f3 d3f3 g4f3 g2f1 f3e2	1306	000g0p0s10
l5acq	7R/8/4p2R/1b1pP1k1/3P4/2Pr4/1K4P1/2Q1q3 b - - 6 38	d3d2 c1d2 e1d2	1306	010p1o
muIOL	1kbr4/3qb3/pp1p2rp/3Pp3/1P2Np2/3Q1N1P/2P2PPK/R4R2 b - - 2 25	g6g2 h2g2 d7h3	1306	050g191n1o
pzLFO	1rb2rk1/pp3ppq/2np3p/3Np3/2BnP3/3Q2R1/PP1N1PPP/R5K1 w - - 2 20	d5f6 g8h8 f6h7	1306	0g0y191g1o
sx55Q	r4r1k/4b1p1/2p3P1/3p4/1pnP4/5P2/1PP1N3/qNKQ1R2 w - - 2 24	f1h1 e7h4 h1h4 h8g8 h4h8 g8h8 d1h1 h8g8 h1h7	1306	050y1318191n1w
vA8bI	2kr2r1/Qpq2p2/4pP2/5p1p/N2p3P/8/PPP3b1/1K2R2R w - - 0 23	a4b6 c7b6 a7b6	1306	0g191k1o
wA6d5	5k2/R7/6P1/5n1P/1r6/5K2/8/8 w - - 3 59	a7f7 f8g8 f7f5	1306	0g0p0s1o
yXysh	8/5pk1/5pp1/p1qp1p2/7Q/r6P/5PP1/4R1K1 w - - 0 43	e1e8 c5c1 g1h2 c1h6 e8g8 g7g8 h4h6	1306	010i0p1l1w
0IkvQ	rn2kb1r/pQ3ppp/2b2n2/3p4/4P2N/3P4/PPP4P/RNB1KB1q w Qkq - 1 11	b7c8 e8e7 h4f5	1307	1315191o
1AV9S	3rr3/8/p2Pkp2/1p5Q/2p2P2/3n1R1P/PP6/4bK2 w - - 9 43	f3e3 e6d6 e3e8 d8e8 h5e8	1307	010p10
1gn5D	r1b1k1nr/ppppq1pp/5p2/8/6n1/1P3NP1/PBP1P1BP/RN1Q2KR b kq - 2 9	e7e3 g1f1 e3f2	1307	0y13151c1o
6nimK	r7/2p5/p6p/7k/1P3p2/P1BBn1R1/5qPP/7K w - - 0 38	d3g6 h5h4 c3f6	1307	0p13151o
7ad4J	2r5/pp2kp2/2B1pR2/4PnK1/3P3r/P1P5/4N3/5R2 b - - 0 39	c8g8 f6g6 g8g6	1307	1315191o
9di8s	7k/1p2PQpp/p1b5/3p4/6q1/8/PP3B1P/R4K2 b - - 3 28	c6b5 f1e1 g4e2	1307	0p13151o
9sOOs	8/8/8/5kp1/4r3/5PK1/5P2/8 w - - 0 48	f3e4 f5e4 g3g4 e4e5 g4g5	1307	0g0p101z
Alblg	6k1/2n2p1R/2pp3B/3n1B2/1p1r4/1P6/2P2P2/5K2 w - - 2 38	h7g7 g8f8 g7g4 f8e7 g4d4	1307	0g0j0k0p10
BVDkR	4r3/1p3b1k/p2q2p1/3p1r2/4p1N1/2P3RP/PP1Q2K1/5R2 w - - 7 38	d2h6 h7g8 f1f5	1307	0g191o
C6vji	r7/p4pk1/1pn5/2p1p1q1/4PbQ1/1NP4K/PP3R2/5R2 b - - 0 29	a8h8 h3g2 g5g4	1307	0i111315191o
CTejo	k5r1/1pRN1R2/p7/3P3p/6n1/8/r7/6K1 w - - 1 38	d7b6 a8a7 c7b7	1307	0p1113151o
Em7XN	Q7/6p1/3p4/1pp1b3/4Pp2/1qkP1R2/2r2PK1/8 w - - 4 43	d3d4 c3b4 f3b3	1307	0g0j0k0p1o1p
FVRRS	r4rk1/1p1b1p1p/p7/2p2P1p/2P1PNnq/2NP3P/PP6/R2Q1RK1 b - - 3 20	h4g3 g1h1 g3h2	1307	0y1315191o
IEmuH	r4rk1/pp3p1p/8/2p2Rp1/3pP1n1/P2P2Pq/1PP3N1/R1BQ2K1 b - - 2 21	h3h2 g1f1 h2h1 f1e2 h1g2	1307	0g0i0r0y1019
IeIP6	1rb1k2r/1pqp1p2/pN1bp1p1/2P1Pn2/3Q2p1/4B3/PP3P1P/R3K2R w KQk - 0 19	e5d6 f5d4 d6c7	1307	000g11191o
J2DhN	2r3k1/5p1p/R1r3p1/p2R4/1b2B3/5P1P/P5P1/7K w - - 3 39	a6c6 c8c6 d5d8 g8g7 e4c6	1307	010j0p10
JDUNR	1k2r3/1P3pr1/1pBb4/8/2P5/1P5P/1q3PP1/4R1K1 w - - 0 28	e1e8 b8a7 e8a8	1307	0p13151o
KzSTZ	2r2r1k/1p1b1pp1/p3p3/3pqnN1/8/1PP2Q1P/PK1N2P1/3R4 w - - 0 25	f3h5 f5h6 g5f7 f8f7 h5e5	1307	010j0s1019
MRJT7	r1bqk1nr/pppn2pp/3bpp2/3pN3/3P1B2/4P3/PPP2PPP/RN1QKB1R w KQkq - 0 6	d1h5 g7g6 e5g6 h7g6 h5h8	1307	0g101c1g1t
MY5Os	4r1k1/1p4pp/8/p7/3p1Q2/2qP1R1P/5PP1/4rRK1 w - - 0 30	f4f7 g8h8 f7f8 e8f8 f3f8	1307	060p1013161n
RUXTI	r1b1qbkr/pppp2p1/7p/8/3nN3/4Q3/PPP2PPP/R1B1K2R w KQ - 0 11	e4f6 g7f6 e3e8	1307	0g0j0y1c1o
VWvyD	8/pp3p1p/3b4/5k2/7P/4P3/PPr2rPR/1R4K1 w - - 2 26	g2g4 f5g4 h2f2	1307	010j0p1o
W1yS0	6k1/6pp/3q4/5p2/QP1pB3/4P1P1/4KPP1/2r5 w - - 0 31	a4e8 d6f8 e4d5 g8h8 e8f8	1307	0i0p1013161g
WbYGY	7k/b5p1/5p2/1p5p/5P1P/1PBQ2P1/7K/4q3 b - - 3 35	e1g1 h2h3 g1h1	1307	0p13151o
XTAf2	4rk2/pp2Rp1p/4bP2/6R1/r7/2P2K1P/8/8 w - - 3 31	g5g8 f8g8 e7e8	1307	050i0p13151o
Xrosp	8/p6p/4R3/2Nk4/PP6/1KP5/5r1r/8 w - - 8 52	c3c4 d5d4 e6e4	1307	0p0u13151o
ZotEY	8/pprkq1rp/4p3/1N6/2Q5/8/P4PPP/b5K1 w - - 0 22	c4c7 d7e8 b5d6 e7d6 c7d6	1307	010p10
cadYi	4R3/pp1r1qk1/6pp/2p5/4Q3/7P/P5PK/8 w - - 0 37	e4e5 f7f6 e8g8 g7g8 e5f6	1307	0g0i0p10
dgz6D	rq3r1k/p5p1/2pp1bQB/1p2pP2/8/P6P/BPP3P1/R4nK1 w - - 1 23	h6g7 f6g7 g6h5 g7h6 h5h6	1307	0s101316191n
dhO97	r4rk1/pp3ppp/6n1/2pB1b1q/3p1PN1/P2P1Q1P/1PPB2K1/R3R3 b - - 9 22	g6h4 g2h2 h4f3	1307	0g0s191o
e5KEi	1Q3bk1/1b2P1pp/1q3p2/p4P2/2rp4/P1P5/1B4PP/RN3R1K b - - 0 27	b7g2 h1g2 b6b8	1307	010j191o
hbZ9J	5rk1/4bp2/6np/2pRp3/Q5P1/1P1P3q/PBR5/1K6 b - - 2 29	h3h1 b2c1 h1d5	1307	010s191o
kGCdD	2k4r/ppq2ppp/2pbp3/3nB1N1/8/3R4/PPP1QPPP/1K6 w - - 6 20	e5d6 c7d6 g5f7	1307	01191o
kxL4E	8/4Qpkp/3p2p1/r1qBp3/4P2P/1pP2P2/1P6/1KR3R1 b - - 2 32	a5a1 b1a1 c5a5 a1b1 a5a2	1307	050p1013161k1n
lEucK	r4rk1/pp1n1pp1/3q1n1p/8/2b5/3B1N2/P4PPP/1R1QR1K1 w - - 0 18	d3h7 g8h7 d1d6	1307	010j191o
mqAEw	6k1/1p1r1ppq/p2b4/2NpP3/1P1P4/P7/3B2Qp/7K w - - 1 47	c5d7 h7b1 h1h2	1307	010p0t111o1r
nHFNg	1r1q1rk1/R4pbp/6p1/1N6/1Qpn4/4B1PP/5PB1/3R2K1 b - - 0 24	d4e2 g1h2 d8d1	1307	0g0j11191o
nvIlf	rn1r2k1/4qp2/p3bn1p/1p1pp1p1/6NB/7P/PPP1BPP1/R2Q1RK1 w - - 0 18	g4h6 g8g7 h4g5	1307	010y111c1o
obTQ0	4r1k1/2p1np1p/bp1p2p1/p4B2/2PB4/1P6/P4PPP/4R1K1 w - - 0 24	f5d7 e8b8 e1e7	1307	0g0p1o
otfKR	r3k2r/1ppq1pp1/p2b1n2/4N2p/8/1P1P2P1/PB2PPKP/R2Q1R2 b kq - 0 16	d6e5 b2e5 d7d5 e2e4 d5e5	1307	010d0s1019
qVO1Q	7r/2Q2p2/4pkp1/8/5P2/2N2K2/2q5/3R4 b - - 2 42	h8h3 f3g4 c2g2	1307	0p13151o
v19dy	rn3r2/pppqb1kp/3p2b1/6Q1/2BPn3/8/PPP3PP/RNB2RK1 w - - 0 14	g5h6 g7h8 f1f8 e7f8 h6f8	1307	0i10131619
w3LUu	4r1k1/1p3p2/p1p2R1p/3p3Q/8/6KP/PPP1q1P1/6b1 w - - 0 28	h5f7 g8h8 f6h6	1307	0p13151o
yJMEH	1q4k1/p4rp1/1r2Qn2/3pn3/4p2R/4P3/4BP2/2RNK3 w - - 4 32	c1c8 b8c8 e6c8	1307	0g0s191o
yrx0V	2kr3r/1ppqbp2/p2pnn1p/3N2p1/2Q1Pp2/7N/PPPB2PP/2KR3R w - - 2 15	d5b6 c8b8 b6d7	1307	0g191g1k1o
zs4ZL	2r2rk1/5p1p/p3p1p1/2B1P3/5Pn1/8/PP4KP/2RR4 b - - 1 27	c8c5 c1c5 g4e3 g2f3 e3d1	1307	010p0s101n
0N87n	r7/2p2r1k/1p1pR2b/5q2/1B3Q2/P6P/5P2/4K3 w - - 0 41	f4h6 h7g8 e6g6 f5g6 h6g6	1308	0g0r1019
1EaFb	7k/2Q3p1/3N3p/1pp3q1/8/6P1/r2p3P/4R1K1 w - - 0 38	d6f7 h8h7 f7g5	1308	0g0p0s111o
2Td3q	r1b2r1k/2q3pp/p1p5/1pb2pB1/4n3/3BP2P/PPQ1NP2/1K1R3R w - - 4 19	d3e4 f5e4 c2c5	1308	0b0g191o
2VEIw	r2r1bk1/R6p/5pp1/1p1Np3/1P1nP1B1/8/5PPP/6K1 w - - 2 35	d5f6 g8h8 a7h7	1308	031315191o
4wR1q	1r4rk/3b1p1p/3p1PpQ/p7/3PPR2/2q4P/P5B1/R5K1 w - - 5 29	h6h7 h8h7 f4h4	1308	050y1315191n1o
86XW4	1r3bnr/pp2kppp/4p3/2p1P3/8/2q1BQ2/P1PR1PPP/4K2R w K - 2 14	e3g5 e7e8 f3c3	1308	0g0j191o
8PPpk	r4knr/ppp2Bp1/2np1q2/4p1N1/4P3/2PP4/PP3QP1/RNB3K1 b - - 0 13	h8h1 g1h1 f6f2	1308	0g0i0y191o
8dXSE	2kr3r/p1pb1p2/p1Rq2p1/3p4/Q2P4/P3P1P1/1P1N1P1p/5K1R w - - 2 22	a4a6 c8b8 c6d6	1308	0g191k1o
8oyOb	3r1k1r/ppp1qp2/2n2Np1/4Pb1p/1bp2Q1P/2N2P2/PPPB4/2KR2R1 w - - 4 19	f4h6 h8h6 d2h6	1308	1315191n1o
ACXZr	5k1r/pp1n1p2/2p3P1/3pq1Q1/8/2P5/PP2PP2/1R2K1R1 b - - 0 28	e5g5 g1g5 h8h1 e1d2 h1b1	1308	010p101p
B5BZP	r3kb1r/pb3ppp/4p3/8/2R5/P2q2B1/3N1PPP/3QK2R w Kkq - 3 18	d1a4 d3d7 a4d7 e8d7 c4c7 d7e8 c7b7	1308	01050s191w
CEYOm	rn5r/pp2k3/2pqp3/5P2/3P4/2P1PB2/PP3PPb/R1BQ1R1K b - - 0 18	h2g1 h1g1 d6h2	1308	050j0k0y1315191n1o
CYr8J	Q2nk2r/2p2ppp/p7/2b5/8/N1B5/PPP1qPPP/4R1K1 b k - 4 20	c5f2 g1h1 f2e1	1308	0g0s191o
DPble	r3r3/2p2pk1/3p2p1/1p1B4/4n1P1/1P1NP3/2P5/1K4RR b - - 1 29	e4c3 b1b2 c3d5	1308	010s1112191o1r
IVm13	8/7p/p3kp2/1p1b4/5P2/1N1pK1P1/PPrR3P/8 w - - 3 30	b3d4 e6d6 d4c2 d3c2 d2c2	1308	0g0p0s1011
KxITS	2rr1k2/5ppp/p1Rnp3/1p6/1P1P1P2/P1R4P/4N1PK/8 w - - 1 31	c6d6 d8d6 c3c8	1308	0b0g0i0j0p1o
LX7HE	r1bq3r/5p2/pp1p2k1/2pP2P1/4P1n1/2N3P1/PP1QB1P1/R4RK1 b - - 0 27	h8h1 g1h1 d8h8 h1g1 h8h2	1308	050y101316191n
Mdphx	8/8/3k4/1P1p2p1/3K1b1p/2B2P1P/8/8 b - - 0 45	f4e5 d4d3 e5c3 d3c3 d6c5 b5b6 c5b6 c3d4 b6c6	1308	080g0h0p1w
NLJKq	1k5N/ppp3pp/2n2n2/7r/3P4/4Q3/PP2qPP1/R1B2RK1 b - - 2 18	h5h1 g1h1 e2f1 h1h2 f6g4 h2g3 g4e3	1308	050g0i0s191w
OczqZ	5Q2/2p5/6p1/pp1P2kp/2q5/5PK1/8/8 w - - 3 40	f3f4 c4f4 f8f4	1308	0p13151i1o
PwA09	4r1k1/pq3p1p/2p2nNQ/5b2/3P4/2P2B2/P1r2P2/3KR2R w - - 5 29	e1e8 f6e8 h6h7	1308	0y1315191o
STmW9	6k1/2R2pp1/1Qpq3p/8/8/1P2r1PP/6PK/8 w - - 3 35	c7c8 g8h7 b6e3	1308	0g0p1o
SzdJ3	8/8/p7/P1k1Kppp/8/5PP1/8/8 w - - 0 45	e5f5 h5h4 g3h4 g5h4 f5g4	1308	0g0p101e
TRLNm	6kr/p5q1/2ppp1Q1/2p5/2P1N3/3P2P1/PP5P/5nK1 w - - 1 25	e4f6 g8f8 g6e8	1308	0p13151o
TTFMD	r7/p3R3/5pn1/5k1K/3B4/2P5/2R5/8 b - - 0 30	a8h8 e7h7 h8h7	1308	0p13151o
UMcsx	5rk1/pp2b1pp/8/3pNn2/3P4/P3B2q/1PR4Q/4R2K b - - 1 38	f5g3 h1g1 f8f1 e1f1 h3f1	1308	0r10131619
VKFLV	3r2k1/pp3pp1/7Q/4P3/6R1/8/Pr3qPP/6RK b - - 0 27	f2g1 h1g1 d8d1	1308	050p13151n1o
VKKUq	2R5/4Nppk/p3pb1p/2Q1p3/1p6/1P5P/P1P2rPK/5q2 w - - 0 33	c8h8 h7h8 c5c8 h8h7 c8g8	1308	050p1013161n
VxKaI	r1b1k2r/pppp2pp/8/1q2Np2/4n3/8/PPP2PPP/RN1Q1RK1 w kq - 2 12	d1h5 g7g6 e5g6 h7g6 h5h8	1308	0g1019
W1Sei	rn5k/ppp1p2p/3p2qQ/3PpbN1/5r1P/2N5/PP4P1/2KR3R w - - 2 21	h6f8 g6g8 g5f7	1308	0y1315191g1o
Wsn9k	r2q1rk1/ppp1n1pp/2p2p2/7b/1P1bP3/P4N1P/4QPP1/RNB2RK1 w - - 0 14	e2c4 h5f7 c4d4 d8d4 f3d4	1308	01101c
XtqAn	2rq1rk1/p2bppbp/1p4p1/n2nN3/1Qp5/2N1B2P/PP2BPP1/R4RK1 w - - 0 15	c3d5 g7e5 d5e7	1308	010y191o
ZdUDh	rnbqk2r/ppp3pp/3bpp2/3pN3/3PnB2/P3P3/1PP2PPP/RN1QKB1R w KQkq - 0 7	d1h5 g7g6 e5g6 h7g6 h5h8	1308	0g101c
a3r5x	5rk1/p3ppbp/6p1/1Bp5/4P1b1/P1qQ1N1n/R2N1PK1/7R b - - 0 22	h3f4 g2g3 f4d3	1308	0g0s191o
ac2Qw	8/6p1/p3p1p1/5pk1/3b4/P2q1B2/1P4PQ/K1R5 b - - 1 32	d3a3 a1b1 a3b2	1308	0p13151g1o
cLbrJ	3r3r/p1p3k1/3n2p1/2q1p3/3n4/1PNP2P1/P1PQ2BP/R5RK b - - 8 23	h8h2 h1h2 d8h8 g2h3 d4f3	1308	050g0y10191n
dE39S	2rrnbk1/1pq2p1p/p1bpp1pQ/6P1/3BPP2/2N2R2/PPP3BP/3R2K1 w - - 2 19	h6h7 g8h7 f3h3 f8h6 h3h6 h7g8 h6h8	1308	050y1317191d1n1w
dzUdR	r1b1k1nr/ppp2ppp/8/2pP1q2/1nP5/P4N2/1P3PPP/R1BQKB1R b KQkq - 0 10	b4c2 e1d2 c2a1	1308	010s1c1o
e11mA	2kr1r2/pp6/2p1Rq1b/6pP/3PQ1P1/2P1P3/PP6/R1B1K3 b Q - 0 23	f6f1 e1d2 f8f2	1308	1315191o
fVKXL	8/1P3pk1/2Q5/4p3/2P2pqp/6P1/5PKP/8 b - - 0 38	h4h3 g2f1 g4d1	1308	0p13151i1o
gVyCR	rnb1k2r/ppp3pp/5q2/1N1p4/6n1/2NPp3/PPP1Q1PP/R1B2BKR b kq - 1 12	f6f2 e2f2 e3f2	1308	000y1315191o
i51Li	r3r3/1bq2pkp/p3p1p1/1p4N1/4n1n1/1B1P2P1/PPP1Q2P/R4RK1 w - - 0 19	f1f7 c7f7 g5f7	1308	0g0s191o
iM9p6	5r1k/1p4p1/p2p3p/4nP2/1P3N2/P6P/1q4P1/RQ4K1 b - - 8 34	b2d4 g1h1 d4f4	1308	0g0p0s1o
iO1Qj	1r1r2k1/pb4pp/1p1Rp3/2p1n3/8/P1N2BP1/2P2P1P/5RK1 w - - 0 23	d6d8 b8d8 f3b7	1308	01191o
k5zzp	3r4/p3QNkp/1p2p1p1/2p4R/4q3/8/1PR3P1/1K6 b - - 1 29	d8d1 b1a2 e4a4	1308	0p13151o
kJdt3	r1b2rk1/ppp1b1pp/2n1p2q/2P5/3P4/P2B1NP1/3N3P/R1BQ1RK1 b - - 0 17	h6e3 g1g2 e3d3	1308	010s1c1o
lA1WJ	5rk1/4ppbp/p2p1np1/2pP4/P3P3/q1N3PB/2Q2PKP/1r2B3 w - - 0 22	c3b1 a3a1 e1c3	1308	0g191o
m6Ipz	r4rk1/pp1b2p1/1q2p1Qp/3pP3/8/P3b1N1/1P3PPP/RB4K1 w - - 0 22	g6h7 g8f7 b1g6 f7e7 h7g7	1308	0g0i0y1019
ny7La	2r3k1/pppR1ppp/2n1q3/8/8/1P4P1/P4PBP/3Q2K1 w - - 6 28	g2c6 e6c6 d7d8 c6e8 d8e8	1308	010p10
q1Cwk	8/p1pkn3/1p6/3p1p2/5N1r/5P2/PPP2KP1/4R3 w - - 3 31	e1e7 d7e7 f4g6 e7f6 g6h4	1308	050g0p0s101n
qPIkP	5r2/1p4bk/p3Bqpp/3p1P2/6Q1/3p3P/PPr2R1P/6RK w - - 1 29	f5g6 h7h8 f2f6	1308	0g0j191o
rbOuM	1r1q3r/1p3bk1/p1n1p1pR/2NpPpP1/1P1P4/P6Q/4BPK1/7R b - - 8 32	d8g5 h3g3 g5g3 f2g3 h8h6	1308	0g1019
rg9i5	4k1r1/p3bp2/4Np1p/3pp3/4P3/1P1B4/P4PPP/2r2R1K w - - 0 21	d3b5 c1c6 b5c6	1308	0p13151o
tFbmI	2r1rb1k/6pp/p2p2nQ/1p1q4/3Bn3/P2B4/1P4PP/3R1R1K w - - 0 28	f1f8 g6f8 h6g7	1308	0y1315191g1o
tIj1m	2b4k/6pp/p7/2QBp3/P2nP1q1/8/1P5K/2RR4 b - - 6 35	d4f3 h2h1 g4h3	1308	1315191o
uIbI5	b5k1/2r2p2/6p1/5q1p/1Pr4P/5P2/P1pQ2PK/B1R5 w - - 4 45	d2d8 g8h7 d8h8	1308	0s1315191o
vzHBd	rnbk3r/p2p1Bpp/1pp1p3/2b1P1N1/8/2Nq2P1/P2B3P/3QKR2 w - - 1 18	g5e6 d7e6 d2g5 d8c7 d1d3	1308	010d0j10191g1n
w2qdH	8/p7/R3bk2/5p2/5N2/4r3/6P1/6K1 w - - 0 38	f4d5 f6e5 d5e3	1308	0g0p1g1o
w6Qo2	5rk1/1q3p1p/pp4pB/8/1P2r3/7P/P4PP1/b1Q2RK1 w - - 0 26	c1a1 f7f6 h6f8 g8f8 a1f6	1308	01050b1019
wo6tY	4r3/5pk1/7p/2pB2P1/2PbPK2/5P2/6r1/1R3R2 b - - 0 34	h6g5 f4f5 e8e5	1308	0p13151d1o
xK60Z	r4r2/p2b2pk/1q1bp2N/1p1n3Q/8/6P1/Pp4KP/RNB2R2 w - - 1 20	h6f7 h7g8 h5h8	1308	0j0k1315191o
z32h0	r1bqk2r/pp4pp/2nbp3/3pN2n/3P1B2/8/PP3PPP/RN1QK2R w KQkq - 0 11	d1h5 g7g6 e5g6 h7g6 h5h8	1308	01101c
zJLDt	8/8/p7/P7/1P2p3/N2bPp1k/5K2/8 w - - 12 53	b4b5 a6b5 a5a6 b5b4 a6a7 b4a3 a7a8q	1308	000g0p1h1w
1Sd8O	r2qkb1r/1bpp1ppp/pp3nn1/1N1P4/8/P5B1/1P2PPPP/R2QKBNR w KQkq - 0 10	b5c7 d8c7 g3c7	1309	0g0s1c1o
1WP2y	2r5/5Qpk/p2p4/2nPr1q1/2P5/8/P4PPP/1R3RK1 w - - 1 24	f2f4 e5e7 f4g5 e7f7 f1f7	1309	0g0s1019
1f1yQ	5rk1/pp1n1r1p/4p2Q/1qppP3/N5Pb/1PP4P/P4P1N/R4RK1 b - - 0 19	h4f2 f1f2 f7f2	1309	0g0y191o
2Vyv4	1r1r2k1/5p1p/7Q/2p1pq1p/PpNb4/1P1P1PP1/2P3K1/7R w - - 0 33	h1h5 f5g6 h5g5	1309	01191g1o
2r6KA	6k1/p4pp1/1p5p/8/6P1/5Q2/r2r3q/4RK2 w - - 1 38	e1e8 g8h7 f3f5 g7g6 f5f7	1309	0p101316
6ceck	8/8/3N3p/3pPBpP/1b1P2P1/1bk1K3/1p6/8 w - - 2 61	d6b5 c3c4 f5d3	1309	0p13151o
88fpO	4r3/2p2k1P/p1p5/2P1q1Q1/4p3/5P2/PP6/2K5 w - - 0 38	g5e5 e8e5 h7h8q	1309	00010p1h1o
AFm5v	3r1r2/pb3pkp/2p1p1p1/7P/8/5B2/PqPQ1PP1/3RK2R w K - 2 19	h5h6 g7g8 d2d8	1309	0g191o
B0cvc	r2q3r/ppp1n1k1/6p1/3p1bP1/5P2/2PQ4/PP3P2/RN2K2R w KQ - 1 19	d3d4 g7f7 d4f6	1309	0g191o
BVSJB	r4r2/pN4Q1/4kp2/1p1p4/3P4/7P/P4qPK/8 w - - 0 33	b7c5 e6d6 g7d7	1309	0p13151o
EY3OQ	rn3rk1/ppp2ppp/5n2/3P4/1qP3b1/2N2P2/PP2Q1PP/R3KBNR b KQ - 0 12	f8e8 e1c1 e8e2	1309	011c1g1o
EnAn8	rn1qkb1r/pp2pppp/8/2P5/2P5/1Q1n1N2/PP1K1PPP/RNB4R b kq - 2 10	d3c5 d2e2 c5b3	1309	0g0j0k1c1o
FyuMd	3r3k/1p2r1pp/pq3p2/1b2pP1Q/4P1R1/1B5P/PP1p2P1/R6K w - - 0 27	h5h7 h8h7 g4h4	1309	050y1315191f1n1o
HazEP	r4rk1/pbp2ppp/1pN2q2/3P4/6nn/P3P1P1/BBQ2P1P/2R2R1K b - - 2 22	f6f3 h1g1 f3g2	1309	0y1315191o
Im6IP	rn2kb1r/pp3ppp/3p1nq1/3bP3/3B4/1P3Q2/P1P2PPP/RN2R1K1 w kq - 2 13	e5f6 e8d7 f3d5	1309	0g0j0k1c1o
JTrzZ	b4k1r/p4pp1/1pnbp2p/8/P1qPB3/1P3QP1/2P2P1P/R4RK1 b - - 0 21	c6d4 b3c4 d4f3 e4f3 a8f3	1309	0g0y10191y
LBhzl	2kr1b1N/pp4pp/2p1p3/8/3P4/2qQBP2/P1P3PP/2KR3R b - - 1 17	f8a3 c1b1 c3b2	1309	1315191k1o
LrSJq	8/1p3pk1/p7/8/r3R3/5P1P/2P2PK1/8 b - - 1 32	a4e4 f3e4 a6a5 g2f3 a5a4	1309	0g0h0p101l1m
Mczz1	rnbq1k1r/ppp2p1p/3pp1p1/4Pn2/2PP1P1R/2N3P1/PP2K3/R1BQ1BN1 b - - 0 12	f5g3 e2f2 d8h4	1309	010w111c1o
Nesy8	5Q2/2R3pk/5p1p/ppn3q1/8/2PPP1PP/7K/8 b - - 0 35	c5e6 f8f7 e6c7	1309	0g0p0s1o
PBHmW	8/7b/3KP3/1k6/1r6/1p6/p4P2/Q7 b - - 0 53	b3b2 a1a2 b2b1q	1309	000g0p1h1o
PCiFn	r2qr1k1/ppp2ppp/2np4/8/1b1Pn3/1PN2N1P/1P3PP1/R1BQR1K1 w - - 0 13	e1e4 e8e4 c3e4	1309	011c1o
RqIKw	2r4r/1p2kp1p/p3p1p1/3pN3/1P1Pn2P/8/P5K1/2R2R2 w - - 2 26	f1f7 e7d8 f7d7 d8e8 c1c8	1309	0i0p101316
Rz9cy	2rb2k1/5ppp/p1pR4/2N1p3/4P3/8/PPP2PPP/6K1 b - - 0 19	d8e7 d6d7 e7c5	1309	010p1o1p
SJAqI	r5k1/ppp3pp/2np4/8/6b1/BP4N1/P2q2PP/R4QK1 w - - 0 16	f1c4 g8h8 c4g4	1309	010s191o
UmJ0K	7k/6rN/1pp5/3pP3/1P3P1R/2K5/r5P1/7R b - - 0 45	g7g3 c3d4 a2d2	1309	0p13151o
WBZyP	4rrk1/2p4p/p2p2p1/1p1P4/4pPq1/1B6/P1PN1Q2/4RK1R b - - 1 32	f8f4 f2f4 g4f4	1309	0g191g1o
X6d2v	8/p2p1kpp/1p6/6b1/P1KPn3/2B2bP1/1PP5/4R3 w - - 2 30	e1f1 f7g6 f1f3	1309	010p1g1o
XUarE	6k1/p5qp/3p1Qp1/3Pp3/b3P1B1/8/6PK/8 w - - 2 36	g4e6 g8h8 f6d8 a4e8 d8e8 g7f8 e8f8	1309	0p13171w
bFeOc	8/p2RP3/1p2r1kp/5pp1/4pP2/1P4PP/P6K/8 w - - 3 41	d7d6 e6d6 e7e8q	1309	000g0i0p111g1h1m1o
bnrTl	r2qk2r/pp2np1p/2n3p1/2pNP1NQ/2p5/P7/1P3PPP/R4RK1 w kq - 0 16	d5f6 e8f8 h5h6	1309	1315191o
c3iOi	2k1r3/2nq2b1/p7/Npp5/8/P2p1Q1P/1P3PP1/5RK1 w - - 4 41	f3b7 c8d8 a5c6 d7c6 b7c6	1309	010r10191k
cVgr6	r2r1k2/1pq3pp/2p1Qb2/7B/1nP5/pP4PP/P4P2/3RR1K1 w - - 4 26	d1d8 a8d8 e6e8 d8e8 e1e8	1309	101316191d1n
cu6u3	r1b1kb2/pp1p4/3p3p/1q1Np3/4P3/4N3/PPPB1PrP/R3KR2 w Qq - 3 18	d5c7 e8d8 c7b5	1309	0g0s191o
dw7tU	2bn2r1/3p1k1p/3Pp3/p3P3/3P4/2P3Pq/P4P1P/3QRR1K b - - 4 26	c8b7 f2f3 g8g3	1309	010i191g1o
eY6MV	rnbq1rk1/ppp2ppp/8/3P4/6B1/2N1P3/PPP3PP/R2QK2R b KQ - 0 10	d8h4 g2g3 h4g4 d1g4 c8g4	1309	011019
i5UoS	r1b2n1r/3nk1pp/3q4/2p1p3/1p2P3/3P1NQP/1PP3P1/1NKR3R w - - 8 22	g3g7 e7d8 g7h8	1309	010s1c1o
jbkUv	2r2r2/pp1bqp2/5k1p/2ppN3/3P4/4P3/PPQ1KP1P/6R1 w - - 2 22	g1g6 f7g6 c2g6	1309	1315191n1o
jdjcr	r1bq1b1r/pp1p1kp1/7p/8/1pn1n3/5N2/PBP2PPP/RN1Q1RK1 w - - 0 11	d1d5 f7g6 d5e4	1309	0g0s1c1o
k5T4h	r4rk1/ppp3p1/7p/4N1q1/3NQn2/8/PP3PPP/R3R1K1 b - - 4 20	f4h3 g1h1 h3f2	1309	0g0i0y191g1o
kwUbW	2r5/1r3pp1/k3p3/ppBpPnPp/3P1P2/1RPK4/7P/R7 w - - 2 32	a1a5 a6a5 b3a3	1309	050p13151f1n1o
ltfDa	6r1/3P1q1k/5R2/5p2/2pBpP2/2P1P1bP/P3Q1p1/6K1 b - - 2 49	g3h2 g1h2 g2g1q	1309	00050p13151h1o
mJBkP	1rb2r1k/p5p1/1b5p/3B3n/4Q2q/2P4P/PP1N1PP1/R1B2RK1 b - - 0 20	b6f2 f1f2 h4f2	1309	0g0y1c1o
ncUxU	1r3rk1/5pbp/2p2pp1/p2p4/P2Pn1P1/2P1PN1P/R3KP2/1N5R b - - 3 19	b8b1 h1b1 e4c3	1309	010b191o
owas4	6r1/RR1nkp2/2pqp2p/6r1/2BP4/2P3Pp/P3QP2/6K1 b - - 2 28	g5g3 f2g3 d6g3 g1f1 g3g1	1309	0y101316191n
pmrxF	4rrk1/ppp1Rppp/2q5/4Q3/6b1/1B6/P1P2PPP/R5K1 w - - 6 19	b3f7 f8f7 e7e8	1309	0g0i0s191o
rJkOK	5k2/7R/1p6/3brp2/8/P1PpB1KP/1P3P2/8 b - - 6 48	e5e3 f2e3 d3d2	1309	000g0p1n1o
sH5FH	7r/1p2rpk1/2p3p1/4P1q1/p1PPB3/6P1/2P2QK1/5R2 w - - 1 33	f2f6 g5f6 e5f6 g7f8 f6e7	1309	00010p0s10
sVA98	r1bq3r/1pp2k1p/p1p2ppB/8/1b1P4/8/PPP1QPPP/RN2R1K1 w - - 4 15	e2c4 d8d5 c4b4	1309	0g0s191o
sj7xw	8/8/8/1P3p2/4k1p1/6Kp/P7/4N3 b - - 0 49	f5f4 g3g4 h3h2 e1f3 h2h1q	1309	000g0p0z101h
ssXGv	2R2R2/pp6/3k2p1/3pq2p/6PP/3Br3/PP4P1/1K6 w - - 1 26	f8d8 d6e7 d8e8	1309	0g0p1o
ucZq8	5qk1/6p1/p2r1PRQ/1p2p3/2p1P3/P7/6PP/5K2 w - - 1 41	g6g7 f8g7 h6g7	1309	0p13151o
wT2D1	8/p3R1pr/5pk1/2N2p2/3P2n1/1P3PP1/PB6/3q1QK1 b - - 2 34	h7h1 g1h1 d1f1	1309	050i1315191o
ylE3a	r1b1k2r/pp4pp/2q1pp2/6P1/1PpP3b/4B3/P1N2P1P/R2Q1KR1 w kq - 0 18	d1h5 g7g6 h5h4	1309	010s191o
zZ3aY	r4r1k/pp1b1pp1/1q2pN1p/4P2Q/1P1p1n2/P2B3R/5PPP/2R3K1 w - - 4 22	h5h6 g7h6 h3h6 h8g7 h6h7	1309	0u0y101316191d1n
0M0ka	1r4k1/2qb1ppp/n3p3/3pP3/8/2PQBN2/1P3PPP/5RK1 b - - 2 18	d7b5 d3b1 b5f1	1310	01191o1p
0QD6n	r2q1knr/pp3ppp/4p3/1BbpPbB1/8/5N2/PPP2PPP/R2QK2R b KQ - 3 10	d8a5 d1d2 a5b5	1310	0g0s1c1o
0j0TV	8/1p4p1/p1b1R2p/P1N2kp1/1r6/5P2/6PP/6K1 w - - 1 32	g2g4 f5f4 c5d3 f4f3 d3b4	1310	0g0p0s10
1i23n	7r/1Q4p1/4k2p/1pp1n3/3pN1qP/P7/1P3PP1/4RRK1 b - - 1 27	e5f3 g1h1 g4h4	1310	1315191g1o
1jxa4	4r1k1/1r3p2/6P1/2pPq2p/4p3/2N3QP/1P4PK/1R6 w - - 1 36	g6f7 g8f7 b1f1	1310	00050g0k0m0p11121o
1x51y	1br2Bk1/1p4p1/p4q2/3p3B/1P5P/P3p3/6K1/R2Q3R b - - 0 27	f6f2 g2h3 f2g3	1310	0s1315191o
2HxfS	r1r3k1/pp2ppnp/3p1npQ/q2P1PN1/2P5/2N4P/PP2BP2/2R2RK1 b - - 0 19	g7f5 g5f7 f5h6	1310	01191o1t
2KqJG	2r2r1k/1pq3p1/p1b2p1B/8/PbP4Q/1P1p1N1P/5PP1/5RK1 w - - 0 28	h6f4 h8g8 f4c7	1310	010j0k191o
2Mm0t	4r1k1/3Q1p1p/1p4p1/2pP3q/2P5/6P1/5P1N/1BRb2K1 b - - 2 32	e8e1 g1g2 d1f3 h2f3 h5h1	1310	101316191n
2vgk8	3r2k1/8/4p1pR/1prqP1P1/2nP1P2/6K1/7R/8 w - - 0 35	h6h8 g8f7 h2h7	1310	0p13151o
4Wq3k	6k1/4bppp/2Q5/3r4/8/1P2qP2/4B1PP/7K w - - 0 25	c6e8 e7f8 e8e3	1310	0g0p1o
4v3hP	r3r1k1/p1qn1p2/1pp2n1p/6pb/2PP4/4BNQP/P3BPP1/3RR1K1 b - - 1 21	c7g3 f2g3 e8e3	1310	0g191o
5FotC	rnbqr1k1/pp3ppp/2P2b2/1B2N3/3PQP2/6P1/PPP4P/R1B1K2R b KQ - 0 13	d8a5 c1d2 a5b5	1310	010s1c1o
5WTsD	1r2nrk1/2pq1pp1/2b4p/p3P3/2BQ1B2/1PN4P/P1P3P1/3R1R1K b - - 0 23	d7h3 h1g1 h3g2	1310	0y1315191g1o
6bMdO	r1bQ1rk1/p4pbp/1n2p1pB/1B1p4/8/2N5/PPP2PPP/2KR3R b - - 0 16	g7h6 c1b1 f8d8	1310	0g0t0w191o
6rKZt	3r3k/6pp/3B3q/4Q2P/3PP3/2P5/6PK/8 b - - 4 38	h6d6 e5d6 d8d6	1310	010p1o
8Fjzc	8/1p3kp1/P3p1n1/1P5p/4PP2/3RBKP1/2r4r/R7 b - - 0 37	g6h4 g3h4 h2h3	1310	0p13151n1o
91IHp	1r5k/3bq1p1/1n1p1rP1/1p1Pp1p1/2p1P3/5P2/PPK1B3/4Q1R1 w - - 0 28	g1h1 h8g8 h1h8 g8h8 e1h1 d7h3 h1h3 h8g8 h3h7 g8f8 h7h8	1310	050y111318191n1w
Cra2D	2r5/p7/R6p/2b1p1pk/1P1pP3/2r4P/5PP1/1R3K2 w - - 0 34	g2g4 h5h4 a6h6	1310	0i0p13151o
Deaam	r1b1k2r/1p2nppp/p3p3/8/1QBq1B2/N7/5PPP/5RK1 w kq - 2 16	c4b5 a6b5 b4d4	1310	010j191o
FEskE	r5k1/1Q3ppp/pn2r1b1/8/4P3/5PN1/Pq4PP/3RR1K1 w - - 0 26	b7a8 b6a8 d1d8 e6e8 d8e8	1310	060s101316191n
FMKh1	1k5r/pp4p1/2p1P2p/2b5/4p3/2B5/r4PPP/2R1R1K1 w - - 0 22	c3e5 b8c8 c1c5	1310	010j0p1k1o
GVJew	2kr3r/ppp2ppp/8/2bP4/2Pp3q/5P2/PP1KB2P/R1B1Q2R b - - 4 15	c5b4 d2d1 b4e1	1310	0g11191o1p
GgJPX	r1b2rk1/1p2bppp/p1nppnq1/8/P3P3/1PN2N2/2PBBPPP/R2Q1RK1 w - - 5 13	f3h4 g6e4 c3e4	1310	0g1c1o1t
GnH31	2r3k1/3n1p1p/p3p1p1/1p2P3/3QbP1q/P1P4P/1P4P1/2NR1R1K b - - 0 32	h4h3 h1g1 h3g2	1310	0y1315191g1o
H0eQh	3b4/6K1/3kr2p/pp2N1p1/3p4/PP4P1/2P1R2P/8 w - - 10 46	e5f7 d6d5 e2e6 d5e6 f7d8	1310	050g0j0p0s10
HHOvX	8/R1p1rkpp/5p2/8/1P1K2P1/8/P6P/8 b - - 2 39	c7c5 d4c5 e7a7	1310	0g0j0p1m1o
HZnCs	rnbqk2r/pp3pbp/3p2p1/3np3/8/2PBBN2/PP3PPP/RN1Q1RK1 w kq - 0 10	d3b5 b8c6 d1d5	1310	0g0j1c1o
IzlK6	3q2k1/5p1n/4p3/1N3n1p/8/P6P/1P2Q1PN/6K1 b - - 0 33	d8b6 e2f2 b6b5	1310	010i0p1o
KoHme	r2q1rk1/pbpn2p1/1p2p1Qp/3pP3/5b2/2PBP3/PP3PP1/R3K2R w KQ - 0 16	g6h7 g8f7 d3g6 f7e7 h7g7 f8f7 g7f7	1310	0i0y1317191w
KogJv	4r2k/1pp2Qpp/1b3nq1/pP6/P4p2/2P2N2/5PPP/4R1K1 w - - 0 24	e1e8 f6e8 f7f8	1310	0y1315191o
NAxCH	2k3r1/ppp2R2/2p5/4P3/3r1n1p/3B3P/PPP2RP1/6K1 b - - 2 23	f4h3 g1f1 h3f2	1310	010p1g1o
QlOC2	2rq1rk1/1p3p2/p1nb3p/3Qp1p1/3P2P1/P2BP1BP/1P3P2/1R2K2R b K - 0 20	d6b4 a3b4 d8d5	1310	0g0j191o
RisfM	3Q4/p3rp2/4k3/2p5/3q4/8/P4PP1/2R3K1 w - - 6 40	c1e1 e6f5 d8e7	1310	0g0i0p1o
TWLLP	r4rk1/p1p3bb/3p4/1p1PpqRn/2P1Np2/3Q1B1P/PP1B1P2/2K4R b - - 3 22	f5g5 e4g5 h7d3	1310	010j11191o
UHTjn	1br2r2/1p3p1k/p1nq4/6p1/1P3Nb1/P3PN2/5PPP/2RQ1RK1 w - - 0 20	f3g5 h7g8 d1g4	1310	0g0j191o
VNhuJ	2r3k1/1Q3ppp/8/2P5/p2BPnq1/6P1/3R3P/7K b - - 1 35	g4f3 h1g1 f4h3	1310	0p13151o
VYPZk	1r4k1/1r1n2p1/4p2P/N3p3/P1p1P2P/b1P2P1N/2K5/1R5R b - - 0 30	b7b2 b1b2 b8b2 c2d1 b2b1 d1e2 b1h1	1310	0e0g191p1w
WVFCF	3r3r/R4pkp/3bpp2/8/1pBNbP2/4P3/1PR3PP/6K1 w - - 6 29	d4e6 g7h6 e6d8	1310	0g11191g1o
XQPZy	4r2k/1p3Qp1/1pb4p/1B2Rp2/P4P1q/8/6PP/4R2K b - - 3 31	h4e1 e5e1 e8e1 b5f1 e1f1	1310	101316191y
Xq37o	5rk1/p2bp2p/6p1/8/2PqnQP1/1P6/P2B1P1P/3R2K1 w - - 1 27	f4f8 g8f8 d2h6 f8e8 d1d4	1310	01050j10191n
b9UId	1r6/3bN1k1/p6p/2p5/2PbQrP1/1B1K3P/PP2R3/5q2 w - - 0 32	e4g6 g7h8 g6h6	1310	0i1315191o
bm6A3	4r1k1/2pb1pbp/1pN3p1/p2r4/P2N4/2P5/1P3PPP/R3R1K1 w - - 1 23	e1e8 d7e8 c6e7 g8f8 e7d5	1310	0g0s1019
dmFNu	8/8/p3R2p/3p3k/4PK1P/6P1/8/1q6 w - - 0 44	g3g4 h5h4 e6h6	1310	0i0p1113151j1o
eJsb1	rB1q1rk1/pp3pp1/2n4p/2pN4/8/3P2Pb/PPP2PB1/R2Q1RK1 b - - 0 14	h3g2 g1g2 d8d5	1310	050b0g0y1c1o
fqNmK	7r/3k1b2/8/4P2n/p2B4/PrP1K3/7R/7R w - - 8 40	e5e6 f7e6 d4h8	1310	010j191o
gOicR	3r4/8/p3r1n1/2kpPp2/p4P2/1R1R2P1/1PP5/2K5 w - - 0 35	d3c3 c5d4 b3b4	1310	0p13151o
j0Qf9	r1bq1rk1/ppp1npb1/3p4/3Np3/2B1P3/3P2Q1/PPP2PPP/R3K2R w KQ - 2 14	d5f6 g8h8 g3h4 g7h6 h4h6	1310	0y101316191g
jo4P8	3R4/5p2/2n1kn1p/p1p2N2/b1P1P1p1/P4PP1/1r2P1BP/2K4R b - - 0 26	b2c2 c1b1 c6d8	1310	010w191o
l1go5	8/q6k/2p1N1p1/4Qp1p/1P5P/2K5/8/8 b - - 2 47	a7a1 c3c4 a1e5	1310	0g0p111o1p
mqAdA	6rk/2R1N1pp/b7/8/8/6QP/pq3PP1/6K1 w - - 0 41	e7g6 h7g6 g3h4	1310	0p13151n1o
qOcfU	2k1r3/ppp2Q1p/7p/5p2/8/7P/PPP2qPK/3Rr3 w - - 0 28	f7d7 c8b8 d7d8 e8d8 d1d8	1310	060p1013161n
qvaYt	4kr2/p2r1p2/4pQ1p/6q1/8/5R2/P4PP1/2R3K1 w - - 12 36	c1c8 d7d8 c8d8	1310	0p0x13151o
uSnae	rnb2rk1/ppp3pp/8/q7/1b1PB3/6P1/PPQBP2P/R3K1NR b KQ - 0 12	b4d2 c2d2 f8f1 e1f1 a5d2	1310	0g0i101c
w6O6V	3r2Q1/1p1k4/1Pp1p3/2P1P1pp/8/6P1/6PK/r3q3 w - - 4 40	g8f7 d7c8 f7c7	1310	0p13151o
yEwmB	6k1/Q4pp1/2rq3p/1p6/3p1P2/P6P/B4PK1/2R5 b - - 0 32	d6g6 g2h2 c6c1 a7a8 g8h7	1310	0g0p10
zX5TF	r2q3r/p4pk1/3p1np1/np1Pp3/2p1P2N/8/PPPQNPP1/R3K2R w KQ - 1 20	h4f5 g6f5 d2g5 g7f8 h1h8	1310	0g0i10191n
5ObRv	5rk1/4ppbp/rp4p1/p2pN3/Nq1PnB2/4P3/P4PPP/1R1Q1K1R b - - 9 18	e4d2 f1e2 d2b1	1311	010s191o
7uS9R	8/4k1K1/4PR2/8/4q1p1/7p/3R4/8 w - - 0 60	d2d7 e7e8 f6f8	1311	0p13151j1o
BfqjI	4r3/3k1p2/p1p5/3p4/2p4Q/P2P3P/1qPK1PP1/1R5R b - - 1 27	c4c3 d2d1 b2b1	1311	0p0v13151o
EvTJf	2kr4/ppp2pp1/2p1P3/8/6Q1/2NPK3/PPP4r/q7 w - - 0 23	e6e7 f7f5 g4f5 c8b8 e7d8q	1311	000i0j0k0p1013161h1k
Fb9yA	1q4k1/5pp1/n1PQp2p/8/5P2/6P1/7P/6K1 w - - 1 40	d6b8 a6b8 c6c7 b8d7 c7c8q	1311	000g0p101h
FlgYl	8/2Q2ppp/P3pk2/6q1/5n2/5P2/5PBP/6K1 w - - 3 30	c7d8 f6f5 d8g5	1311	0g0p111o
H0BfM	8/p4p1p/2b1pk2/8/1QP5/3q3P/5PP1/4R2K b - - 4 28	d3h3 h1g1 h3g2	1311	0p13151g1o
KeGnk	r1b2rk1/4bppp/p2qp3/1p6/4n3/3B4/PPP1QPP1/R1B2RK1 w - - 0 17	e2e4 f7f5 e4a8	1311	011c1o
Ls78I	7k/4n1p1/p3P1pp/3r2r1/1P5Q/3q2PP/1B4PK/R7 w - - 5 35	h4h6 h8g8 h6g7	1311	1315191g1o
Mo1Zb	5r2/1bpn2kp/pp6/3Pp3/PPB1q3/5RP1/2P3QP/6K1 w - - 0 26	f3f7 f8f7 g2e4	1311	0e0g0j191o
NxSsb	rnb2r2/ppp2pkp/5qp1/4Q2P/8/2N2P2/PPP1PnP1/2K1RBN1 w - - 1 15	h5h6 g7h6 e5f6	1311	0g0i111c1o
ONdpt	r1b2rk1/ppppqpp1/1b6/6Np/2nPP3/2P5/PP2Q1PP/RN2K2R w KQ - 0 14	e2h5 e7g5 h5g5	1311	0g1c1o
OVmi1	7k/2b3R1/2P4p/p2p3b/P2P1r1q/2P2p2/2Q2P1P/6RK b - - 0 28	h4h2 h1h2 f4h4	1311	050k0m1315191f1n1o
OkHVf	8/5k1K/p5p1/1p4P1/5p1P/PP6/8/8 w - - 1 46	h4h5 f7e7 h5g6	1311	0g0p1e1o
P8uZ7	r1b2rk1/pp2n1Bp/1qpp2PQ/8/4P3/1Pp5/1PP1N1P1/R3K2R b KQ - 1 17	b6f2 e1d1 f2f1 h1f1 f8f1	1311	0r101316191n
PZKZu	1k1r1q2/pp4rp/7Q/3Bp3/4p3/2N2bP1/PPP4P/R4RK1 b - - 3 24	g7g3 h2g3 f8h6	1311	0g0j191o
QbUV4	k4r2/1p2R3/p7/R5p1/1n6/6P1/7P/6K1 b - - 1 35	b4c6 a5a6 b7a6	1311	010p0s1o
SztA3	8/8/6p1/R4P2/PP4pk/5P1P/r5PK/8 b - - 0 42	g4g3 h2g1 a2a1	1311	0p13151m1o
TFKzI	8/1r5k/1p1R4/1Pp3PN/2P5/6P1/r4nK1/7R b - - 2 47	f2e4 g2h3 e4d6	1311	010j0k0p1o
UBnAe	8/5r2/3P3k/P1R4p/r7/6K1/P2R3P/8 b - - 2 42	a4g4 g3h3 f7f3	1311	0p13151m1o
USVN0	8/8/5P2/4K1P1/7k/8/8/5r2 w - - 0 84	g5g6 h4g5 g6g7	1311	000g0p1m1o
UkYuh	r5k1/p4ppp/2p1r1n1/1p3Q2/8/2q3N1/P5PP/3R1R1K w - - 2 24	f5f7 g8h8 f7e6	1311	0g0s191o
VYVOH	2r2r2/1b3p1k/p2qp1p1/1p4P1/3npPN1/2P1P3/PP5P/R4QK1 w - - 0 22	f1h3 h7g7 h3h6 g7g8 g4f6	1311	10131619
aJ530	r2qkbnr/ppp1pppp/4b3/8/2Q1P3/2N5/PPn1KPPP/R1B2BNR w kq - 3 8	c4a4 e6d7 a4c2	1311	010s1c1o
cqz44	r7/4kP2/8/7P/8/qPrB4/p1P5/K1NR2R1 b - - 0 44	a3b2 a1b2 a2a1q	1311	00050x1315191h1o
el86H	r4r2/pbpk3B/1p2p3/3qB1Q1/3P4/5p2/2R4P/5RK1 b - - 2 23	f3f2 f1f2 d5h1	1311	000d1315191o
faJox	2kr3r/p1p5/2p2qp1/3p1b1p/Q1N5/2P5/PP4PP/R3R2K w - - 0 21	a4a6 c8d7 c4e5 f6e5 e1e5	1311	0g10191k
fbiFi	rn2k2r/5ppp/b1p1p3/3pN3/Pq1Pn3/1B2PPP1/1P1N3P/R2QK2R b KQkq - 0 16	e4d2 d1d2 b4b3	1311	010b191o
fpsjK	3r2k1/ppqrbppp/1np1p3/4N3/3PP3/2PQB2P/P4PP1/1R1R2K1 b - - 6 18	c7e5 d4e5 d7d3 d1d3 d8d3	1311	011019
ghn1N	8/4R3/pkp5/5R2/6K1/2q3P1/8/8 b - - 3 46	c3b4 f5f4 b4e7	1311	0g0p0s1j1o
hVKql	6k1/1p3pp1/p2pr2p/3R4/1PP1Pq1r/P4P1P/5PB1/3Q3K w - - 7 34	d5f5 h4h3 g2h3	1311	010p1o
hpBup	2r1k3/pp1b1p1p/5pr1/3qp3/4N3/4R3/PQ3PPP/R5K1 w - - 8 21	e4f6 g6f6 e3e5 d5e5 b2e5	1311	010j0s1019
iEJIm	r3b1k1/1pp3pp/pb6/3nNQ2/1P1P2P1/P6q/5P2/R4RK1 w - - 2 26	f5e6 g8h8 e6d5	1311	010s191o
idPZN	8/4R3/B5kp/2p1P1n1/5K1P/2r5/8/8 b - - 0 33	c3f3 f4g4 h6h5	1311	0p13151o
j6uGd	2brr1k1/ppq2pbp/2p3p1/2n2p2/2NP1N1P/2PQ2P1/PP3PB1/3RR1K1 w - - 1 19	e1e8 d8e8 d4c5	1311	0g1112191o
j9EUE	r5k1/1pp3p1/1p4Q1/3pP3/1P4nq/P2B4/2P5/5RK1 w - - 4 28	g6f7 g8h8 f7f8 a8f8 f1f8	1311	0p1013161f1n
jISAh	4Q3/pp4p1/2p4k/3p2n1/3P4/2P3q1/PP4P1/3B2K1 b - - 3 40	g5h3 g1h1 h3f2	1311	0g0p1g1o
joqVf	3r3k/1pb1r1p1/p6p/3Q1p2/8/2P4P/PP1K1PP1/R3R2q w - - 2 31	d5d8 c7d8 e1h1	1311	01191o
km9B1	2k5/p1n3p1/PpB3p1/4p3/4Pp2/5P2/r5PP/3R1K2 w - - 1 33	c6b7 c8b8 d1d8	1311	0p13151o
kwbeb	r6r/1p1k1pp1/6n1/pPbp3p/5BP1/5P2/P1P1N2P/2KR3R b - - 1 20	g6f4 e2f4 c5e3 c1b1 e3f4	1311	010s1019
lhGTy	2r3k1/5pp1/5r1p/p1q5/2p5/P1R3P1/3Q1P1P/2R3K1 w - - 0 31	c3c4 c5c4 c1c4 c8c4 d2d8 g8h7 d8d3	1311	010p1w
nYxEF	2r3k1/1R3pp1/p6p/8/2p5/4P3/PP4PP/1r2BK1R b - - 4 28	c4c3 b2c3 b1b7	1311	010p1o
qqX1m	r4rk1/ppp2pp1/7p/3nP3/3P4/2PB2RP/P3qP2/2K3R1 w - - 0 21	g3g7 g8h8 g7h7	1311	0y1315191d1o
sHzer	6k1/1b4p1/4pp2/p3Bn1Q/1p3P1p/1BP4P/PP3qPK/8 w - - 2 35	b3e6 g8f8 h5f7	1311	0p0s13151o
vUI4T	6k1/5pp1/4b2p/4pN2/1p6/1P1Q1P1P/1q4P1/5K2 w - - 2 36	f5e7 g8h8 d3d8 h8h7 d8g8	1311	0p101316
wNBoO	r4rk1/2p2pb1/p2p2n1/1p1Pq1PR/4P3/1P6/P1P1B2Q/1K5R w - - 5 29	h5h8 g7h8 h2h7	1311	0d0y1315191n1o
wi5DW	8/5pk1/5Np1/3K1nP1/3p1P2/5r2/8/7R w - - 0 39	h1h7 g7f8 h7h8 f8e7 h8e8	1311	0p0u101316
xlZG2	5rk1/5ppp/8/3p4/P3p1PQ/1P2P2P/2RPqP2/6K1 b - - 9 41	e2d1 g1g2 d1c2	1311	0g0p0s1o
z7dof	8/p2r1p1k/1p2pQpp/2qr4/5P2/1P2P2R/P5PP/4R1K1 w - - 6 27	h3h6 h7h6 f6h8	1311	050p13151n1o
02Ojk	r1bq2k1/pp1nbr1p/2p1pn1p/2Pp1pN1/3P4/2N4P/PPQ1PP2/R3KBR1 w Q - 0 13	g5e6 g8h8 e6d8	1312	010j0k0y1c1o
0LIYZ	r2r2k1/1Q3R1p/p5pB/8/2n3NP/2b5/PPP2P2/1K6 b - - 0 24	d8d1 h6c1 c4d2 b1a1 d1c1	1312	0i101316191k
0WO7U	8/8/pp6/4k2p/PP4pP/3K2P1/8/8 b - - 0 46	e5d5 d3e3 d5c4	1312	0g0p1e1o1z
1DN8z	3r4/pR1Pkp2/3r1npp/4N3/4p3/6P1/5PP1/3R2K1 w - - 6 34	d1d6 e7d6 e5f7 d6e7 f7d8	1312	01050p0s1011
2ypNM	3q1r2/5pk1/p4np1/4Q2p/Pp5P/1P5N/2P3P1/1K2R3 b - - 0 27	f8e8 e5e8 f6e8	1312	0g0p1o
47ki6	2k3r1/ppp4p/1b6/3B4/3P1Q2/2P2p1q/PP3PrP/4R1RK b - - 0 26	g2g1 e1g1 g8g1 h1g1 h3g2	1312	050y10131619
4cDeI	6r1/5r2/1k1p1p2/1p1P1P2/4PKN1/2P5/1R6/8 w - - 4 50	g4h6 f7g7 h6g8	1312	010p0s1o
4lKO6	8/p2r3p/1p2pp1k/8/4b3/P3N3/5P1K/6R1 w - - 4 34	e3g4 h6g5 g4e5 g5f4 e5d7	1312	010j0k0p0r10
71esD	3r4/1RRp1p2/1pnkp3/6N1/2P4p/3K4/5rPP/8 w - - 2 40	g5e4 d6e5 e4f2	1312	010p0s1o
7dEFt	5r1k/3nqrRP/1p3n1Q/p7/8/P3p3/1PP5/2K3R1 w - - 0 35	g7g8 f8g8 h7g8q	1312	000k0m1315191h1o
BvJoi	2rr3k/5pp1/4p3/pp6/3Q4/4P2P/PP4q1/K2R3R w - - 2 24	d4h4 h8g8 d1d8 c8d8 h4d8	1312	0g0j0p10
DFY3x	2bk2r1/rp3p1p/p4p2/b2N4/8/8/PP2BPPP/2RK3R w - - 1 19	c1c8 d8c8 d5e7 c8c7 e7g8	1312	050g0r0s10191n
DjaAl	5rk1/q4ppp/3Q1n2/1pn5/8/P3RP2/1P4PP/3R3K w - - 3 34	d6f8 g8f8 d1d8 f6e8 e3e8	1312	0510111316191n
EkRq7	r5k1/qpp2ppp/r7/6PP/1n1Q1P2/1P2P3/1BPP4/1KR3N1 b - - 4 24	a6a1 b2a1 a7a2	1312	0d1315191k1n1o
Fcnrx	3r1b1k/pb1nR3/1p1P1nQp/2q5/8/1BN4P/PP3PP1/6K1 w - - 0 26	e7h7 f6h7 g6g8	1312	0y1315191n1o
GMQt8	k2r3r/p5pp/4Q3/8/1q3B2/8/P4PPP/1R4K1 w - - 0 24	e6c6 b4b7 c6b7	1312	0p13151o
GmTXB	r7/1p3kpp/4bp2/p1p5/PnB5/7P/1PP2PPB/3R2K1 w - - 4 32	d1d7 f7e8 c4e6	1312	0g0i0p1g1o
HKAWv	8/3q1ppk/7p/8/4P3/RbR2N2/5PP1/6K1 b - - 3 32	d7d1 g1h2 d1d6 e4e5 d6a3	1312	010p0s10
KRX75	4R3/8/1P3p1p/2p3P1/2P1P1Bk/5P2/6PK/1r1q4 w - - 5 50	g2g3 h4g5 e8g8	1312	0p1113151f1o
Llpip	r1b1kb1r/pp1p1ppp/5n2/q2Pn3/1P6/P1N5/5PPP/R1BQKBNR b KQkq - 0 9	f8b4 a3b4 a5a1	1312	011c1g1o
NFKOq	3q3r/5p1k/p2P2p1/1p6/2p2Q2/2P5/2B3PK/1N6 w - - 9 43	f4f7 h7h6 f7g6	1312	0p1113151o
OxEKp	8/7p/6pk/P2q4/1Q1n4/KR3PP1/1P6/8 b - - 2 47	d4c2 a3a4 c2b4	1312	010p0s11121o
Pgfvh	2q2r1k/1p3p1p/p4b2/4pP1Q/4P3/6R1/PP1p1P1P/2r3RK w - - 0 27	h5h7 h8h7 g3h3 f6h4 h3h4	1312	050y101316191n
Rdoow	r4rk1/1b3pp1/p3p2R/q3P1N1/3PP1QP/4K3/P1pp2P1/R7 w - - 0 29	h6h8 g8h8 g4h5 h8g8 h5h7	1312	050y101316191n
SpcIL	1r5r/pR3p2/B1pk4/p3q1p1/6P1/2P3QP/P4P2/6K1 w - - 0 33	b7d7 d6d7 g3e5	1312	0g0i0p1o
SvRuG	r7/2pp3R/bp3pk1/p1b1p3/P6R/P4N2/2P2PrP/2B1K3 w - - 3 32	h4h6 g6f5 f3h4 f5e6 h4g2	1312	010s1019
TdQqJ	3k1r2/p1p3R1/2p5/2PpQ3/3P3p/3KPq2/PP1B4/8 b - - 9 36	f3f1 d3c2 f1c4 c2d1 f8f1 d2e1 c4d3 d1c1 f1e1	1312	0i0p13181g1w
UTtxJ	r1b1N2k/p2p1r1p/1p3P1p/4p3/2q1P3/6Q1/P5PP/5R1K w - - 0 25	g3g7 f7g7 f6g7 h8g8 f1f8	1312	000y101316191n1x
Vocs5	r4k2/2R2pp1/p6p/3p1q1N/3Pp3/3b2Q1/1r4PP/2b4K w - - 0 34	g3g7 f8e8 g7g8	1312	1315191o
X70BU	r4rk1/pR4p1/2n1p1Qp/2p1P1q1/P1Pp4/8/P4PPP/5RK1 w - - 0 24	b7g7 g8h8 g7h7	1312	0y1315191o
YFIsD	8/8/p2r1pp1/1pRPp3/1P3k1P/P4Pp1/4K3/8 w - - 2 40	c5c6 d6c6 d5c6 g3g2 e2f2	1312	0g0p101m
YzT1V	2kr3r/ppp2p2/2npq2p/5p2/Q1P1p3/3PP1PN/PP2b1BP/R4RK1 w - - 0 17	h3f4 e6e7 f4e2	1312	010s191o
ZGF9O	8/7r/3k4/4p3/2K5/8/R7/8 w - - 0 56	a2a6 d6d7 a6a7 d7e6 a7h7	1312	0g0p10111m1p
aD8CP	rn2k2r/ppq2ppp/4pn2/3pN3/1b1P4/2N4P/PPP1QPP1/R1B2RK1 w kq - 1 11	e2b5 b8c6 e5c6 c7c6 b5b4	1312	0b0g0s101c
aIFw3	r2b2rk/5p1p/p4p2/3R4/5q2/1P4NP/PQ3PPK/5R2 b - - 0 26	g8g3 f2g3 f4f1	1312	010b191o
b7zFf	7r/5pk1/8/p4Rp1/2Q1P1q1/P7/2Pr2PP/6RK b - - 2 32	h8h2 h1h2 g4h4	1312	050p13151n1o
bPhHe	1r5k/7p/p4R1P/4pPp1/4P3/q7/Q7/K6R b - - 0 38	a3c3 a2b2 c3b2	1312	0p1113151o
ctYdg	2k5/p1p2pQp/1p2p3/1Pn5/8/5B1P/2P2PP1/r1q2NK1 w - - 1 30	g7f8 c8d7 f3c6	1312	0p13151o
dFGAt	2r3k1/pp1n2pp/5p2/3NrR2/6P1/2P4P/PP6/5RK1 w - - 1 24	f5e5 d7e5 d5e7 g8f7 e7c8	1312	0g0p0s10
iqhrC	8/8/1p1r1kp1/p6p/3RKP1P/1P6/P7/8 b - - 2 44	d6d4 e4d4 f6f5	1312	0g0p1m1o
jFFKU	r3r1k1/1pqb1ppp/p2b4/2pN4/2P2P2/1P1P3P/PB2Q1P1/3RR1K1 b - - 1 20	e8e2 d5c7 e2e1 d1e1 d6c7	1312	010y1019
jbX26	2r3k1/p3R1pp/8/8/5P2/6PP/Pr4R1/5K2 b - - 3 31	c8c1 e7e1 c1e1 f1e1 b2g2	1312	0g0p0r101m
jqTBE	2k4r/ppp3pp/2nbR3/3q4/7B/3P1r2/PP2QPPP/R5K1 w - - 0 17	e6e8 c8d7 e8h8	1312	0g11191o
kd49z	1r2r1k1/pp3ppp/8/4n1q1/8/2Q1P1P1/PB3P1P/1R3RK1 w - - 1 21	f2f4 g5g6 f4e5	1312	010s191o
ke4cw	r3r1k1/pp3pp1/2pb3p/3p4/1P1P2n1/2Q1PN1q/P2N1P2/2R1RBK1 b - - 3 18	d6h2 g1h1 g4f2	1312	0i0y1315191o
mJMLY	8/1R4pk/5q2/3p3p/4p3/4Q2P/4KP2/8 b - - 3 41	f6a6 e2d2 a6b7	1312	010p0s1o
mPnmB	1r4k1/4pp1p/pq1p1np1/3P4/1Q2P3/1N1b3P/5PPB/2R3K1 w - - 7 25	c1c8 g8g7 c8b8 b6b4 b8b4	1312	011019
oSHbq	rn1q3r/pp2kp2/1bp1p3/3pPp2/3P1P2/2P2Rp1/PP2B1P1/RNBQ2K1 b - - 1 15	h8h1 g1h1 d8h8 h1g1 h8h2 g1f1 h2h1	1312	050y1317191n1w
ps8af	r1b2rk1/p1p2ppp/n1B5/3p4/1Q6/P2P4/2P2PPP/q1B1R1K1 w - - 1 16	b4f8 g8f8 e1e8	1312	050y1315191d1n1o
qSbeZ	4nrk1/ppr1Qppp/4P3/8/3K4/3P1B1P/P4PP1/2q5 w - - 1 30	e6f7 f8f7 e7e8 f7f8 f3d5 c7f7 d5f7 g8h8 e8f8	1312	000p0s13181g1w
rCe4l	6rk/b1p3pp/p7/1p2Q3/1P6/P1Bq1r1P/3P1PP1/4R1K1 w - - 0 25	e5g7 g8g7 e1e8 f3f8 e8f8	1312	0d0y101316191g1n
sm9NT	4R3/4p1R1/3pk2K/r7/5p2/p6P/5r2/8 w - - 0 41	e8e7 e6d5 g7g5 d5c6 g5a5	1312	010p101m1p
tnAlp	r1b2r2/pp4kp/1q2n1p1/8/4BP1b/1PP4P/P2BQP2/RN2R1K1 b - - 2 26	e6f4 d2f4 f8f4	1312	01191o
uWKVC	r1bqnrk1/ppp1n1b1/3p4/2PPp2P/4P3/2NB1pP1/PP1BN2P/2RQK2R b K - 0 17	f3f2 e1f1 c8h3	1312	0013151c1o
uZr9G	8/7k/2pq2pp/p4Q1P/n1P1p3/6P1/5PK1/8 w - - 0 48	f5f7 h7h8 h5g6 d6g6 f7g6	1312	0g0i0p10
uzyGQ	8/7p/2k2Kp1/1n4P1/p6P/P3N3/8/8 w - - 2 42	f6g7 b5a3 g7h7	1312	0g0p0z111o
vFMo5	Q7/2q1kr1p/p2p1p2/5P2/1P3p2/8/P1p3PP/2R3K1 w - - 0 25	c1e1 e7d7 a8e8	1312	0p13151o
0InPz	rnbqkb1r/pp4pp/4p3/2ppP3/4n3/3B1P2/PPP3PP/RNBQK1NR b KQkq - 0 7	d8h4 g2g3 e4g3 h2g3 h4h1	1313	0g101c1g1t
0Qzi9	r3k3/3qn1br/pp1Q4/3P1p2/N3p1p1/8/PPP2PPP/3R1RK1 w q - 1 26	d6d7 e8d7 a4b6 d7d6 b6a8	1313	01050r0s1019
16IEJ	1n3rk1/3r1ppp/p1q5/1pQ1R3/8/1N6/PPP3PP/4R2K w - - 3 21	c5f8 g8f8 e5e8	1313	050y1315191n1o
18uS5	3rr1k1/pB3ppp/5n1B/8/2P5/1P4Q1/P4PPP/q4RK1 b - - 4 20	a1f1 g1f1 d8d1	1313	050y1315191n1o
1jX9w	1k3r2/p5r1/Pp1nq3/3pN3/1P1QppPp/8/7P/3R1RK1 w - - 0 34	e5c6 b8c7 d4g7	1313	0g0j11191o
34yw7	2R5/7k/p3N1p1/5p2/8/4nNb1/P5r1/7K w - - 6 42	f3g5 h7h6 c8h8	1313	020p13151o
3eA9v	r3k2r/1ppb1pp1/2n4p/p7/3P4/P1b1BN1P/q1P1Q1P1/2KR1B1R w kq - 1 18	e3d2 c6e7 d2c3	1313	010j0k191o
6N7Op	2kr3r/pp3p1p/1qpb1p2/3p4/2nP4/2NRPN2/PPQ2PPP/1K5R b - - 4 15	c4a3 b1c1 a3c2	1313	0g11191g1k1o
6tdn0	4r1k1/pp1brp2/2p2b1p/6p1/2PPBP1q/1P1Q3P/P3R1PK/2R1B3 b - - 1 23	h4f4 e1g3 f4c1	1313	0g0s191o
9erFh	r1bqk1nr/ppp4p/1b4p1/3Pp2Q/4P3/2N5/PP3PPP/R3KB1R w KQkq - 0 12	h5e5 e8f8 e5h8 d8f6 h8f6	1313	010s1019
ByhgO	k1r3r1/1b4Np/p1qR2p1/4Q3/8/1P2P3/6PP/6RK b - - 2 28	c6g2 g1g2 c8c1 d6d1 c1d1	1313	0d101316191g1n
F9BTa	1r2q2k/2p2rp1/p3N1np/Pp2pp2/1P6/1QP4P/3R1PP1/3R2K1 w - - 2 28	d2d8 b8d8 d1d8 e8d8 e6d8	1313	0g10191g
HfeK4	1r3rk1/5ppp/1B2p3/p3P3/2p2P2/b1P5/P5PP/1R3RK1 b - - 5 25	b8b6 b1b6 a3c5 g1h1 c5b6	1313	050g0p0s101n
I7nAt	2bk1r2/3nbppp/N3pn2/4N3/2p2B2/2P5/Pr3PPP/R2R2K1 w - - 0 21	e5c6 d8e8 a6c7	1313	1315191o
IdXQr	4rk1r/pp3p1p/3R4/2qp1B2/5B2/6P1/PPP4P/2K1R3 w - - 2 26	f4h6 f8g8 e1e8	1313	0i1315191f1o
Jd5Dv	r2q1rk1/pppbbppp/n2p4/3P4/3P4/1Q3N2/P2N1PPP/R1B1R1K1 w - - 3 14	b3b7 d8c8 b7c8 d7c8 e1e7	1313	01101c
KV83V	1k6/pp5p/4N1p1/8/4P3/P4P1P/1PRn2PK/3r4 b - - 0 26	d2f1 h2g1 f1e3	1313	010j0k0p1o
LhuHx	2r3k1/4q3/p1r1pp1p/1p1pQnp1/8/1P1N4/P1PRRPP1/6K1 w - - 0 33	e5f5 e6f5 e2e7	1313	010j191o
NrIds	r2q3k/p1p1rQ2/1p3R1p/6p1/2P5/2PbP1P1/P5PP/R5K1 w - - 3 23	f6h6 d3h7 h6h7	1313	0y1315191o
O0ydb	r7/3kn1Qp/2q1p3/8/3P4/p3P3/R3KPPP/3R4 b - - 1 27	c6c4 e2e1 c4a2 d4d5 e6d5	1313	0g0p0s10
O4S8C	r2q1r2/3k2N1/2pp1n1Q/1pb1p3/4P3/1pN5/PBPP1P2/1K4R1 w - - 0 24	h6h3 d7c7 g7e6 c7b6 e6d8	1313	0g0s1019
PoFLT	6k1/1p3ppp/p1pr2n1/3p4/1P1N4/2P4P/P3RPP1/6K1 w - - 0 27	e2e8 g6f8 d4f5 d6d7 f5e7 d7e7 e8e7	1313	0g0p111w
Q3jlK	7k/r5q1/8/2QPpP1P/pp2P3/1P1P4/P7/2KR4 b - - 0 31	a7c7 c5c7 g7c7	1313	010p1g1o
QMqw0	6k1/ppp1Qr1p/3p2p1/4n3/P3q3/7P/2P3P1/5RK1 w - - 0 34	e7e8 g8g7 f1f7 e5f7 e8e4	1313	0g0p10
Qgq37	r4r2/p4pkp/1pQ5/8/8/8/q4P1P/1R5K w - - 0 24	b1g1 g7h8 c6f6	1313	0p13151o
SYb2E	8/pp6/3q2p1/3n1pkp/3Q4/1P3P1P/P5P1/7K w - - 8 42	h3h4 g5h6 d4h8	1313	0p13151o
TXEaK	6k1/8/3P3p/2P2P2/6PK/8/4p3/r3B3 w - - 2 53	d6d7 a1d1 c5c6	1313	000g0p1o
Tie3s	2kr3r/ppp3pp/4Pp2/2b5/2BnNB2/2N3PQ/PPq2n1P/4R2K w - - 4 20	e4f2 c2f2 e6e7	1313	00010j0k191o
TkYlC	3kr3/3n1ppp/2p5/8/1R3P2/8/rPP3PP/2KR4 w - - 0 24	b4b8 d8e7 d1e1	1313	0g0p1g1o
X8cfw	2k4r/n1p5/1p1p4/7p/2qPQ2P/6p1/6P1/1R4KR w - - 0 32	e4a8 c8d7 a8h8	1313	0g0p0s1o1p
Yjdlz	8/5k2/3PR1pp/4K3/2p5/8/PrP3PP/8 b - - 0 45	b2b5 e5d4 f7e6	1313	0g0i0p1m1o
Z9e7F	r5r1/1p1qbppk/3p1p1p/p2P1N2/4P2Q/6RP/5PP1/5RK1 w - - 9 24	g3g7 g8g7 h4h6 h7g8 h6g7	1313	05101316191n
ZVLbN	5N1k/4q1pp/8/5p2/5n2/5P2/QPP2P1P/5RK1 b - - 0 25	e7g5 g1h1 g5g2	1313	0p13151o
cI35V	r2qk2r/p1b2pp1/1ppnN2p/3n1b2/8/3P3Q/PPP2PPP/RNB2RK1 w kq - 1 18	e6g7 e8f8 g7f5 d6f5 h3f5	1313	01101c
eYjxl	r1b1k1r1/1p1p1p1p/p1q1p3/4B1n1/5P2/8/PPP1B1PP/R2Q1RK1 b q - 0 14	g5h3 g1h1 c6g2	1313	0y1315191g1o
ez6e1	2krr3/p4pp1/1p2p1bp/4N3/1Q2n1P1/1N2P2P/PPq2P2/2R1K1R1 b - - 3 21	d8d1 c1d1 c2f2	1313	041315191n1o
hzGpg	2kr1b1Q/pp1b1pp1/4p2B/2qp4/8/3P3P/PP4PK/RN3R2 b - - 0 17	f8d6 h2h1 d8h8	1313	0g0j191o
lC2oO	r5k1/3b2pp/pqp2r2/3pp3/8/1PN5/P2Q1PPP/2R2RK1 w - - 0 20	c3d5 c6d5 d2d5 b6e6 d5a8	1313	0g0s1019
llpu6	4qrk1/8/Q6p/2N5/PpPb1r2/8/1PP3PP/1R2R2K b - - 0 30	e8e1 b1e1 f4f1 e1f1 f8f1	1313	06101316191n
mibvp	r4rk1/1pp2ppp/p1npbq2/2b1n3/2P1N3/PP2PN1P/4BPP1/R1BQ1RK1 b - - 2 12	e5f3 e2f3 f6a1	1313	010j191o
mxYjB	6rk/6pp/n7/2pPQ3/4PNP1/5P2/1P1K4/5q2 w - - 0 34	f4g6 h7g6 e5h2 f1h3 h2h3	1313	0d0p1013161n
n0P7K	3r3k/p4bp1/2N5/4P1Pp/Pq6/4QP2/6KP/3R4 b - - 0 41	b4b2 e3f2 b2f2 g2f2 d8d1	1313	010p10
nz1Do	r2qk2r/5pp1/2pp2bp/p7/np1p2Pb/4B2P/BPPNQP2/2KR3R w kq - 0 19	e3g5 e8d7 g5d8	1313	0g0j0k191o
oguW4	8/6p1/PR5p/5k2/7K/r6P/8/8 b - - 0 44	g7g5 h4h5 a3h3	1313	0i0p13151m1o
sVkAX	r4knr/p2b1p1p/2pb1qp1/1B1p4/3Q4/2P5/PP3PPP/RNB1R1K1 w - - 4 13	c1h6 g8h6 d4f6	1313	0g0i1c1o
tYgOV	3Q2k1/4pp1p/1qN3p1/4N1b1/8/r3P3/5KPP/2R5 b - - 7 32	b6d8 c6d8 g5e3 f2f1 e3c1	1313	010s1019
uLolY	1r2k2r/3nppbp/p2p1np1/2p5/2P1P3/1qQPBN2/1PNK1PPP/2R4R b k - 3 16	f6e4 d3e4 g7c3	1313	0g0j191o
uY5pR	2r1rk2/1b3pp1/pp2pq2/n7/4B3/P3QN2/1P1R1PPP/3R2K1 b - - 0 22	a5c4 e4b7 c4e3	1313	010s191o
vieBA	8/6P1/8/7R/4pp1P/7k/7r/6K1 b - - 0 48	h2g2 g1f1 g2g7 h5e5 e4e3	1313	0g0p101m
wcMU7	6k1/1P2Q1b1/8/p2P4/3P4/1P2R3/1K6/2r2r2 b - - 0 50	g7d4 e3c3 d4c3 b2a3 c1a1	1313	0p0s1013161f
wpoT5	8/r6k/5KRp/p3P3/P7/8/8/8 b - - 4 56	a7a6 e5e6 a6e6 f6e6 h7g6	1313	0g0i0p101m
xuHBM	3r1r1k/p4p2/5p1p/7Q/6R1/1B2q3/PPP2bPP/1KR5 b - - 9 25	e3c1 b1c1 f2e3 c1b1 d8d1	1313	0506101316191n
z2uKd	8/R6p/3p1kp1/4b3/4K3/2p3P1/P4P1P/8 b - - 0 38	c3c2 a7c7 d6d5 e4d3 e5c7	1313	00010j0p10
z6XGv	4rk1r/pp1q2b1/3pRnPp/2p5/8/2P4Q/P5PP/RNB3K1 w - - 1 21	e6f6 g7f6 h3d7	1313	0g0j191o
zZ79l	R7/6R1/3k4/3p1PpN/3Pp1n1/3b2K1/8/1r6 b - - 1 50	b1g1 g3h3 d3f1	1313	0p13151a1o
0zwNg	4nk2/p2pR1p1/1p1P3p/4Q1q1/5n2/5P1P/PB3P2/5K2 b - - 6 27	g5g2 f1e1 f4d3 e1e2 d3e5	1314	0g0p0s10
16Ioh	6k1/2p3qp/r1n3pQ/p1Ppn1N1/5r1P/P4P2/3N2P1/R3R1K1 w - - 1 24	h6g7 g8g7 g5e6	1314	050g0y191o
2HaJH	6rk/Q5pp/2R5/7q/8/5P2/PP3P1P/5K2 b - - 0 31	h5b5 f1g2 b5c6	1314	010p0s1o
2NdvG	5r1k/pp1np1bp/3q2p1/3p2N1/3p4/1P4nB/PBP4P/3R1RK1 w - - 0 27	f1f8 d7f8 g5f7 h8g8 f7d6	1314	010s1019
2TSdB	r4r1k/1bq3pp/3p1p2/pp2pP2/4P2Q/1BP2R2/P1P3PP/4R2K w - - 0 20	h4h7 h8h7 f3h3	1314	050y1315191f1n1o
413kt	2rq1rk1/pb3pp1/1p2pn1p/8/3P2N1/2N5/PPQ2P1P/1BR1n1K1 w - - 0 21	g4f6 d8f6 c2h7	1314	0y1315191o
4Ujfb	N1bk1b1r/pp1p1ppp/5n2/4q3/3B4/8/P1P1PPPP/R2QKB1R b KQ - 3 12	f8b4 c2c3 b4c3 d4c3 e5c3 d1d2 c3a1	1314	0g0i0s1c1w1y
6TklL	4Q3/6pk/P5rp/3p4/4P1qr/7P/1PP3P1/R4BRK b - - 0 31	h4h3 g2h3 g4g1	1314	1315191o
6hNtw	r4r1k/pp3pp1/4p2p/3n4/8/P1B2qPQ/1P5P/4R1K1 w - - 3 29	h3h6 h8g8 h6g7	1314	1315191g1o
8nSE7	4r1k1/pp2Rppn/6qp/4P3/7P/4NN1b/PP3PP1/3r1RK1 w - - 0 21	e7e8 h7f8 f1d1	1314	0g0t0w191o
AKT0Q	r3r1k1/2pnqppp/p1b5/1p3PQ1/4N3/1B5P/PPP3P1/4RRK1 b - - 2 23	c6e4 g5e7 e8e7 e1e4 e7e4	1314	011019
BFmi1	2r3k1/5ppp/4r3/p2p4/1ppR4/4P1P1/PP3P1q/Q1R2K2 w - - 0 38	d4h4 h2h4 g3h4	1314	010p1o1t
CXy01	2r1k2r/1b3ppp/p2pp3/1p3Nb1/2q1P3/2Nn1P2/1PP2B1P/3Q1RK1 w k - 0 22	f5d6 e8f8 d6c4	1314	010s191o
Edyjx	rn4nr/pp2k1pp/2ppP1q1/8/3Q3b/2N4b/PPP2PPP/R1B2RK1 w - - 1 12	d4h4 g8f6 h4h3	1314	010s0t1c1o
Fda64	8/2k5/1p6/p4rp1/6P1/P1K2P2/1P6/8 w - - 0 46	g4f5 c7d6 c3d4	1314	0g0h0p1o
G7kfw	5rk1/6bp/p2p2p1/1p1Pp1B1/1n2P1Q1/3q4/P5PP/5RK1 w - - 3 27	g4e6 g8h8 f1f8 g7f8 g5f6 f8g7 e6e8	1314	0i0y1317191w
GQBV3	8/p2Q1P1p/k1pb4/B1p2P2/2Pp4/3P2qP/8/5K2 w - - 11 47	d7c6 a6a5 c6b5	1314	0p13151n1o
Gcktr	r2q1rk1/6bp/pp1Qp1p1/8/4bP2/3R4/PPP3PP/2K4R w - - 0 19	d6e6 g8h8 d3d8 a8d8 e6e4	1314	010j0s10191g
HZF1a	1r6/4kp2/p1b1p3/3pP2p/2pP3P/P1P5/1rB2P2/1RR2K2 b - - 8 31	b2c2 c1c2 b8b1	1314	0b0g0i0j0p1o
HxHT2	r1b2rk1/pp1qppbp/2pp2p1/8/P2PPn1B/1BP1PNKP/1P1N4/R2Q1R2 b - - 0 18	d7h3 g3f2 h3g2 f2e1 f4d3	1314	0f10131619
IA8WG	8/8/8/7R/4k1p1/6P1/1r6/5K2 b - - 0 81	e4f3 h5f5 f3g3	1314	0g0p1m1o
JMmNH	r1bq1r1k/ppp3pp/5b2/4p3/2B2BQ1/2P4R/P4PPP/5RK1 w - - 0 18	h3h7 h8h7 g4h5	1314	050y111315191n1o
KGFhT	2r2r2/5pk1/1q2p1np/pp2P2Q/4pP2/PP2P1R1/2P4P/3q2RK w - - 0 30	g3g6 f7g6 h5g6 g7h8 g6h6	1314	0i10131619
L3W1l	r4rk1/5p2/p4np1/1p2p2p/4P3/P1N2q1N/1P4R1/K6Q w - - 0 33	g2g6 f7g6 h1f3	1314	010j191o
NnJlX	r6r/p3p1k1/bq2p2p/2pp2p1/6P1/1PN2P1R/P1PQ2K1/7R w - - 0 23	h3h6 h8h6 d2g5	1314	0b0g191n1o
PuzrO	3r3r/1p3pk1/p3pn2/3p2P1/1P1P3R/3P4/3K1P2/7R w - - 0 36	g5f6 g7f6 h4h8	1314	0g0p1o
SobvS	1r2r1k1/pbp2ppp/1p6/4q3/8/P1Q1P1P1/1P3PBP/3RR1K1 w - - 0 19	c3e5 e8e5 g2b7	1314	0g191o
T3idM	8/4n3/2kpNpr1/8/1RK1P3/2P4Q/1P4P1/3q4 b - - 2 39	d6d5 e4d5 d1d5	1314	0p13151o
UmRil	1q3r2/8/6pk/1pp1Q2p/p4N1P/2P3P1/PP5K/8 w - - 3 36	e5g5 h6h7 g5g6	1314	0g0p1o
VXpFJ	4r3/p3q1kp/1npR2p1/2p2rN1/7Q/8/PP3PPP/1K6 w - - 12 31	h4h7 g7f8 h7h8	1314	1315191o
X5GpX	2kr3r/pp3ppp/8/2b5/2qB4/P1P5/4NnPP/RQ2R2K w - - 0 20	d4f2 c5f2 b1f5 c8b8 f5f2	1314	010s1019
Xa41p	1R6/3r1pkp/q4np1/p2rp3/3N4/2P1QP2/6PP/1R5K w - - 0 30	d4f5 g6f5 e3g5	1314	0q1315191n1o
aDsLL	2r4k/pN1Q2p1/5p1p/8/5P1P/P4BPK/4R3/2r3q1 b - - 6 32	g1f1 f3g2 f1e2	1314	010i0s191o
aMAw9	4r1k1/p3q1pp/1p2p3/2p1n2N/2PpP3/1P4Q1/P5PP/2b2R1K w - - 0 32	h5f6 e7f6 f1f6	1314	010y191g1o
gY5s8	6rk/2q2p2/2p4p/1p3b1P/p3Nb2/2P2Q2/PPB5/1K4R1 w - - 4 35	g1g8 h8g8 e4f6 g8h8 c2f5	1314	01050j0r101119
ghUPj	5r2/P1R2P2/6K1/4p3/8/8/3k4/2q5 w - - 0 53	c7c1 d2c1 g6g7 f8a8 f7f8q	1314	000g0p101h
gq18S	8/8/5pk1/5rp1/6K1/R5P1/Rr4PP/8 b - - 7 41	b2b4 g4h3 g5g4 h3h4 f5h5	1314	0p1013161m
hAQ7F	8/1p3rpk/p6p/nr6/2P3P1/PP2RN1P/1K3P2/3R4 b - - 0 32	a5c4 b2c3 c4e3	1314	0g0p1g1o
hjdTk	5rk1/pb4p1/1p2p3/3qP2Q/3Pp2P/2P4K/PP3r2/R5R1 w - - 6 24	g1g7 g8g7 a1g1 f2g2 g1g2	1314	050y101316191n
hzowx	r3r1k1/1pq2ppp/8/3pn2P/p2Nb3/P1B2PQ1/1PP3P1/2KR3R b - - 0 22	e5d3 d1d3 c7g3	1314	0g0j191o
ixXXJ	2r1r1k1/2p3pp/1pR2P1n/p2pp2Q/P5q1/B2PP3/1P4PP/2R3K1 w - - 1 25	f6f7 h6f7 h5g4	1314	000g0i0s191o
mCwgh	1rr4k/p2R1Qp1/1p1R1P1p/2p5/4P3/KP6/P1P5/q7 b - - 0 32	a1c1 a3a4 b6b5 a4a5 c1a3	1314	0p101316
nEbzQ	4r1k1/6pp/6p1/pR2B3/2p2PbP/P5P1/B1R1pK1b/8 b - - 0 36	h2g3 f2g3 e2e1q	1314	00050g0i191h1o
nInDq	k4r2/2R3p1/3q4/2N3r1/8/1P3P1P/1PPPQRp1/2B3K1 b - - 3 25	d6h2 g1h2 g2g1q	1314	00051315191h1o
pOQ0x	6k1/1b2rpp1/pp6/2p4p/P2p1Q2/2Pq1P1P/BP4P1/5RK1 w - - 0 25	f4b8 g8h7 a2b1	1314	0g0p1g1o
sR7bT	5r2/8/5R2/p5K1/k5P1/5p2/1P1B4/8 b - - 1 46	f8f6 g5f6 f3f2	1314	000g0p1o
st7hZ	r2q2k1/pp6/2p1ppnQ/8/2P4B/8/PP3PP1/6K1 w - - 0 32	h6g6 g8f8 h4f6 d8f6 g6f6	1314	0g0p0t101112
t55I5	r7/8/8/4pk2/6P1/5p1K/3R1P1P/8 b - - 0 40	f5f4 d2d6 a8h8 d6h6 h8h6	1314	0h0p1013161m
tbi2q	3r1r2/1p3p1k/1q2pBpn/pNb1P3/Pn2R3/7Q/1P1p1PP1/5RK1 w - - 0 30	h3h6 h7h6 e4h4	1314	051315191f1n1o
uJNKL	8/6pp/5pk1/8/6P1/4Q1B1/2q3PK/1q6 w - - 0 42	e3e8 g6h6 e8h5	1314	0p13151o
w30Q0	8/6p1/1p2k3/P4p1p/1r5P/R6K/8/8 w - - 0 43	a5a6 b4d4 a6a7	1314	000g0p1m1o
wrw24	2r5/1N3nk1/p3p1pp/1p6/3n1Rp1/3B2P1/PP4PP/7K w - - 2 29	f4f7 g7f7 b7d6 f7e7 d6c8	1314	01050p0s101n
xPGFp	8/p1r5/5p2/1b4p1/1Pk3P1/5N2/1K3P2/4R3 w - - 1 39	e1c1 c4d5 c1c7	1314	0g0p1o1p
1l8V0	1rr2k2/pbR2ppp/8/3p4/P2P4/1P2PP2/3K2PP/2R5 w - - 1 22	c7b7 b8b7 c1c8	1315	0b0g0i0j0p1o
2BYZS	2r3k1/3p1rbR/p5Q1/3bP3/p2P1p2/2P2P1K/3q4/1B6 w - - 2 32	h7h8 g8h8 g6h7	1315	051315191g1n1o
2EKwr	r5k1/5pp1/4pb1p/3p4/q2P4/4PN1P/2Q2PP1/1R4K1 w - - 1 26	b1b8 a8b8 c2a4	1315	0g0i0p1o
2FRvu	8/2k5/2pR1p2/2K5/2P2rP1/8/8/8 b - - 6 41	f4c4 c5c4 c7d6	1315	0g0i0p1m1o
2HrFr	5r1k/1bp3pp/p4q2/1pP1n3/1P6/PB2P1N1/6PP/R1BQ2K1 b - - 1 25	f6f2 g1h1 f2g2	1315	0y1315191o
2WWkP	r2qk1nr/pp3ppp/2pbb3/3p4/3Bp3/1P2P3/P1PPBPPP/RN1QK2R w KQkq - 2 9	d4g7 d8g5 g7h8 g5g2 h1f1	1315	010h101c1t
3JM51	6k1/N4ppp/4b3/4p3/P7/4P1Pn/2r5/R1R4K b - - 1 28	e6d5 e3e4 d5e4	1315	0p13151a1o
4PWCV	5rrk/1pp2qpp/p2pb3/5p2/1P2P2R/3Q4/2PPPP1P/4KBR1 w - - 0 20	h4h7 h8h7 d3h3 f7h5 h3h5	1315	050y10111316191n
4V3FI	2r3k1/pbq1pR2/1p5p/2ppb3/3Pn3/2PBP3/PP1BQ1PP/R5K1 b - - 0 19	e5h2 g1h1 e4g3 h1h2 g3e2	1315	0g0j0k0s1019
5LwXJ	r1b1kbnr/pppq1pp1/1n1p3p/3N4/4P3/5N2/PPQ2PPP/R1B2RK1 w kq - 2 11	d5c7 e8d8 c7a8	1315	010s1c1o
5mL07	r1b1k2r/pppp1ppp/4qn2/1B4B1/8/2Q5/PPP2PPP/R4K1R w kq - 2 12	a1e1 e8g8 e1e6	1315	0g191g1o
72JC8	6k1/4r1b1/p3q2p/1p1R4/2p1BpPp/2P2Q1P/PP4K1/8 w - - 2 32	d5d8 e7e8 e4d5 e8d8 d5e6	1315	0d0g0p101g
8dQBw	2r3k1/1p3q1p/1n1p2p1/pN1P1p2/P7/1P1Q3P/1bR2PP1/6K1 w - - 0 28	b5d6 c8c2 d6f7 c2c1 g1h2	1315	010h0s1019
9p9lF	1r1qn1k1/Q1p2rpp/3pp3/4P3/3P1P2/B1P5/P5PP/R4RK1 b - - 0 16	b8a8 a7b7 a8a3	1315	01191o1p
A71gW	8/8/7p/p1pN4/2Pp4/1P1K2k1/8/8 b - - 2 46	h6h5 b3b4 a5b4	1315	0g0p0z1l1o
AI3sR	r3r1k1/ppp2ppp/q1p5/3n4/2N3P1/1P1PB2P/P3QPK1/R4R2 b - - 2 19	d5f4 e3f4 e8e2	1315	01191o
B0ekH	1Q6/5Npk/1p2p2p/8/8/1P2n2P/P4qPK/8 w - - 0 39	b8h8 h7g6 f7e5 g6f5 h8f8 f5e5 f8f2	1315	0g0p1p1w
Bkzmb	rn1q1rk1/pbppb1pp/1p6/3p4/2P1B3/5N2/PP3PPP/R1BQK2R w KQ - 0 11	e4d5 b7d5 d1d5 g8h8 d5a8	1315	0g0s101c
CIHVe	6k1/P6p/3R2p1/1r5n/2p5/4qP2/1PQ3PP/R6K b - - 0 42	h5g3 h2g3 b5h5	1315	0d0p13151n1o
CIpkl	2r3k1/p2R1np1/1b5p/2B1p1r1/1PQ1Pp1q/1N3P2/P1P3PP/6RK b - - 6 31	h4h2 h1h2 g5h5	1315	050y1315191n1o
Eh26K	4k3/R6Q/2bq1r1p/2p2P2/7P/1P6/P1P1n3/1K2B3 b - - 2 31	d6d1 b1b2 d1c1	1315	0s1315191o
Etxf5	2kn1R2/1pprr3/p3Q3/3pP2p/1P1P3P/q1P5/P5P1/5RK1 w - - 5 27	f8d8 c8d8 f1f8 e7e8 f8e8	1315	05101316191g1k1n
FDndS	r4k1r/pp2pB2/6p1/6P1/Q4Bn1/8/P1PR2P1/1q3RK1 b - - 4 30	h8h1 g1h1 b1f1	1315	050i1315191o
G00T5	8/p5kp/b1p1Pqp1/3Q4/8/6P1/PPP4P/1K2R3 b - - 0 33	c6d5 e6e7 a6b5	1315	0g0h0p0t1o
HYSdG	Q1b1r1k1/5ppp/p4n2/4P3/2Nq4/1P3N2/P1P2PPP/R3K2R b KQ - 2 17	d4a1 e1e2 a1h1	1315	010t191g1o1p
J25gJ	6k1/p5p1/1p5p/4B2P/2P5/8/P4rq1/1KQR4 b - - 0 35	g2e4 b1a1 e4e5	1315	0g0p0s1o
N7QYB	4q1k1/p3P2p/1p2NQp1/2p2n2/8/7P/5PP1/6K1 w - - 11 44	f6f8 e8f8 e7f8q	1315	000p13151h1o
Ocki6	4rrk1/p3q1pp/1p6/2n2P2/3Q4/P1NB1P2/1P4PP/2KR3R b - - 0 19	c5b3 c1b1 b3d4 d3c4 g8h8	1315	010h0s1019
Ocwn5	r2q1r2/1b2nk1p/p2p1npQ/1p1Pp3/4P1P1/2Np1N2/PPP2P2/2K3RR w - - 2 19	f3g5 f7e8 g5e6	1315	0g11191o
Opetd	r1bqk2r/pp2nppp/2n1p3/1Bb1P3/3p1P2/5N2/PPP2BPP/RN1QK2R b KQkq - 3 9	d8a5 b1d2 a5b5	1315	0g0s111c1o
Pq4IG	rnb1r1k1/ppp2ppp/8/3P4/2B3nq/3N4/PPP1NPP1/R1BQR1K1 b - - 4 13	h4h2 g1f1 h2h1 e2g1 g4h2	1315	0y1013161c
RmztP	3r2k1/5p1p/p1P1n1p1/P1p5/2P1P1P1/2P4P/1qBQ4/1R4K1 b - - 6 33	b2b1 c2b1 d8d2	1315	0g0p1o
U3Y0L	rn2kbnr/pb2q3/1p3p2/3Qp1B1/4P3/8/PPP2PPP/2KR1B1R w kq - 1 13	f1b5 b8c6 b5c6 b7c6 d5c6	1315	0g0r101c
UFXVn	7k/6p1/1R6/6KP/6P1/1p6/1r6/8 w - - 5 45	g5g6 b2d2 b6b8 d2d8 b8d8	1315	0p1013161m
UIaSv	4RQ2/6pk/8/2p1p3/1p5p/3q2bK/1P6/8 w - - 6 38	f8h8 h7g6 e8e6 g6f5 h8h7 f5e6 h7d3	1315	010p1p1w
V7O6c	1r3rk1/2p2p2/p4Pp1/4pPQR/2p1q3/8/PPP5/2K5 w - - 0 30	h5h8 g8h8 g5h6 h8g8 h6g7	1315	050p1013161n
V93UC	1k1q4/5pp1/Q1p5/3p4/4n3/4P1N1/PP6/R1B4K b - - 0 25	d8h4 h1g1 h4g3 g1f1 g3f2	1315	0p0r0s101316
VKVTv	2r3k1/5p1p/4p3/R3P1Pp/2pn4/8/5P1P/2R4K b - - 2 38	d4b3 a5a8 c8a8	1315	010p0s1o
WjyoX	1r6/1P3p1p/2B5/Rp2qpkP/8/6P1/5PK1/8 w - - 0 32	f2f4 e5f4 g3f4	1315	0g0p0s1o
Z0aj6	r5k1/6pp/p1rBp3/2P2p2/1P2p3/4K1P1/5P1P/R7 w - - 0 27	b4b5 c6d6 c5d6	1315	010p1o
ZrCYa	4q2k/1p2P2r/p1p4Q/8/1P2p3/P7/2P3P1/2K5 w - - 3 42	h6f8 e8f8 e7f8q	1315	000p13151h1o
ay6IM	5rrk/p5pp/5p2/2p1qP1Q/8/5R2/PP2p1R1/6K1 w - - 0 33	h5h7 h8h7 f3h3	1315	050p13151n1o
emrTg	2kr4/1Rp1pp2/p1N2p2/3P3p/2P2b2/P2b4/1R3P1r/6K1 w - - 4 28	b7b8 c8d7 b8d8	1315	0q0u1315191k1o
gBCBG	8/1p5p/6k1/P3p3/r3NpPP/3K4/3B4/8 b - - 1 46	a4d4 d3e2 d4e4	1315	0g0i0p1o
gFvPb	4r1k1/p4p1p/P7/2PP2p1/8/3QpqP1/2R2P1P/R5K1 b - - 0 37	e3f2 c2f2 f3d3	1315	00010j0p1o
gtHQD	r1bq3r/pp1nbkpp/1n2p3/8/3P4/1B6/PP2QPPP/RNB1K2R w KQ - 0 12	e2e6 f7f8 e6f7	1315	13151c1o
i5aj0	r2n1r1k/pppqn1pp/1b6/4Pp2/5P2/1B2BN2/PP1Q2PP/2R2RK1 b - - 0 17	d7d2 f3d2 b6e3	1315	0b0g0y191g1o
lNAvw	r4r1k/1pp3p1/p3p1PP/3pP3/2nP1q2/2PQ1P2/PP1N4/R3K2R b KQ - 0 22	f4g3 e1d1 c4b2 d1c2 b2d3	1315	0g0r0s1019
lsWMu	r2qk2r/pBp1nppp/8/7Q/1b2n3/1PP1P1P1/PB3P1P/R3K1NR b KQkq - 0 13	d8d2 e1f1 d2f2	1315	0s13151c1o
nVB41	1N4k1/5p1p/p5pB/4r3/3Qp3/1P4q1/P5R1/7K b - - 0 27	e5h5 h1g1 g3e1	1315	0p0s13151o
oCndQ	4k2r/1q2bpp1/3p3p/N2Pp3/n5PP/P1pQBP2/1rP5/K2R3R b k - 0 26	b2a2 a1a2 b7b2	1315	051315191n1o
oNGwp	r7/5kp1/2r2p1p/1N1p4/NBnP4/3K3P/R4PP1/8 b - - 2 37	a8a4 a2a4 c4b2 d3d2 b2a4	1315	01050s10191n
qTMQU	8/8/5Kp1/1R3p1p/5PkP/r5P1/8/8 b - - 1 45	a3a6 f6e5 g4g3	1315	0g0p1m1o
qn7Cs	r2b2k1/p5p1/2r5/1p1N2P1/3RPP2/1PR5/P5P1/6K1 b - - 0 34	c6c3 d5c3 d8b6	1315	010p1g1o
qo4jC	4rr2/1pp2p1k/p5p1/4Q2p/1PP3q1/PK2P3/2B5/7R w - - 1 39	h1h5 g4h5 e5h5	1315	010p1g1o
s8uPr	2r3k1/pp3pp1/4n3/8/PP5P/2rN1P2/5PK1/1R1R4 b - - 0 25	c3d3 d1d3 e6f4 g2g3 f4d3	1315	01050p0s101n
t8oLB	8/4kp1p/1q2p1p1/8/1P6/5PnP/5QP1/2R3K1 b - - 5 41	g3e2 g1f1 b6f2 f1f2 e2c1	1315	010p101g
u9EqW	r1bqk1nr/pp3ppp/2n1p3/1Bb1P3/3p1P2/8/PPP2BPP/RN1QK1NR b KQkq - 1 8	d8a5 b1d2 a5b5	1315	0g0s1c1o
xX7Sf	r2qk2r/ppp2ppp/3bpn2/3pnb2/3P1B2/2P1P3/PP1N1PPP/R2QKB1R w KQkq - 0 8	d4e5 d6e5 f4e5	1315	010s1c1o
z5XgV	8/4Rp1k/5p1p/2p2P2/3K2P1/5P2/2r4P/8 w - - 0 37	d4d3 c2h2 e7f7 h7g8 f7f6	1315	0g0h0p101m
0QyOo	4r1k1/1p1b1p2/3P2p1/p6p/3N4/P1P1Q3/1P4q1/1K2R3 w - - 1 41	e3e8 d7e8 e1e8 g8g7 d6d7	1316	000g0p10
1nqe1	rnbqk2r/ppp3pp/3bp3/3p1p2/1P1Pn3/P4NP1/2PNPPBP/R1BQK2R b KQkq - 2 7	e4c3 e1g1 c3d1	1316	0g1c1o1t
1otg9	6b1/8/6P1/8/6k1/4K2p/8/6B1 b - - 4 79	g4g3 e3e4 g3g2 g1b6 h3h2	1316	00080g0p1011
2TTa6	3qk2r/p1pb1p1p/Q1n2p2/8/3P4/4PN2/Pr3PPP/R3KB1R b KQk - 0 13	c6b4 a6a7 b4c2 e1d1 c2a1	1316	0g0s1019
2hbRG	4r1k1/p4ppp/2p1r3/3n2q1/3N4/P2P1Q2/1P3PPP/R1R3K1 b - - 0 21	g5c1 a1c1 e6e1 c1e1 e8e1	1316	06101316191n
48DWw	8/5p2/4pnk1/4R3/2p4P/2r5/5R1K/8 w - - 1 50	e5g5 g6h7 f2f6	1316	0g0i0p111o
5YMjQ	r3kb1r/1pp2ppp/p1n2n2/1q6/Q1N3b1/2P1BN2/PP3PPP/R3KB1R w KQkq - 6 14	c4d6 f8d6 f1b5	1316	0g0j1c1o
6GscL	5rk1/2p2pp1/b1p1p2p/3p4/P2P4/N3Q1PP/qrPK1P2/3R3R w - - 2 23	d1a1 a2a1 h1a1	1316	01191o1t
8kCD9	5rk1/1b3pp1/3r3p/2Q1b3/8/2P1BP1P/PP3P2/R4RK1 b - - 0 27	d6g6 e3g5 g6g5 g1h1 b7f3	1316	101316191a
9e4eb	3r1rk1/6p1/p4n1p/1p2R1q1/3p4/2Q2B2/PP3PPP/R5K1 w - - 0 24	c3b3 g8h8 e5g5	1316	0g191o
Azzh8	r2qk2r/1pp2p1p/p5p1/3n4/3bB3/5PP1/PPQN1P2/R3K2R w KQkq - 0 16	c2a4 c7c6 a4d4	1316	010s191o
B3yEC	4r3/8/8/p5p1/2P2k1p/Pr5P/1P1R2K1/3N4 w - - 1 68	d2f2 f4e5 f2e2 e5d4 e2e8	1316	010p101p
CTll8	2r1qr1k/3n2pp/p2p1p2/1p3P1Q/4PR2/P3B2P/Bn6/R6K w - - 2 27	h5h7 h8h7 f4h4 e8h5 h4h5	1316	050y101316191f1n
CiuYx	r2qk1nr/pp1b1ppp/2nP4/1B6/3p4/5P2/PPP3PP/R1BQK1NR b KQkq - 0 10	d8a5 e1f2 a5b5	1316	010s1c1o
CnT39	7k/2p4p/1p1p3q/p2P4/2P1R3/5R2/PP5P/7K b - - 0 36	h6c1 h1g2 c1c2 g2g3 c2e4	1316	010p0s101j
DOoRQ	3r2k1/5pb1/4pn2/p1p5/PpB4P/5PN1/1PP3P1/2KR4 b - - 1 28	g7h6 c1b1 d8d1	1316	0g0i0p1k1o
Ft0E0	1k2r2r/pb4p1/1p2p2p/1P1pn1bP/QB1q2P1/P2B3R/2R5/2NK4 w - - 0 27	b4d6 b8a8 a4d4	1316	0g0j191o
H1su5	1r3rk1/p4pp1/6b1/4R2p/3P4/P1P2P2/Q1q3PP/R3B1K1 b - - 2 24	b8b2 a2b2 c2b2	1316	01191o
I9Vn7	r1brN2k/p2n1Q1p/6pB/2pP4/2qb4/7P/PP3PP1/R3K2R w KQ - 0 20	h6g7 d4g7 f7g7	1316	0y1315191o
JL6EE	1k6/1p2b3/pB1p4/3qp1p1/7r/8/PP3Q1P/K1R5 w - - 0 32	b6a7 b8a8 c1c8	1316	0p13151o
LCtHS	5k1r/p1p2p1p/b1p5/3p1P2/1R6/6P1/PPP5/6K1 w - - 2 28	b4b8 f8g7 f5f6 g7f6 b8h8	1316	010i0p10
LfBFi	r4rk1/p1qnBpbp/2pp2p1/8/4P3/2PB1Q1P/PP3PP1/R3R1K1 b - - 0 15	d7e5 f3e3 c7e7	1316	0g0j191o
M51xd	1k6/7R/R7/8/4r3/2r5/P7/1K6 b - - 0 39	e4b4 b1a1 c3c1	1316	0p13151m1o
NSBCR	8/1Q3pk1/2p5/4n3/3R3N/6BP/r3q1PK/8 b - - 0 38	e5f3 h4f3 e2g2	1316	0i1315191g1n1o
Nmh47	r1k2b1r/3n1Qpp/b1p1N3/p7/3P4/8/P4PPP/1nB1qBK1 w - - 1 22	f7e8 c8b7 e8d7 b7b6 d7c7	1316	0i0r101316191k
Omk0P	3r3k/p6p/1p2p1p1/2p1q3/3P4/2P2R2/PP4PP/3Q3K w - - 0 31	f3f8 d8f8 d4e5	1316	0g0p0w1o
OnoUh	2r3k1/2qbQp1p/4p3/1p3p2/3P1P2/pP2R3/P1B3PP/2K5 w - - 6 30	e3g3 g8h8 e7f6	1316	0p13151o
Qtzdc	1r3k2/1rp4R/p2p3N/P2P2p1/1P1KP3/2P5/6PP/8 b - - 0 32	c7c5 d5c6 b7h7	1316	010j0p1o
RkNYE	3R4/p4Pk1/2p4p/1pP2B2/1P2PP2/2bQ2PK/8/2q5 b - - 0 55	c1h1 h3g4 h6h5 g4g5 c3f6	1316	0p101316
TFLfA	8/5p1p/4p1p1/8/5Q2/1K1k4/1P6/6rb w - - 0 61	f4c4 d3e3 c4c5	1316	0g0p1o
TyCh4	5r2/1p2rkpp/p2p1N2/2p2P2/2P2qP1/5P1P/PP2Q3/5RK1 w - - 2 22	e2e7 f7e7 f6d5 e7f7 d5f4	1316	050g0p0s101n
UhXUK	r7/1b3ppk/1b2p2p/4n3/2p1N2P/q1P2PP1/2Q4K/5R2 w - - 3 34	e4f6 h7h8 c2h7	1316	0k0m1315191o
UjIHn	8/8/8/5pkp/3Qnr2/8/6PK/8 w - - 28 70	d4g7 g5h4 g2g3 e4g3 g7g3	1316	0p0s101316
ViRdh	2k3r1/1p4q1/p3R3/7p/3P1PrP/PR2Q2K/1P3P2/8 b - - 0 39	g4h4 h3h4 g7g4	1316	050p13151n1o
W2Ott	1r3r2/5pkp/6p1/1B4Q1/P5NP/8/1Pq2PP1/K7 w - - 0 36	g5f6 g7g8 g4h6	1316	0p13151o
WWezY	r3r3/1k3pQ1/1p6/2bp4/3Nn3/1P6/q4PPP/2RR2K1 w - - 1 26	g7f7 e8e7 f7d5	1316	0g191o
XDNfq	5rk1/pp1bq1p1/7p/3p4/3N4/2PQ1B2/PP6/4RK2 b - - 4 36	d7h3 f1f2 e7h4 f2e2 f8e8	1316	010r10191g
XLKGq	3rkbnr/ppp2ppp/8/4Pb2/2P5/1P2PNP1/P1p2PBP/R1B1K2R b KQk - 0 11	d8d1 e1e2 f5d3	1316	1315191o
YiFqX	rnbqkb1r/pp2pp1p/3p2p1/2pP4/4n3/2P3B1/PP3PPP/RN1QKBNR w KQkq - 0 8	d1a4 b8d7 a4e4	1316	010s1c1o
ZWahB	r1r2n1k/1pp2P2/p2pN1Pp/8/8/8/PPP5/1K3R2 w - - 0 34	g6g7 h8h7 g7g8q	1316	000p0s13151h1o
bFKAa	7r/1R3pk1/3p2pq/2pNp3/2P5/3PP1P1/5PQn/5RK1 b - - 1 32	h2f3 g2f3 h6h2	1316	0d1315191n1o
d57G1	k4r2/p3b3/q1r1p3/3pPn2/2nP2Np/1RPQ1N1P/P5P1/KR2B3 b - - 2 35	a6a2 a1a2 c6a6 b3a3 a6a3	1316	05101316191d1n
dilO8	rn1qkbnr/pp4pp/5p2/2p1N3/2BpP3/6N1/PPPP1PPP/R1BbK2R w KQkq - 0 8	c4f7 e8e7 g3f5	1316	13151c1o
drQWK	r1b2rk1/4bppp/2p5/p3p3/2N3P1/pPqB1Q1P/2P2P2/1RK4R w - - 0 24	d3h7 g8h7 f3c3	1316	010j11191o
edIkI	5rk1/R1Q2ppp/8/1n2p3/4K3/BP1N2P1/2P2P2/3r1q2 w - - 7 32	c7f7 f8f7 a7a8 f7f8 a8f8	1316	101316191d1n
fhv3H	4k3/ppp3pp/5r2/2B5/2Q5/2P4P/PPq1r1PR/5RK1 b - - 5 31	f6f1 g1f1 c2d1	1316	051315191o
gTOb1	8/2B5/7R/1p1k1p2/2n3p1/1K6/P2r4/6R1 b - - 14 47	d2b2 b3c3 b5b4 c3d3 b2d2	1316	0p0r101316
gsouU	5r1k/p4r2/4Q2p/5P2/2P1n3/1p1q4/1K6/6R1 w - - 2 43	e6h6 f7h7 h6f8	1316	0i0p13151o
hXfW3	2Nr4/5p2/p1R1nPpk/4P2p/8/7P/PPPrRK1P/8 b - - 10 32	d2e2 f2e2 e6d4 e2e3 d4c6	1316	050g0p0r0s10
iIYFT	3r2k1/p5p1/1p3p1p/2p5/5Q2/2P3qP/PPN2RP1/7K b - - 3 29	d8d1 f2f1 g3f4	1316	010p1g1o
kux4t	r3kbnr/pBp1pppp/8/4q3/3n4/7P/PPPP1PP1/RNBQ1K1R b kq - 0 8	e5b5 d2d3 b5b7	1316	010s111c1o
l51KC	r4rk1/ppp2ppp/1b4q1/3Pp2n/1P2P3/P1N2P2/3B2PP/2RQ1R1K b - - 4 19	h5g3 h2g3 g6h5	1316	0d0y1315191n1o
l6Lw1	r1b1k2r/p1p3Rp/2pp4/8/2P5/8/PP2PP1q/R1BQK3 b Qkq - 0 14	h2h1 e1d2 h1h6 d2c3 h6g7	1316	0g0s1019
mxji2	4r1rk/p3P1pp/5p2/3q1P1Q/2p3R1/P6K/5B1P/8 w - - 17 37	h5h7 h8h7 g4h4	1316	050p1113151n1o
nIJzP	1r1q1nk1/2p2p2/p2b3Q/1p3BN1/3Pn3/7P/PP3PP1/6K1 w - - 0 23	f5h7 f8h7 h6h7 g8f8 h7f7	1316	0s10131619
o7AH6	QK3k2/1R6/5p1p/4p2P/r7/6p1/5P2/8 b - - 0 69	a4a8 b8a8 g3f2 b7b1 e5e4	1316	000g0h0p1011
qWx3T	8/pp2r1k1/6p1/2p4p/2P1PQ2/4N1PK/3q3P/8 w - - 16 46	e3f5 g6f5 f4d2	1316	010j0p1o
rb8tO	4rr1k/pp4pp/3p1q2/2p3Q1/8/8/PPP2PPP/RNB2RK1 b - - 0 18	f6f2 f1f2 e8e1 f2f1 e1f1	1316	0y101316191n
sOzUD	5qrk/p4p1p/3p1PpQ/1p4P1/2p1PR2/P1Pr4/7P/R6K w - - 1 30	h6h7 h8h7 f4h4 f8h6 h4h6	1316	050p0y1013161n
shsUR	5qr1/3n1rk1/1p1p2p1/pPpPppP1/P1P1P3/2KBBP2/2Q4R/8 w - - 1 30	h2h7 g7h7 c2h2 h7g7 h2h6	1316	05101316191n
t3gUW	r2q1rk1/p1p2pp1/1p5Q/4nn2/3pN3/6R1/PPP2PPP/R5K1 w - - 0 23	e4f6 d8f6 h6f6 f5g3 f6e5	1316	010y10191g
uPWRD	6k1/6b1/p1qB3p/2P5/3p2Qp/P2P1R2/r3r1P1/6K1 w - - 2 39	f3f8 g8h7 g4f5	1316	1315191g1o
wztKN	8/k1p4Q/ppq5/6r1/6r1/3B1P2/PPP4P/R4R1K b - - 0 27	g4g1 f1g1 c6f3 g1g2 f3g2	1316	0i101316191n
xZwY7	2kr4/ppp3R1/8/2Nr1p2/2n1p3/1NP5/PPK2RPP/8 b - - 4 29	c4e3 c2b1 d5d1 b3c1 d1c1 b1c1 d8d1	1316	051317191n1w
y3Mxw	3n3r/p2k2pp/4q3/8/8/1N3P1P/Pr4p1/R3Q1K1 w - - 0 32	b3c5 d7e7 c5e6	1316	010s191o
yVTuQ	2kr4/ppr4p/4pp2/3q4/4Q3/7R/PPP2PPP/2K1R3 b - - 0 24	d5d2 c1b1 d2d1 e1d1 d8d1	1316	0p1013161k1n
zmOTf	5rk1/1p2r3/2pN2p1/p3n1N1/3qP2Q/7P/8/5R1K w - - 0 36	f1f8 g8f8 h4h8	1316	051315191o
1H9o8	8/6pk/2R1K2p/2p2r2/p1P2P2/P7/1P1r3P/5R2 b - - 8 42	f5f6 e6e5 f6c6	1317	0g0p1m1o1p
1M0ex	1r4nr/3N1pkp/2B1p1p1/8/Pp3N2/3P2P1/1bPQKP1P/q7 w - - 3 24	f4h5 g6h5 d2g5	1317	0d0q1315191n1o
1X0zu	5k2/p4pp1/1pp5/8/1q4P1/3P2Q1/PPP4r/2K1R3 b - - 1 31	b4d2 c1b1 d2c2 b1a1 c2b2	1317	0p101316
1cyms	r1bqrbk1/ppp2ppp/3p1n2/2n2N2/4PP2/1BN3Q1/PPP3PP/R1B2RK1 w - - 7 13	f5h6 g8h8 h6f7	1317	0g0i0y1c1g1o
2DTuI	5r1k/2p2rpB/1p1p4/4p1q1/2P2nPb/1P2BP2/P1Q4P/3R1RK1 b - - 0 28	f4h3 g1g2 g5e3	1317	0g0j0y191o
2Ybrb	5k2/7R/4p1p1/4B3/5p2/b5PP/3n2K1/8 b - - 1 37	f4f3 g2h2 f3f2	1317	00010p1o
2oZcM	r2qr3/pp2kppp/5n2/bP2p3/Q1B1P3/5P2/P2N1P1P/3RK2R w K - 3 17	a4a3 d8d6 a3a5	1317	010i191o
3qgY4	8/3pkpR1/5p1P/pp4n1/3P2b1/2K5/8/8 w - - 0 44	g7g5 f6g5 h6h7	1317	000g0p1n1o
4U6Qb	6B1/8/1pN2k2/p2P3p/2r5/1P4K1/P7/8 b - - 0 41	c4g4 g3h3 g4g8	1317	0g0p0s1o
4qlI1	8/p2rpR2/3P4/4kp2/6p1/8/PP1K1P2/8 w - - 1 39	f7e7 e5d6 e7d7 d6d7 d2e3 d7e6 e3f4	1317	0g0p111m1w
7iFVS	6k1/1R4p1/r3pbNp/7P/3PK3/2P4r/8/8 w - - 5 43	b7b8 f6d8 b8d8 g8f7 d8f8	1317	0p0u101316
8OCh5	1K6/8/1P1R4/8/2r5/4k3/3p4/8 b - - 1 51	c4d4 d6d4 e3d4 b8c7 d2d1q	1317	000g0p101h1m
96Om0	r2q1rk1/4R2p/p1np2p1/6Q1/Pp3P2/1P6/1P4PP/4R1K1 w - - 1 22	g5d5 g8h8 d5c6	1317	010s191o
9BGdr	r4rk1/1p3pbp/p1q3P1/8/2PBp1Q1/8/PP4PP/2R3K1 w - - 0 21	g6h7 g8h7 g4g7	1317	00050j0y1315191g1o
9eiKr	rnbqkb1r/pp3ppp/4p3/3pPn2/2pP1P2/2P2N2/PP1N2PP/R1BQKB1R b KQkq - 2 7	f5e3 d1e2 e3c2 e1f2 c2a1	1317	010r0s101c
AP5Nu	2R5/5p2/p5kp/2pb2pN/6P1/2rp3K/5P1P/8 w - - 2 38	c8g8 g6h7 h5f6	1317	0f0p13151o
CzhHX	6rk/pp4rp/2p4Q/3p4/P2Pp3/1PN1Pb2/2P5/2R2K2 b - - 0 32	g7g1 f1f2 g8g2	1317	090p13151d1o
DUdbF	8/2R3P1/pp6/3p4/5K2/k7/8/6r1 w - - 2 52	c7c3 a3b4 c3g3 g1g3 f4g3	1317	0g0p10111m
DtKSv	2k5/1pp5/p5p1/3P2Br/2n3K1/7p/PP6/4R3 w - - 0 38	e1e8 c8d7 e8d8	1317	0p13151d1o
EHV2O	2rrb1k1/p4ppp/2pP4/3p4/1P6/P2N1P2/6PP/2R1R1K1 w - - 5 28	e1e8 d8e8 d6d7	1317	000g0p0y1n1o
EMj7H	3r4/p1k4p/2nR2p1/1p3p2/1Pb1p3/P3P3/5PPP/3RK3 w - - 3 27	d6c6 c7c6 d1d8	1317	0g0i0j0p1o
FGHtM	3R4/1p4pk/7p/3R4/5P2/6KP/2r5/4n3 b - - 0 41	c2g2 g3h4 e1f3 h4h5 g7g6	1317	0p101316
FYvjx	8/6Rp/R3pp2/3b4/6P1/5k1P/1r3P2/6K1 b - - 0 32	b2b1 g1h2 f3f2 a6a2 d5a2	1317	0g0i0p10
GT7tF	8/ppp5/8/3P4/2P5/1P3kp1/P7/6K1 w - - 2 42	c4c5 c7c6 d5d6	1317	0g0p1e1l1o
Gla2I	1q3rk1/3b1pp1/2pbn3/4p3/1P1pN3/2PP2QP/3r1PP1/1R3RK1 w - - 0 25	e4f6 g8h8 g3h4	1317	0y1315191g1o
HFTvC	r1b5/2p2p1k/1p1p3p/p3p1r1/2PPPp1q/P1PBNP2/4Q1PP/R5RK b - - 0 27	h4h2 h1h2 g5h5	1317	050y1315191n1o
JTYna	7k/6p1/3Q4/p2P3p/8/1P3r1P/P3q1PK/6R1 b - - 0 32	f3h3 h2h3 e2g4 h3h2 g4h4	1317	050p1013161g1n
JsMYo	6k1/p2b1rP1/1p4Qp/4p3/4Pq2/3P4/PP6/6RK w - - 3 43	g6h7 g8h7 g7g8q	1317	00050p13151h1o
JydUg	8/4k2p/4P2p/8/1b4P1/2p4P/B2p2K1/3R4 b - - 0 46	c3c2 a2b3 c2c1q	1317	000g0p1h1o
LmHHj	3r2nr/ppp2ppp/4p1k1/2bP1n2/4N1N1/7P/PPP2PP1/R2K3R w - - 2 18	g4e5 g6h6 e5f7	1317	0g0i191o
LyYJK	2r5/pp2kp2/2n5/2p1p3/2PpPpb1/P2P1Bq1/1P5Q/R4R1K w - - 0 34	h2g3 f4g3 f3g4	1317	0b0g0w191o
Mpby2	8/1b6/p5pp/1p3p1k/5B2/1BP3PP/P4b1K/8 w - - 0 39	b3d1 b7f3 d1f3	1317	080p13151o
MwbcM	2r5/3b1pkp/P3p1p1/8/1brPn3/5PP1/R3Q1KP/7R b - - 0 31	e4c3 e2c4 c8c4	1317	010s11191o
Np1RD	6k1/6pp/2p2pb1/p1Np4/PP3q2/2P5/6PP/4Q1K1 w - - 0 26	e1e6 g6f7 e6c8 f7e8 c8e8	1317	0p101316
PCGLU	2R1Q3/p4rkp/6p1/6q1/3b1p2/1P3R2/P3N2p/7K b - - 1 30	g5g1 e2g1 h2g1q	1317	001315191h1o
QMXR9	4rnk1/5p2/p4r2/1ppp3R/6P1/P1P1qPK1/1PQ3P1/7R w - - 8 32	h5h8 g8g7 h1h7 f8h7 c2h7	1317	0y101316191n
RGiYv	r2k4/pb1n2p1/3QR1r1/3p2N1/8/8/P1q2bPP/5N1K w - - 3 29	g5f7 d8c8 e6e8	1317	1315191o
Xwr8h	2kr1bnr/ppp2ppp/2n1b3/4p3/8/2P3NP/PP1PBPq1/RNBQK2R w KQ - 0 8	e2f3 g2f3 d1f3	1317	011c1o1t
Y0o1t	3Q4/1p1b1rkr/2p1p1p1/3pP3/3PpP2/p1P1R2R/5KPP/2q5 w - - 2 35	h3h7 g7h7 e3h3 h7g7 d8h8	1317	0510131619
b1lpC	8/4k1pp/R1p1r3/5K2/2P5/7P/8/8 w - - 3 35	a6a7 e7d6 c4c5 d6d5 a7d7 d5c4 f5e6	1317	0g0i0p0r1m1w
bEuRZ	2QR4/5pk1/3p2p1/1P2p3/4Pr2/2PP4/2K5/5q2 b - - 3 40	f4f2 c2b3 f1b1 b3c4 b1a2 c4b4 f2b2	1317	0p13171w
btdRy	7k/pp4p1/4Q2B/7p/3P2r1/2P3Pq/7P/5RK1 b - - 7 33	g4g3 h2g3 h3e6	1317	0g0j0p1o
cXaBe	r5k1/p4r2/bq2p1pR/3pP3/2p3P1/P4PP1/1P4K1/7R w - - 0 28	h6h8 g8g7 h1h7	1317	090p13151o
dAtOY	2r3k1/pp3ppp/3Pb1q1/8/5B2/1P1p1P2/P5PP/2Q1R2K w - - 1 27	c1c8 e6c8 e1e8	1317	060p13151n1o
excjh	r1b1rb2/p1p2Bkp/1p4p1/6P1/4P3/2P5/PB4PP/n4R1K w - - 1 19	c3c4 e8e5 b2e5	1317	0j0k1315191a1o
fTgk8	8/p3rk2/1p3bp1/2q2pp1/P1p1p3/2P2P1P/1P1Q2PB/3R3K w - - 0 35	h2d6 c5c6 d6e7	1317	010p0s111o
fuzON	8/8/1kPR3r/1P1K1P2/6n1/8/8/8 b - - 7 55	g4e3 d5e4 h6d6	1317	0g0i0p1o
hKiKA	r5k1/ppp2ppp/2p5/2b5/8/2N3Qb/PPPP1qPP/R1B1R2K b - - 3 16	h3g2 g3g2 f2e1 g2f1 e1f1	1317	0y10131619
iiZDI	6k1/2p2pp1/p2P3p/1p4n1/6b1/2P5/PP4B1/3R3K b - - 0 32	g4d1 d6c7 d1g4	1317	010h0p1o
jd5rz	3r4/2k2rp1/1ppN4/P1P5/P2K2RP/8/6P1/8 b - - 0 35	b6c5 d4c5 d8d6	1317	0g0p1g1o
kMGCY	6k1/1b4p1/pq6/1p1pP2p/7Q/P1P4P/1P4PK/RBB2r2 b - - 0 31	b6g1 h2g3 g1f2	1317	0g191o
oMLDR	2r3k1/pp3pp1/7p/3p4/3Bn1P1/3B3P/PPr5/R2K2R1 b - - 1 23	c2d2 d1e1 d2d3	1317	010s191o
pTBWd	5rk1/pq2pp1p/6p1/3Nb3/8/5Q2/PP4PP/3R3K w - - 4 25	d5f6 e7f6 f3b7	1317	0g0j0p1o
pVA6j	r7/4Qpkp/2bpp1p1/2p5/1p2P3/3q1N1P/5PP1/4R1K1 w - - 2 24	f3g5 d3c3 e7f7	1317	0g0p1o
peB82	8/6k1/4p3/2p5/2P3p1/6Kp/P7/8 w - - 1 49	a2a4 g7f6 a4a5	1317	0g0h0p1e1l1o
qW7h4	7k/1bp3pp/8/3P4/1P1Q3P/P3RrPK/5q2/8 w - - 0 44	e3e8 f3f8 d4f2	1317	0g0j0p111g1o
r1WGF	2r3k1/pp1nq3/4p1pR/3pP1P1/2n2r2/2N2P2/PPP5/2K4R w - - 0 23	h6h8 g8f7 h1h7	1317	0y1315191o
rtJd4	8/8/5P2/p3Pk2/P1pB4/1rP5/2K5/8 w - - 5 49	f6f7 b3b8 d4c5	1317	000g0h0p1o
sjOVQ	r3kb2/pp1n3p/2p5/5p2/2p3rB/2N5/PPP2P1P/2KR3R w q - 2 19	h1e1 e8f7 d1d7	1317	010i191o
u9fYq	r5qk/ppp4p/3p4/3P4/1PP4Q/7b/P1B2Pr1/R4R1K b - - 2 23	g2h2 h1h2 g8g2	1317	050y1315191n1o
ujaPJ	Q7/5pk1/1p4P1/p6p/8/P2Pr2P/1q2r1P1/R5RK b - - 0 34	e3h3 g2h3 e2h2	1317	0p13151n1o
upvN6	rn2kb1r/pp3p2/2p2p2/4pQ2/2P5/3P4/PP1B1P2/2Kb1B1q w kq - 0 17	f5c8 e8e7 d2b4 c6c5 b4c5	1317	10131619
v5W4U	r2q1rk1/pp1n2pp/2pb2p1/3p4/3P2P1/2NB2PP/PPP1Q3/R4RK1 w - - 3 16	e2e6 g8h8 e6d6	1317	010s191o
vqlCo	2k1r1r1/pppb2pp/2n5/q2N4/1B6/2P5/PP3PPP/R2QR1K1 b - - 2 16	e8e1 d1e1 a5d5	1317	0g0y191o
wdRAt	3r1r2/pp3pk1/7p/1P3Pp1/2Pb2P1/3QBqPK/P7/R7 w - - 0 33	e3d4 d8d4 d3f3	1317	0g0j191o
x2w5i	8/7p/3P2k1/1R4b1/8/2P1pb2/1P5P/5K2 b - - 0 36	e3e2 f1f2 g5h4 f2f3 e2e1q	1317	000g0i0p0r101h
yKN8F	2B4k/1p2b1pp/pq1p4/4p1rn/PP1n4/2NQ1PB1/5PKP/1R1R4 b - - 0 23	h5f4 g2h1 f4d3	1317	010s191o
1Kmkq	8/1p6/p4p2/6k1/3P2p1/6K1/PP2rRPP/8 b - - 5 33	e2e3 f2f3 g4f3	1318	0g0p1m1o
6yMMv	5B2/7p/8/np1p1kPP/8/8/4K3/8 w - - 1 41	g5g6 h7g6 h5h6 a5c6 h6h7	1318	000g0p10
8LrPu	rn1qkb1r/pp3ppp/2p5/3p1p2/3Pn3/1P1QPP2/P1PN2PP/R1B1K1NR b KQkq - 0 8	d8h4 g2g3 e4g3 h2g3 h4h1	1318	0g101c1g1t
BYe9N	6k1/1Q5p/3p2p1/1P2pq2/2P2R2/7P/r4P2/1R3K2 b - - 0 27	f5b1 f1g2 e5f4	1318	0g0p0t0w1o
CGBIo	r1bqk2r/ppp2pp1/4p2p/8/1bBPn3/2N1PN2/PP3PPP/R2QK2R w KQkq - 1 10	d1a4 c7c6 a4b4	1318	0g0s1c1o
CmpPs	r4r2/pp2Nk1p/1qpp1pp1/6Q1/2P1PR2/PnP1N2P/1P4P1/3R2K1 b - - 0 24	b6e3 g1h2 f7e7	1318	0g0t191o
DaWa0	r3rb2/ppp2pk1/5p2/3p1Q2/3P1nq1/2P2NN1/PP3PK1/4R2R w - - 5 26	f5f4 g4f4 g3h5 g7g8 h5f4	1318	050g0s10191n
EnKhB	r3k2r/4bppp/2bq1n2/1B2p3/8/5N2/2PQ1PPP/1R3RK1 w kq - 2 23	d2d6 e7d6 b5c6	1318	010b191o
Gi3RE	r6r/p2b2Q1/3kpp1p/q1pp3B/2p2P2/P3P3/3N2PP/2nR2K1 w - - 0 22	d2c4 d6c7 c4a5	1318	0g191g1o
H7qBt	3r2k1/6pp/2Q1p3/2p1Pp2/p1P2P2/qP4P1/P5KP/1R6 b - - 1 28	a3a2 g2h3 a2b1	1318	0g0p0s1o
HE7sN	r1b2rk1/5qpp/p3p3/1p1nPpPQ/3n3N/3B4/P5PP/R1B2R1K w - - 1 21	g5g6 h7g6 h4g6	1318	0g191o
ItJnt	8/7p/6p1/2Q2p1k/7P/2P2PP1/5KB1/rq6 w - - 1 45	g3g4 h5h4 c5e7 g6g5 e7h7	1318	0p101316
JwT7O	r1bq4/1k2p2p/p1np2p1/3N4/Q7/8/PPP2r1P/2KR3R w - - 2 21	a4b3 b7a7 b3e3 a7b8 e3f2	1318	010s1019
KjSRn	4r1k1/p3r2p/6p1/1q1p2N1/3B4/7Q/P4PPP/5RK1 b - - 8 26	b5f1 g1f1 e7e1	1318	051315191n1o
LSwHr	8/6k1/pR5p/6p1/PPb3P1/3p2KP/1r3B2/8 w - - 0 51	f2d4 g7f7 d4b2 d3d2 b6d6	1318	0g0p0s10
LfVmd	3r4/p6p/2p3p1/2p2k2/2P4P/1P1RK1P1/P7/8 b - - 0 26	d8d3 e3d3 f5g4	1318	0g0p1m1o
MG4O6	5rk1/p1pbqr2/2P5/2R5/3Q3p/1P1N2p1/P1B3P1/4R1K1 b - - 0 35	e7e1 d3e1 f7f1	1318	1315191n1o
MtHtp	5rk1/q1bQ2pp/p3p3/1p6/2p5/P1N5/1P2BPPP/4K2R b K - 0 19	a7f2 e1d1 f8d8 d7d8 c7d8	1318	010410191g
PMfB2	1r1r2k1/3np3/p4ppb/8/2PP2q1/3KPQ2/PP1N2P1/R1B2R2 b - - 2 21	d7e5 d3e2 e5f3	1318	0g191g1o
QvVhQ	8/6pk/1pp2p2/2b1p3/2N1P3/1P6/P2QqPPP/6K1 b - - 4 30	c5f2 g1h1 e2f1	1318	0p13151o
S72eg	6r1/1p3p1k/p6p/2Pp1qpQ/P6P/5R2/1P1B1P2/R5K1 b - - 0 36	g5h4 d2g5 g8g5 h5g5 f5g5	1318	010j0k0p0s10
T6VYK	5r1k/1p4pp/4Qnq1/3p4/p2P4/P1P3P1/1P1N3P/2K1R3 b - - 0 24	f8e8 e6e8 f6e8	1318	010p111o
Unujs	5r1k/5rb1/p2p1pQp/7R/1p1pP1R1/3q3P/6PK/8 w - - 0 31	h5h6 g7h6 g6h6 f7h7 h6f8	1318	0i0r10131619
VArZ2	2rr2k1/1p3pp1/3q3p/p3R3/1n1P4/1P3N2/P2Q1PPP/2R3K1 b - - 3 25	c8c1 d2c1 b4d3 c1f1 d3e5	1318	0g0s1019
VPdDd	2k5/1p6/8/1NP5/1NKP4/p7/8/1r6 b - - 2 49	b1b4 c4b4 a3a2 b5c3 a2a1q	1318	000g0p101h1n
VR985	5br1/ppp3kp/1r4p1/6B1/2qn1NP1/2Q5/PPP2P1P/3R2KR b - - 2 23	c4c3 b2c3 d4f3 g1g2 f3g5	1318	010s1019
VdYDc	r6k/1pq1pp1p/p2p4/2n2P2/2P3nP/1PN1QBr1/P7/2K3RR w - - 11 24	e3d4 g4e5 g1g3	1318	0g191o
W5XQ4	8/1pQ5/p3Nbpk/3p1p2/8/Pr6/8/2K5 b - - 0 41	b3c3 c7c3 f6c3	1318	0g0p0s1o
XKpMn	r4rk1/2p2ppp/1p2p3/1p2n3/P2qP3/6R1/6RP/4Q2K w - - 0 28	g3g7 g8h8 g7h7 h8h7 e1h4	1318	05101316191n
XsNR3	r1k3b1/3R4/1P6/PK3p2/4p1p1/2p3P1/7P/8 w - - 2 57	b6b7 c8d7 b7a8q	1318	000g0p0s1h1o
YZEMa	4r3/pp4k1/1n1p1ppp/1b3p2/3Pr3/1Bq1NQ2/P4PPP/1R4KR w - - 4 21	e3f5 g6f5 f3c3	1318	0g0j191o
ZOecW	r1b2r2/pp4bk/2pp2pp/3qnp2/8/1NP1QNPP/PP2PPB1/R3K2R w KQ - 4 17	f3g5 h6g5 g2d5	1318	0g0j191o
ZqmS1	5rk1/1p3ppp/p7/8/5Q2/8/PPq3rP/4RR1K w - - 0 23	f4f7 f8f7 e1e8 f7f8 e8f8	1318	0p1013161n
a4TUF	4k2r/pQ1p1ppp/1pnB4/4PP2/6q1/P7/2r3PP/1N3R1K w k - 3 23	b7c8 c6d8 c8c2	1318	0g191o
b0Sn3	8/2p3p1/2k5/1p3P2/p1p4p/P3RKbP/2r1N1P1/8 w - - 0 38	e2d4 c6d5 d4c2	1318	010p0s1o
bkQt4	1r6/p1p2pkp/2pp1qp1/7P/r7/1P1B4/P2Q1PP1/1K1R3R b - - 0 19	b8b3 a2b3 f6a1 b1c2 a4a2	1318	101316191k1n
cWx1r	8/2K5/1P1R2pp/5pk1/8/7r/8/8 w - - 0 53	b6b7 h3b3 d6b6 b3b6 c7b6	1318	000d0g0p101m
dMQFN	8/p1b1k1p1/4p3/1P1pq3/2p5/2P1P1QP/5P1P/1R5K b - - 2 41	e5e4 f2f3 e4b1	1318	0g0p0s1o
e2WM6	5r1k/p4p1P/5q2/8/2r1p1Q1/4P3/P3K3/6R1 w - - 0 33	g4g8 f8g8 h7g8q	1318	000p13151h1o
f6MGs	2r3k1/5p2/p3pp1p/8/1p6/1PN1P3/P1R2PPP/6K1 b - - 0 28	c8c3 c2c3 b4c3 g1f1 c3c2	1318	000g0p10
gRfGJ	8/1Q5p/P7/1Kp3pk/P4r2/4b3/8/8 b - - 0 43	f4b4 b5c6 b4b7 a6b7 e3f4	1318	0g0h0p101p
gwQan	r1b3k1/1p3p1p/p5p1/2p3P1/P1PpQ3/1B2B1KP/1P3n2/4q3 w - - 0 31	e4e8 g8g7 e3d4 c5d4 e8e1	1318	010j1019
hIV8w	r4rk1/2q2p1p/pp4p1/2pP4/P2bBn2/1P3Q1P/2P2PP1/3RR1K1 w - - 2 22	d5d6 c7d6 e4a8	1318	010j191o
hcYhn	r2q1r2/1b2pp1k/p5pp/1p1pP3/7N/3Q4/PPP3PP/R4RK1 w - - 0 19	f1f7 f8f7 d3g6 h7h8 g6f7	1318	050g0s10191n
iMzfF	8/1r6/4k2p/2Pb1pp1/p2K4/Bp3P2/6PP/1R6 w - - 0 38	b1e1 e6d7 d4d5	1318	010i0p1o
jBp1B	r3kbnr/ppp1pppp/1qn3b1/8/4P3/2NB4/PPP1N1PP/R1BQK2R w KQkq - 2 8	c3d5 b6c5 d5c7	1318	011c1o
nqaKX	6k1/1p3pp1/8/2P4R/pPbB3P/P1P5/6r1/3K4 b - - 0 36	c4e2 d1c1 e2h5	1318	010p0s1o
o3EC6	8/3b4/8/p1r5/P1Pk1pp1/R1R2P2/3r4/5BK1 w - - 0 35	c3d3 d2d3 a3d3 d4e5 d3d7	1318	010p101p
oR8As	4r1k1/5p2/2p4Q/8/1ppq4/6N1/1P3RPP/6K1 b - - 1 33	e8e1 g3f1 e1f1 g1f1 d4d1	1318	050p1013161g1n
otiS0	r1b1k2r/pp3pp1/5n1p/8/1b1qp3/6P1/PP1BPPBP/R2QK1NR w KQkq - 0 12	d1a4 c8d7 a4b4 d4b4 d2b4	1318	0g101c
ovyo3	3Q4/7p/4p1p1/3pkp2/2n5/7P/5PPK/r7 w - - 5 40	d8h8 e5d6 h8a1	1318	010p1o1p
p2UuO	8/8/R1r3p1/3k3p/2p1pP2/2K5/5P1P/8 w - - 1 38	a6c6 d5c6 c3c4 c6d6 c4d4	1318	0g0p101m
tCYEU	r1b1k1r1/ppp2p1p/3p3B/2n5/8/5P2/P1P1B1PP/R3R1K1 w q - 0 19	e2b5 e8d8 h6g5 g8g5 e1e8	1318	0k0m101316191d1n
tfoTz	8/1R2R3/5p2/2p2N1p/8/2Pk1n2/PP5r/3K4 b - - 4 43	h2h1 e7e1 h1e1	1318	0p13151o
uYGoU	8/6R1/p4p1p/4k3/2p1P3/2q4P/6P1/3R3K w - - 1 46	g7e7 e5f4 d1f1 f4e3 f1f3	1318	0g0p101j
v4xhX	3r2k1/p5b1/1p1q2Qp/4p2P/2b3n1/2P1P3/PP2B1P1/2K4R w - - 0 28	e2c4 g8h8 g6g4	1318	01191o
vWhEE	k6r/1p1Q4/p5P1/5P1r/P3P3/8/1Pq3B1/R4RK1 b - - 0 32	h5h1 g2h1 c2h2	1318	1315191n1o
vXPuM	2bk4/7R/1KP3p1/4rp2/7P/8/8/8 w - - 2 44	c6c7 d8e8 h7h8 e8f7 h8c8	1318	00010p0r101p
vbaRY	1r2r3/kp1q4/4pp2/p1Pp4/P2P4/1Q6/1P2BP2/R3K3 w Q - 1 29	b3b6 a7a8 b6a5	1318	0p13151o
w3CQO	3k2r1/ppp2Q2/8/8/4Pn1P/5P2/P2q2P1/5BKR b - - 2 26	g8g2 f1g2 d2g2	1318	0p13151o
wZD3v	5r1k/p1p3p1/1p2Q2p/n2pB3/3P4/PPq3P1/2P4P/R6K w - - 1 24	e6h6 h8g8 h6g7	1318	0p0y13151g1o
xRt5p	r2r4/pp2kp2/4pbp1/7p/5N2/P1P3P1/1P3P1P/3RRK2 w - - 1 29	f4d5 d8d5 d1d5	1318	0g0p111g1o
y0tAn	1r1kr3/p5R1/3p4/1pbP4/8/3B4/P7/1K2R3 w - - 7 34	e1e8 d8e8 g7g8 e8d7 g8b8	1318	050g0p0r101p
yB6ku	r1bq1rk1/pp3ppp/2p5/4b3/3pn3/P2BPQ1P/1PPB1PP1/R3K2R w KQ - 0 13	f3e4 f8e8 e4h7	1318	0g0y191o
yEebl	6k1/pp1R1p2/1b4p1/4q2p/2Q5/8/P1p2PPP/6K1 w - - 0 34	c4f7 g8h8 f7h7	1318	0p13151o
z92is	r7/pppk4/2n1nr2/3P2pp/2p5/B1P4Q/P1P2qPK/R7 w - - 1 24	d5e6 f6e6 a1d1 c6d4 d1d4 f2d4 c3d4	1318	01191w
zLd2P	2r3k1/6p1/p6p/2qnPp2/R2p4/1QbP1N1P/5PP1/6K1 w - - 2 33	a4c4 c5f8 c4c8 f8c8 b3d5	1318	010j10191g
zz1NU	5k2/ppp1R2p/2b2rp1/5p2/5b1P/1B6/PPr2PP1/4Q1K1 b - - 1 30	c2c1 e1c1 f4c1	1318	01191g1o
0vb5A	r1b1k1r1/pp3p1p/5q2/3p4/1P2n3/P4NP1/4PP1P/R2QKB1R b KQq - 0 14	f6c3 f3d2 e4d2 d1d2 c3a1	1319	0g1019
1DLhn	2r2rk1/1pq1bppp/p3p3/2n4n/4pB2/1NN3Q1/PPP2PPP/3RR1K1 w - - 6 17	f4c7 h5g3 c7g3	1319	01191o
1EuFZ	1r4k1/p3Pp1p/2n3p1/3P1b2/8/2P5/P2R2PP/5K2 w - - 0 27	d5c6 b8e8 d2d8	1319	0g0p1g1o
1F51a	r2q2k1/5pbp/p1p3p1/1p1p4/4PQn1/P2P3P/BPP2PP1/2KR3R b - - 2 20	g7h6 f4h6 g4h6	1319	01191g1o
1mMxc	3k4/6p1/p1KP2p1/8/PP6/8/7n/8 w - - 0 48	b4b5 a6a5 b5b6 h2f3 b6b7	1319	000g0p0z10
25BDH	3r1rk1/pp3pp1/3Pp2p/2p1B2B/2P3P1/1P1K4/P2Q1PqP/3R4 b - - 0 25	g2f3 d3c2 f3e4 d2d3 e4e5	1319	0g0s1019
5HdYt	rn1qkbnr/1b2p1pp/p1p2p2/1p2N3/P1pP4/4PQ2/1P3PPP/RNB1KB1R w KQkq - 0 8	f3h5 g7g6 e5g6 h7g6 h5h8	1319	01101c1t
7RXSK	4r1k1/pp3rb1/5BQp/q2b3P/2p5/2P2p2/PP3P2/1K1R1BR1 b - - 0 28	d5e4 g6e4 e8e4	1319	0g0s191o
8FFU8	6k1/pppq2b1/3pr1Bp/4r2P/2P1Np2/5P1Q/PP6/3R1RK1 b - - 4 26	e6g6 h5g6 d7h3	1319	0g0j191o
97hjH	4q1k1/3b3p/p2P2p1/4bp2/P4Q2/1P2N3/4rPPP/3R2K1 w - - 3 33	f4c4 e8e6 c4e2	1319	0g0s191o
AVIRf	6k1/5pp1/pnR1p2p/7P/8/3q1N2/1K1N1PP1/R7 b - - 0 33	d3b5 b2c2 b5c6	1319	0g0p0s111o
CDOj4	r3k2r/1b2ppbp/p1q2np1/3B4/Np2PB2/5Q2/PP3PPP/3RR1K1 b kq - 9 19	f6d5 e4d5 c6a4	1319	011112191o1t
DC0uF	6k1/pp2ppbp/2p3P1/8/2Q1N1P1/4P3/PqP1K3/3r4 w - - 0 23	c4f7 g8h8 f7e8 g7f8 e8f8	1319	0p101316
DSEjn	2R5/p3kp2/1p2p2p/4P3/3r3P/1P6/P3pQ1K/3q4 w - - 3 36	f2f6 e7d7 f6d8	1319	0p13151o
FPHNL	8/1p2r3/2p2Qpk/p1Pp3p/P3q2P/1P4PK/3Rn3/5R2 b - - 0 47	e4g4 h3g2 g4g3 g2h1 g3h3	1319	0p101316
HJipy	r4rk1/1bpp2pp/1p1P4/p1n2p2/2P3Nq/P1N3BP/1P3KP1/RB1QR3 b - - 0 21	f5g4 f2g1 h4g3	1319	010j0k191o
K82i0	4r1k1/pp3p1p/6p1/3p4/PP2q3/3p1R1P/3Q2P1/R5K1 b - - 1 33	e4d4 g1h2 d4a1	1319	010p0s1o
MTqfg	r4knQ/pp3p1p/4p3/4P3/8/1P1P4/PB1P1b1q/1K1R2Nb w - - 1 16	b2a3 f8e8 h8g8	1319	0g0i191o
NKO98	2k5/1p5p/p3p1r1/3r4/8/P1n1B3/2P2P1P/2R2KR1 b - - 9 23	g6g1 f1g1 c3e2 g1g2 e2c1	1319	050g0p0s10
ON7fn	r7/2p1qk2/1p1p1b2/3Pp3/p1PnP1Q1/P1N5/1P3P2/1K4Rr w - - 0 26	g4g6 f7f8 g6g8	1319	1315191o
OqC12	6k1/p1p2ppp/4b3/4P3/8/Pr2B1P1/4nP1P/R4R1K b - - 5 21	e6d5 f2f3 b3e3	1319	010i0p1o
Pke6T	2kr4/1b2Rp1p/p3p1r1/1p6/8/P6P/BPP3p1/3R2K1 w - - 2 27	d1d8 c8d8 e7b7	1319	010p1k1o
Qkkbm	6k1/pp2R3/7p/1q1b2p1/3Q4/6PP/PP3PB1/7K b - - 0 30	b5f1 h1h2 f1g2	1319	0p13151g1o
RQH1e	6r1/8/5R2/5p2/2R5/8/P4k1K/8 b - - 1 40	g8h8 f6h6 h8h6 c4h4 h6h4	1319	0p0r1013161m
TvxHo	rn2k2r/1pp2ppp/p3pn2/2b5/2BR4/2N1BP2/PPP4P/2KR4 w kq - 2 13	d4d8 e8e7 e3c5	1319	0j1315191a1o
UHXBs	6k1/5p1p/8/2q2p2/1p6/2n4P/1BQ1r1P1/2R4K w - - 2 39	c2e2 c3e2 c1c5	1319	010j0p111o
UKONm	8/PP5R/5p2/6p1/8/2P2k1K/r7/8 b - - 0 56	g5g4 h3h4 a2h2	1319	0p13151m1o
UP3vf	5rk1/5p2/5b2/6pP/Q2pP1K1/1R1P1PP1/PR6/2q5 b - - 0 35	c1c8 a4d7 c8d7	1319	0p13151o
UZRaN	6r1/ppq1kp1p/2p1ppr1/2P5/4Q3/2P3PP/PP3P2/1R3RK1 b - - 0 21	g6g3 f2g3 c7g3 g1h1 g3h3	1319	0p0y1013161n
UoYz9	r4r1k/5pbp/pp1N2p1/3Pn3/2PQ3q/2B4P/PP2B1P1/R3R1K1 b - - 1 25	e5f3 e2f3 g7d4 c3d4 h4d4	1319	010j0y1019
Vl5Ye	4r1k1/p1p3N1/7p/1P2Pp2/2P5/P6b/7r/R3KBR1 b Q - 0 28	e8e5 e1d1 h3g4 g1g4 f5g4	1319	0g0r1019
VwVI3	Q4R2/7k/4b1p1/3qr3/8/2p5/2P5/K7 w - - 1 48	f8h8 h7g7 a8f8	1319	0p13151o1u
ZC6yT	r6r/p3qk2/bp4R1/2pp1pP1/6n1/2P3P1/PP3PK1/R1B1Q3 w - - 0 27	g6g7 f7g7 e1e7	1319	050g0i191o
ZnKdL	r1bqk2r/p2p1pp1/2p1p1p1/2b1P3/5P2/8/PPP3PP/RNBQ1R1K b kq - 2 12	h8h2 h1h2 d8h4	1319	050y1315191n1o
f6uKG	8/6k1/6p1/4r3/2PQ2PK/4r3/8/8 b - - 0 58	g6g5 h4h5 e3h3	1319	0p111213151j1o
f8jM6	8/7p/4p1p1/2B5/1P2PP1P/5kPb/6r1/R4K2 b - - 0 49	g2a2 f1e1 a2a1	1319	0g0j0k0p1o
fbWeM	7r/pp4R1/2p1k3/3pP3/3P4/P6r/1P2K3/6R1 w - - 3 37	g1g6 e6f5 g6f6 f5e4 g7g4	1319	0p1013161m
fcaiq	8/p2Q2pk/7p/5p2/2B5/4p3/P5q1/3K4 w - - 0 46	d7f5 g2g6 c4g8 h7g8 f5g6	1319	0g0i0p10
fmJal	2r2rk1/4bppp/4p3/1Q1n2PP/pq1N4/4B1N1/1P3P2/1K1R3R b - - 1 28	d5c3 b1a1 c3b5	1319	0g191g1o
h96uH	r1b1k3/pp2r1p1/2q5/3R4/3QP3/6Pp/PP5P/4R1K1 w q - 1 27	d5d8 e8f7 e1f1 f7g6 d8d6 g6h7 d6c6	1319	0g0r0s191w
jJNhg	5rk1/p5pp/4R3/1Ppr4/P7/B7/5nPP/5RK1 b - - 1 26	f2h3 g2h3 d5g5 g1h1 f8f1	1319	0i0p1013161n
lqwWE	4r2r/5pkp/p2Q2pb/1p1B4/3NPn2/5P1q/PP2KP2/R6R w - - 3 30	d6f4 h6f4 h1h3	1319	01191o
m2aeI	1r4k1/3bpp1p/p2p2p1/3P4/qr2P1P1/5P2/PP1QB2P/KR5R b - - 6 26	a4a2 a1a2 b4a4	1319	051315191n1o
p4Xhn	8/2r3p1/4pk1p/8/3K1P1P/2P3P1/4p3/R7 b - - 1 39	c7d7 d4e3 d7d1 e3e2 d1a1	1319	0g0p101m
pWaUw	8/6R1/2p2Bp1/3p1kP1/b1pP4/5K2/5PP1/4r3 w - - 8 47	g2g4 f5e6 g7e7 e6d6 e7e1	1319	0g0p101p
qSmow	8/p2r1k2/1pR3p1/4P2p/4P3/P3K3/1P6/8 w - - 2 41	e5e6 f7e8 e6d7	1319	000g0p0s1m1o
r6bDa	6k1/4P1p1/7p/8/4Q3/p1PPK3/8/q7 b - - 0 44	a1e1 e3d4 e1e4 d4e4 g8f7 e7e8q f7e8	1319	0g0p1i1w
sAEfi	3rk3/2R2r2/pN2pp2/Pb2p3/1p5p/6PP/1P3PK1/3R4 w - - 0 31	d1d8 e8d8 c7f7	1319	0g0p111o
t0EGK	8/3k1r2/2n4R/2B2P2/2p1K1P1/8/3p4/8 w - - 0 60	h6d6 d7e8 d6d2	1319	010p111o
t4FcU	6k1/1pr3p1/p2q1b2/7R/4Q3/1N3P2/PP6/1K6 w - - 1 31	e4e8 d6f8 h5h8 g8h8 e8f8	1319	050g0i0p10
uk4Y9	1R6/3r1pk1/3p2p1/4p3/3r2Pn/5P1P/5Q1K/8 b - - 2 46	d4d2 f2d2 h4f3 h2g2 f3d2	1319	050g0i0p0s101g1n
upn7D	r2q1rk1/5pp1/p1pbbn1p/2pp2N1/5P2/PP2P3/1BQP2PP/RN2K2R w KQ - 0 13	b2f6 e6f5 c2f5	1319	0g191o
wUL2E	1k6/p4pp1/Qp6/1R1r3p/P1q5/7P/2P3P1/7K w - - 1 30	b5b6 a7b6 a6c4	1319	010j0p1o
wqSMh	r2q4/1pp2kpp/8/p2p2r1/4n1b1/1QB5/PP3PPP/RN3RK1 w - - 2 16	f2f3 g4h3 f3e4	1319	010j0k0s191g1o
yu09Z	5rrk/p1p2qpp/1p1p4/2nPp1Q1/7R/4P2P/PPP2P2/2K3R1 w - - 4 26	h4h7 h8h7 g5h4 f7h5 h4h5	1319	050y101316191n
zoRQP	r4rk1/pbp1npbp/1pnq2p1/3N4/2B5/5N2/PPP2PPP/R1BQR1K1 w - - 1 12	d5e7 c6e7 d1d6 c7d6 e1e7	1319	0b0g0j0y1019
zxRdY	6k1/7p/p2p2p1/3b1RQ1/8/P6P/1q1r2P1/7K w - - 0 32	g5d8 g8g7 d8f8	1319	0p13151o
0BmMI	R7/8/2kr4/1p6/pKp5/P7/1PP5/8 w - - 2 45	a8a6 c6d7 a6d6 d7d6 b4b5	1320	0g0p101m
2ft13	r2qk3/pp3pQ1/2p5/3pP3/4n2r/2NBP1p1/PP4P1/R1B2RK1 b q - 0 16	h4h1 g1h1 d8h4 h1g1 h4h2	1320	050y101316191n
4C2uS	8/3k1pp1/2p1p3/3n1p2/P2P1P2/6Q1/2K3Pr/8 b - - 4 32	h2g2 g3g2 d5e3 c2d2 e3g2	1320	050g0p0r0s101n
4LaPl	r5r1/1p6/2p2k2/b2p4/3Pp2q/B3P1NP/4KP2/R6Q w - - 7 30	a3e7 f6e7 g3f5 e7d7 f5h4	1320	01050r0s10191n
5UeLz	5rk1/ppqrR3/5pp1/2pp1Nn1/5b1N/1P5P/P1P3P1/5RK1 w - - 0 26	f5h6 g8h8 h4g6	1320	0f0w0y1315191o
6drws	6k1/6p1/3p1b1p/1rpPn3/K6P/4B1P1/8/R4R2 b - - 1 38	b5b4 a4a5 e5c4	1320	0g0p1o
6wg2Q	r1b2rk1/3nbppp/ppq1p3/4P3/P7/4B3/1PPNB1PP/R2Q1R1K w - - 1 17	e2f3 c6c7 f3a8	1320	0g1c1o1p
91F3R	rnb4r/ppp3k1/8/5Pp1/2pP4/8/PPP1N1PR/R4K2 w - - 0 20	f5f6 g7g8 f6f7 g8f7 h2h8	1320	00010i0r1019
9VjjX	r1b2k1r/ppN1bppp/1q6/4Q3/4P1n1/8/PPP2PPP/3RKB1R w K - 7 13	d1d8 e7d8 e5e8	1320	13151c1n1o
AMNT2	r1bqk2r/ppp2ppp/3p1nn1/3Pp1B1/1bP1P3/2N2N2/PP3PPP/R2QKB1R w KQkq - 0 8	d1a4 c8d7 a4b4	1320	0g0s1c1o
AVVZG	1r2k2r/p2b3p/1q2ppp1/3p4/2P1nB2/2P2QP1/P3PPBP/R3K2R b KQk - 2 16	b6b1 f4c1 b1a1	1320	0g191g1o
ApFpo	6k1/3N3p/1p2p1p1/rP6/3Pb3/5pP1/5P1P/2R3K1 w - - 2 34	d7f6 g8f8 f6e4	1320	010p0s1o
BNmvm	6k1/5p2/8/5Q2/P3P2q/2r1R3/5P2/5K2 b - - 1 35	h4h1 f1e2 c3c2 e2d3 h1d1	1320	0p101316
CWC1n	2r1r1k1/1p2P2p/p4bpQ/q7/2b3P1/1BN2P2/PPP5/2KR3R b - - 1 21	f6g5 h6g5 a5g5	1320	0g0s191o
D4sh8	r1bqk2r/3nnpp1/p2Q3p/1p1N4/4P3/1p6/PPP2PPP/R1B1K2R w KQkq - 2 13	d5c7 e8f8 c7a8	1320	010s1c1o
DriCb	rn3rk1/ppp2ppp/3p2q1/2bP4/2B1b3/P4N1P/1PP1QPP1/R1B2RK1 w - - 4 13	f3h4 g6f6 e2e4	1320	01191o
Ep0YA	rn3kn1/ppp2pp1/3b2p1/3pN3/3P2Pq/7r/PPP1QP2/RNB1R1K1 w - - 6 13	e5g6 f7g6 e2e8	1320	0d13151c1n1o
HNvuu	2k3r1/bppq1p2/2np1p2/1P1Bp3/4P3/2PP2N1/5P2/R2Q1RK1 b - - 0 21	g8g3 g1h2 d7h3	1320	0y1315191g1o
HkaLU	2k4r/pp1r2p1/3P1p1q/3Rn3/2P5/1P6/P4PQB/5RKB b - - 2 28	e5f3 g2f3 h6h2	1320	0i0y1315191o
KISDb	6k1/5ppp/4p3/Rp2r3/P4n2/1B3P2/2P2P1P/3r2RK b - - 6 26	d1g1 h1g1 e5e1	1320	050p13151o
NAWzm	8/pp6/4p1kp/5r2/4Qnq1/2P2N2/PP3KP1/R7 w - - 5 33	f3e5 g6g5 e5g4	1320	0g0p0s1o
Nz8El	6k1/ppp3r1/7p/3p3N/1P1Pp2P/P1P3p1/R4rR1/4K3 b - - 3 31	f2a2 g2a2 g3g2 a2g2 g7g2	1320	000g0p10
OZTSv	4q2r/p2k2p1/2pp1n2/1p6/6p1/1BN2PQ1/PPP3P1/R5K1 b - - 0 19	e8e3 g3f2 h8h1 g1h1 e3f2	1320	0g0i0y1019
Pt1Xv	r1bqnrk1/ppp2ppp/4p3/2n1P3/5B2/3BP3/PP3PPP/RN1QK2R w KQ - 3 11	d3h7 g8h7 d1d8	1320	0g0j0y1c1o
QQDJO	r3k2r/pp2ppbp/5np1/3qB3/8/5Q2/1P1N1PPP/R3K2R w KQkq - 0 17	f3d5 f6d5 e5g7	1320	01191o
RExx5	5r1k/pp4pp/3RP3/5q2/2P5/1P4Pp/P7/4Q2K b - - 0 32	f5f3 h1g1 f3g2	1320	0p13151o
SFdzW	3rnrk1/1p2bppp/p1b1p3/4P3/Pn2N3/1B3N1P/1PPB2P1/R4RK1 b - - 1 17	c6e4 d2b4 e7b4	1320	010t191o
SUhwA	8/8/2pk4/p5p1/2KP2P1/8/P7/8 w - - 0 35	a2a4 d6e6 c4c5	1320	0g0p1e1l1o1z
TI0Wc	6rk/p4Qpp/1p4r1/4p1b1/4q3/5RP1/PP5P/2q2RK1 w - - 0 31	f7g8 h8g8 f3f8	1320	051315191n1o
TljMO	6k1/R7/1p2rqpQ/p1p4p/2P4P/8/P4PPK/8 b - - 5 43	f6h4 h2g1 e6e1	1320	0p13151o
VH77x	4k3/3q3p/7Q/p4p2/1b6/3p1BP1/1P3PKP/8 w - - 4 34	f3c6 d7c6 h6c6	1320	0g0p1g1o
X8wE3	8/8/1pR3pR/3p1k2/4b3/PrP1K3/8/8 b - - 9 50	d5d4 e3d4 e4c6	1320	0g0j0p1g1o
XQwvo	4r1qk/pp1n1b2/3P3p/4p3/7Q/2P5/P5PP/5RK1 w - - 0 29	h4h6 g8h7 h6h7 h8h7 f1f7 h7g8 f7d7	1320	050g0p0r0s1w
a3Ot0	R7/6qp/p7/kp6/5R2/P2N4/2PK4/8 b - - 1 43	g7g2 d2e3 g2a8	1320	010p0s1o
aDtdF	1r4k1/5ppp/1p3p2/p7/P2q1n2/1BP2PQP/1P4P1/6RK b - - 0 30	d4g1 h1g1 f4e2 g1f2 e2g3	1320	050g0p0s101n
c0HrP	2kr3r/ppp2pp1/8/3b3p/6n1/1PN3P1/P1PQBq1P/R1K4R w - - 0 18	e2g4 h5g4 d2f2	1320	0g0j191o
dkoU1	r3kb1r/ppQ1qppp/2p1pn2/8/2N5/7P/PPP2PP1/2KR1B1R w kq - 3 17	c4d6 e7d6 d1d6	1320	0g11191o
fd5g1	5r1k/pp2rBpp/2bp4/5Q2/8/6R1/P3q1PP/R5K1 w - - 3 26	f5h7 h8h7 g3h3 e2h5 h3h5	1320	05101316191f1n
gOZ25	3r2r1/ppp3R1/4bR1p/2P1p2k/1P6/P6P/6PK/8 w - - 2 33	g2g4 e6g4 h3g4 h5h4 f6h6	1320	0p101316
gW3Ck	r2q1k1r/ppp3pp/2n5/4b3/3pnPb1/2P3Q1/PP4PP/RNB2RK1 w - - 0 14	f4e5 f8g8 g3g4	1320	010j0k1c1o
gmv89	3R4/bpr2kp1/p3qp1p/3Qn3/8/P1B1P1P1/1P3PKP/8 w - - 6 28	d8f8 f7f8 d5e6	1320	010i191o
h95FN	R7/2p2k1B/2pbr2p/3pB3/5Pb1/2P3P1/6P1/6K1 w - - 12 38	h7g8 f7e7 g8e6	1320	010p111o1p
hlt2x	r3k2r/5p1p/qQ3p2/3pp3/8/4PK2/5PPP/1R5R w kq - 2 20	b6a6 a8a6 b1b8 e8d7 b8h8	1320	0d0g0p101p
j0Rsb	rnbq1r1k/6b1/3p2B1/ppp4p/4P3/P1NPQ1N1/1PP3PP/R4RK1 b - - 0 17	g7d4 e3d4 c5d4	1320	01191g1o
j6IhX	6B1/R5p1/4p1kp/2pp4/5KPP/p2r4/n7/8 w - - 0 45	h4h5 g6f6 a7f7	1320	0p13151d1o
jFmOQ	r1b2rk1/pp3pp1/2n4p/2pP4/5nq1/2N2N2/PP3PPP/R2QRBK1 b - - 2 15	f4h3 g1h1 h3f2	1320	0g0i0y1c1g1o
jU9XV	r3k2r/1pp1bppp/p1bqnp2/3N4/2B5/4Q3/PPP3PP/2KR2NR w kq - 6 15	d5f6 g7f6 d1d6	1320	010j191o
lMGqn	2r5/4bkpp/1Rn1p3/3p2p1/3P2P1/3NP3/5PKP/4B3 w - - 2 31	b6c6 c8c6 d3e5 f7e8 e5c6	1320	050g0p0s101n
lPJic	r2qkb1r/pp3pp1/2n2p1p/1BP5/N2pP1b1/5N2/PPP2PPP/R2QK2R b KQkq - 3 9	d8a5 c2c3 a5b5	1320	0g0s1c1o
lzf3s	2rq1bk1/5ppp/b1p5/p2p1N2/P3rP2/2P1B1QP/1P3KP1/R6R w - - 2 22	f5h6 g8h8 h6f7	1320	0g0i0y191g1o
mOhMc	k1r5/p7/1pN5/1N5p/8/q3P1P1/P2r1PP1/KQR5 b - - 4 41	d2a2 b1a2 a3c1	1320	0g0i191o
miRdV	8/1R4p1/4k3/4b3/1p6/4RP2/K1P5/7r b - - 4 39	h1a1 a2b3 a1a3 b3b4 a3e3	1320	0g0p0r101p
nYaGg	3r1r2/1b3pkp/p1n3p1/1p2p3/3nPqQ1/P4PNP/BP4P1/2RR3K w - - 10 29	g3h5 g7g8 h5f4	1320	0g191g1o
nbdMZ	2r1r1k1/ppp1Rpp1/3p3p/2n5/2B2BP1/1P3P2/P1b4P/R5K1 w - - 1 18	c4f7 g8f8 e7e8 c8e8 f7e8	1320	010s1019
noZE0	5rk1/3Nbpp1/1q2pn1p/8/1p1P4/3Q3P/1P1BbPP1/1B4K1 w - - 2 27	d7f6 e7f6 d3h7	1320	0y1315191o
oIvMU	r1b1kb1r/pp3ppp/3p4/q1pP4/1n2N3/5N2/PP3PPP/R1BQKB1R b KQkq - 0 10	b4c2 e1e2 c2a1	1320	010k0m1c1o
omMfs	2r4r/5pk1/pp2p1p1/2p1b3/3pb1qN/2P2RP1/PP2QKB1/7R w - - 0 29	f3f7 g7f7 e2g4	1320	0g0j11191o
ornga	5rk1/1pp3p1/3RP2p/p4p2/5nq1/P5P1/1PB2Q1P/5RK1 b - - 0 27	f4h3 g1g2 h3f2	1320	010s191o
puOkf	2r2rk1/pp1qppbp/6p1/2B4n/6b1/1BNP4/PPP2QPP/4RRK1 b - - 4 16	c8c5 f2c5 g7d4 c5d4 d7d4	1320	0g0s10191n
pubIz	r1q1r2k/p1p1BQ1p/1p1p1npb/5p2/3P4/2P1P3/PP3PPP/R4RK1 w - - 0 20	e7f6 h6g7 f7g7	1320	0t0y1315191o
q3tJt	rq2r1k1/5pp1/2p1p2p/bbPn4/2NP3P/6P1/1BQ1PPB1/R2R2K1 b - - 0 26	b5c4 c2c4 b8b2	1320	010b0j191o
rLZ4X	2b2rk1/6p1/7Q/3Pqp2/2p1P3/2P3R1/1r3PPP/3B1RK1 b - - 0 30	e5g3 h2g3 g7h6	1320	01191o
sEuKA	4r1r1/1b1qbp1k/pp2pBp1/2p3QP/2p2P2/1P1PP3/P1N2K1P/R4R2 w - - 1 24	h5g6 g8g6 g5h5 g6h6 h5f7	1320	10131619
sZ6Cp	4rrk1/p4q2/1pQ4p/6p1/3p4/8/P1P1RBPP/4R1K1 b - - 0 29	f7f2 e2f2 e8e1 f2f1 e1f1	1320	0i10131619
sedxZ	7Q/6Q1/4p3/3pP3/3P4/1n2B3/1k3P1K/q4q2 b - - 0 51	f1h1 h2g3 a1g1 g3f4 h1e4	1320	0p0r101316
sgeer	8/R4p1p/p4kp1/1p4N1/7P/1b6/3r1PP1/6K1 w - - 6 35	g5e4 f6f5 e4d2	1320	010p0s111o
wHEAC	r4r1k/p1qnb1pp/bp2B3/2ppp3/3P3R/1P2P1P1/PBP4P/RN1Q2K1 w - - 0 16	h4h7 h8h7 d1h5	1320	050y1315191n1o
xOJG8	r4rk1/pp3pb1/3pp1p1/3n2q1/7p/2PQPP2/P4PNP/1RB2RK1 w - - 0 20	e3e4 g5f6 e4d5	1320	01191o
yehqU	2kr3r/1bp3R1/2q1p3/1p2P3/2pPN3/B1P1nQ2/6PP/R5K1 b - - 2 24	c6e4 f3e4 b7e4	1320	01191o
yiW4G	3r2k1/1p3pp1/p6p/8/7P/1B3qP1/P2r3R/2Q2RK1 b - - 0 29	f3g3 g1h1 d2h2	1320	1315191o
0ZojH	3rr3/8/pp2pbk1/5qp1/3P4/5NQ1/PP2KPP1/3R4 w - - 6 36	f3h4 g6g7 h4f5 e6f5 e2f1	1321	010h10191g
1TsQj	3r2r1/2p5/1p1p1k1p/p3n2R/2P1Bb2/1PB2p2/P4P1P/3R3K w - - 2 39	h5f5 f6e7 f5f4	1321	010s191o
1qB3x	Q7/1R3p2/1p6/7p/1p6/2P1K1kP/5r2/6b1 b - - 0 52	f2a2 e3d3 a2a8	1321	0g0j0k0p1o
35eVK	1R6/7p/6p1/k1B3P1/1pK1Pn2/5P2/P3r3/8 b - - 12 47	e2c2 c4d4 f4e6 d4d5 e6c5	1321	010p1011
3Bfik	r4r1k/2qnb1pB/bpn1p3/p2pP1NQ/3P3P/P5P1/1P4K1/R1B3NR b - - 4 18	a6f1 g2h2 f8f2	1321	1315191f1o
4y26R	8/4bp2/4p1p1/3pP1Pp/kp3P1P/1n1N4/K7/4B3 w - - 0 56	d3b2 a4a5 a2b3	1321	010i0p1o
5AA6w	r1b3k1/ppp3pp/3p4/2b1pP2/7R/P2P4/1PPBQPq1/R3K3 b Q - 1 19	g2g1 e2f1 c5f2 e1e2 g1f1 a1f1 f2h4	1321	040g0s191w
5EWJj	5N1k/6p1/2Q4p/1p1pPp2/3q1P2/1P6/6PP/r1R4K b - - 2 35	d4d1 c1d1 a1d1	1321	060p13151n1o1y
5WWGH	5r2/4ppkp/P2pbnp1/q1r5/4P3/1P3P2/P2QB1PP/R4R1K w - - 1 19	b3b4 a5a4 b4c5	1321	0g0s191o
5iO8w	3r2k1/1p6/1p5p/3bQp1q/7P/3B1RP1/PPP3K1/4R3 b - - 0 34	h5f3 g2h3 f3g2	1321	1315191o
6TGIK	6k1/1p1bpp1p/pPr5/P1Pp2p1/3p4/3Pq1P1/2R1P1BP/2Q1RK2 b - - 4 28	c6f6 g2f3 d7h3	1321	071315191g1o
7A5sq	8/8/4R3/1r3pK1/8/5PPP/2k3n1/8 w - - 11 60	e6e2 c2d3 e2g2 d3e3 f3f4	1321	0g0h0p0s10
86DV9	r7/3k4/P6R/3K3p/2P5/6b1/8/8 w - - 2 48	h6h7 d7c8 h7h8 c8c7 h8a8	1321	0g0p0r101p
94u4u	3q2r1/5R2/pk6/2r5/8/2P2Q1P/P5P1/6K1 w - - 0 34	f3b7 b6a5 b7b4	1321	0p13151o
BeVyC	8/8/1K6/4p2p/8/Pk4P1/8/8 w - - 2 50	b6c5 e5e4 c5d4	1321	0g0p11121e1o
D4oSo	1qb2rk1/p2p2pp/2pbp3/5p2/3Q1P2/3B4/PrPB2PP/R4R1K w - - 2 18	d2c3 f8f7 c3b2	1321	01191o
DJ7Me	r1br2k1/2q2ppp/p2ppb2/2p5/N3P3/4Q1P1/PPP2PBP/3RR1K1 w - - 0 19	e4e5 f6e5 g2a8	1321	010j191o
Dzjb6	8/4b3/6p1/2p2p2/4k3/2R2NP1/r4P1P/5K2 w - - 4 50	c3e3 e4d5 e3e7	1321	010p1o1p
GlQWo	8/4R2R/5kp1/8/8/p5KP/1q6/8 w - - 0 56	h7f7 f6g5 h3h4 g5h6 f7h7	1321	0p1013161j
H5SIy	r1bqkb1r/pp3ppp/2n5/1Bp5/3pN3/3P4/PPP2PPP/R1BQK2R b KQkq - 0 10	d8a5 c2c3 a5b5	1321	010s1c1o
HYkaI	8/1p6/p2k4/7R/2PnPr2/2N5/PP6/2KNr3 w - - 9 38	h5d5 d6c6 d5d4	1321	010p0s111o
HtFfU	8/1p2Q2p/5ppk/1p2b3/5P2/P6P/1P4PK/2q5 w - - 2 32	e7f8 h6h5 g2g4 h5h4 f8h6	1321	0p101316
IjwRG	rn5k/1bp3p1/p5pn/2b3N1/2B4q/P4P2/6PP/3R1R1K w - - 0 27	d1d8 c5f8 d8f8 h6g8 f8g8	1321	0y101316191d
JbtHS	8/2qk1p2/p3p3/1p6/4QrP1/1P3N2/P3K1P1/8 w - - 15 42	f3e5 d7e7 e4f4	1321	010p0v1o
LiFbC	rnbq1r2/pp2b1pk/4p3/3pP1P1/7P/2p5/PP3P2/RN1QK2R w KQ - 0 14	d1h5 h7g8 g5g6 f8f5 h5h7 g8f8 h7h8	1321	1317191w
O9uOo	8/1R3ppp/P1k1p3/8/p2bP3/5P1P/6P1/7K b - - 1 40	a4a3 b7b4 a3a2	1321	00010p111o
Onjcg	r4bk1/pp3rpp/n1p2p2/5N2/8/5NR1/PB2bPPP/R5K1 w - - 8 23	f5h6 g8h8 h6f7	1321	0g0y191g1o
P0F7t	r4k2/5P1p/2p5/1p1pN3/3n4/6P1/6KP/5R2 w - - 0 36	e5d7 f8e7 f7f8q a8f8 d7f8	1321	00010p0r101h
Q77U5	rnb2rk1/ppp2ppp/8/3P4/2BN2nq/3Pp1B1/PPP2PP1/RN1Q1RK1 b - - 1 11	e3f2 f1f2 h4g3	1321	000g0y1c1o
QKJIe	r1b3k1/pp4pp/1bp4q/3pr3/8/2PB4/PPQN2PP/R4R1K w - - 4 20	d3h7 h6h7 f1f8 g8f8 c2h7	1321	0g0i0y10191n
QezRN	rn2k1nr/ppp1qpb1/3p2p1/6p1/2B1P3/2N4Q/PP3P1P/R1B1K2R w KQkq - 0 11	h3c8 e7d8 c4f7 e8f7 c8d8	1321	040g0i101c
RjLzc	6k1/ppp3p1/3r2P1/8/8/3qP3/PP6/2K2R1R w - - 2 28	h1h8 g8h8 f1f8	1321	050p13151j1n1o
SOnCC	7k/2pp1p2/5rp1/pp1PQ2p/7q/3P1nP1/PPP2P1P/2KR4 w - - 1 26	e5e8 h8g7 g3h4	1321	0g0p1o
T2iML	3r4/5pk1/8/6P1/p6P/1p1B4/bP1K4/2R5 b - - 0 34	a4a3 b2a3 b3b2	1321	000g0p1o
UqmK1	rnb2k2/pp4q1/2p3Qp/2bnP3/2Bp4/8/PPP3PP/RNB3K1 w - - 0 15	c1h6 g7h6 g6h6	1321	0g1c1g1o
UyiZr	1r2r3/3q3R/2p1kp2/pp1p2p1/P2P2P1/2PQ1P2/2P2K2/8 w - - 0 36	d3f5 e6d6 h7d7	1321	0p0x1113151o
VKAgS	kr5r/pp5q/2p5/2Pp1p2/QR1P2n1/P3PNP1/5PKp/1R6 w - - 2 30	a4a7 a8a7 b4a4	1321	051315191k1n1o
WffP6	1Q6/p2pkp1p/b6p/q7/2n1P3/1PN2N2/P1P3rP/2KR3R b - - 0 16	a5a3 c1b1 a3b2	1321	1315191k1o
Wnt6R	5r1k/p1R3p1/7p/5rq1/4R3/2Q2P2/P5PP/6K1 b - - 0 31	f5f3 c3e1 f3f1 e1f1 f8f1 g1f1 g5f5 f1g1 f5e4	1321	050g0p0s1g1w
YKU5s	4r1k1/6p1/3p1pP1/3PqP1Q/1p6/rbb1B3/2P2K2/3R2R1 w - - 0 35	h5h7 g8f8 h7h8 f8e7 h8g7 e7d8 e3b6 d8c8 g7c7	1321	0i1318191w
YnW5c	5r1k/pp5p/3q1p1Q/4pR2/8/2P5/P1P2PPP/3rRK2 b - - 6 29	d6a6 c3c4 a6c4 f1g1 d1e1	1321	060i0p101316
ad80S	2b2r1k/6pp/p6q/2PpQB2/3P4/1P5R/1P3P1P/1K6 b - - 10 31	c8f5 e5f5 f8f5 h3h6 g7h6	1321	0g0p0s10
agZdT	3r4/4r1pp/5k2/p7/1p2R3/3p4/PP4PP/3R2K1 w - - 3 34	d1f1 f6g6 e4e7	1321	0g0i0p1m1o
bqjF3	r1bqk2r/3n2p1/p3p1p1/1pbpP3/5P2/1BN5/PP4PP/R1BQ1R1K b kq - 2 15	h8h2 h1h2 d8h4	1321	050y1315191n1o
ctcWJ	3r1rk1/5p1p/1n3Qp1/p7/Pp1p1P2/1B3q1P/1P3P2/R2R2K1 w - - 0 26	b3f7 f8f7 f6d8	1321	0g0i0y1112191o
flyAu	6R1/1p2r2k/p2pBpp1/1q1Pp2p/1P1n3P/P3Q1P1/5PK1/8 w - - 8 30	g8h8 h7h8 e3h6 e7h7 h6f8	1321	050p1013161n
gAtCX	Qn6/p7/3kP3/2pp3B/7p/2b5/P1P2P1q/1RB2K2 b - - 0 24	h2h1 f1e2 h1e1 e2f3 e1e4	1321	10131619
gNVKx	8/p5p1/1p5p/1P1k4/1P1N3r/2PK3P/6P1/8 w - - 3 43	c3c4 d5d6 d4f5 d6e6 f5h4	1321	0g0p0s1011
gTtvQ	2r3k1/pp4pp/4p3/3p1Q2/5P2/BP4P1/P1r2q1P/4R2K w - - 0 25	f5e6 g8h8 e6e8 c8e8 e1e8	1321	060p1013161n
kOXfz	r1b2rk1/1pN2ppp/p4q2/3pnP2/8/8/PPP1Q1PP/R1B2RK1 b - - 1 18	f6b6 e2f2 b6c7	1321	010s191o
kOoFy	r4rk1/ppb3pp/2pqb3/4pP2/2Bp3n/1P3N1P/P1P1QPP1/R2R2K1 w - - 0 19	c4e6 g8h8 f3h4	1321	0g0w0y191o
kU1pb	8/p2Q4/6pp/1P1p2pk/3rq3/6P1/5P1P/6K1 w - - 10 44	d7h3 e4h4 g3h4	1321	0g0p1o
lr1LZ	3r3k/1p4p1/7p/7q/1P1NRQb1/P7/6P1/6K1 w - - 1 52	f4g4 h5g4 e4g4	1321	010p11121o
mKHDg	6k1/pp1n1p2/2p1n1pp/B2p4/3P4/5PNP/PPP1r1P1/2R3K1 b - - 1 24	e6f4 g3e2 f4e2 g1f1 e2c1	1321	010p0s101n
mNguO	3r4/pp3pk1/6r1/8/q2N1P1p/P1PQ4/1P4P1/1K1R4 w - - 1 35	d4f5 g7h7 d3d8	1321	0g0j0p1o
mnkJK	2r4r/pp1n3p/3k1b2/q3pQ2/3pP2p/5N2/P1PR1PPP/5RK1 w - - 0 22	d2d4 e5d4 f5a5	1321	0g191o
n6iMn	r5k1/3nrp2/5qp1/2p5/2Bb4/1P3P2/P1Q4P/1K1R2R1 w - - 2 29	g1g6 g8f8 g6f6	1321	0g191g1o
ohEGO	2k5/3r1R2/p1q5/1p2pQ2/2p5/2P3P1/PP3PP1/2K5 b - - 0 25	c6h6 c1b1 h6h1 b1c2 h1d1	1321	0p101316
p9VpX	3rr1k1/2p2pp1/1p5p/pb2R3/8/5N1P/PPP2PP1/3R2K1 w - - 1 26	d1d8 e8d8 e5b5 d8d1 g1h2	1321	010p10
qIxiT	r1bR4/p4pkp/2p1pq2/1p6/4pP1Q/8/PPP2KPP/8 w - - 2 27	d8g8 g7g8 h4f6	1321	0g0i0p1o
rFOxa	1r5k/8/2b1N1p1/R1P1P3/8/1p2B1NP/1P3rPK/4R3 b - - 0 33	f2g2 h2h1 g2g3 h1h2 g3g2	1321	010i0j0k1019
rednh	r5q1/2p1n1rk/p2P1Q1p/1pP2p2/1P2p3/P4p1P/1B1N1PP1/3R1RK1 b - - 0 24	g7g2 g1h1 g2h2 h1h2 g8g2	1321	050y101316191n
scbLP	5k2/6pp/1q1P1rb1/1p3n2/1p1Np3/1Bp4P/P5P1/R5QK w - - 1 39	d4e6 f6e6 g1b6	1321	0g0j191o
uUNQK	r3kb1N/2p3q1/p2pb2p/1p1n2p1/4P3/3P2B1/PPQ2PPP/5RK1 w q - 0 17	c2c6 g7d7 c6a8	1321	0g0s191o
wDp8E	r2qkb1r/pp2pppp/2n5/1B4B1/3Pp3/5P1P/PPP2P2/R2QK2R b KQkq - 0 10	d8a5 c2c3 a5b5	1321	010s11191o
wJacZ	r1bqkb1r/pp3p2/2n4p/1Bpp2p1/8/3P1NB1/PPP2PPP/R2QK2R b KQkq - 1 11	d8a5 c2c3 a5b5	1321	010s1c1o
yXnvn	R7/2k5/1N4pp/P1nPpp2/7P/r7/4K3/8 w - - 1 50	a8c8 c7b7 c8c5	1321	0g0p1o1p
0MoBR	R7/P7/8/5pp1/5k2/r6P/6P1/7K b - - 1 45	f4g3 a8b8 a3a1 b8b1 a1b1	1322	0p1013161m
0g443	r3kb1r/1p2n1pp/p2PQp2/2p5/8/2q1P3/P4PPP/R2R2K1 w kq - 0 19	d6d7 e8d8 e6b6	1322	001315191o
1bmwN	r3k1r1/1p6/p2BP1b1/2p5/2P3PQ/3P4/Pq6/R4RK1 b q - 0 26	b2d4 g1g2 d4d6	1322	010s191o
1wqpt	r4k1r/1NR2ppp/pn2p3/4P1N1/3P4/P3K3/Pn5P/R7 b - - 8 23	b6d5 e3e2 d5c7	1322	0g0s191o
2dTbP	8/8/6p1/7p/P3P3/KP3QP1/N1krq3/8 w - - 14 51	f3c3 c2b1 c3c1	1322	0p13151o
36EUn	4r1k1/1R4p1/2p4p/4ppqn/P2P4/B1NP2P1/4Q1K1/5N2 b - - 0 30	h5f4 g2f2 f4e2	1322	01191g1o
3K10w	k6r/2R2p1p/p1P2np1/5r2/N7/P2Pn1PK/8/8 w - - 1 36	a4b6 a8b8 c7b7	1322	0p13151o1x
Bbuum	2r3k1/p4pp1/1p2q2p/2n4n/3B1Q1P/4PNPB/5P1K/8 w - - 4 30	h3e6 h5f4 e6c8	1322	01191o
Dhsfm	8/5k2/4p1pp/8/5PP1/7r/3RK2P/2bR4 b - - 0 42	h3h2 e2f3 c1d2	1322	0g0p1o
DlBPV	r6r/8/k1p1p2p/1p1pN3/1Q1P4/pPP1PR2/q7/2K2R2 b - - 8 31	a2b2 c1d1 a3a2 b4a3 b2a3	1322	000g10191k
DrPSy	1r3rk1/1b3pp1/p6p/6qQ/4p3/1B4P1/PPP3P1/1K3R1R w - - 2 27	b3f7 f8f7 h5f7	1322	0g0y191o
DszYf	1q3r2/4bk2/1Q4R1/1N1Pp2p/1p2Pp2/5P2/6PP/6K1 b - - 2 34	b8b6 g6b6 e7c5 g1f1 c5b6	1322	050g0p0s10
EhT3o	8/pk4p1/1p6/8/4Rpq1/P2R2P1/1P4K1/8 b - - 3 42	f4f3 d3f3 g4e4	1322	010j0p1j1o
FABJR	rn2k2r/3qbppp/1p2pn2/pN1p4/Q2P4/4P3/P2B1PPP/R3K1NR w KQkq - 1 14	b5c7 e8d8 a4d7 d8d7 c7a8	1322	010j101c1g
FQdpU	r1k2r2/p1p1R1pp/1p6/7n/5B2/5K2/P1P3PP/3R4 w - - 4 24	e7c7 c8b8 c7f7 h5f4 f7f8	1322	0g0j0k0p10
H8EXp	8/8/7k/5Q2/6PK/7P/3q4/8 b - - 6 54	d2e1 f5f2 e1f2	1322	0p13151i1o
Ij3ZA	4r3/pp3ppk/2p5/8/1PP1n3/2qQ1P1P/P5P1/4R1K1 w - - 1 28	d3c3 e4c3 e1e8	1322	010p1o
KakYH	Q7/pp2b1p1/1kp1p3/8/3P2P1/7P/qPP2P2/2KR3R b - - 0 22	e7g5 f2f4 g5f4 d1d2 a2a1	1322	0p1013161g
Ln7UJ	4r1k1/p1pq1ppp/2pb4/8/4N3/8/PPP2PPP/R1BQ2K1 b - - 0 15	d6h2 g1h2 d7d1	1322	0g0j0y11191o
MUYuX	8/2p5/2k3bp/2r3p1/3K1p1P/P1P2P2/6P1/R1B5 b - - 0 32	c5d5 d4c4 g6d3 c4b3 d5b5 b3a2 d3c4	1322	0p13171w
Nxf9T	r3k2N/ppp1q1pp/8/2bPp3/2B3P1/6P1/PPPPn1P1/RNBQ1R1K b q - 0 12	e2g3 h1h2 e7h4	1322	0s1315191o
QCZvY	r7/1b1p1RQ1/8/p1p1P3/P2N1KPk/2P5/1q5P/R7 b - - 1 30	b2f2 d4f3 f2f3	1322	1315191o
V5xy7	2qkb3/1Qp5/p4p2/3n3r/3P4/8/PP3P2/K3R3 w - - 3 46	e1e8 d8e8 b7c8	1322	01050i0p1o
VgVal	4r1q1/pppk3p/4R3/3n1P2/PP1P4/2PQ4/6PP/6K1 w - - 3 31	d3b5 c7c6 b5b7 d5c7 b7c6	1322	0g0p0s10
WCCtj	4r3/1N6/4pk2/1pp1n1rp/5p2/PP1P2P1/2P1RPK1/4R3 b - - 2 39	f4f3 g2h3 f3e2	1322	00010p0s1o
WUb5P	3qkbnr/Np1n1ppp/2r3b1/8/5B2/1Q6/PP2BPPP/R3K1NR b KQk - 0 14	d8a5 f4d2 a5a7	1322	010s1c1o
XJcHx	r1bq1b1r/ppp4k/7p/4p2N/3n4/5Q2/PPPP1PPP/R1B2RK1 w - - 3 14	f3f7 f8g7 f7g7	1322	0q13151c1o
XzzmI	4r1k1/pBp3pp/3b2n1/5pN1/3P2n1/2P4q/PP3P2/R1BQ1NK1 b - - 2 18	d6h2 f1h2 h3h2 g1f1 h2f2	1322	0y10131619
YV8aa	1r6/2p2pk1/3p2pp/p2Pp1q1/PrP1B3/5Q1P/6P1/5R1K w - - 6 36	f3f7 g7h8 e4g6 g5g6 f7g6	1322	0g0i0p10
aDnVM	6k1/5ppp/p1pb4/3N4/3q4/7Q/PP3PP1/R1B1rBK1 b - - 0 21	e1f1 g1f1 d4d1	1322	051315191n1o
dA4WK	6rr/pp3p2/2kP4/3p3p/3p1R1q/3P3B/PPPB3K/R2Q4 b - - 2 25	h4g3 h2h1 g3h3	1322	0i1315191o
dVMMY	r1b1k2r/4nppp/p3p3/1p1pn3/3qP3/P1NB3P/1PP2PP1/1R1QR1K1 w kq - 2 14	d3b5 a6b5 d1d4	1322	0g0j1c1o
dygZb	5r1k/1b4pp/p6r/1p1p2q1/2P5/2P1PB2/P3QPPP/3R2RK b - - 0 23	h6h2 h1h2 g5h4	1322	050y1315191n1o
gGPUA	2kr1b1r/1p2pp2/p2p4/4n3/1R4b1/4BN2/PPP1B1PP/2K4R w - - 1 19	f3e5 g4e2 e5f7	1322	01191o
guPpn	4rrk1/p1q2ppp/8/1ppP4/3bP3/P6P/3Q1PP1/2RBR1K1 w - - 1 24	d2d4 c5d4 c1c7	1322	0g191o
iLgc7	4r3/5kpp/p4pq1/1p1n4/3PN3/P2Q4/1P5P/1K2R3 w - - 3 31	e4d6 f7f8 e1e8 g6e8 d6e8	1322	0g0j0p0s1011
iNIhJ	2rq1rk1/p4ppp/3bpn2/3p4/P4B2/1N2P2P/4QPP1/R1R3K1 w - - 1 20	c1c8 d8c8 f4d6	1322	01191o
j2g41	8/8/P1p1P1R1/8/2P5/5k2/1r4p1/6K1 b - - 0 52	b2b1 g1h2 b1h1	1322	0p13151m1o
jqFqd	4r3/ppp5/2n2n2/6kp/2Q4N/2PRr1PP/P7/5K1R b - - 0 22	e3e1 f1g2 e8e2 g2f3 c6e5	1322	0r10131619
kTdpq	r4rk1/p7/2Q3p1/2Pp4/6p1/N1P4P/P4qPK/R4R2 b - - 0 31	g4g3 h2h1 f2f1 a1f1 f8f1	1322	0w10131619
lFfVi	3r2k1/6p1/2p1P2p/pp6/5Q2/PqP4P/1P2R1P1/4K3 b - - 0 38	b3d1 e1f2 d8f8 f4f8 g8f8 e6e7 f8e8	1322	010p1g1w
lZ4JB	5rk1/p4pp1/2pN1b1p/2Pp2q1/6b1/3B4/PrQ3PP/4RRK1 w - - 0 23	d3h7 g8h8 d6f7 f8f7 e1e8 f7f8 e8f8	1322	0i0y1317191n1w
liLIc	r2q1br1/pppb4/4pk1p/3p1ppQ/3P2P1/P2BPP1P/1PPN4/R3K2R b KQ - 0 15	d7e8 h5e8 d8e8	1322	0g191o1t
nE4wk	r5r1/2q1k1pp/1p1p1p2/1P2p3/4Pn2/5N1P/P4PP1/2RQ1RK1 b - - 2 20	c7c1 d1c1 f4e2 g1h2 e2c1	1322	050g0s10191n
rZ99Z	r5k1/2p1rp2/p1np3p/1p2p1p1/2B1P3/3P4/PPP2BPP/3K1R2 w - - 0 20	c4d5 a8f8 d5c6	1322	010p1o
sfqzF	4Q3/p5k1/2p2r2/5p2/P2qn3/1P6/2P1R1PP/5R1K b - - 0 33	e4g3 h2g3 f6h6 e8h5 h6h5	1322	0p1013161n
u9Dnw	2r1nr1k/3b3B/p3pq1Q/1p1p4/3P3b/P1N1P3/1P1K1p1P/R7 w - - 4 26	h7g6 h8g8 h6h7	1322	0j0k0y1315191o
uAHIK	4rrk1/ppp2pp1/3p4/5Pp1/4N1n1/1Q1B4/PP2KRP1/q7 w - - 0 20	f2f1 a1f1 e2f1	1322	01191o1t
ulZeM	2kr2n1/p1p4q/1p6/2NpP3/5P2/8/PPPKQB1r/3R4 w - - 0 25	e2a6 c8b8 a6b7	1322	1315191k1o
uxgb2	r1b3n1/2pp1k2/p1p2pp1/8/3PN1P1/4P2r/PPP4P/R4RK1 w - - 1 16	e4g5 f7e7 g5h3	1322	01191g1o
v6tWu	4r1k1/p1p1r2p/6p1/b2P4/8/B4p1P/P3R1P1/2R4K w - - 0 35	e2e7 e8e7 a3e7	1322	0g0p1o
v9ODz	r5k1/pp4bp/6p1/3BPr2/3B1p2/5Pq1/PP6/R2Q1R1K b - - 0 24	g8h8 f1f2 f5h5 f2h2 h5h2	1322	0h0r0y10131619
vEfmk	8/p1pqb1p1/1pk4p/5QP1/4P2K/2N3P1/PP5P/n7 w - - 0 29	f5b5 c6b7 b5d7	1322	0g0i0p1o1p
vhG3F	2r2rk1/p7/4p2p/2qn3P/5PP1/2p5/PP2Q3/1K1R3R w - - 0 26	e2e6 f8f7 d1d5	1322	01191g1o
x7uqZ	3r1k2/4p3/1R4R1/p5Np/6pP/5bK1/5P2/7r w - - 5 41	g5e6 f8f7 e6d8	1322	0g0p0s1o
zJLIB	3r2k1/p5pp/1pp2pq1/3n4/3PNn2/1P3BPP/PQ3P1K/4R3 b - - 0 31	f4d3 b2b1 d3e1	1322	0g0s191o
1mItF	4k3/5NP1/1pp1p1P1/p1n1P3/2P5/1PK5/1P3r2/6q1 w - - 0 39	g7g8q e8d7 g8d8	1323	000p13151h1o1s
38Mf0	3r4/p1Q2p2/4p1kp/4q1pN/6P1/P7/1P3PP1/2R3K1 b - - 0 30	d8d1 c1d1 e5c7	1323	010i0p1o
48TRz	r2r4/p4kpp/2p2p2/2p2P2/4P1q1/1P1QN3/PB1P4/2KR4 b - - 1 24	g4d1 c1d1 d8d3	1323	0g191k1o
4OnpX	rnb1k1nr/pppp1ppp/1q6/2bPp3/4P3/5P2/PPP1N1PP/RNBQKB1R b KQkq - 2 5	c5f2 e1d2 b6e3	1323	13151c1o
6LOOB	3r4/pk1P2r1/8/8/2R5/7K/8/3R4 w - - 3 43	d1b1 b7a8 c4c8 d8c8 d7c8q	1323	000p1013161h1m
6UXlm	8/r1p2pK1/8/1n6/7P/5k2/R4P2/8 w - - 0 39	a2a7 b5a7 h4h5	1323	0g0h0p1o
6uyFF	2B2r2/qp3pkp/p2p2p1/8/P2nPP2/8/1PPQ2PP/R4RK1 b - - 0 17	d4f3 g1h1 f3d2	1323	0g0k0m191o
7BTda	nk4qr/1p6/1P1p1p2/P2PpP2/4B2p/3P2rP/3Q3K/2R2R2 b - - 0 29	g3h3 h2h3 g8g3	1323	051315191n1o
9kYeE	2k4r/pp1n1Rp1/4p1p1/3pP3/3P2Pq/2P5/PP2Q1K1/5R2 b - - 3 25	h4h2 g2f3 h8h3	1323	0p13151o
B37R9	8/p2R1pk1/2q2rpp/4N3/8/3Q4/P5PP/7K b - - 3 36	c6c1 d3d1 f6f1 d1f1 c1f1	1323	0p0s1013161y
BD7CF	4r1k1/r7/1p2q1pQ/p1p2p2/2P5/4P3/P4K2/7R w - - 0 34	h6h8 g8f7 h1h7	1323	0p13151o
BFLpE	4r1k1/1p6/p3r2p/3Q1R2/8/2P5/PP5q/4RK2 b - - 2 30	h2h3 d5g2 h3g2 f1g2 e6e1	1323	0g0p0r10
CKHui	8/6p1/7p/2K1kp2/2P1p1P1/4P2P/1P6/8 b - - 0 43	f5f4 e3f4 e5f4 c5d6 e4e3 c4c5 e3e2	1323	000g0p1e1w
Cjs7Y	r1br2k1/4qpp1/p7/3p2N1/1pp1n2R/4P1QP/P1P2PP1/1R4K1 w - - 2 24	h4h8 g8h8 g3h4 h8g8 h4h7 g8f8 h7h8	1323	050y1317191n1w
Df4nV	8/8/r7/2k1PK1p/1R3P2/2P4P/1p6/8 b - - 0 47	a6b6 b4b2 b6b2	1323	010p1m1o
E923B	r1b2rk1/ppp3bp/3p1np1/3N4/3Qq3/8/PPP1BPP1/R3K1NR w KQ - 0 13	d5f6 g7f6 d4e4	1323	0g0s0w1c1o
EXHi6	2r5/p4kpp/1p2pn2/4q3/8/1P1Q3P/1P4P1/5R1K w - - 2 29	d3d7 f7g6 d7c8	1323	010p1g1o
FGS3D	5rk1/2RR2pp/8/6Pn/1p4K1/2p4P/P4P2/8 b - - 3 41	f8f4 g4h5 g7g6 h5h6 f4h4	1323	0p1013161n
FLnUt	8/8/6P1/2k5/2b4R/5P2/3pr2P/5K2 w - - 0 46	h4c4 c5c4 f1e2 d2d1q e2d1	1323	0g0p10
HK091	5R2/pp2k1p1/3p2p1/8/P1PPp3/1PqnP1PP/8/1K3R2 w - - 3 27	f1f7 e7e6 d4d5 e6e5 f8e8	1323	0p101316
KR5RA	6k1/1b3p2/p2q1Pp1/1p2r1Q1/3pp3/4n1P1/P3BKP1/7R w - - 7 40	h1h8 g8h8 g5h6 h8g8 h6g7	1323	05101316191n
L0hnx	N2k1b1r/pp2pppp/8/2BP1b2/2p5/8/nKnRPPPP/5BNR b - - 1 16	c4c3 b2a2 c3d2	1323	000g0s191o
OKQhx	r2rb1k1/2q1bpp1/2nppn1p/pB6/4PP2/P1P2NNP/1PQ3P1/R1B1R1K1 b - - 0 17	c7b6 c1e3 b6b5	1323	010s191o
OpBDy	r3Rb1r/k1pR2p1/p1p3p1/8/5qP1/1QP5/PP3P1P/6K1 w - - 0 24	e8a8 a7a8 d7d8 a8a7 b3b8	1323	0510131619
Pu46H	r5k1/4Q1bp/3pN1p1/2pP4/2P5/1P4P1/1r3nBP/6K1 b - - 0 33	a8a1 g2f1 f2h3 g1h1 a1f1	1323	0i101316191g
QOquw	8/8/1R5p/1p3p1k/5K2/7P/4r1P1/8 w - - 1 50	g2g4 f5g4 h3g4 h5h4 b6h6	1323	0p1013161m
QTHzU	5rk1/1p2qp1p/p5pQ/4Pp2/b7/5N2/P4PPP/2R3K1 w - - 1 24	f3g5 f7f6 e5f6 f8f6 c1c8	1323	010p10
RYy4e	5rk1/1R3pp1/2Q4p/p4q2/8/7P/PP1r1PP1/4R1K1 b - - 3 26	f5f2 g1h2 f2e1	1323	0g0p0s1o
SMAJX	4k3/2p2p1p/4r1n1/8/1PqQ4/3b1P2/3PNKPP/3R1B1R b - - 4 24	e6e2 f1e2 c4d4	1323	0g191o
T7OFB	7k/6p1/2pQ1n1p/1p6/p6P/P4bBB/1PP2P1K/4q3 w - - 7 34	d6f8 f6g8 f8f3	1323	0g0p1o
V7MNQ	rn2k2r/pbp2pp1/1p1ppq1p/8/1bPPP3/2NB4/PP2NPPP/R2QK2R w KQkq - 0 9	d1a4 b8d7 a4b4	1323	010s1c1o
XYyeg	1r3rk1/p1pq1ppp/1b4n1/6B1/3P4/2P3Pb/PPQ2PBP/RN3RK1 b - - 4 15	h3g2 g1g2 d7d5 f2f3 d5g5	1323	01050s1019
XpXVy	7r/4kp2/2n4p/3q1Qp1/1p1p2P1/pPn4P/B1P2P1B/2R3K1 w - - 4 33	c1e1 e7d8 f5f6 d8c8 f6h8	1323	010s1019
YqwYV	r3rk2/1q3p1Q/6B1/3Pb2p/8/2P5/6PP/5R1K w - - 5 36	f1f7 b7f7 h7f7	1323	0s111315191o
YvsC8	2kr4/3q2bQ/2n1p3/1p3p2/pPpPpB2/P1P3P1/7P/3R1RK1 b - - 5 23	g7d4 d1d4 d7h7	1323	0g0j191o
aoOAg	5r2/1pnqk1P1/p2pr1p1/6P1/8/4B3/PPP4P/5RK1 w - - 0 29	g7f8q	1323	000p1113141b1h
cHTAg	6k1/5p2/p1R5/4r1pN/2b2p2/P4P2/1P4PP/6K1 b - - 1 34	e5e1 g1f2 e1f1	1323	0p13151d1o
eXi24	4r1rk/5p1p/3p1PpQ/p1pP4/4PR2/1P1q3P/P7/1R5K w - - 2 32	h6h7 h8h7 f4h4	1323	050p0y13151n1o
f2tQO	r5k1/1p3r1p/pBnQ1p2/4p3/2P4P/4N2q/PP3P1P/3R1RK1 b - - 0 20	f7g7 g1h1 h3f3 e3g2 f3g2	1323	0y10131619
frdLI	7r/p2R2Q1/1p3p2/1p3k2/1P5p/P5P1/5PKP/4q3 b - - 2 33	h4h3 g2f3 e1e4	1323	0p13151o
g53DN	2k1r3/p1p5/1p6/8/8/NBb4P/P3bPP1/2R3K1 b - - 2 24	c3b2 c1e1 b2a3	1323	010p0s1o
gWLYb	r1b2rk1/pp1q2pp/2n2b2/3N2B1/4Q1PP/5P2/PPp5/2KR3R w - - 0 20	d5f6 g7f6 d1d7	1323	0g0j0y191o
hsNIR	r4rk1/1p3pp1/p1q2n1p/3p4/1b1P2b1/3BB3/PPQ1NPPP/R4RK1 b - - 1 15	c6c2 d3c2 g4e2	1323	010b191o
jYK66	3Q4/p1R3p1/3R3p/1P3p1k/P4P1P/4pqP1/8/4K3 b - - 0 56	f3f2 e1d1 e3e2 d1c2 e2e1q	1323	00010i0j0k0p0r101h
kWuhj	5rk1/pp3ppp/8/8/P1Q5/3bq3/1P1r2PP/2R2R1K w - - 2 25	c4f7 f8f7 c1c8 e3e8 c8e8 f7f8 f1f8	1323	0d1317191n1w
lLOUt	8/5p2/6p1/3k3p/1p1p1PPP/pP3K2/P1P5/8 b - - 0 52	h5g4 f3g4 d5e4	1323	0g0p1e1o
lgglA	4r1k1/8/1p3Q2/p2p4/3q4/8/PP3R1P/6K1 b - - 0 39	e8e1 g1g2 d4g4	1323	0p0q13151o
nbWsW	8/5p2/4pNkp/3pB3/3P2KP/4P3/5q2/8 w - - 0 38	h4h5 g6g7 f6e4 f7f6 e4f2	1323	0g0j0k0p10
ngx2r	r2r2k1/pp1b3p/6pB/2bN1pN1/2P5/5K1P/2R3P1/8 w - - 4 31	d5f6 g8h8 g5f7	1323	1315191o
oBKnN	5rk1/Q4ppp/8/8/3Pp3/P3q3/1r3RPP/2R3K1 w - - 0 22	a7f7 f8f7 c1c8 f7f8 c8f8	1323	0p1013161n
oYySY	r3k2r/5p2/p1q2Q2/2PbP3/P7/6Pp/5BP1/2R2RK1 b kq - 3 30	h3h2 g1h1 d5g2	1323	001315191o
pYlWj	2rr2k1/1q6/p3pppQ/1p1b4/8/7R/PP3PPP/4R1K1 w - - 0 33	h6h8 g8f7 h3h7	1323	1315191o
rPOCO	1rr3k1/p6p/4p1p1/3p1p2/8/1P4P1/PbqQNPP1/1R2R1K1 w - - 0 23	b1b2 c2d2 b2d2	1323	01191o
rWM8T	2k1r2r/2p2p1p/2Bp1bpB/p2P3n/4P2q/8/P1PK3P/1Q6 w - - 2 33	b1b7 c8d8 b7b8 d8e7 b8c7	1323	0i101316191k
rXGZZ	8/8/p7/1pk1KP2/3r4/8/8/5R2 w - - 0 51	f1c1 d4c4 c1c4 c5c4 f5f6 b5b4 f6f7 b4b3 f7f8q	1323	000g0p1h1m1w
s1KEG	r7/pb2Q1bk/1p5N/1P3R2/7P/P1q5/6P1/3R3K b - - 0 32	c3h3 h1g1 h3g2	1323	1315191g1o
szlt9	r1r3k1/5pp1/3p3P/pq2p3/1p2Pn1P/4NN2/1PPB4/RQ1K1R2 b - - 0 27	b5e2 d1c1 f4d3	1323	1315191g1o
tTI0G	r1bqr1k1/pp3ppp/8/8/3N1Pn1/2PP3P/P1PBB1P1/R2QK2R b KQ - 0 14	d8h4 g2g3 h4g3 e1f1 g3f2	1323	0r1013161c
udkbU	6k1/4Rp1p/6p1/4B3/3bP3/5P2/r5PP/r2BK2R b K - 2 26	d4f2 e1f1 a1d1	1323	0i1315191o
umO9k	5k2/5pp1/4p2p/4P3/2KP3P/1p4P1/1P2Q3/1q6 b - - 13 46	b1c2 e2c2 b3c2	1323	000g0p1i1o
w8xlO	r3r1k1/pp2ppbp/1qp2np1/3p3P/2nP1BP1/2PBPN2/PPQ2P2/1K4RR b - - 0 16	c4a3 b1a1 a3c2	1323	0g191g1k1o
wyScF	rn1qk2r/p5pp/2pbpp2/1p1pN3/P2P1B2/2PP4/5PPP/1R1Q1RK1 w kq - 0 17	d1h5 g7g6 e5g6 e8d7 g6h8	1323	0g1019
xLx9F	2k2r1r/p7/2p4p/1p1n3R/5P2/2P2N2/PP3P2/2K1R3 b - - 0 30	d5f4 h5h2 f4d3	1323	010p1o
xjiqB	6rk/1p1r1p1p/3p1PpQ/p1pP2P1/4P1R1/1Pb1q2P/P7/3K4 w - - 10 44	h6h7 h8h7 g4h4	1323	050p0y13151n1o
ys7YG	r1bqk2r/p1p3pp/2pb4/4Np2/4p3/3P2P1/PPP2P1P/R1BQK2R w KQkq - 2 11	d1h5 g7g6 e5g6 h7g6 h5h8	1323	0g1019
zOrjM	3r2k1/ppp2rpp/2p4n/5b1q/2B1Q3/P4N1P/2P2PPK/4R3 w - - 4 27	e4e8 d8e8 e1e8	1323	0y1315191g1n1o
0KVUP	6r1/1pp2rk1/p5p1/4ppP1/3Q3R/3P3P/P1P2PK1/4q3 w - - 0 29	h4h7 g7h7 d4h4 h7g7 h4h6	1324	050p1013161n
0LEQK	1r3bk1/R4p1p/p1P1p1p1/4P3/2P2PP1/P7/4N2P/6K1 b - - 0 28	f8c5 g1g2 c5a7	1324	0g0p0s1o
1Emeh	3r2k1/p2rpp1p/2B2qp1/8/4Q3/P3P2P/4KPP1/R1R5 b - - 0 22	d7d2 e2f1 f6f2	1324	1315191o
1JEbo	3r2k1/Rp3r1p/1q4p1/4B3/2p2n2/Q7/6PP/3R3K w - - 0 31	d1d8 b6d8 a7a8	1324	0g191g1o
21eHy	r3k2r/pp1b1pb1/2nBp2p/qB1n2p1/3P4/2N2N2/PPP2PPP/R2Q1RK1 b kq - 4 12	d5c3 b2c3 a5b5	1324	010b191o
4JhtR	2k5/pbpq1p2/1p1p3Q/P2Pp3/1PP1P2b/2N2Nr1/8/R4R1K b - - 1 24	d7h3 f3h2 h3g2	1324	0y1315191o
4PhCL	r4q1k/pp1b2pB/2p1p3/3pP3/2P3n1/1P2P3/PBQ3PP/5RK1 b - - 1 19	f8f1 g1f1 g4e3 f1e1 e3c2	1324	01050s10191n
4mQgn	5k2/4p3/3pqrB1/7P/1p6/4B1R1/6PK/8 w - - 6 46	e3h6 f8g8 g6f5	1324	0g0j0k0p1o
5ZvOh	4r1k1/p6p/2Qn2p1/3p2Pq/3P4/8/PP6/2K2RR1 b - - 0 34	e8c8 c6c8 d6c8	1324	010p1g1o
6CNBC	8/4k3/2r1p2R/5p2/3K1P2/6P1/7P/8 b - - 10 50	e6e5 d4e5 c6h6	1324	0g0j0p1m1o
6Kz3g	1B6/p4R1p/kp4p1/1b6/2r5/P1K5/7P/8 w - - 13 53	c3b3 b5e8 f7a7 a6b5 a3a4 b5c5 a7c7 c5d5 c7c4	1324	010h0p1w
7aunY	1Nb1r1kb/2n1pp1p/3Q2pB/1pp5/8/P1n4P/1P2BPP1/R4RK1 b - - 0 19	c3e2 g1h1 e7d6	1324	0g0t0w191o
8kLZ1	6k1/p6p/1b4p1/8/1p2KQP1/nP1N4/R7/6q1 b - - 4 39	g1d4 e4f3 d4d3	1324	0g0i0p1o
A87j7	2rq1k1r/pp1b2p1/5pB1/3pb2p/1P5P/P4Q2/2P2PP1/2KR3R w - - 0 20	f3d5 d8e7 d5d7 e7d7 d1d7	1324	011019
Aupp1	1rb1qr1k/6pp/p2p1p2/1ppBpP1Q/4P3/2PP2P1/PP3KP1/R4R2 w - - 2 20	h5h7 h8h7 f1h1 e8h5 h1h5	1324	050y101316191f1n
BSYSQ	rnb2rk1/pp3ppp/4p3/3p4/1bP1n3/1P2PN2/qBQN1PPP/3RKB1R w K - 0 11	d1a1 a2b2 c2b2	1324	011c1o1t
BbJYo	4r1k1/pp3p1p/2n2QpB/3p4/3P4/3B4/Pq3PP1/R6K b - - 1 20	b2a1 h1h2 a1d4 f6d4 c6d4	1324	0g0t1019
BuTw2	8/8/3p3p/p1bP4/Pp2p1k1/1P3p2/6PK/4R3 w - - 0 49	e1e4 g4f5 g2f3	1324	0g0i0p1o
GmrFZ	3r2k1/p1Q3pp/1p2p3/8/P3R3/7P/5PP1/1q1rR1K1 w - - 3 33	c7d8 d1d8 e1b1	1324	0g0p1o
I9xwF	1k1r3r/ppp2pp1/8/3P4/1P6/B2p1QP1/P2P1qBP/1R5K b - - 2 22	h8h2 h1h2 d8h8 f3h5 h8h5	1324	050y101316191n
Id64b	8/5k2/5b1p/7P/5K2/1p3P2/1p6/3R4 b - - 0 46	f6g5 f4e5 g5c1 d1d7 f7e8	1324	0g0p101l
KFy9r	r4rk1/p1q2ppp/2pb4/2p5/1n6/NP2PQ1P/PB1P1PP1/R3K2R b KQ - 2 15	b4d3 e1e2 d3b2	1324	010s191o
LIjMg	6k1/5bpp/R7/P3r3/1P6/B7/6PP/3r1RK1 b - - 2 35	d1f1 g1f1 f7c4	1324	01050p1o
Moyly	2kr3r/pppq1ppp/3p4/3P4/3PR1Q1/6P1/PP3P2/R1B3K1 b - - 2 18	f7f5 g4h4 f5e4	1324	0g0s191o
Nhvck	r1b2rk1/5ppp/p2q4/8/3N1Pn1/4N3/PP4P1/R1BQ1R1K b - - 0 18	d6h6 h1g1 h6h2	1324	1315191o
PKCwW	6k1/p1p2ppp/2QbrB2/8/8/2N5/PqP2PPP/5RK1 b - - 0 22	d6h2 g1h2 e6c6	1324	0g0j191o
QXRvs	4rrk1/1p3ppp/2n2P2/p5B1/6P1/qP1P3P/1pP3Q1/1R3RK1 b - - 0 25	a3c5 g2f2 c5g5	1324	010s191o
RlVJO	r2r2k1/5pp1/2pqpn2/pp4N1/7R/2Q4P/PPP2P2/1K2R3 w - - 5 24	h4h8 g8h8 g5f7 h8g8 f7d6	1324	01050i0s1011191n
Sa5LE	5k2/pB1Q1ppp/5q2/2b1r3/8/P5P1/1P3PK1/3R4 w - - 5 39	d7c8 e5e8 c8c5	1324	0g0i0p1o
U7ONP	b1q3Q1/p1k1r1pp/5p2/1p1p4/8/6P1/PP2PP1P/3R2K1 w - - 0 28	d1c1 a8c6 c1c6 c7c6 g8c8	1324	01050i0p0r1011
ULRhR	5rk1/5pbp/p1qNp1p1/2Q5/4P3/r4P1P/P5PB/2R2RK1 b - - 0 29	c6c5 c1c5 g7d4 g1h1 d4c5	1324	01050s1019
YEMKz	8/2k5/2p1R3/p1b5/K1P5/7R/8/5r2 b - - 16 63	f1a1 a4b3 a1a3 b3b2 a3h3	1324	0g0p101p
YO0C2	R4bk1/4pp1p/3p2p1/3P4/2P1n3/7P/1Q4PK/5q2 w - - 1 35	a8f8 g8f8 b2h8	1324	050p13151n1o
Zv4As	r2Q1bk1/pp1b2p1/4p2p/4P3/7N/P6P/1Pq1r1BK/5R2 w - - 0 30	f1f8 g8h7 f8h8	1324	0y1315191o
aokRA	8/5k2/P4p1p/6p1/4Q3/2r3PK/r7/8 w - - 3 48	e4d5 f7g7 d5a2	1324	0g0p0s1j1o
cLOTj	8/p1p1N1kp/1p3p2/6p1/3P2P1/1QPr1p2/PP3K1P/2q5 w - - 8 33	b3g8 g7h6 e7f5	1324	0f0p13151o
e0ZT1	8/5kp1/Np6/4n3/5P2/P7/1Pr4P/1R4K1 b - - 0 32	e5f3 g1f1 f3d2 f1e2 d2b1	1324	0g0j0k0p0s10
eQQ6X	rn1qr1k1/1pp1b3/3p2pp/6N1/1P6/p1P2P2/P1PQ2PP/R4RK1 w - - 0 18	d2d5 g8h8 g5f7 h8g7 f7d8	1324	0g0r0s1019
eYhvL	6k1/8/R1p2r2/3p2pp/1P1N4/3pP1Pb/P2K3P/8 b - - 0 32	f6f2 d2d3 h3f1 d3c3 f1a6	1324	0g0p101p
esqYO	r3k2r/2pq1ppp/p2bp3/Bp1p4/5Pn1/P1Q5/1PP1N1PP/R4RK1 w kq - 1 19	c3g7 d6c5 g1h1 e8c8 g7g4	1324	010s1019
exAho	1B6/3k4/pp4p1/4P3/4pbPp/1P1bp2P/P2pB3/3K4 w - - 0 44	e5e6 d7e6 b8f4	1324	080g0j0p1o
fgaVe	4r2r/p1Q1Rbk1/5p2/3P2q1/2B3p1/2P5/P1P1K1P1/5R2 b - - 0 32	e8e7 c7e7 h8e8 e7e8 f7e8	1324	0d0g10191g
fvQzM	1r4k1/p4pp1/q2r4/7p/P2N4/K1R1P3/3Q4/3R4 b - - 7 35	a6a4 a3a4 d6a6	1324	051315191n1o
hVDqU	2krr3/1ppbnp1p/p2p1B2/3P2p1/qPN1PbP1/P4P1P/2Q5/1K1R1B2 w - - 5 23	c4b6 c8b8 b6a4	1324	0g191g1o
j7Als	2kr3r/1p1n3p/2p3p1/2N5/3P1n2/Q4P1P/PPP2q2/2KR4 w - - 0 26	a3a8 c8c7 a8b7 c7d6 c5e4 d6e7 e4f2	1324	0g0s191w
j888H	5k2/pp5Q/7p/6p1/3n4/1P3qPP/P4P2/1B4K1 b - - 6 37	d4e2 g1f1 e2g3 f1e1 f3e2	1324	0p1013161g
kWHpT	4Q3/5rk1/p5p1/3pP2p/8/2N3PP/P6K/5qR1 b - - 0 33	f7f2 h2h1 f1h3	1324	0i0p13151o
kxJtM	8/8/p2pp1k1/1p1b4/5PP1/1PP4K/P4r2/R4R2 b - - 10 35	d5g2 h3g3 f2f1 a1f1 g2f1	1324	010p0s10
mg0vr	r2qk2r/pp1n1ppp/2p5/4P3/1bp1nPPP/4PK2/PP6/R1BQ1BNR b kq - 1 12	d7e5 f4e5 d8d1	1324	0g0j1c1o
osLZI	rn4k1/3p2p1/b3p1p1/p1QpP1N1/1p4q1/8/PPP2P2/2K4R w - - 2 26	h1h8 g8h8 c5f8	1324	050y1315191n1o
peCSd	2r3k1/5pp1/3R2b1/p5rp/Pp2PRn1/8/8/1N1Q3K b - - 2 38	g6e4 f4e4 g4f2 h1h2 f2d1	1324	010r0s10191n
puaEl	r4rk1/ppp1nppp/2pb4/8/4PP2/P1NB1Q1q/1PPB4/R4RK1 b - - 1 15	d6c5 d2e3 c5e3 f3e3 h3e3	1324	0g0r0y10191y
rj5Ji	1k6/1r3p1n/1Q1Pp2p/6p1/2r1P3/2q3BP/P1P5/3K3R w - - 1 28	d6d7 c3g3 d7d8q	1324	00010j0k191g1h1k1o
rkxtv	r2q1rk1/pp1nppbp/5np1/3N2B1/3P4/4PQ1P/PP3PP1/2R1KB1R b K - 0 11	d8a5 d5c3 a5g5	1324	011c1o
sk2Sz	r1b2k2/pp4p1/1qn1pr2/2pp2NQ/8/2P1P3/PP3PPP/R3K2R w KQ - 4 17	h5h8 f8e7 h8g7	1324	0g0i191o
slMzW	4rr1k/6pq/p6p/Pp1pR3/1P3Q2/2P3RP/5PP1/6K1 b - - 0 32	h7b1 g1h2 f8f4 e5e8 h8h7	1324	010p10
sqZE8	2k5/p1p3r1/1pQ1p1q1/1P3p2/P4p1p/5K1P/5PP1/6R1 w - - 0 34	c6a8 c8d7 g1d1 d7e7 a8d8 e7f7 d1d7	1324	0p13171k1w
uD6te	r3r1k1/5pp1/b1N2n2/3p4/1p3Q1P/1P1p4/1P1K1P2/1N1R3R b - - 0 26	e8e2 d2c1 e2c2	1324	0q1315191o
ucrxF	1r6/4kp2/p4p1p/2b1p3/8/2qQ4/PP1RRPPP/1K6 b - - 9 31	b8b2 d2b2 c3d3	1324	0g0i0p111k1o
wtDvJ	R7/5p1k/5Qp1/P6p/7P/6P1/q4PK1/4r3 b - - 4 33	a2d5 f6f3 e1g1 g2g1 d5f3	1324	010i0p0s10
xEDtk	2kr4/2p3pp/p3b3/1p4Q1/8/8/PPP1R1P1/1K6 b - - 0 28	d8d1 g5c1 e6a2 b1a2 d1c1	1324	0g0p101g
xex1i	8/pp4pk/7P/3QP3/3PK3/1P2P3/P7/3q4 b - - 6 33	d1h1 e4d3 h1d5	1324	0g0i0p1i1o1p
xpBpZ	6k1/p1R5/1p2R2K/3r3P/3Pb1Pb/P3Pr2/8/8 w - - 7 40	e6e8 f3f8 c7g7 g8h8 e8f8	1324	0i0p0r101316
ynhJL	4r1k1/1p1r2np/3p1Q2/pPp2N2/2P1q3/P3P3/3P3P/3K1R2 w - - 1 26	f5h6 g8h8 f6f8 e8f8 f1f8	1324	06101316191n
z9Nws	8/R2P2pp/6k1/2K5/p7/1b6/6PP/3r4 w - - 3 51	a7a6 g6f5 a6d6 d1d6 c5d6	1324	0g0p1011
0f4GB	8/p2Q2pk/1p6/5p2/3B1P1p/3q2PK/PP2r2P/7R b - - 8 39	e2h2 h1h2 d3g3	1325	0p0q1113151g1n1o
1m4wD	3r3k/pp4pp/6r1/2p5/2Bn3Q/7P/PP3PP1/R5K1 b - - 5 22	d4f3 g1f1 f3h4	1325	0g0p1g1o
3Q7dN	4r3/bp3pk1/p1p5/6P1/3n4/1B6/PP3PP1/3R1R1K b - - 1 28	e8h8 h1g1 d4e2	1325	0p13151o
4cw6d	3Q4/1p2np2/p1b1pk2/4q1p1/7r/P1NB4/1PP5/1K1R4 w - - 0 28	d1f1 f6g7 d8e7	1325	010i1112191o
6MuzY	8/7R/5p2/4k1rp/8/6P1/5PK1/8 w - - 4 49	f2f4 e5f5 f4g5	1325	0g0p0s111m1o
7dN4r	r1b1k2r/p3p1bp/2p1p1p1/1B1q4/8/8/PPP3PP/R1BQK2R w KQkq - 0 13	d1d5 e6d5 b5c6	1325	0b0g0w191g1o
7ytCl	1r1rn3/4bkp1/2p1p3/R7/p2PPP2/8/BP2KB2/3R4 b - - 2 31	b8b2 d1d2 b2d2 e2d2 e7b4 d2c2 b4a5	1325	050g0r0s191w
8b2vX	3Rr1k1/4Pppp/2p5/2B1q3/8/5P2/P5PP/1R4K1 b - - 4 25	e5c5 g1h1 c5e7	1325	010p0t1o
9nyYl	r1b1qrk1/pp1n2p1/2n1p1N1/2bp1p1Q/5P2/PP2PR2/1BP3PP/RN4K1 w - - 0 18	h5h8 g8f7 h8g7	1325	0y1315191o
BaNve	3Q4/5pkp/2Q3p1/8/8/4q2P/rr4P1/3R2RK b - - 2 39	e3h3 g2h3 b2h2	1325	1315191n1o
BoIC6	8/1b3N1p/p5p1/3p1n2/2P4k/2Q4P/5qPK/8 w - - 0 40	c3f6 g6g5 f6g5	1325	0p13151o
DNqBK	r2q1rk1/1p4bp/p2pP1p1/8/4P1n1/2NQB3/PP3PP1/2R2RK1 b - - 0 19	d8h4 e3f4 f8f4	1325	0g191o
EHFZh	N1bk3r/pp3ppp/2np1b2/2p5/2P5/4PN2/Pq3PPP/1R1QKB1R b K - 2 12	f6c3 f3d2 c3d2 d1d2 b2b1	1325	0g1019
EKhpo	4R3/6pp/1q1pR3/2p2k1P/7K/1p3P2/p5P1/8 w - - 0 46	g2g4 f5f4 e8f8	1325	0p13151j1o
G8hIh	8/3Nk3/8/1r5P/8/p5P1/5P2/3R2K1 b - - 0 65	a3a2 g1g2 b5b1 d1d3 a2a1q	1325	000g0p101h
GOfeO	r5k1/5ppp/3p2n1/5Q2/2r5/1q6/1B1R3P/1K3R2 w - - 4 40	f5f7 g8h8 f7g7	1325	1315191o
GiHSY	8/1p3rb1/1P1p1qk1/3Pp1Np/4P1b1/4B1P1/5Q1P/2R3K1 b - - 2 36	f6f2 e3f2 g6g5	1325	0g11191o
GyvRN	r7/1p1n3k/1b5p/pPpbPp2/P2PpP2/7P/5PBK/2RR4 w - c6 0 33	d4c5 d7c5 d1d5	1325	0g0j191o
JYmfy	r1b5/ppp3kp/2npq1p1/1N4B1/2Qp1P2/8/PPP3PP/R5K1 w - - 4 17	c4e6 c8e6 b5c7 a8c8 c7e6	1325	010s1019
LOLUI	r2q1rk1/1ppn1pp1/4p2p/1n1pN3/1P1P1P2/2P4P/2QN1PP1/R4RK1 w - - 5 18	a1a8 d8a8 e5d7	1325	01191o
LuQMD	4Rbk1/ppp2ppp/8/3PN3/2P2n1P/8/PPq3P1/4R2K w - - 4 26	e8f8 g8f8 e5d7 f8g8 e1e8	1325	05060p1013161n
Ly7Rm	4kb1r/p1Q2pp1/8/4p3/1r4p1/8/PPPP1PbP/R1B1K2R b KQk - 0 19	b4e4 e1d1 g2f3	1325	1315191o
M7nlp	r7/5r1k/3N1n1p/p1pp1P2/Pn6/6QP/2q2PP1/3R2K1 w - - 0 27	g3g6 h7h8 d6f7	1325	0f0s0w1315191o
PIRW6	5b2/5p1k/7p/8/1p5P/P7/3B1PP1/1qQ3K1 b - - 2 35	b1c1 d2c1 b4a3 c1a3 f8a3	1325	010p10
QGOPf	7k/6p1/Q4b1p/8/P7/3P1PP1/2q3P1/5K2 b - - 4 39	c2d1 f1f2 f6d4	1325	0p13151o
QhR9d	4r1nk/5pp1/pQ1R3p/1pp5/8/1P3qPP/PB1R1P1K/4r3 w - - 1 36	d6h6 g8h6 b6h6 h8g8 h6g7	1325	0y101316191g
RBbwm	4Q3/2pq2k1/pp4pp/8/1P6/PnPr4/6PP/5RK1 w - - 6 40	e8f8 g7h7 f1f7 d7f7 f8f7	1325	010p0s10
RetRf	5r2/1pk5/2pp4/p7/P3P3/2Q2P1p/1P3q2/6RK w - - 0 32	c3g7 c7b6 g7f8	1325	0g0p0s1o
Rvnc6	r2q2k1/p2b2pp/2p4r/n1b2P2/B4P2/6N1/PPP3PP/R1BQ1R1K b - - 0 19	h6h2 h1h2 d8h4	1325	050y1315191n1o
S4NJ4	8/3q4/6kp/1pQP4/1P4p1/6P1/6K1/8 w - - 2 39	c5c6 d7c6 d5c6 g6f5 c6c7	1325	000g0p101i
SlzJv	5rk1/8/2R4p/2bPqpp1/2PpP3/5P2/1r4PP/3QRNK1 b - - 2 28	d4d3 c6c5 e5d4 g1h1 d4c5	1325	010d0j0k0s10191n
UjId7	1r4k1/2Q2ppp/p7/3r4/2p4q/8/PP3PPP/4R1K1 w - - 0 22	c7b8 d5d8 e1e8 d8e8 b8e8	1325	0p0t1013161y
V6lab	5R2/2p1rp1k/3p2p1/2p5/P1b1P1Qp/5P2/P2q2PP/6K1 w - - 0 33	g4h4 d2h6 f8h8 h7h8 h4h6	1325	01050i0p0s10
VgriQ	8/3k4/1P6/p7/P1p2P2/6K1/6P1/8 b - - 2 53	c4c3 g3f2 c3c2 b6b7 d7c7	1325	000g0p101e
Vz67p	7k/4qr1p/7P/4b3/6Q1/6P1/7K/5R2 w - - 0 45	g4c8 e7f8 c8f8 f7f8 f1f8	1325	0p1013161y
W0oxQ	8/ppp2bn1/6k1/3pP3/3P1R1K/2P5/PP6/8 w - - 7 43	f4f6 g6h7 f6f7	1325	0g0i0p1o
Wr1t3	5rk1/rpp3pp/3p4/p2n2q1/P1N5/5N1K/1P3PP1/R2QR3 b - - 1 22	d5f4 h3h2 g5g2	1325	1315191o
X5fyM	r6k/4Npp1/4P2p/1b6/8/2R1Q3/1q3PPP/r1R3K1 b - - 0 36	a1c1 c3c1 a8a1	1325	0g191o
YckYt	r2q1r2/ppp1n2k/3p2pb/5b2/2P2Q2/8/PPn2PP1/2BK1B1R w - - 0 19	f4h6 h7g8 h6h7	1325	1315191o
Z5mlb	r1b2r1k/pp3pp1/2n5/2bp4/5B2/2P2N1q/PP1N1P2/RB1Q1RK1 b - - 1 17	h3g4 g1h1 g4f4	1325	010s1c1o
ZPdZU	4r1k1/3r1q2/p6p/Pp2b1p1/1PbpP1N1/7P/3Q2P1/1R1R2K1 w - - 0 34	g4h6 g8g7 h6f7	1325	010s191o
ayoYA	r6r/p4kpQ/4pppR/3p4/4qP2/8/3n1KPP/2R5 w - - 2 35	c1c7 f7e8 h7h8	1325	0v1315191g1o
dHs3W	2r3k1/1R3p2/p1n3b1/8/1n6/1P3P1P/P5PK/2R5 w - - 3 34	b7b4 c6b4 c1c8	1325	0g0p1o
dQlFX	3k4/1R3p2/3Pn2p/4Ppp1/2N5/7P/2q3P1/7K w - - 1 44	b7b8 d8d7 c4b6 d7c6 b8c8 c6b6 c8c2	1325	0g0p0r1p1w
dYWY0	3R4/p4pbk/1p4pp/q4r2/2r5/6PN/PQ3PP1/1K5R w - - 2 29	h3g5 f5g5 h1h6 h7h6 d8h8 g7h8 b2h8	1325	050j1317191g1n1w1y
gRtry	6k1/p1r1r1p1/5Q1B/1p1pq3/1Pp3R1/2P2P2/PK4P1/8 w - - 1 36	g4g7 e7g7 f6e5	1325	0g0i0p1o
hCxwT	r5r1/1b1kB2p/p3Bp2/2p1p2Q/1n1p4/3P1q2/1PP2PPP/R2N1RK1 b - - 3 24	d7e6 h5f3 b7f3	1325	0g0t191g1o
hxuHl	6k1/1p1N1pp1/p6p/3n4/1q6/1P5P/P1Q2PPK/8 b - - 6 34	b4d6 h2g1 d6d7	1325	0g0p0s1o
iGYMX	8/pp1k4/8/P1P1K3/8/7p/7P/8 b - - 2 42	d7c6 e5d4 c6b5	1325	0g0p1e1o
jhQYB	4r1k1/6b1/3q3p/p2P1RpP/1pp3P1/8/P1Q1r3/1B3R1K w - - 3 42	f5f8 d6f8 c2h7	1325	0d1315191n1o
jjaCJ	5rk1/pp2q2p/3p4/2p2B2/2P1prP1/3Q2KP/PP6/R7 w - - 0 31	d3d5 g8g7 g3f4	1325	010p1o
m33Hy	6k1/1p3ppp/4p3/8/1b2N3/4P1P1/q1r1QP1P/3R1K2 w - - 2 28	d1d8 b4f8 e4f6 g7f6 e2g4 g8h8 d8f8	1325	0i0p13171n1w
oYDCj	r3r3/pp3p1k/2ppb1p1/3n2Rp/4B3/1P3P2/PB1R1P1K/8 w - - 2 24	g5h5 h7g8 h5h8	1325	1315191d1g1o
pInxB	8/6pp/4p3/1k1pP3/7P/R1P3r1/2K5/8 w - - 2 38	c3c4 b5c4 a3g3	1325	0g0j0p1m1o
qs0GR	r4bQ1/1pp1kp1N/p1npb3/4q3/8/1P1BP3/P1PPN2P/1K3R2 b - - 5 19	f8g7 g8g7 e5g7	1325	0g191l1o
rFroS	4r1k1/pp3pp1/2pb3p/3p4/3P2n1/2P2N1q/PP3P2/R1BQ1BK1 b - - 3 18	d6h2 g1h1 g4f2	1325	0i0y1315191o
sVAXY	6k1/2Q4p/5bp1/8/3Rq3/7P/PP3PP1/6K1 b - - 0 30	e4e1 g1h2 f6e5 c7e5 e1e5	1325	0g0p0s10
ssLhI	2b5/p7/1PP5/3k4/P2N4/r6P/5KP1/8 w - - 0 51	b6b7 c8b7 c6b7	1325	000g0p1o
tL5Qc	r3Qq1k/1n3P1p/5b2/p2Pp3/P1p1P3/8/2P1K2P/5BR1 w - - 5 30	g1g8 f8g8 f7g8q	1325	000s11121315191h1o
uod8a	3R4/1p3pkp/p3bqp1/8/3QPP2/2r5/P1P3BP/6K1 w - - 4 26	d8g8 g7g8 d4f6	1325	0g0i0p111g1o
uw0cY	8/R7/4qpk1/2P4p/3Q3K/5p2/P5rP/8 w - - 2 46	d4d3 e6f5 a7g7 g6g7 d3f5	1325	0g0i0p101g
uzNsK	r7/1p3k2/4p2p/6p1/1nPB4/1P5P/1P2RPP1/5K2 b - - 4 33	a8a1 e2e1 a1e1 f1e1 b4c2 e1d2 c2d4	1325	01050p0s1w
vOTF1	r4rk1/5p2/p1b3np/1pPp2p1/1P1q1p2/7P/1NQB1PP1/R3R1K1 w - - 0 29	d2c3 d4e4 e1e4	1325	0g191o1t
yyQid	r4r2/5p1k/p2p1R1p/4n3/1p2R3/1N4Q1/PPq3PP/6K1 w - - 2 23	f6h6 h7h6 e4h4	1325	0511121315191n1o
01EUl	r2qk2r/ppp2pp1/2p2n2/7p/3bP1b1/2N3QP/PPP2PP1/R1B1KB1R b KQkq - 0 9	d4c3 g3c3 d8d1	1326	0d13151c1o
0JZ3N	r7/1ppnk3/p3p2p/4r1p1/4R3/6N1/PPP3PP/3R2K1 w - - 0 23	d1d7 e7d7 e4e5	1326	010p0w1o
1UwyD	8/4kp2/4p3/4Pp2/3P3r/2P1K1R1/8/8 b - - 3 59	f5f4 e3f3 f4g3	1326	0g0p0s1m1o
2Rsrp	6rk/5b1p/1pp2p2/1N1np3/p7/P3PB2/1Br2P1P/Q2R1K2 b - - 2 35	d5e3 f2e3 f7c4 f3e2 c4e2	1326	0d0g0s1011191n
2e68W	4Q3/1Pb5/P2p4/4p1k1/4q3/6PK/5p2/5N2 b - - 0 47	e4h1 f1h2 f2f1q	1326	000p0s13151g1h1o
37bHZ	3r1bk1/5pp1/p1Q2q1p/1pn5/3R4/1P3NP1/P4PBP/6K1 w - - 1 23	c6f6 g7f6 d4d8	1326	0b0g191o
3FaPA	5rk1/3pqp2/2p1p1pQ/r7/p2PNP2/8/P5PP/R4RK1 b - - 0 24	a5h5 h6g5 h5g5	1326	01191o1t
3L2Lw	5r1k/p1p1q3/1p2p1np/8/4p3/2P1Q1P1/PP4KP/5R2 w - - 0 43	e3h6 h8g8 h6g6	1326	0g0p0s111o
3S8uP	r2kB3/pp4b1/4qp1n/4n2p/3pN3/1P3PBP/P1P1RP2/2R1Q1K1 b - - 0 22	e5f3 g1g2 f3e1 c1e1 e6e8	1326	010s1019
46myo	6k1/r4pp1/7p/p1p2Q2/P3P3/7P/2qr2P1/1R3RK1 w - - 4 27	b1b8 d2d8 b8d8	1326	0p13151o
5MsZZ	6k1/3R4/1p3rpp/1P6/4B3/4P2P/r5P1/6K1 w - - 2 35	e4d5 g8f8 d5a2	1326	0g0p0s1o
7aH8c	5b2/2Q4p/p4pp1/1p4k1/2p3N1/q5PP/6K1/8 w - - 2 47	c7f4 g5h5 g4f6	1326	0i0p13151o
7j9bB	r2q1r2/pp3pk1/3p1np1/4p1Qp/bPBNP2P/5P2/P1P3P1/R3K2R w KQ - 0 16	d4f5 g7h8 g5h6 f6h7 h6g7	1326	101316191g
8vrrq	r3k2r/pp3ppp/3b1n2/2pPqb2/2P2B2/3P4/PP2B1PP/RN1Q1RK1 b kq - 3 11	e5d4 g1h1 d6f4	1326	010j0y191o
Azzi8	r3k2r/3nq1p1/2p1p3/p1PpP1b1/Np1P2P1/4BRQP/PP6/4R1K1 b kq - 0 23	g5h4 g3g2 h4e1	1326	0g191o1p
BhZtN	6Q1/p7/1p1kp2p/4q1p1/4B1K1/8/7P/8 w - - 10 45	g8b8 d6c5 b8e5	1326	0g0i0p111o1p
Bs6ST	r5k1/p4rb1/1p1p4/2pN4/2P1qPQP/4P2P/PP6/2K3R1 w - - 3 23	d5f6 g8f8 f6e4	1326	0g191g1o
C0Ksu	5Nk1/p1q2pp1/Bp5p/3R4/4r3/PP2p3/1B2QbPP/4R2K b - - 0 21	c7h2 h1h2 e4h4	1326	050y1315191f1n1o
D6Zx0	r4rk1/pp4pp/3pqb2/2p1n3/2P2B2/3p2PP/PP4BK/R2Q1R2 w - - 0 19	g2d5 e6d5 c4d5	1326	0g191g1o
Dd11L	5rk1/p1R1P2p/1p1p2pb/6q1/2PNp1p1/4P1P1/PP1Q2PP/6K1 b - - 0 28	g5e3 d2e3 h6e3 g1h1 f8f1	1326	060p0s101316
Gb6ho	7r/2k5/p1qp1b1r/2p4N/PpR3p1/1P2KPQ1/1PR5/8 w - - 0 42	c4c5 c6c5 c2c5	1326	0g191g1o
HHPJO	4r1k1/2q1ppbp/6p1/p2NP1B1/Pr2bP2/8/1PP1Q1K1/1R3R2 w - - 1 25	e2e4 b4e4 d5c7	1326	01191o
Hjr67	5r2/p4pk1/5n2/2p2R2/P1Bb2P1/8/6P1/5R1K b - - 2 32	f8h8 f5h5 f6h5	1326	0g0p1o
HoiEk	2k3r1/pp1n2r1/3p1p2/2p1bN2/4P2p/2P2R1P/PP2N1P1/5RK1 b - - 3 25	g7g2 g1h1 g2h2	1326	0s1315191d1o
IAWk9	rnb1k2N/ppppq1pp/3b4/8/2B1n3/8/PPPP1PPP/RNBQK2R b KQq - 0 6	e4c3 c4e2 c3d1	1326	010j0k1c1g1o
IcnaR	5r2/2p3pk/p6p/1pRnnN2/8/1P5P/P2N1PP1/6K1 b - - 3 27	f8f5 c5d5 e5f3 d2f3 f5d5	1326	0g0j0p10
Iy1Ka	1b3rk1/ppq1R3/2p4p/3p3b/3P2pP/3Q4/PPB2P2/4R1K1 b - - 7 28	c7h2 g1f1 h2f2	1326	0y1315191o
KMqqE	1r4k1/4ppbp/1r1p2p1/p2P4/P1p1P3/RpP2P2/1P4PP/2NR2K1 b - - 1 30	g7c3 b2c3 b3b2	1326	00010p11121n1o
L2RgQ	5k2/3R4/8/8/8/Pn1pB2P/2r3P1/4K3 b - - 3 37	c2e2 e1d1 e2e3	1326	010p0s1o
LZNLa	5rk1/p1Q2pp1/5q2/7p/4R3/2b4P/P1P1BP2/6K1 b - - 0 27	f6g6 e4g4 h5g4	1326	0g0p0s1o
Ljb04	2r2nk1/1b4pp/1p2pp2/p2p3Q/P2P4/qP1BP1B1/5PPP/1R4K1 b - - 2 22	c8c1 b1c1 a3c1 d3f1 b7a6	1326	0110191g
Mm0MW	r4rk1/pb4qp/1p2ppp1/7Q/3P3P/3B2R1/P4PP1/R5K1 w - - 2 24	d3g6 h7g6 g3g6	1326	01191g1o
NkKu5	8/8/8/8/pRr1p2k/P1P1Kp2/1P6/8 b - - 1 48	c4b4 c3b4 h4g3	1326	0g0h0p1m1o
P0f5Z	5r1k/2p4p/3p2pQ/2pPp3/2P3bP/1P4P1/5qBK/R7 w - - 2 34	a1f1 f2f1 g2f1	1326	010p111o
QHpav	8/2R2Qpk/5p1p/8/1p2r3/7P/P2q1PP1/6K1 b - - 5 37	e4e1 g1h2 d2f4 g2g3 f4f2	1326	0p101316
QtfAW	5rk1/pp3pp1/7p/2bNp3/2Bn3q/3P4/PPPQbPPP/R3R1K1 b - - 10 19	d4f3 g2f3 h4f2 g1h1 e2f3	1326	0y101316191n
RoVGC	r1b2rk1/ppp1nppp/1b1p4/5q2/1P2N3/P2B1Q2/1B3PPP/1R3RK1 w - - 2 18	e4f6 f5f6 b2f6	1326	0g0y191o
T25F7	2r2rk1/1b1p1p1p/pq2pRpP/4Q3/8/8/PpB3P1/R6K w - - 0 26	f6g6 f7g6 e5g7	1326	0d0y1315191n1o
T4dzq	2rr4/5R1p/p4Npk/1p1P4/6P1/1P5P/P7/2q2R1K w - - 0 32	f7h7 h6g5 h3h4	1326	0p13151o
TCma4	3r2k1/2Q2ppp/p3p3/1b6/8/q2r4/N3RPPP/K2R4 w - - 0 27	c7d8 d3d8 d1d8 a3f8 d8f8	1326	0110191y
ToGUH	1q3b1k/6p1/5p1p/2pPpPP1/2P4P/2N2QK1/8/8 b - - 0 39	e5e4 f3f4 f8d6	1326	0g0j0k0p1g1o
VXe3a	8/8/5p2/3p2p1/6PP/1R1rkPK1/8/8 w - - 3 44	b3d3 e3d3 h4h5	1326	0g0h0p1m1o
WI89C	r1b2r2/1p3p1k/p1n2Qp1/4qp1B/4p3/4B3/PPP3PP/3R1R1K w - - 0 21	h5g6 f7g6 f6f8	1326	01191o
XU4kK	r2q1rk1/1Qp1b1p1/p1n2n1p/3pp3/8/2PPBN1P/PP1N1PP1/R4RK1 b - - 0 13	c6a5 b7a8 d8a8	1326	01191o1t
XUw8x	r1bqk2r/ppp2p2/3p1n1p/6p1/3bP3/8/PP1NBPPP/R1BQ1RK1 w kq - 0 11	d1a4 f6d7 a4d4	1326	0g0s1c1o
a6emU	3r1r1k/pb5p/q6P/2R2PP1/3p4/2P3N1/P2Q4/2K1R3 b - - 0 35	a6a3 c1b1 a3c5	1326	0g0s191o
aXctS	8/5p1k/p6r/1p1p1qQ1/1P1PpP1r/2P4P/5RPK/5R2 b - - 20 37	h4h3 g2h3 f5h3 h2g1 h3h1	1326	0p1013161n
bPqQJ	5rk1/p2R3p/1p2p1p1/8/6q1/2PQ1bP1/PP3P1P/5RK1 b - - 2 22	g4h3 d3f3 f8f3	1326	010p1o
cApdq	1r5k/b1p3p1/3p3p/p7/4N2P/PP1P2P1/1BPQ3K/5q2 w - - 0 35	d2h6 h8g8 h6g7	1326	0p13151g1o
d7xea	r7/ppp1k2r/4bp2/4p3/1P1bP3/P2P2P1/1B4PP/1R1B1R1K b - - 4 24	h7h2 h1h2 a8h8 d1h5 h8h5	1326	050y101316191f1n
dFogy	r3r3/5kbp/B3p1p1/1PBp4/4nP2/7P/P5P1/2R1R1K1 b - - 0 28	e4c5 c1c5 g7d4 g1f1 d4c5	1326	01050s1019
fX95Y	r5k1/1b2q2p/pQnb2nB/1p1p2N1/8/1P4P1/P1P2PBP/6K1 w - - 8 24	g2d5 g8h8 g5f7 e7f7 d5f7	1326	0g0y1019
gS6ue	2k2r2/ppp4p/8/2b4P/4PB2/8/PPP3rP/2KR1R2 b - - 2 23	f8f4 f1f4 c5e3 c1b1 e3f4	1326	01050p0s101n
i8kjw	r2qrNk1/npp2ppp/p2p4/8/3P1BP1/P2B3P/1P1n1P2/R2QR1K1 b - - 0 19	e8e1 d1e1 d2f3 g1g2 f3e1	1326	050g0s1019
jSSvl	r2qk2r/1pp2p2/p2p1n2/4p1p1/1P2P1R1/PBBP4/2P2P2/2RQK3 b kq - 0 17	h8h1 e1e2 h1d1	1326	0g191o1p
kjE3q	r5k1/p5pp/2p1r3/4p3/5p1q/2N1bP2/PPP1Q1PP/R4R1K b - - 1 19	h4h2 h1h2 e6h6	1326	050y1315191f1n1o
mVP5O	r2r1k2/1pR2ppQ/4pq2/8/p2n4/5N2/PP3PPP/1B2K2R b K - 0 18	d4f3 g2f3 f6e5 b1e4 e5c7	1326	010s1019
nVnlD	5r2/1p4kp/1pb1p1p1/4P2n/2P3N1/1P2B3/r5PP/1R3RK1 w - - 7 24	e3h6 g7h8 f1f8	1326	0i1315191f1o
qDmSO	r2qr1k1/pp3pp1/2p2b1p/nP2Nb2/P1P1NB2/3P1Q2/5PPP/R3R1K1 b - - 3 18	f6e5 f4e5 e8e5	1326	01191o
qUzko	2b3k1/p4ppp/1pqBp3/8/1QPP4/P3PP2/5KPP/8 b - - 0 31	a7a5 b4b5 c6d6	1326	010p1o
qXdBE	r3q3/pppb1pk1/3p2p1/3P2p1/8/1P1B4/P3QPPP/4R1K1 w - - 0 21	e2b2 g7g8 e1e8	1326	010j0p1o
qr0un	5rk1/5ppp/B4p2/3Pn2b/8/1q5P/3NQPP1/4R1K1 b - - 1 23	h5e2 d2b3 e2a6	1326	01191o
r2h0t	3r2k1/3P2p1/p6p/P3K3/6P1/7P/1p6/3R4 b - - 1 49	d8d7 d1d7 b2b1q	1326	00010i0p1h1m1o
rADwt	1r1r2k1/3Q1ppp/p4bq1/2B4n/8/2P5/P1P2PPP/3RR1K1 w - - 1 24	d7d8 b8d8 d1d8 f6d8 e1e8	1326	06101316191n
rr6pL	r2r2k1/p4ppp/1pp1p3/2n1PPb1/2PBP3/6P1/P5BP/3R1RK1 b - - 2 18	d8d4 d1d4 g5e3 g1h1 e3d4	1326	050g0s1011191n
szd8a	rnbqkb1r/ppp2ppp/8/2nBP3/8/3Q4/PP3PPP/1RB1K1NR w Kkq - 1 10	d5f7 e8f7 d3d8	1326	01040i0j1c1o
t3w66	2rq3r/3npk2/3p2pB/1p1P4/8/1P2Q3/P4PPP/4R1K1 w - - 0 29	e3e6 f7e8 e6g6	1326	0i1315191o
tasvv	r4rk1/pb1p1pbp/1pnqp1p1/2pN4/2P1P3/P2Q1N1P/1P1P1PP1/1RBK3R w - - 0 16	d5f6 g7f6 d3d6	1326	0g0j191o
tl10X	r2q1rk1/pp2b1pp/4bp2/3pPp2/3B1PP1/2P5/PP1NQ2P/R4RK1 w - - 0 16	e5f6 e7f6 e2e6	1326	0g0j0y191o
uwJui	1r6/2p2p1k/p2p2pp/5b2/PpQ1rP2/1P6/2P5/qNK3RR w - - 0 26	c4f7 a1g7 h1h6 h7h6 g1h1 f5h3 h1h3	1326	051317191g1n1w
x5bhX	r2qk2r/ppp3pp/8/3np3/1P1b4/P1NP1P2/1BPQ2PP/2KR3R b kq - 3 16	d4e3 c3d5 e3d2	1326	01191g1k1o
xf3Jn	r2b1rk1/pppq2pp/2np2b1/4pN2/6Q1/2PPB1NP/PP3PPK/R4R2 w - - 1 18	f5h6 g7h6 g4d7	1326	0g0j191o
xfQNC	8/4kp2/2P2p2/3K1B1p/8/2R2P1P/4rb2/8 b - - 2 40	e2e5 d5c4 e5f5	1326	010p0s1o
yfWFS	Q5R1/5p1p/p3p1pk/3n3q/P3KP2/6P1/7P/b7 w - - 11 36	a8f8 a1g7 f8g7	1326	0p13151o
1PnNt	rn1qkb1r/ppp3pp/3p1n2/3N2N1/2B1ppb1/8/PPPP2PP/R1BQK2R w KQkq - 2 8	d5f6 d8f6 d1g4	1327	011c1o
1U4jE	r4r2/5pkp/3Q4/2R5/p3Pp2/5P2/P6q/4K3 w - - 0 26	c5g5 g7h8 d6f6	1327	0p13151o
1Wr5b	rn1qk1nr/ppp2ppp/8/8/2BP1pbR/2N2N2/PPP3P1/R1BQK3 b Qkq - 0 9	g4f3 d1f3 d8h4	1327	010b0w1c1o
3EaLl	2k2b1r/ppp1p2p/6p1/4Qp2/8/2n1B3/PPq2PPP/3R2K1 w - - 0 20	e5e6 c8b8 d1d8	1327	1315191k1o
3Hb1u	1rb1k1nr/5ppp/p7/b1qpP1B1/P7/R1P2N1P/5PP1/1N1Q1RK1 b k - 2 15	b8b1 d1b1 c5a3	1327	010b191o
3sakX	8/1p2k2p/pnr1p3/5R2/8/5PBK/Prp4P/3R4 w - - 0 32	g3h4 e7e8 d1d8	1327	0p13151d1o
6GC42	2r3rk/pp2bppp/4p3/3qP3/8/3QpPR1/PP3P1P/6RK w - - 0 24	d3h7 h8h7 g3h3 e7h4 h3h4	1327	050y101316191n
6MDxT	6k1/pp5p/3p4/2p1pq2/P1P1R3/1P1KQ3/5Prn/7R w - - 4 34	h1h2 g2h2 e3g3 g8f7 g3h2 f5f3 e4e3	1327	050g0p0s1n1w
72yag	2r5/5k1p/1r2pqp1/1p1pQp2/1P3P2/2P5/1P4PP/R3R2K w - - 1 30	a1a7 f6e7 a7e7	1327	0g0p111o
7kdhl	7r/p1p2pb1/1p3k1p/5N2/b1P5/5R2/1P2N1P1/1K1rR3 w - - 3 27	e1d1 a4d1 f5e3 f6e7 e3d1	1327	010j0k0r1019
8NpQ8	1r6/1p3k1p/1Nnqp1p1/p4p2/P1Pp4/1P2Q2P/2B3P1/3R3K b - - 1 38	d4e3 d1d6 e3e2	1327	000g191o
9B5kz	2r1k2r/1R3p2/2pQp2p/p2pPnpP/8/4q1PK/P7/4N3 w k - 2 31	d6d7 e8f8 d7f7	1327	0s1315191o
9Qdsg	8/pp1r1p1k/5pbp/2pNb3/2P5/PP4P1/5P1P/4RBK1 w - - 7 27	e1e5 f6e5 d5f6 h7g7 f6d7	1327	0g0p0s101n
ArKQ0	r5k1/p3qp1p/3p2pB/8/Q4P2/7P/6PK/8 w - - 5 36	a4d4 e7f8 h6f8	1327	010p111o
BHRX3	2r5/3k2p1/1p1pp1p1/1P1p1pP1/Rr1P1P1P/2NKP3/3B4/8 b - - 0 45	c8c3 d3c3 b4a4	1327	010p0w1o
ChU50	r2qr3/1bp3k1/p1np1b2/1p1B3Q/4P2p/5R2/PP3PPP/R5K1 w - - 2 22	h5f7 g7h6 f3f6 d8f6 f7f6	1327	0g0i0r1019
ChqY4	1k5r/1Pp1b3/Q7/5pp1/3Pp1b1/2N1P1P1/PP3RPr/R4KNq b - - 0 24	h1g1 f1g1 h2h1	1327	051315191n1o
DwpXq	6R1/8/p3p3/1p1b4/1P1P1Kp1/P1P4k/8/8 b - - 3 50	e6e5 f4e5 d5g8	1327	0g0j0p1o
FpEYI	2k3r1/1bqpnp1p/p3p3/1p4r1/4P3/1BP2P2/PP1N1QPP/2R3RK b - - 1 20	c7h2 h1h2 g5h5 f2h4 h5h4	1327	050y101316191n
H9UTA	r1bq1rk1/p4ppp/2np4/1B6/5B2/2P2N1P/PP3KP1/RN1Q4 b - - 0 13	d8b6 f3d4 c6d4 d1d4 b6b5	1327	010b0s1019
HtsRG	2rB2k1/p2Q1ppp/2P5/1p6/2q2b2/7P/P3rPP1/4R1K1 w - - 0 26	d7e8 e2e8 e1e8	1327	061315191n1o1y
I9jkA	4r1k1/pp1n1pp1/2p3bp/3p1q2/3P2B1/2P4P/PP3PPb/R1Q2NK1 w - - 0 19	f1h2 f5f6 g4d7	1327	01191o1p
JIKcp	5rk1/1p4pp/3Q4/8/2P5/2b1P1P1/2q3BP/1q1R3K w - - 0 39	g2d5 g8h8 d6f8	1327	0i1315191o
MlnGt	8/6R1/5P1P/6P1/8/5k2/r7/7K b - - 10 89	f3g3 g7c7 a2a1 c7c1 a1c1	1327	0p0r1013161m
NYKFq	2br3k/3q1pbp/p6P/4pN2/1p6/1N6/PPP5/1K4R1 w - - 0 32	h6g7 h8g8 f5h6	1327	001315191o
NopCG	r2B2k1/1bpn2pp/1p1pp1r1/p4p2/P1PP4/2PBP3/3Q1PPP/R4RK1 b - - 0 16	g6g2 g1h1 g2f2 h1g1 f2d2	1327	0g0i0j0k0y1019
OECPj	6rR/p1p2k2/1p1p4/3Pp3/2P1PnN1/5K2/PP6/8 w - - 6 42	g4h6 f7g7 h8g8	1327	0g0p0s1o
OGoHz	2r2k2/p5pp/4pp2/1Rn1N3/2P1b3/8/P3BPPP/5K2 w - - 0 29	b5c5 c8c5 e5d7 f8e7 d7c5	1327	050g0p0s1011121n
P62jH	R1br4/7r/2Qp1qk1/2pPp3/2P1PpP1/2KB1P2/8/5R2 b - - 9 40	c8b7 a8d8 b7c6	1327	010s191o
P99aq	r2q1rk1/2pNbp1p/p2n2p1/1p6/3P2Q1/8/PPP2PPP/R1B2RK1 b - - 0 14	f7f5 g4g3 d8d7	1327	010v0w191o
RA5oH	r1bqk2r/pp3ppp/2n1pn2/1Bbp4/8/1P2PN2/PBP2PPP/RN1QK2R b KQkq - 1 7	d8a5 b1d2 a5b5	1327	010s1c1o
SO0fd	2rq1rk1/1p2nppp/pb2p3/4Pb2/1P1N4/P7/1B2BPPP/2RQ1RK1 b - - 2 18	c8c1 d1c1 b6d4 b2d4 d8d4	1327	0g101c
SxLu0	3Q1r2/3K2kp/4R3/7P/8/8/1p6/8 b - - 2 57	f8d8 d7d8 b2b1q	1327	000g0p1h1o
UO5iJ	6k1/1R3rpp/5b2/4p3/2B1P3/6P1/1p3PKP/1r6 w - - 0 30	b7b8 f6d8 b8d8	1327	0p13151g1o
UXw97	2rr2k1/5ppp/8/1p5q/4R3/1P1Q2P1/5P1P/4R1K1 w - - 1 32	d3d8 c8d8 e4e8 d8e8 e1e8	1327	060p1013161n
Ucn1l	8/5ppp/8/pp1R4/1kn1P1P1/5P2/2K4P/8 b - - 0 40	c4e3 c2d3 e3d5 e4d5 b4c5	1327	0g0p0s10
Uwios	k1rq3r/pR1b1ppp/4p3/4P3/P7/2P1bN2/1Q4PP/1R5K w - - 5 25	b7a7 a8a7 b2b7	1327	051315191k1n1o
Wcjt9	rnbqk1nr/pp3p2/2p1p3/3pP3/6P1/1P2P1pB/PBP3KP/RN1Q1R2 b kq - 1 14	d8h4 h2g3 h4h3	1327	0g191o
Yogqn	3r1n2/3k1p2/p2p1Pp1/2pPp1P1/1rP5/1P1R4/6Q1/2qB1R1K w - - 8 38	d1g4 d7c7 f1c1	1327	0g0j191o
ZNsqu	8/6pp/4kp2/P7/2N5/1K3P1P/6r1/8 w - - 0 47	a5a6 g2g1 a6a7 g1a1 c4a3	1327	000g0h0p10
cTDgZ	r5k1/ppp2p1p/4rPp1/4p3/2q1P2Q/8/P1P3PP/3R1R1K w - - 0 22	h4h6 e6f6 f1f6	1327	0g0p1o
clTza	rnbqnrk1/pp4bp/3p2pB/3Ppp2/4P3/2N2P2/PP1QN1PP/R3KB1R b KQ - 1 11	d8h4 g2g3 h4h6 d2h6 g7h6	1327	0g101c
czkid	r1bqkb1r/6pp/p1p1p3/1p1pPp2/4nB2/2P1PP1P/PP1NB1P1/R2QK2R b KQkq - 0 11	d8h4 g2g3 e4g3 f4g3 h4g3	1327	011019
dandz	r1b2rk1/pp3pp1/7p/3pP3/2pb4/2P5/PqBQ1PPP/R3R1K1 w - - 0 18	c2h7 g8h7 d2b2	1327	010j191o
dh7il	r5rk/pp3p1p/3p1PpQ/3P2P1/2q5/6R1/P6P/R5K1 w - - 0 29	h6h7 h8h7 g3h3 c4h4 h3h4	1327	050p1013161n
eKhZw	3rr2k/p6p/1p4p1/2p2p2/5N2/PP1PP1q1/2R4Q/3R3K b - - 0 31	g3f3 c2g2 f3d1 g2g1 d1f3	1327	0g0r0s1019
f3m43	5r2/pp2k1p1/8/3P1R1P/8/1B5r/PP6/6K1 w - - 5 36	d5d6 e7d6 f5f8	1327	010i0p1o
fMpfb	r5r1/1ppk1p1p/p2p2q1/8/5n2/2P2PP1/PP3B1P/R2Q1R1K w - - 0 23	d1a4 b7b5 a4f4	1327	0g0s191o
jYuFM	r2q1rk1/2pb1p2/4pp1p/p1P4N/1n1Pp3/2Q5/P4PPP/2KR1B1R w - - 0 18	c3g3 g8h7 g3g7	1327	1315191o
li2jG	8/8/3kp3/7p/3P4/4nPK1/7R/8 b - - 0 60	e3f1 g3h3 f1h2 h3h2 d6d5 h2h3 d5d4 h3h4 d4e3	1327	0g0p0s1w
mVF1v	2k4r/4bppp/p1P1p3/8/r7/2R2BP1/P1P2P1P/R5K1 b - - 0 29	e7f6 c3d3 f6a1	1327	0g0p1o
nEg7u	r5r1/ppp2ppk/5n1p/4pN1P/4P3/q1PP2R1/P2Q1PP1/R3K3 w Q - 1 20	g3g7 g8g7 d2h6 h7g8 h6g7	1327	050s101316191n
nQXwV	6k1/1p3pqp/8/8/8/P3R3/1PP1QKP1/3r3r w - - 0 45	e3e8 g7f8 e2g4 g8h8 e8f8	1327	0p1013161g
oVy2t	8/6p1/5pb1/3p2k1/1B1Pp1P1/6K1/5P2/8 w - - 0 43	b4d2 e4e3 d2e3	1327	080p13151o
oj0Ar	8/7N/1p2p3/4rk2/1P1R4/2n5/P1P2P1P/2K5 b - - 2 35	c3e2 c1d2 e2d4	1327	010p0s1o
p774N	3r2k1/pp3qpp/3n4/3QR1P1/5P2/7P/1PP2K2/5N2 b - - 2 33	f7d5 e5d5 d6e4 f2e3 d8d5	1327	010j0p0r10
p9zlG	6k1/7p/4PQ2/3p2p1/3b4/8/7P/4qB1K w - - 0 53	f6f7 g8h8 f7f8	1327	0p111213151o1r
q4Zfd	5rk1/6pp/p1p1p3/1pN5/3r4/8/PPP3PP/2K2R2 w - - 0 24	f1f8 g8f8 c5e6 f8e7 e6d4	1327	01050p0s0w10
rL4GA	r2q1r1k/bpp1n1p1/p1n1Q2p/5p2/N7/P2pP3/1B1P1PPP/R4RK1 w - - 2 18	e6h6 h8g8 h6g7	1327	0y1315191g1o
t0HRg	r2qkb1r/2p1pppp/p1N2n2/3p1b2/N2P4/4P3/PPP2PPP/R1BQK2R b KQkq - 0 9	d8d7 c6e5 d7a4	1327	011c1o
tJ5R3	5rk1/1b3p1p/p3pp2/1p1qP3/3B1Q2/1P1P1R2/P1r3PP/6K1 w - - 0 24	f3g3 g8h8 f4f6	1327	0w0y1315191o
tLMvX	4Rrk1/p4p1p/1p1r1Qp1/3q1b2/1P6/P4P1P/6PK/4R3 w - - 0 34	e8f8 g8f8 f6h8	1327	051315191o
tMQA3	8/5pk1/3R4/6p1/6K1/5P2/3R3P/4q3 b - - 11 46	e1h4 g4f5 h4f4	1327	0p13151j1o
tgQvc	r1bq2k1/1p2rppp/p7/2pN2B1/3P2n1/8/PPP2PPP/R3KB1R w KQ - 0 14	d5e7 g8f8 e7g6 h7g6 g5d8	1327	0g0j0y1019
ulxMq	r1bk1r2/pppp1Qp1/3b4/4P3/4K3/3p1RP1/PPP3q1/RNB5 w - - 7 24	c1g5 d6e7 f7f8	1327	1315191g1o
uwKSf	r4rk1/1p1q1p2/2p1p2p/p4RpP/P2PQ1n1/1P1B4/2P5/2KR4 w - - 0 24	f5g5 h6g5 e4h7	1327	0d0y1315191n1o
wCyAs	7k/2r5/3N4/4P1pp/8/1R4PK/4Br1P/4b3 w - - 2 42	b3b8 h8h7 e2d3 h7g7 d6e8	1327	010p0r1011
x6vsP	5k2/5p2/3R2p1/3p3p/4PP2/5K1P/3r1P2/8 b - - 0 55	d5e4 f3e3 d2d6	1327	0g0j0p111m1o
xcYGI	r4r1k/7p/5Rp1/3N4/2P5/8/PPb3PP/K6R b - - 0 29	a8a2 a1a2 f8a8 f6a6 a8a6	1327	050p1013161f1n
xoKgo	2R5/5p2/4ppkp/p6N/rb4P1/4PP1P/8/5K2 w - - 2 41	c8g8 g6h7 h5f6	1327	0f0i0p13151o
yJwIL	3q1rk1/Q2b2p1/p1R1p2p/1p1pPpN1/1P1P4/P6P/1B2BP2/6K1 b - - 0 26	d8g5 g1f1 d7c6	1327	010t0w191o
zsYiY	5Q2/kp6/p5r1/P1p5/3b2Np/1P4qP/8/4RR1K b - - 2 39	g3h3 g4h2 h3g2	1327	0s1315191o
02KwH	r5k1/6pR/3prPP1/8/1pp1P3/p7/2P5/1K6 w - - 0 39	f6f7 g8f8 h7h8 f8e7 h8a8	1328	000g0p101m1p
0R7kB	6k1/1b4rp/3p4/p7/2PP1rNR/4p3/8/K3R3 w - - 2 41	g4h6 g8h8 h4f4	1328	0g0j0p111o
1ZE6U	rn2k2r/pp2pp2/2p2pbb/3p3p/2PP3P/2N2Pq1/PP2P3/R1BKQBNR b kq - 3 11	g6c2 d1c2 g3e1	1328	0g0i1c1o
70vLZ	8/6pk/P2Rp1q1/3bP2p/2pB4/2P3QP/6PK/5r2 b - - 0 44	f1h1 h2h1 g6g3	1328	010i0p1o
7iiOn	8/3R4/6p1/p1r1kp1p/P2R3P/2r3P1/5P2/6K1 w - - 0 31	f2f4 e5f6 d4d6	1328	0p13151m1o
99aUe	r2qr1k1/ppp2pp1/4b2p/3pP3/1B2nPP1/P2BP2P/1P6/R2QK2R b KQ - 0 16	d8h4 e1f1 h4f2	1328	1315191o
9Czll	6k1/4Rpp1/2p2n1p/pq6/Np1r4/1P3P1P/P1Q3PB/7K b - - 0 30	b5f1 h2g1 d4d1 c2d1 f1d1	1328	0110191l
AUsEl	4rrk1/5ppp/2p2n2/p2p1NQ1/6q1/4P3/6PP/5RK1 w - - 6 29	f5h6 g8h8 h6g4	1328	01191g1o
BJxlj	2rr1k2/6p1/3bp1Qp/p3P3/2pq4/5P2/5P1P/1B4RK w - - 1 32	g6g7 f8e8 b1g6	1328	1315191o
BdSbK	6k1/6r1/1p6/p4Q2/2Pq4/3p2P1/3R1P2/6K1 b - - 0 41	g7g3 g1f1 d4a1 d2d1 a1d1	1328	0p1013161g
E77xF	r7/2p2pk1/p7/2PQ2b1/1P1Pp1q1/4P3/PB3P1r/R3K3 w Q - 0 32	d5e5 g5f6 e5h2	1328	010s11191o
ECx6o	r1b1kb1Q/ppp1q3/2n3p1/3p1p2/4n3/3B1P2/PPPP2PP/RNB2RK1 b q - 0 10	e7c5 g1h1 e4f2 f1f2 c5f2	1328	0g0y101c
Eqh5V	r1bqkb1r/3npppp/p7/1N1n2B1/Q7/8/PP3PPP/R3KBNR w KQkq - 0 12	b5d6 e7d6 g5d8	1328	0g1c1o
ErUam	r3r2k/ppp2Bpp/2np4/8/3P1B2/2PK4/PP3qP1/R6R w - - 0 21	h1h7 h8h7 a1h1 f2h4 h1h4	1328	050y101316191f1n
FIIbL	8/1p3R2/p1k5/3Np3/1PP1Pb2/1K6/P5r1/5q2 w - - 0 37	f7c7 c6d6 c4c5 d6e6 c7e7	1328	0p0r0u101316
FoEB5	4r1k1/ppp2ppp/2B5/8/8/2PP2bP/PP4P1/R1B1rRK1 b - - 0 18	e1f1 g1f1 e8e1	1328	050y1315191d1o
MUOVG	2b2rk1/Q1p1qp2/1pP3pp/1P6/2B5/6P1/6PP/5RK1 b - - 2 26	e7c5 f1f2 c5c4	1328	0g0p0s1o
PzqXN	2k3r1/pp3p1p/2p1p3/4Qpq1/3P4/P1B2PrP/1PP2RPK/6R1 b - - 6 24	g3h3 g2h3 g5g1	1328	0j1315191o
RSbBj	4q1k1/1R4nr/p5Q1/3p3p/8/1P6/P4PPP/6K1 w - - 1 30	b7g7 h7g7 g6e8	1328	0g0p1o
THJHl	8/3Q2pk/2p4p/p3P3/2PPq3/1K6/PP5P/8 b - - 1 34	e4d3 b3a4 d3c4 a4a3 c4b4	1328	0i0p1013161i
Tabdo	8/2p3k1/7p/6p1/2PPQ3/5r1P/Pq3rP1/R5RK b - - 4 28	f3h3 g2h3 f2h2	1328	0p13151n1o
UDTwl	R7/8/8/8/1P6/P1k5/6r1/K7 b - - 4 47	c3b3 a8c8 g2g1 c8c1 g1c1	1328	0p0r1013161m
Vnmpu	5rk1/1R3p1p/4p1p1/4P3/1Q6/2PqnN1P/5PP1/6K1 b - - 1 29	d3f1 g1h2 f1g2	1328	0p13151o
XNmSP	7Q/3k1p1P/3p3R/4p3/3qP3/1Pp5/2P2PP1/4K3 b - - 0 36	d4d2 e1f1 d2d1	1328	0p0s13151o
YoqQh	r5rk/p4p1p/1p2pPpQ/3pP3/2q5/4R3/6PP/5R1K w - - 2 28	h6h7 h8h7 e3h3 c4h4 h3h4	1328	050p1013161n
b7oWQ	4r3/4k1p1/4p1r1/p3R1P1/P2pRP2/2bP1K2/2P5/8 w - - 3 41	f4f5 g6g5 e5e6 e7d7 e6e8	1328	010p10
enN3j	5rk1/5p2/1Rp2qp1/2Pp3p/3R4/4P1r1/5P2/5Q1K w - - 0 36	d4f4 f6e5 f2g3	1328	010p0w111o
euNBP	4k2r/3nppqp/3p1np1/2pP4/4P3/r1B2Q1P/P1P2PP1/R3R1K1 w k - 1 17	c3f6 g7f6 f3a3	1328	010j191o
evpuS	2r1r1k1/R2Q2p1/1p3bNp/8/2q5/8/1P3PPP/5RK1 b - - 0 27	c4f1 g1f1 c8c1 d7d1 c1d1	1328	05101316191n
gJ0A2	8/5p2/5p2/3p4/2k1nP2/Q5P1/4qNK1/8 w - - 4 48	a3a6 c4d4 a6e2	1328	0g0p111o1p
hIMvt	6k1/3q3p/3p2p1/p2P1P2/P1P1r3/3Q1K1P/2R5/8 b - - 0 41	d7f5 f3g2 e4g4 h3g4 f5d3	1328	0g0j0p0r10
hS5Uf	r5k1/1b2n1p1/p2q3p/3p2rB/4pp2/2N5/PPPQ1PPP/R4R1K w - - 2 23	c3e4 d6e5 e4g5	1328	01191o
hgr6R	2b4r/ppq5/2p2pk1/6p1/PP3P2/6QP/5RBK/8 w - - 4 40	f4f5 c8f5 g3c7	1328	0g0j0p1o
jRc2S	7r/6p1/8/R3K3/8/1k5P/6P1/8 b - - 0 43	h8h5 e5f4 h5a5	1328	0g0p1m1o1p
jiUTr	3rr3/6p1/1p3k1p/p2ppP1P/6P1/2P3B1/PP1K4/4R3 w - - 4 33	g3h4 f6f7 h4d8 e8d8 e1e5	1328	010p101p
kB6NW	1k1r4/2R3R1/ppB5/2b5/8/2P4p/PP3r2/2K5 b - - 3 41	c5e3 c1b1 d8d1	1328	0p13151o
kxaE6	r4rk1/3b1p2/p5p1/n1pN4/1p6/7P/PPB3P1/R4RK1 w - - 0 24	d5f6 g8g7 f6d7	1328	0g0s191o
leDGW	8/4kpQp/4p3/p3P3/1b1BpP2/4P2R/q1P3PP/6K1 b - - 0 30	a2b1 g1f2 b1e1	1328	0p13151o
mTlOr	r4r2/p1Q2pk1/5np1/2p1pP2/1q2b3/1P2n3/2P1N2P/1NKR1BR1 w - - 2 25	g1g6 g7h7 g6f6	1328	0g0i191g1o
n6FC1	r5k1/1b1p1p1p/p2nq1p1/1pB1b3/2p1B3/P1P3N1/1P3PPP/R2Q2K1 w - - 0 22	c5d6 e5d6 e4b7	1328	010b191o
nZ7zz	8/7p/1r1k2p1/5p2/1p1P4/1P1KN3/6PP/8 w - - 4 47	e3c4 d6c7 c4b6 c7b6 d3c4	1328	010p0s1011
pAEcj	3k4/8/P5p1/4p2p/2Rb4/2r3PK/7P/8 w - - 0 51	c4c3 d4c3 a6a7	1328	000g0p111o
qHzdY	8/5k2/2p1r3/1pQ2p2/1P2rP2/1P3K2/8/8 w - - 3 55	c5f5 f7e8 f5e4	1328	0g0p1j1o
rsiWk	r4rk1/ppp2ppn/2b4p/2b1P3/5P2/1BN3Q1/PP3qPP/R1B1R2K b - - 8 17	c6g2 g3g2 f2e1 g2f1 e1f1	1328	0y10131619
tSM00	r7/P7/5p1p/7P/3K4/R1p2kb1/8/6R1 b - - 0 66	g3f2 d4c3 f2g1	1328	0g0p0s1o
wBnVa	r1bqk2r/ppp1np1p/2np2p1/3Np3/4P2Q/3PPNP1/PPP4P/R3KB1R w KQkq - 2 11	d5f6 e8f8 h4h6	1328	13151c1o
wYrLB	3r4/4br1k/4qpRp/p4R1P/p3P3/2Pp2Q1/1P4P1/6K1 w - - 0 33	g6h6 h7h6 g3g6	1328	051315191n1o
wt0VS	8/R7/7k/3prPp1/2p5/B1P3K1/8/3b4 w - - 0 45	a3f8 h6h5 a7h7	1328	0p13151o
xKTCO	r4rk1/pp1n3p/2p1p1pP/3pP3/3n1BB1/P1P5/2P2P2/R3K2R w KQ - 0 21	c3d4 f8f4 g4e6	1328	010b0y191o
xkhPR	r2qr1k1/ppp2ppp/4p3/3nP3/1BBn4/P7/1P3PPP/R2Q1RK1 w - - 4 14	d1d4 d5b4 d4d8 a8d8 a3b4	1328	010t1019
zVoEc	r4rk1/pp1b1pp1/7p/2PNb1q1/5P2/P2B4/1PQ3PP/R4RK1 b - - 0 17	e5d4 g1h1 g5d5	1328	010j191o
0HipD	r1bqr1k1/pp3ppp/2p2nn1/6B1/3PP3/2NB4/PPQ1N1PK/4RR2 b - - 0 15	f6g4 h2g1 d8g5	1329	010j191o
0IzvF	1r1q1rk1/p3bppp/3p4/4p3/2Q1n1b1/1B3P2/PPP3PP/RNB2RK1 b - - 2 15	d8b6 g1h1 e4f2 f1f2 b6f2	1329	0g0y101c
1taKR	8/8/3Q1pk1/p2P2p1/P3Pp1P/4qb2/5R1R/1r3BK1 b - - 2 39	b1f1 g1f1 e3c1	1329	05111315191g1n1o
29GZa	rn3rk1/pp1b1pp1/2p4p/3P4/2PP4/1P2PNnq/PB2B1R1/RN1Q2K1 b - - 2 17	h3h1 g1f2 g3e4	1329	0y13151c1o
3Tlp5	r1b5/7k/p2p2rp/1p2p1qQ/4P3/3P1R2/PP4PP/5RK1 w - - 2 26	f3f7 g6g7 f7g7 g5g7 f1f7 c8e6 f7g7	1329	01050d191g1w
42f85	6k1/ppQ2ppp/8/4r3/q7/2P3PP/PP1r4/5R1K w - - 0 28	c7f7 g8h8 f7f8	1329	0p13151o
51T8o	r2qr1k1/pp3pp1/2pb2p1/3n1b2/3P4/1N3NBP/PP3PP1/R2QR1K1 w - - 1 16	e1e8 d8e8 g3d6	1329	010y1c1o
5m3Kg	r1k2br1/1p3N2/8/p1p2b2/3p1B2/3P1B2/PPP2K2/4R3 w - - 0 24	e1e8 c8d7 e8a8	1329	0g191k1o1p
6myNw	8/3r1p1p/1p2p1p1/1kb3P1/5R1P/1B5K/P7/8 w - - 11 46	b3a4 b5a6 a4d7	1329	0g0p1o1p
80T8X	2r3k1/b4p1p/p1r1pq2/4Q1p1/1BN5/1PP3P1/P4P1P/3RR1K1 b - - 0 26	f6f2 g1h1 f2f3	1329	0y1315191o
8XqSO	1n2Qbk1/1p5p/5pB1/p2r4/2NP1p2/7q/PP3P1N/5RK1 b - - 1 26	d5g5 g1h1 h3g2	1329	0y1315191o
8lvEX	r4rk1/pp3ppp/1bbpn3/3Np2R/1PP1P3/P2BP1qP/4Q1P1/R5K1 w - - 7 21	d5e7 g8h8 h5h7 h8h7 e2h5	1329	02050y101316191n
9NAGy	8/6k1/6p1/p7/P1PbR2r/5K2/7r/3R1B2 b - - 9 50	h2f2 f3g3 h4e4	1329	0g0i0p111o
9i8nU	8/8/4pk2/p5r1/P3K3/1P4R1/8/8 w - - 0 39	g3g5 f6g5 e4e5	1329	0g0p1m1o
FHsS6	4r1k1/1p4p1/p6p/1b1P4/8/PB5P/1P2pKP1/2R5 b - - 1 32	e8f8 f2e3 f8f1	1329	0g0p1o
FtUVa	3rr1k1/pp1n1pbp/6p1/2q5/2B1p3/1P2Q1BP/P4PP1/2R1R1K1 w - - 0 26	c4f7 g8f7 c1c5	1329	0g0j191o
HMH1s	r1bqk1nr/ppp2p1p/2N3p1/4b3/2P5/1P6/PB2PPPP/RN1QKB1R b KQkq - 0 8	d8d1 e1d1 e5b2	1329	0g1c1o
Hejyi	6k1/7p/5pp1/4pN2/1nr1p3/4P3/5PPP/R5K1 w - - 0 27	a1a8 g8f7 f5d6 f7e7 d6c4	1329	0g0p0s10
IZfwv	r1bBk2r/ppp2pp1/2p5/2b4p/4n3/P2P4/1PP2PPP/RN1QKB1R b KQkq - 0 8	c5f2 e1e2 c8g4	1329	0413151c1o
IlQ08	8/8/8/1p2k3/3rp2R/2K5/8/8 w - - 0 61	h4h5 e5f4 c3d4	1329	0g0i0p111m1o
JSoeL	6k1/5pp1/p1qr3p/6b1/4p3/4N2P/5PP1/1Q1R2K1 w - - 0 31	b1b8 d6d8 d1d8 g5d8 b8d8	1329	010p10
KR0vj	r1bq2k1/1p2rB1p/p5p1/4n3/2p5/2N3P1/PP2PP1P/R2Q1RK1 b - - 0 18	e5f7 d1d8 f7d8	1329	010t191o
KXeiU	1b1rr1k1/1p3npp/p7/3Np3/2q4P/2P2PB1/PP1QR1P1/3R3K b - - 4 30	d8d5 d2d5 c4e2	1329	010i11191o
LKiGF	1k6/8/4K3/5p2/6p1/8/8/4N3 b - - 1 54	f5f4 e1d3 f4f3 d3e5 f3f2 e5g4 f2f1q	1329	000g0p0z1h1l1w
LqL08	8/2pk3p/4p3/3pP3/2qP1P2/6P1/RK5P/3R4 b - - 3 38	c4e2 b2c1 e2a2	1329	0g0i0p0s1j1o1p
Ls0FB	8/1p2k3/p3p1p1/P6p/1P1K1P1P/6P1/8/8 w - - 2 40	d4e5 e7d7 e5f6	1329	0g0p1e1o1z
My1SS	5rk1/p2Qn2p/1p6/3p4/8/P4RP1/4qPKP/8 w - - 0 37	d7g4 e7g6 f3f8 g8f8 g4e2	1329	0g0j0p101g
N5eTz	8/8/2p1pp2/3k4/5P2/2R1P2r/2PK4/8 w - - 2 42	e3e4 d5e4 c3h3	1329	0g0j0p1m1o
N7iDx	r2q1r1k/p1p3bp/2p5/2PP2p1/2B1N1b1/5p2/PP4PP/R1BQ1RK1 b - - 0 19	f3f2 e4f2 g4d1	1329	000g0j11191o
Px4zb	3rr3/p1p3pk/1p3p2/4Pn2/2QPKP2/2B3Pq/PP6/R6R b - - 3 31	f5g3 e4d3 g3h1	1329	0g0j0k0s11191o
QzABM	8/3R4/6P1/pk6/1p6/P5r1/KP6/8 b - - 3 52	b4b3 a2a1 g3g1 d7d1 g1d1	1329	0p1013161m
RgI3q	4r2k/p2Q2p1/7p/8/q7/7P/P4PP1/3R2K1 b - - 1 26	e8e1 d1e1 a4d7	1329	010i0p1o
SzuIQ	8/5pkp/pp3p2/3Qp2q/PPP5/4PnrP/2R3B1/2R4K b - - 4 31	g3h3 g2h3 h5h3 c2h2 h3h2	1329	0r0y10131619
WbgSP	5bk1/2Q2p1p/4p3/8/1r1P4/7P/4qPP1/2R3K1 w - - 0 32	c7g3 g8h8 c1c8 b4b1 g1h2	1329	0d0g0p101g
Wrxau	5rk1/1R3ppp/8/8/p7/5Q2/P5PP/q1r2R1K w - - 2 29	f3f7 f8f7 b7b8 c1c8 b8c8 f7f8 c8f8	1329	0p13171n1w
XJgMR	8/8/2R4p/2p3pk/3bN3/7P/r4P2/6K1 w - - 0 36	e4g3 h5h4 c6h6	1329	0i0p13151o
YL1Jj	1r4k1/p2r1p1p/1p2p3/3b2p1/P4qPB/2Pp1P1P/P2P2Q1/R2B2K1 w - - 0 33	h4g3 f4f6 g3b8	1329	01191o1p
Yvcht	k5r1/1p6/p7/8/3R4/2P3Q1/P1q2RK1/8 b - - 2 43	g8g3 g2g3 c2c3 g3g2 c3d4	1329	01050p0r0s10
Zgx6L	r1b2rk1/pp3p1p/2npp1p1/q7/P3P3/1Pb5/1B1NBPPP/1R1Q1RK1 w - - 0 14	d2c4 a5g5 b2c3	1329	0g1c1o
bjEKD	4r3/1pbknR2/p2qp1Q1/2p5/P1Pp1B2/1B1P4/6PP/6K1 b - - 2 27	d6f4 f7f4 e7g6	1329	01191o
ci5eT	r1bq1rk1/p1p2ppp/2pp1b2/4n2Q/4P3/1BN5/PPPB1PPP/R4RK1 b - - 9 12	c8g4 h5g4 e5g4	1329	0g191o1t
d9Xh2	rq1n4/2p3kp/1p4p1/p3Q3/2P1P1Pb/PP1P1N1P/6B1/R5K1 b - - 0 28	h4f6 e5e8 f6a1	1329	010h191o1p
dEgYH	r1bqk2r/pppnp1b1/7p/3pNpp1/3Pn3/4P1BP/PPP2PP1/RN1QKB1R w KQkq - 3 9	d1h5 e8f8 h5f7	1329	13151c1o
dTFQc	8/2p5/p2k4/2r2p2/2R4P/8/6K1/8 w - - 1 55	c4c5 d6c5 h4h5	1329	0g0h0p1m1o
dhyf7	1b3r1k/1p4pB/p1rq4/3p4/3n3Q/2P2P1P/PP1N2P1/R4K2 w - - 0 26	h7g6 h8g8 h4h7	1329	0j0k0y1315191o
dk1yq	rn1r3k/pp1b2p1/3R1p1p/1B6/6PP/5P2/PP2N3/2K4R b - - 0 20	d8c8 e2c3 d7b5	1329	01191g1o
eK5ks	r1b2rk1/1pq1bppp/p3pn2/8/3N1B2/3B1Q2/PPP2PPP/3R1RK1 b - - 9 15	e6e5 f4e5 c7e5	1329	010s191o
ex5Cq	1rr3k1/5pq1/1p2pn1p/4Q3/1P1n1N2/P2P4/B1P2PP1/R4RK1 b - - 2 29	d4f3 g1h1 f3e5	1329	0g191g1o
fyiwQ	1r6/1pqk1pQ1/p2p1P2/3Br3/8/P5P1/1PP4P/3R2K1 b - - 4 31	c7c5 g1h1 e5d5 g7f7 d7c6 f7d5 c5d5 d1d5 c6d5	1329	010p1w
hiynY	1k6/1p2KP2/8/8/8/p1P1R3/8/5r2 b - - 4 56	a3a2 f7f8r f1f8	1329	000g0p1m1o
i6a7m	8/3k3p/8/K5p1/P4p2/8/2P3PP/8 b - - 0 36	g5g4 a5b4 f4f3 g2f3 g4f3 b4c4 f3f2	1329	000g0p1e1l1w
jkoFI	r7/3Q3p/6pk/4p3/P2pP2q/5PR1/4nP1P/7K w - - 5 32	g3h3 h4h3 d7h3	1329	010p1g1o
ktgRO	R7/p2bk3/1pp1q3/8/4P2r/2NPQp2/PPP2P1P/6RK b - - 0 26	h4h2 h1h2 e6h3	1329	050y1315191n1o
mSqKY	6k1/3R4/5K2/6PP/4r3/4p3/6r1/4R3 b - - 0 59	g2f2 f6g6 e4e6	1329	0p13151m1o
msmzL	5r2/p7/Qq1kp1pp/3p4/3P4/2P4P/3BKPP1/8 w - - 2 37	a6a3 d6c6 a3f8	1329	0g0p1o1p
n1XO3	5B2/2p5/2kP2p1/6P1/p1p2RK1/P3r3/2P2p2/8 b - - 1 41	e3e4 f4e4 f2f1q	1329	00010i0p1g1h1o
nHN90	4r1k1/5p2/3Q4/5pp1/5q1p/2P4P/PP3PP1/3R2K1 b - - 0 26	e8e1 d1e1 f4d6	1329	010i0p1o
nP9Uz	4r3/pp2rkp1/2p4p/8/2p1nPP1/5N1P/PP4K1/4RR2 w - - 0 28	f3e5 f7g8 e1e4	1329	010p0v111o
nafRi	r2q1rk1/p5pp/1p1b2b1/2p1Bp2/2Pp4/1P1P1Q2/P2N1PPP/R3R1K1 w - - 2 20	f3d5 g6f7 d5d6 d8d6 e5d6	1329	011019
nghDr	r2kr3/p1p2ppp/1pp2n2/8/8/1PNq1P2/P2P2PP/R1B2QKR b - - 3 16	d3d4 f1f2 e8e1	1329	0y1315191g1o
nqPWp	2kr3B/Qppb1p1p/8/6q1/8/2P5/PP2pPPP/1K2RB1R b - - 2 18	d7f5 b1a1 d8d1 e1d1 e2d1q	1329	0006101316191h
oFG2c	r2qk2r/pQ2bp1p/2p2p2/1B1p4/1n1P4/N4N2/PPb2PPP/R3K2R w KQkq - 0 12	b5c6 e8f8 b7a8 d8a8 c6a8	1329	011019
pAtOl	4qr1k/4n1pp/p2p1p2/4pP1Q/Pp2P3/1B3R2/1bP3PP/4B2K w - - 1 28	h5h7 h8h7 f3h3 e8h5 h3h5	1329	050y101316191f1n
pHPmV	r1br4/2k3pp/2p2pn1/p3p3/2B1P3/P1P1B3/2PR2PP/5RK1 w - - 1 17	e3b6 c7b6 d2d8	1329	010i191o
qVMvq	5rk1/p4qpp/1p1p4/3r4/PP2Q3/1R6/5PPP/5RK1 b - - 0 31	f7f2 f1f2 d5d1 e4e1 d1e1 f2f1 e1f1	1329	0p13171n1w
rpNjb	7r/1p2kr2/p5p1/1b2P1N1/5PQ1/P7/KPP5/4q3 w - - 0 40	g4e6 e7d8 g5f7	1329	010p1o
sXtOT	r2qr2k/pppb1Q1p/3p3p/3B4/3P4/P1n4P/5PP1/3RR1K1 w - - 0 19	e1e8 d8e8 f7f6	1329	0y1315191o
tRflI	3q3r/5pk1/4pNpp/1p2P3/3P4/r1P5/5QPP/5R1K w - - 0 32	f6h5 g6h5 f2f7	1329	0j0p13151n1o1s
xwql1	3r1k2/4R2p/2q2pp1/p2N1b2/2PQ4/7P/P4PP1/6K1 b - - 0 26	d8d5 c4d5 c6c1 g1h2 f8e7	1329	010p101n
zWpAZ	r3k2r/p1p1nppp/8/1pb2n2/3p3q/2P2P2/PP2QNPP/RNB1K2R w KQkq - 2 14	e2b5 c7c6 b5c5	1329	010s191o
0Pmok	4r2k/ppp1rQ1p/7P/P7/5p2/4q3/1PP5/5KR1 w - - 2 36	f7f6 e7g7 f6g7	1330	0p13151o
0o3G4	5r1k/r5pp/1p1n4/p1p1N3/2Bp2P1/P2R4/1P3PKP/8 w - - 1 34	e5g6 h7g6 d3h3	1330	0p13151f1n1o
0yDk9	8/pp6/2b3kp/6p1/1P6/2P1R2P/7r/2R3K1 b - - 6 42	h2h1 g1f2 h1c1	1330	0g0p1o1p
1kTIe	6k1/p4p2/2p4p/5qp1/1PPb4/P7/3Q1RPP/6K1 b - - 0 31	f5b1 d2e1 b1e1	1330	0p13151g1o
4FemV	7r/BP1k4/8/1K2p3/4P3/6p1/8/8 w - - 5 52	b7b8q h8b8 a7b8 g3g2 b8a7	1330	000g0h0p101h
4GyxD	2kr4/ppp2p1p/5Q2/8/1P2B3/4KP2/P7/R1r2q2 w - - 0 30	e4f5 c8b8 f6d8	1330	0i0p13151o
5dsrd	r4rk1/1p1bqp2/p1p1p1pp/2p5/4NP2/2P3Q1/PP4PP/3R1RK1 w - - 4 20	d1d7 e7d7 e4f6 g8g7 f6d7	1330	050g0s10191n
7Jhmb	rnbq1rk1/pp1pbp1p/2p1pn2/6B1/2PP4/P2QP3/1P3PPP/RN2KBNR b KQ - 0 7	d8a5 b1d2 a5g5	1330	010s1c1o
7wEHn	8/6kp/5pp1/4Q3/6B1/1P4PK/2q2P1P/6r1 w - - 0 40	e5e7 g7h6 e7f8 h6g5 f2f4	1330	0p101316
8hVlv	2k3r1/1pp2p2/pq6/1N1Qp3/2P2b2/7r/PP5P/1K1R3R w - - 0 30	d5d7 c8b8 d7d8 g8d8 d1d8	1330	0s101316191n
9JBxJ	8/1pQ2qp1/p1p1rk2/2Pp1p1p/1P1P3P/P7/6P1/5RK1 w - - 5 44	f1f5 f6f5 c7f7	1330	050g0i0p1o
9xyrc	8/k7/P2b4/6R1/4B3/6p1/1P3r2/3RK3 b - - 2 44	d6b4 d1d2 b4d2 e1d1 d2g5	1330	0g0p0r0s10
BeLmR	5k2/pp2pp2/5bp1/3P4/4q3/7Q/P4P2/5K1R w - - 0 28	h3c8 f8g7 c8h8	1330	0p13151o
CJAM7	r3kb1Q/p4q2/8/2pp4/5rPB/PP2Kb1P/1P3P2/R3R3 w q - 0 27	h8e5 e8d7 e5f4 f7f4 e3f4	1330	0g1019
CQzJv	3R4/5rk1/pp4p1/7q/2P1Q3/1P2P3/P4P2/6K1 b - - 0 34	h5g5 e4g2 g5d8	1330	0g0p0s1o
FSwFo	r4rk1/pp3ppp/2p1pb2/8/2P5/q2B1QP1/P4P1P/1R3RK1 w - - 0 19	d3h7 g8h7 f3a3	1330	0g0j191o
FhAUD	r2q2r1/ppp2ppk/7p/3bpN2/8/3PQP2/PPP2P1P/R5RK w - - 2 18	g1g7 g8g7 e3h6 h7g8 h6g7	1330	05101316191n
HC2WW	1k5r/pp6/4Q3/1PP1p2p/3p1r1q/5Pp1/P5P1/1R3RK1 w - - 2 32	e6e5 b8c8 e5h8	1330	0g0p0s1o
Hwgw6	8/8/pkb3Q1/3q3R/4r3/1P3N2/KPP2PP1/8 b - - 6 51	e4a4 a2b1 d5d1	1330	0p13151g1o
JupYf	r6k/1p3R2/1p2p2p/7N/8/p7/6PP/7K w - - 0 38	h5f6 a3a2 f7h7	1330	030p13151l1o
KRGAw	7k/p3P2p/5r2/3q4/8/2Q5/PPK5/4r3 w - - 0 38	c3f6 h8g8 f6f8	1330	0p0t13151o
KWOmX	1r6/p5k1/5q2/2p5/1p2r1pR/8/PP2NQP1/1K6 w - - 0 51	h4h7 g7h7 f2f6	1330	010i0p1o
KXz8v	8/P7/8/8/4k3/5r2/1K3Q2/8 b - - 2 64	f3f2 b2a3 f2f8 a3b4 f8a8 b4b5 a8a7	1330	0g0p0t111l1w
L0ApO	8/p1r3pp/4R1p1/2p3k1/3n2P1/3N2KP/r7/8 w - - 2 43	h3h4 g5h6 g4g5 h6h5 d3f4	1330	0p101316
L7bQY	r1bqk2r/pp3pp1/2nbp2p/1B2N3/3PpB2/4P2P/PP3PP1/R2QK2R b KQkq - 1 11	d8a5 e1f1 a5b5	1330	010s1c1o
Mvrkt	4r2k/pp3bp1/6qp/3pBp2/8/2P1Q3/PP3KP1/7R w - - 2 26	h1h6 h8g8 h6g6	1330	0g0p1g1o
OlFcl	4q1k1/2R3p1/p4p1p/3p3P/3Nb1Q1/2B5/5PPK/1r6 b - - 1 40	e8e5 f2f4 e5c7	1330	0g0s191o
OlMV0	6Q1/p5q1/2p4p/3p2k1/P1pP2P1/2P2PK1/2r5/8 w - - 0 42	g8g7	1330	0p0t111213141b
P3b7v	4r3/4p3/R2pk2p/1p6/1r1P1R2/7P/1P3P1K/8 w - - 0 40	d4d5 e6d5 f4b4	1330	0g0j0p111m1o
Phm3r	6k1/1p4pp/p3pr2/P1p5/R2p4/1P1P1q1P/2P3Q1/4R1K1 b - - 3 26	f6g6 g2g6 h7g6	1330	010p1g1o
QoyuH	2rq2k1/p4pp1/2b4p/7r/3p4/1P1BbP2/P1P1Q1PP/2B1RR1K b - - 8 25	h5h2 h1h2 d8h4	1330	050y1315191n1o
QpueO	8/8/K3kp1p/1p1pp3/4P3/4P2P/PP4P1/8 b - - 0 30	d5d4 e3d4 e5d4	1330	0g0p1e1o
Qs51L	r4Q2/1bk5/pq1p3p/1p2P3/4P3/3p4/PPn3PP/5R1K w - - 4 29	f1f7 c7c6 f8d6	1330	0p13151o
R23qT	8/p3k3/2R2bp1/4pbN1/5p2/5P2/PP1B1KPr/8 w - - 2 27	d2b4 e7e8 c6f6	1330	0g0i0p11121o
SYBZT	5r1k/6p1/4Q2p/3p4/8/1P5P/P2q2P1/R5K1 b - - 0 26	d2d4 g1h2 d4a1	1330	0g0p0s1o
Tmtuf	8/2p5/p2k1p2/1p2rp2/5K1P/2P5/PP2R3/8 w - - 1 39	e2e5 f6e5 f4f5	1330	0g0p1m1o
Ts8a7	r5k1/2pn1pp1/3p2b1/4p3/p3P1R1/3P4/PPPK4/7R w - - 0 22	g4h4 f7f5 h4h8 g8f7 h8a8	1330	010p101l1p
UBv4p	rn1qr1k1/ppp2ppp/8/3n4/2PP2b1/5N2/P3BPPP/R1BQ1RK1 b - - 0 11	d5c3 d1d3 c3e2	1330	0g1c1o
VSPVH	r1bqkbnr/1p3ppp/p2pp3/8/4n3/2P2N2/PP2BPPP/RNBQK2R w KQkq - 0 8	d1a4 c8d7 a4e4	1330	010s1c1o
Vx3gQ	4r3/p7/2P5/4k1pp/3p1p2/P2K4/8/2R5 w - - 3 57	c1e1 e5d6 e1e8	1330	0g0p1m1o1p
XIKlJ	2r1r1k1/1bp2pp1/1pn4p/pB1nN3/1P5B/P1P5/2P2PPP/R3R1K1 b - - 0 16	e8e5 e1e5 c6e5	1330	01191o
YJr5o	r4r1k/pp4pp/2pq2n1/4Np2/3P4/1Q5P/PPP5/2KR3R w - - 0 24	e5f7 f8f7 b3f7	1330	010s11191o
Z2HTI	r4qk1/1QR2ppp/8/p2p4/P3P3/3n1PP1/7P/5K2 w - - 0 28	c7f7 f8f7 b7a8 f7f8 a8d5 g8h8 d5d3	1330	010i0p0s1w
ZheCw	r4rk1/pp1b2pp/3p1p2/3Pn3/Pb2P3/1Nq5/4B1PP/1RBQ1R1K w - - 6 23	c1d2 c3c7 d2b4	1330	01191o1p
Zj33Z	1k6/8/R1p2pp1/p2r4/3P4/5N1P/b2N1PP1/6K1 b - - 2 30	b8b7 a6a5 d5a5	1330	010p1o1t
aoanB	r2q1rk1/pp2n1pp/1b3p2/3p1b2/3P3B/2PB4/P3QPPP/RN2R1K1 w - - 4 15	d3f5 e7f5 e2e6 g8h8 e6f5	1330	010s101c
dJQNW	3r3r/1Qp2ppp/3b1k2/1B5b/1P3n1q/P2P4/2PN1PP1/R1B1R1K1 b - - 2 21	f4e2 e1e2 h4h2 g1f1 h2h1	1330	0y101316191n
ffSYs	2r5/4rkpp/2p1pp2/1bRp4/3P1P2/1P3N2/5PPP/2R3K1 w - - 1 24	c5b5 c6b5 c1c8	1330	010j0p1o
fjELm	8/pR3p2/P5kp/3B2p1/3bP1KP/6P1/5r2/8 b - - 0 31	h6h5 g4h3 g5g4	1330	0p13151o
gFSay	3rr1k1/1p4p1/p6p/5p2/3N4/2Pn1p1P/PP2R1P1/3R2K1 w - - 0 29	e2e8 d8e8 d1d3 e8e1 g1f2	1330	010p10
gJwuc	2R5/6P1/8/8/2b5/pr1k1PK1/8/8 w - - 2 66	c8c4 d3c4 g7g8q	1330	0001050p111h1o
gOCJj	8/3R1pk1/6p1/pp2r2p/5K2/1B4P1/PP3PbP/8 b - - 9 37	e5e4 f4g5 e4g4	1330	0p13151o
hG7ZI	3r1rk1/ppb4p/1npq1pp1/8/P2Q4/1P1BP2P/5PP1/B2RR1K1 b - - 2 23	d6h2 g1f1 d8d4	1330	0g0j191o
kJgJ3	6k1/p5pp/4p3/3p4/2pq4/6P1/4QP1P/1r3BK1 w - - 0 25	e2e6 g8f8 e6f5 f8e7 f5b1	1330	010p0s1011
kXlDH	2b4q/5Rnk/p5p1/1p4P1/2p1Q3/P1P1P3/1P1r2PP/6K1 w - - 0 29	e4h4 h7g8 f7f8 g8f8 h4h8	1330	01050i0p10
kvdb8	8/8/5Q2/7p/5pk1/1q1P4/6PK/8 w - - 10 56	f6g6 g4h4 g2g3 f4g3 g6g3	1330	0p1013161i
mDXZy	6k1/1p3rpp/p3R1b1/3p4/P2B2P1/2P2q1P/1P4Q1/6K1 w - - 0 30	e6e8 f7f8 g2f3	1330	0g0p1g1o
nGLUr	4k2r/p2n1pp1/4p2p/3pP3/3P1B1P/b7/P1p1QPP1/2r3K1 w k - 0 28	f4c1 a3c1 e2c2	1330	010p1o
nVZXl	4r1k1/3n1pbp/pp1p2p1/2pP2N1/P1P2P2/8/1PQBq1PP/4R1K1 b - - 1 21	g7d4 g1h1 e2e1 d2e1 e8e1	1330	0610131619
pLOzt	8/1p6/3r1k2/3B1p2/1PnK1P2/2P5/8/3R4 b - - 0 51	d6d5 d4d5 c4e3 d5d4 e3d1	1330	01050p0s101n
qg8w5	rn1qk2r/pbp2ppp/1p3n2/2b5/2p2N2/3QP1P1/PP3PBP/RNB2RK1 w kq - 0 10	d3d8 e8d8 g2b7	1330	0g1c1o
qrhfD	3r2k1/1p3p2/p4p2/P2n2P1/1P6/3Q1PK1/4r3/7R b - - 0 38	e2g2 g3g2 d5f4 g2g3 f4d3	1330	050g0p0s101n
uR4vI	r4r1k/4Npbp/3p1B2/1pp2Q2/8/3P3P/qpP3P1/1R5K w - - 2 27	f6g7 h8g7 f5g5 g7h8 g5f6	1330	050y10131619
vMZlJ	8/1pNn2kp/2pp1ppq/3P4/1PPbP3/5BP1/r6P/4R1QK w - - 8 29	c7e6 g7g8 e6d4	1330	010s11191o
vTU79	4rr2/1pq1b1pk/p1n1Q3/3pP3/NP6/P7/1B3P1P/2R1K1R1 b - - 2 23	e7b4 a3b4 e8e6	1330	0g0j191o
wpoFb	8/2pr3p/1p4p1/8/R3RB2/1k5P/2r2PP1/5K2 b - - 0 39	d7d1 e4e1 d1e1 f1e1 b3a4	1330	0g0p10
x54ps	r1bqk1nr/pp4pp/2nbpp2/3pN3/3P1B2/2P5/PP3PPP/RN1QKB1R w KQkq - 0 8	d1h5 g7g6 e5g6 h7g6 h5h8	1330	01101c1g1t
yCH7r	5Nk1/8/7R/2P1P2q/3p4/1P3p2/5P2/2B1R1K1 b - - 0 43	h5g4 g1f1 g4g2	1330	0p13151o
0iX32	r4rk1/pp3ppp/2pb4/2Np1B2/1P1P2n1/P3RN1q/2P2P2/R2Q2K1 b - - 3 19	d6h2 f3h2 h3h2 g1f1 h2f2	1331	0y10131619
1D8Np	r2q1rk1/pppb1ppp/2n5/2b1p1N1/4P1B1/8/PPPB1PPP/R2Q1RK1 b - - 8 11	d7g4 d1g4 d8d2	1331	010j1c1o
1bFnA	8/R7/7k/5K2/2n3P1/7P/8/4r3 w - - 2 61	g4g5 h6h5 a7h7	1331	0p13151o
1cvdy	2r2rk1/p4ppp/4qn2/2B1p3/4P3/2P1Q3/P1P2PPP/R2R2K1 b - - 0 19	f6g4 e3h3 c8c5	1331	01191o
2Q4QH	8/2b3k1/6pp/2N5/8/1NP1p1PP/1P5K/R2r4 b - - 1 38	e3e2 c5d3 d1d3	1331	000g0p1o
4JyFj	2r3k1/pp2bppp/5n2/q5B1/6b1/2N2N2/PP2QPPP/3R2K1 b - - 2 20	g4f3 e2f3 a5g5	1331	0b0g191o
4lMcm	5k2/p2p1p2/1p2p1q1/4P2p/5P1K/P6P/1Pr3Q1/6R1 w - - 8 34	g2a8 f8e7 g1g6	1331	0g0j0p1o
4xum2	8/5k2/p5p1/6n1/PP6/2P3N1/5K1p/8 b - - 3 43	g5e4 f2g2 e4g3	1331	0g0p0z1o
6N2rG	8/8/b7/P7/7P/5k1P/7K/8 w - - 0 60	h4h5 a6d3 h5h6 f3f4 a5a6	1331	080g0p101l
6tdOQ	R4bk1/4q2p/6pQ/1p2pbN1/1r6/3P4/4B1PP/6K1 w - - 0 29	a8f8 e7f8 h6h7	1331	0i1315191o
6uuOH	6k1/Rb2qppp/5n2/1prP4/8/4P3/2Q2PPP/5RK1 w - - 0 22	a7b7 c5c2 b7e7	1331	01191o
7uUMY	r1r3k1/2q2ppp/R3p3/3bP3/3P4/2PQ1N2/5PPP/2R3K1 b - - 0 20	d5c4 a6a8 c4d3 a8c8 c7c8	1331	0g0s1019
ChtVc	8/8/P7/r7/R7/1K3pk1/8/8 b - - 5 52	a5a4 b3a4 f3f2	1331	000g0p1m1o
D1V51	6rk/1r2P1pp/7q/3Q4/p5p1/6PB/6PK/8 w - - 0 48	d5g8 h8g8 e7e8q	1331	00050p13151h1o
D55gX	6k1/1pq3p1/r2p4/p1r1p1pQ/4Pp1P/8/bPP2PP1/2KR3R w - - 2 26	h5e8 g8h7 h4g5	1331	0j0k0y1315191o
DY4ce	8/1RP5/8/8/3K2p1/7k/8/2r5 w - - 10 57	b7b3 g4g3 b3c3 c1c3 d4c3 g3g2 c7c8q	1331	000g0p1h1m1w
EHN9H	r5k1/1b3ppp/pp6/2p1rN1Q/8/3q4/PP3PPP/R4RK1 w - - 2 20	f5h6 g7h6 h5e5	1331	010j0y191o
EPWU7	8/1p6/4k3/1PPp1p1p/5P2/5K1P/5B2/4b3 b - - 3 46	e1f2 f3f2 d5d4 c5c6 b7c6 b5c6 e6d6	1331	080g0p1l1w
FDUS9	r1b1k2r/4bpp1/p2p1n1p/q3p3/1p1BP3/2NP4/BPP1QPPP/R3K2R w KQkq - 0 16	a2f7 e8f7 a1a5	1331	040g0j191o
FKOKw	r2q1rkb/pp6/3p3Q/3Ppp1N/4P2P/7P/PP3P2/R3K3 w Q - 0 20	h6g6 h8g7 g6g7	1331	0y1315191o
G2Tfl	5r1k/p2n3r/2pq1p2/5Q2/2P3R1/6R1/P2p2PP/7K w - - 0 31	f5h7 h8h7 g4h4	1331	051315191n1o
GaXNA	r3kb1r/1pp1q3/p2pp2p/6pn/1P1nP3/P1N1B3/4QPPP/R4RK1 w kq - 0 17	e2h5 e7f7 h5f7 e8f7 e3d4	1331	01040r0t1019
HUHSW	1r1b1k2/R4ppp/4pn2/2p1nb2/B7/2NPB3/P1PK1P1N/8 w - - 5 21	e3c5 f8g8 c5d6	1331	01191o
HaC2n	3r1r1k/p5R1/1p2p2P/8/4N3/4Pn2/PPP5/1K3R2 b - - 2 29	f3d2 e4d2 f8f1 d2f1 d8d1	1331	060j0p0s1013161n
IasK4	8/Q7/1p6/2p2pp1/5k2/PP5P/3r2P1/7K b - - 0 41	f4g3 a7c7 f5f4 c7e5 d2d1 e5e1 d1e1	1331	0h0p13171j1w
IfB4H	6k1/1R3Rp1/p3p1P1/3pP2n/8/PP5p/1r6/7K b - - 0 42	h5g3 h1g1 h3h2	1331	000p13151o
J4Ca7	r1bk2r1/pp1p1pp1/3P1n1p/3NQ3/4P3/4B3/PPq1BKPP/R6R b - - 1 18	f6g4 f2g3 g4e5	1331	0g191g1o
J4tfX	6r1/5ppk/4p3/3pP1Q1/2b5/p5RP/5PPK/3q4 w - - 4 33	g5h4 d1h5 h4h5	1331	0p13151o
JFwcV	r1r4R/p2pkp2/1p2p1pQ/4P3/4q3/2P2N2/P4PP1/6K1 w - - 5 32	h6g5 f7f6 g5f6	1331	0p13151o
KS4XG	r1bqkb1r/ppp1pppp/5n2/8/2BQ4/8/PPPP1PPP/R1B1K1NR w KQkq - 1 9	c4f7 e8f7 d4d8	1331	040g0i1c1o
L6W4D	4N3/r6k/p1p1p3/2P2p1K/1p1P2R1/1P1n1P2/8/8 w - - 0 43	e8f6 h7h8 g4g8	1331	030p13151o
MLgDM	8/6pk/1Q5p/4nr2/5q2/8/PP3PPP/3R1RK1 b - - 2 27	e5f3 g2f3 f5g5 g1h1 f4f3	1331	0p0w1013161n
NsToe	8/1p1k3p/p5p1/3p4/5Q2/bP2P2P/P5P1/q1B3K1 w - - 16 34	f4a4 d7e6 a4a3	1331	0g0p0s1o
OSZlE	6R1/5p2/2kNp1p1/2P1P3/3PKPrp/1r6/8/8 w - - 2 44	g8c8 c6d7 c5c6 d7e7 c8e8	1331	0p0r0u101316
Q9DTV	r1bk2q1/p1p5/2P1p3/5p1B/1QP1p3/4B2p/PP4rP/R4R1K b - - 0 23	g2h2 h1h2 g8g2	1331	050y1315191n1o
Qsjn4	r2qr1k1/3n2pp/p2N1b2/1p1P4/5P2/5Q2/PPP3PP/R1B2RK1 b - - 0 18	d8b6 g1h1 b6d6	1331	010s191o
SliwA	r4r2/p1n1ppb1/3p3k/1p1P1bN1/2p2P2/5QR1/P2q2PP/5RK1 w - - 0 21	g3h3 f5h3 f3h3 h6g6 h3h7 g6f6 g5e4	1331	0r1317191n1w
TN2R1	3r2k1/2Q2p1p/4p1p1/4q3/8/7P/P4PP1/2R3K1 b - - 1 27	d8d1 c1d1 e5c7	1331	0g0i0p1o
TdwSi	4r2k/pp4p1/7p/3R1P1P/1bP2Q2/6N1/qBK5/4r3 w - - 2 41	f4h6 h8g8 h6g7	1331	1315191g1o
Xaksx	r2q3k/bp4pp/p2p2n1/5R1Q/8/1BN4P/PP4P1/7K w - - 1 28	h5h7 h8h7 f5h5	1331	051315191f1n1o
Xcqff	4n3/1Q2p1kp/2p3p1/2PbN3/3P4/4q2P/6P1/5R1K b - - 8 35	e3h3 h1g1 h3g2	1331	0p13151g1o
Xsw9k	r1b1k2r/pp3p2/4p2p/3pP1p1/8/P4KB1/1Q3PPP/n3qB1R w kq - 2 18	f1b5 e8f8 h1e1	1331	0g0j191o
YUrII	6rk/1p3p1p/p1n1pPr1/3p2PQ/3P2R1/P3q3/6PK/8 w - - 3 31	h5h7 h8h7 g4h4 g6h6 h4h6	1331	050p1013161n
amWmF	8/p1r5/R5P1/8/P4k2/2p5/2K5/8 w - - 1 52	a6f6 f4e5 f6f7 c7c6 g6g7	1331	000g0p10111m
arRA5	2r1r1k1/5pp1/7p/3N4/1p6/3R2P1/5PP1/2R1b1K1 w - - 5 31	c1c8 e8c8 d5e7 g8h7 e7c8	1331	050g0p0s10
c3gv8	rn1qk2r/ppp2ppp/3b4/2nbN3/8/3P4/PPP1QPPP/RNB1K2R w KQkq - 0 9	e5c6 c5e6 c6d8	1331	0g0j0k1c1g1o
cJTnZ	4rk2/pb2r2p/1p4p1/2p3Pn/2B2P2/2NRP2P/PP3K2/4R3 b - - 1 28	h5f4 e3f4 e7e1	1331	01191o
d4vdk	2nk3r/1R3ppp/Q2r1n2/3q4/8/5P2/PP3P1P/2R3K1 w - - 10 27	c1c8 d8c8 a6a8	1331	051315191n1o
dWxdR	1k4r1/p1p3q1/2p5/4P3/1P1PQ3/2P5/P4R1p/5R1K b - - 0 37	g7g1 f1g1 h2g1q	1331	000p13151h1o
gFifN	8/p1R5/1p2Nb2/5ppk/8/1P2BKP1/P4P2/3r2r1 w - - 4 41	c7h7 h5g6 e6f8	1331	0f0p13151o
gX3Rp	3r2k1/2q4p/p3p1p1/1pP1Q1P1/5n2/1P6/PB4P1/2R3K1 b - - 0 29	c7e5 b2e5 f4e2 g1f2 e2c1	1331	0g0p0s10
grxo7	r1b2rk1/ppp1bppp/3p1q2/4p3/4P3/1PNP1N2/1PP2PPP/R2QK2R w KQ - 3 10	c3d5 f6e6 d5c7	1331	01191o
i26U2	4r1nr/pp1k1p1p/1q1N4/3pn3/8/2P5/PP1NQPPP/R1B1K2R b KQ - 0 14	e5d3 e1f1 e8e2	1331	0g0j191g1o
i4bGX	2r2q1r/1p3R2/p3Q1pk/7p/8/1P6/P5PP/7K w - - 3 30	e6e3 g6g5 e3e6	1331	0p13151o
ied6V	3r4/2p3pp/p3b3/4q3/kP1R4/2K5/5PP1/3R4 w - - 0 33	d1a1 a4b5 a1a5 b5c6 a5e5	1331	010p101p
k1O5c	8/1k3p2/p2ppb1P/Bp6/5P2/P2q4/1P5P/K3Q3 b - - 0 35	d3a3 a1b1 a3b2	1331	0p1113151g1o
kVvzl	7k/5p1p/p3p1p1/5nB1/5P2/7P/4rr2/2R3Kb w - - 0 35	g5f6 h8g8 c1c8	1331	0p13151f1o
kuDiO	8/p1q4k/3bR1rp/p2P1Q2/3B4/2P4p/PP3PP1/5R1K b - - 5 35	h3g2 h1g1 d6h2	1331	000s1315191o
mJmPq	2r2rk1/pR4p1/4p1Qp/3pp1qP/3P2P1/2P5/8/6K1 w - - 4 30	b7g7 g8h8 g7h7	1331	0p13151o
t0KET	1k1r3r/p7/1q3n2/R1ppp1pp/2P1P3/1n1P4/1P1B1PPP/3Q1RK1 w - - 0 22	a5b5 d5c4 b5b6	1331	0g191g1k1o
t2xxc	5rk1/1b3ppp/pB6/8/1b2P3/2Nn1P2/BP1rR1PP/1R4K1 b - - 4 22	b4c3 e2d2 c3d2	1331	01191o
tud7p	8/7p/3Q2pk/2P5/4bP2/1B2q3/P5P1/5R1K b - - 0 34	e3h3 h1g1 h3g2	1331	0p13151g1o
uPvo2	Bn4k1/p1Br1ppp/5q2/2b5/7N/P2P2P1/4PP1P/1R1Q1bK1 b - - 0 17	f6f2 g1h1 f2g1	1331	0y1315191o
vqmHV	3rr2k/pp2RQpp/2p2p2/3q4/1P6/P5BP/5PP1/4R1K1 b - - 0 26	d5f7 e7f7 e8e1	1331	01191o
wL67F	4k3/pp4p1/4Pp1p/5n2/2P1R1PP/PK6/1P2N1r1/8 b - - 0 32	g2e2 e4e2 f5d4 b3c3 d4e2	1331	01050p0s101n
yZ1Hd	5k2/1pp2pr1/p7/2PbrR2/8/1B6/P1P2RPP/5K2 b - - 4 29	d5g2 f2g2 e5f5	1331	0g0i0p1o
yhKGR	6k1/1br4p/p5p1/qp2P3/3P1QP1/1P1R4/P2N1K2/8 b - - 0 32	c7f7 f4f7 g8f7	1331	0g0p1g1o
z8Pkd	4qr1k/p3r1pp/1p1bBp2/1PpPpP1Q/P1PpR3/3P2P1/7P/5RK1 w - - 7 26	h5h7 h8h7 e4h4 e8h5 h4h5	1331	050y101316191f1n
zZBGT	1r4k1/6p1/p7/4b3/P5r1/3KPR2/2B5/7R b - - 3 38	b8d8 d3e2 g4g2 f3f2 g2f2 e2f2 d8d2 f2f3 d2c2	1331	01050p0s1w
0e2Fb	4r1rk/pp1b4/2p2pPq/3p4/1P1P3R/P2BP2P/6P1/6K1 w - - 0 42	h4h6 h8g7 h6h7 g7f8 h7f7	1332	0p0q0r0t0y101316
1VPPX	8/8/R5pk/pp1Pp2p/rP2P3/2K4B/6P1/8 b - - 1 40	a5b4 c3b3 a4a6	1332	0g0j0p1o
35DnQ	2r2rk1/pp3p2/4p3/3n3p/3P1P2/2B4R/1P3K1P/3R4 w - - 2 28	d1g1 g8h7 h3h5	1332	0p13151o
3UzvT	3r1rk1/pp3bbp/3p4/3npN2/1P3p2/1B5P/P2B1PP1/3RR1K1 w - - 3 28	b3d5 f7d5 f5e7 g8f7 e7d5	1332	010s1019
42gBP	8/p4pk1/4n1pp/8/1R2P1Pq/1P3P2/P3KQ2/8 b - - 1 42	e6f4 e2e3 h4f2 e3f2 f4d3 f2e2 d3b4	1332	01050p0s111w
4t65r	3kr2r/1bp3p1/p2bQn1p/5B2/2p5/8/PP4PP/3R3K w - - 3 26	d1d6 c7d6 e6d6 f6d7 d6d7	1332	10131619
5VwXh	5kn1/p4rp1/1p1R4/2p2q2/8/P1PQ4/1P3PPP/5K2 w - - 3 32	d6d8 f8e7 d3d6	1332	0p13151o1u
6GD3C	r2q3r/pp1nbkp1/6p1/3p1pB1/2BP4/8/PPP3QP/2K4R w - - 0 18	g2d5 f7f8 d5f7	1332	1315191o
6b64V	4rk2/p4pp1/7r/8/8/1P2q1P1/PQ2PRKP/R7 b - - 4 27	h6h2 g2h2 e3f2	1332	01050i0p1o
6yRRo	2r5/8/p3N2p/1p5k/8/PP1P2RP/1K1P4/7r w - - 7 44	e6f4 h5h4 g3g4	1332	0p13151o1x
9RBIB	r3q3/5rk1/b1N5/p2B1p2/Pp6/8/1PPR4/2K4R w - - 0 31	d2g2 g7f6 h1h6	1332	0q1315191o
AO25C	r1bqk2r/ppp2ppp/4pn2/3p2B1/1bnP4/2N1PN2/PP2BPPP/R2QK2R w KQkq - 0 8	d1a4 c7c6 a4b4	1332	010s1c1o
C8X68	2r3k1/Q4p1p/6p1/1p5q/3p1P2/P2P2Pb/BPP2r1P/R5K1 w - - 0 30	a7f7 g8h8 f7f6	1332	0y1315191o
EFBjB	3kr3/pp2b1RQ/2p2r1P/3p1P1p/3P4/2N5/PPP1N2q/2K5 w - - 1 27	g7e7 e8e7 h7h8 d8d7 h8f6	1332	0g0r0s10191n
F6Uaj	r1b2rk1/1p3ppp/p3p2q/4N3/3PPn2/P7/1P1QB1PP/2R2RK1 b - - 2 20	f4h3 g2h3 h6d2	1332	0g0j191o
FaGOE	2r3k1/pbr2ppp/q4R2/3p4/3P4/7Q/PP1p2PP/1B2R1K1 w - - 0 24	h3h7 g8f8 h7h8	1332	0y1315191o
IJV5s	R2R4/5p1k/4p1p1/P3Pb2/7K/3p3P/6r1/8 b - - 1 37	g6g5 h4h5 f5g6	1332	0p13151a1o
J6O0u	r2q2r1/ppp2ppk/3p1n1p/3PnN2/4P3/2N3RQ/PP3PPP/R5K1 w - - 3 19	g3g7 g8g7 h3h6 h7g8 h6g7	1332	05101316191n
JK7qO	8/6p1/rk1p1p1p/8/4KPP1/7P/8/R7 w - - 0 43	a1a6 b6a6 e4d5	1332	0g0p1m1o
JbL3K	r4b1r/1p1k2pp/p2q4/3Q4/2pP1P2/N1P5/PP4PP/R5K1 w - - 1 21	d5b7 d6c7 b7a8	1332	0g0s191o
K4lZB	3r1r1k/p4Ppp/1qb5/1p2N1Q1/8/2P3P1/P4P1P/5RK1 w - - 0 24	e5g6 h7g6 g5h4	1332	1315191n1o
L6flJ	Q7/2k5/7R/2p5/3p3P/3P2b1/1p2rr2/1R2N1K1 b - - 0 35	g3h2 g1h1 f2f1	1332	1315191o
LNgME	5rkb/p3Qp2/3p2pP/q3n1P1/2B5/2P1P3/P2r1P2/R3K2R w KQ - 1 20	h6h7 g8g7 e7f6	1332	000y1315191o
LvKq0	2r3k1/3Q3p/8/P2P4/8/5pPP/5P2/4qBK1 b - - 2 48	e1f1 g1f1 c8c1	1332	050p111213151n1o1r
M4JHU	6k1/1p2q2n/p1bb3p/P2N4/3Pp2r/1Q2P1p1/1P1N2P1/4RRK1 b - - 0 35	h4h1 g1h1 e7h4 h1g1 h4h2	1332	050y101316191n
NcQOU	Q6r/pp3p1p/1k1p3n/8/BP1qP3/5P1b/P4P1P/2R3K1 w - - 0 23	c1c6 b7c6 a8c6	1332	1315191n1o1y
O5GgL	rn2k2r/1p2bp1p/p1p2p2/5Q2/2qPp3/2P5/PP2NPPP/R3K2R w KQkq - 1 14	f5c8 e7d8 c8b7 b8d7 b7a8	1332	0110191t
PkacF	2rr4/5kpp/p3pp2/1p6/3n4/5N2/PP3PPP/2R1RK2 w - - 2 24	c1c8 d8c8 f3d4	1332	010p1o
QIfbT	1r3rk1/pp1b1pp1/4p3/4q1N1/8/1Q5R/P4PPP/5RK1 w - - 0 21	h3h8 g8h8 b3h3 h8g8 h3h7	1332	05101316191n
QZ2sy	7r/1p2bkpp/p3Rn2/3q4/8/1Q5P/PP3PP1/2B3K1 w - - 3 24	e6f6 e7f6 b3d5	1332	0g191o
Qpv1A	8/8/2pr2pp/ppk5/2P1R3/2K2P2/P5PP/8 w - - 0 33	e4e5 c5b6 c4c5 b6c7 c5d6	1332	0g0p0s101m
QqxEQ	5b1r/p2R3p/2R1rp2/4pk2/8/1P6/P1P2PPP/6K1 w - - 3 27	g2g4 f5g4 c6e6	1332	0g0i0p1o
R85ef	2r3k1/1b2qpp1/pb1Bp2p/8/1P6/P1Q5/2P2PPP/3R2K1 w - - 0 23	c3c8 b7c8 d6e7	1332	0g191o
RHOcf	8/6kp/p1p1p1p1/P7/4p1Q1/2N1q1RK/1PPr3P/8 b - - 9 33	e3h6 g4h4 d2h2 h3h2 h6h4	1332	01050i0p0r101g
RdUl3	2r2rk1/5ppb/3R3p/7P/6P1/1Bq1Q3/PpP2P2/1K1R4 b - - 0 30	h7c2 b3c2 c3c2	1332	0s1315191o
SMkAi	3r1k2/3P1p1p/1pB3p1/8/5r2/P7/1P4P1/1K1R4 w - - 1 38	d1e1 f8g7 e1e8 d8d7 c6d7	1332	010p101l
SVND2	8/1p2r1pk/p4p1p/4pP1Q/3pP1RK/1P1P1R1P/P5r1/6q1 w - - 0 37	h5g6 h7h8 g4g2	1332	0g0p0w1o
TF8RX	r1b3k1/1p3r1p/p2p1qp1/5pN1/1nP4Q/1P1p2P1/P2R1P1P/2K1R3 w - - 0 22	e1e8 g8g7 h4h7	1332	0y1315191o
TnWCB	r1b2rk1/1ppq1pb1/p2p1p1p/1B2N3/Q3P3/8/PP1B1PPP/R4RK1 b - - 1 16	d7b5 a4b5 a6b5	1332	01191o
ZD6Re	3q1r1k/pp4p1/2p1Q2p/3pB3/3P4/2P5/PP4PP/4n1K1 w - - 0 26	e6h6 h8g8 h6g7	1332	0p13151g1o
a9C5G	2Q1R3/5kpp/1p3r2/pP1P4/2P3K1/1P3p2/5P1r/3R4 b - - 0 41	h2g2 g4h5 f6h6	1332	0p13151j1o
aGDED	r5rk/pp3p1p/2p1bPpQ/1P6/P1P2R2/2Nq4/6PP/7K w - - 0 25	h6h7 h8h7 f4h4	1332	050y1315191n1o
bWy0x	2r1r1k1/3q1ppp/5b2/pNpQ1P2/Pp6/1P6/1P3PPP/1R1R2K1 b - - 0 24	e8e1 d1e1 d7d5	1332	0g0i191o
bxfC7	4q1k1/Rr3ppp/4p3/2rn4/3N4/4P3/4QPPP/R5K1 b - - 0 27	b7a7 a1a7 c5c1	1332	01191o
cP8hh	5rk1/3qrpbp/6p1/p1pb4/P1B5/1P3R1P/3N2P1/4RQ1K w - - 0 35	e1e7 d7e7 c4d5	1332	01191o
cXlAl	r1b2rk1/pp1p1pp1/2p3np/4P3/3Nq1P1/1BP1B2P/P1PQK3/R6R b - - 0 15	g6f4 e2d1 e4h1	1332	01191o
djL0Q	rn1qk2r/ppp2ppp/8/2bP4/4b3/8/PP4PP/R1BQKBNR w KQkq - 0 10	d1a4 e8f8 a4e4	1332	010s1c1o
f74n3	r1b1k2r/pp2bppp/2n2n2/1qp5/3pNP2/2PP4/PP2Q1PP/R1B1K1NR w KQkq - 0 11	e4d6 e8d8 d6b5	1332	0g1c1g1o
gruAz	5k2/5pp1/B1R1p2p/3p4/5P2/n7/2p2KPP/8 b - - 1 35	a3c4 a6c4 c2c1q	1332	000g0p1h1l1o
gxuUh	r7/1p2k2p/p4N2/4p3/5qb1/b7/4BPPP/3RK2R w K - 0 25	f6d5 e7f8 d5f4	1332	010s191o
gz8YT	r5nk/pp1b1p1p/2p2q1P/3p1PQ1/8/3B4/PPP1N3/2K3R1 w - - 4 26	g5g7 f6g7 h6g7	1332	000y1315191o
jK0do	3r2k1/p4p1p/4pQp1/8/8/8/PPq2PPP/2RrR1K1 w - - 2 27	f6d8 d1d8 c1c2	1332	0g0p1o
nCgia	7k/2p3R1/Q4n1p/1p5N/8/P6P/2q2P1K/4r3 b - - 2 31	c2f2 g7g2 f6g4 h3g4 f2h4	1332	0p1013161g1n
nsL7b	5B2/pkp5/1p6/4n3/4R2P/2P3P1/r7/6K1 b - - 2 35	e5f3 g1f1 f3d2 f1e2 d2e4	1332	0g0j0k0p0r0s10
ohhao	8/R2bk3/6pp/2K5/8/3p2PP/8/8 b - - 0 56	d3d2 a7a1 d7a4	1332	000g0h0p1o
s1edl	8/p5p1/1p3pk1/2p2r2/2P2P1p/2q5/6P1/3Q1RK1 w - - 1 42	d1g4 f5g5 f4g5	1332	010p1o
tYnBt	7r/pQ3pp1/4pk1p/2P5/2P4K/P4P2/1P4qP/6RR b - - 2 28	g7g5 h4h5 g2h3	1332	0p13151o
thHOa	1k1r1bnr/p3q1pp/1p1p1p2/2pQN3/4PB2/2P5/PP3PPP/RN2K2R b KQ - 0 14	d6e5 f4e5 f6e5	1332	011c1o
u4TfC	r1bqk1nr/ppp2ppp/3p4/n2P4/1bB1P3/5N2/P2N1PPP/R1BQK2R w KQkq - 1 10	d1a4 c8d7 a4b4	1332	010s1c1o
umfRo	3Q4/5p2/6kp/Pp2p1nN/1qp5/5PP1/6KP/8 w - - 3 43	d8f6 g6h5 g3g4 h5h4 f6h6	1332	0i0p1013161n
wMza3	2r4Q/4kpQ1/4b1p1/8/5P2/8/2p2K2/8 b - - 0 41	c8h8 g7h8 c2c1q	1332	000g0p1h1o
wfFfM	7Q/pp2kqR1/3p4/2p1p3/4K3/2PP1rP1/PP6/8 b - - 16 38	d6d5 e4e5 f3e3	1332	0p13151o
y1Q9l	5kb1/2p2qr1/p2p2RQ/1p3p2/3P4/1P5P/P1P3P1/6K1 w - - 4 34	g6f6 f8e8 f6f7	1332	01040p1g1o
yGOBF	rn1qkbnr/ppp3pp/3p4/4Np2/2B1P3/2N4P/PPPP1PP1/R1BbK2R w KQkq - 0 7	c4f7 e8e7 c3d5	1332	13151c1o
zAADj	r1k3nr/ppp3Qp/4Pq2/n7/8/2P5/P5PP/RN4K1 w - - 3 22	g7d7 c8b8 d7e8 f6d8 e8d8	1332	101316191k
1lqF0	r4r2/7k/3p3q/2p1p3/8/3R4/2PK1P1Q/6R1 w - - 0 28	h2h6 h7h6 d3h3	1333	050p13151o
1pa20	8/p1rk4/R3p2r/3nRp1p/PPpP2p1/2P2P2/3K2PP/8 w - - 0 33	e5d5 e6d5 a6h6	1333	0g0p1o
2rKVI	4rrk1/p1p3pp/2pp4/5p2/3PP2q/3n1PRP/PP1N1P1K/2RQ4 w - - 4 19	d1b3 d6d5 b3d3	1333	010s191o
300Kd	r3q1k1/3p1pBp/p4Pp1/1p1p4/7Q/3n1R2/PP4PP/4rR1K w - - 2 26	h4h7 g8h7 f3h3 h7g8 h3h8	1333	050s101316191d1n
3HVuT	r2k4/2bP1p2/p1P3pp/1p6/8/5K2/6PP/3R4 w - - 13 42	d1e1 c7b6 e1e8 d8c7 e8a8	1333	0g0p0r101l1p
45l5H	8/2rk1p2/6p1/p3K2p/8/6PP/1PR5/8 w - - 0 43	c2c7 d7c7 e5f6	1333	0g0p1m1o
5eH57	6k1/5p1p/3bpQp1/3p4/3P2N1/1q2P2P/6P1/7K w - - 2 40	g4h6 g8f8 f6f7	1333	0p13151o
5t5Bv	4r1k1/pp3ppp/7q/8/3p2n1/1P4Q1/PB3PPN/2R4K b - - 2 29	h6c1 b2c1 e8e1 h2f1 e1f1	1333	0s101316191n
8FROW	8/pp2kp2/4p1qp/2p1r1p1/1QP5/7P/PP3RP1/7K w - - 0 32	b4b7 e7f8 b7b8 f8g7 b8e5	1333	0g0p0s10
8Y8Xp	6k1/R5p1/2prp1qp/Q4n2/2P5/6P1/P5KP/5R2 b - - 0 28	f5e3 g2g1 e3f1 a7a8 g8h7	1333	0g0h0p0s10
9Kh2b	1rr5/3nkpQ1/4p3/p2p4/P1pP4/1qN1P1P1/1P3PP1/1R2K2R b K - 2 24	b3c3 b2c3 b8b1 e1e2 b1h1	1333	0g0j10191p
AXL9J	r1bq1rk1/ppp4p/1b1p2p1/5p2/1P2PPnQ/P1BB4/2P3PP/RN3R1K w - - 0 17	d3c4 d6d5 c4d5 d8d5 e4d5	1333	0g1019
B2exk	8/7p/2k1pP2/7P/5B2/3r4/6K1/8 w - - 1 45	f6f7 d3d8 f4h6	1333	000g0h0p1o
DTVJF	8/p1q1kN2/R5Qp/8/7r/2n1P3/5PPP/6K1 b - - 8 35	c7h2 g1f1 h2h1	1333	0p13151o
DqS7B	2Q5/P4ppk/7p/3p4/3Pp3/1p2P2P/1q3PP1/6K1 b - - 0 30	b2a1 g1h2 a1a7	1333	0g0p111i1o
DqaWp	r1bq1rk1/pp2bpp1/2p2n1p/8/2B1PP2/2N2Q1P/PPP3P1/R1B1R1K1 b - - 3 14	d8d4 g1h1 d4c4	1333	010s1c1o
DzKQX	rn2kb1r/pp2pppp/2p2n2/q5B1/3P2b1/2N2N1P/PPP2PP1/R2QKB1R b KQkq - 0 7	g4f3 d1f3 a5g5	1333	010b1c1o
EJ2aa	r3k2r/pp1n1p1p/2p3p1/8/7R/2P5/PP2NPP1/2KR4 w kq - 1 17	h4e4 e8d8 e4d4 d8c7 d4d7	1333	0g0p101112
Fdny3	8/5p1k/1P4pp/3b4/5Q2/1q5P/6P1/6BK b - - 0 36	b3h3 f4h2 d5g2	1333	0p13151g1o
Fywhw	8/8/8/8/2r3NP/2B2p1K/1P2k3/8 b - - 5 59	c4g4 h3g4 f3f2	1333	000g0p1n1o
GFIG1	3Q4/p4pqk/1p5p/5R2/8/4r2P/PP4PK/8 b - - 0 29	g7g3 h2g1 e3e1 f5f1 g3e3	1333	0d0g0p101g
GqSW5	r1b2rk1/ppq3p1/2p1p1Qn/3p3B/1bPP4/4PR2/P5PP/5RK1 w - - 8 23	f3f8 b4f8 f1f8 g8f8 g6e8	1333	050y101316191n
H1MaI	2r3k1/p3qppp/8/4N3/3P4/2n3P1/5PBP/Q1R3K1 b - - 5 27	c3e2 g1h1 c8c1 a1c1 e2c1	1333	0g0j0s1019
HQmW1	2r3rk/R6p/8/1pnPqp2/2p2R2/2P3QP/1P4PK/8 w - - 4 36	a7h7 h8h7 f4h4	1333	05111315191n1o
HRl87	4k3/p5p1/8/2prP1R1/2p3PP/P1P3r1/8/2R1K3 b - - 2 31	g3g1 e1e2 g1c1	1333	0g0p1m1o1p
HZjTN	r1bq1r1k/pppp2pp/2nn1p2/4N3/3P1Q2/1BP5/PP3PPP/RN3RK1 w - - 0 12	e5g6 h7g6 f4h4	1333	0y13151c1n1o
IRNYL	5rrk/5p1p/Q2Nqp2/1pP1p3/1P3n2/P6P/5PPK/R5R1 b - - 2 27	g8g2 g1g2 e6h3 h2g1 h3g2	1333	05101316191n
IafsX	5rk1/5pp1/6q1/p2rpN1Q/3bR3/P2P3P/R4P2/6K1 w - - 2 31	h5g6 f7g6 f5e7 g8f7 e7d5	1333	0g0s1019
InD0q	6k1/ppp4p/3p2PQ/3P3p/2K1P3/1P3r2/P3q3/6R1 w - - 4 31	c4b4 e2e4 b4a3 h7g6 g1g6 e4g6 h6g6	1333	010p1w
Jjopf	2kr3r/2np2p1/2pBp3/p1P5/3PP1p1/P1pB2P1/3qQ2P/1R4K1 w - - 7 30	d3a6 c7a6 e2a6	1333	1315191k1o
L7DtU	5k2/5p1p/1p3p2/p7/1P2R3/q3BP1P/6PK/3r4 w - - 0 39	e3h6 f8g8 e4e8	1333	0p13151f1o
LCsFO	rn1qk3/pp3pp1/2p1b3/3p4/2PPp1p1/2N1P3/PP1NB1P1/R1BQ1R1K b q - 0 13	d8h4 h1g1 g4g3 d2f3 e4f3 f1f3 h4h2 g1f1 h2h1	1333	0y13181c1w
MFXtd	3r2k1/8/p5qp/1p1p1b2/1P3Q2/P3P2P/7K/2R5 w - - 3 45	c1g1 g8h7 g1g6	1333	010p1g1o
MGBmP	1r3rk1/p4p1p/7p/2pBP3/3p3b/2PP4/PPK2n2/R3QN2 b - - 2 23	b8b2 c2b2 f2d3	1333	01050i191n1o
MuGnt	r1b2rk1/4ppbp/p2p2pn/qp4N1/1BBPP3/1Q1R4/PP3PPP/R5K1 b - - 0 16	b5c4 b4a5 c4b3	1333	01191o
NFIb8	2r3k1/6p1/4P2p/1pB4R/2rP1q2/P2R4/7P/3Q2K1 b - - 0 39	c4c1 d1c1 f4c1	1333	01191g1o
OLWUV	8/R2P4/5pp1/4p3/3r2k1/6P1/5P2/5K2 w - - 3 44	a7a4 d4a4 d7d8q	1333	000g0i0p1g1h1m1o
PfMIB	r2qk2r/p1p2ppp/4p3/3p1b2/1b1P1P2/2N5/PP3PPP/R2QKB1R w KQkq - 0 11	d1a4 c7c6 a4b4	1333	010s191o
QTG1Y	2k1r3/1p4p1/1n2pq2/2p5/8/2P4Q/PP1N1P1P/4R1K1 b - - 4 27	f6g5 g1f1 g5d2	1333	010p0s1o
SGr3t	3r2k1/1Br2pbn/pB2q1pp/4P3/7P/4Q1P1/P4P2/R2R2K1 b - - 3 27	d8d1 a1d1 c7b7	1333	01191o
TNelD	r7/pp3pk1/4b1pp/4p1b1/2PnP1B1/7P/PP1N1PP1/2RR2K1 b - - 5 19	e6g4 h3g4 d4e2 g1f1 e2c1	1333	010s1019
Ubh6M	4R3/4Bpk1/4p2r/6K1/2p2PP1/1r6/8/8 w - - 5 52	e7f8 g7h7 f8h6	1333	0g0p1o1p
VOJWw	2q3k1/2p4R/2r2ppp/8/PnP5/6P1/1P2Q1PP/6K1 w - - 9 39	e2e7 c8f8 h7h8 g8h8 e7f8	1333	050g0i0p0r10
ZQcYX	3qk2r/p1pb4/2p5/3p1Ppp/1r1P4/4PP2/PPQ3P1/2KR2NR b k - 0 18	b4c4 c2c4 d5c4	1333	01191g1o
ZgRAn	r1q2rk1/p3nppp/1p2p3/3bP3/2p2P2/3B3N/PPP1Q1PP/3R1RK1 w - - 0 19	d3h7 g8h7 e2h5 h7g8 h3g5	1333	050g0y10191n
Zq1yx	3rr1k1/ppq1ppbp/2p2np1/4n3/2P5/1P3NPP/PB3PB1/R2Q1RK1 w - - 0 15	b2e5 d8d1 e5c7 d1a1 f1a1	1333	01101119
a6xk1	2r2k2/8/p3p1Q1/1p4P1/5q2/P7/1bPR1P2/3K3R b - - 1 31	f4f3 d1e1 f3h1	1333	010p0s1o
aIyRT	3k2r1/2p2p2/3p4/PQ1Pp2p/1P2Pq2/1P6/2B1K3/R3R3 b - - 3 38	g8g2 e2d3 f4d2 d3c4 d2c2	1333	0i0p0r101316
aSHjd	8/1p1R3p/p1p1qp1k/P5r1/2P2QP1/8/5PK1/8 w - - 0 43	f4h2 h6g6 h2h7	1333	0p13151o
bS3AM	8/1Q2R3/p2r1qk1/6p1/3p3p/P7/1PP2P2/5K2 w - - 0 43	b7e4 f6f5 e7g7 g6g7 e4f5	1333	0g0i0p10
c6Gko	r3kb1r/1p3ppp/3Rb2q/1p4B1/4P3/6R1/PPP1BP2/2K5 w kq - 0 18	e2b5 e6d7 b5d7	1333	111315191o
dGSJQ	2r3k1/pp3pp1/3B1R2/8/3pR3/3P3Q/PPrq2PP/6K1 b - - 0 26	c2c1 f6f1 c1f1 g1f1 c8c1 e4e1 c1e1	1333	051317191w
e3PCg	4qr1k/ppp3bn/8/1P1Nn1pp/2P2pb1/PQ3B2/3R1NPP/2B1R1K1 b - - 7 27	e5f3 g2f3 e8e1	1333	0g0j0y191o
eo1Mf	3R1rk1/p3q3/2p1p1pQ/4n1N1/8/8/PP5P/6K1 w - - 2 26	d8f8 e7f8 h6h7	1333	0p13151o
gMkYr	k1r4r/p6p/QRb5/3B4/P3Pq2/8/2P3PP/7K w - - 1 29	d5c6 c8c6 a6b7	1333	1315191g1o
hMeN2	rn2k1nr/pp3ppp/4p3/q1bpPb2/8/2N1B3/PPP2PPP/R2QKBNR w KQkq - 0 9	f1b5 b8c6 e3c5	1333	010v0w1c1g1o
hPBvJ	r5k1/pp3ppp/2pN4/2r3q1/4Pnb1/3B1QP1/PPP2P2/R4RK1 w - - 1 19	f3f4 g5f4 g3f4	1333	0g191o
j7QR4	2r1kb1r/ppp2ppp/1n2b3/1N2P1B1/2P5/1P3N2/n5PP/3RKB1R w Kk - 2 15	b5c7 c8c7 d1d8	1333	1315191d1n1o
jOGpS	5bk1/ppn2qpp/2p1np2/3p1N1P/3P2Q1/P5P1/1PPBNP2/6K1 w - - 8 25	f5h6 g8h8 h6f7	1333	0g0y191g1o
lBnj7	1k3br1/1q2nN2/pp2r2p/2p1p3/4Qp2/2PP4/PP1B3P/R3R2K w - - 0 27	e4b7 b8b7 f7d8 b7c7 d8e6	1333	050g0r0s1019
lJUML	8/8/2k1K3/1p1pBp2/1P1P2b1/2P3P1/8/8 b - - 17 51	f5f4 e6f6 f4f3	1333	080g0j0k0p1o
lNUK4	8/2bB3p/p1Pp2k1/5p2/3Q1P2/P7/5KPq/8 w - - 0 37	d7e8 g6h6 d4f6	1333	0p13151o
lYCZf	1nbqkb1r/r3pppp/p4n2/1ppB4/4P3/2N2N2/PPP2PPP/R1BQK2R w KQk - 0 8	d5f7 e8f7 d1d8	1333	040g0i0j1c1o
lyznD	3r2k1/p2n2p1/2p2p1p/2p5/4P2B/7P/5PP1/bBR3K1 w - - 0 27	b1a2 g8f8 c1a1 g7g5 h4g3	1333	010h0j0p10
m7JOI	8/5pkp/p3b1p1/4p1r1/1N2P3/P4Q1q/5RP1/6K1 w - - 0 37	f3f6 g7h6 f6g5 h6g5 g2h3	1333	0g0p0s10
mImpQ	8/1p4p1/2p1kp1p/3n4/P1P5/3n3P/3BK1P1/8 w - - 0 41	c4d5 e6d5 e2d3	1333	010p0w1o
mlO3G	2r3k1/1b1n2pp/pp2p3/3pP2Q/Pq1P4/3B2B1/1P4PP/R5K1 b - - 2 21	b4d4 g3f2 d4d3	1333	0g0s11191o
nN2b5	1r5r/1p4p1/2p3b1/p3Pk1p/1b6/1Q1pB1R1/PP2qP1P/RK6 w - - 0 30	g3g5 f5e4 b3c4 e4f3 g5g3	1333	101316191f
nPP5J	1b6/6pk/7p/1rRKN3/3pP3/7P/6P1/8 b - - 2 41	b5c5 d5c5 b8e5	1333	0g0p1o
oRdAr	8/5Rpk/Q3p2p/4q3/p7/8/6P1/7K b - - 2 40	e5h5 h1g1 h5f7	1333	010p0s1o
oSwLR	1r1q1r1k/4bpR1/2p2n1P/p2p2Q1/3P4/P1p5/2P2P2/K5R1 w - - 6 33	g7h7 f6h7 g5g7	1333	0d0y1315191n1o
pjHeb	k5r1/pp5p/2p2r2/8/3Q1P1q/3PB3/PP2P2P/R4R1K b - - 4 23	h4h2 h1h2 f6h6	1333	051315191n1o
ptqzq	8/6pp/1r3pk1/PB1R1b2/8/2r4P/5PP1/4RK2 b - - 0 34	b6b5 d5b5 f5d3 f1g1 d3b5	1333	01050p0s101n
qjxZG	6k1/5pp1/p4q1p/4p1b1/2n1B1Q1/1pP4P/1P2RPP1/3r1NK1 w - - 2 35	g4c8 d1d8 c8c4	1333	010s191o
qp0Lb	4r1k1/4qpp1/5n1p/3N4/2rB1Q2/6PP/PP3PB1/3R1K2 b - - 2 27	e7e2 f1g1 e2d1	1333	0g0s191o
rHjc9	r1b1kb1r/ppp1q1pp/2n2n2/8/3PBp2/5N2/PPP3PP/R1BQ1RK1 w kq - 1 10	e4c6 b7c6 f1e1	1333	011c1g1o
rdhAR	3q2k1/2p3pp/3r4/2QbrB2/3R2P1/1P2P3/P3KP1P/3R4 b - - 10 26	d5f3 e2f3 e5c5	1333	010j191o
rqgOM	3r2k1/ppp2pp1/4bn1p/4N3/1bPn4/1PN3PP/PB2PPB1/R5K1 b - - 0 17	b4c3 b2c3 d4e2 g1f1 e2c3	1333	0b0g0s101119
sl6yZ	r3k2r/b2bqpp1/2pp4/Qp2p2p/4P1n1/B1PP1N2/2BN1PPP/R4RK1 b kq - 0 18	a7f2 f1f2 a8a5	1333	0g0j191o
tAUc2	r2qk2r/b1p2p2/ppPp3p/4p3/4P3/2N1BP2/PPPQ1P2/R4RK1 b kq - 0 15	h8g8 e3g5 g8g5 g1h2 g5h5	1333	0g0y1019
tC6Rs	2Q5/kp5r/p6q/6r1/3P3P/2P2pP1/PP3P1K/R4R2 b - - 0 31	h6h4 g3h4 h7h4 c8h3 g5g2 h2h1 h4h3	1333	0p13171g1n1w
txF85	7r/8/p5p1/1p1kb3/1B4P1/7P/P5K1/4R3 w - - 6 35	e1e5 d5e5 b4c3 e5d5 c3h8	1333	050g0p101n1p
yKiA3	2b3k1/1p2n1p1/1bp1pq1p/1p1pN2Q/r2P4/2PB4/3N1PPP/n4RK1 w - - 0 21	h5e8 f6f8 d3h7 g8h7 e8f8	1333	0g0i0y1019
z6z3e	r4k2/pbpp2b1/1pn1p2p/6p1/3PPp2/1N1B3Q/q1PK1PPP/3R3R w - - 2 22	d1a1 a2b2 h1b1	1333	0d0g191o
zhjLp	4rk2/5p2/p2p4/1p4Rp/8/8/PP2b3/K5R1 w - - 4 33	g5g8 f8e7 g8e8 e7e8 g1e1	1333	010p10111g
2HK5S	1rb2r2/k1p3p1/p1p4p/3pq3/2RN4/1Q6/PP3P1P/5K1R w - - 2 28	d4c6 a7a8 b3b8	1334	0s1315191o
4Apb5	2kr4/2p1b1p1/2Qp4/2p2q1b/2N1p3/2KP4/PPP2P1r/R1B2R2 w - - 0 26	c4b6 c8b8 c6a8	1334	1315191g1k1o
4cvFn	8/R1Q2pkp/p7/P2q2p1/7P/7K/5P1P/8 b - - 0 34	d5f3 c7g3 g5g4	1334	0p13151o
6l3uN	4qr1k/p5p1/1p2Q2p/4B3/3P4/8/6PK/8 w - - 2 46	e6h6 h8g8 h6g7	1334	0p13151g1o
8ALrH	r1bq2k1/pp2rpb1/3p2p1/n2Nn2p/3NP2P/1B3P2/PPPQ2P1/R3K2R w KQ - 0 15	d5e7 d8e7 d2a5	1334	0111191o
8sdUA	8/8/3k1p2/P7/5p2/2R2K2/r1p3PP/8 b - - 2 49	a2a3 c3a3 c2c1q	1334	000g0i0p1g1h1m1o
9b8nR	1R6/p4p1k/5Pp1/3pq2p/4r3/Q6P/P5P1/4rR1K w - - 4 32	b8h8 h7h8 a3f8 h8h7 f8g7	1334	050p1013161n
Akekw	6k1/p1p2ppp/2p5/q7/5Q2/1P1P4/1BP1r1PP/2K2R2 b - - 0 23	e2e1 f1e1 a5e1	1334	0p13151k1o
BL5mv	5r1k/pp4b1/6BN/2pqp2Q/1n6/3P4/PP4PP/5RK1 b - - 0 22	d5d4 f1f2 d4f2 g1h1 f2f1	1334	10131619
BX0DW	6k1/1pp1n1pp/p3p3/2p1n1q1/4Pr2/1BP3P1/PP5P/3R2K1 w - - 0 20	b3e6 g8h8 d1d8 f4f8 d8f8 e7g8 f8g8	1334	0p0y13171w
BfClt	7k/1P4p1/7p/3P4/4P2r/4RPqP/2r3P1/1R3Q1K b - - 0 36	h4h3 h1g1 g3h2	1334	0p13151o
DtwZG	r7/p2k2pp/1pbp4/4r3/4qNN1/6P1/PPP1Q2P/3RR1K1 b - - 2 27	e4h1 g1f2 e5e2	1334	010j0y191o
EGpJC	r7/k1p3pp/q4n2/8/2Q1p3/7P/1P3PP1/5RK1 w - - 0 32	c4c7 a6b7 f1a1	1334	0p13151g1o
Ec4my	1r3bk1/p1qn1rpp/p4p2/P1p1pN2/8/1P1P1RQ1/2PB2PP/1R4K1 w - - 3 22	f5h6 g8h8 h6f7	1334	0g0y191g1o
FIHzX	6rk/3P1Rpp/p3B3/1p2Q3/4P3/1P4PK/P3q2P/3q4 w - - 0 36	e5g7 g8g7 f7f8 g7g8 f8g8	1334	0p1013161d1n
GM3QI	5rk1/5pp1/7p/p1Qr4/8/4P3/q4PPP/R3R1K1 w - - 2 25	c5f8 g8f8 a1a2	1334	0g0p1o
H1aQF	R7/4rp1k/8/1r4P1/1Pq1pp2/2P2P2/1KQ5/8 w - - 0 33	c2h2 h7g6 h2h6 g6f5 h6f6	1334	0p0r101316
IDMRu	r4rk1/2p2p2/p2p4/2bP3q/6N1/6p1/P4PP1/R4QK1 w - - 2 25	g4f6 g8h8 f6h5 c5f2 g1h1	1334	010s1019
J15L1	2kr1b1r/pp2qppp/2p1b3/3n4/8/1PN1P3/PBPPB1PP/R2Q1RK1 b - - 6 12	d5e3 d2e3 d8d1	1334	010j1c1o
Lnh28	4kb1B/1bq2p1p/4pQ2/2p1N3/1n2P3/1p6/2r2PPP/3R2K1 w - - 6 25	d1d8 c7d8 f6f7	1334	040i1315191n1o
Lv9dB	r1b5/4p1k1/p5pp/1p1RN3/6PP/1P6/1PP2r2/2K4R b - - 0 19	c8b7 h1d1 b7d5	1334	010p1o
MBYK6	6r1/5B2/3kb2Q/4p2P/p2b4/2r5/P7/1K1R4 b - - 1 34	g8b8 b1a1 c3c1	1334	0k0m1315191f1o
MMvdI	r2nr1k1/pppq1ppp/3bP3/8/4R3/2P2N2/PP3PPP/R1BQ2K1 b - - 0 14	d6h2 g1h2 d7d1	1334	0g0j0y191o
N9tLE	r3k2r/pp2qppp/8/2p1n3/2Pp2b1/P4N2/1P2QPPP/R3KB1R w KQkq - 0 15	e2e5 g4f3 e5e7 e8e7 g2f3	1334	011019
Ojcdr	8/5R2/6pp/3qN2k/5P2/7P/6PK/8 w - - 0 44	g2g4 h5h4 e5g6	1334	0i0p13151o
PuI39	3r1r2/2n3bk/1qp4p/p2p2p1/P3p3/1PN1Q1BP/2PR1PP1/1R4K1 b - - 1 26	b6e3 f2e3 g7c3	1334	0b0g191o
QmjpQ	8/8/1p3p2/2p2Kp1/2k1P3/5P2/1P6/8 w - - 0 52	f5f6 c4b3 e4e5	1334	0g0h0p1e1o
ReAjm	r7/1ppr1N2/5kp1/4pp2/p7/1QPq3R/PP6/K6R w - - 0 34	h3d3 a4b3 d3d7	1334	0g191o
RepET	r7/pp3Qpk/3p4/2p1r1P1/1PP3n1/P5qb/4PRN1/R1B3K1 w - - 10 37	g5g6 h7h8 f7f8 a8f8 f2f8	1334	101316191n
S3twn	8/5B1k/2Q4p/1pB5/p2p4/P3nKPP/1P3P2/4q3 b - - 4 40	e1h1 f3f4 h1c6	1334	0g0p1o1p
SMyL5	r4r2/7R/2bNkp2/2P1p3/8/8/2P2P1P/1K4R1 b - - 0 32	f8b8 b1c1 a8a1 c1d2 a1g1	1334	0g0p101p
X1wjl	r4rk1/5pbp/b3p3/p1Qq4/3P4/5N2/P1P2PPP/R1B1R1K1 b - - 0 16	d5c5 d4c5 g7a1	1334	01191g1o
Y2MQd	r5rk/q3pQ2/3p1ppB/p7/4PP2/3R4/4n1P1/7K w - - 0 33	h6g7 g8g7 d3h3 g7h7 f7h7	1334	0r101316191n
ZO9gH	r3kb1r/ppp3pp/2b5/3qP1N1/2Q5/3B4/PP3PPP/2KR3n w kq - 0 19	d3g6 h7g6 d1d5 c6d5 c4d5	1334	010j1019
aCkIr	7k/pb4b1/1p1q2p1/2p1r2p/P2p4/2PPN2P/BP1Q2P1/5RK1 w - - 0 29	e3c4 d6d5 c4e5	1334	0g0s191o
ciUfA	rnb1kb1r/pp2pppp/2pp4/3q4/5B2/3QPN2/3N1PPP/2R2RK1 w kq - 0 15	d3d5 c6d5 c1c8 e8d7 f1c1	1334	0g0h1019
ckqPQ	5r1k/6pp/2p1Q3/p2p4/3qnN2/8/P5PP/5R1K w - - 4 31	f4g6 h7g6 f1f8 h8h7 e6h3	1334	0j0p101316
d5Lhn	5r1k/7p/pq1p4/1pr5/3p1p2/P2PpPQ1/1PP1K1P1/2R4R w - - 0 29	h1h7 h8h7 c1h1 c5h5 h1h5	1334	050p0y1013161n
dfXlH	1r5k/2p4p/p3p3/5p2/qrpPPP2/7P/PPR1Q3/KR6 b - - 0 30	a4a2 a1a2 b4a4	1334	050p13151n1o
dv3BK	r1bRrk2/1q3p1p/ppn3p1/1Nn1P3/1pP2P2/6PP/PBQ3B1/6K1 w - - 2 26	d8e8 f8e8 b5d6 e8e7 d6b7	1334	01050s1019
e3Kt3	7r/1r3pk1/2p1bNp1/3pP1Q1/p4PPP/6q1/PP1R2R1/6K1 b - - 2 33	g3e1 g1h2 h8h4 g5h4 e1h4	1334	0g0r0y1019
e65k4	r3R3/pp3bk1/2p2pN1/3p3p/3P1p2/2PB1PbP/PP4P1/2K4R b - - 0 23	a8e8 g6f4 g3f4	1334	0g191o
fndL0	rn1q1rk1/pp3ppp/2p3b1/3pP3/4nPP1/2N1P2P/PP1BB3/R2QK2R b KQ - 0 15	d8h4 e1f1 h4f2	1334	1315191o
fvfdC	k7/p1Q4p/2bp2p1/2p2p2/2P2P1K/1NP3P1/5n1P/R1B4r b - - 0 31	h1h2 h4g5 f2e4	1334	1315191o
gKzBQ	2Q5/3R2p1/5pk1/p7/8/5P1p/Pr4r1/2R4K b - - 0 36	g2h2 h1g1 b2g2 g1f1 h2h1	1334	0p0r1013161j
h5V9b	2k4r/ppp3pp/5n2/1q1r4/N4B2/PP1b3P/2Q1BRP1/1R4K1 b - - 1 24	d3c2 e2b5 c2b1	1334	01191o
hu14s	6rk/4P1pp/1q6/p2Q4/1P2p3/K1N5/PP5P/7b w - - 0 44	d5g8 h8g8 e7e8q	1334	00050p13151h1o
j658n	7k/pp4pp/5qb1/3B4/2P1p3/1P1nP2N/P1Q3PP/6K1 b - - 2 27	f6a1 c2d1 a1d1	1334	0p13151o
jWnzR	Q7/ppnnk3/2p3R1/2Pp2K1/1P3P2/P2q4/8/8 w - - 14 49	g6g7 e7e6 a8g8	1334	0p13151o
kJYQO	r1b1kb1r/pp3ppp/4pq2/3pN3/4n3/1PPQP3/PB3PPP/RN2KB1R b KQkq - 0 10	f6f2 e1d1 f2b2	1334	040g0s1c1o
kKas7	r6r/p2k1ppp/1np3q1/2B5/1Pp5/6Q1/P1P3PP/4R1K1 w - - 4 23	e1e7 d7d8 g3c7	1334	1315191o1u
kOYbq	8/p5R1/8/1P6/5p2/P2R4/2P1krpr/2K5 w - - 4 39	g7e7 e2f1 d3d1	1334	0p13151m1o
kt8qE	8/7p/p3ppp1/r3k3/P2R4/4K2P/5PP1/8 w - - 0 43	f2f4 e5f5 g2g4	1334	0p13151m1o
mScyb	3r4/1p5p/p3kpp1/4p3/4P3/5K2/PPRbNPPP/3R4 b - - 5 25	d8d3 f3g4 h7h5 g4h4 d2g5	1334	0p101316
nGvTl	r5nk/q3pr1p/p2p3P/1p1Np1Q1/4P3/3B1n2/PPP5/2KR2R1 w - - 0 23	g5g7 f7g7 h6g7	1334	000y1315191n1o
px7lM	r3q1k1/1p3ppp/5n2/p2p4/P7/5NN1/1PP2KPP/R2Q4 b - - 0 18	f6g4 f2f1 g4e3	1334	0g191o
rlc3U	3r1k2/3B2p1/1n2P2p/2R5/1p6/8/1P5P/1K6 w - - 1 40	c5f5 f8e7 f5f7 e7d6 e6e7 d8d7 e7e8q	1334	000g0p1h1w
sYr7N	r6r/p3bpk1/1p2p3/2npP2Q/3p1P2/6P1/Pq1N4/4BK1R w - - 1 29	h5g4 e7g5 g4g5 g7f8 h1h8	1334	0i10131619
tJo87	r1b1k2r/ppppqppp/2n5/8/1P2n3/3B1N2/1PPN1PPP/R1BQK2R b KQkq - 0 9	e4c3 d2e4 c3d1	1334	010j0k1c1o
trHO0	8/8/1p6/p2Pk2P/2P5/4K3/R7/7r b - - 2 57	h1h3 e3f2 h3h2 f2g3 h2a2	1334	0g0p0r101m1p
upeCa	8/pp3R2/6p1/P2k2N1/4b3/B2n3P/2r3PK/8 w - - 11 35	f7d7 d5c6 d7d6 c6b5 g5e4	1334	010p10
vOwDX	2r5/4p2p/b2pk1p1/8/N3P3/5N1P/2qQ2K1/8 w - - 0 30	f3d4 e6f7 d4c2	1334	0g0p0s1o
xPSUy	2R5/p4ppk/1p4bp/3Rb2q/4N1P1/7P/P4P2/5BK1 b - - 0 30	e5h2 g1h2 h5d5	1334	0g0j191o
xvBss	r2q1bk1/1b4pp/p1p2p2/1p1p1N2/1P2rPQ1/P3P2P/1BP3P1/4RRK1 w - - 2 21	f5h6 g8h8 h6f7	1334	0g0y191g1o
yLfRX	5rk1/p1p2ppp/1p5r/4q3/P7/3R4/1P3QPP/5R1K w - - 1 26	f2f7 f8f7 d3d8 e5e8 d8e8 f7f8 f1f8	1334	0p13171n1w
yUDGV	3r2k1/pbp2ppp/5n2/1N2N3/8/8/PP3PPP/R5K1 b - - 2 20	d8d5 b5a7 d5e5	1334	010p0s1o
zAjTh	r3kbnr/pppnqp1p/3p4/8/3PPQ1P/8/PPP3P1/RNB1KB1R b KQkq - 0 9	f8h6 f4f3 h6c1	1334	011c1o1p
zPfut	6rk/7p/pp4q1/2p1p1b1/1PP1P3/2P3R1/P5Q1/3R2K1 b - - 1 36	g5e3 g1f1 g6g3 g2g3 g8g3	1334	0g0j0p10
za5y7	3QK2k/7b/8/8/8/5P2/8/q7 w - - 0 60	e8f7 h7g8 d8g8	1334	0j0k0p13151o
zzuKS	8/7p/5KpP/8/5k1P/8/8/8 w - - 7 59	f6g7 g6g5 h4g5 f4g5 g7h7 g5f6 h7g8	1334	0g0p1e1w
0HPlZ	r2q1r2/3p2k1/p1n1p2p/1ppn2NQ/8/P2P4/1PP3PP/R4RK1 w - - 0 20	f1f7 f8f7 h5f7 g7h8 f7h7	1335	0e10131619
5QRrI	r2qk2r/1pp2ppp/p1p2n2/8/3bP1b1/2N2N2/PPP2PPP/R1BQK2R w KQkq - 2 9	d1d4 d8d4 f3d4	1335	011c1o
5nxZS	3r2k1/pp3Np1/1q5p/2b5/3n1p2/3QB2P/PP3PP1/R4RK1 b - - 0 28	d4f3 g2f3 d8d3	1335	0g0j191o
6PPns	r5k1/p2b1r2/4pqpQ/1p1pR3/2pP4/P1P3P1/1P3PP1/1B2R1K1 b - - 0 25	f6f2 g1h2 f7h7 h6h7 g8h7	1335	0g10191g
6kooY	2rb1rk1/1q3p1p/6p1/1pQ5/p7/5P2/PP3P1P/R1B1R1K1 w - - 1 25	c5f8 g8f8 c1h6 f8g8 e1e8	1335	050y101316191f1n
8Nptc	2k1r2r/p1pp2b1/1p1P3p/4q1p1/5p2/P6P/1P2QPPB/R3R1K1 w - - 0 23	e2a6 c8b8 e1e5	1335	010j191o
AMLqN	1kr2r2/ppp2R1p/8/4n3/2Q5/1P2q1PK/P6P/2R5 w - - 2 30	c4c7 c8c7 f7f8 c7c8 c1c8	1335	0i101316191n
BOk6G	3r2k1/Q4pp1/1p2p2p/8/8/3r3P/Pq3PP1/3R1RK1 w - - 0 22	d1d3 d8d3 a7a8 g8h7 a8e4 f7f5 e4d3	1335	0g0p0s1w
Co4yc	8/8/3kp3/1p6/1r1p2RP/8/4KPP1/8 b - - 0 32	d4d3 e2d3 b4g4	1335	0g0j0p1m1o
DjtNy	5rk1/pp1q2p1/8/4R3/3P2QP/2P3R1/PP4K1/5r2 b - - 3 31	f8f2 g2h3 f1h1	1335	0p13151o
FKZJ6	2Rr4/pp1P1pkp/3Q4/6p1/8/1Nn1qPB1/P6P/7K b - - 4 32	e3f3 h1g1 c3e2	1335	0f1315191o
FLpoL	8/2k2p1p/1R4p1/8/5P2/6PK/r6P/8 w - - 4 45	b6f6 c7d7 f6f7	1335	010p1m1o
FgmPP	3r4/4k3/p2qp1Q1/1p6/7P/3B1P2/PPP2nP1/2K5 w - - 1 29	g6g7 e7e8 d3g6	1335	0p13151o
FtCoU	r1bq2k1/pp2b1p1/2p3r1/3p2NQ/2P5/7P/PP3PP1/R4RK1 w - - 0 20	h5h7 g8f8 h7h8	1335	0s1315191o
FxaJC	4kr2/pR1b1p1Q/2n1p3/3pP3/3r2PP/P1qBKN2/2P2P2/7R b - - 0 21	d4e4 h7e4 d5e4	1335	0g11191g1o
GIM6h	1r4k1/p5pp/1p2R3/3B4/2P5/P2P2P1/1q3r1P/R2Q3K b - - 2 24	f2h2 h1g1 b2f2	1335	1315191o
IJFnb	3rrk2/p1p3p1/7p/n3p3/1P1PKn2/B7/P4PPP/3RR3 w - - 0 24	b4a5 f8f7 d4e5	1335	010j0k0t0w191o
Ixyqc	1k6/1p3p2/p7/3pP2q/3P1R2/P3r1P1/1P3Q2/6K1 b - - 14 53	h5d1 g1g2 e3e2	1335	010p1g1o
KTbn9	3b2rk/3n1p1p/4qPpQ/4p1P1/4P1R1/2pp3P/6NK/5R2 w - - 0 41	h6h7 h8h7 g4h4	1335	050y1315191n1o
L3MhY	8/6Q1/3bk2p/2p3p1/1p3p2/1q5P/6PK/8 w - - 0 53	g7g8 e6e5 g8b3	1335	010p1o1p
L45RN	r6r/p2k1p2/4p3/2BpPn2/5Ppp/QP2q3/P5PP/R4R1K b - - 1 27	f5g3 h2g3 h4g3	1335	0j0k0y1315191n1o
M3YUx	rn2k2r/ppp2ppp/3bp3/8/3P2n1/2N2N1q/PPPB1P2/R2QRBK1 b kq - 3 12	d6h2 g1h1 g4f2	1335	0i0y13151c1o
NlGSm	Qn2k1nr/p4ppp/1p2p3/2b1P3/5B1q/P1p5/1PP2PPP/R3KBNR b KQk - 0 10	h4f2 e1d1 f2f1	1335	040i0s1315191o
NoTfn	r4r2/pb3pk1/1pN3p1/3pP3/5q2/8/PPB1QbPP/R4R1K b - - 1 23	f4h2 h1h2 f8h8 e2h5 h8h5	1335	050y101316191f1n
Ok8Ys	r1bk2r1/1pRn3p/3Qp1p1/1p1pNq2/8/8/PP3PPP/4K2R w K - 6 20	c7d7 c8d7 d6d7	1335	1315191o
P6JOL	7k/1Q4p1/3p3p/1P4q1/2P5/r7/8/5R1K w - - 1 42	f1f8 h8h7 b7e4 g5g6 f8h8 h7h8 e4g6	1335	0g0i0p1w
Q4kiC	2r4r/1bp1q1kp/pb2pNn1/1p2P3/2p5/P6Q/1P2BPPP/2RR2K1 w - - 0 24	d1d7 e7d7 f6d7	1335	01191g1o
Q8GHv	6k1/p5p1/1p4Qp/4p3/6N1/6PK/7P/2q5 w - - 2 32	g4f6 g8h8 g6h7	1335	0p13151g1o
QD8yM	rnb1kq2/pppp3Q/6p1/8/2B1n3/P1P5/2P2PPP/R1B1K1NR b KQq - 0 11	f8f2 e1d1 e4c3	1335	040f13151c1o
RXPtJ	5r1k/2r5/2p1p2p/1p1nPpQ1/p2P4/4P1R1/6PP/2q2BK1 w - - 0 37	g5h6 c7h7 h6f8	1335	0s1315191o
SAXMD	3r4/3b2kp/5p2/5B2/5KP1/1p6/4R2P/8 w - - 0 40	e2e7 g7f8 e7d7	1335	010p1o
Suysf	r4bk1/2Q2ppp/b1p4B/p7/8/5R2/PPP1q1PP/6K1 w - - 2 23	c7f7 g8h8 f7f8 a8f8 f3f8	1335	0i10131619
V6ZIp	6k1/5p1p/1q1p1bp1/p7/1pPBrP2/1P5P/P4QP1/R3R1K1 b - - 0 28	f6d4 g1h2 d4f2	1335	010s191g1o
VLqab	r2q1k1r/p1p2ppp/b1B5/3QP3/2P1n3/8/PP3bPP/RNB2K1R b - - 0 12	a6c4 d5c4 d8d1	1335	13151c1n1o
Wdupf	2kr4/pp1nqr1b/B1p1p1p1/8/7P/3P1Q2/PPP2PP1/R4RK1 w - - 0 20	f3c6 c8b8 c6b7	1335	1315191g1k1o
WmBqN	k2r3r/pq6/1p3Q1p/1B6/P2p4/6P1/7P/5R1K w - - 0 34	b5c6 h8f8 c6b7	1335	0g0h0p1g1o
XAfiS	6k1/1p2p2p/p5p1/1q1p2P1/bQ2Pn2/5P2/P1NR4/1K6 b - - 3 33	a4c2 b1c2 b5b4	1335	0g0p1g1k1o
XBiXO	1r6/2p2pk1/p2p1pp1/3q4/3P1QPr/3R4/PpP5/1K3R2 w - - 0 26	f4f6 g7g8 f6h4	1335	0g0p0s1o
XY8Aj	r2qkbnr/pp1bpppp/2Np4/1B1N4/4P3/8/PPPB1PPP/R2QK2R b KQkq - 0 9	b7c6 b5e2 c6d5	1335	010s1c1o
Z3cnd	2krr3/Q1p2ppp/2pb4/8/3B4/P1P4P/1P1K1PP1/R3R2q b - - 8 23	d6f4 d2c2 e8e1 a1e1 h1e1	1335	0g0i10191g
ZLwIz	5k2/5ppp/p1r5/3Np3/1P4n1/P1nP2P1/5PBP/2R4K b - - 0 27	g4f2 h1g1 c3e2 g1f2 e2c1	1335	010p0s10
bQS5W	6k1/pb4r1/1p6/3p2R1/3Np2q/4Q3/PPP4P/7K w - - 0 33	g5g7 g8g7 d4f5	1335	050g0p111o
c726P	7k/p4prp/1p3Pp1/3q4/8/8/P1r3PP/B3RRK1 w - - 0 32	f6g7 h8g8 e1e8	1335	000p13151o
cIu5C	2rq3r/1b3p2/p1n3k1/1p1p1N2/4P1p1/2P5/P2Q1P2/1K1R3R w - - 0 22	h1h6 h8h6 d2h6	1335	0e1315191o
dNqxP	8/4kpp1/5b2/3p4/7P/2q5/2Q2PP1/rBKR3R b - - 0 29	a1b1 c1b1 c3a1	1335	051315191g1n1o
dY7Ex	2rq1rk1/b6p/p4pp1/1p1Np3/3nP3/5P2/P4BPP/2RQR1K1 w - - 4 23	c1c8 d8c8 d5e7 g8g7 e7c8	1335	050g0s1019
e1pR1	6k1/2p3pp/4Rb2/2Bp4/pP4q1/P4p2/5P1P/4R2K w - - 0 37	e6e8 g8f7 e8f8 f7g6 e1g1	1335	0g0p101g
feQui	4b1rk/p4p1p/2p2PpQ/1p4P1/8/2p2R2/P2q2BP/7K w - - 0 27	h6h7 h8h7 f3h3	1335	050p13151n1o
h07Ij	3r1rk1/1pp2pp1/p6p/4p3/2B1P1n1/2P5/PP2nPPP/R1B2R1K b - - 0 19	g4f2 f1f2 d8d1 f2f1 d1f1	1335	06101316191n
hlyfp	8/8/5K2/p7/3p4/1Bk5/2P5/8 b - - 4 67	d4d3 c2d3 c3b3	1335	080g0i0p111o
icgT5	8/4NR2/5Kpk/5b2/2p2P2/7P/1pr5/8 w - - 8 57	e7g8 h6h5 f7h7	1335	0p13151o
iz8DV	8/1k6/1r6/4P3/8/1b6/P1P3Q1/1K6 b - - 1 57	b3d5 b1c1 d5g2	1335	0g0j0k0p1o
jKcQ4	2kr4/Qpp3pp/pBR2p2/8/1b4P1/1P1q3P/1K6/1R6 b - - 0 41	d3d2 b2a1 b4c3 c6c3 d2c3	1335	0g1019
jW5sg	8/5R2/2p5/Pk3p2/1Br5/1KP5/5r2/8 w - - 4 45	f7b7 b5a6 b7b6 a6a7 b3c4	1335	0g0p10
jsQnh	r2R4/2r2ppk/2N1p2p/4P3/p4P2/2R1P3/1P4PP/6K1 b - - 2 33	a8d8 c6d8 c7c3 b2c3 a4a3	1335	010p10
lhR0u	2r4k/pp1b2p1/5q1p/3p4/6n1/3B1NP1/PPQ2PP1/4R1K1 w - - 4 26	c2c8 d7c8 e1e8 f6f8 e8f8	1335	0s101316191f1n
llrKh	1r4k1/7p/2pNb1pQ/3BPp2/3q2P1/1p6/1P6/K4R1R b - - 0 30	b8a8 a1b1 d4d3 b1c1 a8a1	1335	0s10131619
q7uwQ	rnb1k2r/ppppB1pp/1q6/2b5/8/2N2N2/PPP1PPPP/R2QKB1R b KQkq - 0 8	c5f2 e1d2 b6e3	1335	0413151c1o
qXXat	KQ6/2bb4/k7/8/8/8/8/8 b - - 0 76	d7c6 b8b7 c6b7	1335	0p13151o
qc1Wm	8/2p1kb1p/2P3P1/3BPK2/p1P3P1/r7/P1R5/8 b - - 0 46	f7g6 f5f4 g6c2	1335	0g0p1o1p
uB42H	6k1/8/p7/8/p1bB4/P3P3/qP1R4/2KR4 b - - 12 51	a2a1 c1c2 c4b3 c2c3 b3d1	1335	010p101p
vziwf	7k/1pp4p/p5p1/P3N3/3P1PBr/4P3/2q3R1/3R2K1 b - - 0 33	h4g4 g2g4 c2d1	1335	010b0p1g1o
wSNf5	3rk2r/pp2bppp/2p2p2/2qN4/4Q3/4P3/PP4PP/3R2K1 w k - 0 21	d5c7 e8f8 d1d8 e7d8 e4e8	1335	0i0j10131619
yUVPF	8/6p1/7p/2k5/P2R1PP1/r2pK3/8/8 b - - 3 43	d3d2 e3e4 a3a4 d4a4 d2d1q	1335	000g0i0j0k0p101g1h1m
yppRQ	2rqk2r/p4ppp/4p3/4P3/5n2/Q1N2P2/P2P1P1P/R4RK1 b k - 0 18	d8g5 g1h1 g5g2	1335	0y1315191o
zHXIX	rn2k1r1/pp3p1p/1bp2p2/3p4/2PP4/1P3N2/P3BPbP/RN2R1K1 w q - 0 14	e2f1 e8f8 f1g2	1335	010j0k191o
zm7C7	2r1k2r/pp2pp2/1qp4p/8/8/2b5/PPPQ1PP1/2KR3R w k - 0 17	d2d7 e8f8 d7c8 f8g7 c8g4	1335	0g0s1019
0hW9J	2rqrbk1/pbp2p2/1p2pn1Q/6N1/2PP4/3B4/PP4PP/3R1R1K w - - 3 18	d3h7 f6h7 h6h7	1336	0y1315191o
2sx1e	8/5p1p/3N2pk/5p2/8/2Q3PK/1r5P/q7 w - - 1 36	d6f7 h6h5 c3f3	1336	0p13151o
4QVKH	2rr2k1/3b1pp1/p2R3p/2P5/1pR5/5P2/PP4P1/2K2B2 b - - 1 28	d7b5 d6d8 c8d8 c4b4 b5f1	1336	010p101p
5JDt4	4rrk1/1p4p1/p1p4p/3p4/3q4/PP3R1P/1P2Q1P1/5R1K w - - 2 25	f3f8 e8f8 e2e6	1336	0g0p1o
6ibzT	5rk1/1Q3ppp/4p3/1R2P3/7b/7P/q1r3PB/5R1K w - - 3 30	b7f7 f8f7 b5b8 c2c8 b8c8 h4d8 c8d8 f7f8 f1f8	1336	0d1318191n1w
8Ehw9	r1bq1rk1/ppp3p1/7p/8/4p3/P3P3/1b1BBPPP/2RQK2R w K - 0 15	d1b3 g8h7 b3b2	1336	010s191o
8cmAq	2kr3r/1pp1bppp/2n1q3/1Np5/Q3P3/6R1/PPP2P2/2KR4 w - - 0 19	a4a8 c6b8 b5a7	1336	1315191k1o
8ji1D	4rr2/pQp3kp/2R3p1/2q5/8/2P5/PP3PPP/5RK1 b - - 4 22	c5f2 f1f2 e8e1 f2f1 f8f1	1336	0p1013161n
9YU2e	rnb1kb1r/pp1p1ppp/4p3/q2n4/3P4/4P1B1/PP1Q1PPP/RN2KBNR b KQkq - 4 7	f8b4 b1c3 d5c3	1336	011c1g1o
9x5lM	6k1/p4p1p/1p1Nbqp1/1Pp5/2PbQ3/6BP/5PP1/6K1 w - - 1 31	e4a8 g8g7 d6e8 g7h6 e8f6	1336	0g0p0s10
A5G3f	3r3k/p4qp1/1p2R2p/2p1pp2/8/1QP3P1/P4P1P/6K1 w - - 2 31	e6h6 h8g8 h6h8 g8h8 b3f7	1336	010i0p10
BtTcm	r4rk1/p4pp1/3b1q2/8/3P3p/2N1PQP1/P4PKP/R4R2 b - - 1 20	h4h3 g2h3 f6f3	1336	0g0i191o
CddsL	4r1k1/6p1/R7/2p2K2/p3r3/6P1/2P3P1/7R b - - 3 41	e8e5 f5g6 e4g4	1336	0p13151m1o
D1L0n	6k1/3Q3p/4N1n1/3pq3/4p1B1/8/4K3/8 w - - 12 56	d7e8 g6f8 e8f8	1336	0p13151o
EyKJs	6rk/1pp3qn/p2p4/4p3/4P2Q/3P1N1P/PPP2Pr1/R4R1K b - - 1 25	g2h2 f3h2 g7g2	1336	0d0y1315191n1o
F0OU4	2kr2r1/1pp2p1p/p2b1P2/2p5/7N/6P1/PPP2P2/RNB2K2 b - - 2 16	d6g3 f2g3 d8d1 f1f2 d1c1	1336	010d0s10191n
FkP7Q	7r/2R2p2/p3k2p/3pbpp1/3B4/7P/PP3PP1/6K1 w - - 0 28	c7c6 e6d7 d4e5 d7c6 e5h8	1336	010i0p10
H10mf	8/6RP/3k2pr/p7/3N4/3PK3/r7/8 w - - 0 45	g7g6 h6g6 h7h8q	1336	000g0i0p1h1o
HFEy9	5rk1/1b2bpp1/pn2p2p/qp6/3PN3/P2Q1P2/1P3BPP/1Br2RK1 w - - 0 21	e4f6 e7f6 d3h7	1336	0d0y1315191n1o
HqKCi	8/8/7p/k1Np2pq/3P4/1R4P1/2Q2p1P/5K2 b - - 1 48	h5h3 f1f2 h3h2 f2e1 h2c2	1336	010p0r101p
ILmrm	5rk1/prN2ppp/3Q4/2p3q1/8/5b2/PPP3PP/1R2R1K1 w - - 0 21	d6f8 g8f8 e1e8	1336	050y1315191n1o
IhGOm	rn1qkbnr/pp4p1/2p4p/4Nb2/2p5/2NPB3/PPP2PPP/R2QK2R w KQkq - 0 9	d1h5 g7g6 e5g6 f5g6 h5g6	1336	0g0s101c
JGtON	r4r1k/ppp4p/1n2B3/1qBP3p/4PPn1/5Q2/Pb3P2/1R2K2R w K - 2 21	c5d4 b2d4 b1b5	1336	0g191o
KCoHo	r1b1k2r/1pqp1pp1/p1n1p3/4b1N1/4P1B1/2N1B3/PPP2PP1/1R1Q1RK1 b kq - 0 14	e5h2 g1h1 h2g1 h1g1 c7h2	1336	050j0k0y1013161c1n
MNmyQ	5rk1/pp1b1rN1/4p3/3p2Q1/5R2/2Pq4/PP4PP/5R1K b - - 0 27	d3f1 f4f1 f7f1	1336	061315191o1y
NN0dv	r2q1rk1/ppp1ppb1/6pp/3Pn3/2n5/2B2B2/PP1N1PPP/R2Q1RK1 w - - 0 14	d2c4 e5c4 c3g7 g8g7 d1d4 e7e5 d4c4	1336	01050s1c1w
No3h3	r1b2rk1/ppp5/3p3p/4bqp1/8/2P4P/PP1N1P1B/R2QRBK1 b - - 0 18	f5f2 g1h1 f2h2	1336	0y13151c1o
OghD8	r5k1/pb3p1p/1p4p1/3pr3/1PP5/3Rq1P1/PQ2P1BP/4RK2 b - - 2 22	e5f5 g2f3 f5f3 e2f3 e3d3	1336	0g0i101119
Ojx8A	8/8/kp6/p6P/Pr6/2p2RK1/5PP1/8 b - - 1 48	c3c2 f3c3 b4b3 c3b3 c2c1q	1336	00010i0p1011121g1h1m
Pjqzr	r2q1rk1/pb2bpp1/4pn1p/2p5/2PBN3/3Q4/PPB2PPP/R4RK1 w - - 0 16	e4f6 e7f6 d3h7	1336	0d0y1315191o
PqLF2	rnbqkb1r/1p2pp1p/p2p2p1/2p5/4n3/N1P2N2/PP1PBPPP/R1BQ1RK1 w kq - 0 7	d1a4 b8c6 a4e4	1336	010s1c1o
QW2Xa	r3r1k1/pp3ppp/1q3b2/3p4/3P4/3Q2P1/PPB1bKPP/R3R3 w - - 0 19	d3h7 g8f8 h7h8 f8e7 e1e2	1336	0g0v0y1019
S47jQ	3r1bk1/p5p1/1p5p/8/P2BRP2/1P5P/6P1/6K1 b - - 0 31	d8d4 e4d4 f8c5 g1f2 c5d4	1336	01050p10111g1n
SLFTM	r7/p4p1k/npp3q1/2P5/1P1P3r/5P2/P2QKP2/7R w - - 0 29	h1h4 h7g7 h4g4	1336	010p1g1o
SUApv	r3k2r/pb4bp/n4np1/1N2p3/8/4P3/PP1B1PPP/2KR1B1R w kq - 4 21	b5d6 e8e7 d6b7	1336	010s191o
Tsupj	r1bqk2r/pppp1pp1/2n4p/2bBp3/4P1n1/2NP1N1P/PPP2PP1/R1BQK2R b KQkq - 0 7	g4f2 d1e2 f2h1	1336	040g0s1c1o
UKmiQ	5rk1/R4pbp/6p1/8/pQ6/5N1P/qn3PP1/4R1K1 b - - 0 29	b2d3 b4d2 a2d2	1336	010s191o
UXKhr	r5k1/5ppp/2N1p3/1pbq4/8/2P1BP2/1P4PP/3Q1RK1 b - - 0 18	c5e3 g1h1 d5c6	1336	0g0t0w191o
UtF43	6k1/1b3ppp/1p6/pR1P4/P2BqPQ1/4P3/2r2R1P/3K4 b - - 0 37	e4d3 d1e1 c2c1 g4d1 c1d1	1336	0r10131619
VHAA5	r1b2rk1/ppp1qpp1/2n2N1p/2bpP3/2B3Q1/2P5/PP3PPP/R1B2RK1 b - - 1 12	e7f6 e5f6 c8g4	1336	011c1o
XOPlg	7r/7p/3N4/2r5/pp2R3/1P4kP/P5P1/7K w - - 6 35	e4g4 g3f2 d6e4 f2e3 e4c5	1336	0g0p0s10
YvM52	r4r1k/p5R1/2p2n1P/1q1b1P2/1p1P4/P6P/8/R3K1Q1 w Q - 4 33	g7h7 f6h7 g1g7	1336	0d1315191n1o
ZIZF0	6k1/5ppp/p7/2pB1PQP/1q1p2P1/2p2P2/PrP5/K2R3R b - - 0 26	b2a2 d5a2 b4b2	1336	0d0p13151n1o
bfXg9	6k1/1p6/p2q2p1/3p1nB1/3b3P/2R2P2/PP2Q1K1/8 b - - 0 33	d6g3 g2f1 g3g1	1336	0p1113151o
c2E5H	3r2rk/1p2q1pp/p1p1P3/3n1P2/P7/4R2Q/1P2N2P/6K1 w - - 0 35	h3h7 h8h7 e3h3 e7h4 h3h4	1336	05101316191n
c328v	r2r3k/6p1/p3Q2p/1p3p2/1Pp5/P3P3/1B3PPK/3q4 w - - 4 28	e6h6 h8g8 h6g7	1336	0p13151g1o
dZ4Oj	4kb2/2p1qp1p/8/p2P4/P5B1/2Q5/1rn2PPP/6K1 w - - 0 31	c3c6 e8d8 c6a8 b2b8 a8b8	1336	0p101316
fVKP7	5rk1/4Rp1p/6p1/1p4K1/2r5/P6P/5PP1/3R4 b - - 1 28	f7f6 g5h6 c4h4	1336	0p13151m1o
hQKLZ	2r3k1/Q4pp1/7p/5n2/3N4/4P1P1/4qPKP/5R2 b - - 0 27	f5e3 g2g1 e2f1	1336	0p13151g1o
ih5n9	1k1r4/p1p2ppp/1p1P1n2/Q7/2P5/4r2P/PPq3P1/3R1RK1 w - - 0 28	d6c7 b8c7 a5a7 c7c6 d1d8	1336	00050g0i10191k
k6lYD	5rk1/1R3pp1/4p1p1/1NP5/1P2Kb2/Pq1Q1P2/6P1/8 b - - 20 40	f7f5 e4f4 b3d3	1336	0g0i0p111o
khoVL	r1b1qbkr/ppp1p1p1/1n1pP2p/n5N1/3P4/5Q2/PPP2PPP/RNB1K2R w KQ - 0 11	f3f7 e8f7 e6f7	1336	000y13151c1o
mpg09	2r3k1/5p2/p1p4p/1pP2qp1/1P4N1/4r3/P5PP/R3R1K1 w - - 0 30	g4h6 g8f8 h6f5 e3e1 a1e1	1336	0g0p0s10
npuzs	rn3rk1/p1p2pbp/1p1p2b1/q5N1/2PPNpP1/3BP2Q/PP3P2/R4K2 w - - 0 17	e4f6 g8h8 d3g6	1336	010j0y191g1o
oCfgF	4r1k1/1p2rppp/p1npbqn1/3p4/3P4/2PB1NN1/PPQ2PPP/R3R1K1 w - - 4 16	g3h5 f6f3 g2f3	1336	0g191o1t
oGPnS	2R5/3N2pk/4p2p/3b4/3r4/5P1P/6P1/6K1 w - - 2 44	d7f8 h7g8 f8e6 g8f7 e6d4	1336	0g0j0k0p10
prfqg	7k/4qpp1/2p1bN1p/p3P2Q/3r4/6R1/P4PPP/6K1 w - - 3 32	h5h6 g7h6 g3g8	1336	030p13151n1o
qBUlv	2R5/ppb1q1pk/4p2p/3pN3/P7/4P2P/PB3PP1/6K1 w - - 4 28	c8h8 h7h8 e5g6 h8g8 g6e7	1336	01050p0s101n
qPSTg	4rb1k/ppp3pp/2bp1P2/8/3Q1PBq/P1N3RP/1PP3PK/R1B1r3 b - - 0 21	e1h1 h2h1 h4g3	1336	0g0i191o
sk1yl	1r3rk1/pb1Q1p1p/4PPp1/1pP5/7P/P1q5/B1P3P1/3R1R1K b - - 2 29	c3h3 h1g1 h3g2	1336	0y1315191g1o
t3lz2	r4rk1/p1pq1pp1/1p1p3p/4B3/1PB1b3/P6P/2P3P1/1R1Q1R1K b - - 0 21	d7h3 h1g1 h3g2	1336	0y1315191g1o
trZI1	3k1r2/1pp3p1/1pn1B3/3pP2p/PP1P3q/7P/3Q1P2/R3K2R b KQ - 0 24	h4e4 d2e2 e4h1	1336	0g0s191o
uEv3S	8/8/p2rk2p/8/5KP1/8/P7/3R4 w - - 0 43	d1d6 e6d6 f4f5 h6h5 g4h5	1336	0g0p101m
uFAkY	r3q3/1b3r2/3p1k1b/2p2p2/1pP1pQ1R/pP1P3P/P4P2/2K5 w - - 0 37	h4h6 f6g7 f4g5 g7f8 h6h8	1336	10131619
uX5q4	5rk1/5ppp/2pp4/3n4/3q4/5Q1P/r1PN2P1/4RR1K w - - 0 20	f3f7 f8f7 e1e8 f7f8 f1f8	1336	101316191n
uc0av	3r4/5p2/2p1pp2/p4k1p/2P2P2/1r3NP1/6KP/4R3 w - - 0 35	f3h4 f5g4 h2h3	1336	0p13151o
vSZgC	r4r2/1pq1bp1k/4pBpp/p2p4/3P2R1/4QP1P/PPP2P2/1K1R4 w - - 5 21	e3h6 h7h6 g4h4	1336	051315191f1n1o
w5XLw	2krn2r/1pp2p2/p1n2p2/3p2P1/8/q2B1Q1P/P1PB4/1K1R3R w - - 0 25	d3f5 c8b8 f3a3	1336	0g0j191o
zjoDn	r7/1pp2pk1/2n3p1/p3p3/2PpPnPK/PP1P4/3QBP2/2R5 b - - 0 24	a8h8 h4g3 h8h3	1336	0p0u13151o
02O8w	2R2rk1/5pp1/p5np/b2p4/3P4/Pq1BPN2/1P3QPP/3R2K1 b - - 0 26	b3d1 f2f1 d1f1 g1f1 f8c8	1337	010s0t1019
14prN	3k1r2/4R3/2p2PP1/8/pp6/5K2/P1P5/8 b - - 0 43	f8f6 f3e4 d8e7	1337	0g0p1m1o
1FFHO	rnbqkbnr/pp3ppp/8/4N3/8/3B4/PPP2PPP/RNBQK2R b KQkq - 0 7	d8a5 b1c3 a5e5	1337	010s1c1o
1lndu	8/1p3k1p/1R1Bp3/2P4K/5P2/6P1/2r3b1/8 b - - 0 40	g2f3 h5g5 h7h6 g5h6 c2h2 h6g5 h2h5	1337	050p13171d1w
1mQ6T	6k1/5pp1/7p/P3PP2/3P4/6bP/5BP1/1q3QK1 b - - 4 40	g3h2 g1h2 b1f1	1337	0g0i0p1o
23n4B	3r4/5p2/pp2Bkp1/2b5/8/P1P4P/1P2RP2/3R2K1 b - - 0 40	d8d1 g1g2 f7e6	1337	010p0t0w1o
2PDU3	r3k2r/1b3ppp/p2b1n2/1p1p4/2pP2q1/PPN1P3/2B2PPP/R1BQ1RK1 b kq - 2 14	d6h2 g1h2 g4h4 h2g1 f6g4 d1g4 h4g4	1337	01050y191n1w
3iMZc	k7/2R2p2/1Q1p3p/3q4/8/3P4/PP2bP1P/5RK1 b - - 2 28	d5g5 g1h1 e2f3	1337	0p13151o
3ktHb	3r2k1/p2P2rp/1p3R2/2p1Q1q1/8/P5P1/1P3P2/6K1 w - - 3 31	e5e8 d8e8 d7e8q	1337	000p13151h1o
4IFzt	1r4k1/1pp2pp1/p4q1p/1PP1p3/2PnR3/3P2P1/1Q3P1P/3R3K b - - 0 30	f6f3 h1g1 f3d1	1337	0g0p0s1o
7qzB3	r3k2r/p2n1ppp/qpp1p3/B1Pp1b2/3Pn3/Q3PN2/PP2BPPP/R3R1K1 b kq - 0 14	a6a5 a3a5 b6a5	1337	01191o
82sey	r1b1qr1k/p1p3pp/1p1p1p2/4nP1Q/4PR2/1BP3P1/PP5P/R1B3K1 w - - 2 19	h5h7 h8h7 f4h4 e8h5 h4h5	1337	050y101316191f1n
86Nt5	5rk1/p3R2p/bp4p1/6Q1/q7/3p1P2/P5PP/R5K1 b - - 0 30	a4d4 g5e3 d4a1	1337	0g0p0s1o
90QUl	r1b2qk1/p5pp/1pP1p3/1P1pP3/2nPp3/P1N1B3/2Q3PP/5RK1 b - - 1 22	f8f1 g1f1 c4e3 f1f2 e3c2	1337	050g0s1019
AKaSH	r1bqk2r/pp2bppp/2n5/1B1pN3/3P4/8/PP3PPP/R1BQK2R b KQkq - 1 11	d8a5 c1d2 a5b5	1337	0g0s1c1o
BHUCI	4R3/3p2kp/p5p1/Pp3p2/1n3P2/4NKPP/8/4r3 w - - 0 44	e3f5 g6f5 e8e1	1337	010j0p1o
BOibs	3qnrk1/1p4p1/2p1p1R1/4n3/1BP1N3/1P5P/2Q2P2/4KB2 b - - 0 23	e5f3 e1e2 f3d4 e2d1 d4c2	1337	010j0k0s101119
BWnAT	8/6pk/2N1p3/1Rb5/4Prp1/2P5/PP5P/7K b - - 0 38	f4f1 h1g2 f1g1	1337	0p13151d1o
CqvWg	5b1k/4p2p/3pQ1p1/1p1P1p2/8/1q2B3/5PPP/6K1 w - - 4 31	e3d4 f8g7 e6c8	1337	0p13151o
CsiRb	r2q1rk1/pp3ppp/2nb1n2/5b2/3Np3/PBN4P/1PP2PP1/R1BQ1RK1 b - - 1 12	c6d4 d1d4 d6h2 g1h2 d8d4	1337	0g0j101c
D9LuI	8/4k3/R3p2r/3p1P2/3K2p1/1P4P1/P7/8 b - - 0 46	e6e5 d4d5 h6a6	1337	0g0j0p111m1o
DDEHK	r4k1r/1p2p1b1/p2p2p1/5n1p/3P2Nq/4BP1P/PP1Q1P1K/R4R2 w - - 0 20	e3g5 h5g4 g5h4	1337	01191o1t
DcQiV	8/pp2pR2/2qp2k1/6b1/6r1/2P5/PP4nP/5Q1K w - - 1 31	f1f5 g6h6 f7h7	1337	0p0s0x13151o
DcW1D	8/5R2/6pk/2p1p3/BpP1P1Pq/1P1r3P/4K3/4Q3 b - - 0 53	d3e3 e2e3 h4e1	1337	050g0i0p1o
DlWAJ	8/6k1/pn1pbrp1/1pp1p3/4P1PP/P2P2KP/BPP5/R7 w - - 7 30	g4g5 f6f8 a2e6	1337	010p1o
FkFr4	r3k2r/pp1nq3/2p2p2/6p1/3N4/1P2b1P1/P2NQ1PP/R3R2K b kq - 0 20	h8h2 h1h2 e7h7 e2h5 h7h5	1337	050y101316191n
Gl7e3	4r1k1/pN2bppp/8/3p4/P2P1Bb1/2r3P1/5P1P/R3R1K1 w - - 0 22	b7d6 e8f8 e1e7	1337	01191o
K8WPS	2r5/3R1ppk/p3p2p/1p2P3/8/P3Q1P1/1P3PKP/2q5 b - - 3 29	c1c6 e3f3 c6d7	1337	0g0p0s1o
KPewK	6k1/1p1r3p/p1r2P1R/5B2/1Pb5/P5B1/2P3PP/6K1 b - - 2 36	d7d1 g1f2 d1f1 f2e3 f1f5	1337	010p101p
NMVCB	N2k1b2/5p2/p2p1Pp1/q3p1P1/1RP1Pr2/3P4/2NK2Q1/8 b - - 8 41	d6d5 d2d1 f8b4	1337	0g0j191o
NMrbV	6r1/5Qpk/4p1Rp/4P2P/3P4/4P3/6PK/qr6 w - - 2 36	g6h6 h7h6 f7g6	1337	050p13151g1n1o
PUBGD	r2b1rk1/p1R2pp1/3p2np/1p1P4/4P3/1P3P1P/PB3P1K/6R1 w - - 3 25	g1g6 d8c7 g6g7 g8h8 g7f7	1337	0g0i0j0k0y1019
PpLKH	r4r2/ppp3k1/3p3p/3P4/4Qq2/3B4/PP3P1P/7K w - - 0 24	e4g6 g7h8 g6h7	1337	0p13151o
QEJKY	2kr4/pp5n/2p1q1p1/3pp2n/3P1P1P/2N5/PPK2R2/3R1BN1 w - - 0 24	f1h3 e6h3 g1h3	1337	0g191g1o
QO7cT	8/8/1N1r1k2/P1p1b3/7P/R4P1K/6R1/6r1 b - - 8 49	g1h1 h3g4 d6d4 f3f4 d4f4	1337	0g0p10
QxP2o	4Q3/5pkp/6p1/p7/3p1P2/3q2P1/3b1K1P/5R2 b - - 17 59	d2e3 f2f3 d3f1	1337	0g0i0p1o
RBTdS	r2qkb1r/pp2pppp/8/1Npn4/6P1/8/PPP2PR1/R1BQK3 w Qkq - 0 13	d1d5 d8d5 b5c7 e8d7 c7d5	1337	01050s10191n
RIB3u	r1bq1rk1/pp1nppbp/3p1np1/8/2PN1B2/2N1P3/PP2BPPP/R2Q1RK1 b - - 0 9	e7e5 f4g3 e5d4	1337	010s1c1o
T58Ot	r4b1r/pp2k1p1/3p1p1p/3RpP1Q/4P3/4q1P1/PPP4P/3K1B1R b - - 2 18	e3e4 d5d3 e4h1	1337	0g0s191g1o
Tubqi	5r2/pp2p1k1/2p3pp/3p1q2/3P3Q/2N1n3/PPP3PP/4R1K1 w - - 2 20	h4e7 f8f7 e7e3	1337	010p0s1o
U51t1	r1b2rk1/pp4pp/2p5/4qB2/8/8/PPQ3PP/R4R1K w - - 0 20	f5h7 g8h8 f1f8	1337	0i0j1315191o
U8oIu	r3k2r/pb1p1pq1/4p1p1/2p4p/2n1NP1P/2PQnPP1/PP4BR/2KR4 w kq - 4 20	d3d7 e8f8 d7b7	1337	010s191o
UoGK3	r4rk1/1pp2ppb/3p1q1p/p2P3P/2P3P1/1PNn1P2/P2Q2B1/4RRK1 w - - 0 21	c3e4 f6h4 d2d3	1337	010v0w11191o
W1sTW	3k1bnr/ppp3pp/4Q3/4pB2/8/2K5/PPP2q1P/R6R b - - 3 20	f2d4 c3b3 d4b4	1337	1315191o
WR8MU	1R3n2/p1r3k1/2p1p1pp/2PpPp2/3P1N2/4P3/6PP/6K1 w - - 1 37	b8f8 g7f8 f4e6 f8f7 e6c7	1337	050b0g0p0s10
Xk8rB	2b2rk1/p1p1q1pp/8/1r2p3/4QP2/1N6/P5PP/R4RK1 w - - 2 22	e4c4 e7e6 c4b5	1337	0g0s191o
anu4K	r4rk1/pp4p1/4p1P1/2p5/3n1p2/3PQ2R/qP4PP/3B2K1 w - - 0 24	h3h8 g8h8 e3h3 h8g8 h3h7	1337	050y101316191n
az9ua	6k1/pbpB2pp/1p2p3/4P1q1/3P1r2/6PQ/PPP1p2P/R5K1 w - - 0 23	h3e6 f4f7 e6e8 f7f8 d7e6 g8h8 e8f8	1337	0d0i0p0y13171w
b0BU7	7r/R2p1pk1/2b5/1p1pPqpr/1P1P4/4Q3/5PPN/R5K1 w - - 8 35	g2g4 f5g6 g4h5	1337	0g0s191o
bkYpK	1r5k/1br3pp/p2p1n2/1p2pPBq/4P2Q/P1NP2R1/1P5P/1K3R2 w - - 15 31	g5f6 h5h4 f6h4	1337	01191o
cD8BF	r1r3k1/5p2/q3p1p1/4P2p/3Q3P/1B6/PK1R4/2R5 b - - 7 36	a6a3 b2a1 c8c1	1337	0i1315191o
dBHEG	2qr2k1/p1r1ppbp/6p1/1P1PPn2/P5b1/2B3P1/4NPBP/2R1QRK1 b - - 0 24	g4e2 e1e2 c7c3 c1c3 c8c3	1337	011019
dGqLb	r4r1k/p3N2p/1p2Q1p1/8/1P2P3/P1n3P1/2Pq1PBP/R4bK1 w - - 0 26	e6e5 f8f6 e5f6	1337	0y1315191o
dv1Qe	8/ppp2k2/7R/6P1/PPr5/2P1pn1K/4N3/8 w - - 1 44	h6f6 f7g7 f6f3	1337	0g0p0s1o
g0T2j	6k1/6pp/1P6/6q1/2b2r2/4Q2P/6P1/1R3N1K b - - 0 38	f4f1 b1f1 g5e3	1337	0g0j0p1o
g43Ig	r3kbnQ/ppp5/2n1b1p1/3pB1q1/8/4PN2/PPP2PPP/RN2K2R b KQq - 2 10	g5g2 h1g1 g2f3	1337	010s191o
gtpzI	krQ5/p3n2p/8/3p2p1/8/3B1pqP/1PP5/R6K w - - 2 31	a1a7 a8a7 c8a6	1337	050p13151g1n1o
hHu8X	4rrk1/p1p4p/q5bB/3p4/6Q1/2P2R2/P5PP/5R1K b - - 5 26	a6f1 f3f1 f8f1	1337	061315191o1y
km6Mh	7r/1ppb2k1/p5pr/4P3/3P1N2/6P1/PP3PP1/R3RK2 b - - 2 31	d7b5 f4d3 b5d3 f1g1 h6h1	1337	0p101316
lF0oi	5rk1/ppp3pp/8/3n1r2/4N3/3P1nP1/PPP3KP/R1B2R2 b - - 2 20	f3h4 g3h4 f5f1	1337	0g0j191o
n528t	r5k1/1bR2ppp/8/Q1Bq4/8/5P1P/6P1/6K1 w - - 1 26	a5a8 b7a8 c7c8 d5d8 c8d8	1337	060p101113161n
njBmD	r1bqk2r/pp3ppp/4p3/3pB3/1b1Pn3/2N1P3/PP3PPP/R2QKB1R w KQkq - 1 10	d1a4 c8d7 a4b4	1337	0g0s1c1o
nnmj8	8/p7/2p1k2p/1pP3p1/P5P1/1P1N1K1P/8/5n2 b - - 0 35	f1d2 f3e3 d2b3 a4b5 c6b5	1337	0g0p0z10
nr9jl	5rk1/6bp/1r4p1/3Pp3/pq2P1P1/3Q1PN1/KPR5/7R b - - 3 35	b4b3 d3b3 a4b3 a2b1 b3c2	1337	000g0s1019
obHNn	5r1k/pp4pp/2p4q/2p1p3/7r/P2P1BQ1/1PP3P1/R4RK1 b - - 4 26	h4h1 g1f2 h6d2	1337	0q0y1315191o
otnLb	r6r/1pp2pk1/p2p1qp1/3P1bb1/3B3p/P2Q4/1PP5/1K4RR w - - 0 27	d4f6 g5f6 d3f5	1337	010w191g1o
pDJ4c	r1b1k2r/1pq2ppp/p2bp3/3pP3/3Q4/2N4P/PPP1B1P1/R1B2RK1 b kq - 0 13	d6c5 c1e3 c5d4	1337	011c1g1o
pkVJe	1r4r1/p1pk4/2qbpQ2/8/5p2/1P5P/2P3P1/4R2K w - - 0 42	f6e6 d7d8 e6g8	1337	0g0p0v1o
pn2ZK	8/pp4p1/2pp4/4p1k1/4Prq1/P2PQ1p1/1PP2rR1/1K5R w - - 2 30	g2g3 g4g3 e3g3	1337	0g0p1g1o
qljhr	4r1r1/1pp2p1k/p3pBpp/2P1P3/5PRQ/1P2q2P/P5PK/8 w - - 7 38	h4h6 h7h6 g4h4	1337	050p13151f1n1o
r18Ez	8/p1Q1R2p/1p4pk/6n1/3P4/4PqP1/PP3P1P/6K1 b - - 8 29	g5h3 g1f1 f3f2	1337	0p13151o
rYgrJ	Nn1k1b1r/pp2p1p1/2p3p1/5P2/7q/3B4/PPPP1PQn/R1B2RK1 b - - 0 18	h2f3 g2f3 h4h2	1337	0d0y13151c1n1o
rxp4G	3rrbk1/1pq2ppp/p7/3B1N2/4PpQ1/2P4P/PP4P1/5R1K w - - 4 26	f5h6 g8h8 h6f7 c7f7 d5f7	1337	0g0i0s10191g
s3Xqv	Q6r/3K4/6r1/1R6/7P/R1P4k/2P5/8 b - - 0 54	h8h7 d7e8 g6g8	1337	0p13151j1o
sfAVi	3Q2r1/pp4k1/4p1q1/2ppPp2/2PP4/4P3/PP2KR2/r7 w - - 2 35	d8e7 g6f7 f2g2	1337	010p1o
t9SYm	6k1/bp1rrp1p/p3b1p1/7P/3PQ3/1PP3N1/P4PP1/1R4K1 b - - 0 25	e6f5 e4f4 f5b1	1337	01191o1p
tVuK5	2r1r1k1/p4pp1/1p1npq1p/3nN3/1P1P4/P2Q3P/5PP1/RB1R2K1 w - - 5 24	d3h7 g8f8 e5d7 f8e7 d7f6	1337	0g0s1019
uTZyF	5rk1/4qppp/p2p1n2/4pP2/3r4/B7/P4PPP/R2QR1K1 w - - 0 18	d1d4 e5d4 e1e7	1337	0g191o
uYbyu	r7/2pR1pkp/p3pNp1/1p6/4Qn2/5q2/PP3P1P/4R1K1 b - - 5 24	f4h3 g1f1 f3f2	1337	0y1315191o
vIvk3	r1bq1r1k/p3b1pB/1p2p2p/2ppn3/6PP/2P1PN2/PPQ2P2/R3K2R w KQ - 0 16	f3e5 e7d6 e5g6 h8h7 g6f8	1337	010k0m0s1019
wAKIk	2kr4/7Q/4p3/p1qb4/8/1P3P2/P5RK/8 w - - 5 42	g2c2 c5c2 h7c2	1337	010p1g1o
wLxBd	1r4k1/p4p1p/6p1/8/2bPq3/2P1P3/2Q2P1P/2R1K1R1 b - - 13 29	e4c2 c1c2 b8b1 e1d2 b1g1	1337	010p101p
xT6Aj	8/6k1/R4R2/4P1p1/6P1/2P3P1/r2r3P/6K1 b - - 0 40	d2d1 f6f1 d1f1 g1f1 a2a6	1337	0g0p101m
y0oxb	7r/1p1k4/2pP1Q1p/6p1/3n4/r1q3P1/6PP/3R3K w - - 1 34	f6e7 d7c8 e7c7	1337	0p13151o
yRnqt	1r3rk1/p3b1p1/8/2p1p2p/5nq1/1PPPQBN1/PB3P2/3R1RK1 b - - 1 28	f4h3 g1h2 f8f3 e3f3 g4f3	1337	0g0j0y1019
ykoX5	6rk/p4p1p/1p1q1PpQ/2p3P1/5P2/4pR2/PP5P/6K1 w - - 2 27	h6h7 h8h7 f3h3	1337	050p13151n1o
0Ozx4	6k1/pb2R3/1p1r3p/2pq2p1/8/2P3P1/P1Q3PP/6K1 w - - 0 34	c2h7 g8f8 h7g7	1338	0p13151o1u
0RFWS	7k/p5pp/1bQ5/4pp1q/6n1/2P2N2/PP2BPP1/3R2K1 b - - 0 21	b6f2 g1f1 h5h1 f3g1 h1g1	1338	10131619
1dwAE	6k1/5p1p/2p4R/1r2n3/3N4/6P1/6PP/6K1 b - - 2 30	b5b1 g1f2 e5g4 f2f3 g4h6	1338	0g0p0s10
39dRF	3r4/1p1k2pp/pB3p2/8/8/4RP2/6PP/2b3K1 w - - 4 29	e3d3 d7c6 b6d8	1338	010p1o
4A3u2	5bnr/4p1pp/4Q3/1p3Bk1/4P3/6P1/Pqr4P/R2R1K2 w - - 1 28	h2h4 g5h5 f5g4	1338	1315191o
4Q2Mj	r4rk1/3n1ppp/1bb1pq2/1B1p4/3P4/4PN2/2PN1PPP/RQ3RK1 b - - 0 15	a8a1 b1a1 c6b5	1338	01191o
5IF6m	2R5/1b3p1p/4pk2/7P/3P1KP1/4n3/8/8 w - - 3 46	g4g5 f6g7 h5h6 g7g6 c8g8 g6h5 f4e3	1338	0g0p1w
5mjng	5rk1/pp3p2/7R/4r3/6p1/P2B4/1P1n1PK1/7R w - - 0 29	h6h8 g8g7 h1h7 g7f6 h8f8	1338	0g0i0p10
6S9EM	r4q2/ppp3pp/5n2/3k4/8/3PQ3/PPP2PPP/R3K2R b KQ - 0 16	a8e8 e1c1 e8e3	1338	010p1g1o
73SxN	r2r4/1p2kpQ1/p3p2p/8/b7/2N4R/1q1NKPPP/8 w - - 2 29	c3d5 d8d5 g7b2	1338	010j191o
A0JLH	r2qr3/2p1kp1p/p3p1p1/1p2Qn2/3P4/5b2/PP1N1PPP/2R2RK1 w - - 2 22	c1c7 d8c7 e5c7	1338	0g191o
Boyhr	8/5k2/2q1p1pp/p4p2/Np6/1Pb1P3/P1Qr1PPP/2R3K1 w - - 6 36	c2d2 c3d2 c1c6	1338	0g0j0p1o
Dl1ZB	3r2k1/p1p2rP1/5pQp/3B4/2P4P/3PP3/2P2RK1/2q5 b - - 4 43	d8d5 c4d5 f7g7	1338	010p11121g1o1r
EDyI9	8/p1Qqk3/7p/6nP/5p2/8/1B4P1/6K1 w - - 9 57	b2f6 e7f6 c7d7	1338	0g0i0p1o
G0Ugx	5k2/p5p1/7p/2p2p2/1bP1p3/4P1P1/PBPr1P1P/2R1K3 b - - 6 28	d2c2 e1f1 c2b2	1338	0g0j0k0p1o
IzkE5	6rk/4p1bp/5p2/1pr2q2/8/2PR1p1P/PP1K2Q1/6R1 w - - 0 35	g2g7 g8g7 d3d8 g7g8 g1g8	1338	101316191n
KDMXq	k1r5/p7/Qq3np1/4p1p1/2P4r/8/PPP2PP1/2K1R3 w - - 0 26	a6c8 b6b8 c8c6 b8b7 c6f6	1338	0g0p0s0t10
KnYyZ	8/5R1R/4p1p1/3pN1k1/3n4/7P/5nPK/r7 b - - 1 40	a1h1 h2g3 f2e4	1338	0p13151o
LDLcP	r1bqk2r/1p3pbp/p1n1pnp1/4N3/2B5/2P5/PP3PPP/RNBQR1K1 b kq - 0 11	d8d1 e1d1 c6e5	1338	011c1o
LaJaM	6k1/p3pp1p/5bp1/3QN3/P2P4/4P3/1q4PP/2r2RK1 w - - 1 26	d5f7 g8h8 f7f8	1338	0p13151o
NSRq5	8/5pk1/pN1p2pp/3P4/P1p2P2/3p2P1/6KP/3B4 b - - 1 40	c4c3 b6c4 c3c2 c4e3 c2c1q	1338	000g0p101h
O2l8u	3r4/4k2p/p5p1/Rb1R1pP1/1P1KpP2/P6P/8/8 b - - 6 40	d8d5 d4d5 e4e3 a3a4 e3e2 a4b5 e2e1q	1338	000g0p1h1w
QOeMC	7R/8/1k6/4r2P/6K1/2p5/8/8 b - - 3 43	c3c2 h8c8 e5c5 c8c5 b6c5 h5h6 c2c1q	1338	000g0p1h1m1w
QyBiW	4r3/R4ppk/qpQ3bp/3P4/8/8/PP3PPP/5RK1 b - - 0 27	a6f1 g1f1 g6d3 f1g1 e8e1	1338	05060p1013161n
R9Fwn	r4kr1/1b3pb1/3pp3/qpP3Q1/1n2P1NB/P4P1P/8/RB3RK1 b - - 0 29	g7d4 g1h1 g8g5	1338	0g0j0s191o
SrQ0Q	5b2/8/3p4/4pPp1/2Qq4/4k1p1/6P1/6NK w - - 0 46	c4e2 e3f4 e2f3	1338	0p13151o
ToJBL	r1b1k1nr/ppp4p/4ppp1/4n3/2Nq4/2NB4/PPP2PPP/R2QK2R w KQkq - 2 11	d3g6 h7g6 d1d4	1338	0g0j1c1o
UKdjU	8/8/6p1/5p1p/1P1p3P/3k3r/1R6/3K4 w - - 1 52	b2b3 d3e4 b3h3	1338	0g0p1m1o1p
UM7ez	4K1k1/p4pp1/7p/5P2/2P1n2N/3r3P/P5P1/R1R5 b - - 0 33	e4f6 e8e7 d3d7	1338	0p0u13151o
UVC6P	rn3bkr/p4qpp/4p3/1PppP3/4N3/1Q6/PP3P1P/R3K1R1 w Q - 0 19	e4f6 f7f6 e5f6	1338	0g0y191g1o
VFnVU	rn2k3/1b1pb1pr/p3p3/2p3q1/Pp2P1p1/1P1P1QPn/1BPN2KN/3R1R2 w q - 0 19	f3f7 e8d8 f7g8 d8c7 g8h7	1338	010s1019
W9bzz	2rq2k1/pp3rpp/4p1n1/3p4/3Pn3/3QPN1P/PP3PPB/R4RK1 b - - 2 18	f7f3 g2f3 d8g5 h2g3 e4g3	1338	010y10191n
WNKuo	2r2rk1/RR3ppp/4p2n/3pP3/1B3P1q/8/4N1PP/3Q3K b - - 4 26	h6g4 h2h3 g4f2 h1h2 f2d1	1338	0g0s1019
WjGL2	r2q3k/7p/2p4R/4p3/p3P1Q1/2p5/K3B1P1/5R2 b - - 0 33	d8d2 a2a1 d2b2	1338	0p0s13151o
X9huU	8/1b3kp1/pp1qpnnp/4R2B/3P1Q2/8/PP3PPP/6K1 w - - 9 29	h5g6 f7g6 e5g5 h6g5 f4d6	1338	050g0j101119
XCgO1	8/8/2p1k3/p7/1pP3b1/1P6/P5R1/1q3QK1 b - - 8 47	b1f1 g1f1 g4h3 f1g1 h3g2 g1g2 e6e5	1338	0g0h0p1g1w
XkUsI	8/4N1pk/2qP3p/2PrQ3/8/6PK/5P1P/8 b - - 9 39	c6d7 e5f5 d5f5	1338	0g0p1o
XrLEa	1k5r/1pr1q3/pN4p1/P2Q1p2/2PP4/6P1/6K1/1R3R2 b - - 0 32	e7e2 f1f2 h8h2 g2h2 e2f2 d5g2 c7h7	1338	050i1317191w
Y0p7W	r1bq1k1r/ppp1R1pp/8/2nN4/8/5N2/PB3PPP/R5K1 w - - 1 15	b2g7 f8g8 d5f6	1338	0s1315191o
ZPWw2	8/7p/p5k1/1p3b2/3PNB2/2P2P1q/5K2/1R6 w - - 6 35	b1g1 g6f7 e4g5	1338	0g0p1o
a2D4f	2b1k2r/2q2ppp/2p1p3/2np4/1r6/2N2B2/P2Q1PPP/R4RK1 w k - 1 21	c3d5 e6d5 d2b4	1338	010j191o
aSktQ	5rk1/1r1R1ppp/2p5/pq6/8/1P3Q2/P5PP/5R1K w - - 2 30	f3f7 f8f7 d7d8 f7f8 d8f8	1338	0p1013161n
abvG0	r7/3n3p/p1Q5/1p1qPp2/4kP2/6R1/PP6/1K6 w - - 8 34	g3e3 e4e3 c6d5	1338	0g0i0p1o
arPLc	1q4k1/Q4pb1/4p1p1/7p/8/5PP1/7P/R5K1 b - - 1 36	b8a7 a1a7 g7d4 g1g2 d4a7	1338	050g0p0s10
cmcI4	r2q1rk1/ppp2ppp/5n2/2b1p3/N1B1P3/3P3P/PPP1n1PK/R1BQ1R2 b - - 4 13	f6g4 h3g4 d8h4	1338	020d13151c1n1o
eSwaU	1r6/4Np2/4b3/p5P1/5K1k/n7/3R4/8 w - - 0 47	d2h2 e6h3 e7f5 h4h5 h2h3 h5g6 h3h6	1338	0i0p0s13171w
eqK9D	r5rk/pp1qb1pp/2pp1p2/8/3BPN2/1b3PQ1/PPP2P1P/6RK w - - 0 20	f4g6 h7g6 g3h4	1338	0y1315191n1o
fQgsp	rn1qkb1r/1b3ppp/p2pp3/2n5/Np1N4/3Q1B1P/PPP2PP1/R1B1K2R w KQkq - 4 12	a4c5 d6c5 f3b7	1338	010b1c1o
gHwAp	8/pp1n2pp/2p2q1k/3p1nNP/1P3PQ1/3P2P1/P1PK4/4r3 w - - 0 24	g5f7 f6f7 g4g5	1338	0d0p13151n1o
gObHs	rq2k2r/4pp2/2p1bb1p/p1Pp3B/N7/4PQ2/PPP2P1P/R3K1R1 b Qkq - 2 19	b8b4 c2c3 b4a4	1338	0g0s191o
gYPOi	8/8/2B2p2/2p4P/1kPr4/p2q2P1/P2p1PK1/3Q4 w - - 0 43	d1a4 b4c3 a4b3	1338	0p13151o
gnHSG	5rk1/pp4p1/7p/3pP3/3Pp3/6qP/PPQ3P1/5RK1 b - - 1 25	g3e3 c2f2 f8f2	1338	0g0p1o
gsAzf	b4rk1/2q3p1/2n1p3/3pp2Q/2pP4/2P1P2R/3N2PP/6K1 w - - 0 25	h5h8 g8f7 h3f3	1338	0g191o
ifW4N	r4k2/5ppp/p3p3/1pR1N1q1/2bP1n2/4Q3/5PPP/2R3K1 w - - 4 27	e5d7 f8g8 c5g5	1338	0g0j191o
k7BLX	3k4/ppq1p3/2p3Q1/3pP3/n2P4/3P4/PP3PP1/2K5 w - - 2 27	g6g8 d8d7 e5e6 d7d6 g8g3 d6e6 g3c7	1338	0g0i0p1p1w
kbnN6	6k1/R7/3B4/3p4/3p1rp1/1P1B4/P1Pr3b/7K w - - 0 34	d3h7 g8h8 d6e5 f4f6 e5f6	1338	0p0r0s101316
kqIEg	4r2k/pp4Rp/4qp2/3pr3/3Q4/8/PPP5/3K2R1 w - - 2 35	g7h7 h8h7 d4h4 e5h5 h4h5	1338	050p1013161n
lE8ao	7r/8/1k1Pp3/p1p1P1p1/PpK4P/1P3P2/8/7R b - - 0 36	h8h4 h1h4 g5h4 d6d7 b6c7 d7d8q c7d8	1338	0g0p1m1w
nObOp	r1b1kbnr/pp2q2p/2p2pn1/4p2Q/3P4/3B4/PPP3PP/RNB2RK1 w kq - 0 13	d3g6 h7g6 h5h8	1338	011c1o
nlxyb	8/8/2p5/Bp1p4/3P3p/1P5k/8/1K6 b - - 1 53	h3g2 a5d8 h4h3	1338	080g0p1o
ofCgP	8/p5pp/2P1kp2/3r4/3R4/5PPP/5K2/8 w - - 1 36	d4d5 e6d5 c6c7	1338	000g0p1m1o
pVR6e	2k4r/6p1/p4p2/1Pppbb2/4p3/2NP4/1PPB2P1/R4BK1 b - - 0 28	e5d4 d2e3 d4e3	1338	0y1315191o
qHGNm	2rq1k2/1b2rpbp/p4pp1/1pR5/3PPN2/PQ1B1P2/1P4PP/2R3K1 b - - 8 20	d8d4 g1f1 c8c5	1338	0g191o
qoALR	3N4/2p5/1k1p1p2/2rPp1b1/1K2P3/1P3P2/1P6/6R1 b - - 15 45	g5d2 b4a3 c5a5	1338	0p13151f1o
qtC6Q	7r/p1k2p2/Ppp1p1q1/8/3P4/2P4p/1P2Q3/K4R2 w - - 0 32	e2e5 c7d7 e5h8	1338	0g0p0s1o
uPSaN	r1b1k1nr/bp1p2p1/p1nQP3/6pq/1P6/2PB3N/P2N1PPP/R3K2R w KQkq - 0 13	e6d7 c8d7 d3g6 h5g6 d6g6	1338	000g0s1019
usbgY	4r3/p2k1ppp/2p5/2B5/8/2p5/P4PPP/3KR3 b - - 1 22	c3c2 d1c2 e8e1	1338	00010i0p1o
vEB35	4rk2/1p3pp1/5q2/p1p3N1/7Q/1P6/P3p1P1/1R4K1 w - - 0 32	g5h7 f8g8 h7f6	1338	0g0p0s111o
vkbo4	2br2kr/p5p1/1q5p/1Bp5/4Q3/2b5/PPP3PP/5RK1 w - - 2 22	b5c4 c8e6 c4e6 b6e6 e4e6	1338	0g1019
xIxdO	r5k1/p6p/b1p1rp1p/3p2q1/1P2PQ2/2PBK3/P5PP/5R1R w - - 2 21	f4g5 h6g5 d3a6	1338	01191o
yuDLv	1Q4r1/4kp2/4b1p1/7p/4N3/1P3P1P/6PK/1q6 w - - 0 34	b8d6 e7e8 e4f6	1338	0p13151o
zYb9Y	r1bqk2r/pp2ppbp/3p2p1/3Pn3/3Q1P2/6PP/PPP3B1/R1B1K1NR b KQkq - 0 10	e5f3 g1f3 g7d4	1338	010j1c1o
zckVk	1r4k1/5ppp/3q4/1Q6/3p1n2/3B4/5PPP/4R1K1 w - - 7 35	e1e8 b8e8 b5e8 d6f8 d3h7 g8h7 e8f8	1338	0g0i0p1w
29n9V	3R1bk1/1b2pp1p/2p3p1/q7/2nQPP2/7P/PP4PK/8 w - - 6 26	d8f8 g8f8 d4h8	1339	050p13151n1o
2iYrA	8/p5Qp/1p1kq1p1/2n5/8/P5PP/1B3rBK/8 w - - 8 45	g7d4 d6e7 d4f2	1339	010p0s1o
2lwbr	rr4k1/3q1p2/p2p2p1/3Pp2p/2P1P1n1/RPNQ1R1P/1P4P1/6K1 b - - 0 24	d7a7 g1f1 g4h2 f1e2 h2f3	1339	010s1019
7HlvH	2rr1b1k/7q/p2p3P/1p1Bp1Q1/4P3/5P2/PPP5/1K5R w - - 1 30	g5f6 h7g7 h6g7	1339	000k0m1315191f1o
7POCO	rnbqkb1r/ppp2ppp/5n2/4N3/2p5/8/PPPPQPPP/RNB1K2R w KQkq - 0 7	e5c6 d8e7 c6e7	1339	010j0k1c1o
978xV	2r4r/pp3k2/4p1p1/8/5b1B/2NQ2P1/PPP2q2/R4R1K b - - 1 26	h8h4 g3h4 f2h2	1339	1315191n1o
9CoKX	4rk2/3R2p1/1p6/p2QPp2/KPr1pP2/P1q1P3/3R4/8 b - - 1 34	c4b4 a3b4 c3b4	1339	0p13151n1o
AEPiP	8/p3r1pk/1p1R1p1p/1P1p1KnP/P2P2P1/4P3/3B4/8 b - - 6 46	g5e4 d6c6 e4d2	1339	0g0p0s1o
AR8ZG	1k3r2/1p6/p1pqP1Q1/3p3p/1P1N2n1/P6P/5PP1/R3R1K1 b - - 0 26	d6h2 g1f1 f8f2	1339	0y1315191o
AidOV	1r6/5p2/4p1p1/1p2RnP1/2kP2Kb/r1B4P/1R6/8 w - - 4 57	e5c5 c4d3 b2d2 d3e4 c5e5	1339	10131619
BBhTx	rn3rk1/ppp2ppp/8/2b2b2/2P1Q3/1PN5/PBKP2PP/R4qNR w - - 4 12	a1f1 f5e4 c3e4	1339	01191o
BzghR	5rk1/5Rpp/3N4/2p4Q/3pP3/r2q1p1P/5PP1/5RK1 b - - 0 30	d3f1 g1f1 a3a1	1339	051315191n1o
E7aml	8/8/p3p1p1/1p1P1p1p/1P2kP1P/P5P1/3K1b2/8 w - - 0 36	d5e6 f2g3 e6e7	1339	00080g0p1o
FCCUS	r1b4r/1p2kppp/p1nNp3/n7/P1Pq4/8/1P1Q1PPP/R3R1K1 w - - 2 20	d6f5 e7f8 f5d4	1339	0g191g1o
G7FPh	6k1/5pp1/1p2p2p/1q1pN3/3P4/1P6/r2b1PPP/2RQ2K1 w - - 0 28	c1c8 g8h7 d1b1 f7f5 b1a2	1339	0g0p0s10
GEK3L	r3r1k1/1pB2ppp/p1p3nq/2P2Q2/4N1P1/7P/PP3PK1/3RR3 b - - 6 28	g6h4 g2g3 h4f5	1339	010s191o
K254s	2kr4/ppp4Q/3bp1p1/4P3/5q2/2N3PP/PPPP1n1K/R1B1R3 b - - 0 19	f2g4 h3g4 f4f2 h2h3 f2e1	1339	0d0g0s10191n
Kl4xt	1r6/2p1q1k1/2p3Pp/3bPp2/p2P4/P5R1/1P1Q1KP1/5R2 b - - 10 37	e7h4 f2g1 h4g3	1339	010p1o
PvVQ9	8/8/p5pp/3k4/1P2RKP1/P1r4P/8/8 b - - 2 45	g6g5 f4f5 c3f3 f5g6 d5e4	1339	0g0i0p101m
PwaeF	1kr5/1n4p1/1Qq1pp1p/8/3PP3/R5P1/PP3PP1/1K6 w - - 2 28	b6a7 b8c7 a3c3 c6c3 b2c3	1339	0g0p101g
QaLUu	r3r1k1/1b1n1pb1/pp1p1npp/2p5/2PP4/1Q2qB1P/PP1N2PB/2R1NRK1 w - - 0 18	b3e3 e8e3 f3b7	1339	0111191o
QeIab	4rrk1/R4ppp/3Q4/3Bn3/2p1Pq2/4R2P/P1P2PP1/6K1 b - - 2 27	e5f3 e3f3 f4d6	1339	010j191o
Rv3ir	r4rk1/pp3pp1/5q1p/2b5/4pQb1/1B5P/PPP2PPK/R1B2R2 b - - 0 21	c5d6 f4d6 f6d6	1339	0g191g1o
SU94X	4kb1r/p2bqpp1/3p3p/2pQ1nN1/8/2PP4/Pr1BBPPP/R3K2R w KQk - 0 15	d5a8 e7d8 a8d8 e8d8 g5f7	1339	050g1019
TVnI5	5r2/p1pk4/2p1p3/6R1/1P4P1/P2P3K/2P1r3/2R5 b - - 0 32	f8f3 h3h4 e2h2	1339	0p13151m1o
UPukV	r1bqkb1r/pp1nppp1/2p4p/3n2B1/2BPN3/5Q2/PPP2PPP/R3K1NR w KQkq - 0 8	e4d6 e7d6 g5d8	1339	0g1c1o
UQByK	5k2/p1p2p2/2pb4/3p3N/5Pq1/3P4/PPPB3K/4R3 w - - 1 27	e1e8 f8e8 h5f6 e8e7 f6g4	1339	050g0p0s101n
V9o9O	2kr1b1r/1ppq1Bp1/p1n4p/8/8/5Q2/PPP2PPP/R1B2RK1 b - - 0 15	c6e5 f3h5 e5f7	1339	01191o
WPAjt	7r/pp5p/k3B3/8/2R4P/8/PPP1pBK1/2q5 w - - 4 38	c4a4 a6b5 e6d7	1339	0p13151o
WeJ9S	4k2r/1p1b1p2/1q5p/1p1Q2p1/3P4/r3P1P1/5PP1/1R2K2R w Kk - 0 25	d5e5 d7e6 e5h8	1339	010s191o
WmeRQ	r2qk2r/p4pp1/2ppp2p/3p1b2/3Pn3/1N1BPP2/PPP3PP/R2QK2R b KQkq - 0 11	d8h4 g2g3 e4g3 h2g3 h4h1	1339	011019
Xno46	1r4k1/5pp1/p1N1b2p/3p4/P1pP4/2q4P/1rB2PP1/2Q2RK1 w - - 0 31	c2h7 g8h7 c1c3	1339	0g0j191o
XyANt	5k2/2R4K/6P1/8/pp6/3r4/8/8 w - - 0 53	g6g7 f8e8 g7g8q	1339	000i0p13151h1m1o
YvpWb	6rk/2p1qrp1/1p1pb2p/pP2p3/P1P1B3/3P1PR1/3QP2P/6RK w - - 5 32	d2h6 g7h6 g3g8	1339	0y1315191f1n1o
Zg712	1Qq1kb1r/pp3p2/1np1pP1p/B7/2P4P/8/PP3PP1/2KR4 w k - 3 24	b8c8 b6c8 d1d8	1339	1315191d1o
aUnsN	r2q2k1/1n1b1r1p/p1p2pp1/1p1p4/PQ1P4/1PR1PN2/4BPPP/2R3K1 b - - 6 22	a6a5 b4a3 b5b4 a3a1 b4c3	1339	010s1019
aiV7b	3r2k1/p3R2p/1pp1p1p1/8/6B1/6P1/r4PKP/8 w - - 0 29	g4e6 g8f8 e7f7 f8e8 e6a2	1339	010p0s10
baqcz	3R4/5pk1/2b3p1/2B5/1pP5/7P/1r4P1/7K w - - 4 39	c5d4 f7f6 d4b2	1339	0g0p0s1o
bsB0R	1r6/2pk1ppp/4p3/8/3Pp3/pNq1P3/2PQ1PPP/5RK1 b - - 1 19	b8b3 d2c3 b3c3	1339	0g0p1o
cpt4C	r3kbnr/1bqp1ppp/p3p3/1pp1n3/4B3/5N2/PPPP1PPP/RNBQ1RK1 w kq - 0 9	e4b7 c7b7 f3e5	1339	011c1o
dlKqf	2r3k1/1p1q1pbp/p2p2p1/N2Pp3/4Pn2/4BP1P/PP1Q2P1/2R3K1 b - - 9 26	c8c1 d2c1 f4e2 g1f2 e2c1	1339	050g0s1019
dv1pJ	3r1rk1/pp3ppp/2p5/3q4/4nR2/8/PP4RP/6QK w - - 0 28	g2g7 g8h8 g7h7 h8h7 f4h4 d5h5 h4h5	1339	051317191n1w
eHQcc	q4k1r/3p4/2nP1p2/3Q2p1/1p2P3/8/6PP/5RK1 w - - 0 24	f1f6 f8e8 d5f7 e8d8 f7f8 h8f8 f6f8	1339	0p0r13171n1w
eyRBy	8/6p1/5p2/5nk1/2R5/2P2K1p/PP6/8 b - - 3 36	h3h2 f3g2 f5e3 g2h2 e3c4	1339	00010p0r0s10
f59Iw	rn2r1k1/pbp4p/1p2qbp1/8/8/2PB4/PP1NQPPP/R4RK1 w - - 0 16	d3c4 b7d5 c4d5 e6d5 e2e8	1339	0110191g1p
g44qa	8/rb2Q3/pkp5/1p1Bp3/4P3/2P3q1/PP5n/1K6 w - - 5 36	e7d8 b6c5 b2b4	1339	0p13151o
hTJO2	r4rk1/1b1n1pp1/p3p2p/1p1pn3/1P6/P1qBRN2/2P2PPP/R2Q2K1 w - - 0 17	d3h7 g8h7 e3c3	1339	010j191o
iIybQ	6k1/3q4/5Q2/6PK/3pP3/3P4/8/8 b - - 14 70	d7h3 h5g6 h3h7	1339	0p1113151i1o
ig1sJ	5rk1/2Q3pp/p7/1p6/1P1R4/Pq2P2P/6P1/6K1 b - - 0 25	b3e3 g1h2 e3d4	1339	0g0p0s1o
l1Ccf	8/p7/1p1p4/8/5rpk/2PR4/P1PK2P1/8 w - - 2 40	g2g3 h4g5 g3f4	1339	0g0p0s1m1o
mIFtW	r5k1/p1pb2pp/2pp4/N7/2P2r1q/1P6/P5PP/R2QR2K w - - 0 20	g2g3 h4h3 g3f4	1339	010s191o
mP7Om	3q1k1r/pp6/2pb1p2/3P4/4P1Q1/2N5/PPP4P/5R1K b - - 7 27	h8h2 h1g1 d8b6 f1f2 b6f2	1339	0p101113161u
myXAp	2r2r1k/p1q2ppB/2p1p3/2PpP1b1/1p1P4/1P2P3/P1QBb1P1/2K4R w - - 0 22	h7g8 h8g8 c2h7	1339	050j0k0y1315191n1o
n4yYO	r3k2r/pp3ppp/3b4/2pp4/6n1/2P1PN1q/PP3P2/R1BQRBK1 b kq - 3 15	d6h2 g1h1 g4f2	1339	0i0y1315191o
oCQNC	r4rk1/4bppp/pp3n2/2pq2Q1/P7/1P2PN2/1B3PPP/2R2RK1 w - - 3 18	b2f6 d5g5 f6g5	1339	01191g1o
ondpv	7k/6r1/1p3PK1/p5P1/8/7P/8/8 w - - 0 55	f6g7 h8g8 h3h4 a5a4 h4h5 a4a3 h5h6 a3a2 h6h7	1339	000p13181l1w
p0Lq4	8/4kP2/4p3/pp1p3B/5P2/1P4KP/2P3P1/8 b - - 2 37	a5a4 b3a4 b5a4	1339	01080p1o
pCQhe	8/4r3/8/5K2/1p1kB3/1Rb2P2/3r4/3R4 w - - 8 52	d1d2 c3d2 b3d3 d4c4 d3d2	1339	010p0s10
prd7K	8/1PR5/2K1pk2/3p4/3P1p2/1r6/8/8 w - - 0 55	c7c8 b3b7 c6b7	1339	0g0p1l1m1o
qPnw5	3r1rk1/pb3p2/1pq1p1BQ/2p1P3/6P1/2P2N2/PP2n2P/R4R1K b - - 0 25	c6f3 f1f3 b7f3	1339	0y1315191o
qYJaF	1q4k1/p1Q2p1p/1p4pb/8/1P2p3/P6P/4nPPK/2R1R3 b - - 2 32	h6f4 g2g3 f4c7	1339	0g0p0s1o
rAnlE	4r1k1/p4pp1/2p5/2P5/1P4P1/P4Q1p/2q2P1P/4RK2 b - - 5 39	c2c4 f3e2 e8e2	1339	0g0p111o
rJi5u	rn6/pp3kp1/2p5/8/7Q/3PBP2/PPq2r1P/RN4KR b - - 0 20	f2g2 g1f1 c2e2	1339	0y1315191o
vMJnF	r1b2rk1/ppp2pp1/6n1/2bp4/4Q3/3P1N2/Pq1NK1PR/7R w - - 0 18	h2h8 g6h8 e4h7	1339	0y1315191n1o
w3lKQ	3r1k2/pp5R/b1p3p1/5p2/3B1P2/8/2P3PP/6K1 w - - 1 28	h7h8 f8e7 d4f6 e7f6 h8d8	1339	010i0p0r10
wJBMh	4rnk1/5p2/5Pp1/1pP1q1Q1/7R/3P1K2/6PP/8 w - - 0 39	h4h8 g8h8 g5h6 f8h7 h6g7	1339	050p101113161n
wOU8R	r4r1k/pRp3p1/7B/3Qbq2/8/7P/P3RPP1/6K1 b - - 0 22	e5h2 g1h2 f5d5	1339	0g0j191o
xSprP	7k/p3PQ1p/Ppp3pq/8/6K1/2P3P1/1P5P/8 b - - 0 38	h6h5 g4f4 g6g5 f4e5 h5f7	1339	0g0j0p101i
xURpJ	8/q5p1/2p1P1kp/8/2p1R1P1/p4KP1/8/8 w - - 0 48	e6e7 a3a2 e7e8q a7f7 e8f7 g6f7 e4e1	1339	000g0h0p1h1j1w
zCnMg	r4rk1/2bbqpp1/2p1p3/p1Nn2P1/3PB2R/p3P3/1PQ2P1P/2KR4 w - - 4 26	e4h7 g8h8 h7g8 h8g8 c2h7	1339	050j0k0y101316191n
zSPhr	3r1k2/5p2/2pRb1p1/1pPN4/1n5q/7P/1Q3PP1/6K1 w - - 7 35	d6d8 h4d8 b2h8	1339	11121315191o1r
0D3Pa	r1b1k2r/pppp1ppp/1qn2n2/2P5/2B1P3/2PPBQ2/P4PPP/RN2K1R1 b Qkq - 0 12	b6b2 f3e2 b2a1	1340	011c1g1o1t
1CCGg	6k1/p1q3pp/1pp2p2/3pN3/3Pn3/2P4Q/P1P2PPP/6K1 w - - 0 22	h3e6 g8f8 e5d7 c7d7 e6d7	1340	0g0p0y10
49Bmu	r1b2r2/pp5k/4p2p/5p2/2Bq4/P6P/1PP3Q1/2K3R1 w - - 0 22	g2g6 h7h8 g6h6	1340	0i1315191o
4LMRn	8/pp6/2pk1P2/8/4R3/4P3/5K2/7r w - - 5 48	f6f7 h1h8 e4e8 h8f8 e8f8	1340	000g0p101m
61X0X	6k1/5pPb/7q/2Q1BP2/2N1P3/2PP4/1PK5/r7 b - - 0 54	h6c1 c2b3 c1d1 b3b4 d1a4	1340	0p101316
7b33z	r4rk1/pbp2p2/1p2p2q/8/3Q4/P2B2P1/1PP2KP1/R6R b - - 2 28	h6d2 f2f1 d2g2 f1e1 g2h1	1340	0g0s1019
8Q7mq	r2q1r1k/1p1b2pB/3np2p/3pN3/p1pP4/P1P4P/1PQ2PPB/4RnK1 w - - 0 29	e5g6 h8h7 g6f8	1340	0g0k0m0s191o
9DpWx	r4rk1/5pp1/p4n1p/1pb1Q3/3n2q1/P1NBB3/1P3PPP/3R1RK1 b - - 0 22	d4f3 g1h1 f3e5	1340	0g191g1o
CUe6X	r6k/1b1R3p/pq3np1/1p3N2/1Q6/P7/BPP4P/2K3R1 b - - 0 27	b6g1 d7d1 g1g5	1340	010t191o
DUXy3	8/8/3B1K2/1p6/1Pb2pkP/8/8/8 b - - 0 51	f4f3 d6c5 g4h4	1340	080g0p1o
DrHrY	r2R4/ppr3pp/6k1/5b2/7B/8/PP4PP/1K3R2 w - - 3 27	f1f5 g6f5 d8a8	1340	010p1o
GA4IX	rq2rk2/p4ppp/2p1pn2/2Npb1B1/8/6P1/PPP1QP1P/R4RK1 w - - 3 18	g5f6 e5f6 c5d7 f8g8 d7b8	1340	010s1019
GKuWE	4r1k1/p1p2p1p/1pP3p1/4r3/6B1/2Pq3Q/P4PRP/5RK1 b - - 2 25	d3f1 g1f1 e5e1	1340	050y1315191n1o
GUCv3	2r3k1/5pp1/Q2p3p/3P4/8/P4N2/5PPP/1qr2RK1 w - - 3 31	a6c8 c1c8 f1b1	1340	0g0p1o
HOCdw	r4rk1/2pq1ppp/1p1p1n2/2p2P2/3QP3/1P5P/PBP2P2/R3K2R w KQ - 0 17	d4f6 g7f6 h1g1 g8h8 b2f6	1340	0w0y101316191a1n
HUbHs	7r/1k1r1R2/1pqpp3/n2pP1Np/P2P2pn/2PQ4/2P3P1/5RK1 w - - 0 23	f7d7 c6d7 f1f7 d7f7 g5f7	1340	0d0g10191g
Hg2WP	6rk/3rR2p/p2P1p2/1qP5/8/8/PB4PP/3b3K w - - 0 34	b2f6 g8g7 e7e8	1340	0p13151g1o
IDHil	8/8/8/2r1pk1p/4R1PP/5K2/8/8 b - - 0 57	h5g4 e4g4 c5c3 f3e2 f5g4	1340	0g0i0p101m
KCcfp	5rk1/pp4pp/1bn1q3/P2p4/1P2n2B/2P2N2/4Q1PP/R4R1K b - - 0 23	e4g3 h4g3 e6e2	1340	010j0y191o
KeHP2	5r2/p4p1k/1q2pBp1/4P1Qb/7P/8/PPB4K/4b3 w - - 0 34	g5h5 h7g8 h5h8	1340	1315191g1o
Kw2Ny	6r1/2p4k/1p1p3p/pP1Pp1rq/P1P1Rp2/5P2/5QPP/6RK b - - 2 35	h5h2 h1h2 g5h5 f2h4 h5h4	1340	050p0y10111213161n
MeaXT	6r1/4k3/2R1p2R/1p1p1p2/1P1P3p/2P1PK1P/6r1/8 b - - 1 35	g8g3 f3f4 g2f2 f4e5 g3e3	1340	0i0p0q1013161m
OsTLs	8/1r2k3/4p2p/1R3p2/1Kp1p3/5P2/P1P3PP/8 b - - 0 35	b7b5 b4b5 e4e3	1340	0g0p1m1o
P9JDl	1r4k1/3Q1pp1/4p1p1/3p4/3q4/2N5/PP1B4/1K3R2 b - - 5 30	d4d3 b1a1 d3f1	1340	010p0s1o
TvxJk	6rk/5p1p/p4p2/2p2P2/2P2P2/1P4rq/P2Q3P/3R2RK b - - 3 35	g3g1 d1g1 h3f3 d2g2 g8g2	1340	0g0p1011
Uex9h	5Q2/6pk/4p2p/2pq2n1/3P4/6P1/1P3P1P/2R3K1 b - - 2 28	g5h3 g1f1 d5h1 f1e2 h1c1	1340	0g0p101p
W29Wu	5r1k/1ppr2p1/pbn1R2B/2q5/2B5/6Q1/PPP3PP/5R1K b - - 0 23	f8f1 c4f1 c5g1	1340	0y1315191o
WPV5p	r2qr1k1/ppn1bppp/8/4P3/1P2BP2/P5PP/4Q3/R1B2RK1 b - - 0 20	d8d4 g1h2 d4a1 c1b2 a1a2	1340	010s1019
WqzRF	6rk/ppp5/7r/1PP5/4p3/1Q2P1P1/P2qBR2/6K1 w - - 5 27	b3g8 h8g8 e2c4	1340	050g0p1n1o
XsEo2	r3k2r/1p3ppp/p3b3/3pq3/1b6/2N5/PP2B1PP/R2Q1R1K w kq - 0 16	d1a4 e8f8 a4b4	1340	0g0s191o
Y2mu2	r1b1qr1k/pp4pp/1bpp1p2/4nP1Q/2B1P3/2N2R2/PPPB2PP/3R3K w - - 1 18	h5h7 h8h7 f3h3 e8h5 h3h5	1340	050y101316191f1n
YdkpU	8/8/R7/8/3nKP2/1pk5/8/8 b - - 0 56	b3b2 a6b6 d4b3	1340	000g0h0p1o
YmCLe	2r2k2/R6R/p4rp1/1p6/1P6/P3p3/5PPP/5K2 b - - 0 34	f6f2 f1e1 c8c1	1340	0p13151m1o
Z26m0	1br2k2/1b4q1/p3p1Q1/1p3p2/1P6/P3P2P/4BPP1/3R2K1 w - - 4 28	g6g7 f8g7 d1d7 g7f6 d7b7	1340	01050r0s1019
ZpOP4	4r1k1/1R3ppp/8/1Qq5/p7/P4P2/1P1R2PP/5K2 b - - 0 30	c5c1 d2d1 c1d1 f1f2 d1e1	1340	0p0s101316
Zw10W	1r5r/Q5p1/1p1Rbknp/2p1pp2/P6q/4B3/1PPR2P1/6K1 w - - 2 32	d6e6 f6e6 a7d7 e6f6 d2d6	1340	05101316191f1n
ahDCk	5R2/5R1p/4p1pk/p2pP1q1/Pp1b4/4r2P/5QPK/8 w - - 0 36	f7h7 h6h7 f2f7 h7h6 f8h8	1340	050p1013161n
an3za	3RN2k/8/7p/8/5q2/2p4P/6P1/7K w - - 0 39	e8f6 h8g7 f6h5 g7g6 h5f4	1340	0g0j0k0p0r0s10
bP4Uk	1rb3k1/4Rr1p/4p1pP/p7/1p6/5B2/1PP2bP1/1K1R4 w - - 0 32	d1d8 f7f8 e7g7 g8h8 d8f8	1340	0i10131619
bPwXU	r2qr1k1/1bp1bppp/p7/np1p4/3N4/P1N1BQ1P/1PP3P1/R4RK1 w - - 2 18	f3f7 g8h8 d4e6	1340	0g0y191o
boKUP	4r3/ppR1Nr2/5kbp/6p1/8/4RP2/P5PP/6K1 w - - 3 30	e7d5 f6g7 e3e8 f7c7 d5c7 g6e8 c7e8	1340	0g0j0p1w
c9CRO	N1bk2nr/pp3pQ1/3p4/2b1p2p/2BnP3/2P5/PP1P1qPP/R1BK2NR b - - 0 10	c8g4 g7g4 h5g4	1340	0g191o
cGEgD	2r5/5p1r/3kpn2/3pN3/3PnpP1/2PB1P1p/PP4P1/R4RK1 b - - 0 29	h3h2 g1h1 e4g3	1340	000y1315191o
cX4Zw	r1bqk2r/pp1nbppp/2p1p3/3n2B1/2BPN3/5Q2/PPP2PPP/2KR2NR w kq - 4 9	e4d6 e7d6 g5d8	1340	0g1c1o
dQ6Ny	r4rk1/pp1n2bp/1q1R2p1/8/1nP5/1PN3P1/PB3PBP/R2Q2K1 b - - 0 16	b6f2 g1h1 f2b2 a1b1 b2c3	1340	010s1019
eKbRk	r3kqnr/1bBp1pb1/p1nPp1p1/4P1Qp/B7/2N2N1P/1PP2PP1/2KR3R b kq - 0 18	g7h6 c1b1 h6g5	1340	01191g1o
eSXpQ	r1bqk2r/p1p1n1pp/2Nb1p2/8/4R3/8/PPP2PPP/RNBQ2K1 b kq - 1 12	d6h2 g1h2 d8d1	1340	0g0j0y1c1o
fvN5n	5r1k/ppp3pp/4Q3/3P2N1/4N1n1/6P1/PPn5/5R1K b - - 0 23	f8f1 h1g2 c2e3 g2h3 f1h1	1340	020r10131619
g5CaJ	r4rk1/ppp2ppp/2n3n1/b3P1NN/3P2q1/2P2QP1/PP4KP/R1B2R2 b - - 10 17	g6h4 g2g1 h4f3	1340	0g191g1o
gPlBp	8/5k2/1RB2P2/p1p1p1p1/3pP2r/3b2K1/8/8 w - - 1 41	c6d5 f7g6 f6f7	1340	000g0j0k0p1o
hDbgz	4k3/6Bp/ppr2P2/3Q3P/8/6P1/P4PK1/2q1q3 w - - 3 42	f6f7 e8e7 f7f8q	1340	000p13151h1o
haA6g	1r2k2r/2p3R1/1q1p2Pp/3P3P/4PR2/pP6/P1Q5/1K6 b k - 0 39	b6g1 c2c1 b8b3 a2b3 a3a2 b1a2 g1c1	1340	00010i0j0p1g1k1n1w
k0Tqy	8/2kb2R1/4p3/3pP1BP/1p1n4/8/1r4P1/6K1 w - - 0 37	h5h6 b2a2 h6h7 a2a8 g7g8	1340	00010p10
ka0Zg	7k/5Qp1/p2p3p/3N1P2/P4b2/KPPR4/5q2/8 b - - 9 36	f4c1 a3b4 f2c5	1340	0p13151o
msbzo	r1bqk1nr/pp4p1/4p2p/5p2/2Pb4/8/PP2NPPP/R1BQKB1R b KQkq - 1 11	d4f2 e1f2 d8d1	1340	040g0i0j1c1o
oAb7g	1r4k1/5pp1/6p1/3R2P1/P1n1p1P1/8/5R1P/6K1 b - - 0 32	b8b1 f2f1 b1f1 g1f1 c4e3 f1f2 e3d5	1340	050g0p0s1w
ofzi7	1q4k1/5ppp/p3p3/1Pr1P2b/7P/1Q4P1/5PB1/1R4K1 b - - 0 28	c5b5 b3b5 a6b5	1340	0g0p1o
p3HLq	r3B3/pp2Q3/1k6/2ppP3/2P4P/6Pb/PP1q4/6K1 w - - 1 29	e7d6 b6a5 d6c5 b7b5 c5b5	1340	0i0p101316
pmqL9	r2qkb1r/3b1ppp/p1pp4/4p3/2B1PPn1/2N4P/PPP3P1/R1BQR1K1 b kq - 0 11	d8b6 g1h1 g4f2 h1h2 f2d1	1340	0g0s101c
prItO	8/4kp2/4p3/8/P4P2/6P1/1PrpKP2/1R6 b - - 1 34	c2c1 e2d2 c1b1	1340	010p1m1o
q8lZf	r2q1rk1/pp1b1ppp/2n2n2/1B1p2B1/3N4/2P2Q2/P1P2PPP/R4RK1 b - - 5 12	c6d4 c3d4 d7b5	1340	010b0j191o
qTaTC	rn2k2r/pp3ppp/2pp1q1n/2b1p1B1/2B1P1b1/2NP1NP1/PPP2PKP/R2Q1R2 b kq - 4 11	g4f3 d1f3 f6g5	1340	010s191o
ri6i5	r2k3r/p1qbn1pp/3b1p2/7Q/4p2N/8/PPPB1PPP/R3K2R w KQ - 0 17	d2a5 d6b4 a5b4	1340	0111191g1o
rjGtw	8/6kp/4R1p1/pb1p4/3P3n/PB3PqP/2Q3P1/6K1 b - - 4 41	h4f3 g1h1 g3h2	1340	0p13151g1o
t1Vip	r7/1R6/4Bpk1/1P2p1p1/4P1P1/2P1K3/2P5/q7 w - - 0 43	e6f5 g6h6 b7h7	1340	0p13151d1o
thipi	5rk1/6pp/1p3q2/p1p5/3r4/P1P4Q/1P3PPP/R1B2RK1 b - - 0 20	f6f2 f1f2 d4d1 f2f1 f8f1	1340	0y101316191n
wjlok	r4rk1/pbq1pp1p/1p3bp1/1N1P4/8/P2P2PP/1PPQ1PB1/R3K2R b KQ - 3 15	c7e5 d2e3 e5b2 e1g1 b2b5	1340	010s1019
wtiCr	3k4/7R/p1pbPp2/1p3P2/4P3/3P4/PP4r1/3K4 w - - 1 50	h7d7 d8e8 d7d6	1340	0g0p0s1o
xAc7W	r2q1rk1/ppp1bpp1/5n1p/3P2B1/2B2Rb1/8/PP1Q2PP/RN4K1 w - - 0 16	g5f6 e7f6 f4g4	1340	010b191o
yC0V6	r2qr1k1/p4ppp/1bQp1n2/8/1P6/P1N1P2P/2P2PP1/R1B2RK1 b - - 0 16	a8c8 c6b5 c8c3	1340	01191o1p
z88aT	5rk1/1b3rpp/p3Q3/4R1B1/1p3n1P/1B6/PP4PK/5q2 w - - 3 25	e6f7 f8f7 e5e8	1340	0d1315191g1n1o
zWvzz	3R4/p4pkp/6p1/4n3/P1qQ4/6P1/5P1P/6K1 b - - 4 34	c4d4 d8d4 e5f3 g1g2 f3d4	1340	050g0p0s10
0xTZN	r4k2/pp4pp/2pbqpB1/3p4/3P3B/2P5/PP3PPP/4R1K1 w - - 0 21	e1e6 h7g6 e6d6 f8e7 h4g3	1341	010h0p10
1AZOY	8/p4R2/1p2p1k1/6N1/2P3NP/P5p1/2r3r1/7K w - - 1 37	g4e5 g6h6 f7h7	1341	0p0u13151o
1DU9r	2k5/p2p2p1/3B4/4N2p/6nP/2PP4/r7/3K2R1 b - - 0 32	a2a1 d1e2 a1g1	1341	0g0p1o1p
2O8gO	2r2r2/p2p1pkp/2n2npN/8/1p2P3/1P4q1/8/RNBQ1R1K w - - 0 22	h6f5 g6f5 f1g1	1341	01191g1n1o
3UJmm	8/4B2p/1p4p1/1k4P1/5P1P/3b1B1K/7R/6r1 b - - 5 67	d3f5 f3g4 f5g4	1341	0p13151a1o
5cBbQ	2rk4/pp1bb3/5p2/4p3/3N1B2/3Q2P1/PP3r2/3K4 w - - 0 26	d4e6 d8e8 d3g6	1341	1315191g1o
68Jad	r5k1/1R3r1p/2bP4/p3p3/8/2R2pPP/PPP2P2/1K6 w - - 2 32	b7f7 g8f7 c3c6	1341	0g0p1o
6HquW	r1b1k2r/1p1p1ppp/p3pn2/q7/1n1PP3/P1Q2N2/1P3PPP/RN2KB1R b KQkq - 1 10	b4c2 e1d1 a5c3 b1c3 c2a1	1341	0g0j101c1g
9mWRM	5R2/3q4/4ppkp/5n2/3p4/2b2Q2/2P2PP1/6K1 w - - 12 44	f3g4 g6h7 g4g8	1341	0p13151o
Bscun	6k1/p1p2p2/2pp1q2/8/2P5/3BR3/Pr3PK1/7R w - - 6 34	e3e8 g8g7 h1h7	1341	0p13151d1o
CyDr4	1k1r1r2/1pp1q1pp/2n2n2/1p6/P2Pp3/4P2P/1PQB1PP1/R4RK1 w - - 0 17	a4b5 c6b4 c2a4	1341	01191o
DWtXh	R3Q3/6pk/5p1p/4p3/6P1/7K/2P2q1P/8 b - - 4 53	f2f3 h3h4 g7g5 h4h5 f3h3	1341	0p101316
G5cwQ	2rB2k1/1b4pp/p3p3/1p1pP3/5P2/bPq3P1/P4QBP/3RR1K1 b - - 0 24	a3c5 d8b6 c5f2	1341	01191g1o
IMCXq	5rk1/pp4pp/2pp4/3N1qR1/4rP2/P2Q4/1P3P1P/R6K b - - 3 24	e4e1 a1e1 f5d3 d5e7 g8h8	1341	010j10111219
KCjwJ	2r3k1/p1B4p/bp1PNnp1/8/P1P5/8/6PP/2R1K3 b - - 2 30	c8e8 e1f2 e8e6	1341	010p1g1o
M2B19	8/8/2p5/2P4P/1p3p2/pk3P2/N2K2P1/8 b - - 1 46	b3a2 h5h6 b4b3 h6h7 b3b2 h7h8q b2b1q h8g8 b1b3	1341	000g0p0t1h1w
M4UqG	6k1/5pp1/7p/8/2p1PQ2/r4PPb/3rR2P/R5K1 b - - 0 29	a3a1 g1f2 a1f1 f2e3 d2d3	1341	0p0q101316
MTQj8	7r/4npp1/p1b1pk1p/6q1/4Q3/P3N2P/5PP1/3R2K1 w - - 5 28	e3g4 g5g4 e4g4	1341	01191o
MfiJG	r1b2rk1/ppq1bppp/2n5/3p4/3N4/8/PPP1QPPP/RNB1R1K1 w - - 4 12	d4c6 b7c6 e2e7 c7e7 e1e7	1341	01101c
MqGwS	1n2r1k1/p1q2ppp/3p4/1Pp1B3/4Q3/8/PP3PPP/R3K2R b KQ - 0 20	e8e5 e4e5 d6e5	1341	01191g1o
N5vDm	5n2/p2r2k1/1p3qp1/3B1pQ1/2P3PN/1P6/P4PK1/8 w - - 1 37	h4f5 f6f5 g4f5	1341	0g0p11121g1o
NqZSM	r2qk1nr/1pp2pb1/p2p2p1/3Pp1B1/1PPnP1p1/2NB1N2/P4PP1/R2Q1RK1 b kq - 1 13	d4f3 d1f3 d8g5	1341	0g0y191o
QPmu4	rn1q3r/pb1p2bQ/1p2pkB1/8/3P2P1/8/PP3P1P/RN3RK1 w - - 1 18	g4g5 f6g5 h7g7	1341	0g0i1c1o
RNXlR	r4r1k/pp4pp/2n5/2p2bq1/2PpBB2/1P1P2P1/P3PPK1/R2Q1R2 b - - 0 23	f5e4 d3e4 f8f4	1341	0g0j191g1o
S3pOC	4r1k1/p1p2ppp/8/NQ2q3/4P3/2P2P1P/PP1r2P1/R6K w - - 1 28	b5e5 e8e5 a5c4	1341	0g0p1o
T3Fhw	8/8/2P5/1p5p/pP1k4/P5K1/4p1P1/8 w - - 0 50	g3f2 d4d3 f2e1	1341	0g0p1e1o
T3cfH	r1bqk2r/pp1n1ppp/3b4/1B1p2B1/3P4/5N2/PP3PPP/R2QK2R b KQkq - 1 11	d8a5 g5d2 a5b5	1341	010s1c1o
UZvvX	3Rr1k1/5p1p/p4Pp1/1pp5/2P2RPq/1P3K2/1P1Q2P1/4r3 b - - 6 32	e1f1 d2f2 f1f2	1341	0p13151o
VYJ0Z	8/7p/6p1/5p2/1rk2K2/7P/6P1/1R6 w - - 0 45	b1b4 c4b4 f4g5 b4c5 g5h6	1341	0g0p101m
VeqR5	1k1r1r2/ppp3pp/2n1R3/8/3p4/Q4N2/PPq2PP1/4R1K1 w - - 0 19	a3f8 d8f8 e6e8 c6d8 e8f8	1341	01051011191g1n
VjreA	1r3rk1/pB3ppp/8/1R2P3/2nP4/7P/P1R3P1/6K1 b - - 4 25	c4a3 b5a5 a3c2	1341	010p0s1o
WJfyN	5rk1/3Q2pp/p3p3/1p2P3/1P1P4/P3P3/1B2q1PP/R5K1 b - - 0 23	e2f2 g1h1 f2f1 a1f1 f8f1	1341	060p0s1013161n
WODCV	r3k2r/pp3pp1/1qpp1n1p/2b1p3/3PP3/1bP2NNP/1P3PP1/R1BQK2R w KQkq - 0 13	d4c5 b3d1 c5b6	1341	01191o
XH0Cz	r4rk1/BR4pp/p2ppb2/8/PP2P3/5P2/R5PP/6K1 b - - 0 23	a8a7 b7a7 f6d4 g1f1 d4a7	1341	01050p0s101n
Y2rMB	8/p7/1p6/4R2P/1Bkp1p2/P5P1/1P3NK1/3q4 b - - 2 37	f4f3 g2h3 d1f1 h3g4 f1f2	1341	0g0p0s10
ZCSmD	8/3n3p/6pk/3B4/2K5/5P1P/3r4/4R3 b - - 0 49	d7b6 c4c3 d2d5	1341	010i0p1o
a1Ob1	r7/5N1R/5kp1/pp1Pb3/4P1P1/3n1P2/7P/6K1 w - - 3 41	g4g5 f6e7 f7e5 e7d6 e5d3	1341	0g0i0j0k0p10
a9TQj	7r/3r4/7k/8/2p1K3/2P2R2/1P4R1/3q4 w - - 0 55	f3h3 d1h5 h3h5 h6h5 g2h2 h5g6 h2h8	1341	01050p0r1j1p1w
aiGgR	6k1/R7/b1pNP3/5KpP/1p1P2P1/8/r7/8 b - - 4 55	a6d3 f5f6 a2a7	1341	0g0j0p1o
aoD3X	5rk1/2p1q1pp/R2p4/1p1P4/2P3Q1/1P1P3P/1P4P1/7K b - - 0 22	f8f1 h1h2 e7e5 g4g3 f1h1 h2h1 e5g3	1341	010i0p1w
bImNe	8/6p1/5p2/1Pk2Np1/8/1K3PPn/3R4/5r2 b - - 13 37	f1f3 b3a4 f3f5	1341	010p0s1o
cjRtb	4r1k1/5ppp/p1Rrq3/1p3b2/8/PP2BQ2/5PPP/4R1K1 w - - 5 27	c6d6 e6d6 f3f5	1341	01191o
dkEzJ	5rk1/2q2p2/5bnp/R2Pp1p1/2p1P3/N4NP1/3Q1P1P/5BK1 b - - 3 28	c4c3 d2e3 c7a5	1341	010v191o
f4ayT	6kr/1q4N1/p2p1pQp/8/6P1/3R4/PPP1p3/2K4R b - - 0 34	b7h1 c1d2 e2e1q	1341	000n0p0t13151h1o
gbaRy	2kr3r/pbpq1p1p/1pnp1bpP/8/4PP2/3PQ1P1/PpP2B2/1K1R1B1R w - - 2 17	f1h3 d7h3 h1h3	1341	01191g1o
h4EwE	rn1bq1k1/p5p1/1pp3P1/3pP3/3P1r2/5N1Q/P4P1K/6R1 w - - 2 37	h3h7 g8f8 h7h8 f8e7 h8g7 f4f7 g6f7	1341	000g0i0y191w
hpaNC	5rk1/4R3/3p2B1/p1q5/1p6/8/P5PP/5R1K w - - 1 36	g6h7 g8h8 f1f8	1341	0i0p13151o
hsUPO	5rk1/1b3pp1/p2N3p/2Q2p2/8/PpPq3P/1P4P1/R4R1K b - - 1 30	d3h3 h1g1 h3g2	1341	0y1315191g1o
iwcNH	8/p6k/1p5p/4Bpp1/8/1P3q1P/P1Q2P1K/3r4 w - - 0 37	c2c7 h7g6 c7g7 g6h5 g7f7 h5h4 e5g3 f3g3 f2g3	1341	0p13181w
jdw5D	2r3k1/pp3ppp/1r3n2/3pN3/3P4/PNP1P3/2K2Q1P/8 b - - 10 26	c8c3 c2c3 f6e4 c3c2 e4f2	1341	050g0p0s101n
kT5mN	rn5k/p4Q1p/bp2p3/4N3/3P4/2P2P2/6q1/2K5 w - - 1 33	f7f8 g2g8 e5f7	1341	0p13151o
kfvwD	2b3k1/2p3pp/2p1P3/2qp4/8/8/P5PP/5Q1K w - - 0 33	f1f7 g8h8 f7e8 c5f8 e8f8	1341	0p0s101316
lZWIZ	5rk1/5ppp/4p3/p3P3/8/Pq3Q2/1r4PP/2R2R1K w - - 6 27	f3f7 f8f7 c1c8 f7f8 f1f8	1341	0p1013161n
lrDi9	2k3nr/pp4b1/2n3pp/qQ6/5BP1/3P3P/PPb1N3/R3K2R w KQ - 1 20	b5a5 c6a5 a1c1	1341	01191g1o
mBSHH	8/5p2/4k3/2p1b1p1/2N1P1Pp/1r1PK2P/8/2R5 b - - 1 37	e5f4 e3e2 f4c1	1341	0g0p1o1p
oFaUp	r7/4b2k/p2q2p1/3PQ1p1/Ppp1P3/2p4P/P3B1P1/5R1K w - - 1 34	f1f7 h7h6 e5g7	1341	0p13151o
qdb5i	6r1/1p1b3k/p3p1p1/3pBr2/6R1/3B3P/PP4PK/8 w - - 23 44	g4h4 f5h5 h4h5	1341	0p13151f1g1o
riqXC	2kr3r/p1qb1ppp/2p1pn2/2B5/p1B1P3/2N2N2/PP3PPP/2KR3R w - - 5 14	c4a6 c8b8 c5d6	1341	0g191g1o
rzkbg	4r1k1/5ppp/p3q3/1pQ5/8/P2P3P/1P3PP1/2KR4 b - - 0 23	e8c8 c5c8 e6c8	1341	010p1g1o
sHbxl	r7/1p4k1/p4p1p/3b4/1P3QP1/P6P/1B3P1K/3q4 w - - 0 31	f4f6 g7g8 f6g7	1341	0p13151o
supfq	rnb1k2r/ppp2ppp/2q2n2/8/3Q4/2N5/PPP2PPP/R3KBNR w KQkq - 1 9	f1b5 e8g8 b5c6	1341	0g1c1g1o
tYuQM	r3r1k1/2q4p/1pbpP1pQ/1pn2pN1/8/8/B4PPP/5RK1 w - - 0 30	e6e7 a8a2 h6h7	1341	000j0k0y1315191n1o
tqaf1	rn1qkb1r/p1pp3p/1p2Pnp1/4Q3/2B5/2NP4/PPP2P1P/R1B1K1Nb w Qkq - 2 9	e6d7 e8d7 e5e6	1341	00050k0m0n13151c1o
uEbxL	8/Q2br3/p1k1p1B1/1p1p4/2nP4/2b5/P4PPP/6K1 w - - 0 43	a7c5 c6b7 c5e7	1341	0g0p0s1g1o
wRF3k	3r1k2/6pB/3b1nP1/1p1p4/1PnP4/2P5/5R1P/r1B1R1K1 w - - 1 32	f2f6 g7f6 c1h6	1341	1315191n1o
xRgna	r4rk1/6b1/p2p1np1/3qpp2/1P6/2P2Q1P/2B2BP1/R4RK1 w - - 0 29	f3d5 f6d5 c2b3 g8h7 b3d5	1341	0g10191g
xSnBz	5rk1/5r1n/4pqN1/3p3p/1p1P1P1P/pP2P1Q1/P7/1K4R1 w - - 2 34	g6e7 g8h8 g3g8 f8g8 g1g8	1341	0k0m0r0y101316191n
yesBT	5rk1/Bp3ppp/2r5/n7/4P3/5QPq/PP6/3R1RK1 w - - 1 25	f3f7 f8f7 d1d8 f7f8 f1f8	1341	101316191n
04DEv	r4rk1/1p2bpp1/3p3p/p1pPp3/3nPPq1/PP1P2PP/4N1K1/R1BQ1R2 b - - 0 18	g4e2 d1e2 d4e2	1342	01191o
0Q91p	2k5/pp1b1r2/2p1p3/3p2Q1/3q4/8/P1R2RPP/6K1 b - - 2 30	d4d1 f2f1 f7f1	1342	0p13151o
1GvLP	1r2rk2/6p1/3p3p/p2Qb2q/8/P3BN2/1P3PP1/R3R1K1 b - - 1 28	e5h2 f3h2 h5d5	1342	010j191o
1S7El	1n3r1k/4r1pp/p4q2/2R5/3N2Q1/8/P4PPP/5RK1 b - - 0 23	f6f2 f1f2 e7e1 f2f1 e1f1	1342	101316191n
1jaNb	1r1qkb1r/1Qpbpppp/2n2n2/1N1p4/3P1B2/2P1P3/PP3PPP/R3K1NR w KQk - 5 11	b5c7 d8c7 b7c7	1342	0g1c1o
1t4yE	1k6/1p6/pQ6/8/1N2P3/4K1Pp/PP5P/3q4 b - - 6 36	d1g1 e3f3 g1b6	1342	0g0p1o1p
2NZzf	3R4/2r5/8/6PP/R1bbp3/3k4/7K/8 w - - 2 68	a4a3 d3e2 d8d4	1342	0g0i0p1o
2bfy2	8/8/8/6pp/3p2k1/3B1R2/6K1/2r5 w - - 3 53	d3f5 g4h4 f3h3	1342	0p13151d1o
2jwkw	5k2/1b3p2/4p3/2p3Q1/2P2B2/2P4P/1P4PK/r4q2 w - - 6 32	f4d6 f8e8 g5e7	1342	0p13151o
3e6Uy	2r3k1/p5pp/5pb1/2pq4/4rNQ1/1P4P1/P6P/5R1K w - - 0 32	g4c8 e4e8 f4d5 e8c8 d5e7 g8f7 e7c8	1342	0g0s0t0w191w
3wbx8	5k2/1p3ppp/nq1b4/8/1p1PpP2/4N2P/PP2bRP1/2R3K1 w - - 0 20	c1c8 f8e7 e3d5 e7e6 d5b6	1342	0g0s101119
41ibz	8/1b5p/3kpQ2/6N1/B7/P2P2PK/1r3P2/4r3 b - - 0 36	e1h1 h3g4 h7h5 g4f4 b2f2 g5f3 f2f3	1342	0g0p0v1w
6Hlyl	8/p1p1kp1p/6p1/8/2P5/1PbrB3/PR2KPPP/8 b - - 0 30	d3e3 e2e3 c3b2	1342	010p0w1o
94vuK	2r3k1/1b3p1p/p5p1/7q/3Q3P/P4r2/1P2B1P1/1R1R3K b - - 1 33	f3h3 h1g1 h5e2	1342	0g0j191g1o
BYK8Z	5rk1/pb4pp/1p6/1P1pq3/3p4/P2B4/3Q2PP/5RK1 w - - 5 24	d3h7 g8h7 f1f8	1342	0g0i0p1o
BbaZ8	1nkr4/1ppN3p/4p1p1/4q3/8/Q7/PP1p1PPP/R1BR2K1 b - - 0 24	e5e1 d1e1 d2e1q	1342	000y1315191h1o
Bh4xK	5k2/5ppp/p3r3/8/PP6/2K5/4R3/8 w - - 1 39	e2e6 f7e6 b4b5 a6a5 b5b6	1342	0g0p101m
C3xeA	r1b1k2r/pp2bppp/1qn2n2/1Bpp2N1/5P2/8/PPPPQ1PP/RNB1R1K1 b kq - 5 10	c5c4 g1h1 b6b5	1342	0g0j0k0v1c1o
En1jV	r1b1k2r/pp2qp1p/1n4p1/4n3/PPp1Q3/8/BP2NPPP/RNB1K2R b KQkq - 0 15	e5d3 e4d3 c4d3	1342	0g1c1o
FNEJj	1R4nk/6p1/6Bp/4pP2/3pP3/q5rP/4Q2K/8 w - - 5 37	b8g8 h8g8 e2c4 g8h8 c4c8 a3f8 c8f8	1342	050p13171n1w
GgkaH	8/pp1R2pk/2p1N1pp/8/6Q1/P6P/1P4PK/1q2r3 b - - 5 31	e1h1 h2g3 b1e1 g3f4 h1f1	1342	0g0p10
HKPPH	r2r2k1/pp2bppp/2n5/2pNN2n/2P5/7P/PP3PP1/R1B1K2R w KQ - 2 15	e5c6 b7c6 d5e7	1342	0b0g191o
HMSxo	r3kb1r/pppb1ppp/4p3/8/Q2P2q1/3PBN2/PP3PPP/R3K2R w KQkq - 3 12	a4d7 e8d7 f3e5 d7e8 e5g4	1342	01050s10191n
KlxE8	4r3/p4kp1/b1p4p/1p1n4/3P2B1/P6P/1P3PPK/4R3 w - - 1 33	g4h5 g7g6 h5g6 f7g6 e1e8	1342	010i0p10
KoalZ	7r/2p2qk1/p2pRn2/1p1P3r/8/4QP2/PPB3P1/1R4K1 b - - 0 31	h5h1 g1f2 f6g4 f2e2 g4e3	1342	0g10191g
LO5kw	4r1k1/pp3bpp/2p4r/5P1P/2PPQ1Pq/BP6/P2N2K1/4R3 w - - 1 30	e4e8 f7e8 e1e8 g8f7 e8f8	1342	0y101316191d
M0TJ4	3Q2k1/p5p1/3Rp1qp/8/7r/1P4n1/P4P2/5RK1 b - - 1 31	g8h7 d8h4 g3f5 h4g3 f5g3 f2g3 g6g3	1342	0g0h0j0k0p0s1n1w
NRney	4Rr1r/p2k1P2/2p5/3p4/bP1P2P1/P3R3/3B1K2/7q w - - 2 45	e3e7 d7d6 d2f4	1342	1315191o
PPBQp	2r3k1/R5p1/2b1pn2/3p2N1/3P1P2/R4KP1/6N1/7r b - - 3 41	h1f1 f3e2 c6b5 e2d2 f1f2	1342	011019
PijEW	5rk1/R1p1nppp/8/4p3/4P3/3P1Q2/Prq3PP/5R1K w - - 1 19	f3f7 f8f7 a7a8 b2b8 a8b8 e7c8 b8c8 f7f8 f1f8	1342	1318191n1w
RAc3r	6k1/8/1p5p/p5p1/3p1b2/P6P/1PP2P1B/6K1 w - - 0 33	h2f4 g5f4 g1g2 g8f7 g2f3	1342	080g0p10
RoUYt	6k1/1B3p1p/2bP2p1/2r5/p3P3/P4N2/1b3PPP/4R1K1 b - - 2 27	c6b7 d6d7 b2f6	1342	010h0p0t1o
TSMM7	4r3/7k/1p4p1/2p1q2n/8/3Q1KR1/P1P2P2/8 w - - 0 33	d3g6 h7h8 g6h6	1342	0p13151o
UOwuq	2k3r1/pp3p2/4p2p/2p2P2/2N2Prq/1P1P4/P1Q3PP/2R3RK b - - 0 24	h4h2 h1h2 g4h4	1342	050y1315191n1o
WpwMo	5r1k/p5pp/2p5/2p1R1K1/4QBP1/6P1/P1q5/8 b - - 5 33	h7h6 g5g6 f8f6 g6h5 c2h2	1342	0p101316
X2VeU	2kr1b1r/ppp1nppp/4p3/8/8/4BB2/PP3PPP/2RR2K1 w - - 4 18	f3b7 c8b7 d1d8	1342	010i191k1o
Ys8t8	r5kB/2q4p/p2b2p1/1pp5/3Q4/2P5/1P3PP1/4RK2 w - - 0 30	d4d5 g8h8 d5a8	1342	0g0p0s1o
ZJVnR	8/2R5/5ppk/7p/3q3P/Q5P1/1r3PB1/6K1 b - - 0 36	d4f2 g1h2 f2g2	1342	0p13151o
arW0C	8/R3n3/4k3/p3r3/P4KP1/8/8/8 w - - 3 57	a7e7 e6e7 f4e5	1342	0g0i0p1o
bl1Dw	r3bb2/1p2kNp1/1q2p3/3pnn1Q/1P1p4/P7/5P2/RNB2RK1 w - - 0 19	c1g5 e7d7 f7e5	1342	0g0w191o
cRc3W	r4rk1/4qp2/p4R1Q/4n3/8/1p3P2/1pP3PP/1K5R w - - 0 23	h6g5 e5g6 f6g6 f7g6 g5e7	1342	011019
cyyg6	8/8/8/3p1k2/1P2b3/2P1Kp2/3R1N1P/1r6 b - - 4 55	b1e1 e3d4 e1e2 d2d1 e2f2	1342	0g0p0v10
e2hgf	4r3/pp3k1p/1n6/8/8/P4BPb/1P3P1P/2R3K1 w - - 3 27	f3h5 f7f8 h5e8	1342	010p1o1p
ecTC9	8/pPr1knQ1/2n3p1/q2p1p2/4p3/PB1b3P/5PP1/2R3K1 w - - 1 35	c1c6 c7c6 b7b8q	1342	000g191h1o
fE9By	r2qkbnr/pp3ppp/2n1p3/1B2P2P/3ppNP1/8/PPP5/RNBQK2R b KQkq - 1 11	d8a5 c2c3 a5b5	1342	010s1c1o
fQYcj	r4k2/pp3pbR/4rN2/4N1P1/3p4/3K4/PPP5/8 w - - 4 29	e5d7 f8e7 h7g7	1342	010i0p1o
ffm8B	8/2r4R/3k4/p3pK2/1p3p2/1P6/P5P1/8 w - - 0 41	h7c7 d6c7 f5e5	1342	0g0p1m1o
g35oW	2b3k1/1p4B1/8/3P4/1Q2P3/2N3pp/6P1/2q2RK1 b - - 2 36	h3h2 g1h1 c1f1	1342	000i0p13151o
gvvvV	6k1/6p1/4N1p1/3P4/1pP2pP1/5QnP/2B1R1K1/2q5 b - - 3 44	c1h1 g2f2 h1f1	1342	0p13151o
hTLBK	6rk/2q2ppp/r3bR2/p2pP1B1/3p3R/1P4Q1/P1p3PP/6K1 w - - 0 27	h4h7 h8h7 g3h4	1342	050y1315191n1o
hemRs	8/pB3ppk/4b2p/2Q5/P6P/5RP1/2qr1P1K/8 w - - 8 30	c5c2 d2c2 b7e4 h7g8 e4c2	1342	050g0p0s1011
hrNVr	k6r/1p3p2/p1pqp1p1/4R1Qn/3P1P2/1BP3P1/PP6/2K5 b - - 1 30	f7f6 g5g6 f6e5	1342	010p0s1o
jahPM	6rk/6pp/p3Q3/1p1n1R2/8/P6P/2rq1PP1/4R1K1 w - - 1 31	e6g8 h8g8 e1e8	1342	051315191n1o
liKc9	2kr1b1r/1pp1qpp1/p1n4p/4P3/4QP2/1PP1P2P/P3B1PB/2K1R2R b - - 0 20	e7a3 c1b1 d8d2 e4c2 d2c2	1342	0g10191k
mk40r	7r/pp3p2/2pk4/3b1BP1/5P1p/1PP1RP2/P2n3K/6N1 b - - 2 31	d2f1 h2h3 f1e3	1342	0g0p0s1o
oqAz0	2r3k1/5pbp/p3p1p1/1p1rP3/2q5/P1P2N1P/1P2QPP1/3RR1K1 b - - 2 32	c4e2 e1e2 d5d1	1342	0b0g0y191o
pCY0b	r5k1/pp4p1/2n1b2b/q1p1prN1/3pN1Q1/PP1P4/1BP1KP2/R4B1R b - - 0 20	f5f2 e4f2 e6g4 f2g4 h6g5	1342	010j1019
pQUIE	6k1/ppb2pp1/7p/4n2P/6Q1/5N2/P1q2PP1/5BK1 w - - 1 30	g4c8 g8h7 f3e5	1342	0g0p1o
paUqy	8/5p2/1p3p2/1kp5/3p1KP1/3P1PP1/R1P3r1/8 w - - 5 41	c2c4 d4c3 a2g2	1342	0g0j0p1m1o
qLTJx	8/6pk/R4pqp/1pp2Q2/4p3/8/Pr4PP/5RK1 b - - 1 30	b2g2 g1h1 g2g1 f1g1 g6f5	1342	0g0i0p10
rHcuS	8/1r3k2/4r3/7R/4P3/4BpK1/6P1/8 w - - 0 47	h5h7 f7e8 h7b7	1342	0g0p11121o1p
rXYW9	2r5/pp3pk1/1q2b1pp/3pN3/3P1P2/P5QP/1P4P1/5RK1 w - - 1 26	f4f5 e6f5 f1f5	1342	010p1g1o
rswQY	3Bb2r/1R6/4pp2/2Rp4/3P4/k3nP2/5Kp1/7q w - - 2 40	c5a5 e8a4 d8e7 a3a2 a5a4	1342	0i10131619
six1Y	2q5/5p1k/4pKp1/1p5p/3QP3/1P3PP1/3N3P/2n5 b - - 13 47	c8h8 f6e7 h8d4	1342	0g0p111o1p
v440P	r1br1bk1/pp5p/2p2p2/2n1p1pP/4p3/2R1PPB1/q2N2P1/3QKB1R w K - 0 21	f1c4 a2c4 c3c4	1342	010s1c1o
vCwaP	3R4/5k2/6p1/1p2Pp2/4pP2/P3q3/K7/7R w - - 2 39	h1h7 f7e6 d8d6	1342	0p13151j1o
wO9BD	4r1k1/6p1/p5qp/1pp1R3/4Q3/P3P2P/1r4PK/8 w - - 0 29	e5e8 g8h7 e8h8 h7h8 e4g6	1342	010i0p10
xZUyq	2r5/3Rppk1/1q2n1pp/1p6/1P6/2r2QBP/5PP1/5RK1 w - - 0 31	g3e5 g7f8 e5c3	1342	0g0s191o
zYzH9	6k1/1p3qpp/2p1b3/1P1pNp2/3P2n1/4P1P1/2Q1BPP1/1R5K b - - 0 27	f7h5 h1g1 h5h2 g1f1 h2h1	1342	0y10131619
zfc9Z	rn3r2/2q2pkp/4pnp1/pbNpN3/3P4/4P2P/2Q2PP1/RR4K1 w - - 0 23	c5e6 f7e6 c2c7	1342	0g0j191o
0TJ2j	6k1/2p2qp1/2Pp3p/r7/6P1/2Q4P/1B6/1K1R4 b - - 1 38	f7a2 b1c1 a5c5 c3c5 d6c5	1343	010p101g
0fITN	4r2k/ppq1P2r/2b4Q/3p1p2/8/8/4R1PP/4R2K w - - 5 39	h6f8 e8f8 e7f8q	1343	001315191h1o
0vnyH	4r1k1/pp1n1p2/1q3n1p/3p2p1/3P4/1P4PP/P2NBQP1/R5K1 b - - 0 21	e8e2 f2e2 b6d4 g1h2 d4a1	1343	0g0i0s1019
1XFy5	r7/p1p4k/1p1qp2P/4NrpQ/3P4/1PP2p2/P7/2K4R w - - 0 31	h5g6 h7h8 g6g7	1343	0p13151o
1jKEd	r4rk1/pp3pp1/2p4p/8/4P3/1B2QPqn/PPP5/R3N1RK b - - 4 23	h3f2 e3f2 g3f2	1343	0g0y191o
2PgHL	5r1k/pp4rp/3p4/3B4/3b4/P4R1Q/2P1q1PP/5R1K b - - 2 26	e2f1 f3f1 f8f1	1343	111315191o1y
2m79N	5Q2/2b4p/p4Pk1/1p2p1r1/3pR3/1P4q1/8/5R1K w - - 3 39	f8g7 g6h5 g7h7	1343	0i0p0s13151o
2q2H8	5Q2/ppp3r1/7k/4P3/8/P2Bn1qb/1P4P1/R5K1 w - - 8 31	f8h8 h6g5 h8g7	1343	0g0i0v191o
3gecw	r2qkbnr/ppp2ppp/2n5/4p3/2B5/4PQ1P/PPPP2P1/RNB1K2R b KQkq - 2 7	d8h4 f3f2 h4c4	1343	010s1c1o
49Sw7	8/2p1k1p1/2p5/3n3Q/5P1P/2b1q1P1/2R4K/8 w - - 5 35	c2e2 e3e2 h5e2	1343	010p111g1o
4Nfeo	4k2r/2b1npp1/8/1pN5/1P2P2p/r4BP1/5PKP/1R1R4 b k - 0 26	h4h3 g2f1 a3f3	1343	010i191o
4ZLlq	5k2/1p4p1/p2p1pp1/6P1/2P4P/1P2R1K1/5PN1/6q1 w - - 0 37	e3e1 g1e1 g2e1	1343	0g0p1o1t
4xxu2	5k1N/ppp3pp/5n1b/8/6r1/3P3K/PP2R3/5R2 w - - 2 28	f1f6 g7f6 h3g4	1343	010p1o
586ra	6R1/1p3p2/p4N1k/2P1P1pp/PP6/4Q2n/4R2q/5K2 b - - 1 32	h2h1 e3g1 h1g1	1343	0p13151o
5ZsYU	1k6/p2r1Q2/Bp1r1b1p/6p1/2PPR3/P4P2/KP4P1/3q4 w - - 6 38	e4e8 f6d8 e8d8 d7d8 f7b7	1343	101316191k1n
6N4T7	2r3k1/7p/1r2p1p1/p1pq4/Rb3R2/4P1PB/Q4PKP/8 w - - 4 32	a2d5 e6d5 h3c8	1343	01191o
6itTQ	7k/1R4rn/p6p/8/2pP2PP/2q5/2B2B2/4R1K1 w - - 0 41	e1e8 h7f8 e8f8 g7g8 b7h7	1343	0r101316191d1g
6pMxe	4rnk1/1b1n1p1p/4p2Q/2p1P1Np/1p1q1P2/3B3P/2P3P1/4R2K w - - 0 25	d3h7 f8h7 h6h7 g8f8 h7f7	1343	0y10131619
7P3fH	2r2qk1/1p1b2pp/p4n2/6b1/2PNN3/1P1nP1P1/P2Q2BP/1R1R3K b - - 0 24	f6e4 g2e4 d3f2 d2f2 f8f2	1343	010s1019
7WjyF	6rk/2q1p3/4bp2/3Pn3/Np5B/1P1B2QP/P5PK/8 w - - 3 31	h4f6 e7f6 g3h4 h8g7 h4h7 g7f8 h7c7	1343	0d0g0r11191n1p1w
7mWwa	8/8/R4K2/5P1P/4k3/8/pr6/8 b - - 0 65	b2b6 a6b6 a2a1q	1343	000g0i0p1h1m1o
88y8Q	rnb1kb1r/ppq1pppp/2p5/3pP3/1PP5/3BBP2/P5PP/RN1QK1NR b KQkq - 0 10	c7e5 e1f2 e5a1	1343	010s1c1g1o1t
8B7hW	3q1rk1/5pbp/p2pp1p1/2pP1P2/P1P2P2/1r2B2P/4BQ2/2R2RK1 b - - 1 24	b3e3 f2e3 g7d4 e3d4 c5d4	1343	0110191g1n
9BWWL	2rr2k1/p4ppp/bp2pn2/1Nn5/1RP5/P3PP2/4BKPP/B2R4 b - - 10 22	d8d1 e2d1 c5d3 f2e2 d3b4	1343	0g0s1019
Abvz2	r1bq1rk1/1pp2pbp/3p1np1/pP1Pp3/P1B5/B1PQ1N2/3P1PPP/RN2K2R b KQ - 0 13	e5e4 d3f1 e4f3	1343	010s191o
CTOl3	8/3R2bk/p1Q3p1/6qp/8/2P5/PP2r1PP/1R4K1 b - - 1 33	g5e3 g1h1 e2e1 b1e1 e3e1	1343	060p101316
DVKQQ	6k1/5pp1/1q5p/1rp5/8/Q2P1P2/nP2N1PP/1R3K2 b - - 6 31	b5a5 a3a5 b6a5	1343	010p1o1t
DY8Ye	r3k2r/ppp3pp/2nbp3/3p1qB1/3Pb3/2P2NNP/PP2BKP1/R2Q3R b kq - 8 13	d6g3 f2g3 e4f3 e2f3 f5g5	1343	010b1019
DdE79	r5k1/5p1p/1qbp1b2/4pNp1/2PnP1P1/ppQP3P/1P1N1PR1/R3K3 b Q - 7 40	d4c2 e1e2 c2a1	1343	0g0s191o
Dea9i	r1bq2k1/pp3r1p/3p1p1Q/2nNp2p/2BpP2N/8/PPP2PP1/R3K3 w Q - 4 16	d5f6 d8f6 h6f6	1343	0g0y191g1o
ECzy4	2Q2bk1/3P1p2/5P1p/2p2q2/8/6K1/p6P/8 w - - 0 45	c8f8 g8f8 d7d8q	1343	00050p13151h1o
FB3aY	2rk4/1p1N2R1/4Qn1p/1p1P4/1P2np2/8/1P3P1P/1K6 b - - 0 30	e4d2 b1a1 c8a8 e6a6 a8a6	1343	0p101316
FHzGO	R1r3k1/5ppp/5r2/3Q4/1p2P2P/2q2P2/4K3/5R2 w - - 0 35	d5d8 c8d8 a8d8	1343	060p13151n1o1y
HK2QJ	3r2k1/8/8/R7/8/5K2/Pr2R2P/8 b - - 1 41	d8f8 f3g3 b2e2	1343	010i0p1m1o
HYFWm	r4r2/pp3ppk/6bq/2pR4/2P1n1Q1/1P2P1P1/PB4BP/5RK1 b - - 6 20	h6e3 g1h1 e4f2 f1f2 e3f2	1343	0g0s1019
HiPvc	2k5/3q4/7R/p2P2p1/2P2p2/5P2/1K5P/3R4 b - - 0 34	d7g7 b2a2 g7h6	1343	0g0p0s1j1o
IEfZP	r2qk2r/1bppn2p/p1nb2p1/1p2p1NQ/4p3/1BP4P/PP1P1PP1/RNB2RK1 w kq - 0 11	b3f7 e8f8 h5h6	1343	13151c1o
LaLlA	4N1k1/3Pbp2/6pp/1p6/1n6/7P/5PPB/6K1 w - - 1 39	h2d6 b4c6 d6e7	1343	0g0p1o
MKzPv	r1b4r/p1p2kpp/2nb1n2/1B1qp3/8/8/PPPPQPPP/RNB1K2R w KQ - 0 9	b5c4 c6d4 c4d5	1343	01191g1o
NWlh8	6k1/5pp1/2b4q/p2p2N1/1p1P1Q1P/2N1r3/PP6/K7 w - - 0 34	f4f7 g8h8 f7f8	1343	0p13151o
O2sAX	1R3q2/Q5bk/3P2pp/2p1p3/2B1n3/8/6PP/6K1 b - - 1 32	f8f2 g1h1 f2e1 c4f1 e1f1	1343	0p101316
O5eR0	r4qrk/5p1p/p3bPpQ/1p1p2P1/4pR2/1Bn5/P5PP/R1B4K w - - 2 25	h6h7 h8h7 f4h4 f8h6 h4h6	1343	050y101316191n
Oc90J	4R3/p3R2p/1p4k1/2p2pp1/2Pb4/1P4PK/P6P/3r4 b - - 9 32	g5g4 h3g2 d1g1	1343	0p13151d1o
OiVi3	r1bqrb1k/pp3Qp1/4pp1B/3pN3/1P6/2P5/5PPP/5RK1 w - - 4 24	e5g6 h8h7 g6f8 e8f8 f7g7	1343	0y101316191g
Q8iTE	r1b3r1/ppppQpk1/2n4p/8/2B1P3/2N5/PPP2qPP/2KR1R2 b - - 3 17	f2e3 c1b1 c6e7	1343	0g191o
QULPp	2r5/1b3p1k/pp1p1Pp1/8/4n1Pp/r2BPN1P/2P5/2KR1R2 w - - 0 30	d3e4 b7e4 f3g5 h7g8 g5e4	1343	010s1019
RXIWp	r1b1k2r/p1p2ppp/2nb1n2/1B2p3/4q3/8/PPPPQP1P/RNB1KR2 w Qkq - 0 10	e2e4 f6e4 b5c6	1343	0b0g1c1g1o
Rkcgp	4r1k1/2p3pp/1p3pb1/p3p3/1P6/Pq1r2P1/1Q3PBP/2R2RK1 w - - 2 24	b2b3 d3b3 g2d5 g6f7 d5b3	1343	01050s1019
RrcVo	rn1q1rk1/p1p1bp2/1p2p1pQ/4pb2/3P4/1PP5/P4P2/RNB1K1R1 w Q - 0 19	g1h1 e7h4 h1h4 d8h4 h6h4	1343	01101c1l
SnIyh	8/6rp/2bk1p2/2p4N/2PpP1PK/1P1R1P2/3R4/r7 b - - 4 37	a1h1 h4g3 h1h5	1343	010i0p1g1o
UdGdL	1r2r1k1/2q4p/p4QpB/1b2Rp2/8/8/PP5P/4R1K1 w - - 4 32	e5e8 b8e8 e1e8 b5e8 f6f8	1343	10131619
UmaA5	rnb2rk1/ppp3pp/8/3P4/4P2q/2B5/PP1Q1P1P/R3KB1R b KQ - 2 13	h4e4 d2e3 e4h1	1343	010s191o
VOClc	6rk/1p3p1p/p4PpQ/2p1p1P1/4q3/P5R1/2Pr3P/5RK1 w - - 18 31	h6h7 h8h7 g3h3 e4h4 h3h4	1343	050p0y1013161n
VeBOf	8/6r1/p2p2P1/2pRbk2/6RP/2P2K2/Pr3B2/8 b - - 0 44	b2f2 f3f2 f5g4	1343	0g0i0p1o
VyukF	r2q1rk1/4ppbp/p2p1np1/8/1p1BbP2/3B3P/PPPQN1P1/2KRR3 w - - 0 15	d4f6 g7f6 d3e4	1343	010b0w191o
WG0t0	8/1pb1R3/p1k2Bp1/5pPp/8/P1P3r1/1PK5/8 w - - 6 41	e7c7 c6c7 f6e5 c7c6 e5g3	1343	01050p0r0s101n
Y4q5e	5k2/4n1rp/1p1q4/2p1bp1Q/p1Pp1p2/P2P4/1P2RP1P/4R2K w - - 4 31	e2e5 d6c6 f2f3	1343	0g0h191o
YGAiM	6rk/2Q3pp/8/5R1P/pqP5/8/5PP1/6K1 b - - 0 31	b4b1 g1h2 b1f5	1343	0g0p0s111o
YtpU6	rnbqk1nr/p5pp/3bpp2/1p1pN3/2pP1B2/P1P1P3/1P3PPP/RN1QKB1R w KQkq - 0 8	d1h5 g7g6 e5g6 h7g6 h5h8	1343	0g101c1g1t
Z3kQX	2rr2k1/p5pp/2p2p2/1p4q1/3P4/5Q2/PPn2PPP/R3RBK1 w - - 1 23	f3b3 g8h8 b3c2	1343	0g0s191o
aVVRJ	r4r2/1p1b1p1k/p1p3p1/5Pqp/3pP3/P2Pb2Q/BP2N1PP/R4R1K w - - 2 25	f5g6 f7g6 h3d7	1343	0g0j191o
atlcG	1r4k1/3b2pp/1q1Pp2P/4Qp2/p4P2/Pr6/1P3PP1/KR3B1R b - - 0 26	b3a3 b2a3 b6b1	1343	0j1315191o
beDjc	8/3R1p2/6k1/6pN/6K1/5P1P/r7/8 b - - 2 55	a2g2 h5g3 f7f5	1343	0p13151o
dq4A5	7r/1p3ppp/r3p1b1/1Nk5/P2RP3/5P2/1P4PP/6K1 w - - 0 28	b2b4 c5c6 d4d6	1343	0p0u13151o
ecLB4	r5rk/p5p1/1p1R2Qp/5N2/4b3/P6P/1qP3P1/5RK1 w - - 0 31	g6h6 g7h6 d6h6	1343	1315191n1o
fJ8wo	3q3k/6p1/7r/3p4/8/4Pr2/P1Q2P1P/R5RK b - - 6 23	h6h2 h1h2 d8h4 h2g2 h4h3	1343	050p1013161n1u
gl2PC	8/p7/1p6/2p1q1k1/2p5/8/PP3R2/5R1K w - - 6 48	f1g1 g5h4 f2h2	1343	0g0p1j1o
i4jzb	6k1/2R5/8/4BK2/6P1/1p1P4/2r5/8 b - - 0 53	c2c7 e5c7 b3b2	1343	000g0p1o
jVkZ2	6Q1/5r1q/1p5k/p1p3Rn/P2p3P/8/1P2P3/K7 w - - 12 47	g5h5 h6h5 g8g5	1343	050p13151n1o
m2vwG	7r/2k2ppp/2p1p3/8/8/2n3P1/P1rB1P1P/1R1R2K1 w - - 0 21	d2f4 e6e5 f4e5 c7c8 b1b8	1343	0p1013161d
nUoww	r5k1/p1R2ppp/2b1pq2/2p5/8/2P2N2/PP2QPPP/2K5 b - - 3 18	f6f4 e2e3 f4c7	1343	0g0p0s1o
p9QPh	r3kb1r/3bpppp/p2p4/qp2P3/1n2N3/P4N2/1PPQ1PPP/R1B1KB1R b KQkq - 0 12	b4c2 e1d1 a5d2 e4d2 c2a1	1343	010j101c1g
pwUe2	4rk2/2Q3pp/1p6/5p2/7P/P2K4/5R2/4q3 w - - 0 43	f2f5 f8g8 c7f7 g8h8 f7f8 e8f8 f5f8	1343	060p13171n1w
qZjFz	Qr5r/1P1kp3/1Qpp1p2/8/3P4/4P1P1/3N1PPp/1R1q1b1K b - - 1 36	f1g2 h1g2 h2h1q	1343	00050k0m0y1315191h1o
s7p92	4rr2/pp3pk1/2p3p1/3bN1qp/3P1R2/5P2/PP1Q4/R4K2 w - - 0 28	f4f7 g7h6 f7h7 h6h7 d2g5	1343	010i1019
sW1p4	2r4k/p7/1p2P2p/2q1P3/5Q2/3p4/PP5P/3K1R2 b - - 0 38	c5c2 d1e1 c2e2	1343	0p13151o
tQY8e	1r6/3np1k1/p2p2p1/2pP2Qn/1p2P2P/3q4/1P1N1r2/3K2RR w - - 0 25	g5g6 g7h8 g6h5	1343	0s1315191o
uWQSQ	4r3/6kp/p4p2/6pR/PP1B2n1/8/1K6/8 w - - 1 35	h5g5 g7h6 g5g4	1343	010p1g1o
ulklS	r3r1k1/2q5/p1p2npp/1p1p4/3P4/2P2P2/PPQ1R1PP/4R1K1 w - - 0 27	c2g6 c7g7 e2e8 a8e8 e1e8 f6e8 g6e8	1343	0g0r0s191w
v9Tl3	5r1k/2q3p1/3bR2p/pp1p4/3P2P1/P1P5/1P1BQ2P/6K1 b - - 0 29	d6h2 e2h2 f8f1 g1f1 c7h2	1343	010i0p101n
wGuha	r1bqr1k1/pp3p1p/2p2pn1/2bP4/2BN4/2N4P/PPP2PP1/R2QR1K1 b - - 0 14	e8e1 d1e1 c5d4	1343	010y1c1o
wcSm7	r2qr2k/ppp3p1/2np3p/7Q/7b/1P6/PB3PPP/R2R2K1 w - - 0 21	h5h6 h8g8 h6g7	1343	0y1315191g1o
wvoWg	2r2rk1/p4ppp/4p3/1Np5/Qn3q2/3P2P1/PPPR3P/2K4R b - - 0 19	b4d3 c2d3 f4a4	1343	0g0j191g1k1o
wz7w2	2r1r1k1/1p3pbp/p3p1p1/3q4/PP1P1P2/2PQ2BP/4R1P1/4R1K1 b - - 2 27	c8c3 d3c3 g7d4 c3d4 d5d4	1343	010s10191n
xCC0s	3r1rk1/1p2q1pp/2ppb2n/Q3pp2/1PP2P2/P2PP1PP/6B1/R1B2RK1 b - - 0 18	d8a8 a5b6 a8a6 b6a6 b7a6	1343	0110191t
xVbue	4R3/q4pkp/6p1/5b2/1Q1b1P2/3p4/6PP/r4R1K w - - 1 35	b4f8 g7f6 f8h8	1343	1315191o
0YWQk	4r2k/p2qr1pp/3b1p2/1p1Q4/2pP1P1N/2P3P1/PP1B1K2/R7 w - - 1 25	h4g6 h7g6 a1h1 d7h3 h1h3	1344	101316191n
0zNUA	r5k1/p1p3q1/1p2p1p1/3p1b2/8/3PQ1R1/PPP3K1/5R2 w - - 0 28	f1f5 e6f5 e3e6 g8f8 g3g6 g7g6 e6g6	1344	010p0r1n1w
1JCfN	8/2R1nk1p/1p3pb1/3pq3/8/5QPB/1r5P/2R3K1 b - - 5 41	e5d4 g1h1 g6e4	1344	0g11191g1o
2jWr1	6k1/6p1/r1NR3p/2p5/p2nP1P1/Pp3PK1/1P6/8 w - - 7 37	c6e7 g8f7 d6a6	1344	0g0j0p1o
2svbY	6k1/5pp1/p1bR4/P3P2p/5PQ1/2r4P/2q3PK/8 w - - 0 42	d6d8 c6e8 d8e8 g8h7 g4h5	1344	0p101316
388Ei	8/pNp2p1k/1b3Q2/4rNnp/8/2P3P1/PP2r2P/R6K b - - 0 29	e2e1 a1e1 e5e1 h1g2 e1g1	1344	101316191d
3AchW	2r3k1/1n4pp/pp1p1r2/3P1p2/1PP2p1q/4bP2/P1R1B1PP/3NQR1K b - - 5 25	h4h2 h1h2 f6h6 e1h4 h6h4	1344	050y101316191f1n
3yetz	r1bq2k1/pp5p/4pQp1/3p4/8/BP1n4/PP4PP/4RR1K b - - 0 20	d8f6 f1f6 d3e1	1344	01191o
4MFSI	4r3/2pk2p1/p6p/2p2p2/2P1N3/Pb2R2P/6P1/6K1 w - - 0 31	e4c5 d7c6 e3e8	1344	010i0j0p0s1o
4mEWd	4rrk1/pp3pbp/2p3p1/3p3n/3P3q/2P1BP2/PPB2PQP/R3R1K1 w - - 10 20	e3g5 e8e1 a1e1 h5f4 g5h4 f4g2 g1g2	1344	01191t1w
4qopw	8/p1k4b/2p5/2Pn2p1/1r1P2N1/5P1P/PP4P1/2KRR3 b - - 2 28	b4c4 c1d2 c4c2	1344	0p13151d1k1o
68VZL	r7/5pk1/pb1p2p1/2p1p3/1pP1P1pr/1P1PKqN1/1P2QP2/R5R1 w - - 2 33	e2f3 g4f3 g3f5 g7f6 f5h4	1344	0g10191g
7PdgX	6k1/4pp1p/3p2p1/3P3q/4P3/5Q2/r2N1P1P/3K1R2 b - - 3 28	a2d2 d1d2 h5f3	1344	0g0p1o
7vmik	4Qbk1/4Bp1p/6p1/8/4P3/P5N1/1P1p1PPP/1qr2RK1 b - - 4 32	c1f1 g3f1 b1f1 g1f1 d2d1q	1344	000510111316191h
7y1Jo	8/pp5p/2nQ3q/5ppk/5P2/7P/1P4P1/6K1 w - - 5 34	g2g4 f5g4 h3g4 h5g4 d6h6	1344	0g0p10
8NNBd	6k1/p4r1p/1p4p1/q1p1Q3/4P3/1R1PB3/2P3PP/2K5 b - - 0 26	f7f1 c1b2 a5a1	1344	0p13151o
8q0lP	3r3k/p1p3p1/4Q3/5p2/8/1P1q2P1/PB5P/6K1 w - - 2 38	e6h6 h8g8 h6g7	1344	0p13151g1o
93IHx	r5kr/pp1nq2p/6pQ/3R1p2/3p2N1/8/PPP3PP/R5K1 w - - 0 21	d5d7 e7d7 g4f6 g8f7 f6d7	1344	050g0s10191n
9MGbx	2r5/8/4pk2/2b2p2/R6P/1P6/2K2nPR/5B2 b - - 2 53	c5d6 a4c4 c8c4 b3c4 d6h2	1344	010j0k0p10
AHfxp	8/2p2k2/2p2p2/6p1/3P1pKp/pPP2P1B/P5P1/8 b - - 6 46	f7g6 g2g3 f6f5	1344	080p13151o
BGNig	3k3r/5ppp/pN6/1pQBP2q/1P1P4/5Pbb/P4P1P/R6K b - - 0 25	h3g2 h1g2 h5h2 g2f1 h2f2	1344	050j0y101316191g1n
BRDtv	kn1r2nr/1R4p1/P1q5/1Nb1p3/6p1/3P2Pp/Q1P2P1P/4NRK1 w - - 6 26	b5c7 c6c7 b7c7	1344	0g191k1o
BY0iA	r1b5/ppp4p/2n3p1/1N1Q2k1/8/7P/P1q2P2/1R2KB1R b K - 0 27	c8f5 b5c7 c2b1	1344	010h191o
C1HFv	r4k2/pbp2ppp/1p2pn2/2bq4/3N1B2/3B1P2/PPP3PP/R2Q1RK1 b - - 0 17	d5d4 g1h1 d4f4	1344	0g0s191o
C5IxF	r1b2rk1/ppp2ppp/1bpq4/8/4PBN1/2PP4/PP3PPP/RN1QK2R b KQ - 0 11	d6f4 g4e3 b6e3 f2e3 f4e3	1344	010t101c
CvA47	r1bqk2r/1pppbpQ1/p6p/8/4P3/1P6/P1P2PPP/RNB2RK1 b kq - 0 10	e7f6 g7g3 f6a1	1344	010s0v191o1t
D1hrq	r2q4/pp1bn1p1/2n1prk1/2pp2N1/3P1PQ1/P1P5/2P3PP/R1B1K2R w KQ - 0 14	g5e6 g6f7 e6d8	1344	0g0j0k191o
DOlhq	7k/7p/1pQBB1p1/p2P4/3b2P1/1P4KP/P4r2/4r3 b - - 2 39	e1g1 g3h4 d4f6 g4g5 f6g5	1344	0p1013161a
DyTjr	6r1/1b4k1/6rp/p1q2R1Q/8/1B2p1PR/P6P/6K1 b - - 0 40	e3e2 f5c5 e2e1q	1344	000j0k1315191h1o
EDaGp	1k1r4/2p2B1p/1p3pp1/8/Pb2PpP1/7P/2P1KP2/3R4 b - - 3 29	f4f3 e2f3 d8d1	1344	010i0p1o
FVdvC	rn1q1rk1/pp3ppp/2p5/2bbP1B1/8/2N2N2/PPP1QPPP/R3K2R b KQ - 3 10	d5f3 g5d8 f3e2 e1e2 f8d8	1344	011019
FYQUw	r1b2rk1/pp3ppp/2nq4/4b3/3pN3/1B1P4/PPP1NPPP/R2Q1RK1 b - - 2 13	e5h2 g1h1 d6h6	1344	0g0h111c1o
HAAG7	3r2k1/p2qprbp/1p4p1/4P3/4QP2/2B1P3/PP5P/R2R2K1 b - - 4 25	d7g4 g1f2 d8d1 a1d1 g4d1	1344	0g0j1019
Hnc5h	r2qk2r/1p3ppp/p2p1b2/3Pp3/3nP3/N5P1/PP3P1P/R2QKB1R b KQkq - 0 13	d8a5 d1d2 d4f3	1344	0g191o
J8GTz	r5k1/pp4pp/6p1/3B4/8/P1NKP1bP/1PP3q1/R1BQ1r2 b - - 0 21	g2d5 c3d5 f1d1	1344	0g191o
LIFO6	1kr5/p1q5/1p3p1p/1Q2p3/1Nr4P/P5P1/1P3P2/1KR5 w - - 0 32	b4a6 b8b7 a6c7 c4c1 b1c1	1344	0g0p0s10
NBqXa	r3k2r/2qp1pp1/p1bbp3/1p6/4P1B1/P1N1B3/1PPQ1PP1/R4RK1 b kq - 0 15	d6h2 g1h1 h2g1 h1g1 c7h2	1344	050j0k0y101316191n
NKQLB	8/5Pk1/7N/2p4P/1p3K2/1Pb5/P7/8 b - - 0 45	c3d2 f4f5 d2h6 f7f8q g7f8	1344	0g0p101p
OHhar	2rk4/pb1q2p1/6P1/3p1p1p/2p4P/2P1Q3/pP6/K3R3 w - - 4 34	e3g5 d8c7 e1e7	1344	010d0p1g1o
PxQZv	2r2rk1/pp2pp2/6p1/7p/3QBb2/2P5/PP3RKN/RN2q3 b - - 2 22	f4e3 d4e3 e1e3	1344	010s191o
QAoYR	r1b2rk1/2qn1ppp/p1p1pb2/1pQ2P2/4PB2/2N5/PPP1B1PP/R4RK1 w - - 4 16	c5f8 d7f8 f4c7	1344	0g191o
R2QLQ	5rk1/pp3ppp/8/3Q4/6P1/P3R2P/B1r2P1q/5K2 w - - 0 25	d5f7 f8f7 e3e8	1344	0p13151g1n1o
RcfNa	1r3rk1/5pbp/p2B1np1/q2P4/1p2P3/1P1Q3B/P3R1PP/1R4K1 b - - 0 21	a5b6 g1h1 b6d6 e4e5 d6d5	1344	010s1019
SPR4s	1k4r1/ppp4q/1b6/3Q4/2N5/6P1/PP4PN/R4R1K b - - 0 25	h7h2 h1h2 g8h8 d5h5 h8h5	1344	05101316191f1n
TqXhf	r1bk3r/bpp3p1/p4p1p/4n2Q/8/PNPq3P/1P3PP1/R1B1R1K1 w - - 4 16	e1d1 d3d1 h5d1	1344	011c1g1o
U9qns	1r4k1/p2r2pp/2p2p2/5P1N/P2p2R1/3K4/1P5b/2B5 w - - 0 31	h5f6 g8f7 f6d7	1344	010p1g1o
W5Jhn	rn2k2r/pppb1ppp/3b4/1B2q3/8/8/PP3PPP/RNBQ1RK1 w kq - 4 12	f1e1 e8g8 e1e5	1344	011c1g1o
W85FR	6k1/5pp1/2N1b2p/8/P4P2/2KQ2P1/8/7q w - - 4 41	c6e7 g8h8 d3d8 h8h7 d8g8	1344	0p101316
YHv20	6k1/R3r2r/1p6/5p1P/P2K2p1/4n3/8/2R5 w - - 0 48	c1c8 g8f7 a7e7 f7e7 c8c7 e7f6 c7h7	1344	01050p0r1p1w
YXGJH	r5k1/p3b1p1/qr5p/3N4/2pR4/5P2/PPQ3PP/KR6 b - - 2 29	a6a2 a1a2 b6a6 c2a4 a6a4	1344	05101316191n
ZqrfV	1k6/1P1R4/2K5/p7/1r6/8/4p3/8 w - - 0 50	d7d8 b8a7 d8a8	1344	0p13151m1o
avDAG	8/1p1R2pp/1p2k1n1/1Pp1p3/8/P7/2r2rPP/B2R2K1 w - - 8 29	d1d6 e6f5 d7f7 f5e4 f7f2 c2c1 f2f1	1344	0g0p1w
bFfwV	r4r2/2p2pkp/p1n1b1qp/1pb1p3/3p1Q2/1B3N2/PPP2PPP/RN3RK1 w - - 0 16	f3e5 g6g5 f4g5 h6g5 e5c6	1344	011019
bWR9c	3r3r/p1Qnk1pp/4p3/4q3/1PP5/P5P1/7P/R2R3K w - - 1 26	d1d7 d8d7 c7e5	1344	0g191o
df2Cp	rnbq1rk1/pp3pp1/2p1p3/3p2b1/2PP2n1/2NBP3/PPQ2PP1/2KR2NR w - - 0 11	d3h7 g8h8 h7g8 h8g8 c2h7	1344	050j0k0y1013161c1n
eE3Tj	r4rk1/4pp1p/p7/1p6/2R5/4B3/Pb3PPP/1R4K1 w - - 0 20	c4g4 g8h8 b1b2	1344	010p1o
fXssq	8/3q1k1p/p3p1p1/3bQp2/5P2/8/PRr3PP/4R2K b - - 5 29	d5g2 h1g1 d7a7	1344	010p1o
frHQG	3k3r/5ppp/1p1qpn2/Q1np4/8/8/PPP2PPP/2KR3R w - - 0 20	a5a8 d8e7 a8h8 d6f4 c1b1	1344	0110191p
g6CCB	6k1/pp4pp/2r2r2/4p3/4P3/1P5P/P2KR1P1/2R5 b - - 6 31	f6d6 d2e1 c6c1	1344	0g0i0p1m1o
gCBVZ	7k/ppp4q/2n1N1b1/5pQ1/8/2PP4/P1P5/2K5 w - - 10 35	g5f6 h8g8 f6f8	1344	0p13151o
gohyY	5k2/2bP1p1p/p5p1/2P5/4q3/1P4P1/PN1K3P/1R1Q4 b - - 0 37	c7a5 b3b4 a5b4 d2c1 e4e3 c1c2 e3c3	1344	0p0r13171w
iJDYE	6N1/8/4p1Rp/3p1n2/3P4/R4P1k/4r3/7K b - - 2 44	e2e1 g6g1 f5g3	1344	0p13151o
kzoaT	r3kb1r/pp1n1pp1/2p1pnb1/q6p/1P1P1BPP/P1N5/2PQBP2/R3K1NR b KQkq - 0 13	f8b4 a3b4 a5a1	1344	0g191o
n7zJi	1r5r/kbQp2bp/B1n3p1/3N4/3PP3/5N2/P1PK1PPP/7q w - - 1 25	c7b6 a7a8 d5c7	1344	111315191o
nDxHx	3r4/pp6/4kp2/6p1/5n2/P2N1P1R/1Pr3PK/3R4 w - - 4 32	d3f4 g5f4 d1d8	1344	0g0j0p1o
qSc4B	6KQ/6R1/1p1p4/3nk3/8/7r/8/8 b - - 0 77	d5f6 g8f7 h3h8	1344	0g0p1o
qb7lw	3R1r1k/pp3rpp/8/4BqQ1/8/2P1P2P/6P1/7K w - - 4 30	d8f8 f7f8 g5g7	1344	0p13151o
qr2Jp	4r1q1/6pk/3R4/3b2Q1/3p4/7P/P4R2/6K1 b - - 0 43	e8e1 f2f1 e1f1 g1f1 g8f8 f1e1 f8d6	1344	01050p0r0s1w
rvWa1	3k4/3P1pp1/2K5/6P1/1R6/8/8/q2r4 w - - 0 48	b4b8 d8e7 b8e8	1344	0p0q13151j1o
sOfUq	6k1/8/6p1/1P6/K4p2/7p/8/4RNr1 b - - 0 44	h3h2 f1h2 g1e1	1344	000g0p1o
stL0K	8/8/1p4p1/1P2p2p/P2k3P/8/4K3/8 w - - 2 52	a4a5 d4c5 a5a6 c5b5 a6a7	1344	000g0p101e
t2NKd	4r3/1b1k2p1/1P5p/Q2n4/8/1r3PP1/5RKP/8 w - - 1 43	a5a4 d7d8 a4b3	1344	0g0p0s111o
tVcO3	r1b1k2r/ppp1bpp1/2n1p2p/4P3/3P4/P2B1NPq/1P2NP1P/R2QK2R b KQkq - 4 13	h3g2 h1f1 g2f3	1344	010s1c1o
wXwbX	5r1k/2R2N1p/7P/p5P1/1p6/5p2/PPP1b3/1K6 b - - 1 40	h8g8 f7e5 f3f2	1344	00010p1o
z18TI	2b5/4k1p1/p7/2N1K1r1/PPp3p1/2P5/8/4R3 w - - 2 46	e5f4 e7f6 c5e4 f6g6 e4g5	1344	0g0j0k0p0r0s10
zqhyM	r2qr1k1/ppp2p1p/2np1Bp1/8/1PP5/P2QPN2/3n1PPP/R4RK1 b - - 1 16	d2f3 g2f3 d8f6	1344	0g191o
180yQ	2k5/6R1/2p5/1pPp3P/1r6/8/8/6K1 w - - 0 44	h5h6 b4h4 h6h7	1345	000g0p1m1o
2nR9D	8/ppq5/2p3p1/3p1k2/3Pp2P/2P1Q1P1/PP6/6K1 w - - 1 30	e3g5 f5e6 g5g6	1345	0g0i0p1i1o
4zu0C	r1k4r/p1p3pp/2p2q2/8/2B1p3/3Q4/P4PPP/1N4K1 w - - 0 21	c4a6 c8b8 d3b3	1345	0p13151o
76Icg	r5k1/1pp1q3/2nb4/p3prNQ/1n5p/4P2P/PPP2PPB/1K1R3R w - - 1 20	h5g6 e7g7 g6f5	1345	0g0s191o
8kcW2	r2q1rk1/1bp1bppp/8/p2pP3/8/3B1R2/PPP3PP/R1BQ2K1 w - - 1 14	d3h7 g8h7 f3h3 h7g8 d1h5	1345	050d0g0y10191n
8xkRJ	8/1b5k/p3R1pp/1p6/1P4KP/P1P2r2/8/4R3 b - - 4 48	h6h5 g4g5 f3f5	1345	0p13151o
90GtY	7r/1Q3R2/7k/3p3r/4pq2/2P4P/PP3PR1/7K b - - 0 38	h5h3 h1g1 f4c1	1345	0p13151o
9k1Zh	rn1q4/pp4rk/1b3p1p/4p3/3P4/1BP4b/P1PQNPPP/3R1RK1 w - - 3 18	d2d3 f6f5 d3h3	1345	010s191o
AOYNL	1r5k/5p1p/Q7/8/P3p2P/2q5/K1R5/2R5 b - - 2 35	c3b3 a2a1 b3a3 c2a2 a3c1	1345	0i0p0r101316
BFjiu	1r1q3r/3nppk1/2bp4/2b5/p3P1P1/5P2/K1PQB3/3R3R w - - 0 25	d2g5 g7f8 h1h8	1345	0i1315191o
CTXIp	r2q2k1/p1n2pp1/2p2b1p/2p2PNQ/4r2R/6P1/PPP4P/R5K1 w - - 0 23	h5f7 g8h8 h4h6 g7h6 f7h7	1345	0j0y101316191n
D03WT	3q1r1k/pp1b2p1/2p1B3/8/8/2P3QP/P1P3P1/3R2K1 b - - 0 24	d8b6 g1h2 d7e6	1345	010p0w1o
DXmlE	8/p4pk1/1pn1p2p/4N1p1/2P1K3/1P4PP/P4P2/8 b - - 4 31	f7f5 e4e3 c6e5	1345	0g0i0p0z1o
FZp8b	r6r/p1pk1pp1/2pbp2p/7q/3Pb3/2P1BN2/P4PPP/R2QR2K w - - 4 18	f3e5 d6e5 d1h5	1345	0g0j191o
GiGrD	r4rk1/1ppq1pb1/p2pbnpp/P7/3QP3/2N3PP/1PP2PBK/R1B2R2 b - - 2 14	f6g4 h3g4 g7d4	1345	0g0j11191o
HEbTd	2r5/1R6/2p1p1kp/2P2p2/p3QP2/P5PK/3r3P/3q4 w - - 0 42	e4e6 g6h5 e6f5	1345	0i0p0s13151o
I7Wbp	r1b2rk1/2q1b1pp/p1p1p1n1/1p1pPpN1/3P4/1PPBQ3/P4PPP/R1B2RK1 b - - 1 16	f5f4 e3f3 e7g5	1345	010v1c1o
K6ayM	2r5/6k1/p2p2p1/1p3q1n/1P6/3P1Q2/P5PP/5RK1 w - - 0 27	f3b7 g7h6 f1f5	1345	0g0j0p1o
KKaig	r2qkbnr/1p4pp/5p2/pb6/1p2P3/8/1BP2PPP/RN1QK1NR w KQkq - 0 11	d1h5 g7g6 h5b5	1345	010s1c1o
Ksuxz	3q1r1k/R4pp1/3p1bnp/3N4/1B2PPQ1/7P/1P4P1/6K1 b - - 0 32	f6d4 g1h2 d4a7	1345	0g0s191o
LPZpa	5r2/ppp3k1/3p2b1/5nQ1/1q2P3/3B4/PP4PP/R5K1 w - - 2 24	e4f5 b4d4 g1h1 d4d3 g5g6	1345	011019
LsQfV	r7/ppk5/2b1p1pQ/4q1Np/8/P6K/5PPP/5B1R b - - 1 29	e5f5 h3g3 f5g4	1345	1315191o
NegIy	r4rk1/pp2Q1b1/2p3Bp/4p3/3q4/1P4RP/P3bPP1/5RK1 w - - 1 31	g6h7 g8h8 e7g7	1345	0y1315191o
NqoBY	r3k2r/1bp2p2/pb2pq1p/1p3pNQ/7P/1PNP4/1PP2PP1/R3R1K1 w kq - 2 18	e1e6 f6e6 g5e6	1345	0g191g1o
NrlxA	8/P5k1/4p2p/7q/1P2Q3/2P3p1/6P1/6K1 b - - 0 44	h5d1 e4e1 d1e1	1345	0p1113151i1o
Olrf8	5rrk/1p5p/p3pPp1/3p1p2/3q1P2/5P1R/7P/4Q1RK w - - 0 34	h3h7 h8h7 e1h4	1345	050p13151n1o
P6ZZ1	6k1/5p1p/5Rp1/8/1P6/4Q3/3r3P/2q2B1K b - - 0 36	d2h2 h1h2 c1e3	1345	0g0j0p1o
PpzVk	4r1k1/p2p1p2/1q4pp/3P2n1/3Q4/R4PP1/3NNK1P/8 b - - 4 31	e8e2 f2e2 b6d4	1345	0g191o
Q2cRI	5rk1/1R4p1/p1pqp1Bp/8/5P2/P2p2QP/6P1/3n2K1 w - - 0 37	g6h7 g8h8 g3g7	1345	0j0p13151o
Q2ygD	5rk1/5p1p/p2QbPp1/1p2p3/8/8/P1q1B1PP/3R3K w - - 0 27	d6f8 g8f8 d1d8	1345	050p13151n1o
QMDCU	r1b1kb1r/1ppq2pp/p1p5/8/4PR2/N1P5/PP4PP/R1BQ3K w kq - 3 16	d1h5 g7g6 h5e5 d7e7 e5h8	1345	0g0r0s1019
RM3yS	1k6/1P1R3p/2K5/8/2p2p2/2P5/1r6/8 w - - 1 42	d7d8 b8a7 d8a8	1345	0p13151m1o
SK28z	1r2r1k1/pp2Pp1p/5Qp1/8/8/5B2/2q2PPP/5RK1 w - - 1 22	f3d5 e8e7 f6e7	1345	010p1o
Si4TE	8/5k2/2p5/4K3/4P3/1R1P4/1pr5/8 b - - 0 49	c2c5 e5d4 c5b5 b3b2 b5b2	1345	0g0p101m
SkpAx	r5k1/5p2/4p1p1/3p4/1b1P4/1PP1QP2/2K2P2/q2R3R b - - 2 33	a8a2 c2d3 a1c3	1345	0p13151o
VNmbk	1k1r4/1pp1qp2/p1N3p1/3rn2p/8/PQP3P1/1P3PP1/2KRR3 b - - 3 25	e5c6 e1e7 d5d1 b3d1 d8d1 c1d1 c6e7	1345	0g191k1w
VUudd	1k4r1/ppp4p/3p3q/4b1n1/1PP1P3/1R5B/P4PPP/3Q1RK1 b - - 6 21	g5h3 b3h3 h6h3	1345	010y191g1o
Vc5Hp	3Q4/8/2R2pp1/7k/2P2p1n/5P1K/6r1/8 b - - 0 51	g2g3 h3h2 h4f3 h2h1 g3g1	1345	030p0r101316
Vz4cs	1k6/1P5R/2K5/8/7p/8/8/1r6 w - - 0 65	h7h8 b8a7 h8a8	1345	0p13151m1o
XjkNd	8/7p/3kp1p1/1Bb3Pn/2PBP3/p4K1P/8/8 w - - 3 47	e4e5 d6c7 d4c5 a3a2 c5d4	1345	0g0h0i0p1011
Z7BwG	r1b2rk1/1p4p1/1q2p1P1/3pP3/8/p4P2/PPPQ4/1K5R w - - 3 26	h1h8 g8h8 d2h2 h8g8 h2h7	1345	050p1013161n
ZjD5F	1r6/3Qqk2/5pr1/p3p3/Bn1pP3/1P1Pb2N/1KP4R/4B3 w - - 2 35	h3g5 e3g5 h2h7 g6g7 h7g7 f7g7 d7e7	1345	050d0g11191n1w
avXsd	r5k1/pp1r1ppp/5n2/8/8/5QB1/Pq4PP/3R1R1K w - - 0 21	d1d7 f6d7 f3f7 g8h8 f7d7	1345	0g0s1019
b93RU	1r4k1/1p1q2p1/p1pN1RQp/2Pb2n1/7P/1P1B4/P5P1/R6K b - - 0 25	d7h3 h1g1 h3g2	1345	0y1315191g1o
cS8yf	r1b1r2k/p1n2pp1/2Qb1q2/3N4/N2P4/3BP3/1P3PPP/R4RK1 b - - 0 18	d6h2 g1h2 f6c6	1345	0g0j11191o
eK1Kf	rn2k2r/pp2ppbp/2ppbnp1/q7/3PPB1P/2N2N2/PPPQ1PP1/1K1R1B1R b kq - 4 9	f6e4 d2e3 e4c3	1345	0g111c1k1o
fK25w	7Q/1p1k1q1p/p1b3p1/2P2p2/3p1P1B/8/1P4PP/7K w - - 0 35	h8d8 d7e6 d8d6	1345	0p13151o1s
fXvrx	8/3k3p/8/1pRN4/5P2/4P1K1/1rp3P1/8 b - - 1 47	d7d6 c5c2 b2c2	1345	010p1o
hTLHP	8/6bk/1P1n2pp/8/pR6/8/5PPP/r3RK2 b - - 2 39	a1e1 f1e1 g7c3 e1d1 c3b4	1345	050g0p0s10
hY9sV	r1bqk1nr/pp3p1p/4p1p1/2p5/3bPP2/2P5/PP2N1PP/R1BQKB1R b KQkq - 0 10	d4f2 e1f2 d8d1	1345	0g0i0j1c1o
hfROP	8/R7/6k1/2Pp1rp1/p2P2K1/3R3P/r7/8 b - - 1 48	a2g2 d3g3 f5f4	1345	0p0q13151m1o
iyW0d	1R6/7k/p3bK2/3r2P1/8/8/1P6/7q w - - 2 49	g5g6 h7h6 b8h8	1345	0p13151o
lm65D	6rk/1bp2p1p/p2pqpr1/1p3N2/4P2Q/1PNPPR2/1PP3PP/6K1 w - - 12 21	h4h7 h8h7 f3h3 g6h6 h3h6	1345	050y101316191n
mYEKP	1k1r1br1/3q1p2/Qppp1p2/3Bpn1p/P7/3P3P/1PP4K/R4R2 w - - 0 24	a6b6 d7b7 b6d8	1345	0g0i191k1o
mndJN	r1bqk2r/3p1ppp/p1nQ4/3Np3/1p2n3/8/PPP1BPPP/R1B1K2R w KQkq - 0 11	d5c7 d8c7 d6c7	1345	0g0s1c1o
mq0Qt	r5k1/ppp5/2n2q2/2bp3p/7P/6n1/PPP2PP1/RN1QR1K1 w - - 0 20	d1d5 g8g7 d5c5	1345	0g0s191o
muPbQ	8/8/8/p6k/7P/8/r4R2/5K2 b - - 5 55	a2f2 f1f2 a5a4 f2e1 a4a3 e1d2 a3a2	1345	000g0p1l1m1w
n7GkH	1rb2rk1/3pppbN/p5P1/1p2q3/5nP1/1P6/P1PN1P1Q/1K1R3R w - - 3 23	h7f6 e5f6 h2h7	1345	0d0y1315191n1o
npLAJ	4r3/3R3P/pp2p3/4Kbk1/1P6/8/1P6/8 w - - 1 47	d7g7 g5h6 g7g8 h6h7 g8e8	1345	0g0p10
oDPZ2	3r1rk1/2qnbppp/p2p4/1pp5/4PN2/P2P3P/RPP1Q1PB/5RK1 w - - 1 19	f4d5 c7b7 d5e7	1345	0g0s191o
oLiaF	3r1k2/p4pbp/2n3p1/2N5/2b5/7P/PP2RPP1/3R2K1 w - - 10 24	d1d8 c6d8 c5d7	1345	0g191o
q2Wxz	r5k1/p4p2/2p3p1/2p1q3/8/3P2PQ/PPPb1P2/1K5R w - - 1 27	h3h7 g8f8 h7h8 e5h8 h1h8 f8e7 h8a8	1345	0g0p1p1w
qniA5	8/p4p2/2pr1k2/1p5R/3N1P2/1KP5/PP3r2/8 w - - 0 33	h5h6 f6e7 d4f5	1345	010p111o
ri1lN	1r1q2rk/3n1p1p/3p1PpQ/p2P4/1p2PR2/7P/4N1P1/4R1K1 w - - 4 31	h6h7 h8h7 f4h4	1345	050y1315191n1o
shXY6	r1bq2k1/5ppp/p1Pp3r/1p3P2/3bP3/2NB4/PPQB2PP/R4R1K b - - 0 19	h6h2 h1h2 d8h4	1345	050y1315191n1o
t6Ubt	8/4r2k/p5p1/1bR4p/3pB2b/1K1Pn2P/PP3R2/8 w - - 4 32	c5h5 h7g7 h5h4	1345	01191g1o
txBR6	8/6r1/8/p1k1p2r/P1PbKN1p/1P3P2/6P1/3R3R b - - 0 51	e5f4 d1d4 g7e7 e4f4 c5d4	1345	010i0p10
vnKO4	rn2kb1r/pp2qp1p/2p3p1/2n1pQ2/2B5/8/PPP2PPP/RNB1K2R w KQkq - 0 11	f5c8 e7d8 c4f7 e8f7 c8d8	1345	040g0i101c
xXFiD	7k/pp4pp/4Pr2/8/2PQpp1q/PP3p2/5P1P/R5RK b - - 0 28	h4h2 h1h2 f6h6	1345	050p0y1113151n1o
yNIQu	rn3k2/p2p1n2/2q1p1Qp/6p1/2p1PP2/2P5/P1P3PP/5RK1 w - - 0 23	f4g5 f8e7 g6f7	1345	010p1o
ynpNr	r1b1k2r/pp3ppp/5b2/3pN3/1qp5/8/P2NQPPP/2R2RK1 w kq - 0 16	e5c6 b4e7 c6e7	1345	0g0j0k191o
zD5OP	r3kbnr/3q2pp/p1n5/1p1Qp3/4P3/2P5/PP1P2PP/RNB2RK1 w kq - 0 15	f1f8 e8f8 d5d7	1345	0g0i191o
15KqH	1r4k1/Q4ppp/p1P1p3/8/1q2n3/1P4P1/P1P4P/2KR1B1R b - - 0 22	b4a3 c1b1 e4c3 b1a1 a3a2	1346	0s10131619
26Vl0	6rk/1pp1np2/p2p1p1p/4P1q1/3PP1r1/1BP5/PP1Q1RN1/5RK1 b - - 7 25	g4g2 f2g2 g5d2	1346	0g0y191g1o
2gLlk	r3k2r/1pp2ppp/p7/8/3BP3/1PP2Q1q/P2N3b/R4R1K b kq - 3 20	h2g3 h1g1 h3h2	1346	0j0k0y1315191o
3a8Yc	6k1/p4pp1/7p/8/8/2P2QP1/Pq1r3P/4R1K1 w - - 0 29	e1e8 g8h7 f3f5 g7g6 f5f7	1346	0p101316
6Ufl3	5rn1/p2kp3/2p5/3pPbQ1/8/2qB1P2/P1P5/2KR3R b - - 1 25	f5d3 d1d3 c3a1 c1d2 a1h1	1346	0110191g1p
8Gl44	8/k2r1p2/4p3/1R3pPp/3r3P/1R2KP2/1P6/8 b - - 1 55	f5f4 e3f2 d4d2 f2f1 d2d1 f1g2 d7d2 g2h3 d1h1	1346	0p1113181m1w
8Viv6	k3r3/p6p/b4qp1/2Np1p2/1P3P2/P3p1K1/6BP/2R5 w - - 0 33	g2d5 a6b7 d5b7 a8b8 c5d7 b8b7 d7f6	1346	010p0s1w
92fsq	6rk/1pq1bQ1p/p4p2/n1pP4/2P1B3/1P4PP/PB1P3K/5R2 b - - 0 24	c7g3 h2h1 g3h3	1346	0i1315191o
9ShXj	3r1r2/1p3B1Q/pq2pk2/4N1p1/5PP1/1N6/P5P1/4K2R b K - 0 27	b6e3 e1f1 d8d1	1346	1315191o
AXOek	1Q1qk2r/p3nppp/8/5Pb1/3P4/2P5/PP6/1K2RB2 w k - 3 25	f1b5 e8f8 b8d8	1346	0i1315191g1o
C8g9B	8/pp4k1/5p1p/2b1q1p1/2Q1P3/7P/PPP1R1P1/5K2 b - - 6 33	e5f4 f1e1 f4c1	1346	0p13151o
CCMyo	r5k1/1pp2ppp/p2q4/1r6/3b4/1Q4PP/PP4P1/3R1R1K w - - 2 22	b3f7 g8h8 d1d4	1346	010y191o
CH1Wq	2kr4/pp3Rp1/2p1p3/3pP1qr/3P4/3QP3/PPP4P/5R1K b - - 2 20	h5h2 h1h2 d8h8 d3h7 h8h7	1346	050p0y1013161n
FOX4q	1r6/5P1p/4p1p1/4P1P1/2k5/8/Kp5P/3R4 b - - 4 50	c4c3 a2b1 b8a8 d1d3 c3d3	1346	0g0p101l1m
GPqBf	7k/6R1/4pP1p/3pP2P/2r1r3/1K6/1P6/R7 b - - 0 51	e4e3 b3a2 c4a4 a2b1 e3e1	1346	010p0r10111m
Gp6no	r6r/pN1n2p1/2p1k2p/5p1P/3P3q/2PQ4/PP6/2K2R2 w - - 0 23	d3f5 e6e7 f5f7	1346	1315191o
GyFTf	1b2r1k1/5pp1/5q1p/1N1pP3/2p3b1/2P5/5PPP/QB2R1K1 w - - 1 24	b1h7 g8h7 e5f6	1346	0g0y191o
H1TmO	rnb1k2r/pp3ppp/2p2q2/3pN3/3Pn3/2N1PP2/PP4PP/R2QKB1R b KQkq - 0 10	f6h4 g2g3 e4g3 h2g3 h4h1	1346	01101c
HxTFs	2q1rrk1/p4pbp/1p2p1p1/8/2PPQPN1/1P5P/P5P1/3R1RK1 b - - 3 27	f7f5 e4f3 f5g4	1346	010s191o
ICMYi	1R1r3r/2k3p1/p3Q3/4p1Pp/N1BqP3/P7/2P1n1PP/1R5K b - - 0 26	d4d1 b1d1 d8d1	1346	061315191n1o
IM46L	2r1qrk1/ppp3b1/3p1pn1/5PBQ/2P5/2NP4/PP4PP/1R4K1 w - - 0 19	f5g6 e8g6 h5g6	1346	0g191o
JYT4R	8/5rk1/8/1p1Pp2q/8/2P2rpQ/PP4P1/R4RK1 b - - 2 36	f3f1 a1f1 f7f1 g1f1 h5d1	1346	050p101316
JYaic	4brqk/1p3Rpn/p3P1Qp/3pB3/2pP3P/2N5/PPPb2P1/6K1 w - - 7 32	e5g7 g8g7 g6g7	1346	0s1315191o
Jb4sd	r4rk1/pp2q2p/1np3p1/3p1bP1/2n4Q/1PNBP1B1/P1P2P2/2KR3R b - - 0 22	e7a3 c1b1 a3b2	1346	1315191k1o
JdiXW	r6r/2p2k1p/pb3p2/1p6/1P1N4/P1n1B3/5PPP/R4RK1 b - - 2 19	b6d4 e3d4 c3e2 g1h1 e2d4	1346	010s1019
JqfYu	7Q/3b4/2pk2p1/2qp1p1p/1p6/1P1B4/4K3/8 w - - 2 50	h8f8 d6e5 f8c5	1346	0g0i0p11121o1p
K8Xtk	3r2k1/2Q1R1p1/7p/P7/5pPK/2q2P1P/8/8 b - - 2 37	c3f6 g4g5 f6g5	1346	0p13151o
LL4jJ	8/8/3k4/1pr3p1/1R2K1Pr/3P4/3R3P/8 b - - 0 39	h4g4 e4e3 g4b4	1346	0g0p1m1o1p
LkPyU	8/8/1p6/2p4p/P1P1kPpK/3p4/3B4/8 b - - 1 41	e4f3 f4f5 g4g3 f5f6 g3g2	1346	00080g0p10
NBknZ	8/7P/5R2/8/3k1p1r/2p5/6P1/6K1 w - - 0 58	f6f4 h4f4 h7h8q	1346	00010i0p1h1m1o
NHtYm	kr6/ppQ1qppp/4p1n1/3p4/8/7P/2P2PP1/R5K1 w - - 10 26	a1a7 a8a7 c7a5	1346	050p13151k1n1o
Nc3qr	r7/p5pk/1p2Q2p/8/8/1P3N2/1q3PPK/8 w - - 0 31	e6e4 h7h8 e4a8	1346	010p0s1o
NsFrx	8/1r3pk1/p1R3p1/6B1/r2b4/7P/P5P1/3R3K w - - 7 34	d1d4 a4d4 g5f6 g7h6 f6d4	1346	050g0p0s10111n
OuktK	r1b4k/ppq1b1pB/2n1pr2/7Q/8/8/PPP2PPP/R4RK1 w - - 0 15	h7g6 h8g8 h5h7 g8f8 h7h8	1346	0j0k0y10131619
PC9fl	5r1k/1p4p1/p5Qp/2P5/2N1pr2/P3N1n1/6P1/6K1 b - - 2 39	g3e2 g1h2 f4h4	1346	020p13151o
PT67I	rn1qkb1r/ppp2ppp/5n2/4p3/4N1b1/2N5/PPPP1PPP/R1BQKB1R w KQkq - 3 6	e4f6 d8f6 d1g4	1346	011c1o
QeIsr	r1b4r/pp2n1k1/2pq1np1/3p2N1/3P1P1Q/P6P/1P2P3/2R1KBR1 w - - 1 23	h4h8 g7h8 g5f7 h8g7 f7d6	1346	01050s10191n
R63FM	7r/p2pk1bp/1prNp1p1/4Pp2/3P4/7N/PPq4P/K2R2Q1 w - - 7 25	g1g5 g7f6 g5f6	1346	1315191o
R6JPG	r1b1kbnr/pppq1p1p/3p4/6B1/2BnP3/5Q2/PPP3PP/RN3RK1 w kq - 0 10	c4f7 d7f7 f3f7	1346	0413151c1o
RYj80	r4n1k/4q1p1/4p2p/p2pP3/2pP3N/2P2R2/6PP/Q5K1 w - - 8 38	f3f8 e7f8 h4g6 h8g8 g6f8	1346	01050p0s101n
RZqij	r2qr1k1/pp3ppp/6P1/P7/3p1PbP/1Q2PNn1/1P5R/R3KBN1 b Q - 0 18	e8e3 b3e3 d4e3	1346	0g0s191o
TYp1h	8/8/1P5k/P2p4/3Pb3/4P3/r5p1/4K1R1 w - - 3 49	b6b7 a2b2 a5a6 h6g5 a6a7 b2b7 a7a8q	1346	000g0p1h1w
UMviV	r2br3/5pkp/p3p1pR/npB1P3/2pP2q1/2P3N1/B2Q1PKP/4R3 b - - 4 33	d8g5 h6h7 g7h7	1346	010s191o
Ubwcf	1r1r3k/1b5p/4q1p1/8/3R4/1B1P4/2P3PP/5RK1 w - - 0 32	d4d8 b8d8 b3e6	1346	010w191o
Xqm0a	3Q4/6pk/7p/8/1B2bp2/4q2P/6P1/1R1Q3K b - - 0 40	e3h3 h1g1 h3g2	1346	0p13151g1o
YTCqS	8/2p2Qpk/7p/7P/p2P2P1/8/2q2P2/1r2R1K1 w - - 4 43	f7g6 c2g6 h5g6 h7g6 e1b1	1346	0g0p10
Z6EaF	2r1nbk1/5pp1/p1b2r2/qp3Np1/7Q/1P1B3P/P4PP1/3RR1K1 w - - 0 29	f5e7 f8e7 h4h7 g8f8 h7h8	1346	0s101316191n
bP4xN	8/8/1p4p1/2P4p/5PkP/7r/P1R2K2/8 b - - 0 51	h3h2 f2f1 h2c2	1346	0g0p1m1o1p
baDfg	8/pp2Qpk1/8/3Bn3/5q2/5Pp1/PP4P1/3RK3 b - - 0 30	f4e3 e1f1 e3f2	1346	0p13151o
d5ePN	8/3R2pk/5p2/5N1p/8/6PP/1r1n2PK/8 b - - 5 32	d2f3 h2h1 b2b1 d7d1 b1d1	1346	0p1013161g
d7In3	1r4k1/4np1p/1q2p1pP/2np2P1/P3PP2/1NQ5/PK1P4/3R3R b - - 2 25	c5a4 b2a1 a4c3	1346	0g0s191o
dqdt1	6k1/R4Rp1/1K5p/4r3/1P4r1/P7/7P/8 b - - 0 42	g4g6 b6c7 g8f7	1346	0g0p0v1m1o
ebjfR	3Q1nk1/p2q3p/1p2p1p1/4P3/2Bp4/1P5P/2P3P1/7K w - - 4 29	d8d7 f8d7 c4e6 g8f8 e6d7	1346	0b0g0p0s10
ffXxl	r5k1/1b3pp1/p2R3p/1p6/1Pp2P2/2N1q2P/P1Q1B1P1/4R2K b - - 1 30	e3h3 h1g1 h3g2	1346	0y1315191g1o
ffvf8	r2qk1nr/1bp2ppp/p1n1p3/1p6/2pP4/2B1P3/PPQ2PPP/2KR1BNR w kq - 2 10	d4d5 e6d5 c3g7	1346	010j1c1o
iCiZp	4r1k1/1p6/p7/3q4/1B1Q2b1/P2Pn1P1/1P4P1/4R1K1 w - - 3 28	d4d5 e3d5 e1e8	1346	0g191o
iknYG	1k6/pp3qbQ/2n3p1/2pr4/4p3/8/PPPP1PPP/R1B2RK1 b - - 2 18	d5h5 h7h5 g6h5	1346	01191o1t
imGZc	7k/2R3p1/3p3p/2b1pK2/8/6P1/8/4r3 w - - 2 38	f5g6 e1f1 c7c8 f1f8 c8f8	1346	0p101316
lBFyB	5r2/2b5/2p5/p1P1p3/PpNpPk2/1P3r2/6R1/5RK1 w - - 10 43	f1f3 f4f3 g2f2 f3e4 f2f8	1346	050g0p101p
ldbUv	1k6/1p3Rp1/p5rp/4P2Q/P7/4q1PK/2Pr3P/1R6 b - - 2 31	d2h2 h3h2 e3g3 h2h1 g3g2	1346	050p1013161n
mMIqD	6rk/1b3p1p/p2pqpr1/1p2nN2/2p1PR2/P2P3Q/BPP3PP/R5K1 w - - 10 23	h3h7 h8h7 f4h4 g6h6 h4h6	1346	050y101316191n
mT5Jx	r2q1rk1/2p2ppp/1p1p4/2nP4/2PQ2N1/5R1P/P5P1/R5K1 w - - 1 27	g4h6 g7h6 f3g3	1346	01191n1o
njVcZ	8/R1p4r/8/3KPk2/8/8/8/8 b - - 3 69	c7c6 d5c6 h7a7	1346	0g0j0p11121m1o
owohS	8/p4pk1/3p4/r4P1R/8/1P6/p1P5/K7 w - - 1 36	f5f6 g7g6 h5a5	1346	0g0j0p1m1o
pjmYY	4rnk1/p2q2r1/1p2b2Q/3p4/2p4R/4P3/5PPP/1BR3K1 w - - 4 36	h6h8 g8f7 h4f4 f7e7 h8g7	1346	010i0r1019
qO4Md	1r3qrk/1pp2p1p/2bp1PpQ/8/1PP2R2/2P5/6PP/1RB3K1 w - - 6 24	h6h7 h8h7 f4h4 f8h6 h4h6	1346	050y101316191d1n
rKaqK	1r1r2k1/pp2Rppp/5q2/3Q4/7P/6P1/P4P2/4R1K1 w - - 3 27	d5d8 b8d8 e7e8 d8e8 e1e8	1346	060p1013161n
rTBFF	2k3r1/1pp1p2p/8/3PNq2/2P5/8/PP2QP1K/R4R2 b - - 2 22	f5f4 h2h3 f4h6 e2h5 h6h5	1346	0p0r101316
rZlly	2r1r1k1/p4p1p/1q4p1/3Q4/5P2/P3P1P1/7P/2R1R1K1 b - - 0 24	c8c1 e1c1 b6e3 g1g2 e3c1	1346	050g0p0s10
sXqBn	2R5/6pk/5pbp/2P5/4N2P/7n/3r4/4R2K b - - 6 36	g6e4 e1e4 h3f2 h1g2 f2e4	1346	050g0j0k0p0r0s10
tYFT4	5rk1/4Qppp/3R1n2/pr6/5q2/P4n1P/1P4P1/4R2K w - - 0 24	e7f8 g8f8 d6d8 f6e8 e1e8	1346	05101316191n
uxywt	6kr/pp5p/3qr1p1/8/3R2P1/P1Q5/1P1K3P/2R5 b - - 2 33	d6h2 d2d1 h2e2	1346	0p13151o
v3kEg	3Q1bk1/1p3p1p/p1q3pB/7P/2n5/1N6/P1P4P/1K2R3 b - - 2 24	c4a3 b1b2 c6c2 b2a1 c2c3	1346	0j101316191k
xcfiZ	4kb1r/5ppp/p1P1p3/1b2N3/3NP3/8/P1r2PPP/R3K2R b KQk - 1 19	f8b4 e1d1 c2d2 d1c1 d2d4	1346	0g0s1019
xlgsC	r4r2/1b4k1/p1q3pp/2p1bp2/1pB1N2Q/3P4/1PP1R2P/5RK1 w - - 0 29	h4e7 g7h8 e7e5	1346	0g0s191o
xtw4j	7k/4K2p/3pQ1p1/2pP4/2P2P2/8/pq5P/8 w - - 2 40	e6c8 h8g7 c8f8	1346	0p13151i1o
y9lJk	3Q4/6p1/5n1p/4p3/5qPk/1R5P/8/6K1 b - - 4 43	f4c1 g1f2 c1c2 f2e1 c2b3	1346	0g0p0r0s10
yJhk8	3r1r2/p3kp1Q/2p3R1/1q2pB2/1p2Pb2/1P6/P4P2/1K3R2 w - - 5 32	g6e6 e7d7 e6e5 d7c7 e5b5	1346	0g0j0k10191g
yvocz	5rk1/p1p4p/1p4PP/4N3/3r1p1Q/1P2q3/6P1/5K1R w - - 0 34	g6h7 g8h8 e5g6 h8h7 g6f8	1346	000g0p0s10
yyZcg	6k1/pRp4p/2n1K1p1/r5Pb/2P4P/P1B1pP2/2P1r3/4NR2 b - - 0 29	c6d8 e6d7 d8b7	1346	0g0s191o
zATXm	3rr3/pp2b2k/1qnpQ1pP/2pp4/2P1PP2/1P1PB3/P7/R3KB1R b KQ - 2 20	e7h4 h1h4 e8e6	1346	0g0j191o
04NEC	1k5r/1pp3Qp/p7/3r4/3n4/1P6/P4PP1/2R2RK1 b - - 1 26	d4e2 g1h1 d5h5	1347	0p0s13151o
0Cfkw	R4b1r/2k2p1p/p1p3p1/2B5/8/5N2/PP3PPP/2K5 b - - 0 21	f8h6 c1c2 h8a8	1347	010j0p111o
0JnP1	8/R1R3pk/7p/5p2/4p2P/4P1P1/4bPK1/1r6 b - - 4 41	e2f3 g2h3 b1h1	1347	0p13151f1o
1C757	4r1k1/4qppp/R7/2bQ4/2pn4/7P/5PP1/R6K w - - 1 30	a6a8 d4e6 a8e8 e7e8 a1a8 e8a8 d5a8	1347	010d191g1w
1ue9A	1r4k1/p2n1pp1/2Q1Pn1p/2bp4/2q5/2N3P1/PP2RPBP/R5K1 b - - 0 18	c5f2 e2f2 c4c6	1347	010j191o
3ARHK	2r2rk1/2q1Bp1p/p2pp1PP/1pn5/3N2P1/P1nB1b2/1PP5/2KR3R w - - 0 19	g6h7 g8h8 e7f6	1347	000y1315191o
4D5UZ	r2q1b1r/pp2p1pp/5n2/5k2/3n2b1/2N5/PP3PPP/R1BQR1K1 w - - 6 14	d1d3 f6e4 d3e4	1347	0g1c1o
573sQ	r1bqk2r/pp2bppp/2n2n2/3p2B1/8/2Q2N2/PPP1BPPP/RN2K2R b KQkq - 5 10	e7b4 e1g1 b4c3	1347	0g1c1g1o
7cBFi	3rr2k/p4b2/2p4P/q1b3n1/2P1PQ2/P2Pp3/2B1N3/RN1K4 w - - 0 30	f4f6 h8h7 f6g7	1347	0s1315191o
7p6Y9	7r/R5pp/2R5/2b1p1k1/4P3/1nN3PP/2r2P2/6K1 w - - 1 26	a7g7 g5h5 g3g4 h5h4 c6h6	1347	10131619
83lhP	R4B1r/1p1k1p2/2b2P2/4Q2p/8/2Pqp2P/1P4P1/7K b - - 0 31	d3f1 h1h2 f1g2	1347	0p13151o
8aXpD	5rk1/ppp3pp/8/4q1B1/2p1Q2K/8/PP5P/4R3 b - - 0 29	e5h2 h4g4 h7h5	1347	0p13151o
8sRin	r1b2rk1/p3q1pp/2p1p3/3p1p2/3Pn3/P1NBPP2/1P4PP/R2QK2R b KQ - 0 13	e7h4 g2g3 e4g3 h2g3 h4h1	1347	011019
AFRhY	3r1k1b/2q2p1p/6p1/p1p5/P3R3/1P2Q3/2n2PPP/3R2K1 w - - 0 34	d1d8 c7d8 e3c5 f8g8 c5c2	1347	0g0s1019
AapBl	8/1N1k2p1/2p4p/1p1p1P2/2n1r1P1/PPPn2BP/2R3K1/8 b - - 0 52	c4e3 g2h1 e3c2	1347	0g0p0s111o
Btd0u	4r3/3R4/5P2/4k1n1/2p5/P5P1/2K5/8 w - - 0 44	d7e7 e5f6 e7e8	1347	0g0p1o
CF2u7	r4rk1/ppp2ppp/2np2q1/8/2BPP1n1/2N4P/PPP2R2/R1BQ2K1 b - - 0 14	g4e3 d1g4 e3g4	1347	0g0j0k0y191o
CamdX	r6k/p5pp/4B3/2PQ2q1/1P1Pp3/4Pp1P/P4Pr1/2R2R1K b - - 2 29	g2h2 h1h2 g5g2	1347	050y1315191n1o
Do4WU	r1bqkb1r/p1pnpppp/5n2/1p2N3/2pP4/4P3/PP3PPP/RNBQKB1R w KQkq - 4 6	e5c6 c8b7 c6d8	1347	0g1c1o1t
EOS9n	7r/1p1k1p2/p7/3Np3/2Pbr3/5RPp/P6K/3R4 w - - 0 39	d5f6 d7e6 f6e4	1347	010p0s1o
F2Z4i	4k3/4Pr2/1p1P4/2p3K1/5r2/3b4/7P/R7 w - - 1 55	a1a8 e8d7 e7e8q	1347	000g0p1h1o
GcC5O	2k4r/p1q2pp1/Ppp1p3/8/3P4/2P3N1/1P2QPPr/R1B1R1K1 b - - 0 22	h2h1 g3h1 c7h2 g1f1 h2h1	1347	0d0i0y101316191n
HUHGM	8/1p1b4/3B4/2P2pK1/1k4p1/6P1/p7/8 w - - 0 52	c5c6 b4c4 c6d7 a2a1q d7d8q	1347	0001080j0k0p101h
JYWF3	7k/7p/p5p1/2PR4/b4PP1/1p5P/7K/8 b - - 0 43	b3b2 d5d8 h8g7 d8b8 a4b5	1347	000g0h0p10
Jla8U	rn3r2/1b2pkb1/p5p1/4p2p/5PnQ/N1N5/PPP2B2/2KR1B1q w - - 0 21	f1c4 f7e8 d1h1	1347	010j191o
K17qv	8/7p/4p2k/2P1N3/3Pbn2/6R1/r1q2PPP/5QK1 w - - 5 42	e5f7 h6h5 g3g5 h5h4 g2g3	1347	0r10131619
KhjOb	6k1/1p1q1p1p/pn1prQp1/6B1/P7/7P/BP3PP1/6K1 w - - 1 24	a2e6 d7e6 f6d8 g8g7 d8b6	1347	0g0p0s10
L9SSJ	8/5pk1/PRK1p3/4p3/4P3/8/8/r7 w - - 3 66	c6b7 g7f6 a6a7 a1a7 b7a7	1347	000g0p101m
LVkpC	8/5pkp/6p1/1p2pqQP/p7/2P1P1P1/5P1K/8 w - - 6 42	h5h6 g7h8 g5d8	1347	0p13151i1o
LxvO4	3r2k1/5pbp/4p1p1/p2r2P1/6N1/1P5P/3B1P2/R2R2K1 b - - 6 33	g7a1 d1a1 d5d2	1347	01191o
MQ1ZI	5kr1/1p3p1p/p1b1p3/3pPp2/P4P2/1P3PR1/7P/2B3K1 w - - 3 28	c1a3 f8e8 g3g8	1347	0g0i0p1o
Ms0xY	3r2k1/7p/2pP1pp1/p1p2b2/2Pn1B2/3N3P/PP1R1PP1/6K1 b - - 1 27	f5d3 d2d3 d4e2 g1h2 e2f4	1347	010p0s10
NLSI5	1r1q2k1/p1p2pp1/3pr2p/2n5/8/4BQ1P/PPP2PP1/2KR3R w - - 2 17	e3c5 d8g5 c5e3	1347	0g191o
NTSsf	5r2/1kp4p/4R1p1/4p3/4N3/1P1nP3/P2Pr1PP/5RK1 b - - 8 26	f8f1 g1f1 e2e1	1347	050p13151o
NYJZ7	7Q/p1p1kppp/q3p3/2b2b2/5Pn1/2N2N2/PP4PP/R2RB2K b - - 2 17	a6f1 f3g1 f1g1	1347	0y1315191o
PO9Do	6r1/pp1kp1r1/2np1p2/2p1np2/2P2N1P/PP2PP2/1B1P2PR/1R3K2 b - - 4 24	e5f3 g2f3 g7g1 f1e2 g1b1	1347	011011191n1p
RkjZI	8/8/6k1/6r1/1PP5/7p/P2R4/2K5 b - - 1 40	g5g1 c1c2 g1g2	1347	0g0p11121m1o1r
RmHxo	r4rk1/ppp2Nq1/1n1p2pp/4nP2/2PQ4/1P1B3P/P2B2P1/R4RK1 b - - 0 24	e5f3 f1f3 g7d4	1347	0g0j0y191o
UmLhi	rnbq1rk1/ppp2ppp/8/2b1P3/2B5/2B2Q2/P1PPN1PP/R3K2R b KQ - 0 10	d8h4 f3g3 h4c4	1347	0g0s191o
UqEXm	2r3k1/1p3Rb1/p2r3p/6p1/2B5/7P/P5K1/2R5 w - - 1 31	f7c7 g8h7 c7c8	1347	010j0k0p1o
VLrP3	r6k/2p2p2/2QbpPq1/6Pp/7P/1PP5/2PK4/5r1R w - - 0 31	c6a8 g6g8 a8g8 h8g8 h1f1	1347	0g0p0r0t10
VbFOO	r5rk/p6p/1bpQp2p/8/8/5q1P/PPP2PP1/3R1RK1 w - - 0 20	d6e5 g8g7 e5g7 h8g7 g2f3	1347	0g0y101119
VrQu9	1r3k2/2r2p1Q/4B3/p2pq2p/8/2P5/6P1/5R1K w - - 0 41	f1f7 c7f7 h7f7	1347	0p13151o
YpSZ7	2q3kr/pb2Qp2/6p1/7p/8/4P2P/PPP3P1/R4R1K b - - 0 23	c8h3 h1g1 h3g2	1347	0p13151g1o
ZnMJN	2Q5/3P2pk/p5q1/1pp1p2p/4Nn2/P1PP1P2/1P3K2/R7 b - - 2 30	g6g2 f2e1 g2e2	1347	0p13151o
a4o47	5rk1/8/R7/3R4/1b6/1P6/1P1p2PP/6K1 b - - 0 38	b4c5 d5c5 d2d1q	1347	000i0p13151h1o
aevvr	r7/P1qr1p1k/4R1pp/3p4/2pP4/6Q1/1PB2PP1/R5K1 b - - 0 37	c7g3 f2g3 f7e6	1347	010w191o
b5dG2	r1bk3r/ppp3pp/3pB1q1/2bN3Q/3n4/7P/PP4P1/R3R2K w - - 2 17	h5h4 g6f6 d5f6	1347	0g191o
byCjF	8/pp3k1p/4b1p1/3p1p2/1PrP1B1P/P3RP2/3K2P1/8 b - - 1 26	c4d4 e3d3 d4f4 g2g3 f4c4	1347	0g0p0s10
cmPYT	r4bnr/p3ppp1/2Q5/5k1p/6n1/2N4q/PPP2P2/R1B2RK1 w - - 1 20	c6e4 f5f6 c3d5	1347	0f13151c1o
eHnQh	r4k2/1p3p2/p3p3/Pbppn1qP/8/2P1PB2/1P1N1P2/R2QK2R b KQ - 1 20	e5d3 e1f1 d3b2 f3e2 b2d1	1347	010j0k10191g
eXlqA	8/p5p1/7p/1P1Br3/2P4P/5QPk/1q3R2/7K b - - 0 39	e5e1 f2f1 b2h2	1347	0p13151o
eZxJK	7k/pbp3p1/3N4/2pq2B1/3b3P/1P1B2PK/P1r5/4R3 w - - 0 34	e1e8 d5g8 d6f7	1347	1315191g1o
ebV6J	4R3/7p/1p3P2/3k4/4n1P1/7P/2b2K2/8 w - - 1 44	e8e4 d5e4 f6f7	1347	000g0p1n1o
egBGG	3rrk2/p5p1/1p3pp1/8/2QP2q1/4P1P1/PP3PP1/2KR3R b - - 3 23	d8c8 h1h8 f8e7 h8e8 e7e8 c4c8 g4c8	1347	010p1g1w
elwTw	r4b1r/p1Qnk1pp/1n2pp2/1B2q1B1/8/7P/PPP2PP1/3R1RK1 w - - 3 16	d1d7 b6d7 c7d7	1347	1315191o
g00xL	5r2/5pk1/p3p2p/2Pp2q1/7Q/2r5/P2N2PP/5RK1 w - - 1 31	h4d4 e6e5 d4c3	1347	010p0s1o
gAODs	r3kb1r/p1pq1p1p/2p3p1/3bN3/4Q3/2P5/P1P2PPP/R1B1K2R w KQkq - 2 13	e5d7 d5e4 d7f6 e8e7 f6e4	1347	010j0k0s1019
ggpB2	4r1k1/5pbp/6p1/1q6/rpR1NP2/3PPQ2/6P1/1R4K1 w - - 2 35	e4d6 b5d7 d6e8	1347	010s191o
hHzHn	1r6/pp2Pkpp/2p2p2/8/1PP2n2/P4N2/5KPP/3R4 w - - 1 24	d1d8 f7e7 d8b8	1347	0g0p1o
hoHqf	r1bq1rk1/4b1pp/2P1p3/pB2Pp2/1P1p1P2/P3P2P/2Q3P1/RR4K1 w - - 1 23	c6c7 d8d5 b5c6	1347	000d0g11191o
i2RhO	3r1rk1/pp2bppp/4pn2/4B3/3P4/1q1B1Q2/1P2RPPP/3R2K1 w - - 2 20	d3h7 g8h7 f3b3	1347	0g0j191o
i4S7O	3r4/pp6/6kp/2p2np1/3p2P1/1P1R4/6rP/5R1K w - - 0 39	g4f5 g6f6 h1g2	1347	010p1o
i62ds	6k1/4pr2/p2p2p1/3Qbq1p/4N3/P1P5/1P4PP/4R1K1 b - - 5 27	e5h2 g1h2 f5d5	1347	0g0j0p1o
jhbpg	r1bq2kr/pppnp1bp/6p1/4P1Nn/5B2/8/PPP2PPP/RN1QK2R w KQ - 1 10	d1d5 e7e6 d5e6 g8f8 e6f7	1347	0y1013161c
kV2rg	r3brk1/p1R3pp/1p2p2q/1P1pPp2/P4P2/4PNn1/4B1P1/3QBRK1 b - - 2 26	h6h1 g1f2 g3e4	1347	0y1315191o
kuinT	7k/pbp1qrp1/1p2pN1p/4Pp1Q/5P2/2Pr4/PP5P/2K3R1 w - - 0 27	h5h6 g7h6 g1g8	1347	030y1315191n1o
lCKS8	7r/p1p2k1p/2p5/3rp1p1/4QqP1/4R2P/P4P2/R5K1 w - - 6 30	e3f3 f7g7 f3f4	1347	0g0p1g1o
lKVF4	2r3k1/5ppp/1p1p4/1P2p3/1n1pP1P1/B2P1P1P/8/2N1R1K1 b - - 2 31	b4c2 e1f1 c2a3	1347	010p0s1o
ldBkj	r5rk/3RR1p1/5p1p/2p5/1pP3q1/1p4P1/P2Q1P2/K7 w - - 0 36	d2h6 g7h6 e7h7	1347	0p13151n1o
nIO7J	3k4/7p/8/R7/1p3B1P/P5P1/KPP5/4q3 b - - 0 43	b4b3 a2b3 e1a5	1347	010j0p1o
nRZBF	rn2r1k1/p1p2ppp/1p6/3Pp2q/2P1RP2/B7/P1P2P1P/R2Q2K1 b - - 0 17	h5g6 g1f1 g6e4	1347	0g0s191o
oN7eD	5rk1/1pprqp2/p1pbbn1p/4p1p1/4P1NB/P1NP3P/1PP2PP1/R2Q1RK1 w - - 0 14	g4h6 g8g7 h4g5	1347	010y191o
p3EIH	3N4/pp2r1p1/2p2k1p/1n1p4/1P4PP/P4P2/2P2K2/4R3 w - - 3 39	g4g5 h6g5 h4g5 f6g5 e1e7	1347	0g0p0r10
qbjiT	4r1k1/p1P5/4N1p1/7p/3p3P/P2n2P1/5PK1/8 w - - 0 40	e6d8 d3e5 c7c8q	1347	00010p1h1l1o
qviDY	rnbqr1k1/pp3p2/3b1n1Q/3pp1N1/3P4/3B4/PPP2PPP/RN2K2R w KQ - 0 12	d3h7 f6h7 h6h7 g8f8 h7f7	1347	0y1013161c
rCEiA	r1b1kbnr/pppp1ppp/2nq4/4p3/8/2N2N2/PPPBBPPP/R2QK2R w KQkq - 2 8	c3b5 d6e7 b5c7	1347	011c1o
riEab	r1bq1rk1/2pp1ppp/2pb4/p7/4N1Q1/P3P3/1PPP1PPP/R1B1K2R b KQ - 0 10	f7f5 g4f3 f5e4	1347	010s191o
sKwMi	r3qr1k/pp4pp/2n2p2/2p2P1Q/3p1R2/P2P3P/BPP3P1/R5K1 w - - 2 19	h5h7 h8h7 f4h4 e8h5 h4h5	1347	050y101316191f1n
t8BhK	8/4b3/2p1b1kp/1p1p2p1/p2Pp1P1/P1Pr2BP/1P4KQ/8 b - - 11 35	d3d2 g3f2 e4e3 h2e5 d2f2	1347	0g0p10111g
tBkO0	6R1/1p6/k1p4P/p1Qp4/3P4/KP2P3/P1P5/1q5r b - - 8 42	b1c1 a3a4 b7b5 c5b5 c6b5	1347	0p101316
tBoZ4	2r3k1/1bq1bpp1/3p3p/PB1Pp3/8/2B3P1/1P1Q1P1P/2R3K1 b - - 0 25	e7g5 d2d1 g5c1	1347	0111191o1p
uWWUP	r5k1/p2qr1pp/n1R5/3R1p2/8/PpB2Q1P/1P2NbP1/6K1 w - - 0 27	g1f2 d7c6 d5d8 a8d8 f3c6	1347	010j10191n
uvwLg	8/R7/6p1/8/4kP2/pr5P/4K1P1/8 b - - 5 41	b3b2 e2f1 a3a2	1347	000g0p1m1o
vwEkM	rn3rk1/pbp1bp1p/1p2p1p1/4PnN1/3q4/2N3P1/PPP3BP/R1BQ1RK1 w - - 0 14	d1d4 f5d4 g2b7	1347	0g1c1o
wmkDG	3r2k1/2q1bpp1/pn5p/4p3/P1B1P3/5NP1/2Q2PP1/3R2K1 w - - 0 28	c4f7 g8f7 c2c7	1347	0g0j191o
wtqUn	r2q1rk1/ppp2ppp/2np4/2b2b2/2P3N1/6Q1/PPP2PPP/RNB2RK1 w - - 4 11	g4h6 g8h8 h6f5	1347	010y1c1g1o
x3b8V	8/1Q3pk1/6p1/1P1KN2p/5P2/6P1/4q2P/8 b - - 6 40	e2g2 d5c5 g2b7	1347	0g0p1o1p
yN4AF	5k2/5pp1/2qb4/p1p1p3/1pb2p1Q/7R/PP5P/6K1 w - - 3 36	h4d8 c6e8 h3h8	1347	0d0p13151o
28gzQ	4r2k/p5pp/1pp4r/6q1/1P1Q1BP1/P1P3K1/4B3/3R4 b - - 3 41	g5h4 g3g2 e8e2	1348	01191o
3GI7Z	1k1r4/pp2q3/2n2p1r/2p2R2/3pN1Q1/PP1P3P/2P3B1/6K1 w - - 2 25	g4f4 e7c7 f4h6	1348	0g0s191o
4IGaL	8/2p2k2/p1P4p/2bP1rp1/P2B1p2/3R1P1P/6P1/6K1 b - - 2 45	f5d5 d4c5 d5d3	1348	0g0p1o
4Urer	4r3/4P1p1/5b1p/1p4k1/4BR2/2p4P/2P3P1/7K w - - 4 35	f4g4 g5h5 e4g6	1348	0p13151o
5O387	7k/8/6Qp/pp1p4/2n5/4PK2/PP2N1PP/3q4 b - - 0 40	c4e5 f3f2 e5g6	1348	0g0p0s1o
5aqjB	8/4kppp/2p1p3/8/1p3q2/1Q1B4/3R1nPP/1N3K2 b - - 3 28	f2d3 f1e2 d3c1	1348	0g0j0k0p1o
5b69Z	1r2N1k1/pp4pp/2q2p2/4p1n1/PPP5/3P2P1/4QP1P/2R1R1K1 b - - 0 28	g5h3 g1f1 c6h1	1348	0y1315191o
6eb2Y	r4rk1/2Q2p2/2p1p2p/8/3P3P/2P1P3/PPq3P1/K2R1R2 b - - 6 23	a8a2 a1a2 f8a8 c7a7 a8a7	1348	050p1013161n
7d03b	4r2k/pp2q1pp/8/1Q6/4r1P1/1P2pR1P/P7/5RK1 w - - 2 31	b5e8 e7e8 f3f8 e8f8 f1f8	1348	060p0s1013161n
94FM4	7k/8/1R1p2rp/8/1P2K3/8/5P2/8 b - - 3 46	d6d5 e4d5 g6b6	1348	0g0j0p111m1o
AD948	rn1q1r1k/pb3ppB/1p2p3/3p2b1/3P4/4PPnR/PPQB2P1/RN2K3 w Q - 0 16	h7g8 h8g8 c2h7	1348	050j0k0y1315191n1o
ARilc	2r1k2r/pp1qn3/3p1n2/3P2bp/3PQ3/PP4P1/1B3PB1/R3R1K1 w k - 1 24	e4g6 e8f8 g6g5	1348	01191g1o
AqVXU	2kr1b1r/1p3ppp/2n1n3/1N6/8/P7/1B2NPPP/R4RK1 b - - 0 18	d8d2 b2c1 d2e2	1348	010s191o
Ar4xF	3r1k2/6pQ/3p1pP1/1p1R4/p1p1rP2/4q3/PPP5/3R3K w - - 4 39	h7h8 f8e7 h8g7 e7e6 g7f7	1348	0i0p0x101316
BdDAD	r3r1k1/pQp2pp1/3b4/8/2B1N1P1/8/PP3P1q/2R1RK2 b - - 0 25	h2h1 f1e2 e8e4 b7e4 h1e4	1348	0g0w1019
D9tw3	6k1/2p3p1/p1pp2rp/4pNn1/P7/1P1PQP1b/2P2P2/2R1R1K1 b - - 0 24	g5f3 g1h1 h3g2	1348	0k0m0y1315191o
EWjB3	r1b1k2r/p3nppp/2p5/qBb5/1P6/P1N5/2P2PPP/R1BQK2R b KQkq - 0 11	c5b4 a3b4 a5a1	1348	011c1g1o
Eqr35	rn2k1nr/ppp2ppp/4p3/q4b2/8/P1b2N2/1BPP1PPP/R2QKB1R w KQkq - 0 8	b2c3 a5d5 c3g7	1348	011c1o
F59Im	5rk1/1p3p2/p2p1Q2/8/P3b3/3q3P/1P4P1/2R2R1K b - - 2 31	d3h3 h1g1 h3g2	1348	0p13151g1o
Fg3El	3r2k1/pp1q1r2/6pp/2Bp1N2/1P2p3/1Q5P/P4PPK/b1R5 w - - 0 26	f5h6 g8g7 h6f7 d7f7 c1a1	1348	0g0s1019
G4IE9	3n4/3k2p1/b3p1P1/3pP1N1/2pP1P1B/8/4K3/rB3R2 b - - 0 39	c4c3 e2e3 a6f1	1348	0g0j0k191o1p
GCe15	8/5P2/1p2R3/1k6/1P2K2p/8/8/5r2 w - - 1 41	e6e5 b5a4 e5f5	1348	0g0p111m1o
HVfoP	r4r1k/pb1n3B/1p2pq1Q/3np3/3P4/2N5/PP3PPP/R2R2K1 w - - 4 21	h7g6 h8g8 h6h7	1348	0j0k0y1315191o
Jhkd2	1r2k3/pp2b3/2p1Q2p/3q4/3PN3/4P3/PP4PP/6K1 w - - 2 22	e4f6 e8d8 f6d5	1348	0g0p0s1o
L1n5e	rnb1k1nr/pppp1ppp/2q5/b3P3/3N4/P1NB4/1PP2PPP/R1BQK2R b KQkq - 0 8	a5c3 b2c3 c6c3 c1d2 c3d4	1348	010s101c
MazYV	6k1/1b2p3/5bp1/1P5p/8/2P1q2P/rP2B1P1/3R1Q1K w - - 1 28	e2c4 g8g7 c4a2	1348	010s191o
Mtckn	r3k2r/3qb3/p3Qpb1/1p1B4/7p/2P2P1P/PP4P1/R4R1K w kq - 3 23	d5c6 d7c6 e6c6	1348	0g0s191g1o
O899L	2r1k3/5r2/5RR1/7p/8/4PP1P/6PK/5b2 w - - 1 41	g6g8 e8e7 f6f7 e7f7 g8c8	1348	0g0p0r10
OVZgv	r3k2r/ppp5/5p2/3p4/3P4/P1QbqP2/7B/R2K3R w kq - 0 23	h1e1 d3e2 e1e2 e3e2 d1e2	1348	0g10191g
PlcqI	r3r1k1/pp2Rpbp/1qp1b1p1/3p4/5Q2/2PB4/PP3PP1/2B1R2K w - - 10 20	e1e6 e8e7 e6e7	1348	01191o
QfVSd	3r1r1k/6p1/p2pQ2p/2p2p2/2P1pP1P/1P5N/PB5K/1q6 w - - 0 38	e6h6 h8g8 h6g7	1348	0p0y13151g1o
SB3zQ	R1r4k/5pp1/4b2p/8/5P2/2Pr1BP1/P6P/2R3K1 b - - 4 38	d3f3 a8c8 e6c8	1348	010p0t1o
UZhBy	6k1/3R2p1/1q4p1/p7/1p3PPK/4r2P/PP1Q4/8 b - - 4 40	b6f6 g4g5 f6f4	1348	0p13151o
VVO99	3qr1k1/1b3ppp/5B2/1P3Q2/8/1N3P2/P3r1PP/2RR3K b - - 0 28	d8d1 c1d1 e2e1 d1e1 e8e1	1348	0610111316191n
WIJjt	rn1r2k1/1b2bppp/p7/1p1q4/2p1B3/2P1PNP1/PP1N2PP/R2Q1RK1 b - - 4 17	d5e4 d2e4 d8d1 f1d1 b7e4	1348	010j101c
WYDLu	3r2k1/1p1R1ppp/2p5/p3q3/8/PP2P2P/2P1QPP1/R5K1 b - - 0 20	e5a1 e2f1 a1f1 g1f1 d8d7	1348	0g0p0t10
WiLI6	5r2/pp5p/2pkp3/2n5/2P5/3P2P1/P1P3KP/q1B1Q3 w - - 2 25	c1f4 f8f4 e1a1	1348	0g0j0p1o
XnVVs	4rr1k/p5pp/1p2Qn2/2b5/4P3/2Pq1PP1/PB4BP/1R1R3K b - - 4 22	d3d1 b1d1 e8e6	1348	01191o
Y088Y	8/R7/7k/2p1N3/3p4/1PnP2B1/P1r1r2P/7K w - - 5 40	g3f4 h6h5 a7h7	1348	0p13151f1o
YPdvz	8/8/4b3/1P2P3/k7/1p6/1K6/8 w - - 0 88	b5b6 e6d5 e5e6 a4b5 e6e7	1348	00080g0p1011
ZPGQK	7k/R2KB2r/6r1/4P3/1P1P2P1/8/p7/8 b - - 7 58	h7e7 d7e7 g6g7 e7d6 g7a7	1348	050g0p101n1p
ZQkih	8/8/6P1/2k5/R6K/1r6/p7/8 b - - 2 50	b3b4 a4b4 c5b4 g6g7 a2a1q g7g8q a1h1 h4g3 h1g1 g3f4 g1g8	1348	000g0p1h1m1p1w
ZaM7w	r7/pkp1r2p/b3p2P/2R5/3Pp1Q1/2p1P3/Pq3PP1/2RK4 w - - 3 27	g4e4 b7b8 c1b1	1348	0g191g1o
Zh5mF	5r1k/p5pp/8/2nB4/4pN2/3nP1P1/P2r1PP1/1R3RK1 b - - 9 25	d3f4 g3f4 d2d5	1348	010b0j11191o
a5Ccx	8/5pk1/4p1p1/3p3p/3P3P/pQ3P2/r1pB2K1/8 b - - 1 42	c2c1q b3a2 c1b2 a2b2 a3b2	1348	000g0p101g1h
ajy62	5rk1/5ppp/8/8/P2Q4/1R1pP1P1/3PqP1P/6K1 b - - 3 28	e2d1 g1g2 d1b3	1348	0g0p0s1o
auxfQ	4r1k1/1p3p2/pq2pnpQ/3p4/3r4/1PN3RP/P1P2PP1/3R2K1 w - - 0 22	g3g6 f7g6 h6g6 g8h8 g6f6	1348	0g0s10191n
b7YDL	5rk1/pp1R2p1/4npQP/1b2p3/8/1q2P1P1/5K2/8 w - - 3 32	d7g7 e6g7 g6g7	1348	0p13151o
bDBvr	2kr3r/ppp5/2npp3/2b1p1p1/4Q3/P1PP1RqP/1P4B1/RNB4K b - - 1 18	h8h3 g2h3 g3g1	1348	0y1315191n1o
bGfIy	5k2/1p2q3/p2Q4/3Pp3/6P1/1P6/P4PKP/2r5 w - - 1 54	d6h6 e7g7 h6c1	1348	010p0s1o
bSf1G	r7/pp1n3p/2pP1k2/2P3p1/5p2/1QN1q2P/P7/K4R2 w - - 0 32	c3d5 c6d5 b3e3	1348	0g0j0p1g1o
beqYC	r6r/pp1nPkb1/7p/2q2pp1/2p2p2/7P/PP2QPPB/4R1K1 w - - 0 28	e2e6 f7e8 e6g6	1348	0s1315191o
cDu1Y	8/1bp2Rpk/7p/8/6P1/P2P3P/7r/R5K1 b - - 6 50	h2h1 g1f2 h1a1	1348	010p1o1p
gMMhU	4Q3/4n3/pkp5/3r2p1/3P1p2/2P4P/qP3PP1/6K1 w - - 0 31	e8b8 b6a5 b8b4	1348	0p13151o
i7kqT	rn2kbnr/5p2/2p5/1p2p3/P3P3/1BP3qb/P5P1/RNBQ1RK1 w kq - 0 18	b3f7 e8e7 c1a3 b5b4 a3b4 c6c5 b4c5	1348	041317191w
kKyEl	k2r4/2prqpp1/PP2pb1p/8/3n4/4BN2/1Q3PPP/R4RK1 b - - 0 26	d4f3 g2f3 f6b2	1348	0g0j191o
kolbt	r7/p3k1p1/bpn1pq1r/3p1P1p/3P3P/2N1Q3/PP4P1/R3KR2 w Q - 0 24	c3d5 e7d7 d5f6	1348	0g191g1o
mRQ7x	6k1/pp4pp/8/2qR2P1/4p2P/P6R/KPPQ1r2/5r2 b - - 0 30	c5c4 h3b3 f2d2	1348	0g0p1g1o
n0NLm	1r5r/4Rpk1/p2p2p1/2pP4/P1P5/3B1PKp/5P2/1R6 b - - 6 33	b8b1 d3b1 h3h2	1348	000g0p1o
ntuUD	r2qr1k1/pQ3ppp/2p5/3pNb2/3P4/2P5/PP4BP/R1B1bK2 w - - 0 20	b7f7 g8h8 f7f5	1348	010s191o
pE9p7	5rk1/2qpQ1pp/p1b1p3/1p6/1P3p2/PB3P2/6PP/3R2K1 w - - 3 30	b3e6 d7e6 e7c7	1348	0g0p1o
pVQ9e	r2qkb1r/pp3ppb/2n5/1Bpp1PPp/3pPB1P/3P4/PPP1N3/R2QK2R b KQkq - 3 15	d8a5 c2c3 a5b5	1348	010s191o
pmQDx	r3q1rk/pp4pp/4p1n1/3pPpR1/3P3Q/1PP1P2P/6P1/5RK1 w - - 5 26	h4h7 h8h7 g5h5	1348	050y1315191n1o
r6Jjd	8/pp3pk1/2p3p1/8/1P1P2n1/1BP2NP1/P3rPKb/5R2 b - - 6 34	g4e3 g2h2 e3f1 h2g2 f1e3	1348	010p101g
rLTF2	8/4r1kp/p2q2p1/1PpB1p1n/2P5/6pP/2Q1N1K1/R7 b - - 0 31	e7e2 c2e2 h5f4 g2f3 f4e2	1348	050g0s10191n
rVOfr	r2qk1r1/pp1bppQp/3p1np1/2p1n1N1/2B1P3/3P4/PPP2PPP/RN2K2R w KQq - 5 11	c4f7 e5f7 g7f7	1348	040s13151c1o
rhunz	r3k2r/ppp2pp1/1b2P3/4p1p1/2B5/8/PP3qPP/RN1QR2K b kq - 0 15	h8h2 h1h2 f2h4	1348	050y1315191n1o
uteik	1RQ5/p5pk/2p5/3p4/P2Pp2n/4P1q1/8/1R3K2 b - - 3 39	g3g2 f1e1 h4f3 e1d1 g2d2	1348	0p0r10111316
uwre1	r5k1/4qRp1/pb2p2p/3pP1NQ/3P4/P3r2P/6P1/R6K b - - 0 26	e7g5 h5g5 h6g5	1348	0g191o
v1s84	rn1qkbnr/pb4pp/2p1pp2/1p2N3/P1pP4/4PQ2/1P3PPP/RNB1KB1R w KQkq - 0 8	f3h5 g7g6 e5g6 h7g6 h5h8	1348	0110191t
v4pR8	8/1p2k1p1/4q1p1/4rp2/pNn1p3/1PP2B1P/P3QPP1/4R1K1 b - - 0 34	e4f3 e2e5 c4e5	1348	0g191o
vRaGf	5k2/8/1p4K1/p1p3P1/8/8/8/8 w - - 2 56	g6h7 f8e7 g5g6 c5c4 g6g7	1348	000g0p101e
voCpt	3q2k1/pp4p1/2p1rPP1/3p1N2/3P1b2/5P2/P1P3K1/7R w - - 0 30	f6f7 g8f8 h1h8	1348	000p13151o
vtfzV	k2r3r/pNp2ppp/2n5/3q4/8/5QP1/P4P1P/1RR3K1 w - - 3 23	f3d5 d8d5 c1c6 h8b8 c6c7	1348	0b0g1019
wWLeL	rnb1k1nr/ppp2ppp/4p3/8/4p3/8/PqPBNPPP/R2QKB1R w KQkq - 0 8	d2c3 b2a3 c3g7	1348	010v1c1o
x4ib3	1k6/1pR2pp1/P7/1r1N2Kp/5P2/6P1/3b3r/R7 w - - 1 29	a6a7 b8a8 c7c8	1348	000p13151o
xXgb5	8/3Q1Rrk/p6p/4q3/1p6/1P5P/1PP2Pb1/6K1 w - - 0 33	f7g7 e5g7 d7g7 h7g7 g1g2	1348	0g0p0s10
zWlpB	4r2k/1Q1P3p/6pb/p1P2p2/q7/P3r3/5NPP/1R1R3K b - - 0 38	a4d1 b1d1 e3e1 d1e1 e8e1	1348	06101316191n
zs53P	r1b4r/1p1p4/p2Npk2/2p5/2Pn2R1/1P1P2P1/P2NPP2/4K3 w - - 1 22	d2e4 f6e7 g4g7 e7d8 d6f7 d8c7 f7h8	1348	010s191w
0Ttoc	3b2k1/5p1p/4p3/3q1np1/1Q6/P3P3/5PPP/1R4K1 w - - 0 29	e3e4 d5d3 e4f5	1349	010p0s1o
2D2gZ	r4rk1/p4pb1/1p3qpR/3p4/5P2/3BP2Q/P3K3/7R w - - 3 27	h6h8 g7h8 h3h7	1349	0d1315191n1o
2w2YA	rn2k1nr/p1pp3p/1p2p1p1/5p2/2PPB1q1/2P2N2/P3QPPP/R1B2RK1 b kq - 0 11	f5e4 h2h3 e4f3 h3g4 f3e2	1349	00011019
3KgkP	4r1k1/2p2ppp/1nq1r3/8/p2P4/2P3B1/PPQ3PP/R4RK1 b - - 1 23	e6e2 f1f2 e2c2	1349	01191o
894Uu	rn2k2r/p1p1npbp/1p2P1p1/8/8/1B3b2/PPP3PP/RNBR2K1 w kq - 0 12	e6f7 e8f8 d1d8	1349	000413151c1o
8plnM	1rb1k1r1/2q2p2/4pQ2/pp5p/4P2p/P1P5/1P4N1/3R1RK1 w - - 2 31	d1d8 c7d8 f6f7	1349	040i1315191n1o
9ApyE	r1b2rk1/5ppp/p1pQ2q1/1p6/8/1P3N2/1PP2PPP/2KRR3 w - - 2 17	d6f8 g8f8 d1d8	1349	050y1315191n1o
9vRBp	r5k1/p1r2pp1/1p4qp/3Q4/5P2/P3P3/1P4P1/2R3K1 w - - 0 25	d5a8 g8h7 c1c7	1349	0g0p0t0w1o
AAIQT	2k5/1p1rb1pp/p7/4B3/3P3P/2P5/1PK1Q1P1/7q w - - 0 26	e2c4 c8d8 c4g8 e7f8 g8f8	1349	0p101316
APryg	r1b2q1k/pp3prN/3p3Q/2b1p3/2B1P3/8/PPP2PPP/R4RK1 b - - 0 19	g7g2 g1g2 f8h6	1349	0g0j191o
B8TDd	q3k2r/2pbbpp1/p6p/3nP3/3P4/6B1/PPP1Q1PP/RN3K1R b k - 2 15	d7b5 c2c4 b5c4 e2c4 d5e3 f1f2 e3c4	1349	050g0s191g1n1w
CDvpB	kr6/2p1b1pp/p2pB3/3Pn3/R4rn1/2N1B3/PPP5/2K5 w - - 0 29	a4a6 a8b7 a6a7	1349	1315191d1f1k1o
D5utT	6k1/5r1p/p7/1prPBp2/5K2/1PP4P/8/R7 w - - 1 38	a1g1 g8f8 e5d6	1349	0g0p1o
DCKKh	r1bq2nr/ppp2k1p/3p2p1/7Q/3bP3/3P4/PP3PPP/RNB1K2R w KQ - 0 10	h5d5 c8e6 d5d4	1349	010s1c1o
DN8Wc	8/pp5k/2Pp1qpp/1b6/2N1Q2P/3B2P1/PP4K1/8 b - - 0 38	b5c6 e4c6 b7c6	1349	0g0p1g1o
DUIqb	r1bq1k1r/3p1B1p/ppn3pb/4p3/4P3/5Q1N/PPP2PPP/RN3RK1 b - - 2 12	c6d4 f3d3 f8f7	1349	011c1o
IGVWl	1k6/1r6/4p2p/8/4R3/p5P1/5PKP/8 b - - 3 41	a3a2 e4a4 b7a7 a4a2 a7a2	1349	000g0p101m
IZV1M	1r1q1rk1/1p3pbp/p2pp1p1/3P4/2bB4/5B1P/PP3PP1/R2QR1K1 w - - 0 16	d4g7 g8g7 d1d4 e6e5 d4c4	1349	01050s1019
JauJ1	8/p4R2/2N2n1k/4p1p1/1r4p1/1P1r3P/P3R1PK/8 b - - 0 37	g4g3 h2g1 d3d1 e2e1 d1e1	1349	0p101316
KMIHd	7r/pp2rpk1/5np1/3P4/3P1P1q/6QP/P2BP1K1/4R2R b - - 0 28	h4g3 g2g3 f6e4 g3f3 e4d2	1349	01050s1019
KwWNg	4r1k1/1bQ2ppp/8/p7/2B1qP2/8/PPP3PP/6RK b - - 0 24	e4g2 g1g2 e8e1 c4f1 e1f1	1349	0d0p1013161g1n
LvfcR	r1b4R/ppp2R1p/1b1p3k/3P2p1/6P1/2N1p2K/PPP3P1/8 b - - 1 27	c8g4 h3g4 a8h8	1349	010j0p1o
M7ho9	7k/6p1/5p1p/PQ6/8/1Pq5/5PPP/1r3NK1 w - - 1 34	b5e8 h8h7 e8e4 g7g6 e4b1	1349	0g0p0s10
MDlqu	8/2R2P1p/3P2p1/4p3/6kP/5r2/1r3PK1/8 w - - 1 46	c7c4 g4h5 g2f3	1349	0g0i0p111m1o
OCjEW	r6B/pp3k1p/2p1b1p1/5p2/8/PP2bN2/5PPP/2K1R3 w - - 0 24	e1e3 a8h8 f3g5 f7f6 g5e6	1349	010p10
PzuCn	2r2rk1/p1p2qp1/4p2p/6R1/6N1/2Q4P/1P3PP1/6K1 w - - 0 28	g4h6 g8h7 h6f7	1349	0g0p1g1o
RIdzS	4r1k1/2q2pp1/p1pb1B1p/3p1Q2/2P5/1P5P/P2N1PP1/1B2R1K1 b - - 0 22	e8e1 d2f1 d6h2 g1h1 e1f1	1349	0i0y10131619
RMyoa	2k5/Bp2bpp1/2p1p3/4P3/2Q1P3/P2r2P1/1P2qPB1/R5K1 b - - 2 22	d3d1 a1d1 e2c4	1349	010j191o
Sie9p	2r1nr2/1p1q1pkp/3p2p1/p3p3/3nP1PP/5P2/PPPQN3/2KR1B1R b - - 1 17	c8c2 d2c2 d4c2	1349	010s191o
SieCW	r4rk1/p1p3pp/1p1bp2q/8/1P1P1n2/P4NP1/1BQ2PNP/2RR2K1 b - - 0 20	f4h3 g1f1 f8f3	1349	0g0j0y191o
U1WH9	r1r3k1/1b2Pppp/p2R4/6P1/4P1Q1/3nq2P/5RB1/6K1 w - - 1 29	g4c8 a8c8 d6d8 c8d8 e7d8q	1349	00101316191h1n
UBwB0	r1b5/1p3p2/2pp1k2/4q3/p2pPn2/P4N2/1PP1B1Q1/2K3R1 w - - 6 27	g2g7 f6e7 f3e5	1349	0g191o
UgPwP	8/pp2k3/2n1bp2/1K2P1P1/1P6/P3b3/1B2N3/7B b - - 0 31	a7a6 b5a4 b7b5	1349	0p13151o
VJ0F5	4rk2/p1pn3p/1p1b2pN/6P1/2P2p2/P2P4/1B3PKP/4R3 w - - 1 26	b2g7 f8g7 e1e8	1349	0g0i0p1o
Xnq5M	r3k2r/2p2ppp/p3p3/3pBb2/P2Pn3/2PqPP2/1P1N2PP/R1Q1K2R b KQkq - 0 15	d3e3 e1d1 e4f2	1349	1315191o
YOlFS	3R2rk/7p/7q/4p2r/4P3/P4P1P/1P3QP1/3R3K b - - 2 35	h5h3 g2h3 h6h3 f2h2 h3f3 h2g2 f3g2	1349	0i0p13171n1w
bSnCY	r3r1k1/ppp2ppp/3qb3/1B1N4/8/P1P3P1/1Q3P1P/3R2K1 w - - 22 29	d5f6 g7f6 d1d6	1349	010j191o
bYQtd	2r1k2r/1p3ppp/8/pq1pB3/3Pn3/Q3P3/PP4PP/1KR2B1R b k - 5 18	e4d2 b1a1 c8c1	1349	0i1315191k1o
eOcyh	3q3r/1p2kp2/4p3/3pP3/p5P1/P3N1p1/1P4P1/R2R1QK1 b - - 0 28	h8h1 g1h1 d8h8 h1g1 h8h2	1349	050p1013161n
h5D8Y	r6k/p3n2p/1p2q1p1/1Pp2pP1/P1p2P2/3PP3/2N3KR/7R w - - 0 33	h2h7 h8g8 h7h8 g8f7 h1h7	1349	0p0y101316
h7MA7	r2q1rk1/5ppp/p2pp3/3p4/1PnPb3/4PP2/PPN1B1PP/2RQ1RK1 b - - 0 17	e4c2 d1c2 c4e3	1349	010b191o
h9sKh	6k1/1p3ppp/p4b2/2P1q3/1P1r2Q1/P5P1/5P1P/3R2K1 w - - 0 28	g4c8 f6d8 c8d8 d4d8 d1d8 e5e8 d8e8	1349	060p13171w1y
hJIvs	8/7P/5k2/p5r1/1pP3K1/1P6/P7/8 w - - 0 60	g4h4 f6f5 h7h8q	1349	000g0h0p1h1m1o
ihMhs	4r1k1/2p4p/2p1q1p1/5p2/P1N5/1PPrbR1P/1Q4PK/4R3 b - - 3 29	e3f4 f3f4 e6e1	1349	0g0j191o
j493t	r4rk1/3q1ppp/p2pn3/1pp1n3/4P3/2Q1B1PP/PP4P1/1B1R1RK1 w - - 6 25	c3e5 d6e5 d1d7	1349	01191o
j5bpY	r2r2k1/p1p2ppp/8/1R1Q4/B2P4/2P4P/P4PP1/1q4K1 w - - 0 29	b5b1 d8d5 a4c6 d5d8 c6a8	1349	010p0s10
mWRru	2r3k1/4B1n1/3p2p1/2qP4/8/2Q2P2/1P2B3/2K4R b - - 0 31	c5e3 c1b1 c8c3	1349	0g0j191g1o
nLpIQ	4r1k1/p1n2pp1/2RB3p/q2p4/P7/4QP2/6PP/6K1 w - - 1 28	d6c7 e8e3 c7a5	1349	010p1o
oXN4Y	8/1kp2qp1/p1Rb3p/B2P4/5p2/3Q2P1/PP3PKP/4r3 b - - 1 30	f4f3 d3f3 e1g1 g2g1 f7f3	1349	0g0i0p10
pEwuI	1r3rk1/3p1p2/p5pR/1p4Q1/2pq4/3P4/PP5P/2K3R1 w - - 0 27	h6g6 f7g6 g5g6 d4g7 g6g7	1349	0p1013161n
pYn0q	5rk1/2p3pp/4N3/3n1p2/3P4/q1P2Q1P/5PPK/1R6 b - - 0 31	a3d6 f3g3 d6e6	1349	010p0s1o
pm1Np	8/8/1PK5/5pk1/2n5/3N2P1/2p5/8 b - - 0 53	c4e5 d3e5 c2c1q	1349	000g0i0p0z1h1o
pqLaR	8/4R3/8/2P1b3/4k3/pP1pr3/P4K2/8 w - - 0 56	e7e5 e4e5 f2e3	1349	0g0i0p111o
rdavW	5rk1/3b1pp1/p3p2p/1p1pB1q1/3P4/PBr2P2/2PnQ1PP/1R3RK1 w - - 1 20	f3f4 g5e7 e2d2	1349	010v191o
sjnyg	3r3k/3r1ppp/p3b3/1p6/7Q/PP2qP2/2P1B1P1/2RR3K w - - 0 33	h4d8 d7d8 d1d8	1349	061315191o1y
tKhxN	8/6bk/p6p/1p2ppp1/4P3/4KPBP/PPrR2P1/8 b - - 1 31	f5f4 e3e2 c2d2 e2d2 f4g3	1349	0g0p0s10
uZ2lM	5r1k/r7/2p2pQp/p2pp2P/4P3/P2PK1R1/q5P1/8 w - - 0 36	g6h6 a7h7 h6f8	1349	0p0s13151o
v5wrZ	6k1/p4ppp/1p1N4/3P4/5qP1/3Q1nR1/P6P/7K b - - 3 34	f4c1 h1g2 f3e1 g2f2 e1d3	1349	010p0s10
vJIge	r1b1kbnr/pppp3p/2n2p2/8/8/2B2N2/PqP1PPPP/RN1QKB1R b KQkq - 1 8	f8b4 f3d2 b4c3	1349	011c1g1o
wnosA	3r1r1k/1R6/7P/5p2/p1n1pN1P/8/PPP5/4K3 w - - 0 35	f4g6 h8g8 h6h7	1349	000p0s13151o
x02Y0	8/pp3Npk/4R3/7p/7P/5p2/r7/7K w - - 0 35	f7g5 h7h8 e6e8	1349	0p13151o
x198C	rr4k1/6p1/4p2R/1pppN1q1/p2P4/P1P5/1P2QP2/1K6 w - - 0 27	h6h8 g8h8 e5f7 h8h7 f7g5	1349	050g0p0s101n
xnTiM	rn2k2r/pp4pp/2q1pn2/1Nb4b/N7/5P2/PPP3PP/R1BQR2K w kq - 0 15	e1e6 c6e6 b5c7 e8f7 c7e6	1349	050g0r0s101c1n
y3s5x	r1b1k2r/ppQ1bpp1/1q2pn2/2p3N1/2P4N/2P5/5PPP/3R1RK1 w kq - 2 18	d1d8 e7d8 c7f7	1349	041315191n1o
yzAXL	2r2rk1/p2q2pp/1p2bp2/2p5/2Pp1P2/3n2P1/PP1B2BP/R2QR1K1 w - - 0 20	e1e6 d7e6 g2d5 e6d5 c4d5	1349	0110191g1n
zc0sA	R3r1k1/1p1n1pbp/5np1/3Pp3/1qN5/3P1QPP/1B3PB1/4R1K1 b - - 0 19	b4e1 g1h2 e8a8	1349	0g0t0w1112191o
zunYQ	r2qk2r/pppbbppp/2n5/3pp1PQ/7P/2PP1N2/PP2PPB1/RNB1K2R b KQkq - 1 11	g7g6 h5h6 e7f8	1349	011c1o
0O2Dq	4r3/p1k5/8/7R/2B2Kp1/P3Pb2/8/8 b - - 2 46	e8e4 f4g3 e4c4	1350	0g0p0s1o
1EXhv	4R3/6pk/7p/3Q4/2p5/P1P5/2q2r1P/3R3K b - - 0 38	f2h2 h1g1 c2f2	1350	0p13151o1u
21E1V	7k/3r2p1/1Q1Pq2p/4P3/3B4/6P1/r6P/5RK1 w - - 4 42	f1f8 h8h7 b6b1	1350	0g0p1o
2sEUX	8/5kp1/p1P2b1p/5P2/r3p3/2R5/4K1PP/2B5 b - - 0 36	f6c3 c6c7 a4c4	1350	0g0p0t1o
4HqXN	1b1r2k1/p1q3p1/4R1p1/1BPn1p1r/2QPp3/4P1PP/1B3PK1/6R1 b - - 0 29	d5e3 f2e3 c7g3	1350	0g0i191o
4UJaY	r4rk1/pb1p1p1p/1pnpp1p1/q7/2P3QP/P1NBP1P1/1P2NP2/1R2K1R1 b - - 0 16	c6e5 g4h3 e5d3	1350	010s191o
4c5Qd	r4r2/4p1k1/3pbpp1/8/4P3/Pp3P2/1PqQN1P1/K2R3R b - - 1 25	a8a3 b2a3 b3b2	1350	001315191n1o
5D6Iu	1rbq1k1r/1p2pPb1/6Bp/p2Q4/n7/4BN2/1PP2PPP/2KR3R b - - 0 16	g7b2 c1b1 a4c3 b1b2 c3d5	1350	010s1019
6SZ9f	5R2/1kp2Q2/pp1q4/4pK2/1P1r2P1/2R5/7P/8 b - - 0 37	d4f4 f5g5 f4f7 f8f7 d6d2 g5f5 d2c3	1350	0g0p0s1p1w
7szpg	8/2P2Rpp/p5n1/6k1/6P1/1P5P/P5K1/2r5 w - - 0 48	f7f5 g5h6 f5h5	1350	0p13151o
8gdk5	1qk2bnr/rp3ppp/4b3/1Q1p4/2pP4/8/PP3PPP/R1B1R1K1 w - - 6 21	b5e8 c8c7 c1f4 f8d6 f4d6	1350	0g0s1019
93Ahy	r1b5/p1p2k1p/1p3bp1/8/3n4/B4R1P/P1P2PP1/3KR3 w - - 2 18	e1e7 f7g8 f3f6	1350	010i191g1o
BAvxc	r3r2k/2p3p1/p2p2Qp/1p1P4/3P1p2/5nqP/PPP1p1PN/R3R2K w - - 0 29	g6g3 f4g3 h2f3	1350	010b0w191o
BzDXm	8/4P1K1/3n4/5kP1/8/8/8/8 w - - 1 93	g5g6 f5g5 g7h7 g5f6 g6g7	1350	000g0p0z10
CCyyB	1R2nk1r/p3ppbp/3p2p1/3P4/4P3/2r2Q1B/P2q1PPP/1R4K1 w - - 2 20	b8e8 f8e8 b1b8 c3c8 b8c8	1350	05101316191f1n
Ck6yo	8/P1n3pp/3N4/8/2pk4/3p4/5PPP/4K3 w - - 4 44	d6b5 c7b5 a7a8q	1350	000g0i0p0z1h1o
D1UVW	4r3/5R2/p1p3p1/3p1pkb/1B1Pr3/6K1/1PP2P2/7R w - - 8 38	b4d2 f5f4 d2f4 e4f4 f7f4	1350	010p1011
DA9sS	r5k1/1b1p1rp1/p2B3p/4P3/2QP4/5PP1/P1Pq1RKP/R7 b - - 4 21	b7f3 g2g1 d2f2 g1f2 f3d5 f2e3 d5c4	1350	010j0k191n1w
DN3Nt	7k/3R2RP/5pp1/p3pq2/1p6/1P3P2/2r4Q/K7 b - - 2 39	c2c1 a1a2 f5b1	1350	0p13151o
EElRo	r2qk1nr/1b1p1pbp/p1n1p1p1/1p2P3/5Q2/1PN2N2/PBP2PPP/2KR1B1R b kq - 1 10	g7h6 f4h6 g8h6	1350	0g1c1g1o
EL4rv	4N3/q4p2/1b3Qp1/4Pp1p/2P5/1R4rk/r7/5R1K w - - 2 38	b3g3 h3g3 f6g5 g3h3 f1f3	1350	0510131619
FA6xW	2r3k1/4r1p1/n1q3P1/p2pBp2/P2p3Q/1P6/1P4P1/1K6 w - - 2 31	h4h7 g8f8 h7h8	1350	0p13151o
FcqF0	1r4k1/1P4p1/5p1p/2Q1p3/p7/5P2/1qP2P1P/4R1K1 w - - 1 28	c5c8 b8c8 b7c8q	1350	000g0p1h1o
Fjwj2	r1b2r1k/pp4pp/2n2p2/8/2Bqp3/P5P1/1P1N1PP1/R2QK2R w KQ - 2 18	h1h7 h8h7 d1h5	1350	050y1315191n1o
FwNHi	1r6/p2kpb1q/3p2R1/8/2pPQP2/2P5/PP4P1/2K5 w - - 1 32	g6d6 e7d6 e4h7	1350	0g0j0p1g1o
GkZlx	3r4/1q3p1k/6pp/P3b3/8/7P/2QB1PP1/1R4K1 b - - 1 40	d8d2 b1b7 d2c2	1350	010p1o
H3SN6	5rk1/5ppp/p7/1ppnp3/3P1n2/N1P2q2/PPBQ1PrR/3R1K2 w - - 3 27	c2h7 g8h8 h7e4 g2h2 e4f3	1350	010j0k0y1019
HiLnj	r5k1/pb2p2p/1p4p1/2pqN3/8/P1PBb3/1PQ3PP/5R1K w - - 1 21	d3c4 d5c4 e5c4	1350	0g191g1o
HyW4O	4r1k1/1p5p/1pp2p2/4P1pb/3P4/1PB1RNP1/r3R3/6K1 b - - 4 34	a2e2 e3e2 h5f3	1350	01191o
IDLbO	r5k1/pp3p1p/3p2p1/8/4P1N1/3P2PK/2q4P/Q7 w - - 0 31	g4h6 g8f8 a1h8 f8e7 h8a8	1350	0g0p101p
IZekx	r1q3k1/p2r1p1p/1p4p1/3RPn2/5P2/P1PQPN1P/6P1/5RK1 b - - 0 23	d7d5 d3d5 f5e3 d5e4 e3f1	1350	010s1019
Io0P6	2r5/4bppp/4p1k1/R7/1P2p2P/2Pb4/3B1PP1/6K1 w - - 3 30	h4h5 g6f6 d2g5	1350	0p13151o
JdbPs	3R4/1b4pk/p3p2p/npp1qp2/4N1PP/P1P5/1P4B1/2K1R3 w - - 0 23	e4g5 h6g5 e1e5	1350	010j191o
JidP8	8/2q2k1p/2Q3p1/1p1r1p2/1P3P2/4P3/5P1P/2R3K1 b - - 0 31	d5d1 g1g2 d1c1	1350	0g0p1o
JpFR8	8/P4pkp/4pnp1/2Rb4/P7/1P2P2P/1r3PP1/6K1 w - - 5 28	c5d5 b2b1 g1h2 f6d5 a7a8q	1350	00010p101h
KmLgg	7k/1p2R3/p1p5/2P3Kp/1P4p1/2P5/P6r/8 w - - 0 38	g5g6 h2f2 e7e8 f2f8 e8f8	1350	0p0r1013161m
Lazzi	r3k3/ppq2pp1/2nbp1p1/3p2Nr/3P2P1/2P1B3/PP1N1PP1/R3QRK1 b q - 0 15	d6h2 g1h1 h2g1 h1g1 c7h2	1350	050j0k0y101316191n
M37rR	6k1/5pp1/5q1p/2b5/P2NQ3/7P/5rP1/R4R1K b - - 0 22	f2f1 a1f1 f6f1 h1h2 c5d6 g2g3 f1f2	1350	0g191w
M46I1	5rk1/p7/1p6/2p1b1pp/4Q2q/1PP4P/P4RP1/4RNK1 b - - 0 37	h4f2 g1h1 f2f1 e1f1 f8f1	1350	101316191f
M9tRE	6k1/p5p1/2p1pq1p/8/4Pr2/5P1Q/PPn3R1/6RK b - - 3 32	f4h4 h3h4 f6h4	1350	010p111g1o
MF5gM	3rk1nr/1pp2p2/p3B3/4Q2p/4P1p1/2P4q/PP5P/R1B3KR b k - 0 19	d8d1 g1f2 h3f3	1350	0y1315191o
NaM4S	3r4/pp3p2/2p1p1p1/4r1P1/5k1p/P2PR3/1P2K2P/6R1 w - - 0 33	g1f1 f4g5 e3e5	1350	0g0i0p1m1o
OEDqG	7k/6p1/7p/2p5/3b2QP/8/r3q1P1/5R1K w - - 3 37	f1f8 h8h7 g4f5 g7g6 f5f7 d4g7 f7g8	1350	0p13171w
ObO5Q	8/rp1R2R1/1kp1p3/4P3/2P1NP2/P1K3P1/7r/2n5 b - - 9 30	a7a3 c3b4 a3b3 b4a4 h2a2	1350	0p101316
OgARG	2r3k1/p5p1/1p3pK1/4p1p1/8/1R6/PP3r2/7R w - - 8 36	b3h3 g8f8 h3h8 f8e7 h8c8	1350	010p101l1m1p
OgIsU	2q5/6pp/5k2/3Pp1b1/rB6/1K6/1PQ2PPP/3RR3 b - - 5 32	a4b4 b3b4 c8c2	1350	010i191o
OpgRH	r1bqr2k/ppp3pp/5p2/b2BP2Q/3p4/3P2PN/PP1N3P/R1B1K2R b KQ - 0 15	e8e5 h5e5 f6e5	1350	010s1c1o
P1Fq7	r1b1kb1r/ppp2ppp/2n2n2/3p4/2BPq3/2P5/PP3PPP/RNBQ1RK1 w kq - 0 10	f1e1 e4e1 d1e1	1350	011c1g1o
QGadU	r1q2r1k/pb6/1p1pN2p/n2P1pp1/4p3/1Pb1B3/P1PQ1PPP/R4RK1 w - - 0 20	e3d4 h8g8 d4c3	1350	0g191o
QP1l2	rn3rk1/1B3ppp/1q1p4/8/3p1P2/2N5/PP1Q2PP/R4RK1 b - - 0 19	d4c3 d2f2 b6b7	1350	010j0k0w191o
QspuN	8/1p3k2/p1B3pp/2P5/8/P6P/6PK/8 b - - 0 42	b7c6 h2g3 f7e6 g3f4 e6d5	1350	0g0p10
RFt6T	3qr3/2p3kB/1p1p1b1n/3P2p1/1PP5/6Pb/5P2/1Q2NRK1 w - - 2 28	b1g6 g7f8 g6h6	1350	0g0i191o
RdNQE	r4rk1/p1q2pp1/2Q1pb1p/1p2N3/3P4/2P5/PP3PPP/3R1RK1 b - - 0 19	f6e5 c6c7 e5c7	1350	01191o
RrXKd	4q2k/p4prp/2p2Q2/1p1p1P2/2B4R/2P4P/PPP3P1/7K b - - 0 26	e8e1 h1h2 e1g3 h2g1 g3g2	1350	0p0y101316
T0SVs	rnb2rk1/ppp3bp/5np1/3qp1B1/4N3/5N1P/PPP3P1/R2QKB1R w KQ - 0 13	e4f6 g7f6 d1d5	1350	0g0s0w1c1o
U8vOf	8/8/r1p3R1/1PP1K3/8/8/5kp1/8 b - - 0 49	c6b5 g6a6 g2g1q	1350	000g0p111h1m1o
ULEtU	r6k/ppp3p1/7p/1P2b3/2Q1PN2/P2PP1qP/6P1/5RK1 b - - 2 24	g3e3 g1h1 e5f4	1350	0g0p0y1o
UU4mt	4r3/7k/2p1r2p/2P1pq2/P2Q1R1p/4R3/6PK/8 w - - 0 47	d4d7 e8e7 d7e7 e6e7 f4f5	1350	0g0p10
W96Za	3r4/1p4kp/2r3p1/1Q6/4p2q/P4P1P/1P4P1/5RK1 w - - 0 34	b5b7 g7h6 b7c6	1350	010p0s1o
W9tOs	r2qkb1r/pp1b1ppp/2n2n2/1BPp4/8/1P2PN2/P4PPP/RNBQK2R b KQkq - 0 8	d8a5 b1c3 a5c3	1350	010s1c1o
Wt6sL	4r1nr/ppqk2p1/2pb1Bp1/8/3P4/5Q2/PPP2PPP/4RRK1 w - - 1 19	f3g4 e8e6 g4e6	1350	1315191o
WyBpR	8/8/6p1/pk3p1p/1R1K1P1P/1P4P1/1P6/8 b - - 0 51	b5b4 d4d5 b4b3	1350	0g0p0t1o
Y1CQC	1r1qnrk1/p5bp/4p1p1/1P6/4P1P1/2NQ3P/3BK1B1/1R4NR b - - 0 23	f8f2 e2f2 d8d3	1350	010i11191o
Y7pUU	r3k3/p2q2r1/1pnp3p/3N1p2/Q1P1p3/3nP2P/PP1BKPP1/R5R1 b q - 3 25	c6d4 e3d4 d7a4	1350	0g0j191o
ZD44N	r1b2rk1/pp1p1ppp/1qn5/8/2B1n3/1N2N3/P3QPPP/R4RK1 w - - 2 15	e3d5 b6d8 e2e4	1350	010j191o
ZJOdK	1k3r2/5r2/R7/1p1P4/P1p1Q3/2P3bP/2B2qP1/6RK b - - 0 37	f2g1 h1g1 f7f1	1350	051315191f1n1o
a05PW	3k4/R2P3p/1pK3p1/5p2/P7/8/8/3r4 w - - 3 51	a7a8 d8e7 a8e8	1350	0g0p1m1o
bpNbk	k3r3/pp4pp/5n2/3q4/8/Q4RB1/P3r1PP/1R5K w - - 8 26	a3a7 a8a7 f3a3 d5a5 a3a5	1350	05101316191f1n
f26vd	4Q3/p1p1P1kp/1p1p2p1/8/2P5/8/PP2p1PP/5qRK b - - 0 28	f1g1 h1g1 e2e1q	1350	00050p13151h1o
hPNWj	r5k1/ppq1r1pp/2n1p3/8/2B2Q2/P1N5/1P4PP/5R1K w - - 2 25	c4e6 e7e6 f4c7	1350	010i191o
hWm6Y	r1bq1r2/ppp2ppk/2n4B/3pp2Q/2B1P3/8/PPPK1bPP/RN5R w - - 0 10	h6g5 h7g8 g5d8	1350	0g0j0k191o
hXXWO	6rk/2B4p/5pqn/3P4/P3PQ2/1P6/2R3P1/7K b - - 0 41	g6h5 h1g1 h5d1 f4f1 d1c2	1350	010p0s10
i4p9E	r5k1/3Qb1np/8/3pP3/1p1P1P2/1PpqB3/6PP/5RK1 w - - 1 23	d7d5 g8f8 d5a8	1350	0g0s191o
iPA2q	r1b1k2r/3n1p2/p1pRp1pP/q7/2Q1P3/2P1B3/P1P2P2/2K2BR1 b kq - 2 17	a5a3 c1d2 a3d6	1350	010s191o
ib9cz	r2q4/1b1p1k2/p2PpP1r/1p6/1P3PQ1/P7/6PP/5RK1 w - - 0 27	g4g7 f7e8 f6f7	1350	000p0s13151o
lG7kb	3rk3/p6p/1p1n2p1/6B1/1K1p2NP/NB1P4/PPP4P/R2n4 b - - 1 26	a7a5 b4a4 d1b2	1350	1315191o
lxdk6	Qb4k1/5p2/p1Nq1Pp1/8/2n5/1pP4P/1P3R2/7K b - - 5 45	d6d1 h1g2 c4e3	1350	0p13151o
oq2wX	6k1/5pp1/3b3p/pp1P2q1/4r3/1P1R2P1/3N2KP/2Q5 w - - 0 33	c1c8 g8h7 d2e4	1350	0g0p0w1o
os9Hc	1R6/8/8/5P2/2k4P/4K1P1/1pr5/8 b - - 0 54	c2c3 e3f4 c3b3	1350	0g0p1m1o
q110B	8/1R3ppr/p1p1pk2/2Pn4/3P1pP1/P7/2q1B1Q1/6K1 w - - 1 40	g4g5 f6g6 e2h5 h7h5 g2c2	1350	0g0j0p10
qgIJh	8/5k2/1R2pb2/5p2/2P4p/1P1n3P/1r4P1/4BRK1 b - - 4 36	f6d4 g1h2 d4b6	1350	010p0s1o
rINMe	8/1p2R1pk/5p1p/5P2/1q4P1/7r/5Q2/4R1K1 b - - 1 32	b4g4 f2g2 h3g3	1350	0g0p1g1o
uDRN7	5Nk1/Rb5R/6p1/1r1qPpN1/3P4/2P1P3/2Q3PP/6K1 b - - 0 33	b5b1 g1f2 d5g2	1350	1315191o
wC1mW	5rk1/1p4p1/1q2p3/pb1p1pN1/1b1P4/2r1PKP1/PR3PP1/1Q5R w - - 0 24	h1h8 g8h8 b1h1 h8g8 h1h7	1350	050y101316191n
xSmy8	2r3k1/5p2/2pR4/6bp/1pB2Nb1/pP4P1/P1P5/1K6 w - - 0 29	d6g6 g8f8 g6g5	1350	010p1g1o
zuCeZ	2r3k1/5pp1/1pq4p/P4Pn1/2Pp4/P2Q2P1/4R2P/2R3K1 b - - 0 30	g5h3 g1f1 c6h1	1350	0p13151o
0x4C8	r2q4/1b1p2kp/p3p3/1p4b1/5rQ1/1BN5/PP3PPP/2RR2K1 w - - 2 22	d1d7 d8d7 g4g5 g7h8 g5f4	1351	0g0i0s1019
1JG8g	8/pp4k1/8/3p1b2/3Pr2n/1QP5/PP1K4/4R3 b - - 19 42	h4f3 d2c1 e4e1	1351	0g0i0p0s1o
1NmOM	5k2/8/8/3R3B/3pn1pP/8/1P4PK/r7 b - - 2 37	g4g3 h2h3 a1h1 h3g4 e4f6 g4g3 f6d5	1351	010p0s1w
2VWnH	4r2r/p4kpp/1qp5/6Q1/8/nbP2P2/P5PP/2K1R3 w - - 0 23	g5f5 f7g8 e1e8	1351	0i1315191o
3Y6hq	2kr1b1r/ppp1pppp/5n2/q2P4/2B5/2N2Q1P/PPn2PP1/R1B2RK1 w - - 0 11	f3f5 e7e6 f5c2	1351	0g0s111c1o
3cb2E	8/8/Rbk1p3/5p2/2B2P2/6K1/5r2/8 w - - 0 69	a6b6 c6b6 g3f2	1351	0g0p1o
3gprE	2r3k1/r2p1ppp/1p6/7R/3qPQ2/1B3P2/P1P1b2P/2K5 w - - 10 36	f4f7 g8h8 h5h7 h8h7 f7h5	1351	05101316191n
3liIv	8/4Bp2/4b3/1p1pKpPp/3P3k/2P5/8/8 w - - 0 40	g5g6 h4g4 g6g7	1351	00080g0j0k0p1o
4868S	1k1N4/p1p5/6r1/4Pp1r/8/2P2P2/PP2RbPP/R6K b - - 3 30	h5h2 h1h2 g6h6	1351	050p13151f1n1o
4NYZy	5rk1/6p1/1p4QR/1Pb1p3/P1b1P3/5PP1/6K1/3r1BNR b - - 1 35	c4f1 g2h2 d1d2 g1e2 d2e2	1351	101316191f
59fTD	2r2rk1/p3ppbp/3pb1p1/qP6/3BN3/1P3P2/P2QB1PP/R4RK1 b - - 0 15	a5d2 e4d2 g7d4	1351	0b0g191o
5V9Zo	5k2/ppr1nr1p/8/4RpB1/5N2/8/PP5P/1K6 w - - 10 30	f4e6 f8e8 e6c7	1351	010p0s1o
5X4DC	8/1Q6/3p1p1k/5q1p/8/P6P/1Pr1r1P1/5RRK b - - 5 34	f5h3 g2h3 e2h2	1351	0p13151n1o
5vOvy	5r2/4pP1k/7q/2p3Qp/2B5/4r2P/6P1/5R1K w - - 1 32	g5g8 f8g8 f7g8q	1351	000p13151h1o
60fEG	r4rk1/ppb1qpp1/2p1p3/3nP1N1/3P4/P4QN1/1P3RKP/2R5 w - - 1 28	f3h5 e7g5 h5g5	1351	0g191o
6kdG2	2krr3/1pp2p1p/p1q1b1p1/8/3B2P1/2NQ1P2/PP5P/3R1RK1 b - - 4 18	e6c4 d3d2 c4f1	1351	01191o1p
7lXZu	8/5pk1/8/2P4Q/5q2/4p2P/6K1/8 w - - 0 51	h5g4 f4g4 h3g4 e3e2 g2f2 e2e1r f2e1	1351	0g0p1i1w
80Gt1	r4k2/1b3p2/p1p2p1N/2ppb3/8/2PP3P/PP1N1PP1/4R1K1 b - - 0 21	e5f4 h6g4 f4d2	1351	010p0s1o
81Z7D	4kb2/p1p3p1/8/4P1qp/6r1/5Q2/PPP3P1/RN2R1K1 b - - 1 27	f8c5 g1f1 g4f4	1351	01191g1o
8B1BS	4r2k/pp2P1rp/8/1b3R2/3B4/2Pq3P/P4PP1/5RK1 w - - 0 28	f5f8 e8f8 e7f8q	1351	001315191g1h1o
8gyhu	1n2kb1r/rb1p1ppp/pq2p3/1p1nP3/2P1B3/P1N2N2/1PP2PPP/R1BQ1RK1 b k - 0 11	d5c3 b2c3 b7e4	1351	010b0j1c1o
AUcog	5k2/ppN2p1p/5Qp1/2p5/4P1P1/2P5/7P/q4bK1 w - - 0 28	c7e6 f8g8 f6d8	1351	0p13151g1o
AnMnN	1b5k/6p1/2Q4p/pN3p2/P7/Bq4PP/7K/8 b - - 0 38	b3g3 h2h1 g3h2	1351	0p13151o
BNsqP	rn1k1r2/ppp2pQp/4b3/8/q7/2B2N2/P4PPP/4K2R w K - 0 16	g7f8 a4e8 c3f6 d8d7 f3e5 d7c8 f8e8	1351	0i0t1317191w
CeeTk	4r1k1/R4ppp/2b2r2/P7/8/5P2/4BK1P/7R b - - 0 25	e8e2 f2e2 c6f3 e2e3 f3h1	1351	050g0p0s10
GXrCt	1k5r/p1r2p2/4p2p/2b1N1p1/8/P3P3/1P4PP/R1R3K1 w - - 0 22	c1c5 c7c5 e5d7 b8c7 d7c5	1351	050g0p0s101n
Gbsj1	3r4/p7/1p4kp/4bp2/3P4/1P3K1P/P4B2/3R4 w - - 1 34	d1g1 g6f7 d4e5	1351	0g0p1o
ID5p1	2r5/p1q1b1kp/1p1p2p1/3Qp1P1/4P3/1PP3r1/1P1B4/2KR3R w - - 2 25	h1h7 g7h7 d5f7 h7h8 d1h1 g3h3 h1h3	1351	051317191n1w
JDRKR	rnb1k2r/1p1p1ppp/p1p1p3/8/1PP2n2/P2PqN1P/3NB1PR/R1BQK3 b Qkq - 3 11	f4d3 e1f1 e3f2	1351	13151c1o
KkjAQ	6k1/5pp1/4pq1p/p1b1Q3/1p4R1/1B4P1/PP3P1P/4R1K1 b - - 0 30	f6f2 g1h1 f2f3	1351	0p13151o
LLG5B	5k1r/NR3ppp/6B1/8/8/2P1nPP1/P3r1P1/R5K1 b - - 0 27	e2g2 g1h1 h7g6	1351	0j0k0w1315191o
LOyZV	3k1N1r/1p3ppp/8/2p5/3n4/3qQ3/P1p1NPPP/R4K1R b - - 3 18	d3d1 a1d1 c2d1q	1351	001315191h1o
LnFyk	3rkb1r/pQ2nppp/2p5/2Bp4/8/3n4/PPqN1PPP/4RK1R w k - 2 16	e1e7 f8e7 b7e7	1351	1315191o
MA4yI	2kr2n1/ppp2pR1/3pb2b/3Np3/4P3/1P1P4/PBP5/1K3B2 w - - 3 22	g7g8 d8g8 d5e7 c8d7 e7g8	1351	01050s10191n
Mtpsx	4r1k1/1p3ppp/ppqp4/8/P7/1P1B2P1/2PQ1P1P/4R1Kb w - - 2 21	e1e8 c6e8 g1h1	1351	0g0p1o
OjGWj	r1b2rk1/pp2bppp/1q2pn2/4P3/2Pp1P2/6P1/PP2Q1BP/RNBR2K1 b - - 0 13	d4d3 e2f2 e7c5	1351	0g0j0k1c1g1o
On9C1	8/p7/1p6/3K2pp/1PP3k1/8/8/8 w - - 0 60	c4c5 g4f4 c5c6 g5g4 c6c7 g4g3 c7c8q	1351	000g0p1e1h1w
Oo43d	5r1k/2QR2b1/p4qpp/4p1p1/8/1B6/PrP2PPP/5RK1 b - - 1 23	f6f2 f1f2 b2b1 d7d1 b1d1 f2f1 d1f1	1351	0y1317191n1w
PBrK6	2rr2k1/p2b1ppp/4p3/2p5/B2RP3/2P1P3/P5PP/R5K1 w - - 0 18	d4d7 d8d7 a4d7	1351	010p1o
PQ7sG	2kq3r/pp1n1pp1/4p2p/3pP3/2pP2b1/2P1Q1b1/PPBN1RP1/R1B4K b - - 2 18	d8h4 h1g1 h4h2 g1f1 h2h1	1351	0y10131619
PSS4j	5rk1/n4pp1/B2rp2p/2Q1q3/1P1p4/P6P/5PP1/2RR2K1 b - - 0 28	e5c5 c1c5 d6a6	1351	01191o
Ru9hR	4r3/1R4pp/pN6/2k5/5P2/6PK/P1r4P/8 w - - 4 30	b7c7 c5b6 c7c2	1351	010p1o1p
S3RlP	4N1k1/5R2/1nP3P1/3Pp3/1p2P2K/1r6/8/q7 w - - 0 58	e8f6 g8h8 g6g7	1351	000p13151o
STBps	6rk/1p2q1rp/p1n1bQ2/3pPp2/3P4/P3B2R/1P5P/5R1K w - - 0 28	h3h7 h8h7 f6h6	1351	050y1315191g1n1o
T4ePc	1r4k1/5Rp1/1pQNp2p/p2p2q1/3P4/P3PP2/1P1n2PP/6K1 b - - 0 27	g5e3 g1h1 e3e1	1351	060p13151o
TcXQ5	r2qk2r/1b1n1p2/p3p2p/bpP1P3/2p1N1pP/P1P3B1/2Q1BPP1/R3K2R b KQkq - 2 17	b7e4 c2e4 a5c3	1351	0b0g11191o1r
USKRK	6k1/4Rppp/1p1n4/3P4/5N2/2P3P1/1P1n1PKP/3r4 w - - 2 37	e7d7 g8f8 d7d6	1351	010p11121o
V3ETn	k3r3/ppBr2p1/2p2p2/3b3p/8/8/1PP2PPP/R4RK1 w - - 3 26	a1a7 a8a7 f1a1 d5a2 a1a2	1351	050p1013161f1k1n
VXGtz	2kr2n1/4b3/ppbq1pp1/3p2B1/2pP4/P1P4Q/1P3PPP/RN2R1K1 b - - 2 17	c6d7 h3e3 f6g5	1351	010h191o
VxUwA	2rr1k2/2n2pp1/7p/4p3/4P3/R1P5/P1K2PPP/6NR b - - 4 24	c7b5 a3b3 b5d4 c2b2 d4b3	1351	010p101g
VyYgk	8/1B3pk1/3p2p1/2rP3p/p3K3/PpR5/1P4PP/8 b - - 6 36	c5c3 b2c3 b3b2	1351	000g0p1o
VyvoN	2rq3k/p3b1pp/2p1Rr2/1p1nN3/3P4/1QP5/PP3PPP/4R1K1 w - - 4 20	e6f6 g7f6 e5f7 h8g7 f7d8	1351	0g0s1019
W0tDI	r1b5/pppp1r1k/2n3p1/3Q1pP1/2P5/2q2N2/P3BKP1/R7 w - - 0 18	d5f7 c3g7 a1h1	1351	0t1315191o
WMQYX	3r1rk1/pp1bbppp/4p3/1B1nq3/P7/4N3/1P3PPP/R1BQR1K1 w - - 0 16	e3d5 e5d5 d1d5 e6d5 e1e7	1351	011019
XG0D6	8/5n1p/6pk/3p1p2/1P3q2/2Q5/6P1/6BK w - - 4 44	g1e3 f4e3 c3e3	1351	0g0p1g1o
XZM71	r5k1/5ppp/1q6/p3p1P1/P6P/KN3P2/1PQ5/3r1B1R b - - 0 30	b6b4 a3a2 b4a4	1351	0i1315191o
ZHPI1	8/p1q5/5kpp/1P3p2/8/7P/Q4PP1/2r2RK1 w - - 1 39	a2b2 c7c3 b2c1 c3c1 f1c1	1351	0g0p10
aD8i6	2r3k1/1b3pp1/p3p2p/1p2q3/1P6/P2Q3P/5PP1/1B1R2K1 w - - 0 30	d3d8 c8d8 d1d8	1351	0p13151f1n1o
aM8Hw	r2r3k/p5pp/2p2pqn/4p3/2Q1P2B/1P1B1N2/1K3PPP/7R b - - 4 18	g6g2 h1a1 g2f3	1351	0g0s191o
bAQT1	r3r1k1/pppq1pp1/3p4/3Pp1p1/2P1R1Q1/1P1P3P/P4PP1/1R4K1 b - - 1 18	f7f5 g4g5 f5e4	1351	010p0s1o
dLjLA	rn1q1rk1/p4ppp/1p6/4p3/8/3QPN2/PP3PPP/3RK2R b K - 1 16	d8d3 d1d3 e5e4 d3d6 e4f3	1351	010s1019
eNRQu	1r3rk1/pR3ppp/3P3n/8/8/6Pb/2P1PPBP/5RK1 w - - 0 23	b7b8 f8b8 g2h3	1351	0g0w191o
hpHiN	r1b1k2r/3p2p1/pp5p/3P4/Q4R2/2Pnq3/P5PP/5R1K w kq - 0 21	f4e4 e8d8 e4e3	1351	0g0s191o
iCbnk	5N2/ppp5/2kp4/5B1Q/3bP3/1P1K4/b1P2qP1/8 w - - 3 31	f5d7 c6b6 h5b5	1351	0p13151o
iy1ko	8/1pk5/p3pB2/5p1R/1bP4P/4PK2/2b5/8 b - - 0 39	c2d1 f3f4 d1h5	1351	0g0p1o1p
jtuAt	2b5/8/8/2Np1k2/P1pP4/1pP4K/1P6/8 b - - 0 65	f5f4 h3h4 f4e3 a4a5 e3d2 a5a6 c8a6	1351	0g0j0k0p1w
k24xo	2k5/ppp5/2n5/3r1p2/2NP2pp/2P5/P1r2PPP/R2R1K2 w - - 4 26	c4e3 c2c3 e3d5	1351	0g0p0s1o
kZPsy	8/pp3pkp/6pq/5P2/8/2K3P1/P7/7Q w - - 0 35	f5f6 g7f6 h1h6	1351	0g0i0p1i1o
kqGWW	r3kb1r/2p2pp1/p1p5/4p1B1/7N/2P5/PP1N1qRK/R2Q4 b kq - 1 18	h8h4 g5h4 f2h4 h2g1 f8c5 g1f1 h4h1 f1e2 h1g2	1351	0g0i0r191w
mJ478	3k4/2p5/2QpBP2/1P2p3/2N5/2PP2P1/1B5r/3KNq2 b - - 0 34	f1e2 d1c1 e2e1	1351	0i1315191o
mLFZv	r4qk1/1pp3p1/p2p3p/2b1p2n/3NP3/3P3P/PPPB2PN/R2Q3K b - - 0 17	h5g3 h1g1 c5d4 d2e3 d4e3	1351	0w0y10131619
nNRZo	r5k1/4b1p1/p1n3p1/q1pr2N1/1p4P1/1P2BP2/P1P1N3/1KQ4R w - - 0 24	h1h8 g8h8 c1h1 h8g8 h1h7 g8f8 h7h8	1351	050y111317191n1w
p1PkC	8/p6p/4PRp1/3p4/1p1Pk3/4r2P/5K2/8 w - - 0 50	e6e7 e4d4 f6f4 d4d3 f4f3 e3f3 f2f3 b4b3 e7e8q	1351	000g0p1g1h1m1w
raSO0	1r5k/p2n3p/3Q4/8/7P/P1r2P2/1Pq5/K5R1 w - - 2 28	d6d4 d7f6 d4f6	1351	0p0s13151o
rhGUi	8/5p1p/6p1/8/3p1PPP/pk1r4/R3K3/8 w - - 2 47	a2a3 b3a3 e2d3	1351	0g0p1m1o
shsAS	1k5r/2p3pp/3b4/Pr2pP2/6P1/1P1Q2R1/1BKP1P1P/R6q b - - 2 33	b5c5 b2c3 h1a1	1351	01191g1o
sszSD	2k2b1r/p1pR1Rpp/1p3n2/8/1qP3B1/2N5/PPn3PP/7K w - - 1 19	d7c7 c8d8 c7c8	1351	0k0m1315191d1k1o
u21hb	r2r3k/pp4pp/5qp1/3Q4/5PP1/BPb1P2R/P5K1/1R6 w - - 5 23	h3h7 h8h7 b1h1 f6h4 h1h4	1351	050y101316191n
uKrWs	Q4b1r/p4ppp/4pk2/1B6/3q2P1/P6P/1P3P2/R3K2R b KQ - 0 18	f8b4 e1f1 h8a8	1351	010j191o
uw8hw	4q1Q1/4r2p/5k2/p3pp2/3p4/7P/P1P2P2/1R4K1 w - - 2 39	b1b6 e7e6 g8e8	1351	0g0p1g1o
x9P30	r5k1/ppq1p2p/2ppPrpQ/5p2/5P2/2PR4/P4P1P/bN4K1 w - - 1 21	d3h3 f6f7 e6f7 g8f7 h6h7	1351	00050g0y10191l
x9wDR	5r2/4b3/1p1pq1k1/p3p1pp/P3Pn2/5QNP/1P3PPB/2R3K1 b - - 1 33	f4h3 g2h3 f8f3	1351	0g0j0y191o
ydEed	5rk1/p2r2p1/1pp3pp/2Q1P3/1PP5/P4pPP/2q2P1K/2R1R3 w - - 0 29	c5f8 g8f8 c1c2	1351	0g0p1o
ywFhK	2kn3r/pp4R1/4N2p/2NpP3/2pP2PP/5r2/PPPq4/1K5R w - - 2 29	g7c7 c8b8 c5d7 b8a8 c7c8	1351	0610131619
z2oIM	3r2k1/pppR1rpp/8/q2P4/8/8/P3Q1PP/6K1 w - - 0 23	d7d8 f7f8 e2e6 g8h8 d8f8	1351	060i0p0t101316
z3WOv	8/8/1B1PK3/Pk1B4/8/8/7p/3r4 b - - 1 60	d1d5 e6d5 h2h1q	1351	00050g0p1h1o
zMtUF	1r3r1k/1p1q3p/p2p2pQ/2p5/P2pPNn1/3P4/1PP3PP/5RK1 w - - 10 28	f4g6 h8g8 f1f8 b8f8 h6f8	1351	0j0y101316191g
zahE8	r4rk1/1pq2ppp/3bpn2/p3Nb2/P1B2B2/2P2Q2/1P3PPP/3RR1K1 b - - 5 16	d6e5 f4e5 c7c4	1351	0b0g11191o
1NnDX	8/6pp/4bp2/5P2/3K4/6P1/kr6/3R4 w - - 1 49	f5e6 b2e2 d4d5	1352	010h0p0t111o
1XyRx	r1bqk2r/ppp3pp/2nbpp2/3pN3/3PnB2/2P1P2P/PP3PP1/RN1QKB1R w KQkq - 0 8	d1h5 g7g6 e5g6 h7g6 h5h8	1352	0g101c
1qM33	3r3r/p1p2pp1/k6p/1R6/1P6/2PB1P2/3K1bPP/7R b - - 0 24	d8d3 d2d3 a6b5	1352	0g0p1o
3naVc	4r1k1/3R3N/p5p1/2p3N1/Pp6/2q5/6PP/3R2K1 b - - 2 36	e8e1 g1f2 c3e3	1352	0p13151o1u
5Up9u	3r2k1/ppp3p1/1b5p/3N1p1b/1P2qB2/P1P5/3Q1PPP/R5K1 w - - 2 23	d5f6 g7f6 d2d8	1352	010j0y191o
5eaxx	2kr2nr/Bb3pbp/3pp1p1/7q/5P2/P4N2/1P4PP/R2QKB1R b KQ - 0 15	h5a5 d1d2 a5a7	1352	0g0s1c1o
5gmfa	r3r2k/pbp4p/1pn5/5pQ1/2Pp2PP/5q2/P1P2P2/R4KR1 w - - 0 23	g5f6 h8g8 g4f5 f3g4 g1g4	1352	0j0k0y10131619
5r816	4Nk2/pb3p2/2p3p1/4p1Np/2n4P/2P2B2/qP3QP1/2KR4 b - - 0 26	a2a1 c1c2 a1b2 c2d3 b2f2	1352	0g10191k1p
6IZ6i	r7/2Q5/4b1nk/3p1pR1/3PpPp1/1P2P3/q5P1/5K2 w - - 0 33	g5h5 h6h5 c7h7	1352	050p1113151n1o
8HMib	4q1k1/pb6/1prB1Qp1/3p2P1/3P4/2P5/P1P5/1K3R2 b - - 4 31	c6d6 f6d6 e8b5 b1c1 b5f1	1352	010d0p0s101n
8Mj1Y	4r3/pp2P3/8/3P1k2/4r3/8/P3R3/6K1 w - - 1 47	e2e4 f5e4 d5d6 e4e5 d6d7 e8e7 d7d8q	1352	00010p1h1m1w
8OMbS	r1bqkbnr/pp3ppp/8/4n3/3QN3/5N2/PP2PPPP/R1B1KB1R b KQkq - 0 8	e5f3 e2f3 d8d4	1352	0g0w1c1o
8y8YG	4kr2/pppb2pp/3p4/2bPp1B1/PP6/1nPP3P/R3K1P1/1N5R b - - 4 21	f8f2 e2e1 f2a2	1352	0g191o1p
ByVIG	3r2k1/1b2bppp/p7/1p4q1/1P2N1P1/P3Pn1P/1BQ2PB1/1K5R b - - 0 22	b7e4 c2e4 f3d2 b1c2 d2e4	1352	050g0r0s10191g
ESv1C	6k1/R3bp1p/4p1p1/2p1Pn2/2P1NB2/3P1KPP/1r6/8 b - - 8 30	f5d4 f3g4 h7h5	1352	0p13151o
FGTDU	r2qk1nr/pp4pp/2nb4/3Qpb2/B7/P4N2/1PP2PPP/RNB1K2R b KQkq - 0 10	d6b4 a3b4 d8d5	1352	0g0j1c1o
FdvQv	r5k1/2p3n1/p4q2/1pQ4R/5pP1/8/1P3PPK/8 w - - 7 36	c5d5 f6e6 d5a8	1352	0g0p0s1o
GEU9l	8/1R6/p6N/8/k2B4/P2n4/r6r/1R3K2 b - - 0 40	h2h1 d4g1 a2f2	1352	1315191g1o
GcExP	r1bqkb1r/pp3ppp/8/2p1P3/2B1n3/PP2P3/1B3PPP/RN1QK2R b KQkq - 0 10	d8d1 e1d1 e4f2 d1e2 f2h1	1352	01050s101c
Gh1bE	6k1/5p2/1q1Q2p1/2r2r2/2P5/8/6PP/2RR3K b - - 0 32	f5f1 d1f1 b6d6	1352	0g0i0p1o
Gjtjl	3r2r1/2p2R1p/p3p3/P2k4/2qP1Q2/6PK/7P/8 w - - 9 37	f4e5 d5c6 f7c7	1352	0p0x13151o
HnQRv	5rk1/3R1ppp/p7/1p6/1P2q3/P7/1Pr2QPP/5RK1 w - - 2 25	f2f7 f8f7 d7d8 e4e8 d8e8 f7f8 f1f8	1352	0p13171n1w
JS3By	6k1/6p1/1pp1P2p/3p4/1q1P4/6PP/5QK1/8 w - - 0 40	f2f7 g8h7 e6e7 b4d2 f7f2	1352	000g0p101i
KqQMm	r4rk1/1p4n1/p3pp1P/3p2N1/3P1N2/P2P3P/1P6/1K6 w - - 0 26	h6h7 g8h8 f4g6	1352	000p13151o
LaBjG	4r1k1/2qR2p1/p7/2p5/2P1p3/1P4QP/P2R2PK/5r2 b - - 10 40	f1h1 h2h1 c7g3	1352	0g0i0p1o
M4BQ3	r2qkb1r/pp2pppp/2n2n2/1BPp4/6b1/1P2PN2/P1P2PPP/RNBQK2R b KQkq - 0 6	d8a5 d1d2 a5b5	1352	010s191o
NmnGD	3Rb1k1/p6p/4r1p1/2p3Q1/4q3/2P1B3/P4PPP/6K1 b - - 5 33	e4b1 e3c1 e6e1	1352	060d0p13151o
OBIQX	1r2k2r/pp3pp1/2n1b2p/1Q1pPp2/3P4/2P1BN2/q4PPP/1R3RK1 w k - 0 17	b5c6 b7c6 b1b8 e8e7 b8h8	1352	0g0j10191p
OIdFM	8/5k2/2PK2p1/6qp/8/3Q3P/8/8 b - - 8 58	g5d8 d6e5 d8d3	1352	0g0p111i1o1p
PKMiG	3r4/2R3p1/4p1k1/pB2Kp1p/Pb3P1P/4P3/5P2/8 b - - 1 30	b4d6 e5e6 d6c7	1352	0g0p0s1o
PLffV	r1b1k2r/1p3ppp/p3p3/q7/1bPN4/8/3B1PPP/R2QKB1R b KQkq - 1 13	b4d2 e1e2 a5e5 e2d2 e5d4	1352	0g0s101c
Px4qO	7k/5p2/p4Ppp/1p1q4/3P1Q2/2P2PPK/r6P/8 w - - 0 34	f4h6 h8g8 h6g7	1352	0p13151o
Q9UhE	4k2r/1p2ppb1/p2p2p1/q2P1b1p/2r4P/1NP1BP2/PP1Q2P1/K2R3R b k - 4 19	a5a2 a1a2 c4a4	1352	051315191f1n1o
QaCea	3r1r2/p3k1p1/1npNp2p/1p2P3/8/P3PR2/1P2K1PP/5R2 w - - 0 26	f3f7 f8f7 f1f7	1352	0e0p0u13151o
QtdR6	rn1q1b1r/ppp2kpp/5n2/4p3/4P1b1/5N2/PPPP2PP/RNBQK2R w KQ - 2 7	f3e5 f7g8 e5g4	1352	011c1o
Rzar0	6k1/4Bp2/4p1p1/q2pP2p/8/1Pr3P1/p2Q1P1P/R5K1 b - - 1 39	c3g3 h2g3 a5d2	1352	0g0j0p1o
SIBFm	r5r1/4kp2/p2bp3/6q1/3Q1N2/5RP1/PP3K2/4R3 b - - 0 31	d6c5 d4c5 g5c5	1352	0g191g1o
Sq8DY	r3k2r/2bn1ppb/4pn2/3p2BP/1pqP4/5B2/1PP1QP1N/1NKR3R w kq - 0 23	e2c4 d5c4 f3a8	1352	01191o
TJQPs	3r2k1/p4pp1/bp2B2p/4p3/1b6/1N2BPP1/P1P4P/2KR4 b - - 0 22	b4a3 c1b1 d8d1	1352	0g0i191k1o
U3CQX	r4qk1/ppp2p1p/3p1p2/2b1p3/2BPPn2/2P2P2/PP3P1P/R2Q1RK1 b - - 0 14	f8g7 g1h1 g7g2	1352	1315191o
USwwz	1k5r/3R1R1p/1r4p1/3p4/3b1P2/8/P1P1B1PP/2K5 b - - 10 34	d4e3 c1d1 b6b1	1352	0p13151f1o
W1TEA	8/6RP/1k6/p5K1/1pp5/8/P5P1/7r w - - 0 45	g7g6 b6c5 g6h6 h1h6 g5h6	1352	0g0p101m
W7zez	4rk2/pp1n3Q/1np3p1/8/2qP4/8/P4PPP/4R1K1 w - - 1 25	h7h8 c4g8 e1e8 f8e8 h8g8	1352	050g0p0r101g
WXSdd	8/8/4pk1p/3pN1p1/3PbP2/4K1P1/7r/6R1 w - - 0 40	e5g4 f6f5 g4h2	1352	0g0p0s111o
WrC9C	7r/p4pk1/bp1p2P1/3Pp3/1Q2N1P1/Pq6/1Pr1N3/1K4RR b - - 2 30	c2b2 b1a1 b2a2	1352	0s1315191o
WvXMb	r4rk1/pRp2ppp/3p1q2/5Q2/4P3/B1P1Rb2/P1P2P1P/6K1 b - - 3 18	f6f5 e4f5 f3b7	1352	0g191o
YgkET	3q4/pp3pkp/3p1np1/3P1b2/2rN3Q/7P/PPP2PP1/1K2R3 w - - 1 22	d4f5 g6f5 h4c4	1352	0g0j191o
ZKxjK	R7/2r3qk/7p/8/2p5/2Q3P1/5P1K/8 w - - 4 50	c3c2 g7g6 a8h8 h7h8 c2g6	1352	0g0i0p10
ZP4iv	8/8/1R3p2/4pkp1/2P5/2q5/1p1NKPPP/8 w - - 6 37	b6f6 f5f6 d2e4 f6f5 e4c3	1352	050g0p0s101n
ZRlaV	6k1/4p2p/p1r1N1p1/1p6/6N1/1R1n2PP/5PK1/8 b - - 2 37	d3e1 g2f1 c6e6	1352	010p1o
bF8Ed	r1b4k/1p3B2/p2nN2p/2pp4/5P2/1P1PP3/PbP1K2P/6R1 w - - 0 26	g1g8 h8h7 e6f8	1352	0y1315191o
bNL1n	2kr3r/pp3pp1/2p1p1p1/2b5/2N1PP2/2P2QP1/Pq4BP/R3R2K b - - 1 20	h8h2 h1h2 d8h8 f3h5 h8h5	1352	050y101316191f1n
bPWkX	7k/pbpN4/1p1p4/4p2B/2P1Pr2/P3K3/1P4RP/8 b - - 11 37	f4e4 e3f2 e4f4 f2g3 b7g2	1352	010j0p10
cCW0f	r2qr1k1/ppp2ppp/2n2b2/3b4/3P4/P1N2N2/1P3PPP/R1BQR1K1 w - - 1 13	e1e8 d8e8 c3d5	1352	0g0y1c1o
cFgkA	8/1p2qkpp/1P3p2/P7/5p2/3pQ1RP/4b1PK/r7 w - - 0 39	g3g7 f7g7 e3e7	1352	050g0i0p1o
dI86n	3k4/p2P4/8/8/8/2R3K1/r1p4P/8 b - - 4 55	a2a3 c3a3 c2c1q	1352	000g0i0p11121g1h1m1o
eRaHh	2r5/5k1p/1P2p1p1/3p1p2/P7/4P3/1b3PPP/1R4K1 w - - 0 29	b6b7 c8b8 b1b2	1352	000g0p0w1o
esnmq	rn2k2r/pp2bppp/4b3/q2pPB1Q/8/2P5/PP3PPP/RNB1R1K1 b kq - 0 12	g7g6 f5g6 f7g6	1352	010s1c1o
ex28I	r1b1k2r/ppqp1pQ1/4p3/4n2p/1P1bP3/P1N5/1BB2PPP/R4RK1 b kq - 0 15	e5f3 g2f3 d4g7	1352	0g0j191o
gcLTF	6k1/7p/R7/1pp1b3/3p4/1P6/P3N1PP/7K b - - 0 38	d4d3 a6e6 d3d2 e6e5 d2d1q	1352	00010p101h
gw4Qd	2kr1r2/pp4pp/2p1bn2/4b1B1/2BPp1P1/7q/PPP1Q2P/2KR1R2 w - - 0 18	c4e6 c8b8 d4e5	1352	0g0t0w1112191o
hIm89	1r1r2k1/1pQ1Rppp/p2p2b1/2p3q1/P1P5/8/5PPP/4R1K1 w - - 0 27	c7d8 b8d8 e7e8 d8e8 e1e8	1352	06101316191n
hi0NC	3r4/7r/p3ppkp/1p4p1/6P1/1P2PP2/P1K3PR/3R4 b - - 1 39	h7c7 c2b2 d8d1	1352	0g0i0p1m1o
hq0Dj	2kr3r/2p3p1/1q2P3/6p1/1P1b1np1/3B1Q1P/P1P2P2/1R3RK1 w - - 0 24	f3a8 b6b8 d3a6	1352	1315191k1o
jSG7Q	2br1rk1/pp5p/2p1p1p1/5p2/2P1B3/2R3P1/P1Q1P2q/4KR2 w - - 0 24	f1h1 h2h1 e4h1	1352	01191o1t
lZn8g	8/1R5p/k3NB2/3p3K/1p1Pb3/6bP/2p3r1/8 w - - 2 39	e6c5 a6a5 f6d8 g3c7 d8c7	1352	0p0r101316
mM9MX	r2q2k1/ppp3pp/2n5/8/1P4Q1/5N2/P2NrPPP/R5K1 w - - 1 20	g4c4 g8h8 c4e2	1352	0g0s191o
micTL	r2qk2r/pbppnp1p/1pnb2p1/3Np3/4P1Q1/3P3P/PPP2PP1/R1B1KBNR w KQkq - 0 8	d5f6 e8f8 c1h6	1352	13151c1o
n0Z5Z	8/5b1k/7p/5K2/6PP/p7/2NN4/2n5 b - - 1 40	f7g6 f5e5 g6c2	1352	0g0p111o1p
pnDXd	r4rk1/1ppbqppp/1b1p4/pP1Pp3/P1P1P2n/2NB1N1P/2Q2PP1/R1B2K2 w - - 1 18	c1g5 f7f6 g5h4	1352	010v191o
qJaCa	4r2k/2p4p/2Qbr1p1/P4p2/8/1P6/2B3PP/5RK1 b - - 0 36	d6h2 g1h2 e6c6	1352	010j0p1o
sPs6A	2kr1r2/pp6/1bb3p1/4N2p/2qp3Q/5PN1/PPP3PP/4RRK1 b - - 0 25	d4d3 g1h1 c4h4	1352	0g0j0k0y191o
sR1Zf	6k1/3r2p1/4R1Np/pp3P2/8/P1p3PP/1b4K1/8 w - - 0 35	e6e8 g8f7 e8f8	1352	0p0u13151o
t1fyE	r3k1r1/ppqb1p1p/2nbpBp1/3p4/8/2PB1N2/PPKN2PP/2RQR3 b q - 7 16	c6b4 c2b1 b4d3	1352	010i191g1o
tGJjx	1r3r2/Qbkn1p1p/1p4q1/2p5/8/5N2/P1PR1PPP/4R1K1 w - - 8 25	d2d7 c7d7 f3e5 d7c7 e5g6	1352	050g0s10191n
tgl2f	r3r3/ppp1kppp/2p1bn2/6B1/1b2P3/2NB4/PPP2PPP/R4RK1 w - - 6 11	e4e5 e7f8 e5f6	1352	0g191o
tlRRt	2r3k1/pp3pp1/2q5/8/2Q4p/2NP4/PPPB1P1P/5K2 b - - 3 24	c6h1 f1e2 c8c4	1352	0g0j0p1o
uue56	r4rk1/5p2/1p1N1pb1/p1nP1q2/P1P2P1p/1P2RB1P/4Q2K/4R3 b - - 0 30	f5f4 h2h1 f4d6	1352	010s11191o
vt2Jx	8/8/p5p1/1p2K1Pp/1P5P/5k2/b1P5/4B3 w - - 0 41	e5f6 a2b1 f6g6	1352	080g0p1o
vzRZY	2b1q3/r3p3/p3N1kp/1ppPP3/2P3pQ/8/PP5P/6K1 w - - 0 28	h4g4 g6h7 g4g7	1352	0p13151o
wb82V	4rrk1/p4ppp/1p4n1/R4bB1/8/1Q4P1/PP3PBP/4R1K1 b - - 0 24	e8e1 g2f1 f5h3	1352	0g0t0y11191g1o
woEGv	r1b1q3/2p1N1pk/4p3/pp3pQ1/3P4/2P4P/PP3P1P/6K1 w - - 0 30	g5h4 e8h5 h4h5	1352	020p13151o
xRYhE	6k1/3q2p1/3p2Q1/p4N2/1p3R2/1P2b3/PKP5/4r3 w - - 2 35	f5h6 g8h8 f4f8	1352	0p1113151g1o
xoRPT	4rrk1/p1b2p1p/5Q1B/8/1p6/1B3K2/PP3PP1/R3R2q b - - 9 27	h1h5 g2g4 h5h3	1352	1315191o
yJ5la	4r3/1pp4k/3pN2b/p2P1P2/4P3/2Pq4/PP5R/6RK w - - 4 35	g1g7 h7h8 h2h6	1352	0i0p13151g1o
04t02	r3k2r/1p1n1ppp/p3p3/q2p4/3Pb3/PPb1PN1P/1B2BPP1/R2Q1RK1 w kq - 1 14	b3b4 c3b4 a3b4	1353	01191o
2330e	3r2k1/ppp3pp/3r4/q3R3/P1RP4/1P3P1P/6P1/3Q2K1 b - - 0 26	a5e5 d4e5 d6d1	1353	0g0p1o
2daUP	8/3b1pk1/p1Pp2p1/1p2p1p1/nP2P1P1/PKp2PP1/2P1B2R/8 b - - 0 40	d7e6 e2c4 e6c4	1353	0p13151o
2dz3q	5r1k/1R6/6p1/p1pq3p/5P2/4P1K1/3b3P/3Q4 w - - 0 32	d1a1 d5d4 e3d4	1353	0g0p1o
2ihth	8/7p/2p3p1/p5b1/4P2k/5QN1/3q2PK/8 w - - 3 45	g3f5 g6f5 f3h3	1353	0d0p13151n1o
3Ci6U	r5k1/pp3ppp/3p4/3P4/PPPp2B1/3P4/5qRK/R1BQr3 b - - 2 23	f2h4 g4h3 e1d1	1353	0g191o
3Tebs	4r3/4PQpk/p3Rn1p/1p4p1/3p2P1/5q1P/PPP2P2/6K1 w - - 3 31	e6f6 f3f6 f7e8	1353	0b0g0p1g1o
3XEMV	r2q1rk1/p2bbppp/2p2n2/4N3/4P3/3P4/PP2B1PP/R1BQK2R b KQ - 0 13	d8a5 c1d2 a5e5	1353	0g0s1c1o
411DP	1Qn1k2r/p4ppp/2qbp3/1P6/8/2P5/P4PPP/3R1RK1 w k - 1 23	d1d6 c6d6 b8c8	1353	010i11191g1o
4Ubf6	6rk/p1p2Qpp/1p6/8/5P2/7P/Pq4P1/4R2K w - - 0 25	e1e8 b2c1 h1h2 c1f4 f7f4	1353	0g0p10
57AbM	1R6/r1r2p1k/6p1/4PPp1/2b5/1p6/3K2P1/1R6 w - - 0 45	b1h1 h7g7 f5f6	1353	0p13151o
57O8C	5rk1/p2R3p/qp4p1/2b5/8/2Q2PP1/PP4KP/5R2 b - - 6 41	a6e2 f1f2 e2f2	1353	010p1o
5RseK	2r4r/1Q2bkpp/p3b3/3pp3/4q3/2P1B3/PP3P1P/2K3RR w - - 3 23	g1g7 f7g7 b7e7 e6f7 h1g1	1353	01050i0s1019
5TebW	8/3r3p/2r1NBbk/p1P5/4P2P/5P2/PP6/1K6 w - - 1 30	f6g5 h6h5 e6f4	1353	0p13151o
76XLq	r4rk1/p2b1p2/1ppb1Ppp/8/2Bp3q/3Q3P/P5P1/2R2RK1 w - - 0 29	d3g6 g8h8 g6g7	1353	0y1315191g1o
7SyPz	7k/2p3qp/3b4/pP6/P2B4/6Pb/7P/4R1K1 w - - 0 32	e1e8 d6f8 e8f8	1353	0p1113151g1o
81R9b	r3k1nr/ppp2pp1/1bnp3p/1B6/3PqBb1/1QP2N2/PP4PP/RN3RK1 w kq - 0 11	f1e1 e4e1 f3e1	1353	01191g1o
83S7R	r2q1rk1/pp4b1/3p2pp/P1pPp3/3nP1b1/5N2/1P1BBPPP/R2Q1RK1 w - - 1 15	f3d4 g4e2 d4e2	1353	0g0j191o
8jpk4	r5k1/p1p3pp/1p1p4/8/2P2P2/1P2q1P1/Pb4KP/1R1Q4 w - - 0 21	d1d5 g8f8 d5a8	1353	0g0p0s1o
9Tldb	3R4/4nk1p/1p3q2/1p2p2P/8/3P1Q2/5bPK/r7 w - - 4 40	d8f8 f7f8 f3f6 f8e8 f6f2	1353	01050i0p0r0s10
B6QdR	1r5k/p1p3pp/2Q5/2P5/3P4/1P4q1/P4r2/K1R1R3 b - - 4 26	f2a2 a1a2 g3b3 a2a1 b3b2	1353	050p1013161n
BJmvB	r3k2r/5BRp/1p6/p1p5/1P2pn2/P1P4P/5P1P/2R1K3 b kq - 0 20	e8f8 g7g4 f4d3	1353	010h0p1o
CETol	r1b3r1/p3R3/kpp1p3/2Q2p2/1Pp1qn2/2P5/P5P1/2KR4 w - - 0 34	b4b5 c6b5 c5a3	1353	0d11121315191o
CSaqf	3r4/1p5Q/p4kp1/4np2/5P2/6PP/Pq6/5RK1 w - - 2 30	h7h4 f6g7 h4d8	1353	0g0p1o1p
CXBy4	r2qrk2/1b1n3R/p3pp1R/1p2P3/1b1P1P2/5N2/PB2K1P1/8 w - - 2 26	h7h8 f8g7 h6h7 g7g6 f3h4	1353	0r10131619
DeOC0	8/pR6/5pk1/1KP1n3/2P3P1/1P1r2R1/r7/8 w - - 1 43	g3d3 e5d3 c5c6	1353	010p1o
F5JOb	r4rk1/p2p2pp/8/3bpp2/1pq5/4Q3/PPB2PPP/2R1K2R w K - 0 21	c2b3 c4c1 e3c1	1353	01191g1o
HEpmk	r2qk2r/pp1bbppp/2n1p3/1B2P3/3PQ3/5N2/PP3PPP/R1B1K2R b KQkq - 4 11	d8a5 c1d2 a5b5	1353	010s1c1o
HTlwk	4K1k1/pq5p/6p1/4p3/5n2/6QN/3R1PPP/7R b - - 4 48	b7f7 e8d8 f4e6 d8c8 f7c7	1353	0p101316
HmjIi	r3kbnr/p1p1pppp/1p6/1P2N3/2Q5/4P3/P2PKPqP/B7 w kq - 0 16	c4f7 e8d8 f7f8	1353	040i1315191o
K7JOL	r6k/pp2b1p1/6P1/8/6Q1/1P3r1P/P1q3P1/n6K w - - 0 31	g4h5 h8g8 h5h7 g8f8 h7h8	1353	0p0s101316
KepmK	r5k1/2R2R2/p4p1p/4pN1P/3bP3/5P1K/8/q5r1 w - - 0 39	f5h6 g8h8 f7h7	1353	1315191o1x
Kpqw9	2r1q1k1/2PQ2pp/8/3P4/p7/6PK/7P/8 w - - 2 43	d7e8 c8e8 d5d6 g8f7 d6d7	1353	000g0p1011
L38Fz	1r6/5pkp/4p1p1/8/1N6/p1P2N1P/1p3PP1/1R4K1 b - - 1 31	b8b4 c3b4 a3a2	1353	00010p1n1o
LELMn	8/5k2/3r2pp/2bNKp2/7P/3R1P2/6P1/8 b - - 3 42	d6e6 e5f4 c5d6	1353	0p1113151a1o
M6kkW	rn1k4/pp1bbp2/4pNp1/4q3/7Q/1P1p3P/P1P2PP1/R4RK1 w - - 0 25	h4h8 d8c7 f6e8 d7e8 h8e5	1353	0g0j0r1019
MfZjV	2k2b1r/p7/Pp2pR2/2ppP3/3Pp3/2P1P1pr/1P4K1/R1B5 w - - 0 26	f6f8 h8f8 g2h3	1353	010i0p1o
MnEL2	7k/p6p/b6Q/1N6/K5R1/3r4/Pr4PP/8 b - - 0 35	a6b5 a4a5 d3a3 g4a4 a3a4	1353	0p1013161d
NCfs8	r4rk1/p5p1/1p5p/2pqpb1R/4Np1b/3P1Q2/PP3PP1/R5K1 w - - 0 21	e4f6 h4f6 f3d5 g8h7 h5f5	1353	010j0y1019
NmeHu	1Q6/1prkqp2/4p3/pP1p4/3P1P2/6RP/6P1/6K1 w - - 5 47	b5b6 c7c1 g1h2 e7d8 b8b7	1353	0g0p10
Nt4dk	4k3/R2n2pp/2Q1pp2/8/P7/7P/1q4P1/6K1 b - - 0 39	b2d4 g1h1 d4a7	1353	010p0s1o
O1XSe	r3k2r/p3bp2/2pp1n1p/q5p1/2P1n3/2N1P1B1/P2QBPPP/R3K2R w KQkq - 4 16	c3e4 a5d2 e4d2	1353	0g191o
OIu0Z	3r1k2/1p2qppB/2p1b2p/p1PnN3/3P1RP1/7P/PPQ5/6K1 w - - 1 26	e5g6 f8e8 g6e7	1353	01191g1o
Oiu7z	7k/4Q1p1/p6p/5P2/6KP/3r3n/PBpr4/2R5 b - - 15 40	d2g2 g4h5 h3f4	1353	0f0p13151o
OkGVE	r2q2k1/2p1n1pp/p2p1Q2/1pnP1P1b/4P3/2B5/PPB4P/R5RK b - - 0 25	h5f3 g1g2 f3g2 h1g2 g7f6	1353	0g0y1019
QPq23	r4Nk1/pp3pp1/2p4p/5P2/3P4/5Q1q/PP5b/R1B2R1K b - - 1 22	h2g3 h1g1 h3h2	1353	0j0k0y1315191o
QUNNT	r4rk1/pb1p1ppp/3q4/8/2B1Pp1N/P7/1PP1N1PP/R4QK1 b - - 0 22	d6c5 f1f2 c5c4	1353	010s191o
Qw1jt	r1q1k1nr/pb1n1pp1/1p1pP3/6p1/2P5/P1PB4/4QPPP/R3K1NR w KQkq - 0 14	e6d7 e8d7 d3f5 d7c7 f5c8	1353	00050g0k0m101c1p
R1A5e	2r3k1/p2nb1p1/4p2p/1p1pP3/8/1P1N2B1/P1q3PP/R4Q1K w - - 0 22	a1c1 c2c1 d3c1	1353	01191o
RMrNQ	8/1p2k3/1Bb2p2/8/1r1p2R1/5P2/5KP1/8 w - - 0 37	b6c5 e7e6 c5b4	1353	010p0s1o
RTD6v	4rk2/ppb2p1p/2p5/2Pp1NBP/rPb3P1/2P2P2/8/4R1K1 w - - 7 30	g5h6 f8g8 e1e8	1353	0i1315191o
RsIVx	5rk1/p1R3pp/1p1P4/2p5/3r4/6PK/P6P/3R4 w - - 2 33	d1d4 c5d4 d6d7 f8d8 c7c8 g8f7 c8d8	1353	000g0p1g1m1w
SMKT2	8/4n1pk/5pp1/p7/1pP3PP/3Q2K1/r2B4/8 b - - 0 36	a2a3 d3a3 b4a3	1353	010p1g1o
SOEY8	3r2k1/1R4p1/p6p/4p3/1pN2pN1/1P3PnP/1P4P1/3R2K1 b - - 0 29	d8d1 g1f2 d1f1	1353	0p0u13151o
StGjA	4r1k1/5rp1/p3Qn1p/1p1p4/5R2/1Bq2PP1/P5P1/4RK2 w - - 2 28	e6e8 f6e8 e1e8 g8h7 f4f7	1353	0g0i1019
TIx5N	r1bq4/ppp3p1/3p1k1p/8/2P2P2/8/PPQBrNPP/R6K w - - 1 20	d2c3 f6f7 c2e2	1353	0g0j191o
U1TS4	4r2k/p5p1/1b5p/P7/1P6/1QP2P2/4r2P/3R1K2 b - - 2 32	e2f2 f1g1 f2b2 a5b6 b2b3	1353	010j0k0p0r10
UFQGs	3r4/6p1/5k1p/ppn4P/3N2P1/KPP5/P7/4R3 b - - 1 43	b5b4 c3b4 a5b4 a3b4 c5d3 b4c4 d3e1	1353	01050p0s1w
UXUX9	r1b1k2r/pp3ppp/2p2n2/4q3/1b1pP3/2PB1P2/PP2N1PP/R1BQK2R b KQkq - 0 12	d4c3 b2c3 b4c3 e2c3 e5c3 c1d2 c3d3	1353	010r0s0v1c1w
Vc1VJ	2kr3r/1pp2pp1/p2b1q1p/3b4/2NP4/5N2/PPQ2PPP/R4RK1 w - - 1 16	c4b6 c8b8 b6d5	1353	01191g1k1o
Z5Vxe	4r1k1/3R2pp/p7/1p6/1P4Q1/2q4P/P5P1/7K b - - 4 37	e8e1 h1h2 c3e5 g4g3 e1h1 h2h1 e5g3	1353	0g0i0p1w
ZkMlA	6k1/pp3p2/3p1Qp1/3q4/8/8/PPr3PP/2r1RR1K w - - 8 25	e1e8 g8h7 f6h8	1353	0p13151o
ZrgCo	8/p3P2R/1p1k4/2p2K1p/2P4r/1P6/P7/7q w - - 0 53	e7e8n d6c6 h7c7	1353	000p1113151h1o1v
bBnAi	3r2k1/5r1p/8/2Q2p2/2NpP1q1/1P1P1R2/2P1K3/8 w - - 0 38	c4e5 g4h5 e5f7	1353	010p0s1o
bzqO9	rn1qk1nr/1ppb1p1p/p5p1/3p4/3P4/6Q1/PP2PPPP/R1B1KBNR w KQkq - 0 8	g3e5 d8e7 e5h8	1353	0g0s1c1o
cN0VB	r1b1k1nr/1p1p1pbp/p5p1/1B6/4P3/4B3/P4PPP/2RR2K1 w kq - 0 15	c1c8 a8c8 b5d7	1353	01191o
cO5ud	1r3nk1/6pp/pP2p3/2rpP3/3N4/8/6PP/1R3RK1 w - - 1 29	f1f8 b8f8 d4e6	1353	010p1o
cQEuY	2rk4/p5p1/3q1p1p/1Q1p1n2/3P1PN1/1P1R1B2/P4R1K/2r5 b - - 0 36	d6f4 h2h3 f4g3	1353	1315191o
d1E0L	r1b2R2/2p3k1/1p5p/p2K2p1/3P2P1/B1P5/P1P4P/8 b - - 0 29	c8b7 d5e6 a8f8 a3f8 g7f8	1353	010j0p10
eF2AW	6rk/4q1nn/p3PpR1/1ppB1P1Q/3b1B2/1P5P/P7/5K2 w - - 13 39	h5h7 h8h7 g6h6	1353	050y1315191d1n1o
g50oj	3r4/3r3p/p3k3/1p3pp1/3RP3/P3KPP1/1P5P/3R4 b - - 0 29	f5f4 g3f4 g5f4 e3f4 d7d4	1353	0g0p1011121m
gYFn4	1k2r3/3p4/pp6/8/PPP5/3KN3/1q4Q1/4R3 b - - 0 40	e8e3 e1e3 b2g2	1353	010p0w1o
gbE97	2r5/p1P5/7p/P2N1pp1/2k5/8/5PKP/8 w - - 0 36	d5b6 a7b6 a5b6 c4d5 b6b7 c8c7 b7b8q	1353	000g0p1h1n1w
isLCs	5r1k/2pq2pp/p7/Pp2R3/1P1n3P/3P2P1/Q4P2/2K4R b - - 0 28	d7c6 c1b1 c6h1	1353	0g0p0s1o
jfNnf	2kr3r/pp2q3/2p2p2/3p4/3Pb3/5nPp/PPB2P1B/R2QR1K1 w - - 1 24	d1f3 e4f3 e1e7	1353	01191o
jmZia	2r2rk1/1p2qppp/pp3n2/4p3/PB1pP3/2PP1B1P/2Q2PP1/R3K2R b KQ - 0 19	e7b4 c3b4 c8c2	1353	01191o
kTL1w	2k1br2/ppp3p1/3p2r1/2P1pn1Q/1P1bN3/P2P3P/5PP1/1R3RK1 b - - 0 24	g6g2 g1g2 e8h5	1353	0g0j0y191o
kc70E	6qk/1b4rp/4p3/4Q3/4P3/1P6/1Br3PP/5R1K w - - 0 37	e5g7 g8g7 f1f8	1353	0s111315191g1n1o
kjBHv	3r4/7p/k3ppp1/8/2P1PK1P/r7/1R4P1/1R6 b - - 1 36	e6e5 f4g4 h7h5	1353	0p13151m1o
l6pJm	2r2k1r/2Np4/1p1PPb1P/p7/7q/4B3/PP1Q3P/5RK1 b - - 0 27	h8g8 e3g5 g8g5 d2g5 h4g5	1353	0g1019
lbkHo	r4b1Q/1pp5/6p1/p7/P2P2kP/1BP5/2Pq2P1/6K1 w - - 1 30	b3e6 g4g3 h8e5 d2f4 e5e1 f4f2 e1f2	1353	0p13171w
m9ekz	rn1qk2r/1b1pb1pp/p1p1p3/4N1B1/2BPn3/8/PP3PPP/R2Q1RK1 w kq - 0 13	d1h5 g7g6 e5g6 e7g5 g6h8	1353	0g0j0k101c
mdlrL	2kr4/1pp5/2P1qp1p/1P2p1r1/2p4Q/2P2P1b/5RPP/R1B3K1 b - - 0 24	d8d1 f2f1 g5g2 g1h1 d1f1	1353	0i0y101316191g
nVS5W	8/8/2B5/2b1R3/3q1P2/4pKP1/3kP3/8 w - - 6 54	e5d5 d2c3 d5d4	1353	0g0p1g1o
nfvI4	5rk1/pp2q1pp/2np4/2p2r1Q/2P2pN1/P6P/1PP2P2/2K2RR1 w - - 2 25	g4h6 g8h8 h6f5	1353	0g0y191g1o
o8BbM	3R1nk1/5ppp/8/p1q5/8/6P1/3K1P1P/2Q5 b - - 2 39	c5g5 d2c2 g5d8	1353	0g0p0s1o
otor8	3rr1k1/p4pp1/1p5p/5q2/2R3bP/P1Q3P1/1P3PB1/4R1K1 b - - 4 34	e8e1 c3e1 d8d1 e1d1 g4d1	1353	0g0y10191g
q4PYh	r1b1k1r1/ppQ1np1p/1qn5/8/4P3/B1P5/P1P2PPP/3RK2R w Kq - 6 15	d1d8 c6d8 c7e7	1353	0i1315191n1o
qWFfi	7k/3nr1pp/3qBp2/ppp2P2/3pR2Q/P2P3P/1PP3P1/6K1 w - - 4 30	h4h7 h8h7 e4h4	1353	050p0y13151f1n1o
r8DuQ	5Nrk/1pQ3p1/1p2R2p/1q6/1P6/r2p4/5PPP/3b2K1 w - - 2 36	e6h6 g7h6 c7h7	1353	1315191n1o
rbShN	8/7P/5k2/2Pp2R1/5P2/2r2nPK/8/8 b - - 0 48	f3g5 f4g5 f6g7	1353	0g0p111o
ri1zc	r1b3k1/p1pp1pp1/1p1b1q1p/8/8/1N1B2P1/P1Q2P1P/4R1K1 w - - 0 25	e1e8 d6f8 d3h7 g8h8 e8f8	1353	0i0y10131619
sA62p	3r2k1/p1rB1ppp/2R1p3/8/P2RP3/8/6PP/6K1 b - - 0 26	c7c6 d7c6 d8d4	1353	0g0p1o
sLhSE	3r1k2/pp1q1ppQ/8/2p5/6P1/1P3P1K/P7/R7 w - - 1 25	h7h8 f8e7 a1e1 e7d6 e1d1 d6c7 d1d7	1353	010p1p1w
sRxk4	3rrk2/1p4pp/1n2Bn2/pP2P3/P7/6PQ/5RKP/3qq3 w - - 1 33	f2f6 g7f6 h3h6 f8e7 h6f6	1353	101316191n
vE8dP	2r1r1k1/5ppp/p3p3/1p4B1/2n5/b1qB2QP/5PP1/3RR1K1 w - - 6 26	d3h7 g8h7 g3c3	1353	0g0j191o
vTB1V	4r1k1/ppp1q1bp/2np4/5p2/2P2P2/3RR3/PP2B1PP/3Q2K1 b - - 0 20	g7d4 g1h1 d4e3	1353	0111191g1o
w7Oei	rn1q1rk1/pb3ppp/1p2Pb2/8/4B3/1QN1PN2/PP3PPP/R3K2R b KQ - 0 13	f6c3 b3c3 b7e4	1353	01191o
wjRJ8	1k5r/pp6/3r4/4Q3/5p1p/P4q2/1P3P1K/2R5 w - - 0 33	e5h8 d6d8 h8d8	1353	0p0t13151o
wn2T4	8/8/p2k1p2/P1p2r2/P1Pp3p/4N2P/4K1P1/3R4 b - - 0 49	f5e5 e2f3 e5e3	1353	010p1o
wubJL	3q1rk1/ppr3pp/3p1pB1/2pP2BQ/2Pb4/3P4/PP4PP/1R3R1K b - - 0 18	h7g6 h5g6 f6g5	1353	01191o
xD4Vb	bnR4r/p2k1ppp/1q6/3pP3/1B6/P5P1/4B1KP/8 w - - 2 23	e2g4 b6e6 g4e6 d7e6 c8h8	1353	010r1019
xdo1j	r4rk1/p4pp1/2p2b1p/2q5/3pP3/1P3PQ1/PBP3PP/2R2RK1 b - - 2 22	d4d3 g3f2 c5f2 g1f2 f6b2	1353	010j0k0y1019
y6IYL	rn3rk1/ppp3pp/4p3/3np1N1/3qP3/2NP3Q/PPP3PP/R3K2R b KQ - 7 13	d4f2 e1d1 d5e3 h3e3 f2e3	1353	0g0r1019
ydFej	8/1b2k2p/p2nN1p1/4K1P1/1P6/P7/8/5B2 b - - 2 50	d6f7 e5f4 e7e6	1353	010i0p1o
yifBp	2b5/8/7p/3p1k2/2pPpp2/2P3PP/5K2/3B4 w - - 0 35	d1g4 f5g6 g4c8	1353	080g0p1o1p
1Fi4I	8/5k2/2n1Np2/5K1p/8/7P/6P1/8 b - - 0 44	c6e7 f5e4 f7e6	1354	0g0i0p0z1o
2b6FV	8/2k5/1p2R1p1/p6p/PPK2P1P/8/8/1b6 b - - 0 55	b1a2 c4b5 a2e6	1354	0g0p1o1p
4CzNr	6k1/2R5/5Pb1/8/3P3P/r7/3K4/8 w - - 0 51	c7g7 g8f8 g7g6	1354	0g0p0s1o
67qKl	1B3k2/1Q3p2/p1n1qp1P/3p4/3Pp3/2P1P3/PP2KP1R/RN4r1 b - - 2 27	e6g4 f2f3 g4f3 e2d2 f3d1	1354	101316191s
6C8Ig	4r1k1/P2N4/7p/2Q2pp1/5P2/1P1P2P1/1P3K1P/4r3 b - - 1 37	e8e2 f2f3 g5g4	1354	0p13151o
6cKj3	8/p2R4/5pBp/1p3P2/2k1b2P/2p5/r7/2K5 w - - 9 48	g6f7 c4c5 f7a2	1354	010p1o1p
6mEkM	4R3/1p2Qp1k/2p3pP/5r2/pP6/P5P1/5PK1/3q4 w - - 5 41	e8h8 h7h8 e7f8 h8h7 f8g7	1354	050p101113161n
7MSw6	2r1rbk1/1b3pp1/p6p/1p1qp3/4N3/P2Q3P/1PB3P1/2R2RK1 w - - 0 26	e4f6 g7f6 d3h7	1354	0d0y1315191n1o
A4rR4	r2qk2r/2p2pp1/2np3p/1p2p3/4n3/P3PN2/1PPQ2PP/1NKR3R w kq - 0 14	d2d5 c6e7 d5e4	1354	010s191o
AJsKQ	3n1rk1/3n1rp1/bp2Q2R/p4p2/2PP3P/P1KB1q2/8/6R1 w - - 2 30	g1g7 g8g7 e6g6	1354	050y1315191g1n1o
CECB6	r1b2rk1/pppp1ppp/8/4q3/4P3/8/PPP1Q1PP/RN2KB1R b KQ - 0 14	e5b2 c2c3 b2a1	1354	0g191g1o1t
CVmJM	rn3rk1/p1b2pp1/2p4p/3pq2B/Q2N4/2P4P/PP1N1PP1/R3R1K1 b - - 0 18	e5h2 g1f1 h2h1 f1e2 f8e8 e2d3 e8e1 a1e1 h1e1	1354	010i0y191w
D20Cl	r1b2r1k/pp4pp/5p2/2n1pP2/2B1q2Q/2P2R2/P1PB2PP/1R5K w - - 7 20	h4h7 h8h7 f3h3 e4h4 h3h4	1354	050y101316191f1n
E0mE6	rn1q3r/pp2bkpp/2p2n2/4p3/5Bb1/3P1N2/PPP3PP/RN1Q1RK1 w - - 0 10	f3e5 f7e8 e5g4	1354	011c1o
ECGNJ	2b4r/1p1pk1p1/2n2p2/3Qq3/2R5/4P1Pp/2P2P1P/3R2K1 w - - 2 26	c4e4 e5e4 d5e4	1354	0g191g1o
FSPa2	5rk1/pp3ppp/4p3/1N6/1b2n3/5N2/PP2K1PP/3R4 w - - 0 18	d1d4 b4e7 d4e4	1354	010p0s1o
G6mBC	r5k1/pp3p1p/1bn2rp1/6N1/7Q/3B4/PqP2PPP/R4RK1 b - - 5 18	b6f2 f1f2 b2a1	1354	0g0i0s191o
GQYAf	2r5/p2rk1bp/4p1p1/3pP3/1P4P1/P4R1P/1B6/5RK1 w - - 6 33	f3f7 e7e8 f7d7 e8d7 f1f7	1354	050g0p0s10
GWTeU	8/pp3p2/2p1k2B/3r4/6P1/1P3R1P/1Pb1K3/8 b - - 0 27	c2d1 e2f2 d1f3	1354	0g0p1o1p
GXLPD	3r2k1/1Q6/pn1qpp1p/1p2b1p1/6N1/6PP/PP4P1/5R1K w - - 4 32	g4h6 g8h8 h6f7	1354	0g0y191o
ISNZX	r6r/2k1bpp1/p2p1nbp/1p2N3/P4B2/1pP5/1P3PPP/3RR1K1 w - - 2 22	e5g6 f7g6 e1e7	1354	010j191o
IiEVz	1Q1r1k1r/p1Q2ppp/4p3/8/8/2pqP3/P2N1PPP/3RKR2 b - - 0 25	c3d2 d1d2 d3d2	1354	001315191o
KoR8D	8/8/8/p7/Pk2K3/8/8/8 b - - 9 60	b4a4 e4d3 a4b3 d3d2 b3b2	1354	0g0h0p101e
LeGNe	r1bqk2r/ppp1npp1/7p/3Pp3/4n3/2P1PN1P/P3N1P1/R2QKB1R w KQkq - 1 13	d1a4 c8d7 a4e4	1354	010s1c1o
ML5Zn	5rk1/2p1r3/4p2p/2PpNq2/P2Pn3/4P1pP/2Q3P1/R4R1K b - - 1 32	f5f1 a1f1 f8f1	1354	0y1315191o
N93Zh	8/P6R/r5p1/1K6/2P5/6k1/7p/8 b - - 1 53	a6a7 h7a7 h2h1q	1354	000g0i0p111h1m1o
P0zv0	2Q5/1p1n1p1k/5pp1/1P6/2Pqb1Np/7P/5PP1/5BK1 w - - 2 33	c8d7 d4d7 g4f6 h7g7 f6d7	1354	050b0g0i0p0s10111n
PWbqT	5b2/kp2r3/p6p/4p1p1/Bq6/7P/P1Q3P1/2R4K w - - 6 32	c2f2 b4b6 f2f8	1354	010p0s1o
RYP9a	1k1r3r/pp1b1p1p/1qn1p2p/3pP3/8/1PNB1N2/1b3PPP/R2Q1RK1 w - - 2 16	c3a4 b6c7 a4b2	1354	010s191o
ReT7Y	2r5/pp6/4p2k/4B2p/3Pp1pP/5r2/PP1K4/4R1R1 b - - 1 31	f3d3 d2e2 c8c2 e2f1 d3f3	1354	0p0q0r101316
Sug8E	8/3r4/p2b4/1ppR1rkp/4Rp2/2P2P2/PP3PK1/2B5 w - - 2 33	c1f4 d6f4 d5d7	1354	0g0p111o
SzsPv	8/5k2/p3pn2/1pR5/4N3/P4r2/1PP5/3K4 w - - 0 33	e4g5 f7e7 g5f3	1354	0g0p0s1o
UH4BX	2k5/1p1qbp2/p7/2pPp2p/4PPr1/PRN5/2P2P1K/3Q2R1 b - - 0 27	g4h4 h2g2 d7h3	1354	0n1315191o
W8zaG	r3r1k1/1p2q1pp/p3bp1Q/3p4/3B4/P1P3RP/B1P3P1/6K1 w - - 2 24	d4f6 e7f6 h6f6	1354	0g191g1o
Wbtbf	6k1/pp2rp2/5Q2/6p1/3p4/3n2B1/PP2qPPP/5RK1 b - - 0 25	e2f1 g1f1 e7e1	1354	050p13151n1o
XHrDr	8/1R6/5p2/2bp2kp/7N/2p3PK/r3r2P/8 w - - 12 45	b7g7 g5h6 h4f5	1354	0f0p13151o
YK5oL	7k/p5p1/np2Q3/4P3/1b6/4B3/P3qP2/R1K3R1 b - - 6 31	b4a3 c1b1 e2b2	1354	1315191o
Yg34G	5rk1/1bq2pbp/2p1p1p1/3pP1P1/1P1P4/r1N1PN2/5R1P/2RQ2K1 w - - 3 20	c3b5 c7d8 b5a3	1354	0g191o
ZaYYm	2r4r/6R1/p3Np2/5k1p/8/7P/PqP2PP1/4R1K1 w - - 1 26	g2g4 h5g4 h3g4	1354	0p13151o
ZvsHx	5Nk1/p3q2p/2Br2p1/4Qp2/3P4/8/PP4PP/3R2K1 b - - 0 27	e7e5 d4e5 d6d1	1354	010p1o
aIiIg	r2q2r1/bppk1p2/p2pb2p/3Np3/4Pp2/P1PP1P1P/BP1Q1P2/2K3RR w - - 1 19	g1g8 d8g8 d5f6 d7e7 f6g8	1354	050g0s1019
aVFIt	4rb2/1k1qp2p/3pRp2/pN1P1P1p/Ppr5/4Q1PP/5K2/8 w - - 0 30	e3a7 b7c8 a7a8	1354	1315191o
b7SM4	Q4nk1/6pp/B1p2r2/3P4/1P1P4/P5P1/2K4P/2R4q b - - 0 28	f6f2 c2b3 h1c1	1354	0g0i0p1o
bPQRl	rn1qkb1r/ppp3p1/6pp/3p4/4n1P1/1PNBPP1P/PBP5/R2QK2R b KQkq - 0 12	d8h4 e1f1 h4f2	1354	13151c1o
cnbmO	8/R5pk/4p2p/3p4/P2P1nP1/5PN1/1r4P1/6K1 b - - 2 31	b2g2 g1f1 g2g3	1354	0g0p0s1o
d9LoX	8/6k1/1p6/p4p2/P2nBPp1/6P1/1P3K2/8 w - - 0 43	f2e3 d4e6 e4f5	1354	0g0p1o
dMu87	r2q1k1r/pp3ppp/6nn/3p2N1/3PN2P/8/PPP2QP1/2Kb1B1R w - - 0 18	g5e6 f8g8 e6d8	1354	0g191g1o
e7lcM	8/3k1p2/6p1/R5P1/1PN5/p1PK4/1q1P4/8 b - - 7 47	b2b1 d3d4 a3a2	1354	00010p111o
eiJdO	3qk3/5Rp1/4p3/1pp1P1N1/3pP3/1PnP4/rNK2Q2/8 b - - 8 28	a2b2 c2b2 c3d1 b2c2 d1f2	1354	050g0s10191n
f9jT6	2rr2k1/1p1b1pb1/1q2p1pp/p1NpP3/Pn1P4/5NP1/1P3PBP/2RQR1K1 w - - 5 19	c5d7 c8c1 d7b6 c1d1 e1d1	1354	011019
fCZVr	rn1q1kn1/pp3p1r/2pNp2p/4P1p1/3P1Q1N/8/PP3PPP/R3K2R w KQ - 0 15	h4g6 f8g7 f4f7	1354	0q1315191g1o
glaQc	5rk1/1b2bppp/2r1p3/N2q4/Pp1Pp3/1P2P2P/2R1QPPB/2R3K1 b - - 0 25	c6c2 c1c2 d5a5	1354	010w1112191o
h0OvB	5rk1/4q1p1/2Q1b3/4P3/8/1P6/1P3P2/2KR2R1 b - - 0 30	f8c8 c6c8 e6c8	1354	010p1g1o
h4r5u	rn1q1rk1/1bp1bppp/p4n2/1p2N3/4P3/P1NP3P/BPP3P1/R1BQ1RK1 b - - 0 12	d8d4 g1h1 d4e5	1354	010s1c1o
i7NN8	2k1r2r/p3n3/2p3p1/3p1b2/N4B2/6K1/P7/1RR5 w - - 5 27	b1b8 c8d7 a4c5	1354	1315191o
jH3wK	r6r/p2kpnbp/1p1pbp1n/6pQ/7P/6B1/PPP2PP1/RN3RK1 b - - 0 17	e6g4 h5f7 h6f7	1354	0g191o1t
lGMUQ	2r5/4b3/4k1p1/5p2/4pP1p/4P2P/qr4P1/1R1R1QK1 w - - 0 45	b1b2 a2b2 f1a6 e6f7 a6c8	1354	010s101119
ljtW1	5rk1/1p4p1/p1p2r2/4pq2/7Q/2P1B1P1/P1P1RPK1/5R2 b - - 3 30	f5f3 g2g1 f3e2	1354	010s191o
mNJrh	2k4r/ppp3q1/3p4/P3P3/1P6/2P1B2p/6rN/R2QR2K b - - 6 30	g2h2 h1h2 g7g2	1354	051315191n1o
mtLxD	r1bqk2r/1pp1n1pp/p1p2p2/2b5/3NP3/2P4P/PP3PP1/RNBQK2R w KQkq - 1 9	d1h5 e7g6 h5c5	1354	0g0s1c1o
nvCHp	2kb1r1r/1pp5/p3p3/3pPn1R/2PP1P2/N3B2R/PP5P/7K b - - 0 30	h8h5 h3h5 f5e3	1354	0g191o
o3wuu	7k/ppp3p1/2np3p/4p1rq/4Pr2/1BP2P2/PP2Q1PP/R5RK b - - 4 23	h5h2 h1h2 f4h4	1354	050y1315191n1o
o7xTa	6k1/p1p2r1p/1p3qp1/3Q4/2P5/1P6/P2RrPPP/5RK1 b - - 2 25	f6f2 f1f2 e2e1 f2f1 e1f1	1354	0p1013161n
omcMu	8/8/4k3/2K3Pp/1p1p3P/8/1PP5/8 b - - 1 45	b4b3 c2b3 d4d3	1354	0g0p1e1o
pIEho	r5k1/5p1p/p5p1/1p6/3P2nq/P1N2Q2/1PB1rPPb/4RK2 w - - 0 25	f3a8 g8g7 e1e2	1354	0g0t0w191o
q0flb	8/6k1/P2n1p2/3Pp1p1/bN4P1/2p2K1P/8/8 w - - 1 50	a6a7 c3c2 b4c2	1354	00010p111o
q5jDe	8/p2r1k1p/2R3p1/4P3/8/1p4P1/6P1/6K1 w - - 0 39	e5e6 f7e7 e6d7	1354	000g0p0s1m1o
sh1wI	r1b2rk1/pp2ppb1/3p2p1/q1pP3p/1n2P2P/P1N1PN2/1PPQB1P1/2KR3R b - - 0 13	g7c3 d2c3 b4a2 c1d2 a2c3	1354	050g0s1019
uBqj0	8/8/R1P2pk1/1P6/5pp1/7p/P5r1/7K w - - 0 49	c6c7 g2c2 a6c6	1354	000d0g0p111m1o
uLvY2	8/1p2R3/p7/3b2kP/1P1p2P1/3Kb3/P7/8 w - - 9 57	e7e5 g5g4 e5d5	1354	0g0p0s1o
wJ9lR	2r2r1k/p4ppp/2Np4/4b2n/4P3/1P1QBP2/P3KP1q/2R4R b - - 2 23	h5g3 e2d2 g3h1	1354	0g191g1o
wRW8D	rn1qkb1r/pQpbpppp/8/4P3/8/8/PPP2PPP/RNB1K1NR b KQkq - 0 9	d7c6 b7b3 c6g2	1354	010v1c1o
yMexU	8/8/5kpp/5p2/3K4/Q1P2qP1/7P/8 b - - 0 42	f3e4 d4c5 e4e7 c5c6 e7a3	1354	0g0p101i1p
zHrO9	r2Bk2r/pbp2pp1/1pnp3p/2bNpP2/4n3/3P3P/PPP3P1/R2QKBNR b KQkq - 0 10	c5f2 e1e2 c6d4	1354	1315191o
0FHVA	4r1k1/R2n1pp1/1p1B2qp/2pP4/2P5/1Q3N1P/1b3PP1/6K1 b - - 1 26	g6b1 g1h2 b2e5 f3e5 b1b3	1355	010j1019
0pT9G	rn1qkbnr/1b2pppp/p7/1P6/2B5/2p1PN2/1P3PPP/R1BQK2R w KQkq - 0 9	c4f7 e8f7 d1d8	1355	040g0i1c1o
1TtOF	r1bq2k1/pp2b1p1/4pnN1/3pp2Q/3P4/2P3P1/PP5P/R1B2K2 w - - 1 20	h5h8 g8f7 g6e5	1355	0y1315191o
3MBWf	4rrk1/6pp/4b3/p2p4/3b1p2/Pq1B1Q1P/1PR2PP1/1R4K1 w - - 4 23	d3h7 g8h7 f3b3	1355	010j191o
43Lxi	r2qkbnr/pp1b1ppp/8/1BnpP1B1/8/1P3N2/P4PPP/RN1QK2R b KQkq - 3 10	d8a5 g5d2 a5b5	1355	010s191o
4DC2R	r1b3nr/pp1ppkbp/1q4p1/2p2P2/4P3/5Q2/PPPP2PP/RNB2RK1 w - - 1 9	f5g6 f7e8 f3f7 e8d8 f7g7	1355	0g0k0m0s101c
4FRJG	4k2r/3n1pp1/4p2p/1p2P3/qnpP3B/5B2/1Q3PPP/5RK1 w k - 1 20	f1a1 a4a1 b2a1	1355	0g191o
4juD2	5rk1/5qp1/8/1P2Q3/6R1/6PK/8/8 b - - 0 51	f7f1 h3h4 f1h1 h4g5 h1h6	1355	0p101316
5h0RE	6k1/6p1/4R3/5p1p/1p2nP2/2rRK1P1/7P/8 b - - 2 38	c3d3 e3d3 e4c5 d3c4 c5e6	1355	050g0p0s10
7ZGM6	r1bqkb1r/ppp2ppp/2p5/2n1PP2/3P4/8/PPP3PP/RNBQKB1R b KQkq - 0 9	d8h4 g2g3 h4e4 d1e2 e4h1	1355	0g0r0s101c
8a6jy	q3k1r1/5pp1/2pp1n1p/bp2pP2/4P3/1PNP2Q1/1P1B2PP/R5K1 b - - 8 19	a5b6 g1f1 a8a1	1355	0g0j191o
9oNH0	1r6/p2R1rkp/1p2Rbp1/q7/8/1Q6/PP3PPP/6K1 w - - 3 23	d7f7 g7f7 e6e5 f7f8 e5a5	1355	0g0j0k1019
9oaIg	8/3b4/p1p2k1p/1p3B1P/5KP1/P7/1P6/8 b - - 1 36	d7f5 g4f5 c6c5 b2b4 c5c4	1355	080g0h0p101l1z
B2fxQ	2k2bnr/p1p2ppp/1p2pr2/8/2B3P1/4BP2/PP3KP1/3R4 w - - 0 20	c4a6 c8b8 d1d8	1355	1315191f1k1o
B2oaW	r1b1kb1r/pppp1ppp/8/4P1q1/4Q3/3B4/PPP2PPP/RN2K2R b KQkq - 1 9	g5c1 e1e2 c1h1	1355	0g191o1p
BARZK	7Q/1p2R1R1/8/p2kp3/3n2P1/KP1b4/P3r3/8 b - - 0 38	d4b5 a3a4 e2a2	1355	0i0p13151o
BCpl6	r4k2/pp3ppp/4B3/2p5/3p4/3P1N2/1qP1QPPP/n2KR3 b - - 0 20	b2b1 d1d2 b1c2	1355	1315191o
BQuaf	r6r/5pk1/1q1b2p1/p1p1pPQ1/3pP3/1P1P3R/P5PP/R5K1 w - - 2 22	f5f6 g7g8 h3h8 g8h8 g5h6 h8g8 h6g7	1355	051317191w
CF1AL	r2qk1nr/1pp2ppp/2np4/p4b2/2Pb4/P1N3P1/1P3PBP/R1BQK1NR w KQkq - 0 9	g2c6 b7c6 d1d4	1355	010w1c1o
Cnf65	3r4/6p1/R4p2/2kPpP2/1p1bB2p/1Pp4P/6PK/8 w - - 5 47	a6c6 c5b5 e4d3 b5a5 c6a6	1355	0p1013161d
Com1Z	1r4k1/p3p2p/3ppnPQ/2p5/4P1P1/5q2/2PK4/3R3R b - - 0 23	f6e4 d2c1 f3a3	1355	0p13151o
CzfN8	7r/r2bkp1p/1bBp1p2/1p6/1P1N4/P5P1/4PP1P/R2R2K1 b - - 2 19	b6d4 c6d7 d4a1	1355	01191o
DSgUT	q7/4p2Q/3pP3/2p5/1r1k1P1P/4n3/1P3RP1/6K1 w - - 3 33	f2d2 d4c4 h7d3	1355	0p13151o
DTau9	r3kb1r/1q3pp1/pB2p2p/Pp1bP3/8/3P4/1P3QPP/2R2RK1 w kq - 2 23	c1c7 b7c7 b6c7	1355	01191o
EEjX1	3r2k1/p3q1pp/2p2r2/2R2p2/3PpP2/1P6/P2Q2PP/4R1K1 b - - 5 21	e7c5 d4c5 d8d2	1355	0g0p1o
EIvcJ	r3k2r/ppp2pp1/2nb4/7p/4P1n1/2N2N1q/PPP2P2/R1BQRBK1 b kq - 3 12	d6h2 g1h1 g4f2	1355	0i0y1315191o
FnJKf	3r3k/1p1N1p1p/2r1p1pq/4P3/p1pP4/Pp2RQ2/1P3PP1/6K1 w - - 0 34	f3f6 h6g7 f6d8	1355	0g0p0s1o
LTWZg	8/2r3k1/pp1rp2p/2p2p2/P1P2P2/2P1Q2P/1P5K/8 w - - 0 36	e3e5 g7f7 e5d6	1355	0g0p0s1j1o
MtsxU	3r2k1/p4pBp/2p2Pp1/4p3/8/2q1pR1Q/P5PP/3r2RK w - - 6 27	h3h7 g8h7 f3h3 h7g8 h3h8	1355	050y101316191d1n
OoGkp	5k1r/1p1b1ppp/3qp3/3p2Q1/rn1P4/5N1P/1P3PP1/R4RK1 w - - 0 19	g5d8 d7e8 d8d6	1355	0g191o
PQAkR	r3kb1r/1pp2ppp/p1n1p3/q4b2/3P1B2/P3PN2/1P1Q1PPP/R3KB1R b KQkq - 2 10	f8b4 a3b4 a5a1	1355	011c1g1o
Pn6Ia	r1b1k2r/p4ppp/2p1p3/q1bpP3/N7/1PQ2N2/P1P2PPP/R3K2R b KQkq - 4 13	c5b4 c3b4 a5b4	1355	0g191g1o
QCkIx	5Q2/8/b2N4/8/8/p7/Kpk5/8 b - - 0 55	b2b1q a2a3 b1b3	1355	000p13151h1o
QvTUH	2r1k3/1p3pr1/3Q4/p2Np1q1/4b3/5P2/PP5P/K3R3 w - - 1 24	d5f6 g5f6 d6f6	1355	0g0s191o
RBaFq	5bnr/3Pkpp1/1p5p/1p2N3/8/8/PP3KPP/R1Bq4 w - - 1 23	c1g5 e7e6 a1d1	1355	0g0j191o
RDPnN	2k5/8/p7/1p5p/2p2pb1/2P4r/PP1R1K2/R7 b - - 3 36	h3h2 f2e1 h2h1	1355	0g0p1o
RjFkt	6k1/8/pp4Pp/3P4/4q3/2P1rp1P/PP5Q/1R3R1K b - - 0 36	f3f2 h2g2 e3h3	1355	000j0k0p13151g1o
St6lk	2k3r1/2pn4/p1Nb1p2/1p4p1/7p/2B2P1P/PPKR2P1/8 w - - 4 31	d2d6 c7d6 c6e7 c8d8 e7g8	1355	0g0p0s101n
TxbzK	8/5p1p/4p1k1/8/q4p2/5PKP/p7/B5R1 w - - 0 51	g3h4 g6f5 g1g5	1355	0j0k0p13151f1o
UdEht	2r3k1/1p4bp/6p1/p1Bqp3/4Q3/P1R2P1P/1P3PK1/8 b - - 3 27	c8c5 c3c5 d5c5	1355	010p1o
Vg4DE	8/1b6/p4k1r/1p3p2/1P1p3P/P5K1/B3R3/8 w - - 5 42	e2e6 f6g7 e6e7	1355	010p1o
VprAF	5k2/R1n3p1/1pr1p2p/4Pp1P/3P1P2/2NK1P2/8/8 b - - 1 33	c6c3 d3c3 c7b5 c3c4 b5a7	1355	050g0p0s101n
YnjvK	5rk1/3rb1pp/1p2p3/1Np1P3/2Pn1p2/P7/1P1R1PPP/1B3RK1 b - - 3 22	d4f3 g2f3 d7d2	1355	010j191o
Z395y	2r5/p3pr1k/3p2p1/2qP2Bn/2P3RP/3Q4/PR2K3/8 b - - 5 34	c5f2 e2d1 f2b2	1355	0g191o1p
ZKPmD	8/4b3/3kp3/5p2/4b2P/P1Q5/KP5r/8 w - - 1 30	c3g3 d6d5 g3h2	1355	010p0s111o
ZhWhM	4r1k1/pp3pp1/2p2n1p/2P5/1P3Q1q/P2B2R1/4NKP1/8 b - - 11 29	e8e2 f2e2 h4f4	1355	0g191o
ZzXvR	8/1p6/2b3k1/6p1/6P1/1B5P/PP2K3/2r2R2 b - - 1 46	c6b5 e2d2 c1f1	1355	0g0i0p1o
bLUOa	5R2/1p4p1/6Bp/1pKpN1k1/r2P4/6p1/r7/8 w - - 0 45	f8f5 g5h4 f5h5	1355	0p13151d1o
bZpoa	1q6/2pk1p2/Q2p4/3PpN1R/p3P1p1/K1P3P1/1r3PP1/1r6 w - - 9 33	a6c6 d7d8 h5h8	1355	0p13151o
cCV1S	3B2k1/5pp1/p6p/8/1P1r4/P2p3P/4BPP1/R5K1 b - - 0 32	d3e2 g1h2 d4d1	1355	000g0p1o
cbxDn	r1b1k1nr/pppp1ppp/2n2q2/4p3/2B1P1Q1/2P2N2/P1PP1PPP/R1B1K2R b KQkq - 4 6	d7d5 g4g3 d5c4	1355	011c1o
exMzs	2r4k/2r2Qp1/1q4Pp/4P3/1p2p3/pP6/P1P5/1KR4R w - - 2 35	h1h6 g7h6 g6g7 h8h7 g7g8q	1355	000k0m0p101113161h1n
grgpQ	4r1k1/ppqQ2bp/2p3p1/2P2p2/5P2/7P/PP4P1/R2R2K1 b - - 2 26	e8e1 d1e1 c7d7	1355	010i0p1o
gvEpQ	r3k2r/pp3ppp/4p3/2b1q3/4N3/8/PPP1Q1PP/3RK2R w Kkq - 0 16	e2b5 e8f8 b5c5 e5c5 e4c5	1355	011019
hlQ9I	r2qk2r/ppp2ppp/2b2n2/4N3/1b2P3/2N5/PPPP2PP/R1BQ1RK1 b kq - 0 9	d8d4 g1h1 d4e5	1355	010s1c1o
iDime	r2qr1k1/p1p2ppp/2pp2b1/8/4Pn1b/1P1B1PP1/PBP1NQ1P/R4RK1 b - - 0 16	f4h3 g1g2 h3f2	1355	0g0s191o
iWUPj	8/8/2r3p1/3k4/3p2R1/Pp1P4/8/1K6 w - - 4 49	g4g5 d5d6 g5g6 d6c7 g6c6 c7c6 b1b2	1355	0g0p0v1m1w
iZMqV	7k/p2R4/4p1R1/5p2/1bb5/4BK2/q4P1P/8 w - - 1 34	e3d4 e6e5 d4e5	1355	0p13151a1o
ikIzc	6K1/8/p7/8/8/8/Pkp4R/8 b - - 2 58	b2b1 a2a4 c2c1q	1355	000g0p111h1m1o
kTAig	rn3rk1/pp3ppp/2p1pq2/8/3PQn2/2PB1P2/P1PB1P1P/R4RK1 b - - 2 13	f6g5 g1h1 g5g2	1355	0y1315191o
khJPb	8/8/1p6/8/2BK4/p7/1k6/8 b - - 3 56	b6b5 c4d5 b5b4	1355	080g0h0p1o
l9U64	1q4k1/5p2/4b1pp/Q2p4/8/1r1BP2P/5PP1/3R2K1 b - - 5 33	b3d3 d1d3 b8b1 g1h2 b1d3	1355	01050d0p0s1011121n
m811R	5br1/1qk4p/p2p1Q2/1p6/6r1/4B1PP/PPP2P2/3R1RK1 b - - 0 28	g4g3 f2g3 g8g3 g1f2 b7g2 f2e1 g3e3	1355	0i0q0s1317191n1w
mXbXs	1k3br1/pP3p1p/4b3/8/K1P1N3/5P2/P3B3/q1BR4 w - - 0 26	c1f4 b8b7 d1a1	1355	010j191o
mZsC5	2b2r1k/3q1p2/p2p2pP/4p1Q1/2P1P2N/Pr1B2n1/5P1K/6R1 w - - 0 30	g5f6 h8h7 f6g7	1355	0y1315191o
o0RHm	r2q3k/p1p3pp/1p6/2p1p1Q1/2BnNr2/2PP4/PP3PP1/R4RK1 b - - 2 18	d4e2 g1h1 f4h4 g5h4 d8h4	1355	0y101316191y
oyVkN	8/1p3pk1/6p1/2p5/8/2NPb2p/PPP1Rn1K/8 b - - 5 32	e3f4 h2g1 h3h2 g1f2 h2h1q	1355	000g0i0p0r101h
pl8U7	r4rk1/1pp2pb1/p1n1b1q1/4p2Q/P1B1N3/2PP4/1P3PPP/R4RK1 w - - 7 18	h5g6 f7g6 c4e6	1355	010b0y191o
qWboP	rnbq1rk1/1p2bppp/p3pn2/6B1/4N3/5N2/PPP1BPPP/R2Q1RK1 b - - 7 10	f6e4 d1d8 e7d8	1355	010t1c1o
qwZU9	r1b3k1/p1p2pp1/5q1p/2bp4/8/2PB4/PPQN1PPP/4R1K1 w - - 0 17	e1e8 c5f8 d3h7 g8h8 e8f8	1355	0i0y10131619
rD24u	r4r2/2pk3p/2p5/p2p4/P2P4/8/Q3K1PP/5R2 b - - 1 23	a8e8 e2d2 f8f1	1355	010i0p1j1o
t9UjY	1r6/2k2pp1/1Rn1p2p/3pP2P/3P2P1/r7/3KNP2/1R6 w - - 3 26	b6c6 c7c6 b1b8	1355	0g0i0j0p1o
twXkA	2nqrbk1/1prb1ppp/p2p1n2/3P1N2/5P2/P1NB2RP/1P4P1/R1BQ2K1 w - - 9 19	f5h6 g8h8 h6f7	1355	0g0i0y1c1g1o
ukSEZ	rn2kb1r/ppp2ppp/3p4/4pP2/4P1bq/N1PP1P2/PP2K2P/R1BQ1B1R b kq - 2 9	g4f3 e2f3 h4h5 f3f2 h5d1	1355	050g101c1n1p
ukzQP	r2q2rk/5pRp/p2pbQ1P/4p3/4P3/1Bp5/PPP2P2/1K6 w - - 7 27	g7g8 h8g8 f6g7	1355	050k0m0y1315191o
v7HHo	3q3r/p6k/4N1pp/8/3r4/1P6/P5PP/1K3R2 w - - 2 26	f1f7 h7g8 f7g7	1355	0p13151o
wfF0G	1r2k2r/4pp1p/2Npb1p1/p7/1q6/1PQ4P/PKP2PP1/3R3R b k - 0 19	b4c3 b2c3 b8c8 c3b2 c8c6	1355	0g10191g
woizG	5rk1/1p4pp/p5r1/3P4/2PPR2q/6pP/PP1BQpP1/5R1K b - - 7 26	h4h3 g2h3 g3g2 h1h2 g2g1q f1g1 f2g1q	1355	000s1317191h1n1w
1IocB	r2q1rk1/ppp3pp/8/2b1pn2/8/P1NQ4/1PP2PPP/R1B1K2R w KQ - 0 15	d3c4 g8h8 c4c5	1356	010s191o
2wkJd	rnbq1r2/pp4pp/3k4/2bp4/8/1B3Q2/PPPP1PPP/R1B1R1K1 w - - 6 13	f3d5 d6c7 d5c5	1356	0g0i1c1o
5ihrq	1r1qr3/p1p3kp/1p4p1/3P1p2/2Q3P1/B1P1bR2/P6P/5RK1 w - - 0 25	f3e3 e8e3 c4d4 g7f7 d4e3	1356	050g0s10191g1n
6Alcc	5r2/1b4k1/p3p2p/1ppqP1p1/2p5/P1P2P2/2Q1NKPP/R3R3 b - - 1 24	f8f3 f2g1 f3f1 g1f1 d5g2	1356	050j101316191n
6bsdC	r2q4/pp1b2pk/3p4/2bQ2p1/3p3r/8/PPP3PP/RNB2R1K w - - 0 17	c1g5 h4h2 h1h2	1356	010s191o
6jxia	1rb2rk1/5ppp/4pn2/8/8/3B2P1/P2N1P1P/R3R1K1 b - - 2 22	f8d8 d3f1 d8d2	1356	01191o
6zpe0	3r3k/6pp/4rP2/2PB1p2/P7/2P1B3/1P2q2P/6RK w - - 0 39	f6g7 h8g8 d5e6	1356	000p0w13151o
7DPRo	r2qr1k1/p4pbp/5np1/3B2B1/P3p3/8/1PP2PPP/R2QR1K1 b - - 0 17	d8d5 g5f6 d5d1 a1d1 g7f6	1356	011019
7KZVO	4r2r/1p4pk/pBp2n1p/4P3/5R2/7P/PPP3P1/4RK2 b - - 2 21	f6d5 f4f7 d5b6	1356	010p0s1o
7TNiA	8/5p1k/pp5r/8/1PQP1P2/P3q1P1/7p/2R2R1K b - - 0 48	e3e4 f1f3 e4f3	1356	0p13151o
9ZHN1	8/3bq1BQ/1p4P1/3P1pk1/8/3p4/P1P5/R2K4 b - - 1 36	e7e2 d1c1 e2c2	1356	0p13151o
9zRGN	4r3/pr1bB1pk/2p4p/4Qp1P/2P5/2PP1P2/P1K2n2/6R1 b - - 2 30	b7b2 c2b2 f2d3 b2a3 d3e5	1356	050g0i0s10191n
B1Hbz	6Q1/pp6/1b3p2/1Pp1k3/P3P3/2q4P/5P2/5K2 w - - 2 36	g8d5 e5f4 d5f5	1356	0p13151o
BSaBS	1q2r1k1/p1p2ppp/1r1p4/3P4/Q1P5/2bBB2P/P4PP1/2KR3R b - - 0 17	b6b1 d3b1 b8b2	1356	0d1315191k1n1o
CNRFD	8/1k4pp/p3r3/P1r5/3p4/3Q3P/2P3P1/7K w - - 0 37	d3b3 b7c7 b3e6	1356	0g0p0s1j1o
CTISH	4Rb1r/p3Bn1p/1p4p1/2p1pk2/8/8/PPP3PP/2K1R3 b - - 5 25	f8h6 c1d1 h8e8	1356	0g0j0p1o
DTxST	2rqr1k1/pp2bppp/3p4/6B1/3Nn3/8/PP1Q1PPP/R3R1K1 w - - 5 19	e1e4 e7g5 e4e8 d8e8 d2g5	1356	010t0y1019
DaULC	3r4/6P1/5K2/pp6/3p3R/2k5/P7/8 w - - 1 59	h4h8 d8h8 g7h8q	1356	000g0p1h1m1o
EFeBD	K7/1P5p/2n3p1/8/8/6k1/P7/8 w - - 0 49	a2a4 h7h5 a4a5 g6g5 a5a6	1356	0g0p0z101l
FP3ur	8/3R1rpk/P6p/8/6r1/1P6/4K3/3R4 b - - 3 48	g4e4 e2d3 f7d7 d3e4 d7d1	1356	0g0p0r0v101m1p
GAqi6	8/pp1k2r1/2p1p3/4Q3/3P4/6q1/PP4P1/5RK1 w - - 0 30	f1f7 g7f7 e5g3	1356	0g0i0p1o
GweKC	3r3r/pp3qk1/8/3npPp1/2Bp2Q1/PP6/2P3P1/5RK1 w - - 0 32	g4g5 g7f8 g5d8	1356	0g0v191o
HDZUn	r4rk1/pbp1nppp/1p1p1q2/8/4P3/2N1QB2/PPP2PPP/R3R1K1 w - - 2 14	e4e5 d6e5 f3b7	1356	010j191o
K4cxf	6rk/pRP5/4P3/1P1P2pp/5R1P/2N4K/6P1/5n2 b - - 0 37	g5g4 f4g4 h5g4	1356	0p13151o
Kv8LQ	2kr2N1/ppp4p/3p4/q7/7P/7K/PPP1R2P/R2Q4 b - - 0 23	a5f5 h3g2 d8g8 g2h1 f5f3 e2g2 f3g2	1356	0p13171w
LBrW5	2r4k/pp3p2/1q1p2P1/n2P4/4P3/2r2p2/P2QBP2/R3K3 w Q - 0 24	d2h6 h8g8 h6h7 g8f8 h7f7	1356	0r10131619
Lz8VT	4r1k1/5ppp/p1Q5/1p4q1/2p3b1/7P/PPB2PP1/4RK1R b - - 0 22	e8e1 f1e1 g5c1 c2d1 c1d1	1356	050s10131619
MJ1AO	4r2k/1pp3p1/1p1p3p/3B4/1P6/2qb2Q1/P2N2PP/3R2K1 b - - 3 24	c3d4 g3f2 d4d5	1356	010s191o
N8o5Y	1r2k3/2R2r1p/3p2p1/1N1P4/P2pP1P1/3n1P2/2K5/8 w - - 0 32	b5d6 e8d8 c7f7	1356	0g0i0p0s1o
Npjq7	r5k1/pp2Bp2/2pp1Pq1/2b1p3/8/1P1P1NP1/1PPQ1P2/5RK1 b - - 0 23	g6g3 g1h1 g3f3	1356	0g0y191g1o
OIJ0Y	r1bk1br1/5p1p/p2p1N2/2p5/Pp2PP1n/6Pq/1PP1BR1P/RN1Q2K1 b - - 2 20	g8g3 h2g3 h3g3 g1h1 g3f2	1356	0g0i0y10191n
PKbx6	r1b1k2r/4pp1p/p1pp2p1/8/4PP2/2qBB2P/P1P2QP1/5RK1 w kq - 0 17	e3d4 c3a5 d4h8	1356	0g0s0v191o
PbFcs	3r3k/5p2/pp2p1p1/4b3/P1R1P3/6Q1/1qB3K1/4B3 w - - 2 34	g3h4 h8g7 h4d8	1356	0g0s191o
Rx9In	7k/p1Q3p1/1p1p3p/5r2/3q4/P7/1PP3PP/5R1K w - - 0 28	c7c8 h8h7 c8f5	1356	0g0p0s1o
SU0Ri	5k2/2R5/4B1p1/2p1p3/4P1KP/2r3P1/5b2/8 w - - 8 41	c7f7 f8e8 f7f2	1356	0g0p0s111o
TdiLX	3r2k1/ppp1npp1/4qb1p/3Np3/4P3/2P2B1P/PP3PP1/R2Q2K1 w - - 3 19	d5f6 g7f6 d1d8	1356	0g0j0y11191o
TxYhK	2b1r1k1/5p2/p6p/3N2p1/P1pP2n1/5BP1/1P2rP1P/R4K1R b - - 6 26	e2f2 f1g1 f2f3	1356	0g0s191o
USCfY	3rr1k1/pp3ppp/3q4/2pB1b2/2P5/PP4P1/7P/3QR2K w - - 2 26	e1e8 d8e8 d5f7 g8f7 d1d6	1356	010j0y1019
Vo4QJ	r3kb1r/1pp2ppp/p5b1/8/2BnN3/8/PPP2PPP/R1B1R1K1 w kq - 0 14	e4f6 e8d8 e1e8	1356	0k0m1315191o
Wf6sq	rn2k2r/ppp2ppp/3bp3/8/3P2n1/2N2N1q/PPPB1P2/R2QRBK1 b kq - 3 13	d6h2 g1h1 g4f2	1356	0i0y13151c1o
XN05y	1r3k2/1q3Pp1/2r1Q1np/1pp5/8/2PP2P1/1P5P/R3R1K1 w - - 3 29	e6e8 b8e8 f7e8q	1356	001315191h1o
XqwNr	8/p3r1p1/1p4Rp/3p1P2/4k3/6P1/P2K3P/8 w - - 1 39	g6e6 e4f5 e6e7	1356	0g0p1m1o
YKMTP	4k3/pp3p2/2pq1b1Q/5B2/3PN3/1PP3P1/P6P/6K1 b - - 1 32	f6d4 c3d4 d6h6	1356	0g0j0p1o
aFx9h	r1bq2k1/ppp3rp/2np1p2/2b2B1Q/2P5/8/PP3PPP/RN2R1K1 w - - 2 24	e1e8 d8e8 h5e8	1356	0s13151c1o
acLY5	2kr4/1ppb1p1p/p5p1/8/2N5/1P4Q1/4qPPP/2R3K1 w - - 2 24	c4b6 c8b8 g3c7	1356	0g0p1g1k1o
c7Ih6	8/2R3pk/5p1p/N7/3b4/PP4PK/7P/7r b - - 0 36	d4b6 c7c3 b6a5	1356	010p0s1o
c7LDO	r2qk2r/pbp2p1p/1pB3p1/2n1n3/6Q1/6P1/PP2PP1P/RNBR2K1 b kq - 1 14	b7c6 d1d8 a8d8 g4h3 d8d1	1356	01101c
cahKS	r3r3/pR6/6kp/2pp2p1/4b1P1/1Pn2N1P/6P1/R5K1 w - - 1 29	a1a6 e8e6 a6e6	1356	1315191o
chN4P	r4rk1/pp3ppp/3b4/2pp4/6n1/2P1PN1q/PP3P2/R1BQRBK1 b - - 3 15	d6h2 g1h1 g4f2	1356	0i0y1315191o
fN1G7	1kr4r/pp3ppp/1b1qp3/1PNn3b/3P4/Q4N1P/2P1BPP1/2KR3R w - - 9 24	c5a6 b7a6 a3d6	1356	0g0j191k1o
fl4JK	8/1rp2kpp/p3ppn1/1q6/3PN3/Q6P/P4PP1/2R3K1 w - - 7 33	c1c7 b7c7 e4d6 f7g8 d6b5	1356	010p0s101n
gQOgS	r1b2qrk/p2p1p1p/2n2PpQ/4P3/3p4/5R2/PPP3PP/R1B3K1 w - - 6 23	h6h7 h8h7 f3h3 f8h6 h3h6	1356	050y101316191d1n
gn8af	r2qk2r/pp3p1p/2b3pb/2pp4/3PN3/2P5/PP3PPP/RNB1R1K1 w kq - 0 14	e4f6 e8f8 c1h6	1356	0k0m0w1315191o
ijXMH	3r4/1p2k2p/p1n1p1p1/5p2/8/4B3/PP3PPP/2R3K1 w - - 0 22	e3g5 e7e8 g5d8	1356	010p1o1p
in5PS	2kr4/ppp2pp1/2pb4/8/4P3/2NPK2b/PPP1B2r/3R3R w - - 5 19	h1h2 d6h2 d1h1 h2e5 h1h3	1356	010d1019
jOAXf	2r1k2r/p4ppp/3bp3/1Pp5/5P1q/P2BP3/2QB1nKP/R6R w k - 0 21	d2e1 h4h3 g2f2	1356	01191o
kyU00	1k3r2/pp1Q2p1/3N4/3PP2p/2p2r2/2P5/PP3qPP/6RK b - - 6 24	f2g1 h1g1 f4f1	1356	050p0y13151n1o
m0LeT	r3r1k1/pppqbppp/8/8/3nN3/P1PP4/1P1Q1PPP/R1B2RK1 b - - 0 16	d4b3 d2d1 b3a1	1356	010s191o
n9gdc	8/7p/pb1r1kp1/5p2/P3pN1P/4P1K1/1R3P2/8 w - - 5 41	b2b6 d6b6 f4d5 f6e5 d5b6	1356	01050p0s101n
nSSVu	r4k2/ppp1r3/3p2Q1/3Pp3/4P3/2Pn2P1/PP5P/6K1 w - - 1 28	g6f6 e7f7 f6h8 f8e7 h8a8	1356	010p0r101p
oDxDH	7R/5P2/2k5/8/1b2p3/2p1B3/6rP/3K4 b - - 1 38	c3c2 d1c1 b4a3	1356	000p13151o
peAdA	1b4rk/p4Qpp/1p1p3r/8/4p1q1/P1P1PRN1/1P3R1P/6K1 w - - 0 33	f7g8 h8g8 f3f8	1356	050y1315191n1o
pf7S0	2kr4/p3p3/2pq2p1/1p4Bn/3b4/2N3PP/PPP4K/R2QR3 b - - 0 23	d6g3 h2h1 g3h3	1356	0i0s1315191o
tPBmP	4r3/4P1k1/6pp/p7/P1Q5/5P1P/4p1P1/5qRK b - - 2 38	f1g1 h1g1 e2e1q	1356	00050g0p1h1o
u2Phq	2b2rk1/1p2n1p1/8/6NR/7P/r3P3/5bP1/3Q3K w - - 6 28	h5h8 g8h8 d1h5 h8g8 h5h7	1356	05101316191n
udQ8g	8/ppp2R2/3p2kp/2nP2p1/2Pp4/6PP/Pr2r1P1/5RK1 w - - 1 24	f1f6 g6h5 g3g4 h5h4 f6h6 h4g3 f7f3	1356	0i0p0q13171w
uiEBm	6k1/ppp2ppp/2n1P3/2b5/5N2/1P3RPK/Pr5P/8 w - - 0 26	e6f7 g8f7 f4d3	1356	00010j0k0p1o
vH12l	2kr3r/ppb2p2/2p1p2B/7P/8/3P1q2/PPPQ1P2/2KR2R1 b - - 0 22	h8h6 d2h6 c7f4 h6f4 f3f4	1356	010s10191n
vIm9K	r1bk1r1R/p7/1p1p1n2/2pPppQ1/2P1P3/P1PB4/8/6RK b - - 3 35	f8h8 h1g2 h8g8 g5g8 f6g8	1356	0g0t10191g
vo9U0	3Q4/4rp2/4pkpp/8/1q1p1P2/7P/6PK/8 w - - 2 48	d8h8 f6f5 h8e5	1356	0p13151o
wPCfC	r1b1rk2/pp3pp1/3qpn1p/3p4/5N2/P1PB2Q1/2P2PPP/R3R1K1 w - - 7 19	f4g6 f7g6 g3d6	1356	0g0j191o
wXg3a	R1b1r2k/6pp/8/1pNp4/3P4/2P3PP/1P4K1/8 b - - 1 32	c8h3 g2h3 e8a8	1356	010j0p1o
wzAWz	6Q1/pR6/2p4k/8/6n1/3B4/PPP3q1/4K3 b - - 0 40	g2f2 e1d1 g4e3 d1c1 f2e1	1356	0p0r101316
xovhe	2r2rk1/1p3ppp/p7/3n4/3Q4/q1N2P2/2KB1P1P/3R2R1 b - - 1 22	d5b4 d4b4 a3b4	1356	0g191o
yZPy5	8/2Q3pp/pqn1R3/kp6/8/P6P/1P4PK/2r5 w - - 4 39	b2b4 a5a4 c7b6	1356	0g0i0p1o
0MWU8	r1bqr1k1/pp3p1p/4pbpQ/3pN3/5P2/7R/PPP1KPPP/R7 w - - 3 17	h6h7 g8f8 h7f7	1357	0y1315191o
0iVkb	r3k2r/5ppp/b1Pppq2/p7/2P1P3/1QNn4/PP1BNnBP/R5KR b kq - 4 17	f2h3 g2h3 f6f2	1357	0d0y1315191n1o
0zN6c	2r2r2/1p3pbk/p1bpp1p1/7p/4P2q/1PP2B1P/3B1PP1/1RQ1R1K1 w - - 2 25	d2g5 h4g5 c1g5	1357	01191o1t
2coMu	r5k1/6pp/2p2bp1/5r2/pB1qQ3/7P/PPP2P2/2K1R2R w - - 0 25	e4e6 g8h8 e6e8 a8e8 e1e8	1357	06101316191n
2qYXc	8/p2k1pp1/2R4p/1p6/1r2B3/5PP1/4KP2/8 b - - 0 41	b4e4 f3e4 d7c6	1357	0g0p1o
2zMHZ	3n2k1/2B5/1p2r2p/2p3p1/P2p4/7P/1PP5/4R1K1 w - - 0 32	e1e6 d8e6 c7b6 d4d3 c2d3	1357	0b0g0p1011
3RRfE	5r2/p1p3pk/1p4Rp/7q/2BP4/5r2/P1Q4P/4R1K1 b - - 3 30	h5g6 c2g6 h7g6	1357	0g191o
3fcRN	4k3/1pp2q2/1b1p3Q/p2Pp3/8/P1PB4/KP6/8 w - - 2 60	d3g6 e8e7 g6f7	1357	0g0p1g1o
3kSva	r2qk2r/ppp1bpp1/2n1p3/3nP1Np/3P2b1/8/PPP1B1PP/RNBQ1RK1 w kq - 2 10	g5f7 g4e2 d1e2	1357	040g0s1c1o
4Dxn7	7k/pp3q1p/3p2r1/2pPp3/2P2b2/5Q1P/PP3P1N/6RK b - - 1 28	g6g1 h1g1 f4h2	1357	050g0p0y1o
4E0Gh	7k/p1p3pp/1p1p4/3Q1r2/2P1n3/P5P1/6KP/2q5 w - - 0 36	d5a8 f5f8 a8f8	1357	0p13151o
4FPw4	2k5/pp3Q1p/1bpR4/6N1/6n1/2P3P1/4qPKP/5R2 b - - 0 29	g4e3 g2g1 e2f1	1357	1315191g1o
4el9S	1k5r/ppqnNp2/2p5/2PP4/Pb3nB1/1P6/5PP1/R2Q1RK1 b - - 0 23	f4e2 d1e2 c7h2	1357	0d0y1315191n1o
5IzBE	rnb1kb1r/pp3ppp/4p3/3q4/3N4/4B3/PP2PPPP/R2QKB1R b KQkq - 1 8	f8b4 e3d2 d5d4	1357	010i0v1c1o
5RMkr	4k3/5pp1/2NP4/p1p5/2r4P/8/5PP1/5K2 w - - 2 34	d6d7 e8d7 c6e5 d7c7 e5c4	1357	0001050p0s10
7aro0	5k2/R5N1/5p1P/2np4/8/2P5/2r2r2/K5R1 b - - 0 49	c5b3 a1b1 c2b2	1357	0p13151o
7p7Hf	3nr1k1/ppp2p2/5B2/3P1PpQ/7r/P3P2P/6PK/4q3 w - - 0 31	h5g5 g8h7 g5g7	1357	0p13151o
8QHUU	5rk1/p2q1ppp/2r1pn2/BQ1p4/8/P3P3/P4PPP/2R2RK1 b - - 7 19	c6c1 b5d7 c1f1 g1f1 f6d7	1357	0g0w1019
91ZgP	1n2kr2/p1pqp1b1/1pb1Q2p/5pp1/2BP4/2P5/PP1N2PP/R3K1Nn w Q - 4 18	e6g6 e8d8 g6g7	1357	010s191o
9RcX6	5k2/pp3p2/5Np1/3N2Pn/P1P2P1P/1P5b/5r2/3R3K b - - 2 33	h5g3 h1g1 f2g2	1357	0p13151d1o1x
9xavX	2rq1rk1/5ppp/p2p1b2/4p3/1p2b3/nP2P2P/B1PQNPPB/2R2RK1 w - - 4 25	d2b4 a3c2 b4e4	1357	010s191o
ArFK7	8/8/1p2nn2/2p2k1p/2N2PpP/1NP3K1/1P6/8 w - - 2 36	c4d6 f5g6 f4f5 g6g7 f5e6	1357	0g0p0s0z1011
BP7uw	2r3k1/pQ4p1/7p/4p3/1R3b2/5P2/PP3P1P/KN3q2 b - - 4 26	f1b1 a1b1 c8c1	1357	050p13151d1n1o
Cutdr	6k1/Q4pp1/1p2q2p/n7/4r3/4B2P/P4PP1/2R3K1 b - - 0 28	e4e3 a7b8 g8h7 f2e3 e6e3 g1h2 e3c1	1357	010p0s1w
CyKx8	5rk1/1p3p1p/4PQp1/q1r5/1p6/6P1/5P1P/4R1K1 w - - 1 29	e6f7 f8f7 e1e8 f7f8 e8f8	1357	000p101316
Dfv1w	2kr3r/pp3pp1/2p1p2p/3qB2n/5Q2/3N4/nPPK1PP1/3RR3 w - - 0 23	f4f7 d8d7 f7h5	1357	01191o
Dnsqz	7Q/6r1/2q1pk1p/4b3/2p5/2B1n3/1P5P/1K1R4 w - - 8 52	c3e5 f6e5 h8g7	1357	0105191o
F0SHE	rnb2rk1/1p4pp/p3p3/3p4/1b1Pp3/1N4P1/PP2PqBP/R1BQR2K w - - 2 15	e1f1 f2f1 g2f1	1357	0g191o1t
FugfL	1r4k1/5p2/4p1p1/2PbP3/3P3R/3B2r1/3K4/q6R w - - 0 38	h4h8 g8g7 h1h7	1357	091315191o
HVXUR	7K/8/5k1P/5p2/8/8/8/8 w - - 2 61	h8g8 f5f4 h6h7	1357	000g0p1e1o
Hk9mz	r1b1kb1r/pp1p1ppp/4p3/2p1P3/2Bn1Pnq/2N3P1/PPPPN2P/R1BQK2R b KQkq - 0 8	d4f3 e1f1 h4h3	1357	13151c1o
I5n3t	3k1r2/R5p1/6B1/8/3P2K1/2P4P/PP6/5r2 b - - 0 44	f1g1 g4h5 f8h8 g6h7 h8h7	1357	0p101316
I5tIM	1k4r1/pp5p/6p1/8/2Q5/3rp2P/PPn3P1/2b4K w - - 2 31	c4g8 b8c7 g8c4	1357	0g0p0t1o
Iem9A	r1r2bk1/5p1p/8/3pQ1P1/3B4/5p2/BPb5/K2R3R b - - 0 31	a8a2 a1a2 c8a8 d4a7 a8a7	1357	05101316191f1n
J2lnN	r1r5/pp1k1pR1/2p4B/q2pQ3/3P4/b1N1P3/PP3P1n/2KR4 b - - 7 23	a5c3 c1b1 c3b2	1357	1315191g1k1o
Jtygb	2rq1rk1/pb4pp/1p2p3/3pPp2/1n6/P2BPNP1/1P3PP1/2RQ1RK1 b - - 0 19	c8c1 d1c1 b4d3	1357	01191o
JzusK	r1bqkbr1/ppp1nppp/8/3BP3/8/2P2N2/P4PPP/R1BQK2R w KQq - 1 11	d5f7 e8f7 d1d8	1357	040g0i0j1c1o
LMK6O	r1b1k2N/pppp2pp/8/4p1B1/2Bn2n1/2NP4/PPP4P/R5K1 b q - 3 14	d4f3 g1g2 f3g5	1357	010s191o
MkLoD	3r1r1k/1q1bNppp/p7/1p2p3/8/7R/PPP2PPP/R2Q2K1 w - - 4 20	h3h7 h8h7 d1h5	1357	02050y1315191n1o
MnPtM	8/k2qrp1p/1p4p1/8/2bN4/2P4P/P4KP1/3RR3 w - - 0 26	e1e7 d7e7 d4c6 a7b7 c6e7	1357	050g0p0s101g
NMqnI	5rk1/3R1ppp/4p3/bP2P3/4P3/4BP2/2p3PP/6K1 b - - 1 29	a5b6 e3b6 c2c1q	1357	000g0i0p1h1o
PtsFb	r2r2k1/1Qnq2pp/2p2p2/4p3/P3P3/2PP2P1/5NKP/R4R2 b - - 0 28	d8b8 b7b8 a8b8	1357	01191o1t
R4Y99	4r1k1/5ppp/p7/1p6/1Pn5/4qPQ1/b5PP/R1R4K w - - 2 30	c1e1 e3e1 a1e1	1357	0g191o
R6lxc	r2qr1k1/ppp3pp/3N2b1/3P1p2/5n2/PP1P1N2/1BQ1BPPP/R3K2R b KQ - 0 15	e8e2 c2e2 f4e2	1357	010s11191o
RTZmI	2k5/p5p1/2p5/8/7p/1P4nP/P1PBr1PK/3R4 b - - 3 30	e2d2 d1d2 g3f1 h2g1 f1d2	1357	01050p0s101n
S3oDK	8/B7/2kp4/pp2p3/4P1P1/1PKP4/rrP2Q2/8 b - - 1 38	b5b4 c3d2 b2c2 d2d1 c2f2	1357	0g0p101p
S8aNn	1n2r3/5k2/p7/1p4Pp/1P3K1P/5P2/8/4R3 w - - 7 38	g5g6 f7f8 g6g7 f8g7 e1e8	1357	000g0i0p0r10
UIfjE	8/B7/4k1pp/1p2np2/1PbK1P2/6PP/2B5/8 b - - 0 39	e5c6 d4c5 c6a7	1357	0g0p0s1o
Uv0TU	6k1/p4p1p/2Bp2p1/6q1/5n2/5Q1P/PrP2PP1/4R1K1 w - - 0 23	e1e8 g8g7 f3c3 g5f6 e8g8 g7g8 c3f6	1357	0g0i0p0s1w
V1m5y	8/p1p5/1p1p1R2/1P4pk/P1PB3p/2QP2P1/5PKP/3q4 b - - 2 32	h4h3 g2h3 d1f1	1357	050p13151o
W2xGr	3r3k/1p2qpp1/pb5p/8/1P3Q2/P2p2P1/5P2/4R1K1 w - - 0 32	e1e7 d3d2 e7e8 d8e8 f4d2	1357	010i0p0t10
XQNDS	b1r3k1/p4ppp/1p2p3/2b1P3/1PR5/3r1NP1/P4PBP/4R1K1 b - - 0 21	c5f2 g1f2 c8c4	1357	0g0j191o
Xmef0	8/4q3/1p4k1/3p2np/1PpP3Q/2P1NPN1/5K2/8 b - - 0 47	g5e4 h4e4 d5e4	1357	010p111o
Y43B2	6k1/p2R1p1p/1p4p1/8/2r2q2/8/P3QbPP/5R1K b - - 5 29	f4h2 h1h2 c4h4	1357	050p13151f1n1o
aFtUI	r4rk1/1p4pp/p3p3/3pPpq1/3P1RQb/7P/PPP1N1P1/R5K1 w - f6 0 19	g4h4 g5h4 f4h4	1357	01191o
c4a77	3rr1k1/pb3pp1/1q3n1p/1p1p4/8/P1PP3P/BP2NQP1/R4RK1 b - - 2 21	e8e2 f2b6 a7b6	1357	0g191g1o
cCiok	1r2r2k/p1p3pp/3p1p2/2pP1q2/P1P2nQ1/1P2R2P/3B1PP1/2R3K1 b - - 2 26	f5g4 e3e8 b8e8 h3g4 f4e2 g1f1 e2c1	1357	0g0s191w
cIXTd	r5k1/3P1p1p/6p1/2p1R1P1/8/2PK3P/p7/1rR5 w - - 1 36	e5e8 g8g7 e8a8	1357	0g0p1m1o
czdRH	8/pp3r2/1bk1q3/2pp4/8/1NQ4P/P2B2P1/7K w - - 0 35	b3d4 c6d6 d4e6	1357	0g0p1g1o
fG4tj	3rk2r/p1pnb3/4Q2n/4p2p/6pP/3P2K1/PPP1q3/RNB2R2 w k - 1 18	e6g6 h6f7 g6f7	1357	041315191o
gmgap	8/3Q3p/3p2p1/pp2p1qk/3pP3/1P1P4/P1P5/1KB2r2 w - - 0 32	d7h3 g5h4 h3f1	1357	0g0p0s1o
hHPqA	6R1/8/4N1p1/3k1p1p/7P/2n5/P2r2P1/6K1 w - - 0 37	g8d8 d5e6 d8d2	1357	010p111o1p
hJsy4	2r4k/6pp/pp2Q3/8/1B6/1P3P2/P3pqPP/4R2K b - - 1 28	f2f1 e1f1 e2f1q	1357	000p13151h1o
iQFPa	4r3/3KPk2/p1N3p1/1p1p1r2/1P5p/2PR4/8/8 w - - 0 53	c6d8 f7f6 d7e8	1357	0g0i0p1o
j055q	r4r1k/1p3p1p/p7/3Nn1Qp/8/8/PqP3PP/3R3K w - - 0 25	g5f6 h8g8 d5e7	1357	1315191o
j9Wpr	r4rk1/pp4b1/2p1b3/3pP2q/3P1N2/P2B2Q1/1P3KP1/R4R2 b - - 0 22	f8f4 g3f4 a8f8 f2g1 f8f4	1357	050d0g10191g1n
juiKF	7k/4p2p/3p2p1/1p2n3/4Pq2/6RR/Q5PK/8 b - - 0 36	e5g4 h2g1 f4c1	1357	0p13151o
kQluq	2k1r3/1p6/pb3pN1/8/5RP1/2P5/P5P1/7K b - - 0 35	e8e1 h1h2 b6c7	1357	0g0p1g1o
lGPPX	r1b3k1/pp5p/2pp1r2/5p2/1PPP1Pp1/P1N2pPq/5P1P/2R2QRK b - - 4 26	h3h2 h1h2 f6h6 f1h3 h6h3	1357	050y101316191n
mc2HG	2R1rQ2/p6k/6bp/3p4/q2P4/7P/P2R2PK/4r3 w - - 9 43	c8c7 e8e7 c7e7 e1e7 f8e7	1357	0g1019
pldo8	r6r/p4pp1/4bk1p/1Bb5/3p4/P1N2P2/1P4PP/2KR3R w - - 0 19	c3e4 f6e7 e4c5 h8c8 b2b4	1357	010h0s1019
rO6Hr	4rr2/pp3pk1/1b3p1p/3P4/4bP2/1B2B3/PP4PP/3RR2K b - - 0 25	b6e3 e1e3 e4g2 h1g2 e8e3	1357	010j0y1019
tb1Gt	8/r7/3k4/4pKp1/3p2P1/4pB2/4R3/8 b - - 12 46	a7f7 f5e4 f7f4 e4d3 f4f3	1357	0g0i0p10
uzsxM	3r1k2/pp3Pbp/4Q1p1/5n2/1q6/8/PP3PPP/1K2R3 w - - 5 24	e6e8 d8e8 f7e8q	1357	000p13151h1o
w5t4V	r3r1k1/3q1ppp/3b4/3Q1N2/8/P7/1P4PP/R1B2RK1 b - - 0 23	d6h2 g1h2 d7d5	1357	010j191o
wHFKV	2r4k/pp5p/4p3/4p3/4Pp1q/2P3rP/PP3QBK/3R2R1 b - - 3 25	g3h3 g2h3 h4f2	1357	0g0j11191o
wc60E	8/1Rr5/P1pk2p1/5p1p/4pP2/6P1/6P1/5K2 w - - 3 45	a6a7 c7b7 a7a8q	1357	000g0p1h1m1o
xkbbf	r2k4/pp2p3/2p3Q1/4bpP1/3q1N2/3P1K2/1P6/1R6 w - - 1 42	f4e6 d8d7 e6d4	1357	0g0p0s1o
y1NBL	5rk1/1bqBQppp/p7/1ppp4/8/2P4P/PP3PP1/4R1K1 w - - 9 26	e7f8 g8f8 e1e8	1357	050p0y13151d1n1o
0XPN8	5rk1/1b4p1/7p/p4B2/5R2/PPp3rP/8/3R1K2 w - - 0 38	f5e6 g8h7 f4f8 g3f3 f8f3	1358	0g0i0j0p10
0llha	5Q2/ppk5/1r4P1/3RP3/b1r2P2/8/PqPK4/8 w - - 3 37	f8d8 c7c6 d8d6	1358	0p13151o
0oGSF	r3r1k1/pp3pp1/2nqb2p/3Np3/2B2n2/P4N2/1PPQ1PPP/3RR1K1 w - - 8 18	d5f6 g7f6 d2d6	1358	010j191o
245o9	r1bq1r1k/ppp2n1p/6p1/2p2p2/1P2N2P/BQ2P3/P4PP1/b3KB1R w K - 0 15	a3b2 f7e5 b2a1	1358	01191g1o
4O9nS	1k6/pp3p1r/2P3p1/Q1P1p3/6q1/7P/P5P1/7K w - - 0 37	a5d8 g4c8 c6c7 b8a8 d8c8	1358	000i0p101316
5a57L	8/1R3pk1/p2p1qp1/3P2n1/5Q2/1P2PB1P/2r2PK1/8 b - - 2 40	c2f2 g2f2 g5h3 f2g3 h3f4	1358	050g0i0p0s10111n
5ilcM	2kr2r1/pppb4/1b1p3p/3Pppp1/3P2Bq/P1P1B2P/1P3PP1/R2QR1K1 w - - 0 18	g2g3 f5g4 g3h4	1358	0g191o1t
5uem0	3r1b1r/p4k1p/2p2pp1/q7/2p5/2N5/PP2QPPP/R3K1NR b KQ - 1 14	d8e8 e2e8 f7e8	1358	0111191g1o
73ipB	4rk2/1R3pp1/4p2p/3pP3/5BP1/1P2P1K1/5P1P/4n3 b - - 4 37	g7g5 f4g5 h6g5	1358	010p111o1t
7k4wU	8/1Q6/p7/5k2/2P1q1n1/1P4P1/5PK1/8 w - - 3 67	b7e4 f5e4 f2f3 e4f5 f3g4	1358	050g0p0s10
7nUJk	r2r4/1p3pPk/p6p/2p1q1PQ/P7/7P/1PP4b/5R1K w - - 0 27	h5h6 h7g8 h6h8	1358	0p13151o
7qAmD	2kB1b2/3n1Bp1/1qpp4/1p2p3/p3P1n1/P1PP4/1P1N1P2/R3K1NQ b Q - 0 16	b6f2 e1d1 g4e3 d1c1 f2e1	1358	040s10131619
7zlg2	4knQ1/pp6/q6r/3pPp1r/3P1P2/2P5/6RP/6RK w - - 6 35	g8f8 e8f8 g2g8 f8e7 g1g7 e7e6 g8e8	1358	050r1317191n1w
9fHce	4r1k1/2p2ppp/8/ppNq4/3P1b2/1P1Q1P2/P1K5/4r2R w - - 0 33	d3h7 g8f8 h7h8 f8e7 h1e1	1358	0g0v1019
AWohz	r4rk1/2b2p2/p1p1bB1P/1p6/1P6/2pP2qP/1P4P1/R2Q3K w - - 0 26	h6h7 g8h7 d1h5 h7g8 h5h8	1358	00050y10131619
Aflrx	r1b1kb1r/pp1p1ppp/1q2p3/3nP3/B2p1P2/2P5/PP1P2PP/RNBQ1RK1 b kq - 2 9	d4c3 g1h1 c3b2 c1b2 b6b2	1358	000g0j0k0s101c1t
Ao0ro	r4bnr/ppqknQpp/2pp4/4p3/2B1P3/8/PPPP1PPP/R1B2RK1 w - - 1 12	c4e6 d7d8 f7f8	1358	0v13151c1o
Ayzmw	4r3/3qrpk1/pn1p2pp/1p6/1P4P1/P3N2P/3Q1P2/3RR1K1 w - - 0 31	d2d4 g7h7 d4b6	1358	010s191o
B0IdN	8/5p2/4pP2/1p3pP1/pPk4p/R1r4P/5K2/8 w - - 0 43	a3c3 c4c3 g5g6 f7g6 f6f7	1358	000g0p10111m
C6DlH	r6k/p1R4p/7p/8/2p3N1/np4P1/6K1/8 w - - 0 39	g4f6 b3b2 c7h7	1358	030p13151o
CeWzG	1rq1kb1r/p1Q1pppp/3P4/1b6/8/8/P2N1PPP/R3R1K1 w k - 4 20	e1e7 f8e7 c7e7	1358	1315191o
Cly4X	r4r2/pppk2pp/2nb1q2/8/Q2NN3/6Pb/PPP2P1P/R1B1R1K1 b - - 2 19	f6d4 a4d4 c6d4	1358	0g191o
Dc3lq	5r1k/6Rp/p1r1bp2/2qn3N/8/6Q1/P1p2PPP/4R1K1 w - - 0 31	g7h7 h8h7 g3g7	1358	051315191n1o
De0pR	r2q1rk1/pb2b1p1/1p2p2P/3pN3/3P2p1/2PB3R/PP5P/R1B3K1 w - - 0 19	h6h7 g8h8 e5g6	1358	000y1315191o
H7f5Q	4r2k/1p3rpP/p1p1qpQP/3p1b2/PP1P1P2/2P1P3/3K4/R5R1 w - - 1 30	h6g7 f7g7 g6g7	1358	000y1315191o
HOoIX	3Q4/pp3k2/7p/2p5/2Pb1Pqp/6N1/PP2R1K1/5R2 b - - 0 34	g4g3 g2h1 g3h3 e2h2 h3f1	1358	0p0r0s101316
IEt93	1rb2r2/p5k1/5q2/3B1pp1/2PQ2n1/P5P1/5P1P/R4RK1 w - - 1 25	d4a7 c8d7 a7d7	1358	010s191o
Jy62q	5rk1/p4p1p/5p2/6N1/8/6QP/q5P1/7K w - - 0 25	g5e6 g8h8 g3g7	1358	0j0k0p13151o
KNuON	r4r2/2q1kPQ1/p3p2p/2bp4/8/1bP1R1P1/PP5P/5RK1 w - - 1 24	g7f6 e7d7 f6e6 d7d8 e6e8 f8e8 f7e8q	1358	001317191h1w
LG0CP	1k1r3r/1p2qp2/p1np1n1p/3p1Bp1/3P4/PQN1P3/1P3PPP/R3K2R b KQ - 2 17	c6d4 b3d1 d4f5	1358	0g191g1o
MD7uw	rn2kbnr/1b1p1ppp/1p2p3/pBp3q1/P7/NP2PP2/2PP2PP/R1BQK1NR b KQkq - 0 8	g5g2 d1e2 g2h1	1358	0g1c1g1o1t
NLSyB	8/8/p1k5/bpp2p1r/4pK2/2P1N2P/PP3P2/3R3R b - - 7 32	a5c7 d1d6 c7d6	1358	0p13151o
NWXDv	8/R1nk1pR1/1p1p3p/2pP3P/2P4K/P7/1P6/5r2 b - - 5 40	f1h1 h4g4 h1g1 g4f3 g1g7	1358	010p101p
NYRvJ	5rk1/p1N2ppp/1b6/3Q1b2/2B3q1/8/PP4PP/K2R4 w - - 3 22	d5f7 f8f7 d1d8	1358	0d1315191g1n1o
OEvlp	r5r1/ppp2p1k/1bnp1q1p/6PP/2BPPpQ1/2P2P2/PP1N4/R3K1R1 b Q - 0 21	g8g5 g4g5 h6g5	1358	0g191o
PogOL	r1b1r1k1/pp1n1pp1/2p4p/3p4/3Pn2B/2qBP2P/P1QN1PP1/R4RK1 w - - 0 15	d3e4 c3c2 e4c2	1358	01191o
QyvuG	r4rk1/p1pn1p2/1p5p/6p1/1P1P4/PqN1P3/3K1PQ1/R5R1 w - - 0 26	g2g5 h6g5 g1g5 g8h7 a1h1	1358	0y101316191n
Recrd	6k1/1pp3p1/6Q1/1p6/1P2p2P/P4nPK/5q2/3RR3 b - - 0 32	f2h2 h3g4 f3e5 g4h5 e5g6 h5g6 h2g3	1358	01050b0p0s1w
SiD1h	Q7/2pk2r1/p2p2q1/3Bp3/2P5/1P4P1/7K/5R2 b - - 0 37	g6g3 h2h1 g7h7	1358	0p13151o
TlKGW	8/pp2k2p/4b3/5r2/3B4/8/PP3P1P/R5K1 b - - 2 28	f5g5 g1f1 e6c4 f1e1 g5g1 e1d2 g1a1	1358	010p1p1w
Vqo0y	5k2/2p3bp/2b1p1p1/p4pN1/2P2q2/1P3B1P/P5P1/3R3K w - - 0 31	g5e6 f8e7 e6f4	1358	0g0p0s1o
WO4ir	3r1k2/4Rpp1/1pp4p/3B4/2Pn4/P6P/3r1PP1/4R1K1 w - - 0 28	e7f7 f8g8 f7d7	1358	0g0j0k0p1o
WRwln	r2q1rk1/ppp1pp1p/6p1/8/3bB1b1/1P3N2/P1P2PPP/R2Q1RK1 w - - 0 13	d1d4 d8d4 f3d4	1358	01191o
XETSJ	rnbk3r/pppp2pp/8/2b5/2Bq4/8/PPP1QnPP/RNB1R1K1 w - - 0 13	c1g5 d4f6 g5f6	1358	0g1c1o
XhKy6	8/2R2R2/p2kpp2/1p6/7r/1P1PK3/P6r/8 w - - 0 32	f7d7 d6e5 c7c5	1358	0p13151m1o
Y0u6d	r4rk1/3b2pp/4pn2/1p6/8/2P1P1P1/pqB1QPP1/2RR2K1 w - - 0 27	c2h7 f6h7 e2b2	1358	010j191o
Z7zKG	5r1k/5Bp1/p5p1/1p2r1q1/8/PQ5P/1P3PP1/5RK1 w - - 3 28	f2f4 g5e7 f4e5	1358	0g0p0s1o
aM2oO	r2q1bnr/1pp1k1pp/p7/n2Pp2Q/P1p5/2N1P3/1P3PPP/R1B1K2R w KQ - 2 12	h5e5 e7f7 e5e6	1358	0n13151c1o
aWoPI	r3r1k1/p4pp1/5q1p/1pp5/3p1b1n/P2P1Q1N/BPP2P1P/1K1R3R w - - 2 20	f3f4 f6f4 h3f4	1358	01191o
b4BAg	7k/5p1p/n3qNp1/1Pb1P3/P4P2/6PP/2R1Q3/7K b - - 0 47	e6h3 e2h2 h3f1 h2g1 f1g1	1358	0p0r101316
dF5RX	5rk1/p4pp1/1p1P3p/4P3/4nq2/P4B2/1Q4PP/2R3K1 b - - 0 26	f4e3 g1f1 e4d2 b2d2 e3d2	1358	0g0p10
ePskI	2r5/2qk1p2/3p4/pr2p1p1/4P3/3P2PP/R1p5/2Q2RK1 w - - 0 29	f1f7 d7e8 f7c7 c8c7 a2c2 c7c2 c1c2	1358	010p1p1w
ek34u	2kr1bQ1/ppp5/8/5p1p/5p2/P2q1P2/1P1N2PP/R3R1K1 b - - 0 22	f8c5 g1h1 d8g8	1358	0g0j191o
ewDTR	5R2/pp4k1/2pqr3/2Q5/2n1P1rP/2P3P1/P1P1K3/5R2 w - - 3 29	f1f7 g7h6 f8h8 h6g6 c5f5	1358	0r10131619
fuCrC	3q1rk1/6pp/B2p4/P2Np3/1P1nP3/5P2/2r4P/R2Q1RK1 b - - 0 24	d8g5 g1h1 g5g2	1358	0y1315191o
gXC5U	r2q1rk1/1pp2ppp/1p1pbn2/4p1N1/1P1nP3/P1PP3P/3B1PP1/R2QKB1R b KQ - 0 12	e6b3 d1c1 d4c2	1358	0g191o
gtSYy	5B1k/2qn3r/p3Q3/1p1p4/3P2P1/2P3n1/PP4P1/R3R1K1 b - - 0 30	h7h1 g1f2 c7f4	1358	1315191o
guY3M	2k5/1q2bpp1/p4n1p/1p1rp3/8/P6P/1PP1BQP1/3R1RK1 b - - 1 21	e7c5 f2c5 d5c5	1358	0g191g1o
h0gEG	2bk1r2/2p4p/2Q1p1p1/BN1pP3/P2Pp2b/4P2P/2P2qPK/R7 b - - 8 27	h4g3 h2h1 f2f1 a1f1 f8f1	1358	101316191f1n
hErSm	r1b2r1k/pp5p/2p1p3/3qb3/6R1/2PQ3P/PPK1B3/6R1 w - - 0 24	d3h7 h8h7 g4h4	1358	050y1315191n1o
hlHLE	r2qk1r1/2p1nR1Q/pp1p3B/3Pn3/2P1P2P/P1N3P1/1P6/6K1 w q - 1 21	f7e7 d8e7 h7g8 e8d7 g8a8	1358	0g0r10191p
i7PVo	6k1/1prbppbp/3p1np1/3P4/Pp2P3/1P1B3P/3NNPP1/2R3K1 b - - 2 23	c7c1 e2c1 g7h6 d2c4 h6c1	1358	011019
j906T	3k4/1pp5/8/3P3p/PP6/4Rpb1/2P2Br1/5K2 w - - 2 33	e3f3 g2f2 f3f2	1358	010p1o
lXC5S	rnbqkbnr/1p3pp1/p3p2p/4N3/2B5/2p5/PPP2PPP/R1BQ1RK1 w kq - 0 9	d1d8 e8d8 e5f7 d8e7 f7h8	1358	01050s101c
nSj2h	r1bq1rk1/pp2bppp/3p1n2/2B5/4P3/2N2Q2/PPP2PPP/2KR1B1R b - - 0 12	c8g4 f3g3 g4d1	1358	011c1o1p
nekFg	2k3rr/ppp4q/3b1p2/2p1p1pn/4P1N1/1P1P1PP1/PBPN1QK1/R4R2 b - - 2 19	h5f4 g3f4 h7h3 g2g1 h3h1	1358	0d101316191n
q5QjV	2kr4/pp4b1/2p1p2p/2P2p2/q7/P2NBQ2/1P4P1/2KR4 b - - 0 27	a4c4 c1b1 d8d3 d1d3 c4d3	1358	0g101112191k
qSq7D	4b1k1/pp2p2p/1q2P1p1/3r4/8/1PQ1P3/P5PP/5RK1 w - - 0 26	f1f8 g8f8 c3h8	1358	050p13151n1o
tWTtq	r2qr1k1/1b1p1ppp/p3p3/1p3P2/2nNP3/B1P3Q1/P5PP/1R3RK1 w - - 3 19	f5f6 d8f6 f1f6	1358	0g191g1o
xXwjd	r4rk1/ppp2ppp/3b1B2/8/5P2/1PN1P2q/P1PPb2P/2K3R1 w - - 0 16	g1g7 g8h8 g7g1	1358	0j0k0y1315191a1o
xZSRV	r1b2r1k/pp2Qp2/4qN1b/4pp2/4P3/6R1/PPP3PP/R5K1 w - - 4 22	e7f8 h6f8 g3g8	1358	030y1315191n1o
xat4X	r1q2rk1/1p3p1p/p3b1p1/2pPR3/8/3P1QP1/PP3PBP/3R2K1 b - - 0 20	e6g4 f3f4 g4d1	1358	0g191o1p
yA6iL	7r/1p1k4/p1n2qQ1/4pP2/2RbP3/BP1P4/6PP/5R1K b - - 0 28	h8h2 h1h2 f6h4	1358	051315191n1o
yNaIP	r5k1/p5pp/1pq2p2/8/3Q4/6P1/PP3P1P/4RK2 b - - 0 28	c6h1 f1e2 a8e8	1358	0g0p1o
zN7D6	1n4r1/pkr3b1/4N3/1P3p2/4n3/4P1Pp/4B2B/2R3K1 w - - 0 33	c1c7 b7b6 c7g7 g8g7 e6g7	1358	011019
zSQbv	r1bqkb1r/pp2pp1p/2n3p1/1B6/3pQ3/3P4/PPP2PPP/R1B1K1NR b KQkq - 0 9	d8a5 c1d2 a5b5	1358	0g0s1c1o
0iaDP	r1b1kb2/pp3pp1/2n1pn2/2pp2N1/P7/3PP2q/1PP1BP1P/R1BQK2R b KQq - 8 15	h3g2 e2f3 g2g5	1359	010s11191o
2fwHg	2r3k1/7p/8/5RP1/1pp5/6P1/PP5P/5K2 b - - 0 33	c4c3 b2c3 b4c3 f1g2 c3c2	1359	000g0p101m
2nw3k	5r1k/3q3r/1PR3Q1/p1p5/P3B3/7P/1P3bP1/4R2K b - - 1 36	h7h3 g2h3 d7h3	1359	1315191n1o
3D96m	3r2k1/2Q2ppp/1p2p3/2b5/5B2/2P2qP1/PP3P1P/5RK1 b - - 2 23	c5f2 f1f2 d8d1 f2f1 f3f1	1359	0p1013161n
3EEGO	1rb2rk1/1ppq1pp1/2n2n2/p5p1/3p1P1Q/P2B3P/1PP3P1/R1B1R1K1 w - - 0 18	f4g5 f6h5 h4h5	1359	01191o
5DCC5	R1r5/2k5/8/8/8/R4P1p/1r6/5K2 w - - 3 41	a3c3 c7d6 a8c8	1359	0g0i0p1m1o
69lTc	r4rk1/p1p2ppp/2P5/2n1p3/1qP5/P2P1Q1P/5PP1/RN3RK1 b - - 0 15	b4b2 b1d2 b2d2	1359	01191o
6GEgE	r1b1kb1r/2p1q1pp/p4p2/2ppN3/8/2PP4/P1P1QPPP/R1B2RK1 w kq - 0 12	e2h5 g7g6 e5g6 h7g6 h5h8	1359	011019
6MuGS	8/6pk/p4pbp/q7/8/8/Br3PPP/Q3R1K1 w - - 2 41	a2g8 h7g8 a1a5	1359	010j0p1o
6WZFB	8/8/p5p1/Pp3pP1/2kB1KbP/2P5/8/8 b - - 12 64	b5b4 c3b4 c4d4	1359	080g0i0p1o
6noVD	r1b2rk1/4bppp/p4n2/1p1Np1N1/4P3/4B2P/PPq2PP1/R2R2K1 w - - 0 17	d5e7 g8h8 g5f7 f8f7 d1d8 f6e8 d8e8 f7f8 e8f8	1359	060t1318191w
6pOGL	r5k1/pp3p1p/n1pb4/8/3Pq2P/PB3Q2/1PP1rPP1/2KR3R w - - 3 22	f3f7 g8h8 f7f6	1359	0y1315191o
6z1K2	2qr1rk1/p4pp1/2p2n1p/1pN1n3/1P1pP3/P2B3P/2PBQP2/R3R1K1 b - - 0 20	c8h3 f2f4 e5f3 e2f3 h3f3	1359	010s1019
8BGh2	8/8/R7/5k1p/6p1/3r3P/6PK/8 b - - 3 60	g4g3 h2g1 d3d1	1359	0p13151m1o
9AA6T	r5k1/1pq2ppp/2p5/p2p1PN1/P2P1n1P/2P2P2/1P2rB2/R1Q2K1R b - - 2 23	e2f2 f1f2 f4d3 f2g2 d3c1	1359	01050r0s1011191n
